basic_hotelNo,basic_hotelName,basic_hotelInformationUrl,basic_planListUrl,basic_dpPlanListUrl,basic_reviewUrl,basic_hotelKanaName,basic_hotelSpecial,basic_hotelMinCharge,basic_latitude,basic_longitude,basic_postalCode,basic_address1,basic_address2,basic_telephoneNo,basic_faxNo,basic_access,basic_parkingInformation,basic_nearestStation,basic_hotelImageUrl,basic_hotelThumbnailUrl,basic_roomImageUrl,basic_roomThumbnailUrl,basic_hotelMapImageUrl,basic_reviewCount,basic_reviewAverage,basic_userReview,room_roomClass,room_roomName,room_planId,room_planName,room_pointRate,room_withDinnerFlag,room_dinnerSelectFlag,room_withBreakfastFlag,room_breakfastSelectFlag,room_payment,room_reserveUrl,room_salesformFlag,charge_stayDate,charge_rakutenCharge,charge_total,charge_chargeFlag,date,area
3101,久留米ステーションホテル,https://img.travel.rakuten.co.jp/image/tr/api/re/pvonD/?f_no=3101,https://img.travel.rakuten.co.jp/image/tr/api/re/vFumt/?f_no=3101&f_flg=PLAN,https://img.travel.rakuten.co.jp/image/tr/api/re/WzozX/?noTomariHotel=3101,https://img.travel.rakuten.co.jp/image/tr/api/re/gJNfM/?f_hotel_no=3101,くるめ　すてーしょんほてる,JR久留米駅前アクセス良好、駐車場無料（先着40台）,3800,119938.37,469819.09,830-0023,福岡県,久留米市中央町2-14,0942-36-1122,0942-36-0459,JR久留米駅前アクセス良好！（JR久留米駅東口から徒歩１分）,有り　４０台　無料（先着順）,久留米,https://img.travel.rakuten.co.jp/share/HOTEL/3101/3101.jpg,https://img.travel.rakuten.co.jp/HIMG/90/3101.jpg,https://img.travel.rakuten.co.jp/share/HOTEL/3101/3101_room.jpg,https://img.travel.rakuten.co.jp/HIMG/INTERIOR/3101.jpg,https://img.travel.rakuten.co.jp/share/HOTEL/3101/3101map.gif,1586.0,3.9,,d-02,禁煙デラックスツイン,1802993.0,【室数限定】　DXツイン】♪JR久留米駅徒歩１分♪駐車場無料♪（先着順）,1,0,0,0,0,1,https://img.travel.rakuten.co.jp/image/tr/api/re/IdsCY/?f_no=3101&f_syu=d-02&f_hi1=2026-10-17&f_hi2=2026-10-18&f_heya_su=1&f_otona_su=1&f_s1=0&f_s2=0&f_y1=0&f_y2=0&f_y3=0&f_y4=0&f_camp_id=1802993,0,2026-10-17,21400,21400,0,2026-10-17,kurume
172633,グリーンリッチホテル久留米　天然温泉・有馬六ツ門の湯,https://img.travel.rakuten.co.jp/image/tr/api/re/pvonD/?f_no=172633,https://img.travel.rakuten.co.jp/image/tr/api/re/vFumt/?f_no=172633&f_flg=PLAN,https://img.travel.rakuten.co.jp/image/tr/api/re/WzozX/?noTomariHotel=172633,https://img.travel.rakuten.co.jp/image/tr/api/re/gJNfM/?f_hotel_no=172633,ぐりーんりっちほてるくるめ　,久留米唯一の天然温泉大浴場完備のデザイナーズホテル　酸素ルーム有り　好評！朝食バイキング,4000,119926.87,469857.01,830-0017,福岡県,久留米市日吉町18-1,0942-39-3000,0942-46-3300,●西鉄久留米駅より車で3分、JR久留米駅より車で3分●福岡空港連絡バス停「六ツ門」徒歩3分●,"有　車高制限：185cm　１泊1,200円■先着順■満車時は近隣のコインパーキングをご案内します。",久留米,https://img.travel.rakuten.co.jp/share/HOTEL/172633/172633.jpg,https://img.travel.rakuten.co.jp/HIMG/90/172633.jpg,https://img.travel.rakuten.co.jp/share/HOTEL/172633/172633_kan1.jpg,https://img.travel.rakuten.co.jp/HIMG/INTERIOR/172633.jpg,https://img.travel.rakuten.co.jp/share/HOTEL/172633/172633map.gif,989.0,4.21,"お部屋がゆったりスペースがとられていて、きれいで過ごしやすかったです。２日目の観光から戻り、エアコンを付けるとコンコンと音が鳴り始めたためフロントの方へ連絡させて頂きました。すぐに部屋交換をして頂き静…　2026-09-25 19:33:30投稿 <a href=""https://img.travel.rakuten.co.jp/image/tr/api/re/gJNfM/?f_hotel_no=172633"" class=""3click"">つづきはこちら</a>",s,【喫煙】シングル,4399303.0,【素泊まり】シンプルステイ,1,0,0,0,0,1,https://img.travel.rakuten.co.jp/image/tr/api/re/IdsCY/?f_no=172633&f_syu=s&f_hi1=2026-10-17&f_hi2=2026-10-18&f_heya_su=1&f_otona_su=1&f_s1=0&f_s2=0&f_y1=0&f_y2=0&f_y3=0&f_y4=0&f_camp_id=4399303,0,2026-10-17,18500,18500,0,2026-10-17,kurume
184523,備長炭の湯　ホテル久留米ヒルズ（ＢＢＨホテルグループ）,https://img.travel.rakuten.co.jp/image/tr/api/re/pvonD/?f_no=184523,https://img.travel.rakuten.co.jp/image/tr/api/re/vFumt/?f_no=184523&f_flg=PLAN,https://img.travel.rakuten.co.jp/image/tr/api/re/WzozX/?noTomariHotel=184523,https://img.travel.rakuten.co.jp/image/tr/api/re/gJNfM/?f_hotel_no=184523,びんちょうたんのゆ　ほてるくるめひるず（びーびーえいちほてるぐるーぷ）,無料朝食バイキング＆無料駐車場（先着15台）でビジネス・観光へのアクセス抜群【全国多数舗展開中のBBHホテルグループ】,3700,119905.38,469861.08,830-0031,福岡県,久留米市六ツ門町15-3,050-1725-6457,0942-64-8887,西鉄久留米駅から徒歩8分、久留米インターから車で15分,有り　15台　無料 (先着順･予約不可）,西鉄久留米,https://img.travel.rakuten.co.jp/share/HOTEL/184523/184523.jpg,https://img.travel.rakuten.co.jp/HIMG/90/184523.jpg,,,https://img.travel.rakuten.co.jp/share/HOTEL/184523/184523map.gif,735.0,3.62,"急な宿泊でした。が、何とか部屋が、確保できました。男性受け付けの方が、丁寧な対応で、感謝😊夜紹介して頂いた焼き鳥🐦良かったです😊又朝食🍞も美味しく頂きました😋無料でしたが、愛情たっぷりな味でした😋久留…　2026-10-04 08:56:31投稿 <a href=""https://img.travel.rakuten.co.jp/image/tr/api/re/gJNfM/?f_hotel_no=184523"" class=""3click"">つづきはこちら</a>",ssingle,◆喫煙シングルルーム◆12平米／140センチ幅ダブルベッド,5543190.0,【BBHグループ160店舗記念】　【男女入替制大浴場あり】　無料朝食バイキング付きプラン,1,0,0,1,0,1,https://img.travel.rakuten.co.jp/image/tr/api/re/IdsCY/?f_no=184523&f_syu=ssingle&f_hi1=2026-10-17&f_hi2=2026-10-18&f_heya_su=1&f_otona_su=1&f_s1=0&f_s2=0&f_y1=0&f_y2=0&f_y3=0&f_y4=0&f_camp_id=5543190,0,2026-10-17,15000,15000,0,2026-10-17,kurume
1373,ホテルニュープラザ久留米,https://img.travel.rakuten.co.jp/image/tr/api/re/pvonD/?f_no=1373,https://img.travel.rakuten.co.jp/image/tr/api/re/vFumt/?f_no=1373&f_flg=PLAN,https://img.travel.rakuten.co.jp/image/tr/api/re/WzozX/?noTomariHotel=1373,https://img.travel.rakuten.co.jp/image/tr/api/re/gJNfM/?f_hotel_no=1373,にゅーぷらざくるめ,西鉄久留米駅より徒歩7分、駐車スペースは200台、ビジネスからファミリーまで多様なお部屋タイプをご準備しております。,3500,119906.11,469864.36,830-0031,福岡県,久留米市六ッ門町16-1,0942-33-0010,0942-38-6583,西鉄久留米駅から徒歩7分。JR久留米駅から車で5分。広又バス停まで徒歩２分,普通車200台　 550円（税込/泊）　/　大型車（バス･トラック）は事前にホテルへご確認下さい,久留米,https://img.travel.rakuten.co.jp/share/HOTEL/1373/1373.jpg,https://img.travel.rakuten.co.jp/HIMG/90/1373.jpg,https://img.travel.rakuten.co.jp/share/HOTEL/1373/1373_sgl.jpg,https://img.travel.rakuten.co.jp/HIMG/INTERIOR/1373.jpg,https://img.travel.rakuten.co.jp/share/HOTEL/1373/1373map.gif,2614.0,3.66,,sbws,【喫煙】シングル 広々24平米,5798530.0,【オンラインカード決済限定】注意事項をご確認の上ご予約下さい。宿泊税別,1,0,0,0,0,2,https://img.travel.rakuten.co.jp/image/tr/api/re/IdsCY/?f_no=1373&f_syu=sbws&f_hi1=2026-10-17&f_hi2=2026-10-18&f_heya_su=1&f_otona_su=1&f_s1=0&f_s2=0&f_y1=0&f_y2=0&f_y3=0&f_y4=0&f_camp_id=5798530,0,2026-10-17,8700,8700,0,2026-10-17,kurume
178227,ザ・セレクトン久留米,https://img.travel.rakuten.co.jp/image/tr/api/re/pvonD/?f_no=178227,https://img.travel.rakuten.co.jp/image/tr/api/re/vFumt/?f_no=178227&f_flg=PLAN,https://img.travel.rakuten.co.jp/image/tr/api/re/WzozX/?noTomariHotel=178227,https://img.travel.rakuten.co.jp/image/tr/api/re/gJNfM/?f_hotel_no=178227,ざ　せれくとん　くるめ,西鉄久留米駅より徒歩7分と福岡市内からのアクセス便利★男女別大浴場あり★全室禁煙＆Bluetoothスピーカー完備で快適,3460,119906.32,469859.98,830-0031,福岡県,久留米市六ツ門町17-30,0942-40-5020,0942-27-8641,●西鉄久留米駅より徒歩約7分 ●JR久留米駅より車で約5分 ●西鉄バス「六ッ門・シティプラザ前」バス停より徒歩約5分,駐車台数に限りがございます（5台）※満車時は近隣コインパーキングをご案内しております。（提携なし）,西鉄久留米,https://img.travel.rakuten.co.jp/share/HOTEL/178227/178227.jpg,https://img.travel.rakuten.co.jp/HIMG/90/178227.jpg,,,https://img.travel.rakuten.co.jp/share/HOTEL/178227/178227map.gif,645.0,3.9,"皆さんのコメントを拝見し、予め冷蔵庫を予約しておきました。(電話で)予約出来たのは助かったのですが、チェックインしてみるとそれらしきモノがない？！フロントで伝えると部屋まで運んでくださいました。部屋か…　2026-10-07 19:11:22投稿 <a href=""https://img.travel.rakuten.co.jp/image/tr/api/re/gJNfM/?f_hotel_no=178227"" class=""3click"">つづきはこちら</a>",db2,デラックスダブル（禁煙）,6593516.0,【期間限定】素泊まり 久留米グループホテル1周年記念 無料夕食あり！Wi-Fi＆男女別大浴場完備! ,1,0,0,0,0,1,https://img.travel.rakuten.co.jp/image/tr/api/re/IdsCY/?f_no=178227&f_syu=db2&f_hi1=2026-10-17&f_hi2=2026-10-18&f_heya_su=1&f_otona_su=1&f_s1=0&f_s2=0&f_y1=0&f_y2=0&f_y3=0&f_y4=0&f_camp_id=6593516,0,2026-10-17,21185,21185,0,2026-10-17,kurume
8746,エンナンホテル　久留米,https://img.travel.rakuten.co.jp/image/tr/api/re/pvonD/?f_no=8746,https://img.travel.rakuten.co.jp/image/tr/api/re/vFumt/?f_no=8746&f_flg=PLAN,https://img.travel.rakuten.co.jp/image/tr/api/re/WzozX/?noTomariHotel=8746,https://img.travel.rakuten.co.jp/image/tr/api/re/gJNfM/?f_hotel_no=8746,えんなんほてる　くるめ,西鉄久留米駅徒歩2分/デュベスタイル/チェックアウト11時/wifi・有線LAN完備/VOD無料/ウォシュレット完備,4090,119909.79,469877.0,830-0032,福岡県,久留米市東町29-10,0942-38-3811,0942-38-3818,西鉄久留米駅から徒歩2分、JR久留米駅から車にて5分、久留米ICから車で10分、福岡空港から西鉄高速バス(直通)45分。,●1台（普通車サイズ）で第一駐車場1泊900円、第二駐車場1泊600円です。（先着順：予約不可）,西鉄久留米,https://img.travel.rakuten.co.jp/share/HOTEL/8746/8746.jpg,https://img.travel.rakuten.co.jp/HIMG/90/8746.jpg,https://img.travel.rakuten.co.jp/share/HOTEL/8746/8746_si.jpg,https://img.travel.rakuten.co.jp/HIMG/INTERIOR/8746.jpg,https://img.travel.rakuten.co.jp/share/HOTEL/8746/8746map.gif,3389.0,3.54,,0711dsn,【禁煙】シングルルーム/14平米/ダブルベット,1872628.0,【素泊まり】西鉄久留米駅から徒歩3分★Wベッド★VOD見放題★大浴場・軟水風呂,1,0,0,0,0,1,https://img.travel.rakuten.co.jp/image/tr/api/re/IdsCY/?f_no=8746&f_syu=0711dsn&f_hi1=2026-10-17&f_hi2=2026-10-18&f_heya_su=1&f_otona_su=1&f_s1=0&f_s2=0&f_y1=0&f_y2=0&f_y3=0&f_y4=0&f_camp_id=1872628,0,2026-10-17,13370,13370,0,2026-10-17,kurume
196704,いやし処ほてる寛楽　久留米駅前,https://img.travel.rakuten.co.jp/image/tr/api/re/pvonD/?f_no=196704,https://img.travel.rakuten.co.jp/image/tr/api/re/vFumt/?f_no=196704&f_flg=PLAN,https://img.travel.rakuten.co.jp/image/tr/api/re/WzozX/?noTomariHotel=196704,https://img.travel.rakuten.co.jp/image/tr/api/re/gJNfM/?f_hotel_no=196704,いやしどころほてる かんらく くるめえきまえ,日本を感じる「和」の雰囲気と「洋」の快適さを持ち お客様に「寛ぎ」と「楽しさ」をお届けします。,3760,119923.14,469881.24,830-0018,福岡県,久留米市通町108-4,0942-48-3388,0942-48-3308,西鉄久留米駅より車で4分　徒歩7分,なし,西鉄久留米,https://img.travel.rakuten.co.jp/share/HOTEL/196704/196704.jpg,https://img.travel.rakuten.co.jp/HIMG/90/196704.jpg,,,https://img.travel.rakuten.co.jp/share/HOTEL/196704/196704map.gif,183.0,4.13,"朝食も混んでなく、ゆっくり食べることができました　2026-10-04 20:54:25投稿 <a href=""https://img.travel.rakuten.co.jp/image/tr/api/re/gJNfM/?f_hotel_no=196704"" class=""3click"">つづきはこちら</a>",stdouble,スタンダードダブル,6570430.0,【期間限定】開業1周年記念プラン 素泊まり 無料夕食あり★Wi-Fi完備＆男女別大浴場で快適ステイ♪,1,0,0,0,0,1,https://img.travel.rakuten.co.jp/image/tr/api/re/IdsCY/?f_no=196704&f_syu=stdouble&f_hi1=2026-10-17&f_hi2=2026-10-18&f_heya_su=1&f_otona_su=1&f_s1=0&f_s2=0&f_y1=0&f_y2=0&f_y3=0&f_y4=0&f_camp_id=6570430,0,2026-10-17,22040,22040,0,2026-10-17,kurume
68074,久留米ホテルエスプリ,https://img.travel.rakuten.co.jp/image/tr/api/re/pvonD/?f_no=68074,https://img.travel.rakuten.co.jp/image/tr/api/re/vFumt/?f_no=68074&f_flg=PLAN,https://img.travel.rakuten.co.jp/image/tr/api/re/WzozX/?noTomariHotel=68074,https://img.travel.rakuten.co.jp/image/tr/api/re/gJNfM/?f_hotel_no=68074,くるめほてるえすぷり,西鉄久留米駅は目の前！21.60㎡～の広いお部屋とベッドが自慢♪駐車場＆会議室完備☆,2600,119909.11,469879.48,830-0032,福岡県,久留米市東町339,0942-31-1300,0942-31-1333,西鉄久留米駅から徒歩１分。JR久留米駅より車で5分。天神から電車で約30分。福岡空港より高速バスで約４５分,"有り　15台　1,000円（税込み／泊）　先着順　※提携駐車場も有り",西鉄久留米,https://img.travel.rakuten.co.jp/share/HOTEL/68074/68074.jpg,https://img.travel.rakuten.co.jp/HIMG/90/68074.jpg,https://img.travel.rakuten.co.jp/share/HOTEL/68074/68074_k1.jpg,https://img.travel.rakuten.co.jp/HIMG/INTERIOR/68074.jpg,https://img.travel.rakuten.co.jp/share/HOTEL/68074/68074map.gif,1377.0,3.93,"喫煙が肩身が狭くなってご時世に喫煙室はホントにありがたいです！　2026-10-03 22:49:14投稿 <a href=""https://img.travel.rakuten.co.jp/image/tr/api/re/gJNfM/?f_hotel_no=68074"" class=""3click"">つづきはこちら</a>",s,Espritクイーンルーム◆喫煙（旧エグゼクティブシングル),4524204.0,【広さと言えば！】Esprit特典なしプラン♪＜素泊まり＞,1,0,0,0,0,1,https://img.travel.rakuten.co.jp/image/tr/api/re/IdsCY/?f_no=68074&f_syu=s&f_hi1=2026-10-17&f_hi2=2026-10-18&f_heya_su=1&f_otona_su=1&f_s1=0&f_s2=0&f_y1=0&f_y2=0&f_y3=0&f_y4=0&f_camp_id=4524204,0,2026-10-17,16000,16000,0,2026-10-17,kurume
39624,萃香園ホテル,https://img.travel.rakuten.co.jp/image/tr/api/re/pvonD/?f_no=39624,https://img.travel.rakuten.co.jp/image/tr/api/re/vFumt/?f_no=39624&f_flg=PLAN,https://img.travel.rakuten.co.jp/image/tr/api/re/WzozX/?noTomariHotel=39624,https://img.travel.rakuten.co.jp/image/tr/api/re/gJNfM/?f_hotel_no=39624,すいこうえん　ほてる,四季折々の姿を見せる日本庭園が彩る癒しと安らぎの空間・・・,4800,119942.89,469859.41,830-0013,福岡県,久留米市櫛原町87,0942-35-5351,0942-35-5356,ＪＲ 久留米駅・西鉄 久留米駅双方よりお車で5分／高速道路久留米I.C.よりお車で約10分,60台有(無料）：必ずご準備いたしますので、スタッフにお問い合わせください。,久留米,https://img.travel.rakuten.co.jp/share/HOTEL/39624/39624.jpg,https://img.travel.rakuten.co.jp/HIMG/90/39624.jpg,https://img.travel.rakuten.co.jp/share/HOTEL/39624/39624_room.jpg,https://img.travel.rakuten.co.jp/HIMG/INTERIOR/39624.jpg,https://img.travel.rakuten.co.jp/share/HOTEL/39624/39624map.gif,315.0,4.49,"立地はJR、西鉄どちらの駅から離れており、歩けますがちょっと大変です。荷物がある場合はタクシーの方がよいと感じま…　2026-09-29 23:47:08投稿 <a href=""https://img.travel.rakuten.co.jp/image/tr/api/re/gJNfM/?f_hotel_no=39624"" class=""3click"">つづきはこちら</a>",dtp,デラックスツイン【禁煙】,6109685.0,萃香園ホテル【素泊まり】プラン,1,0,0,0,0,1,https://img.travel.rakuten.co.jp/image/tr/api/re/IdsCY/?f_no=39624&f_syu=dtp&f_hi1=2026-10-17&f_hi2=2026-10-18&f_heya_su=1&f_otona_su=1&f_s1=0&f_s2=0&f_y1=0&f_y2=0&f_y3=0&f_y4=0&f_camp_id=6109685,0,2026-10-17,30600,30600,0,2026-10-17,kurume
198682,ＨＯＴＥＬ　Ｒ９　Ｔｈｅ　Ｙａｒｄ　大刀洗,https://img.travel.rakuten.co.jp/image/tr/api/re/pvonD/?f_no=198682,https://img.travel.rakuten.co.jp/image/tr/api/re/vFumt/?f_no=198682&f_flg=PLAN,https://img.travel.rakuten.co.jp/image/tr/api/re/WzozX/?noTomariHotel=198682,https://img.travel.rakuten.co.jp/image/tr/api/re/gJNfM/?f_hotel_no=198682,ほてる あーるないん ざ やーど たちあらい,筑後小郡ICより車で4分！大刀洗町への出張や観光の拠点に！カレーなど軽食サービス付,4300,120233.11,470147.2,830-1224,福岡県,三井郡大刀洗町鵜木1440-1,0942-48-6235,0942-48-6236,【電車】甘木鉄道今隈駅より徒歩6分。【お車】筑後小郡ICより車で4分。,無料 有り 60台※大型車（2トントラック以上）をご利用の際は、事前にお電話でお問い合わせください。,西鉄小郡,https://img.travel.rakuten.co.jp/share/HOTEL/198682/198682.jpg,https://img.travel.rakuten.co.jp/HIMG/90/198682.jpg,,,https://img.travel.rakuten.co.jp/share/HOTEL/198682/198682map.gif,105.0,4.27,"コンテナホテルは初めて利用しましたが、二人利用でも問題ない広さでした。すぐ隣に２４時間スーパーがあるので、買い出しも困りません。朝食は冷凍弁当５～６種の中から選べます。カレー・ピラフ・マーボーナスなど…　2026-09-27 10:19:29投稿 <a href=""https://img.travel.rakuten.co.jp/image/tr/api/re/gJNfM/?f_hotel_no=198682"" class=""3click"">つづきはこちら</a>",double,【禁煙】ダブルルーム （約13平米/最大2名様）,6424891.0,【モニタープラン】室数限定！口コミ投稿でお得にステイ★軽食＆ホットドリンク付【駐車場至近＆無料】,7,0,0,0,0,1,https://img.travel.rakuten.co.jp/image/tr/api/re/IdsCY/?f_no=198682&f_syu=double&f_hi1=2026-10-17&f_hi2=2026-10-18&f_heya_su=1&f_otona_su=1&f_s1=0&f_s2=0&f_y1=0&f_y2=0&f_y3=0&f_y4=0&f_camp_id=6424891,0,2026-10-17,15100,15100,0,2026-10-17,kurume
8080,ビジネスイン・シーガル,https://img.travel.rakuten.co.jp/image/tr/api/re/pvonD/?f_no=8080,https://img.travel.rakuten.co.jp/image/tr/api/re/vFumt/?f_no=8080&f_flg=PLAN,https://img.travel.rakuten.co.jp/image/tr/api/re/WzozX/?noTomariHotel=8080,https://img.travel.rakuten.co.jp/image/tr/api/re/gJNfM/?f_hotel_no=8080,びじねすいん・しーがる,久留米市花畑の静かでシンプルなホテル。客室無料LAN、フリーWi-Fi。長期は特にオトク。大型コインランドリー付帯。,4000,119895.68,469856.04,830-0039,福岡県,久留米市花畑 1-1-4,0942-38-4111,0942-32-7500,福岡天神から特急で直30分、JR久留米駅より車で5分、西鉄花畑駅より徒歩3分、久留米インターより車で15分、駐車場無料,無料：15台　先着順*満車の場合は近隣有料駐車場のご案内(500円/日前後)。大型車は別途ご相談。,久留米,https://img.travel.rakuten.co.jp/share/HOTEL/8080/8080.jpg,https://img.travel.rakuten.co.jp/HIMG/90/8080.jpg,https://img.travel.rakuten.co.jp/share/HOTEL/8080/8080_room.jpg,https://img.travel.rakuten.co.jp/HIMG/INTERIOR/8080.jpg,https://img.travel.rakuten.co.jp/share/HOTEL/8080/8080map.gif,380.0,4.03,,single2,シングル2,3097232.0,ふたりでぎゅっとプラン現金決済特典 [Extra rates],1,0,0,0,0,0,https://img.travel.rakuten.co.jp/image/tr/api/re/IdsCY/?f_no=8080&f_syu=single2&f_hi1=2026-10-17&f_hi2=2026-10-18&f_heya_su=1&f_otona_su=1&f_s1=0&f_s2=0&f_y1=0&f_y2=0&f_y3=0&f_y4=0&f_camp_id=3097232,0,2026-10-17,7700,7700,1,2026-10-17,kurume
196481,ＨＯＴＥＬ　Ｒ９　Ｔｈｅ　Ｙａｒｄ　筑前,https://img.travel.rakuten.co.jp/image/tr/api/re/pvonD/?f_no=196481,https://img.travel.rakuten.co.jp/image/tr/api/re/vFumt/?f_no=196481&f_flg=PLAN,https://img.travel.rakuten.co.jp/image/tr/api/re/WzozX/?noTomariHotel=196481,https://img.travel.rakuten.co.jp/image/tr/api/re/gJNfM/?f_hotel_no=196481, あーるないん ざ やーど ちくぜん,筑後小郡ICより車で12分！スーパー・コンビニ至近★周辺に工業団地が多数◎無料軽食付,3900,120423.38,470166.52,838-0215,福岡県,朝倉郡筑前町篠隈183-8,0946-28-8202,0946-28-8203,【電車】筑紫駅より車で約１４分。原田駅より車で約１２分。【お車】筑後小郡ＩＣより車で約１２分。,無料 有り 47台※大型車（2トントラック以上）をご利用の際は、事前にお電話でお問い合わせください。,原田（福岡）,https://img.travel.rakuten.co.jp/share/HOTEL/196481/196481.jpg,https://img.travel.rakuten.co.jp/HIMG/90/196481.jpg,,,https://img.travel.rakuten.co.jp/share/HOTEL/196481/196481map.gif,82.0,4.11,"部屋の出入りは教えてもらったパスワードのみ。記載画面を撮影するように言われたが、せめて印刷してほしいかな。…　2026-09-27 22:50:44投稿 <a href=""https://img.travel.rakuten.co.jp/image/tr/api/re/gJNfM/?f_hotel_no=196481"" class=""3click"">つづきはこちら</a>",double,【禁煙】ダブルルーム （約13平米/最大2名様）,6226582.0,【スタンダード】ビジネスや観光の拠点に♪軽食＆ホットドリンク付【駐車場至近＆無料】,1,0,0,0,0,1,https://img.travel.rakuten.co.jp/image/tr/api/re/IdsCY/?f_no=196481&f_syu=double&f_hi1=2026-10-17&f_hi2=2026-10-18&f_heya_su=1&f_otona_su=1&f_s1=0&f_s2=0&f_y1=0&f_y2=0&f_y3=0&f_y4=0&f_camp_id=6226582,0,2026-10-17,13000,13000,0,2026-10-17,kurume
167668,ホステル　イルファーロ久留米,https://img.travel.rakuten.co.jp/image/tr/api/re/pvonD/?f_no=167668,https://img.travel.rakuten.co.jp/image/tr/api/re/vFumt/?f_no=167668&f_flg=PLAN,https://img.travel.rakuten.co.jp/image/tr/api/re/WzozX/?noTomariHotel=167668,https://img.travel.rakuten.co.jp/image/tr/api/re/gJNfM/?f_hotel_no=167668,ほすてる　いるふぁーろくるめ,西鉄久留米駅より徒歩1分。提携駐車場有。無料wifi有。,3570,119915.01,469881.77,830-0032,福岡県,久留米市東町38-13,0942-65-7140,0942-65-7168,西鉄久留米駅西口より徒歩1分。西鉄福岡（天神）駅より特急で約30分。久留米インターから車で10分の好アクセス！,提携コインパーキング600円（三井のリパーク）詳細は駐車場MAPをご確認ください。,久留米,https://img.travel.rakuten.co.jp/share/HOTEL/167668/167668.jpg,https://img.travel.rakuten.co.jp/HIMG/90/167668.jpg,https://img.travel.rakuten.co.jp/share/HOTEL/167668/167668_kan1.jpg,https://img.travel.rakuten.co.jp/HIMG/INTERIOR/167668.jpg,https://img.travel.rakuten.co.jp/share/HOTEL/167668/167668map.gif,466.0,3.95,"カプセルホテル並みのお値段で、空間が保たれており、共有スペースも使いやすいです。　2026-10-01 10:58:48投稿 <a href=""https://img.travel.rakuten.co.jp/image/tr/api/re/gJNfM/?f_hotel_no=167668"" class=""3click"">つづきはこちら</a>",111,【男性専用】シングル／4.7平米,6560805.0,【男性専用プラン】【直前割】室数限定！☆アメニティ付/駅近徒歩1分,1,0,0,0,0,1,https://img.travel.rakuten.co.jp/image/tr/api/re/IdsCY/?f_no=167668&f_syu=111&f_hi1=2026-10-17&f_hi2=2026-10-18&f_heya_su=1&f_otona_su=1&f_s1=0&f_s2=0&f_y1=0&f_y2=0&f_y3=0&f_y4=0&f_camp_id=6560805,0,2026-10-17,6090,6090,0,2026-10-17,kurume
79319,ホテルマリターレ創世　久留米,https://img.travel.rakuten.co.jp/image/tr/api/re/pvonD/?f_no=79319,https://img.travel.rakuten.co.jp/image/tr/api/re/vFumt/?f_no=79319&f_flg=PLAN,https://img.travel.rakuten.co.jp/image/tr/api/re/WzozX/?noTomariHotel=79319,https://img.travel.rakuten.co.jp/image/tr/api/re/gJNfM/?f_hotel_no=79319,まりたーれそうせい　くるめ,広々とした客室にはヨーロッパからの直輸入家具にジャグジーを完備！ごゆっくりお寛ぎいただけます。,5900,119957.48,469870.87,830-0003,福岡県,久留米市東櫛原町900,0942-35-5211,0942-48-1121,ＪＲ久留米駅・西鉄久留米駅から車で約１０分,有り　２００台　無料　予約不要,久留米,https://img.travel.rakuten.co.jp/share/HOTEL/79319/79319.jpg,https://img.travel.rakuten.co.jp/HIMG/90/79319.jpg,https://img.travel.rakuten.co.jp/share/HOTEL/79319/79319_b.jpg,https://img.travel.rakuten.co.jp/HIMG/INTERIOR/79319.jpg,https://img.travel.rakuten.co.jp/share/HOTEL/79319/79319map.gif,248.0,4.27,"そして何より、スタッフの方が穏やかに丁寧に…　2026-10-06 21:02:36投稿 <a href=""https://img.travel.rakuten.co.jp/image/tr/api/re/gJNfM/?f_hotel_no=79319"" class=""3click"">つづきはこちら</a>",dsa,【禁煙】デラックスシングル☆広々 ３１平米,6466317.0,【素泊まり】オータムプラン【全室禁煙】,1,0,0,0,0,1,https://img.travel.rakuten.co.jp/image/tr/api/re/IdsCY/?f_no=79319&f_syu=dsa&f_hi1=2026-10-17&f_hi2=2026-10-18&f_heya_su=1&f_otona_su=1&f_s1=0&f_s2=0&f_y1=0&f_y2=0&f_y3=0&f_y4=0&f_camp_id=6466317,0,2026-10-17,10000,10000,0,2026-10-17,kurume
151388,ＨＯＴＥＬ　ＡＺ　福岡うきは店,https://img.travel.rakuten.co.jp/image/tr/api/re/pvonD/?f_no=151388,https://img.travel.rakuten.co.jp/image/tr/api/re/vFumt/?f_no=151388&f_flg=PLAN,https://img.travel.rakuten.co.jp/image/tr/api/re/WzozX/?noTomariHotel=151388,https://img.travel.rakuten.co.jp/image/tr/api/re/gJNfM/?f_hotel_no=151388,ほてる　えーぜっと　ふくおかうきはてん,杷木ＩＣより車で約7分！　駐車場無料・朝食無料・インターネット接続無料,4820,120011.29,470901.71,839-1403,福岡県,うきは市浮羽町東隈上314-4,0943-74-3311,0943-74-3312,九州自動車道　杷木ＩＣより車で約7分　ＪＲうきは駅よりお車にて約６分,無料駐車場92台あり　普通車：予約不要 、中型車・大型車：要予約,うきは,https://img.travel.rakuten.co.jp/share/HOTEL/151388/151388.jpg,https://img.travel.rakuten.co.jp/HIMG/90/151388.jpg,https://img.travel.rakuten.co.jp/share/HOTEL/151388/151388_kan1.jpg,https://img.travel.rakuten.co.jp/HIMG/INTERIOR/151388.jpg,https://img.travel.rakuten.co.jp/share/HOTEL/151388/151388map.gif,179.0,3.77,"…　2026-09-05 08:10:23投稿 <a href=""https://img.travel.rakuten.co.jp/image/tr/api/re/gJNfM/?f_hotel_no=151388"" class=""3click"">つづきはこちら</a>",001,【喫煙】シングル,6385991.0,【宿泊税込】スタンダードプラン（朝食サービス）,1,0,0,1,0,1,https://img.travel.rakuten.co.jp/image/tr/api/re/IdsCY/?f_no=151388&f_syu=001&f_hi1=2026-10-17&f_hi2=2026-10-18&f_heya_su=1&f_otona_su=1&f_s1=0&f_s2=0&f_y1=0&f_y2=0&f_y3=0&f_y4=0&f_camp_id=6385991,0,2026-10-17,6580,6580,0,2026-10-17,kurume
160640,ニュー筑水荘,https://img.travel.rakuten.co.jp/image/tr/api/re/pvonD/?f_no=160640,https://img.travel.rakuten.co.jp/image/tr/api/re/vFumt/?f_no=160640&f_flg=PLAN,https://img.travel.rakuten.co.jp/image/tr/api/re/WzozX/?noTomariHotel=160640,https://img.travel.rakuten.co.jp/image/tr/api/re/gJNfM/?f_hotel_no=160640,にゅーちくすいそう,2022年9月一部リニューアル済！天然温泉と美味しい料理でおもてなし。ビジネスも観光もお待ちしております！,6050,120054.27,470800.17,839-1304,福岡県,うきは市吉井町千年596,0943-74-5555,0943-74-5566,筑後吉井駅から車で約10分。朝倉I.Cから車で約15分。博多からは高速バスで朝倉迄が早くてお得！,有り　１００台　無料　予約不要,うきは,https://img.travel.rakuten.co.jp/share/HOTEL/160640/160640.jpg,https://img.travel.rakuten.co.jp/HIMG/90/160640.jpg,https://img.travel.rakuten.co.jp/share/HOTEL/160640/160640_sho1.jpg,https://img.travel.rakuten.co.jp/HIMG/INTERIOR/160640.jpg,https://img.travel.rakuten.co.jp/share/HOTEL/160640/160640map.gif,91.0,4.0,"・温泉が濃…　2026-10-07 17:22:38投稿 <a href=""https://img.travel.rakuten.co.jp/image/tr/api/re/gJNfM/?f_hotel_no=160640"" class=""3click"">つづきはこちら</a>",w8,２Ｆ和室８畳【シングルベッド】,5559985.0,【素泊り】ビジネスに湯治に☆温泉素泊り♪,1,0,0,0,0,1,https://img.travel.rakuten.co.jp/image/tr/api/re/IdsCY/?f_no=160640&f_syu=w8&f_hi1=2026-10-17&f_hi2=2026-10-18&f_heya_su=1&f_otona_su=1&f_s1=0&f_s2=0&f_y1=0&f_y2=0&f_y3=0&f_y4=0&f_camp_id=5559985,0,2026-10-17,9350,9350,0,2026-10-17,kurume
187885,フェアフィールド・バイ・マリオット・福岡うきは,https://img.travel.rakuten.co.jp/image/tr/api/re/pvonD/?f_no=187885,https://img.travel.rakuten.co.jp/image/tr/api/re/vFumt/?f_no=187885&f_flg=PLAN,https://img.travel.rakuten.co.jp/image/tr/api/re/WzozX/?noTomariHotel=187885,https://img.travel.rakuten.co.jp/image/tr/api/re/gJNfM/?f_hotel_no=187885,ふぇあふぃーるど･ばい･まりおっと･ふくおかうきは,偶然と発見に出会う旅が待っている。特別な物語をここで。,5899,119990.79,470957.82,839-1408,福岡県,うきは市浮羽町山北734-6,06-6743-4750,06-6743-4584,JRうきは駅より車で約7分。杷木 ICより車で10分。,有：【ホテル専用駐車場／ホテル裏共同利用駐車場】をご利用ください（先着順）,うきは,https://img.travel.rakuten.co.jp/share/HOTEL/187885/187885.jpg,https://img.travel.rakuten.co.jp/HIMG/90/187885.jpg,,,https://img.travel.rakuten.co.jp/share/HOTEL/187885/187885map.gif,46.0,4.67,"設備面で星が低くなってます。　2026-09-24 09:00:54投稿 <a href=""https://img.travel.rakuten.co.jp/image/tr/api/re/gJNfM/?f_hotel_no=187885"" class=""3click"">つづきはこちら</a>",ukiking,【禁煙】キングルーム　25平米/ベッド幅180cm×1台,6571980.0,Autumn Campaign オータムキャンペーン（素泊まり）,1,0,0,0,0,2,https://img.travel.rakuten.co.jp/image/tr/api/re/IdsCY/?f_no=187885&f_syu=ukiking&f_hi1=2026-10-17&f_hi2=2026-10-18&f_heya_su=1&f_otona_su=1&f_s1=0&f_s2=0&f_y1=0&f_y2=0&f_y3=0&f_y4=0&f_camp_id=6571980,0,2026-10-17,39204,39204,0,2026-10-17,kurume
8904,旅館　錦水,https://img.travel.rakuten.co.jp/image/tr/api/re/pvonD/?f_no=8904,https://img.travel.rakuten.co.jp/image/tr/api/re/vFumt/?f_no=8904&f_flg=PLAN,https://img.travel.rakuten.co.jp/image/tr/api/re/WzozX/?noTomariHotel=8904,https://img.travel.rakuten.co.jp/image/tr/api/re/gJNfM/?f_hotel_no=8904,きんすい,,5350,119897.32,469951.25,839-0862,福岡県,久留米市野中町135-36,0942-43-7325,0942-43-7363,JR九大本線・久留米大学前駅から徒歩10分、車利用：九州自動車道・久留米ICより車で約5分,無料駐車場完備(マイクロバス駐車可能）★久留米IC〜車で５分。JR久留米大学前駅〜徒歩10分。,久留米,https://img.travel.rakuten.co.jp/share/HOTEL/8904/8904.jpg,https://img.travel.rakuten.co.jp/HIMG/90/8904.jpg,https://img.travel.rakuten.co.jp/share/HOTEL/8904/8904_room.jpg,https://img.travel.rakuten.co.jp/HIMG/INTERIOR/8904.jpg,https://img.travel.rakuten.co.jp/share/HOTEL/8904/8904map.gif,143.0,4.58,,1,和室6畳（トイレ・洗面付）,4917636.0,【卯月】【夕食付】夕食のみ付きのプランです★朝はゆっくりでOK☆夜は当館一番人気☆和牛付き会席を堪能,1,1,0,0,0,1,https://img.travel.rakuten.co.jp/image/tr/api/re/IdsCY/?f_no=8904&f_syu=1&f_hi1=2026-10-17&f_hi2=2026-10-18&f_heya_su=1&f_otona_su=1&f_s1=0&f_s2=0&f_y1=0&f_y2=0&f_y3=0&f_y4=0&f_camp_id=4917636,0,2026-10-17,13850,13850,0,2026-10-17,kurume
192141,以久波別邸　虎屋,https://img.travel.rakuten.co.jp/image/tr/api/re/pvonD/?f_no=192141,https://img.travel.rakuten.co.jp/image/tr/api/re/vFumt/?f_no=192141&f_flg=PLAN,,https://img.travel.rakuten.co.jp/image/tr/api/re/gJNfM/?f_hotel_no=192141,イクハベッテイトラヤ,築150年の古民家をリニューアルした一棟貸し宿 白壁の町並みで歴史を感じる滞在,6000,120024.48,470741.17,839-1321,福岡県,うきは市吉井町1128,070-2658-0764,0943-73-7774,JR筑後吉井駅より徒歩約15分 白壁の町並み方面へ 大分道朝倉ICより車約12分。,有り　20台　無料　うきは市管理：上町商店街 駐車場,筑後吉井,https://img.travel.rakuten.co.jp/share/HOTEL/192141/192141.jpg,https://img.travel.rakuten.co.jp/HIMG/90/192141.jpg,,,https://img.travel.rakuten.co.jp/share/HOTEL/192141/192141map.gif,5.0,3.5,,ebisu3,蛭子の間｜白壁通りに佇む築150年の古民家｜最大3名,6265149.0,【リニューアル特別価格】期間限定｜白壁の古民家で歴史を感じる滞在,1,0,0,0,0,2,https://img.travel.rakuten.co.jp/image/tr/api/re/IdsCY/?f_no=192141&f_syu=ebisu3&f_hi1=2026-10-17&f_hi2=2026-10-18&f_heya_su=1&f_otona_su=1&f_s1=0&f_s2=0&f_y1=0&f_y2=0&f_y3=0&f_y4=0&f_camp_id=6265149,0,2026-10-17,8800,8800,0,2026-10-17,kurume
40373,甘木観光ホテル　甘木館,https://img.travel.rakuten.co.jp/image/tr/api/re/pvonD/?f_no=40373,https://img.travel.rakuten.co.jp/image/tr/api/re/vFumt/?f_no=40373&f_flg=PLAN,https://img.travel.rakuten.co.jp/image/tr/api/re/WzozX/?noTomariHotel=40373,https://img.travel.rakuten.co.jp/image/tr/api/re/gJNfM/?f_hotel_no=40373,あまぎ　かんこうほてる　あまぎかん,豊富なミネラルを含んだお風呂とサウナ・水風呂が人気のお宿です♪本格和食と毎月変わる大衆演劇もオススメ☆彡,4510,120326.34,470360.69,838-0068,福岡県,朝倉市甘木2091,0946-22-3344,0946-24-1067,西鉄 甘木駅より車で５分／甘木鉄道　甘木駅より車で５分／福岡空港より車で４０分、県道112号線沿い甘木橋横,有り　６０台　無料　先着順,甘木,https://img.travel.rakuten.co.jp/share/HOTEL/40373/40373.jpg,https://img.travel.rakuten.co.jp/HIMG/90/40373.jpg,https://img.travel.rakuten.co.jp/share/HOTEL/40373/40373_ba.jpg,https://img.travel.rakuten.co.jp/HIMG/INTERIOR/40373.jpg,https://img.travel.rakuten.co.jp/share/HOTEL/40373/40373map.gif,65.0,3.18,"1つだけ残念だったのが、部屋にドライヤーがないことでした。　2026-07-17 07:28:57投稿 <a href=""https://img.travel.rakuten.co.jp/image/tr/api/re/gJNfM/?f_hotel_no=40373"" class=""3click"">つづきはこちら</a>",wa9,フリーツイン【旧館／バス・トイレ共有】,6462834.0,【素泊り・フリーツイン】お値段重視！お安く泊まりたい方必見！(*^_^*)♪,1,0,0,0,0,1,https://img.travel.rakuten.co.jp/image/tr/api/re/IdsCY/?f_no=40373&f_syu=wa9&f_hi1=2026-10-17&f_hi2=2026-10-18&f_heya_su=1&f_otona_su=1&f_s1=0&f_s2=0&f_y1=0&f_y2=0&f_y3=0&f_y4=0&f_camp_id=6462834,0,2026-10-17,6710,6710,0,2026-10-17,kurume
202454,ＨＯＴＥＬ　Ｒ９　Ｔｈｅ　Ｙａｒｄ　うきは,https://img.travel.rakuten.co.jp/image/tr/api/re/pvonD/?f_no=202454,https://img.travel.rakuten.co.jp/image/tr/api/re/vFumt/?f_no=202454&f_flg=PLAN,,https://img.travel.rakuten.co.jp/image/tr/api/re/gJNfM/?f_hotel_no=202454,ほてる あーるないん ざ やーど うきは,杷木ICより車で10分！うきは市への出張や観光の拠点に！カレーなど軽食サービス付,3600,120007.64,470781.3,839-1312,福岡県,うきは市吉井町清瀬470-9,0943-73-7262,0943-73-7263,【電車】筑後吉井駅よりタクシーで5分。【お車】大分自動車道「杷木IC」より車で10分。,無料 有り 42台※大型車（2トントラック以上）をご利用の際は、事前にお電話でお問い合わせください。,筑後吉井,https://img.travel.rakuten.co.jp/share/HOTEL/202454/202454.jpg,https://img.travel.rakuten.co.jp/HIMG/90/202454.jpg,,,https://img.travel.rakuten.co.jp/share/HOTEL/202454/202454map.gif,1.0,,,double,【禁煙】ダブルルーム （約13平米/最大2名様）,6625968.0,【モニタープラン】室数限定！口コミ投稿でお得にステイ★軽食＆ホットドリンク付【駐車場至近＆無料】,7,0,0,0,0,1,https://img.travel.rakuten.co.jp/image/tr/api/re/IdsCY/?f_no=202454&f_syu=double&f_hi1=2026-10-17&f_hi2=2026-10-18&f_heya_su=1&f_otona_su=1&f_s1=0&f_s2=0&f_y1=0&f_y2=0&f_y3=0&f_y4=0&f_camp_id=6625968,0,2026-10-17,10600,10600,0,2026-10-17,kurume
195812,はたま別荘／民泊,https://img.travel.rakuten.co.jp/image/tr/api/re/pvonD/?f_no=195812,https://img.travel.rakuten.co.jp/image/tr/api/re/vFumt/?f_no=195812&f_flg=PLAN,,https://img.travel.rakuten.co.jp/image/tr/api/re/gJNfM/?f_hotel_no=195812,,はたま別荘は15名宿泊可能古民家。畳、日本文化体験。,8120,120133.11,469973.21,838-0137,福岡県,小郡市福童字前畑3366-8　Ｈｏｕｓｅ　Ｈａｔａｍａ,090-3328-2621,00-0000-0000,端間駅から徒歩で4分,あり,端間,https://img.travel.rakuten.co.jp/share/HOTEL/195812/195812.jpg,https://img.travel.rakuten.co.jp/HIMG/90/195812.jpg,,,https://img.travel.rakuten.co.jp/share/HOTEL/195812/195812map.gif,,,,r15850_15,一棟貸し,6417554.0,禁煙◆九州観光なら交通至便なステンドの宿「はたま別荘」へ。大宰府、別府、湯布院、ハウステンボス、阿蘇,1,0,0,0,0,2,https://img.travel.rakuten.co.jp/image/tr/api/re/IdsCY/?f_no=195812&f_syu=r15850_15&f_hi1=2026-10-17&f_hi2=2026-10-18&f_heya_su=1&f_otona_su=1&f_s1=0&f_s2=0&f_y1=0&f_y2=0&f_y3=0&f_y4=0&f_camp_id=6417554,0,2026-10-17,12760,12760,0,2026-10-17,kurume
200991,宿いしい　合川町　＾,https://img.travel.rakuten.co.jp/image/tr/api/re/pvonD/?f_no=200991,https://img.travel.rakuten.co.jp/image/tr/api/re/vFumt/?f_no=200991&f_flg=PLAN,,https://img.travel.rakuten.co.jp/image/tr/api/re/gJNfM/?f_hotel_no=200991,,石橋文化センター徒歩4分。キッチン・洗濯乾燥機完備で長期滞在も快適、駐車場1台付きの便利な宿です。,5104,119914.26,469927.01,839-0861,福岡県,久留米市合川町1645-7　,080-3903-1413,00-0000-0000,櫛原駅から徒歩で5分,あり,櫛原,https://img.travel.rakuten.co.jp/share/HOTEL/200991/200991.jpg,https://img.travel.rakuten.co.jp/HIMG/90/200991.jpg,,,https://img.travel.rakuten.co.jp/share/HOTEL/200991/200991map.gif,,,,1723871_9,一戸建て,6622237.0,一棟貸切|3DK・最大9名|家族・グループにおすすめ,1,0,0,0,0,2,https://img.travel.rakuten.co.jp/image/tr/api/re/IdsCY/?f_no=200991&f_syu=1723871_9&f_hi1=2026-10-17&f_hi2=2026-10-18&f_heya_su=1&f_otona_su=1&f_s1=0&f_s2=0&f_y1=0&f_y2=0&f_y3=0&f_y4=0&f_camp_id=6622237,0,2026-10-17,23200,23200,0,2026-10-17,kurume
195909,杷木松末アウトドアヴィレッジ,https://img.travel.rakuten.co.jp/image/tr/api/re/pvonD/?f_no=195909,https://img.travel.rakuten.co.jp/image/tr/api/re/vFumt/?f_no=195909&f_flg=PLAN,,https://img.travel.rakuten.co.jp/image/tr/api/re/gJNfM/?f_hotel_no=195909,はきますえあうとどあヴぃれっじ,BBQ・焚火・天然温泉・飲み放題付き◎冷暖房完備のグランピング体験！ご家族や友人と夏のアウトドアを気軽に満喫！,17600,120205.9,471004.94,838-1502,福岡県,朝倉市杷木松末　字相ケ谷849,050-5482-3331,000-000-0000,福岡空港より車で約１時間半、大分自動車道杷木ICより約１０分,有り　２０台　無料　予約不要,福岡空港,https://img.travel.rakuten.co.jp/share/HOTEL/195909/195909.jpg,https://img.travel.rakuten.co.jp/HIMG/90/195909.jpg,,,https://img.travel.rakuten.co.jp/share/HOTEL/195909/195909map.gif,19.0,4.29,"家族3人と大型犬一匹で一泊しました。ドッグランもあって愛犬も楽しそうに走り回ってました。少し高台にあるテントだったので見晴らしも良く、焚き火をしながらゆっくり過ごせたのも良かったです。大型犬と泊まれる…　2026-09-22 13:51:41投稿 <a href=""https://img.travel.rakuten.co.jp/image/tr/api/re/gJNfM/?f_hotel_no=195909"" class=""3click"">つづきはこちら</a>",dm3,3名定員DOMEテント 冷暖房完備（ペット可能）,6251712.0,【食材持ち込みプラン】焚き火×飲み放題でまったり時間♪ BBQ機材レンタル無料！(食材なし),1,0,0,0,0,2,https://img.travel.rakuten.co.jp/image/tr/api/re/IdsCY/?f_no=195909&f_syu=dm3&f_hi1=2026-10-17&f_hi2=2026-10-18&f_heya_su=1&f_otona_su=1&f_s1=0&f_s2=0&f_y1=0&f_y2=0&f_y3=0&f_y4=0&f_camp_id=6251712,0,2026-10-17,27500,27500,0,2026-10-17,kurume
184592,田篭の灯り,https://img.travel.rakuten.co.jp/image/tr/api/re/pvonD/?f_no=184592,https://img.travel.rakuten.co.jp/image/tr/api/re/vFumt/?f_no=184592&f_flg=PLAN,,https://img.travel.rakuten.co.jp/image/tr/api/re/gJNfM/?f_hotel_no=184592,たごもりのあかり,山間の集落を一望し、キャンプも楽しめるちょっと欲張りな山間のお宿,34000,119752.25,471044.55,839-1414,福岡県,うきは市浮羽町田篭516-1,0120-502-076,,公共交通手段をご利用の場合　JR博多駅　久留米経由　うきは駅下車     西鉄バス浮羽支線利用　浮羽発着所　中村,有り　無料　予約不要,うきは,https://img.travel.rakuten.co.jp/share/HOTEL/184592/184592.jpg,https://img.travel.rakuten.co.jp/HIMG/90/184592.jpg,,,https://img.travel.rakuten.co.jp/share/HOTEL/184592/184592map.gif,1.0,,,1610,田篭の灯り「キャンプシアター」,6499592.0,【子連れ歓迎】「キャンプシアター」素泊り｜屋内用電気式BBQ機材付（寝具なし・食材持込OK）,1,0,0,0,0,1,https://img.travel.rakuten.co.jp/image/tr/api/re/IdsCY/?f_no=184592&f_syu=1610&f_hi1=2026-10-17&f_hi2=2026-10-18&f_heya_su=1&f_otona_su=1&f_s1=0&f_s2=0&f_y1=0&f_y2=0&f_y3=0&f_y4=0&f_camp_id=6499592,0,2026-10-17,34000,34000,1,2026-10-17,kurume
199493,ＲＥＮＶＩ　Ｕｋｉｈａ〜福岡の宿〜／民泊,https://img.travel.rakuten.co.jp/image/tr/api/re/pvonD/?f_no=199493,https://img.travel.rakuten.co.jp/image/tr/api/re/vFumt/?f_no=199493&f_flg=PLAN,,https://img.travel.rakuten.co.jp/image/tr/api/re/gJNfM/?f_hotel_no=199493,,うきはの一棟貸し。筑後吉井駅徒歩15分。最大9名。,7888,120048.39,470708.56,839-1306,福岡県,うきは市吉井町新治696-1-1,070-9011-3798,00-0000-0000,筑後吉井駅から徒歩で5分,あり,筑後吉井,https://img.travel.rakuten.co.jp/share/HOTEL/199493/199493.jpg,https://img.travel.rakuten.co.jp/HIMG/90/199493.jpg,,,https://img.travel.rakuten.co.jp/share/HOTEL/199493/199493map.gif,1.0,,,r21292_9,RENVI Ukiha〜福岡の宿〜,6417589.0,一棟貸切｜最大9名｜筑後吉井駅から平坦な道を歩いて15分｜空港から車50分｜,1,0,0,0,0,2,https://img.travel.rakuten.co.jp/image/tr/api/re/IdsCY/?f_no=199493&f_syu=r21292_9&f_hi1=2026-10-17&f_hi2=2026-10-18&f_heya_su=1&f_otona_su=1&f_s1=0&f_s2=0&f_y1=0&f_y2=0&f_y3=0&f_y4=0&f_camp_id=6417589,0,2026-10-17,40600,40600,0,2026-10-17,kurume
187163,秋月の宿　月のはなれ,https://img.travel.rakuten.co.jp/image/tr/api/re/pvonD/?f_no=187163,https://img.travel.rakuten.co.jp/image/tr/api/re/vFumt/?f_no=187163&f_flg=PLAN,https://img.travel.rakuten.co.jp/image/tr/api/re/WzozX/?noTomariHotel=187163,https://img.travel.rakuten.co.jp/image/tr/api/re/gJNfM/?f_hotel_no=187163,あきづきのやど　つきのはなれ,秋月クラフトビール発祥の地にあるお宿です,7000,120521.37,470485.16,838-0001,福岡県,朝倉市秋月518,0946-25-0185,0946-23-8810,甘木鉄道甘木駅よりお車にて約１５分,有り　１０台　無料,甘木,https://img.travel.rakuten.co.jp/share/HOTEL/187163/187163.jpg,https://img.travel.rakuten.co.jp/HIMG/90/187163.jpg,,,https://img.travel.rakuten.co.jp/share/HOTEL/187163/187163map.gif,6.0,3.0,,s002,グループで1棟貸切り(3部屋)【本館】,,,1,0,0,0,0,2,https://img.travel.rakuten.co.jp/image/tr/api/re/IdsCY/?f_no=187163&f_syu=s002&f_hi1=2026-10-17&f_hi2=2026-10-18&f_heya_su=1&f_otona_su=1&f_s1=0&f_s2=0&f_y1=0&f_y2=0&f_y3=0&f_y4=0,1,2026-10-17,59600,59600,0,2026-10-17,kurume
187901,旅荘　水雲亭,https://img.travel.rakuten.co.jp/image/tr/api/re/pvonD/?f_no=187901,https://img.travel.rakuten.co.jp/image/tr/api/re/vFumt/?f_no=187901&f_flg=PLAN,https://img.travel.rakuten.co.jp/image/tr/api/re/WzozX/?noTomariHotel=187901,https://img.travel.rakuten.co.jp/image/tr/api/re/gJNfM/?f_hotel_no=187901,りょそう　すいうんてい,甘木の自然の中に佇む隠れ宿。お部屋の全てに美容効果に優れた源泉掛け流し温泉をご用意。心身を癒すウェルネスリゾートです。,56280,120316.77,470538.92,838-0027,福岡県,朝倉市板屋1番地1　福岡センチュリーゴルフ倶楽部内,0946-28-8817,0946-28-8816,甘木駅から車で約１０分,有り100台（無料、先着順）,甘木,https://img.travel.rakuten.co.jp/share/HOTEL/187901/187901.jpg,https://img.travel.rakuten.co.jp/HIMG/90/187901.jpg,,,https://img.travel.rakuten.co.jp/share/HOTEL/187901/187901map.gif,5.0,4.25,,yousitsu,【源泉かけ流し温泉付き】洋室　スタンダードツイン,6608690.0,【期間限定】＜朝食付き＞源泉かけ流しプライベート温泉と地元の恵みを味わう和朝食,1,0,0,1,0,2,https://img.travel.rakuten.co.jp/image/tr/api/re/IdsCY/?f_no=187901&f_syu=yousitsu&f_hi1=2026-10-17&f_hi2=2026-10-18&f_heya_su=1&f_otona_su=1&f_s1=0&f_s2=0&f_y1=0&f_y2=0&f_y3=0&f_y4=0&f_camp_id=6608690,0,2026-10-17,92460,92460,0,2026-10-17,kurume
141342,天然田園温泉ふかほり邸,https://img.travel.rakuten.co.jp/image/tr/api/re/pvonD/?f_no=141342,https://img.travel.rakuten.co.jp/image/tr/api/re/vFumt/?f_no=141342&f_flg=PLAN,https://img.travel.rakuten.co.jp/image/tr/api/re/WzozX/?noTomariHotel=141342,https://img.travel.rakuten.co.jp/image/tr/api/re/gJNfM/?f_hotel_no=141342,てんねんでんえんおんせんふかほりてい,4千坪の広大な敷地に【露天風呂付き客室が全7室】門をくぐると、広がる非日常空間…。自然食とかけ流し温泉を愉しむ癒しの宿。,53980,119696.04,469776.61,830-0111,福岡県,久留米市三潴町西牟田6552,0942-54-6681,0942-54-6682,ＪＲ鹿児島本線西牟田駅下車、車で約5分。／西鉄大牟田線大善寺駅下車、車で約10分／九州自動車道　広川ICより約20分,有り　１２台　無料　予約不要,西牟田,https://img.travel.rakuten.co.jp/share/HOTEL/141342/141342.jpg,https://img.travel.rakuten.co.jp/HIMG/90/141342.jpg,https://img.travel.rakuten.co.jp/share/HOTEL/141342/141342_kya1.jpg,https://img.travel.rakuten.co.jp/HIMG/INTERIOR/141342.jpg,https://img.travel.rakuten.co.jp/share/HOTEL/141342/141342map.gif,41.0,4.83,"部屋の内湯と露天風呂は大きさや温度もちょう…　2026-05-18 12:24:38投稿 <a href=""https://img.travel.rakuten.co.jp/image/tr/api/re/gJNfM/?f_hotel_no=141342"" class=""3click"">つづきはこちら</a>",7,【むくろじゅ】プライベートサウナ付のひっそりと佇む旧家母屋,5850712.0,【夕食なし・朝食付】自然の恵みを活力に！十六雑穀米の土鍋ご飯×旬野菜×産みたて卵で体に優しい和朝食,1,0,0,1,0,2,https://img.travel.rakuten.co.jp/image/tr/api/re/IdsCY/?f_no=141342&f_syu=7&f_hi1=2026-10-17&f_hi2=2026-10-18&f_heya_su=1&f_otona_su=1&f_s1=0&f_s2=0&f_y1=0&f_y2=0&f_y3=0&f_y4=0&f_camp_id=5850712,0,2026-10-17,122700,122700,0,2026-10-17,kurume
130169,ホテルリソルトリニティ博多,https://img.travel.rakuten.co.jp/image/tr/api/re/pvonD/?f_no=130169,https://img.travel.rakuten.co.jp/image/tr/api/re/vFumt/?f_no=130169&f_flg=PLAN,https://img.travel.rakuten.co.jp/image/tr/api/re/WzozX/?noTomariHotel=130169,https://img.travel.rakuten.co.jp/image/tr/api/re/gJNfM/?f_hotel_no=130169,ほてるりそるとりにてぃはかた,【中洲川端駅徒歩1分】展望大浴場のある“くつろぎ”のホテル。天神エリア・キャナルシティも徒歩圏！全客室Ｗｉ-Ｆｉ接続可能,8720,120922.52,469470.19,810-0801,福岡県,福岡市博多区中洲4-4-10,092-282-9269,092-282-9279,地下鉄　中洲川端駅から徒歩で１分■①番出口（階段のみ）■④番出口（エスカレータ・EVあり）,有り　機械式駐車場２２台／青空駐車場６台　１，６００円（税込／泊）※ご予約制ではなく先着順となります,中洲川端,https://img.travel.rakuten.co.jp/share/HOTEL/130169/130169.jpg,https://img.travel.rakuten.co.jp/HIMG/90/130169.jpg,https://img.travel.rakuten.co.jp/share/HOTEL/130169/130169_kan.jpg,https://img.travel.rakuten.co.jp/HIMG/INTERIOR/130169.jpg,https://img.travel.rakuten.co.jp/share/HOTEL/130169/130169map.gif,2870.0,4.43,"お風呂は高い場所にあり、見下ろせば中洲の様子を伺うこ…　2026-10-01 18:10:28投稿 <a href=""https://img.travel.rakuten.co.jp/image/tr/api/re/gJNfM/?f_hotel_no=130169"" class=""3click"">つづきはこちら</a>",dwn,【禁煙室】スタンダードダブル/ベッド幅160cm,5673467.0,【スダンダードプラン】福岡観光、ビジネスに最高のロケーション！展望大浴場でリフレッシュ♪＜素泊り＞,1,0,0,0,0,1,https://img.travel.rakuten.co.jp/image/tr/api/re/IdsCY/?f_no=130169&f_syu=dwn&f_hi1=2026-10-17&f_hi2=2026-10-18&f_heya_su=1&f_otona_su=1&f_s1=0&f_s2=0&f_y1=0&f_y2=0&f_y3=0&f_y4=0&f_camp_id=5673467,0,2026-10-17,39000,39000,0,2026-10-17,seibu
14436,アメニティホテルｉｎ博多,https://img.travel.rakuten.co.jp/image/tr/api/re/pvonD/?f_no=14436,https://img.travel.rakuten.co.jp/image/tr/api/re/vFumt/?f_no=14436&f_flg=PLAN,https://img.travel.rakuten.co.jp/image/tr/api/re/WzozX/?noTomariHotel=14436,https://img.travel.rakuten.co.jp/image/tr/api/re/gJNfM/?f_hotel_no=14436,あめにてぃほてるいん　はかた,地下鉄『中洲川端駅』より徒歩3分★朝食ビュッフェ無料（明太子も食べ放題）★漫画約2000冊が読み放題★,6000,120932.05,469477.2,812-0026,福岡県,福岡市博多区上川端町14-25,092-282-0041,092-282-0044,地下鉄『中洲川端駅』7番出口より徒歩3分,専用駐車場はございませんが、近隣の一般駐車場をご案内いたしております。,中洲川端,https://img.travel.rakuten.co.jp/share/HOTEL/14436/14436.jpg,https://img.travel.rakuten.co.jp/HIMG/90/14436.jpg,https://img.travel.rakuten.co.jp/share/HOTEL/14436/14436_s.jpg,https://img.travel.rakuten.co.jp/HIMG/INTERIOR/14436.jpg,https://img.travel.rakuten.co.jp/share/HOTEL/14436/14436map.gif,3216.0,4.08,,s-s,【喫煙】シングル（全室Wi-Fi利用可）,5473174.0,【事前カード決済限定】シングル（朝食ビュッフェ無料・明太子食べ放題、コーヒー無料サービス）,1,0,0,1,0,2,https://img.travel.rakuten.co.jp/image/tr/api/re/IdsCY/?f_no=14436&f_syu=s-s&f_hi1=2026-10-17&f_hi2=2026-10-18&f_heya_su=1&f_otona_su=1&f_s1=0&f_s2=0&f_y1=0&f_y2=0&f_y3=0&f_y4=0&f_camp_id=5473174,0,2026-10-17,29800,29800,0,2026-10-17,seibu
179248,アパホテル〈福岡天神西〉,https://img.travel.rakuten.co.jp/image/tr/api/re/pvonD/?f_no=179248,https://img.travel.rakuten.co.jp/image/tr/api/re/vFumt/?f_no=179248&f_flg=PLAN,https://img.travel.rakuten.co.jp/image/tr/api/re/WzozX/?noTomariHotel=179248,https://img.travel.rakuten.co.jp/image/tr/api/re/gJNfM/?f_hotel_no=179248,あぱほてる〈ふくおかてんじんにし〉,天神、大名エリアまで徒歩圏内！PayPayドームへもアクセス良好！福岡グルメを楽しめる飲食店も充実したロケーションです！,5100,120902.87,469418.59,810-0041,福岡県,福岡市中央区大名1-9-39,092-720-6786,092-401-1808,地下鉄空港線「赤坂駅」（4番出口）から徒歩4分、西鉄「西鉄福岡駅」北口より徒歩9分,2500円/1泊（6台・会員ランク・プランに準ずる）〈先着順〉※予約不可,赤坂（福岡）,https://img.travel.rakuten.co.jp/share/HOTEL/179248/179248.jpg,https://img.travel.rakuten.co.jp/HIMG/90/179248.jpg,,,https://img.travel.rakuten.co.jp/share/HOTEL/179248/179248map.gif,569.0,4.11,"また、朝食がビュッフェ形式でしたが、地元の名産品も数々あり…　2026-10-04 21:14:18投稿 <a href=""https://img.travel.rakuten.co.jp/image/tr/api/re/gJNfM/?f_hotel_no=179248"" class=""3click"">つづきはこちら</a>",001,シングル【全室禁煙】,6162811.0,【素泊まり・事前決済限定】1秒チェックインにおすすめ！,1,0,0,0,0,2,https://img.travel.rakuten.co.jp/image/tr/api/re/IdsCY/?f_no=179248&f_syu=001&f_hi1=2026-10-17&f_hi2=2026-10-18&f_heya_su=1&f_otona_su=1&f_s1=0&f_s2=0&f_y1=0&f_y2=0&f_y3=0&f_y4=0&f_camp_id=6162811,0,2026-10-17,33000,33000,0,2026-10-17,seibu
8288,デュークスホテル中洲,https://img.travel.rakuten.co.jp/image/tr/api/re/pvonD/?f_no=8288,https://img.travel.rakuten.co.jp/image/tr/api/re/vFumt/?f_no=8288&f_flg=PLAN,https://img.travel.rakuten.co.jp/image/tr/api/re/WzozX/?noTomariHotel=8288,https://img.travel.rakuten.co.jp/image/tr/api/re/gJNfM/?f_hotel_no=8288,でゅーくすほてる　なかす,★中洲・天神徒歩圏内★「中洲川端」駅3番出口より徒歩約4分★,5695,120930.19,469461.41,810-0802,福岡県,福岡市博多区中洲中島町1-1　,092-283-2800,092-283-2900,博多駅から地下鉄をご利用頂き、2駅目の「中洲川端」駅で下車　3番出口より徒歩約4分,【契約駐車場】￥1500＊徒歩1分￥1500＊徒歩5分※台数に限りが有。フロントへお問い合わせ下さい,中洲川端,https://img.travel.rakuten.co.jp/share/HOTEL/8288/8288.jpg,https://img.travel.rakuten.co.jp/HIMG/90/8288.jpg,https://img.travel.rakuten.co.jp/share/HOTEL/8288/8288_lob.jpg,https://img.travel.rakuten.co.jp/HIMG/INTERIOR/8288.jpg,https://img.travel.rakuten.co.jp/share/HOTEL/8288/8288map.gif,3141.0,4.04,,sk,■シングル《15.3平米◇ベッド幅140cm》【禁煙】 ■,4762610.0,【楽天限定！返金不可プラン】一番お得☆15％OFF＆ポイント10％☆お食事なしのシンプルステイ☆,10,0,0,0,0,2,https://img.travel.rakuten.co.jp/image/tr/api/re/IdsCY/?f_no=8288&f_syu=sk&f_hi1=2026-10-17&f_hi2=2026-10-18&f_heya_su=1&f_otona_su=1&f_s1=0&f_s2=0&f_y1=0&f_y2=0&f_y3=0&f_y4=0&f_camp_id=4762610,0,2026-10-17,29665,29665,1,2026-10-17,seibu
178484,ベストウェスタンプラス福岡天神南,https://img.travel.rakuten.co.jp/image/tr/api/re/pvonD/?f_no=178484,https://img.travel.rakuten.co.jp/image/tr/api/re/vFumt/?f_no=178484&f_flg=PLAN,https://img.travel.rakuten.co.jp/image/tr/api/re/WzozX/?noTomariHotel=178484,https://img.travel.rakuten.co.jp/image/tr/api/re/gJNfM/?f_hotel_no=178484,べすとうぇすたんぷらすふくおかてんじん,九州初、ベストウェスタンプラスでワンランク上の快適なご滞在を。天神も中洲も徒歩圏内。ビジネスや旅行に最適です。,5500,120908.64,469470.24,810-0003,福岡県,福岡市中央区春吉3-13-19,092-718-7700,092-718-7705,福岡市地下鉄七隈線「天神南駅」より徒歩にて約5分,無し　近隣のコインパーキングをご利用ください。,天神,https://img.travel.rakuten.co.jp/share/HOTEL/178484/178484.jpg,https://img.travel.rakuten.co.jp/HIMG/90/178484.jpg,,,https://img.travel.rakuten.co.jp/share/HOTEL/178484/178484map.gif,933.0,4.19,"天神南駅および西鉄天神駅から予想以上に便利でした。周りの環境は今一つ。飲み屋街で女性一人の利用はお勧めできない感じです。あと部屋の目覚まし時計(ラジオ付きでデザイン重視のソニー製でしたが)が完全に故障…　2026-09-20 12:21:31投稿 <a href=""https://img.travel.rakuten.co.jp/image/tr/api/re/gJNfM/?f_hotel_no=178484"" class=""3click"">つづきはこちら</a>",roh,お部屋タイプおまかせ,5551932.0,【お日にち限定】お部屋タイプおまかせプラン / 素泊り,1,0,0,0,0,1,https://img.travel.rakuten.co.jp/image/tr/api/re/IdsCY/?f_no=178484&f_syu=roh&f_hi1=2026-10-17&f_hi2=2026-10-18&f_heya_su=1&f_otona_su=1&f_s1=0&f_s2=0&f_y1=0&f_y2=0&f_y3=0&f_y4=0&f_camp_id=5551932,0,2026-10-17,40480,40480,0,2026-10-17,seibu
176739,ホテルビスタ福岡【中洲川端】,https://img.travel.rakuten.co.jp/image/tr/api/re/pvonD/?f_no=176739,https://img.travel.rakuten.co.jp/image/tr/api/re/vFumt/?f_no=176739&f_flg=PLAN,https://img.travel.rakuten.co.jp/image/tr/api/re/WzozX/?noTomariHotel=176739,https://img.travel.rakuten.co.jp/image/tr/api/re/gJNfM/?f_hotel_no=176739,びすた　ふくおか　なかすかわばた,「博多座」まで徒歩約3分　歌舞伎・ミュージカル等、年間通して公演をお楽しみいただけます,6700,120931.58,469478.03,812-0026,福岡県,福岡市博多区上川端町14-28,092-281-3737,092-281-3736,中洲川端駅７番出口より徒歩にて約３分。地下鉄にて天神駅まで２分、博多駅まで４分の好立地。最寄りのコンビニまで徒歩1分。,"５台先着順 一泊一台1,500円(税込) 機械式のため車高及び車幅制限あり 満車時は提携駐車場を案内",中洲川端,https://img.travel.rakuten.co.jp/share/HOTEL/176739/176739.jpg,https://img.travel.rakuten.co.jp/HIMG/90/176739.jpg,https://img.travel.rakuten.co.jp/share/HOTEL/176739/176739_kan1.jpg,https://img.travel.rakuten.co.jp/HIMG/INTERIOR/176739.jpg,https://img.travel.rakuten.co.jp/share/HOTEL/176739/176739map.gif,861.0,4.27,"シャワータイプのお部屋を予約していましたが、客室に浴室あるタイプにグレードアップしていただき、夜に食べ歩きしてきても安心して夜入れる環境で最高の旅になりました。　2026-10-09 00:57:32投稿 <a href=""https://img.travel.rakuten.co.jp/image/tr/api/re/gJNfM/?f_hotel_no=176739"" class=""3click"">つづきはこちら</a>",ss,禁煙シャワードシングル 120cmベッド,5871025.0,シンプルステイプラン（素泊り）,1,0,0,0,0,2,https://img.travel.rakuten.co.jp/image/tr/api/re/IdsCY/?f_no=176739&f_syu=ss&f_hi1=2026-10-17&f_hi2=2026-10-18&f_heya_su=1&f_otona_su=1&f_s1=0&f_s2=0&f_y1=0&f_y2=0&f_y3=0&f_y4=0&f_camp_id=5871025,0,2026-10-17,27000,27000,0,2026-10-17,seibu
147590,ホテルニューガイア薬院,https://img.travel.rakuten.co.jp/image/tr/api/re/pvonD/?f_no=147590,https://img.travel.rakuten.co.jp/image/tr/api/re/vFumt/?f_no=147590&f_flg=PLAN,https://img.travel.rakuten.co.jp/image/tr/api/re/WzozX/?noTomariHotel=147590,https://img.travel.rakuten.co.jp/image/tr/api/re/gJNfM/?f_hotel_no=147590,にゅーがいあやくいん,全館リニューアル！全客室エアウィーブ導入＆無料ラウンジで快適な滞在を。＼別館（新客室）続々NEWOPEN／,6400,120876.74,469455.87,810-0013,福岡県,福岡市中央区大宮1-1-6(本館）/福岡市中央区大宮1-1-7（別館No.21）/福岡市中央区平尾1-3-45（別館No.22）/　福岡市中央区平尾1丁目4-4（別館No.23）,092-534-4126,092-534-4127,西鉄薬院駅又は地下鉄七隈線薬院駅より徒歩約2分,"8台【1泊￥1,000-】 ●先着順・予約不可 ※ 満車の場合、近隣の有料駐車場をご利用下さい。",薬院,https://img.travel.rakuten.co.jp/share/HOTEL/147590/147590.jpg,https://img.travel.rakuten.co.jp/HIMG/90/147590.jpg,,,https://img.travel.rakuten.co.jp/share/HOTEL/147590/147590map.gif,1554.0,4.13,"近隣には…　2026-09-19 20:44:14投稿 <a href=""https://img.travel.rakuten.co.jp/image/tr/api/re/gJNfM/?f_hotel_no=147590"" class=""3click"">つづきはこちら</a>",re_nss,【禁煙】リニューアルスタンダードシングル,6623661.0,【週末限定】予定がお決まりの方におすすめ！特別料金プラン＜キャンセル規定あり＞,1,0,0,0,0,2,https://img.travel.rakuten.co.jp/image/tr/api/re/IdsCY/?f_no=147590&f_syu=re_nss&f_hi1=2026-10-17&f_hi2=2026-10-18&f_heya_su=1&f_otona_su=1&f_s1=0&f_s2=0&f_y1=0&f_y2=0&f_y3=0&f_y4=0&f_camp_id=6623661,0,2026-10-17,25275,25275,0,2026-10-17,seibu
2604,ホテルオークラ福岡,https://img.travel.rakuten.co.jp/image/tr/api/re/pvonD/?f_no=2604,https://img.travel.rakuten.co.jp/image/tr/api/re/vFumt/?f_no=2604&f_flg=PLAN,https://img.travel.rakuten.co.jp/image/tr/api/re/WzozX/?noTomariHotel=2604,https://img.travel.rakuten.co.jp/image/tr/api/re/gJNfM/?f_hotel_no=2604,おーくら　ふくおか,ホテルオークラ福岡のおもてなしで寛ぎのひと時をお過ごし下さい。地下鉄直結の好立地により、ゆとりある時間でご利用頂けます。,14085,120931.91,469465.86,812-0027,福岡県,福岡市博多区下川端町3-2 博多リバレイン,092-262-1111,092-262-7701,"地下鉄-中洲川端駅直結-6番出口徒歩1分（福岡空港駅約10分,博多駅約5分）/お車（福岡空港約20分,博多駅約10分）","有り  1泊 ￥2,000（税込）　台数387台　※近隣施設共有駐車場の為、予約が出来兼ねます。",中洲川端,https://img.travel.rakuten.co.jp/share/HOTEL/2604/2604.jpg,https://img.travel.rakuten.co.jp/HIMG/90/2604.jpg,https://img.travel.rakuten.co.jp/share/HOTEL/2604/2604_sgl.jpg,https://img.travel.rakuten.co.jp/HIMG/INTERIOR/2604.jpg,https://img.travel.rakuten.co.jp/share/HOTEL/2604/2604map.gif,2518.0,4.56,"朝食バイキングは安定して美味しかったです。サービススタッフも素晴らしいと思います。ただチェックイン時に荷物を持たずフロントに行った際に、3名程フロントスタッフが待機していたにも関わらず近寄って目の前に…　2026-09-08 21:14:50投稿 <a href=""https://img.travel.rakuten.co.jp/image/tr/api/re/gJNfM/?f_hotel_no=2604"" class=""3click"">つづきはこちら</a>",ndblp,【禁煙】スタンダードダブル　25平米,2735628.0,【SAVER】シンプルステイ（室料のみ）,1,0,0,0,0,1,https://img.travel.rakuten.co.jp/image/tr/api/re/IdsCY/?f_no=2604&f_syu=ndblp&f_hi1=2026-10-17&f_hi2=2026-10-18&f_heya_su=1&f_otona_su=1&f_s1=0&f_s2=0&f_y1=0&f_y2=0&f_y3=0&f_y4=0&f_camp_id=2735628,0,2026-10-17,58300,58300,0,2026-10-17,seibu
181851,ホテルリファレンス天神３,https://img.travel.rakuten.co.jp/image/tr/api/re/pvonD/?f_no=181851,https://img.travel.rakuten.co.jp/image/tr/api/re/vFumt/?f_no=181851&f_flg=PLAN,https://img.travel.rakuten.co.jp/image/tr/api/re/WzozX/?noTomariHotel=181851,https://img.travel.rakuten.co.jp/image/tr/api/re/gJNfM/?f_hotel_no=181851,ほてるりふぁれんすてんじん３,ライブハウス・イベント会場へのアクセス抜群！天神中心部徒歩圏内★全室クイーンサイズベッド＆4KTV。,4950,120926.32,469430.47,810-0001,福岡県,福岡市中央区天神3-8-10,092-718-3030,092-718-3050,西鉄福岡天神駅(地下鉄天神駅)下車から天神地下街の西1出口より徒歩7分,"24時間1,500円(ご宿泊者様のみ)　ご予約不可",西鉄福岡,https://img.travel.rakuten.co.jp/share/HOTEL/181851/181851.jpg,https://img.travel.rakuten.co.jp/HIMG/90/181851.jpg,,,https://img.travel.rakuten.co.jp/share/HOTEL/181851/181851map.gif,422.0,4.23,"お部屋が広くて清潔でした。一方で、お風呂は部屋の広さの割には小さめでした。シャワーと蛇口を両方使える設備はとても良かったです。また、フリードリンクも助かりました。　2026-10-06 22:50:42投稿 <a href=""https://img.travel.rakuten.co.jp/image/tr/api/re/gJNfM/?f_hotel_no=181851"" class=""3click"">つづきはこちら</a>",0001,【禁煙】ダブルルーム(Standard)★クイーンベッド★,4967516.0,【オンライン決済限定プラン】ライブ会場・福岡グルメ・観光地アクセス良好★天神★素泊まり※返金不可,1,0,0,0,0,2,https://img.travel.rakuten.co.jp/image/tr/api/re/IdsCY/?f_no=181851&f_syu=0001&f_hi1=2026-10-17&f_hi2=2026-10-18&f_heya_su=1&f_otona_su=1&f_s1=0&f_s2=0&f_y1=0&f_y2=0&f_y3=0&f_y4=0&f_camp_id=4967516,0,2026-10-17,36600,36600,0,2026-10-17,seibu
10722,ホテルエクレール博多,https://img.travel.rakuten.co.jp/image/tr/api/re/pvonD/?f_no=10722,https://img.travel.rakuten.co.jp/image/tr/api/re/vFumt/?f_no=10722&f_flg=PLAN,https://img.travel.rakuten.co.jp/image/tr/api/re/WzozX/?noTomariHotel=10722,https://img.travel.rakuten.co.jp/image/tr/api/re/gJNfM/?f_hotel_no=10722,えくれーる　はかた,【天神・博多・空港までのアクセス◎】ライブや観劇にもおすすめ！,6300,120934.62,469465.82,812-0028,福岡県,福岡市博多区須崎町1-1,092-283-2000,092-283-6262,地下鉄『中洲川端駅』6番出口より徒歩2分/博多座まで徒歩2分/マリンメッセ・キャナルシティ・アクロス福岡まで徒歩圏内,10台（完全予約制）1400円/泊　　※大型車両も駐車可能。料金はお問い合わせ下さい,中洲川端,https://img.travel.rakuten.co.jp/share/HOTEL/10722/10722.jpg,https://img.travel.rakuten.co.jp/HIMG/90/10722.jpg,https://img.travel.rakuten.co.jp/share/HOTEL/10722/10722_robi.jpg,https://img.travel.rakuten.co.jp/HIMG/INTERIOR/10722.jpg,https://img.travel.rakuten.co.jp/share/HOTEL/10722/10722map.gif,2004.0,4.28,,07,■禁煙　デラックスダブル■ベッド幅　170cm（24平米）,6197858.0,《事前カード決済》駅より徒歩2分！お洒落な空間♪日々の喧騒を忘れるひとと【素泊まり】,1,0,0,0,0,2,https://img.travel.rakuten.co.jp/image/tr/api/re/IdsCY/?f_no=10722&f_syu=07&f_hi1=2026-10-17&f_hi2=2026-10-18&f_heya_su=1&f_otona_su=1&f_s1=0&f_s2=0&f_y1=0&f_y2=0&f_y3=0&f_y4=0&f_camp_id=6197858,0,2026-10-17,33800,33800,0,2026-10-17,seibu
182,アパホテル〈福岡渡辺通駅前〉ＥＸＣＥＬＬＥＮＴ,https://img.travel.rakuten.co.jp/image/tr/api/re/pvonD/?f_no=182,https://img.travel.rakuten.co.jp/image/tr/api/re/vFumt/?f_no=182&f_flg=PLAN,https://img.travel.rakuten.co.jp/image/tr/api/re/WzozX/?noTomariHotel=182,https://img.travel.rakuten.co.jp/image/tr/api/re/gJNfM/?f_hotel_no=182,あぱほてる＜ふくおかわたなべどおりえきまえ＞えくせれんと,全客室にコーヒーメーカー（ドルチェグスト）設置。上質な滞在と人気のお肉メイン朝食ビュッフェを。,5130,120883.94,469477.64,810-0005,福岡県,福岡市中央区清川1-10-1,0570-099-811,092-524-2377,電車：地下鉄七隈線「渡辺通駅」2番出口から徒歩約5分　バス：博多駅「博多駅前Bのりば」→「柳橋」下車徒歩1分,"料金：1,100円/1泊（15時〜翌11時） ※155cmの車高制限がございます。",天神,https://img.travel.rakuten.co.jp/share/HOTEL/182/182.jpg,https://img.travel.rakuten.co.jp/HIMG/90/182.jpg,https://img.travel.rakuten.co.jp/share/HOTEL/182/182_si.jpg,https://img.travel.rakuten.co.jp/HIMG/INTERIOR/182.jpg,https://img.travel.rakuten.co.jp/share/HOTEL/182/182map.gif,3237.0,4.05,,zs1k,シングル□禁煙室□,5717499.0,【素泊まり・事前決済限定】1秒チェックインにおすすめ！,1,0,0,0,0,2,https://img.travel.rakuten.co.jp/image/tr/api/re/IdsCY/?f_no=182&f_syu=zs1k&f_hi1=2026-10-17&f_hi2=2026-10-18&f_heya_su=1&f_otona_su=1&f_s1=0&f_s2=0&f_y1=0&f_y2=0&f_y3=0&f_y4=0&f_camp_id=5717499,0,2026-10-17,32310,32310,0,2026-10-17,seibu
3089,プラザホテルプルミエ,https://img.travel.rakuten.co.jp/image/tr/api/re/pvonD/?f_no=3089,https://img.travel.rakuten.co.jp/image/tr/api/re/vFumt/?f_no=3089&f_flg=PLAN,https://img.travel.rakuten.co.jp/image/tr/api/re/WzozX/?noTomariHotel=3089,https://img.travel.rakuten.co.jp/image/tr/api/re/gJNfM/?f_hotel_no=3089,ぷらざほてる　ぷるみえ,福岡の天神地区のホテル。出張や買物に最適！快適なデュベスタイル・Wi-Fi接続。,4320,120902.64,469432.81,810-0041,福岡県,福岡市中央区大名1-14-13,0570-076-633,092-734-7601,博多駅、福岡空港より地下鉄で1本。空港線天神駅3番出口より徒歩7分。七隈線天神南駅2番出口より徒歩8分。,駐車場あり(先着順・予約不可)  2500円/ 1泊,天神,https://img.travel.rakuten.co.jp/share/HOTEL/3089/3089.jpg,https://img.travel.rakuten.co.jp/HIMG/90/3089.jpg,https://img.travel.rakuten.co.jp/share/HOTEL/3089/3089_tui.jpg,https://img.travel.rakuten.co.jp/HIMG/INTERIOR/3089.jpg,https://img.travel.rakuten.co.jp/share/HOTEL/3089/3089map.gif,2923.0,3.71,,sssss,【喫煙】セミダブル,4512043.0,「プルミエ」ステイ,1,0,0,0,0,1,https://img.travel.rakuten.co.jp/image/tr/api/re/IdsCY/?f_no=3089&f_syu=sssss&f_hi1=2026-10-17&f_hi2=2026-10-18&f_heya_su=1&f_otona_su=1&f_s1=0&f_s2=0&f_y1=0&f_y2=0&f_y3=0&f_y4=0&f_camp_id=4512043,0,2026-10-17,30510,30510,0,2026-10-17,seibu
171975,リッチモンドホテル天神西通,https://img.travel.rakuten.co.jp/image/tr/api/re/pvonD/?f_no=171975,https://img.travel.rakuten.co.jp/image/tr/api/re/vFumt/?f_no=171975&f_flg=PLAN,https://img.travel.rakuten.co.jp/image/tr/api/re/WzozX/?noTomariHotel=171975,https://img.travel.rakuten.co.jp/image/tr/api/re/gJNfM/?f_hotel_no=171975,りっちもんどほてるてんじんにしどおり,楽天トラベルブロンズアワード2024受賞☆空港・博多・中洲へのアクセスも抜群。市内ビジネス、観光の拠点に最適なホテル。,9350,120909.07,469436.1,810-0001,福岡県,福岡市中央区天神2-6-16,092-717-2477,092-717-2478,地下鉄空港線　天神駅より徒歩にて約５分,無し【提携先】福岡中央自動車駐車場※2026年3月末で閉業予定です。以降の提携先はございません。,天神,https://img.travel.rakuten.co.jp/share/HOTEL/171975/171975.jpg,https://img.travel.rakuten.co.jp/HIMG/90/171975.jpg,https://img.travel.rakuten.co.jp/share/HOTEL/171975/171975_kan1.jpg,https://img.travel.rakuten.co.jp/HIMG/INTERIOR/171975.jpg,https://img.travel.rakuten.co.jp/share/HOTEL/171975/171975map.gif,982.0,4.38,"お風呂が広くてトイレと別でよかったです。清潔で快適に過ごせました！また利用したいです　2026-09-26 10:07:55投稿 <a href=""https://img.travel.rakuten.co.jp/image/tr/api/re/gJNfM/?f_hotel_no=171975"" class=""3click"">つづきはこちら</a>",sn,【禁煙】モデレートシングル,6472555.0,【キャンセル不可◆事前決済限定】素泊まり　お得な特別料金プラン,1,0,0,0,0,2,https://img.travel.rakuten.co.jp/image/tr/api/re/IdsCY/?f_no=171975&f_syu=sn&f_hi1=2026-10-17&f_hi2=2026-10-18&f_heya_su=1&f_otona_su=1&f_s1=0&f_s2=0&f_y1=0&f_y2=0&f_y3=0&f_y4=0&f_camp_id=6472555,0,2026-10-17,41600,41600,0,2026-10-17,seibu
17701,博多グリーンホテル天神,https://img.travel.rakuten.co.jp/image/tr/api/re/pvonD/?f_no=17701,https://img.travel.rakuten.co.jp/image/tr/api/re/vFumt/?f_no=17701&f_flg=PLAN,https://img.travel.rakuten.co.jp/image/tr/api/re/WzozX/?noTomariHotel=17701,https://img.travel.rakuten.co.jp/image/tr/api/re/gJNfM/?f_hotel_no=17701,はかた　ぐりーんほてる　てんじん,チェックイン１３時、アウト１２時◇全室、シモンズ製６．５インチベッド、加湿空気清浄機完備◇Wi－Fi無料,8000,120912.03,469424.66,810-0041,福岡県,福岡市中央区大名2-9-11,092-722-3636,092-722-3637,福岡空港から市営地下鉄13分⇒赤坂駅下車後５番出口より徒歩１分,"近隣一般駐車場契約有[1泊2,500円入出庫無]※お気軽におたずね下さい",天神,https://img.travel.rakuten.co.jp/share/HOTEL/17701/17701.jpg,https://img.travel.rakuten.co.jp/HIMG/90/17701.jpg,https://img.travel.rakuten.co.jp/share/HOTEL/17701/17701_tw.jpg,https://img.travel.rakuten.co.jp/HIMG/INTERIOR/17701.jpg,https://img.travel.rakuten.co.jp/share/HOTEL/17701/17701map.gif,2351.0,4.13,"電話対応も良く、安心して子供1人(高校生)で宿泊させれました。また、利用したいホテルです。　2026-10-07 23:40:58投稿 <a href=""https://img.travel.rakuten.co.jp/image/tr/api/re/gJNfM/?f_hotel_no=17701"" class=""3click"">つづきはこちら</a>",ht-kinen,禁煙ハリウッドツイン,3107206.0,【軽朝食無料サービス付き】13時イン12時アウトペア＆ファミリープラン,1,0,0,0,0,1,https://img.travel.rakuten.co.jp/image/tr/api/re/IdsCY/?f_no=17701&f_syu=ht-kinen&f_hi1=2026-10-17&f_hi2=2026-10-18&f_heya_su=1&f_otona_su=1&f_s1=0&f_s2=0&f_y1=0&f_y2=0&f_y3=0&f_y4=0&f_camp_id=3107206,0,2026-10-17,39900,39900,0,2026-10-17,seibu
5388,ＫＫＲホテル博多（国家公務員共済組合連合会福岡共済会館）,https://img.travel.rakuten.co.jp/image/tr/api/re/pvonD/?f_no=5388,https://img.travel.rakuten.co.jp/image/tr/api/re/vFumt/?f_no=5388&f_flg=PLAN,https://img.travel.rakuten.co.jp/image/tr/api/re/WzozX/?noTomariHotel=5388,https://img.travel.rakuten.co.jp/image/tr/api/re/gJNfM/?f_hotel_no=5388,けーけーあーるほてる　はかた,地下鉄「薬院大通駅」から徒歩約4分！敷地内に平面駐車場を56台完備♪何度でも出し入れできるからクルマ旅にもピッタリ！,6000,120871.72,469425.58,810-0022,福岡県,福岡市中央区薬院4-21-1,092-521-1361,092-521-4881,「南薬院」バス停から徒歩約1分、地下鉄七隈線「薬院大通駅」から徒歩約4分,56台収容可能の平面駐車場を敷地内に完備。何度でも出し入れ可能。（有料1000円/泊・先着順）,博多,https://img.travel.rakuten.co.jp/share/HOTEL/5388/5388.jpg,https://img.travel.rakuten.co.jp/HIMG/90/5388.jpg,https://img.travel.rakuten.co.jp/share/HOTEL/5388/5388_sgl.jpg,https://img.travel.rakuten.co.jp/HIMG/INTERIOR/5388.jpg,https://img.travel.rakuten.co.jp/share/HOTEL/5388/5388map.gif,2826.0,4.39,,htt,【禁煙】バリアフリーツインルーム（ベッド幅123cm）,4398898.0,≪事前決済限定≫返金不可プラン【素泊まり】,1,0,0,0,0,2,https://img.travel.rakuten.co.jp/image/tr/api/re/IdsCY/?f_no=5388&f_syu=htt&f_hi1=2026-10-17&f_hi2=2026-10-18&f_heya_su=1&f_otona_su=1&f_s1=0&f_s2=0&f_y1=0&f_y2=0&f_y3=0&f_y4=0&f_camp_id=4398898,0,2026-10-17,34200,34200,0,2026-10-17,seibu
165979,ＤＥＬ　ｓｔｙｌｅ　福岡西中洲　（旧ダイワロイネットホテル福岡西中州）,https://img.travel.rakuten.co.jp/image/tr/api/re/pvonD/?f_no=165979,https://img.travel.rakuten.co.jp/image/tr/api/re/vFumt/?f_no=165979&f_flg=PLAN,https://img.travel.rakuten.co.jp/image/tr/api/re/WzozX/?noTomariHotel=165979,https://img.travel.rakuten.co.jp/image/tr/api/re/gJNfM/?f_hotel_no=165979,でる　すたいる　ふくおかにしなかす（きゅう　だいわろいねっとほてるふくおかにしなかす）　,天神・中洲屋台・キャナルシティ博多まで徒歩圏内の好立地。館内コンビニエンスストア有り。観光・ビジネスの拠点におすすめ,5250,120913.01,469470.09,810-0002,福岡県,福岡市中央区西中洲1-9,092-409-3155,092-409-3159,地下鉄空港線「中洲川端」駅より徒歩約8分。地下鉄七隈線「天神南駅」6番出口より徒歩約4分。天神・中洲屋台へは徒歩約5分！,無し,,https://img.travel.rakuten.co.jp/share/HOTEL/165979/165979.jpg,https://img.travel.rakuten.co.jp/HIMG/90/165979.jpg,https://img.travel.rakuten.co.jp/share/HOTEL/165979/165979_kan1.jpg,https://img.travel.rakuten.co.jp/HIMG/INTERIOR/165979.jpg,https://img.travel.rakuten.co.jp/share/HOTEL/165979/165979map.gif,655.0,4.24,"部屋でちょっと仕事をするのですが、テレビにPCをつなげるのにHDMI端子が使いやすい場所にあるので助…　2026-10-06 09:56:45投稿 <a href=""https://img.travel.rakuten.co.jp/image/tr/api/re/gJNfM/?f_hotel_no=165979"" class=""3click"">つづきはこちら</a>",san1,【禁煙】ベーシックダブル（1名利用）,6458446.0,【グループ新規開業記念】期間限定プラン【素泊り】,1,0,0,0,0,1,https://img.travel.rakuten.co.jp/image/tr/api/re/IdsCY/?f_no=165979&f_syu=san1&f_hi1=2026-10-17&f_hi2=2026-10-18&f_heya_su=1&f_otona_su=1&f_s1=0&f_s2=0&f_y1=0&f_y2=0&f_y3=0&f_y4=0&f_camp_id=6458446,0,2026-10-17,36700,36700,0,2026-10-17,seibu
72791,ホテルマイステイズ福岡天神,https://img.travel.rakuten.co.jp/image/tr/api/re/pvonD/?f_no=72791,https://img.travel.rakuten.co.jp/image/tr/api/re/vFumt/?f_no=72791&f_flg=PLAN,https://img.travel.rakuten.co.jp/image/tr/api/re/WzozX/?noTomariHotel=72791,https://img.travel.rakuten.co.jp/image/tr/api/re/gJNfM/?f_hotel_no=72791,まいすていずふくおかてんじん,福岡の中心 天神駅より徒歩5分とアクセス至便！くつろぎと快適さをお届けいたします。,5090,120920.66,469433.4,810-0001,福岡県,福岡市中央区天神3-5-7,092-687-1100,092-687-1102,地下鉄 天神駅の4番出口より徒歩5分 福岡空港から乗り換えなし10分。コンビニまで徒歩１分,敷地内駐車場は【コインパーキング】です。（※ご予約制ではございませんのでご了承ください）,天神,https://img.travel.rakuten.co.jp/share/HOTEL/72791/72791.jpg,https://img.travel.rakuten.co.jp/HIMG/90/72791.jpg,https://img.travel.rakuten.co.jp/share/HOTEL/72791/72791_room.jpg,https://img.travel.rakuten.co.jp/HIMG/INTERIOR/72791.jpg,https://img.travel.rakuten.co.jp/share/HOTEL/72791/72791map.gif,2034.0,4.16,"どうやらドライヤーではなく、室内の一部のコンセントの不具合だったようで、一時そのコンセントでは電力供給できな…　2026-09-26 01:45:07投稿 <a href=""https://img.travel.rakuten.co.jp/image/tr/api/re/gJNfM/?f_hotel_no=72791"" class=""3click"">つづきはこちら</a>",sia,■喫煙■スタンダードダブル【15平米】,3362446.0,【素泊まり / ベストレート】小学生のお子様まで【添い寝無料】,1,0,0,0,0,1,https://img.travel.rakuten.co.jp/image/tr/api/re/IdsCY/?f_no=72791&f_syu=sia&f_hi1=2026-10-17&f_hi2=2026-10-18&f_heya_su=1&f_otona_su=1&f_s1=0&f_s2=0&f_y1=0&f_y2=0&f_y3=0&f_y4=0&f_camp_id=3362446,0,2026-10-17,32440,32440,0,2026-10-17,seibu
70215,ホテルマイステイズ福岡天神南,https://img.travel.rakuten.co.jp/image/tr/api/re/pvonD/?f_no=70215,https://img.travel.rakuten.co.jp/image/tr/api/re/vFumt/?f_no=70215&f_flg=PLAN,https://img.travel.rakuten.co.jp/image/tr/api/re/WzozX/?noTomariHotel=70215,https://img.travel.rakuten.co.jp/image/tr/api/re/gJNfM/?f_hotel_no=70215,ほてるまいすていずふくおかてんじんみなみ,地下鉄七隈線「天神南駅」から徒歩5分、「天神・中洲エリア」へ徒歩圏内。 ミニキッチン付のお部屋は連泊時に大人気！,5190,120907.54,469471.21,810-0003,福岡県,福岡市中央区春吉3-14-20,092-286-1700,092-286-2100,■空港から空港線「博多駅」にて七隈線に乗り換え「天神南駅」6番出口より徒歩5分■「天神高速バスターミナル」より徒歩８分,"ご利用の方は事前にお電話にてご予約下さい。1,500円／泊　※先着順。台数に限りがあります。　",,https://img.travel.rakuten.co.jp/share/HOTEL/70215/70215.jpg,https://img.travel.rakuten.co.jp/HIMG/90/70215.jpg,https://img.travel.rakuten.co.jp/share/HOTEL/70215/70215_s.jpg,https://img.travel.rakuten.co.jp/HIMG/INTERIOR/70215.jpg,https://img.travel.rakuten.co.jp/share/HOTEL/70215/70215map.gif,2260.0,4.12,"近くにモ…　2026-10-01 22:26:03投稿 <a href=""https://img.travel.rakuten.co.jp/image/tr/api/re/gJNfM/?f_hotel_no=70215"" class=""3click"">つづきはこちら</a>",d1a,禁煙◇スタンダードダブル◇１５平米,6165179.0,【ベストレート / 朝食付き】カレー＆ミニブッフェ朝食,1,0,0,1,0,1,https://img.travel.rakuten.co.jp/image/tr/api/re/IdsCY/?f_no=70215&f_syu=d1a&f_hi1=2026-10-17&f_hi2=2026-10-18&f_heya_su=1&f_otona_su=1&f_s1=0&f_s2=0&f_y1=0&f_y2=0&f_y3=0&f_y4=0&f_camp_id=6165179,0,2026-10-17,39370,39370,0,2026-10-17,seibu
168188,ワンズホテル福岡,https://img.travel.rakuten.co.jp/image/tr/api/re/pvonD/?f_no=168188,https://img.travel.rakuten.co.jp/image/tr/api/re/vFumt/?f_no=168188&f_flg=PLAN,https://img.travel.rakuten.co.jp/image/tr/api/re/WzozX/?noTomariHotel=168188,https://img.travel.rakuten.co.jp/image/tr/api/re/gJNfM/?f_hotel_no=168188,わんずほてるふくおか,２０１８年１１月開業！地下鉄唐人町徒歩０分！隣はセブンイレブン！ヤフオクドーム徒歩圏内！全室ダブルベッドの寛ぎ空間。,4150,120909.75,469336.92,810-0054,福岡県,福岡市中央区今川1-3-3　,092-738-5533,092-738-5588,地下鉄　唐人町駅②番出口より約０分  〈 21時以降は⑤番出口〉〈 エレベーターは⑦番出口（ホテルまで徒歩約5分）〉,無し、近隣コインパーキング22台（1時間100円昼最大600円夜最大400円）イベント料金あり！,唐人町,https://img.travel.rakuten.co.jp/share/HOTEL/168188/168188.jpg,https://img.travel.rakuten.co.jp/HIMG/90/168188.jpg,,,https://img.travel.rakuten.co.jp/share/HOTEL/168188/168188map.gif,329.0,4.19,"二度目の宿泊で勝手知ったることもあり、ホテル内の施設や周辺のコンビニを活用して有意義な時間を過…　2026-10-04 23:23:57投稿 <a href=""https://img.travel.rakuten.co.jp/image/tr/api/re/gJNfM/?f_hotel_no=168188"" class=""3click"">つづきはこちら</a>",dba,ダブルA〔禁煙〕（11.5平米・Wi-Fi無料）,4322226.0,【現金支払い限定】全室ダブルベッド★駅チカ＆ドーム徒歩圏内のお得ステイ,1,0,0,0,0,0,https://img.travel.rakuten.co.jp/image/tr/api/re/IdsCY/?f_no=168188&f_syu=dba&f_hi1=2026-10-17&f_hi2=2026-10-18&f_heya_su=1&f_otona_su=1&f_s1=0&f_s2=0&f_y1=0&f_y2=0&f_y3=0&f_y4=0&f_camp_id=4322226,0,2026-10-17,32700,32700,0,2026-10-17,seibu
167056,Ｔｈｅ　ＢＲＥＡＫＦＡＳＴ　ＨＯＴＥＬ福岡中洲,https://img.travel.rakuten.co.jp/image/tr/api/re/pvonD/?f_no=167056,https://img.travel.rakuten.co.jp/image/tr/api/re/vFumt/?f_no=167056&f_flg=PLAN,https://img.travel.rakuten.co.jp/image/tr/api/re/WzozX/?noTomariHotel=167056,https://img.travel.rakuten.co.jp/image/tr/api/re/gJNfM/?f_hotel_no=167056,ざ　ぶれっくふぁーすと　ほてるふくおかなかす,23年 ACC総務大臣賞を受賞！【春香のBREAKFAST】桜鯛と筍と春フルーツフェア 4月末まで,6300,120924.69,469474.24,810-0801,福岡県,福岡市博多区中洲３丁目６－１９,050-1792-2444,092-291-4124,福岡市営地下鉄 空港線：博多駅経由 中洲川端駅まで4駅9分　中洲川端駅4番出口より徒歩2分,専用駐車場は設けておりません。車でお越しの方は周辺の有料駐車場を利用ください。,中洲川端,https://img.travel.rakuten.co.jp/share/HOTEL/167056/167056.jpg,https://img.travel.rakuten.co.jp/HIMG/90/167056.jpg,,,https://img.travel.rakuten.co.jp/share/HOTEL/167056/167056map.gif,637.0,4.05,"中州も近いし、食事をするには色々な店がたくさんあり、いい場所でした。また朝食も美味しくいただきました　2026-09-17 16:41:45投稿 <a href=""https://img.travel.rakuten.co.jp/image/tr/api/re/gJNfM/?f_hotel_no=167056"" class=""3click"">つづきはこちら</a>",dn,【禁煙室】スタンダードダブルルーム,4203210.0,【素泊りプラン】シャンプー＆バスソルトバー夜食など無料サービス充実♪中洲川端駅近く！,1,0,0,0,0,1,https://img.travel.rakuten.co.jp/image/tr/api/re/IdsCY/?f_no=167056&f_syu=dn&f_hi1=2026-10-17&f_hi2=2026-10-18&f_heya_su=1&f_otona_su=1&f_s1=0&f_s2=0&f_y1=0&f_y2=0&f_y3=0&f_y4=0&f_camp_id=4203210,0,2026-10-17,36400,36400,0,2026-10-17,seibu
147612,ＣＡＮＤＥＯ　ＨＯＴＥＬＳ（カンデオホテルズ）福岡天神,https://img.travel.rakuten.co.jp/image/tr/api/re/pvonD/?f_no=147612,https://img.travel.rakuten.co.jp/image/tr/api/re/vFumt/?f_no=147612&f_flg=PLAN,https://img.travel.rakuten.co.jp/image/tr/api/re/WzozX/?noTomariHotel=147612,https://img.travel.rakuten.co.jp/image/tr/api/re/gJNfM/?f_hotel_no=147612,かんでおほてるずふくおかてんじん,星空に一番近い露天風呂で、心洗われる極上の癒しを。福岡天神にある、唯一無二の4つ星ホテル。,9450,120899.21,469460.56,810-0004,福岡県,福岡市中央区渡辺通5-14-5,0927385600,0927385601,西鉄天神駅より徒歩４分、地下鉄空港線天神駅より徒歩９分、天神南駅より徒歩４分。,"事前予約制（7台）2,000円/１泊　※予約は電話のみ受付可",,https://img.travel.rakuten.co.jp/share/HOTEL/147612/147612.jpg,https://img.travel.rakuten.co.jp/HIMG/90/147612.jpg,,,https://img.travel.rakuten.co.jp/share/HOTEL/147612/147612map.gif,1364.0,4.06,"大浴場、朝食をいただくレストランと…　2026-10-05 05:16:22投稿 <a href=""https://img.travel.rakuten.co.jp/image/tr/api/re/gJNfM/?f_hotel_no=147612"" class=""3click"">つづきはこちら</a>",spk,スーペリアキング,5290670.0,【秋割キャンペーン！】天空でととのう秋の旅へ、最上階スカイスパをドライサウナで堪能（素泊）,1,0,0,0,0,1,https://img.travel.rakuten.co.jp/image/tr/api/re/IdsCY/?f_no=147612&f_syu=spk&f_hi1=2026-10-17&f_hi2=2026-10-18&f_heya_su=1&f_otona_su=1&f_s1=0&f_s2=0&f_y1=0&f_y2=0&f_y3=0&f_y4=0&f_camp_id=5290670,0,2026-10-17,46100,46100,0,2026-10-17,seibu
3088,ザ　ノット　福岡天神（２０２６年４月２０日開業）,https://img.travel.rakuten.co.jp/image/tr/api/re/pvonD/?f_no=3088,https://img.travel.rakuten.co.jp/image/tr/api/re/vFumt/?f_no=3088&f_flg=PLAN,https://img.travel.rakuten.co.jp/image/tr/api/re/WzozX/?noTomariHotel=3088,https://img.travel.rakuten.co.jp/image/tr/api/re/gJNfM/?f_hotel_no=3088,ざ　のっと　ふくおかてんじん,福岡・天神に誕生！街とつながるライフスタイルホテル「THE KNOT FUKUOKA Tenjin」,5487,120903.22,469425.72,810-0041,福岡県,福岡市中央区大名1-9-63,0570-056-633,092-752-7550,博多駅、空港から地下鉄空港線で1本。天神駅3番出口から徒歩8分。赤坂駅（天神駅次）5番出口から4分。,なし,赤坂（福岡）,https://img.travel.rakuten.co.jp/share/HOTEL/3088/3088.jpg,https://img.travel.rakuten.co.jp/HIMG/90/3088.jpg,https://img.travel.rakuten.co.jp/share/HOTEL/3088/3088_tui.jpg,https://img.travel.rakuten.co.jp/HIMG/INTERIOR/3088.jpg,https://img.travel.rakuten.co.jp/share/HOTEL/3088/3088map.gif,2568.0,4.2,,sln,スーペリアセミダブル 禁煙,6420588.0,旅と人と街をつなぐTHE KNOTステイ (素泊まり),1,0,0,0,0,1,https://img.travel.rakuten.co.jp/image/tr/api/re/IdsCY/?f_no=3088&f_syu=sln&f_hi1=2026-10-17&f_hi2=2026-10-18&f_heya_su=1&f_otona_su=1&f_s1=0&f_s2=0&f_y1=0&f_y2=0&f_y3=0&f_y4=0&f_camp_id=6420588,0,2026-10-17,28480,28480,0,2026-10-17,seibu
172982,ザ・ライブリー福岡博多（ＴＨＥ　ＬＩＶＥＬＹ　福岡博多）,https://img.travel.rakuten.co.jp/image/tr/api/re/pvonD/?f_no=172982,https://img.travel.rakuten.co.jp/image/tr/api/re/vFumt/?f_no=172982&f_flg=PLAN,https://img.travel.rakuten.co.jp/image/tr/api/re/WzozX/?noTomariHotel=172982,https://img.travel.rakuten.co.jp/image/tr/api/re/gJNfM/?f_hotel_no=172982,ざ　らいぶりー　はかた　ふくおか,コワーキングスペースやビリヤード、充実したルームサービス、夕方にはフリービール提供。福岡初のライフスタイルホテル。,7450,120925.82,469465.11,810-0801,福岡県,福岡市博多区中洲5-2-18,050-3138-2071, ,地下鉄「中洲川端」駅2番出口より徒歩1分。天神・繁華街まで徒歩圏内。【地下鉄で】博多駅から3分、福岡空港から10分。,1800円/泊　予約不可　車種制限(車高1.6ｍ、車幅1.7ｍ)　7:00-23:00,中洲川端,https://img.travel.rakuten.co.jp/share/HOTEL/172982/172982.jpg,https://img.travel.rakuten.co.jp/HIMG/90/172982.jpg,https://img.travel.rakuten.co.jp/share/HOTEL/172982/172982_kan1.jpg,https://img.travel.rakuten.co.jp/HIMG/INTERIOR/172982.jpg,https://img.travel.rakuten.co.jp/share/HOTEL/172982/172982map.gif,495.0,3.75,"早めに荷物預けて今回はモ…　2026-09-17 10:45:04投稿 <a href=""https://img.travel.rakuten.co.jp/image/tr/api/re/gJNfM/?f_hotel_no=172982"" class=""3click"">つづきはこちら</a>",double,スタンダードダブル（禁煙）,6612067.0,【2026秋限定】秋の九州食材を”掘って発見”！モンブラン付き（素泊まり）,1,0,0,0,0,1,https://img.travel.rakuten.co.jp/image/tr/api/re/IdsCY/?f_no=172982&f_syu=double&f_hi1=2026-10-17&f_hi2=2026-10-18&f_heya_su=1&f_otona_su=1&f_s1=0&f_s2=0&f_y1=0&f_y2=0&f_y3=0&f_y4=0&f_camp_id=6612067,0,2026-10-17,40150,40150,0,2026-10-17,seibu
160839,Ｔｈｅ　ＢＲＥＡＫＦＡＳＴ　ＨＯＴＥＬ福岡天神,https://img.travel.rakuten.co.jp/image/tr/api/re/pvonD/?f_no=160839,https://img.travel.rakuten.co.jp/image/tr/api/re/vFumt/?f_no=160839&f_flg=PLAN,https://img.travel.rakuten.co.jp/image/tr/api/re/WzozX/?noTomariHotel=160839,https://img.travel.rakuten.co.jp/image/tr/api/re/gJNfM/?f_hotel_no=160839,ざ　ぶれっくふぁーすと　ほてるふくおかてんじん,【九州春香食材のイタリアン】BREAKFASTフェスタ 4月末まで,4800,120908.1,469469.4,810-0003,福岡県,福岡市中央区春吉3-23-32,050-1807-4878,092-737-4124,天神南駅6番出口より徒歩5分 　中洲川端駅1番出口より徒歩10分,"先着3台分1泊/2,000円 15時から翌朝11時まで 時間外1時間/500円 予約不可",西鉄福岡,https://img.travel.rakuten.co.jp/share/HOTEL/160839/160839.jpg,https://img.travel.rakuten.co.jp/HIMG/90/160839.jpg,,,https://img.travel.rakuten.co.jp/share/HOTEL/160839/160839map.gif,592.0,4.03,"換気がもう少ししっかりしてるといいかな　2026-09-25 06:38:17投稿 <a href=""https://img.travel.rakuten.co.jp/image/tr/api/re/gJNfM/?f_hotel_no=160839"" class=""3click"">つづきはこちら</a>",b2,【禁煙室】スタンダードダブルルーム,4041954.0,【素泊りプラン】天神南駅近く♪ウェルカムドリンクなど無料サービス充実♪手荷物の預かりも可能！,1,0,0,0,0,1,https://img.travel.rakuten.co.jp/image/tr/api/re/IdsCY/?f_no=160839&f_syu=b2&f_hi1=2026-10-17&f_hi2=2026-10-18&f_heya_su=1&f_otona_su=1&f_s1=0&f_s2=0&f_y1=0&f_y2=0&f_y3=0&f_y4=0&f_camp_id=4041954,0,2026-10-17,38350,38350,0,2026-10-17,seibu
84779,グリーンリッチホテル西鉄大橋駅前,https://img.travel.rakuten.co.jp/image/tr/api/re/pvonD/?f_no=84779,https://img.travel.rakuten.co.jp/image/tr/api/re/vFumt/?f_no=84779&f_flg=PLAN,https://img.travel.rakuten.co.jp/image/tr/api/re/WzozX/?noTomariHotel=84779,https://img.travel.rakuten.co.jp/image/tr/api/re/gJNfM/?f_hotel_no=84779,ぐりーんりっちほてるにしてつおおはしえきまえ,天神まで西鉄電車で７分♪　観光やビジネスの拠点に最適な立地です,5300,120800.69,469542.04,815-0033,福岡県,福岡市南区大橋1-7-15,092-552-4400,092-552-4422,天神から西鉄電車で大橋駅下車。JR竹下駅西口から西鉄バスで大橋駅前下車。西鉄大橋駅（西口）を出て右に進み徒歩にて1分。,ホテルの駐車場はございません。近隣の有料駐車場をご案内致します。,大橋（福岡）,https://img.travel.rakuten.co.jp/share/HOTEL/84779/84779.jpg,https://img.travel.rakuten.co.jp/HIMG/90/84779.jpg,https://img.travel.rakuten.co.jp/share/HOTEL/84779/84779_ru.jpg,https://img.travel.rakuten.co.jp/HIMG/INTERIOR/84779.jpg,https://img.travel.rakuten.co.jp/share/HOTEL/84779/84779map.gif,683.0,3.76,"今回2泊しましたが、朝食が2箇所から選べるのでよかったです。　2026-09-30 19:22:22投稿 <a href=""https://img.travel.rakuten.co.jp/image/tr/api/re/gJNfM/?f_hotel_no=84779"" class=""3click"">つづきはこちら</a>",pasm,プレミアムダブルルーム【喫煙】,6436879.0,【直前割】■朝食無料サービス■,1,0,0,1,0,1,https://img.travel.rakuten.co.jp/image/tr/api/re/IdsCY/?f_no=84779&f_syu=pasm&f_hi1=2026-10-17&f_hi2=2026-10-18&f_heya_su=1&f_otona_su=1&f_s1=0&f_s2=0&f_y1=0&f_y2=0&f_y3=0&f_y4=0&f_camp_id=6436879,0,2026-10-17,30700,30700,0,2026-10-17,seibu
9239,ホテル一楽,https://img.travel.rakuten.co.jp/image/tr/api/re/pvonD/?f_no=9239,https://img.travel.rakuten.co.jp/image/tr/api/re/vFumt/?f_no=9239&f_flg=PLAN,https://img.travel.rakuten.co.jp/image/tr/api/re/WzozX/?noTomariHotel=9239,https://img.travel.rakuten.co.jp/image/tr/api/re/gJNfM/?f_hotel_no=9239,いちらく,■天神・キャナルシティまで車で5分！■駐車場1泊500円（税別）！■庭園大浴場完備！■お子様連れでも安心の和室が40室！,3190,120876.31,469486.5,810-0005,福岡県,福岡市中央区清川2-5-5,092-531-0561,,福岡空港よりタクシー20分。ＪＲ博多駅よりタクシーの場合5分・路線バス利用の場合10分（柳橋バス停下車後3分）,当日15時より先着順　普通車（隣接20台・立体50台）1泊500円（別） ※大型車は別料金・要問合せ,天神,https://img.travel.rakuten.co.jp/share/HOTEL/9239/9239.jpg,https://img.travel.rakuten.co.jp/HIMG/90/9239.jpg,https://img.travel.rakuten.co.jp/share/HOTEL/9239/9239_sig.jpg,https://img.travel.rakuten.co.jp/HIMG/INTERIOR/9239.jpg,https://img.travel.rakuten.co.jp/share/HOTEL/9239/9239map.gif,2246.0,4.03,,jc-k,禁煙9畳和室（洗い場付きバスルーム）,2270792.0,【オンラインカード決済限定】レイトチェックインプラン≪素泊まり≫,1,0,0,0,0,2,https://img.travel.rakuten.co.jp/image/tr/api/re/IdsCY/?f_no=9239&f_syu=jc-k&f_hi1=2026-10-17&f_hi2=2026-10-18&f_heya_su=1&f_otona_su=1&f_s1=0&f_s2=0&f_y1=0&f_y2=0&f_y3=0&f_y4=0&f_camp_id=2270792,0,2026-10-17,22000,22000,0,2026-10-17,seibu
539,博多エクセルホテル東急,https://img.travel.rakuten.co.jp/image/tr/api/re/pvonD/?f_no=539,https://img.travel.rakuten.co.jp/image/tr/api/re/vFumt/?f_no=539&f_flg=PLAN,https://img.travel.rakuten.co.jp/image/tr/api/re/WzozX/?noTomariHotel=539,https://img.travel.rakuten.co.jp/image/tr/api/re/gJNfM/?f_hotel_no=539,はかた　えくせるほてるとうきゅう,九州最大級の繁華街中洲に位置　中洲屋台街・博多や天神エリアも徒歩圏内,7423,120921.8,469467.01,810-0801,福岡県,福岡市博多区中洲4-6-7,092-262-0109,092-262-5578,福岡空港・ＪＲ博多駅から地下鉄で一本！　中洲川端駅4番出口より徒歩約2分,"先着順で有料駐車場有り/予約不可/1泊1,700円/ 高さ制限を越えるお車は近隣駐車場をご案内します",中洲川端,https://img.travel.rakuten.co.jp/share/HOTEL/539/539.jpg,https://img.travel.rakuten.co.jp/HIMG/90/539.jpg,https://img.travel.rakuten.co.jp/share/HOTEL/539/539_t.jpg,https://img.travel.rakuten.co.jp/HIMG/INTERIOR/539.jpg,https://img.travel.rakuten.co.jp/share/HOTEL/539/539map.gif,2097.0,4.19,"色々アクセスが良いです　2026-10-02 07:30:21投稿 <a href=""https://img.travel.rakuten.co.jp/image/tr/api/re/gJNfM/?f_hotel_no=539"" class=""3click"">つづきはこちら</a>",ntan_2,【禁煙】スタンダードツイン,6193822.0,スタンダードプラン【素泊り】,1,0,0,0,0,1,https://img.travel.rakuten.co.jp/image/tr/api/re/IdsCY/?f_no=539&f_syu=ntan_2&f_hi1=2026-10-17&f_hi2=2026-10-18&f_heya_su=1&f_otona_su=1&f_s1=0&f_s2=0&f_y1=0&f_y2=0&f_y3=0&f_y4=0&f_camp_id=6193822,0,2026-10-17,49550,49550,0,2026-10-17,seibu
187109,ザ　ロイヤルパーク　キャンバス　福岡中洲,https://img.travel.rakuten.co.jp/image/tr/api/re/pvonD/?f_no=187109,https://img.travel.rakuten.co.jp/image/tr/api/re/vFumt/?f_no=187109&f_flg=PLAN,https://img.travel.rakuten.co.jp/image/tr/api/re/WzozX/?noTomariHotel=187109,https://img.travel.rakuten.co.jp/image/tr/api/re/gJNfM/?f_hotel_no=187109,ざ　ろいやるぱーく　きゃんばす　ふくおかなかす,天神中心部にも近いアーバンリゾート。 博多川を望むテラス席を併設したキャンバスラウンジの他、大浴場やサウナ等をご用意。,11900,120929.56,469463.5,810-0801,福岡県,福岡市博多区中洲五丁目6番20号,092-291-1188,092-291-0666,福岡市地下鉄空港線「中洲川端駅」3番出口より徒歩約2分。ビジネスでもレジャーでも便利な立地です。,ホテル近隣のある提携駐車場をご案内しております。詳細につきましては宿ニュースをご確認ください。,中洲川端,https://img.travel.rakuten.co.jp/share/HOTEL/187109/187109.jpg,https://img.travel.rakuten.co.jp/HIMG/90/187109.jpg,,,https://img.travel.rakuten.co.jp/share/HOTEL/187109/187109map.gif,185.0,4.3,"…　2026-09-29 00:02:05投稿 <a href=""https://img.travel.rakuten.co.jp/image/tr/api/re/gJNfM/?f_hotel_no=187109"" class=""3click"">つづきはこちら</a>",rdd,スタンダードダブル【禁煙】,5645629.0,CANVAS STAY＜素泊り＞〜観光・ビジネスの拠点に！「中洲川端」駅より徒歩約2分 〜,1,0,0,0,0,1,https://img.travel.rakuten.co.jp/image/tr/api/re/IdsCY/?f_no=187109&f_syu=rdd&f_hi1=2026-10-17&f_hi2=2026-10-18&f_heya_su=1&f_otona_su=1&f_s1=0&f_s2=0&f_y1=0&f_y2=0&f_y3=0&f_y4=0&f_camp_id=5645629,0,2026-10-17,79220,79220,0,2026-10-17,seibu
182669,エスペリアホテル福岡中洲,https://img.travel.rakuten.co.jp/image/tr/api/re/pvonD/?f_no=182669,https://img.travel.rakuten.co.jp/image/tr/api/re/vFumt/?f_no=182669&f_flg=PLAN,https://img.travel.rakuten.co.jp/image/tr/api/re/WzozX/?noTomariHotel=182669,https://img.travel.rakuten.co.jp/image/tr/api/re/gJNfM/?f_hotel_no=182669,えすぺりあほてるふくおかなかす,美容機器ブランド【ＲｅＦａ】ヘアドライヤー・シャワーヘッド全客室導入◆全室バス（orシャワーブース）・洗面・トイレ独立◆,5980,120933.82,469463.56,812-0028,福岡県,福岡市博多区須崎町2-1,092-271-0077,092-271-0078,福岡市地下鉄　中洲川端駅　6番・7番出口　徒歩約3分,無し,中洲川端,https://img.travel.rakuten.co.jp/share/HOTEL/182669/182669.jpg,https://img.travel.rakuten.co.jp/HIMG/90/182669.jpg,,,https://img.travel.rakuten.co.jp/share/HOTEL/182669/182669map.gif,814.0,4.41,"那珂川に近く、徒歩で少し歩けば飲食店も多く、夜は屋台街を覗いて博多の雰囲気を味わいながら博多名物を食…　2026-09-24 21:46:44投稿 <a href=""https://img.travel.rakuten.co.jp/image/tr/api/re/gJNfM/?f_hotel_no=182669"" class=""3click"">つづきはこちら</a>",das,クイーンダブル／シャワーブース/全室禁煙,5104534.0,【素泊り】価格変動型の定番プラン！早期予約がお得♪ ,1,0,0,0,0,1,https://img.travel.rakuten.co.jp/image/tr/api/re/IdsCY/?f_no=182669&f_syu=das&f_hi1=2026-10-17&f_hi2=2026-10-18&f_heya_su=1&f_otona_su=1&f_s1=0&f_s2=0&f_y1=0&f_y2=0&f_y3=0&f_y4=0&f_camp_id=5104534,0,2026-10-17,44100,44100,0,2026-10-17,seibu
183210,ＹＯＵ　ＳＴＹＬＥ　ＨＯＴＥＬ　ＨＡＫＡＴＡ,https://img.travel.rakuten.co.jp/image/tr/api/re/pvonD/?f_no=183210,https://img.travel.rakuten.co.jp/image/tr/api/re/vFumt/?f_no=183210&f_flg=PLAN,https://img.travel.rakuten.co.jp/image/tr/api/re/WzozX/?noTomariHotel=183210,https://img.travel.rakuten.co.jp/image/tr/api/re/gJNfM/?f_hotel_no=183210,ゆー　すたいる　ほてる　はかた,【全室禁煙】2021年10月　新築グランドオープン♪博多座の隣！中洲川端駅からも徒歩3分で便利な立地！,7900,120934.57,469470.12,812-0027,福岡県,福岡市博多区下川端町10-1,092-402-4433,092-402-4432,中洲川端駅より徒歩3分,"有(1,700円/泊)※ホテル内駐車場１台分のみ。※予約制のためホテルに直接お問い合わせください。",中洲川端,https://img.travel.rakuten.co.jp/share/HOTEL/183210/183210.jpg,https://img.travel.rakuten.co.jp/HIMG/90/183210.jpg,,,https://img.travel.rakuten.co.jp/share/HOTEL/183210/183210map.gif,304.0,4.3,"立地も良く、大きすぎないホテルなのでうるさくもなく、次回も利用したいです。　2026-09-29 11:13:11投稿 <a href=""https://img.travel.rakuten.co.jp/image/tr/api/re/gJNfM/?f_hotel_no=183210"" class=""3click"">つづきはこちら</a>",single1,【全室禁煙】セミダブルルーム,5238826.0,★楽天アワード2年連続受賞記念★【素泊まり】2021年10月グランドオープン！全室光触媒除菌導入,1,0,0,0,0,1,https://img.travel.rakuten.co.jp/image/tr/api/re/IdsCY/?f_no=183210&f_syu=single1&f_hi1=2026-10-17&f_hi2=2026-10-18&f_heya_su=1&f_otona_su=1&f_s1=0&f_s2=0&f_y1=0&f_y2=0&f_y3=0&f_y4=0&f_camp_id=5238826,0,2026-10-17,47700,47700,0,2026-10-17,seibu
178294,三井ガーデンホテル福岡中洲,https://img.travel.rakuten.co.jp/image/tr/api/re/pvonD/?f_no=178294,https://img.travel.rakuten.co.jp/image/tr/api/re/vFumt/?f_no=178294&f_flg=PLAN,https://img.travel.rakuten.co.jp/image/tr/api/re/WzozX/?noTomariHotel=178294,https://img.travel.rakuten.co.jp/image/tr/api/re/gJNfM/?f_hotel_no=178294,みついがーでんほてるふくおかなかす,地下鉄空港線中洲川端駅より徒歩約２分の好立地。最上階には大浴場をご用意♪,8785,120926.91,469463.85,810-0801,福岡県,福岡市博多区中洲5-5-1,092-263-5531,092-263-6631,地下鉄空港線　中洲川端駅中洲改札口2番出口より徒歩にて約２分,有り　24台　２，０００円（税込/泊）　先着順　 ※車両制限あり。詳細は公式HPをご確認ください。,中洲川端,https://img.travel.rakuten.co.jp/share/HOTEL/178294/178294.jpg,https://img.travel.rakuten.co.jp/HIMG/90/178294.jpg,,,https://img.travel.rakuten.co.jp/share/HOTEL/178294/178294map.gif,490.0,4.19,"とても綺麗なホテルでお風呂も良かったです！　2026-10-03 22:42:25投稿 <a href=""https://img.travel.rakuten.co.jp/image/tr/api/re/gJNfM/?f_hotel_no=178294"" class=""3click"">つづきはこちら</a>",stdd2,スタンダードダブル（バスタブ）,6632787.0,【オータムSALE】ベーシックプラン＜素泊り＞,1,0,0,0,0,1,https://img.travel.rakuten.co.jp/image/tr/api/re/IdsCY/?f_no=178294&f_syu=stdd2&f_hi1=2026-10-17&f_hi2=2026-10-18&f_heya_su=1&f_otona_su=1&f_s1=0&f_s2=0&f_y1=0&f_y2=0&f_y3=0&f_y4=0&f_camp_id=6632787,0,2026-10-17,53298,53298,0,2026-10-17,seibu
187300,ウェルキャビン天神【男性専用】,https://img.travel.rakuten.co.jp/image/tr/api/re/pvonD/?f_no=187300,https://img.travel.rakuten.co.jp/image/tr/api/re/vFumt/?f_no=187300&f_flg=PLAN,,https://img.travel.rakuten.co.jp/image/tr/api/re/gJNfM/?f_hotel_no=187300,うぇるきゃびんてんじん　だんせいせんよう,コスパとアクセス重視ならココ！半個室つきキャビンが大人気！天神南駅徒歩2分、西鉄福岡駅徒歩4分,3492,120902.55,469458.07,810-0004,福岡県,福岡市中央区渡辺通5-21-5,050-1807-3497,092-406-5951,福岡市営地下鉄七隈線　天神南駅6番口より徒歩2分 西鉄天神大牟田線　西鉄福岡（天神）駅南口より徒歩4分,無し,西鉄福岡,https://img.travel.rakuten.co.jp/share/HOTEL/187300/187300.jpg,https://img.travel.rakuten.co.jp/HIMG/90/187300.jpg,,,https://img.travel.rakuten.co.jp/share/HOTEL/187300/187300map.gif,244.0,3.98,"前利用した際にシャワーのところがロックできなかったができるようになってるいたのでよかった。　2026-10-07 09:27:24投稿 <a href=""https://img.travel.rakuten.co.jp/image/tr/api/re/gJNfM/?f_hotel_no=187300"" class=""3click"">つづきはこちら</a>",m01_pax,スタンダードキャビン【男性専用】,5916541.0,返金不可・オンライン決済プラン,1,0,0,0,0,2,https://img.travel.rakuten.co.jp/image/tr/api/re/IdsCY/?f_no=187300&f_syu=m01_pax&f_hi1=2026-10-17&f_hi2=2026-10-18&f_heya_su=1&f_otona_su=1&f_s1=0&f_s2=0&f_y1=0&f_y2=0&f_y3=0&f_y4=0&f_camp_id=5916541,0,2026-10-17,19643,19643,0,2026-10-17,seibu
173037,ナインアワーズ中洲川端駅,https://img.travel.rakuten.co.jp/image/tr/api/re/pvonD/?f_no=173037,https://img.travel.rakuten.co.jp/image/tr/api/re/vFumt/?f_no=173037&f_flg=PLAN,,https://img.travel.rakuten.co.jp/image/tr/api/re/gJNfM/?f_hotel_no=173037,ないんあわーず　なかすかわばたえき,【2019年8月9日オープン！】地下鉄直結。雨でも安心。福岡中心部にあり抜群のアクセス。観光・ビジネスの活動拠点に。,3400,120930.83,469469.44,812-0027,福岡県,福岡市博多区下川端町3-1　博多リバレインモールＢ1Ｆ,092-283-8755,092-283-8766,福岡市地下鉄中洲川端駅直結,無し,中洲川端,https://img.travel.rakuten.co.jp/share/HOTEL/173037/173037.jpg,https://img.travel.rakuten.co.jp/HIMG/90/173037.jpg,,,https://img.travel.rakuten.co.jp/share/HOTEL/173037/173037map.gif,324.0,4.16,"しいて言うなら、目覚ましを携帯でかける人がずっと気が付かずに、アラームやら音楽を止めずに寝てるので、どうにか…　2026-09-04 12:52:32投稿 <a href=""https://img.travel.rakuten.co.jp/image/tr/api/re/gJNfM/?f_hotel_no=173037"" class=""3click"">つづきはこちら</a>",f01,女性用スリーピングポッド 禁煙（通常）,4811492.0,スタンダードプラン！◆地下鉄「中洲川端駅」直結,1,0,0,0,0,1,https://img.travel.rakuten.co.jp/image/tr/api/re/IdsCY/?f_no=173037&f_syu=f01&f_hi1=2026-10-17&f_hi2=2026-10-18&f_heya_su=1&f_otona_su=1&f_s1=0&f_s2=0&f_y1=0&f_y2=0&f_y3=0&f_y4=0&f_camp_id=4811492,0,2026-10-17,17200,17200,1,2026-10-17,seibu
168795,変なホテル福岡　博多,https://img.travel.rakuten.co.jp/image/tr/api/re/pvonD/?f_no=168795,https://img.travel.rakuten.co.jp/image/tr/api/re/vFumt/?f_no=168795&f_flg=PLAN,https://img.travel.rakuten.co.jp/image/tr/api/re/WzozX/?noTomariHotel=168795,https://img.travel.rakuten.co.jp/image/tr/api/re/gJNfM/?f_hotel_no=168795,へんなほてるふくおか　はかた,2023年6月19日からラウンジOPEN！ドリンク・アルコール・朝食はご宿泊のお客様なら無料！人気の観光地も徒歩圏内！,6240,120926.9,469460.56,810-0801,福岡県,福岡市博多区中洲5-4-19,050-5576-8380,03-6695-6660,中洲川端駅より徒歩３分／天神駅より徒歩５分／福岡空港より電車で９分,"提携駐車場「Dパーキング中洲5丁目第一／第三／第六」24時間2,500円",中洲川端,https://img.travel.rakuten.co.jp/share/HOTEL/168795/168795.jpg,https://img.travel.rakuten.co.jp/HIMG/90/168795.jpg,https://img.travel.rakuten.co.jp/share/HOTEL/168795/168795_kan1.jpg,https://img.travel.rakuten.co.jp/HIMG/INTERIOR/168795.jpg,https://img.travel.rakuten.co.jp/share/HOTEL/168795/168795map.gif,1150.0,4.14,"朝食もおにぎり…　2026-10-05 14:49:43投稿 <a href=""https://img.travel.rakuten.co.jp/image/tr/api/re/gJNfM/?f_hotel_no=168795"" class=""3click"">つづきはこちら</a>",rsg,ReFaシングルルーム【禁煙】,6363423.0,「ReFa」ルームで美容体験！〈宿泊者限定ラウンジ利用無料〉,1,0,0,1,0,1,https://img.travel.rakuten.co.jp/image/tr/api/re/IdsCY/?f_no=168795&f_syu=rsg&f_hi1=2026-10-17&f_hi2=2026-10-18&f_heya_su=1&f_otona_su=1&f_s1=0&f_s2=0&f_y1=0&f_y2=0&f_y3=0&f_y4=0&f_camp_id=6363423,0,2026-10-17,42500,42500,0,2026-10-17,seibu
183373,ランプライトブックスホテル福岡,https://img.travel.rakuten.co.jp/image/tr/api/re/pvonD/?f_no=183373,https://img.travel.rakuten.co.jp/image/tr/api/re/vFumt/?f_no=183373&f_flg=PLAN,https://img.travel.rakuten.co.jp/image/tr/api/re/WzozX/?noTomariHotel=183373,https://img.travel.rakuten.co.jp/image/tr/api/re/gJNfM/?f_hotel_no=183373,らんぷらいとぶっくすほてるふくおか,本の世界を旅する新感覚ホテル。2021年12月福岡初進出！	【24時間営業！BOOKS＆CAFE併設】,7470,120901.2,469431.54,810-0041,福岡県,福岡市中央区大名1-15-22,092-720-7711,092-751-7733,地下鉄空港線「天神駅」下車　3番出口より徒歩8分、または「赤坂駅」下車　5番出口より徒歩6分,無し/近隣のコインパーキングへのご案内になります。,天神,https://img.travel.rakuten.co.jp/share/HOTEL/183373/183373.jpg,https://img.travel.rakuten.co.jp/HIMG/90/183373.jpg,,,https://img.travel.rakuten.co.jp/share/HOTEL/183373/183373map.gif,103.0,4.45,"とても綺麗で落ち着いた雰囲気があり初めての福岡でしたが、とても安心して過ごす事が出来ました。1階にカフェがあるのもとても嬉しいです。チェックイン時に、ラテとバスクチーズケーキを注文しお部屋へ持って行け…　2026-09-16 12:00:36投稿 <a href=""https://img.travel.rakuten.co.jp/image/tr/api/re/gJNfM/?f_hotel_no=183373"" class=""3click"">つづきはこちら</a>",dst,スタンダードダブル【禁煙】,6446922.0,【事前決済限定プラン】スタンダードプラン《素泊り》※予約確定後キャンセル規定適用,1,0,0,0,0,2,https://img.travel.rakuten.co.jp/image/tr/api/re/IdsCY/?f_no=183373&f_syu=dst&f_hi1=2026-10-17&f_hi2=2026-10-18&f_heya_su=1&f_otona_su=1&f_s1=0&f_s2=0&f_y1=0&f_y2=0&f_y3=0&f_y4=0&f_camp_id=6446922,0,2026-10-17,44140,44140,0,2026-10-17,seibu
9230,平和台ホテル　ファイブ,https://img.travel.rakuten.co.jp/image/tr/api/re/pvonD/?f_no=9230,https://img.travel.rakuten.co.jp/image/tr/api/re/vFumt/?f_no=9230&f_flg=PLAN,https://img.travel.rakuten.co.jp/image/tr/api/re/WzozX/?noTomariHotel=9230,https://img.travel.rakuten.co.jp/image/tr/api/re/gJNfM/?f_hotel_no=9230,へいわだいほてる　ふぁいぶ,イベント盛りだくさんのみずほPayPayドーム福岡は徒歩で行ける便利な立地！近隣には居酒屋やコンビニ・スーパーもあります,2500,120908.63,469335.26,810-0054,福岡県,福岡市中央区今川1-4-2,092-732-5000,092-722-0181,地下鉄「唐人町」駅２番出口より徒歩1分（エレベーター利用の場合は7番出口より徒歩5分）,"有り　8台　平面駐車場をご希望の方は必ずお電話にてご予約ください。　料金：1,500円（税込／泊）",唐人町,https://img.travel.rakuten.co.jp/share/HOTEL/9230/9230.jpg,https://img.travel.rakuten.co.jp/HIMG/90/9230.jpg,https://img.travel.rakuten.co.jp/share/HOTEL/9230/9230_room.jpg,https://img.travel.rakuten.co.jp/HIMG/INTERIOR/9230.jpg,https://img.travel.rakuten.co.jp/share/HOTEL/9230/9230map.gif,1041.0,3.7,,sdn,【セミダブル】　★禁煙★　全室加湿空気清浄機　Wi-Fi無料,6387506.0,【返金不可プラン】朝食ついてないけど良いですか？PayPayドームまで徒歩で行ける！♪◇素泊り◇,1,0,0,0,0,2,https://img.travel.rakuten.co.jp/image/tr/api/re/IdsCY/?f_no=9230&f_syu=sdn&f_hi1=2026-10-17&f_hi2=2026-10-18&f_heya_su=1&f_otona_su=1&f_s1=0&f_s2=0&f_y1=0&f_y2=0&f_y3=0&f_y4=0&f_camp_id=6387506,0,2026-10-17,34000,34000,0,2026-10-17,seibu
67832,ザ・ワンファイブテラス福岡,https://img.travel.rakuten.co.jp/image/tr/api/re/pvonD/?f_no=67832,https://img.travel.rakuten.co.jp/image/tr/api/re/vFumt/?f_no=67832&f_flg=PLAN,https://img.travel.rakuten.co.jp/image/tr/api/re/WzozX/?noTomariHotel=67832,https://img.travel.rakuten.co.jp/image/tr/api/re/gJNfM/?f_hotel_no=67832,ざ　わんふぁいぶてらす　ふくおか,ご宿泊の皆さまをウェルカムサービスでおもてなし。博多の中心。 喧騒から一歩離れたエリアに建つ プライベートリゾート,8235,120910.25,469475.1,810-0003,福岡県,福岡市中央区春吉3-14-36,0570-075-015,092-726-6190,■地下鉄「中洲川端」駅1番出口より徒歩8分■地下鉄七隈線「天神南」駅6番出口より徒歩7分,駐車場あり(先着順・予約不可)  2500円/ 1泊,中洲川端,https://img.travel.rakuten.co.jp/share/HOTEL/67832/67832.jpg,https://img.travel.rakuten.co.jp/HIMG/90/67832.jpg,https://img.travel.rakuten.co.jp/share/HOTEL/67832/67832_kya.jpg,https://img.travel.rakuten.co.jp/HIMG/INTERIOR/67832.jpg,https://img.travel.rakuten.co.jp/share/HOTEL/67832/67832map.gif,2113.0,4.24,"窓からは景色は見えないですが、便利さはそれ以上に感じました。またユニットバスではなく、トイレとバスが別なのも良かった。　2026-10-07 22:22:03投稿 <a href=""https://img.travel.rakuten.co.jp/image/tr/api/re/gJNfM/?f_hotel_no=67832"" class=""3click"">つづきはこちら</a>",s2n,スーペリアツイン,4921604.0,「ザ・ワンファイブ」ステイ（素泊まり）,1,0,0,0,0,1,https://img.travel.rakuten.co.jp/image/tr/api/re/IdsCY/?f_no=67832&f_syu=s2n&f_hi1=2026-10-17&f_hi2=2026-10-18&f_heya_su=1&f_otona_su=1&f_s1=0&f_s2=0&f_y1=0&f_y2=0&f_y3=0&f_y4=0&f_camp_id=4921604,0,2026-10-17,56160,56160,0,2026-10-17,seibu
178192,ホテルモントレ福岡,https://img.travel.rakuten.co.jp/image/tr/api/re/pvonD/?f_no=178192,https://img.travel.rakuten.co.jp/image/tr/api/re/vFumt/?f_no=178192&f_flg=PLAN,https://img.travel.rakuten.co.jp/image/tr/api/re/WzozX/?noTomariHotel=178192,https://img.travel.rakuten.co.jp/image/tr/api/re/gJNfM/?f_hotel_no=178192,もんとれふくおか,博多駅から地下鉄で約５分。付帯施設でサウナ付浴場スパ「トリニテ」有。全室スマートテレビ導入,7360,120893.24,469464.7,810-0004,福岡県,福岡市中央区渡辺通3-4-13,092-734-7111,092-734-7112,福岡市営地下鉄七隈線　博多駅から渡辺通まで約5分　渡辺通駅下車　2番出口　徒歩2分。,60台 2000円（税込み／泊）　先着順　※2026年9月30日(水)までは1500円,福岡空港,https://img.travel.rakuten.co.jp/share/HOTEL/178192/178192.jpg,https://img.travel.rakuten.co.jp/HIMG/90/178192.jpg,https://img.travel.rakuten.co.jp/share/HOTEL/178192/178192_kan1.jpg,https://img.travel.rakuten.co.jp/HIMG/INTERIOR/178192.jpg,https://img.travel.rakuten.co.jp/share/HOTEL/178192/178192map.gif,654.0,4.4,"立地も良いため…　2026-10-06 10:15:55投稿 <a href=""https://img.travel.rakuten.co.jp/image/tr/api/re/gJNfM/?f_hotel_no=178192"" class=""3click"">つづきはこちら</a>",hsd2,ハイフロア モデレートルーム,4598366.0,博多駅から地下鉄で約５分！シンプルステイプラン＜素泊り＞,1,0,0,0,0,1,https://img.travel.rakuten.co.jp/image/tr/api/re/IdsCY/?f_no=178192&f_syu=hsd2&f_hi1=2026-10-17&f_hi2=2026-10-18&f_heya_su=1&f_otona_su=1&f_s1=0&f_s2=0&f_y1=0&f_y2=0&f_y3=0&f_y4=0&f_camp_id=4598366,0,2026-10-17,52000,52000,0,2026-10-17,seibu
184507,クロスライフ博多天神（オリックスホテルズ＆リゾーツ）,https://img.travel.rakuten.co.jp/image/tr/api/re/pvonD/?f_no=184507,https://img.travel.rakuten.co.jp/image/tr/api/re/vFumt/?f_no=184507&f_flg=PLAN,https://img.travel.rakuten.co.jp/image/tr/api/re/WzozX/?noTomariHotel=184507,https://img.travel.rakuten.co.jp/image/tr/api/re/gJNfM/?f_hotel_no=184507,くろすらいふはかたてんじん（おりっくすほてるず＆りぞーと）,【地下鉄七隈線「天神南」駅 6番出口より徒歩7分】、【大浴場・サウナ】【スマートTV】完備。,8600,120904.02,469472.41,810-0003,福岡県,福岡市中央区春吉3-26-30,092-733-0130,092-733-8780,・地下鉄七隈線「天神南」駅 6番出口より徒歩7分,有り　22台　1700円（税込み／泊）　要予約,天神,https://img.travel.rakuten.co.jp/share/HOTEL/184507/184507.jpg,https://img.travel.rakuten.co.jp/HIMG/90/184507.jpg,,,https://img.travel.rakuten.co.jp/share/HOTEL/184507/184507map.gif,139.0,4.28,"新しいスタイルでとても洗練されています。照明デザインが素晴らしいです。サウナも最高でした。立地が良くフロントの方々感じがよく、終始居心地が良いホテルです。また利用したいです。　2026-09-20 12:21:32投稿 <a href=""https://img.travel.rakuten.co.jp/image/tr/api/re/gJNfM/?f_hotel_no=184507"" class=""3click"">つづきはこちら</a>",01,コンフォートダブル,5944390.0,【返金不可】朝食付き ドリンクチケット付き,1,0,0,1,0,2,https://img.travel.rakuten.co.jp/image/tr/api/re/IdsCY/?f_no=184507&f_syu=01&f_hi1=2026-10-17&f_hi2=2026-10-18&f_heya_su=1&f_otona_su=1&f_s1=0&f_s2=0&f_y1=0&f_y2=0&f_y3=0&f_y4=0&f_camp_id=5944390,0,2026-10-17,56100,56100,0,2026-10-17,seibu
182097,ｌｙｆ天神福岡（ライフ天神福岡）,https://img.travel.rakuten.co.jp/image/tr/api/re/pvonD/?f_no=182097,https://img.travel.rakuten.co.jp/image/tr/api/re/vFumt/?f_no=182097&f_flg=PLAN,https://img.travel.rakuten.co.jp/image/tr/api/re/WzozX/?noTomariHotel=182097,https://img.travel.rakuten.co.jp/image/tr/api/re/gJNfM/?f_hotel_no=182097,ライフテンジンフクオカ,【空港線 天神駅から徒歩圏内】おしゃれな映えホテル！ 無料コワーキングスペース＆テラス付きラウンジ24時間OPEN,5173,120894.12,469449.46,810-0021,福岡県,福岡市中央区今泉1-2-13 レソラ今泉テラス3F,092-753-8695,092-753-8696,西鉄天神大牟田線   福岡天神駅 徒歩 6 分 / 福岡市地下鉄七隈線 天神南駅または薬院駅 徒歩 5 分,無し,西鉄福岡,https://img.travel.rakuten.co.jp/share/HOTEL/182097/182097.jpg,https://img.travel.rakuten.co.jp/HIMG/90/182097.jpg,,,https://img.travel.rakuten.co.jp/share/HOTEL/182097/182097map.gif,234.0,3.91,"狭いシャワールームしかありませんが、…　2026-09-24 18:29:59投稿 <a href=""https://img.travel.rakuten.co.jp/image/tr/api/re/gJNfM/?f_hotel_no=182097"" class=""3click"">つづきはこちら</a>",0sbys,スタジオツイン（サイド バイ サイド）【禁煙】,5902020.0,【返金不可】予定確定でお得に！事前決済スマートステイ［素泊まり］,1,0,0,0,0,2,https://img.travel.rakuten.co.jp/image/tr/api/re/IdsCY/?f_no=182097&f_syu=0sbys&f_hi1=2026-10-17&f_hi2=2026-10-18&f_heya_su=1&f_otona_su=1&f_s1=0&f_s2=0&f_y1=0&f_y2=0&f_y3=0&f_y4=0&f_camp_id=5902020,0,2026-10-17,29887,29887,0,2026-10-17,seibu
192810,ザ・ゲートホテル福岡　ｂｙ　ＨＵＬＩＣ,https://img.travel.rakuten.co.jp/image/tr/api/re/pvonD/?f_no=192810,https://img.travel.rakuten.co.jp/image/tr/api/re/vFumt/?f_no=192810&f_flg=PLAN,https://img.travel.rakuten.co.jp/image/tr/api/re/WzozX/?noTomariHotel=192810,https://img.travel.rakuten.co.jp/image/tr/api/re/gJNfM/?f_hotel_no=192810,ざ・げーとほてるふくおかばいひゅーりっく,天神駅直結。最上階からは博多湾を一望。福岡をテーマにした空間で、九州の美食とともに特別な時をお届けします。,14877,120915.04,469439.69,810-0001,福岡県,福岡市中央区天神2-8-49,092-406-2605,092-406-2676,地下鉄空港線「天神」駅より直結。西改札出口を出て右手奥。,無し,天神,https://img.travel.rakuten.co.jp/share/HOTEL/192810/192810.jpg,https://img.travel.rakuten.co.jp/HIMG/90/192810.jpg,,,https://img.travel.rakuten.co.jp/share/HOTEL/192810/192810map.gif,110.0,4.41,"ラウンジにはお菓子やソフトドリンクの種類がいくつかあって充実してるのは良いです。朝食の選べるメインは和食が売り切れでがっかりしたので、もう少し限定数を増やして欲しいなと毎回思います。その日選んだエッグ…　2026-10-05 01:11:54投稿 <a href=""https://img.travel.rakuten.co.jp/image/tr/api/re/gJNfM/?f_hotel_no=192810"" class=""3click"">つづきはこちら</a>",edn,Essential　エッセンシャル ダブル 禁煙,6074807.0,【天神駅直結】福岡の美食と観光を楽しむ特別な旅。 素泊まり,1,0,0,0,0,1,https://img.travel.rakuten.co.jp/image/tr/api/re/IdsCY/?f_no=192810&f_syu=edn&f_hi1=2026-10-17&f_hi2=2026-10-18&f_heya_su=1&f_otona_su=1&f_s1=0&f_s2=0&f_y1=0&f_y2=0&f_y3=0&f_y4=0&f_camp_id=6074807,0,2026-10-17,56466,56466,0,2026-10-17,seibu
198902,ＢＡＳＥ　ＬＡＹＥＲ　ＨＯＴＥＬ　福岡,https://img.travel.rakuten.co.jp/image/tr/api/re/pvonD/?f_no=198902,https://img.travel.rakuten.co.jp/image/tr/api/re/vFumt/?f_no=198902&f_flg=PLAN,https://img.travel.rakuten.co.jp/image/tr/api/re/WzozX/?noTomariHotel=198902,https://img.travel.rakuten.co.jp/image/tr/api/re/gJNfM/?f_hotel_no=198902,べーすれいやーほてるふくおか,快適な滞在と楽しい街遊びを支える基礎的機能ホテル,7178,120879.62,469476.79,810-0005,福岡県,福岡市中央区清川1-14-15,092-406-1256,092-406-1257,福岡市地下鉄七隈線「渡辺通駅」より徒歩7分・西鉄天神大牟田線「薬院駅」より徒歩10分,なし,天神,https://img.travel.rakuten.co.jp/share/HOTEL/198902/198902.jpg,https://img.travel.rakuten.co.jp/HIMG/90/198902.jpg,,,https://img.travel.rakuten.co.jp/share/HOTEL/198902/198902map.gif,56.0,4.2,"やっと部屋に入るとテレビのリモコンがきかないと言う事でスタッフさんに対応してもらいました。ただベッドまわりのとこにお客の私達…　2026-09-24 20:49:33投稿 <a href=""https://img.travel.rakuten.co.jp/image/tr/api/re/gJNfM/?f_hotel_no=198902"" class=""3click"">つづきはこちら</a>",d,ダブルルーム,6445468.0,【事前決済限定・キャンセル不可】直前割_素泊,1,0,0,0,0,2,https://img.travel.rakuten.co.jp/image/tr/api/re/IdsCY/?f_no=198902&f_syu=d&f_hi1=2026-10-17&f_hi2=2026-10-18&f_heya_su=1&f_otona_su=1&f_s1=0&f_s2=0&f_y1=0&f_y2=0&f_y3=0&f_y4=0&f_camp_id=6445468,0,2026-10-17,36036,36036,0,2026-10-17,seibu
176752,ザ・ミレニアルズ福岡（Ｔｈｅ　Ｍｉｌｌｅｎｎｉａｌｓ　福岡）,https://img.travel.rakuten.co.jp/image/tr/api/re/pvonD/?f_no=176752,https://img.travel.rakuten.co.jp/image/tr/api/re/vFumt/?f_no=176752&f_flg=PLAN,https://img.travel.rakuten.co.jp/image/tr/api/re/WzozX/?noTomariHotel=176752,https://img.travel.rakuten.co.jp/image/tr/api/re/gJNfM/?f_hotel_no=176752,ざ　みれにあるず　ふくおか,「スマートポッド」という未来型の宿泊体験。コワーキングスペース、ビリヤードに加え、夕方にはフリービール提供中！,5600,120925.76,469464.98,810-0801,福岡県,福岡市博多区中洲5-2-18,092-262-2009,092-262-1909,「THE LIVELY 福岡博多」内。地下鉄「中洲川端」駅2番出口より徒歩1分。天神・繁華街まで徒歩圏内。,"1,800円 予約不可。車種制限(車高1.6ｍ、車幅1.7ｍ)",中洲川端,https://img.travel.rakuten.co.jp/share/HOTEL/176752/176752.jpg,https://img.travel.rakuten.co.jp/HIMG/90/176752.jpg,https://img.travel.rakuten.co.jp/share/HOTEL/176752/176752_kan1.jpg,https://img.travel.rakuten.co.jp/HIMG/INTERIOR/176752.jpg,https://img.travel.rakuten.co.jp/share/HOTEL/176752/176752map.gif,172.0,3.95,"スーツケースはベッドの下に入れられるの便利だった。また、チェックインの手続きは自分のスマホで済ませるのすごく便利！朝お荷物を預けに行って、その後自分の…　2026-09-24 21:43:50投稿 <a href=""https://img.travel.rakuten.co.jp/image/tr/api/re/gJNfM/?f_hotel_no=176752"" class=""3click"">つづきはこちら</a>",ao,スマートポッド - すべての性別,6420373.0,【男女混合エリア】充実したパブリックスペース＆夕方はフリービール提供中♪（素泊まり）,1,0,0,0,0,1,https://img.travel.rakuten.co.jp/image/tr/api/re/IdsCY/?f_no=176752&f_syu=ao&f_hi1=2026-10-17&f_hi2=2026-10-18&f_heya_su=1&f_otona_su=1&f_s1=0&f_s2=0&f_y1=0&f_y2=0&f_y3=0&f_y4=0&f_camp_id=6420373,0,2026-10-17,20300,20300,0,2026-10-17,seibu
2771,ホテル　イル・パラッツォ,https://img.travel.rakuten.co.jp/image/tr/api/re/pvonD/?f_no=2771,https://img.travel.rakuten.co.jp/image/tr/api/re/vFumt/?f_no=2771&f_flg=PLAN,https://img.travel.rakuten.co.jp/image/tr/api/re/WzozX/?noTomariHotel=2771,https://img.travel.rakuten.co.jp/image/tr/api/re/gJNfM/?f_hotel_no=2771,いる　ぱらっつぉ,歴史あるデザインホテルで「Re-Design」された空間と時間をお過ごしください,15000,120911.56,469474.97,810-0003,福岡県,福岡市中央区春吉3-13-1,0570-009-915,092-235-5778,地下鉄空港線「中洲川端」駅1番出口より徒歩7分、七隈線「天神南」駅6番出口より徒歩6分。JR博多駅よりタクシーで約6分,1泊2500円（税込） ※先着順・予約不可,中洲川端,https://img.travel.rakuten.co.jp/share/HOTEL/2771/2771.jpg,https://img.travel.rakuten.co.jp/HIMG/90/2771.jpg,https://img.travel.rakuten.co.jp/share/HOTEL/2771/2771_heya2.jpg,https://img.travel.rakuten.co.jp/HIMG/INTERIOR/2771.jpg,https://img.travel.rakuten.co.jp/share/HOTEL/2771/2771map.gif,1784.0,4.64,"せっかくの設備なので多少メニュー有料でも充実させてほしい。　2026-09-07 21:12:04投稿 <a href=""https://img.travel.rakuten.co.jp/image/tr/api/re/gJNfM/?f_hotel_no=2771"" class=""3click"">つづきはこちら</a>",dk,デラックスキング,5726431.0,【朝食＆ラウンジアクセス付き】Re-Design空間で過ごす特別な時間,1,0,0,0,0,1,https://img.travel.rakuten.co.jp/image/tr/api/re/IdsCY/?f_no=2771&f_syu=dk&f_hi1=2026-10-17&f_hi2=2026-10-18&f_heya_su=1&f_otona_su=1&f_s1=0&f_s2=0&f_y1=0&f_y2=0&f_y3=0&f_y4=0&f_camp_id=5726431,0,2026-10-17,55400,55400,0,2026-10-17,seibu
1137,ヒルトン福岡シーホーク,https://img.travel.rakuten.co.jp/image/tr/api/re/pvonD/?f_no=1137,https://img.travel.rakuten.co.jp/image/tr/api/re/vFumt/?f_no=1137&f_flg=PLAN,https://img.travel.rakuten.co.jp/image/tr/api/re/WzozX/?noTomariHotel=1137,https://img.travel.rakuten.co.jp/image/tr/api/re/gJNfM/?f_hotel_no=1137,ひるとんふくおかしーほーく,みずほPayPayドーム福岡隣接。全室オーシャンビュー！専用ラウンジ特典付エグゼクティブフロアも魅力。,13237,120928.65,469306.24,810-8650,福岡県,福岡市中央区地行浜2-2-3,092-844-8111,092-844-7899,【バス】天神からW１番で１５分／博多駅から３０６番で３０分→ヒルトン福岡前下車 。,"有り 800台 １泊2,000円(予約不要。チェックイン前の駐車可能）",唐人町,https://img.travel.rakuten.co.jp/share/HOTEL/1137/1137.jpg,https://img.travel.rakuten.co.jp/HIMG/90/1137.jpg,https://img.travel.rakuten.co.jp/share/HOTEL/1137/1137_sgl.jpg,https://img.travel.rakuten.co.jp/HIMG/INTERIOR/1137.jpg,https://img.travel.rakuten.co.jp/share/HOTEL/1137/1137map.gif,4873.0,4.14,"これはマイナスポイントなのですが、低層会の窓の清掃が良くなくて、見え方が高…　2026-10-08 18:01:39投稿 <a href=""https://img.travel.rakuten.co.jp/image/tr/api/re/gJNfM/?f_hotel_no=1137"" class=""3click"">つづきはこちら</a>",t2rn,【高層階】ツインヒルトン高層フロア（禁煙）,5735484.0,さき楽【早期割引】7日前までのご予約がお得！お部屋のみプラン,1,0,0,0,0,2,https://img.travel.rakuten.co.jp/image/tr/api/re/IdsCY/?f_no=1137&f_syu=t2rn&f_hi1=2026-10-17&f_hi2=2026-10-18&f_heya_su=1&f_otona_su=1&f_s1=0&f_s2=0&f_y1=0&f_y2=0&f_y3=0&f_y4=0&f_camp_id=5735484,0,2026-10-17,83564,83564,0,2026-10-17,seibu
166925,ホテルゆめや,https://img.travel.rakuten.co.jp/image/tr/api/re/pvonD/?f_no=166925,https://img.travel.rakuten.co.jp/image/tr/api/re/vFumt/?f_no=166925&f_flg=PLAN,https://img.travel.rakuten.co.jp/image/tr/api/re/WzozX/?noTomariHotel=166925,https://img.travel.rakuten.co.jp/image/tr/api/re/gJNfM/?f_hotel_no=166925,ゆめや,天神まで徒歩15分と最高の立地です。スーパー・コンビニも近く便利♪　　全館禁煙となっております。,3400,120874.6,469455.75,810-0013,福岡県,福岡市中央区大宮1-1-24,092-524-7588,092-736-8882,西鉄　薬院駅より徒歩にて約２分,有り　2台　予約不可　先着順 1日１０００円,薬院,https://img.travel.rakuten.co.jp/share/HOTEL/166925/166925.jpg,https://img.travel.rakuten.co.jp/HIMG/90/166925.jpg,https://img.travel.rakuten.co.jp/share/HOTEL/166925/166925_kan1.jpg,https://img.travel.rakuten.co.jp/HIMG/INTERIOR/166925.jpg,https://img.travel.rakuten.co.jp/share/HOTEL/166925/166925map.gif,156.0,3.63,"福岡中心部のホテルは高いので、コストを抑えたいなら一つの選択肢です。　2026-10-05 22:35:28投稿 <a href=""https://img.travel.rakuten.co.jp/image/tr/api/re/gJNfM/?f_hotel_no=166925"" class=""3click"">つづきはこちら</a>",yumeya0203,スタンダード　ダブルルーム　プラン　,6405114.0,楽天トラベル限定,1,0,0,0,0,2,https://img.travel.rakuten.co.jp/image/tr/api/re/IdsCY/?f_no=166925&f_syu=yumeya0203&f_hi1=2026-10-17&f_hi2=2026-10-18&f_heya_su=1&f_otona_su=1&f_s1=0&f_s2=0&f_y1=0&f_y2=0&f_y3=0&f_y4=0&f_camp_id=6405114,0,2026-10-17,20000,20000,0,2026-10-17,seibu
182484,ホテルオリエンタルエクスプレス福岡天神,https://img.travel.rakuten.co.jp/image/tr/api/re/pvonD/?f_no=182484,https://img.travel.rakuten.co.jp/image/tr/api/re/vFumt/?f_no=182484&f_flg=PLAN,https://img.travel.rakuten.co.jp/image/tr/api/re/WzozX/?noTomariHotel=182484,https://img.travel.rakuten.co.jp/image/tr/api/re/gJNfM/?f_hotel_no=182484,ほてるおりえんたるえくすぷれすふくおかてんじん,地下鉄空港線「天神駅」西1番出口より徒歩1分。★ビジネス・観光・paypayドーム・お買い物にアクセス抜群◎,8008,120920.0,469436.92,810-0001,福岡県,福岡市中央区天神3-3-14,092-401-1905,092-401-1906,地下鉄空港線「天神駅」西1番出口より徒歩1分,契約駐車場有（安国駐車場　17：00〜翌10：00　800円 　ホテルより徒歩3分）,天神,https://img.travel.rakuten.co.jp/share/HOTEL/182484/182484.jpg,https://img.travel.rakuten.co.jp/HIMG/90/182484.jpg,,,https://img.travel.rakuten.co.jp/share/HOTEL/182484/182484map.gif,312.0,3.44,"ユニットバスのカーテンが少し匂うのと、アメニティに髭剃りが無かったことが残念でした。朝食は美味しかったです。　2026-06-13 13:26:13投稿 <a href=""https://img.travel.rakuten.co.jp/image/tr/api/re/gJNfM/?f_hotel_no=182484"" class=""3click"">つづきはこちら</a>",sda,■スタンダードダブル 14平米（禁煙・シモンズベッド）,6242308.0,【期間限定★朝食プレゼント】土鍋ごはん＆多彩なおかずで至福のひとときを！（朝食ブッフェ付）,1,0,0,1,0,1,https://img.travel.rakuten.co.jp/image/tr/api/re/IdsCY/?f_no=182484&f_syu=sda&f_hi1=2026-10-17&f_hi2=2026-10-18&f_heya_su=1&f_otona_su=1&f_s1=0&f_s2=0&f_y1=0&f_y2=0&f_y3=0&f_y4=0&f_camp_id=6242308,0,2026-10-17,43200,43200,0,2026-10-17,seibu
196680,クインテッサホテル福岡渡辺通　Ｃｏｍｉｃ＆Ｂｏｏｋｓ,https://img.travel.rakuten.co.jp/image/tr/api/re/pvonD/?f_no=196680,https://img.travel.rakuten.co.jp/image/tr/api/re/vFumt/?f_no=196680&f_flg=PLAN,,https://img.travel.rakuten.co.jp/image/tr/api/re/gJNfM/?f_hotel_no=196680,くいんてっさほてるふくおかわたなべどおりこみっくあんどぶっくす,ホテル自慢の”MANGA Library”で時間を忘れるほどの非日常をご体感ください。,3915,120879.13,469483.94,810-0005,福岡県,福岡市中央区清川2-6-23,092-401-1211,--,七隈線渡辺通駅 2番出口より徒歩9分。天神エリアから徒歩圏内の好立地,"有：料金1,500円 ※先着順",博多,https://img.travel.rakuten.co.jp/share/HOTEL/196680/196680.jpg,https://img.travel.rakuten.co.jp/HIMG/90/196680.jpg,,,https://img.travel.rakuten.co.jp/share/HOTEL/196680/196680map.gif,77.0,3.89,"周囲にコインパーキングがたくさん…　2026-10-07 01:10:18投稿 <a href=""https://img.travel.rakuten.co.jp/image/tr/api/re/gJNfM/?f_hotel_no=196680"" class=""3click"">つづきはこちら</a>",sd,セミダブル,6250822.0,【スタンダードプラン】ビジネスや一人旅に。福岡ステイの拠点に最適（素泊まり）,1,0,0,0,0,1,https://img.travel.rakuten.co.jp/image/tr/api/re/IdsCY/?f_no=196680&f_syu=sd&f_hi1=2026-10-17&f_hi2=2026-10-18&f_heya_su=1&f_otona_su=1&f_s1=0&f_s2=0&f_y1=0&f_y2=0&f_y3=0&f_y4=0&f_camp_id=6250822,0,2026-10-17,31600,31600,0,2026-10-17,seibu
179384,ホテルリブマックス博多中洲,https://img.travel.rakuten.co.jp/image/tr/api/re/pvonD/?f_no=179384,https://img.travel.rakuten.co.jp/image/tr/api/re/vFumt/?f_no=179384&f_flg=PLAN,https://img.travel.rakuten.co.jp/image/tr/api/re/WzozX/?noTomariHotel=179384,https://img.travel.rakuten.co.jp/image/tr/api/re/gJNfM/?f_hotel_no=179384,ほてるりぶまっくすはかたなかす,【2020年3月新築OPEN】中洲川端駅から徒歩２分！博多・天神徒歩圏内！,3060,120927.09,469461.09,810-0801,福岡県,福岡市博多区中洲5-4-21,092-273-0050,092-273-0051,地下鉄空港線・箱崎線　中州川端駅より徒歩にて約2分／地下鉄空港線　天神駅より徒歩にて約８分,近隣にコインパーキングあり　※提携はしておりません　満車の場合はご容赦下さい。,中洲川端,https://img.travel.rakuten.co.jp/share/HOTEL/179384/179384.jpg,https://img.travel.rakuten.co.jp/HIMG/90/179384.jpg,,,https://img.travel.rakuten.co.jp/share/HOTEL/179384/179384map.gif,300.0,3.59,"ただ、部屋に入った瞬間からおしっこの臭いがかなり強く感じられました。犬専用のお部屋なので、多少の臭いはある程度覚悟…　2026-08-12 13:59:36投稿 <a href=""https://img.travel.rakuten.co.jp/image/tr/api/re/gJNfM/?f_hotel_no=179384"" class=""3click"">つづきはこちら</a>",dog,ワンちゃん同伴部屋【ベッド幅120cm×195cm　1台】,5816504.0,【Dog×Stay】ワンちゃん同伴宿泊プラン【直前予約限定でポイント１０倍付き】【素泊り】,10,0,0,0,0,1,https://img.travel.rakuten.co.jp/image/tr/api/re/IdsCY/?f_no=179384&f_syu=dog&f_hi1=2026-10-17&f_hi2=2026-10-18&f_heya_su=1&f_otona_su=1&f_s1=0&f_s2=0&f_y1=0&f_y2=0&f_y3=0&f_y4=0&f_camp_id=5816504,0,2026-10-17,27000,27000,0,2026-10-17,seibu
184468,ＨＯＴＥＬ　ＦＵＮ,https://img.travel.rakuten.co.jp/image/tr/api/re/pvonD/?f_no=184468,https://img.travel.rakuten.co.jp/image/tr/api/re/vFumt/?f_no=184468&f_flg=PLAN,https://img.travel.rakuten.co.jp/image/tr/api/re/WzozX/?noTomariHotel=184468,https://img.travel.rakuten.co.jp/image/tr/api/re/gJNfM/?f_hotel_no=184468,ほてる　ふぁん,併設個室サウナあります。（テンジンサウナ・予約制）福岡の中心でお手頃価格で宿泊。好立地が魅力,4500,120896.03,469450.63,810-0021,福岡県,福岡市中央区今泉1-9-2 天神ダイヨシビル3F,092-791-7779,092-791-7779,天神駅　南出口より徒歩5分,駐車場はございませんので近隣のコインパーキングをご利用くださいませ,天神,https://img.travel.rakuten.co.jp/share/HOTEL/184468/184468.jpg,https://img.travel.rakuten.co.jp/HIMG/90/184468.jpg,,,https://img.travel.rakuten.co.jp/share/HOTEL/184468/184468map.gif,78.0,4.16,"ここは思い出深い！施設もきれいだし何回でもいきたいてすね！値段がもう少し低ければ！笑　2026-09-27 18:49:05投稿 <a href=""https://img.travel.rakuten.co.jp/image/tr/api/re/gJNfM/?f_hotel_no=184468"" class=""3click"">つづきはこちら</a>",p1,洋室セミダブルルーム（トイレ・シャワー別）,6614469.0,【事前決済返金不可プラン】天神エリア・個室サウナが同フロアに！（個室サウナは別途予約・別料金）,1,0,0,0,0,2,https://img.travel.rakuten.co.jp/image/tr/api/re/IdsCY/?f_no=184468&f_syu=p1&f_hi1=2026-10-17&f_hi2=2026-10-18&f_heya_su=1&f_otona_su=1&f_s1=0&f_s2=0&f_y1=0&f_y2=0&f_y3=0&f_y4=0&f_camp_id=6614469,0,2026-10-17,27000,27000,0,2026-10-17,seibu
187405,ザ・リッツ・カールトン福岡,https://img.travel.rakuten.co.jp/image/tr/api/re/pvonD/?f_no=187405,https://img.travel.rakuten.co.jp/image/tr/api/re/vFumt/?f_no=187405&f_flg=PLAN,https://img.travel.rakuten.co.jp/image/tr/api/re/WzozX/?noTomariHotel=187405,https://img.travel.rakuten.co.jp/image/tr/api/re/gJNfM/?f_hotel_no=187405,ざ・りっつ・かーるとんふくおか,23年6月開業。福岡の中心部に、6つのダイニングとバー、スパ、クラブラウンジを備えたラグジュアリーホテルが誕生。,59034,120910.77,469429.68,810-0041,福岡県,福岡市中央区大名2-6-50 福岡大名ガーデンシティ,092-401-8888,092-401-8889,地下鉄空港線「天神駅」から徒歩５分　または　「福岡空港」からお車にて約１５分,有り　100台　3000円（税込み／泊）　先着順,天神,https://img.travel.rakuten.co.jp/share/HOTEL/187405/187405.jpg,https://img.travel.rakuten.co.jp/HIMG/90/187405.jpg,,,https://img.travel.rakuten.co.jp/share/HOTEL/187405/187405map.gif,48.0,4.77,"今回もホテリエの皆さんのおかげでリフレッシュできました。　2026-09-05 13:15:10投稿 <a href=""https://img.travel.rakuten.co.jp/image/tr/api/re/gJNfM/?f_hotel_no=187405"" class=""3click"">つづきはこちら</a>",king,デラックスキング 福岡スカイライン,5709379.0,【Marriott Bonvoy会員対象プラン】フレキシブル　レート 【宿泊のみ】,1,0,0,0,0,2,https://img.travel.rakuten.co.jp/image/tr/api/re/IdsCY/?f_no=187405&f_syu=king&f_hi1=2026-10-17&f_hi2=2026-10-18&f_heya_su=1&f_otona_su=1&f_s1=0&f_s2=0&f_y1=0&f_y2=0&f_y3=0&f_y4=0&f_camp_id=5709379,0,2026-10-17,227700,227700,0,2026-10-17,seibu
130510,ヒルトップリゾート　福岡,https://img.travel.rakuten.co.jp/image/tr/api/re/pvonD/?f_no=130510,https://img.travel.rakuten.co.jp/image/tr/api/re/vFumt/?f_no=130510&f_flg=PLAN,https://img.travel.rakuten.co.jp/image/tr/api/re/WzozX/?noTomariHotel=130510,https://img.travel.rakuten.co.jp/image/tr/api/re/gJNfM/?f_hotel_no=130510,ひるとっぷりぞーと　ふくおか,福岡市街を一望できる絶好のロケーション。ヒルトップスパ＆男女別大浴場＆Wi-Fi完備,13000,120849.91,469386.21,810-0032,福岡県,福岡市中央区輝国1-1-33,092-771-2131,092-771-8888,■福岡空港より車で30分■博多駅より車で15分/バス（58番で20分、56・57番で40分）■桜坂駅より徒歩で15分,有り　平面駐車場19台・地下駐車場36台　無料,,https://img.travel.rakuten.co.jp/share/HOTEL/130510/130510.jpg,https://img.travel.rakuten.co.jp/HIMG/90/130510.jpg,https://img.travel.rakuten.co.jp/share/HOTEL/130510/130510_kya.jpg,https://img.travel.rakuten.co.jp/HIMG/INTERIOR/130510.jpg,https://img.travel.rakuten.co.jp/share/HOTEL/130510/130510map.gif,257.0,4.28,"夜景も美しく、食事はいいから飲み物だけで量高やないか聞いたところ快くOKしてくださいました。…　2026-09-23 17:15:39投稿 <a href=""https://img.travel.rakuten.co.jp/image/tr/api/re/gJNfM/?f_hotel_no=130510"" class=""3click"">つづきはこちら</a>",hup,スタンダードツイン マウンテンビュー(洋室),5783765.0,ベーシックステイプラン≪お部屋のみ≫,1,0,0,0,0,1,https://img.travel.rakuten.co.jp/image/tr/api/re/IdsCY/?f_no=130510&f_syu=hup&f_hi1=2026-10-17&f_hi2=2026-10-18&f_heya_su=1&f_otona_su=1&f_s1=0&f_s2=0&f_y1=0&f_y2=0&f_y3=0&f_y4=0&f_camp_id=5783765,0,2026-10-17,54900,54900,0,2026-10-17,seibu
192803,ＯＮＥ　ＦＵＫＵＯＫＡ　ＨＯＴＥＬ,https://img.travel.rakuten.co.jp/image/tr/api/re/pvonD/?f_no=192803,https://img.travel.rakuten.co.jp/image/tr/api/re/vFumt/?f_no=192803&f_flg=PLAN,,https://img.travel.rakuten.co.jp/image/tr/api/re/gJNfM/?f_hotel_no=192803,わんふくおかほてる,天神の空に、くつろぐ,49000,120915.06,469448.76,810-0001,福岡県,福岡市中央区天神1-11-1 ONE FUKUOKA BLDG 18-19F,092-752-1110,092-752-1112,福岡市営地下鉄天神駅直結 / 地下鉄赤坂駅（徒歩10分）/ 福岡空港駅11分（地下鉄空港線）,無し,天神,https://img.travel.rakuten.co.jp/share/HOTEL/192803/192803.jpg,https://img.travel.rakuten.co.jp/HIMG/90/192803.jpg,,,https://img.travel.rakuten.co.jp/share/HOTEL/192803/192803map.gif,23.0,4.75,"とてもきれいなホテルでサービスも満足です　2026-09-23 21:01:22投稿 <a href=""https://img.travel.rakuten.co.jp/image/tr/api/re/gJNfM/?f_hotel_no=192803"" class=""3click"">つづきはこちら</a>",tso,テンジンコーナーテラススイート(62+テラス43m2),6260803.0,【室料のみ】天神の空にくつろぐ（宿泊者専用ラウンジ/大浴場サウナ/フィットネスアクセス付）,1,0,0,0,0,1,https://img.travel.rakuten.co.jp/image/tr/api/re/IdsCY/?f_no=192803&f_syu=tso&f_hi1=2026-10-17&f_hi2=2026-10-18&f_heya_su=1&f_otona_su=1&f_s1=0&f_s2=0&f_y1=0&f_y2=0&f_y3=0&f_y4=0&f_camp_id=6260803,0,2026-10-17,386400,386400,0,2026-10-17,seibu
195982,Ｅｐｏｃｈ　ｉｎｎ　Ｎａｋａｓｕ,https://img.travel.rakuten.co.jp/image/tr/api/re/pvonD/?f_no=195982,https://img.travel.rakuten.co.jp/image/tr/api/re/vFumt/?f_no=195982&f_flg=PLAN,,https://img.travel.rakuten.co.jp/image/tr/api/re/gJNfM/?f_hotel_no=195982,えぽっくいんなかす,１人部屋があるホテル,3640,120923.64,469472.57,810-0801,福岡県,福岡市博多区中洲3-5-1,092-409-4892,092-401-1057,中洲川端駅から徒歩約３分,専用駐車場・提携駐車場はございません。 公式サイトから、近隣のコインパーキングをご確認下さい。,中洲川端,https://img.travel.rakuten.co.jp/share/HOTEL/195982/195982.jpg,https://img.travel.rakuten.co.jp/HIMG/90/195982.jpg,,,https://img.travel.rakuten.co.jp/share/HOTEL/195982/195982map.gif,44.0,3.08,"どうせなら、ＱＲで一発で手続きでき…　2026-05-19 17:51:53投稿 <a href=""https://img.travel.rakuten.co.jp/image/tr/api/re/gJNfM/?f_hotel_no=195982"" class=""3click"">つづきはこちら</a>",ahito,スタンダードA,6166312.0,【素泊まり】スタンダードプラン「迷ったらコレ！」,1,0,0,0,0,2,https://img.travel.rakuten.co.jp/image/tr/api/re/IdsCY/?f_no=195982&f_syu=ahito&f_hi1=2026-10-17&f_hi2=2026-10-18&f_heya_su=1&f_otona_su=1&f_s1=0&f_s2=0&f_y1=0&f_y2=0&f_y3=0&f_y4=0&f_camp_id=6166312,0,2026-10-17,36335,36335,0,2026-10-17,seibu
181718,ホテルＪＡＬシティ福岡　天神,https://img.travel.rakuten.co.jp/image/tr/api/re/pvonD/?f_no=181718,https://img.travel.rakuten.co.jp/image/tr/api/re/vFumt/?f_no=181718&f_flg=PLAN,https://img.travel.rakuten.co.jp/image/tr/api/re/WzozX/?noTomariHotel=181718,https://img.travel.rakuten.co.jp/image/tr/api/re/gJNfM/?f_hotel_no=181718,ほてるじゃるしてぃふくおか　てんじん,2021年3月開業！空港・博多駅を結ぶ地下鉄赤坂駅3番出口より徒歩1分の好立地！！,11300,120909.95,469417.35,810-0041,福岡県,福岡市中央区大名2-12-5,092-718-7558,092-718-7567,福岡市営地下鉄赤坂駅3番出口より徒歩1分,"立体駐車場あり(台数26台・2,000円/泊) 予約不可",赤坂（福岡）,https://img.travel.rakuten.co.jp/share/HOTEL/181718/181718.jpg,https://img.travel.rakuten.co.jp/HIMG/90/181718.jpg,,,https://img.travel.rakuten.co.jp/share/HOTEL/181718/181718map.gif,557.0,4.46,"比較的綺麗で交通の便が良いため利用してます。タオルかけが洗面台の手前にしかないタイプなので、衛生的にサイドの壁にあるといいなと思っています。いつも景色がビルだったのが今回福岡タワー方面が見えたのは心地…　2026-09-22 12:57:59投稿 <a href=""https://img.travel.rakuten.co.jp/image/tr/api/re/gJNfM/?f_hotel_no=181718"" class=""3click"">つづきはこちら</a>",mq,モデレートクイーン／21平米・禁煙,4933287.0,【SAVER】シンプルステイ(室料のみ),1,0,0,0,0,1,https://img.travel.rakuten.co.jp/image/tr/api/re/IdsCY/?f_no=181718&f_syu=mq&f_hi1=2026-10-17&f_hi2=2026-10-18&f_heya_su=1&f_otona_su=1&f_s1=0&f_s2=0&f_y1=0&f_y2=0&f_y3=0&f_y4=0&f_camp_id=4933287,0,2026-10-17,52000,52000,0,2026-10-17,seibu
178417,ザ・ワンファイブヴィラ福岡,https://img.travel.rakuten.co.jp/image/tr/api/re/pvonD/?f_no=178417,https://img.travel.rakuten.co.jp/image/tr/api/re/vFumt/?f_no=178417&f_flg=PLAN,https://img.travel.rakuten.co.jp/image/tr/api/re/WzozX/?noTomariHotel=178417,https://img.travel.rakuten.co.jp/image/tr/api/re/gJNfM/?f_hotel_no=178417,ざわんふぁいぶヴぃらふくおか,全室30平米以上、キングサイズダブルベッド、禁煙、バス・トイレ独立 / 天神・中洲・キャナルシティ徒歩圏内,11055,120910.98,469476.98,810-0003,福岡県,福岡市中央区春吉3-4-6,0570-005-015,092-731-2226,地下鉄空港線中洲川端駅1番出口より徒歩7分 / 地下鉄七隈線櫛田神社前駅1番出口より徒歩5分,無し ※敷地内に提携外コインパーキングがございます。（予約不可） ,中洲川端,https://img.travel.rakuten.co.jp/share/HOTEL/178417/178417.jpg,https://img.travel.rakuten.co.jp/HIMG/90/178417.jpg,https://img.travel.rakuten.co.jp/share/HOTEL/178417/178417_kan1.jpg,https://img.travel.rakuten.co.jp/HIMG/INTERIOR/178417.jpg,https://img.travel.rakuten.co.jp/share/HOTEL/178417/178417map.gif,206.0,4.0,"お部屋も清潔感があり、洗面所やお風呂場、お手洗い等十分な広さがありとても気に入っています！　2026-07-31 19:52:02投稿 <a href=""https://img.travel.rakuten.co.jp/image/tr/api/re/gJNfM/?f_hotel_no=178417"" class=""3click"">つづきはこちら</a>",dlk,デラックスキング リバービュー,4627093.0,「ザ・ワンファイブ」ステイ (素泊まり),1,0,0,0,0,1,https://img.travel.rakuten.co.jp/image/tr/api/re/IdsCY/?f_no=178417&f_syu=dlk&f_hi1=2026-10-17&f_hi2=2026-10-18&f_heya_su=1&f_otona_su=1&f_s1=0&f_s2=0&f_y1=0&f_y2=0&f_y3=0&f_y4=0&f_camp_id=4627093,0,2026-10-17,47520,47520,0,2026-10-17,seibu
182181,ホテルオリエンタルエクスプレス福岡中洲川端,https://img.travel.rakuten.co.jp/image/tr/api/re/pvonD/?f_no=182181,https://img.travel.rakuten.co.jp/image/tr/api/re/vFumt/?f_no=182181&f_flg=PLAN,https://img.travel.rakuten.co.jp/image/tr/api/re/WzozX/?noTomariHotel=182181,https://img.travel.rakuten.co.jp/image/tr/api/re/gJNfM/?f_hotel_no=182181,ほてるおりえんたるえくすぷれすふくおかなかすかわばた,地下鉄空港線・中洲川端駅4分！天神・博多至近。ﾏﾘﾝﾒｯｾ・ﾄﾞｰﾑへﾊﾞｽ１本。無料ジムやウェルカムサービスも充実,5427,120934.99,469480.66,812-0025,福岡県,福岡市博多区店屋町6-26,092-402-2725,092-402-2726,福岡空港よりお車にて約15分。博多駅より地下鉄で約中洲川端駅7番出口より徒歩4分。,"有(8台) / 1泊につき1,500円（税込) /  事前予約不可 / 提携駐車場優待あり",中洲川端,https://img.travel.rakuten.co.jp/share/HOTEL/182181/182181.jpg,https://img.travel.rakuten.co.jp/HIMG/90/182181.jpg,,,https://img.travel.rakuten.co.jp/share/HOTEL/182181/182181map.gif,213.0,3.7,"お盆休みでしたが、ほぼ外国の方でした。　2026-09-05 13:49:43投稿 <a href=""https://img.travel.rakuten.co.jp/image/tr/api/re/gJNfM/?f_hotel_no=182181"" class=""3click"">つづきはこちら</a>",sda01,■スタンダードダブル15平米 （禁煙・シャワーブースのみ）,6447576.0,【街歩きフォトラリー】オリジナルアクティビティ「VAMOS」で福岡を冒険！（和洋朝食ブッフェ付）,1,0,0,1,0,1,https://img.travel.rakuten.co.jp/image/tr/api/re/IdsCY/?f_no=182181&f_syu=sda01&f_hi1=2026-10-17&f_hi2=2026-10-18&f_heya_su=1&f_otona_su=1&f_s1=0&f_s2=0&f_y1=0&f_y2=0&f_y3=0&f_y4=0&f_camp_id=6447576,0,2026-10-17,46820,46820,0,2026-10-17,seibu
168796,東急ステイ福岡天神,https://img.travel.rakuten.co.jp/image/tr/api/re/pvonD/?f_no=168796,https://img.travel.rakuten.co.jp/image/tr/api/re/vFumt/?f_no=168796&f_flg=PLAN,https://img.travel.rakuten.co.jp/image/tr/api/re/WzozX/?noTomariHotel=168796,https://img.travel.rakuten.co.jp/image/tr/api/re/gJNfM/?f_hotel_no=168796,とうきゅう　すてい　ふくおか　てんじん,★楽天ブロンズアワード2023受賞☆小学生以下添い寝無料プランあり！全室洗濯乾燥機付！天神南駅から徒歩3分,11510,120909.97,469466.23,810-0003,福岡県,福岡市中央区春吉3-21-24,092-762-0109,092-762-0106,福岡空港より福岡市地下鉄空港線で5駅、地下鉄天神駅16番出口より徒歩7分/地下鉄七隈線天神南駅6番出口より徒歩3分,無。ホテル隣接のコインパーキング「トラストパーク春吉3丁目3」をご利用ください（提携駐車場無し）,博多,https://img.travel.rakuten.co.jp/share/HOTEL/168796/168796.jpg,https://img.travel.rakuten.co.jp/HIMG/90/168796.jpg,,,https://img.travel.rakuten.co.jp/share/HOTEL/168796/168796map.gif,847.0,4.4,"駅や地下鉄のアクセスがよく、屋台も歩いて行けます。部屋も快適で過ごしやすく静かです。ユニットバスながらバスタブも広くゆったりと入れました。シャワーヘッドがReFaで気持ちよかったです。夏だったので、洗…　2026-10-03 23:25:58投稿 <a href=""https://img.travel.rakuten.co.jp/image/tr/api/re/gJNfM/?f_hotel_no=168796"" class=""3click"">つづきはこちら</a>",tcn2new,コンフォートツイン【禁煙】22平米／洗濯乾燥機・電子レンジ付,5461387.0,【スタンダードプラン】ビジネス＆観光の拠点に！洗濯乾燥機＆電子レンジ完備【1名】（素泊）,1,0,0,0,0,1,https://img.travel.rakuten.co.jp/image/tr/api/re/IdsCY/?f_no=168796&f_syu=tcn2new&f_hi1=2026-10-17&f_hi2=2026-10-18&f_heya_su=1&f_otona_su=1&f_s1=0&f_s2=0&f_y1=0&f_y2=0&f_y3=0&f_y4=0&f_camp_id=5461387,0,2026-10-17,73430,73430,0,2026-10-17,seibu
40839,ザ・ワンファイブ福岡天神,https://img.travel.rakuten.co.jp/image/tr/api/re/pvonD/?f_no=40839,https://img.travel.rakuten.co.jp/image/tr/api/re/vFumt/?f_no=40839&f_flg=PLAN,https://img.travel.rakuten.co.jp/image/tr/api/re/WzozX/?noTomariHotel=40839,https://img.travel.rakuten.co.jp/image/tr/api/re/gJNfM/?f_hotel_no=40839,ざ　わんふぁいぶ　ふくおか　てんじん,福岡空港から地下鉄に乗り乗換不要で14分。博多駅からも乗換不要で9分です。観光にも便利な西鉄福岡（天神）駅へも4分です。,4725,120914.22,469429.19,810-0041,福岡県,福岡市中央区大名2-8-12,0570-003-515,092-739-0220,地下鉄『天神駅』1番出口より徒歩3分 ※1番出口が一時閉鎖中のため4番出口をご利用ください,なし ※周辺のコインパーキングをご案内します。,天神,https://img.travel.rakuten.co.jp/share/HOTEL/40839/40839.jpg,https://img.travel.rakuten.co.jp/HIMG/90/40839.jpg,https://img.travel.rakuten.co.jp/share/HOTEL/40839/40839_ky.jpg,https://img.travel.rakuten.co.jp/HIMG/INTERIOR/40839.jpg,https://img.travel.rakuten.co.jp/share/HOTEL/40839/40839map.gif,2130.0,3.63,"安いですが壁、床かなり薄く、全く寝られませんでした。　2026-09-20 13:42:53投稿 <a href=""https://img.travel.rakuten.co.jp/image/tr/api/re/gJNfM/?f_hotel_no=40839"" class=""3click"">つづきはこちら</a>",qn2,スタンダードクイーン,4894220.0,「ザ・ワンファイブ」ステイ,1,0,0,0,0,1,https://img.travel.rakuten.co.jp/image/tr/api/re/IdsCY/?f_no=40839&f_syu=qn2&f_hi1=2026-10-17&f_hi2=2026-10-18&f_heya_su=1&f_otona_su=1&f_s1=0&f_s2=0&f_y1=0&f_y2=0&f_y3=0&f_y4=0&f_camp_id=4894220,0,2026-10-17,33150,33150,0,2026-10-17,seibu
181253,ホテルリブマックス福岡天神ＷＥＳＴ,https://img.travel.rakuten.co.jp/image/tr/api/re/pvonD/?f_no=181253,https://img.travel.rakuten.co.jp/image/tr/api/re/vFumt/?f_no=181253&f_flg=PLAN,https://img.travel.rakuten.co.jp/image/tr/api/re/WzozX/?noTomariHotel=181253,https://img.travel.rakuten.co.jp/image/tr/api/re/gJNfM/?f_hotel_no=181253,りぶまっくす　ふくおかてんじん　うえすと,2020年9月グランドオープン！♪赤坂駅徒歩約３分！電子レンジ付ホテル♪,4250,120912.6,469416.5,810-0041,福岡県,福岡市中央区大名2-11-23,092-717-2250,092-717-2251,地下鉄空港線　赤坂駅より徒歩にて約３分,無し　近隣のコインパーキングをご利用ください※当ホテル隣のテナント様の駐車場はご利用頂けません,赤坂（福岡）,https://img.travel.rakuten.co.jp/share/HOTEL/181253/181253.jpg,https://img.travel.rakuten.co.jp/HIMG/90/181253.jpg,,,https://img.travel.rakuten.co.jp/share/HOTEL/181253/181253map.gif,260.0,3.55,"部屋もきれいで、また福岡に来る事があれば、利用したいと思います。　2026-06-13 13:29:28投稿 <a href=""https://img.travel.rakuten.co.jp/image/tr/api/re/gJNfM/?f_hotel_no=181253"" class=""3click"">つづきはこちら</a>",sin-kitsu,★シングルルーム★喫煙★セミダブルベッド,5741409.0, 【リブマックスセール】《15％OFF》ホテルリブマックス福岡天神ＷＥＳＴ【素泊り】,1,0,0,0,0,1,https://img.travel.rakuten.co.jp/image/tr/api/re/IdsCY/?f_no=181253&f_syu=sin-kitsu&f_hi1=2026-10-17&f_hi2=2026-10-18&f_heya_su=1&f_otona_su=1&f_s1=0&f_s2=0&f_y1=0&f_y2=0&f_y3=0&f_y4=0&f_camp_id=5741409,0,2026-10-17,42500,42500,0,2026-10-17,seibu
171870,ホテルリブマックス福岡天神,https://img.travel.rakuten.co.jp/image/tr/api/re/pvonD/?f_no=171870,https://img.travel.rakuten.co.jp/image/tr/api/re/vFumt/?f_no=171870&f_flg=PLAN,https://img.travel.rakuten.co.jp/image/tr/api/re/WzozX/?noTomariHotel=171870,https://img.travel.rakuten.co.jp/image/tr/api/re/gJNfM/?f_hotel_no=171870,りぶまっくすふくおかてんじん,2018年11月グランドオープン！博多駅より柳橋バス停へ！徒歩3分♪ドームもバスで楽々♪,3400,120882.2,469479.18,810-0005,福岡県,福岡市中央区清川1-12-17,092-534-1140,092-534-1141,地下鉄七隈線　渡辺通駅2番口より徒歩にて約５分,近隣にコインパーキングあり　※提携はしておりません　満車の場合はご容赦下さい。,,https://img.travel.rakuten.co.jp/share/HOTEL/171870/171870.jpg,https://img.travel.rakuten.co.jp/HIMG/90/171870.jpg,https://img.travel.rakuten.co.jp/share/HOTEL/171870/171870_kan1.jpg,https://img.travel.rakuten.co.jp/HIMG/INTERIOR/171870.jpg,https://img.travel.rakuten.co.jp/share/HOTEL/171870/171870map.gif,341.0,3.35,"最寄り駅から徒歩5分位でアクセス良いです。部屋(シングル)は広くないですが、清潔感があって気持ちよく宿泊できました。お値段もリーズナブルなのでまた利用したいです。　2026-06-24 18:22:35投稿 <a href=""https://img.travel.rakuten.co.jp/image/tr/api/re/gJNfM/?f_hotel_no=171870"" class=""3click"">つづきはこちら</a>",sb-ns,☆シングルルーム☆禁煙☆セミダブルベッド,5741388.0,【リブマックスセール】《15％OFF》ホテルリブマックス福岡天神 【素泊り】,1,0,0,0,0,1,https://img.travel.rakuten.co.jp/image/tr/api/re/IdsCY/?f_no=171870&f_syu=sb-ns&f_hi1=2026-10-17&f_hi2=2026-10-18&f_heya_su=1&f_otona_su=1&f_s1=0&f_s2=0&f_y1=0&f_y2=0&f_y3=0&f_y4=0&f_camp_id=5741388,0,2026-10-17,37400,37400,0,2026-10-17,seibu
198706,ＴＨＥ　ＧＲＡＮＤ　ＷＩＮ,https://img.travel.rakuten.co.jp/image/tr/api/re/pvonD/?f_no=198706,https://img.travel.rakuten.co.jp/image/tr/api/re/vFumt/?f_no=198706&f_flg=PLAN,,https://img.travel.rakuten.co.jp/image/tr/api/re/gJNfM/?f_hotel_no=198706,ざ　ぐらんど　うぃん,最上階の開放感。暮らすように泊まる、長期滞在も安心のキッチン・洗濯機付。,3950,120851.82,468893.57,819-0373,福岡県,福岡市西区周船寺2-8-18,092-558-2879,092-558-2749,JR周船寺駅から徒歩約5分,あり　3台　普通車1000円　軽自動車800円／泊　要予約　※ハイシーズンは料金が変わります。,周船寺,https://img.travel.rakuten.co.jp/share/HOTEL/198706/198706.jpg,https://img.travel.rakuten.co.jp/HIMG/90/198706.jpg,,,https://img.travel.rakuten.co.jp/share/HOTEL/198706/198706map.gif,14.0,4.29,,607,最上階607・周船寺駅より徒歩5分！スタンダードツインルーム,,,1,0,0,0,0,2,https://img.travel.rakuten.co.jp/image/tr/api/re/IdsCY/?f_no=198706&f_syu=607&f_hi1=2026-10-17&f_hi2=2026-10-18&f_heya_su=1&f_otona_su=1&f_s1=0&f_s2=0&f_y1=0&f_y2=0&f_y3=0&f_y4=0,1,2026-10-17,21000,21000,0,2026-10-17,seibu
183253,ＵＮＰＬＡＮ　Ｆｕｋｕｏｋａ,https://img.travel.rakuten.co.jp/image/tr/api/re/pvonD/?f_no=183253,https://img.travel.rakuten.co.jp/image/tr/api/re/vFumt/?f_no=183253&f_flg=PLAN,,https://img.travel.rakuten.co.jp/image/tr/api/re/gJNfM/?f_hotel_no=183253,あんぷらん　ふくおか,【大濠公園駅から徒歩１分】コンビニまで徒歩約30秒、PayPayドームまでのアクセス抜群◎長期滞在にも人気なホステル！,5319,120913.53,469376.25,810-0074,福岡県,福岡市中央区大手門3-4-1,092-406-7704,092-406-7704,■福岡空港より空港線の大濠公園駅下車 4番出口から徒歩1分  ■PayPayドームまでバスで９分,提携の駐車場はございません。近隣の駐車場をご利用ください。,大濠公園,https://img.travel.rakuten.co.jp/share/HOTEL/183253/183253.jpg,https://img.travel.rakuten.co.jp/HIMG/90/183253.jpg,,,https://img.travel.rakuten.co.jp/share/HOTEL/183253/183253map.gif,153.0,3.74,"寝れそうです。　2026-08-22 23:24:02投稿 <a href=""https://img.travel.rakuten.co.jp/image/tr/api/re/gJNfM/?f_hotel_no=183253"" class=""3click"">つづきはこちら</a>",dormitory,男女共用ドミトリールーム,5241271.0,【返金不可】【無料朝食付き】ドミトリー・PODルーム★大濠公園駅から徒歩１分◎,1,0,0,1,0,2,https://img.travel.rakuten.co.jp/image/tr/api/re/IdsCY/?f_no=183253&f_syu=dormitory&f_hi1=2026-10-17&f_hi2=2026-10-18&f_heya_su=1&f_otona_su=1&f_s1=0&f_s2=0&f_y1=0&f_y2=0&f_y3=0&f_y4=0&f_camp_id=5241271,0,2026-10-17,14506,14506,0,2026-10-17,seibu
166945,ランドーホテル福岡,https://img.travel.rakuten.co.jp/image/tr/api/re/pvonD/?f_no=166945,https://img.travel.rakuten.co.jp/image/tr/api/re/vFumt/?f_no=166945&f_flg=PLAN,https://img.travel.rakuten.co.jp/image/tr/api/re/WzozX/?noTomariHotel=166945,https://img.travel.rakuten.co.jp/image/tr/api/re/gJNfM/?f_hotel_no=166945,らんどーほてる　ふくおか,多彩なカラースキームとこだわりの家具を全室に施したデザイナーズホテル　全室にバルコニーを完備,5000,120883.36,469481.95,810-0005,福岡県,福岡市中央区清川1-2-3,0925265231,03-5615-2997,博多駅から10分毎にバスが出発しております。5分ほどバスに揺られ「柳橋」で下車後徒歩2分ほどでご到着です。,駐車場のご用意はございません。近隣のパーキングをご利用くださいませ。,,https://img.travel.rakuten.co.jp/share/HOTEL/166945/166945.jpg,https://img.travel.rakuten.co.jp/HIMG/90/166945.jpg,,,https://img.travel.rakuten.co.jp/share/HOTEL/166945/166945map.gif,63.0,4.5,"マリンメッセ福岡でのライブ遠征のため利用しました。夜遅くに帰ってきてわざわざ大通りに出なくても周りにラーメン屋や居酒屋、タピオカ屋、コンビ二が複数件あり大変助かりました。部屋には浴室の衣類乾燥しかなく…　2026-06-19 23:03:03投稿 <a href=""https://img.travel.rakuten.co.jp/image/tr/api/re/gJNfM/?f_hotel_no=166945"" class=""3click"">つづきはこちら</a>",bd02,ブラウンダブル/18平米,4927495.0,【全室バルコニー完備】【返金不可】　生活家電とキッチン完備の客室で自炊を満喫♪,1,0,0,0,0,2,https://img.travel.rakuten.co.jp/image/tr/api/re/IdsCY/?f_no=166945&f_syu=bd02&f_hi1=2026-10-17&f_hi2=2026-10-18&f_heya_su=1&f_otona_su=1&f_s1=0&f_s2=0&f_y1=0&f_y2=0&f_y3=0&f_y4=0&f_camp_id=4927495,0,2026-10-17,33000,33000,0,2026-10-17,seibu
197206,ＴＨＥ　ＭＡＲＩＮＡ　ＢＡＹ,https://img.travel.rakuten.co.jp/image/tr/api/re/pvonD/?f_no=197206,https://img.travel.rakuten.co.jp/image/tr/api/re/vFumt/?f_no=197206&f_flg=PLAN,,https://img.travel.rakuten.co.jp/image/tr/api/re/gJNfM/?f_hotel_no=197206,ザマリーナベイ,学研都市にて新規オープン、大型ＴＶにプロジェクター設置部屋もありゆっくり過ごせます,3950,120851.62,468892.73,812-0373,福岡県,福岡市西区周船寺2-8-17,092-558-2879,092-558-2749,ＪＲ　周船寺駅から徒歩約５分,有り　３台　普通車1000円　軽自動車800円／泊　要予約　※ハイシーズンは料金が変わります,周船寺,https://img.travel.rakuten.co.jp/share/HOTEL/197206/197206.jpg,https://img.travel.rakuten.co.jp/HIMG/90/197206.jpg,,,https://img.travel.rakuten.co.jp/share/HOTEL/197206/197206map.gif,17.0,4.47,"洗濯機には洗剤も付いていて、風呂場の乾燥機能も強力で、翌朝の移動時にはきれ…　2026-09-20 16:13:07投稿 <a href=""https://img.travel.rakuten.co.jp/image/tr/api/re/gJNfM/?f_hotel_no=197206"" class=""3click"">つづきはこちら</a>",602,最上階602・周船寺駅徒歩5分！エコノミー セミダブルルーム,,,1,0,0,0,0,2,https://img.travel.rakuten.co.jp/image/tr/api/re/IdsCY/?f_no=197206&f_syu=602&f_hi1=2026-10-17&f_hi2=2026-10-18&f_heya_su=1&f_otona_su=1&f_s1=0&f_s2=0&f_y1=0&f_y2=0&f_y3=0&f_y4=0,1,2026-10-17,21000,21000,0,2026-10-17,seibu
181039,ｍｉｚｕｋａ　Ｄａｉｍｙｏ７－ｕｎｍａｎｎｅｄ　ｈｏｔｅｌ－,https://img.travel.rakuten.co.jp/image/tr/api/re/pvonD/?f_no=181039,https://img.travel.rakuten.co.jp/image/tr/api/re/vFumt/?f_no=181039&f_flg=PLAN,https://img.travel.rakuten.co.jp/image/tr/api/re/WzozX/?noTomariHotel=181039,https://img.travel.rakuten.co.jp/image/tr/api/re/gJNfM/?f_hotel_no=181039,みずかだいみょうなな,福岡天神・大名エリア。貸し切りテラスでバーベキューが人気！,1940,120898.39,469423.38,810-0041,福岡県,福岡市中央区大名1-4-33　フィル・パーク福岡大名1－4Ｆ,092-688-2552,000-000-0000,「赤坂」 駅 徒歩約６分・「天神」 駅 徒歩約１０分,無し,赤坂（福岡）,https://img.travel.rakuten.co.jp/share/HOTEL/181039/181039.jpg,https://img.travel.rakuten.co.jp/HIMG/90/181039.jpg,,,https://img.travel.rakuten.co.jp/share/HOTEL/181039/181039map.gif,148.0,3.74,"九州旅行の3日目だったので、コスパ重視の為予約した。前の通りが狭いですが、周辺駐車場も多く立地は良かったです。スムーズにチェックインも出来ましたが、部屋に入るとニオイが気になりました。最初は割と静かで…　2026-09-09 17:32:04投稿 <a href=""https://img.travel.rakuten.co.jp/image/tr/api/re/gJNfM/?f_hotel_no=181039"" class=""3click"">つづきはこちら</a>",dai7lim103,パステル コンフォート4人部屋（連泊清掃なし）,4880894.0,【10％OFF 口コミプラン】赤坂駅徒歩6分！,1,0,0,0,0,2,https://img.travel.rakuten.co.jp/image/tr/api/re/IdsCY/?f_no=181039&f_syu=dai7lim103&f_hi1=2026-10-17&f_hi2=2026-10-18&f_heya_su=1&f_otona_su=1&f_s1=0&f_s2=0&f_y1=0&f_y2=0&f_y3=0&f_y4=0&f_camp_id=4880894,0,2026-10-17,25000,25000,0,2026-10-17,seibu
163011,Ａ　ＧＯＯＤ　ＤＡＹ　ＦＵＫＵＯＫＡ　ＲＩＶＥＲＳＩＤＥ,https://img.travel.rakuten.co.jp/image/tr/api/re/pvonD/?f_no=163011,https://img.travel.rakuten.co.jp/image/tr/api/re/vFumt/?f_no=163011&f_flg=PLAN,https://img.travel.rakuten.co.jp/image/tr/api/re/WzozX/?noTomariHotel=163011,https://img.travel.rakuten.co.jp/image/tr/api/re/gJNfM/?f_hotel_no=163011,あ　ぐっど　でい　ふくおか　りばーさいど,ゆったりとくつろげるアパートメントホテルでご機嫌な１日を！,3074,120894.89,469480.34,810-0003,福岡県,福岡市中央区春吉1-11-36　ＳＴビル,092-292-1015, ,地下鉄渡辺通駅より徒歩約7分、福岡空港よりタクシー20分、博多駅よりタクシー10分またはバス 5分,駐車場はございません。 近隣にコインパーキングがございますのでご利用ください。,,https://img.travel.rakuten.co.jp/share/HOTEL/163011/163011.jpg,https://img.travel.rakuten.co.jp/HIMG/90/163011.jpg,,,https://img.travel.rakuten.co.jp/share/HOTEL/163011/163011map.gif,108.0,3.43,"テレビも地デジが映らないです。　2026-10-04 18:42:52投稿 <a href=""https://img.travel.rakuten.co.jp/image/tr/api/re/gJNfM/?f_hotel_no=163011"" class=""3click"">つづきはこちら</a>",sdr501,スイートダブルルーム,6261232.0,キャンセル不可だからオトク！予定が決まった方はこちら♪,1,0,0,0,0,2,https://img.travel.rakuten.co.jp/image/tr/api/re/IdsCY/?f_no=163011&f_syu=sdr501&f_hi1=2026-10-17&f_hi2=2026-10-18&f_heya_su=1&f_otona_su=1&f_s1=0&f_s2=0&f_y1=0&f_y2=0&f_y3=0&f_y4=0&f_camp_id=6261232,0,2026-10-17,48336,48336,0,2026-10-17,seibu
202318,ＹＡＤＯ／Ｒｅ薬院,https://img.travel.rakuten.co.jp/image/tr/api/re/pvonD/?f_no=202318,https://img.travel.rakuten.co.jp/image/tr/api/re/vFumt/?f_no=202318&f_flg=PLAN,https://img.travel.rakuten.co.jp/image/tr/api/re/WzozX/?noTomariHotel=202318,https://img.travel.rakuten.co.jp/image/tr/api/re/gJNfM/?f_hotel_no=202318,やどりやくいん,【2026年9月14日OPEN】「SMART & GREEN」をコンセプトにした新しい都市滞在の拠点が福岡・薬院に誕生。,4500,120881.42,469462.03,810-0012,福岡県,福岡市中央区白金1-1-28,050-1722-8507,--,薬院駅より徒歩約4分、福岡高速環状線 天神北出入口より車で約14分,なし,薬院,https://img.travel.rakuten.co.jp/share/HOTEL/202318/202318.jpg,https://img.travel.rakuten.co.jp/HIMG/90/202318.jpg,,,https://img.travel.rakuten.co.jp/share/HOTEL/202318/202318map.gif,,,,a,Double,6608565.0,【素泊まり】スタンダードプラン,1,0,0,0,0,2,https://img.travel.rakuten.co.jp/image/tr/api/re/IdsCY/?f_no=202318&f_syu=a&f_hi1=2026-10-17&f_hi2=2026-10-18&f_heya_su=1&f_otona_su=1&f_s1=0&f_s2=0&f_y1=0&f_y2=0&f_y3=0&f_y4=0&f_camp_id=6608565,0,2026-10-17,37000,37000,0,2026-10-17,seibu
144978,ホテルマリノアリゾート福岡,https://img.travel.rakuten.co.jp/image/tr/api/re/pvonD/?f_no=144978,https://img.travel.rakuten.co.jp/image/tr/api/re/vFumt/?f_no=144978&f_flg=PLAN,https://img.travel.rakuten.co.jp/image/tr/api/re/WzozX/?noTomariHotel=144978,https://img.travel.rakuten.co.jp/image/tr/api/re/gJNfM/?f_hotel_no=144978,まりのありぞーとふくおか,全室ハーバービュー♪都心でアウトドアのスモア体験に、アルコール含むドリンクも楽しめる無料の焚火ラウンジ♪,11825,120933.28,469172.05,819-0001,福岡県,福岡市西区小戸2-12-43,092-895-5511,092-895-5523,地下鉄空港線：姪浜駅下車後、無料循環バス「クルットバス」利用で約20分　タクシーで5分,有り　１００台　無料　予約不要　（入出庫自由）,姪浜,https://img.travel.rakuten.co.jp/share/HOTEL/144978/144978.jpg,https://img.travel.rakuten.co.jp/HIMG/90/144978.jpg,https://img.travel.rakuten.co.jp/share/HOTEL/144978/144978_room.jpg,https://img.travel.rakuten.co.jp/HIMG/INTERIOR/144978.jpg,https://img.travel.rakuten.co.jp/share/HOTEL/144978/144978map.gif,500.0,4.61,"リゾートに来ているなと実感させてくれる接遇と建物の雰囲気、各ラウンジの充実度、食事は朝食のみでしたが本当に美味しかったのでランチやディナーも利用出来ればと思わせてくれるクオリティ、ホテルマリノアさんの…　2026-10-02 09:31:48投稿 <a href=""https://img.travel.rakuten.co.jp/image/tr/api/re/gJNfM/?f_hotel_no=144978"" class=""3click"">つづきはこちら</a>",mt,【42平米・ハーバービュー・バルコニー付 マリノアツイン】,5818774.0,《直前割×お日にち限定》18時イン10時アウト/全室福岡タワー側オーシャンビュー！/駐車場無料！,1,0,0,0,0,1,https://img.travel.rakuten.co.jp/image/tr/api/re/IdsCY/?f_no=144978&f_syu=mt&f_hi1=2026-10-17&f_hi2=2026-10-18&f_heya_su=1&f_otona_su=1&f_s1=0&f_s2=0&f_y1=0&f_y2=0&f_y3=0&f_y4=0&f_camp_id=5818774,0,2026-10-17,45705,45705,0,2026-10-17,seibu
191620,９ＨＯＴＥＬ　Ｔｅｎｊｉｎ,https://img.travel.rakuten.co.jp/image/tr/api/re/pvonD/?f_no=191620,https://img.travel.rakuten.co.jp/image/tr/api/re/vFumt/?f_no=191620&f_flg=PLAN,,https://img.travel.rakuten.co.jp/image/tr/api/re/gJNfM/?f_hotel_no=191620,ないんほてる　てんじん,２０２４年オープン！サウナでととのうホテル！専用サウナ付き客室もあります。,8640,120900.28,469480.19,810-0003,福岡県,福岡市中央区春吉2-2-32,092-406-5151,092-263-5020,地下鉄七隈線天神南駅 徒歩約１０分、櫛田神社前駅徒歩約10分,無し,薬院,https://img.travel.rakuten.co.jp/share/HOTEL/191620/191620.jpg,https://img.travel.rakuten.co.jp/HIMG/90/191620.jpg,,,https://img.travel.rakuten.co.jp/share/HOTEL/191620/191620map.gif,15.0,4.77,"またお世話になります(^-^)　2026-08-10 16:44:06投稿 <a href=""https://img.travel.rakuten.co.jp/image/tr/api/re/gJNfM/?f_hotel_no=191620"" class=""3click"">つづきはこちら</a>",002,スタンダードクイーン,5919525.0,【スタンダードプラン】2024年5月24日グランドオープン！軽朝食付き♪,1,0,0,0,0,1,https://img.travel.rakuten.co.jp/image/tr/api/re/IdsCY/?f_no=191620&f_syu=002&f_hi1=2026-10-17&f_hi2=2026-10-18&f_heya_su=1&f_otona_su=1&f_s1=0&f_s2=0&f_y1=0&f_y2=0&f_y3=0&f_y4=0&f_camp_id=5919525,0,2026-10-17,37500,37500,0,2026-10-17,seibu
193546,ＢＵＥＮＡ　ＶＩＳＴＡ　ＯＨＯＲＩ　ＰＡＲＫ,https://img.travel.rakuten.co.jp/image/tr/api/re/pvonD/?f_no=193546,https://img.travel.rakuten.co.jp/image/tr/api/re/vFumt/?f_no=193546&f_flg=PLAN,,https://img.travel.rakuten.co.jp/image/tr/api/re/gJNfM/?f_hotel_no=193546,ぶえなびすたオオホリパーク,大濠公園エリア　地下鉄のご利用で天神7分、博多14分/大濠公園まで徒歩３分！セルフチェックイン！,4900,120916.24,469351.45,810-0062,福岡県,福岡市中央区荒戸3-10-1　,090-3197-0854,000-000-0000,福岡市営地下鉄唐人町駅から徒歩約４分,駐車場なし。施設周辺のコインパーキングのご利用をお願いしております。,唐人町,https://img.travel.rakuten.co.jp/share/HOTEL/193546/193546.jpg,https://img.travel.rakuten.co.jp/HIMG/90/193546.jpg,,,https://img.travel.rakuten.co.jp/share/HOTEL/193546/193546map.gif,39.0,4.59,"シルバーウィークに、福岡で同窓会があったため、東京、千葉、神奈川、山口、沖縄等から集い、寝泊まりする場所として利用しました。数十年ぶりに集まり合宿のようなスタイルで思い出づくりにも最適でした！　2026-09-30 13:24:42投稿 <a href=""https://img.travel.rakuten.co.jp/image/tr/api/re/gJNfM/?f_hotel_no=193546"" class=""3click"">つづきはこちら</a>",1102,スタンダード最大4名様！大濠公園徒歩2分！ファミリータイプ！,6155121.0,スタンダード　素泊まりプラン 清掃なし,1,0,0,0,0,2,https://img.travel.rakuten.co.jp/image/tr/api/re/IdsCY/?f_no=193546&f_syu=1102&f_hi1=2026-10-17&f_hi2=2026-10-18&f_heya_su=1&f_otona_su=1&f_s1=0&f_s2=0&f_y1=0&f_y2=0&f_y3=0&f_y4=0&f_camp_id=6155121,0,2026-10-17,29800,29800,0,2026-10-17,seibu
197239,Ｔｈｅ　Ａｒｂｏｒ　ＨＯＴＥＬ,https://img.travel.rakuten.co.jp/image/tr/api/re/pvonD/?f_no=197239,https://img.travel.rakuten.co.jp/image/tr/api/re/vFumt/?f_no=197239&f_flg=PLAN,,https://img.travel.rakuten.co.jp/image/tr/api/re/gJNfM/?f_hotel_no=197239,ざあーばーほてる,ＰａｙＰａｙドームまで徒歩３０分、大濠公園まで徒歩１０分。アパートメントホテルがオープン！,3336,120872.43,469371.66,810-0044,福岡県,福岡市中央区六本松2-5-1,092-409-4892,,六本松駅より徒歩約２分,無し,薬院,https://img.travel.rakuten.co.jp/share/HOTEL/197239/197239.jpg,https://img.travel.rakuten.co.jp/HIMG/90/197239.jpg,,,https://img.travel.rakuten.co.jp/share/HOTEL/197239/197239map.gif,16.0,4.56,"内装はとても綺麗で過ごしやすかったです。　2026-08-21 22:04:57投稿 <a href=""https://img.travel.rakuten.co.jp/image/tr/api/re/gJNfM/?f_hotel_no=197239"" class=""3click"">つづきはこちら</a>",ahito,コンフォートA,6299834.0,【素泊まり】スタンダードプラン「迷ったらコレ！」,1,0,0,0,0,2,https://img.travel.rakuten.co.jp/image/tr/api/re/IdsCY/?f_no=197239&f_syu=ahito&f_hi1=2026-10-17&f_hi2=2026-10-18&f_heya_su=1&f_otona_su=1&f_s1=0&f_s2=0&f_y1=0&f_y2=0&f_y3=0&f_y4=0&f_camp_id=6299834,0,2026-10-17,58335,58335,0,2026-10-17,seibu
197173,ＣＲＹＳＴＡＬ＆ＲＥＳＯＲＴ　ＥＸＣＬＵＳＩＶＥ,https://img.travel.rakuten.co.jp/image/tr/api/re/pvonD/?f_no=197173,https://img.travel.rakuten.co.jp/image/tr/api/re/vFumt/?f_no=197173&f_flg=PLAN,,https://img.travel.rakuten.co.jp/image/tr/api/re/gJNfM/?f_hotel_no=197173,クリスタルアンドリゾートエクシクルーシヴ,自宅のようにリラックスできる！ファミリーやカップルにもおすすめ大型ＴＶ完備、夜は煌めく夜景を満喫,5200,120866.9,468917.85,819-0373,福岡県,福岡市西区周船寺3-21-32,092-558-2879,--,博多駅から筑前前原行にて周船寺駅下車 約３０分,有り　３台　１泊１０００円から１５００円（税込み／泊）　要予約　※ハイシーズンは価格が異なります,周船寺,https://img.travel.rakuten.co.jp/share/HOTEL/197173/197173.jpg,https://img.travel.rakuten.co.jp/HIMG/90/197173.jpg,,,https://img.travel.rakuten.co.jp/share/HOTEL/197173/197173map.gif,5.0,4.6,,901,【高層階・眺望抜群！901】九大学研都市駅より徒歩１０分圏内,,,1,0,0,0,0,2,https://img.travel.rakuten.co.jp/image/tr/api/re/IdsCY/?f_no=197173&f_syu=901&f_hi1=2026-10-17&f_hi2=2026-10-18&f_heya_su=1&f_otona_su=1&f_s1=0&f_s2=0&f_y1=0&f_y2=0&f_y3=0&f_y4=0,1,2026-10-17,20500,20500,0,2026-10-17,seibu
172126,グランドベース博多春吉,https://img.travel.rakuten.co.jp/image/tr/api/re/pvonD/?f_no=172126,https://img.travel.rakuten.co.jp/image/tr/api/re/vFumt/?f_no=172126&f_flg=PLAN,https://img.travel.rakuten.co.jp/image/tr/api/re/WzozX/?noTomariHotel=172126,https://img.travel.rakuten.co.jp/image/tr/api/re/gJNfM/?f_hotel_no=172126,ぐらんどべーすはかたはるよし,【無人フロントホテル】＜広い客室・キーレス＞キャナルシティ6分、那珂川をこえたらすぐ！,3873,120898.23,469480.7,810-0003,福岡県,福岡市中央区春吉2-2-38,092-409-4892,,天神南駅より徒歩にて約10分,専用駐車場・提携駐車場はございません。 公式サイトから、近隣のコインパーキングをご確認下さい。,,https://img.travel.rakuten.co.jp/share/HOTEL/172126/172126.jpg,https://img.travel.rakuten.co.jp/HIMG/90/172126.jpg,https://img.travel.rakuten.co.jp/share/HOTEL/172126/172126_kan1.jpg,https://img.travel.rakuten.co.jp/HIMG/INTERIOR/172126.jpg,https://img.travel.rakuten.co.jp/share/HOTEL/172126/172126map.gif,31.0,4.15,"風呂に洗面器と椅子が無かった。（どこかに収納されてて気付かなかっただけ？）　2026-09-27 11:22:56投稿 <a href=""https://img.travel.rakuten.co.jp/image/tr/api/re/gJNfM/?f_hotel_no=172126"" class=""3click"">つづきはこちら</a>",chito,スタンダードC,4708065.0,【素泊まり】スタンダードプラン「迷ったらコレ！」,1,0,0,0,0,2,https://img.travel.rakuten.co.jp/image/tr/api/re/IdsCY/?f_no=172126&f_syu=chito&f_hi1=2026-10-17&f_hi2=2026-10-18&f_heya_su=1&f_otona_su=1&f_s1=0&f_s2=0&f_y1=0&f_y2=0&f_y3=0&f_y4=0&f_camp_id=4708065,0,2026-10-17,73335,73335,0,2026-10-17,seibu
181642,ＭＫホテルズ　西中洲,https://img.travel.rakuten.co.jp/image/tr/api/re/pvonD/?f_no=181642,https://img.travel.rakuten.co.jp/image/tr/api/re/vFumt/?f_no=181642&f_flg=PLAN,,https://img.travel.rakuten.co.jp/image/tr/api/re/gJNfM/?f_hotel_no=181642,えむけいほてるず　にしなかす,公園の前だから見晴らしがいい！夜景が綺麗！家族旅行、学生旅行、女子旅とグループに最適なホテルです。,2928,120916.97,469465.22,810-0002,福岡県,福岡市中央区西中洲5-20,092-292-1015,,地下鉄空港線中洲川端駅から徒歩5分,無し 　＊近隣のコインパーキングをご利用ください。,中洲川端,https://img.travel.rakuten.co.jp/share/HOTEL/181642/181642.jpg,https://img.travel.rakuten.co.jp/HIMG/90/181642.jpg,,,https://img.travel.rakuten.co.jp/share/HOTEL/181642/181642map.gif,100.0,3.65,"また利用したいです　2026-09-11 07:52:05投稿 <a href=""https://img.travel.rakuten.co.jp/image/tr/api/re/gJNfM/?f_hotel_no=181642"" class=""3click"">つづきはこちら</a>",btype3,【全室禁煙】スーペリアファミリールーム　ソファ付き,6261312.0,【返金不可プラン】オトクに宿泊！予定が決まった方はこちら♪,1,0,0,0,0,2,https://img.travel.rakuten.co.jp/image/tr/api/re/IdsCY/?f_no=181642&f_syu=btype3&f_hi1=2026-10-17&f_hi2=2026-10-18&f_heya_su=1&f_otona_su=1&f_s1=0&f_s2=0&f_y1=0&f_y2=0&f_y3=0&f_y4=0&f_camp_id=6261312,0,2026-10-17,32224,32224,0,2026-10-17,seibu
179190,ガーデンテラス福岡ホテル＆リゾート,https://img.travel.rakuten.co.jp/image/tr/api/re/pvonD/?f_no=179190,https://img.travel.rakuten.co.jp/image/tr/api/re/vFumt/?f_no=179190&f_flg=PLAN,https://img.travel.rakuten.co.jp/image/tr/api/re/WzozX/?noTomariHotel=179190,https://img.travel.rakuten.co.jp/image/tr/api/re/gJNfM/?f_hotel_no=179190,がーでんてらすふくおかほてるあんどりぞーと,■全室ジャグジー付スイート／ワインやカクテルなどを取り揃えた宿泊者専用クラブラウンジ■～自由を愉しむ上質のホテルステイ～,16000,120928.11,469153.76,819-0001,福岡県,福岡市西区小戸2-3-55,092-881-0067,092-881-0066,姪浜駅よりお車にて約５分／福岡空港よりお車にて約３０分,有り　５０台　無料　先着順,姪浜,https://img.travel.rakuten.co.jp/share/HOTEL/179190/179190.jpg,https://img.travel.rakuten.co.jp/HIMG/90/179190.jpg,https://img.travel.rakuten.co.jp/share/HOTEL/179190/179190_kan1.jpg,https://img.travel.rakuten.co.jp/HIMG/INTERIOR/179190.jpg,https://img.travel.rakuten.co.jp/share/HOTEL/179190/179190map.gif,239.0,4.55,"入口が分かりにくいので、動画とかを見て来た方が良いかも！お部屋が広くて快適。雨だったので景色はやや残念。静かで良い場所。ディナーを一番安いコースにしたけど、ボリュームがあって… 海外の方向けかも。周り…　2026-10-04 14:38:44投稿 <a href=""https://img.travel.rakuten.co.jp/image/tr/api/re/gJNfM/?f_hotel_no=179190"" class=""3click"">つづきはこちら</a>",yd01,スイートルーム｜ジャグジー付［40平米］,5530129.0,【18時／レイトインプラン】＜選べる朝食＞滞在を最大2時間縮めるだけで20％OFF！夕方からの旅に。,1,0,0,1,0,2,https://img.travel.rakuten.co.jp/image/tr/api/re/IdsCY/?f_no=179190&f_syu=yd01&f_hi1=2026-10-17&f_hi2=2026-10-18&f_heya_su=1&f_otona_su=1&f_s1=0&f_s2=0&f_y1=0&f_y2=0&f_y3=0&f_y4=0&f_camp_id=5530129,0,2026-10-17,76384,76384,0,2026-10-17,seibu
169898,Ｒａｋｕｔｅｎ　ＳＴＡＹ　福岡薬院,https://img.travel.rakuten.co.jp/image/tr/api/re/pvonD/?f_no=169898,https://img.travel.rakuten.co.jp/image/tr/api/re/vFumt/?f_no=169898&f_flg=PLAN,https://img.travel.rakuten.co.jp/image/tr/api/re/WzozX/?noTomariHotel=169898,https://img.travel.rakuten.co.jp/image/tr/api/re/gJNfM/?f_hotel_no=169898,,福岡薬院エリアのRakutenSTAY！西日本唯一のお買いものパンダコンセプトルームが大人気！,2640,120864.22,469478.29,810-0012,福岡県,福岡市中央区白金2-6-4,050-1725-2914,,西鉄平尾駅から徒歩約7分／薬院駅から徒歩約12分／(バス停)高砂2丁目から徒歩約3分,無し,西鉄平尾,https://img.travel.rakuten.co.jp/share/HOTEL/169898/169898.jpg,https://img.travel.rakuten.co.jp/HIMG/90/169898.jpg,,,https://img.travel.rakuten.co.jp/share/HOTEL/169898/169898map.gif,237.0,4.07,"帰宅…　2026-10-07 11:24:28投稿 <a href=""https://img.travel.rakuten.co.jp/image/tr/api/re/gJNfM/?f_hotel_no=169898"" class=""3click"">つづきはこちら</a>",a2,【お買いものパンダルーム／トリプル】※パンダアメニティなし,6446443.0,【1日1室限定・15％オフ】アクセス抜群で福岡観光にもオススメ♪（キャンセル不可）,1,0,0,0,0,2,https://img.travel.rakuten.co.jp/image/tr/api/re/IdsCY/?f_no=169898&f_syu=a2&f_hi1=2026-10-17&f_hi2=2026-10-18&f_heya_su=1&f_otona_su=1&f_s1=0&f_s2=0&f_y1=0&f_y2=0&f_y3=0&f_y4=0&f_camp_id=6446443,0,2026-10-17,64600,64600,0,2026-10-17,seibu
192163,ネオフィールド中洲,https://img.travel.rakuten.co.jp/image/tr/api/re/pvonD/?f_no=192163,https://img.travel.rakuten.co.jp/image/tr/api/re/vFumt/?f_no=192163&f_flg=PLAN,,https://img.travel.rakuten.co.jp/image/tr/api/re/gJNfM/?f_hotel_no=192163,ねおふぃーるどなかす,【無人フロントホテル】２０２４年７月グランドオープン！キャナルシティ博多から徒歩３分の好立地！,2772,120923.59,469483.02,812-0026,福岡県,福岡市博多区上川端町5-117,092-409-4892,092-401-1057,櫛田神社前駅から徒歩約３分、中洲川端駅から徒歩５分,無し,中洲川端,https://img.travel.rakuten.co.jp/share/HOTEL/192163/192163.jpg,https://img.travel.rakuten.co.jp/HIMG/90/192163.jpg,,,https://img.travel.rakuten.co.jp/share/HOTEL/192163/192163map.gif,17.0,4.36,"洗濯機までついてました。　2026-10-04 08:31:14投稿 <a href=""https://img.travel.rakuten.co.jp/image/tr/api/re/gJNfM/?f_hotel_no=192163"" class=""3click"">つづきはこちら</a>",ahito,ダブルルーム,5986958.0,【素泊まり】スタンダードプラン「迷ったらコレ！」,1,0,0,0,0,2,https://img.travel.rakuten.co.jp/image/tr/api/re/IdsCY/?f_no=192163&f_syu=ahito&f_hi1=2026-10-17&f_hi2=2026-10-18&f_heya_su=1&f_otona_su=1&f_s1=0&f_s2=0&f_y1=0&f_y2=0&f_y3=0&f_y4=0&f_camp_id=5986958,0,2026-10-17,46335,46335,0,2026-10-17,seibu
202194,Ｈｏｔｅｌ　ＮＯＶＩＡ　ＦＵＫＵＯＫＡ,https://img.travel.rakuten.co.jp/image/tr/api/re/pvonD/?f_no=202194,https://img.travel.rakuten.co.jp/image/tr/api/re/vFumt/?f_no=202194&f_flg=PLAN,,https://img.travel.rakuten.co.jp/image/tr/api/re/gJNfM/?f_hotel_no=202194,ほてるのヴぃあふくおか,新築アパートメントホテルが誕生！,4004,120907.22,469474.22,812-0011,福岡県,福岡市中央区春吉3-15-10,092-409-4892,--,「天神南駅」から徒歩約7分,なし,天神,https://img.travel.rakuten.co.jp/share/HOTEL/202194/202194.jpg,https://img.travel.rakuten.co.jp/HIMG/90/202194.jpg,,,https://img.travel.rakuten.co.jp/share/HOTEL/202194/202194map.gif,1.0,,,ahito,コンフォート4人部屋A,6611258.0,【素泊まり】スタンダードプラン「迷ったらコレ！」,1,0,0,0,0,2,https://img.travel.rakuten.co.jp/image/tr/api/re/IdsCY/?f_no=202194&f_syu=ahito&f_hi1=2026-10-17&f_hi2=2026-10-18&f_heya_su=1&f_otona_su=1&f_s1=0&f_s2=0&f_y1=0&f_y2=0&f_y3=0&f_y4=0&f_camp_id=6611258,0,2026-10-17,69670,69670,0,2026-10-17,seibu
181038,ｍｉｚｕｋａ　Ｎａｋａｓｕ　５－ｕｎｍａｎｎｅｄ　ｈｏｔｅｌ－,https://img.travel.rakuten.co.jp/image/tr/api/re/pvonD/?f_no=181038,https://img.travel.rakuten.co.jp/image/tr/api/re/vFumt/?f_no=181038&f_flg=PLAN,https://img.travel.rakuten.co.jp/image/tr/api/re/WzozX/?noTomariHotel=181038,https://img.travel.rakuten.co.jp/image/tr/api/re/gJNfM/?f_hotel_no=181038,みずかなかすご,SNSで話題のデザイナーズホテル。日常から解き放たれるシンプルで洗練された空間で、あなただけの非日常をお楽しみください。,2380,120915.12,469471.29,810-0002,福岡県,福岡市中央区西中洲4-3　ＡＴＥ西中洲ビル　3Ｆ,092-688-2330,000-000-0000,「中洲川端駅」徒歩約９分,無し,中洲川端,https://img.travel.rakuten.co.jp/share/HOTEL/181038/181038.jpg,https://img.travel.rakuten.co.jp/HIMG/90/181038.jpg,,,https://img.travel.rakuten.co.jp/share/HOTEL/181038/181038map.gif,80.0,3.55,"よかったです　2026-10-04 23:36:52投稿 <a href=""https://img.travel.rakuten.co.jp/image/tr/api/re/gJNfM/?f_hotel_no=181038"" class=""3click"">つづきはこちら</a>",nak5fee304,ダブルルーム ダブルベッド2台付 リバービュー（連泊清掃なし,4893993.0,【10％OFF 口コミプラン】天神南駅徒歩7分！,1,0,0,0,0,2,https://img.travel.rakuten.co.jp/image/tr/api/re/IdsCY/?f_no=181038&f_syu=nak5fee304&f_hi1=2026-10-17&f_hi2=2026-10-18&f_heya_su=1&f_otona_su=1&f_s1=0&f_s2=0&f_y1=0&f_y2=0&f_y3=0&f_y4=0&f_camp_id=4893993,0,2026-10-17,50200,50200,0,2026-10-17,seibu
191873,ＤＤ　ＨＯＴＥＬ　中洲,https://img.travel.rakuten.co.jp/image/tr/api/re/pvonD/?f_no=191873,https://img.travel.rakuten.co.jp/image/tr/api/re/vFumt/?f_no=191873&f_flg=PLAN,,https://img.travel.rakuten.co.jp/image/tr/api/re/gJNfM/?f_hotel_no=191873,でぃーでぃー ほてる なかす,相部屋ではありません！全室個室です♪バス・トイレ別々！中洲川端駅から徒歩8分♪8人1室の大部屋あり【セルフチェックイン】,1700,120936.56,469455.94,812-0028,福岡県,福岡市博多区須崎町8-10,092-291-8233,092-600-2079,中洲川端駅より徒歩約８分,無し(近隣のコインパーキングをご利用ください),中洲川端,https://img.travel.rakuten.co.jp/share/HOTEL/191873/191873.jpg,https://img.travel.rakuten.co.jp/HIMG/90/191873.jpg,,,https://img.travel.rakuten.co.jp/share/HOTEL/191873/191873map.gif,52.0,3.58,"とても綺麗で良いホテルでした！また利用します！　2026-09-24 18:36:57投稿 <a href=""https://img.travel.rakuten.co.jp/image/tr/api/re/gJNfM/?f_hotel_no=191873"" class=""3click"">つづきはこちら</a>",riverview,リバービュールーム,5960285.0,【素泊まり】全室個室です！★出張・カップル・ご家族・グループ旅行♪ 中洲・天神へのアクセス抜群！,1,0,0,0,0,2,https://img.travel.rakuten.co.jp/image/tr/api/re/IdsCY/?f_no=191873&f_syu=riverview&f_hi1=2026-10-17&f_hi2=2026-10-18&f_heya_su=1&f_otona_su=1&f_s1=0&f_s2=0&f_y1=0&f_y2=0&f_y3=0&f_y4=0&f_camp_id=5960285,0,2026-10-17,35650,35650,0,2026-10-17,seibu
181074,グランドべース福岡天神,https://img.travel.rakuten.co.jp/image/tr/api/re/pvonD/?f_no=181074,https://img.travel.rakuten.co.jp/image/tr/api/re/vFumt/?f_no=181074&f_flg=PLAN,https://img.travel.rakuten.co.jp/image/tr/api/re/WzozX/?noTomariHotel=181074,https://img.travel.rakuten.co.jp/image/tr/api/re/gJNfM/?f_hotel_no=181074,ぐらんどべーすふくおかてんじん,【無人フロントホテル】天神・博多へアクセス◎最大4名泊まれるスマートホテル！キッチン＆洗濯機付で長期滞在にもおすすめ★,7700,120896.18,469462.91,810-0004,福岡県,福岡市中央区渡辺通3-6-2,092-409-4892,,「天神南駅」1番出口から徒歩7分、「渡辺通駅」2番出口から徒歩5分、博多駅からはバスで「渡辺通2丁目」で下車後徒歩2分,敷地内に有料コインパーキング有（軽自動車専用 6台）,福岡空港,https://img.travel.rakuten.co.jp/share/HOTEL/181074/181074.jpg,https://img.travel.rakuten.co.jp/HIMG/90/181074.jpg,,,https://img.travel.rakuten.co.jp/share/HOTEL/181074/181074map.gif,9.0,4.0,,bhito,スーペリアB,4895641.0,【素泊まり】スタンダードプラン「迷ったらコレ！」,1,0,0,0,0,2,https://img.travel.rakuten.co.jp/image/tr/api/re/IdsCY/?f_no=181074&f_syu=bhito&f_hi1=2026-10-17&f_hi2=2026-10-18&f_heya_su=1&f_otona_su=1&f_s1=0&f_s2=0&f_y1=0&f_y2=0&f_y3=0&f_y4=0&f_camp_id=4895641,0,2026-10-17,146000,146000,0,2026-10-17,seibu
179866,ランドーホテル福岡アネックス,https://img.travel.rakuten.co.jp/image/tr/api/re/pvonD/?f_no=179866,https://img.travel.rakuten.co.jp/image/tr/api/re/vFumt/?f_no=179866&f_flg=PLAN,https://img.travel.rakuten.co.jp/image/tr/api/re/WzozX/?noTomariHotel=179866,https://img.travel.rakuten.co.jp/image/tr/api/re/gJNfM/?f_hotel_no=179866,らんどーほてるふくおかあねっくす,全室30平米以上の客室には家電キッチンバルコニーを完備　スマートロックとiPadを活用したチェックインでスムーズに入室,4750,120865.01,469454.62,810-0014,福岡県,福岡市中央区平尾1-11-7,092-526-5231,03-5615-2997,平尾駅,駐車場のご用意はございません。近隣のパーキングをご利用くださいませ。,西鉄平尾,https://img.travel.rakuten.co.jp/share/HOTEL/179866/179866.jpg,https://img.travel.rakuten.co.jp/HIMG/90/179866.jpg,,,https://img.travel.rakuten.co.jp/share/HOTEL/179866/179866map.gif,44.0,4.13,"また泊まりたいです！　2026-08-14 11:20:02投稿 <a href=""https://img.travel.rakuten.co.jp/image/tr/api/re/gJNfM/?f_hotel_no=179866"" class=""3click"">つづきはこちら</a>",chi,中層階 デラックスツインルーム -智-,4983383.0,【全室30㎡以上】【返金不可】話題の新築アパートメントホテルでゆったりステイ★,1,0,0,0,0,2,https://img.travel.rakuten.co.jp/image/tr/api/re/IdsCY/?f_no=179866&f_syu=chi&f_hi1=2026-10-17&f_hi2=2026-10-18&f_heya_su=1&f_otona_su=1&f_s1=0&f_s2=0&f_y1=0&f_y2=0&f_y3=0&f_y4=0&f_camp_id=4983383,0,2026-10-17,50000,50000,0,2026-10-17,seibu
180071,ランドーホテル福岡クラシック,https://img.travel.rakuten.co.jp/image/tr/api/re/pvonD/?f_no=180071,https://img.travel.rakuten.co.jp/image/tr/api/re/vFumt/?f_no=180071&f_flg=PLAN,https://img.travel.rakuten.co.jp/image/tr/api/re/WzozX/?noTomariHotel=180071,https://img.travel.rakuten.co.jp/image/tr/api/re/gJNfM/?f_hotel_no=180071,らんどーほてるふくおかくらしっく,☆全室家具家電キッチン完備のスイートルーム☆,4750,120865.48,469483.67,810-0011,福岡県,福岡市中央区高砂2-13-1,092-526-5231,03-5615-2997,西鉄平尾駅より徒歩にて約８分,駐車場のご用意はございません。近隣のパーキングをご利用くださいませ。,西鉄平尾,https://img.travel.rakuten.co.jp/share/HOTEL/180071/180071.jpg,https://img.travel.rakuten.co.jp/HIMG/90/180071.jpg,,,https://img.travel.rakuten.co.jp/share/HOTEL/180071/180071map.gif,52.0,3.6,"あとは特に普通。　2026-05-09 20:16:17投稿 <a href=""https://img.travel.rakuten.co.jp/image/tr/api/re/gJNfM/?f_hotel_no=180071"" class=""3click"">つづきはこちら</a>",toku,プレミアムスイート/30平米　-徳-,4983378.0,【全室30㎡以上】【返金不可】話題の新築アパートメントホテルでゆったりステイ★,1,0,0,0,0,2,https://img.travel.rakuten.co.jp/image/tr/api/re/IdsCY/?f_no=180071&f_syu=toku&f_hi1=2026-10-17&f_hi2=2026-10-18&f_heya_su=1&f_otona_su=1&f_s1=0&f_s2=0&f_y1=0&f_y2=0&f_y3=0&f_y4=0&f_camp_id=4983378,0,2026-10-17,38000,38000,0,2026-10-17,seibu
197953,２－ｔｉｍｅｓ．Ｄｏｍｉｔｏｒｙ　Ｈｏｔｅｌ,https://img.travel.rakuten.co.jp/image/tr/api/re/pvonD/?f_no=197953,https://img.travel.rakuten.co.jp/image/tr/api/re/vFumt/?f_no=197953&f_flg=PLAN,,https://img.travel.rakuten.co.jp/image/tr/api/re/gJNfM/?f_hotel_no=197953,つーたいむすどみとりーほてる,糸島 駅近 最安値　筑前前原駅から徒歩３分　漆喰調のオシャレな施設　,3200,120799.02,468726.81,819-1116,福岡県,糸島市前原中央2-4-16,070-3763-2669,--,筑前前原駅より徒歩3分,なし,筑前前原,https://img.travel.rakuten.co.jp/share/HOTEL/197953/197953.jpg,https://img.travel.rakuten.co.jp/HIMG/90/197953.jpg,,,https://img.travel.rakuten.co.jp/share/HOTEL/197953/197953map.gif,14.0,3.21,,2,【女性専用】２段ベッド１名分（寝室・バス・トイレ共用）,6365533.0,【女性専用】２段ベッド１名分,1,0,0,0,0,2,https://img.travel.rakuten.co.jp/image/tr/api/re/IdsCY/?f_no=197953&f_syu=2&f_hi1=2026-10-17&f_hi2=2026-10-18&f_heya_su=1&f_otona_su=1&f_s1=0&f_s2=0&f_y1=0&f_y2=0&f_y3=0&f_y4=0&f_camp_id=6365533,0,2026-10-17,5800,5800,0,2026-10-17,seibu
179336,グランドベース春吉,https://img.travel.rakuten.co.jp/image/tr/api/re/pvonD/?f_no=179336,https://img.travel.rakuten.co.jp/image/tr/api/re/vFumt/?f_no=179336&f_flg=PLAN,https://img.travel.rakuten.co.jp/image/tr/api/re/WzozX/?noTomariHotel=179336,https://img.travel.rakuten.co.jp/image/tr/api/re/gJNfM/?f_hotel_no=179336,ぐらんどべーすはるよし,天神・キャナルシティ・屋台街へアクセス◎の好立地♪,3995,120906.3,469474.78,810-0003,福岡県,福岡市中央区春吉3-16-27,092-409-4892,,博多駅からはバス「春吉」で下車後徒歩４分、天神からはバス「渡辺通り二丁目」下車後徒歩6分,専用駐車場・提携駐車場はございません。 公式サイトから、近隣のコインパーキングをご確認下さい。,,https://img.travel.rakuten.co.jp/share/HOTEL/179336/179336.jpg,https://img.travel.rakuten.co.jp/HIMG/90/179336.jpg,,,https://img.travel.rakuten.co.jp/share/HOTEL/179336/179336map.gif,15.0,4.14,"ただ、部屋に入ると匂いがひどい。備え付けの空気清浄機をフル活動しても、消臭剤を撒い…　2026-06-23 12:54:01投稿 <a href=""https://img.travel.rakuten.co.jp/image/tr/api/re/gJNfM/?f_hotel_no=179336"" class=""3click"">つづきはこちら</a>",ahito,ベーシックA,4681923.0,【素泊まり】スタンダードプラン「迷ったらコレ！」,1,0,0,0,0,2,https://img.travel.rakuten.co.jp/image/tr/api/re/IdsCY/?f_no=179336&f_syu=ahito&f_hi1=2026-10-17&f_hi2=2026-10-18&f_heya_su=1&f_otona_su=1&f_s1=0&f_s2=0&f_y1=0&f_y2=0&f_y3=0&f_y4=0&f_camp_id=4681923,0,2026-10-17,58870,58870,0,2026-10-17,seibu
189077,ｓｅｖｅｎ　ｘ　ｓｅｖｅｎ　糸島,https://img.travel.rakuten.co.jp/image/tr/api/re/pvonD/?f_no=189077,https://img.travel.rakuten.co.jp/image/tr/api/re/vFumt/?f_no=189077&f_flg=PLAN,https://img.travel.rakuten.co.jp/image/tr/api/re/WzozX/?noTomariHotel=189077,https://img.travel.rakuten.co.jp/image/tr/api/re/gJNfM/?f_hotel_no=189077,セブンバイセブン　イトシマ,2026年4月リニューアルオープン。プール＆サウナを新設、テラスエリアとフード・ドリンクも刷新。,9440,121100.89,468736.34,819-0202,福岡県,福岡市西区西浦266,092-805-9030,000-000-0000,福岡空港よりお車で約４５分,全52台 無料 / 1室につき1台まで,福岡空港,https://img.travel.rakuten.co.jp/share/HOTEL/189077/189077.jpg,https://img.travel.rakuten.co.jp/HIMG/90/189077.jpg,,,https://img.travel.rakuten.co.jp/share/HOTEL/189077/189077map.gif,80.0,4.36,"プールとサウナがありましたので、子供と宿泊日の午後、翌朝の2回利用しました。サウナで暑くなった後、シャワーを浴びてプールに入り気持ち良かったです。タオルはプールに行くたびに新しいものを使わせていただけ…　2026-10-05 05:29:05投稿 <a href=""https://img.travel.rakuten.co.jp/image/tr/api/re/gJNfM/?f_hotel_no=189077"" class=""3click"">つづきはこちら</a>",st,スタンダードツイン（オーシャンビュー） WEST棟,6438030.0,【期間限定】20％OFF特別プラン！新しくなったseven x seven糸島を体感（素泊まり）,1,0,0,0,0,1,https://img.travel.rakuten.co.jp/image/tr/api/re/IdsCY/?f_no=189077&f_syu=st&f_hi1=2026-10-17&f_hi2=2026-10-18&f_heya_su=1&f_otona_su=1&f_s1=0&f_s2=0&f_y1=0&f_y2=0&f_y3=0&f_y4=0&f_camp_id=6438030,0,2026-10-17,78400,78400,0,2026-10-17,seibu
181287,ＨＯＴＥＬ＆ＣＯ,https://img.travel.rakuten.co.jp/image/tr/api/re/pvonD/?f_no=181287,https://img.travel.rakuten.co.jp/image/tr/api/re/vFumt/?f_no=181287&f_flg=PLAN,https://img.travel.rakuten.co.jp/image/tr/api/re/WzozX/?noTomariHotel=181287,https://img.travel.rakuten.co.jp/image/tr/api/re/gJNfM/?f_hotel_no=181287,あんどこー,【無人フロントホテル】カフェ風のこだわりが詰まったホテル,2470,120877.34,469457.18,810-0012,福岡県,福岡市中央区白金1-17-13,092-409-4892,,JR博多駅、福岡天神駅からはバスで10分で薬院に到着。薬院駅からは徒歩3分,敷地内に有料コインパーキング有（5台）,福岡空港,https://img.travel.rakuten.co.jp/share/HOTEL/181287/181287.jpg,https://img.travel.rakuten.co.jp/HIMG/90/181287.jpg,,,https://img.travel.rakuten.co.jp/share/HOTEL/181287/181287map.gif,11.0,3.63,,ahito,スタンダードA,4979580.0,【素泊まり】スタンダードプラン「迷ったらコレ！」,1,0,0,0,0,2,https://img.travel.rakuten.co.jp/image/tr/api/re/IdsCY/?f_no=181287&f_syu=ahito&f_hi1=2026-10-17&f_hi2=2026-10-18&f_heya_su=1&f_otona_su=1&f_s1=0&f_s2=0&f_y1=0&f_y2=0&f_y3=0&f_y4=0&f_camp_id=4979580,0,2026-10-17,60000,60000,0,2026-10-17,seibu
182774,ホテル　和　ＨＡＫＡＴＡ,https://img.travel.rakuten.co.jp/image/tr/api/re/pvonD/?f_no=182774,https://img.travel.rakuten.co.jp/image/tr/api/re/vFumt/?f_no=182774&f_flg=PLAN,https://img.travel.rakuten.co.jp/image/tr/api/re/WzozX/?noTomariHotel=182774,https://img.travel.rakuten.co.jp/image/tr/api/re/gJNfM/?f_hotel_no=182774,わはかた,【無人フロントホテル】博多の町を楽しめる冷泉町・店屋町エリア,2548,120935.51,469483.1,812-0025,福岡県,福岡市博多区店屋町7-3,092-409-4892,,「中洲川端駅」7番出口から徒歩5分、博多駅からバスで10分（「呉服町」下車）、キャナルシティまで徒歩10分,専用駐車場・提携駐車場はございません。 公式サイトから、近隣のコインパーキングをご確認下さい。,博多,https://img.travel.rakuten.co.jp/share/HOTEL/182774/182774.jpg,https://img.travel.rakuten.co.jp/HIMG/90/182774.jpg,,,https://img.travel.rakuten.co.jp/share/HOTEL/182774/182774map.gif,42.0,4.2,"また…　2026-09-23 20:43:17投稿 <a href=""https://img.travel.rakuten.co.jp/image/tr/api/re/gJNfM/?f_hotel_no=182774"" class=""3click"">つづきはこちら</a>",ahito,スタンダードA,5135145.0,【素泊まり】スタンダードプラン「迷ったらコレ！」,1,0,0,0,0,2,https://img.travel.rakuten.co.jp/image/tr/api/re/IdsCY/?f_no=182774&f_syu=ahito&f_hi1=2026-10-17&f_hi2=2026-10-18&f_heya_su=1&f_otona_su=1&f_s1=0&f_s2=0&f_y1=0&f_y2=0&f_y3=0&f_y4=0&f_camp_id=5135145,0,2026-10-17,85000,85000,0,2026-10-17,seibu
184878,のこのしまアイランドパーク　Ｖｉｌｌａ防人,https://img.travel.rakuten.co.jp/image/tr/api/re/pvonD/?f_no=184878,https://img.travel.rakuten.co.jp/image/tr/api/re/vFumt/?f_no=184878&f_flg=PLAN,,https://img.travel.rakuten.co.jp/image/tr/api/re/gJNfM/?f_hotel_no=184878,のこのしまあいらんどぱーく びらさきもり,２０２２年７月オープン！日本でもっともチルな島、能古島の一棟貸切コテージ。福岡市内から船で１０分、バスで１０分,3900,121071.42,469093.8,819-0012,福岡県,福岡市西区能古1624,092-881-4474,092-881-4424,福岡空港よりお車にて約40分、姪浜旅客待合所からフェリーで約10分、渡船場前からバスで約10分。,有。無料10台。場所をご案内いたしますので備考欄にお車で来られる事とメールアドレスをご明記ください。,福岡空港,https://img.travel.rakuten.co.jp/share/HOTEL/184878/184878.jpg,https://img.travel.rakuten.co.jp/HIMG/90/184878.jpg,,,https://img.travel.rakuten.co.jp/share/HOTEL/184878/184878map.gif,47.0,4.6,"パーク内の宿泊施設で駐車場やチェックインの仕方がわかりにくかったですが、着いたらとても快適でした　2026-10-07 17:23:28投稿 <a href=""https://img.travel.rakuten.co.jp/image/tr/api/re/gJNfM/?f_hotel_no=184878"" class=""3click"">つづきはこちら</a>",hana,［ファミリー・グループにおすすめ］花畑ヴィラ,6441544.0,【今しかない】花畑を駆ける子どもの笑顔♪お花畑が広がる一戸建てで気兼ねない家族旅＜花畑・素泊まり＞,1,0,0,0,0,1,https://img.travel.rakuten.co.jp/image/tr/api/re/IdsCY/?f_no=184878&f_syu=hana&f_hi1=2026-10-17&f_hi2=2026-10-18&f_heya_su=1&f_otona_su=1&f_s1=0&f_s2=0&f_y1=0&f_y2=0&f_y3=0&f_y4=0&f_camp_id=6441544,0,2026-10-17,54000,54000,0,2026-10-17,seibu
168669,ＨＯＴＥＬ　粋－ｓｕｉ－　ＨＡＲＵＹＯＳＨＩ,https://img.travel.rakuten.co.jp/image/tr/api/re/pvonD/?f_no=168669,https://img.travel.rakuten.co.jp/image/tr/api/re/vFumt/?f_no=168669&f_flg=PLAN,https://img.travel.rakuten.co.jp/image/tr/api/re/WzozX/?noTomariHotel=168669,https://img.travel.rakuten.co.jp/image/tr/api/re/gJNfM/?f_hotel_no=168669,ほてるすいはるよし,キャナルシティ博多まで7分、西鉄福岡（天神）駅まで10分！グループ・家族旅行におすすめのリビングスペース！,6771,120900.08,469472.76,810-0003,福岡県,福岡市中央区春吉2-10-1,092-409-4892, ,博多駅からはバスで「春吉」「渡辺通り2丁目」で下車後徒歩5分。天神からは徒歩10分、キャナルシティ博多へは徒歩7分。,専用駐車場・提携駐車場はございません。 公式サイトから、近隣のコインパーキングをご確認下さい。,,https://img.travel.rakuten.co.jp/share/HOTEL/168669/168669.jpg,https://img.travel.rakuten.co.jp/HIMG/90/168669.jpg,https://img.travel.rakuten.co.jp/share/HOTEL/168669/168669_kan1.jpg,https://img.travel.rakuten.co.jp/HIMG/INTERIOR/168669.jpg,https://img.travel.rakuten.co.jp/share/HOTEL/168669/168669map.gif,24.0,4.2,"予約時に登録したメールアドレスにチエックイン時に必要なログイン番号な…　2025-12-20 02:28:18投稿 <a href=""https://img.travel.rakuten.co.jp/image/tr/api/re/gJNfM/?f_hotel_no=168669"" class=""3click"">つづきはこちら</a>",ahito1,スタンダードA,5932492.0,【素泊まり】スタンダードプラン「迷ったらコレ！」,1,0,0,0,0,2,https://img.travel.rakuten.co.jp/image/tr/api/re/IdsCY/?f_no=168669&f_syu=ahito1&f_hi1=2026-10-17&f_hi2=2026-10-18&f_heya_su=1&f_otona_su=1&f_s1=0&f_s2=0&f_y1=0&f_y2=0&f_y3=0&f_y4=0&f_camp_id=5932492,0,2026-10-17,76670,76670,0,2026-10-17,seibu
176616,ＨＯＴＥＬ　ＣＯＣＯＮ,https://img.travel.rakuten.co.jp/image/tr/api/re/pvonD/?f_no=176616,https://img.travel.rakuten.co.jp/image/tr/api/re/vFumt/?f_no=176616&f_flg=PLAN,https://img.travel.rakuten.co.jp/image/tr/api/re/WzozX/?noTomariHotel=176616,https://img.travel.rakuten.co.jp/image/tr/api/re/gJNfM/?f_hotel_no=176616,ここん,【無人フロントホテル】＜広い客室、キーレス＞薬院駅徒歩３分！和を感じるモダンなリビングルーム,2449,120880.95,469466.33,810-0011,福岡県,福岡市中央区高砂1-22-23,092-409-4892,,天神：天神駅から１駅の薬院駅下りて徒歩３分　博多：博多駅から約１０分の薬院駅下りて徒歩３分,専用駐車場・提携駐車場はございません。 公式サイトから、近隣のコインパーキングをご確認下さい。,薬院,https://img.travel.rakuten.co.jp/share/HOTEL/176616/176616.jpg,https://img.travel.rakuten.co.jp/HIMG/90/176616.jpg,https://img.travel.rakuten.co.jp/share/HOTEL/176616/176616_kan1.jpg,https://img.travel.rakuten.co.jp/HIMG/INTERIOR/176616.jpg,https://img.travel.rakuten.co.jp/share/HOTEL/176616/176616map.gif,8.0,5.0,,bhito,エグゼクティブB,4552721.0,【素泊まり】スタンダードプラン「迷ったらコレ！」,1,0,0,0,0,2,https://img.travel.rakuten.co.jp/image/tr/api/re/IdsCY/?f_no=176616&f_syu=bhito&f_hi1=2026-10-17&f_hi2=2026-10-18&f_heya_su=1&f_otona_su=1&f_s1=0&f_s2=0&f_y1=0&f_y2=0&f_y3=0&f_y4=0&f_camp_id=4552721,0,2026-10-17,100500,100500,0,2026-10-17,seibu
197719,ホテルリファレンス天神コンドミニアム,https://img.travel.rakuten.co.jp/image/tr/api/re/pvonD/?f_no=197719,https://img.travel.rakuten.co.jp/image/tr/api/re/vFumt/?f_no=197719&f_flg=PLAN,,https://img.travel.rakuten.co.jp/image/tr/api/re/gJNfM/?f_hotel_no=197719,ほてるりふぁれんすてんじんこんどみにあむ,地下鉄天神駅より徒歩5分、観光もグルメもすぐそこ,7700,120924.31,469438.86,810-0001,福岡県,福岡市中央区天神3-15-25,092-402-7420,--,福岡市地下鉄空港線天神駅より地下街経由で西１出口から出て徒歩２分,なし,天神,https://img.travel.rakuten.co.jp/share/HOTEL/197719/197719.jpg,https://img.travel.rakuten.co.jp/HIMG/90/197719.jpg,,,https://img.travel.rakuten.co.jp/share/HOTEL/197719/197719map.gif,2.0,,,ten01,【禁煙】ダブルベッド1台にソファベッド1台【1Kスタイル】,6357456.0,地下鉄天神駅より徒歩5分　1Kスタイルのアパートメントホテル,1,0,0,0,0,2,https://img.travel.rakuten.co.jp/image/tr/api/re/IdsCY/?f_no=197719&f_syu=ten01&f_hi1=2026-10-17&f_hi2=2026-10-18&f_heya_su=1&f_otona_su=1&f_s1=0&f_s2=0&f_y1=0&f_y2=0&f_y3=0&f_y4=0&f_camp_id=6357456,0,2026-10-17,33000,33000,0,2026-10-17,seibu
197737,Ａｓｕｉｔｅ　Ｈａｋａｔａ　ｂｙ　ＡＳＵＭＩＲＵ,https://img.travel.rakuten.co.jp/image/tr/api/re/pvonD/?f_no=197737,https://img.travel.rakuten.co.jp/image/tr/api/re/vFumt/?f_no=197737&f_flg=PLAN,,https://img.travel.rakuten.co.jp/image/tr/api/re/gJNfM/?f_hotel_no=197737,えいすいーとはかたばいあすみる,行きたい場所がすべて近くにある、モダン＆快適なデザインホテル！天神南駅から徒歩4分！,5896,120909.0,469468.61,810-0003,福岡県,福岡市中央区春吉3-22-1,050-5482-3715,050-3588-6542,地下鉄天神南駅から徒歩で約4分、福岡空港から地下鉄で約20分,なし,天神,https://img.travel.rakuten.co.jp/share/HOTEL/197737/197737.jpg,https://img.travel.rakuten.co.jp/HIMG/90/197737.jpg,,,https://img.travel.rakuten.co.jp/share/HOTEL/197737/197737map.gif,6.0,4.0,,asm0001,ツインルーム バスタブ付,6336901.0,【返金不可／素泊まり】キャンセル不可だからオトク！予定が決まった方はこちら♪,1,0,0,0,0,2,https://img.travel.rakuten.co.jp/image/tr/api/re/IdsCY/?f_no=197737&f_syu=asm0001&f_hi1=2026-10-17&f_hi2=2026-10-18&f_heya_su=1&f_otona_su=1&f_s1=0&f_s2=0&f_y1=0&f_y2=0&f_y3=0&f_y4=0&f_camp_id=6336901,0,2026-10-17,48336,48336,0,2026-10-17,seibu
198328,ホテルＹｅｅＴ天神南,https://img.travel.rakuten.co.jp/image/tr/api/re/pvonD/?f_no=198328,https://img.travel.rakuten.co.jp/image/tr/api/re/vFumt/?f_no=198328&f_flg=PLAN,,https://img.travel.rakuten.co.jp/image/tr/api/re/gJNfM/?f_hotel_no=198328,ほてるいーとてんじんみなみ,新築ホテルが誕生！,3710,120877.2,469482.58,810-0005,福岡県,福岡市中央区清川2-11-16,092-409-4892,,渡辺通駅より徒歩11分,なし,天神,https://img.travel.rakuten.co.jp/share/HOTEL/198328/198328.jpg,https://img.travel.rakuten.co.jp/HIMG/90/198328.jpg,,,https://img.travel.rakuten.co.jp/share/HOTEL/198328/198328map.gif,3.0,,,ahito,1ベッドルーム　アパートメントA,6371445.0,【素泊まり】スタンダードプラン「迷ったらコレ！」,1,0,0,0,0,2,https://img.travel.rakuten.co.jp/image/tr/api/re/IdsCY/?f_no=198328&f_syu=ahito&f_hi1=2026-10-17&f_hi2=2026-10-18&f_heya_su=1&f_otona_su=1&f_s1=0&f_s2=0&f_y1=0&f_y2=0&f_y3=0&f_y4=0&f_camp_id=6371445,0,2026-10-17,53335,53335,0,2026-10-17,seibu
201838,おやどらんたん中洲川端,https://img.travel.rakuten.co.jp/image/tr/api/re/pvonD/?f_no=201838,https://img.travel.rakuten.co.jp/image/tr/api/re/vFumt/?f_no=201838&f_flg=PLAN,,https://img.travel.rakuten.co.jp/image/tr/api/re/gJNfM/?f_hotel_no=201838,おやどらんたんなかすかわばた,駅近くにリノベーションホテル誕生！,2436,120932.26,469477.24,812-0026,福岡県,福岡市博多区上川端町14-26,092-409-4892,--,中洲川端駅(7番出口)より徒歩2分,専用駐車場・提携駐車場はございません。 公式サイトから、近隣のコインパーキングをご確認下さい。,中洲川端,https://img.travel.rakuten.co.jp/share/HOTEL/201838/201838.jpg,https://img.travel.rakuten.co.jp/HIMG/90/201838.jpg,,,https://img.travel.rakuten.co.jp/share/HOTEL/201838/201838map.gif,2.0,,,ahito,トリプルルームA,6519228.0,【素泊まり】スタンダードプラン「迷ったらコレ！」,1,0,0,0,0,2,https://img.travel.rakuten.co.jp/image/tr/api/re/IdsCY/?f_no=201838&f_syu=ahito&f_hi1=2026-10-17&f_hi2=2026-10-18&f_heya_su=1&f_otona_su=1&f_s1=0&f_s2=0&f_y1=0&f_y2=0&f_y3=0&f_y4=0&f_camp_id=6519228,0,2026-10-17,85000,85000,0,2026-10-17,seibu
191720,ロイズ博多　ＬＬＯＹＤ＇ｓ　ＨＡＫＡＴＡ,https://img.travel.rakuten.co.jp/image/tr/api/re/pvonD/?f_no=191720,https://img.travel.rakuten.co.jp/image/tr/api/re/vFumt/?f_no=191720&f_flg=PLAN,,https://img.travel.rakuten.co.jp/image/tr/api/re/gJNfM/?f_hotel_no=191720,ろいずはかた,地下鉄空港線「中洲川端駅」より徒歩３分！福岡空港から乗り換え要らずの好立地！,5346,120925.5,469476.53,812-0026,福岡県,福岡市博多区上川端町10-255,092-753-6509,000-000-0000,地下鉄中洲川端駅より徒歩約３分,無し,中洲川端,https://img.travel.rakuten.co.jp/share/HOTEL/191720/191720.jpg,https://img.travel.rakuten.co.jp/HIMG/90/191720.jpg,,,https://img.travel.rakuten.co.jp/share/HOTEL/191720/191720map.gif,11.0,3.91,,kawabata61,１L D K  タイプＣ,6315004.0,【1泊プラン】,1,0,0,0,0,2,https://img.travel.rakuten.co.jp/image/tr/api/re/IdsCY/?f_no=191720&f_syu=kawabata61&f_hi1=2026-10-17&f_hi2=2026-10-18&f_heya_su=1&f_otona_su=1&f_s1=0&f_s2=0&f_y1=0&f_y2=0&f_y3=0&f_y4=0&f_camp_id=6315004,0,2026-10-17,41081,41081,0,2026-10-17,seibu
202268,ＣＲＥＳＴ西新,https://img.travel.rakuten.co.jp/image/tr/api/re/pvonD/?f_no=202268,https://img.travel.rakuten.co.jp/image/tr/api/re/vFumt/?f_no=202268&f_flg=PLAN,,https://img.travel.rakuten.co.jp/image/tr/api/re/gJNfM/?f_hotel_no=202268,くれすとにしじん,西新駅徒歩2分/福岡空港直通/Wi-Fi完備,6050,120886.74,469300.47,814-0002,福岡県,早良区西新4-9-16 302・303・402・403,080-8500-9217,--,西新駅より徒歩2分,なし,西新,https://img.travel.rakuten.co.jp/share/HOTEL/202268/202268.jpg,https://img.travel.rakuten.co.jp/HIMG/90/202268.jpg,,,https://img.travel.rakuten.co.jp/share/HOTEL/202268/202268map.gif,,,,a,A ｜ 西新駅徒歩2分 ｜ エレベーターあり ｜ Wi-Fi,,,1,0,0,0,0,2,https://img.travel.rakuten.co.jp/image/tr/api/re/IdsCY/?f_no=202268&f_syu=a&f_hi1=2026-10-17&f_hi2=2026-10-18&f_heya_su=1&f_otona_su=1&f_s1=0&f_s2=0&f_y1=0&f_y2=0&f_y3=0&f_y4=0,1,2026-10-17,30800,30800,0,2026-10-17,seibu
191273,ｆａｒｍ　ｓｔａｙ　Ｊａｍｍｉｎ　＾,https://img.travel.rakuten.co.jp/image/tr/api/re/pvonD/?f_no=191273,https://img.travel.rakuten.co.jp/image/tr/api/re/vFumt/?f_no=191273&f_flg=PLAN,,https://img.travel.rakuten.co.jp/image/tr/api/re/gJNfM/?f_hotel_no=191273,,当施設は納屋の２階を改装したキャンプ場のコテージのよう宿泊施設です。,2784,120579.17,468387.73,819-1631,福岡県,糸島市二丈福井1978-3　ｆａｒｍ　ｓｔａｙ　Ｊａｍｍｉｎ,090-1344-8250,000-000-0000,大入駅から徒歩で約５分,有り,大入,https://img.travel.rakuten.co.jp/share/HOTEL/191273/191273.jpg,https://img.travel.rakuten.co.jp/HIMG/90/191273.jpg,,,https://img.travel.rakuten.co.jp/share/HOTEL/191273/191273map.gif,1.0,,,1104417_5,ロッジ/ログハウス/コテージ,6141366.0,秘密基地のようなユニークな宿泊施設です,1,0,0,0,0,2,https://img.travel.rakuten.co.jp/image/tr/api/re/IdsCY/?f_no=191273&f_syu=1104417_5&f_hi1=2026-10-17&f_hi2=2026-10-18&f_heya_su=1&f_otona_su=1&f_s1=0&f_s2=0&f_y1=0&f_y2=0&f_y3=0&f_y4=0&f_camp_id=6141366,0,2026-10-17,13920,13920,0,2026-10-17,seibu
185343,グランピングハウス　ＣＨＩＬＬ　ＯＵＴ／海水浴・ＢＢＱ・ＳＵＰレンタル有【要事前予約】／民泊,https://img.travel.rakuten.co.jp/image/tr/api/re/pvonD/?f_no=185343,https://img.travel.rakuten.co.jp/image/tr/api/re/vFumt/?f_no=185343&f_flg=PLAN,,https://img.travel.rakuten.co.jp/image/tr/api/re/gJNfM/?f_hotel_no=185343,,糸島半島にあるハウス型グランピング★【民泊】,7540,121091.91,468828.96,819-0201,福岡県,福岡市西区宮浦2129-16,080-3967-7857,000-000-0000,九大学研都市駅から車で約１７分,有り,今宿,https://img.travel.rakuten.co.jp/share/HOTEL/185343/185343.jpg,https://img.travel.rakuten.co.jp/HIMG/90/185343.jpg,,,https://img.travel.rakuten.co.jp/share/HOTEL/185343/185343map.gif,3.0,,,r4898_8,チルアウト,5602364.0,グランピングハウス CHILL OUT/BBQ・ビーチ・レンタサイクル・SUPレンタル有,1,0,0,0,0,2,https://img.travel.rakuten.co.jp/image/tr/api/re/IdsCY/?f_no=185343&f_syu=r4898_8&f_hi1=2026-10-17&f_hi2=2026-10-18&f_heya_su=1&f_otona_su=1&f_s1=0&f_s2=0&f_y1=0&f_y2=0&f_y3=0&f_y4=0&f_camp_id=5602364,0,2026-10-17,32480,32480,0,2026-10-17,seibu
190906,ヴィレッタ平和１０１／民泊,https://img.travel.rakuten.co.jp/image/tr/api/re/pvonD/?f_no=190906,https://img.travel.rakuten.co.jp/image/tr/api/re/vFumt/?f_no=190906&f_flg=PLAN,,https://img.travel.rakuten.co.jp/image/tr/api/re/gJNfM/?f_hotel_no=190906,,福岡市中央区平和に位置する当施設は、各スペースに扉がないオープンレイアウトで、大人数でも快適【民泊】,4640,120829.22,469436.91,810-0016,福岡県,福岡市中央区平和3-8-16　ヴィレッタ平和101号室,080-1794-8140,000-000-0000,西鉄平尾駅から徒歩で約４分,無し,西鉄平尾,https://img.travel.rakuten.co.jp/share/HOTEL/190906/190906.jpg,https://img.travel.rakuten.co.jp/HIMG/90/190906.jpg,,,https://img.travel.rakuten.co.jp/share/HOTEL/190906/190906map.gif,,,,r17864_6,ヴィレッタ平和101,6108470.0,グループ旅行に最適!最大6名収容の広々空間。ヴィレッタ平和101,1,0,0,0,0,2,https://img.travel.rakuten.co.jp/image/tr/api/re/IdsCY/?f_no=190906&f_syu=r17864_6&f_hi1=2026-10-17&f_hi2=2026-10-18&f_heya_su=1&f_otona_su=1&f_s1=0&f_s2=0&f_y1=0&f_y2=0&f_y3=0&f_y4=0&f_camp_id=6108470,0,2026-10-17,38098,38098,0,2026-10-17,seibu
190975,ヴィレッタ平和１０３号室／民泊,https://img.travel.rakuten.co.jp/image/tr/api/re/pvonD/?f_no=190975,https://img.travel.rakuten.co.jp/image/tr/api/re/vFumt/?f_no=190975&f_flg=PLAN,,https://img.travel.rakuten.co.jp/image/tr/api/re/gJNfM/?f_hotel_no=190975,,福岡市中央区平和にある当施設は、元４ＤＫの間取りの扉を無くしオープンスペースにしたことで、広【民泊】,4640,120829.22,469436.91,810-0016,福岡県,福岡市中央区平和3-8-16　ヴィレッタ平和103号室,080-1794-8140,000-000-0000,西鉄平尾駅から徒歩で約４分,無し,西鉄平尾,https://img.travel.rakuten.co.jp/share/HOTEL/190975/190975.jpg,https://img.travel.rakuten.co.jp/HIMG/90/190975.jpg,,,https://img.travel.rakuten.co.jp/share/HOTEL/190975/190975map.gif,1.0,,,r17963_6,ヴィレッタ平和103号室,6109000.0,最大6名宿泊可!長期滞在でも快適な広々空間。ヴィレッタ平和103,1,0,0,0,0,2,https://img.travel.rakuten.co.jp/image/tr/api/re/IdsCY/?f_no=190975&f_syu=r17963_6&f_hi1=2026-10-17&f_hi2=2026-10-18&f_heya_su=1&f_otona_su=1&f_s1=0&f_s2=0&f_y1=0&f_y2=0&f_y3=0&f_y4=0&f_camp_id=6109000,0,2026-10-17,38098,38098,0,2026-10-17,seibu
178343,ｍｉｚｕｋａ　Ｄａｉｍｙｏ　３　‐ｕｎｍａｎｎｅｄ　ｈｏｔｅｌ‐,https://img.travel.rakuten.co.jp/image/tr/api/re/pvonD/?f_no=178343,https://img.travel.rakuten.co.jp/image/tr/api/re/vFumt/?f_no=178343&f_flg=PLAN,,https://img.travel.rakuten.co.jp/image/tr/api/re/gJNfM/?f_hotel_no=178343,みずかだいみょう　すりー　あまんどほてる,SNSで話題のデザイナーズホテル。日常から解き放たれるシンプルで洗練された空間で、あなただけの非日常をお楽しみください。,2380,120902.18,469436.26,810-0041,福岡県,福岡市中央区大名1-15-35　大名247ビル　5Ｆ‐Ｂ,03-4531-9681,000-000-0000,西鉄福岡駅より徒歩にて約５分,無し,西鉄福岡,https://img.travel.rakuten.co.jp/share/HOTEL/178343/178343.jpg,https://img.travel.rakuten.co.jp/HIMG/90/178343.jpg,,,https://img.travel.rakuten.co.jp/share/HOTEL/178343/178343map.gif,19.0,3.0,"体が弱めの…　2026-09-30 13:45:04投稿 <a href=""https://img.travel.rakuten.co.jp/image/tr/api/re/gJNfM/?f_hotel_no=178343"" class=""3click"">つづきはこちら</a>",dai3fee504,スタンダードダブルルーム ダブルベッド2台付（連泊清掃なし）,4804327.0,【5％OFF 口コミプラン】 天神駅徒歩5分！福岡観光＆卒業旅行に,1,0,0,0,0,2,https://img.travel.rakuten.co.jp/image/tr/api/re/IdsCY/?f_no=178343&f_syu=dai3fee504&f_hi1=2026-10-17&f_hi2=2026-10-18&f_heya_su=1&f_otona_su=1&f_s1=0&f_s2=0&f_y1=0&f_y2=0&f_y3=0&f_y4=0&f_camp_id=4804327,0,2026-10-17,40000,40000,0,2026-10-17,seibu
194806,ヴィレッタ平和１０２／民泊,https://img.travel.rakuten.co.jp/image/tr/api/re/pvonD/?f_no=194806,https://img.travel.rakuten.co.jp/image/tr/api/re/vFumt/?f_no=194806&f_flg=PLAN,,https://img.travel.rakuten.co.jp/image/tr/api/re/gJNfM/?f_hotel_no=194806,,福岡市中央区平和に位置する当施設は、各スペースに扉がないオープンレイアウトで、広々とした空間【民泊】,4640,120829.22,469436.91,810-0016,福岡県,福岡市中央区平和3-8-16　ヴィレッタ平和102号室,080-1794-8140,000-000-0000,西鉄平尾駅から徒歩で約４分,無し,西鉄平尾,https://img.travel.rakuten.co.jp/share/HOTEL/194806/194806.jpg,https://img.travel.rakuten.co.jp/HIMG/90/194806.jpg,,,https://img.travel.rakuten.co.jp/share/HOTEL/194806/194806map.gif,,,,r17746_6,ヴィレッタ平和102号室,6290226.0,広々70m2で6名まで宿泊可能!洗濯機&洗濯乾燥機備。ヴィレッタ平和102,1,0,0,0,0,2,https://img.travel.rakuten.co.jp/image/tr/api/re/IdsCY/?f_no=194806&f_syu=r17746_6&f_hi1=2026-10-17&f_hi2=2026-10-18&f_heya_su=1&f_otona_su=1&f_s1=0&f_s2=0&f_y1=0&f_y2=0&f_y3=0&f_y4=0&f_camp_id=6290226,0,2026-10-17,40747,40747,0,2026-10-17,seibu
186753,ＶＩＤＡ博多　＾,https://img.travel.rakuten.co.jp/image/tr/api/re/pvonD/?f_no=186753,https://img.travel.rakuten.co.jp/image/tr/api/re/vFumt/?f_no=186753&f_flg=PLAN,,https://img.travel.rakuten.co.jp/image/tr/api/re/gJNfM/?f_hotel_no=186753,,■ご注意ください■予約後、チェックインに関するメールが届きます。,7163,120892.89,469530.43,812-0016,福岡県,福岡市博多区博多駅南1-15-15　ＶＩＤＡ　Ｈａｋａｔａ　301,092-441-2905,000-000-0000,博多駅から徒歩で約７分,無し,博多,https://img.travel.rakuten.co.jp/share/HOTEL/186753/186753.jpg,https://img.travel.rakuten.co.jp/HIMG/90/186753.jpg,,,https://img.travel.rakuten.co.jp/share/HOTEL/186753/186753map.gif,,,,848060_2,スタンダードルーム,5953462.0,【博多駅まで徒歩9分】ダブルベッド1台_キッチン付_VIDA博多803(22m2),1,0,0,0,0,2,https://img.travel.rakuten.co.jp/image/tr/api/re/IdsCY/?f_no=186753&f_syu=848060_2&f_hi1=2026-10-17&f_hi2=2026-10-18&f_heya_su=1&f_otona_su=1&f_s1=0&f_s2=0&f_y1=0&f_y2=0&f_y3=0&f_y4=0&f_camp_id=5953462,0,2026-10-17,41992,41992,0,2026-10-17,seibu
194536,Ｍａｉｓｏｎ　Ｙｏｔｓｕｋｕｒｏ　＾,https://img.travel.rakuten.co.jp/image/tr/api/re/pvonD/?f_no=194536,https://img.travel.rakuten.co.jp/image/tr/api/re/vFumt/?f_no=194536&f_flg=PLAN,,https://img.travel.rakuten.co.jp/image/tr/api/re/gJNfM/?f_hotel_no=194536,,Ｍａｉｓｏｎ　Ｙｏｔｓｕｋｕｒｏ　は、活気あふれる商店街の中に佇むユニークな民泊施設です。,4246,120888.45,469479.26,810-0003,福岡県,福岡市中央区春吉1-3-12　Ｍａｉｓｏｎ　Ｙｏｔｓｕｋｕｒｏ,080-3188-3570,000-000-0000,渡辺通駅から徒歩で約４分,無し,薬院,https://img.travel.rakuten.co.jp/share/HOTEL/194536/194536.jpg,https://img.travel.rakuten.co.jp/HIMG/90/194536.jpg,,,https://img.travel.rakuten.co.jp/share/HOTEL/194536/194536map.gif,1.0,,,1236360_5,一戸建て,6248788.0,市場内に住む、非日常の体験を味わえる施設です。,1,0,0,0,0,2,https://img.travel.rakuten.co.jp/image/tr/api/re/IdsCY/?f_no=194536&f_syu=1236360_5&f_hi1=2026-10-17&f_hi2=2026-10-18&f_heya_su=1&f_otona_su=1&f_s1=0&f_s2=0&f_y1=0&f_y2=0&f_y3=0&f_y4=0&f_camp_id=6248788,0,2026-10-17,42329,42329,0,2026-10-17,seibu
185838,糸島のグランピングｎｉｊｏ　＾,https://img.travel.rakuten.co.jp/image/tr/api/re/pvonD/?f_no=185838,https://img.travel.rakuten.co.jp/image/tr/api/re/vFumt/?f_no=185838&f_flg=PLAN,,https://img.travel.rakuten.co.jp/image/tr/api/re/gJNfM/?f_hotel_no=185838,,　,17835,120564.74,468200.09,819-1642,福岡県,糸島市二丈鹿家762-31　糸島のグランピングｎｉｊｏ,050-1559-0019,000-000-0000,鹿家駅から徒歩で約６分,有り,鹿家,https://img.travel.rakuten.co.jp/share/HOTEL/185838/185838.jpg,https://img.travel.rakuten.co.jp/HIMG/90/185838.jpg,,,https://img.travel.rakuten.co.jp/share/HOTEL/185838/185838map.gif,1.0,,,471943_4,グランピング,5671701.0,独立型プライベイト空間サイト 海を眺めながら炭火BBQ 冷暖房付きテントに専用シャワールーム,1,0,0,0,0,2,https://img.travel.rakuten.co.jp/image/tr/api/re/IdsCY/?f_no=185838&f_syu=471943_4&f_hi1=2026-10-17&f_hi2=2026-10-18&f_heya_su=1&f_otona_su=1&f_s1=0&f_s2=0&f_y1=0&f_y2=0&f_y3=0&f_y4=0&f_camp_id=5671701,0,2026-10-17,42920,42920,0,2026-10-17,seibu
199481,ＳＡＫＡ　ＨＯＴＥＬ　＾,https://img.travel.rakuten.co.jp/image/tr/api/re/pvonD/?f_no=199481,https://img.travel.rakuten.co.jp/image/tr/api/re/vFumt/?f_no=199481&f_flg=PLAN,,https://img.travel.rakuten.co.jp/image/tr/api/re/gJNfM/?f_hotel_no=199481,,坂を少し下った静かな住宅街に佇む、お子様連れの家族旅行も大歓迎の宿。長期滞在可。博多天神アクセス◎,5684,120871.72,469404.02,810-0042,福岡県,福岡市中央区桜坂1-6-33　イスパハン２０２号室,080-1794-8140,00-0000-0000,桜坂駅から徒歩で1分,なし,大濠公園,https://img.travel.rakuten.co.jp/share/HOTEL/199481/199481.jpg,https://img.travel.rakuten.co.jp/HIMG/90/199481.jpg,,,https://img.travel.rakuten.co.jp/share/HOTEL/199481/199481map.gif,,,,1467652_6,スタンダードルーム,6417584.0,SAKA HOTEL 201,1,0,0,0,0,2,https://img.travel.rakuten.co.jp/image/tr/api/re/IdsCY/?f_no=199481&f_syu=1467652_6&f_hi1=2026-10-17&f_hi2=2026-10-18&f_heya_su=1&f_otona_su=1&f_s1=0&f_s2=0&f_y1=0&f_y2=0&f_y3=0&f_y4=0&f_camp_id=6417584,0,2026-10-17,48151,48151,0,2026-10-17,seibu
177718,Ｒａｋｕｔｅｎ　ＳＴＡＹ　ＨＯＵＳＥ　ｘ　ＷＩＬＬ　ＳＴＹＬＥ　糸島,https://img.travel.rakuten.co.jp/image/tr/api/re/pvonD/?f_no=177718,https://img.travel.rakuten.co.jp/image/tr/api/re/vFumt/?f_no=177718&f_flg=PLAN,https://img.travel.rakuten.co.jp/image/tr/api/re/WzozX/?noTomariHotel=177718,https://img.travel.rakuten.co.jp/image/tr/api/re/gJNfM/?f_hotel_no=177718,らくてん　すてい　はうす　うぃるすたいる　いとしま,牡蠣小屋まで徒歩1分♪キッチン完備で広々した海沿いの一軒家を貸切！グループにおすすめ,4350,120762.86,468590.85,819-1124,福岡県,糸島市加布里5-13-1（旧住所：加布里1087-1）,050-1750-9719,,加布里駅よりお車にて約７分／福岡市内よりお車にて約40分,有り　１棟１台　,加布里,https://img.travel.rakuten.co.jp/share/HOTEL/177718/177718.jpg,https://img.travel.rakuten.co.jp/HIMG/90/177718.jpg,,,https://img.travel.rakuten.co.jp/share/HOTEL/177718/177718map.gif,83.0,4.0,"とても綺麗なお部屋でした　2026-09-23 08:44:33投稿 <a href=""https://img.travel.rakuten.co.jp/image/tr/api/re/gJNfM/?f_hotel_no=177718"" class=""3click"">つづきはこちら</a>",106,【Wi-Fi無料】キッチン＆洗濯機付一棟貸し切り(106),5424591.0,【フレキシブル】海沿いの一軒家まるまる貸し切り！観光に釣りに♪グループ旅行に人気◎Wi-Fi無料,1,0,0,0,0,2,https://img.travel.rakuten.co.jp/image/tr/api/re/IdsCY/?f_no=177718&f_syu=106&f_hi1=2026-10-17&f_hi2=2026-10-18&f_heya_su=1&f_otona_su=1&f_s1=0&f_s2=0&f_y1=0&f_y2=0&f_y3=0&f_y4=0&f_camp_id=5424591,0,2026-10-17,53000,53000,0,2026-10-17,seibu
194510,ＣＡＳＡ　ｄｉ　ＰＡＬＭＥ　ＩＴＯＳＨＩＭＡ　（南国風グランピング施設）／民泊,https://img.travel.rakuten.co.jp/image/tr/api/re/pvonD/?f_no=194510,https://img.travel.rakuten.co.jp/image/tr/api/re/vFumt/?f_no=194510&f_flg=PLAN,,https://img.travel.rakuten.co.jp/image/tr/api/re/gJNfM/?f_hotel_no=194510,,開放感あふれる南国リゾート風の癒し空間ーペット同伴ＯＫ！　【民泊】,5510,120908.58,468441.08,819-1335,福岡県,糸島市志摩芥屋121-11　ＣＡＳＡ　ｄｉ　ＰＡＬＭＥ　　ＩＴＯＳＨＩＭＡ,090-9592-3554,000-000-0000,加布里駅から車で約１５分,有り,加布里,https://img.travel.rakuten.co.jp/share/HOTEL/194510/194510.jpg,https://img.travel.rakuten.co.jp/HIMG/90/194510.jpg,,,https://img.travel.rakuten.co.jp/share/HOTEL/194510/194510map.gif,4.0,,,r19268_6,CASA di PALME ITOSHIMA,6248752.0,ペットと同伴でBBQ、アウトドアが楽しめるグランピング施設,1,0,0,0,0,2,https://img.travel.rakuten.co.jp/image/tr/api/re/IdsCY/?f_no=194510&f_syu=r19268_6&f_hi1=2026-10-17&f_hi2=2026-10-18&f_heya_su=1&f_otona_su=1&f_s1=0&f_s2=0&f_y1=0&f_y2=0&f_y3=0&f_y4=0&f_camp_id=6248752,0,2026-10-17,58000,58000,0,2026-10-17,seibu
188824,ＡＬＦＡＣＩＯ　ＲＥＳＯＲＴ　ＳＴＡＹ　ＩＴＯＳＨＩＭＡ,https://img.travel.rakuten.co.jp/image/tr/api/re/pvonD/?f_no=188824,https://img.travel.rakuten.co.jp/image/tr/api/re/vFumt/?f_no=188824&f_flg=PLAN,,https://img.travel.rakuten.co.jp/image/tr/api/re/gJNfM/?f_hotel_no=188824,あるふぁしお　りぞーと　すてい　いとしま,ペットと宿泊できる全室オーシャンビューの贅沢空間,13000,120535.04,468176.66,819-1642,福岡県,糸島市二丈鹿家1792-1,092-292-2431,092-292-3314,ＪＲ　鹿家駅より徒歩約１分,有り　９台　無料　予約不要,鹿家,https://img.travel.rakuten.co.jp/share/HOTEL/188824/188824.jpg,https://img.travel.rakuten.co.jp/HIMG/90/188824.jpg,,,https://img.travel.rakuten.co.jp/share/HOTEL/188824/188824map.gif,9.0,4.38,,superior,スーペリアオーシャンビュー,5894444.0,スタンダードプラン　全室オーシャンビュー（お食事なし）【ペット可】,1,0,0,0,0,2,https://img.travel.rakuten.co.jp/image/tr/api/re/IdsCY/?f_no=188824&f_syu=superior&f_hi1=2026-10-17&f_hi2=2026-10-18&f_heya_su=1&f_otona_su=1&f_s1=0&f_s2=0&f_y1=0&f_y2=0&f_y3=0&f_y4=0&f_camp_id=5894444,0,2026-10-17,65000,65000,0,2026-10-17,seibu
197412,ＢＡＮＤ　ＨＯＴＥＬ　ＨＡＫＡＴＡ,https://img.travel.rakuten.co.jp/image/tr/api/re/pvonD/?f_no=197412,https://img.travel.rakuten.co.jp/image/tr/api/re/vFumt/?f_no=197412&f_flg=PLAN,https://img.travel.rakuten.co.jp/image/tr/api/re/WzozX/?noTomariHotel=197412,https://img.travel.rakuten.co.jp/image/tr/api/re/gJNfM/?f_hotel_no=197412,ばんど　ほてる　はかた,「つながる旅、響き合う心。BAND HOTEL。」,9600,120905.82,469479.9,810-0003,福岡県,福岡市中央区春吉2-4-14,092-401-0612,092-401-0613,中洲川端駅1番出口・櫛田神社前駅3番出口・天神南駅6番出口・博多駅西出口より徒歩10～18分,なし,中洲川端,https://img.travel.rakuten.co.jp/share/HOTEL/197412/197412.jpg,https://img.travel.rakuten.co.jp/HIMG/90/197412.jpg,,,https://img.travel.rakuten.co.jp/share/HOTEL/197412/197412map.gif,6.0,4.17,,bsctplcv,ベーシックトリプル　シティビュー,6302483.0,【素泊まり】天神・中洲観光に便利｜福岡を楽しむ好立地ステイ,1,0,0,0,0,1,https://img.travel.rakuten.co.jp/image/tr/api/re/IdsCY/?f_no=197412&f_syu=bsctplcv&f_hi1=2026-10-17&f_hi2=2026-10-18&f_heya_su=1&f_otona_su=1&f_s1=0&f_s2=0&f_y1=0&f_y2=0&f_y3=0&f_y4=0&f_camp_id=6302483,0,2026-10-17,66600,66600,0,2026-10-17,seibu
195424,福岡市皿山、広々一軒家をまるごと貸切！最大１２名＆ペットＯＫ！／民泊,https://img.travel.rakuten.co.jp/image/tr/api/re/pvonD/?f_no=195424,https://img.travel.rakuten.co.jp/image/tr/api/re/vFumt/?f_no=195424&f_flg=PLAN,,https://img.travel.rakuten.co.jp/image/tr/api/re/gJNfM/?f_hotel_no=195424,,福岡市皿山！最大12名、ペットOK！100坪庭付き一軒家,11600,120760.88,469468.72,811-1365,福岡県,福岡市南区皿山2-1-28,03-5468-0508,00-0000-0000,高宮駅より車で10分,あり,高宮（福岡）,https://img.travel.rakuten.co.jp/share/HOTEL/195424/195424.jpg,https://img.travel.rakuten.co.jp/HIMG/90/195424.jpg,,,https://img.travel.rakuten.co.jp/share/HOTEL/195424/195424map.gif,,,,r20562_12,ラルバケーション皿山,6353466.0,丸ごと貸切!福岡市の一軒家!12名まで宿泊OK!,1,0,0,0,0,2,https://img.travel.rakuten.co.jp/image/tr/api/re/IdsCY/?f_no=195424&f_syu=r20562_12&f_hi1=2026-10-17&f_hi2=2026-10-18&f_heya_su=1&f_otona_su=1&f_s1=0&f_s2=0&f_y1=0&f_y2=0&f_y3=0&f_y4=0&f_camp_id=6353466,0,2026-10-17,69600,69600,0,2026-10-17,seibu
198823,Ｆａｍ　Ｈｏｔｅｌ　Ｉｍａｉｚｕｍｉ,https://img.travel.rakuten.co.jp/image/tr/api/re/pvonD/?f_no=198823,https://img.travel.rakuten.co.jp/image/tr/api/re/vFumt/?f_no=198823&f_flg=PLAN,,https://img.travel.rakuten.co.jp/image/tr/api/re/gJNfM/?f_hotel_no=198823,ふぁむ　ほてる　いまいずみ,新築2階建てホテルが誕生！,3164,120894.23,469442.16,810-0021,福岡県,福岡市中央区今泉1-18-19,092-409-4892,092-401-1057,西鉄天神駅から徒歩8分,なし,天神,https://img.travel.rakuten.co.jp/share/HOTEL/198823/198823.jpg,https://img.travel.rakuten.co.jp/HIMG/90/198823.jpg,,,https://img.travel.rakuten.co.jp/share/HOTEL/198823/198823map.gif,9.0,4.78,,bhito,スーペリアトリプルルームB,6432937.0,【素泊まり】スタンダードプラン「迷ったらコレ！」,1,0,0,0,0,2,https://img.travel.rakuten.co.jp/image/tr/api/re/IdsCY/?f_no=198823&f_syu=bhito&f_hi1=2026-10-17&f_hi2=2026-10-18&f_heya_su=1&f_otona_su=1&f_s1=0&f_s2=0&f_y1=0&f_y2=0&f_y3=0&f_y4=0&f_camp_id=6432937,0,2026-10-17,80000,80000,0,2026-10-17,seibu
202534,白金はなれ,https://img.travel.rakuten.co.jp/image/tr/api/re/pvonD/?f_no=202534,https://img.travel.rakuten.co.jp/image/tr/api/re/vFumt/?f_no=202534&f_flg=PLAN,,https://img.travel.rakuten.co.jp/image/tr/api/re/gJNfM/?f_hotel_no=202534,しろがね　はなれ,天神・博多至近の白金に佇む完全プライベートの浴室付き一棟貸し宿です。,11424,120876.24,469467.93,810-0012,福岡県,福岡市中央区白金1-6-1,050-1792-0509,--,薬院駅より徒歩で約5分,なし,薬院,https://img.travel.rakuten.co.jp/share/HOTEL/202534/202534.jpg,https://img.travel.rakuten.co.jp/HIMG/90/202534.jpg,,,https://img.travel.rakuten.co.jp/share/HOTEL/202534/202534map.gif,,,,hanare,一棟貸し,6629440.0,【返金不可】【朝食付きプラン】福岡・やまや総本店「膳」が仕上げたととのう朝食付き,1,0,0,1,0,2,https://img.travel.rakuten.co.jp/image/tr/api/re/IdsCY/?f_no=202534&f_syu=hanare&f_hi1=2026-10-17&f_hi2=2026-10-18&f_heya_su=1&f_otona_su=1&f_s1=0&f_s2=0&f_y1=0&f_y2=0&f_y3=0&f_y4=0&f_camp_id=6629440,0,2026-10-17,85400,85400,0,2026-10-17,seibu
189143,Ｓｎｏｗ　Ｐｅａｋ　ＹＡＫＥＩ　ＳＵＩＴＥ,https://img.travel.rakuten.co.jp/image/tr/api/re/pvonD/?f_no=189143,https://img.travel.rakuten.co.jp/image/tr/api/re/vFumt/?f_no=189143&f_flg=PLAN,,https://img.travel.rakuten.co.jp/image/tr/api/re/gJNfM/?f_hotel_no=189143,すのーぴーくやけいすいーと,【博多から車で30分】＜Snow Peak最高級アウトドアラグジュアリー施設＞眼下に広がる福岡の美しい夜景が魅力,44000,120620.44,469367.19,811-1353,福岡県,福岡市南区柏原710-2,092-235-1827,092-980-5304,福岡市都市高速「堤ランプ」から車で約15分,有り　２６台　無料　予約不要,博多南,https://img.travel.rakuten.co.jp/share/HOTEL/189143/189143.jpg,https://img.travel.rakuten.co.jp/HIMG/90/189143.jpg,,,https://img.travel.rakuten.co.jp/share/HOTEL/189143/189143map.gif,17.0,4.88,"また宿泊したくなる宿です。　2026-08-16 20:23:56投稿 <a href=""https://img.travel.rakuten.co.jp/image/tr/api/re/gJNfM/?f_hotel_no=189143"" class=""3click"">つづきはこちら</a>",tent,「LAND CAVE」スノーピーク開発の大型テント／75平米,6633945.0,【期間限定・特別プラン/調香体験付】星付きシェフによる絶品フレンチを部屋食で堪能／2食付(部屋食),1,1,0,1,0,1,https://img.travel.rakuten.co.jp/image/tr/api/re/IdsCY/?f_no=189143&f_syu=tent&f_hi1=2026-10-17&f_hi2=2026-10-18&f_heya_su=1&f_otona_su=1&f_s1=0&f_s2=0&f_y1=0&f_y2=0&f_y3=0&f_y4=0&f_camp_id=6633945,0,2026-10-17,86778,86778,0,2026-10-17,seibu
200463,Ｂｌｅｕ　ｄｅ　Ｉｔｏｓｈｉｍａ２／民泊,https://img.travel.rakuten.co.jp/image/tr/api/re/pvonD/?f_no=200463,https://img.travel.rakuten.co.jp/image/tr/api/re/vFumt/?f_no=200463&f_flg=PLAN,,https://img.travel.rakuten.co.jp/image/tr/api/re/gJNfM/?f_hotel_no=200463,, ,8621,120908.63,468438.99,819-1335,福岡県,糸島市志摩芥屋121-4　Ｂｌｅｕ　ｄｅ　Ｉｔｏｓｈｉｍａ２,092-406-2203,00-0000-0000,加布里駅から車で15分,あり,加布里,https://img.travel.rakuten.co.jp/share/HOTEL/200463/200463.jpg,https://img.travel.rakuten.co.jp/HIMG/90/200463.jpg,,,https://img.travel.rakuten.co.jp/share/HOTEL/200463/200463map.gif,,,,r22795_5,Bleu de Itoshima2,6508884.0,New! Bleu de Itoshima 2号棟: 海風感じるラグジュアリー空間で癒しのひとときを,1,0,0,0,0,2,https://img.travel.rakuten.co.jp/image/tr/api/re/IdsCY/?f_no=200463&f_syu=r22795_5&f_hi1=2026-10-17&f_hi2=2026-10-18&f_heya_su=1&f_otona_su=1&f_s1=0&f_s2=0&f_y1=0&f_y2=0&f_y3=0&f_y4=0&f_camp_id=6508884,0,2026-10-17,87696,87696,0,2026-10-17,seibu
200471,Ｂｌｅｕ　ｄｅ　Ｉｔｏｓｈｉｍａ１／民泊,https://img.travel.rakuten.co.jp/image/tr/api/re/pvonD/?f_no=200471,https://img.travel.rakuten.co.jp/image/tr/api/re/vFumt/?f_no=200471&f_flg=PLAN,,https://img.travel.rakuten.co.jp/image/tr/api/re/gJNfM/?f_hotel_no=200471,, ,9631,120908.52,468438.47,819-1335,福岡県,糸島市志摩芥屋122-3　Ｂｌｅｕ　ｄｅ　Ｉｔｏｓｈｉｍａ１,092-406-2203,00-0000-0000,加布里駅から車で16分,あり,加布里,https://img.travel.rakuten.co.jp/share/HOTEL/200471/200471.jpg,https://img.travel.rakuten.co.jp/HIMG/90/200471.jpg,,,https://img.travel.rakuten.co.jp/share/HOTEL/200471/200471map.gif,,,,r22796_5,Bleu de Itoshima1,6511967.0,新着!サウナ・プール完備|非日常を味わう一棟貸しヴィラ,1,0,0,0,0,2,https://img.travel.rakuten.co.jp/image/tr/api/re/IdsCY/?f_no=200471&f_syu=r22796_5&f_hi1=2026-10-17&f_hi2=2026-10-18&f_heya_su=1&f_otona_su=1&f_s1=0&f_s2=0&f_y1=0&f_y2=0&f_y3=0&f_y4=0&f_camp_id=6511967,0,2026-10-17,87696,87696,0,2026-10-17,seibu
196262,ホテル＆レジデンス春吉,https://img.travel.rakuten.co.jp/image/tr/api/re/pvonD/?f_no=196262,https://img.travel.rakuten.co.jp/image/tr/api/re/vFumt/?f_no=196262&f_flg=PLAN,,https://img.travel.rakuten.co.jp/image/tr/api/re/gJNfM/?f_hotel_no=196262,あんどれじでんすはるよし,新築アパートに泊まれる！,4134,120900.61,469481.11,810-0003,福岡県,福岡市中央区春吉2-3-14,092-409-4892,092-401-1057,天神南駅より徒歩約１０分,無し,天神,https://img.travel.rakuten.co.jp/share/HOTEL/196262/196262.jpg,https://img.travel.rakuten.co.jp/HIMG/90/196262.jpg,,,https://img.travel.rakuten.co.jp/share/HOTEL/196262/196262map.gif,3.0,,,bhito,ファミリーB,6196117.0,【素泊まり】スタンダードプラン「迷ったらコレ！」,1,0,0,0,0,2,https://img.travel.rakuten.co.jp/image/tr/api/re/IdsCY/?f_no=196262&f_syu=bhito&f_hi1=2026-10-17&f_hi2=2026-10-18&f_heya_su=1&f_otona_su=1&f_s1=0&f_s2=0&f_y1=0&f_y2=0&f_y3=0&f_y4=0&f_camp_id=6196117,0,2026-10-17,93336,93336,0,2026-10-17,seibu
196878,グランデエス天神,https://img.travel.rakuten.co.jp/image/tr/api/re/pvonD/?f_no=196878,https://img.travel.rakuten.co.jp/image/tr/api/re/vFumt/?f_no=196878&f_flg=PLAN,,https://img.travel.rakuten.co.jp/image/tr/api/re/gJNfM/?f_hotel_no=196878,ぐらんでえすてんじん,天神南駅より徒歩５分,6263,120899.74,469462.89,810-0004,福岡県,福岡市中央区渡辺通5-15-3,090-3073-1234,--,福岡空港駅から博多駅まで約５分・乗り換え後博多駅から天神南駅・天神南駅から徒歩約５分,無し,天神,https://img.travel.rakuten.co.jp/share/HOTEL/196878/196878.jpg,https://img.travel.rakuten.co.jp/HIMG/90/196878.jpg,,,https://img.travel.rakuten.co.jp/share/HOTEL/196878/196878map.gif,,,,grdsdblsof,1LDK ダブルベッド1台+ソファベッド1台,,,1,0,0,0,0,2,https://img.travel.rakuten.co.jp/image/tr/api/re/IdsCY/?f_no=196878&f_syu=grdsdblsof&f_hi1=2026-10-17&f_hi2=2026-10-18&f_heya_su=1&f_otona_su=1&f_s1=0&f_s2=0&f_y1=0&f_y2=0&f_y3=0&f_y4=0,1,2026-10-17,99999,99999,0,2026-10-17,seibu
198824,Ｈｏｔｅｌ　ＦＵＫ＋Ｏ,https://img.travel.rakuten.co.jp/image/tr/api/re/pvonD/?f_no=198824,https://img.travel.rakuten.co.jp/image/tr/api/re/vFumt/?f_no=198824&f_flg=PLAN,,https://img.travel.rakuten.co.jp/image/tr/api/re/gJNfM/?f_hotel_no=198824,ほてるふくお,最大10名でお泊りいただけるお部屋あります！,2772,120931.92,469440.85,810-0001,福岡県,福岡市中央区天神5-5-8,092-409-4892,092-401-1057,天神駅徒歩5分,なし,天神,https://img.travel.rakuten.co.jp/share/HOTEL/198824/198824.jpg,https://img.travel.rakuten.co.jp/HIMG/90/198824.jpg,,,https://img.travel.rakuten.co.jp/share/HOTEL/198824/198824map.gif,3.0,,,chito,デラックス　ファミリースイートC,6435971.0,【素泊まり】スタンダードプラン「迷ったらコレ！」,1,0,0,0,0,2,https://img.travel.rakuten.co.jp/image/tr/api/re/IdsCY/?f_no=198824&f_syu=chito&f_hi1=2026-10-17&f_hi2=2026-10-18&f_heya_su=1&f_otona_su=1&f_s1=0&f_s2=0&f_y1=0&f_y2=0&f_y3=0&f_y4=0&f_camp_id=6435971,0,2026-10-17,110000,110000,0,2026-10-17,seibu
195671,閑静な住宅街にある白い洋風アパート／民泊,https://img.travel.rakuten.co.jp/image/tr/api/re/pvonD/?f_no=195671,https://img.travel.rakuten.co.jp/image/tr/api/re/vFumt/?f_no=195671&f_flg=PLAN,,https://img.travel.rakuten.co.jp/image/tr/api/re/gJNfM/?f_hotel_no=195671,, ,386667,120898.25,469256.73,814-0006,福岡県,福岡市早良区百道3-7-17 102　新日本パレス百道I,080-8905-6750,00-0000-0000,藤崎駅より徒歩で3分,なし,藤崎（福岡）,https://img.travel.rakuten.co.jp/share/HOTEL/195671/195671.jpg,https://img.travel.rakuten.co.jp/HIMG/90/195671.jpg,,,https://img.travel.rakuten.co.jp/share/HOTEL/195671/195671map.gif,,,,r21290_3,新日本パレス百道I-202,6395548.0,百道102,1,0,0,0,0,2,https://img.travel.rakuten.co.jp/image/tr/api/re/IdsCY/?f_no=195671&f_syu=r21290_3&f_hi1=2026-10-17&f_hi2=2026-10-18&f_heya_su=1&f_otona_su=1&f_s1=0&f_s2=0&f_y1=0&f_y2=0&f_y3=0&f_y4=0&f_camp_id=6395548,0,2026-10-17,1160000,1160000,0,2026-10-17,seibu
9217,メルキュール福岡宗像リゾート＆スパ,https://img.travel.rakuten.co.jp/image/tr/api/re/pvonD/?f_no=9217,https://img.travel.rakuten.co.jp/image/tr/api/re/vFumt/?f_no=9217&f_flg=PLAN,https://img.travel.rakuten.co.jp/image/tr/api/re/WzozX/?noTomariHotel=9217,https://img.travel.rakuten.co.jp/image/tr/api/re/gJNfM/?f_hotel_no=9217,めるきゅーるふくおかむなかたりぞーとすぱ,福岡市内・北九州間アクセス◎｜温泉・ビュッフェ・ラウンジを満喫するオールインクルーシブリゾート,6800,121888.64,469899.37,811-3514,福岡県,宗像市田野1303　,0940-62-4111,0940-62-4000,福岡空港よりお車で約60分　古賀ICより車で約40分　JR東郷駅より無料送迎バス運行中　席数に限りがございます（要予約）,有り188台,東郷,https://img.travel.rakuten.co.jp/share/HOTEL/9217/9217.jpg,https://img.travel.rakuten.co.jp/HIMG/90/9217.jpg,https://img.travel.rakuten.co.jp/share/HOTEL/9217/9217_kan.jpg,https://img.travel.rakuten.co.jp/HIMG/INTERIOR/9217.jpg,https://img.travel.rakuten.co.jp/share/HOTEL/9217/9217map.gif,3255.0,4.2,,trcz,クラシックツイン【ラウンジ特典付】,5898490.0,【直前割】福岡市内から約60分のはなれ旅 -温泉満喫-／素泊まり・ラウンジアクセス付,1,0,0,0,0,1,https://img.travel.rakuten.co.jp/image/tr/api/re/IdsCY/?f_no=9217&f_syu=trcz&f_hi1=2026-10-17&f_hi2=2026-10-18&f_heya_su=1&f_otona_su=1&f_s1=0&f_s2=0&f_y1=0&f_y2=0&f_y3=0&f_y4=0&f_camp_id=5898490,0,2026-10-17,44590,44590,0,2026-10-17,chikuzen
144938,ＨＯＴＥＬ　ＡＺ　福岡飯塚店,https://img.travel.rakuten.co.jp/image/tr/api/re/pvonD/?f_no=144938,https://img.travel.rakuten.co.jp/image/tr/api/re/vFumt/?f_no=144938&f_flg=PLAN,https://img.travel.rakuten.co.jp/image/tr/api/re/WzozX/?noTomariHotel=144938,https://img.travel.rakuten.co.jp/image/tr/api/re/gJNfM/?f_hotel_no=144938,ほてる　えーぜっと　ふくおかいいづかてん,八木山バイパス「穂波東IC」より車で約5分　朝食無料、駐車場94台無料、Wi-Fi無料。安心のAZホテルチェーン。,4820,120952.29,470433.47,820-0076,福岡県,飯塚市太郎丸53-2,0948-28-3301,0948-28-3357,天道駅より徒歩約１５分 （車で約4分）、桂川駅より車で約５分,無料駐車場94台あり　普通車：予約不要 、中型車・大型車：有料,天道,https://img.travel.rakuten.co.jp/share/HOTEL/144938/144938.jpg,https://img.travel.rakuten.co.jp/HIMG/90/144938.jpg,https://img.travel.rakuten.co.jp/share/HOTEL/144938/144938_kya.jpg,https://img.travel.rakuten.co.jp/HIMG/INTERIOR/144938.jpg,https://img.travel.rakuten.co.jp/share/HOTEL/144938/144938map.gif,280.0,4.23,"移動も楽々。コスパも良いので是非です。　2026-10-05 12:38:38投稿 <a href=""https://img.travel.rakuten.co.jp/image/tr/api/re/gJNfM/?f_hotel_no=144938"" class=""3click"">つづきはこちら</a>",2dn,【禁煙】2段ベッド,6385962.0,【宿泊税込】スタンダードプラン（朝食サービス）,1,0,0,1,0,1,https://img.travel.rakuten.co.jp/image/tr/api/re/IdsCY/?f_no=144938&f_syu=2dn&f_hi1=2026-10-17&f_hi2=2026-10-18&f_heya_su=1&f_otona_su=1&f_s1=0&f_s2=0&f_y1=0&f_y2=0&f_y3=0&f_y4=0&f_camp_id=6385962,0,2026-10-17,6580,6580,0,2026-10-17,chikuzen
187339,ＨＯＴＥＬ　Ｒ９　Ｔｈｅ　Ｙａｒｄ　飯塚,https://img.travel.rakuten.co.jp/image/tr/api/re/pvonD/?f_no=187339,https://img.travel.rakuten.co.jp/image/tr/api/re/vFumt/?f_no=187339&f_flg=PLAN,https://img.travel.rakuten.co.jp/image/tr/api/re/WzozX/?noTomariHotel=187339,https://img.travel.rakuten.co.jp/image/tr/api/re/gJNfM/?f_hotel_no=187339,ほてる あーるないん ざ やーど いいづか,飯塚市内工業団地への出張やスポーツ大会にも◎コンビニとなり！無料駐車場完備！独立客室で快適な滞在を♪,3900,121195.1,470588.98,820-1113,福岡県,飯塚市佐與1658-14,0948-43-2815,0948-43-2817,JR筑豊本線 / 福北ゆたか線 鯰田駅よりタクシーで5分,無料 有り 38台※大型車（2トントラック以上）をご利用の際は、事前にお電話でお問い合わせください。,鯰田,https://img.travel.rakuten.co.jp/share/HOTEL/187339/187339.jpg,https://img.travel.rakuten.co.jp/HIMG/90/187339.jpg,,,https://img.travel.rakuten.co.jp/share/HOTEL/187339/187339map.gif,126.0,4.26,"軽食(冷凍食品の弁当)が付いているのもよかった。　2026-08-08 19:05:44投稿 <a href=""https://img.travel.rakuten.co.jp/image/tr/api/re/gJNfM/?f_hotel_no=187339"" class=""3click"">つづきはこちら</a>",double,【禁煙】ダブルルーム （約12平米/最大2名様）,5682229.0,【スタンダード】ビジネスや観光の拠点に♪軽食＆ホットドリンク付【駐車場至近＆無料】,1,0,0,0,0,1,https://img.travel.rakuten.co.jp/image/tr/api/re/IdsCY/?f_no=187339&f_syu=double&f_hi1=2026-10-17&f_hi2=2026-10-18&f_heya_su=1&f_otona_su=1&f_s1=0&f_s2=0&f_y1=0&f_y2=0&f_y3=0&f_y4=0&f_camp_id=5682229,0,2026-10-17,13000,13000,0,2026-10-17,chikuzen
189105,ＨＯＴＥＬ　Ｒ９　Ｔｈｅ　Ｙａｒｄ　中間,https://img.travel.rakuten.co.jp/image/tr/api/re/pvonD/?f_no=189105,https://img.travel.rakuten.co.jp/image/tr/api/re/vFumt/?f_no=189105&f_flg=PLAN,https://img.travel.rakuten.co.jp/image/tr/api/re/WzozX/?noTomariHotel=189105,https://img.travel.rakuten.co.jp/image/tr/api/re/gJNfM/?f_hotel_no=189105, あーるないん ざ やーど なかま,【駐車場無料】「トライアル・イオンなかま店」の側！独立客室には個別空調を完備◎パスタなど軽食サービス付,3900,121745.78,470610.16,809-0013,福岡県,中間市上蓮花寺2-2-1,093-482-8711, ,【電車】筑豊電気鉄道線　「通谷駅」「東中間駅」より徒歩約５分、ＪＲ筑豊本線　「中間駅」より車で約７分 【お車】九州自動車,無料 有り 47台※大型車（2トントラック以上）をご利用の際は、事前にお電話でお問い合わせください。,通谷,https://img.travel.rakuten.co.jp/share/HOTEL/189105/189105.jpg,https://img.travel.rakuten.co.jp/HIMG/90/189105.jpg,,,https://img.travel.rakuten.co.jp/share/HOTEL/189105/189105map.gif,126.0,4.22,"シンプルなビジホ的で良かったです。　2026-09-10 15:51:10投稿 <a href=""https://img.travel.rakuten.co.jp/image/tr/api/re/gJNfM/?f_hotel_no=189105"" class=""3click"">つづきはこちら</a>",double,【禁煙】ダブルルーム （約13平米/最大2名様）,5881535.0,【スタンダード】ビジネスや観光の拠点に♪軽食＆ホットドリンク付【駐車場至近＆無料】,1,0,0,0,0,1,https://img.travel.rakuten.co.jp/image/tr/api/re/IdsCY/?f_no=189105&f_syu=double&f_hi1=2026-10-17&f_hi2=2026-10-18&f_heya_su=1&f_otona_su=1&f_s1=0&f_s2=0&f_y1=0&f_y2=0&f_y3=0&f_y4=0&f_camp_id=5881535,0,2026-10-17,14000,14000,0,2026-10-17,chikuzen
201904,ＨＯＴＥＬ　Ｒ９　Ｔｈｅ　Ｙａｒｄ　鞍手,https://img.travel.rakuten.co.jp/image/tr/api/re/pvonD/?f_no=201904,https://img.travel.rakuten.co.jp/image/tr/api/re/vFumt/?f_no=201904&f_flg=PLAN,https://img.travel.rakuten.co.jp/image/tr/api/re/WzozX/?noTomariHotel=201904,https://img.travel.rakuten.co.jp/image/tr/api/re/gJNfM/?f_hotel_no=201904,ほてる あーるないん ざ やーど くらて,鞍手ICより車で10分！鞍手工業団地、トヨタ自動車九州宮田工場へ好アクセス！鞍手町・宮若市・直方市への出張に便利♪,3800,121627.57,470419.39,807-1305,福岡県,鞍手郡鞍手町新延194-1,0949-28-7965,0949-28-7966,【電車】中間駅、海老津駅よりタクシーで15分。【お車】鞍手ICより車で10分, 有り 71台※大型車（2トントラック以上）をご利用の際は、事前にお電話でお問い合わせください。,中間,https://img.travel.rakuten.co.jp/share/HOTEL/201904/201904.jpg,https://img.travel.rakuten.co.jp/HIMG/90/201904.jpg,,,https://img.travel.rakuten.co.jp/share/HOTEL/201904/201904map.gif,32.0,4.28,"きちんとした小型冷蔵庫でした…　2026-10-01 10:56:38投稿 <a href=""https://img.travel.rakuten.co.jp/image/tr/api/re/gJNfM/?f_hotel_no=201904"" class=""3click"">つづきはこちら</a>",twin,【禁煙】ツインルーム （約13平米/最大2名様）,6614563.0,【楽天限定プラン】【スタンダード】ビジネスや観光の拠点に♪軽食＆ホットドリンク付【駐車場至近＆無料】,1,0,0,0,0,1,https://img.travel.rakuten.co.jp/image/tr/api/re/IdsCY/?f_no=201904&f_syu=twin&f_hi1=2026-10-17&f_hi2=2026-10-18&f_heya_su=1&f_otona_su=1&f_s1=0&f_s2=0&f_y1=0&f_y2=0&f_y3=0&f_y4=0&f_camp_id=6614563,0,2026-10-17,10000,10000,0,2026-10-17,chikuzen
75193,ルートイングランティア福岡宮若－脇田温泉－,https://img.travel.rakuten.co.jp/image/tr/api/re/pvonD/?f_no=75193,https://img.travel.rakuten.co.jp/image/tr/api/re/vFumt/?f_no=75193&f_flg=PLAN,https://img.travel.rakuten.co.jp/image/tr/api/re/WzozX/?noTomariHotel=75193,https://img.travel.rakuten.co.jp/image/tr/api/re/gJNfM/?f_hotel_no=75193,るーといんぐらんてぃあふくおかみやわか　わきたおんせん　,2020年7月1日（水）新館OPEN！本館一部リニューアル＆キッズコーナーOPEN！■脇田温泉源泉掛流し,8800,121294.7,470114.94,822-0133,福岡県,宮若市脇田778-1,050-1726-2239,0949-54-0514,ＪＲ赤間駅よりお車で２５分◆博多駅バスセンターよりＪＲ九州バスで１時間＆徒歩１５分◆博多駅よりお車で４５分（無料駐車場）,有り　２００台　無料　予約不要　,赤間,https://img.travel.rakuten.co.jp/share/HOTEL/75193/75193.jpg,https://img.travel.rakuten.co.jp/HIMG/90/75193.jpg,https://img.travel.rakuten.co.jp/share/HOTEL/75193/75193_twi.jpg,https://img.travel.rakuten.co.jp/HIMG/INTERIOR/75193.jpg,https://img.travel.rakuten.co.jp/share/HOTEL/75193/75193map.gif,382.0,4.17,"３歳の孫にとっては最高の時間だったようです。　2026-09-13 15:29:02投稿 <a href=""https://img.travel.rakuten.co.jp/image/tr/api/re/gJNfM/?f_hotel_no=75193"" class=""3click"">つづきはこちら</a>",w1,【和室　喫煙】,1952751.0,【スタンダード】【ご朝食付】こだわりの朝食満喫プラン〜脇田温泉『華の湯』〜,1,0,0,1,0,1,https://img.travel.rakuten.co.jp/image/tr/api/re/IdsCY/?f_no=75193&f_syu=w1&f_hi1=2026-10-17&f_hi2=2026-10-18&f_heya_su=1&f_otona_su=1&f_s1=0&f_s2=0&f_y1=0&f_y2=0&f_y3=0&f_y4=0&f_camp_id=1952751,0,2026-10-17,18850,18850,0,2026-10-17,chikuzen
197807,ＨＯＴＥＬ　Ｒ９　Ｔｈｅ　Ｙａｒｄ　田川香春,https://img.travel.rakuten.co.jp/image/tr/api/re/pvonD/?f_no=197807,https://img.travel.rakuten.co.jp/image/tr/api/re/vFumt/?f_no=197807&f_flg=PLAN,https://img.travel.rakuten.co.jp/image/tr/api/re/WzozX/?noTomariHotel=197807,https://img.travel.rakuten.co.jp/image/tr/api/re/gJNfM/?f_hotel_no=197807,ほてる あーるないん ざ やーど たがわかわら,行橋ICより車で20分！香春町への出張や観光の拠点に！カレーなど軽食サービス付,3900,121233.52,471041.41,822-1406,福岡県,田川郡香春町香春1085-1,0947-32-7507,0947-32-7508,【電車】一本松駅より徒歩18分。田川井田駅よりタクシーで10分。【お車】行橋ICより車で20分。,無料 有り 44台※大型車（2トントラック以上）をご利用の際は、事前にお電話でお問い合わせください。,一本松（福岡）,https://img.travel.rakuten.co.jp/share/HOTEL/197807/197807.jpg,https://img.travel.rakuten.co.jp/HIMG/90/197807.jpg,,,https://img.travel.rakuten.co.jp/share/HOTEL/197807/197807map.gif,87.0,4.02,"一戸建てで仕方ないが雨が強いと屋根にあたる音が大きい。　2026-08-02 13:34:02投稿 <a href=""https://img.travel.rakuten.co.jp/image/tr/api/re/gJNfM/?f_hotel_no=197807"" class=""3click"">つづきはこちら</a>",twin,【禁煙】ツインルーム （約13平米/最大2名様）,6351364.0,【スタンダード】ビジネスや観光の拠点に♪軽食＆ホットドリンク付【駐車場至近＆無料】,1,0,0,0,0,1,https://img.travel.rakuten.co.jp/image/tr/api/re/IdsCY/?f_no=197807&f_syu=twin&f_hi1=2026-10-17&f_hi2=2026-10-18&f_heya_su=1&f_otona_su=1&f_s1=0&f_s2=0&f_y1=0&f_y2=0&f_y3=0&f_y4=0&f_camp_id=6351364,0,2026-10-17,8400,8400,0,2026-10-17,chikuzen
151387,ＨＯＴＥＬ　ＡＺ　福岡香春店,https://img.travel.rakuten.co.jp/image/tr/api/re/pvonD/?f_no=151387,https://img.travel.rakuten.co.jp/image/tr/api/re/vFumt/?f_no=151387&f_flg=PLAN,https://img.travel.rakuten.co.jp/image/tr/api/re/WzozX/?noTomariHotel=151387,https://img.travel.rakuten.co.jp/image/tr/api/re/gJNfM/?f_hotel_no=151387,ほてる　えーぜっと　ふくおかかわらてん,ＪＲ日田彦山線香春駅より車で約5分。みやこ豊津ICから車で約20分。,4820,121176.09,470997.47,822-1406,福岡県,田川郡香春町大字香春1052-1,0947-32-7771,0947-32-7773,ＪＲ　日田彦山線　香春駅より車にて約5分,無料駐車場91台あり　※車長8ｍ以上の駐車は有料・要予約,香春,https://img.travel.rakuten.co.jp/share/HOTEL/151387/151387.jpg,https://img.travel.rakuten.co.jp/HIMG/90/151387.jpg,,,https://img.travel.rakuten.co.jp/share/HOTEL/151387/151387map.gif,140.0,3.94,"フロントスタッフやレストランスタッフの笑顔での対応がとても良かったです。ありがとうございました。　2026-10-05 14:53:10投稿 <a href=""https://img.travel.rakuten.co.jp/image/tr/api/re/gJNfM/?f_hotel_no=151387"" class=""3click"">つづきはこちら</a>",2dns,【禁煙】2段ベッド,6386068.0,【宿泊税込】スタンダードプラン（朝食サービス）,1,0,0,1,0,1,https://img.travel.rakuten.co.jp/image/tr/api/re/IdsCY/?f_no=151387&f_syu=2dns&f_hi1=2026-10-17&f_hi2=2026-10-18&f_heya_su=1&f_otona_su=1&f_s1=0&f_s2=0&f_y1=0&f_y2=0&f_y3=0&f_y4=0&f_camp_id=6386068,0,2026-10-17,6580,6580,0,2026-10-17,chikuzen
31978,国民宿舎　マリンテラスあしや,https://img.travel.rakuten.co.jp/image/tr/api/re/pvonD/?f_no=31978,https://img.travel.rakuten.co.jp/image/tr/api/re/vFumt/?f_no=31978&f_flg=PLAN,https://img.travel.rakuten.co.jp/image/tr/api/re/WzozX/?noTomariHotel=31978,https://img.travel.rakuten.co.jp/image/tr/api/re/gJNfM/?f_hotel_no=31978,こくみんしゅくしゃ　まりんてらす　あしや,楽天アワード受賞！ビーチ４分！全室オーシャンビュー！響灘の夕陽×癒やしのお風呂と海幸が人気の宿,5500,122034.26,470398.45,807-0141,福岡県,遠賀郡芦屋町山鹿1588,050-3161-9612,093-222-0399,ＪＲ鹿児島本線折尾駅よりバス／九州自動車道鞍手ＩＣより2５分,無料駐車場100台　先着順 　※当館の駐車場への道はやや急な傾斜があるため通行にはご注意ください。,折尾,https://img.travel.rakuten.co.jp/share/HOTEL/31978/31978.jpg,https://img.travel.rakuten.co.jp/HIMG/90/31978.jpg,https://img.travel.rakuten.co.jp/share/HOTEL/31978/31978_kan1.jpg,https://img.travel.rakuten.co.jp/HIMG/INTERIOR/31978.jpg,https://img.travel.rakuten.co.jp/share/HOTEL/31978/31978map.gif,521.0,4.32,"【料理長イチオシ！】伊勢海老・旬魚・黒毛和牛会席は大満足でした。ボリュームも満点でしたが、夜のお茶漬けも美味しく食べ過ぎました。欲言えば、ドライサウナが男性が朝からだったので、ゆっくり入れなかった事で…　2026-09-28 16:05:53投稿 <a href=""https://img.travel.rakuten.co.jp/image/tr/api/re/gJNfM/?f_hotel_no=31978"" class=""3click"">つづきはこちら</a>",w8ns,オーシャンビュー和室８畳／禁煙,5555190.0,【リーズナブルに！】漁港直送！鯵の姿造りを味わう！彩り会席,1,1,0,1,0,1,https://img.travel.rakuten.co.jp/image/tr/api/re/IdsCY/?f_no=31978&f_syu=w8ns&f_hi1=2026-10-17&f_hi2=2026-10-18&f_heya_su=1&f_otona_su=1&f_s1=0&f_s2=0&f_y1=0&f_y2=0&f_y3=0&f_y4=0&f_camp_id=5555190,0,2026-10-17,49500,49500,0,2026-10-17,chikuzen
67409,ビジネスホテル　ロイヤルイン扇,https://img.travel.rakuten.co.jp/image/tr/api/re/pvonD/?f_no=67409,https://img.travel.rakuten.co.jp/image/tr/api/re/vFumt/?f_no=67409&f_flg=PLAN,https://img.travel.rakuten.co.jp/image/tr/api/re/WzozX/?noTomariHotel=67409,https://img.travel.rakuten.co.jp/image/tr/api/re/gJNfM/?f_hotel_no=67409,ろいやるいんおおぎ,ゆったりスペースの２５部屋、心休まるくつろぎの空間をご用意してお迎え致します。,5280,121107.87,470943.85,825-0018,福岡県,田川市番田町7-3,0947-46-0737,0947-45-2515,ＪＲ　田川伊田駅から徒歩５分,有り　１４台　無料　要予約,田川伊田,https://img.travel.rakuten.co.jp/share/HOTEL/67409/67409.jpg,https://img.travel.rakuten.co.jp/HIMG/90/67409.jpg,https://img.travel.rakuten.co.jp/share/HOTEL/67409/67409_si.jpg,https://img.travel.rakuten.co.jp/HIMG/INTERIOR/67409.jpg,https://img.travel.rakuten.co.jp/share/HOTEL/67409/67409map.gif,136.0,3.88,"部屋は今どきのシングルより広く照明はLEDで…　2026-09-25 17:16:49投稿 <a href=""https://img.travel.rakuten.co.jp/image/tr/api/re/gJNfM/?f_hotel_no=67409"" class=""3click"">つづきはこちら</a>",royalinn09,心休まるくつろぎのシングルルームをご用意。,,,1,0,0,0,0,1,https://img.travel.rakuten.co.jp/image/tr/api/re/IdsCY/?f_no=67409&f_syu=royalinn09&f_hi1=2026-10-17&f_hi2=2026-10-18&f_heya_su=1&f_otona_su=1&f_s1=0&f_s2=0&f_y1=0&f_y2=0&f_y3=0&f_y4=0,1,2026-10-17,5280,5280,0,2026-10-17,chikuzen
109125,玄海旅館,https://img.travel.rakuten.co.jp/image/tr/api/re/pvonD/?f_no=109125,https://img.travel.rakuten.co.jp/image/tr/api/re/vFumt/?f_no=109125&f_flg=PLAN,https://img.travel.rakuten.co.jp/image/tr/api/re/WzozX/?noTomariHotel=109125,https://img.travel.rakuten.co.jp/image/tr/api/re/gJNfM/?f_hotel_no=109125,げんかいりょかん,2025年2月新館「神の湊通り」NEWオープン！！全24部屋・露天風呂客室は９部屋に。銭湯＆公民館BARもオープン♪,10500,121852.36,469758.94,811-3501,福岡県,宗像市神湊485-7,0940-62-0001,0940-62-2010,東郷駅からお車で１５分,有り　25台　無料　予約不要,東郷,https://img.travel.rakuten.co.jp/share/HOTEL/109125/109125.jpg,https://img.travel.rakuten.co.jp/HIMG/90/109125.jpg,https://img.travel.rakuten.co.jp/share/HOTEL/109125/109125_kya.jpg,https://img.travel.rakuten.co.jp/HIMG/INTERIOR/109125.jpg,https://img.travel.rakuten.co.jp/share/HOTEL/109125/109125map.gif,97.0,4.39,"雨除けがあると尚いいかな　2026-09-27 17:12:01投稿 <a href=""https://img.travel.rakuten.co.jp/image/tr/api/re/gJNfM/?f_hotel_no=109125"" class=""3click"">つづきはこちら</a>",10,ツイン〈離れ・景観なし・シャワー〉,6455270.0,【お日にち限定】素泊まりプラン　銭湯＆ハッピアワー付☆,1,0,0,0,0,1,https://img.travel.rakuten.co.jp/image/tr/api/re/IdsCY/?f_no=109125&f_syu=10&f_hi1=2026-10-17&f_hi2=2026-10-18&f_heya_su=1&f_otona_su=1&f_s1=0&f_s2=0&f_y1=0&f_y2=0&f_y3=0&f_y4=0&f_camp_id=6455270,0,2026-10-17,21250,21250,0,2026-10-17,chikuzen
177721,田川伊田駅舎ホテル,https://img.travel.rakuten.co.jp/image/tr/api/re/pvonD/?f_no=177721,https://img.travel.rakuten.co.jp/image/tr/api/re/vFumt/?f_no=177721&f_flg=PLAN,https://img.travel.rakuten.co.jp/image/tr/api/re/WzozX/?noTomariHotel=177721,https://img.travel.rakuten.co.jp/image/tr/api/re/gJNfM/?f_hotel_no=177721,たがわいたえきしゃほてる,田川伊田駅舎内のホテルです。寝台列車をモチーフに造られています。,3500,121100.79,470951.43,825-0015,福岡県,田川市伊田町2621-3　田川伊田駅舎2F,0947-85-8325,0947-85-8321,田川伊田駅より徒歩にて約１分,専用駐車場無し　近くにコインパーキング有り,田川伊田,https://img.travel.rakuten.co.jp/share/HOTEL/177721/177721.jpg,https://img.travel.rakuten.co.jp/HIMG/90/177721.jpg,,,https://img.travel.rakuten.co.jp/share/HOTEL/177721/177721map.gif,134.0,3.51,"ただ、いくつか気になった点もありました。チェックインの手続きを同じ階の飲食店で行ったのですが、他のお客様の分のシートし…　2026-10-06 18:00:22投稿 <a href=""https://img.travel.rakuten.co.jp/image/tr/api/re/gJNfM/?f_hotel_no=177721"" class=""3click"">つづきはこちら</a>",06,3階　別邸　2段ベッド（ドミトリー）,6305820.0,【事前決済】3階別邸　2段ベッド（ドミトリ‐）　シーツ・カバーのセットはお客様にお願しています。,1,0,0,0,0,2,https://img.travel.rakuten.co.jp/image/tr/api/re/IdsCY/?f_no=177721&f_syu=06&f_hi1=2026-10-17&f_hi2=2026-10-18&f_heya_su=1&f_otona_su=1&f_s1=0&f_s2=0&f_y1=0&f_y2=0&f_y3=0&f_y4=0&f_camp_id=6305820,0,2026-10-17,3500,3500,0,2026-10-17,chikuzen
192774,ひこさんホテル和,https://img.travel.rakuten.co.jp/image/tr/api/re/pvonD/?f_no=192774,https://img.travel.rakuten.co.jp/image/tr/api/re/vFumt/?f_no=192774&f_flg=PLAN,https://img.travel.rakuten.co.jp/image/tr/api/re/WzozX/?noTomariHotel=192774,https://img.travel.rakuten.co.jp/image/tr/api/re/gJNfM/?f_hotel_no=192774,ひこさんほてるなごみ,パワースポット英彦山の中腹にある自然感じる温泉旅館,6200,120556.46,471277.35,824-0721,福岡県,田川郡添田町英彦山233-5,0947-85-0121,0947-85-0465,添田駅より車で約２０分、大分自動車道杷木インターより約５０分,有り　２０台　無料　予約不要,添田,https://img.travel.rakuten.co.jp/share/HOTEL/192774/192774.jpg,https://img.travel.rakuten.co.jp/HIMG/90/192774.jpg,,,https://img.travel.rakuten.co.jp/share/HOTEL/192774/192774map.gif,26.0,4.32,"ありがとうございました。　2026-09-24 15:32:01投稿 <a href=""https://img.travel.rakuten.co.jp/image/tr/api/re/gJNfM/?f_hotel_no=192774"" class=""3click"">つづきはこちら</a>",tw,洋室ツイン,6156302.0,【素泊まり】食事はついていない自由旅。温泉と英彦山散策をお楽しみください,1,0,0,0,0,0,https://img.travel.rakuten.co.jp/image/tr/api/re/IdsCY/?f_no=192774&f_syu=tw&f_hi1=2026-10-17&f_hi2=2026-10-18&f_heya_su=1&f_otona_su=1&f_s1=0&f_s2=0&f_y1=0&f_y2=0&f_y3=0&f_y4=0&f_camp_id=6156302,0,2026-10-17,9700,9700,0,2026-10-17,chikuzen
201802,ボウケンノモリささぐり,https://img.travel.rakuten.co.jp/image/tr/api/re/pvonD/?f_no=201802,https://img.travel.rakuten.co.jp/image/tr/api/re/vFumt/?f_no=201802&f_flg=PLAN,https://img.travel.rakuten.co.jp/image/tr/api/re/WzozX/?noTomariHotel=201802,https://img.travel.rakuten.co.jp/image/tr/api/re/gJNfM/?f_hotel_no=201802,ぼうけんのもりささぐり,無料駐車場25台　　全室Wi-Fi無料　  BBQやフィールドアスレチックができる複合施設です。,4100,120975.12,469987.6,811-2405,福岡県,糟屋郡篠栗町篠栗2683-30,092-692-4123,--,車で・・・　福岡ICより18分　福岡空港から40分♪,あり　無料駐車が建物下に20台と建物横に３台あります,篠栗,https://img.travel.rakuten.co.jp/share/HOTEL/201802/201802.jpg,https://img.travel.rakuten.co.jp/HIMG/90/201802.jpg,,,https://img.travel.rakuten.co.jp/share/HOTEL/201802/201802map.gif,1.0,,,03,トリプル【禁煙】小学生未満添寝￥550,6631821.0,【素泊】お部屋にバス・トイレがないリーズナブルなプラン,1,0,0,0,0,2,https://img.travel.rakuten.co.jp/image/tr/api/re/IdsCY/?f_no=201802&f_syu=03&f_hi1=2026-10-17&f_hi2=2026-10-18&f_heya_su=1&f_otona_su=1&f_s1=0&f_s2=0&f_y1=0&f_y2=0&f_y3=0&f_y4=0&f_camp_id=6631821,0,2026-10-17,12600,12600,0,2026-10-17,chikuzen
195514,Ｈａｇｕｒｕｍａ芦屋　＾,https://img.travel.rakuten.co.jp/image/tr/api/re/pvonD/?f_no=195514,https://img.travel.rakuten.co.jp/image/tr/api/re/vFumt/?f_no=195514&f_flg=PLAN,,https://img.travel.rakuten.co.jp/image/tr/api/re/gJNfM/?f_hotel_no=195514,,商店街の無人ゲストハウス。都会の喧騒を離れ、芦屋の生活を体験◎観光、出張、ワーケーションにも利用可能！,3094,121993.12,470419.27,807-0122,福岡県,遠賀郡芦屋町高浜町4-3　Ｈａｇｕｒｕｍａ芦屋,080-1794-8140,00-0000-0000,遠賀川駅より車で9分,あり,遠賀川,https://img.travel.rakuten.co.jp/share/HOTEL/195514/195514.jpg,https://img.travel.rakuten.co.jp/HIMG/90/195514.jpg,,,https://img.travel.rakuten.co.jp/share/HOTEL/195514/195514map.gif,1.0,,,1346732_2,一戸建て,6360216.0,畳ゲストルーム2名迄 / 自然豊かな芦屋町のゲストハウス / HAGURUMA ASHIYA 203,1,0,0,0,0,2,https://img.travel.rakuten.co.jp/image/tr/api/re/IdsCY/?f_no=195514&f_syu=1346732_2&f_hi1=2026-10-17&f_hi2=2026-10-18&f_heya_su=1&f_otona_su=1&f_s1=0&f_s2=0&f_y1=0&f_y2=0&f_y3=0&f_y4=0&f_camp_id=6360216,0,2026-10-17,9135,9135,0,2026-10-17,chikuzen
49249,旅館　あけぼの館,https://img.travel.rakuten.co.jp/image/tr/api/re/pvonD/?f_no=49249,https://img.travel.rakuten.co.jp/image/tr/api/re/vFumt/?f_no=49249&f_flg=PLAN,,https://img.travel.rakuten.co.jp/image/tr/api/re/gJNfM/?f_hotel_no=49249,あけぼのかん,新飯塚駅のすぐそばでビジネスや旅の拠点に最適。アットホームな雰囲気でお出迎え致します。長期滞在大歓迎。,7000,121107.17,470500.81,820-0005,福岡県,飯塚市新飯塚6-14,0948-22-1708,0948-22-9993,ＪＲ　新飯塚駅より徒歩3分,有り　６台　無料　予約不要,新飯塚,https://img.travel.rakuten.co.jp/share/HOTEL/49249/49249.jpg,https://img.travel.rakuten.co.jp/HIMG/90/49249.jpg,https://img.travel.rakuten.co.jp/share/HOTEL/49249/49249_he.jpg,https://img.travel.rakuten.co.jp/HIMG/INTERIOR/49249.jpg,https://img.travel.rakuten.co.jp/share/HOTEL/49249/49249map.gif,2.0,,,w,和室６畳,5878333.0,素泊まりで土日祭日も平日料金,1,0,0,0,0,2,https://img.travel.rakuten.co.jp/image/tr/api/re/IdsCY/?f_no=49249&f_syu=w&f_hi1=2026-10-17&f_hi2=2026-10-18&f_heya_su=1&f_otona_su=1&f_s1=0&f_s2=0&f_y1=0&f_y2=0&f_y3=0&f_y4=0&f_camp_id=5878333,0,2026-10-17,7000,7000,0,2026-10-17,chikuzen
199014,シークレットビーチハウス　沐　ＭＯＫＵ,https://img.travel.rakuten.co.jp/image/tr/api/re/pvonD/?f_no=199014,https://img.travel.rakuten.co.jp/image/tr/api/re/vFumt/?f_no=199014&f_flg=PLAN,,https://img.travel.rakuten.co.jp/image/tr/api/re/gJNfM/?f_hotel_no=199014,しーくれっとびーちはうす　もく,浜辺から１分。海と田園のはざまに、静かに佇む一棟貸し。 砂浜、星、焚き火、薪ストーブの宿,12667,121771.12,469734.67,811-3521,福岡県,福津市勝浦2023,080-6518-0526,--,福岡市内、福岡空港より車で約50分、JR鹿児島線福間駅より車で約15分,あり　3台　無料　予約不要,福間,https://img.travel.rakuten.co.jp/share/HOTEL/199014/199014.jpg,https://img.travel.rakuten.co.jp/HIMG/90/199014.jpg,,,https://img.travel.rakuten.co.jp/share/HOTEL/199014/199014map.gif,,,,2,一棟貸し　コーヒー＆ハーブティー付き,6445539.0,【素泊まりプラン】砂浜まですぐ　薪ストーブ、焚き火無料,1,0,0,0,0,2,https://img.travel.rakuten.co.jp/image/tr/api/re/IdsCY/?f_no=199014&f_syu=2&f_hi1=2026-10-17&f_hi2=2026-10-18&f_heya_su=1&f_otona_su=1&f_s1=0&f_s2=0&f_y1=0&f_y2=0&f_y3=0&f_y4=0&f_camp_id=6445539,0,2026-10-17,38100,38100,0,2026-10-17,chikuzen
199829,人の少ない砂浜すぐの静かな一棟貸し　＾,https://img.travel.rakuten.co.jp/image/tr/api/re/pvonD/?f_no=199829,https://img.travel.rakuten.co.jp/image/tr/api/re/vFumt/?f_no=199829&f_flg=PLAN,,https://img.travel.rakuten.co.jp/image/tr/api/re/gJNfM/?f_hotel_no=199829,,日常を手放し、静寂に還る宿「沐」。,14694,121771.12,469734.67,811-3521,福岡県,福津市勝浦2023,080-6518-0526,00-0000-0000,東郷駅から車で15分,あり,東郷,https://img.travel.rakuten.co.jp/share/HOTEL/199829/199829.jpg,https://img.travel.rakuten.co.jp/HIMG/90/199829.jpg,,,https://img.travel.rakuten.co.jp/share/HOTEL/199829/199829map.gif,,,,1492270_3,一戸建て,6436105.0,海と田園のはざまに、静かに佇む一棟貸し。 薪ストーブの温もりとともに 特別な時間を,1,0,0,0,0,2,https://img.travel.rakuten.co.jp/image/tr/api/re/IdsCY/?f_no=199829&f_syu=1492270_3&f_hi1=2026-10-17&f_hi2=2026-10-18&f_heya_su=1&f_otona_su=1&f_s1=0&f_s2=0&f_y1=0&f_y2=0&f_y3=0&f_y4=0&f_camp_id=6436105,0,2026-10-17,44196,44196,0,2026-10-17,chikuzen
179214,福岡ホテル＆リゾートグランピング　ザ・リトリート,https://img.travel.rakuten.co.jp/image/tr/api/re/pvonD/?f_no=179214,https://img.travel.rakuten.co.jp/image/tr/api/re/vFumt/?f_no=179214&f_flg=PLAN,https://img.travel.rakuten.co.jp/image/tr/api/re/WzozX/?noTomariHotel=179214,https://img.travel.rakuten.co.jp/image/tr/api/re/gJNfM/?f_hotel_no=179214,ふくおかほてるあんどりぞーとぐらんぴんぐ　ざ・りとりーと,全室冷暖房完備／快適に最高のアウトドア体験！ドリンクもアクティビティもオールインクルーシブ♪朝食はホテルハーフブッフェ！,11350,121154.21,470682.31,820-0115,福岡県,飯塚市仁保8-37,0948-82-3177,0948-82-3178,ＪＲ　新飯塚駅よりお車にて約１５分,有り　８０台　無料　予約不要,新飯塚,https://img.travel.rakuten.co.jp/share/HOTEL/179214/179214.jpg,https://img.travel.rakuten.co.jp/HIMG/90/179214.jpg,https://img.travel.rakuten.co.jp/share/HOTEL/179214/179214_kan1.jpg,https://img.travel.rakuten.co.jp/HIMG/INTERIOR/179214.jpg,https://img.travel.rakuten.co.jp/share/HOTEL/179214/179214map.gif,162.0,4.44,"オールインクルーシブで、チェックインしてからアルコールを含むドリンク飲み放題で、アクティビティも充実しており、家族全員楽しめました。夏だったので、虫がたくさんいたのは仕方が無いのかなと思います。　2026-09-23 22:16:40投稿 <a href=""https://img.travel.rakuten.co.jp/image/tr/api/re/gJNfM/?f_hotel_no=179214"" class=""3click"">つづきはこちら</a>",ml15,【ホテルタイプ】マウンテンロッジ,5728849.0,【2食付】贅沢なグランピング体験をフレンチシェフがオリジナルBBQで演出☆スタンダード／夕食19時,1,1,0,1,0,1,https://img.travel.rakuten.co.jp/image/tr/api/re/IdsCY/?f_no=179214&f_syu=ml15&f_hi1=2026-10-17&f_hi2=2026-10-18&f_heya_su=1&f_otona_su=1&f_s1=0&f_s2=0&f_y1=0&f_y2=0&f_y3=0&f_y4=0&f_camp_id=5728849,0,2026-10-17,49800,49800,0,2026-10-17,chikuzen
108259,ホテルアクティブ！博多,https://img.travel.rakuten.co.jp/image/tr/api/re/pvonD/?f_no=108259,https://img.travel.rakuten.co.jp/image/tr/api/re/vFumt/?f_no=108259&f_flg=PLAN,https://img.travel.rakuten.co.jp/image/tr/api/re/WzozX/?noTomariHotel=108259,https://img.travel.rakuten.co.jp/image/tr/api/re/gJNfM/?f_hotel_no=108259,あくてぃぶ！はかた,和洋ビュッフェ朝食無料サービス＆人工温泉大浴場付◆博多駅博多口より徒歩約4分◆楽天GOLDアワード2025受賞,8000,120908.36,469505.34,812-0011,福岡県,福岡市博多区博多駅前3-20-16,092-452-0001,092-452-0011,ＪＲ博多駅・博多口より徒歩約４分◆空港からは地下鉄で博多駅まで約５分・西２０番出口から徒歩約２分,普通車１台１泊税込１１００円／徒歩１分圏に複数の契約駐車場（総枠数１６５台）全枠平置きでハイルーフ可,博多,https://img.travel.rakuten.co.jp/share/HOTEL/108259/108259.jpg,https://img.travel.rakuten.co.jp/HIMG/90/108259.jpg,,,https://img.travel.rakuten.co.jp/share/HOTEL/108259/108259map.gif,12293.0,4.32,"新潟から仕事で来て利用しました！大浴場があってリーズナブルなホテルを探していたらなんと朝食もついているお得なホテル！博多駅が近く、土地勘のわからない私にはベストなホテルでした。また博多に来た時は利用し…　2026-10-05 22:57:35投稿 <a href=""https://img.travel.rakuten.co.jp/image/tr/api/re/gJNfM/?f_hotel_no=108259"" class=""3click"">つづきはこちら</a>",b,◆喫煙◆ベーシックルーム／加湿空気清浄機付＆個別空調,6417217.0,【ゴールドアワード2025】受賞記念プラン！和洋ビュッフェ朝食無料／人工温泉大浴場,1,0,0,1,0,1,https://img.travel.rakuten.co.jp/image/tr/api/re/IdsCY/?f_no=108259&f_syu=b&f_hi1=2026-10-17&f_hi2=2026-10-18&f_heya_su=1&f_otona_su=1&f_s1=0&f_s2=0&f_y1=0&f_y2=0&f_y3=0&f_y4=0&f_camp_id=6417217,0,2026-10-17,28000,28000,0,2026-10-17,fukuoka
167058,静鉄ホテルプレジオ博多駅前,https://img.travel.rakuten.co.jp/image/tr/api/re/pvonD/?f_no=167058,https://img.travel.rakuten.co.jp/image/tr/api/re/vFumt/?f_no=167058&f_flg=PLAN,https://img.travel.rakuten.co.jp/image/tr/api/re/WzozX/?noTomariHotel=167058,https://img.travel.rakuten.co.jp/image/tr/api/re/gJNfM/?f_hotel_no=167058,しずてつほてるぷれじおはかたえきまえ,デラックスルーム新登場◆シングルルーム全室バス・トイレ別◆JR博多駅より徒歩約６分★免震構造★ロビーの無料コーヒーが好評,5896,120895.43,469520.0,812-0011,福岡県,福岡市博多区博多駅前4-17-6,092-451-2800,092-409-7200,JR博多駅、博多口より徒歩約６分,有り１泊1700円  敷地内駐車場7台（先着順）,博多,https://img.travel.rakuten.co.jp/share/HOTEL/167058/167058.jpg,https://img.travel.rakuten.co.jp/HIMG/90/167058.jpg,https://img.travel.rakuten.co.jp/share/HOTEL/167058/167058_kan1.jpg,https://img.travel.rakuten.co.jp/HIMG/INTERIOR/167058.jpg,https://img.travel.rakuten.co.jp/share/HOTEL/167058/167058map.gif,2258.0,4.3,"博多駅も近く、車はホテルの入り口にあるパーキングに停められます。部屋によっていは大きな窓から新幹線なんかが良く見えるので、電車好きな人にはお勧めかも！私は仕事で泊ったので電車はそこまで興味なかったです…　2026-10-08 10:38:33投稿 <a href=""https://img.travel.rakuten.co.jp/image/tr/api/re/gJNfM/?f_hotel_no=167058"" class=""3click"">つづきはこちら</a>",sn1,シングル／禁煙／洗い場付のバスルーム／ベッド幅140ｃｍ,6367142.0,【トレインビュー/素泊り】線路側のお部屋確約！トレインビューが楽しめるホテル楽天人気ランキング1位★,1,0,0,0,0,1,https://img.travel.rakuten.co.jp/image/tr/api/re/IdsCY/?f_no=167058&f_syu=sn1&f_hi1=2026-10-17&f_hi2=2026-10-18&f_heya_su=1&f_otona_su=1&f_s1=0&f_s2=0&f_y1=0&f_y2=0&f_y3=0&f_y4=0&f_camp_id=6367142,0,2026-10-17,29700,29700,0,2026-10-17,fukuoka
182019,アパホテル〈博多駅筑紫口〉,https://img.travel.rakuten.co.jp/image/tr/api/re/pvonD/?f_no=182019,https://img.travel.rakuten.co.jp/image/tr/api/re/vFumt/?f_no=182019&f_flg=PLAN,https://img.travel.rakuten.co.jp/image/tr/api/re/WzozX/?noTomariHotel=182019,https://img.travel.rakuten.co.jp/image/tr/api/re/gJNfM/?f_hotel_no=182019,あぱほてる　はかたえきちくしぐち,博多駅から最も近いアパホテル。2棟構成でCENTRAL棟には大浴殿完備。WEST棟では静かに過ごせる,7290,120916.87,469533.42,812-0013,福岡県,福岡市博多区博多駅東1-14-1(セントラル棟)／福岡市博多区博多駅東1-11-11(ウエスト棟),0570-056-311,092-477-6312,地下鉄空港線「博多」駅(東7番出口)から徒歩2分、山陽新幹線・九州新幹線・JR各線「博多」駅(筑紫口)から徒歩4分,"セントラル棟16台　1,800円／1泊（11時&#12316;翌11時）※先着順",博多,https://img.travel.rakuten.co.jp/share/HOTEL/182019/182019.jpg,https://img.travel.rakuten.co.jp/HIMG/90/182019.jpg,,,https://img.travel.rakuten.co.jp/share/HOTEL/182019/182019map.gif,1431.0,4.14,"これまでも出張や旅行の際にアパホテルを何度か利用してきましたが、今回初めて会員登録をさせていただきました。博多駅筑紫口から徒歩圏内という好立地で、今回は2泊利用させていただきました。客室は清潔に保たれ…　2026-10-07 09:33:31投稿 <a href=""https://img.travel.rakuten.co.jp/image/tr/api/re/gJNfM/?f_hotel_no=182019"" class=""3click"">つづきはこちら</a>",s1c,【セントラル棟】スタンダード(1名利用) 禁煙◆大浴殿あり,5188888.0,【素泊まり・事前決済限定】1秒チェックインにおすすめ！,1,0,0,0,0,2,https://img.travel.rakuten.co.jp/image/tr/api/re/IdsCY/?f_no=182019&f_syu=s1c&f_hi1=2026-10-17&f_hi2=2026-10-18&f_heya_su=1&f_otona_su=1&f_s1=0&f_s2=0&f_y1=0&f_y2=0&f_y3=0&f_y4=0&f_camp_id=5188888,0,2026-10-17,32580,32580,0,2026-10-17,fukuoka
79344,ダイワロイネットホテル博多祇園,https://img.travel.rakuten.co.jp/image/tr/api/re/pvonD/?f_no=79344,https://img.travel.rakuten.co.jp/image/tr/api/re/vFumt/?f_no=79344&f_flg=PLAN,https://img.travel.rakuten.co.jp/image/tr/api/re/WzozX/?noTomariHotel=79344,https://img.travel.rakuten.co.jp/image/tr/api/re/gJNfM/?f_hotel_no=79344,だいわろいねっとほてるはかたぎおん,地下鉄「祇園駅」より徒歩約1分の駅ちかホテル。天神・中洲屋台・キャナルシティへは徒歩圏内。ビジネス・遊びに便利。,5000,120924.68,469497.51,812-0038,福岡県,福岡市博多区祗園町1-24,092-281-3600,092-281-3601,地下鉄空港線「祇園駅」3番出口より徒歩約1分。JR「博多駅」より徒歩約8分、又は地下鉄利用で「祇園駅」下車、徒歩約1分。,"立体駐車場。収容20台。1泊（13時〜翌13時）1,800円税込。営業7時〜22時。車高1.55m迄",祇園（福岡）,https://img.travel.rakuten.co.jp/share/HOTEL/79344/79344.jpg,https://img.travel.rakuten.co.jp/HIMG/90/79344.jpg,https://img.travel.rakuten.co.jp/share/HOTEL/79344/79344_room.jpg,https://img.travel.rakuten.co.jp/HIMG/INTERIOR/79344.jpg,https://img.travel.rakuten.co.jp/share/HOTEL/79344/79344map.gif,4395.0,4.16,"連休直前に予定が決まり急いでの予約でしたので、喫煙ルームしか空いておらずでしたが、中洲に近いホテルが良かったので予約しました。夜遅くの到着でしたが、駐車場も空いており助かりました。歩いて10分程度で中…　2026-09-22 08:26:30投稿 <a href=""https://img.travel.rakuten.co.jp/image/tr/api/re/gJNfM/?f_hotel_no=79344"" class=""3click"">つづきはこちら</a>",sn-01,【禁煙】スタンダードダブル 1名利用 18平米,1496191.0,【素泊まり】シンプルステイプラン●博多駅・中州へ好立地 祗園駅約1分●,1,0,0,0,0,1,https://img.travel.rakuten.co.jp/image/tr/api/re/IdsCY/?f_no=79344&f_syu=sn-01&f_hi1=2026-10-17&f_hi2=2026-10-18&f_heya_su=1&f_otona_su=1&f_s1=0&f_s2=0&f_y1=0&f_y2=0&f_y3=0&f_y4=0&f_camp_id=1496191,0,2026-10-17,31500,31500,0,2026-10-17,fukuoka
147709,博多グリーンホテル１号館,https://img.travel.rakuten.co.jp/image/tr/api/re/pvonD/?f_no=147709,https://img.travel.rakuten.co.jp/image/tr/api/re/vFumt/?f_no=147709&f_flg=PLAN,https://img.travel.rakuten.co.jp/image/tr/api/re/WzozX/?noTomariHotel=147709,https://img.travel.rakuten.co.jp/image/tr/api/re/gJNfM/?f_hotel_no=147709,はかたぐりーんほてるいちごうかん,博多駅徒歩1分でアクセス抜群！１３時イン・１２時アウトのゆったり滞在。◇個別空調◇シモンズベッド◇加湿空気清浄機完備,9500,120918.91,469527.72,812-0012,福岡県,福岡市博多区博多駅中央街4-4,092-451-4110,092-451-4115,【最短アクセス】福岡空港～地下鉄５分。JR博多駅筑紫口（新幹線口）～徒歩１分！,"1泊／2,500円　先着・予約不可(満車・サイズによる入庫不可は有料駐車場へ案内　※途中入出庫不可)",博多,https://img.travel.rakuten.co.jp/share/HOTEL/147709/147709.jpg,https://img.travel.rakuten.co.jp/HIMG/90/147709.jpg,,,https://img.travel.rakuten.co.jp/share/HOTEL/147709/147709map.gif,2336.0,4.28,"ベッドは高め…　2026-09-29 12:10:19投稿 <a href=""https://img.travel.rakuten.co.jp/image/tr/api/re/gJNfM/?f_hotel_no=147709"" class=""3click"">つづきはこちら</a>",s1_basic,喫煙シングル,6299546.0,【煙草と珈琲で整える、大人の休息ステイ。】素泊まり喫煙シングルプラン,1,0,0,0,0,1,https://img.travel.rakuten.co.jp/image/tr/api/re/IdsCY/?f_no=147709&f_syu=s1_basic&f_hi1=2026-10-17&f_hi2=2026-10-18&f_heya_su=1&f_otona_su=1&f_s1=0&f_s2=0&f_y1=0&f_y2=0&f_y3=0&f_y4=0&f_camp_id=6299546,0,2026-10-17,27800,27800,0,2026-10-17,fukuoka
165706,エスペリアホテル博多,https://img.travel.rakuten.co.jp/image/tr/api/re/pvonD/?f_no=165706,https://img.travel.rakuten.co.jp/image/tr/api/re/vFumt/?f_no=165706&f_flg=PLAN,https://img.travel.rakuten.co.jp/image/tr/api/re/WzozX/?noTomariHotel=165706,https://img.travel.rakuten.co.jp/image/tr/api/re/gJNfM/?f_hotel_no=165706,えすぺりあほてるはかた,お部屋は全室バス・トイレ・洗面が別！観光・ビジネスに便利な駅近ホテル,7380,120916.37,469506.7,812-0011,福岡県,福岡市博多区博多駅前2-11-4,092-412-7272,092-412-7271,地下鉄「博多駅」P５番出口より徒歩約分。JR「博多駅」より徒歩約５分、福岡空港から博多へは地下鉄約１０分,"有り　16台　1,600円（税込み／泊）　先着順 予約不可　※提携の駐車場はございません",博多,https://img.travel.rakuten.co.jp/share/HOTEL/165706/165706.jpg,https://img.travel.rakuten.co.jp/HIMG/90/165706.jpg,,,https://img.travel.rakuten.co.jp/share/HOTEL/165706/165706map.gif,1829.0,4.2,"まず、ホテルに入ったときの雰囲気が落ち着いていて、スタッフの方の対応も丁寧だったのが印象的でした。チェックインもス…　2026-10-05 09:59:21投稿 <a href=""https://img.travel.rakuten.co.jp/image/tr/api/re/gJNfM/?f_hotel_no=165706"" class=""3click"">つづきはこちら</a>",sda,ダブル【ベッド幅140／バスルーム・トイレ別】,6557645.0,【楽天トラベルシルバーアワード受賞記念】シンプルステイ プラン【素泊】,1,0,0,0,0,1,https://img.travel.rakuten.co.jp/image/tr/api/re/IdsCY/?f_no=165706&f_syu=sda&f_hi1=2026-10-17&f_hi2=2026-10-18&f_heya_su=1&f_otona_su=1&f_s1=0&f_s2=0&f_y1=0&f_y2=0&f_y3=0&f_y4=0&f_camp_id=6557645,0,2026-10-17,27270,27270,0,2026-10-17,fukuoka
76404,天然温泉　御笠の湯　ドーミーイン博多祇園（２０２６年４月１日リニューアルオープン）,https://img.travel.rakuten.co.jp/image/tr/api/re/pvonD/?f_no=76404,https://img.travel.rakuten.co.jp/image/tr/api/re/vFumt/?f_no=76404&f_flg=PLAN,https://img.travel.rakuten.co.jp/image/tr/api/re/WzozX/?noTomariHotel=76404,https://img.travel.rakuten.co.jp/image/tr/api/re/gJNfM/?f_hotel_no=76404,てんねんおんせん　みかさのゆ　どーみーいんはかたぎおん,【4月リニューアルオープン】博多で温泉に入ろう！空港から地下鉄で1本でアクセス抜群　博多名物「水炊き」自慢の朝食を☆,8925,120924.81,469495.06,812-0039,福岡県,福岡市博多区冷泉町1-12,092-271-5489,092-271-5210,地下鉄空港線「祗園駅」3番出口から徒歩1分、博多駅から徒歩約10分,12台【先着順・出入自由・1泊 ２０００円】満車の際は提携先又は近隣駐車場にご案内させて頂きます。,祇園（福岡）,https://img.travel.rakuten.co.jp/share/HOTEL/76404/76404.jpg,https://img.travel.rakuten.co.jp/HIMG/90/76404.jpg,https://img.travel.rakuten.co.jp/share/HOTEL/76404/76404_d.jpg,https://img.travel.rakuten.co.jp/HIMG/INTERIOR/76404.jpg,https://img.travel.rakuten.co.jp/share/HOTEL/76404/76404map.gif,4850.0,4.28,"食堂も席満席…　2026-10-05 00:12:05投稿 <a href=""https://img.travel.rakuten.co.jp/image/tr/api/re/gJNfM/?f_hotel_no=76404"" class=""3click"">つづきはこちら</a>",dn3,◆禁煙ダブル◆全室シモンズ社製ベッド！,5860367.0,【ロングステイ◆素泊り】13時イン〜11時アウトの22時間ステイプラン,1,0,0,0,0,1,https://img.travel.rakuten.co.jp/image/tr/api/re/IdsCY/?f_no=76404&f_syu=dn3&f_hi1=2026-10-17&f_hi2=2026-10-18&f_heya_su=1&f_otona_su=1&f_s1=0&f_s2=0&f_y1=0&f_y2=0&f_y3=0&f_y4=0&f_camp_id=5860367,0,2026-10-17,42892,42892,0,2026-10-17,fukuoka
80574,博多グリーンホテルアネックス,https://img.travel.rakuten.co.jp/image/tr/api/re/pvonD/?f_no=80574,https://img.travel.rakuten.co.jp/image/tr/api/re/vFumt/?f_no=80574&f_flg=PLAN,https://img.travel.rakuten.co.jp/image/tr/api/re/WzozX/?noTomariHotel=80574,https://img.travel.rakuten.co.jp/image/tr/api/re/gJNfM/?f_hotel_no=80574,はかたぐりーんほてるあねっくす,博多駅徒歩1分でアクセス抜群！１３時イン・１２時アウトのゆったり滞在。◇個別空調◇シモンズベッド◇直営コンビニ１Ｆ有,8750,120916.94,469527.77,812-0012,福岡県,福岡市博多区博多駅中央街4-32,092-451-4112,092-451-4177,【最短アクセス】福岡空港～地下鉄５分。JR博多駅筑紫口（新幹線口）～徒歩１分！,"1泊／2,500円　先着・予約不可(満車・サイズによる入庫不可は有料駐車場へ案内　※途中入出庫不可)",博多,https://img.travel.rakuten.co.jp/share/HOTEL/80574/80574.jpg,https://img.travel.rakuten.co.jp/HIMG/90/80574.jpg,https://img.travel.rakuten.co.jp/share/HOTEL/80574/80574_room.jpg,https://img.travel.rakuten.co.jp/HIMG/INTERIOR/80574.jpg,https://img.travel.rakuten.co.jp/share/HOTEL/80574/80574map.gif,2691.0,4.25,"チェックイン時間大幅遅れにも関わらず良い対応でした。また利用したいです！　2026-09-25 20:31:12投稿 <a href=""https://img.travel.rakuten.co.jp/image/tr/api/re/gJNfM/?f_hotel_no=80574"" class=""3click"">つづきはこちら</a>",dk,禁煙ダブルルーム,2797237.0,【素泊まり】13時イン12時アウト ペア＆ファミリープラン,1,0,0,0,0,1,https://img.travel.rakuten.co.jp/image/tr/api/re/IdsCY/?f_no=80574&f_syu=dk&f_hi1=2026-10-17&f_hi2=2026-10-18&f_heya_su=1&f_otona_su=1&f_s1=0&f_s2=0&f_y1=0&f_y2=0&f_y3=0&f_y4=0&f_camp_id=2797237,0,2026-10-17,39900,39900,0,2026-10-17,fukuoka
182017,アパホテル＆リゾート〈博多駅東〉,https://img.travel.rakuten.co.jp/image/tr/api/re/pvonD/?f_no=182017,https://img.travel.rakuten.co.jp/image/tr/api/re/vFumt/?f_no=182017&f_flg=PLAN,https://img.travel.rakuten.co.jp/image/tr/api/re/WzozX/?noTomariHotel=182017,https://img.travel.rakuten.co.jp/image/tr/api/re/gJNfM/?f_hotel_no=182017,あぱほてるあんどりぞーと　はかたえきひがし,博多駅を出て筑紫口中央通りからアクセスできる都市型リゾート。屋上に大浴殿とプールを備える,6840,120913.96,469537.43,812-0013,福岡県,福岡市博多区博多駅東1-18-1,0570-009-011,092-477-9012,福岡市営地下鉄空港線「博多駅」東7番出口から徒歩2分／JR各線「博多駅」筑紫口から徒歩4分,"11台有、1,500円 / 1泊（15：00〜翌11：00）※連泊の場合24時間　※予約不可先着順",博多,https://img.travel.rakuten.co.jp/share/HOTEL/182017/182017.jpg,https://img.travel.rakuten.co.jp/HIMG/90/182017.jpg,,,https://img.travel.rakuten.co.jp/share/HOTEL/182017/182017map.gif,992.0,4.11,"駅から近く、博多駅付近で予定があるときにはよく利用させていただきます。大浴場も使えるためとても気に入っています。　2026-10-08 15:42:52投稿 <a href=""https://img.travel.rakuten.co.jp/image/tr/api/re/gJNfM/?f_hotel_no=182017"" class=""3click"">つづきはこちら</a>",ms1k,スタンダードルーム　1名利用　□全室禁煙□,6406402.0,【朝食付き・連泊不可】室数限定モニタープラン【アパ社長カレープレゼント】,1,0,0,0,0,1,https://img.travel.rakuten.co.jp/image/tr/api/re/IdsCY/?f_no=182017&f_syu=ms1k&f_hi1=2026-10-17&f_hi2=2026-10-18&f_heya_su=1&f_otona_su=1&f_s1=0&f_s2=0&f_y1=0&f_y2=0&f_y3=0&f_y4=0&f_camp_id=6406402,0,2026-10-17,34380,34380,0,2026-10-17,fukuoka
166968,ワシントンＲ＆Ｂホテル博多駅前第２,https://img.travel.rakuten.co.jp/image/tr/api/re/pvonD/?f_no=166968,https://img.travel.rakuten.co.jp/image/tr/api/re/vFumt/?f_no=166968&f_flg=PLAN,https://img.travel.rakuten.co.jp/image/tr/api/re/WzozX/?noTomariHotel=166968,https://img.travel.rakuten.co.jp/image/tr/api/re/gJNfM/?f_hotel_no=166968,わしんとんあーるあんどびーほてるはかたえきまえだいに,★JR博多駅より徒歩約5分の好立地★清潔で機能的な客室,6000,120898.16,469508.99,812-0011,福岡県,福岡市博多区博多駅前4-3-20,092-482-1919,092-482-1920,ＪＲ　博多駅　博多口から徒歩にて約５分,無し,博多,https://img.travel.rakuten.co.jp/share/HOTEL/166968/166968.jpg,https://img.travel.rakuten.co.jp/HIMG/90/166968.jpg,https://img.travel.rakuten.co.jp/share/HOTEL/166968/166968_kan1.jpg,https://img.travel.rakuten.co.jp/HIMG/INTERIOR/166968.jpg,https://img.travel.rakuten.co.jp/share/HOTEL/166968/166968map.gif,1115.0,3.93,"部屋も綺麗でした。　2026-10-08 12:51:52投稿 <a href=""https://img.travel.rakuten.co.jp/image/tr/api/re/gJNfM/?f_hotel_no=166968"" class=""3click"">つづきはこちら</a>",ns,シングルルーム　禁煙,4196850.0,【学生限定】学生プラン　学生証をご提示ください（素泊まり）,1,0,0,0,0,1,https://img.travel.rakuten.co.jp/image/tr/api/re/IdsCY/?f_no=166968&f_syu=ns&f_hi1=2026-10-17&f_hi2=2026-10-18&f_heya_su=1&f_otona_su=1&f_s1=0&f_s2=0&f_y1=0&f_y2=0&f_y3=0&f_y4=0&f_camp_id=4196850,0,2026-10-17,21800,21800,0,2026-10-17,fukuoka
15426,スカイハートホテル博多,https://img.travel.rakuten.co.jp/image/tr/api/re/pvonD/?f_no=15426,https://img.travel.rakuten.co.jp/image/tr/api/re/vFumt/?f_no=15426&f_flg=PLAN,https://img.travel.rakuten.co.jp/image/tr/api/re/WzozX/?noTomariHotel=15426,https://img.travel.rakuten.co.jp/image/tr/api/re/gJNfM/?f_hotel_no=15426,すかいはーとほてる　はかた　すかいこーと　はかた,リニューアルした快適で充実した設備とアメニティの客室、充実の貸出備品、美味しい手作り朝食でワンランク上のホテルステイを,5700,120921.4,469497.89,812-0038,福岡県,福岡市博多区祇園町4-73,092-262-4400,092-262-8111,地下鉄「祇園駅」徒歩2分、JR博多駅「博多口」徒歩8分、福岡空港は地下鉄で13分。,"15時〜翌11時まで平置き2,000円 先着7台、立体駐車場もあり(車高158㎝以内等制限あり)",博多,https://img.travel.rakuten.co.jp/share/HOTEL/15426/15426.jpg,https://img.travel.rakuten.co.jp/HIMG/90/15426.jpg,https://img.travel.rakuten.co.jp/share/HOTEL/15426/15426_sgl.jpg,https://img.travel.rakuten.co.jp/HIMG/INTERIOR/15426.jpg,https://img.travel.rakuten.co.jp/share/HOTEL/15426/15426map.gif,2593.0,3.68,"ホテル近くには居酒屋、ラーメン屋なども充…　2026-10-07 13:06:26投稿 <a href=""https://img.travel.rakuten.co.jp/image/tr/api/re/gJNfM/?f_hotel_no=15426"" class=""3click"">つづきはこちら</a>",redbl_s,◇リニューアル◇ダブルシングルユース【禁煙】,6514025.0,【返金不可】リニューアル客室◇ウェルカムドリンク付｜祇園駅徒歩3分｜素泊り,1,0,0,0,0,2,https://img.travel.rakuten.co.jp/image/tr/api/re/IdsCY/?f_no=15426&f_syu=redbl_s&f_hi1=2026-10-17&f_hi2=2026-10-18&f_heya_su=1&f_otona_su=1&f_s1=0&f_s2=0&f_y1=0&f_y2=0&f_y3=0&f_y4=0&f_camp_id=6514025,0,2026-10-17,25890,25890,0,2026-10-17,fukuoka
1227,ＴＫＰサンライフホテル,https://img.travel.rakuten.co.jp/image/tr/api/re/pvonD/?f_no=1227,https://img.travel.rakuten.co.jp/image/tr/api/re/vFumt/?f_no=1227&f_flg=PLAN,https://img.travel.rakuten.co.jp/image/tr/api/re/WzozX/?noTomariHotel=1227,https://img.travel.rakuten.co.jp/image/tr/api/re/gJNfM/?f_hotel_no=1227,ＴＫＰさんらいふほてる,◆ツインをリニューアルした【スーペリアツイン】の販売を開始いたしました！ぜひこの機会にご宿泊如何ですか。,4750,120912.68,469529.91,812-0013,福岡県,福岡市博多区博多駅東1-12-3,092-473-7112,092-471-5075,JR博多駅筑紫口より徒歩2分。筑紫口（新幹線口）出て目の前！地下鉄「東6番」出口直結。,"提携【里馨パーキング（リカパーキング）】予約・出し入れ不可　24H1,500円税込　高さ等制限有",博多,https://img.travel.rakuten.co.jp/share/HOTEL/1227/1227.jpg,https://img.travel.rakuten.co.jp/HIMG/90/1227.jpg,https://img.travel.rakuten.co.jp/share/HOTEL/1227/1227_sr.jpg,https://img.travel.rakuten.co.jp/HIMG/INTERIOR/1227.jpg,https://img.travel.rakuten.co.jp/share/HOTEL/1227/1227map.gif,4689.0,3.75,,10nx3k,【3号館/禁煙】シングルルーム小上がり,5624611.0,【素泊まり】博多駅新幹線側出口（筑紫口）徒歩2分,1,0,0,0,0,1,https://img.travel.rakuten.co.jp/image/tr/api/re/IdsCY/?f_no=1227&f_syu=10nx3k&f_hi1=2026-10-17&f_hi2=2026-10-18&f_heya_su=1&f_otona_su=1&f_s1=0&f_s2=0&f_y1=0&f_y2=0&f_y3=0&f_y4=0&f_camp_id=5624611,0,2026-10-17,28500,28500,0,2026-10-17,fukuoka
183275,アパホテル〈博多祇園駅前〉,https://img.travel.rakuten.co.jp/image/tr/api/re/pvonD/?f_no=183275,https://img.travel.rakuten.co.jp/image/tr/api/re/vFumt/?f_no=183275&f_flg=PLAN,https://img.travel.rakuten.co.jp/image/tr/api/re/WzozX/?noTomariHotel=183275,https://img.travel.rakuten.co.jp/image/tr/api/re/gJNfM/?f_hotel_no=183275,あぱほてる　はかたぎおんえきまえ,JR「博多駅」から徒歩6分、福岡空港から乗り換えなしで地下鉄7分、マリンメッセ・PayPayドーム迄のアクセス抜群の立地,6210,120924.12,469501.98,812-0038,福岡県,福岡市博多区祇園町1-1,0570-097-011,092-281-7812,JR「博多駅」から徒歩6分、福岡空港から乗り換えなしで地下鉄7分、地下鉄空港線「祇園駅」下車5番出口から徒歩1分,無し（車椅子使用者専用駐車場有り）,祇園（福岡）,https://img.travel.rakuten.co.jp/share/HOTEL/183275/183275.jpg,https://img.travel.rakuten.co.jp/HIMG/90/183275.jpg,,,https://img.travel.rakuten.co.jp/share/HOTEL/183275/183275map.gif,664.0,4.13,"フロントの対応が丁寧かつ親切でとても感じが良かったです。部屋も綺麗で良かったです　2026-10-07 07:44:02投稿 <a href=""https://img.travel.rakuten.co.jp/image/tr/api/re/gJNfM/?f_hotel_no=183275"" class=""3click"">つづきはこちら</a>",m1k,スタンダードルーム（1名利用） □ 全室禁煙 □,5404859.0,【素泊まり・連泊不可】 ■室数限定モニタープラン【アパ社長カレープレゼント】,1,0,0,0,0,1,https://img.travel.rakuten.co.jp/image/tr/api/re/IdsCY/?f_no=183275&f_syu=m1k&f_hi1=2026-10-17&f_hi2=2026-10-18&f_heya_su=1&f_otona_su=1&f_s1=0&f_s2=0&f_y1=0&f_y2=0&f_y3=0&f_y4=0&f_camp_id=5404859,0,2026-10-17,32670,32670,0,2026-10-17,fukuoka
183058,アパホテル〈博多駅前３丁目〉,https://img.travel.rakuten.co.jp/image/tr/api/re/pvonD/?f_no=183058,https://img.travel.rakuten.co.jp/image/tr/api/re/vFumt/?f_no=183058&f_flg=PLAN,https://img.travel.rakuten.co.jp/image/tr/api/re/WzozX/?noTomariHotel=183058,https://img.travel.rakuten.co.jp/image/tr/api/re/gJNfM/?f_hotel_no=183058,あぱほてる　はかたえきまえさんちょうめ,キャナルシティや楽水園近くのホテル！アクセス良く観光に最適！,5580,120901.31,469501.6,812-0011,福岡県,福岡市博多区博多駅前3-11-6,0570-098-211,092-433-0812,博多口から徒歩８分！地下鉄七隈線「櫛田神社前駅」から徒歩６分！駅前四丁目バス停から徒歩４分！,3台　※先着案内。予約不可。,博多,https://img.travel.rakuten.co.jp/share/HOTEL/183058/183058.jpg,https://img.travel.rakuten.co.jp/HIMG/90/183058.jpg,,,https://img.travel.rakuten.co.jp/share/HOTEL/183058/183058map.gif,417.0,4.05,"部屋もベッドも広く、VODも見放題でとても良かったです。　2026-10-07 22:37:39投稿 <a href=""https://img.travel.rakuten.co.jp/image/tr/api/re/gJNfM/?f_hotel_no=183058"" class=""3click"">つづきはこちら</a>",s1k,スタンダードルーム(1名利用) □ 全室禁煙 □,5223633.0,【素泊まり・事前決済限定】1秒チェックインプラン,1,0,0,0,0,2,https://img.travel.rakuten.co.jp/image/tr/api/re/IdsCY/?f_no=183058&f_syu=s1k&f_hi1=2026-10-17&f_hi2=2026-10-18&f_heya_su=1&f_otona_su=1&f_s1=0&f_s2=0&f_y1=0&f_y2=0&f_y3=0&f_y4=0&f_camp_id=5223633,0,2026-10-17,32580,32580,0,2026-10-17,fukuoka
151369,ＫＯＫＯ　ＨＯＴＥＬ　博多駅前,https://img.travel.rakuten.co.jp/image/tr/api/re/pvonD/?f_no=151369,https://img.travel.rakuten.co.jp/image/tr/api/re/vFumt/?f_no=151369&f_flg=PLAN,https://img.travel.rakuten.co.jp/image/tr/api/re/WzozX/?noTomariHotel=151369,https://img.travel.rakuten.co.jp/image/tr/api/re/gJNfM/?f_hotel_no=151369,ここ　ほてる　はかたえきまえ,【TVで話題！博多駅徒歩4分のデザインホテル】世界11都市を巡る寛ぎの空間。全室シモンズ製ベッドとナノイー空気清浄機完備,3870,120906.47,469507.04,812-0011,福岡県,福岡市博多区博多駅前3-22-19,092-476-9111,092-476-9112,JR・地下鉄博多駅博多口から徒歩4分☆福岡空港国内線から地下鉄で2駅　タクシーで約15分　国際線からタクシーで約20分,提携駐車場／270台収容 24時間2000円（税込）でサービス券販売中,博多,https://img.travel.rakuten.co.jp/share/HOTEL/151369/151369.jpg,https://img.travel.rakuten.co.jp/HIMG/90/151369.jpg,https://img.travel.rakuten.co.jp/share/HOTEL/151369/151369_kan1.jpg,https://img.travel.rakuten.co.jp/HIMG/INTERIOR/151369.jpg,https://img.travel.rakuten.co.jp/share/HOTEL/151369/151369map.gif,1284.0,4.03,"博多駅から近く、周辺には魅力的なお店があり、とにかく立地がいいです。新しいビルや公園ができていてオシャレなお店ができていて、朝から行列ができているところもチラホラありました。ツインのお部屋でしたが、バ…　2026-09-29 12:04:32投稿 <a href=""https://img.travel.rakuten.co.jp/image/tr/api/re/gJNfM/?f_hotel_no=151369"" class=""3click"">つづきはこちら</a>",deluxe,【South Wing】禁煙デラックスシングルルーム,5702098.0,【タイムセール／素泊まり】インスタ映え抜群！フロアごとに異なる世界の都市をイメージしたデザイン,1,0,0,0,0,1,https://img.travel.rakuten.co.jp/image/tr/api/re/IdsCY/?f_no=151369&f_syu=deluxe&f_hi1=2026-10-17&f_hi2=2026-10-18&f_heya_su=1&f_otona_su=1&f_s1=0&f_s2=0&f_y1=0&f_y2=0&f_y3=0&f_y4=0&f_camp_id=5702098,0,2026-10-17,36225,36225,0,2026-10-17,fukuoka
178702,アパホテル〈博多東比恵駅前〉,https://img.travel.rakuten.co.jp/image/tr/api/re/pvonD/?f_no=178702,https://img.travel.rakuten.co.jp/image/tr/api/re/vFumt/?f_no=178702&f_flg=PLAN,https://img.travel.rakuten.co.jp/image/tr/api/re/WzozX/?noTomariHotel=178702,https://img.travel.rakuten.co.jp/image/tr/api/re/gJNfM/?f_hotel_no=178702,あぱほてる〈はかたひがしひええきまえ〉,【博多駅まで1駅、福岡空港にも1駅 】福岡空港に最も近いアパホテル,4800,120910.38,469559.53,812-0007,福岡県,福岡市博多区東比恵2-16-13,092-433-6675,092-432-7251,地下鉄空港線「東比恵駅」（4番出口）から徒歩1分（博多駅1駅、福岡空港1駅）,"3台＋車椅子使用者用1台有　1,500円/1泊（会員ランク・プランに準ずる）　予約不可　先着順",東比恵,https://img.travel.rakuten.co.jp/share/HOTEL/178702/178702.jpg,https://img.travel.rakuten.co.jp/HIMG/90/178702.jpg,,,https://img.travel.rakuten.co.jp/share/HOTEL/178702/178702map.gif,639.0,4.14,"ホテルの宿泊する設備等は全く問題ない良いのですが、…　2026-10-05 09:40:09投稿 <a href=""https://img.travel.rakuten.co.jp/image/tr/api/re/gJNfM/?f_hotel_no=178702"" class=""3click"">つづきはこちら</a>",004,シングル 禁煙室,6162798.0,【素泊まり・事前決済限定】1秒チェックインにおすすめ！体験プラン,1,0,0,0,0,2,https://img.travel.rakuten.co.jp/image/tr/api/re/IdsCY/?f_no=178702&f_syu=004&f_hi1=2026-10-17&f_hi2=2026-10-18&f_heya_su=1&f_otona_su=1&f_s1=0&f_s2=0&f_y1=0&f_y2=0&f_y3=0&f_y4=0&f_camp_id=6162798,0,2026-10-17,33900,33900,0,2026-10-17,fukuoka
178967,ホテルフロント・イン福岡空港,https://img.travel.rakuten.co.jp/image/tr/api/re/pvonD/?f_no=178967,https://img.travel.rakuten.co.jp/image/tr/api/re/vFumt/?f_no=178967&f_flg=PLAN,https://img.travel.rakuten.co.jp/image/tr/api/re/WzozX/?noTomariHotel=178967,https://img.travel.rakuten.co.jp/image/tr/api/re/gJNfM/?f_hotel_no=178967,ふろんといんふくおかくうこう,福岡空港や博多の森陸上競技場に隣接しビジネス・観光・イベントの拠点に最適なホテルです。博多・中洲・天神へのアクセスも抜群,7480,120956.0,469638.78,811‐2205,福岡県,糟屋郡志免町別府2-18-1,092-624-6688,092-624-6677,地下鉄　福岡空港駅より徒歩にて約12分,有り　32台　1泊１区画800円（※2tロング以上は１区画1600円）　要予約,福岡空港,https://img.travel.rakuten.co.jp/share/HOTEL/178967/178967.jpg,https://img.travel.rakuten.co.jp/HIMG/90/178967.jpg,,,https://img.travel.rakuten.co.jp/share/HOTEL/178967/178967map.gif,774.0,4.08,"大浴場も広くて快適でした。　2026-09-23 15:11:57投稿 <a href=""https://img.travel.rakuten.co.jp/image/tr/api/re/gJNfM/?f_hotel_no=178967"" class=""3click"">つづきはこちら</a>",ladies,レディースフロアシングル（女性専用※男性宿泊不可）,4891430.0,【福岡空港ご利用の方におすすめ】素泊りプラン,1,0,0,0,0,2,https://img.travel.rakuten.co.jp/image/tr/api/re/IdsCY/?f_no=178967&f_syu=ladies&f_hi1=2026-10-17&f_hi2=2026-10-18&f_heya_su=1&f_otona_su=1&f_s1=0&f_s2=0&f_y1=0&f_y2=0&f_y3=0&f_y4=0&f_camp_id=4891430,0,2026-10-17,21060,21060,0,2026-10-17,fukuoka
130158,天然温泉　袖湊の湯　ドーミーインＰＲＥＭＩＵＭ博多・キャナルシティ前（ドーミーイン・野乃　グループ）,https://img.travel.rakuten.co.jp/image/tr/api/re/pvonD/?f_no=130158,https://img.travel.rakuten.co.jp/image/tr/api/re/vFumt/?f_no=130158&f_flg=PLAN,https://img.travel.rakuten.co.jp/image/tr/api/re/WzozX/?noTomariHotel=130158,https://img.travel.rakuten.co.jp/image/tr/api/re/gJNfM/?f_hotel_no=130158,てんねんおんせん　そでみなとのゆ　どーみーいんぷれみあむはかた・きゃなるしてぃまえ,★全室スマートテレビ導入★キャナルシティ近く、櫛田神社駅目の前の好立地！自慢の大浴場＆サウナで免疫力を高めよう！,9450,120914.42,469492.64,812-0038,福岡県,福岡市博多区祇園町9-1,092-272-5489,092-282-6670,■ＪＲ博多駅博多口より徒歩10分　■地下鉄櫛田神社前駅7番出口より徒歩1分,先着順・1泊2000円・高さ2ｍ 車幅：1.85ｍ ※サイズ内でも形状により入庫不可の場合有,中洲川端,https://img.travel.rakuten.co.jp/share/HOTEL/130158/130158.jpg,https://img.travel.rakuten.co.jp/HIMG/90/130158.jpg,https://img.travel.rakuten.co.jp/share/HOTEL/130158/130158_bth.jpg,https://img.travel.rakuten.co.jp/HIMG/INTERIOR/130158.jpg,https://img.travel.rakuten.co.jp/share/HOTEL/130158/130158map.gif,1659.0,4.46,"知名度安定安心のドーミーで今回はプレミアムで温泉!!部屋も清潔、トイレとシャワーが別で気分も利用しやすい、設備満足、ベッ…　2026-09-29 09:21:34投稿 <a href=""https://img.travel.rakuten.co.jp/image/tr/api/re/gJNfM/?f_hotel_no=130158"" class=""3click"">つづきはこちら</a>",tn,◇禁煙コンパクトツインルーム◇天然温泉大浴場サウナ完備！,3151303.0,【大浴場×サウナでととのう！】ドーミーインスタンダードプラン!!＜素泊まり＞,1,0,0,0,0,1,https://img.travel.rakuten.co.jp/image/tr/api/re/IdsCY/?f_no=130158&f_syu=tn&f_hi1=2026-10-17&f_hi2=2026-10-18&f_heya_su=1&f_otona_su=1&f_s1=0&f_s2=0&f_y1=0&f_y2=0&f_y3=0&f_y4=0&f_camp_id=3151303,0,2026-10-17,49350,49350,0,2026-10-17,fukuoka
8287,デュークスホテル博多,https://img.travel.rakuten.co.jp/image/tr/api/re/pvonD/?f_no=8287,https://img.travel.rakuten.co.jp/image/tr/api/re/vFumt/?f_no=8287&f_flg=PLAN,https://img.travel.rakuten.co.jp/image/tr/api/re/WzozX/?noTomariHotel=8287,https://img.travel.rakuten.co.jp/image/tr/api/re/gJNfM/?f_hotel_no=8287,でゅーくすほてる　はかた,★博多駅（博多口）より徒歩約2分とアクセス抜群★福岡空港から2駅★,7475,120911.7,469510.79,812-0011,福岡県,福岡市博多区博多駅前2-3-9,092-472-1800,092-472-1900,■JR博多駅（博多口）より徒歩約2分■福岡空港より地下鉄博多駅まで２駅（所要時間約５分）■キャナルシティまで徒歩約5分■,近隣の契約駐車場　(予約不可)　￥2000/17時間(税込み)　屋根有　ハイルーフ可,博多,https://img.travel.rakuten.co.jp/share/HOTEL/8287/8287.jpg,https://img.travel.rakuten.co.jp/HIMG/90/8287.jpg,https://img.travel.rakuten.co.jp/share/HOTEL/8287/8287_room.jpg,https://img.travel.rakuten.co.jp/HIMG/INTERIOR/8287.jpg,https://img.travel.rakuten.co.jp/share/HOTEL/8287/8287map.gif,4540.0,3.91,,sck,■ シングル《15.8平米◇ベッド幅140cm》 【禁煙】■,6503860.0,【楽天限定！返金不可プラン】15％OFF＆ポイント10％☆素泊り☆一番お得／キャンセル・変更不可,10,0,0,0,0,2,https://img.travel.rakuten.co.jp/image/tr/api/re/IdsCY/?f_no=8287&f_syu=sck&f_hi1=2026-10-17&f_hi2=2026-10-18&f_heya_su=1&f_otona_su=1&f_s1=0&f_s2=0&f_y1=0&f_y2=0&f_y3=0&f_y4=0&f_camp_id=6503860,0,2026-10-17,29705,29705,1,2026-10-17,fukuoka
55452,アコードホテル,https://img.travel.rakuten.co.jp/image/tr/api/re/pvonD/?f_no=55452,https://img.travel.rakuten.co.jp/image/tr/api/re/vFumt/?f_no=55452&f_flg=PLAN,https://img.travel.rakuten.co.jp/image/tr/api/re/WzozX/?noTomariHotel=55452,https://img.travel.rakuten.co.jp/image/tr/api/re/gJNfM/?f_hotel_no=55452,あこーどほてる,★博多駅から車で無料送迎♪（22時迄）★＋９％ポイント対象★博多駅徒歩8分★wifi完備★,3800,120902.32,469502.29,812-0011,福岡県,福岡市博多区博多駅前3-11-20,092-434-1850,092-434-1889,博多駅から徒歩８分（駅から車で無料送迎（15時～22時迄）★キャナルシティ徒歩5分/九州一の繁華街「中洲」徒歩10分,※駐車場はありません。周辺のコインパーキングをご利用下さい。（割引サービスなどはありません）,博多,https://img.travel.rakuten.co.jp/share/HOTEL/55452/55452.jpg,https://img.travel.rakuten.co.jp/HIMG/90/55452.jpg,https://img.travel.rakuten.co.jp/share/HOTEL/55452/55452_wa.jpg,https://img.travel.rakuten.co.jp/HIMG/INTERIOR/55452.jpg,https://img.travel.rakuten.co.jp/share/HOTEL/55452/55452map.gif,1320.0,3.87,"ノックし続けていた観光客の方の怒っている声とノックの音が自室の中で響く事態に。…　2026-10-09 00:20:15投稿 <a href=""https://img.travel.rakuten.co.jp/image/tr/api/re/gJNfM/?f_hotel_no=55452"" class=""3click"">つづきはこちら</a>",sn,禁煙 シングル,3592604.0,素泊まりプラン,1,0,0,0,0,1,https://img.travel.rakuten.co.jp/image/tr/api/re/IdsCY/?f_no=55452&f_syu=sn&f_hi1=2026-10-17&f_hi2=2026-10-18&f_heya_su=1&f_otona_su=1&f_s1=0&f_s2=0&f_y1=0&f_y2=0&f_y3=0&f_y4=0&f_camp_id=3592604,0,2026-10-17,23500,23500,0,2026-10-17,fukuoka
16445,リッチモンドホテル博多駅前,https://img.travel.rakuten.co.jp/image/tr/api/re/pvonD/?f_no=16445,https://img.travel.rakuten.co.jp/image/tr/api/re/vFumt/?f_no=16445&f_flg=PLAN,https://img.travel.rakuten.co.jp/image/tr/api/re/WzozX/?noTomariHotel=16445,https://img.travel.rakuten.co.jp/image/tr/api/re/gJNfM/?f_hotel_no=16445,りっちもんど　はかたえきまえ,◇広い客室、デスク、明るい照明、WiFi無料。JR「博多駅」筑紫口より徒歩約4分。地下鉄「福岡空港駅」より約5分。,6655,120905.83,469527.62,812-0012,福岡県,福岡市博多区博多駅中央街6-17,092-433-0011,092-433-0166,JR「博多駅」筑紫口より徒歩約4分／地下鉄「博多駅」東5番出口より徒歩約3分(福岡空港からは後方の車両へ),立体駐車場　1泊1500　車高1.5ｍ・長さ5ｍ・車幅1.85ｍ　提携駐車場　有　,博多,https://img.travel.rakuten.co.jp/share/HOTEL/16445/16445.jpg,https://img.travel.rakuten.co.jp/HIMG/90/16445.jpg,https://img.travel.rakuten.co.jp/share/HOTEL/16445/16445_sd.jpg,https://img.travel.rakuten.co.jp/HIMG/INTERIOR/16445.jpg,https://img.travel.rakuten.co.jp/share/HOTEL/16445/16445map.gif,6286.0,4.2,"立地は最高でした。　2026-10-05 16:18:30投稿 <a href=""https://img.travel.rakuten.co.jp/image/tr/api/re/gJNfM/?f_hotel_no=16445"" class=""3click"">つづきはこちら</a>",vsn,禁煙シングル（ベッド140cm/18平米）大人1名・添寝1名,5153721.0,21時から最大12時間滞在【素泊まり】翌日9時チェックアウト　ショートステイ,1,0,0,0,0,1,https://img.travel.rakuten.co.jp/image/tr/api/re/IdsCY/?f_no=16445&f_syu=vsn&f_hi1=2026-10-17&f_hi2=2026-10-18&f_heya_su=1&f_otona_su=1&f_s1=0&f_s2=0&f_y1=0&f_y2=0&f_y3=0&f_y4=0&f_camp_id=5153721,0,2026-10-17,30910,30910,0,2026-10-17,fukuoka
70283,ｔｈｅ　ｂ　博多（ザビー　はかた）,https://img.travel.rakuten.co.jp/image/tr/api/re/pvonD/?f_no=70283,https://img.travel.rakuten.co.jp/image/tr/api/re/vFumt/?f_no=70283&f_flg=PLAN,https://img.travel.rakuten.co.jp/image/tr/api/re/WzozX/?noTomariHotel=70283,https://img.travel.rakuten.co.jp/image/tr/api/re/gJNfM/?f_hotel_no=70283,ざびーはかた, ドーナツなどの軽食「トッテッテ」＆コーヒー無料☆朝食は地元の食材を使った和洋ブッフェをご用意！,6375,120901.23,469531.47,812-0016,福岡県,福岡市博多区博多駅南1-3-9,092-415-3333,092-483-1555,JR「博多駅」筑紫口・地下鉄「博多駅」東5出口より徒歩4分。福岡空港より地下鉄博多駅まで約5分,"駐車場3台有 完全予約制 1泊1,500円。電話予約のみ承ります。必ず事前にお電話ください。",博多,https://img.travel.rakuten.co.jp/share/HOTEL/70283/70283.jpg,https://img.travel.rakuten.co.jp/HIMG/90/70283.jpg,https://img.travel.rakuten.co.jp/share/HOTEL/70283/70283_si.jpg,https://img.travel.rakuten.co.jp/HIMG/INTERIOR/70283.jpg,https://img.travel.rakuten.co.jp/share/HOTEL/70283/70283map.gif,2693.0,4.0,"夕方の軽食サービスはサービス時間内でも無くなることがあるので早めに手…　2026-10-08 20:26:06投稿 <a href=""https://img.travel.rakuten.co.jp/image/tr/api/re/gJNfM/?f_hotel_no=70283"" class=""3click"">つづきはこちら</a>",ns1,シングル【禁煙】（15平米・140cm幅ベッド）,4916885.0,【返金不可割引】【素泊まり】予定が決まっている方におすすめ！急な出張やおでかけにも◇直前予約OK！,1,0,0,0,0,2,https://img.travel.rakuten.co.jp/image/tr/api/re/IdsCY/?f_no=70283&f_syu=ns1&f_hi1=2026-10-17&f_hi2=2026-10-18&f_heya_su=1&f_otona_su=1&f_s1=0&f_s2=0&f_y1=0&f_y2=0&f_y3=0&f_y4=0&f_camp_id=4916885,0,2026-10-17,38500,38500,0,2026-10-17,fukuoka
5012,天然温泉　八百治の湯　八百治博多ホテル,https://img.travel.rakuten.co.jp/image/tr/api/re/pvonD/?f_no=5012,https://img.travel.rakuten.co.jp/image/tr/api/re/vFumt/?f_no=5012&f_flg=PLAN,https://img.travel.rakuten.co.jp/image/tr/api/re/WzozX/?noTomariHotel=5012,https://img.travel.rakuten.co.jp/image/tr/api/re/gJNfM/?f_hotel_no=5012,てんねんおんせん　やおじのゆ　やおじはかたほてる,博多駅徒歩5分♪　★2019年7月天然温泉大浴場リニューアル★Wi-Fi無料＆加湿機能付空気清浄機完備♪,7450,120897.28,469511.51,812-0011,福岡県,福岡市博多区博多駅前4-9-2,092-483-5111,092-483-5123,博多駅博多口より徒歩５分（福岡空港から博多駅まで地下鉄で５分。）,"契約駐車場　1,500円（税込）/14時〜翌日14時",博多,https://img.travel.rakuten.co.jp/share/HOTEL/5012/5012.jpg,https://img.travel.rakuten.co.jp/HIMG/90/5012.jpg,https://img.travel.rakuten.co.jp/share/HOTEL/5012/5012_sgl.jpg,https://img.travel.rakuten.co.jp/HIMG/INTERIOR/5012.jpg,https://img.travel.rakuten.co.jp/share/HOTEL/5012/5012map.gif,4598.0,4.2,,asns,シングル○禁煙ベッド幅１２０cm（１ベッド）,4363682.0,シンプルステイ☆,1,0,0,0,0,1,https://img.travel.rakuten.co.jp/image/tr/api/re/IdsCY/?f_no=5012&f_syu=asns&f_hi1=2026-10-17&f_hi2=2026-10-18&f_heya_su=1&f_otona_su=1&f_s1=0&f_s2=0&f_y1=0&f_y2=0&f_y3=0&f_y4=0&f_camp_id=4363682,0,2026-10-17,39900,39900,0,2026-10-17,fukuoka
11007,サウナ・カプセル　ウェルビー福岡,https://img.travel.rakuten.co.jp/image/tr/api/re/pvonD/?f_no=11007,https://img.travel.rakuten.co.jp/image/tr/api/re/vFumt/?f_no=11007&f_flg=PLAN,,https://img.travel.rakuten.co.jp/image/tr/api/re/gJNfM/?f_hotel_no=11007,さうな・かぷせる　うぇるびーふくおか,2024年11月に改装リニューアル！！サウナ、湯舟入り放題♪　館内無料Wi-Fi対応！アメニティ、朝食も無料です♪,6000,120917.52,469487.66,812-0038,福岡県,福岡市博多区祇園町8-12ロータリー大和2F,092-291-1009,092-291-1156,地下鉄「櫛田神社前駅」より徒歩30秒 / 「博多駅」博多口より徒歩10分,「シーサーパーキング」…400円分サービス。,博多,https://img.travel.rakuten.co.jp/share/HOTEL/11007/11007.jpg,https://img.travel.rakuten.co.jp/HIMG/90/11007.jpg,https://img.travel.rakuten.co.jp/share/HOTEL/11007/11007_heya.jpg,https://img.travel.rakuten.co.jp/HIMG/INTERIOR/11007.jpg,https://img.travel.rakuten.co.jp/share/HOTEL/11007/11007map.gif,2321.0,4.14,,zcp,【カプセルルーム・上段】（男性専用）,2251496.0,SAUNAでととのうカプセルプラン【男性専用】,1,0,0,1,0,1,https://img.travel.rakuten.co.jp/image/tr/api/re/IdsCY/?f_no=11007&f_syu=zcp&f_hi1=2026-10-17&f_hi2=2026-10-18&f_heya_su=1&f_otona_su=1&f_s1=0&f_s2=0&f_y1=0&f_y2=0&f_y3=0&f_y4=0&f_camp_id=2251496,0,2026-10-17,6000,6000,1,2026-10-17,fukuoka
161262,ＫＯＫＯ　ＨＯＴＥＬ　博多新幹線口,https://img.travel.rakuten.co.jp/image/tr/api/re/pvonD/?f_no=161262,https://img.travel.rakuten.co.jp/image/tr/api/re/vFumt/?f_no=161262&f_flg=PLAN,https://img.travel.rakuten.co.jp/image/tr/api/re/WzozX/?noTomariHotel=161262,https://img.travel.rakuten.co.jp/image/tr/api/re/gJNfM/?f_hotel_no=161262,ここほてる　はかたしんかんせんぐち,コーヒーサービス刷新！美味しいトラジャブレンドをご堪能下さい。無料軽朝食＆大浴場完備で快適ステイ♪,4950,120912.39,469536.44,812-0013,福岡県,福岡市博多区博多駅東1-17-17,0924310111,0924310115,JR博多駅より徒歩4分。地下鉄空港線博多駅 東6出口より徒歩2分。都市高速博多駅東ICまで1分！,提携駐車場有　里馨(リカ)パーキング(24時間1500円の駐車券をフロント販売、当館から徒歩3分）,博多,https://img.travel.rakuten.co.jp/share/HOTEL/161262/161262.jpg,https://img.travel.rakuten.co.jp/HIMG/90/161262.jpg,https://img.travel.rakuten.co.jp/share/HOTEL/161262/161262_kan1.jpg,https://img.travel.rakuten.co.jp/HIMG/INTERIOR/161262.jpg,https://img.travel.rakuten.co.jp/share/HOTEL/161262/161262map.gif,344.0,4.0,"美味しいコー…　2026-10-05 18:19:14投稿 <a href=""https://img.travel.rakuten.co.jp/image/tr/api/re/gJNfM/?f_hotel_no=161262"" class=""3click"">つづきはこちら</a>",single,【全室禁煙】シングルルーム（１２平米、ベッド幅１４０ｃｍ）,5795805.0,【タイムセール】博多のご旅行にぜひ！JR博多駅（筑紫口）より徒歩4分／大浴場・無料軽朝食あり,1,0,0,0,0,1,https://img.travel.rakuten.co.jp/image/tr/api/re/IdsCY/?f_no=161262&f_syu=single&f_hi1=2026-10-17&f_hi2=2026-10-18&f_heya_su=1&f_otona_su=1&f_s1=0&f_s2=0&f_y1=0&f_y2=0&f_y3=0&f_y4=0&f_camp_id=5795805,0,2026-10-17,34000,34000,0,2026-10-17,fukuoka
65439,博多天然温泉「旅人の湯」ホテルルートイン博多駅前　－博多口－,https://img.travel.rakuten.co.jp/image/tr/api/re/pvonD/?f_no=65439,https://img.travel.rakuten.co.jp/image/tr/api/re/vFumt/?f_no=65439&f_flg=PLAN,https://img.travel.rakuten.co.jp/image/tr/api/re/WzozX/?noTomariHotel=65439,https://img.travel.rakuten.co.jp/image/tr/api/re/gJNfM/?f_hotel_no=65439,はかたてんねんおんせん  たびびとのゆ　ほてるるーといんはかたえきまえ　はかたぐち,ＷＯＷＯＷ全室で無料視聴可！◆天然温泉大浴場・朝食無料◆加湿空気清浄機・LAN回線・wi-fi・ルームシアター全室完備◆,8300,120917.65,469516.19,812-0011,福岡県,福岡市博多区博多駅前1-1-20,092-477-8885,092-477-8989,JR博多駅より徒歩3分(博多口右のバスターミナル前)／福岡空港より地下鉄約10分／福岡都市高速呉服町ランプより車で約５分,《先着順でのご案内》　1500円（税込）／泊　　26台（普通車6台、ハイルーフ対応20台）　　,博多,https://img.travel.rakuten.co.jp/share/HOTEL/65439/65439.jpg,https://img.travel.rakuten.co.jp/HIMG/90/65439.jpg,,,https://img.travel.rakuten.co.jp/share/HOTEL/65439/65439map.gif,3296.0,3.97,"ゆっくりできました。　2026-10-06 20:22:53投稿 <a href=""https://img.travel.rakuten.co.jp/image/tr/api/re/gJNfM/?f_hotel_no=65439"" class=""3click"">つづきはこちら</a>",ntw,--- ◇禁煙◇ ツインルーム ---,1471325.0,スタンダードプラン『30品目以上の和洋バイキング朝食無料宣言！』wi-fi完備★天然温泉でリラックス,1,0,0,1,0,1,https://img.travel.rakuten.co.jp/image/tr/api/re/IdsCY/?f_no=65439&f_syu=ntw&f_hi1=2026-10-17&f_hi2=2026-10-18&f_heya_su=1&f_otona_su=1&f_s1=0&f_s2=0&f_y1=0&f_y2=0&f_y3=0&f_y4=0&f_camp_id=1471325,0,2026-10-17,39200,39200,0,2026-10-17,fukuoka
173092,ダイワロイネットホテル博多冷泉　ＰＲＥＭＩＥＲ,https://img.travel.rakuten.co.jp/image/tr/api/re/pvonD/?f_no=173092,https://img.travel.rakuten.co.jp/image/tr/api/re/vFumt/?f_no=173092&f_flg=PLAN,https://img.travel.rakuten.co.jp/image/tr/api/re/WzozX/?noTomariHotel=173092,https://img.travel.rakuten.co.jp/image/tr/api/re/gJNfM/?f_hotel_no=173092,だいわろいねっとほてるはかたれいせん　ぷれみあ,2025年4月朝食リニューアル♪ReFaルームあり★全室21㎡以上バス・トイレ別セミセパレート,8664,120923.83,469492.72,812-0039,福岡県,福岡市博多区冷泉町2-7,092-409-4755,092-409-4756,福岡空港から地下鉄祇園駅まで7分。祇園駅2番出口徒歩約3分。櫛田神社前駅徒歩約５分。,"敷地内立体駐車場。7時〜21時の入庫にて先着順。1泊2,000円",祇園（福岡）,https://img.travel.rakuten.co.jp/share/HOTEL/173092/173092.jpg,https://img.travel.rakuten.co.jp/HIMG/90/173092.jpg,https://img.travel.rakuten.co.jp/share/HOTEL/173092/173092_kan1.jpg,https://img.travel.rakuten.co.jp/HIMG/INTERIOR/173092.jpg,https://img.travel.rakuten.co.jp/share/HOTEL/173092/173092map.gif,666.0,4.41,"コンビニ近いし、バス停、地下鉄近いし、キレイだし、ホントに、気に入りました！！　2026-09-23 23:05:48投稿 <a href=""https://img.travel.rakuten.co.jp/image/tr/api/re/gJNfM/?f_hotel_no=173092"" class=""3click"">つづきはこちら</a>",sds1,【喫煙】スタンダードダブルルーム1名様利用,6460692.0,【グループ新規開業記念】期間限定プラン【素泊まり/シンプルステイプラン】,1,0,0,0,0,1,https://img.travel.rakuten.co.jp/image/tr/api/re/IdsCY/?f_no=173092&f_syu=sds1&f_hi1=2026-10-17&f_hi2=2026-10-18&f_heya_su=1&f_otona_su=1&f_s1=0&f_s2=0&f_y1=0&f_y2=0&f_y3=0&f_y4=0&f_camp_id=6460692,0,2026-10-17,49875,49875,0,2026-10-17,fukuoka
184617,Ｇｒａｎｄ　Ｅｍｐｉｒｅ　Ｈｏｔｅｌ（グランドエンパイアホテル）,https://img.travel.rakuten.co.jp/image/tr/api/re/pvonD/?f_no=184617,https://img.travel.rakuten.co.jp/image/tr/api/re/vFumt/?f_no=184617&f_flg=PLAN,https://img.travel.rakuten.co.jp/image/tr/api/re/WzozX/?noTomariHotel=184617,https://img.travel.rakuten.co.jp/image/tr/api/re/gJNfM/?f_hotel_no=184617,ぐらんどえんぱいあほてる,【駐車場無料】【全室43㎡以上】【全室禁煙】上質さにこだわった空間でごゆっくりお寛ぎください。,8910,120631.04,469738.41,816-0956,福岡県,大野城市南大利2-1-23,092-596-6363,092-596-7964,JR大野城駅よりお車で５分／西鉄下大利駅よりお車で５分／太宰府I.Cよりお車で約１０分／キッザニア福岡までお車で約２５分,有り　90台　無料　★２４時間入出庫可★　※満車の場合は臨時駐車場へご案内いたします,大野城,https://img.travel.rakuten.co.jp/share/HOTEL/184617/184617.jpg,https://img.travel.rakuten.co.jp/HIMG/90/184617.jpg,,,https://img.travel.rakuten.co.jp/share/HOTEL/184617/184617map.gif,710.0,4.67,"また家族で必ず利用させていた…　2026-10-07 21:19:53投稿 <a href=""https://img.travel.rakuten.co.jp/image/tr/api/re/gJNfM/?f_hotel_no=184617"" class=""3click"">つづきはこちら</a>",geh181023,エンパイアツイン,6415307.0,【返金不可】【事前決済】スタンダードプラン（素泊まり）,1,0,0,0,0,2,https://img.travel.rakuten.co.jp/image/tr/api/re/IdsCY/?f_no=184617&f_syu=geh181023&f_hi1=2026-10-17&f_hi2=2026-10-18&f_heya_su=1&f_otona_su=1&f_s1=0&f_s2=0&f_y1=0&f_y2=0&f_y3=0&f_y4=0&f_camp_id=6415307,0,2026-10-17,32395,32395,0,2026-10-17,fukuoka
180583,ホテル・トリフィート博多祇園,https://img.travel.rakuten.co.jp/image/tr/api/re/pvonD/?f_no=180583,https://img.travel.rakuten.co.jp/image/tr/api/re/vFumt/?f_no=180583&f_flg=PLAN,https://img.travel.rakuten.co.jp/image/tr/api/re/WzozX/?noTomariHotel=180583,https://img.travel.rakuten.co.jp/image/tr/api/re/gJNfM/?f_hotel_no=180583,ほてるとりふぃーとはかたぎおん,■【大浴場】完備■地下鉄「祇園駅」徒歩5分■中洲・博多、徒歩圏内■「マリンメッセ」までバス7分■未就学児の添い寝「無料」,5450,120929.81,469487.18,812-0039,福岡県,福岡市博多区冷泉町8-24,092-283-7060,092-283-7061,■地下鉄「祇園駅」徒歩5分■西鉄バス停「奥の堂」徒歩3分■福岡空港 地下鉄利用で最短15分■マリンメッセまでバスで7分,有り（屋外/高さ制限無し）　7台　1980円（税込み/泊）　先着順（事前予約不可）,祇園（福岡）,https://img.travel.rakuten.co.jp/share/HOTEL/180583/180583.jpg,https://img.travel.rakuten.co.jp/HIMG/90/180583.jpg,,,https://img.travel.rakuten.co.jp/share/HOTEL/180583/180583map.gif,814.0,4.15,"朝食が美味しかったです　2026-09-26 20:38:53投稿 <a href=""https://img.travel.rakuten.co.jp/image/tr/api/re/gJNfM/?f_hotel_no=180583"" class=""3click"">つづきはこちら</a>",dbl,ダブルルーム / 160cm幅のクイーンベッドを使用,5451527.0,【0の付く日限定！24時間タイムセール】当館最安40％オフ！素泊り【事前決済・返金不可】,1,0,0,0,0,2,https://img.travel.rakuten.co.jp/image/tr/api/re/IdsCY/?f_no=180583&f_syu=dbl&f_hi1=2026-10-17&f_hi2=2026-10-18&f_heya_su=1&f_otona_su=1&f_s1=0&f_s2=0&f_y1=0&f_y2=0&f_y3=0&f_y4=0&f_camp_id=5451527,0,2026-10-17,30420,30420,0,2026-10-17,fukuoka
29211,コンフォートホテル博多,https://img.travel.rakuten.co.jp/image/tr/api/re/pvonD/?f_no=29211,https://img.travel.rakuten.co.jp/image/tr/api/re/vFumt/?f_no=29211&f_flg=PLAN,https://img.travel.rakuten.co.jp/image/tr/api/re/WzozX/?noTomariHotel=29211,https://img.travel.rakuten.co.jp/image/tr/api/re/gJNfM/?f_hotel_no=29211,こんふぉーとほてる　はかた,日替わりスムージーが人気★無料朝食サービスがイチオシのコスパ最強ホテル◆博多駅西8出口徒歩1分◆小学6年生まで添い寝無料,6600,120915.44,469513.14,812-0011,福岡県,福岡市博多区博多駅前2-1-1,092-431-1211,092-431-8015,新幹線・JR在来線・地下鉄博多駅 博多口から徒歩１分◆福岡空港から地下鉄で約６分◆天神から地下鉄で約１５分◆,"提携駐車場2,000円/泊（入庫から17時間）※高さ制限2.1ｍ◆フロントにて清算、駐車券必要",博多,https://img.travel.rakuten.co.jp/share/HOTEL/29211/29211.jpg,https://img.travel.rakuten.co.jp/HIMG/90/29211.jpg,https://img.travel.rakuten.co.jp/share/HOTEL/29211/29211_s.jpg,https://img.travel.rakuten.co.jp/HIMG/INTERIOR/29211.jpg,https://img.travel.rakuten.co.jp/share/HOTEL/29211/29211map.gif,9606.0,3.72,"博多駅の目の前に立地しているので、JUJUのコンサート（福岡サンパレス）、中州、屋台、天神、太宰府天満宮、志賀島ドライブや呉港などの観光を、ここを拠点にとても便利に楽しめました。チェックイン前後もスー…　2026-10-05 13:29:44投稿 <a href=""https://img.travel.rakuten.co.jp/image/tr/api/re/gJNfM/?f_hotel_no=29211"" class=""3click"">つづきはこちら</a>",nde,１ベッド◆ダブルエコノミー◆ ＜禁煙＞,4591629.0,※【 変動料金 】 Flexible rate◆朝食無料サービス◆,1,0,0,1,0,1,https://img.travel.rakuten.co.jp/image/tr/api/re/IdsCY/?f_no=29211&f_syu=nde&f_hi1=2026-10-17&f_hi2=2026-10-18&f_heya_su=1&f_otona_su=1&f_s1=0&f_s2=0&f_y1=0&f_y2=0&f_y3=0&f_y4=0&f_camp_id=4591629,0,2026-10-17,30000,30000,0,2026-10-17,fukuoka
7649,南福岡グリーンホテル,https://img.travel.rakuten.co.jp/image/tr/api/re/pvonD/?f_no=7649,https://img.travel.rakuten.co.jp/image/tr/api/re/vFumt/?f_no=7649&f_flg=PLAN,https://img.travel.rakuten.co.jp/image/tr/api/re/WzozX/?noTomariHotel=7649,https://img.travel.rakuten.co.jp/image/tr/api/re/gJNfM/?f_hotel_no=7649,みなみふくおか　ぐりーんほてる,JR南福岡駅より徒歩2分、西鉄雑餉隈駅より徒歩7分。両駅とも徒歩圏内で交通アクセス良好。全室無線LAN、空気清浄器完備。,3800,120744.18,469670.99,812-0884,福岡県,福岡市博多区寿町3-5-13,092-593-0007,092-592-5355,博多駅から三つ目のＪＲ南福岡駅から徒歩2分　西鉄雑餉隈駅から徒歩7分　福岡空港から車で20分,60台収容。14時〜翌11時迄は出し入れ可。（高さ制限2m）,南福岡,https://img.travel.rakuten.co.jp/share/HOTEL/7649/7649.jpg,https://img.travel.rakuten.co.jp/HIMG/90/7649.jpg,https://img.travel.rakuten.co.jp/share/HOTEL/7649/7649_lob.jpg,https://img.travel.rakuten.co.jp/HIMG/INTERIOR/7649.jpg,https://img.travel.rakuten.co.jp/share/HOTEL/7649/7649map.gif,1017.0,3.7,,s-smo,シングル（喫煙）,6503232.0,【事前カード決済限定】洋食屋べぇ〜る夕食付きプラン_GH◆別棟無料温泉施設,1,1,0,0,0,2,https://img.travel.rakuten.co.jp/image/tr/api/re/IdsCY/?f_no=7649&f_syu=s-smo&f_hi1=2026-10-17&f_hi2=2026-10-18&f_heya_su=1&f_otona_su=1&f_s1=0&f_s2=0&f_y1=0&f_y2=0&f_y3=0&f_y4=0&f_camp_id=6503232,0,2026-10-17,22000,22000,0,2026-10-17,fukuoka
198463,バウンシー・バイ・リーガ　福岡博多（リーガロイヤルホテルグループ）（２０２６年９月１日オープン）,https://img.travel.rakuten.co.jp/image/tr/api/re/pvonD/?f_no=198463,https://img.travel.rakuten.co.jp/image/tr/api/re/vFumt/?f_no=198463&f_flg=PLAN,https://img.travel.rakuten.co.jp/image/tr/api/re/WzozX/?noTomariHotel=198463,https://img.travel.rakuten.co.jp/image/tr/api/re/gJNfM/?f_hotel_no=198463,ばうんしー・ばい・りーが　ふくおかはかた,「HOTEL BAR」をテーマに、リラックスした雰囲気の中でお酒と会話を愉しむライフスタイルホテル,8854,120914.8,469495.09,812-0038,福岡県,福岡市博多区祇園町5-1,092-292-1411,092-291-2141,福岡市地下鉄「櫛田神社前」駅徒歩すぐ、JR「博多」駅より徒歩約10分,なし,博多,https://img.travel.rakuten.co.jp/share/HOTEL/198463/198463.jpg,https://img.travel.rakuten.co.jp/HIMG/90/198463.jpg,,,https://img.travel.rakuten.co.jp/share/HOTEL/198463/198463map.gif,25.0,4.28,"オープンして1ヶ月ほどということでとても綺麗で立地もすごく良かったのでまた泊まりたいです。シャワーとトイレが別なのがとても良かったです。　2026-10-04 16:59:10投稿 <a href=""https://img.travel.rakuten.co.jp/image/tr/api/re/gJNfM/?f_hotel_no=198463"" class=""3click"">つづきはこちら</a>",t1,ツイン18平米,6625782.0,【直前割】スペシャルプライスプラン《素泊まり》,1,0,0,0,0,1,https://img.travel.rakuten.co.jp/image/tr/api/re/IdsCY/?f_no=198463&f_syu=t1&f_hi1=2026-10-17&f_hi2=2026-10-18&f_heya_su=1&f_otona_su=1&f_s1=0&f_s2=0&f_y1=0&f_y2=0&f_y3=0&f_y4=0&f_camp_id=6625782,0,2026-10-17,53723,53723,0,2026-10-17,fukuoka
345,ＡＮＡクラウンプラザホテル福岡　ｂｙ　ＩＨＧ,https://img.travel.rakuten.co.jp/image/tr/api/re/pvonD/?f_no=345,https://img.travel.rakuten.co.jp/image/tr/api/re/vFumt/?f_no=345&f_flg=PLAN,https://img.travel.rakuten.co.jp/image/tr/api/re/WzozX/?noTomariHotel=345,https://img.travel.rakuten.co.jp/image/tr/api/re/gJNfM/?f_hotel_no=345,えーえぬえー　クラウンプラザホテルフクオカ,福岡でのビジネス、観光の拠点として、安心で快適なラグジュアリー空間をご提供し、博多のコトを最もよく知るホテルのひとつです,12785,120902.68,469512.25,812-0011,福岡県,福岡市博多区博多駅前3-3-3,092-471-7111,092-471-1109,■ＪＲ博多駅【博多口】より徒歩約5分　■福岡空港国内線ターミナルより車で約15分,"地下に屋内駐車場あり（98台）　1泊1,600円（高さ制限2M・先着順・ 24時間入出庫可）",博多,https://img.travel.rakuten.co.jp/share/HOTEL/345/345.jpg,https://img.travel.rakuten.co.jp/HIMG/90/345.jpg,https://img.travel.rakuten.co.jp/share/HOTEL/345/345_room.jpg,https://img.travel.rakuten.co.jp/HIMG/INTERIOR/345.jpg,https://img.travel.rakuten.co.jp/share/HOTEL/345/345map.gif,2439.0,4.4,"朝食、9時半に行ったら、ガンガン片付けてられてて、食べるものなかった。声を掛けられることなく、オムレツ一つ食べただけだった。。　2026-09-22 14:39:47投稿 <a href=""https://img.travel.rakuten.co.jp/image/tr/api/re/gJNfM/?f_hotel_no=345"" class=""3click"">つづきはこちら</a>",osin,スタンダードシングルルーム【禁煙】15平米,5731445.0,◆7日前までのご予約でお得◆ JR博多駅博多口より徒歩5分の好立地！〜素泊り〜　事前決済／返金不可,1,0,0,0,0,2,https://img.travel.rakuten.co.jp/image/tr/api/re/IdsCY/?f_no=345&f_syu=osin&f_hi1=2026-10-17&f_hi2=2026-10-18&f_heya_su=1&f_otona_su=1&f_s1=0&f_s2=0&f_y1=0&f_y2=0&f_y3=0&f_y4=0&f_camp_id=5731445,0,2026-10-17,46000,46000,0,2026-10-17,fukuoka
181186,ナインアワーズ博多駅,https://img.travel.rakuten.co.jp/image/tr/api/re/pvonD/?f_no=181186,https://img.travel.rakuten.co.jp/image/tr/api/re/vFumt/?f_no=181186&f_flg=PLAN,,https://img.travel.rakuten.co.jp/image/tr/api/re/gJNfM/?f_hotel_no=181186,ないんあわーずはかたえき,博多駅至近にてアクセス良好。展望ラウンジや高速WiFiなどビジネスや観光の拠点としても便利、荷物預かり可能,4190,120908.45,469508.37,812-0011,福岡県,福岡市博多区博多駅前3-22-2,050-1807-3481,092-292-4495,ＪＲ　博多駅より徒歩にて約３分,無し,博多,https://img.travel.rakuten.co.jp/share/HOTEL/181186/181186.jpg,https://img.travel.rakuten.co.jp/HIMG/90/181186.jpg,,,https://img.travel.rakuten.co.jp/share/HOTEL/181186/181186map.gif,490.0,3.81,"立地も博多駅から近いしコスパいいし、また利用したいです！　2026-10-08 21:07:15投稿 <a href=""https://img.travel.rakuten.co.jp/image/tr/api/re/gJNfM/?f_hotel_no=181186"" class=""3click"">つづきはこちら</a>",f02_pax,【女性限定フロア】スリーピングポッド 禁煙（割引）,5916509.0,返金不可・オンライン決済プラン,1,0,0,0,0,2,https://img.travel.rakuten.co.jp/image/tr/api/re/IdsCY/?f_no=181186&f_syu=f02_pax&f_hi1=2026-10-17&f_hi2=2026-10-18&f_heya_su=1&f_otona_su=1&f_s1=0&f_s2=0&f_y1=0&f_y2=0&f_y3=0&f_y4=0&f_camp_id=5916509,0,2026-10-17,19643,19643,0,2026-10-17,fukuoka
160902,スマイルホテル博多駅前,https://img.travel.rakuten.co.jp/image/tr/api/re/pvonD/?f_no=160902,https://img.travel.rakuten.co.jp/image/tr/api/re/vFumt/?f_no=160902&f_flg=PLAN,https://img.travel.rakuten.co.jp/image/tr/api/re/WzozX/?noTomariHotel=160902,https://img.travel.rakuten.co.jp/image/tr/api/re/gJNfM/?f_hotel_no=160902,すまいるほてるはかたえきまえ,博多駅から徒歩6分の好立地！お仕事、観光の後は綺麗なお部屋でごゆっくりお過ごしください♪,5000,120905.23,469508.92,812-0011,福岡県,福岡市博多区博多駅前3-8-18,092-431-1500,092-431-1470,ＪＲ　博多駅博多口より徒歩にて約6分,無し。 ※( 近隣に、コインパーキングおよび一般有料駐車場あり ) バイク、自転車不可。,博多,https://img.travel.rakuten.co.jp/share/HOTEL/160902/160902.jpg,https://img.travel.rakuten.co.jp/HIMG/90/160902.jpg,https://img.travel.rakuten.co.jp/share/HOTEL/160902/160902_kan1.jpg,https://img.travel.rakuten.co.jp/HIMG/INTERIOR/160902.jpg,https://img.travel.rakuten.co.jp/share/HOTEL/160902/160902map.gif,828.0,4.0,"バスタブがよくあるユニットバスより細い感じだったけど、他は何も気になることもなかった。エアコンがカードキーと連動してないヤツだったので、出掛けてるときに部屋を冷やしておけて帰ってきたら快適でよかった。　2026-09-25 08:23:18投稿 <a href=""https://img.travel.rakuten.co.jp/image/tr/api/re/gJNfM/?f_hotel_no=160902"" class=""3click"">つづきはこちら</a>",sn,シングルルーム◆禁煙◆,3904462.0,【直前までご予約OK】スマイル バリューステイプラン（素泊まり）,1,0,0,0,0,1,https://img.travel.rakuten.co.jp/image/tr/api/re/IdsCY/?f_no=160902&f_syu=sn&f_hi1=2026-10-17&f_hi2=2026-10-18&f_heya_su=1&f_otona_su=1&f_s1=0&f_s2=0&f_y1=0&f_y2=0&f_y3=0&f_y4=0&f_camp_id=3904462,0,2026-10-17,29000,29000,0,2026-10-17,fukuoka
130055,サットンホテル博多シティ,https://img.travel.rakuten.co.jp/image/tr/api/re/pvonD/?f_no=130055,https://img.travel.rakuten.co.jp/image/tr/api/re/vFumt/?f_no=130055&f_flg=PLAN,https://img.travel.rakuten.co.jp/image/tr/api/re/WzozX/?noTomariHotel=130055,https://img.travel.rakuten.co.jp/image/tr/api/re/gJNfM/?f_hotel_no=130055,さっとんほてるはかたしてぃ,全室フローリング・無料Wi-fi対応。博多駅･天神･中州･空港どこからでもアクセスが便利。,7645,120899.59,469507.04,812-0011,福岡県,福岡市博多区博多駅前3-4-8,092-433-2305,092-433-2307,ＪＲ博多駅（博多口）地下鉄 西21出口より徒歩約7分,提携駐車場、近隣にコインパーキングあり。1泊1400円（機械式、大きさ制限あり）。,博多,https://img.travel.rakuten.co.jp/share/HOTEL/130055/130055.jpg,https://img.travel.rakuten.co.jp/HIMG/90/130055.jpg,https://img.travel.rakuten.co.jp/share/HOTEL/130055/130055_kya.jpg,https://img.travel.rakuten.co.jp/HIMG/INTERIOR/130055.jpg,https://img.travel.rakuten.co.jp/share/HOTEL/130055/130055map.gif,1687.0,3.82,"水回りがキレイで、博多駅から近く、部屋では十分にスーツケースを広げることができました。ありがとうございました。　2026-09-24 10:50:57投稿 <a href=""https://img.travel.rakuten.co.jp/image/tr/api/re/gJNfM/?f_hotel_no=130055"" class=""3click"">つづきはこちら</a>",dsn0,【禁煙】デラックスシングル 15平米 【ベッド幅140cm】,5922992.0,【朝食付き】人気のバイキング朝食プラン！博多駅徒歩５分！バス停も近くコンサートや会議場へ簡単アクセス,1,0,0,1,0,1,https://img.travel.rakuten.co.jp/image/tr/api/re/IdsCY/?f_no=130055&f_syu=dsn0&f_hi1=2026-10-17&f_hi2=2026-10-18&f_heya_su=1&f_otona_su=1&f_s1=0&f_s2=0&f_y1=0&f_y2=0&f_y3=0&f_y4=0&f_camp_id=5922992,0,2026-10-17,32230,32230,0,2026-10-17,fukuoka
572,グランドハイアット福岡,https://img.travel.rakuten.co.jp/image/tr/api/re/pvonD/?f_no=572,https://img.travel.rakuten.co.jp/image/tr/api/re/vFumt/?f_no=572&f_flg=PLAN,https://img.travel.rakuten.co.jp/image/tr/api/re/WzozX/?noTomariHotel=572,https://img.travel.rakuten.co.jp/image/tr/api/re/gJNfM/?f_hotel_no=572,ぐらんどはいあっとふくおか,キャナルシティ内に位置する、ハイアット最上級ブランドホテル,21758,120910.57,469485.97,812-0018,福岡県,福岡市博多区住吉1-2-82　,092-282-1234,092-282-2817,博多駅から徒歩約10分、天神駅から徒歩約15分。福岡市地下鉄　七隈線「櫛田神社前駅」西改札口を出て2番出口より徒歩3分,"1300台 1泊1,980円（税込） （14:00から翌14:00）",中洲川端,https://img.travel.rakuten.co.jp/share/HOTEL/572/572.jpg,https://img.travel.rakuten.co.jp/HIMG/90/572.jpg,https://img.travel.rakuten.co.jp/share/HOTEL/572/572_a.jpg,https://img.travel.rakuten.co.jp/HIMG/INTERIOR/572.jpg,https://img.travel.rakuten.co.jp/share/HOTEL/572/572map.gif,967.0,4.44,"朝食が美味しかった　2026-08-13 16:59:17投稿 <a href=""https://img.travel.rakuten.co.jp/image/tr/api/re/gJNfM/?f_hotel_no=572"" class=""3click"">つづきはこちら</a>",qgns,【禁煙】クイーン1台（27平米）,6589745.0,【現地決済】Standard room,1,0,0,0,0,0,https://img.travel.rakuten.co.jp/image/tr/api/re/IdsCY/?f_no=572&f_syu=qgns&f_hi1=2026-10-17&f_hi2=2026-10-18&f_heya_su=1&f_otona_su=1&f_s1=0&f_s2=0&f_y1=0&f_y2=0&f_y3=0&f_y4=0&f_camp_id=6589745,0,2026-10-17,83490,83490,0,2026-10-17,fukuoka
183138,ＫＯＫＯ　ＨＯＴＥＬ　Ｐｒｅｍｉｅｒ　博多,https://img.travel.rakuten.co.jp/image/tr/api/re/pvonD/?f_no=183138,https://img.travel.rakuten.co.jp/image/tr/api/re/vFumt/?f_no=183138&f_flg=PLAN,https://img.travel.rakuten.co.jp/image/tr/api/re/WzozX/?noTomariHotel=183138,https://img.travel.rakuten.co.jp/image/tr/api/re/gJNfM/?f_hotel_no=183138,ここ　ほてる　ぷれみあ　はかた,博多駅筑紫口徒歩3分。全室20平米以上の洗練された空間でワンランク上の滞在を,6750,120905.75,469529.98,812-0013,福岡県,福岡市博多区博多駅東2-5-33,092-472-0211,092-472-0212,JR「博多駅」筑紫口より徒歩３分、九州自動車道福岡I・C下車「博多駅東出口」より車で約３分,提携駐車場【里馨(リカ)パーキングセンター】：割引駐車券1泊1500円　※車両制限あり※途中出庫不可,博多,https://img.travel.rakuten.co.jp/share/HOTEL/183138/183138.jpg,https://img.travel.rakuten.co.jp/HIMG/90/183138.jpg,,,https://img.travel.rakuten.co.jp/share/HOTEL/183138/183138map.gif,291.0,4.25,"残念だったのは、バスルームの掃除が甘かった事です。その時も、…　2026-09-20 20:21:03投稿 <a href=""https://img.travel.rakuten.co.jp/image/tr/api/re/gJNfM/?f_hotel_no=183138"" class=""3click"">つづきはこちら</a>",qn,【禁煙】スタンダードクイーン/21平米/160cm幅ベッド,5856722.0,【タイムセール／素泊まり】全部屋２０平米以上で快適なワンランク上のホテルステイ,1,0,0,0,0,1,https://img.travel.rakuten.co.jp/image/tr/api/re/IdsCY/?f_no=183138&f_syu=qn&f_hi1=2026-10-17&f_hi2=2026-10-18&f_heya_su=1&f_otona_su=1&f_s1=0&f_s2=0&f_y1=0&f_y2=0&f_y3=0&f_y4=0&f_camp_id=5856722,0,2026-10-17,44000,44000,0,2026-10-17,fukuoka
168249,ホテルフラトン福岡博多,https://img.travel.rakuten.co.jp/image/tr/api/re/pvonD/?f_no=168249,https://img.travel.rakuten.co.jp/image/tr/api/re/vFumt/?f_no=168249&f_flg=PLAN,https://img.travel.rakuten.co.jp/image/tr/api/re/WzozX/?noTomariHotel=168249,https://img.travel.rakuten.co.jp/image/tr/api/re/gJNfM/?f_hotel_no=168249,ほてるふらとんふくおかはかた,博多駅徒歩４分！シモンズベッド＆フリードリンク特典付き♪17時チェックイン・12時アウト◎,5740,120906.09,469537.3,812-0013,福岡県,福岡市博多区博多駅東2-10-18,092-475-8585,092-433-6600,博多駅筑紫口【新幹線口】徒歩4分の好立地★全室禁煙★福岡空港約15分★地下鉄空港線で福岡空港、天神中洲、ドームへ直★,周囲にコインパーキングが多数　※ホテル前平置／タイムズ福岡合同庁舎／２０時〜８時：５００円：出入不可,博多,https://img.travel.rakuten.co.jp/share/HOTEL/168249/168249.jpg,https://img.travel.rakuten.co.jp/HIMG/90/168249.jpg,,,https://img.travel.rakuten.co.jp/share/HOTEL/168249/168249map.gif,538.0,3.9,"スタッフも笑顔でとても安心できました！お部屋も綺麗で、博多駅からとても近いにも関わらずすごく静かでゆっくり休めました！また利用させてもらいます！　2026-07-29 18:33:30投稿 <a href=""https://img.travel.rakuten.co.jp/image/tr/api/re/gJNfM/?f_hotel_no=168249"" class=""3click"">つづきはこちら</a>",double,禁煙＜シモンズベッド＞ダブルベッドルーム/12時アウト,4301056.0,【素泊まり】博多駅徒歩4分！12時アウト◆全室シモンズ◆フリードリンク◆WiFi完備で快適ステイ,1,0,0,0,0,1,https://img.travel.rakuten.co.jp/image/tr/api/re/IdsCY/?f_no=168249&f_syu=double&f_hi1=2026-10-17&f_hi2=2026-10-18&f_heya_su=1&f_otona_su=1&f_s1=0&f_s2=0&f_y1=0&f_y2=0&f_y3=0&f_y4=0&f_camp_id=4301056,0,2026-10-17,35200,35200,0,2026-10-17,fukuoka
172017,ＨＥＡＲＴＳカプセルホテル＆スパ博多,https://img.travel.rakuten.co.jp/image/tr/api/re/pvonD/?f_no=172017,https://img.travel.rakuten.co.jp/image/tr/api/re/vFumt/?f_no=172017&f_flg=PLAN,,https://img.travel.rakuten.co.jp/image/tr/api/re/gJNfM/?f_hotel_no=172017,はーつかぷせるほてるあんどすぱはかた,【博多駅直結】館内無料wifi・人工温泉（男性サウナ付）・館内カフェ有り,3000,120901.67,469519.27,812-0011,福岡県,福岡市博多区博多駅前4-14-13 ,092-477-9700,,【博多駅直結！！】JR博多駅博多口　地下鉄西１６出口から徒歩３分。HEARTSバスステーション館内にございます。,無,博多,https://img.travel.rakuten.co.jp/share/HOTEL/172017/172017.jpg,https://img.travel.rakuten.co.jp/HIMG/90/172017.jpg,,,https://img.travel.rakuten.co.jp/share/HOTEL/172017/172017map.gif,474.0,3.72,"博多駅からも近いため また福岡に…　2026-10-06 19:06:41投稿 <a href=""https://img.travel.rakuten.co.jp/image/tr/api/re/gJNfM/?f_hotel_no=172017"" class=""3click"">つづきはこちら</a>",2,女性専用（男性不可）,4360017.0,【スタンダードプラン】◆博多駅直結！人工温泉/wifi完備,1,0,0,0,0,1,https://img.travel.rakuten.co.jp/image/tr/api/re/IdsCY/?f_no=172017&f_syu=2&f_hi1=2026-10-17&f_hi2=2026-10-18&f_heya_su=1&f_otona_su=1&f_s1=0&f_s2=0&f_y1=0&f_y2=0&f_y3=0&f_y4=0&f_camp_id=4360017,0,2026-10-17,9900,9900,0,2026-10-17,fukuoka
14811,サンビジネスホテル,https://img.travel.rakuten.co.jp/image/tr/api/re/pvonD/?f_no=14811,https://img.travel.rakuten.co.jp/image/tr/api/re/vFumt/?f_no=14811&f_flg=PLAN,https://img.travel.rakuten.co.jp/image/tr/api/re/WzozX/?noTomariHotel=14811,https://img.travel.rakuten.co.jp/image/tr/api/re/gJNfM/?f_hotel_no=14811,さんびじねすほてる,博多口徒歩2分★心を込めた接客と徹底清掃でお迎え／深夜1～5時施錠,3750,120914.06,469512.02,812-0011,福岡県,福岡市博多区博多駅前2-16-16,092-411-1155,092-411-1215,博多駅博多口から徒歩2分。天神や福岡空港からは、博多駅まで地下鉄で5分とアクセスは最高！,ございません,博多,https://img.travel.rakuten.co.jp/share/HOTEL/14811/14811.jpg,https://img.travel.rakuten.co.jp/HIMG/90/14811.jpg,https://img.travel.rakuten.co.jp/share/HOTEL/14811/14811_s.jpg,https://img.travel.rakuten.co.jp/HIMG/INTERIOR/14811.jpg,https://img.travel.rakuten.co.jp/share/HOTEL/14811/14811map.gif,1406.0,4.09,"丁寧なスタッフの応対、親切スムーズな案内など、大変ありがたく、お世話になりました。客室も綺麗にリニューアルされていて建物が古くても十分満足しました。交通至便、また利用したいです。　2026-10-01 20:12:55投稿 <a href=""https://img.travel.rakuten.co.jp/image/tr/api/re/gJNfM/?f_hotel_no=14811"" class=""3click"">つづきはこちら</a>",g,●喫煙●限定　シングル　ベッド幅122cm きつえん,4605138.0,【返金不可・事前決済限定】博多駅博多口から徒歩2分のお得プラン★夜間施錠1時〜5時★,1,0,0,0,0,2,https://img.travel.rakuten.co.jp/image/tr/api/re/IdsCY/?f_no=14811&f_syu=g&f_hi1=2026-10-17&f_hi2=2026-10-18&f_heya_su=1&f_otona_su=1&f_s1=0&f_s2=0&f_y1=0&f_y2=0&f_y3=0&f_y4=0&f_camp_id=4605138,0,2026-10-17,22800,22800,0,2026-10-17,fukuoka
1620,ザ・ワンファイブマリン福岡,https://img.travel.rakuten.co.jp/image/tr/api/re/pvonD/?f_no=1620,https://img.travel.rakuten.co.jp/image/tr/api/re/vFumt/?f_no=1620&f_flg=PLAN,https://img.travel.rakuten.co.jp/image/tr/api/re/WzozX/?noTomariHotel=1620,https://img.travel.rakuten.co.jp/image/tr/api/re/gJNfM/?f_hotel_no=1620,ざ　わんふぁいぶまりん　ふくおか,福岡国際センターまで徒歩9分、サンパレスまで徒歩11分。マリンメッセ福岡、中洲も徒歩圏内。,2632,120945.17,469465.24,812-0023,福岡県,福岡市博多区奈良屋町10-21,0570-007-779,092-263-0040,福岡市営地下鉄「中洲川端」駅から徒歩8分,駐車場あり(先着順・予約不可)  2000円/ 1泊,中洲川端,https://img.travel.rakuten.co.jp/share/HOTEL/1620/1620.jpg,https://img.travel.rakuten.co.jp/HIMG/90/1620.jpg,https://img.travel.rakuten.co.jp/share/HOTEL/1620/1620_sgl.jpg,https://img.travel.rakuten.co.jp/HIMG/INTERIOR/1620.jpg,https://img.travel.rakuten.co.jp/share/HOTEL/1620/1620map.gif,1555.0,3.67,,d4,ダブル,4711118.0,「ザ・ワンファイブ」ステイ,1,0,0,0,0,1,https://img.travel.rakuten.co.jp/image/tr/api/re/IdsCY/?f_no=1620&f_syu=d4&f_hi1=2026-10-17&f_hi2=2026-10-18&f_heya_su=1&f_otona_su=1&f_s1=0&f_s2=0&f_y1=0&f_y2=0&f_y3=0&f_y4=0&f_camp_id=4711118,0,2026-10-17,22935,22935,0,2026-10-17,fukuoka
172316,三井ガーデンホテル福岡祇園,https://img.travel.rakuten.co.jp/image/tr/api/re/pvonD/?f_no=172316,https://img.travel.rakuten.co.jp/image/tr/api/re/vFumt/?f_no=172316&f_flg=PLAN,https://img.travel.rakuten.co.jp/image/tr/api/re/WzozX/?noTomariHotel=172316,https://img.travel.rakuten.co.jp/image/tr/api/re/gJNfM/?f_hotel_no=172316,みついがーでんほてるふくおかぎおん,博多に育まれた文化が香る、上質な設え。非日常へといざなう最上階大浴場の露天風呂でおくつろぎください。,12285,120914.67,469497.32,812-0011,福岡県,福岡市博多区博多駅前2-8-15,092-414-3131,092-414-3101,ＪＲ　博多駅　博多口より徒歩にて約７分,有り　２８台　２，０００円（税込み／泊）　先着順 　車両制限あり。詳細は公式HPをご覧ください。,博多,https://img.travel.rakuten.co.jp/share/HOTEL/172316/172316.jpg,https://img.travel.rakuten.co.jp/HIMG/90/172316.jpg,,,https://img.travel.rakuten.co.jp/share/HOTEL/172316/172316map.gif,715.0,4.43,"ここを起点に、柳川と太宰府に行きました。　2026-09-23 17:35:21投稿 <a href=""https://img.travel.rakuten.co.jp/image/tr/api/re/gJNfM/?f_hotel_no=172316"" class=""3click"">つづきはこちら</a>",stdd2,スタンダードダブル　【禁煙】,6632765.0,【オータムSALE】ベーシックプラン  ＜素泊り＞ ,1,0,0,0,0,1,https://img.travel.rakuten.co.jp/image/tr/api/re/IdsCY/?f_no=172316&f_syu=stdd2&f_hi1=2026-10-17&f_hi2=2026-10-18&f_heya_su=1&f_otona_su=1&f_s1=0&f_s2=0&f_y1=0&f_y2=0&f_y3=0&f_y4=0&f_camp_id=6632765,0,2026-10-17,56416,56416,0,2026-10-17,fukuoka
167057,ホテルＷＢＦグランデ博多,https://img.travel.rakuten.co.jp/image/tr/api/re/pvonD/?f_no=167057,https://img.travel.rakuten.co.jp/image/tr/api/re/vFumt/?f_no=167057&f_flg=PLAN,https://img.travel.rakuten.co.jp/image/tr/api/re/WzozX/?noTomariHotel=167057,https://img.travel.rakuten.co.jp/image/tr/api/re/gJNfM/?f_hotel_no=167057,ほてるだぶりゅーびーえふぐらんではかた,朝からカットステーキ食べ放題の朝食ビュッフェ！■大浴場完備■博多駅まで徒歩10分,6502,120894.12,469540.41,812-0016,福岡県,福岡市博多区博多駅南2-2-5,092-452-4123,092-452-4124,西鉄バス博多駅筑紫口より駅東三丁目下車 徒歩1分　博多駅筑紫口（新幹線口）より徒歩 約10分　福岡空港より車で約10分,"立体駐車場有 1泊1,500円 15時〜翌11時 高さ1.55m、横幅1.75m迄　先着順・予約不可",博多,https://img.travel.rakuten.co.jp/share/HOTEL/167057/167057.jpg,https://img.travel.rakuten.co.jp/HIMG/90/167057.jpg,,,https://img.travel.rakuten.co.jp/share/HOTEL/167057/167057map.gif,802.0,3.67,"半露天風呂やソフトドリンクがサービスで大変良かった　2026-10-04 17:08:05投稿 <a href=""https://img.travel.rakuten.co.jp/image/tr/api/re/gJNfM/?f_hotel_no=167057"" class=""3click"">つづきはこちら</a>",dn,【禁煙室】スタンダードダブルルーム,6357447.0,【返金不可】ご予約確定ならお得！計画旅行プラン【素泊り】,1,0,0,0,0,2,https://img.travel.rakuten.co.jp/image/tr/api/re/IdsCY/?f_no=167057&f_syu=dn&f_hi1=2026-10-17&f_hi2=2026-10-18&f_heya_su=1&f_otona_su=1&f_s1=0&f_s2=0&f_y1=0&f_y2=0&f_y3=0&f_y4=0&f_camp_id=6357447,0,2026-10-17,34500,34500,0,2026-10-17,fukuoka
107837,スーパーホテルＩｎｎ博多,https://img.travel.rakuten.co.jp/image/tr/api/re/pvonD/?f_no=107837,https://img.travel.rakuten.co.jp/image/tr/api/re/vFumt/?f_no=107837&f_flg=PLAN,https://img.travel.rakuten.co.jp/image/tr/api/re/WzozX/?noTomariHotel=107837,https://img.travel.rakuten.co.jp/image/tr/api/re/gJNfM/?f_hotel_no=107837,すーぱーほてるいんはかた,朝食＆アルコールもあるウェルカムバー(15:00～21:00)無料！地下鉄呉服町駅から徒歩2分で博多・天神移動にも便利！,4450,120941.64,469489.88,812-0036,福岡県,福岡市博多区上呉服町11-32,092-282-9000,092-282-8886,地下鉄　呉服町駅より徒歩２分,有り　６台　７５０円（税込み／泊）　要電話予約　（ネットからの駐車場予約はできません。）,呉服町（福岡）,https://img.travel.rakuten.co.jp/share/HOTEL/107837/107837.jpg,https://img.travel.rakuten.co.jp/HIMG/90/107837.jpg,https://img.travel.rakuten.co.jp/share/HOTEL/107837/107837_sin.jpg,https://img.travel.rakuten.co.jp/HIMG/INTERIOR/107837.jpg,https://img.travel.rakuten.co.jp/share/HOTEL/107837/107837map.gif,650.0,3.93,"最初に入った部屋はエアコンがおかしいのか、ジメジメした感じでした。エアコンつけっぱなしで外出から帰ってもジメジメのままでしたのでフロントに相談に行ったところ、即座に別の部屋を当ててくれました。前の部屋…　2026-09-19 08:21:44投稿 <a href=""https://img.travel.rakuten.co.jp/image/tr/api/re/gJNfM/?f_hotel_no=107837"" class=""3click"">つづきはこちら</a>",k0,【禁煙】スタンダードルーム【115cm幅ベッド１台】,5257609.0,オンライン決済限定プラン☆朝食ビュッフェ付,1,0,0,1,0,2,https://img.travel.rakuten.co.jp/image/tr/api/re/IdsCY/?f_no=107837&f_syu=k0&f_hi1=2026-10-17&f_hi2=2026-10-18&f_heya_su=1&f_otona_su=1&f_s1=0&f_s2=0&f_y1=0&f_y2=0&f_y3=0&f_y4=0&f_camp_id=5257609,0,2026-10-17,17900,17900,0,2026-10-17,fukuoka
177601,ホテルトラッド博多,https://img.travel.rakuten.co.jp/image/tr/api/re/pvonD/?f_no=177601,https://img.travel.rakuten.co.jp/image/tr/api/re/vFumt/?f_no=177601&f_flg=PLAN,https://img.travel.rakuten.co.jp/image/tr/api/re/WzozX/?noTomariHotel=177601,https://img.travel.rakuten.co.jp/image/tr/api/re/gJNfM/?f_hotel_no=177601,とらっどはかた,★朝は博多駅へ無料バス運行★コンビニ直結でお買い物も楽々★ウェルカムドリンクあり★全室シモンズベッド＆スマートTV導入★,6160,120891.56,469490.34,812-0018,福岡県,福岡市博多区住吉3-12-1,092-710-7675,092-710-7674,博多駅から散歩気分で徒歩12分。バスは「博多駅前Ａ（300番台）・Ｂ乗場」から約5分「住吉」バス停下車、すぐ。,タワー式22台：先着順 15時〜11時30分 税込1500円現金のみ 入出庫不可(22時〜7時),博多,https://img.travel.rakuten.co.jp/share/HOTEL/177601/177601.jpg,https://img.travel.rakuten.co.jp/HIMG/90/177601.jpg,,,https://img.travel.rakuten.co.jp/share/HOTEL/177601/177601map.gif,1017.0,4.34,"綿棒で除去を試みましたが、こび…　2026-10-04 11:49:24投稿 <a href=""https://img.travel.rakuten.co.jp/image/tr/api/re/gJNfM/?f_hotel_no=177601"" class=""3click"">つづきはこちら</a>",dbl01,【禁煙】ダブル1名利用 （20.48平米、ベッド150ｃｍ）,4625291.0,スタンダード/素泊り（事前決済）,1,0,0,0,0,2,https://img.travel.rakuten.co.jp/image/tr/api/re/IdsCY/?f_no=177601&f_syu=dbl01&f_hi1=2026-10-17&f_hi2=2026-10-18&f_heya_su=1&f_otona_su=1&f_s1=0&f_s2=0&f_y1=0&f_y2=0&f_y3=0&f_y4=0&f_camp_id=4625291,0,2026-10-17,47000,47000,0,2026-10-17,fukuoka
177846,９ＨＯＴＥＬ　ＨＡＫＡＴＡ,https://img.travel.rakuten.co.jp/image/tr/api/re/pvonD/?f_no=177846,https://img.travel.rakuten.co.jp/image/tr/api/re/vFumt/?f_no=177846&f_flg=PLAN,https://img.travel.rakuten.co.jp/image/tr/api/re/WzozX/?noTomariHotel=177846,https://img.travel.rakuten.co.jp/image/tr/api/re/gJNfM/?f_hotel_no=177846,ないん　ほてる　はかた,中洲まで徒歩5分。全室風呂トイレ別のゆったり空間。館内・客室には九州の色が感じられます。,9000,120931.02,469487.7,812-0039,福岡県,福岡市博多区冷泉町9-16,092-263-5010,092-263-5020,福岡空港から地下鉄祇園駅まで7分。祇園駅徒歩約5分。中洲川端駅徒歩6分、博多駅から徒歩約13分,なし,祇園（福岡）,https://img.travel.rakuten.co.jp/share/HOTEL/177846/177846.jpg,https://img.travel.rakuten.co.jp/HIMG/90/177846.jpg,https://img.travel.rakuten.co.jp/share/HOTEL/177846/177846_kan1.jpg,https://img.travel.rakuten.co.jp/HIMG/INTERIOR/177846.jpg,https://img.travel.rakuten.co.jp/share/HOTEL/177846/177846map.gif,216.0,3.76,"清潔感あるホテルでした。観光で食事なしの利用をしました。チェックイン前にホテルに寄り、荷物を預けてから出かけました。セブンイレブンが近くにあります。充電器やヘアアイロン、ウノなどをフロントでお借りでき…　2026-08-12 16:46:46投稿 <a href=""https://img.travel.rakuten.co.jp/image/tr/api/re/gJNfM/?f_hotel_no=177846"" class=""3click"">つづきはこちら</a>",0001,【禁煙】スーペリアクイーン ＜24平米／ベッド幅160＞,4714230.0,【事前決済限定返金不可】★事前決済で割引★中洲近くで新オープンのホテルを満喫！＜素泊まり＞,1,0,0,0,0,2,https://img.travel.rakuten.co.jp/image/tr/api/re/IdsCY/?f_no=177846&f_syu=0001&f_hi1=2026-10-17&f_hi2=2026-10-18&f_heya_su=1&f_otona_su=1&f_s1=0&f_s2=0&f_y1=0&f_y2=0&f_y3=0&f_y4=0&f_camp_id=4714230,0,2026-10-17,37200,37200,0,2026-10-17,fukuoka
75246,太宰府天然温泉ルートイングランティア太宰府,https://img.travel.rakuten.co.jp/image/tr/api/re/pvonD/?f_no=75246,https://img.travel.rakuten.co.jp/image/tr/api/re/vFumt/?f_no=75246&f_flg=PLAN,https://img.travel.rakuten.co.jp/image/tr/api/re/WzozX/?noTomariHotel=75246,https://img.travel.rakuten.co.jp/image/tr/api/re/gJNfM/?f_hotel_no=75246,だざいふてんねんおんせん　るーといん　ぐらんてぃあ　だざいふ,太宰府天満宮近く！和室あり、温泉あり、岩盤浴あり、漫画コーナーも！料理長こだわりの夕食も！大型駐車場もあり！,6600,120676.98,469904.91,818-0119,福岡県,太宰府市連歌屋3-8-1,050-5576-7903,092-921-4800,西鉄太宰府駅から車で約3分◆福岡空港から車で約30分◆JR二日市駅より車で約12分◆西鉄太宰府駅から無料シャトルバス運行,有り　113台　無料　※立体駐車場34台（ハイルーフ10台）　予約不要,太宰府,https://img.travel.rakuten.co.jp/share/HOTEL/75246/75246.jpg,https://img.travel.rakuten.co.jp/HIMG/90/75246.jpg,,,https://img.travel.rakuten.co.jp/share/HOTEL/75246/75246map.gif,1151.0,3.86,"お風呂も広くいろんな種類があり、子供も喜んでいました。朝食のバイキングは種類がたくさんありました。福岡ならではのモツ鍋が朝から食べれたのと明太子、また太宰府の梅ひじきを初…　2026-10-03 22:52:43投稿 <a href=""https://img.travel.rakuten.co.jp/image/tr/api/re/gJNfM/?f_hotel_no=75246"" class=""3click"">つづきはこちら</a>",ta,[新館]喫煙ツイン★（BD110×196cm）,4585442.0,【天然温泉】◆素泊まりプラン◆,1,0,0,0,0,1,https://img.travel.rakuten.co.jp/image/tr/api/re/IdsCY/?f_no=75246&f_syu=ta&f_hi1=2026-10-17&f_hi2=2026-10-18&f_heya_su=1&f_otona_su=1&f_s1=0&f_s2=0&f_y1=0&f_y2=0&f_y3=0&f_y4=0&f_camp_id=4585442,0,2026-10-17,20450,20450,0,2026-10-17,fukuoka
166453,フォーポイント　フレックス　ｂｙ　シェラトン　福岡博多,https://img.travel.rakuten.co.jp/image/tr/api/re/pvonD/?f_no=166453,https://img.travel.rakuten.co.jp/image/tr/api/re/vFumt/?f_no=166453&f_flg=PLAN,https://img.travel.rakuten.co.jp/image/tr/api/re/WzozX/?noTomariHotel=166453,https://img.travel.rakuten.co.jp/image/tr/api/re/gJNfM/?f_hotel_no=166453,ふぉーぽいんと　ふれっくす　ばい　しぇらとん　ふくおかはかた,マリオットグループ日本初上陸ブランド！博多駅・中州へ徒歩圏内！	,5324,120898.93,469502.62,812-0011,福岡県,福岡市博多区博多駅前3-6-7,092-433-6172,092-433-6175,博多駅博多口より徒歩にて約9分。,無し,博多,https://img.travel.rakuten.co.jp/share/HOTEL/166453/166453.jpg,https://img.travel.rakuten.co.jp/HIMG/90/166453.jpg,https://img.travel.rakuten.co.jp/share/HOTEL/166453/166453_kan1.jpg,https://img.travel.rakuten.co.jp/HIMG/INTERIOR/166453.jpg,https://img.travel.rakuten.co.jp/share/HOTEL/166453/166453map.gif,771.0,3.75,"1. 部屋にボトルがなく水分補給が煩わ…　2026-09-16 22:24:36投稿 <a href=""https://img.travel.rakuten.co.jp/image/tr/api/re/gJNfM/?f_hotel_no=166453"" class=""3click"">つづきはこちら</a>",fpxsngl,◆セミダブル（禁煙）,6061610.0,【Marriott Bonvoy会員価格対象プラン】心地よさと利便性で福岡博多拠点で快適│素泊まり,1,0,0,0,0,1,https://img.travel.rakuten.co.jp/image/tr/api/re/IdsCY/?f_no=166453&f_syu=fpxsngl&f_hi1=2026-10-17&f_hi2=2026-10-18&f_heya_su=1&f_otona_su=1&f_s1=0&f_s2=0&f_y1=0&f_y2=0&f_y3=0&f_y4=0&f_camp_id=6061610,0,2026-10-17,36300,36300,0,2026-10-17,fukuoka
548,東洋ホテル＜福岡＞,https://img.travel.rakuten.co.jp/image/tr/api/re/pvonD/?f_no=548,https://img.travel.rakuten.co.jp/image/tr/api/re/vFumt/?f_no=548&f_flg=PLAN,https://img.travel.rakuten.co.jp/image/tr/api/re/WzozX/?noTomariHotel=548,https://img.travel.rakuten.co.jp/image/tr/api/re/gJNfM/?f_hotel_no=548,とうようほてる＜ふくおか＞,★ご宿泊選びに迷ったら！駅チカ・快適TOYOHOTEL★ JR博多駅（筑紫口）より徒歩2分！,5000,120918.98,469530.76,812-0013,福岡県,福岡市博多区博多駅東1-9-36,092-474-1121,092-474-0591,「JR博多駅（筑紫口）より徒歩2分！」福岡空港より約10分　,"『タワーパーキング完備』先着順 1泊1,500円　〈車高・車幅制限あり〉",博多,https://img.travel.rakuten.co.jp/share/HOTEL/548/548.jpg,https://img.travel.rakuten.co.jp/HIMG/90/548.jpg,https://img.travel.rakuten.co.jp/share/HOTEL/548/548_room.jpg,https://img.travel.rakuten.co.jp/HIMG/INTERIOR/548.jpg,https://img.travel.rakuten.co.jp/share/HOTEL/548/548map.gif,4910.0,3.95,,sdk,セミダブルルーム【禁煙】◇シモンズベッド◇,4165928.0,★☆シンプル-Stay-☆★【素泊】  駅チカ快適♪,2,0,0,0,0,1,https://img.travel.rakuten.co.jp/image/tr/api/re/IdsCY/?f_no=548&f_syu=sdk&f_hi1=2026-10-17&f_hi2=2026-10-18&f_heya_su=1&f_otona_su=1&f_s1=0&f_s2=0&f_y1=0&f_y2=0&f_y3=0&f_y4=0&f_camp_id=4165928,0,2026-10-17,29200,29200,0,2026-10-17,fukuoka
172227,ヴィアイン博多口駅前（ＪＲ西日本グループ）,https://img.travel.rakuten.co.jp/image/tr/api/re/pvonD/?f_no=172227,https://img.travel.rakuten.co.jp/image/tr/api/re/vFumt/?f_no=172227&f_flg=PLAN,https://img.travel.rakuten.co.jp/image/tr/api/re/WzozX/?noTomariHotel=172227,https://img.travel.rakuten.co.jp/image/tr/api/re/gJNfM/?f_hotel_no=172227,ヴぃあいんはかたぐちえきまえ,★楽天トラベルブロンズアワード２０２０受賞★ 博多駅「博多口」より徒歩約4分の好立地 / 全室禁煙でクリーンな客室,5220,120915.03,469508.53,812-0011,福岡県,福岡市博多区博多駅前2丁目17番11号,092-452-5489,092-452-5490,JR各線・新幹線・地下鉄「博多駅」博多口より徒歩約4分　／　福岡空港より地下鉄空港線にて２駅５分「博多駅」下車,"【事前予約制・電話受付のみ】計５台(2,000円/１泊)　入庫不可車種・満車時は近隣駐車場へご案内",博多,https://img.travel.rakuten.co.jp/share/HOTEL/172227/172227.jpg,https://img.travel.rakuten.co.jp/HIMG/90/172227.jpg,https://img.travel.rakuten.co.jp/share/HOTEL/172227/172227_kan1.jpg,https://img.travel.rakuten.co.jp/HIMG/INTERIOR/172227.jpg,https://img.travel.rakuten.co.jp/share/HOTEL/172227/172227map.gif,733.0,4.0,"2度目の宿泊はないです。　2026-10-05 04:20:35投稿 <a href=""https://img.travel.rakuten.co.jp/image/tr/api/re/gJNfM/?f_hotel_no=172227"" class=""3click"">つづきはこちら</a>",05nsb1,シングルB,4380292.0,スタンダードプラン【食事なし】,1,0,0,0,0,1,https://img.travel.rakuten.co.jp/image/tr/api/re/IdsCY/?f_no=172227&f_syu=05nsb1&f_hi1=2026-10-17&f_hi2=2026-10-18&f_heya_su=1&f_otona_su=1&f_s1=0&f_s2=0&f_y1=0&f_y2=0&f_y3=0&f_y4=0&f_camp_id=4380292,0,2026-10-17,36040,36040,0,2026-10-17,fukuoka
9686,アイビーホテル筑紫野,https://img.travel.rakuten.co.jp/image/tr/api/re/pvonD/?f_no=9686,https://img.travel.rakuten.co.jp/image/tr/api/re/vFumt/?f_no=9686&f_flg=PLAN,https://img.travel.rakuten.co.jp/image/tr/api/re/WzozX/?noTomariHotel=9686,https://img.travel.rakuten.co.jp/image/tr/api/re/gJNfM/?f_hotel_no=9686,あいびーほてる　つくしの,二日市温泉源泉かけ流し大浴場完備。出張や観光にご利用ください ！,7425,120558.05,469862.35,818-0058,福岡県,筑紫野市湯町1-14-3,092-920-2130,092-922-2490,ＪＲ二日市駅西口より徒歩約6分。西鉄二日市駅より車で約10分。高速筑紫野バス停より徒歩約5分。駐車場無料,有り　３０台　他、近隣1カ所徒歩約5分２０台,二日市,https://img.travel.rakuten.co.jp/share/HOTEL/9686/9686.jpg,https://img.travel.rakuten.co.jp/HIMG/90/9686.jpg,https://img.travel.rakuten.co.jp/share/HOTEL/9686/9686_sgl.jpg,https://img.travel.rakuten.co.jp/HIMG/INTERIOR/9686.jpg,https://img.travel.rakuten.co.jp/share/HOTEL/9686/9686map.gif,791.0,4.09,,j,温泉付き和洋室（禁煙室）,4980522.0,スタンダードプラン（食事なし）★到着時間の連絡不要★,1,0,0,0,0,1,https://img.travel.rakuten.co.jp/image/tr/api/re/IdsCY/?f_no=9686&f_syu=j&f_hi1=2026-10-17&f_hi2=2026-10-18&f_heya_su=1&f_otona_su=1&f_s1=0&f_s2=0&f_y1=0&f_y2=0&f_y3=0&f_y4=0&f_camp_id=4980522,0,2026-10-17,38500,38500,0,2026-10-17,fukuoka
130113,ザ　ロイヤルパークホテル　福岡,https://img.travel.rakuten.co.jp/image/tr/api/re/pvonD/?f_no=130113,https://img.travel.rakuten.co.jp/image/tr/api/re/vFumt/?f_no=130113&f_flg=PLAN,https://img.travel.rakuten.co.jp/image/tr/api/re/WzozX/?noTomariHotel=130113,https://img.travel.rakuten.co.jp/image/tr/api/re/gJNfM/?f_hotel_no=130113,ざ　ろいやるぱーくほてる　ふくおか,◆博多駅・キャナルシティ博多まで徒歩約5分◆ビジネスや観光の拠点として好立地◆ツインルーム以上は洗い場付き浴室！,6160,120913.83,469505.07,812-0011,福岡県,福岡市博多区博多駅前2-14-15,092-414-1111,092-414-1121,新幹線・ＪＲ線・市営地下鉄「博多駅」（博多口）より徒歩約5分,"提携駐車場あり(入庫から17時間まで2,000円)、徒歩約3分",博多,https://img.travel.rakuten.co.jp/share/HOTEL/130113/130113.jpg,https://img.travel.rakuten.co.jp/HIMG/90/130113.jpg,https://img.travel.rakuten.co.jp/share/HOTEL/130113/130113_kya.jpg,https://img.travel.rakuten.co.jp/HIMG/INTERIOR/130113.jpg,https://img.travel.rakuten.co.jp/share/HOTEL/130113/130113map.gif,1688.0,4.17,"いつも完璧なお部屋をご用意いただくだけでなく、更には心温まる接客を通して、毎回心地よく宿泊させていただき、大変に感謝しております。　2026-09-29 20:52:54投稿 <a href=""https://img.travel.rakuten.co.jp/image/tr/api/re/gJNfM/?f_hotel_no=130113"" class=""3click"">つづきはこちら</a>",stdn,【禁煙】スタンダードツイン,5347093.0,THE ステイ （素泊まり）,1,0,0,0,0,1,https://img.travel.rakuten.co.jp/image/tr/api/re/IdsCY/?f_no=130113&f_syu=stdn&f_hi1=2026-10-17&f_hi2=2026-10-18&f_heya_su=1&f_otona_su=1&f_s1=0&f_s2=0&f_y1=0&f_y2=0&f_y3=0&f_y4=0&f_camp_id=5347093,0,2026-10-17,76500,76500,0,2026-10-17,fukuoka
180283,Ｔｈｅ３５８　ＳＯＲＡ,https://img.travel.rakuten.co.jp/image/tr/api/re/pvonD/?f_no=180283,https://img.travel.rakuten.co.jp/image/tr/api/re/vFumt/?f_no=180283&f_flg=PLAN,https://img.travel.rakuten.co.jp/image/tr/api/re/WzozX/?noTomariHotel=180283,https://img.travel.rakuten.co.jp/image/tr/api/re/gJNfM/?f_hotel_no=180283,ざ３５８　そら,2020年11月にオープン！展望大浴場、駐車場が無料でご利用いただけます！,7524,121192.34,469499.77,813-0017,福岡県,福岡市東区香椎照葉6-6-5,092-665-1616,092-665-1617,千早駅、アイランドアイ(ホテル隣接商業施設)間で無料送迎バス運行中。福岡市都市高速『アイランドシティ出口』から車で約1分,"アイランド アイ施設駐車場をご利用いただけます。【一般車両：無料】【大型車：3,850円】",,https://img.travel.rakuten.co.jp/share/HOTEL/180283/180283.jpg,https://img.travel.rakuten.co.jp/HIMG/90/180283.jpg,,,https://img.travel.rakuten.co.jp/share/HOTEL/180283/180283map.gif,1775.0,4.62,"ドリンクが何よりも嬉…　2026-10-05 13:29:35投稿 <a href=""https://img.travel.rakuten.co.jp/image/tr/api/re/gJNfM/?f_hotel_no=180283"" class=""3click"">つづきはこちら</a>",skg,スカイキング,5241984.0,【スタンダード】海鮮ひつまぶしをはじめ約70種類の朝食ビュッフェ！キッズコーナーも充実♪(朝食付き),1,0,0,1,0,1,https://img.travel.rakuten.co.jp/image/tr/api/re/IdsCY/?f_no=180283&f_syu=skg&f_hi1=2026-10-17&f_hi2=2026-10-18&f_heya_su=1&f_otona_su=1&f_s1=0&f_s2=0&f_y1=0&f_y2=0&f_y3=0&f_y4=0&f_camp_id=5241984,0,2026-10-17,43560,43560,0,2026-10-17,fukuoka
177906,ＥＵＲＯＰＥＡＮ　ＨＯＵＳＥ　ＲＥＩＳＥＮ,https://img.travel.rakuten.co.jp/image/tr/api/re/pvonD/?f_no=177906,https://img.travel.rakuten.co.jp/image/tr/api/re/vFumt/?f_no=177906&f_flg=PLAN,https://img.travel.rakuten.co.jp/image/tr/api/re/WzozX/?noTomariHotel=177906,https://img.travel.rakuten.co.jp/image/tr/api/re/gJNfM/?f_hotel_no=177906,よーろぴあんはうすれいせん,アパートメントタイプの宿泊施設。1室除く全室ダブルベッド2台、エアコン、無料Ｗｉ‐Ｆｉ、1室のみバルコニー付き客室を提供,8500,120932.72,469486.02,812-0025,福岡県,福岡市博多区店屋町2-10,092-271-6260,092-271-6260,祇園駅２番出口より徒歩にて約５分／福岡空港よりお車にて約２０分,無し,祇園（福岡）,https://img.travel.rakuten.co.jp/share/HOTEL/177906/177906.jpg,https://img.travel.rakuten.co.jp/HIMG/90/177906.jpg,https://img.travel.rakuten.co.jp/share/HOTEL/177906/177906_kan1.jpg,https://img.travel.rakuten.co.jp/HIMG/INTERIOR/177906.jpg,https://img.travel.rakuten.co.jp/share/HOTEL/177906/177906map.gif,87.0,4.14,"客室が綺麗で、バストイレ別なのがとても快適でした。パジャマは持参する必要がありますが、全体的に満足度が高く、またぜひ利用したいと思います。　2026-10-05 18:19:40投稿 <a href=""https://img.travel.rakuten.co.jp/image/tr/api/re/gJNfM/?f_hotel_no=177906"" class=""3click"">つづきはこちら</a>",1002,1002,,,1,0,0,0,0,2,https://img.travel.rakuten.co.jp/image/tr/api/re/IdsCY/?f_no=177906&f_syu=1002&f_hi1=2026-10-17&f_hi2=2026-10-18&f_heya_su=1&f_otona_su=1&f_s1=0&f_s2=0&f_y1=0&f_y2=0&f_y3=0&f_y4=0,1,2026-10-17,22000,22000,0,2026-10-17,fukuoka
172876,ＴＨＥ　ＢＬＯＳＳＯＭ　ＨＡＫＡＴＡ　Ｐｒｅｍｉｅｒ（ザ　ブラッサム博多プレミア）,https://img.travel.rakuten.co.jp/image/tr/api/re/pvonD/?f_no=172876,https://img.travel.rakuten.co.jp/image/tr/api/re/vFumt/?f_no=172876&f_flg=PLAN,https://img.travel.rakuten.co.jp/image/tr/api/re/WzozX/?noTomariHotel=172876,https://img.travel.rakuten.co.jp/image/tr/api/re/gJNfM/?f_hotel_no=172876,ざ　ぶらっさむ　はかた　ぷれみあ,～博多の粋、最高のおもてなし～この街に、脈々と受け継がれる美意識を極めたホテル,14520,120912.84,469498.88,812-0011,福岡県,福岡市博多区博多駅前2丁目8番12号,092-431-8702,092-431-8712,JR博多駅「博多口」より徒歩7分、福岡市地下鉄櫛田神社駅より徒歩5分、「キャナルシティー博多」より徒歩2分,ご宿泊者専用駐車場がございます(先着順・予約不可)  詳細は公式ホームページをご確認ください,博多,https://img.travel.rakuten.co.jp/share/HOTEL/172876/172876.jpg,https://img.travel.rakuten.co.jp/HIMG/90/172876.jpg,https://img.travel.rakuten.co.jp/share/HOTEL/172876/172876_kan1.jpg,https://img.travel.rakuten.co.jp/HIMG/INTERIOR/172876.jpg,https://img.travel.rakuten.co.jp/share/HOTEL/172876/172876map.gif,405.0,4.59,"駅近で大浴場があり口コミが良かったので2泊しました。博多駅まで徒歩8分。蒸暑い8月には少し遠く感じました。お部屋は広くゆったりと非日常を感じれて大満足です。駐車場（立体）でしたが 宿泊中は何度も出入れ…　2026-09-03 20:42:38投稿 <a href=""https://img.travel.rakuten.co.jp/image/tr/api/re/gJNfM/?f_hotel_no=172876"" class=""3click"">つづきはこちら</a>",ndm1,＜禁煙＞モデレートダブル 1名 ※バスタブなし,5810605.0,【スタンダード】ご宿泊直前までご予約可能！1・2階には人気飲食店が7店舗(食事なし),1,0,0,0,0,1,https://img.travel.rakuten.co.jp/image/tr/api/re/IdsCY/?f_no=172876&f_syu=ndm1&f_hi1=2026-10-17&f_hi2=2026-10-18&f_heya_su=1&f_otona_su=1&f_s1=0&f_s2=0&f_y1=0&f_y2=0&f_y3=0&f_y4=0&f_camp_id=5810605,0,2026-10-17,46420,46420,0,2026-10-17,fukuoka
199007,スマートプレイスイン博多祇園,https://img.travel.rakuten.co.jp/image/tr/api/re/pvonD/?f_no=199007,https://img.travel.rakuten.co.jp/image/tr/api/re/vFumt/?f_no=199007&f_flg=PLAN,https://img.travel.rakuten.co.jp/image/tr/api/re/WzozX/?noTomariHotel=199007,https://img.travel.rakuten.co.jp/image/tr/api/re/gJNfM/?f_hotel_no=199007,すまーとぷれいすいんはかたぎおん,「祇園駅」徒歩4分、福岡中心部にあり抜群のアクセス。観光・ビジネスの活動拠点に。未就学児の添い寝無料。,2514,120926.11,469490.45,812-0039,福岡県,福岡市博多区冷泉町6-5-1,03-6721-5963,092-402-4374,福岡空港から福岡市営空港線で７分、祇園駅下車徒歩４分,なし,祇園（福岡）,https://img.travel.rakuten.co.jp/share/HOTEL/199007/199007.jpg,https://img.travel.rakuten.co.jp/HIMG/90/199007.jpg,,,https://img.travel.rakuten.co.jp/share/HOTEL/199007/199007map.gif,59.0,3.69,"櫃台人員服務態度也…　2026-09-20 21:30:51投稿 <a href=""https://img.travel.rakuten.co.jp/image/tr/api/re/gJNfM/?f_hotel_no=199007"" class=""3click"">つづきはこちら</a>",double_s,［禁煙］ダブルルーム（シャワールーム）,6450126.0,返金不可・オンライン決済プラン,1,0,0,0,0,2,https://img.travel.rakuten.co.jp/image/tr/api/re/IdsCY/?f_no=199007&f_syu=double_s&f_hi1=2026-10-17&f_hi2=2026-10-18&f_heya_su=1&f_otona_su=1&f_s1=0&f_s2=0&f_y1=0&f_y2=0&f_y3=0&f_y4=0&f_camp_id=6450126,0,2026-10-17,36142,36142,0,2026-10-17,fukuoka
76922,博多東急ＲＥＩホテル,https://img.travel.rakuten.co.jp/image/tr/api/re/pvonD/?f_no=76922,https://img.travel.rakuten.co.jp/image/tr/api/re/vFumt/?f_no=76922&f_flg=PLAN,https://img.travel.rakuten.co.jp/image/tr/api/re/WzozX/?noTomariHotel=76922,https://img.travel.rakuten.co.jp/image/tr/api/re/gJNfM/?f_hotel_no=76922,はかたとうきゅうＲＥＩ,空港より地下鉄で1本！博多駅より徒歩約3分,10202,120919.21,469514.04,812-0011,福岡県,福岡市博多区博多駅前1-2-23,092-451-0109,092-451-0188,博多駅「博多口」より徒歩にて約3分/福岡市営地下鉄 博多駅「西6」番出口より徒歩約1分,"先着順12台　1泊1,500円　普通車（幅2.05m×長さ5m×高さ1.55m以内）",博多,https://img.travel.rakuten.co.jp/share/HOTEL/76922/76922.jpg,https://img.travel.rakuten.co.jp/HIMG/90/76922.jpg,https://img.travel.rakuten.co.jp/share/HOTEL/76922/76922_room.jpg,https://img.travel.rakuten.co.jp/HIMG/INTERIOR/76922.jpg,https://img.travel.rakuten.co.jp/share/HOTEL/76922/76922map.gif,3425.0,4.15,"スタッフの皆様も大変優しく、声もかけて頂きましたし、チェックイン前後も荷物預け入れもして下さ…　2026-09-14 11:58:51投稿 <a href=""https://img.travel.rakuten.co.jp/image/tr/api/re/gJNfM/?f_hotel_no=76922"" class=""3click"">つづきはこちら</a>",sbbn21_2,ダブル　ユニットバス＜禁煙＞,5675613.0,【スタンダードプラン】博多駅より徒歩3分好立地！ビジネス・イベントやコンサートにもおすすめ＜素泊り＞,1,0,0,0,0,1,https://img.travel.rakuten.co.jp/image/tr/api/re/IdsCY/?f_no=76922&f_syu=sbbn21_2&f_hi1=2026-10-17&f_hi2=2026-10-18&f_heya_su=1&f_otona_su=1&f_s1=0&f_s2=0&f_y1=0&f_y2=0&f_y3=0&f_y4=0&f_camp_id=5675613,0,2026-10-17,52000,52000,0,2026-10-17,fukuoka
177662,ＴＨＥ　ＢＡＳＩＣＳ　ＦＵＫＵＯＫＡ　（ザ・ベーシックス福岡）,https://img.travel.rakuten.co.jp/image/tr/api/re/pvonD/?f_no=177662,https://img.travel.rakuten.co.jp/image/tr/api/re/vFumt/?f_no=177662&f_flg=PLAN,https://img.travel.rakuten.co.jp/image/tr/api/re/WzozX/?noTomariHotel=177662,https://img.travel.rakuten.co.jp/image/tr/api/re/gJNfM/?f_hotel_no=177662,ざべーしっくすふくおか,★開業4周年★楽天アワード2021・2022ブロンズ受賞★プラン多数☆ビジネスや観光の拠点に最適な立地,8280,120909.39,469545.58,812-0013,福岡県,福岡市博多区博多駅東2-14-1　,092-412-1234,092-414-2490,博多駅より徒歩約７分、福岡空港よりタクシーで15分 、福岡空港から博多駅までは地下鉄で約5分,"有り　駐車料金 1泊1,500円（税込）　午後2時〜翌日正午まで （予約不可・先着50台まで）",博多,https://img.travel.rakuten.co.jp/share/HOTEL/177662/177662.jpg,https://img.travel.rakuten.co.jp/HIMG/90/177662.jpg,,,https://img.travel.rakuten.co.jp/share/HOTEL/177662/177662map.gif,792.0,4.37,"本はロビーのソファでも読めますし、部屋に借りていくこともできて、ゆっくり楽しめました。小説など文…　2026-09-23 20:49:21投稿 <a href=""https://img.travel.rakuten.co.jp/image/tr/api/re/gJNfM/?f_hotel_no=177662"" class=""3click"">つづきはこちら</a>",ch1t,【禁煙】スタンダードツインChapter 1（20平米）,4901828.0,【シンプルステイ】博多駅徒歩７分　観光やビジネスに最適/素泊まり,1,0,0,0,0,1,https://img.travel.rakuten.co.jp/image/tr/api/re/IdsCY/?f_no=177662&f_syu=ch1t&f_hi1=2026-10-17&f_hi2=2026-10-18&f_heya_su=1&f_otona_su=1&f_s1=0&f_s2=0&f_y1=0&f_y2=0&f_y3=0&f_y4=0&f_camp_id=4901828,0,2026-10-17,43700,43700,0,2026-10-17,fukuoka
149112,照葉スパリゾート,https://img.travel.rakuten.co.jp/image/tr/api/re/pvonD/?f_no=149112,https://img.travel.rakuten.co.jp/image/tr/api/re/vFumt/?f_no=149112&f_flg=PLAN,,https://img.travel.rakuten.co.jp/image/tr/api/re/gJNfM/?f_hotel_no=149112,てりはすぱりぞーと,九州最大級の温浴施設を併設！趣向を凝らしたスパや岩盤房、リラックススペースでくつろぎのひとときをお楽しみください。 ,11380,121185.19,469508.48,813-0017,福岡県,福岡市東区香椎照葉5-2-15,092-683-1010,092-683-1018,千早駅よりお車にて約１５分,有り　　宿泊者無料 ※コインパーキング。宿泊者は無料処理致します。乗用車のみ駐車可。,,https://img.travel.rakuten.co.jp/share/HOTEL/149112/149112.jpg,https://img.travel.rakuten.co.jp/HIMG/90/149112.jpg,,,https://img.travel.rakuten.co.jp/share/HOTEL/149112/149112map.gif,509.0,4.04,"朝食はビジネススタンダードです。明太子美味しかった。　2026-10-06 16:47:02投稿 <a href=""https://img.travel.rakuten.co.jp/image/tr/api/re/gJNfM/?f_hotel_no=149112"" class=""3click"">つづきはこちら</a>",cb,スタンダードキャビンルーム【男性専用】,4674834.0,【男性専用】朝食付き　スタンダートキャビンプラン,1,0,0,0,0,1,https://img.travel.rakuten.co.jp/image/tr/api/re/IdsCY/?f_no=149112&f_syu=cb&f_hi1=2026-10-17&f_hi2=2026-10-18&f_heya_su=1&f_otona_su=1&f_s1=0&f_s2=0&f_y1=0&f_y2=0&f_y3=0&f_y4=0&f_camp_id=4674834,0,2026-10-17,20200,20200,0,2026-10-17,fukuoka
182516,ホテルジャパネスク福岡,https://img.travel.rakuten.co.jp/image/tr/api/re/pvonD/?f_no=182516,https://img.travel.rakuten.co.jp/image/tr/api/re/vFumt/?f_no=182516&f_flg=PLAN,,https://img.travel.rakuten.co.jp/image/tr/api/re/gJNfM/?f_hotel_no=182516,ほてるじゃぱねすくふくおか,サウナ、プール、カラオケ、会議室有！バストラックSUV敷地内駐車場有！アメニティバー充実,3270,121041.93,469526.88,812-0053,福岡県,福岡市東区箱崎6-18-12,092-645-2080,092-643-1001,"福岡空港駅よりお車にて約12分／博多駅よりお車にて約14分／駐車場約23台分完備（事前予約不可・1泊1,100円）","駐車場約40台分完備1泊1,100円、 大型車,トラック、バス1日3,300円",福岡空港,https://img.travel.rakuten.co.jp/share/HOTEL/182516/182516.jpg,https://img.travel.rakuten.co.jp/HIMG/90/182516.jpg,,,https://img.travel.rakuten.co.jp/share/HOTEL/182516/182516map.gif,323.0,3.38,"大学の友達6人で利用しました!!部屋が思ってたよりも広かったから、それぞれ荷物を広げても窮屈さはなかったです!!みんなでゆっくり過ごせるスペースもあって、みんなでトランプしたりして楽しく過ごせたし、受…　2026-09-09 21:52:25投稿 <a href=""https://img.travel.rakuten.co.jp/image/tr/api/re/gJNfM/?f_hotel_no=182516"" class=""3click"">つづきはこちら</a>",pv1,モデレートダブル(禁煙) プールビュー,5909639.0,【素泊り】Wベッド、ソファベッド完備★サウナプール無料・全室バルコニー、大型車チェックアウト11時,1,0,0,0,0,1,https://img.travel.rakuten.co.jp/image/tr/api/re/IdsCY/?f_no=182516&f_syu=pv1&f_hi1=2026-10-17&f_hi2=2026-10-18&f_heya_su=1&f_otona_su=1&f_s1=0&f_s2=0&f_y1=0&f_y2=0&f_y3=0&f_y4=0&f_camp_id=5909639,0,2026-10-17,33000,33000,0,2026-10-17,fukuoka
67260,ＴＨＥ　ＬＵＩＧＡＮＳ　Ｓｐａ＆Ｒｅｓｏｒｔ(ザ・ルイガンズ.　スパ＆リゾート),https://img.travel.rakuten.co.jp/image/tr/api/re/pvonD/?f_no=67260,https://img.travel.rakuten.co.jp/image/tr/api/re/vFumt/?f_no=67260&f_flg=PLAN,https://img.travel.rakuten.co.jp/image/tr/api/re/WzozX/?noTomariHotel=67260,https://img.travel.rakuten.co.jp/image/tr/api/re/gJNfM/?f_hotel_no=67260,ざ・るいがんず,【福岡で近場リゾート】博多中心部から車で20分！福岡でありながら海外を感じるリゾートホテル！大浴場＆無料バスあり,8073,121174.54,469318.49,811-0321,福岡県,福岡市東区西戸崎18-25,092-603-2525,092-603-2828,博多から車で最短約20分、無料送迎バス、無料駐車場、福岡空港まで最短約30分。JR香椎線「海ノ中道」より徒歩約6分,屋外駐車場有　１００台／宿泊者は無料／予約不要,海ノ中道,https://img.travel.rakuten.co.jp/share/HOTEL/67260/67260.jpg,https://img.travel.rakuten.co.jp/HIMG/90/67260.jpg,https://img.travel.rakuten.co.jp/share/HOTEL/67260/67260_k.jpg,https://img.travel.rakuten.co.jp/HIMG/INTERIOR/67260.jpg,https://img.travel.rakuten.co.jp/share/HOTEL/67260/67260map.gif,2277.0,4.33,"海を眺めたくてシーサイドプランに泊まりました。水回りががないという事で不便は感じましたが、ここでしか見れない景色となんとも言えない唯一無二な雰囲気に貴重な経験をしました。気持ちをリセットしたい時に最高…　2026-10-03 05:31:23投稿 <a href=""https://img.travel.rakuten.co.jp/image/tr/api/re/gJNfM/?f_hotel_no=67260"" class=""3click"">つづきはこちら</a>",gtox2,グランドツイン（2-5F・禁煙）33平米,6189448.0,【Room Only】16時イン／11時アウト（朝食追加可能）｜ルイガンズは3名以上宿泊がお得,1,0,0,0,0,2,https://img.travel.rakuten.co.jp/image/tr/api/re/IdsCY/?f_no=67260&f_syu=gtox2&f_hi1=2026-10-17&f_hi2=2026-10-18&f_heya_su=1&f_otona_su=1&f_s1=0&f_s2=0&f_y1=0&f_y2=0&f_y3=0&f_y4=0&f_camp_id=6189448,0,2026-10-17,58765,58765,0,2026-10-17,fukuoka
166975,東急ステイ博多,https://img.travel.rakuten.co.jp/image/tr/api/re/pvonD/?f_no=166975,https://img.travel.rakuten.co.jp/image/tr/api/re/vFumt/?f_no=166975&f_flg=PLAN,https://img.travel.rakuten.co.jp/image/tr/api/re/WzozX/?noTomariHotel=166975,https://img.travel.rakuten.co.jp/image/tr/api/re/gJNfM/?f_hotel_no=166975,とうきゅうすていはかた,全室に洗濯乾燥機・電子レンジ完備！連泊・中長期の滞在に便利♪♪,6300,120895.8,469524.24,812-0016,福岡県,福岡市博多区博多駅南1-11-11,092-431-1091,092-431-1092,福岡市地下鉄空港線博多駅　東5番出口より徒歩7分　/　JR博多駅　筑紫口より徒歩8分,無し。近隣のコインパーキングをご利用ください（提携駐車場はございません）。,博多,https://img.travel.rakuten.co.jp/share/HOTEL/166975/166975.jpg,https://img.travel.rakuten.co.jp/HIMG/90/166975.jpg,,,https://img.travel.rakuten.co.jp/share/HOTEL/166975/166975map.gif,1073.0,4.31,"お部屋に洗濯機があったり、備品やシャワーヘッドもハイスペックでした。ドリンクサービスなど良かったです。また泊まりたいお宿です　2026-09-28 22:08:40投稿 <a href=""https://img.travel.rakuten.co.jp/image/tr/api/re/gJNfM/?f_hotel_no=166975"" class=""3click"">つづきはこちら</a>",moderate1,モデレートダブル1名様【禁煙】18平米／洗濯乾燥機・デスク付,5415022.0,【スタンダードプラン】ビジネス＆観光の拠点に！洗濯乾燥機＆電子レンジ完備【1名】（素泊）,1,0,0,0,0,1,https://img.travel.rakuten.co.jp/image/tr/api/re/IdsCY/?f_no=166975&f_syu=moderate1&f_hi1=2026-10-17&f_hi2=2026-10-18&f_heya_su=1&f_otona_su=1&f_s1=0&f_s2=0&f_y1=0&f_y2=0&f_y3=0&f_y4=0&f_camp_id=5415022,0,2026-10-17,47030,47030,0,2026-10-17,fukuoka
198736,ＥＲＵＺＡ　ＨＡＫＡＴＡ,https://img.travel.rakuten.co.jp/image/tr/api/re/pvonD/?f_no=198736,https://img.travel.rakuten.co.jp/image/tr/api/re/vFumt/?f_no=198736&f_flg=PLAN,,https://img.travel.rakuten.co.jp/image/tr/api/re/gJNfM/?f_hotel_no=198736,えるざ はかた,無人運営のスマートステイ。 人に会わず、スムーズに泊まれる宿。,3350,120888.61,469543.92,812-0016,福岡県,福岡市博多区博多駅南3-5-1,050-1792-1989,--,「博多駅」より徒歩約12分。車で約3分 / 福岡都市高速環状線半道橋ICより約9分,なし,博多,https://img.travel.rakuten.co.jp/share/HOTEL/198736/198736.jpg,https://img.travel.rakuten.co.jp/HIMG/90/198736.jpg,,,https://img.travel.rakuten.co.jp/share/HOTEL/198736/198736map.gif,14.0,4.0,,supdw2,スーペリアダブル (洗濯乾燥機付き),6440691.0,【返金不可】素泊まり / シンプルステイ,1,0,0,0,0,2,https://img.travel.rakuten.co.jp/image/tr/api/re/IdsCY/?f_no=198736&f_syu=supdw2&f_hi1=2026-10-17&f_hi2=2026-10-18&f_heya_su=1&f_otona_su=1&f_s1=0&f_s2=0&f_y1=0&f_y2=0&f_y3=0&f_y4=0&f_camp_id=6440691,0,2026-10-17,25500,25500,0,2026-10-17,fukuoka
172700,ＥＩＷＡ　ＰＬＡＣＥ　ＨＯＴＥＬ　ＨＡＫＡＴＡ,https://img.travel.rakuten.co.jp/image/tr/api/re/pvonD/?f_no=172700,https://img.travel.rakuten.co.jp/image/tr/api/re/vFumt/?f_no=172700&f_flg=PLAN,https://img.travel.rakuten.co.jp/image/tr/api/re/WzozX/?noTomariHotel=172700,https://img.travel.rakuten.co.jp/image/tr/api/re/gJNfM/?f_hotel_no=172700,えいわ　ぷれいす　ほてる　はかた,全ての客室にＷｉＦｉ、テレビ、冷蔵庫が完備された快適なホテルです。マリンメッセ福岡・サンパレス福岡でのコンサートに最適！,1798,120961.07,469473.07,812-0033,福岡県,福岡市博多区大博町11-10,092-409-4892, ,呉服町駅より徒歩にて約１１分,専用駐車場・提携駐車場はございません。 公式サイトから、近隣のコインパーキングをご確認下さい。,呉服町（福岡）,https://img.travel.rakuten.co.jp/share/HOTEL/172700/172700.jpg,https://img.travel.rakuten.co.jp/HIMG/90/172700.jpg,https://img.travel.rakuten.co.jp/share/HOTEL/172700/172700_kan1.jpg,https://img.travel.rakuten.co.jp/HIMG/INTERIOR/172700.jpg,https://img.travel.rakuten.co.jp/share/HOTEL/172700/172700map.gif,78.0,3.6,"これからは、こういう無人のホテルが増えるのか。時期を考えればしょうがないのか、部屋もそんなに綺麗じゃないし、チェックイン・アウトのこの方法を考えると…　2026-09-23 23:13:47投稿 <a href=""https://img.travel.rakuten.co.jp/image/tr/api/re/gJNfM/?f_hotel_no=172700"" class=""3click"">つづきはこちら</a>",002,ダブルA,5665570.0,【素泊まり】スタンダードプラン「迷ったらコレ！」,1,0,0,0,0,2,https://img.travel.rakuten.co.jp/image/tr/api/re/IdsCY/?f_no=172700&f_syu=002&f_hi1=2026-10-17&f_hi2=2026-10-18&f_heya_su=1&f_otona_su=1&f_s1=0&f_s2=0&f_y1=0&f_y2=0&f_y3=0&f_y4=0&f_camp_id=5665570,0,2026-10-17,40000,40000,0,2026-10-17,fukuoka
2960,ＪＲ九州ホテル　ブラッサム福岡,https://img.travel.rakuten.co.jp/image/tr/api/re/pvonD/?f_no=2960,https://img.travel.rakuten.co.jp/image/tr/api/re/vFumt/?f_no=2960&f_flg=PLAN,https://img.travel.rakuten.co.jp/image/tr/api/re/WzozX/?noTomariHotel=2960,https://img.travel.rakuten.co.jp/image/tr/api/re/gJNfM/?f_hotel_no=2960,じぇいあーるきゅうしゅうほてる　ぶらっさむふくおか,【博多駅筑紫口より徒歩2分】観光やビジネスの拠点に最適・空港へのアクセスも抜群｜エントリーでポイント10倍「得旅」参加中,11340,120910.62,469533.11,812-0013,福岡県,福岡市博多区博多駅東2-2-4,092-413-8787,092-413-9746,ＪＲ利用：ＪＲ博多駅筑紫口から徒歩2分。/飛行機利用：地下鉄空港線博多駅下車、筑紫口側東7番出口徒歩1分,提携の立体駐車場へご案内します。(徒歩1分、1500円/24ｈ、車体制限あり）,博多,https://img.travel.rakuten.co.jp/share/HOTEL/2960/2960.jpg,https://img.travel.rakuten.co.jp/HIMG/90/2960.jpg,https://img.travel.rakuten.co.jp/share/HOTEL/2960/2960_he.jpg,https://img.travel.rakuten.co.jp/HIMG/INTERIOR/2960.jpg,https://img.travel.rakuten.co.jp/share/HOTEL/2960/2960map.gif,1686.0,3.97,,20nsy1,【禁煙】スタンダードシングル 1名（ベッド幅120cm）,5815654.0,【スタンダード】博多駅より徒歩2分の好立地！クラシカルな空間で過ごす贅沢なひととき（食事なし）　,1,0,0,0,0,1,https://img.travel.rakuten.co.jp/image/tr/api/re/IdsCY/?f_no=2960&f_syu=20nsy1&f_hi1=2026-10-17&f_hi2=2026-10-18&f_heya_su=1&f_otona_su=1&f_s1=0&f_s2=0&f_y1=0&f_y2=0&f_y3=0&f_y4=0&f_camp_id=5815654,0,2026-10-17,31240,31240,0,2026-10-17,fukuoka
184444,プリンス　スマート　イン　博多,https://img.travel.rakuten.co.jp/image/tr/api/re/pvonD/?f_no=184444,https://img.travel.rakuten.co.jp/image/tr/api/re/vFumt/?f_no=184444&f_flg=PLAN,https://img.travel.rakuten.co.jp/image/tr/api/re/WzozX/?noTomariHotel=184444,https://img.travel.rakuten.co.jp/image/tr/api/re/gJNfM/?f_hotel_no=184444,ぷりんすすまーといんはかた,JR博多駅・博多口より徒歩約5分。新幹線・福岡空港からアクセス便利！観光や出張の拠点に。,6844,120906.64,469505.24,812-0011,福岡県,福岡市博多区博多駅前三丁目21番４号,0570-074-206,092-482-3111,JR博多駅・博多口より徒歩約5分。新幹線・福岡空港からアクセス便利！観光にもビジネスにもおすすめです。,"1泊 1,300円　※先着順 ※お支払いはご宿泊日当日クレジットカードでのご精算",博多,https://img.travel.rakuten.co.jp/share/HOTEL/184444/184444.jpg,https://img.travel.rakuten.co.jp/HIMG/90/184444.jpg,,,https://img.travel.rakuten.co.jp/share/HOTEL/184444/184444map.gif,169.0,4.09,"朝食も美味…　2026-10-08 12:40:34投稿 <a href=""https://img.travel.rakuten.co.jp/image/tr/api/re/gJNfM/?f_hotel_no=184444"" class=""3click"">つづきはこちら</a>",prdn,【禁煙】スタンダードダブル,6384591.0,【バリューレート】室料のみ（軽朝食サービス付き） ,1,0,0,0,0,2,https://img.travel.rakuten.co.jp/image/tr/api/re/IdsCY/?f_no=184444&f_syu=prdn&f_hi1=2026-10-17&f_hi2=2026-10-18&f_heya_su=1&f_otona_su=1&f_s1=0&f_s2=0&f_y1=0&f_y2=0&f_y3=0&f_y4=0&f_camp_id=6384591,0,2026-10-17,42856,42856,0,2026-10-17,fukuoka
165238,ネストホテル博多駅前,https://img.travel.rakuten.co.jp/image/tr/api/re/pvonD/?f_no=165238,https://img.travel.rakuten.co.jp/image/tr/api/re/vFumt/?f_no=165238&f_flg=PLAN,https://img.travel.rakuten.co.jp/image/tr/api/re/WzozX/?noTomariHotel=165238,https://img.travel.rakuten.co.jp/image/tr/api/re/gJNfM/?f_hotel_no=165238,ねすとほてるはかたえきまえ,【全館・全室・完全禁煙】博多駅前の好立地。睡眠環境にこだわった、安らぎの時間が流れるホテル。,8100,120917.91,469507.1,812-0011,福岡県,福岡市博多区博多駅前2-11-27,092-260-1695,092-260-1491,ＪＲ博多駅の博多口をでて徒歩にて約５分。　　空港からは地下鉄祇園駅で下車、連絡通路Ｐ４出口から徒歩にて約1分。,"有り　2台　1,500円（税込み／泊）　先着順 予約不可",博多,https://img.travel.rakuten.co.jp/share/HOTEL/165238/165238.jpg,https://img.travel.rakuten.co.jp/HIMG/90/165238.jpg,,,https://img.travel.rakuten.co.jp/share/HOTEL/165238/165238map.gif,341.0,3.79,"朝食はバイ…　2026-10-03 13:40:27投稿 <a href=""https://img.travel.rakuten.co.jp/image/tr/api/re/gJNfM/?f_hotel_no=165238"" class=""3click"">つづきはこちら</a>",sb,【禁煙/12平米/ベッド幅140】ダブルルーム【1名利用】,4789857.0,【早割7】早期予約プラン【食事なし】,1,0,0,0,0,1,https://img.travel.rakuten.co.jp/image/tr/api/re/IdsCY/?f_no=165238&f_syu=sb&f_hi1=2026-10-17&f_hi2=2026-10-18&f_heya_su=1&f_otona_su=1&f_s1=0&f_s2=0&f_y1=0&f_y2=0&f_y3=0&f_y4=0&f_camp_id=4789857,0,2026-10-17,41900,41900,0,2026-10-17,fukuoka
168722,オリエンタルホテル福岡　博多ステーション,https://img.travel.rakuten.co.jp/image/tr/api/re/pvonD/?f_no=168722,https://img.travel.rakuten.co.jp/image/tr/api/re/vFumt/?f_no=168722&f_flg=PLAN,https://img.travel.rakuten.co.jp/image/tr/api/re/WzozX/?noTomariHotel=168722,https://img.travel.rakuten.co.jp/image/tr/api/re/gJNfM/?f_hotel_no=168722,おりえんたるほてるふくおか　はかたすてーしょん,【JR博多駅隣接＆地下鉄博多駅直結】朝食レストランがグランドオープン☆ホテルこだわりの朝食ブッフェをお愉しみください！,11043,120914.18,469527.51,812-0012,福岡県,福岡市博多区博多駅中央街4-23,092-461-0170,092-461-0171,JR「博多駅」筑紫口から徒歩1分。福岡空港から地下鉄空港線で所要時間5分＆地下鉄「博多駅」直結,"Dパーキング(ホテル1F)/オオイパーキング博多駅東(竹下通り向かい):24H2,000円※予約不可",博多,https://img.travel.rakuten.co.jp/share/HOTEL/168722/168722.jpg,https://img.travel.rakuten.co.jp/HIMG/90/168722.jpg,,,https://img.travel.rakuten.co.jp/share/HOTEL/168722/168722map.gif,450.0,4.13,"朝食はおいしかった　2026-09-29 23:42:15投稿 <a href=""https://img.travel.rakuten.co.jp/image/tr/api/re/gJNfM/?f_hotel_no=168722"" class=""3click"">つづきはこちら</a>",stdb,■スタンダードダブル 15.5平米（禁煙・シャワーブース）,4344604.0,【フレキシブルレート】家族旅行におすすめ☆小学生以下添い寝可！博多駅直結（朝食ブッフェ付）,1,0,0,1,0,1,https://img.travel.rakuten.co.jp/image/tr/api/re/IdsCY/?f_no=168722&f_syu=stdb&f_hi1=2026-10-17&f_hi2=2026-10-18&f_heya_su=1&f_otona_su=1&f_s1=0&f_s2=0&f_y1=0&f_y2=0&f_y3=0&f_y4=0&f_camp_id=4344604,0,2026-10-17,70900,70900,0,2026-10-17,fukuoka
196685,十二ＨＯＴＥＬ（ジュウニホテル）,https://img.travel.rakuten.co.jp/image/tr/api/re/pvonD/?f_no=196685,https://img.travel.rakuten.co.jp/image/tr/api/re/vFumt/?f_no=196685&f_flg=PLAN,https://img.travel.rakuten.co.jp/image/tr/api/re/WzozX/?noTomariHotel=196685,https://img.travel.rakuten.co.jp/image/tr/api/re/gJNfM/?f_hotel_no=196685,じゅうにほてる,２０２５年６月開業！オールインクルーシブ×全室サウナ付。１２室限定の特別ホテル。,10260,120917.6,469656.71,812-0853,福岡県,福岡市博多区東平尾1-16-25,092-623-6383,092-623-6384,福岡空港⇔ホテル間の送迎サービスを事前予約制で実施中。,無料駐車場12台あり,福岡空港,https://img.travel.rakuten.co.jp/share/HOTEL/196685/196685.jpg,https://img.travel.rakuten.co.jp/HIMG/90/196685.jpg,,,https://img.travel.rakuten.co.jp/share/HOTEL/196685/196685map.gif,39.0,4.72,"お値段以上だと思います。　2026-10-08 12:53:47投稿 <a href=""https://img.travel.rakuten.co.jp/image/tr/api/re/gJNfM/?f_hotel_no=196685"" class=""3click"">つづきはこちら</a>",mistroom,ミストサウナ付ルーム（ダブル・30m2）(1〜2名利用),6578906.0,【楽パック★スペシャル】お部屋で楽しむオールインクルーシブ｜ミストサウナルーム(ダブル),1,0,0,0,0,2,https://img.travel.rakuten.co.jp/image/tr/api/re/IdsCY/?f_no=196685&f_syu=mistroom&f_hi1=2026-10-17&f_hi2=2026-10-18&f_heya_su=1&f_otona_su=1&f_s1=0&f_s2=0&f_y1=0&f_y2=0&f_y3=0&f_y4=0&f_camp_id=6578906,0,2026-10-17,33480,33480,0,2026-10-17,fukuoka
182870,リアリティ博多２,https://img.travel.rakuten.co.jp/image/tr/api/re/pvonD/?f_no=182870,https://img.travel.rakuten.co.jp/image/tr/api/re/vFumt/?f_no=182870&f_flg=PLAN,,https://img.travel.rakuten.co.jp/image/tr/api/re/gJNfM/?f_hotel_no=182870,りありてぃはかた２,リノベーションを行いました！最大約42㎡の開放感あるお部屋！博多駅までの利便性◎ワーケーションや長期利用にもおすすめ！,5600,120925.71,469536.3,812-0043,福岡県,福岡市博多区堅粕5-8-15,092-645-2080,092-724-3609,ＪＲ　博多駅筑紫口から徒歩約６分,近隣にコインパーキング有り,博多,https://img.travel.rakuten.co.jp/share/HOTEL/182870/182870.jpg,https://img.travel.rakuten.co.jp/HIMG/90/182870.jpg,,,https://img.travel.rakuten.co.jp/share/HOTEL/182870/182870map.gif,51.0,3.19,,dxtwn401,【禁煙】デラックスツインルーム401,5672116.0,【素泊まり】自宅のように過ごせる部屋！家族やグループ旅行オススメ！博多駅筑紫口より徒歩6分（通年）,1,0,0,0,0,2,https://img.travel.rakuten.co.jp/image/tr/api/re/IdsCY/?f_no=182870&f_syu=dxtwn401&f_hi1=2026-10-17&f_hi2=2026-10-18&f_heya_su=1&f_otona_su=1&f_s1=0&f_s2=0&f_y1=0&f_y2=0&f_y3=0&f_y4=0&f_camp_id=5672116,0,2026-10-17,25000,25000,0,2026-10-17,fukuoka
180377,ＢＵＮＳＨＯＤＯ　ＨＯＴＥＬ,https://img.travel.rakuten.co.jp/image/tr/api/re/pvonD/?f_no=180377,https://img.travel.rakuten.co.jp/image/tr/api/re/vFumt/?f_no=180377&f_flg=PLAN,https://img.travel.rakuten.co.jp/image/tr/api/re/WzozX/?noTomariHotel=180377,https://img.travel.rakuten.co.jp/image/tr/api/re/gJNfM/?f_hotel_no=180377,ぶんしょうどう　ほてる,【博多駅より徒歩５分】書籍を寄贈できるアーカイブホテル&カフェ。,3347,120916.28,469503.28,812-0011,福岡県,福岡市博多区博多駅前2-12-13,050-1724-2006,092-235-3903,博多駅博多口より徒歩にて約５分／地下鉄空港線祇園Ｐ２番出口より徒歩にて約３分,お得な駐車券販売中＜徒歩３分 【セイワパーク博多駅前】1枚1100円／最大17時間利用可能＞,博多,https://img.travel.rakuten.co.jp/share/HOTEL/180377/180377.jpg,https://img.travel.rakuten.co.jp/HIMG/90/180377.jpg,,,https://img.travel.rakuten.co.jp/share/HOTEL/180377/180377map.gif,107.0,3.73,"ロケーションもよく、朝食も美味しく、とても気持ちよく過ごせました。ただ、アメニティに髭用カミソリとないとウェアが欲しかったこと、ベッド柔らか過ぎたので私には一般にいうところのスタンダードだったら嬉しか…　2026-09-11 17:56:01投稿 <a href=""https://img.travel.rakuten.co.jp/image/tr/api/re/gJNfM/?f_hotel_no=180377"" class=""3click"">つづきはこちら</a>",ecod,◆ダブルルーム【トイレ・シャワー共有】,4835812.0,◆【直前割】間際のご予約でお得　本と人をつなぐホテル　〜素泊り,1,0,0,0,0,1,https://img.travel.rakuten.co.jp/image/tr/api/re/IdsCY/?f_no=180377&f_syu=ecod&f_hi1=2026-10-17&f_hi2=2026-10-18&f_heya_su=1&f_otona_su=1&f_s1=0&f_s2=0&f_y1=0&f_y2=0&f_y3=0&f_y4=0&f_camp_id=4835812,0,2026-10-17,23844,23844,0,2026-10-17,fukuoka
197513,ＨＯＴＥＬ　ＦＡＭＩＬＩＡ　Ｈａｋａｔａ　Ｅａｓｔ,https://img.travel.rakuten.co.jp/image/tr/api/re/pvonD/?f_no=197513,https://img.travel.rakuten.co.jp/image/tr/api/re/vFumt/?f_no=197513&f_flg=PLAN,,https://img.travel.rakuten.co.jp/image/tr/api/re/gJNfM/?f_hotel_no=197513,ほてる　ふぁみりあ　はかた　いーすと,アパートメントホテルが誕生！ご自宅のようにご利用いただけます。,3010,120932.82,469531.75,812-0043,福岡県,福岡市博多区堅粕4-12-14,092-409-4892,092-401-1057,博多駅より徒歩10分,なし,博多,https://img.travel.rakuten.co.jp/share/HOTEL/197513/197513.jpg,https://img.travel.rakuten.co.jp/HIMG/90/197513.jpg,,,https://img.travel.rakuten.co.jp/share/HOTEL/197513/197513map.gif,7.0,4.29,,ahito,1ベットルーム　アパートメントA,6314240.0,【素泊まり】スタンダードプラン「迷ったらコレ！」,1,0,0,0,0,2,https://img.travel.rakuten.co.jp/image/tr/api/re/IdsCY/?f_no=197513&f_syu=ahito&f_hi1=2026-10-17&f_hi2=2026-10-18&f_heya_su=1&f_otona_su=1&f_s1=0&f_s2=0&f_y1=0&f_y2=0&f_y3=0&f_y4=0&f_camp_id=6314240,0,2026-10-17,50668,50668,0,2026-10-17,fukuoka
182102,ＥＮ　ＨＯＴＥＬ　Ｈａｋａｔａ（エンホテル博多）,https://img.travel.rakuten.co.jp/image/tr/api/re/pvonD/?f_no=182102,https://img.travel.rakuten.co.jp/image/tr/api/re/vFumt/?f_no=182102&f_flg=PLAN,https://img.travel.rakuten.co.jp/image/tr/api/re/WzozX/?noTomariHotel=182102,https://img.travel.rakuten.co.jp/image/tr/api/re/gJNfM/?f_hotel_no=182102,えん　ほてる　はかた,博多駅（JR・地下鉄）徒歩7分、櫛田神社前駅（地下鉄）徒歩2分、キャナルシティ徒歩2分。スマートTV、Wifi全室完備。,5000,120911.92,469496.68,812-0011,福岡県,福岡市博多区博多駅前3-30-25,092-461-0505,092-475-2680,博多駅（JR・地下鉄）徒歩7分・櫛田神社前駅（地下鉄）徒歩2分,提携駐車場なし。近隣コインパーキング参照,博多,https://img.travel.rakuten.co.jp/share/HOTEL/182102/182102.jpg,https://img.travel.rakuten.co.jp/HIMG/90/182102.jpg,,,https://img.travel.rakuten.co.jp/share/HOTEL/182102/182102map.gif,243.0,3.83,"スタッフさんの対応がとても親切でした。　2026-07-20 12:49:37投稿 <a href=""https://img.travel.rakuten.co.jp/image/tr/api/re/gJNfM/?f_hotel_no=182102"" class=""3click"">つづきはこちら</a>",es,EN Single,5879892.0,◆【返金不可】事前決済限定Non Refundableプラン＊　素泊まり◆,1,0,0,0,0,2,https://img.travel.rakuten.co.jp/image/tr/api/re/IdsCY/?f_no=182102&f_syu=es&f_hi1=2026-10-17&f_hi2=2026-10-18&f_heya_su=1&f_otona_su=1&f_s1=0&f_s2=0&f_y1=0&f_y2=0&f_y3=0&f_y4=0&f_camp_id=5879892,0,2026-10-17,26690,26690,0,2026-10-17,fukuoka
199417,ＨＯＴＥＬ　ＭＥＬＮＡ　ＨＡＫＡＴＡ,https://img.travel.rakuten.co.jp/image/tr/api/re/pvonD/?f_no=199417,https://img.travel.rakuten.co.jp/image/tr/api/re/vFumt/?f_no=199417&f_flg=PLAN,,https://img.travel.rakuten.co.jp/image/tr/api/re/gJNfM/?f_hotel_no=199417,ほてるめるなはかた,アパートメントホテルが誕生！,2674,120873.17,469507.7,812-0017,福岡県,福岡市博多区美野島2-21-18,092-409-4892,--,博多駅から徒歩で約20分,なし,博多,https://img.travel.rakuten.co.jp/share/HOTEL/199417/199417.jpg,https://img.travel.rakuten.co.jp/HIMG/90/199417.jpg,,,https://img.travel.rakuten.co.jp/share/HOTEL/199417/199417map.gif,12.0,4.5,,ehito,コンフォート4人部屋A,6520462.0,【素泊まり】スタンダードプラン「迷ったらコレ！」,1,0,0,0,0,2,https://img.travel.rakuten.co.jp/image/tr/api/re/IdsCY/?f_no=199417&f_syu=ehito&f_hi1=2026-10-17&f_hi2=2026-10-18&f_heya_su=1&f_otona_su=1&f_s1=0&f_s2=0&f_y1=0&f_y2=0&f_y3=0&f_y4=0&f_camp_id=6520462,0,2026-10-17,55335,55335,0,2026-10-17,fukuoka
177451,クインテッサホテル福岡博多　Ｒｅｌａｘ＆Ｓｌｅｅｐ,https://img.travel.rakuten.co.jp/image/tr/api/re/pvonD/?f_no=177451,https://img.travel.rakuten.co.jp/image/tr/api/re/vFumt/?f_no=177451&f_flg=PLAN,https://img.travel.rakuten.co.jp/image/tr/api/re/WzozX/?noTomariHotel=177451,https://img.travel.rakuten.co.jp/image/tr/api/re/gJNfM/?f_hotel_no=177451,くいんてっさほてるふくおかはかた　りらっくす　あんど　すりーぷ,2023年5月1日リブランドオープン！博多駅から徒歩7分の好立地。スランバー社製ベッドやアロマストーンで上質な睡眠を。,6600,120901.78,469537.78,812-0013,福岡県,福岡市博多区博多駅東2-9-29,092-292-6728,092-292-6729,博多駅より徒歩にて約７分。福岡空港から地下鉄空港線経由で約25分。,無し,博多,https://img.travel.rakuten.co.jp/share/HOTEL/177451/177451.jpg,https://img.travel.rakuten.co.jp/HIMG/90/177451.jpg,,,https://img.travel.rakuten.co.jp/share/HOTEL/177451/177451map.gif,198.0,4.11,"早朝アウトの時、キードロップで良いのかと相方と話してたら天使のような可愛いスタッフが有り難う御座いましたと現れた。朝から…　2025-12-10 21:40:25投稿 <a href=""https://img.travel.rakuten.co.jp/image/tr/api/re/gJNfM/?f_hotel_no=177451"" class=""3click"">つづきはこちら</a>",qan,スタンダードクイーン,5692905.0,【スタンダードプラン】上質な睡眠・出張の疲れを癒します。(素泊まり),1,0,0,0,0,1,https://img.travel.rakuten.co.jp/image/tr/api/re/IdsCY/?f_no=177451&f_syu=qan&f_hi1=2026-10-17&f_hi2=2026-10-18&f_heya_su=1&f_otona_su=1&f_s1=0&f_s2=0&f_y1=0&f_y2=0&f_y3=0&f_y4=0&f_camp_id=5692905,0,2026-10-17,41000,41000,0,2026-10-17,fukuoka
158367,FORZA　ホテルフォルツァ博多駅博多口,https://img.travel.rakuten.co.jp/image/tr/api/re/pvonD/?f_no=158367,https://img.travel.rakuten.co.jp/image/tr/api/re/vFumt/?f_no=158367&f_flg=PLAN,https://img.travel.rakuten.co.jp/image/tr/api/re/WzozX/?noTomariHotel=158367,https://img.travel.rakuten.co.jp/image/tr/api/re/gJNfM/?f_hotel_no=158367,ふぉるつぁはかたえきはかたぐち,駅近のちょっと路地裏ホテルです　静かな環境でお休みください★選べる長時間ステイプラン好評販売中！ご予定に合わせてどうぞ★,7500,120915.33,469512.34,812-0011,福岡県,福岡市博多区博多駅前2-1-15,092-473-7113,092-473-1121,JR博多駅（博多口）より徒歩約3分。福岡空港より地下鉄博多駅まで約5分。福岡空港よりタクシーで約20分☆利便性抜群☆,ございません,博多,https://img.travel.rakuten.co.jp/share/HOTEL/158367/158367.jpg,https://img.travel.rakuten.co.jp/HIMG/90/158367.jpg,https://img.travel.rakuten.co.jp/share/HOTEL/158367/158367_kan.jpg,https://img.travel.rakuten.co.jp/HIMG/INTERIOR/158367.jpg,https://img.travel.rakuten.co.jp/share/HOTEL/158367/158367map.gif,742.0,4.29,"朝食は種類はありまし…　2026-03-23 16:01:42投稿 <a href=""https://img.travel.rakuten.co.jp/image/tr/api/re/gJNfM/?f_hotel_no=158367"" class=""3click"">つづきはこちら</a>",hd2,【全館禁煙/マッサージチェアがある】ヒーリングダブル,6424921.0,【得割！】【FORZAスタンダードプラン】博多駅博多口から徒歩3分！全室禁煙/素泊まり,1,0,0,0,0,1,https://img.travel.rakuten.co.jp/image/tr/api/re/IdsCY/?f_no=158367&f_syu=hd2&f_hi1=2026-10-17&f_hi2=2026-10-18&f_heya_su=1&f_otona_su=1&f_s1=0&f_s2=0&f_y1=0&f_y2=0&f_y3=0&f_y4=0&f_camp_id=6424921,0,2026-10-17,44000,44000,0,2026-10-17,fukuoka
162868,Ｓｔａｙ　Ａｉｒｐｏｒｔ,https://img.travel.rakuten.co.jp/image/tr/api/re/pvonD/?f_no=162868,https://img.travel.rakuten.co.jp/image/tr/api/re/vFumt/?f_no=162868&f_flg=PLAN,https://img.travel.rakuten.co.jp/image/tr/api/re/WzozX/?noTomariHotel=162868,https://img.travel.rakuten.co.jp/image/tr/api/re/gJNfM/?f_hotel_no=162868,すてい　えあぽーと,出張にも便利。福岡空港まで徒歩約10分　,5189,120946.6,469629.99,812-0002,福岡県,福岡市博多区空港前2-11-15,092-406-8470,,福岡空港国内線A出口より徒歩約10分,"あり。（事前予約制）1泊1,300円",福岡空港,https://img.travel.rakuten.co.jp/share/HOTEL/162868/162868.jpg,https://img.travel.rakuten.co.jp/HIMG/90/162868.jpg,https://img.travel.rakuten.co.jp/share/HOTEL/162868/162868_kan1.jpg,https://img.travel.rakuten.co.jp/HIMG/INTERIOR/162868.jpg,https://img.travel.rakuten.co.jp/share/HOTEL/162868/162868map.gif,115.0,4.1,"口コミで「音が気になる」という声があったので少し心配していました。21時頃までは階段を上がる音などが聞こえました。ただ、その後は特に気になること…　2026-09-21 19:53:02投稿 <a href=""https://img.travel.rakuten.co.jp/image/tr/api/re/gJNfM/?f_hotel_no=162868"" class=""3click"">つづきはこちら</a>",trp,トリプルルーム禁煙,5857043.0,【選べるアメニティバイキング】素泊まりプラン〜福岡空港国内線まで徒歩10分〜,1,0,0,0,0,2,https://img.travel.rakuten.co.jp/image/tr/api/re/IdsCY/?f_no=162868&f_syu=trp&f_hi1=2026-10-17&f_hi2=2026-10-18&f_heya_su=1&f_otona_su=1&f_s1=0&f_s2=0&f_y1=0&f_y2=0&f_y3=0&f_y4=0&f_camp_id=5857043,0,2026-10-17,26325,26325,0,2026-10-17,fukuoka
181717,ホテルリブマックス博多駅前,https://img.travel.rakuten.co.jp/image/tr/api/re/pvonD/?f_no=181717,https://img.travel.rakuten.co.jp/image/tr/api/re/vFumt/?f_no=181717&f_flg=PLAN,https://img.travel.rakuten.co.jp/image/tr/api/re/WzozX/?noTomariHotel=181717,https://img.travel.rakuten.co.jp/image/tr/api/re/gJNfM/?f_hotel_no=181717,ほてるりぶまっくすはかたえきまえ,【2020年12月OPEN】「博多駅」徒歩5分　加湿空気清浄機＆電子レンジなど充実のルームコンテンツ,5376,120913.17,469500.65,812-0011,福岡県,福岡市博多区博多駅前2-7-9,092-419-2280,092-419-2281,「博多」駅より徒歩5分,無し※近隣にコインパーキング多数あり！,博多,https://img.travel.rakuten.co.jp/share/HOTEL/181717/181717.jpg,https://img.travel.rakuten.co.jp/HIMG/90/181717.jpg,,,https://img.travel.rakuten.co.jp/share/HOTEL/181717/181717map.gif,319.0,3.62,"部屋が広くて、冷蔵庫も大きく、洗濯機やレンジも部屋にありました。お風呂とトイレも別です。子供と泊まるにはとっても良いホテルでした。博多駅からは少し歩きますが、地下鉄の駅が近いです。　2026-08-16 20:29:18投稿 <a href=""https://img.travel.rakuten.co.jp/image/tr/api/re/gJNfM/?f_hotel_no=181717"" class=""3click"">つづきはこちら</a>",pt-1,【ペット同伴ルーム】シングル/禁煙/２２平米,5816867.0,【Dog×Stay】ワンちゃん同伴宿泊プラン【直前予約限定でポイント１０倍付き】【素泊り】,10,0,0,0,0,1,https://img.travel.rakuten.co.jp/image/tr/api/re/IdsCY/?f_no=181717&f_syu=pt-1&f_hi1=2026-10-17&f_hi2=2026-10-18&f_heya_su=1&f_otona_su=1&f_s1=0&f_s2=0&f_y1=0&f_y2=0&f_y3=0&f_y4=0&f_camp_id=5816867,0,2026-10-17,37000,37000,0,2026-10-17,fukuoka
172008,ホテルリブマックス博多駅南,https://img.travel.rakuten.co.jp/image/tr/api/re/pvonD/?f_no=172008,https://img.travel.rakuten.co.jp/image/tr/api/re/vFumt/?f_no=172008&f_flg=PLAN,https://img.travel.rakuten.co.jp/image/tr/api/re/WzozX/?noTomariHotel=172008,https://img.travel.rakuten.co.jp/image/tr/api/re/gJNfM/?f_hotel_no=172008,りぶまっくすはかたえきみなみ,2018年11月グランドオープン！博多駅前Ｃからバスで駅南三丁目下車徒歩1分！でホテル到着,5100,120884.93,469537.32,812-0016,福岡県,福岡市博多区博多駅南3-7-32,092-433-0400,092-433-0401,山陽新幹線／ＪＲ鹿児島本線／地下鉄空港線　博多駅筑紫口東6番より徒歩にて約１2分,なし,博多,https://img.travel.rakuten.co.jp/share/HOTEL/172008/172008.jpg,https://img.travel.rakuten.co.jp/HIMG/90/172008.jpg,,,https://img.travel.rakuten.co.jp/share/HOTEL/172008/172008map.gif,217.0,3.12,"室内も綺麗でした。　2026-09-09 15:13:12投稿 <a href=""https://img.travel.rakuten.co.jp/image/tr/api/re/gJNfM/?f_hotel_no=172008"" class=""3click"">つづきはこちら</a>",sb-sr,★シングルルーム★喫煙★セミダブルベッド,5741375.0,【リブマックスセール】《15％OFF》ホテルリブマックス博多駅南【素泊り】,1,0,0,0,0,1,https://img.travel.rakuten.co.jp/image/tr/api/re/IdsCY/?f_no=172008&f_syu=sb-sr&f_hi1=2026-10-17&f_hi2=2026-10-18&f_heya_su=1&f_otona_su=1&f_s1=0&f_s2=0&f_y1=0&f_y2=0&f_y3=0&f_y4=0&f_camp_id=5741375,0,2026-10-17,39100,39100,0,2026-10-17,fukuoka
197238,ＨＯＴＥＬ　ＲＯＩ　博多,https://img.travel.rakuten.co.jp/image/tr/api/re/pvonD/?f_no=197238,https://img.travel.rakuten.co.jp/image/tr/api/re/vFumt/?f_no=197238&f_flg=PLAN,,https://img.travel.rakuten.co.jp/image/tr/api/re/gJNfM/?f_hotel_no=197238,あーるおーあいはかた,マンションがホテルに！ご自宅のようにご利用いただけます！,4065,120892.72,469508.97,812-0011,福岡県,福岡市博多区博多駅前4-6-13,092-409-4892,092-401-1057,博多駅から徒歩で約１０分,無し,博多,https://img.travel.rakuten.co.jp/share/HOTEL/197238/197238.jpg,https://img.travel.rakuten.co.jp/HIMG/90/197238.jpg,,,https://img.travel.rakuten.co.jp/share/HOTEL/197238/197238map.gif,17.0,4.44,"ただ２点、シャワーハンガーがぐらついていたのが気になったのと、入…　2026-10-05 17:36:46投稿 <a href=""https://img.travel.rakuten.co.jp/image/tr/api/re/gJNfM/?f_hotel_no=197238"" class=""3click"">つづきはこちら</a>",bhito,ファミリーB,6294345.0,【素泊まり】スタンダードプラン「迷ったらコレ！」,1,0,0,0,0,2,https://img.travel.rakuten.co.jp/image/tr/api/re/IdsCY/?f_no=197238&f_syu=bhito&f_hi1=2026-10-17&f_hi2=2026-10-18&f_heya_su=1&f_otona_su=1&f_s1=0&f_s2=0&f_y1=0&f_y2=0&f_y3=0&f_y4=0&f_camp_id=6294345,0,2026-10-17,73335,73335,0,2026-10-17,fukuoka
183346,ｍｉｚｕｋａ　Ｂｕｓｉｎｅｓｓ　キャナルシティ博多前,https://img.travel.rakuten.co.jp/image/tr/api/re/pvonD/?f_no=183346,https://img.travel.rakuten.co.jp/image/tr/api/re/vFumt/?f_no=183346&f_flg=PLAN,https://img.travel.rakuten.co.jp/image/tr/api/re/WzozX/?noTomariHotel=183346,https://img.travel.rakuten.co.jp/image/tr/api/re/gJNfM/?f_hotel_no=183346,みずか　びじねす　きゃなるしてぃはかたまえ,"櫛田神社前駅1分,JR博多駅8分！福岡空港からもアクセス良好◎  ビジネス出張&レジャー利用に便利なシティホテル。",4250,120915.61,469493.56,812-0038,福岡県,福岡市博多区祇園町6-22,092-688-2221,-,地下鉄空港線　祇園駅から徒歩5分　JR博多駅より徒歩8分　櫛田神社前駅より徒歩1分,無し,祇園（福岡）,https://img.travel.rakuten.co.jp/share/HOTEL/183346/183346.jpg,https://img.travel.rakuten.co.jp/HIMG/90/183346.jpg,,,https://img.travel.rakuten.co.jp/share/HOTEL/183346/183346map.gif,384.0,3.5,"部屋は最低限の広さと設備があり、泊まることが目的だった私には十分でした…　2026-10-06 12:24:34投稿 <a href=""https://img.travel.rakuten.co.jp/image/tr/api/re/gJNfM/?f_hotel_no=183346"" class=""3click"">つづきはこちら</a>",bus_csh02,ダブルルーム(D1S0)_喫煙（連泊清掃なし）,5278674.0,【口コミ 10％OFF】福岡満喫プラン♪ ,1,0,0,0,0,1,https://img.travel.rakuten.co.jp/image/tr/api/re/IdsCY/?f_no=183346&f_syu=bus_csh02&f_hi1=2026-10-17&f_hi2=2026-10-18&f_heya_su=1&f_otona_su=1&f_s1=0&f_s2=0&f_y1=0&f_y2=0&f_y3=0&f_y4=0&f_camp_id=5278674,0,2026-10-17,31000,31000,0,2026-10-17,fukuoka
174944,ヴィンテージＩＩＩ／民泊,https://img.travel.rakuten.co.jp/image/tr/api/re/pvonD/?f_no=174944,https://img.travel.rakuten.co.jp/image/tr/api/re/vFumt/?f_no=174944&f_flg=PLAN,,https://img.travel.rakuten.co.jp/image/tr/api/re/gJNfM/?f_hotel_no=174944,,【民泊】,3132,120871.35,469296.04,814-0005,福岡県,福岡市早良区祖原8-21,090-3685-1866,000-000-0000,西新駅より徒歩にて約４分,無し,西新,https://img.travel.rakuten.co.jp/share/HOTEL/174944/174944.jpg,https://img.travel.rakuten.co.jp/HIMG/90/174944.jpg,,,https://img.travel.rakuten.co.jp/share/HOTEL/174944/174944map.gif,8.0,3.5,,r14908_4,ヴィンテージIII 303,4761013.0,【無料Wi-Fi】博多や天神へのアクセス良好☆西新駅から徒歩圏内!! ロフト付,1,0,0,0,0,2,https://img.travel.rakuten.co.jp/image/tr/api/re/IdsCY/?f_no=174944&f_syu=r14908_4&f_hi1=2026-10-17&f_hi2=2026-10-18&f_heya_su=1&f_otona_su=1&f_s1=0&f_s2=0&f_y1=0&f_y2=0&f_y3=0&f_y4=0&f_camp_id=4761013,0,2026-10-17,37120,37120,0,2026-10-17,fukuoka
172418,Ｃｌｏｕｄ　Ｓｈａｒｉｎｇ　Ｈｏｔｅｌ　＠ＨＡＫＡＴＡ　１,https://img.travel.rakuten.co.jp/image/tr/api/re/pvonD/?f_no=172418,https://img.travel.rakuten.co.jp/image/tr/api/re/vFumt/?f_no=172418&f_flg=PLAN,,https://img.travel.rakuten.co.jp/image/tr/api/re/gJNfM/?f_hotel_no=172418,くらうどしぇありんぐほてる　あっと　はかた　わん,博多駅徒歩１2分地下鉄七隈線櫛田神社前駅徒歩4分☆キャナルシティ３分☆ゲストハウス☆便利でリーズナブルな宿です！,3500,120902.16,469491.51,812-0018,福岡県,福岡市博多区住吉2-14-1　エトランゼ博多3階,090-3663-2473,000-000-0000,ＪＲ博多駅より徒歩12分 地下鉄七隈線櫛田神社前駅徒歩4分,無し,博多,https://img.travel.rakuten.co.jp/share/HOTEL/172418/172418.jpg,https://img.travel.rakuten.co.jp/HIMG/90/172418.jpg,https://img.travel.rakuten.co.jp/share/HOTEL/172418/172418_kan1.jpg,https://img.travel.rakuten.co.jp/HIMG/INTERIOR/172418.jpg,https://img.travel.rakuten.co.jp/share/HOTEL/172418/172418map.gif,38.0,3.26,"トイレは…　2026-10-06 12:20:06投稿 <a href=""https://img.travel.rakuten.co.jp/image/tr/api/re/gJNfM/?f_hotel_no=172418"" class=""3click"">つづきはこちら</a>",172418,女性専用ドミトリー2階,,,5,0,0,0,0,2,https://img.travel.rakuten.co.jp/image/tr/api/re/IdsCY/?f_no=172418&f_syu=172418&f_hi1=2026-10-17&f_hi2=2026-10-18&f_heya_su=1&f_otona_su=1&f_s1=0&f_s2=0&f_y1=0&f_y2=0&f_y3=0&f_y4=0,1,2026-10-17,7800,7800,0,2026-10-17,fukuoka
172428,ホテル　東興　博多・祇園,https://img.travel.rakuten.co.jp/image/tr/api/re/pvonD/?f_no=172428,https://img.travel.rakuten.co.jp/image/tr/api/re/vFumt/?f_no=172428&f_flg=PLAN,https://img.travel.rakuten.co.jp/image/tr/api/re/WzozX/?noTomariHotel=172428,https://img.travel.rakuten.co.jp/image/tr/api/re/gJNfM/?f_hotel_no=172428,とうこう　はかた　ぎおん,２０１９年４月末　地下鉄祇園駅近くにホテル東興　博多・祇園 オープン。,1900,120941.04,469494.73,812-0036,福岡県,福岡市博多区上呉服町6-29,0345319681,05035884687,地下鉄空港線　祇園駅より徒歩８分／地下鉄箱崎線　呉服町駅より徒歩にて約４分／福岡空港よりお車にて約１５分,無し,祇園（福岡）,https://img.travel.rakuten.co.jp/share/HOTEL/172428/172428.jpg,https://img.travel.rakuten.co.jp/HIMG/90/172428.jpg,https://img.travel.rakuten.co.jp/share/HOTEL/172428/172428_kan1.jpg,https://img.travel.rakuten.co.jp/HIMG/INTERIOR/172428.jpg,https://img.travel.rakuten.co.jp/share/HOTEL/172428/172428map.gif,80.0,2.83,"チェックイン、チェック…　2026-09-24 17:01:33投稿 <a href=""https://img.travel.rakuten.co.jp/image/tr/api/re/gJNfM/?f_hotel_no=172428"" class=""3click"">つづきはこちら</a>",0007,ロフト付き和モダンルーム（205）（連泊清掃なし）,5052782.0,【35％OFF 口コミプラン】チェックイン29時までOK♪Wi-Fi完備♪キッチン付きのお部屋あり,1,0,0,0,0,2,https://img.travel.rakuten.co.jp/image/tr/api/re/IdsCY/?f_no=172428&f_syu=0007&f_hi1=2026-10-17&f_hi2=2026-10-18&f_heya_su=1&f_otona_su=1&f_s1=0&f_s2=0&f_y1=0&f_y2=0&f_y3=0&f_y4=0&f_camp_id=5052782,0,2026-10-17,35000,35000,0,2026-10-17,fukuoka
178602,グランドベース博多住吉,https://img.travel.rakuten.co.jp/image/tr/api/re/pvonD/?f_no=178602,https://img.travel.rakuten.co.jp/image/tr/api/re/vFumt/?f_no=178602&f_flg=PLAN,https://img.travel.rakuten.co.jp/image/tr/api/re/WzozX/?noTomariHotel=178602,https://img.travel.rakuten.co.jp/image/tr/api/re/gJNfM/?f_hotel_no=178602,ぐらんどべーすはかたすみよし,【無人フロントホテル】＜広い客室・キーレス＞住吉バス停７分。全室ソファースペース、キッチン、洗濯機あり,3640,120884.31,469506.57,812-0018,福岡県,福岡市博多区住吉5-6-21,092-409-4892,,博多駅からは徒歩15分！バスなら5分で最寄りの「住吉」に到着、下車後徒歩5分。天神からはバスで10分。,専用駐車場・提携駐車場はございません。 公式サイトから、近隣のコインパーキングをご確認下さい。,博多,https://img.travel.rakuten.co.jp/share/HOTEL/178602/178602.jpg,https://img.travel.rakuten.co.jp/HIMG/90/178602.jpg,https://img.travel.rakuten.co.jp/share/HOTEL/178602/178602_kan1.jpg,https://img.travel.rakuten.co.jp/HIMG/INTERIOR/178602.jpg,https://img.travel.rakuten.co.jp/share/HOTEL/178602/178602map.gif,21.0,4.57,"清掃が行き届いていてとても清潔感があり、気持ちよく利用させていただきました。ビジネスホテルにはない広さで快適に家族５名（夫婦+子ども３人）宿泊できました。また利用したいと思うホテルです！　2026-08-25 13:00:41投稿 <a href=""https://img.travel.rakuten.co.jp/image/tr/api/re/gJNfM/?f_hotel_no=178602"" class=""3click"">つづきはこちら</a>",ahito,ベーシックA,4733494.0,【素泊まり】スタンダードプラン「迷ったらコレ！」,1,0,0,0,0,2,https://img.travel.rakuten.co.jp/image/tr/api/re/IdsCY/?f_no=178602&f_syu=ahito&f_hi1=2026-10-17&f_hi2=2026-10-18&f_heya_su=1&f_otona_su=1&f_s1=0&f_s2=0&f_y1=0&f_y2=0&f_y3=0&f_y4=0&f_camp_id=4733494,0,2026-10-17,76670,76670,0,2026-10-17,fukuoka
183135,＆ＨＯＴＥＬ　ＨＡＫＡＴＡ,https://img.travel.rakuten.co.jp/image/tr/api/re/pvonD/?f_no=183135,https://img.travel.rakuten.co.jp/image/tr/api/re/vFumt/?f_no=183135&f_flg=PLAN,https://img.travel.rakuten.co.jp/image/tr/api/re/WzozX/?noTomariHotel=183135,https://img.travel.rakuten.co.jp/image/tr/api/re/gJNfM/?f_hotel_no=183135,あんどほてる　はかた,2021年8月オープン。人気カフェ併設のカルチャー系ビジネスホテル。,4765,120929.15,469489.85,812-0039,福岡県,福岡市博多区冷泉町9-6,050-1721-0831,092-235-3903,福岡市営地下鉄 祇園駅より徒歩約4分,駐車場付きプランをご予約ください。※1日1組限定,祇園（福岡）,https://img.travel.rakuten.co.jp/share/HOTEL/183135/183135.jpg,https://img.travel.rakuten.co.jp/HIMG/90/183135.jpg,,,https://img.travel.rakuten.co.jp/share/HOTEL/183135/183135map.gif,92.0,3.64,"友人2人旅でした。ツインのベットスペースは十分。お風呂はシャワーのみで狭いが許容範囲。洗面所トイレもそれぞれあり不便はありません。キャリーケースを広げるスペースはないので布団の上になります。夜中2時頃…　2026-06-30 11:52:03投稿 <a href=""https://img.travel.rakuten.co.jp/image/tr/api/re/gJNfM/?f_hotel_no=183135"" class=""3click"">つづきはこちら</a>",5,スーペリア ツイン,5205782.0,◆【シンプルステイ】観光やビジネスの拠点に！シンプルでオシャレな空間で過ごす福岡STAY　素泊り,1,0,0,0,0,1,https://img.travel.rakuten.co.jp/image/tr/api/re/IdsCY/?f_no=183135&f_syu=5&f_hi1=2026-10-17&f_hi2=2026-10-18&f_heya_su=1&f_otona_su=1&f_s1=0&f_s2=0&f_y1=0&f_y2=0&f_y3=0&f_y4=0&f_camp_id=5205782,0,2026-10-17,61062,61062,0,2026-10-17,fukuoka
197940,Ｔａｂｉ　ａｎｄ．－ｌｉｇｈｔ－博多０１,https://img.travel.rakuten.co.jp/image/tr/api/re/pvonD/?f_no=197940,https://img.travel.rakuten.co.jp/image/tr/api/re/vFumt/?f_no=197940&f_flg=PLAN,,https://img.travel.rakuten.co.jp/image/tr/api/re/gJNfM/?f_hotel_no=197940,たびあんどらいとはかた01,2025年10月に誕生！新築アパートメント型ホテルです！,2480,120893.03,469553.41,812-0014,福岡県,福岡市博多区比恵町16-10,092-409-4892,092-401-1057,博多駅より徒歩15分,なし,博多,https://img.travel.rakuten.co.jp/share/HOTEL/197940/197940.jpg,https://img.travel.rakuten.co.jp/HIMG/90/197940.jpg,,,https://img.travel.rakuten.co.jp/share/HOTEL/197940/197940map.gif,10.0,4.3,,dhito,デラックススイートD,6361174.0,【素泊まり】スタンダードプラン「迷ったらコレ！」,1,0,0,0,0,2,https://img.travel.rakuten.co.jp/image/tr/api/re/IdsCY/?f_no=197940&f_syu=dhito&f_hi1=2026-10-17&f_hi2=2026-10-18&f_heya_su=1&f_otona_su=1&f_s1=0&f_s2=0&f_y1=0&f_y2=0&f_y3=0&f_y4=0&f_camp_id=6361174,0,2026-10-17,74668,74668,0,2026-10-17,fukuoka
189216,ホテル風林,https://img.travel.rakuten.co.jp/image/tr/api/re/pvonD/?f_no=189216,https://img.travel.rakuten.co.jp/image/tr/api/re/vFumt/?f_no=189216&f_flg=PLAN,,https://img.travel.rakuten.co.jp/image/tr/api/re/gJNfM/?f_hotel_no=189216,ふうりん,２０２４年３月リニューアルオープン！博多駅から徒歩８分で観光・ビジネスにも好立地です♪,4316,120927.55,469515.45,812-0011,福岡県,福岡市博多区博多駅前1-23-11-1,092-409-4892,092-401-1057,博多駅より徒歩約８分,専用駐車場・提携駐車場はございません。 公式サイトから、近隣のコインパーキングをご確認下さい。,博多,https://img.travel.rakuten.co.jp/share/HOTEL/189216/189216.jpg,https://img.travel.rakuten.co.jp/HIMG/90/189216.jpg,,,https://img.travel.rakuten.co.jp/share/HOTEL/189216/189216map.gif,19.0,4.3,"博多駅に近くて便利。コンビニも近く。夜飲みも近くの居酒屋で　2026-09-18 10:19:16投稿 <a href=""https://img.travel.rakuten.co.jp/image/tr/api/re/gJNfM/?f_hotel_no=189216"" class=""3click"">つづきはこちら</a>",bhito,スタンダードツインB,5900526.0,【素泊まり】スタンダードプラン「迷ったらコレ！」,1,0,0,0,0,2,https://img.travel.rakuten.co.jp/image/tr/api/re/IdsCY/?f_no=189216&f_syu=bhito&f_hi1=2026-10-17&f_hi2=2026-10-18&f_heya_su=1&f_otona_su=1&f_s1=0&f_s2=0&f_y1=0&f_y2=0&f_y3=0&f_y4=0&f_camp_id=5900526,0,2026-10-17,61670,61670,0,2026-10-17,fukuoka
197236,Ａｄｖａｎｃｅｄ　Ｓｔａｙ　Ｈａｋａｔａ,https://img.travel.rakuten.co.jp/image/tr/api/re/pvonD/?f_no=197236,https://img.travel.rakuten.co.jp/image/tr/api/re/vFumt/?f_no=197236&f_flg=PLAN,,https://img.travel.rakuten.co.jp/image/tr/api/re/gJNfM/?f_hotel_no=197236,あどばんすどすていはかた,2025年8月アパートメントホテルがリニューアルオープン！,2646,120882.44,469504.56,812-0018,福岡県,福岡市博多区住吉5-18-19,092-409-4892,092-401-1057,博多駅より徒歩約１５分,無し,博多,https://img.travel.rakuten.co.jp/share/HOTEL/197236/197236.jpg,https://img.travel.rakuten.co.jp/HIMG/90/197236.jpg,,,https://img.travel.rakuten.co.jp/share/HOTEL/197236/197236map.gif,5.0,2.6,,bhito,スタンダードダブルB,6298989.0,【素泊まり】スタンダードプラン「迷ったらコレ！」,1,0,0,0,0,2,https://img.travel.rakuten.co.jp/image/tr/api/re/IdsCY/?f_no=197236&f_syu=bhito&f_hi1=2026-10-17&f_hi2=2026-10-18&f_heya_su=1&f_otona_su=1&f_s1=0&f_s2=0&f_y1=0&f_y2=0&f_y3=0&f_y4=0&f_camp_id=6298989,0,2026-10-17,41335,41335,0,2026-10-17,fukuoka
198371,Ｌｉｖｉｎｇ　ｌｉｋｅ　Ｈｏｔｅｌ　博多駅南,https://img.travel.rakuten.co.jp/image/tr/api/re/pvonD/?f_no=198371,https://img.travel.rakuten.co.jp/image/tr/api/re/vFumt/?f_no=198371&f_flg=PLAN,,https://img.travel.rakuten.co.jp/image/tr/api/re/gJNfM/?f_hotel_no=198371,りびんぐらいくほてるはかたえきみなみ,駅近ホテルで市街地へのアクセスも良好です！,3375,120879.74,469527.76,812-0016,福岡県,福岡市博多区博多駅南2-18-15,092-292-1015,--,博多駅よりお車で約4分、徒歩で14分,なし,博多,https://img.travel.rakuten.co.jp/share/HOTEL/198371/198371.jpg,https://img.travel.rakuten.co.jp/HIMG/90/198371.jpg,,,https://img.travel.rakuten.co.jp/share/HOTEL/198371/198371map.gif,13.0,3.77,,l25hp12mel,【全室禁煙】スタンダードツインルーム,6375066.0,【返金不可プラン】ご予定が決まった方はこちらから！,1,0,0,0,0,2,https://img.travel.rakuten.co.jp/image/tr/api/re/IdsCY/?f_no=198371&f_syu=l25hp12mel&f_hi1=2026-10-17&f_hi2=2026-10-18&f_heya_su=1&f_otona_su=1&f_s1=0&f_s2=0&f_y1=0&f_y2=0&f_y3=0&f_y4=0&f_camp_id=6375066,0,2026-10-17,38266,38266,0,2026-10-17,fukuoka
172999,Ｅｎｚｏ　Ｆｕｋｕｏｋａ　Ｂ,https://img.travel.rakuten.co.jp/image/tr/api/re/pvonD/?f_no=172999,https://img.travel.rakuten.co.jp/image/tr/api/re/vFumt/?f_no=172999&f_flg=PLAN,https://img.travel.rakuten.co.jp/image/tr/api/re/WzozX/?noTomariHotel=172999,https://img.travel.rakuten.co.jp/image/tr/api/re/gJNfM/?f_hotel_no=172999,えんぞ　ふくおか　び,福岡空港徒歩２分、福岡空港駅徒歩３分　ビジネスや観光に便利な立地です。,9850,120943.21,469625.43,812-0002,福岡県,福岡市博多区空港前2-6-5,05031962080,050-3457-7382,福岡空港駅より徒歩にて約２分,無し,福岡空港,https://img.travel.rakuten.co.jp/share/HOTEL/172999/172999.jpg,https://img.travel.rakuten.co.jp/HIMG/90/172999.jpg,,,https://img.travel.rakuten.co.jp/share/HOTEL/172999/172999map.gif,69.0,4.56,"玄関電子錠は暗礁番号入力後にO…　2026-09-28 10:21:37投稿 <a href=""https://img.travel.rakuten.co.jp/image/tr/api/re/gJNfM/?f_hotel_no=172999"" class=""3click"">つづきはこちら</a>",b206,3シングルベッドルーム 206,,,1,0,0,0,0,2,https://img.travel.rakuten.co.jp/image/tr/api/re/IdsCY/?f_no=172999&f_syu=b206&f_hi1=2026-10-17&f_hi2=2026-10-18&f_heya_su=1&f_otona_su=1&f_s1=0&f_s2=0&f_y1=0&f_y2=0&f_y3=0&f_y4=0,1,2026-10-17,22720,22720,1,2026-10-17,fukuoka
182327,グランドベース博多プレミアム,https://img.travel.rakuten.co.jp/image/tr/api/re/pvonD/?f_no=182327,https://img.travel.rakuten.co.jp/image/tr/api/re/vFumt/?f_no=182327&f_flg=PLAN,https://img.travel.rakuten.co.jp/image/tr/api/re/WzozX/?noTomariHotel=182327,https://img.travel.rakuten.co.jp/image/tr/api/re/gJNfM/?f_hotel_no=182327,ぐらんどべーすはかたぷれみあむ,【無人フロントホテル】観光・ビジネスの拠点としての機能を兼ね備えた新スタイルホテル。,3896,120890.24,469497.9,812-0018,福岡県,福岡市博多区住吉4-9-12,092-409-4892,,博多駅から徒歩10分、「住吉」バス停から徒歩2分。福岡空港からお車にて約２０分。,専用駐車場・提携駐車場はございません。 公式サイトから、近隣のコインパーキングをご確認下さい。,福岡空港,https://img.travel.rakuten.co.jp/share/HOTEL/182327/182327.jpg,https://img.travel.rakuten.co.jp/HIMG/90/182327.jpg,,,https://img.travel.rakuten.co.jp/share/HOTEL/182327/182327map.gif,25.0,4.6,"博多駅からは少し離れていましたが、滞在中は晴れていましたので許容範囲内です。雨だったら駅に着くまでにけっこう濡れてしまうかと。築浅で室内は綺麗でしたので、費用を考えると全体的に満足です。　2026-10-04 20:31:53投稿 <a href=""https://img.travel.rakuten.co.jp/image/tr/api/re/gJNfM/?f_hotel_no=182327"" class=""3click"">つづきはこちら</a>",chito,スタンダードC,5078936.0,【素泊まり】スタンダードプラン「迷ったらコレ！」,1,0,0,0,0,2,https://img.travel.rakuten.co.jp/image/tr/api/re/IdsCY/?f_no=182327&f_syu=chito&f_hi1=2026-10-17&f_hi2=2026-10-18&f_heya_su=1&f_otona_su=1&f_s1=0&f_s2=0&f_y1=0&f_y2=0&f_y3=0&f_y4=0&f_camp_id=5078936,0,2026-10-17,84335,84335,0,2026-10-17,fukuoka
183416,ＨＯＴＥＬ　ＯＲＩＧＯ　ＨＡＫＡＴＡ　－　Ｇｉｏｎ　－,https://img.travel.rakuten.co.jp/image/tr/api/re/pvonD/?f_no=183416,https://img.travel.rakuten.co.jp/image/tr/api/re/vFumt/?f_no=183416&f_flg=PLAN,https://img.travel.rakuten.co.jp/image/tr/api/re/WzozX/?noTomariHotel=183416,https://img.travel.rakuten.co.jp/image/tr/api/re/gJNfM/?f_hotel_no=183416,ほてる　おりご　はかた　ぎおん,2021年夏オープン！一人旅・出張利用から最大6名様のグループ旅行・女子会などに！,5000,120922.64,469498.84,812-0038,福岡県,福岡市博多区祇園町2-31　フィルパーク博多祇園2F,050-1754-1110,,博多駅博多口より徒歩８分・祇園駅５番出口より徒歩２分・櫛田神社駅4番出口より徒歩5分,提携の駐車場はございませんが近隣に複数コインパーキングがございます。,祇園（福岡）,https://img.travel.rakuten.co.jp/share/HOTEL/183416/183416.jpg,https://img.travel.rakuten.co.jp/HIMG/90/183416.jpg,,,https://img.travel.rakuten.co.jp/share/HOTEL/183416/183416map.gif,44.0,4.14,"立地が良く、機会があればまた利用したいと思いま…　2026-09-27 10:58:43投稿 <a href=""https://img.travel.rakuten.co.jp/image/tr/api/re/gJNfM/?f_hotel_no=183416"" class=""3click"">つづきはこちら</a>",gion002,デラックススタジオ,5295811.0,【ご宿泊希望日の7日前まで予約受付】払戻ナシだからお得プラン(事前決済限定),1,0,0,0,0,2,https://img.travel.rakuten.co.jp/image/tr/api/re/IdsCY/?f_no=183416&f_syu=gion002&f_hi1=2026-10-17&f_hi2=2026-10-18&f_heya_su=1&f_otona_su=1&f_s1=0&f_s2=0&f_y1=0&f_y2=0&f_y3=0&f_y4=0&f_camp_id=5295811,0,2026-10-17,52500,52500,0,2026-10-17,fukuoka
192693,Ｇｒａｎｄ　Ｐｒｉｍｅ　ＨＡＫＡＴＡ　ＨＯＴＥＬ,https://img.travel.rakuten.co.jp/image/tr/api/re/pvonD/?f_no=192693,https://img.travel.rakuten.co.jp/image/tr/api/re/vFumt/?f_no=192693&f_flg=PLAN,,https://img.travel.rakuten.co.jp/image/tr/api/re/gJNfM/?f_hotel_no=192693,ぐらんどぷらいむはかたほてる,【無人フロントホテル】２０２４年８月グランドオープン！「キャナルシティ博多」目の前の好立地！,3612,120905.21,469491.13,812-0018,福岡県,福岡市博多区住吉2-16-12,092-409-4892,092-401-1057,ＪＲ博多駅より徒歩約１２分、地下鉄櫛田神社前駅より徒歩約６分,無し,博多,https://img.travel.rakuten.co.jp/share/HOTEL/192693/192693.jpg,https://img.travel.rakuten.co.jp/HIMG/90/192693.jpg,,,https://img.travel.rakuten.co.jp/share/HOTEL/192693/192693map.gif,9.0,4.11,,ahito,スタンダードA,6027499.0,【素泊まり】スタンダードプラン「迷ったらコレ！」,1,0,0,0,0,2,https://img.travel.rakuten.co.jp/image/tr/api/re/IdsCY/?f_no=192693&f_syu=ahito&f_hi1=2026-10-17&f_hi2=2026-10-18&f_heya_su=1&f_otona_su=1&f_s1=0&f_s2=0&f_y1=0&f_y2=0&f_y3=0&f_y4=0&f_camp_id=6027499,0,2026-10-17,70000,70000,0,2026-10-17,fukuoka
196484,ホテルリファレンス博多コンドミニアム,https://img.travel.rakuten.co.jp/image/tr/api/re/pvonD/?f_no=196484,https://img.travel.rakuten.co.jp/image/tr/api/re/vFumt/?f_no=196484&f_flg=PLAN,,https://img.travel.rakuten.co.jp/image/tr/api/re/gJNfM/?f_hotel_no=196484,りふぁれんすはかたこんどみにあむ,ＪＲ博多駅から徒歩6分　マンションの一室をホテルとして改修しています。,9900,120900.28,469531.22,812-0016,福岡県,福岡市博多区博多駅南1-3-24,092-402-6060,--,ＪＲ博多駅より徒歩約6分,無し,博多,https://img.travel.rakuten.co.jp/share/HOTEL/196484/196484.jpg,https://img.travel.rakuten.co.jp/HIMG/90/196484.jpg,,,https://img.travel.rakuten.co.jp/share/HOTEL/196484/196484map.gif,7.0,4.5,,hak01,【禁煙】ダブルルーム 定員2名【1Kスタイル】,6232035.0,【シンプルステイ】JR博多駅筑紫口から徒歩6分◇2025年5月に全部屋リノベーション【素泊まり】,1,0,0,0,0,2,https://img.travel.rakuten.co.jp/image/tr/api/re/IdsCY/?f_no=196484&f_syu=hak01&f_hi1=2026-10-17&f_hi2=2026-10-18&f_heya_su=1&f_otona_su=1&f_s1=0&f_s2=0&f_y1=0&f_y2=0&f_y3=0&f_y4=0&f_camp_id=6232035,0,2026-10-17,33000,33000,0,2026-10-17,fukuoka
176673,ＣＯＣＯ　Ｆｕｋｕｏｋａ　Ｃｈｉｙｏ,https://img.travel.rakuten.co.jp/image/tr/api/re/pvonD/?f_no=176673,https://img.travel.rakuten.co.jp/image/tr/api/re/vFumt/?f_no=176673&f_flg=PLAN,,https://img.travel.rakuten.co.jp/image/tr/api/re/gJNfM/?f_hotel_no=176673,ここ　ふくおか　ちよ,全室洗濯機を完備した、長期滞在者向けのサービスアパートメントです。,11000,120946.78,469508.51,812-0044,福岡県,福岡市博多区千代2-4-27　プレアール千代,080-3428-7912,,千代県庁口駅より徒歩にて約５分,無し,千代県庁口,https://img.travel.rakuten.co.jp/share/HOTEL/176673/176673.jpg,https://img.travel.rakuten.co.jp/HIMG/90/176673.jpg,,,https://img.travel.rakuten.co.jp/share/HOTEL/176673/176673map.gif,13.0,3.0,,705,Double Room 705,,,1,0,0,0,0,2,https://img.travel.rakuten.co.jp/image/tr/api/re/IdsCY/?f_no=176673&f_syu=705&f_hi1=2026-10-17&f_hi2=2026-10-18&f_heya_su=1&f_otona_su=1&f_s1=0&f_s2=0&f_y1=0&f_y2=0&f_y3=0&f_y4=0,1,2026-10-17,28000,28000,1,2026-10-17,fukuoka
198355,ホテルリファレンス呉服町コンドミニアム,https://img.travel.rakuten.co.jp/image/tr/api/re/pvonD/?f_no=198355,https://img.travel.rakuten.co.jp/image/tr/api/re/vFumt/?f_no=198355&f_flg=PLAN,,https://img.travel.rakuten.co.jp/image/tr/api/re/gJNfM/?f_hotel_no=198355,ほてるりふぁれんすごふくまちこんどみにあむ,地下鉄呉服町駅より徒歩4分、中州やマリンメッセでのイベントも徒歩で移動可能,7700,120948.87,469483.28,812-0035,福岡県,福岡市博多区中呉服町7-4 リファレンス呉服町,092-402-7420,--,地下鉄箱崎線呉服町駅より徒歩4分,なし,呉服町（福岡）,https://img.travel.rakuten.co.jp/share/HOTEL/198355/198355.jpg,https://img.travel.rakuten.co.jp/HIMG/90/198355.jpg,,,https://img.travel.rakuten.co.jp/share/HOTEL/198355/198355map.gif,7.0,3.43,,gof01,【禁煙】シングルベッド2台のツインルーム【1Kスタイル】,6394850.0,【アパートメントホテル】地下鉄呉服町駅より徒歩4分　シングルベッドが2台のツインルーム,1,0,0,0,0,2,https://img.travel.rakuten.co.jp/image/tr/api/re/IdsCY/?f_no=198355&f_syu=gof01&f_hi1=2026-10-17&f_hi2=2026-10-18&f_heya_su=1&f_otona_su=1&f_s1=0&f_s2=0&f_y1=0&f_y2=0&f_y3=0&f_y4=0&f_camp_id=6394850,0,2026-10-17,28600,28600,0,2026-10-17,fukuoka
168347,トリップベース博多駅前,https://img.travel.rakuten.co.jp/image/tr/api/re/pvonD/?f_no=168347,https://img.travel.rakuten.co.jp/image/tr/api/re/vFumt/?f_no=168347&f_flg=PLAN,https://img.travel.rakuten.co.jp/image/tr/api/re/WzozX/?noTomariHotel=168347,https://img.travel.rakuten.co.jp/image/tr/api/re/gJNfM/?f_hotel_no=168347,とりっぷべーすはかたえきまえ,【無人フロントホテル】博多駅から徒歩15分！最大定員9名メゾネット客室あり。全室キッチン・洗濯機完備！,2392,120883.41,469520.76,812-0011,福岡県,福岡市博多区博多駅前４丁目３４－１,092-409-4892,092-401-1057,JR博多駅より徒歩15分,専用駐車場・提携駐車場はございません。 公式サイトから、近隣のコインパーキングをご確認下さい。,博多,https://img.travel.rakuten.co.jp/share/HOTEL/168347/168347.jpg,https://img.travel.rakuten.co.jp/HIMG/90/168347.jpg,https://img.travel.rakuten.co.jp/share/HOTEL/168347/168347_kan1.jpg,https://img.travel.rakuten.co.jp/HIMG/INTERIOR/168347.jpg,https://img.travel.rakuten.co.jp/share/HOTEL/168347/168347map.gif,17.0,4.6,"飲食店も近くにありとても便利でした。お風呂の使い方が最初分からなくて、それだけが困りましたが、また泊まりたいです。　2026-10-06 18:34:39投稿 <a href=""https://img.travel.rakuten.co.jp/image/tr/api/re/gJNfM/?f_hotel_no=168347"" class=""3click"">つづきはこちら</a>",ahito,スタンダードA,4709486.0,【素泊まり】スタンダードプラン「迷ったらコレ！」,1,0,0,0,0,2,https://img.travel.rakuten.co.jp/image/tr/api/re/IdsCY/?f_no=168347&f_syu=ahito&f_hi1=2026-10-17&f_hi2=2026-10-18&f_heya_su=1&f_otona_su=1&f_s1=0&f_s2=0&f_y1=0&f_y2=0&f_y3=0&f_y4=0&f_camp_id=4709486,0,2026-10-17,60000,60000,0,2026-10-17,fukuoka
193033,慶　Ｈｏｔｅｌ　ａｎｄ　Ａｐａｒｔｍｅｎｔ,https://img.travel.rakuten.co.jp/image/tr/api/re/pvonD/?f_no=193033,https://img.travel.rakuten.co.jp/image/tr/api/re/vFumt/?f_no=193033&f_flg=PLAN,,https://img.travel.rakuten.co.jp/image/tr/api/re/gJNfM/?f_hotel_no=193033,けいほてるあんどあぱーとめんと,【無人フロントホテル】内装をリノベーションし、2024年10月リニューアルオープン！,2812,120948.45,469462.76,812-0022,福岡県,福岡市博多区神屋町3-5,092-409-4892,092-401-1057,中洲川端駅より徒歩約10分、博多駅よりお車で約10分,無し,中洲川端,https://img.travel.rakuten.co.jp/share/HOTEL/193033/193033.jpg,https://img.travel.rakuten.co.jp/HIMG/90/193033.jpg,,,https://img.travel.rakuten.co.jp/share/HOTEL/193033/193033map.gif,14.0,4.69,,bhito,スーペリアB,6089717.0,【素泊まり】スタンダードプラン「迷ったらコレ！」,1,0,0,0,0,2,https://img.travel.rakuten.co.jp/image/tr/api/re/IdsCY/?f_no=193033&f_syu=bhito&f_hi1=2026-10-17&f_hi2=2026-10-18&f_heya_su=1&f_otona_su=1&f_s1=0&f_s2=0&f_y1=0&f_y2=0&f_y3=0&f_y4=0&f_camp_id=6089717,0,2026-10-17,58335,58335,0,2026-10-17,fukuoka
178523,Ｎ．３３　Ｈａｋａｔａ　Ｓｔａ．　Ｒｉｖｅｒ　Ｓｉｄｅ,https://img.travel.rakuten.co.jp/image/tr/api/re/pvonD/?f_no=178523,https://img.travel.rakuten.co.jp/image/tr/api/re/vFumt/?f_no=178523&f_flg=PLAN,https://img.travel.rakuten.co.jp/image/tr/api/re/WzozX/?noTomariHotel=178523,https://img.travel.rakuten.co.jp/image/tr/api/re/gJNfM/?f_hotel_no=178523,えぬどっと　さんじゅうさん　はかた　すてーしょん　りばーさいど,博多駅から徒歩5分の立地！♪※荷物の預かりはできません※,2125,120927.78,469526.08,812-0013,福岡県,福岡市博多区博多駅東1-4-11,050-1720-7129,,博多駅より徒歩にて約5分,無し,博多,https://img.travel.rakuten.co.jp/share/HOTEL/178523/178523.jpg,https://img.travel.rakuten.co.jp/HIMG/90/178523.jpg,,,https://img.travel.rakuten.co.jp/share/HOTEL/178523/178523map.gif,58.0,2.6,"博多駅に近いため急遽泊まるには普通に良かったです。お風呂のシャワーカーテンがもっと長めだといいなと思いました。　2026-09-28 22:36:31投稿 <a href=""https://img.travel.rakuten.co.jp/image/tr/api/re/gJNfM/?f_hotel_no=178523"" class=""3click"">つづきはこちら</a>",rs01,ツインダブル,6263522.0,※キャンセル不可※ シンプルプラン 博多駅徒歩５分,1,0,0,0,0,2,https://img.travel.rakuten.co.jp/image/tr/api/re/IdsCY/?f_no=178523&f_syu=rs01&f_hi1=2026-10-17&f_hi2=2026-10-18&f_heya_su=1&f_otona_su=1&f_s1=0&f_s2=0&f_y1=0&f_y2=0&f_y3=0&f_y4=0&f_camp_id=6263522,0,2026-10-17,39140,39140,0,2026-10-17,fukuoka
177748,ＴＡＢＩＧＯＹＡ　ＬＩＦＥ＆ＴＲＩＰ　ＨＡＫＡＴＡ　ＥＡＳＴ,https://img.travel.rakuten.co.jp/image/tr/api/re/pvonD/?f_no=177748,https://img.travel.rakuten.co.jp/image/tr/api/re/vFumt/?f_no=177748&f_flg=PLAN,https://img.travel.rakuten.co.jp/image/tr/api/re/WzozX/?noTomariHotel=177748,https://img.travel.rakuten.co.jp/image/tr/api/re/gJNfM/?f_hotel_no=177748,たびごや　らいふあんどとりっぷ　はかた　いーすと,博多駅から徒歩3分の立地！カジュアルでオシャレな客室♪※荷物の預かり不可,2125,120916.29,469534.87,812-0013,福岡県,福岡市博多区博多駅東1-14-30,050-1720-7129, ,博多駅より徒歩約3分,ホテルの周辺にいくつかコインパーキングがございます。（料金はお客様負担）,博多,https://img.travel.rakuten.co.jp/share/HOTEL/177748/177748.jpg,https://img.travel.rakuten.co.jp/HIMG/90/177748.jpg,,,https://img.travel.rakuten.co.jp/share/HOTEL/177748/177748map.gif,42.0,3.55,"ありがとうございました。　2026-05-07 17:23:31投稿 <a href=""https://img.travel.rakuten.co.jp/image/tr/api/re/gJNfM/?f_hotel_no=177748"" class=""3click"">つづきはこちら</a>",ws03, 【共用洗濯機あり】シングルダブル,6261038.0,※キャンセル不可※　★博多駅徒歩5分★グループ・ファミリーのお客様にオススメです♪,1,0,0,0,0,2,https://img.travel.rakuten.co.jp/image/tr/api/re/IdsCY/?f_no=177748&f_syu=ws03&f_hi1=2026-10-17&f_hi2=2026-10-18&f_heya_su=1&f_otona_su=1&f_s1=0&f_s2=0&f_y1=0&f_y2=0&f_y3=0&f_y4=0&f_camp_id=6261038,0,2026-10-17,46968,46968,0,2026-10-17,fukuoka
197237,ＴＨＥ　ＬＡＮＧ　ＨＯＴＥＬ,https://img.travel.rakuten.co.jp/image/tr/api/re/pvonD/?f_no=197237,https://img.travel.rakuten.co.jp/image/tr/api/re/vFumt/?f_no=197237&f_flg=PLAN,,https://img.travel.rakuten.co.jp/image/tr/api/re/gJNfM/?f_hotel_no=197237,ざ　らんぐ　ほてる,リニューアルしてオープン！！,2590,120892.18,469524.8,812-0016,福岡県,福岡市博多区博多駅南1-12-11,092-409-4892,,博多駅より徒歩約１０分,無し,博多,https://img.travel.rakuten.co.jp/share/HOTEL/197237/197237.jpg,https://img.travel.rakuten.co.jp/HIMG/90/197237.jpg,,,https://img.travel.rakuten.co.jp/share/HOTEL/197237/197237map.gif,7.0,4.43,,ahito,コンフォート4人部屋A,6321995.0,【素泊まり】スタンダードプラン「迷ったらコレ！」,1,0,0,0,0,2,https://img.travel.rakuten.co.jp/image/tr/api/re/IdsCY/?f_no=197237&f_syu=ahito&f_hi1=2026-10-17&f_hi2=2026-10-18&f_heya_su=1&f_otona_su=1&f_s1=0&f_s2=0&f_y1=0&f_y2=0&f_y3=0&f_y4=0&f_camp_id=6321995,0,2026-10-17,58335,58335,0,2026-10-17,fukuoka
184358,Ｈｏｔｅｌ　Ｒｉｔｚａ　ＨＡＫＡＴＡ,https://img.travel.rakuten.co.jp/image/tr/api/re/pvonD/?f_no=184358,https://img.travel.rakuten.co.jp/image/tr/api/re/vFumt/?f_no=184358&f_flg=PLAN,,https://img.travel.rakuten.co.jp/image/tr/api/re/gJNfM/?f_hotel_no=184358,Ｈｏｔｅｌ　Ｒｉｔｚａ　ＨＡＫＡＴＡ,博多駅徒歩１４分,3448,120881.17,469524.77,812-0016,福岡県,福岡市博多区博多駅南2-15-11,092-409-4892, ,博多駅徒歩約１４分,無し,博多,https://img.travel.rakuten.co.jp/share/HOTEL/184358/184358.jpg,https://img.travel.rakuten.co.jp/HIMG/90/184358.jpg,,,https://img.travel.rakuten.co.jp/share/HOTEL/184358/184358map.gif,12.0,4.36,,ahito,コンフォート４人部屋A,6337642.0,【素泊まり】スタンダードプラン「迷ったらコレ！」,1,0,0,0,0,2,https://img.travel.rakuten.co.jp/image/tr/api/re/IdsCY/?f_no=184358&f_syu=ahito&f_hi1=2026-10-17&f_hi2=2026-10-18&f_heya_su=1&f_otona_su=1&f_s1=0&f_s2=0&f_y1=0&f_y2=0&f_y3=0&f_y4=0&f_camp_id=6337642,0,2026-10-17,60335,60335,0,2026-10-17,fukuoka
202422,グランドレジデンスホテル　天神,https://img.travel.rakuten.co.jp/image/tr/api/re/pvonD/?f_no=202422,https://img.travel.rakuten.co.jp/image/tr/api/re/vFumt/?f_no=202422&f_flg=PLAN,,https://img.travel.rakuten.co.jp/image/tr/api/re/gJNfM/?f_hotel_no=202422,ぐらんどれじでんすほてるてんじん,中洲・天神まで徒歩15分！アクセス良し！無料Wi-Fi完備！,2827,120942.02,469458.16,812-0029,福岡県,福岡市博多区古門戸町8-8,092-292-1015,050-3588-7001,中洲川端駅より徒歩で約8分,なし ＊近隣のコインパーキングをご利用ください。,中洲川端,https://img.travel.rakuten.co.jp/share/HOTEL/202422/202422.jpg,https://img.travel.rakuten.co.jp/HIMG/90/202422.jpg,,,https://img.travel.rakuten.co.jp/share/HOTEL/202422/202422map.gif,3.0,,,b,【全室禁煙】ツインルーム,6621294.0,【返金不可プラン】オトクに宿泊！予定が決まった方はこちら♪,1,0,0,0,0,2,https://img.travel.rakuten.co.jp/image/tr/api/re/IdsCY/?f_no=202422&f_syu=b&f_hi1=2026-10-17&f_hi2=2026-10-18&f_heya_su=1&f_otona_su=1&f_s1=0&f_s2=0&f_y1=0&f_y2=0&f_y3=0&f_y4=0&f_camp_id=6621294,0,2026-10-17,29707,29707,0,2026-10-17,fukuoka
202193,ＨＯＴＥＬ　グランエム　博多,https://img.travel.rakuten.co.jp/image/tr/api/re/pvonD/?f_no=202193,https://img.travel.rakuten.co.jp/image/tr/api/re/vFumt/?f_no=202193&f_flg=PLAN,,https://img.travel.rakuten.co.jp/image/tr/api/re/gJNfM/?f_hotel_no=202193,ほてる　ぐらんえむ　はかた,新築アパートメントホテルが誕生！,2451,120888.64,469517.94,812-0011,福岡県,福岡市博多区博多駅前4-30-16,092-409-4892,--,博多駅より徒歩12分,なし,博多,https://img.travel.rakuten.co.jp/share/HOTEL/202193/202193.jpg,https://img.travel.rakuten.co.jp/HIMG/90/202193.jpg,,,https://img.travel.rakuten.co.jp/share/HOTEL/202193/202193map.gif,1.0,,,dhito,スーペリアトリプルルームD,6607066.0,【素泊まり】スタンダードプラン「迷ったらコレ！」,1,0,0,0,0,2,https://img.travel.rakuten.co.jp/image/tr/api/re/IdsCY/?f_no=202193&f_syu=dhito&f_hi1=2026-10-17&f_hi2=2026-10-18&f_heya_su=1&f_otona_su=1&f_s1=0&f_s2=0&f_y1=0&f_y2=0&f_y3=0&f_y4=0&f_camp_id=6607066,0,2026-10-17,58002,58002,0,2026-10-17,fukuoka
196734,慶　ＨＯＴＥＬ　ＬＩＫＥ　ＲＥＳＩＤＥＮＣＥ,https://img.travel.rakuten.co.jp/image/tr/api/re/pvonD/?f_no=196734,https://img.travel.rakuten.co.jp/image/tr/api/re/vFumt/?f_no=196734&f_flg=PLAN,,https://img.travel.rakuten.co.jp/image/tr/api/re/gJNfM/?f_hotel_no=196734,けいほてるらいくれじでんす,新築のアパートメントホテル！室内キッチンあり！,3445,120874.82,469517.49,812-0017,福岡県,福岡市博多区美野島2-5-2,092-409-4892,092-401-1057,博多駅より徒歩で約１８分,無し,博多,https://img.travel.rakuten.co.jp/share/HOTEL/196734/196734.jpg,https://img.travel.rakuten.co.jp/HIMG/90/196734.jpg,,,https://img.travel.rakuten.co.jp/share/HOTEL/196734/196734map.gif,14.0,4.36,"他の画像やクチコミの詳細はこちらから　https:…　2026-09-12 13:12:03投稿 <a href=""https://img.travel.rakuten.co.jp/image/tr/api/re/gJNfM/?f_hotel_no=196734"" class=""3click"">つづきはこちら</a>",bhito,コンフォートB,6257259.0,【素泊まり】スタンダードプラン「迷ったらコレ！」,1,0,0,0,0,2,https://img.travel.rakuten.co.jp/image/tr/api/re/IdsCY/?f_no=196734&f_syu=bhito&f_hi1=2026-10-17&f_hi2=2026-10-18&f_heya_su=1&f_otona_su=1&f_s1=0&f_s2=0&f_y1=0&f_y2=0&f_y3=0&f_y4=0&f_camp_id=6257259,0,2026-10-17,68335,68335,0,2026-10-17,fukuoka
172657,ＪＡＭ　ＨＯＳＴＥＬ博多駅前（ＪＡＭ　ＨＯＳＴＥＬ　Ｈａｋａｔａ　Ｓｔａｔｉｏｎ　Ｆｒｏｎｔ）,https://img.travel.rakuten.co.jp/image/tr/api/re/pvonD/?f_no=172657,https://img.travel.rakuten.co.jp/image/tr/api/re/vFumt/?f_no=172657&f_flg=PLAN,,https://img.travel.rakuten.co.jp/image/tr/api/re/gJNfM/?f_hotel_no=172657,じゃむほすてるはかたえきまえ（じゃむほすてるはかたすてーしょんふろんと）,博多駅より徒歩6分。博多駅から1番近いゲストハウスです(*^-^*) 珍しいモーニングチェックインOK♪,3330,120896.08,469519.11,812-0011,福岡県,福岡市博多区博多駅前4-17-22,070-7528-6474,000-000-0000,ＪＲ　博多駅より徒歩にて約６分,近くのコインパーキングをご紹介します。,博多,https://img.travel.rakuten.co.jp/share/HOTEL/172657/172657.jpg,https://img.travel.rakuten.co.jp/HIMG/90/172657.jpg,https://img.travel.rakuten.co.jp/share/HOTEL/172657/172657_kan1.jpg,https://img.travel.rakuten.co.jp/HIMG/INTERIOR/172657.jpg,https://img.travel.rakuten.co.jp/share/HOTEL/172657/172657map.gif,65.0,3.29,"洗面台やシャワー、トイレは…　2026-09-14 13:50:21投稿 <a href=""https://img.travel.rakuten.co.jp/image/tr/api/re/gJNfM/?f_hotel_no=172657"" class=""3click"">つづきはこちら</a>",207,男女共用ドミトリー　二段ベッド1名分,4435809.0,ドミトリールーム　オンライン決済プラン♪　【禁煙】 通常の予約よりお得です！,1,0,0,0,0,2,https://img.travel.rakuten.co.jp/image/tr/api/re/IdsCY/?f_no=172657&f_syu=207&f_hi1=2026-10-17&f_hi2=2026-10-18&f_heya_su=1&f_otona_su=1&f_s1=0&f_s2=0&f_y1=0&f_y2=0&f_y3=0&f_y4=0&f_camp_id=4435809,0,2026-10-17,12850,12850,0,2026-10-17,fukuoka
180451,Ｈｏｔｅｌ　Ｄｒｅａｍ　Ｉｎｎ　Ｈａｋａｔａ,https://img.travel.rakuten.co.jp/image/tr/api/re/pvonD/?f_no=180451,https://img.travel.rakuten.co.jp/image/tr/api/re/vFumt/?f_no=180451&f_flg=PLAN,https://img.travel.rakuten.co.jp/image/tr/api/re/WzozX/?noTomariHotel=180451,https://img.travel.rakuten.co.jp/image/tr/api/re/gJNfM/?f_hotel_no=180451,ほてる　どりーむ　いん　はかた,博多駅から徒歩約10分。　全室キッチンと乾燥機付き洗濯機完備でご家族での旅行やビジネス利用も快適♪,3420,120887.59,469527.88,812-0016,福岡県,福岡市博多区博多駅南2-11-25,092-471-6787,092-451-5511,博多駅より徒歩にて約10分,無し,博多,https://img.travel.rakuten.co.jp/share/HOTEL/180451/180451.jpg,https://img.travel.rakuten.co.jp/HIMG/90/180451.jpg,,,https://img.travel.rakuten.co.jp/share/HOTEL/180451/180451map.gif,56.0,4.08,"周囲に、食べる店、コンビニがあるともっとよいです。　2026-05-10 16:01:17投稿 <a href=""https://img.travel.rakuten.co.jp/image/tr/api/re/gJNfM/?f_hotel_no=180451"" class=""3click"">つづきはこちら</a>",ns_quad3,【本館】２ダブルルーム（定員５名）,5371092.0,【Smart TV・有線LAN・HDMI 完備】仕事も休息も一緒に！,1,0,0,0,0,2,https://img.travel.rakuten.co.jp/image/tr/api/re/IdsCY/?f_no=180451&f_syu=ns_quad3&f_hi1=2026-10-17&f_hi2=2026-10-18&f_heya_su=1&f_otona_su=1&f_s1=0&f_s2=0&f_y1=0&f_y2=0&f_y3=0&f_y4=0&f_camp_id=5371092,0,2026-10-17,36000,36000,0,2026-10-17,fukuoka
164742,Ｆｕｋｕｏｋａ　Ｇｕｅｓｔｈｏｕｓｅ　ＨＩＶＥ,https://img.travel.rakuten.co.jp/image/tr/api/re/pvonD/?f_no=164742,https://img.travel.rakuten.co.jp/image/tr/api/re/vFumt/?f_no=164742&f_flg=PLAN,,https://img.travel.rakuten.co.jp/image/tr/api/re/gJNfM/?f_hotel_no=164742,ふくおか　げすとはうす　はいぶ,人々が ’ひとやすみ’ してまた次へ羽ばたけるような止まり木のような巣(ハコ),3150,120940.08,469490.58,812-0036,福岡県,福岡市博多区上呉服町4-3,092-292-4232,092-292-4232,地下鉄呉服町駅より徒歩２分 　JR博多駅より西鉄バス５分(徒歩15分）　西鉄天神駅より西鉄バス５分(徒歩20分),近隣に格安コインパーキング（例：夜20〜朝8時200円）ございます。バイクはお店の前に駐車可。,呉服町（福岡）,https://img.travel.rakuten.co.jp/share/HOTEL/164742/164742.jpg,https://img.travel.rakuten.co.jp/HIMG/90/164742.jpg,https://img.travel.rakuten.co.jp/share/HOTEL/164742/164742_kan1.jpg,https://img.travel.rakuten.co.jp/HIMG/INTERIOR/164742.jpg,https://img.travel.rakuten.co.jp/share/HOTEL/164742/164742map.gif,106.0,4.38,"お風呂に入って寝るだけの場合は充分でした！簡易的なカーテンもありプライベートも守られているので良かったです　2026-08-04 00:07:44投稿 <a href=""https://img.travel.rakuten.co.jp/image/tr/api/re/gJNfM/?f_hotel_no=164742"" class=""3click"">つづきはこちら</a>",femdomi,女性専用ドミトリー,4377410.0,【学生限定】学生旅お得に泊まろう! ※地下鉄呉服町駅より徒歩２分♪,1,0,0,0,0,1,https://img.travel.rakuten.co.jp/image/tr/api/re/IdsCY/?f_no=164742&f_syu=femdomi&f_hi1=2026-10-17&f_hi2=2026-10-18&f_heya_su=1&f_otona_su=1&f_s1=0&f_s2=0&f_y1=0&f_y2=0&f_y3=0&f_y4=0&f_camp_id=4377410,0,2026-10-17,13500,13500,0,2026-10-17,fukuoka
178455,Ｂｏｘｉ　Ｈａｋａｔａ　２,https://img.travel.rakuten.co.jp/image/tr/api/re/pvonD/?f_no=178455,https://img.travel.rakuten.co.jp/image/tr/api/re/vFumt/?f_no=178455&f_flg=PLAN,https://img.travel.rakuten.co.jp/image/tr/api/re/WzozX/?noTomariHotel=178455,https://img.travel.rakuten.co.jp/image/tr/api/re/gJNfM/?f_hotel_no=178455,ぼくしー　はかたつー,当ホテルは無人運営のため施設にスタッフはおりません。専用のタブレット端末からオンラインレセプションをご利用いただけます。,2255,120947.23,469535.59,812-0041,福岡県,福岡市博多区吉塚1-35-8,03-4531-9681,00-0000-0000,JR博多駅より車で5分。福岡空港より車で10分とアクセス良好◎,近隣にパーキングあり(有料),吉塚,https://img.travel.rakuten.co.jp/share/HOTEL/178455/178455.jpg,https://img.travel.rakuten.co.jp/HIMG/90/178455.jpg,,,https://img.travel.rakuten.co.jp/share/HOTEL/178455/178455map.gif,127.0,3.82,"初めてコンテナハウスに泊まりました。少し狭いですが寝るだけなら充分です。タブレットは故障、水道の所が壊れそうでしたが使えました。ベット付近はホコリが溜まっていたのが気になる所でした。思ったより博多駅に…　2026-08-18 12:29:17投稿 <a href=""https://img.travel.rakuten.co.jp/image/tr/api/re/gJNfM/?f_hotel_no=178455"" class=""3click"">つづきはこちら</a>",0001,スーペリアダブルルーム(D1EXS1)（連泊清掃なし）,4681773.0,【素泊まり】非対面CIで密回避！新感覚コンテナホテル♪,1,0,0,0,0,2,https://img.travel.rakuten.co.jp/image/tr/api/re/IdsCY/?f_no=178455&f_syu=0001&f_hi1=2026-10-17&f_hi2=2026-10-18&f_heya_su=1&f_otona_su=1&f_s1=0&f_s2=0&f_y1=0&f_y2=0&f_y3=0&f_y4=0&f_camp_id=4681773,0,2026-10-17,28000,28000,0,2026-10-17,fukuoka
188823,ＡＬＦＡＣＩＯ　ＲＩＶＥＲＳＩＤＥ　ＳＴＡＹ　ＨＡＫＡＴＡ,https://img.travel.rakuten.co.jp/image/tr/api/re/pvonD/?f_no=188823,https://img.travel.rakuten.co.jp/image/tr/api/re/vFumt/?f_no=188823&f_flg=PLAN,,https://img.travel.rakuten.co.jp/image/tr/api/re/gJNfM/?f_hotel_no=188823,あるふぁしお　りばーさいど　すてい　はかた,天神・博多へ好アクセス！リバービューの広々客室,2548,120899.15,469484.56,812-0018,福岡県,福岡市博多区住吉2-21-15,092-409-4892,,博多駅から徒歩約１４分,無し,博多,https://img.travel.rakuten.co.jp/share/HOTEL/188823/188823.jpg,https://img.travel.rakuten.co.jp/HIMG/90/188823.jpg,,,https://img.travel.rakuten.co.jp/share/HOTEL/188823/188823map.gif,12.0,3.75,,ahito,ファミリールームA,6325485.0,【素泊まり】スタンダードプラン「迷ったらコレ！」,1,0,0,0,0,2,https://img.travel.rakuten.co.jp/image/tr/api/re/IdsCY/?f_no=188823&f_syu=ahito&f_hi1=2026-10-17&f_hi2=2026-10-18&f_heya_su=1&f_otona_su=1&f_s1=0&f_s2=0&f_y1=0&f_y2=0&f_y3=0&f_y4=0&f_camp_id=6325485,0,2026-10-17,68335,68335,0,2026-10-17,fukuoka
183196,グランドベース住吉,https://img.travel.rakuten.co.jp/image/tr/api/re/pvonD/?f_no=183196,https://img.travel.rakuten.co.jp/image/tr/api/re/vFumt/?f_no=183196&f_flg=PLAN,https://img.travel.rakuten.co.jp/image/tr/api/re/WzozX/?noTomariHotel=183196,https://img.travel.rakuten.co.jp/image/tr/api/re/gJNfM/?f_hotel_no=183196,ぐらんどべーすすみよし,博多駅徒歩圏内。室内にキッチンがあります。※スーペリアツインAはキッチンがございません）※荷物預かり不可,3354,120884.76,469491.26,812-0018,福岡県,福岡市博多区住吉4-23-18,092-409-4892,,福岡空港よりお車で約２０分／博多駅より徒歩16分（バス利用：２停・約５分）／渡辺通駅徒歩９分,無し,福岡空港,https://img.travel.rakuten.co.jp/share/HOTEL/183196/183196.jpg,https://img.travel.rakuten.co.jp/HIMG/90/183196.jpg,,,https://img.travel.rakuten.co.jp/share/HOTEL/183196/183196map.gif,18.0,4.33,"１人200円なので、小銭を準備してお…　2025-12-21 13:24:12投稿 <a href=""https://img.travel.rakuten.co.jp/image/tr/api/re/gJNfM/?f_hotel_no=183196"" class=""3click"">つづきはこちら</a>",ahito,スーペリアツインA,6272539.0,【素泊まり】スタンダードプラン「迷ったらコレ！」,1,0,0,0,0,2,https://img.travel.rakuten.co.jp/image/tr/api/re/IdsCY/?f_no=183196&f_syu=ahito&f_hi1=2026-10-17&f_hi2=2026-10-18&f_heya_su=1&f_otona_su=1&f_s1=0&f_s2=0&f_y1=0&f_y2=0&f_y3=0&f_y4=0&f_camp_id=6272539,0,2026-10-17,66670,66670,0,2026-10-17,fukuoka
196354,ＨＯＴＥＬ　萃　ｔｈｅ　３ｒｄ〜雑餉隈駅前,https://img.travel.rakuten.co.jp/image/tr/api/re/pvonD/?f_no=196354,https://img.travel.rakuten.co.jp/image/tr/api/re/vFumt/?f_no=196354&f_flg=PLAN,,https://img.travel.rakuten.co.jp/image/tr/api/re/gJNfM/?f_hotel_no=196354,ほてる　すい　ざ　さーど　ざっしょのくまえきまえ,駅から徒歩1分と好アクセス！ 雑餉隈の歴史ある下町でゆっくりと my時間を過ごせる空間。,4000,120759.15,469675.42,812-0882,福岡県,福岡市博多区麦野4-37-3,090-1470-4557,--,雑餉隈駅より徒歩1分,なし,雑餉隈,https://img.travel.rakuten.co.jp/share/HOTEL/196354/196354.jpg,https://img.travel.rakuten.co.jp/HIMG/90/196354.jpg,,,https://img.travel.rakuten.co.jp/share/HOTEL/196354/196354map.gif,6.0,4.0,,r003,03号 2段ベッドx1台・ダブルベット×1台,6427136.0,（セルフチェックイン）朝食付き 10,1,0,0,1,0,2,https://img.travel.rakuten.co.jp/image/tr/api/re/IdsCY/?f_no=196354&f_syu=r003&f_hi1=2026-10-17&f_hi2=2026-10-18&f_heya_su=1&f_otona_su=1&f_s1=0&f_s2=0&f_y1=0&f_y2=0&f_y3=0&f_y4=0&f_camp_id=6427136,0,2026-10-17,20000,20000,0,2026-10-17,fukuoka
202262,プレミアージュ美野島,https://img.travel.rakuten.co.jp/image/tr/api/re/pvonD/?f_no=202262,https://img.travel.rakuten.co.jp/image/tr/api/re/vFumt/?f_no=202262&f_flg=PLAN,,https://img.travel.rakuten.co.jp/image/tr/api/re/gJNfM/?f_hotel_no=202262,ぷれみあーじゅみのしま,博多駅アクセス良好・観光も長期滞在も快適。設備充実のプレミアム民泊,4985,120865.43,469521.46,812-0012,福岡県,福岡市博多区美野島3-6-19,092-724-3071,092-724-3609,博多駅よりバスで12分、徒歩22分、タクシで5分,なし,博多,https://img.travel.rakuten.co.jp/share/HOTEL/202262/202262.jpg,https://img.travel.rakuten.co.jp/HIMG/90/202262.jpg,,,https://img.travel.rakuten.co.jp/share/HOTEL/202262/202262map.gif,1.0,,,premiage12, 1LDK 部屋 ダブルx1,6602112.0,【1泊プラン】,1,0,0,0,0,2,https://img.travel.rakuten.co.jp/image/tr/api/re/IdsCY/?f_no=202262&f_syu=premiage12&f_hi1=2026-10-17&f_hi2=2026-10-18&f_heya_su=1&f_otona_su=1&f_s1=0&f_s2=0&f_y1=0&f_y2=0&f_y3=0&f_y4=0&f_camp_id=6602112,0,2026-10-17,26562,26562,0,2026-10-17,fukuoka
67249,割烹旅館　まさご屋,https://img.travel.rakuten.co.jp/image/tr/api/re/pvonD/?f_no=67249,https://img.travel.rakuten.co.jp/image/tr/api/re/vFumt/?f_no=67249&f_flg=PLAN,https://img.travel.rakuten.co.jp/image/tr/api/re/WzozX/?noTomariHotel=67249,https://img.travel.rakuten.co.jp/image/tr/api/re/gJNfM/?f_hotel_no=67249,かっぽう　まさごや,玄界灘を眺望しながら静かなひとときを！！獲れたての魚介類を「まさごや」の技で料理！！,7000,121261.87,469068.97,811-0325,福岡県,福岡市東区勝馬257-5,092-603-6417,092-603-6788,太宰府IC、福岡ICからは都市高速経由「香椎浜ランプ」より海の中道大橋経由で志賀島へ,有り　５０台　無料　予約不要,西戸崎,https://img.travel.rakuten.co.jp/share/HOTEL/67249/67249.jpg,https://img.travel.rakuten.co.jp/HIMG/90/67249.jpg,https://img.travel.rakuten.co.jp/share/HOTEL/67249/67249_wa.jpg,https://img.travel.rakuten.co.jp/HIMG/INTERIOR/67249.jpg,https://img.travel.rakuten.co.jp/share/HOTEL/67249/67249map.gif,56.0,4.52,"立地は予約する時に地図で確認していたのでわかっていたが、真っ暗な中、強風で雨も降っていたため少し不安になるくらいの場所だった。旅館の方は到着が遅くなったのに笑顔で迎えて下さったし、部屋もきれいに掃除さ…　2026-10-03 21:09:28投稿 <a href=""https://img.travel.rakuten.co.jp/image/tr/api/re/gJNfM/?f_hotel_no=67249"" class=""3click"">つづきはこちら</a>",205,部屋風呂タイプ205号,6548121.0,ゆっくり素泊まりプラン205,1,0,0,0,0,2,https://img.travel.rakuten.co.jp/image/tr/api/re/IdsCY/?f_no=67249&f_syu=205&f_hi1=2026-10-17&f_hi2=2026-10-18&f_heya_su=1&f_otona_su=1&f_s1=0&f_s2=0&f_y1=0&f_y2=0&f_y3=0&f_y4=0&f_camp_id=6548121,0,2026-10-17,32000,32000,0,2026-10-17,fukuoka
199022,Ｈｏｔｅｌ　Ａｒｉｎａ　ＨａｋａｔａＴａｉｈａｋｕ,https://img.travel.rakuten.co.jp/image/tr/api/re/pvonD/?f_no=199022,https://img.travel.rakuten.co.jp/image/tr/api/re/vFumt/?f_no=199022&f_flg=PLAN,,https://img.travel.rakuten.co.jp/image/tr/api/re/gJNfM/?f_hotel_no=199022,ほてる　ありな　はかたたいはく,充実したアメニティと高い快適性。好立地、博多・天神まで博多旧市街を徒歩観光ができます。,11200,120958.5,469467.69,812-0033,福岡県,福岡市博多区大博町6-6,070-6621-6789,092-441-6111,呉服町駅より徒歩9分　車より2分,なし,呉服町（福岡）,https://img.travel.rakuten.co.jp/share/HOTEL/199022/199022.jpg,https://img.travel.rakuten.co.jp/HIMG/90/199022.jpg,,,https://img.travel.rakuten.co.jp/share/HOTEL/199022/199022map.gif,13.0,4.62,,twin2,【禁煙】スタンダードツイン（1名〜5名利用）,6455342.0,【素泊まり_★返金不可★】シンプルステイプラン♪,1,0,0,0,0,2,https://img.travel.rakuten.co.jp/image/tr/api/re/IdsCY/?f_no=199022&f_syu=twin2&f_hi1=2026-10-17&f_hi2=2026-10-18&f_heya_su=1&f_otona_su=1&f_s1=0&f_s2=0&f_y1=0&f_y2=0&f_y3=0&f_y4=0&f_camp_id=6455342,0,2026-10-17,31500,31500,1,2026-10-17,fukuoka
179849,Ｆｕｋｕｏｋａ　Ｇｕｅｓｔｈｏｕｓｅ　ＳＨＩＰ,https://img.travel.rakuten.co.jp/image/tr/api/re/pvonD/?f_no=179849,https://img.travel.rakuten.co.jp/image/tr/api/re/vFumt/?f_no=179849&f_flg=PLAN,,https://img.travel.rakuten.co.jp/image/tr/api/re/gJNfM/?f_hotel_no=179849,ふくおか　げすとはうす　しっぷ,ここで出会った仲間という風と旅や日常の波を超えていく,3060,120959.76,469471.41,812-0033,福岡県,福岡市博多区大博町8-26,092-402-1908,092-402-1908,呉服町駅より徒歩にて約１０分　マリンメッセ、国際会議場まで徒歩５分,近隣に格安コインパーキング（例：夜20時から朝8時200円）多数ございます。,呉服町（福岡）,https://img.travel.rakuten.co.jp/share/HOTEL/179849/179849.jpg,https://img.travel.rakuten.co.jp/HIMG/90/179849.jpg,,,https://img.travel.rakuten.co.jp/share/HOTEL/179849/179849map.gif,41.0,4.0,"個室に家族で宿泊しました。2段ベットに大喜びでした。シャワールームもキッチンも清潔で、使いやすかったです。また利用させていただきます。　2026-09-19 06:25:36投稿 <a href=""https://img.travel.rakuten.co.jp/image/tr/api/re/gJNfM/?f_hotel_no=179849"" class=""3click"">つづきはこちら</a>",mix02,女性専用ドミトリー,4738488.0,【学生限定！】学生旅行がお得♪ ※地下鉄呉服町駅より徒歩10分,1,0,0,0,0,1,https://img.travel.rakuten.co.jp/image/tr/api/re/IdsCY/?f_no=179849&f_syu=mix02&f_hi1=2026-10-17&f_hi2=2026-10-18&f_heya_su=1&f_otona_su=1&f_s1=0&f_s2=0&f_y1=0&f_y2=0&f_y3=0&f_y4=0&f_camp_id=4738488,0,2026-10-17,13500,13500,0,2026-10-17,fukuoka
174724,ユートピア若宮１０６／民泊,https://img.travel.rakuten.co.jp/image/tr/api/re/pvonD/?f_no=174724,https://img.travel.rakuten.co.jp/image/tr/api/re/vFumt/?f_no=174724&f_flg=PLAN,,https://img.travel.rakuten.co.jp/image/tr/api/re/gJNfM/?f_hotel_no=174724,,とても静かな空気が良い山の手の住宅街です。長期滞在の固定ゲストもいらっしゃいます。【民泊】,7830,121086.12,469628.86,813-0036,福岡県,福岡市東区若宮3-1-19,080-7003-2290,000-000-0000,舞松原駅より徒歩にて約２０分,無し,舞松原,https://img.travel.rakuten.co.jp/share/HOTEL/174724/174724.jpg,https://img.travel.rakuten.co.jp/HIMG/90/174724.jpg,https://img.travel.rakuten.co.jp/share/HOTEL/174724/174724_kan1.jpg,https://img.travel.rakuten.co.jp/HIMG/INTERIOR/174724.jpg,https://img.travel.rakuten.co.jp/share/HOTEL/174724/174724map.gif,1.0,,,r5141_2,106 PEKO’s   HOUSE,4756099.0,106 Cozy and Cleanliness Apartment,1,0,0,0,0,2,https://img.travel.rakuten.co.jp/image/tr/api/re/IdsCY/?f_no=174724&f_syu=r5141_2&f_hi1=2026-10-17&f_hi2=2026-10-18&f_heya_su=1&f_otona_su=1&f_s1=0&f_s2=0&f_y1=0&f_y2=0&f_y3=0&f_y4=0&f_camp_id=4756099,0,2026-10-17,15080,15080,0,2026-10-17,fukuoka
198581,ホテルリファレンス東公園２コンドミニアム,https://img.travel.rakuten.co.jp/image/tr/api/re/pvonD/?f_no=198581,https://img.travel.rakuten.co.jp/image/tr/api/re/vFumt/?f_no=198581&f_flg=PLAN,,https://img.travel.rakuten.co.jp/image/tr/api/re/gJNfM/?f_hotel_no=198581,ほてるりふぁれんすひがしこうえんつーこんどみにあむ,地下鉄箱崎線千代県庁口駅2番出口より徒歩2分　天神駅から千代県庁口駅は4分 家具家電が一通り揃ったアパートメントホテル,7150,120956.04,469494.13,812-0044,福岡県,福岡市博多区千代3-4-10,092-402-7420,--,地下鉄箱崎線千代県庁口駅2番出口より徒歩2分,なし,千代県庁口,https://img.travel.rakuten.co.jp/share/HOTEL/198581/198581.jpg,https://img.travel.rakuten.co.jp/HIMG/90/198581.jpg,,,https://img.travel.rakuten.co.jp/share/HOTEL/198581/198581map.gif,2.0,,,hk201,【禁煙】シングルベッド2台のツインルーム【1Kスタイル】,6431549.0,【アパートメントホテル】地下鉄千代県庁口駅より徒歩4分　天神・中州へアクセス良好【素泊まり】,1,0,0,0,0,2,https://img.travel.rakuten.co.jp/image/tr/api/re/IdsCY/?f_no=198581&f_syu=hk201&f_hi1=2026-10-17&f_hi2=2026-10-18&f_heya_su=1&f_otona_su=1&f_s1=0&f_s2=0&f_y1=0&f_y2=0&f_y3=0&f_y4=0&f_camp_id=6431549,0,2026-10-17,22000,22000,0,2026-10-17,fukuoka
198566,Ｌｉｖｉｎｇ　ｌｉｋｅ　Ｈｏｔｅｌ　博多駅前,https://img.travel.rakuten.co.jp/image/tr/api/re/pvonD/?f_no=198566,https://img.travel.rakuten.co.jp/image/tr/api/re/vFumt/?f_no=198566&f_flg=PLAN,,https://img.travel.rakuten.co.jp/image/tr/api/re/gJNfM/?f_hotel_no=198566,りびんぐ らいく ほてる はかたえきまえ,☆2LDK☆広々とした自宅のような心地よさ！駅近でアクセス抜群です,3477,120885.22,469518.92,812-0011,福岡県,福岡市博多区博多駅前4-33-6,092-292-1015,011-531-4154,博多駅より徒歩15分,なし,博多,https://img.travel.rakuten.co.jp/share/HOTEL/198566/198566.jpg,https://img.travel.rakuten.co.jp/HIMG/90/198566.jpg,,,https://img.travel.rakuten.co.jp/share/HOTEL/198566/198566map.gif,1.0,,,lhem-a,スーペリアルーム,6429000.0,【返金不可】日程が決まった方はこちら！,1,0,0,0,0,2,https://img.travel.rakuten.co.jp/image/tr/api/re/IdsCY/?f_no=198566&f_syu=lhem-a&f_hi1=2026-10-17&f_hi2=2026-10-18&f_heya_su=1&f_otona_su=1&f_s1=0&f_s2=0&f_y1=0&f_y2=0&f_y3=0&f_y4=0&f_camp_id=6429000,0,2026-10-17,42294,42294,0,2026-10-17,fukuoka
201837,ＩＮＮＥＳＴ　博多,https://img.travel.rakuten.co.jp/image/tr/api/re/pvonD/?f_no=201837,https://img.travel.rakuten.co.jp/image/tr/api/re/vFumt/?f_no=201837&f_flg=PLAN,,https://img.travel.rakuten.co.jp/image/tr/api/re/gJNfM/?f_hotel_no=201837,いんねすと　はかた,アパートメントホテルが誕生！,2370,120901.96,469489.96,812-0018,福岡県,福岡市博多区住吉2-14-19,092-409-4892,092-401-1057,博多駅より徒歩13分,専用駐車場・提携駐車場はございません。 公式サイトから、近隣のコインパーキングをご確認下さい。,博多,https://img.travel.rakuten.co.jp/share/HOTEL/201837/201837.jpg,https://img.travel.rakuten.co.jp/HIMG/90/201837.jpg,,,https://img.travel.rakuten.co.jp/share/HOTEL/201837/201837map.gif,4.0,,,bhito,スーペリアトリプルルームB,6565585.0,【素泊まり】スタンダードプラン「迷ったらコレ！」,1,0,0,0,0,2,https://img.travel.rakuten.co.jp/image/tr/api/re/IdsCY/?f_no=201837&f_syu=bhito&f_hi1=2026-10-17&f_hi2=2026-10-18&f_heya_su=1&f_otona_su=1&f_s1=0&f_s2=0&f_y1=0&f_y2=0&f_y3=0&f_y4=0&f_camp_id=6565585,0,2026-10-17,78335,78335,0,2026-10-17,fukuoka
202112,ＭｉＧＯ　ＨＯＴＥＬ　ＦＵＫＵＯＫＡ　０１,https://img.travel.rakuten.co.jp/image/tr/api/re/pvonD/?f_no=202112,https://img.travel.rakuten.co.jp/image/tr/api/re/vFumt/?f_no=202112&f_flg=PLAN,,https://img.travel.rakuten.co.jp/image/tr/api/re/gJNfM/?f_hotel_no=202112,みごほてるふくおか01,新築アパートメントホテルが誕生！,2846,120943.64,469460.57,812-0029,福岡県,福岡市博多区古門戸町9-2,092-409-4892,--,中洲川端駅より徒歩8分,なし,中洲川端,https://img.travel.rakuten.co.jp/share/HOTEL/202112/202112.jpg,https://img.travel.rakuten.co.jp/HIMG/90/202112.jpg,,,https://img.travel.rakuten.co.jp/share/HOTEL/202112/202112map.gif,,,,bhito,スタンダード4人部屋B,6619488.0,【素泊まり】スタンダードプラン「迷ったらコレ！」,1,0,0,0,0,2,https://img.travel.rakuten.co.jp/image/tr/api/re/IdsCY/?f_no=202112&f_syu=bhito&f_hi1=2026-10-17&f_hi2=2026-10-18&f_heya_su=1&f_otona_su=1&f_s1=0&f_s2=0&f_y1=0&f_y2=0&f_y3=0&f_y4=0&f_camp_id=6619488,0,2026-10-17,54670,54670,0,2026-10-17,fukuoka
195905,Ｆｕｋｕｏｋａ　Ｇｕｅｓｔｈｏｕｓｅ　ＣＡＭＰ,https://img.travel.rakuten.co.jp/image/tr/api/re/pvonD/?f_no=195905,https://img.travel.rakuten.co.jp/image/tr/api/re/vFumt/?f_no=195905&f_flg=PLAN,,https://img.travel.rakuten.co.jp/image/tr/api/re/gJNfM/?f_hotel_no=195905,フクオカゲストハウス　キャンプ,深呼吸と遊びごころ　明かりの種を持ち寄る　僕らの隠れ家,2888,120957.08,469466.22,812-0033,福岡県,福岡市博多区大博町4-5,092-235-1565,092-235-1565,地下鉄呉服町駅より徒歩約１０分、マリンメッセ、国際会議場まで徒歩５分,近隣に格安コインパーキング（例：夜20時から朝8時200円）多数ございます。,呉服町（福岡）,https://img.travel.rakuten.co.jp/share/HOTEL/195905/195905.jpg,https://img.travel.rakuten.co.jp/HIMG/90/195905.jpg,,,https://img.travel.rakuten.co.jp/share/HOTEL/195905/195905map.gif,4.0,,,mixdomi,男女混合ドミトリー ,6163205.0,【学生限定】学生旅お得に泊まろう!※地下鉄呉服町駅より徒歩１０分♪・マリンメッセまで徒歩５分♪,1,0,0,0,0,1,https://img.travel.rakuten.co.jp/image/tr/api/re/IdsCY/?f_no=195905&f_syu=mixdomi&f_hi1=2026-10-17&f_hi2=2026-10-18&f_heya_su=1&f_otona_su=1&f_s1=0&f_s2=0&f_y1=0&f_y2=0&f_y3=0&f_y4=0&f_camp_id=6163205,0,2026-10-17,10800,10800,0,2026-10-17,fukuoka
173742,１０５　Ｃｏｚｙ　ａｎｄ　Ｃｌｅａｎｌｉｎｅｓｓ　Ａｐａｒｔｍｅｎｔ／民泊,https://img.travel.rakuten.co.jp/image/tr/api/re/pvonD/?f_no=173742,https://img.travel.rakuten.co.jp/image/tr/api/re/vFumt/?f_no=173742&f_flg=PLAN,,https://img.travel.rakuten.co.jp/image/tr/api/re/gJNfM/?f_hotel_no=173742,,とても静かな空気が良い住宅街です。長期ゲストも来られます。【民泊】,6187,121086.12,469628.86,813-0036,福岡県,福岡市東区若宮3-1-19　ユートピア若宮105号,080-7003-2290,000-000-0000,舞松原駅より徒歩にて約２０分,無し,舞松原,https://img.travel.rakuten.co.jp/share/HOTEL/173742/173742.jpg,https://img.travel.rakuten.co.jp/HIMG/90/173742.jpg,https://img.travel.rakuten.co.jp/share/HOTEL/173742/173742_kan1.jpg,https://img.travel.rakuten.co.jp/HIMG/INTERIOR/173742.jpg,https://img.travel.rakuten.co.jp/share/HOTEL/173742/173742map.gif,1.0,,,54198_5161,105号PEKO’s   HOUSE,4723317.0,105号  QUIET  And  COZY,1,0,0,0,0,2,https://img.travel.rakuten.co.jp/image/tr/api/re/IdsCY/?f_no=173742&f_syu=54198_5161&f_hi1=2026-10-17&f_hi2=2026-10-18&f_heya_su=1&f_otona_su=1&f_s1=0&f_s2=0&f_y1=0&f_y2=0&f_y3=0&f_y4=0&f_camp_id=4723317,0,2026-10-17,14500,14500,0,2026-10-17,fukuoka
173809,２０７　ＰＥＫＯ＇ｓＨＯＵＳＥ／民泊,https://img.travel.rakuten.co.jp/image/tr/api/re/pvonD/?f_no=173809,https://img.travel.rakuten.co.jp/image/tr/api/re/vFumt/?f_no=173809&f_flg=PLAN,,https://img.travel.rakuten.co.jp/image/tr/api/re/gJNfM/?f_hotel_no=173809,,【民泊】,6187,121086.12,469628.86,813-0036,福岡県,福岡市東区若宮3-1-19,080-7003-2290,000-000-0000,舞松原駅より徒歩にて約４分,無し,舞松原,https://img.travel.rakuten.co.jp/share/HOTEL/173809/173809.jpg,https://img.travel.rakuten.co.jp/HIMG/90/173809.jpg,https://img.travel.rakuten.co.jp/share/HOTEL/173809/173809_kan1.jpg,https://img.travel.rakuten.co.jp/HIMG/INTERIOR/173809.jpg,https://img.travel.rakuten.co.jp/share/HOTEL/173809/173809map.gif,,,,55488_5372,PEKO’S  HOUSE  207,4723294.0,207 Pocket WIFI!Quiet and Cozy,1,0,0,0,0,2,https://img.travel.rakuten.co.jp/image/tr/api/re/IdsCY/?f_no=173809&f_syu=55488_5372&f_hi1=2026-10-17&f_hi2=2026-10-18&f_heya_su=1&f_otona_su=1&f_s1=0&f_s2=0&f_y1=0&f_y2=0&f_y3=0&f_y4=0&f_camp_id=4723294,0,2026-10-17,14500,14500,0,2026-10-17,fukuoka
201087,月光博多東／民泊,https://img.travel.rakuten.co.jp/image/tr/api/re/pvonD/?f_no=201087,https://img.travel.rakuten.co.jp/image/tr/api/re/vFumt/?f_no=201087&f_flg=PLAN,,https://img.travel.rakuten.co.jp/image/tr/api/re/gJNfM/?f_hotel_no=201087,,　,5955,121026.84,469561.22,812-0063,福岡県,福岡市東区原田2-15-8　月光博多東,080-8500-9217,00-0000-0000,箱崎駅から徒歩で6分,なし,箱崎,https://img.travel.rakuten.co.jp/share/HOTEL/201087/201087.jpg,https://img.travel.rakuten.co.jp/HIMG/90/201087.jpg,,,https://img.travel.rakuten.co.jp/share/HOTEL/201087/201087map.gif,,,,r23603_3,503,6631726.0,503*博多駅から電車で15分|最大3名|JR箱崎駅徒歩12分|Wi-Fi|ライブ遠征OK,1,0,0,0,0,2,https://img.travel.rakuten.co.jp/image/tr/api/re/IdsCY/?f_no=201087&f_syu=r23603_3&f_hi1=2026-10-17&f_hi2=2026-10-18&f_heya_su=1&f_otona_su=1&f_s1=0&f_s2=0&f_y1=0&f_y2=0&f_y3=0&f_y4=0&f_camp_id=6631726,0,2026-10-17,26564,26564,0,2026-10-17,fukuoka
194058,宰府　桜　＾,https://img.travel.rakuten.co.jp/image/tr/api/re/pvonD/?f_no=194058,https://img.travel.rakuten.co.jp/image/tr/api/re/vFumt/?f_no=194058&f_flg=PLAN,,https://img.travel.rakuten.co.jp/image/tr/api/re/gJNfM/?f_hotel_no=194058,,宰府　桜　新築を一棟まるまる貸切　コンパクトサイズの２階建て　太宰府天満宮近く駐車場縦列２台可,8352,120672.95,469930.82,818-0117,福岡県,太宰府市宰府5-10-25　宰府　桜,090-4984-7350,000-000-0000,太宰府駅から徒歩で約３分,有り,太宰府,https://img.travel.rakuten.co.jp/share/HOTEL/194058/194058.jpg,https://img.travel.rakuten.co.jp/HIMG/90/194058.jpg,,,https://img.travel.rakuten.co.jp/share/HOTEL/194058/194058map.gif,1.0,,,1151797_8,一戸建て,6185248.0,宰府 桜,1,0,0,0,0,2,https://img.travel.rakuten.co.jp/image/tr/api/re/IdsCY/?f_no=194058&f_syu=1151797_8&f_hi1=2026-10-17&f_hi2=2026-10-18&f_heya_su=1&f_otona_su=1&f_s1=0&f_s2=0&f_y1=0&f_y2=0&f_y3=0&f_y4=0&f_camp_id=6185248,0,2026-10-17,40600,40600,0,2026-10-17,fukuoka
197857,ＬＯＮＧ　ＶＡＣＡＴＩＯＮ　ＲＥＳＯＲＴ,https://img.travel.rakuten.co.jp/image/tr/api/re/pvonD/?f_no=197857,https://img.travel.rakuten.co.jp/image/tr/api/re/vFumt/?f_no=197857&f_flg=PLAN,,https://img.travel.rakuten.co.jp/image/tr/api/re/gJNfM/?f_hotel_no=197857,ろんぐばけーしょんりぞーと,博多湾を一望できる最高のロケーション。プールと露天風呂のあるリゾートグランピングで極上のひとときを…,16900,121127.64,469258.06,811-0321,福岡県,福岡市東区西戸崎5-24-1,092-260-8885,092-260-8503,JR西戸崎駅から徒歩16分／お車でお越しの場合、海の中道から「海浜公園南」交差点を左折した直後に右折,あり　100台　無料　先着順■チェックイン前でもご利用いただけます。,西戸崎,https://img.travel.rakuten.co.jp/share/HOTEL/197857/197857.jpg,https://img.travel.rakuten.co.jp/HIMG/90/197857.jpg,,,https://img.travel.rakuten.co.jp/share/HOTEL/197857/197857map.gif,17.0,4.12,"台風接近による強風の影響で、宿泊しているトレーラー前でバーベキューができず、共有スペースでのバーベキューになりました。連休中だったためか、共有スペースでは催し物が行われており、子連れの方や若者友人同士…　2026-10-02 20:38:51投稿 <a href=""https://img.travel.rakuten.co.jp/image/tr/api/re/gJNfM/?f_hotel_no=197857"" class=""3click"">つづきはこちら</a>",004,【露天風呂/プール付】離れタイプの客室,6359291.0,【素泊り】SIMPLE STAY,1,0,0,0,0,1,https://img.travel.rakuten.co.jp/image/tr/api/re/IdsCY/?f_no=197857&f_syu=004&f_hi1=2026-10-17&f_hi2=2026-10-18&f_heya_su=1&f_otona_su=1&f_s1=0&f_s2=0&f_y1=0&f_y2=0&f_y3=0&f_y4=0&f_camp_id=6359291,0,2026-10-17,44900,44900,0,2026-10-17,fukuoka
202535,徒然庵　博多川,https://img.travel.rakuten.co.jp/image/tr/api/re/pvonD/?f_no=202535,https://img.travel.rakuten.co.jp/image/tr/api/re/vFumt/?f_no=202535&f_flg=PLAN,,https://img.travel.rakuten.co.jp/image/tr/api/re/gJNfM/?f_hotel_no=202535,つれづれあん　はかたがわ,博多の路地の奥、おだやかな川のほとりに佇む「徒然庵 博多川」。,7195,120955.16,469479.95,812-0034,福岡県,福岡市博多区下呉服町9-14,090-1022-1906,--,呉服町駅より徒歩８分,ととのう棟、よりそう棟は1台分の専用駐車場（無料）あり。つどう棟には駐車場はありません。,呉服町（福岡）,https://img.travel.rakuten.co.jp/share/HOTEL/202535/202535.jpg,https://img.travel.rakuten.co.jp/HIMG/90/202535.jpg,,,https://img.travel.rakuten.co.jp/share/HOTEL/202535/202535map.gif,,,,petm,【よりそう棟】ペットルーム（椿）,6630861.0,【大切な家族であるペットもご一緒に】つれづれなるままに時を紡ぐ（素泊まり）,1,0,0,0,0,2,https://img.travel.rakuten.co.jp/image/tr/api/re/IdsCY/?f_no=202535&f_syu=petm&f_hi1=2026-10-17&f_hi2=2026-10-18&f_heya_su=1&f_otona_su=1&f_s1=0&f_s2=0&f_y1=0&f_y2=0&f_y3=0&f_y4=0&f_camp_id=6630861,0,2026-10-17,45816,45816,0,2026-10-17,fukuoka
198370,Ｌｉｖｉｎｇ　ｌｉｋｅ　Ｈｏｔｅｌ　Ｈａｋａｔａ　Ｐｒｅｍｉｕｍ,https://img.travel.rakuten.co.jp/image/tr/api/re/pvonD/?f_no=198370,https://img.travel.rakuten.co.jp/image/tr/api/re/vFumt/?f_no=198370&f_flg=PLAN,,https://img.travel.rakuten.co.jp/image/tr/api/re/gJNfM/?f_hotel_no=198370,リビングライクホテルハカタプレミアム,65平米で広々くつろぎ空間！旅先でも家のような心地よさを。,4155,120875.65,469527.74,812-0016,福岡県,福岡市博多区博多駅南3-27-3,092-292-1015,011-531-4154,博多駅より徒歩15分,なし,博多,https://img.travel.rakuten.co.jp/share/HOTEL/198370/198370.jpg,https://img.travel.rakuten.co.jp/HIMG/90/198370.jpg,,,https://img.travel.rakuten.co.jp/share/HOTEL/198370/198370map.gif,5.0,4.4,,lp0mlh25pa,【全室禁煙】 スーペリアスイート,6375229.0,【返金不可プラン】ご予定が決まった方はこちらから！,1,0,0,0,0,2,https://img.travel.rakuten.co.jp/image/tr/api/re/IdsCY/?f_no=198370&f_syu=lp0mlh25pa&f_hi1=2026-10-17&f_hi2=2026-10-18&f_heya_su=1&f_otona_su=1&f_s1=0&f_s2=0&f_y1=0&f_y2=0&f_y3=0&f_y4=0&f_camp_id=6375229,0,2026-10-17,51357,51357,0,2026-10-17,fukuoka
189898,ｆｕｕ　＾,https://img.travel.rakuten.co.jp/image/tr/api/re/pvonD/?f_no=189898,https://img.travel.rakuten.co.jp/image/tr/api/re/vFumt/?f_no=189898&f_flg=PLAN,,https://img.travel.rakuten.co.jp/image/tr/api/re/gJNfM/?f_hotel_no=189898,,■ご注意事項チェックイン前日にチェックインに関するメールが届きます。,4292,120937.85,469536.63,812-0043,福岡県,福岡市博多区堅粕4-8-13　2Ｆ　　ｆｕｕ　2号,050-5539-2234,000-000-0000,博多駅から徒歩で約８分,無し,博多,https://img.travel.rakuten.co.jp/share/HOTEL/189898/189898.jpg,https://img.travel.rakuten.co.jp/HIMG/90/189898.jpg,,,https://img.travel.rakuten.co.jp/share/HOTEL/189898/189898map.gif,,,,785214_6,スタンダードルーム,5922683.0,【博多駅より車で6分】6名収容:ロフトベッド(シングル)2台・ダブルベッド2台 fuu_2号,1,0,0,0,0,2,https://img.travel.rakuten.co.jp/image/tr/api/re/IdsCY/?f_no=189898&f_syu=785214_6&f_hi1=2026-10-17&f_hi2=2026-10-18&f_heya_su=1&f_otona_su=1&f_s1=0&f_s2=0&f_y1=0&f_y2=0&f_y3=0&f_y4=0&f_camp_id=5922683,0,2026-10-17,53940,53940,0,2026-10-17,fukuoka
172639,グランドベース博多,https://img.travel.rakuten.co.jp/image/tr/api/re/pvonD/?f_no=172639,https://img.travel.rakuten.co.jp/image/tr/api/re/vFumt/?f_no=172639&f_flg=PLAN,https://img.travel.rakuten.co.jp/image/tr/api/re/WzozX/?noTomariHotel=172639,https://img.travel.rakuten.co.jp/image/tr/api/re/gJNfM/?f_hotel_no=172639,ぐらんどべーすはかた,【無人フロントホテル】天神・博多へアクセス良好！マリンメッセや博多の旧市街、中洲や屋台も徒歩圏内！,2148,120937.42,469465.88,812-0029,福岡県,福岡市博多区古門戸町2-17,092-409-4892,,博多駅からは地下鉄で3分の「中洲川端駅」で下車後徒歩7分。天神へは徒歩15分（バスも出ています）。,専用駐車場・提携駐車場はございません。 公式サイトから、近隣のコインパーキングをご確認下さい。,中洲川端,https://img.travel.rakuten.co.jp/share/HOTEL/172639/172639.jpg,https://img.travel.rakuten.co.jp/HIMG/90/172639.jpg,https://img.travel.rakuten.co.jp/share/HOTEL/172639/172639_kan1.jpg,https://img.travel.rakuten.co.jp/HIMG/INTERIOR/172639.jpg,https://img.travel.rakuten.co.jp/share/HOTEL/172639/172639map.gif,13.0,3.8,,ahito,スタンダードA,4552237.0,【素泊まり】スタンダードプラン「迷ったらコレ！」,1,0,0,0,0,2,https://img.travel.rakuten.co.jp/image/tr/api/re/IdsCY/?f_no=172639&f_syu=ahito&f_hi1=2026-10-17&f_hi2=2026-10-18&f_heya_su=1&f_otona_su=1&f_s1=0&f_s2=0&f_y1=0&f_y2=0&f_y3=0&f_y4=0&f_camp_id=4552237,0,2026-10-17,56755,56755,0,2026-10-17,fukuoka
170439,シャインブライト／民泊,https://img.travel.rakuten.co.jp/image/tr/api/re/pvonD/?f_no=170439,https://img.travel.rakuten.co.jp/image/tr/api/re/vFumt/?f_no=170439&f_flg=PLAN,,https://img.travel.rakuten.co.jp/image/tr/api/re/gJNfM/?f_hotel_no=170439,,　,6264,121006.29,469499.83,812-0055,福岡県,福岡市東区東浜1-7-26　シャインブライト,090-9792-6152,000-000-0000,箱崎宮前駅から徒歩で約３分,有り,箱崎宮前,https://img.travel.rakuten.co.jp/share/HOTEL/170439/170439.jpg,https://img.travel.rakuten.co.jp/HIMG/90/170439.jpg,,,https://img.travel.rakuten.co.jp/share/HOTEL/170439/170439map.gif,2.0,,,r19291_8,Shine Bright2 103,6238236.0,【禁煙】ファミリールーム (103),1,0,0,0,0,2,https://img.travel.rakuten.co.jp/image/tr/api/re/IdsCY/?f_no=170439&f_syu=r19291_8&f_hi1=2026-10-17&f_hi2=2026-10-18&f_heya_su=1&f_otona_su=1&f_s1=0&f_s2=0&f_y1=0&f_y2=0&f_y3=0&f_y4=0&f_camp_id=6238236,0,2026-10-17,56840,56840,0,2026-10-17,fukuoka
195298,Ａｍｐ　Ｆｌａｔ　Ａｒｃｂｌｉｓｓ　３　＾,https://img.travel.rakuten.co.jp/image/tr/api/re/pvonD/?f_no=195298,https://img.travel.rakuten.co.jp/image/tr/api/re/vFumt/?f_no=195298&f_flg=PLAN,,https://img.travel.rakuten.co.jp/image/tr/api/re/gJNfM/?f_hotel_no=195298,, ,11472,120593.31,469862.22,818-0072,福岡県,筑紫野市二日市中央5-687-2 　Amp Flat Arcbliss 3,080-3188-3570,00-0000-0000,西鉄二日市駅より徒歩で3分,なし,西鉄二日市,https://img.travel.rakuten.co.jp/share/HOTEL/195298/195298.jpg,https://img.travel.rakuten.co.jp/HIMG/90/195298.jpg,,,https://img.travel.rakuten.co.jp/share/HOTEL/195298/195298map.gif,,,,1357123_6,スタンダードルーム,6330278.0,広々バルコニーで朝も夜も贅沢に。太宰府観光の拠点にぴったりの一室。,1,0,0,0,0,2,https://img.travel.rakuten.co.jp/image/tr/api/re/IdsCY/?f_no=195298&f_syu=1357123_6&f_hi1=2026-10-17&f_hi2=2026-10-18&f_heya_su=1&f_otona_su=1&f_s1=0&f_s2=0&f_y1=0&f_y2=0&f_y3=0&f_y4=0&f_camp_id=6330278,0,2026-10-17,57356,57356,0,2026-10-17,fukuoka
195333,ＡＭＰ　ＦＬＡＴ　ＡＲＣＢＬＩＳＳ　２Ｂ　＾,https://img.travel.rakuten.co.jp/image/tr/api/re/pvonD/?f_no=195333,https://img.travel.rakuten.co.jp/image/tr/api/re/vFumt/?f_no=195333&f_flg=PLAN,,https://img.travel.rakuten.co.jp/image/tr/api/re/gJNfM/?f_hotel_no=195333,, ,14339,120593.31,469862.22,818-0072,福岡県,筑紫野市二日市中央5-687-2　AMP FLAT ARCBLISS 2B,080-3188-3570,00-0000-0000,西鉄二日市駅より徒歩で3分,なし,西鉄二日市,https://img.travel.rakuten.co.jp/share/HOTEL/195333/195333.jpg,https://img.travel.rakuten.co.jp/HIMG/90/195333.jpg,,,https://img.travel.rakuten.co.jp/share/HOTEL/195333/195333map.gif,,,,1357408_4,スタンダードルーム,6338469.0,太宰府天満宮まで電車で約10分、シンプルで落ち着いた滞在に。暮らすように過ごせる一室。,1,0,0,0,0,2,https://img.travel.rakuten.co.jp/image/tr/api/re/IdsCY/?f_no=195333&f_syu=1357408_4&f_hi1=2026-10-17&f_hi2=2026-10-18&f_heya_su=1&f_otona_su=1&f_s1=0&f_s2=0&f_y1=0&f_y2=0&f_y3=0&f_y4=0&f_camp_id=6338469,0,2026-10-17,57356,57356,0,2026-10-17,fukuoka
170210,Ｒａｋｕｔｅｎ　ＳＴＡＹ　博多祇園,https://img.travel.rakuten.co.jp/image/tr/api/re/pvonD/?f_no=170210,https://img.travel.rakuten.co.jp/image/tr/api/re/vFumt/?f_no=170210&f_flg=PLAN,https://img.travel.rakuten.co.jp/image/tr/api/re/WzozX/?noTomariHotel=170210,https://img.travel.rakuten.co.jp/image/tr/api/re/gJNfM/?f_hotel_no=170210,,呉服町駅から徒歩4分！非接触で安心！最大8名まで泊まれる和モダンルームでホテルとは違った滞在を。,4160,120943.55,469491.96,812-0036,福岡県,福岡市博多区上呉服町12-31,050-1750-9719,,福岡市地下鉄 箱崎線 呉服町駅 5番出口より 徒歩約4分 ／ 福岡市地下鉄 空港線 祇園駅 1番出口より 徒歩約9分,無し,東比恵,https://img.travel.rakuten.co.jp/share/HOTEL/170210/170210.jpg,https://img.travel.rakuten.co.jp/HIMG/90/170210.jpg,,,https://img.travel.rakuten.co.jp/share/HOTEL/170210/170210map.gif,128.0,4.35,"風…　2026-09-24 18:16:39投稿 <a href=""https://img.travel.rakuten.co.jp/image/tr/api/re/gJNfM/?f_hotel_no=170210"" class=""3click"">つづきはこちら</a>",a-4,【401】スーペリア／ベッド2台＋3畳小上り（1〜5名）,5644483.0,【駅チカ4分！】60㎡の広々空間！プロジェクター＆洗濯機完備◎子連れ安心の畳スペース付！最大8名定員,1,0,0,0,0,2,https://img.travel.rakuten.co.jp/image/tr/api/re/IdsCY/?f_no=170210&f_syu=a-4&f_hi1=2026-10-17&f_hi2=2026-10-18&f_heya_su=1&f_otona_su=1&f_s1=0&f_s2=0&f_y1=0&f_y2=0&f_y3=0&f_y4=0&f_camp_id=5644483,0,2026-10-17,67000,67000,0,2026-10-17,fukuoka
181272,グランドベース博多門,https://img.travel.rakuten.co.jp/image/tr/api/re/pvonD/?f_no=181272,https://img.travel.rakuten.co.jp/image/tr/api/re/vFumt/?f_no=181272&f_flg=PLAN,https://img.travel.rakuten.co.jp/image/tr/api/re/WzozX/?noTomariHotel=181272,https://img.travel.rakuten.co.jp/image/tr/api/re/gJNfM/?f_hotel_no=181272,ぐらんどべーすはかたもん,【無人フロントホテル】ホテルの中にはいくつもの和が散りばめられ、竹格子、和紙、日本ならではの繊細な技の数々,2324,120943.84,469459.94,812-0029,福岡県,福岡市博多区古門戸町10-12,092-409-4892,,中洲川端駅 7番出口から徒歩9分、バスは「蔵本」で下車後徒歩6分、マリンメッセから徒歩14分,専用駐車場・提携駐車場はございません。 公式サイトから、近隣のコインパーキングをご確認下さい。,福岡空港,https://img.travel.rakuten.co.jp/share/HOTEL/181272/181272.jpg,https://img.travel.rakuten.co.jp/HIMG/90/181272.jpg,,,https://img.travel.rakuten.co.jp/share/HOTEL/181272/181272map.gif,21.0,4.1,"部屋は普通によかったですが、ソファがボロボロだったのは残念。　2026-09-13 14:56:05投稿 <a href=""https://img.travel.rakuten.co.jp/image/tr/api/re/gJNfM/?f_hotel_no=181272"" class=""3click"">つづきはこちら</a>",ahito,スタンダードA,4902942.0,【素泊まり】スタンダードプラン「迷ったらコレ！」,1,0,0,0,0,2,https://img.travel.rakuten.co.jp/image/tr/api/re/IdsCY/?f_no=181272&f_syu=ahito&f_hi1=2026-10-17&f_hi2=2026-10-18&f_heya_su=1&f_otona_su=1&f_s1=0&f_s2=0&f_y1=0&f_y2=0&f_y3=0&f_y4=0&f_camp_id=4902942,0,2026-10-17,67000,67000,0,2026-10-17,fukuoka
182549,Ｗｈｉｔｅ　Ｃｒｙｓｔａｌ,https://img.travel.rakuten.co.jp/image/tr/api/re/pvonD/?f_no=182549,https://img.travel.rakuten.co.jp/image/tr/api/re/vFumt/?f_no=182549&f_flg=PLAN,,https://img.travel.rakuten.co.jp/image/tr/api/re/gJNfM/?f_hotel_no=182549,ホワイトクリスタル,２０２１年ＯＰＥＮ☆洗練された２組限定のプライベートホテル。１泊から長期滞在も安心！一棟貸しも可能。,6000,120961.9,469499.61,812-0044,福岡県,福岡市博多区千代4-4-33,080-3220-3610,,千代県庁口駅（地下鉄）から徒歩約１分,敷地内利用不可　近隣のコインパーキングをご利用ください（複数あり）,千代県庁口,https://img.travel.rakuten.co.jp/share/HOTEL/182549/182549.jpg,https://img.travel.rakuten.co.jp/HIMG/90/182549.jpg,,,https://img.travel.rakuten.co.jp/share/HOTEL/182549/182549map.gif,3.0,,,wcrs2,【RoomB(2F)】禁煙／無料インターネット,,,1,0,0,0,0,2,https://img.travel.rakuten.co.jp/image/tr/api/re/IdsCY/?f_no=182549&f_syu=wcrs2&f_hi1=2026-10-17&f_hi2=2026-10-18&f_heya_su=1&f_otona_su=1&f_s1=0&f_s2=0&f_y1=0&f_y2=0&f_y3=0&f_y4=0,1,2026-10-17,67000,67000,0,2026-10-17,fukuoka
181794,グランドベース博多呉服,https://img.travel.rakuten.co.jp/image/tr/api/re/pvonD/?f_no=181794,https://img.travel.rakuten.co.jp/image/tr/api/re/vFumt/?f_no=181794&f_flg=PLAN,https://img.travel.rakuten.co.jp/image/tr/api/re/WzozX/?noTomariHotel=181794,https://img.travel.rakuten.co.jp/image/tr/api/re/gJNfM/?f_hotel_no=181794,ぐらんどべーすはかたごふく,【無人フロントホテル】古き良き街並みの中に新しい風を吹き込む、ナチュラル和モダンな雰囲気のグランドベース博多呉服が登場。,2548,120942.65,469497.21,812-0036,福岡県,福岡市博多区上呉服町7-7,092-409-4892,,地下鉄「呉服町駅」から徒歩6分、博多駅・マリンメッセからはバスで10分（最寄りバス停「呉服町」）,専用駐車場・提携駐車場はございません。 公式サイトから、近隣のコインパーキングをご確認下さい。,福岡空港,https://img.travel.rakuten.co.jp/share/HOTEL/181794/181794.jpg,https://img.travel.rakuten.co.jp/HIMG/90/181794.jpg,,,https://img.travel.rakuten.co.jp/share/HOTEL/181794/181794map.gif,8.0,4.67,,ahito,スタンダードA,4980276.0,【素泊まり】スタンダードプラン「迷ったらコレ！」,1,0,0,0,0,2,https://img.travel.rakuten.co.jp/image/tr/api/re/IdsCY/?f_no=181794&f_syu=ahito&f_hi1=2026-10-17&f_hi2=2026-10-18&f_heya_su=1&f_otona_su=1&f_s1=0&f_s2=0&f_y1=0&f_y2=0&f_y3=0&f_y4=0&f_camp_id=4980276,0,2026-10-17,68335,68335,0,2026-10-17,fukuoka
192994,ホテルサリフォート博多,https://img.travel.rakuten.co.jp/image/tr/api/re/pvonD/?f_no=192994,https://img.travel.rakuten.co.jp/image/tr/api/re/vFumt/?f_no=192994&f_flg=PLAN,,https://img.travel.rakuten.co.jp/image/tr/api/re/gJNfM/?f_hotel_no=192994,さりふぉーとはかた,【無人フロントホテル】２０２４年１０月グランドオープン！博多駅からも空港からもアクセス良好です◎,2405,120939.38,469528.74,812-0043,福岡県,福岡市博多区堅粕3-6-7,092-409-4892,092-401-1057,博多駅よりお車で約５分、福岡空港国内線よりお車で約１２分,無し,博多,https://img.travel.rakuten.co.jp/share/HOTEL/192994/192994.jpg,https://img.travel.rakuten.co.jp/HIMG/90/192994.jpg,,,https://img.travel.rakuten.co.jp/share/HOTEL/192994/192994map.gif,,,,ahito,コンフォートA,6084429.0,【素泊まり】スタンダードプラン「迷ったらコレ！」,1,0,0,0,0,2,https://img.travel.rakuten.co.jp/image/tr/api/re/IdsCY/?f_no=192994&f_syu=ahito&f_hi1=2026-10-17&f_hi2=2026-10-18&f_heya_su=1&f_otona_su=1&f_s1=0&f_s2=0&f_y1=0&f_y2=0&f_y3=0&f_y4=0&f_camp_id=6084429,0,2026-10-17,68335,68335,0,2026-10-17,fukuoka
170315,博多駅まで徒歩５分！　敷地内の激安駐車場あり！オシャレなお部屋で福岡満喫ステイ！　ピコロ博多／民泊,https://img.travel.rakuten.co.jp/image/tr/api/re/pvonD/?f_no=170315,https://img.travel.rakuten.co.jp/image/tr/api/re/vFumt/?f_no=170315&f_flg=PLAN,,https://img.travel.rakuten.co.jp/image/tr/api/re/gJNfM/?f_hotel_no=170315,,２０２１年５月グランドオープン★博多駅まで徒歩７分！観光・グルメ・ショッピング【民泊】,11919,120929.36,469529.59,812-0043,福岡県,福岡市博多区堅粕5-5-20　ピコロ博多,070-8543-3939,000-000-0000,博多駅から徒歩で約７分,有り,博多,https://img.travel.rakuten.co.jp/share/HOTEL/170315/170315.jpg,https://img.travel.rakuten.co.jp/HIMG/90/170315.jpg,,,https://img.travel.rakuten.co.jp/share/HOTEL/170315/170315map.gif,4.0,,,r11336_4,Superior 1105,5144598.0,Superior 1105,1,0,0,0,0,2,https://img.travel.rakuten.co.jp/image/tr/api/re/IdsCY/?f_no=170315&f_syu=r11336_4&f_hi1=2026-10-17&f_hi2=2026-10-18&f_heya_su=1&f_otona_su=1&f_s1=0&f_s2=0&f_y1=0&f_y2=0&f_y3=0&f_y4=0&f_camp_id=5144598,0,2026-10-17,71456,71456,0,2026-10-17,fukuoka
200704,ＡＭＰ　ＦＬＡＴ　太宰府駅前　＾,https://img.travel.rakuten.co.jp/image/tr/api/re/pvonD/?f_no=200704,https://img.travel.rakuten.co.jp/image/tr/api/re/vFumt/?f_no=200704&f_flg=PLAN,,https://img.travel.rakuten.co.jp/image/tr/api/re/gJNfM/?f_hotel_no=200704,,太宰府駅徒歩2分、最大12名宿泊可能な新築一棟貸し。天満宮参拝の拠点に最適で、快適な旅を約束します。,9009,120661.38,469921.79,818-0117,福岡県,太宰府市宰府3-4-3　,080-3188-3570,00-0000-0000,太宰府駅から徒歩で1分,あり,太宰府,https://img.travel.rakuten.co.jp/share/HOTEL/200704/200704.jpg,https://img.travel.rakuten.co.jp/HIMG/90/200704.jpg,,,https://img.travel.rakuten.co.jp/share/HOTEL/200704/200704map.gif,,,,1612657_12,一戸建て,6599463.0,太宰府の中心を、一棟まるごと。駅徒歩2分の新築戸建て,1,0,0,0,0,2,https://img.travel.rakuten.co.jp/image/tr/api/re/IdsCY/?f_no=200704&f_syu=1612657_12&f_hi1=2026-10-17&f_hi2=2026-10-18&f_heya_su=1&f_otona_su=1&f_s1=0&f_s2=0&f_y1=0&f_y2=0&f_y3=0&f_y4=0&f_camp_id=6599463,0,2026-10-17,71584,71584,0,2026-10-17,fukuoka
197138,Ｔｈｅ　ＬＯＦＴ　ＩＮＮ　ＨＡＫＡＴＡ,https://img.travel.rakuten.co.jp/image/tr/api/re/pvonD/?f_no=197138,https://img.travel.rakuten.co.jp/image/tr/api/re/vFumt/?f_no=197138&f_flg=PLAN,,https://img.travel.rakuten.co.jp/image/tr/api/re/gJNfM/?f_hotel_no=197138,ザロフトインハカタ,中洲・博多観光に最適！暮らすように泊まれる快適アパートメントホテル。,28595,120937.39,469472.59,812-0024,福岡県,福岡市博多区綱場町9-11,092-260-3299,--,中洲川端駅から徒歩約３分,無し,中洲川端,https://img.travel.rakuten.co.jp/share/HOTEL/197138/197138.jpg,https://img.travel.rakuten.co.jp/HIMG/90/197138.jpg,,,https://img.travel.rakuten.co.jp/share/HOTEL/197138/197138map.gif,,,,dtr,Deluxe Triple Room,6625018.0,★【スタンダード】「何人泊まっても同じ値段♪」,1,0,0,0,0,2,https://img.travel.rakuten.co.jp/image/tr/api/re/IdsCY/?f_no=197138&f_syu=dtr&f_hi1=2026-10-17&f_hi2=2026-10-18&f_heya_su=1&f_otona_su=1&f_s1=0&f_s2=0&f_y1=0&f_y2=0&f_y3=0&f_y4=0&f_camp_id=6625018,0,2026-10-17,71610,71610,1,2026-10-17,fukuoka
197512,Ｆｅｌｉｃｅ　Ｈａｋａｔａ,https://img.travel.rakuten.co.jp/image/tr/api/re/pvonD/?f_no=197512,https://img.travel.rakuten.co.jp/image/tr/api/re/vFumt/?f_no=197512&f_flg=PLAN,,https://img.travel.rakuten.co.jp/image/tr/api/re/gJNfM/?f_hotel_no=197512,ふぇりーちぇ　はかた,アパートメントホテルが誕生！ご自宅のようにご利用いただけます。,2100,120929.06,469543.83,812-0008,福岡県,福岡市博多区東光2-6-24,092-409-4892,,博多駅より徒歩11分,専用駐車場・提携駐車場はございません。 公式サイトから、近隣のコインパーキングをご確認下さい。,博多,https://img.travel.rakuten.co.jp/share/HOTEL/197512/197512.jpg,https://img.travel.rakuten.co.jp/HIMG/90/197512.jpg,,,https://img.travel.rakuten.co.jp/share/HOTEL/197512/197512map.gif,1.0,,,ahito,1ベットルーム　アパートメントA,6313456.0,【素泊まり】スタンダードプラン「迷ったらコレ！」,1,0,0,0,0,2,https://img.travel.rakuten.co.jp/image/tr/api/re/IdsCY/?f_no=197512&f_syu=ahito&f_hi1=2026-10-17&f_hi2=2026-10-18&f_heya_su=1&f_otona_su=1&f_s1=0&f_s2=0&f_y1=0&f_y2=0&f_y3=0&f_y4=0&f_camp_id=6313456,0,2026-10-17,71670,71670,0,2026-10-17,fukuoka
178470,Ｓｔａｙ　Ｈａｋａｔａ,https://img.travel.rakuten.co.jp/image/tr/api/re/pvonD/?f_no=178470,https://img.travel.rakuten.co.jp/image/tr/api/re/vFumt/?f_no=178470&f_flg=PLAN,,https://img.travel.rakuten.co.jp/image/tr/api/re/gJNfM/?f_hotel_no=178470,すてい　はかた,キャナルシティまで徒歩5分。天神・博多まで車で５分。60平米の広い部屋で、家族・グループ旅行に人気！,7050,120895.62,469487.29,812-0018,福岡県,福岡市博多区住吉3-9-22,092-406-8470,092-406-8441,博多駅より徒歩にて約２０分　または　お車にて約１０分,無し,博多,https://img.travel.rakuten.co.jp/share/HOTEL/178470/178470.jpg,https://img.travel.rakuten.co.jp/HIMG/90/178470.jpg,https://img.travel.rakuten.co.jp/share/HOTEL/178470/178470_kan1.jpg,https://img.travel.rakuten.co.jp/HIMG/INTERIOR/178470.jpg,https://img.travel.rakuten.co.jp/share/HOTEL/178470/178470map.gif,41.0,4.1,"…　2026-09-15 18:54:24投稿 <a href=""https://img.travel.rakuten.co.jp/image/tr/api/re/gJNfM/?f_hotel_no=178470"" class=""3click"">つづきはこちら</a>",cmo,エグゼクティブスイートルーム【禁煙】702,5872342.0,キャッシュレスで受付がスムーズに★誕生日会・スポーツ観覧・映画鑑賞★プロジェクター付き,5,0,0,0,0,2,https://img.travel.rakuten.co.jp/image/tr/api/re/IdsCY/?f_no=178470&f_syu=cmo&f_hi1=2026-10-17&f_hi2=2026-10-18&f_heya_su=1&f_otona_su=1&f_s1=0&f_s2=0&f_y1=0&f_y2=0&f_y3=0&f_y4=0&f_camp_id=5872342,0,2026-10-17,79000,79000,0,2026-10-17,fukuoka
179595,博多の宿　徒然庵,https://img.travel.rakuten.co.jp/image/tr/api/re/pvonD/?f_no=179595,https://img.travel.rakuten.co.jp/image/tr/api/re/vFumt/?f_no=179595&f_flg=PLAN,https://img.travel.rakuten.co.jp/image/tr/api/re/WzozX/?noTomariHotel=179595,https://img.travel.rakuten.co.jp/image/tr/api/re/gJNfM/?f_hotel_no=179595,はかたのやど　つれづれあん,【2025年6月13日～全客室の檜風呂が新品に！】木の香りに包まれる、全室檜風呂付の町屋風の宿。,36300,120939.17,469466.55,812-0029,福岡県,福岡市博多区古門戸町4-4,080-8043-2702,092-235-3903,地下鉄空港線　中洲川端駅より徒歩で約５分,無し※近隣の有料駐車場をご利用ください。,中洲川端,https://img.travel.rakuten.co.jp/share/HOTEL/179595/179595.jpg,https://img.travel.rakuten.co.jp/HIMG/90/179595.jpg,,,https://img.travel.rakuten.co.jp/share/HOTEL/179595/179595map.gif,40.0,4.07,"宿も広くて、アメニティーもしっかりしてるので不便さは全然ありませんでした。　2026-08-29 07:22:46投稿 <a href=""https://img.travel.rakuten.co.jp/image/tr/api/re/gJNfM/?f_hotel_no=179595"" class=""3click"">つづきはこちら</a>",komond,◆古門戸【50平米／禁煙】,4704841.0,◆【素泊まり】中洲川端駅徒歩５分でアクセス抜群！檜風呂がついた３室のみの町屋風宿屋で上質の寛ぎを,1,0,0,0,0,1,https://img.travel.rakuten.co.jp/image/tr/api/re/IdsCY/?f_no=179595&f_syu=komond&f_hi1=2026-10-17&f_hi2=2026-10-18&f_heya_su=1&f_otona_su=1&f_s1=0&f_s2=0&f_y1=0&f_y2=0&f_y3=0&f_y4=0&f_camp_id=4704841,0,2026-10-17,80520,80520,1,2026-10-17,fukuoka
177090,ＨＯＴＥＬ　ＣＵＬＴＩＡ　太宰府,https://img.travel.rakuten.co.jp/image/tr/api/re/pvonD/?f_no=177090,https://img.travel.rakuten.co.jp/image/tr/api/re/vFumt/?f_no=177090&f_flg=PLAN,https://img.travel.rakuten.co.jp/image/tr/api/re/WzozX/?noTomariHotel=177090,https://img.travel.rakuten.co.jp/image/tr/api/re/gJNfM/?f_hotel_no=177090,ほてる　かるてぃあ　だざいふ,【博多駅より車で30分】太宰府天満宮の門前町に溶け込む”CULTURE”ホテル。,30390,120663.63,469930.02,818-0117,福岡県,太宰府市宰府3-3-33,0120-210-289,,西鉄「太宰府」駅より徒歩約5分,有り（無料）※近隣の駐車場をご案内しております,太宰府,https://img.travel.rakuten.co.jp/share/HOTEL/177090/177090.jpg,https://img.travel.rakuten.co.jp/HIMG/90/177090.jpg,,,https://img.travel.rakuten.co.jp/share/HOTEL/177090/177090map.gif,81.0,4.41,"一点言う…　2026-09-08 16:19:07投稿 <a href=""https://img.travel.rakuten.co.jp/image/tr/api/re/gJNfM/?f_hotel_no=177090"" class=""3click"">つづきはこちら</a>",20240126b,KOUKOTEI 205号室 44平米,5363823.0,【訳あり・17時以降チェックイン】太宰府天満宮のお膝元で歴史空間に癒される＜朝食付＞,1,0,0,1,0,1,https://img.travel.rakuten.co.jp/image/tr/api/re/IdsCY/?f_no=177090&f_syu=20240126b&f_hi1=2026-10-17&f_hi2=2026-10-18&f_heya_su=1&f_otona_su=1&f_s1=0&f_s2=0&f_y1=0&f_y2=0&f_y3=0&f_y4=0&f_camp_id=5363823,0,2026-10-17,81749,81749,0,2026-10-17,fukuoka
192380,ＨＯＴＥＬ　Ａｌｌ　Ｓｔａｙ　博多空港通,https://img.travel.rakuten.co.jp/image/tr/api/re/pvonD/?f_no=192380,https://img.travel.rakuten.co.jp/image/tr/api/re/vFumt/?f_no=192380&f_flg=PLAN,,https://img.travel.rakuten.co.jp/image/tr/api/re/gJNfM/?f_hotel_no=192380,おーるすていはかたくうこうどおり,【無人フロントホテル】２０２４年３月リニューアルオープン！博多駅から徒歩圏内の好立地です！,4340,120933.89,469539.24,812-0043,福岡県,福岡市博多区堅粕4-16-5,092-409-4892,092-401-1057,博多駅から徒歩約１３分,無し（敷地内に無断で駐車される方が増えています。絶対にお停めにならないようお願い申し上げます。）,博多,https://img.travel.rakuten.co.jp/share/HOTEL/192380/192380.jpg,https://img.travel.rakuten.co.jp/HIMG/90/192380.jpg,,,https://img.travel.rakuten.co.jp/share/HOTEL/192380/192380map.gif,5.0,4.8,,chito,スタジオアパートメントC,6026237.0,【素泊まり】スタンダードプラン「迷ったらコレ！」,1,0,0,0,0,2,https://img.travel.rakuten.co.jp/image/tr/api/re/IdsCY/?f_no=192380&f_syu=chito&f_hi1=2026-10-17&f_hi2=2026-10-18&f_heya_su=1&f_otona_su=1&f_s1=0&f_s2=0&f_y1=0&f_y2=0&f_y3=0&f_y4=0&f_camp_id=6026237,0,2026-10-17,83335,83335,0,2026-10-17,fukuoka
196533,笠の宿　ＷＡＳＡＮ,https://img.travel.rakuten.co.jp/image/tr/api/re/pvonD/?f_no=196533,https://img.travel.rakuten.co.jp/image/tr/api/re/vFumt/?f_no=196533&f_flg=PLAN,,https://img.travel.rakuten.co.jp/image/tr/api/re/gJNfM/?f_hotel_no=196533,かさのやど　わさん,畳/和室/一棟貸切/博多旧市街/駐車2台無料/最大10名/こだわり浴室/キッチン/長期滞在歓迎,16600,120941.41,469495.85,812-0036,福岡県,福岡市博多区上呉服町7-1,092-791-7935,092-791-7936,呉服町駅より徒歩6分、祇園駅より徒歩8分、博多駅より約1.2㎞ 徒歩16分,【無料】宿向い側に専用駐車場2台あり（縦列駐車）,呉服町（福岡）,https://img.travel.rakuten.co.jp/share/HOTEL/196533/196533.jpg,https://img.travel.rakuten.co.jp/HIMG/90/196533.jpg,,,https://img.travel.rakuten.co.jp/share/HOTEL/196533/196533map.gif,3.0,,,wasan,1棟貸切2階建【禁煙・畳和室・駐車2台無料・キッチン】,6261118.0,【貸切宿】禁煙・素泊り・駐車2台無料・最大10名・こだわり浴室・キッチン付,1,0,0,0,0,2,https://img.travel.rakuten.co.jp/image/tr/api/re/IdsCY/?f_no=196533&f_syu=wasan&f_hi1=2026-10-17&f_hi2=2026-10-18&f_heya_su=1&f_otona_su=1&f_s1=0&f_s2=0&f_y1=0&f_y2=0&f_y3=0&f_y4=0&f_camp_id=6261118,0,2026-10-17,90000,90000,0,2026-10-17,fukuoka
182003,グランドベース博多奈良屋,https://img.travel.rakuten.co.jp/image/tr/api/re/pvonD/?f_no=182003,https://img.travel.rakuten.co.jp/image/tr/api/re/vFumt/?f_no=182003&f_flg=PLAN,https://img.travel.rakuten.co.jp/image/tr/api/re/WzozX/?noTomariHotel=182003,https://img.travel.rakuten.co.jp/image/tr/api/re/gJNfM/?f_hotel_no=182003,ぐらんどべーすはかたならや,【無人フロントホテル】マリンメッセ福岡や福岡国際会議場でイベントに参加した後は、落ち着いたトーンのお部屋でごゆっくり。,1950,120946.77,469467.8,812-0023,福岡県,福岡市博多区奈良屋町8-12,092-409-4892,,地下鉄「呉服町駅」から徒歩6分、マリンメッセからはバスで7分、博多駅からはバスで15分,専用駐車場・提携駐車場はございません。 公式サイトから、近隣のコインパーキングをご確認下さい。,呉服町（福岡）,https://img.travel.rakuten.co.jp/share/HOTEL/182003/182003.jpg,https://img.travel.rakuten.co.jp/HIMG/90/182003.jpg,,,https://img.travel.rakuten.co.jp/share/HOTEL/182003/182003map.gif,4.0,,,bhito,エグゼクティブB,4989834.0,【素泊まり】スタンダードプラン「何人泊まっても同じ値段♪」,1,0,0,0,0,2,https://img.travel.rakuten.co.jp/image/tr/api/re/IdsCY/?f_no=182003&f_syu=bhito&f_hi1=2026-10-17&f_hi2=2026-10-18&f_heya_su=1&f_otona_su=1&f_s1=0&f_s2=0&f_y1=0&f_y2=0&f_y3=0&f_y4=0&f_camp_id=4989834,0,2026-10-17,90668,90668,0,2026-10-17,fukuoka
200299,リトリートタワー博多＜千代＞　＾,https://img.travel.rakuten.co.jp/image/tr/api/re/pvonD/?f_no=200299,https://img.travel.rakuten.co.jp/image/tr/api/re/vFumt/?f_no=200299&f_flg=PLAN,,https://img.travel.rakuten.co.jp/image/tr/api/re/gJNfM/?f_hotel_no=200299,,100平米の広々とした貸切宿。防音性に優れ、100インチの大画面で映画も楽しめる贅沢空間。,13029,120954.07,469498.25,812-0044,福岡県,福岡市博多区千代2-22-8　一豊ビル３，４階,080-6453-1909,00-0000-0000,千代県庁口駅から徒歩1分,なし,千代県庁口,https://img.travel.rakuten.co.jp/share/HOTEL/200299/200299.jpg,https://img.travel.rakuten.co.jp/HIMG/90/200299.jpg,,,https://img.travel.rakuten.co.jp/share/HOTEL/200299/200299map.gif,,,,1488995_10,スタンダードルーム,6490143.0,【NEW OPEN】リトリートタワー博多|広さ100m2|千代県庁口駅1分|最大10名,1,0,0,0,0,2,https://img.travel.rakuten.co.jp/image/tr/api/re/IdsCY/?f_no=200299&f_syu=1488995_10&f_hi1=2026-10-17&f_hi2=2026-10-18&f_heya_su=1&f_otona_su=1&f_s1=0&f_s2=0&f_y1=0&f_y2=0&f_y3=0&f_y4=0&f_camp_id=6490143,0,2026-10-17,97739,97739,0,2026-10-17,fukuoka
191719,Ｅｋｉｍａｅ　Ａｐａｒｔｍｅｎｔ,https://img.travel.rakuten.co.jp/image/tr/api/re/pvonD/?f_no=191719,https://img.travel.rakuten.co.jp/image/tr/api/re/vFumt/?f_no=191719&f_flg=PLAN,,https://img.travel.rakuten.co.jp/image/tr/api/re/gJNfM/?f_hotel_no=191719,えきまえ あぱーとめんと,駅近！ＪＲ博多駅から徒歩６分の好立地のお部屋♪,99999,120926.07,469515.85,812-0011,福岡県,福岡市博多区博多駅前1-22-8,092-753-6509,000-000-0000,ＪＲ　博多駅より徒歩約６分,無し,博多,https://img.travel.rakuten.co.jp/share/HOTEL/191719/191719.jpg,https://img.travel.rakuten.co.jp/HIMG/90/191719.jpg,,,https://img.travel.rakuten.co.jp/share/HOTEL/191719/191719map.gif,1.0,,,ekimae71,２ＬＤＫ・ロフト付き　タイプＡ,,,1,0,0,0,0,2,https://img.travel.rakuten.co.jp/image/tr/api/re/IdsCY/?f_no=191719&f_syu=ekimae71&f_hi1=2026-10-17&f_hi2=2026-10-18&f_heya_su=1&f_otona_su=1&f_s1=0&f_s2=0&f_y1=0&f_y2=0&f_y3=0&f_y4=0,1,2026-10-17,99999,99999,0,2026-10-17,fukuoka
181271,グランドベース博多ステーション,https://img.travel.rakuten.co.jp/image/tr/api/re/pvonD/?f_no=181271,https://img.travel.rakuten.co.jp/image/tr/api/re/vFumt/?f_no=181271&f_flg=PLAN,https://img.travel.rakuten.co.jp/image/tr/api/re/WzozX/?noTomariHotel=181271,https://img.travel.rakuten.co.jp/image/tr/api/re/gJNfM/?f_hotel_no=181271,ぐらんどべーすはかたすてーしょん,【無人フロントホテル】天神・博多へアクセス良好◎,2730,120886.87,469529.12,812-0016,福岡県,福岡市博多区博多駅南2-11-7,092-409-4892,,博多駅より徒歩10分,専用駐車場・提携駐車場はございません。 公式サイトから、近隣のコインパーキングをご確認下さい。,福岡空港,https://img.travel.rakuten.co.jp/share/HOTEL/181271/181271.jpg,https://img.travel.rakuten.co.jp/HIMG/90/181271.jpg,,,https://img.travel.rakuten.co.jp/share/HOTEL/181271/181271map.gif,4.0,,,bhito,スーペリアB,4895738.0,【素泊まり】スタンダードプラン「迷ったらコレ！」,1,0,0,0,0,2,https://img.travel.rakuten.co.jp/image/tr/api/re/IdsCY/?f_no=181271&f_syu=bhito&f_hi1=2026-10-17&f_hi2=2026-10-18&f_heya_su=1&f_otona_su=1&f_s1=0&f_s2=0&f_y1=0&f_y2=0&f_y3=0&f_y4=0&f_camp_id=4895738,0,2026-10-17,105000,105000,0,2026-10-17,fukuoka
179454,ＡＭＩＳＴＡＤ　ＨＯＴＥＬ　ＦＵＫＵＯＫＡ（アミスタホテル福岡）,https://img.travel.rakuten.co.jp/image/tr/api/re/pvonD/?f_no=179454,https://img.travel.rakuten.co.jp/image/tr/api/re/vFumt/?f_no=179454&f_flg=PLAN,https://img.travel.rakuten.co.jp/image/tr/api/re/WzozX/?noTomariHotel=179454,https://img.travel.rakuten.co.jp/image/tr/api/re/gJNfM/?f_hotel_no=179454,あみすたほてるふくおか,博多駅徒歩6分★キャナルシティ徒歩7分★ららぽーと福岡まで車で約13分★全室31㎡以上・キッチン付・ロングダブルベッド,6906,120904.44,469501.81,812-0011,福岡県,福岡市博多区博多駅前3-13-12,092-483-2878,092-717-2715,ＪＲ博多駅・博多口より徒歩約6分★福岡空港から地下鉄で博多駅まで約５分★福岡空港よりタクシーで約１４分,提携駐車場★徒歩2分★入庫から24時間1800円駐車券フロント販売※1度の入庫につき1枚必要★,博多,https://img.travel.rakuten.co.jp/share/HOTEL/179454/179454.jpg,https://img.travel.rakuten.co.jp/HIMG/90/179454.jpg,,,https://img.travel.rakuten.co.jp/share/HOTEL/179454/179454map.gif,63.0,4.0,"鍋など持ち込みましたが無料で借りられる食器等ありとても助かりました。　2026-03-16 20:34:14投稿 <a href=""https://img.travel.rakuten.co.jp/image/tr/api/re/gJNfM/?f_hotel_no=179454"" class=""3click"">つづきはこちら</a>",e,ガーデンテラス付スイートツイン43平米/ダブルベッド2台,5405728.0,【直前予約】チェックイン7日以内のご予約,1,0,0,0,0,1,https://img.travel.rakuten.co.jp/image/tr/api/re/IdsCY/?f_no=179454&f_syu=e&f_hi1=2026-10-17&f_hi2=2026-10-18&f_heya_su=1&f_otona_su=1&f_s1=0&f_s2=0&f_y1=0&f_y2=0&f_y3=0&f_y4=0&f_camp_id=5405728,0,2026-10-17,125800,125800,0,2026-10-17,fukuoka
202614,Ｍｉｎｎ　博多　Ｓｔａｔｉｏｎ　Ｅａｓｔ,https://img.travel.rakuten.co.jp/image/tr/api/re/pvonD/?f_no=202614,https://img.travel.rakuten.co.jp/image/tr/api/re/vFumt/?f_no=202614&f_flg=PLAN,,https://img.travel.rakuten.co.jp/image/tr/api/re/gJNfM/?f_hotel_no=202614,みん はかた すてーしょん いーすと,【2026年9月 NEW OPEN】博多の玄関口に、わが家のような滞在を。,6100,120900.17,469546.89,812-0013,福岡県,福岡市博多区博多駅東3-9-30,050-3134-2843,--,博多駅徒歩9分、地下鉄博多駅徒歩7分、東比恵駅徒歩6分。福岡空港から電車12分・車10分（2.9km）,なし,博多,https://img.travel.rakuten.co.jp/share/HOTEL/202614/202614.jpg,https://img.travel.rakuten.co.jp/HIMG/90/202614.jpg,,,https://img.travel.rakuten.co.jp/share/HOTEL/202614/202614map.gif,,,,std3beds,スタンダード3ベッド バンクスタイル,6634880.0, 開業記念プラン（Refundable） │ 素泊まり,1,0,0,0,0,2,https://img.travel.rakuten.co.jp/image/tr/api/re/IdsCY/?f_no=202614&f_syu=std3beds&f_hi1=2026-10-17&f_hi2=2026-10-18&f_heya_su=1&f_otona_su=1&f_s1=0&f_s2=0&f_y1=0&f_y2=0&f_y3=0&f_y4=0&f_camp_id=6634880,0,2026-10-17,71100,71100,0,2026-10-17,fukuoka
197684,ホテルルートイン大牟田,https://img.travel.rakuten.co.jp/image/tr/api/re/pvonD/?f_no=197684,https://img.travel.rakuten.co.jp/image/tr/api/re/vFumt/?f_no=197684&f_flg=PLAN,https://img.travel.rakuten.co.jp/image/tr/api/re/WzozX/?noTomariHotel=197684,https://img.travel.rakuten.co.jp/image/tr/api/re/gJNfM/?f_hotel_no=197684,ほてるるーといんおおむた,2025年12月26日OPEN！有明沿岸道大牟田ICから車で約2分！ホテルルートイン大牟田！,6475,118906.91,469541.59,836-0037,福岡県,大牟田市岬町6-67,050-5482-7150,0944-54-1002,西鉄大牟田駅から車で約5分、有明沿岸道　大牟田ICから車で約2分,あり　227台　無料　先着順,大牟田,https://img.travel.rakuten.co.jp/share/HOTEL/197684/197684.jpg,https://img.travel.rakuten.co.jp/HIMG/90/197684.jpg,,,https://img.travel.rakuten.co.jp/share/HOTEL/197684/197684map.gif,215.0,4.52,"全てが同じ場所にあったので、おかず…　2026-10-02 17:23:49投稿 <a href=""https://img.travel.rakuten.co.jp/image/tr/api/re/gJNfM/?f_hotel_no=197684"" class=""3click"">つづきはこちら</a>",ns,□禁煙□シングルルーム,6324537.0,スタンダードプラン【バイキング朝食付き】,1,0,0,1,0,1,https://img.travel.rakuten.co.jp/image/tr/api/re/IdsCY/?f_no=197684&f_syu=ns&f_hi1=2026-10-17&f_hi2=2026-10-18&f_heya_su=1&f_otona_su=1&f_s1=0&f_s2=0&f_y1=0&f_y2=0&f_y3=0&f_y4=0&f_camp_id=6324537,0,2026-10-17,11200,11200,0,2026-10-17,chikugo
10801,ホテルアベニュー筑後,https://img.travel.rakuten.co.jp/image/tr/api/re/pvonD/?f_no=10801,https://img.travel.rakuten.co.jp/image/tr/api/re/vFumt/?f_no=10801&f_flg=PLAN,https://img.travel.rakuten.co.jp/image/tr/api/re/WzozX/?noTomariHotel=10801,https://img.travel.rakuten.co.jp/image/tr/api/re/gJNfM/?f_hotel_no=10801,あべにゅー　ちくご,【2025年12月全館リニューアルオープン】羽犬塚駅より徒歩2分、ゆったりとした雰囲気と温かいサービスのホテル。,4000,119541.92,469805.22,833-0031,福岡県,筑後市山ノ井松原213-1,0942-54-2111,0942-54-2121,JR鹿児島本線羽犬塚駅より徒歩1分／博多駅より快速50分／九州新幹線筑後船小屋駅より車で4分／八女ICより車で4分！,駐車場無料(45台・先着順・事前予約不可),羽犬塚,https://img.travel.rakuten.co.jp/share/HOTEL/10801/10801.jpg,https://img.travel.rakuten.co.jp/HIMG/90/10801.jpg,https://img.travel.rakuten.co.jp/share/HOTEL/10801/10801_sig.jpg,https://img.travel.rakuten.co.jp/HIMG/INTERIOR/10801.jpg,https://img.travel.rakuten.co.jp/share/HOTEL/10801/10801map.gif,1025.0,3.9,,srns1,【禁煙】スタンダードダブル（1名利用）＜無料Wi−Fi＞,6367093.0,【スタンダードプラン】ビジネス・一人旅に最適◆一泊素泊プラン《駐車場・VOD・Wi-Fi無料》,1,0,0,0,0,1,https://img.travel.rakuten.co.jp/image/tr/api/re/IdsCY/?f_no=10801&f_syu=srns1&f_hi1=2026-10-17&f_hi2=2026-10-18&f_heya_su=1&f_otona_su=1&f_s1=0&f_s2=0&f_y1=0&f_y2=0&f_y3=0&f_y4=0&f_camp_id=6367093,0,2026-10-17,7000,7000,0,2026-10-17,chikugo
19687,ホテルニューガイア　オームタガーデン,https://img.travel.rakuten.co.jp/image/tr/api/re/pvonD/?f_no=19687,https://img.travel.rakuten.co.jp/image/tr/api/re/vFumt/?f_no=19687&f_flg=PLAN,https://img.travel.rakuten.co.jp/image/tr/api/re/WzozX/?noTomariHotel=19687,https://img.travel.rakuten.co.jp/image/tr/api/re/gJNfM/?f_hotel_no=19687,おーむた　がーでん,宿泊者専用ラウンジのフリーフローサービスが充実！2025年2月1日よりスカイラウンジも全宿泊者対象に！,4150,118923.76,469629.25,836-0807,福岡県,大牟田市旭町三丁目3番地3,0944-51-1111,0944-51-0510,天神から西鉄電車特急で60分、西鉄新栄町駅下車徒歩3分/九州道南関ＩＣより車で25分,"有料　120台駐車可　ご宿泊者の方は1泊1,000円にてご利用いただけます。",新栄町（福岡）,https://img.travel.rakuten.co.jp/share/HOTEL/19687/19687.jpg,https://img.travel.rakuten.co.jp/HIMG/90/19687.jpg,https://img.travel.rakuten.co.jp/share/HOTEL/19687/19687_heya1.jpg,https://img.travel.rakuten.co.jp/HIMG/INTERIOR/19687.jpg,https://img.travel.rakuten.co.jp/share/HOTEL/19687/19687map.gif,1437.0,4.03,"近くの居酒屋に行きましたが、行く前に出来…　2026-09-28 21:42:54投稿 <a href=""https://img.travel.rakuten.co.jp/image/tr/api/re/gJNfM/?f_hotel_no=19687"" class=""3click"">つづきはこちら</a>",pscn,【禁煙】プレミアムフロア スタンダードシングル,6595881.0,【全面リニューアル決定】休館までの期間限定 今までありがとうプラン,1,0,0,0,0,1,https://img.travel.rakuten.co.jp/image/tr/api/re/IdsCY/?f_no=19687&f_syu=pscn&f_hi1=2026-10-17&f_hi2=2026-10-18&f_heya_su=1&f_otona_su=1&f_s1=0&f_s2=0&f_y1=0&f_y2=0&f_y3=0&f_y4=0&f_camp_id=6595881,0,2026-10-17,13500,13500,0,2026-10-17,chikugo
161064,ホテルルートイン柳川駅前,https://img.travel.rakuten.co.jp/image/tr/api/re/pvonD/?f_no=161064,https://img.travel.rakuten.co.jp/image/tr/api/re/vFumt/?f_no=161064&f_flg=PLAN,https://img.travel.rakuten.co.jp/image/tr/api/re/WzozX/?noTomariHotel=161064,https://img.travel.rakuten.co.jp/image/tr/api/re/gJNfM/?f_hotel_no=161064,るーといんやながわえきまえ,ＷＯＷＯＷ全室で無料視聴可■VODルームシアター無料視聴可能(一般映画のみ・コンフォートルーム特典）■Wi-Fi利用可,6475,119383.85,469521.33,832-0822,福岡県,柳川市三橋町下百町210-10,050-5824-4101,0944-75-1552,西鉄天神大牟田線 西鉄柳川駅東口より徒歩にて約１分／九州自動車道みやま柳川ＩＣより車で約18分,有り　７９台　無料　（先着順）,西鉄柳川,https://img.travel.rakuten.co.jp/share/HOTEL/161064/161064.jpg,https://img.travel.rakuten.co.jp/HIMG/90/161064.jpg,,,https://img.travel.rakuten.co.jp/share/HOTEL/161064/161064map.gif,690.0,4.28,"仕事の都合でよく利用しますが毎回不満なく利用できております。施設は清潔で朝食も安定のバイキングです。　2026-10-01 13:04:04投稿 <a href=""https://img.travel.rakuten.co.jp/image/tr/api/re/gJNfM/?f_hotel_no=161064"" class=""3click"">つづきはこちら</a>",ncsd,□禁煙□コンフォートセミダブル《寝具はエアウィーヴ》,3924019.0,スタンダードプラン【大浴場・朝食・Wi-Fi完備・駐車場無料】,1,0,0,1,0,1,https://img.travel.rakuten.co.jp/image/tr/api/re/IdsCY/?f_no=161064&f_syu=ncsd&f_hi1=2026-10-17&f_hi2=2026-10-18&f_heya_su=1&f_otona_su=1&f_s1=0&f_s2=0&f_y1=0&f_y2=0&f_y3=0&f_y4=0&f_camp_id=3924019,0,2026-10-17,22550,22550,0,2026-10-17,chikugo
56158,ニューロイヤルホテル,https://img.travel.rakuten.co.jp/image/tr/api/re/pvonD/?f_no=56158,https://img.travel.rakuten.co.jp/image/tr/api/re/vFumt/?f_no=56158&f_flg=PLAN,https://img.travel.rakuten.co.jp/image/tr/api/re/WzozX/?noTomariHotel=56158,https://img.travel.rakuten.co.jp/image/tr/api/re/gJNfM/?f_hotel_no=56158,にゅーろいやるほてる,西鉄・ＪＲ駅から徒歩１０分。繁華街、飲食店へ歩いて１０分以内で移動できます。,7600,118907.23,469611.0,836-0044,福岡県,大牟田市古町2-9,0944-53-2800,0944-53-2855,ＪＲ・西鉄　大牟田駅から徒歩１０分,"21台。普通車500円/泊。大型車1,100円/泊。駐車場予約車1,100円/泊。 防犯カメラ設置",大牟田,https://img.travel.rakuten.co.jp/share/HOTEL/56158/56158.jpg,https://img.travel.rakuten.co.jp/HIMG/90/56158.jpg,https://img.travel.rakuten.co.jp/share/HOTEL/56158/56158_ky.jpg,https://img.travel.rakuten.co.jp/HIMG/INTERIOR/56158.jpg,https://img.travel.rakuten.co.jp/share/HOTEL/56158/56158map.gif,405.0,3.51,"産業も衰退する地域で営業する貴重な宿泊施設ですが、実際に泊まってみて未だに好評されている理由がわかりました。もちろん施設自体は老朽化していますが、清掃も行き届いており、なによりも従業員の方々の笑顔や心…　2026-09-23 21:29:25投稿 <a href=""https://img.travel.rakuten.co.jp/image/tr/api/re/gJNfM/?f_hotel_no=56158"" class=""3click"">つづきはこちら</a>",ss,◆◇シングル◆◇禁煙,3273124.0,シングルがお得！　●楽ラク素泊まりプラン●禁煙,1,0,0,0,0,1,https://img.travel.rakuten.co.jp/image/tr/api/re/IdsCY/?f_no=56158&f_syu=ss&f_hi1=2026-10-17&f_hi2=2026-10-18&f_heya_su=1&f_otona_su=1&f_s1=0&f_s2=0&f_y1=0&f_y2=0&f_y3=0&f_y4=0&f_camp_id=3273124,0,2026-10-17,7950,7950,0,2026-10-17,chikugo
153338,ホテルニューガイア　柳川,https://img.travel.rakuten.co.jp/image/tr/api/re/pvonD/?f_no=153338,https://img.travel.rakuten.co.jp/image/tr/api/re/vFumt/?f_no=153338&f_flg=PLAN,https://img.travel.rakuten.co.jp/image/tr/api/re/WzozX/?noTomariHotel=153338,https://img.travel.rakuten.co.jp/image/tr/api/re/gJNfM/?f_hotel_no=153338,にゅーがいあ　やながわ,【大好評】宿泊者専用ラウンジ！西鉄柳川駅より徒歩３分の好立地！川下りの乗船場隣接。,4000,119387.57,469511.23,832-0822,福岡県,柳川市三橋町下百町1-14,0944-75-1705,0944-75-1706,西鉄大牟田線　柳川駅より徒歩にて約３分,有り　9台　１，０００円（税込み／泊）　予約不可・先着順,西鉄柳川,https://img.travel.rakuten.co.jp/share/HOTEL/153338/153338.jpg,https://img.travel.rakuten.co.jp/HIMG/90/153338.jpg,,,https://img.travel.rakuten.co.jp/share/HOTEL/153338/153338map.gif,298.0,4.17,"夜遅いチェックインにもかかわらず、丁寧な接客で大変良かった。お部屋も清潔感があり、トイレとお風呂が別々なのがとても良かった。　2026-09-23 14:08:14投稿 <a href=""https://img.travel.rakuten.co.jp/image/tr/api/re/gJNfM/?f_hotel_no=153338"" class=""3click"">つづきはこちら</a>",rdd,【電子タバコ可】★リニューアルデラックスダブル★15平米〜,3744847.0,【素泊り】★シンプル★素泊まりプラン,1,0,0,0,0,1,https://img.travel.rakuten.co.jp/image/tr/api/re/IdsCY/?f_no=153338&f_syu=rdd&f_hi1=2026-10-17&f_hi2=2026-10-18&f_heya_su=1&f_otona_su=1&f_s1=0&f_s2=0&f_y1=0&f_y2=0&f_y3=0&f_y4=0&f_camp_id=3744847,0,2026-10-17,14500,14500,0,2026-10-17,chikugo
11227,ホテル　エルモント,https://img.travel.rakuten.co.jp/image/tr/api/re/pvonD/?f_no=11227,https://img.travel.rakuten.co.jp/image/tr/api/re/vFumt/?f_no=11227&f_flg=PLAN,https://img.travel.rakuten.co.jp/image/tr/api/re/WzozX/?noTomariHotel=11227,https://img.travel.rakuten.co.jp/image/tr/api/re/gJNfM/?f_hotel_no=11227,えるもんと,筑後市にオープン！全館“光フレッツ”高速無線Wi-Fi通信無料！全室空気清浄器付。洋朝食無料☆ゆったりセミダブルベット！,4290,119544.54,469802.25,833-0031,福岡県,筑後市山ノ井138-22,0942-53-2008,0942-53-0006,ＪＲ羽犬塚駅より徒歩１分／九州新幹線筑後船小屋駅より車で4分/九州自動車道八女Ｉ．Ｃより車で4分／福岡空港より45分,※無料駐車場 30台は到着順です（駐車予約不可）★満車の場合は近隣の有料駐車場をご案内します◆,羽犬塚,https://img.travel.rakuten.co.jp/share/HOTEL/11227/11227.jpg,https://img.travel.rakuten.co.jp/HIMG/90/11227.jpg,https://img.travel.rakuten.co.jp/share/HOTEL/11227/11227_yor.jpg,https://img.travel.rakuten.co.jp/HIMG/INTERIOR/11227.jpg,https://img.travel.rakuten.co.jp/share/HOTEL/11227/11227map.gif,722.0,4.04,,sp,お1人様お寛ぎプラン♪セミダブルベット★（喫煙可）,2161860.0,いよいよスタート！【新幹線全線開通】ハッピープラン♪☆セミダブルベット★,1,0,0,1,0,0,https://img.travel.rakuten.co.jp/image/tr/api/re/IdsCY/?f_no=11227&f_syu=sp&f_hi1=2026-10-17&f_hi2=2026-10-18&f_heya_su=1&f_otona_su=1&f_s1=0&f_s2=0&f_y1=0&f_y2=0&f_y3=0&f_y4=0&f_camp_id=2161860,0,2026-10-17,6160,6160,1,2026-10-17,chikugo
3149,八女グリーンホテル,https://img.travel.rakuten.co.jp/image/tr/api/re/pvonD/?f_no=3149,https://img.travel.rakuten.co.jp/image/tr/api/re/vFumt/?f_no=3149&f_flg=PLAN,https://img.travel.rakuten.co.jp/image/tr/api/re/WzozX/?noTomariHotel=3149,https://img.travel.rakuten.co.jp/image/tr/api/re/gJNfM/?f_hotel_no=3149,やめ　ぐりーんほてる,駐車場無料（3ｔ～有料）●展望浴場無料（予約制度あり）●朝食無料●Ｗｉ－Fi完備,3980,119544.91,470023.46,834-0031,福岡県,八女市本町47-1,0943-22-2156,0943-24-5896,ＪＲ羽犬塚駅よりバスで１５分（福島バス停より徒歩７分）■八女インターよりお車で １０分■広川インターよりお車で １５分,無料(3ｔ以上は有料1000円) 大型バスは要予約（お断りする場合も有）,羽犬塚,https://img.travel.rakuten.co.jp/share/HOTEL/3149/3149.jpg,https://img.travel.rakuten.co.jp/HIMG/90/3149.jpg,https://img.travel.rakuten.co.jp/share/HOTEL/3149/3149_heya.jpg,https://img.travel.rakuten.co.jp/HIMG/INTERIOR/3149.jpg,https://img.travel.rakuten.co.jp/share/HOTEL/3149/3149map.gif,614.0,3.6,,sn,【禁煙】本館｜セミダブル,6064320.0,【スタンダード】朝食＆駐車場無料・エリア唯一の展望風呂！シンプルステイプラン＜朝食無料＞,1,0,0,1,0,1,https://img.travel.rakuten.co.jp/image/tr/api/re/IdsCY/?f_no=3149&f_syu=sn&f_hi1=2026-10-17&f_hi2=2026-10-18&f_heya_su=1&f_otona_su=1&f_s1=0&f_s2=0&f_y1=0&f_y2=0&f_y3=0&f_y4=0&f_camp_id=6064320,0,2026-10-17,8000,8000,0,2026-10-17,chikugo
197735,トレイルイン福岡大牟田（Ｔｒａｉｌ　ｉｎｎ　福岡大牟田）,https://img.travel.rakuten.co.jp/image/tr/api/re/pvonD/?f_no=197735,https://img.travel.rakuten.co.jp/image/tr/api/re/vFumt/?f_no=197735&f_flg=PLAN,,https://img.travel.rakuten.co.jp/image/tr/api/re/gJNfM/?f_hotel_no=197735,とれいるいんふくおかおおむた,各室完全独立のトレーラーホテル！！洗濯機、電子レンジ完備！,4200,118912.64,469603.7,836-0047,福岡県,大牟田市大正町2-7-5,0944-85-8887,--,大牟田駅より車で3分　徒歩で10分,あり　7台　無料　先着順,大牟田,https://img.travel.rakuten.co.jp/share/HOTEL/197735/197735.jpg,https://img.travel.rakuten.co.jp/HIMG/90/197735.jpg,,,https://img.travel.rakuten.co.jp/share/HOTEL/197735/197735map.gif,55.0,4.2,"中はできた…　2026-10-07 17:38:57投稿 <a href=""https://img.travel.rakuten.co.jp/image/tr/api/re/gJNfM/?f_hotel_no=197735"" class=""3click"">つづきはこちら</a>",double,ダブルルーム＜禁煙＞,6357617.0,感謝！！オープン特別価格　ダブルルーム＜禁煙＞,1,0,0,0,0,2,https://img.travel.rakuten.co.jp/image/tr/api/re/IdsCY/?f_no=197735&f_syu=double&f_hi1=2026-10-17&f_hi2=2026-10-18&f_heya_su=1&f_otona_su=1&f_s1=0&f_s2=0&f_y1=0&f_y2=0&f_y3=0&f_y4=0&f_camp_id=6357617,0,2026-10-17,6500,6500,0,2026-10-17,chikugo
147664,ビジネスインこめや,https://img.travel.rakuten.co.jp/image/tr/api/re/pvonD/?f_no=147664,https://img.travel.rakuten.co.jp/image/tr/api/re/vFumt/?f_no=147664&f_flg=PLAN,https://img.travel.rakuten.co.jp/image/tr/api/re/WzozX/?noTomariHotel=147664,https://img.travel.rakuten.co.jp/image/tr/api/re/gJNfM/?f_hotel_no=147664,びじねすいんこめや,大牟田駅から徒歩２分のビジネスホテルです☆繁華街まで徒歩１０分圏内。自転車貸出、マンガ本貸出無料！無料Wi-Fi完備！,3500,118898.73,469597.68,836-0047,福岡県,大牟田市大正町4-2-2,0944-31-3328,0944-31-4306,大牟田駅西口(西鉄側)を出て駅を背にまっすぐ歩いて２分ほどです。,無料駐車場有り。予約画面にて、車のナンバー（最後の４ケタと地方）を備考欄に記入してください。,大牟田,https://img.travel.rakuten.co.jp/share/HOTEL/147664/147664.jpg,https://img.travel.rakuten.co.jp/HIMG/90/147664.jpg,,,https://img.travel.rakuten.co.jp/share/HOTEL/147664/147664map.gif,145.0,3.9,"受付の女性がとても親切だった。コンパクトなホテルだが、心が和めば、それで充分だ。　2026-10-08 15:18:40投稿 <a href=""https://img.travel.rakuten.co.jp/image/tr/api/re/gJNfM/?f_hotel_no=147664"" class=""3click"">つづきはこちら</a>",aabcd918,シングル喫煙ルーム,,,1,0,0,0,0,1,https://img.travel.rakuten.co.jp/image/tr/api/re/IdsCY/?f_no=147664&f_syu=aabcd918&f_hi1=2026-10-17&f_hi2=2026-10-18&f_heya_su=1&f_otona_su=1&f_s1=0&f_s2=0&f_y1=0&f_y2=0&f_y3=0&f_y4=0,1,2026-10-17,5300,5300,0,2026-10-17,chikugo
145446,ＨＯＴＥＬ　ＡＺ　福岡八女店,https://img.travel.rakuten.co.jp/image/tr/api/re/pvonD/?f_no=145446,https://img.travel.rakuten.co.jp/image/tr/api/re/vFumt/?f_no=145446&f_flg=PLAN,https://img.travel.rakuten.co.jp/image/tr/api/re/WzozX/?noTomariHotel=145446,https://img.travel.rakuten.co.jp/image/tr/api/re/gJNfM/?f_hotel_no=145446,ほてる　えーぜっと　ふくおかやめてん,八女ICから車で約10分。ＪＲ羽犬塚駅から車で約15分。駐車場無料★朝食無料★インターネット接続無料,4820,119574.22,470020.4,834-0063,福岡県,八女市本村539,0943-24-5101,0943-24-5121,JR羽犬塚駅から車で約15分,無料平面駐車場76台あり　普通車：予約不要 、中型車・大型車：要予約（有料）,羽犬塚,https://img.travel.rakuten.co.jp/share/HOTEL/145446/145446.jpg,https://img.travel.rakuten.co.jp/HIMG/90/145446.jpg,https://img.travel.rakuten.co.jp/share/HOTEL/145446/145446_kan1.jpg,https://img.travel.rakuten.co.jp/HIMG/INTERIOR/145446.jpg,https://img.travel.rakuten.co.jp/share/HOTEL/145446/145446map.gif,236.0,3.87,"帰省のたびに利用させてもらっています。徒歩圏内に飲食店、スーパ、ドラッグストア、コンビニが揃っていて、大変便利です。駐車場も広くて全館満室でも問題ありません。スタッフの方々の対応も親切です。部屋やバス…　2026-09-19 08:51:10投稿 <a href=""https://img.travel.rakuten.co.jp/image/tr/api/re/gJNfM/?f_hotel_no=145446"" class=""3click"">つづきはこちら</a>",2sn,【禁煙】2段ベッド,6386184.0,【宿泊税込】スタンダードプラン（朝食サービス）,1,0,0,1,0,1,https://img.travel.rakuten.co.jp/image/tr/api/re/IdsCY/?f_no=145446&f_syu=2sn&f_hi1=2026-10-17&f_hi2=2026-10-18&f_heya_su=1&f_otona_su=1&f_s1=0&f_s2=0&f_y1=0&f_y2=0&f_y3=0&f_y4=0&f_camp_id=6386184,0,2026-10-17,6580,6580,0,2026-10-17,chikugo
37370,グランドホテル　清風荘,https://img.travel.rakuten.co.jp/image/tr/api/re/pvonD/?f_no=37370,https://img.travel.rakuten.co.jp/image/tr/api/re/vFumt/?f_no=37370&f_flg=PLAN,https://img.travel.rakuten.co.jp/image/tr/api/re/WzozX/?noTomariHotel=37370,https://img.travel.rakuten.co.jp/image/tr/api/re/gJNfM/?f_hotel_no=37370,ぐらんどほてる　せいふうそう,アクセス抜群！ＪＲ＆西鉄大牟田駅から最寄の徒歩５分！ビジネスから観光、企業様向け長期滞在にも最適！大浴場完備♪,4500,118885.3,469617.91,836-0862,福岡県,大牟田市原山町2-4,0944-56-1212,0944-51-5963,ＪＲ＆西鉄大牟田駅から徒歩５分　九州自動車道南関ＩＣから車で約20分,有り　30台　無料　先着順,大牟田,https://img.travel.rakuten.co.jp/share/HOTEL/37370/37370.jpg,https://img.travel.rakuten.co.jp/HIMG/90/37370.jpg,https://img.travel.rakuten.co.jp/share/HOTEL/37370/37370_s.jpg,https://img.travel.rakuten.co.jp/HIMG/INTERIOR/37370.jpg,https://img.travel.rakuten.co.jp/share/HOTEL/37370/37370map.gif,333.0,3.04,"部屋は掃除が行き届いており、清潔ではありますが、写真と全然違いました。非常に残念です。部屋も全然違うし、本当に残念というしかありませんでした。　2026-09-23 22:32:24投稿 <a href=""https://img.travel.rakuten.co.jp/image/tr/api/re/gJNfM/?f_hotel_no=37370"" class=""3click"">つづきはこちら</a>",002,【和室-6畳-】バストイレあり☆禁煙☆,5480612.0,【タイムセール／素泊まり】＜20％OFF＞大牟田駅東口から徒歩5分！大浴場・駐車場あり,1,0,0,0,0,1,https://img.travel.rakuten.co.jp/image/tr/api/re/IdsCY/?f_no=37370&f_syu=002&f_hi1=2026-10-17&f_hi2=2026-10-18&f_heya_su=1&f_otona_su=1&f_s1=0&f_s2=0&f_y1=0&f_y2=0&f_y3=0&f_y4=0&f_camp_id=5480612,0,2026-10-17,6500,6500,0,2026-10-17,chikugo
167965,ホテルＣ＆Ｓ新大牟田,https://img.travel.rakuten.co.jp/image/tr/api/re/pvonD/?f_no=167965,https://img.travel.rakuten.co.jp/image/tr/api/re/vFumt/?f_no=167965&f_flg=PLAN,https://img.travel.rakuten.co.jp/image/tr/api/re/WzozX/?noTomariHotel=167965,https://img.travel.rakuten.co.jp/image/tr/api/re/gJNfM/?f_hotel_no=167965,しーあんどえすしんおおむた,"◆2018年7月NEW OPEN◆大牟田に,新しい滞在のスタイルをご提案いたします。",6200,119039.14,469758.15,837-0910,福岡県,大牟田市岩本新町1-7-6,0944-31-3320,0944-31-3996,新幹線 新大牟田駅から徒歩5分,有り　２０台　無料　,,https://img.travel.rakuten.co.jp/share/HOTEL/167965/167965.jpg,https://img.travel.rakuten.co.jp/HIMG/90/167965.jpg,https://img.travel.rakuten.co.jp/share/HOTEL/167965/167965_kan1.jpg,https://img.travel.rakuten.co.jp/HIMG/INTERIOR/167965.jpg,https://img.travel.rakuten.co.jp/share/HOTEL/167965/167965map.gif,90.0,3.88,"そこさえ気にしなければ、とてもいいです。　2026-10-06 09:33:48投稿 <a href=""https://img.travel.rakuten.co.jp/image/tr/api/re/gJNfM/?f_hotel_no=167965"" class=""3click"">つづきはこちら</a>",s,リーズナブル料金 シングルルーム,4281410.0,◆スタンダードプラン◆,1,0,0,0,0,1,https://img.travel.rakuten.co.jp/image/tr/api/re/IdsCY/?f_no=167965&f_syu=s&f_hi1=2026-10-17&f_hi2=2026-10-18&f_heya_su=1&f_otona_su=1&f_s1=0&f_s2=0&f_y1=0&f_y2=0&f_y3=0&f_y4=0&f_camp_id=4281410,0,2026-10-17,6200,6200,1,2026-10-17,chikugo
54919,旅館　清風荘＜福岡県＞,https://img.travel.rakuten.co.jp/image/tr/api/re/pvonD/?f_no=54919,https://img.travel.rakuten.co.jp/image/tr/api/re/vFumt/?f_no=54919&f_flg=PLAN,https://img.travel.rakuten.co.jp/image/tr/api/re/WzozX/?noTomariHotel=54919,https://img.travel.rakuten.co.jp/image/tr/api/re/gJNfM/?f_hotel_no=54919,せいふうそう,大牟田駅西口徒歩３分の好立地。スタッフはほぼ全員女性で、家庭の温かみと実家のような安心感が満足度のポイント,7050,118902.11,469596.08,836-0047,福岡県,大牟田市大正町4-7-5,0944-52-2710,0944-56-3617,ＪＲ・西鉄　大牟田駅西口より徒歩３分,有り　7台　無料　要予約,大牟田,https://img.travel.rakuten.co.jp/share/HOTEL/54919/54919.jpg,https://img.travel.rakuten.co.jp/HIMG/90/54919.jpg,https://img.travel.rakuten.co.jp/share/HOTEL/54919/54919_wa.jpg,https://img.travel.rakuten.co.jp/HIMG/INTERIOR/54919.jpg,https://img.travel.rakuten.co.jp/share/HOTEL/54919/54919map.gif,212.0,3.19,"趣のあるお部屋とアットホームな接客で楽しく過ごせました。　2026-07-30 15:01:16投稿 <a href=""https://img.travel.rakuten.co.jp/image/tr/api/re/gJNfM/?f_hotel_no=54919"" class=""3click"">つづきはこちら</a>",yado06,スタンダード【和室6畳】喫煙,5252962.0,★タイムセール‐素泊まり★最大30％OFF！純和風空間で静かな休息を【大牟田駅徒歩5分＆大浴場】,1,0,0,0,0,1,https://img.travel.rakuten.co.jp/image/tr/api/re/IdsCY/?f_no=54919&f_syu=yado06&f_hi1=2026-10-17&f_hi2=2026-10-18&f_heya_su=1&f_otona_su=1&f_s1=0&f_s2=0&f_y1=0&f_y2=0&f_y3=0&f_y4=0&f_camp_id=5252962,0,2026-10-17,8000,8000,0,2026-10-17,chikugo
104773,旅館白秀,https://img.travel.rakuten.co.jp/image/tr/api/re/pvonD/?f_no=104773,https://img.travel.rakuten.co.jp/image/tr/api/re/vFumt/?f_no=104773&f_flg=PLAN,https://img.travel.rakuten.co.jp/image/tr/api/re/WzozX/?noTomariHotel=104773,https://img.travel.rakuten.co.jp/image/tr/api/re/gJNfM/?f_hotel_no=104773,りょかんはくしゅう,駅 市街地近し！！★スーパー・コインランドリー徒歩１分★コンビニ至近★短期・長期滞在に最適★駐車場完備,5300,118877.61,469608.48,836-0861,福岡県,大牟田市宝坂町1-2-5,0944-54-2807,0944-56-7012,西鉄、ＪＲ　大牟田駅より徒歩にて５分／南関インターより２０分,有り１４台 無料 大型車は要連絡,大牟田,https://img.travel.rakuten.co.jp/share/HOTEL/104773/104773.jpg,https://img.travel.rakuten.co.jp/HIMG/90/104773.jpg,https://img.travel.rakuten.co.jp/share/HOTEL/104773/104773_ru.jpg,https://img.travel.rakuten.co.jp/HIMG/INTERIOR/104773.jpg,https://img.travel.rakuten.co.jp/share/HOTEL/104773/104773map.gif,94.0,4.65,"駅から…　2026-09-24 17:32:04投稿 <a href=""https://img.travel.rakuten.co.jp/image/tr/api/re/gJNfM/?f_hotel_no=104773"" class=""3click"">つづきはこちら</a>",neage2,トイレ シャワールーム付き和室 2間 素泊まり,,,1,0,0,0,0,1,https://img.travel.rakuten.co.jp/image/tr/api/re/IdsCY/?f_no=104773&f_syu=neage2&f_hi1=2026-10-17&f_hi2=2026-10-18&f_heya_su=1&f_otona_su=1&f_s1=0&f_s2=0&f_y1=0&f_y2=0&f_y3=0&f_y4=0,1,2026-10-17,6000,6000,0,2026-10-17,chikugo
78146,ビジネス　ホテル　まゆみ,https://img.travel.rakuten.co.jp/image/tr/api/re/pvonD/?f_no=78146,https://img.travel.rakuten.co.jp/image/tr/api/re/vFumt/?f_no=78146&f_flg=PLAN,https://img.travel.rakuten.co.jp/image/tr/api/re/WzozX/?noTomariHotel=78146,https://img.travel.rakuten.co.jp/image/tr/api/re/gJNfM/?f_hotel_no=78146,まゆみ,【九州旅行応援クーポン発行中!!】飲食店街中心部★　一度チェックインすれば門限なし,3250,118910.66,469611.54,836-0046,福岡県,大牟田市本町2-1-9,0944-52-5989,0944-52-6034,福岡空港からは地下鉄で2駅　東比恵　博多駅　大牟田駅JR　空港から地下鉄で　西鉄電車大牟田線　どちらもバスも運行あり,有り　８台から１０台　 ,大牟田,https://img.travel.rakuten.co.jp/share/HOTEL/78146/78146.jpg,https://img.travel.rakuten.co.jp/HIMG/90/78146.jpg,https://img.travel.rakuten.co.jp/share/HOTEL/78146/78146_kya.jpg,https://img.travel.rakuten.co.jp/HIMG/INTERIOR/78146.jpg,https://img.travel.rakuten.co.jp/share/HOTEL/78146/78146map.gif,134.0,3.27,"近くにはお店もあり、食事にも困らなくて良かったです。　2026-09-24 20:13:35投稿 <a href=""https://img.travel.rakuten.co.jp/image/tr/api/re/gJNfM/?f_hotel_no=78146"" class=""3click"">つづきはこちら</a>",t,【禁煙】ツインルーム　【wifi対応　バストイレ有】,2656150.0,【スタンダードプラン】素泊まり大牟田駅徒歩7分♪飲食店中心部あり！バストイレあり,1,0,0,0,0,2,https://img.travel.rakuten.co.jp/image/tr/api/re/IdsCY/?f_no=78146&f_syu=t&f_hi1=2026-10-17&f_hi2=2026-10-18&f_heya_su=1&f_otona_su=1&f_s1=0&f_s2=0&f_y1=0&f_y2=0&f_y3=0&f_y4=0&f_camp_id=2656150,0,2026-10-17,6200,6200,0,2026-10-17,chikugo
196668,Ｐｒｅｃｉｏｕｓ　ＣＡＢＩＮ　キャビン型カプセルホテル,https://img.travel.rakuten.co.jp/image/tr/api/re/pvonD/?f_no=196668,https://img.travel.rakuten.co.jp/image/tr/api/re/vFumt/?f_no=196668&f_flg=PLAN,,https://img.travel.rakuten.co.jp/image/tr/api/re/gJNfM/?f_hotel_no=196668,ぷれしゃすきゃびん　きゃびんがたかぷせるほてる,九州最多の4種のサウナや温泉、リラクゼーションルーム使い放題！充実のキャビンライフが過ごせます♪コワーキングにも◎,5500,118834.91,469694.1,836-0895,福岡県,大牟田市新勝立町6-37,0944-53-8126,--,博多駅もしくは天神駅から電車で約1時間　大牟田駅下車　そこから車で約10分,あり　240台　無料　予約不要,大牟田,https://img.travel.rakuten.co.jp/share/HOTEL/196668/196668.jpg,https://img.travel.rakuten.co.jp/HIMG/90/196668.jpg,,,https://img.travel.rakuten.co.jp/share/HOTEL/196668/196668map.gif,34.0,4.06,"くつろぎスペースが2ヵ所また、ジムもあって宿泊は併設のホテルで安くて綺麗です。ジムが気に入りました！2日間ゆっく…　2026-09-10 15:34:45投稿 <a href=""https://img.travel.rakuten.co.jp/image/tr/api/re/gJNfM/?f_hotel_no=196668"" class=""3click"">つづきはこちら</a>",1,＜男女兼用＞キャビン,6266205.0,【スタンダード】ビジネス出張にも！個室感覚キャビンでリーズナブル滞在★最高の湯利用＆朝食サービス付,1,0,0,1,0,2,https://img.travel.rakuten.co.jp/image/tr/api/re/IdsCY/?f_no=196668&f_syu=1&f_hi1=2026-10-17&f_hi2=2026-10-18&f_heya_su=1&f_otona_su=1&f_s1=0&f_s2=0&f_y1=0&f_y2=0&f_y3=0&f_y4=0&f_camp_id=6266205,0,2026-10-17,6700,6700,0,2026-10-17,chikugo
179180,風の　八女福島（旧：ＮＩＰＰＯＮＩＡ　ＨＯＴＥＬ　八女福島　商家町）,https://img.travel.rakuten.co.jp/image/tr/api/re/pvonD/?f_no=179180,https://img.travel.rakuten.co.jp/image/tr/api/re/vFumt/?f_no=179180&f_flg=PLAN,https://img.travel.rakuten.co.jp/image/tr/api/re/WzozX/?noTomariHotel=179180,https://img.travel.rakuten.co.jp/image/tr/api/re/gJNfM/?f_hotel_no=179180,かぜの　やめふくしま（きゅう：にっぽにあ　ほてる　やめふくしま　しょうかまち）,【福岡空港・博多駅より車で約60分】玉露日本一の産地・八女で、日本茶と地酒を堪能する贅沢なひととき。,30282,119540.15,470007.68,834-0031,福岡県,八女市本町(モトマチ)西京町204,0120-210-289, ,【交通機関】久留米駅よりバス「西唐人町」下車（徒歩約10分）【お車】九州自動車道「八女I.C」から約4km（約10分）,駐車場有り（無料）。フロント棟にお立ち寄りいただきましたら、スタッフがご案内します。,羽犬塚,https://img.travel.rakuten.co.jp/share/HOTEL/179180/179180.jpg,https://img.travel.rakuten.co.jp/HIMG/90/179180.jpg,https://img.travel.rakuten.co.jp/share/HOTEL/179180/179180_kan1.jpg,https://img.travel.rakuten.co.jp/HIMG/INTERIOR/179180.jpg,https://img.travel.rakuten.co.jp/share/HOTEL/179180/179180map.gif,49.0,4.75,"スタッフの方々の気さくでアットホームな雰囲気に触れに、また…　2026-07-09 12:38:21投稿 <a href=""https://img.travel.rakuten.co.jp/image/tr/api/re/gJNfM/?f_hotel_no=179180"" class=""3click"">つづきはこちら</a>",standard4,グランド（4名定員）＜檜風呂付＞,4863914.0,【期間限定プラン】元老舗茶舗など八女ならではの歴史建築に泊まる。まちに溶け込む体験を＜朝食付＞,1,0,0,1,0,1,https://img.travel.rakuten.co.jp/image/tr/api/re/IdsCY/?f_no=179180&f_syu=standard4&f_hi1=2026-10-17&f_hi2=2026-10-18&f_heya_su=1&f_otona_su=1&f_s1=0&f_s2=0&f_y1=0&f_y2=0&f_y3=0&f_y4=0&f_camp_id=4863914,0,2026-10-17,52756,52756,0,2026-10-17,chikugo
41164,亀の井ホテル　柳川,https://img.travel.rakuten.co.jp/image/tr/api/re/pvonD/?f_no=41164,https://img.travel.rakuten.co.jp/image/tr/api/re/vFumt/?f_no=41164&f_flg=PLAN,https://img.travel.rakuten.co.jp/image/tr/api/re/WzozX/?noTomariHotel=41164,https://img.travel.rakuten.co.jp/image/tr/api/re/gJNfM/?f_hotel_no=41164,かめのいほてる　やながわ,お堀や街並みを一望できる展望温泉『美肌の湯』◆全客室『加湿空気清浄機』完備で安心・安全♪,9350,119352.61,469447.39,832-0057,福岡県,柳川市弥四郎町10-1,0944-72-6295,0944-72-6296,西鉄柳川駅西口から車で約15分／西鉄柳川駅西口から堀川バスで約15分／みやま柳川ICから約20分,有り　100台　無料　先着順,西鉄柳川,https://img.travel.rakuten.co.jp/share/HOTEL/41164/41164.jpg,https://img.travel.rakuten.co.jp/HIMG/90/41164.jpg,,,https://img.travel.rakuten.co.jp/share/HOTEL/41164/41164map.gif,653.0,4.09,"…　2026-10-03 21:14:21投稿 <a href=""https://img.travel.rakuten.co.jp/image/tr/api/re/gJNfM/?f_hotel_no=41164"" class=""3click"">つづきはこちら</a>",9,セミダブルルーム（バス付）／17.1平米,5924974.0,柳川美豚や鰻のひつまぶしを厳選 少量で味わう【季節の会席】,1,1,0,1,0,1,https://img.travel.rakuten.co.jp/image/tr/api/re/IdsCY/?f_no=41164&f_syu=9&f_hi1=2026-10-17&f_hi2=2026-10-18&f_heya_su=1&f_otona_su=1&f_s1=0&f_s2=0&f_y1=0&f_y2=0&f_y3=0&f_y4=0&f_camp_id=5924974,0,2026-10-17,19750,19750,0,2026-10-17,chikugo
40540,三川屋,https://img.travel.rakuten.co.jp/image/tr/api/re/pvonD/?f_no=40540,https://img.travel.rakuten.co.jp/image/tr/api/re/vFumt/?f_no=40540&f_flg=PLAN,https://img.travel.rakuten.co.jp/image/tr/api/re/WzozX/?noTomariHotel=40540,https://img.travel.rakuten.co.jp/image/tr/api/re/gJNfM/?f_hotel_no=40540,みかわや,筑後川や有明海に育まれた、大川の名物料理を堪能できる料亭・旅館,5290,119561.49,469332.07,831-0005,福岡県,大川市大字向島2222,0944-87-3155,0944-87-2925,西鉄柳川駅よりバス25分/JR佐賀駅よりバス25分(バス停「大川橋」より徒歩5分）、佐賀空港より車20分,有：50台　無料　※お車でお越しの方は、ご予約時に備考欄にてお知らせください。,西鉄柳川,https://img.travel.rakuten.co.jp/share/HOTEL/40540/40540.jpg,https://img.travel.rakuten.co.jp/HIMG/90/40540.jpg,https://img.travel.rakuten.co.jp/share/HOTEL/40540/40540_kya.jpg,https://img.travel.rakuten.co.jp/HIMG/INTERIOR/40540.jpg,https://img.travel.rakuten.co.jp/share/HOTEL/40540/40540map.gif,29.0,4.54,"全体的にはやや満足しています。不満足な点は①チェックインの時にフロントがもたついて要領が悪かったこと。②部屋のエアコンがカビ臭かったこと。③男風呂の湯舟がフェリーの大浴場みたいだったこと。④朝食がつい…　2026-09-28 22:01:37投稿 <a href=""https://img.travel.rakuten.co.jp/image/tr/api/re/gJNfM/?f_hotel_no=40540"" class=""3click"">つづきはこちら</a>",10,【禁煙】スタンダードダブル（シャワーブース付）,6513699.0,【すごもり滞在｜出張・観光に】心と体を整える◆素泊まりプラン,1,0,0,0,0,1,https://img.travel.rakuten.co.jp/image/tr/api/re/IdsCY/?f_no=40540&f_syu=10&f_hi1=2026-10-17&f_hi2=2026-10-18&f_heya_su=1&f_otona_su=1&f_s1=0&f_s2=0&f_y1=0&f_y2=0&f_y3=0&f_y4=0&f_camp_id=6513699,0,2026-10-17,8920,8920,0,2026-10-17,chikugo
18461,柳川ビジネスホテル,https://img.travel.rakuten.co.jp/image/tr/api/re/pvonD/?f_no=18461,https://img.travel.rakuten.co.jp/image/tr/api/re/vFumt/?f_no=18461&f_flg=PLAN,https://img.travel.rakuten.co.jp/image/tr/api/re/WzozX/?noTomariHotel=18461,https://img.travel.rakuten.co.jp/image/tr/api/re/gJNfM/?f_hotel_no=18461,やながわ　びじねすほてる,西鉄柳川駅より徒歩５分　｢川下り」乗船場にも隣接してビジネスにも観光にも最適です！　Wi-Fi全室無料♪駐車場無料♪,4800,119393.49,469510.22,832-0826,福岡県,柳川市三橋町高畑243-1,0944-74-1500,0944-72-4268,西鉄柳川駅より徒歩5分/九州自動車道みやま柳川ＩＣより車で約１０分,有り　２０台無料,西鉄柳川,https://img.travel.rakuten.co.jp/share/HOTEL/18461/18461.jpg,https://img.travel.rakuten.co.jp/HIMG/90/18461.jpg,https://img.travel.rakuten.co.jp/share/HOTEL/18461/18461_r.jpg,https://img.travel.rakuten.co.jp/HIMG/INTERIOR/18461.jpg,https://img.travel.rakuten.co.jp/share/HOTEL/18461/18461map.gif,171.0,3.69,,sk,スタンダードシングル【禁煙】,6194213.0,シンプルステイ【素泊まり】プラン,1,0,0,0,0,0,https://img.travel.rakuten.co.jp/image/tr/api/re/IdsCY/?f_no=18461&f_syu=sk&f_hi1=2026-10-17&f_hi2=2026-10-18&f_heya_su=1&f_otona_su=1&f_s1=0&f_s2=0&f_y1=0&f_y2=0&f_y3=0&f_y4=0&f_camp_id=6194213,0,2026-10-17,6800,6800,0,2026-10-17,chikugo
129992,おおむたハイツ,https://img.travel.rakuten.co.jp/image/tr/api/re/pvonD/?f_no=129992,https://img.travel.rakuten.co.jp/image/tr/api/re/vFumt/?f_no=129992&f_flg=PLAN,https://img.travel.rakuten.co.jp/image/tr/api/re/WzozX/?noTomariHotel=129992,https://img.travel.rakuten.co.jp/image/tr/api/re/gJNfM/?f_hotel_no=129992,おおむたはいつ,グリーンランドまで30分圏内！ファミリーフレンドリーな絶景温泉宿,5340,119035.97,469654.36,837-0905,福岡県,大牟田市甘木甘木山1203-116,0944-58-3497,0944-58-7069,「大牟田駅（ＪＲ・西鉄）」よりタクシーで約15分、九州自動車道「南関ＩＣ」よりお車で約10分,有り　２００台　無料　予約不要,,https://img.travel.rakuten.co.jp/share/HOTEL/129992/129992.jpg,https://img.travel.rakuten.co.jp/HIMG/90/129992.jpg,https://img.travel.rakuten.co.jp/share/HOTEL/129992/129992_you.jpg,https://img.travel.rakuten.co.jp/HIMG/INTERIOR/129992.jpg,https://img.travel.rakuten.co.jp/share/HOTEL/129992/129992map.gif,142.0,4.0,"近くの広い駐車場で虫取りもできて、子供たちも大満足で…　2026-09-23 15:14:47投稿 <a href=""https://img.travel.rakuten.co.jp/image/tr/api/re/gJNfM/?f_hotel_no=129992"" class=""3click"">つづきはこちら</a>",prob1,訳あり1名-和室＜バス・トイレなし＞,4587580.0,【訳ありプラン　素泊まり】「寝るだけ、泊まるだけ」！館内温泉あり,1,0,0,0,0,1,https://img.travel.rakuten.co.jp/image/tr/api/re/IdsCY/?f_no=129992&f_syu=prob1&f_hi1=2026-10-17&f_hi2=2026-10-18&f_heya_su=1&f_otona_su=1&f_s1=0&f_s2=0&f_y1=0&f_y2=0&f_y3=0&f_y4=0&f_camp_id=4587580,0,2026-10-17,11000,11000,0,2026-10-17,chikugo
13423,ビジネスホテル　わらじ家本館,https://img.travel.rakuten.co.jp/image/tr/api/re/pvonD/?f_no=13423,https://img.travel.rakuten.co.jp/image/tr/api/re/vFumt/?f_no=13423&f_flg=PLAN,https://img.travel.rakuten.co.jp/image/tr/api/re/WzozX/?noTomariHotel=13423,https://img.travel.rakuten.co.jp/image/tr/api/re/gJNfM/?f_hotel_no=13423,わらじや　ほんかん,清潔、閑静な宿。家族的なおもてなし。,3300,118902.67,469626.04,8360837,福岡県,大牟田市谷町2-6,0944-52-3184,0944-52-3197,『JR大牟田駅』より徒歩8分／九州自動車道『南関IC』より車で20分,無料駐車場15台有り（先着順）,大牟田,https://img.travel.rakuten.co.jp/share/HOTEL/13423/13423.jpg,https://img.travel.rakuten.co.jp/HIMG/90/13423.jpg,https://img.travel.rakuten.co.jp/share/HOTEL/13423/13423_w.jpg,https://img.travel.rakuten.co.jp/HIMG/INTERIOR/13423.jpg,https://img.travel.rakuten.co.jp/share/HOTEL/13423/13423map.gif,133.0,2.92,"お部屋も設備も清潔感も特に問題がなく、あの価格でそれだけの宿泊を提供いただけるなら全く問題ありません。　2026-06-16 17:39:54投稿 <a href=""https://img.travel.rakuten.co.jp/image/tr/api/re/gJNfM/?f_hotel_no=13423"" class=""3click"">つづきはこちら</a>",singul8,シングル,,,1,0,0,0,0,1,https://img.travel.rakuten.co.jp/image/tr/api/re/IdsCY/?f_no=13423&f_syu=singul8&f_hi1=2026-10-17&f_hi2=2026-10-18&f_heya_su=1&f_otona_su=1&f_s1=0&f_s2=0&f_y1=0&f_y2=0&f_y3=0&f_y4=0,1,2026-10-17,5170,5170,0,2026-10-17,chikugo
104771,筑後船小屋　公園の宿,https://img.travel.rakuten.co.jp/image/tr/api/re/pvonD/?f_no=104771,https://img.travel.rakuten.co.jp/image/tr/api/re/vFumt/?f_no=104771&f_flg=PLAN,https://img.travel.rakuten.co.jp/image/tr/api/re/WzozX/?noTomariHotel=104771,https://img.travel.rakuten.co.jp/image/tr/api/re/gJNfM/?f_hotel_no=104771,ちくごふなごや　こうえんのやど,◆大楠林での森林浴や親子で遊べる筑後広域公園内◆緑に囲まれた癒しの空間へ。展望風呂やうなぎや柳川和牛が楽しめる夕食も人気,8800,119438.75,469812.17,833-0015,福岡県,筑後市津島2108-1,0942-42-1126,0942-42-1125,◆博多駅より九州新幹線で25分◆ＪＲ筑後船小屋駅より車で3分、徒歩15分【鬼滅の刃】聖地？溝口竈門神社まで車で5～7分！,有り　１００台　無料　予約不要,船小屋,https://img.travel.rakuten.co.jp/share/HOTEL/104771/104771.jpg,https://img.travel.rakuten.co.jp/HIMG/90/104771.jpg,,,https://img.travel.rakuten.co.jp/share/HOTEL/104771/104771map.gif,92.0,4.21,"皆さん本当に感じ…　2026-09-21 15:33:15投稿 <a href=""https://img.travel.rakuten.co.jp/image/tr/api/re/gJNfM/?f_hotel_no=104771"" class=""3click"">つづきはこちら</a>",jw8,川側和室８畳,6626133.0,【梅会席】〜柳川美豚の陶板焼き〜（1泊2食付）,1,1,0,1,0,1,https://img.travel.rakuten.co.jp/image/tr/api/re/IdsCY/?f_no=104771&f_syu=jw8&f_hi1=2026-10-17&f_hi2=2026-10-18&f_heya_su=1&f_otona_su=1&f_s1=0&f_s2=0&f_y1=0&f_y2=0&f_y3=0&f_y4=0&f_camp_id=6626133,0,2026-10-17,17550,17550,0,2026-10-17,chikugo
56969,ビジネスｉｎn　清風荘,https://img.travel.rakuten.co.jp/image/tr/api/re/pvonD/?f_no=56969,https://img.travel.rakuten.co.jp/image/tr/api/re/vFumt/?f_no=56969&f_flg=PLAN,https://img.travel.rakuten.co.jp/image/tr/api/re/WzozX/?noTomariHotel=56969,https://img.travel.rakuten.co.jp/image/tr/api/re/gJNfM/?f_hotel_no=56969,びじねすいん　せいふうそう,"家庭的な雰囲気のビジネスホテル。長期滞在,スポーツの合宿等にも便利 で、お部屋もホテルタイプと旅館タイプがございます。",3000,119520.31,469366.43,831-0004,福岡県,大川市榎津295-4,0944-86-5513,0944-86-5496,西鉄　柳川駅より車で１５分／ＪＲ　佐賀駅より車で２5分/ホークスベースボールパーク、筑後広域公園運動場から車で２０分,有り　１５台　無料　予約不要,西鉄柳川,https://img.travel.rakuten.co.jp/share/HOTEL/56969/56969.jpg,https://img.travel.rakuten.co.jp/HIMG/90/56969.jpg,,,https://img.travel.rakuten.co.jp/share/HOTEL/56969/56969map.gif,91.0,4.13,"ご家族で経営されているのでしょうか、アットホームなホテルで好感を持ちました　2026-09-25 11:47:32投稿 <a href=""https://img.travel.rakuten.co.jp/image/tr/api/re/gJNfM/?f_hotel_no=56969"" class=""3click"">つづきはこちら</a>",2, エコノミータイプ（バス、トイレ付）和室、和洋室、ベッド,5950233.0,エコノミータイプ（バス、トイレ付）和室、又は和洋室===朝食付===,1,0,0,1,0,1,https://img.travel.rakuten.co.jp/image/tr/api/re/IdsCY/?f_no=56969&f_syu=2&f_hi1=2026-10-17&f_hi2=2026-10-18&f_heya_su=1&f_otona_su=1&f_s1=0&f_s2=0&f_y1=0&f_y2=0&f_y3=0&f_y4=0&f_camp_id=5950233,0,2026-10-17,5250,5250,0,2026-10-17,chikugo
62186,太田旅館,https://img.travel.rakuten.co.jp/image/tr/api/re/pvonD/?f_no=62186,https://img.travel.rakuten.co.jp/image/tr/api/re/vFumt/?f_no=62186&f_flg=PLAN,,https://img.travel.rakuten.co.jp/image/tr/api/re/gJNfM/?f_hotel_no=62186,おおたりょかん,福岡・大分・熊本の県境にある黒木町の旅館です。各県へのビジネス観光の拠点としてご利用ください。,4300,119554.24,470406.72,834-1216,福岡県,八女市黒木町桑原107-1,0943-42-0277,0943-42-0277,ＪＲ　羽犬塚駅よりバスで４５分／八女ＩＣより車で約３０分,有り　5台　無料　予約不要,羽犬塚,https://img.travel.rakuten.co.jp/share/HOTEL/62186/62186.jpg,https://img.travel.rakuten.co.jp/HIMG/90/62186.jpg,https://img.travel.rakuten.co.jp/share/HOTEL/62186/62186_kya.jpg,https://img.travel.rakuten.co.jp/HIMG/INTERIOR/62186.jpg,https://img.travel.rakuten.co.jp/share/HOTEL/62186/62186map.gif,22.0,4.4,"評価は大変満足で評価のままですが、隣の人の騒がしさ(夜12時過ぎにドライヤーやドアの開閉音やトイレに行く際？の廊下を触る音など)には少し参…　2026-05-05 19:18:29投稿 <a href=""https://img.travel.rakuten.co.jp/image/tr/api/re/gJNfM/?f_hotel_no=62186"" class=""3click"">つづきはこちら</a>",w6m,和室６畳,5669238.0,【直前割】急な出張や一人旅も歓迎！見つけた方はラッキー！10％以上もオトクに！！！【素泊り】,1,0,0,0,0,0,https://img.travel.rakuten.co.jp/image/tr/api/re/IdsCY/?f_no=62186&f_syu=w6m&f_hi1=2026-10-17&f_hi2=2026-10-18&f_heya_su=1&f_otona_su=1&f_s1=0&f_s2=0&f_y1=0&f_y2=0&f_y3=0&f_y4=0&f_camp_id=5669238,0,2026-10-17,4800,4800,0,2026-10-17,chikugo
177824,Ｋｙｕｓｈｕ　Ｒｖ　Ｒｅｓｏｒｔ　ｉｎ　ｙａｎａｇａｗａ,https://img.travel.rakuten.co.jp/image/tr/api/re/pvonD/?f_no=177824,https://img.travel.rakuten.co.jp/image/tr/api/re/vFumt/?f_no=177824&f_flg=PLAN,,https://img.travel.rakuten.co.jp/image/tr/api/re/gJNfM/?f_hotel_no=177824,きゅうしゅう　あーるぶい　りぞーと　いん　やながわ,日本初の屋根つきのＲＶリゾートサイトです。天候に左右されずゆっくり寛げます。,3300,119439.86,469463.71,832-0006,福岡県,柳川市東蒲池1558,0944-74-3777,0944-74-5511,西鉄柳川駅よりお車にて約５分,有り　１０台　 無料　予約不要,西鉄柳川,https://img.travel.rakuten.co.jp/share/HOTEL/177824/177824.jpg,https://img.travel.rakuten.co.jp/HIMG/90/177824.jpg,,,https://img.travel.rakuten.co.jp/share/HOTEL/177824/177824map.gif,23.0,4.5,"キャンピングカーを体験してみたい、身近に感じてみたいと言う経験が気軽にできて良かったです！夜は中で過ごしたかったので隣のスーパーで買い出しして持ち込みました。朝はすぐ近くのマックに。シャワー室がトイレ…　2026-10-03 23:02:36投稿 <a href=""https://img.travel.rakuten.co.jp/image/tr/api/re/gJNfM/?f_hotel_no=177824"" class=""3click"">つづきはこちら</a>",route37,ROUTE37,5608990.0,お肉セット付宿泊プラン　予約時確認事項あり,1,0,0,0,0,1,https://img.travel.rakuten.co.jp/image/tr/api/re/IdsCY/?f_no=177824&f_syu=route37&f_hi1=2026-10-17&f_hi2=2026-10-18&f_heya_su=1&f_otona_su=1&f_s1=0&f_s2=0&f_y1=0&f_y2=0&f_y3=0&f_y4=0&f_camp_id=5608990,0,2026-10-17,13000,13000,0,2026-10-17,chikugo
177003,ＴＨＥ　ＴＲＡＩＬＥＲＨＯＵＳＥ　ＶＩＬＬＡＧＥ　大牟田　ＳＰＡ,https://img.travel.rakuten.co.jp/image/tr/api/re/pvonD/?f_no=177003,https://img.travel.rakuten.co.jp/image/tr/api/re/vFumt/?f_no=177003&f_flg=PLAN,,https://img.travel.rakuten.co.jp/image/tr/api/re/gJNfM/?f_hotel_no=177003,ざ・とれーらーはうすびれっじおおむたすぱ,トレーラー泊×温泉＆サウナ★釣り堀やゴーカートなど遊び場充実＆併設の「最高の湯」で寛げるからファミリーに人気♪,6940,118834.91,469694.08,836-0895,福岡県,大牟田市新勝立町6-37,0944-53-8126,0944-32-9114,博多駅からJRで約1時間or天神から西鉄大牟田線で約1時間　→大牟田駅→大牟田駅から車で約10分,有り　予約不要,大牟田,https://img.travel.rakuten.co.jp/share/HOTEL/177003/177003.jpg,https://img.travel.rakuten.co.jp/HIMG/90/177003.jpg,https://img.travel.rakuten.co.jp/share/HOTEL/177003/177003_kan1.jpg,https://img.travel.rakuten.co.jp/HIMG/INTERIOR/177003.jpg,https://img.travel.rakuten.co.jp/share/HOTEL/177003/177003map.gif,151.0,4.41,"宿到着がかなり遅くなったにも関わらず、丁寧な対応有難うございました。トレーラーハウス併設のドッグランも快適でした。今回はバーベキュー等出来ませんでしたが、次回はやりたいと思いました。温泉も最高でした！…　2026-09-25 06:06:55投稿 <a href=""https://img.travel.rakuten.co.jp/image/tr/api/re/gJNfM/?f_hotel_no=177003"" class=""3click"">つづきはこちら</a>",trailer5,トレーラーハウス《全長5.5ｍ》 ,6439642.0,【フリープラン｜食事なし】コスパ最強♪美肌の湯＆4種のサウナ＆寛ぎスペースでゆったり。自由温泉ステイ,1,0,0,0,0,2,https://img.travel.rakuten.co.jp/image/tr/api/re/IdsCY/?f_no=177003&f_syu=trailer5&f_hi1=2026-10-17&f_hi2=2026-10-18&f_heya_su=1&f_otona_su=1&f_s1=0&f_s2=0&f_y1=0&f_y2=0&f_y3=0&f_y4=0&f_camp_id=6439642,0,2026-10-17,25340,25340,0,2026-10-17,chikugo
43814,松葉屋,https://img.travel.rakuten.co.jp/image/tr/api/re/pvonD/?f_no=43814,https://img.travel.rakuten.co.jp/image/tr/api/re/vFumt/?f_no=43814&f_flg=PLAN,https://img.travel.rakuten.co.jp/image/tr/api/re/WzozX/?noTomariHotel=43814,https://img.travel.rakuten.co.jp/image/tr/api/re/gJNfM/?f_hotel_no=43814,まつばや,"1958年創業した古い旅館です。佐賀、熊本、福岡と交通の便がよく有明海の豊かな魚介類でおもてなしします,",3800,119229.71,469588.82,839-0254,福岡県,柳川市大和町中島673,0944-76-3212,0944-76-4084,西鉄天神大牟田線  西鉄中島駅より徒歩１分,有り　１４台　無料　先着順,西鉄中島,https://img.travel.rakuten.co.jp/share/HOTEL/43814/43814.jpg,https://img.travel.rakuten.co.jp/HIMG/90/43814.jpg,https://img.travel.rakuten.co.jp/share/HOTEL/43814/43814_s.jpg,https://img.travel.rakuten.co.jp/HIMG/INTERIOR/43814.jpg,https://img.travel.rakuten.co.jp/share/HOTEL/43814/43814map.gif,34.0,4.0,"そして二食お願いしましたがコスパがすごいです。新鮮なお…　2026-09-22 19:55:51投稿 <a href=""https://img.travel.rakuten.co.jp/image/tr/api/re/gJNfM/?f_hotel_no=43814"" class=""3click"">つづきはこちら</a>",a,和室1名,2976582.0,ビジネスプラン　食事無し,1,0,0,0,0,2,https://img.travel.rakuten.co.jp/image/tr/api/re/IdsCY/?f_no=43814&f_syu=a&f_hi1=2026-10-17&f_hi2=2026-10-18&f_heya_su=1&f_otona_su=1&f_s1=0&f_s2=0&f_y1=0&f_y2=0&f_y3=0&f_y4=0&f_camp_id=2976582,0,2026-10-17,5200,5200,0,2026-10-17,chikugo
191089,エンパイアスカイリッジホテル／民泊,https://img.travel.rakuten.co.jp/image/tr/api/re/pvonD/?f_no=191089,https://img.travel.rakuten.co.jp/image/tr/api/re/vFumt/?f_no=191089&f_flg=PLAN,,https://img.travel.rakuten.co.jp/image/tr/api/re/gJNfM/?f_hotel_no=191089,,　,8700,119662.33,469837.89,833-0001,福岡県,筑後市一条1327-1　エンパイア・スカイリッジホテル,0942-53-5454,000-000-0000,西牟田駅から徒歩で約４分,有り,西牟田,https://img.travel.rakuten.co.jp/share/HOTEL/191089/191089.jpg,https://img.travel.rakuten.co.jp/HIMG/90/191089.jpg,,,https://img.travel.rakuten.co.jp/share/HOTEL/191089/191089map.gif,1.0,,,r20511_2,ROOM本社ビル602,6461824.0,【1LDK 】ゆったりマンションステイ,1,0,0,0,0,2,https://img.travel.rakuten.co.jp/image/tr/api/re/IdsCY/?f_no=191089&f_syu=r20511_2&f_hi1=2026-10-17&f_hi2=2026-10-18&f_heya_su=1&f_otona_su=1&f_s1=0&f_s2=0&f_y1=0&f_y2=0&f_y3=0&f_y4=0&f_camp_id=6461824,0,2026-10-17,19720,19720,0,2026-10-17,chikugo
186646,別荘　大川家　一棟貸しの宿九州旅行に便利な宿　＾,https://img.travel.rakuten.co.jp/image/tr/api/re/pvonD/?f_no=186646,https://img.travel.rakuten.co.jp/image/tr/api/re/vFumt/?f_no=186646&f_flg=PLAN,,https://img.travel.rakuten.co.jp/image/tr/api/re/gJNfM/?f_hotel_no=186646,,　,10672,119524.4,469385.49,831-0004,福岡県,大川市榎津111-3　大川家　ｏｋａｗａｙａ,080-3949-7326,000-000-0000,蒲池駅から車で約１０分,有り,蒲池（福岡）,https://img.travel.rakuten.co.jp/share/HOTEL/186646/186646.jpg,https://img.travel.rakuten.co.jp/HIMG/90/186646.jpg,,,https://img.travel.rakuten.co.jp/share/HOTEL/186646/186646map.gif,,,,649372_8,一戸建て,6302808.0,一棟貸し プライベート宿,1,0,0,0,0,2,https://img.travel.rakuten.co.jp/image/tr/api/re/IdsCY/?f_no=186646&f_syu=649372_8&f_hi1=2026-10-17&f_hi2=2026-10-18&f_heya_su=1&f_otona_su=1&f_s1=0&f_s2=0&f_y1=0&f_y2=0&f_y3=0&f_y4=0&f_camp_id=6302808,0,2026-10-17,37120,37120,0,2026-10-17,chikugo
201732,ＲＩＴＡ　大川藩境,https://img.travel.rakuten.co.jp/image/tr/api/re/pvonD/?f_no=201732,https://img.travel.rakuten.co.jp/image/tr/api/re/vFumt/?f_no=201732&f_flg=PLAN,,https://img.travel.rakuten.co.jp/image/tr/api/re/gJNfM/?f_hotel_no=201732,りた　おおかわはんざかい,一生モノに　出会う旅,15000,119534.49,469344.33,831-0004,福岡県,大川市榎津588(客室・駐車場住所),0944-88-8023,0944-88-8023,九州佐賀国際空港より車で約20分　西鉄柳川駅よりバスと徒歩で約40分,客室付近に専用駐車場がございます（予約不要）,佐賀空港,https://img.travel.rakuten.co.jp/share/HOTEL/201732/201732.jpg,https://img.travel.rakuten.co.jp/HIMG/90/201732.jpg,,,https://img.travel.rakuten.co.jp/share/HOTEL/201732/201732map.gif,,,,kobiki,【一棟貸/キッチン完備】こびき-Kobiki-（定員4名）,6508309.0,【木工のまち・大川に泊まる。】古民家を改修した一棟貸しの宿・素泊まりプラン,1,0,0,0,0,2,https://img.travel.rakuten.co.jp/image/tr/api/re/IdsCY/?f_no=201732&f_syu=kobiki&f_hi1=2026-10-17&f_hi2=2026-10-18&f_heya_su=1&f_otona_su=1&f_s1=0&f_s2=0&f_y1=0&f_y2=0&f_y3=0&f_y4=0&f_camp_id=6508309,0,2026-10-17,44300,44300,0,2026-10-17,chikugo
184422,ＲＩＴＡ　八女福島,https://img.travel.rakuten.co.jp/image/tr/api/re/pvonD/?f_no=184422,https://img.travel.rakuten.co.jp/image/tr/api/re/vFumt/?f_no=184422&f_flg=PLAN,https://img.travel.rakuten.co.jp/image/tr/api/re/WzozX/?noTomariHotel=184422,https://img.travel.rakuten.co.jp/image/tr/api/re/gJNfM/?f_hotel_no=184422,りたやめふくしま,福岡空港・博多駅からアクセス良好（車で60分）柳川観光も便利（車で35分）お子様も歓迎・記念日相談もOKのお宿♪,11040,119547.32,470027.51,834-0031,福岡県,八女市本町13-1,0943-24-2233,0943-73-7724,JR博多駅（JR鹿児島本線）ー JR羽犬塚駅＜約50分＞　羽犬塚駅よりタクシーで15分,有り　４台　無料　予約不要,博多,https://img.travel.rakuten.co.jp/share/HOTEL/184422/184422.jpg,https://img.travel.rakuten.co.jp/HIMG/90/184422.jpg,,,https://img.travel.rakuten.co.jp/share/HOTEL/184422/184422map.gif,29.0,4.71,"日本のおもてなしが…　2026-08-02 08:25:21投稿 <a href=""https://img.travel.rakuten.co.jp/image/tr/api/re/gJNfM/?f_hotel_no=184422"" class=""3click"">つづきはこちら</a>",akari,あかり（お子様連れも安心のはなれ1棟・八女茶3種付）8名定員,5593319.0,【無料の3大特典付】八女の恵み満喫プラン（素泊まり）,1,0,0,0,0,1,https://img.travel.rakuten.co.jp/image/tr/api/re/IdsCY/?f_no=184422&f_syu=akari&f_hi1=2026-10-17&f_hi2=2026-10-18&f_heya_su=1&f_otona_su=1&f_s1=0&f_s2=0&f_y1=0&f_y2=0&f_y3=0&f_y4=0&f_camp_id=5593319,0,2026-10-17,52600,52600,0,2026-10-17,chikugo
200243,ＨＩＲＡＲＩ柳川　＾,https://img.travel.rakuten.co.jp/image/tr/api/re/pvonD/?f_no=200243,https://img.travel.rakuten.co.jp/image/tr/api/re/vFumt/?f_no=200243&f_flg=PLAN,,https://img.travel.rakuten.co.jp/image/tr/api/re/gJNfM/?f_hotel_no=200243,, ,12992,119378.22,469534.38,832-0827,福岡県,柳川市三橋町蒲船津1403-11,0942-53-5454,00-0000-0000,西鉄柳川駅から徒歩で3分,あり,西鉄柳川,https://img.travel.rakuten.co.jp/share/HOTEL/200243/200243.jpg,https://img.travel.rakuten.co.jp/HIMG/90/200243.jpg,,,https://img.travel.rakuten.co.jp/share/HOTEL/200243/200243map.gif,,,,1554208_10,一戸建て,6477010.0,【秋限定キャンペーン】 1日1組限定ヴィラ(最大10名),1,0,0,0,0,2,https://img.travel.rakuten.co.jp/image/tr/api/re/IdsCY/?f_no=200243&f_syu=1554208_10&f_hi1=2026-10-17&f_hi2=2026-10-18&f_heya_su=1&f_otona_su=1&f_s1=0&f_s2=0&f_y1=0&f_y2=0&f_y3=0&f_y4=0&f_camp_id=6477010,0,2026-10-17,81200,81200,0,2026-10-17,chikugo
29756,柳川藩主立花邸　御花,https://img.travel.rakuten.co.jp/image/tr/api/re/pvonD/?f_no=29756,https://img.travel.rakuten.co.jp/image/tr/api/re/vFumt/?f_no=29756&f_flg=PLAN,https://img.travel.rakuten.co.jp/image/tr/api/re/WzozX/?noTomariHotel=29756,https://img.travel.rakuten.co.jp/image/tr/api/re/gJNfM/?f_hotel_no=29756,やながわはんしゅたちばなてい　おはな,2025年1月11日リニューアルオープン。旧大名家、藩主の末裔が営む宿で生きる歴史に触れるひとときを。,26015,119357.19,469439.75,832-0069,福岡県,柳川市新外町1,0944-73-2189,0944-74-0872,佐賀空港よりリムジンバスで30分／西鉄柳川駅よりタクシーで約１０分／九州自動車道みやま・柳川ＩＣより約25分,有　５０台　無料,西鉄柳川,https://img.travel.rakuten.co.jp/share/HOTEL/29756/29756.jpg,https://img.travel.rakuten.co.jp/HIMG/90/29756.jpg,https://img.travel.rakuten.co.jp/share/HOTEL/29756/29756_w.jpg,https://img.travel.rakuten.co.jp/HIMG/INTERIOR/29756.jpg,https://img.travel.rakuten.co.jp/share/HOTEL/29756/29756map.gif,161.0,4.85,"旅館の方がとても親切にご対応いただき良き思い出となりました。ありがとうございました。　2026-09-02 00:24:09投稿 <a href=""https://img.travel.rakuten.co.jp/image/tr/api/re/gJNfM/?f_hotel_no=29756"" class=""3click"">つづきはこちら</a>",1002,【特別室〜蜜柑 MIKAN　81.67平米】,6482725.0,【朝食付】旅の心のよりどころ〜有明海・筑後平野のめぐみを朝食で楽しむ,1,0,0,1,0,1,https://img.travel.rakuten.co.jp/image/tr/api/re/IdsCY/?f_no=29756&f_syu=1002&f_hi1=2026-10-17&f_hi2=2026-10-18&f_heya_su=1&f_otona_su=1&f_s1=0&f_s2=0&f_y1=0&f_y2=0&f_y3=0&f_y4=0&f_camp_id=6482725,0,2026-10-17,139150,139150,0,2026-10-17,chikugo
1975,西鉄イン小倉,https://img.travel.rakuten.co.jp/image/tr/api/re/pvonD/?f_no=1975,https://img.travel.rakuten.co.jp/image/tr/api/re/vFumt/?f_no=1975&f_flg=PLAN,https://img.travel.rakuten.co.jp/image/tr/api/re/WzozX/?noTomariHotel=1975,https://img.travel.rakuten.co.jp/image/tr/api/re/gJNfM/?f_hotel_no=1975,にしてついん　こくら,【JR小倉駅から徒歩５分】大浴場・サウナ・水風呂でととのう駅近ホテル,5911,121970.5,471191.33,802-0003,福岡県,北九州市小倉北区米町1-4-11  ,093-511-5454,093-511-5424,JR小倉駅 小倉城口(モノレール側）より徒歩約5分　北九州空港・福岡空港より高速バスで1本,"有り（先着順・予約不可）　15時〜翌10時　1,200円（税込）　ハイルーフ枠有2.05mまで",小倉（福岡）,https://img.travel.rakuten.co.jp/share/HOTEL/1975/1975.jpg,https://img.travel.rakuten.co.jp/HIMG/90/1975.jpg,https://img.travel.rakuten.co.jp/share/HOTEL/1975/1975_r1.jpg,https://img.travel.rakuten.co.jp/HIMG/INTERIOR/1975.jpg,https://img.travel.rakuten.co.jp/share/HOTEL/1975/1975map.gif,7248.0,4.06,,sn1-kkr,本館【禁煙】シングルルームベッド幅120cm,3651988.0,【スタンダードプラン】直前予約OK！大浴場＆サウナで整う癒しのご褒美ステイ♪＜素泊まり＞,1,0,0,0,0,1,https://img.travel.rakuten.co.jp/image/tr/api/re/IdsCY/?f_no=1975&f_syu=sn1-kkr&f_hi1=2026-10-17&f_hi2=2026-10-18&f_heya_su=1&f_otona_su=1&f_s1=0&f_s2=0&f_y1=0&f_y2=0&f_y3=0&f_y4=0&f_camp_id=3651988,0,2026-10-17,19260,19260,0,2026-10-17,kitakyusyu
71937,コンフォートホテル小倉,https://img.travel.rakuten.co.jp/image/tr/api/re/pvonD/?f_no=71937,https://img.travel.rakuten.co.jp/image/tr/api/re/vFumt/?f_no=71937&f_flg=PLAN,https://img.travel.rakuten.co.jp/image/tr/api/re/WzozX/?noTomariHotel=71937,https://img.travel.rakuten.co.jp/image/tr/api/re/gJNfM/?f_hotel_no=71937,こんふぉーとほてるこくら,日替わりスムージーが人気★無料朝食サービスがイチオシのコスパ最強ホテル◆小倉駅新幹線口徒歩3分◆小学6年生まで添い寝無料,4050,121987.4,471177.26,802-0001,福岡県,北九州市小倉北区浅野2-6-21,093-512-8311,093-512-8312,◆JR小倉駅新幹線口から徒歩３分◆北九州空港からリムジンバスで約６０分◆門司港より電車で約２０分,■敷地内21台　1泊900円（税込/15：00〜翌10：00）先着順※途中入出庫不可,小倉（福岡）,https://img.travel.rakuten.co.jp/share/HOTEL/71937/71937.jpg,https://img.travel.rakuten.co.jp/HIMG/90/71937.jpg,https://img.travel.rakuten.co.jp/share/HOTEL/71937/71937_s.jpg,https://img.travel.rakuten.co.jp/HIMG/INTERIOR/71937.jpg,https://img.travel.rakuten.co.jp/share/HOTEL/71937/71937map.gif,5187.0,4.04,"2026年9月22日から1泊しました。小倉駅新幹線口から近くてコンビニもホテル目の前にあり便利です。カフェでセルフのコーヒーやアイスティーが無料で飲めるのも良かったです。部屋は清潔で必要最低限のアメニ…　2026-09-23 11:18:09投稿 <a href=""https://img.travel.rakuten.co.jp/image/tr/api/re/gJNfM/?f_hotel_no=71937"" class=""3click"">つづきはこちら</a>",nde,１ベッド◆ダブルエコノミー◆ ＜禁煙＞,4591593.0,自由気ままなComfort stay◆彩り豊かな朝食無料サービス◆,1,0,0,1,0,1,https://img.travel.rakuten.co.jp/image/tr/api/re/IdsCY/?f_no=71937&f_syu=nde&f_hi1=2026-10-17&f_hi2=2026-10-18&f_heya_su=1&f_otona_su=1&f_s1=0&f_s2=0&f_y1=0&f_y2=0&f_y3=0&f_y4=0&f_camp_id=4591593,0,2026-10-17,21000,21000,0,2026-10-17,kitakyusyu
974,ＪＲ九州ステーションホテル小倉,https://img.travel.rakuten.co.jp/image/tr/api/re/pvonD/?f_no=974,https://img.travel.rakuten.co.jp/image/tr/api/re/vFumt/?f_no=974&f_flg=PLAN,https://img.travel.rakuten.co.jp/image/tr/api/re/WzozX/?noTomariHotel=974,https://img.travel.rakuten.co.jp/image/tr/api/re/gJNfM/?f_hotel_no=974,じぇいあーるきゅうしゅうすてーしょん　こくら,開業25年目にして最大規模の客室リニューアル！最上階をフルリニューアルし、一段上質な「スーペリアフロア」に進化。,7160,121980.84,471185.09,802-0001,福岡県,北九州市小倉北区浅野1-1-1,093-521-5031,093-512-0345,JR小倉駅上！！！駅直結で最高の立地。改札口を出てすぐにチェックイン。,有り　　370台　　１泊　1500円／宿泊者,小倉（福岡）,https://img.travel.rakuten.co.jp/share/HOTEL/974/974.jpg,https://img.travel.rakuten.co.jp/HIMG/90/974.jpg,https://img.travel.rakuten.co.jp/share/HOTEL/974/974_sgl.jpg,https://img.travel.rakuten.co.jp/HIMG/INTERIOR/974.jpg,https://img.travel.rakuten.co.jp/share/HOTEL/974/974map.gif,4310.0,4.35,"浴室内がトイレを含め清潔感が向上していたように感じた。しかしソファーの汚れはシミが残り不潔感があります…　2026-09-28 08:46:02投稿 <a href=""https://img.travel.rakuten.co.jp/image/tr/api/re/gJNfM/?f_hotel_no=974"" class=""3click"">つづきはこちら</a>",ns02,禁煙スタンダードルーム18.1平米,5320718.0,【事前決済限定☆素泊まり☆】自動チェックイン機導入！！QRコードでスマートチェックイン♪,1,0,0,0,0,2,https://img.travel.rakuten.co.jp/image/tr/api/re/IdsCY/?f_no=974&f_syu=ns02&f_hi1=2026-10-17&f_hi2=2026-10-18&f_heya_su=1&f_otona_su=1&f_s1=0&f_s2=0&f_y1=0&f_y2=0&f_y3=0&f_y4=0&f_camp_id=5320718,0,2026-10-17,19400,19400,0,2026-10-17,kitakyusyu
187613,スマイルホテル小倉,https://img.travel.rakuten.co.jp/image/tr/api/re/pvonD/?f_no=187613,https://img.travel.rakuten.co.jp/image/tr/api/re/vFumt/?f_no=187613&f_flg=PLAN,https://img.travel.rakuten.co.jp/image/tr/api/re/WzozX/?noTomariHotel=187613,https://img.travel.rakuten.co.jp/image/tr/api/re/gJNfM/?f_hotel_no=187613,すまいるほてるこくら,JR小倉駅や繁華街まで徒歩圏内の好立地！■全室個別空調■クレンジングや化粧水などレディースセット(DHC)も充実♪,3450,121977.58,471173.5,802-0002,福岡県,北九州市小倉北区京町1-6-31,093-330-6550,093-330-6551,JR小倉駅南口より徒歩約7分（商店街に入り、吉野家交差点右折、京町銀天街アーケード200ｍ先）,なし。提携駐車場「APパーク小倉駅前」自走式立体駐車場15時〜翌朝10時￥1000,小倉（福岡）,https://img.travel.rakuten.co.jp/share/HOTEL/187613/187613.jpg,https://img.travel.rakuten.co.jp/HIMG/90/187613.jpg,,,https://img.travel.rakuten.co.jp/share/HOTEL/187613/187613map.gif,603.0,4.04,"ま…　2026-10-05 16:46:04投稿 <a href=""https://img.travel.rakuten.co.jp/image/tr/api/re/gJNfM/?f_hotel_no=187613"" class=""3click"">つづきはこちら</a>",sn01,禁煙シングルルーム【ベッド幅150cm】,6630392.0,★お日にち限定割引プラン【素泊まり】【カード決済限定】,1,0,0,0,0,2,https://img.travel.rakuten.co.jp/image/tr/api/re/IdsCY/?f_no=187613&f_syu=sn01&f_hi1=2026-10-17&f_hi2=2026-10-18&f_heya_su=1&f_otona_su=1&f_s1=0&f_s2=0&f_y1=0&f_y2=0&f_y3=0&f_y4=0&f_camp_id=6630392,0,2026-10-17,17400,17400,0,2026-10-17,kitakyusyu
107728,Ｔａｂｉｓｔ　ホテルテトラ　北九州,https://img.travel.rakuten.co.jp/image/tr/api/re/pvonD/?f_no=107728,https://img.travel.rakuten.co.jp/image/tr/api/re/vFumt/?f_no=107728&f_flg=PLAN,https://img.travel.rakuten.co.jp/image/tr/api/re/WzozX/?noTomariHotel=107728,https://img.travel.rakuten.co.jp/image/tr/api/re/gJNfM/?f_hotel_no=107728,たびすと　ほてるてとら　きたきゅうしゅう,JR小倉駅より徒歩7分の好立地！岩盤サウナ・大浴場完備！コンビニ徒歩0分。ビジネスや観光の拠点におすすめです♪,5100,121966.79,471192.41,802-0004,福岡県,北九州市小倉北区鍛冶町1-9-8,093-531-3111,093-531-3190,JR小倉駅より徒歩7分。南口を出てモノレール沿いを進み、交差点左角の福岡ひびき信用金庫より左折。そのまま道なり。,・ホテル周辺にコインパーキングあり,小倉（福岡）,https://img.travel.rakuten.co.jp/share/HOTEL/107728/107728.jpg,https://img.travel.rakuten.co.jp/HIMG/90/107728.jpg,https://img.travel.rakuten.co.jp/share/HOTEL/107728/107728_sin.jpg,https://img.travel.rakuten.co.jp/HIMG/INTERIOR/107728.jpg,https://img.travel.rakuten.co.jp/share/HOTEL/107728/107728map.gif,3545.0,3.53,"大浴場はきれいに清…　2026-09-22 22:05:09投稿 <a href=""https://img.travel.rakuten.co.jp/image/tr/api/re/gJNfM/?f_hotel_no=107728"" class=""3click"">つづきはこちら</a>",sm_semid,【喫煙】セミダブルルーム,4853112.0,シンプル素泊りプラン洋室【大浴場無料 × 小倉駅から徒歩7分の好立地 × 小倉を満喫】（通年）,1,0,0,0,0,1,https://img.travel.rakuten.co.jp/image/tr/api/re/IdsCY/?f_no=107728&f_syu=sm_semid&f_hi1=2026-10-17&f_hi2=2026-10-18&f_heya_su=1&f_otona_su=1&f_s1=0&f_s2=0&f_y1=0&f_y2=0&f_y3=0&f_y4=0&f_camp_id=4853112,0,2026-10-17,16600,16600,0,2026-10-17,kitakyusyu
196483,ホテルリファレンス小倉駅前,https://img.travel.rakuten.co.jp/image/tr/api/re/pvonD/?f_no=196483,https://img.travel.rakuten.co.jp/image/tr/api/re/vFumt/?f_no=196483&f_flg=PLAN,https://img.travel.rakuten.co.jp/image/tr/api/re/WzozX/?noTomariHotel=196483,https://img.travel.rakuten.co.jp/image/tr/api/re/gJNfM/?f_hotel_no=196483,りふぁれんすこくらえきまえ,ＪＲ「小倉駅」から徒歩５分。北九州モノレール「平和通」から徒歩１分。２０２５年４月３０日（水）ＯＰＥＮ,5265,121969.57,471184.54,802-0004,福岡県,北九州市小倉北区鍛治町1-4-1,093-383-3090,--,ＪＲ　小倉駅より徒歩約５分,無し,小倉（福岡）,https://img.travel.rakuten.co.jp/share/HOTEL/196483/196483.jpg,https://img.travel.rakuten.co.jp/HIMG/90/196483.jpg,,,https://img.travel.rakuten.co.jp/share/HOTEL/196483/196483map.gif,383.0,4.25,"フロントの対応もすごく良…　2026-09-28 08:18:04投稿 <a href=""https://img.travel.rakuten.co.jp/image/tr/api/re/gJNfM/?f_hotel_no=196483"" class=""3click"">つづきはこちら</a>",db01,【禁煙】ダブルルームB【DB】,6486035.0,ゆったり♪かたつむりプラン【21時〜翌日12時までご滞在可能】※レイトチェックイン,1,0,0,1,0,1,https://img.travel.rakuten.co.jp/image/tr/api/re/IdsCY/?f_no=196483&f_syu=db01&f_hi1=2026-10-17&f_hi2=2026-10-18&f_heya_su=1&f_otona_su=1&f_s1=0&f_s2=0&f_y1=0&f_y2=0&f_y3=0&f_y4=0&f_camp_id=6486035,0,2026-10-17,18320,18320,0,2026-10-17,kitakyusyu
79492,ＨＯＴＥＬ　ＡＺ　北九州小倉店,https://img.travel.rakuten.co.jp/image/tr/api/re/pvonD/?f_no=79492,https://img.travel.rakuten.co.jp/image/tr/api/re/vFumt/?f_no=79492&f_flg=PLAN,https://img.travel.rakuten.co.jp/image/tr/api/re/WzozX/?noTomariHotel=79492,https://img.travel.rakuten.co.jp/image/tr/api/re/gJNfM/?f_hotel_no=79492,ほてる　えーぜっと　きたきゅうしゅうこくらてん,★無料駐車場254台完備♪大型車は有料。★朝食無料♪★小倉コロナワールドへは徒歩3分。★全室Ｗｉ-Ｆｉ・ＬＡＮ接続無料,5370,122023.83,471084.62,803-0801,福岡県,北九州市小倉北区西港町30-7,093-562-3311,093-562-3312,★JR小倉駅北口から車で10分 ★北九州都市高速　日明ＩＣ出口より１分（300ｍ）,無料駐車場254台あり　普通車：予約不要 、大型バス・2ｔ以上有料（予約制）,小倉（福岡）,https://img.travel.rakuten.co.jp/share/HOTEL/79492/79492.jpg,https://img.travel.rakuten.co.jp/HIMG/90/79492.jpg,https://img.travel.rakuten.co.jp/share/HOTEL/79492/79492_si.jpg,https://img.travel.rakuten.co.jp/HIMG/INTERIOR/79492.jpg,https://img.travel.rakuten.co.jp/share/HOTEL/79492/79492map.gif,1186.0,3.98,"泊まった日は、東京ガールズコレクションと男子バレーの試合が北九州で行われ、小倉駅前のホテルが取れなかったところ、AZさんは何とか空いていた上に、価格が変わらないので助かりました👍👍　2026-10-02 20:34:59投稿 <a href=""https://img.travel.rakuten.co.jp/image/tr/api/re/gJNfM/?f_hotel_no=79492"" class=""3click"">つづきはこちら</a>",s,【喫煙】シングル,6386221.0,【宿泊税込】スタンダードプラン（朝食サービス）,1,0,0,1,0,1,https://img.travel.rakuten.co.jp/image/tr/api/re/IdsCY/?f_no=79492&f_syu=s&f_hi1=2026-10-17&f_hi2=2026-10-18&f_heya_su=1&f_otona_su=1&f_s1=0&f_s2=0&f_y1=0&f_y2=0&f_y3=0&f_y4=0&f_camp_id=6386221,0,2026-10-17,6580,6580,0,2026-10-17,kitakyusyu
187260,ディライトステイ黒崎駅前,https://img.travel.rakuten.co.jp/image/tr/api/re/pvonD/?f_no=187260,https://img.travel.rakuten.co.jp/image/tr/api/re/vFumt/?f_no=187260&f_flg=PLAN,https://img.travel.rakuten.co.jp/image/tr/api/re/WzozX/?noTomariHotel=187260,https://img.travel.rakuten.co.jp/image/tr/api/re/gJNfM/?f_hotel_no=187260,でいらいとすていくろさきえきまえ,JR黒崎駅より徒歩1分。ビジネスに、観光に、様々な目的のため幅広くご利用いただけます。,3400,121905.68,470764.14,806-0021,福岡県,北九州市八幡西区黒崎3-7-19,093-616-9888,093-616-9933,JR黒崎駅より徒歩1分,有り　2台　先着順　1泊1000円,黒崎,https://img.travel.rakuten.co.jp/share/HOTEL/187260/187260.jpg,https://img.travel.rakuten.co.jp/HIMG/90/187260.jpg,,,https://img.travel.rakuten.co.jp/share/HOTEL/187260/187260map.gif,609.0,4.53,"ベッドもダブルで、基本2名の部屋だと思うけど、1人でこの価格はうれしい。設備も、バス（ちょっと狭いが十分）・トイレ（もちろん洗浄便座）別、電子レンジ、2ドア冷蔵庫、キッチン（ガスコンロ２口、使わなかっ…　2026-10-04 08:09:48投稿 <a href=""https://img.travel.rakuten.co.jp/image/tr/api/re/gJNfM/?f_hotel_no=187260"" class=""3click"">つづきはこちら</a>",0007,デラックスツイン　カップル　禁煙,5833136.0,カップル　ホテルプラン禁煙(1泊〜）,1,0,0,0,0,1,https://img.travel.rakuten.co.jp/image/tr/api/re/IdsCY/?f_no=187260&f_syu=0007&f_hi1=2026-10-17&f_hi2=2026-10-18&f_heya_su=1&f_otona_su=1&f_s1=0&f_s2=0&f_y1=0&f_y2=0&f_y3=0&f_y4=0&f_camp_id=5833136,0,2026-10-17,16000,16000,0,2026-10-17,kitakyusyu
145433,アパホテル〈小倉駅前〉,https://img.travel.rakuten.co.jp/image/tr/api/re/pvonD/?f_no=145433,https://img.travel.rakuten.co.jp/image/tr/api/re/vFumt/?f_no=145433&f_flg=PLAN,https://img.travel.rakuten.co.jp/image/tr/api/re/WzozX/?noTomariHotel=145433,https://img.travel.rakuten.co.jp/image/tr/api/re/gJNfM/?f_hotel_no=145433,あぱほてる　こくらえきまえ,【JR小倉駅から徒歩2分！！】西日本総合展示場・北九州メッセから徒歩6分の好立地。全室Ｗｉ-Ｆｉ！温水洗浄便座完備！,3600,121982.83,471196.63,802-0001,福岡県,北九州市小倉北区浅野2-14-65,0570-000-211,093-531-5120,小倉駅（新幹線口）から徒歩にて約2分,なし。【近隣駐車場をご案内させて頂きます】あるあるパーキング(ホテル北側)他 ,小倉（福岡）,https://img.travel.rakuten.co.jp/share/HOTEL/145433/145433.jpg,https://img.travel.rakuten.co.jp/HIMG/90/145433.jpg,https://img.travel.rakuten.co.jp/share/HOTEL/145433/145433_kan.jpg,https://img.travel.rakuten.co.jp/HIMG/INTERIOR/145433.jpg,https://img.travel.rakuten.co.jp/share/HOTEL/145433/145433map.gif,1491.0,3.93,"部屋の窓開けたりしてないのに…　2026-10-05 18:45:57投稿 <a href=""https://img.travel.rakuten.co.jp/image/tr/api/re/gJNfM/?f_hotel_no=145433"" class=""3click"">つづきはこちら</a>",xs1k,□ シングル □ 禁煙室 □,5193893.0,【素泊まり・事前決済限定】1秒チェックインにおすすめ！,1,0,0,0,0,2,https://img.travel.rakuten.co.jp/image/tr/api/re/IdsCY/?f_no=145433&f_syu=xs1k&f_hi1=2026-10-17&f_hi2=2026-10-18&f_heya_su=1&f_otona_su=1&f_s1=0&f_s2=0&f_y1=0&f_y2=0&f_y3=0&f_y4=0&f_camp_id=5193893,0,2026-10-17,15660,15660,0,2026-10-17,kitakyusyu
378,アーバンプレイスイン小倉,https://img.travel.rakuten.co.jp/image/tr/api/re/pvonD/?f_no=378,https://img.travel.rakuten.co.jp/image/tr/api/re/vFumt/?f_no=378&f_flg=PLAN,https://img.travel.rakuten.co.jp/image/tr/api/re/WzozX/?noTomariHotel=378,https://img.travel.rakuten.co.jp/image/tr/api/re/gJNfM/?f_hotel_no=378,あーばんぷれいすいんこくら,繁華街に隣接！コンビニ徒歩３０秒・ドン・キホーテ徒歩７分・ネット接続可・ウォシュレット完備・電子レンジ有,2240,121954.67,471191.54,802-0081,福岡県,北九州市小倉北区紺屋町11-20,093-551-7331,093-551-7333,■ＪＲ小倉駅より徒歩約１2分■モノレール旦過（たんが）駅より徒歩5分■北九州都市高速足立ＩＣからお車で約3分,"アプロパーク紺屋町(提携駐車場)※予約不可、入庫後24時間1,100円で出庫できる駐車券を販売",小倉（福岡）,https://img.travel.rakuten.co.jp/share/HOTEL/378/378.jpg,https://img.travel.rakuten.co.jp/HIMG/90/378.jpg,https://img.travel.rakuten.co.jp/share/HOTEL/378/378_sgl.jpg,https://img.travel.rakuten.co.jp/HIMG/INTERIOR/378.jpg,https://img.travel.rakuten.co.jp/share/HOTEL/378/378map.gif,2388.0,3.96,,esn,エコノミーシングル(禁煙),4877621.0,【出張や一人旅にもおすすめ♪】小倉の繁華街がすぐそこ☆素泊まりシンプルステイプラン！,1,0,0,0,0,1,https://img.travel.rakuten.co.jp/image/tr/api/re/IdsCY/?f_no=378&f_syu=esn&f_hi1=2026-10-17&f_hi2=2026-10-18&f_heya_su=1&f_otona_su=1&f_s1=0&f_s2=0&f_y1=0&f_y2=0&f_y3=0&f_y4=0&f_camp_id=4877621,0,2026-10-17,9000,9000,0,2026-10-17,kitakyusyu
68248,若松天然温泉「旅人の湯」ホテルルートイン北九州若松駅東,https://img.travel.rakuten.co.jp/image/tr/api/re/pvonD/?f_no=68248,https://img.travel.rakuten.co.jp/image/tr/api/re/vFumt/?f_no=68248&f_flg=PLAN,https://img.travel.rakuten.co.jp/image/tr/api/re/WzozX/?noTomariHotel=68248,https://img.travel.rakuten.co.jp/image/tr/api/re/gJNfM/?f_hotel_no=68248,わかまつてんねんおんせん　るーといんきたきゅうしゅうわかまつえきひがし,■天然温泉■バイキング朝食無料■駐車場無料（先着順）■全室ＷＯＷＯＷ■Wi-Fi■上層階コンフォートルームあり■,5375,122039.19,470916.69,808-0034,福岡県,北九州市若松区本町3-6-6,050-5576-8102,093-761-2811,JR筑豊本線 若松駅より徒歩約5分/九州道 八幡ICより約15km 車で約40分,無料駐車場73台（先着順）。満車の場合、近隣コインパーキング（有料）をご案内します。,若松,https://img.travel.rakuten.co.jp/share/HOTEL/68248/68248.jpg,https://img.travel.rakuten.co.jp/HIMG/90/68248.jpg,,,https://img.travel.rakuten.co.jp/share/HOTEL/68248/68248map.gif,948.0,4.13,"また利用させて頂きます♪　2026-10-02 12:26:02投稿 <a href=""https://img.travel.rakuten.co.jp/image/tr/api/re/gJNfM/?f_hotel_no=68248"" class=""3click"">つづきはこちら</a>",ns,【禁煙】シングルルーム ベット幅140,5443373.0,【事前カード決済がお得で早い】簡単チェックインでスムーズにお部屋へ■天然温泉大浴場■朝食無料■,1,0,0,1,0,2,https://img.travel.rakuten.co.jp/image/tr/api/re/IdsCY/?f_no=68248&f_syu=ns&f_hi1=2026-10-17&f_hi2=2026-10-18&f_heya_su=1&f_otona_su=1&f_s1=0&f_s2=0&f_y1=0&f_y2=0&f_y3=0&f_y4=0&f_camp_id=5443373,0,2026-10-17,12100,12100,0,2026-10-17,kitakyusyu
84718,炭酸泉　湧金の湯　スーパーホテル小倉駅南口,https://img.travel.rakuten.co.jp/image/tr/api/re/pvonD/?f_no=84718,https://img.travel.rakuten.co.jp/image/tr/api/re/vFumt/?f_no=84718&f_flg=PLAN,https://img.travel.rakuten.co.jp/image/tr/api/re/WzozX/?noTomariHotel=84718,https://img.travel.rakuten.co.jp/image/tr/api/re/gJNfM/?f_hotel_no=84718,たんさんせん　ゆうきんのゆ　すーぱーほてるこくらえきみなみぐち,小倉で唯一の炭酸泉浴場完備／JR小倉駅南口から徒歩約５分でアクセス良好／日替り朝食ビュッフェ無料,3300,121977.5,471172.41,802-0002,福岡県,北九州市小倉北区京町1-6-34,093-541-9000,093-541-9001,◇徒歩→ＪＲ小倉駅南口より約５分　◇お車→都市高速「小倉駅北」を降りて約３分の「APパーク小倉駅前」にお停め下さい。,APパーク小倉駅前(先着順)15時〜翌10時：900円※時間外20分毎100円加算,小倉（福岡）,https://img.travel.rakuten.co.jp/share/HOTEL/84718/84718.jpg,https://img.travel.rakuten.co.jp/HIMG/90/84718.jpg,https://img.travel.rakuten.co.jp/share/HOTEL/84718/84718_ru.jpg,https://img.travel.rakuten.co.jp/HIMG/INTERIOR/84718.jpg,https://img.travel.rakuten.co.jp/share/HOTEL/84718/84718map.gif,2235.0,4.12,"ウエルカムドリンク、…　2026-09-12 12:22:43投稿 <a href=""https://img.travel.rakuten.co.jp/image/tr/api/re/gJNfM/?f_hotel_no=84718"" class=""3click"">つづきはこちら</a>",0003,【禁煙】お部屋タイプお任せ,6504629.0,【返金不可】【オンライン決済限定】☆人工炭酸泉＆朝食ビュッフェ付,1,0,0,1,0,2,https://img.travel.rakuten.co.jp/image/tr/api/re/IdsCY/?f_no=84718&f_syu=0003&f_hi1=2026-10-17&f_hi2=2026-10-18&f_heya_su=1&f_otona_su=1&f_s1=0&f_s2=0&f_y1=0&f_y2=0&f_y3=0&f_y4=0&f_camp_id=6504629,0,2026-10-17,17500,17500,0,2026-10-17,kitakyusyu
187453,クインテッサホテル小倉　Ｃｏｍｉｃ＆Ｂｏｏｋｓ,https://img.travel.rakuten.co.jp/image/tr/api/re/pvonD/?f_no=187453,https://img.travel.rakuten.co.jp/image/tr/api/re/vFumt/?f_no=187453&f_flg=PLAN,https://img.travel.rakuten.co.jp/image/tr/api/re/WzozX/?noTomariHotel=187453,https://img.travel.rakuten.co.jp/image/tr/api/re/gJNfM/?f_hotel_no=187453,くいんてっさほてるこくら　こみっくあんどぶっくす,"小倉駅近アクセス良好。JR博多駅から新幹線で15分程。約10,000冊のMANGA読み放題  オリジナルカレーが楽しめる",4400,121985.04,471180.14,802-0001,福岡県,北九州市小倉北区浅野1-3-6,093-522-8800,093-522-8801,JR小倉新幹線口（北口）から徒歩2分、JR博多駅から新幹線で約15分、北九州空港からエアポートバスで約40分,先着17台（身障者用1台含む/予約不可）1泊（12：00〜翌11：00）1000円〜上限1500円,小倉（福岡）,https://img.travel.rakuten.co.jp/share/HOTEL/187453/187453.jpg,https://img.travel.rakuten.co.jp/HIMG/90/187453.jpg,,,https://img.travel.rakuten.co.jp/share/HOTEL/187453/187453map.gif,572.0,4.19,"カレー1色でしたが、夕食が食べられて助かりました。コスパが良いと思います　2026-09-28 14:23:54投稿 <a href=""https://img.travel.rakuten.co.jp/image/tr/api/re/gJNfM/?f_hotel_no=187453"" class=""3click"">つづきはこちら</a>",san,セミダブルルーム,5970936.0,【楽パック★スペシャル】MANGA読み放題＆カレー食べ放題！カップルやお友達でのご利用に,1,0,0,1,0,1,https://img.travel.rakuten.co.jp/image/tr/api/re/IdsCY/?f_no=187453&f_syu=san&f_hi1=2026-10-17&f_hi2=2026-10-18&f_heya_su=1&f_otona_su=1&f_s1=0&f_s2=0&f_y1=0&f_y2=0&f_y3=0&f_y4=0&f_camp_id=5970936,0,2026-10-17,21200,21200,0,2026-10-17,kitakyusyu
111,リーガロイヤルホテル小倉,https://img.travel.rakuten.co.jp/image/tr/api/re/pvonD/?f_no=111,https://img.travel.rakuten.co.jp/image/tr/api/re/vFumt/?f_no=111&f_flg=PLAN,https://img.travel.rakuten.co.jp/image/tr/api/re/WzozX/?noTomariHotel=111,https://img.travel.rakuten.co.jp/image/tr/api/re/gJNfM/?f_hotel_no=111,りーがろいやるほてる　こくら,全室30平米以上・14階以上の高層シティホテル♪全室Wi-Fi無料！☆こだわりの朝食ブッフェ,7827,121986.38,471193.0,802-0001,福岡県,北九州市小倉北区浅野2-14-2,093-531-1121,093-521-2730,JR小倉駅新幹線口から直結徒歩3分、JR博多駅から新幹線で約15分、福岡空港からも好アクセス。,164台  1泊￥1600税込,小倉（福岡）,https://img.travel.rakuten.co.jp/share/HOTEL/111/111.jpg,https://img.travel.rakuten.co.jp/HIMG/90/111.jpg,https://img.travel.rakuten.co.jp/share/HOTEL/111/111_heya.jpg,https://img.travel.rakuten.co.jp/HIMG/INTERIOR/111.jpg,https://img.travel.rakuten.co.jp/share/HOTEL/111/111map.gif,5104.0,4.4,"高層階希望の希望を伝え忘れていましたが21階の…　2026-09-29 19:36:03投稿 <a href=""https://img.travel.rakuten.co.jp/image/tr/api/re/gJNfM/?f_hotel_no=111"" class=""3click"">つづきはこちら</a>",om,お部屋タイプおまかせ（30平米以上） ,4387508.0,お部屋タイプおまかせプラン☆素泊り☆,1,0,0,0,0,1,https://img.travel.rakuten.co.jp/image/tr/api/re/IdsCY/?f_no=111&f_syu=om&f_hi1=2026-10-17&f_hi2=2026-10-18&f_heya_su=1&f_otona_su=1&f_s1=0&f_s2=0&f_y1=0&f_y2=0&f_y3=0&f_y4=0&f_camp_id=4387508,0,2026-10-17,32820,32820,0,2026-10-17,kitakyusyu
144951,ＨＯＴＥＬ　ＡＺ　北九州若松店,https://img.travel.rakuten.co.jp/image/tr/api/re/pvonD/?f_no=144951,https://img.travel.rakuten.co.jp/image/tr/api/re/vFumt/?f_no=144951&f_flg=PLAN,https://img.travel.rakuten.co.jp/image/tr/api/re/WzozX/?noTomariHotel=144951,https://img.travel.rakuten.co.jp/image/tr/api/re/gJNfM/?f_hotel_no=144951,ほてる　えーぜっと　きたきゅうしゅうわかまつてん,北九州都市高速　若戸大橋ICより車で約17分。無料平面駐車場無料★朝食無料★インターネット接続無料,4710,121994.95,470682.22,808-0103,福岡県,北九州市若松区二島１-4-20,093-701-3303,093-701-3304,ＪＲ　二島駅より徒歩にて７分,無料駐車場56台あり　普通車：予約不要 、中型車・大型車：要予約（有料）,二島,https://img.travel.rakuten.co.jp/share/HOTEL/144951/144951.jpg,https://img.travel.rakuten.co.jp/HIMG/90/144951.jpg,https://img.travel.rakuten.co.jp/share/HOTEL/144951/144951_kya1.jpg,https://img.travel.rakuten.co.jp/HIMG/INTERIOR/144951.jpg,https://img.travel.rakuten.co.jp/share/HOTEL/144951/144951map.gif,414.0,3.95,"朝食が美味しいかった。イオンモールも近く買い物にも便利だった。　2026-10-05 16:50:42投稿 <a href=""https://img.travel.rakuten.co.jp/image/tr/api/re/gJNfM/?f_hotel_no=144951"" class=""3click"">つづきはこちら</a>",006,【喫煙】2段ベッド,6386248.0,【宿泊税込】スタンダードプラン（朝食サービス）,1,0,0,1,0,1,https://img.travel.rakuten.co.jp/image/tr/api/re/IdsCY/?f_no=144951&f_syu=006&f_hi1=2026-10-17&f_hi2=2026-10-18&f_heya_su=1&f_otona_su=1&f_s1=0&f_s2=0&f_y1=0&f_y2=0&f_y3=0&f_y4=0&f_camp_id=6386248,0,2026-10-17,6580,6580,0,2026-10-17,kitakyusyu
16289,アーバンホテル　かじまち,https://img.travel.rakuten.co.jp/image/tr/api/re/pvonD/?f_no=16289,https://img.travel.rakuten.co.jp/image/tr/api/re/vFumt/?f_no=16289&f_flg=PLAN,https://img.travel.rakuten.co.jp/image/tr/api/re/WzozX/?noTomariHotel=16289,https://img.travel.rakuten.co.jp/image/tr/api/re/gJNfM/?f_hotel_no=16289,あーばんほてる　かじまち,ＪＲ小倉駅南口から徒歩5分。立地は最高。ホテル周辺は小倉の味を代表する名店が勢揃い。森鴎外旧居・小倉城徒歩圏内。,3000,121967.75,471188.69,802-0004,福岡県,北九州市小倉北区鍛冶町1-5-13,093-551-8881,093-551-9888,◆ＪＲ小倉駅南口を出て、モノレール通り小倉駅前交差点を左折。詳しくはトップ画面アクセスページでご確認を◆,"提携駐車場有り。900円〜1,000円※駐車場先で料金・時間帯等の内容が異なる。",小倉（福岡）,https://img.travel.rakuten.co.jp/share/HOTEL/16289/16289.jpg,https://img.travel.rakuten.co.jp/HIMG/90/16289.jpg,https://img.travel.rakuten.co.jp/share/HOTEL/16289/16289_sig.jpg,https://img.travel.rakuten.co.jp/HIMG/INTERIOR/16289.jpg,https://img.travel.rakuten.co.jp/share/HOTEL/16289/16289map.gif,1129.0,3.93,"対応が丁寧で、とても過ごしやすいです。　2026-09-17 11:28:22投稿 <a href=""https://img.travel.rakuten.co.jp/image/tr/api/re/gJNfM/?f_hotel_no=16289"" class=""3click"">つづきはこちら</a>",s12,シングル（禁煙室）,1644868.0,スタンダードプラン【シングル素泊まり】♪ダブルベッドでゆったり♪,1,0,0,0,0,1,https://img.travel.rakuten.co.jp/image/tr/api/re/IdsCY/?f_no=16289&f_syu=s12&f_hi1=2026-10-17&f_hi2=2026-10-18&f_heya_su=1&f_otona_su=1&f_s1=0&f_s2=0&f_y1=0&f_y2=0&f_y3=0&f_y4=0&f_camp_id=1644868,0,2026-10-17,12000,12000,0,2026-10-17,kitakyusyu
168783,アートホテル小倉　ニュータガワ,https://img.travel.rakuten.co.jp/image/tr/api/re/pvonD/?f_no=168783,https://img.travel.rakuten.co.jp/image/tr/api/re/vFumt/?f_no=168783&f_flg=PLAN,https://img.travel.rakuten.co.jp/image/tr/api/re/WzozX/?noTomariHotel=168783,https://img.travel.rakuten.co.jp/image/tr/api/re/gJNfM/?f_hotel_no=168783,あーとほてるこくら　にゅーたがわ,小倉の街中に位置　小倉駅徒歩8分！全室無料Wi-Fi、空気清浄機、全機種用充電器完備！和洋ビュッフェ　癒しの日本庭園散策,4860,121954.48,471180.78,802-0082,福岡県,北九州市小倉北区古船場町3-46,093-521-7000,093-521-7522,ＪＲ小倉駅より徒歩にて約８分／モノレール旦過駅より徒歩2分,提携駐車場有　３１０台　１5００円（税込／泊)　※出入庫不可　その他近隣コインパーキング有,小倉（福岡）,https://img.travel.rakuten.co.jp/share/HOTEL/168783/168783.jpg,https://img.travel.rakuten.co.jp/HIMG/90/168783.jpg,,,https://img.travel.rakuten.co.jp/share/HOTEL/168783/168783map.gif,1113.0,3.99,"初めて利用させていただきました。モノレール旦過駅が近く、移動にも困らなそう。子供も一緒に宿泊でしたが、特に不自由なく過ごすことができました。朝食はバイキング方式で、九州のグルメもいろいろあり美味しくい…　2026-09-28 23:04:01投稿 <a href=""https://img.travel.rakuten.co.jp/image/tr/api/re/gJNfM/?f_hotel_no=168783"" class=""3click"">つづきはこちら</a>",m1n,【禁煙】スタンダードセミダブル （大人定員2名様）,5576202.0,【ベストレート／朝食付き】歴史ある日本庭園を眺めながら朝食を／和洋ビュッフェ,1,0,0,1,0,1,https://img.travel.rakuten.co.jp/image/tr/api/re/IdsCY/?f_no=168783&f_syu=m1n&f_hi1=2026-10-17&f_hi2=2026-10-18&f_heya_su=1&f_otona_su=1&f_s1=0&f_s2=0&f_y1=0&f_y2=0&f_y3=0&f_y4=0&f_camp_id=5576202,0,2026-10-17,22570,22570,0,2026-10-17,kitakyusyu
1225,ホテルポート門司,https://img.travel.rakuten.co.jp/image/tr/api/re/pvonD/?f_no=1225,https://img.travel.rakuten.co.jp/image/tr/api/re/vFumt/?f_no=1225&f_flg=PLAN,https://img.travel.rakuten.co.jp/image/tr/api/re/WzozX/?noTomariHotel=1225,https://img.travel.rakuten.co.jp/image/tr/api/re/gJNfM/?f_hotel_no=1225,ぽーと　もじ,海峡花火会場徒歩圏内｜門司港レトロ徒歩５分｜駐車場無料｜アダルトｃｈ無料放送｜漫画６０００冊読み放題,3900,122194.07,471491.38,801-0863,福岡県,北九州市門司区栄町11-29,093-331-0112,093-331-1004,鹿児島本線門司港駅から徒歩10分。九州道門司ICから車で10分。関門トンネル門司側入り口車で1分。,有り　15台　普通車のみ　要予約（無料）,門司港,https://img.travel.rakuten.co.jp/share/HOTEL/1225/1225.jpg,https://img.travel.rakuten.co.jp/HIMG/90/1225.jpg,https://img.travel.rakuten.co.jp/share/HOTEL/1225/1225_room.jpg,https://img.travel.rakuten.co.jp/HIMG/INTERIOR/1225.jpg,https://img.travel.rakuten.co.jp/share/HOTEL/1225/1225map.gif,1130.0,4.09,,single08,【喫煙】シングルルーム(1bed),1163055.0,05【朝食無】【駐車場利用可】    現金支払限定プラン　【子供不可】,1,0,0,0,0,0,https://img.travel.rakuten.co.jp/image/tr/api/re/IdsCY/?f_no=1225&f_syu=single08&f_hi1=2026-10-17&f_hi2=2026-10-18&f_heya_su=1&f_otona_su=1&f_s1=0&f_s2=0&f_y1=0&f_y2=0&f_y3=0&f_y4=0&f_camp_id=1163055,0,2026-10-17,8600,8600,0,2026-10-17,kitakyusyu
25112,サウナ＆カプセルホテル　グリーンランド小倉,https://img.travel.rakuten.co.jp/image/tr/api/re/pvonD/?f_no=25112,https://img.travel.rakuten.co.jp/image/tr/api/re/vFumt/?f_no=25112&f_flg=PLAN,,https://img.travel.rakuten.co.jp/image/tr/api/re/gJNfM/?f_hotel_no=25112,さうなあんどかぷせるほてる　ぐりーんらんど　こくら,【24H風呂サウナ入り放題】【WiFi無料】【コンビニ徒歩1分】北九州最大のサウナ＆カプセルホテル。,3500,121978.33,471176.59,802-0002,福岡県,北九州市小倉北区京町2-1-7,093-521-6211,093-521-6357,ＪＲ鹿児島本線・小倉駅〜徒歩２分,無し ,小倉（福岡）,https://img.travel.rakuten.co.jp/share/HOTEL/25112/25112.jpg,https://img.travel.rakuten.co.jp/HIMG/90/25112.jpg,https://img.travel.rakuten.co.jp/share/HOTEL/25112/25112_b.jpg,https://img.travel.rakuten.co.jp/HIMG/INTERIOR/25112.jpg,https://img.travel.rakuten.co.jp/share/HOTEL/25112/25112map.gif,571.0,3.91,"手荷物を預けてから花火見物して、ホテルに戻ってから一汗流して併設のレストランで飲食出来て大満足でした。　2026-09-27 18:58:59投稿 <a href=""https://img.travel.rakuten.co.jp/image/tr/api/re/gJNfM/?f_hotel_no=25112"" class=""3click"">つづきはこちら</a>",gl0002,【男性のお客様専用】カプセルルームご宿泊,5676646.0,【男性のお客様専用】 　カプセルームご宿泊プラン　（女性のお客様はご利用頂けません。）,1,0,0,0,0,1,https://img.travel.rakuten.co.jp/image/tr/api/re/IdsCY/?f_no=25112&f_syu=gl0002&f_hi1=2026-10-17&f_hi2=2026-10-18&f_heya_su=1&f_otona_su=1&f_s1=0&f_s2=0&f_y1=0&f_y2=0&f_y3=0&f_y4=0&f_camp_id=5676646,0,2026-10-17,5600,5600,1,2026-10-17,kitakyusyu
390,リコホテル小倉,https://img.travel.rakuten.co.jp/image/tr/api/re/pvonD/?f_no=390,https://img.travel.rakuten.co.jp/image/tr/api/re/vFumt/?f_no=390&f_flg=PLAN,https://img.travel.rakuten.co.jp/image/tr/api/re/WzozX/?noTomariHotel=390,https://img.travel.rakuten.co.jp/image/tr/api/re/gJNfM/?f_hotel_no=390,りこほてる　こくら,小倉駅より歩いて３分、ビジネスに便利！　ホテル１Fにライブハウスあり！（シャンソン・ジャズ・クラシックが主です）,5800,121981.69,471174.35,802-0008,福岡県,北九州市小倉北区船頭町3-31,093-521-4444,093-521-6839,ＪＲ「小倉駅 」南口より徒歩３分　北九州空港　車で４０分,有り　12台　一回900円（予約不可）  トラック・バス不可　移動させる為、車の鍵をお預りします。,小倉（福岡）,https://img.travel.rakuten.co.jp/share/HOTEL/390/390.jpg,https://img.travel.rakuten.co.jp/HIMG/90/390.jpg,https://img.travel.rakuten.co.jp/share/HOTEL/390/390_sgl.gif,https://img.travel.rakuten.co.jp/HIMG/INTERIOR/390.gif,https://img.travel.rakuten.co.jp/share/HOTEL/390/390map.gif,1306.0,3.01,,sbf2,WiFi対応【禁煙】シングルルームBF,4411155.0,得々プラン！　朝カレー付 　,1,0,0,1,0,1,https://img.travel.rakuten.co.jp/image/tr/api/re/IdsCY/?f_no=390&f_syu=sbf2&f_hi1=2026-10-17&f_hi2=2026-10-18&f_heya_su=1&f_otona_su=1&f_s1=0&f_s2=0&f_y1=0&f_y2=0&f_y3=0&f_y4=0&f_camp_id=4411155,0,2026-10-17,8800,8800,1,2026-10-17,kitakyusyu
181251,ホテルリブマックス小倉駅前,https://img.travel.rakuten.co.jp/image/tr/api/re/pvonD/?f_no=181251,https://img.travel.rakuten.co.jp/image/tr/api/re/vFumt/?f_no=181251&f_flg=PLAN,https://img.travel.rakuten.co.jp/image/tr/api/re/WzozX/?noTomariHotel=181251,https://img.travel.rakuten.co.jp/image/tr/api/re/gJNfM/?f_hotel_no=181251,りぶまっくすこくらえきまえ,2020年10月グランドオープン！小倉駅徒歩３０秒！非対面チェックイン機導入済 全客室充実のルームアイテムを採用♪,3825,121980.47,471179.92,802-0002,福岡県,北九州市小倉北区京町2-3-2,093-511-3350,093-511-3351,ＪＲ　小倉駅　小倉城口　目の前のロータリーより徒歩にてすぐ！！（駅近の好立地ホテル）,無し,小倉（福岡）,https://img.travel.rakuten.co.jp/share/HOTEL/181251/181251.jpg,https://img.travel.rakuten.co.jp/HIMG/90/181251.jpg,,,https://img.travel.rakuten.co.jp/share/HOTEL/181251/181251map.gif,386.0,3.82,"ホテルも綺麗に掃除してあり快適に過ごせてよかったとのこと。大変お世話になりました。　2026-09-07 14:58:39投稿 <a href=""https://img.travel.rakuten.co.jp/image/tr/api/re/gJNfM/?f_hotel_no=181251"" class=""3click"">つづきはこちら</a>",sin-s,☆シングルルーム禁煙☆ベッド幅120cm×195cm☆1台☆,5722173.0,【リブマックスセール】《15％OFF》ホテルリブマックス小倉駅前【素泊り】,1,0,0,0,0,1,https://img.travel.rakuten.co.jp/image/tr/api/re/IdsCY/?f_no=181251&f_syu=sin-s&f_hi1=2026-10-17&f_hi2=2026-10-18&f_heya_su=1&f_otona_su=1&f_s1=0&f_s2=0&f_y1=0&f_y2=0&f_y3=0&f_y4=0&f_camp_id=5722173,0,2026-10-17,25500,25500,0,2026-10-17,kitakyusyu
129486,照葉スパリゾート門司店,https://img.travel.rakuten.co.jp/image/tr/api/re/pvonD/?f_no=129486,https://img.travel.rakuten.co.jp/image/tr/api/re/vFumt/?f_no=129486&f_flg=PLAN,https://img.travel.rakuten.co.jp/image/tr/api/re/WzozX/?noTomariHotel=129486,https://img.travel.rakuten.co.jp/image/tr/api/re/gJNfM/?f_hotel_no=129486,てりは　すぱりぞーと　もじてん,関門海峡を望む海沿いのホテルです。「門司港レトロ」まで車で15分と好アクセス,9300,122039.37,471345.85,800-0063,福岡県,北九州市門司区大里本町3-13-26,093-382-1010,093-382-1011,門司駅より徒歩にて10分　現在、当施設の巡回バスは運休中となっております。　公共交通機関をご利用の上ご来館ください。,有り　無料,門司,https://img.travel.rakuten.co.jp/share/HOTEL/129486/129486.jpg,https://img.travel.rakuten.co.jp/HIMG/90/129486.jpg,https://img.travel.rakuten.co.jp/share/HOTEL/129486/129486_ru.jpg,https://img.travel.rakuten.co.jp/HIMG/INTERIOR/129486.jpg,https://img.travel.rakuten.co.jp/share/HOTEL/129486/129486map.gif,666.0,4.03,"いろいろなメーカーのドライヤーがあったりで気になっていたメーカーのドライ…　2026-09-25 14:53:47投稿 <a href=""https://img.travel.rakuten.co.jp/image/tr/api/re/gJNfM/?f_hotel_no=129486"" class=""3click"">つづきはこちら</a>",ss,スタンダードダブル（山側）,6520003.0,朝食ビュッフェ無料！〈岩盤浴付〉1日満喫プラン,1,0,0,0,0,1,https://img.travel.rakuten.co.jp/image/tr/api/re/IdsCY/?f_no=129486&f_syu=ss&f_hi1=2026-10-17&f_hi2=2026-10-18&f_heya_su=1&f_otona_su=1&f_s1=0&f_s2=0&f_y1=0&f_y2=0&f_y3=0&f_y4=0&f_camp_id=6520003,0,2026-10-17,17300,17300,0,2026-10-17,kitakyusyu
3164,プレミアホテル門司港,https://img.travel.rakuten.co.jp/image/tr/api/re/pvonD/?f_no=3164,https://img.travel.rakuten.co.jp/image/tr/api/re/vFumt/?f_no=3164&f_flg=PLAN,https://img.travel.rakuten.co.jp/image/tr/api/re/WzozX/?noTomariHotel=3164,https://img.travel.rakuten.co.jp/image/tr/api/re/gJNfM/?f_hotel_no=3164,もじこうほてる,門司港駅から徒歩2分！門司港レトロ地区の中心に位置するデザイナーズホテル♪高評価ブッフェ朝食と客室からの眺望が自慢！,7735,122195.69,471472.7,801-8503,福岡県,北九州市門司区港町9-11,093-321-1111,093-321-7111,【JR】 門司港駅から徒歩約2分（JR小倉駅から3駅15分で門司港駅到着）、【車】九州自動車道門司ICから約8分,"65台　1泊\1,100円（税込） ／ チェックアウト日の12時まで駐車可能です",門司港,https://img.travel.rakuten.co.jp/share/HOTEL/3164/3164.jpg,https://img.travel.rakuten.co.jp/HIMG/90/3164.jpg,https://img.travel.rakuten.co.jp/share/HOTEL/3164/3164_heya1.jpg,https://img.travel.rakuten.co.jp/HIMG/INTERIOR/3164.jpg,https://img.travel.rakuten.co.jp/share/HOTEL/3164/3164map.gif,3684.0,4.48,"以前イタリアンのランチを食べた時は見た目も綺麗でとても美味しかったのですが、今回の夕食は期待が大きかっただけにちょっと残念！　2026-09-20 17:48:51投稿 <a href=""https://img.travel.rakuten.co.jp/image/tr/api/re/gJNfM/?f_hotel_no=3164"" class=""3click"">つづきはこちら</a>",twnb,ツイン 『レトロ街側』22平米/BED110cm x 2台,5081684.0,【スタンダード】シンプルステイ 素泊まりプラン（食事なし）,1,0,0,0,0,1,https://img.travel.rakuten.co.jp/image/tr/api/re/IdsCY/?f_no=3164&f_syu=twnb&f_hi1=2026-10-17&f_hi2=2026-10-18&f_heya_su=1&f_otona_su=1&f_s1=0&f_s2=0&f_y1=0&f_y2=0&f_y3=0&f_y4=0&f_camp_id=5081684,0,2026-10-17,42700,42700,0,2026-10-17,kitakyusyu
187404,リリーフ小倉ＡＮＮＥＸ　ＢＯＯＫ＆ＳＴＡＹ,https://img.travel.rakuten.co.jp/image/tr/api/re/pvonD/?f_no=187404,https://img.travel.rakuten.co.jp/image/tr/api/re/vFumt/?f_no=187404&f_flg=PLAN,,https://img.travel.rakuten.co.jp/image/tr/api/re/gJNfM/?f_hotel_no=187404,りりーふこくらあねっくすぶっくあんどすてい,「食べて」「休んで」「くつろいで」が全部詰まった泊まれるネットカフェ。,2500,121958.11,471193.79,802-0081,福岡県,北九州市小倉北区紺屋町12-16,093-521-5006,093-521-5013,小倉駅より徒歩10分,無し,小倉（福岡）,https://img.travel.rakuten.co.jp/share/HOTEL/187404/187404.jpg,https://img.travel.rakuten.co.jp/HIMG/90/187404.jpg,,,https://img.travel.rakuten.co.jp/share/HOTEL/187404/187404map.gif,311.0,3.84,"…　2026-09-29 19:09:17投稿 <a href=""https://img.travel.rakuten.co.jp/image/tr/api/re/gJNfM/?f_hotel_no=187404"" class=""3click"">つづきはこちら</a>",mid,ミッドナイト【禁煙】全室鍵付個室◇キャビンタイプおまかせ,5730082.0,20時以降のレイトインでお得にご宿泊♪【コミック4万冊＆ラウンジ】全室鍵付◇PC完備の広々キャビン,1,0,0,0,0,1,https://img.travel.rakuten.co.jp/image/tr/api/re/IdsCY/?f_no=187404&f_syu=mid&f_hi1=2026-10-17&f_hi2=2026-10-18&f_heya_su=1&f_otona_su=1&f_s1=0&f_s2=0&f_y1=0&f_y2=0&f_y3=0&f_y4=0&f_camp_id=5730082,0,2026-10-17,7800,7800,0,2026-10-17,kitakyusyu
5546,ホテルクラウンパレス小倉,https://img.travel.rakuten.co.jp/image/tr/api/re/pvonD/?f_no=5546,https://img.travel.rakuten.co.jp/image/tr/api/re/vFumt/?f_no=5546&f_flg=PLAN,https://img.travel.rakuten.co.jp/image/tr/api/re/WzozX/?noTomariHotel=5546,https://img.travel.rakuten.co.jp/image/tr/api/re/gJNfM/?f_hotel_no=5546,ほてるくらうんぱれすこくら,『環境未来都市・北九州市』の中心地。紫川沿いに位置し徒歩圏内に観光施設多数あり♪コンビニはホテルの目の前！,3900,121963.3,471166.57,802-0077,福岡県,北九州市小倉北区馬借1-2-1,093-511-4111,093-511-4112,小倉駅から徒歩11分、お車3分、バス5分（詳細は施設紹介「アクセス・駐車場」項目をご覧ください）,"有り／1泊1,100円（税込・先着順）※12/1宿泊より1泊1,500円（税込・先着順）",小倉（福岡）,https://img.travel.rakuten.co.jp/share/HOTEL/5546/5546.jpg,https://img.travel.rakuten.co.jp/HIMG/90/5546.jpg,https://img.travel.rakuten.co.jp/share/HOTEL/5546/5546_heya.jpg,https://img.travel.rakuten.co.jp/HIMG/INTERIOR/5546.jpg,https://img.travel.rakuten.co.jp/share/HOTEL/5546/5546map.gif,1868.0,4.15,,double,禁煙ダブルルーム【24.5平米】＜川側＞,4407111.0,【スタンダード】小倉ゆったりステイ＜朝食付＞,1,0,0,1,0,1,https://img.travel.rakuten.co.jp/image/tr/api/re/IdsCY/?f_no=5546&f_syu=double&f_hi1=2026-10-17&f_hi2=2026-10-18&f_heya_su=1&f_otona_su=1&f_s1=0&f_s2=0&f_y1=0&f_y2=0&f_y3=0&f_y4=0&f_camp_id=4407111,0,2026-10-17,16900,16900,0,2026-10-17,kitakyusyu
189091,ホテルリリーフ小倉ＡＮＮＥＸ,https://img.travel.rakuten.co.jp/image/tr/api/re/pvonD/?f_no=189091,https://img.travel.rakuten.co.jp/image/tr/api/re/vFumt/?f_no=189091&f_flg=PLAN,https://img.travel.rakuten.co.jp/image/tr/api/re/WzozX/?noTomariHotel=189091,https://img.travel.rakuten.co.jp/image/tr/api/re/gJNfM/?f_hotel_no=189091,りりーふこくらあねっくす,宿泊業界最大級の４万冊以上のコミックを保有！２４時間フリーフード＆フリードリンクが無料！,2290,121958.11,471193.79,802-0081,福岡県,北九州市小倉北区紺屋町12-16,093-521-5006,000-000-0000,小倉駅より徒歩約１５分、旦過駅より徒歩約８分,"有り：２台　15時〜翌朝10時迄：1,000円【要予約】",小倉（福岡）,https://img.travel.rakuten.co.jp/share/HOTEL/189091/189091.jpg,https://img.travel.rakuten.co.jp/HIMG/90/189091.jpg,,,https://img.travel.rakuten.co.jp/share/HOTEL/189091/189091map.gif,301.0,4.03,"とてもキレイで満足　2026-10-07 13:12:09投稿 <a href=""https://img.travel.rakuten.co.jp/image/tr/api/re/gJNfM/?f_hotel_no=189091"" class=""3click"">つづきはこちら</a>",nmid,レイトイン【禁煙】部屋タイプおまかせ/定員1~2名,5893533.0,2名様まで同料金!!【20時レイトインがお得◆お部屋おまかせ】コミック4万冊＆フリーラウンジ♪,1,0,0,1,0,1,https://img.travel.rakuten.co.jp/image/tr/api/re/IdsCY/?f_no=189091&f_syu=nmid&f_hi1=2026-10-17&f_hi2=2026-10-18&f_heya_su=1&f_otona_su=1&f_s1=0&f_s2=0&f_y1=0&f_y2=0&f_y3=0&f_y4=0&f_camp_id=5893533,0,2026-10-17,23400,23400,0,2026-10-17,kitakyusyu
44272,ビジネスホテル門司,https://img.travel.rakuten.co.jp/image/tr/api/re/pvonD/?f_no=44272,https://img.travel.rakuten.co.jp/image/tr/api/re/vFumt/?f_no=44272&f_flg=PLAN,https://img.travel.rakuten.co.jp/image/tr/api/re/WzozX/?noTomariHotel=44272,https://img.travel.rakuten.co.jp/image/tr/api/re/gJNfM/?f_hotel_no=44272,もじ,総合評価★★★★4つ星♪門司駅前に位置。新小文字病院徒歩10分。アットホームな雰囲気で常連客多い。朝食サービスも好評。,3200,122039.82,471371.6,800-0025,福岡県,北九州市門司区柳町2-2-13,093-391-7773,093-391-4455,ＪＲ　門司駅南口より徒歩で1分／都市高速　大里インターより車で５分　新小文字病院徒歩10分,有料： タイムズ（ホテル横）600円・ドゥリベール（ホテルはす向かい）3台あり　1台500円　,門司,https://img.travel.rakuten.co.jp/share/HOTEL/44272/44272.jpg,https://img.travel.rakuten.co.jp/HIMG/90/44272.jpg,https://img.travel.rakuten.co.jp/share/HOTEL/44272/44272_wa.jpg,https://img.travel.rakuten.co.jp/HIMG/INTERIOR/44272.jpg,https://img.travel.rakuten.co.jp/share/HOTEL/44272/44272map.gif,512.0,4.02,"ありがとうございました　2026-09-30 08:26:30投稿 <a href=""https://img.travel.rakuten.co.jp/image/tr/api/re/gJNfM/?f_hotel_no=44272"" class=""3click"">つづきはこちら</a>",y1-2,洋室（朝食付）◆門司駅南口より徒歩1分◆,2663020.0,シングルプラン◆大人気♪朝ごはん(モーニング)付◆門司駅南口より徒歩１分◆「予約時確認事項あり」,1,0,0,1,0,1,https://img.travel.rakuten.co.jp/image/tr/api/re/IdsCY/?f_no=44272&f_syu=y1-2&f_hi1=2026-10-17&f_hi2=2026-10-18&f_heya_su=1&f_otona_su=1&f_s1=0&f_s2=0&f_y1=0&f_y2=0&f_y3=0&f_y4=0&f_camp_id=2663020,0,2026-10-17,4800,4800,0,2026-10-17,kitakyusyu
185112,Ｒａｋｕｔｅｎ　ＳＴＡＹ　小倉駅前,https://img.travel.rakuten.co.jp/image/tr/api/re/pvonD/?f_no=185112,https://img.travel.rakuten.co.jp/image/tr/api/re/vFumt/?f_no=185112&f_flg=PLAN,https://img.travel.rakuten.co.jp/image/tr/api/re/WzozX/?noTomariHotel=185112,https://img.travel.rakuten.co.jp/image/tr/api/re/gJNfM/?f_hotel_no=185112,らくてんすてい　こくらえきまえ,【最大6名まで宿泊可能】全部屋30㎡以上の広々とした客室には、キッチン付きのお部屋も。  小倉駅から約5分の好立地！,2625,121971.51,471190.0,802-0003,福岡県,北九州市小倉北区米町1-3-14　Ｒａｋｕｔｅｎ　ＳＴＡＹ小倉駅前,050-1750-9719,00-0000-0000,JR小倉駅から徒歩約5分　 JR小倉駅 小倉城口を出てセントシティ奥を左折、米町公園の向かいまで約200ｍ直進,無し,平和通,https://img.travel.rakuten.co.jp/share/HOTEL/185112/185112.jpg,https://img.travel.rakuten.co.jp/HIMG/90/185112.jpg,,,https://img.travel.rakuten.co.jp/share/HOTEL/185112/185112map.gif,281.0,4.21,"iPadでチェックイ…　2026-10-05 22:00:41投稿 <a href=""https://img.travel.rakuten.co.jp/image/tr/api/re/gJNfM/?f_hotel_no=185112"" class=""3click"">つづきはこちら</a>",002,スタンダードツイン,6624759.0,全室30平米〜54平米以上　洗い場付きバス、キッチン完備♪ ※予約時確認事項あり,1,0,0,0,0,2,https://img.travel.rakuten.co.jp/image/tr/api/re/IdsCY/?f_no=185112&f_syu=002&f_hi1=2026-10-17&f_hi2=2026-10-18&f_heya_su=1&f_otona_su=1&f_s1=0&f_s2=0&f_y1=0&f_y2=0&f_y3=0&f_y4=0&f_camp_id=6624759,0,2026-10-17,45000,45000,0,2026-10-17,kitakyusyu
134895,ＨＯＴＥＬ　ＡＺ　北九州新門司港店,https://img.travel.rakuten.co.jp/image/tr/api/re/pvonD/?f_no=134895,https://img.travel.rakuten.co.jp/image/tr/api/re/vFumt/?f_no=134895&f_flg=PLAN,https://img.travel.rakuten.co.jp/image/tr/api/re/WzozX/?noTomariHotel=134895,https://img.travel.rakuten.co.jp/image/tr/api/re/gJNfM/?f_hotel_no=134895,ほてる　えーぜっと　きたきゅうしゅう　しんもじこうてん,九州自動車道　新門司ＩＣから車で約5分、新門司港へは車で約7分！朝食無料☆駐車場無料（大型車有料）☆,5480,121917.1,471520.21,800-0114,福岡県,北九州市門司区吉志1丁目25-5,093-483-1301,093-483-1302,ＪＲ　門司駅から車で約20分,無料駐車場47台あり　普通車：予約不要 、中型車・大型車：要予約（有料）,門司,https://img.travel.rakuten.co.jp/share/HOTEL/134895/134895.jpg,https://img.travel.rakuten.co.jp/HIMG/90/134895.jpg,https://img.travel.rakuten.co.jp/share/HOTEL/134895/134895_rm1.jpg,https://img.travel.rakuten.co.jp/HIMG/INTERIOR/134895.jpg,https://img.travel.rakuten.co.jp/share/HOTEL/134895/134895map.gif,243.0,3.76,"フロントに電話して交換してもらう。　2026-09-28 19:05:41投稿 <a href=""https://img.travel.rakuten.co.jp/image/tr/api/re/gJNfM/?f_hotel_no=134895"" class=""3click"">つづきはこちら</a>",sn1,【禁煙】シングル,6386233.0,【宿泊税込】スタンダードプラン（朝食サービス）,1,0,0,1,0,1,https://img.travel.rakuten.co.jp/image/tr/api/re/IdsCY/?f_no=134895&f_syu=sn1&f_hi1=2026-10-17&f_hi2=2026-10-18&f_heya_su=1&f_otona_su=1&f_s1=0&f_s2=0&f_y1=0&f_y2=0&f_y3=0&f_y4=0&f_camp_id=6386233,0,2026-10-17,6580,6580,0,2026-10-17,kitakyusyu
1363,サンスカイホテル小倉,https://img.travel.rakuten.co.jp/image/tr/api/re/pvonD/?f_no=1363,https://img.travel.rakuten.co.jp/image/tr/api/re/vFumt/?f_no=1363&f_flg=PLAN,https://img.travel.rakuten.co.jp/image/tr/api/re/WzozX/?noTomariHotel=1363,https://img.travel.rakuten.co.jp/image/tr/api/re/gJNfM/?f_hotel_no=1363,さんすかい　こくら,駐車場無料、ウェルカムドリンク、ミネラルウォーター、全室Wi-Fi無料接続可,3150,121959.21,471251.99,802-0038,福岡県,北九州市小倉北区神幸町2-1,093-521-0123,093-521-1984,小倉駅より約車10分。足立ICから5分・富野ＩＣから3分。ヤフオク！ドームまで車1時間。湯布院まで車1時間50分。,入出庫自由、無料平面駐車場（８０台）　　大型車（２ｔ車以上）は有料で事前に予約要,小倉（福岡）,https://img.travel.rakuten.co.jp/share/HOTEL/1363/1363.jpg,https://img.travel.rakuten.co.jp/HIMG/90/1363.jpg,https://img.travel.rakuten.co.jp/share/HOTEL/1363/1363_sy.jpg,https://img.travel.rakuten.co.jp/HIMG/INTERIOR/1363.jpg,https://img.travel.rakuten.co.jp/share/HOTEL/1363/1363map.gif,1774.0,3.73,"屋根付きのバイク専用駐車場が使えてとってもありがたい。ホテルの設備は古い様だが清潔にはされてる。　2026-10-08 19:45:09投稿 <a href=""https://img.travel.rakuten.co.jp/image/tr/api/re/gJNfM/?f_hotel_no=1363"" class=""3click"">つづきはこちら</a>",sn,シングル【禁煙】,1935736.0,【駐車場無料】【早割 1週間前】【素泊まり】【ミネラルウォーター・入浴剤付】【Wi-Fi無料接続可】,10,0,0,0,0,1,https://img.travel.rakuten.co.jp/image/tr/api/re/IdsCY/?f_no=1363&f_syu=sn&f_hi1=2026-10-17&f_hi2=2026-10-18&f_heya_su=1&f_otona_su=1&f_s1=0&f_s2=0&f_y1=0&f_y2=0&f_y3=0&f_y4=0&f_camp_id=1935736,0,2026-10-17,9900,9900,1,2026-10-17,kitakyusyu
149363,Ｈｏｓｔｅｌ　ａｎｄ　Ｄｉｎｉｎｇ　Ｔａｎｇａ　Ｔａｂｌｅ,https://img.travel.rakuten.co.jp/image/tr/api/re/pvonD/?f_no=149363,https://img.travel.rakuten.co.jp/image/tr/api/re/vFumt/?f_no=149363&f_flg=PLAN,,https://img.travel.rakuten.co.jp/image/tr/api/re/gJNfM/?f_hotel_no=149363,ほすてる　あんど　だいにんぐ　たんが　てーぶる,＜まちをあじわう宿＞小倉駅より徒歩約10分。北九州の台所・旦過市場に隣接するホステル。洋室はシモンズのマットレスを完備♪,1680,121962.37,471173.1,802-0077,福岡県,北九州市小倉北区馬借1-5-25　4Ｆ,093-967-6284,093-967-6285,JR小倉駅より徒歩約10分、北九州モノレール・旦過駅より徒歩約3分,駐車場はありません。徒歩3分圏内にコインパーキングが数箇所ございますのでそちらをご利用ください。,旦過,https://img.travel.rakuten.co.jp/share/HOTEL/149363/149363.jpg,https://img.travel.rakuten.co.jp/HIMG/90/149363.jpg,https://img.travel.rakuten.co.jp/share/HOTEL/149363/149363_kan1.jpg,https://img.travel.rakuten.co.jp/HIMG/INTERIOR/149363.jpg,https://img.travel.rakuten.co.jp/share/HOTEL/149363/149363map.gif,93.0,3.33,"おもしろいホステルです。ヨーロッパによくある雰囲気の簡単な施設です。料金なりに良かったです。　2026-08-28 21:37:58投稿 <a href=""https://img.travel.rakuten.co.jp/image/tr/api/re/gJNfM/?f_hotel_no=149363"" class=""3click"">つづきはこちら</a>",06,【禁煙】男女混合ドミトリー　※無料Wi-Fi,5235884.0,【学割★学生限定】学生旅行・イベント遠征応援♪シンプルに「20％OFF」ステイ！＜事前決済限定＞,1,0,0,0,0,2,https://img.travel.rakuten.co.jp/image/tr/api/re/IdsCY/?f_no=149363&f_syu=06&f_hi1=2026-10-17&f_hi2=2026-10-18&f_heya_su=1&f_otona_su=1&f_s1=0&f_s2=0&f_y1=0&f_y2=0&f_y3=0&f_y4=0&f_camp_id=5235884,0,2026-10-17,2640,2640,0,2026-10-17,kitakyusyu
14857,ホテル千望荘,https://img.travel.rakuten.co.jp/image/tr/api/re/pvonD/?f_no=14857,https://img.travel.rakuten.co.jp/image/tr/api/re/vFumt/?f_no=14857&f_flg=PLAN,https://img.travel.rakuten.co.jp/image/tr/api/re/WzozX/?noTomariHotel=14857,https://img.travel.rakuten.co.jp/image/tr/api/re/gJNfM/?f_hotel_no=14857,ほてる　せんぼうそう,車での市内観光に便利な立地。夜景が美しい♪猫に会える♪全室禁煙。喫煙室有り。駐車場無料。,4950,121993.43,470950.76,804-0053,福岡県,北九州市戸畑区牧山2-5-9,093-871-6991,093-882-2985,JR戸畑駅より車で５分、徒歩15分～20分。北九州都市高速枝光インターより車で５分。,有り　１予約1台　無料　若戸大橋・関門橋・戸畑市街を一望できる標高60mほどの丘の上。,戸畑,https://img.travel.rakuten.co.jp/share/HOTEL/14857/14857.jpg,https://img.travel.rakuten.co.jp/HIMG/90/14857.jpg,https://img.travel.rakuten.co.jp/share/HOTEL/14857/14857_war.jpg,https://img.travel.rakuten.co.jp/HIMG/INTERIOR/14857.jpg,https://img.travel.rakuten.co.jp/share/HOTEL/14857/14857map.gif,84.0,3.87,"最高の夜景でタイミングよく花火大会と重なり遠くに綺麗に見えました。築は古そうですが掃除が行き届いてて快適に過ごせました。　2026-08-22 11:07:26投稿 <a href=""https://img.travel.rakuten.co.jp/image/tr/api/re/gJNfM/?f_hotel_no=14857"" class=""3click"">つづきはこちら</a>",y,洋室 ツインルーム　禁煙　《WI-FI付き》,,,1,0,0,0,0,1,https://img.travel.rakuten.co.jp/image/tr/api/re/IdsCY/?f_no=14857&f_syu=y&f_hi1=2026-10-17&f_hi2=2026-10-18&f_heya_su=1&f_otona_su=1&f_s1=0&f_s2=0&f_y1=0&f_y2=0&f_y3=0&f_y4=0,1,2026-10-17,6600,6600,0,2026-10-17,kitakyusyu
147016,福岡ゲストハウスリトルアジア小倉,https://img.travel.rakuten.co.jp/image/tr/api/re/pvonD/?f_no=147016,https://img.travel.rakuten.co.jp/image/tr/api/re/vFumt/?f_no=147016&f_flg=PLAN,https://img.travel.rakuten.co.jp/image/tr/api/re/WzozX/?noTomariHotel=147016,https://img.travel.rakuten.co.jp/image/tr/api/re/gJNfM/?f_hotel_no=147016,ふくおかげすとはうすりとるあじあこくら,ようこそ！福岡ゲストハウスリトルアジア小倉へ！小倉駅から徒歩５分！外国人旅行者も多く、家族的な雰囲気で泊まれる安宿,1800,121963.86,471187.16,802-0005,福岡県,北九州市小倉北区堺町1-5-15　中道ビル5階　リトルアジア,093-982-4422,093-982-4422,JR新幹線小倉駅よりモノレール沿い。左手にある北九州銀行本店を過ぎたらすぐに左折直進１５０Mすすむと左の中道ビル５階受付,無し,小倉（福岡）,https://img.travel.rakuten.co.jp/share/HOTEL/147016/147016.jpg,https://img.travel.rakuten.co.jp/HIMG/90/147016.jpg,https://img.travel.rakuten.co.jp/share/HOTEL/147016/147016_room.jpg,https://img.travel.rakuten.co.jp/HIMG/INTERIOR/147016.jpg,https://img.travel.rakuten.co.jp/share/HOTEL/147016/147016map.gif,116.0,4.03,"駅からちょっとあるが歩ける範囲である…　2026-08-13 17:06:24投稿 <a href=""https://img.travel.rakuten.co.jp/image/tr/api/re/gJNfM/?f_hotel_no=147016"" class=""3click"">つづきはこちら</a>",02,☆禁煙☆男女共同ドミトリー 無料Wi-Fi,4094306.0,★学割★格安★学生・受験生応援プラン☆,1,0,0,0,0,1,https://img.travel.rakuten.co.jp/image/tr/api/re/IdsCY/?f_no=147016&f_syu=02&f_hi1=2026-10-17&f_hi2=2026-10-18&f_heya_su=1&f_otona_su=1&f_s1=0&f_s2=0&f_y1=0&f_y2=0&f_y3=0&f_y4=0&f_camp_id=4094306,0,2026-10-17,2000,2000,0,2026-10-17,kitakyusyu
201684,門司港キャビン,https://img.travel.rakuten.co.jp/image/tr/api/re/pvonD/?f_no=201684,https://img.travel.rakuten.co.jp/image/tr/api/re/vFumt/?f_no=201684&f_flg=PLAN,,https://img.travel.rakuten.co.jp/image/tr/api/re/gJNfM/?f_hotel_no=201684,もじこうきゃびん,門司港レトロ地区から徒歩5分、半径100m以内にコンビニ3軒の便利なロケーション,3800,122201.12,471490.67,801-0851,福岡県,北九州市門司区東本町1-2-19,093-980-7221,--,JR門司港駅より徒歩11分,なし,門司港,https://img.travel.rakuten.co.jp/share/HOTEL/201684/201684.jpg,https://img.travel.rakuten.co.jp/HIMG/90/201684.jpg,,,https://img.travel.rakuten.co.jp/share/HOTEL/201684/201684map.gif,11.0,4.09,,cabin,キャビン(男女混合)※チェックインは23時まで,,,1,0,0,0,0,2,https://img.travel.rakuten.co.jp/image/tr/api/re/IdsCY/?f_no=201684&f_syu=cabin&f_hi1=2026-10-17&f_hi2=2026-10-18&f_heya_su=1&f_otona_su=1&f_s1=0&f_s2=0&f_y1=0&f_y2=0&f_y3=0&f_y4=0,1,2026-10-17,5500,5500,1,2026-10-17,kitakyusyu
144526,ビジネスホテルうめかぜ,https://img.travel.rakuten.co.jp/image/tr/api/re/pvonD/?f_no=144526,https://img.travel.rakuten.co.jp/image/tr/api/re/vFumt/?f_no=144526&f_flg=PLAN,https://img.travel.rakuten.co.jp/image/tr/api/re/WzozX/?noTomariHotel=144526,https://img.travel.rakuten.co.jp/image/tr/api/re/gJNfM/?f_hotel_no=144526,うめかぜ,響町、向洋町まで車で５分。長期出張の方へのお得なプランもあります。詳しくはホームページから電話でご相談ください。,1480,122092.7,470750.61,808-0008,福岡県,北九州市若松区小竹214,093-771-1378,093-771-2355,大橋通りバス停よりバスで２０分「常福寺入口」下車徒歩にて１分。ホームページは「※長期 ビジネスホテルうめかぜ」で検索,無料　（大型、ダンプ等は不可）　,若松,https://img.travel.rakuten.co.jp/share/HOTEL/144526/144526.jpg,https://img.travel.rakuten.co.jp/HIMG/90/144526.jpg,https://img.travel.rakuten.co.jp/share/HOTEL/144526/144526_kya.jpg,https://img.travel.rakuten.co.jp/HIMG/INTERIOR/144526.jpg,https://img.travel.rakuten.co.jp/share/HOTEL/144526/144526map.gif,15.0,4.5,"部屋や風呂が広くて快適でした。洗濯が無料でできるので助かりました。職場に近いので通勤も便利でした。　2026-08-09 07:46:21投稿 <a href=""https://img.travel.rakuten.co.jp/image/tr/api/re/gJNfM/?f_hotel_no=144526"" class=""3click"">つづきはこちら</a>",2-1,響灘工業地帯近、渋滞皆無◆素泊りシングルルーム(宿泊税込み),6366423.0,宿泊日がお誕生日の方限定！バースデープラン(宿泊税込み),1,0,0,0,0,2,https://img.travel.rakuten.co.jp/image/tr/api/re/IdsCY/?f_no=144526&f_syu=2-1&f_hi1=2026-10-17&f_hi2=2026-10-18&f_heya_su=1&f_otona_su=1&f_s1=0&f_s2=0&f_y1=0&f_y2=0&f_y3=0&f_y4=0&f_camp_id=6366423,0,2026-10-17,1480,1480,0,2026-10-17,kitakyusyu
179406,グランドベース門司　和,https://img.travel.rakuten.co.jp/image/tr/api/re/pvonD/?f_no=179406,https://img.travel.rakuten.co.jp/image/tr/api/re/vFumt/?f_no=179406&f_flg=PLAN,https://img.travel.rakuten.co.jp/image/tr/api/re/WzozX/?noTomariHotel=179406,https://img.travel.rakuten.co.jp/image/tr/api/re/gJNfM/?f_hotel_no=179406,ぐらんどべーすもじ　なごみ,▼GO TOトラベル対象施設▼門司港駅近く★門司港レトロ＆下関観光に便利♪最新スマートホテル☆,2472,122185.95,471487.27,801-0862,福岡県,北九州市門司区錦町1-7,050-1720-7129,,門司港駅「北口」から徒歩8分！「清滝四町目」の信号を左、次の角を右に曲がって右手に有り,無料敷地内駐車場3台分有り。先着順・予約不可。,門司港,https://img.travel.rakuten.co.jp/share/HOTEL/179406/179406.jpg,https://img.travel.rakuten.co.jp/HIMG/90/179406.jpg,https://img.travel.rakuten.co.jp/share/HOTEL/179406/179406_kan1.jpg,https://img.travel.rakuten.co.jp/HIMG/INTERIOR/179406.jpg,https://img.travel.rakuten.co.jp/share/HOTEL/179406/179406map.gif,40.0,4.22,"浴槽なくシャワーだけだったけど、椅子がなかったから子供と一緒に入るのは難しかった💦　2026-07-13 14:49:01投稿 <a href=""https://img.travel.rakuten.co.jp/image/tr/api/re/gJNfM/?f_hotel_no=179406"" class=""3click"">つづきはこちら</a>",d-type,シアターデラックス D,4688267.0,【素泊まり】,1,0,0,0,0,1,https://img.travel.rakuten.co.jp/image/tr/api/re/IdsCY/?f_no=179406&f_syu=d-type&f_hi1=2026-10-17&f_hi2=2026-10-18&f_heya_su=1&f_otona_su=1&f_s1=0&f_s2=0&f_y1=0&f_y2=0&f_y3=0&f_y4=0&f_camp_id=4688267,0,2026-10-17,38110,38110,0,2026-10-17,kitakyusyu
200996,ゲストハウスＥＮ　ギャラン南鷹見　＾,https://img.travel.rakuten.co.jp/image/tr/api/re/pvonD/?f_no=200996,https://img.travel.rakuten.co.jp/image/tr/api/re/vFumt/?f_no=200996&f_flg=PLAN,,https://img.travel.rakuten.co.jp/image/tr/api/re/gJNfM/?f_hotel_no=200996,,プライベートが守られた個室で、シングルベッド2台完備。周辺にコンビニやスーパーも充実。,3915,121892.16,470585.53,807-0833,福岡県,北九州市八幡西区南鷹見町10-1-205　ギャラン南鷹見,090-3980-7837,00-0000-0000,折尾駅から徒歩で7分,なし,折尾,https://img.travel.rakuten.co.jp/share/HOTEL/200996/200996.jpg,https://img.travel.rakuten.co.jp/HIMG/90/200996.jpg,,,https://img.travel.rakuten.co.jp/share/HOTEL/200996/200996map.gif,,,,1575787_2,スタンダードルーム,6625821.0,折尾駅から徒歩圏内/最大2名様/長期宿泊可/洗濯機冷蔵庫有り/無料駐車場有り,1,0,0,0,0,2,https://img.travel.rakuten.co.jp/image/tr/api/re/IdsCY/?f_no=200996&f_syu=1575787_2&f_hi1=2026-10-17&f_hi2=2026-10-18&f_heya_su=1&f_otona_su=1&f_s1=0&f_s2=0&f_y1=0&f_y2=0&f_y3=0&f_y4=0&f_camp_id=6625821,0,2026-10-17,8596,8596,0,2026-10-17,kitakyusyu
189462,貸別荘　汽笛　＾,https://img.travel.rakuten.co.jp/image/tr/api/re/pvonD/?f_no=189462,https://img.travel.rakuten.co.jp/image/tr/api/re/vFumt/?f_no=189462&f_flg=PLAN,,https://img.travel.rakuten.co.jp/image/tr/api/re/gJNfM/?f_hotel_no=189462,,関門海峡　門司側の高台に建つ貸別荘、眼下に行き交う大小の貨物船を見てると心も癒されます。,7401,122233.42,471485.32,801-0854,福岡県,北九州市門司区旧門司2-11-15　貸別荘　汽笛,080-6321-5074,000-000-0000,ノーフォーク広場駅から徒歩で約２分,有り,門司港,https://img.travel.rakuten.co.jp/share/HOTEL/189462/189462.jpg,https://img.travel.rakuten.co.jp/HIMG/90/189462.jpg,,,https://img.travel.rakuten.co.jp/share/HOTEL/189462/189462map.gif,,,,726650_14,一戸建て,5853597.0,関門海峡を一望、行交う貨物船の汽笛に非日常な一日を。,1,0,0,0,0,2,https://img.travel.rakuten.co.jp/image/tr/api/re/IdsCY/?f_no=189462&f_syu=726650_14&f_hi1=2026-10-17&f_hi2=2026-10-18&f_heya_su=1&f_otona_su=1&f_s1=0&f_s2=0&f_y1=0&f_y2=0&f_y3=0&f_y4=0&f_camp_id=5853597,0,2026-10-17,42108,42108,0,2026-10-17,kitakyusyu
172605,ＡＢホテル行橋,https://img.travel.rakuten.co.jp/image/tr/api/re/pvonD/?f_no=172605,https://img.travel.rakuten.co.jp/image/tr/api/re/vFumt/?f_no=172605&f_flg=PLAN,https://img.travel.rakuten.co.jp/image/tr/api/re/WzozX/?noTomariHotel=172605,https://img.travel.rakuten.co.jp/image/tr/api/re/gJNfM/?f_hotel_no=172605,えーびーほてるゆくはし,行橋駅より徒歩１分、北九州空港より車で約２５分！健康朝食バイキング、男女別大浴場が無料♪ウェルカムコーヒーも♪,1800,121409.13,471499.33,824-0031,福岡県,行橋市西宮市2-2-16,0930-28-8222,0930-28-8219,行橋駅より徒歩にて約1分♪北九州空港より車で40分♪小倉駅から16分♪,有り　無料　平面／47台（先着順）　※大型車、バイク、自転車は不可,行橋,https://img.travel.rakuten.co.jp/share/HOTEL/172605/172605.jpg,https://img.travel.rakuten.co.jp/HIMG/90/172605.jpg,,,https://img.travel.rakuten.co.jp/share/HOTEL/172605/172605map.gif,983.0,4.22,"シルバーウィーク中の利用だったがとてもコスパがよく機会…　2026-09-22 07:45:56投稿 <a href=""https://img.travel.rakuten.co.jp/image/tr/api/re/gJNfM/?f_hotel_no=172605"" class=""3click"">つづきはこちら</a>",sna,禁煙スタンダードシングル【120ｃｍセミダブルベッド】,4571748.0,7日以上前までの予約限定プラン！【健康朝食・大浴場無料】,1,0,0,1,0,1,https://img.travel.rakuten.co.jp/image/tr/api/re/IdsCY/?f_no=172605&f_syu=sna&f_hi1=2026-10-17&f_hi2=2026-10-18&f_heya_su=1&f_otona_su=1&f_s1=0&f_s2=0&f_y1=0&f_y2=0&f_y3=0&f_y4=0&f_camp_id=4571748,0,2026-10-17,19800,19800,0,2026-10-17,buzen
68680,ホテルルートイン苅田駅前,https://img.travel.rakuten.co.jp/image/tr/api/re/pvonD/?f_no=68680,https://img.travel.rakuten.co.jp/image/tr/api/re/vFumt/?f_no=68680&f_flg=PLAN,https://img.travel.rakuten.co.jp/image/tr/api/re/WzozX/?noTomariHotel=68680,https://img.travel.rakuten.co.jp/image/tr/api/re/gJNfM/?f_hotel_no=68680,るーといんかんだえきまえ,WOWOW全室で無料視聴可■VODルームシアター無料視聴可能(一般映画のみ・コンフォートルーム特典）■Wi-Fi利用可,5350,121611.41,471533.88,800-0361,福岡県,京都郡苅田町神田町1-8-1,050-5576-7905,093-435-3712,ＪＲ日豊本線　苅田駅徒歩0分／北九州空港より車で約１5分,有り　83台　無料　先着順（予約不可）,苅田,https://img.travel.rakuten.co.jp/share/HOTEL/68680/68680.jpg,https://img.travel.rakuten.co.jp/HIMG/90/68680.jpg,https://img.travel.rakuten.co.jp/share/HOTEL/68680/68680_k.jpg,https://img.travel.rakuten.co.jp/HIMG/INTERIOR/68680.jpg,https://img.travel.rakuten.co.jp/share/HOTEL/68680/68680map.gif,600.0,4.06,"ポンタポイントもありがたいですね　2026-09-19 19:37:17投稿 <a href=""https://img.travel.rakuten.co.jp/image/tr/api/re/gJNfM/?f_hotel_no=68680"" class=""3click"">つづきはこちら</a>",ns,【禁煙】シングルルーム ベット幅140ｃｍ,5830371.0,【朝食付・事前カード決済がお得で早い】簡単チェックインでスムーズにお部屋へ 〜◆大浴場◆駅近◆,1,0,0,0,0,2,https://img.travel.rakuten.co.jp/image/tr/api/re/IdsCY/?f_no=68680&f_syu=ns&f_hi1=2026-10-17&f_hi2=2026-10-18&f_heya_su=1&f_otona_su=1&f_s1=0&f_s2=0&f_y1=0&f_y2=0&f_y3=0&f_y4=0&f_camp_id=5830371,0,2026-10-17,10250,10250,0,2026-10-17,buzen
41024,ホテルルートイン行橋,https://img.travel.rakuten.co.jp/image/tr/api/re/pvonD/?f_no=41024,https://img.travel.rakuten.co.jp/image/tr/api/re/vFumt/?f_no=41024&f_flg=PLAN,https://img.travel.rakuten.co.jp/image/tr/api/re/WzozX/?noTomariHotel=41024,https://img.travel.rakuten.co.jp/image/tr/api/re/gJNfM/?f_hotel_no=41024,るーといん　ゆくはし,JR行橋駅より徒歩5分☆大浴場有り☆朝食無料☆Ｗi-Fi無料☆WOWOW無料視聴☆,8650,121408.48,471511.6,824-0005,福岡県,行橋市中央3-5-8,0930-26-8711,0930-26-8712,ＪＲ行橋駅より徒歩5分／東九州自動車道　行橋ＩＣより約４ｋｍ/東九州自動車道　苅田北九州空港ICより約10km,有料：500円/泊　先着順　平面駐車場以外は提携駐車場へのご案内致します。,行橋,https://img.travel.rakuten.co.jp/share/HOTEL/41024/41024.jpg,https://img.travel.rakuten.co.jp/HIMG/90/41024.jpg,https://img.travel.rakuten.co.jp/share/HOTEL/41024/41024_kya.jpg,https://img.travel.rakuten.co.jp/HIMG/INTERIOR/41024.jpg,https://img.travel.rakuten.co.jp/share/HOTEL/41024/41024map.gif,783.0,3.86,"朝食はいつも通り充実してました。　2026-10-05 16:17:33投稿 <a href=""https://img.travel.rakuten.co.jp/image/tr/api/re/gJNfM/?f_hotel_no=41024"" class=""3click"">つづきはこちら</a>",sb,【喫煙】シングルルーム ,1131753.0,【スタンダードプラン】　■大浴場完備■バイキング朝食付き■,1,0,0,1,0,1,https://img.travel.rakuten.co.jp/image/tr/api/re/IdsCY/?f_no=41024&f_syu=sb&f_hi1=2026-10-17&f_hi2=2026-10-18&f_heya_su=1&f_otona_su=1&f_s1=0&f_s2=0&f_y1=0&f_y2=0&f_y3=0&f_y4=0&f_camp_id=1131753,0,2026-10-17,10750,10750,0,2026-10-17,buzen
49348,ブルーポートホテル苅田北九州空港,https://img.travel.rakuten.co.jp/image/tr/api/re/pvonD/?f_no=49348,https://img.travel.rakuten.co.jp/image/tr/api/re/vFumt/?f_no=49348&f_flg=PLAN,https://img.travel.rakuten.co.jp/image/tr/api/re/WzozX/?noTomariHotel=49348,https://img.travel.rakuten.co.jp/image/tr/api/re/gJNfM/?f_hotel_no=49348,ぶるーぽーとほてるかんだきたきゅうしゅうくうこう,苅田北九州空港ICより車で約1分★駐車場無料★種類豊富な朝食ビュッフェが大人気♪,3800,121689.16,471527.17,800-0365,福岡県,京都郡苅田町苅田3787-61,093-475-8844,093-475-8944,JR朽網（くさみ）駅より北九州空港行きバス約6分。苅田北九州空港ＩＣより車で1分,有り80台（全て平面）無料　普通車予約不要　各種トラックやバスも無料OK（要予約）,苅田,https://img.travel.rakuten.co.jp/share/HOTEL/49348/49348.jpg,https://img.travel.rakuten.co.jp/HIMG/90/49348.jpg,https://img.travel.rakuten.co.jp/share/HOTEL/49348/49348_ro.jpg,https://img.travel.rakuten.co.jp/HIMG/INTERIOR/49348.jpg,https://img.travel.rakuten.co.jp/share/HOTEL/49348/49348map.gif,1299.0,4.04,"常宿なので　2026-09-19 19:09:58投稿 <a href=""https://img.travel.rakuten.co.jp/image/tr/api/re/gJNfM/?f_hotel_no=49348"" class=""3click"">つづきはこちら</a>",230,ワケあり部屋■シングルルーム■ベッド幅120cm,3982655.0,【禁喫選択不可】朝食付き♪室数限定！お得に泊まろうワケありプラン★駐車場無料★,1,0,0,1,0,1,https://img.travel.rakuten.co.jp/image/tr/api/re/IdsCY/?f_no=49348&f_syu=230&f_hi1=2026-10-17&f_hi2=2026-10-18&f_heya_su=1&f_otona_su=1&f_s1=0&f_s2=0&f_y1=0&f_y2=0&f_y3=0&f_y4=0&f_camp_id=3982655,0,2026-10-17,9800,9800,0,2026-10-17,buzen
53365,ベッセルホテル苅田北九州空港（２０２６年３月全室リニューアル）,https://img.travel.rakuten.co.jp/image/tr/api/re/pvonD/?f_no=53365,https://img.travel.rakuten.co.jp/image/tr/api/re/vFumt/?f_no=53365&f_flg=PLAN,https://img.travel.rakuten.co.jp/image/tr/api/re/WzozX/?noTomariHotel=53365,https://img.travel.rakuten.co.jp/image/tr/api/re/gJNfM/?f_hotel_no=53365,べっせるかんだきたきゅうしゅうくうこう,◆全室幅150ｃｍのクイーンサイズベッド◆シングル21㎡/ツイン26㎡◆ご当地メニュー満載の朝食をどうぞ！,3300,121605.03,471556.27,800-0313,福岡県,京都郡苅田町磯浜町1-5-9,093-435-2525,093-435-2555,【ＪＲ苅田駅東口】850m徒歩10分【北九州空港】11Kmタクシーで12分【苅田北九州空港IC】5Km車で5分,有り　７５台　普通車無料（一部大型車は有料）,苅田,https://img.travel.rakuten.co.jp/share/HOTEL/53365/53365.jpg,https://img.travel.rakuten.co.jp/HIMG/90/53365.jpg,https://img.travel.rakuten.co.jp/share/HOTEL/53365/53365_ky.jpg,https://img.travel.rakuten.co.jp/HIMG/INTERIOR/53365.jpg,https://img.travel.rakuten.co.jp/share/HOTEL/53365/53365map.gif,1547.0,4.44,"従業員の方は丁寧な接客で…　2026-09-22 22:16:44投稿 <a href=""https://img.travel.rakuten.co.jp/image/tr/api/re/gJNfM/?f_hotel_no=53365"" class=""3click"">つづきはこちら</a>",s,ゆったり1ベッド【喫煙】２１平米★,6118404.0,【スタンダード★素泊り】苅田駅東口１から徒歩13分（850m),1,0,0,0,0,1,https://img.travel.rakuten.co.jp/image/tr/api/re/IdsCY/?f_no=53365&f_syu=s&f_hi1=2026-10-17&f_hi2=2026-10-18&f_heya_su=1&f_otona_su=1&f_s1=0&f_s2=0&f_y1=0&f_y2=0&f_y3=0&f_y4=0&f_camp_id=6118404,0,2026-10-17,10700,10700,0,2026-10-17,buzen
191652,アパホテル〈福岡行橋駅前〉（北九州空港・苅田）,https://img.travel.rakuten.co.jp/image/tr/api/re/pvonD/?f_no=191652,https://img.travel.rakuten.co.jp/image/tr/api/re/vFumt/?f_no=191652&f_flg=PLAN,https://img.travel.rakuten.co.jp/image/tr/api/re/WzozX/?noTomariHotel=191652,https://img.travel.rakuten.co.jp/image/tr/api/re/gJNfM/?f_hotel_no=191652,あぱほてる〈ふくおかゆくはしえきまえ〉（きたきゅうしゅうくうこう・かんだ）,◆◇行橋駅東口から徒歩3分、北九州空港から車で約25分、苅田工業エリアは車で約15分◇◆40型液晶TV、VOD視聴無料！,4200,121403.69,471508.58,824-0005,福岡県,行橋市中央3-9-10,0930-25-2800,0930-24-6726,JR行橋駅東口から徒歩3分、北九州空港から車で約25分、苅田工業エリアは車で約15分。アクセス至便なホテルです。,平面無料駐車場25台、先着順。満車時にはコインパーキングのご案内となります（有料）。 ,行橋,https://img.travel.rakuten.co.jp/share/HOTEL/191652/191652.jpg,https://img.travel.rakuten.co.jp/HIMG/90/191652.jpg,,,https://img.travel.rakuten.co.jp/share/HOTEL/191652/191652map.gif,150.0,4.06,"部屋は綺麗でとても満足です！　2026-09-17 13:00:10投稿 <a href=""https://img.travel.rakuten.co.jp/image/tr/api/re/gJNfM/?f_hotel_no=191652"" class=""3click"">つづきはこちら</a>",s1k,□ シングル □ 禁煙室 □,5925524.0,【素泊まり・事前決済限定】1秒チェックインにおすすめ！,1,0,0,0,0,2,https://img.travel.rakuten.co.jp/image/tr/api/re/IdsCY/?f_no=191652&f_syu=s1k&f_hi1=2026-10-17&f_hi2=2026-10-18&f_heya_su=1&f_otona_su=1&f_s1=0&f_s2=0&f_y1=0&f_y2=0&f_y3=0&f_y4=0&f_camp_id=5925524,0,2026-10-17,10000,10000,0,2026-10-17,buzen
147051,アリストンイン苅田北九州空港,https://img.travel.rakuten.co.jp/image/tr/api/re/pvonD/?f_no=147051,https://img.travel.rakuten.co.jp/image/tr/api/re/vFumt/?f_no=147051&f_flg=PLAN,https://img.travel.rakuten.co.jp/image/tr/api/re/WzozX/?noTomariHotel=147051,https://img.travel.rakuten.co.jp/image/tr/api/re/gJNfM/?f_hotel_no=147051,ありすとんいんかんだきたきゅうしゅうくうこう,駐車場無料★全室Wi-Fi完備★宿泊者限定マンガコーナー&マッサージチェア設置★,3300,121616.05,471547.48,800-0314,福岡県,京都郡苅田町幸町12-5,093-435-0600,093-435-0605,駐車場無料★北九州空港から車で約15分・苅田駅から徒歩約７分（JR小倉駅から苅田駅まで電車で25分）,平面駐車場(58台）無料　,苅田,https://img.travel.rakuten.co.jp/share/HOTEL/147051/147051.jpg,https://img.travel.rakuten.co.jp/HIMG/90/147051.jpg,,,https://img.travel.rakuten.co.jp/share/HOTEL/147051/147051map.gif,542.0,3.84,"ビジネスの利用で4泊を朝食付きプランで宿泊しました。朝食のメインメニューが毎日変わるので飽きないです。メニュー開発をされている方の工夫が分かります。特に印象に残っているのが、鰯の天ぷらでした。美味しか…　2026-04-25 23:44:38投稿 <a href=""https://img.travel.rakuten.co.jp/image/tr/api/re/gJNfM/?f_hotel_no=147051"" class=""3click"">つづきはこちら</a>",sd2,スタンダードシングル【禁煙】,5398175.0,【基本プラン】＜素泊り＞駐車場無料！Sertaのふかふかマットレスでぐっすり。お部屋でのんびりプラン,1,0,0,0,0,1,https://img.travel.rakuten.co.jp/image/tr/api/re/IdsCY/?f_no=147051&f_syu=sd2&f_hi1=2026-10-17&f_hi2=2026-10-18&f_heya_su=1&f_otona_su=1&f_s1=0&f_s2=0&f_y1=0&f_y2=0&f_y3=0&f_y4=0&f_camp_id=5398175,0,2026-10-17,9700,9700,0,2026-10-17,buzen
108371,東横ＩＮＮ北九州空港,https://img.travel.rakuten.co.jp/image/tr/api/re/pvonD/?f_no=108371,https://img.travel.rakuten.co.jp/image/tr/api/re/vFumt/?f_no=108371&f_flg=PLAN,https://img.travel.rakuten.co.jp/image/tr/api/re/WzozX/?noTomariHotel=108371,https://img.travel.rakuten.co.jp/image/tr/api/re/gJNfM/?f_hotel_no=108371,とうよこいんきたきゅうしゅうくうこう,平尾台まで車で50分の立地で出発を応援！朝食・小学生以下添い寝無料で安心空間を提供いたします,4515,121794.13,471717.73,800-0306,福岡県,北九州市小倉南区空港北町2-4,093-472-1042,093-472-1049,北九州空港より徒歩5分　送迎シャトルを17：00以降離発着に合わせて最終便まで運行　朝は4：50から10：10まで運行中,無料！駐車場有　281台　　駐車場10日間無料　大型バス・大型車駐車無料,北九州空港,https://img.travel.rakuten.co.jp/share/HOTEL/108371/108371.jpg,https://img.travel.rakuten.co.jp/HIMG/90/108371.jpg,https://img.travel.rakuten.co.jp/share/HOTEL/108371/108371room1.jpg,https://img.travel.rakuten.co.jp/HIMG/INTERIOR/108371.jpg,https://img.travel.rakuten.co.jp/share/HOTEL/108371/108371map.gif,641.0,4.31,"今回は台風の影響で航空機を拝めることはありませんでしたが、…　2026-09-28 00:12:35投稿 <a href=""https://img.travel.rakuten.co.jp/image/tr/api/re/gJNfM/?f_hotel_no=108371"" class=""3click"">つづきはこちら</a>",sk,禁煙シングル,2729285.0,★【無料の元気朝食付】いつでも安心価格♪ビジネス・レジャーに！ 禁煙シングル,1,0,0,1,0,1,https://img.travel.rakuten.co.jp/image/tr/api/re/IdsCY/?f_no=108371&f_syu=sk&f_hi1=2026-10-17&f_hi2=2026-10-18&f_heya_su=1&f_otona_su=1&f_s1=0&f_s2=0&f_y1=0&f_y2=0&f_y3=0&f_y4=0&f_camp_id=2729285,0,2026-10-17,8360,8360,0,2026-10-17,buzen
147642,ＨＯＴＥＬ　ＡＺ　福岡築上店,https://img.travel.rakuten.co.jp/image/tr/api/re/pvonD/?f_no=147642,https://img.travel.rakuten.co.jp/image/tr/api/re/vFumt/?f_no=147642&f_flg=PLAN,https://img.travel.rakuten.co.jp/image/tr/api/re/WzozX/?noTomariHotel=147642,https://img.travel.rakuten.co.jp/image/tr/api/re/gJNfM/?f_hotel_no=147642,ほてる　えーぜっと　ふくおかちくじょうてん,東九州道（椎田道路）築城ＩＣより車で約7分☆北九州空港から車で4０分☆平面駐車場無料・朝食無料・ネット接続無料☆,4820,121189.56,471782.48,829-0342,福岡県,築上郡築上町東八田67-1,0930-57-3301,0930-57-3302,東九州自動車道（椎田道路）築城ＩＣより車で約7分 /ＪＲ築城駅より車で5分/ 北九州空港から車で約40分（高速利用）,無料平面駐車場150台あり　普通車：予約不要 、中型車・大型車：要予約（有料）,築城,https://img.travel.rakuten.co.jp/share/HOTEL/147642/147642.jpg,https://img.travel.rakuten.co.jp/HIMG/90/147642.jpg,https://img.travel.rakuten.co.jp/share/HOTEL/147642/147642_kan1.jpg,https://img.travel.rakuten.co.jp/HIMG/INTERIOR/147642.jpg,https://img.travel.rakuten.co.jp/share/HOTEL/147642/147642map.gif,111.0,4.02,"朝食の明太子がとてもおいしいです！！　2026-09-30 13:45:15投稿 <a href=""https://img.travel.rakuten.co.jp/image/tr/api/re/gJNfM/?f_hotel_no=147642"" class=""3click"">つづきはこちら</a>",sn,【禁煙】シングル,6386146.0,【宿泊税込】スタンダードプラン（朝食サービス）,1,0,0,1,0,1,https://img.travel.rakuten.co.jp/image/tr/api/re/IdsCY/?f_no=147642&f_syu=sn&f_hi1=2026-10-17&f_hi2=2026-10-18&f_heya_su=1&f_otona_su=1&f_s1=0&f_s2=0&f_y1=0&f_y2=0&f_y3=0&f_y4=0&f_camp_id=6386146,0,2026-10-17,6580,6580,0,2026-10-17,buzen
15460,ビジネスホテル　ゆくはし,https://img.travel.rakuten.co.jp/image/tr/api/re/pvonD/?f_no=15460,https://img.travel.rakuten.co.jp/image/tr/api/re/vFumt/?f_no=15460&f_flg=PLAN,https://img.travel.rakuten.co.jp/image/tr/api/re/WzozX/?noTomariHotel=15460,https://img.travel.rakuten.co.jp/image/tr/api/re/gJNfM/?f_hotel_no=15460,ゆくはし,駐車場無料・全室バストイレ独立型の客室・徒歩圏内にコンビニ、飲食店、ドラッグストアあり,6000,121408.83,471493.98,824-0031,福岡県,行橋市西宮市2-20-15,0930-22-1333,0930-22-7553,JR行橋駅[特急停車駅]西口から徒歩3分　東九州道[行橋インター]より車で約8分,無料駐車場あり(30台)、大型車（トラック、マイクロバス）の場合は事前にご相談下さい,行橋,https://img.travel.rakuten.co.jp/share/HOTEL/15460/15460.jpg,https://img.travel.rakuten.co.jp/HIMG/90/15460.jpg,https://img.travel.rakuten.co.jp/share/HOTEL/15460/15460_sig.jpg,https://img.travel.rakuten.co.jp/HIMG/INTERIOR/15460.jpg,https://img.travel.rakuten.co.jp/share/HOTEL/15460/15460map.gif,186.0,4.04,"行橋駅至近の距離ですぐ隣がコンビニでありすごく便利なロケーションです。建物は新しくはありませんが全体的に清潔でランドリーもあり長期滞在でもおすすめです。　2026-08-12 08:59:29投稿 <a href=""https://img.travel.rakuten.co.jp/image/tr/api/re/gJNfM/?f_hotel_no=15460"" class=""3click"">つづきはこちら</a>",sk,〈禁煙・シングル〉全室バストイレ独立型のお部屋♪,2443427.0,【素泊まり・シングル】行橋駅西口(特急停車駅)より徒歩3分♪シンプルな素泊まりプラン♪,1,0,0,0,0,1,https://img.travel.rakuten.co.jp/image/tr/api/re/IdsCY/?f_no=15460&f_syu=sk&f_hi1=2026-10-17&f_hi2=2026-10-18&f_heya_su=1&f_otona_su=1&f_s1=0&f_s2=0&f_y1=0&f_y2=0&f_y3=0&f_y4=0&f_camp_id=2443427,0,2026-10-17,8800,8800,1,2026-10-17,buzen
184657,ＨＯＴＥＬ　Ｒ９　Ｔｈｅ　Ｙａｒｄ　豊前,https://img.travel.rakuten.co.jp/image/tr/api/re/pvonD/?f_no=184657,https://img.travel.rakuten.co.jp/image/tr/api/re/vFumt/?f_no=184657&f_flg=PLAN,https://img.travel.rakuten.co.jp/image/tr/api/re/WzozX/?noTomariHotel=184657,https://img.travel.rakuten.co.jp/image/tr/api/re/gJNfM/?f_hotel_no=184657,ほてる あーるないん ざ やーど ぶぜん,宇島駅より徒歩3分！豊前ICと工業団地も程近くビジネスに最適◎独立客室で快適な滞在を♪,3300,121023.35,472055.67,828-0021,福岡県,豊前市八屋1921-1,0979-64-6766,0979-64-6885,【お車】東九州自動車道 豊前ICより車で10分 【電車】JR日豊本線 宇島駅より徒歩3分,無料 有り 36台※大型車（2トントラック以上）をご利用の際は、事前にお電話でお問い合わせください。,宇島,https://img.travel.rakuten.co.jp/share/HOTEL/184657/184657.jpg,https://img.travel.rakuten.co.jp/HIMG/90/184657.jpg,,,https://img.travel.rakuten.co.jp/share/HOTEL/184657/184657map.gif,112.0,4.17,"どこで宿泊しても安心の、コンテナホテルさんです。周りに他に宿泊施設がないので、豊前では一択になると思います。部屋に2扉冷蔵庫、電子レンジもあり、長期滞在でも問題ないホテルです。　2026-10-01 18:02:59投稿 <a href=""https://img.travel.rakuten.co.jp/image/tr/api/re/gJNfM/?f_hotel_no=184657"" class=""3click"">つづきはこちら</a>",double,【禁煙】ダブルルーム （約12平米/最大2名様）,5573852.0,【スタンダード】ビジネスや観光の拠点に♪軽食＆ホットドリンク付【駐車場至近＆無料】,1,0,0,0,0,1,https://img.travel.rakuten.co.jp/image/tr/api/re/IdsCY/?f_no=184657&f_syu=double&f_hi1=2026-10-17&f_hi2=2026-10-18&f_heya_su=1&f_otona_su=1&f_s1=0&f_s2=0&f_y1=0&f_y2=0&f_y3=0&f_y4=0&f_camp_id=5573852,0,2026-10-17,7000,7000,0,2026-10-17,buzen
196719,ホテルカームプレイス,https://img.travel.rakuten.co.jp/image/tr/api/re/pvonD/?f_no=196719,https://img.travel.rakuten.co.jp/image/tr/api/re/vFumt/?f_no=196719&f_flg=PLAN,https://img.travel.rakuten.co.jp/image/tr/api/re/WzozX/?noTomariHotel=196719,https://img.travel.rakuten.co.jp/image/tr/api/re/gJNfM/?f_hotel_no=196719,ほてるかーむぷれいす,2025年3月オープン！ラウンジや漫画コーナー（500冊）・各種自動販売機など快適にお過ごしいただけます！,2900,121609.75,471558.66,800-0313,福岡県,京都郡苅田町磯浜町1-3-3,093-436-5560,093-436-5561,小倉駅から電車で約30分のJR苅田駅より車で5分、徒歩15分。北九州空港より車で15分。25号門司行橋線沿いすぐの好立地,有り　19台　無料　予約不要,苅田,https://img.travel.rakuten.co.jp/share/HOTEL/196719/196719.jpg,https://img.travel.rakuten.co.jp/HIMG/90/196719.jpg,,,https://img.travel.rakuten.co.jp/share/HOTEL/196719/196719map.gif,33.0,3.97,"0歳と5歳の子連れだったので、靴を脱いで過ごせる畳のお部屋で安心して過ごすことができました。受付の方は、いつでもニコニコ笑顔で挨拶してくれ気持ちよく過ごすことができました。近くにトライヤルや資さんうど…　2026-09-05 04:51:56投稿 <a href=""https://img.travel.rakuten.co.jp/image/tr/api/re/gJNfM/?f_hotel_no=196719"" class=""3click"">つづきはこちら</a>",06,【禁煙】シングルルーム,6573934.0,【素泊まり】無料ラウンジ＆漫画500冊◆駐車場無料！平尾台・北九州の観光拠点に,1,0,0,0,0,1,https://img.travel.rakuten.co.jp/image/tr/api/re/IdsCY/?f_no=196719&f_syu=06&f_hi1=2026-10-17&f_hi2=2026-10-18&f_heya_su=1&f_otona_su=1&f_s1=0&f_s2=0&f_y1=0&f_y2=0&f_y3=0&f_y4=0&f_camp_id=6573934,0,2026-10-17,6300,6300,0,2026-10-17,buzen
151179,ＨＯＴＥＬ　ＡＺ　福岡吉富店,https://img.travel.rakuten.co.jp/image/tr/api/re/pvonD/?f_no=151179,https://img.travel.rakuten.co.jp/image/tr/api/re/vFumt/?f_no=151179&f_flg=PLAN,https://img.travel.rakuten.co.jp/image/tr/api/re/WzozX/?noTomariHotel=151179,https://img.travel.rakuten.co.jp/image/tr/api/re/gJNfM/?f_hotel_no=151179,ほてる　えーぜっと　ふくおかよしとみてん,"大分県との県境。中津城へ車で10分。大分県中津市,福岡県豊前市,上毛町に隣接。",4820,120973.72,472218.13,871-0811,福岡県,築上郡吉富町広津879-2,0979-22-3801,0979-22-3802,北九州空港から高速で45分(豊前ICから車で10分）。ＪＲ中津駅から車で約5分。駐車場入り口は県道108号線沿いです。,無料駐車場124台あり　普通車：予約不要 、中型車・大型車：要予約（有料）,吉富（福岡）,https://img.travel.rakuten.co.jp/share/HOTEL/151179/151179.jpg,https://img.travel.rakuten.co.jp/HIMG/90/151179.jpg,https://img.travel.rakuten.co.jp/share/HOTEL/151179/151179_kan1.jpg,https://img.travel.rakuten.co.jp/HIMG/INTERIOR/151179.jpg,https://img.travel.rakuten.co.jp/share/HOTEL/151179/151179map.gif,82.0,4.14,"　駐車場は沢山ありましたが、近くにコン…　2026-09-24 11:43:54投稿 <a href=""https://img.travel.rakuten.co.jp/image/tr/api/re/gJNfM/?f_hotel_no=151179"" class=""3click"">つづきはこちら</a>",002,【禁煙】シングル,6386193.0,【宿泊税込】スタンダードプラン（朝食サービス）,1,0,0,1,0,1,https://img.travel.rakuten.co.jp/image/tr/api/re/IdsCY/?f_no=151179&f_syu=002&f_hi1=2026-10-17&f_hi2=2026-10-18&f_heya_su=1&f_otona_su=1&f_s1=0&f_s2=0&f_y1=0&f_y2=0&f_y3=0&f_y4=0&f_camp_id=6386193,0,2026-10-17,6580,6580,0,2026-10-17,buzen
73872,ビジネスホテル　ベル,https://img.travel.rakuten.co.jp/image/tr/api/re/pvonD/?f_no=73872,https://img.travel.rakuten.co.jp/image/tr/api/re/vFumt/?f_no=73872&f_flg=PLAN,https://img.travel.rakuten.co.jp/image/tr/api/re/WzozX/?noTomariHotel=73872,https://img.travel.rakuten.co.jp/image/tr/api/re/gJNfM/?f_hotel_no=73872,べる,2022年3月リニューアル！出張利用、家族・カップル旅行も！自転車持ち込み可能なお部屋もあり、自転車旅の方々もご利用可能,3630,121425.04,471500.7,824-0001,福岡県,行橋市行事7-7-6,0930-25-5887,0930-25-5886,行橋駅より徒歩5分／九州自動車道　小倉東ＩＣより約１７ｋｍ/東九州自動車道　苅田北九州空港ICより約10km,有り　１３台　無料　予約不可先着順  ,行橋,https://img.travel.rakuten.co.jp/share/HOTEL/73872/73872.jpg,https://img.travel.rakuten.co.jp/HIMG/90/73872.jpg,https://img.travel.rakuten.co.jp/share/HOTEL/73872/73872_sin.jpg,https://img.travel.rakuten.co.jp/HIMG/INTERIOR/73872.jpg,https://img.travel.rakuten.co.jp/share/HOTEL/73872/73872map.gif,175.0,3.98,"急に宿泊しましたが駅が近くよかったです。　2026-09-26 13:43:21投稿 <a href=""https://img.travel.rakuten.co.jp/image/tr/api/re/gJNfM/?f_hotel_no=73872"" class=""3click"">つづきはこちら</a>",npn1,【禁煙】サイクルルーム　ダブル【Wi-Fi無料】,5424575.0,【素泊】2022年リニューアルオープン！ビジネス利用もサイクリストも大歓迎！気軽に泊まろう素泊プラン,1,0,0,0,0,1,https://img.travel.rakuten.co.jp/image/tr/api/re/IdsCY/?f_no=73872&f_syu=npn1&f_hi1=2026-10-17&f_hi2=2026-10-18&f_heya_su=1&f_otona_su=1&f_s1=0&f_s2=0&f_y1=0&f_y2=0&f_y3=0&f_y4=0&f_camp_id=5424575,0,2026-10-17,7150,7150,0,2026-10-17,buzen
187338,ＨＯＴＥＬ　Ｒ９　Ｔｈｅ　Ｙａｒｄ　上毛,https://img.travel.rakuten.co.jp/image/tr/api/re/pvonD/?f_no=187338,https://img.travel.rakuten.co.jp/image/tr/api/re/vFumt/?f_no=187338&f_flg=PLAN,https://img.travel.rakuten.co.jp/image/tr/api/re/WzozX/?noTomariHotel=187338,https://img.travel.rakuten.co.jp/image/tr/api/re/gJNfM/?f_hotel_no=187338,ほてる あーるないん ざ やーど こうげ,上毛スマートICより車で3分！中津・耶馬渓の観光拠点にも◎無料駐車場完備！独立客室で快適な滞在を♪,3300,120820.72,472239.06,871-0923,福岡県,築上郡上毛町下唐原1649-11,0979-64-6111,0979-64-6408,【お車】東九州自動車道 上毛スマートICより3分、豊前ICより10分【電車】JR日豊本線 中津駅よりタクシーで10分,無料 有り 24台※大型車（2トントラック以上）をご利用の際は、事前にお電話でお問い合わせください。,中津（大分）,https://img.travel.rakuten.co.jp/share/HOTEL/187338/187338.jpg,https://img.travel.rakuten.co.jp/HIMG/90/187338.jpg,,,https://img.travel.rakuten.co.jp/share/HOTEL/187338/187338map.gif,97.0,4.48,"直ぐ横が国道10号…　2026-09-05 16:01:22投稿 <a href=""https://img.travel.rakuten.co.jp/image/tr/api/re/gJNfM/?f_hotel_no=187338"" class=""3click"">つづきはこちら</a>",double,【禁煙】ダブルルーム （約13平米/最大2名様）,5684815.0,【スタンダード】ビジネスや観光の拠点に♪軽食＆ホットドリンク付【駐車場至近＆無料】,1,0,0,0,0,1,https://img.travel.rakuten.co.jp/image/tr/api/re/IdsCY/?f_no=187338&f_syu=double&f_hi1=2026-10-17&f_hi2=2026-10-18&f_heya_su=1&f_otona_su=1&f_s1=0&f_s2=0&f_y1=0&f_y2=0&f_y3=0&f_y4=0&f_camp_id=5684815,0,2026-10-17,7700,7700,0,2026-10-17,buzen
168550,割烹旅館　宇島汐湯,https://img.travel.rakuten.co.jp/image/tr/api/re/pvonD/?f_no=168550,https://img.travel.rakuten.co.jp/image/tr/api/re/vFumt/?f_no=168550&f_flg=PLAN,,https://img.travel.rakuten.co.jp/image/tr/api/re/gJNfM/?f_hotel_no=168550,かっぽうりょかん　うのしましおゆ,汐風薫るくつろぎの宿　家庭的な雰囲気が漂う料理・旅館　☆　日本三大干潟の一つ「豊前海」で獲れた海の幸を堪能,5800,121033.0,472087.36,828-0022,福岡県,豊前市宇島73-1,0979-82-1231,0979-82-4255,ＪＲ宇島駅より徒歩10分,有り　無料　予約不要,宇島,https://img.travel.rakuten.co.jp/share/HOTEL/168550/168550.jpg,https://img.travel.rakuten.co.jp/HIMG/90/168550.jpg,https://img.travel.rakuten.co.jp/share/HOTEL/168550/168550_kan1.jpg,https://img.travel.rakuten.co.jp/HIMG/INTERIOR/168550.jpg,https://img.travel.rakuten.co.jp/share/HOTEL/168550/168550map.gif,49.0,4.37,"おじちゃん、おばあちゃんの家に来た暖かい心になりました。　2026-08-23 08:22:15投稿 <a href=""https://img.travel.rakuten.co.jp/image/tr/api/re/gJNfM/?f_hotel_no=168550"" class=""3click"">つづきはこちら</a>",1,おまかせ和室（Wi-Fi完備）,5519521.0,【素泊り】うみてらす豊前もすぐ近く♪気軽に過ごせる豊前の宿,1,0,0,0,0,1,https://img.travel.rakuten.co.jp/image/tr/api/re/IdsCY/?f_no=168550&f_syu=1&f_hi1=2026-10-17&f_hi2=2026-10-18&f_heya_su=1&f_otona_su=1&f_s1=0&f_s2=0&f_y1=0&f_y2=0&f_y3=0&f_y4=0&f_camp_id=5519521,0,2026-10-17,5800,5800,0,2026-10-17,buzen
191904,そらすな,https://img.travel.rakuten.co.jp/image/tr/api/re/pvonD/?f_no=191904,https://img.travel.rakuten.co.jp/image/tr/api/re/vFumt/?f_no=191904&f_flg=PLAN,https://img.travel.rakuten.co.jp/image/tr/api/re/WzozX/?noTomariHotel=191904,https://img.travel.rakuten.co.jp/image/tr/api/re/gJNfM/?f_hotel_no=191904,そらすな,◇全室オーシャンビュー◇サウナ付きルームやペット可能ルーム◇旬の食材やマリンアクティビティも楽しめるビーチサイドリゾート,3200,121389.37,471691.23,824-0014,福岡県,行橋市長井136-1,0930-55-0116,0930-28-9009,ＪＲ行橋駅よりお車で約１５分、北九州空港よりお車で約３０分,有り：79台無料、予約不要※22：00〜8:30の入出庫は事前にご連絡をお願いします。,行橋,https://img.travel.rakuten.co.jp/share/HOTEL/191904/191904.jpg,https://img.travel.rakuten.co.jp/HIMG/90/191904.jpg,,,https://img.travel.rakuten.co.jp/share/HOTEL/191904/191904map.gif,42.0,4.46,"天気があんまり良くなかっ…　2026-09-20 21:07:42投稿 <a href=""https://img.travel.rakuten.co.jp/image/tr/api/re/gJNfM/?f_hotel_no=191904"" class=""3click"">つづきはこちら</a>",sola2023r3,スタンダードルーム（ペット不可）,5985505.0,【お食事不要の方はこちら】水平線を望む全10室限定リゾートホテル/素泊まりプラン,1,0,0,0,0,2,https://img.travel.rakuten.co.jp/image/tr/api/re/IdsCY/?f_no=191904&f_syu=sola2023r3&f_hi1=2026-10-17&f_hi2=2026-10-18&f_heya_su=1&f_otona_su=1&f_s1=0&f_s2=0&f_y1=0&f_y2=0&f_y3=0&f_y4=0&f_camp_id=5985505,0,2026-10-17,16000,16000,0,2026-10-17,buzen
130601,梶本旅館,https://img.travel.rakuten.co.jp/image/tr/api/re/pvonD/?f_no=130601,https://img.travel.rakuten.co.jp/image/tr/api/re/vFumt/?f_no=130601&f_flg=PLAN,https://img.travel.rakuten.co.jp/image/tr/api/re/WzozX/?noTomariHotel=130601,https://img.travel.rakuten.co.jp/image/tr/api/re/gJNfM/?f_hotel_no=130601,かじもとりょかん,≪北九州空港から車で約10分≫家庭的な雰囲気とお手頃な値段でビジネス利用のお客様に人気。ボリューム満点の手作り夕食が好評,4300,121606.76,471565.02,800-0315,福岡県,京都郡苅田町港町8-3,093-434-1430,093-436-0475,JR苅田駅より徒歩15分／東九州自動車道・苅田北九州空港ICまで約5分、苅田港まで約5分、北九州空港まで約10分,有り　２０台　無料　要予約（大型車もＯＫ）,苅田,https://img.travel.rakuten.co.jp/share/HOTEL/130601/130601.jpg,https://img.travel.rakuten.co.jp/HIMG/90/130601.jpg,https://img.travel.rakuten.co.jp/share/HOTEL/130601/130601_war.jpg,https://img.travel.rakuten.co.jp/HIMG/INTERIOR/130601.jpg,https://img.travel.rakuten.co.jp/share/HOTEL/130601/130601map.gif,17.0,3.8,"ポットとレンジは廊下にあり、冷蔵庫も共用ですが、…　2026-08-05 16:53:04投稿 <a href=""https://img.travel.rakuten.co.jp/image/tr/api/re/gJNfM/?f_hotel_no=130601"" class=""3click"">つづきはこちら</a>",3,おまかせ和室4.5〜6畳,3838448.0,【素泊り】長期滞在歓迎★北九州への出張に★仕事後は宿でリラックス,1,0,0,0,0,1,https://img.travel.rakuten.co.jp/image/tr/api/re/IdsCY/?f_no=130601&f_syu=3&f_hi1=2026-10-17&f_hi2=2026-10-18&f_heya_su=1&f_otona_su=1&f_s1=0&f_s2=0&f_y1=0&f_y2=0&f_y3=0&f_y4=0&f_camp_id=3838448,0,2026-10-17,4300,4300,0,2026-10-17,buzen
151183,割烹旅館　紀文,https://img.travel.rakuten.co.jp/image/tr/api/re/pvonD/?f_no=151183,https://img.travel.rakuten.co.jp/image/tr/api/re/vFumt/?f_no=151183&f_flg=PLAN,https://img.travel.rakuten.co.jp/image/tr/api/re/WzozX/?noTomariHotel=151183,https://img.travel.rakuten.co.jp/image/tr/api/re/gJNfM/?f_hotel_no=151183,かっぽうりょかん　きぶん,ＪＲ築城駅から徒歩５分。築城ＩＣより車で５分 。お食事は個室をご案内,5310,121206.76,471737.25,829-0101,福岡県,築上郡築上町東築城116-1,0930-52-0050,0930-52-0100,ＪＲ日豊本線　築城駅より徒歩にて約５分,有り　１０台　無料　予約不要,築城,https://img.travel.rakuten.co.jp/share/HOTEL/151183/151183.jpg,https://img.travel.rakuten.co.jp/HIMG/90/151183.jpg,https://img.travel.rakuten.co.jp/share/HOTEL/151183/151183_kan1.jpg,https://img.travel.rakuten.co.jp/HIMG/INTERIOR/151183.jpg,https://img.travel.rakuten.co.jp/share/HOTEL/151183/151183map.gif,26.0,4.67,"翌日に福岡在住の知人と会う予定があったのですが、あえて街中から離れた旅館を探して、結果は大正解でした。普段の喧騒から離れて非常に落ち着いた時間を過ごす…　2026-09-07 00:17:19投稿 <a href=""https://img.travel.rakuten.co.jp/image/tr/api/re/gJNfM/?f_hotel_no=151183"" class=""3click"">つづきはこちら</a>",twin2,【バストイレ無し】ツイン,5755602.0,【直前割】直前予約で10％OFF！気ままな素泊りでお得旅♪,1,0,0,0,0,1,https://img.travel.rakuten.co.jp/image/tr/api/re/IdsCY/?f_no=151183&f_syu=twin2&f_hi1=2026-10-17&f_hi2=2026-10-18&f_heya_su=1&f_otona_su=1&f_s1=0&f_s2=0&f_y1=0&f_y2=0&f_y3=0&f_y4=0&f_camp_id=5755602,0,2026-10-17,6480,6480,0,2026-10-17,buzen
201935,旧安楽旅館　ＹＡＤＯ　ｅａｓｅ．,https://img.travel.rakuten.co.jp/image/tr/api/re/pvonD/?f_no=201935,https://img.travel.rakuten.co.jp/image/tr/api/re/vFumt/?f_no=201935&f_flg=PLAN,,https://img.travel.rakuten.co.jp/image/tr/api/re/gJNfM/?f_hotel_no=201935,きゅうあんらくりょかん　やどいーず,慌ただしい日々に、ひと呼吸。充実した旅の中にも、ゆるめる時間を。,5500,121209.41,471741.0,829-0101,福岡県,築上郡築上町大字東築城262,0930-31-0943,0930-31-0943,築城駅から徒歩2分,あり 2台　無料　要予約,築城,https://img.travel.rakuten.co.jp/share/HOTEL/201935/201935.jpg,https://img.travel.rakuten.co.jp/HIMG/90/201935.jpg,,,https://img.travel.rakuten.co.jp/share/HOTEL/201935/201935map.gif,,,,01,シングルルーム（和室）,6554352.0,築城駅から徒歩２分、駐車場無料！キッチンあり、お風呂は浴槽もあり！のんびり素泊まりプラン♪,1,0,0,0,0,1,https://img.travel.rakuten.co.jp/image/tr/api/re/IdsCY/?f_no=201935&f_syu=01&f_hi1=2026-10-17&f_hi2=2026-10-18&f_heya_su=1&f_otona_su=1&f_s1=0&f_s2=0&f_y1=0&f_y2=0&f_y3=0&f_y4=0&f_camp_id=6554352,0,2026-10-17,7500,7500,0,2026-10-17,buzen
