basic_hotelNo,basic_hotelName,basic_hotelInformationUrl,basic_planListUrl,basic_dpPlanListUrl,basic_reviewUrl,basic_hotelKanaName,basic_hotelSpecial,basic_hotelMinCharge,basic_latitude,basic_longitude,basic_postalCode,basic_address1,basic_address2,basic_telephoneNo,basic_faxNo,basic_access,basic_parkingInformation,basic_nearestStation,basic_hotelImageUrl,basic_hotelThumbnailUrl,basic_roomImageUrl,basic_roomThumbnailUrl,basic_hotelMapImageUrl,basic_reviewCount,basic_reviewAverage,basic_userReview,room_roomClass,room_roomName,room_planId,room_planName,room_pointRate,room_withDinnerFlag,room_dinnerSelectFlag,room_withBreakfastFlag,room_breakfastSelectFlag,room_payment,room_reserveUrl,room_salesformFlag,charge_stayDate,charge_rakutenCharge,charge_total,charge_chargeFlag,date,area
72085,ホテルグランスパ　アベニュー,https://img.travel.rakuten.co.jp/image/tr/api/re/pvonD/?f_no=72085,https://img.travel.rakuten.co.jp/image/tr/api/re/vFumt/?f_no=72085&f_flg=PLAN,https://img.travel.rakuten.co.jp/image/tr/api/re/WzozX/?noTomariHotel=72085,https://img.travel.rakuten.co.jp/image/tr/api/re/gJNfM/?f_hotel_no=72085,ぐらんすぱ　あべにゅー,2024年全館リニューアル！大浴場・露天風呂で源泉かけ流しpH10.0天然温泉を満喫◆朝食＆駐車場無料,5800,120295.31,470365.07,838-0068,福岡県,朝倉市甘木1677-2,0946-22-1215,0946-22-1085,車で大分自動車道 甘木ICより、筑後小郡より19分、高速バスご利用の場合、福岡天神まで約1時間　西鉄甘木駅から徒歩2分,【無料】160台収容立体駐車場有り。３Fフロント直通通路有。平置き駐車場も完備(4ｔトラックもＯＫ),甘木,https://img.travel.rakuten.co.jp/share/HOTEL/72085/72085.jpg,https://img.travel.rakuten.co.jp/HIMG/90/72085.jpg,https://img.travel.rakuten.co.jp/share/HOTEL/72085/72085_s.jpg,https://img.travel.rakuten.co.jp/HIMG/INTERIOR/72085.jpg,https://img.travel.rakuten.co.jp/share/HOTEL/72085/72085map.gif,1366.0,4.14,"お部屋のお風呂でも温泉を満喫することができ、心身ともにゆったりと寛げました。大浴場の温泉も大変泉質が良く、お肌がしっと…　2026-09-05 09:54:06投稿 <a href=""https://img.travel.rakuten.co.jp/image/tr/api/re/gJNfM/?f_hotel_no=72085"" class=""3click"">つづきはこちら</a>",nss,【禁煙】スタンダードシングル,5510383.0,【5％OFF】【楽天スーパーSALE】ビジネス＆一人旅応援プラン《朝食・駐車場・VOD・WiFi付》,1,0,0,1,0,1,https://img.travel.rakuten.co.jp/image/tr/api/re/IdsCY/?f_no=72085&f_syu=nss&f_hi1=2026-10-03&f_hi2=2026-10-04&f_heya_su=1&f_otona_su=1&f_s1=0&f_s2=0&f_y1=0&f_y2=0&f_y3=0&f_y4=0&f_camp_id=5510383,0,2026-10-03,9500,9500,0,2026-10-03,kurume
3101,久留米ステーションホテル,https://img.travel.rakuten.co.jp/image/tr/api/re/pvonD/?f_no=3101,https://img.travel.rakuten.co.jp/image/tr/api/re/vFumt/?f_no=3101&f_flg=PLAN,https://img.travel.rakuten.co.jp/image/tr/api/re/WzozX/?noTomariHotel=3101,https://img.travel.rakuten.co.jp/image/tr/api/re/gJNfM/?f_hotel_no=3101,くるめ　すてーしょんほてる,JR久留米駅前アクセス良好、駐車場無料（先着40台）,3800,119938.37,469819.09,830-0023,福岡県,久留米市中央町2-14,0942-36-1122,0942-36-0459,JR久留米駅前アクセス良好！（JR久留米駅東口から徒歩１分）,有り　４０台　無料（先着順）,久留米,https://img.travel.rakuten.co.jp/share/HOTEL/3101/3101.jpg,https://img.travel.rakuten.co.jp/HIMG/90/3101.jpg,https://img.travel.rakuten.co.jp/share/HOTEL/3101/3101_room.jpg,https://img.travel.rakuten.co.jp/HIMG/INTERIOR/3101.jpg,https://img.travel.rakuten.co.jp/share/HOTEL/3101/3101map.gif,1583.0,3.89,,sn,禁煙シングル,3274004.0,★シングルプラン  ♪JR久留米駅徒歩１分♪駐車場無料♪（先着順）,1,0,0,0,0,1,https://img.travel.rakuten.co.jp/image/tr/api/re/IdsCY/?f_no=3101&f_syu=sn&f_hi1=2026-10-03&f_hi2=2026-10-04&f_heya_su=1&f_otona_su=1&f_s1=0&f_s2=0&f_y1=0&f_y2=0&f_y3=0&f_y4=0&f_camp_id=3274004,0,2026-10-03,10800,10800,0,2026-10-03,kurume
184523,備長炭の湯　ホテル久留米ヒルズ（ＢＢＨホテルグループ）,https://img.travel.rakuten.co.jp/image/tr/api/re/pvonD/?f_no=184523,https://img.travel.rakuten.co.jp/image/tr/api/re/vFumt/?f_no=184523&f_flg=PLAN,https://img.travel.rakuten.co.jp/image/tr/api/re/WzozX/?noTomariHotel=184523,https://img.travel.rakuten.co.jp/image/tr/api/re/gJNfM/?f_hotel_no=184523,びんちょうたんのゆ　ほてるくるめひるず（びーびーえいちほてるぐるーぷ）,無料朝食バイキング＆無料駐車場（先着15台）でビジネス・観光へのアクセス抜群【全国多数舗展開中のBBHホテルグループ】,4050,119905.38,469861.08,830-0031,福岡県,久留米市六ツ門町15-3,050-1725-6457,0942-64-8887,西鉄久留米駅から徒歩8分、久留米インターから車で15分,有り　15台　無料 (先着順･予約不可）,西鉄久留米,https://img.travel.rakuten.co.jp/share/HOTEL/184523/184523.jpg,https://img.travel.rakuten.co.jp/HIMG/90/184523.jpg,,,https://img.travel.rakuten.co.jp/share/HOTEL/184523/184523map.gif,729.0,3.62,"安全…　2026-09-23 08:48:18投稿 <a href=""https://img.travel.rakuten.co.jp/image/tr/api/re/gJNfM/?f_hotel_no=184523"" class=""3click"">つづきはこちら</a>",ssingle,◆喫煙シングルルーム◆12平米／140センチ幅ダブルベッド,6576634.0,【楽天スーパーSALE】【シンプルステイ】お食事なし素泊まりプラン,1,0,0,0,0,1,https://img.travel.rakuten.co.jp/image/tr/api/re/IdsCY/?f_no=184523&f_syu=ssingle&f_hi1=2026-10-03&f_hi2=2026-10-04&f_heya_su=1&f_otona_su=1&f_s1=0&f_s2=0&f_y1=0&f_y2=0&f_y3=0&f_y4=0&f_camp_id=6576634,0,2026-10-03,15200,15200,0,2026-10-03,kurume
172633,グリーンリッチホテル久留米　天然温泉・有馬六ツ門の湯,https://img.travel.rakuten.co.jp/image/tr/api/re/pvonD/?f_no=172633,https://img.travel.rakuten.co.jp/image/tr/api/re/vFumt/?f_no=172633&f_flg=PLAN,https://img.travel.rakuten.co.jp/image/tr/api/re/WzozX/?noTomariHotel=172633,https://img.travel.rakuten.co.jp/image/tr/api/re/gJNfM/?f_hotel_no=172633,ぐりーんりっちほてるくるめ　,久留米唯一の天然温泉大浴場完備のデザイナーズホテル　酸素ルーム有り　好評！朝食バイキング,4136,119926.87,469857.01,830-0017,福岡県,久留米市日吉町18-1,0942-39-3000,0942-46-3300,●西鉄久留米駅より車で3分、JR久留米駅より車で3分●福岡空港連絡バス停「六ツ門」徒歩3分●,"有　車高制限：185cm　１泊1,200円■先着順■満車時は近隣のコインパーキングをご案内します。",久留米,https://img.travel.rakuten.co.jp/share/HOTEL/172633/172633.jpg,https://img.travel.rakuten.co.jp/HIMG/90/172633.jpg,https://img.travel.rakuten.co.jp/share/HOTEL/172633/172633_kan1.jpg,https://img.travel.rakuten.co.jp/HIMG/INTERIOR/172633.jpg,https://img.travel.rakuten.co.jp/share/HOTEL/172633/172633map.gif,977.0,4.21,"お部屋がゆったりスペースがとられていて、きれいで過ごしやすかったです。２日目の観光から戻り、エアコンを付けるとコンコンと音が鳴り始めたためフロントの方へ連絡させて頂きました。すぐに部屋交換をして頂き静…　2026-09-25 19:33:30投稿 <a href=""https://img.travel.rakuten.co.jp/image/tr/api/re/gJNfM/?f_hotel_no=172633"" class=""3click"">つづきはこちら</a>",swn,【禁煙】スイートルーム,6570468.0,【楽天スーパーSALE】【素泊まり】シンプルステイ,1,0,0,0,0,1,https://img.travel.rakuten.co.jp/image/tr/api/re/IdsCY/?f_no=172633&f_syu=swn&f_hi1=2026-10-03&f_hi2=2026-10-04&f_heya_su=1&f_otona_su=1&f_s1=0&f_s2=0&f_y1=0&f_y2=0&f_y3=0&f_y4=0&f_camp_id=6570468,0,2026-10-03,83190,83190,0,2026-10-03,kurume
1373,ホテルニュープラザ久留米,https://img.travel.rakuten.co.jp/image/tr/api/re/pvonD/?f_no=1373,https://img.travel.rakuten.co.jp/image/tr/api/re/vFumt/?f_no=1373&f_flg=PLAN,https://img.travel.rakuten.co.jp/image/tr/api/re/WzozX/?noTomariHotel=1373,https://img.travel.rakuten.co.jp/image/tr/api/re/gJNfM/?f_hotel_no=1373,にゅーぷらざくるめ,西鉄久留米駅より徒歩7分、駐車スペースは200台、ビジネスからファミリーまで多様なお部屋タイプをご準備しております。,3500,119906.11,469864.36,830-0031,福岡県,久留米市六ッ門町16-1,0942-33-0010,0942-38-6583,西鉄久留米駅から徒歩7分。JR久留米駅から車で5分。広又バス停まで徒歩２分,普通車200台　 550円（税込/泊）　/　大型車（バス･トラック）は事前にホテルへご確認下さい,久留米,https://img.travel.rakuten.co.jp/share/HOTEL/1373/1373.jpg,https://img.travel.rakuten.co.jp/HIMG/90/1373.jpg,https://img.travel.rakuten.co.jp/share/HOTEL/1373/1373_sgl.jpg,https://img.travel.rakuten.co.jp/HIMG/INTERIOR/1373.jpg,https://img.travel.rakuten.co.jp/share/HOTEL/1373/1373map.gif,2605.0,3.66,,sb,【喫煙】シングル 14〜20平米,5798530.0,【オンラインカード決済限定】注意事項をご確認の上ご予約下さい。宿泊税別,1,0,0,0,0,2,https://img.travel.rakuten.co.jp/image/tr/api/re/IdsCY/?f_no=1373&f_syu=sb&f_hi1=2026-10-03&f_hi2=2026-10-04&f_heya_su=1&f_otona_su=1&f_s1=0&f_s2=0&f_y1=0&f_y2=0&f_y3=0&f_y4=0&f_camp_id=5798530,0,2026-10-03,8400,8400,1,2026-10-03,kurume
72868,ＨＯＴＥＬ　ＡＺ　福岡甘木インター店,https://img.travel.rakuten.co.jp/image/tr/api/re/pvonD/?f_no=72868,https://img.travel.rakuten.co.jp/image/tr/api/re/vFumt/?f_no=72868&f_flg=PLAN,https://img.travel.rakuten.co.jp/image/tr/api/re/WzozX/?noTomariHotel=72868,https://img.travel.rakuten.co.jp/image/tr/api/re/gJNfM/?f_hotel_no=72868,ほてるえーぜっと　ふくおかあまぎいんたーてん,甘木インターすぐそばでアクセス良好！朝食無料！無料駐車場146台完備！全室インターネット接続OK！,5370,120252.35,470358.66,838-0068,福岡県,朝倉市甘木397-6,0946-21-3301,0946-21-3302,大分自動車道　甘木インターより車で１分　JR甘木駅より車で5分　　,無料駐車場146台あり　普通車：予約不要 、中型車・大型車：要予約,,https://img.travel.rakuten.co.jp/share/HOTEL/72868/72868.jpg,https://img.travel.rakuten.co.jp/HIMG/90/72868.jpg,,,https://img.travel.rakuten.co.jp/share/HOTEL/72868/72868map.gif,1198.0,3.91,"観光のため一泊しました。周辺は飲食店、スーパーなどあり不便はありませんでした。部屋についてもゆっくりできる広さで、朝食も無料で食べられるなら満足の内容。ただ、チェックインの時、フロントに人はいるのに何…　2026-09-24 21:19:13投稿 <a href=""https://img.travel.rakuten.co.jp/image/tr/api/re/gJNfM/?f_hotel_no=72868"" class=""3click"">つづきはこちら</a>",sgln,【禁煙】シングル,6385937.0,【宿泊税込】スタンダードプラン（朝食サービス）,1,0,0,1,0,1,https://img.travel.rakuten.co.jp/image/tr/api/re/IdsCY/?f_no=72868&f_syu=sgln&f_hi1=2026-10-03&f_hi2=2026-10-04&f_heya_su=1&f_otona_su=1&f_s1=0&f_s2=0&f_y1=0&f_y2=0&f_y3=0&f_y4=0&f_camp_id=6385937,0,2026-10-03,6580,6580,0,2026-10-03,kurume
8746,エンナンホテル　久留米,https://img.travel.rakuten.co.jp/image/tr/api/re/pvonD/?f_no=8746,https://img.travel.rakuten.co.jp/image/tr/api/re/vFumt/?f_no=8746&f_flg=PLAN,https://img.travel.rakuten.co.jp/image/tr/api/re/WzozX/?noTomariHotel=8746,https://img.travel.rakuten.co.jp/image/tr/api/re/gJNfM/?f_hotel_no=8746,えんなんほてる　くるめ,西鉄久留米駅徒歩2分/デュベスタイル/チェックアウト11時/wifi・有線LAN完備/VOD無料/ウォシュレット完備,3360,119909.79,469877.0,830-0032,福岡県,久留米市東町29-10,0942-38-3811,0942-38-3818,西鉄久留米駅から徒歩2分、JR久留米駅から車にて5分、久留米ICから車で10分、福岡空港から西鉄高速バス(直通)45分。,●1台（普通車サイズ）で第一駐車場1泊900円、第二駐車場1泊600円です。（先着順：予約不可）,西鉄久留米,https://img.travel.rakuten.co.jp/share/HOTEL/8746/8746.jpg,https://img.travel.rakuten.co.jp/HIMG/90/8746.jpg,https://img.travel.rakuten.co.jp/share/HOTEL/8746/8746_si.jpg,https://img.travel.rakuten.co.jp/HIMG/INTERIOR/8746.jpg,https://img.travel.rakuten.co.jp/share/HOTEL/8746/8746map.gif,3384.0,3.55,,0711dss,【喫煙】シングルルーム/14平米/ダブルベット,1872628.0,【素泊まり】西鉄久留米駅から徒歩3分★Wベッド★VOD見放題★大浴場・軟水風呂,1,0,0,0,0,1,https://img.travel.rakuten.co.jp/image/tr/api/re/IdsCY/?f_no=8746&f_syu=0711dss&f_hi1=2026-10-03&f_hi2=2026-10-04&f_heya_su=1&f_otona_su=1&f_s1=0&f_s2=0&f_y1=0&f_y2=0&f_y3=0&f_y4=0&f_camp_id=1872628,0,2026-10-03,14740,14740,0,2026-10-03,kurume
178227,ザ・セレクトン久留米,https://img.travel.rakuten.co.jp/image/tr/api/re/pvonD/?f_no=178227,https://img.travel.rakuten.co.jp/image/tr/api/re/vFumt/?f_no=178227&f_flg=PLAN,https://img.travel.rakuten.co.jp/image/tr/api/re/WzozX/?noTomariHotel=178227,https://img.travel.rakuten.co.jp/image/tr/api/re/gJNfM/?f_hotel_no=178227,ざ　せれくとん　くるめ,西鉄久留米駅より徒歩7分と福岡市内からのアクセス便利★男女別大浴場あり★全室禁煙＆Bluetoothスピーカー完備で快適,3460,119906.32,469859.98,830-0031,福岡県,久留米市六ツ門町17-30,0942-40-5020,0942-27-8641,●西鉄久留米駅より徒歩約7分 ●JR久留米駅より車で約5分 ●西鉄バス「六ッ門・シティプラザ前」バス停より徒歩約5分,駐車台数に限りがございます（5台）※満車時は近隣コインパーキングをご案内しております。（提携なし）,西鉄久留米,https://img.travel.rakuten.co.jp/share/HOTEL/178227/178227.jpg,https://img.travel.rakuten.co.jp/HIMG/90/178227.jpg,,,https://img.travel.rakuten.co.jp/share/HOTEL/178227/178227map.gif,644.0,3.9,"部屋も広く、ベッド以外に窓際に机といすもあるし、快適で…　2026-09-18 09:14:04投稿 <a href=""https://img.travel.rakuten.co.jp/image/tr/api/re/gJNfM/?f_hotel_no=178227"" class=""3click"">つづきはこちら</a>",stwa,シャワードツイン（禁煙）,6353884.0,【10％OFF】【楽天スーパーSALE】素泊まり 無料夕食付！ ★Wi-Fi完備＆男女別大浴場完備♪,1,0,0,0,0,1,https://img.travel.rakuten.co.jp/image/tr/api/re/IdsCY/?f_no=178227&f_syu=stwa&f_hi1=2026-10-03&f_hi2=2026-10-04&f_heya_su=1&f_otona_su=1&f_s1=0&f_s2=0&f_y1=0&f_y2=0&f_y3=0&f_y4=0&f_camp_id=6353884,0,2026-10-03,17640,17640,0,2026-10-03,kurume
196704,いやし処ほてる寛楽　久留米駅前,https://img.travel.rakuten.co.jp/image/tr/api/re/pvonD/?f_no=196704,https://img.travel.rakuten.co.jp/image/tr/api/re/vFumt/?f_no=196704&f_flg=PLAN,https://img.travel.rakuten.co.jp/image/tr/api/re/WzozX/?noTomariHotel=196704,https://img.travel.rakuten.co.jp/image/tr/api/re/gJNfM/?f_hotel_no=196704,いやしどころほてる かんらく くるめえきまえ,日本を感じる「和」の雰囲気と「洋」の快適さを持ち お客様に「寛ぎ」と「楽しさ」をお届けします。,3910,119923.14,469881.24,830-0018,福岡県,久留米市通町108-4,0942-48-3388,0942-48-3308,西鉄久留米駅より車で4分　徒歩7分,なし,西鉄久留米,https://img.travel.rakuten.co.jp/share/HOTEL/196704/196704.jpg,https://img.travel.rakuten.co.jp/HIMG/90/196704.jpg,,,https://img.travel.rakuten.co.jp/share/HOTEL/196704/196704map.gif,,,"大浴場は洗い場3つのこぢんまりした感じ。たまたま混んでなかったので利用できました。洗い場は仕切りがあっ…　2026-07-21 21:46:54投稿 <a href=""https://img.travel.rakuten.co.jp/image/tr/api/re/gJNfM/?f_hotel_no=196704"" class=""3click"">つづきはこちら</a>",stdouble,スタンダードダブル,6570430.0,【期間限定】開業1周年記念プラン 素泊まり 無料夕食あり★Wi-Fi完備＆男女別大浴場で快適ステイ♪,1,0,0,0,0,1,https://img.travel.rakuten.co.jp/image/tr/api/re/IdsCY/?f_no=196704&f_syu=stdouble&f_hi1=2026-10-03&f_hi2=2026-10-04&f_heya_su=1&f_otona_su=1&f_s1=0&f_s2=0&f_y1=0&f_y2=0&f_y3=0&f_y4=0&f_camp_id=6570430,0,2026-10-03,17670,17670,0,2026-10-03,kurume
198682,ＨＯＴＥＬ　Ｒ９　Ｔｈｅ　Ｙａｒｄ　大刀洗,https://img.travel.rakuten.co.jp/image/tr/api/re/pvonD/?f_no=198682,https://img.travel.rakuten.co.jp/image/tr/api/re/vFumt/?f_no=198682&f_flg=PLAN,https://img.travel.rakuten.co.jp/image/tr/api/re/WzozX/?noTomariHotel=198682,https://img.travel.rakuten.co.jp/image/tr/api/re/gJNfM/?f_hotel_no=198682,ほてる あーるないん ざ やーど たちあらい,筑後小郡ICより車で4分！大刀洗町への出張や観光の拠点に！カレーなど軽食サービス付,3900,120233.11,470147.2,830-1224,福岡県,三井郡大刀洗町鵜木1440-1,0942-48-6235,0942-48-6236,【電車】甘木鉄道今隈駅より徒歩6分。【お車】筑後小郡ICより車で4分。,無料 有り 60台※大型車（2トントラック以上）をご利用の際は、事前にお電話でお問い合わせください。,西鉄小郡,https://img.travel.rakuten.co.jp/share/HOTEL/198682/198682.jpg,https://img.travel.rakuten.co.jp/HIMG/90/198682.jpg,,,https://img.travel.rakuten.co.jp/share/HOTEL/198682/198682map.gif,103.0,4.29,"コンテナホテルは初めて利用しましたが、二人利用でも問題ない広さでした。すぐ隣に２４時間スーパーがあるので、買い出しも困りません。朝食は冷凍弁当５～６種の中から選べます。カレー・ピラフ・マーボーナスなど…　2026-09-27 10:19:29投稿 <a href=""https://img.travel.rakuten.co.jp/image/tr/api/re/gJNfM/?f_hotel_no=198682"" class=""3click"">つづきはこちら</a>",double,【禁煙】ダブルルーム （約13平米/最大2名様）,6424887.0,【スタンダード】ビジネスや観光の拠点に♪軽食＆ホットドリンク付【駐車場至近＆無料】,1,0,0,0,0,1,https://img.travel.rakuten.co.jp/image/tr/api/re/IdsCY/?f_no=198682&f_syu=double&f_hi1=2026-10-03&f_hi2=2026-10-04&f_heya_su=1&f_otona_su=1&f_s1=0&f_s2=0&f_y1=0&f_y2=0&f_y3=0&f_y4=0&f_camp_id=6424887,0,2026-10-03,12000,12000,0,2026-10-03,kurume
196481,ＨＯＴＥＬ　Ｒ９　Ｔｈｅ　Ｙａｒｄ　筑前,https://img.travel.rakuten.co.jp/image/tr/api/re/pvonD/?f_no=196481,https://img.travel.rakuten.co.jp/image/tr/api/re/vFumt/?f_no=196481&f_flg=PLAN,https://img.travel.rakuten.co.jp/image/tr/api/re/WzozX/?noTomariHotel=196481,https://img.travel.rakuten.co.jp/image/tr/api/re/gJNfM/?f_hotel_no=196481, あーるないん ざ やーど ちくぜん,筑後小郡ICより車で12分！スーパー・コンビニ至近★周辺に工業団地が多数◎無料軽食付,3900,120423.38,470166.52,838-0215,福岡県,朝倉郡筑前町篠隈183-8,0946-28-8202,0946-28-8203,【電車】筑紫駅より車で約１４分。原田駅より車で約１２分。【お車】筑後小郡ＩＣより車で約１２分。,無料 有り 47台※大型車（2トントラック以上）をご利用の際は、事前にお電話でお問い合わせください。,原田（福岡）,https://img.travel.rakuten.co.jp/share/HOTEL/196481/196481.jpg,https://img.travel.rakuten.co.jp/HIMG/90/196481.jpg,,,https://img.travel.rakuten.co.jp/share/HOTEL/196481/196481map.gif,79.0,4.13,"部屋の出入りは教えてもらったパスワードのみ。記載画面を撮影するように言われたが、せめて印刷してほしいかな。…　2026-09-27 22:50:44投稿 <a href=""https://img.travel.rakuten.co.jp/image/tr/api/re/gJNfM/?f_hotel_no=196481"" class=""3click"">つづきはこちら</a>",double,【禁煙】ダブルルーム （約13平米/最大2名様）,6226582.0,【スタンダード】ビジネスや観光の拠点に♪軽食＆ホットドリンク付【駐車場至近＆無料】,1,0,0,0,0,1,https://img.travel.rakuten.co.jp/image/tr/api/re/IdsCY/?f_no=196481&f_syu=double&f_hi1=2026-10-03&f_hi2=2026-10-04&f_heya_su=1&f_otona_su=1&f_s1=0&f_s2=0&f_y1=0&f_y2=0&f_y3=0&f_y4=0&f_camp_id=6226582,0,2026-10-03,9200,9200,0,2026-10-03,kurume
151388,ＨＯＴＥＬ　ＡＺ　福岡うきは店,https://img.travel.rakuten.co.jp/image/tr/api/re/pvonD/?f_no=151388,https://img.travel.rakuten.co.jp/image/tr/api/re/vFumt/?f_no=151388&f_flg=PLAN,https://img.travel.rakuten.co.jp/image/tr/api/re/WzozX/?noTomariHotel=151388,https://img.travel.rakuten.co.jp/image/tr/api/re/gJNfM/?f_hotel_no=151388,ほてる　えーぜっと　ふくおかうきはてん,杷木ＩＣより車で約7分！　駐車場無料・朝食無料・インターネット接続無料,4820,120011.29,470901.71,839-1403,福岡県,うきは市浮羽町東隈上314-4,0943-74-3311,0943-74-3312,九州自動車道　杷木ＩＣより車で約7分　ＪＲうきは駅よりお車にて約６分,無料駐車場92台あり　普通車：予約不要 、中型車・大型車：要予約,うきは,https://img.travel.rakuten.co.jp/share/HOTEL/151388/151388.jpg,https://img.travel.rakuten.co.jp/HIMG/90/151388.jpg,https://img.travel.rakuten.co.jp/share/HOTEL/151388/151388_kan1.jpg,https://img.travel.rakuten.co.jp/HIMG/INTERIOR/151388.jpg,https://img.travel.rakuten.co.jp/share/HOTEL/151388/151388map.gif,178.0,3.77,"…　2026-09-05 08:10:23投稿 <a href=""https://img.travel.rakuten.co.jp/image/tr/api/re/gJNfM/?f_hotel_no=151388"" class=""3click"">つづきはこちら</a>",001,【喫煙】シングル,6385991.0,【宿泊税込】スタンダードプラン（朝食サービス）,1,0,0,1,0,1,https://img.travel.rakuten.co.jp/image/tr/api/re/IdsCY/?f_no=151388&f_syu=001&f_hi1=2026-10-03&f_hi2=2026-10-04&f_heya_su=1&f_otona_su=1&f_s1=0&f_s2=0&f_y1=0&f_y2=0&f_y3=0&f_y4=0&f_camp_id=6385991,0,2026-10-03,6580,6580,0,2026-10-03,kurume
78200,筑後川温泉　桑之屋,https://img.travel.rakuten.co.jp/image/tr/api/re/pvonD/?f_no=78200,https://img.travel.rakuten.co.jp/image/tr/api/re/vFumt/?f_no=78200&f_flg=PLAN,https://img.travel.rakuten.co.jp/image/tr/api/re/WzozX/?noTomariHotel=78200,https://img.travel.rakuten.co.jp/image/tr/api/re/gJNfM/?f_hotel_no=78200,ちくごがわおんせん　くわのや,≪源泉かけ流し100％天然温泉≫美肌効果抜群の新鮮な天然温泉を、現代の名工が腕を振るう料理を個室食で＜貸切風呂無料＞,7150,120079.14,470910.71,839-1405,福岡県,うきは市浮羽町古川1099-10,0943-77-2148,0943-77-2700,九大線　大石駅から車で５分（送迎有り・要予約）,有り　８０台　無料　予約不要,大石,https://img.travel.rakuten.co.jp/share/HOTEL/78200/78200.jpg,https://img.travel.rakuten.co.jp/HIMG/90/78200.jpg,https://img.travel.rakuten.co.jp/share/HOTEL/78200/78200_k.jpg,https://img.travel.rakuten.co.jp/HIMG/INTERIOR/78200.jpg,https://img.travel.rakuten.co.jp/share/HOTEL/78200/78200map.gif,261.0,4.2,"その上今回は４階のベットの部屋…　2026-09-26 14:53:08投稿 <a href=""https://img.travel.rakuten.co.jp/image/tr/api/re/gJNfM/?f_hotel_no=78200"" class=""3click"">つづきはこちら</a>",wa_rc_bd_1,和室京間１０畳【素泊り】◆ベッドタイプ／禁煙,5795757.0,【素泊まり｜10畳和室・ベッドタイプ】◆天然温泉でリフレッシュ◆一人旅にもぴったり！,1,0,0,0,0,1,https://img.travel.rakuten.co.jp/image/tr/api/re/IdsCY/?f_no=78200&f_syu=wa_rc_bd_1&f_hi1=2026-10-03&f_hi2=2026-10-04&f_heya_su=1&f_otona_su=1&f_s1=0&f_s2=0&f_y1=0&f_y2=0&f_y3=0&f_y4=0&f_camp_id=5795757,0,2026-10-03,14850,14850,0,2026-10-03,kurume
53081,ホテル花景色,https://img.travel.rakuten.co.jp/image/tr/api/re/pvonD/?f_no=53081,https://img.travel.rakuten.co.jp/image/tr/api/re/vFumt/?f_no=53081&f_flg=PLAN,https://img.travel.rakuten.co.jp/image/tr/api/re/WzozX/?noTomariHotel=53081,https://img.travel.rakuten.co.jp/image/tr/api/re/gJNfM/?f_hotel_no=53081,ほてるはなげしき,つるつる美肌効果のアルカリ性硫黄温泉　濃度９．１　源泉かけ流し。,5985,120082.85,470919.62,839-1405,福岡県,うきは市浮羽町古川1097-1,0943-77-2110,0943-77-2079,●ＪＲ　筑後大石駅より車で５分 　　　　　　　　●高速バス　杷木バス停より車で３分,有り　3０台　無料　予約不要,筑後大石,https://img.travel.rakuten.co.jp/share/HOTEL/53081/53081.jpg,https://img.travel.rakuten.co.jp/HIMG/90/53081.jpg,https://img.travel.rakuten.co.jp/share/HOTEL/53081/53081_ky.jpg,https://img.travel.rakuten.co.jp/HIMG/INTERIOR/53081.jpg,https://img.travel.rakuten.co.jp/share/HOTEL/53081/53081map.gif,410.0,3.95,"立ち寄り湯をしている別館の家族湯の無料券を貰った。生憎の雨でも…　2026-09-28 12:02:35投稿 <a href=""https://img.travel.rakuten.co.jp/image/tr/api/re/gJNfM/?f_hotel_no=53081"" class=""3click"">つづきはこちら</a>",jpwitht,【禁煙】和室（トイレ付き、バス共用）,6579830.0,【楽天スーパーSALE】【朝食付き】朝からしっかり活動するためのエネルギー補給に！＜当ホテル特製朝食,1,0,0,1,0,1,https://img.travel.rakuten.co.jp/image/tr/api/re/IdsCY/?f_no=53081&f_syu=jpwitht&f_hi1=2026-10-03&f_hi2=2026-10-04&f_heya_su=1&f_otona_su=1&f_s1=0&f_s2=0&f_y1=0&f_y2=0&f_y3=0&f_y4=0&f_camp_id=6579830,0,2026-10-03,9975,9975,0,2026-10-03,kurume
160640,ニュー筑水荘,https://img.travel.rakuten.co.jp/image/tr/api/re/pvonD/?f_no=160640,https://img.travel.rakuten.co.jp/image/tr/api/re/vFumt/?f_no=160640&f_flg=PLAN,https://img.travel.rakuten.co.jp/image/tr/api/re/WzozX/?noTomariHotel=160640,https://img.travel.rakuten.co.jp/image/tr/api/re/gJNfM/?f_hotel_no=160640,にゅーちくすいそう,2022年9月一部リニューアル済！天然温泉と美味しい料理でおもてなし。ビジネスも観光もお待ちしております！,4950,120054.27,470800.17,839-1304,福岡県,うきは市吉井町千年596,0943-74-5555,0943-74-5566,筑後吉井駅から車で約10分。朝倉I.Cから車で約15分。博多からは高速バスで朝倉迄が早くてお得！,有り　１００台　無料　予約不要,うきは,https://img.travel.rakuten.co.jp/share/HOTEL/160640/160640.jpg,https://img.travel.rakuten.co.jp/HIMG/90/160640.jpg,https://img.travel.rakuten.co.jp/share/HOTEL/160640/160640_sho1.jpg,https://img.travel.rakuten.co.jp/HIMG/INTERIOR/160640.jpg,https://img.travel.rakuten.co.jp/share/HOTEL/160640/160640map.gif,89.0,3.98,"次行く時は、トイレ付きの部…　2026-09-24 19:37:30投稿 <a href=""https://img.travel.rakuten.co.jp/image/tr/api/re/gJNfM/?f_hotel_no=160640"" class=""3click"">つづきはこちら</a>",3w8,３Ｆ和８畳【シングルベッド】,5559985.0,【素泊り】ビジネスに湯治に☆温泉素泊り♪,1,0,0,0,0,1,https://img.travel.rakuten.co.jp/image/tr/api/re/IdsCY/?f_no=160640&f_syu=3w8&f_hi1=2026-10-03&f_hi2=2026-10-04&f_heya_su=1&f_otona_su=1&f_s1=0&f_s2=0&f_y1=0&f_y2=0&f_y3=0&f_y4=0&f_camp_id=5559985,0,2026-10-03,8800,8800,0,2026-10-03,kurume
187885,フェアフィールド・バイ・マリオット・福岡うきは,https://img.travel.rakuten.co.jp/image/tr/api/re/pvonD/?f_no=187885,https://img.travel.rakuten.co.jp/image/tr/api/re/vFumt/?f_no=187885&f_flg=PLAN,https://img.travel.rakuten.co.jp/image/tr/api/re/WzozX/?noTomariHotel=187885,https://img.travel.rakuten.co.jp/image/tr/api/re/gJNfM/?f_hotel_no=187885,ふぇあふぃーるど･ばい･まりおっと･ふくおかうきは,偶然と発見に出会う旅が待っている。特別な物語をここで。,5899,119990.79,470957.82,839-1408,福岡県,うきは市浮羽町山北734-6,06-6743-4750,06-6743-4584,JRうきは駅より車で約7分。杷木 ICより車で10分。,有：【ホテル専用駐車場／ホテル裏共同利用駐車場】をご利用ください（先着順）,うきは,https://img.travel.rakuten.co.jp/share/HOTEL/187885/187885.jpg,https://img.travel.rakuten.co.jp/HIMG/90/187885.jpg,,,https://img.travel.rakuten.co.jp/share/HOTEL/187885/187885map.gif,45.0,4.66,"設備面で星が低くなってます。　2026-09-24 09:00:54投稿 <a href=""https://img.travel.rakuten.co.jp/image/tr/api/re/gJNfM/?f_hotel_no=187885"" class=""3click"">つづきはこちら</a>",ukitwin,【禁煙】ツインルーム　25平米/ベッド幅120cm×2台,6571980.0,【9％OFF】【楽天スーパーSALE】〜素泊まり〜,1,0,0,0,0,2,https://img.travel.rakuten.co.jp/image/tr/api/re/IdsCY/?f_no=187885&f_syu=ukitwin&f_hi1=2026-10-03&f_hi2=2026-10-04&f_heya_su=1&f_otona_su=1&f_s1=0&f_s2=0&f_y1=0&f_y2=0&f_y3=0&f_y4=0&f_camp_id=6571980,0,2026-10-03,21780,21780,0,2026-10-03,kurume
184592,田篭の灯り,https://img.travel.rakuten.co.jp/image/tr/api/re/pvonD/?f_no=184592,https://img.travel.rakuten.co.jp/image/tr/api/re/vFumt/?f_no=184592&f_flg=PLAN,,https://img.travel.rakuten.co.jp/image/tr/api/re/gJNfM/?f_hotel_no=184592,たごもりのあかり,山間の集落を一望し、キャンプも楽しめるちょっと欲張りな山間のお宿,34000,119752.25,471044.55,839-1414,福岡県,うきは市浮羽町田篭516-1,0120-502-076,,公共交通手段をご利用の場合　JR博多駅　久留米経由　うきは駅下車     西鉄バス浮羽支線利用　浮羽発着所　中村,有り　無料　予約不要,うきは,https://img.travel.rakuten.co.jp/share/HOTEL/184592/184592.jpg,https://img.travel.rakuten.co.jp/HIMG/90/184592.jpg,,,https://img.travel.rakuten.co.jp/share/HOTEL/184592/184592map.gif,1.0,,,001,田篭の灯り「お宿」,6394443.0,【学生グループ割引】田篭の灯り「お宿」素泊りプラン（食材持ち込み可）,1,0,0,0,0,1,https://img.travel.rakuten.co.jp/image/tr/api/re/IdsCY/?f_no=184592&f_syu=001&f_hi1=2026-10-03&f_hi2=2026-10-04&f_heya_su=1&f_otona_su=1&f_s1=0&f_s2=0&f_y1=0&f_y2=0&f_y3=0&f_y4=0&f_camp_id=6394443,0,2026-10-03,58010,58010,1,2026-10-03,kurume
129948,うきは温泉　ふくせんか,https://img.travel.rakuten.co.jp/image/tr/api/re/pvonD/?f_no=129948,https://img.travel.rakuten.co.jp/image/tr/api/re/vFumt/?f_no=129948&f_flg=PLAN,https://img.travel.rakuten.co.jp/image/tr/api/re/WzozX/?noTomariHotel=129948,https://img.travel.rakuten.co.jp/image/tr/api/re/gJNfM/?f_hotel_no=129948,うきはおんせん　ふくせんか,4月週末限定クーポン発行中！ペット同宿可能♪品数豊富な料理ととろとろ湯でリフレッシュ！4つの貸切風呂☆,11440,120079.96,470911.89,839-1405,福岡県,うきは市浮羽町古川1099-8,0943-77-3131,0943-77-7450,ＪＲ　筑後大石駅よりお車にて７分／杷木ＩＣ下車約３分◆福岡市内からふくせんかへは車で約1時間の好アクセス！,有り　３０台　無料　予約不要,筑後大石,https://img.travel.rakuten.co.jp/share/HOTEL/129948/129948.jpg,https://img.travel.rakuten.co.jp/HIMG/90/129948.jpg,https://img.travel.rakuten.co.jp/share/HOTEL/129948/129948_spa.jpg,https://img.travel.rakuten.co.jp/HIMG/INTERIOR/129948.jpg,https://img.travel.rakuten.co.jp/share/HOTEL/129948/129948map.gif,498.0,4.21,"お部屋は広くて、家族4人と1匹には十分でした。評判通り、お料理が大変美味しかったです。　2026-09-22 17:15:48投稿 <a href=""https://img.travel.rakuten.co.jp/image/tr/api/re/gJNfM/?f_hotel_no=129948"" class=""3click"">つづきはこちら</a>",12,【筑後川を眺める】3F特別和洋室＜じあ＞貸切風呂付　禁煙,6183741.0,【特別室】朝食付プラン（朝半個室）,1,0,0,1,0,1,https://img.travel.rakuten.co.jp/image/tr/api/re/IdsCY/?f_no=129948&f_syu=12&f_hi1=2026-10-03&f_hi2=2026-10-04&f_heya_su=1&f_otona_su=1&f_s1=0&f_s2=0&f_y1=0&f_y2=0&f_y3=0&f_y4=0&f_camp_id=6183741,0,2026-10-03,25000,25000,0,2026-10-03,kurume
192141,以久波別邸　虎屋,https://img.travel.rakuten.co.jp/image/tr/api/re/pvonD/?f_no=192141,https://img.travel.rakuten.co.jp/image/tr/api/re/vFumt/?f_no=192141&f_flg=PLAN,,https://img.travel.rakuten.co.jp/image/tr/api/re/gJNfM/?f_hotel_no=192141,イクハベッテイトラヤ,築150年の古民家をリニューアルした一棟貸し宿 白壁の町並みで歴史を感じる滞在,6000,120024.48,470741.17,839-1321,福岡県,うきは市吉井町1128,070-2658-0764,0943-73-7774,JR筑後吉井駅より徒歩約15分 白壁の町並み方面へ 大分道朝倉ICより車約12分。,有り　20台　無料　うきは市管理：上町商店街 駐車場,筑後吉井,https://img.travel.rakuten.co.jp/share/HOTEL/192141/192141.jpg,https://img.travel.rakuten.co.jp/HIMG/90/192141.jpg,,,https://img.travel.rakuten.co.jp/share/HOTEL/192141/192141map.gif,5.0,3.5,,meiji,明治の間｜白壁通りに佇む築150年の古民家｜最大2名,6265149.0,【リニューアル特別価格】期間限定｜白壁の古民家で歴史を感じる滞在,1,0,0,0,0,2,https://img.travel.rakuten.co.jp/image/tr/api/re/IdsCY/?f_no=192141&f_syu=meiji&f_hi1=2026-10-03&f_hi2=2026-10-04&f_heya_su=1&f_otona_su=1&f_s1=0&f_s2=0&f_y1=0&f_y2=0&f_y3=0&f_y4=0&f_camp_id=6265149,0,2026-10-03,8000,8000,0,2026-10-03,kurume
198309,泊まれる学び舎＆ジビエＢＢＱ「ひみつ基地小塩」,https://img.travel.rakuten.co.jp/image/tr/api/re/pvonD/?f_no=198309,https://img.travel.rakuten.co.jp/image/tr/api/re/vFumt/?f_no=198309&f_flg=PLAN,,https://img.travel.rakuten.co.jp/image/tr/api/re/gJNfM/?f_hotel_no=198309,とまれるまなびやあんどじびえばーべきゅー「ひみつきちこじお」,2025年11月OPEN！廃校となった小塩小学校を活用した「ひみつ基地」,6200,119907.17,471043.84,839-1412,福岡県,うきは市浮羽町小塩2605-1,050-1721-5595,--,JR久大本線「うきは駅」からタクシーで約15分,駐車場あり（無料・予約不要）,うきは,https://img.travel.rakuten.co.jp/share/HOTEL/198309/198309.jpg,https://img.travel.rakuten.co.jp/HIMG/90/198309.jpg,,,https://img.travel.rakuten.co.jp/share/HOTEL/198309/198309map.gif,4.0,,,002,保健室,6377112.0,保健室｜素泊まりプラン　BBQ機材やアウトドア用品は付属しません。,1,0,0,0,0,1,https://img.travel.rakuten.co.jp/image/tr/api/re/IdsCY/?f_no=198309&f_syu=002&f_hi1=2026-10-03&f_hi2=2026-10-04&f_heya_su=1&f_otona_su=1&f_s1=0&f_s2=0&f_y1=0&f_y2=0&f_y3=0&f_y4=0&f_camp_id=6377112,0,2026-10-03,14400,14400,0,2026-10-03,kurume
187163,秋月の宿　月のはなれ,https://img.travel.rakuten.co.jp/image/tr/api/re/pvonD/?f_no=187163,https://img.travel.rakuten.co.jp/image/tr/api/re/vFumt/?f_no=187163&f_flg=PLAN,https://img.travel.rakuten.co.jp/image/tr/api/re/WzozX/?noTomariHotel=187163,https://img.travel.rakuten.co.jp/image/tr/api/re/gJNfM/?f_hotel_no=187163,あきづきのやど　つきのはなれ,秋月クラフトビール発祥の地にあるお宿です,7000,120521.37,470485.16,838-0001,福岡県,朝倉市秋月518,0946-25-0185,0946-23-8810,甘木鉄道甘木駅よりお車にて約１５分,有り　１０台　無料,甘木,https://img.travel.rakuten.co.jp/share/HOTEL/187163/187163.jpg,https://img.travel.rakuten.co.jp/HIMG/90/187163.jpg,,,https://img.travel.rakuten.co.jp/share/HOTEL/187163/187163map.gif,6.0,3.0,,sinkan_02,日本の原風景を満喫できるモダンリゾート（素泊まり）,,,1,0,0,0,0,2,https://img.travel.rakuten.co.jp/image/tr/api/re/IdsCY/?f_no=187163&f_syu=sinkan_02&f_hi1=2026-10-03&f_hi2=2026-10-04&f_heya_su=1&f_otona_su=1&f_s1=0&f_s2=0&f_y1=0&f_y2=0&f_y3=0&f_y4=0,1,2026-10-03,18000,18000,0,2026-10-03,kurume
195909,杷木松末アウトドアヴィレッジ,https://img.travel.rakuten.co.jp/image/tr/api/re/pvonD/?f_no=195909,https://img.travel.rakuten.co.jp/image/tr/api/re/vFumt/?f_no=195909&f_flg=PLAN,,https://img.travel.rakuten.co.jp/image/tr/api/re/gJNfM/?f_hotel_no=195909,はきますえあうとどあヴぃれっじ,BBQ・焚火・天然温泉・飲み放題付き◎冷暖房完備のグランピング体験！ご家族や友人と夏のアウトドアを気軽に満喫！,14300,120205.9,471004.94,838-1502,福岡県,朝倉市杷木松末　字相ケ谷849,050-5482-3331,000-000-0000,福岡空港より車で約１時間半、大分自動車道杷木ICより約１０分,有り　２０台　無料　予約不要,福岡空港,https://img.travel.rakuten.co.jp/share/HOTEL/195909/195909.jpg,https://img.travel.rakuten.co.jp/HIMG/90/195909.jpg,,,https://img.travel.rakuten.co.jp/share/HOTEL/195909/195909map.gif,19.0,4.29,"家族3人と大型犬一匹で一泊しました。ドッグランもあって愛犬も楽しそうに走り回ってました。少し高台にあるテントだったので見晴らしも良く、焚き火をしながらゆっくり過ごせたのも良かったです。大型犬と泊まれる…　2026-09-22 13:51:41投稿 <a href=""https://img.travel.rakuten.co.jp/image/tr/api/re/gJNfM/?f_hotel_no=195909"" class=""3click"">つづきはこちら</a>",dm3,3名定員DOMEテント 冷暖房完備（ペット可能）,6251712.0,【食材持ち込みプラン】焚き火×飲み放題でまったり時間♪ BBQ機材レンタル無料！(食材なし),1,0,0,0,0,2,https://img.travel.rakuten.co.jp/image/tr/api/re/IdsCY/?f_no=195909&f_syu=dm3&f_hi1=2026-10-03&f_hi2=2026-10-04&f_heya_su=1&f_otona_su=1&f_s1=0&f_s2=0&f_y1=0&f_y2=0&f_y3=0&f_y4=0&f_camp_id=6251712,0,2026-10-03,26400,26400,0,2026-10-03,kurume
192781,蝶がきらめくお宿　雪月花せつげっか,https://img.travel.rakuten.co.jp/image/tr/api/re/pvonD/?f_no=192781,https://img.travel.rakuten.co.jp/image/tr/api/re/vFumt/?f_no=192781&f_flg=PLAN,https://img.travel.rakuten.co.jp/image/tr/api/re/WzozX/?noTomariHotel=192781,https://img.travel.rakuten.co.jp/image/tr/api/re/gJNfM/?f_hotel_no=192781,ちょうがきらめくおやど　せつげっかせつげっか,トロつる温泉の露天風呂付きお部屋,14000,120060.28,470814.05,838-1521,福岡県,朝倉市杷木志波21-1,0946-23-9988,0946-23-9877,博多駅より日田行 高速バスで約70分。杷木バス停下車タクシー約5分,有り　60台　無料　要予約,福岡空港,https://img.travel.rakuten.co.jp/share/HOTEL/192781/192781.jpg,https://img.travel.rakuten.co.jp/HIMG/90/192781.jpg,,,https://img.travel.rakuten.co.jp/share/HOTEL/192781/192781map.gif,16.0,4.4,"時々、近くで花火があがって、今回も宿…　2026-09-23 18:17:51投稿 <a href=""https://img.travel.rakuten.co.jp/image/tr/api/re/gJNfM/?f_hotel_no=192781"" class=""3click"">つづきはこちら</a>",kira,和洋室【綺羅】※禁煙,6097172.0,【素泊まり】〜2024年4月完成！全室客室露天風呂付〜静寂のひとときを感じながら贅沢な癒しを満喫♪,1,0,0,0,0,1,https://img.travel.rakuten.co.jp/image/tr/api/re/IdsCY/?f_no=192781&f_syu=kira&f_hi1=2026-10-03&f_hi2=2026-10-04&f_heya_su=1&f_otona_su=1&f_s1=0&f_s2=0&f_y1=0&f_y2=0&f_y3=0&f_y4=0&f_camp_id=6097172,0,2026-10-03,30000,30000,0,2026-10-03,kurume
199493,ＲＥＮＶＩ　Ｕｋｉｈａ〜福岡の宿〜／民泊,https://img.travel.rakuten.co.jp/image/tr/api/re/pvonD/?f_no=199493,https://img.travel.rakuten.co.jp/image/tr/api/re/vFumt/?f_no=199493&f_flg=PLAN,,https://img.travel.rakuten.co.jp/image/tr/api/re/gJNfM/?f_hotel_no=199493,,うきはの一棟貸し。筑後吉井駅徒歩15分。最大9名。,7493,120048.39,470708.56,839-1306,福岡県,うきは市吉井町新治696-1-1,070-9011-3798,00-0000-0000,筑後吉井駅から徒歩で5分,あり,筑後吉井,https://img.travel.rakuten.co.jp/share/HOTEL/199493/199493.jpg,https://img.travel.rakuten.co.jp/HIMG/90/199493.jpg,,,https://img.travel.rakuten.co.jp/share/HOTEL/199493/199493map.gif,1.0,,,r21292_9,RENVI Ukiha〜福岡の宿〜,6606752.0,【楽天スーパーSALE】一棟貸切｜最大９名｜筑後吉井駅から平坦な道を歩いて１５分｜空,1,0,0,0,0,2,https://img.travel.rakuten.co.jp/image/tr/api/re/IdsCY/?f_no=199493&f_syu=r21292_9&f_hi1=2026-10-03&f_hi2=2026-10-04&f_heya_su=1&f_otona_su=1&f_s1=0&f_s2=0&f_y1=0&f_y2=0&f_y3=0&f_y4=0&f_camp_id=6606752,0,2026-10-03,38570,38570,0,2026-10-03,kurume
192262,小塩の灯り「石垣の別荘」,https://img.travel.rakuten.co.jp/image/tr/api/re/pvonD/?f_no=192262,https://img.travel.rakuten.co.jp/image/tr/api/re/vFumt/?f_no=192262&f_flg=PLAN,,https://img.travel.rakuten.co.jp/image/tr/api/re/gJNfM/?f_hotel_no=192262,こじおのあかり「いしがきのべっそう」,古代から続く美しい山間の築１００年を超の古民家を改装した１棟貸しの宿です。ご家族で、女子会で、カップルで特別なひととき,13440,119911.11,471047.88,839-1412,福岡県,うきは市浮羽町小塩2634-2,0943-77-2277,0942-32-3866,大分自動車道杷木ＩＣから約１５分、JRうきは駅より車で約１１分,有り　２台　無料　予約不要,うきは,https://img.travel.rakuten.co.jp/share/HOTEL/192262/192262.jpg,https://img.travel.rakuten.co.jp/HIMG/90/192262.jpg,,,https://img.travel.rakuten.co.jp/share/HOTEL/192262/192262map.gif,3.0,,,ishigaki,石垣の別荘,5998187.0,【子連れ歓迎！】小塩の灯り「石垣の別荘」素泊まり（食材持ち込み可）,1,0,0,0,0,2,https://img.travel.rakuten.co.jp/image/tr/api/re/IdsCY/?f_no=192262&f_syu=ishigaki&f_hi1=2026-10-03&f_hi2=2026-10-04&f_heya_su=1&f_otona_su=1&f_s1=0&f_s2=0&f_y1=0&f_y2=0&f_y3=0&f_y4=0&f_camp_id=5998187,0,2026-10-03,45150,45150,0,2026-10-03,kurume
141342,天然田園温泉ふかほり邸,https://img.travel.rakuten.co.jp/image/tr/api/re/pvonD/?f_no=141342,https://img.travel.rakuten.co.jp/image/tr/api/re/vFumt/?f_no=141342&f_flg=PLAN,https://img.travel.rakuten.co.jp/image/tr/api/re/WzozX/?noTomariHotel=141342,https://img.travel.rakuten.co.jp/image/tr/api/re/gJNfM/?f_hotel_no=141342,てんねんでんえんおんせんふかほりてい,4千坪の広大な敷地に【露天風呂付き客室が全7室】門をくぐると、広がる非日常空間…。自然食とかけ流し温泉を愉しむ癒しの宿。,54700,119696.04,469776.61,830-0111,福岡県,久留米市三潴町西牟田6552,0942-54-6681,0942-54-6682,ＪＲ鹿児島本線西牟田駅下車、車で約5分。／西鉄大牟田線大善寺駅下車、車で約10分／九州自動車道　広川ICより約20分,有り　１２台　無料　予約不要,西牟田,https://img.travel.rakuten.co.jp/share/HOTEL/141342/141342.jpg,https://img.travel.rakuten.co.jp/HIMG/90/141342.jpg,https://img.travel.rakuten.co.jp/share/HOTEL/141342/141342_kya1.jpg,https://img.travel.rakuten.co.jp/HIMG/INTERIOR/141342.jpg,https://img.travel.rakuten.co.jp/share/HOTEL/141342/141342map.gif,41.0,4.83,"部屋の内湯と露天風呂は大きさや温度もちょう…　2026-05-18 12:24:38投稿 <a href=""https://img.travel.rakuten.co.jp/image/tr/api/re/gJNfM/?f_hotel_no=141342"" class=""3click"">つづきはこちら</a>",7,【むくろじゅ】プライベートサウナ付のひっそりと佇む旧家母屋,6010159.0,【10％OFF】【楽天スーパーSALE】露天風呂付客室で美肌の湯を心ゆくまで。自然食会席／2食付,1,1,0,1,0,2,https://img.travel.rakuten.co.jp/image/tr/api/re/IdsCY/?f_no=141342&f_syu=7&f_hi1=2026-10-03&f_hi2=2026-10-04&f_heya_su=1&f_otona_su=1&f_s1=0&f_s2=0&f_y1=0&f_y2=0&f_y3=0&f_y4=0&f_camp_id=6010159,0,2026-10-03,118350,118350,0,2026-10-03,kurume
202454,ＨＯＴＥＬ　Ｒ９　Ｔｈｅ　Ｙａｒｄ　うきは,https://img.travel.rakuten.co.jp/image/tr/api/re/pvonD/?f_no=202454,https://img.travel.rakuten.co.jp/image/tr/api/re/vFumt/?f_no=202454&f_flg=PLAN,,https://img.travel.rakuten.co.jp/image/tr/api/re/gJNfM/?f_hotel_no=202454,ほてる あーるないん ざ やーど うきは,杷木ICより車で10分！うきは市への出張や観光の拠点に！カレーなど軽食サービス付,3600,120008.33,470781.64,839-1312,福岡県,うきは市吉井町清瀬470-9,0943-73-7262,0943-73-7263,【電車】筑後吉井駅よりタクシーで5分。【お車】大分自動車道「杷木IC」より車で10分。,無料 有り 42台※大型車（2トントラック以上）をご利用の際は、事前にお電話でお問い合わせください。,筑後吉井,https://img.travel.rakuten.co.jp/share/HOTEL/202454/202454.jpg,https://img.travel.rakuten.co.jp/HIMG/90/202454.jpg,,,https://img.travel.rakuten.co.jp/share/HOTEL/202454/202454map.gif,,,,double,【禁煙】ダブルルーム （約13平米/最大2名様）,6625967.0,【スタンダード】ビジネスや観光の拠点に♪軽食＆ホットドリンク付【駐車場至近＆無料】,1,0,0,0,0,1,https://img.travel.rakuten.co.jp/image/tr/api/re/IdsCY/?f_no=202454&f_syu=double&f_hi1=2026-10-03&f_hi2=2026-10-04&f_heya_su=1&f_otona_su=1&f_s1=0&f_s2=0&f_y1=0&f_y2=0&f_y3=0&f_y4=0&f_camp_id=6625967,0,2026-10-03,6000,6000,0,2026-10-03,kurume
200992,宿いしい　祇園　＾,https://img.travel.rakuten.co.jp/image/tr/api/re/pvonD/?f_no=200992,https://img.travel.rakuten.co.jp/image/tr/api/re/vFumt/?f_no=200992&f_flg=PLAN,,https://img.travel.rakuten.co.jp/image/tr/api/re/gJNfM/?f_hotel_no=200992,,西鉄小郡駅徒歩5分、最大11名宿泊可能な一棟貸し。駐車場3台完備で、観光や長期滞在に最適です。,5800,120217.98,469994.48,838-0144,福岡県,小郡市祇園1-17-11　,080-3903-1413,00-0000-0000,小郡駅から徒歩で1分,あり,小郡（福岡）,https://img.travel.rakuten.co.jp/share/HOTEL/200992/200992.jpg,https://img.travel.rakuten.co.jp/HIMG/90/200992.jpg,,,https://img.travel.rakuten.co.jp/share/HOTEL/200992/200992map.gif,,,,1724172_5,一戸建て,6622238.0,小郡市|駅徒歩5分・一軒家を一棟貸切(最大11名),1,0,0,0,0,2,https://img.travel.rakuten.co.jp/image/tr/api/re/IdsCY/?f_no=200992&f_syu=1724172_5&f_hi1=2026-10-03&f_hi2=2026-10-04&f_heya_su=1&f_otona_su=1&f_s1=0&f_s2=0&f_y1=0&f_y2=0&f_y3=0&f_y4=0&f_camp_id=6622238,0,2026-10-03,31320,31320,0,2026-10-03,kurume
12685,新飯塚ステーションホテル,https://img.travel.rakuten.co.jp/image/tr/api/re/pvonD/?f_no=12685,https://img.travel.rakuten.co.jp/image/tr/api/re/vFumt/?f_no=12685&f_flg=PLAN,https://img.travel.rakuten.co.jp/image/tr/api/re/WzozX/?noTomariHotel=12685,https://img.travel.rakuten.co.jp/image/tr/api/re/gJNfM/?f_hotel_no=12685,しんいいずかすてーしょんほてる,【2019年リニューアル】福岡市内より約40分。JR新飯塚駅より徒歩約5分。全室Wi-Fi完備。シモンズベッドが好評！,5500,121096.68,470503.58,820-0018,福岡県,飯塚市芳雄町4-20,0120-26-1377,0948-26-1309,ＪＲ福北ゆたか線『新飯塚駅』より徒歩５分  博多から快速で約４５分　福岡市内にもアクセスが便利！ホテル周辺飲食店多数有,有り　新飯塚パークプラザ（ホテル目の前）有料,新飯塚,https://img.travel.rakuten.co.jp/share/HOTEL/12685/12685.jpg,https://img.travel.rakuten.co.jp/HIMG/90/12685.jpg,https://img.travel.rakuten.co.jp/share/HOTEL/12685/12685_room.jpg,https://img.travel.rakuten.co.jp/HIMG/INTERIOR/12685.jpg,https://img.travel.rakuten.co.jp/share/HOTEL/12685/12685map.gif,1579.0,3.94,,cns26,シングルルーム（禁煙室）,6299164.0,【素泊りプラン】シモンズベッドでゆったり！駅チカホテル,1,0,0,0,0,1,https://img.travel.rakuten.co.jp/image/tr/api/re/IdsCY/?f_no=12685&f_syu=cns26&f_hi1=2026-10-03&f_hi2=2026-10-04&f_heya_su=1&f_otona_su=1&f_s1=0&f_s2=0&f_y1=0&f_y2=0&f_y3=0&f_y4=0&f_camp_id=6299164,0,2026-10-03,7210,7210,0,2026-10-03,chikuzen
80712,ホテルニューガイア飯塚,https://img.travel.rakuten.co.jp/image/tr/api/re/pvonD/?f_no=80712,https://img.travel.rakuten.co.jp/image/tr/api/re/vFumt/?f_no=80712&f_flg=PLAN,https://img.travel.rakuten.co.jp/image/tr/api/re/WzozX/?noTomariHotel=80712,https://img.travel.rakuten.co.jp/image/tr/api/re/gJNfM/?f_hotel_no=80712,ほてるにゅーがいあいいづか,【大浴場完備】宿泊者専用ラウンジでは、ご宿泊の方はドリンク類飲み放題！全客室にエアウィーヴ採用！,5200,121095.21,470481.09,820-0040,福岡県,飯塚市吉原町7-24,0948-26-2500,0948-26-2522,ＪＲ新飯塚駅よりバスで5分　西鉄飯塚バスセンターより徒歩1分　,"屋根付駐車場⇒1泊1,000円（3台）　一般駐車場⇒1泊500円（4台）(何れも先着順･予約不可) ",新飯塚,https://img.travel.rakuten.co.jp/share/HOTEL/80712/80712.jpg,https://img.travel.rakuten.co.jp/HIMG/90/80712.jpg,,,https://img.travel.rakuten.co.jp/share/HOTEL/80712/80712map.gif,658.0,4.1,"ウェルカムドリンクのシャンパンやジュース類…　2026-09-21 20:43:05投稿 <a href=""https://img.travel.rakuten.co.jp/image/tr/api/re/gJNfM/?f_hotel_no=80712"" class=""3click"">つづきはこちら</a>",rsb,【電子タバコ可】★リニューアルシングル★　10平米〜,6603532.0,【楽天スーパーSALE】【素泊】スタンダードプラン,1,0,0,0,0,1,https://img.travel.rakuten.co.jp/image/tr/api/re/IdsCY/?f_no=80712&f_syu=rsb&f_hi1=2026-10-03&f_hi2=2026-10-04&f_heya_su=1&f_otona_su=1&f_s1=0&f_s2=0&f_y1=0&f_y2=0&f_y3=0&f_y4=0&f_camp_id=6603532,0,2026-10-03,9900,9900,0,2026-10-03,chikuzen
191697,コンフォートイン宗像,https://img.travel.rakuten.co.jp/image/tr/api/re/pvonD/?f_no=191697,https://img.travel.rakuten.co.jp/image/tr/api/re/vFumt/?f_no=191697&f_flg=PLAN,https://img.travel.rakuten.co.jp/image/tr/api/re/WzozX/?noTomariHotel=191697,https://img.travel.rakuten.co.jp/image/tr/api/re/gJNfM/?f_hotel_no=191697,こんふぉーといんむなかた,焼きたてワッフルやカレーが人気の朝食ビュッフェ◆小学生まで添い寝無料◆ウェルカムドリンクサービス,3200,121617.22,469995.89,811-3414,福岡県,宗像市光岡992-1,0940-37-0411,0940-37-0412,国道3号線沿いの至便な立地◆九州自動車道「若宮ＩＣ」より約１７分◆ＪＲ「東郷駅」より車で約１０分◆無料駐車場完備,無料　先着順　敷地内駐車場５２台　高さ制限なし　中・大型車も駐車OK（電話予約要）,東郷,https://img.travel.rakuten.co.jp/share/HOTEL/191697/191697.jpg,https://img.travel.rakuten.co.jp/HIMG/90/191697.jpg,,,https://img.travel.rakuten.co.jp/share/HOTEL/191697/191697map.gif,390.0,4.09,"添い寝の子供無料でお得に泊まれました　2026-09-26 16:39:10投稿 <a href=""https://img.travel.rakuten.co.jp/image/tr/api/re/gJNfM/?f_hotel_no=191697"" class=""3click"">つづきはこちら</a>",nde,1ベッド◆ダブルルーム◆禁煙,5947693.0,若宮ICより車で約17分◆青空駐車場無料◆12歳以下のお子様添い寝無料◆素泊まり◆,1,0,0,0,0,1,https://img.travel.rakuten.co.jp/image/tr/api/re/IdsCY/?f_no=191697&f_syu=nde&f_hi1=2026-10-03&f_hi2=2026-10-04&f_heya_su=1&f_otona_su=1&f_s1=0&f_s2=0&f_y1=0&f_y2=0&f_y3=0&f_y4=0&f_camp_id=5947693,0,2026-10-03,16400,16400,0,2026-10-03,chikuzen
56656,ホテルルートイン若宮インター,https://img.travel.rakuten.co.jp/image/tr/api/re/pvonD/?f_no=56656,https://img.travel.rakuten.co.jp/image/tr/api/re/vFumt/?f_no=56656&f_flg=PLAN,https://img.travel.rakuten.co.jp/image/tr/api/re/WzozX/?noTomariHotel=56656,https://img.travel.rakuten.co.jp/image/tr/api/re/gJNfM/?f_hotel_no=56656,ほてるるーといんわかみやいんたー,ＷＯＷＯＷ全室無料！◆大浴場有◆朝食無料◆夕食レストラン（日祝定休日有）◆wi-fi全室完備◆駐車場無料,5500,121470.63,470206.88,822-0152,福岡県,宮若市沼口234-1,0949-52-0023,0949-52-0062,ＪＲ鹿児島本線　赤間駅より車で２０分  *高速利用 　博多駅から37㎞　30分　小倉駅から　38km　35分,有り　123台　無料　先着順,赤間,https://img.travel.rakuten.co.jp/share/HOTEL/56656/56656.jpg,https://img.travel.rakuten.co.jp/HIMG/90/56656.jpg,https://img.travel.rakuten.co.jp/share/HOTEL/56656/56656_ky.jpg,https://img.travel.rakuten.co.jp/HIMG/INTERIOR/56656.jpg,https://img.travel.rakuten.co.jp/share/HOTEL/56656/56656map.gif,827.0,3.88,"Wi-Fiは場所によって乏…　2026-09-14 14:49:27投稿 <a href=""https://img.travel.rakuten.co.jp/image/tr/api/re/gJNfM/?f_hotel_no=56656"" class=""3click"">つづきはこちら</a>",zs,◆加熱式たばこ専用◆シングルルーム,1421939.0,【1泊朝食付】スタンダードプラン■男女別大浴場■無料バイキング朝食■広々平面無料駐車場■,1,0,0,1,0,1,https://img.travel.rakuten.co.jp/image/tr/api/re/IdsCY/?f_no=56656&f_syu=zs&f_hi1=2026-10-03&f_hi2=2026-10-04&f_heya_su=1&f_otona_su=1&f_s1=0&f_s2=0&f_y1=0&f_y2=0&f_y3=0&f_y4=0&f_camp_id=1421939,0,2026-10-03,12750,12750,0,2026-10-03,chikuzen
145005,ＨＯＴＥＬ　ＡＺ　福岡田川店,https://img.travel.rakuten.co.jp/image/tr/api/re/pvonD/?f_no=145005,https://img.travel.rakuten.co.jp/image/tr/api/re/vFumt/?f_no=145005&f_flg=PLAN,https://img.travel.rakuten.co.jp/image/tr/api/re/WzozX/?noTomariHotel=145005,https://img.travel.rakuten.co.jp/image/tr/api/re/gJNfM/?f_hotel_no=145005,ほてる　えーぜっと　ふくおかたがわてん,九州自動車道八幡ＩＣより車で約３５分。平成筑豊鉄道田川伊田駅より徒歩で約９分。駐車場無料★朝食無料★,4820,121102.05,470928.51,825-0012,福岡県,田川市日の出町1番7号,0947-42-0301,0947-42-0321,田川伊田駅より徒歩にて９分,無料駐車場61台あり　※車長8ｍ以上の駐車は有料・要予約,田川伊田,https://img.travel.rakuten.co.jp/share/HOTEL/145005/145005.jpg,https://img.travel.rakuten.co.jp/HIMG/90/145005.jpg,https://img.travel.rakuten.co.jp/share/HOTEL/145005/145005_kya1.jpg,https://img.travel.rakuten.co.jp/HIMG/INTERIOR/145005.jpg,https://img.travel.rakuten.co.jp/share/HOTEL/145005/145005map.gif,211.0,3.89,"夫婦共70代のため2段ベッド上り下りが緊張しました。夕食を急遽頼みましが飲み放題食べ放題セルフで安くて良かったです。　2026-08-18 19:31:27投稿 <a href=""https://img.travel.rakuten.co.jp/image/tr/api/re/gJNfM/?f_hotel_no=145005"" class=""3click"">つづきはこちら</a>",002,【喫煙】シングル,6386125.0,【宿泊税込】スタンダードプラン（朝食サービス）,1,0,0,1,0,1,https://img.travel.rakuten.co.jp/image/tr/api/re/IdsCY/?f_no=145005&f_syu=002&f_hi1=2026-10-03&f_hi2=2026-10-04&f_heya_su=1&f_otona_su=1&f_s1=0&f_s2=0&f_y1=0&f_y2=0&f_y3=0&f_y4=0&f_camp_id=6386125,0,2026-10-03,6580,6580,0,2026-10-03,chikuzen
10761,のがみプレジデントホテル,https://img.travel.rakuten.co.jp/image/tr/api/re/pvonD/?f_no=10761,https://img.travel.rakuten.co.jp/image/tr/api/re/vFumt/?f_no=10761&f_flg=PLAN,https://img.travel.rakuten.co.jp/image/tr/api/re/WzozX/?noTomariHotel=10761,https://img.travel.rakuten.co.jp/image/tr/api/re/gJNfM/?f_hotel_no=10761,のがみ　ぷれじでんとほてる,筑豊地区最大の宴会場を持つシティーホテルです。,6650,121112.07,470494.71,820-0004,福岡県,飯塚市新立岩12-37,0948-22-3840,0948-25-3798,ＪＲ新飯塚駅より徒歩５分。西鉄飯塚バスセンターより徒歩１５分。,ホテル前33台　第二駐車場約150台（徒歩3分）　無料　※先着順となります、ご予約できません,新飯塚,https://img.travel.rakuten.co.jp/share/HOTEL/10761/10761.jpg,https://img.travel.rakuten.co.jp/HIMG/90/10761.jpg,https://img.travel.rakuten.co.jp/share/HOTEL/10761/10761_twn.jpg,https://img.travel.rakuten.co.jp/HIMG/INTERIOR/10761.jpg,https://img.travel.rakuten.co.jp/share/HOTEL/10761/10761map.gif,755.0,3.9,,sskin,スタンダードシングル(禁煙),4746356.0,素泊まり限定プラン,1,0,0,0,0,1,https://img.travel.rakuten.co.jp/image/tr/api/re/IdsCY/?f_no=10761&f_syu=sskin&f_hi1=2026-10-03&f_hi2=2026-10-04&f_heya_su=1&f_otona_su=1&f_s1=0&f_s2=0&f_y1=0&f_y2=0&f_y3=0&f_y4=0&f_camp_id=4746356,0,2026-10-03,9020,9020,0,2026-10-03,chikuzen
187339,ＨＯＴＥＬ　Ｒ９　Ｔｈｅ　Ｙａｒｄ　飯塚,https://img.travel.rakuten.co.jp/image/tr/api/re/pvonD/?f_no=187339,https://img.travel.rakuten.co.jp/image/tr/api/re/vFumt/?f_no=187339&f_flg=PLAN,https://img.travel.rakuten.co.jp/image/tr/api/re/WzozX/?noTomariHotel=187339,https://img.travel.rakuten.co.jp/image/tr/api/re/gJNfM/?f_hotel_no=187339,ほてる あーるないん ざ やーど いいづか,飯塚市内工業団地への出張やスポーツ大会にも◎コンビニとなり！無料駐車場完備！独立客室で快適な滞在を♪,3900,121195.1,470588.98,820-1113,福岡県,飯塚市佐與1658-14,0948-43-2815,0948-43-2817,JR筑豊本線 / 福北ゆたか線 鯰田駅よりタクシーで5分,無料 有り 38台※大型車（2トントラック以上）をご利用の際は、事前にお電話でお問い合わせください。,鯰田,https://img.travel.rakuten.co.jp/share/HOTEL/187339/187339.jpg,https://img.travel.rakuten.co.jp/HIMG/90/187339.jpg,,,https://img.travel.rakuten.co.jp/share/HOTEL/187339/187339map.gif,122.0,4.29,"軽食(冷凍食品の弁当)が付いているのもよかった。　2026-08-08 19:05:44投稿 <a href=""https://img.travel.rakuten.co.jp/image/tr/api/re/gJNfM/?f_hotel_no=187339"" class=""3click"">つづきはこちら</a>",double,【禁煙】ダブルルーム （約12平米/最大2名様）,5682229.0,【スタンダード】ビジネスや観光の拠点に♪軽食＆ホットドリンク付【駐車場至近＆無料】,1,0,0,0,0,1,https://img.travel.rakuten.co.jp/image/tr/api/re/IdsCY/?f_no=187339&f_syu=double&f_hi1=2026-10-03&f_hi2=2026-10-04&f_heya_su=1&f_otona_su=1&f_s1=0&f_s2=0&f_y1=0&f_y2=0&f_y3=0&f_y4=0&f_camp_id=5682229,0,2026-10-03,9200,9200,0,2026-10-03,chikuzen
189105,ＨＯＴＥＬ　Ｒ９　Ｔｈｅ　Ｙａｒｄ　中間,https://img.travel.rakuten.co.jp/image/tr/api/re/pvonD/?f_no=189105,https://img.travel.rakuten.co.jp/image/tr/api/re/vFumt/?f_no=189105&f_flg=PLAN,https://img.travel.rakuten.co.jp/image/tr/api/re/WzozX/?noTomariHotel=189105,https://img.travel.rakuten.co.jp/image/tr/api/re/gJNfM/?f_hotel_no=189105, あーるないん ざ やーど なかま,【駐車場無料】「トライアル・イオンなかま店」の側！独立客室には個別空調を完備◎パスタなど軽食サービス付,3900,121745.78,470610.16,809-0013,福岡県,中間市上蓮花寺2-2-1,093-482-8711, ,【電車】筑豊電気鉄道線　「通谷駅」「東中間駅」より徒歩約５分、ＪＲ筑豊本線　「中間駅」より車で約７分 【お車】九州自動車,無料 有り 47台※大型車（2トントラック以上）をご利用の際は、事前にお電話でお問い合わせください。,通谷,https://img.travel.rakuten.co.jp/share/HOTEL/189105/189105.jpg,https://img.travel.rakuten.co.jp/HIMG/90/189105.jpg,,,https://img.travel.rakuten.co.jp/share/HOTEL/189105/189105map.gif,125.0,4.22,"シンプルなビジホ的で良かったです。　2026-09-10 15:51:10投稿 <a href=""https://img.travel.rakuten.co.jp/image/tr/api/re/gJNfM/?f_hotel_no=189105"" class=""3click"">つづきはこちら</a>",double,【禁煙】ダブルルーム （約13平米/最大2名様）,5881535.0,【スタンダード】ビジネスや観光の拠点に♪軽食＆ホットドリンク付【駐車場至近＆無料】,1,0,0,0,0,1,https://img.travel.rakuten.co.jp/image/tr/api/re/IdsCY/?f_no=189105&f_syu=double&f_hi1=2026-10-03&f_hi2=2026-10-04&f_heya_su=1&f_otona_su=1&f_s1=0&f_s2=0&f_y1=0&f_y2=0&f_y3=0&f_y4=0&f_camp_id=5881535,0,2026-10-03,10000,10000,0,2026-10-03,chikuzen
144938,ＨＯＴＥＬ　ＡＺ　福岡飯塚店,https://img.travel.rakuten.co.jp/image/tr/api/re/pvonD/?f_no=144938,https://img.travel.rakuten.co.jp/image/tr/api/re/vFumt/?f_no=144938&f_flg=PLAN,https://img.travel.rakuten.co.jp/image/tr/api/re/WzozX/?noTomariHotel=144938,https://img.travel.rakuten.co.jp/image/tr/api/re/gJNfM/?f_hotel_no=144938,ほてる　えーぜっと　ふくおかいいづかてん,八木山バイパス「穂波東IC」より車で約5分　朝食無料、駐車場94台無料、Wi-Fi無料。安心のAZホテルチェーン。,4820,120952.29,470433.47,820-0076,福岡県,飯塚市太郎丸53-2,0948-28-3301,0948-28-3357,天道駅より徒歩約１５分 （車で約4分）、桂川駅より車で約５分,無料駐車場94台あり　普通車：予約不要 、中型車・大型車：有料,天道,https://img.travel.rakuten.co.jp/share/HOTEL/144938/144938.jpg,https://img.travel.rakuten.co.jp/HIMG/90/144938.jpg,https://img.travel.rakuten.co.jp/share/HOTEL/144938/144938_kya.jpg,https://img.travel.rakuten.co.jp/HIMG/INTERIOR/144938.jpg,https://img.travel.rakuten.co.jp/share/HOTEL/144938/144938map.gif,280.0,4.23,"食堂テーブルの円卓を辞めて４人がけの小さいセットをたくさん並べて欲しい　2026-09-22 07:29:20投稿 <a href=""https://img.travel.rakuten.co.jp/image/tr/api/re/gJNfM/?f_hotel_no=144938"" class=""3click"">つづきはこちら</a>",s,【喫煙】シングル,6385962.0,【宿泊税込】スタンダードプラン（朝食サービス）,1,0,0,1,0,1,https://img.travel.rakuten.co.jp/image/tr/api/re/IdsCY/?f_no=144938&f_syu=s&f_hi1=2026-10-03&f_hi2=2026-10-04&f_heya_su=1&f_otona_su=1&f_s1=0&f_s2=0&f_y1=0&f_y2=0&f_y3=0&f_y4=0&f_camp_id=6385962,0,2026-10-03,6580,6580,0,2026-10-03,chikuzen
9217,メルキュール福岡宗像リゾート＆スパ,https://img.travel.rakuten.co.jp/image/tr/api/re/pvonD/?f_no=9217,https://img.travel.rakuten.co.jp/image/tr/api/re/vFumt/?f_no=9217&f_flg=PLAN,https://img.travel.rakuten.co.jp/image/tr/api/re/WzozX/?noTomariHotel=9217,https://img.travel.rakuten.co.jp/image/tr/api/re/gJNfM/?f_hotel_no=9217,めるきゅーるふくおかむなかたりぞーとすぱ,■9月平日はかに登場■地元素材を使ったビュッフェと露天風呂付温泉が人気■ラウンジも楽しめるオールインクルーシブ,5525,121888.64,469899.37,811-3514,福岡県,宗像市田野1303　,0940-62-4111,0940-62-4000,福岡空港よりお車で約60分　古賀ICより車で約40分　JR東郷駅より無料送迎バス運行中　席数に限りがございます（要予約）,有り188台,東郷,https://img.travel.rakuten.co.jp/share/HOTEL/9217/9217.jpg,https://img.travel.rakuten.co.jp/HIMG/90/9217.jpg,https://img.travel.rakuten.co.jp/share/HOTEL/9217/9217_kan.jpg,https://img.travel.rakuten.co.jp/HIMG/INTERIOR/9217.jpg,https://img.travel.rakuten.co.jp/share/HOTEL/9217/9217map.gif,3213.0,4.19,,r3cz,和室【ラウンジ特典付】,6204220.0,【9％OFF】【楽天スーパーSALE】ラウンジ×スパで心ほどける癒し旅 ／素泊まり・ラウンジ付,1,0,0,0,0,1,https://img.travel.rakuten.co.jp/image/tr/api/re/IdsCY/?f_no=9217&f_syu=r3cz&f_hi1=2026-10-03&f_hi2=2026-10-04&f_heya_su=1&f_otona_su=1&f_s1=0&f_s2=0&f_y1=0&f_y2=0&f_y3=0&f_y4=0&f_camp_id=6204220,0,2026-10-03,36400,36400,0,2026-10-03,chikuzen
76893,ビジネスホテルセンチュリー,https://img.travel.rakuten.co.jp/image/tr/api/re/pvonD/?f_no=76893,https://img.travel.rakuten.co.jp/image/tr/api/re/vFumt/?f_no=76893&f_flg=PLAN,https://img.travel.rakuten.co.jp/image/tr/api/re/WzozX/?noTomariHotel=76893,https://img.travel.rakuten.co.jp/image/tr/api/re/gJNfM/?f_hotel_no=76893,せんちゅりー,新飯塚の飲食店街に隣接◆JR新飯塚駅より徒歩2分、博多駅より約45分◆若宮IC、八幡ICより30分◆全室Wi-Fi完備,5700,121103.01,470502.34,820-0005,福岡県,飯塚市新飯塚9-11,0948-29-2515,0948-29-2575,ＪＲ　新飯塚駅より徒歩にて２分,専用駐車場（徒歩2分）、提携駐車場（徒歩4分）、コインパーキング（隣接）、430〜700円・税込/泊,新飯塚,https://img.travel.rakuten.co.jp/share/HOTEL/76893/76893.jpg,https://img.travel.rakuten.co.jp/HIMG/90/76893.jpg,https://img.travel.rakuten.co.jp/share/HOTEL/76893/76893_sin.jpg,https://img.travel.rakuten.co.jp/HIMG/INTERIOR/76893.jpg,https://img.travel.rakuten.co.jp/share/HOTEL/76893/76893map.gif,316.0,4.12,"朝食は食べれませんでしたが、その都度丁寧に説明してくださり、ありがとうございました。　2026-09-17 07:16:29投稿 <a href=""https://img.travel.rakuten.co.jp/image/tr/api/re/gJNfM/?f_hotel_no=76893"" class=""3click"">つづきはこちら</a>",s1,◇◆シングルルーム【喫煙】◆◇,4122346.0,【素泊まり】スタンダードプラン,1,0,0,0,0,1,https://img.travel.rakuten.co.jp/image/tr/api/re/IdsCY/?f_no=76893&f_syu=s1&f_hi1=2026-10-03&f_hi2=2026-10-04&f_heya_su=1&f_otona_su=1&f_s1=0&f_s2=0&f_y1=0&f_y2=0&f_y3=0&f_y4=0&f_camp_id=4122346,0,2026-10-03,6300,6300,1,2026-10-03,chikuzen
75193,ルートイングランティア福岡宮若－脇田温泉－,https://img.travel.rakuten.co.jp/image/tr/api/re/pvonD/?f_no=75193,https://img.travel.rakuten.co.jp/image/tr/api/re/vFumt/?f_no=75193&f_flg=PLAN,https://img.travel.rakuten.co.jp/image/tr/api/re/WzozX/?noTomariHotel=75193,https://img.travel.rakuten.co.jp/image/tr/api/re/gJNfM/?f_hotel_no=75193,るーといんぐらんてぃあふくおかみやわか　わきたおんせん　,2020年7月1日（水）新館OPEN！本館一部リニューアル＆キッズコーナーOPEN！■脇田温泉源泉掛流し,8800,121294.7,470114.94,822-0133,福岡県,宮若市脇田778-1,050-1726-2239,0949-54-0514,ＪＲ赤間駅よりお車で２５分◆博多駅バスセンターよりＪＲ九州バスで１時間＆徒歩１５分◆博多駅よりお車で４５分（無料駐車場）,有り　２００台　無料　予約不要　,赤間,https://img.travel.rakuten.co.jp/share/HOTEL/75193/75193.jpg,https://img.travel.rakuten.co.jp/HIMG/90/75193.jpg,https://img.travel.rakuten.co.jp/share/HOTEL/75193/75193_twi.jpg,https://img.travel.rakuten.co.jp/HIMG/INTERIOR/75193.jpg,https://img.travel.rakuten.co.jp/share/HOTEL/75193/75193map.gif,381.0,4.18,"３歳の孫にとっては最高の時間だったようです。　2026-09-13 15:29:02投稿 <a href=""https://img.travel.rakuten.co.jp/image/tr/api/re/gJNfM/?f_hotel_no=75193"" class=""3click"">つづきはこちら</a>",nct,【新館ツイン（禁煙）】,4774118.0,【素泊まり】シンプルステイプラン〜天然温泉大浴場あり・駐車場無料〜,1,0,0,0,0,1,https://img.travel.rakuten.co.jp/image/tr/api/re/IdsCY/?f_no=75193&f_syu=nct&f_hi1=2026-10-03&f_hi2=2026-10-04&f_heya_su=1&f_otona_su=1&f_s1=0&f_s2=0&f_y1=0&f_y2=0&f_y3=0&f_y4=0&f_camp_id=4774118,0,2026-10-03,14850,14850,0,2026-10-03,chikuzen
201904,ＨＯＴＥＬ　Ｒ９　Ｔｈｅ　Ｙａｒｄ　鞍手,https://img.travel.rakuten.co.jp/image/tr/api/re/pvonD/?f_no=201904,https://img.travel.rakuten.co.jp/image/tr/api/re/vFumt/?f_no=201904&f_flg=PLAN,https://img.travel.rakuten.co.jp/image/tr/api/re/WzozX/?noTomariHotel=201904,https://img.travel.rakuten.co.jp/image/tr/api/re/gJNfM/?f_hotel_no=201904,ほてる あーるないん ざ やーど くらて,鞍手ICより車で10分！鞍手工業団地、トヨタ自動車九州宮田工場へ好アクセス！鞍手町・宮若市・直方市への出張に便利♪,3800,121627.57,470419.39,807-1305,福岡県,鞍手郡鞍手町新延194-1,0949-28-7965,0949-28-7966,【電車】中間駅、海老津駅よりタクシーで15分。【お車】鞍手ICより車で10分, 有り 71台※大型車（2トントラック以上）をご利用の際は、事前にお電話でお問い合わせください。,中間,https://img.travel.rakuten.co.jp/share/HOTEL/201904/201904.jpg,https://img.travel.rakuten.co.jp/HIMG/90/201904.jpg,,,https://img.travel.rakuten.co.jp/share/HOTEL/201904/201904map.gif,28.0,4.32,"田舎ながら、立地はコンビニが近く申し分ない。個人的にはBSもしくは動画配信をテレビで見れるタイプにして欲しい。　2026-09-20 22:28:36投稿 <a href=""https://img.travel.rakuten.co.jp/image/tr/api/re/gJNfM/?f_hotel_no=201904"" class=""3click"">つづきはこちら</a>",double,【禁煙】ダブルルーム （約13平米/最大2名様）,6614563.0,【楽天限定プラン】【スタンダード】ビジネスや観光の拠点に♪軽食＆ホットドリンク付【駐車場至近＆無料】,1,0,0,0,0,1,https://img.travel.rakuten.co.jp/image/tr/api/re/IdsCY/?f_no=201904&f_syu=double&f_hi1=2026-10-03&f_hi2=2026-10-04&f_heya_su=1&f_otona_su=1&f_s1=0&f_s2=0&f_y1=0&f_y2=0&f_y3=0&f_y4=0&f_camp_id=6614563,0,2026-10-03,9200,9200,0,2026-10-03,chikuzen
197807,ＨＯＴＥＬ　Ｒ９　Ｔｈｅ　Ｙａｒｄ　田川香春,https://img.travel.rakuten.co.jp/image/tr/api/re/pvonD/?f_no=197807,https://img.travel.rakuten.co.jp/image/tr/api/re/vFumt/?f_no=197807&f_flg=PLAN,https://img.travel.rakuten.co.jp/image/tr/api/re/WzozX/?noTomariHotel=197807,https://img.travel.rakuten.co.jp/image/tr/api/re/gJNfM/?f_hotel_no=197807,ほてる あーるないん ざ やーど たがわかわら,行橋ICより車で20分！香春町への出張や観光の拠点に！カレーなど軽食サービス付,3900,121233.52,471041.41,822-1406,福岡県,田川郡香春町香春1085-1,0947-32-7507,0947-32-7508,【電車】一本松駅より徒歩18分。田川井田駅よりタクシーで10分。【お車】行橋ICより車で20分。,無料 有り 44台※大型車（2トントラック以上）をご利用の際は、事前にお電話でお問い合わせください。,一本松（福岡）,https://img.travel.rakuten.co.jp/share/HOTEL/197807/197807.jpg,https://img.travel.rakuten.co.jp/HIMG/90/197807.jpg,,,https://img.travel.rakuten.co.jp/share/HOTEL/197807/197807map.gif,83.0,4.02,"一戸建てで仕方ないが雨が強いと屋根にあたる音が大きい。　2026-08-02 13:34:02投稿 <a href=""https://img.travel.rakuten.co.jp/image/tr/api/re/gJNfM/?f_hotel_no=197807"" class=""3click"">つづきはこちら</a>",twin,【禁煙】ツインルーム （約13平米/最大2名様）,6351364.0,【スタンダード】ビジネスや観光の拠点に♪軽食＆ホットドリンク付【駐車場至近＆無料】,1,0,0,0,0,1,https://img.travel.rakuten.co.jp/image/tr/api/re/IdsCY/?f_no=197807&f_syu=twin&f_hi1=2026-10-03&f_hi2=2026-10-04&f_heya_su=1&f_otona_su=1&f_s1=0&f_s2=0&f_y1=0&f_y2=0&f_y3=0&f_y4=0&f_camp_id=6351364,0,2026-10-03,7700,7700,0,2026-10-03,chikuzen
196360,ＨＯＴＥＬ　Ｔｓｍａｒｔ,https://img.travel.rakuten.co.jp/image/tr/api/re/pvonD/?f_no=196360,https://img.travel.rakuten.co.jp/image/tr/api/re/vFumt/?f_no=196360&f_flg=PLAN,,https://img.travel.rakuten.co.jp/image/tr/api/re/gJNfM/?f_hotel_no=196360,ほてる　てぃーすまーと,【2025年4月7日OPEN】大浴場が温泉のトライアルが運営するビジネスホテルです！,4493,121281.51,470134.83,822-0121,福岡県,宮若市湯原1401-4,0949-28-7678,0949-28-7679,福北ゆたか線　笹栗駅よりお車で約30分,有り　50台　無料　先着順,筑前山手,https://img.travel.rakuten.co.jp/share/HOTEL/196360/196360.jpg,https://img.travel.rakuten.co.jp/HIMG/90/196360.jpg,,,https://img.travel.rakuten.co.jp/share/HOTEL/196360/196360map.gif,78.0,4.12,"お風呂は温泉でとても良かったです。部屋にはシャワーもあってそれはそれでいいと思います。朝食はプランに入れてなかったんですが、近くに買い物するところがあり便利だと思います。　2026-09-26 13:59:43投稿 <a href=""https://img.travel.rakuten.co.jp/image/tr/api/re/gJNfM/?f_hotel_no=196360"" class=""3click"">つづきはこちら</a>",std,スタンダード ダブル（セミダブルベッド）,6403781.0,【5％OFF】【楽天スーパーSALE】HOTEL Tsmart＜素泊まりプラン＞,1,0,0,0,0,2,https://img.travel.rakuten.co.jp/image/tr/api/re/IdsCY/?f_no=196360&f_syu=std&f_hi1=2026-10-03&f_hi2=2026-10-04&f_heya_su=1&f_otona_su=1&f_s1=0&f_s2=0&f_y1=0&f_y2=0&f_y3=0&f_y4=0&f_camp_id=6403781,0,2026-10-03,9956,9956,0,2026-10-03,chikuzen
177721,田川伊田駅舎ホテル,https://img.travel.rakuten.co.jp/image/tr/api/re/pvonD/?f_no=177721,https://img.travel.rakuten.co.jp/image/tr/api/re/vFumt/?f_no=177721&f_flg=PLAN,https://img.travel.rakuten.co.jp/image/tr/api/re/WzozX/?noTomariHotel=177721,https://img.travel.rakuten.co.jp/image/tr/api/re/gJNfM/?f_hotel_no=177721,たがわいたえきしゃほてる,田川伊田駅舎内のホテルです。寝台列車をモチーフに造られています。,3500,121100.79,470951.43,825-0015,福岡県,田川市伊田町2621-3　田川伊田駅舎2F,0947-85-8325,0947-85-8321,田川伊田駅より徒歩にて約１分,専用駐車場無し　近くにコインパーキング有り,田川伊田,https://img.travel.rakuten.co.jp/share/HOTEL/177721/177721.jpg,https://img.travel.rakuten.co.jp/HIMG/90/177721.jpg,,,https://img.travel.rakuten.co.jp/share/HOTEL/177721/177721map.gif,130.0,3.51,"また、田川の煙突も見えて、ライトアップが非常に綺麗でした。　2026-09-22 17:11:05投稿 <a href=""https://img.travel.rakuten.co.jp/image/tr/api/re/gJNfM/?f_hotel_no=177721"" class=""3click"">つづきはこちら</a>",06,3階　別邸　2段ベッド（ドミトリー）,6305820.0,【事前決済】3階別邸　2段ベッド（ドミトリ‐）　シーツ・カバーのセットはお客様にお願しています。,1,0,0,0,0,2,https://img.travel.rakuten.co.jp/image/tr/api/re/IdsCY/?f_no=177721&f_syu=06&f_hi1=2026-10-03&f_hi2=2026-10-04&f_heya_su=1&f_otona_su=1&f_s1=0&f_s2=0&f_y1=0&f_y2=0&f_y3=0&f_y4=0&f_camp_id=6305820,0,2026-10-03,3500,3500,0,2026-10-03,chikuzen
67409,ビジネスホテル　ロイヤルイン扇,https://img.travel.rakuten.co.jp/image/tr/api/re/pvonD/?f_no=67409,https://img.travel.rakuten.co.jp/image/tr/api/re/vFumt/?f_no=67409&f_flg=PLAN,https://img.travel.rakuten.co.jp/image/tr/api/re/WzozX/?noTomariHotel=67409,https://img.travel.rakuten.co.jp/image/tr/api/re/gJNfM/?f_hotel_no=67409,ろいやるいんおおぎ,ゆったりスペースの２５部屋、心休まるくつろぎの空間をご用意してお迎え致します。,5280,121107.87,470943.85,825-0018,福岡県,田川市番田町7-3,0947-46-0737,0947-45-2515,ＪＲ　田川伊田駅から徒歩５分,有り　１４台　無料　要予約,田川伊田,https://img.travel.rakuten.co.jp/share/HOTEL/67409/67409.jpg,https://img.travel.rakuten.co.jp/HIMG/90/67409.jpg,https://img.travel.rakuten.co.jp/share/HOTEL/67409/67409_si.jpg,https://img.travel.rakuten.co.jp/HIMG/INTERIOR/67409.jpg,https://img.travel.rakuten.co.jp/share/HOTEL/67409/67409map.gif,136.0,3.88,"部屋は今どきのシングルより広く照明はLEDで…　2026-09-25 17:16:49投稿 <a href=""https://img.travel.rakuten.co.jp/image/tr/api/re/gJNfM/?f_hotel_no=67409"" class=""3click"">つづきはこちら</a>",royalinn09,心休まるくつろぎのシングルルームをご用意。,,,1,0,0,0,0,1,https://img.travel.rakuten.co.jp/image/tr/api/re/IdsCY/?f_no=67409&f_syu=royalinn09&f_hi1=2026-10-03&f_hi2=2026-10-04&f_heya_su=1&f_otona_su=1&f_s1=0&f_s2=0&f_y1=0&f_y2=0&f_y3=0&f_y4=0,1,2026-10-03,5280,5280,0,2026-10-03,chikuzen
31978,国民宿舎　マリンテラスあしや,https://img.travel.rakuten.co.jp/image/tr/api/re/pvonD/?f_no=31978,https://img.travel.rakuten.co.jp/image/tr/api/re/vFumt/?f_no=31978&f_flg=PLAN,https://img.travel.rakuten.co.jp/image/tr/api/re/WzozX/?noTomariHotel=31978,https://img.travel.rakuten.co.jp/image/tr/api/re/gJNfM/?f_hotel_no=31978,こくみんしゅくしゃ　まりんてらす　あしや,楽天アワード受賞！ビーチ４分！全室オーシャンビュー！響灘の夕陽×癒やしのお風呂と海幸が人気の宿,5000,122034.26,470398.45,807-0141,福岡県,遠賀郡芦屋町山鹿1588,050-3161-9612,093-222-0399,ＪＲ鹿児島本線折尾駅よりバス／九州自動車道鞍手ＩＣより2５分,無料駐車場100台　先着順 　※当館の駐車場への道はやや急な傾斜があるため通行にはご注意ください。,折尾,https://img.travel.rakuten.co.jp/share/HOTEL/31978/31978.jpg,https://img.travel.rakuten.co.jp/HIMG/90/31978.jpg,https://img.travel.rakuten.co.jp/share/HOTEL/31978/31978_kan1.jpg,https://img.travel.rakuten.co.jp/HIMG/INTERIOR/31978.jpg,https://img.travel.rakuten.co.jp/share/HOTEL/31978/31978map.gif,514.0,4.31,"【料理長イチオシ！】伊勢海老・旬魚・黒毛和牛会席は大満足でした。ボリュームも満点でしたが、夜のお茶漬けも美味しく食べ過ぎました。欲言えば、ドライサウナが男性が朝からだったので、ゆっくり入れなかった事で…　2026-09-28 16:05:53投稿 <a href=""https://img.travel.rakuten.co.jp/image/tr/api/re/gJNfM/?f_hotel_no=31978"" class=""3click"">つづきはこちら</a>",oma,おまかせ客室【全室オーシャンビューの絶景です！】,5130947.0,【リニューアル記念】気軽に幸を満喫！ひびき膳,1,1,0,1,0,1,https://img.travel.rakuten.co.jp/image/tr/api/re/IdsCY/?f_no=31978&f_syu=oma&f_hi1=2026-10-03&f_hi2=2026-10-04&f_heya_su=1&f_otona_su=1&f_s1=0&f_s2=0&f_y1=0&f_y2=0&f_y3=0&f_y4=0&f_camp_id=5130947,0,2026-10-03,28600,28600,0,2026-10-03,chikuzen
192774,ひこさんホテル和,https://img.travel.rakuten.co.jp/image/tr/api/re/pvonD/?f_no=192774,https://img.travel.rakuten.co.jp/image/tr/api/re/vFumt/?f_no=192774&f_flg=PLAN,https://img.travel.rakuten.co.jp/image/tr/api/re/WzozX/?noTomariHotel=192774,https://img.travel.rakuten.co.jp/image/tr/api/re/gJNfM/?f_hotel_no=192774,ひこさんほてるなごみ,パワースポット英彦山の中腹にある自然感じる温泉旅館,6200,120556.46,471277.35,824-0721,福岡県,田川郡添田町英彦山233-5,0947-85-0121,0947-85-0465,添田駅より車で約２０分、大分自動車道杷木インターより約５０分,有り　２０台　無料　予約不要,添田,https://img.travel.rakuten.co.jp/share/HOTEL/192774/192774.jpg,https://img.travel.rakuten.co.jp/HIMG/90/192774.jpg,,,https://img.travel.rakuten.co.jp/share/HOTEL/192774/192774map.gif,26.0,4.32,"ありがとうございました。　2026-09-24 15:32:01投稿 <a href=""https://img.travel.rakuten.co.jp/image/tr/api/re/gJNfM/?f_hotel_no=192774"" class=""3click"">つづきはこちら</a>",wa10,和室10畳,6156302.0,【素泊まり】食事はついていない自由旅。温泉と英彦山散策をお楽しみください,1,0,0,0,0,0,https://img.travel.rakuten.co.jp/image/tr/api/re/IdsCY/?f_no=192774&f_syu=wa10&f_hi1=2026-10-03&f_hi2=2026-10-04&f_heya_su=1&f_otona_su=1&f_s1=0&f_s2=0&f_y1=0&f_y2=0&f_y3=0&f_y4=0&f_camp_id=6156302,0,2026-10-03,9700,9700,0,2026-10-03,chikuzen
109125,玄海旅館,https://img.travel.rakuten.co.jp/image/tr/api/re/pvonD/?f_no=109125,https://img.travel.rakuten.co.jp/image/tr/api/re/vFumt/?f_no=109125&f_flg=PLAN,https://img.travel.rakuten.co.jp/image/tr/api/re/WzozX/?noTomariHotel=109125,https://img.travel.rakuten.co.jp/image/tr/api/re/gJNfM/?f_hotel_no=109125,げんかいりょかん,2025年2月新館「神の湊通り」NEWオープン！！全24部屋・露天風呂客室は９部屋に。銭湯＆公民館BARもオープン♪,10500,121852.36,469758.94,811-3501,福岡県,宗像市神湊485-7,0940-62-0001,0940-62-2010,東郷駅からお車で１５分,有り　25台　無料　予約不要,東郷,https://img.travel.rakuten.co.jp/share/HOTEL/109125/109125.jpg,https://img.travel.rakuten.co.jp/HIMG/90/109125.jpg,https://img.travel.rakuten.co.jp/share/HOTEL/109125/109125_kya.jpg,https://img.travel.rakuten.co.jp/HIMG/INTERIOR/109125.jpg,https://img.travel.rakuten.co.jp/share/HOTEL/109125/109125map.gif,96.0,4.4,"雨除けがあると尚いいかな　2026-09-27 17:12:01投稿 <a href=""https://img.travel.rakuten.co.jp/image/tr/api/re/gJNfM/?f_hotel_no=109125"" class=""3click"">つづきはこちら</a>",10,ツイン〈離れ・景観なし・シャワー〉,6455270.0,【お日にち限定】素泊まりプラン　銭湯＆ハッピアワー付☆,1,0,0,0,0,1,https://img.travel.rakuten.co.jp/image/tr/api/re/IdsCY/?f_no=109125&f_syu=10&f_hi1=2026-10-03&f_hi2=2026-10-04&f_heya_su=1&f_otona_su=1&f_s1=0&f_s2=0&f_y1=0&f_y2=0&f_y3=0&f_y4=0&f_camp_id=6455270,0,2026-10-03,21250,21250,0,2026-10-03,chikuzen
172253,お寺で過ごすやすらぎのひととき　明石寺　大日屋旅館,https://img.travel.rakuten.co.jp/image/tr/api/re/pvonD/?f_no=172253,https://img.travel.rakuten.co.jp/image/tr/api/re/vFumt/?f_no=172253&f_flg=PLAN,,https://img.travel.rakuten.co.jp/image/tr/api/re/gJNfM/?f_hotel_no=172253,おてらですごすやすらぎのひととき　あかしでら　だいにちやりょかん,心を込めて作る自慢のお食事と日本の四季折々の自然。日々の慌ただしさから少し離れ、心洗われるひと時をお過ごしください。,10550,121035.52,470005.73,811-2405,福岡県,糟屋郡篠栗町篠栗3091,092-947-0418,092-947-4699,博多駅～福北ゆたか線（20分）筑前山手駅より徒歩7分。九州自動車道/福岡都市高速・福岡ＩＣより東へ約10分,無料駐車場アリ（先着順・10台まで）,筑前山手,https://img.travel.rakuten.co.jp/share/HOTEL/172253/172253.jpg,https://img.travel.rakuten.co.jp/HIMG/90/172253.jpg,,,https://img.travel.rakuten.co.jp/share/HOTEL/172253/172253map.gif,25.0,4.6,"お風呂も快適…　2026-09-22 19:34:31投稿 <a href=""https://img.travel.rakuten.co.jp/image/tr/api/re/gJNfM/?f_hotel_no=172253"" class=""3click"">つづきはこちら</a>",wa2,昔ながらの和室,5114850.0,【お遍路プラン】伝統のお遍路料理が味わえる！野菜とお魚のヘルシー会席【1泊２食】,1,1,0,1,0,1,https://img.travel.rakuten.co.jp/image/tr/api/re/IdsCY/?f_no=172253&f_syu=wa2&f_hi1=2026-10-03&f_hi2=2026-10-04&f_heya_su=1&f_otona_su=1&f_s1=0&f_s2=0&f_y1=0&f_y2=0&f_y3=0&f_y4=0&f_camp_id=5114850,0,2026-10-03,12150,12150,0,2026-10-03,chikuzen
201700,ＨＯＴＥＬ　ＧＲＥＧＥＳ,https://img.travel.rakuten.co.jp/image/tr/api/re/pvonD/?f_no=201700,https://img.travel.rakuten.co.jp/image/tr/api/re/vFumt/?f_no=201700&f_flg=PLAN,https://img.travel.rakuten.co.jp/image/tr/api/re/WzozX/?noTomariHotel=201700,https://img.travel.rakuten.co.jp/image/tr/api/re/gJNfM/?f_hotel_no=201700,おてるぐれーじゅ,海外のようなロケーションと美食のリトリートステイ 美しい水平線を背景に壮大な自然美が息づくデザイナーズホテル,14060,121840.72,469747.9,811-3501,福岡県,宗像市神湊600,0940-38-7700,--,九州道 / 古賀IC・若宮ICより約30分　JR東郷駅よりタクシーで約15分,あり　50台　無料　予約不要　,東郷,https://img.travel.rakuten.co.jp/share/HOTEL/201700/201700.jpg,https://img.travel.rakuten.co.jp/HIMG/90/201700.jpg,,,https://img.travel.rakuten.co.jp/share/HOTEL/201700/201700map.gif,,,,luxdble,ラグジュアリーダブル【客室52平米＋テラス68平米】,6581787.0,【楽天スーパーSALE】【素泊まり】玄界灘のサンセットを望む大人のリゾートステイ,1,0,0,0,0,1,https://img.travel.rakuten.co.jp/image/tr/api/re/IdsCY/?f_no=201700&f_syu=luxdble&f_hi1=2026-10-03&f_hi2=2026-10-04&f_heya_su=1&f_otona_su=1&f_s1=0&f_s2=0&f_y1=0&f_y2=0&f_y3=0&f_y4=0&f_camp_id=6581787,0,2026-10-03,49970,49970,0,2026-10-03,chikuzen
195514,Ｈａｇｕｒｕｍａ芦屋　＾,https://img.travel.rakuten.co.jp/image/tr/api/re/pvonD/?f_no=195514,https://img.travel.rakuten.co.jp/image/tr/api/re/vFumt/?f_no=195514&f_flg=PLAN,,https://img.travel.rakuten.co.jp/image/tr/api/re/gJNfM/?f_hotel_no=195514,,商店街の無人ゲストハウス。都会の喧騒を離れ、芦屋の生活を体験◎観光、出張、ワーケーションにも利用可能！,2707,121993.12,470419.27,807-0122,福岡県,遠賀郡芦屋町高浜町4-3　Ｈａｇｕｒｕｍａ芦屋,080-1794-8140,00-0000-0000,遠賀川駅より車で9分,あり,遠賀川,https://img.travel.rakuten.co.jp/share/HOTEL/195514/195514.jpg,https://img.travel.rakuten.co.jp/HIMG/90/195514.jpg,,,https://img.travel.rakuten.co.jp/share/HOTEL/195514/195514map.gif,1.0,,,1346732_2,一戸建て,6360216.0,畳ゲストルーム2名迄 / 自然豊かな芦屋町のゲストハウス / HAGURUMA ASHIYA 203,1,0,0,0,0,2,https://img.travel.rakuten.co.jp/image/tr/api/re/IdsCY/?f_no=195514&f_syu=1346732_2&f_hi1=2026-10-03&f_hi2=2026-10-04&f_heya_su=1&f_otona_su=1&f_s1=0&f_s2=0&f_y1=0&f_y2=0&f_y3=0&f_y4=0&f_camp_id=6360216,0,2026-10-03,7681,7681,0,2026-10-03,chikuzen
49249,旅館　あけぼの館,https://img.travel.rakuten.co.jp/image/tr/api/re/pvonD/?f_no=49249,https://img.travel.rakuten.co.jp/image/tr/api/re/vFumt/?f_no=49249&f_flg=PLAN,,https://img.travel.rakuten.co.jp/image/tr/api/re/gJNfM/?f_hotel_no=49249,あけぼのかん,新飯塚駅のすぐそばでビジネスや旅の拠点に最適。アットホームな雰囲気でお出迎え致します。長期滞在大歓迎。,7000,121107.17,470500.81,820-0005,福岡県,飯塚市新飯塚6-14,0948-22-1708,0948-22-9993,ＪＲ　新飯塚駅より徒歩3分,有り　６台　無料　予約不要,新飯塚,https://img.travel.rakuten.co.jp/share/HOTEL/49249/49249.jpg,https://img.travel.rakuten.co.jp/HIMG/90/49249.jpg,https://img.travel.rakuten.co.jp/share/HOTEL/49249/49249_he.jpg,https://img.travel.rakuten.co.jp/HIMG/INTERIOR/49249.jpg,https://img.travel.rakuten.co.jp/share/HOTEL/49249/49249map.gif,2.0,,,0622,シングルベッド６畳,5878333.0,素泊まりで土日祭日も平日料金,1,0,0,0,0,2,https://img.travel.rakuten.co.jp/image/tr/api/re/IdsCY/?f_no=49249&f_syu=0622&f_hi1=2026-10-03&f_hi2=2026-10-04&f_heya_su=1&f_otona_su=1&f_s1=0&f_s2=0&f_y1=0&f_y2=0&f_y3=0&f_y4=0&f_camp_id=5878333,0,2026-10-03,7000,7000,0,2026-10-03,chikuzen
200589,スカイハイツ新飯塚　＾,https://img.travel.rakuten.co.jp/image/tr/api/re/pvonD/?f_no=200589,https://img.travel.rakuten.co.jp/image/tr/api/re/vFumt/?f_no=200589&f_flg=PLAN,,https://img.travel.rakuten.co.jp/image/tr/api/re/gJNfM/?f_hotel_no=200589,,　,4176,121113.5,470514.74,820-0003,福岡県,飯塚市立岩1173-3　スカイハイツ新飯塚,070-4693-6790,00-0000-0000,新飯塚駅から徒歩で3分,なし,新飯塚,https://img.travel.rakuten.co.jp/share/HOTEL/200589/200589.jpg,https://img.travel.rakuten.co.jp/HIMG/90/200589.jpg,,,https://img.travel.rakuten.co.jp/share/HOTEL/200589/200589map.gif,1.0,,,1613104_4,スタンダードルーム,6608717.0,【楽天スーパーSALE】スカイハイツ新飯塚,1,0,0,0,0,2,https://img.travel.rakuten.co.jp/image/tr/api/re/IdsCY/?f_no=200589&f_syu=1613104_4&f_hi1=2026-10-03&f_hi2=2026-10-04&f_heya_su=1&f_otona_su=1&f_s1=0&f_s2=0&f_y1=0&f_y2=0&f_y3=0&f_y4=0&f_camp_id=6608717,0,2026-10-03,16704,16704,0,2026-10-03,chikuzen
190626,ソラドマリ　＾,https://img.travel.rakuten.co.jp/image/tr/api/re/pvonD/?f_no=190626,https://img.travel.rakuten.co.jp/image/tr/api/re/vFumt/?f_no=190626&f_flg=PLAN,,https://img.travel.rakuten.co.jp/image/tr/api/re/gJNfM/?f_hotel_no=190626,,のどかな田園風景の一軒家で贅沢な時間を,11020,120933.32,470305.93,820-0079,福岡県,飯塚市高田161-1　ＳＯＲＡＤＯＭＡＲＩ,090-1365-5025,000-000-0000,筑前大分駅から徒歩で約２分,有り,筑前大分,https://img.travel.rakuten.co.jp/share/HOTEL/190626/190626.jpg,https://img.travel.rakuten.co.jp/HIMG/90/190626.jpg,,,https://img.travel.rakuten.co.jp/share/HOTEL/190626/190626map.gif,,,,123258_6,ロッジ/ログハウス/コテージ,6045116.0,ソラドマリ,1,0,0,0,0,2,https://img.travel.rakuten.co.jp/image/tr/api/re/IdsCY/?f_no=190626&f_syu=123258_6&f_hi1=2026-10-03&f_hi2=2026-10-04&f_heya_su=1&f_otona_su=1&f_s1=0&f_s2=0&f_y1=0&f_y2=0&f_y3=0&f_y4=0&f_camp_id=6045116,0,2026-10-03,25520,25520,0,2026-10-03,chikuzen
182828,やまつばさ別邸・全室かけ流し温泉宿　白兎,https://img.travel.rakuten.co.jp/image/tr/api/re/pvonD/?f_no=182828,https://img.travel.rakuten.co.jp/image/tr/api/re/vFumt/?f_no=182828&f_flg=PLAN,,https://img.travel.rakuten.co.jp/image/tr/api/re/gJNfM/?f_hotel_no=182828,やまつばさべっていぜんしつかけながしおんせんやどはくと,【源泉かけ流し】全室半露天風呂がついた自由気ままにお過ごしいただける温泉宿。チェックアウト後もお昼まで大浴場ご利用OK！,8820,121604.72,469976.67,811-3422,福岡県,宗像市王丸474,0940-37-4126,0940-37-3172,東郷駅よりお車にて約10分,有り　150台　無料　予約不要,東郷,https://img.travel.rakuten.co.jp/share/HOTEL/182828/182828.jpg,https://img.travel.rakuten.co.jp/HIMG/90/182828.jpg,,,https://img.travel.rakuten.co.jp/share/HOTEL/182828/182828map.gif,108.0,4.63,"鍵を無くして探していた時もとても親切でまた利用したいです　2026-09-23 17:33:34投稿 <a href=""https://img.travel.rakuten.co.jp/image/tr/api/re/gJNfM/?f_hotel_no=182828"" class=""3click"">つづきはこちら</a>",wa01,【源泉かけ流し】半露天風呂付き和洋室,6175000.0,【素泊まり】源泉かけ流し半露天風呂で過ごす、贅沢なひととき,1,0,0,0,0,0,https://img.travel.rakuten.co.jp/image/tr/api/re/IdsCY/?f_no=182828&f_syu=wa01&f_hi1=2026-10-03&f_hi2=2026-10-04&f_heya_su=1&f_otona_su=1&f_s1=0&f_s2=0&f_y1=0&f_y2=0&f_y3=0&f_y4=0&f_camp_id=6175000,0,2026-10-03,34500,34500,0,2026-10-03,chikuzen
199014,シークレットビーチハウス　沐　ＭＯＫＵ,https://img.travel.rakuten.co.jp/image/tr/api/re/pvonD/?f_no=199014,https://img.travel.rakuten.co.jp/image/tr/api/re/vFumt/?f_no=199014&f_flg=PLAN,,https://img.travel.rakuten.co.jp/image/tr/api/re/gJNfM/?f_hotel_no=199014,しーくれっとびーちはうす　もく,浜辺から１分。海と田園のはざまに、静かに佇む一棟貸し。 砂浜、星、焚き火、薪ストーブの宿,12667,121771.12,469734.67,811-3521,福岡県,福津市勝浦2023,080-6518-0526,--,福岡市内、福岡空港より車で約50分、JR鹿児島線福間駅より車で約15分,あり　3台　無料　予約不要,福間,https://img.travel.rakuten.co.jp/share/HOTEL/199014/199014.jpg,https://img.travel.rakuten.co.jp/HIMG/90/199014.jpg,,,https://img.travel.rakuten.co.jp/share/HOTEL/199014/199014map.gif,,,,2,一棟貸し　コーヒー＆ハーブティー付き,6445539.0,【素泊まりプラン】砂浜まですぐ　薪ストーブ、焚き火無料,1,0,0,0,0,2,https://img.travel.rakuten.co.jp/image/tr/api/re/IdsCY/?f_no=199014&f_syu=2&f_hi1=2026-10-03&f_hi2=2026-10-04&f_heya_su=1&f_otona_su=1&f_s1=0&f_s2=0&f_y1=0&f_y2=0&f_y3=0&f_y4=0&f_camp_id=6445539,0,2026-10-03,38100,38100,0,2026-10-03,chikuzen
179214,福岡ホテル＆リゾートグランピング　ザ・リトリート,https://img.travel.rakuten.co.jp/image/tr/api/re/pvonD/?f_no=179214,https://img.travel.rakuten.co.jp/image/tr/api/re/vFumt/?f_no=179214&f_flg=PLAN,https://img.travel.rakuten.co.jp/image/tr/api/re/WzozX/?noTomariHotel=179214,https://img.travel.rakuten.co.jp/image/tr/api/re/gJNfM/?f_hotel_no=179214,ふくおかほてるあんどりぞーとぐらんぴんぐ　ざ・りとりーと,全室冷暖房完備／快適に最高のアウトドア体験！ドリンクもアクティビティもオールインクルーシブ♪朝食はホテルハーフブッフェ！,11022,121154.21,470682.31,820-0115,福岡県,飯塚市仁保8-37,0948-82-3177,0948-82-3178,ＪＲ　新飯塚駅よりお車にて約１５分,有り　８０台　無料　予約不要,新飯塚,https://img.travel.rakuten.co.jp/share/HOTEL/179214/179214.jpg,https://img.travel.rakuten.co.jp/HIMG/90/179214.jpg,https://img.travel.rakuten.co.jp/share/HOTEL/179214/179214_kan1.jpg,https://img.travel.rakuten.co.jp/HIMG/INTERIOR/179214.jpg,https://img.travel.rakuten.co.jp/share/HOTEL/179214/179214map.gif,161.0,4.44,"オールインクルーシブで、チェックインしてからアルコールを含むドリンク飲み放題で、アクティビティも充実しており、家族全員楽しめました。夏だったので、虫がたくさんいたのは仕方が無いのかなと思います。　2026-09-23 22:16:40投稿 <a href=""https://img.travel.rakuten.co.jp/image/tr/api/re/gJNfM/?f_hotel_no=179214"" class=""3click"">つづきはこちら</a>",ml15,【ホテルタイプ】マウンテンロッジ,5728849.0,【2食付】贅沢なグランピング体験をフレンチシェフがオリジナルBBQで演出☆スタンダード／夕食19時,1,1,0,1,0,1,https://img.travel.rakuten.co.jp/image/tr/api/re/IdsCY/?f_no=179214&f_syu=ml15&f_hi1=2026-10-03&f_hi2=2026-10-04&f_heya_su=1&f_otona_su=1&f_s1=0&f_s2=0&f_y1=0&f_y2=0&f_y3=0&f_y4=0&f_camp_id=5728849,0,2026-10-03,38745,38745,0,2026-10-03,chikuzen
199829,人の少ない砂浜すぐの静かな一棟貸し　＾,https://img.travel.rakuten.co.jp/image/tr/api/re/pvonD/?f_no=199829,https://img.travel.rakuten.co.jp/image/tr/api/re/vFumt/?f_no=199829&f_flg=PLAN,,https://img.travel.rakuten.co.jp/image/tr/api/re/gJNfM/?f_hotel_no=199829,,日常を手放し、静寂に還る宿「沐」。,13224,121771.12,469734.67,811-3521,福岡県,福津市勝浦2023,080-6518-0526,00-0000-0000,東郷駅から車で15分,あり,東郷,https://img.travel.rakuten.co.jp/share/HOTEL/199829/199829.jpg,https://img.travel.rakuten.co.jp/HIMG/90/199829.jpg,,,https://img.travel.rakuten.co.jp/share/HOTEL/199829/199829map.gif,,,,1492270_3,一戸建て,6606498.0,【楽天スーパーSALE】海と田園のはざまに、静かに佇む一棟貸し。　薪ストーブの温もり,1,0,0,0,0,2,https://img.travel.rakuten.co.jp/image/tr/api/re/IdsCY/?f_no=199829&f_syu=1492270_3&f_hi1=2026-10-03&f_hi2=2026-10-04&f_heya_su=1&f_otona_su=1&f_s1=0&f_s2=0&f_y1=0&f_y2=0&f_y3=0&f_y4=0&f_camp_id=6606498,0,2026-10-03,39776,39776,0,2026-10-03,chikuzen
183303,ＶＩＬＬＡ　ＭＩＮＡＷＡ,https://img.travel.rakuten.co.jp/image/tr/api/re/pvonD/?f_no=183303,https://img.travel.rakuten.co.jp/image/tr/api/re/vFumt/?f_no=183303&f_flg=PLAN,,https://img.travel.rakuten.co.jp/image/tr/api/re/gJNfM/?f_hotel_no=183303,&#12436;ぃら　みなわ,【神宿る島「沖ノ島」に一番近い宿】オーシャンビューの一棟貸切宿で、大切な人と非日常を味わうひと時をお過ごしください。,16986,122062.02,469480.57,811-3701,福岡県,宗像市大島字神崎2695-63,050-6883-8922,050-5213-1636,福岡空港よりお車にて約2時間半（途中フェリー乗船あり）。宗像大島港渡船ターミナルより車で約10分。,有り　４台　無料　予約不要,福岡空港,https://img.travel.rakuten.co.jp/share/HOTEL/183303/183303.jpg,https://img.travel.rakuten.co.jp/HIMG/90/183303.jpg,,,https://img.travel.rakuten.co.jp/share/HOTEL/183303/183303map.gif,1.0,,,001,【一日一組限定】神宿る島「沖ノ島」に最も近い貸切宿（禁煙）,6573795.0,【楽天スーパーSALE】朝食付/MINAWA限定の朝食セットをお部屋にお届け！気持ちよい一日を,1,0,0,1,0,2,https://img.travel.rakuten.co.jp/image/tr/api/re/IdsCY/?f_no=183303&f_syu=001&f_hi1=2026-10-03&f_hi2=2026-10-04&f_heya_su=1&f_otona_su=1&f_s1=0&f_s2=0&f_y1=0&f_y2=0&f_y3=0&f_y4=0&f_camp_id=6573795,0,2026-10-03,46930,46930,0,2026-10-03,chikuzen
108259,ホテルアクティブ！博多,https://img.travel.rakuten.co.jp/image/tr/api/re/pvonD/?f_no=108259,https://img.travel.rakuten.co.jp/image/tr/api/re/vFumt/?f_no=108259&f_flg=PLAN,https://img.travel.rakuten.co.jp/image/tr/api/re/WzozX/?noTomariHotel=108259,https://img.travel.rakuten.co.jp/image/tr/api/re/gJNfM/?f_hotel_no=108259,あくてぃぶ！はかた,和洋ビュッフェ朝食無料サービス＆人工温泉大浴場付◆博多駅博多口より徒歩約4分◆楽天GOLDアワード2025受賞,8500,120908.36,469505.34,812-0011,福岡県,福岡市博多区博多駅前3-20-16,092-452-0001,092-452-0011,ＪＲ博多駅・博多口より徒歩約４分◆空港からは地下鉄で博多駅まで約５分・西２０番出口から徒歩約２分,普通車１台１泊税込１１００円／徒歩１分圏に複数の契約駐車場（総枠数１６５台）全枠平置きでハイルーフ可,博多,https://img.travel.rakuten.co.jp/share/HOTEL/108259/108259.jpg,https://img.travel.rakuten.co.jp/HIMG/90/108259.jpg,,,https://img.travel.rakuten.co.jp/share/HOTEL/108259/108259map.gif,12221.0,4.32,"また機会があれば利用したいです。　2026-09-24 00:08:19投稿 <a href=""https://img.travel.rakuten.co.jp/image/tr/api/re/gJNfM/?f_hotel_no=108259"" class=""3click"">つづきはこちら</a>",a,◆喫煙◆アクティブルーム（ダブルベッド×1）新感覚レイアウト,6417217.0,【ゴールドアワード2025】受賞記念プラン！和洋ビュッフェ朝食無料／人工温泉大浴場,1,0,0,1,0,1,https://img.travel.rakuten.co.jp/image/tr/api/re/IdsCY/?f_no=108259&f_syu=a&f_hi1=2026-10-03&f_hi2=2026-10-04&f_heya_su=1&f_otona_su=1&f_s1=0&f_s2=0&f_y1=0&f_y2=0&f_y3=0&f_y4=0&f_camp_id=6417217,0,2026-10-03,26000,26000,0,2026-10-03,fukuoka
182019,アパホテル〈博多駅筑紫口〉,https://img.travel.rakuten.co.jp/image/tr/api/re/pvonD/?f_no=182019,https://img.travel.rakuten.co.jp/image/tr/api/re/vFumt/?f_no=182019&f_flg=PLAN,https://img.travel.rakuten.co.jp/image/tr/api/re/WzozX/?noTomariHotel=182019,https://img.travel.rakuten.co.jp/image/tr/api/re/gJNfM/?f_hotel_no=182019,あぱほてる　はかたえきちくしぐち,博多駅から最も近いアパホテル。2棟構成でCENTRAL棟には大浴殿完備。WEST棟では静かに過ごせる,6120,120916.87,469533.42,812-0013,福岡県,福岡市博多区博多駅東1-14-1(セントラル棟)／福岡市博多区博多駅東1-11-11(ウエスト棟),0570-056-311,092-477-6312,地下鉄空港線「博多」駅(東7番出口)から徒歩2分、山陽新幹線・九州新幹線・JR各線「博多」駅(筑紫口)から徒歩4分,"セントラル棟16台　1,800円／1泊（11時&#12316;翌11時）※先着順",博多,https://img.travel.rakuten.co.jp/share/HOTEL/182019/182019.jpg,https://img.travel.rakuten.co.jp/HIMG/90/182019.jpg,,,https://img.travel.rakuten.co.jp/share/HOTEL/182019/182019map.gif,1407.0,4.15,"ビジネスホテルという括りでの設備や立地など安心感があ…　2026-09-28 15:38:35投稿 <a href=""https://img.travel.rakuten.co.jp/image/tr/api/re/gJNfM/?f_hotel_no=182019"" class=""3click"">つづきはこちら</a>",s1w,【ウエスト棟】スタンダード(1名利用) 禁煙◆大浴殿は別館,5188888.0,【素泊まり・事前決済限定】1秒チェックインにおすすめ！,1,0,0,0,0,2,https://img.travel.rakuten.co.jp/image/tr/api/re/IdsCY/?f_no=182019&f_syu=s1w&f_hi1=2026-10-03&f_hi2=2026-10-04&f_heya_su=1&f_otona_su=1&f_s1=0&f_s2=0&f_y1=0&f_y2=0&f_y3=0&f_y4=0&f_camp_id=5188888,0,2026-10-03,27900,27900,0,2026-10-03,fukuoka
167058,静鉄ホテルプレジオ博多駅前,https://img.travel.rakuten.co.jp/image/tr/api/re/pvonD/?f_no=167058,https://img.travel.rakuten.co.jp/image/tr/api/re/vFumt/?f_no=167058&f_flg=PLAN,https://img.travel.rakuten.co.jp/image/tr/api/re/WzozX/?noTomariHotel=167058,https://img.travel.rakuten.co.jp/image/tr/api/re/gJNfM/?f_hotel_no=167058,しずてつほてるぷれじおはかたえきまえ,デラックスルーム新登場◆シングルルーム全室バス・トイレ別◆JR博多駅より徒歩約６分★免震構造★ロビーの無料コーヒーが好評,6600,120895.43,469520.0,812-0011,福岡県,福岡市博多区博多駅前4-17-6,092-451-2800,092-409-7200,JR博多駅、博多口より徒歩約６分,有り１泊1700円  敷地内駐車場7台（先着順）,博多,https://img.travel.rakuten.co.jp/share/HOTEL/167058/167058.jpg,https://img.travel.rakuten.co.jp/HIMG/90/167058.jpg,https://img.travel.rakuten.co.jp/share/HOTEL/167058/167058_kan1.jpg,https://img.travel.rakuten.co.jp/HIMG/INTERIOR/167058.jpg,https://img.travel.rakuten.co.jp/share/HOTEL/167058/167058map.gif,2232.0,4.3,"素泊まりでしたが、食事が美味しいと聞いていたので、次回利用することがあれば、食事付にしたいと思い…　2026-09-26 13:35:34投稿 <a href=""https://img.travel.rakuten.co.jp/image/tr/api/re/gJNfM/?f_hotel_no=167058"" class=""3click"">つづきはこちら</a>",sn1,シングル／禁煙／洗い場付のバスルーム／ベッド幅140ｃｍ,6577407.0,【楽天スーパーSALE】【素泊り】スタンダードプラン♪ 観光やビジネスの拠点に便利な博多駅徒歩6分！,1,0,0,0,0,1,https://img.travel.rakuten.co.jp/image/tr/api/re/IdsCY/?f_no=167058&f_syu=sn1&f_hi1=2026-10-03&f_hi2=2026-10-04&f_heya_su=1&f_otona_su=1&f_s1=0&f_s2=0&f_y1=0&f_y2=0&f_y3=0&f_y4=0&f_camp_id=6577407,0,2026-10-03,29700,29700,0,2026-10-03,fukuoka
163065,スーパーホテルＰｒｅｍｉｅｒ博多駅・筑紫口天然温泉,https://img.travel.rakuten.co.jp/image/tr/api/re/pvonD/?f_no=163065,https://img.travel.rakuten.co.jp/image/tr/api/re/vFumt/?f_no=163065&f_flg=PLAN,https://img.travel.rakuten.co.jp/image/tr/api/re/WzozX/?noTomariHotel=163065,https://img.travel.rakuten.co.jp/image/tr/api/re/gJNfM/?f_hotel_no=163065,すーぱーほてるぷれみあはかたえき・ちくしぐちてんねんおんせん,アルコールも楽しめるウェルカムバー（15時～21時）＆夜通し入れる天然温泉でリフレッシュ☆博多駅から徒歩約8分！！,7370,120898.15,469537.03,812-0016,福岡県,福岡市博多区博多駅南2-1-32,092-451-9000,092-451-9001,JR博多駅・筑紫口徒歩約８分！福岡空港から車で約10分！地下鉄博多駅東5番出口！博多駅東３丁目交差点セブンイレブン前,7台分（事前予約制） 1泊2，000円 ※高さ制限なし 　　近隣にコインパーキング多数あり,博多,https://img.travel.rakuten.co.jp/share/HOTEL/163065/163065.jpg,https://img.travel.rakuten.co.jp/HIMG/90/163065.jpg,,,https://img.travel.rakuten.co.jp/share/HOTEL/163065/163065map.gif,2214.0,4.29,"ダブルベットで1人で泊まるには申し訳ないくらいのベットでした。朝までぐっすり出来ました。テーブルやソファも広くビジネスでも大満足出来ると思います。　2026-09-24 18:30:44投稿 <a href=""https://img.travel.rakuten.co.jp/image/tr/api/re/gJNfM/?f_hotel_no=163065"" class=""3click"">つづきはこちら</a>",k0,【素泊まり】部屋タイプお任せ【お部屋は当日のお楽しみ】,5265396.0,【5％OFF】【楽天スーパーSALE】素泊まり☆天然温泉＆ウェルカムバー付,1,0,0,0,0,1,https://img.travel.rakuten.co.jp/image/tr/api/re/IdsCY/?f_no=163065&f_syu=k0&f_hi1=2026-10-03&f_hi2=2026-10-04&f_heya_su=1&f_otona_su=1&f_s1=0&f_s2=0&f_y1=0&f_y2=0&f_y3=0&f_y4=0&f_camp_id=5265396,0,2026-10-03,28500,28500,0,2026-10-03,fukuoka
147709,博多グリーンホテル１号館,https://img.travel.rakuten.co.jp/image/tr/api/re/pvonD/?f_no=147709,https://img.travel.rakuten.co.jp/image/tr/api/re/vFumt/?f_no=147709&f_flg=PLAN,https://img.travel.rakuten.co.jp/image/tr/api/re/WzozX/?noTomariHotel=147709,https://img.travel.rakuten.co.jp/image/tr/api/re/gJNfM/?f_hotel_no=147709,はかたぐりーんほてるいちごうかん,博多駅徒歩1分でアクセス抜群！１３時イン・１２時アウトのゆったり滞在。◇個別空調◇シモンズベッド◇加湿空気清浄機完備,7600,120918.91,469527.72,812-0012,福岡県,福岡市博多区博多駅中央街4-4,092-451-4110,092-451-4115,【最短アクセス】福岡空港～地下鉄５分。JR博多駅筑紫口（新幹線口）～徒歩１分！,"1泊／2,500円　先着・予約不可(満車・サイズによる入庫不可は有料駐車場へ案内　※途中入出庫不可)",博多,https://img.travel.rakuten.co.jp/share/HOTEL/147709/147709.jpg,https://img.travel.rakuten.co.jp/HIMG/90/147709.jpg,,,https://img.travel.rakuten.co.jp/share/HOTEL/147709/147709map.gif,2313.0,4.29,"前夜7時過ぎに急遽宿泊することになり、一番駅近で安全、コインランドリーありで選びました。朝ラン&amp;駅前エニタイムで筋トレ後、選べる朝食(和Or洋)。私は和食、博多ならではのもつ鍋と好きな海鮮で作…　2026-09-14 20:44:58投稿 <a href=""https://img.travel.rakuten.co.jp/image/tr/api/re/gJNfM/?f_hotel_no=147709"" class=""3click"">つづきはこちら</a>",sk1_basic,禁煙シングル,3376775.0,【素泊まり】13時イン12時アウトシングルプラン,1,0,0,0,0,1,https://img.travel.rakuten.co.jp/image/tr/api/re/IdsCY/?f_no=147709&f_syu=sk1_basic&f_hi1=2026-10-03&f_hi2=2026-10-04&f_heya_su=1&f_otona_su=1&f_s1=0&f_s2=0&f_y1=0&f_y2=0&f_y3=0&f_y4=0&f_camp_id=3376775,0,2026-10-03,26600,26600,0,2026-10-03,fukuoka
79344,ダイワロイネットホテル博多祇園,https://img.travel.rakuten.co.jp/image/tr/api/re/pvonD/?f_no=79344,https://img.travel.rakuten.co.jp/image/tr/api/re/vFumt/?f_no=79344&f_flg=PLAN,https://img.travel.rakuten.co.jp/image/tr/api/re/WzozX/?noTomariHotel=79344,https://img.travel.rakuten.co.jp/image/tr/api/re/gJNfM/?f_hotel_no=79344,だいわろいねっとほてるはかたぎおん,地下鉄「祇園駅」より徒歩約1分の駅ちかホテル。天神・中洲屋台・キャナルシティへは徒歩圏内。ビジネス・遊びに便利。,6000,120924.68,469497.51,812-0038,福岡県,福岡市博多区祗園町1-24,092-281-3600,092-281-3601,地下鉄空港線「祇園駅」3番出口より徒歩約1分。JR「博多駅」より徒歩約8分、又は地下鉄利用で「祇園駅」下車、徒歩約1分。,"立体駐車場。収容20台。1泊（13時〜翌13時）1,800円税込。営業7時〜22時。車高1.55m迄",祇園（福岡）,https://img.travel.rakuten.co.jp/share/HOTEL/79344/79344.jpg,https://img.travel.rakuten.co.jp/HIMG/90/79344.jpg,https://img.travel.rakuten.co.jp/share/HOTEL/79344/79344_room.jpg,https://img.travel.rakuten.co.jp/HIMG/INTERIOR/79344.jpg,https://img.travel.rakuten.co.jp/share/HOTEL/79344/79344map.gif,4376.0,4.16,"連休直前に予定が決まり急いでの予約でしたので、喫煙ルームしか空いておらずでしたが、中洲に近いホテルが良かったので予約しました。夜遅くの到着でしたが、駐車場も空いており助かりました。歩いて10分程度で中…　2026-09-22 08:26:30投稿 <a href=""https://img.travel.rakuten.co.jp/image/tr/api/re/gJNfM/?f_hotel_no=79344"" class=""3click"">つづきはこちら</a>",sn-01,【禁煙】スタンダードダブル 1名利用 18平米,6592610.0,【楽天スーパーSALE】【素泊まり】シンプルステイプラン●博多駅・中州へ好立地 祗園駅約1分●,1,0,0,0,0,1,https://img.travel.rakuten.co.jp/image/tr/api/re/IdsCY/?f_no=79344&f_syu=sn-01&f_hi1=2026-10-03&f_hi2=2026-10-04&f_heya_su=1&f_otona_su=1&f_s1=0&f_s2=0&f_y1=0&f_y2=0&f_y3=0&f_y4=0&f_camp_id=6592610,0,2026-10-03,25175,25175,0,2026-10-03,fukuoka
80574,博多グリーンホテルアネックス,https://img.travel.rakuten.co.jp/image/tr/api/re/pvonD/?f_no=80574,https://img.travel.rakuten.co.jp/image/tr/api/re/vFumt/?f_no=80574&f_flg=PLAN,https://img.travel.rakuten.co.jp/image/tr/api/re/WzozX/?noTomariHotel=80574,https://img.travel.rakuten.co.jp/image/tr/api/re/gJNfM/?f_hotel_no=80574,はかたぐりーんほてるあねっくす,博多駅徒歩1分でアクセス抜群！１３時イン・１２時アウトのゆったり滞在。◇個別空調◇シモンズベッド◇直営コンビニ１Ｆ有,8300,120916.94,469527.77,812-0012,福岡県,福岡市博多区博多駅中央街4-32,092-451-4112,092-451-4177,【最短アクセス】福岡空港～地下鉄５分。JR博多駅筑紫口（新幹線口）～徒歩１分！,"1泊／2,500円　先着・予約不可(満車・サイズによる入庫不可は有料駐車場へ案内　※途中入出庫不可)",博多,https://img.travel.rakuten.co.jp/share/HOTEL/80574/80574.jpg,https://img.travel.rakuten.co.jp/HIMG/90/80574.jpg,https://img.travel.rakuten.co.jp/share/HOTEL/80574/80574_room.jpg,https://img.travel.rakuten.co.jp/HIMG/INTERIOR/80574.jpg,https://img.travel.rakuten.co.jp/share/HOTEL/80574/80574map.gif,2679.0,4.25,"チェックイン時間大幅遅れにも関わらず良い対応でした。また利用したいです！　2026-09-25 20:31:12投稿 <a href=""https://img.travel.rakuten.co.jp/image/tr/api/re/gJNfM/?f_hotel_no=80574"" class=""3click"">つづきはこちら</a>",sk,禁煙シングルルーム,3336116.0,【素泊まり】13時イン12時アウト シングルプラン,1,0,0,0,0,1,https://img.travel.rakuten.co.jp/image/tr/api/re/IdsCY/?f_no=80574&f_syu=sk&f_hi1=2026-10-03&f_hi2=2026-10-04&f_heya_su=1&f_otona_su=1&f_s1=0&f_s2=0&f_y1=0&f_y2=0&f_y3=0&f_y4=0&f_camp_id=3336116,0,2026-10-03,31400,31400,0,2026-10-03,fukuoka
165706,エスペリアホテル博多,https://img.travel.rakuten.co.jp/image/tr/api/re/pvonD/?f_no=165706,https://img.travel.rakuten.co.jp/image/tr/api/re/vFumt/?f_no=165706&f_flg=PLAN,https://img.travel.rakuten.co.jp/image/tr/api/re/WzozX/?noTomariHotel=165706,https://img.travel.rakuten.co.jp/image/tr/api/re/gJNfM/?f_hotel_no=165706,えすぺりあほてるはかた,お部屋は全室バス・トイレ・洗面が別！観光・ビジネスに便利な駅近ホテル,7380,120916.37,469506.7,812-0011,福岡県,福岡市博多区博多駅前2-11-4,092-412-7272,092-412-7271,地下鉄「博多駅」P５番出口より徒歩約分。JR「博多駅」より徒歩約５分、福岡空港から博多へは地下鉄約１０分,"有り　16台　1,600円（税込み／泊）　先着順 予約不可　※提携の駐車場はございません",博多,https://img.travel.rakuten.co.jp/share/HOTEL/165706/165706.jpg,https://img.travel.rakuten.co.jp/HIMG/90/165706.jpg,,,https://img.travel.rakuten.co.jp/share/HOTEL/165706/165706map.gif,1811.0,4.2,"洗面台がベッドの側にあることは自分的…　2026-09-26 22:00:36投稿 <a href=""https://img.travel.rakuten.co.jp/image/tr/api/re/gJNfM/?f_hotel_no=165706"" class=""3click"">つづきはこちら</a>",sda,ダブル【ベッド幅140／バスルーム・トイレ別】,6572007.0,【楽天スーパーSALE】素泊まり,1,0,0,0,0,1,https://img.travel.rakuten.co.jp/image/tr/api/re/IdsCY/?f_no=165706&f_syu=sda&f_hi1=2026-10-03&f_hi2=2026-10-04&f_heya_su=1&f_otona_su=1&f_s1=0&f_s2=0&f_y1=0&f_y2=0&f_y3=0&f_y4=0&f_camp_id=6572007,0,2026-10-03,31770,31770,0,2026-10-03,fukuoka
76404,天然温泉　御笠の湯　ドーミーイン博多祇園（２０２６年４月１日リニューアルオープン）,https://img.travel.rakuten.co.jp/image/tr/api/re/pvonD/?f_no=76404,https://img.travel.rakuten.co.jp/image/tr/api/re/vFumt/?f_no=76404&f_flg=PLAN,https://img.travel.rakuten.co.jp/image/tr/api/re/WzozX/?noTomariHotel=76404,https://img.travel.rakuten.co.jp/image/tr/api/re/gJNfM/?f_hotel_no=76404,てんねんおんせん　みかさのゆ　どーみーいんはかたぎおん,【4月リニューアルオープン】博多で温泉に入ろう！空港から地下鉄で1本でアクセス抜群　博多名物「水炊き」自慢の朝食を☆,9605,120924.81,469495.06,812-0039,福岡県,福岡市博多区冷泉町1-12,092-271-5489,092-271-5210,地下鉄空港線「祗園駅」3番出口から徒歩1分、博多駅から徒歩約10分,12台【先着順・出入自由・1泊 ２０００円】満車の際は提携先又は近隣駐車場にご案内させて頂きます。,祇園（福岡）,https://img.travel.rakuten.co.jp/share/HOTEL/76404/76404.jpg,https://img.travel.rakuten.co.jp/HIMG/90/76404.jpg,https://img.travel.rakuten.co.jp/share/HOTEL/76404/76404_d.jpg,https://img.travel.rakuten.co.jp/HIMG/INTERIOR/76404.jpg,https://img.travel.rakuten.co.jp/share/HOTEL/76404/76404map.gif,4847.0,4.28,"半年ぶりのリピート利用でした。前回は1人で今回は家族と利用しました。綺麗な内装とリラックスできる室内で2人部屋ということもあり、全体的に広く快適に過ごせました。前回は車で来たので分からなかったのですが…　2026-09-27 23:18:02投稿 <a href=""https://img.travel.rakuten.co.jp/image/tr/api/re/gJNfM/?f_hotel_no=76404"" class=""3click"">つづきはこちら</a>",cdn,【7〜10F指定】◆CLUB FLOOR ダブル◆《禁煙》,1834097.0,【大浴場×サウナでととのう！】ドーミーインスタンダードプラン!!＜素泊まり＞,1,0,0,0,0,1,https://img.travel.rakuten.co.jp/image/tr/api/re/IdsCY/?f_no=76404&f_syu=cdn&f_hi1=2026-10-03&f_hi2=2026-10-04&f_heya_su=1&f_otona_su=1&f_s1=0&f_s2=0&f_y1=0&f_y2=0&f_y3=0&f_y4=0&f_camp_id=1834097,0,2026-10-03,38420,38420,0,2026-10-03,fukuoka
7251,ホテルクリオコート博多,https://img.travel.rakuten.co.jp/image/tr/api/re/pvonD/?f_no=7251,https://img.travel.rakuten.co.jp/image/tr/api/re/vFumt/?f_no=7251&f_flg=PLAN,https://img.travel.rakuten.co.jp/image/tr/api/re/WzozX/?noTomariHotel=7251,https://img.travel.rakuten.co.jp/image/tr/api/re/gJNfM/?f_hotel_no=7251,くりおこーと　はかた,博多駅から徒歩1分で安心・安全！全室21㎡以上で快適！手荷物もお預かりします。Wi-Fi使えます！（全フロア利用可！）,6300,120911.62,469526.65,812-0012,福岡県,福岡市博多区博多駅中央街5-3,092-472-1111,092-474-3222,福岡県福岡市博多区博多駅中央街5-3 ホテルクリオコート博多（博多駅筑紫口から徒歩１分）,1泊￥1500 / 29　台【予約制】,博多,https://img.travel.rakuten.co.jp/share/HOTEL/7251/7251.jpg,https://img.travel.rakuten.co.jp/HIMG/90/7251.jpg,https://img.travel.rakuten.co.jp/share/HOTEL/7251/7251_room.jpg,https://img.travel.rakuten.co.jp/HIMG/INTERIOR/7251.jpg,https://img.travel.rakuten.co.jp/share/HOTEL/7251/7251map.gif,6477.0,4.19,,sgl-twn,スタンダードツインルーム（シングルユース）【喫煙】25平米,4754745.0,【素泊り】これが、お薦め！お得クリオ！（おとくりお）！,1,0,0,0,0,1,https://img.travel.rakuten.co.jp/image/tr/api/re/IdsCY/?f_no=7251&f_syu=sgl-twn&f_hi1=2026-10-03&f_hi2=2026-10-04&f_heya_su=1&f_otona_su=1&f_s1=0&f_s2=0&f_y1=0&f_y2=0&f_y3=0&f_y4=0&f_camp_id=4754745,0,2026-10-03,31500,31500,0,2026-10-03,fukuoka
15426,スカイハートホテル博多,https://img.travel.rakuten.co.jp/image/tr/api/re/pvonD/?f_no=15426,https://img.travel.rakuten.co.jp/image/tr/api/re/vFumt/?f_no=15426&f_flg=PLAN,https://img.travel.rakuten.co.jp/image/tr/api/re/WzozX/?noTomariHotel=15426,https://img.travel.rakuten.co.jp/image/tr/api/re/gJNfM/?f_hotel_no=15426,すかいはーとほてる　はかた　すかいこーと　はかた,リニューアルした快適で充実した設備とアメニティの客室、充実の貸出備品、美味しい手作り朝食でワンランク上のホテルステイを,5600,120921.4,469497.89,812-0038,福岡県,福岡市博多区祇園町4-73,092-262-4400,092-262-8111,地下鉄「祇園駅」徒歩2分、JR博多駅「博多口」徒歩8分、福岡空港は地下鉄で13分。,"15時〜翌11時まで平置き2,000円 先着7台、立体駐車場もあり(車高158㎝以内等制限あり)",博多,https://img.travel.rakuten.co.jp/share/HOTEL/15426/15426.jpg,https://img.travel.rakuten.co.jp/HIMG/90/15426.jpg,https://img.travel.rakuten.co.jp/share/HOTEL/15426/15426_sgl.jpg,https://img.travel.rakuten.co.jp/HIMG/INTERIOR/15426.jpg,https://img.travel.rakuten.co.jp/share/HOTEL/15426/15426map.gif,2574.0,3.66,"部屋がおしゃれでした。　2026-09-28 12:55:10投稿 <a href=""https://img.travel.rakuten.co.jp/image/tr/api/re/gJNfM/?f_hotel_no=15426"" class=""3click"">つづきはこちら</a>",redbl,◇リニューアル◇ダブルルーム＜禁煙＞,6514025.0,【返金不可】リニューアル客室◇ウェルカムドリンク付｜祇園駅徒歩3分｜素泊り,1,0,0,0,0,2,https://img.travel.rakuten.co.jp/image/tr/api/re/IdsCY/?f_no=15426&f_syu=redbl&f_hi1=2026-10-03&f_hi2=2026-10-04&f_heya_su=1&f_otona_su=1&f_s1=0&f_s2=0&f_y1=0&f_y2=0&f_y3=0&f_y4=0&f_camp_id=6514025,0,2026-10-03,25360,25360,0,2026-10-03,fukuoka
1227,ＴＫＰサンライフホテル,https://img.travel.rakuten.co.jp/image/tr/api/re/pvonD/?f_no=1227,https://img.travel.rakuten.co.jp/image/tr/api/re/vFumt/?f_no=1227&f_flg=PLAN,https://img.travel.rakuten.co.jp/image/tr/api/re/WzozX/?noTomariHotel=1227,https://img.travel.rakuten.co.jp/image/tr/api/re/gJNfM/?f_hotel_no=1227,ＴＫＰさんらいふほてる,◆ツインをリニューアルした【スーペリアツイン】の販売を開始いたしました！ぜひこの機会にご宿泊如何ですか。,5225,120912.68,469529.91,812-0013,福岡県,福岡市博多区博多駅東1-12-3,092-473-7112,092-471-5075,JR博多駅筑紫口より徒歩2分。筑紫口（新幹線口）出て目の前！地下鉄「東6番」出口直結。,"提携【里馨パーキング（リカパーキング）】予約・出し入れ不可　24H1,500円税込　高さ等制限有",博多,https://img.travel.rakuten.co.jp/share/HOTEL/1227/1227.jpg,https://img.travel.rakuten.co.jp/HIMG/90/1227.jpg,https://img.travel.rakuten.co.jp/share/HOTEL/1227/1227_sr.jpg,https://img.travel.rakuten.co.jp/HIMG/INTERIOR/1227.jpg,https://img.travel.rakuten.co.jp/share/HOTEL/1227/1227map.gif,4679.0,3.74,,10nx3k,【3号館/禁煙】シングルルーム小上がり,5624611.0,【素泊まり】博多駅新幹線側出口（筑紫口）徒歩2分,1,0,0,0,0,1,https://img.travel.rakuten.co.jp/image/tr/api/re/IdsCY/?f_no=1227&f_syu=10nx3k&f_hi1=2026-10-03&f_hi2=2026-10-04&f_heya_su=1&f_otona_su=1&f_s1=0&f_s2=0&f_y1=0&f_y2=0&f_y3=0&f_y4=0&f_camp_id=5624611,0,2026-10-03,24700,24700,0,2026-10-03,fukuoka
182017,アパホテル＆リゾート〈博多駅東〉,https://img.travel.rakuten.co.jp/image/tr/api/re/pvonD/?f_no=182017,https://img.travel.rakuten.co.jp/image/tr/api/re/vFumt/?f_no=182017&f_flg=PLAN,https://img.travel.rakuten.co.jp/image/tr/api/re/WzozX/?noTomariHotel=182017,https://img.travel.rakuten.co.jp/image/tr/api/re/gJNfM/?f_hotel_no=182017,あぱほてるあんどりぞーと　はかたえきひがし,博多駅を出て筑紫口中央通りからアクセスできる都市型リゾート。屋上に大浴殿とプールを備える,5899,120913.96,469537.43,812-0013,福岡県,福岡市博多区博多駅東1-18-1,0570-009-011,092-477-9012,福岡市営地下鉄空港線「博多駅」東7番出口から徒歩2分／JR各線「博多駅」筑紫口から徒歩4分,"11台有、1,500円 / 1泊（15：00〜翌11：00）※連泊の場合24時間　※予約不可先着順",博多,https://img.travel.rakuten.co.jp/share/HOTEL/182017/182017.jpg,https://img.travel.rakuten.co.jp/HIMG/90/182017.jpg,,,https://img.travel.rakuten.co.jp/share/HOTEL/182017/182017map.gif,976.0,4.12,"ブラックモンブランも食べられて大…　2026-09-21 07:14:59投稿 <a href=""https://img.travel.rakuten.co.jp/image/tr/api/re/gJNfM/?f_hotel_no=182017"" class=""3click"">つづきはこちら</a>",s1,スタンダードルーム　1名利用□全室禁煙□,6604835.0,【楽天スーパーSALE】【素泊まり】最上階の大浴殿無料＆博多駅から徒歩2分 【映画もアニメも見放題】,1,0,0,0,0,1,https://img.travel.rakuten.co.jp/image/tr/api/re/IdsCY/?f_no=182017&f_syu=s1&f_hi1=2026-10-03&f_hi2=2026-10-04&f_heya_su=1&f_otona_su=1&f_s1=0&f_s2=0&f_y1=0&f_y2=0&f_y3=0&f_y4=0&f_camp_id=6604835,0,2026-10-03,26761,26761,0,2026-10-03,fukuoka
151369,ＫＯＫＯ　ＨＯＴＥＬ　博多駅前,https://img.travel.rakuten.co.jp/image/tr/api/re/pvonD/?f_no=151369,https://img.travel.rakuten.co.jp/image/tr/api/re/vFumt/?f_no=151369&f_flg=PLAN,https://img.travel.rakuten.co.jp/image/tr/api/re/WzozX/?noTomariHotel=151369,https://img.travel.rakuten.co.jp/image/tr/api/re/gJNfM/?f_hotel_no=151369,ここ　ほてる　はかたえきまえ,【TVで話題！博多駅徒歩4分のデザインホテル】世界11都市を巡る寛ぎの空間。全室シモンズ製ベッドとナノイー空気清浄機完備,3780,120906.47,469507.04,812-0011,福岡県,福岡市博多区博多駅前3-22-19,092-476-9111,092-476-9112,JR・地下鉄博多駅博多口から徒歩4分☆福岡空港国内線から地下鉄で2駅　タクシーで約15分　国際線からタクシーで約20分,提携駐車場／270台収容 24時間1500円（税込）でサービス券販売中（10/1 2000円へ改定）,博多,https://img.travel.rakuten.co.jp/share/HOTEL/151369/151369.jpg,https://img.travel.rakuten.co.jp/HIMG/90/151369.jpg,https://img.travel.rakuten.co.jp/share/HOTEL/151369/151369_kan1.jpg,https://img.travel.rakuten.co.jp/HIMG/INTERIOR/151369.jpg,https://img.travel.rakuten.co.jp/share/HOTEL/151369/151369map.gif,1271.0,4.03,"ホテルのロビーがすごく良い匂いがしていました。受付の女の方の対応がとても親切丁寧で、子どもにはアメを選ばせてくれるなど優しさに感動でした。自動チェックインが多くなっている中、直接対応の温かさを感じまし…　2026-09-24 15:45:46投稿 <a href=""https://img.travel.rakuten.co.jp/image/tr/api/re/gJNfM/?f_hotel_no=151369"" class=""3click"">つづきはこちら</a>",deluxe,【South Wing】禁煙デラックスシングルルーム,6580645.0,【楽天スーパーSALE】フロアごとに異なる世界の都市をイメージしたデザイン♪（食事無し）,1,0,0,0,0,1,https://img.travel.rakuten.co.jp/image/tr/api/re/IdsCY/?f_no=151369&f_syu=deluxe&f_hi1=2026-10-03&f_hi2=2026-10-04&f_heya_su=1&f_otona_su=1&f_s1=0&f_s2=0&f_y1=0&f_y2=0&f_y3=0&f_y4=0&f_camp_id=6580645,0,2026-10-03,31395,31395,0,2026-10-03,fukuoka
2325,ホテル日航福岡,https://img.travel.rakuten.co.jp/image/tr/api/re/pvonD/?f_no=2325,https://img.travel.rakuten.co.jp/image/tr/api/re/vFumt/?f_no=2325&f_flg=PLAN,https://img.travel.rakuten.co.jp/image/tr/api/re/WzozX/?noTomariHotel=2325,https://img.travel.rakuten.co.jp/image/tr/api/re/gJNfM/?f_hotel_no=2325,にっこうふくおか,ホテル本館6階フィットネスクラブが改装工事の為2025年4月1日から2026年3月31日まで営業休止となります。,13650,120917.58,469510.07,812-0011,福岡県,福岡市博多区博多駅前2-18-25　,092-482-1111,092-482-1127,ＪＲ博多シティ(博多駅)から徒歩3分/福岡空港から地下鉄2駅(所要時間5分)※地下道で直結・P5番出口,ホテル地下駐車場◇117台◇1泊1500円(※2026年4月1日より1泊2000円に改定),博多,https://img.travel.rakuten.co.jp/share/HOTEL/2325/2325.jpg,https://img.travel.rakuten.co.jp/HIMG/90/2325.jpg,https://img.travel.rakuten.co.jp/share/HOTEL/2325/2325_kya.jpg,https://img.travel.rakuten.co.jp/HIMG/INTERIOR/2325.jpg,https://img.travel.rakuten.co.jp/share/HOTEL/2325/2325map.gif,3902.0,4.52,,dbl,【禁煙】ダブル(21.5平米),6124205.0,【SAVER】　観光におすすめ！シンプルステイ〜ＪＲ博多駅徒歩3分でアクセス抜群♪,1,0,0,0,0,1,https://img.travel.rakuten.co.jp/image/tr/api/re/IdsCY/?f_no=2325&f_syu=dbl&f_hi1=2026-10-03&f_hi2=2026-10-04&f_heya_su=1&f_otona_su=1&f_s1=0&f_s2=0&f_y1=0&f_y2=0&f_y3=0&f_y4=0&f_camp_id=6124205,0,2026-10-03,47500,47500,0,2026-10-03,fukuoka
178702,アパホテル〈博多東比恵駅前〉,https://img.travel.rakuten.co.jp/image/tr/api/re/pvonD/?f_no=178702,https://img.travel.rakuten.co.jp/image/tr/api/re/vFumt/?f_no=178702&f_flg=PLAN,https://img.travel.rakuten.co.jp/image/tr/api/re/WzozX/?noTomariHotel=178702,https://img.travel.rakuten.co.jp/image/tr/api/re/gJNfM/?f_hotel_no=178702,あぱほてる〈はかたひがしひええきまえ〉,【博多駅まで1駅、福岡空港にも1駅 】福岡空港に最も近いアパホテル,4800,120910.38,469559.53,812-0007,福岡県,福岡市博多区東比恵2-16-13,092-433-6675,092-432-7251,地下鉄空港線「東比恵駅」（4番出口）から徒歩1分（博多駅1駅、福岡空港1駅）,"3台＋車椅子使用者用1台有　1,500円/1泊（会員ランク・プランに準ずる）　予約不可　先着順",東比恵,https://img.travel.rakuten.co.jp/share/HOTEL/178702/178702.jpg,https://img.travel.rakuten.co.jp/HIMG/90/178702.jpg,,,https://img.travel.rakuten.co.jp/share/HOTEL/178702/178702map.gif,628.0,4.13,"ベッドの下に収納可能です。アメニティが豊富で良かったです。値段が少し高かった。2泊で27000オーバー　2026-09-19 18:40:02投稿 <a href=""https://img.travel.rakuten.co.jp/image/tr/api/re/gJNfM/?f_hotel_no=178702"" class=""3click"">つづきはこちら</a>",004,シングル 禁煙室,6564630.0,【楽天スーパーSALE】【素泊まり】地下鉄空港線「東比恵駅」より徒歩1分！福岡空港隣駅の好アクセス！,1,0,0,0,0,1,https://img.travel.rakuten.co.jp/image/tr/api/re/IdsCY/?f_no=178702&f_syu=004&f_hi1=2026-10-03&f_hi2=2026-10-04&f_heya_su=1&f_otona_su=1&f_s1=0&f_s2=0&f_y1=0&f_y2=0&f_y3=0&f_y4=0&f_camp_id=6564630,0,2026-10-03,27540,27540,0,2026-10-03,fukuoka
178967,ホテルフロント・イン福岡空港,https://img.travel.rakuten.co.jp/image/tr/api/re/pvonD/?f_no=178967,https://img.travel.rakuten.co.jp/image/tr/api/re/vFumt/?f_no=178967&f_flg=PLAN,https://img.travel.rakuten.co.jp/image/tr/api/re/WzozX/?noTomariHotel=178967,https://img.travel.rakuten.co.jp/image/tr/api/re/gJNfM/?f_hotel_no=178967,ふろんといんふくおかくうこう,福岡空港や博多の森陸上競技場に隣接しビジネス・観光・イベントの拠点に最適なホテルです。博多・中洲・天神へのアクセスも抜群,7480,120956.0,469638.78,811‐2205,福岡県,糟屋郡志免町別府2-18-1,092-624-6688,092-624-6677,地下鉄　福岡空港駅より徒歩にて約12分,有り　32台　1泊１区画800円（※2tロング以上は１区画1600円）　要予約,福岡空港,https://img.travel.rakuten.co.jp/share/HOTEL/178967/178967.jpg,https://img.travel.rakuten.co.jp/HIMG/90/178967.jpg,,,https://img.travel.rakuten.co.jp/share/HOTEL/178967/178967map.gif,773.0,4.08,"大浴場も広くて快適でした。　2026-09-23 15:11:57投稿 <a href=""https://img.travel.rakuten.co.jp/image/tr/api/re/gJNfM/?f_hotel_no=178967"" class=""3click"">つづきはこちら</a>",ladies,レディースフロアシングル（女性専用※男性宿泊不可）,4891430.0,【福岡空港ご利用の方におすすめ】素泊りプラン,1,0,0,0,0,2,https://img.travel.rakuten.co.jp/image/tr/api/re/IdsCY/?f_no=178967&f_syu=ladies&f_hi1=2026-10-03&f_hi2=2026-10-04&f_heya_su=1&f_otona_su=1&f_s1=0&f_s2=0&f_y1=0&f_y2=0&f_y3=0&f_y4=0&f_camp_id=4891430,0,2026-10-03,21840,21840,0,2026-10-03,fukuoka
183058,アパホテル〈博多駅前３丁目〉,https://img.travel.rakuten.co.jp/image/tr/api/re/pvonD/?f_no=183058,https://img.travel.rakuten.co.jp/image/tr/api/re/vFumt/?f_no=183058&f_flg=PLAN,https://img.travel.rakuten.co.jp/image/tr/api/re/WzozX/?noTomariHotel=183058,https://img.travel.rakuten.co.jp/image/tr/api/re/gJNfM/?f_hotel_no=183058,あぱほてる　はかたえきまえさんちょうめ,キャナルシティや楽水園近くのホテル！アクセス良く観光に最適！,4275,120901.31,469501.6,812-0011,福岡県,福岡市博多区博多駅前3-11-6,0570-098-211,092-433-0812,博多口から徒歩８分！地下鉄七隈線「櫛田神社前駅」から徒歩６分！駅前四丁目バス停から徒歩４分！,3台　※先着案内。予約不可。,博多,https://img.travel.rakuten.co.jp/share/HOTEL/183058/183058.jpg,https://img.travel.rakuten.co.jp/HIMG/90/183058.jpg,,,https://img.travel.rakuten.co.jp/share/HOTEL/183058/183058map.gif,413.0,4.05,"良くを言うと、定型の駐車場があれば良かったな。　2026-09-24 19:30:27投稿 <a href=""https://img.travel.rakuten.co.jp/image/tr/api/re/gJNfM/?f_hotel_no=183058"" class=""3click"">つづきはこちら</a>",s1k,スタンダードルーム(1名利用) □ 全室禁煙 □,6605910.0,【楽天スーパーSALE】【素泊まり】博多駅(博多口)から徒歩８分！喧騒から離れた静かなエリア♪,1,0,0,0,0,1,https://img.travel.rakuten.co.jp/image/tr/api/re/IdsCY/?f_no=183058&f_syu=s1k&f_hi1=2026-10-03&f_hi2=2026-10-04&f_heya_su=1&f_otona_su=1&f_s1=0&f_s2=0&f_y1=0&f_y2=0&f_y3=0&f_y4=0&f_camp_id=6605910,0,2026-10-03,27787,27787,0,2026-10-03,fukuoka
130158,天然温泉　袖湊の湯　ドーミーインＰＲＥＭＩＵＭ博多・キャナルシティ前（ドーミーイン・野乃　グループ）,https://img.travel.rakuten.co.jp/image/tr/api/re/pvonD/?f_no=130158,https://img.travel.rakuten.co.jp/image/tr/api/re/vFumt/?f_no=130158&f_flg=PLAN,https://img.travel.rakuten.co.jp/image/tr/api/re/WzozX/?noTomariHotel=130158,https://img.travel.rakuten.co.jp/image/tr/api/re/gJNfM/?f_hotel_no=130158,てんねんおんせん　そでみなとのゆ　どーみーいんぷれみあむはかた・きゃなるしてぃまえ,★全室スマートテレビ導入★キャナルシティ近く、櫛田神社駅目の前の好立地！自慢の大浴場＆サウナで免疫力を高めよう！,10170,120914.42,469492.64,812-0038,福岡県,福岡市博多区祇園町9-1,092-272-5489,092-282-6670,■ＪＲ博多駅博多口より徒歩10分　■地下鉄櫛田神社前駅7番出口より徒歩1分,先着順・1泊2000円・高さ2ｍ 車幅：1.85ｍ ※サイズ内でも形状により入庫不可の場合有,中洲川端,https://img.travel.rakuten.co.jp/share/HOTEL/130158/130158.jpg,https://img.travel.rakuten.co.jp/HIMG/90/130158.jpg,https://img.travel.rakuten.co.jp/share/HOTEL/130158/130158_bth.jpg,https://img.travel.rakuten.co.jp/HIMG/INTERIOR/130158.jpg,https://img.travel.rakuten.co.jp/share/HOTEL/130158/130158map.gif,1655.0,4.45,"久しぶり都会のホテルにとまりましたがまわりに色々あって便利で良かったです　2026-09-24 15:37:07投稿 <a href=""https://img.travel.rakuten.co.jp/image/tr/api/re/gJNfM/?f_hotel_no=130158"" class=""3click"">つづきはこちら</a>",edn,◇禁煙エコノミーダブルルーム◇シャワーブースなし,3151303.0,【大浴場×サウナでととのう！】ドーミーインスタンダードプラン!!＜素泊まり＞,1,0,0,0,0,1,https://img.travel.rakuten.co.jp/image/tr/api/re/IdsCY/?f_no=130158&f_syu=edn&f_hi1=2026-10-03&f_hi2=2026-10-04&f_heya_su=1&f_otona_su=1&f_s1=0&f_s2=0&f_y1=0&f_y2=0&f_y3=0&f_y4=0&f_camp_id=3151303,0,2026-10-03,38420,38420,0,2026-10-03,fukuoka
183275,アパホテル〈博多祇園駅前〉,https://img.travel.rakuten.co.jp/image/tr/api/re/pvonD/?f_no=183275,https://img.travel.rakuten.co.jp/image/tr/api/re/vFumt/?f_no=183275&f_flg=PLAN,https://img.travel.rakuten.co.jp/image/tr/api/re/WzozX/?noTomariHotel=183275,https://img.travel.rakuten.co.jp/image/tr/api/re/gJNfM/?f_hotel_no=183275,あぱほてる　はかたぎおんえきまえ,JR「博多駅」から徒歩6分、福岡空港から乗り換えなしで地下鉄7分、マリンメッセ・PayPayドーム迄のアクセス抜群の立地,5386,120924.12,469501.98,812-0038,福岡県,福岡市博多区祇園町1-1,0570-097-011,092-281-7812,JR「博多駅」から徒歩6分、福岡空港から乗り換えなしで地下鉄7分、地下鉄空港線「祇園駅」下車5番出口から徒歩1分,無し（車椅子使用者専用駐車場有り）,祇園（福岡）,https://img.travel.rakuten.co.jp/share/HOTEL/183275/183275.jpg,https://img.travel.rakuten.co.jp/HIMG/90/183275.jpg,,,https://img.travel.rakuten.co.jp/share/HOTEL/183275/183275map.gif,655.0,4.12,"清潔さとかは、安定の品質。ただ建築の素人なので、不要な中の吹き抜けを減らして部屋を広くできんかね？なんか理由がかるのかな？　2026-09-28 21:01:17投稿 <a href=""https://img.travel.rakuten.co.jp/image/tr/api/re/gJNfM/?f_hotel_no=183275"" class=""3click"">つづきはこちら</a>",s1k,スタンダードルーム（1名利用） □ 全室禁煙 □,6605719.0,【楽天スーパーSALE】【素泊まり】 ■JR「博多駅」徒歩6分！ ■博多口から見えるホテル！ ,1,0,0,0,0,1,https://img.travel.rakuten.co.jp/image/tr/api/re/IdsCY/?f_no=183275&f_syu=s1k&f_hi1=2026-10-03&f_hi2=2026-10-04&f_heya_su=1&f_otona_su=1&f_s1=0&f_s2=0&f_y1=0&f_y2=0&f_y3=0&f_y4=0&f_camp_id=6605719,0,2026-10-03,27787,27787,0,2026-10-03,fukuoka
5012,天然温泉　八百治の湯　八百治博多ホテル,https://img.travel.rakuten.co.jp/image/tr/api/re/pvonD/?f_no=5012,https://img.travel.rakuten.co.jp/image/tr/api/re/vFumt/?f_no=5012&f_flg=PLAN,https://img.travel.rakuten.co.jp/image/tr/api/re/WzozX/?noTomariHotel=5012,https://img.travel.rakuten.co.jp/image/tr/api/re/gJNfM/?f_hotel_no=5012,てんねんおんせん　やおじのゆ　やおじはかたほてる,博多駅徒歩5分♪　★2019年7月天然温泉大浴場リニューアル★Wi-Fi無料＆加湿機能付空気清浄機完備♪,7450,120897.28,469511.51,812-0011,福岡県,福岡市博多区博多駅前4-9-2,092-483-5111,092-483-5123,博多駅博多口より徒歩５分（福岡空港から博多駅まで地下鉄で５分。）,"契約駐車場　1,500円（税込）/14時〜翌日14時",博多,https://img.travel.rakuten.co.jp/share/HOTEL/5012/5012.jpg,https://img.travel.rakuten.co.jp/HIMG/90/5012.jpg,https://img.travel.rakuten.co.jp/share/HOTEL/5012/5012_sgl.jpg,https://img.travel.rakuten.co.jp/HIMG/INTERIOR/5012.jpg,https://img.travel.rakuten.co.jp/share/HOTEL/5012/5012map.gif,4590.0,4.2,,asns,シングル○禁煙ベッド幅１２０cm（１ベッド）,4363682.0,シンプルステイ☆,1,0,0,0,0,1,https://img.travel.rakuten.co.jp/image/tr/api/re/IdsCY/?f_no=5012&f_syu=asns&f_hi1=2026-10-03&f_hi2=2026-10-04&f_heya_su=1&f_otona_su=1&f_s1=0&f_s2=0&f_y1=0&f_y2=0&f_y3=0&f_y4=0&f_camp_id=4363682,0,2026-10-03,39900,39900,0,2026-10-03,fukuoka
180583,ホテル・トリフィート博多祇園,https://img.travel.rakuten.co.jp/image/tr/api/re/pvonD/?f_no=180583,https://img.travel.rakuten.co.jp/image/tr/api/re/vFumt/?f_no=180583&f_flg=PLAN,https://img.travel.rakuten.co.jp/image/tr/api/re/WzozX/?noTomariHotel=180583,https://img.travel.rakuten.co.jp/image/tr/api/re/gJNfM/?f_hotel_no=180583,ほてるとりふぃーとはかたぎおん,■【大浴場】完備■地下鉄「祇園駅」徒歩5分■中洲・博多、徒歩圏内■「マリンメッセ」までバス7分■未就学児の添い寝「無料」,6270,120929.81,469487.18,812-0039,福岡県,福岡市博多区冷泉町8-24,092-283-7060,092-283-7061,■地下鉄「祇園駅」徒歩5分■西鉄バス停「奥の堂」徒歩3分■福岡空港 地下鉄利用で最短15分■マリンメッセまでバスで7分,有り（屋外/高さ制限無し）　7台　1980円（税込み/泊）　先着順（事前予約不可）,祇園（福岡）,https://img.travel.rakuten.co.jp/share/HOTEL/180583/180583.jpg,https://img.travel.rakuten.co.jp/HIMG/90/180583.jpg,,,https://img.travel.rakuten.co.jp/share/HOTEL/180583/180583map.gif,807.0,4.13,"朝食が美味しかったです　2026-09-26 20:38:53投稿 <a href=""https://img.travel.rakuten.co.jp/image/tr/api/re/gJNfM/?f_hotel_no=180583"" class=""3click"">つづきはこちら</a>",dbl,ダブルルーム / 160cm幅のクイーンベッドを使用,5451527.0,【0の付く日限定！24時間タイムセール】当館最安40％オフ！素泊り【事前決済・返金不可】,1,0,0,0,0,2,https://img.travel.rakuten.co.jp/image/tr/api/re/IdsCY/?f_no=180583&f_syu=dbl&f_hi1=2026-10-03&f_hi2=2026-10-04&f_heya_su=1&f_otona_su=1&f_s1=0&f_s2=0&f_y1=0&f_y2=0&f_y3=0&f_y4=0&f_camp_id=5451527,0,2026-10-03,27420,27420,0,2026-10-03,fukuoka
65439,博多天然温泉「旅人の湯」ホテルルートイン博多駅前　－博多口－,https://img.travel.rakuten.co.jp/image/tr/api/re/pvonD/?f_no=65439,https://img.travel.rakuten.co.jp/image/tr/api/re/vFumt/?f_no=65439&f_flg=PLAN,https://img.travel.rakuten.co.jp/image/tr/api/re/WzozX/?noTomariHotel=65439,https://img.travel.rakuten.co.jp/image/tr/api/re/gJNfM/?f_hotel_no=65439,はかたてんねんおんせん  たびびとのゆ　ほてるるーといんはかたえきまえ　はかたぐち,ＷＯＷＯＷ全室で無料視聴可！◆天然温泉大浴場・朝食無料◆加湿空気清浄機・LAN回線・wi-fi・ルームシアター全室完備◆,8300,120917.65,469516.19,812-0011,福岡県,福岡市博多区博多駅前1-1-20,092-477-8885,092-477-8989,JR博多駅より徒歩3分(博多口右のバスターミナル前)／福岡空港より地下鉄約10分／福岡都市高速呉服町ランプより車で約５分,《先着順でのご案内》　1500円（税込）／泊　　26台（普通車6台、ハイルーフ対応20台）　　,博多,https://img.travel.rakuten.co.jp/share/HOTEL/65439/65439.jpg,https://img.travel.rakuten.co.jp/HIMG/90/65439.jpg,,,https://img.travel.rakuten.co.jp/share/HOTEL/65439/65439map.gif,3291.0,3.96,"いつも愛用しています。　2026-09-27 17:49:32投稿 <a href=""https://img.travel.rakuten.co.jp/image/tr/api/re/gJNfM/?f_hotel_no=65439"" class=""3click"">つづきはこちら</a>",ntw,--- ◇禁煙◇ ツインルーム ---,1471325.0,スタンダードプラン『30品目以上の和洋バイキング朝食無料宣言！』wi-fi完備★天然温泉でリラックス,1,0,0,1,0,1,https://img.travel.rakuten.co.jp/image/tr/api/re/IdsCY/?f_no=65439&f_syu=ntw&f_hi1=2026-10-03&f_hi2=2026-10-04&f_heya_su=1&f_otona_su=1&f_s1=0&f_s2=0&f_y1=0&f_y2=0&f_y3=0&f_y4=0&f_camp_id=1471325,0,2026-10-03,39200,39200,0,2026-10-03,fukuoka
55452,アコードホテル,https://img.travel.rakuten.co.jp/image/tr/api/re/pvonD/?f_no=55452,https://img.travel.rakuten.co.jp/image/tr/api/re/vFumt/?f_no=55452&f_flg=PLAN,https://img.travel.rakuten.co.jp/image/tr/api/re/WzozX/?noTomariHotel=55452,https://img.travel.rakuten.co.jp/image/tr/api/re/gJNfM/?f_hotel_no=55452,あこーどほてる,★博多駅から車で無料送迎♪（22時迄）★＋９％ポイント対象★博多駅徒歩8分★wifi完備★,3250,120902.32,469502.29,812-0011,福岡県,福岡市博多区博多駅前3-11-20,092-434-1850,092-434-1889,博多駅から徒歩８分（駅から車で無料送迎（15時～22時迄）★キャナルシティ徒歩5分/九州一の繁華街「中洲」徒歩10分,※駐車場はありません。周辺のコインパーキングをご利用下さい。（割引サービスなどはありません）,博多,https://img.travel.rakuten.co.jp/share/HOTEL/55452/55452.jpg,https://img.travel.rakuten.co.jp/HIMG/90/55452.jpg,https://img.travel.rakuten.co.jp/share/HOTEL/55452/55452_wa.jpg,https://img.travel.rakuten.co.jp/HIMG/INTERIOR/55452.jpg,https://img.travel.rakuten.co.jp/share/HOTEL/55452/55452map.gif,1309.0,3.86,"部屋が綺麗、アメニティも充実していて嬉しかったです　2026-09-25 01:52:03投稿 <a href=""https://img.travel.rakuten.co.jp/image/tr/api/re/gJNfM/?f_hotel_no=55452"" class=""3click"">つづきはこちら</a>",s,喫煙 シングル,3592604.0,素泊まりプラン,1,0,0,0,0,1,https://img.travel.rakuten.co.jp/image/tr/api/re/IdsCY/?f_no=55452&f_syu=s&f_hi1=2026-10-03&f_hi2=2026-10-04&f_heya_su=1&f_otona_su=1&f_s1=0&f_s2=0&f_y1=0&f_y2=0&f_y3=0&f_y4=0&f_camp_id=3592604,0,2026-10-03,22500,22500,0,2026-10-03,fukuoka
80531,ウィークリーイン南福岡,https://img.travel.rakuten.co.jp/image/tr/api/re/pvonD/?f_no=80531,https://img.travel.rakuten.co.jp/image/tr/api/re/vFumt/?f_no=80531&f_flg=PLAN,https://img.travel.rakuten.co.jp/image/tr/api/re/WzozX/?noTomariHotel=80531,https://img.travel.rakuten.co.jp/image/tr/api/re/gJNfM/?f_hotel_no=80531,うぃーくりーいんみなみふくおか,西鉄桜並木駅より徒歩１分、ＪＲ南福岡駅から徒歩７分。福岡駅・博多駅までのアクセスが良好です。１泊からのご利用も可能です。,2925,120748.08,469683.41,812-0878,福岡県,福岡市博多区竹丘町2-4-12,092-581-0300,092-593-9454,西鉄桜並木駅より徒歩１分、ＪＲ南福岡駅から徒歩７分,有り　１５台　８００円（税込み／泊）　要予約,雑餉隈,https://img.travel.rakuten.co.jp/share/HOTEL/80531/80531.jpg,https://img.travel.rakuten.co.jp/HIMG/90/80531.jpg,,,https://img.travel.rakuten.co.jp/share/HOTEL/80531/80531map.gif,564.0,4.26,"自分の部屋に居るようにくつろげました！ 次もこちらに宿泊したいです　2026-09-22 08:48:12投稿 <a href=""https://img.travel.rakuten.co.jp/image/tr/api/re/gJNfM/?f_hotel_no=80531"" class=""3click"">つづきはこちら</a>",single_bp,【禁煙】スタンダードルーム（Bタイプ）,3611896.0,素泊まりプラン,1,0,0,0,0,1,https://img.travel.rakuten.co.jp/image/tr/api/re/IdsCY/?f_no=80531&f_syu=single_bp&f_hi1=2026-10-03&f_hi2=2026-10-04&f_heya_su=1&f_otona_su=1&f_s1=0&f_s2=0&f_y1=0&f_y2=0&f_y3=0&f_y4=0&f_camp_id=3611896,0,2026-10-03,16500,16500,0,2026-10-03,fukuoka
16445,リッチモンドホテル博多駅前,https://img.travel.rakuten.co.jp/image/tr/api/re/pvonD/?f_no=16445,https://img.travel.rakuten.co.jp/image/tr/api/re/vFumt/?f_no=16445&f_flg=PLAN,https://img.travel.rakuten.co.jp/image/tr/api/re/WzozX/?noTomariHotel=16445,https://img.travel.rakuten.co.jp/image/tr/api/re/gJNfM/?f_hotel_no=16445,りっちもんど　はかたえきまえ,◇広い客室、デスク、明るい照明、WiFi無料。JR「博多駅」筑紫口より徒歩約4分。地下鉄「福岡空港駅」より約5分。,7755,120905.83,469527.62,812-0012,福岡県,福岡市博多区博多駅中央街6-17,092-433-0011,092-433-0166,JR「博多駅」筑紫口より徒歩約4分／地下鉄「博多駅」東5番出口より徒歩約3分(福岡空港からは後方の車両へ),立体駐車場　1泊1500　車高1.5ｍ・長さ5ｍ・車幅1.85ｍ　提携駐車場　有　,博多,https://img.travel.rakuten.co.jp/share/HOTEL/16445/16445.jpg,https://img.travel.rakuten.co.jp/HIMG/90/16445.jpg,https://img.travel.rakuten.co.jp/share/HOTEL/16445/16445_sd.jpg,https://img.travel.rakuten.co.jp/HIMG/INTERIOR/16445.jpg,https://img.travel.rakuten.co.jp/share/HOTEL/16445/16445map.gif,6282.0,4.2,"博多駅も近く、金額次第ではリピートもありですね。　2026-09-26 19:57:12投稿 <a href=""https://img.travel.rakuten.co.jp/image/tr/api/re/gJNfM/?f_hotel_no=16445"" class=""3click"">つづきはこちら</a>",vsn,禁煙シングル（ベッド140cm/18平米）大人1名・添寝1名,6593660.0,【楽天スーパーSALE】シンプルステイ【素泊まり】,1,0,0,0,0,1,https://img.travel.rakuten.co.jp/image/tr/api/re/IdsCY/?f_no=16445&f_syu=vsn&f_hi1=2026-10-03&f_hi2=2026-10-04&f_heya_su=1&f_otona_su=1&f_s1=0&f_s2=0&f_y1=0&f_y2=0&f_y3=0&f_y4=0&f_camp_id=6593660,0,2026-10-03,30305,30305,0,2026-10-03,fukuoka
173092,ダイワロイネットホテル博多冷泉　ＰＲＥＭＩＥＲ,https://img.travel.rakuten.co.jp/image/tr/api/re/pvonD/?f_no=173092,https://img.travel.rakuten.co.jp/image/tr/api/re/vFumt/?f_no=173092&f_flg=PLAN,https://img.travel.rakuten.co.jp/image/tr/api/re/WzozX/?noTomariHotel=173092,https://img.travel.rakuten.co.jp/image/tr/api/re/gJNfM/?f_hotel_no=173092,だいわろいねっとほてるはかたれいせん　ぷれみあ,2025年4月朝食リニューアル♪ReFaルームあり★全室21㎡以上バス・トイレ別セミセパレート,6517,120923.83,469492.72,812-0039,福岡県,福岡市博多区冷泉町2-7,092-409-4755,092-409-4756,福岡空港から地下鉄祇園駅まで7分。祇園駅2番出口徒歩約3分。櫛田神社前駅徒歩約５分。,"敷地内立体駐車場。7時〜21時の入庫にて先着順。1泊2,000円",祇園（福岡）,https://img.travel.rakuten.co.jp/share/HOTEL/173092/173092.jpg,https://img.travel.rakuten.co.jp/HIMG/90/173092.jpg,https://img.travel.rakuten.co.jp/share/HOTEL/173092/173092_kan1.jpg,https://img.travel.rakuten.co.jp/HIMG/INTERIOR/173092.jpg,https://img.travel.rakuten.co.jp/share/HOTEL/173092/173092map.gif,664.0,4.4,"コンビニ近いし、バス停、地下鉄近いし、キレイだし、ホントに、気に入りました！！　2026-09-23 23:05:48投稿 <a href=""https://img.travel.rakuten.co.jp/image/tr/api/re/gJNfM/?f_hotel_no=173092"" class=""3click"">つづきはこちら</a>",sds1,【喫煙】スタンダードダブルルーム1名様利用,6607565.0,【楽天スーパーSALE】【素泊まり】シンプルステイプラン●博多駅・中州・祗園駅より徒歩3分！●,1,0,0,0,0,1,https://img.travel.rakuten.co.jp/image/tr/api/re/IdsCY/?f_no=173092&f_syu=sds1&f_hi1=2026-10-03&f_hi2=2026-10-04&f_heya_su=1&f_otona_su=1&f_s1=0&f_s2=0&f_y1=0&f_y2=0&f_y3=0&f_y4=0&f_camp_id=6607565,0,2026-10-03,42750,42750,0,2026-10-03,fukuoka
76358,ホテル博多プレイス,https://img.travel.rakuten.co.jp/image/tr/api/re/pvonD/?f_no=76358,https://img.travel.rakuten.co.jp/image/tr/api/re/vFumt/?f_no=76358&f_flg=PLAN,https://img.travel.rakuten.co.jp/image/tr/api/re/WzozX/?noTomariHotel=76358,https://img.travel.rakuten.co.jp/image/tr/api/re/gJNfM/?f_hotel_no=76358,ほてるはかたぷれいす,■博多の『我が家』で過ごすひととき。全室バストイレ独立、一部ミニキッチン付の広々客室（25㎡）,3250,120954.35,469454.09,812-0021,福岡県,福岡市博多区築港本町3-16,092-404-7770,092-404-7774,■博多駅よりバス15分■天神、中洲川端駅より徒歩17分■福岡空港よりタクシー15分■ベイサイドプレイス博多まで徒歩5分,修繕工事により2026年9月から2027年8月31日まではご利用いただけません。,呉服町（福岡）,https://img.travel.rakuten.co.jp/share/HOTEL/76358/76358.jpg,https://img.travel.rakuten.co.jp/HIMG/90/76358.jpg,https://img.travel.rakuten.co.jp/share/HOTEL/76358/76358_kya.jpg,https://img.travel.rakuten.co.jp/HIMG/INTERIOR/76358.jpg,https://img.travel.rakuten.co.jp/share/HOTEL/76358/76358map.gif,1859.0,4.36,"また機会があれば宿泊したいと思っています。本当にありが…　2026-09-25 20:28:56投稿 <a href=""https://img.travel.rakuten.co.jp/image/tr/api/re/gJNfM/?f_hotel_no=76358"" class=""3click"">つづきはこちら</a>",wsn1,【禁煙】【洗濯機付】セミダブルルーム25平米：1名〜２名利用,2351309.0,【Simple Stay】■全室25㎡素泊まりプラン　くつろぎ博多のマイルームへ,1,0,0,0,0,1,https://img.travel.rakuten.co.jp/image/tr/api/re/IdsCY/?f_no=76358&f_syu=wsn1&f_hi1=2026-10-03&f_hi2=2026-10-04&f_heya_su=1&f_otona_su=1&f_s1=0&f_s2=0&f_y1=0&f_y2=0&f_y3=0&f_y4=0&f_camp_id=2351309,0,2026-10-03,23500,23500,0,2026-10-03,fukuoka
176895,ホテルハルロット福岡博多,https://img.travel.rakuten.co.jp/image/tr/api/re/pvonD/?f_no=176895,https://img.travel.rakuten.co.jp/image/tr/api/re/vFumt/?f_no=176895&f_flg=PLAN,https://img.travel.rakuten.co.jp/image/tr/api/re/WzozX/?noTomariHotel=176895,https://img.travel.rakuten.co.jp/image/tr/api/re/gJNfM/?f_hotel_no=176895,はるろっとふくおかはかた,楽天アワード3年連続受賞★全室シモンズ社製ベッド導入！wi-fi無料！博多駅筑紫口（新幹線口）より徒歩にて約6分！,5190,120904.12,469538.93,812-0013,福岡県,福岡市博多区博多駅東2-9-10,092-475-8533,092-475-8101,２０１９年１０月２５日新築開業！博多駅筑紫口（新幹線口）より徒歩にて約6分、福岡空港・天神・福岡ドームまで地下鉄１本,無し：周辺コインパーキングをご利用ください（多数あり）,博多,https://img.travel.rakuten.co.jp/share/HOTEL/176895/176895.jpg,https://img.travel.rakuten.co.jp/HIMG/90/176895.jpg,,,https://img.travel.rakuten.co.jp/share/HOTEL/176895/176895map.gif,616.0,3.84,"駅からも近いのにガヤガヤしていなくて室内も綺麗で良かったです！　2026-09-20 22:43:57投稿 <a href=""https://img.travel.rakuten.co.jp/image/tr/api/re/gJNfM/?f_hotel_no=176895"" class=""3click"">つづきはこちら</a>",double2,セミダブルベッドルーム（ベッド幅125cm）シモンズベッド,4564602.0,【素泊まりプラン】JR博多駅徒歩6分◆シモンズベッド◆フリードリンク◆Wi-Fi完備で快適ステイ,1,0,0,0,0,1,https://img.travel.rakuten.co.jp/image/tr/api/re/IdsCY/?f_no=176895&f_syu=double2&f_hi1=2026-10-03&f_hi2=2026-10-04&f_heya_su=1&f_otona_su=1&f_s1=0&f_s2=0&f_y1=0&f_y2=0&f_y3=0&f_y4=0&f_camp_id=4564602,0,2026-10-03,28050,28050,0,2026-10-03,fukuoka
161262,ＫＯＫＯ　ＨＯＴＥＬ　博多新幹線口,https://img.travel.rakuten.co.jp/image/tr/api/re/pvonD/?f_no=161262,https://img.travel.rakuten.co.jp/image/tr/api/re/vFumt/?f_no=161262&f_flg=PLAN,https://img.travel.rakuten.co.jp/image/tr/api/re/WzozX/?noTomariHotel=161262,https://img.travel.rakuten.co.jp/image/tr/api/re/gJNfM/?f_hotel_no=161262,ここほてる　はかたしんかんせんぐち,コーヒーサービス刷新！美味しいトラジャブレンドをご堪能下さい。無料軽朝食＆大浴場完備で快適ステイ♪,6435,120912.39,469536.44,812-0013,福岡県,福岡市博多区博多駅東1-17-17,0924310111,0924310115,JR博多駅より徒歩4分。地下鉄空港線博多駅 東6出口より徒歩2分。都市高速博多駅東ICまで1分！,提携駐車場有　里馨(リカ)パーキング(24時間1500円の駐車券をフロント販売、当館から徒歩3分）,博多,https://img.travel.rakuten.co.jp/share/HOTEL/161262/161262.jpg,https://img.travel.rakuten.co.jp/HIMG/90/161262.jpg,https://img.travel.rakuten.co.jp/share/HOTEL/161262/161262_kan1.jpg,https://img.travel.rakuten.co.jp/HIMG/INTERIOR/161262.jpg,https://img.travel.rakuten.co.jp/share/HOTEL/161262/161262map.gif,341.0,4.0,"駅近で便利。チェックイン前に荷物を預けて駅の周辺観光を楽しめます。コインランドリーが宿泊階にあって使いやすかったです。コーンスープ、パン、コーヒー等、無料軽朝食付き。窓際の席で、ゆったりといただきまし…　2026-09-14 20:16:28投稿 <a href=""https://img.travel.rakuten.co.jp/image/tr/api/re/gJNfM/?f_hotel_no=161262"" class=""3click"">つづきはこちら</a>",single,【全室禁煙】シングルルーム（１２平米、ベッド幅１４０ｃｍ）,4586747.0,【10％OFF】【楽天スーパーSALE】JR博多駅（筑紫口）より徒歩4分★大浴場＆無料軽朝食あり♪,1,0,0,0,0,1,https://img.travel.rakuten.co.jp/image/tr/api/re/IdsCY/?f_no=161262&f_syu=single&f_hi1=2026-10-03&f_hi2=2026-10-04&f_heya_su=1&f_otona_su=1&f_s1=0&f_s2=0&f_y1=0&f_y2=0&f_y3=0&f_y4=0&f_camp_id=4586747,0,2026-10-03,34000,34000,0,2026-10-03,fukuoka
51206,スマイルスマートイン博多,https://img.travel.rakuten.co.jp/image/tr/api/re/pvonD/?f_no=51206,https://img.travel.rakuten.co.jp/image/tr/api/re/vFumt/?f_no=51206&f_flg=PLAN,https://img.travel.rakuten.co.jp/image/tr/api/re/WzozX/?noTomariHotel=51206,https://img.travel.rakuten.co.jp/image/tr/api/re/gJNfM/?f_hotel_no=51206,すまいるすまーといんはかた,QRコードによるセルフチェックイン●ホテル入口は24時間ロック＝暗証番号による解錠■全室禁煙ルーム■,2560,120947.46,469463.09,812-0022,福岡県,福岡市博多区神屋町3-5,092-262-6678, ,◇博多駅より車で10分、バス利用(Ｆ乗り場から行き先番号88・99)神屋町下車徒歩2分　◇地下鉄中洲川端駅より徒歩10分,ホテル駐車場はございません。近隣のコインパーキングをご利用ください。提携駐車場はございません,博多,https://img.travel.rakuten.co.jp/share/HOTEL/51206/51206.jpg,https://img.travel.rakuten.co.jp/HIMG/90/51206.jpg,https://img.travel.rakuten.co.jp/share/HOTEL/51206/51206_si.jpg,https://img.travel.rakuten.co.jp/HIMG/INTERIOR/51206.jpg,https://img.travel.rakuten.co.jp/share/HOTEL/51206/51206map.gif,1524.0,3.68,"マリンメッセ福岡付近で探して利用しました。チェックイン等が不安でしたが、問題なく簡単にできました。料金も安く、マリンメッセ福岡にも近く徒歩であっという間に着きました。また利用したいです。　2026-09-21 18:25:16投稿 <a href=""https://img.travel.rakuten.co.jp/image/tr/api/re/gJNfM/?f_hotel_no=51206"" class=""3click"">つづきはこちら</a>",dbln1,禁煙ダブル【全館禁煙】　QRコードでチェックイン手続き,5633450.0,素泊りプラン【オンラインカード決済】事前チェックイン登録で当日楽々スマートイン,1,0,0,0,0,2,https://img.travel.rakuten.co.jp/image/tr/api/re/IdsCY/?f_no=51206&f_syu=dbln1&f_hi1=2026-10-03&f_hi2=2026-10-04&f_heya_su=1&f_otona_su=1&f_s1=0&f_s2=0&f_y1=0&f_y2=0&f_y3=0&f_y4=0&f_camp_id=5633450,0,2026-10-03,35900,35900,0,2026-10-03,fukuoka
11028,ウィークリーイン二日市,https://img.travel.rakuten.co.jp/image/tr/api/re/pvonD/?f_no=11028,https://img.travel.rakuten.co.jp/image/tr/api/re/vFumt/?f_no=11028&f_flg=PLAN,https://img.travel.rakuten.co.jp/image/tr/api/re/WzozX/?noTomariHotel=11028,https://img.travel.rakuten.co.jp/image/tr/api/re/gJNfM/?f_hotel_no=11028,うぃーくりーいん　ふつかいち,☆全浴室リニューアル♪　特急停車駅のJR二日市より徒歩3分。 リーズナブルに１泊からご利用可能です,5800,120576.21,469872.38,818-0051,福岡県,筑紫野市二日市中央２丁目４番１８号,092-929-3696,092-922-1831,JR二日市より徒歩約3分／西鉄二日市より徒歩約７分,先着順　直接電話でお問い合わせ下さい。電話での問い合わせがない場合は駐車不可。空車有れば1泊900円,二日市,https://img.travel.rakuten.co.jp/share/HOTEL/11028/11028.jpg,https://img.travel.rakuten.co.jp/HIMG/90/11028.jpg,https://img.travel.rakuten.co.jp/share/HOTEL/11028/11028_sig.jpg,https://img.travel.rakuten.co.jp/HIMG/INTERIOR/11028.jpg,https://img.travel.rakuten.co.jp/share/HOTEL/11028/11028map.gif,435.0,4.08,,sp,禁煙シングル・広さ２０平米（素泊まり）,4890703.0,駅近徒歩2分　☆全浴室リニューアル　素泊まりプラン20㎡(1泊から)☆個別空調,1,0,0,0,0,1,https://img.travel.rakuten.co.jp/image/tr/api/re/IdsCY/?f_no=11028&f_syu=sp&f_hi1=2026-10-03&f_hi2=2026-10-04&f_heya_su=1&f_otona_su=1&f_s1=0&f_s2=0&f_y1=0&f_y2=0&f_y3=0&f_y4=0&f_camp_id=4890703,0,2026-10-03,11000,11000,1,2026-10-03,fukuoka
29211,コンフォートホテル博多,https://img.travel.rakuten.co.jp/image/tr/api/re/pvonD/?f_no=29211,https://img.travel.rakuten.co.jp/image/tr/api/re/vFumt/?f_no=29211&f_flg=PLAN,https://img.travel.rakuten.co.jp/image/tr/api/re/WzozX/?noTomariHotel=29211,https://img.travel.rakuten.co.jp/image/tr/api/re/gJNfM/?f_hotel_no=29211,こんふぉーとほてる　はかた,日替わりスムージーが人気★無料朝食サービスがイチオシのコスパ最強ホテル◆博多駅西8出口徒歩1分◆小学6年生まで添い寝無料,6600,120915.44,469513.14,812-0011,福岡県,福岡市博多区博多駅前2-1-1,092-431-1211,092-431-8015,新幹線・JR在来線・地下鉄博多駅 博多口から徒歩１分◆福岡空港から地下鉄で約６分◆天神から地下鉄で約１５分◆,"提携駐車場2,000円/泊（入庫から17時間）※高さ制限2.1ｍ◆フロントにて清算、駐車券必要",博多,https://img.travel.rakuten.co.jp/share/HOTEL/29211/29211.jpg,https://img.travel.rakuten.co.jp/HIMG/90/29211.jpg,https://img.travel.rakuten.co.jp/share/HOTEL/29211/29211_s.jpg,https://img.travel.rakuten.co.jp/HIMG/INTERIOR/29211.jpg,https://img.travel.rakuten.co.jp/share/HOTEL/29211/29211map.gif,9602.0,3.75,"ロビーのフリードリンクが種類も多くてありがたかったです。立地や間取り、コスパはとてもよかったのですが、お部屋のユニットバスがタバコ臭いのが気になりました。スタッフの方はみなさん感じがよかったです。今回…　2026-09-23 21:40:57投稿 <a href=""https://img.travel.rakuten.co.jp/image/tr/api/re/gJNfM/?f_hotel_no=29211"" class=""3click"">つづきはこちら</a>",nde,１ベッド◆ダブルエコノミー◆ ＜禁煙＞,4591629.0,※【 変動料金 】 Flexible rate◆朝食無料サービス◆,1,0,0,1,0,1,https://img.travel.rakuten.co.jp/image/tr/api/re/IdsCY/?f_no=29211&f_syu=nde&f_hi1=2026-10-03&f_hi2=2026-10-04&f_heya_su=1&f_otona_su=1&f_s1=0&f_s2=0&f_y1=0&f_y2=0&f_y3=0&f_y4=0&f_camp_id=4591629,0,2026-10-03,30000,30000,0,2026-10-03,fukuoka
7650,萃豊閣ホテル（ＳＵＩＨＯＫＡＫＵ　ＨＯＴＥＬ）,https://img.travel.rakuten.co.jp/image/tr/api/re/pvonD/?f_no=7650,https://img.travel.rakuten.co.jp/image/tr/api/re/vFumt/?f_no=7650&f_flg=PLAN,https://img.travel.rakuten.co.jp/image/tr/api/re/WzozX/?noTomariHotel=7650,https://img.travel.rakuten.co.jp/image/tr/api/re/gJNfM/?f_hotel_no=7650,すいほうかく　ほてる,JR南福岡駅より徒歩4分、西鉄雑餉隈駅より徒歩8分。全室無線LAN、空気清浄機完備。温泉利用無料。,4350,120745.98,469667.37,812-0884,福岡県,福岡市博多区寿町3-5-25,092-587-7771,092-587-7772,ＪＲ博多駅より鹿児島本線下り3つ目の「南福岡」より徒歩4分。快速停車駅。西鉄最寄り駅は雑餉隈（ざっしょのくま）徒歩8分,正面駐車場10台先着順。満車の場合は南福岡グリーンホテル駐車場をご利用ください。1泊1000円。,南福岡,https://img.travel.rakuten.co.jp/share/HOTEL/7650/7650.jpg,https://img.travel.rakuten.co.jp/HIMG/90/7650.jpg,https://img.travel.rakuten.co.jp/share/HOTEL/7650/7650_room.jpg,https://img.travel.rakuten.co.jp/HIMG/INTERIOR/7650.jpg,https://img.travel.rakuten.co.jp/share/HOTEL/7650/7650map.gif,875.0,3.75,,ssp,シングル◆喫煙,6368421.0,【返金不可】【事前カード決済】限定　素泊まり宿泊プラン★別棟温泉施設,1,0,0,0,0,2,https://img.travel.rakuten.co.jp/image/tr/api/re/IdsCY/?f_no=7650&f_syu=ssp&f_hi1=2026-10-03&f_hi2=2026-10-04&f_heya_su=1&f_otona_su=1&f_s1=0&f_s2=0&f_y1=0&f_y2=0&f_y3=0&f_y4=0&f_camp_id=6368421,0,2026-10-03,16400,16400,0,2026-10-03,fukuoka
183042,アパホテル〈博多駅前２丁目〉,https://img.travel.rakuten.co.jp/image/tr/api/re/pvonD/?f_no=183042,https://img.travel.rakuten.co.jp/image/tr/api/re/vFumt/?f_no=183042&f_flg=PLAN,https://img.travel.rakuten.co.jp/image/tr/api/re/WzozX/?noTomariHotel=183042,https://img.travel.rakuten.co.jp/image/tr/api/re/gJNfM/?f_hotel_no=183042,あぱほてる　はかたえきまえにちょうめ,博多駅まで徒歩5分！駅チカ！ファミリーや女性にも人気！福岡空港、PayPayドームやマリンメッセまで乗換なし,4873,120917.67,469505.33,812-0011,福岡県,福岡市博多区博多駅前2-11-12,0570-097-311,092-433-2012,JR「博多駅」博多口から徒歩5分 /福岡空港、地下鉄空港線「祇園駅」まで乗換なし、地下鉄七隈線「櫛田神社前」から徒歩4分,無し　※提携先なし　※近隣のコインパーキングをご利用ください。,博多,https://img.travel.rakuten.co.jp/share/HOTEL/183042/183042.jpg,https://img.travel.rakuten.co.jp/HIMG/90/183042.jpg,,,https://img.travel.rakuten.co.jp/share/HOTEL/183042/183042map.gif,319.0,4.01,"清潔なホテルで快適に過ごすことが出来ました。　2026-09-27 18:09:09投稿 <a href=""https://img.travel.rakuten.co.jp/image/tr/api/re/gJNfM/?f_hotel_no=183042"" class=""3click"">つづきはこちら</a>",s1k,スタンダードルーム　1名利用　□全室禁煙□,6610172.0,【楽天スーパーSALE】【素泊まり】JR博多駅（博多口）から徒歩5分 【アパは映画もアニメも見放題】,1,0,0,0,0,1,https://img.travel.rakuten.co.jp/image/tr/api/re/IdsCY/?f_no=183042&f_syu=s1k&f_hi1=2026-10-03&f_hi2=2026-10-04&f_heya_su=1&f_otona_su=1&f_s1=0&f_s2=0&f_y1=0&f_y2=0&f_y3=0&f_y4=0&f_camp_id=6610172,0,2026-10-03,24709,24709,0,2026-10-03,fukuoka
18373,ホテル　ニューシンプル,https://img.travel.rakuten.co.jp/image/tr/api/re/pvonD/?f_no=18373,https://img.travel.rakuten.co.jp/image/tr/api/re/vFumt/?f_no=18373&f_flg=PLAN,https://img.travel.rakuten.co.jp/image/tr/api/re/WzozX/?noTomariHotel=18373,https://img.travel.rakuten.co.jp/image/tr/api/re/gJNfM/?f_hotel_no=18373,にゅーしんぷる,博多駅より徒歩8分。ご家族やグループに最適なファミリールームもあります。,4000,120928.21,469515.26,812-0011,福岡県,福岡市博多区博多駅前1-23-11,092-411-4311,092-411-4312,ＪＲ博多駅「博多口」より徒歩8分／地下鉄祇園駅「Ｐ１出口４」より徒歩５分,有２台まで　１台￥１５００　（要電話予約）,博多,https://img.travel.rakuten.co.jp/share/HOTEL/18373/18373.jpg,https://img.travel.rakuten.co.jp/HIMG/90/18373.jpg,https://img.travel.rakuten.co.jp/share/HOTEL/18373/18373_s.jpg,https://img.travel.rakuten.co.jp/HIMG/INTERIOR/18373.jpg,https://img.travel.rakuten.co.jp/share/HOTEL/18373/18373map.gif,1248.0,3.63,"強いこだわりがなければこのお値段で充分だと思います。ほんとにありがたい。駅からも近いし、チェックインしたら何時でも出入り自由なのとてもありがたいです。禁煙者の方は匂いが気になるかなと。また是非泊まりた…　2026-09-24 20:56:14投稿 <a href=""https://img.travel.rakuten.co.jp/image/tr/api/re/gJNfM/?f_hotel_no=18373"" class=""3click"">つづきはこちら</a>",fa-9,ファミリー一般9,,,1,0,0,0,0,1,https://img.travel.rakuten.co.jp/image/tr/api/re/IdsCY/?f_no=18373&f_syu=fa-9&f_hi1=2026-10-03&f_hi2=2026-10-04&f_heya_su=1&f_otona_su=1&f_s1=0&f_s2=0&f_y1=0&f_y2=0&f_y3=0&f_y4=0,1,2026-10-03,17000,17000,0,2026-10-03,fukuoka
183138,ＫＯＫＯ　ＨＯＴＥＬ　Ｐｒｅｍｉｅｒ　博多,https://img.travel.rakuten.co.jp/image/tr/api/re/pvonD/?f_no=183138,https://img.travel.rakuten.co.jp/image/tr/api/re/vFumt/?f_no=183138&f_flg=PLAN,https://img.travel.rakuten.co.jp/image/tr/api/re/WzozX/?noTomariHotel=183138,https://img.travel.rakuten.co.jp/image/tr/api/re/gJNfM/?f_hotel_no=183138,ここ　ほてる　ぷれみあ　はかた,博多駅筑紫口徒歩3分。全室20平米以上の洗練された空間でワンランク上の滞在を,6750,120905.75,469529.98,812-0013,福岡県,福岡市博多区博多駅東2-5-33,092-472-0211,092-472-0212,JR「博多駅」筑紫口より徒歩３分、九州自動車道福岡I・C下車「博多駅東出口」より車で約３分,提携駐車場【里馨(リカ)パーキングセンター】：割引駐車券1泊1500円　※車両制限あり※途中出庫不可,博多,https://img.travel.rakuten.co.jp/share/HOTEL/183138/183138.jpg,https://img.travel.rakuten.co.jp/HIMG/90/183138.jpg,,,https://img.travel.rakuten.co.jp/share/HOTEL/183138/183138map.gif,291.0,4.25,"残念だったのは、バスルームの掃除が甘かった事です。その時も、…　2026-09-20 20:21:03投稿 <a href=""https://img.travel.rakuten.co.jp/image/tr/api/re/gJNfM/?f_hotel_no=183138"" class=""3click"">つづきはこちら</a>",vqn,【禁煙】ビュークイーン/20平米/160cm幅ベッド×1台,6581107.0,【楽天スーパーSALE】【素泊まり】博多駅筑紫口徒歩3分！ビジネス・観光の拠点に最適なシンプルステイ,1,0,0,0,0,1,https://img.travel.rakuten.co.jp/image/tr/api/re/IdsCY/?f_no=183138&f_syu=vqn&f_hi1=2026-10-03&f_hi2=2026-10-04&f_heya_su=1&f_otona_su=1&f_s1=0&f_s2=0&f_y1=0&f_y2=0&f_y3=0&f_y4=0&f_camp_id=6581107,0,2026-10-03,46200,46200,0,2026-10-03,fukuoka
184617,Ｇｒａｎｄ　Ｅｍｐｉｒｅ　Ｈｏｔｅｌ（グランドエンパイアホテル）,https://img.travel.rakuten.co.jp/image/tr/api/re/pvonD/?f_no=184617,https://img.travel.rakuten.co.jp/image/tr/api/re/vFumt/?f_no=184617&f_flg=PLAN,https://img.travel.rakuten.co.jp/image/tr/api/re/WzozX/?noTomariHotel=184617,https://img.travel.rakuten.co.jp/image/tr/api/re/gJNfM/?f_hotel_no=184617,ぐらんどえんぱいあほてる,【駐車場無料】【全室43㎡以上】【全室禁煙】上質さにこだわった空間でごゆっくりお寛ぎください。,8910,120631.04,469738.41,816-0956,福岡県,大野城市南大利2-1-23,092-596-6363,092-596-7964,JR大野城駅よりお車で５分／西鉄下大利駅よりお車で５分／太宰府I.Cよりお車で約１０分／キッザニア福岡までお車で約２５分,有り　90台　無料　★２４時間入出庫可★　※満車の場合は臨時駐車場へご案内いたします,大野城,https://img.travel.rakuten.co.jp/share/HOTEL/184617/184617.jpg,https://img.travel.rakuten.co.jp/HIMG/90/184617.jpg,,,https://img.travel.rakuten.co.jp/share/HOTEL/184617/184617map.gif,694.0,4.67,"地元の地震でなかなか楽しくすごせなかった夏休みですが、…　2026-09-09 10:23:22投稿 <a href=""https://img.travel.rakuten.co.jp/image/tr/api/re/gJNfM/?f_hotel_no=184617"" class=""3click"">つづきはこちら</a>",geh181023,エンパイアツイン,6461785.0,【12％OFF】【楽天スーパーSALE】【返金不可】【事前決済】スタンダードプラン（素泊まり）,1,0,0,0,0,2,https://img.travel.rakuten.co.jp/image/tr/api/re/IdsCY/?f_no=184617&f_syu=geh181023&f_hi1=2026-10-03&f_hi2=2026-10-04&f_heya_su=1&f_otona_su=1&f_s1=0&f_s2=0&f_y1=0&f_y2=0&f_y3=0&f_y4=0&f_camp_id=6461785,0,2026-10-03,28507,28507,0,2026-10-03,fukuoka
172017,ＨＥＡＲＴＳカプセルホテル＆スパ博多,https://img.travel.rakuten.co.jp/image/tr/api/re/pvonD/?f_no=172017,https://img.travel.rakuten.co.jp/image/tr/api/re/vFumt/?f_no=172017&f_flg=PLAN,,https://img.travel.rakuten.co.jp/image/tr/api/re/gJNfM/?f_hotel_no=172017,はーつかぷせるほてるあんどすぱはかた,【博多駅直結】館内無料wifi・人工温泉（男性サウナ付）・館内カフェ有り,3000,120901.67,469519.27,812-0011,福岡県,福岡市博多区博多駅前4-14-13 ,092-477-9700,,【博多駅直結！！】JR博多駅博多口　地下鉄西１６出口から徒歩３分。HEARTSバスステーション館内にございます。,無,博多,https://img.travel.rakuten.co.jp/share/HOTEL/172017/172017.jpg,https://img.travel.rakuten.co.jp/HIMG/90/172017.jpg,,,https://img.travel.rakuten.co.jp/share/HOTEL/172017/172017map.gif,463.0,3.71,"併設のカフ…　2026-09-16 22:19:39投稿 <a href=""https://img.travel.rakuten.co.jp/image/tr/api/re/gJNfM/?f_hotel_no=172017"" class=""3click"">つづきはこちら</a>",2,女性専用（男性不可）,4360017.0,【スタンダードプラン】◆博多駅直結！人工温泉/wifi完備,1,0,0,0,0,1,https://img.travel.rakuten.co.jp/image/tr/api/re/IdsCY/?f_no=172017&f_syu=2&f_hi1=2026-10-03&f_hi2=2026-10-04&f_heya_su=1&f_otona_su=1&f_s1=0&f_s2=0&f_y1=0&f_y2=0&f_y3=0&f_y4=0&f_camp_id=4360017,0,2026-10-03,9900,9900,0,2026-10-03,fukuoka
70283,ｔｈｅ　ｂ　博多（ザビー　はかた）,https://img.travel.rakuten.co.jp/image/tr/api/re/pvonD/?f_no=70283,https://img.travel.rakuten.co.jp/image/tr/api/re/vFumt/?f_no=70283&f_flg=PLAN,https://img.travel.rakuten.co.jp/image/tr/api/re/WzozX/?noTomariHotel=70283,https://img.travel.rakuten.co.jp/image/tr/api/re/gJNfM/?f_hotel_no=70283,ざびーはかた, ドーナツなどの軽食「トッテッテ」＆コーヒー無料☆朝食は地元の食材を使った和洋ブッフェをご用意！,6160,120901.23,469531.47,812-0016,福岡県,福岡市博多区博多駅南1-3-9,092-415-3333,092-483-1555,JR「博多駅」筑紫口・地下鉄「博多駅」東5出口より徒歩4分。福岡空港より地下鉄博多駅まで約5分,"駐車場3台有 完全予約制 1泊1,500円。電話予約のみ承ります。必ず事前にお電話ください。",博多,https://img.travel.rakuten.co.jp/share/HOTEL/70283/70283.jpg,https://img.travel.rakuten.co.jp/HIMG/90/70283.jpg,https://img.travel.rakuten.co.jp/share/HOTEL/70283/70283_si.jpg,https://img.travel.rakuten.co.jp/HIMG/INTERIOR/70283.jpg,https://img.travel.rakuten.co.jp/share/HOTEL/70283/70283map.gif,2688.0,4.0,"毎回泊まっていますが清潔で非常に良いです。チェックイン時にマカロンがあったので楽しめました。コーヒーも美味しいです。マイナス点は朝食です。会場が完全にリフォーム中でリラックスできませんでした。あと3回…　2026-09-14 13:00:52投稿 <a href=""https://img.travel.rakuten.co.jp/image/tr/api/re/gJNfM/?f_hotel_no=70283"" class=""3click"">つづきはこちら</a>",ns1,シングル【禁煙】（15平米・140cm幅ベッド）,4916885.0,【返金不可割引】【素泊まり】予定が決まっている方におすすめ！急な出張やおでかけにも◇直前予約OK！,1,0,0,0,0,2,https://img.travel.rakuten.co.jp/image/tr/api/re/IdsCY/?f_no=70283&f_syu=ns1&f_hi1=2026-10-03&f_hi2=2026-10-04&f_heya_su=1&f_otona_su=1&f_s1=0&f_s2=0&f_y1=0&f_y2=0&f_y3=0&f_y4=0&f_camp_id=4916885,0,2026-10-03,35500,35500,0,2026-10-03,fukuoka
181186,ナインアワーズ博多駅,https://img.travel.rakuten.co.jp/image/tr/api/re/pvonD/?f_no=181186,https://img.travel.rakuten.co.jp/image/tr/api/re/vFumt/?f_no=181186&f_flg=PLAN,,https://img.travel.rakuten.co.jp/image/tr/api/re/gJNfM/?f_hotel_no=181186,ないんあわーずはかたえき,博多駅至近にてアクセス良好。展望ラウンジや高速WiFiなどビジネスや観光の拠点としても便利、荷物預かり可能,3841,120908.45,469508.37,812-0011,福岡県,福岡市博多区博多駅前3-22-2,050-1807-3481,092-292-4495,ＪＲ　博多駅より徒歩にて約３分,無し,博多,https://img.travel.rakuten.co.jp/share/HOTEL/181186/181186.jpg,https://img.travel.rakuten.co.jp/HIMG/90/181186.jpg,,,https://img.travel.rakuten.co.jp/share/HOTEL/181186/181186map.gif,480.0,3.77,"無人で接客はないですが、施設も清潔で良かったです。　2026-09-26 15:48:50投稿 <a href=""https://img.travel.rakuten.co.jp/image/tr/api/re/gJNfM/?f_hotel_no=181186"" class=""3click"">つづきはこちら</a>",f02_pax,【女性限定フロア】スリーピングポッド 禁煙（割引）,5916509.0,返金不可・オンライン決済プラン,1,0,0,0,0,2,https://img.travel.rakuten.co.jp/image/tr/api/re/IdsCY/?f_no=181186&f_syu=f02_pax&f_hi1=2026-10-03&f_hi2=2026-10-04&f_heya_su=1&f_otona_su=1&f_s1=0&f_s2=0&f_y1=0&f_y2=0&f_y3=0&f_y4=0&f_camp_id=5916509,0,2026-10-03,18857,18857,0,2026-10-03,fukuoka
54960,二日市グリーンホテル,https://img.travel.rakuten.co.jp/image/tr/api/re/pvonD/?f_no=54960,https://img.travel.rakuten.co.jp/image/tr/api/re/vFumt/?f_no=54960&f_flg=PLAN,https://img.travel.rakuten.co.jp/image/tr/api/re/WzozX/?noTomariHotel=54960,https://img.travel.rakuten.co.jp/image/tr/api/re/gJNfM/?f_hotel_no=54960,ふつかいちぐりーん,JR博多駅、西鉄福岡天神駅から電車で二日市駅！  JR二日市駅から約110ｍ一番近いホテルです。太宰府観光にも便利！,5300,120573.53,469875.36,818-0072,福岡県,筑紫野市二日市中央2-7-25,092-928-0710,092-928-0710,ＪＲ二日市駅改札出入口(東)より約110ｍ／西鉄二日市駅西口から約800ｍ／西鉄紫駅から約500ｍ　地図をご覧下さい。,駐車場（１泊目 無料、2泊目以降500円〜＊チェックイン午後2時〜翌午前10時（8台分あり）,二日市,https://img.travel.rakuten.co.jp/share/HOTEL/54960/54960.jpg,https://img.travel.rakuten.co.jp/HIMG/90/54960.jpg,https://img.travel.rakuten.co.jp/share/HOTEL/54960/54960_s.jpg,https://img.travel.rakuten.co.jp/HIMG/INTERIOR/54960.jpg,https://img.travel.rakuten.co.jp/share/HOTEL/54960/54960map.gif,474.0,3.38,"駅近くで便利でした。　2026-09-09 20:07:39投稿 <a href=""https://img.travel.rakuten.co.jp/image/tr/api/re/gJNfM/?f_hotel_no=54960"" class=""3click"">つづきはこちら</a>",s,シングル,1962442.0,【秋得】♪シングルプラン喫煙　（JR二日市駅より110ｍ。太宰府近いです。）,1,0,0,0,0,1,https://img.travel.rakuten.co.jp/image/tr/api/re/IdsCY/?f_no=54960&f_syu=s&f_hi1=2026-10-03&f_hi2=2026-10-04&f_heya_su=1&f_otona_su=1&f_s1=0&f_s2=0&f_y1=0&f_y2=0&f_y3=0&f_y4=0&f_camp_id=1962442,0,2026-10-03,10800,10800,0,2026-10-03,fukuoka
345,ＡＮＡクラウンプラザホテル福岡　ｂｙ　ＩＨＧ,https://img.travel.rakuten.co.jp/image/tr/api/re/pvonD/?f_no=345,https://img.travel.rakuten.co.jp/image/tr/api/re/vFumt/?f_no=345&f_flg=PLAN,https://img.travel.rakuten.co.jp/image/tr/api/re/WzozX/?noTomariHotel=345,https://img.travel.rakuten.co.jp/image/tr/api/re/gJNfM/?f_hotel_no=345,えーえぬえー　クラウンプラザホテルフクオカ,福岡でのビジネス、観光の拠点として、安心で快適なラグジュアリー空間をご提供し、博多のコトを最もよく知るホテルのひとつです,10850,120902.68,469512.25,812-0011,福岡県,福岡市博多区博多駅前3-3-3,092-471-7111,092-471-1109,■ＪＲ博多駅【博多口】より徒歩約5分　■福岡空港国内線ターミナルより車で約15分,"地下に屋内駐車場あり（98台）　1泊1,600円（高さ制限2M・先着順・ 24時間入出庫可）",博多,https://img.travel.rakuten.co.jp/share/HOTEL/345/345.jpg,https://img.travel.rakuten.co.jp/HIMG/90/345.jpg,https://img.travel.rakuten.co.jp/share/HOTEL/345/345_room.jpg,https://img.travel.rakuten.co.jp/HIMG/INTERIOR/345.jpg,https://img.travel.rakuten.co.jp/share/HOTEL/345/345map.gif,2433.0,4.4,,osin,スタンダードシングルルーム【禁煙】15平米,976530.0,◆Daily Price◆日にち変動型の基本プラン　〜素泊まり〜　JR博多駅博多口より徒歩約5分,1,0,0,0,0,1,https://img.travel.rakuten.co.jp/image/tr/api/re/IdsCY/?f_no=345&f_syu=osin&f_hi1=2026-10-03&f_hi2=2026-10-04&f_heya_su=1&f_otona_su=1&f_s1=0&f_s2=0&f_y1=0&f_y2=0&f_y3=0&f_y4=0&f_camp_id=976530,0,2026-10-03,55200,55200,0,2026-10-03,fukuoka
14811,サンビジネスホテル,https://img.travel.rakuten.co.jp/image/tr/api/re/pvonD/?f_no=14811,https://img.travel.rakuten.co.jp/image/tr/api/re/vFumt/?f_no=14811&f_flg=PLAN,https://img.travel.rakuten.co.jp/image/tr/api/re/WzozX/?noTomariHotel=14811,https://img.travel.rakuten.co.jp/image/tr/api/re/gJNfM/?f_hotel_no=14811,さんびじねすほてる,博多口徒歩2分★心を込めた接客と徹底清掃でお迎え／深夜1～5時施錠,4900,120914.06,469512.02,812-0011,福岡県,福岡市博多区博多駅前2-16-16,092-411-1155,092-411-1215,博多駅博多口から徒歩2分。天神や福岡空港からは、博多駅まで地下鉄で5分とアクセスは最高！,ございません,博多,https://img.travel.rakuten.co.jp/share/HOTEL/14811/14811.jpg,https://img.travel.rakuten.co.jp/HIMG/90/14811.jpg,https://img.travel.rakuten.co.jp/share/HOTEL/14811/14811_s.jpg,https://img.travel.rakuten.co.jp/HIMG/INTERIOR/14811.jpg,https://img.travel.rakuten.co.jp/share/HOTEL/14811/14811map.gif,1400.0,4.08,"初めての博多旅行で宿泊させて頂きました。お風呂は狭いですが掃除が行き届いていて受付の方も親切でした。また博多に来る時は泊まりたいと思います。荷物も預かって頂けます。　2026-09-28 18:21:55投稿 <a href=""https://img.travel.rakuten.co.jp/image/tr/api/re/gJNfM/?f_hotel_no=14811"" class=""3click"">つづきはこちら</a>",gk,〇禁煙〇限定　シングル　ベッド幅122cm きんえん,4605138.0,【返金不可・事前決済限定】博多駅博多口から徒歩2分のお得プラン★夜間施錠1時〜5時★,1,0,0,0,0,2,https://img.travel.rakuten.co.jp/image/tr/api/re/IdsCY/?f_no=14811&f_syu=gk&f_hi1=2026-10-03&f_hi2=2026-10-04&f_heya_su=1&f_otona_su=1&f_s1=0&f_s2=0&f_y1=0&f_y2=0&f_y3=0&f_y4=0&f_camp_id=4605138,0,2026-10-03,19800,19800,0,2026-10-03,fukuoka
160902,スマイルホテル博多駅前,https://img.travel.rakuten.co.jp/image/tr/api/re/pvonD/?f_no=160902,https://img.travel.rakuten.co.jp/image/tr/api/re/vFumt/?f_no=160902&f_flg=PLAN,https://img.travel.rakuten.co.jp/image/tr/api/re/WzozX/?noTomariHotel=160902,https://img.travel.rakuten.co.jp/image/tr/api/re/gJNfM/?f_hotel_no=160902,すまいるほてるはかたえきまえ,博多駅から徒歩6分の好立地！お仕事、観光の後は綺麗なお部屋でごゆっくりお過ごしください♪,6200,120905.23,469508.92,812-0011,福岡県,福岡市博多区博多駅前3-8-18,092-431-1500,092-431-1470,ＪＲ　博多駅博多口より徒歩にて約6分,無し。 ※( 近隣に、コインパーキングおよび一般有料駐車場あり ) バイク、自転車不可。,博多,https://img.travel.rakuten.co.jp/share/HOTEL/160902/160902.jpg,https://img.travel.rakuten.co.jp/HIMG/90/160902.jpg,https://img.travel.rakuten.co.jp/share/HOTEL/160902/160902_kan1.jpg,https://img.travel.rakuten.co.jp/HIMG/INTERIOR/160902.jpg,https://img.travel.rakuten.co.jp/share/HOTEL/160902/160902map.gif,821.0,4.0,"バスタブがよくあるユニットバスより細い感じだったけど、他は何も気になることもなかった。エアコンがカードキーと連動してないヤツだったので、出掛けてるときに部屋を冷やしておけて帰ってきたら快適でよかった。　2026-09-25 08:23:18投稿 <a href=""https://img.travel.rakuten.co.jp/image/tr/api/re/gJNfM/?f_hotel_no=160902"" class=""3click"">つづきはこちら</a>",sn,シングルルーム◆禁煙◆,3904462.0,【直前までご予約OK】スマイル バリューステイプラン（素泊まり）,1,0,0,0,0,1,https://img.travel.rakuten.co.jp/image/tr/api/re/IdsCY/?f_no=160902&f_syu=sn&f_hi1=2026-10-03&f_hi2=2026-10-04&f_heya_su=1&f_otona_su=1&f_s1=0&f_s2=0&f_y1=0&f_y2=0&f_y3=0&f_y4=0&f_camp_id=3904462,0,2026-10-03,28000,28000,0,2026-10-03,fukuoka
130055,サットンホテル博多シティ,https://img.travel.rakuten.co.jp/image/tr/api/re/pvonD/?f_no=130055,https://img.travel.rakuten.co.jp/image/tr/api/re/vFumt/?f_no=130055&f_flg=PLAN,https://img.travel.rakuten.co.jp/image/tr/api/re/WzozX/?noTomariHotel=130055,https://img.travel.rakuten.co.jp/image/tr/api/re/gJNfM/?f_hotel_no=130055,さっとんほてるはかたしてぃ,全室フローリング・無料Wi-fi対応。博多駅･天神･中州･空港どこからでもアクセスが便利。,8208,120899.59,469507.04,812-0011,福岡県,福岡市博多区博多駅前3-4-8,092-433-2305,092-433-2307,ＪＲ博多駅（博多口）地下鉄 西21出口より徒歩約7分,提携駐車場、近隣にコインパーキングあり。1泊1400円（機械式、大きさ制限あり）。,博多,https://img.travel.rakuten.co.jp/share/HOTEL/130055/130055.jpg,https://img.travel.rakuten.co.jp/HIMG/90/130055.jpg,https://img.travel.rakuten.co.jp/share/HOTEL/130055/130055_kya.jpg,https://img.travel.rakuten.co.jp/HIMG/INTERIOR/130055.jpg,https://img.travel.rakuten.co.jp/share/HOTEL/130055/130055map.gif,1681.0,3.84,"水回りがキレイで、博多駅から近く、部屋では十分にスーツケースを広げることができました。ありがとうございました。　2026-09-24 10:50:57投稿 <a href=""https://img.travel.rakuten.co.jp/image/tr/api/re/gJNfM/?f_hotel_no=130055"" class=""3click"">つづきはこちら</a>",dsn0,【禁煙】デラックスシングル 15平米 【ベッド幅140cm】,5922992.0,【朝食付き】人気のバイキング朝食プラン！博多駅徒歩５分！バス停も近くコンサートや会議場へ簡単アクセス,1,0,0,1,0,1,https://img.travel.rakuten.co.jp/image/tr/api/re/IdsCY/?f_no=130055&f_syu=dsn0&f_hi1=2026-10-03&f_hi2=2026-10-04&f_heya_su=1&f_otona_su=1&f_s1=0&f_s2=0&f_y1=0&f_y2=0&f_y3=0&f_y4=0&f_camp_id=5922992,0,2026-10-03,27610,27610,0,2026-10-03,fukuoka
9686,アイビーホテル筑紫野,https://img.travel.rakuten.co.jp/image/tr/api/re/pvonD/?f_no=9686,https://img.travel.rakuten.co.jp/image/tr/api/re/vFumt/?f_no=9686&f_flg=PLAN,https://img.travel.rakuten.co.jp/image/tr/api/re/WzozX/?noTomariHotel=9686,https://img.travel.rakuten.co.jp/image/tr/api/re/gJNfM/?f_hotel_no=9686,あいびーほてる　つくしの,二日市温泉源泉かけ流し大浴場完備。出張や観光にご利用ください ！,4675,120558.05,469862.35,818-0058,福岡県,筑紫野市湯町1-14-3,092-920-2130,092-922-2490,ＪＲ二日市駅西口より徒歩約6分。西鉄二日市駅より車で約10分。高速筑紫野バス停より徒歩約5分。駐車場無料,有り　３０台　他、近隣1カ所徒歩約5分２０台,二日市,https://img.travel.rakuten.co.jp/share/HOTEL/9686/9686.jpg,https://img.travel.rakuten.co.jp/HIMG/90/9686.jpg,https://img.travel.rakuten.co.jp/share/HOTEL/9686/9686_sgl.jpg,https://img.travel.rakuten.co.jp/HIMG/INTERIOR/9686.jpg,https://img.travel.rakuten.co.jp/share/HOTEL/9686/9686map.gif,787.0,4.08,,snsm,シングルルーム（禁煙室）,4980522.0,スタンダードプラン（食事なし）★到着時間の連絡不要★,1,0,0,0,0,1,https://img.travel.rakuten.co.jp/image/tr/api/re/IdsCY/?f_no=9686&f_syu=snsm&f_hi1=2026-10-03&f_hi2=2026-10-04&f_heya_su=1&f_otona_su=1&f_s1=0&f_s2=0&f_y1=0&f_y2=0&f_y3=0&f_y4=0&f_camp_id=4980522,0,2026-10-03,13200,13200,0,2026-10-03,fukuoka
119,ホテル法華クラブ福岡,https://img.travel.rakuten.co.jp/image/tr/api/re/pvonD/?f_no=119,https://img.travel.rakuten.co.jp/image/tr/api/re/vFumt/?f_no=119&f_flg=PLAN,https://img.travel.rakuten.co.jp/image/tr/api/re/WzozX/?noTomariHotel=119,https://img.travel.rakuten.co.jp/image/tr/api/re/gJNfM/?f_hotel_no=119,ほっけくらぶ　ふくおか,ＪＲ博多駅より徒歩１０分。準天然・光明石温泉☆博美の湯☆（人工温泉）！　郷土料理が味わえる！朝食バイキング。Ｗｉ－Ｆｉ！,7500,120897.51,469502.92,812-0018,福岡県,福岡市博多区住吉3-1-90,092-271-3171,092-272-2095,ＪＲ「博多駅」【博多口】より徒歩約10分。キャナルシティへ徒歩約７分。駅前四丁目バス停より徒歩3分。,専用駐車場はございませんので、フロントにて近隣コインパーキングをご紹介しております。,博多,https://img.travel.rakuten.co.jp/share/HOTEL/119/119.jpg,https://img.travel.rakuten.co.jp/HIMG/90/119.jpg,https://img.travel.rakuten.co.jp/share/HOTEL/119/119_heya1.jpg,https://img.travel.rakuten.co.jp/HIMG/INTERIOR/119.jpg,https://img.travel.rakuten.co.jp/share/HOTEL/119/119map.gif,6592.0,4.22,,sbnj,禁煙/別館11平米シングル(110cmベッド×1台・11平米,6569780.0,【10％OFF】【楽天スーパーSALE】【ベーシックプラン！】準天然光明石温泉◆博美の湯◆〜素泊り〜,1,0,0,0,0,1,https://img.travel.rakuten.co.jp/image/tr/api/re/IdsCY/?f_no=119&f_syu=sbnj&f_hi1=2026-10-03&f_hi2=2026-10-04&f_heya_su=1&f_otona_su=1&f_s1=0&f_s2=0&f_y1=0&f_y2=0&f_y3=0&f_y4=0&f_camp_id=6569780,0,2026-10-03,27450,27450,0,2026-10-03,fukuoka
107837,スーパーホテルＩｎｎ博多,https://img.travel.rakuten.co.jp/image/tr/api/re/pvonD/?f_no=107837,https://img.travel.rakuten.co.jp/image/tr/api/re/vFumt/?f_no=107837&f_flg=PLAN,https://img.travel.rakuten.co.jp/image/tr/api/re/WzozX/?noTomariHotel=107837,https://img.travel.rakuten.co.jp/image/tr/api/re/gJNfM/?f_hotel_no=107837,すーぱーほてるいんはかた,朝食＆アルコールもあるウェルカムバー(15:00～21:00)無料！地下鉄呉服町駅から徒歩2分で博多・天神移動にも便利！,3950,120941.64,469489.88,812-0036,福岡県,福岡市博多区上呉服町11-32,092-282-9000,092-282-8886,地下鉄　呉服町駅より徒歩２分,有り　６台　７５０円（税込み／泊）　要電話予約　（ネットからの駐車場予約はできません。）,呉服町（福岡）,https://img.travel.rakuten.co.jp/share/HOTEL/107837/107837.jpg,https://img.travel.rakuten.co.jp/HIMG/90/107837.jpg,https://img.travel.rakuten.co.jp/share/HOTEL/107837/107837_sin.jpg,https://img.travel.rakuten.co.jp/HIMG/INTERIOR/107837.jpg,https://img.travel.rakuten.co.jp/share/HOTEL/107837/107837map.gif,648.0,3.94,"最初に入った部屋はエアコンがおかしいのか、ジメジメした感じでした。エアコンつけっぱなしで外出から帰ってもジメジメのままでしたのでフロントに相談に行ったところ、即座に別の部屋を当ててくれました。前の部屋…　2026-09-19 08:21:44投稿 <a href=""https://img.travel.rakuten.co.jp/image/tr/api/re/gJNfM/?f_hotel_no=107837"" class=""3click"">つづきはこちら</a>",r0,【喫煙】スタンダードルーム【115cm幅ベッド１台】,5257609.0,オンライン決済限定プラン☆朝食ビュッフェ付,1,0,0,1,0,2,https://img.travel.rakuten.co.jp/image/tr/api/re/IdsCY/?f_no=107837&f_syu=r0&f_hi1=2026-10-03&f_hi2=2026-10-04&f_heya_su=1&f_otona_su=1&f_s1=0&f_s2=0&f_y1=0&f_y2=0&f_y3=0&f_y4=0&f_camp_id=5257609,0,2026-10-03,21900,21900,0,2026-10-03,fukuoka
75246,太宰府天然温泉ルートイングランティア太宰府,https://img.travel.rakuten.co.jp/image/tr/api/re/pvonD/?f_no=75246,https://img.travel.rakuten.co.jp/image/tr/api/re/vFumt/?f_no=75246&f_flg=PLAN,https://img.travel.rakuten.co.jp/image/tr/api/re/WzozX/?noTomariHotel=75246,https://img.travel.rakuten.co.jp/image/tr/api/re/gJNfM/?f_hotel_no=75246,だざいふてんねんおんせん　るーといん　ぐらんてぃあ　だざいふ,太宰府天満宮近く！和室あり、温泉あり、岩盤浴あり、漫画コーナーも！料理長こだわりの夕食も！大型駐車場もあり！,6600,120676.98,469904.91,818-0119,福岡県,太宰府市連歌屋3-8-1,050-5576-7903,092-921-4800,西鉄太宰府駅から車で約3分◆福岡空港から車で約30分◆JR二日市駅より車で約12分◆西鉄太宰府駅から無料シャトルバス運行,有り　113台　無料　※立体駐車場34台（ハイルーフ10台）　予約不要,太宰府,https://img.travel.rakuten.co.jp/share/HOTEL/75246/75246.jpg,https://img.travel.rakuten.co.jp/HIMG/90/75246.jpg,,,https://img.travel.rakuten.co.jp/share/HOTEL/75246/75246map.gif,1146.0,3.88,"部屋の匂いが・・・・。　2026-09-24 21:17:22投稿 <a href=""https://img.travel.rakuten.co.jp/image/tr/api/re/gJNfM/?f_hotel_no=75246"" class=""3click"">つづきはこちら</a>",nsa,[新館]禁煙シングル☆（BD140×196cm）,4585442.0,【天然温泉】◆素泊まりプラン◆,1,0,0,0,0,1,https://img.travel.rakuten.co.jp/image/tr/api/re/IdsCY/?f_no=75246&f_syu=nsa&f_hi1=2026-10-03&f_hi2=2026-10-04&f_heya_su=1&f_otona_su=1&f_s1=0&f_s2=0&f_y1=0&f_y2=0&f_y3=0&f_y4=0&f_camp_id=4585442,0,2026-10-03,14950,14950,0,2026-10-03,fukuoka
572,グランドハイアット福岡,https://img.travel.rakuten.co.jp/image/tr/api/re/pvonD/?f_no=572,https://img.travel.rakuten.co.jp/image/tr/api/re/vFumt/?f_no=572&f_flg=PLAN,https://img.travel.rakuten.co.jp/image/tr/api/re/WzozX/?noTomariHotel=572,https://img.travel.rakuten.co.jp/image/tr/api/re/gJNfM/?f_hotel_no=572,ぐらんどはいあっとふくおか,キャナルシティ内に位置する、ハイアット最上級ブランドホテル,21758,120910.57,469485.97,812-0018,福岡県,福岡市博多区住吉1-2-82　,092-282-1234,092-282-2817,博多駅から徒歩約10分、天神駅から徒歩約15分。福岡市地下鉄　七隈線「櫛田神社前駅」西改札口を出て2番出口より徒歩3分,"1300台 1泊1,980円（税込） （14:00から翌14:00）",中洲川端,https://img.travel.rakuten.co.jp/share/HOTEL/572/572.jpg,https://img.travel.rakuten.co.jp/HIMG/90/572.jpg,https://img.travel.rakuten.co.jp/share/HOTEL/572/572_a.jpg,https://img.travel.rakuten.co.jp/HIMG/INTERIOR/572.jpg,https://img.travel.rakuten.co.jp/share/HOTEL/572/572map.gif,967.0,4.44,,dlxknosm,【禁煙】デラックスキング1台（45平米）,6589745.0,【現地決済】Standard room,1,0,0,0,0,0,https://img.travel.rakuten.co.jp/image/tr/api/re/IdsCY/?f_no=572&f_syu=dlxknosm&f_hi1=2026-10-03&f_hi2=2026-10-04&f_heya_su=1&f_otona_su=1&f_s1=0&f_s2=0&f_y1=0&f_y2=0&f_y3=0&f_y4=0&f_camp_id=6589745,0,2026-10-03,137885,137885,0,2026-10-03,fukuoka
177846,９ＨＯＴＥＬ　ＨＡＫＡＴＡ,https://img.travel.rakuten.co.jp/image/tr/api/re/pvonD/?f_no=177846,https://img.travel.rakuten.co.jp/image/tr/api/re/vFumt/?f_no=177846&f_flg=PLAN,https://img.travel.rakuten.co.jp/image/tr/api/re/WzozX/?noTomariHotel=177846,https://img.travel.rakuten.co.jp/image/tr/api/re/gJNfM/?f_hotel_no=177846,ないん　ほてる　はかた,中洲まで徒歩5分。全室風呂トイレ別のゆったり空間。館内・客室には九州の色が感じられます。,8100,120931.02,469487.7,812-0039,福岡県,福岡市博多区冷泉町9-16,092-263-5010,092-263-5020,福岡空港から地下鉄祇園駅まで7分。祇園駅徒歩約5分。中洲川端駅徒歩6分、博多駅から徒歩約13分,なし,祇園（福岡）,https://img.travel.rakuten.co.jp/share/HOTEL/177846/177846.jpg,https://img.travel.rakuten.co.jp/HIMG/90/177846.jpg,https://img.travel.rakuten.co.jp/share/HOTEL/177846/177846_kan1.jpg,https://img.travel.rakuten.co.jp/HIMG/INTERIOR/177846.jpg,https://img.travel.rakuten.co.jp/share/HOTEL/177846/177846map.gif,215.0,3.75,"清潔感あるホテルでした。観光で食事なしの利用をしました。チェックイン前にホテルに寄り、荷物を預けてから出かけました。セブンイレブンが近くにあります。充電器やヘアアイロン、ウノなどをフロントでお借りでき…　2026-08-12 16:46:46投稿 <a href=""https://img.travel.rakuten.co.jp/image/tr/api/re/gJNfM/?f_hotel_no=177846"" class=""3click"">つづきはこちら</a>",0002,【禁煙】スーペリアハリウッドツイン ＜24平米＞,4714230.0,【事前決済限定返金不可】★事前決済で割引★中洲近くで新オープンのホテルを満喫！＜素泊まり＞,1,0,0,0,0,2,https://img.travel.rakuten.co.jp/image/tr/api/re/IdsCY/?f_no=177846&f_syu=0002&f_hi1=2026-10-03&f_hi2=2026-10-04&f_heya_su=1&f_otona_su=1&f_s1=0&f_s2=0&f_y1=0&f_y2=0&f_y3=0&f_y4=0&f_camp_id=4714230,0,2026-10-03,39900,39900,0,2026-10-03,fukuoka
1620,ザ・ワンファイブマリン福岡,https://img.travel.rakuten.co.jp/image/tr/api/re/pvonD/?f_no=1620,https://img.travel.rakuten.co.jp/image/tr/api/re/vFumt/?f_no=1620&f_flg=PLAN,https://img.travel.rakuten.co.jp/image/tr/api/re/WzozX/?noTomariHotel=1620,https://img.travel.rakuten.co.jp/image/tr/api/re/gJNfM/?f_hotel_no=1620,ざ　わんふぁいぶまりん　ふくおか,福岡国際センターまで徒歩9分、サンパレスまで徒歩11分。マリンメッセ福岡、中洲も徒歩圏内。,3802,120945.17,469465.24,812-0023,福岡県,福岡市博多区奈良屋町10-21,0570-007-779,092-263-0040,福岡市営地下鉄「中洲川端」駅から徒歩8分,駐車場あり(先着順・予約不可)  2000円/ 1泊,中洲川端,https://img.travel.rakuten.co.jp/share/HOTEL/1620/1620.jpg,https://img.travel.rakuten.co.jp/HIMG/90/1620.jpg,https://img.travel.rakuten.co.jp/share/HOTEL/1620/1620_sgl.jpg,https://img.travel.rakuten.co.jp/HIMG/INTERIOR/1620.jpg,https://img.travel.rakuten.co.jp/share/HOTEL/1620/1620map.gif,1553.0,3.68,,d4,ダブル,4711118.0,「ザ・ワンファイブ」ステイ,1,0,0,0,0,1,https://img.travel.rakuten.co.jp/image/tr/api/re/IdsCY/?f_no=1620&f_syu=d4&f_hi1=2026-10-03&f_hi2=2026-10-04&f_heya_su=1&f_otona_su=1&f_s1=0&f_s2=0&f_y1=0&f_y2=0&f_y3=0&f_y4=0&f_camp_id=4711118,0,2026-10-03,25020,25020,0,2026-10-03,fukuoka
172227,ヴィアイン博多口駅前（ＪＲ西日本グループ）,https://img.travel.rakuten.co.jp/image/tr/api/re/pvonD/?f_no=172227,https://img.travel.rakuten.co.jp/image/tr/api/re/vFumt/?f_no=172227&f_flg=PLAN,https://img.travel.rakuten.co.jp/image/tr/api/re/WzozX/?noTomariHotel=172227,https://img.travel.rakuten.co.jp/image/tr/api/re/gJNfM/?f_hotel_no=172227,ヴぃあいんはかたぐちえきまえ,★楽天トラベルブロンズアワード２０２０受賞★ 博多駅「博多口」より徒歩約4分の好立地 / 全室禁煙でクリーンな客室,5220,120915.03,469508.53,812-0011,福岡県,福岡市博多区博多駅前2丁目17番11号,092-452-5489,092-452-5490,JR各線・新幹線・地下鉄「博多駅」博多口より徒歩約4分　／　福岡空港より地下鉄空港線にて２駅５分「博多駅」下車,"【事前予約制・電話受付のみ】計５台(2,000円/１泊)　入庫不可車種・満車時は近隣駐車場へご案内",博多,https://img.travel.rakuten.co.jp/share/HOTEL/172227/172227.jpg,https://img.travel.rakuten.co.jp/HIMG/90/172227.jpg,https://img.travel.rakuten.co.jp/share/HOTEL/172227/172227_kan1.jpg,https://img.travel.rakuten.co.jp/HIMG/INTERIOR/172227.jpg,https://img.travel.rakuten.co.jp/share/HOTEL/172227/172227map.gif,733.0,4.0,"駅近で便利、施設もきれいでした。　2026-09-13 15:27:53投稿 <a href=""https://img.travel.rakuten.co.jp/image/tr/api/re/gJNfM/?f_hotel_no=172227"" class=""3click"">つづきはこちら</a>",roh,【全室禁煙】部屋タイプはホテルにおまかせ・1名利用,5586790.0,【シークレットプラン】部屋タイプはホテルにおまかせ！【食事なし】,1,0,0,0,0,1,https://img.travel.rakuten.co.jp/image/tr/api/re/IdsCY/?f_no=172227&f_syu=roh&f_hi1=2026-10-03&f_hi2=2026-10-04&f_heya_su=1&f_otona_su=1&f_s1=0&f_s2=0&f_y1=0&f_y2=0&f_y3=0&f_y4=0&f_camp_id=5586790,0,2026-10-03,28620,28620,0,2026-10-03,fukuoka
130113,ザ　ロイヤルパークホテル　福岡,https://img.travel.rakuten.co.jp/image/tr/api/re/pvonD/?f_no=130113,https://img.travel.rakuten.co.jp/image/tr/api/re/vFumt/?f_no=130113&f_flg=PLAN,https://img.travel.rakuten.co.jp/image/tr/api/re/WzozX/?noTomariHotel=130113,https://img.travel.rakuten.co.jp/image/tr/api/re/gJNfM/?f_hotel_no=130113,ざ　ろいやるぱーくほてる　ふくおか,◆博多駅・キャナルシティ博多まで徒歩約5分◆ビジネスや観光の拠点として好立地◆ツインルーム以上は洗い場付き浴室！,6160,120913.83,469505.07,812-0011,福岡県,福岡市博多区博多駅前2-14-15,092-414-1111,092-414-1121,新幹線・ＪＲ線・市営地下鉄「博多駅」（博多口）より徒歩約5分,"提携駐車場あり(入庫から17時間まで2,000円)、徒歩約3分",博多,https://img.travel.rakuten.co.jp/share/HOTEL/130113/130113.jpg,https://img.travel.rakuten.co.jp/HIMG/90/130113.jpg,https://img.travel.rakuten.co.jp/share/HOTEL/130113/130113_kya.jpg,https://img.travel.rakuten.co.jp/HIMG/INTERIOR/130113.jpg,https://img.travel.rakuten.co.jp/share/HOTEL/130113/130113map.gif,1679.0,4.15,"朝食は4品からお好みの1品をチョイスしてブッフェを楽しむスタイルでした。…　2026-09-27 16:58:59投稿 <a href=""https://img.travel.rakuten.co.jp/image/tr/api/re/gJNfM/?f_hotel_no=130113"" class=""3click"">つづきはこちら</a>",stdn,【禁煙】スタンダードツイン,6571516.0,【楽天スーパーSALE】観光にもビジネスにも！博多駅から徒歩約5分♪（素泊まり）,1,0,0,0,0,1,https://img.travel.rakuten.co.jp/image/tr/api/re/IdsCY/?f_no=130113&f_syu=stdn&f_hi1=2026-10-03&f_hi2=2026-10-04&f_heya_su=1&f_otona_su=1&f_s1=0&f_s2=0&f_y1=0&f_y2=0&f_y3=0&f_y4=0&f_camp_id=6571516,0,2026-10-03,60000,60000,0,2026-10-03,fukuoka
166453,フォーポイント　フレックス　ｂｙ　シェラトン　福岡博多,https://img.travel.rakuten.co.jp/image/tr/api/re/pvonD/?f_no=166453,https://img.travel.rakuten.co.jp/image/tr/api/re/vFumt/?f_no=166453&f_flg=PLAN,https://img.travel.rakuten.co.jp/image/tr/api/re/WzozX/?noTomariHotel=166453,https://img.travel.rakuten.co.jp/image/tr/api/re/gJNfM/?f_hotel_no=166453,ふぉーぽいんと　ふれっくす　ばい　しぇらとん　ふくおかはかた,マリオットグループ日本初上陸ブランド！博多駅・中州へ徒歩圏内！	,6292,120898.93,469502.62,812-0011,福岡県,福岡市博多区博多駅前3-6-7,092-433-6172,092-433-6175,博多駅博多口より徒歩にて約9分。,無し,博多,https://img.travel.rakuten.co.jp/share/HOTEL/166453/166453.jpg,https://img.travel.rakuten.co.jp/HIMG/90/166453.jpg,https://img.travel.rakuten.co.jp/share/HOTEL/166453/166453_kan1.jpg,https://img.travel.rakuten.co.jp/HIMG/INTERIOR/166453.jpg,https://img.travel.rakuten.co.jp/share/HOTEL/166453/166453map.gif,769.0,3.76,"1. 部屋にボトルがなく水分補給が煩わ…　2026-09-16 22:24:36投稿 <a href=""https://img.travel.rakuten.co.jp/image/tr/api/re/gJNfM/?f_hotel_no=166453"" class=""3click"">つづきはこちら</a>",fpxsngl,◆シングル（禁煙）,6061610.0,【Marriott Bonvoy会員価格対象プラン】心地よさと利便性で福岡博多拠点で快適│素泊まり,1,0,0,0,0,1,https://img.travel.rakuten.co.jp/image/tr/api/re/IdsCY/?f_no=166453&f_syu=fpxsngl&f_hi1=2026-10-03&f_hi2=2026-10-04&f_heya_su=1&f_otona_su=1&f_s1=0&f_s2=0&f_y1=0&f_y2=0&f_y3=0&f_y4=0&f_camp_id=6061610,0,2026-10-03,35200,35200,0,2026-10-03,fukuoka
166975,東急ステイ博多,https://img.travel.rakuten.co.jp/image/tr/api/re/pvonD/?f_no=166975,https://img.travel.rakuten.co.jp/image/tr/api/re/vFumt/?f_no=166975&f_flg=PLAN,https://img.travel.rakuten.co.jp/image/tr/api/re/WzozX/?noTomariHotel=166975,https://img.travel.rakuten.co.jp/image/tr/api/re/gJNfM/?f_hotel_no=166975,とうきゅうすていはかた,全室に洗濯乾燥機・電子レンジ完備！連泊・中長期の滞在に便利♪♪,6100,120895.8,469524.24,812-0016,福岡県,福岡市博多区博多駅南1-11-11,092-431-1091,092-431-1092,福岡市地下鉄空港線博多駅　東5番出口より徒歩7分　/　JR博多駅　筑紫口より徒歩8分,無し。近隣のコインパーキングをご利用ください（提携駐車場はございません）。,博多,https://img.travel.rakuten.co.jp/share/HOTEL/166975/166975.jpg,https://img.travel.rakuten.co.jp/HIMG/90/166975.jpg,,,https://img.travel.rakuten.co.jp/share/HOTEL/166975/166975map.gif,1071.0,4.32,"お部屋に洗濯機があったり、備品やシャワーヘッドもハイスペックでした。ドリンクサービスなど良かったです。また泊まりたいお宿です　2026-09-28 22:08:40投稿 <a href=""https://img.travel.rakuten.co.jp/image/tr/api/re/gJNfM/?f_hotel_no=166975"" class=""3click"">つづきはこちら</a>",moderate1,モデレートダブル1名様【禁煙】18平米／洗濯乾燥機・デスク付,5415022.0,【スタンダードプラン】ビジネス＆観光の拠点に！洗濯乾燥機＆電子レンジ完備【1名】（素泊）,1,0,0,0,0,1,https://img.travel.rakuten.co.jp/image/tr/api/re/IdsCY/?f_no=166975&f_syu=moderate1&f_hi1=2026-10-03&f_hi2=2026-10-04&f_heya_su=1&f_otona_su=1&f_s1=0&f_s2=0&f_y1=0&f_y2=0&f_y3=0&f_y4=0&f_camp_id=5415022,0,2026-10-03,42850,42850,0,2026-10-03,fukuoka
172310,都ホテル博多,https://img.travel.rakuten.co.jp/image/tr/api/re/pvonD/?f_no=172310,https://img.travel.rakuten.co.jp/image/tr/api/re/vFumt/?f_no=172310&f_flg=PLAN,https://img.travel.rakuten.co.jp/image/tr/api/re/WzozX/?noTomariHotel=172310,https://img.travel.rakuten.co.jp/image/tr/api/re/gJNfM/?f_hotel_no=172310,みやこほてるはかた,さあ、都心のリゾートへ！ここは、いつでも夏休み。★屋上には天然温泉スパ＆レストラン★心地良いという新しいラグジュアリー,17800,120911.58,469529.98,812-0013,福岡県,福岡市博多区博多駅東2-1-1,092-441-3111,092-441-3122,博多駅直結！徒歩約１分。＜東７番出口＞福岡空港から地下鉄で約７分、車で約15分。一歩足を踏み入れたらもうそこはリゾート！,"1泊 2,000円　先着順36台 屋内機械式（長5.3m 幅1.96m 高2m)／提携有り：20m先",博多,https://img.travel.rakuten.co.jp/share/HOTEL/172310/172310.jpg,https://img.travel.rakuten.co.jp/HIMG/90/172310.jpg,https://img.travel.rakuten.co.jp/share/HOTEL/172310/172310_kan1.jpg,https://img.travel.rakuten.co.jp/HIMG/INTERIOR/172310.jpg,https://img.travel.rakuten.co.jp/share/HOTEL/172310/172310map.gif,1178.0,4.62,"全体的に清潔な雰囲気で、フロントスタッフの対応も良く、気持ちのいい対応でした。チェックイン前に荷物を預けましたが、荷物の扱いも丁寧なのが好印象でした。エクステリアが屋根下にあったので、雨天時も部屋の屋…　2026-09-28 18:11:14投稿 <a href=""https://img.travel.rakuten.co.jp/image/tr/api/re/gJNfM/?f_hotel_no=172310"" class=""3click"">つづきはこちら</a>",pdx2mb,プレミアム デラックスツイン＜禁煙・上層階＞,5683202.0,【15％OFF】【楽天スーパーSALE】上層階客室☆最上階の温泉スパ利用無料／素泊り,10,0,0,0,0,1,https://img.travel.rakuten.co.jp/image/tr/api/re/IdsCY/?f_no=172310&f_syu=pdx2mb&f_hi1=2026-10-03&f_hi2=2026-10-04&f_heya_su=1&f_otona_su=1&f_s1=0&f_s2=0&f_y1=0&f_y2=0&f_y3=0&f_y4=0&f_camp_id=5683202,0,2026-10-03,65360,65360,0,2026-10-03,fukuoka
177601,ホテルトラッド博多,https://img.travel.rakuten.co.jp/image/tr/api/re/pvonD/?f_no=177601,https://img.travel.rakuten.co.jp/image/tr/api/re/vFumt/?f_no=177601&f_flg=PLAN,https://img.travel.rakuten.co.jp/image/tr/api/re/WzozX/?noTomariHotel=177601,https://img.travel.rakuten.co.jp/image/tr/api/re/gJNfM/?f_hotel_no=177601,とらっどはかた,★朝は博多駅へ無料バス運行★コンビニ直結でお買い物も楽々★ウェルカムドリンクあり★全室シモンズベッド＆スマートTV導入★,6160,120891.56,469490.34,812-0018,福岡県,福岡市博多区住吉3-12-1,092-710-7675,092-710-7674,博多駅から散歩気分で徒歩12分。バスは「博多駅前Ａ（300番台）・Ｂ乗場」から約5分「住吉」バス停下車、すぐ。,タワー式22台：先着順 15時〜11時30分 税込1500円現金のみ 入出庫不可(22時〜7時),博多,https://img.travel.rakuten.co.jp/share/HOTEL/177601/177601.jpg,https://img.travel.rakuten.co.jp/HIMG/90/177601.jpg,,,https://img.travel.rakuten.co.jp/share/HOTEL/177601/177601map.gif,1014.0,4.35,"部屋も高さがあり圧迫感がなく、リラッ…　2026-09-12 14:54:45投稿 <a href=""https://img.travel.rakuten.co.jp/image/tr/api/re/gJNfM/?f_hotel_no=177601"" class=""3click"">つづきはこちら</a>",dbl01,【禁煙】ダブル1名利用 （20.48平米、ベッド150ｃｍ）,4625291.0,スタンダード/素泊り（事前決済）,1,0,0,0,0,2,https://img.travel.rakuten.co.jp/image/tr/api/re/IdsCY/?f_no=177601&f_syu=dbl01&f_hi1=2026-10-03&f_hi2=2026-10-04&f_heya_su=1&f_otona_su=1&f_s1=0&f_s2=0&f_y1=0&f_y2=0&f_y3=0&f_y4=0&f_camp_id=4625291,0,2026-10-03,36000,36000,0,2026-10-03,fukuoka
172876,ＴＨＥ　ＢＬＯＳＳＯＭ　ＨＡＫＡＴＡ　Ｐｒｅｍｉｅｒ（ザ　ブラッサム博多プレミア）,https://img.travel.rakuten.co.jp/image/tr/api/re/pvonD/?f_no=172876,https://img.travel.rakuten.co.jp/image/tr/api/re/vFumt/?f_no=172876&f_flg=PLAN,https://img.travel.rakuten.co.jp/image/tr/api/re/WzozX/?noTomariHotel=172876,https://img.travel.rakuten.co.jp/image/tr/api/re/gJNfM/?f_hotel_no=172876,ざ　ぶらっさむ　はかた　ぷれみあ,～博多の粋、最高のおもてなし～この街に、脈々と受け継がれる美意識を極めたホテル,14110,120912.84,469498.88,812-0011,福岡県,福岡市博多区博多駅前2丁目8番12号,092-431-8702,092-431-8712,JR博多駅「博多口」より徒歩7分、福岡市地下鉄櫛田神社駅より徒歩5分、「キャナルシティー博多」より徒歩2分,ご宿泊者専用駐車場がございます(先着順・予約不可)  詳細は公式ホームページをご確認ください,博多,https://img.travel.rakuten.co.jp/share/HOTEL/172876/172876.jpg,https://img.travel.rakuten.co.jp/HIMG/90/172876.jpg,https://img.travel.rakuten.co.jp/share/HOTEL/172876/172876_kan1.jpg,https://img.travel.rakuten.co.jp/HIMG/INTERIOR/172876.jpg,https://img.travel.rakuten.co.jp/share/HOTEL/172876/172876map.gif,405.0,4.59,"駅近で大浴場があり口コミが良かったので2泊しました。博多駅まで徒歩8分。蒸暑い8月には少し遠く感じました。お部屋は広くゆったりと非日常を感じれて大満足です。駐車場（立体）でしたが 宿泊中は何度も出入れ…　2026-09-03 20:42:38投稿 <a href=""https://img.travel.rakuten.co.jp/image/tr/api/re/gJNfM/?f_hotel_no=172876"" class=""3click"">つづきはこちら</a>",20ntd1,＜禁煙＞デラックスツイン 1名,5876153.0,【9％OFF】【楽天スーパーSALE】博多駅や中州が徒歩圏内〜食の都『博多』を満喫〜(食事なし),1,0,0,0,0,1,https://img.travel.rakuten.co.jp/image/tr/api/re/IdsCY/?f_no=172876&f_syu=20ntd1&f_hi1=2026-10-03&f_hi2=2026-10-04&f_heya_su=1&f_otona_su=1&f_s1=0&f_s2=0&f_y1=0&f_y2=0&f_y3=0&f_y4=0&f_camp_id=5876153,0,2026-10-03,58250,58250,0,2026-10-03,fukuoka
56325,アパホテル〈博多駅前４丁目〉,https://img.travel.rakuten.co.jp/image/tr/api/re/pvonD/?f_no=56325,https://img.travel.rakuten.co.jp/image/tr/api/re/vFumt/?f_no=56325&f_flg=PLAN,https://img.travel.rakuten.co.jp/image/tr/api/re/WzozX/?noTomariHotel=56325,https://img.travel.rakuten.co.jp/image/tr/api/re/gJNfM/?f_hotel_no=56325,あぱほてる　はかたえきまえ　よんちょうめ,博多駅 徒歩4分、福岡空港 9分（地下鉄5分 徒歩4分）、天神駅 13分（バス12分 徒歩1分）,5580,120898.98,469513.14,812-0011,福岡県,福岡市博多区博多駅前4-10-15,0570-099-611,092-414-2855,博多駅 徒歩4分、福岡空港 9分（地下鉄5分 徒歩4分）、天神駅 13分（バス12分 徒歩1分）,"敷地内1,500円（15時〜翌11時）",博多,https://img.travel.rakuten.co.jp/share/HOTEL/56325/56325.jpg,https://img.travel.rakuten.co.jp/HIMG/90/56325.jpg,https://img.travel.rakuten.co.jp/share/HOTEL/56325/56325_room.jpg,https://img.travel.rakuten.co.jp/HIMG/INTERIOR/56325.jpg,https://img.travel.rakuten.co.jp/share/HOTEL/56325/56325map.gif,1737.0,3.82,"部屋は室内に入ったばかりなのに床に髪の毛が複数本あり、気になりました。　2026-09-07 00:09:31投稿 <a href=""https://img.travel.rakuten.co.jp/image/tr/api/re/gJNfM/?f_hotel_no=56325"" class=""3click"">つづきはこちら</a>",xs1k,□□　禁煙室　□□　シングル,5194181.0,【素泊まり・事前決済限定】非接触1秒チェックイン体験プラン　■「博多駅」博多口から徒歩4分！,1,0,0,0,0,2,https://img.travel.rakuten.co.jp/image/tr/api/re/IdsCY/?f_no=56325&f_syu=xs1k&f_hi1=2026-10-03&f_hi2=2026-10-04&f_heya_su=1&f_otona_su=1&f_s1=0&f_s2=0&f_y1=0&f_y2=0&f_y3=0&f_y4=0&f_camp_id=5194181,0,2026-10-03,28080,28080,0,2026-10-03,fukuoka
14018,福岡リーセントホテル,https://img.travel.rakuten.co.jp/image/tr/api/re/pvonD/?f_no=14018,https://img.travel.rakuten.co.jp/image/tr/api/re/vFumt/?f_no=14018&f_flg=PLAN,https://img.travel.rakuten.co.jp/image/tr/api/re/WzozX/?noTomariHotel=14018,https://img.travel.rakuten.co.jp/image/tr/api/re/gJNfM/?f_hotel_no=14018,ふくおか　りーせんとほてる,■全室禁煙ルーム■Wi-Fi接続無料■加湿空気清浄器完備,3820,121015.46,469513.02,812-0053,福岡県,福岡市東区箱崎2-52-1,092-641-7741,092-641-5851,【地下鉄】博多駅から約12分/福岡空港から約17分/箱崎宮前駅・3番出口より徒歩約4分,普通車1泊1000円※屋内駐車場60台、高さ2.1m迄,箱崎宮前,https://img.travel.rakuten.co.jp/share/HOTEL/14018/14018.jpg,https://img.travel.rakuten.co.jp/HIMG/90/14018.jpg,,,https://img.travel.rakuten.co.jp/share/HOTEL/14018/14018map.gif,870.0,3.85,,t-nstd,ツイン【禁煙】25平米／加湿空気清浄機完備,6139234.0,【素泊り】直前のご予約でもお得に！お食事無しの直前割りプラン★地下鉄箱崎宮前駅徒歩4分★,1,0,0,0,0,2,https://img.travel.rakuten.co.jp/image/tr/api/re/IdsCY/?f_no=14018&f_syu=t-nstd&f_hi1=2026-10-03&f_hi2=2026-10-04&f_heya_su=1&f_otona_su=1&f_s1=0&f_s2=0&f_y1=0&f_y2=0&f_y3=0&f_y4=0&f_camp_id=6139234,0,2026-10-03,30380,30380,0,2026-10-03,fukuoka
168249,ホテルフラトン福岡博多,https://img.travel.rakuten.co.jp/image/tr/api/re/pvonD/?f_no=168249,https://img.travel.rakuten.co.jp/image/tr/api/re/vFumt/?f_no=168249&f_flg=PLAN,https://img.travel.rakuten.co.jp/image/tr/api/re/WzozX/?noTomariHotel=168249,https://img.travel.rakuten.co.jp/image/tr/api/re/gJNfM/?f_hotel_no=168249,ほてるふらとんふくおかはかた,博多駅徒歩４分！シモンズベッド＆フリードリンク特典付き♪17時チェックイン・12時アウト◎,5740,120906.09,469537.3,812-0013,福岡県,福岡市博多区博多駅東2-10-18,092-475-8585,092-433-6600,博多駅筑紫口【新幹線口】徒歩4分の好立地★全室禁煙★福岡空港約15分★地下鉄空港線で福岡空港、天神中洲、ドームへ直★,周囲にコインパーキングが多数　※ホテル前平置／タイムズ福岡合同庁舎／２０時〜８時：５００円：出入不可,博多,https://img.travel.rakuten.co.jp/share/HOTEL/168249/168249.jpg,https://img.travel.rakuten.co.jp/HIMG/90/168249.jpg,,,https://img.travel.rakuten.co.jp/share/HOTEL/168249/168249map.gif,536.0,3.86,"スタッフも笑顔でとても安心できました！お部屋も綺麗で、博多駅からとても近いにも関わらずすごく静かでゆっくり休めました！また利用させてもらいます！　2026-07-29 18:33:30投稿 <a href=""https://img.travel.rakuten.co.jp/image/tr/api/re/gJNfM/?f_hotel_no=168249"" class=""3click"">つづきはこちら</a>",double,禁煙＜シモンズベッド＞ダブルベッドルーム/12時アウト,4301056.0,【素泊まり】博多駅徒歩4分！12時アウト◆全室シモンズ◆フリードリンク◆WiFi完備で快適ステイ,1,0,0,0,0,1,https://img.travel.rakuten.co.jp/image/tr/api/re/IdsCY/?f_no=168249&f_syu=double&f_hi1=2026-10-03&f_hi2=2026-10-04&f_heya_su=1&f_otona_su=1&f_s1=0&f_s2=0&f_y1=0&f_y2=0&f_y3=0&f_y4=0&f_camp_id=4301056,0,2026-10-03,27500,27500,0,2026-10-03,fukuoka
180283,Ｔｈｅ３５８　ＳＯＲＡ,https://img.travel.rakuten.co.jp/image/tr/api/re/pvonD/?f_no=180283,https://img.travel.rakuten.co.jp/image/tr/api/re/vFumt/?f_no=180283&f_flg=PLAN,https://img.travel.rakuten.co.jp/image/tr/api/re/WzozX/?noTomariHotel=180283,https://img.travel.rakuten.co.jp/image/tr/api/re/gJNfM/?f_hotel_no=180283,ざ３５８　そら,2020年11月にオープン！展望大浴場、駐車場が無料でご利用いただけます！,7524,121192.34,469499.77,813-0017,福岡県,福岡市東区香椎照葉6-6-5,092-665-1616,092-665-1617,千早駅、アイランドアイ(ホテル隣接商業施設)間で無料送迎バス運行中。福岡市都市高速『アイランドシティ出口』から車で約1分,"アイランド アイ施設駐車場をご利用いただけます。【一般車両：無料】【大型車：3,850円】",,https://img.travel.rakuten.co.jp/share/HOTEL/180283/180283.jpg,https://img.travel.rakuten.co.jp/HIMG/90/180283.jpg,,,https://img.travel.rakuten.co.jp/share/HOTEL/180283/180283map.gif,1761.0,4.62,"朝食のバイキングもメニューが豊富で、…　2026-09-21 13:37:55投稿 <a href=""https://img.travel.rakuten.co.jp/image/tr/api/re/gJNfM/?f_hotel_no=180283"" class=""3click"">つづきはこちら</a>",fcr,ファミリースイート・ゴルフサーキット,5241990.0,【スタンダード】子供から大人まで楽しめる充実の館内施設♪フリードリンクなどサービスも充実(素泊まり),1,0,0,0,0,1,https://img.travel.rakuten.co.jp/image/tr/api/re/IdsCY/?f_no=180283&f_syu=fcr&f_hi1=2026-10-03&f_hi2=2026-10-04&f_heya_su=1&f_otona_su=1&f_s1=0&f_s2=0&f_y1=0&f_y2=0&f_y3=0&f_y4=0&f_camp_id=5241990,0,2026-10-03,77000,77000,0,2026-10-03,fukuoka
167057,ホテルＷＢＦグランデ博多,https://img.travel.rakuten.co.jp/image/tr/api/re/pvonD/?f_no=167057,https://img.travel.rakuten.co.jp/image/tr/api/re/vFumt/?f_no=167057&f_flg=PLAN,https://img.travel.rakuten.co.jp/image/tr/api/re/WzozX/?noTomariHotel=167057,https://img.travel.rakuten.co.jp/image/tr/api/re/gJNfM/?f_hotel_no=167057,ほてるだぶりゅーびーえふぐらんではかた,朝からカットステーキ食べ放題の朝食ビュッフェ！■大浴場完備■博多駅まで徒歩10分,7905,120894.12,469540.41,812-0016,福岡県,福岡市博多区博多駅南2-2-5,092-452-4123,092-452-4124,西鉄バス博多駅筑紫口より駅東三丁目下車 徒歩1分　博多駅筑紫口（新幹線口）より徒歩 約10分　福岡空港より車で約10分,"立体駐車場有 1泊1,500円 15時〜翌11時 高さ1.55m、横幅1.75m迄　先着順・予約不可",博多,https://img.travel.rakuten.co.jp/share/HOTEL/167057/167057.jpg,https://img.travel.rakuten.co.jp/HIMG/90/167057.jpg,,,https://img.travel.rakuten.co.jp/share/HOTEL/167057/167057map.gif,792.0,3.67,"目の前に安く停められる駐車場があってよかったです。　2026-09-28 19:08:51投稿 <a href=""https://img.travel.rakuten.co.jp/image/tr/api/re/gJNfM/?f_hotel_no=167057"" class=""3click"">つづきはこちら</a>",tn,【禁煙室】スタンダードツインルーム,6579936.0,【楽天スーパーSALE】【スタンダード】最上階スカイラウンジで癒される！シンプルステイ【素泊り】,1,0,0,0,0,1,https://img.travel.rakuten.co.jp/image/tr/api/re/IdsCY/?f_no=167057&f_syu=tn&f_hi1=2026-10-03&f_hi2=2026-10-04&f_heya_su=1&f_otona_su=1&f_s1=0&f_s2=0&f_y1=0&f_y2=0&f_y3=0&f_y4=0&f_camp_id=6579936,0,2026-10-03,34200,34200,0,2026-10-03,fukuoka
76922,博多東急ＲＥＩホテル,https://img.travel.rakuten.co.jp/image/tr/api/re/pvonD/?f_no=76922,https://img.travel.rakuten.co.jp/image/tr/api/re/vFumt/?f_no=76922&f_flg=PLAN,https://img.travel.rakuten.co.jp/image/tr/api/re/WzozX/?noTomariHotel=76922,https://img.travel.rakuten.co.jp/image/tr/api/re/gJNfM/?f_hotel_no=76922,はかたとうきゅうＲＥＩ,空港より地下鉄で1本！博多駅より徒歩約3分,9395,120919.21,469514.04,812-0011,福岡県,福岡市博多区博多駅前1-2-23,092-451-0109,092-451-0188,博多駅「博多口」より徒歩にて約3分/福岡市営地下鉄 博多駅「西6」番出口より徒歩約1分,"先着順12台　1泊1,500円　普通車（幅2.05m×長さ5m×高さ1.55m以内）",博多,https://img.travel.rakuten.co.jp/share/HOTEL/76922/76922.jpg,https://img.travel.rakuten.co.jp/HIMG/90/76922.jpg,https://img.travel.rakuten.co.jp/share/HOTEL/76922/76922_room.jpg,https://img.travel.rakuten.co.jp/HIMG/INTERIOR/76922.jpg,https://img.travel.rakuten.co.jp/share/HOTEL/76922/76922map.gif,3424.0,4.15,"スタッフの皆様も大変優しく、声もかけて頂きましたし、チェックイン前後も荷物預け入れもして下さ…　2026-09-14 11:58:51投稿 <a href=""https://img.travel.rakuten.co.jp/image/tr/api/re/gJNfM/?f_hotel_no=76922"" class=""3click"">つづきはこちら</a>",sban21,シングル　シャワーブース＜禁煙＞,6581335.0,【楽天スーパーSALE】駅近ホテルでのんびり滞在が嬉しいレイトチェックアウト１３時プラン＜素泊り＞,1,0,0,0,0,1,https://img.travel.rakuten.co.jp/image/tr/api/re/IdsCY/?f_no=76922&f_syu=sban21&f_hi1=2026-10-03&f_hi2=2026-10-04&f_heya_su=1&f_otona_su=1&f_s1=0&f_s2=0&f_y1=0&f_y2=0&f_y3=0&f_y4=0&f_camp_id=6581335,0,2026-10-03,40590,40590,0,2026-10-03,fukuoka
548,東洋ホテル＜福岡＞,https://img.travel.rakuten.co.jp/image/tr/api/re/pvonD/?f_no=548,https://img.travel.rakuten.co.jp/image/tr/api/re/vFumt/?f_no=548&f_flg=PLAN,https://img.travel.rakuten.co.jp/image/tr/api/re/WzozX/?noTomariHotel=548,https://img.travel.rakuten.co.jp/image/tr/api/re/gJNfM/?f_hotel_no=548,とうようほてる＜ふくおか＞,★ご宿泊選びに迷ったら！駅チカ・快適TOYOHOTEL★ JR博多駅（筑紫口）より徒歩2分！,5000,120918.98,469530.76,812-0013,福岡県,福岡市博多区博多駅東1-9-36,092-474-1121,092-474-0591,「JR博多駅（筑紫口）より徒歩2分！」福岡空港より約10分　,"『タワーパーキング完備』先着順 1泊1,500円　〈車高・車幅制限あり〉",博多,https://img.travel.rakuten.co.jp/share/HOTEL/548/548.jpg,https://img.travel.rakuten.co.jp/HIMG/90/548.jpg,https://img.travel.rakuten.co.jp/share/HOTEL/548/548_room.jpg,https://img.travel.rakuten.co.jp/HIMG/INTERIOR/548.jpg,https://img.travel.rakuten.co.jp/share/HOTEL/548/548map.gif,4906.0,3.91,,sksks,シングルルーム【禁煙】◇シモンズベッド◇,4165928.0,★☆シンプル-Stay-☆★【素泊】  駅チカ快適♪,2,0,0,0,0,1,https://img.travel.rakuten.co.jp/image/tr/api/re/IdsCY/?f_no=548&f_syu=sksks&f_hi1=2026-10-03&f_hi2=2026-10-04&f_heya_su=1&f_otona_su=1&f_s1=0&f_s2=0&f_y1=0&f_y2=0&f_y3=0&f_y4=0&f_camp_id=4165928,0,2026-10-03,26400,26400,0,2026-10-03,fukuoka
177662,ＴＨＥ　ＢＡＳＩＣＳ　ＦＵＫＵＯＫＡ　（ザ・ベーシックス福岡）,https://img.travel.rakuten.co.jp/image/tr/api/re/pvonD/?f_no=177662,https://img.travel.rakuten.co.jp/image/tr/api/re/vFumt/?f_no=177662&f_flg=PLAN,https://img.travel.rakuten.co.jp/image/tr/api/re/WzozX/?noTomariHotel=177662,https://img.travel.rakuten.co.jp/image/tr/api/re/gJNfM/?f_hotel_no=177662,ざべーしっくすふくおか,★開業4周年★楽天アワード2021・2022ブロンズ受賞★プラン多数☆ビジネスや観光の拠点に最適な立地,8280,120909.39,469545.58,812-0013,福岡県,福岡市博多区博多駅東2-14-1　,092-412-1234,092-414-2490,博多駅より徒歩約７分、福岡空港よりタクシーで15分 、福岡空港から博多駅までは地下鉄で約5分,"有り　駐車料金 1泊1,500円（税込）　午後2時〜翌日正午まで （予約不可・先着50台まで）",博多,https://img.travel.rakuten.co.jp/share/HOTEL/177662/177662.jpg,https://img.travel.rakuten.co.jp/HIMG/90/177662.jpg,,,https://img.travel.rakuten.co.jp/share/HOTEL/177662/177662map.gif,791.0,4.36,"本はロビーのソファでも読めますし、部屋に借りていくこともできて、ゆっくり楽しめました。小説など文…　2026-09-23 20:49:21投稿 <a href=""https://img.travel.rakuten.co.jp/image/tr/api/re/gJNfM/?f_hotel_no=177662"" class=""3click"">つづきはこちら</a>",ch1t,【禁煙】スタンダードツインChapter 1（20平米）,4901828.0,【シンプルステイ】博多駅徒歩７分　観光やビジネスに最適/素泊まり,1,0,0,0,0,1,https://img.travel.rakuten.co.jp/image/tr/api/re/IdsCY/?f_no=177662&f_syu=ch1t&f_hi1=2026-10-03&f_hi2=2026-10-04&f_heya_su=1&f_otona_su=1&f_s1=0&f_s2=0&f_y1=0&f_y2=0&f_y3=0&f_y4=0&f_camp_id=4901828,0,2026-10-03,43700,43700,0,2026-10-03,fukuoka
172316,三井ガーデンホテル福岡祇園,https://img.travel.rakuten.co.jp/image/tr/api/re/pvonD/?f_no=172316,https://img.travel.rakuten.co.jp/image/tr/api/re/vFumt/?f_no=172316&f_flg=PLAN,https://img.travel.rakuten.co.jp/image/tr/api/re/WzozX/?noTomariHotel=172316,https://img.travel.rakuten.co.jp/image/tr/api/re/gJNfM/?f_hotel_no=172316,みついがーでんほてるふくおかぎおん,博多に育まれた文化が香る、上質な設え。非日常へといざなう最上階大浴場の露天風呂でおくつろぎください。,14175,120914.67,469497.32,812-0011,福岡県,福岡市博多区博多駅前2-8-15,092-414-3131,092-414-3101,ＪＲ　博多駅　博多口より徒歩にて約７分,有り　２８台　２，０００円（税込み／泊）　先着順 　車両制限あり。詳細は公式HPをご覧ください。,博多,https://img.travel.rakuten.co.jp/share/HOTEL/172316/172316.jpg,https://img.travel.rakuten.co.jp/HIMG/90/172316.jpg,,,https://img.travel.rakuten.co.jp/share/HOTEL/172316/172316map.gif,713.0,4.42,"ここを起点に、柳川と太宰府に行きました。　2026-09-23 17:35:21投稿 <a href=""https://img.travel.rakuten.co.jp/image/tr/api/re/gJNfM/?f_hotel_no=172316"" class=""3click"">つづきはこちら</a>",stdd2,スタンダードダブル　【禁煙】,6564657.0,【楽天スーパーSALE】ベーシックプラン  ＜素泊り＞ ,1,0,0,0,0,1,https://img.travel.rakuten.co.jp/image/tr/api/re/IdsCY/?f_no=172316&f_syu=stdd2&f_hi1=2026-10-03&f_hi2=2026-10-04&f_heya_su=1&f_otona_su=1&f_s1=0&f_s2=0&f_y1=0&f_y2=0&f_y3=0&f_y4=0&f_camp_id=6564657,0,2026-10-03,63031,63031,0,2026-10-03,fukuoka
67260,ＴＨＥ　ＬＵＩＧＡＮＳ　Ｓｐａ＆Ｒｅｓｏｒｔ(ザ・ルイガンズ.　スパ＆リゾート),https://img.travel.rakuten.co.jp/image/tr/api/re/pvonD/?f_no=67260,https://img.travel.rakuten.co.jp/image/tr/api/re/vFumt/?f_no=67260&f_flg=PLAN,https://img.travel.rakuten.co.jp/image/tr/api/re/WzozX/?noTomariHotel=67260,https://img.travel.rakuten.co.jp/image/tr/api/re/gJNfM/?f_hotel_no=67260,ざ・るいがんず,【福岡で近場リゾート】博多中心部から車で20分！福岡でありながら海外を感じるリゾートホテル！大浴場＆無料バスあり,5175,121174.54,469318.49,811-0321,福岡県,福岡市東区西戸崎18-25,092-603-2525,092-603-2828,博多から車で最短約20分、無料送迎バス、無料駐車場、福岡空港まで最短約30分。JR香椎線「海ノ中道」より徒歩約6分,屋外駐車場有　１００台／宿泊者は無料／予約不要,海ノ中道,https://img.travel.rakuten.co.jp/share/HOTEL/67260/67260.jpg,https://img.travel.rakuten.co.jp/HIMG/90/67260.jpg,https://img.travel.rakuten.co.jp/share/HOTEL/67260/67260_k.jpg,https://img.travel.rakuten.co.jp/HIMG/INTERIOR/67260.jpg,https://img.travel.rakuten.co.jp/share/HOTEL/67260/67260map.gif,2267.0,4.33,"が、他のスタッフのその後の対応に心が暖かくなりまし…　2026-09-28 09:42:21投稿 <a href=""https://img.travel.rakuten.co.jp/image/tr/api/re/gJNfM/?f_hotel_no=67260"" class=""3click"">つづきはこちら</a>",gtox2,グランドツイン（2-5F・禁煙）33平米,5942247.0,【5％OFF】【楽天スーパーSALE】口コミ高評価のリゾート朝食付き！海外を感じるリゾートステイ,1,0,0,1,0,1,https://img.travel.rakuten.co.jp/image/tr/api/re/IdsCY/?f_no=67260&f_syu=gtox2&f_hi1=2026-10-03&f_hi2=2026-10-04&f_heya_su=1&f_otona_su=1&f_s1=0&f_s2=0&f_y1=0&f_y2=0&f_y3=0&f_y4=0&f_camp_id=5942247,0,2026-10-03,53726,53726,0,2026-10-03,fukuoka
140977,ＪＲ九州ホテル　ブラッサム博多中央,https://img.travel.rakuten.co.jp/image/tr/api/re/pvonD/?f_no=140977,https://img.travel.rakuten.co.jp/image/tr/api/re/vFumt/?f_no=140977&f_flg=PLAN,https://img.travel.rakuten.co.jp/image/tr/api/re/WzozX/?noTomariHotel=140977,https://img.travel.rakuten.co.jp/image/tr/api/re/gJNfM/?f_hotel_no=140977,じぇいあーるきゅうしゅうほてるぶらっさむはかたちゅうおう,ＪＲ博多駅博多口から一番近いホテル♪12歳まで添い寝無料！,11590,120911.77,469513.38,812-0011,福岡県,福岡市博多区博多駅前2-2-11,092-477-8739,092-477-8789,JR博多駅博多口より徒歩２分,提携駐車場　２０００円／１７時間。17時間を超える場合、200円／20分。,博多,https://img.travel.rakuten.co.jp/share/HOTEL/140977/140977.jpg,https://img.travel.rakuten.co.jp/HIMG/90/140977.jpg,https://img.travel.rakuten.co.jp/share/HOTEL/140977/140977_kya.jpg,https://img.travel.rakuten.co.jp/HIMG/INTERIOR/140977.jpg,https://img.travel.rakuten.co.jp/share/HOTEL/140977/140977map.gif,1408.0,4.16,"ホテルとは関係無い…　2026-09-08 10:35:53投稿 <a href=""https://img.travel.rakuten.co.jp/image/tr/api/re/gJNfM/?f_hotel_no=140977"" class=""3click"">つづきはこちら</a>",ntd1,◇禁煙◇デラックスツイン 1名,5878907.0,【9％OFF】【楽天スーパーSALE】博多駅博多口から一番近いホテルで福岡旅行を満喫（食事なし）,1,0,0,0,0,1,https://img.travel.rakuten.co.jp/image/tr/api/re/IdsCY/?f_no=140977&f_syu=ntd1&f_hi1=2026-10-03&f_hi2=2026-10-04&f_heya_su=1&f_otona_su=1&f_s1=0&f_s2=0&f_y1=0&f_y2=0&f_y3=0&f_y4=0&f_camp_id=5878907,0,2026-10-03,63860,63860,0,2026-10-03,fukuoka
149112,照葉スパリゾート,https://img.travel.rakuten.co.jp/image/tr/api/re/pvonD/?f_no=149112,https://img.travel.rakuten.co.jp/image/tr/api/re/vFumt/?f_no=149112&f_flg=PLAN,,https://img.travel.rakuten.co.jp/image/tr/api/re/gJNfM/?f_hotel_no=149112,てりはすぱりぞーと,九州最大級の温浴施設を併設！趣向を凝らしたスパや岩盤房、リラックススペースでくつろぎのひとときをお楽しみください。 ,11380,121185.19,469508.48,813-0017,福岡県,福岡市東区香椎照葉5-2-15,092-683-1010,092-683-1018,千早駅よりお車にて約１５分,有り　　宿泊者無料 ※コインパーキング。宿泊者は無料処理致します。乗用車のみ駐車可。,,https://img.travel.rakuten.co.jp/share/HOTEL/149112/149112.jpg,https://img.travel.rakuten.co.jp/HIMG/90/149112.jpg,,,https://img.travel.rakuten.co.jp/share/HOTEL/149112/149112map.gif,507.0,4.07,"水風呂が壊れていた　厳しい　2026-09-23 20:25:56投稿 <a href=""https://img.travel.rakuten.co.jp/image/tr/api/re/gJNfM/?f_hotel_no=149112"" class=""3click"">つづきはこちら</a>",cb,スタンダードキャビンルーム【男性専用】,4674834.0,【男性専用】朝食付き　スタンダートキャビンプラン,1,0,0,0,0,1,https://img.travel.rakuten.co.jp/image/tr/api/re/IdsCY/?f_no=149112&f_syu=cb&f_hi1=2026-10-03&f_hi2=2026-10-04&f_heya_su=1&f_otona_su=1&f_s1=0&f_s2=0&f_y1=0&f_y2=0&f_y3=0&f_y4=0&f_camp_id=4674834,0,2026-10-03,20200,20200,0,2026-10-03,fukuoka
168722,オリエンタルホテル福岡　博多ステーション,https://img.travel.rakuten.co.jp/image/tr/api/re/pvonD/?f_no=168722,https://img.travel.rakuten.co.jp/image/tr/api/re/vFumt/?f_no=168722&f_flg=PLAN,https://img.travel.rakuten.co.jp/image/tr/api/re/WzozX/?noTomariHotel=168722,https://img.travel.rakuten.co.jp/image/tr/api/re/gJNfM/?f_hotel_no=168722,おりえんたるほてるふくおか　はかたすてーしょん,【JR博多駅隣接＆地下鉄博多駅直結】朝食レストランがグランドオープン☆ホテルこだわりの朝食ブッフェをお愉しみください！,12087,120914.18,469527.51,812-0012,福岡県,福岡市博多区博多駅中央街4-23,092-461-0170,092-461-0171,JR「博多駅」筑紫口から徒歩1分。福岡空港から地下鉄空港線で所要時間5分＆地下鉄「博多駅」直結,"Dパーキング(ホテル1F)/オオイパーキング博多駅東(竹下通り向かい):24H2,000円※予約不可",博多,https://img.travel.rakuten.co.jp/share/HOTEL/168722/168722.jpg,https://img.travel.rakuten.co.jp/HIMG/90/168722.jpg,,,https://img.travel.rakuten.co.jp/share/HOTEL/168722/168722map.gif,449.0,4.14,"博多駅すぐの高立地が決め手でした。大人2人＆子供2人で一泊しました。リノベーションされているようでしたが建物が古い感じがしました。そして土曜日とはいえ一泊8万円とはとても高額でその割に部屋は普通でした…　2026-07-12 09:45:56投稿 <a href=""https://img.travel.rakuten.co.jp/image/tr/api/re/gJNfM/?f_hotel_no=168722"" class=""3click"">つづきはこちら</a>",stdb,■スタンダードダブル 15.5平米（禁煙・シャワーブース）,6578210.0,【楽天スーパーSALE】秋冬の福岡旅におすすめ☆博多駅直結＆スマートTV完備（朝食ブッフェ付）,1,0,0,1,0,1,https://img.travel.rakuten.co.jp/image/tr/api/re/IdsCY/?f_no=168722&f_syu=stdb&f_hi1=2026-10-03&f_hi2=2026-10-04&f_heya_su=1&f_otona_su=1&f_s1=0&f_s2=0&f_y1=0&f_y2=0&f_y3=0&f_y4=0&f_camp_id=6578210,0,2026-10-03,46710,46710,0,2026-10-03,fukuoka
181717,ホテルリブマックス博多駅前,https://img.travel.rakuten.co.jp/image/tr/api/re/pvonD/?f_no=181717,https://img.travel.rakuten.co.jp/image/tr/api/re/vFumt/?f_no=181717&f_flg=PLAN,https://img.travel.rakuten.co.jp/image/tr/api/re/WzozX/?noTomariHotel=181717,https://img.travel.rakuten.co.jp/image/tr/api/re/gJNfM/?f_hotel_no=181717,ほてるりぶまっくすはかたえきまえ,【2020年12月OPEN】「博多駅」徒歩5分　加湿空気清浄機＆電子レンジなど充実のルームコンテンツ,4930,120913.17,469500.65,812-0011,福岡県,福岡市博多区博多駅前2-7-9,092-419-2280,092-419-2281,「博多」駅より徒歩5分,無し※近隣にコインパーキング多数あり！,博多,https://img.travel.rakuten.co.jp/share/HOTEL/181717/181717.jpg,https://img.travel.rakuten.co.jp/HIMG/90/181717.jpg,,,https://img.travel.rakuten.co.jp/share/HOTEL/181717/181717map.gif,318.0,3.66,"部屋が広くて、冷蔵庫も大きく、洗濯機やレンジも部屋にありました。お風呂とトイレも別です。子供と泊まるにはとっても良いホテルでした。博多駅からは少し歩きますが、地下鉄の駅が近いです。　2026-08-16 20:29:18投稿 <a href=""https://img.travel.rakuten.co.jp/image/tr/api/re/gJNfM/?f_hotel_no=181717"" class=""3click"">つづきはこちら</a>",sin-s,【スタンダードシングルルーム】禁煙/定員２名/１２平米,5721718.0,【リブマックスセール】《15％OFF》ホテルリブマックス博多駅前【素泊り】,1,0,0,0,0,1,https://img.travel.rakuten.co.jp/image/tr/api/re/IdsCY/?f_no=181717&f_syu=sin-s&f_hi1=2026-10-03&f_hi2=2026-10-04&f_heya_su=1&f_otona_su=1&f_s1=0&f_s2=0&f_y1=0&f_y2=0&f_y3=0&f_y4=0&f_camp_id=5721718,0,2026-10-03,40162,40162,0,2026-10-03,fukuoka
182516,ホテルジャパネスク福岡,https://img.travel.rakuten.co.jp/image/tr/api/re/pvonD/?f_no=182516,https://img.travel.rakuten.co.jp/image/tr/api/re/vFumt/?f_no=182516&f_flg=PLAN,,https://img.travel.rakuten.co.jp/image/tr/api/re/gJNfM/?f_hotel_no=182516,ほてるじゃぱねすくふくおか,サウナ、プール、カラオケ、会議室有！バストラックSUV敷地内駐車場有！アメニティバー充実,3270,121041.93,469526.88,812-0053,福岡県,福岡市東区箱崎6-18-12,092-645-2080,092-643-1001,"福岡空港駅よりお車にて約12分／博多駅よりお車にて約14分／駐車場約23台分完備（事前予約不可・1泊1,100円）","駐車場約40台分完備1泊1,100円、 大型車,トラック、バス1日3,300円",福岡空港,https://img.travel.rakuten.co.jp/share/HOTEL/182516/182516.jpg,https://img.travel.rakuten.co.jp/HIMG/90/182516.jpg,,,https://img.travel.rakuten.co.jp/share/HOTEL/182516/182516map.gif,321.0,3.4,"大学の友達6人で利用しました!!部屋が思ってたよりも広かったから、それぞれ荷物を広げても窮屈さはなかったです!!みんなでゆっくり過ごせるスペースもあって、みんなでトランプしたりして楽しく過ごせたし、受…　2026-09-09 21:52:25投稿 <a href=""https://img.travel.rakuten.co.jp/image/tr/api/re/gJNfM/?f_hotel_no=182516"" class=""3click"">つづきはこちら</a>",pv1,モデレートダブル(禁煙) プールビュー,5909639.0,【素泊り】Wベッド、ソファベッド完備★サウナプール無料・全室バルコニー、大型車チェックアウト11時,1,0,0,0,0,1,https://img.travel.rakuten.co.jp/image/tr/api/re/IdsCY/?f_no=182516&f_syu=pv1&f_hi1=2026-10-03&f_hi2=2026-10-04&f_heya_su=1&f_otona_su=1&f_s1=0&f_s2=0&f_y1=0&f_y2=0&f_y3=0&f_y4=0&f_camp_id=5909639,0,2026-10-03,24300,24300,0,2026-10-03,fukuoka
2960,ＪＲ九州ホテル　ブラッサム福岡,https://img.travel.rakuten.co.jp/image/tr/api/re/pvonD/?f_no=2960,https://img.travel.rakuten.co.jp/image/tr/api/re/vFumt/?f_no=2960&f_flg=PLAN,https://img.travel.rakuten.co.jp/image/tr/api/re/WzozX/?noTomariHotel=2960,https://img.travel.rakuten.co.jp/image/tr/api/re/gJNfM/?f_hotel_no=2960,じぇいあーるきゅうしゅうほてる　ぶらっさむふくおか,【博多駅筑紫口より徒歩2分】観光やビジネスの拠点に最適・空港へのアクセスも抜群｜エントリーでポイント10倍「得旅」参加中,11760,120910.62,469533.11,812-0013,福岡県,福岡市博多区博多駅東2-2-4,092-413-8787,092-413-9746,ＪＲ利用：ＪＲ博多駅筑紫口から徒歩2分。/飛行機利用：地下鉄空港線博多駅下車、筑紫口側東7番出口徒歩1分,提携の立体駐車場へご案内します。(徒歩1分、1500円/24ｈ、車体制限あり）,博多,https://img.travel.rakuten.co.jp/share/HOTEL/2960/2960.jpg,https://img.travel.rakuten.co.jp/HIMG/90/2960.jpg,https://img.travel.rakuten.co.jp/share/HOTEL/2960/2960_he.jpg,https://img.travel.rakuten.co.jp/HIMG/INTERIOR/2960.jpg,https://img.travel.rakuten.co.jp/share/HOTEL/2960/2960map.gif,1686.0,3.97,,20nsy1,【禁煙】スタンダードシングル 1名（ベッド幅120cm）,5815654.0,【スタンダード】博多駅より徒歩2分の好立地！クラシカルな空間で過ごす贅沢なひととき（食事なし）　,1,0,0,0,0,1,https://img.travel.rakuten.co.jp/image/tr/api/re/IdsCY/?f_no=2960&f_syu=20nsy1&f_hi1=2026-10-03&f_hi2=2026-10-04&f_heya_su=1&f_otona_su=1&f_s1=0&f_s2=0&f_y1=0&f_y2=0&f_y3=0&f_y4=0&f_camp_id=5815654,0,2026-10-03,31240,31240,0,2026-10-03,fukuoka
165238,ネストホテル博多駅前,https://img.travel.rakuten.co.jp/image/tr/api/re/pvonD/?f_no=165238,https://img.travel.rakuten.co.jp/image/tr/api/re/vFumt/?f_no=165238&f_flg=PLAN,https://img.travel.rakuten.co.jp/image/tr/api/re/WzozX/?noTomariHotel=165238,https://img.travel.rakuten.co.jp/image/tr/api/re/gJNfM/?f_hotel_no=165238,ねすとほてるはかたえきまえ,【全館・全室・完全禁煙】博多駅前の好立地。睡眠環境にこだわった、安らぎの時間が流れるホテル。,6745,120917.91,469507.1,812-0011,福岡県,福岡市博多区博多駅前2-11-27,092-260-1695,092-260-1491,ＪＲ博多駅の博多口をでて徒歩にて約５分。　　空港からは地下鉄祇園駅で下車、連絡通路Ｐ４出口から徒歩にて約1分。,"有り　2台　1,500円（税込み／泊）　先着順 予約不可",博多,https://img.travel.rakuten.co.jp/share/HOTEL/165238/165238.jpg,https://img.travel.rakuten.co.jp/HIMG/90/165238.jpg,,,https://img.travel.rakuten.co.jp/share/HOTEL/165238/165238map.gif,337.0,3.76,"値段相応かなと思います　2026-09-28 12:27:19投稿 <a href=""https://img.travel.rakuten.co.jp/image/tr/api/re/gJNfM/?f_hotel_no=165238"" class=""3click"">つづきはこちら</a>",sb,【禁煙/12平米/ベッド幅140】ダブルルーム【1名利用】,6560197.0,【楽天スーパーSALE】スタンダードプラン【食事なし】,1,0,0,0,0,1,https://img.travel.rakuten.co.jp/image/tr/api/re/IdsCY/?f_no=165238&f_syu=sb&f_hi1=2026-10-03&f_hi2=2026-10-04&f_heya_su=1&f_otona_su=1&f_s1=0&f_s2=0&f_y1=0&f_y2=0&f_y3=0&f_y4=0&f_camp_id=6560197,0,2026-10-03,43700,43700,0,2026-10-03,fukuoka
182870,リアリティ博多２,https://img.travel.rakuten.co.jp/image/tr/api/re/pvonD/?f_no=182870,https://img.travel.rakuten.co.jp/image/tr/api/re/vFumt/?f_no=182870&f_flg=PLAN,,https://img.travel.rakuten.co.jp/image/tr/api/re/gJNfM/?f_hotel_no=182870,りありてぃはかた２,リノベーションを行いました！最大約42㎡の開放感あるお部屋！博多駅までの利便性◎ワーケーションや長期利用にもおすすめ！,4900,120925.71,469536.3,812-0043,福岡県,福岡市博多区堅粕5-8-15,092-645-2080,092-724-3609,ＪＲ　博多駅筑紫口から徒歩約６分,近隣にコインパーキング有り,博多,https://img.travel.rakuten.co.jp/share/HOTEL/182870/182870.jpg,https://img.travel.rakuten.co.jp/HIMG/90/182870.jpg,,,https://img.travel.rakuten.co.jp/share/HOTEL/182870/182870map.gif,51.0,3.19,,db805,【禁煙】ダブルルーム805,5672116.0,【素泊まり】自宅のように過ごせる部屋！家族やグループ旅行オススメ！博多駅筑紫口より徒歩6分（通年）,1,0,0,0,0,2,https://img.travel.rakuten.co.jp/image/tr/api/re/IdsCY/?f_no=182870&f_syu=db805&f_hi1=2026-10-03&f_hi2=2026-10-04&f_heya_su=1&f_otona_su=1&f_s1=0&f_s2=0&f_y1=0&f_y2=0&f_y3=0&f_y4=0&f_camp_id=5672116,0,2026-10-03,24000,24000,0,2026-10-03,fukuoka
180377,ＢＵＮＳＨＯＤＯ　ＨＯＴＥＬ,https://img.travel.rakuten.co.jp/image/tr/api/re/pvonD/?f_no=180377,https://img.travel.rakuten.co.jp/image/tr/api/re/vFumt/?f_no=180377&f_flg=PLAN,https://img.travel.rakuten.co.jp/image/tr/api/re/WzozX/?noTomariHotel=180377,https://img.travel.rakuten.co.jp/image/tr/api/re/gJNfM/?f_hotel_no=180377,ぶんしょうどう　ほてる,【博多駅より徒歩５分】書籍を寄贈できるアーカイブホテル&カフェ。,3850,120916.28,469503.28,812-0011,福岡県,福岡市博多区博多駅前2-12-13,050-1724-2006,092-235-3903,博多駅博多口より徒歩にて約５分／地下鉄空港線祇園Ｐ２番出口より徒歩にて約３分,お得な駐車券販売中＜徒歩３分 【セイワパーク博多駅前】1枚1100円／最大17時間利用可能＞,博多,https://img.travel.rakuten.co.jp/share/HOTEL/180377/180377.jpg,https://img.travel.rakuten.co.jp/HIMG/90/180377.jpg,,,https://img.travel.rakuten.co.jp/share/HOTEL/180377/180377map.gif,107.0,3.73,"ロケーションもよく、朝食も美味しく、とても気持ちよく過ごせました。ただ、アメニティに髭用カミソリとないとウェアが欲しかったこと、ベッド柔らか過ぎたので私には一般にいうところのスタンダードだったら嬉しか…　2026-09-11 17:56:01投稿 <a href=""https://img.travel.rakuten.co.jp/image/tr/api/re/gJNfM/?f_hotel_no=180377"" class=""3click"">つづきはこちら</a>",ecod,◆ダブルルーム【トイレ・シャワー共有】,4835812.0,◆【直前割】間際のご予約でお得　本と人をつなぐホテル　〜素泊り,1,0,0,0,0,1,https://img.travel.rakuten.co.jp/image/tr/api/re/IdsCY/?f_no=180377&f_syu=ecod&f_hi1=2026-10-03&f_hi2=2026-10-04&f_heya_su=1&f_otona_su=1&f_s1=0&f_s2=0&f_y1=0&f_y2=0&f_y3=0&f_y4=0&f_camp_id=4835812,0,2026-10-03,26278,26278,0,2026-10-03,fukuoka
184444,プリンス　スマート　イン　博多,https://img.travel.rakuten.co.jp/image/tr/api/re/pvonD/?f_no=184444,https://img.travel.rakuten.co.jp/image/tr/api/re/vFumt/?f_no=184444&f_flg=PLAN,https://img.travel.rakuten.co.jp/image/tr/api/re/WzozX/?noTomariHotel=184444,https://img.travel.rakuten.co.jp/image/tr/api/re/gJNfM/?f_hotel_no=184444,ぷりんすすまーといんはかた,JR博多駅・博多口より徒歩約5分。新幹線・福岡空港からアクセス便利！観光や出張の拠点に。,7602,120906.64,469505.24,812-0011,福岡県,福岡市博多区博多駅前三丁目21番４号,0570-074-206,092-482-3111,JR博多駅・博多口より徒歩約5分。新幹線・福岡空港からアクセス便利！観光にもビジネスにもおすすめです。,"1泊 1,300円　※先着順 ※お支払いはご宿泊日当日クレジットカードでのご精算",博多,https://img.travel.rakuten.co.jp/share/HOTEL/184444/184444.jpg,https://img.travel.rakuten.co.jp/HIMG/90/184444.jpg,,,https://img.travel.rakuten.co.jp/share/HOTEL/184444/184444map.gif,167.0,4.07,"立地もいいので博多に行く際はまた利用します。　2026-09-14 16:52:49投稿 <a href=""https://img.travel.rakuten.co.jp/image/tr/api/re/gJNfM/?f_hotel_no=184444"" class=""3click"">つづきはこちら</a>",roh,【禁煙】お部屋タイプ指定なし,6122741.0,【お部屋タイプおまかせ】 無料朝食付き,1,0,0,0,0,2,https://img.travel.rakuten.co.jp/image/tr/api/re/IdsCY/?f_no=184444&f_syu=roh&f_hi1=2026-10-03&f_hi2=2026-10-04&f_heya_su=1&f_otona_su=1&f_s1=0&f_s2=0&f_y1=0&f_y2=0&f_y3=0&f_y4=0&f_camp_id=6122741,0,2026-10-03,33034,33034,0,2026-10-03,fukuoka
198736,ＥＲＵＺＡ　ＨＡＫＡＴＡ,https://img.travel.rakuten.co.jp/image/tr/api/re/pvonD/?f_no=198736,https://img.travel.rakuten.co.jp/image/tr/api/re/vFumt/?f_no=198736&f_flg=PLAN,,https://img.travel.rakuten.co.jp/image/tr/api/re/gJNfM/?f_hotel_no=198736,えるざ はかた,無人運営のスマートステイ。 人に会わず、スムーズに泊まれる宿。,3080,120888.61,469543.92,812-0016,福岡県,福岡市博多区博多駅南3-5-1,050-1792-1989,--,「博多駅」より徒歩約12分。車で約3分 / 福岡都市高速環状線半道橋ICより約9分,なし,博多,https://img.travel.rakuten.co.jp/share/HOTEL/198736/198736.jpg,https://img.travel.rakuten.co.jp/HIMG/90/198736.jpg,,,https://img.travel.rakuten.co.jp/share/HOTEL/198736/198736map.gif,13.0,4.23,,stdw2,スタンダードダブル (洗濯乾燥機付き),6440691.0,【返金不可】素泊まり / シンプルステイ,1,0,0,0,0,2,https://img.travel.rakuten.co.jp/image/tr/api/re/IdsCY/?f_no=198736&f_syu=stdw2&f_hi1=2026-10-03&f_hi2=2026-10-04&f_heya_su=1&f_otona_su=1&f_s1=0&f_s2=0&f_y1=0&f_y2=0&f_y3=0&f_y4=0&f_camp_id=6440691,0,2026-10-03,25000,25000,0,2026-10-03,fukuoka
172008,ホテルリブマックス博多駅南,https://img.travel.rakuten.co.jp/image/tr/api/re/pvonD/?f_no=172008,https://img.travel.rakuten.co.jp/image/tr/api/re/vFumt/?f_no=172008&f_flg=PLAN,https://img.travel.rakuten.co.jp/image/tr/api/re/WzozX/?noTomariHotel=172008,https://img.travel.rakuten.co.jp/image/tr/api/re/gJNfM/?f_hotel_no=172008,りぶまっくすはかたえきみなみ,2018年11月グランドオープン！博多駅前Ｃからバスで駅南三丁目下車徒歩1分！でホテル到着,4760,120884.93,469537.32,812-0016,福岡県,福岡市博多区博多駅南3-7-32,092-433-0400,092-433-0401,山陽新幹線／ＪＲ鹿児島本線／地下鉄空港線　博多駅筑紫口東6番より徒歩にて約１2分,なし,博多,https://img.travel.rakuten.co.jp/share/HOTEL/172008/172008.jpg,https://img.travel.rakuten.co.jp/HIMG/90/172008.jpg,,,https://img.travel.rakuten.co.jp/share/HOTEL/172008/172008map.gif,216.0,3.13,"室内も綺麗でした。　2026-09-09 15:13:12投稿 <a href=""https://img.travel.rakuten.co.jp/image/tr/api/re/gJNfM/?f_hotel_no=172008"" class=""3click"">つづきはこちら</a>",sb-sr,★シングルルーム★喫煙★セミダブルベッド,5741375.0,【リブマックスセール】《15％OFF》ホテルリブマックス博多駅南【素泊り】,1,0,0,0,0,1,https://img.travel.rakuten.co.jp/image/tr/api/re/IdsCY/?f_no=172008&f_syu=sb-sr&f_hi1=2026-10-03&f_hi2=2026-10-04&f_heya_su=1&f_otona_su=1&f_s1=0&f_s2=0&f_y1=0&f_y2=0&f_y3=0&f_y4=0&f_camp_id=5741375,0,2026-10-03,34000,34000,0,2026-10-03,fukuoka
38630,二日市温泉　大丸別荘,https://img.travel.rakuten.co.jp/image/tr/api/re/pvonD/?f_no=38630,https://img.travel.rakuten.co.jp/image/tr/api/re/vFumt/?f_no=38630&f_flg=PLAN,https://img.travel.rakuten.co.jp/image/tr/api/re/WzozX/?noTomariHotel=38630,https://img.travel.rakuten.co.jp/image/tr/api/re/gJNfM/?f_hotel_no=38630,ふつかいちおんせん　だいまるべっそう,博多・天神から程近い場所にあり、お部屋食が可能なプランもございます。二日市温泉をご堪能下さい。,11350,120552.68,469860.0,818-0058,福岡県,筑紫野市湯町1-20-1,0120-026-145,092-924-4126,「福岡空港」より高速バスで約30分　「博多駅」よりＪＲ線利用で20分　「福岡天神駅」より西鉄電車利用で30分,無料駐車場有り（先着6０台）,二日市,https://img.travel.rakuten.co.jp/share/HOTEL/38630/38630.jpg,https://img.travel.rakuten.co.jp/HIMG/90/38630.jpg,https://img.travel.rakuten.co.jp/share/HOTEL/38630/38630_he.jpg,https://img.travel.rakuten.co.jp/HIMG/INTERIOR/38630.jpg,https://img.travel.rakuten.co.jp/share/HOTEL/38630/38630map.gif,494.0,4.67,"「平安亭」に宿泊しました。情緒あふれるお庭と滑らかな源泉掛け流しの温泉が最高！夕食の会席料理や朝食も美味しくいただき、家族みんなで贅沢な時間を過ごせました。接客も丁寧で大満足です。　2026-09-28 22:32:47投稿 <a href=""https://img.travel.rakuten.co.jp/image/tr/api/re/gJNfM/?f_hotel_no=38630"" class=""3click"">つづきはこちら</a>",j,【平安亭】（10畳+８畳+リビング）,6236466.0,【事前カード決済限定/返金不可】素泊りプラン【源泉かけ流し天然温泉を満喫】,1,0,0,0,0,2,https://img.travel.rakuten.co.jp/image/tr/api/re/IdsCY/?f_no=38630&f_syu=j&f_hi1=2026-10-03&f_hi2=2026-10-04&f_heya_su=1&f_otona_su=1&f_s1=0&f_s2=0&f_y1=0&f_y2=0&f_y3=0&f_y4=0&f_camp_id=6236466,0,2026-10-03,60165,60165,0,2026-10-03,fukuoka
182102,ＥＮ　ＨＯＴＥＬ　Ｈａｋａｔａ（エンホテル博多）,https://img.travel.rakuten.co.jp/image/tr/api/re/pvonD/?f_no=182102,https://img.travel.rakuten.co.jp/image/tr/api/re/vFumt/?f_no=182102&f_flg=PLAN,https://img.travel.rakuten.co.jp/image/tr/api/re/WzozX/?noTomariHotel=182102,https://img.travel.rakuten.co.jp/image/tr/api/re/gJNfM/?f_hotel_no=182102,えん　ほてる　はかた,博多駅（JR・地下鉄）徒歩7分、櫛田神社前駅（地下鉄）徒歩2分、キャナルシティ徒歩2分。スマートTV、Wifi全室完備。,3940,120911.92,469496.68,812-0011,福岡県,福岡市博多区博多駅前3-30-25,092-461-0505,092-475-2680,博多駅（JR・地下鉄）徒歩7分・櫛田神社前駅（地下鉄）徒歩2分,提携駐車場なし。近隣コインパーキング参照,博多,https://img.travel.rakuten.co.jp/share/HOTEL/182102/182102.jpg,https://img.travel.rakuten.co.jp/HIMG/90/182102.jpg,,,https://img.travel.rakuten.co.jp/share/HOTEL/182102/182102map.gif,243.0,3.83,"スタッフさんの対応がとても親切でした。　2026-07-20 12:49:37投稿 <a href=""https://img.travel.rakuten.co.jp/image/tr/api/re/gJNfM/?f_hotel_no=182102"" class=""3click"">つづきはこちら</a>",es,EN Single,5879892.0,◆【返金不可】事前決済限定Non Refundableプラン＊　素泊まり◆,1,0,0,0,0,2,https://img.travel.rakuten.co.jp/image/tr/api/re/IdsCY/?f_no=182102&f_syu=es&f_hi1=2026-10-03&f_hi2=2026-10-04&f_heya_su=1&f_otona_su=1&f_s1=0&f_s2=0&f_y1=0&f_y2=0&f_y3=0&f_y4=0&f_camp_id=5879892,0,2026-10-03,24990,24990,0,2026-10-03,fukuoka
172700,ＥＩＷＡ　ＰＬＡＣＥ　ＨＯＴＥＬ　ＨＡＫＡＴＡ,https://img.travel.rakuten.co.jp/image/tr/api/re/pvonD/?f_no=172700,https://img.travel.rakuten.co.jp/image/tr/api/re/vFumt/?f_no=172700&f_flg=PLAN,https://img.travel.rakuten.co.jp/image/tr/api/re/WzozX/?noTomariHotel=172700,https://img.travel.rakuten.co.jp/image/tr/api/re/gJNfM/?f_hotel_no=172700,えいわ　ぷれいす　ほてる　はかた,全ての客室にＷｉＦｉ、テレビ、冷蔵庫が完備された快適なホテルです。マリンメッセ福岡・サンパレス福岡でのコンサートに最適！,1885,120961.07,469473.07,812-0033,福岡県,福岡市博多区大博町11-10,092-409-4892, ,呉服町駅より徒歩にて約１１分,専用駐車場・提携駐車場はございません。 公式サイトから、近隣のコインパーキングをご確認下さい。,呉服町（福岡）,https://img.travel.rakuten.co.jp/share/HOTEL/172700/172700.jpg,https://img.travel.rakuten.co.jp/HIMG/90/172700.jpg,https://img.travel.rakuten.co.jp/share/HOTEL/172700/172700_kan1.jpg,https://img.travel.rakuten.co.jp/HIMG/INTERIOR/172700.jpg,https://img.travel.rakuten.co.jp/share/HOTEL/172700/172700map.gif,75.0,3.57,"これからは、こういう無人のホテルが増えるのか。時期を考えればしょうがないのか、部屋もそんなに綺麗じゃないし、チェックイン・アウトのこの方法を考えると…　2026-09-23 23:13:47投稿 <a href=""https://img.travel.rakuten.co.jp/image/tr/api/re/gJNfM/?f_hotel_no=172700"" class=""3click"">つづきはこちら</a>",002,ダブルA,6602570.0,【楽天スーパーSALE】【素泊まり】スタンダードプラン「迷ったらコレ！」,1,0,0,0,0,2,https://img.travel.rakuten.co.jp/image/tr/api/re/IdsCY/?f_no=172700&f_syu=002&f_hi1=2026-10-03&f_hi2=2026-10-04&f_heya_su=1&f_otona_su=1&f_s1=0&f_s2=0&f_y1=0&f_y2=0&f_y3=0&f_y4=0&f_camp_id=6602570,0,2026-10-03,30000,30000,0,2026-10-03,fukuoka
197236,Ａｄｖａｎｃｅｄ　Ｓｔａｙ　Ｈａｋａｔａ,https://img.travel.rakuten.co.jp/image/tr/api/re/pvonD/?f_no=197236,https://img.travel.rakuten.co.jp/image/tr/api/re/vFumt/?f_no=197236&f_flg=PLAN,,https://img.travel.rakuten.co.jp/image/tr/api/re/gJNfM/?f_hotel_no=197236,あどばんすどすていはかた,2025年8月アパートメントホテルがリニューアルオープン！,2263,120882.44,469504.56,812-0018,福岡県,福岡市博多区住吉5-18-19,092-409-4892,092-401-1057,博多駅より徒歩約１５分,無し,博多,https://img.travel.rakuten.co.jp/share/HOTEL/197236/197236.jpg,https://img.travel.rakuten.co.jp/HIMG/90/197236.jpg,,,https://img.travel.rakuten.co.jp/share/HOTEL/197236/197236map.gif,5.0,2.6,,chito,スーペリアダブルC,6602888.0,【楽天スーパーSALE】【素泊まり】スタンダードプラン「迷ったらコレ！」,1,0,0,0,0,2,https://img.travel.rakuten.co.jp/image/tr/api/re/IdsCY/?f_no=197236&f_syu=chito&f_hi1=2026-10-03&f_hi2=2026-10-04&f_heya_su=1&f_otona_su=1&f_s1=0&f_s2=0&f_y1=0&f_y2=0&f_y3=0&f_y4=0&f_camp_id=6602888,0,2026-10-03,22751,22751,0,2026-10-03,fukuoka
177451,クインテッサホテル福岡博多　Ｒｅｌａｘ＆Ｓｌｅｅｐ,https://img.travel.rakuten.co.jp/image/tr/api/re/pvonD/?f_no=177451,https://img.travel.rakuten.co.jp/image/tr/api/re/vFumt/?f_no=177451&f_flg=PLAN,https://img.travel.rakuten.co.jp/image/tr/api/re/WzozX/?noTomariHotel=177451,https://img.travel.rakuten.co.jp/image/tr/api/re/gJNfM/?f_hotel_no=177451,くいんてっさほてるふくおかはかた　りらっくす　あんど　すりーぷ,2023年5月1日リブランドオープン！博多駅から徒歩7分の好立地。スランバー社製ベッドやアロマストーンで上質な睡眠を。,6200,120901.78,469537.78,812-0013,福岡県,福岡市博多区博多駅東2-9-29,092-292-6728,092-292-6729,博多駅より徒歩にて約７分。福岡空港から地下鉄空港線経由で約25分。,無し,博多,https://img.travel.rakuten.co.jp/share/HOTEL/177451/177451.jpg,https://img.travel.rakuten.co.jp/HIMG/90/177451.jpg,,,https://img.travel.rakuten.co.jp/share/HOTEL/177451/177451map.gif,198.0,4.11,"早朝アウトの時、キードロップで良いのかと相方と話してたら天使のような可愛いスタッフが有り難う御座いましたと現れた。朝から…　2025-12-10 21:40:25投稿 <a href=""https://img.travel.rakuten.co.jp/image/tr/api/re/gJNfM/?f_hotel_no=177451"" class=""3click"">つづきはこちら</a>",qan,スタンダードクイーン,5692905.0,【スタンダードプラン】上質な睡眠・出張の疲れを癒します。(素泊まり),1,0,0,0,0,1,https://img.travel.rakuten.co.jp/image/tr/api/re/IdsCY/?f_no=177451&f_syu=qan&f_hi1=2026-10-03&f_hi2=2026-10-04&f_heya_su=1&f_otona_su=1&f_s1=0&f_s2=0&f_y1=0&f_y2=0&f_y3=0&f_y4=0&f_camp_id=5692905,0,2026-10-03,34000,34000,0,2026-10-03,fukuoka
172657,ＪＡＭ　ＨＯＳＴＥＬ博多駅前（ＪＡＭ　ＨＯＳＴＥＬ　Ｈａｋａｔａ　Ｓｔａｔｉｏｎ　Ｆｒｏｎｔ）,https://img.travel.rakuten.co.jp/image/tr/api/re/pvonD/?f_no=172657,https://img.travel.rakuten.co.jp/image/tr/api/re/vFumt/?f_no=172657&f_flg=PLAN,,https://img.travel.rakuten.co.jp/image/tr/api/re/gJNfM/?f_hotel_no=172657,じゃむほすてるはかたえきまえ（じゃむほすてるはかたすてーしょんふろんと）,博多駅より徒歩6分。博多駅から1番近いゲストハウスです(*^-^*) 珍しいモーニングチェックインOK♪,3150,120896.08,469519.11,812-0011,福岡県,福岡市博多区博多駅前4-17-22,070-7528-6474,000-000-0000,ＪＲ　博多駅より徒歩にて約６分,近くのコインパーキングをご紹介します。,博多,https://img.travel.rakuten.co.jp/share/HOTEL/172657/172657.jpg,https://img.travel.rakuten.co.jp/HIMG/90/172657.jpg,https://img.travel.rakuten.co.jp/share/HOTEL/172657/172657_kan1.jpg,https://img.travel.rakuten.co.jp/HIMG/INTERIOR/172657.jpg,https://img.travel.rakuten.co.jp/share/HOTEL/172657/172657map.gif,65.0,3.29,"洗面台やシャワー、トイレは…　2026-09-14 13:50:21投稿 <a href=""https://img.travel.rakuten.co.jp/image/tr/api/re/gJNfM/?f_hotel_no=172657"" class=""3click"">つづきはこちら</a>",207,男女共用ドミトリー　二段ベッド1名分,4435809.0,ドミトリールーム　オンライン決済プラン♪　【禁煙】 通常の予約よりお得です！,1,0,0,0,0,2,https://img.travel.rakuten.co.jp/image/tr/api/re/IdsCY/?f_no=172657&f_syu=207&f_hi1=2026-10-03&f_hi2=2026-10-04&f_heya_su=1&f_otona_su=1&f_s1=0&f_s2=0&f_y1=0&f_y2=0&f_y3=0&f_y4=0&f_camp_id=4435809,0,2026-10-03,12370,12370,0,2026-10-03,fukuoka
197238,ＨＯＴＥＬ　ＲＯＩ　博多,https://img.travel.rakuten.co.jp/image/tr/api/re/pvonD/?f_no=197238,https://img.travel.rakuten.co.jp/image/tr/api/re/vFumt/?f_no=197238&f_flg=PLAN,,https://img.travel.rakuten.co.jp/image/tr/api/re/gJNfM/?f_hotel_no=197238,あーるおーあいはかた,マンションがホテルに！ご自宅のようにご利用いただけます！,1872,120892.72,469508.97,812-0011,福岡県,福岡市博多区博多駅前4-6-13,092-409-4892,092-401-1057,博多駅から徒歩で約１０分,無し,博多,https://img.travel.rakuten.co.jp/share/HOTEL/197238/197238.jpg,https://img.travel.rakuten.co.jp/HIMG/90/197238.jpg,,,https://img.travel.rakuten.co.jp/share/HOTEL/197238/197238map.gif,16.0,4.4,"お風呂が少し子供を入れるには狭いかなと思いましたが許容できる範囲でした！　2026-09-14 19:12:38投稿 <a href=""https://img.travel.rakuten.co.jp/image/tr/api/re/gJNfM/?f_hotel_no=197238"" class=""3click"">つづきはこちら</a>",bhito,ファミリーB,6602898.0,【楽天スーパーSALE】【素泊まり】スタンダードプラン「迷ったらコレ！」,1,0,0,0,0,2,https://img.travel.rakuten.co.jp/image/tr/api/re/IdsCY/?f_no=197238&f_syu=bhito&f_hi1=2026-10-03&f_hi2=2026-10-04&f_heya_su=1&f_otona_su=1&f_s1=0&f_s2=0&f_y1=0&f_y2=0&f_y3=0&f_y4=0&f_camp_id=6602898,0,2026-10-03,66251,66251,0,2026-10-03,fukuoka
197510,ＡＬＰＨＡＢＥＤ　ＩＮＮ　博多駅前,https://img.travel.rakuten.co.jp/image/tr/api/re/pvonD/?f_no=197510,https://img.travel.rakuten.co.jp/image/tr/api/re/vFumt/?f_no=197510&f_flg=PLAN,https://img.travel.rakuten.co.jp/image/tr/api/re/WzozX/?noTomariHotel=197510,https://img.travel.rakuten.co.jp/image/tr/api/re/gJNfM/?f_hotel_no=197510,あるふぁべっどいんはかたえきまえ,2025年12月NewOpen！バストイレ別・全室キッチン・洗濯機完備でお家のように靴を脱いでお過ごしいただけます,6450,120892.18,469512.55,812-0011,福岡県,福岡市博多区博多駅前4-23-5,0800-111-3089,--,博多駅より徒歩約10分、福岡都市高速環状線半道橋より車で約15分,無し（近隣のコインパーキングをご利用ください）,博多,https://img.travel.rakuten.co.jp/share/HOTEL/197510/197510.jpg,https://img.travel.rakuten.co.jp/HIMG/90/197510.jpg,,,https://img.travel.rakuten.co.jp/share/HOTEL/197510/197510map.gif,68.0,4.65,"小さい子供がいるのでいつもは和室のあるホテルや旅館を選ぶのですが、今回はロフト付きの部屋もいいかなと思い、利用させていただきました。部屋に入るなり、ロフトを見て子供が大興奮！下の子はロフトでは寝なかっ…　2026-09-26 17:56:40投稿 <a href=""https://img.travel.rakuten.co.jp/image/tr/api/re/gJNfM/?f_hotel_no=197510"" class=""3click"">つづきはこちら</a>",d005,【ハリウッドツインルーム】最大2名,6365062.0,スタンダートプラン／素泊まり　,1,0,0,0,0,2,https://img.travel.rakuten.co.jp/image/tr/api/re/IdsCY/?f_no=197510&f_syu=d005&f_hi1=2026-10-03&f_hi2=2026-10-04&f_heya_su=1&f_otona_su=1&f_s1=0&f_s2=0&f_y1=0&f_y2=0&f_y3=0&f_y4=0&f_camp_id=6365062,0,2026-10-03,38808,38808,0,2026-10-03,fukuoka
164742,Ｆｕｋｕｏｋａ　Ｇｕｅｓｔｈｏｕｓｅ　ＨＩＶＥ,https://img.travel.rakuten.co.jp/image/tr/api/re/pvonD/?f_no=164742,https://img.travel.rakuten.co.jp/image/tr/api/re/vFumt/?f_no=164742&f_flg=PLAN,,https://img.travel.rakuten.co.jp/image/tr/api/re/gJNfM/?f_hotel_no=164742,ふくおか　げすとはうす　はいぶ,人々が ’ひとやすみ’ してまた次へ羽ばたけるような止まり木のような巣(ハコ),2800,120940.08,469490.58,812-0036,福岡県,福岡市博多区上呉服町4-3,092-292-4232,092-292-4232,地下鉄呉服町駅より徒歩２分 　JR博多駅より西鉄バス５分(徒歩15分）　西鉄天神駅より西鉄バス５分(徒歩20分),近隣に格安コインパーキング（例：夜20〜朝8時200円）ございます。バイクはお店の前に駐車可。,呉服町（福岡）,https://img.travel.rakuten.co.jp/share/HOTEL/164742/164742.jpg,https://img.travel.rakuten.co.jp/HIMG/90/164742.jpg,https://img.travel.rakuten.co.jp/share/HOTEL/164742/164742_kan1.jpg,https://img.travel.rakuten.co.jp/HIMG/INTERIOR/164742.jpg,https://img.travel.rakuten.co.jp/share/HOTEL/164742/164742map.gif,106.0,4.44,"お風呂に入って寝るだけの場合は充分でした！簡易的なカーテンもありプライベートも守られているので良かったです　2026-08-04 00:07:44投稿 <a href=""https://img.travel.rakuten.co.jp/image/tr/api/re/gJNfM/?f_hotel_no=164742"" class=""3click"">つづきはこちら</a>",femdomi,女性専用ドミトリー,4377410.0,【学生限定】学生旅お得に泊まろう! ※地下鉄呉服町駅より徒歩２分♪,1,0,0,0,0,1,https://img.travel.rakuten.co.jp/image/tr/api/re/IdsCY/?f_no=164742&f_syu=femdomi&f_hi1=2026-10-03&f_hi2=2026-10-04&f_heya_su=1&f_otona_su=1&f_s1=0&f_s2=0&f_y1=0&f_y2=0&f_y3=0&f_y4=0&f_camp_id=4377410,0,2026-10-03,13500,13500,0,2026-10-03,fukuoka
193033,慶　Ｈｏｔｅｌ　ａｎｄ　Ａｐａｒｔｍｅｎｔ,https://img.travel.rakuten.co.jp/image/tr/api/re/pvonD/?f_no=193033,https://img.travel.rakuten.co.jp/image/tr/api/re/vFumt/?f_no=193033&f_flg=PLAN,,https://img.travel.rakuten.co.jp/image/tr/api/re/gJNfM/?f_hotel_no=193033,けいほてるあんどあぱーとめんと,【無人フロントホテル】内装をリノベーションし、2024年10月リニューアルオープン！,2102,120948.45,469462.76,812-0022,福岡県,福岡市博多区神屋町3-5,092-409-4892,092-401-1057,中洲川端駅より徒歩約10分、博多駅よりお車で約10分,無し,中洲川端,https://img.travel.rakuten.co.jp/share/HOTEL/193033/193033.jpg,https://img.travel.rakuten.co.jp/HIMG/90/193033.jpg,,,https://img.travel.rakuten.co.jp/share/HOTEL/193033/193033map.gif,13.0,4.67,,dhito,クラシックD,6602822.0,【楽天スーパーSALE】【素泊まり】スタンダードプラン「迷ったらコレ！」,1,0,0,0,0,2,https://img.travel.rakuten.co.jp/image/tr/api/re/IdsCY/?f_no=193033&f_syu=dhito&f_hi1=2026-10-03&f_hi2=2026-10-04&f_heya_su=1&f_otona_su=1&f_s1=0&f_s2=0&f_y1=0&f_y2=0&f_y3=0&f_y4=0&f_camp_id=6602822,0,2026-10-03,47501,47501,0,2026-10-03,fukuoka
182327,グランドベース博多プレミアム,https://img.travel.rakuten.co.jp/image/tr/api/re/pvonD/?f_no=182327,https://img.travel.rakuten.co.jp/image/tr/api/re/vFumt/?f_no=182327&f_flg=PLAN,https://img.travel.rakuten.co.jp/image/tr/api/re/WzozX/?noTomariHotel=182327,https://img.travel.rakuten.co.jp/image/tr/api/re/gJNfM/?f_hotel_no=182327,ぐらんどべーすはかたぷれみあむ,【無人フロントホテル】観光・ビジネスの拠点としての機能を兼ね備えた新スタイルホテル。,1931,120890.24,469497.9,812-0018,福岡県,福岡市博多区住吉4-9-12,092-409-4892,,博多駅から徒歩10分、「住吉」バス停から徒歩2分。福岡空港からお車にて約２０分。,専用駐車場・提携駐車場はございません。 公式サイトから、近隣のコインパーキングをご確認下さい。,福岡空港,https://img.travel.rakuten.co.jp/share/HOTEL/182327/182327.jpg,https://img.travel.rakuten.co.jp/HIMG/90/182327.jpg,,,https://img.travel.rakuten.co.jp/share/HOTEL/182327/182327map.gif,25.0,4.6,"部屋のテレビも中国語設定になってま…　2025-12-15 21:19:35投稿 <a href=""https://img.travel.rakuten.co.jp/image/tr/api/re/gJNfM/?f_hotel_no=182327"" class=""3click"">つづきはこちら</a>",bhito,スタンダードB,6602546.0,【楽天スーパーSALE】【素泊まり】スタンダードプラン「迷ったらコレ！」,1,0,0,0,0,2,https://img.travel.rakuten.co.jp/image/tr/api/re/IdsCY/?f_no=182327&f_syu=bhito&f_hi1=2026-10-03&f_hi2=2026-10-04&f_heya_su=1&f_otona_su=1&f_s1=0&f_s2=0&f_y1=0&f_y2=0&f_y3=0&f_y4=0&f_camp_id=6602546,0,2026-10-03,32961,32961,0,2026-10-03,fukuoka
176673,ＣＯＣＯ　Ｆｕｋｕｏｋａ　Ｃｈｉｙｏ,https://img.travel.rakuten.co.jp/image/tr/api/re/pvonD/?f_no=176673,https://img.travel.rakuten.co.jp/image/tr/api/re/vFumt/?f_no=176673&f_flg=PLAN,,https://img.travel.rakuten.co.jp/image/tr/api/re/gJNfM/?f_hotel_no=176673,ここ　ふくおか　ちよ,全室洗濯機を完備した、長期滞在者向けのサービスアパートメントです。,11000,120946.78,469508.51,812-0044,福岡県,福岡市博多区千代2-4-27　プレアール千代,080-3428-7912,,千代県庁口駅より徒歩にて約５分,無し,千代県庁口,https://img.travel.rakuten.co.jp/share/HOTEL/176673/176673.jpg,https://img.travel.rakuten.co.jp/HIMG/90/176673.jpg,,,https://img.travel.rakuten.co.jp/share/HOTEL/176673/176673map.gif,13.0,3.0,,1101,Twin Room --01,,,1,0,0,0,0,2,https://img.travel.rakuten.co.jp/image/tr/api/re/IdsCY/?f_no=176673&f_syu=1101&f_hi1=2026-10-03&f_hi2=2026-10-04&f_heya_su=1&f_otona_su=1&f_s1=0&f_s2=0&f_y1=0&f_y2=0&f_y3=0&f_y4=0,1,2026-10-03,28000,28000,1,2026-10-03,fukuoka
177892,ＡＯ太宰府,https://img.travel.rakuten.co.jp/image/tr/api/re/pvonD/?f_no=177892,https://img.travel.rakuten.co.jp/image/tr/api/re/vFumt/?f_no=177892&f_flg=PLAN,https://img.travel.rakuten.co.jp/image/tr/api/re/WzozX/?noTomariHotel=177892,https://img.travel.rakuten.co.jp/image/tr/api/re/gJNfM/?f_hotel_no=177892,あおだざいふ,不動産会社併設の宿泊施設、西鉄二日市駅徒歩3分の便利な立地です。,3000,120598.18,469881.71,818-0056,福岡県,筑紫野市二日市北2-4-6,092-925-8801,092-928-6852,西鉄二日市駅 徒歩3分,有り　１台６００円（税込／泊）先着順です。※ご予約時に「駐車場を利用します」とご記入下さい。,西鉄二日市,https://img.travel.rakuten.co.jp/share/HOTEL/177892/177892.jpg,https://img.travel.rakuten.co.jp/HIMG/90/177892.jpg,https://img.travel.rakuten.co.jp/share/HOTEL/177892/177892_kan1.jpg,https://img.travel.rakuten.co.jp/HIMG/INTERIOR/177892.jpg,https://img.travel.rakuten.co.jp/share/HOTEL/177892/177892map.gif,45.0,4.28,"子連れでしたが、とても快適でした。また利用したいです！　2026-08-06 07:12:29投稿 <a href=""https://img.travel.rakuten.co.jp/image/tr/api/re/gJNfM/?f_hotel_no=177892"" class=""3click"">つづきはこちら</a>",main2f,【本館２階】ダブル2台・シングル2台最大６名様の広々５３平米,4755878.0,【１DAY・１泊プラン】テレワークや観光にオススメ！レジャーから仕事まで幅広くご利用できます♪,1,0,0,0,0,2,https://img.travel.rakuten.co.jp/image/tr/api/re/IdsCY/?f_no=177892&f_syu=main2f&f_hi1=2026-10-03&f_hi2=2026-10-04&f_heya_su=1&f_otona_su=1&f_s1=0&f_s2=0&f_y1=0&f_y2=0&f_y3=0&f_y4=0&f_camp_id=4755878,0,2026-10-03,21000,21000,0,2026-10-03,fukuoka
188823,ＡＬＦＡＣＩＯ　ＲＩＶＥＲＳＩＤＥ　ＳＴＡＹ　ＨＡＫＡＴＡ,https://img.travel.rakuten.co.jp/image/tr/api/re/pvonD/?f_no=188823,https://img.travel.rakuten.co.jp/image/tr/api/re/vFumt/?f_no=188823&f_flg=PLAN,,https://img.travel.rakuten.co.jp/image/tr/api/re/gJNfM/?f_hotel_no=188823,あるふぁしお　りばーさいど　すてい　はかた,天神・博多へ好アクセス！リバービューの広々客室,2902,120899.15,469484.56,812-0018,福岡県,福岡市博多区住吉2-21-15,092-409-4892,,博多駅から徒歩約１４分,無し,博多,https://img.travel.rakuten.co.jp/share/HOTEL/188823/188823.jpg,https://img.travel.rakuten.co.jp/HIMG/90/188823.jpg,,,https://img.travel.rakuten.co.jp/share/HOTEL/188823/188823map.gif,12.0,3.75,,ahito,ファミリールームA,6602944.0,【楽天スーパーSALE】【素泊まり】スタンダードプラン「迷ったらコレ！」,1,0,0,0,0,2,https://img.travel.rakuten.co.jp/image/tr/api/re/IdsCY/?f_no=188823&f_syu=ahito&f_hi1=2026-10-03&f_hi2=2026-10-04&f_heya_su=1&f_otona_su=1&f_s1=0&f_s2=0&f_y1=0&f_y2=0&f_y3=0&f_y4=0&f_camp_id=6602944,0,2026-10-03,47501,47501,0,2026-10-03,fukuoka
168347,トリップベース博多駅前,https://img.travel.rakuten.co.jp/image/tr/api/re/pvonD/?f_no=168347,https://img.travel.rakuten.co.jp/image/tr/api/re/vFumt/?f_no=168347&f_flg=PLAN,https://img.travel.rakuten.co.jp/image/tr/api/re/WzozX/?noTomariHotel=168347,https://img.travel.rakuten.co.jp/image/tr/api/re/gJNfM/?f_hotel_no=168347,とりっぷべーすはかたえきまえ,【無人フロントホテル】博多駅から徒歩15分！最大定員9名メゾネット客室あり。全室キッチン・洗濯機完備！,1677,120883.41,469520.76,812-0011,福岡県,福岡市博多区博多駅前４丁目３４－１,092-409-4892,092-401-1057,JR博多駅より徒歩15分,専用駐車場・提携駐車場はございません。 公式サイトから、近隣のコインパーキングをご確認下さい。,博多,https://img.travel.rakuten.co.jp/share/HOTEL/168347/168347.jpg,https://img.travel.rakuten.co.jp/HIMG/90/168347.jpg,https://img.travel.rakuten.co.jp/share/HOTEL/168347/168347_kan1.jpg,https://img.travel.rakuten.co.jp/HIMG/INTERIOR/168347.jpg,https://img.travel.rakuten.co.jp/share/HOTEL/168347/168347map.gif,17.0,4.6,"お部屋：4名ベッド2台でしたが特に狭…　2026-03-19 02:35:51投稿 <a href=""https://img.travel.rakuten.co.jp/image/tr/api/re/gJNfM/?f_hotel_no=168347"" class=""3click"">つづきはこちら</a>",ahito,スタンダードA,6602456.0,【楽天スーパーSALE】【素泊まり】スタンダードプラン「迷ったらコレ！」,1,0,0,0,0,2,https://img.travel.rakuten.co.jp/image/tr/api/re/IdsCY/?f_no=168347&f_syu=ahito&f_hi1=2026-10-03&f_hi2=2026-10-04&f_heya_su=1&f_otona_su=1&f_s1=0&f_s2=0&f_y1=0&f_y2=0&f_y3=0&f_y4=0&f_camp_id=6602456,0,2026-10-03,33000,33000,0,2026-10-03,fukuoka
196484,ホテルリファレンス博多コンドミニアム,https://img.travel.rakuten.co.jp/image/tr/api/re/pvonD/?f_no=196484,https://img.travel.rakuten.co.jp/image/tr/api/re/vFumt/?f_no=196484&f_flg=PLAN,,https://img.travel.rakuten.co.jp/image/tr/api/re/gJNfM/?f_hotel_no=196484,りふぁれんすはかたこんどみにあむ,ＪＲ博多駅から徒歩6分　マンションの一室をホテルとして改築しています。,10450,120900.28,469531.22,812-0016,福岡県,福岡市博多区博多駅南1-3-24,092-402-6060,--,ＪＲ博多駅より徒歩約6分,無し,博多,https://img.travel.rakuten.co.jp/share/HOTEL/196484/196484.jpg,https://img.travel.rakuten.co.jp/HIMG/90/196484.jpg,,,https://img.travel.rakuten.co.jp/share/HOTEL/196484/196484map.gif,7.0,4.5,,hak01,【禁煙】ダブルルーム 定員2名【1Kスタイル】,6232035.0,【シンプルステイ】JR博多駅筑紫口から徒歩6分◇2025年5月に全部屋リノベーション【素泊まり】,1,0,0,0,0,2,https://img.travel.rakuten.co.jp/image/tr/api/re/IdsCY/?f_no=196484&f_syu=hak01&f_hi1=2026-10-03&f_hi2=2026-10-04&f_heya_su=1&f_otona_su=1&f_s1=0&f_s2=0&f_y1=0&f_y2=0&f_y3=0&f_y4=0&f_camp_id=6232035,0,2026-10-03,28600,28600,0,2026-10-03,fukuoka
197237,ＴＨＥ　ＬＡＮＧ　ＨＯＴＥＬ,https://img.travel.rakuten.co.jp/image/tr/api/re/pvonD/?f_no=197237,https://img.travel.rakuten.co.jp/image/tr/api/re/vFumt/?f_no=197237&f_flg=PLAN,,https://img.travel.rakuten.co.jp/image/tr/api/re/gJNfM/?f_hotel_no=197237,ざ　らんぐ　ほてる,リニューアルしてオープン！！,2216,120892.18,469524.8,812-0016,福岡県,福岡市博多区博多駅南1-12-11,092-409-4892,,博多駅より徒歩約１０分,無し,博多,https://img.travel.rakuten.co.jp/share/HOTEL/197237/197237.jpg,https://img.travel.rakuten.co.jp/HIMG/90/197237.jpg,,,https://img.travel.rakuten.co.jp/share/HOTEL/197237/197237map.gif,6.0,4.33,,ahito,コンフォート4人部屋A,6602900.0,【楽天スーパーSALE】【素泊まり】スタンダードプラン「迷ったらコレ！」,1,0,0,0,0,2,https://img.travel.rakuten.co.jp/image/tr/api/re/IdsCY/?f_no=197237&f_syu=ahito&f_hi1=2026-10-03&f_hi2=2026-10-04&f_heya_su=1&f_otona_su=1&f_s1=0&f_s2=0&f_y1=0&f_y2=0&f_y3=0&f_y4=0&f_camp_id=6602900,0,2026-10-03,32001,32001,0,2026-10-03,fukuoka
184644,ＷＩＴＨ　ＴＨＥ　ＳＴＹＬＥ　ＦＵＫＵＯＫＡ,https://img.travel.rakuten.co.jp/image/tr/api/re/pvonD/?f_no=184644,https://img.travel.rakuten.co.jp/image/tr/api/re/vFumt/?f_no=184644&f_flg=PLAN,https://img.travel.rakuten.co.jp/image/tr/api/re/WzozX/?noTomariHotel=184644,https://img.travel.rakuten.co.jp/image/tr/api/re/gJNfM/?f_hotel_no=184644,うぃず ざ すたいる ふくおか,人生を豊かにする上質なアイテムを取り揃えた、大人のためのアーバンリゾート,27300,120894.63,469526.99,812-0016,福岡県,福岡市博多区博多駅南1-9-18,092-433-3900,092-433-3940,博多駅より徒歩7分,有り　16台　無料　予約不要,博多,https://img.travel.rakuten.co.jp/share/HOTEL/184644/184644.jpg,https://img.travel.rakuten.co.jp/HIMG/90/184644.jpg,,,https://img.travel.rakuten.co.jp/share/HOTEL/184644/184644map.gif,17.0,4.88,"福岡に来る際には毎回泊まりたいホテルです！　2026-06-19 01:04:51投稿 <a href=""https://img.travel.rakuten.co.jp/image/tr/api/re/gJNfM/?f_hotel_no=184644"" class=""3click"">つづきはこちら</a>",2024suite,スイート（プライベートバルコニー/ツイン仕様へ変更可能）,6171944.0,【室料のみ】サウナ＆ジャグジー｜クラブラウンジ｜ミニバーフリー｜12時チェックアウト（食事無）,1,0,0,0,0,2,https://img.travel.rakuten.co.jp/image/tr/api/re/IdsCY/?f_no=184644&f_syu=2024suite&f_hi1=2026-10-03&f_hi2=2026-10-04&f_heya_su=1&f_otona_su=1&f_s1=0&f_s2=0&f_y1=0&f_y2=0&f_y3=0&f_y4=0&f_camp_id=6171944,0,2026-10-03,145600,145600,0,2026-10-03,fukuoka
198355,ホテルリファレンス呉服町コンドミニアム,https://img.travel.rakuten.co.jp/image/tr/api/re/pvonD/?f_no=198355,https://img.travel.rakuten.co.jp/image/tr/api/re/vFumt/?f_no=198355&f_flg=PLAN,,https://img.travel.rakuten.co.jp/image/tr/api/re/gJNfM/?f_hotel_no=198355,ほてるりふぁれんすごふくまちこんどみにあむ,地下鉄呉服町駅より徒歩4分、中州やマリンメッセでのイベントも徒歩で移動可能,8800,120948.87,469483.28,812-0035,福岡県,福岡市博多区中呉服町7-4 リファレンス呉服町,092-402-7420,--,地下鉄箱崎線呉服町駅より徒歩4分,なし,呉服町（福岡）,https://img.travel.rakuten.co.jp/share/HOTEL/198355/198355.jpg,https://img.travel.rakuten.co.jp/HIMG/90/198355.jpg,,,https://img.travel.rakuten.co.jp/share/HOTEL/198355/198355map.gif,7.0,3.43,,gof01,【禁煙】シングルベッド2台のツインルーム【1Kスタイル】,6394850.0,【アパートメントホテル】地下鉄呉服町駅より徒歩4分　シングルベッドが2台のツインルーム,1,0,0,0,0,2,https://img.travel.rakuten.co.jp/image/tr/api/re/IdsCY/?f_no=198355&f_syu=gof01&f_hi1=2026-10-03&f_hi2=2026-10-04&f_heya_su=1&f_otona_su=1&f_s1=0&f_s2=0&f_y1=0&f_y2=0&f_y3=0&f_y4=0&f_camp_id=6394850,0,2026-10-03,28600,28600,0,2026-10-03,fukuoka
199417,ＨＯＴＥＬ　ＭＥＬＮＡ　ＨＡＫＡＴＡ,https://img.travel.rakuten.co.jp/image/tr/api/re/pvonD/?f_no=199417,https://img.travel.rakuten.co.jp/image/tr/api/re/vFumt/?f_no=199417&f_flg=PLAN,,https://img.travel.rakuten.co.jp/image/tr/api/re/gJNfM/?f_hotel_no=199417,ほてるめるなはかた,アパートメントホテルが誕生！,2286,120873.17,469507.7,812-0017,福岡県,福岡市博多区美野島2-21-18,092-409-4892,--,博多駅から徒歩で約20分,なし,博多,https://img.travel.rakuten.co.jp/share/HOTEL/199417/199417.jpg,https://img.travel.rakuten.co.jp/HIMG/90/199417.jpg,,,https://img.travel.rakuten.co.jp/share/HOTEL/199417/199417map.gif,11.0,4.64,,ehito,コンフォート4人部屋A,6603012.0,【楽天スーパーSALE】【素泊まり】スタンダードプラン「迷ったらコレ！」,1,0,0,0,0,2,https://img.travel.rakuten.co.jp/image/tr/api/re/IdsCY/?f_no=199417&f_syu=ehito&f_hi1=2026-10-03&f_hi2=2026-10-04&f_heya_su=1&f_otona_su=1&f_s1=0&f_s2=0&f_y1=0&f_y2=0&f_y3=0&f_y4=0&f_camp_id=6603012,0,2026-10-03,29051,29051,0,2026-10-03,fukuoka
179849,Ｆｕｋｕｏｋａ　Ｇｕｅｓｔｈｏｕｓｅ　ＳＨＩＰ,https://img.travel.rakuten.co.jp/image/tr/api/re/pvonD/?f_no=179849,https://img.travel.rakuten.co.jp/image/tr/api/re/vFumt/?f_no=179849&f_flg=PLAN,,https://img.travel.rakuten.co.jp/image/tr/api/re/gJNfM/?f_hotel_no=179849,ふくおか　げすとはうす　しっぷ,ここで出会った仲間という風と旅や日常の波を超えていく,2720,120959.76,469471.41,812-0033,福岡県,福岡市博多区大博町8-26,092-402-1908,092-402-1908,呉服町駅より徒歩にて約１０分　マリンメッセ、国際会議場まで徒歩５分,近隣に格安コインパーキング（例：夜20時から朝8時200円）多数ございます。,呉服町（福岡）,https://img.travel.rakuten.co.jp/share/HOTEL/179849/179849.jpg,https://img.travel.rakuten.co.jp/HIMG/90/179849.jpg,,,https://img.travel.rakuten.co.jp/share/HOTEL/179849/179849map.gif,41.0,4.0,"個室に家族で宿泊しました。2段ベットに大喜びでした。シャワールームもキッチンも清潔で、使いやすかったです。また利用させていただきます。　2026-09-19 06:25:36投稿 <a href=""https://img.travel.rakuten.co.jp/image/tr/api/re/gJNfM/?f_hotel_no=179849"" class=""3click"">つづきはこちら</a>",mix02,女性専用ドミトリー,4738488.0,【学生限定！】学生旅行がお得♪ ※地下鉄呉服町駅より徒歩10分,1,0,0,0,0,1,https://img.travel.rakuten.co.jp/image/tr/api/re/IdsCY/?f_no=179849&f_syu=mix02&f_hi1=2026-10-03&f_hi2=2026-10-04&f_heya_su=1&f_otona_su=1&f_s1=0&f_s2=0&f_y1=0&f_y2=0&f_y3=0&f_y4=0&f_camp_id=4738488,0,2026-10-03,13500,13500,0,2026-10-03,fukuoka
178455,Ｂｏｘｉ　Ｈａｋａｔａ　２,https://img.travel.rakuten.co.jp/image/tr/api/re/pvonD/?f_no=178455,https://img.travel.rakuten.co.jp/image/tr/api/re/vFumt/?f_no=178455&f_flg=PLAN,https://img.travel.rakuten.co.jp/image/tr/api/re/WzozX/?noTomariHotel=178455,https://img.travel.rakuten.co.jp/image/tr/api/re/gJNfM/?f_hotel_no=178455,ぼくしー　はかたつー,当ホテルは無人運営のため施設にスタッフはおりません。専用のタブレット端末からオンラインレセプションをご利用いただけます。,3064,120947.23,469535.59,812-0041,福岡県,福岡市博多区吉塚1-35-8,03-4531-9681,00-0000-0000,JR博多駅より車で5分。福岡空港より車で10分とアクセス良好◎,近隣にパーキングあり(有料),吉塚,https://img.travel.rakuten.co.jp/share/HOTEL/178455/178455.jpg,https://img.travel.rakuten.co.jp/HIMG/90/178455.jpg,,,https://img.travel.rakuten.co.jp/share/HOTEL/178455/178455map.gif,127.0,3.8,"初めてコンテナハウスに泊まりました。少し狭いですが寝るだけなら充分です。タブレットは故障、水道の所が壊れそうでしたが使えました。ベット付近はホコリが溜まっていたのが気になる所でした。思ったより博多駅に…　2026-08-18 12:29:17投稿 <a href=""https://img.travel.rakuten.co.jp/image/tr/api/re/gJNfM/?f_hotel_no=178455"" class=""3click"">つづきはこちら</a>",0001,スーペリアダブルルーム(D1EXS1)（連泊清掃なし）,4681773.0,【素泊まり】非対面CIで密回避！新感覚コンテナホテル♪,1,0,0,0,0,2,https://img.travel.rakuten.co.jp/image/tr/api/re/IdsCY/?f_no=178455&f_syu=0001&f_hi1=2026-10-03&f_hi2=2026-10-04&f_heya_su=1&f_otona_su=1&f_s1=0&f_s2=0&f_y1=0&f_y2=0&f_y3=0&f_y4=0&f_camp_id=4681773,0,2026-10-03,20000,20000,0,2026-10-03,fukuoka
170210,Ｒａｋｕｔｅｎ　ＳＴＡＹ　博多祇園,https://img.travel.rakuten.co.jp/image/tr/api/re/pvonD/?f_no=170210,https://img.travel.rakuten.co.jp/image/tr/api/re/vFumt/?f_no=170210&f_flg=PLAN,https://img.travel.rakuten.co.jp/image/tr/api/re/WzozX/?noTomariHotel=170210,https://img.travel.rakuten.co.jp/image/tr/api/re/gJNfM/?f_hotel_no=170210,,呉服町駅から徒歩4分！非接触で安心！最大8名まで泊まれる和モダンルームでホテルとは違った滞在を。,3680,120943.55,469491.96,812-0036,福岡県,福岡市博多区上呉服町12-31,050-1750-9719,,福岡市地下鉄 箱崎線 呉服町駅 5番出口より 徒歩約4分 ／ 福岡市地下鉄 空港線 祇園駅 1番出口より 徒歩約9分,無し,東比恵,https://img.travel.rakuten.co.jp/share/HOTEL/170210/170210.jpg,https://img.travel.rakuten.co.jp/HIMG/90/170210.jpg,,,https://img.travel.rakuten.co.jp/share/HOTEL/170210/170210map.gif,128.0,4.35,"風…　2026-09-24 18:16:39投稿 <a href=""https://img.travel.rakuten.co.jp/image/tr/api/re/gJNfM/?f_hotel_no=170210"" class=""3click"">つづきはこちら</a>",a-1,【101】スーペリア／ベッド2台＋3畳小上り（1〜5名）,6598947.0,【楽天スーパーSALE】駅チカ4分！プロジェクター＆洗濯機完備◎子連れ安心の畳スペース付！,1,0,0,0,0,2,https://img.travel.rakuten.co.jp/image/tr/api/re/IdsCY/?f_no=170210&f_syu=a-1&f_hi1=2026-10-03&f_hi2=2026-10-04&f_heya_su=1&f_otona_su=1&f_s1=0&f_s2=0&f_y1=0&f_y2=0&f_y3=0&f_y4=0&f_camp_id=6598947,0,2026-10-03,47200,47200,0,2026-10-03,fukuoka
178983,グランドベース博多ベイ,https://img.travel.rakuten.co.jp/image/tr/api/re/pvonD/?f_no=178983,https://img.travel.rakuten.co.jp/image/tr/api/re/vFumt/?f_no=178983&f_flg=PLAN,https://img.travel.rakuten.co.jp/image/tr/api/re/WzozX/?noTomariHotel=178983,https://img.travel.rakuten.co.jp/image/tr/api/re/gJNfM/?f_hotel_no=178983,ぐらんどべーすはかたべい,＜広い客室・キーレス＞マリンメッセ6分、呉服町駅も歩いて9分！ベイエリアのアクセス◎,3425,120958.38,469473.78,812-0033,福岡県,福岡市博多区大博町7-24,050-1720-7129,,都市高速「呉服町IC」よりすぐ。博多駅からはバスで10分の「神屋町」で下車後徒歩5分、マリンメッセからは徒歩7分！,敷地内に無料駐車場はございませんが、近隣にコインパーキングがございます。,福岡空港,https://img.travel.rakuten.co.jp/share/HOTEL/178983/178983.jpg,https://img.travel.rakuten.co.jp/HIMG/90/178983.jpg,https://img.travel.rakuten.co.jp/share/HOTEL/178983/178983_kan1.jpg,https://img.travel.rakuten.co.jp/HIMG/INTERIOR/178983.jpg,https://img.travel.rakuten.co.jp/share/HOTEL/178983/178983map.gif,39.0,3.96,"ライブ利用に予約。安くてとても綺麗でよかったです。　2026-09-14 16:54:52投稿 <a href=""https://img.travel.rakuten.co.jp/image/tr/api/re/gJNfM/?f_hotel_no=178983"" class=""3click"">つづきはこちら</a>",b-type,ミニキッチン付きシアターツインルーム B　1~4名,6109187.0,【返金不可】ご予定が確定している方はこちらがオススメ!!,1,0,0,0,0,2,https://img.travel.rakuten.co.jp/image/tr/api/re/IdsCY/?f_no=178983&f_syu=b-type&f_hi1=2026-10-03&f_hi2=2026-10-04&f_heya_su=1&f_otona_su=1&f_s1=0&f_s2=0&f_y1=0&f_y2=0&f_y3=0&f_y4=0&f_camp_id=6109187,0,2026-10-03,33269,33269,0,2026-10-03,fukuoka
199047,ホテルリファレンス博多駅前コンドミニアム,https://img.travel.rakuten.co.jp/image/tr/api/re/pvonD/?f_no=199047,https://img.travel.rakuten.co.jp/image/tr/api/re/vFumt/?f_no=199047&f_flg=PLAN,,https://img.travel.rakuten.co.jp/image/tr/api/re/gJNfM/?f_hotel_no=199047,ほてるりふぁれんすはかたえきまえこんどみにあむ,JR博多駅博多口より徒歩で8分という好立地　家具家電が揃ったアパートメントホテル,8800,120898.44,469512.39,812-0011,福岡県,福岡市博多区博多駅前4-10-10,092-402-7420,--,JR博多駅博多口より徒歩で8分ほど,なし,博多,https://img.travel.rakuten.co.jp/share/HOTEL/199047/199047.jpg,https://img.travel.rakuten.co.jp/HIMG/90/199047.jpg,,,https://img.travel.rakuten.co.jp/share/HOTEL/199047/199047map.gif,1.0,,,hem01,【禁煙】ダブルベッド1台 定員2名,6456206.0,【アパートメントホテル】JR博多駅の博多口より徒歩約8分、マンションの一室をホテルとして改築,1,0,0,0,0,2,https://img.travel.rakuten.co.jp/image/tr/api/re/IdsCY/?f_no=199047&f_syu=hem01&f_hi1=2026-10-03&f_hi2=2026-10-04&f_heya_su=1&f_otona_su=1&f_s1=0&f_s2=0&f_y1=0&f_y2=0&f_y3=0&f_y4=0&f_camp_id=6456206,0,2026-10-03,34100,34100,0,2026-10-03,fukuoka
174944,ヴィンテージＩＩＩ／民泊,https://img.travel.rakuten.co.jp/image/tr/api/re/pvonD/?f_no=174944,https://img.travel.rakuten.co.jp/image/tr/api/re/vFumt/?f_no=174944&f_flg=PLAN,,https://img.travel.rakuten.co.jp/image/tr/api/re/gJNfM/?f_hotel_no=174944,,【民泊】,3132,120871.35,469296.04,814-0005,福岡県,福岡市早良区祖原8-21,090-3685-1866,000-000-0000,西新駅より徒歩にて約４分,無し,西新,https://img.travel.rakuten.co.jp/share/HOTEL/174944/174944.jpg,https://img.travel.rakuten.co.jp/HIMG/90/174944.jpg,,,https://img.travel.rakuten.co.jp/share/HOTEL/174944/174944map.gif,7.0,3.2,,r14908_4,ヴィンテージIII 303,4761013.0,【無料Wi-Fi】博多や天神へのアクセス良好☆西新駅から徒歩圏内!! ロフト付,1,0,0,0,0,2,https://img.travel.rakuten.co.jp/image/tr/api/re/IdsCY/?f_no=174944&f_syu=r14908_4&f_hi1=2026-10-03&f_hi2=2026-10-04&f_heya_su=1&f_otona_su=1&f_s1=0&f_s2=0&f_y1=0&f_y2=0&f_y3=0&f_y4=0&f_camp_id=4761013,0,2026-10-03,14848,14848,0,2026-10-03,fukuoka
197940,Ｔａｂｉ　ａｎｄ．－ｌｉｇｈｔ－博多０１,https://img.travel.rakuten.co.jp/image/tr/api/re/pvonD/?f_no=197940,https://img.travel.rakuten.co.jp/image/tr/api/re/vFumt/?f_no=197940&f_flg=PLAN,,https://img.travel.rakuten.co.jp/image/tr/api/re/gJNfM/?f_hotel_no=197940,たびあんどらいとはかた01,2025年10月に誕生！新築アパートメント型ホテルです！,1708,120893.03,469553.41,812-0014,福岡県,福岡市博多区比恵町16-10,092-409-4892,092-401-1057,博多駅より徒歩15分,なし,博多,https://img.travel.rakuten.co.jp/share/HOTEL/197940/197940.jpg,https://img.travel.rakuten.co.jp/HIMG/90/197940.jpg,,,https://img.travel.rakuten.co.jp/share/HOTEL/197940/197940map.gif,10.0,4.3,,bhito,デラックスファミリースイートB,6361174.0,【素泊まり】スタンダードプラン「迷ったらコレ！」,1,0,0,0,0,2,https://img.travel.rakuten.co.jp/image/tr/api/re/IdsCY/?f_no=197940&f_syu=bhito&f_hi1=2026-10-03&f_hi2=2026-10-04&f_heya_su=1&f_otona_su=1&f_s1=0&f_s2=0&f_y1=0&f_y2=0&f_y3=0&f_y4=0&f_camp_id=6361174,0,2026-10-03,51335,51335,0,2026-10-03,fukuoka
195905,Ｆｕｋｕｏｋａ　Ｇｕｅｓｔｈｏｕｓｅ　ＣＡＭＰ,https://img.travel.rakuten.co.jp/image/tr/api/re/pvonD/?f_no=195905,https://img.travel.rakuten.co.jp/image/tr/api/re/vFumt/?f_no=195905&f_flg=PLAN,,https://img.travel.rakuten.co.jp/image/tr/api/re/gJNfM/?f_hotel_no=195905,フクオカゲストハウス　キャンプ,深呼吸と遊びごころ　明かりの種を持ち寄る　僕らの隠れ家,2888,120957.08,469466.22,812-0033,福岡県,福岡市博多区大博町4-5,092-235-1565,092-235-1565,地下鉄呉服町駅より徒歩約１０分、マリンメッセ、国際会議場まで徒歩５分,近隣に格安コインパーキング（例：夜20時から朝8時200円）多数ございます。,呉服町（福岡）,https://img.travel.rakuten.co.jp/share/HOTEL/195905/195905.jpg,https://img.travel.rakuten.co.jp/HIMG/90/195905.jpg,,,https://img.travel.rakuten.co.jp/share/HOTEL/195905/195905map.gif,4.0,,,mixdomi,男女混合ドミトリー ,6163205.0,【学生限定】学生旅お得に泊まろう!※地下鉄呉服町駅より徒歩１０分♪・マリンメッセまで徒歩５分♪,1,0,0,0,0,1,https://img.travel.rakuten.co.jp/image/tr/api/re/IdsCY/?f_no=195905&f_syu=mixdomi&f_hi1=2026-10-03&f_hi2=2026-10-04&f_heya_su=1&f_otona_su=1&f_s1=0&f_s2=0&f_y1=0&f_y2=0&f_y3=0&f_y4=0&f_camp_id=6163205,0,2026-10-03,9000,9000,0,2026-10-03,fukuoka
189216,ホテル風林,https://img.travel.rakuten.co.jp/image/tr/api/re/pvonD/?f_no=189216,https://img.travel.rakuten.co.jp/image/tr/api/re/vFumt/?f_no=189216&f_flg=PLAN,,https://img.travel.rakuten.co.jp/image/tr/api/re/gJNfM/?f_hotel_no=189216,ふうりん,２０２４年３月リニューアルオープン！博多駅から徒歩８分で観光・ビジネスにも好立地です♪,2333,120927.55,469515.45,812-0011,福岡県,福岡市博多区博多駅前1-23-11-1,092-409-4892,092-401-1057,博多駅より徒歩約８分,専用駐車場・提携駐車場はございません。 公式サイトから、近隣のコインパーキングをご確認下さい。,博多,https://img.travel.rakuten.co.jp/share/HOTEL/189216/189216.jpg,https://img.travel.rakuten.co.jp/HIMG/90/189216.jpg,,,https://img.travel.rakuten.co.jp/share/HOTEL/189216/189216map.gif,19.0,4.3,"博多駅に近くて便利。コンビニも近く。夜飲みも近くの居酒屋で　2026-09-18 10:19:16投稿 <a href=""https://img.travel.rakuten.co.jp/image/tr/api/re/gJNfM/?f_hotel_no=189216"" class=""3click"">つづきはこちら</a>",bhito,スタンダードツインB,6602793.0,【楽天スーパーSALE】【素泊まり】スタンダードプラン「迷ったらコレ！」,1,0,0,0,0,2,https://img.travel.rakuten.co.jp/image/tr/api/re/IdsCY/?f_no=189216&f_syu=bhito&f_hi1=2026-10-03&f_hi2=2026-10-04&f_heya_su=1&f_otona_su=1&f_s1=0&f_s2=0&f_y1=0&f_y2=0&f_y3=0&f_y4=0&f_camp_id=6602793,0,2026-10-03,50002,50002,0,2026-10-03,fukuoka
181794,グランドベース博多呉服,https://img.travel.rakuten.co.jp/image/tr/api/re/pvonD/?f_no=181794,https://img.travel.rakuten.co.jp/image/tr/api/re/vFumt/?f_no=181794&f_flg=PLAN,https://img.travel.rakuten.co.jp/image/tr/api/re/WzozX/?noTomariHotel=181794,https://img.travel.rakuten.co.jp/image/tr/api/re/gJNfM/?f_hotel_no=181794,ぐらんどべーすはかたごふく,【無人フロントホテル】古き良き街並みの中に新しい風を吹き込む、ナチュラル和モダンな雰囲気のグランドベース博多呉服が登場。,2016,120942.65,469497.21,812-0036,福岡県,福岡市博多区上呉服町7-7,092-409-4892,,地下鉄「呉服町駅」から徒歩6分、博多駅・マリンメッセからはバスで10分（最寄りバス停「呉服町」）,専用駐車場・提携駐車場はございません。 公式サイトから、近隣のコインパーキングをご確認下さい。,福岡空港,https://img.travel.rakuten.co.jp/share/HOTEL/181794/181794.jpg,https://img.travel.rakuten.co.jp/HIMG/90/181794.jpg,,,https://img.travel.rakuten.co.jp/share/HOTEL/181794/181794map.gif,8.0,4.67,,bhito,スーペリアB,6602534.0,【楽天スーパーSALE】【素泊まり】スタンダードプラン「迷ったらコレ！」,1,0,0,0,0,2,https://img.travel.rakuten.co.jp/image/tr/api/re/IdsCY/?f_no=181794&f_syu=bhito&f_hi1=2026-10-03&f_hi2=2026-10-04&f_heya_su=1&f_otona_su=1&f_s1=0&f_s2=0&f_y1=0&f_y2=0&f_y3=0&f_y4=0&f_camp_id=6602534,0,2026-10-03,70001,70001,0,2026-10-03,fukuoka
201889,Ｍａｊｅｓｔｉｃ　Ｌｉｆｅ　博多駅前,https://img.travel.rakuten.co.jp/image/tr/api/re/pvonD/?f_no=201889,https://img.travel.rakuten.co.jp/image/tr/api/re/vFumt/?f_no=201889&f_flg=PLAN,,https://img.travel.rakuten.co.jp/image/tr/api/re/gJNfM/?f_hotel_no=201889,まじぇすてぃっくらいふはかたえきまえ,無人運営のスマートステイ。 人に会わず、スムーズに泊まれる宿。,4500,120925.86,469516.15,812-0011,福岡県,福岡市博多区博多駅前1-22-24,050-1808-4730,--,「博多駅」より徒歩約6分。車で約2分 / 福岡都市高速環状線半道橋ICより約11分,なし,博多,https://img.travel.rakuten.co.jp/share/HOTEL/201889/201889.jpg,https://img.travel.rakuten.co.jp/HIMG/90/201889.jpg,,,https://img.travel.rakuten.co.jp/share/HOTEL/201889/201889map.gif,3.0,,,std,スタンダードダブル,6562415.0,【返金不可】素泊まり / シンプルステイ,1,0,0,0,0,2,https://img.travel.rakuten.co.jp/image/tr/api/re/IdsCY/?f_no=201889&f_syu=std&f_hi1=2026-10-03&f_hi2=2026-10-04&f_heya_su=1&f_otona_su=1&f_s1=0&f_s2=0&f_y1=0&f_y2=0&f_y3=0&f_y4=0&f_camp_id=6562415,0,2026-10-03,27500,27500,0,2026-10-03,fukuoka
202193,ＨＯＴＥＬ　グランエム　博多,https://img.travel.rakuten.co.jp/image/tr/api/re/pvonD/?f_no=202193,https://img.travel.rakuten.co.jp/image/tr/api/re/vFumt/?f_no=202193&f_flg=PLAN,,https://img.travel.rakuten.co.jp/image/tr/api/re/gJNfM/?f_hotel_no=202193,ほてる　ぐらんえむ　はかた,新築アパートメントホテルが誕生！,2331,120888.64,469517.94,812-0011,福岡県,福岡市博多区博多駅前4-30-16,092-409-4892,--,博多駅より徒歩12分,なし,博多,https://img.travel.rakuten.co.jp/share/HOTEL/202193/202193.jpg,https://img.travel.rakuten.co.jp/HIMG/90/202193.jpg,,,https://img.travel.rakuten.co.jp/share/HOTEL/202193/202193map.gif,,,,bhito,コンフォート4人部屋B,6607066.0,【素泊まり】スタンダードプラン「迷ったらコレ！」,1,0,0,0,0,2,https://img.travel.rakuten.co.jp/image/tr/api/re/IdsCY/?f_no=202193&f_syu=bhito&f_hi1=2026-10-03&f_hi2=2026-10-04&f_heya_su=1&f_otona_su=1&f_s1=0&f_s2=0&f_y1=0&f_y2=0&f_y3=0&f_y4=0&f_camp_id=6607066,0,2026-10-03,50400,50400,0,2026-10-03,fukuoka
174724,ユートピア若宮１０６／民泊,https://img.travel.rakuten.co.jp/image/tr/api/re/pvonD/?f_no=174724,https://img.travel.rakuten.co.jp/image/tr/api/re/vFumt/?f_no=174724&f_flg=PLAN,,https://img.travel.rakuten.co.jp/image/tr/api/re/gJNfM/?f_hotel_no=174724,,とても静かな空気が良い山の手の住宅街です。長期滞在の固定ゲストもいらっしゃいます。【民泊】,7830,121086.12,469628.86,813-0036,福岡県,福岡市東区若宮3-1-19,080-7003-2290,000-000-0000,舞松原駅より徒歩にて約２０分,無し,舞松原,https://img.travel.rakuten.co.jp/share/HOTEL/174724/174724.jpg,https://img.travel.rakuten.co.jp/HIMG/90/174724.jpg,https://img.travel.rakuten.co.jp/share/HOTEL/174724/174724_kan1.jpg,https://img.travel.rakuten.co.jp/HIMG/INTERIOR/174724.jpg,https://img.travel.rakuten.co.jp/share/HOTEL/174724/174724map.gif,1.0,,,r5141_2,106 PEKO’s   HOUSE,4756099.0,106 Cozy and Cleanliness Apartment,1,0,0,0,0,2,https://img.travel.rakuten.co.jp/image/tr/api/re/IdsCY/?f_no=174724&f_syu=r5141_2&f_hi1=2026-10-03&f_hi2=2026-10-04&f_heya_su=1&f_otona_su=1&f_s1=0&f_s2=0&f_y1=0&f_y2=0&f_y3=0&f_y4=0&f_camp_id=4756099,0,2026-10-03,15080,15080,0,2026-10-03,fukuoka
174565,ＦＬＡＴ　ＨＯＵＳＥ　ｖｉｌｌａ／民泊,https://img.travel.rakuten.co.jp/image/tr/api/re/pvonD/?f_no=174565,https://img.travel.rakuten.co.jp/image/tr/api/re/vFumt/?f_no=174565&f_flg=PLAN,,https://img.travel.rakuten.co.jp/image/tr/api/re/gJNfM/?f_hotel_no=174565,,築５０年以上の古い米兵用住宅＝米軍ハウスで　ゆったりした時間を過ごしませんか。【民泊】,9860,121120.58,469277.08,811-0321,福岡県,福岡市東区西戸崎4-18-1,090-6489-5725,000-000-0000,西戸崎駅より徒歩にて約３分,有り,西戸崎,https://img.travel.rakuten.co.jp/share/HOTEL/174565/174565.jpg,https://img.travel.rakuten.co.jp/HIMG/90/174565.jpg,,,https://img.travel.rakuten.co.jp/share/HOTEL/174565/174565map.gif,,,,r4674_6,FLAT  HOUSE villa,5442208.0,海辺の米軍ハウスにのんびり滞在,1,0,0,0,0,2,https://img.travel.rakuten.co.jp/image/tr/api/re/IdsCY/?f_no=174565&f_syu=r4674_6&f_hi1=2026-10-03&f_hi2=2026-10-04&f_heya_su=1&f_otona_su=1&f_s1=0&f_s2=0&f_y1=0&f_y2=0&f_y3=0&f_y4=0&f_camp_id=5442208,0,2026-10-03,13920,13920,0,2026-10-03,fukuoka
173742,１０５　Ｃｏｚｙ　ａｎｄ　Ｃｌｅａｎｌｉｎｅｓｓ　Ａｐａｒｔｍｅｎｔ／民泊,https://img.travel.rakuten.co.jp/image/tr/api/re/pvonD/?f_no=173742,https://img.travel.rakuten.co.jp/image/tr/api/re/vFumt/?f_no=173742&f_flg=PLAN,,https://img.travel.rakuten.co.jp/image/tr/api/re/gJNfM/?f_hotel_no=173742,,とても静かな空気が良い住宅街です。長期ゲストも来られます。【民泊】,6187,121086.12,469628.86,813-0036,福岡県,福岡市東区若宮3-1-19　ユートピア若宮105号,080-7003-2290,000-000-0000,舞松原駅より徒歩にて約２０分,無し,舞松原,https://img.travel.rakuten.co.jp/share/HOTEL/173742/173742.jpg,https://img.travel.rakuten.co.jp/HIMG/90/173742.jpg,https://img.travel.rakuten.co.jp/share/HOTEL/173742/173742_kan1.jpg,https://img.travel.rakuten.co.jp/HIMG/INTERIOR/173742.jpg,https://img.travel.rakuten.co.jp/share/HOTEL/173742/173742map.gif,1.0,,,54198_5161,105号PEKO’s   HOUSE,4723317.0,105号  QUIET  And  COZY,1,0,0,0,0,2,https://img.travel.rakuten.co.jp/image/tr/api/re/IdsCY/?f_no=173742&f_syu=54198_5161&f_hi1=2026-10-03&f_hi2=2026-10-04&f_heya_su=1&f_otona_su=1&f_s1=0&f_s2=0&f_y1=0&f_y2=0&f_y3=0&f_y4=0&f_camp_id=4723317,0,2026-10-03,14500,14500,0,2026-10-03,fukuoka
173809,２０７　ＰＥＫＯ＇ｓＨＯＵＳＥ／民泊,https://img.travel.rakuten.co.jp/image/tr/api/re/pvonD/?f_no=173809,https://img.travel.rakuten.co.jp/image/tr/api/re/vFumt/?f_no=173809&f_flg=PLAN,,https://img.travel.rakuten.co.jp/image/tr/api/re/gJNfM/?f_hotel_no=173809,,【民泊】,6187,121086.12,469628.86,813-0036,福岡県,福岡市東区若宮3-1-19,080-7003-2290,000-000-0000,舞松原駅より徒歩にて約４分,無し,舞松原,https://img.travel.rakuten.co.jp/share/HOTEL/173809/173809.jpg,https://img.travel.rakuten.co.jp/HIMG/90/173809.jpg,https://img.travel.rakuten.co.jp/share/HOTEL/173809/173809_kan1.jpg,https://img.travel.rakuten.co.jp/HIMG/INTERIOR/173809.jpg,https://img.travel.rakuten.co.jp/share/HOTEL/173809/173809map.gif,,,,55488_5372,PEKO’S  HOUSE  207,4723294.0,207 Pocket WIFI!Quiet and Cozy,1,0,0,0,0,2,https://img.travel.rakuten.co.jp/image/tr/api/re/IdsCY/?f_no=173809&f_syu=55488_5372&f_hi1=2026-10-03&f_hi2=2026-10-04&f_heya_su=1&f_otona_su=1&f_s1=0&f_s2=0&f_y1=0&f_y2=0&f_y3=0&f_y4=0&f_camp_id=4723294,0,2026-10-03,14500,14500,0,2026-10-03,fukuoka
67249,割烹旅館　まさご屋,https://img.travel.rakuten.co.jp/image/tr/api/re/pvonD/?f_no=67249,https://img.travel.rakuten.co.jp/image/tr/api/re/vFumt/?f_no=67249&f_flg=PLAN,https://img.travel.rakuten.co.jp/image/tr/api/re/WzozX/?noTomariHotel=67249,https://img.travel.rakuten.co.jp/image/tr/api/re/gJNfM/?f_hotel_no=67249,かっぽう　まさごや,玄界灘を眺望しながら静かなひとときを！！獲れたての魚介類を「まさごや」の技で料理！！,7000,121261.87,469068.97,811-0325,福岡県,福岡市東区勝馬257-5,092-603-6417,092-603-6788,太宰府IC、福岡ICからは都市高速経由「香椎浜ランプ」より海の中道大橋経由で志賀島へ,有り　５０台　無料　予約不要,西戸崎,https://img.travel.rakuten.co.jp/share/HOTEL/67249/67249.jpg,https://img.travel.rakuten.co.jp/HIMG/90/67249.jpg,https://img.travel.rakuten.co.jp/share/HOTEL/67249/67249_wa.jpg,https://img.travel.rakuten.co.jp/HIMG/INTERIOR/67249.jpg,https://img.travel.rakuten.co.jp/share/HOTEL/67249/67249map.gif,53.0,4.58,"しかし、壁が薄いので、横の部屋の方の扉を開閉する音がものすごく聞こえます。お盆の…　2026-08-24 05:42:55投稿 <a href=""https://img.travel.rakuten.co.jp/image/tr/api/re/gJNfM/?f_hotel_no=67249"" class=""3click"">つづきはこちら</a>",202,風呂露天タイプ202号,6345121.0,ゆっくり素泊まりプラン202,1,0,0,0,0,2,https://img.travel.rakuten.co.jp/image/tr/api/re/IdsCY/?f_no=67249&f_syu=202&f_hi1=2026-10-03&f_hi2=2026-10-04&f_heya_su=1&f_otona_su=1&f_s1=0&f_s2=0&f_y1=0&f_y2=0&f_y3=0&f_y4=0&f_camp_id=6345121,0,2026-10-03,20000,20000,0,2026-10-03,fukuoka
200635,ＬｕｘｕｒｙＳｗｅｅｔ博多駅南４１／民泊,https://img.travel.rakuten.co.jp/image/tr/api/re/pvonD/?f_no=200635,https://img.travel.rakuten.co.jp/image/tr/api/re/vFumt/?f_no=200635&f_flg=PLAN,,https://img.travel.rakuten.co.jp/image/tr/api/re/gJNfM/?f_hotel_no=200635,,　,5191,120868.39,469549.42,812-0016,福岡県,福岡市博多区博多駅南5-6-34　ｍｏｄｅｒｎ　ｐａｌａｚｚｏ博多南Ｖｏｇｕｅ４０１,070-4732-0719,00-0000-0000,竹下駅から徒歩で4分,なし,竹下,https://img.travel.rakuten.co.jp/share/HOTEL/200635/200635.jpg,https://img.travel.rakuten.co.jp/HIMG/90/200635.jpg,,,https://img.travel.rakuten.co.jp/share/HOTEL/200635/200635map.gif,,,,r23056_4,LuxurySweet博多駅南41,6547350.0,New!Luxury Sweet 博多駅南 41 博多駅車で5分 新築 条件付きペット宿泊可,1,0,0,0,0,2,https://img.travel.rakuten.co.jp/image/tr/api/re/IdsCY/?f_no=200635&f_syu=r23056_4&f_hi1=2026-10-03&f_hi2=2026-10-04&f_heya_su=1&f_otona_su=1&f_s1=0&f_s2=0&f_y1=0&f_y2=0&f_y3=0&f_y4=0&f_camp_id=6547350,0,2026-10-03,24360,24360,0,2026-10-03,fukuoka
193858,ハイネス五条／民泊,https://img.travel.rakuten.co.jp/image/tr/api/re/pvonD/?f_no=193858,https://img.travel.rakuten.co.jp/image/tr/api/re/vFumt/?f_no=193858&f_flg=PLAN,,https://img.travel.rakuten.co.jp/image/tr/api/re/gJNfM/?f_hotel_no=193858,,　,7695,120634.37,469918.25,818-0125,福岡県,太宰府市五条4-14-6　ハイネス五条,090-6931-6019,000-000-0000,西鉄五条駅から徒歩で約２分,無し,西鉄五条,https://img.travel.rakuten.co.jp/share/HOTEL/193858/193858.jpg,https://img.travel.rakuten.co.jp/HIMG/90/193858.jpg,,,https://img.travel.rakuten.co.jp/share/HOTEL/193858/193858map.gif,1.0,,,r18191_3,105,6155030.0,太宰府天満宮まで徒歩15分★観光・お仕事に!,1,0,0,0,0,2,https://img.travel.rakuten.co.jp/image/tr/api/re/IdsCY/?f_no=193858&f_syu=r18191_3&f_hi1=2026-10-03&f_hi2=2026-10-04&f_heya_su=1&f_otona_su=1&f_s1=0&f_s2=0&f_y1=0&f_y2=0&f_y3=0&f_y4=0&f_camp_id=6155030,0,2026-10-03,24824,24824,0,2026-10-03,fukuoka
162868,Ｓｔａｙ　Ａｉｒｐｏｒｔ,https://img.travel.rakuten.co.jp/image/tr/api/re/pvonD/?f_no=162868,https://img.travel.rakuten.co.jp/image/tr/api/re/vFumt/?f_no=162868&f_flg=PLAN,https://img.travel.rakuten.co.jp/image/tr/api/re/WzozX/?noTomariHotel=162868,https://img.travel.rakuten.co.jp/image/tr/api/re/gJNfM/?f_hotel_no=162868,すてい　えあぽーと,出張にも便利。福岡空港まで徒歩約10分　,5352,120946.6,469629.99,812-0002,福岡県,福岡市博多区空港前2-11-15,092-406-8470,,福岡空港国内線A出口より徒歩約10分,"あり。（事前予約制）1泊1,300円",福岡空港,https://img.travel.rakuten.co.jp/share/HOTEL/162868/162868.jpg,https://img.travel.rakuten.co.jp/HIMG/90/162868.jpg,https://img.travel.rakuten.co.jp/share/HOTEL/162868/162868_kan1.jpg,https://img.travel.rakuten.co.jp/HIMG/INTERIOR/162868.jpg,https://img.travel.rakuten.co.jp/share/HOTEL/162868/162868map.gif,113.0,4.07,"口コミで「音が気になる」という声があったので少し心配していました。21時頃までは階段を上がる音などが聞こえました。ただ、その後は特に気になること…　2026-09-21 19:53:02投稿 <a href=""https://img.travel.rakuten.co.jp/image/tr/api/re/gJNfM/?f_hotel_no=162868"" class=""3click"">つづきはこちら</a>",trp,トリプルルーム禁煙,5857043.0,【選べるアメニティバイキング】素泊まりプラン〜福岡空港国内線まで徒歩10分〜,1,0,0,0,0,2,https://img.travel.rakuten.co.jp/image/tr/api/re/IdsCY/?f_no=162868&f_syu=trp&f_hi1=2026-10-03&f_hi2=2026-10-04&f_heya_su=1&f_otona_su=1&f_s1=0&f_s2=0&f_y1=0&f_y2=0&f_y3=0&f_y4=0&f_camp_id=5857043,0,2026-10-03,30225,30225,0,2026-10-03,fukuoka
198582,ホテルリファレンス祇園コンドミニアム,https://img.travel.rakuten.co.jp/image/tr/api/re/pvonD/?f_no=198582,https://img.travel.rakuten.co.jp/image/tr/api/re/vFumt/?f_no=198582&f_flg=PLAN,,https://img.travel.rakuten.co.jp/image/tr/api/re/gJNfM/?f_hotel_no=198582,ほてるりふぁれんすぎおんこんどみにあむ,地下鉄祇園駅より徒歩4分 博多駅博多口からも徒歩で10分　好立地のアパートメントホテル,8800,120920.6,469497.85,812-0038,福岡県,福岡市博多区祇園町4-76,092-402-7420,--,福岡市地下鉄空港線祇園駅より徒歩4分、博多駅博多口より徒歩10分,なし,祇園（福岡）,https://img.travel.rakuten.co.jp/share/HOTEL/198582/198582.jpg,https://img.travel.rakuten.co.jp/HIMG/90/198582.jpg,,,https://img.travel.rakuten.co.jp/share/HOTEL/198582/198582map.gif,3.0,,,gio01,【禁煙】ダブルベッド1台 定員2名【1Kスタイル】,6419031.0,【アパートメントホテル】地下鉄祇園駅より徒歩4分、博多駅より徒歩10分の好立地【1Kスタイル】,1,0,0,0,0,2,https://img.travel.rakuten.co.jp/image/tr/api/re/IdsCY/?f_no=198582&f_syu=gio01&f_hi1=2026-10-03&f_hi2=2026-10-04&f_heya_su=1&f_otona_su=1&f_s1=0&f_s2=0&f_y1=0&f_y2=0&f_y3=0&f_y4=0&f_camp_id=6419031,0,2026-10-03,30800,30800,0,2026-10-03,fukuoka
198694,ホテルドルフ古門戸,https://img.travel.rakuten.co.jp/image/tr/api/re/pvonD/?f_no=198694,https://img.travel.rakuten.co.jp/image/tr/api/re/vFumt/?f_no=198694&f_flg=PLAN,,https://img.travel.rakuten.co.jp/image/tr/api/re/gJNfM/?f_hotel_no=198694,ほてるどるふこもんど,中洲にも徒歩で行けます！,2123,120945.48,469459.73,812-0029,福岡県,福岡市博多区古門戸町10-13,092-409-4892,,中洲川端駅より徒歩10分,専用駐車場・提携駐車場はございません。 公式サイトから、近隣のコインパーキングをご確認下さい。,中洲川端,https://img.travel.rakuten.co.jp/share/HOTEL/198694/198694.jpg,https://img.travel.rakuten.co.jp/HIMG/90/198694.jpg,,,https://img.travel.rakuten.co.jp/share/HOTEL/198694/198694map.gif,1.0,,,ahito,1ベットルーム　アパートメントA,6602979.0,【楽天スーパーSALE】【素泊まり】スタンダードプラン「迷ったらコレ！」,1,0,0,0,0,2,https://img.travel.rakuten.co.jp/image/tr/api/re/IdsCY/?f_no=198694&f_syu=ahito&f_hi1=2026-10-03&f_hi2=2026-10-04&f_heya_su=1&f_otona_su=1&f_s1=0&f_s2=0&f_y1=0&f_y2=0&f_y3=0&f_y4=0&f_camp_id=6602979,0,2026-10-03,32001,32001,0,2026-10-03,fukuoka
197512,Ｆｅｌｉｃｅ　Ｈａｋａｔａ,https://img.travel.rakuten.co.jp/image/tr/api/re/pvonD/?f_no=197512,https://img.travel.rakuten.co.jp/image/tr/api/re/vFumt/?f_no=197512&f_flg=PLAN,,https://img.travel.rakuten.co.jp/image/tr/api/re/gJNfM/?f_hotel_no=197512,ふぇりーちぇ　はかた,アパートメントホテルが誕生！ご自宅のようにご利用いただけます。,1913,120929.06,469543.83,812-0008,福岡県,福岡市博多区東光2-6-24,092-409-4892,,博多駅より徒歩11分,専用駐車場・提携駐車場はございません。 公式サイトから、近隣のコインパーキングをご確認下さい。,博多,https://img.travel.rakuten.co.jp/share/HOTEL/197512/197512.jpg,https://img.travel.rakuten.co.jp/HIMG/90/197512.jpg,,,https://img.travel.rakuten.co.jp/share/HOTEL/197512/197512map.gif,1.0,,,bhito,スーペリア　1ベットルーム　アパートメントB,6602936.0,【楽天スーパーSALE】【素泊まり】スタンダードプラン「迷ったらコレ！」,1,0,0,0,0,2,https://img.travel.rakuten.co.jp/image/tr/api/re/IdsCY/?f_no=197512&f_syu=bhito&f_hi1=2026-10-03&f_hi2=2026-10-04&f_heya_su=1&f_otona_su=1&f_s1=0&f_s2=0&f_y1=0&f_y2=0&f_y3=0&f_y4=0&f_camp_id=6602936,0,2026-10-03,32501,32501,0,2026-10-03,fukuoka
196734,慶　ＨＯＴＥＬ　ＬＩＫＥ　ＲＥＳＩＤＥＮＣＥ,https://img.travel.rakuten.co.jp/image/tr/api/re/pvonD/?f_no=196734,https://img.travel.rakuten.co.jp/image/tr/api/re/vFumt/?f_no=196734&f_flg=PLAN,,https://img.travel.rakuten.co.jp/image/tr/api/re/gJNfM/?f_hotel_no=196734,けいほてるらいくれじでんす,新築のアパートメントホテル！室内キッチンあり！,1798,120874.82,469517.49,812-0017,福岡県,福岡市博多区美野島2-5-2,092-409-4892,092-401-1057,博多駅より徒歩で約１８分,無し,博多,https://img.travel.rakuten.co.jp/share/HOTEL/196734/196734.jpg,https://img.travel.rakuten.co.jp/HIMG/90/196734.jpg,,,https://img.travel.rakuten.co.jp/share/HOTEL/196734/196734map.gif,14.0,4.36,,chito,スタンダードスタジオC,6602878.0,【楽天スーパーSALE】【素泊まり】スタンダードプラン「迷ったらコレ！」,1,0,0,0,0,2,https://img.travel.rakuten.co.jp/image/tr/api/re/IdsCY/?f_no=196734&f_syu=chito&f_hi1=2026-10-03&f_hi2=2026-10-04&f_heya_su=1&f_otona_su=1&f_s1=0&f_s2=0&f_y1=0&f_y2=0&f_y3=0&f_y4=0&f_camp_id=6602878,0,2026-10-03,34501,34501,0,2026-10-03,fukuoka
183135,＆ＨＯＴＥＬ　ＨＡＫＡＴＡ,https://img.travel.rakuten.co.jp/image/tr/api/re/pvonD/?f_no=183135,https://img.travel.rakuten.co.jp/image/tr/api/re/vFumt/?f_no=183135&f_flg=PLAN,https://img.travel.rakuten.co.jp/image/tr/api/re/WzozX/?noTomariHotel=183135,https://img.travel.rakuten.co.jp/image/tr/api/re/gJNfM/?f_hotel_no=183135,あんどほてる　はかた,2021年8月オープン。人気カフェ併設のカルチャー系ビジネスホテル。,5007,120929.15,469489.85,812-0039,福岡県,福岡市博多区冷泉町9-6,050-1721-0831,092-235-3903,福岡市営地下鉄 祇園駅より徒歩約4分,駐車場付きプランをご予約ください。※1日1組限定,祇園（福岡）,https://img.travel.rakuten.co.jp/share/HOTEL/183135/183135.jpg,https://img.travel.rakuten.co.jp/HIMG/90/183135.jpg,,,https://img.travel.rakuten.co.jp/share/HOTEL/183135/183135map.gif,92.0,3.64,"友人2人旅でした。ツインのベットスペースは十分。お風呂はシャワーのみで狭いが許容範囲。洗面所トイレもそれぞれあり不便はありません。キャリーケースを広げるスペースはないので布団の上になります。夜中2時頃…　2026-06-30 11:52:03投稿 <a href=""https://img.travel.rakuten.co.jp/image/tr/api/re/gJNfM/?f_hotel_no=183135"" class=""3click"">つづきはこちら</a>",1,スタンダード ダブルルーム,5205782.0,◆【シンプルステイ】観光やビジネスの拠点に！シンプルでオシャレな空間で過ごす福岡STAY　素泊り,1,0,0,0,0,1,https://img.travel.rakuten.co.jp/image/tr/api/re/IdsCY/?f_no=183135&f_syu=1&f_hi1=2026-10-03&f_hi2=2026-10-04&f_heya_su=1&f_otona_su=1&f_s1=0&f_s2=0&f_y1=0&f_y2=0&f_y3=0&f_y4=0&f_camp_id=5205782,0,2026-10-03,36100,36100,0,2026-10-03,fukuoka
200483,ＴＨＥ　ＴＥＲＲＡｃｅ　ＨＡＫＡＴＡ　＾,https://img.travel.rakuten.co.jp/image/tr/api/re/pvonD/?f_no=200483,https://img.travel.rakuten.co.jp/image/tr/api/re/vFumt/?f_no=200483&f_flg=PLAN,,https://img.travel.rakuten.co.jp/image/tr/api/re/gJNfM/?f_hotel_no=200483,, ,5484,120956.61,469495.82,812-0044,福岡県,福岡市博多区千代3-5-16-1　ＴＨＥ　ＴＥＲＲＡｃｅ　ＨＡＫＡＴＡ,092-406-2203,00-0000-0000,千代県庁口駅から徒歩で1分,なし,千代県庁口,https://img.travel.rakuten.co.jp/share/HOTEL/200483/200483.jpg,https://img.travel.rakuten.co.jp/HIMG/90/200483.jpg,,,https://img.travel.rakuten.co.jp/share/HOTEL/200483/200483map.gif,,,,1590184_4,スタンダードルーム,6511992.0,NEW OPEN!博多駅まで15分・最大4人使用の新築アパート,1,0,0,0,0,2,https://img.travel.rakuten.co.jp/image/tr/api/re/IdsCY/?f_no=200483&f_syu=1590184_4&f_hi1=2026-10-03&f_hi2=2026-10-04&f_heya_su=1&f_otona_su=1&f_s1=0&f_s2=0&f_y1=0&f_y2=0&f_y3=0&f_y4=0&f_camp_id=6511992,0,2026-10-03,37352,37352,0,2026-10-03,fukuoka
665,キャナルシティ・福岡ワシントンホテル（２０２６年９月１日リニューアルオープン）,https://img.travel.rakuten.co.jp/image/tr/api/re/pvonD/?f_no=665,https://img.travel.rakuten.co.jp/image/tr/api/re/vFumt/?f_no=665&f_flg=PLAN,https://img.travel.rakuten.co.jp/image/tr/api/re/WzozX/?noTomariHotel=665,https://img.travel.rakuten.co.jp/image/tr/api/re/gJNfM/?f_hotel_no=665,きゃなるしてぃ・ふくおか　わしんとんほてる,2026年9月1日リニューアルオープン！九州最大の商業施設キャナルシティ博多併設☆九州最大の繁華街「中洲」にも徒歩圏内！,8320,120912.88,469488.26,812-0018,福岡県,福岡市博多区住吉1-2-20,092-282-8800,092-282-0757,地下鉄櫛田神社前駅 徒歩約3分　JR博多駅博多口より徒歩約１0分。キャナルシティ博多内にあります！！,キャナルシティ博多の駐車場を提携にてご案内　１泊　1700円(13:30〜翌10:30) ,博多,https://img.travel.rakuten.co.jp/share/HOTEL/665/665.jpg,https://img.travel.rakuten.co.jp/HIMG/90/665.jpg,https://img.travel.rakuten.co.jp/share/HOTEL/665/665_heya.jpg,https://img.travel.rakuten.co.jp/HIMG/INTERIOR/665.jpg,https://img.travel.rakuten.co.jp/share/HOTEL/665/665map.gif,5774.0,4.03,,stdb,スタンダードダブル（140cm幅ベッド／14平米／禁煙）,6525299.0,【期間限定★特別価格】贅沢に博多を味わう！ご当地朝食ビュッフェ,1,0,0,1,0,1,https://img.travel.rakuten.co.jp/image/tr/api/re/IdsCY/?f_no=665&f_syu=stdb&f_hi1=2026-10-03&f_hi2=2026-10-04&f_heya_su=1&f_otona_su=1&f_s1=0&f_s2=0&f_y1=0&f_y2=0&f_y3=0&f_y4=0&f_camp_id=6525299,0,2026-10-03,37670,37670,0,2026-10-03,fukuoka
180451,Ｈｏｔｅｌ　Ｄｒｅａｍ　Ｉｎｎ　Ｈａｋａｔａ,https://img.travel.rakuten.co.jp/image/tr/api/re/pvonD/?f_no=180451,https://img.travel.rakuten.co.jp/image/tr/api/re/vFumt/?f_no=180451&f_flg=PLAN,https://img.travel.rakuten.co.jp/image/tr/api/re/WzozX/?noTomariHotel=180451,https://img.travel.rakuten.co.jp/image/tr/api/re/gJNfM/?f_hotel_no=180451,ほてる　どりーむ　いん　はかた,博多駅から徒歩約10分。　全室キッチンと乾燥機付き洗濯機完備でご家族での旅行やビジネス利用も快適♪,2880,120887.59,469527.88,812-0016,福岡県,福岡市博多区博多駅南2-11-25,092-471-6787,092-451-5511,博多駅より徒歩にて約10分,無し,博多,https://img.travel.rakuten.co.jp/share/HOTEL/180451/180451.jpg,https://img.travel.rakuten.co.jp/HIMG/90/180451.jpg,,,https://img.travel.rakuten.co.jp/share/HOTEL/180451/180451map.gif,55.0,4.0,"周囲に、食べる店、コンビニがあるともっとよいです。　2026-05-10 16:01:17投稿 <a href=""https://img.travel.rakuten.co.jp/image/tr/api/re/gJNfM/?f_hotel_no=180451"" class=""3click"">つづきはこちら</a>",ns_quad3,【本館】２ダブルルーム（定員５名）,5371092.0,【Smart TV・有線LAN・HDMI 完備】仕事も休息も一緒に！,1,0,0,0,0,2,https://img.travel.rakuten.co.jp/image/tr/api/re/IdsCY/?f_no=180451&f_syu=ns_quad3&f_hi1=2026-10-03&f_hi2=2026-10-04&f_heya_su=1&f_otona_su=1&f_s1=0&f_s2=0&f_y1=0&f_y2=0&f_y3=0&f_y4=0&f_camp_id=5371092,0,2026-10-03,38700,38700,0,2026-10-03,fukuoka
181272,グランドベース博多門,https://img.travel.rakuten.co.jp/image/tr/api/re/pvonD/?f_no=181272,https://img.travel.rakuten.co.jp/image/tr/api/re/vFumt/?f_no=181272&f_flg=PLAN,https://img.travel.rakuten.co.jp/image/tr/api/re/WzozX/?noTomariHotel=181272,https://img.travel.rakuten.co.jp/image/tr/api/re/gJNfM/?f_hotel_no=181272,ぐらんどべーすはかたもん,【無人フロントホテル】ホテルの中にはいくつもの和が散りばめられ、竹格子、和紙、日本ならではの繊細な技の数々,1840,120943.84,469459.94,812-0029,福岡県,福岡市博多区古門戸町10-12,092-409-4892,,中洲川端駅 7番出口から徒歩9分、バスは「蔵本」で下車後徒歩6分、マリンメッセから徒歩14分,専用駐車場・提携駐車場はございません。 公式サイトから、近隣のコインパーキングをご確認下さい。,福岡空港,https://img.travel.rakuten.co.jp/share/HOTEL/181272/181272.jpg,https://img.travel.rakuten.co.jp/HIMG/90/181272.jpg,,,https://img.travel.rakuten.co.jp/share/HOTEL/181272/181272map.gif,21.0,4.1,"部屋は普通によかったですが、ソファがボロボロだったのは残念。　2026-09-13 14:56:05投稿 <a href=""https://img.travel.rakuten.co.jp/image/tr/api/re/gJNfM/?f_hotel_no=181272"" class=""3click"">つづきはこちら</a>",ahito,スタンダードA,4902942.0,【素泊まり】スタンダードプラン「迷ったらコレ！」,1,0,0,0,0,2,https://img.travel.rakuten.co.jp/image/tr/api/re/IdsCY/?f_no=181272&f_syu=ahito&f_hi1=2026-10-03&f_hi2=2026-10-04&f_heya_su=1&f_otona_su=1&f_s1=0&f_s2=0&f_y1=0&f_y2=0&f_y3=0&f_y4=0&f_camp_id=4902942,0,2026-10-03,43400,43400,0,2026-10-03,fukuoka
194059,宰府　松　＾,https://img.travel.rakuten.co.jp/image/tr/api/re/pvonD/?f_no=194059,https://img.travel.rakuten.co.jp/image/tr/api/re/vFumt/?f_no=194059&f_flg=PLAN,,https://img.travel.rakuten.co.jp/image/tr/api/re/gJNfM/?f_hotel_no=194059,,宰府　松　新築戸建て一棟まるまる貸切！モダンおしゃれリビング！太宰府天満宮近く　駐車場縦列２台可,9396,120678.0,469934.9,818-0117,福岡県,太宰府市宰府5-10-25-2　宰府　松,090-4984-7350,000-000-0000,太宰府駅から徒歩で約３分,有り,太宰府,https://img.travel.rakuten.co.jp/share/HOTEL/194059/194059.jpg,https://img.travel.rakuten.co.jp/HIMG/90/194059.jpg,,,https://img.travel.rakuten.co.jp/share/HOTEL/194059/194059map.gif,,,,1152738_10,一戸建て,6185250.0,宰府 松,1,0,0,0,0,2,https://img.travel.rakuten.co.jp/image/tr/api/re/IdsCY/?f_no=194059&f_syu=1152738_10&f_hi1=2026-10-03&f_hi2=2026-10-04&f_heya_su=1&f_otona_su=1&f_s1=0&f_s2=0&f_y1=0&f_y2=0&f_y3=0&f_y4=0&f_camp_id=6185250,0,2026-10-03,43500,43500,0,2026-10-03,fukuoka
194060,宰府　梅　＾,https://img.travel.rakuten.co.jp/image/tr/api/re/pvonD/?f_no=194060,https://img.travel.rakuten.co.jp/image/tr/api/re/vFumt/?f_no=194060&f_flg=PLAN,,https://img.travel.rakuten.co.jp/image/tr/api/re/gJNfM/?f_hotel_no=194060,,★最大１２名様宿泊可能★アメニティ充実★Ｆｒｅｅ　Ｗｉ－Ｆｉ完備★トイレ、風呂別,9396,120678.0,469934.9,818-0117,福岡県,太宰府市宰府5-10-25-3　宰府　梅,090-4984-7350,000-000-0000,太宰府駅から徒歩で約３分,有り,太宰府,https://img.travel.rakuten.co.jp/share/HOTEL/194060/194060.jpg,https://img.travel.rakuten.co.jp/HIMG/90/194060.jpg,,,https://img.travel.rakuten.co.jp/share/HOTEL/194060/194060map.gif,2.0,,,1152782_12,一戸建て,6185251.0,宰府 梅,1,0,0,0,0,2,https://img.travel.rakuten.co.jp/image/tr/api/re/IdsCY/?f_no=194060&f_syu=1152782_12&f_hi1=2026-10-03&f_hi2=2026-10-04&f_heya_su=1&f_otona_su=1&f_s1=0&f_s2=0&f_y1=0&f_y2=0&f_y3=0&f_y4=0&f_camp_id=6185251,0,2026-10-03,43500,43500,0,2026-10-03,fukuoka
202112,ＭｉＧＯ　ＨＯＴＥＬ　ＦＵＫＵＯＫＡ　０１,https://img.travel.rakuten.co.jp/image/tr/api/re/pvonD/?f_no=202112,https://img.travel.rakuten.co.jp/image/tr/api/re/vFumt/?f_no=202112&f_flg=PLAN,,https://img.travel.rakuten.co.jp/image/tr/api/re/gJNfM/?f_hotel_no=202112,みごほてるふくおか01,新築アパートメントホテルが誕生！,2263,120943.64,469460.57,812-0029,福岡県,福岡市博多区古門戸町9-2,092-409-4892,--,中洲川端駅より徒歩8分,なし,中洲川端,https://img.travel.rakuten.co.jp/share/HOTEL/202112/202112.jpg,https://img.travel.rakuten.co.jp/HIMG/90/202112.jpg,,,https://img.travel.rakuten.co.jp/share/HOTEL/202112/202112map.gif,,,,bhito,スタンダード4人部屋B,6619488.0,【素泊まり】スタンダードプラン「迷ったらコレ！」,1,0,0,0,0,2,https://img.travel.rakuten.co.jp/image/tr/api/re/IdsCY/?f_no=202112&f_syu=bhito&f_hi1=2026-10-03&f_hi2=2026-10-04&f_heya_su=1&f_otona_su=1&f_s1=0&f_s2=0&f_y1=0&f_y2=0&f_y3=0&f_y4=0&f_camp_id=6619488,0,2026-10-03,43736,43736,0,2026-10-03,fukuoka
197857,ＬＯＮＧ　ＶＡＣＡＴＩＯＮ　ＲＥＳＯＲＴ,https://img.travel.rakuten.co.jp/image/tr/api/re/pvonD/?f_no=197857,https://img.travel.rakuten.co.jp/image/tr/api/re/vFumt/?f_no=197857&f_flg=PLAN,,https://img.travel.rakuten.co.jp/image/tr/api/re/gJNfM/?f_hotel_no=197857,ろんぐばけーしょんりぞーと,博多湾を一望できる最高のロケーション。プールと露天風呂のあるリゾートグランピングで極上のひとときを…,10900,121127.64,469258.06,811-0321,福岡県,福岡市東区西戸崎5-24-1,092-260-8885,092-260-8503,JR西戸崎駅から徒歩16分／お車でお越しの場合、海の中道から「海浜公園南」交差点を左折した直後に右折,あり　100台　無料　先着順■チェックイン前でもご利用いただけます。,西戸崎,https://img.travel.rakuten.co.jp/share/HOTEL/197857/197857.jpg,https://img.travel.rakuten.co.jp/HIMG/90/197857.jpg,,,https://img.travel.rakuten.co.jp/share/HOTEL/197857/197857map.gif,16.0,4.19,"部屋風呂プラス露天風呂まで部屋に…　2026-08-16 18:49:33投稿 <a href=""https://img.travel.rakuten.co.jp/image/tr/api/re/gJNfM/?f_hotel_no=197857"" class=""3click"">つづきはこちら</a>",004,【露天風呂/プール付】離れタイプの客室,6359291.0,【素泊り】SIMPLE STAY,1,0,0,0,0,1,https://img.travel.rakuten.co.jp/image/tr/api/re/IdsCY/?f_no=197857&f_syu=004&f_hi1=2026-10-03&f_hi2=2026-10-04&f_heya_su=1&f_otona_su=1&f_s1=0&f_s2=0&f_y1=0&f_y2=0&f_y3=0&f_y4=0&f_camp_id=6359291,0,2026-10-03,44900,44900,0,2026-10-03,fukuoka
192994,ホテルサリフォート博多,https://img.travel.rakuten.co.jp/image/tr/api/re/pvonD/?f_no=192994,https://img.travel.rakuten.co.jp/image/tr/api/re/vFumt/?f_no=192994&f_flg=PLAN,,https://img.travel.rakuten.co.jp/image/tr/api/re/gJNfM/?f_hotel_no=192994,さりふぉーとはかた,【無人フロントホテル】２０２４年１０月グランドオープン！博多駅からも空港からもアクセス良好です◎,1798,120939.38,469528.74,812-0043,福岡県,福岡市博多区堅粕3-6-7,092-409-4892,092-401-1057,博多駅よりお車で約５分、福岡空港国内線よりお車で約１２分,無し,博多,https://img.travel.rakuten.co.jp/share/HOTEL/192994/192994.jpg,https://img.travel.rakuten.co.jp/HIMG/90/192994.jpg,,,https://img.travel.rakuten.co.jp/share/HOTEL/192994/192994map.gif,,,,ahito,コンフォートA,6602825.0,【楽天スーパーSALE】【素泊まり】スタンダードプラン「迷ったらコレ！」,1,0,0,0,0,2,https://img.travel.rakuten.co.jp/image/tr/api/re/IdsCY/?f_no=192994&f_syu=ahito&f_hi1=2026-10-03&f_hi2=2026-10-04&f_heya_su=1&f_otona_su=1&f_s1=0&f_s2=0&f_y1=0&f_y2=0&f_y3=0&f_y4=0&f_camp_id=6602825,0,2026-10-03,47501,47501,0,2026-10-03,fukuoka
184358,Ｈｏｔｅｌ　Ｒｉｔｚａ　ＨＡＫＡＴＡ,https://img.travel.rakuten.co.jp/image/tr/api/re/pvonD/?f_no=184358,https://img.travel.rakuten.co.jp/image/tr/api/re/vFumt/?f_no=184358&f_flg=PLAN,,https://img.travel.rakuten.co.jp/image/tr/api/re/gJNfM/?f_hotel_no=184358,Ｈｏｔｅｌ　Ｒｉｔｚａ　ＨＡＫＡＴＡ,博多駅徒歩１４分,2286,120881.17,469524.77,812-0016,福岡県,福岡市博多区博多駅南2-15-11,092-409-4892, ,博多駅徒歩約１４分,無し,博多,https://img.travel.rakuten.co.jp/share/HOTEL/184358/184358.jpg,https://img.travel.rakuten.co.jp/HIMG/90/184358.jpg,,,https://img.travel.rakuten.co.jp/share/HOTEL/184358/184358map.gif,11.0,4.5,,ahito,コンフォート４人部屋A,6602959.0,【楽天スーパーSALE】【素泊まり】スタンダードプラン「迷ったらコレ！」,1,0,0,0,0,2,https://img.travel.rakuten.co.jp/image/tr/api/re/IdsCY/?f_no=184358&f_syu=ahito&f_hi1=2026-10-03&f_hi2=2026-10-04&f_heya_su=1&f_otona_su=1&f_s1=0&f_s2=0&f_y1=0&f_y2=0&f_y3=0&f_y4=0&f_camp_id=6602959,0,2026-10-03,49001,49001,0,2026-10-03,fukuoka
176097,Ｍａｐｌｅ　Ｈｏｕｓｅ　＾,https://img.travel.rakuten.co.jp/image/tr/api/re/pvonD/?f_no=176097,https://img.travel.rakuten.co.jp/image/tr/api/re/vFumt/?f_no=176097&f_flg=PLAN,,https://img.travel.rakuten.co.jp/image/tr/api/re/gJNfM/?f_hotel_no=176097,,Ｍａｐｌｅ　Ｈｏｕｓｅ一戸建て：太宰府天満宮本殿徒歩７分★最大１５名様まで宿泊可能,11136,120680.88,469937.97,818-0117,福岡県,太宰府市宰府5-14－6　Ｍａｐｌｅ　Ｈｏｕｓｅ,090-4984-7350,000-000-0000,太宰府駅から徒歩で約４分,有り,太宰府,https://img.travel.rakuten.co.jp/share/HOTEL/176097/176097.jpg,https://img.travel.rakuten.co.jp/HIMG/90/176097.jpg,,,https://img.travel.rakuten.co.jp/share/HOTEL/176097/176097map.gif,,,,85725,一戸建て,4935199.0,Maple House 築浅 貸切15名迄可 3名まで同料金✡️高速WiFi設置 100Mbps!,1,0,0,0,0,2,https://img.travel.rakuten.co.jp/image/tr/api/re/IdsCY/?f_no=176097&f_syu=85725&f_hi1=2026-10-03&f_hi2=2026-10-04&f_heya_su=1&f_otona_su=1&f_s1=0&f_s2=0&f_y1=0&f_y2=0&f_y3=0&f_y4=0&f_camp_id=4935199,0,2026-10-03,51040,51040,0,2026-10-03,fukuoka
201794,ＳＯＴＥＬ　ＦＵＫＵＯＫＡ　Ａｉｒｐｏｒｔ　Ｎｏ．８,https://img.travel.rakuten.co.jp/image/tr/api/re/pvonD/?f_no=201794,https://img.travel.rakuten.co.jp/image/tr/api/re/vFumt/?f_no=201794&f_flg=PLAN,,https://img.travel.rakuten.co.jp/image/tr/api/re/gJNfM/?f_hotel_no=201794,そてるふくおかえあぽーとはち,新築8人1棟貸切！空港まで6分、4部屋、2台無料駐車、送迎 (No.8),9840,120969.3,469608.4,811-2206,福岡県,糟屋郡志免町御手洗2-9-6,070-1989-5723,--,福岡空港より車で６分,あり　2台　無料　予約不要,福岡空港,https://img.travel.rakuten.co.jp/share/HOTEL/201794/201794.jpg,https://img.travel.rakuten.co.jp/HIMG/90/201794.jpg,,,https://img.travel.rakuten.co.jp/share/HOTEL/201794/201794map.gif,,,,no8,SOTEL Fukuoka Airport No.8,,,1,0,0,0,0,2,https://img.travel.rakuten.co.jp/image/tr/api/re/IdsCY/?f_no=201794&f_syu=no8&f_hi1=2026-10-03&f_hi2=2026-10-04&f_heya_su=1&f_otona_su=1&f_s1=0&f_s2=0&f_y1=0&f_y2=0&f_y3=0&f_y4=0,1,2026-10-03,51600,51600,0,2026-10-03,fukuoka
192380,ＨＯＴＥＬ　Ａｌｌ　Ｓｔａｙ　博多空港通,https://img.travel.rakuten.co.jp/image/tr/api/re/pvonD/?f_no=192380,https://img.travel.rakuten.co.jp/image/tr/api/re/vFumt/?f_no=192380&f_flg=PLAN,,https://img.travel.rakuten.co.jp/image/tr/api/re/gJNfM/?f_hotel_no=192380,おーるすていはかたくうこうどおり,【無人フロントホテル】２０２４年３月リニューアルオープン！博多駅から徒歩圏内の好立地です！,2184,120933.89,469539.24,812-0043,福岡県,福岡市博多区堅粕4-16-5,092-409-4892,092-401-1057,博多駅から徒歩約１３分,無し（敷地内に無断で駐車される方が増えています。絶対にお停めにならないようお願い申し上げます。）,博多,https://img.travel.rakuten.co.jp/share/HOTEL/192380/192380.jpg,https://img.travel.rakuten.co.jp/HIMG/90/192380.jpg,,,https://img.travel.rakuten.co.jp/share/HOTEL/192380/192380map.gif,5.0,4.8,,ahito,スタンダードツインA,6602803.0,【楽天スーパーSALE】【素泊まり】スタンダードプラン「迷ったらコレ！」,1,0,0,0,0,2,https://img.travel.rakuten.co.jp/image/tr/api/re/IdsCY/?f_no=192380&f_syu=ahito&f_hi1=2026-10-03&f_hi2=2026-10-04&f_heya_su=1&f_otona_su=1&f_s1=0&f_s2=0&f_y1=0&f_y2=0&f_y3=0&f_y4=0&f_camp_id=6602803,0,2026-10-03,52500,52500,0,2026-10-03,fukuoka
183197,グランドベース博多南,https://img.travel.rakuten.co.jp/image/tr/api/re/pvonD/?f_no=183197,https://img.travel.rakuten.co.jp/image/tr/api/re/vFumt/?f_no=183197&f_flg=PLAN,https://img.travel.rakuten.co.jp/image/tr/api/re/WzozX/?noTomariHotel=183197,https://img.travel.rakuten.co.jp/image/tr/api/re/gJNfM/?f_hotel_no=183197,ぐらんどべーすはかたみなみ,博多駅筑紫口から徒歩１３分。長期連泊にも便利な設備が充実。※荷物預かり不可,2318,120878.82,469526.94,812-0016,福岡県,福岡市博多区博多駅南2-19-21,050-1720-7129, ,博多駅より徒歩で約１３分,無し,博多,https://img.travel.rakuten.co.jp/share/HOTEL/183197/183197.jpg,https://img.travel.rakuten.co.jp/HIMG/90/183197.jpg,,,https://img.travel.rakuten.co.jp/share/HOTEL/183197/183197map.gif,29.0,3.86,"次回も利用したいと思います。　2026-09-19 22:31:01投稿 <a href=""https://img.travel.rakuten.co.jp/image/tr/api/re/gJNfM/?f_hotel_no=183197"" class=""3click"">つづきはこちら</a>",triple,デラックストリプル,5242849.0,【直前割3】チェックイン3日前以内のご予約でお得にご宿泊プラン♪,1,0,0,0,0,1,https://img.travel.rakuten.co.jp/image/tr/api/re/IdsCY/?f_no=183197&f_syu=triple&f_hi1=2026-10-03&f_hi2=2026-10-04&f_heya_su=1&f_otona_su=1&f_s1=0&f_s2=0&f_y1=0&f_y2=0&f_y3=0&f_y4=0&f_camp_id=5242849,0,2026-10-03,53766,53766,0,2026-10-03,fukuoka
198463,バウンシー・バイ・リーガ　福岡博多（リーガロイヤルホテルグループ）（２０２６年９月１日オープン）,https://img.travel.rakuten.co.jp/image/tr/api/re/pvonD/?f_no=198463,https://img.travel.rakuten.co.jp/image/tr/api/re/vFumt/?f_no=198463&f_flg=PLAN,https://img.travel.rakuten.co.jp/image/tr/api/re/WzozX/?noTomariHotel=198463,https://img.travel.rakuten.co.jp/image/tr/api/re/gJNfM/?f_hotel_no=198463,ばうんしー・ばい・りーが　ふくおかはかた,「HOTEL BAR」をテーマに、リラックスした雰囲気の中でお酒と会話を愉しむライフスタイルホテル,9100,120914.8,469495.09,812-0038,福岡県,福岡市博多区祇園町5-1,092-292-1411,092-291-2141,福岡市地下鉄「櫛田神社前」駅徒歩すぐ、JR「博多」駅より徒歩約10分,なし,博多,https://img.travel.rakuten.co.jp/share/HOTEL/198463/198463.jpg,https://img.travel.rakuten.co.jp/HIMG/90/198463.jpg,,,https://img.travel.rakuten.co.jp/share/HOTEL/198463/198463map.gif,17.0,4.24,"出るとすぐ屋台があったので便利でした　2026-09-28 13:36:59投稿 <a href=""https://img.travel.rakuten.co.jp/image/tr/api/re/gJNfM/?f_hotel_no=198463"" class=""3click"">つづきはこちら</a>",t1,ツイン18平米,6391359.0,【2026年9月OPEN】シンプルステイ《素泊まり》,1,0,0,0,0,1,https://img.travel.rakuten.co.jp/image/tr/api/re/IdsCY/?f_no=198463&f_syu=t1&f_hi1=2026-10-03&f_hi2=2026-10-04&f_heya_su=1&f_otona_su=1&f_s1=0&f_s2=0&f_y1=0&f_y2=0&f_y3=0&f_y4=0&f_camp_id=6391359,0,2026-10-03,55000,55000,0,2026-10-03,fukuoka
192693,Ｇｒａｎｄ　Ｐｒｉｍｅ　ＨＡＫＡＴＡ　ＨＯＴＥＬ,https://img.travel.rakuten.co.jp/image/tr/api/re/pvonD/?f_no=192693,https://img.travel.rakuten.co.jp/image/tr/api/re/vFumt/?f_no=192693&f_flg=PLAN,,https://img.travel.rakuten.co.jp/image/tr/api/re/gJNfM/?f_hotel_no=192693,ぐらんどぷらいむはかたほてる,【無人フロントホテル】２０２４年８月グランドオープン！「キャナルシティ博多」目の前の好立地！,1927,120905.21,469491.13,812-0018,福岡県,福岡市博多区住吉2-16-12,092-409-4892,092-401-1057,ＪＲ博多駅より徒歩約１２分、地下鉄櫛田神社前駅より徒歩約６分,無し,博多,https://img.travel.rakuten.co.jp/share/HOTEL/192693/192693.jpg,https://img.travel.rakuten.co.jp/HIMG/90/192693.jpg,,,https://img.travel.rakuten.co.jp/share/HOTEL/192693/192693map.gif,9.0,4.11,,chito,スーペリア4人部屋C,6602817.0,【楽天スーパーSALE】【素泊まり】スタンダードプラン「迷ったらコレ！」,1,0,0,0,0,2,https://img.travel.rakuten.co.jp/image/tr/api/re/IdsCY/?f_no=192693&f_syu=chito&f_hi1=2026-10-03&f_hi2=2026-10-04&f_heya_su=1&f_otona_su=1&f_s1=0&f_s2=0&f_y1=0&f_y2=0&f_y3=0&f_y4=0&f_camp_id=6602817,0,2026-10-03,56250,56250,0,2026-10-03,fukuoka
170439,シャインブライト／民泊,https://img.travel.rakuten.co.jp/image/tr/api/re/pvonD/?f_no=170439,https://img.travel.rakuten.co.jp/image/tr/api/re/vFumt/?f_no=170439&f_flg=PLAN,,https://img.travel.rakuten.co.jp/image/tr/api/re/gJNfM/?f_hotel_no=170439,,　,6264,121006.29,469499.83,812-0055,福岡県,福岡市東区東浜1-7-26　シャインブライト,090-9792-6152,000-000-0000,箱崎宮前駅から徒歩で約３分,有り,箱崎宮前,https://img.travel.rakuten.co.jp/share/HOTEL/170439/170439.jpg,https://img.travel.rakuten.co.jp/HIMG/90/170439.jpg,,,https://img.travel.rakuten.co.jp/share/HOTEL/170439/170439map.gif,2.0,,,r19291_8,Shine Bright2 103,6238236.0,【禁煙】ファミリールーム (103),1,0,0,0,0,2,https://img.travel.rakuten.co.jp/image/tr/api/re/IdsCY/?f_no=170439&f_syu=r19291_8&f_hi1=2026-10-03&f_hi2=2026-10-04&f_heya_su=1&f_otona_su=1&f_s1=0&f_s2=0&f_y1=0&f_y2=0&f_y3=0&f_y4=0&f_camp_id=6238236,0,2026-10-03,56840,56840,0,2026-10-03,fukuoka
199022,Ｈｏｔｅｌ　Ａｒｉｎａ　ＨａｋａｔａＴａｉｈａｋｕ,https://img.travel.rakuten.co.jp/image/tr/api/re/pvonD/?f_no=199022,https://img.travel.rakuten.co.jp/image/tr/api/re/vFumt/?f_no=199022&f_flg=PLAN,,https://img.travel.rakuten.co.jp/image/tr/api/re/gJNfM/?f_hotel_no=199022,ほてる　ありな　はかたたいはく,充実したアメニティと高い快適性。好立地、博多・天神まで博多旧市街を徒歩観光ができます。,9000,120958.5,469467.69,812-0033,福岡県,福岡市博多区大博町6-6,080-6433-5666,092-441-6111,呉服町駅より徒歩9分　車より2分,なし,呉服町（福岡）,https://img.travel.rakuten.co.jp/share/HOTEL/199022/199022.jpg,https://img.travel.rakuten.co.jp/HIMG/90/199022.jpg,,,https://img.travel.rakuten.co.jp/share/HOTEL/199022/199022map.gif,12.0,4.58,,twin2,【禁煙】スタンダードツイン（1名〜5名利用）,6455342.0,【素泊まり_★返金不可★】シンプルステイプラン♪,1,0,0,0,0,2,https://img.travel.rakuten.co.jp/image/tr/api/re/IdsCY/?f_no=199022&f_syu=twin2&f_hi1=2026-10-03&f_hi2=2026-10-04&f_heya_su=1&f_otona_su=1&f_s1=0&f_s2=0&f_y1=0&f_y2=0&f_y3=0&f_y4=0&f_camp_id=6455342,0,2026-10-03,63000,63000,1,2026-10-03,fukuoka
178602,グランドベース博多住吉,https://img.travel.rakuten.co.jp/image/tr/api/re/pvonD/?f_no=178602,https://img.travel.rakuten.co.jp/image/tr/api/re/vFumt/?f_no=178602&f_flg=PLAN,https://img.travel.rakuten.co.jp/image/tr/api/re/WzozX/?noTomariHotel=178602,https://img.travel.rakuten.co.jp/image/tr/api/re/gJNfM/?f_hotel_no=178602,ぐらんどべーすはかたすみよし,【無人フロントホテル】＜広い客室・キーレス＞住吉バス停７分。全室ソファースペース、キッチン、洗濯機あり,2167,120884.31,469506.57,812-0018,福岡県,福岡市博多区住吉5-6-21,092-409-4892,,博多駅からは徒歩15分！バスなら5分で最寄りの「住吉」に到着、下車後徒歩5分。天神からはバスで10分。,専用駐車場・提携駐車場はございません。 公式サイトから、近隣のコインパーキングをご確認下さい。,博多,https://img.travel.rakuten.co.jp/share/HOTEL/178602/178602.jpg,https://img.travel.rakuten.co.jp/HIMG/90/178602.jpg,https://img.travel.rakuten.co.jp/share/HOTEL/178602/178602_kan1.jpg,https://img.travel.rakuten.co.jp/HIMG/INTERIOR/178602.jpg,https://img.travel.rakuten.co.jp/share/HOTEL/178602/178602map.gif,21.0,4.57,"清掃が行き届いていてとても清潔感があり、気持ちよく利用させていただきました。ビジネスホテルにはない広さで快適に家族５名（夫婦+子ども３人）宿泊できました。また利用したいと思うホテルです！　2026-08-25 13:00:41投稿 <a href=""https://img.travel.rakuten.co.jp/image/tr/api/re/gJNfM/?f_hotel_no=178602"" class=""3click"">つづきはこちら</a>",ahito,ベーシックA,6602492.0,【楽天スーパーSALE】【素泊まり】スタンダードプラン「迷ったらコレ！」,1,0,0,0,0,2,https://img.travel.rakuten.co.jp/image/tr/api/re/IdsCY/?f_no=178602&f_syu=ahito&f_hi1=2026-10-03&f_hi2=2026-10-04&f_heya_su=1&f_otona_su=1&f_s1=0&f_s2=0&f_y1=0&f_y2=0&f_y3=0&f_y4=0&f_camp_id=6602492,0,2026-10-03,65002,65002,0,2026-10-03,fukuoka
201837,ＩＮＮＥＳＴ　博多,https://img.travel.rakuten.co.jp/image/tr/api/re/pvonD/?f_no=201837,https://img.travel.rakuten.co.jp/image/tr/api/re/vFumt/?f_no=201837&f_flg=PLAN,,https://img.travel.rakuten.co.jp/image/tr/api/re/gJNfM/?f_hotel_no=201837,いんねすと　はかた,アパートメントホテルが誕生！,2268,120901.96,469489.96,812-0018,福岡県,福岡市博多区住吉2-14-19,092-409-4892,092-401-1057,博多駅より徒歩13分,専用駐車場・提携駐車場はございません。 公式サイトから、近隣のコインパーキングをご確認下さい。,博多,https://img.travel.rakuten.co.jp/share/HOTEL/201837/201837.jpg,https://img.travel.rakuten.co.jp/HIMG/90/201837.jpg,,,https://img.travel.rakuten.co.jp/share/HOTEL/201837/201837map.gif,4.0,,,ahito,デラックス ファミリースイートA,6602989.0,【楽天スーパーSALE】【素泊まり】スタンダードプラン「迷ったらコレ！」,1,0,0,0,0,2,https://img.travel.rakuten.co.jp/image/tr/api/re/IdsCY/?f_no=201837&f_syu=ahito&f_hi1=2026-10-03&f_hi2=2026-10-04&f_heya_su=1&f_otona_su=1&f_s1=0&f_s2=0&f_y1=0&f_y2=0&f_y3=0&f_y4=0&f_camp_id=6602989,0,2026-10-03,67500,67500,0,2026-10-03,fukuoka
200704,ＡＭＰ　ＦＬＡＴ　太宰府駅前　＾,https://img.travel.rakuten.co.jp/image/tr/api/re/pvonD/?f_no=200704,https://img.travel.rakuten.co.jp/image/tr/api/re/vFumt/?f_no=200704&f_flg=PLAN,,https://img.travel.rakuten.co.jp/image/tr/api/re/gJNfM/?f_hotel_no=200704,,太宰府駅徒歩2分、最大12名宿泊可能な新築一棟貸し。天満宮参拝の拠点に最適で、快適な旅を約束します。,9009,120661.38,469921.79,818-0117,福岡県,太宰府市宰府3-4-3　,080-3188-3570,00-0000-0000,太宰府駅から徒歩で1分,あり,太宰府,https://img.travel.rakuten.co.jp/share/HOTEL/200704/200704.jpg,https://img.travel.rakuten.co.jp/HIMG/90/200704.jpg,,,https://img.travel.rakuten.co.jp/share/HOTEL/200704/200704map.gif,,,,1612657_12,一戸建て,6599463.0,太宰府の中心を、一棟まるごと。駅徒歩2分の新築戸建て,1,0,0,0,0,2,https://img.travel.rakuten.co.jp/image/tr/api/re/IdsCY/?f_no=200704&f_syu=1612657_12&f_hi1=2026-10-03&f_hi2=2026-10-04&f_heya_su=1&f_otona_su=1&f_s1=0&f_s2=0&f_y1=0&f_y2=0&f_y3=0&f_y4=0&f_camp_id=6599463,0,2026-10-03,68522,68522,0,2026-10-03,fukuoka
177090,ＨＯＴＥＬ　ＣＵＬＴＩＡ　太宰府,https://img.travel.rakuten.co.jp/image/tr/api/re/pvonD/?f_no=177090,https://img.travel.rakuten.co.jp/image/tr/api/re/vFumt/?f_no=177090&f_flg=PLAN,https://img.travel.rakuten.co.jp/image/tr/api/re/WzozX/?noTomariHotel=177090,https://img.travel.rakuten.co.jp/image/tr/api/re/gJNfM/?f_hotel_no=177090,ほてる　かるてぃあ　だざいふ,【博多駅より車で30分】太宰府天満宮の門前町に溶け込む”CULTURE”ホテル。,29207,120663.63,469930.02,818-0117,福岡県,太宰府市宰府3-3-33,0120-210-289,,西鉄「太宰府」駅より徒歩約5分,有り（無料）※近隣の駐車場をご案内しております,太宰府,https://img.travel.rakuten.co.jp/share/HOTEL/177090/177090.jpg,https://img.travel.rakuten.co.jp/HIMG/90/177090.jpg,,,https://img.travel.rakuten.co.jp/share/HOTEL/177090/177090map.gif,81.0,4.41,"一点言う…　2026-09-08 16:19:07投稿 <a href=""https://img.travel.rakuten.co.jp/image/tr/api/re/gJNfM/?f_hotel_no=177090"" class=""3click"">つづきはこちら</a>",20240125e,KOUKOTEI 202号室 35平米,6286843.0,【15％OFF】【楽天スーパーSALE】福岡産米・地元野菜の使用した、体に優しい健康食を【朝食付】,1,0,0,1,0,1,https://img.travel.rakuten.co.jp/image/tr/api/re/IdsCY/?f_no=177090&f_syu=20240125e&f_hi1=2026-10-03&f_hi2=2026-10-04&f_heya_su=1&f_otona_su=1&f_s1=0&f_s2=0&f_y1=0&f_y2=0&f_y3=0&f_y4=0&f_camp_id=6286843,0,2026-10-03,71496,71496,0,2026-10-03,fukuoka
184818,ＨＩＲＯビル,https://img.travel.rakuten.co.jp/image/tr/api/re/pvonD/?f_no=184818,https://img.travel.rakuten.co.jp/image/tr/api/re/vFumt/?f_no=184818&f_flg=PLAN,,https://img.travel.rakuten.co.jp/image/tr/api/re/gJNfM/?f_hotel_no=184818,ひろびる,博多駅からのアクセス良好！1部屋80㎡以上の広々コンドミニアムスタイルの宿泊施設です★,2886,120883.65,469520.28,812-0011,福岡県,福岡市博多区博多駅前4-25-14,092-409-4892,,博多駅から徒歩14分、バスで10分（「駅前四丁目」で下車）,敷地内に有料コインパーキング有（3台）,博多,https://img.travel.rakuten.co.jp/share/HOTEL/184818/184818.jpg,https://img.travel.rakuten.co.jp/HIMG/90/184818.jpg,,,https://img.travel.rakuten.co.jp/share/HOTEL/184818/184818map.gif,3.0,,,bhito,スーペリアB,6602557.0,【楽天スーパーSALE】【素泊まり】スタンダードプラン「迷ったらコレ！」,1,0,0,0,0,2,https://img.travel.rakuten.co.jp/image/tr/api/re/IdsCY/?f_no=184818&f_syu=bhito&f_hi1=2026-10-03&f_hi2=2026-10-04&f_heya_su=1&f_otona_su=1&f_s1=0&f_s2=0&f_y1=0&f_y2=0&f_y3=0&f_y4=0&f_camp_id=6602557,0,2026-10-03,72000,72000,0,2026-10-03,fukuoka
192694,Ｐａｒｋｓｉｄｅ　Ｉｎｎ　Ｈａｋａｔａ,https://img.travel.rakuten.co.jp/image/tr/api/re/pvonD/?f_no=192694,https://img.travel.rakuten.co.jp/image/tr/api/re/vFumt/?f_no=192694&f_flg=PLAN,,https://img.travel.rakuten.co.jp/image/tr/api/re/gJNfM/?f_hotel_no=192694,ぱーくさいどいんはかた,【無人フロントホテル】２０２４年７月一部リニューアルオープン！博多駅から徒歩７分の好立地！,4914,120898.53,469514.41,812-0011,福岡県,福岡市博多区博多駅前4-11-13,092-409-4892,092-401-1057,博多駅より徒歩約７分,無し,博多,https://img.travel.rakuten.co.jp/share/HOTEL/192694/192694.jpg,https://img.travel.rakuten.co.jp/HIMG/90/192694.jpg,,,https://img.travel.rakuten.co.jp/share/HOTEL/192694/192694map.gif,,,,chito,2ベッドルームアパートメントC,6602809.0,【楽天スーパーSALE】【素泊まり】スタンダードプラン「迷ったらコレ！」,1,0,0,0,0,2,https://img.travel.rakuten.co.jp/image/tr/api/re/IdsCY/?f_no=192694&f_syu=chito&f_hi1=2026-10-03&f_hi2=2026-10-04&f_heya_su=1&f_otona_su=1&f_s1=0&f_s2=0&f_y1=0&f_y2=0&f_y3=0&f_y4=0&f_camp_id=6602809,0,2026-10-03,80002,80002,0,2026-10-03,fukuoka
181271,グランドベース博多ステーション,https://img.travel.rakuten.co.jp/image/tr/api/re/pvonD/?f_no=181271,https://img.travel.rakuten.co.jp/image/tr/api/re/vFumt/?f_no=181271&f_flg=PLAN,https://img.travel.rakuten.co.jp/image/tr/api/re/WzozX/?noTomariHotel=181271,https://img.travel.rakuten.co.jp/image/tr/api/re/gJNfM/?f_hotel_no=181271,ぐらんどべーすはかたすてーしょん,【無人フロントホテル】天神・博多へアクセス良好◎,2145,120886.87,469529.12,812-0016,福岡県,福岡市博多区博多駅南2-11-7,092-409-4892,,博多駅より徒歩10分,専用駐車場・提携駐車場はございません。 公式サイトから、近隣のコインパーキングをご確認下さい。,福岡空港,https://img.travel.rakuten.co.jp/share/HOTEL/181271/181271.jpg,https://img.travel.rakuten.co.jp/HIMG/90/181271.jpg,,,https://img.travel.rakuten.co.jp/share/HOTEL/181271/181271map.gif,4.0,,,bhito,スーペリアB,6602518.0,【楽天スーパーSALE】【素泊まり】スタンダードプラン「迷ったらコレ！」,1,0,0,0,0,2,https://img.travel.rakuten.co.jp/image/tr/api/re/IdsCY/?f_no=181271&f_syu=bhito&f_hi1=2026-10-03&f_hi2=2026-10-04&f_heya_su=1&f_otona_su=1&f_s1=0&f_s2=0&f_y1=0&f_y2=0&f_y3=0&f_y4=0&f_camp_id=6602518,0,2026-10-03,90000,90000,0,2026-10-03,fukuoka
196533,笠の宿　ＷＡＳＡＮ,https://img.travel.rakuten.co.jp/image/tr/api/re/pvonD/?f_no=196533,https://img.travel.rakuten.co.jp/image/tr/api/re/vFumt/?f_no=196533&f_flg=PLAN,,https://img.travel.rakuten.co.jp/image/tr/api/re/gJNfM/?f_hotel_no=196533,かさのやど　わさん,畳/和室/一棟貸切/博多旧市街/駐車2台無料/最大10名/こだわり浴室/キッチン/長期滞在歓迎,16600,120941.41,469495.85,812-0036,福岡県,福岡市博多区上呉服町7-1,092-791-7935,092-791-7936,呉服町駅より徒歩6分、祇園駅より徒歩8分、博多駅より約1.2㎞ 徒歩16分,【無料】宿向い側に専用駐車場2台あり（縦列駐車）,呉服町（福岡）,https://img.travel.rakuten.co.jp/share/HOTEL/196533/196533.jpg,https://img.travel.rakuten.co.jp/HIMG/90/196533.jpg,,,https://img.travel.rakuten.co.jp/share/HOTEL/196533/196533map.gif,3.0,,,wasan,1棟貸切2階建【禁煙・畳和室・駐車2台無料・キッチン】,6261118.0,【貸切宿】禁煙・素泊り・駐車2台無料・最大10名・こだわり浴室・キッチン付,1,0,0,0,0,2,https://img.travel.rakuten.co.jp/image/tr/api/re/IdsCY/?f_no=196533&f_syu=wasan&f_hi1=2026-10-03&f_hi2=2026-10-04&f_heya_su=1&f_otona_su=1&f_s1=0&f_s2=0&f_y1=0&f_y2=0&f_y3=0&f_y4=0&f_camp_id=6261118,0,2026-10-03,90000,90000,0,2026-10-03,fukuoka
182003,グランドベース博多奈良屋,https://img.travel.rakuten.co.jp/image/tr/api/re/pvonD/?f_no=182003,https://img.travel.rakuten.co.jp/image/tr/api/re/vFumt/?f_no=182003&f_flg=PLAN,https://img.travel.rakuten.co.jp/image/tr/api/re/WzozX/?noTomariHotel=182003,https://img.travel.rakuten.co.jp/image/tr/api/re/gJNfM/?f_hotel_no=182003,ぐらんどべーすはかたならや,【無人フロントホテル】マリンメッセ福岡や福岡国際会議場でイベントに参加した後は、落ち着いたトーンのお部屋でごゆっくり。,1706,120946.77,469467.8,812-0023,福岡県,福岡市博多区奈良屋町8-12,092-409-4892,,地下鉄「呉服町駅」から徒歩6分、マリンメッセからはバスで7分、博多駅からはバスで15分,専用駐車場・提携駐車場はございません。 公式サイトから、近隣のコインパーキングをご確認下さい。,呉服町（福岡）,https://img.travel.rakuten.co.jp/share/HOTEL/182003/182003.jpg,https://img.travel.rakuten.co.jp/HIMG/90/182003.jpg,,,https://img.travel.rakuten.co.jp/share/HOTEL/182003/182003map.gif,4.0,,,bhito,エグゼクティブB,4989834.0,【素泊まり】スタンダードプラン「何人泊まっても同じ値段♪」,1,0,0,0,0,2,https://img.travel.rakuten.co.jp/image/tr/api/re/IdsCY/?f_no=182003&f_syu=bhito&f_hi1=2026-10-03&f_hi2=2026-10-04&f_heya_su=1&f_otona_su=1&f_s1=0&f_s2=0&f_y1=0&f_y2=0&f_y3=0&f_y4=0&f_camp_id=4989834,0,2026-10-03,90668,90668,0,2026-10-03,fukuoka
191719,Ｅｋｉｍａｅ　Ａｐａｒｔｍｅｎｔ,https://img.travel.rakuten.co.jp/image/tr/api/re/pvonD/?f_no=191719,https://img.travel.rakuten.co.jp/image/tr/api/re/vFumt/?f_no=191719&f_flg=PLAN,,https://img.travel.rakuten.co.jp/image/tr/api/re/gJNfM/?f_hotel_no=191719,えきまえ あぱーとめんと,駅近！ＪＲ博多駅から徒歩６分の好立地のお部屋♪,9667,120926.07,469515.85,812-0011,福岡県,福岡市博多区博多駅前1-22-8,092-753-6509,000-000-0000,ＪＲ　博多駅より徒歩約６分,無し,博多,https://img.travel.rakuten.co.jp/share/HOTEL/191719/191719.jpg,https://img.travel.rakuten.co.jp/HIMG/90/191719.jpg,,,https://img.travel.rakuten.co.jp/share/HOTEL/191719/191719map.gif,1.0,,,ekimae73,２ＬＤＫ・ロフト付き　タイプC,,,1,0,0,0,0,2,https://img.travel.rakuten.co.jp/image/tr/api/re/IdsCY/?f_no=191719&f_syu=ekimae73&f_hi1=2026-10-03&f_hi2=2026-10-04&f_heya_su=1&f_otona_su=1&f_s1=0&f_s2=0&f_y1=0&f_y2=0&f_y3=0&f_y4=0,1,2026-10-03,99999,99999,0,2026-10-03,fukuoka
179454,ＡＭＩＳＴＡＤ　ＨＯＴＥＬ　ＦＵＫＵＯＫＡ（アミスタホテル福岡）,https://img.travel.rakuten.co.jp/image/tr/api/re/pvonD/?f_no=179454,https://img.travel.rakuten.co.jp/image/tr/api/re/vFumt/?f_no=179454&f_flg=PLAN,https://img.travel.rakuten.co.jp/image/tr/api/re/WzozX/?noTomariHotel=179454,https://img.travel.rakuten.co.jp/image/tr/api/re/gJNfM/?f_hotel_no=179454,あみすたほてるふくおか,博多駅徒歩6分★キャナルシティ徒歩7分★ららぽーと福岡まで車で約13分★全室31㎡以上・キッチン付・ロングダブルベッド,6744,120904.44,469501.81,812-0011,福岡県,福岡市博多区博多駅前3-13-12,092-483-2878,092-717-2715,ＪＲ博多駅・博多口より徒歩約6分★福岡空港から地下鉄で博多駅まで約５分★福岡空港よりタクシーで約１４分,提携駐車場★徒歩2分★入庫から24時間1800円駐車券フロント販売※1度の入庫につき1枚必要★,博多,https://img.travel.rakuten.co.jp/share/HOTEL/179454/179454.jpg,https://img.travel.rakuten.co.jp/HIMG/90/179454.jpg,,,https://img.travel.rakuten.co.jp/share/HOTEL/179454/179454map.gif,63.0,4.0,"鍋など持ち込みましたが無料で借りられる食器等ありとても助かりました。　2026-03-16 20:34:14投稿 <a href=""https://img.travel.rakuten.co.jp/image/tr/api/re/gJNfM/?f_hotel_no=179454"" class=""3click"">つづきはこちら</a>",cd,ファミリーフォース62平米/２ベッドルーム/ダブルベッド４台,5405724.0,【直前予約】チェックイン3日以内のご予約★,1,0,0,0,0,1,https://img.travel.rakuten.co.jp/image/tr/api/re/IdsCY/?f_no=179454&f_syu=cd&f_hi1=2026-10-03&f_hi2=2026-10-04&f_heya_su=1&f_otona_su=1&f_s1=0&f_s2=0&f_y1=0&f_y2=0&f_y3=0&f_y4=0&f_camp_id=5405724,0,2026-10-03,136800,136800,0,2026-10-03,fukuoka
202422,グランドレジデンスホテル　天神,https://img.travel.rakuten.co.jp/image/tr/api/re/pvonD/?f_no=202422,https://img.travel.rakuten.co.jp/image/tr/api/re/vFumt/?f_no=202422&f_flg=PLAN,,https://img.travel.rakuten.co.jp/image/tr/api/re/gJNfM/?f_hotel_no=202422,ぐらんどれじでんすほてるてんじん,中洲・天神まで徒歩15分！アクセス良し！無料Wi-Fi完備！,2827,120942.02,469458.16,812-0029,福岡県,福岡市博多区古門戸町8-8,092-292-1015,050-3588-7001,中洲川端駅より徒歩で約8分,なし ＊近隣のコインパーキングをご利用ください。,中洲川端,https://img.travel.rakuten.co.jp/share/HOTEL/202422/202422.jpg,https://img.travel.rakuten.co.jp/HIMG/90/202422.jpg,,,https://img.travel.rakuten.co.jp/share/HOTEL/202422/202422map.gif,1.0,,,b,【全室禁煙】ツインルーム,6621294.0,【返金不可プラン】オトクに宿泊！予定が決まった方はこちら♪,1,0,0,0,0,2,https://img.travel.rakuten.co.jp/image/tr/api/re/IdsCY/?f_no=202422&f_syu=b&f_hi1=2026-10-03&f_hi2=2026-10-04&f_heya_su=1&f_otona_su=1&f_s1=0&f_s2=0&f_y1=0&f_y2=0&f_y3=0&f_y4=0&f_camp_id=6621294,0,2026-10-03,30814,30814,0,2026-10-03,fukuoka
202535,徒然庵　博多川,https://img.travel.rakuten.co.jp/image/tr/api/re/pvonD/?f_no=202535,https://img.travel.rakuten.co.jp/image/tr/api/re/vFumt/?f_no=202535&f_flg=PLAN,,https://img.travel.rakuten.co.jp/image/tr/api/re/gJNfM/?f_hotel_no=202535,つれづれあん　はかたがわ,博多の路地の奥、おだやかな川のほとりに佇む「徒然庵 博多川」。,5996,120955.16,469479.95,812-0034,福岡県,福岡市博多区下呉服町9-14,090-1022-1906,--,呉服町駅より徒歩８分,あり 4台　無料　要予約,呉服町（福岡）,https://img.travel.rakuten.co.jp/share/HOTEL/202535/202535.jpg,https://img.travel.rakuten.co.jp/HIMG/90/202535.jpg,,,https://img.travel.rakuten.co.jp/share/HOTEL/202535/202535map.gif,,,,petm,【よりそう棟】ペットルーム（椿）,6630861.0,【大切な家族であるペットもご一緒に】つれづれなるままに時を紡ぐ（素泊まり）,1,0,0,0,0,2,https://img.travel.rakuten.co.jp/image/tr/api/re/IdsCY/?f_no=202535&f_syu=petm&f_hi1=2026-10-03&f_hi2=2026-10-04&f_heya_su=1&f_otona_su=1&f_s1=0&f_s2=0&f_y1=0&f_y2=0&f_y3=0&f_y4=0&f_camp_id=6630861,0,2026-10-03,52608,52608,0,2026-10-03,fukuoka
172605,ＡＢホテル行橋,https://img.travel.rakuten.co.jp/image/tr/api/re/pvonD/?f_no=172605,https://img.travel.rakuten.co.jp/image/tr/api/re/vFumt/?f_no=172605&f_flg=PLAN,https://img.travel.rakuten.co.jp/image/tr/api/re/WzozX/?noTomariHotel=172605,https://img.travel.rakuten.co.jp/image/tr/api/re/gJNfM/?f_hotel_no=172605,えーびーほてるゆくはし,行橋駅より徒歩１分、北九州空港より車で約２５分！健康朝食バイキング、男女別大浴場が無料♪ウェルカムコーヒーも♪,2200,121409.13,471499.33,824-0031,福岡県,行橋市西宮市2-2-16,0930-28-8222,0930-28-8219,行橋駅より徒歩にて約1分♪北九州空港より車で40分♪小倉駅から16分♪,有り　無料　平面／47台（先着順）　※大型車、バイク、自転車は不可,行橋,https://img.travel.rakuten.co.jp/share/HOTEL/172605/172605.jpg,https://img.travel.rakuten.co.jp/HIMG/90/172605.jpg,,,https://img.travel.rakuten.co.jp/share/HOTEL/172605/172605map.gif,972.0,4.23,"シルバーウィーク中の利用だったがとてもコスパがよく機会…　2026-09-22 07:45:56投稿 <a href=""https://img.travel.rakuten.co.jp/image/tr/api/re/gJNfM/?f_hotel_no=172605"" class=""3click"">つづきはこちら</a>",sna,禁煙スタンダードシングル【120ｃｍセミダブルベッド】,4571745.0,3日以上前までの予約限定プラン！【健康朝食・大浴場無料】,1,0,0,1,0,1,https://img.travel.rakuten.co.jp/image/tr/api/re/IdsCY/?f_no=172605&f_syu=sna&f_hi1=2026-10-03&f_hi2=2026-10-04&f_heya_su=1&f_otona_su=1&f_s1=0&f_s2=0&f_y1=0&f_y2=0&f_y3=0&f_y4=0&f_camp_id=4571745,0,2026-10-03,8800,8800,0,2026-10-03,buzen
41024,ホテルルートイン行橋,https://img.travel.rakuten.co.jp/image/tr/api/re/pvonD/?f_no=41024,https://img.travel.rakuten.co.jp/image/tr/api/re/vFumt/?f_no=41024&f_flg=PLAN,https://img.travel.rakuten.co.jp/image/tr/api/re/WzozX/?noTomariHotel=41024,https://img.travel.rakuten.co.jp/image/tr/api/re/gJNfM/?f_hotel_no=41024,るーといん　ゆくはし,JR行橋駅より徒歩5分☆大浴場有り☆朝食無料☆Ｗi-Fi無料☆WOWOW無料視聴☆,7650,121408.48,471511.6,824-0005,福岡県,行橋市中央3-5-8,0930-26-8711,0930-26-8712,ＪＲ行橋駅より徒歩5分／東九州自動車道　行橋ＩＣより約４ｋｍ/東九州自動車道　苅田北九州空港ICより約10km,有料：500円/泊　先着順　平面駐車場以外は提携駐車場へのご案内致します。,行橋,https://img.travel.rakuten.co.jp/share/HOTEL/41024/41024.jpg,https://img.travel.rakuten.co.jp/HIMG/90/41024.jpg,https://img.travel.rakuten.co.jp/share/HOTEL/41024/41024_kya.jpg,https://img.travel.rakuten.co.jp/HIMG/INTERIOR/41024.jpg,https://img.travel.rakuten.co.jp/share/HOTEL/41024/41024map.gif,777.0,3.89,"チェックインの時、とても丁寧に説明してくれました。研修中のプレートを付けていました。これからがんばってください。　2026-09-14 18:51:27投稿 <a href=""https://img.travel.rakuten.co.jp/image/tr/api/re/gJNfM/?f_hotel_no=41024"" class=""3click"">つづきはこちら</a>",sb,【喫煙】シングルルーム ,1131753.0,【スタンダードプラン】　■大浴場完備■バイキング朝食付き■,1,0,0,1,0,1,https://img.travel.rakuten.co.jp/image/tr/api/re/IdsCY/?f_no=41024&f_syu=sb&f_hi1=2026-10-03&f_hi2=2026-10-04&f_heya_su=1&f_otona_su=1&f_s1=0&f_s2=0&f_y1=0&f_y2=0&f_y3=0&f_y4=0&f_camp_id=1131753,0,2026-10-03,10750,10750,0,2026-10-03,buzen
68680,ホテルルートイン苅田駅前,https://img.travel.rakuten.co.jp/image/tr/api/re/pvonD/?f_no=68680,https://img.travel.rakuten.co.jp/image/tr/api/re/vFumt/?f_no=68680&f_flg=PLAN,https://img.travel.rakuten.co.jp/image/tr/api/re/WzozX/?noTomariHotel=68680,https://img.travel.rakuten.co.jp/image/tr/api/re/gJNfM/?f_hotel_no=68680,るーといんかんだえきまえ,WOWOW全室で無料視聴可■VODルームシアター無料視聴可能(一般映画のみ・コンフォートルーム特典）■Wi-Fi利用可,5350,121611.41,471533.88,800-0361,福岡県,京都郡苅田町神田町1-8-1,050-5576-7905,093-435-3712,ＪＲ日豊本線　苅田駅徒歩0分／北九州空港より車で約１5分,有り　83台　無料　先着順（予約不可）,苅田,https://img.travel.rakuten.co.jp/share/HOTEL/68680/68680.jpg,https://img.travel.rakuten.co.jp/HIMG/90/68680.jpg,https://img.travel.rakuten.co.jp/share/HOTEL/68680/68680_k.jpg,https://img.travel.rakuten.co.jp/HIMG/INTERIOR/68680.jpg,https://img.travel.rakuten.co.jp/share/HOTEL/68680/68680map.gif,596.0,4.05,"ポンタポイントもありがたいですね　2026-09-19 19:37:17投稿 <a href=""https://img.travel.rakuten.co.jp/image/tr/api/re/gJNfM/?f_hotel_no=68680"" class=""3click"">つづきはこちら</a>",ns,【禁煙】シングルルーム ベット幅140ｃｍ,5830371.0,【朝食付・事前カード決済がお得で早い】簡単チェックインでスムーズにお部屋へ 〜◆大浴場◆駅近◆,1,0,0,0,0,2,https://img.travel.rakuten.co.jp/image/tr/api/re/IdsCY/?f_no=68680&f_syu=ns&f_hi1=2026-10-03&f_hi2=2026-10-04&f_heya_su=1&f_otona_su=1&f_s1=0&f_s2=0&f_y1=0&f_y2=0&f_y3=0&f_y4=0&f_camp_id=5830371,0,2026-10-03,10250,10250,0,2026-10-03,buzen
49348,ブルーポートホテル苅田北九州空港,https://img.travel.rakuten.co.jp/image/tr/api/re/pvonD/?f_no=49348,https://img.travel.rakuten.co.jp/image/tr/api/re/vFumt/?f_no=49348&f_flg=PLAN,https://img.travel.rakuten.co.jp/image/tr/api/re/WzozX/?noTomariHotel=49348,https://img.travel.rakuten.co.jp/image/tr/api/re/gJNfM/?f_hotel_no=49348,ぶるーぽーとほてるかんだきたきゅうしゅうくうこう,苅田北九州空港ICより車で約1分★駐車場無料★種類豊富な朝食ビュッフェが大人気♪,3800,121689.16,471527.17,800-0365,福岡県,京都郡苅田町苅田3787-61,093-475-8844,093-475-8944,JR朽網（くさみ）駅より北九州空港行きバス約6分。苅田北九州空港ＩＣより車で1分,有り80台（全て平面）無料　普通車予約不要　各種トラックやバスも無料OK（要予約）,苅田,https://img.travel.rakuten.co.jp/share/HOTEL/49348/49348.jpg,https://img.travel.rakuten.co.jp/HIMG/90/49348.jpg,https://img.travel.rakuten.co.jp/share/HOTEL/49348/49348_ro.jpg,https://img.travel.rakuten.co.jp/HIMG/INTERIOR/49348.jpg,https://img.travel.rakuten.co.jp/share/HOTEL/49348/49348map.gif,1296.0,4.02,"常宿なので　2026-09-19 19:09:58投稿 <a href=""https://img.travel.rakuten.co.jp/image/tr/api/re/gJNfM/?f_hotel_no=49348"" class=""3click"">つづきはこちら</a>",230,ワケあり部屋■シングルルーム■ベッド幅120cm,3982655.0,【禁喫選択不可】朝食付き♪室数限定！お得に泊まろうワケありプラン★駐車場無料★,1,0,0,1,0,1,https://img.travel.rakuten.co.jp/image/tr/api/re/IdsCY/?f_no=49348&f_syu=230&f_hi1=2026-10-03&f_hi2=2026-10-04&f_heya_su=1&f_otona_su=1&f_s1=0&f_s2=0&f_y1=0&f_y2=0&f_y3=0&f_y4=0&f_camp_id=3982655,0,2026-10-03,7800,7800,0,2026-10-03,buzen
53365,ベッセルホテル苅田北九州空港（２０２６年３月全室リニューアル）,https://img.travel.rakuten.co.jp/image/tr/api/re/pvonD/?f_no=53365,https://img.travel.rakuten.co.jp/image/tr/api/re/vFumt/?f_no=53365&f_flg=PLAN,https://img.travel.rakuten.co.jp/image/tr/api/re/WzozX/?noTomariHotel=53365,https://img.travel.rakuten.co.jp/image/tr/api/re/gJNfM/?f_hotel_no=53365,べっせるかんだきたきゅうしゅうくうこう,◆全室幅150ｃｍのクイーンサイズベッド◆シングル21㎡/ツイン26㎡◆ご当地メニュー満載の朝食をどうぞ！,3300,121605.03,471556.27,800-0313,福岡県,京都郡苅田町磯浜町1-5-9,093-435-2525,093-435-2555,【ＪＲ苅田駅東口】850m徒歩10分【北九州空港】11Kmタクシーで12分【苅田北九州空港IC】5Km車で5分,有り　７５台　普通車無料（一部大型車は有料）,苅田,https://img.travel.rakuten.co.jp/share/HOTEL/53365/53365.jpg,https://img.travel.rakuten.co.jp/HIMG/90/53365.jpg,https://img.travel.rakuten.co.jp/share/HOTEL/53365/53365_ky.jpg,https://img.travel.rakuten.co.jp/HIMG/INTERIOR/53365.jpg,https://img.travel.rakuten.co.jp/share/HOTEL/53365/53365map.gif,1542.0,4.45,"従業員の方は丁寧な接客で…　2026-09-22 22:16:44投稿 <a href=""https://img.travel.rakuten.co.jp/image/tr/api/re/gJNfM/?f_hotel_no=53365"" class=""3click"">つづきはこちら</a>",s2,ゆったり1ベッド【禁煙】☆２１平米☆,6118404.0,【スタンダード★素泊り】苅田駅東口１から徒歩13分（850m),1,0,0,0,0,1,https://img.travel.rakuten.co.jp/image/tr/api/re/IdsCY/?f_no=53365&f_syu=s2&f_hi1=2026-10-03&f_hi2=2026-10-04&f_heya_su=1&f_otona_su=1&f_s1=0&f_s2=0&f_y1=0&f_y2=0&f_y3=0&f_y4=0&f_camp_id=6118404,0,2026-10-03,10500,10500,0,2026-10-03,buzen
147051,アリストンイン苅田北九州空港,https://img.travel.rakuten.co.jp/image/tr/api/re/pvonD/?f_no=147051,https://img.travel.rakuten.co.jp/image/tr/api/re/vFumt/?f_no=147051&f_flg=PLAN,https://img.travel.rakuten.co.jp/image/tr/api/re/WzozX/?noTomariHotel=147051,https://img.travel.rakuten.co.jp/image/tr/api/re/gJNfM/?f_hotel_no=147051,ありすとんいんかんだきたきゅうしゅうくうこう,駐車場無料★全室Wi-Fi完備★宿泊者限定マンガコーナー&マッサージチェア設置★,3870,121616.05,471547.48,800-0314,福岡県,京都郡苅田町幸町12-5,093-435-0600,093-435-0605,駐車場無料★北九州空港から車で約15分・苅田駅から徒歩約７分（JR小倉駅から苅田駅まで電車で25分）,平面駐車場(58台）無料　,苅田,https://img.travel.rakuten.co.jp/share/HOTEL/147051/147051.jpg,https://img.travel.rakuten.co.jp/HIMG/90/147051.jpg,,,https://img.travel.rakuten.co.jp/share/HOTEL/147051/147051map.gif,540.0,3.83,"ビジネスの利用で4泊を朝食付きプランで宿泊しました。朝食のメインメニューが毎日変わるので飽きないです。メニュー開発をされている方の工夫が分かります。特に印象に残っているのが、鰯の天ぷらでした。美味しか…　2026-04-25 23:44:38投稿 <a href=""https://img.travel.rakuten.co.jp/image/tr/api/re/gJNfM/?f_hotel_no=147051"" class=""3click"">つづきはこちら</a>",sd2,スタンダードシングル【禁煙】,6568933.0,【楽天スーパーSALE】【基本プラン】＜素泊り＞スタンダ－ドプラン,1,0,0,0,0,1,https://img.travel.rakuten.co.jp/image/tr/api/re/IdsCY/?f_no=147051&f_syu=sd2&f_hi1=2026-10-03&f_hi2=2026-10-04&f_heya_su=1&f_otona_su=1&f_s1=0&f_s2=0&f_y1=0&f_y2=0&f_y3=0&f_y4=0&f_camp_id=6568933,0,2026-10-03,7650,7650,0,2026-10-03,buzen
108371,東横ＩＮＮ北九州空港,https://img.travel.rakuten.co.jp/image/tr/api/re/pvonD/?f_no=108371,https://img.travel.rakuten.co.jp/image/tr/api/re/vFumt/?f_no=108371&f_flg=PLAN,https://img.travel.rakuten.co.jp/image/tr/api/re/WzozX/?noTomariHotel=108371,https://img.travel.rakuten.co.jp/image/tr/api/re/gJNfM/?f_hotel_no=108371,とうよこいんきたきゅうしゅうくうこう,平尾台まで車で50分の立地で出発を応援！朝食・小学生以下添い寝無料で安心空間を提供いたします,4063,121794.13,471717.73,800-0306,福岡県,北九州市小倉南区空港北町2-4,093-472-1042,093-472-1049,北九州空港より徒歩5分　送迎シャトルを17：00以降離発着に合わせて最終便まで運行　朝は4：50から10：10まで運行中,無料！駐車場有　281台　　駐車場10日間無料　大型バス・大型車駐車無料,北九州空港,https://img.travel.rakuten.co.jp/share/HOTEL/108371/108371.jpg,https://img.travel.rakuten.co.jp/HIMG/90/108371.jpg,https://img.travel.rakuten.co.jp/share/HOTEL/108371/108371room1.jpg,https://img.travel.rakuten.co.jp/HIMG/INTERIOR/108371.jpg,https://img.travel.rakuten.co.jp/share/HOTEL/108371/108371map.gif,638.0,4.32,"今回は台風の影響で航空機を拝めることはありませんでしたが、…　2026-09-28 00:12:35投稿 <a href=""https://img.travel.rakuten.co.jp/image/tr/api/re/gJNfM/?f_hotel_no=108371"" class=""3click"">つづきはこちら</a>",sk,禁煙シングル,6588122.0,【楽天スーパーSALE】朝食付★禁煙シングル,1,0,0,1,0,1,https://img.travel.rakuten.co.jp/image/tr/api/re/IdsCY/?f_no=108371&f_syu=sk&f_hi1=2026-10-03&f_hi2=2026-10-04&f_heya_su=1&f_otona_su=1&f_s1=0&f_s2=0&f_y1=0&f_y2=0&f_y3=0&f_y4=0&f_camp_id=6588122,0,2026-10-03,7524,7524,0,2026-10-03,buzen
15460,ビジネスホテル　ゆくはし,https://img.travel.rakuten.co.jp/image/tr/api/re/pvonD/?f_no=15460,https://img.travel.rakuten.co.jp/image/tr/api/re/vFumt/?f_no=15460&f_flg=PLAN,https://img.travel.rakuten.co.jp/image/tr/api/re/WzozX/?noTomariHotel=15460,https://img.travel.rakuten.co.jp/image/tr/api/re/gJNfM/?f_hotel_no=15460,ゆくはし,駐車場無料・全室バストイレ独立型の客室・徒歩圏内にコンビニ、飲食店、ドラッグストアあり,6000,121408.83,471493.98,824-0031,福岡県,行橋市西宮市2-20-15,0930-22-1333,0930-22-7553,JR行橋駅[特急停車駅]西口から徒歩3分　東九州道[行橋インター]より車で約8分,無料駐車場あり(30台)、大型車（トラック、マイクロバス）の場合は事前にご相談下さい,行橋,https://img.travel.rakuten.co.jp/share/HOTEL/15460/15460.jpg,https://img.travel.rakuten.co.jp/HIMG/90/15460.jpg,https://img.travel.rakuten.co.jp/share/HOTEL/15460/15460_sig.jpg,https://img.travel.rakuten.co.jp/HIMG/INTERIOR/15460.jpg,https://img.travel.rakuten.co.jp/share/HOTEL/15460/15460map.gif,184.0,4.08,"行橋駅至近の距離ですぐ隣がコンビニでありすごく便利なロケーションです。建物は新しくはありませんが全体的に清潔でランドリーもあり長期滞在でもおすすめです。　2026-08-12 08:59:29投稿 <a href=""https://img.travel.rakuten.co.jp/image/tr/api/re/gJNfM/?f_hotel_no=15460"" class=""3click"">つづきはこちら</a>",sk,〈禁煙・シングル〉全室バストイレ独立型のお部屋♪,2443427.0,【素泊まり・シングル】行橋駅西口(特急停車駅)より徒歩3分♪シンプルな素泊まりプラン♪,1,0,0,0,0,1,https://img.travel.rakuten.co.jp/image/tr/api/re/IdsCY/?f_no=15460&f_syu=sk&f_hi1=2026-10-03&f_hi2=2026-10-04&f_heya_su=1&f_otona_su=1&f_s1=0&f_s2=0&f_y1=0&f_y2=0&f_y3=0&f_y4=0&f_camp_id=2443427,0,2026-10-03,8500,8500,1,2026-10-03,buzen
147642,ＨＯＴＥＬ　ＡＺ　福岡築上店,https://img.travel.rakuten.co.jp/image/tr/api/re/pvonD/?f_no=147642,https://img.travel.rakuten.co.jp/image/tr/api/re/vFumt/?f_no=147642&f_flg=PLAN,https://img.travel.rakuten.co.jp/image/tr/api/re/WzozX/?noTomariHotel=147642,https://img.travel.rakuten.co.jp/image/tr/api/re/gJNfM/?f_hotel_no=147642,ほてる　えーぜっと　ふくおかちくじょうてん,東九州道（椎田道路）築城ＩＣより車で約7分☆北九州空港から車で4０分☆平面駐車場無料・朝食無料・ネット接続無料☆,4820,121189.56,471782.48,829-0342,福岡県,築上郡築上町東八田67-1,0930-57-3301,0930-57-3302,東九州自動車道（椎田道路）築城ＩＣより車で約7分 /ＪＲ築城駅より車で5分/ 北九州空港から車で約40分（高速利用）,無料平面駐車場150台あり　普通車：予約不要 、中型車・大型車：要予約（有料）,築城,https://img.travel.rakuten.co.jp/share/HOTEL/147642/147642.jpg,https://img.travel.rakuten.co.jp/HIMG/90/147642.jpg,https://img.travel.rakuten.co.jp/share/HOTEL/147642/147642_kan1.jpg,https://img.travel.rakuten.co.jp/HIMG/INTERIOR/147642.jpg,https://img.travel.rakuten.co.jp/share/HOTEL/147642/147642map.gif,108.0,4.06,"ホテルにしては珍しい2段ベッドでしたが特に問題なく休めました。　2026-09-16 20:21:21投稿 <a href=""https://img.travel.rakuten.co.jp/image/tr/api/re/gJNfM/?f_hotel_no=147642"" class=""3click"">つづきはこちら</a>",sn,【禁煙】シングル,6386146.0,【宿泊税込】スタンダードプラン（朝食サービス）,1,0,0,1,0,1,https://img.travel.rakuten.co.jp/image/tr/api/re/IdsCY/?f_no=147642&f_syu=sn&f_hi1=2026-10-03&f_hi2=2026-10-04&f_heya_su=1&f_otona_su=1&f_s1=0&f_s2=0&f_y1=0&f_y2=0&f_y3=0&f_y4=0&f_camp_id=6386146,0,2026-10-03,6580,6580,0,2026-10-03,buzen
187338,ＨＯＴＥＬ　Ｒ９　Ｔｈｅ　Ｙａｒｄ　上毛,https://img.travel.rakuten.co.jp/image/tr/api/re/pvonD/?f_no=187338,https://img.travel.rakuten.co.jp/image/tr/api/re/vFumt/?f_no=187338&f_flg=PLAN,https://img.travel.rakuten.co.jp/image/tr/api/re/WzozX/?noTomariHotel=187338,https://img.travel.rakuten.co.jp/image/tr/api/re/gJNfM/?f_hotel_no=187338,ほてる あーるないん ざ やーど こうげ,上毛スマートICより車で3分！中津・耶馬渓の観光拠点にも◎無料駐車場完備！独立客室で快適な滞在を♪,3300,120820.72,472239.06,871-0923,福岡県,築上郡上毛町下唐原1649-11,0979-64-6111,0979-64-6408,【お車】東九州自動車道 上毛スマートICより3分、豊前ICより10分【電車】JR日豊本線 中津駅よりタクシーで10分,無料 有り 24台※大型車（2トントラック以上）をご利用の際は、事前にお電話でお問い合わせください。,中津（大分）,https://img.travel.rakuten.co.jp/share/HOTEL/187338/187338.jpg,https://img.travel.rakuten.co.jp/HIMG/90/187338.jpg,,,https://img.travel.rakuten.co.jp/share/HOTEL/187338/187338map.gif,97.0,4.48,"直ぐ横が国道10号…　2026-09-05 16:01:22投稿 <a href=""https://img.travel.rakuten.co.jp/image/tr/api/re/gJNfM/?f_hotel_no=187338"" class=""3click"">つづきはこちら</a>",double,【禁煙】ダブルルーム （約13平米/最大2名様）,5684815.0,【スタンダード】ビジネスや観光の拠点に♪軽食＆ホットドリンク付【駐車場至近＆無料】,1,0,0,0,0,1,https://img.travel.rakuten.co.jp/image/tr/api/re/IdsCY/?f_no=187338&f_syu=double&f_hi1=2026-10-03&f_hi2=2026-10-04&f_heya_su=1&f_otona_su=1&f_s1=0&f_s2=0&f_y1=0&f_y2=0&f_y3=0&f_y4=0&f_camp_id=5684815,0,2026-10-03,6500,6500,0,2026-10-03,buzen
196719,ホテルカームプレイス,https://img.travel.rakuten.co.jp/image/tr/api/re/pvonD/?f_no=196719,https://img.travel.rakuten.co.jp/image/tr/api/re/vFumt/?f_no=196719&f_flg=PLAN,https://img.travel.rakuten.co.jp/image/tr/api/re/WzozX/?noTomariHotel=196719,https://img.travel.rakuten.co.jp/image/tr/api/re/gJNfM/?f_hotel_no=196719,ほてるかーむぷれいす,2025年3月オープン！ラウンジや漫画コーナー（500冊）・各種自動販売機など快適にお過ごしいただけます！,3001,121609.75,471558.66,800-0313,福岡県,京都郡苅田町磯浜町1-3-3,093-436-5560,093-436-5561,小倉駅から電車で約30分のJR苅田駅より車で5分、徒歩15分。北九州空港より車で15分。25号門司行橋線沿いすぐの好立地,有り　19台　無料　予約不要,苅田,https://img.travel.rakuten.co.jp/share/HOTEL/196719/196719.jpg,https://img.travel.rakuten.co.jp/HIMG/90/196719.jpg,,,https://img.travel.rakuten.co.jp/share/HOTEL/196719/196719map.gif,32.0,3.93,"0歳と5歳の子連れだったので、靴を脱いで過ごせる畳のお部屋で安心して過ごすことができました。受付の方は、いつでもニコニコ笑顔で挨拶してくれ気持ちよく過ごすことができました。近くにトライヤルや資さんうど…　2026-09-05 04:51:56投稿 <a href=""https://img.travel.rakuten.co.jp/image/tr/api/re/gJNfM/?f_hotel_no=196719"" class=""3click"">つづきはこちら</a>",06,【禁煙】シングルルーム,6573934.0,【素泊まり】無料ラウンジ＆漫画500冊◆駐車場無料！平尾台・北九州の観光拠点に,1,0,0,0,0,1,https://img.travel.rakuten.co.jp/image/tr/api/re/IdsCY/?f_no=196719&f_syu=06&f_hi1=2026-10-03&f_hi2=2026-10-04&f_heya_su=1&f_otona_su=1&f_s1=0&f_s2=0&f_y1=0&f_y2=0&f_y3=0&f_y4=0&f_camp_id=6573934,0,2026-10-03,7200,7200,0,2026-10-03,buzen
73872,ビジネスホテル　ベル,https://img.travel.rakuten.co.jp/image/tr/api/re/pvonD/?f_no=73872,https://img.travel.rakuten.co.jp/image/tr/api/re/vFumt/?f_no=73872&f_flg=PLAN,https://img.travel.rakuten.co.jp/image/tr/api/re/WzozX/?noTomariHotel=73872,https://img.travel.rakuten.co.jp/image/tr/api/re/gJNfM/?f_hotel_no=73872,べる,2022年3月リニューアル！出張利用、家族・カップル旅行も！自転車持ち込み可能なお部屋もあり、自転車旅の方々もご利用可能,3135,121425.04,471500.7,824-0001,福岡県,行橋市行事7-7-6,0930-25-5887,0930-25-5886,行橋駅より徒歩5分／九州自動車道　小倉東ＩＣより約１７ｋｍ/東九州自動車道　苅田北九州空港ICより約10km,有り　１３台　無料　予約不可先着順  ,行橋,https://img.travel.rakuten.co.jp/share/HOTEL/73872/73872.jpg,https://img.travel.rakuten.co.jp/HIMG/90/73872.jpg,https://img.travel.rakuten.co.jp/share/HOTEL/73872/73872_sin.jpg,https://img.travel.rakuten.co.jp/HIMG/INTERIOR/73872.jpg,https://img.travel.rakuten.co.jp/share/HOTEL/73872/73872map.gif,175.0,3.98,"急に宿泊しましたが駅が近くよかったです。　2026-09-26 13:43:21投稿 <a href=""https://img.travel.rakuten.co.jp/image/tr/api/re/gJNfM/?f_hotel_no=73872"" class=""3click"">つづきはこちら</a>",npn6,【禁煙】ファミリールーム　ツイン【Wi-Fi無料】,6596397.0,【楽天スーパーSALE】【素泊】2022年リニューアル！ご家族のご利用も安心・快適！気軽に素泊プラン,1,0,0,0,0,1,https://img.travel.rakuten.co.jp/image/tr/api/re/IdsCY/?f_no=73872&f_syu=npn6&f_hi1=2026-10-03&f_hi2=2026-10-04&f_heya_su=1&f_otona_su=1&f_s1=0&f_s2=0&f_y1=0&f_y2=0&f_y3=0&f_y4=0&f_camp_id=6596397,0,2026-10-03,9405,9405,0,2026-10-03,buzen
184657,ＨＯＴＥＬ　Ｒ９　Ｔｈｅ　Ｙａｒｄ　豊前,https://img.travel.rakuten.co.jp/image/tr/api/re/pvonD/?f_no=184657,https://img.travel.rakuten.co.jp/image/tr/api/re/vFumt/?f_no=184657&f_flg=PLAN,https://img.travel.rakuten.co.jp/image/tr/api/re/WzozX/?noTomariHotel=184657,https://img.travel.rakuten.co.jp/image/tr/api/re/gJNfM/?f_hotel_no=184657,ほてる あーるないん ざ やーど ぶぜん,宇島駅より徒歩3分！豊前ICと工業団地も程近くビジネスに最適◎独立客室で快適な滞在を♪,3300,121023.35,472055.67,828-0021,福岡県,豊前市八屋1921-1,0979-64-6766,0979-64-6885,【お車】東九州自動車道 豊前ICより車で10分 【電車】JR日豊本線 宇島駅より徒歩3分,無料 有り 36台※大型車（2トントラック以上）をご利用の際は、事前にお電話でお問い合わせください。,宇島,https://img.travel.rakuten.co.jp/share/HOTEL/184657/184657.jpg,https://img.travel.rakuten.co.jp/HIMG/90/184657.jpg,,,https://img.travel.rakuten.co.jp/share/HOTEL/184657/184657map.gif,110.0,4.16,"気になっていたコンテナホテルに初めて泊まりました。豊前のR9ホテルは、できて3,4年目とのことで、部屋の中も新しくて快適でした。冷凍食品や飲み物も貰えて、便利でした。また、場所が宇島駅や飲食店にすぐ近…　2026-08-06 11:56:41投稿 <a href=""https://img.travel.rakuten.co.jp/image/tr/api/re/gJNfM/?f_hotel_no=184657"" class=""3click"">つづきはこちら</a>",double,【禁煙】ダブルルーム （約12平米/最大2名様）,5573852.0,【スタンダード】ビジネスや観光の拠点に♪軽食＆ホットドリンク付【駐車場至近＆無料】,1,0,0,0,0,1,https://img.travel.rakuten.co.jp/image/tr/api/re/IdsCY/?f_no=184657&f_syu=double&f_hi1=2026-10-03&f_hi2=2026-10-04&f_heya_su=1&f_otona_su=1&f_s1=0&f_s2=0&f_y1=0&f_y2=0&f_y3=0&f_y4=0&f_camp_id=5573852,0,2026-10-03,7000,7000,0,2026-10-03,buzen
151179,ＨＯＴＥＬ　ＡＺ　福岡吉富店,https://img.travel.rakuten.co.jp/image/tr/api/re/pvonD/?f_no=151179,https://img.travel.rakuten.co.jp/image/tr/api/re/vFumt/?f_no=151179&f_flg=PLAN,https://img.travel.rakuten.co.jp/image/tr/api/re/WzozX/?noTomariHotel=151179,https://img.travel.rakuten.co.jp/image/tr/api/re/gJNfM/?f_hotel_no=151179,ほてる　えーぜっと　ふくおかよしとみてん,"大分県との県境。中津城へ車で10分。大分県中津市,福岡県豊前市,上毛町に隣接。",4820,120973.72,472218.13,871-0811,福岡県,築上郡吉富町広津879-2,0979-22-3801,0979-22-3802,北九州空港から高速で45分(豊前ICから車で10分）。ＪＲ中津駅から車で約5分。駐車場入り口は県道108号線沿いです。,無料駐車場124台あり　普通車：予約不要 、中型車・大型車：要予約（有料）,吉富（福岡）,https://img.travel.rakuten.co.jp/share/HOTEL/151179/151179.jpg,https://img.travel.rakuten.co.jp/HIMG/90/151179.jpg,https://img.travel.rakuten.co.jp/share/HOTEL/151179/151179_kan1.jpg,https://img.travel.rakuten.co.jp/HIMG/INTERIOR/151179.jpg,https://img.travel.rakuten.co.jp/share/HOTEL/151179/151179map.gif,82.0,4.14,"　駐車場は沢山ありましたが、近くにコン…　2026-09-24 11:43:54投稿 <a href=""https://img.travel.rakuten.co.jp/image/tr/api/re/gJNfM/?f_hotel_no=151179"" class=""3click"">つづきはこちら</a>",002,【禁煙】シングル,6386193.0,【宿泊税込】スタンダードプラン（朝食サービス）,1,0,0,1,0,1,https://img.travel.rakuten.co.jp/image/tr/api/re/IdsCY/?f_no=151179&f_syu=002&f_hi1=2026-10-03&f_hi2=2026-10-04&f_heya_su=1&f_otona_su=1&f_s1=0&f_s2=0&f_y1=0&f_y2=0&f_y3=0&f_y4=0&f_camp_id=6386193,0,2026-10-03,6580,6580,0,2026-10-03,buzen
168550,割烹旅館　宇島汐湯,https://img.travel.rakuten.co.jp/image/tr/api/re/pvonD/?f_no=168550,https://img.travel.rakuten.co.jp/image/tr/api/re/vFumt/?f_no=168550&f_flg=PLAN,,https://img.travel.rakuten.co.jp/image/tr/api/re/gJNfM/?f_hotel_no=168550,かっぽうりょかん　うのしましおゆ,汐風薫るくつろぎの宿　家庭的な雰囲気が漂う料理・旅館　☆　日本三大干潟の一つ「豊前海」で獲れた海の幸を堪能,5800,121033.0,472087.36,828-0022,福岡県,豊前市宇島73-1,0979-82-1231,0979-82-4255,ＪＲ宇島駅より徒歩10分,有り　無料　予約不要,宇島,https://img.travel.rakuten.co.jp/share/HOTEL/168550/168550.jpg,https://img.travel.rakuten.co.jp/HIMG/90/168550.jpg,https://img.travel.rakuten.co.jp/share/HOTEL/168550/168550_kan1.jpg,https://img.travel.rakuten.co.jp/HIMG/INTERIOR/168550.jpg,https://img.travel.rakuten.co.jp/share/HOTEL/168550/168550map.gif,49.0,4.37,"おじちゃん、おばあちゃんの家に来た暖かい心になりました。　2026-08-23 08:22:15投稿 <a href=""https://img.travel.rakuten.co.jp/image/tr/api/re/gJNfM/?f_hotel_no=168550"" class=""3click"">つづきはこちら</a>",1,おまかせ和室（Wi-Fi完備）,5519521.0,【素泊り】うみてらす豊前もすぐ近く♪気軽に過ごせる豊前の宿,1,0,0,0,0,1,https://img.travel.rakuten.co.jp/image/tr/api/re/IdsCY/?f_no=168550&f_syu=1&f_hi1=2026-10-03&f_hi2=2026-10-04&f_heya_su=1&f_otona_su=1&f_s1=0&f_s2=0&f_y1=0&f_y2=0&f_y3=0&f_y4=0&f_camp_id=5519521,0,2026-10-03,5800,5800,0,2026-10-03,buzen
201935,旧安楽旅館　ＹＡＤＯ　ｅａｓｅ．,https://img.travel.rakuten.co.jp/image/tr/api/re/pvonD/?f_no=201935,https://img.travel.rakuten.co.jp/image/tr/api/re/vFumt/?f_no=201935&f_flg=PLAN,,https://img.travel.rakuten.co.jp/image/tr/api/re/gJNfM/?f_hotel_no=201935,きゅうあんらくりょかん　やどいーず,慌ただしい日々に、ひと呼吸。充実した旅の中にも、ゆるめる時間を。,5000,121209.41,471741.0,829-0101,福岡県,築上郡築上町大字東築城262,0930-31-0943,0930-31-0943,築城駅から徒歩2分,あり 2台　無料　要予約,築城,https://img.travel.rakuten.co.jp/share/HOTEL/201935/201935.jpg,https://img.travel.rakuten.co.jp/HIMG/90/201935.jpg,,,https://img.travel.rakuten.co.jp/share/HOTEL/201935/201935map.gif,,,,01,シングルルーム（和室）,6554352.0,築城駅から徒歩２分、駐車場無料！キッチンあり、お風呂は浴槽もあり！のんびり素泊まりプラン♪,1,0,0,0,0,1,https://img.travel.rakuten.co.jp/image/tr/api/re/IdsCY/?f_no=201935&f_syu=01&f_hi1=2026-10-03&f_hi2=2026-10-04&f_heya_su=1&f_otona_su=1&f_s1=0&f_s2=0&f_y1=0&f_y2=0&f_y3=0&f_y4=0&f_camp_id=6554352,0,2026-10-03,7500,7500,0,2026-10-03,buzen
191904,そらすな,https://img.travel.rakuten.co.jp/image/tr/api/re/pvonD/?f_no=191904,https://img.travel.rakuten.co.jp/image/tr/api/re/vFumt/?f_no=191904&f_flg=PLAN,https://img.travel.rakuten.co.jp/image/tr/api/re/WzozX/?noTomariHotel=191904,https://img.travel.rakuten.co.jp/image/tr/api/re/gJNfM/?f_hotel_no=191904,そらすな,◇全室オーシャンビュー◇サウナ付きルームやペット可能ルーム◇旬の食材やマリンアクティビティも楽しめるビーチサイドリゾート,3200,121389.37,471691.23,824-0014,福岡県,行橋市長井136-1,0930-55-0116,0930-28-9009,ＪＲ行橋駅よりお車で約１５分、北九州空港よりお車で約３０分,有り：79台無料、予約不要※22：00〜8:30の入出庫は事前にご連絡をお願いします。,行橋,https://img.travel.rakuten.co.jp/share/HOTEL/191904/191904.jpg,https://img.travel.rakuten.co.jp/HIMG/90/191904.jpg,,,https://img.travel.rakuten.co.jp/share/HOTEL/191904/191904map.gif,41.0,4.47,"天気があんまり良くなかっ…　2026-09-20 21:07:42投稿 <a href=""https://img.travel.rakuten.co.jp/image/tr/api/re/gJNfM/?f_hotel_no=191904"" class=""3click"">つづきはこちら</a>",sola2023,愛犬ステイルーム,5985505.0,【お食事不要の方はこちら】水平線を望む全10室限定リゾートホテル/素泊まりプラン,1,0,0,0,0,2,https://img.travel.rakuten.co.jp/image/tr/api/re/IdsCY/?f_no=191904&f_syu=sola2023&f_hi1=2026-10-03&f_hi2=2026-10-04&f_heya_su=1&f_otona_su=1&f_s1=0&f_s2=0&f_y1=0&f_y2=0&f_y3=0&f_y4=0&f_camp_id=5985505,0,2026-10-03,22000,22000,0,2026-10-03,buzen
197684,ホテルルートイン大牟田,https://img.travel.rakuten.co.jp/image/tr/api/re/pvonD/?f_no=197684,https://img.travel.rakuten.co.jp/image/tr/api/re/vFumt/?f_no=197684&f_flg=PLAN,https://img.travel.rakuten.co.jp/image/tr/api/re/WzozX/?noTomariHotel=197684,https://img.travel.rakuten.co.jp/image/tr/api/re/gJNfM/?f_hotel_no=197684,ほてるるーといんおおむた,2025年12月26日OPEN！有明沿岸道大牟田ICから車で約2分！ホテルルートイン大牟田！,6475,118906.91,469541.59,836-0037,福岡県,大牟田市岬町6-67,050-5482-7150,0944-54-1002,西鉄大牟田駅から車で約5分、有明沿岸道　大牟田ICから車で約2分,あり　227台　無料　先着順,大牟田,https://img.travel.rakuten.co.jp/share/HOTEL/197684/197684.jpg,https://img.travel.rakuten.co.jp/HIMG/90/197684.jpg,,,https://img.travel.rakuten.co.jp/share/HOTEL/197684/197684map.gif,208.0,4.53,"部屋の広さも良かったです。　2026-09-28 13:00:30投稿 <a href=""https://img.travel.rakuten.co.jp/image/tr/api/re/gJNfM/?f_hotel_no=197684"" class=""3click"">つづきはこちら</a>",ns,□禁煙□シングルルーム,6324537.0,スタンダードプラン【バイキング朝食付き】,1,0,0,1,0,1,https://img.travel.rakuten.co.jp/image/tr/api/re/IdsCY/?f_no=197684&f_syu=ns&f_hi1=2026-10-03&f_hi2=2026-10-04&f_heya_su=1&f_otona_su=1&f_s1=0&f_s2=0&f_y1=0&f_y2=0&f_y3=0&f_y4=0&f_camp_id=6324537,0,2026-10-03,10550,10550,0,2026-10-03,chikugo
19687,ホテルニューガイア　オームタガーデン,https://img.travel.rakuten.co.jp/image/tr/api/re/pvonD/?f_no=19687,https://img.travel.rakuten.co.jp/image/tr/api/re/vFumt/?f_no=19687&f_flg=PLAN,https://img.travel.rakuten.co.jp/image/tr/api/re/WzozX/?noTomariHotel=19687,https://img.travel.rakuten.co.jp/image/tr/api/re/gJNfM/?f_hotel_no=19687,おーむた　がーでん,宿泊者専用ラウンジのフリーフローサービスが充実！2025年2月1日よりスカイラウンジも全宿泊者対象に！,4150,118923.76,469629.25,836-0807,福岡県,大牟田市旭町三丁目3番地3,0944-51-1111,0944-51-0510,天神から西鉄電車特急で60分、西鉄新栄町駅下車徒歩3分/九州道南関ＩＣより車で25分,"有料　120台駐車可　ご宿泊者の方は1泊1,000円にてご利用いただけます。",新栄町（福岡）,https://img.travel.rakuten.co.jp/share/HOTEL/19687/19687.jpg,https://img.travel.rakuten.co.jp/HIMG/90/19687.jpg,https://img.travel.rakuten.co.jp/share/HOTEL/19687/19687_heya1.jpg,https://img.travel.rakuten.co.jp/HIMG/INTERIOR/19687.jpg,https://img.travel.rakuten.co.jp/share/HOTEL/19687/19687map.gif,1429.0,4.02,"近くの居酒屋に行きましたが、行く前に出来…　2026-09-28 21:42:54投稿 <a href=""https://img.travel.rakuten.co.jp/image/tr/api/re/gJNfM/?f_hotel_no=19687"" class=""3click"">つづきはこちら</a>",pscn,【禁煙】プレミアムフロア スタンダードシングル,6595881.0,【全面リニューアル決定】休館までの期間限定 今までありがとうプラン,1,0,0,0,0,1,https://img.travel.rakuten.co.jp/image/tr/api/re/IdsCY/?f_no=19687&f_syu=pscn&f_hi1=2026-10-03&f_hi2=2026-10-04&f_heya_su=1&f_otona_su=1&f_s1=0&f_s2=0&f_y1=0&f_y2=0&f_y3=0&f_y4=0&f_camp_id=6595881,0,2026-10-03,12500,12500,0,2026-10-03,chikugo
10801,ホテルアベニュー筑後,https://img.travel.rakuten.co.jp/image/tr/api/re/pvonD/?f_no=10801,https://img.travel.rakuten.co.jp/image/tr/api/re/vFumt/?f_no=10801&f_flg=PLAN,https://img.travel.rakuten.co.jp/image/tr/api/re/WzozX/?noTomariHotel=10801,https://img.travel.rakuten.co.jp/image/tr/api/re/gJNfM/?f_hotel_no=10801,あべにゅー　ちくご,【2025年12月全館リニューアルオープン】羽犬塚駅より徒歩2分、ゆったりとした雰囲気と温かいサービスのホテル。,4000,119541.92,469805.22,833-0031,福岡県,筑後市山ノ井松原213-1,0942-54-2111,0942-54-2121,JR鹿児島本線羽犬塚駅より徒歩1分／博多駅より快速50分／九州新幹線筑後船小屋駅より車で4分／八女ICより車で4分！,駐車場無料(45台・先着順・事前予約不可),羽犬塚,https://img.travel.rakuten.co.jp/share/HOTEL/10801/10801.jpg,https://img.travel.rakuten.co.jp/HIMG/90/10801.jpg,https://img.travel.rakuten.co.jp/share/HOTEL/10801/10801_sig.jpg,https://img.travel.rakuten.co.jp/HIMG/INTERIOR/10801.jpg,https://img.travel.rakuten.co.jp/share/HOTEL/10801/10801map.gif,1021.0,3.88,,srns1,【禁煙】スタンダードダブル（1名利用）＜無料Wi−Fi＞,6367093.0,【スタンダードプラン】ビジネス・一人旅に最適◆一泊素泊プラン《駐車場・VOD・Wi-Fi無料》,1,0,0,0,0,1,https://img.travel.rakuten.co.jp/image/tr/api/re/IdsCY/?f_no=10801&f_syu=srns1&f_hi1=2026-10-03&f_hi2=2026-10-04&f_heya_su=1&f_otona_su=1&f_s1=0&f_s2=0&f_y1=0&f_y2=0&f_y3=0&f_y4=0&f_camp_id=6367093,0,2026-10-03,7000,7000,0,2026-10-03,chikugo
197724,ＭＯＮＯＭＩＮＡ　ＨＯＴＥＬ　ｓｔｎ．１,https://img.travel.rakuten.co.jp/image/tr/api/re/pvonD/?f_no=197724,https://img.travel.rakuten.co.jp/image/tr/api/re/vFumt/?f_no=197724&f_flg=PLAN,https://img.travel.rakuten.co.jp/image/tr/api/re/WzozX/?noTomariHotel=197724,https://img.travel.rakuten.co.jp/image/tr/api/re/gJNfM/?f_hotel_no=197724,ものみなほてるすてーしょんわん,大牟田の炭鉱という個性を踏襲した空間で、 その魅力に触れる機会をご提供いたします。,4768,118914.67,469608.5,836-0047,福岡県,大牟田市大正町1-3-9,0944-53-3800,0944-53-3807,西鉄天神大牟田線 新栄町駅より徒歩約8分,あり　26台　800円　先着順,新栄町（福岡）,https://img.travel.rakuten.co.jp/share/HOTEL/197724/197724.jpg,https://img.travel.rakuten.co.jp/HIMG/90/197724.jpg,,,https://img.travel.rakuten.co.jp/share/HOTEL/197724/197724map.gif,44.0,4.43,"設備もキレイで出張で寝るだけだ…　2026-07-28 20:46:19投稿 <a href=""https://img.travel.rakuten.co.jp/image/tr/api/re/gJNfM/?f_hotel_no=197724"" class=""3click"">つづきはこちら</a>",dbl,ダブルルーム（16平米）ベッド幅140センチ,6434455.0,＜駐車場利用無し＞【直前割】「大牟田駅から徒歩10分」デザイナーズホテル(素泊まり／食事なし),1,0,0,0,0,1,https://img.travel.rakuten.co.jp/image/tr/api/re/IdsCY/?f_no=197724&f_syu=dbl&f_hi1=2026-10-03&f_hi2=2026-10-04&f_heya_su=1&f_otona_su=1&f_s1=0&f_s2=0&f_y1=0&f_y2=0&f_y3=0&f_y4=0&f_camp_id=6434455,0,2026-10-03,8546,8546,0,2026-10-03,chikugo
172388,ビジネスインこめや２号館,https://img.travel.rakuten.co.jp/image/tr/api/re/pvonD/?f_no=172388,https://img.travel.rakuten.co.jp/image/tr/api/re/vFumt/?f_no=172388&f_flg=PLAN,https://img.travel.rakuten.co.jp/image/tr/api/re/WzozX/?noTomariHotel=172388,https://img.travel.rakuten.co.jp/image/tr/api/re/gJNfM/?f_hotel_no=172388,びじねすいんこめやにごうかん,大牟田駅から徒歩２分！漫画本貸し出しも自転車貸し出しもWi-Fiも無料！安くて駅近といえばココ☆,3300,118896.34,469598.36,836-0046,福岡県,大牟田市本町4-7-13,0944-31-4269,0944-31-4306,ＪＲ／西鉄　大牟田駅西口(西鉄側)より駅を背に徒歩にて約２分,無料駐車場有り。予約画面にて、車のナンバー（最後の４ケタと地方）を備考欄に記入してください。,大牟田,https://img.travel.rakuten.co.jp/share/HOTEL/172388/172388.jpg,https://img.travel.rakuten.co.jp/HIMG/90/172388.jpg,,,https://img.travel.rakuten.co.jp/share/HOTEL/172388/172388map.gif,156.0,3.89,"1人で宿泊するにはとても良いです　2026-09-24 19:04:39投稿 <a href=""https://img.travel.rakuten.co.jp/image/tr/api/re/gJNfM/?f_hotel_no=172388"" class=""3click"">つづきはこちら</a>",aabb918,シングルルーム　(禁煙)　,,,1,0,0,0,0,1,https://img.travel.rakuten.co.jp/image/tr/api/re/IdsCY/?f_no=172388&f_syu=aabb918&f_hi1=2026-10-03&f_hi2=2026-10-04&f_heya_su=1&f_otona_su=1&f_s1=0&f_s2=0&f_y1=0&f_y2=0&f_y3=0&f_y4=0,1,2026-10-03,5300,5300,0,2026-10-03,chikugo
56158,ニューロイヤルホテル,https://img.travel.rakuten.co.jp/image/tr/api/re/pvonD/?f_no=56158,https://img.travel.rakuten.co.jp/image/tr/api/re/vFumt/?f_no=56158&f_flg=PLAN,https://img.travel.rakuten.co.jp/image/tr/api/re/WzozX/?noTomariHotel=56158,https://img.travel.rakuten.co.jp/image/tr/api/re/gJNfM/?f_hotel_no=56158,にゅーろいやるほてる,西鉄・ＪＲ駅から徒歩１０分。繁華街、飲食店へ歩いて１０分以内で移動できます。,7550,118907.23,469611.0,836-0044,福岡県,大牟田市古町2-9,0944-53-2800,0944-53-2855,ＪＲ・西鉄　大牟田駅から徒歩１０分,"21台。普通車500円/泊。大型車1,100円/泊。駐車場予約車1,100円/泊。 防犯カメラ設置",大牟田,https://img.travel.rakuten.co.jp/share/HOTEL/56158/56158.jpg,https://img.travel.rakuten.co.jp/HIMG/90/56158.jpg,https://img.travel.rakuten.co.jp/share/HOTEL/56158/56158_ky.jpg,https://img.travel.rakuten.co.jp/HIMG/INTERIOR/56158.jpg,https://img.travel.rakuten.co.jp/share/HOTEL/56158/56158map.gif,405.0,3.51,"産業も衰退する地域で営業する貴重な宿泊施設ですが、実際に泊まってみて未だに好評されている理由がわかりました。もちろん施設自体は老朽化していますが、清掃も行き届いており、なによりも従業員の方々の笑顔や心…　2026-09-23 21:29:25投稿 <a href=""https://img.travel.rakuten.co.jp/image/tr/api/re/gJNfM/?f_hotel_no=56158"" class=""3click"">つづきはこちら</a>",rfs,◆◇シングル◆◇喫煙,4934498.0,シングルがお得！　●楽ラク素泊まり●喫煙,1,0,0,0,0,1,https://img.travel.rakuten.co.jp/image/tr/api/re/IdsCY/?f_no=56158&f_syu=rfs&f_hi1=2026-10-03&f_hi2=2026-10-04&f_heya_su=1&f_otona_su=1&f_s1=0&f_s2=0&f_y1=0&f_y2=0&f_y3=0&f_y4=0&f_camp_id=4934498,0,2026-10-03,7950,7950,0,2026-10-03,chikugo
3149,八女グリーンホテル,https://img.travel.rakuten.co.jp/image/tr/api/re/pvonD/?f_no=3149,https://img.travel.rakuten.co.jp/image/tr/api/re/vFumt/?f_no=3149&f_flg=PLAN,https://img.travel.rakuten.co.jp/image/tr/api/re/WzozX/?noTomariHotel=3149,https://img.travel.rakuten.co.jp/image/tr/api/re/gJNfM/?f_hotel_no=3149,やめ　ぐりーんほてる,駐車場無料（3ｔ～有料）●展望浴場無料（予約制度あり）●朝食無料●Ｗｉ－Fi完備,3980,119544.91,470023.46,834-0031,福岡県,八女市本町47-1,0943-22-2156,0943-24-5896,ＪＲ羽犬塚駅よりバスで１５分（福島バス停より徒歩７分）■八女インターよりお車で １０分■広川インターよりお車で １５分,無料(3ｔ以上は有料1000円) 大型バスは要予約（お断りする場合も有）,羽犬塚,https://img.travel.rakuten.co.jp/share/HOTEL/3149/3149.jpg,https://img.travel.rakuten.co.jp/HIMG/90/3149.jpg,https://img.travel.rakuten.co.jp/share/HOTEL/3149/3149_heya.jpg,https://img.travel.rakuten.co.jp/HIMG/INTERIOR/3149.jpg,https://img.travel.rakuten.co.jp/share/HOTEL/3149/3149map.gif,610.0,3.6,,sn,【禁煙】本館｜セミダブル,5241118.0,【今だけ選べる癒しアメニティ付】宿泊をプチ贅沢に♪美容or安眠Set＜無料朝食＆無料駐車場＞,1,0,0,1,0,1,https://img.travel.rakuten.co.jp/image/tr/api/re/IdsCY/?f_no=3149&f_syu=sn&f_hi1=2026-10-03&f_hi2=2026-10-04&f_heya_su=1&f_otona_su=1&f_s1=0&f_s2=0&f_y1=0&f_y2=0&f_y3=0&f_y4=0&f_camp_id=5241118,0,2026-10-03,8300,8300,0,2026-10-03,chikugo
197735,トレイルイン福岡大牟田（Ｔｒａｉｌ　ｉｎｎ　福岡大牟田）,https://img.travel.rakuten.co.jp/image/tr/api/re/pvonD/?f_no=197735,https://img.travel.rakuten.co.jp/image/tr/api/re/vFumt/?f_no=197735&f_flg=PLAN,,https://img.travel.rakuten.co.jp/image/tr/api/re/gJNfM/?f_hotel_no=197735,とれいるいんふくおかおおむた,各室完全独立のトレーラーホテル！！洗濯機、電子レンジ完備！,4200,118912.64,469603.7,836-0047,福岡県,大牟田市大正町2-7-5,0944-85-8887,--,大牟田駅より車で3分　徒歩で10分,あり　7台　無料　先着順,大牟田,https://img.travel.rakuten.co.jp/share/HOTEL/197735/197735.jpg,https://img.travel.rakuten.co.jp/HIMG/90/197735.jpg,,,https://img.travel.rakuten.co.jp/share/HOTEL/197735/197735map.gif,52.0,4.17,"また泊まるので、よろし…　2026-09-27 18:32:36投稿 <a href=""https://img.travel.rakuten.co.jp/image/tr/api/re/gJNfM/?f_hotel_no=197735"" class=""3click"">つづきはこちら</a>",double,ダブルルーム＜禁煙＞,6357617.0,感謝！！オープン特別価格　ダブルルーム＜禁煙＞,1,0,0,0,0,2,https://img.travel.rakuten.co.jp/image/tr/api/re/IdsCY/?f_no=197735&f_syu=double&f_hi1=2026-10-03&f_hi2=2026-10-04&f_heya_su=1&f_otona_su=1&f_s1=0&f_s2=0&f_y1=0&f_y2=0&f_y3=0&f_y4=0&f_camp_id=6357617,0,2026-10-03,6500,6500,0,2026-10-03,chikugo
11227,ホテル　エルモント,https://img.travel.rakuten.co.jp/image/tr/api/re/pvonD/?f_no=11227,https://img.travel.rakuten.co.jp/image/tr/api/re/vFumt/?f_no=11227&f_flg=PLAN,https://img.travel.rakuten.co.jp/image/tr/api/re/WzozX/?noTomariHotel=11227,https://img.travel.rakuten.co.jp/image/tr/api/re/gJNfM/?f_hotel_no=11227,えるもんと,筑後市にオープン！全館“光フレッツ”高速無線Wi-Fi通信無料！全室空気清浄器付。洋朝食無料☆ゆったりセミダブルベット！,4290,119544.54,469802.25,833-0031,福岡県,筑後市山ノ井138-22,0942-53-2008,0942-53-0006,ＪＲ羽犬塚駅より徒歩１分／九州新幹線筑後船小屋駅より車で4分/九州自動車道八女Ｉ．Ｃより車で4分／福岡空港より45分,※無料駐車場 30台は到着順です（駐車予約不可）★満車の場合は近隣の有料駐車場をご案内します◆,羽犬塚,https://img.travel.rakuten.co.jp/share/HOTEL/11227/11227.jpg,https://img.travel.rakuten.co.jp/HIMG/90/11227.jpg,https://img.travel.rakuten.co.jp/share/HOTEL/11227/11227_yor.jpg,https://img.travel.rakuten.co.jp/HIMG/INTERIOR/11227.jpg,https://img.travel.rakuten.co.jp/share/HOTEL/11227/11227map.gif,720.0,4.03,,sp,お1人様お寛ぎプラン♪セミダブルベット★（喫煙可）,2161860.0,いよいよスタート！【新幹線全線開通】ハッピープラン♪☆セミダブルベット★,1,0,0,1,0,0,https://img.travel.rakuten.co.jp/image/tr/api/re/IdsCY/?f_no=11227&f_syu=sp&f_hi1=2026-10-03&f_hi2=2026-10-04&f_heya_su=1&f_otona_su=1&f_s1=0&f_s2=0&f_y1=0&f_y2=0&f_y3=0&f_y4=0&f_camp_id=2161860,0,2026-10-03,6160,6160,1,2026-10-03,chikugo
145477,大川リバーサイドホテル,https://img.travel.rakuten.co.jp/image/tr/api/re/pvonD/?f_no=145477,https://img.travel.rakuten.co.jp/image/tr/api/re/vFumt/?f_no=145477&f_flg=PLAN,https://img.travel.rakuten.co.jp/image/tr/api/re/WzozX/?noTomariHotel=145477,https://img.travel.rakuten.co.jp/image/tr/api/re/gJNfM/?f_hotel_no=145477,おおかわりばーさいどほてる,佐賀市内へ車で約２０分。柳川市内へ車で約１５分。福岡市内へ車で約１時間半。 ビジネスや観光に是非ご利用下さい。,4400,119532.84,469367.41,831-0004,福岡県,大川市榎津218-1,0944-86-2200,0944-86-2201,西鉄柳川駅から車で１５分、九州佐賀国際空港から車で２５分、ＪＲ佐賀駅から車で２５分,有り　２２台　無料(先着順）,西鉄柳川,https://img.travel.rakuten.co.jp/share/HOTEL/145477/145477.jpg,https://img.travel.rakuten.co.jp/HIMG/90/145477.jpg,https://img.travel.rakuten.co.jp/share/HOTEL/145477/145477_kan1.jpg,https://img.travel.rakuten.co.jp/HIMG/INTERIOR/145477.jpg,https://img.travel.rakuten.co.jp/share/HOTEL/145477/145477map.gif,196.0,4.09,"やはりここは朝のバイキングが何よりの楽しみ。部屋も必要十分にキレイ。　2026-09-28 23:35:27投稿 <a href=""https://img.travel.rakuten.co.jp/image/tr/api/re/gJNfM/?f_hotel_no=145477"" class=""3click"">つづきはこちら</a>",nds,【禁煙】デラックスシングル (佐賀・柳川でのビジネスに♪),4312174.0,【Okawa Riverside Hotel】スタンダードプラン／朝食和洋バイキング無料 ,1,0,0,1,0,1,https://img.travel.rakuten.co.jp/image/tr/api/re/IdsCY/?f_no=145477&f_syu=nds&f_hi1=2026-10-03&f_hi2=2026-10-04&f_heya_su=1&f_otona_su=1&f_s1=0&f_s2=0&f_y1=0&f_y2=0&f_y3=0&f_y4=0&f_camp_id=4312174,0,2026-10-03,7500,7500,0,2026-10-03,chikugo
78158,スマイルホテル福岡大川,https://img.travel.rakuten.co.jp/image/tr/api/re/pvonD/?f_no=78158,https://img.travel.rakuten.co.jp/image/tr/api/re/vFumt/?f_no=78158&f_flg=PLAN,https://img.travel.rakuten.co.jp/image/tr/api/re/WzozX/?noTomariHotel=78158,https://img.travel.rakuten.co.jp/image/tr/api/re/gJNfM/?f_hotel_no=78158,すまいるほてるふくおかおおかわ,久留米・佐賀市内・佐賀空港まで車で25分★大川市中心でビジネスも観光も快適！【駐車場無料】,3750,119539.12,469370.39,831-0016,福岡県,大川市酒見105-1,0944-89-1311,0944-89-1313,西鉄柳川駅よりタクシーご利用にて１２分、九州佐賀国際空港より車で２５分、九州新幹線筑後船小屋駅より車で２５分,有り　４０台　無料　予約不要　※満車時は近藤材木店の駐車場へご駐車ください。,西鉄柳川,https://img.travel.rakuten.co.jp/share/HOTEL/78158/78158.jpg,https://img.travel.rakuten.co.jp/HIMG/90/78158.jpg,https://img.travel.rakuten.co.jp/share/HOTEL/78158/78158_sin.jpg,https://img.travel.rakuten.co.jp/HIMG/INTERIOR/78158.jpg,https://img.travel.rakuten.co.jp/share/HOTEL/78158/78158map.gif,370.0,3.87,"良いホテルでした！　2026-09-22 09:23:41投稿 <a href=""https://img.travel.rakuten.co.jp/image/tr/api/re/gJNfM/?f_hotel_no=78158"" class=""3click"">つづきはこちら</a>",sn,【禁煙】シングルルーム/12平米★シンプル快適ステイ,6305269.0,【直前割｜素泊まり】☆シンプルステイプラン☆VOD全室無料視聴☆コンビニ徒歩２分☆駐車場無料☆,1,0,0,0,0,1,https://img.travel.rakuten.co.jp/image/tr/api/re/IdsCY/?f_no=78158&f_syu=sn&f_hi1=2026-10-03&f_hi2=2026-10-04&f_heya_su=1&f_otona_su=1&f_s1=0&f_s2=0&f_y1=0&f_y2=0&f_y3=0&f_y4=0&f_camp_id=6305269,0,2026-10-03,7800,7800,0,2026-10-03,chikugo
167965,ホテルＣ＆Ｓ新大牟田,https://img.travel.rakuten.co.jp/image/tr/api/re/pvonD/?f_no=167965,https://img.travel.rakuten.co.jp/image/tr/api/re/vFumt/?f_no=167965&f_flg=PLAN,https://img.travel.rakuten.co.jp/image/tr/api/re/WzozX/?noTomariHotel=167965,https://img.travel.rakuten.co.jp/image/tr/api/re/gJNfM/?f_hotel_no=167965,しーあんどえすしんおおむた,"◆2018年7月NEW OPEN◆大牟田に,新しい滞在のスタイルをご提案いたします。",6200,119039.14,469758.15,837-0910,福岡県,大牟田市岩本新町1-7-6,0944-31-3320,0944-31-3996,新幹線 新大牟田駅から徒歩5分,有り　２０台　無料　,,https://img.travel.rakuten.co.jp/share/HOTEL/167965/167965.jpg,https://img.travel.rakuten.co.jp/HIMG/90/167965.jpg,https://img.travel.rakuten.co.jp/share/HOTEL/167965/167965_kan1.jpg,https://img.travel.rakuten.co.jp/HIMG/INTERIOR/167965.jpg,https://img.travel.rakuten.co.jp/share/HOTEL/167965/167965map.gif,90.0,3.88,"洗面所の流し台が小さい、湯船ではなくシャワーのみが欠点…　2026-09-08 20:40:51投稿 <a href=""https://img.travel.rakuten.co.jp/image/tr/api/re/gJNfM/?f_hotel_no=167965"" class=""3click"">つづきはこちら</a>",s,リーズナブル料金 シングルルーム,4281410.0,◆スタンダードプラン◆,1,0,0,0,0,1,https://img.travel.rakuten.co.jp/image/tr/api/re/IdsCY/?f_no=167965&f_syu=s&f_hi1=2026-10-03&f_hi2=2026-10-04&f_heya_su=1&f_otona_su=1&f_s1=0&f_s2=0&f_y1=0&f_y2=0&f_y3=0&f_y4=0&f_camp_id=4281410,0,2026-10-03,6200,6200,1,2026-10-03,chikugo
147664,ビジネスインこめや,https://img.travel.rakuten.co.jp/image/tr/api/re/pvonD/?f_no=147664,https://img.travel.rakuten.co.jp/image/tr/api/re/vFumt/?f_no=147664&f_flg=PLAN,https://img.travel.rakuten.co.jp/image/tr/api/re/WzozX/?noTomariHotel=147664,https://img.travel.rakuten.co.jp/image/tr/api/re/gJNfM/?f_hotel_no=147664,びじねすいんこめや,大牟田駅から徒歩２分のビジネスホテルです☆繁華街まで徒歩１０分圏内。自転車貸出、マンガ本貸出無料！無料Wi-Fi完備！,3300,118898.73,469597.68,836-0047,福岡県,大牟田市大正町4-2-2,0944-31-3328,0944-31-4306,大牟田駅西口(西鉄側)を出て駅を背にまっすぐ歩いて２分ほどです。,無料駐車場有り。予約画面にて、車のナンバー（最後の４ケタと地方）を備考欄に記入してください。,大牟田,https://img.travel.rakuten.co.jp/share/HOTEL/147664/147664.jpg,https://img.travel.rakuten.co.jp/HIMG/90/147664.jpg,,,https://img.travel.rakuten.co.jp/share/HOTEL/147664/147664map.gif,145.0,3.9,"静かに寝られるよい環境でした。　2026-09-23 20:08:28投稿 <a href=""https://img.travel.rakuten.co.jp/image/tr/api/re/gJNfM/?f_hotel_no=147664"" class=""3click"">つづきはこちら</a>",aabb918,シングル洋室（禁煙）,,,1,0,0,0,0,1,https://img.travel.rakuten.co.jp/image/tr/api/re/IdsCY/?f_no=147664&f_syu=aabb918&f_hi1=2026-10-03&f_hi2=2026-10-04&f_heya_su=1&f_otona_su=1&f_s1=0&f_s2=0&f_y1=0&f_y2=0&f_y3=0&f_y4=0,1,2026-10-03,5300,5300,0,2026-10-03,chikugo
149349,ＨＯＴＥＬ　ＡＺ　福岡大川店,https://img.travel.rakuten.co.jp/image/tr/api/re/pvonD/?f_no=149349,https://img.travel.rakuten.co.jp/image/tr/api/re/vFumt/?f_no=149349&f_flg=PLAN,https://img.travel.rakuten.co.jp/image/tr/api/re/WzozX/?noTomariHotel=149349,https://img.travel.rakuten.co.jp/image/tr/api/re/gJNfM/?f_hotel_no=149349,ほてる　えーぜっと　ふくおかおおかわてん,朝食無料・駐車場無料・インターネット接続無料,4820,119461.32,469406.87,831-0026,福岡県,大川市三丸1375-6,0944-89-3311,0944-89-3302,西鉄柳川駅より車で約９分。八女ＩＣより車で約３０分。　九州佐賀国際空港より車で約30分,無料駐車場91台あり　普通車：予約不要 、中型車・大型車：要予約,西鉄柳川,https://img.travel.rakuten.co.jp/share/HOTEL/149349/149349.jpg,https://img.travel.rakuten.co.jp/HIMG/90/149349.jpg,https://img.travel.rakuten.co.jp/share/HOTEL/149349/149349_kan1.jpg,https://img.travel.rakuten.co.jp/HIMG/INTERIOR/149349.jpg,https://img.travel.rakuten.co.jp/share/HOTEL/149349/149349map.gif,119.0,4.13,"いつも部活の大会の時に利用させてもらってます。夜遅くのチェックインでも丁寧に対応してもらってありがたいです。また、利用したいです。　2026-09-23 09:13:40投稿 <a href=""https://img.travel.rakuten.co.jp/image/tr/api/re/gJNfM/?f_hotel_no=149349"" class=""3click"">つづきはこちら</a>",s,【喫煙】シングル,6385999.0,【宿泊税込】スタンダードプラン（朝食サービス）,1,0,0,1,0,1,https://img.travel.rakuten.co.jp/image/tr/api/re/IdsCY/?f_no=149349&f_syu=s&f_hi1=2026-10-03&f_hi2=2026-10-04&f_heya_su=1&f_otona_su=1&f_s1=0&f_s2=0&f_y1=0&f_y2=0&f_y3=0&f_y4=0&f_camp_id=6385999,0,2026-10-03,6580,6580,0,2026-10-03,chikugo
196668,Ｐｒｅｃｉｏｕｓ　ＣＡＢＩＮ　キャビン型カプセルホテル,https://img.travel.rakuten.co.jp/image/tr/api/re/pvonD/?f_no=196668,https://img.travel.rakuten.co.jp/image/tr/api/re/vFumt/?f_no=196668&f_flg=PLAN,,https://img.travel.rakuten.co.jp/image/tr/api/re/gJNfM/?f_hotel_no=196668,ぷれしゃすきゃびん　きゃびんがたかぷせるほてる,九州最多の4種のサウナや温泉、リラクゼーションルーム使い放題！充実のキャビンライフが過ごせます♪コワーキングにも◎,5500,118834.91,469694.1,836-0895,福岡県,大牟田市新勝立町6-37,0944-53-8126,--,博多駅もしくは天神駅から電車で約1時間　大牟田駅下車　そこから車で約10分,あり　240台　無料　予約不要,大牟田,https://img.travel.rakuten.co.jp/share/HOTEL/196668/196668.jpg,https://img.travel.rakuten.co.jp/HIMG/90/196668.jpg,,,https://img.travel.rakuten.co.jp/share/HOTEL/196668/196668map.gif,32.0,4.03,"くつろぎスペースが2ヵ所また、ジムもあって宿泊は併設のホテルで安くて綺麗です。ジムが気に入りました！2日間ゆっく…　2026-09-10 15:34:45投稿 <a href=""https://img.travel.rakuten.co.jp/image/tr/api/re/gJNfM/?f_hotel_no=196668"" class=""3click"">つづきはこちら</a>",2,＜女性専用＞キャビン,6410919.0,【15％OFF】【楽天スーパーSALE】個室感覚でリーズナブルなキャビンステイ＜朝カレー無料＞,1,0,0,1,0,2,https://img.travel.rakuten.co.jp/image/tr/api/re/IdsCY/?f_no=196668&f_syu=2&f_hi1=2026-10-03&f_hi2=2026-10-04&f_heya_su=1&f_otona_su=1&f_s1=0&f_s2=0&f_y1=0&f_y2=0&f_y3=0&f_y4=0&f_camp_id=6410919,0,2026-10-03,5690,5690,0,2026-10-03,chikugo
54919,旅館　清風荘＜福岡県＞,https://img.travel.rakuten.co.jp/image/tr/api/re/pvonD/?f_no=54919,https://img.travel.rakuten.co.jp/image/tr/api/re/vFumt/?f_no=54919&f_flg=PLAN,https://img.travel.rakuten.co.jp/image/tr/api/re/WzozX/?noTomariHotel=54919,https://img.travel.rakuten.co.jp/image/tr/api/re/gJNfM/?f_hotel_no=54919,せいふうそう,大牟田駅西口徒歩３分の好立地。スタッフはほぼ全員女性で、家庭の温かみと実家のような安心感が満足度のポイント,7050,118902.11,469596.08,836-0047,福岡県,大牟田市大正町4-7-5,0944-52-2710,0944-56-3617,ＪＲ・西鉄　大牟田駅西口より徒歩３分,有り　7台　無料　要予約,大牟田,https://img.travel.rakuten.co.jp/share/HOTEL/54919/54919.jpg,https://img.travel.rakuten.co.jp/HIMG/90/54919.jpg,https://img.travel.rakuten.co.jp/share/HOTEL/54919/54919_wa.jpg,https://img.travel.rakuten.co.jp/HIMG/INTERIOR/54919.jpg,https://img.travel.rakuten.co.jp/share/HOTEL/54919/54919map.gif,212.0,3.27,"趣のあるお部屋とアットホームな接客で楽しく過ごせました。　2026-07-30 15:01:16投稿 <a href=""https://img.travel.rakuten.co.jp/image/tr/api/re/gJNfM/?f_hotel_no=54919"" class=""3click"">つづきはこちら</a>",yado08,＜セミダブル＞禁煙,5252962.0,★タイムセール‐素泊まり★最大30％OFF！純和風空間で静かな休息を【大牟田駅徒歩5分＆大浴場】,1,0,0,0,0,1,https://img.travel.rakuten.co.jp/image/tr/api/re/IdsCY/?f_no=54919&f_syu=yado08&f_hi1=2026-10-03&f_hi2=2026-10-04&f_heya_su=1&f_otona_su=1&f_s1=0&f_s2=0&f_y1=0&f_y2=0&f_y3=0&f_y4=0&f_camp_id=5252962,0,2026-10-03,8150,8150,0,2026-10-03,chikugo
78146,ビジネス　ホテル　まゆみ,https://img.travel.rakuten.co.jp/image/tr/api/re/pvonD/?f_no=78146,https://img.travel.rakuten.co.jp/image/tr/api/re/vFumt/?f_no=78146&f_flg=PLAN,https://img.travel.rakuten.co.jp/image/tr/api/re/WzozX/?noTomariHotel=78146,https://img.travel.rakuten.co.jp/image/tr/api/re/gJNfM/?f_hotel_no=78146,まゆみ,【九州旅行応援クーポン発行中!!】飲食店街中心部★　一度チェックインすれば門限なし,3250,118910.66,469611.54,836-0046,福岡県,大牟田市本町2-1-9,0944-52-5989,0944-52-6034,福岡空港からは地下鉄で2駅　東比恵　博多駅　大牟田駅JR　空港から地下鉄で　西鉄電車大牟田線　どちらもバスも運行あり,有り　８台から１０台　 ,大牟田,https://img.travel.rakuten.co.jp/share/HOTEL/78146/78146.jpg,https://img.travel.rakuten.co.jp/HIMG/90/78146.jpg,https://img.travel.rakuten.co.jp/share/HOTEL/78146/78146_kya.jpg,https://img.travel.rakuten.co.jp/HIMG/INTERIOR/78146.jpg,https://img.travel.rakuten.co.jp/share/HOTEL/78146/78146map.gif,134.0,3.27,"近くにはお店もあり、食事にも困らなくて良かったです。　2026-09-24 20:13:35投稿 <a href=""https://img.travel.rakuten.co.jp/image/tr/api/re/gJNfM/?f_hotel_no=78146"" class=""3click"">つづきはこちら</a>",s,【喫煙】シングル　Wifi接続全室可能！バストイレあり　,3556030.0,【楽天限定】ビジネスホテルまゆみに またこなんばい ♪  バストイレ　WI-FI　LANケーブル完備,1,0,0,0,0,2,https://img.travel.rakuten.co.jp/image/tr/api/re/IdsCY/?f_no=78146&f_syu=s&f_hi1=2026-10-03&f_hi2=2026-10-04&f_heya_su=1&f_otona_su=1&f_s1=0&f_s2=0&f_y1=0&f_y2=0&f_y3=0&f_y4=0&f_camp_id=3556030,0,2026-10-03,4800,4800,0,2026-10-03,chikugo
104771,筑後船小屋　公園の宿,https://img.travel.rakuten.co.jp/image/tr/api/re/pvonD/?f_no=104771,https://img.travel.rakuten.co.jp/image/tr/api/re/vFumt/?f_no=104771&f_flg=PLAN,https://img.travel.rakuten.co.jp/image/tr/api/re/WzozX/?noTomariHotel=104771,https://img.travel.rakuten.co.jp/image/tr/api/re/gJNfM/?f_hotel_no=104771,ちくごふなごや　こうえんのやど,◆大楠林での森林浴や親子で遊べる筑後広域公園内◆緑に囲まれた癒しの空間へ。展望風呂やうなぎや柳川和牛が楽しめる夕食も人気,8250,119438.75,469812.17,833-0015,福岡県,筑後市津島2108-1,0942-42-1126,0942-42-1125,◆博多駅より九州新幹線で25分◆ＪＲ筑後船小屋駅より車で3分、徒歩15分【鬼滅の刃】聖地？溝口竈門神社まで車で5～7分！,有り　１００台　無料　予約不要,船小屋,https://img.travel.rakuten.co.jp/share/HOTEL/104771/104771.jpg,https://img.travel.rakuten.co.jp/HIMG/90/104771.jpg,,,https://img.travel.rakuten.co.jp/share/HOTEL/104771/104771map.gif,92.0,4.21,"皆さん本当に感じ…　2026-09-21 15:33:15投稿 <a href=""https://img.travel.rakuten.co.jp/image/tr/api/re/gJNfM/?f_hotel_no=104771"" class=""3click"">つづきはこちら</a>",jw8,川側和室８畳,4509875.0,【1泊朝食付】和定食で1日の活力を！,1,0,0,1,0,1,https://img.travel.rakuten.co.jp/image/tr/api/re/IdsCY/?f_no=104771&f_syu=jw8&f_hi1=2026-10-03&f_hi2=2026-10-04&f_heya_su=1&f_otona_su=1&f_s1=0&f_s2=0&f_y1=0&f_y2=0&f_y3=0&f_y4=0&f_camp_id=4509875,0,2026-10-03,12710,12710,0,2026-10-03,chikugo
37370,グランドホテル　清風荘,https://img.travel.rakuten.co.jp/image/tr/api/re/pvonD/?f_no=37370,https://img.travel.rakuten.co.jp/image/tr/api/re/vFumt/?f_no=37370&f_flg=PLAN,https://img.travel.rakuten.co.jp/image/tr/api/re/WzozX/?noTomariHotel=37370,https://img.travel.rakuten.co.jp/image/tr/api/re/gJNfM/?f_hotel_no=37370,ぐらんどほてる　せいふうそう,アクセス抜群！ＪＲ＆西鉄大牟田駅から最寄の徒歩５分！ビジネスから観光、企業様向け長期滞在にも最適！大浴場完備♪,4500,118885.3,469617.91,836-0862,福岡県,大牟田市原山町2-4,0944-56-1212,0944-51-5963,ＪＲ＆西鉄大牟田駅から徒歩５分　九州自動車道南関ＩＣから車で約20分,有り　30台　無料　先着順,大牟田,https://img.travel.rakuten.co.jp/share/HOTEL/37370/37370.jpg,https://img.travel.rakuten.co.jp/HIMG/90/37370.jpg,https://img.travel.rakuten.co.jp/share/HOTEL/37370/37370_s.jpg,https://img.travel.rakuten.co.jp/HIMG/INTERIOR/37370.jpg,https://img.travel.rakuten.co.jp/share/HOTEL/37370/37370map.gif,333.0,3.04,"部屋は掃除が行き届いており、清潔ではありますが、写真と全然違いました。非常に残念です。部屋も全然違うし、本当に残念というしかありませんでした。　2026-09-23 22:32:24投稿 <a href=""https://img.travel.rakuten.co.jp/image/tr/api/re/gJNfM/?f_hotel_no=37370"" class=""3click"">つづきはこちら</a>",twinlestwl,【ツイン-14平米-】バスありトイレなし☆禁煙☆,5480612.0,【タイムセール／素泊まり】＜20％OFF＞大牟田駅東口から徒歩5分！大浴場・駐車場あり,1,0,0,0,0,1,https://img.travel.rakuten.co.jp/image/tr/api/re/IdsCY/?f_no=37370&f_syu=twinlestwl&f_hi1=2026-10-03&f_hi2=2026-10-04&f_heya_su=1&f_otona_su=1&f_s1=0&f_s2=0&f_y1=0&f_y2=0&f_y3=0&f_y4=0&f_camp_id=5480612,0,2026-10-03,6000,6000,0,2026-10-03,chikugo
104773,旅館白秀,https://img.travel.rakuten.co.jp/image/tr/api/re/pvonD/?f_no=104773,https://img.travel.rakuten.co.jp/image/tr/api/re/vFumt/?f_no=104773&f_flg=PLAN,https://img.travel.rakuten.co.jp/image/tr/api/re/WzozX/?noTomariHotel=104773,https://img.travel.rakuten.co.jp/image/tr/api/re/gJNfM/?f_hotel_no=104773,りょかんはくしゅう,駅 市街地近し！！★スーパー・コインランドリー徒歩１分★コンビニ至近★短期・長期滞在に最適★駐車場完備,4500,118877.61,469608.48,836-0861,福岡県,大牟田市宝坂町1-2-5,0944-54-2807,0944-56-7012,西鉄、ＪＲ　大牟田駅より徒歩にて５分／南関インターより２０分,有り１４台 無料 大型車は要連絡,大牟田,https://img.travel.rakuten.co.jp/share/HOTEL/104773/104773.jpg,https://img.travel.rakuten.co.jp/HIMG/90/104773.jpg,https://img.travel.rakuten.co.jp/share/HOTEL/104773/104773_ru.jpg,https://img.travel.rakuten.co.jp/HIMG/INTERIOR/104773.jpg,https://img.travel.rakuten.co.jp/share/HOTEL/104773/104773map.gif,93.0,4.69,"駅から…　2026-09-24 17:32:04投稿 <a href=""https://img.travel.rakuten.co.jp/image/tr/api/re/gJNfM/?f_hotel_no=104773"" class=""3click"">つづきはこちら</a>",neage3,和室6畳 素泊まり,,,1,0,0,0,0,1,https://img.travel.rakuten.co.jp/image/tr/api/re/IdsCY/?f_no=104773&f_syu=neage3&f_hi1=2026-10-03&f_hi2=2026-10-04&f_heya_su=1&f_otona_su=1&f_s1=0&f_s2=0&f_y1=0&f_y2=0&f_y3=0&f_y4=0,1,2026-10-03,5500,5500,0,2026-10-03,chikugo
129992,おおむたハイツ,https://img.travel.rakuten.co.jp/image/tr/api/re/pvonD/?f_no=129992,https://img.travel.rakuten.co.jp/image/tr/api/re/vFumt/?f_no=129992&f_flg=PLAN,https://img.travel.rakuten.co.jp/image/tr/api/re/WzozX/?noTomariHotel=129992,https://img.travel.rakuten.co.jp/image/tr/api/re/gJNfM/?f_hotel_no=129992,おおむたはいつ,グリーンランドまで30分圏内！ファミリーフレンドリーな絶景温泉宿,5340,119035.97,469654.36,837-0905,福岡県,大牟田市甘木甘木山1203-116,0944-58-3497,0944-58-7069,「大牟田駅（ＪＲ・西鉄）」よりタクシーで約15分、九州自動車道「南関ＩＣ」よりお車で約10分,有り　２００台　無料　予約不要,,https://img.travel.rakuten.co.jp/share/HOTEL/129992/129992.jpg,https://img.travel.rakuten.co.jp/HIMG/90/129992.jpg,https://img.travel.rakuten.co.jp/share/HOTEL/129992/129992_you.jpg,https://img.travel.rakuten.co.jp/HIMG/INTERIOR/129992.jpg,https://img.travel.rakuten.co.jp/share/HOTEL/129992/129992map.gif,142.0,4.0,"近くの広い駐車場で虫取りもできて、子供たちも大満足で…　2026-09-23 15:14:47投稿 <a href=""https://img.travel.rakuten.co.jp/image/tr/api/re/gJNfM/?f_hotel_no=129992"" class=""3click"">つづきはこちら</a>",prob1,訳あり1名-和室＜バス・トイレなし＞,4587580.0,【訳ありプラン　素泊まり】「寝るだけ、泊まるだけ」！館内温泉あり,1,0,0,0,0,1,https://img.travel.rakuten.co.jp/image/tr/api/re/IdsCY/?f_no=129992&f_syu=prob1&f_hi1=2026-10-03&f_hi2=2026-10-04&f_heya_su=1&f_otona_su=1&f_s1=0&f_s2=0&f_y1=0&f_y2=0&f_y3=0&f_y4=0&f_camp_id=4587580,0,2026-10-03,11000,11000,0,2026-10-03,chikugo
179180,風の　八女福島（旧：ＮＩＰＰＯＮＩＡ　ＨＯＴＥＬ　八女福島　商家町）,https://img.travel.rakuten.co.jp/image/tr/api/re/pvonD/?f_no=179180,https://img.travel.rakuten.co.jp/image/tr/api/re/vFumt/?f_no=179180&f_flg=PLAN,https://img.travel.rakuten.co.jp/image/tr/api/re/WzozX/?noTomariHotel=179180,https://img.travel.rakuten.co.jp/image/tr/api/re/gJNfM/?f_hotel_no=179180,かぜの　やめふくしま（きゅう：にっぽにあ　ほてる　やめふくしま　しょうかまち）,【福岡空港・博多駅より車で約60分】玉露日本一の産地・八女で、日本茶と地酒を堪能する贅沢なひととき。,27917,119540.15,470007.68,834-0031,福岡県,八女市本町(モトマチ)西京町204,0120-210-289, ,【交通機関】久留米駅よりバス「西唐人町」下車（徒歩約10分）【お車】九州自動車道「八女I.C」から約4km（約10分）,駐車場有り（無料）。フロント棟にお立ち寄りいただきましたら、スタッフがご案内します。,羽犬塚,https://img.travel.rakuten.co.jp/share/HOTEL/179180/179180.jpg,https://img.travel.rakuten.co.jp/HIMG/90/179180.jpg,https://img.travel.rakuten.co.jp/share/HOTEL/179180/179180_kan1.jpg,https://img.travel.rakuten.co.jp/HIMG/INTERIOR/179180.jpg,https://img.travel.rakuten.co.jp/share/HOTEL/179180/179180map.gif,49.0,4.75,"スタッフの方々の気さくでアットホームな雰囲気に触れに、また…　2026-07-09 12:38:21投稿 <a href=""https://img.travel.rakuten.co.jp/image/tr/api/re/gJNfM/?f_hotel_no=179180"" class=""3click"">つづきはこちら</a>",standard4,グランド（4名定員）＜檜風呂付＞,6287159.0,【15％OFF】【楽天スーパーSALE】元老舗茶舗など八女ならではの歴史建築に泊まる＜朝食付＞,1,0,0,1,0,1,https://img.travel.rakuten.co.jp/image/tr/api/re/IdsCY/?f_no=179180&f_syu=standard4&f_hi1=2026-10-03&f_hi2=2026-10-04&f_heya_su=1&f_otona_su=1&f_s1=0&f_s2=0&f_y1=0&f_y2=0&f_y3=0&f_y4=0&f_camp_id=6287159,0,2026-10-03,55121,55121,0,2026-10-03,chikugo
40540,三川屋,https://img.travel.rakuten.co.jp/image/tr/api/re/pvonD/?f_no=40540,https://img.travel.rakuten.co.jp/image/tr/api/re/vFumt/?f_no=40540&f_flg=PLAN,https://img.travel.rakuten.co.jp/image/tr/api/re/WzozX/?noTomariHotel=40540,https://img.travel.rakuten.co.jp/image/tr/api/re/gJNfM/?f_hotel_no=40540,みかわや,筑後川や有明海に育まれた、大川の名物料理を堪能できる料亭・旅館,5290,119561.49,469332.07,831-0005,福岡県,大川市大字向島2222,0944-87-3155,0944-87-2925,西鉄柳川駅よりバス25分/JR佐賀駅よりバス25分(バス停「大川橋」より徒歩5分）、佐賀空港より車20分,有：50台　無料　※お車でお越しの方は、ご予約時に備考欄にてお知らせください。,西鉄柳川,https://img.travel.rakuten.co.jp/share/HOTEL/40540/40540.jpg,https://img.travel.rakuten.co.jp/HIMG/90/40540.jpg,https://img.travel.rakuten.co.jp/share/HOTEL/40540/40540_kya.jpg,https://img.travel.rakuten.co.jp/HIMG/INTERIOR/40540.jpg,https://img.travel.rakuten.co.jp/share/HOTEL/40540/40540map.gif,28.0,4.67,"全体的にはやや満足しています。不満足な点は①チェックインの時にフロントがもたついて要領が悪かったこと。②部屋のエアコンがカビ臭かったこと。③男風呂の湯舟がフェリーの大浴場みたいだったこと。④朝食がつい…　2026-09-28 22:01:37投稿 <a href=""https://img.travel.rakuten.co.jp/image/tr/api/re/gJNfM/?f_hotel_no=40540"" class=""3click"">つづきはこちら</a>",10,【禁煙】スタンダードダブル（シャワーブース付）,6513699.0,【すごもり滞在｜出張・観光に】心と体を整える◆素泊まりプラン,1,0,0,0,0,1,https://img.travel.rakuten.co.jp/image/tr/api/re/IdsCY/?f_no=40540&f_syu=10&f_hi1=2026-10-03&f_hi2=2026-10-04&f_heya_su=1&f_otona_su=1&f_s1=0&f_s2=0&f_y1=0&f_y2=0&f_y3=0&f_y4=0&f_camp_id=6513699,0,2026-10-03,8920,8920,0,2026-10-03,chikugo
149008,星野温泉　池の山荘,https://img.travel.rakuten.co.jp/image/tr/api/re/pvonD/?f_no=149008,https://img.travel.rakuten.co.jp/image/tr/api/re/vFumt/?f_no=149008&f_flg=PLAN,https://img.travel.rakuten.co.jp/image/tr/api/re/WzozX/?noTomariHotel=149008,https://img.travel.rakuten.co.jp/image/tr/api/re/gJNfM/?f_hotel_no=149008,ほしのおんせん　いけのやまそう,星野ふるさと公園の丘に建つ池の山荘は、まるごと星野村を満喫できる和風温泉宿です。,12980,119683.1,470744.24,834-0201,福岡県,八女市星野村10780-58,0943-52-2082,0943-52-3662,羽犬塚駅よりお車にて約45分,有り　３０台　無料　予約不要,羽犬塚,https://img.travel.rakuten.co.jp/share/HOTEL/149008/149008.jpg,https://img.travel.rakuten.co.jp/HIMG/90/149008.jpg,https://img.travel.rakuten.co.jp/share/HOTEL/149008/149008_kan1.jpg,https://img.travel.rakuten.co.jp/HIMG/INTERIOR/149008.jpg,https://img.travel.rakuten.co.jp/share/HOTEL/149008/149008map.gif,169.0,4.27,"料理もちょうどいい量で、とても美味しくいただきました。　2026-09-10 15:33:06投稿 <a href=""https://img.travel.rakuten.co.jp/image/tr/api/re/gJNfM/?f_hotel_no=149008"" class=""3click"">つづきはこちら</a>",h0004,和室12畳【ベッド】,6156734.0,新プラン『旬の香りと味わいを堪能』　季節会席プラン,1,1,0,1,0,1,https://img.travel.rakuten.co.jp/image/tr/api/re/IdsCY/?f_no=149008&f_syu=h0004&f_hi1=2026-10-03&f_hi2=2026-10-04&f_heya_su=1&f_otona_su=1&f_s1=0&f_s2=0&f_y1=0&f_y2=0&f_y3=0&f_y4=0&f_camp_id=6156734,0,2026-10-03,23480,23480,0,2026-10-03,chikugo
13423,ビジネスホテル　わらじ家本館,https://img.travel.rakuten.co.jp/image/tr/api/re/pvonD/?f_no=13423,https://img.travel.rakuten.co.jp/image/tr/api/re/vFumt/?f_no=13423&f_flg=PLAN,https://img.travel.rakuten.co.jp/image/tr/api/re/WzozX/?noTomariHotel=13423,https://img.travel.rakuten.co.jp/image/tr/api/re/gJNfM/?f_hotel_no=13423,わらじや　ほんかん,清潔、閑静な宿。家族的なおもてなし。,3300,118902.67,469626.04,8360837,福岡県,大牟田市谷町2-6,0944-52-3184,0944-52-3197,『JR大牟田駅』より徒歩8分／九州自動車道『南関IC』より車で20分,無料駐車場15台有り（先着順）,大牟田,https://img.travel.rakuten.co.jp/share/HOTEL/13423/13423.jpg,https://img.travel.rakuten.co.jp/HIMG/90/13423.jpg,https://img.travel.rakuten.co.jp/share/HOTEL/13423/13423_w.jpg,https://img.travel.rakuten.co.jp/HIMG/INTERIOR/13423.jpg,https://img.travel.rakuten.co.jp/share/HOTEL/13423/13423map.gif,130.0,2.9,"お部屋も設備も清潔感も特に問題がなく、あの価格でそれだけの宿泊を提供いただけるなら全く問題ありません。　2026-06-16 17:39:54投稿 <a href=""https://img.travel.rakuten.co.jp/image/tr/api/re/gJNfM/?f_hotel_no=13423"" class=""3click"">つづきはこちら</a>",wa8,和室,,,1,0,0,0,0,1,https://img.travel.rakuten.co.jp/image/tr/api/re/IdsCY/?f_no=13423&f_syu=wa8&f_hi1=2026-10-03&f_hi2=2026-10-04&f_heya_su=1&f_otona_su=1&f_s1=0&f_s2=0&f_y1=0&f_y2=0&f_y3=0&f_y4=0,1,2026-10-03,5170,5170,0,2026-10-03,chikugo
177003,ＴＨＥ　ＴＲＡＩＬＥＲＨＯＵＳＥ　ＶＩＬＬＡＧＥ　大牟田　ＳＰＡ,https://img.travel.rakuten.co.jp/image/tr/api/re/pvonD/?f_no=177003,https://img.travel.rakuten.co.jp/image/tr/api/re/vFumt/?f_no=177003&f_flg=PLAN,,https://img.travel.rakuten.co.jp/image/tr/api/re/gJNfM/?f_hotel_no=177003,ざ・とれーらーはうすびれっじおおむたすぱ,トレーラー泊×温泉＆サウナ★釣り堀やゴーカートなど遊び場充実＆併設の「最高の湯」で寛げるからファミリーに人気♪,6670,118834.91,469694.08,836-0895,福岡県,大牟田市新勝立町6-37,0944-53-8126,0944-32-9114,博多駅からJRで約1時間or天神から西鉄大牟田線で約1時間　→大牟田駅→大牟田駅から車で約10分,有り　予約不要,大牟田,https://img.travel.rakuten.co.jp/share/HOTEL/177003/177003.jpg,https://img.travel.rakuten.co.jp/HIMG/90/177003.jpg,https://img.travel.rakuten.co.jp/share/HOTEL/177003/177003_kan1.jpg,https://img.travel.rakuten.co.jp/HIMG/INTERIOR/177003.jpg,https://img.travel.rakuten.co.jp/share/HOTEL/177003/177003map.gif,150.0,4.4,"宿到着がかなり遅くなったにも関わらず、丁寧な対応有難うございました。トレーラーハウス併設のドッグランも快適でした。今回はバーベキュー等出来ませんでしたが、次回はやりたいと思いました。温泉も最高でした！…　2026-09-25 06:06:55投稿 <a href=""https://img.travel.rakuten.co.jp/image/tr/api/re/gJNfM/?f_hotel_no=177003"" class=""3click"">つづきはこちら</a>",trailer5,トレーラーハウス《全長5.5ｍ》 ,6462342.0,【10％OFF】【楽天スーパーSALE】美肌の湯＆4種のサウナ＆寛ぎスペースでゆったり＜食事なし＞,1,0,0,0,0,2,https://img.travel.rakuten.co.jp/image/tr/api/re/IdsCY/?f_no=177003&f_syu=trailer5&f_hi1=2026-10-03&f_hi2=2026-10-04&f_heya_su=1&f_otona_su=1&f_s1=0&f_s2=0&f_y1=0&f_y2=0&f_y3=0&f_y4=0&f_camp_id=6462342,0,2026-10-03,22800,22800,0,2026-10-03,chikugo
184422,ＲＩＴＡ　八女福島,https://img.travel.rakuten.co.jp/image/tr/api/re/pvonD/?f_no=184422,https://img.travel.rakuten.co.jp/image/tr/api/re/vFumt/?f_no=184422&f_flg=PLAN,https://img.travel.rakuten.co.jp/image/tr/api/re/WzozX/?noTomariHotel=184422,https://img.travel.rakuten.co.jp/image/tr/api/re/gJNfM/?f_hotel_no=184422,りたやめふくしま,福岡空港・博多駅からアクセス良好（車で60分）柳川観光も便利（車で35分）お子様も歓迎・記念日相談もOKのお宿♪,11040,119547.32,470027.51,834-0031,福岡県,八女市本町13-1,0943-24-2233,0943-73-7724,JR博多駅（JR鹿児島本線）ー JR羽犬塚駅＜約50分＞　羽犬塚駅よりタクシーで15分,有り　４台　無料　予約不要,博多,https://img.travel.rakuten.co.jp/share/HOTEL/184422/184422.jpg,https://img.travel.rakuten.co.jp/HIMG/90/184422.jpg,,,https://img.travel.rakuten.co.jp/share/HOTEL/184422/184422map.gif,29.0,4.71,"日本のおもてなしが…　2026-08-02 08:25:21投稿 <a href=""https://img.travel.rakuten.co.jp/image/tr/api/re/gJNfM/?f_hotel_no=184422"" class=""3click"">つづきはこちら</a>",akari,あかり（お子様連れも安心のはなれ1棟・八女茶3種付）8名定員,6567240.0,【楽天スーパーSALE】【無料の3大特典付】八女の恵み満喫プラン（素泊まり）,1,0,0,0,0,1,https://img.travel.rakuten.co.jp/image/tr/api/re/IdsCY/?f_no=184422&f_syu=akari&f_hi1=2026-10-03&f_hi2=2026-10-04&f_heya_su=1&f_otona_su=1&f_s1=0&f_s2=0&f_y1=0&f_y2=0&f_y3=0&f_y4=0&f_camp_id=6567240,0,2026-10-03,41420,41420,0,2026-10-03,chikugo
56969,ビジネスｉｎn　清風荘,https://img.travel.rakuten.co.jp/image/tr/api/re/pvonD/?f_no=56969,https://img.travel.rakuten.co.jp/image/tr/api/re/vFumt/?f_no=56969&f_flg=PLAN,https://img.travel.rakuten.co.jp/image/tr/api/re/WzozX/?noTomariHotel=56969,https://img.travel.rakuten.co.jp/image/tr/api/re/gJNfM/?f_hotel_no=56969,びじねすいん　せいふうそう,"家庭的な雰囲気のビジネスホテル。長期滞在,スポーツの合宿等にも便利 で、お部屋もホテルタイプと旅館タイプがございます。",3000,119520.31,469366.43,831-0004,福岡県,大川市榎津295-4,0944-86-5513,0944-86-5496,西鉄　柳川駅より車で１５分／ＪＲ　佐賀駅より車で２5分/ホークスベースボールパーク、筑後広域公園運動場から車で２０分,有り　１５台　無料　予約不要,西鉄柳川,https://img.travel.rakuten.co.jp/share/HOTEL/56969/56969.jpg,https://img.travel.rakuten.co.jp/HIMG/90/56969.jpg,,,https://img.travel.rakuten.co.jp/share/HOTEL/56969/56969map.gif,90.0,4.07,"ご家族で経営されているのでしょうか、アットホームなホテルで好感を持ちました　2026-09-25 11:47:32投稿 <a href=""https://img.travel.rakuten.co.jp/image/tr/api/re/gJNfM/?f_hotel_no=56969"" class=""3click"">つづきはこちら</a>",1,本館 バス、トイレ付ベッド又は和室ーウォシュレット完備ー ,5950198.0,本館 （バス、トイレ付）ウォシュレット完備              ====　朝食付 ====,1,0,0,1,0,1,https://img.travel.rakuten.co.jp/image/tr/api/re/IdsCY/?f_no=56969&f_syu=1&f_hi1=2026-10-03&f_hi2=2026-10-04&f_heya_su=1&f_otona_su=1&f_s1=0&f_s2=0&f_y1=0&f_y2=0&f_y3=0&f_y4=0&f_camp_id=5950198,0,2026-10-03,5950,5950,0,2026-10-03,chikugo
62186,太田旅館,https://img.travel.rakuten.co.jp/image/tr/api/re/pvonD/?f_no=62186,https://img.travel.rakuten.co.jp/image/tr/api/re/vFumt/?f_no=62186&f_flg=PLAN,,https://img.travel.rakuten.co.jp/image/tr/api/re/gJNfM/?f_hotel_no=62186,おおたりょかん,福岡・大分・熊本の県境にある黒木町の旅館です。各県へのビジネス観光の拠点としてご利用ください。,4300,119554.24,470406.72,834-1216,福岡県,八女市黒木町桑原107-1,0943-42-0277,0943-42-0277,ＪＲ　羽犬塚駅よりバスで４５分／八女ＩＣより車で約３０分,有り　5台　無料　予約不要,羽犬塚,https://img.travel.rakuten.co.jp/share/HOTEL/62186/62186.jpg,https://img.travel.rakuten.co.jp/HIMG/90/62186.jpg,https://img.travel.rakuten.co.jp/share/HOTEL/62186/62186_kya.jpg,https://img.travel.rakuten.co.jp/HIMG/INTERIOR/62186.jpg,https://img.travel.rakuten.co.jp/share/HOTEL/62186/62186map.gif,22.0,4.5,"評価は大変満足で評価のままですが、隣の人の騒がしさ(夜12時過ぎにドライヤーやドアの開閉音やトイレに行く際？の廊下を触る音など)には少し参…　2026-05-05 19:18:29投稿 <a href=""https://img.travel.rakuten.co.jp/image/tr/api/re/gJNfM/?f_hotel_no=62186"" class=""3click"">つづきはこちら</a>",w6m,和室６畳,5669238.0,【直前割】急な出張や一人旅も歓迎！見つけた方はラッキー！10％以上もオトクに！！！【素泊り】,1,0,0,0,0,0,https://img.travel.rakuten.co.jp/image/tr/api/re/IdsCY/?f_no=62186&f_syu=w6m&f_hi1=2026-10-03&f_hi2=2026-10-04&f_heya_su=1&f_otona_su=1&f_s1=0&f_s2=0&f_y1=0&f_y2=0&f_y3=0&f_y4=0&f_camp_id=5669238,0,2026-10-03,4800,4800,0,2026-10-03,chikugo
43814,松葉屋,https://img.travel.rakuten.co.jp/image/tr/api/re/pvonD/?f_no=43814,https://img.travel.rakuten.co.jp/image/tr/api/re/vFumt/?f_no=43814&f_flg=PLAN,https://img.travel.rakuten.co.jp/image/tr/api/re/WzozX/?noTomariHotel=43814,https://img.travel.rakuten.co.jp/image/tr/api/re/gJNfM/?f_hotel_no=43814,まつばや,"1958年創業した古い旅館です。佐賀、熊本、福岡と交通の便がよく有明海の豊かな魚介類でおもてなしします,",3800,119229.71,469588.82,839-0254,福岡県,柳川市大和町中島673,0944-76-3212,0944-76-4084,西鉄天神大牟田線  西鉄中島駅より徒歩１分,有り　１４台　無料　先着順,西鉄中島,https://img.travel.rakuten.co.jp/share/HOTEL/43814/43814.jpg,https://img.travel.rakuten.co.jp/HIMG/90/43814.jpg,https://img.travel.rakuten.co.jp/share/HOTEL/43814/43814_s.jpg,https://img.travel.rakuten.co.jp/HIMG/INTERIOR/43814.jpg,https://img.travel.rakuten.co.jp/share/HOTEL/43814/43814map.gif,34.0,4.0,"そして二食お願いしましたがコスパがすごいです。新鮮なお…　2026-09-22 19:55:51投稿 <a href=""https://img.travel.rakuten.co.jp/image/tr/api/re/gJNfM/?f_hotel_no=43814"" class=""3click"">つづきはこちら</a>",a,和室1名,2976582.0,ビジネスプラン　食事無し,1,0,0,0,0,2,https://img.travel.rakuten.co.jp/image/tr/api/re/IdsCY/?f_no=43814&f_syu=a&f_hi1=2026-10-03&f_hi2=2026-10-04&f_heya_su=1&f_otona_su=1&f_s1=0&f_s2=0&f_y1=0&f_y2=0&f_y3=0&f_y4=0&f_camp_id=2976582,0,2026-10-03,5200,5200,0,2026-10-03,chikugo
177824,Ｋｙｕｓｈｕ　Ｒｖ　Ｒｅｓｏｒｔ　ｉｎ　ｙａｎａｇａｗａ,https://img.travel.rakuten.co.jp/image/tr/api/re/pvonD/?f_no=177824,https://img.travel.rakuten.co.jp/image/tr/api/re/vFumt/?f_no=177824&f_flg=PLAN,,https://img.travel.rakuten.co.jp/image/tr/api/re/gJNfM/?f_hotel_no=177824,きゅうしゅう　あーるぶい　りぞーと　いん　やながわ,日本初の屋根つきのＲＶリゾートサイトです。天候に左右されずゆっくり寛げます。,3300,119439.86,469463.71,832-0006,福岡県,柳川市東蒲池1558,0944-74-3777,0944-74-5511,西鉄柳川駅よりお車にて約５分,有り　１０台　 無料　予約不要,西鉄柳川,https://img.travel.rakuten.co.jp/share/HOTEL/177824/177824.jpg,https://img.travel.rakuten.co.jp/HIMG/90/177824.jpg,,,https://img.travel.rakuten.co.jp/share/HOTEL/177824/177824map.gif,22.0,4.55,"綺麗なトイレ、シャワー、調理ブースがあり、利用前…　2026-09-13 08:11:40投稿 <a href=""https://img.travel.rakuten.co.jp/image/tr/api/re/gJNfM/?f_hotel_no=177824"" class=""3click"">つづきはこちら</a>",route37,ROUTE37,5608990.0,お肉セット付宿泊プラン　予約時確認事項あり,1,0,0,0,0,1,https://img.travel.rakuten.co.jp/image/tr/api/re/IdsCY/?f_no=177824&f_syu=route37&f_hi1=2026-10-03&f_hi2=2026-10-04&f_heya_su=1&f_otona_su=1&f_s1=0&f_s2=0&f_y1=0&f_y2=0&f_y3=0&f_y4=0&f_camp_id=5608990,0,2026-10-03,13000,13000,0,2026-10-03,chikugo
191089,エンパイアスカイリッジホテル／民泊,https://img.travel.rakuten.co.jp/image/tr/api/re/pvonD/?f_no=191089,https://img.travel.rakuten.co.jp/image/tr/api/re/vFumt/?f_no=191089&f_flg=PLAN,,https://img.travel.rakuten.co.jp/image/tr/api/re/gJNfM/?f_hotel_no=191089,,　,8700,119662.33,469837.89,833-0001,福岡県,筑後市一条1327-1　エンパイア・スカイリッジホテル,0942-53-5454,000-000-0000,西牟田駅から徒歩で約４分,有り,西牟田,https://img.travel.rakuten.co.jp/share/HOTEL/191089/191089.jpg,https://img.travel.rakuten.co.jp/HIMG/90/191089.jpg,,,https://img.travel.rakuten.co.jp/share/HOTEL/191089/191089map.gif,1.0,,,r20511_2,ROOM本社ビル602,6461824.0,【1LDK 】ゆったりマンションステイ,1,0,0,0,0,2,https://img.travel.rakuten.co.jp/image/tr/api/re/IdsCY/?f_no=191089&f_syu=r20511_2&f_hi1=2026-10-03&f_hi2=2026-10-04&f_heya_su=1&f_otona_su=1&f_s1=0&f_s2=0&f_y1=0&f_y2=0&f_y3=0&f_y4=0&f_camp_id=6461824,0,2026-10-03,19720,19720,0,2026-10-03,chikugo
186646,別荘　大川家　一棟貸しの宿九州旅行に便利な宿　＾,https://img.travel.rakuten.co.jp/image/tr/api/re/pvonD/?f_no=186646,https://img.travel.rakuten.co.jp/image/tr/api/re/vFumt/?f_no=186646&f_flg=PLAN,,https://img.travel.rakuten.co.jp/image/tr/api/re/gJNfM/?f_hotel_no=186646,,　,9604,119524.4,469385.49,831-0004,福岡県,大川市榎津111-3　大川家　ｏｋａｗａｙａ,080-3949-7326,000-000-0000,蒲池駅から車で約１０分,有り,蒲池（福岡）,https://img.travel.rakuten.co.jp/share/HOTEL/186646/186646.jpg,https://img.travel.rakuten.co.jp/HIMG/90/186646.jpg,,,https://img.travel.rakuten.co.jp/share/HOTEL/186646/186646map.gif,,,,649372_8,一戸建て,6579868.0,【楽天スーパーSALE】一棟貸し プライベート宿,1,0,0,0,0,2,https://img.travel.rakuten.co.jp/image/tr/api/re/IdsCY/?f_no=186646&f_syu=649372_8&f_hi1=2026-10-03&f_hi2=2026-10-04&f_heya_su=1&f_otona_su=1&f_s1=0&f_s2=0&f_y1=0&f_y2=0&f_y3=0&f_y4=0&f_camp_id=6579868,0,2026-10-03,33408,33408,0,2026-10-03,chikugo
29756,柳川藩主立花邸　御花,https://img.travel.rakuten.co.jp/image/tr/api/re/pvonD/?f_no=29756,https://img.travel.rakuten.co.jp/image/tr/api/re/vFumt/?f_no=29756&f_flg=PLAN,https://img.travel.rakuten.co.jp/image/tr/api/re/WzozX/?noTomariHotel=29756,https://img.travel.rakuten.co.jp/image/tr/api/re/gJNfM/?f_hotel_no=29756,やながわはんしゅたちばなてい　おはな,2025年1月11日リニューアルオープン。旧大名家、藩主の末裔が営む宿で生きる歴史に触れるひとときを。,26015,119357.19,469439.75,832-0069,福岡県,柳川市新外町1,0944-73-2189,0944-74-0872,佐賀空港よりリムジンバスで30分／西鉄柳川駅よりタクシーで約１０分／九州自動車道みやま・柳川ＩＣより約25分,有　５０台　無料,西鉄柳川,https://img.travel.rakuten.co.jp/share/HOTEL/29756/29756.jpg,https://img.travel.rakuten.co.jp/HIMG/90/29756.jpg,https://img.travel.rakuten.co.jp/share/HOTEL/29756/29756_w.jpg,https://img.travel.rakuten.co.jp/HIMG/INTERIOR/29756.jpg,https://img.travel.rakuten.co.jp/share/HOTEL/29756/29756map.gif,161.0,4.85,"旅館の方がとても親切にご対応いただき良き思い出となりました。ありがとうございました。　2026-09-02 00:24:09投稿 <a href=""https://img.travel.rakuten.co.jp/image/tr/api/re/gJNfM/?f_hotel_no=29756"" class=""3click"">つづきはこちら</a>",1008new,【和洋室〜藤 FUJI　36平米／東庭園ビュー】,6482725.0,【朝食付】旅の心のよりどころ〜有明海・筑後平野のめぐみを朝食で楽しむ,1,0,0,1,0,1,https://img.travel.rakuten.co.jp/image/tr/api/re/IdsCY/?f_no=29756&f_syu=1008new&f_hi1=2026-10-03&f_hi2=2026-10-04&f_heya_su=1&f_otona_su=1&f_s1=0&f_s2=0&f_y1=0&f_y2=0&f_y3=0&f_y4=0&f_camp_id=6482725,0,2026-10-03,44165,44165,0,2026-10-03,chikugo
191057,最大８名で泊まれるプライベートヴィラ。　＾,https://img.travel.rakuten.co.jp/image/tr/api/re/pvonD/?f_no=191057,https://img.travel.rakuten.co.jp/image/tr/api/re/vFumt/?f_no=191057&f_flg=PLAN,,https://img.travel.rakuten.co.jp/image/tr/api/re/gJNfM/?f_hotel_no=191057,,プライベートヴィラＨｉｒａｒｉ長浜は、２０２４年１１月に新規オープンしました。,9976,119513.45,469853.97,833-0005,福岡県,筑後市長浜764-1　Ｈｉｒａｒｉ長浜,0942-53-5454,000-000-0000,羽犬塚駅から徒歩で約７分,有り,羽犬塚,https://img.travel.rakuten.co.jp/share/HOTEL/191057/191057.jpg,https://img.travel.rakuten.co.jp/HIMG/90/191057.jpg,,,https://img.travel.rakuten.co.jp/share/HOTEL/191057/191057map.gif,,,,1060207_8,一戸建て,6112226.0,【秋限定キャンペーン価格】ペットと泊まれる特別プラン(最大8名),1,0,0,0,0,2,https://img.travel.rakuten.co.jp/image/tr/api/re/IdsCY/?f_no=191057&f_syu=1060207_8&f_hi1=2026-10-03&f_hi2=2026-10-04&f_heya_su=1&f_otona_su=1&f_s1=0&f_s2=0&f_y1=0&f_y2=0&f_y3=0&f_y4=0&f_camp_id=6112226,0,2026-10-03,63800,63800,0,2026-10-03,chikugo
194709,ＨＩＲＡＲＩ　水辺の森　＾,https://img.travel.rakuten.co.jp/image/tr/api/re/pvonD/?f_no=194709,https://img.travel.rakuten.co.jp/image/tr/api/re/vFumt/?f_no=194709&f_flg=PLAN,,https://img.travel.rakuten.co.jp/image/tr/api/re/gJNfM/?f_hotel_no=194709,,心に残るひとときを提供する「ＨＯＴＥＬ　ＨＩＲＡＲＩ　水辺の森」が新たにグランドオープンしました。,11136,119670.42,469831.1,833-0053,福岡県,筑後市西牟田6118-12　ＨＩＲＡＲＩ　水辺の森,0942-53-5454,000-000-0000,西牟田駅から徒歩で約４分,有り,西牟田,https://img.travel.rakuten.co.jp/share/HOTEL/194709/194709.jpg,https://img.travel.rakuten.co.jp/HIMG/90/194709.jpg,,,https://img.travel.rakuten.co.jp/share/HOTEL/194709/194709map.gif,,,,1108869_12,一戸建て,6274228.0,【秋限定!!キャンペーン中】ペット可&遊べる大型宿 (最大12名),1,0,0,0,0,2,https://img.travel.rakuten.co.jp/image/tr/api/re/IdsCY/?f_no=194709&f_syu=1108869_12&f_hi1=2026-10-03&f_hi2=2026-10-04&f_heya_su=1&f_otona_su=1&f_s1=0&f_s2=0&f_y1=0&f_y2=0&f_y3=0&f_y4=0&f_camp_id=6274228,0,2026-10-03,70760,70760,0,2026-10-03,chikugo
200243,ＨＩＲＡＲＩ柳川　＾,https://img.travel.rakuten.co.jp/image/tr/api/re/pvonD/?f_no=200243,https://img.travel.rakuten.co.jp/image/tr/api/re/vFumt/?f_no=200243&f_flg=PLAN,,https://img.travel.rakuten.co.jp/image/tr/api/re/gJNfM/?f_hotel_no=200243,, ,12992,119378.22,469534.38,832-0827,福岡県,柳川市三橋町蒲船津1403-11,0942-53-5454,00-0000-0000,西鉄柳川駅から徒歩で3分,あり,西鉄柳川,https://img.travel.rakuten.co.jp/share/HOTEL/200243/200243.jpg,https://img.travel.rakuten.co.jp/HIMG/90/200243.jpg,,,https://img.travel.rakuten.co.jp/share/HOTEL/200243/200243map.gif,,,,1554208_10,一戸建て,6477010.0,【秋限定キャンペーン】 1日1組限定ヴィラ(最大10名),1,0,0,0,0,2,https://img.travel.rakuten.co.jp/image/tr/api/re/IdsCY/?f_no=200243&f_syu=1554208_10&f_hi1=2026-10-03&f_hi2=2026-10-04&f_heya_su=1&f_otona_su=1&f_s1=0&f_s2=0&f_y1=0&f_y2=0&f_y3=0&f_y4=0&f_camp_id=6477010,0,2026-10-03,81200,81200,0,2026-10-03,chikugo
130169,ホテルリソルトリニティ博多,https://img.travel.rakuten.co.jp/image/tr/api/re/pvonD/?f_no=130169,https://img.travel.rakuten.co.jp/image/tr/api/re/vFumt/?f_no=130169&f_flg=PLAN,https://img.travel.rakuten.co.jp/image/tr/api/re/WzozX/?noTomariHotel=130169,https://img.travel.rakuten.co.jp/image/tr/api/re/gJNfM/?f_hotel_no=130169,ほてるりそるとりにてぃはかた,【中洲川端駅徒歩1分】展望大浴場のある“くつろぎ”のホテル。天神エリア・キャナルシティも徒歩圏！全客室Ｗｉ-Ｆｉ接続可能,8250,120922.52,469470.19,810-0801,福岡県,福岡市博多区中洲4-4-10,092-282-9269,092-282-9279,地下鉄　中洲川端駅から徒歩で１分■①番出口（階段のみ）■④番出口（エスカレータ・EVあり）,有り　機械式駐車場２２台／青空駐車場６台　１，６００円（税込／泊）※ご予約制ではなく先着順となります,中洲川端,https://img.travel.rakuten.co.jp/share/HOTEL/130169/130169.jpg,https://img.travel.rakuten.co.jp/HIMG/90/130169.jpg,https://img.travel.rakuten.co.jp/share/HOTEL/130169/130169_kan.jpg,https://img.travel.rakuten.co.jp/HIMG/INTERIOR/130169.jpg,https://img.travel.rakuten.co.jp/share/HOTEL/130169/130169map.gif,2850.0,4.42,"ドリカムのライブのためこちらを予約しました。中洲川端駅からすぐで、周りは繁華街でコンビニも隣接してるのでめちゃくちゃ便利でした。ロビーも感じが良く、部屋はこぢんまりとしたツインルームでしたが清潔感あり…　2026-09-25 17:48:58投稿 <a href=""https://img.travel.rakuten.co.jp/image/tr/api/re/gJNfM/?f_hotel_no=130169"" class=""3click"">つづきはこちら</a>",tn,【禁煙室】スタンダードツイン/ベット幅110cm,5752802.0,【10％OFF】【楽天スーパーSALE】★観光、ビジネスに抜群！展望大浴場でリフレッシュ＜素泊り＞,1,0,0,0,0,1,https://img.travel.rakuten.co.jp/image/tr/api/re/IdsCY/?f_no=130169&f_syu=tn&f_hi1=2026-10-03&f_hi2=2026-10-04&f_heya_su=1&f_otona_su=1&f_s1=0&f_s2=0&f_y1=0&f_y2=0&f_y3=0&f_y4=0&f_camp_id=5752802,0,2026-10-03,45900,45900,0,2026-10-03,seibu
179248,アパホテル〈福岡天神西〉,https://img.travel.rakuten.co.jp/image/tr/api/re/pvonD/?f_no=179248,https://img.travel.rakuten.co.jp/image/tr/api/re/vFumt/?f_no=179248&f_flg=PLAN,https://img.travel.rakuten.co.jp/image/tr/api/re/WzozX/?noTomariHotel=179248,https://img.travel.rakuten.co.jp/image/tr/api/re/gJNfM/?f_hotel_no=179248,あぱほてる〈ふくおかてんじんにし〉,天神、大名エリアまで徒歩圏内！PayPayドームへもアクセス良好！福岡グルメを楽しめる飲食店も充実したロケーションです！,4410,120902.87,469418.59,810-0041,福岡県,福岡市中央区大名1-9-39,092-720-6786,092-401-1808,地下鉄空港線「赤坂駅」（4番出口）から徒歩4分、西鉄「西鉄福岡駅」北口より徒歩9分,2500円/1泊（6台・会員ランク・プランに準ずる）〈先着順〉※予約不可,赤坂（福岡）,https://img.travel.rakuten.co.jp/share/HOTEL/179248/179248.jpg,https://img.travel.rakuten.co.jp/HIMG/90/179248.jpg,,,https://img.travel.rakuten.co.jp/share/HOTEL/179248/179248map.gif,560.0,4.11,"ただチェックアウト時、チェックアウト時間の延長をしていたので支払いに行ったら、スタッフの方の愛想が無く、帰り際なんの挨拶も無く無…　2026-09-28 10:48:27投稿 <a href=""https://img.travel.rakuten.co.jp/image/tr/api/re/gJNfM/?f_hotel_no=179248"" class=""3click"">つづきはこちら</a>",001,シングル【全室禁煙】,6565641.0,【楽天スーパーSALE】【素泊まり】地下鉄空港線「赤坂駅」徒歩4分！「天神駅」徒歩9分！,1,0,0,0,0,1,https://img.travel.rakuten.co.jp/image/tr/api/re/IdsCY/?f_no=179248&f_syu=001&f_hi1=2026-10-03&f_hi2=2026-10-04&f_heya_su=1&f_otona_su=1&f_s1=0&f_s2=0&f_y1=0&f_y2=0&f_y3=0&f_y4=0&f_camp_id=6565641,0,2026-10-03,24210,24210,0,2026-10-03,seibu
8288,デュークスホテル中洲,https://img.travel.rakuten.co.jp/image/tr/api/re/pvonD/?f_no=8288,https://img.travel.rakuten.co.jp/image/tr/api/re/vFumt/?f_no=8288&f_flg=PLAN,https://img.travel.rakuten.co.jp/image/tr/api/re/WzozX/?noTomariHotel=8288,https://img.travel.rakuten.co.jp/image/tr/api/re/gJNfM/?f_hotel_no=8288,でゅーくすほてる　なかす,★中洲・天神徒歩圏内★「中洲川端」駅3番出口より徒歩約4分★,7225,120930.19,469461.41,810-0802,福岡県,福岡市博多区中洲中島町1-1　,092-283-2800,092-283-2900,博多駅から地下鉄をご利用頂き、2駅目の「中洲川端」駅で下車　3番出口より徒歩約4分,【契約駐車場】￥1500＊徒歩1分￥1500＊徒歩5分※台数に限りが有。フロントへお問い合わせ下さい,中洲川端,https://img.travel.rakuten.co.jp/share/HOTEL/8288/8288.jpg,https://img.travel.rakuten.co.jp/HIMG/90/8288.jpg,https://img.travel.rakuten.co.jp/share/HOTEL/8288/8288_lob.jpg,https://img.travel.rakuten.co.jp/HIMG/INTERIOR/8288.jpg,https://img.travel.rakuten.co.jp/share/HOTEL/8288/8288map.gif,3120.0,4.04,,ak,■シングル《14平米◇ベッド幅140cm》【禁煙】■,4762610.0,【楽天限定！返金不可プラン】一番お得☆15％OFF＆ポイント10％☆お食事なしのシンプルステイ☆,10,0,0,0,0,2,https://img.travel.rakuten.co.jp/image/tr/api/re/IdsCY/?f_no=8288&f_syu=ak&f_hi1=2026-10-03&f_hi2=2026-10-04&f_heya_su=1&f_otona_su=1&f_s1=0&f_s2=0&f_y1=0&f_y2=0&f_y3=0&f_y4=0&f_camp_id=4762610,0,2026-10-03,32215,32215,0,2026-10-03,seibu
147590,ホテルニューガイア薬院,https://img.travel.rakuten.co.jp/image/tr/api/re/pvonD/?f_no=147590,https://img.travel.rakuten.co.jp/image/tr/api/re/vFumt/?f_no=147590&f_flg=PLAN,https://img.travel.rakuten.co.jp/image/tr/api/re/WzozX/?noTomariHotel=147590,https://img.travel.rakuten.co.jp/image/tr/api/re/gJNfM/?f_hotel_no=147590,にゅーがいあやくいん,全館リニューアル！全客室エアウィーブ導入＆無料ラウンジで快適な滞在を。＼別館（新客室）続々NEWOPEN／,5130,120876.74,469455.87,810-0013,福岡県,福岡市中央区大宮1-1-6(本館）/福岡市中央区大宮1-1-7（別館No.21）/福岡市中央区平尾1-3-45（別館No.22）/　福岡市中央区平尾1丁目4-4（別館No.23）,092-534-4126,092-534-4127,西鉄薬院駅又は地下鉄七隈線薬院駅より徒歩約2分,"8台【1泊￥1,000-】 ●先着順・予約不可 ※ 満車の場合、近隣の有料駐車場をご利用下さい。",薬院,https://img.travel.rakuten.co.jp/share/HOTEL/147590/147590.jpg,https://img.travel.rakuten.co.jp/HIMG/90/147590.jpg,,,https://img.travel.rakuten.co.jp/share/HOTEL/147590/147590map.gif,1541.0,4.13,"近隣には…　2026-09-19 20:44:14投稿 <a href=""https://img.travel.rakuten.co.jp/image/tr/api/re/gJNfM/?f_hotel_no=147590"" class=""3click"">つづきはこちら</a>",re_ncs,【禁煙】リニューアルコンフォートシングル,6605054.0,【楽天スーパーSALE】癒しのシンプルステイプラン【素泊まり】◆西鉄薬院駅徒歩2分◆大浴場完備★,1,0,0,0,0,1,https://img.travel.rakuten.co.jp/image/tr/api/re/IdsCY/?f_no=147590&f_syu=re_ncs&f_hi1=2026-10-03&f_hi2=2026-10-04&f_heya_su=1&f_otona_su=1&f_s1=0&f_s2=0&f_y1=0&f_y2=0&f_y3=0&f_y4=0&f_camp_id=6605054,0,2026-10-03,24700,24700,0,2026-10-03,seibu
17701,博多グリーンホテル天神,https://img.travel.rakuten.co.jp/image/tr/api/re/pvonD/?f_no=17701,https://img.travel.rakuten.co.jp/image/tr/api/re/vFumt/?f_no=17701&f_flg=PLAN,https://img.travel.rakuten.co.jp/image/tr/api/re/WzozX/?noTomariHotel=17701,https://img.travel.rakuten.co.jp/image/tr/api/re/gJNfM/?f_hotel_no=17701,はかた　ぐりーんほてる　てんじん,チェックイン１３時、アウト１２時◇全室、シモンズ製６．５インチベッド、加湿空気清浄機完備◇Wi－Fi無料,7600,120912.03,469424.66,810-0041,福岡県,福岡市中央区大名2-9-11,092-722-3636,092-722-3637,福岡空港から市営地下鉄13分⇒赤坂駅下車後５番出口より徒歩１分,"近隣一般駐車場契約有[1泊2,500円入出庫無]※お気軽におたずね下さい",天神,https://img.travel.rakuten.co.jp/share/HOTEL/17701/17701.jpg,https://img.travel.rakuten.co.jp/HIMG/90/17701.jpg,https://img.travel.rakuten.co.jp/share/HOTEL/17701/17701_tw.jpg,https://img.travel.rakuten.co.jp/HIMG/INTERIOR/17701.jpg,https://img.travel.rakuten.co.jp/share/HOTEL/17701/17701map.gif,2346.0,4.13,"ツインに３人で宿泊したため、エキストラベッドが設置してあり多少の圧迫感はありましたが、エキストラベッドがなければ充分な広さな…　2026-09-25 17:41:23投稿 <a href=""https://img.travel.rakuten.co.jp/image/tr/api/re/gJNfM/?f_hotel_no=17701"" class=""3click"">つづきはこちら</a>",s-kinen,禁煙シングルルーム,3335569.0,【軽朝食無料サービス付き】13時イン12時アウトシングルプラン,1,0,0,0,0,1,https://img.travel.rakuten.co.jp/image/tr/api/re/IdsCY/?f_no=17701&f_syu=s-kinen&f_hi1=2026-10-03&f_hi2=2026-10-04&f_heya_su=1&f_otona_su=1&f_s1=0&f_s2=0&f_y1=0&f_y2=0&f_y3=0&f_y4=0&f_camp_id=3335569,0,2026-10-03,24200,24200,0,2026-10-03,seibu
178484,ベストウェスタンプラス福岡天神南,https://img.travel.rakuten.co.jp/image/tr/api/re/pvonD/?f_no=178484,https://img.travel.rakuten.co.jp/image/tr/api/re/vFumt/?f_no=178484&f_flg=PLAN,https://img.travel.rakuten.co.jp/image/tr/api/re/WzozX/?noTomariHotel=178484,https://img.travel.rakuten.co.jp/image/tr/api/re/gJNfM/?f_hotel_no=178484,べすとうぇすたんぷらすふくおかてんじん,九州初、ベストウェスタンプラスでワンランク上の快適なご滞在を。天神も中洲も徒歩圏内。ビジネスや旅行に最適です。,7000,120908.64,469470.24,810-0003,福岡県,福岡市中央区春吉3-13-19,092-718-7700,092-718-7705,福岡市地下鉄七隈線「天神南駅」より徒歩にて約5分,無し　近隣のコインパーキングをご利用ください。,天神,https://img.travel.rakuten.co.jp/share/HOTEL/178484/178484.jpg,https://img.travel.rakuten.co.jp/HIMG/90/178484.jpg,,,https://img.travel.rakuten.co.jp/share/HOTEL/178484/178484map.gif,920.0,4.19,"天神南駅および西鉄天神駅から予想以上に便利でした。周りの環境は今一つ。飲み屋街で女性一人の利用はお勧めできない感じです。あと部屋の目覚まし時計(ラジオ付きでデザイン重視のソニー製でしたが)が完全に故障…　2026-09-20 12:21:31投稿 <a href=""https://img.travel.rakuten.co.jp/image/tr/api/re/gJNfM/?f_hotel_no=178484"" class=""3click"">つづきはこちら</a>",roh,お部屋タイプおまかせ,5551932.0,【お日にち限定】お部屋タイプおまかせプラン / 素泊り,1,0,0,0,0,1,https://img.travel.rakuten.co.jp/image/tr/api/re/IdsCY/?f_no=178484&f_syu=roh&f_hi1=2026-10-03&f_hi2=2026-10-04&f_heya_su=1&f_otona_su=1&f_s1=0&f_s2=0&f_y1=0&f_y2=0&f_y3=0&f_y4=0&f_camp_id=5551932,0,2026-10-03,35200,35200,0,2026-10-03,seibu
2604,ホテルオークラ福岡,https://img.travel.rakuten.co.jp/image/tr/api/re/pvonD/?f_no=2604,https://img.travel.rakuten.co.jp/image/tr/api/re/vFumt/?f_no=2604&f_flg=PLAN,https://img.travel.rakuten.co.jp/image/tr/api/re/WzozX/?noTomariHotel=2604,https://img.travel.rakuten.co.jp/image/tr/api/re/gJNfM/?f_hotel_no=2604,おーくら　ふくおか,ホテルオークラ福岡のおもてなしで寛ぎのひと時をお過ごし下さい。地下鉄直結の好立地により、ゆとりある時間でご利用頂けます。,13410,120931.91,469465.86,812-0027,福岡県,福岡市博多区下川端町3-2 博多リバレイン,092-262-1111,092-262-7701,"地下鉄-中洲川端駅直結-6番出口徒歩1分（福岡空港駅約10分,博多駅約5分）/お車（福岡空港約20分,博多駅約10分）","有り  1泊 ￥2,000（税込）　台数387台　※近隣施設共有駐車場の為、予約が出来兼ねます。",中洲川端,https://img.travel.rakuten.co.jp/share/HOTEL/2604/2604.jpg,https://img.travel.rakuten.co.jp/HIMG/90/2604.jpg,https://img.travel.rakuten.co.jp/share/HOTEL/2604/2604_sgl.jpg,https://img.travel.rakuten.co.jp/HIMG/INTERIOR/2604.jpg,https://img.travel.rakuten.co.jp/share/HOTEL/2604/2604map.gif,2511.0,4.56,,tanp,【禁煙】スタンダードツイン　28平米,6586709.0,【5％OFF】【楽天スーパーSALE】シンプルステイ（室料のみ）/返金不可,1,0,0,0,0,2,https://img.travel.rakuten.co.jp/image/tr/api/re/IdsCY/?f_no=2604&f_syu=tanp&f_hi1=2026-10-03&f_hi2=2026-10-04&f_heya_su=1&f_otona_su=1&f_s1=0&f_s2=0&f_y1=0&f_y2=0&f_y3=0&f_y4=0&f_camp_id=6586709,0,2026-10-03,65170,65170,0,2026-10-03,seibu
16283,ホテルエトワス天神,https://img.travel.rakuten.co.jp/image/tr/api/re/pvonD/?f_no=16283,https://img.travel.rakuten.co.jp/image/tr/api/re/vFumt/?f_no=16283&f_flg=PLAN,https://img.travel.rakuten.co.jp/image/tr/api/re/WzozX/?noTomariHotel=16283,https://img.travel.rakuten.co.jp/image/tr/api/re/gJNfM/?f_hotel_no=16283,えとわす　てんじん,★地下鉄天神駅徒歩３分★駅近で朝から海鮮丼＆九州のご当地料理ブッフェを楽しめるホテル,8660,120920.73,469432.47,810-0001,福岡県,福岡市中央区天神3-5-18,092-737-3233,092-737-3266,福岡空港・博多駅から地下鉄１本／福岡市営地下鉄『天神駅』４番出口より徒歩３分／都市高速天神北ランプより車約５分,無（提携駐車場あり「安国駐車場」徒歩3分）　※「セイワパーク天神親富孝通り」は2026年8月末で閉鎖,天神,https://img.travel.rakuten.co.jp/share/HOTEL/16283/16283.jpg,https://img.travel.rakuten.co.jp/HIMG/90/16283.jpg,https://img.travel.rakuten.co.jp/share/HOTEL/16283/16283_room.jpg,https://img.travel.rakuten.co.jp/HIMG/INTERIOR/16283.jpg,https://img.travel.rakuten.co.jp/share/HOTEL/16283/16283map.gif,2653.0,4.02,"また福岡市に行く機会は、是非利用したいです！　2026-09-23 23:48:41投稿 <a href=""https://img.travel.rakuten.co.jp/image/tr/api/re/gJNfM/?f_hotel_no=16283"" class=""3click"">つづきはこちら</a>",ssns,【禁煙】スタンダードシングル,5804834.0,【10％OFF】【楽天スーパーSALE】素泊まりスペシャルプライス★地下鉄天神駅徒歩3分の好立地,1,0,0,0,0,2,https://img.travel.rakuten.co.jp/image/tr/api/re/IdsCY/?f_no=16283&f_syu=ssns&f_hi1=2026-10-03&f_hi2=2026-10-04&f_heya_su=1&f_otona_su=1&f_s1=0&f_s2=0&f_y1=0&f_y2=0&f_y3=0&f_y4=0&f_camp_id=5804834,0,2026-10-03,23760,23760,0,2026-10-03,seibu
10722,ホテルエクレール博多,https://img.travel.rakuten.co.jp/image/tr/api/re/pvonD/?f_no=10722,https://img.travel.rakuten.co.jp/image/tr/api/re/vFumt/?f_no=10722&f_flg=PLAN,https://img.travel.rakuten.co.jp/image/tr/api/re/WzozX/?noTomariHotel=10722,https://img.travel.rakuten.co.jp/image/tr/api/re/gJNfM/?f_hotel_no=10722,えくれーる　はかた,【天神・博多・空港までのアクセス◎】ライブや観劇にもおすすめ！,6120,120934.62,469465.82,812-0028,福岡県,福岡市博多区須崎町1-1,092-283-2000,092-283-6262,地下鉄『中洲川端駅』6番出口より徒歩2分/博多座まで徒歩2分/マリンメッセ・キャナルシティ・アクロス福岡まで徒歩圏内,10台（完全予約制）1400円/泊　　※大型車両も駐車可能。料金はお問い合わせ下さい,中洲川端,https://img.travel.rakuten.co.jp/share/HOTEL/10722/10722.jpg,https://img.travel.rakuten.co.jp/HIMG/90/10722.jpg,https://img.travel.rakuten.co.jp/share/HOTEL/10722/10722_robi.jpg,https://img.travel.rakuten.co.jp/HIMG/INTERIOR/10722.jpg,https://img.travel.rakuten.co.jp/share/HOTEL/10722/10722map.gif,1998.0,4.28,,08,■禁煙　デラックスツイン■ベッド幅　140cm（43平米）,6197858.0,《事前カード決済》駅より徒歩2分！お洒落な空間♪日々の喧騒を忘れるひとと【素泊まり】,1,0,0,0,0,2,https://img.travel.rakuten.co.jp/image/tr/api/re/IdsCY/?f_no=10722&f_syu=08&f_hi1=2026-10-03&f_hi2=2026-10-04&f_heya_su=1&f_otona_su=1&f_s1=0&f_s2=0&f_y1=0&f_y2=0&f_y3=0&f_y4=0&f_camp_id=6197858,0,2026-10-03,39700,39700,0,2026-10-03,seibu
104626,ベッセルイン博多中洲（中洲川端）,https://img.travel.rakuten.co.jp/image/tr/api/re/pvonD/?f_no=104626,https://img.travel.rakuten.co.jp/image/tr/api/re/vFumt/?f_no=104626&f_flg=PLAN,https://img.travel.rakuten.co.jp/image/tr/api/re/WzozX/?noTomariHotel=104626,https://img.travel.rakuten.co.jp/image/tr/api/re/gJNfM/?f_hotel_no=104626,べっせるいんはかたなかす,福岡空港から地下鉄で4駅の好立地！中洲川端駅から徒歩１分。Wi-Fi全室無料。18歳以下添い寝無料。,6175,120927.24,469465.95,810-0801,福岡県,福岡市博多区中洲5-1-12,092-271-4055,092-271-4050,地下鉄中洲川端駅より徒歩１分 【中洲川端駅３番出口】JR博多駅、地下鉄天神駅より車で５分。福岡空港までも車で10分。,５台　電話予約制　満車の場合近隣のコインパーキングへのご案内になります。,中洲川端,https://img.travel.rakuten.co.jp/share/HOTEL/104626/104626.jpg,https://img.travel.rakuten.co.jp/HIMG/90/104626.jpg,https://img.travel.rakuten.co.jp/share/HOTEL/104626/104626_sin.jpg,https://img.travel.rakuten.co.jp/HIMG/INTERIOR/104626.jpg,https://img.travel.rakuten.co.jp/share/HOTEL/104626/104626map.gif,2393.0,4.21,"部屋は狭かったですが寝るだけなので十分でした。1階のラウンジにはソフトドリンクやお菓子などもあり子どもも喜んでいました。1階のフロント近くにはシャンプーバーもありました。今回泊まった部屋はリファのヘア…　2026-09-28 15:45:10投稿 <a href=""https://img.travel.rakuten.co.jp/image/tr/api/re/gJNfM/?f_hotel_no=104626"" class=""3click"">つづきはこちら</a>",nss,シャワーブースシングル☆禁煙,6585045.0,【楽天スーパーSALE】【スタンダード☆素泊まり】中洲川端駅3番出口から徒歩1分,1,0,0,0,0,1,https://img.travel.rakuten.co.jp/image/tr/api/re/IdsCY/?f_no=104626&f_syu=nss&f_hi1=2026-10-03&f_hi2=2026-10-04&f_heya_su=1&f_otona_su=1&f_s1=0&f_s2=0&f_y1=0&f_y2=0&f_y3=0&f_y4=0&f_camp_id=6585045,0,2026-10-03,28500,28500,0,2026-10-03,seibu
181851,ホテルリファレンス天神３,https://img.travel.rakuten.co.jp/image/tr/api/re/pvonD/?f_no=181851,https://img.travel.rakuten.co.jp/image/tr/api/re/vFumt/?f_no=181851&f_flg=PLAN,https://img.travel.rakuten.co.jp/image/tr/api/re/WzozX/?noTomariHotel=181851,https://img.travel.rakuten.co.jp/image/tr/api/re/gJNfM/?f_hotel_no=181851,ほてるりふぁれんすてんじん３,ライブハウス・イベント会場へのアクセス抜群！天神中心部徒歩圏内★全室クイーンサイズベッド＆4KTV。,6160,120926.32,469430.47,810-0001,福岡県,福岡市中央区天神3-8-10,092-718-3030,092-718-3050,西鉄福岡天神駅(地下鉄天神駅)下車から天神地下街の西1出口より徒歩7分,"24時間1,500円(ご宿泊者様のみ)　ご予約不可",西鉄福岡,https://img.travel.rakuten.co.jp/share/HOTEL/181851/181851.jpg,https://img.travel.rakuten.co.jp/HIMG/90/181851.jpg,,,https://img.travel.rakuten.co.jp/share/HOTEL/181851/181851map.gif,421.0,4.24,"ただ1点だけ‥夕食終わってホテルに戻ってきたら1階…　2026-09-24 23:10:14投稿 <a href=""https://img.travel.rakuten.co.jp/image/tr/api/re/gJNfM/?f_hotel_no=181851"" class=""3click"">つづきはこちら</a>",0008,【禁煙】ダブルルーム(訳あり)★クイーンベッド★,5624071.0,【訳あり部屋】音を気にしない方限定！その分お得に素泊まり,1,0,0,0,0,1,https://img.travel.rakuten.co.jp/image/tr/api/re/IdsCY/?f_no=181851&f_syu=0008&f_hi1=2026-10-03&f_hi2=2026-10-04&f_heya_su=1&f_otona_su=1&f_s1=0&f_s2=0&f_y1=0&f_y2=0&f_y3=0&f_y4=0&f_camp_id=5624071,0,2026-10-03,36000,36000,0,2026-10-03,seibu
437,博多中洲ワシントンホテルプラザ,https://img.travel.rakuten.co.jp/image/tr/api/re/pvonD/?f_no=437,https://img.travel.rakuten.co.jp/image/tr/api/re/vFumt/?f_no=437&f_flg=PLAN,https://img.travel.rakuten.co.jp/image/tr/api/re/WzozX/?noTomariHotel=437,https://img.travel.rakuten.co.jp/image/tr/api/re/gJNfM/?f_hotel_no=437,はかたなかす　わしんとんほてるぷらざ,2021年全室リニューアル～九州一の繁華街「中洲」にあるホテル,6600,120921.05,469481.04,810-0801,福岡県,福岡市博多区中洲2-8-28,092-282-0410,092-282-7700,地下鉄「中洲川端駅」⑤番出口より徒歩約５分／ＪＲ博多駅（博多口）より徒歩約１５分,タワーパーキング　高さ155ｃｍまで　先着34台　1泊1500円〜　大型車の駐車場はございません。,中洲川端,https://img.travel.rakuten.co.jp/share/HOTEL/437/437.jpg,https://img.travel.rakuten.co.jp/HIMG/90/437.jpg,https://img.travel.rakuten.co.jp/share/HOTEL/437/437_heya.jpg,https://img.travel.rakuten.co.jp/HIMG/INTERIOR/437.jpg,https://img.travel.rakuten.co.jp/share/HOTEL/437/437map.gif,2256.0,3.92,,t221,【禁煙】ツインルーム　ベッド幅110ｃｍ×2台,1821066.0,基本プラン,1,0,0,0,0,1,https://img.travel.rakuten.co.jp/image/tr/api/re/IdsCY/?f_no=437&f_syu=t221&f_hi1=2026-10-03&f_hi2=2026-10-04&f_heya_su=1&f_otona_su=1&f_s1=0&f_s2=0&f_y1=0&f_y2=0&f_y3=0&f_y4=0&f_camp_id=1821066,0,2026-10-03,30900,30900,1,2026-10-03,seibu
5388,ＫＫＲホテル博多（国家公務員共済組合連合会福岡共済会館）,https://img.travel.rakuten.co.jp/image/tr/api/re/pvonD/?f_no=5388,https://img.travel.rakuten.co.jp/image/tr/api/re/vFumt/?f_no=5388&f_flg=PLAN,https://img.travel.rakuten.co.jp/image/tr/api/re/WzozX/?noTomariHotel=5388,https://img.travel.rakuten.co.jp/image/tr/api/re/gJNfM/?f_hotel_no=5388,けーけーあーるほてる　はかた,地下鉄「薬院大通駅」から徒歩約4分！敷地内に平面駐車場を56台完備♪何度でも出し入れできるからクルマ旅にもピッタリ！,6000,120871.72,469425.58,810-0022,福岡県,福岡市中央区薬院4-21-1,092-521-1361,092-521-4881,「南薬院」バス停から徒歩約1分、地下鉄七隈線「薬院大通駅」から徒歩約4分,56台収容可能の平面駐車場を敷地内に完備。何度でも出し入れ可能。（有料1000円/泊・先着順）,博多,https://img.travel.rakuten.co.jp/share/HOTEL/5388/5388.jpg,https://img.travel.rakuten.co.jp/HIMG/90/5388.jpg,https://img.travel.rakuten.co.jp/share/HOTEL/5388/5388_sgl.jpg,https://img.travel.rakuten.co.jp/HIMG/INTERIOR/5388.jpg,https://img.travel.rakuten.co.jp/share/HOTEL/5388/5388map.gif,2812.0,4.4,,pnssb,【禁煙】シングルルーム（ベッド幅140cm）,2655031.0,【平面駐車場完備】駐車料金無料プラン【素泊まり】,1,0,0,0,0,1,https://img.travel.rakuten.co.jp/image/tr/api/re/IdsCY/?f_no=5388&f_syu=pnssb&f_hi1=2026-10-03&f_hi2=2026-10-04&f_heya_su=1&f_otona_su=1&f_s1=0&f_s2=0&f_y1=0&f_y2=0&f_y3=0&f_y4=0&f_camp_id=2655031,0,2026-10-03,24000,24000,0,2026-10-03,seibu
182,アパホテル〈福岡渡辺通駅前〉ＥＸＣＥＬＬＥＮＴ,https://img.travel.rakuten.co.jp/image/tr/api/re/pvonD/?f_no=182,https://img.travel.rakuten.co.jp/image/tr/api/re/vFumt/?f_no=182&f_flg=PLAN,https://img.travel.rakuten.co.jp/image/tr/api/re/WzozX/?noTomariHotel=182,https://img.travel.rakuten.co.jp/image/tr/api/re/gJNfM/?f_hotel_no=182,あぱほてる＜ふくおかわたなべどおりえきまえ＞えくせれんと,全客室にコーヒーメーカー（ドルチェグスト）設置。上質な滞在と人気のお肉メイン朝食ビュッフェを。,4873,120883.94,469477.64,810-0005,福岡県,福岡市中央区清川1-10-1,0570-099-811,092-524-2377,電車：地下鉄七隈線「渡辺通駅」2番出口から徒歩約5分　バス：博多駅「博多駅前Bのりば」→「柳橋」下車徒歩1分,"料金：1,100円/1泊（15時〜翌11時） ※155cmの車高制限がございます。",天神,https://img.travel.rakuten.co.jp/share/HOTEL/182/182.jpg,https://img.travel.rakuten.co.jp/HIMG/90/182.jpg,https://img.travel.rakuten.co.jp/share/HOTEL/182/182_si.jpg,https://img.travel.rakuten.co.jp/HIMG/INTERIOR/182.jpg,https://img.travel.rakuten.co.jp/share/HOTEL/182/182map.gif,3225.0,4.03,,zs1k,シングル□禁煙室□,6603530.0,【楽天スーパーSALE】【素泊まり】 博多駅博多口（B乗り場）からバスで8分【映画もアニメも見放題】,1,0,0,0,0,1,https://img.travel.rakuten.co.jp/image/tr/api/re/IdsCY/?f_no=182&f_syu=zs1k&f_hi1=2026-10-03&f_hi2=2026-10-04&f_heya_su=1&f_otona_su=1&f_s1=0&f_s2=0&f_y1=0&f_y2=0&f_y3=0&f_y4=0&f_camp_id=6603530,0,2026-10-03,26761,26761,0,2026-10-03,seibu
176739,ホテルビスタ福岡【中洲川端】,https://img.travel.rakuten.co.jp/image/tr/api/re/pvonD/?f_no=176739,https://img.travel.rakuten.co.jp/image/tr/api/re/vFumt/?f_no=176739&f_flg=PLAN,https://img.travel.rakuten.co.jp/image/tr/api/re/WzozX/?noTomariHotel=176739,https://img.travel.rakuten.co.jp/image/tr/api/re/gJNfM/?f_hotel_no=176739,びすた　ふくおか　なかすかわばた,「博多座」まで徒歩約3分　歌舞伎・ミュージカル等、年間通して公演をお楽しみいただけます,5900,120931.58,469478.03,812-0026,福岡県,福岡市博多区上川端町14-28,092-281-3737,092-281-3736,中洲川端駅７番出口より徒歩にて約３分。地下鉄にて天神駅まで２分、博多駅まで４分の好立地。最寄りのコンビニまで徒歩1分。,"５台先着順 一泊一台1,500円(税込) 機械式のため車高及び車幅制限あり 満車時は提携駐車場を案内",中洲川端,https://img.travel.rakuten.co.jp/share/HOTEL/176739/176739.jpg,https://img.travel.rakuten.co.jp/HIMG/90/176739.jpg,https://img.travel.rakuten.co.jp/share/HOTEL/176739/176739_kan1.jpg,https://img.travel.rakuten.co.jp/HIMG/INTERIOR/176739.jpg,https://img.travel.rakuten.co.jp/share/HOTEL/176739/176739map.gif,860.0,4.27,"手荷物を12時前にお預かりしていただき、博多座からのチェックインで、ちょうど15時過ぎにお部屋に入り少しゆっくりしたあとにキャナルシティへお買い物そして、周辺居酒屋でご飯を済ませ、翌日近くの念願のラン…　2026-09-24 23:21:59投稿 <a href=""https://img.travel.rakuten.co.jp/image/tr/api/re/gJNfM/?f_hotel_no=176739"" class=""3click"">つづきはこちら</a>",ss,禁煙シャワードシングル 120cmベッド,6562195.0,【楽天スーパーSALE】シンプルステイプラン（素泊り）,1,0,0,0,0,2,https://img.travel.rakuten.co.jp/image/tr/api/re/IdsCY/?f_no=176739&f_syu=ss&f_hi1=2026-10-03&f_hi2=2026-10-04&f_heya_su=1&f_otona_su=1&f_s1=0&f_s2=0&f_y1=0&f_y2=0&f_y3=0&f_y4=0&f_camp_id=6562195,0,2026-10-03,25650,25650,0,2026-10-03,seibu
165979,ＤＥＬ　ｓｔｙｌｅ　福岡西中洲　（旧ダイワロイネットホテル福岡西中州）,https://img.travel.rakuten.co.jp/image/tr/api/re/pvonD/?f_no=165979,https://img.travel.rakuten.co.jp/image/tr/api/re/vFumt/?f_no=165979&f_flg=PLAN,https://img.travel.rakuten.co.jp/image/tr/api/re/WzozX/?noTomariHotel=165979,https://img.travel.rakuten.co.jp/image/tr/api/re/gJNfM/?f_hotel_no=165979,でる　すたいる　ふくおかにしなかす（きゅう　だいわろいねっとほてるふくおかにしなかす）　,天神・中洲屋台・キャナルシティ博多まで徒歩圏内の好立地。館内コンビニエンスストア有り。観光・ビジネスの拠点におすすめ,7500,120913.01,469470.09,810-0002,福岡県,福岡市中央区西中洲1-9,092-409-3155,092-409-3159,地下鉄空港線「中洲川端」駅より徒歩約8分。地下鉄七隈線「天神南駅」6番出口より徒歩約4分。天神・中洲屋台へは徒歩約5分！,無し,,https://img.travel.rakuten.co.jp/share/HOTEL/165979/165979.jpg,https://img.travel.rakuten.co.jp/HIMG/90/165979.jpg,https://img.travel.rakuten.co.jp/share/HOTEL/165979/165979_kan1.jpg,https://img.travel.rakuten.co.jp/HIMG/INTERIOR/165979.jpg,https://img.travel.rakuten.co.jp/share/HOTEL/165979/165979map.gif,653.0,4.24,"朝食会場のシェフと…　2026-09-22 19:09:51投稿 <a href=""https://img.travel.rakuten.co.jp/image/tr/api/re/gJNfM/?f_hotel_no=165979"" class=""3click"">つづきはこちら</a>",san1,【禁煙】ベーシックダブル（1名利用）,4136250.0,寛ぎのシンプルステイ(素泊り),1,0,0,0,0,1,https://img.travel.rakuten.co.jp/image/tr/api/re/IdsCY/?f_no=165979&f_syu=san1&f_hi1=2026-10-03&f_hi2=2026-10-04&f_heya_su=1&f_otona_su=1&f_s1=0&f_s2=0&f_y1=0&f_y2=0&f_y3=0&f_y4=0&f_camp_id=4136250,0,2026-10-03,25000,25000,0,2026-10-03,seibu
171975,リッチモンドホテル天神西通,https://img.travel.rakuten.co.jp/image/tr/api/re/pvonD/?f_no=171975,https://img.travel.rakuten.co.jp/image/tr/api/re/vFumt/?f_no=171975&f_flg=PLAN,https://img.travel.rakuten.co.jp/image/tr/api/re/WzozX/?noTomariHotel=171975,https://img.travel.rakuten.co.jp/image/tr/api/re/gJNfM/?f_hotel_no=171975,りっちもんどほてるてんじんにしどおり,楽天トラベルブロンズアワード2024受賞☆空港・博多・中洲へのアクセスも抜群。市内ビジネス、観光の拠点に最適なホテル。,9350,120909.07,469436.1,810-0001,福岡県,福岡市中央区天神2-6-16,092-717-2477,092-717-2478,地下鉄空港線　天神駅より徒歩にて約５分,無し【提携先】福岡中央自動車駐車場※2026年3月末で閉業予定です。以降の提携先はございません。,天神,https://img.travel.rakuten.co.jp/share/HOTEL/171975/171975.jpg,https://img.travel.rakuten.co.jp/HIMG/90/171975.jpg,https://img.travel.rakuten.co.jp/share/HOTEL/171975/171975_kan1.jpg,https://img.travel.rakuten.co.jp/HIMG/INTERIOR/171975.jpg,https://img.travel.rakuten.co.jp/share/HOTEL/171975/171975map.gif,978.0,4.38,"お風呂が広くてトイレと別でよかったです。清潔で快適に過ごせました！また利用したいです　2026-09-26 10:07:55投稿 <a href=""https://img.travel.rakuten.co.jp/image/tr/api/re/gJNfM/?f_hotel_no=171975"" class=""3click"">つづきはこちら</a>",mdts1,【喫煙】モデレートツイン 1名利用,5142613.0,【☆定番人気☆】素泊まり　シンプルステイプラン,1,0,0,0,0,1,https://img.travel.rakuten.co.jp/image/tr/api/re/IdsCY/?f_no=171975&f_syu=mdts1&f_hi1=2026-10-03&f_hi2=2026-10-04&f_heya_su=1&f_otona_su=1&f_s1=0&f_s2=0&f_y1=0&f_y2=0&f_y3=0&f_y4=0&f_camp_id=5142613,0,2026-10-03,33000,33000,0,2026-10-03,seibu
168188,ワンズホテル福岡,https://img.travel.rakuten.co.jp/image/tr/api/re/pvonD/?f_no=168188,https://img.travel.rakuten.co.jp/image/tr/api/re/vFumt/?f_no=168188&f_flg=PLAN,https://img.travel.rakuten.co.jp/image/tr/api/re/WzozX/?noTomariHotel=168188,https://img.travel.rakuten.co.jp/image/tr/api/re/gJNfM/?f_hotel_no=168188,わんずほてるふくおか,２０１８年１１月開業！地下鉄唐人町徒歩０分！隣はセブンイレブン！ヤフオクドーム徒歩圏内！全室ダブルベッドの寛ぎ空間。,4450,120909.75,469336.92,810-0054,福岡県,福岡市中央区今川1-3-3　,092-738-5533,092-738-5588,地下鉄　唐人町駅②番出口より約０分  〈 21時以降は⑤番出口〉〈 エレベーターは⑦番出口（ホテルまで徒歩約5分）〉,無し、近隣コインパーキング22台（1時間100円昼最大600円夜最大400円）イベント料金あり！,唐人町,https://img.travel.rakuten.co.jp/share/HOTEL/168188/168188.jpg,https://img.travel.rakuten.co.jp/HIMG/90/168188.jpg,,,https://img.travel.rakuten.co.jp/share/HOTEL/168188/168188map.gif,320.0,4.2,"ホテル全体といい、部屋の清潔さといい、とてもよかったです！朝食のお値段がリーズナブルで、しかも、味付けもとても美味しかったですよー(^^)それに、地下鉄唐人駅の目の前とあって、立地がよく便利でした(^…　2026-09-25 06:50:06投稿 <a href=""https://img.travel.rakuten.co.jp/image/tr/api/re/gJNfM/?f_hotel_no=168188"" class=""3click"">つづきはこちら</a>",dba,ダブルA〔禁煙〕（11.5平米・Wi-Fi無料）,4322226.0,【現金支払い限定】全室ダブルベッド★駅チカ＆ドーム徒歩圏内のお得ステイ,1,0,0,0,0,0,https://img.travel.rakuten.co.jp/image/tr/api/re/IdsCY/?f_no=168188&f_syu=dba&f_hi1=2026-10-03&f_hi2=2026-10-04&f_heya_su=1&f_otona_su=1&f_s1=0&f_s2=0&f_y1=0&f_y2=0&f_y3=0&f_y4=0&f_camp_id=4322226,0,2026-10-03,25300,25300,0,2026-10-03,seibu
11353,ホテルニューガイア糸島,https://img.travel.rakuten.co.jp/image/tr/api/re/pvonD/?f_no=11353,https://img.travel.rakuten.co.jp/image/tr/api/re/vFumt/?f_no=11353&f_flg=PLAN,https://img.travel.rakuten.co.jp/image/tr/api/re/WzozX/?noTomariHotel=11353,https://img.travel.rakuten.co.jp/image/tr/api/re/gJNfM/?f_hotel_no=11353,にゅーがいあいとしま,【大好評】宿泊者専用ラウンジ！ご宿泊のお客様はコーヒー、ソフトドリンクを無料でお召し上がり頂けます。,4370,120801.11,468722.54,819-1116,福岡県,糸島市前原中央2-3-24,092-324-4500,092-324-0770,『JR筑前前原駅』より徒歩3分/前原バス発着所より徒歩2分/国道202号線沿い,屋根付き駐車場完備！  場所：ホテル1F　収容台数：10台（先着順・有料1泊1000円）,筑前前原,https://img.travel.rakuten.co.jp/share/HOTEL/11353/11353.jpg,https://img.travel.rakuten.co.jp/HIMG/90/11353.jpg,https://img.travel.rakuten.co.jp/share/HOTEL/11353/11353_sgl.jpg,https://img.travel.rakuten.co.jp/HIMG/INTERIOR/11353.jpg,https://img.travel.rakuten.co.jp/share/HOTEL/11353/11353map.gif,959.0,3.81,,rsan,【禁煙】リニューアルシングルルーム　１２平米,6576661.0,【楽天スーパーSALE】【事前決済でお得！】【事前決済限定】スタンダードプラン,1,0,0,0,0,2,https://img.travel.rakuten.co.jp/image/tr/api/re/IdsCY/?f_no=11353&f_syu=rsan&f_hi1=2026-10-03&f_hi2=2026-10-04&f_heya_su=1&f_otona_su=1&f_s1=0&f_s2=0&f_y1=0&f_y2=0&f_y3=0&f_y4=0&f_camp_id=6576661,0,2026-10-03,12416,12416,0,2026-10-03,seibu
2921,福岡東映ホテル,https://img.travel.rakuten.co.jp/image/tr/api/re/pvonD/?f_no=2921,https://img.travel.rakuten.co.jp/image/tr/api/re/vFumt/?f_no=2921&f_flg=PLAN,https://img.travel.rakuten.co.jp/image/tr/api/re/WzozX/?noTomariHotel=2921,https://img.travel.rakuten.co.jp/image/tr/api/re/gJNfM/?f_hotel_no=2921,ふくおか　とうえいほてる, 天神、博多の中間に位置し、ビジネス・観光の拠点として最適。コンビニ徒歩3分、近隣飲食店多数あり。,7100,120883.83,469468.17,810-0011,福岡県,福岡市中央区高砂1-1-23,092-524-2121,092-524-2129,博多駅から車で5分福岡空港から車で20分西鉄薬院駅から徒歩3分地下鉄七隈線渡辺通り駅から徒歩1分天神から徒歩10分,"ホテル駐車場なし 契約駐車場有（22時間連続駐車1,300円）",博多,https://img.travel.rakuten.co.jp/share/HOTEL/2921/2921.jpg,https://img.travel.rakuten.co.jp/HIMG/90/2921.jpg,https://img.travel.rakuten.co.jp/share/HOTEL/2921/2921_room.jpg,https://img.travel.rakuten.co.jp/HIMG/INTERIOR/2921.jpg,https://img.travel.rakuten.co.jp/share/HOTEL/2921/2921map.gif,2747.0,4.18,,cta-new,【本館】コンフォートツイン,3652683.0,【素泊】出張・観光に！素泊まりシンプルステイプラン♪,1,0,0,0,0,1,https://img.travel.rakuten.co.jp/image/tr/api/re/IdsCY/?f_no=2921&f_syu=cta-new&f_hi1=2026-10-03&f_hi2=2026-10-04&f_heya_su=1&f_otona_su=1&f_s1=0&f_s2=0&f_y1=0&f_y2=0&f_y3=0&f_y4=0&f_camp_id=3652683,0,2026-10-03,24500,24500,1,2026-10-03,seibu
147612,ＣＡＮＤＥＯ　ＨＯＴＥＬＳ（カンデオホテルズ）福岡天神,https://img.travel.rakuten.co.jp/image/tr/api/re/pvonD/?f_no=147612,https://img.travel.rakuten.co.jp/image/tr/api/re/vFumt/?f_no=147612&f_flg=PLAN,https://img.travel.rakuten.co.jp/image/tr/api/re/WzozX/?noTomariHotel=147612,https://img.travel.rakuten.co.jp/image/tr/api/re/gJNfM/?f_hotel_no=147612,かんでおほてるずふくおかてんじん,星空に一番近い露天風呂で、心洗われる極上の癒しを。福岡天神にある、唯一無二の4つ星ホテル。,7900,120899.21,469460.56,810-0004,福岡県,福岡市中央区渡辺通5-14-5,0927385600,0927385601,西鉄天神駅より徒歩４分、地下鉄空港線天神駅より徒歩９分、天神南駅より徒歩４分。,"事前予約制（7台）2,000円/１泊　※予約は電話のみ受付可",,https://img.travel.rakuten.co.jp/share/HOTEL/147612/147612.jpg,https://img.travel.rakuten.co.jp/HIMG/90/147612.jpg,,,https://img.travel.rakuten.co.jp/share/HOTEL/147612/147612map.gif,1356.0,4.07,"朝ご飯は、一般的なビジネスホテルより、豪華で美味しかった…　2026-09-01 22:38:38投稿 <a href=""https://img.travel.rakuten.co.jp/image/tr/api/re/gJNfM/?f_hotel_no=147612"" class=""3click"">つづきはこちら</a>",esd,エグゼクティブソファダブル,5290670.0,【秋割キャンペーン！】天空でととのう秋の旅へ、最上階スカイスパをドライサウナで堪能（素泊）,1,0,0,0,0,1,https://img.travel.rakuten.co.jp/image/tr/api/re/IdsCY/?f_no=147612&f_syu=esd&f_hi1=2026-10-03&f_hi2=2026-10-04&f_heya_su=1&f_otona_su=1&f_s1=0&f_s2=0&f_y1=0&f_y2=0&f_y3=0&f_y4=0&f_camp_id=5290670,0,2026-10-03,36600,36600,0,2026-10-03,seibu
72791,ホテルマイステイズ福岡天神,https://img.travel.rakuten.co.jp/image/tr/api/re/pvonD/?f_no=72791,https://img.travel.rakuten.co.jp/image/tr/api/re/vFumt/?f_no=72791&f_flg=PLAN,https://img.travel.rakuten.co.jp/image/tr/api/re/WzozX/?noTomariHotel=72791,https://img.travel.rakuten.co.jp/image/tr/api/re/gJNfM/?f_hotel_no=72791,まいすていずふくおかてんじん,福岡の中心 天神駅より徒歩5分とアクセス至便！くつろぎと快適さをお届けいたします。,5560,120920.66,469433.4,810-0001,福岡県,福岡市中央区天神3-5-7,092-687-1100,092-687-1102,地下鉄 天神駅の4番出口より徒歩5分 福岡空港から乗り換えなし10分。コンビニまで徒歩１分,敷地内駐車場は【コインパーキング】です。（※ご予約制ではございませんのでご了承ください）,天神,https://img.travel.rakuten.co.jp/share/HOTEL/72791/72791.jpg,https://img.travel.rakuten.co.jp/HIMG/90/72791.jpg,https://img.travel.rakuten.co.jp/share/HOTEL/72791/72791_room.jpg,https://img.travel.rakuten.co.jp/HIMG/INTERIOR/72791.jpg,https://img.travel.rakuten.co.jp/share/HOTEL/72791/72791map.gif,2030.0,4.15,"どうやらドライヤーではなく、室内の一部のコンセントの不具合だったようで、一時そのコンセントでは電力供給できな…　2026-09-26 01:45:07投稿 <a href=""https://img.travel.rakuten.co.jp/image/tr/api/re/gJNfM/?f_hotel_no=72791"" class=""3click"">つづきはこちら</a>",sians,□禁煙□スタンダードダブル【15平米】,3362446.0,【素泊まり / ベストレート】小学生のお子様まで【添い寝無料】,1,0,0,0,0,1,https://img.travel.rakuten.co.jp/image/tr/api/re/IdsCY/?f_no=72791&f_syu=sians&f_hi1=2026-10-03&f_hi2=2026-10-04&f_heya_su=1&f_otona_su=1&f_s1=0&f_s2=0&f_y1=0&f_y2=0&f_y3=0&f_y4=0&f_camp_id=3362446,0,2026-10-03,30970,30970,0,2026-10-03,seibu
3089,プラザホテルプルミエ,https://img.travel.rakuten.co.jp/image/tr/api/re/pvonD/?f_no=3089,https://img.travel.rakuten.co.jp/image/tr/api/re/vFumt/?f_no=3089&f_flg=PLAN,https://img.travel.rakuten.co.jp/image/tr/api/re/WzozX/?noTomariHotel=3089,https://img.travel.rakuten.co.jp/image/tr/api/re/gJNfM/?f_hotel_no=3089,ぷらざほてる　ぷるみえ,福岡の天神地区のホテル。出張や買物に最適！快適なデュベスタイル・Wi-Fi接続。,4537,120902.64,469432.81,810-0041,福岡県,福岡市中央区大名1-14-13,0570-076-633,092-734-7601,博多駅、福岡空港より地下鉄で1本。空港線天神駅3番出口より徒歩7分。七隈線天神南駅2番出口より徒歩8分。,駐車場あり(先着順・予約不可)  2500円/ 1泊,天神,https://img.travel.rakuten.co.jp/share/HOTEL/3089/3089.jpg,https://img.travel.rakuten.co.jp/HIMG/90/3089.jpg,https://img.travel.rakuten.co.jp/share/HOTEL/3089/3089_tui.jpg,https://img.travel.rakuten.co.jp/HIMG/INTERIOR/3089.jpg,https://img.travel.rakuten.co.jp/share/HOTEL/3089/3089map.gif,2923.0,3.71,,sssss,【喫煙】セミダブル,4512043.0,「プルミエ」ステイ,1,0,0,0,0,1,https://img.travel.rakuten.co.jp/image/tr/api/re/IdsCY/?f_no=3089&f_syu=sssss&f_hi1=2026-10-03&f_hi2=2026-10-04&f_heya_su=1&f_otona_su=1&f_s1=0&f_s2=0&f_y1=0&f_y2=0&f_y3=0&f_y4=0&f_camp_id=4512043,0,2026-10-03,25425,25425,0,2026-10-03,seibu
539,博多エクセルホテル東急,https://img.travel.rakuten.co.jp/image/tr/api/re/pvonD/?f_no=539,https://img.travel.rakuten.co.jp/image/tr/api/re/vFumt/?f_no=539&f_flg=PLAN,https://img.travel.rakuten.co.jp/image/tr/api/re/WzozX/?noTomariHotel=539,https://img.travel.rakuten.co.jp/image/tr/api/re/gJNfM/?f_hotel_no=539,はかた　えくせるほてるとうきゅう,九州最大級の繁華街中洲に位置　中洲屋台街・博多や天神エリアも徒歩圏内,7423,120921.8,469467.01,810-0801,福岡県,福岡市博多区中洲4-6-7,092-262-0109,092-262-5578,福岡空港・ＪＲ博多駅から地下鉄で一本！　中洲川端駅4番出口より徒歩約2分,"先着順で有料駐車場有り/予約不可/1泊1,700円/ 高さ制限を越えるお車は近隣駐車場をご案内します",中洲川端,https://img.travel.rakuten.co.jp/share/HOTEL/539/539.jpg,https://img.travel.rakuten.co.jp/HIMG/90/539.jpg,https://img.travel.rakuten.co.jp/share/HOTEL/539/539_t.jpg,https://img.travel.rakuten.co.jp/HIMG/INTERIOR/539.jpg,https://img.travel.rakuten.co.jp/share/HOTEL/539/539map.gif,2089.0,4.2,,ntan_2,【禁煙】スタンダードツイン,6581277.0,【楽天スーパーSALE】地下鉄中洲川端駅より徒歩約3分！レイトチェックアウト13時＜素泊り＞,1,0,0,0,0,1,https://img.travel.rakuten.co.jp/image/tr/api/re/IdsCY/?f_no=539&f_syu=ntan_2&f_hi1=2026-10-03&f_hi2=2026-10-04&f_heya_su=1&f_otona_su=1&f_s1=0&f_s2=0&f_y1=0&f_y2=0&f_y3=0&f_y4=0&f_camp_id=6581277,0,2026-10-03,53575,53575,0,2026-10-03,seibu
70215,ホテルマイステイズ福岡天神南,https://img.travel.rakuten.co.jp/image/tr/api/re/pvonD/?f_no=70215,https://img.travel.rakuten.co.jp/image/tr/api/re/vFumt/?f_no=70215&f_flg=PLAN,https://img.travel.rakuten.co.jp/image/tr/api/re/WzozX/?noTomariHotel=70215,https://img.travel.rakuten.co.jp/image/tr/api/re/gJNfM/?f_hotel_no=70215,ほてるまいすていずふくおかてんじんみなみ,地下鉄七隈線「天神南駅」から徒歩5分、「天神・中洲エリア」へ徒歩圏内。 ミニキッチン付のお部屋は連泊時に大人気！,5330,120907.54,469471.21,810-0003,福岡県,福岡市中央区春吉3-14-20,092-286-1700,092-286-2100,■空港から空港線「博多駅」にて七隈線に乗り換え「天神南駅」6番出口より徒歩5分■「天神高速バスターミナル」より徒歩８分,"ご利用の方は事前にお電話にてご予約下さい。1,500円／泊　※先着順。台数に限りがあります。　",,https://img.travel.rakuten.co.jp/share/HOTEL/70215/70215.jpg,https://img.travel.rakuten.co.jp/HIMG/90/70215.jpg,https://img.travel.rakuten.co.jp/share/HOTEL/70215/70215_s.jpg,https://img.travel.rakuten.co.jp/HIMG/INTERIOR/70215.jpg,https://img.travel.rakuten.co.jp/share/HOTEL/70215/70215map.gif,2244.0,4.13,"若干ユニットバスの匂いが気になりまし…　2026-09-23 05:21:20投稿 <a href=""https://img.travel.rakuten.co.jp/image/tr/api/re/gJNfM/?f_hotel_no=70215"" class=""3click"">つづきはこちら</a>",d1a,禁煙◇リニューアル スタンダードダブル◇１５平米,6165188.0,2025年客室改装！全室スマートTV導入！【ベストレート／素泊まり】 直前予約にもオススメ！,1,0,0,0,0,1,https://img.travel.rakuten.co.jp/image/tr/api/re/IdsCY/?f_no=70215&f_syu=d1a&f_hi1=2026-10-03&f_hi2=2026-10-04&f_heya_su=1&f_otona_su=1&f_s1=0&f_s2=0&f_y1=0&f_y2=0&f_y3=0&f_y4=0&f_camp_id=6165188,0,2026-10-03,35700,35700,0,2026-10-03,seibu
146992,ファーストキャビン博多,https://img.travel.rakuten.co.jp/image/tr/api/re/pvonD/?f_no=146992,https://img.travel.rakuten.co.jp/image/tr/api/re/vFumt/?f_no=146992&f_flg=PLAN,,https://img.travel.rakuten.co.jp/image/tr/api/re/gJNfM/?f_hotel_no=146992,ふぁーすときゃびん　はかた,地下鉄「中洲川端駅」直結の好立地！大浴場で疲れを癒せます。女性エリア完備！,4275,120925.34,469470.08,810-0801,福岡県,福岡市博多区中洲3-7-24　ｇａｔｅ’ｓ 8F,092-260-1852,092-260-1853,地下鉄空港線　中洲川端駅４番出口直結,駐車場無し・公共交通機関をご利用ください,中洲川端,https://img.travel.rakuten.co.jp/share/HOTEL/146992/146992.jpg,https://img.travel.rakuten.co.jp/HIMG/90/146992.jpg,https://img.travel.rakuten.co.jp/share/HOTEL/146992/146992_kan1.jpg,https://img.travel.rakuten.co.jp/HIMG/INTERIOR/146992.jpg,https://img.travel.rakuten.co.jp/share/HOTEL/146992/146992map.gif,1114.0,4.0,"博多座からのアクセスが抜群でした　2026-09-24 13:23:03投稿 <a href=""https://img.travel.rakuten.co.jp/image/tr/api/re/gJNfM/?f_hotel_no=146992"" class=""3click"">つづきはこちら</a>",sd,ビジネスクラスキャビン（女性専用・男性不可）,4600313.0,【5％OFF】【楽天スーパーSALE】素泊まり☆スタンダードプラン【女性専用】,1,0,0,0,0,1,https://img.travel.rakuten.co.jp/image/tr/api/re/IdsCY/?f_no=146992&f_syu=sd&f_hi1=2026-10-03&f_hi2=2026-10-04&f_heya_su=1&f_otona_su=1&f_s1=0&f_s2=0&f_y1=0&f_y2=0&f_y3=0&f_y4=0&f_camp_id=4600313,0,2026-10-03,15010,15010,0,2026-10-03,seibu
160839,Ｔｈｅ　ＢＲＥＡＫＦＡＳＴ　ＨＯＴＥＬ福岡天神,https://img.travel.rakuten.co.jp/image/tr/api/re/pvonD/?f_no=160839,https://img.travel.rakuten.co.jp/image/tr/api/re/vFumt/?f_no=160839&f_flg=PLAN,https://img.travel.rakuten.co.jp/image/tr/api/re/WzozX/?noTomariHotel=160839,https://img.travel.rakuten.co.jp/image/tr/api/re/gJNfM/?f_hotel_no=160839,ざ　ぶれっくふぁーすと　ほてるふくおかてんじん,【九州春香食材のイタリアン】BREAKFASTフェスタ 4月末まで,5400,120908.1,469469.4,810-0003,福岡県,福岡市中央区春吉3-23-32,050-1807-4878,092-737-4124,天神南駅6番出口より徒歩5分 　中洲川端駅1番出口より徒歩10分,"先着3台分1泊/2,000円 15時から翌朝11時まで 時間外1時間/500円 予約不可",西鉄福岡,https://img.travel.rakuten.co.jp/share/HOTEL/160839/160839.jpg,https://img.travel.rakuten.co.jp/HIMG/90/160839.jpg,,,https://img.travel.rakuten.co.jp/share/HOTEL/160839/160839map.gif,588.0,4.04,"換気がもう少ししっかりしてるといいかな　2026-09-25 06:38:17投稿 <a href=""https://img.travel.rakuten.co.jp/image/tr/api/re/gJNfM/?f_hotel_no=160839"" class=""3click"">つづきはこちら</a>",b2,【禁煙室】スタンダードダブルルーム,5081733.0,【40％OFF】【楽天スーパーSALE】（素泊）天神南駅近く♪ウェルカムドリンクなど無料サービス充実,1,0,0,0,0,1,https://img.travel.rakuten.co.jp/image/tr/api/re/IdsCY/?f_no=160839&f_syu=b2&f_hi1=2026-10-03&f_hi2=2026-10-04&f_heya_su=1&f_otona_su=1&f_s1=0&f_s2=0&f_y1=0&f_y2=0&f_y3=0&f_y4=0&f_camp_id=5081733,0,2026-10-03,31800,31800,0,2026-10-03,seibu
9239,ホテル一楽,https://img.travel.rakuten.co.jp/image/tr/api/re/pvonD/?f_no=9239,https://img.travel.rakuten.co.jp/image/tr/api/re/vFumt/?f_no=9239&f_flg=PLAN,https://img.travel.rakuten.co.jp/image/tr/api/re/WzozX/?noTomariHotel=9239,https://img.travel.rakuten.co.jp/image/tr/api/re/gJNfM/?f_hotel_no=9239,いちらく,■天神・キャナルシティまで車で5分！■駐車場1泊500円（税別）！■庭園大浴場完備！■お子様連れでも安心の和室が40室！,3190,120876.31,469486.5,810-0005,福岡県,福岡市中央区清川2-5-5,092-531-0561,,福岡空港よりタクシー20分。ＪＲ博多駅よりタクシーの場合5分・路線バス利用の場合10分（柳橋バス停下車後3分）,当日15時より先着順　普通車（隣接20台・立体50台）1泊500円（別） ※大型車は別料金・要問合せ,天神,https://img.travel.rakuten.co.jp/share/HOTEL/9239/9239.jpg,https://img.travel.rakuten.co.jp/HIMG/90/9239.jpg,https://img.travel.rakuten.co.jp/share/HOTEL/9239/9239_sig.jpg,https://img.travel.rakuten.co.jp/HIMG/INTERIOR/9239.jpg,https://img.travel.rakuten.co.jp/share/HOTEL/9239/9239map.gif,2236.0,4.02,,j-c,喫煙9畳和室（洗い場付きバスルーム）,2270792.0,【オンラインカード決済限定】レイトチェックインプラン≪素泊まり≫,1,0,0,0,0,2,https://img.travel.rakuten.co.jp/image/tr/api/re/IdsCY/?f_no=9239&f_syu=j-c&f_hi1=2026-10-03&f_hi2=2026-10-04&f_heya_su=1&f_otona_su=1&f_s1=0&f_s2=0&f_y1=0&f_y2=0&f_y3=0&f_y4=0&f_camp_id=2270792,0,2026-10-03,20900,20900,0,2026-10-03,seibu
3088,ザ　ノット　福岡天神（２０２６年４月２０日開業）,https://img.travel.rakuten.co.jp/image/tr/api/re/pvonD/?f_no=3088,https://img.travel.rakuten.co.jp/image/tr/api/re/vFumt/?f_no=3088&f_flg=PLAN,https://img.travel.rakuten.co.jp/image/tr/api/re/WzozX/?noTomariHotel=3088,https://img.travel.rakuten.co.jp/image/tr/api/re/gJNfM/?f_hotel_no=3088,ざ　のっと　ふくおかてんじん,福岡・天神に誕生！街とつながるライフスタイルホテル「THE KNOT FUKUOKA Tenjin」,5487,120903.22,469425.72,810-0041,福岡県,福岡市中央区大名1-9-63,0570-056-633,092-752-7550,博多駅、空港から地下鉄空港線で1本。天神駅3番出口から徒歩8分。赤坂駅（天神駅次）5番出口から4分。,なし,赤坂（福岡）,https://img.travel.rakuten.co.jp/share/HOTEL/3088/3088.jpg,https://img.travel.rakuten.co.jp/HIMG/90/3088.jpg,https://img.travel.rakuten.co.jp/share/HOTEL/3088/3088_tui.jpg,https://img.travel.rakuten.co.jp/HIMG/INTERIOR/3088.jpg,https://img.travel.rakuten.co.jp/share/HOTEL/3088/3088map.gif,2565.0,4.22,,sln,スーペリアセミダブル 禁煙,6420588.0,旅と人と街をつなぐTHE KNOTステイ (素泊まり),1,0,0,0,0,1,https://img.travel.rakuten.co.jp/image/tr/api/re/IdsCY/?f_no=3088&f_syu=sln&f_hi1=2026-10-03&f_hi2=2026-10-04&f_heya_su=1&f_otona_su=1&f_s1=0&f_s2=0&f_y1=0&f_y2=0&f_y3=0&f_y4=0&f_camp_id=6420588,0,2026-10-03,28480,28480,0,2026-10-03,seibu
167056,Ｔｈｅ　ＢＲＥＡＫＦＡＳＴ　ＨＯＴＥＬ福岡中洲,https://img.travel.rakuten.co.jp/image/tr/api/re/pvonD/?f_no=167056,https://img.travel.rakuten.co.jp/image/tr/api/re/vFumt/?f_no=167056&f_flg=PLAN,https://img.travel.rakuten.co.jp/image/tr/api/re/WzozX/?noTomariHotel=167056,https://img.travel.rakuten.co.jp/image/tr/api/re/gJNfM/?f_hotel_no=167056,ざ　ぶれっくふぁーすと　ほてるふくおかなかす,23年 ACC総務大臣賞を受賞！【春香のBREAKFAST】桜鯛と筍と春フルーツフェア 4月末まで,6600,120924.69,469474.24,810-0801,福岡県,福岡市博多区中洲３丁目６－１９,050-1792-2444,092-291-4124,福岡市営地下鉄 空港線：博多駅経由 中洲川端駅まで4駅9分　中洲川端駅4番出口より徒歩2分,専用駐車場は設けておりません。車でお越しの方は周辺の有料駐車場を利用ください。,中洲川端,https://img.travel.rakuten.co.jp/share/HOTEL/167056/167056.jpg,https://img.travel.rakuten.co.jp/HIMG/90/167056.jpg,,,https://img.travel.rakuten.co.jp/share/HOTEL/167056/167056map.gif,633.0,4.06,"中州も近いし、食事をするには色々な店がたくさんあり、いい場所でした。また朝食も美味しくいただきました　2026-09-17 16:41:45投稿 <a href=""https://img.travel.rakuten.co.jp/image/tr/api/re/gJNfM/?f_hotel_no=167056"" class=""3click"">つづきはこちら</a>",dn,【禁煙室】スタンダードダブルルーム,5633617.0,【40％OFF】【楽天スーパーSALE】（素泊）シャンプー＆バスソルトバー夜食など無料サービス充実♪,1,0,0,0,0,1,https://img.travel.rakuten.co.jp/image/tr/api/re/IdsCY/?f_no=167056&f_syu=dn&f_hi1=2026-10-03&f_hi2=2026-10-04&f_heya_su=1&f_otona_su=1&f_s1=0&f_s2=0&f_y1=0&f_y2=0&f_y3=0&f_y4=0&f_camp_id=5633617,0,2026-10-03,31800,31800,0,2026-10-03,seibu
182097,ｌｙｆ天神福岡（ライフ天神福岡）,https://img.travel.rakuten.co.jp/image/tr/api/re/pvonD/?f_no=182097,https://img.travel.rakuten.co.jp/image/tr/api/re/vFumt/?f_no=182097&f_flg=PLAN,https://img.travel.rakuten.co.jp/image/tr/api/re/WzozX/?noTomariHotel=182097,https://img.travel.rakuten.co.jp/image/tr/api/re/gJNfM/?f_hotel_no=182097,ライフテンジンフクオカ,【空港線 天神駅から徒歩圏内】おしゃれな映えホテル！ 無料コワーキングスペース＆テラス付きラウンジ24時間OPEN,5990,120894.12,469449.46,810-0021,福岡県,福岡市中央区今泉1-2-13 レソラ今泉テラス3F,092-753-8695,092-753-8696,西鉄天神大牟田線   福岡天神駅 徒歩 6 分 / 福岡市地下鉄七隈線 天神南駅または薬院駅 徒歩 5 分,無し,西鉄福岡,https://img.travel.rakuten.co.jp/share/HOTEL/182097/182097.jpg,https://img.travel.rakuten.co.jp/HIMG/90/182097.jpg,,,https://img.travel.rakuten.co.jp/share/HOTEL/182097/182097map.gif,233.0,3.92,"狭いシャワールームしかありませんが、…　2026-09-24 18:29:59投稿 <a href=""https://img.travel.rakuten.co.jp/image/tr/api/re/gJNfM/?f_hotel_no=182097"" class=""3click"">つづきはこちら</a>",0sbys,スタジオツイン（サイド バイ サイド）【禁煙】,5902020.0,【返金不可】予定確定でお得に！事前決済スマートステイ［素泊まり］,1,0,0,0,0,2,https://img.travel.rakuten.co.jp/image/tr/api/re/IdsCY/?f_no=182097&f_syu=0sbys&f_hi1=2026-10-03&f_hi2=2026-10-04&f_heya_su=1&f_otona_su=1&f_s1=0&f_s2=0&f_y1=0&f_y2=0&f_y3=0&f_y4=0&f_camp_id=5902020,0,2026-10-03,28738,28738,0,2026-10-03,seibu
187109,ザ　ロイヤルパーク　キャンバス　福岡中洲,https://img.travel.rakuten.co.jp/image/tr/api/re/pvonD/?f_no=187109,https://img.travel.rakuten.co.jp/image/tr/api/re/vFumt/?f_no=187109&f_flg=PLAN,https://img.travel.rakuten.co.jp/image/tr/api/re/WzozX/?noTomariHotel=187109,https://img.travel.rakuten.co.jp/image/tr/api/re/gJNfM/?f_hotel_no=187109,ざ　ろいやるぱーく　きゃんばす　ふくおかなかす,天神中心部にも近いアーバンリゾート。 博多川を望むテラス席を併設したキャンバスラウンジの他、大浴場やサウナ等をご用意。,11900,120929.56,469463.5,810-0801,福岡県,福岡市博多区中洲五丁目6番20号,092-291-1188,092-291-0666,福岡市地下鉄空港線「中洲川端駅」3番出口より徒歩約2分。ビジネスでもレジャーでも便利な立地です。,ホテル近隣のある提携駐車場をご案内しております。詳細につきましては宿ニュースをご確認ください。,中洲川端,https://img.travel.rakuten.co.jp/share/HOTEL/187109/187109.jpg,https://img.travel.rakuten.co.jp/HIMG/90/187109.jpg,,,https://img.travel.rakuten.co.jp/share/HOTEL/187109/187109map.gif,183.0,4.3,"…　2026-09-29 00:02:05投稿 <a href=""https://img.travel.rakuten.co.jp/image/tr/api/re/gJNfM/?f_hotel_no=187109"" class=""3click"">つづきはこちら</a>",rdd,スタンダードダブル【禁煙】,6593095.0,【楽天スーパーSALE】ベーシックプラン＜素泊り＞,1,0,0,0,0,1,https://img.travel.rakuten.co.jp/image/tr/api/re/IdsCY/?f_no=187109&f_syu=rdd&f_hi1=2026-10-03&f_hi2=2026-10-04&f_heya_su=1&f_otona_su=1&f_s1=0&f_s2=0&f_y1=0&f_y2=0&f_y3=0&f_y4=0&f_camp_id=6593095,0,2026-10-03,66150,66150,0,2026-10-03,seibu
84779,グリーンリッチホテル西鉄大橋駅前,https://img.travel.rakuten.co.jp/image/tr/api/re/pvonD/?f_no=84779,https://img.travel.rakuten.co.jp/image/tr/api/re/vFumt/?f_no=84779&f_flg=PLAN,https://img.travel.rakuten.co.jp/image/tr/api/re/WzozX/?noTomariHotel=84779,https://img.travel.rakuten.co.jp/image/tr/api/re/gJNfM/?f_hotel_no=84779,ぐりーんりっちほてるにしてつおおはしえきまえ,天神まで西鉄電車で７分♪　観光やビジネスの拠点に最適な立地です,5300,120800.69,469542.04,815-0033,福岡県,福岡市南区大橋1-7-15,092-552-4400,092-552-4422,天神から西鉄電車で大橋駅下車。JR竹下駅西口から西鉄バスで大橋駅前下車。西鉄大橋駅（西口）を出て右に進み徒歩にて1分。,ホテルの駐車場はございません。近隣の有料駐車場をご案内致します。,大橋（福岡）,https://img.travel.rakuten.co.jp/share/HOTEL/84779/84779.jpg,https://img.travel.rakuten.co.jp/HIMG/90/84779.jpg,https://img.travel.rakuten.co.jp/share/HOTEL/84779/84779_ru.jpg,https://img.travel.rakuten.co.jp/HIMG/INTERIOR/84779.jpg,https://img.travel.rakuten.co.jp/share/HOTEL/84779/84779map.gif,681.0,3.77,"電力が弱かった(急速充電機は不使用…　2026-09-09 15:23:56投稿 <a href=""https://img.travel.rakuten.co.jp/image/tr/api/re/gJNfM/?f_hotel_no=84779"" class=""3click"">つづきはこちら</a>",sns,シングルルーム【禁煙】,6570778.0,【楽天スーパーSALE】シンプルステイ■朝食無料サービス■,1,0,0,1,0,1,https://img.travel.rakuten.co.jp/image/tr/api/re/IdsCY/?f_no=84779&f_syu=sns&f_hi1=2026-10-03&f_hi2=2026-10-04&f_heya_su=1&f_otona_su=1&f_s1=0&f_s2=0&f_y1=0&f_y2=0&f_y3=0&f_y4=0&f_camp_id=6570778,0,2026-10-03,24252,24252,0,2026-10-03,seibu
172982,ザ・ライブリー福岡博多（ＴＨＥ　ＬＩＶＥＬＹ　福岡博多）,https://img.travel.rakuten.co.jp/image/tr/api/re/pvonD/?f_no=172982,https://img.travel.rakuten.co.jp/image/tr/api/re/vFumt/?f_no=172982&f_flg=PLAN,https://img.travel.rakuten.co.jp/image/tr/api/re/WzozX/?noTomariHotel=172982,https://img.travel.rakuten.co.jp/image/tr/api/re/gJNfM/?f_hotel_no=172982,ざ　らいぶりー　はかた　ふくおか,コワーキングスペースやビリヤード、充実したルームサービス、夕方にはフリービール提供。福岡初のライフスタイルホテル。,7040,120925.82,469465.11,810-0801,福岡県,福岡市博多区中洲5-2-18,050-3138-2071, ,地下鉄「中洲川端」駅2番出口より徒歩1分。天神・繁華街まで徒歩圏内。【地下鉄で】博多駅から3分、福岡空港から10分。,1800円/泊　予約不可　車種制限(車高1.6ｍ、車幅1.7ｍ)　7:00-23:00,中洲川端,https://img.travel.rakuten.co.jp/share/HOTEL/172982/172982.jpg,https://img.travel.rakuten.co.jp/HIMG/90/172982.jpg,https://img.travel.rakuten.co.jp/share/HOTEL/172982/172982_kan1.jpg,https://img.travel.rakuten.co.jp/HIMG/INTERIOR/172982.jpg,https://img.travel.rakuten.co.jp/share/HOTEL/172982/172982map.gif,488.0,3.74,"早めに荷物預けて今回はモ…　2026-09-17 10:45:04投稿 <a href=""https://img.travel.rakuten.co.jp/image/tr/api/re/gJNfM/?f_hotel_no=172982"" class=""3click"">つづきはこちら</a>",double,スタンダードダブル（禁煙）,6561656.0,【楽天スーパーSALE】海外気分のデザインホテル！夕方はフリービール提供中（素泊まり）,1,0,0,0,0,1,https://img.travel.rakuten.co.jp/image/tr/api/re/IdsCY/?f_no=172982&f_syu=double&f_hi1=2026-10-03&f_hi2=2026-10-04&f_heya_su=1&f_otona_su=1&f_s1=0&f_s2=0&f_y1=0&f_y2=0&f_y3=0&f_y4=0&f_camp_id=6561656,0,2026-10-03,30800,30800,0,2026-10-03,seibu
183210,ＹＯＵ　ＳＴＹＬＥ　ＨＯＴＥＬ　ＨＡＫＡＴＡ,https://img.travel.rakuten.co.jp/image/tr/api/re/pvonD/?f_no=183210,https://img.travel.rakuten.co.jp/image/tr/api/re/vFumt/?f_no=183210&f_flg=PLAN,https://img.travel.rakuten.co.jp/image/tr/api/re/WzozX/?noTomariHotel=183210,https://img.travel.rakuten.co.jp/image/tr/api/re/gJNfM/?f_hotel_no=183210,ゆー　すたいる　ほてる　はかた,【全室禁煙】2021年10月　新築グランドオープン♪博多座の隣！中洲川端駅からも徒歩3分で便利な立地！,7400,120934.57,469470.12,812-0027,福岡県,福岡市博多区下川端町10-1,092-402-4433,092-402-4432,中洲川端駅より徒歩3分,"有(1,700円/泊)※ホテル内駐車場１台分のみ。※予約制のためホテルに直接お問い合わせください。",中洲川端,https://img.travel.rakuten.co.jp/share/HOTEL/183210/183210.jpg,https://img.travel.rakuten.co.jp/HIMG/90/183210.jpg,,,https://img.travel.rakuten.co.jp/share/HOTEL/183210/183210map.gif,303.0,4.3,"博多座で観劇のために宿泊。博多座の真裏で本当に近い。地下鉄の駅も近く空港からも乗り換えなしですぐ。周辺に飲食店もあるし、大きな繁華街へも簡単にいけます。ロケーション最高です。建物も新しいし、シングルで…　2026-09-12 08:28:48投稿 <a href=""https://img.travel.rakuten.co.jp/image/tr/api/re/gJNfM/?f_hotel_no=183210"" class=""3click"">つづきはこちら</a>",single1,【全室禁煙】セミダブルルーム,5238826.0,★楽天アワード2年連続受賞記念★【素泊まり】2021年10月グランドオープン！全室光触媒除菌導入,1,0,0,0,0,1,https://img.travel.rakuten.co.jp/image/tr/api/re/IdsCY/?f_no=183210&f_syu=single1&f_hi1=2026-10-03&f_hi2=2026-10-04&f_heya_su=1&f_otona_su=1&f_s1=0&f_s2=0&f_y1=0&f_y2=0&f_y3=0&f_y4=0&f_camp_id=5238826,0,2026-10-03,37700,37700,0,2026-10-03,seibu
182669,エスペリアホテル福岡中洲,https://img.travel.rakuten.co.jp/image/tr/api/re/pvonD/?f_no=182669,https://img.travel.rakuten.co.jp/image/tr/api/re/vFumt/?f_no=182669&f_flg=PLAN,https://img.travel.rakuten.co.jp/image/tr/api/re/WzozX/?noTomariHotel=182669,https://img.travel.rakuten.co.jp/image/tr/api/re/gJNfM/?f_hotel_no=182669,えすぺりあほてるふくおかなかす,美容機器ブランド【ＲｅＦａ】ヘアドライヤー・シャワーヘッド全客室導入◆全室バス（orシャワーブース）・洗面・トイレ独立◆,5410,120933.82,469463.56,812-0028,福岡県,福岡市博多区須崎町2-1,092-271-0077,092-271-0078,福岡市地下鉄　中洲川端駅　6番・7番出口　徒歩約3分,無し,中洲川端,https://img.travel.rakuten.co.jp/share/HOTEL/182669/182669.jpg,https://img.travel.rakuten.co.jp/HIMG/90/182669.jpg,,,https://img.travel.rakuten.co.jp/share/HOTEL/182669/182669map.gif,814.0,4.41,"那珂川に近く、徒歩で少し歩けば飲食店も多く、夜は屋台街を覗いて博多の雰囲気を味わいながら博多名物を食…　2026-09-24 21:46:44投稿 <a href=""https://img.travel.rakuten.co.jp/image/tr/api/re/gJNfM/?f_hotel_no=182669"" class=""3click"">つづきはこちら</a>",da,クイーンダブル全室禁煙,6501036.0,☆【朝食付】価格変動型の定番プラン！早期予約がお得♪ ,1,0,0,1,0,1,https://img.travel.rakuten.co.jp/image/tr/api/re/IdsCY/?f_no=182669&f_syu=da&f_hi1=2026-10-03&f_hi2=2026-10-04&f_heya_su=1&f_otona_su=1&f_s1=0&f_s2=0&f_y1=0&f_y2=0&f_y3=0&f_y4=0&f_camp_id=6501036,0,2026-10-03,44600,44600,0,2026-10-03,seibu
196538,福岡プリンスホテル　ももち浜（２０２６年３月１７日開業）,https://img.travel.rakuten.co.jp/image/tr/api/re/pvonD/?f_no=196538,https://img.travel.rakuten.co.jp/image/tr/api/re/vFumt/?f_no=196538&f_flg=PLAN,https://img.travel.rakuten.co.jp/image/tr/api/re/WzozX/?noTomariHotel=196538,https://img.travel.rakuten.co.jp/image/tr/api/re/gJNfM/?f_hotel_no=196538,ふくおかぷりんすほてる　ももちはま（２０２６ねん３がつ１７にち）,2026年3月17日開業｜みずほPayPayドームまでタクシーで約5分と好アクセス♪,10441,120924.37,469270.09,814-0001,福岡県,福岡市早良区百道浜二丁目3番23号,092-400-1806,092-400-2016,地下鉄 西新駅から（最寄駅）：タクシー 約6分／徒歩 約20分,"1泊2,000円。満車時は隣のRKB駐車場のご案内となります。入庫券をフロントへご提示ください。",西新,https://img.travel.rakuten.co.jp/share/HOTEL/196538/196538.jpg,https://img.travel.rakuten.co.jp/HIMG/90/196538.jpg,,,https://img.travel.rakuten.co.jp/share/HOTEL/196538/196538map.gif,102.0,4.56,"野球観戦のために宿泊しました。新しいホテルだけあり、とても清潔て設備の整ったホテルでした。アクセスがとにかく心配でしたが、地下鉄藤崎の駅で下車して、すぐ上の藤崎バスセンターからホテル最寄りの福岡タワー…　2026-09-23 23:29:17投稿 <a href=""https://img.travel.rakuten.co.jp/image/tr/api/re/gJNfM/?f_hotel_no=196538"" class=""3click"">つづきはこちら</a>",mcton,【オーシャンビュー】クラブ スーペリア ツイン,6605078.0,【楽天スーパーSALE】ベーシックレート 室料のみ,1,0,0,0,0,1,https://img.travel.rakuten.co.jp/image/tr/api/re/IdsCY/?f_no=196538&f_syu=mcton&f_hi1=2026-10-03&f_hi2=2026-10-04&f_heya_su=1&f_otona_su=1&f_s1=0&f_s2=0&f_y1=0&f_y2=0&f_y3=0&f_y4=0&f_camp_id=6605078,0,2026-10-03,69695,69695,0,2026-10-03,seibu
1137,ヒルトン福岡シーホーク,https://img.travel.rakuten.co.jp/image/tr/api/re/pvonD/?f_no=1137,https://img.travel.rakuten.co.jp/image/tr/api/re/vFumt/?f_no=1137&f_flg=PLAN,https://img.travel.rakuten.co.jp/image/tr/api/re/WzozX/?noTomariHotel=1137,https://img.travel.rakuten.co.jp/image/tr/api/re/gJNfM/?f_hotel_no=1137,ひるとんふくおかしーほーく,みずほPayPayドーム福岡隣接。全室オーシャンビュー！専用ラウンジ特典付エグゼクティブフロアも魅力。,12683,120928.65,469306.24,810-8650,福岡県,福岡市中央区地行浜2-2-3,092-844-8111,092-844-7899,【バス】天神からW１番で１５分／博多駅から３０６番で３０分→ヒルトン福岡前下車 。,"有り 800台 １泊2,000円(予約不要。チェックイン前の駐車可能）",唐人町,https://img.travel.rakuten.co.jp/share/HOTEL/1137/1137.jpg,https://img.travel.rakuten.co.jp/HIMG/90/1137.jpg,https://img.travel.rakuten.co.jp/share/HOTEL/1137/1137_sgl.jpg,https://img.travel.rakuten.co.jp/HIMG/INTERIOR/1137.jpg,https://img.travel.rakuten.co.jp/share/HOTEL/1137/1137map.gif,4862.0,4.13,,k1e,30・31階　エグゼクティブ キング （禁煙）,6357936.0,【ラウンジ特典付】ワンランク上のホテルステイを満喫（エグゼクティブラウンジのみ朝食無料）2026,1,0,0,1,0,1,https://img.travel.rakuten.co.jp/image/tr/api/re/IdsCY/?f_no=1137&f_syu=k1e&f_hi1=2026-10-03&f_hi2=2026-10-04&f_heya_su=1&f_otona_su=1&f_s1=0&f_s2=0&f_y1=0&f_y2=0&f_y3=0&f_y4=0&f_camp_id=6357936,0,2026-10-03,85397,85397,0,2026-10-03,seibu
9233,平和台ホテル荒戸,https://img.travel.rakuten.co.jp/image/tr/api/re/pvonD/?f_no=9233,https://img.travel.rakuten.co.jp/image/tr/api/re/vFumt/?f_no=9233&f_flg=PLAN,https://img.travel.rakuten.co.jp/image/tr/api/re/WzozX/?noTomariHotel=9233,https://img.travel.rakuten.co.jp/image/tr/api/re/gJNfM/?f_hotel_no=9233,へいわだいほてる　あらと,★全宿泊者軽朝食付★近くにコンビニや飲食店が多数あります♪県民憩いの場の大濠公園や名物の長浜屋台も徒歩圏内！,3320,120919.6,469372.31,810-0062,福岡県,福岡市中央区荒戸1-5-27,092-761-1361,092-761-1365,地下鉄大濠公園駅２番出入口より徒歩３分,有り　6台　要電話予約　料金：1300円（税込／泊）,大濠公園,https://img.travel.rakuten.co.jp/share/HOTEL/9233/9233.jpg,https://img.travel.rakuten.co.jp/HIMG/90/9233.jpg,https://img.travel.rakuten.co.jp/share/HOTEL/9233/9233_kya.jpg,https://img.travel.rakuten.co.jp/HIMG/INTERIOR/9233.jpg,https://img.travel.rakuten.co.jp/share/HOTEL/9233/9233map.gif,1409.0,3.27,,nosg,【禁煙】洋室シングル（クローゼット付）,6366331.0,【事前決済限定】大濠公園駅から徒歩3分！黒田藩福岡城跡徒歩すぐ♪◆おにから朝食付◆,1,0,0,1,0,2,https://img.travel.rakuten.co.jp/image/tr/api/re/IdsCY/?f_no=9233&f_syu=nosg&f_hi1=2026-10-03&f_hi2=2026-10-04&f_heya_su=1&f_otona_su=1&f_s1=0&f_s2=0&f_y1=0&f_y2=0&f_y3=0&f_y4=0&f_camp_id=6366331,0,2026-10-03,22000,22000,0,2026-10-03,seibu
181424,ＫＯＫＯ　ＨＯＴＥＬ　福岡天神,https://img.travel.rakuten.co.jp/image/tr/api/re/pvonD/?f_no=181424,https://img.travel.rakuten.co.jp/image/tr/api/re/vFumt/?f_no=181424&f_flg=PLAN,https://img.travel.rakuten.co.jp/image/tr/api/re/WzozX/?noTomariHotel=181424,https://img.travel.rakuten.co.jp/image/tr/api/re/gJNfM/?f_hotel_no=181424,ここほてる　ふくおかてんじん,天神南駅から徒歩4分。福岡の中心地天神に位置し、観光やグルメ、買物はもちろんビジネスにも最適！,6345,120900.93,469446.52,810-0021,福岡県,福岡市中央区今泉1-22-14,092-714-5445,092-714-5466,「天神南」駅より徒歩4分,無し,西鉄福岡,https://img.travel.rakuten.co.jp/share/HOTEL/181424/181424.jpg,https://img.travel.rakuten.co.jp/HIMG/90/181424.jpg,,,https://img.travel.rakuten.co.jp/share/HOTEL/181424/181424map.gif,351.0,4.18,"立地も良く快適に過ごせました　2026-09-24 14:52:31投稿 <a href=""https://img.travel.rakuten.co.jp/image/tr/api/re/gJNfM/?f_hotel_no=181424"" class=""3click"">つづきはこちら</a>",roh,お部屋タイプおまかせ,6246481.0,【お日にち限定】お部屋タイプおまかせプラン  / 素泊り,1,0,0,0,0,1,https://img.travel.rakuten.co.jp/image/tr/api/re/IdsCY/?f_no=181424&f_syu=roh&f_hi1=2026-10-03&f_hi2=2026-10-04&f_heya_su=1&f_otona_su=1&f_s1=0&f_s2=0&f_y1=0&f_y2=0&f_y3=0&f_y4=0&f_camp_id=6246481,0,2026-10-03,31020,31020,0,2026-10-03,seibu
9234,平和台ホテル天神,https://img.travel.rakuten.co.jp/image/tr/api/re/pvonD/?f_no=9234,https://img.travel.rakuten.co.jp/image/tr/api/re/vFumt/?f_no=9234&f_flg=PLAN,https://img.travel.rakuten.co.jp/image/tr/api/re/WzozX/?noTomariHotel=9234,https://img.travel.rakuten.co.jp/image/tr/api/re/gJNfM/?f_hotel_no=9234,へいわだいほてる　てんじん,地下鉄『天神駅』より徒歩10分！ビジネス・グルメにGoodな立地♪宿泊者の皆様におにぎり唐揚げセットの朝食付！,4275,120924.36,469422.01,810-0073,福岡県,福岡市中央区舞鶴1-5-6,092-737-1000,092-737-1003,地下鉄天神駅4番出口より徒歩約10分/福岡空港・博多駅より地下鉄で1本！天神バスセンターより徒歩12分,有り　8台　1500円/1泊（税込）※事前にお電話のご予約が必要です　TEL092-737-1000,西鉄福岡,https://img.travel.rakuten.co.jp/share/HOTEL/9234/9234.jpg,https://img.travel.rakuten.co.jp/HIMG/90/9234.jpg,https://img.travel.rakuten.co.jp/share/HOTEL/9234/9234_room.jpg,https://img.travel.rakuten.co.jp/HIMG/INTERIOR/9234.jpg,https://img.travel.rakuten.co.jp/share/HOTEL/9234/9234map.gif,1337.0,3.82,,sa,シングルルーム　【喫煙】　全室加湿空気清浄機　Wi-Fi無料,6513697.0,【事前決済限定】◆おにから朝食セット無料・サラダ・味噌汁付き◆【サウナ利用なし】,1,0,0,1,0,2,https://img.travel.rakuten.co.jp/image/tr/api/re/IdsCY/?f_no=9234&f_syu=sa&f_hi1=2026-10-03&f_hi2=2026-10-04&f_heya_su=1&f_otona_su=1&f_s1=0&f_s2=0&f_y1=0&f_y2=0&f_y3=0&f_y4=0&f_camp_id=6513697,0,2026-10-03,23000,23000,0,2026-10-03,seibu
187405,ザ・リッツ・カールトン福岡,https://img.travel.rakuten.co.jp/image/tr/api/re/pvonD/?f_no=187405,https://img.travel.rakuten.co.jp/image/tr/api/re/vFumt/?f_no=187405&f_flg=PLAN,https://img.travel.rakuten.co.jp/image/tr/api/re/WzozX/?noTomariHotel=187405,https://img.travel.rakuten.co.jp/image/tr/api/re/gJNfM/?f_hotel_no=187405,ざ・りっつ・かーるとんふくおか,23年6月開業。福岡の中心部に、6つのダイニングとバー、スパ、クラブラウンジを備えたラグジュアリーホテルが誕生。,57934,120910.77,469429.68,810-0041,福岡県,福岡市中央区大名2-6-50 福岡大名ガーデンシティ,092-401-8888,092-401-8889,地下鉄空港線「天神駅」から徒歩５分　または　「福岡空港」からお車にて約１５分,有り　100台　3000円（税込み／泊）　先着順,天神,https://img.travel.rakuten.co.jp/share/HOTEL/187405/187405.jpg,https://img.travel.rakuten.co.jp/HIMG/90/187405.jpg,,,https://img.travel.rakuten.co.jp/share/HOTEL/187405/187405map.gif,47.0,4.76,"今回もホテリエの皆さんのおかげでリフレッシュできました。　2026-09-05 13:15:10投稿 <a href=""https://img.travel.rakuten.co.jp/image/tr/api/re/gJNfM/?f_hotel_no=187405"" class=""3click"">つづきはこちら</a>",dkng,プレミアムキング パークビュー,5709379.0,【Marriott Bonvoy会員対象プラン】フレキシブル　レート 【宿泊のみ】,1,0,0,0,0,2,https://img.travel.rakuten.co.jp/image/tr/api/re/IdsCY/?f_no=187405&f_syu=dkng&f_hi1=2026-10-03&f_hi2=2026-10-04&f_heya_su=1&f_otona_su=1&f_s1=0&f_s2=0&f_y1=0&f_y2=0&f_y3=0&f_y4=0&f_camp_id=5709379,0,2026-10-03,241615,241615,0,2026-10-03,seibu
9230,平和台ホテル　ファイブ,https://img.travel.rakuten.co.jp/image/tr/api/re/pvonD/?f_no=9230,https://img.travel.rakuten.co.jp/image/tr/api/re/vFumt/?f_no=9230&f_flg=PLAN,https://img.travel.rakuten.co.jp/image/tr/api/re/WzozX/?noTomariHotel=9230,https://img.travel.rakuten.co.jp/image/tr/api/re/gJNfM/?f_hotel_no=9230,へいわだいほてる　ふぁいぶ,イベント盛りだくさんのみずほPayPayドーム福岡は徒歩で行ける便利な立地！近隣には居酒屋やコンビニ・スーパーもあります,2900,120908.63,469335.26,810-0054,福岡県,福岡市中央区今川1-4-2,092-732-5000,092-722-0181,地下鉄「唐人町」駅２番出口より徒歩1分（エレベーター利用の場合は7番出口より徒歩5分）,"有り　8台　平面駐車場をご希望の方は必ずお電話にてご予約ください。　料金：1,500円（税込／泊）",唐人町,https://img.travel.rakuten.co.jp/share/HOTEL/9230/9230.jpg,https://img.travel.rakuten.co.jp/HIMG/90/9230.jpg,https://img.travel.rakuten.co.jp/share/HOTEL/9230/9230_room.jpg,https://img.travel.rakuten.co.jp/HIMG/INTERIOR/9230.jpg,https://img.travel.rakuten.co.jp/share/HOTEL/9230/9230map.gif,1040.0,3.7,,sgl-no,【エコノミーセミダブル】★禁煙★　＜1名〜2名＞,6147295.0,【5％OFF】【楽天スーパーSALE】朝食ついてないけど良いですか？ドームまで徒歩圏内！◇素泊り◇,1,0,0,0,0,1,https://img.travel.rakuten.co.jp/image/tr/api/re/IdsCY/?f_no=9230&f_syu=sgl-no&f_hi1=2026-10-03&f_hi2=2026-10-04&f_heya_su=1&f_otona_su=1&f_s1=0&f_s2=0&f_y1=0&f_y2=0&f_y3=0&f_y4=0&f_camp_id=6147295,0,2026-10-03,22800,22800,0,2026-10-03,seibu
12562,ザ・レジデンシャルスイート・福岡,https://img.travel.rakuten.co.jp/image/tr/api/re/pvonD/?f_no=12562,https://img.travel.rakuten.co.jp/image/tr/api/re/vFumt/?f_no=12562&f_flg=PLAN,https://img.travel.rakuten.co.jp/image/tr/api/re/WzozX/?noTomariHotel=12562,https://img.travel.rakuten.co.jp/image/tr/api/re/gJNfM/?f_hotel_no=12562,ざ・れじでんしゃるすいーと・ふくおか,★全室44平米以上でミニキッチン＆電子レンジ完備★ドームまで徒歩約10分！★ファミリー、野球観戦、コンサートなどに最適♪,5200,120912.72,469288.88,814-0001,福岡県,福岡市早良区百道浜1-3-70,092-846-8585,092-846-8588,★車で福岡都市高速経由百道出口約2分★地下鉄『西新駅』１番出口より徒歩10分★バスで天神・博多から医師会館前まで約20分,有り　135台　\1650/泊（税込）　平置き/車高2.3ｍ迄　,西新,https://img.travel.rakuten.co.jp/share/HOTEL/12562/12562.jpg,https://img.travel.rakuten.co.jp/HIMG/90/12562.jpg,https://img.travel.rakuten.co.jp/share/HOTEL/12562/12562_t.jpg,https://img.travel.rakuten.co.jp/HIMG/INTERIOR/12562.jpg,https://img.travel.rakuten.co.jp/share/HOTEL/12562/12562map.gif,5351.0,4.09,,mt2345,【喫煙】モデレートツインルーム（４４平米）,5066589.0,【ベーシック】くつろぎのラグジュアリーステイ★40㎡以上の広々とした客室が人気のホテル（素泊まり）,1,0,0,0,0,1,https://img.travel.rakuten.co.jp/image/tr/api/re/IdsCY/?f_no=12562&f_syu=mt2345&f_hi1=2026-10-03&f_hi2=2026-10-04&f_heya_su=1&f_otona_su=1&f_s1=0&f_s2=0&f_y1=0&f_y2=0&f_y3=0&f_y4=0&f_camp_id=5066589,0,2026-10-03,24000,24000,0,2026-10-03,seibu
182101,福岡ユウベルホテル,https://img.travel.rakuten.co.jp/image/tr/api/re/pvonD/?f_no=182101,https://img.travel.rakuten.co.jp/image/tr/api/re/vFumt/?f_no=182101&f_flg=PLAN,https://img.travel.rakuten.co.jp/image/tr/api/re/WzozX/?noTomariHotel=182101,https://img.travel.rakuten.co.jp/image/tr/api/re/gJNfM/?f_hotel_no=182101,ふくおかゆうべるほてる,福岡の中心、薬院のホテルです。天神エリアまで徒歩圏内、疲れを癒す大浴場有。ビジネス、観光の拠点として最適なホテルです。,6730,120888.07,469427.19,810-0023,福岡県,福岡市中央区警固1-9-3,092-761-0345,092-761-0367,地下鉄七隈線「薬院大通駅」徒歩5分,有 4台 1500円/泊　先着順　※チェックインの際にホテル敷地以外への一時停車はしないでください,薬院,https://img.travel.rakuten.co.jp/share/HOTEL/182101/182101.jpg,https://img.travel.rakuten.co.jp/HIMG/90/182101.jpg,,,https://img.travel.rakuten.co.jp/share/HOTEL/182101/182101map.gif,335.0,4.3,"行きつけの飲食店まで徒歩圏内で最高です。　2026-09-22 19:27:20投稿 <a href=""https://img.travel.rakuten.co.jp/image/tr/api/re/gJNfM/?f_hotel_no=182101"" class=""3click"">つづきはこちら</a>",ra020,ツイン【禁煙】,5435498.0,【15％OFF】【楽天スーパーSALE】福岡を満喫♪ 大浴場でゆったり！ビジネス・観光に！＜素泊り＞,1,0,0,0,0,1,https://img.travel.rakuten.co.jp/image/tr/api/re/IdsCY/?f_no=182101&f_syu=ra020&f_hi1=2026-10-03&f_hi2=2026-10-04&f_heya_su=1&f_otona_su=1&f_s1=0&f_s2=0&f_y1=0&f_y2=0&f_y3=0&f_y4=0&f_camp_id=5435498,0,2026-10-03,29190,29190,0,2026-10-03,seibu
182563,コンフォートイン福岡天神,https://img.travel.rakuten.co.jp/image/tr/api/re/pvonD/?f_no=182563,https://img.travel.rakuten.co.jp/image/tr/api/re/vFumt/?f_no=182563&f_flg=PLAN,https://img.travel.rakuten.co.jp/image/tr/api/re/WzozX/?noTomariHotel=182563,https://img.travel.rakuten.co.jp/image/tr/api/re/gJNfM/?f_hotel_no=182563,こんふぉーといんふくおかてんじん,地下鉄空港線「天神」駅16番出口より徒約5分◆九州最大の繁華街「中洲屋台街」まで徒歩約7分◆小学6年生まで添い寝無料,5900,120910.27,469461.25,810-0001,福岡県,福岡市中央区天神1-2-1,092-711-2811,092-711-2812,天神南駅5番出口徒歩約1分◆天神駅16番出口徒歩約5分◆博多バスターミナルA・E・F乗り場より春吉停留所下車、徒歩約1分,"敷地内駐車場　身体障碍者用1台　1泊（15:00〜10:00）2,000円　先着順",天神,https://img.travel.rakuten.co.jp/share/HOTEL/182563/182563.jpg,https://img.travel.rakuten.co.jp/HIMG/90/182563.jpg,,,https://img.travel.rakuten.co.jp/share/HOTEL/182563/182563map.gif,473.0,3.92,"街中でアクセスも良く、料金が高騰している福岡ではとてもリーズナブルに泊まれて良かったです。朝食のコメダ珈琲の宿泊者オリジナルメニューもとても良かったです。ウエルカムドリンクがフロントに設置されていてこ…　2026-09-08 19:48:22投稿 <a href=""https://img.travel.rakuten.co.jp/image/tr/api/re/gJNfM/?f_hotel_no=182563"" class=""3click"">つづきはこちら</a>",nds,１ベッド◆ダブルスタンダード◆多機能シャワーブース浴室◆禁煙,5080242.0,自由きままな Comfort stay◆天神南駅から徒歩1分◆素泊まり,1,0,0,0,0,1,https://img.travel.rakuten.co.jp/image/tr/api/re/IdsCY/?f_no=182563&f_syu=nds&f_hi1=2026-10-03&f_hi2=2026-10-04&f_heya_su=1&f_otona_su=1&f_s1=0&f_s2=0&f_y1=0&f_y2=0&f_y3=0&f_y4=0&f_camp_id=5080242,0,2026-10-03,36000,36000,0,2026-10-03,seibu
173037,ナインアワーズ中洲川端駅,https://img.travel.rakuten.co.jp/image/tr/api/re/pvonD/?f_no=173037,https://img.travel.rakuten.co.jp/image/tr/api/re/vFumt/?f_no=173037&f_flg=PLAN,,https://img.travel.rakuten.co.jp/image/tr/api/re/gJNfM/?f_hotel_no=173037,ないんあわーず　なかすかわばたえき,【2019年8月9日オープン！】地下鉄直結。雨でも安心。福岡中心部にあり抜群のアクセス。観光・ビジネスの活動拠点に。,3400,120930.83,469469.44,812-0027,福岡県,福岡市博多区下川端町3-1　博多リバレインモールＢ1Ｆ,092-283-8755,092-283-8766,福岡市地下鉄中洲川端駅直結,無し,中洲川端,https://img.travel.rakuten.co.jp/share/HOTEL/173037/173037.jpg,https://img.travel.rakuten.co.jp/HIMG/90/173037.jpg,,,https://img.travel.rakuten.co.jp/share/HOTEL/173037/173037map.gif,321.0,4.16,"しいて言うなら、目覚ましを携帯でかける人がずっと気が付かずに、アラームやら音楽を止めずに寝てるので、どうにか…　2026-09-04 12:52:32投稿 <a href=""https://img.travel.rakuten.co.jp/image/tr/api/re/gJNfM/?f_hotel_no=173037"" class=""3click"">つづきはこちら</a>",f01,女性用スリーピングポッド 禁煙（通常）,4811492.0,スタンダードプラン！◆地下鉄「中洲川端駅」直結,1,0,0,0,0,1,https://img.travel.rakuten.co.jp/image/tr/api/re/IdsCY/?f_no=173037&f_syu=f01&f_hi1=2026-10-03&f_hi2=2026-10-04&f_heya_su=1&f_otona_su=1&f_s1=0&f_s2=0&f_y1=0&f_y2=0&f_y3=0&f_y4=0&f_camp_id=4811492,0,2026-10-03,15200,15200,1,2026-10-03,seibu
181718,ホテルＪＡＬシティ福岡　天神,https://img.travel.rakuten.co.jp/image/tr/api/re/pvonD/?f_no=181718,https://img.travel.rakuten.co.jp/image/tr/api/re/vFumt/?f_no=181718&f_flg=PLAN,https://img.travel.rakuten.co.jp/image/tr/api/re/WzozX/?noTomariHotel=181718,https://img.travel.rakuten.co.jp/image/tr/api/re/gJNfM/?f_hotel_no=181718,ほてるじゃるしてぃふくおか　てんじん,2021年3月開業！空港・博多駅を結ぶ地下鉄赤坂駅3番出口より徒歩1分の好立地！！,11250,120909.95,469417.35,810-0041,福岡県,福岡市中央区大名2-12-5,092-718-7558,092-718-7567,福岡市営地下鉄赤坂駅3番出口より徒歩1分,"立体駐車場あり(台数26台・2,000円/泊) 予約不可",赤坂（福岡）,https://img.travel.rakuten.co.jp/share/HOTEL/181718/181718.jpg,https://img.travel.rakuten.co.jp/HIMG/90/181718.jpg,,,https://img.travel.rakuten.co.jp/share/HOTEL/181718/181718map.gif,555.0,4.46,"比較的綺麗で交通の便が良いため利用してます。タオルかけが洗面台の手前にしかないタイプなので、衛生的にサイドの壁にあるといいなと思っています。いつも景色がビルだったのが今回福岡タワー方面が見えたのは心地…　2026-09-22 12:57:59投稿 <a href=""https://img.travel.rakuten.co.jp/image/tr/api/re/gJNfM/?f_hotel_no=181718"" class=""3click"">つづきはこちら</a>",mq,モデレートクイーン／21平米・禁煙,5878900.0,【5％OFF】【楽天スーパーSALE】全客室21平米以上！洗い場付きの広々バスルーム(室料のみ),1,0,0,0,0,1,https://img.travel.rakuten.co.jp/image/tr/api/re/IdsCY/?f_no=181718&f_syu=mq&f_hi1=2026-10-03&f_hi2=2026-10-04&f_heya_su=1&f_otona_su=1&f_s1=0&f_s2=0&f_y1=0&f_y2=0&f_y3=0&f_y4=0&f_camp_id=5878900,0,2026-10-03,47500,47500,0,2026-10-03,seibu
187300,ウェルキャビン天神【男性専用】,https://img.travel.rakuten.co.jp/image/tr/api/re/pvonD/?f_no=187300,https://img.travel.rakuten.co.jp/image/tr/api/re/vFumt/?f_no=187300&f_flg=PLAN,,https://img.travel.rakuten.co.jp/image/tr/api/re/gJNfM/?f_hotel_no=187300,うぇるきゃびんてんじん　だんせいせんよう,コスパとアクセス重視ならココ！半個室つきキャビンが大人気！天神南駅徒歩2分、西鉄福岡駅徒歩4分,3492,120902.55,469458.07,810-0004,福岡県,福岡市中央区渡辺通5-21-5,050-1807-3497,092-406-5951,福岡市営地下鉄七隈線　天神南駅6番口より徒歩2分 西鉄天神大牟田線　西鉄福岡（天神）駅南口より徒歩4分,無し,西鉄福岡,https://img.travel.rakuten.co.jp/share/HOTEL/187300/187300.jpg,https://img.travel.rakuten.co.jp/HIMG/90/187300.jpg,,,https://img.travel.rakuten.co.jp/share/HOTEL/187300/187300map.gif,241.0,3.98,"たとえヘベレケに…　2026-09-27 16:31:23投稿 <a href=""https://img.travel.rakuten.co.jp/image/tr/api/re/gJNfM/?f_hotel_no=187300"" class=""3click"">つづきはこちら</a>",m01_pax,スタンダードキャビン【男性専用】,5916541.0,返金不可・オンライン決済プラン,1,0,0,0,0,2,https://img.travel.rakuten.co.jp/image/tr/api/re/IdsCY/?f_no=187300&f_syu=m01_pax&f_hi1=2026-10-03&f_hi2=2026-10-04&f_heya_su=1&f_otona_su=1&f_s1=0&f_s2=0&f_y1=0&f_y2=0&f_y3=0&f_y4=0&f_camp_id=5916541,0,2026-10-03,18071,18071,0,2026-10-03,seibu
9232,平和台ホテル大手門（旧　球場前別館）,https://img.travel.rakuten.co.jp/image/tr/api/re/pvonD/?f_no=9232,https://img.travel.rakuten.co.jp/image/tr/api/re/vFumt/?f_no=9232&f_flg=PLAN,https://img.travel.rakuten.co.jp/image/tr/api/re/WzozX/?noTomariHotel=9232,https://img.travel.rakuten.co.jp/image/tr/api/re/gJNfM/?f_hotel_no=9232,へいわだいほてる　おおてもん,全部屋Wi-Fi利用できます！目の前には舞鶴公園が広がりジョギングに最適♪,3087,120908.58,469390.01,810-0074,福岡県,福岡市中央区大手門1-5-4,092-741-4422,092-731-7585,地下鉄大濠公園駅より徒歩6分 地下鉄赤坂駅１番出入口より徒歩7分　,有り　4台　事前電話予約制(092-741-4422)　1500円（税込／泊）,赤坂（福岡）,https://img.travel.rakuten.co.jp/share/HOTEL/9232/9232.jpg,https://img.travel.rakuten.co.jp/HIMG/90/9232.jpg,https://img.travel.rakuten.co.jp/share/HOTEL/9232/9232_kya.jpg,https://img.travel.rakuten.co.jp/HIMG/INTERIOR/9232.jpg,https://img.travel.rakuten.co.jp/share/HOTEL/9232/9232map.gif,1019.0,3.58,,myst,部屋タイプおまかせ,6394633.0,【返金不可プラン】自然豊かな大濠公園まで徒歩8分♪PayPayドームまで車で10分◆おにから朝食付◆,1,0,0,1,0,2,https://img.travel.rakuten.co.jp/image/tr/api/re/IdsCY/?f_no=9232&f_syu=myst&f_hi1=2026-10-03&f_hi2=2026-10-04&f_heya_su=1&f_otona_su=1&f_s1=0&f_s2=0&f_y1=0&f_y2=0&f_y3=0&f_y4=0&f_camp_id=6394633,0,2026-10-03,21000,21000,0,2026-10-03,seibu
178294,三井ガーデンホテル福岡中洲,https://img.travel.rakuten.co.jp/image/tr/api/re/pvonD/?f_no=178294,https://img.travel.rakuten.co.jp/image/tr/api/re/vFumt/?f_no=178294&f_flg=PLAN,https://img.travel.rakuten.co.jp/image/tr/api/re/WzozX/?noTomariHotel=178294,https://img.travel.rakuten.co.jp/image/tr/api/re/gJNfM/?f_hotel_no=178294,みついがーでんほてるふくおかなかす,地下鉄空港線中洲川端駅より徒歩約２分の好立地。最上階には大浴場をご用意♪,7623,120926.91,469463.85,810-0801,福岡県,福岡市博多区中洲5-5-1,092-263-5531,092-263-6631,地下鉄空港線　中洲川端駅中洲改札口2番出口より徒歩にて約２分,有り　24台　２，０００円（税込/泊）　先着順　 ※車両制限あり。詳細は公式HPをご確認ください。,中洲川端,https://img.travel.rakuten.co.jp/share/HOTEL/178294/178294.jpg,https://img.travel.rakuten.co.jp/HIMG/90/178294.jpg,,,https://img.travel.rakuten.co.jp/share/HOTEL/178294/178294map.gif,487.0,4.17,"朝食バイキングのお寿司が美味しくて最高でした。キャナルシティ、天神へ歩いて行けるので立地も最高です。　2026-09-28 13:38:18投稿 <a href=""https://img.travel.rakuten.co.jp/image/tr/api/re/gJNfM/?f_hotel_no=178294"" class=""3click"">つづきはこちら</a>",stdd2,スタンダードダブル（バスタブ）,6564686.0,【楽天スーパーSALE】ベーシックプラン＜素泊り＞,1,0,0,0,0,1,https://img.travel.rakuten.co.jp/image/tr/api/re/IdsCY/?f_no=178294&f_syu=stdd2&f_hi1=2026-10-03&f_hi2=2026-10-04&f_heya_su=1&f_otona_su=1&f_s1=0&f_s2=0&f_y1=0&f_y2=0&f_y3=0&f_y4=0&f_camp_id=6564686,0,2026-10-03,54243,54243,0,2026-10-03,seibu
201,アークホテルロイヤル福岡天神　－ルートインホテルズ－,https://img.travel.rakuten.co.jp/image/tr/api/re/pvonD/?f_no=201,https://img.travel.rakuten.co.jp/image/tr/api/re/vFumt/?f_no=201&f_flg=PLAN,https://img.travel.rakuten.co.jp/image/tr/api/re/WzozX/?noTomariHotel=201,https://img.travel.rakuten.co.jp/image/tr/api/re/gJNfM/?f_hotel_no=201,あーくほてるろいやるふくおかてんじん,■地下鉄 天神駅より徒歩6分■福岡名物を数多く取り揃えた 和洋朝食バイキングが好評■緑広がる都会のオアシス！,6110,120927.19,469434.77,810-0001,福岡県,福岡市中央区天神3-13-20,092-724-2222,092-724-2211,地下鉄「天神駅」から徒歩６分。ＪＲ「博多駅」から車で10分。福岡市都市高速天神北ランプ）降りてすぐ,安国駐車場　17:00〜翌10:00　￥800  ,天神,https://img.travel.rakuten.co.jp/share/HOTEL/201/201.jpg,https://img.travel.rakuten.co.jp/HIMG/90/201.jpg,https://img.travel.rakuten.co.jp/share/HOTEL/201/201_room.jpg,https://img.travel.rakuten.co.jp/HIMG/INTERIOR/201.jpg,https://img.travel.rakuten.co.jp/share/HOTEL/201/201map.gif,1852.0,4.14,,sw,◇セミダブル（禁煙） １５．５平米 ベッド幅１２０ｃｍ,4158679.0,【5％OFF】【楽天スーパーSALE】お部屋持ち込み可能な無料コミックコーナーOPEN＜食事無し＞,1,0,0,0,0,1,https://img.travel.rakuten.co.jp/image/tr/api/re/IdsCY/?f_no=201&f_syu=sw&f_hi1=2026-10-03&f_hi2=2026-10-04&f_heya_su=1&f_otona_su=1&f_s1=0&f_s2=0&f_y1=0&f_y2=0&f_y3=0&f_y4=0&f_camp_id=4158679,0,2026-10-03,31730,31730,0,2026-10-03,seibu
183373,ランプライトブックスホテル福岡,https://img.travel.rakuten.co.jp/image/tr/api/re/pvonD/?f_no=183373,https://img.travel.rakuten.co.jp/image/tr/api/re/vFumt/?f_no=183373&f_flg=PLAN,https://img.travel.rakuten.co.jp/image/tr/api/re/WzozX/?noTomariHotel=183373,https://img.travel.rakuten.co.jp/image/tr/api/re/gJNfM/?f_hotel_no=183373,らんぷらいとぶっくすほてるふくおか,本の世界を旅する新感覚ホテル。2021年12月福岡初進出！	【24時間営業！BOOKS＆CAFE併設】,7990,120901.2,469431.54,810-0041,福岡県,福岡市中央区大名1-15-22,092-720-7711,092-751-7733,地下鉄空港線「天神駅」下車　3番出口より徒歩8分、または「赤坂駅」下車　5番出口より徒歩6分,無し/近隣のコインパーキングへのご案内になります。,天神,https://img.travel.rakuten.co.jp/share/HOTEL/183373/183373.jpg,https://img.travel.rakuten.co.jp/HIMG/90/183373.jpg,,,https://img.travel.rakuten.co.jp/share/HOTEL/183373/183373map.gif,102.0,4.48,"とても綺麗で落ち着いた雰囲気があり初めての福岡でしたが、とても安心して過ごす事が出来ました。1階にカフェがあるのもとても嬉しいです。チェックイン時に、ラテとバスクチーズケーキを注文しお部屋へ持って行け…　2026-09-16 12:00:36投稿 <a href=""https://img.travel.rakuten.co.jp/image/tr/api/re/gJNfM/?f_hotel_no=183373"" class=""3click"">つづきはこちら</a>",dst,スタンダードダブル【禁煙】,5360067.0,【10％OFF】【楽天スーパーSALE】スタンダードプラン 《素泊り》,1,0,0,0,0,1,https://img.travel.rakuten.co.jp/image/tr/api/re/IdsCY/?f_no=183373&f_syu=dst&f_hi1=2026-10-03&f_hi2=2026-10-04&f_heya_su=1&f_otona_su=1&f_s1=0&f_s2=0&f_y1=0&f_y2=0&f_y3=0&f_y4=0&f_camp_id=5360067,0,2026-10-03,32850,32850,0,2026-10-03,seibu
168795,変なホテル福岡　博多,https://img.travel.rakuten.co.jp/image/tr/api/re/pvonD/?f_no=168795,https://img.travel.rakuten.co.jp/image/tr/api/re/vFumt/?f_no=168795&f_flg=PLAN,https://img.travel.rakuten.co.jp/image/tr/api/re/WzozX/?noTomariHotel=168795,https://img.travel.rakuten.co.jp/image/tr/api/re/gJNfM/?f_hotel_no=168795,へんなほてるふくおか　はかた,2023年6月19日からラウンジOPEN！ドリンク・アルコール・朝食はご宿泊のお客様なら無料！人気の観光地も徒歩圏内！,6710,120926.9,469460.56,810-0801,福岡県,福岡市博多区中洲5-4-19,050-5576-8380,03-6695-6660,中洲川端駅より徒歩３分／天神駅より徒歩５分／福岡空港より電車で９分,"提携駐車場「Dパーキング中洲5丁目第一／第三／第六」24時間2,500円",中洲川端,https://img.travel.rakuten.co.jp/share/HOTEL/168795/168795.jpg,https://img.travel.rakuten.co.jp/HIMG/90/168795.jpg,https://img.travel.rakuten.co.jp/share/HOTEL/168795/168795_kan1.jpg,https://img.travel.rakuten.co.jp/HIMG/INTERIOR/168795.jpg,https://img.travel.rakuten.co.jp/share/HOTEL/168795/168795map.gif,1138.0,4.15,"おまかせ部屋プランがお安くなっていたので泊まりました。立地も良く、ラウンジサービスもあってすごく良かったです！　2026-09-23 21:28:34投稿 <a href=""https://img.travel.rakuten.co.jp/image/tr/api/re/gJNfM/?f_hotel_no=168795"" class=""3click"">つづきはこちら</a>",2019011601,シングルルーム【禁煙】,6581324.0,【楽天スーパーSALE】変なホテル福岡 博多☆宿泊プラン＜宿泊者限定ラウンジ利用無料＞,1,0,0,1,0,1,https://img.travel.rakuten.co.jp/image/tr/api/re/IdsCY/?f_no=168795&f_syu=2019011601&f_hi1=2026-10-03&f_hi2=2026-10-04&f_heya_su=1&f_otona_su=1&f_s1=0&f_s2=0&f_y1=0&f_y2=0&f_y3=0&f_y4=0&f_camp_id=6581324,0,2026-10-03,39425,39425,0,2026-10-03,seibu
196680,クインテッサホテル福岡渡辺通　Ｃｏｍｉｃ＆Ｂｏｏｋｓ,https://img.travel.rakuten.co.jp/image/tr/api/re/pvonD/?f_no=196680,https://img.travel.rakuten.co.jp/image/tr/api/re/vFumt/?f_no=196680&f_flg=PLAN,,https://img.travel.rakuten.co.jp/image/tr/api/re/gJNfM/?f_hotel_no=196680,くいんてっさほてるふくおかわたなべどおりこみっくあんどぶっくす,ホテル自慢の”MANGA Library”で時間を忘れるほどの非日常をご体感ください。,4050,120879.13,469483.94,810-0005,福岡県,福岡市中央区清川2-6-23,092-401-1211,--,七隈線渡辺通駅 2番出口より徒歩9分。天神エリアから徒歩圏内の好立地,"有：料金1,500円 ※先着順",博多,https://img.travel.rakuten.co.jp/share/HOTEL/196680/196680.jpg,https://img.travel.rakuten.co.jp/HIMG/90/196680.jpg,,,https://img.travel.rakuten.co.jp/share/HOTEL/196680/196680map.gif,77.0,3.9,"近隣にコンビニや飲食店、少し歩けば大通りに繋が…　2026-08-15 18:09:16投稿 <a href=""https://img.travel.rakuten.co.jp/image/tr/api/re/gJNfM/?f_hotel_no=196680"" class=""3click"">つづきはこちら</a>",dtw,デラックスツイン,6250828.0,【スタンダードプラン】観光や家族旅行に。福岡ステイの拠点に最適（素泊まり）,1,0,0,0,0,1,https://img.travel.rakuten.co.jp/image/tr/api/re/IdsCY/?f_no=196680&f_syu=dtw&f_hi1=2026-10-03&f_hi2=2026-10-04&f_heya_su=1&f_otona_su=1&f_s1=0&f_s2=0&f_y1=0&f_y2=0&f_y3=0&f_y4=0&f_camp_id=6250828,0,2026-10-03,32600,32600,0,2026-10-03,seibu
166925,ホテルゆめや,https://img.travel.rakuten.co.jp/image/tr/api/re/pvonD/?f_no=166925,https://img.travel.rakuten.co.jp/image/tr/api/re/vFumt/?f_no=166925&f_flg=PLAN,https://img.travel.rakuten.co.jp/image/tr/api/re/WzozX/?noTomariHotel=166925,https://img.travel.rakuten.co.jp/image/tr/api/re/gJNfM/?f_hotel_no=166925,ゆめや,天神まで徒歩15分と最高の立地です。スーパー・コンビニも近く便利♪　　全館禁煙となっております。,4700,120874.6,469455.75,810-0013,福岡県,福岡市中央区大宮1-1-24,092-524-7588,092-736-8882,西鉄　薬院駅より徒歩にて約２分,有り　2台　予約不可　先着順 1日１０００円,薬院,https://img.travel.rakuten.co.jp/share/HOTEL/166925/166925.jpg,https://img.travel.rakuten.co.jp/HIMG/90/166925.jpg,https://img.travel.rakuten.co.jp/share/HOTEL/166925/166925_kan1.jpg,https://img.travel.rakuten.co.jp/HIMG/INTERIOR/166925.jpg,https://img.travel.rakuten.co.jp/share/HOTEL/166925/166925map.gif,156.0,3.62,"宿泊前日に急に1人から2人に変更したのですが、快く対応してくださり、スタッフの方も良い方でした！　2026-09-18 19:53:41投稿 <a href=""https://img.travel.rakuten.co.jp/image/tr/api/re/gJNfM/?f_hotel_no=166925"" class=""3click"">つづきはこちら</a>",yumeya0203,スタンダード　ダブルルーム　プラン　,6405114.0,楽天トラベル限定,1,0,0,0,0,2,https://img.travel.rakuten.co.jp/image/tr/api/re/IdsCY/?f_no=166925&f_syu=yumeya0203&f_hi1=2026-10-03&f_hi2=2026-10-04&f_heya_su=1&f_otona_su=1&f_s1=0&f_s2=0&f_y1=0&f_y2=0&f_y3=0&f_y4=0&f_camp_id=6405114,0,2026-10-03,25000,25000,0,2026-10-03,seibu
176752,ザ・ミレニアルズ福岡（Ｔｈｅ　Ｍｉｌｌｅｎｎｉａｌｓ　福岡）,https://img.travel.rakuten.co.jp/image/tr/api/re/pvonD/?f_no=176752,https://img.travel.rakuten.co.jp/image/tr/api/re/vFumt/?f_no=176752&f_flg=PLAN,https://img.travel.rakuten.co.jp/image/tr/api/re/WzozX/?noTomariHotel=176752,https://img.travel.rakuten.co.jp/image/tr/api/re/gJNfM/?f_hotel_no=176752,ざ　みれにあるず　ふくおか,「スマートポッド」という未来型の宿泊体験。コワーキングスペース、ビリヤードに加え、夕方にはフリービール提供中！,5900,120925.76,469464.98,810-0801,福岡県,福岡市博多区中洲5-2-18,092-262-2009,092-262-1909,「THE LIVELY 福岡博多」内。地下鉄「中洲川端」駅2番出口より徒歩1分。天神・繁華街まで徒歩圏内。,"1,800円 予約不可。車種制限(車高1.6ｍ、車幅1.7ｍ)",中洲川端,https://img.travel.rakuten.co.jp/share/HOTEL/176752/176752.jpg,https://img.travel.rakuten.co.jp/HIMG/90/176752.jpg,https://img.travel.rakuten.co.jp/share/HOTEL/176752/176752_kan1.jpg,https://img.travel.rakuten.co.jp/HIMG/INTERIOR/176752.jpg,https://img.travel.rakuten.co.jp/share/HOTEL/176752/176752map.gif,170.0,3.94,"スーツケースはベッドの下に入れられるの便利だった。また、チェックインの手続きは自分のスマホで済ませるのすごく便利！朝お荷物を預けに行って、その後自分の…　2026-09-24 21:43:50投稿 <a href=""https://img.travel.rakuten.co.jp/image/tr/api/re/gJNfM/?f_hotel_no=176752"" class=""3click"">つづきはこちら</a>",ao,スマートポッド - すべての性別,6420373.0,【男女混合エリア】充実したパブリックスペース＆夕方はフリービール提供中♪（素泊まり）,1,0,0,0,0,1,https://img.travel.rakuten.co.jp/image/tr/api/re/IdsCY/?f_no=176752&f_syu=ao&f_hi1=2026-10-03&f_hi2=2026-10-04&f_heya_su=1&f_otona_su=1&f_s1=0&f_s2=0&f_y1=0&f_y2=0&f_y3=0&f_y4=0&f_camp_id=6420373,0,2026-10-03,20300,20300,0,2026-10-03,seibu
67832,ザ・ワンファイブテラス福岡,https://img.travel.rakuten.co.jp/image/tr/api/re/pvonD/?f_no=67832,https://img.travel.rakuten.co.jp/image/tr/api/re/vFumt/?f_no=67832&f_flg=PLAN,https://img.travel.rakuten.co.jp/image/tr/api/re/WzozX/?noTomariHotel=67832,https://img.travel.rakuten.co.jp/image/tr/api/re/gJNfM/?f_hotel_no=67832,ざ　わんふぁいぶてらす　ふくおか,ご宿泊の皆さまをウェルカムサービスでおもてなし。博多の中心。 喧騒から一歩離れたエリアに建つ プライベートリゾート,7500,120910.25,469475.1,810-0003,福岡県,福岡市中央区春吉3-14-36,0570-075-015,092-726-6190,■地下鉄「中洲川端」駅1番出口より徒歩8分■地下鉄七隈線「天神南」駅6番出口より徒歩7分,駐車場あり(先着順・予約不可)  2500円/ 1泊,中洲川端,https://img.travel.rakuten.co.jp/share/HOTEL/67832/67832.jpg,https://img.travel.rakuten.co.jp/HIMG/90/67832.jpg,https://img.travel.rakuten.co.jp/share/HOTEL/67832/67832_kya.jpg,https://img.travel.rakuten.co.jp/HIMG/INTERIOR/67832.jpg,https://img.travel.rakuten.co.jp/share/HOTEL/67832/67832map.gif,2112.0,4.24,"ホテルまでのアクセスも悪くない。部屋の清潔さはそこまで綺麗ではないので気にする方にはおすすめしない。　2026-09-27 22:57:17投稿 <a href=""https://img.travel.rakuten.co.jp/image/tr/api/re/gJNfM/?f_hotel_no=67832"" class=""3click"">つづきはこちら</a>",s2n,スーペリアツイン,4921604.0,「ザ・ワンファイブ」ステイ（素泊まり）,1,0,0,0,0,1,https://img.travel.rakuten.co.jp/image/tr/api/re/IdsCY/?f_no=67832&f_syu=s2n&f_hi1=2026-10-03&f_hi2=2026-10-04&f_heya_su=1&f_otona_su=1&f_s1=0&f_s2=0&f_y1=0&f_y2=0&f_y3=0&f_y4=0&f_camp_id=4921604,0,2026-10-03,46800,46800,0,2026-10-03,seibu
168796,東急ステイ福岡天神,https://img.travel.rakuten.co.jp/image/tr/api/re/pvonD/?f_no=168796,https://img.travel.rakuten.co.jp/image/tr/api/re/vFumt/?f_no=168796&f_flg=PLAN,https://img.travel.rakuten.co.jp/image/tr/api/re/WzozX/?noTomariHotel=168796,https://img.travel.rakuten.co.jp/image/tr/api/re/gJNfM/?f_hotel_no=168796,とうきゅう　すてい　ふくおか　てんじん,★楽天ブロンズアワード2023受賞☆小学生以下添い寝無料プランあり！全室洗濯乾燥機付！天神南駅から徒歩3分,10140,120909.97,469466.23,810-0003,福岡県,福岡市中央区春吉3-21-24,092-762-0109,092-762-0106,福岡空港より福岡市地下鉄空港線で5駅、地下鉄天神駅16番出口より徒歩7分/地下鉄七隈線天神南駅6番出口より徒歩3分,無。ホテル隣接のコインパーキング「トラストパーク春吉3丁目3」をご利用ください（提携駐車場無し）,博多,https://img.travel.rakuten.co.jp/share/HOTEL/168796/168796.jpg,https://img.travel.rakuten.co.jp/HIMG/90/168796.jpg,,,https://img.travel.rakuten.co.jp/share/HOTEL/168796/168796map.gif,846.0,4.41,"お部屋に洗濯機、電子レンジがあり大変重宝しました。中洲や天神にも近く大変便利な立地でした！Refaのシャンプー、ドライヤーも良かったですが、フロント近くのコーヒーマシーンや給水機がすごく良かったです。…　2026-09-12 16:47:24投稿 <a href=""https://img.travel.rakuten.co.jp/image/tr/api/re/gJNfM/?f_hotel_no=168796"" class=""3click"">つづきはこちら</a>",wrn2new,レジデンシャルダブル【禁煙】19平米／洗濯機・ミニキッチン付,5686760.0,【5％OFF】【楽天スーパーSALE】ビジネス＆観光の拠点に！全室洗濯乾燥機付き【1名】（素泊）,10,0,0,0,0,1,https://img.travel.rakuten.co.jp/image/tr/api/re/IdsCY/?f_no=168796&f_syu=wrn2new&f_hi1=2026-10-03&f_hi2=2026-10-04&f_heya_su=1&f_otona_su=1&f_s1=0&f_s2=0&f_y1=0&f_y2=0&f_y3=0&f_y4=0&f_camp_id=5686760,0,2026-10-03,53450,53450,0,2026-10-03,seibu
184507,クロスライフ博多天神（オリックスホテルズ＆リゾーツ）,https://img.travel.rakuten.co.jp/image/tr/api/re/pvonD/?f_no=184507,https://img.travel.rakuten.co.jp/image/tr/api/re/vFumt/?f_no=184507&f_flg=PLAN,https://img.travel.rakuten.co.jp/image/tr/api/re/WzozX/?noTomariHotel=184507,https://img.travel.rakuten.co.jp/image/tr/api/re/gJNfM/?f_hotel_no=184507,くろすらいふはかたてんじん（おりっくすほてるず＆りぞーと）,【地下鉄七隈線「天神南」駅 6番出口より徒歩7分】、【大浴場・サウナ】【スマートTV】完備。,8100,120904.02,469472.41,810-0003,福岡県,福岡市中央区春吉3-26-30,092-733-0130,092-733-8780,・地下鉄七隈線「天神南」駅 6番出口より徒歩7分,有り　22台　1700円（税込み／泊）　要予約,天神,https://img.travel.rakuten.co.jp/share/HOTEL/184507/184507.jpg,https://img.travel.rakuten.co.jp/HIMG/90/184507.jpg,,,https://img.travel.rakuten.co.jp/share/HOTEL/184507/184507map.gif,138.0,4.28,"新しいスタイルでとても洗練されています。照明デザインが素晴らしいです。サウナも最高でした。立地が良くフロントの方々感じがよく、終始居心地が良いホテルです。また利用したいです。　2026-09-20 12:21:32投稿 <a href=""https://img.travel.rakuten.co.jp/image/tr/api/re/gJNfM/?f_hotel_no=184507"" class=""3click"">つづきはこちら</a>",01,コンフォートダブル,5944205.0,【返金不可】素泊まり ドリンクチケット付き,1,0,0,0,0,2,https://img.travel.rakuten.co.jp/image/tr/api/re/IdsCY/?f_no=184507&f_syu=01&f_hi1=2026-10-03&f_hi2=2026-10-04&f_heya_su=1&f_otona_su=1&f_s1=0&f_s2=0&f_y1=0&f_y2=0&f_y3=0&f_y4=0&f_camp_id=5944205,0,2026-10-03,53900,53900,0,2026-10-03,seibu
198902,ＢＡＳＥ　ＬＡＹＥＲ　ＨＯＴＥＬ　福岡,https://img.travel.rakuten.co.jp/image/tr/api/re/pvonD/?f_no=198902,https://img.travel.rakuten.co.jp/image/tr/api/re/vFumt/?f_no=198902&f_flg=PLAN,https://img.travel.rakuten.co.jp/image/tr/api/re/WzozX/?noTomariHotel=198902,https://img.travel.rakuten.co.jp/image/tr/api/re/gJNfM/?f_hotel_no=198902,べーすれいやーほてるふくおか,快適な滞在と楽しい街遊びを支える基礎的機能ホテル,7425,120879.62,469476.79,810-0005,福岡県,福岡市中央区清川1-14-15,092-406-1256,092-406-1257,福岡市地下鉄七隈線「渡辺通駅」より徒歩7分・西鉄天神大牟田線「薬院駅」より徒歩10分,なし,天神,https://img.travel.rakuten.co.jp/share/HOTEL/198902/198902.jpg,https://img.travel.rakuten.co.jp/HIMG/90/198902.jpg,,,https://img.travel.rakuten.co.jp/share/HOTEL/198902/198902map.gif,52.0,4.15,"やっと部屋に入るとテレビのリモコンがきかないと言う事でスタッフさんに対応してもらいました。ただベッドまわりのとこにお客の私達…　2026-09-24 20:49:33投稿 <a href=""https://img.travel.rakuten.co.jp/image/tr/api/re/gJNfM/?f_hotel_no=198902"" class=""3click"">つづきはこちら</a>",k,キングルーム,6605288.0,【楽天スーパーSALE】STANDARD_素泊,1,0,0,0,0,1,https://img.travel.rakuten.co.jp/image/tr/api/re/IdsCY/?f_no=198902&f_syu=k&f_hi1=2026-10-03&f_hi2=2026-10-04&f_heya_su=1&f_otona_su=1&f_s1=0&f_s2=0&f_y1=0&f_y2=0&f_y3=0&f_y4=0&f_camp_id=6605288,0,2026-10-03,38896,38896,0,2026-10-03,seibu
179384,ホテルリブマックス博多中洲,https://img.travel.rakuten.co.jp/image/tr/api/re/pvonD/?f_no=179384,https://img.travel.rakuten.co.jp/image/tr/api/re/vFumt/?f_no=179384&f_flg=PLAN,https://img.travel.rakuten.co.jp/image/tr/api/re/WzozX/?noTomariHotel=179384,https://img.travel.rakuten.co.jp/image/tr/api/re/gJNfM/?f_hotel_no=179384,ほてるりぶまっくすはかたなかす,【2020年3月新築OPEN】中洲川端駅から徒歩２分！博多・天神徒歩圏内！,5185,120927.09,469461.09,810-0801,福岡県,福岡市博多区中洲5-4-21,092-273-0050,092-273-0051,地下鉄空港線・箱崎線　中州川端駅より徒歩にて約2分／地下鉄空港線　天神駅より徒歩にて約８分,近隣にコインパーキングあり　※提携はしておりません　満車の場合はご容赦下さい。,中洲川端,https://img.travel.rakuten.co.jp/share/HOTEL/179384/179384.jpg,https://img.travel.rakuten.co.jp/HIMG/90/179384.jpg,,,https://img.travel.rakuten.co.jp/share/HOTEL/179384/179384map.gif,299.0,3.52,"ただ、部屋に入った瞬間からおしっこの臭いがかなり強く感じられました。犬専用のお部屋なので、多少の臭いはある程度覚悟…　2026-08-12 13:59:36投稿 <a href=""https://img.travel.rakuten.co.jp/image/tr/api/re/gJNfM/?f_hotel_no=179384"" class=""3click"">つづきはこちら</a>",dog,ワンちゃん同伴部屋【ベッド幅120cm×195cm　1台】,5816504.0,【Dog×Stay】ワンちゃん同伴宿泊プラン【直前予約限定でポイント１０倍付き】【素泊り】,10,0,0,0,0,1,https://img.travel.rakuten.co.jp/image/tr/api/re/IdsCY/?f_no=179384&f_syu=dog&f_hi1=2026-10-03&f_hi2=2026-10-04&f_heya_su=1&f_otona_su=1&f_s1=0&f_s2=0&f_y1=0&f_y2=0&f_y3=0&f_y4=0&f_camp_id=5816504,0,2026-10-03,37000,37000,0,2026-10-03,seibu
31929,ニッセイホテル福岡,https://img.travel.rakuten.co.jp/image/tr/api/re/pvonD/?f_no=31929,https://img.travel.rakuten.co.jp/image/tr/api/re/vFumt/?f_no=31929&f_flg=PLAN,https://img.travel.rakuten.co.jp/image/tr/api/re/WzozX/?noTomariHotel=31929,https://img.travel.rakuten.co.jp/image/tr/api/re/gJNfM/?f_hotel_no=31929,にっせいほてるふくおか,◆駅から徒歩で4分の好立地◆福岡へのご旅行＆ご出張にお勧め～♪,6290,120910.87,469405.32,810-0042,福岡県,福岡市中央区赤坂1-15-31,092-732-0900,092-732-0909,地下鉄赤坂駅から徒歩4分。,無　(当館の3軒隣に一般のコインパーキング有、24時間で1400円、各自様でご利用頂いております。),赤坂（福岡）,https://img.travel.rakuten.co.jp/share/HOTEL/31929/31929.jpg,https://img.travel.rakuten.co.jp/HIMG/90/31929.jpg,https://img.travel.rakuten.co.jp/share/HOTEL/31929/31929_r1.jpg,https://img.travel.rakuten.co.jp/HIMG/INTERIOR/31929.jpg,https://img.travel.rakuten.co.jp/share/HOTEL/31929/31929map.gif,1254.0,3.32,"お部屋はそれなりの狭さと設備も古めでしたが、価…　2026-09-23 16:06:08投稿 <a href=""https://img.travel.rakuten.co.jp/image/tr/api/re/gJNfM/?f_hotel_no=31929"" class=""3click"">つづきはこちら</a>",rr2,【喫煙】セミトリプル（ベッド2台、3名利用）,6455561.0,【素泊まり_★返金不可★】シンプルステイプラン♪,1,0,0,0,0,2,https://img.travel.rakuten.co.jp/image/tr/api/re/IdsCY/?f_no=31929&f_syu=rr2&f_hi1=2026-10-03&f_hi2=2026-10-04&f_heya_su=1&f_otona_su=1&f_s1=0&f_s2=0&f_y1=0&f_y2=0&f_y3=0&f_y4=0&f_camp_id=6455561,0,2026-10-03,27075,27075,1,2026-10-03,seibu
184468,ＨＯＴＥＬ　ＦＵＮ,https://img.travel.rakuten.co.jp/image/tr/api/re/pvonD/?f_no=184468,https://img.travel.rakuten.co.jp/image/tr/api/re/vFumt/?f_no=184468&f_flg=PLAN,https://img.travel.rakuten.co.jp/image/tr/api/re/WzozX/?noTomariHotel=184468,https://img.travel.rakuten.co.jp/image/tr/api/re/gJNfM/?f_hotel_no=184468,ほてる　ふぁん,併設個室サウナあります。（テンジンサウナ・予約制）福岡の中心でお手頃価格で宿泊。好立地が魅力,5000,120896.03,469450.63,810-0021,福岡県,福岡市中央区今泉1-9-2 天神ダイヨシビル3F,092-791-7779,092-791-7779,天神駅　南出口より徒歩5分,駐車場はございませんので近隣のコインパーキングをご利用くださいませ,天神,https://img.travel.rakuten.co.jp/share/HOTEL/184468/184468.jpg,https://img.travel.rakuten.co.jp/HIMG/90/184468.jpg,,,https://img.travel.rakuten.co.jp/share/HOTEL/184468/184468map.gif,77.0,4.13,"ここは思い出深い！施設もきれいだし何回でもいきたいてすね！値段がもう少し低ければ！笑　2026-09-27 18:49:05投稿 <a href=""https://img.travel.rakuten.co.jp/image/tr/api/re/gJNfM/?f_hotel_no=184468"" class=""3click"">つづきはこちら</a>",p1,洋室セミダブルルーム（トイレ・シャワー別）,6614469.0,【事前決済返金不可プラン】天神エリア・個室サウナが同フロアに！（個室サウナは別途予約・別料金）,1,0,0,0,0,2,https://img.travel.rakuten.co.jp/image/tr/api/re/IdsCY/?f_no=184468&f_syu=p1&f_hi1=2026-10-03&f_hi2=2026-10-04&f_heya_su=1&f_otona_su=1&f_s1=0&f_s2=0&f_y1=0&f_y2=0&f_y3=0&f_y4=0&f_camp_id=6614469,0,2026-10-03,32400,32400,0,2026-10-03,seibu
184508,クロスライフ博多柳橋（オリックスホテルズ＆リゾーツ）,https://img.travel.rakuten.co.jp/image/tr/api/re/pvonD/?f_no=184508,https://img.travel.rakuten.co.jp/image/tr/api/re/vFumt/?f_no=184508&f_flg=PLAN,https://img.travel.rakuten.co.jp/image/tr/api/re/WzozX/?noTomariHotel=184508,https://img.travel.rakuten.co.jp/image/tr/api/re/gJNfM/?f_hotel_no=184508,くろすらいふはかたやなぎばし（おりっくすほてるず＆りぞーと）,【地下鉄七隈線「渡辺通」駅2番出口より徒歩6分】、【スマートTV】全室完備。,6600,120887.06,469476.79,810-0003,福岡県,福岡市中央区春吉1-6-5,092-733-3900,092-733-3751,・地下鉄七隈線「渡辺通」駅2番出口より徒歩6分,有り　15台　1700円（税込み／泊）　要予約,中洲川端,https://img.travel.rakuten.co.jp/share/HOTEL/184508/184508.jpg,https://img.travel.rakuten.co.jp/HIMG/90/184508.jpg,,,https://img.travel.rakuten.co.jp/share/HOTEL/184508/184508map.gif,84.0,4.54,"又利用したいと思います。有り難う御座いました。　2026-09-14 13:47:48投稿 <a href=""https://img.travel.rakuten.co.jp/image/tr/api/re/gJNfM/?f_hotel_no=184508"" class=""3click"">つづきはこちら</a>",02,コンフォートダブル,5944186.0,【返金不可】素泊まり ドリンクチケット付き,1,0,0,0,0,2,https://img.travel.rakuten.co.jp/image/tr/api/re/IdsCY/?f_no=184508&f_syu=02&f_hi1=2026-10-03&f_hi2=2026-10-04&f_heya_su=1&f_otona_su=1&f_s1=0&f_s2=0&f_y1=0&f_y2=0&f_y3=0&f_y4=0&f_camp_id=5944186,0,2026-10-03,43450,43450,0,2026-10-03,seibu
130510,ヒルトップリゾート　福岡,https://img.travel.rakuten.co.jp/image/tr/api/re/pvonD/?f_no=130510,https://img.travel.rakuten.co.jp/image/tr/api/re/vFumt/?f_no=130510&f_flg=PLAN,https://img.travel.rakuten.co.jp/image/tr/api/re/WzozX/?noTomariHotel=130510,https://img.travel.rakuten.co.jp/image/tr/api/re/gJNfM/?f_hotel_no=130510,ひるとっぷりぞーと　ふくおか,福岡市街を一望できる絶好のロケーション。ヒルトップスパ＆男女別大浴場＆Wi-Fi完備,8700,120849.91,469386.21,810-0032,福岡県,福岡市中央区輝国1-1-33,092-771-2131,092-771-8888,■福岡空港より車で30分■博多駅より車で15分/バス（58番で20分、56・57番で40分）■桜坂駅より徒歩で15分,有り　平面駐車場19台・地下駐車場36台　無料,,https://img.travel.rakuten.co.jp/share/HOTEL/130510/130510.jpg,https://img.travel.rakuten.co.jp/HIMG/90/130510.jpg,https://img.travel.rakuten.co.jp/share/HOTEL/130510/130510_kya.jpg,https://img.travel.rakuten.co.jp/HIMG/INTERIOR/130510.jpg,https://img.travel.rakuten.co.jp/share/HOTEL/130510/130510map.gif,255.0,4.43,"夜景も美しく、食事はいいから飲み物だけで量高やないか聞いたところ快くOKしてくださいました。…　2026-09-23 17:15:39投稿 <a href=""https://img.travel.rakuten.co.jp/image/tr/api/re/gJNfM/?f_hotel_no=130510"" class=""3click"">つづきはこちら</a>",hti,スタンダードツイン インサイド(洋室),6566033.0,【10％OFF】【楽天スーパーSALE】ベーシックステイプラン[朝食付],1,0,0,1,0,1,https://img.travel.rakuten.co.jp/image/tr/api/re/IdsCY/?f_no=130510&f_syu=hti&f_hi1=2026-10-03&f_hi2=2026-10-04&f_heya_su=1&f_otona_su=1&f_s1=0&f_s2=0&f_y1=0&f_y2=0&f_y3=0&f_y4=0&f_camp_id=6566033,0,2026-10-03,39900,39900,0,2026-10-03,seibu
182484,ホテルオリエンタルエクスプレス福岡天神,https://img.travel.rakuten.co.jp/image/tr/api/re/pvonD/?f_no=182484,https://img.travel.rakuten.co.jp/image/tr/api/re/vFumt/?f_no=182484&f_flg=PLAN,https://img.travel.rakuten.co.jp/image/tr/api/re/WzozX/?noTomariHotel=182484,https://img.travel.rakuten.co.jp/image/tr/api/re/gJNfM/?f_hotel_no=182484,ほてるおりえんたるえくすぷれすふくおかてんじん,地下鉄空港線「天神駅」西1番出口より徒歩1分。★ビジネス・観光・paypayドーム・お買い物にアクセス抜群◎,8940,120920.0,469436.92,810-0001,福岡県,福岡市中央区天神3-3-14,092-401-1905,092-401-1906,地下鉄空港線「天神駅」西1番出口より徒歩1分,契約駐車場有（安国駐車場　17：00〜翌10：00　800円 　ホテルより徒歩3分）,天神,https://img.travel.rakuten.co.jp/share/HOTEL/182484/182484.jpg,https://img.travel.rakuten.co.jp/HIMG/90/182484.jpg,,,https://img.travel.rakuten.co.jp/share/HOTEL/182484/182484map.gif,312.0,3.44,"ユニットバスのカーテンが少し匂うのと、アメニティに髭剃りが無かったことが残念でした。朝食は美味しかったです。　2026-06-13 13:26:13投稿 <a href=""https://img.travel.rakuten.co.jp/image/tr/api/re/gJNfM/?f_hotel_no=182484"" class=""3click"">つづきはこちら</a>",sda,■スタンダードダブル 14平米（禁煙・シモンズベッド）,6585944.0,【楽天スーパーSALE】出張や推し活に★天神駅西1番出口徒歩1分！(朝食ブッフェ付）,1,0,0,1,0,1,https://img.travel.rakuten.co.jp/image/tr/api/re/IdsCY/?f_no=182484&f_syu=sda&f_hi1=2026-10-03&f_hi2=2026-10-04&f_heya_su=1&f_otona_su=1&f_s1=0&f_s2=0&f_y1=0&f_y2=0&f_y3=0&f_y4=0&f_camp_id=6585944,0,2026-10-03,44820,44820,0,2026-10-03,seibu
183253,ＵＮＰＬＡＮ　Ｆｕｋｕｏｋａ,https://img.travel.rakuten.co.jp/image/tr/api/re/pvonD/?f_no=183253,https://img.travel.rakuten.co.jp/image/tr/api/re/vFumt/?f_no=183253&f_flg=PLAN,,https://img.travel.rakuten.co.jp/image/tr/api/re/gJNfM/?f_hotel_no=183253,あんぷらん　ふくおか,【大濠公園駅から徒歩１分】コンビニまで徒歩約30秒、PayPayドームまでのアクセス抜群◎長期滞在にも人気なホステル！,4864,120913.53,469376.25,810-0074,福岡県,福岡市中央区大手門3-4-1,092-406-7704,092-406-7704,■福岡空港より空港線の大濠公園駅下車 4番出口から徒歩1分  ■PayPayドームまでバスで９分,提携の駐車場はございません。近隣の駐車場をご利用ください。,大濠公園,https://img.travel.rakuten.co.jp/share/HOTEL/183253/183253.jpg,https://img.travel.rakuten.co.jp/HIMG/90/183253.jpg,,,https://img.travel.rakuten.co.jp/share/HOTEL/183253/183253map.gif,151.0,3.78,"寝れそうです。　2026-08-22 23:24:02投稿 <a href=""https://img.travel.rakuten.co.jp/image/tr/api/re/gJNfM/?f_hotel_no=183253"" class=""3click"">つづきはこちら</a>",dormitory,男女共用ドミトリールーム,5241271.0,【返金不可】【無料朝食付き】ドミトリー・PODルーム★大濠公園駅から徒歩１分◎,1,0,0,1,0,2,https://img.travel.rakuten.co.jp/image/tr/api/re/IdsCY/?f_no=183253&f_syu=dormitory&f_hi1=2026-10-03&f_hi2=2026-10-04&f_heya_su=1&f_otona_su=1&f_s1=0&f_s2=0&f_y1=0&f_y2=0&f_y3=0&f_y4=0&f_camp_id=5241271,0,2026-10-03,18202,18202,0,2026-10-03,seibu
40839,ザ・ワンファイブ福岡天神,https://img.travel.rakuten.co.jp/image/tr/api/re/pvonD/?f_no=40839,https://img.travel.rakuten.co.jp/image/tr/api/re/vFumt/?f_no=40839&f_flg=PLAN,https://img.travel.rakuten.co.jp/image/tr/api/re/WzozX/?noTomariHotel=40839,https://img.travel.rakuten.co.jp/image/tr/api/re/gJNfM/?f_hotel_no=40839,ざ　わんふぁいぶ　ふくおか　てんじん,福岡空港から地下鉄に乗り乗換不要で14分。博多駅からも乗換不要で9分です。観光にも便利な西鉄福岡（天神）駅へも4分です。,5362,120914.22,469429.19,810-0041,福岡県,福岡市中央区大名2-8-12,0570-003-515,092-739-0220,地下鉄『天神駅』1番出口より徒歩3分 ※1番出口が一時閉鎖中のため4番出口をご利用ください,なし ※周辺のコインパーキングをご案内します。,天神,https://img.travel.rakuten.co.jp/share/HOTEL/40839/40839.jpg,https://img.travel.rakuten.co.jp/HIMG/90/40839.jpg,https://img.travel.rakuten.co.jp/share/HOTEL/40839/40839_ky.jpg,https://img.travel.rakuten.co.jp/HIMG/INTERIOR/40839.jpg,https://img.travel.rakuten.co.jp/share/HOTEL/40839/40839map.gif,2130.0,3.63,"安いですが壁、床かなり薄く、全く寝られませんでした。　2026-09-20 13:42:53投稿 <a href=""https://img.travel.rakuten.co.jp/image/tr/api/re/gJNfM/?f_hotel_no=40839"" class=""3click"">つづきはこちら</a>",qn2,スタンダードクイーン,4894220.0,「ザ・ワンファイブ」ステイ,1,0,0,0,0,1,https://img.travel.rakuten.co.jp/image/tr/api/re/IdsCY/?f_no=40839&f_syu=qn2&f_hi1=2026-10-03&f_hi2=2026-10-04&f_heya_su=1&f_otona_su=1&f_s1=0&f_s2=0&f_y1=0&f_y2=0&f_y3=0&f_y4=0&f_camp_id=4894220,0,2026-10-03,25350,25350,0,2026-10-03,seibu
181253,ホテルリブマックス福岡天神ＷＥＳＴ,https://img.travel.rakuten.co.jp/image/tr/api/re/pvonD/?f_no=181253,https://img.travel.rakuten.co.jp/image/tr/api/re/vFumt/?f_no=181253&f_flg=PLAN,https://img.travel.rakuten.co.jp/image/tr/api/re/WzozX/?noTomariHotel=181253,https://img.travel.rakuten.co.jp/image/tr/api/re/gJNfM/?f_hotel_no=181253,りぶまっくす　ふくおかてんじん　うえすと,2020年9月グランドオープン！♪赤坂駅徒歩約３分！電子レンジ付ホテル♪,4888,120912.6,469416.5,810-0041,福岡県,福岡市中央区大名2-11-23,092-717-2250,092-717-2251,地下鉄空港線　赤坂駅より徒歩にて約３分,無し　近隣のコインパーキングをご利用ください※当ホテル隣のテナント様の駐車場はご利用頂けません,赤坂（福岡）,https://img.travel.rakuten.co.jp/share/HOTEL/181253/181253.jpg,https://img.travel.rakuten.co.jp/HIMG/90/181253.jpg,,,https://img.travel.rakuten.co.jp/share/HOTEL/181253/181253map.gif,259.0,3.55,"部屋もきれいで、また福岡に来る事があれば、利用したいと思います。　2026-06-13 13:29:28投稿 <a href=""https://img.travel.rakuten.co.jp/image/tr/api/re/gJNfM/?f_hotel_no=181253"" class=""3click"">つづきはこちら</a>",sin-kitsu,★シングルルーム★喫煙★セミダブルベッド,5741409.0, 【リブマックスセール】《15％OFF》ホテルリブマックス福岡天神ＷＥＳＴ【素泊り】,1,0,0,0,0,1,https://img.travel.rakuten.co.jp/image/tr/api/re/IdsCY/?f_no=181253&f_syu=sin-kitsu&f_hi1=2026-10-03&f_hi2=2026-10-04&f_heya_su=1&f_otona_su=1&f_s1=0&f_s2=0&f_y1=0&f_y2=0&f_y3=0&f_y4=0&f_camp_id=5741409,0,2026-10-03,42500,42500,0,2026-10-03,seibu
179190,ガーデンテラス福岡ホテル＆リゾート,https://img.travel.rakuten.co.jp/image/tr/api/re/pvonD/?f_no=179190,https://img.travel.rakuten.co.jp/image/tr/api/re/vFumt/?f_no=179190&f_flg=PLAN,https://img.travel.rakuten.co.jp/image/tr/api/re/WzozX/?noTomariHotel=179190,https://img.travel.rakuten.co.jp/image/tr/api/re/gJNfM/?f_hotel_no=179190,がーでんてらすふくおかほてるあんどりぞーと,■全室ジャグジー付スイート／ワインやカクテルなどを取り揃えた宿泊者専用クラブラウンジ■～自由を愉しむ上質のホテルステイ～,13900,120928.11,469153.76,819-0001,福岡県,福岡市西区小戸2-3-55,092-881-0067,092-881-0066,姪浜駅よりお車にて約５分／福岡空港よりお車にて約３０分,有り　５０台　無料　先着順,姪浜,https://img.travel.rakuten.co.jp/share/HOTEL/179190/179190.jpg,https://img.travel.rakuten.co.jp/HIMG/90/179190.jpg,https://img.travel.rakuten.co.jp/share/HOTEL/179190/179190_kan1.jpg,https://img.travel.rakuten.co.jp/HIMG/INTERIOR/179190.jpg,https://img.travel.rakuten.co.jp/share/HOTEL/179190/179190map.gif,239.0,4.55,"価格帯がお安くはないホテルなので、客層が良かったように思います。お部屋は広くてとても綺麗で、フリードリンク＆スナックもあって嬉しかったです。夕食は鉄板焼きディナーを選択しましたが、私の分だけあらかじめ…　2026-09-25 21:59:43投稿 <a href=""https://img.travel.rakuten.co.jp/image/tr/api/re/gJNfM/?f_hotel_no=179190"" class=""3click"">つづきはこちら</a>",yd04,おまかせ客室｜ジャグジー付,5561786.0,【直前割／30％OFF】＜素泊まり＞ 自由を愉しむ都会のオアシスステイ,1,0,0,0,0,1,https://img.travel.rakuten.co.jp/image/tr/api/re/IdsCY/?f_no=179190&f_syu=yd04&f_hi1=2026-10-03&f_hi2=2026-10-04&f_heya_su=1&f_otona_su=1&f_s1=0&f_s2=0&f_y1=0&f_y2=0&f_y3=0&f_y4=0&f_camp_id=5561786,0,2026-10-03,83900,83900,0,2026-10-03,seibu
192810,ザ・ゲートホテル福岡　ｂｙ　ＨＵＬＩＣ,https://img.travel.rakuten.co.jp/image/tr/api/re/pvonD/?f_no=192810,https://img.travel.rakuten.co.jp/image/tr/api/re/vFumt/?f_no=192810&f_flg=PLAN,https://img.travel.rakuten.co.jp/image/tr/api/re/WzozX/?noTomariHotel=192810,https://img.travel.rakuten.co.jp/image/tr/api/re/gJNfM/?f_hotel_no=192810,ざ・げーとほてるふくおかばいひゅーりっく,天神駅直結。最上階からは博多湾を一望。福岡をテーマにした空間で、九州の美食とともに特別な時をお届けします。,14447,120915.04,469439.69,810-0001,福岡県,福岡市中央区天神2-8-49,092-406-2605,092-406-2676,地下鉄空港線「天神」駅より直結。西改札出口を出て右手奥。,無し,天神,https://img.travel.rakuten.co.jp/share/HOTEL/192810/192810.jpg,https://img.travel.rakuten.co.jp/HIMG/90/192810.jpg,,,https://img.travel.rakuten.co.jp/share/HOTEL/192810/192810map.gif,109.0,4.44,"博多湾や福岡の街を一望できるロビーや…　2026-09-01 21:08:43投稿 <a href=""https://img.travel.rakuten.co.jp/image/tr/api/re/gJNfM/?f_hotel_no=192810"" class=""3click"">つづきはこちら</a>",ctn,Classy　クラッシー ツイン 禁煙,6607862.0,【楽天スーパーSALE】福岡・天神駅直結、新たな賑わいの拠点　 素泊まり,1,0,0,0,0,1,https://img.travel.rakuten.co.jp/image/tr/api/re/IdsCY/?f_no=192810&f_syu=ctn&f_hi1=2026-10-03&f_hi2=2026-10-04&f_heya_su=1&f_otona_su=1&f_s1=0&f_s2=0&f_y1=0&f_y2=0&f_y3=0&f_y4=0&f_camp_id=6607862,0,2026-10-03,79537,79537,0,2026-10-03,seibu
17532,ホテルモントレ　ラ・スール福岡,https://img.travel.rakuten.co.jp/image/tr/api/re/pvonD/?f_no=17532,https://img.travel.rakuten.co.jp/image/tr/api/re/vFumt/?f_no=17532&f_flg=PLAN,https://img.travel.rakuten.co.jp/image/tr/api/re/WzozX/?noTomariHotel=17532,https://img.travel.rakuten.co.jp/image/tr/api/re/gJNfM/?f_hotel_no=17532,もんとれ　ら・すーる　ふくおか,【天神地下鉄4番出口より徒歩3分】アクセス抜群！空港から地下鉄一本！ホテル1Fコンビニあり。,8571,120915.85,469432.23,810-0041,福岡県,福岡市中央区大名2-8-27,092-726-7111,092-726-7100,★福岡空港・ＪＲ博多駅から天神地下鉄4番出口より徒歩3分★博多名物の屋台も目の前に！！,28台先着順　１８００円／1泊　（満車の場合は近隣駐車場への案内となります）,天神,https://img.travel.rakuten.co.jp/share/HOTEL/17532/17532.jpg,https://img.travel.rakuten.co.jp/HIMG/90/17532.jpg,https://img.travel.rakuten.co.jp/share/HOTEL/17532/17532_heya1.jpg,https://img.travel.rakuten.co.jp/HIMG/INTERIOR/17532.jpg,https://img.travel.rakuten.co.jp/share/HOTEL/17532/17532map.gif,3553.0,4.36,"お食事全般おいしくいただきましたが、フレンチトーストも、デザ…　2026-09-28 00:26:59投稿 <a href=""https://img.travel.rakuten.co.jp/image/tr/api/re/gJNfM/?f_hotel_no=17532"" class=""3click"">つづきはこちら</a>",dsx_a,スタンダードダブルルーム,5793217.0,【返金不可】条件あえばお得に宿泊♪事前カード決済限定ステイ＜素泊り＞,1,0,0,0,0,2,https://img.travel.rakuten.co.jp/image/tr/api/re/IdsCY/?f_no=17532&f_syu=dsx_a&f_hi1=2026-10-03&f_hi2=2026-10-04&f_heya_su=1&f_otona_su=1&f_s1=0&f_s2=0&f_y1=0&f_y2=0&f_y3=0&f_y4=0&f_camp_id=5793217,0,2026-10-03,49872,49872,0,2026-10-03,seibu
2771,ホテル　イル・パラッツォ,https://img.travel.rakuten.co.jp/image/tr/api/re/pvonD/?f_no=2771,https://img.travel.rakuten.co.jp/image/tr/api/re/vFumt/?f_no=2771&f_flg=PLAN,https://img.travel.rakuten.co.jp/image/tr/api/re/WzozX/?noTomariHotel=2771,https://img.travel.rakuten.co.jp/image/tr/api/re/gJNfM/?f_hotel_no=2771,いる　ぱらっつぉ,歴史あるデザインホテルで「Re-Design」された空間と時間をお過ごしください,15000,120911.56,469474.97,810-0003,福岡県,福岡市中央区春吉3-13-1,0570-009-915,092-235-5778,地下鉄空港線「中洲川端」駅1番出口より徒歩7分、七隈線「天神南」駅6番出口より徒歩6分。JR博多駅よりタクシーで約6分,1泊2500円（税込） ※先着順・予約不可,中洲川端,https://img.travel.rakuten.co.jp/share/HOTEL/2771/2771.jpg,https://img.travel.rakuten.co.jp/HIMG/90/2771.jpg,https://img.travel.rakuten.co.jp/share/HOTEL/2771/2771_heya2.jpg,https://img.travel.rakuten.co.jp/HIMG/INTERIOR/2771.jpg,https://img.travel.rakuten.co.jp/share/HOTEL/2771/2771map.gif,1784.0,4.64,,dkb,デラックスキング バルコニー付き,5726431.0,【朝食＆ラウンジアクセス付き】Re-Design空間で過ごす特別な時間,1,0,0,0,0,1,https://img.travel.rakuten.co.jp/image/tr/api/re/IdsCY/?f_no=2771&f_syu=dkb&f_hi1=2026-10-03&f_hi2=2026-10-04&f_heya_su=1&f_otona_su=1&f_s1=0&f_s2=0&f_y1=0&f_y2=0&f_y3=0&f_y4=0&f_camp_id=5726431,0,2026-10-03,80600,80600,0,2026-10-03,seibu
178417,ザ・ワンファイブヴィラ福岡,https://img.travel.rakuten.co.jp/image/tr/api/re/pvonD/?f_no=178417,https://img.travel.rakuten.co.jp/image/tr/api/re/vFumt/?f_no=178417&f_flg=PLAN,https://img.travel.rakuten.co.jp/image/tr/api/re/WzozX/?noTomariHotel=178417,https://img.travel.rakuten.co.jp/image/tr/api/re/gJNfM/?f_hotel_no=178417,ざわんふぁいぶヴぃらふくおか,全室30平米以上、キングサイズダブルベッド、禁煙、バス・トイレ独立 / 天神・中洲・キャナルシティ徒歩圏内,9652,120910.98,469476.98,810-0003,福岡県,福岡市中央区春吉3-4-6,0570-005-015,092-731-2226,地下鉄空港線中洲川端駅1番出口より徒歩7分 / 地下鉄七隈線櫛田神社前駅1番出口より徒歩5分,無し ※敷地内に提携外コインパーキングがございます。（予約不可） ,中洲川端,https://img.travel.rakuten.co.jp/share/HOTEL/178417/178417.jpg,https://img.travel.rakuten.co.jp/HIMG/90/178417.jpg,https://img.travel.rakuten.co.jp/share/HOTEL/178417/178417_kan1.jpg,https://img.travel.rakuten.co.jp/HIMG/INTERIOR/178417.jpg,https://img.travel.rakuten.co.jp/share/HOTEL/178417/178417map.gif,206.0,4.0,"お部屋も清潔感があり、洗面所やお風呂場、お手洗い等十分な広さがありとても気に入っています！　2026-07-31 19:52:02投稿 <a href=""https://img.travel.rakuten.co.jp/image/tr/api/re/gJNfM/?f_hotel_no=178417"" class=""3click"">つづきはこちら</a>",dkt,デラックスキング リバーサイドバルコニー,4627093.0,「ザ・ワンファイブ」ステイ (素泊まり),1,0,0,0,0,1,https://img.travel.rakuten.co.jp/image/tr/api/re/IdsCY/?f_no=178417&f_syu=dkt&f_hi1=2026-10-03&f_hi2=2026-10-04&f_heya_su=1&f_otona_su=1&f_s1=0&f_s2=0&f_y1=0&f_y2=0&f_y3=0&f_y4=0&f_camp_id=4627093,0,2026-10-03,42480,42480,0,2026-10-03,seibu
182181,ホテルオリエンタルエクスプレス福岡中洲川端,https://img.travel.rakuten.co.jp/image/tr/api/re/pvonD/?f_no=182181,https://img.travel.rakuten.co.jp/image/tr/api/re/vFumt/?f_no=182181&f_flg=PLAN,https://img.travel.rakuten.co.jp/image/tr/api/re/WzozX/?noTomariHotel=182181,https://img.travel.rakuten.co.jp/image/tr/api/re/gJNfM/?f_hotel_no=182181,ほてるおりえんたるえくすぷれすふくおかなかすかわばた,地下鉄空港線・中洲川端駅4分！天神・博多至近。ﾏﾘﾝﾒｯｾ・ﾄﾞｰﾑへﾊﾞｽ１本。無料ジムやウェルカムサービスも充実,6952,120934.99,469480.66,812-0025,福岡県,福岡市博多区店屋町6-26,092-402-2725,092-402-2726,福岡空港よりお車にて約15分。博多駅より地下鉄で約中洲川端駅7番出口より徒歩4分。,"有(8台) / 1泊につき1,500円（税込) /  事前予約不可 / 提携駐車場優待あり",中洲川端,https://img.travel.rakuten.co.jp/share/HOTEL/182181/182181.jpg,https://img.travel.rakuten.co.jp/HIMG/90/182181.jpg,,,https://img.travel.rakuten.co.jp/share/HOTEL/182181/182181map.gif,213.0,3.71,"お盆休みでしたが、ほぼ外国の方でした。　2026-09-05 13:49:43投稿 <a href=""https://img.travel.rakuten.co.jp/image/tr/api/re/gJNfM/?f_hotel_no=182181"" class=""3click"">つづきはこちら</a>",pda,■スーペリアダブル16平米（禁煙・クイーンサイズベッド）,6447576.0,【街歩きフォトラリー】オリジナルアクティビティ「VAMOS」で福岡を冒険！（和洋朝食ブッフェ付）,1,0,0,1,0,1,https://img.travel.rakuten.co.jp/image/tr/api/re/IdsCY/?f_no=182181&f_syu=pda&f_hi1=2026-10-03&f_hi2=2026-10-04&f_heya_su=1&f_otona_su=1&f_s1=0&f_s2=0&f_y1=0&f_y2=0&f_y3=0&f_y4=0&f_camp_id=6447576,0,2026-10-03,42620,42620,0,2026-10-03,seibu
195982,Ｅｐｏｃｈ　ｉｎｎ　Ｎａｋａｓｕ,https://img.travel.rakuten.co.jp/image/tr/api/re/pvonD/?f_no=195982,https://img.travel.rakuten.co.jp/image/tr/api/re/vFumt/?f_no=195982&f_flg=PLAN,,https://img.travel.rakuten.co.jp/image/tr/api/re/gJNfM/?f_hotel_no=195982,えぽっくいんなかす,１人部屋があるホテル,3120,120923.64,469472.57,810-0801,福岡県,福岡市博多区中洲3-5-1,092-409-4892,092-401-1057,中洲川端駅から徒歩約３分,専用駐車場・提携駐車場はございません。 公式サイトから、近隣のコインパーキングをご確認下さい。,中洲川端,https://img.travel.rakuten.co.jp/share/HOTEL/195982/195982.jpg,https://img.travel.rakuten.co.jp/HIMG/90/195982.jpg,,,https://img.travel.rakuten.co.jp/share/HOTEL/195982/195982map.gif,44.0,3.08,"どうせなら、ＱＲで一発で手続きでき…　2026-05-19 17:51:53投稿 <a href=""https://img.travel.rakuten.co.jp/image/tr/api/re/gJNfM/?f_hotel_no=195982"" class=""3click"">つづきはこちら</a>",ahito,スタンダードA,6602851.0,【楽天スーパーSALE】【素泊まり】スタンダードプラン「迷ったらコレ！」,1,0,0,0,0,2,https://img.travel.rakuten.co.jp/image/tr/api/re/IdsCY/?f_no=195982&f_syu=ahito&f_hi1=2026-10-03&f_hi2=2026-10-04&f_heya_su=1&f_otona_su=1&f_s1=0&f_s2=0&f_y1=0&f_y2=0&f_y3=0&f_y4=0&f_camp_id=6602851,0,2026-10-03,28751,28751,0,2026-10-03,seibu
163011,Ａ　ＧＯＯＤ　ＤＡＹ　ＦＵＫＵＯＫＡ　ＲＩＶＥＲＳＩＤＥ,https://img.travel.rakuten.co.jp/image/tr/api/re/pvonD/?f_no=163011,https://img.travel.rakuten.co.jp/image/tr/api/re/vFumt/?f_no=163011&f_flg=PLAN,https://img.travel.rakuten.co.jp/image/tr/api/re/WzozX/?noTomariHotel=163011,https://img.travel.rakuten.co.jp/image/tr/api/re/gJNfM/?f_hotel_no=163011,あ　ぐっど　でい　ふくおか　りばーさいど,ゆったりとくつろげるアパートメントホテルでご機嫌な１日を！,3074,120894.89,469480.34,810-0003,福岡県,福岡市中央区春吉1-11-36　ＳＴビル,092-292-1015, ,地下鉄渡辺通駅より徒歩約7分、福岡空港よりタクシー20分、博多駅よりタクシー10分またはバス 5分,駐車場はございません。 近隣にコインパーキングがございますのでご利用ください。,,https://img.travel.rakuten.co.jp/share/HOTEL/163011/163011.jpg,https://img.travel.rakuten.co.jp/HIMG/90/163011.jpg,,,https://img.travel.rakuten.co.jp/share/HOTEL/163011/163011map.gif,107.0,3.41,"主要エリアはいずれも徒歩圏内です。観光・買…　2026-07-14 17:47:01投稿 <a href=""https://img.travel.rakuten.co.jp/image/tr/api/re/gJNfM/?f_hotel_no=163011"" class=""3click"">つづきはこちら</a>",pkr,シンプルキングルーム,6261232.0,キャンセル不可だからオトク！予定が決まった方はこちら♪,1,0,0,0,0,2,https://img.travel.rakuten.co.jp/image/tr/api/re/IdsCY/?f_no=163011&f_syu=pkr&f_hi1=2026-10-03&f_hi2=2026-10-04&f_heya_su=1&f_otona_su=1&f_s1=0&f_s2=0&f_y1=0&f_y2=0&f_y3=0&f_y4=0&f_camp_id=6261232,0,2026-10-03,20140,20140,0,2026-10-03,seibu
181642,ＭＫホテルズ　西中洲,https://img.travel.rakuten.co.jp/image/tr/api/re/pvonD/?f_no=181642,https://img.travel.rakuten.co.jp/image/tr/api/re/vFumt/?f_no=181642&f_flg=PLAN,,https://img.travel.rakuten.co.jp/image/tr/api/re/gJNfM/?f_hotel_no=181642,えむけいほてるず　にしなかす,公園の前だから見晴らしがいい！夜景が綺麗！家族旅行、学生旅行、女子旅とグループに最適なホテルです。,2928,120916.97,469465.22,810-0002,福岡県,福岡市中央区西中洲5-20,092-292-1015,,地下鉄空港線中洲川端駅から徒歩5分,無し 　＊近隣のコインパーキングをご利用ください。,中洲川端,https://img.travel.rakuten.co.jp/share/HOTEL/181642/181642.jpg,https://img.travel.rakuten.co.jp/HIMG/90/181642.jpg,,,https://img.travel.rakuten.co.jp/share/HOTEL/181642/181642map.gif,100.0,3.65,"また利用したいです　2026-09-11 07:52:05投稿 <a href=""https://img.travel.rakuten.co.jp/image/tr/api/re/gJNfM/?f_hotel_no=181642"" class=""3click"">つづきはこちら</a>",btype3,【全室禁煙】スーペリアファミリールーム　ソファ付き,6261312.0,【返金不可プラン】オトクに宿泊！予定が決まった方はこちら♪,1,0,0,0,0,2,https://img.travel.rakuten.co.jp/image/tr/api/re/IdsCY/?f_no=181642&f_syu=btype3&f_hi1=2026-10-03&f_hi2=2026-10-04&f_heya_su=1&f_otona_su=1&f_s1=0&f_s2=0&f_y1=0&f_y2=0&f_y3=0&f_y4=0&f_camp_id=6261312,0,2026-10-03,26182,26182,0,2026-10-03,seibu
181039,ｍｉｚｕｋａ　Ｄａｉｍｙｏ７－ｕｎｍａｎｎｅｄ　ｈｏｔｅｌ－,https://img.travel.rakuten.co.jp/image/tr/api/re/pvonD/?f_no=181039,https://img.travel.rakuten.co.jp/image/tr/api/re/vFumt/?f_no=181039&f_flg=PLAN,https://img.travel.rakuten.co.jp/image/tr/api/re/WzozX/?noTomariHotel=181039,https://img.travel.rakuten.co.jp/image/tr/api/re/gJNfM/?f_hotel_no=181039,みずかだいみょうなな,福岡天神・大名エリア。貸し切りテラスでバーベキューが人気！,1940,120898.39,469423.38,810-0041,福岡県,福岡市中央区大名1-4-33　フィル・パーク福岡大名1－4Ｆ,092-688-2552,000-000-0000,「赤坂」 駅 徒歩約６分・「天神」 駅 徒歩約１０分,無し,赤坂（福岡）,https://img.travel.rakuten.co.jp/share/HOTEL/181039/181039.jpg,https://img.travel.rakuten.co.jp/HIMG/90/181039.jpg,,,https://img.travel.rakuten.co.jp/share/HOTEL/181039/181039map.gif,148.0,3.79,"九州旅行の3日目だったので、コスパ重視の為予約した。前の通りが狭いですが、周辺駐車場も多く立地は良かったです。スムーズにチェックインも出来ましたが、部屋に入るとニオイが気になりました。最初は割と静かで…　2026-09-09 17:32:04投稿 <a href=""https://img.travel.rakuten.co.jp/image/tr/api/re/gJNfM/?f_hotel_no=181039"" class=""3click"">つづきはこちら</a>",dai7fee105,ダブルルーム（連泊清掃なし）,6566371.0,【楽天スーパーSALE】【素泊まり】非対面CIで密回避！博多でワーケーションなら♪平日もおすすめ！,1,0,0,0,0,2,https://img.travel.rakuten.co.jp/image/tr/api/re/IdsCY/?f_no=181039&f_syu=dai7fee105&f_hi1=2026-10-03&f_hi2=2026-10-04&f_heya_su=1&f_otona_su=1&f_s1=0&f_s2=0&f_y1=0&f_y2=0&f_y3=0&f_y4=0&f_camp_id=6566371,0,2026-10-03,24608,24608,0,2026-10-03,seibu
181038,ｍｉｚｕｋａ　Ｎａｋａｓｕ　５－ｕｎｍａｎｎｅｄ　ｈｏｔｅｌ－,https://img.travel.rakuten.co.jp/image/tr/api/re/pvonD/?f_no=181038,https://img.travel.rakuten.co.jp/image/tr/api/re/vFumt/?f_no=181038&f_flg=PLAN,https://img.travel.rakuten.co.jp/image/tr/api/re/WzozX/?noTomariHotel=181038,https://img.travel.rakuten.co.jp/image/tr/api/re/gJNfM/?f_hotel_no=181038,みずかなかすご,SNSで話題のデザイナーズホテル。日常から解き放たれるシンプルで洗練された空間で、あなただけの非日常をお楽しみください。,2134,120915.12,469471.29,810-0002,福岡県,福岡市中央区西中洲4-3　ＡＴＥ西中洲ビル　3Ｆ,092-688-2330,000-000-0000,「中洲川端駅」徒歩約９分,無し,中洲川端,https://img.travel.rakuten.co.jp/share/HOTEL/181038/181038.jpg,https://img.travel.rakuten.co.jp/HIMG/90/181038.jpg,,,https://img.travel.rakuten.co.jp/share/HOTEL/181038/181038map.gif,80.0,3.55,"お部屋は少しコンパクトでしたが、ベッドが大きくゆったりと快適に過ごせました。天神や博多へのアクセスも良く、観光や移動に便利でした。ありがとうございました。　2026-06-17 14:13:37投稿 <a href=""https://img.travel.rakuten.co.jp/image/tr/api/re/gJNfM/?f_hotel_no=181038"" class=""3click"">つづきはこちら</a>",nak5fee303,スタンダードダブルルーム ダブルベッド2台付（連泊清掃なし）,6566381.0,【楽天スーパーSALE】【素泊まり】非対面CIで密回避！博多でワーケーションなら♪,1,0,0,0,0,2,https://img.travel.rakuten.co.jp/image/tr/api/re/IdsCY/?f_no=181038&f_syu=nak5fee303&f_hi1=2026-10-03&f_hi2=2026-10-04&f_heya_su=1&f_otona_su=1&f_s1=0&f_s2=0&f_y1=0&f_y2=0&f_y3=0&f_y4=0&f_camp_id=6566381,0,2026-10-03,34451,34451,0,2026-10-03,seibu
197173,ＣＲＹＳＴＡＬ＆ＲＥＳＯＲＴ　ＥＸＣＬＵＳＩＶＥ,https://img.travel.rakuten.co.jp/image/tr/api/re/pvonD/?f_no=197173,https://img.travel.rakuten.co.jp/image/tr/api/re/vFumt/?f_no=197173&f_flg=PLAN,,https://img.travel.rakuten.co.jp/image/tr/api/re/gJNfM/?f_hotel_no=197173,クリスタルアンドリゾートエクシクルーシヴ,自宅のようにリラックスできる！ファミリーやカップルにもおすすめ大型ＴＶ完備、夜は煌めく夜景を満喫,5000,120866.9,468917.85,819-0373,福岡県,福岡市西区周船寺3-21-32,092-558-2879,--,博多駅から筑前前原行にて周船寺駅下車 約３０分,有り　３台　１泊１０００円から１５００円（税込み／泊）　要予約　※ハイシーズンは価格が異なります,周船寺,https://img.travel.rakuten.co.jp/share/HOTEL/197173/197173.jpg,https://img.travel.rakuten.co.jp/HIMG/90/197173.jpg,,,https://img.travel.rakuten.co.jp/share/HOTEL/197173/197173map.gif,5.0,4.6,,905,【高層階・眺望抜群！905】九大学研都市駅より徒歩１０分圏内,,,1,0,0,0,0,2,https://img.travel.rakuten.co.jp/image/tr/api/re/IdsCY/?f_no=197173&f_syu=905&f_hi1=2026-10-03&f_hi2=2026-10-04&f_heya_su=1&f_otona_su=1&f_s1=0&f_s2=0&f_y1=0&f_y2=0&f_y3=0&f_y4=0,1,2026-10-03,20500,20500,0,2026-10-03,seibu
166945,ランドーホテル福岡,https://img.travel.rakuten.co.jp/image/tr/api/re/pvonD/?f_no=166945,https://img.travel.rakuten.co.jp/image/tr/api/re/vFumt/?f_no=166945&f_flg=PLAN,https://img.travel.rakuten.co.jp/image/tr/api/re/WzozX/?noTomariHotel=166945,https://img.travel.rakuten.co.jp/image/tr/api/re/gJNfM/?f_hotel_no=166945,らんどーほてる　ふくおか,多彩なカラースキームとこだわりの家具を全室に施したデザイナーズホテル　全室にバルコニーを完備,5000,120883.36,469481.95,810-0005,福岡県,福岡市中央区清川1-2-3,0925265231,03-5615-2997,博多駅から10分毎にバスが出発しております。5分ほどバスに揺られ「柳橋」で下車後徒歩2分ほどでご到着です。,駐車場のご用意はございません。近隣のパーキングをご利用くださいませ。,,https://img.travel.rakuten.co.jp/share/HOTEL/166945/166945.jpg,https://img.travel.rakuten.co.jp/HIMG/90/166945.jpg,,,https://img.travel.rakuten.co.jp/share/HOTEL/166945/166945map.gif,63.0,4.5,"マリンメッセ福岡でのライブ遠征のため利用しました。夜遅くに帰ってきてわざわざ大通りに出なくても周りにラーメン屋や居酒屋、タピオカ屋、コンビ二が複数件あり大変助かりました。部屋には浴室の衣類乾燥しかなく…　2026-06-19 23:03:03投稿 <a href=""https://img.travel.rakuten.co.jp/image/tr/api/re/gJNfM/?f_hotel_no=166945"" class=""3click"">つづきはこちら</a>",red01,デラックスレッドダブル/18平米,4927495.0,【全室バルコニー完備】【返金不可】　生活家電とキッチン完備の客室で自炊を満喫♪,1,0,0,0,0,2,https://img.travel.rakuten.co.jp/image/tr/api/re/IdsCY/?f_no=166945&f_syu=red01&f_hi1=2026-10-03&f_hi2=2026-10-04&f_heya_su=1&f_otona_su=1&f_s1=0&f_s2=0&f_y1=0&f_y2=0&f_y3=0&f_y4=0&f_camp_id=4927495,0,2026-10-03,28000,28000,0,2026-10-03,seibu
197239,Ｔｈｅ　Ａｒｂｏｒ　ＨＯＴＥＬ,https://img.travel.rakuten.co.jp/image/tr/api/re/pvonD/?f_no=197239,https://img.travel.rakuten.co.jp/image/tr/api/re/vFumt/?f_no=197239&f_flg=PLAN,,https://img.travel.rakuten.co.jp/image/tr/api/re/gJNfM/?f_hotel_no=197239,ざあーばーほてる,ＰａｙＰａｙドームまで徒歩３０分、大濠公園まで徒歩１０分。アパートメントホテルがオープン！,1936,120872.43,469371.66,810-0044,福岡県,福岡市中央区六本松2-5-1,092-409-4892,,六本松駅より徒歩約２分,無し,薬院,https://img.travel.rakuten.co.jp/share/HOTEL/197239/197239.jpg,https://img.travel.rakuten.co.jp/HIMG/90/197239.jpg,,,https://img.travel.rakuten.co.jp/share/HOTEL/197239/197239map.gif,16.0,4.56,"内装はとても綺麗で過ごしやすかったです。　2026-08-21 22:04:57投稿 <a href=""https://img.travel.rakuten.co.jp/image/tr/api/re/gJNfM/?f_hotel_no=197239"" class=""3click"">つづきはこちら</a>",ahito,コンフォートA,6602910.0,【楽天スーパーSALE】【素泊まり】スタンダードプラン「迷ったらコレ！」,1,0,0,0,0,2,https://img.travel.rakuten.co.jp/image/tr/api/re/IdsCY/?f_no=197239&f_syu=ahito&f_hi1=2026-10-03&f_hi2=2026-10-04&f_heya_su=1&f_otona_su=1&f_s1=0&f_s2=0&f_y1=0&f_y2=0&f_y3=0&f_y4=0&f_camp_id=6602910,0,2026-10-03,43751,43751,0,2026-10-03,seibu
192803,ＯＮＥ　ＦＵＫＵＯＫＡ　ＨＯＴＥＬ,https://img.travel.rakuten.co.jp/image/tr/api/re/pvonD/?f_no=192803,https://img.travel.rakuten.co.jp/image/tr/api/re/vFumt/?f_no=192803&f_flg=PLAN,,https://img.travel.rakuten.co.jp/image/tr/api/re/gJNfM/?f_hotel_no=192803,わんふくおかほてる,天神の空に、くつろぐ,51800,120915.06,469448.76,810-0001,福岡県,福岡市中央区天神1-11-1 ONE FUKUOKA BLDG 18-19F,092-752-1110,092-752-1112,福岡市営地下鉄天神駅直結 / 地下鉄赤坂駅（徒歩10分）/ 福岡空港駅11分（地下鉄空港線）,無し,天神,https://img.travel.rakuten.co.jp/share/HOTEL/192803/192803.jpg,https://img.travel.rakuten.co.jp/HIMG/90/192803.jpg,,,https://img.travel.rakuten.co.jp/share/HOTEL/192803/192803map.gif,,,"とてもきれいなホテルでサービスも満足です　2026-09-23 21:01:22投稿 <a href=""https://img.travel.rakuten.co.jp/image/tr/api/re/gJNfM/?f_hotel_no=192803"" class=""3click"">つづきはこちら</a>",tko,テラスキング(36+テラス7m2),6260803.0,【室料のみ】天神の空にくつろぐ（宿泊者専用ラウンジ/大浴場サウナ/フィットネスアクセス付）,1,0,0,0,0,1,https://img.travel.rakuten.co.jp/image/tr/api/re/IdsCY/?f_no=192803&f_syu=tko&f_hi1=2026-10-03&f_hi2=2026-10-04&f_heya_su=1&f_otona_su=1&f_s1=0&f_s2=0&f_y1=0&f_y2=0&f_y3=0&f_y4=0&f_camp_id=6260803,0,2026-10-03,130200,130200,0,2026-10-03,seibu
189077,ｓｅｖｅｎ　ｘ　ｓｅｖｅｎ　糸島,https://img.travel.rakuten.co.jp/image/tr/api/re/pvonD/?f_no=189077,https://img.travel.rakuten.co.jp/image/tr/api/re/vFumt/?f_no=189077&f_flg=PLAN,https://img.travel.rakuten.co.jp/image/tr/api/re/WzozX/?noTomariHotel=189077,https://img.travel.rakuten.co.jp/image/tr/api/re/gJNfM/?f_hotel_no=189077,セブンバイセブン　イトシマ,2026年4月リニューアルオープン。プール＆サウナを新設、テラスエリアとフード・ドリンクも刷新。,9440,121100.89,468736.34,819-0202,福岡県,福岡市西区西浦266,092-805-9030,000-000-0000,福岡空港よりお車で約４５分,全52台 無料 / 1室につき1台まで,福岡空港,https://img.travel.rakuten.co.jp/share/HOTEL/189077/189077.jpg,https://img.travel.rakuten.co.jp/HIMG/90/189077.jpg,,,https://img.travel.rakuten.co.jp/share/HOTEL/189077/189077map.gif,78.0,4.41,"家族大人5人で宿泊しましたが、綺麗な海に入って美しい景色に癒されて、ホテルではプールに入ってサウナで整えてと最高に楽しめました。お部屋も広くて清潔でゆっくりくつろげました。またリピートしたいです。　2026-09-17 01:09:44投稿 <a href=""https://img.travel.rakuten.co.jp/image/tr/api/re/gJNfM/?f_hotel_no=189077"" class=""3click"">つづきはこちら</a>",sb,スタンダードバンク　EAST棟／6名,6438030.0,【期間限定】20％OFF特別プラン！新しくなったseven x seven糸島を体感（素泊まり）,1,0,0,0,0,1,https://img.travel.rakuten.co.jp/image/tr/api/re/IdsCY/?f_no=189077&f_syu=sb&f_hi1=2026-10-03&f_hi2=2026-10-04&f_heya_su=1&f_otona_su=1&f_s1=0&f_s2=0&f_y1=0&f_y2=0&f_y3=0&f_y4=0&f_camp_id=6438030,0,2026-10-03,72000,72000,0,2026-10-03,seibu
169898,Ｒａｋｕｔｅｎ　ＳＴＡＹ　福岡薬院,https://img.travel.rakuten.co.jp/image/tr/api/re/pvonD/?f_no=169898,https://img.travel.rakuten.co.jp/image/tr/api/re/vFumt/?f_no=169898&f_flg=PLAN,https://img.travel.rakuten.co.jp/image/tr/api/re/WzozX/?noTomariHotel=169898,https://img.travel.rakuten.co.jp/image/tr/api/re/gJNfM/?f_hotel_no=169898,,福岡薬院エリアのRakutenSTAY！西日本唯一のお買いものパンダコンセプトルームが大人気！,1940,120864.22,469478.29,810-0012,福岡県,福岡市中央区白金2-6-4,050-1725-2914,,西鉄平尾駅から徒歩約7分／薬院駅から徒歩約12分／(バス停)高砂2丁目から徒歩約3分,無し,西鉄平尾,https://img.travel.rakuten.co.jp/share/HOTEL/169898/169898.jpg,https://img.travel.rakuten.co.jp/HIMG/90/169898.jpg,,,https://img.travel.rakuten.co.jp/share/HOTEL/169898/169898map.gif,234.0,4.09,"部屋の中はどこも清掃が行き届いていて、とても綺麗でした！チェックイン、アウトともに簡単でスムーズにできました！私のチェックミスですが、シャワールームのみで浴槽がなかったのが少し残念でしたので星1つ減し…　2026-09-26 18:07:23投稿 <a href=""https://img.travel.rakuten.co.jp/image/tr/api/re/gJNfM/?f_hotel_no=169898"" class=""3click"">つづきはこちら</a>",b2,【お買いものパンダルーム／ツイン】※パンダアメニティなし,6594371.0,【2名でお得ツインルーム限定・25％オフ】福岡観光にも推し活にもおすすめ♪（素泊り・キャンセル不可）,1,0,0,0,0,2,https://img.travel.rakuten.co.jp/image/tr/api/re/IdsCY/?f_no=169898&f_syu=b2&f_hi1=2026-10-03&f_hi2=2026-10-04&f_heya_su=1&f_otona_su=1&f_s1=0&f_s2=0&f_y1=0&f_y2=0&f_y3=0&f_y4=0&f_camp_id=6594371,0,2026-10-03,29200,29200,0,2026-10-03,seibu
172126,グランドベース博多春吉,https://img.travel.rakuten.co.jp/image/tr/api/re/pvonD/?f_no=172126,https://img.travel.rakuten.co.jp/image/tr/api/re/vFumt/?f_no=172126&f_flg=PLAN,https://img.travel.rakuten.co.jp/image/tr/api/re/WzozX/?noTomariHotel=172126,https://img.travel.rakuten.co.jp/image/tr/api/re/gJNfM/?f_hotel_no=172126,ぐらんどべーすはかたはるよし,【無人フロントホテル】＜広い客室・キーレス＞キャナルシティ6分、那珂川をこえたらすぐ！,1764,120898.23,469480.7,810-0003,福岡県,福岡市中央区春吉2-2-38,092-409-4892,,天神南駅より徒歩にて約10分,専用駐車場・提携駐車場はございません。 公式サイトから、近隣のコインパーキングをご確認下さい。,,https://img.travel.rakuten.co.jp/share/HOTEL/172126/172126.jpg,https://img.travel.rakuten.co.jp/HIMG/90/172126.jpg,https://img.travel.rakuten.co.jp/share/HOTEL/172126/172126_kan1.jpg,https://img.travel.rakuten.co.jp/HIMG/INTERIOR/172126.jpg,https://img.travel.rakuten.co.jp/share/HOTEL/172126/172126map.gif,29.0,4.36,"風呂に洗面器と椅子が無かった。（どこかに収納されてて気付かなかっただけ？）　2026-09-27 11:22:56投稿 <a href=""https://img.travel.rakuten.co.jp/image/tr/api/re/gJNfM/?f_hotel_no=172126"" class=""3click"">つづきはこちら</a>",ahito,ベーシックA,6602468.0,【楽天スーパーSALE】【素泊まり】スタンダードプラン「迷ったらコレ！」,1,0,0,0,0,2,https://img.travel.rakuten.co.jp/image/tr/api/re/IdsCY/?f_no=172126&f_syu=ahito&f_hi1=2026-10-03&f_hi2=2026-10-04&f_heya_su=1&f_otona_su=1&f_s1=0&f_s2=0&f_y1=0&f_y2=0&f_y3=0&f_y4=0&f_camp_id=6602468,0,2026-10-03,47501,47501,0,2026-10-03,seibu
193546,ＢＵＥＮＡ　ＶＩＳＴＡ　ＯＨＯＲＩ　ＰＡＲＫ,https://img.travel.rakuten.co.jp/image/tr/api/re/pvonD/?f_no=193546,https://img.travel.rakuten.co.jp/image/tr/api/re/vFumt/?f_no=193546&f_flg=PLAN,,https://img.travel.rakuten.co.jp/image/tr/api/re/gJNfM/?f_hotel_no=193546,ぶえなびすたオオホリパーク,大濠公園エリア　地下鉄のご利用で天神7分、博多14分/大濠公園まで徒歩３分！セルフチェックイン！,4900,120916.24,469351.45,810-0062,福岡県,福岡市中央区荒戸3-10-1　,090-3197-0854,000-000-0000,福岡市営地下鉄唐人町駅から徒歩約４分,駐車場なし。施設周辺のコインパーキングのご利用をお願いしております。,唐人町,https://img.travel.rakuten.co.jp/share/HOTEL/193546/193546.jpg,https://img.travel.rakuten.co.jp/HIMG/90/193546.jpg,,,https://img.travel.rakuten.co.jp/share/HOTEL/193546/193546map.gif,37.0,4.61,"部屋からの眺めも良く、綺麗なお部屋で大変満足しました。設備も整っており、連泊も可能です。次回もまた利用したいと思います。　2026-09-14 09:53:31投稿 <a href=""https://img.travel.rakuten.co.jp/image/tr/api/re/gJNfM/?f_hotel_no=193546"" class=""3click"">つづきはこちら</a>",1003,スタンダード最大4名様！大濠公園徒歩2分！ファミリータイプ！,6155121.0,スタンダード　素泊まりプラン 清掃なし,1,0,0,0,0,2,https://img.travel.rakuten.co.jp/image/tr/api/re/IdsCY/?f_no=193546&f_syu=1003&f_hi1=2026-10-03&f_hi2=2026-10-04&f_heya_su=1&f_otona_su=1&f_s1=0&f_s2=0&f_y1=0&f_y2=0&f_y3=0&f_y4=0&f_camp_id=6155121,0,2026-10-03,25800,25800,0,2026-10-03,seibu
198706,ＴＨＥ　ＧＲＡＮＤ　ＷＩＮ,https://img.travel.rakuten.co.jp/image/tr/api/re/pvonD/?f_no=198706,https://img.travel.rakuten.co.jp/image/tr/api/re/vFumt/?f_no=198706&f_flg=PLAN,,https://img.travel.rakuten.co.jp/image/tr/api/re/gJNfM/?f_hotel_no=198706,ざ　ぐらんど　うぃん,最上階の開放感。暮らすように泊まる、長期滞在も安心のキッチン・洗濯機付。,3950,120851.82,468893.57,819-0373,福岡県,福岡市西区周船寺2-8-18,092-558-2879,092-558-2749,JR周船寺駅から徒歩約5分,あり　3台　普通車1000円　軽自動車800円／泊　要予約　※ハイシーズンは料金が変わります。,周船寺,https://img.travel.rakuten.co.jp/share/HOTEL/198706/198706.jpg,https://img.travel.rakuten.co.jp/HIMG/90/198706.jpg,,,https://img.travel.rakuten.co.jp/share/HOTEL/198706/198706map.gif,13.0,4.31,,603,最上階603・周船寺駅より徒歩5分！スタンダードツインルーム,,,1,0,0,0,0,2,https://img.travel.rakuten.co.jp/image/tr/api/re/IdsCY/?f_no=198706&f_syu=603&f_hi1=2026-10-03&f_hi2=2026-10-04&f_heya_su=1&f_otona_su=1&f_s1=0&f_s2=0&f_y1=0&f_y2=0&f_y3=0&f_y4=0,1,2026-10-03,21000,21000,0,2026-10-03,seibu
198823,Ｆａｍ　Ｈｏｔｅｌ　Ｉｍａｉｚｕｍｉ,https://img.travel.rakuten.co.jp/image/tr/api/re/pvonD/?f_no=198823,https://img.travel.rakuten.co.jp/image/tr/api/re/vFumt/?f_no=198823&f_flg=PLAN,,https://img.travel.rakuten.co.jp/image/tr/api/re/gJNfM/?f_hotel_no=198823,ふぁむ　ほてる　いまいずみ,新築2階建てホテルが誕生！,2380,120894.23,469442.16,810-0021,福岡県,福岡市中央区今泉1-18-19,092-409-4892,092-401-1057,西鉄天神駅から徒歩8分,なし,天神,https://img.travel.rakuten.co.jp/share/HOTEL/198823/198823.jpg,https://img.travel.rakuten.co.jp/HIMG/90/198823.jpg,,,https://img.travel.rakuten.co.jp/share/HOTEL/198823/198823map.gif,8.0,4.75,,bhito,スーペリアトリプルルームB,6602982.0,【楽天スーパーSALE】【素泊まり】スタンダードプラン「迷ったらコレ！」,1,0,0,0,0,2,https://img.travel.rakuten.co.jp/image/tr/api/re/IdsCY/?f_no=198823&f_syu=bhito&f_hi1=2026-10-03&f_hi2=2026-10-04&f_heya_su=1&f_otona_su=1&f_s1=0&f_s2=0&f_y1=0&f_y2=0&f_y3=0&f_y4=0&f_camp_id=6602982,0,2026-10-03,60000,60000,0,2026-10-03,seibu
178346,ｍｉｚｕｋａ　Ｉｍａｉｚｕｍｉ　２　‐ｕｎｍａｎｎｅｄ　ｈｏｔｅｌ‐,https://img.travel.rakuten.co.jp/image/tr/api/re/pvonD/?f_no=178346,https://img.travel.rakuten.co.jp/image/tr/api/re/vFumt/?f_no=178346&f_flg=PLAN,https://img.travel.rakuten.co.jp/image/tr/api/re/WzozX/?noTomariHotel=178346,https://img.travel.rakuten.co.jp/image/tr/api/re/gJNfM/?f_hotel_no=178346,みずか　いまいずみ　つー　あまんどほてる,SNSで話題のデザイナーズホテル。日常から解き放たれるシンプルで洗練された空間で、あなただけの非日常をお楽しみください。,1737,120898.31,469449.33,810-0021,福岡県,福岡市中央区今泉1-13-5　ブルク今泉1-2F,03-4531-9681,000-000-0000,西鉄福岡駅より徒歩にて約３分,無し,西鉄福岡,https://img.travel.rakuten.co.jp/share/HOTEL/178346/178346.jpg,https://img.travel.rakuten.co.jp/HIMG/90/178346.jpg,,,https://img.travel.rakuten.co.jp/share/HOTEL/178346/178346map.gif,71.0,3.13,"部屋のドアが固く、最初入るのに苦戦しました。ソファがありましたが、4人では座れず、座布団などがあればよかったです。総合的には値段を考えると満足です。　2026-08-22 07:58:13投稿 <a href=""https://img.travel.rakuten.co.jp/image/tr/api/re/gJNfM/?f_hotel_no=178346"" class=""3click"">つづきはこちら</a>",ima2fee202,スタンダードダブルルーム ダブルベッド2台付（連泊清掃なし）,6566470.0,【楽天スーパーSALE】【素泊まり】非対面CIで密回避！博多でワーケーションなら♪,1,0,0,0,0,2,https://img.travel.rakuten.co.jp/image/tr/api/re/IdsCY/?f_no=178346&f_syu=ima2fee202&f_hi1=2026-10-03&f_hi2=2026-10-04&f_heya_su=1&f_otona_su=1&f_s1=0&f_s2=0&f_y1=0&f_y2=0&f_y3=0&f_y4=0&f_camp_id=6566470,0,2026-10-03,34451,34451,0,2026-10-03,seibu
178347,ｍｉｚｕｋａ　Ｉｍａｉｚｕｍｉ　４　‐ｕｎｍａｎｎｅｄ　ｈｏｔｅｌ‐,https://img.travel.rakuten.co.jp/image/tr/api/re/pvonD/?f_no=178347,https://img.travel.rakuten.co.jp/image/tr/api/re/vFumt/?f_no=178347&f_flg=PLAN,https://img.travel.rakuten.co.jp/image/tr/api/re/WzozX/?noTomariHotel=178347,https://img.travel.rakuten.co.jp/image/tr/api/re/gJNfM/?f_hotel_no=178347,みずか　いまいずみ　ふぉー　あまんどほてる,SNSで話題のデザイナーズホテル。日常から解き放たれるシンプルで洗練された空間で、あなただけの非日常をお楽しみください。,2476,120898.41,469444.09,810-0021,福岡県,福岡市中央区今泉1-17-16-1　プロスぺリタ今泉3F,03-4531-9681,0000000000,西鉄福岡駅より徒歩にて約５分,無し,西鉄福岡,https://img.travel.rakuten.co.jp/share/HOTEL/178347/178347.jpg,https://img.travel.rakuten.co.jp/HIMG/90/178347.jpg,,,https://img.travel.rakuten.co.jp/share/HOTEL/178347/178347map.gif,16.0,3.57,"施設や、清掃面は、多めに見てまるぐらいで、決してめっちゃ綺麗ではありませんでした。ただ、立地は最高です！　2026-07-28 11:54:38投稿 <a href=""https://img.travel.rakuten.co.jp/image/tr/api/re/gJNfM/?f_hotel_no=178347"" class=""3click"">つづきはこちら</a>",ima4fee301,エコノミーダブルルーム（連泊清掃なし）,6566487.0,【楽天スーパーSALE】【素泊まり】非対面CIで密回避！博多でワーケーションなら♪,1,0,0,0,0,2,https://img.travel.rakuten.co.jp/image/tr/api/re/IdsCY/?f_no=178347&f_syu=ima4fee301&f_hi1=2026-10-03&f_hi2=2026-10-04&f_heya_su=1&f_otona_su=1&f_s1=0&f_s2=0&f_y1=0&f_y2=0&f_y3=0&f_y4=0&f_camp_id=6566487,0,2026-10-03,19194,19194,0,2026-10-03,seibu
197953,２－ｔｉｍｅｓ．Ｄｏｍｉｔｏｒｙ　Ｈｏｔｅｌ,https://img.travel.rakuten.co.jp/image/tr/api/re/pvonD/?f_no=197953,https://img.travel.rakuten.co.jp/image/tr/api/re/vFumt/?f_no=197953&f_flg=PLAN,,https://img.travel.rakuten.co.jp/image/tr/api/re/gJNfM/?f_hotel_no=197953,つーたいむすどみとりーほてる,糸島 駅近 最安値　筑前前原駅から徒歩３分　漆喰調のオシャレな施設　,3200,120799.02,468726.81,819-1116,福岡県,糸島市前原中央2-4-16,070-3763-2669,--,筑前前原駅より徒歩3分,なし,筑前前原,https://img.travel.rakuten.co.jp/share/HOTEL/197953/197953.jpg,https://img.travel.rakuten.co.jp/HIMG/90/197953.jpg,,,https://img.travel.rakuten.co.jp/share/HOTEL/197953/197953map.gif,14.0,3.21,,3,男女共用ドミトリー・二段ベッド１名（寝室・バス・トイレ共用）,6365554.0,男女共用ドミトリー・二段ベッド１名分（バス・トイレ共用）,1,0,0,0,0,2,https://img.travel.rakuten.co.jp/image/tr/api/re/IdsCY/?f_no=197953&f_syu=3&f_hi1=2026-10-03&f_hi2=2026-10-04&f_heya_su=1&f_otona_su=1&f_s1=0&f_s2=0&f_y1=0&f_y2=0&f_y3=0&f_y4=0&f_camp_id=6365554,0,2026-10-03,4700,4700,0,2026-10-03,seibu
179866,ランドーホテル福岡アネックス,https://img.travel.rakuten.co.jp/image/tr/api/re/pvonD/?f_no=179866,https://img.travel.rakuten.co.jp/image/tr/api/re/vFumt/?f_no=179866&f_flg=PLAN,https://img.travel.rakuten.co.jp/image/tr/api/re/WzozX/?noTomariHotel=179866,https://img.travel.rakuten.co.jp/image/tr/api/re/gJNfM/?f_hotel_no=179866,らんどーほてるふくおかあねっくす,全室30平米以上の客室には家電キッチンバルコニーを完備　スマートロックとiPadを活用したチェックインでスムーズに入室,4000,120865.01,469454.62,810-0014,福岡県,福岡市中央区平尾1-11-7,092-526-5231,03-5615-2997,平尾駅,駐車場のご用意はございません。近隣のパーキングをご利用くださいませ。,西鉄平尾,https://img.travel.rakuten.co.jp/share/HOTEL/179866/179866.jpg,https://img.travel.rakuten.co.jp/HIMG/90/179866.jpg,,,https://img.travel.rakuten.co.jp/share/HOTEL/179866/179866map.gif,44.0,4.13,"また泊まりたいです！　2026-08-14 11:20:02投稿 <a href=""https://img.travel.rakuten.co.jp/image/tr/api/re/gJNfM/?f_hotel_no=179866"" class=""3click"">つづきはこちら</a>",toku,中層階 デラックスツインルーム -徳-,4983383.0,【全室30㎡以上】【返金不可】話題の新築アパートメントホテルでゆったりステイ★,1,0,0,0,0,2,https://img.travel.rakuten.co.jp/image/tr/api/re/IdsCY/?f_no=179866&f_syu=toku&f_hi1=2026-10-03&f_hi2=2026-10-04&f_heya_su=1&f_otona_su=1&f_s1=0&f_s2=0&f_y1=0&f_y2=0&f_y3=0&f_y4=0&f_camp_id=4983383,0,2026-10-03,35000,35000,0,2026-10-03,seibu
202194,Ｈｏｔｅｌ　ＮＯＶＩＡ　ＦＵＫＵＯＫＡ,https://img.travel.rakuten.co.jp/image/tr/api/re/pvonD/?f_no=202194,https://img.travel.rakuten.co.jp/image/tr/api/re/vFumt/?f_no=202194&f_flg=PLAN,,https://img.travel.rakuten.co.jp/image/tr/api/re/gJNfM/?f_hotel_no=202194,ほてるのヴぃあふくおか,新築アパートメントホテルが誕生！,2072,120907.22,469474.22,812-0011,福岡県,福岡市中央区春吉3-15-10,092-409-4892,--,「天神南駅」から徒歩約7分,なし,天神,https://img.travel.rakuten.co.jp/share/HOTEL/202194/202194.jpg,https://img.travel.rakuten.co.jp/HIMG/90/202194.jpg,,,https://img.travel.rakuten.co.jp/share/HOTEL/202194/202194map.gif,1.0,,,ahito,コンフォート4人部屋A,6611258.0,【素泊まり】スタンダードプラン「迷ったらコレ！」,1,0,0,0,0,2,https://img.travel.rakuten.co.jp/image/tr/api/re/IdsCY/?f_no=202194&f_syu=ahito&f_hi1=2026-10-03&f_hi2=2026-10-04&f_heya_su=1&f_otona_su=1&f_s1=0&f_s2=0&f_y1=0&f_y2=0&f_y3=0&f_y4=0&f_camp_id=6611258,0,2026-10-03,59670,59670,0,2026-10-03,seibu
179336,グランドベース春吉,https://img.travel.rakuten.co.jp/image/tr/api/re/pvonD/?f_no=179336,https://img.travel.rakuten.co.jp/image/tr/api/re/vFumt/?f_no=179336&f_flg=PLAN,https://img.travel.rakuten.co.jp/image/tr/api/re/WzozX/?noTomariHotel=179336,https://img.travel.rakuten.co.jp/image/tr/api/re/gJNfM/?f_hotel_no=179336,ぐらんどべーすはるよし,天神・キャナルシティ・屋台街へアクセス◎の好立地♪,2074,120906.3,469474.78,810-0003,福岡県,福岡市中央区春吉3-16-27,092-409-4892,,博多駅からはバス「春吉」で下車後徒歩４分、天神からはバス「渡辺通り二丁目」下車後徒歩6分,専用駐車場・提携駐車場はございません。 公式サイトから、近隣のコインパーキングをご確認下さい。,,https://img.travel.rakuten.co.jp/share/HOTEL/179336/179336.jpg,https://img.travel.rakuten.co.jp/HIMG/90/179336.jpg,,,https://img.travel.rakuten.co.jp/share/HOTEL/179336/179336map.gif,15.0,4.14,"ただ、部屋に入ると匂いがひどい。備え付けの空気清浄機をフル活動しても、消臭剤を撒い…　2026-06-23 12:54:01投稿 <a href=""https://img.travel.rakuten.co.jp/image/tr/api/re/gJNfM/?f_hotel_no=179336"" class=""3click"">つづきはこちら</a>",bhito,スタンダードB,6602504.0,【楽天スーパーSALE】【素泊まり】スタンダードプラン「迷ったらコレ！」,1,0,0,0,0,2,https://img.travel.rakuten.co.jp/image/tr/api/re/IdsCY/?f_no=179336&f_syu=bhito&f_hi1=2026-10-03&f_hi2=2026-10-04&f_heya_su=1&f_otona_su=1&f_s1=0&f_s2=0&f_y1=0&f_y2=0&f_y3=0&f_y4=0&f_camp_id=6602504,0,2026-10-03,29751,29751,0,2026-10-03,seibu
177758,ＡＬＰＨＡＢＥＤ　ＩＮＮ　福岡大濠公園,https://img.travel.rakuten.co.jp/image/tr/api/re/pvonD/?f_no=177758,https://img.travel.rakuten.co.jp/image/tr/api/re/vFumt/?f_no=177758&f_flg=PLAN,https://img.travel.rakuten.co.jp/image/tr/api/re/WzozX/?noTomariHotel=177758,https://img.travel.rakuten.co.jp/image/tr/api/re/gJNfM/?f_hotel_no=177758,あるふぁべっど　いん　ふくおかおおほりこうえん,大濠公園駅徒歩５分。最大５名宿泊（添い寝無料）こども連れにやさしい宿☆彡家族旅行や女子旅、学生旅行に最適,4752,120922.21,469368.74,810-0062,福岡県,福岡市中央区荒戸1-8-3,0800-111-3089,092-235-0088,地下鉄　「大濠公園駅」より徒歩にて約５分,無し（近隣のコインパーキングをご利用ください）,大濠公園,https://img.travel.rakuten.co.jp/share/HOTEL/177758/177758.jpg,https://img.travel.rakuten.co.jp/HIMG/90/177758.jpg,https://img.travel.rakuten.co.jp/share/HOTEL/177758/177758_room.jpg,https://img.travel.rakuten.co.jp/HIMG/INTERIOR/177758.jpg,https://img.travel.rakuten.co.jp/share/HOTEL/177758/177758map.gif,194.0,4.42,"アメニティバーが充実しており、子供用歯ブラシなどもありました。　2026-09-11 15:26:43投稿 <a href=""https://img.travel.rakuten.co.jp/image/tr/api/re/gJNfM/?f_hotel_no=177758"" class=""3click"">つづきはこちら</a>",family,【ファミリールーム】◆キッチン付◆畳でくつろぐ５人部屋,4926408.0,スタンダートプラン／素泊まり　,1,0,0,0,0,2,https://img.travel.rakuten.co.jp/image/tr/api/re/IdsCY/?f_no=177758&f_syu=family&f_hi1=2026-10-03&f_hi2=2026-10-04&f_heya_su=1&f_otona_su=1&f_s1=0&f_s2=0&f_y1=0&f_y2=0&f_y3=0&f_y4=0&f_camp_id=4926408,0,2026-10-03,49335,49335,0,2026-10-03,seibu
192163,ネオフィールド中洲,https://img.travel.rakuten.co.jp/image/tr/api/re/pvonD/?f_no=192163,https://img.travel.rakuten.co.jp/image/tr/api/re/vFumt/?f_no=192163&f_flg=PLAN,,https://img.travel.rakuten.co.jp/image/tr/api/re/gJNfM/?f_hotel_no=192163,ねおふぃーるどなかす,【無人フロントホテル】２０２４年７月グランドオープン！キャナルシティ博多から徒歩３分の好立地！,2184,120923.59,469483.02,812-0026,福岡県,福岡市博多区上川端町5-117,092-409-4892,092-401-1057,櫛田神社前駅から徒歩約３分、中洲川端駅から徒歩５分,無し,中洲川端,https://img.travel.rakuten.co.jp/share/HOTEL/192163/192163.jpg,https://img.travel.rakuten.co.jp/HIMG/90/192163.jpg,,,https://img.travel.rakuten.co.jp/share/HOTEL/192163/192163map.gif,17.0,4.36,"チェックインの時、タブレットで、ビデオ通話しましたが係の方がとても感じよかった。部屋も清潔で。リピートしたい。　2026-09-15 22:30:11投稿 <a href=""https://img.travel.rakuten.co.jp/image/tr/api/re/gJNfM/?f_hotel_no=192163"" class=""3click"">つづきはこちら</a>",ghito,スーペリアツインルーム,6602811.0,【楽天スーパーSALE】【素泊まり】スタンダードプラン「迷ったらコレ！」,1,0,0,0,0,2,https://img.travel.rakuten.co.jp/image/tr/api/re/IdsCY/?f_no=192163&f_syu=ghito&f_hi1=2026-10-03&f_hi2=2026-10-04&f_heya_su=1&f_otona_su=1&f_s1=0&f_s2=0&f_y1=0&f_y2=0&f_y3=0&f_y4=0&f_camp_id=6602811,0,2026-10-03,65002,65002,0,2026-10-03,seibu
168669,ＨＯＴＥＬ　粋－ｓｕｉ－　ＨＡＲＵＹＯＳＨＩ,https://img.travel.rakuten.co.jp/image/tr/api/re/pvonD/?f_no=168669,https://img.travel.rakuten.co.jp/image/tr/api/re/vFumt/?f_no=168669&f_flg=PLAN,https://img.travel.rakuten.co.jp/image/tr/api/re/WzozX/?noTomariHotel=168669,https://img.travel.rakuten.co.jp/image/tr/api/re/gJNfM/?f_hotel_no=168669,ほてるすいはるよし,キャナルシティ博多まで7分、西鉄福岡（天神）駅まで10分！グループ・家族旅行におすすめのリビングスペース！,2167,120900.08,469472.76,810-0003,福岡県,福岡市中央区春吉2-10-1,092-409-4892, ,博多駅からはバスで「春吉」「渡辺通り2丁目」で下車後徒歩5分。天神からは徒歩10分、キャナルシティ博多へは徒歩7分。,専用駐車場・提携駐車場はございません。 公式サイトから、近隣のコインパーキングをご確認下さい。,,https://img.travel.rakuten.co.jp/share/HOTEL/168669/168669.jpg,https://img.travel.rakuten.co.jp/HIMG/90/168669.jpg,https://img.travel.rakuten.co.jp/share/HOTEL/168669/168669_kan1.jpg,https://img.travel.rakuten.co.jp/HIMG/INTERIOR/168669.jpg,https://img.travel.rakuten.co.jp/share/HOTEL/168669/168669map.gif,24.0,4.2,"予約時に登録したメールアドレスにチエックイン時に必要なログイン番号な…　2025-12-20 02:28:18投稿 <a href=""https://img.travel.rakuten.co.jp/image/tr/api/re/gJNfM/?f_hotel_no=168669"" class=""3click"">つづきはこちら</a>",ahito1,スタンダードA,6602449.0,【楽天スーパーSALE】【素泊まり】スタンダードプラン「迷ったらコレ！」,1,0,0,0,0,2,https://img.travel.rakuten.co.jp/image/tr/api/re/IdsCY/?f_no=168669&f_syu=ahito1&f_hi1=2026-10-03&f_hi2=2026-10-04&f_heya_su=1&f_otona_su=1&f_s1=0&f_s2=0&f_y1=0&f_y2=0&f_y3=0&f_y4=0&f_camp_id=6602449,0,2026-10-03,57502,57502,0,2026-10-03,seibu
181037,ｍｉｚｕｋａ　Ｄａｉｍｙｏ６－ｕｎｍａｎｎｅｄ　ｈｏｔｅｌ－,https://img.travel.rakuten.co.jp/image/tr/api/re/pvonD/?f_no=181037,https://img.travel.rakuten.co.jp/image/tr/api/re/vFumt/?f_no=181037&f_flg=PLAN,https://img.travel.rakuten.co.jp/image/tr/api/re/WzozX/?noTomariHotel=181037,https://img.travel.rakuten.co.jp/image/tr/api/re/gJNfM/?f_hotel_no=181037,みずかだいみょうろく,BBQテラス & 屋外シアター付きのスーペリアルームが人気！福岡天神・大名エリア。,1737,120899.83,469428.58,810-0041,福岡県,福岡市中央区大名1-3-41　プリオ大名ビル5Ｆ,03-4531-9681,000-000-0000,「赤坂」 駅 徒歩約８分 「西鉄福岡（天神）」 駅 徒歩約９分 「天神」 駅 徒歩約１１分,無し,赤坂（福岡）,https://img.travel.rakuten.co.jp/share/HOTEL/181037/181037.jpg,https://img.travel.rakuten.co.jp/HIMG/90/181037.jpg,,,https://img.travel.rakuten.co.jp/share/HOTEL/181037/181037map.gif,49.0,3.29,"このホテルの近くにある博多焼き小龍…　2026-09-06 09:00:44投稿 <a href=""https://img.travel.rakuten.co.jp/image/tr/api/re/gJNfM/?f_hotel_no=181037"" class=""3click"">つづきはこちら</a>",dai6fee505,スタンダードダブルルーム ダブルベッド2台付（連泊清掃なし）,6566360.0,【楽天スーパーSALE】【素泊まり】テレワーク拠点にもおすすめ◎ 博多大名エリア,1,0,0,0,0,2,https://img.travel.rakuten.co.jp/image/tr/api/re/IdsCY/?f_no=181037&f_syu=dai6fee505&f_hi1=2026-10-03&f_hi2=2026-10-04&f_heya_su=1&f_otona_su=1&f_s1=0&f_s2=0&f_y1=0&f_y2=0&f_y3=0&f_y4=0&f_camp_id=6566360,0,2026-10-03,39372,39372,0,2026-10-03,seibu
187154,Ａｌｂａ　ＨＯＴＥＬ　＆　Ｇｌａｍｐｉｎｇ,https://img.travel.rakuten.co.jp/image/tr/api/re/pvonD/?f_no=187154,https://img.travel.rakuten.co.jp/image/tr/api/re/vFumt/?f_no=187154&f_flg=PLAN,https://img.travel.rakuten.co.jp/image/tr/api/re/WzozX/?noTomariHotel=187154,https://img.travel.rakuten.co.jp/image/tr/api/re/gJNfM/?f_hotel_no=187154,あるばほてるあんどぐらんぴんぐ,２０２３年７月からオープン予約受付開始。アクティビティで海や山を大いに楽しんだり、静かに大自然を五感で感じたり。,9570,121001.07,468853.17,819-0165,福岡県,福岡市西区今津4787-10,092-806-3939,092-806-0848,最寄り駅：筑肥線 今宿駅（より車で約１５分程度）  福岡空港から車で約３０分（都市高速利用）,有り　１００台　先着順　EV充電器ステーション(充電は有料になります),今宿,https://img.travel.rakuten.co.jp/share/HOTEL/187154/187154.jpg,https://img.travel.rakuten.co.jp/HIMG/90/187154.jpg,,,https://img.travel.rakuten.co.jp/share/HOTEL/187154/187154map.gif,78.0,4.78,"BBQのお肉も豪華でした。　2026-08-25 15:39:17投稿 <a href=""https://img.travel.rakuten.co.jp/image/tr/api/re/gJNfM/?f_hotel_no=187154"" class=""3click"">つづきはこちら</a>",albanoumi2,ラグジュアリールーム２【半露天ジャグジー・オーシャンビュー】,5882334.0,【1泊朝食付】ゆっくり糸島観光後に宿泊！,1,0,0,1,0,1,https://img.travel.rakuten.co.jp/image/tr/api/re/IdsCY/?f_no=187154&f_syu=albanoumi2&f_hi1=2026-10-03&f_hi2=2026-10-04&f_heya_su=1&f_otona_su=1&f_s1=0&f_s2=0&f_y1=0&f_y2=0&f_y3=0&f_y4=0&f_camp_id=5882334,0,2026-10-03,26400,26400,0,2026-10-03,seibu
202268,ＣＲＥＳＴ西新,https://img.travel.rakuten.co.jp/image/tr/api/re/pvonD/?f_no=202268,https://img.travel.rakuten.co.jp/image/tr/api/re/vFumt/?f_no=202268&f_flg=PLAN,,https://img.travel.rakuten.co.jp/image/tr/api/re/gJNfM/?f_hotel_no=202268,くれすとにしじん,西新駅徒歩2分/福岡空港直通/Wi-Fi完備,6600,120886.74,469300.47,814-0002,福岡県,早良区西新4-9-16 302・303・402・403,080-8500-9217,--,西新駅より徒歩2分,なし,西新,https://img.travel.rakuten.co.jp/share/HOTEL/202268/202268.jpg,https://img.travel.rakuten.co.jp/HIMG/90/202268.jpg,,,https://img.travel.rakuten.co.jp/share/HOTEL/202268/202268map.gif,,,,a,A ｜ 西新駅徒歩2分 ｜ エレベーターあり ｜ Wi-Fi,,,1,0,0,0,0,2,https://img.travel.rakuten.co.jp/image/tr/api/re/IdsCY/?f_no=202268&f_syu=a&f_hi1=2026-10-03&f_hi2=2026-10-04&f_heya_su=1&f_otona_su=1&f_s1=0&f_s2=0&f_y1=0&f_y2=0&f_y3=0&f_y4=0,1,2026-10-03,30331,30331,0,2026-10-03,seibu
202318,ＹＡＤＯ／Ｒｅ薬院,https://img.travel.rakuten.co.jp/image/tr/api/re/pvonD/?f_no=202318,https://img.travel.rakuten.co.jp/image/tr/api/re/vFumt/?f_no=202318&f_flg=PLAN,https://img.travel.rakuten.co.jp/image/tr/api/re/WzozX/?noTomariHotel=202318,https://img.travel.rakuten.co.jp/image/tr/api/re/gJNfM/?f_hotel_no=202318,やどりやくいん,【2026年9月14日OPEN】「SMART & GREEN」をコンセプトにした新しい都市滞在の拠点が福岡・薬院に誕生。,5070,120881.42,469462.03,810-0012,福岡県,福岡市中央区白金1-1-28,050-1722-8507,--,薬院駅より徒歩約4分、福岡高速環状線 天神北出入口より車で約14分,なし,薬院,https://img.travel.rakuten.co.jp/share/HOTEL/202318/202318.jpg,https://img.travel.rakuten.co.jp/HIMG/90/202318.jpg,,,https://img.travel.rakuten.co.jp/share/HOTEL/202318/202318map.gif,,,,a,Double,6608565.0,【素泊まり】スタンダードプラン,1,0,0,0,0,2,https://img.travel.rakuten.co.jp/image/tr/api/re/IdsCY/?f_no=202318&f_syu=a&f_hi1=2026-10-03&f_hi2=2026-10-04&f_heya_su=1&f_otona_su=1&f_s1=0&f_s2=0&f_y1=0&f_y2=0&f_y3=0&f_y4=0&f_camp_id=6608565,0,2026-10-03,31000,31000,0,2026-10-03,seibu
198328,ホテルＹｅｅＴ天神南,https://img.travel.rakuten.co.jp/image/tr/api/re/pvonD/?f_no=198328,https://img.travel.rakuten.co.jp/image/tr/api/re/vFumt/?f_no=198328&f_flg=PLAN,,https://img.travel.rakuten.co.jp/image/tr/api/re/gJNfM/?f_hotel_no=198328,ほてるいーとてんじんみなみ,新築ホテルが誕生！,2216,120877.2,469482.58,810-0005,福岡県,福岡市中央区清川2-11-16,092-409-4892,,渡辺通駅より徒歩11分,なし,天神,https://img.travel.rakuten.co.jp/share/HOTEL/198328/198328.jpg,https://img.travel.rakuten.co.jp/HIMG/90/198328.jpg,,,https://img.travel.rakuten.co.jp/share/HOTEL/198328/198328map.gif,3.0,,,ahito,1ベッドルーム　アパートメントA,6602968.0,【楽天スーパーSALE】【素泊まり】スタンダードプラン「迷ったらコレ！」,1,0,0,0,0,2,https://img.travel.rakuten.co.jp/image/tr/api/re/IdsCY/?f_no=198328&f_syu=ahito&f_hi1=2026-10-03&f_hi2=2026-10-04&f_heya_su=1&f_otona_su=1&f_s1=0&f_s2=0&f_y1=0&f_y2=0&f_y3=0&f_y4=0&f_camp_id=6602968,0,2026-10-03,32001,32001,0,2026-10-03,seibu
185343,グランピングハウス　ＣＨＩＬＬ　ＯＵＴ／海水浴・ＢＢＱ・ＳＵＰレンタル有【要事前予約】／民泊,https://img.travel.rakuten.co.jp/image/tr/api/re/pvonD/?f_no=185343,https://img.travel.rakuten.co.jp/image/tr/api/re/vFumt/?f_no=185343&f_flg=PLAN,,https://img.travel.rakuten.co.jp/image/tr/api/re/gJNfM/?f_hotel_no=185343,,糸島半島にあるハウス型グランピング★【民泊】,7540,121091.91,468828.96,819-0201,福岡県,福岡市西区宮浦2129-16,080-3967-7857,000-000-0000,九大学研都市駅から車で約１７分,有り,今宿,https://img.travel.rakuten.co.jp/share/HOTEL/185343/185343.jpg,https://img.travel.rakuten.co.jp/HIMG/90/185343.jpg,,,https://img.travel.rakuten.co.jp/share/HOTEL/185343/185343map.gif,3.0,,,r4898_8,チルアウト,5602364.0,グランピングハウス CHILL OUT/BBQ・ビーチ・レンタサイクル・SUPレンタル有,1,0,0,0,0,2,https://img.travel.rakuten.co.jp/image/tr/api/re/IdsCY/?f_no=185343&f_syu=r4898_8&f_hi1=2026-10-03&f_hi2=2026-10-04&f_heya_su=1&f_otona_su=1&f_s1=0&f_s2=0&f_y1=0&f_y2=0&f_y3=0&f_y4=0&f_camp_id=5602364,0,2026-10-03,32480,32480,0,2026-10-03,seibu
184878,のこのしまアイランドパーク　Ｖｉｌｌａ防人,https://img.travel.rakuten.co.jp/image/tr/api/re/pvonD/?f_no=184878,https://img.travel.rakuten.co.jp/image/tr/api/re/vFumt/?f_no=184878&f_flg=PLAN,,https://img.travel.rakuten.co.jp/image/tr/api/re/gJNfM/?f_hotel_no=184878,のこのしまあいらんどぱーく びらさきもり,２０２２年７月オープン！日本でもっともチルな島、能古島の一棟貸切コテージ。福岡市内から船で１０分、バスで１０分,3900,121071.42,469093.8,819-0012,福岡県,福岡市西区能古1624,092-881-4474,092-881-4424,福岡空港よりお車にて約40分、姪浜旅客待合所からフェリーで約10分、渡船場前からバスで約10分。,有。無料10台。場所をご案内いたしますので備考欄にお車で来られる事とメールアドレスをご明記ください。,福岡空港,https://img.travel.rakuten.co.jp/share/HOTEL/184878/184878.jpg,https://img.travel.rakuten.co.jp/HIMG/90/184878.jpg,,,https://img.travel.rakuten.co.jp/share/HOTEL/184878/184878map.gif,45.0,4.72,"夏で日陰がないので、荷物を運ぶのが大変でした。カートの貸出しとかあればなと思いました。　2026-09-16 19:48:52投稿 <a href=""https://img.travel.rakuten.co.jp/image/tr/api/re/gJNfM/?f_hotel_no=184878"" class=""3click"">つづきはこちら</a>",umi01,［露天ジャグジー付］潮風ヴィラ,5643168.0,【ゆったり露天ジャグジー】花畑と潮風に癒やされる休日♪一戸建てコテージで大切な方と＜潮風・素泊まり＞,1,0,0,0,0,1,https://img.travel.rakuten.co.jp/image/tr/api/re/IdsCY/?f_no=184878&f_syu=umi01&f_hi1=2026-10-03&f_hi2=2026-10-04&f_heya_su=1&f_otona_su=1&f_s1=0&f_s2=0&f_y1=0&f_y2=0&f_y3=0&f_y4=0&f_camp_id=5643168,0,2026-10-03,33000,33000,0,2026-10-03,seibu
194536,Ｍａｉｓｏｎ　Ｙｏｔｓｕｋｕｒｏ　＾,https://img.travel.rakuten.co.jp/image/tr/api/re/pvonD/?f_no=194536,https://img.travel.rakuten.co.jp/image/tr/api/re/vFumt/?f_no=194536&f_flg=PLAN,,https://img.travel.rakuten.co.jp/image/tr/api/re/gJNfM/?f_hotel_no=194536,,Ｍａｉｓｏｎ　Ｙｏｔｓｕｋｕｒｏ　は、活気あふれる商店街の中に佇むユニークな民泊施設です。,3852,120888.45,469479.26,810-0003,福岡県,福岡市中央区春吉1-3-12　Ｍａｉｓｏｎ　Ｙｏｔｓｕｋｕｒｏ,080-3188-3570,000-000-0000,渡辺通駅から徒歩で約４分,無し,薬院,https://img.travel.rakuten.co.jp/share/HOTEL/194536/194536.jpg,https://img.travel.rakuten.co.jp/HIMG/90/194536.jpg,,,https://img.travel.rakuten.co.jp/share/HOTEL/194536/194536map.gif,1.0,,,1236360_5,一戸建て,6248788.0,市場内に住む、非日常の体験を味わえる施設です。,1,0,0,0,0,2,https://img.travel.rakuten.co.jp/image/tr/api/re/IdsCY/?f_no=194536&f_syu=1236360_5&f_hi1=2026-10-03&f_hi2=2026-10-04&f_heya_su=1&f_otona_su=1&f_s1=0&f_s2=0&f_y1=0&f_y2=0&f_y3=0&f_y4=0&f_camp_id=6248788,0,2026-10-03,33060,33060,0,2026-10-03,seibu
190975,ヴィレッタ平和１０３号室／民泊,https://img.travel.rakuten.co.jp/image/tr/api/re/pvonD/?f_no=190975,https://img.travel.rakuten.co.jp/image/tr/api/re/vFumt/?f_no=190975&f_flg=PLAN,,https://img.travel.rakuten.co.jp/image/tr/api/re/gJNfM/?f_hotel_no=190975,,福岡市中央区平和にある当施設は、元４ＤＫの間取りの扉を無くしオープンスペースにしたことで、広【民泊】,4640,120829.22,469436.91,810-0016,福岡県,福岡市中央区平和3-8-16　ヴィレッタ平和103号室,080-1794-8140,000-000-0000,西鉄平尾駅から徒歩で約４分,無し,西鉄平尾,https://img.travel.rakuten.co.jp/share/HOTEL/190975/190975.jpg,https://img.travel.rakuten.co.jp/HIMG/90/190975.jpg,,,https://img.travel.rakuten.co.jp/share/HOTEL/190975/190975map.gif,1.0,,,r17963_6,ヴィレッタ平和103号室,6109000.0,最大6名宿泊可!長期滞在でも快適な広々空間。ヴィレッタ平和103,1,0,0,0,0,2,https://img.travel.rakuten.co.jp/image/tr/api/re/IdsCY/?f_no=190975&f_syu=r17963_6&f_hi1=2026-10-03&f_hi2=2026-10-04&f_heya_su=1&f_otona_su=1&f_s1=0&f_s2=0&f_y1=0&f_y2=0&f_y3=0&f_y4=0&f_camp_id=6109000,0,2026-10-03,34812,34812,0,2026-10-03,seibu
202100,アパホテル〈福岡天神〉（２０２６年９月２９日リブランドオープン）,https://img.travel.rakuten.co.jp/image/tr/api/re/pvonD/?f_no=202100,https://img.travel.rakuten.co.jp/image/tr/api/re/vFumt/?f_no=202100&f_flg=PLAN,https://img.travel.rakuten.co.jp/image/tr/api/re/WzozX/?noTomariHotel=202100,https://img.travel.rakuten.co.jp/image/tr/api/re/gJNfM/?f_hotel_no=202100,あぱほてるふくおかてんじん２０２６ねん９がつ２９にちりぶらんどおーぷん,ゆったり広めの客室で2名以上の利用に最適！天神・中洲も徒歩圏内！空港・新幹線・高速バス全てアクセス良好！便利なコンビニ付,5044,120908.58,469464.61,810-0003,福岡県,福岡市中央区春吉3-21-10,0570-005-311,092-751-0004,地下鉄七隈線「天神南駅」（6番出口）より徒歩3分／西鉄天神大牟田線「西鉄福岡（天神）駅」（南口）から徒歩5分,機械式立体駐車場5台　※先着順でご案内しております。ご予約は承っておりません。,西鉄福岡,https://img.travel.rakuten.co.jp/share/HOTEL/202100/202100.jpg,https://img.travel.rakuten.co.jp/HIMG/90/202100.jpg,,,https://img.travel.rakuten.co.jp/share/HOTEL/202100/202100map.gif,,,,s1,スタンダードダブルルーム　喫煙可,6610531.0,【楽天スーパーSALE】【素泊まり】地下鉄七隈線「天神南駅」より徒歩約3分の好アクセス！,1,0,0,0,0,1,https://img.travel.rakuten.co.jp/image/tr/api/re/IdsCY/?f_no=202100&f_syu=s1&f_hi1=2026-10-03&f_hi2=2026-10-04&f_heya_su=1&f_otona_su=1&f_s1=0&f_s2=0&f_y1=0&f_y2=0&f_y3=0&f_y4=0&f_camp_id=6610531,0,2026-10-03,35226,35226,0,2026-10-03,seibu
182774,ホテル　和　ＨＡＫＡＴＡ,https://img.travel.rakuten.co.jp/image/tr/api/re/pvonD/?f_no=182774,https://img.travel.rakuten.co.jp/image/tr/api/re/vFumt/?f_no=182774&f_flg=PLAN,https://img.travel.rakuten.co.jp/image/tr/api/re/WzozX/?noTomariHotel=182774,https://img.travel.rakuten.co.jp/image/tr/api/re/gJNfM/?f_hotel_no=182774,わはかた,【無人フロントホテル】博多の町を楽しめる冷泉町・店屋町エリア,2193,120935.51,469483.1,812-0025,福岡県,福岡市博多区店屋町7-3,092-409-4892,,「中洲川端駅」7番出口から徒歩5分、博多駅からバスで10分（「呉服町」下車）、キャナルシティまで徒歩10分,専用駐車場・提携駐車場はございません。 公式サイトから、近隣のコインパーキングをご確認下さい。,博多,https://img.travel.rakuten.co.jp/share/HOTEL/182774/182774.jpg,https://img.travel.rakuten.co.jp/HIMG/90/182774.jpg,,,https://img.travel.rakuten.co.jp/share/HOTEL/182774/182774map.gif,42.0,4.2,"また…　2026-09-23 20:43:17投稿 <a href=""https://img.travel.rakuten.co.jp/image/tr/api/re/gJNfM/?f_hotel_no=182774"" class=""3click"">つづきはこちら</a>",ahito,スタンダードA,6602552.0,【楽天スーパーSALE】【素泊まり】スタンダードプラン「迷ったらコレ！」,1,0,0,0,0,2,https://img.travel.rakuten.co.jp/image/tr/api/re/IdsCY/?f_no=182774&f_syu=ahito&f_hi1=2026-10-03&f_hi2=2026-10-04&f_heya_su=1&f_otona_su=1&f_s1=0&f_s2=0&f_y1=0&f_y2=0&f_y3=0&f_y4=0&f_camp_id=6602552,0,2026-10-03,36000,36000,0,2026-10-03,seibu
202370,ＴＡＢＩＧＯＹＡ　ＬＩＦＥ＆ＴＲＩＰ　ＴＥＮＪＩＮ　ＰＡＲＫＳＩＤＥ,https://img.travel.rakuten.co.jp/image/tr/api/re/pvonD/?f_no=202370,https://img.travel.rakuten.co.jp/image/tr/api/re/vFumt/?f_no=202370&f_flg=PLAN,,https://img.travel.rakuten.co.jp/image/tr/api/re/gJNfM/?f_hotel_no=202370,たびごやてんじんぱーくさいど,【通常プラン】天神エリアのレジデンスで過ごす「旅小屋」ステイ★ライブや観光に◎Wベッド2台＆キッチン,2343,120925.9,469426.25,810-0073,福岡県,福岡市中央区舞鶴1-6-6,050-1720-7129,--,福岡市営地下鉄 天神駅より徒歩10分　天神地下街「西１」出口から徒歩７分,なし,天神,https://img.travel.rakuten.co.jp/share/HOTEL/202370/202370.jpg,https://img.travel.rakuten.co.jp/HIMG/90/202370.jpg,,,https://img.travel.rakuten.co.jp/share/HOTEL/202370/202370map.gif,,,,twind,ツインダブル,6612184.0,【返金不可・20％OFF 開業記念】天神エリアのレジデンスで過ごす「旅小屋」ステイ,1,0,0,0,0,2,https://img.travel.rakuten.co.jp/image/tr/api/re/IdsCY/?f_no=202370&f_syu=twind&f_hi1=2026-10-03&f_hi2=2026-10-04&f_heya_su=1&f_otona_su=1&f_s1=0&f_s2=0&f_y1=0&f_y2=0&f_y3=0&f_y4=0&f_camp_id=6612184,0,2026-10-03,37080,37080,0,2026-10-03,seibu
197719,ホテルリファレンス天神コンドミニアム,https://img.travel.rakuten.co.jp/image/tr/api/re/pvonD/?f_no=197719,https://img.travel.rakuten.co.jp/image/tr/api/re/vFumt/?f_no=197719&f_flg=PLAN,,https://img.travel.rakuten.co.jp/image/tr/api/re/gJNfM/?f_hotel_no=197719,ほてるりふぁれんすてんじんこんどみにあむ,地下鉄天神駅より徒歩5分、観光もグルメもすぐそこ,8433,120924.31,469438.86,810-0001,福岡県,福岡市中央区天神3-15-25,092-402-7420,--,福岡市地下鉄空港線天神駅より地下街経由で西１出口から出て徒歩２分,なし,天神,https://img.travel.rakuten.co.jp/share/HOTEL/197719/197719.jpg,https://img.travel.rakuten.co.jp/HIMG/90/197719.jpg,,,https://img.travel.rakuten.co.jp/share/HOTEL/197719/197719map.gif,2.0,,,ten01,【禁煙】ダブルベッド1台にソファベッド1台【1Kスタイル】,6357456.0,【アパートメントホテル】地下鉄天神駅より徒歩5分　2025年10月にリノベ実施【素泊まり】,1,0,0,0,0,2,https://img.travel.rakuten.co.jp/image/tr/api/re/IdsCY/?f_no=197719&f_syu=ten01&f_hi1=2026-10-03&f_hi2=2026-10-04&f_heya_su=1&f_otona_su=1&f_s1=0&f_s2=0&f_y1=0&f_y2=0&f_y3=0&f_y4=0&f_camp_id=6357456,0,2026-10-03,37400,37400,0,2026-10-03,seibu
180671,ヒット天神（ＨＩＴ　Ｔｅｎｊｉｎ）,https://img.travel.rakuten.co.jp/image/tr/api/re/pvonD/?f_no=180671,https://img.travel.rakuten.co.jp/image/tr/api/re/vFumt/?f_no=180671&f_flg=PLAN,https://img.travel.rakuten.co.jp/image/tr/api/re/WzozX/?noTomariHotel=180671,https://img.travel.rakuten.co.jp/image/tr/api/re/gJNfM/?f_hotel_no=180671,ひっとてんじん,賃貸とホテルが共存する「ホテルになったマンション」。充実設備で暮らすような空間を♪,2512,120926.61,469441.29,810-0001,福岡県,福岡市中央区天神4-4-18,050-1720-7129,,天神地下街・東出口から徒歩1分、地下鉄「天神駅」より徒歩5分,無し,天神,https://img.travel.rakuten.co.jp/share/HOTEL/180671/180671.jpg,https://img.travel.rakuten.co.jp/HIMG/90/180671.jpg,,,https://img.travel.rakuten.co.jp/share/HOTEL/180671/180671map.gif,19.0,1.0,"paypay支払いの方法…　2025-11-20 19:37:48投稿 <a href=""https://img.travel.rakuten.co.jp/image/tr/api/re/gJNfM/?f_hotel_no=180671"" class=""3click"">つづきはこちら</a>",hit02,ツインダブル,5264101.0,【直前割3】チェックイン3日前以内のご予約でお得にご宿泊プラン♪,1,0,0,0,0,1,https://img.travel.rakuten.co.jp/image/tr/api/re/IdsCY/?f_no=180671&f_syu=hit02&f_hi1=2026-10-03&f_hi2=2026-10-04&f_heya_su=1&f_otona_su=1&f_s1=0&f_s2=0&f_y1=0&f_y2=0&f_y3=0&f_y4=0&f_camp_id=5264101,0,2026-10-03,38007,38007,0,2026-10-03,seibu
178343,ｍｉｚｕｋａ　Ｄａｉｍｙｏ　３　‐ｕｎｍａｎｎｅｄ　ｈｏｔｅｌ‐,https://img.travel.rakuten.co.jp/image/tr/api/re/pvonD/?f_no=178343,https://img.travel.rakuten.co.jp/image/tr/api/re/vFumt/?f_no=178343&f_flg=PLAN,,https://img.travel.rakuten.co.jp/image/tr/api/re/gJNfM/?f_hotel_no=178343,みずかだいみょう　すりー　あまんどほてる,SNSで話題のデザイナーズホテル。日常から解き放たれるシンプルで洗練された空間で、あなただけの非日常をお楽しみください。,2134,120902.18,469436.26,810-0041,福岡県,福岡市中央区大名1-15-35　大名247ビル　5Ｆ‐Ｂ,03-4531-9681,000-000-0000,西鉄福岡駅より徒歩にて約５分,無し,西鉄福岡,https://img.travel.rakuten.co.jp/share/HOTEL/178343/178343.jpg,https://img.travel.rakuten.co.jp/HIMG/90/178343.jpg,,,https://img.travel.rakuten.co.jp/share/HOTEL/178343/178343map.gif,18.0,3.0,"部屋の内容等は、及第点ですが、入口扉ノブが外…　2026-07-29 08:41:56投稿 <a href=""https://img.travel.rakuten.co.jp/image/tr/api/re/gJNfM/?f_hotel_no=178343"" class=""3click"">つづきはこちら</a>",dai3fee504,スタンダードダブルルーム ダブルベッド2台付（連泊清掃なし）,6564859.0,【楽天スーパーSALE】【素泊まり】非対面CIで密回避！博多でワーケーションなら♪,1,0,0,0,0,2,https://img.travel.rakuten.co.jp/image/tr/api/re/IdsCY/?f_no=178343&f_syu=dai3fee504&f_hi1=2026-10-03&f_hi2=2026-10-04&f_heya_su=1&f_otona_su=1&f_s1=0&f_s2=0&f_y1=0&f_y2=0&f_y3=0&f_y4=0&f_camp_id=6564859,0,2026-10-03,39372,39372,0,2026-10-03,seibu
197737,Ａｓｕｉｔｅ　Ｈａｋａｔａ　ｂｙ　ＡＳＵＭＩＲＵ,https://img.travel.rakuten.co.jp/image/tr/api/re/pvonD/?f_no=197737,https://img.travel.rakuten.co.jp/image/tr/api/re/vFumt/?f_no=197737&f_flg=PLAN,,https://img.travel.rakuten.co.jp/image/tr/api/re/gJNfM/?f_hotel_no=197737,えいすいーとはかたばいあすみる,行きたい場所がすべて近くにある、モダン＆快適なデザインホテル！天神南駅から徒歩4分！,5896,120909.0,469468.61,810-0003,福岡県,福岡市中央区春吉3-22-1,050-5482-3715,050-3588-6542,地下鉄天神南駅から徒歩で約4分、福岡空港から地下鉄で約20分,なし,天神,https://img.travel.rakuten.co.jp/share/HOTEL/197737/197737.jpg,https://img.travel.rakuten.co.jp/HIMG/90/197737.jpg,,,https://img.travel.rakuten.co.jp/share/HOTEL/197737/197737map.gif,6.0,4.0,,asn0002,スタンダード ツインルーム,6336901.0,【返金不可／素泊まり】キャンセル不可だからオトク！予定が決まった方はこちら♪,1,0,0,0,0,2,https://img.travel.rakuten.co.jp/image/tr/api/re/IdsCY/?f_no=197737&f_syu=asn0002&f_hi1=2026-10-03&f_hi2=2026-10-04&f_heya_su=1&f_otona_su=1&f_s1=0&f_s2=0&f_y1=0&f_y2=0&f_y3=0&f_y4=0&f_camp_id=6336901,0,2026-10-03,41690,41690,0,2026-10-03,seibu
186753,ＶＩＤＡ博多　＾,https://img.travel.rakuten.co.jp/image/tr/api/re/pvonD/?f_no=186753,https://img.travel.rakuten.co.jp/image/tr/api/re/vFumt/?f_no=186753&f_flg=PLAN,,https://img.travel.rakuten.co.jp/image/tr/api/re/gJNfM/?f_hotel_no=186753,,■ご注意ください■予約後、チェックインに関するメールが届きます。,7888,120892.89,469530.43,812-0016,福岡県,福岡市博多区博多駅南1-15-15　ＶＩＤＡ　Ｈａｋａｔａ　301,092-441-2905,000-000-0000,博多駅から徒歩で約７分,無し,博多,https://img.travel.rakuten.co.jp/share/HOTEL/186753/186753.jpg,https://img.travel.rakuten.co.jp/HIMG/90/186753.jpg,,,https://img.travel.rakuten.co.jp/share/HOTEL/186753/186753map.gif,,,,663191_4,スタンダードルーム,5799221.0,【博多駅まで徒歩9分】ダブルベッド2台_キッチン付_VIDA博多301(31.0m2),1,0,0,0,0,2,https://img.travel.rakuten.co.jp/image/tr/api/re/IdsCY/?f_no=186753&f_syu=663191_4&f_hi1=2026-10-03&f_hi2=2026-10-04&f_heya_su=1&f_otona_su=1&f_s1=0&f_s2=0&f_y1=0&f_y2=0&f_y3=0&f_y4=0&f_camp_id=5799221,0,2026-10-03,41992,41992,0,2026-10-03,seibu
180071,ランドーホテル福岡クラシック,https://img.travel.rakuten.co.jp/image/tr/api/re/pvonD/?f_no=180071,https://img.travel.rakuten.co.jp/image/tr/api/re/vFumt/?f_no=180071&f_flg=PLAN,https://img.travel.rakuten.co.jp/image/tr/api/re/WzozX/?noTomariHotel=180071,https://img.travel.rakuten.co.jp/image/tr/api/re/gJNfM/?f_hotel_no=180071,らんどーほてるふくおかくらしっく,☆全室家具家電キッチン完備のスイートルーム☆,4500,120865.48,469483.67,810-0011,福岡県,福岡市中央区高砂2-13-1,092-526-5231,03-5615-2997,西鉄平尾駅より徒歩にて約８分,駐車場のご用意はございません。近隣のパーキングをご利用くださいませ。,西鉄平尾,https://img.travel.rakuten.co.jp/share/HOTEL/180071/180071.jpg,https://img.travel.rakuten.co.jp/HIMG/90/180071.jpg,,,https://img.travel.rakuten.co.jp/share/HOTEL/180071/180071map.gif,52.0,3.6,"あとは特に普通。　2026-05-09 20:16:17投稿 <a href=""https://img.travel.rakuten.co.jp/image/tr/api/re/gJNfM/?f_hotel_no=180071"" class=""3click"">つづきはこちら</a>",rei,エグゼクティブスイート/30平米　-礼-,4983378.0,【全室30㎡以上】【返金不可】話題の新築アパートメントホテルでゆったりステイ★,1,0,0,0,0,2,https://img.travel.rakuten.co.jp/image/tr/api/re/IdsCY/?f_no=180071&f_syu=rei&f_hi1=2026-10-03&f_hi2=2026-10-04&f_heya_su=1&f_otona_su=1&f_s1=0&f_s2=0&f_y1=0&f_y2=0&f_y3=0&f_y4=0&f_camp_id=4983378,0,2026-10-03,42000,42000,0,2026-10-03,seibu
196419,博多の旅籠　すノや,https://img.travel.rakuten.co.jp/image/tr/api/re/pvonD/?f_no=196419,https://img.travel.rakuten.co.jp/image/tr/api/re/vFumt/?f_no=196419&f_flg=PLAN,,https://img.travel.rakuten.co.jp/image/tr/api/re/gJNfM/?f_hotel_no=196419,はかたのはたご　すのや,博多の須崎町を楽しむスマートステイ,4200,120937.82,469459.78,812-0028,福岡県,福岡市博多区須崎町6-5,070-5697-6932,092-510-1979,中洲川端駅から徒歩で約６分,無し,中洲川端,https://img.travel.rakuten.co.jp/share/HOTEL/196419/196419.jpg,https://img.travel.rakuten.co.jp/HIMG/90/196419.jpg,,,https://img.travel.rakuten.co.jp/share/HOTEL/196419/196419map.gif,1.0,,,twin3f,【ツインルーム】3階,6247379.0,【スタンダードプラン】歴史息づく博多の街でおトクな旅を,1,0,0,0,0,1,https://img.travel.rakuten.co.jp/image/tr/api/re/IdsCY/?f_no=196419&f_syu=twin3f&f_hi1=2026-10-03&f_hi2=2026-10-04&f_heya_su=1&f_otona_su=1&f_s1=0&f_s2=0&f_y1=0&f_y2=0&f_y3=0&f_y4=0&f_camp_id=6247379,0,2026-10-03,42140,42140,0,2026-10-03,seibu
176616,ＨＯＴＥＬ　ＣＯＣＯＮ,https://img.travel.rakuten.co.jp/image/tr/api/re/pvonD/?f_no=176616,https://img.travel.rakuten.co.jp/image/tr/api/re/vFumt/?f_no=176616&f_flg=PLAN,https://img.travel.rakuten.co.jp/image/tr/api/re/WzozX/?noTomariHotel=176616,https://img.travel.rakuten.co.jp/image/tr/api/re/gJNfM/?f_hotel_no=176616,ここん,【無人フロントホテル】＜広い客室、キーレス＞薬院駅徒歩３分！和を感じるモダンなリビングルーム,1934,120880.95,469466.33,810-0011,福岡県,福岡市中央区高砂1-22-23,092-409-4892,,天神：天神駅から１駅の薬院駅下りて徒歩３分　博多：博多駅から約１０分の薬院駅下りて徒歩３分,専用駐車場・提携駐車場はございません。 公式サイトから、近隣のコインパーキングをご確認下さい。,薬院,https://img.travel.rakuten.co.jp/share/HOTEL/176616/176616.jpg,https://img.travel.rakuten.co.jp/HIMG/90/176616.jpg,https://img.travel.rakuten.co.jp/share/HOTEL/176616/176616_kan1.jpg,https://img.travel.rakuten.co.jp/HIMG/INTERIOR/176616.jpg,https://img.travel.rakuten.co.jp/share/HOTEL/176616/176616map.gif,8.0,5.0,,bhito,エグゼクティブB,6602488.0,【楽天スーパーSALE】【素泊まり】スタンダードプラン「迷ったらコレ！」,1,0,0,0,0,2,https://img.travel.rakuten.co.jp/image/tr/api/re/IdsCY/?f_no=176616&f_syu=bhito&f_hi1=2026-10-03&f_hi2=2026-10-04&f_heya_su=1&f_otona_su=1&f_s1=0&f_s2=0&f_y1=0&f_y2=0&f_y3=0&f_y4=0&f_camp_id=6602488,0,2026-10-03,42975,42975,0,2026-10-03,seibu
200640,生の松原ハイツ／民泊,https://img.travel.rakuten.co.jp/image/tr/api/re/pvonD/?f_no=200640,https://img.travel.rakuten.co.jp/image/tr/api/re/vFumt/?f_no=200640&f_flg=PLAN,,https://img.travel.rakuten.co.jp/image/tr/api/re/gJNfM/?f_hotel_no=200640,,＊202＊「生の松原海岸」に隣接！海と森林を同時に楽しめる場所！,4447,120885.06,469104.44,819-0055,福岡県,福岡市西区生の松原1-19-5　生の松原ハイツ,090-2084-2554,00-0000-0000,下山門駅から徒歩で2分,なし,下山門,https://img.travel.rakuten.co.jp/share/HOTEL/200640/200640.jpg,https://img.travel.rakuten.co.jp/HIMG/90/200640.jpg,,,https://img.travel.rakuten.co.jp/share/HOTEL/200640/200640map.gif,,,,r23088_4,生の松原ハイツ 203号,6547356.0,203癒しスポット「生の松原海岸」に隣接!天神から車で30分,1,0,0,0,0,2,https://img.travel.rakuten.co.jp/image/tr/api/re/IdsCY/?f_no=200640&f_syu=r23088_4&f_hi1=2026-10-03&f_hi2=2026-10-04&f_heya_su=1&f_otona_su=1&f_s1=0&f_s2=0&f_y1=0&f_y2=0&f_y3=0&f_y4=0&f_camp_id=6547356,0,2026-10-03,44660,44660,0,2026-10-03,seibu
194510,ＣＡＳＡ　ｄｉ　ＰＡＬＭＥ　ＩＴＯＳＨＩＭＡ　（南国風グランピング施設）／民泊,https://img.travel.rakuten.co.jp/image/tr/api/re/pvonD/?f_no=194510,https://img.travel.rakuten.co.jp/image/tr/api/re/vFumt/?f_no=194510&f_flg=PLAN,,https://img.travel.rakuten.co.jp/image/tr/api/re/gJNfM/?f_hotel_no=194510,,開放感あふれる南国リゾート風の癒し空間ーペット同伴ＯＫ！　【民泊】,7934,120908.58,468441.08,819-1335,福岡県,糸島市志摩芥屋121-11　ＣＡＳＡ　ｄｉ　ＰＡＬＭＥ　　ＩＴＯＳＨＩＭＡ,090-9592-3554,000-000-0000,加布里駅から車で約１５分,有り,加布里,https://img.travel.rakuten.co.jp/share/HOTEL/194510/194510.jpg,https://img.travel.rakuten.co.jp/HIMG/90/194510.jpg,,,https://img.travel.rakuten.co.jp/share/HOTEL/194510/194510map.gif,4.0,,,r19268_6,CASA di PALME ITOSHIMA,6607249.0,【楽天スーパーSALE】ペットと同伴でＢＢＱ、アウトドアが楽しめるグランピング施設,1,0,0,0,0,2,https://img.travel.rakuten.co.jp/image/tr/api/re/IdsCY/?f_no=194510&f_syu=r19268_6&f_hi1=2026-10-03&f_hi2=2026-10-04&f_heya_su=1&f_otona_su=1&f_s1=0&f_s2=0&f_y1=0&f_y2=0&f_y3=0&f_y4=0&f_camp_id=6607249,0,2026-10-03,53244,53244,0,2026-10-03,seibu
198824,Ｈｏｔｅｌ　ＦＵＫ＋Ｏ,https://img.travel.rakuten.co.jp/image/tr/api/re/pvonD/?f_no=198824,https://img.travel.rakuten.co.jp/image/tr/api/re/vFumt/?f_no=198824&f_flg=PLAN,,https://img.travel.rakuten.co.jp/image/tr/api/re/gJNfM/?f_hotel_no=198824,ほてるふくお,最大10名でお泊りいただけるお部屋あります！,1988,120931.92,469440.85,810-0001,福岡県,福岡市中央区天神5-5-8,092-409-4892,092-401-1057,天神駅徒歩5分,なし,天神,https://img.travel.rakuten.co.jp/share/HOTEL/198824/198824.jpg,https://img.travel.rakuten.co.jp/HIMG/90/198824.jpg,,,https://img.travel.rakuten.co.jp/share/HOTEL/198824/198824map.gif,3.0,,,bhito,スーペリアトリプルルームB,6602985.0,【楽天スーパーSALE】【素泊まり】スタンダードプラン「迷ったらコレ！」,1,0,0,0,0,2,https://img.travel.rakuten.co.jp/image/tr/api/re/IdsCY/?f_no=198824&f_syu=bhito&f_hi1=2026-10-03&f_hi2=2026-10-04&f_heya_su=1&f_otona_su=1&f_s1=0&f_s2=0&f_y1=0&f_y2=0&f_y3=0&f_y4=0&f_camp_id=6602985,0,2026-10-03,60000,60000,0,2026-10-03,seibu
188824,ＡＬＦＡＣＩＯ　ＲＥＳＯＲＴ　ＳＴＡＹ　ＩＴＯＳＨＩＭＡ,https://img.travel.rakuten.co.jp/image/tr/api/re/pvonD/?f_no=188824,https://img.travel.rakuten.co.jp/image/tr/api/re/vFumt/?f_no=188824&f_flg=PLAN,,https://img.travel.rakuten.co.jp/image/tr/api/re/gJNfM/?f_hotel_no=188824,あるふぁしお　りぞーと　すてい　いとしま,ペットと宿泊できる全室オーシャンビューの贅沢空間,14000,120535.04,468176.66,819-1642,福岡県,糸島市二丈鹿家1792-1,092-292-2431,092-292-3314,ＪＲ　鹿家駅より徒歩約１分,有り　９台　無料　予約不要,鹿家,https://img.travel.rakuten.co.jp/share/HOTEL/188824/188824.jpg,https://img.travel.rakuten.co.jp/HIMG/90/188824.jpg,,,https://img.travel.rakuten.co.jp/share/HOTEL/188824/188824map.gif,9.0,4.38,,superior,スーペリアオーシャンビュー,5894444.0,スタンダードプラン　全室オーシャンビュー（お食事なし）【ペット可】,1,0,0,0,0,2,https://img.travel.rakuten.co.jp/image/tr/api/re/IdsCY/?f_no=188824&f_syu=superior&f_hi1=2026-10-03&f_hi2=2026-10-04&f_heya_su=1&f_otona_su=1&f_s1=0&f_s2=0&f_y1=0&f_y2=0&f_y3=0&f_y4=0&f_camp_id=5894444,0,2026-10-03,65000,65000,0,2026-10-03,seibu
202315,Ｎｏｎｅｔｔｅ　博多春吉,https://img.travel.rakuten.co.jp/image/tr/api/re/pvonD/?f_no=202315,https://img.travel.rakuten.co.jp/image/tr/api/re/vFumt/?f_no=202315&f_flg=PLAN,,https://img.travel.rakuten.co.jp/image/tr/api/re/gJNfM/?f_hotel_no=202315,のねっとはかたはるよし,新築アパートメントホテルが誕生！,2006,120894.91,469476.26,810-0003,福岡県,福岡市中央区春吉1-12-20,092-409-4892,--,地下鉄七隈線渡辺通駅から徒歩7分,なし,中洲川端,https://img.travel.rakuten.co.jp/share/HOTEL/202315/202315.jpg,https://img.travel.rakuten.co.jp/HIMG/90/202315.jpg,,,https://img.travel.rakuten.co.jp/share/HOTEL/202315/202315map.gif,1.0,,,chito,ファミリースタジオC,6611609.0,【素泊まり】スタンダードプラン「迷ったらコレ！」,1,0,0,0,0,2,https://img.travel.rakuten.co.jp/image/tr/api/re/IdsCY/?f_no=202315&f_syu=chito&f_hi1=2026-10-03&f_hi2=2026-10-04&f_heya_su=1&f_otona_su=1&f_s1=0&f_s2=0&f_y1=0&f_y2=0&f_y3=0&f_y4=0&f_camp_id=6611609,0,2026-10-03,66668,66668,0,2026-10-03,seibu
201838,おやどらんたん中洲川端,https://img.travel.rakuten.co.jp/image/tr/api/re/pvonD/?f_no=201838,https://img.travel.rakuten.co.jp/image/tr/api/re/vFumt/?f_no=201838&f_flg=PLAN,,https://img.travel.rakuten.co.jp/image/tr/api/re/gJNfM/?f_hotel_no=201838,おやどらんたんなかすかわばた,駅近くにリノベーションホテル誕生！,2324,120932.26,469477.24,812-0026,福岡県,福岡市博多区上川端町14-26,092-409-4892,--,中洲川端駅(7番出口)より徒歩2分,専用駐車場・提携駐車場はございません。 公式サイトから、近隣のコインパーキングをご確認下さい。,中洲川端,https://img.travel.rakuten.co.jp/share/HOTEL/201838/201838.jpg,https://img.travel.rakuten.co.jp/HIMG/90/201838.jpg,,,https://img.travel.rakuten.co.jp/share/HOTEL/201838/201838map.gif,2.0,,,ahito,トリプルルームA,6602987.0,【楽天スーパーSALE】【素泊まり】スタンダードプラン「迷ったらコレ！」,1,0,0,0,0,2,https://img.travel.rakuten.co.jp/image/tr/api/re/IdsCY/?f_no=201838&f_syu=ahito&f_hi1=2026-10-03&f_hi2=2026-10-04&f_heya_su=1&f_otona_su=1&f_s1=0&f_s2=0&f_y1=0&f_y2=0&f_y3=0&f_y4=0&f_camp_id=6602987,0,2026-10-03,71250,71250,0,2026-10-03,seibu
182830,ＨＯＴＥＬ　ＳＯ　ＳＵＭＩＹＯＳＨＩ,https://img.travel.rakuten.co.jp/image/tr/api/re/pvonD/?f_no=182830,https://img.travel.rakuten.co.jp/image/tr/api/re/vFumt/?f_no=182830&f_flg=PLAN,https://img.travel.rakuten.co.jp/image/tr/api/re/WzozX/?noTomariHotel=182830,https://img.travel.rakuten.co.jp/image/tr/api/re/gJNfM/?f_hotel_no=182830,ほてる　そう　すみよし,渡辺通り駅から徒歩８分。80sの雰囲気が味わえるラグジュアリーなコンドミニアムタイプ。,7559,120887.91,469488.22,812-0018,福岡県,福岡市博多区住吉4-28-14,092-753-6509 ,092-724-3609,地下鉄七隈線【渡辺通】より徒歩約８分,無し,博多,https://img.travel.rakuten.co.jp/share/HOTEL/182830/182830.jpg,https://img.travel.rakuten.co.jp/HIMG/90/182830.jpg,,,https://img.travel.rakuten.co.jp/share/HOTEL/182830/182830map.gif,38.0,0.0,,proj4bed,フォーベッド【ソファー】,6336281.0,【連泊プラン】,1,0,0,0,0,2,https://img.travel.rakuten.co.jp/image/tr/api/re/IdsCY/?f_no=182830&f_syu=proj4bed&f_hi1=2026-10-03&f_hi2=2026-10-04&f_heya_su=1&f_otona_su=1&f_s1=0&f_s2=0&f_y1=0&f_y2=0&f_y3=0&f_y4=0&f_camp_id=6336281,0,2026-10-03,73000,73000,0,2026-10-03,seibu
189143,Ｓｎｏｗ　Ｐｅａｋ　ＹＡＫＥＩ　ＳＵＩＴＥ,https://img.travel.rakuten.co.jp/image/tr/api/re/pvonD/?f_no=189143,https://img.travel.rakuten.co.jp/image/tr/api/re/vFumt/?f_no=189143&f_flg=PLAN,,https://img.travel.rakuten.co.jp/image/tr/api/re/gJNfM/?f_hotel_no=189143,すのーぴーくやけいすいーと,【博多から車で30分】＜Snow Peak最高級アウトドアラグジュアリー施設＞眼下に広がる福岡の美しい夜景が魅力,44000,120620.44,469367.19,811-1353,福岡県,福岡市南区柏原710-2,092-235-1827,092-980-5304,福岡市都市高速「堤ランプ」から車で約15分,有り　２６台　無料　予約不要,博多南,https://img.travel.rakuten.co.jp/share/HOTEL/189143/189143.jpg,https://img.travel.rakuten.co.jp/HIMG/90/189143.jpg,,,https://img.travel.rakuten.co.jp/share/HOTEL/189143/189143map.gif,17.0,4.89,"また宿泊したくなる宿です。　2026-08-16 20:23:56投稿 <a href=""https://img.travel.rakuten.co.jp/image/tr/api/re/gJNfM/?f_hotel_no=189143"" class=""3click"">つづきはこちら</a>",tent,「LAND CAVE」スノーピーク開発の大型テント／75平米,6581391.0,【お日にち限定／直前割15％OFF】星付きシェフによる絶品フレンチを部屋食で堪能（2食付）,1,1,0,1,0,2,https://img.travel.rakuten.co.jp/image/tr/api/re/IdsCY/?f_no=189143&f_syu=tent&f_hi1=2026-10-03&f_hi2=2026-10-04&f_heya_su=1&f_otona_su=1&f_s1=0&f_s2=0&f_y1=0&f_y2=0&f_y3=0&f_y4=0&f_camp_id=6581391,0,2026-10-03,73761,73761,0,2026-10-03,seibu
181074,グランドべース福岡天神,https://img.travel.rakuten.co.jp/image/tr/api/re/pvonD/?f_no=181074,https://img.travel.rakuten.co.jp/image/tr/api/re/vFumt/?f_no=181074&f_flg=PLAN,https://img.travel.rakuten.co.jp/image/tr/api/re/WzozX/?noTomariHotel=181074,https://img.travel.rakuten.co.jp/image/tr/api/re/gJNfM/?f_hotel_no=181074,ぐらんどべーすふくおかてんじん,【無人フロントホテル】天神・博多へアクセス◎最大4名泊まれるスマートホテル！キッチン＆洗濯機付で長期滞在にもおすすめ★,4550,120896.18,469462.91,810-0004,福岡県,福岡市中央区渡辺通3-6-2,092-409-4892,,「天神南駅」1番出口から徒歩7分、「渡辺通駅」2番出口から徒歩5分、博多駅からはバスで「渡辺通2丁目」で下車後徒歩2分,敷地内に有料コインパーキング有（軽自動車専用 6台）,福岡空港,https://img.travel.rakuten.co.jp/share/HOTEL/181074/181074.jpg,https://img.travel.rakuten.co.jp/HIMG/90/181074.jpg,,,https://img.travel.rakuten.co.jp/share/HOTEL/181074/181074map.gif,9.0,4.0,,bhito,スーペリアB,6602509.0,【楽天スーパーSALE】【素泊まり】スタンダードプラン「迷ったらコレ！」,1,0,0,0,0,2,https://img.travel.rakuten.co.jp/image/tr/api/re/IdsCY/?f_no=181074&f_syu=bhito&f_hi1=2026-10-03&f_hi2=2026-10-04&f_heya_su=1&f_otona_su=1&f_s1=0&f_s2=0&f_y1=0&f_y2=0&f_y3=0&f_y4=0&f_camp_id=6602509,0,2026-10-03,79500,79500,0,2026-10-03,seibu
196262,ホテル＆レジデンス春吉,https://img.travel.rakuten.co.jp/image/tr/api/re/pvonD/?f_no=196262,https://img.travel.rakuten.co.jp/image/tr/api/re/vFumt/?f_no=196262&f_flg=PLAN,,https://img.travel.rakuten.co.jp/image/tr/api/re/gJNfM/?f_hotel_no=196262,あんどれじでんすはるよし,新築アパートに泊まれる！,2886,120900.61,469481.11,810-0003,福岡県,福岡市中央区春吉2-3-14,092-409-4892,092-401-1057,天神南駅より徒歩約１０分,無し,天神,https://img.travel.rakuten.co.jp/share/HOTEL/196262/196262.jpg,https://img.travel.rakuten.co.jp/HIMG/90/196262.jpg,,,https://img.travel.rakuten.co.jp/share/HOTEL/196262/196262map.gif,2.0,,,bhito,ファミリーB,6602856.0,【楽天スーパーSALE】【素泊まり】スタンダードプラン「迷ったらコレ！」,1,0,0,0,0,2,https://img.travel.rakuten.co.jp/image/tr/api/re/IdsCY/?f_no=196262&f_syu=bhito&f_hi1=2026-10-03&f_hi2=2026-10-04&f_heya_su=1&f_otona_su=1&f_s1=0&f_s2=0&f_y1=0&f_y2=0&f_y3=0&f_y4=0&f_camp_id=6602856,0,2026-10-03,87502,87502,0,2026-10-03,seibu
200463,Ｂｌｅｕ　ｄｅ　Ｉｔｏｓｈｉｍａ２／民泊,https://img.travel.rakuten.co.jp/image/tr/api/re/pvonD/?f_no=200463,https://img.travel.rakuten.co.jp/image/tr/api/re/vFumt/?f_no=200463&f_flg=PLAN,,https://img.travel.rakuten.co.jp/image/tr/api/re/gJNfM/?f_hotel_no=200463,, ,9641,120908.63,468438.99,819-1335,福岡県,糸島市志摩芥屋121-4　Ｂｌｅｕ　ｄｅ　Ｉｔｏｓｈｉｍａ２,092-406-2203,00-0000-0000,加布里駅から車で15分,あり,加布里,https://img.travel.rakuten.co.jp/share/HOTEL/200463/200463.jpg,https://img.travel.rakuten.co.jp/HIMG/90/200463.jpg,,,https://img.travel.rakuten.co.jp/share/HOTEL/200463/200463map.gif,,,,r22795_5,Bleu de Itoshima2,6508884.0,New! Bleu de Itoshima 2号棟: 海風感じるラグジュアリー空間で癒しのひとときを,1,0,0,0,0,2,https://img.travel.rakuten.co.jp/image/tr/api/re/IdsCY/?f_no=200463&f_syu=r22795_5&f_hi1=2026-10-03&f_hi2=2026-10-04&f_heya_su=1&f_otona_su=1&f_s1=0&f_s2=0&f_y1=0&f_y2=0&f_y3=0&f_y4=0&f_camp_id=6508884,0,2026-10-03,87696,87696,0,2026-10-03,seibu
200471,Ｂｌｅｕ　ｄｅ　Ｉｔｏｓｈｉｍａ１／民泊,https://img.travel.rakuten.co.jp/image/tr/api/re/pvonD/?f_no=200471,https://img.travel.rakuten.co.jp/image/tr/api/re/vFumt/?f_no=200471&f_flg=PLAN,,https://img.travel.rakuten.co.jp/image/tr/api/re/gJNfM/?f_hotel_no=200471,, ,10569,120908.52,468438.47,819-1335,福岡県,糸島市志摩芥屋122-3　Ｂｌｅｕ　ｄｅ　Ｉｔｏｓｈｉｍａ１,092-406-2203,00-0000-0000,加布里駅から車で16分,あり,加布里,https://img.travel.rakuten.co.jp/share/HOTEL/200471/200471.jpg,https://img.travel.rakuten.co.jp/HIMG/90/200471.jpg,,,https://img.travel.rakuten.co.jp/share/HOTEL/200471/200471map.gif,,,,r22796_5,Bleu de Itoshima1,6511967.0,新着!サウナ・プール完備|非日常を味わう一棟貸しヴィラ,1,0,0,0,0,2,https://img.travel.rakuten.co.jp/image/tr/api/re/IdsCY/?f_no=200471&f_syu=r22796_5&f_hi1=2026-10-03&f_hi2=2026-10-04&f_heya_su=1&f_otona_su=1&f_s1=0&f_s2=0&f_y1=0&f_y2=0&f_y3=0&f_y4=0&f_camp_id=6511967,0,2026-10-03,87696,87696,0,2026-10-03,seibu
196878,グランデエス天神,https://img.travel.rakuten.co.jp/image/tr/api/re/pvonD/?f_no=196878,https://img.travel.rakuten.co.jp/image/tr/api/re/vFumt/?f_no=196878&f_flg=PLAN,,https://img.travel.rakuten.co.jp/image/tr/api/re/gJNfM/?f_hotel_no=196878,ぐらんでえすてんじん,天神南駅より徒歩５分,5210,120899.74,469462.89,810-0004,福岡県,福岡市中央区渡辺通5-15-3,090-3073-1234,--,福岡空港駅から博多駅まで約５分・乗り換え後博多駅から天神南駅・天神南駅から徒歩約５分,無し,天神,https://img.travel.rakuten.co.jp/share/HOTEL/196878/196878.jpg,https://img.travel.rakuten.co.jp/HIMG/90/196878.jpg,,,https://img.travel.rakuten.co.jp/share/HOTEL/196878/196878map.gif,,,,grdstwn,1K・シングルベッド2台,,,1,0,0,0,0,2,https://img.travel.rakuten.co.jp/image/tr/api/re/IdsCY/?f_no=196878&f_syu=grdstwn&f_hi1=2026-10-03&f_hi2=2026-10-04&f_heya_su=1&f_otona_su=1&f_s1=0&f_s2=0&f_y1=0&f_y2=0&f_y3=0&f_y4=0,1,2026-10-03,99999,99999,0,2026-10-03,seibu
195216,ＳｔａｒーＳｅｖｅｎ　糸島／民泊,https://img.travel.rakuten.co.jp/image/tr/api/re/pvonD/?f_no=195216,https://img.travel.rakuten.co.jp/image/tr/api/re/vFumt/?f_no=195216&f_flg=PLAN,,https://img.travel.rakuten.co.jp/image/tr/api/re/gJNfM/?f_hotel_no=195216,,最大8名海辺ヴィラ。ゴルフ、サウナ、ペット可。ビール無料。BBQ。,21182,120909.45,468448.69,819-1335,福岡県,糸島市志摩芥屋77-28　ＳｔａｒーＳｅｖｅｎ　糸島,090-8983-0954,00-0000-0000,加布里駅より車で15分,あり,加布里,https://img.travel.rakuten.co.jp/share/HOTEL/195216/195216.jpg,https://img.travel.rakuten.co.jp/HIMG/90/195216.jpg,,,https://img.travel.rakuten.co.jp/share/HOTEL/195216/195216map.gif,1.0,,,r20184_8,Star-Seven 糸島,6337205.0,サウナ・BBQ・シミュレーションゴルフ・生ビールサーバー・ペットとの滞在も叶う隠れ家シーサイドヴィラ,1,0,0,0,0,2,https://img.travel.rakuten.co.jp/image/tr/api/re/IdsCY/?f_no=195216&f_syu=r20184_8&f_hi1=2026-10-03&f_hi2=2026-10-04&f_heya_su=1&f_otona_su=1&f_s1=0&f_s2=0&f_y1=0&f_y2=0&f_y3=0&f_y4=0&f_camp_id=6337205,0,2026-10-03,122496,122496,0,2026-10-03,seibu
195671,閑静な住宅街にある白い洋風アパート／民泊,https://img.travel.rakuten.co.jp/image/tr/api/re/pvonD/?f_no=195671,https://img.travel.rakuten.co.jp/image/tr/api/re/vFumt/?f_no=195671&f_flg=PLAN,,https://img.travel.rakuten.co.jp/image/tr/api/re/gJNfM/?f_hotel_no=195671,, ,386667,120898.25,469256.73,814-0006,福岡県,福岡市早良区百道3-7-17 102　新日本パレス百道I,080-8905-6750,00-0000-0000,藤崎駅より徒歩で3分,なし,藤崎（福岡）,https://img.travel.rakuten.co.jp/share/HOTEL/195671/195671.jpg,https://img.travel.rakuten.co.jp/HIMG/90/195671.jpg,,,https://img.travel.rakuten.co.jp/share/HOTEL/195671/195671map.gif,,,,r20354_3,新日本パレス百道I-102,6395548.0,百道102,1,0,0,0,0,2,https://img.travel.rakuten.co.jp/image/tr/api/re/IdsCY/?f_no=195671&f_syu=r20354_3&f_hi1=2026-10-03&f_hi2=2026-10-04&f_heya_su=1&f_otona_su=1&f_s1=0&f_s2=0&f_y1=0&f_y2=0&f_y3=0&f_y4=0&f_camp_id=6395548,0,2026-10-03,1160000,1160000,0,2026-10-03,seibu
1975,西鉄イン小倉,https://img.travel.rakuten.co.jp/image/tr/api/re/pvonD/?f_no=1975,https://img.travel.rakuten.co.jp/image/tr/api/re/vFumt/?f_no=1975&f_flg=PLAN,https://img.travel.rakuten.co.jp/image/tr/api/re/WzozX/?noTomariHotel=1975,https://img.travel.rakuten.co.jp/image/tr/api/re/gJNfM/?f_hotel_no=1975,にしてついん　こくら,【JR小倉駅から徒歩５分】大浴場・サウナ・水風呂でととのう駅近ホテル,5911,121970.5,471191.33,802-0003,福岡県,北九州市小倉北区米町1-4-11  ,093-511-5454,093-511-5424,JR小倉駅 小倉城口(モノレール側）より徒歩約5分　北九州空港・福岡空港より高速バスで1本,"有り（先着順・予約不可）　15時〜翌10時　1,200円（税込）　ハイルーフ枠有2.05mまで",小倉（福岡）,https://img.travel.rakuten.co.jp/share/HOTEL/1975/1975.jpg,https://img.travel.rakuten.co.jp/HIMG/90/1975.jpg,https://img.travel.rakuten.co.jp/share/HOTEL/1975/1975_r1.jpg,https://img.travel.rakuten.co.jp/HIMG/INTERIOR/1975.jpg,https://img.travel.rakuten.co.jp/share/HOTEL/1975/1975map.gif,7222.0,4.06,,sn2-kkr,新館【禁煙】シングルルーム　ベッド幅140cm,3651988.0,【スタンダードプラン】直前予約OK！大浴場＆サウナで整う癒しのご褒美ステイ♪＜素泊まり＞,1,0,0,0,0,1,https://img.travel.rakuten.co.jp/image/tr/api/re/IdsCY/?f_no=1975&f_syu=sn2-kkr&f_hi1=2026-10-03&f_hi2=2026-10-04&f_heya_su=1&f_otona_su=1&f_s1=0&f_s2=0&f_y1=0&f_y2=0&f_y3=0&f_y4=0&f_camp_id=3651988,0,2026-10-03,21400,21400,0,2026-10-03,kitakyusyu
71937,コンフォートホテル小倉,https://img.travel.rakuten.co.jp/image/tr/api/re/pvonD/?f_no=71937,https://img.travel.rakuten.co.jp/image/tr/api/re/vFumt/?f_no=71937&f_flg=PLAN,https://img.travel.rakuten.co.jp/image/tr/api/re/WzozX/?noTomariHotel=71937,https://img.travel.rakuten.co.jp/image/tr/api/re/gJNfM/?f_hotel_no=71937,こんふぉーとほてるこくら,日替わりスムージーが人気★無料朝食サービスがイチオシのコスパ最強ホテル◆小倉駅新幹線口徒歩3分◆小学6年生まで添い寝無料,3750,121987.4,471177.26,802-0001,福岡県,北九州市小倉北区浅野2-6-21,093-512-8311,093-512-8312,◆JR小倉駅新幹線口から徒歩３分◆北九州空港からリムジンバスで約６０分◆門司港より電車で約２０分,■敷地内21台　1泊900円（税込/15：00〜翌10：00）先着順※途中入出庫不可,小倉（福岡）,https://img.travel.rakuten.co.jp/share/HOTEL/71937/71937.jpg,https://img.travel.rakuten.co.jp/HIMG/90/71937.jpg,https://img.travel.rakuten.co.jp/share/HOTEL/71937/71937_s.jpg,https://img.travel.rakuten.co.jp/HIMG/INTERIOR/71937.jpg,https://img.travel.rakuten.co.jp/share/HOTEL/71937/71937map.gif,5167.0,4.04,"2026年9月22日から1泊しました。小倉駅新幹線口から近くてコンビニもホテル目の前にあり便利です。カフェでセルフのコーヒーやアイスティーが無料で飲めるのも良かったです。部屋は清潔で必要最低限のアメニ…　2026-09-23 11:18:09投稿 <a href=""https://img.travel.rakuten.co.jp/image/tr/api/re/gJNfM/?f_hotel_no=71937"" class=""3click"">つづきはこちら</a>",nde,１ベッド◆ダブルエコノミー◆ ＜禁煙＞,5431503.0,【32％OFF】【楽天スーパーSALE】朝食ビュッフェが無料◆スムージーや期間限定メニュー◆,1,0,0,1,0,1,https://img.travel.rakuten.co.jp/image/tr/api/re/IdsCY/?f_no=71937&f_syu=nde&f_hi1=2026-10-03&f_hi2=2026-10-04&f_heya_su=1&f_otona_su=1&f_s1=0&f_s2=0&f_y1=0&f_y2=0&f_y3=0&f_y4=0&f_camp_id=5431503,0,2026-10-03,15900,15900,0,2026-10-03,kitakyusyu
974,ＪＲ九州ステーションホテル小倉,https://img.travel.rakuten.co.jp/image/tr/api/re/pvonD/?f_no=974,https://img.travel.rakuten.co.jp/image/tr/api/re/vFumt/?f_no=974&f_flg=PLAN,https://img.travel.rakuten.co.jp/image/tr/api/re/WzozX/?noTomariHotel=974,https://img.travel.rakuten.co.jp/image/tr/api/re/gJNfM/?f_hotel_no=974,じぇいあーるきゅうしゅうすてーしょん　こくら,開業25年目にして最大規模の客室リニューアル！最上階をフルリニューアルし、一段上質な「スーペリアフロア」に進化。,6930,121980.84,471185.09,802-0001,福岡県,北九州市小倉北区浅野1-1-1,093-521-5031,093-512-0345,JR小倉駅上！！！駅直結で最高の立地。改札口を出てすぐにチェックイン。,有り　　370台　　１泊　1500円／宿泊者,小倉（福岡）,https://img.travel.rakuten.co.jp/share/HOTEL/974/974.jpg,https://img.travel.rakuten.co.jp/HIMG/90/974.jpg,https://img.travel.rakuten.co.jp/share/HOTEL/974/974_sgl.jpg,https://img.travel.rakuten.co.jp/HIMG/INTERIOR/974.jpg,https://img.travel.rakuten.co.jp/share/HOTEL/974/974map.gif,4302.0,4.36,,ns02,禁煙スタンダードルーム18.1平米,6268436.0,【10％OFF】【楽天スーパーSALE】素泊まり☆九州の玄関口小倉駅直結！九州旅行の拠点におすすめ♪,1,0,0,0,0,1,https://img.travel.rakuten.co.jp/image/tr/api/re/IdsCY/?f_no=974&f_syu=ns02&f_hi1=2026-10-03&f_hi2=2026-10-04&f_heya_su=1&f_otona_su=1&f_s1=0&f_s2=0&f_y1=0&f_y2=0&f_y3=0&f_y4=0&f_camp_id=6268436,0,2026-10-03,22320,22320,0,2026-10-03,kitakyusyu
151178,ダイワロイネットホテル小倉駅前,https://img.travel.rakuten.co.jp/image/tr/api/re/pvonD/?f_no=151178,https://img.travel.rakuten.co.jp/image/tr/api/re/vFumt/?f_no=151178&f_flg=PLAN,https://img.travel.rakuten.co.jp/image/tr/api/re/WzozX/?noTomariHotel=151178,https://img.travel.rakuten.co.jp/image/tr/api/re/gJNfM/?f_hotel_no=151178,だいわろいねっとほてるこくらえきまえ,『好立地！』魚町商店街まで徒歩1分！★チェックイン14：00～チェックアウト11：00★,6700,121972.65,471181.32,802-0006,福岡県,北九州市小倉北区魚町1-5-14,093-513-7580,093-513-7581,ＪＲ　小倉駅　小倉城口（南口）より徒歩にて約４分◆JR　博多駅から新幹線で約20分（ひと駅）◆モノレール沿い,"先着28台 1泊(14時〜翌11時) 1,300円（サイズ制限有)",小倉（福岡）,https://img.travel.rakuten.co.jp/share/HOTEL/151178/151178.jpg,https://img.travel.rakuten.co.jp/HIMG/90/151178.jpg,https://img.travel.rakuten.co.jp/share/HOTEL/151178/151178_kan1.jpg,https://img.travel.rakuten.co.jp/HIMG/INTERIOR/151178.jpg,https://img.travel.rakuten.co.jp/share/HOTEL/151178/151178map.gif,1685.0,4.4,"朝食も良いのですが、折角海が近いので魚の種類が寂しいのが残念。　2026-09-25 10:59:11投稿 <a href=""https://img.travel.rakuten.co.jp/image/tr/api/re/gJNfM/?f_hotel_no=151178"" class=""3click"">つづきはこちら</a>",sdn00,◆広々快適18平米 スタンダードシングル　1名利用【禁煙】◆,3647645.0,シンプルステイプラン〜素泊まり〜　チェックイン14時から,1,0,0,0,0,1,https://img.travel.rakuten.co.jp/image/tr/api/re/IdsCY/?f_no=151178&f_syu=sdn00&f_hi1=2026-10-03&f_hi2=2026-10-04&f_heya_su=1&f_otona_su=1&f_s1=0&f_s2=0&f_y1=0&f_y2=0&f_y3=0&f_y4=0&f_camp_id=3647645,0,2026-10-03,22000,22000,0,2026-10-03,kitakyusyu
187613,スマイルホテル小倉,https://img.travel.rakuten.co.jp/image/tr/api/re/pvonD/?f_no=187613,https://img.travel.rakuten.co.jp/image/tr/api/re/vFumt/?f_no=187613&f_flg=PLAN,https://img.travel.rakuten.co.jp/image/tr/api/re/WzozX/?noTomariHotel=187613,https://img.travel.rakuten.co.jp/image/tr/api/re/gJNfM/?f_hotel_no=187613,すまいるほてるこくら,JR小倉駅や繁華街まで徒歩圏内の好立地！■全室個別空調■クレンジングや化粧水などレディースセット(DHC)も充実♪,3850,121977.58,471173.5,802-0002,福岡県,北九州市小倉北区京町1-6-31,093-330-6550,093-330-6551,JR小倉駅南口より徒歩約7分（商店街に入り、吉野家交差点右折、京町銀天街アーケード200ｍ先）,なし。提携駐車場「APパーク小倉駅前」自走式立体駐車場15時〜翌朝10時￥1000,小倉（福岡）,https://img.travel.rakuten.co.jp/share/HOTEL/187613/187613.jpg,https://img.travel.rakuten.co.jp/HIMG/90/187613.jpg,,,https://img.travel.rakuten.co.jp/share/HOTEL/187613/187613map.gif,593.0,4.03,"小倉駅から商店街を歩いて少々、小倉城やショッピングモールのリバーウォークや柴川沿いの店が充実していい。百貨店の井筒屋や旦過市場も徒歩圏内で北九州市の威厳を感じさせてくれます。　2026-09-26 21:10:10投稿 <a href=""https://img.travel.rakuten.co.jp/image/tr/api/re/gJNfM/?f_hotel_no=187613"" class=""3click"">つづきはこちら</a>",s,【喫煙／ベッド幅150cm】シングルルーム,5740384.0,Aカード新規入会プラン（素泊まり）,1,0,0,0,0,1,https://img.travel.rakuten.co.jp/image/tr/api/re/IdsCY/?f_no=187613&f_syu=s&f_hi1=2026-10-03&f_hi2=2026-10-04&f_heya_su=1&f_otona_su=1&f_s1=0&f_s2=0&f_y1=0&f_y2=0&f_y3=0&f_y4=0&f_camp_id=5740384,0,2026-10-03,19900,19900,0,2026-10-03,kitakyusyu
111,リーガロイヤルホテル小倉,https://img.travel.rakuten.co.jp/image/tr/api/re/pvonD/?f_no=111,https://img.travel.rakuten.co.jp/image/tr/api/re/vFumt/?f_no=111&f_flg=PLAN,https://img.travel.rakuten.co.jp/image/tr/api/re/WzozX/?noTomariHotel=111,https://img.travel.rakuten.co.jp/image/tr/api/re/gJNfM/?f_hotel_no=111,りーがろいやるほてる　こくら,全室30平米以上・14階以上の高層シティホテル♪全室Wi-Fi無料！☆こだわりの朝食ブッフェ,7105,121986.38,471193.0,802-0001,福岡県,北九州市小倉北区浅野2-14-2,093-531-1121,093-521-2730,JR小倉駅新幹線口から直結徒歩3分、JR博多駅から新幹線で約15分、福岡空港からも好アクセス。,164台  1泊￥1600税込,小倉（福岡）,https://img.travel.rakuten.co.jp/share/HOTEL/111/111.jpg,https://img.travel.rakuten.co.jp/HIMG/90/111.jpg,https://img.travel.rakuten.co.jp/share/HOTEL/111/111_heya.jpg,https://img.travel.rakuten.co.jp/HIMG/INTERIOR/111.jpg,https://img.travel.rakuten.co.jp/share/HOTEL/111/111map.gif,5091.0,4.39,,twinn,14〜23階スーペリアフロア ツイン30平米,6265846.0,【お日にち限定！19時以降のチェックインでお得に】 レイトチェックインプラン　〜素泊り〜,1,0,0,0,0,1,https://img.travel.rakuten.co.jp/image/tr/api/re/IdsCY/?f_no=111&f_syu=twinn&f_hi1=2026-10-03&f_hi2=2026-10-04&f_heya_su=1&f_otona_su=1&f_s1=0&f_s2=0&f_y1=0&f_y2=0&f_y3=0&f_y4=0&f_camp_id=6265846,0,2026-10-03,28620,28620,0,2026-10-03,kitakyusyu
107728,Ｔａｂｉｓｔ　ホテルテトラ　北九州,https://img.travel.rakuten.co.jp/image/tr/api/re/pvonD/?f_no=107728,https://img.travel.rakuten.co.jp/image/tr/api/re/vFumt/?f_no=107728&f_flg=PLAN,https://img.travel.rakuten.co.jp/image/tr/api/re/WzozX/?noTomariHotel=107728,https://img.travel.rakuten.co.jp/image/tr/api/re/gJNfM/?f_hotel_no=107728,たびすと　ほてるてとら　きたきゅうしゅう,JR小倉駅より徒歩7分の好立地！岩盤サウナ・大浴場完備！コンビニ徒歩0分。ビジネスや観光の拠点におすすめです♪,3800,121966.79,471192.41,802-0004,福岡県,北九州市小倉北区鍛冶町1-9-8,093-531-3111,093-531-3190,JR小倉駅より徒歩7分。南口を出てモノレール沿いを進み、交差点左角の福岡ひびき信用金庫より左折。そのまま道なり。,・ホテル周辺にコインパーキングあり,小倉（福岡）,https://img.travel.rakuten.co.jp/share/HOTEL/107728/107728.jpg,https://img.travel.rakuten.co.jp/HIMG/90/107728.jpg,https://img.travel.rakuten.co.jp/share/HOTEL/107728/107728_sin.jpg,https://img.travel.rakuten.co.jp/HIMG/INTERIOR/107728.jpg,https://img.travel.rakuten.co.jp/share/HOTEL/107728/107728map.gif,3536.0,3.54,"大浴場はきれいに清…　2026-09-22 22:05:09投稿 <a href=""https://img.travel.rakuten.co.jp/image/tr/api/re/gJNfM/?f_hotel_no=107728"" class=""3click"">つづきはこちら</a>",ns_semid,【禁煙】セミダブルルーム,6579687.0,【楽天スーパーSALE】シンプル素泊りプラン洋室【大浴場無料 × 小倉駅から徒歩7分の好立地 × 小,1,0,0,0,0,1,https://img.travel.rakuten.co.jp/image/tr/api/re/IdsCY/?f_no=107728&f_syu=ns_semid&f_hi1=2026-10-03&f_hi2=2026-10-04&f_heya_su=1&f_otona_su=1&f_s1=0&f_s2=0&f_y1=0&f_y2=0&f_y3=0&f_y4=0&f_camp_id=6579687,0,2026-10-03,23940,23940,0,2026-10-03,kitakyusyu
78113,アルクイン黒崎,https://img.travel.rakuten.co.jp/image/tr/api/re/pvonD/?f_no=78113,https://img.travel.rakuten.co.jp/image/tr/api/re/vFumt/?f_no=78113&f_flg=PLAN,https://img.travel.rakuten.co.jp/image/tr/api/re/WzozX/?noTomariHotel=78113,https://img.travel.rakuten.co.jp/image/tr/api/re/gJNfM/?f_hotel_no=78113,あるくいんくろさき,【黒崎駅徒歩２分】■全室Wi-Fi/LAN■最新VOD700タイトル■繁華街コンビニ前■朝食サービス■提携駐車場35台,4600,121901.88,470764.66,806-0021,福岡県,北九州市八幡西区黒崎3-2-1,093-632-8100,093-632-8183,ＪＲ黒崎駅より徒歩にて2分（福岡銀行隣）ホテル正面24時間コンビニローソン！,有り　提携駐車場【三和パーキング】◎1泊1000円【35台※先着順】,黒崎,https://img.travel.rakuten.co.jp/share/HOTEL/78113/78113.jpg,https://img.travel.rakuten.co.jp/HIMG/90/78113.jpg,https://img.travel.rakuten.co.jp/share/HOTEL/78113/78113_room.jpg,https://img.travel.rakuten.co.jp/HIMG/INTERIOR/78113.jpg,https://img.travel.rakuten.co.jp/share/HOTEL/78113/78113map.gif,1552.0,4.09,"朝食のカレーも美味しかったです。　2026-09-26 07:32:31投稿 <a href=""https://img.travel.rakuten.co.jp/image/tr/api/re/gJNfM/?f_hotel_no=78113"" class=""3click"">つづきはこちら</a>",s,【喫煙】★1ベッドルーム（セミダブル122ｃｍ幅）★,6108359.0,★ベーシックプラン　スタンダードシングル　軽朝食サービス付き♪ ★,1,0,0,1,0,1,https://img.travel.rakuten.co.jp/image/tr/api/re/IdsCY/?f_no=78113&f_syu=s&f_hi1=2026-10-03&f_hi2=2026-10-04&f_heya_su=1&f_otona_su=1&f_s1=0&f_s2=0&f_y1=0&f_y2=0&f_y3=0&f_y4=0&f_camp_id=6108359,0,2026-10-03,7790,7790,0,2026-10-03,kitakyusyu
79492,ＨＯＴＥＬ　ＡＺ　北九州小倉店,https://img.travel.rakuten.co.jp/image/tr/api/re/pvonD/?f_no=79492,https://img.travel.rakuten.co.jp/image/tr/api/re/vFumt/?f_no=79492&f_flg=PLAN,https://img.travel.rakuten.co.jp/image/tr/api/re/WzozX/?noTomariHotel=79492,https://img.travel.rakuten.co.jp/image/tr/api/re/gJNfM/?f_hotel_no=79492,ほてる　えーぜっと　きたきゅうしゅうこくらてん,★無料駐車場254台完備♪大型車は有料。★朝食無料♪★小倉コロナワールドへは徒歩3分。★全室Ｗｉ-Ｆｉ・ＬＡＮ接続無料,5370,122023.83,471084.62,803-0801,福岡県,北九州市小倉北区西港町30-7,093-562-3311,093-562-3312,★JR小倉駅北口から車で10分 ★北九州都市高速　日明ＩＣ出口より１分（300ｍ）,無料駐車場254台あり　普通車：予約不要 、大型バス・2ｔ以上有料（予約制）,小倉（福岡）,https://img.travel.rakuten.co.jp/share/HOTEL/79492/79492.jpg,https://img.travel.rakuten.co.jp/HIMG/90/79492.jpg,https://img.travel.rakuten.co.jp/share/HOTEL/79492/79492_si.jpg,https://img.travel.rakuten.co.jp/HIMG/INTERIOR/79492.jpg,https://img.travel.rakuten.co.jp/share/HOTEL/79492/79492map.gif,1176.0,3.99,"水とお湯を自分で調整するタイプです　2026-09-28 18:28:41投稿 <a href=""https://img.travel.rakuten.co.jp/image/tr/api/re/gJNfM/?f_hotel_no=79492"" class=""3click"">つづきはこちら</a>",s,【喫煙】シングル,6386221.0,【宿泊税込】スタンダードプラン（朝食サービス）,1,0,0,1,0,1,https://img.travel.rakuten.co.jp/image/tr/api/re/IdsCY/?f_no=79492&f_syu=s&f_hi1=2026-10-03&f_hi2=2026-10-04&f_heya_su=1&f_otona_su=1&f_s1=0&f_s2=0&f_y1=0&f_y2=0&f_y3=0&f_y4=0&f_camp_id=6386221,0,2026-10-03,6580,6580,0,2026-10-03,kitakyusyu
84718,炭酸泉　湧金の湯　スーパーホテル小倉駅南口,https://img.travel.rakuten.co.jp/image/tr/api/re/pvonD/?f_no=84718,https://img.travel.rakuten.co.jp/image/tr/api/re/vFumt/?f_no=84718&f_flg=PLAN,https://img.travel.rakuten.co.jp/image/tr/api/re/WzozX/?noTomariHotel=84718,https://img.travel.rakuten.co.jp/image/tr/api/re/gJNfM/?f_hotel_no=84718,たんさんせん　ゆうきんのゆ　すーぱーほてるこくらえきみなみぐち,小倉で唯一の炭酸泉浴場完備／JR小倉駅南口から徒歩約５分でアクセス良好／日替り朝食ビュッフェ無料,3600,121977.5,471172.41,802-0002,福岡県,北九州市小倉北区京町1-6-34,093-541-9000,093-541-9001,◇徒歩→ＪＲ小倉駅南口より約５分　◇お車→都市高速「小倉駅北」を降りて約３分の「APパーク小倉駅前」にお停め下さい。,APパーク小倉駅前(先着順)15時〜翌10時：900円※時間外20分毎100円加算,小倉（福岡）,https://img.travel.rakuten.co.jp/share/HOTEL/84718/84718.jpg,https://img.travel.rakuten.co.jp/HIMG/90/84718.jpg,https://img.travel.rakuten.co.jp/share/HOTEL/84718/84718_ru.jpg,https://img.travel.rakuten.co.jp/HIMG/INTERIOR/84718.jpg,https://img.travel.rakuten.co.jp/share/HOTEL/84718/84718map.gif,2228.0,4.11,"ウエルカムドリンク、…　2026-09-12 12:22:43投稿 <a href=""https://img.travel.rakuten.co.jp/image/tr/api/re/gJNfM/?f_hotel_no=84718"" class=""3click"">つづきはこちら</a>",0012,【禁煙】スーパールーム【上下型ツイン 定員１〜3名幼児含む】,4989811.0,【5％OFF】【楽天スーパーSALE】☆期間限定プラン☆人工炭酸泉＆朝食ビュッフェ付,1,0,0,1,0,1,https://img.travel.rakuten.co.jp/image/tr/api/re/IdsCY/?f_no=84718&f_syu=0012&f_hi1=2026-10-03&f_hi2=2026-10-04&f_heya_su=1&f_otona_su=1&f_s1=0&f_s2=0&f_y1=0&f_y2=0&f_y3=0&f_y4=0&f_camp_id=4989811,0,2026-10-03,20420,20420,0,2026-10-03,kitakyusyu
68248,若松天然温泉「旅人の湯」ホテルルートイン北九州若松駅東,https://img.travel.rakuten.co.jp/image/tr/api/re/pvonD/?f_no=68248,https://img.travel.rakuten.co.jp/image/tr/api/re/vFumt/?f_no=68248&f_flg=PLAN,https://img.travel.rakuten.co.jp/image/tr/api/re/WzozX/?noTomariHotel=68248,https://img.travel.rakuten.co.jp/image/tr/api/re/gJNfM/?f_hotel_no=68248,わかまつてんねんおんせん　るーといんきたきゅうしゅうわかまつえきひがし,■天然温泉■バイキング朝食無料■駐車場無料（先着順）■全室ＷＯＷＯＷ■Wi-Fi■上層階コンフォートルームあり■,5175,122039.19,470916.69,808-0034,福岡県,北九州市若松区本町3-6-6,050-5576-8102,093-761-2811,JR筑豊本線 若松駅より徒歩約5分/九州道 八幡ICより約15km 車で約40分,無料駐車場73台（先着順）。満車の場合、近隣コインパーキング（有料）をご案内します。,若松,https://img.travel.rakuten.co.jp/share/HOTEL/68248/68248.jpg,https://img.travel.rakuten.co.jp/HIMG/90/68248.jpg,,,https://img.travel.rakuten.co.jp/share/HOTEL/68248/68248map.gif,943.0,4.13,"朝食会場の椅子と椅子の間が若干狭く、後ろを通り抜ける人が椅子にぶつかったりすることがありますが、サラダがたっぷり食べられるので朝食が楽しみになっています。また利用したいです。　2026-09-23 11:25:29投稿 <a href=""https://img.travel.rakuten.co.jp/image/tr/api/re/gJNfM/?f_hotel_no=68248"" class=""3click"">つづきはこちら</a>",s,【喫煙】シングルルーム ベット幅140,6357478.0,【1泊朝食付】【訳あり】《《シリンダーキー部屋》プラン■天然温泉大浴場■朝食付き■駐車場無料■,1,0,0,1,0,1,https://img.travel.rakuten.co.jp/image/tr/api/re/IdsCY/?f_no=68248&f_syu=s&f_hi1=2026-10-03&f_hi2=2026-10-04&f_heya_su=1&f_otona_su=1&f_s1=0&f_s2=0&f_y1=0&f_y2=0&f_y3=0&f_y4=0&f_camp_id=6357478,0,2026-10-03,11450,11450,0,2026-10-03,kitakyusyu
144951,ＨＯＴＥＬ　ＡＺ　北九州若松店,https://img.travel.rakuten.co.jp/image/tr/api/re/pvonD/?f_no=144951,https://img.travel.rakuten.co.jp/image/tr/api/re/vFumt/?f_no=144951&f_flg=PLAN,https://img.travel.rakuten.co.jp/image/tr/api/re/WzozX/?noTomariHotel=144951,https://img.travel.rakuten.co.jp/image/tr/api/re/gJNfM/?f_hotel_no=144951,ほてる　えーぜっと　きたきゅうしゅうわかまつてん,北九州都市高速　若戸大橋ICより車で約17分。無料平面駐車場無料★朝食無料★インターネット接続無料,4710,121994.95,470682.22,808-0103,福岡県,北九州市若松区二島１-4-20,093-701-3303,093-701-3304,ＪＲ　二島駅より徒歩にて７分,無料駐車場56台あり　普通車：予約不要 、中型車・大型車：要予約（有料）,二島,https://img.travel.rakuten.co.jp/share/HOTEL/144951/144951.jpg,https://img.travel.rakuten.co.jp/HIMG/90/144951.jpg,https://img.travel.rakuten.co.jp/share/HOTEL/144951/144951_kya1.jpg,https://img.travel.rakuten.co.jp/HIMG/INTERIOR/144951.jpg,https://img.travel.rakuten.co.jp/share/HOTEL/144951/144951map.gif,409.0,3.94,"出張での利用でした。静かな環境で過ごす事ができ体調管理が出来ました。　2026-09-15 09:11:30投稿 <a href=""https://img.travel.rakuten.co.jp/image/tr/api/re/gJNfM/?f_hotel_no=144951"" class=""3click"">つづきはこちら</a>",004,【喫煙】ツイン,6386248.0,【宿泊税込】スタンダードプラン（朝食サービス）,1,0,0,1,0,1,https://img.travel.rakuten.co.jp/image/tr/api/re/IdsCY/?f_no=144951&f_syu=004&f_hi1=2026-10-03&f_hi2=2026-10-04&f_heya_su=1&f_otona_su=1&f_s1=0&f_s2=0&f_y1=0&f_y2=0&f_y3=0&f_y4=0&f_camp_id=6386248,0,2026-10-03,8670,8670,0,2026-10-03,kitakyusyu
16289,アーバンホテル　かじまち,https://img.travel.rakuten.co.jp/image/tr/api/re/pvonD/?f_no=16289,https://img.travel.rakuten.co.jp/image/tr/api/re/vFumt/?f_no=16289&f_flg=PLAN,https://img.travel.rakuten.co.jp/image/tr/api/re/WzozX/?noTomariHotel=16289,https://img.travel.rakuten.co.jp/image/tr/api/re/gJNfM/?f_hotel_no=16289,あーばんほてる　かじまち,ＪＲ小倉駅南口から徒歩5分。立地は最高。ホテル周辺は小倉の味を代表する名店が勢揃い。森鴎外旧居・小倉城徒歩圏内。,3000,121967.75,471188.69,802-0004,福岡県,北九州市小倉北区鍛冶町1-5-13,093-551-8881,093-551-9888,◆ＪＲ小倉駅南口を出て、モノレール通り小倉駅前交差点を左折。詳しくはトップ画面アクセスページでご確認を◆,"提携駐車場有り。900円〜1,000円※駐車場先で料金・時間帯等の内容が異なる。",小倉（福岡）,https://img.travel.rakuten.co.jp/share/HOTEL/16289/16289.jpg,https://img.travel.rakuten.co.jp/HIMG/90/16289.jpg,https://img.travel.rakuten.co.jp/share/HOTEL/16289/16289_sig.jpg,https://img.travel.rakuten.co.jp/HIMG/INTERIOR/16289.jpg,https://img.travel.rakuten.co.jp/share/HOTEL/16289/16289map.gif,1129.0,3.93,"対応が丁寧で、とても過ごしやすいです。　2026-09-17 11:28:22投稿 <a href=""https://img.travel.rakuten.co.jp/image/tr/api/re/gJNfM/?f_hotel_no=16289"" class=""3click"">つづきはこちら</a>",s11,シングル（喫煙室）,1644868.0,スタンダードプラン【シングル素泊まり】♪ダブルベッドでゆったり♪,1,0,0,0,0,1,https://img.travel.rakuten.co.jp/image/tr/api/re/IdsCY/?f_no=16289&f_syu=s11&f_hi1=2026-10-03&f_hi2=2026-10-04&f_heya_su=1&f_otona_su=1&f_s1=0&f_s2=0&f_y1=0&f_y2=0&f_y3=0&f_y4=0&f_camp_id=1644868,0,2026-10-03,13000,13000,0,2026-10-03,kitakyusyu
146120,ホテルリリーフ　小倉駅前,https://img.travel.rakuten.co.jp/image/tr/api/re/pvonD/?f_no=146120,https://img.travel.rakuten.co.jp/image/tr/api/re/vFumt/?f_no=146120&f_flg=PLAN,https://img.travel.rakuten.co.jp/image/tr/api/re/WzozX/?noTomariHotel=146120,https://img.travel.rakuten.co.jp/image/tr/api/re/gJNfM/?f_hotel_no=146120,ほてるりりーふこくらえきまえ　,【2025年7月1日リニューアルオープン！】小倉駅小倉城口（南口）徒歩２分の好立地★朝食ビュッフェとラウンジ開始！,3825,121974.65,471188.47,802-0002,福岡県,北九州市小倉北区京町3-6-1,093-513-0088,093-513-0022,小倉駅小倉城口（南口）徒歩約2分の好立地！！,事前予約制の専用駐車場が3台と提携駐車場がございます。ご利用の際はお電話にてお問い合わせ下さい。,小倉（福岡）,https://img.travel.rakuten.co.jp/share/HOTEL/146120/146120.jpg,https://img.travel.rakuten.co.jp/HIMG/90/146120.jpg,https://img.travel.rakuten.co.jp/share/HOTEL/146120/146120_room.jpg,https://img.travel.rakuten.co.jp/HIMG/INTERIOR/146120.jpg,https://img.travel.rakuten.co.jp/share/HOTEL/146120/146120map.gif,1027.0,3.98,"それ以外はぜんぜん問題ない　2026-09-13 18:17:19投稿 <a href=""https://img.travel.rakuten.co.jp/image/tr/api/re/gJNfM/?f_hotel_no=146120"" class=""3click"">つづきはこちら</a>",s1200,本館：シングルルーム【喫煙】★小倉駅から徒歩2分★,3916187.0,【朝８時チェックアウト】アーリーチェックアウトプラン【素泊まり】,1,0,0,0,0,1,https://img.travel.rakuten.co.jp/image/tr/api/re/IdsCY/?f_no=146120&f_syu=s1200&f_hi1=2026-10-03&f_hi2=2026-10-04&f_heya_su=1&f_otona_su=1&f_s1=0&f_s2=0&f_y1=0&f_y2=0&f_y3=0&f_y4=0&f_camp_id=3916187,0,2026-10-03,16050,16050,0,2026-10-03,kitakyusyu
3164,プレミアホテル門司港,https://img.travel.rakuten.co.jp/image/tr/api/re/pvonD/?f_no=3164,https://img.travel.rakuten.co.jp/image/tr/api/re/vFumt/?f_no=3164&f_flg=PLAN,https://img.travel.rakuten.co.jp/image/tr/api/re/WzozX/?noTomariHotel=3164,https://img.travel.rakuten.co.jp/image/tr/api/re/gJNfM/?f_hotel_no=3164,もじこうほてる,門司港駅から徒歩2分！門司港レトロ地区の中心に位置するデザイナーズホテル♪高評価ブッフェ朝食と客室からの眺望が自慢！,5865,122195.69,471472.7,801-8503,福岡県,北九州市門司区港町9-11,093-321-1111,093-321-7111,【JR】 門司港駅から徒歩約2分（JR小倉駅から3駅15分で門司港駅到着）、【車】九州自動車道門司ICから約8分,"65台　1泊\1,100円（税込） ／ チェックアウト日の12時まで駐車可能です",門司港,https://img.travel.rakuten.co.jp/share/HOTEL/3164/3164.jpg,https://img.travel.rakuten.co.jp/HIMG/90/3164.jpg,https://img.travel.rakuten.co.jp/share/HOTEL/3164/3164_heya1.jpg,https://img.travel.rakuten.co.jp/HIMG/INTERIOR/3164.jpg,https://img.travel.rakuten.co.jp/share/HOTEL/3164/3164map.gif,3678.0,4.48,,twnb,ツイン 『レトロ街側』22平米/BED110cm x 2台,6605096.0,【楽天スーパーSALE】九州の味覚を楽しむ朝食付きプラン（朝食付）,1,0,0,1,0,1,https://img.travel.rakuten.co.jp/image/tr/api/re/IdsCY/?f_no=3164&f_syu=twnb&f_hi1=2026-10-03&f_hi2=2026-10-04&f_heya_su=1&f_otona_su=1&f_s1=0&f_s2=0&f_y1=0&f_y2=0&f_y3=0&f_y4=0&f_camp_id=6605096,0,2026-10-03,38160,38160,0,2026-10-03,kitakyusyu
181251,ホテルリブマックス小倉駅前,https://img.travel.rakuten.co.jp/image/tr/api/re/pvonD/?f_no=181251,https://img.travel.rakuten.co.jp/image/tr/api/re/vFumt/?f_no=181251&f_flg=PLAN,https://img.travel.rakuten.co.jp/image/tr/api/re/WzozX/?noTomariHotel=181251,https://img.travel.rakuten.co.jp/image/tr/api/re/gJNfM/?f_hotel_no=181251,りぶまっくすこくらえきまえ,2020年10月グランドオープン！小倉駅徒歩３０秒！非対面チェックイン機導入済 全客室充実のルームアイテムを採用♪,3613,121980.47,471179.92,802-0002,福岡県,北九州市小倉北区京町2-3-2,093-511-3350,093-511-3351,ＪＲ　小倉駅　小倉城口　目の前のロータリーより徒歩にてすぐ！！（駅近の好立地ホテル）,無し,小倉（福岡）,https://img.travel.rakuten.co.jp/share/HOTEL/181251/181251.jpg,https://img.travel.rakuten.co.jp/HIMG/90/181251.jpg,,,https://img.travel.rakuten.co.jp/share/HOTEL/181251/181251map.gif,386.0,3.82,"ホテルも綺麗に掃除してあり快適に過ごせてよかったとのこと。大変お世話になりました。　2026-09-07 14:58:39投稿 <a href=""https://img.travel.rakuten.co.jp/image/tr/api/re/gJNfM/?f_hotel_no=181251"" class=""3click"">つづきはこちら</a>",sin-kitsu,★シングルルーム喫煙★ベッド幅120cm×195cm★1台★,5722173.0,【リブマックスセール】《15％OFF》ホテルリブマックス小倉駅前【素泊り】,1,0,0,0,0,1,https://img.travel.rakuten.co.jp/image/tr/api/re/IdsCY/?f_no=181251&f_syu=sin-kitsu&f_hi1=2026-10-03&f_hi2=2026-10-04&f_heya_su=1&f_otona_su=1&f_s1=0&f_s2=0&f_y1=0&f_y2=0&f_y3=0&f_y4=0&f_camp_id=5722173,0,2026-10-03,29750,29750,0,2026-10-03,kitakyusyu
390,リコホテル小倉,https://img.travel.rakuten.co.jp/image/tr/api/re/pvonD/?f_no=390,https://img.travel.rakuten.co.jp/image/tr/api/re/vFumt/?f_no=390&f_flg=PLAN,https://img.travel.rakuten.co.jp/image/tr/api/re/WzozX/?noTomariHotel=390,https://img.travel.rakuten.co.jp/image/tr/api/re/gJNfM/?f_hotel_no=390,りこほてる　こくら,小倉駅より歩いて３分、ビジネスに便利！　ホテル１Fにライブハウスあり！（シャンソン・ジャズ・クラシックが主です）,5000,121981.69,471174.35,802-0008,福岡県,北九州市小倉北区船頭町3-31,093-521-4444,093-521-6839,ＪＲ「小倉駅 」南口より徒歩３分　北九州空港　車で４０分,有り　12台　一回900円（予約不可）  トラック・バス不可　移動させる為、車の鍵をお預りします。,小倉（福岡）,https://img.travel.rakuten.co.jp/share/HOTEL/390/390.jpg,https://img.travel.rakuten.co.jp/HIMG/90/390.jpg,https://img.travel.rakuten.co.jp/share/HOTEL/390/390_sgl.gif,https://img.travel.rakuten.co.jp/HIMG/INTERIOR/390.gif,https://img.travel.rakuten.co.jp/share/HOTEL/390/390map.gif,1302.0,3.01,,sbf2,WiFi対応【禁煙】シングルルームBF,4411155.0,得々プラン！　朝カレー付 　,1,0,0,1,0,1,https://img.travel.rakuten.co.jp/image/tr/api/re/IdsCY/?f_no=390&f_syu=sbf2&f_hi1=2026-10-03&f_hi2=2026-10-04&f_heya_su=1&f_otona_su=1&f_s1=0&f_s2=0&f_y1=0&f_y2=0&f_y3=0&f_y4=0&f_camp_id=4411155,0,2026-10-03,8800,8800,1,2026-10-03,kitakyusyu
134895,ＨＯＴＥＬ　ＡＺ　北九州新門司港店,https://img.travel.rakuten.co.jp/image/tr/api/re/pvonD/?f_no=134895,https://img.travel.rakuten.co.jp/image/tr/api/re/vFumt/?f_no=134895&f_flg=PLAN,https://img.travel.rakuten.co.jp/image/tr/api/re/WzozX/?noTomariHotel=134895,https://img.travel.rakuten.co.jp/image/tr/api/re/gJNfM/?f_hotel_no=134895,ほてる　えーぜっと　きたきゅうしゅう　しんもじこうてん,九州自動車道　新門司ＩＣから車で約5分、新門司港へは車で約7分！朝食無料☆駐車場無料（大型車有料）☆,5480,121917.1,471520.21,800-0114,福岡県,北九州市門司区吉志1丁目25-5,093-483-1301,093-483-1302,ＪＲ　門司駅から車で約20分,無料駐車場47台あり　普通車：予約不要 、中型車・大型車：要予約（有料）,門司,https://img.travel.rakuten.co.jp/share/HOTEL/134895/134895.jpg,https://img.travel.rakuten.co.jp/HIMG/90/134895.jpg,https://img.travel.rakuten.co.jp/share/HOTEL/134895/134895_rm1.jpg,https://img.travel.rakuten.co.jp/HIMG/INTERIOR/134895.jpg,https://img.travel.rakuten.co.jp/share/HOTEL/134895/134895map.gif,238.0,3.77,"フロントに電話して交換してもらう。　2026-09-28 19:05:41投稿 <a href=""https://img.travel.rakuten.co.jp/image/tr/api/re/gJNfM/?f_hotel_no=134895"" class=""3click"">つづきはこちら</a>",sn1,【禁煙】シングル,6386233.0,【宿泊税込】スタンダードプラン（朝食サービス）,1,0,0,1,0,1,https://img.travel.rakuten.co.jp/image/tr/api/re/IdsCY/?f_no=134895&f_syu=sn1&f_hi1=2026-10-03&f_hi2=2026-10-04&f_heya_su=1&f_otona_su=1&f_s1=0&f_s2=0&f_y1=0&f_y2=0&f_y3=0&f_y4=0&f_camp_id=6386233,0,2026-10-03,6580,6580,0,2026-10-03,kitakyusyu
25112,サウナ＆カプセルホテル　グリーンランド小倉,https://img.travel.rakuten.co.jp/image/tr/api/re/pvonD/?f_no=25112,https://img.travel.rakuten.co.jp/image/tr/api/re/vFumt/?f_no=25112&f_flg=PLAN,,https://img.travel.rakuten.co.jp/image/tr/api/re/gJNfM/?f_hotel_no=25112,さうなあんどかぷせるほてる　ぐりーんらんど　こくら,【24H風呂サウナ入り放題】【WiFi無料】【コンビニ徒歩1分】北九州最大のサウナ＆カプセルホテル。,3500,121978.33,471176.59,802-0002,福岡県,北九州市小倉北区京町2-1-7,093-521-6211,093-521-6357,ＪＲ鹿児島本線・小倉駅〜徒歩２分,無し ,小倉（福岡）,https://img.travel.rakuten.co.jp/share/HOTEL/25112/25112.jpg,https://img.travel.rakuten.co.jp/HIMG/90/25112.jpg,https://img.travel.rakuten.co.jp/share/HOTEL/25112/25112_b.jpg,https://img.travel.rakuten.co.jp/HIMG/INTERIOR/25112.jpg,https://img.travel.rakuten.co.jp/share/HOTEL/25112/25112map.gif,567.0,3.92,"手荷物を預けてから花火見物して、ホテルに戻ってから一汗流して併設のレストランで飲食出来て大満足でした。　2026-09-27 18:58:59投稿 <a href=""https://img.travel.rakuten.co.jp/image/tr/api/re/gJNfM/?f_hotel_no=25112"" class=""3click"">つづきはこちら</a>",gl0002,【男性のお客様専用】カプセルルームご宿泊,5676646.0,【男性のお客様専用】 　カプセルームご宿泊プラン　（女性のお客様はご利用頂けません。）,1,0,0,0,0,1,https://img.travel.rakuten.co.jp/image/tr/api/re/IdsCY/?f_no=25112&f_syu=gl0002&f_hi1=2026-10-03&f_hi2=2026-10-04&f_heya_su=1&f_otona_su=1&f_s1=0&f_s2=0&f_y1=0&f_y2=0&f_y3=0&f_y4=0&f_camp_id=5676646,0,2026-10-03,5600,5600,1,2026-10-03,kitakyusyu
187404,リリーフ小倉ＡＮＮＥＸ　ＢＯＯＫ＆ＳＴＡＹ,https://img.travel.rakuten.co.jp/image/tr/api/re/pvonD/?f_no=187404,https://img.travel.rakuten.co.jp/image/tr/api/re/vFumt/?f_no=187404&f_flg=PLAN,,https://img.travel.rakuten.co.jp/image/tr/api/re/gJNfM/?f_hotel_no=187404,りりーふこくらあねっくすぶっくあんどすてい,「食べて」「休んで」「くつろいで」が全部詰まった泊まれるネットカフェ。,2100,121958.11,471193.79,802-0081,福岡県,北九州市小倉北区紺屋町12-16,093-521-5006,093-521-5013,小倉駅より徒歩10分,無し,小倉（福岡）,https://img.travel.rakuten.co.jp/share/HOTEL/187404/187404.jpg,https://img.travel.rakuten.co.jp/HIMG/90/187404.jpg,,,https://img.travel.rakuten.co.jp/share/HOTEL/187404/187404map.gif,308.0,3.83,"カレーが２種類、朝食に納豆や卵があり、前より充実していて良かったです　2026-09-24 10:01:20投稿 <a href=""https://img.travel.rakuten.co.jp/image/tr/api/re/gJNfM/?f_hotel_no=187404"" class=""3click"">つづきはこちら</a>",mid,ミッドナイト【禁煙】全室鍵付個室◇キャビンタイプおまかせ,5730082.0,20時以降のレイトインでお得にご宿泊♪【コミック4万冊＆ラウンジ】全室鍵付◇PC完備の広々キャビン,1,0,0,0,0,1,https://img.travel.rakuten.co.jp/image/tr/api/re/IdsCY/?f_no=187404&f_syu=mid&f_hi1=2026-10-03&f_hi2=2026-10-04&f_heya_su=1&f_otona_su=1&f_s1=0&f_s2=0&f_y1=0&f_y2=0&f_y3=0&f_y4=0&f_camp_id=5730082,0,2026-10-03,7800,7800,0,2026-10-03,kitakyusyu
1225,ホテルポート門司,https://img.travel.rakuten.co.jp/image/tr/api/re/pvonD/?f_no=1225,https://img.travel.rakuten.co.jp/image/tr/api/re/vFumt/?f_no=1225&f_flg=PLAN,https://img.travel.rakuten.co.jp/image/tr/api/re/WzozX/?noTomariHotel=1225,https://img.travel.rakuten.co.jp/image/tr/api/re/gJNfM/?f_hotel_no=1225,ぽーと　もじ,海峡花火会場徒歩圏内｜門司港レトロ徒歩５分｜駐車場無料｜アダルトｃｈ無料放送｜漫画６０００冊読み放題,3900,122194.07,471491.38,801-0863,福岡県,北九州市門司区栄町11-29,093-331-0112,093-331-1004,鹿児島本線門司港駅から徒歩10分。九州道門司ICから車で10分。関門トンネル門司側入り口車で1分。,有り　15台　普通車のみ　要予約（無料）,門司港,https://img.travel.rakuten.co.jp/share/HOTEL/1225/1225.jpg,https://img.travel.rakuten.co.jp/HIMG/90/1225.jpg,https://img.travel.rakuten.co.jp/share/HOTEL/1225/1225_room.jpg,https://img.travel.rakuten.co.jp/HIMG/INTERIOR/1225.jpg,https://img.travel.rakuten.co.jp/share/HOTEL/1225/1225map.gif,1128.0,4.13,,single08,【喫煙】シングルルーム(1bed),2627613.0,03【駐車場利用不可】【訳あり】素泊プラン【チェックアウト9時】近隣コインP多数　【子供不可】,1,0,0,0,0,2,https://img.travel.rakuten.co.jp/image/tr/api/re/IdsCY/?f_no=1225&f_syu=single08&f_hi1=2026-10-03&f_hi2=2026-10-04&f_heya_su=1&f_otona_su=1&f_s1=0&f_s2=0&f_y1=0&f_y2=0&f_y3=0&f_y4=0&f_camp_id=2627613,0,2026-10-03,7900,7900,0,2026-10-03,kitakyusyu
129486,照葉スパリゾート門司店,https://img.travel.rakuten.co.jp/image/tr/api/re/pvonD/?f_no=129486,https://img.travel.rakuten.co.jp/image/tr/api/re/vFumt/?f_no=129486&f_flg=PLAN,https://img.travel.rakuten.co.jp/image/tr/api/re/WzozX/?noTomariHotel=129486,https://img.travel.rakuten.co.jp/image/tr/api/re/gJNfM/?f_hotel_no=129486,てりは　すぱりぞーと　もじてん,関門海峡を望む海沿いのホテルです。「門司港レトロ」まで車で15分と好アクセス,9300,122039.37,471345.85,800-0063,福岡県,北九州市門司区大里本町3-13-26,093-382-1010,093-382-1011,門司駅より徒歩にて10分　現在、当施設の巡回バスは運休中となっております。　公共交通機関をご利用の上ご来館ください。,有り　無料,門司,https://img.travel.rakuten.co.jp/share/HOTEL/129486/129486.jpg,https://img.travel.rakuten.co.jp/HIMG/90/129486.jpg,https://img.travel.rakuten.co.jp/share/HOTEL/129486/129486_ru.jpg,https://img.travel.rakuten.co.jp/HIMG/INTERIOR/129486.jpg,https://img.travel.rakuten.co.jp/share/HOTEL/129486/129486map.gif,663.0,4.02,"いろいろなメーカーのドライヤーがあったりで気になっていたメーカーのドライ…　2026-09-25 14:53:47投稿 <a href=""https://img.travel.rakuten.co.jp/image/tr/api/re/gJNfM/?f_hotel_no=129486"" class=""3click"">つづきはこちら</a>",ss,スタンダードダブル（山側）,6520003.0,朝食ビュッフェ無料！〈岩盤浴付〉1日満喫プラン,1,0,0,0,0,1,https://img.travel.rakuten.co.jp/image/tr/api/re/IdsCY/?f_no=129486&f_syu=ss&f_hi1=2026-10-03&f_hi2=2026-10-04&f_heya_su=1&f_otona_su=1&f_s1=0&f_s2=0&f_y1=0&f_y2=0&f_y3=0&f_y4=0&f_camp_id=6520003,0,2026-10-03,16300,16300,0,2026-10-03,kitakyusyu
189091,ホテルリリーフ小倉ＡＮＮＥＸ,https://img.travel.rakuten.co.jp/image/tr/api/re/pvonD/?f_no=189091,https://img.travel.rakuten.co.jp/image/tr/api/re/vFumt/?f_no=189091&f_flg=PLAN,https://img.travel.rakuten.co.jp/image/tr/api/re/WzozX/?noTomariHotel=189091,https://img.travel.rakuten.co.jp/image/tr/api/re/gJNfM/?f_hotel_no=189091,りりーふこくらあねっくす,宿泊業界最大級の４万冊以上のコミックを保有！２４時間フリーフード＆フリードリンクが無料！,2190,121958.11,471193.79,802-0081,福岡県,北九州市小倉北区紺屋町12-16,093-521-5006,000-000-0000,小倉駅より徒歩約１５分、旦過駅より徒歩約８分,"有り：２台　15時〜翌朝10時迄：1,000円【要予約】",小倉（福岡）,https://img.travel.rakuten.co.jp/share/HOTEL/189091/189091.jpg,https://img.travel.rakuten.co.jp/HIMG/90/189091.jpg,,,https://img.travel.rakuten.co.jp/share/HOTEL/189091/189091map.gif,293.0,4.01,"部屋はゆっくり過ごすことができ、スタッフの方の対応も丁寧で気持ちよく利用できました。周辺には飲食店も多く、食事や買い物にも便利な立地だと感じました…　2026-09-21 20:36:01投稿 <a href=""https://img.travel.rakuten.co.jp/image/tr/api/re/gJNfM/?f_hotel_no=189091"" class=""3click"">つづきはこちら</a>",nmid,レイトイン【禁煙】部屋タイプおまかせ/定員1~2名,5893533.0,2名様まで同料金!!【20時レイトインがお得◆お部屋おまかせ】コミック4万冊＆フリーラウンジ♪,1,0,0,1,0,1,https://img.travel.rakuten.co.jp/image/tr/api/re/IdsCY/?f_no=189091&f_syu=nmid&f_hi1=2026-10-03&f_hi2=2026-10-04&f_heya_su=1&f_otona_su=1&f_s1=0&f_s2=0&f_y1=0&f_y2=0&f_y3=0&f_y4=0&f_camp_id=5893533,0,2026-10-03,23400,23400,0,2026-10-03,kitakyusyu
185112,Ｒａｋｕｔｅｎ　ＳＴＡＹ　小倉駅前,https://img.travel.rakuten.co.jp/image/tr/api/re/pvonD/?f_no=185112,https://img.travel.rakuten.co.jp/image/tr/api/re/vFumt/?f_no=185112&f_flg=PLAN,https://img.travel.rakuten.co.jp/image/tr/api/re/WzozX/?noTomariHotel=185112,https://img.travel.rakuten.co.jp/image/tr/api/re/gJNfM/?f_hotel_no=185112,らくてんすてい　こくらえきまえ,【最大6名まで宿泊可能】全部屋30㎡以上の広々とした客室には、キッチン付きのお部屋も。  小倉駅から約5分の好立地！,2450,121971.51,471190.0,802-0003,福岡県,北九州市小倉北区米町1-3-14　Ｒａｋｕｔｅｎ　ＳＴＡＹ小倉駅前,050-1750-9719,00-0000-0000,JR小倉駅から徒歩約5分　 JR小倉駅 小倉城口を出てセントシティ奥を左折、米町公園の向かいまで約200ｍ直進,無し,平和通,https://img.travel.rakuten.co.jp/share/HOTEL/185112/185112.jpg,https://img.travel.rakuten.co.jp/HIMG/90/185112.jpg,,,https://img.travel.rakuten.co.jp/share/HOTEL/185112/185112map.gif,277.0,4.22,"駅からも近いし駐車場も近いのでとても便利でした。今、車椅子の生活だけど、とても快適に過ごせました!!また、利用したいです!!　2026-09-24 09:36:17投稿 <a href=""https://img.travel.rakuten.co.jp/image/tr/api/re/gJNfM/?f_hotel_no=185112"" class=""3click"">つづきはこちら</a>",002,スタンダードツイン,5940279.0,【直前割・20％OFF】急なお出かけでも安心！バス、キッチン完備で快適ステイ,1,0,0,0,0,2,https://img.travel.rakuten.co.jp/image/tr/api/re/IdsCY/?f_no=185112&f_syu=002&f_hi1=2026-10-03&f_hi2=2026-10-04&f_heya_su=1&f_otona_su=1&f_s1=0&f_s2=0&f_y1=0&f_y2=0&f_y3=0&f_y4=0&f_camp_id=5940279,0,2026-10-03,36000,36000,0,2026-10-03,kitakyusyu
149363,Ｈｏｓｔｅｌ　ａｎｄ　Ｄｉｎｉｎｇ　Ｔａｎｇａ　Ｔａｂｌｅ,https://img.travel.rakuten.co.jp/image/tr/api/re/pvonD/?f_no=149363,https://img.travel.rakuten.co.jp/image/tr/api/re/vFumt/?f_no=149363&f_flg=PLAN,,https://img.travel.rakuten.co.jp/image/tr/api/re/gJNfM/?f_hotel_no=149363,ほすてる　あんど　だいにんぐ　たんが　てーぶる,＜まちをあじわう宿＞小倉駅より徒歩約10分。北九州の台所・旦過市場に隣接するホステル。洋室はシモンズのマットレスを完備♪,1680,121962.37,471173.1,802-0077,福岡県,北九州市小倉北区馬借1-5-25　4Ｆ,093-967-6284,093-967-6285,JR小倉駅より徒歩約10分、北九州モノレール・旦過駅より徒歩約3分,駐車場はありません。徒歩3分圏内にコインパーキングが数箇所ございますのでそちらをご利用ください。,旦過,https://img.travel.rakuten.co.jp/share/HOTEL/149363/149363.jpg,https://img.travel.rakuten.co.jp/HIMG/90/149363.jpg,https://img.travel.rakuten.co.jp/share/HOTEL/149363/149363_kan1.jpg,https://img.travel.rakuten.co.jp/HIMG/INTERIOR/149363.jpg,https://img.travel.rakuten.co.jp/share/HOTEL/149363/149363map.gif,93.0,3.33,"おもしろいホステルです。ヨーロッパによくある雰囲気の簡単な施設です。料金なりに良かったです。　2026-08-28 21:37:58投稿 <a href=""https://img.travel.rakuten.co.jp/image/tr/api/re/gJNfM/?f_hotel_no=149363"" class=""3click"">つづきはこちら</a>",06,【禁煙】男女混合ドミトリー　※無料Wi-Fi,5235884.0,【学割★学生限定】学生旅行・イベント遠征応援♪シンプルに「20％OFF」ステイ！＜事前決済限定＞,1,0,0,0,0,2,https://img.travel.rakuten.co.jp/image/tr/api/re/IdsCY/?f_no=149363&f_syu=06&f_hi1=2026-10-03&f_hi2=2026-10-04&f_heya_su=1&f_otona_su=1&f_s1=0&f_s2=0&f_y1=0&f_y2=0&f_y3=0&f_y4=0&f_camp_id=5235884,0,2026-10-03,2640,2640,0,2026-10-03,kitakyusyu
139981,ファミリーロッジ旅籠屋・北九州八幡店,https://img.travel.rakuten.co.jp/image/tr/api/re/pvonD/?f_no=139981,https://img.travel.rakuten.co.jp/image/tr/api/re/vFumt/?f_no=139981&f_flg=PLAN,https://img.travel.rakuten.co.jp/image/tr/api/re/WzozX/?noTomariHotel=139981,https://img.travel.rakuten.co.jp/image/tr/api/re/gJNfM/?f_hotel_no=139981,ふぁみりーろっじはたごや・きたきゅうしゅうやはたてん,自由な旅に最適な、話題のロードサイドホテル。軽朝食、全室WiFi＆ネット接続無料！　ビジネス旅行にも便利。,4235,121958.75,470554.8,807-0872,福岡県,北九州市八幡西区浅川1丁目19-20,093-691-9858,,折尾駅よりお車にて５分,有り　１４台　無料　予約不要,折尾,https://img.travel.rakuten.co.jp/share/HOTEL/139981/139981.jpg,https://img.travel.rakuten.co.jp/HIMG/90/139981.jpg,,,https://img.travel.rakuten.co.jp/share/HOTEL/139981/139981map.gif,69.0,4.18,"まさか受付の方がこんな感じなどとは想像もしてませんでしたが…　2026-07-14 14:51:31投稿 <a href=""https://img.travel.rakuten.co.jp/image/tr/api/re/gJNfM/?f_hotel_no=139981"" class=""3click"">つづきはこちら</a>",regular11,ツインルーム【喫煙可】,5795564.0,ツインルームプラン（喫煙可）,1,0,0,1,0,0,https://img.travel.rakuten.co.jp/image/tr/api/re/IdsCY/?f_no=139981&f_syu=regular11&f_hi1=2026-10-03&f_hi2=2026-10-04&f_heya_su=1&f_otona_su=1&f_s1=0&f_s2=0&f_y1=0&f_y2=0&f_y3=0&f_y4=0&f_camp_id=5795564,0,2026-10-03,15800,15800,0,2026-10-03,kitakyusyu
201684,門司港キャビン,https://img.travel.rakuten.co.jp/image/tr/api/re/pvonD/?f_no=201684,https://img.travel.rakuten.co.jp/image/tr/api/re/vFumt/?f_no=201684&f_flg=PLAN,,https://img.travel.rakuten.co.jp/image/tr/api/re/gJNfM/?f_hotel_no=201684,もじこうきゃびん,門司港レトロ地区から徒歩5分、半径100m以内にコンビニ3軒の便利なロケーション,3800,122201.12,471490.67,801-0851,福岡県,北九州市門司区東本町1-2-19,093-980-7221,--,JR門司港駅より徒歩11分,なし,門司港,https://img.travel.rakuten.co.jp/share/HOTEL/201684/201684.jpg,https://img.travel.rakuten.co.jp/HIMG/90/201684.jpg,,,https://img.travel.rakuten.co.jp/share/HOTEL/201684/201684map.gif,11.0,4.09,,cabin,キャビン(男女混合)※チェックインは23時まで,,,1,0,0,0,0,2,https://img.travel.rakuten.co.jp/image/tr/api/re/IdsCY/?f_no=201684&f_syu=cabin&f_hi1=2026-10-03&f_hi2=2026-10-04&f_heya_su=1&f_otona_su=1&f_s1=0&f_s2=0&f_y1=0&f_y2=0&f_y3=0&f_y4=0,1,2026-10-03,5400,5400,1,2026-10-03,kitakyusyu
41161,亀の井ホテル　玄界灘　オールインクルーシブホテル,https://img.travel.rakuten.co.jp/image/tr/api/re/pvonD/?f_no=41161,https://img.travel.rakuten.co.jp/image/tr/api/re/vFumt/?f_no=41161&f_flg=PLAN,https://img.travel.rakuten.co.jp/image/tr/api/re/WzozX/?noTomariHotel=41161,https://img.travel.rakuten.co.jp/image/tr/api/re/gJNfM/?f_hotel_no=41161,かめのいほてるげんかいなだおーるいんくるーすぶほてる,2026年7月1日より亀の井ホテル 玄界灘は「亀の井ホテル 玄界灘 オールインクルーシブホテル」に生まれ変わりました！,15470,122152.85,470467.06,808-0123,福岡県,北九州市若松区有毛2829,093-741-1335,093-741-1337,小倉駅・折尾駅まで無料定時送迎バスと運行しております。（平日限定の事前予約制)詳しくはお問い合わせください。,有り　７0台　無料　先着順,折尾,https://img.travel.rakuten.co.jp/share/HOTEL/41161/41161.jpg,https://img.travel.rakuten.co.jp/HIMG/90/41161.jpg,https://img.travel.rakuten.co.jp/share/HOTEL/41161/41161_wa.jpg,https://img.travel.rakuten.co.jp/HIMG/INTERIOR/41161.jpg,https://img.travel.rakuten.co.jp/share/HOTEL/41161/41161map.gif,669.0,4.09,"ウォーターサーバーに近く、食事会場、漫画部屋と同じ階で、宿泊棟の1番手前、荷物を持って歩かなくて良いお部屋ということで、私たち家族…　2026-09-26 20:07:33投稿 <a href=""https://img.travel.rakuten.co.jp/image/tr/api/re/gJNfM/?f_hotel_no=41161"" class=""3click"">つづきはこちら</a>",w8bdnnew, 和室ツインルーム／32平米,6437382.0,【海を望むオールインクルーシブ】出来立ての料理を愉しむ、オーダービュッフェの贅沢な時間,1,1,0,1,0,1,https://img.travel.rakuten.co.jp/image/tr/api/re/IdsCY/?f_no=41161&f_syu=w8bdnnew&f_hi1=2026-10-03&f_hi2=2026-10-04&f_heya_su=1&f_otona_su=1&f_s1=0&f_s2=0&f_y1=0&f_y2=0&f_y3=0&f_y4=0&f_camp_id=6437382,0,2026-10-03,48160,48160,0,2026-10-03,kitakyusyu
144526,ビジネスホテルうめかぜ,https://img.travel.rakuten.co.jp/image/tr/api/re/pvonD/?f_no=144526,https://img.travel.rakuten.co.jp/image/tr/api/re/vFumt/?f_no=144526&f_flg=PLAN,https://img.travel.rakuten.co.jp/image/tr/api/re/WzozX/?noTomariHotel=144526,https://img.travel.rakuten.co.jp/image/tr/api/re/gJNfM/?f_hotel_no=144526,うめかぜ,響町、向洋町まで車で５分。長期出張の方へのお得なプランもあります。詳しくはホームページから電話でご相談ください。,1480,122092.7,470750.61,808-0008,福岡県,北九州市若松区小竹214,093-771-1378,093-771-2355,大橋通りバス停よりバスで２０分「常福寺入口」下車徒歩にて１分。ホームページは「※長期 ビジネスホテルうめかぜ」で検索,無料　（大型、ダンプ等は不可）　,若松,https://img.travel.rakuten.co.jp/share/HOTEL/144526/144526.jpg,https://img.travel.rakuten.co.jp/HIMG/90/144526.jpg,https://img.travel.rakuten.co.jp/share/HOTEL/144526/144526_kya.jpg,https://img.travel.rakuten.co.jp/HIMG/INTERIOR/144526.jpg,https://img.travel.rakuten.co.jp/share/HOTEL/144526/144526map.gif,15.0,4.5,"部屋や風呂が広くて快適でした。洗濯が無料でできるので助かりました。職場に近いので通勤も便利でした。　2026-08-09 07:46:21投稿 <a href=""https://img.travel.rakuten.co.jp/image/tr/api/re/gJNfM/?f_hotel_no=144526"" class=""3click"">つづきはこちら</a>",2-1,響灘工業地帯近、渋滞皆無◆素泊りシングルルーム(宿泊税込み),6366423.0,宿泊日がお誕生日の方限定！バースデープラン(宿泊税込み),1,0,0,0,0,2,https://img.travel.rakuten.co.jp/image/tr/api/re/IdsCY/?f_no=144526&f_syu=2-1&f_hi1=2026-10-03&f_hi2=2026-10-04&f_heya_su=1&f_otona_su=1&f_s1=0&f_s2=0&f_y1=0&f_y2=0&f_y3=0&f_y4=0&f_camp_id=6366423,0,2026-10-03,1480,1480,0,2026-10-03,kitakyusyu
14857,ホテル千望荘,https://img.travel.rakuten.co.jp/image/tr/api/re/pvonD/?f_no=14857,https://img.travel.rakuten.co.jp/image/tr/api/re/vFumt/?f_no=14857&f_flg=PLAN,https://img.travel.rakuten.co.jp/image/tr/api/re/WzozX/?noTomariHotel=14857,https://img.travel.rakuten.co.jp/image/tr/api/re/gJNfM/?f_hotel_no=14857,ほてる　せんぼうそう,車での市内観光に便利な立地。夜景が美しい♪猫に会える♪全室禁煙。喫煙室有り。駐車場無料。,4950,121993.43,470950.76,804-0053,福岡県,北九州市戸畑区牧山2-5-9,093-871-6991,093-882-2985,JR戸畑駅より車で５分、徒歩15分～20分。北九州都市高速枝光インターより車で５分。,有り　１予約1台　無料　若戸大橋・関門橋・戸畑市街を一望できる標高60mほどの丘の上。,戸畑,https://img.travel.rakuten.co.jp/share/HOTEL/14857/14857.jpg,https://img.travel.rakuten.co.jp/HIMG/90/14857.jpg,https://img.travel.rakuten.co.jp/share/HOTEL/14857/14857_war.jpg,https://img.travel.rakuten.co.jp/HIMG/INTERIOR/14857.jpg,https://img.travel.rakuten.co.jp/share/HOTEL/14857/14857map.gif,83.0,3.79,"最高の夜景でタイミングよく花火大会と重なり遠くに綺麗に見えました。築は古そうですが掃除が行き届いてて快適に過ごせました。　2026-08-22 11:07:26投稿 <a href=""https://img.travel.rakuten.co.jp/image/tr/api/re/gJNfM/?f_hotel_no=14857"" class=""3click"">つづきはこちら</a>",b1fs,シングル　禁煙 《WI-FI付き》,,,1,0,0,0,0,1,https://img.travel.rakuten.co.jp/image/tr/api/re/IdsCY/?f_no=14857&f_syu=b1fs&f_hi1=2026-10-03&f_hi2=2026-10-04&f_heya_su=1&f_otona_su=1&f_s1=0&f_s2=0&f_y1=0&f_y2=0&f_y3=0&f_y4=0,1,2026-10-03,6600,6600,0,2026-10-03,kitakyusyu
177440,ＦＵＫＵＯＫＡ　門司港　ステイ,https://img.travel.rakuten.co.jp/image/tr/api/re/pvonD/?f_no=177440,https://img.travel.rakuten.co.jp/image/tr/api/re/vFumt/?f_no=177440&f_flg=PLAN,https://img.travel.rakuten.co.jp/image/tr/api/re/WzozX/?noTomariHotel=177440,https://img.travel.rakuten.co.jp/image/tr/api/re/gJNfM/?f_hotel_no=177440,ふくおか　もじこう　すてい,門司港駅5分＆レトロ地区7分◆全室33平米超＆バストイレ別！洗濯乾燥機・キッチン完備・パジャマ付で快適,7470,122184.42,471481.32,801-0834,福岡県,北九州市門司区本町3-16,050-1721-4419,,門司港駅より徒歩5分／小倉駅より3駅（約13分）／唐戸市場行きフェリー乗り場すぐ／コンビニ徒歩3分,なし（隣にコインP有：12時間約600円）。徒歩30秒圏内に多数あり。お車でも便利です。,門司港,https://img.travel.rakuten.co.jp/share/HOTEL/177440/177440.jpg,https://img.travel.rakuten.co.jp/HIMG/90/177440.jpg,,,https://img.travel.rakuten.co.jp/share/HOTEL/177440/177440map.gif,31.0,4.4,"外のインターホンで暗証番号入力｡何度試しても開かず、緊急連絡先に電話。別の暗証番号を指示され入館｡電話を繋いだまま部屋の暗証番号を入力｡ま…　2026-09-29 00:43:06投稿 <a href=""https://img.travel.rakuten.co.jp/image/tr/api/re/gJNfM/?f_hotel_no=177440"" class=""3click"">つづきはこちら</a>",102,Standard Twin (Max 4),5467910.0,【スタンダード】駅近5分！広々客室＆無料の洗濯機・ガス乾燥機完備で「暮らすような旅」を＜素泊まり＞,1,0,0,0,0,2,https://img.travel.rakuten.co.jp/image/tr/api/re/IdsCY/?f_no=177440&f_syu=102&f_hi1=2026-10-03&f_hi2=2026-10-04&f_heya_su=1&f_otona_su=1&f_s1=0&f_s2=0&f_y1=0&f_y2=0&f_y3=0&f_y4=0&f_camp_id=5467910,0,2026-10-03,33729,33729,0,2026-10-03,kitakyusyu
40190,松柏園ホテル,https://img.travel.rakuten.co.jp/image/tr/api/re/pvonD/?f_no=40190,https://img.travel.rakuten.co.jp/image/tr/api/re/vFumt/?f_no=40190&f_flg=PLAN,https://img.travel.rakuten.co.jp/image/tr/api/re/WzozX/?noTomariHotel=40190,https://img.travel.rakuten.co.jp/image/tr/api/re/gJNfM/?f_hotel_no=40190,しょうはくえん　ほてる,欧州風の洋室に加え、家族旅行の方におすすめな和室もあり！！大人気の和朝食もぜひ♪(朝食は当日１５時までにご予約ください）,9350,121984.49,471256.09,802-0022,福岡県,北九州市小倉北区上富野4-1-25,093-511-2228,093-541-1722,【アクセス】西鉄バスで小倉駅から１０分、門司港駅から３０分／車で７分,駐車場は無料！200台OK！！しかも平面駐車場なので中型車も大丈夫です♪,小倉（福岡）,https://img.travel.rakuten.co.jp/share/HOTEL/40190/40190.jpg,https://img.travel.rakuten.co.jp/HIMG/90/40190.jpg,https://img.travel.rakuten.co.jp/share/HOTEL/40190/40190_he.jpg,https://img.travel.rakuten.co.jp/HIMG/INTERIOR/40190.jpg,https://img.travel.rakuten.co.jp/share/HOTEL/40190/40190map.gif,53.0,3.0,"お風呂のお湯の出が悪く、お湯が溜まるのが遅かったです。シャワーのみなら問題ないです。　2025-12-01 20:49:08投稿 <a href=""https://img.travel.rakuten.co.jp/image/tr/api/re/gJNfM/?f_hotel_no=40190"" class=""3click"">つづきはこちら</a>",s1,シングル,241132.0,朝食付きプラン（和定食）,1,0,0,1,0,1,https://img.travel.rakuten.co.jp/image/tr/api/re/IdsCY/?f_no=40190&f_syu=s1&f_hi1=2026-10-03&f_hi2=2026-10-04&f_heya_su=1&f_otona_su=1&f_s1=0&f_s2=0&f_y1=0&f_y2=0&f_y3=0&f_y4=0&f_camp_id=241132,0,2026-10-03,10900,10900,0,2026-10-03,kitakyusyu
199944,北九州市黒崎付近広い庭の古民家／民泊,https://img.travel.rakuten.co.jp/image/tr/api/re/pvonD/?f_no=199944,https://img.travel.rakuten.co.jp/image/tr/api/re/vFumt/?f_no=199944&f_flg=PLAN,,https://img.travel.rakuten.co.jp/image/tr/api/re/gJNfM/?f_hotel_no=199944,,街なかの古民家民宿。静かな環境で、広々駐車場と庭付き。,5986,121796.91,470754.65,806-0063,福岡県,北九州市八幡西区市瀬2-13-20 ゲストハウス若水,090-4512-5698,00-0000-0000,永犬丸駅から車で8分,なし,永犬丸,https://img.travel.rakuten.co.jp/share/HOTEL/199944/199944.jpg,https://img.travel.rakuten.co.jp/HIMG/90/199944.jpg,,,https://img.travel.rakuten.co.jp/share/HOTEL/199944/199944map.gif,,,,r20413_12,ゲストハウス若水黒崎,6444455.0,静かな癒される空間,1,0,0,0,0,2,https://img.travel.rakuten.co.jp/image/tr/api/re/IdsCY/?f_no=199944&f_syu=r20413_12&f_hi1=2026-10-03&f_hi2=2026-10-04&f_heya_su=1&f_otona_su=1&f_s1=0&f_s2=0&f_y1=0&f_y2=0&f_y3=0&f_y4=0&f_camp_id=6444455,0,2026-10-03,25288,25288,0,2026-10-03,kitakyusyu
179406,グランドベース門司　和,https://img.travel.rakuten.co.jp/image/tr/api/re/pvonD/?f_no=179406,https://img.travel.rakuten.co.jp/image/tr/api/re/vFumt/?f_no=179406&f_flg=PLAN,https://img.travel.rakuten.co.jp/image/tr/api/re/WzozX/?noTomariHotel=179406,https://img.travel.rakuten.co.jp/image/tr/api/re/gJNfM/?f_hotel_no=179406,ぐらんどべーすもじ　なごみ,▼GO TOトラベル対象施設▼門司港駅近く★門司港レトロ＆下関観光に便利♪最新スマートホテル☆,1820,122185.95,471487.27,801-0862,福岡県,北九州市門司区錦町1-7,050-1720-7129,,門司港駅「北口」から徒歩8分！「清滝四町目」の信号を左、次の角を右に曲がって右手に有り,無料敷地内駐車場3台分有り。先着順・予約不可。,門司港,https://img.travel.rakuten.co.jp/share/HOTEL/179406/179406.jpg,https://img.travel.rakuten.co.jp/HIMG/90/179406.jpg,https://img.travel.rakuten.co.jp/share/HOTEL/179406/179406_kan1.jpg,https://img.travel.rakuten.co.jp/HIMG/INTERIOR/179406.jpg,https://img.travel.rakuten.co.jp/share/HOTEL/179406/179406map.gif,40.0,4.22,"浴槽なくシャワーだけだったけど、椅子がなかったから子供と一緒に入るのは難しかった💦　2026-07-13 14:49:01投稿 <a href=""https://img.travel.rakuten.co.jp/image/tr/api/re/gJNfM/?f_hotel_no=179406"" class=""3click"">つづきはこちら</a>",e-type,シアターツイン E,4688267.0,【素泊まり】,1,0,0,0,0,1,https://img.travel.rakuten.co.jp/image/tr/api/re/IdsCY/?f_no=179406&f_syu=e-type&f_hi1=2026-10-03&f_hi2=2026-10-04&f_heya_su=1&f_otona_su=1&f_s1=0&f_s2=0&f_y1=0&f_y2=0&f_y3=0&f_y4=0&f_camp_id=4688267,0,2026-10-03,25750,25750,0,2026-10-03,kitakyusyu
176823,グランドベース門司港,https://img.travel.rakuten.co.jp/image/tr/api/re/pvonD/?f_no=176823,https://img.travel.rakuten.co.jp/image/tr/api/re/vFumt/?f_no=176823&f_flg=PLAN,https://img.travel.rakuten.co.jp/image/tr/api/re/WzozX/?noTomariHotel=176823,https://img.travel.rakuten.co.jp/image/tr/api/re/gJNfM/?f_hotel_no=176823,ぐらんどべーすもじこう,門司港駅から徒歩10分、レトロ地区散策や下関観光にも便利！ゆとりのある客室は全室キーレス・キッチン完備,2692,122182.61,471494.31,801-0862,福岡県,北九州市門司区錦町11-28,050-1720-7129,,JR門司港駅より徒歩にて約10分／西鉄バス　錦町バス停より徒歩1分,無料駐車場1台（１４時〜先着順・予約不可）外出中に満車の場合は近隣コインパーキングをご利用ください,門司港,https://img.travel.rakuten.co.jp/share/HOTEL/176823/176823.jpg,https://img.travel.rakuten.co.jp/HIMG/90/176823.jpg,https://img.travel.rakuten.co.jp/share/HOTEL/176823/176823_kan1.jpg,https://img.travel.rakuten.co.jp/HIMG/INTERIOR/176823.jpg,https://img.travel.rakuten.co.jp/share/HOTEL/176823/176823map.gif,29.0,4.0,"チェックインの手順はそれほど難しくないのですが、少し時間がかかる事もあるため、前にお客さ…　2026-05-10 16:57:58投稿 <a href=""https://img.travel.rakuten.co.jp/image/tr/api/re/gJNfM/?f_hotel_no=176823"" class=""3click"">つづきはこちら</a>",b-type,スタンダード B,4552732.0,【素泊まり】スタンダードプラン「何人泊まっても同じ値段♪」,1,0,0,0,0,1,https://img.travel.rakuten.co.jp/image/tr/api/re/IdsCY/?f_no=176823&f_syu=b-type&f_hi1=2026-10-03&f_hi2=2026-10-04&f_heya_su=1&f_otona_su=1&f_s1=0&f_s2=0&f_y1=0&f_y2=0&f_y3=0&f_y4=0&f_camp_id=4552732,0,2026-10-03,33990,33990,0,2026-10-03,kitakyusyu
189462,貸別荘　汽笛　＾,https://img.travel.rakuten.co.jp/image/tr/api/re/pvonD/?f_no=189462,https://img.travel.rakuten.co.jp/image/tr/api/re/vFumt/?f_no=189462&f_flg=PLAN,,https://img.travel.rakuten.co.jp/image/tr/api/re/gJNfM/?f_hotel_no=189462,,関門海峡　門司側の高台に建つ貸別荘、眼下に行き交う大小の貨物船を見てると心も癒されます。,7401,122233.42,471485.32,801-0854,福岡県,北九州市門司区旧門司2-11-15　貸別荘　汽笛,080-6321-5074,000-000-0000,ノーフォーク広場駅から徒歩で約２分,有り,門司港,https://img.travel.rakuten.co.jp/share/HOTEL/189462/189462.jpg,https://img.travel.rakuten.co.jp/HIMG/90/189462.jpg,,,https://img.travel.rakuten.co.jp/share/HOTEL/189462/189462map.gif,,,,726650_14,一戸建て,5853597.0,関門海峡を一望、行交う貨物船の汽笛に非日常な一日を。,1,0,0,0,0,2,https://img.travel.rakuten.co.jp/image/tr/api/re/IdsCY/?f_no=189462&f_syu=726650_14&f_hi1=2026-10-03&f_hi2=2026-10-04&f_heya_su=1&f_otona_su=1&f_s1=0&f_s2=0&f_y1=0&f_y2=0&f_y3=0&f_y4=0&f_camp_id=5853597,0,2026-10-03,42108,42108,0,2026-10-03,kitakyusyu
