basic_hotelNo,basic_hotelName,basic_hotelInformationUrl,basic_planListUrl,basic_dpPlanListUrl,basic_reviewUrl,basic_hotelKanaName,basic_hotelSpecial,basic_hotelMinCharge,basic_latitude,basic_longitude,basic_postalCode,basic_address1,basic_address2,basic_telephoneNo,basic_faxNo,basic_access,basic_parkingInformation,basic_nearestStation,basic_hotelImageUrl,basic_hotelThumbnailUrl,basic_roomImageUrl,basic_roomThumbnailUrl,basic_hotelMapImageUrl,basic_reviewCount,basic_reviewAverage,basic_userReview,room_roomClass,room_roomName,room_planId,room_planName,room_pointRate,room_withDinnerFlag,room_dinnerSelectFlag,room_withBreakfastFlag,room_breakfastSelectFlag,room_payment,room_reserveUrl,room_salesformFlag,charge_stayDate,charge_rakutenCharge,charge_total,charge_chargeFlag,date,area
19687,ホテルニューガイア　オームタガーデン,https://img.travel.rakuten.co.jp/image/tr/api/re/pvonD/?f_no=19687,https://img.travel.rakuten.co.jp/image/tr/api/re/vFumt/?f_no=19687&f_flg=PLAN,https://img.travel.rakuten.co.jp/image/tr/api/re/WzozX/?noTomariHotel=19687,https://img.travel.rakuten.co.jp/image/tr/api/re/gJNfM/?f_hotel_no=19687,おーむた　がーでん,宿泊者専用ラウンジのフリーフローサービスが充実！2025年2月1日よりスカイラウンジも全宿泊者対象に！,4900,118923.76,469629.25,836-0807,福岡県,大牟田市旭町三丁目3番地3,0944-51-1111,0944-51-0510,天神から西鉄電車特急で60分、西鉄新栄町駅下車徒歩3分/九州道南関ＩＣより車で25分,"有料　120台駐車可　ご宿泊者の方は1泊1,000円にてご利用いただけます。",新栄町（福岡）,https://img.travel.rakuten.co.jp/share/HOTEL/19687/19687.jpg,https://img.travel.rakuten.co.jp/HIMG/90/19687.jpg,https://img.travel.rakuten.co.jp/share/HOTEL/19687/19687_heya1.jpg,https://img.travel.rakuten.co.jp/HIMG/INTERIOR/19687.jpg,https://img.travel.rakuten.co.jp/share/HOTEL/19687/19687map.gif,1311.0,4.02,"良かったです。また何かあれ…　2026-07-19 22:48:26投稿 <a href=""https://img.travel.rakuten.co.jp/image/tr/api/re/gJNfM/?f_hotel_no=19687"" class=""3click"">つづきはこちら</a>",pscn,【禁煙】プレミアムフロア スタンダードシングル,5584393.0,【プレミアムフロア】6大特典付き♪特典多数の快適プレミアムプラン,1,0,0,0,0,1,https://img.travel.rakuten.co.jp/image/tr/api/re/IdsCY/?f_no=19687&f_syu=pscn&f_hi1=2026-07-22&f_hi2=2026-07-23&f_heya_su=1&f_otona_su=1&f_s1=0&f_s2=0&f_y1=0&f_y2=0&f_y3=0&f_y4=0&f_camp_id=5584393,0,2026-07-22,13500,13500,0,2026-07-22,chikugo
153338,ホテルニューガイア　柳川,https://img.travel.rakuten.co.jp/image/tr/api/re/pvonD/?f_no=153338,https://img.travel.rakuten.co.jp/image/tr/api/re/vFumt/?f_no=153338&f_flg=PLAN,https://img.travel.rakuten.co.jp/image/tr/api/re/WzozX/?noTomariHotel=153338,https://img.travel.rakuten.co.jp/image/tr/api/re/gJNfM/?f_hotel_no=153338,にゅーがいあ　やながわ,【大好評】宿泊者専用ラウンジ！西鉄柳川駅より徒歩３分の好立地！川下りの乗船場隣接。,4000,119387.57,469511.23,832-0822,福岡県,柳川市三橋町下百町1-14,0944-75-1705,0944-75-1706,西鉄大牟田線　柳川駅より徒歩にて約３分,有り　9台　１，０００円（税込み／泊）　予約不可・先着順,西鉄柳川,https://img.travel.rakuten.co.jp/share/HOTEL/153338/153338.jpg,https://img.travel.rakuten.co.jp/HIMG/90/153338.jpg,,,https://img.travel.rakuten.co.jp/share/HOTEL/153338/153338map.gif,270.0,4.15,"梅雨明け直後の非常に暑い日に利用しました。打ち合わせが予定より早く終わり、チェックイン時間までどう過ごそうか悩んでいましたが、ダメもとでホテルへ伺ったところ、チェックイン時間前にもかかわらず快く部屋へ…　2026-07-10 09:04:01投稿 <a href=""https://img.travel.rakuten.co.jp/image/tr/api/re/gJNfM/?f_hotel_no=153338"" class=""3click"">つづきはこちら</a>",rsd,【電子タバコ可】★リニューアルスタンダードダブル★11平米〜,3744847.0,【素泊り】★シンプル★素泊まりプラン,1,0,0,0,0,1,https://img.travel.rakuten.co.jp/image/tr/api/re/IdsCY/?f_no=153338&f_syu=rsd&f_hi1=2026-07-22&f_hi2=2026-07-23&f_heya_su=1&f_otona_su=1&f_s1=0&f_s2=0&f_y1=0&f_y2=0&f_y3=0&f_y4=0&f_camp_id=3744847,0,2026-07-22,8500,8500,0,2026-07-22,chikugo
197684,ホテルルートイン大牟田,https://img.travel.rakuten.co.jp/image/tr/api/re/pvonD/?f_no=197684,https://img.travel.rakuten.co.jp/image/tr/api/re/vFumt/?f_no=197684&f_flg=PLAN,https://img.travel.rakuten.co.jp/image/tr/api/re/WzozX/?noTomariHotel=197684,https://img.travel.rakuten.co.jp/image/tr/api/re/gJNfM/?f_hotel_no=197684,ほてるるーといんおおむた,2025年12月26日OPEN！有明沿岸道大牟田ICから車で約2分！ホテルルートイン大牟田！,6225,118906.91,469541.59,836-0037,福岡県,大牟田市岬町6-67,050-5482-7150,0944-54-1002,西鉄大牟田駅から車で約5分、有明沿岸道　大牟田ICから車で約2分,あり　227台　無料　先着順,大牟田,https://img.travel.rakuten.co.jp/share/HOTEL/197684/197684.jpg,https://img.travel.rakuten.co.jp/HIMG/90/197684.jpg,,,https://img.travel.rakuten.co.jp/share/HOTEL/197684/197684map.gif,146.0,4.57,"綺麗でした。　2026-07-04 19:59:05投稿 <a href=""https://img.travel.rakuten.co.jp/image/tr/api/re/gJNfM/?f_hotel_no=197684"" class=""3click"">つづきはこちら</a>",nt,□禁煙□ツインルーム,6324537.0,スタンダードプラン【バイキング朝食付き】,1,0,0,1,0,1,https://img.travel.rakuten.co.jp/image/tr/api/re/IdsCY/?f_no=197684&f_syu=nt&f_hi1=2026-07-22&f_hi2=2026-07-23&f_heya_su=1&f_otona_su=1&f_s1=0&f_s2=0&f_y1=0&f_y2=0&f_y3=0&f_y4=0&f_camp_id=6324537,0,2026-07-22,12500,12500,0,2026-07-22,chikugo
161064,ホテルルートイン柳川駅前,https://img.travel.rakuten.co.jp/image/tr/api/re/pvonD/?f_no=161064,https://img.travel.rakuten.co.jp/image/tr/api/re/vFumt/?f_no=161064&f_flg=PLAN,https://img.travel.rakuten.co.jp/image/tr/api/re/WzozX/?noTomariHotel=161064,https://img.travel.rakuten.co.jp/image/tr/api/re/gJNfM/?f_hotel_no=161064,るーといんやながわえきまえ,ＷＯＷＯＷ全室で無料視聴可■VODルームシアター無料視聴可能(一般映画のみ・コンフォートルーム特典）■Wi-Fi利用可,6150,119383.85,469521.33,832-0822,福岡県,柳川市三橋町下百町210-10,050-5824-4101,0944-75-1552,西鉄天神大牟田線 西鉄柳川駅東口より徒歩にて約１分／九州自動車道みやま柳川ＩＣより車で約18分,有り　７９台　無料　（先着順）,西鉄柳川,https://img.travel.rakuten.co.jp/share/HOTEL/161064/161064.jpg,https://img.travel.rakuten.co.jp/HIMG/90/161064.jpg,,,https://img.travel.rakuten.co.jp/share/HOTEL/161064/161064map.gif,621.0,4.25,"よいです。　2026-07-17 18:10:56投稿 <a href=""https://img.travel.rakuten.co.jp/image/tr/api/re/gJNfM/?f_hotel_no=161064"" class=""3click"">つづきはこちら</a>",cs,■喫煙■コンフォートシングルルーム《寝具はエアウィーヴ》,3924019.0,スタンダードプラン【大浴場・朝食・Wi-Fi完備・駐車場無料】,1,0,0,1,0,1,https://img.travel.rakuten.co.jp/image/tr/api/re/IdsCY/?f_no=161064&f_syu=cs&f_hi1=2026-07-22&f_hi2=2026-07-23&f_heya_su=1&f_otona_su=1&f_s1=0&f_s2=0&f_y1=0&f_y2=0&f_y3=0&f_y4=0&f_camp_id=3924019,0,2026-07-22,9750,9750,0,2026-07-22,chikugo
11227,ホテル　エルモント,https://img.travel.rakuten.co.jp/image/tr/api/re/pvonD/?f_no=11227,https://img.travel.rakuten.co.jp/image/tr/api/re/vFumt/?f_no=11227&f_flg=PLAN,https://img.travel.rakuten.co.jp/image/tr/api/re/WzozX/?noTomariHotel=11227,https://img.travel.rakuten.co.jp/image/tr/api/re/gJNfM/?f_hotel_no=11227,えるもんと,筑後市にオープン！全館“光フレッツ”高速無線Wi-Fi通信無料！全室空気清浄器付。洋朝食無料☆ゆったりセミダブルベット！,4290,119544.54,469802.25,833-0031,福岡県,筑後市山ノ井138-22,0942-53-2008,0942-53-0006,ＪＲ羽犬塚駅より徒歩１分／九州新幹線筑後船小屋駅より車で4分/九州自動車道八女Ｉ．Ｃより車で4分／福岡空港より45分,※無料駐車場 30台は到着順です（駐車予約不可）★満車の場合は近隣の有料駐車場をご案内します◆,羽犬塚,https://img.travel.rakuten.co.jp/share/HOTEL/11227/11227.jpg,https://img.travel.rakuten.co.jp/HIMG/90/11227.jpg,https://img.travel.rakuten.co.jp/share/HOTEL/11227/11227_yor.jpg,https://img.travel.rakuten.co.jp/HIMG/INTERIOR/11227.jpg,https://img.travel.rakuten.co.jp/share/HOTEL/11227/11227map.gif,675.0,3.93,,wa,★ダブルルーム★（喫煙可）,3366754.0,GO筑後★なかよしダブルベットルームプラン♪,1,0,0,1,0,0,https://img.travel.rakuten.co.jp/image/tr/api/re/IdsCY/?f_no=11227&f_syu=wa&f_hi1=2026-07-22&f_hi2=2026-07-23&f_heya_su=1&f_otona_su=1&f_s1=0&f_s2=0&f_y1=0&f_y2=0&f_y3=0&f_y4=0&f_camp_id=3366754,0,2026-07-22,8580,8580,0,2026-07-22,chikugo
3149,八女グリーンホテル,https://img.travel.rakuten.co.jp/image/tr/api/re/pvonD/?f_no=3149,https://img.travel.rakuten.co.jp/image/tr/api/re/vFumt/?f_no=3149&f_flg=PLAN,https://img.travel.rakuten.co.jp/image/tr/api/re/WzozX/?noTomariHotel=3149,https://img.travel.rakuten.co.jp/image/tr/api/re/gJNfM/?f_hotel_no=3149,やめ　ぐりーんほてる,駐車場無料（3ｔ～有料）●展望浴場無料（予約制度あり）●朝食無料●Ｗｉ－Fi完備,5500,119544.91,470023.46,834-0031,福岡県,八女市本町47-1,0943-22-2156,0943-24-5896,ＪＲ羽犬塚駅よりバスで１５分（福島バス停より徒歩７分）■八女インターよりお車で １０分■広川インターよりお車で １５分,無料(3ｔ以上は有料1000円) 大型バスは要予約（お断りする場合も有）,羽犬塚,https://img.travel.rakuten.co.jp/share/HOTEL/3149/3149.jpg,https://img.travel.rakuten.co.jp/HIMG/90/3149.jpg,https://img.travel.rakuten.co.jp/share/HOTEL/3149/3149_heya.jpg,https://img.travel.rakuten.co.jp/HIMG/INTERIOR/3149.jpg,https://img.travel.rakuten.co.jp/share/HOTEL/3149/3149map.gif,576.0,3.6,,sb,【喫煙】別館｜シングル,3397554.0,【当日限定】【直前割】空いていればお得にＳＴＡＹ☆ラッキープラン♪ ＜朝食無料＞,1,0,0,1,0,1,https://img.travel.rakuten.co.jp/image/tr/api/re/JlnYS/?f_no=3149&f_syu=sb&f_hi1=2026-07-22&f_hi2=2026-07-23&f_heya_su=1&f_otona_su=1&f_s1=0&f_s2=0&f_y1=0&f_y2=0&f_y3=0&f_y4=0&f_camp_id=3397554,2,2026-07-22,7300,7300,0,2026-07-22,chikugo
172388,ビジネスインこめや２号館,https://img.travel.rakuten.co.jp/image/tr/api/re/pvonD/?f_no=172388,https://img.travel.rakuten.co.jp/image/tr/api/re/vFumt/?f_no=172388&f_flg=PLAN,https://img.travel.rakuten.co.jp/image/tr/api/re/WzozX/?noTomariHotel=172388,https://img.travel.rakuten.co.jp/image/tr/api/re/gJNfM/?f_hotel_no=172388,びじねすいんこめやにごうかん,大牟田駅から徒歩２分！漫画本貸し出しも自転車貸し出しもWi-Fiも無料！安くて駅近といえばココ☆,3300,118896.34,469598.36,836-0046,福岡県,大牟田市本町4-7-13,0944-31-4269,0944-31-4306,ＪＲ／西鉄　大牟田駅西口(西鉄側)より駅を背に徒歩にて約２分,無料駐車場有り。予約画面にて、車のナンバー（最後の４ケタと地方）を備考欄に記入してください。,大牟田,https://img.travel.rakuten.co.jp/share/HOTEL/172388/172388.jpg,https://img.travel.rakuten.co.jp/HIMG/90/172388.jpg,,,https://img.travel.rakuten.co.jp/share/HOTEL/172388/172388map.gif,127.0,3.89,,aabb918,シングルルーム　(禁煙)　,6495798.0,【荒尾店OPEN特別価格】シングル洋室（禁煙）【期間限定】※大牟田のホテルの予約ページです,1,0,0,0,0,1,https://img.travel.rakuten.co.jp/image/tr/api/re/IdsCY/?f_no=172388&f_syu=aabb918&f_hi1=2026-07-22&f_hi2=2026-07-23&f_heya_su=1&f_otona_su=1&f_s1=0&f_s2=0&f_y1=0&f_y2=0&f_y3=0&f_y4=0&f_camp_id=6495798,0,2026-07-22,4800,4800,0,2026-07-22,chikugo
56158,ニューロイヤルホテル,https://img.travel.rakuten.co.jp/image/tr/api/re/pvonD/?f_no=56158,https://img.travel.rakuten.co.jp/image/tr/api/re/vFumt/?f_no=56158&f_flg=PLAN,https://img.travel.rakuten.co.jp/image/tr/api/re/WzozX/?noTomariHotel=56158,https://img.travel.rakuten.co.jp/image/tr/api/re/gJNfM/?f_hotel_no=56158,にゅーろいやるほてる,西鉄・ＪＲ駅から徒歩１０分。繁華街、飲食店へ歩いて１０分以内で移動できます。,6950,118907.23,469611.0,836-0044,福岡県,大牟田市古町2-9,0944-53-2800,0944-53-2855,ＪＲ・西鉄　大牟田駅から徒歩１０分,"21台。普通車500円/泊。大型車1,500円/泊。駐車場予約車1,100円/泊。 防犯カメラ設置",大牟田,https://img.travel.rakuten.co.jp/share/HOTEL/56158/56158.jpg,https://img.travel.rakuten.co.jp/HIMG/90/56158.jpg,https://img.travel.rakuten.co.jp/share/HOTEL/56158/56158_ky.jpg,https://img.travel.rakuten.co.jp/HIMG/INTERIOR/56158.jpg,https://img.travel.rakuten.co.jp/share/HOTEL/56158/56158map.gif,381.0,3.47,"今度は朝食を頂きたいです。　2026-06-13 17:56:22投稿 <a href=""https://img.travel.rakuten.co.jp/image/tr/api/re/gJNfM/?f_hotel_no=56158"" class=""3click"">つづきはこちら</a>",ss,◆◇シングル◆◇禁煙,6445652.0,【お得な決算大セール】シングル禁煙　素泊まりプラン　7，600円！,1,0,0,0,0,1,https://img.travel.rakuten.co.jp/image/tr/api/re/IdsCY/?f_no=56158&f_syu=ss&f_hi1=2026-07-22&f_hi2=2026-07-23&f_heya_su=1&f_otona_su=1&f_s1=0&f_s2=0&f_y1=0&f_y2=0&f_y3=0&f_y4=0&f_camp_id=6445652,0,2026-07-22,7600,7600,0,2026-07-22,chikugo
197724,ＭＯＮＯＭＩＮＡ　ＨＯＴＥＬ　ｓｔｎ．１,https://img.travel.rakuten.co.jp/image/tr/api/re/pvonD/?f_no=197724,https://img.travel.rakuten.co.jp/image/tr/api/re/vFumt/?f_no=197724&f_flg=PLAN,https://img.travel.rakuten.co.jp/image/tr/api/re/WzozX/?noTomariHotel=197724,https://img.travel.rakuten.co.jp/image/tr/api/re/gJNfM/?f_hotel_no=197724,ものみなほてるすてーしょんわん,大牟田の炭鉱という個性を踏襲した空間で、 その魅力に触れる機会をご提供いたします。,4768,118914.67,469608.5,836-0047,福岡県,大牟田市大正町1-3-9,0944-53-3800,0944-53-3807,西鉄天神大牟田線 新栄町駅より徒歩約8分,あり　26台　800円　先着順,新栄町（福岡）,https://img.travel.rakuten.co.jp/share/HOTEL/197724/197724.jpg,https://img.travel.rakuten.co.jp/HIMG/90/197724.jpg,,,https://img.travel.rakuten.co.jp/share/HOTEL/197724/197724map.gif,35.0,4.48,"とても綺麗でした　2026-07-05 18:37:26投稿 <a href=""https://img.travel.rakuten.co.jp/image/tr/api/re/gJNfM/?f_hotel_no=197724"" class=""3click"">つづきはこちら</a>",dbl,ダブルルーム（16平米）ベッド幅140センチ,6434455.0,＜駐車場利用無し＞【直前割】「大牟田駅から徒歩10分」デザイナーズホテル(素泊まり／食事なし),1,0,0,0,0,1,https://img.travel.rakuten.co.jp/image/tr/api/re/IdsCY/?f_no=197724&f_syu=dbl&f_hi1=2026-07-22&f_hi2=2026-07-23&f_heya_su=1&f_otona_su=1&f_s1=0&f_s2=0&f_y1=0&f_y2=0&f_y3=0&f_y4=0&f_camp_id=6434455,0,2026-07-22,8204,8204,0,2026-07-22,chikugo
145477,大川リバーサイドホテル,https://img.travel.rakuten.co.jp/image/tr/api/re/pvonD/?f_no=145477,https://img.travel.rakuten.co.jp/image/tr/api/re/vFumt/?f_no=145477&f_flg=PLAN,https://img.travel.rakuten.co.jp/image/tr/api/re/WzozX/?noTomariHotel=145477,https://img.travel.rakuten.co.jp/image/tr/api/re/gJNfM/?f_hotel_no=145477,おおかわりばーさいどほてる,佐賀市内へ車で約２０分。柳川市内へ車で約１５分。福岡市内へ車で約１時間半。 ビジネスや観光に是非ご利用下さい。,4400,119532.84,469367.41,831-0004,福岡県,大川市榎津218-1,0944-86-2200,0944-86-2201,西鉄柳川駅から車で１５分、九州佐賀国際空港から車で２５分、ＪＲ佐賀駅から車で２５分,有り　２２台　無料(先着順）,西鉄柳川,https://img.travel.rakuten.co.jp/share/HOTEL/145477/145477.jpg,https://img.travel.rakuten.co.jp/HIMG/90/145477.jpg,https://img.travel.rakuten.co.jp/share/HOTEL/145477/145477_kan1.jpg,https://img.travel.rakuten.co.jp/HIMG/INTERIOR/145477.jpg,https://img.travel.rakuten.co.jp/share/HOTEL/145477/145477map.gif,167.0,3.98,"大川を訪問する時は、いつも利用させて頂いています。大川市の中心にあり便利で、部屋は清潔で心地よく過ごせます。　2026-07-04 13:03:50投稿 <a href=""https://img.travel.rakuten.co.jp/image/tr/api/re/gJNfM/?f_hotel_no=145477"" class=""3click"">つづきはこちら</a>",nt,【禁煙】ツインルーム 25平米 (最大4名まで♪),4312174.0,【Okawa Riverside Hotel】スタンダードプラン／朝食和洋バイキング無料 ,1,0,0,1,0,1,https://img.travel.rakuten.co.jp/image/tr/api/re/IdsCY/?f_no=145477&f_syu=nt&f_hi1=2026-07-22&f_hi2=2026-07-23&f_heya_su=1&f_otona_su=1&f_s1=0&f_s2=0&f_y1=0&f_y2=0&f_y3=0&f_y4=0&f_camp_id=4312174,0,2026-07-22,17400,17400,0,2026-07-22,chikugo
73993,柳川温泉ホテル　輝泉荘,https://img.travel.rakuten.co.jp/image/tr/api/re/pvonD/?f_no=73993,https://img.travel.rakuten.co.jp/image/tr/api/re/vFumt/?f_no=73993&f_flg=PLAN,https://img.travel.rakuten.co.jp/image/tr/api/re/WzozX/?noTomariHotel=73993,https://img.travel.rakuten.co.jp/image/tr/api/re/gJNfM/?f_hotel_no=73993,やながわおんせんほてる　きせんそう,柳川で数少ない天然温泉が楽しめる宿。溢れ出す源泉は湯量も豊富。有明海で捕れた新鮮な海の幸を使った柳川料理はどれも絶品です,6600,119422.58,469460.74,832-0806,福岡県,柳川市三橋町柳河874,0944-73-3182,0944-73-2406,西鉄　柳川駅より車で５分/九州自動車道みやま柳川I..Cより車で15分、八女I..Cより20分,有り　100台　無料　予約不要,西鉄柳川,https://img.travel.rakuten.co.jp/share/HOTEL/73993/73993.jpg,https://img.travel.rakuten.co.jp/HIMG/90/73993.jpg,https://img.travel.rakuten.co.jp/share/HOTEL/73993/73993_wa.jpg,https://img.travel.rakuten.co.jp/HIMG/INTERIOR/73993.jpg,https://img.travel.rakuten.co.jp/share/HOTEL/73993/73993map.gif,267.0,4.42,"日帰り入浴があり、常連さんが多いよう…　2026-05-24 17:53:37投稿 <a href=""https://img.travel.rakuten.co.jp/image/tr/api/re/gJNfM/?f_hotel_no=73993"" class=""3click"">つづきはこちら</a>",s,スタンダードツインタイプ［禁煙］,5925537.0,☆ビジネスの方にも最適☆ご朝食付きプラン♪,1,0,0,1,0,1,https://img.travel.rakuten.co.jp/image/tr/api/re/IdsCY/?f_no=73993&f_syu=s&f_hi1=2026-07-22&f_hi2=2026-07-23&f_heya_su=1&f_otona_su=1&f_s1=0&f_s2=0&f_y1=0&f_y2=0&f_y3=0&f_y4=0&f_camp_id=5925537,0,2026-07-22,8690,8690,0,2026-07-22,chikugo
78158,スマイルホテル福岡大川,https://img.travel.rakuten.co.jp/image/tr/api/re/pvonD/?f_no=78158,https://img.travel.rakuten.co.jp/image/tr/api/re/vFumt/?f_no=78158&f_flg=PLAN,https://img.travel.rakuten.co.jp/image/tr/api/re/WzozX/?noTomariHotel=78158,https://img.travel.rakuten.co.jp/image/tr/api/re/gJNfM/?f_hotel_no=78158,すまいるほてるふくおかおおかわ,久留米・佐賀市内・佐賀空港まで車で25分★大川市中心でビジネスも観光も快適！【駐車場無料】,3600,119539.12,469370.39,831-0016,福岡県,大川市酒見105-1,0944-89-1311,0944-89-1313,西鉄柳川駅よりタクシーご利用にて１２分、九州佐賀国際空港より車で２５分、九州新幹線筑後船小屋駅より車で２５分,有り　４０台　無料　予約不要　※満車時は近藤材木店の駐車場へご駐車ください。,西鉄柳川,https://img.travel.rakuten.co.jp/share/HOTEL/78158/78158.jpg,https://img.travel.rakuten.co.jp/HIMG/90/78158.jpg,https://img.travel.rakuten.co.jp/share/HOTEL/78158/78158_sin.jpg,https://img.travel.rakuten.co.jp/HIMG/INTERIOR/78158.jpg,https://img.travel.rakuten.co.jp/share/HOTEL/78158/78158map.gif,336.0,3.76,,sn,【禁煙】シングルルーム/12平米★シンプル快適ステイ,4185238.0,【素泊まり/シンプルステイ】VOD全室無料視聴☆コンビニ徒歩2分＜駐車場・Wi-Fi完備＞,1,0,0,0,0,1,https://img.travel.rakuten.co.jp/image/tr/api/re/IdsCY/?f_no=78158&f_syu=sn&f_hi1=2026-07-22&f_hi2=2026-07-23&f_heya_su=1&f_otona_su=1&f_s1=0&f_s2=0&f_y1=0&f_y2=0&f_y3=0&f_y4=0&f_camp_id=4185238,0,2026-07-22,6300,6300,0,2026-07-22,chikugo
147664,ビジネスインこめや,https://img.travel.rakuten.co.jp/image/tr/api/re/pvonD/?f_no=147664,https://img.travel.rakuten.co.jp/image/tr/api/re/vFumt/?f_no=147664&f_flg=PLAN,https://img.travel.rakuten.co.jp/image/tr/api/re/WzozX/?noTomariHotel=147664,https://img.travel.rakuten.co.jp/image/tr/api/re/gJNfM/?f_hotel_no=147664,びじねすいんこめや,大牟田駅から徒歩２分のビジネスホテルです☆繁華街まで徒歩１０分圏内。自転車貸出、マンガ本貸出無料！無料Wi-Fi完備！,3300,118898.73,469597.68,836-0047,福岡県,大牟田市大正町4-2-2,0944-31-3328,0944-31-4306,大牟田駅西口(西鉄側)を出て駅を背にまっすぐ歩いて２分ほどです。,無料駐車場有り。予約画面にて、車のナンバー（最後の４ケタと地方）を備考欄に記入してください。,大牟田,https://img.travel.rakuten.co.jp/share/HOTEL/147664/147664.jpg,https://img.travel.rakuten.co.jp/HIMG/90/147664.jpg,,,https://img.travel.rakuten.co.jp/share/HOTEL/147664/147664map.gif,137.0,3.73,"価格は安くて、立地も良く、部屋はキレイです。広くはありませんが、寝るだけだったので問題はありませんでした。駐車場は近くにありました。また利用したいと思います。　2026-07-12 18:28:36投稿 <a href=""https://img.travel.rakuten.co.jp/image/tr/api/re/gJNfM/?f_hotel_no=147664"" class=""3click"">つづきはこちら</a>",aabcd918,シングル喫煙ルーム,6495921.0,【荒尾店OPEN特別価格】シングル洋室（喫煙可）【期間限定】※大牟田のホテルの予約ページです,1,0,0,0,0,1,https://img.travel.rakuten.co.jp/image/tr/api/re/IdsCY/?f_no=147664&f_syu=aabcd918&f_hi1=2026-07-22&f_hi2=2026-07-23&f_heya_su=1&f_otona_su=1&f_s1=0&f_s2=0&f_y1=0&f_y2=0&f_y3=0&f_y4=0&f_camp_id=6495921,0,2026-07-22,4800,4800,0,2026-07-22,chikugo
197735,トレイルイン福岡大牟田（Ｔｒａｉｌ　ｉｎｎ　福岡大牟田）,https://img.travel.rakuten.co.jp/image/tr/api/re/pvonD/?f_no=197735,https://img.travel.rakuten.co.jp/image/tr/api/re/vFumt/?f_no=197735&f_flg=PLAN,,https://img.travel.rakuten.co.jp/image/tr/api/re/gJNfM/?f_hotel_no=197735,とれいるいんふくおかおおむた,各室完全独立のトレーラーホテル！！洗濯機、電子レンジ完備！,4200,118912.64,469603.7,836-0047,福岡県,大牟田市大正町2-7-5,0944-85-8887,--,大牟田駅より車で3分　徒歩で10分,あり　7台　無料　先着順,大牟田,https://img.travel.rakuten.co.jp/share/HOTEL/197735/197735.jpg,https://img.travel.rakuten.co.jp/HIMG/90/197735.jpg,,,https://img.travel.rakuten.co.jp/share/HOTEL/197735/197735map.gif,35.0,4.19,"駐車場がも少し多かったら、遠くに停めて歩く必要なく部屋までアクセスしやすいのにな　2026-07-11 12:38:12投稿 <a href=""https://img.travel.rakuten.co.jp/image/tr/api/re/gJNfM/?f_hotel_no=197735"" class=""3click"">つづきはこちら</a>",double,ダブルルーム＜禁煙＞,6357617.0,感謝！！オープン特別価格　ダブルルーム＜禁煙＞,1,0,0,0,0,2,https://img.travel.rakuten.co.jp/image/tr/api/re/IdsCY/?f_no=197735&f_syu=double&f_hi1=2026-07-22&f_hi2=2026-07-23&f_heya_su=1&f_otona_su=1&f_s1=0&f_s2=0&f_y1=0&f_y2=0&f_y3=0&f_y4=0&f_camp_id=6357617,0,2026-07-22,5700,5700,0,2026-07-22,chikugo
149349,ＨＯＴＥＬ　ＡＺ　福岡大川店,https://img.travel.rakuten.co.jp/image/tr/api/re/pvonD/?f_no=149349,https://img.travel.rakuten.co.jp/image/tr/api/re/vFumt/?f_no=149349&f_flg=PLAN,https://img.travel.rakuten.co.jp/image/tr/api/re/WzozX/?noTomariHotel=149349,https://img.travel.rakuten.co.jp/image/tr/api/re/gJNfM/?f_hotel_no=149349,ほてる　えーぜっと　ふくおかおおかわてん,朝食無料・駐車場無料・インターネット接続無料,4820,119461.32,469406.87,831-0026,福岡県,大川市三丸1375-6,0944-89-3311,0944-89-3302,西鉄柳川駅より車で約９分。八女ＩＣより車で約３０分。　九州佐賀国際空港より車で約30分,無料駐車場91台あり　普通車：予約不要 、中型車・大型車：要予約,西鉄柳川,https://img.travel.rakuten.co.jp/share/HOTEL/149349/149349.jpg,https://img.travel.rakuten.co.jp/HIMG/90/149349.jpg,https://img.travel.rakuten.co.jp/share/HOTEL/149349/149349_kan1.jpg,https://img.travel.rakuten.co.jp/HIMG/INTERIOR/149349.jpg,https://img.travel.rakuten.co.jp/share/HOTEL/149349/149349map.gif,113.0,4.04,"朝食が気に入りました、味噌汁の味付けが抜群、明太子も食べれて満足です。　2026-07-13 19:53:35投稿 <a href=""https://img.travel.rakuten.co.jp/image/tr/api/re/gJNfM/?f_hotel_no=149349"" class=""3click"">つづきはこちら</a>",2dn,【禁煙】２段ベッド,6385999.0,【宿泊税込】スタンダードプラン（朝食サービス）,1,0,0,1,0,1,https://img.travel.rakuten.co.jp/image/tr/api/re/IdsCY/?f_no=149349&f_syu=2dn&f_hi1=2026-07-22&f_hi2=2026-07-23&f_heya_su=1&f_otona_su=1&f_s1=0&f_s2=0&f_y1=0&f_y2=0&f_y3=0&f_y4=0&f_camp_id=6385999,0,2026-07-22,6580,6580,0,2026-07-22,chikugo
54919,旅館　清風荘＜福岡県＞,https://img.travel.rakuten.co.jp/image/tr/api/re/pvonD/?f_no=54919,https://img.travel.rakuten.co.jp/image/tr/api/re/vFumt/?f_no=54919&f_flg=PLAN,https://img.travel.rakuten.co.jp/image/tr/api/re/WzozX/?noTomariHotel=54919,https://img.travel.rakuten.co.jp/image/tr/api/re/gJNfM/?f_hotel_no=54919,せいふうそう,大牟田駅西口徒歩３分の好立地。スタッフはほぼ全員女性で、家庭の温かみと実家のような安心感が満足度のポイント,5000,118902.11,469596.08,836-0047,福岡県,大牟田市大正町4-7-5,0944-52-2710,0944-56-3617,ＪＲ・西鉄　大牟田駅西口より徒歩３分,有り　7台　無料　要予約,大牟田,https://img.travel.rakuten.co.jp/share/HOTEL/54919/54919.jpg,https://img.travel.rakuten.co.jp/HIMG/90/54919.jpg,https://img.travel.rakuten.co.jp/share/HOTEL/54919/54919_wa.jpg,https://img.travel.rakuten.co.jp/HIMG/INTERIOR/54919.jpg,https://img.travel.rakuten.co.jp/share/HOTEL/54919/54919map.gif,211.0,3.32,"携帯の充電器をお部屋まで届けてくださったり、子どもたちに優しく話しかけてくれたり温かい気持ちになりました…　2026-03-23 20:20:21投稿 <a href=""https://img.travel.rakuten.co.jp/image/tr/api/re/gJNfM/?f_hotel_no=54919"" class=""3click"">つづきはこちら</a>",yado06,スタンダード【和室6畳】喫煙,5252874.0,【素泊まり】＜大牟田駅徒歩5分＞ ほっと心安らぐ癒しの和空間,1,0,0,0,0,1,https://img.travel.rakuten.co.jp/image/tr/api/re/IdsCY/?f_no=54919&f_syu=yado06&f_hi1=2026-07-22&f_hi2=2026-07-23&f_heya_su=1&f_otona_su=1&f_s1=0&f_s2=0&f_y1=0&f_y2=0&f_y3=0&f_y4=0&f_camp_id=5252874,0,2026-07-22,5000,5000,0,2026-07-22,chikugo
56969,ビジネスｉｎn　清風荘,https://img.travel.rakuten.co.jp/image/tr/api/re/pvonD/?f_no=56969,https://img.travel.rakuten.co.jp/image/tr/api/re/vFumt/?f_no=56969&f_flg=PLAN,https://img.travel.rakuten.co.jp/image/tr/api/re/WzozX/?noTomariHotel=56969,https://img.travel.rakuten.co.jp/image/tr/api/re/gJNfM/?f_hotel_no=56969,びじねすいん　せいふうそう,"家庭的な雰囲気のビジネスホテル。長期滞在,スポーツの合宿等にも便利 で、お部屋もホテルタイプと旅館タイプがございます。",2950,119520.31,469366.43,831-0004,福岡県,大川市榎津295-4,0944-86-5513,0944-86-5496,西鉄　柳川駅より車で１５分／ＪＲ　佐賀駅より車で２5分/ホークスベースボールパーク、筑後広域公園運動場から車で２０分,有り　１５台　無料　予約不要,西鉄柳川,https://img.travel.rakuten.co.jp/share/HOTEL/56969/56969.jpg,https://img.travel.rakuten.co.jp/HIMG/90/56969.jpg,,,https://img.travel.rakuten.co.jp/share/HOTEL/56969/56969map.gif,86.0,4.0,"近くにはセブン、ミニストップ、マック、ケンタッキー、にしてつストア、ルミエールやト…　2026-06-24 20:36:43投稿 <a href=""https://img.travel.rakuten.co.jp/image/tr/api/re/gJNfM/?f_hotel_no=56969"" class=""3click"">つづきはこちら</a>",1,本館 バス、トイレ付ベッド又は和室ーウォシュレット完備ー ,5950198.0,本館 （バス、トイレ付）ウォシュレット完備              ====　朝食付 ====,1,0,0,1,0,1,https://img.travel.rakuten.co.jp/image/tr/api/re/IdsCY/?f_no=56969&f_syu=1&f_hi1=2026-07-22&f_hi2=2026-07-23&f_heya_su=1&f_otona_su=1&f_s1=0&f_s2=0&f_y1=0&f_y2=0&f_y3=0&f_y4=0&f_camp_id=5950198,0,2026-07-22,5750,5750,0,2026-07-22,chikugo
104773,旅館白秀,https://img.travel.rakuten.co.jp/image/tr/api/re/pvonD/?f_no=104773,https://img.travel.rakuten.co.jp/image/tr/api/re/vFumt/?f_no=104773&f_flg=PLAN,https://img.travel.rakuten.co.jp/image/tr/api/re/WzozX/?noTomariHotel=104773,https://img.travel.rakuten.co.jp/image/tr/api/re/gJNfM/?f_hotel_no=104773,りょかんはくしゅう,駅 市街地近し！！★スーパー・コインランドリー徒歩１分★コンビニ至近★短期・長期滞在に最適★駐車場完備,4500,118877.61,469608.48,836-0861,福岡県,大牟田市宝坂町1-2-5,0944-54-2807,0944-56-7012,西鉄、ＪＲ　大牟田駅より徒歩にて５分／南関インターより２０分,有り１４台 無料 大型車は要連絡,大牟田,https://img.travel.rakuten.co.jp/share/HOTEL/104773/104773.jpg,https://img.travel.rakuten.co.jp/HIMG/90/104773.jpg,https://img.travel.rakuten.co.jp/share/HOTEL/104773/104773_ru.jpg,https://img.travel.rakuten.co.jp/HIMG/INTERIOR/104773.jpg,https://img.travel.rakuten.co.jp/share/HOTEL/104773/104773map.gif,84.0,4.63,"猫がいるのでアレルギーある方は避けたほうがいいでしょう　2026-04-29 07:28:08投稿 <a href=""https://img.travel.rakuten.co.jp/image/tr/api/re/gJNfM/?f_hotel_no=104773"" class=""3click"">つづきはこちら</a>",neage3,和室6畳 素泊まり,,,1,0,0,0,0,1,https://img.travel.rakuten.co.jp/image/tr/api/re/IdsCY/?f_no=104773&f_syu=neage3&f_hi1=2026-07-22&f_hi2=2026-07-23&f_heya_su=1&f_otona_su=1&f_s1=0&f_s2=0&f_y1=0&f_y2=0&f_y3=0&f_y4=0,1,2026-07-22,5300,5300,0,2026-07-22,chikugo
18461,柳川ビジネスホテル,https://img.travel.rakuten.co.jp/image/tr/api/re/pvonD/?f_no=18461,https://img.travel.rakuten.co.jp/image/tr/api/re/vFumt/?f_no=18461&f_flg=PLAN,https://img.travel.rakuten.co.jp/image/tr/api/re/WzozX/?noTomariHotel=18461,https://img.travel.rakuten.co.jp/image/tr/api/re/gJNfM/?f_hotel_no=18461,やながわ　びじねすほてる,西鉄柳川駅より徒歩５分　｢川下り」乗船場にも隣接してビジネスにも観光にも最適です！　Wi-Fi全室無料♪駐車場無料♪,4800,119393.49,469510.22,832-0826,福岡県,柳川市三橋町高畑243-1,0944-74-1500,0944-72-4268,西鉄柳川駅より徒歩5分/九州自動車道みやま柳川ＩＣより車で約１０分,有り　２０台無料,西鉄柳川,https://img.travel.rakuten.co.jp/share/HOTEL/18461/18461.jpg,https://img.travel.rakuten.co.jp/HIMG/90/18461.jpg,https://img.travel.rakuten.co.jp/share/HOTEL/18461/18461_r.jpg,https://img.travel.rakuten.co.jp/HIMG/INTERIOR/18461.jpg,https://img.travel.rakuten.co.jp/share/HOTEL/18461/18461map.gif,137.0,3.4,"お風呂のお湯が出ない。フロントに電話しても、「出るはずですけど」で終わり。　2026-05-22 17:52:11投稿 <a href=""https://img.travel.rakuten.co.jp/image/tr/api/re/gJNfM/?f_hotel_no=18461"" class=""3click"">つづきはこちら</a>",sk,スタンダードシングル【禁煙】,6194213.0,シンプルステイ【素泊まり】プラン,1,0,0,0,0,0,https://img.travel.rakuten.co.jp/image/tr/api/re/IdsCY/?f_no=18461&f_syu=sk&f_hi1=2026-07-22&f_hi2=2026-07-23&f_heya_su=1&f_otona_su=1&f_s1=0&f_s2=0&f_y1=0&f_y2=0&f_y3=0&f_y4=0&f_camp_id=6194213,0,2026-07-22,5800,5800,0,2026-07-22,chikugo
78146,ビジネス　ホテル　まゆみ,https://img.travel.rakuten.co.jp/image/tr/api/re/pvonD/?f_no=78146,https://img.travel.rakuten.co.jp/image/tr/api/re/vFumt/?f_no=78146&f_flg=PLAN,https://img.travel.rakuten.co.jp/image/tr/api/re/WzozX/?noTomariHotel=78146,https://img.travel.rakuten.co.jp/image/tr/api/re/gJNfM/?f_hotel_no=78146,まゆみ,【九州旅行応援クーポン発行中!!】飲食店街中心部★　一度チェックインすれば門限なし,3250,118910.66,469611.54,836-0046,福岡県,大牟田市本町2-1-9,0944-52-5989,0944-52-6034,福岡空港からは地下鉄で2駅　東比恵　博多駅　大牟田駅JR　空港から地下鉄で　西鉄電車大牟田線　どちらもバスも運行あり,有り　８台から１０台　 ,大牟田,https://img.travel.rakuten.co.jp/share/HOTEL/78146/78146.jpg,https://img.travel.rakuten.co.jp/HIMG/90/78146.jpg,https://img.travel.rakuten.co.jp/share/HOTEL/78146/78146_kya.jpg,https://img.travel.rakuten.co.jp/HIMG/INTERIOR/78146.jpg,https://img.travel.rakuten.co.jp/share/HOTEL/78146/78146map.gif,120.0,3.67,,sn2,【禁煙】シングル　和洋室　バストイレ　WI=FI完備,5875060.0,【禁煙】限定！　バストイレ　WI=FI完備　畳のお部屋にシングルベット完備マットが新しくなりました,1,0,0,0,0,2,https://img.travel.rakuten.co.jp/image/tr/api/re/IdsCY/?f_no=78146&f_syu=sn2&f_hi1=2026-07-22&f_hi2=2026-07-23&f_heya_su=1&f_otona_su=1&f_s1=0&f_s2=0&f_y1=0&f_y2=0&f_y3=0&f_y4=0&f_camp_id=5875060,0,2026-07-22,4800,4800,0,2026-07-22,chikugo
177824,Ｋｙｕｓｈｕ　Ｒｖ　Ｒｅｓｏｒｔ　ｉｎ　ｙａｎａｇａｗａ,https://img.travel.rakuten.co.jp/image/tr/api/re/pvonD/?f_no=177824,https://img.travel.rakuten.co.jp/image/tr/api/re/vFumt/?f_no=177824&f_flg=PLAN,,https://img.travel.rakuten.co.jp/image/tr/api/re/gJNfM/?f_hotel_no=177824,きゅうしゅう　あーるぶい　りぞーと　いん　やながわ,日本初の屋根つきのＲＶリゾートサイトです。天候に左右されずゆっくり寛げます。,3300,119439.86,469463.71,832-0006,福岡県,柳川市東蒲池1558,0944-74-3777,0944-74-5511,西鉄柳川駅よりお車にて約５分,有り　１０台　 無料　予約不要,西鉄柳川,https://img.travel.rakuten.co.jp/share/HOTEL/177824/177824.jpg,https://img.travel.rakuten.co.jp/HIMG/90/177824.jpg,,,https://img.travel.rakuten.co.jp/share/HOTEL/177824/177824map.gif,18.0,3.7,"BBQでは沢山のお肉が用意してあり満足できました！焚き火もできて、風も心地よくいい時間…　2026-06-08 13:02:31投稿 <a href=""https://img.travel.rakuten.co.jp/image/tr/api/re/gJNfM/?f_hotel_no=177824"" class=""3click"">つづきはこちら</a>",dallas16,カシータ　テキサス,,,1,0,0,0,0,1,https://img.travel.rakuten.co.jp/image/tr/api/re/IdsCY/?f_no=177824&f_syu=dallas16&f_hi1=2026-07-22&f_hi2=2026-07-23&f_heya_su=1&f_otona_su=1&f_s1=0&f_s2=0&f_y1=0&f_y2=0&f_y3=0&f_y4=0,1,2026-07-22,3300,3300,0,2026-07-22,chikugo
167965,ホテルＣ＆Ｓ新大牟田,https://img.travel.rakuten.co.jp/image/tr/api/re/pvonD/?f_no=167965,https://img.travel.rakuten.co.jp/image/tr/api/re/vFumt/?f_no=167965&f_flg=PLAN,https://img.travel.rakuten.co.jp/image/tr/api/re/WzozX/?noTomariHotel=167965,https://img.travel.rakuten.co.jp/image/tr/api/re/gJNfM/?f_hotel_no=167965,しーあんどえすしんおおむた,"◆2018年7月NEW OPEN◆大牟田に,新しい滞在のスタイルをご提案いたします。",6200,119039.14,469758.15,837-0910,福岡県,大牟田市岩本新町1-7-6,0944-31-3320,0944-31-3996,新幹線 新大牟田駅から徒歩5分,有り　２０台　無料　,,https://img.travel.rakuten.co.jp/share/HOTEL/167965/167965.jpg,https://img.travel.rakuten.co.jp/HIMG/90/167965.jpg,https://img.travel.rakuten.co.jp/share/HOTEL/167965/167965_kan1.jpg,https://img.travel.rakuten.co.jp/HIMG/INTERIOR/167965.jpg,https://img.travel.rakuten.co.jp/share/HOTEL/167965/167965map.gif,85.0,3.9,"リピート利用で週末に禁煙ツインに宿泊しました。シンプルですが清潔でコンセントもWi-Fiも、ビジネスホテルにはあって欲しいものがちゃんとありました。満足度高めです。素泊まりで湯船無しのシャワー利用にな…　2026-05-25 18:13:19投稿 <a href=""https://img.travel.rakuten.co.jp/image/tr/api/re/gJNfM/?f_hotel_no=167965"" class=""3click"">つづきはこちら</a>",s,リーズナブル料金 シングルルーム,4281410.0,◆スタンダードプラン◆,1,0,0,0,0,1,https://img.travel.rakuten.co.jp/image/tr/api/re/IdsCY/?f_no=167965&f_syu=s&f_hi1=2026-07-22&f_hi2=2026-07-23&f_heya_su=1&f_otona_su=1&f_s1=0&f_s2=0&f_y1=0&f_y2=0&f_y3=0&f_y4=0&f_camp_id=4281410,0,2026-07-22,6200,6200,1,2026-07-22,chikugo
191057,最大８名で泊まれるプライベートヴィラ。　＾,https://img.travel.rakuten.co.jp/image/tr/api/re/pvonD/?f_no=191057,https://img.travel.rakuten.co.jp/image/tr/api/re/vFumt/?f_no=191057&f_flg=PLAN,,https://img.travel.rakuten.co.jp/image/tr/api/re/gJNfM/?f_hotel_no=191057,,プライベートヴィラＨｉｒａｒｉ長浜は、２０２４年１１月に新規オープンしました。,9512,119513.45,469853.97,833-0005,福岡県,筑後市長浜764-1　Ｈｉｒａｒｉ長浜,090-9659-7651,000-000-0000,羽犬塚駅から徒歩で約７分,有り,羽犬塚,https://img.travel.rakuten.co.jp/share/HOTEL/191057/191057.jpg,https://img.travel.rakuten.co.jp/HIMG/90/191057.jpg,,,https://img.travel.rakuten.co.jp/share/HOTEL/191057/191057map.gif,,,,1060207_8,一戸建て,6112226.0,【梅雨限定価格】ペットと泊まれる特別プラン(最大8名),1,0,0,0,0,2,https://img.travel.rakuten.co.jp/image/tr/api/re/IdsCY/?f_no=191057&f_syu=1060207_8&f_hi1=2026-07-22&f_hi2=2026-07-23&f_heya_su=1&f_otona_su=1&f_s1=0&f_s2=0&f_y1=0&f_y2=0&f_y3=0&f_y4=0&f_camp_id=6112226,0,2026-07-22,67280,67280,0,2026-07-22,chikugo
191089,エンパイアスカイリッジホテル／民泊,https://img.travel.rakuten.co.jp/image/tr/api/re/pvonD/?f_no=191089,https://img.travel.rakuten.co.jp/image/tr/api/re/vFumt/?f_no=191089&f_flg=PLAN,,https://img.travel.rakuten.co.jp/image/tr/api/re/gJNfM/?f_hotel_no=191089,,　,8700,119662.33,469837.89,833-0001,福岡県,筑後市一条1327-1　エンパイア・スカイリッジホテル,090-9659-7651,000-000-0000,西牟田駅から徒歩で約４分,有り,西牟田,https://img.travel.rakuten.co.jp/share/HOTEL/191089/191089.jpg,https://img.travel.rakuten.co.jp/HIMG/90/191089.jpg,,,https://img.travel.rakuten.co.jp/share/HOTEL/191089/191089map.gif,1.0,,,r20510_2,ROOM本社ビル802,6461824.0,【1LDK 】ゆったりマンションステイ,1,0,0,0,0,2,https://img.travel.rakuten.co.jp/image/tr/api/re/IdsCY/?f_no=191089&f_syu=r20510_2&f_hi1=2026-07-22&f_hi2=2026-07-23&f_heya_su=1&f_otona_su=1&f_s1=0&f_s2=0&f_y1=0&f_y2=0&f_y3=0&f_y4=0&f_camp_id=6461824,0,2026-07-22,17400,17400,0,2026-07-22,chikugo
199720,ＯＭＵＴＡ　ＣＯＺＹ　ＳＴＡＹ／民泊,https://img.travel.rakuten.co.jp/image/tr/api/re/pvonD/?f_no=199720,https://img.travel.rakuten.co.jp/image/tr/api/re/vFumt/?f_no=199720&f_flg=PLAN,,https://img.travel.rakuten.co.jp/image/tr/api/re/gJNfM/?f_hotel_no=199720,,駐車場無料！3DK一軒家で自炊・長期滞在に最適。ビジネスホテルよりお得な出張に。,5800,118816.7,469575.45,836-0075,福岡県,大牟田市南船津町2-8-21　ハイグレイス1A,090-8504-9355,00-0000-0000,荒尾駅から徒歩で5分,あり,荒尾（熊本）,https://img.travel.rakuten.co.jp/share/HOTEL/199720/199720.jpg,https://img.travel.rakuten.co.jp/HIMG/90/199720.jpg,,,https://img.travel.rakuten.co.jp/share/HOTEL/199720/199720map.gif,,,,r21693_2,OMUTA COZY  STAY,6430755.0,【長期出張・工事関係者歓迎】駐車場2台無料!3DK一軒家で自炊・長期滞在に最適 大牟田市内での工事や,1,0,0,0,0,2,https://img.travel.rakuten.co.jp/image/tr/api/re/IdsCY/?f_no=199720&f_syu=r21693_2&f_hi1=2026-07-22&f_hi2=2026-07-23&f_heya_su=1&f_otona_su=1&f_s1=0&f_s2=0&f_y1=0&f_y2=0&f_y3=0&f_y4=0&f_camp_id=6430755,0,2026-07-22,8120,8120,0,2026-07-22,chikugo
186646,別荘　大川家　一棟貸しの宿九州旅行に便利な宿　＾,https://img.travel.rakuten.co.jp/image/tr/api/re/pvonD/?f_no=186646,https://img.travel.rakuten.co.jp/image/tr/api/re/vFumt/?f_no=186646&f_flg=PLAN,,https://img.travel.rakuten.co.jp/image/tr/api/re/gJNfM/?f_hotel_no=186646,,　,12760,119524.4,469385.49,831-0004,福岡県,大川市榎津111-3　大川家　ｏｋａｗａｙａ,080-3949-7326,000-000-0000,蒲池駅から車で約１０分,有り,蒲池（福岡）,https://img.travel.rakuten.co.jp/share/HOTEL/186646/186646.jpg,https://img.travel.rakuten.co.jp/HIMG/90/186646.jpg,,,https://img.travel.rakuten.co.jp/share/HOTEL/186646/186646map.gif,,,,649372_8,一戸建て,6302808.0,一棟貸し プライベート宿,1,0,0,0,0,2,https://img.travel.rakuten.co.jp/image/tr/api/re/IdsCY/?f_no=186646&f_syu=649372_8&f_hi1=2026-07-22&f_hi2=2026-07-23&f_heya_su=1&f_otona_su=1&f_s1=0&f_s2=0&f_y1=0&f_y2=0&f_y3=0&f_y4=0&f_camp_id=6302808,0,2026-07-22,35960,35960,0,2026-07-22,chikugo
13813,柳川　白柳荘,https://img.travel.rakuten.co.jp/image/tr/api/re/pvonD/?f_no=13813,https://img.travel.rakuten.co.jp/image/tr/api/re/vFumt/?f_no=13813&f_flg=PLAN,https://img.travel.rakuten.co.jp/image/tr/api/re/WzozX/?noTomariHotel=13813,https://img.travel.rakuten.co.jp/image/tr/api/re/gJNfM/?f_hotel_no=13813,やながわ　はくりゅうそう,全客室お部屋から庭園を臨む眺望。和室でゆっくり寛げるとビジネス利用のお客様からも好評を頂いております。,7150,119376.17,469493.45,832-0032,福岡県,柳川市新町16,0944-73-1188,0944-72-9403,ＪＲ筑後船小屋駅下車バスで20分又は西鉄柳川駅下車徒歩10分／九州縦貫自動車道みやま柳川ＩＣより車で15分,有り　５０台　無料,西鉄柳川,https://img.travel.rakuten.co.jp/share/HOTEL/13813/13813.jpg,https://img.travel.rakuten.co.jp/HIMG/90/13813.jpg,https://img.travel.rakuten.co.jp/share/HOTEL/13813/13813_wa.jpg,https://img.travel.rakuten.co.jp/HIMG/INTERIOR/13813.jpg,https://img.travel.rakuten.co.jp/share/HOTEL/13813/13813map.gif,411.0,4.33,,tw,洋室・禁煙,1859458.0,【素泊り】ビジネスマン応援プラン,1,0,0,0,0,1,https://img.travel.rakuten.co.jp/image/tr/api/re/IdsCY/?f_no=13813&f_syu=tw&f_hi1=2026-07-22&f_hi2=2026-07-23&f_heya_su=1&f_otona_su=1&f_s1=0&f_s2=0&f_y1=0&f_y2=0&f_y3=0&f_y4=0&f_camp_id=1859458,0,2026-07-22,8250,8250,0,2026-07-22,chikugo
129992,おおむたハイツ,https://img.travel.rakuten.co.jp/image/tr/api/re/pvonD/?f_no=129992,https://img.travel.rakuten.co.jp/image/tr/api/re/vFumt/?f_no=129992&f_flg=PLAN,https://img.travel.rakuten.co.jp/image/tr/api/re/WzozX/?noTomariHotel=129992,https://img.travel.rakuten.co.jp/image/tr/api/re/gJNfM/?f_hotel_no=129992,おおむたはいつ,グリーンランドまで30分圏内！ファミリーフレンドリーな絶景温泉宿,5340,119035.97,469654.36,837-0905,福岡県,大牟田市甘木甘木山1203-116,0944-58-3497,0944-58-7069,「大牟田駅（ＪＲ・西鉄）」よりタクシーで約15分、九州自動車道「南関ＩＣ」よりお車で約10分,有り　２００台　無料　予約不要,,https://img.travel.rakuten.co.jp/share/HOTEL/129992/129992.jpg,https://img.travel.rakuten.co.jp/HIMG/90/129992.jpg,https://img.travel.rakuten.co.jp/share/HOTEL/129992/129992_you.jpg,https://img.travel.rakuten.co.jp/HIMG/INTERIOR/129992.jpg,https://img.travel.rakuten.co.jp/share/HOTEL/129992/129992map.gif,136.0,4.0,"室内は綺麗にされており、丁度夕日が見え海に沈んでいく所で綺麗で…　2026-04-26 11:51:51投稿 <a href=""https://img.travel.rakuten.co.jp/image/tr/api/re/gJNfM/?f_hotel_no=129992"" class=""3click"">つづきはこちら</a>",wa2,【和室-9〜12畳-】仲間と過ごす＜バスなし＞,4587378.0,【素泊まり】旅は自分Timeで気ままに過ごす♪温泉大浴場＆駐車場無料で快適な旅を,1,0,0,0,0,1,https://img.travel.rakuten.co.jp/image/tr/api/re/IdsCY/?f_no=129992&f_syu=wa2&f_hi1=2026-07-22&f_hi2=2026-07-23&f_heya_su=1&f_otona_su=1&f_s1=0&f_s2=0&f_y1=0&f_y2=0&f_y3=0&f_y4=0&f_camp_id=4587378,0,2026-07-22,6680,6680,0,2026-07-22,chikugo
41164,亀の井ホテル　柳川,https://img.travel.rakuten.co.jp/image/tr/api/re/pvonD/?f_no=41164,https://img.travel.rakuten.co.jp/image/tr/api/re/vFumt/?f_no=41164&f_flg=PLAN,https://img.travel.rakuten.co.jp/image/tr/api/re/WzozX/?noTomariHotel=41164,https://img.travel.rakuten.co.jp/image/tr/api/re/gJNfM/?f_hotel_no=41164,かめのいほてる　やながわ,お堀や街並みを一望できる展望温泉『美肌の湯』◆全客室『加湿空気清浄機』完備で安心・安全♪,4500,119352.61,469447.39,832-0057,福岡県,柳川市弥四郎町10-1,0944-72-6295,0944-72-6296,西鉄柳川駅西口から車で約15分／西鉄柳川駅西口から堀川バスで約15分／みやま柳川ICから約20分,有り　100台　無料　先着順,西鉄柳川,https://img.travel.rakuten.co.jp/share/HOTEL/41164/41164.jpg,https://img.travel.rakuten.co.jp/HIMG/90/41164.jpg,,,https://img.travel.rakuten.co.jp/share/HOTEL/41164/41164map.gif,596.0,4.13,"部屋によってはマッサージ機の置いてある所があって予約の際に「マッサージ…　2026-07-18 22:55:50投稿 <a href=""https://img.travel.rakuten.co.jp/image/tr/api/re/gJNfM/?f_hotel_no=41164"" class=""3click"">つづきはこちら</a>",r2p,ツインルーム／30.9平米,5393503.0,柳川温泉◆素泊り◆21時までのチェックインＯＫ！,1,0,0,0,0,1,https://img.travel.rakuten.co.jp/image/tr/api/re/IdsCY/?f_no=41164&f_syu=r2p&f_hi1=2026-07-22&f_hi2=2026-07-23&f_heya_su=1&f_otona_su=1&f_s1=0&f_s2=0&f_y1=0&f_y2=0&f_y3=0&f_y4=0&f_camp_id=5393503,0,2026-07-22,9240,9240,0,2026-07-22,chikugo
13423,ビジネスホテル　わらじ家本館,https://img.travel.rakuten.co.jp/image/tr/api/re/pvonD/?f_no=13423,https://img.travel.rakuten.co.jp/image/tr/api/re/vFumt/?f_no=13423&f_flg=PLAN,https://img.travel.rakuten.co.jp/image/tr/api/re/WzozX/?noTomariHotel=13423,https://img.travel.rakuten.co.jp/image/tr/api/re/gJNfM/?f_hotel_no=13423,わらじや　ほんかん,清潔、閑静な宿。家族的なおもてなし。,3300,118902.67,469626.04,8360837,福岡県,大牟田市谷町2-6,0944-52-3184,0944-52-3197,『JR大牟田駅』より徒歩8分／九州自動車道『南関IC』より車で20分,無料駐車場15台有り（先着順）,大牟田,https://img.travel.rakuten.co.jp/share/HOTEL/13423/13423.jpg,https://img.travel.rakuten.co.jp/HIMG/90/13423.jpg,https://img.travel.rakuten.co.jp/share/HOTEL/13423/13423_w.jpg,https://img.travel.rakuten.co.jp/HIMG/INTERIOR/13423.jpg,https://img.travel.rakuten.co.jp/share/HOTEL/13423/13423map.gif,129.0,3.1,,wa8,和室,,,1,0,0,0,0,1,https://img.travel.rakuten.co.jp/image/tr/api/re/IdsCY/?f_no=13423&f_syu=wa8&f_hi1=2026-07-22&f_hi2=2026-07-23&f_heya_su=1&f_otona_su=1&f_s1=0&f_s2=0&f_y1=0&f_y2=0&f_y3=0&f_y4=0,1,2026-07-22,5170,5170,0,2026-07-22,chikugo
40540,料亭　旅館　三川屋,https://img.travel.rakuten.co.jp/image/tr/api/re/pvonD/?f_no=40540,https://img.travel.rakuten.co.jp/image/tr/api/re/vFumt/?f_no=40540&f_flg=PLAN,https://img.travel.rakuten.co.jp/image/tr/api/re/WzozX/?noTomariHotel=40540,https://img.travel.rakuten.co.jp/image/tr/api/re/gJNfM/?f_hotel_no=40540,りょうてい　りょかん　みかわや,2024年10月リニューアルオープン！筑後川や有明海に育まれた、大川の名物料理を堪能できる料亭・旅館,5740,119561.49,469332.07,831-0005,福岡県,大川市大字向島2222,0944-87-3155,0944-87-2925,西鉄柳川駅よりバス25分/JR佐賀駅よりバス25分(バス停「大川橋」より徒歩5分）、佐賀空港より車20分,有：50台　無料　※お車でお越しの方は、ご予約時に備考欄にてお知らせください。,西鉄柳川,https://img.travel.rakuten.co.jp/share/HOTEL/40540/40540.jpg,https://img.travel.rakuten.co.jp/HIMG/90/40540.jpg,https://img.travel.rakuten.co.jp/share/HOTEL/40540/40540_kya.jpg,https://img.travel.rakuten.co.jp/HIMG/INTERIOR/40540.jpg,https://img.travel.rakuten.co.jp/share/HOTEL/40540/40540map.gif,24.0,4.9,"また、機会があれば利用したいと思います。　2026-05-12 01:49:25投稿 <a href=""https://img.travel.rakuten.co.jp/image/tr/api/re/gJNfM/?f_hotel_no=40540"" class=""3click"">つづきはこちら</a>",10,【禁煙】スタンダードダブル（シャワーブース付）,6154062.0,【当日割】平日限定◆出張・観光の拠点に最適♪【素泊り】★無料駐車場完備,1,0,0,0,0,1,https://img.travel.rakuten.co.jp/image/tr/api/re/JlnYS/?f_no=40540&f_syu=10&f_hi1=2026-07-22&f_hi2=2026-07-23&f_heya_su=1&f_otona_su=1&f_s1=0&f_s2=0&f_y1=0&f_y2=0&f_y3=0&f_y4=0&f_camp_id=6154062,2,2026-07-22,6670,6670,0,2026-07-22,chikugo
37370,グランドホテル　清風荘,https://img.travel.rakuten.co.jp/image/tr/api/re/pvonD/?f_no=37370,https://img.travel.rakuten.co.jp/image/tr/api/re/vFumt/?f_no=37370&f_flg=PLAN,https://img.travel.rakuten.co.jp/image/tr/api/re/WzozX/?noTomariHotel=37370,https://img.travel.rakuten.co.jp/image/tr/api/re/gJNfM/?f_hotel_no=37370,ぐらんどほてる　せいふうそう,アクセス抜群！ＪＲ＆西鉄大牟田駅から最寄の徒歩５分！ビジネスから観光、企業様向け長期滞在にも最適！大浴場完備♪,4500,118885.3,469617.91,836-0862,福岡県,大牟田市原山町2-4,0944-56-1212,0944-51-5963,ＪＲ＆西鉄大牟田駅から徒歩５分　九州自動車道南関ＩＣから車で約20分,有り　30台　無料　先着順,大牟田,https://img.travel.rakuten.co.jp/share/HOTEL/37370/37370.jpg,https://img.travel.rakuten.co.jp/HIMG/90/37370.jpg,https://img.travel.rakuten.co.jp/share/HOTEL/37370/37370_s.jpg,https://img.travel.rakuten.co.jp/HIMG/INTERIOR/37370.jpg,https://img.travel.rakuten.co.jp/share/HOTEL/37370/37370map.gif,318.0,2.91,"②BS映らない　2026-06-21 23:34:11投稿 <a href=""https://img.travel.rakuten.co.jp/image/tr/api/re/gJNfM/?f_hotel_no=37370"" class=""3click"">つづきはこちら</a>",twinlestwl,【ツイン-14平米-】バスありトイレなし☆禁煙☆,5480612.0,【タイムセール／素泊まり】＜20％OFF＞大牟田駅東口から徒歩5分！大浴場・駐車場あり,1,0,0,0,0,1,https://img.travel.rakuten.co.jp/image/tr/api/re/IdsCY/?f_no=37370&f_syu=twinlestwl&f_hi1=2026-07-22&f_hi2=2026-07-23&f_heya_su=1&f_otona_su=1&f_s1=0&f_s2=0&f_y1=0&f_y2=0&f_y3=0&f_y4=0&f_camp_id=5480612,0,2026-07-22,5500,5500,0,2026-07-22,chikugo
43814,松葉屋,https://img.travel.rakuten.co.jp/image/tr/api/re/pvonD/?f_no=43814,https://img.travel.rakuten.co.jp/image/tr/api/re/vFumt/?f_no=43814&f_flg=PLAN,https://img.travel.rakuten.co.jp/image/tr/api/re/WzozX/?noTomariHotel=43814,https://img.travel.rakuten.co.jp/image/tr/api/re/gJNfM/?f_hotel_no=43814,まつばや,"1958年創業した古い旅館です。佐賀、熊本、福岡と交通の便がよく有明海の豊かな魚介類でおもてなしします,",3800,119229.71,469588.82,839-0254,福岡県,柳川市大和町中島673,0944-76-3212,0944-76-4084,西鉄天神大牟田線  西鉄中島駅より徒歩１分,有り　１４台　無料　先着順,西鉄中島,https://img.travel.rakuten.co.jp/share/HOTEL/43814/43814.jpg,https://img.travel.rakuten.co.jp/HIMG/90/43814.jpg,https://img.travel.rakuten.co.jp/share/HOTEL/43814/43814_s.jpg,https://img.travel.rakuten.co.jp/HIMG/INTERIOR/43814.jpg,https://img.travel.rakuten.co.jp/share/HOTEL/43814/43814map.gif,32.0,4.0,"風呂だけが不満だった　2026-06-04 17:48:57投稿 <a href=""https://img.travel.rakuten.co.jp/image/tr/api/re/gJNfM/?f_hotel_no=43814"" class=""3click"">つづきはこちら</a>",a,和室1名,2976582.0,ビジネスプラン　食事無し,1,0,0,0,0,2,https://img.travel.rakuten.co.jp/image/tr/api/re/IdsCY/?f_no=43814&f_syu=a&f_hi1=2026-07-22&f_hi2=2026-07-23&f_heya_su=1&f_otona_su=1&f_s1=0&f_s2=0&f_y1=0&f_y2=0&f_y3=0&f_y4=0&f_camp_id=2976582,0,2026-07-22,4700,4700,0,2026-07-22,chikugo
179180,風の　八女福島（旧：ＮＩＰＰＯＮＩＡ　ＨＯＴＥＬ　八女福島　商家町）,https://img.travel.rakuten.co.jp/image/tr/api/re/pvonD/?f_no=179180,https://img.travel.rakuten.co.jp/image/tr/api/re/vFumt/?f_no=179180&f_flg=PLAN,https://img.travel.rakuten.co.jp/image/tr/api/re/WzozX/?noTomariHotel=179180,https://img.travel.rakuten.co.jp/image/tr/api/re/gJNfM/?f_hotel_no=179180,かぜの　やめふくしま（きゅう：にっぽにあ　ほてる　やめふくしま　しょうかまち）,【福岡空港・博多駅より車で約60分】玉露日本一の産地・八女で、日本茶と地酒を堪能する贅沢なひととき。,27363,119540.15,470007.68,834-0031,福岡県,八女市本町(モトマチ)西京町204,0120-210-289, ,【交通機関】久留米駅よりバス「西唐人町」下車（徒歩約10分）【お車】九州自動車道「八女I.C」から約4km（約10分）,駐車場有り（無料）。フロント棟にお立ち寄りいただきましたら、スタッフがご案内します。,羽犬塚,https://img.travel.rakuten.co.jp/share/HOTEL/179180/179180.jpg,https://img.travel.rakuten.co.jp/HIMG/90/179180.jpg,https://img.travel.rakuten.co.jp/share/HOTEL/179180/179180_kan1.jpg,https://img.travel.rakuten.co.jp/HIMG/INTERIOR/179180.jpg,https://img.travel.rakuten.co.jp/share/HOTEL/179180/179180map.gif,48.0,4.5,"スタッフの方々の気さくでアットホームな雰囲気に触れに、また…　2026-07-09 12:38:21投稿 <a href=""https://img.travel.rakuten.co.jp/image/tr/api/re/gJNfM/?f_hotel_no=179180"" class=""3click"">つづきはこちら</a>",standard2,VMGグランド(愛犬と泊まれる・2名定員)＜檜風呂付＞,6258600.0,【直前割】朝は抹茶ですっきりとお目覚め｜八女茶漬けと地元食材で彩る健康的な朝食をご堪能＜朝食付＞,1,0,0,1,0,1,https://img.travel.rakuten.co.jp/image/tr/api/re/IdsCY/?f_no=179180&f_syu=standard2&f_hi1=2026-07-22&f_hi2=2026-07-23&f_heya_su=1&f_otona_su=1&f_s1=0&f_s2=0&f_y1=0&f_y2=0&f_y3=0&f_y4=0&f_camp_id=6258600,0,2026-07-22,49154,49154,0,2026-07-22,chikugo
200243,ＨＩＲＡＲＩ柳川　＾,https://img.travel.rakuten.co.jp/image/tr/api/re/pvonD/?f_no=200243,https://img.travel.rakuten.co.jp/image/tr/api/re/vFumt/?f_no=200243&f_flg=PLAN,,https://img.travel.rakuten.co.jp/image/tr/api/re/gJNfM/?f_hotel_no=200243,, ,10672,119378.22,469534.38,832-0827,福岡県,柳川市三橋町蒲船津1403-11,090-9659-7651,00-0000-0000,西鉄柳川駅から徒歩で3分,あり,西鉄柳川,https://img.travel.rakuten.co.jp/share/HOTEL/200243/200243.jpg,https://img.travel.rakuten.co.jp/HIMG/90/200243.jpg,,,https://img.travel.rakuten.co.jp/share/HOTEL/200243/200243map.gif,,,,1554208_10,一戸建て,6477010.0,【新規OPEN記念価格】プール付きヴィラ 今だけ特別価格 1日1組限定,1,0,0,0,0,2,https://img.travel.rakuten.co.jp/image/tr/api/re/IdsCY/?f_no=200243&f_syu=1554208_10&f_hi1=2026-07-22&f_hi2=2026-07-23&f_heya_su=1&f_otona_su=1&f_s1=0&f_s2=0&f_y1=0&f_y2=0&f_y3=0&f_y4=0&f_camp_id=6477010,0,2026-07-22,92800,92800,0,2026-07-22,chikugo
12685,新飯塚ステーションホテル,https://img.travel.rakuten.co.jp/image/tr/api/re/pvonD/?f_no=12685,https://img.travel.rakuten.co.jp/image/tr/api/re/vFumt/?f_no=12685&f_flg=PLAN,https://img.travel.rakuten.co.jp/image/tr/api/re/WzozX/?noTomariHotel=12685,https://img.travel.rakuten.co.jp/image/tr/api/re/gJNfM/?f_hotel_no=12685,しんいいずかすてーしょんほてる,【2019年リニューアル】福岡市内より約40分。JR新飯塚駅より徒歩約5分。全室Wi-Fi完備。シモンズベッドが好評！,5500,121096.68,470503.58,820-0018,福岡県,飯塚市芳雄町4-20,0120-26-1377,0948-26-1309,ＪＲ福北ゆたか線『新飯塚駅』より徒歩５分  博多から快速で約４５分　福岡市内にもアクセスが便利！ホテル周辺飲食店多数有,有り　新飯塚パークプラザ（ホテル目の前）有料,新飯塚,https://img.travel.rakuten.co.jp/share/HOTEL/12685/12685.jpg,https://img.travel.rakuten.co.jp/HIMG/90/12685.jpg,https://img.travel.rakuten.co.jp/share/HOTEL/12685/12685_room.jpg,https://img.travel.rakuten.co.jp/HIMG/INTERIOR/12685.jpg,https://img.travel.rakuten.co.jp/share/HOTEL/12685/12685map.gif,1478.0,3.99,,tw,【低層階】ツイン(喫煙),6299164.0,【素泊りプラン】シモンズベッドでゆったり！駅チカホテル,1,0,0,0,0,1,https://img.travel.rakuten.co.jp/image/tr/api/re/IdsCY/?f_no=12685&f_syu=tw&f_hi1=2026-07-22&f_hi2=2026-07-23&f_heya_su=1&f_otona_su=1&f_s1=0&f_s2=0&f_y1=0&f_y2=0&f_y3=0&f_y4=0&f_camp_id=6299164,0,2026-07-22,10360,10360,0,2026-07-22,chikuzen
80712,ホテルニューガイア飯塚,https://img.travel.rakuten.co.jp/image/tr/api/re/pvonD/?f_no=80712,https://img.travel.rakuten.co.jp/image/tr/api/re/vFumt/?f_no=80712&f_flg=PLAN,https://img.travel.rakuten.co.jp/image/tr/api/re/WzozX/?noTomariHotel=80712,https://img.travel.rakuten.co.jp/image/tr/api/re/gJNfM/?f_hotel_no=80712,ほてるにゅーがいあいいづか,【大浴場完備】宿泊者専用ラウンジでは、ご宿泊の方はドリンク類飲み放題！全客室にエアウィーヴ採用！,5200,121095.21,470481.09,820-0040,福岡県,飯塚市吉原町7-24,0948-26-2500,0948-26-2522,ＪＲ新飯塚駅よりバスで5分　西鉄飯塚バスセンターより徒歩1分　,"屋根付駐車場⇒1泊1,000円（3台）　一般駐車場⇒1泊500円（4台）(何れも先着順･予約不可) ",新飯塚,https://img.travel.rakuten.co.jp/share/HOTEL/80712/80712.jpg,https://img.travel.rakuten.co.jp/HIMG/90/80712.jpg,,,https://img.travel.rakuten.co.jp/share/HOTEL/80712/80712map.gif,601.0,4.09,"当日は給湯設備が故障ということで、部屋の風呂、ウォシュレットトイレ(温水がでないだけ)等使用出来なかったが、大浴場が使えたので、問題はありませんでした。それ以外は、結構よかったです。　2026-07-13 02:09:38投稿 <a href=""https://img.travel.rakuten.co.jp/image/tr/api/re/gJNfM/?f_hotel_no=80712"" class=""3click"">つづきはこちら</a>",rtw,【電子タバコ可】★リニューアルツイン★17平米〜,3313191.0,【素泊】スタンダードプラン,1,0,0,0,0,1,https://img.travel.rakuten.co.jp/image/tr/api/re/IdsCY/?f_no=80712&f_syu=rtw&f_hi1=2026-07-22&f_hi2=2026-07-23&f_heya_su=1&f_otona_su=1&f_s1=0&f_s2=0&f_y1=0&f_y2=0&f_y3=0&f_y4=0&f_camp_id=3313191,0,2026-07-22,11000,11000,0,2026-07-22,chikuzen
10761,のがみプレジデントホテル,https://img.travel.rakuten.co.jp/image/tr/api/re/pvonD/?f_no=10761,https://img.travel.rakuten.co.jp/image/tr/api/re/vFumt/?f_no=10761&f_flg=PLAN,https://img.travel.rakuten.co.jp/image/tr/api/re/WzozX/?noTomariHotel=10761,https://img.travel.rakuten.co.jp/image/tr/api/re/gJNfM/?f_hotel_no=10761,のがみ　ぷれじでんとほてる,筑豊地区最大の宴会場を持つシティーホテルです。,6650,121112.07,470494.71,820-0004,福岡県,飯塚市新立岩12-37,0948-22-3840,0948-25-3798,ＪＲ新飯塚駅より徒歩５分。西鉄飯塚バスセンターより徒歩１５分。,ホテル前33台　第二駐車場約150台（徒歩3分）　無料　※先着順となります、ご予約できません,新飯塚,https://img.travel.rakuten.co.jp/share/HOTEL/10761/10761.jpg,https://img.travel.rakuten.co.jp/HIMG/90/10761.jpg,https://img.travel.rakuten.co.jp/share/HOTEL/10761/10761_twn.jpg,https://img.travel.rakuten.co.jp/HIMG/INTERIOR/10761.jpg,https://img.travel.rakuten.co.jp/share/HOTEL/10761/10761map.gif,723.0,4.13,,sskituen,スタンダードシングル（喫煙）,4746356.0,素泊まり限定プラン,1,0,0,0,0,1,https://img.travel.rakuten.co.jp/image/tr/api/re/IdsCY/?f_no=10761&f_syu=sskituen&f_hi1=2026-07-22&f_hi2=2026-07-23&f_heya_su=1&f_otona_su=1&f_s1=0&f_s2=0&f_y1=0&f_y2=0&f_y3=0&f_y4=0&f_camp_id=4746356,0,2026-07-22,9020,9020,0,2026-07-22,chikuzen
56656,ホテルルートイン若宮インター,https://img.travel.rakuten.co.jp/image/tr/api/re/pvonD/?f_no=56656,https://img.travel.rakuten.co.jp/image/tr/api/re/vFumt/?f_no=56656&f_flg=PLAN,https://img.travel.rakuten.co.jp/image/tr/api/re/WzozX/?noTomariHotel=56656,https://img.travel.rakuten.co.jp/image/tr/api/re/gJNfM/?f_hotel_no=56656,ほてるるーといんわかみやいんたー,ＷＯＷＯＷ全室無料！◆大浴場有◆朝食無料◆夕食レストラン（日祝定休日有）◆wi-fi全室完備◆駐車場無料,5500,121470.63,470206.88,822-0152,福岡県,宮若市沼口234-1,0949-52-0023,0949-52-0062,ＪＲ鹿児島本線　赤間駅より車で２０分  *高速利用 　博多駅から37㎞　30分　小倉駅から　38km　35分,有り　123台　無料　先着順,赤間,https://img.travel.rakuten.co.jp/share/HOTEL/56656/56656.jpg,https://img.travel.rakuten.co.jp/HIMG/90/56656.jpg,https://img.travel.rakuten.co.jp/share/HOTEL/56656/56656_ky.jpg,https://img.travel.rakuten.co.jp/HIMG/INTERIOR/56656.jpg,https://img.travel.rakuten.co.jp/share/HOTEL/56656/56656map.gif,781.0,3.79,"インター降りてすぐの便利な立地。駐車場も広くて使いやすい。部屋は値段相当。清掃も問題なし。周りは何もないけど、ガソリンスタンドがすぐ近くになったのはよかった。車で行くなら良いと思う　2026-07-20 12:47:24投稿 <a href=""https://img.travel.rakuten.co.jp/image/tr/api/re/gJNfM/?f_hotel_no=56656"" class=""3click"">つづきはこちら</a>",nsb,【禁煙】シングルルーム ベット幅140　,5789190.0,【室数限定】20時以降チェックインお得プラン■朝食■大浴場■WOWOW■空気清浄機■駐車場■,1,0,0,0,0,1,https://img.travel.rakuten.co.jp/image/tr/api/re/IdsCY/?f_no=56656&f_syu=nsb&f_hi1=2026-07-22&f_hi2=2026-07-23&f_heya_su=1&f_otona_su=1&f_s1=0&f_s2=0&f_y1=0&f_y2=0&f_y3=0&f_y4=0&f_camp_id=5789190,0,2026-07-22,8050,8050,0,2026-07-22,chikuzen
9217,メルキュール福岡宗像リゾート＆スパ,https://img.travel.rakuten.co.jp/image/tr/api/re/pvonD/?f_no=9217,https://img.travel.rakuten.co.jp/image/tr/api/re/vFumt/?f_no=9217&f_flg=PLAN,https://img.travel.rakuten.co.jp/image/tr/api/re/WzozX/?noTomariHotel=9217,https://img.travel.rakuten.co.jp/image/tr/api/re/gJNfM/?f_hotel_no=9217,めるきゅーるふくおかむなかたりぞーとすぱ,■『苺』をテーマにしたサステナブルフェア開催～5/31迄■ 地元素材を使ったビュッフェと露天風呂付温泉が人気,5312,121888.64,469899.37,811-3514,福岡県,宗像市田野1303　,0940-62-4111,0940-62-4000,福岡空港よりお車で約60分　古賀ICより車で約40分　JR東郷駅より無料送迎バス運行中　席数に限りがございます（要予約）,有り188台,東郷,https://img.travel.rakuten.co.jp/share/HOTEL/9217/9217.jpg,https://img.travel.rakuten.co.jp/HIMG/90/9217.jpg,https://img.travel.rakuten.co.jp/share/HOTEL/9217/9217_kan.jpg,https://img.travel.rakuten.co.jp/HIMG/INTERIOR/9217.jpg,https://img.travel.rakuten.co.jp/share/HOTEL/9217/9217map.gif,2743.0,4.27,,trcz,クラシックツイン【ラウンジ特典付】,5877302.0,【スタンダード】福岡市内から約60分のはなれ旅 -温泉満喫-／素泊まり・ラウンジアクセス付,1,0,0,0,0,1,https://img.travel.rakuten.co.jp/image/tr/api/re/IdsCY/?f_no=9217&f_syu=trcz&f_hi1=2026-07-22&f_hi2=2026-07-23&f_heya_su=1&f_otona_su=1&f_s1=0&f_s2=0&f_y1=0&f_y2=0&f_y3=0&f_y4=0&f_camp_id=5877302,0,2026-07-22,16800,16800,0,2026-07-22,chikuzen
196360,ＨＯＴＥＬ　Ｔｓｍａｒｔ,https://img.travel.rakuten.co.jp/image/tr/api/re/pvonD/?f_no=196360,https://img.travel.rakuten.co.jp/image/tr/api/re/vFumt/?f_no=196360&f_flg=PLAN,,https://img.travel.rakuten.co.jp/image/tr/api/re/gJNfM/?f_hotel_no=196360,ほてる　てぃーすまーと,【2025年4月7日OPEN】大浴場が温泉のトライアルが運営するビジネスホテルです！,3980,121281.51,470134.83,822-0121,福岡県,宮若市湯原1401-4,0949-28-7678,0949-28-7679,福北ゆたか線　笹栗駅よりお車で約30分,有り　50台　無料　先着順,筑前山手,https://img.travel.rakuten.co.jp/share/HOTEL/196360/196360.jpg,https://img.travel.rakuten.co.jp/HIMG/90/196360.jpg,,,https://img.travel.rakuten.co.jp/share/HOTEL/196360/196360map.gif,52.0,4.09,"お風呂は個室でくつろげましたが、お風呂まで行くのが少し女性1人だと怖く感じました。それでもまた利用したいと思ってい…　2026-07-14 00:19:27投稿 <a href=""https://img.travel.rakuten.co.jp/image/tr/api/re/gJNfM/?f_hotel_no=196360"" class=""3click"">つづきはこちら</a>",std,スタンダード ダブル（セミダブルベッド）,6249072.0,HOTEL Tsmart＜素泊まりプラン＞,1,0,0,0,0,2,https://img.travel.rakuten.co.jp/image/tr/api/re/IdsCY/?f_no=196360&f_syu=std&f_hi1=2026-07-22&f_hi2=2026-07-23&f_heya_su=1&f_otona_su=1&f_s1=0&f_s2=0&f_y1=0&f_y2=0&f_y3=0&f_y4=0&f_camp_id=6249072,0,2026-07-22,7480,7480,0,2026-07-22,chikuzen
189105,ＨＯＴＥＬ　Ｒ９　Ｔｈｅ　Ｙａｒｄ　中間,https://img.travel.rakuten.co.jp/image/tr/api/re/pvonD/?f_no=189105,https://img.travel.rakuten.co.jp/image/tr/api/re/vFumt/?f_no=189105&f_flg=PLAN,https://img.travel.rakuten.co.jp/image/tr/api/re/WzozX/?noTomariHotel=189105,https://img.travel.rakuten.co.jp/image/tr/api/re/gJNfM/?f_hotel_no=189105, あーるないん ざ やーど なかま,【駐車場無料】「トライアル・イオンなかま店」の側！独立客室には個別空調を完備◎パスタなど軽食サービス付,3900,121745.78,470610.16,809-0013,福岡県,中間市上蓮花寺2-2-1,093-482-8711, ,【電車】筑豊電気鉄道線　「通谷駅」「東中間駅」より徒歩約５分、ＪＲ筑豊本線　「中間駅」より車で約７分 【お車】九州自動車,無料 有り 47台※大型車（2トントラック以上）をご利用の際は、事前にお電話でお問い合わせください。,通谷,https://img.travel.rakuten.co.jp/share/HOTEL/189105/189105.jpg,https://img.travel.rakuten.co.jp/HIMG/90/189105.jpg,,,https://img.travel.rakuten.co.jp/share/HOTEL/189105/189105map.gif,112.0,4.12,"軽…　2026-05-16 20:26:11投稿 <a href=""https://img.travel.rakuten.co.jp/image/tr/api/re/gJNfM/?f_hotel_no=189105"" class=""3click"">つづきはこちら</a>",twin,【禁煙】ツインルーム （約13平米/最大2名様）,5881535.0,【スタンダード】ビジネスや観光の拠点に♪軽食＆ホットドリンク付【駐車場至近＆無料】,1,0,0,0,0,1,https://img.travel.rakuten.co.jp/image/tr/api/re/IdsCY/?f_no=189105&f_syu=twin&f_hi1=2026-07-22&f_hi2=2026-07-23&f_heya_su=1&f_otona_su=1&f_s1=0&f_s2=0&f_y1=0&f_y2=0&f_y3=0&f_y4=0&f_camp_id=5881535,0,2026-07-22,7000,7000,0,2026-07-22,chikuzen
145005,ＨＯＴＥＬ　ＡＺ　福岡田川店,https://img.travel.rakuten.co.jp/image/tr/api/re/pvonD/?f_no=145005,https://img.travel.rakuten.co.jp/image/tr/api/re/vFumt/?f_no=145005&f_flg=PLAN,https://img.travel.rakuten.co.jp/image/tr/api/re/WzozX/?noTomariHotel=145005,https://img.travel.rakuten.co.jp/image/tr/api/re/gJNfM/?f_hotel_no=145005,ほてる　えーぜっと　ふくおかたがわてん,九州自動車道八幡ＩＣより車で約３５分。平成筑豊鉄道田川伊田駅より徒歩で約９分。駐車場無料★朝食無料★,4820,121102.05,470928.51,825-0012,福岡県,田川市日の出町1番7号,0947-42-0301,0947-42-0321,田川伊田駅より徒歩にて９分,無料駐車場61台あり　※車長8ｍ以上の駐車は有料・要予約,田川伊田,https://img.travel.rakuten.co.jp/share/HOTEL/145005/145005.jpg,https://img.travel.rakuten.co.jp/HIMG/90/145005.jpg,https://img.travel.rakuten.co.jp/share/HOTEL/145005/145005_kya1.jpg,https://img.travel.rakuten.co.jp/HIMG/INTERIOR/145005.jpg,https://img.travel.rakuten.co.jp/share/HOTEL/145005/145005map.gif,194.0,3.87,"中学卒業後50年後の同窓会の案内が届き、出身中学のある田川郡に行くことになりました。去年3月に田川郡の「実家じまい」をしたので、田川に泊まるところがなく、同窓会場に便利なA-Zホテルを予約しました。ホ…　2026-07-20 14:50:52投稿 <a href=""https://img.travel.rakuten.co.jp/image/tr/api/re/gJNfM/?f_hotel_no=145005"" class=""3click"">つづきはこちら</a>",003,【禁煙】２段ベッド,6386125.0,【宿泊税込】スタンダードプラン（朝食サービス）,1,0,0,1,0,1,https://img.travel.rakuten.co.jp/image/tr/api/re/IdsCY/?f_no=145005&f_syu=003&f_hi1=2026-07-22&f_hi2=2026-07-23&f_heya_su=1&f_otona_su=1&f_s1=0&f_s2=0&f_y1=0&f_y2=0&f_y3=0&f_y4=0&f_camp_id=6386125,0,2026-07-22,6580,6580,0,2026-07-22,chikuzen
187339,ＨＯＴＥＬ　Ｒ９　Ｔｈｅ　Ｙａｒｄ　飯塚,https://img.travel.rakuten.co.jp/image/tr/api/re/pvonD/?f_no=187339,https://img.travel.rakuten.co.jp/image/tr/api/re/vFumt/?f_no=187339&f_flg=PLAN,https://img.travel.rakuten.co.jp/image/tr/api/re/WzozX/?noTomariHotel=187339,https://img.travel.rakuten.co.jp/image/tr/api/re/gJNfM/?f_hotel_no=187339,ほてる あーるないん ざ やーど いいづか,飯塚市内工業団地への出張やスポーツ大会にも◎コンビニとなり！無料駐車場完備！独立客室で快適な滞在を♪,3900,121195.1,470588.98,820-1113,福岡県,飯塚市佐與1658-14,0948-43-2815,0948-43-2817,JR筑豊本線 / 福北ゆたか線 鯰田駅よりタクシーで5分,無料 有り 38台※大型車（2トントラック以上）をご利用の際は、事前にお電話でお問い合わせください。,鯰田,https://img.travel.rakuten.co.jp/share/HOTEL/187339/187339.jpg,https://img.travel.rakuten.co.jp/HIMG/90/187339.jpg,,,https://img.travel.rakuten.co.jp/share/HOTEL/187339/187339map.gif,103.0,4.25,"ホテルの薄い壁で漏れてくる生活音を自分は気にしない方だと思っていましたが、防音されてる環境がこんなにも快適なんだと実感しそれだけで満足でした。車から降りたら廊下、エレベーターで他人と接することなく秒で…　2026-06-30 04:35:16投稿 <a href=""https://img.travel.rakuten.co.jp/image/tr/api/re/gJNfM/?f_hotel_no=187339"" class=""3click"">つづきはこちら</a>",double,【禁煙】ダブルルーム （約12平米/最大2名様）,5682229.0,【スタンダード】ビジネスや観光の拠点に♪軽食＆ホットドリンク付【駐車場至近＆無料】,1,0,0,0,0,1,https://img.travel.rakuten.co.jp/image/tr/api/re/IdsCY/?f_no=187339&f_syu=double&f_hi1=2026-07-22&f_hi2=2026-07-23&f_heya_su=1&f_otona_su=1&f_s1=0&f_s2=0&f_y1=0&f_y2=0&f_y3=0&f_y4=0&f_camp_id=5682229,0,2026-07-22,8400,8400,0,2026-07-22,chikuzen
8301,プラザホテル直方,https://img.travel.rakuten.co.jp/image/tr/api/re/pvonD/?f_no=8301,https://img.travel.rakuten.co.jp/image/tr/api/re/vFumt/?f_no=8301&f_flg=PLAN,https://img.travel.rakuten.co.jp/image/tr/api/re/WzozX/?noTomariHotel=8301,https://img.travel.rakuten.co.jp/image/tr/api/re/gJNfM/?f_hotel_no=8301,ぷらざほてる　のおがた,福岡・北九州両市へのアクセスがスムーズ。ビジネス・レジャーに最適の安心ホテルです。全室でWI-FIが使えます！,4000,121488.38,470665.36,822-0002,福岡県,直方市頓野西ヶ崎3829-1,0949-28-1231,0949-23-3358,■ＪＲ直方駅より車で５分　■九州自動車道八幡インターより車で１５分,■有り　約４０台　無料　先着順,直方,https://img.travel.rakuten.co.jp/share/HOTEL/8301/8301.jpg,https://img.travel.rakuten.co.jp/HIMG/90/8301.jpg,https://img.travel.rakuten.co.jp/share/HOTEL/8301/8301_sgl.jpg,https://img.travel.rakuten.co.jp/HIMG/INTERIOR/8301.jpg,https://img.travel.rakuten.co.jp/share/HOTEL/8301/8301map.gif,547.0,3.78,,dbk,ダブル　禁煙,5848432.0,【特典なし】部屋だけプラン♪＜素泊まり＞,1,0,0,0,0,1,https://img.travel.rakuten.co.jp/image/tr/api/re/IdsCY/?f_no=8301&f_syu=dbk&f_hi1=2026-07-22&f_hi2=2026-07-23&f_heya_su=1&f_otona_su=1&f_s1=0&f_s2=0&f_y1=0&f_y2=0&f_y3=0&f_y4=0&f_camp_id=5848432,0,2026-07-22,9000,9000,0,2026-07-22,chikuzen
76893,ビジネスホテルセンチュリー,https://img.travel.rakuten.co.jp/image/tr/api/re/pvonD/?f_no=76893,https://img.travel.rakuten.co.jp/image/tr/api/re/vFumt/?f_no=76893&f_flg=PLAN,https://img.travel.rakuten.co.jp/image/tr/api/re/WzozX/?noTomariHotel=76893,https://img.travel.rakuten.co.jp/image/tr/api/re/gJNfM/?f_hotel_no=76893,せんちゅりー,新飯塚の飲食店街に隣接◆JR新飯塚駅より徒歩2分、博多駅より約45分◆若宮IC、八幡ICより30分◆全室Wi-Fi完備,5400,121103.01,470502.34,820-0005,福岡県,飯塚市新飯塚9-11,0948-29-2515,0948-29-2575,ＪＲ　新飯塚駅より徒歩にて２分,専用駐車場（徒歩2分）、提携駐車場（徒歩4分）、コインパーキング（隣接）、430〜700円・税込/泊,新飯塚,https://img.travel.rakuten.co.jp/share/HOTEL/76893/76893.jpg,https://img.travel.rakuten.co.jp/HIMG/90/76893.jpg,https://img.travel.rakuten.co.jp/share/HOTEL/76893/76893_sin.jpg,https://img.travel.rakuten.co.jp/HIMG/INTERIOR/76893.jpg,https://img.travel.rakuten.co.jp/share/HOTEL/76893/76893map.gif,291.0,4.18,,s1,◇◆シングルルーム【喫煙】◆◇,4122346.0,【素泊まり】スタンダードプラン,1,0,0,0,0,1,https://img.travel.rakuten.co.jp/image/tr/api/re/IdsCY/?f_no=76893&f_syu=s1&f_hi1=2026-07-22&f_hi2=2026-07-23&f_heya_su=1&f_otona_su=1&f_s1=0&f_s2=0&f_y1=0&f_y2=0&f_y3=0&f_y4=0&f_camp_id=4122346,0,2026-07-22,6000,6000,1,2026-07-22,chikuzen
197807,ＨＯＴＥＬ　Ｒ９　Ｔｈｅ　Ｙａｒｄ　田川香春,https://img.travel.rakuten.co.jp/image/tr/api/re/pvonD/?f_no=197807,https://img.travel.rakuten.co.jp/image/tr/api/re/vFumt/?f_no=197807&f_flg=PLAN,https://img.travel.rakuten.co.jp/image/tr/api/re/WzozX/?noTomariHotel=197807,https://img.travel.rakuten.co.jp/image/tr/api/re/gJNfM/?f_hotel_no=197807,ほてる あーるないん ざ やーど たがわかわら,行橋ICより車で20分！香春町への出張や観光の拠点に！カレーなど軽食サービス付,3900,121233.52,471041.41,822-1406,福岡県,田川郡香春町香春1085-1,0947-32-7507,0947-32-7508,【電車】一本松駅より徒歩18分。田川井田駅よりタクシーで10分。【お車】行橋ICより車で20分。,無料 有り 44台※大型車（2トントラック以上）をご利用の際は、事前にお電話でお問い合わせください。,一本松（福岡）,https://img.travel.rakuten.co.jp/share/HOTEL/197807/197807.jpg,https://img.travel.rakuten.co.jp/HIMG/90/197807.jpg,,,https://img.travel.rakuten.co.jp/share/HOTEL/197807/197807map.gif,67.0,4.02,"近くにうどん屋さんあり、絶品でした。　コンテナだけど、部屋も狭くなく、快適でした。　2026-07-15 10:26:27投稿 <a href=""https://img.travel.rakuten.co.jp/image/tr/api/re/gJNfM/?f_hotel_no=197807"" class=""3click"">つづきはこちら</a>",double,【禁煙】ダブルルーム （約13平米/最大2名様）,6351364.0,【スタンダード】ビジネスや観光の拠点に♪軽食＆ホットドリンク付【駐車場至近＆無料】,1,0,0,0,0,1,https://img.travel.rakuten.co.jp/image/tr/api/re/IdsCY/?f_no=197807&f_syu=double&f_hi1=2026-07-22&f_hi2=2026-07-23&f_heya_su=1&f_otona_su=1&f_s1=0&f_s2=0&f_y1=0&f_y2=0&f_y3=0&f_y4=0&f_camp_id=6351364,0,2026-07-22,5500,5500,0,2026-07-22,chikuzen
67409,ビジネスホテル　ロイヤルイン扇,https://img.travel.rakuten.co.jp/image/tr/api/re/pvonD/?f_no=67409,https://img.travel.rakuten.co.jp/image/tr/api/re/vFumt/?f_no=67409&f_flg=PLAN,https://img.travel.rakuten.co.jp/image/tr/api/re/WzozX/?noTomariHotel=67409,https://img.travel.rakuten.co.jp/image/tr/api/re/gJNfM/?f_hotel_no=67409,ろいやるいんおおぎ,ゆったりスペースの２５部屋、心休まるくつろぎの空間をご用意してお迎え致します。,5280,121107.87,470943.85,825-0018,福岡県,田川市番田町7-3,0947-46-0737,0947-45-2515,ＪＲ　田川伊田駅から徒歩５分,有り　１４台　無料　要予約,田川伊田,https://img.travel.rakuten.co.jp/share/HOTEL/67409/67409.jpg,https://img.travel.rakuten.co.jp/HIMG/90/67409.jpg,https://img.travel.rakuten.co.jp/share/HOTEL/67409/67409_si.jpg,https://img.travel.rakuten.co.jp/HIMG/INTERIOR/67409.jpg,https://img.travel.rakuten.co.jp/share/HOTEL/67409/67409map.gif,125.0,3.75,"バスやタクシーも使用しづらい環境で、駅近で…　2026-07-11 17:25:54投稿 <a href=""https://img.travel.rakuten.co.jp/image/tr/api/re/gJNfM/?f_hotel_no=67409"" class=""3click"">つづきはこちら</a>",royalinn09,心休まるくつろぎのシングルルームをご用意。,,,1,0,0,0,0,1,https://img.travel.rakuten.co.jp/image/tr/api/re/IdsCY/?f_no=67409&f_syu=royalinn09&f_hi1=2026-07-22&f_hi2=2026-07-23&f_heya_su=1&f_otona_su=1&f_s1=0&f_s2=0&f_y1=0&f_y2=0&f_y3=0&f_y4=0,1,2026-07-22,5280,5280,0,2026-07-22,chikuzen
179214,ザ・リトリート,https://img.travel.rakuten.co.jp/image/tr/api/re/pvonD/?f_no=179214,https://img.travel.rakuten.co.jp/image/tr/api/re/vFumt/?f_no=179214&f_flg=PLAN,https://img.travel.rakuten.co.jp/image/tr/api/re/WzozX/?noTomariHotel=179214,https://img.travel.rakuten.co.jp/image/tr/api/re/gJNfM/?f_hotel_no=179214,ざ　りとりーと,全室冷暖房完備／快適に最高のアウトドア体験！ドリンクもアクティビティもオールインクルーシブ♪朝食はホテルハーフブッフェ！,10070,121154.21,470682.31,820-0115,福岡県,飯塚市仁保8-37,0948-82-3177,0948-82-3178,ＪＲ　新飯塚駅よりお車にて約１５分,有り　８０台　無料　予約不要,新飯塚,https://img.travel.rakuten.co.jp/share/HOTEL/179214/179214.jpg,https://img.travel.rakuten.co.jp/HIMG/90/179214.jpg,https://img.travel.rakuten.co.jp/share/HOTEL/179214/179214_kan1.jpg,https://img.travel.rakuten.co.jp/HIMG/INTERIOR/179214.jpg,https://img.travel.rakuten.co.jp/share/HOTEL/179214/179214map.gif,134.0,4.49,"スタッフの方がみなさんとても優しく声をかけてくださり、とても楽しく過ごせました。　2026-07-16 17:07:21投稿 <a href=""https://img.travel.rakuten.co.jp/image/tr/api/re/gJNfM/?f_hotel_no=179214"" class=""3click"">つづきはこちら</a>",jt06,【テントタイプ】ジャーニーテント,6509139.0,【直前割】見つけてHAPPYプラン☆持ち込みグランピング☆1泊朝食付／フリードリンク付／グランピング,1,0,0,1,0,1,https://img.travel.rakuten.co.jp/image/tr/api/re/IdsCY/?f_no=179214&f_syu=jt06&f_hi1=2026-07-22&f_hi2=2026-07-23&f_heya_su=1&f_otona_su=1&f_s1=0&f_s2=0&f_y1=0&f_y2=0&f_y3=0&f_y4=0&f_camp_id=6509139,0,2026-07-22,12600,12600,0,2026-07-22,chikuzen
75193,ルートイングランティア福岡宮若－脇田温泉－,https://img.travel.rakuten.co.jp/image/tr/api/re/pvonD/?f_no=75193,https://img.travel.rakuten.co.jp/image/tr/api/re/vFumt/?f_no=75193&f_flg=PLAN,https://img.travel.rakuten.co.jp/image/tr/api/re/WzozX/?noTomariHotel=75193,https://img.travel.rakuten.co.jp/image/tr/api/re/gJNfM/?f_hotel_no=75193,るーといんぐらんてぃあふくおかみやわか　わきたおんせん　,2020年7月1日（水）新館OPEN！本館一部リニューアル＆キッズコーナーOPEN！■脇田温泉源泉掛流し,8800,121294.7,470114.94,822-0133,福岡県,宮若市脇田778-1,050-1726-2239,0949-54-0514,ＪＲ赤間駅よりお車で２５分◆博多駅バスセンターよりＪＲ九州バスで１時間＆徒歩１５分◆博多駅よりお車で４５分（無料駐車場）,有り　２００台　無料　予約不要　,赤間,https://img.travel.rakuten.co.jp/share/HOTEL/75193/75193.jpg,https://img.travel.rakuten.co.jp/HIMG/90/75193.jpg,https://img.travel.rakuten.co.jp/share/HOTEL/75193/75193_twi.jpg,https://img.travel.rakuten.co.jp/HIMG/INTERIOR/75193.jpg,https://img.travel.rakuten.co.jp/share/HOTEL/75193/75193map.gif,357.0,4.2,"ただ携帯電波とWiFiの弱さには参りました。　2026-07-13 11:52:24投稿 <a href=""https://img.travel.rakuten.co.jp/image/tr/api/re/gJNfM/?f_hotel_no=75193"" class=""3click"">つづきはこちら</a>",nct,【新館ツイン（禁煙）】,4774118.0,【素泊まり】シンプルステイプラン〜天然温泉大浴場あり・駐車場無料〜,1,0,0,0,0,1,https://img.travel.rakuten.co.jp/image/tr/api/re/IdsCY/?f_no=75193&f_syu=nct&f_hi1=2026-07-22&f_hi2=2026-07-23&f_heya_su=1&f_otona_su=1&f_s1=0&f_s2=0&f_y1=0&f_y2=0&f_y3=0&f_y4=0&f_camp_id=4774118,0,2026-07-22,11000,11000,0,2026-07-22,chikuzen
183533,宮若虎の湯,https://img.travel.rakuten.co.jp/image/tr/api/re/pvonD/?f_no=183533,https://img.travel.rakuten.co.jp/image/tr/api/re/vFumt/?f_no=183533&f_flg=PLAN,https://img.travel.rakuten.co.jp/image/tr/api/re/WzozX/?noTomariHotel=183533,https://img.travel.rakuten.co.jp/image/tr/api/re/gJNfM/?f_hotel_no=183533,みやわかとらのゆ,【夕食時オールインクルーシブ】宮若の地にビュッフェタイプの温泉旅館が出来ました。安心の全室温泉付き客室,16850,121331.05,470142.64,822-0131,福岡県,宮若市乙野644-2,0949-28-7435,0949-28-7436,宮若ICより車で15分　福岡ICより車で30分　 JR篠栗駅より車で約20分,有り　50台　無料　予約不要,篠栗,https://img.travel.rakuten.co.jp/share/HOTEL/183533/183533.jpg,https://img.travel.rakuten.co.jp/HIMG/90/183533.jpg,,,https://img.travel.rakuten.co.jp/share/HOTEL/183533/183533map.gif,457.0,4.36,"前から評判が良かったので、療養を兼ねて利用させて頂きました。宿泊者数に合わせた料理の数量だったのでしょう、オープン当初と比べてこじんまりとなっていました。室内は清潔感があり良かったのですが、せっかくの…　2026-07-07 23:45:50投稿 <a href=""https://img.travel.rakuten.co.jp/image/tr/api/re/gJNfM/?f_hotel_no=183533"" class=""3click"">つづきはこちら</a>",1f1,クイーンベッド客室（客室温泉付／１名〜2名）,6149001.0,【素泊まり】温泉付き客室で温泉満喫！遅い到着や早い出発にオススメ！素泊まりプラン,1,0,0,0,0,2,https://img.travel.rakuten.co.jp/image/tr/api/re/IdsCY/?f_no=183533&f_syu=1f1&f_hi1=2026-07-22&f_hi2=2026-07-23&f_heya_su=1&f_otona_su=1&f_s1=0&f_s2=0&f_y1=0&f_y2=0&f_y3=0&f_y4=0&f_camp_id=6149001,0,2026-07-22,21850,21850,0,2026-07-22,chikuzen
151387,ＨＯＴＥＬ　ＡＺ　福岡香春店,https://img.travel.rakuten.co.jp/image/tr/api/re/pvonD/?f_no=151387,https://img.travel.rakuten.co.jp/image/tr/api/re/vFumt/?f_no=151387&f_flg=PLAN,https://img.travel.rakuten.co.jp/image/tr/api/re/WzozX/?noTomariHotel=151387,https://img.travel.rakuten.co.jp/image/tr/api/re/gJNfM/?f_hotel_no=151387,ほてる　えーぜっと　ふくおかかわらてん,ＪＲ日田彦山線香春駅より車で約5分。みやこ豊津ICから車で約20分。,4820,121176.09,470997.47,822-1406,福岡県,田川郡香春町大字香春1052-1,0947-32-7771,0947-32-7773,ＪＲ　日田彦山線　香春駅より車にて約5分,無料駐車場91台あり　※車長8ｍ以上の駐車は有料・要予約,香春,https://img.travel.rakuten.co.jp/share/HOTEL/151387/151387.jpg,https://img.travel.rakuten.co.jp/HIMG/90/151387.jpg,,,https://img.travel.rakuten.co.jp/share/HOTEL/151387/151387map.gif,111.0,3.83,"ゴルフ場に近くて何と言っても朝食付でこの価格はありがたいです。　2026-06-27 12:12:41投稿 <a href=""https://img.travel.rakuten.co.jp/image/tr/api/re/gJNfM/?f_hotel_no=151387"" class=""3click"">つづきはこちら</a>",sns1,【禁煙】シングル,6386068.0,【宿泊税込】スタンダードプラン（朝食サービス）,1,0,0,1,0,1,https://img.travel.rakuten.co.jp/image/tr/api/re/IdsCY/?f_no=151387&f_syu=sns1&f_hi1=2026-07-22&f_hi2=2026-07-23&f_heya_su=1&f_otona_su=1&f_s1=0&f_s2=0&f_y1=0&f_y2=0&f_y3=0&f_y4=0&f_camp_id=6386068,0,2026-07-22,6580,6580,0,2026-07-22,chikuzen
31978,国民宿舎　マリンテラスあしや,https://img.travel.rakuten.co.jp/image/tr/api/re/pvonD/?f_no=31978,https://img.travel.rakuten.co.jp/image/tr/api/re/vFumt/?f_no=31978&f_flg=PLAN,https://img.travel.rakuten.co.jp/image/tr/api/re/WzozX/?noTomariHotel=31978,https://img.travel.rakuten.co.jp/image/tr/api/re/gJNfM/?f_hotel_no=31978,こくみんしゅくしゃ　まりんてらす　あしや,楽天アワード受賞！ビーチ４分！全室オーシャンビュー！響灘の夕陽×癒やしのお風呂と海幸が人気の宿,5500,122034.26,470398.45,807-0141,福岡県,遠賀郡芦屋町山鹿1588,050-3161-9612,093-222-0399,ＪＲ鹿児島本線折尾駅よりバス／九州自動車道鞍手ＩＣより2５分,無料駐車場100台　先着順 　※当館の駐車場への道はやや急な傾斜があるため通行にはご注意ください。,折尾,https://img.travel.rakuten.co.jp/share/HOTEL/31978/31978.jpg,https://img.travel.rakuten.co.jp/HIMG/90/31978.jpg,https://img.travel.rakuten.co.jp/share/HOTEL/31978/31978_kan1.jpg,https://img.travel.rakuten.co.jp/HIMG/INTERIOR/31978.jpg,https://img.travel.rakuten.co.jp/share/HOTEL/31978/31978map.gif,470.0,4.31,"お布団が薄いので、（夏場だから？）マットレスを敷いていただけると幸いです。個…　2026-07-17 20:55:43投稿 <a href=""https://img.travel.rakuten.co.jp/image/tr/api/re/gJNfM/?f_hotel_no=31978"" class=""3click"">つづきはこちら</a>",wasu-ns,絶景の海を望む〜和室／禁煙,5136750.0,【オーシャンビューでリラックス】潮騒で癒やされるシンプル☆素泊プラン,1,0,0,0,0,1,https://img.travel.rakuten.co.jp/image/tr/api/re/IdsCY/?f_no=31978&f_syu=wasu-ns&f_hi1=2026-07-22&f_hi2=2026-07-23&f_heya_su=1&f_otona_su=1&f_s1=0&f_s2=0&f_y1=0&f_y2=0&f_y3=0&f_y4=0&f_camp_id=5136750,0,2026-07-22,6600,6600,0,2026-07-22,chikuzen
177721,田川伊田駅舎ホテル,https://img.travel.rakuten.co.jp/image/tr/api/re/pvonD/?f_no=177721,https://img.travel.rakuten.co.jp/image/tr/api/re/vFumt/?f_no=177721&f_flg=PLAN,https://img.travel.rakuten.co.jp/image/tr/api/re/WzozX/?noTomariHotel=177721,https://img.travel.rakuten.co.jp/image/tr/api/re/gJNfM/?f_hotel_no=177721,たがわいたえきしゃほてる,田川伊田駅舎内のホテルです。寝台列車をモチーフに造られています。,3500,121100.79,470951.43,825-0015,福岡県,田川市伊田町2621-3　田川伊田駅舎2F,0947-85-8325,0947-85-8321,田川伊田駅より徒歩にて約１分,専用駐車場無し　近くにコインパーキング有り,田川伊田,https://img.travel.rakuten.co.jp/share/HOTEL/177721/177721.jpg,https://img.travel.rakuten.co.jp/HIMG/90/177721.jpg,,,https://img.travel.rakuten.co.jp/share/HOTEL/177721/177721map.gif,109.0,3.6,,02,2段ベッド1台＋ベッド1台【wi-fi無料】,6409564.0,【事前カード決済】事前決済でお得！！プラン　１〜3名様,1,0,0,0,0,2,https://img.travel.rakuten.co.jp/image/tr/api/re/IdsCY/?f_no=177721&f_syu=02&f_hi1=2026-07-22&f_hi2=2026-07-23&f_heya_su=1&f_otona_su=1&f_s1=0&f_s2=0&f_y1=0&f_y2=0&f_y3=0&f_y4=0&f_camp_id=6409564,0,2026-07-22,5150,5150,0,2026-07-22,chikuzen
108571,ビジネスホテル　大和屋,https://img.travel.rakuten.co.jp/image/tr/api/re/pvonD/?f_no=108571,https://img.travel.rakuten.co.jp/image/tr/api/re/vFumt/?f_no=108571&f_flg=PLAN,https://img.travel.rakuten.co.jp/image/tr/api/re/WzozX/?noTomariHotel=108571,https://img.travel.rakuten.co.jp/image/tr/api/re/gJNfM/?f_hotel_no=108571,やまとや,新飯塚駅から徒歩約１分、コンビニまで徒歩約２分 アットホームなビジネス旅館です。真心込めたおふくろの味でおもてなし♪♪,3080,121108.15,470502.12,820-0005,福岡県,飯塚市新飯塚5-13,0948-22-2544,0948-22-7076,博多から快速で乗り換えなし約35分の新飯塚駅より徒歩にて約１分,有り　１０台　無料　予約不要（１０ｍ以下バス可）,新飯塚,https://img.travel.rakuten.co.jp/share/HOTEL/108571/108571.jpg,https://img.travel.rakuten.co.jp/HIMG/90/108571.jpg,https://img.travel.rakuten.co.jp/share/HOTEL/108571/108571_ru.jpg,https://img.travel.rakuten.co.jp/HIMG/INTERIOR/108571.jpg,https://img.travel.rakuten.co.jp/share/HOTEL/108571/108571map.gif,84.0,4.21,"実家のような居心地の良さに感謝しております。本当にお世話になりました！　2026-07-12 19:34:16投稿 <a href=""https://img.travel.rakuten.co.jp/image/tr/api/re/gJNfM/?f_hotel_no=108571"" class=""3click"">つづきはこちら</a>",wa,くつろぎ和室（喫煙可）★Wi-Fi＆ウォーターサーバー無料★,3256981.0,【素泊りスタンダードプラン】１名4950円　※通年の基本料金プランです。,1,0,0,0,0,1,https://img.travel.rakuten.co.jp/image/tr/api/re/IdsCY/?f_no=108571&f_syu=wa&f_hi1=2026-07-22&f_hi2=2026-07-23&f_heya_su=1&f_otona_su=1&f_s1=0&f_s2=0&f_y1=0&f_y2=0&f_y3=0&f_y4=0&f_camp_id=3256981,0,2026-07-22,4950,4950,0,2026-07-22,chikuzen
109125,玄海旅館,https://img.travel.rakuten.co.jp/image/tr/api/re/pvonD/?f_no=109125,https://img.travel.rakuten.co.jp/image/tr/api/re/vFumt/?f_no=109125&f_flg=PLAN,https://img.travel.rakuten.co.jp/image/tr/api/re/WzozX/?noTomariHotel=109125,https://img.travel.rakuten.co.jp/image/tr/api/re/gJNfM/?f_hotel_no=109125,げんかいりょかん,2025年2月新館「神の湊通り」NEWオープン！！全24部屋・露天風呂客室は９部屋に。銭湯＆公民館BARもオープン♪,10500,121852.36,469758.94,811-3501,福岡県,宗像市神湊485-7,0940-62-0001,0940-62-2010,東郷駅からお車で１５分,有り　25台　無料　予約不要,東郷,https://img.travel.rakuten.co.jp/share/HOTEL/109125/109125.jpg,https://img.travel.rakuten.co.jp/HIMG/90/109125.jpg,https://img.travel.rakuten.co.jp/share/HOTEL/109125/109125_kya.jpg,https://img.travel.rakuten.co.jp/HIMG/INTERIOR/109125.jpg,https://img.travel.rakuten.co.jp/share/HOTEL/109125/109125map.gif,78.0,4.45,"他にも牛乳やコーヒー牛乳、アイス(ピノ)が食べ飲…　2026-07-16 11:08:43投稿 <a href=""https://img.travel.rakuten.co.jp/image/tr/api/re/gJNfM/?f_hotel_no=109125"" class=""3click"">つづきはこちら</a>",5,和室〈本館・オーシャンビュー・内風呂〉,6167366.0,【直前割】素泊まりプラン　銭湯＆ハッピアワー付☆,1,0,0,0,0,1,https://img.travel.rakuten.co.jp/image/tr/api/re/IdsCY/?f_no=109125&f_syu=5&f_hi1=2026-07-22&f_hi2=2026-07-23&f_heya_su=1&f_otona_su=1&f_s1=0&f_s2=0&f_y1=0&f_y2=0&f_y3=0&f_y4=0&f_camp_id=6167366,0,2026-07-22,18000,18000,0,2026-07-22,chikuzen
195514,Ｈａｇｕｒｕｍａ芦屋　＾,https://img.travel.rakuten.co.jp/image/tr/api/re/pvonD/?f_no=195514,https://img.travel.rakuten.co.jp/image/tr/api/re/vFumt/?f_no=195514&f_flg=PLAN,,https://img.travel.rakuten.co.jp/image/tr/api/re/gJNfM/?f_hotel_no=195514,,商店街の無人ゲストハウス。都会の喧騒を離れ、芦屋の生活を体験◎観光、出張、ワーケーションにも利用可能！,1934,121993.12,470419.27,807-0122,福岡県,遠賀郡芦屋町高浜町4-3　Ｈａｇｕｒｕｍａ芦屋,080-1794-8140,00-0000-0000,遠賀川駅より車で9分,あり,遠賀川,https://img.travel.rakuten.co.jp/share/HOTEL/195514/195514.jpg,https://img.travel.rakuten.co.jp/HIMG/90/195514.jpg,,,https://img.travel.rakuten.co.jp/share/HOTEL/195514/195514map.gif,1.0,,,1346732_2,一戸建て,6360216.0,畳ゲストルーム2名迄 / 自然豊かな芦屋町のゲストハウス / HAGURUMA ASHIYA 203,1,0,0,0,0,2,https://img.travel.rakuten.co.jp/image/tr/api/re/IdsCY/?f_no=195514&f_syu=1346732_2&f_hi1=2026-07-22&f_hi2=2026-07-23&f_heya_su=1&f_otona_su=1&f_s1=0&f_s2=0&f_y1=0&f_y2=0&f_y3=0&f_y4=0&f_camp_id=6360216,0,2026-07-22,4060,4060,0,2026-07-22,chikuzen
194027,ゲストハウス若水／民泊,https://img.travel.rakuten.co.jp/image/tr/api/re/pvonD/?f_no=194027,https://img.travel.rakuten.co.jp/image/tr/api/re/vFumt/?f_no=194027&f_flg=PLAN,,https://img.travel.rakuten.co.jp/image/tr/api/re/gJNfM/?f_hotel_no=194027,,国道３号線の近くで福岡市や北九州市の間に立地しているため観光に便利な一軒家の貸切です。【民泊】,5986,121453.93,469756.01,811-3115,福岡県,古賀市久保1165-2　Ｇｕｅｓｔ　Ｈｏｕｓｅ　Ｗａｋａｍｉｚｕ,090-4512-5698,000-000-0000,千鳥駅から徒歩で約５分,有り,千鳥,https://img.travel.rakuten.co.jp/share/HOTEL/194027/194027.jpg,https://img.travel.rakuten.co.jp/HIMG/90/194027.jpg,,,https://img.travel.rakuten.co.jp/share/HOTEL/194027/194027map.gif,2.0,,,r18625_9,一棟貸し,6184743.0,【禁煙】一軒家・交通便利・無料駐車・車3分大型ショッピングモール・10分高速・15分世界遺産・桜名所,1,0,0,0,0,2,https://img.travel.rakuten.co.jp/image/tr/api/re/IdsCY/?f_no=194027&f_syu=r18625_9&f_hi1=2026-07-22&f_hi2=2026-07-23&f_heya_su=1&f_otona_su=1&f_s1=0&f_s2=0&f_y1=0&f_y2=0&f_y3=0&f_y4=0&f_camp_id=6184743,0,2026-07-22,22968,22968,0,2026-07-22,chikuzen
1975,西鉄イン小倉,https://img.travel.rakuten.co.jp/image/tr/api/re/pvonD/?f_no=1975,https://img.travel.rakuten.co.jp/image/tr/api/re/vFumt/?f_no=1975&f_flg=PLAN,https://img.travel.rakuten.co.jp/image/tr/api/re/WzozX/?noTomariHotel=1975,https://img.travel.rakuten.co.jp/image/tr/api/re/gJNfM/?f_hotel_no=1975,にしてついん　こくら,【JR小倉駅から徒歩５分】大浴場・サウナ・水風呂でととのう駅近ホテル,5617,121970.5,471191.33,802-0003,福岡県,北九州市小倉北区米町1-4-11  ,093-511-5454,093-511-5424,JR小倉駅 小倉城口(モノレール側）より徒歩約5分　北九州空港・福岡空港より高速バスで1本,"有り（先着順・予約不可）　15時〜翌10時　1,200円（税込）　ハイルーフ枠有2.05mまで",小倉（福岡）,https://img.travel.rakuten.co.jp/share/HOTEL/1975/1975.jpg,https://img.travel.rakuten.co.jp/HIMG/90/1975.jpg,https://img.travel.rakuten.co.jp/share/HOTEL/1975/1975_r1.jpg,https://img.travel.rakuten.co.jp/HIMG/INTERIOR/1975.jpg,https://img.travel.rakuten.co.jp/share/HOTEL/1975/1975map.gif,6847.0,4.09,,s1-kkr,本館【喫煙】シングルルーム　ベッド幅120cm,3651988.0,【スタンダードプラン】直前予約OK！大浴場＆サウナで整う癒しのご褒美ステイ♪＜素泊まり＞,1,0,0,0,0,1,https://img.travel.rakuten.co.jp/image/tr/api/re/IdsCY/?f_no=1975&f_syu=s1-kkr&f_hi1=2026-07-22&f_hi2=2026-07-23&f_heya_su=1&f_otona_su=1&f_s1=0&f_s2=0&f_y1=0&f_y2=0&f_y3=0&f_y4=0&f_camp_id=3651988,0,2026-07-22,13910,13910,0,2026-07-22,kitakyusyu
151178,ダイワロイネットホテル小倉駅前,https://img.travel.rakuten.co.jp/image/tr/api/re/pvonD/?f_no=151178,https://img.travel.rakuten.co.jp/image/tr/api/re/vFumt/?f_no=151178&f_flg=PLAN,https://img.travel.rakuten.co.jp/image/tr/api/re/WzozX/?noTomariHotel=151178,https://img.travel.rakuten.co.jp/image/tr/api/re/gJNfM/?f_hotel_no=151178,だいわろいねっとほてるこくらえきまえ,『好立地！』魚町商店街まで徒歩1分！★チェックイン14：00～チェックアウト11：00★,6250,121972.65,471181.32,802-0006,福岡県,北九州市小倉北区魚町1-5-14,093-513-7580,093-513-7581,ＪＲ　小倉駅　小倉城口（南口）より徒歩にて約４分◆JR　博多駅から新幹線で約20分（ひと駅）◆モノレール沿い,"先着28台 1泊(14時〜翌11時) 1,300円（サイズ制限有)",小倉（福岡）,https://img.travel.rakuten.co.jp/share/HOTEL/151178/151178.jpg,https://img.travel.rakuten.co.jp/HIMG/90/151178.jpg,https://img.travel.rakuten.co.jp/share/HOTEL/151178/151178_kan1.jpg,https://img.travel.rakuten.co.jp/HIMG/INTERIOR/151178.jpg,https://img.travel.rakuten.co.jp/share/HOTEL/151178/151178map.gif,1566.0,4.46,"朝食はスタッフの方は良かったのです…　2026-07-12 09:15:41投稿 <a href=""https://img.travel.rakuten.co.jp/image/tr/api/re/gJNfM/?f_hotel_no=151178"" class=""3click"">つづきはこちら</a>",sdn00,◆広々快適18平米 スタンダードシングル　1名利用【禁煙】◆,3647645.0,シンプルステイプラン〜素泊まり〜　チェックイン14時から,1,0,0,0,0,1,https://img.travel.rakuten.co.jp/image/tr/api/re/IdsCY/?f_no=151178&f_syu=sdn00&f_hi1=2026-07-22&f_hi2=2026-07-23&f_heya_su=1&f_otona_su=1&f_s1=0&f_s2=0&f_y1=0&f_y2=0&f_y3=0&f_y4=0&f_camp_id=3647645,0,2026-07-22,14000,14000,0,2026-07-22,kitakyusyu
974,ＪＲ九州ステーションホテル小倉,https://img.travel.rakuten.co.jp/image/tr/api/re/pvonD/?f_no=974,https://img.travel.rakuten.co.jp/image/tr/api/re/vFumt/?f_no=974&f_flg=PLAN,https://img.travel.rakuten.co.jp/image/tr/api/re/WzozX/?noTomariHotel=974,https://img.travel.rakuten.co.jp/image/tr/api/re/gJNfM/?f_hotel_no=974,じぇいあーるきゅうしゅうすてーしょん　こくら,開業25年目にして最大規模の客室リニューアル！最上階をフルリニューアルし、一段上質な「スーペリアフロア」に進化。,5710,121980.84,471185.09,802-0001,福岡県,北九州市小倉北区浅野1-1-1,093-521-5031,093-512-0345,JR小倉駅上！！！駅直結で最高の立地。改札口を出てすぐにチェックイン。,有り　　370台　　１泊　1500円／宿泊者,小倉（福岡）,https://img.travel.rakuten.co.jp/share/HOTEL/974/974.jpg,https://img.travel.rakuten.co.jp/HIMG/90/974.jpg,https://img.travel.rakuten.co.jp/share/HOTEL/974/974_sgl.jpg,https://img.travel.rakuten.co.jp/HIMG/INTERIOR/974.jpg,https://img.travel.rakuten.co.jp/share/HOTEL/974/974map.gif,4114.0,4.36,,ns02,禁煙スタンダードルーム18.1平米,5320718.0,【事前決済限定☆素泊まり☆】自動チェックイン機導入！！QRコードでスマートチェックイン♪,1,0,0,0,0,2,https://img.travel.rakuten.co.jp/image/tr/api/re/IdsCY/?f_no=974&f_syu=ns02&f_hi1=2026-07-22&f_hi2=2026-07-23&f_heya_su=1&f_otona_su=1&f_s1=0&f_s2=0&f_y1=0&f_y2=0&f_y3=0&f_y4=0&f_camp_id=5320718,0,2026-07-22,14010,14010,0,2026-07-22,kitakyusyu
535,備長炭の湯　ホテルクラウンヒルズ小倉（ＢＢＨホテルグループ）,https://img.travel.rakuten.co.jp/image/tr/api/re/pvonD/?f_no=535,https://img.travel.rakuten.co.jp/image/tr/api/re/vFumt/?f_no=535&f_flg=PLAN,https://img.travel.rakuten.co.jp/image/tr/api/re/WzozX/?noTomariHotel=535,https://img.travel.rakuten.co.jp/image/tr/api/re/gJNfM/?f_hotel_no=535,びちょうたんのゆ　ほてるくらうんひるずこくら　ぶりーずべいほてるぐるーぷ,《大浴場、全室空気清浄機完備》小倉の繁華街の中心にあり★全国約170店舗展開中のBBHホテルグループ！,2900,121960.09,471189.64,802-0081,福岡県,北九州市小倉北区紺屋町8-5,050-1807-3607,093-521-4588,■ＪＲ鹿児島本線「小倉駅」小倉城口(旧南口)より徒歩約10分/新幹線「小倉駅」新幹線口(旧北口)より徒歩約12分です,８００円〜１，２００円／泊。時間・大きさ等によりご案内する駐車場が異なります。先着順の為、予約不可。,小倉（福岡）,https://img.travel.rakuten.co.jp/share/HOTEL/535/535.jpg,https://img.travel.rakuten.co.jp/HIMG/90/535.jpg,https://img.travel.rakuten.co.jp/share/HOTEL/535/535_heya.jpg,https://img.travel.rakuten.co.jp/HIMG/INTERIOR/535.jpg,https://img.travel.rakuten.co.jp/share/HOTEL/535/535map.gif,4079.0,3.79,,s1,【喫煙】シングル 13平米　120センチ幅ベッド,5377761.0,【スタンダード】素泊まりプラン★加湿空気清浄機完備♪,1,0,0,0,0,1,https://img.travel.rakuten.co.jp/image/tr/api/re/IdsCY/?f_no=535&f_syu=s1&f_hi1=2026-07-22&f_hi2=2026-07-23&f_heya_su=1&f_otona_su=1&f_s1=0&f_s2=0&f_y1=0&f_y2=0&f_y3=0&f_y4=0&f_camp_id=5377761,0,2026-07-22,9000,9000,0,2026-07-22,kitakyusyu
187613,スマイルホテル小倉,https://img.travel.rakuten.co.jp/image/tr/api/re/pvonD/?f_no=187613,https://img.travel.rakuten.co.jp/image/tr/api/re/vFumt/?f_no=187613&f_flg=PLAN,https://img.travel.rakuten.co.jp/image/tr/api/re/WzozX/?noTomariHotel=187613,https://img.travel.rakuten.co.jp/image/tr/api/re/gJNfM/?f_hotel_no=187613,すまいるほてるこくら,JR小倉駅南口より徒歩約7分・小倉駅からアーケード商店街沿いにあり・「小倉城」や「八坂神社」へ徒歩10分♪,3450,121977.58,471173.5,802-0002,福岡県,北九州市小倉北区京町1-6-31,093-330-6550,093-330-6551,JR小倉駅南口より徒歩約7分（商店街に入り、吉野家交差点右折、京町銀天街アーケード200ｍ先）,なし。提携駐車場「APパーク小倉駅前」自走式立体駐車場15時〜翌朝10時￥1000,小倉（福岡）,https://img.travel.rakuten.co.jp/share/HOTEL/187613/187613.jpg,https://img.travel.rakuten.co.jp/HIMG/90/187613.jpg,,,https://img.travel.rakuten.co.jp/share/HOTEL/187613/187613map.gif,466.0,4.06,"何かメ…　2026-07-16 17:35:32投稿 <a href=""https://img.travel.rakuten.co.jp/image/tr/api/re/gJNfM/?f_hotel_no=187613"" class=""3click"">つづきはこちら</a>",sn01,禁煙シングルルーム【ベッド幅150cm】,6142958.0,日にち限定割引プラン（素泊まり）【カード決済限定】,1,0,0,0,0,2,https://img.travel.rakuten.co.jp/image/tr/api/re/IdsCY/?f_no=187613&f_syu=sn01&f_hi1=2026-07-22&f_hi2=2026-07-23&f_heya_su=1&f_otona_su=1&f_s1=0&f_s2=0&f_y1=0&f_y2=0&f_y3=0&f_y4=0&f_camp_id=6142958,0,2026-07-22,8000,8000,0,2026-07-22,kitakyusyu
196483,ホテルリファレンス小倉駅前,https://img.travel.rakuten.co.jp/image/tr/api/re/pvonD/?f_no=196483,https://img.travel.rakuten.co.jp/image/tr/api/re/vFumt/?f_no=196483&f_flg=PLAN,https://img.travel.rakuten.co.jp/image/tr/api/re/WzozX/?noTomariHotel=196483,https://img.travel.rakuten.co.jp/image/tr/api/re/gJNfM/?f_hotel_no=196483,りふぁれんすこくらえきまえ,ＪＲ「小倉駅」から徒歩５分。北九州モノレール「平和通」から徒歩１分。２０２５年４月３０日（水）ＯＰＥＮ,4752,121969.57,471184.54,802-0004,福岡県,北九州市小倉北区鍛治町1-4-1,093-383-3090,--,ＪＲ　小倉駅より徒歩約５分,無し,小倉（福岡）,https://img.travel.rakuten.co.jp/share/HOTEL/196483/196483.jpg,https://img.travel.rakuten.co.jp/HIMG/90/196483.jpg,,,https://img.travel.rakuten.co.jp/share/HOTEL/196483/196483map.gif,284.0,4.22,"お部屋は靴を脱いでくつろげるスタイルで、清掃も行き届いていて気持ちよく過ごせました。お風呂も洗…　2026-07-20 18:58:58投稿 <a href=""https://img.travel.rakuten.co.jp/image/tr/api/re/gJNfM/?f_hotel_no=196483"" class=""3click"">つづきはこちら</a>",db01,【禁煙】ダブルルームB【DB】,6279077.0,【ショートステイ】【２１時〜翌日９時まで滞在可能】小倉駅から徒歩圏内！朝食付き！,1,0,0,1,0,1,https://img.travel.rakuten.co.jp/image/tr/api/re/IdsCY/?f_no=196483&f_syu=db01&f_hi1=2026-07-22&f_hi2=2026-07-23&f_heya_su=1&f_otona_su=1&f_s1=0&f_s2=0&f_y1=0&f_y2=0&f_y3=0&f_y4=0&f_camp_id=6279077,0,2026-07-22,10530,10530,0,2026-07-22,kitakyusyu
71937,コンフォートホテル小倉,https://img.travel.rakuten.co.jp/image/tr/api/re/pvonD/?f_no=71937,https://img.travel.rakuten.co.jp/image/tr/api/re/vFumt/?f_no=71937&f_flg=PLAN,https://img.travel.rakuten.co.jp/image/tr/api/re/WzozX/?noTomariHotel=71937,https://img.travel.rakuten.co.jp/image/tr/api/re/gJNfM/?f_hotel_no=71937,こんふぉーとほてるこくら,日替わりスムージーが人気★無料朝食サービスがイチオシのコスパ最強ホテル◆小倉駅新幹線口徒歩3分◆小学6年生まで添い寝無料,4450,121987.4,471177.26,802-0001,福岡県,北九州市小倉北区浅野2-6-21,093-512-8311,093-512-8312,◆JR小倉駅新幹線口から徒歩３分◆北九州空港からリムジンバスで約６０分◆門司港より電車で約２０分,■敷地内21台　1泊900円（税込/15：00〜翌10：00）先着順※途中入出庫不可,小倉（福岡）,https://img.travel.rakuten.co.jp/share/HOTEL/71937/71937.jpg,https://img.travel.rakuten.co.jp/HIMG/90/71937.jpg,https://img.travel.rakuten.co.jp/share/HOTEL/71937/71937_s.jpg,https://img.travel.rakuten.co.jp/HIMG/INTERIOR/71937.jpg,https://img.travel.rakuten.co.jp/share/HOTEL/71937/71937map.gif,5009.0,4.04,,nde,１ベッド◆ダブルエコノミー◆ ＜禁煙＞,4591593.0,自由気ままなComfort stay◆彩り豊かな朝食無料サービス◆,1,0,0,1,0,1,https://img.travel.rakuten.co.jp/image/tr/api/re/IdsCY/?f_no=71937&f_syu=nde&f_hi1=2026-07-22&f_hi2=2026-07-23&f_heya_su=1&f_otona_su=1&f_s1=0&f_s2=0&f_y1=0&f_y2=0&f_y3=0&f_y4=0&f_camp_id=4591593,0,2026-07-22,9000,9000,0,2026-07-22,kitakyusyu
111,リーガロイヤルホテル小倉,https://img.travel.rakuten.co.jp/image/tr/api/re/pvonD/?f_no=111,https://img.travel.rakuten.co.jp/image/tr/api/re/vFumt/?f_no=111&f_flg=PLAN,https://img.travel.rakuten.co.jp/image/tr/api/re/WzozX/?noTomariHotel=111,https://img.travel.rakuten.co.jp/image/tr/api/re/gJNfM/?f_hotel_no=111,りーがろいやるほてる　こくら,全室30平米以上・14階以上の高層シティホテル♪全室Wi-Fi無料！☆こだわりの朝食ブッフェ,7827,121986.38,471193.0,802-0001,福岡県,北九州市小倉北区浅野2-14-2,093-531-1121,093-521-2730,JR小倉駅新幹線口から直結徒歩3分、JR博多駅から新幹線で約15分、福岡空港からも好アクセス。,164台  1泊￥1600税込,小倉（福岡）,https://img.travel.rakuten.co.jp/share/HOTEL/111/111.jpg,https://img.travel.rakuten.co.jp/HIMG/90/111.jpg,https://img.travel.rakuten.co.jp/share/HOTEL/111/111_heya.jpg,https://img.travel.rakuten.co.jp/HIMG/INTERIOR/111.jpg,https://img.travel.rakuten.co.jp/share/HOTEL/111/111map.gif,4981.0,4.46,,twinn,14〜23階スーペリアフロア ツイン30平米,6561389.0,【事前決済限定】楽々お得なスマートチェックインプラン,1,0,0,0,0,2,https://img.travel.rakuten.co.jp/image/tr/api/re/IdsCY/?f_no=111&f_syu=twinn&f_hi1=2026-07-22&f_hi2=2026-07-23&f_heya_su=1&f_otona_su=1&f_s1=0&f_s2=0&f_y1=0&f_y2=0&f_y3=0&f_y4=0&f_camp_id=6561389,0,2026-07-22,12708,12708,0,2026-07-22,kitakyusyu
189039,東横ＩＮＮ小倉駅北口,https://img.travel.rakuten.co.jp/image/tr/api/re/pvonD/?f_no=189039,https://img.travel.rakuten.co.jp/image/tr/api/re/vFumt/?f_no=189039&f_flg=PLAN,https://img.travel.rakuten.co.jp/image/tr/api/re/WzozX/?noTomariHotel=189039,https://img.travel.rakuten.co.jp/image/tr/api/re/gJNfM/?f_hotel_no=189039,とうよこいんこくらえききたぐち,2024年3月に東横INNがNEWオープン！小倉駅から徒歩圏内で好立地！,4834,121984.85,471202.45,802-0001,福岡県,北九州市小倉北区浅野2-16-21,093-513-1075,093-513-1085,小倉駅新幹線口（北口）より徒歩７分,39台収容、先着順・有料  料金：￥800 / 1泊  14時から入庫可能,小倉（福岡）,https://img.travel.rakuten.co.jp/share/HOTEL/189039/189039.jpg,https://img.travel.rakuten.co.jp/HIMG/90/189039.jpg,,,https://img.travel.rakuten.co.jp/share/HOTEL/189039/189039map.gif,399.0,4.24,"高層階からの眺望が良いホテルです。部屋も清潔感があり、過ごしやすいです。無料朝食も魅力の一つだと思います。　2026-07-20 16:54:10投稿 <a href=""https://img.travel.rakuten.co.jp/image/tr/api/re/gJNfM/?f_hotel_no=189039"" class=""3click"">つづきはこちら</a>",wsk,禁煙ワイドスペースシングル,6500579.0,【楽天月末セール】朝食付★いつでも安心価格♪ビジネス・レジャーに！禁煙ワイドスペースシングル,1,0,0,1,0,1,https://img.travel.rakuten.co.jp/image/tr/api/re/IdsCY/?f_no=189039&f_syu=wsk&f_hi1=2026-07-22&f_hi2=2026-07-23&f_heya_su=1&f_otona_su=1&f_s1=0&f_s2=0&f_y1=0&f_y2=0&f_y3=0&f_y4=0&f_camp_id=6500579,0,2026-07-22,7714,7714,0,2026-07-22,kitakyusyu
11312,西鉄イン黒崎,https://img.travel.rakuten.co.jp/image/tr/api/re/pvonD/?f_no=11312,https://img.travel.rakuten.co.jp/image/tr/api/re/vFumt/?f_no=11312&f_flg=PLAN,https://img.travel.rakuten.co.jp/image/tr/api/re/WzozX/?noTomariHotel=11312,https://img.travel.rakuten.co.jp/image/tr/api/re/gJNfM/?f_hotel_no=11312,にしてついん　くろさき,【黒崎駅から徒歩2分】大浴場完備、Ｗｉ－Ｆｉ完備、コンビニ徒歩１分の好立地,4550,121906.72,470760.99,806-0021,福岡県,北九州市八幡西区黒崎3-15-3,093-645-5454,093-645-5281,ＪＲ黒崎駅～徒歩で約2分　ＪＲ小倉駅～JRで約16分　北九州空港～高速バスで直結（約50分・黒崎BC下車）,"コムシティ立体駐車場（市営黒崎駅西駐車場）1泊1,000円　セイワパーク1泊1,000円",黒崎,https://img.travel.rakuten.co.jp/share/HOTEL/11312/11312.jpg,https://img.travel.rakuten.co.jp/HIMG/90/11312.jpg,https://img.travel.rakuten.co.jp/share/HOTEL/11312/11312_room.jpg,https://img.travel.rakuten.co.jp/HIMG/INTERIOR/11312.jpg,https://img.travel.rakuten.co.jp/share/HOTEL/11312/11312map.gif,3160.0,4.22,,sgl,【喫煙】シングルルーム　ベッド幅123cm,6087858.0,【事前決済限定】自動チェックイン機でスピードチェックイン！大浴場でゆったり満喫♪＜素泊まり＞,1,0,0,0,0,2,https://img.travel.rakuten.co.jp/image/tr/api/re/IdsCY/?f_no=11312&f_syu=sgl&f_hi1=2026-07-22&f_hi2=2026-07-23&f_heya_su=1&f_otona_su=1&f_s1=0&f_s2=0&f_y1=0&f_y2=0&f_y3=0&f_y4=0&f_camp_id=6087858,0,2026-07-22,12000,12000,0,2026-07-22,kitakyusyu
79492,ＨＯＴＥＬ　ＡＺ　北九州小倉店,https://img.travel.rakuten.co.jp/image/tr/api/re/pvonD/?f_no=79492,https://img.travel.rakuten.co.jp/image/tr/api/re/vFumt/?f_no=79492&f_flg=PLAN,https://img.travel.rakuten.co.jp/image/tr/api/re/WzozX/?noTomariHotel=79492,https://img.travel.rakuten.co.jp/image/tr/api/re/gJNfM/?f_hotel_no=79492,ほてる　えーぜっと　きたきゅうしゅうこくらてん,★無料駐車場254台完備♪大型車は有料。★朝食無料♪★小倉コロナワールドへは徒歩3分。★全室Ｗｉ-Ｆｉ・ＬＡＮ接続無料,5370,122023.83,471084.62,803-0801,福岡県,北九州市小倉北区西港町30-7,093-562-3311,093-562-3312,★JR小倉駅北口から車で10分 ★北九州都市高速　日明ＩＣ出口より１分（300ｍ）,無料駐車場254台あり　普通車：予約不要 、大型バス・2ｔ以上有料（予約制）,小倉（福岡）,https://img.travel.rakuten.co.jp/share/HOTEL/79492/79492.jpg,https://img.travel.rakuten.co.jp/HIMG/90/79492.jpg,https://img.travel.rakuten.co.jp/share/HOTEL/79492/79492_si.jpg,https://img.travel.rakuten.co.jp/HIMG/INTERIOR/79492.jpg,https://img.travel.rakuten.co.jp/share/HOTEL/79492/79492map.gif,882.0,4.06,"朝食付きでこの価格は大変満足してます。これからも利用する機会があると思いますので是非利用させていただきたいと思います。　2026-07-19 09:24:50投稿 <a href=""https://img.travel.rakuten.co.jp/image/tr/api/re/gJNfM/?f_hotel_no=79492"" class=""3click"">つづきはこちら</a>",s,【喫煙】シングル,6386221.0,【宿泊税込】スタンダードプラン（朝食サービス）,1,0,0,1,0,1,https://img.travel.rakuten.co.jp/image/tr/api/re/IdsCY/?f_no=79492&f_syu=s&f_hi1=2026-07-22&f_hi2=2026-07-23&f_heya_su=1&f_otona_su=1&f_s1=0&f_s2=0&f_y1=0&f_y2=0&f_y3=0&f_y4=0&f_camp_id=6386221,0,2026-07-22,6580,6580,0,2026-07-22,kitakyusyu
187260,ディライトステイ黒崎駅前,https://img.travel.rakuten.co.jp/image/tr/api/re/pvonD/?f_no=187260,https://img.travel.rakuten.co.jp/image/tr/api/re/vFumt/?f_no=187260&f_flg=PLAN,https://img.travel.rakuten.co.jp/image/tr/api/re/WzozX/?noTomariHotel=187260,https://img.travel.rakuten.co.jp/image/tr/api/re/gJNfM/?f_hotel_no=187260,でいらいとすていくろさきえきまえ,JR黒崎駅より徒歩1分。ビジネスに、観光に、様々な目的のため幅広くご利用いただけます。,3400,121905.68,470764.14,806-0021,福岡県,北九州市八幡西区黒崎3-7-19,093-616-9888,093-616-9933,JR黒崎駅より徒歩1分,有り　2台　先着順　1泊1000円,黒崎,https://img.travel.rakuten.co.jp/share/HOTEL/187260/187260.jpg,https://img.travel.rakuten.co.jp/HIMG/90/187260.jpg,,,https://img.travel.rakuten.co.jp/share/HOTEL/187260/187260map.gif,489.0,4.54,"駅から近い。家に帰ってきた感じでくつろげました。コスパもいいし、長期滞在でも家電が揃っているのでとてもいいと思います。内装も綺麗です。　2026-07-20 13:14:12投稿 <a href=""https://img.travel.rakuten.co.jp/image/tr/api/re/gJNfM/?f_hotel_no=187260"" class=""3click"">つづきはこちら</a>",0004,スタンダード　カップル　喫煙,5833138.0,カップル　ホテルプラン喫煙(1泊〜）,1,0,0,0,0,1,https://img.travel.rakuten.co.jp/image/tr/api/re/IdsCY/?f_no=187260&f_syu=0004&f_hi1=2026-07-22&f_hi2=2026-07-23&f_heya_su=1&f_otona_su=1&f_s1=0&f_s2=0&f_y1=0&f_y2=0&f_y3=0&f_y4=0&f_camp_id=5833138,0,2026-07-22,6800,6800,0,2026-07-22,kitakyusyu
70237,東横ＩＮＮ小倉駅南口,https://img.travel.rakuten.co.jp/image/tr/api/re/pvonD/?f_no=70237,https://img.travel.rakuten.co.jp/image/tr/api/re/vFumt/?f_no=70237&f_flg=PLAN,https://img.travel.rakuten.co.jp/image/tr/api/re/WzozX/?noTomariHotel=70237,https://img.travel.rakuten.co.jp/image/tr/api/re/gJNfM/?f_hotel_no=70237,とうよこいんこくらえきみなみぐち,西日本総合展示場/国際会議場まで車で3分の立地で出発を応援！朝食・小学生以下添い寝無料で安心空間を提供いたします,5933,121974.44,471193.95,802-0002,福岡県,北九州市小倉北区京町3-14-6,093-511-1045,093-511-1044,ＪＲ　小倉駅「南口」より徒歩にて３分,有り　立体式30台　500円（税込み/泊）　先着順,小倉（福岡）,https://img.travel.rakuten.co.jp/share/HOTEL/70237/70237.jpg,https://img.travel.rakuten.co.jp/HIMG/90/70237.jpg,https://img.travel.rakuten.co.jp/share/HOTEL/70237/70237_shin.jpg,https://img.travel.rakuten.co.jp/HIMG/INTERIOR/70237.jpg,https://img.travel.rakuten.co.jp/share/HOTEL/70237/70237map.gif,508.0,4.17,,w,喫煙ダブル,2708738.0,★【無料の元気朝食付】いつでも安心価格♪ビジネス・レジャーに！ 喫煙ダブル,1,0,0,1,0,1,https://img.travel.rakuten.co.jp/image/tr/api/re/IdsCY/?f_no=70237&f_syu=w&f_hi1=2026-07-22&f_hi2=2026-07-23&f_heya_su=1&f_otona_su=1&f_s1=0&f_s2=0&f_y1=0&f_y2=0&f_y3=0&f_y4=0&f_camp_id=2708738,0,2026-07-22,11865,11865,0,2026-07-22,kitakyusyu
378,アーバンプレイスイン小倉,https://img.travel.rakuten.co.jp/image/tr/api/re/pvonD/?f_no=378,https://img.travel.rakuten.co.jp/image/tr/api/re/vFumt/?f_no=378&f_flg=PLAN,https://img.travel.rakuten.co.jp/image/tr/api/re/WzozX/?noTomariHotel=378,https://img.travel.rakuten.co.jp/image/tr/api/re/gJNfM/?f_hotel_no=378,あーばんぷれいすいんこくら,繁華街に隣接！コンビニ徒歩３０秒・ドン・キホーテ徒歩７分・ネット接続可・ウォシュレット完備・電子レンジ有,2240,121954.67,471191.54,802-0081,福岡県,北九州市小倉北区紺屋町11-20,093-551-7331,093-551-7333,■ＪＲ小倉駅より徒歩約１2分■モノレール旦過（たんが）駅より徒歩5分■北九州都市高速足立ＩＣからお車で約3分,"アプロパーク紺屋町(提携駐車場)※予約不可、入庫後24時間1,000円で出庫できる駐車券を販売",小倉（福岡）,https://img.travel.rakuten.co.jp/share/HOTEL/378/378.jpg,https://img.travel.rakuten.co.jp/HIMG/90/378.jpg,https://img.travel.rakuten.co.jp/share/HOTEL/378/378_sgl.jpg,https://img.travel.rakuten.co.jp/HIMG/INTERIOR/378.jpg,https://img.travel.rakuten.co.jp/share/HOTEL/378/378map.gif,2238.0,3.91,,stn,スタンダードツイン(禁煙),5347862.0,【お日にち限定・素泊まりプラン】グループ旅行や家族旅行に最適♪,1,0,0,0,0,1,https://img.travel.rakuten.co.jp/image/tr/api/re/IdsCY/?f_no=378&f_syu=stn&f_hi1=2026-07-22&f_hi2=2026-07-23&f_heya_su=1&f_otona_su=1&f_s1=0&f_s2=0&f_y1=0&f_y2=0&f_y3=0&f_y4=0&f_camp_id=5347862,0,2026-07-22,6400,6400,0,2026-07-22,kitakyusyu
78112,アルクイン黒崎ＰＬＵＳ,https://img.travel.rakuten.co.jp/image/tr/api/re/pvonD/?f_no=78112,https://img.travel.rakuten.co.jp/image/tr/api/re/vFumt/?f_no=78112&f_flg=PLAN,https://img.travel.rakuten.co.jp/image/tr/api/re/WzozX/?noTomariHotel=78112,https://img.travel.rakuten.co.jp/image/tr/api/re/gJNfM/?f_hotel_no=78112,あるくいんくろさきぷらす,【黒崎駅から徒歩３分】繁華街の中心シンプルモダンなビジネスホテル。全室Wi-Fi接続無料！日替わりカレー＆朝食サービス！,4655,121898.6,470767.19,806-0021,福岡県,北九州市八幡西区黒崎2-10-2,093-632-8700,093-632-8778,【ＪＲ黒崎駅より徒歩にて３分】 黒崎の駅前中心部、コンビニ近く、飲食店、繁華街も側近で便利です,有り　提携駐車場【三和パーキング】◎1泊1000円【35台※先着順】,黒崎,https://img.travel.rakuten.co.jp/share/HOTEL/78112/78112.jpg,https://img.travel.rakuten.co.jp/HIMG/90/78112.jpg,https://img.travel.rakuten.co.jp/share/HOTEL/78112/78112_sin.jpg,https://img.travel.rakuten.co.jp/HIMG/INTERIOR/78112.jpg,https://img.travel.rakuten.co.jp/share/HOTEL/78112/78112map.gif,1554.0,4.19,,ns,【禁煙】★１ベッドルーム（セミダブル122ｃｍ幅）★,6108280.0,★【ポイント２倍】シーズンレートプラン　軽朝食サービス付き★,2,0,0,1,0,1,https://img.travel.rakuten.co.jp/image/tr/api/re/IdsCY/?f_no=78112&f_syu=ns&f_hi1=2026-07-22&f_hi2=2026-07-23&f_heya_su=1&f_otona_su=1&f_s1=0&f_s2=0&f_y1=0&f_y2=0&f_y3=0&f_y4=0&f_camp_id=6108280,0,2026-07-22,7900,7900,0,2026-07-22,kitakyusyu
107728,Ｔａｂｉｓｔ　ホテルテトラ　北九州,https://img.travel.rakuten.co.jp/image/tr/api/re/pvonD/?f_no=107728,https://img.travel.rakuten.co.jp/image/tr/api/re/vFumt/?f_no=107728&f_flg=PLAN,https://img.travel.rakuten.co.jp/image/tr/api/re/WzozX/?noTomariHotel=107728,https://img.travel.rakuten.co.jp/image/tr/api/re/gJNfM/?f_hotel_no=107728,たびすと　ほてるてとら　きたきゅうしゅう,JR小倉駅より徒歩7分の好立地！岩盤サウナ・大浴場完備！コンビニ徒歩0分。ビジネスや観光の拠点におすすめです♪,3800,121966.79,471192.41,802-0004,福岡県,北九州市小倉北区鍛冶町1-9-8,093-531-3111,093-531-3190,JR小倉駅より徒歩7分。南口を出てモノレール沿いを進み、交差点左角の福岡ひびき信用金庫より左折。そのまま道なり。,・ホテル周辺にコインパーキングあり,小倉（福岡）,https://img.travel.rakuten.co.jp/share/HOTEL/107728/107728.jpg,https://img.travel.rakuten.co.jp/HIMG/90/107728.jpg,https://img.travel.rakuten.co.jp/share/HOTEL/107728/107728_sin.jpg,https://img.travel.rakuten.co.jp/HIMG/INTERIOR/107728.jpg,https://img.travel.rakuten.co.jp/share/HOTEL/107728/107728map.gif,3266.0,3.68,"朝食のパンは食べ応えもありますし、大変満足です！　2026-07-19 18:14:47投稿 <a href=""https://img.travel.rakuten.co.jp/image/tr/api/re/gJNfM/?f_hotel_no=107728"" class=""3click"">つづきはこちら</a>",sm_semid,【喫煙】セミダブルルーム,6266463.0,【楽天スーパーSALE】シンプル素泊りプラン【大浴場無料 × 小倉駅から7分の好立】,1,0,0,0,0,1,https://img.travel.rakuten.co.jp/image/tr/api/re/IdsCY/?f_no=107728&f_syu=sm_semid&f_hi1=2026-07-22&f_hi2=2026-07-23&f_heya_su=1&f_otona_su=1&f_s1=0&f_s2=0&f_y1=0&f_y2=0&f_y3=0&f_y4=0&f_camp_id=6266463,0,2026-07-22,7410,7410,0,2026-07-22,kitakyusyu
137993,ホテル１ー２ー３小倉,https://img.travel.rakuten.co.jp/image/tr/api/re/pvonD/?f_no=137993,https://img.travel.rakuten.co.jp/image/tr/api/re/vFumt/?f_no=137993&f_flg=PLAN,https://img.travel.rakuten.co.jp/image/tr/api/re/WzozX/?noTomariHotel=137993,https://img.travel.rakuten.co.jp/image/tr/api/re/gJNfM/?f_hotel_no=137993,わんつーすりーこくら,★小倉で唯一１階にファミリーマートがあるホテル★全館Ｗｉ－Ｆｉ無料！小倉の中心街にありビジネスや観光に大変便利な立地,2975,121958.26,471178.65,802-0082,福岡県,北九州市小倉北区古船場1-1,093-513-0018,093-513-1018,ＪＲ小倉駅から北九州モノレールで２駅（１００円）旦過駅下車０分（目の前）,提携駐車場有り　【中央第一駐車場】（14：00〜11：00　1000円/1泊）,小倉（福岡）,https://img.travel.rakuten.co.jp/share/HOTEL/137993/137993.jpg,https://img.travel.rakuten.co.jp/HIMG/90/137993.jpg,https://img.travel.rakuten.co.jp/share/HOTEL/137993/137993_kya.jpg,https://img.travel.rakuten.co.jp/HIMG/INTERIOR/137993.jpg,https://img.travel.rakuten.co.jp/share/HOTEL/137993/137993map.gif,1126.0,3.49,"また利用します　2026-07-20 07:44:51投稿 <a href=""https://img.travel.rakuten.co.jp/image/tr/api/re/gJNfM/?f_hotel_no=137993"" class=""3click"">つづきはこちら</a>",oman,部屋タイプおまかせ★禁煙室,4714619.0,【部屋タイプおまかせ】割引プラン（クレジット利用可 ）　※朝食無料,1,0,0,0,0,1,https://img.travel.rakuten.co.jp/image/tr/api/re/IdsCY/?f_no=137993&f_syu=oman&f_hi1=2026-07-22&f_hi2=2026-07-23&f_heya_su=1&f_otona_su=1&f_s1=0&f_s2=0&f_y1=0&f_y2=0&f_y3=0&f_y4=0&f_camp_id=4714619,0,2026-07-22,7000,7000,0,2026-07-22,kitakyusyu
108386,東横ＩＮＮ小倉駅新幹線口,https://img.travel.rakuten.co.jp/image/tr/api/re/pvonD/?f_no=108386,https://img.travel.rakuten.co.jp/image/tr/api/re/vFumt/?f_no=108386&f_flg=PLAN,https://img.travel.rakuten.co.jp/image/tr/api/re/WzozX/?noTomariHotel=108386,https://img.travel.rakuten.co.jp/image/tr/api/re/gJNfM/?f_hotel_no=108386,とうよこいんこくらえきしんかんせんぐち,小倉城まで車で5分の立地で出発を応援！朝食・小学生以下添い寝無料で安心空間を提供いたします,5040,121978.65,471203.36,802-0001,福岡県,北九州市小倉北区浅野2-18-18,093-541-1045,093-541-1044,JR小倉駅新幹線口（北口）から徒歩5分,駐車場有　先着30台　1泊500円　,小倉（福岡）,https://img.travel.rakuten.co.jp/share/HOTEL/108386/108386.jpg,https://img.travel.rakuten.co.jp/HIMG/90/108386.jpg,https://img.travel.rakuten.co.jp/share/HOTEL/108386/108386room1.jpg,https://img.travel.rakuten.co.jp/HIMG/INTERIOR/108386.jpg,https://img.travel.rakuten.co.jp/share/HOTEL/108386/108386map.gif,434.0,4.04,"事前に連絡をし、同一顧客の…　2026-07-20 05:39:34投稿 <a href=""https://img.travel.rakuten.co.jp/image/tr/api/re/gJNfM/?f_hotel_no=108386"" class=""3click"">つづきはこちら</a>",sk,禁煙シングル,2736518.0,★【無料の元気朝食付】いつでも安心価格♪ビジネス・レジャーに！ 禁煙シングル,1,0,0,1,0,1,https://img.travel.rakuten.co.jp/image/tr/api/re/IdsCY/?f_no=108386&f_syu=sk&f_hi1=2026-07-22&f_hi2=2026-07-23&f_heya_su=1&f_otona_su=1&f_s1=0&f_s2=0&f_y1=0&f_y2=0&f_y3=0&f_y4=0&f_camp_id=2736518,0,2026-07-22,7980,7980,0,2026-07-22,kitakyusyu
16289,アーバンホテル　かじまち,https://img.travel.rakuten.co.jp/image/tr/api/re/pvonD/?f_no=16289,https://img.travel.rakuten.co.jp/image/tr/api/re/vFumt/?f_no=16289&f_flg=PLAN,https://img.travel.rakuten.co.jp/image/tr/api/re/WzozX/?noTomariHotel=16289,https://img.travel.rakuten.co.jp/image/tr/api/re/gJNfM/?f_hotel_no=16289,あーばんほてる　かじまち,ＪＲ小倉駅南口から徒歩5分。立地は最高。ホテル周辺は小倉の味を代表する名店が勢揃い。森鴎外旧居・小倉城徒歩圏内。,3000,121967.75,471188.69,802-0004,福岡県,北九州市小倉北区鍛冶町1-5-13,093-551-8881,093-551-9888,◆ＪＲ小倉駅南口を出て、モノレール通り小倉駅前交差点を左折。詳しくはトップ画面アクセスページでご確認を◆,"提携駐車場有り。800円〜1,000円※駐車場先で料金・時間帯等の内容が異なる。",小倉（福岡）,https://img.travel.rakuten.co.jp/share/HOTEL/16289/16289.jpg,https://img.travel.rakuten.co.jp/HIMG/90/16289.jpg,https://img.travel.rakuten.co.jp/share/HOTEL/16289/16289_sig.jpg,https://img.travel.rakuten.co.jp/HIMG/INTERIOR/16289.jpg,https://img.travel.rakuten.co.jp/share/HOTEL/16289/16289map.gif,1065.0,3.89,"繁華街に近く、飲むのには最適　2026-07-14 16:35:21投稿 <a href=""https://img.travel.rakuten.co.jp/image/tr/api/re/gJNfM/?f_hotel_no=16289"" class=""3click"">つづきはこちら</a>",s11,シングル（喫煙室）,1644868.0,スタンダードプラン【シングル素泊まり】♪ダブルベッドでゆったり♪,1,0,0,0,0,1,https://img.travel.rakuten.co.jp/image/tr/api/re/IdsCY/?f_no=16289&f_syu=s11&f_hi1=2026-07-22&f_hi2=2026-07-23&f_heya_su=1&f_otona_su=1&f_s1=0&f_s2=0&f_y1=0&f_y2=0&f_y3=0&f_y4=0&f_camp_id=1644868,0,2026-07-22,6000,6000,0,2026-07-22,kitakyusyu
38274,ホテルルートイン門司港,https://img.travel.rakuten.co.jp/image/tr/api/re/pvonD/?f_no=38274,https://img.travel.rakuten.co.jp/image/tr/api/re/vFumt/?f_no=38274&f_flg=PLAN,https://img.travel.rakuten.co.jp/image/tr/api/re/WzozX/?noTomariHotel=38274,https://img.travel.rakuten.co.jp/image/tr/api/re/gJNfM/?f_hotel_no=38274,るーといん　もじこう,◆関門海峡一望の9階展望大浴場◆朝食・駐車場無料◆夕食レストラン「ふぐ鍋」「もつ鍋」他御膳ものなど,4975,122171.6,471437.65,801-0841,福岡県,北九州市門司区西海岸2丁目11-2,093-322-1111,093-322-3211,門司港駅より徒歩15～20分（車で２分）小倉駅より車で15分,無料駐車場７７台完備 予約不要　（ワゴンタイプOK！）　,門司港,https://img.travel.rakuten.co.jp/share/HOTEL/38274/38274.jpg,https://img.travel.rakuten.co.jp/HIMG/90/38274.jpg,https://img.travel.rakuten.co.jp/share/HOTEL/38274/38274_tw.jpg,https://img.travel.rakuten.co.jp/HIMG/INTERIOR/38274.jpg,https://img.travel.rakuten.co.jp/share/HOTEL/38274/38274map.gif,1686.0,4.09,"サービスも良いです。　2026-07-20 21:35:17投稿 <a href=""https://img.travel.rakuten.co.jp/image/tr/api/re/gJNfM/?f_hotel_no=38274"" class=""3click"">つづきはこちら</a>",ss01,【喫煙】シングルルーム ベット幅140,5049831.0,【朝食付・事前カード決済がお得で早い・駐車場無料】スムーズにお部屋へ　◆展望大浴場◆,1,0,0,1,0,2,https://img.travel.rakuten.co.jp/image/tr/api/re/IdsCY/?f_no=38274&f_syu=ss01&f_hi1=2026-07-22&f_hi2=2026-07-23&f_heya_su=1&f_otona_su=1&f_s1=0&f_s2=0&f_y1=0&f_y2=0&f_y3=0&f_y4=0&f_camp_id=5049831,0,2026-07-22,8000,8000,0,2026-07-22,kitakyusyu
70708,ＨＯＴＥＬ　ＡＺ　北九州八幡店,https://img.travel.rakuten.co.jp/image/tr/api/re/pvonD/?f_no=70708,https://img.travel.rakuten.co.jp/image/tr/api/re/vFumt/?f_no=70708&f_flg=PLAN,https://img.travel.rakuten.co.jp/image/tr/api/re/WzozX/?noTomariHotel=70708,https://img.travel.rakuten.co.jp/image/tr/api/re/gJNfM/?f_hotel_no=70708,ほてる　えーぜっと　きゅうしゅうやばたてん,ＪＲ八幡駅～徒歩５分☆都市高速出口そば☆無料駐車場先着１２７台！☆全室Wi-Fi・LAN接続無料☆朝食無料,5370,121923.25,470867.38,805-0071,福岡県,北九州市八幡東区東田1-7-7,093-663-3301,093-663-3303,ＪＲ八幡駅より徒歩５分（ＪＲ黒崎駅～1駅） 北九州都市高速『大谷ＪＣ 東田出口』目の前 黒崎駅～車で約10分,無料駐車場147台あり　普通車：予約不要 、中型車・大型車：要予約（有料）,八幡（福岡）,https://img.travel.rakuten.co.jp/share/HOTEL/70708/70708.jpg,https://img.travel.rakuten.co.jp/HIMG/90/70708.jpg,https://img.travel.rakuten.co.jp/share/HOTEL/70708/70708_kya.jpg,https://img.travel.rakuten.co.jp/HIMG/INTERIOR/70708.jpg,https://img.travel.rakuten.co.jp/share/HOTEL/70708/70708map.gif,1580.0,4.02,,sb,【禁煙】シングル,6386238.0,【宿泊税込】スタンダードプラン（朝食サービス）,1,0,0,1,0,1,https://img.travel.rakuten.co.jp/image/tr/api/re/IdsCY/?f_no=70708&f_syu=sb&f_hi1=2026-07-22&f_hi2=2026-07-23&f_heya_su=1&f_otona_su=1&f_s1=0&f_s2=0&f_y1=0&f_y2=0&f_y3=0&f_y4=0&f_camp_id=6386238,0,2026-07-22,6580,6580,0,2026-07-22,kitakyusyu
1940,ホテルクラウンパレス北九州,https://img.travel.rakuten.co.jp/image/tr/api/re/pvonD/?f_no=1940,https://img.travel.rakuten.co.jp/image/tr/api/re/vFumt/?f_no=1940&f_flg=PLAN,https://img.travel.rakuten.co.jp/image/tr/api/re/WzozX/?noTomariHotel=1940,https://img.travel.rakuten.co.jp/image/tr/api/re/gJNfM/?f_hotel_no=1940,くらうんぱれすきたきゅうしゅう,黒崎駅からお車で5分（徒歩約15分）☆ご宿泊者無料の平面駐車場完備！朝食は40品目以上の和洋バイキング♪,4840,121876.54,470751.68,806-8585,福岡県,北九州市八幡西区東曲里町3-1,093-631-7710,093-631-1148,JR黒崎駅下車（小倉駅より約20分~25分・博多駅より特急で約30分）タクシーでわずか5分　ホテル⇔北九州空港　バス有り,"普通車無料（先着順）／大型車（8トン以上）1台1泊5,500円（税込）※要予約",黒崎,https://img.travel.rakuten.co.jp/share/HOTEL/1940/1940.jpg,https://img.travel.rakuten.co.jp/HIMG/90/1940.jpg,https://img.travel.rakuten.co.jp/share/HOTEL/1940/1940_s.jpg,https://img.travel.rakuten.co.jp/HIMG/INTERIOR/1940.jpg,https://img.travel.rakuten.co.jp/share/HOTEL/1940/1940map.gif,1710.0,3.99,,omks01,おまかせルーム＜喫煙＞,4404861.0,☆【お部屋タイプおまかせ♪】ゆったりおひとり北九州ステイ＜素泊り＞,1,0,0,0,0,1,https://img.travel.rakuten.co.jp/image/tr/api/re/IdsCY/?f_no=1940&f_syu=omks01&f_hi1=2026-07-22&f_hi2=2026-07-23&f_heya_su=1&f_otona_su=1&f_s1=0&f_s2=0&f_y1=0&f_y2=0&f_y3=0&f_y4=0&f_camp_id=4404861,0,2026-07-22,7370,7370,0,2026-07-22,kitakyusyu
3164,プレミアホテル門司港,https://img.travel.rakuten.co.jp/image/tr/api/re/pvonD/?f_no=3164,https://img.travel.rakuten.co.jp/image/tr/api/re/vFumt/?f_no=3164&f_flg=PLAN,https://img.travel.rakuten.co.jp/image/tr/api/re/WzozX/?noTomariHotel=3164,https://img.travel.rakuten.co.jp/image/tr/api/re/gJNfM/?f_hotel_no=3164,もじこうほてる,門司港駅から徒歩2分！門司港レトロ地区の中心に位置するデザイナーズホテル♪高評価ブッフェ朝食と客室からの眺望が自慢！,5015,122195.69,471472.7,801-8503,福岡県,北九州市門司区港町9-11,093-321-1111,093-321-7111,【JR】 門司港駅から徒歩約2分（JR小倉駅から3駅15分で門司港駅到着）、【車】九州自動車道門司ICから約8分,"65台　1泊\1,100円（税込） ／ チェックアウト日の12時まで駐車可能です",門司港,https://img.travel.rakuten.co.jp/share/HOTEL/3164/3164.jpg,https://img.travel.rakuten.co.jp/HIMG/90/3164.jpg,https://img.travel.rakuten.co.jp/share/HOTEL/3164/3164_heya1.jpg,https://img.travel.rakuten.co.jp/HIMG/INTERIOR/3164.jpg,https://img.travel.rakuten.co.jp/share/HOTEL/3164/3164map.gif,3581.0,4.46,,twnb,ツイン 『レトロ街側』22平米/BED110cm x 2台,5081684.0,【スタンダード】シンプルステイ 素泊まりプラン（食事なし）,1,0,0,0,0,1,https://img.travel.rakuten.co.jp/image/tr/api/re/IdsCY/?f_no=3164&f_syu=twnb&f_hi1=2026-07-22&f_hi2=2026-07-23&f_heya_su=1&f_otona_su=1&f_s1=0&f_s2=0&f_y1=0&f_y2=0&f_y3=0&f_y4=0&f_camp_id=5081684,0,2026-07-22,14200,14200,0,2026-07-22,kitakyusyu
168783,アートホテル小倉　ニュータガワ,https://img.travel.rakuten.co.jp/image/tr/api/re/pvonD/?f_no=168783,https://img.travel.rakuten.co.jp/image/tr/api/re/vFumt/?f_no=168783&f_flg=PLAN,https://img.travel.rakuten.co.jp/image/tr/api/re/WzozX/?noTomariHotel=168783,https://img.travel.rakuten.co.jp/image/tr/api/re/gJNfM/?f_hotel_no=168783,あーとほてるこくら　にゅーたがわ,小倉の街中に位置　小倉駅徒歩8分！全室無料Wi-Fi、空気清浄機、全機種用充電器完備！和洋ビュッフェ　癒しの日本庭園散策,2830,121954.48,471180.78,802-0082,福岡県,北九州市小倉北区古船場町3-46,093-521-7000,093-521-7522,ＪＲ小倉駅より徒歩にて約８分／モノレール旦過駅より徒歩2分,提携駐車場有　３１０台　１5００円（税込／泊)　※出入庫不可　その他近隣コインパーキング有,小倉（福岡）,https://img.travel.rakuten.co.jp/share/HOTEL/168783/168783.jpg,https://img.travel.rakuten.co.jp/HIMG/90/168783.jpg,,,https://img.travel.rakuten.co.jp/share/HOTEL/168783/168783map.gif,1031.0,4.03,,t2n,【禁煙・登録名勝庭園側】スーペリアツイン（大人定員2名様）,5117521.0,広々としたお部屋を独り占め！ツインシングルユースプラン,1,0,0,0,0,1,https://img.travel.rakuten.co.jp/image/tr/api/re/IdsCY/?f_no=168783&f_syu=t2n&f_hi1=2026-07-22&f_hi2=2026-07-23&f_heya_su=1&f_otona_su=1&f_s1=0&f_s2=0&f_y1=0&f_y2=0&f_y3=0&f_y4=0&f_camp_id=5117521,0,2026-07-22,9170,9170,0,2026-07-22,kitakyusyu
5546,ホテルクラウンパレス小倉,https://img.travel.rakuten.co.jp/image/tr/api/re/pvonD/?f_no=5546,https://img.travel.rakuten.co.jp/image/tr/api/re/vFumt/?f_no=5546&f_flg=PLAN,https://img.travel.rakuten.co.jp/image/tr/api/re/WzozX/?noTomariHotel=5546,https://img.travel.rakuten.co.jp/image/tr/api/re/gJNfM/?f_hotel_no=5546,ほてるくらうんぱれすこくら,『環境未来都市・北九州市』の中心地。紫川沿いに位置し徒歩圏内に観光施設多数あり♪コンビニはホテルの目の前！,4300,121963.3,471166.57,802-0077,福岡県,北九州市小倉北区馬借1-2-1,093-511-4111,093-511-4112,小倉駅から徒歩11分、お車3分、バス5分（詳細は施設紹介「アクセス・駐車場」項目をご覧ください）,"有り／1泊1,100円（税込・先着順）※ご予約は承っておりませんので予めご了承ください。",小倉（福岡）,https://img.travel.rakuten.co.jp/share/HOTEL/5546/5546.jpg,https://img.travel.rakuten.co.jp/HIMG/90/5546.jpg,https://img.travel.rakuten.co.jp/share/HOTEL/5546/5546_heya.jpg,https://img.travel.rakuten.co.jp/HIMG/INTERIOR/5546.jpg,https://img.travel.rakuten.co.jp/share/HOTEL/5546/5546map.gif,1833.0,4.14,,sgl01,禁煙シングルルーム【18.5平米】＜街側＞,4407113.0,【スタンダード】小倉ゆったりステイ＜食事なし＞,1,0,0,0,0,1,https://img.travel.rakuten.co.jp/image/tr/api/re/IdsCY/?f_no=5546&f_syu=sgl01&f_hi1=2026-07-22&f_hi2=2026-07-23&f_heya_su=1&f_otona_su=1&f_s1=0&f_s2=0&f_y1=0&f_y2=0&f_y3=0&f_y4=0&f_camp_id=4407113,0,2026-07-22,8400,8400,0,2026-07-22,kitakyusyu
187404,リリーフ小倉ＡＮＮＥＸ　ＢＯＯＫ＆ＳＴＡＹ,https://img.travel.rakuten.co.jp/image/tr/api/re/pvonD/?f_no=187404,https://img.travel.rakuten.co.jp/image/tr/api/re/vFumt/?f_no=187404&f_flg=PLAN,,https://img.travel.rakuten.co.jp/image/tr/api/re/gJNfM/?f_hotel_no=187404,りりーふこくらあねっくすぶっくあんどすてい,「食べて」「休んで」「くつろいで」が全部詰まった泊まれるネットカフェ。,2300,121958.11,471193.79,802-0081,福岡県,北九州市小倉北区紺屋町12-16,093-521-5006,093-521-5013,小倉駅より徒歩10分,無し,小倉（福岡）,https://img.travel.rakuten.co.jp/share/HOTEL/187404/187404.jpg,https://img.travel.rakuten.co.jp/HIMG/90/187404.jpg,,,https://img.travel.rakuten.co.jp/share/HOTEL/187404/187404map.gif,287.0,3.74,"この価格で食事もでき、コスパはよいと感じました　2026-07-14 04:24:01投稿 <a href=""https://img.travel.rakuten.co.jp/image/tr/api/re/gJNfM/?f_hotel_no=187404"" class=""3click"">つづきはこちら</a>",mwr,ミッドナイト【禁煙】リクライニングチェア＆オットマンのみ,5730082.0,20時以降のレイトインでお得にご宿泊♪【コミック4万冊＆ラウンジ】全室鍵付◇PC完備の広々キャビン,1,0,0,0,0,1,https://img.travel.rakuten.co.jp/image/tr/api/re/IdsCY/?f_no=187404&f_syu=mwr&f_hi1=2026-07-22&f_hi2=2026-07-23&f_heya_su=1&f_otona_su=1&f_s1=0&f_s2=0&f_y1=0&f_y2=0&f_y3=0&f_y4=0&f_camp_id=5730082,0,2026-07-22,2300,2300,0,2026-07-22,kitakyusyu
390,リコホテル小倉,https://img.travel.rakuten.co.jp/image/tr/api/re/pvonD/?f_no=390,https://img.travel.rakuten.co.jp/image/tr/api/re/vFumt/?f_no=390&f_flg=PLAN,https://img.travel.rakuten.co.jp/image/tr/api/re/WzozX/?noTomariHotel=390,https://img.travel.rakuten.co.jp/image/tr/api/re/gJNfM/?f_hotel_no=390,りこほてる　こくら,小倉駅より歩いて３分、ビジネスに便利！　ホテル１Fにライブハウスあり！（シャンソン・ジャズ・クラシックが主です）,4500,121981.69,471174.35,802-0008,福岡県,北九州市小倉北区船頭町3-31,093-521-4444,093-521-6839,ＪＲ「小倉駅 」南口より徒歩３分　北九州空港　車で４０分,有り　12台　一回900円（予約不可）  トラック・バス不可　移動させる為、車の鍵をお預りします。,小倉（福岡）,https://img.travel.rakuten.co.jp/share/HOTEL/390/390.jpg,https://img.travel.rakuten.co.jp/HIMG/90/390.jpg,https://img.travel.rakuten.co.jp/share/HOTEL/390/390_sgl.gif,https://img.travel.rakuten.co.jp/HIMG/INTERIOR/390.gif,https://img.travel.rakuten.co.jp/share/HOTEL/390/390map.gif,1268.0,2.92,,sbf2,WiFi対応【禁煙】シングルルームBF,4411155.0,得々プラン！　朝カレー付 　,1,0,0,1,0,1,https://img.travel.rakuten.co.jp/image/tr/api/re/IdsCY/?f_no=390&f_syu=sbf2&f_hi1=2026-07-22&f_hi2=2026-07-23&f_heya_su=1&f_otona_su=1&f_s1=0&f_s2=0&f_y1=0&f_y2=0&f_y3=0&f_y4=0&f_camp_id=4411155,0,2026-07-22,6800,6800,1,2026-07-22,kitakyusyu
1225,ホテルポート門司,https://img.travel.rakuten.co.jp/image/tr/api/re/pvonD/?f_no=1225,https://img.travel.rakuten.co.jp/image/tr/api/re/vFumt/?f_no=1225&f_flg=PLAN,https://img.travel.rakuten.co.jp/image/tr/api/re/WzozX/?noTomariHotel=1225,https://img.travel.rakuten.co.jp/image/tr/api/re/gJNfM/?f_hotel_no=1225,ぽーと　もじ,海峡花火会場徒歩圏内｜門司港レトロ徒歩５分｜駐車場無料｜アダルトｃｈ無料放送｜漫画６０００冊読み放題,3900,122194.07,471491.38,801-0863,福岡県,北九州市門司区栄町11-29,093-331-0112,093-331-1004,鹿児島本線門司港駅から徒歩10分。九州道門司ICから車で10分。関門トンネル門司側入り口車で1分。,有り　15台　普通車のみ　要予約（無料）,門司港,https://img.travel.rakuten.co.jp/share/HOTEL/1225/1225.jpg,https://img.travel.rakuten.co.jp/HIMG/90/1225.jpg,https://img.travel.rakuten.co.jp/share/HOTEL/1225/1225_room.jpg,https://img.travel.rakuten.co.jp/HIMG/INTERIOR/1225.jpg,https://img.travel.rakuten.co.jp/share/HOTEL/1225/1225map.gif,1102.0,4.07,,single08,【喫煙】シングルルーム(1bed),2627613.0,03【駐車場利用不可】【訳あり】素泊プラン【チェックアウト9時】近隣コインP多数,1,0,0,0,0,2,https://img.travel.rakuten.co.jp/image/tr/api/re/IdsCY/?f_no=1225&f_syu=single08&f_hi1=2026-07-22&f_hi2=2026-07-23&f_heya_su=1&f_otona_su=1&f_s1=0&f_s2=0&f_y1=0&f_y2=0&f_y3=0&f_y4=0&f_camp_id=2627613,0,2026-07-22,5500,5500,0,2026-07-22,kitakyusyu
1363,サンスカイホテル小倉,https://img.travel.rakuten.co.jp/image/tr/api/re/pvonD/?f_no=1363,https://img.travel.rakuten.co.jp/image/tr/api/re/vFumt/?f_no=1363&f_flg=PLAN,https://img.travel.rakuten.co.jp/image/tr/api/re/WzozX/?noTomariHotel=1363,https://img.travel.rakuten.co.jp/image/tr/api/re/gJNfM/?f_hotel_no=1363,さんすかい　こくら,駐車場無料、ウェルカムドリンク、ミネラルウォーター、全室Wi-Fi無料接続可,3150,121959.21,471251.99,802-0038,福岡県,北九州市小倉北区神幸町2-1,093-521-0123,093-521-1984,小倉駅より約車10分。足立ICから5分・富野ＩＣから3分。ヤフオク！ドームまで車1時間。湯布院まで車1時間50分。,入出庫自由、無料平面駐車場（８０台）　　大型車（２ｔ車以上）は有料で事前に予約要,小倉（福岡）,https://img.travel.rakuten.co.jp/share/HOTEL/1363/1363.jpg,https://img.travel.rakuten.co.jp/HIMG/90/1363.jpg,https://img.travel.rakuten.co.jp/share/HOTEL/1363/1363_sy.jpg,https://img.travel.rakuten.co.jp/HIMG/INTERIOR/1363.jpg,https://img.travel.rakuten.co.jp/share/HOTEL/1363/1363map.gif,1671.0,3.74,"また立ち寄る際には泊まりたいです。駐車場が少し狭いかも。　2026-06-23 08:07:20投稿 <a href=""https://img.travel.rakuten.co.jp/image/tr/api/re/gJNfM/?f_hotel_no=1363"" class=""3click"">つづきはこちら</a>",sn,シングル【禁煙】,3562850.0,【駐車場無料】【素泊まり】【24時間フリードリンク】【Wi-Fi無料接続可】,1,0,0,0,0,1,https://img.travel.rakuten.co.jp/image/tr/api/re/IdsCY/?f_no=1363&f_syu=sn&f_hi1=2026-07-22&f_hi2=2026-07-23&f_heya_su=1&f_otona_su=1&f_s1=0&f_s2=0&f_y1=0&f_y2=0&f_y3=0&f_y4=0&f_camp_id=3562850,0,2026-07-22,5500,5500,1,2026-07-22,kitakyusyu
7763,あさのホテル,https://img.travel.rakuten.co.jp/image/tr/api/re/pvonD/?f_no=7763,https://img.travel.rakuten.co.jp/image/tr/api/re/vFumt/?f_no=7763&f_flg=PLAN,https://img.travel.rakuten.co.jp/image/tr/api/re/WzozX/?noTomariHotel=7763,https://img.travel.rakuten.co.jp/image/tr/api/re/gJNfM/?f_hotel_no=7763,あさのほてる,小倉駅から3分☆ビジネス・観光に最適！最上階に浴場＆サウナ付き,3500,121988.73,471179.62,802-0001,福岡県,北九州市小倉北区浅野2-9-6,093-521-3366,093-521-3350,ＪＲ小倉駅新幹線口（北口）から徒歩３分　駐車場を10台完備しております。 500円／泊 　先着順（予約制ではありません）,有り　１0台　５００円／泊（先着順・鍵をお預かりいたします。）,小倉（福岡）,https://img.travel.rakuten.co.jp/share/HOTEL/7763/7763.jpg,https://img.travel.rakuten.co.jp/HIMG/90/7763.jpg,https://img.travel.rakuten.co.jp/share/HOTEL/7763/7763_f.jpg,https://img.travel.rakuten.co.jp/HIMG/INTERIOR/7763.jpg,https://img.travel.rakuten.co.jp/share/HOTEL/7763/7763map.gif,1546.0,4.15,,w,ダブルルームW(喫煙),4188803.0,家族・お仲間と気楽なご宿泊【朝食付】,1,0,0,1,0,1,https://img.travel.rakuten.co.jp/image/tr/api/re/IdsCY/?f_no=7763&f_syu=w&f_hi1=2026-07-22&f_hi2=2026-07-23&f_heya_su=1&f_otona_su=1&f_s1=0&f_s2=0&f_y1=0&f_y2=0&f_y3=0&f_y4=0&f_camp_id=4188803,0,2026-07-22,8000,8000,0,2026-07-22,kitakyusyu
108966,紀乃国屋ホテル,https://img.travel.rakuten.co.jp/image/tr/api/re/pvonD/?f_no=108966,https://img.travel.rakuten.co.jp/image/tr/api/re/vFumt/?f_no=108966&f_flg=PLAN,,https://img.travel.rakuten.co.jp/image/tr/api/re/gJNfM/?f_hotel_no=108966,きのくにやほてる,黒崎駅から徒歩５分。駅前商店街の中に位置し、周りに食事処がたくさん有ります。,3630,121900.32,470777.76,806-0028,福岡県,北九州市八幡西区熊手1-1-43,093-642-2221,093-621-1262,黒崎駅より徒歩にて５分,有り　３台　1泊500円　要電話予約,黒崎,https://img.travel.rakuten.co.jp/share/HOTEL/108966/108966.jpg,https://img.travel.rakuten.co.jp/HIMG/90/108966.jpg,https://img.travel.rakuten.co.jp/share/HOTEL/108966/108966_tw1.jpg,https://img.travel.rakuten.co.jp/HIMG/INTERIOR/108966.jpg,https://img.travel.rakuten.co.jp/share/HOTEL/108966/108966map.gif,151.0,3.81,"ベッドが寝やすい…　2026-07-05 11:14:34投稿 <a href=""https://img.travel.rakuten.co.jp/image/tr/api/re/gJNfM/?f_hotel_no=108966"" class=""3click"">つづきはこちら</a>",s1,シングル◆トイレ付き◆別室に男女別シャワー室有り,4795773.0,◆素泊まりプラン◆,1,0,0,0,0,1,https://img.travel.rakuten.co.jp/image/tr/api/re/IdsCY/?f_no=108966&f_syu=s1&f_hi1=2026-07-22&f_hi2=2026-07-23&f_heya_su=1&f_otona_su=1&f_s1=0&f_s2=0&f_y1=0&f_y2=0&f_y3=0&f_y4=0&f_camp_id=4795773,0,2026-07-22,3630,3630,0,2026-07-22,kitakyusyu
25112,サウナ＆カプセルホテル　グリーンランド小倉,https://img.travel.rakuten.co.jp/image/tr/api/re/pvonD/?f_no=25112,https://img.travel.rakuten.co.jp/image/tr/api/re/vFumt/?f_no=25112&f_flg=PLAN,,https://img.travel.rakuten.co.jp/image/tr/api/re/gJNfM/?f_hotel_no=25112,さうなあんどかぷせるほてる　ぐりーんらんど　こくら,【24H風呂サウナ入り放題】【WiFi無料】【コンビニ徒歩1分】北九州最大のサウナ＆カプセルホテル。,3500,121978.33,471176.59,802-0002,福岡県,北九州市小倉北区京町2-1-7,093-521-6211,093-521-6357,ＪＲ鹿児島本線・小倉駅〜徒歩２分,無し ,小倉（福岡）,https://img.travel.rakuten.co.jp/share/HOTEL/25112/25112.jpg,https://img.travel.rakuten.co.jp/HIMG/90/25112.jpg,https://img.travel.rakuten.co.jp/share/HOTEL/25112/25112_b.jpg,https://img.travel.rakuten.co.jp/HIMG/INTERIOR/25112.jpg,https://img.travel.rakuten.co.jp/share/HOTEL/25112/25112map.gif,535.0,3.85,"風呂の温度、水風呂の水温、サウナの温度がいい。ただととのいスペースでケータイをずっと触れるルールがありました。そのためととのわず。。　2026-07-18 08:56:34投稿 <a href=""https://img.travel.rakuten.co.jp/image/tr/api/re/gJNfM/?f_hotel_no=25112"" class=""3click"">つづきはこちら</a>",gl0002,【男性のお客様専用】カプセルルームご宿泊,5676646.0,【男性のお客様専用】 　カプセルームご宿泊プラン　（女性のお客様はご利用頂けません。）,1,0,0,0,0,1,https://img.travel.rakuten.co.jp/image/tr/api/re/IdsCY/?f_no=25112&f_syu=gl0002&f_hi1=2026-07-22&f_hi2=2026-07-23&f_heya_su=1&f_otona_su=1&f_s1=0&f_s2=0&f_y1=0&f_y2=0&f_y3=0&f_y4=0&f_camp_id=5676646,0,2026-07-22,3800,3800,1,2026-07-22,kitakyusyu
189091,ホテルリリーフ小倉ＡＮＮＥＸ,https://img.travel.rakuten.co.jp/image/tr/api/re/pvonD/?f_no=189091,https://img.travel.rakuten.co.jp/image/tr/api/re/vFumt/?f_no=189091&f_flg=PLAN,https://img.travel.rakuten.co.jp/image/tr/api/re/WzozX/?noTomariHotel=189091,https://img.travel.rakuten.co.jp/image/tr/api/re/gJNfM/?f_hotel_no=189091,りりーふこくらあねっくす,宿泊業界最大級の４万冊以上のコミックを保有！２４時間フリーフード＆フリードリンクが無料！,2390,121958.11,471193.79,802-0081,福岡県,北九州市小倉北区紺屋町12-16,093-521-5006,000-000-0000,小倉駅より徒歩約１５分、旦過駅より徒歩約８分,"有り：２台　15時〜翌朝10時迄：1,000円【要予約】",小倉（福岡）,https://img.travel.rakuten.co.jp/share/HOTEL/189091/189091.jpg,https://img.travel.rakuten.co.jp/HIMG/90/189091.jpg,,,https://img.travel.rakuten.co.jp/share/HOTEL/189091/189091map.gif,262.0,4.04,"パン、うどん、カレー、ドリンクが食べ飲み放題は良いが、それがそのまま朝食だとは思わなかった。部屋の湿度が高い。　2026-07-14 18:44:06投稿 <a href=""https://img.travel.rakuten.co.jp/image/tr/api/re/gJNfM/?f_hotel_no=189091"" class=""3click"">つづきはこちら</a>",nmid,レイトイン【禁煙】部屋タイプおまかせ/定員1~2名,5893533.0,2名様まで同料金!!【20時レイトインがお得◆お部屋おまかせ】コミック4万冊＆フリーラウンジ♪,1,0,0,1,0,1,https://img.travel.rakuten.co.jp/image/tr/api/re/IdsCY/?f_no=189091&f_syu=nmid&f_hi1=2026-07-22&f_hi2=2026-07-23&f_heya_su=1&f_otona_su=1&f_s1=0&f_s2=0&f_y1=0&f_y2=0&f_y3=0&f_y4=0&f_camp_id=5893533,0,2026-07-22,8500,8500,0,2026-07-22,kitakyusyu
44272,ビジネスホテル門司,https://img.travel.rakuten.co.jp/image/tr/api/re/pvonD/?f_no=44272,https://img.travel.rakuten.co.jp/image/tr/api/re/vFumt/?f_no=44272&f_flg=PLAN,https://img.travel.rakuten.co.jp/image/tr/api/re/WzozX/?noTomariHotel=44272,https://img.travel.rakuten.co.jp/image/tr/api/re/gJNfM/?f_hotel_no=44272,もじ,総合評価★★★★4つ星♪門司駅前に位置。新小文字病院徒歩10分。アットホームな雰囲気で常連客多い。朝食サービスも好評。,3200,122039.82,471371.6,800-0025,福岡県,北九州市門司区柳町2-2-13,093-391-7773,093-391-4455,ＪＲ　門司駅南口より徒歩で1分／都市高速　大里インターより車で５分　新小文字病院徒歩10分,有料： タイムズ（ホテル横）600円・ドゥリベール（ホテルはす向かい）3台あり　1台500円　,門司,https://img.travel.rakuten.co.jp/share/HOTEL/44272/44272.jpg,https://img.travel.rakuten.co.jp/HIMG/90/44272.jpg,https://img.travel.rakuten.co.jp/share/HOTEL/44272/44272_wa.jpg,https://img.travel.rakuten.co.jp/HIMG/INTERIOR/44272.jpg,https://img.travel.rakuten.co.jp/share/HOTEL/44272/44272map.gif,468.0,4.02,"提携駐車場もありますが、ホテルの隣にある駐車場が24時間600円なのでそこに停めても変わりません…　2026-07-17 13:55:30投稿 <a href=""https://img.travel.rakuten.co.jp/image/tr/api/re/gJNfM/?f_hotel_no=44272"" class=""3click"">つづきはこちら</a>",y1-2,洋室（朝食付）◆門司駅南口より徒歩1分◆,2663020.0,シングルプラン◆大人気♪朝ごはん(モーニング)付◆門司駅南口より徒歩１分◆,1,0,0,1,0,1,https://img.travel.rakuten.co.jp/image/tr/api/re/IdsCY/?f_no=44272&f_syu=y1-2&f_hi1=2026-07-22&f_hi2=2026-07-23&f_heya_su=1&f_otona_su=1&f_s1=0&f_s2=0&f_y1=0&f_y2=0&f_y3=0&f_y4=0&f_camp_id=2663020,0,2026-07-22,4500,4500,0,2026-07-22,kitakyusyu
14857,ホテル千望荘,https://img.travel.rakuten.co.jp/image/tr/api/re/pvonD/?f_no=14857,https://img.travel.rakuten.co.jp/image/tr/api/re/vFumt/?f_no=14857&f_flg=PLAN,https://img.travel.rakuten.co.jp/image/tr/api/re/WzozX/?noTomariHotel=14857,https://img.travel.rakuten.co.jp/image/tr/api/re/gJNfM/?f_hotel_no=14857,ほてる　せんぼうそう,車での市内観光に便利な立地。夜景が美しい♪猫に会える♪全室禁煙。喫煙室有り。駐車場無料。,4950,121993.43,470950.76,804-0053,福岡県,北九州市戸畑区牧山2-5-9,093-871-6991,093-882-2985,JR戸畑駅より車で５分、徒歩15分～20分。北九州都市高速枝光インターより車で５分。,有り　１予約1台　無料　若戸大橋・関門橋・戸畑市街を一望できる標高60mほどの丘の上。,戸畑,https://img.travel.rakuten.co.jp/share/HOTEL/14857/14857.jpg,https://img.travel.rakuten.co.jp/HIMG/90/14857.jpg,https://img.travel.rakuten.co.jp/share/HOTEL/14857/14857_war.jpg,https://img.travel.rakuten.co.jp/HIMG/INTERIOR/14857.jpg,https://img.travel.rakuten.co.jp/share/HOTEL/14857/14857map.gif,79.0,4.0,"スタッフの方も気持ちよく受け入れてくださいました。　2026-06-09 16:04:12投稿 <a href=""https://img.travel.rakuten.co.jp/image/tr/api/re/gJNfM/?f_hotel_no=14857"" class=""3click"">つづきはこちら</a>",b1fs,シングル　禁煙 《WI-FI付き》,,,1,0,0,0,0,1,https://img.travel.rakuten.co.jp/image/tr/api/re/IdsCY/?f_no=14857&f_syu=b1fs&f_hi1=2026-07-22&f_hi2=2026-07-23&f_heya_su=1&f_otona_su=1&f_s1=0&f_s2=0&f_y1=0&f_y2=0&f_y3=0&f_y4=0,1,2026-07-22,6050,6050,0,2026-07-22,kitakyusyu
134895,ＨＯＴＥＬ　ＡＺ　北九州新門司港店,https://img.travel.rakuten.co.jp/image/tr/api/re/pvonD/?f_no=134895,https://img.travel.rakuten.co.jp/image/tr/api/re/vFumt/?f_no=134895&f_flg=PLAN,https://img.travel.rakuten.co.jp/image/tr/api/re/WzozX/?noTomariHotel=134895,https://img.travel.rakuten.co.jp/image/tr/api/re/gJNfM/?f_hotel_no=134895,ほてる　えーぜっと　きたきゅうしゅう　しんもじこうてん,九州自動車道　新門司ＩＣから車で約5分、新門司港へは車で約7分！朝食無料☆駐車場無料（大型車有料）☆,5480,121917.1,471520.21,800-0114,福岡県,北九州市門司区吉志1丁目25-5,093-483-1301,093-483-1302,ＪＲ　門司駅から車で約20分,無料駐車場47台あり　普通車：予約不要 、中型車・大型車：要予約（有料）,門司,https://img.travel.rakuten.co.jp/share/HOTEL/134895/134895.jpg,https://img.travel.rakuten.co.jp/HIMG/90/134895.jpg,https://img.travel.rakuten.co.jp/share/HOTEL/134895/134895_rm1.jpg,https://img.travel.rakuten.co.jp/HIMG/INTERIOR/134895.jpg,https://img.travel.rakuten.co.jp/share/HOTEL/134895/134895map.gif,215.0,3.67,"バイク置き場は、屋根無しですがフロントから見える場所なので安心できます。　2026-05-12 13:13:24投稿 <a href=""https://img.travel.rakuten.co.jp/image/tr/api/re/gJNfM/?f_hotel_no=134895"" class=""3click"">つづきはこちら</a>",s1,【喫煙】シングル,6386233.0,【宿泊税込】スタンダードプラン（朝食サービス）,1,0,0,1,0,1,https://img.travel.rakuten.co.jp/image/tr/api/re/IdsCY/?f_no=134895&f_syu=s1&f_hi1=2026-07-22&f_hi2=2026-07-23&f_heya_su=1&f_otona_su=1&f_s1=0&f_s2=0&f_y1=0&f_y2=0&f_y3=0&f_y4=0&f_camp_id=6386233,0,2026-07-22,6580,6580,0,2026-07-22,kitakyusyu
201684,門司港キャビン,https://img.travel.rakuten.co.jp/image/tr/api/re/pvonD/?f_no=201684,https://img.travel.rakuten.co.jp/image/tr/api/re/vFumt/?f_no=201684&f_flg=PLAN,,https://img.travel.rakuten.co.jp/image/tr/api/re/gJNfM/?f_hotel_no=201684,もじこうきゃびん,門司港レトロ地区から徒歩5分、半径100m以内にコンビニ3軒の便利なロケーション,2990,122201.12,471490.67,801-0851,福岡県,北九州市門司区東本町1-2-19,093-980-7221,--,JR門司港駅より徒歩11分,なし,門司港,https://img.travel.rakuten.co.jp/share/HOTEL/201684/201684.jpg,https://img.travel.rakuten.co.jp/HIMG/90/201684.jpg,,,https://img.travel.rakuten.co.jp/share/HOTEL/201684/201684map.gif,3.0,,,cabin,キャビン(男女混合),6500727.0,1日1室限定オープニングセール,1,0,0,0,0,2,https://img.travel.rakuten.co.jp/image/tr/api/re/IdsCY/?f_no=201684&f_syu=cabin&f_hi1=2026-07-22&f_hi2=2026-07-23&f_heya_su=1&f_otona_su=1&f_s1=0&f_s2=0&f_y1=0&f_y2=0&f_y3=0&f_y4=0&f_camp_id=6500727,0,2026-07-22,2990,2990,1,2026-07-22,kitakyusyu
139981,ファミリーロッジ旅籠屋・北九州八幡店,https://img.travel.rakuten.co.jp/image/tr/api/re/pvonD/?f_no=139981,https://img.travel.rakuten.co.jp/image/tr/api/re/vFumt/?f_no=139981&f_flg=PLAN,https://img.travel.rakuten.co.jp/image/tr/api/re/WzozX/?noTomariHotel=139981,https://img.travel.rakuten.co.jp/image/tr/api/re/gJNfM/?f_hotel_no=139981,ふぁみりーろっじはたごや・きたきゅうしゅうやはたてん,自由な旅に最適な、話題のロードサイドホテル。軽朝食、全室WiFi＆ネット接続無料！　ビジネス旅行にも便利。,4235,121958.75,470554.8,807-0872,福岡県,北九州市八幡西区浅川1丁目19-20,093-691-9858,,折尾駅よりお車にて５分,有り　１４台　無料　予約不要,折尾,https://img.travel.rakuten.co.jp/share/HOTEL/139981/139981.jpg,https://img.travel.rakuten.co.jp/HIMG/90/139981.jpg,,,https://img.travel.rakuten.co.jp/share/HOTEL/139981/139981map.gif,66.0,4.09,"まさか受付の方がこんな感じなどとは想像もしてませんでしたが…　2026-07-14 14:51:31投稿 <a href=""https://img.travel.rakuten.co.jp/image/tr/api/re/gJNfM/?f_hotel_no=139981"" class=""3click"">つづきはこちら</a>",regular6,ツインルーム【禁煙】,5786907.0,ツインルームプラン（禁煙）　,1,0,0,1,0,0,https://img.travel.rakuten.co.jp/image/tr/api/re/IdsCY/?f_no=139981&f_syu=regular6&f_hi1=2026-07-22&f_hi2=2026-07-23&f_heya_su=1&f_otona_su=1&f_s1=0&f_s2=0&f_y1=0&f_y2=0&f_y3=0&f_y4=0&f_camp_id=5786907,0,2026-07-22,7700,7700,0,2026-07-22,kitakyusyu
147016,福岡ゲストハウスリトルアジア小倉,https://img.travel.rakuten.co.jp/image/tr/api/re/pvonD/?f_no=147016,https://img.travel.rakuten.co.jp/image/tr/api/re/vFumt/?f_no=147016&f_flg=PLAN,https://img.travel.rakuten.co.jp/image/tr/api/re/WzozX/?noTomariHotel=147016,https://img.travel.rakuten.co.jp/image/tr/api/re/gJNfM/?f_hotel_no=147016,ふくおかげすとはうすりとるあじあこくら,ようこそ！福岡ゲストハウスリトルアジア小倉へ！小倉駅から徒歩５分！外国人旅行者も多く、家族的な雰囲気で泊まれる安宿,1800,121963.86,471187.16,802-0005,福岡県,北九州市小倉北区堺町1-5-15　中道ビル5階　リトルアジア,093-982-4422,093-982-4422,JR新幹線小倉駅よりモノレール沿い。左手にある北九州銀行本店を過ぎたらすぐに左折直進１５０Mすすむと左の中道ビル５階受付,無し,小倉（福岡）,https://img.travel.rakuten.co.jp/share/HOTEL/147016/147016.jpg,https://img.travel.rakuten.co.jp/HIMG/90/147016.jpg,https://img.travel.rakuten.co.jp/share/HOTEL/147016/147016_room.jpg,https://img.travel.rakuten.co.jp/HIMG/INTERIOR/147016.jpg,https://img.travel.rakuten.co.jp/share/HOTEL/147016/147016map.gif,106.0,4.12,"入口こそ少し分かりにくかったですが(ビルの5階なのでエレベーターで上がります)お部屋はドリトミーといっても入口以外は壁だったので半個室のカプセルホテルに近かったです。駅からも徒歩圏内だし、近くにコンビ…　2026-07-20 13:12:53投稿 <a href=""https://img.travel.rakuten.co.jp/image/tr/api/re/gJNfM/?f_hotel_no=147016"" class=""3click"">つづきはこちら</a>",01,☆禁煙☆ 女性用ドミトリー 無料Wi-Fi　,3329675.0,【地域１番安】★博多⇔小倉は新幹線で17分★無料Wifi★禁煙★冷暖房無料 ,1,0,0,0,0,1,https://img.travel.rakuten.co.jp/image/tr/api/re/IdsCY/?f_no=147016&f_syu=01&f_hi1=2026-07-22&f_hi2=2026-07-23&f_heya_su=1&f_otona_su=1&f_s1=0&f_s2=0&f_y1=0&f_y2=0&f_y3=0&f_y4=0&f_camp_id=3329675,0,2026-07-22,1800,1800,0,2026-07-22,kitakyusyu
199944,北九州市黒崎付近広い庭の古民家／民泊,https://img.travel.rakuten.co.jp/image/tr/api/re/pvonD/?f_no=199944,https://img.travel.rakuten.co.jp/image/tr/api/re/vFumt/?f_no=199944&f_flg=PLAN,,https://img.travel.rakuten.co.jp/image/tr/api/re/gJNfM/?f_hotel_no=199944,,街なかの古民家民宿。静かな環境で、広々駐車場と庭付き。,6032,121796.91,470754.65,806-0063,福岡県,北九州市八幡西区市瀬2-13-20 ゲストハウス若水,090-4512-5698,00-0000-0000,永犬丸駅から車で8分,なし,永犬丸,https://img.travel.rakuten.co.jp/share/HOTEL/199944/199944.jpg,https://img.travel.rakuten.co.jp/HIMG/90/199944.jpg,,,https://img.travel.rakuten.co.jp/share/HOTEL/199944/199944map.gif,,,,r20413_12,ゲストハウス若水黒崎,6444455.0,静かな癒される空間,1,0,0,0,0,2,https://img.travel.rakuten.co.jp/image/tr/api/re/IdsCY/?f_no=199944&f_syu=r20413_12&f_hi1=2026-07-22&f_hi2=2026-07-23&f_heya_su=1&f_otona_su=1&f_s1=0&f_s2=0&f_y1=0&f_y2=0&f_y3=0&f_y4=0&f_camp_id=6444455,0,2026-07-22,23200,23200,0,2026-07-22,kitakyusyu
200197,ゲストハウスＥＮ　引野　＾,https://img.travel.rakuten.co.jp/image/tr/api/re/pvonD/?f_no=200197,https://img.travel.rakuten.co.jp/image/tr/api/re/vFumt/?f_no=200197&f_flg=PLAN,,https://img.travel.rakuten.co.jp/image/tr/api/re/gJNfM/?f_hotel_no=200197,,皿倉山の夜景やアウトレットへ好アクセス。閑静な住宅街にあり、観光やゴルフの拠点として最適です！,3094,121829.69,470718.3,806-0067,福岡県,北九州市八幡西区引野3-11-27　ハーモニー引野　１０２,090-3980-7837,00-0000-0000,今池駅から徒歩で5分,あり,今池（福岡）,https://img.travel.rakuten.co.jp/share/HOTEL/200197/200197.jpg,https://img.travel.rakuten.co.jp/HIMG/90/200197.jpg,,,https://img.travel.rakuten.co.jp/share/HOTEL/200197/200197map.gif,,,,1523999_3,スタンダードルーム,6474618.0,最大3名様まで/無料駐車場有/北九州市/八幡西区/高速インター激近/高速バスセンター/長期宿泊可,1,0,0,0,0,2,https://img.travel.rakuten.co.jp/image/tr/api/re/IdsCY/?f_no=200197&f_syu=1523999_3&f_hi1=2026-07-22&f_hi2=2026-07-23&f_heya_su=1&f_otona_su=1&f_s1=0&f_s2=0&f_y1=0&f_y2=0&f_y3=0&f_y4=0&f_camp_id=6474618,0,2026-07-22,5800,5800,0,2026-07-22,kitakyusyu
41161,亀の井ホテル　玄界灘　オールインクルーシブホテル,https://img.travel.rakuten.co.jp/image/tr/api/re/pvonD/?f_no=41161,https://img.travel.rakuten.co.jp/image/tr/api/re/vFumt/?f_no=41161&f_flg=PLAN,https://img.travel.rakuten.co.jp/image/tr/api/re/WzozX/?noTomariHotel=41161,https://img.travel.rakuten.co.jp/image/tr/api/re/gJNfM/?f_hotel_no=41161,かめのいほてるげんかいなだおーるいんくるーすぶほてる,2026年7月1日より亀の井ホテル 玄界灘は「亀の井ホテル 玄界灘 オールインクルーシブホテル」に生まれ変わりました！,13740,122152.85,470467.06,808-0123,福岡県,北九州市若松区有毛2829,093-741-1335,093-741-1337,小倉駅・折尾駅まで無料定時送迎バスと運行しております。（平日限定の事前予約制)詳しくはお問い合わせください。,有り　７0台　無料　先着順,折尾,https://img.travel.rakuten.co.jp/share/HOTEL/41161/41161.jpg,https://img.travel.rakuten.co.jp/HIMG/90/41161.jpg,https://img.travel.rakuten.co.jp/share/HOTEL/41161/41161_wa.jpg,https://img.travel.rakuten.co.jp/HIMG/INTERIOR/41161.jpg,https://img.travel.rakuten.co.jp/share/HOTEL/41161/41161map.gif,576.0,3.98,"ウェルカムラウンジも新しく導入され、良かったです。特に…　2026-07-18 08:00:17投稿 <a href=""https://img.travel.rakuten.co.jp/image/tr/api/re/gJNfM/?f_hotel_no=41161"" class=""3click"">つづきはこちら</a>",w8nnew,和室８畳,6437382.0,【海を望むオールインクルーシブ】出来立ての料理を愉しむ、オーダービュッフェの贅沢な時間,1,1,0,1,0,1,https://img.travel.rakuten.co.jp/image/tr/api/re/IdsCY/?f_no=41161&f_syu=w8nnew&f_hi1=2026-07-22&f_hi2=2026-07-23&f_heya_su=1&f_otona_su=1&f_s1=0&f_s2=0&f_y1=0&f_y2=0&f_y3=0&f_y4=0&f_camp_id=6437382,0,2026-07-22,21360,21360,0,2026-07-22,kitakyusyu
179398,グランドベース門司港駅前,https://img.travel.rakuten.co.jp/image/tr/api/re/pvonD/?f_no=179398,https://img.travel.rakuten.co.jp/image/tr/api/re/vFumt/?f_no=179398&f_flg=PLAN,https://img.travel.rakuten.co.jp/image/tr/api/re/WzozX/?noTomariHotel=179398,https://img.travel.rakuten.co.jp/image/tr/api/re/gJNfM/?f_hotel_no=179398,ぐらんどべーすもじこうえきまえ,門司港駅徒歩７分★門司・下関観光地圏内♪最新スマートホテル☆ キッチン有(Aタイプ除く),3500,122187.34,471485.22,801-0863,福岡県,北九州市門司区栄町8-10,050-1794-1499,,JR小倉駅から電車で１3分の「門司港駅」から徒歩6分。最寄りバス停「門司港レトロ」からすぐ！,有り。事前予約不可の先着順。車が駐車している場合は近隣の有料コインパーキングをご利用ください。,門司港,https://img.travel.rakuten.co.jp/share/HOTEL/179398/179398.jpg,https://img.travel.rakuten.co.jp/HIMG/90/179398.jpg,https://img.travel.rakuten.co.jp/share/HOTEL/179398/179398_kan1.jpg,https://img.travel.rakuten.co.jp/HIMG/INTERIOR/179398.jpg,https://img.travel.rakuten.co.jp/share/HOTEL/179398/179398map.gif,39.0,3.78,"ありがとうございました。　2026-04-18 20:15:16投稿 <a href=""https://img.travel.rakuten.co.jp/image/tr/api/re/gJNfM/?f_hotel_no=179398"" class=""3click"">つづきはこちら</a>",dhito1,スーペリアルーム2,4688593.0,【素泊まり】スタンダードプラン,1,0,0,0,0,2,https://img.travel.rakuten.co.jp/image/tr/api/re/IdsCY/?f_no=179398&f_syu=dhito1&f_hi1=2026-07-22&f_hi2=2026-07-23&f_heya_su=1&f_otona_su=1&f_s1=0&f_s2=0&f_y1=0&f_y2=0&f_y3=0&f_y4=0&f_camp_id=4688593,0,2026-07-22,9300,9300,0,2026-07-22,kitakyusyu
149363,Ｈｏｓｔｅｌ　ａｎｄ　Ｄｉｎｉｎｇ　Ｔａｎｇａ　Ｔａｂｌｅ,https://img.travel.rakuten.co.jp/image/tr/api/re/pvonD/?f_no=149363,https://img.travel.rakuten.co.jp/image/tr/api/re/vFumt/?f_no=149363&f_flg=PLAN,,https://img.travel.rakuten.co.jp/image/tr/api/re/gJNfM/?f_hotel_no=149363,ほすてる　あんど　だいにんぐ　たんが　てーぶる,＜まちをあじわう宿＞小倉駅より徒歩約10分。北九州の台所・旦過市場に隣接するホステル。洋室はシモンズのマットレスを完備♪,1680,121962.37,471173.1,802-0077,福岡県,北九州市小倉北区馬借1-5-25　4Ｆ,093-967-6284,093-967-6285,JR小倉駅より徒歩約10分、北九州モノレール・旦過駅より徒歩約3分,駐車場はありません。徒歩3分圏内にコインパーキングが数箇所ございますのでそちらをご利用ください。,旦過,https://img.travel.rakuten.co.jp/share/HOTEL/149363/149363.jpg,https://img.travel.rakuten.co.jp/HIMG/90/149363.jpg,https://img.travel.rakuten.co.jp/share/HOTEL/149363/149363_kan1.jpg,https://img.travel.rakuten.co.jp/HIMG/INTERIOR/149363.jpg,https://img.travel.rakuten.co.jp/share/HOTEL/149363/149363map.gif,87.0,3.05,"②スリッパと髭剃りと歯ブラシセット、要持参です（近隣に100ショップ有り）。　2026-06-02 06:42:50投稿 <a href=""https://img.travel.rakuten.co.jp/image/tr/api/re/gJNfM/?f_hotel_no=149363"" class=""3click"">つづきはこちら</a>",06,【禁煙】男女混合ドミトリー　※無料Wi-Fi,5235884.0,【学割★学生限定】学生旅行・イベント遠征応援♪シンプルに「20％OFF」ステイ！＜事前決済限定＞,1,0,0,0,0,2,https://img.travel.rakuten.co.jp/image/tr/api/re/IdsCY/?f_no=149363&f_syu=06&f_hi1=2026-07-22&f_hi2=2026-07-23&f_heya_su=1&f_otona_su=1&f_s1=0&f_s2=0&f_y1=0&f_y2=0&f_y3=0&f_y4=0&f_camp_id=5235884,0,2026-07-22,2800,2800,0,2026-07-22,kitakyusyu
194941,ゲストハウスＥＮ　割子川　＾,https://img.travel.rakuten.co.jp/image/tr/api/re/pvonD/?f_no=194941,https://img.travel.rakuten.co.jp/image/tr/api/re/vFumt/?f_no=194941&f_flg=PLAN,,https://img.travel.rakuten.co.jp/image/tr/api/re/gJNfM/?f_hotel_no=194941,,最大５名様まで宿泊可能。調理可能ですのでご家族でのご利用にもピッタリ。,2784,121803.22,470742.43,806-0064,福岡県,北九州市八幡西区割子川1-5-9　ロヂマンＴＯＮＥ　Ａ102,090-3980-7837,000-000-0000,永犬丸駅から徒歩で約７分,有り,永犬丸,https://img.travel.rakuten.co.jp/share/HOTEL/194941/194941.jpg,https://img.travel.rakuten.co.jp/HIMG/90/194941.jpg,,,https://img.travel.rakuten.co.jp/share/HOTEL/194941/194941map.gif,4.0,,,1306233_5,スタンダードルーム,6297873.0,最大5名様/調理可/北九州/八幡西区/高速激近/長期宿泊可,1,0,0,0,0,2,https://img.travel.rakuten.co.jp/image/tr/api/re/IdsCY/?f_no=194941&f_syu=1306233_5&f_hi1=2026-07-22&f_hi2=2026-07-23&f_heya_su=1&f_otona_su=1&f_s1=0&f_s2=0&f_y1=0&f_y2=0&f_y3=0&f_y4=0&f_camp_id=6297873,0,2026-07-22,6960,6960,0,2026-07-22,kitakyusyu
200425,ＷＡＢＩＳＡＢＩ　＾,https://img.travel.rakuten.co.jp/image/tr/api/re/pvonD/?f_no=200425,https://img.travel.rakuten.co.jp/image/tr/api/re/vFumt/?f_no=200425&f_flg=PLAN,,https://img.travel.rakuten.co.jp/image/tr/api/re/gJNfM/?f_hotel_no=200425,, ,9772,122181.97,471482.72,801-0833,福岡県,北九州市門司区清滝4-4-16,080-4283-6387,00-0000-0000,九州鉄道記念館駅から徒歩で5分,あり,門司港,https://img.travel.rakuten.co.jp/share/HOTEL/200425/200425.jpg,https://img.travel.rakuten.co.jp/HIMG/90/200425.jpg,,,https://img.travel.rakuten.co.jp/share/HOTEL/200425/200425map.gif,,,,1583910_8,一戸建て,6503119.0,New Open!門司港から徒歩10分圏内。レトロな古民家で思い思いのひとときを,1,0,0,0,0,2,https://img.travel.rakuten.co.jp/image/tr/api/re/IdsCY/?f_no=200425&f_syu=1583910_8&f_hi1=2026-07-22&f_hi2=2026-07-23&f_heya_su=1&f_otona_su=1&f_s1=0&f_s2=0&f_y1=0&f_y2=0&f_y3=0&f_y4=0&f_camp_id=6503119,0,2026-07-22,41900,41900,0,2026-07-22,kitakyusyu
194472,Ｃａｓａ　Ｓｔａｙ　Ｋｏｋｕｒａ　６　＾,https://img.travel.rakuten.co.jp/image/tr/api/re/pvonD/?f_no=194472,https://img.travel.rakuten.co.jp/image/tr/api/re/vFumt/?f_no=194472&f_flg=PLAN,,https://img.travel.rakuten.co.jp/image/tr/api/re/gJNfM/?f_hotel_no=194472,,落ち着いた住宅街に位置する、ゆったりとした２階建ての一軒家です。,4060,121933.95,471239.57,802-0026,福岡県,北九州市小倉北区大畠2-4-23　Ｃａｓａ　Ｓｔａｙ　Ｋｏｋｕｒａ　6,080-1794-8140,000-000-0000,香春口三萩野駅から徒歩で約６分,有り,香春口三萩野,https://img.travel.rakuten.co.jp/share/HOTEL/194472/194472.jpg,https://img.travel.rakuten.co.jp/HIMG/90/194472.jpg,,,https://img.travel.rakuten.co.jp/share/HOTEL/194472/194472map.gif,1.0,,,1219099_8,一戸建て,6240840.0,最大8名 / 高速入口3分 / 広々空間でくつろぐ貸切一軒家。Casa Stay Kokura 6,1,0,0,0,0,2,https://img.travel.rakuten.co.jp/image/tr/api/re/IdsCY/?f_no=194472&f_syu=1219099_8&f_hi1=2026-07-22&f_hi2=2026-07-23&f_heya_su=1&f_otona_su=1&f_s1=0&f_s2=0&f_y1=0&f_y2=0&f_y3=0&f_y4=0&f_camp_id=6240840,0,2026-07-22,46853,46853,0,2026-07-22,kitakyusyu
147709,博多グリーンホテル１号館,https://img.travel.rakuten.co.jp/image/tr/api/re/pvonD/?f_no=147709,https://img.travel.rakuten.co.jp/image/tr/api/re/vFumt/?f_no=147709&f_flg=PLAN,https://img.travel.rakuten.co.jp/image/tr/api/re/WzozX/?noTomariHotel=147709,https://img.travel.rakuten.co.jp/image/tr/api/re/gJNfM/?f_hotel_no=147709,はかたぐりーんほてるいちごうかん,博多駅徒歩1分でアクセス抜群！１３時イン・１２時アウトのゆったり滞在。◇個別空調◇シモンズベッド◇加湿空気清浄機完備,10500,120918.91,469527.72,812-0012,福岡県,福岡市博多区博多駅中央街4-4,092-451-4110,092-451-4115,【最短アクセス】福岡空港～地下鉄５分。JR博多駅筑紫口（新幹線口）～徒歩１分！,"1泊／2,500円　先着・予約不可(満車・サイズによる入庫不可は有料駐車場へ案内　※途中入出庫不可)",博多,https://img.travel.rakuten.co.jp/share/HOTEL/147709/147709.jpg,https://img.travel.rakuten.co.jp/HIMG/90/147709.jpg,,,https://img.travel.rakuten.co.jp/share/HOTEL/147709/147709map.gif,2140.0,4.3,"一番驚いたのが　冷蔵庫が２ドアになってた事です。これ…　2026-07-16 21:30:21投稿 <a href=""https://img.travel.rakuten.co.jp/image/tr/api/re/gJNfM/?f_hotel_no=147709"" class=""3click"">つづきはこちら</a>",s1_basic,喫煙シングル,6299546.0,【煙草と珈琲で整える、大人の休息ステイ。】素泊まり喫煙シングルプラン,1,0,0,0,0,1,https://img.travel.rakuten.co.jp/image/tr/api/re/IdsCY/?f_no=147709&f_syu=s1_basic&f_hi1=2026-07-22&f_hi2=2026-07-23&f_heya_su=1&f_otona_su=1&f_s1=0&f_s2=0&f_y1=0&f_y2=0&f_y3=0&f_y4=0&f_camp_id=6299546,0,2026-07-22,23000,23000,0,2026-07-22,fukuoka
153161,ホテルニューガイア博多メッセ南（旧　ホテルニューガイア上呉服）,https://img.travel.rakuten.co.jp/image/tr/api/re/pvonD/?f_no=153161,https://img.travel.rakuten.co.jp/image/tr/api/re/vFumt/?f_no=153161&f_flg=PLAN,https://img.travel.rakuten.co.jp/image/tr/api/re/WzozX/?noTomariHotel=153161,https://img.travel.rakuten.co.jp/image/tr/api/re/gJNfM/?f_hotel_no=153161,ほてるにゅーがいあはかためっせみなみ（きゅう　にゅーがいあかみごふく）,全客室エアウィーヴ採用！マリンメッセ福岡へ徒歩で一直線♪【シングルルームは全室ダブルベッド】【全室エアコン個別空調】,5150,120946.79,469490.1,812-0036,福岡県,福岡市博多区上呉服町14-25,092-273-2911,092-273-2920,地下鉄箱崎線　呉服町駅より徒歩にて約３分,"1泊1,500円(先着順･予約不可) ※2台",呉服町（福岡）,https://img.travel.rakuten.co.jp/share/HOTEL/153161/153161.jpg,https://img.travel.rakuten.co.jp/HIMG/90/153161.jpg,,,https://img.travel.rakuten.co.jp/share/HOTEL/153161/153161map.gif,561.0,4.14,"窓からの風景はすぐ向かいに立派なお寺があったりと街中のビ…　2026-07-19 23:43:58投稿 <a href=""https://img.travel.rakuten.co.jp/image/tr/api/re/gJNfM/?f_hotel_no=153161"" class=""3click"">つづきはこちら</a>",rwnds,★【女性フロア】★【禁煙】ダブルルーム,5213087.0,地元で人気！「とり皮 お市」コラボ企画【串盛りサービス券付き】宿泊プラン,1,0,0,0,0,1,https://img.travel.rakuten.co.jp/image/tr/api/re/IdsCY/?f_no=153161&f_syu=rwnds&f_hi1=2026-07-22&f_hi2=2026-07-23&f_heya_su=1&f_otona_su=1&f_s1=0&f_s2=0&f_y1=0&f_y2=0&f_y3=0&f_y4=0&f_camp_id=5213087,0,2026-07-22,16300,16300,0,2026-07-22,fukuoka
80574,博多グリーンホテルアネックス,https://img.travel.rakuten.co.jp/image/tr/api/re/pvonD/?f_no=80574,https://img.travel.rakuten.co.jp/image/tr/api/re/vFumt/?f_no=80574&f_flg=PLAN,https://img.travel.rakuten.co.jp/image/tr/api/re/WzozX/?noTomariHotel=80574,https://img.travel.rakuten.co.jp/image/tr/api/re/gJNfM/?f_hotel_no=80574,はかたぐりーんほてるあねっくす,博多駅徒歩1分でアクセス抜群！１３時イン・１２時アウトのゆったり滞在。◇個別空調◇シモンズベッド◇直営コンビニ１Ｆ有,11300,120916.94,469527.77,812-0012,福岡県,福岡市博多区博多駅中央街4-32,092-451-4112,092-451-4177,【最短アクセス】福岡空港～地下鉄５分。JR博多駅筑紫口（新幹線口）～徒歩１分！,"1泊／2,500円　先着・予約不可(満車・サイズによる入庫不可は有料駐車場へ案内　※途中入出庫不可)",博多,https://img.travel.rakuten.co.jp/share/HOTEL/80574/80574.jpg,https://img.travel.rakuten.co.jp/HIMG/90/80574.jpg,https://img.travel.rakuten.co.jp/share/HOTEL/80574/80574_room.jpg,https://img.travel.rakuten.co.jp/HIMG/INTERIOR/80574.jpg,https://img.travel.rakuten.co.jp/share/HOTEL/80574/80574map.gif,2584.0,4.28,"博多に行くときは常宿にさせてもらってます。　2026-07-14 18:08:19投稿 <a href=""https://img.travel.rakuten.co.jp/image/tr/api/re/gJNfM/?f_hotel_no=80574"" class=""3click"">つづきはこちら</a>",dk,禁煙ダブルルーム,2797237.0,【素泊まり】13時イン12時アウト ペア＆ファミリープラン,1,0,0,0,0,1,https://img.travel.rakuten.co.jp/image/tr/api/re/IdsCY/?f_no=80574&f_syu=dk&f_hi1=2026-07-22&f_hi2=2026-07-23&f_heya_su=1&f_otona_su=1&f_s1=0&f_s2=0&f_y1=0&f_y2=0&f_y3=0&f_y4=0&f_camp_id=2797237,0,2026-07-22,32000,32000,0,2026-07-22,fukuoka
182019,アパホテル〈博多駅筑紫口〉,https://img.travel.rakuten.co.jp/image/tr/api/re/pvonD/?f_no=182019,https://img.travel.rakuten.co.jp/image/tr/api/re/vFumt/?f_no=182019&f_flg=PLAN,https://img.travel.rakuten.co.jp/image/tr/api/re/WzozX/?noTomariHotel=182019,https://img.travel.rakuten.co.jp/image/tr/api/re/gJNfM/?f_hotel_no=182019,あぱほてる　はかたえきちくしぐち,博多駅から最も近いアパホテル。2棟構成でCENTRAL棟には大浴殿完備。WEST棟では静かに過ごせる,5040,120916.87,469533.42,812-0013,福岡県,福岡市博多区博多駅東1-14-1(セントラル棟)／福岡市博多区博多駅東1-11-11(ウエスト棟),0570-056-311,092-477-6312,地下鉄空港線「博多」駅(東7番出口)から徒歩2分、山陽新幹線・九州新幹線・JR各線「博多」駅(筑紫口)から徒歩4分,"セントラル棟16台　1,800円／1泊（11時&#12316;翌11時）※先着順",博多,https://img.travel.rakuten.co.jp/share/HOTEL/182019/182019.jpg,https://img.travel.rakuten.co.jp/HIMG/90/182019.jpg,,,https://img.travel.rakuten.co.jp/share/HOTEL/182019/182019map.gif,1214.0,4.17,"せっかくの時間…　2026-06-21 17:41:24投稿 <a href=""https://img.travel.rakuten.co.jp/image/tr/api/re/gJNfM/?f_hotel_no=182019"" class=""3click"">つづきはこちら</a>",s1w,【ウエスト棟】スタンダード(1名利用) 禁煙◆大浴殿は別館,5188888.0,【素泊まり・事前決済限定】1秒チェックインにおすすめ！,1,0,0,0,0,2,https://img.travel.rakuten.co.jp/image/tr/api/re/IdsCY/?f_no=182019&f_syu=s1w&f_hi1=2026-07-22&f_hi2=2026-07-23&f_heya_su=1&f_otona_su=1&f_s1=0&f_s2=0&f_y1=0&f_y2=0&f_y3=0&f_y4=0&f_camp_id=5188888,0,2026-07-22,17730,17730,0,2026-07-22,fukuoka
151369,ＫＯＫＯ　ＨＯＴＥＬ　博多駅前,https://img.travel.rakuten.co.jp/image/tr/api/re/pvonD/?f_no=151369,https://img.travel.rakuten.co.jp/image/tr/api/re/vFumt/?f_no=151369&f_flg=PLAN,https://img.travel.rakuten.co.jp/image/tr/api/re/WzozX/?noTomariHotel=151369,https://img.travel.rakuten.co.jp/image/tr/api/re/gJNfM/?f_hotel_no=151369,ここ　ほてる　はかたえきまえ,【TVで話題！博多駅徒歩4分のデザインホテル】世界11都市を巡る寛ぎの空間。全室シモンズ製ベッドとナノイー空気清浄機完備,3150,120906.47,469507.04,812-0011,福岡県,福岡市博多区博多駅前3-22-19,092-476-9111,092-476-9112,JR・地下鉄博多駅博多口から徒歩4分☆福岡空港国内線から地下鉄で2駅　タクシーで約15分　国際線からタクシーで約20分,提携有料駐車場有り／270台収容　24時間1500円（税込）でサービス券販売中,博多,https://img.travel.rakuten.co.jp/share/HOTEL/151369/151369.jpg,https://img.travel.rakuten.co.jp/HIMG/90/151369.jpg,https://img.travel.rakuten.co.jp/share/HOTEL/151369/151369_kan1.jpg,https://img.travel.rakuten.co.jp/HIMG/INTERIOR/151369.jpg,https://img.travel.rakuten.co.jp/share/HOTEL/151369/151369map.gif,1182.0,4.02,"また利用したいです！　2026-07-16 13:34:32投稿 <a href=""https://img.travel.rakuten.co.jp/image/tr/api/re/gJNfM/?f_hotel_no=151369"" class=""3click"">つづきはこちら</a>",deluxe,【South Wing】禁煙デラックスシングルルーム,5702098.0,【タイムセール／素泊まり】インスタ映え抜群！フロアごとに異なる世界の都市をイメージしたデザイン,1,0,0,0,0,1,https://img.travel.rakuten.co.jp/image/tr/api/re/IdsCY/?f_no=151369&f_syu=deluxe&f_hi1=2026-07-22&f_hi2=2026-07-23&f_heya_su=1&f_otona_su=1&f_s1=0&f_s2=0&f_y1=0&f_y2=0&f_y3=0&f_y4=0&f_camp_id=5702098,0,2026-07-22,22995,22995,0,2026-07-22,fukuoka
5012,天然温泉　八百治の湯　八百治博多ホテル,https://img.travel.rakuten.co.jp/image/tr/api/re/pvonD/?f_no=5012,https://img.travel.rakuten.co.jp/image/tr/api/re/vFumt/?f_no=5012&f_flg=PLAN,https://img.travel.rakuten.co.jp/image/tr/api/re/WzozX/?noTomariHotel=5012,https://img.travel.rakuten.co.jp/image/tr/api/re/gJNfM/?f_hotel_no=5012,てんねんおんせん　やおじのゆ　やおじはかたほてる,博多駅徒歩5分♪　★2019年7月天然温泉大浴場リニューアル★Wi-Fi無料＆加湿機能付空気清浄機完備♪,6450,120897.28,469511.51,812-0011,福岡県,福岡市博多区博多駅前4-9-2,092-483-5111,092-483-5123,博多駅博多口より徒歩５分（福岡空港から博多駅まで地下鉄で５分。）,"契約駐車場　1,500円（税込）/14時〜翌日14時",博多,https://img.travel.rakuten.co.jp/share/HOTEL/5012/5012.jpg,https://img.travel.rakuten.co.jp/HIMG/90/5012.jpg,https://img.travel.rakuten.co.jp/share/HOTEL/5012/5012_sgl.jpg,https://img.travel.rakuten.co.jp/HIMG/INTERIOR/5012.jpg,https://img.travel.rakuten.co.jp/share/HOTEL/5012/5012map.gif,4462.0,4.21,,atn,バリアフリールーム◇禁煙◇31.3平米（２ベッド）,4374780.0,【室数限定!!】バリアフリールーム☆禁煙☆エレベーター近くのお部屋♪,1,0,0,0,0,1,https://img.travel.rakuten.co.jp/image/tr/api/re/IdsCY/?f_no=5012&f_syu=atn&f_hi1=2026-07-22&f_hi2=2026-07-23&f_heya_su=1&f_otona_su=1&f_s1=0&f_s2=0&f_y1=0&f_y2=0&f_y3=0&f_y4=0&f_camp_id=4374780,0,2026-07-22,29900,29900,0,2026-07-22,fukuoka
167057,ホテルＷＢＦグランデ博多,https://img.travel.rakuten.co.jp/image/tr/api/re/pvonD/?f_no=167057,https://img.travel.rakuten.co.jp/image/tr/api/re/vFumt/?f_no=167057&f_flg=PLAN,https://img.travel.rakuten.co.jp/image/tr/api/re/WzozX/?noTomariHotel=167057,https://img.travel.rakuten.co.jp/image/tr/api/re/gJNfM/?f_hotel_no=167057,ほてるだぶりゅーびーえふぐらんではかた,朝からカットステーキ食べ放題の朝食ビュッフェ！■大浴場完備■博多駅まで徒歩10分,7226,120894.12,469540.41,812-0016,福岡県,福岡市博多区博多駅南2-2-5,092-452-4123,092-452-4124,西鉄バス博多駅筑紫口より駅東三丁目下車 徒歩1分　博多駅筑紫口（新幹線口）より徒歩 約10分　福岡空港より車で約10分,"立体駐車場有 1泊1,500円 15時〜翌11時 高さ1.55m、横幅1.75m迄　先着順・予約不可",博多,https://img.travel.rakuten.co.jp/share/HOTEL/167057/167057.jpg,https://img.travel.rakuten.co.jp/HIMG/90/167057.jpg,,,https://img.travel.rakuten.co.jp/share/HOTEL/167057/167057map.gif,755.0,3.66,"一応最上階の大浴場も行きましたが、部屋の方がノンビリできた…　2026-07-14 09:56:23投稿 <a href=""https://img.travel.rakuten.co.jp/image/tr/api/re/gJNfM/?f_hotel_no=167057"" class=""3click"">つづきはこちら</a>",efm,【禁煙室】エグゼクティブファミリールーム,4203478.0,【スタンダード】最上階スカイラウンジで癒される！シンプルステイ【素泊り】,1,0,0,0,0,1,https://img.travel.rakuten.co.jp/image/tr/api/re/IdsCY/?f_no=167057&f_syu=efm&f_hi1=2026-07-22&f_hi2=2026-07-23&f_heya_su=1&f_otona_su=1&f_s1=0&f_s2=0&f_y1=0&f_y2=0&f_y3=0&f_y4=0&f_camp_id=4203478,0,2026-07-22,33440,33440,0,2026-07-22,fukuoka
184617,Ｇｒａｎｄ　Ｅｍｐｉｒｅ　Ｈｏｔｅｌ（グランドエンパイアホテル）,https://img.travel.rakuten.co.jp/image/tr/api/re/pvonD/?f_no=184617,https://img.travel.rakuten.co.jp/image/tr/api/re/vFumt/?f_no=184617&f_flg=PLAN,https://img.travel.rakuten.co.jp/image/tr/api/re/WzozX/?noTomariHotel=184617,https://img.travel.rakuten.co.jp/image/tr/api/re/gJNfM/?f_hotel_no=184617,ぐらんどえんぱいあほてる,【駐車場無料】【全室43㎡以上】【全室禁煙】上質さにこだわった空間でごゆっくりお寛ぎください。,10010,120631.04,469738.41,816-0956,福岡県,大野城市南大利2-1-23,092-596-6363,092-596-7964,JR大野城駅よりお車で５分／西鉄下大利駅よりお車で５分／太宰府I.Cよりお車で約１０分／キッザニア福岡までお車で約２５分,有り　90台　無料　★２４時間入出庫可★　※満車の場合は臨時駐車場へご案内いたします,大野城,https://img.travel.rakuten.co.jp/share/HOTEL/184617/184617.jpg,https://img.travel.rakuten.co.jp/HIMG/90/184617.jpg,,,https://img.travel.rakuten.co.jp/share/HOTEL/184617/184617map.gif,542.0,4.67,"スーパ…　2026-07-20 12:35:47投稿 <a href=""https://img.travel.rakuten.co.jp/image/tr/api/re/gJNfM/?f_hotel_no=184617"" class=""3click"">つづきはこちら</a>",geh181023,エンパイアツイン,6415307.0,【返金不可】【事前決済】スタンダードプラン（素泊まり）,1,0,0,0,0,2,https://img.travel.rakuten.co.jp/image/tr/api/re/IdsCY/?f_no=184617&f_syu=geh181023&f_hi1=2026-07-22&f_hi2=2026-07-23&f_heya_su=1&f_otona_su=1&f_s1=0&f_s2=0&f_y1=0&f_y2=0&f_y3=0&f_y4=0&f_camp_id=6415307,0,2026-07-22,15015,15015,0,2026-07-22,fukuoka
130055,サットンホテル博多シティ,https://img.travel.rakuten.co.jp/image/tr/api/re/pvonD/?f_no=130055,https://img.travel.rakuten.co.jp/image/tr/api/re/vFumt/?f_no=130055&f_flg=PLAN,https://img.travel.rakuten.co.jp/image/tr/api/re/WzozX/?noTomariHotel=130055,https://img.travel.rakuten.co.jp/image/tr/api/re/gJNfM/?f_hotel_no=130055,さっとんほてるはかたしてぃ,全室フローリング・無料Wi-fi対応。博多駅･天神･中州･空港どこからでもアクセスが便利。,5775,120899.59,469507.04,812-0011,福岡県,福岡市博多区博多駅前3-4-8,092-433-2305,092-433-2307,ＪＲ博多駅（博多口）地下鉄 西21出口より徒歩約7分,提携駐車場、近隣にコインパーキングあり。1泊1400円（機械式、大きさ制限あり）。,博多,https://img.travel.rakuten.co.jp/share/HOTEL/130055/130055.jpg,https://img.travel.rakuten.co.jp/HIMG/90/130055.jpg,https://img.travel.rakuten.co.jp/share/HOTEL/130055/130055_kya.jpg,https://img.travel.rakuten.co.jp/HIMG/INTERIOR/130055.jpg,https://img.travel.rakuten.co.jp/share/HOTEL/130055/130055map.gif,1625.0,3.81,"福岡はどこも高いので仕方ない…　2026-07-04 22:48:19投稿 <a href=""https://img.travel.rakuten.co.jp/image/tr/api/re/gJNfM/?f_hotel_no=130055"" class=""3click"">つづきはこちら</a>",stn,【禁煙】スーペリアツイン２０平米【ベッド幅１２３ｃｍ】,5919175.0,【素泊まり】　博多駅徒歩５分！バス停も近くコンサート場や会議場へ簡単アクセス!近隣コンビニ多数あり,1,0,0,0,0,1,https://img.travel.rakuten.co.jp/image/tr/api/re/IdsCY/?f_no=130055&f_syu=stn&f_hi1=2026-07-22&f_hi2=2026-07-23&f_heya_su=1&f_otona_su=1&f_s1=0&f_s2=0&f_y1=0&f_y2=0&f_y3=0&f_y4=0&f_camp_id=5919175,0,2026-07-22,20475,20475,0,2026-07-22,fukuoka
173092,ダイワロイネットホテル博多冷泉　ＰＲＥＭＩＥＲ,https://img.travel.rakuten.co.jp/image/tr/api/re/pvonD/?f_no=173092,https://img.travel.rakuten.co.jp/image/tr/api/re/vFumt/?f_no=173092&f_flg=PLAN,https://img.travel.rakuten.co.jp/image/tr/api/re/WzozX/?noTomariHotel=173092,https://img.travel.rakuten.co.jp/image/tr/api/re/gJNfM/?f_hotel_no=173092,だいわろいねっとほてるはかたれいせん　ぷれみあ,2025年4月朝食リニューアル♪ReFaルームあり★全室21㎡以上バス・トイレ別セミセパレート,7500,120923.83,469492.72,812-0039,福岡県,福岡市博多区冷泉町2-7,092-409-4755,092-409-4756,福岡空港から地下鉄祇園駅まで7分。祇園駅2番出口徒歩約3分。櫛田神社前駅徒歩約５分。,"敷地内立体駐車場。7時〜21時の入庫にて先着順。1泊2,000円",祇園（福岡）,https://img.travel.rakuten.co.jp/share/HOTEL/173092/173092.jpg,https://img.travel.rakuten.co.jp/HIMG/90/173092.jpg,https://img.travel.rakuten.co.jp/share/HOTEL/173092/173092_kan1.jpg,https://img.travel.rakuten.co.jp/HIMG/INTERIOR/173092.jpg,https://img.travel.rakuten.co.jp/share/HOTEL/173092/173092map.gif,637.0,4.39,,sts1,【喫煙】スタンダードツインルーム1名様利用,6359408.0,【素泊まり】事前カード決済限定プラン 博多駅・中州・キャナルシティへ好アクセス 祗園駅より徒歩3分！,1,0,0,0,0,2,https://img.travel.rakuten.co.jp/image/tr/api/re/IdsCY/?f_no=173092&f_syu=sts1&f_hi1=2026-07-22&f_hi2=2026-07-23&f_heya_su=1&f_otona_su=1&f_s1=0&f_s2=0&f_y1=0&f_y2=0&f_y3=0&f_y4=0&f_camp_id=6359408,0,2026-07-22,29000,29000,0,2026-07-22,fukuoka
172017,ＨＥＡＲＴＳカプセルホテル＆スパ博多,https://img.travel.rakuten.co.jp/image/tr/api/re/pvonD/?f_no=172017,https://img.travel.rakuten.co.jp/image/tr/api/re/vFumt/?f_no=172017&f_flg=PLAN,,https://img.travel.rakuten.co.jp/image/tr/api/re/gJNfM/?f_hotel_no=172017,はーつかぷせるほてるあんどすぱはかた,【博多駅直結】館内無料wifi・人工温泉（男性サウナ付）・館内カフェ有り,3000,120901.67,469519.27,812-0011,福岡県,福岡市博多区博多駅前4-14-13 ,092-477-9700,,【博多駅直結！！】JR博多駅博多口　地下鉄西１６出口から徒歩３分。HEARTSバスステーション館内にございます。,無,博多,https://img.travel.rakuten.co.jp/share/HOTEL/172017/172017.jpg,https://img.travel.rakuten.co.jp/HIMG/90/172017.jpg,,,https://img.travel.rakuten.co.jp/share/HOTEL/172017/172017map.gif,393.0,3.63,,3,男性専用（女性不可）,4360017.0,【スタンダードプラン】◆博多駅直結！人工温泉（男性サウナ）/wifi完備,1,0,0,0,0,1,https://img.travel.rakuten.co.jp/image/tr/api/re/IdsCY/?f_no=172017&f_syu=3&f_hi1=2026-07-22&f_hi2=2026-07-23&f_heya_su=1&f_otona_su=1&f_s1=0&f_s2=0&f_y1=0&f_y2=0&f_y3=0&f_y4=0&f_camp_id=4360017,0,2026-07-22,4900,4900,0,2026-07-22,fukuoka
178967,ホテルフロント・イン福岡空港,https://img.travel.rakuten.co.jp/image/tr/api/re/pvonD/?f_no=178967,https://img.travel.rakuten.co.jp/image/tr/api/re/vFumt/?f_no=178967&f_flg=PLAN,https://img.travel.rakuten.co.jp/image/tr/api/re/WzozX/?noTomariHotel=178967,https://img.travel.rakuten.co.jp/image/tr/api/re/gJNfM/?f_hotel_no=178967,ふろんといんふくおかくうこう,福岡空港や博多の森陸上競技場に隣接しビジネス・観光・イベントの拠点に最適なホテルです。博多・中洲・天神へのアクセスも抜群,7260,120956.0,469638.78,811‐2205,福岡県,糟屋郡志免町別府2-18-1,092-624-6688,092-624-6677,地下鉄　福岡空港駅より徒歩にて約12分,有り　32台　1泊１区画800円（※2tロング以上は１区画1600円）　要予約,福岡空港,https://img.travel.rakuten.co.jp/share/HOTEL/178967/178967.jpg,https://img.travel.rakuten.co.jp/HIMG/90/178967.jpg,,,https://img.travel.rakuten.co.jp/share/HOTEL/178967/178967map.gif,718.0,4.1,"お部屋もお掃除行き届いてました。ありがとうございました。　2026-07-10 08:49:23投稿 <a href=""https://img.travel.rakuten.co.jp/image/tr/api/re/gJNfM/?f_hotel_no=178967"" class=""3click"">つづきはこちら</a>",t2,モデレートツイン,4891430.0,【福岡空港ご利用の方におすすめ】素泊りプラン,1,0,0,0,0,2,https://img.travel.rakuten.co.jp/image/tr/api/re/IdsCY/?f_no=178967&f_syu=t2&f_hi1=2026-07-22&f_hi2=2026-07-23&f_heya_su=1&f_otona_su=1&f_s1=0&f_s2=0&f_y1=0&f_y2=0&f_y3=0&f_y4=0&f_camp_id=4891430,0,2026-07-22,19600,19600,0,2026-07-22,fukuoka
180583,ホテル・トリフィート博多祇園,https://img.travel.rakuten.co.jp/image/tr/api/re/pvonD/?f_no=180583,https://img.travel.rakuten.co.jp/image/tr/api/re/vFumt/?f_no=180583&f_flg=PLAN,https://img.travel.rakuten.co.jp/image/tr/api/re/WzozX/?noTomariHotel=180583,https://img.travel.rakuten.co.jp/image/tr/api/re/gJNfM/?f_hotel_no=180583,ほてるとりふぃーとはかたぎおん,■【大浴場】完備■地下鉄「祇園駅」徒歩5分■中洲・博多、徒歩圏内■「マリンメッセ」までバス7分■未就学児の添い寝「無料」,6570,120929.81,469487.18,812-0039,福岡県,福岡市博多区冷泉町8-24,092-283-7060,092-283-7061,■地下鉄「祇園駅」徒歩5分■西鉄バス停「奥の堂」徒歩3分■福岡空港 地下鉄利用で最短15分■マリンメッセまでバスで7分,有り（屋外/高さ制限無し）　7台　1980円（税込み/泊）　先着順（事前予約不可）,祇園（福岡）,https://img.travel.rakuten.co.jp/share/HOTEL/180583/180583.jpg,https://img.travel.rakuten.co.jp/HIMG/90/180583.jpg,,,https://img.travel.rakuten.co.jp/share/HOTEL/180583/180583map.gif,751.0,4.23,"お部屋は少し狭いですが、隣室などからの物音は全く聞こえませんでした。従業員の方々は親切でしたし、朝食も手作り感がしっかりして、トータルで満足できました。私は次回も使いたいです♪　2026-07-17 22:02:04投稿 <a href=""https://img.travel.rakuten.co.jp/image/tr/api/re/gJNfM/?f_hotel_no=180583"" class=""3click"">つづきはこちら</a>",ttt,畳ツイン / ハリウッドツイン仕様 トイレ・バス別 角部屋,5417188.0,【月末セール】32％オフ。夏のご旅行に！！家族旅行応援、未就学児『添い寝無料』！大浴場完備。素泊まり,1,0,0,0,0,1,https://img.travel.rakuten.co.jp/image/tr/api/re/IdsCY/?f_no=180583&f_syu=ttt&f_hi1=2026-07-22&f_hi2=2026-07-23&f_heya_su=1&f_otona_su=1&f_s1=0&f_s2=0&f_y1=0&f_y2=0&f_y3=0&f_y4=0&f_camp_id=5417188,0,2026-07-22,39580,39580,0,2026-07-22,fukuoka
67260,ＴＨＥ　ＬＵＩＧＡＮＳ　Ｓｐａ＆Ｒｅｓｏｒｔ(ザ・ルイガンズ.　スパ＆リゾート),https://img.travel.rakuten.co.jp/image/tr/api/re/pvonD/?f_no=67260,https://img.travel.rakuten.co.jp/image/tr/api/re/vFumt/?f_no=67260&f_flg=PLAN,https://img.travel.rakuten.co.jp/image/tr/api/re/WzozX/?noTomariHotel=67260,https://img.travel.rakuten.co.jp/image/tr/api/re/gJNfM/?f_hotel_no=67260,ざ・るいがんず,【福岡で近場リゾート】博多中心部から車で20分！福岡でありながら海外を感じるリゾートホテル！大浴場＆無料バスあり,6479,121174.54,469318.49,811-0321,福岡県,福岡市東区西戸崎18-25,092-603-2525,092-603-2828,博多から車で最短約20分、無料送迎バス、無料駐車場、福岡空港まで最短約30分。JR香椎線「海ノ中道」より徒歩約6分,屋外駐車場有　１００台／宿泊者は無料／予約不要,海ノ中道,https://img.travel.rakuten.co.jp/share/HOTEL/67260/67260.jpg,https://img.travel.rakuten.co.jp/HIMG/90/67260.jpg,https://img.travel.rakuten.co.jp/share/HOTEL/67260/67260_k.jpg,https://img.travel.rakuten.co.jp/HIMG/INTERIOR/67260.jpg,https://img.travel.rakuten.co.jp/share/HOTEL/67260/67260map.gif,2144.0,4.32,"部屋からのオーシャンビューは最高でした。小さな子どももいたので広めのベッドにしました。3人で寝ても広々と寝ることができ快適でした。朝食のブッフェもとても美味しかったです。また利用したいです。　2026-07-20 19:04:05投稿 <a href=""https://img.travel.rakuten.co.jp/image/tr/api/re/gJNfM/?f_hotel_no=67260"" class=""3click"">つづきはこちら</a>",dt_,ドッグフレンドリーツイン(3F・禁煙)33平米,5504292.0,【朝食付】ドッグフレンドリープラン　16時イン／11時アウト,1,0,0,1,0,1,https://img.travel.rakuten.co.jp/image/tr/api/re/IdsCY/?f_no=67260&f_syu=dt_&f_hi1=2026-07-22&f_hi2=2026-07-23&f_heya_su=1&f_otona_su=1&f_s1=0&f_s2=0&f_y1=0&f_y2=0&f_y3=0&f_y4=0&f_camp_id=5504292,0,2026-07-22,27359,27359,0,2026-07-22,fukuoka
345,ＡＮＡクラウンプラザホテル福岡　ｂｙ　ＩＨＧ,https://img.travel.rakuten.co.jp/image/tr/api/re/pvonD/?f_no=345,https://img.travel.rakuten.co.jp/image/tr/api/re/vFumt/?f_no=345&f_flg=PLAN,https://img.travel.rakuten.co.jp/image/tr/api/re/WzozX/?noTomariHotel=345,https://img.travel.rakuten.co.jp/image/tr/api/re/gJNfM/?f_hotel_no=345,えーえぬえー　クラウンプラザホテルフクオカ,福岡でのビジネス、観光の拠点として、安心で快適なラグジュアリー空間をご提供し、博多のコトを最もよく知るホテルのひとつです,10350,120902.68,469512.25,812-0011,福岡県,福岡市博多区博多駅前3-3-3,092-471-7111,092-471-1109,■ＪＲ博多駅【博多口】より徒歩約5分　■福岡空港国内線ターミナルより車で約15分,"地下に屋内駐車場あり（98台）　1泊1,600円（高さ制限2M・先着順・ 24時間入出庫可）",博多,https://img.travel.rakuten.co.jp/share/HOTEL/345/345.jpg,https://img.travel.rakuten.co.jp/HIMG/90/345.jpg,https://img.travel.rakuten.co.jp/share/HOTEL/345/345_room.jpg,https://img.travel.rakuten.co.jp/HIMG/INTERIOR/345.jpg,https://img.travel.rakuten.co.jp/share/HOTEL/345/345map.gif,2366.0,4.38,,osin,スタンダードシングルルーム【禁煙】15平米,976530.0,◆Daily Price◆日にち変動型の基本プラン　〜素泊まり〜　JR博多駅博多口より徒歩約5分,1,0,0,0,0,1,https://img.travel.rakuten.co.jp/image/tr/api/re/IdsCY/?f_no=345&f_syu=osin&f_hi1=2026-07-22&f_hi2=2026-07-23&f_heya_su=1&f_otona_su=1&f_s1=0&f_s2=0&f_y1=0&f_y2=0&f_y3=0&f_y4=0&f_camp_id=976530,0,2026-07-22,35600,35600,0,2026-07-22,fukuoka
182516,ホテルジャパネスク福岡,https://img.travel.rakuten.co.jp/image/tr/api/re/pvonD/?f_no=182516,https://img.travel.rakuten.co.jp/image/tr/api/re/vFumt/?f_no=182516&f_flg=PLAN,,https://img.travel.rakuten.co.jp/image/tr/api/re/gJNfM/?f_hotel_no=182516,ほてるじゃぱねすくふくおか,サウナ、プール、カラオケ、会議室有！バストラックSUV敷地内駐車場有！アメニティバー充実,3960,121041.93,469526.88,812-0053,福岡県,福岡市東区箱崎6-18-12,092-645-2080,092-643-1001,"福岡空港駅よりお車にて約12分／博多駅よりお車にて約14分／駐車場約23台分完備（事前予約不可・1泊1,100円）","駐車場約40台分完備1泊1,100円、 大型車,トラック、バス1日3,300円",福岡空港,https://img.travel.rakuten.co.jp/share/HOTEL/182516/182516.jpg,https://img.travel.rakuten.co.jp/HIMG/90/182516.jpg,,,https://img.travel.rakuten.co.jp/share/HOTEL/182516/182516map.gif,283.0,3.65,"福岡観光がメインだったので素泊まりを選びましたが、とても快適に過ごすことができました。部屋はきれいに清掃されていて、設備も十分整っております。少し大きい道沿いでう…　2026-07-09 09:41:59投稿 <a href=""https://img.travel.rakuten.co.jp/image/tr/api/re/gJNfM/?f_hotel_no=182516"" class=""3click"">つづきはこちら</a>",003,モデレートツインルーム,5909639.0,【素泊り】Wベッド、ソファベッド完備★サウナプール無料・全室バルコニー、大型車チェックアウト11時,1,0,0,0,0,1,https://img.travel.rakuten.co.jp/image/tr/api/re/IdsCY/?f_no=182516&f_syu=003&f_hi1=2026-07-22&f_hi2=2026-07-23&f_heya_su=1&f_otona_su=1&f_s1=0&f_s2=0&f_y1=0&f_y2=0&f_y3=0&f_y4=0&f_camp_id=5909639,0,2026-07-22,23000,23000,0,2026-07-22,fukuoka
14811,サンビジネスホテル,https://img.travel.rakuten.co.jp/image/tr/api/re/pvonD/?f_no=14811,https://img.travel.rakuten.co.jp/image/tr/api/re/vFumt/?f_no=14811&f_flg=PLAN,https://img.travel.rakuten.co.jp/image/tr/api/re/WzozX/?noTomariHotel=14811,https://img.travel.rakuten.co.jp/image/tr/api/re/gJNfM/?f_hotel_no=14811,さんびじねすほてる,博多口徒歩2分★心を込めた接客と徹底清掃でお迎え／深夜1～5時施錠,4250,120914.06,469512.02,812-0011,福岡県,福岡市博多区博多駅前2-16-16,092-411-1155,092-411-1215,博多駅博多口から徒歩2分。天神や福岡空港からは、博多駅まで地下鉄で5分とアクセスは最高！,ございません,博多,https://img.travel.rakuten.co.jp/share/HOTEL/14811/14811.jpg,https://img.travel.rakuten.co.jp/HIMG/90/14811.jpg,https://img.travel.rakuten.co.jp/share/HOTEL/14811/14811_s.jpg,https://img.travel.rakuten.co.jp/HIMG/INTERIOR/14811.jpg,https://img.travel.rakuten.co.jp/share/HOTEL/14811/14811map.gif,1345.0,4.11,"駅から近い、フロントの方が丁寧、部屋もシンプルで清潔でわりと広い、湯船は少し小さめ、机が使いやすくノートパソコンを開いての仕事がしやすかったです。　2026-07-17 23:53:11投稿 <a href=""https://img.travel.rakuten.co.jp/image/tr/api/re/gJNfM/?f_hotel_no=14811"" class=""3click"">つづきはこちら</a>",twg,●喫煙●限定　ツインルーム　きつえん　,4605138.0,【返金不可・事前決済限定】博多駅博多口から徒歩2分のお得プラン★夜間施錠1時〜5時★,1,0,0,0,0,2,https://img.travel.rakuten.co.jp/image/tr/api/re/IdsCY/?f_no=14811&f_syu=twg&f_hi1=2026-07-22&f_hi2=2026-07-23&f_heya_su=1&f_otona_su=1&f_s1=0&f_s2=0&f_y1=0&f_y2=0&f_y3=0&f_y4=0&f_camp_id=4605138,0,2026-07-22,17800,17800,0,2026-07-22,fukuoka
166975,東急ステイ博多,https://img.travel.rakuten.co.jp/image/tr/api/re/pvonD/?f_no=166975,https://img.travel.rakuten.co.jp/image/tr/api/re/vFumt/?f_no=166975&f_flg=PLAN,https://img.travel.rakuten.co.jp/image/tr/api/re/WzozX/?noTomariHotel=166975,https://img.travel.rakuten.co.jp/image/tr/api/re/gJNfM/?f_hotel_no=166975,とうきゅうすていはかた,全室に洗濯乾燥機・電子レンジ完備！連泊・中長期の滞在に便利♪♪,6100,120895.8,469524.24,812-0016,福岡県,福岡市博多区博多駅南1-11-11,092-431-1091,092-431-1092,福岡市地下鉄空港線博多駅　東5番出口より徒歩7分　/　JR博多駅　筑紫口より徒歩8分,無し。近隣のコインパーキングをご利用ください（提携駐車場はございません）。,博多,https://img.travel.rakuten.co.jp/share/HOTEL/166975/166975.jpg,https://img.travel.rakuten.co.jp/HIMG/90/166975.jpg,,,https://img.travel.rakuten.co.jp/share/HOTEL/166975/166975map.gif,1034.0,4.36,"リファだし、気分良い滞在でした　2026-07-16 14:57:53投稿 <a href=""https://img.travel.rakuten.co.jp/image/tr/api/re/gJNfM/?f_hotel_no=166975"" class=""3click"">つづきはこちら</a>",residen_tw,レジデンシャルツイン【禁煙】24平米／洗濯機・ミニキッチン付,6432374.0,【2026年5月18日OPEN】東急ステイメルキュール広島 開業応援プラン【1名】（素泊）,1,0,0,0,0,1,https://img.travel.rakuten.co.jp/image/tr/api/re/IdsCY/?f_no=166975&f_syu=residen_tw&f_hi1=2026-07-22&f_hi2=2026-07-23&f_heya_su=1&f_otona_su=1&f_s1=0&f_s2=0&f_y1=0&f_y2=0&f_y3=0&f_y4=0&f_camp_id=6432374,0,2026-07-22,31100,31100,0,2026-07-22,fukuoka
172876,ＴＨＥ　ＢＬＯＳＳＯＭ　ＨＡＫＡＴＡ　Ｐｒｅｍｉｅｒ（ザ　ブラッサム博多プレミア）,https://img.travel.rakuten.co.jp/image/tr/api/re/pvonD/?f_no=172876,https://img.travel.rakuten.co.jp/image/tr/api/re/vFumt/?f_no=172876&f_flg=PLAN,https://img.travel.rakuten.co.jp/image/tr/api/re/WzozX/?noTomariHotel=172876,https://img.travel.rakuten.co.jp/image/tr/api/re/gJNfM/?f_hotel_no=172876,ざ　ぶらっさむ　はかた　ぷれみあ,～博多の粋、最高のおもてなし～この街に、脈々と受け継がれる美意識を極めたホテル,14730,120912.84,469498.88,812-0011,福岡県,福岡市博多区博多駅前2丁目8番12号,092-431-8702,092-431-8712,JR博多駅「博多口」より徒歩7分、福岡市地下鉄櫛田神社駅より徒歩5分、「キャナルシティー博多」より徒歩2分,ご宿泊者専用駐車場がございます(先着順・予約不可)  詳細は公式ホームページをご確認ください,博多,https://img.travel.rakuten.co.jp/share/HOTEL/172876/172876.jpg,https://img.travel.rakuten.co.jp/HIMG/90/172876.jpg,https://img.travel.rakuten.co.jp/share/HOTEL/172876/172876_kan1.jpg,https://img.travel.rakuten.co.jp/HIMG/INTERIOR/172876.jpg,https://img.travel.rakuten.co.jp/share/HOTEL/172876/172876map.gif,393.0,4.6,,ndm1,＜禁煙＞モデレートダブル 1名 ※バスタブなし,5810605.0,【スタンダード】ご宿泊直前までご予約可能！1・2階には人気飲食店が7店舗(食事なし),1,0,0,0,0,1,https://img.travel.rakuten.co.jp/image/tr/api/re/IdsCY/?f_no=172876&f_syu=ndm1&f_hi1=2026-07-22&f_hi2=2026-07-23&f_heya_su=1&f_otona_su=1&f_s1=0&f_s2=0&f_y1=0&f_y2=0&f_y3=0&f_y4=0&f_camp_id=5810605,0,2026-07-22,29260,29260,0,2026-07-22,fukuoka
54960,二日市グリーンホテル,https://img.travel.rakuten.co.jp/image/tr/api/re/pvonD/?f_no=54960,https://img.travel.rakuten.co.jp/image/tr/api/re/vFumt/?f_no=54960&f_flg=PLAN,https://img.travel.rakuten.co.jp/image/tr/api/re/WzozX/?noTomariHotel=54960,https://img.travel.rakuten.co.jp/image/tr/api/re/gJNfM/?f_hotel_no=54960,ふつかいちぐりーん,JR博多駅、西鉄福岡天神駅から電車で二日市駅！  JR二日市駅から約110ｍ一番近いホテルです。太宰府観光にも便利！,5300,120573.53,469875.36,818-0072,福岡県,筑紫野市二日市中央2-7-25,092-928-0710,092-928-0710,ＪＲ二日市駅改札出入口(東)より約110ｍ／西鉄二日市駅西口から約800ｍ／西鉄紫駅から約500ｍ　地図をご覧下さい。,駐車場（１泊目 無料、2泊目以降500円〜＊チェックイン午後2時〜翌午前10時（8台分あり）,二日市,https://img.travel.rakuten.co.jp/share/HOTEL/54960/54960.jpg,https://img.travel.rakuten.co.jp/HIMG/90/54960.jpg,https://img.travel.rakuten.co.jp/share/HOTEL/54960/54960_s.jpg,https://img.travel.rakuten.co.jp/HIMG/INTERIOR/54960.jpg,https://img.travel.rakuten.co.jp/share/HOTEL/54960/54960map.gif,430.0,3.33,"訳あり部屋に泊まりましたがフロントの隣で行き来が便利で助かりました。　2026-06-17 21:11:51投稿 <a href=""https://img.travel.rakuten.co.jp/image/tr/api/re/gJNfM/?f_hotel_no=54960"" class=""3click"">つづきはこちら</a>",s,シングル,1962442.0,【夏得】♪シングルプラン喫煙　（JR二日市駅より110ｍ。太宰府近いです。）,1,0,0,0,0,1,https://img.travel.rakuten.co.jp/image/tr/api/re/IdsCY/?f_no=54960&f_syu=s&f_hi1=2026-07-22&f_hi2=2026-07-23&f_heya_su=1&f_otona_su=1&f_s1=0&f_s2=0&f_y1=0&f_y2=0&f_y3=0&f_y4=0&f_camp_id=1962442,0,2026-07-22,10800,10800,0,2026-07-22,fukuoka
75246,太宰府天然温泉ルートイングランティア太宰府,https://img.travel.rakuten.co.jp/image/tr/api/re/pvonD/?f_no=75246,https://img.travel.rakuten.co.jp/image/tr/api/re/vFumt/?f_no=75246&f_flg=PLAN,https://img.travel.rakuten.co.jp/image/tr/api/re/WzozX/?noTomariHotel=75246,https://img.travel.rakuten.co.jp/image/tr/api/re/gJNfM/?f_hotel_no=75246,だざいふてんねんおんせん　るーといん　ぐらんてぃあ　だざいふ,太宰府天満宮近く！和室あり、温泉あり、岩盤浴あり、漫画コーナーも！料理長こだわりの夕食も！大型駐車場もあり！,6600,120676.98,469904.91,818-0119,福岡県,太宰府市連歌屋3-8-1,050-5576-7903,092-921-4800,西鉄太宰府駅から車で約3分◆福岡空港から車で約30分◆JR二日市駅より車で約12分◆西鉄太宰府駅から無料シャトルバス運行,有り　113台　無料　※立体駐車場34台（ハイルーフ10台）　予約不要,太宰府,https://img.travel.rakuten.co.jp/share/HOTEL/75246/75246.jpg,https://img.travel.rakuten.co.jp/HIMG/90/75246.jpg,,,https://img.travel.rakuten.co.jp/share/HOTEL/75246/75246map.gif,1091.0,3.81,"温泉にサウナがあり疲れが取れました。朝食は改善の余地ありです。　2026-06-17 10:41:30投稿 <a href=""https://img.travel.rakuten.co.jp/image/tr/api/re/gJNfM/?f_hotel_no=75246"" class=""3click"">つづきはこちら</a>",nsa,[新館]禁煙シングル☆（BD140×196cm）,4585442.0,【天然温泉】◆素泊まりプラン◆,1,0,0,0,0,1,https://img.travel.rakuten.co.jp/image/tr/api/re/IdsCY/?f_no=75246&f_syu=nsa&f_hi1=2026-07-22&f_hi2=2026-07-23&f_heya_su=1&f_otona_su=1&f_s1=0&f_s2=0&f_y1=0&f_y2=0&f_y3=0&f_y4=0&f_camp_id=4585442,0,2026-07-22,14400,14400,0,2026-07-22,fukuoka
76922,博多東急ＲＥＩホテル,https://img.travel.rakuten.co.jp/image/tr/api/re/pvonD/?f_no=76922,https://img.travel.rakuten.co.jp/image/tr/api/re/vFumt/?f_no=76922&f_flg=PLAN,https://img.travel.rakuten.co.jp/image/tr/api/re/WzozX/?noTomariHotel=76922,https://img.travel.rakuten.co.jp/image/tr/api/re/gJNfM/?f_hotel_no=76922,はかたとうきゅうＲＥＩ,【ご宿泊プラン楽天ポイント２倍対象施設】更に現地で楽天ポイントカードをご提示で楽天ポイント加算,9015,120919.21,469514.04,812-0011,福岡県,福岡市博多区博多駅前1-2-23,092-451-0109,092-451-0188,博多駅「博多口」より徒歩にて約3分/福岡市営地下鉄 博多駅「西6」番出口より徒歩約1分,"先着順12台　1泊1,500円　普通車（幅2.05m×長さ5m×高さ1.55m以内）",博多,https://img.travel.rakuten.co.jp/share/HOTEL/76922/76922.jpg,https://img.travel.rakuten.co.jp/HIMG/90/76922.jpg,https://img.travel.rakuten.co.jp/share/HOTEL/76922/76922_room.jpg,https://img.travel.rakuten.co.jp/HIMG/INTERIOR/76922.jpg,https://img.travel.rakuten.co.jp/share/HOTEL/76922/76922map.gif,3315.0,4.19,,tban21_2,ツイン　シャワーブース＜禁煙＞,5675613.0,【スタンダードプラン】博多駅より徒歩3分好立地！ビジネス・イベントやコンサートにもおすすめ＜素泊り＞,1,0,0,0,0,1,https://img.travel.rakuten.co.jp/image/tr/api/re/IdsCY/?f_no=76922&f_syu=tban21_2&f_hi1=2026-07-22&f_hi2=2026-07-23&f_heya_su=1&f_otona_su=1&f_s1=0&f_s2=0&f_y1=0&f_y2=0&f_y3=0&f_y4=0&f_camp_id=5675613,0,2026-07-22,39000,39000,0,2026-07-22,fukuoka
572,グランドハイアット福岡,https://img.travel.rakuten.co.jp/image/tr/api/re/pvonD/?f_no=572,https://img.travel.rakuten.co.jp/image/tr/api/re/vFumt/?f_no=572&f_flg=PLAN,https://img.travel.rakuten.co.jp/image/tr/api/re/WzozX/?noTomariHotel=572,https://img.travel.rakuten.co.jp/image/tr/api/re/gJNfM/?f_hotel_no=572,ぐらんどはいあっとふくおか,キャナルシティ内に位置する、ハイアット最上級ブランドホテル,15180,120910.57,469485.97,812-0018,福岡県,福岡市博多区住吉1-2-82　,092-282-1234,092-282-2817,博多駅から徒歩約10分、天神駅から徒歩約15分。福岡市地下鉄　七隈線「櫛田神社前駅」西改札口を出て2番出口より徒歩3分,"1300台 1泊1,980円（税込） （14:00から翌14:00）",中洲川端,https://img.travel.rakuten.co.jp/share/HOTEL/572/572.jpg,https://img.travel.rakuten.co.jp/HIMG/90/572.jpg,https://img.travel.rakuten.co.jp/share/HOTEL/572/572_a.jpg,https://img.travel.rakuten.co.jp/HIMG/INTERIOR/572.jpg,https://img.travel.rakuten.co.jp/share/HOTEL/572/572map.gif,955.0,4.27,,qgns,【禁煙】クイーン1台（27平米）,2989694.0,【基本プラン】デイリーレート,1,0,0,0,0,1,https://img.travel.rakuten.co.jp/image/tr/api/re/IdsCY/?f_no=572&f_syu=qgns&f_hi1=2026-07-22&f_hi2=2026-07-23&f_heya_su=1&f_otona_su=1&f_s1=0&f_s2=0&f_y1=0&f_y2=0&f_y3=0&f_y4=0&f_camp_id=2989694,0,2026-07-22,54395,54395,0,2026-07-22,fukuoka
165238,ネストホテル博多駅前,https://img.travel.rakuten.co.jp/image/tr/api/re/pvonD/?f_no=165238,https://img.travel.rakuten.co.jp/image/tr/api/re/vFumt/?f_no=165238&f_flg=PLAN,https://img.travel.rakuten.co.jp/image/tr/api/re/WzozX/?noTomariHotel=165238,https://img.travel.rakuten.co.jp/image/tr/api/re/gJNfM/?f_hotel_no=165238,ねすとほてるはかたえきまえ,【全館・全室・完全禁煙】博多駅前の好立地。睡眠環境にこだわった、安らぎの時間が流れるホテル。,8450,120917.91,469507.1,812-0011,福岡県,福岡市博多区博多駅前2-11-27,092-260-1695,092-260-1491,ＪＲ博多駅の博多口をでて徒歩にて約５分。　　空港からは地下鉄祇園駅で下車、連絡通路Ｐ４出口から徒歩にて約1分。,"有り　2台　1,500円（税込み／泊）　先着順 予約不可",博多,https://img.travel.rakuten.co.jp/share/HOTEL/165238/165238.jpg,https://img.travel.rakuten.co.jp/HIMG/90/165238.jpg,,,https://img.travel.rakuten.co.jp/share/HOTEL/165238/165238map.gif,331.0,3.67,"…　2026-06-19 11:52:46投稿 <a href=""https://img.travel.rakuten.co.jp/image/tr/api/re/gJNfM/?f_hotel_no=165238"" class=""3click"">つづきはこちら</a>",db1,【禁煙/15平米/ベッド幅140】ダブルルーム【1名利用】,4100470.0,スタンダードプラン【食事なし】,1,0,0,0,0,1,https://img.travel.rakuten.co.jp/image/tr/api/re/IdsCY/?f_no=165238&f_syu=db1&f_hi1=2026-07-22&f_hi2=2026-07-23&f_heya_su=1&f_otona_su=1&f_s1=0&f_s2=0&f_y1=0&f_y2=0&f_y3=0&f_y4=0&f_camp_id=4100470,0,2026-07-22,32000,32000,0,2026-07-22,fukuoka
182870,リアリティ博多２,https://img.travel.rakuten.co.jp/image/tr/api/re/pvonD/?f_no=182870,https://img.travel.rakuten.co.jp/image/tr/api/re/vFumt/?f_no=182870&f_flg=PLAN,,https://img.travel.rakuten.co.jp/image/tr/api/re/gJNfM/?f_hotel_no=182870,りありてぃはかた２,リノベーションを行いました！最大約42㎡の開放感あるお部屋！博多駅までの利便性◎ワーケーションや長期利用にもおすすめ！,7700,120925.71,469536.3,812-0043,福岡県,福岡市博多区堅粕5-8-15,092-645-2080,092-724-3609,ＪＲ　博多駅筑紫口から徒歩約６分,近隣にコインパーキング有り,博多,https://img.travel.rakuten.co.jp/share/HOTEL/182870/182870.jpg,https://img.travel.rakuten.co.jp/HIMG/90/182870.jpg,,,https://img.travel.rakuten.co.jp/share/HOTEL/182870/182870map.gif,42.0,2.58,"無人施設のため、事前に荷物を預けることはできませんが、広さ、綺麗さなど満足です。トイレとお風呂が別々にあるのもよかったです。　2026-05-16 10:23:36投稿 <a href=""https://img.travel.rakuten.co.jp/image/tr/api/re/gJNfM/?f_hotel_no=182870"" class=""3click"">つづきはこちら</a>",trp703,【禁煙】トリプルルーム703,5672116.0,【素泊まり】自宅のように過ごせる部屋！家族やグループ旅行オススメ！博多駅筑紫口より徒歩6分（通年）,1,0,0,0,0,2,https://img.travel.rakuten.co.jp/image/tr/api/re/IdsCY/?f_no=182870&f_syu=trp703&f_hi1=2026-07-22&f_hi2=2026-07-23&f_heya_su=1&f_otona_su=1&f_s1=0&f_s2=0&f_y1=0&f_y2=0&f_y3=0&f_y4=0&f_camp_id=5672116,0,2026-07-22,18000,18000,0,2026-07-22,fukuoka
177601,ホテルトラッド博多,https://img.travel.rakuten.co.jp/image/tr/api/re/pvonD/?f_no=177601,https://img.travel.rakuten.co.jp/image/tr/api/re/vFumt/?f_no=177601&f_flg=PLAN,https://img.travel.rakuten.co.jp/image/tr/api/re/WzozX/?noTomariHotel=177601,https://img.travel.rakuten.co.jp/image/tr/api/re/gJNfM/?f_hotel_no=177601,とらっどはかた,★朝は博多駅へ無料バス運行★コンビニ直結でお買い物も楽々★ウェルカムドリンクあり★全室シモンズベッド＆スマートTV導入★,6600,120891.56,469490.34,812-0018,福岡県,福岡市博多区住吉3-12-1,092-710-7675,092-710-7674,博多駅から散歩気分で徒歩12分。バスは「博多駅前Ａ（300番台）・Ｂ乗場」から約5分「住吉」バス停下車、すぐ。,タワー式22台：先着順 15時〜11時30分 税込1500円現金のみ 入出庫不可(22時〜7時),博多,https://img.travel.rakuten.co.jp/share/HOTEL/177601/177601.jpg,https://img.travel.rakuten.co.jp/HIMG/90/177601.jpg,,,https://img.travel.rakuten.co.jp/share/HOTEL/177601/177601map.gif,986.0,4.39,,twn01,【禁煙】ツイン1名利用 （24.90平米）,6323535.0,スタンダード/素泊り（事前決済/返金不可）,1,0,0,0,0,2,https://img.travel.rakuten.co.jp/image/tr/api/re/IdsCY/?f_no=177601&f_syu=twn01&f_hi1=2026-07-22&f_hi2=2026-07-23&f_heya_su=1&f_otona_su=1&f_s1=0&f_s2=0&f_y1=0&f_y2=0&f_y3=0&f_y4=0&f_camp_id=6323535,0,2026-07-22,22000,22000,0,2026-07-22,fukuoka
74609,パープルホテル二日市,https://img.travel.rakuten.co.jp/image/tr/api/re/pvonD/?f_no=74609,https://img.travel.rakuten.co.jp/image/tr/api/re/vFumt/?f_no=74609&f_flg=PLAN,https://img.travel.rakuten.co.jp/image/tr/api/re/WzozX/?noTomariHotel=74609,https://img.travel.rakuten.co.jp/image/tr/api/re/gJNfM/?f_hotel_no=74609,ぱーぷるほてるふつかいち,筑紫野ICより車で約7分、JR二日市駅西口から徒歩約7分、駐車場無料、太宰府観光にも好立地,4675,120554.96,469863.38,818-0058,福岡県,筑紫野市湯町2-5-6,092-922-2131,092-918-2221,ＪＲ二日市駅西口徒歩約7分・西鉄二日市車約10分・筑紫野IC車約7分・高速筑紫野バス停徒歩約5分,無料駐車場あり（敷地内と徒歩1分に2箇所）予約確保不可（身障者を除く）,二日市,https://img.travel.rakuten.co.jp/share/HOTEL/74609/74609.jpg,https://img.travel.rakuten.co.jp/HIMG/90/74609.jpg,https://img.travel.rakuten.co.jp/share/HOTEL/74609/74609_kya.jpg,https://img.travel.rakuten.co.jp/HIMG/INTERIOR/74609.jpg,https://img.travel.rakuten.co.jp/share/HOTEL/74609/74609map.gif,406.0,3.82,,tws,ツインA（禁煙室）,3155765.0,スタンダードプラン｜食事なし★到着時間の連絡不要★駐車場無料,1,0,0,0,0,1,https://img.travel.rakuten.co.jp/image/tr/api/re/IdsCY/?f_no=74609&f_syu=tws&f_hi1=2026-07-22&f_hi2=2026-07-23&f_heya_su=1&f_otona_su=1&f_s1=0&f_s2=0&f_y1=0&f_y2=0&f_y3=0&f_y4=0&f_camp_id=3155765,0,2026-07-22,13750,13750,0,2026-07-22,fukuoka
80686,二日市温泉　大観荘,https://img.travel.rakuten.co.jp/image/tr/api/re/pvonD/?f_no=80686,https://img.travel.rakuten.co.jp/image/tr/api/re/vFumt/?f_no=80686&f_flg=PLAN,https://img.travel.rakuten.co.jp/image/tr/api/re/WzozX/?noTomariHotel=80686,https://img.travel.rakuten.co.jp/image/tr/api/re/gJNfM/?f_hotel_no=80686,だいかんそう,万葉の香りといで湯の里　二日市温泉　大観荘,7650,120560.23,469854.3,818-0058,福岡県,筑紫野市湯町1-12-1,092-922-3236,092-928-0675,ＪＲ　二日市駅から車で５分／西鉄　二日市駅から車で８分,有り　１５０台　無料　予約不要,二日市,https://img.travel.rakuten.co.jp/share/HOTEL/80686/80686.jpg,https://img.travel.rakuten.co.jp/HIMG/90/80686.jpg,https://img.travel.rakuten.co.jp/share/HOTEL/80686/80686_k.jpg,https://img.travel.rakuten.co.jp/HIMG/INTERIOR/80686.jpg,https://img.travel.rakuten.co.jp/share/HOTEL/80686/80686map.gif,783.0,4.12,"特にお豆腐と豆乳の鍋がとってもおいし…　2026-07-05 19:44:56投稿 <a href=""https://img.travel.rakuten.co.jp/image/tr/api/re/gJNfM/?f_hotel_no=80686"" class=""3click"">つづきはこちら</a>",wab1,おちついた和室（別館・本館）,3756578.0,【１泊朝食付　レイトチェックイン可能】　ビジネスに！観光に！お手軽・お気軽宿泊プラン,1,0,0,1,0,1,https://img.travel.rakuten.co.jp/image/tr/api/re/IdsCY/?f_no=80686&f_syu=wab1&f_hi1=2026-07-22&f_hi2=2026-07-23&f_heya_su=1&f_otona_su=1&f_s1=0&f_s2=0&f_y1=0&f_y2=0&f_y3=0&f_y4=0&f_camp_id=3756578,0,2026-07-22,9850,9850,0,2026-07-22,fukuoka
140977,ＪＲ九州ホテル　ブラッサム博多中央,https://img.travel.rakuten.co.jp/image/tr/api/re/pvonD/?f_no=140977,https://img.travel.rakuten.co.jp/image/tr/api/re/vFumt/?f_no=140977&f_flg=PLAN,https://img.travel.rakuten.co.jp/image/tr/api/re/WzozX/?noTomariHotel=140977,https://img.travel.rakuten.co.jp/image/tr/api/re/gJNfM/?f_hotel_no=140977,じぇいあーるきゅうしゅうほてるぶらっさむはかたちゅうおう,ＪＲ博多駅博多口から一番近いホテル♪12歳まで添い寝無料！,11590,120911.77,469513.38,812-0011,福岡県,福岡市博多区博多駅前2-2-11,092-477-8739,092-477-8789,JR博多駅博多口より徒歩２分,提携駐車場　２０００円／１７時間。17時間を超える場合、200円／20分。,博多,https://img.travel.rakuten.co.jp/share/HOTEL/140977/140977.jpg,https://img.travel.rakuten.co.jp/HIMG/90/140977.jpg,https://img.travel.rakuten.co.jp/share/HOTEL/140977/140977_kya.jpg,https://img.travel.rakuten.co.jp/HIMG/INTERIOR/140977.jpg,https://img.travel.rakuten.co.jp/share/HOTEL/140977/140977map.gif,1397.0,4.04,"部屋の絨毯がところどころ凸凹してま…　2026-06-07 19:49:01投稿 <a href=""https://img.travel.rakuten.co.jp/image/tr/api/re/gJNfM/?f_hotel_no=140977"" class=""3click"">つづきはこちら</a>",ntd1,◇禁煙◇デラックスツイン 1名,5810924.0,【スタンダード】博多駅博多口から徒歩2分！女性でも安心なセキュリティ（食事なし）,1,0,0,0,0,1,https://img.travel.rakuten.co.jp/image/tr/api/re/IdsCY/?f_no=140977&f_syu=ntd1&f_hi1=2026-07-22&f_hi2=2026-07-23&f_heya_su=1&f_otona_su=1&f_s1=0&f_s2=0&f_y1=0&f_y2=0&f_y3=0&f_y4=0&f_camp_id=5810924,0,2026-07-22,31680,31680,0,2026-07-22,fukuoka
168722,オリエンタルホテル福岡　博多ステーション,https://img.travel.rakuten.co.jp/image/tr/api/re/pvonD/?f_no=168722,https://img.travel.rakuten.co.jp/image/tr/api/re/vFumt/?f_no=168722&f_flg=PLAN,https://img.travel.rakuten.co.jp/image/tr/api/re/WzozX/?noTomariHotel=168722,https://img.travel.rakuten.co.jp/image/tr/api/re/gJNfM/?f_hotel_no=168722,おりえんたるほてるふくおか　はかたすてーしょん,【JR博多駅隣接＆地下鉄博多駅直結】朝食レストランがグランドオープン☆ホテルこだわりの朝食ブッフェをお愉しみください！,15687,120914.18,469527.51,812-0012,福岡県,福岡市博多区博多駅中央街4-23,092-461-0170,092-461-0171,JR「博多駅」筑紫口から徒歩1分。福岡空港から地下鉄空港線で所要時間5分＆地下鉄「博多駅」直結,"Dパーキング(ホテル1F)/オオイパーキング博多駅東(竹下通り向かい):24H2,000円※予約不可",博多,https://img.travel.rakuten.co.jp/share/HOTEL/168722/168722.jpg,https://img.travel.rakuten.co.jp/HIMG/90/168722.jpg,,,https://img.travel.rakuten.co.jp/share/HOTEL/168722/168722map.gif,446.0,3.95,,batb,■バルコニーツイン 21平米（禁煙・14.5平米バルコニー）,6339864.0,【10％OFF】【楽天スーパーSALE】ファミリーにおすすめ！博多駅直結＆小学生添寝可／朝食付,1,0,0,1,0,1,https://img.travel.rakuten.co.jp/image/tr/api/re/IdsCY/?f_no=168722&f_syu=batb&f_hi1=2026-07-22&f_hi2=2026-07-23&f_heya_su=1&f_otona_su=1&f_s1=0&f_s2=0&f_y1=0&f_y2=0&f_y3=0&f_y4=0&f_camp_id=6339864,0,2026-07-22,64170,64170,0,2026-07-22,fukuoka
38630,二日市温泉　大丸別荘,https://img.travel.rakuten.co.jp/image/tr/api/re/pvonD/?f_no=38630,https://img.travel.rakuten.co.jp/image/tr/api/re/vFumt/?f_no=38630&f_flg=PLAN,https://img.travel.rakuten.co.jp/image/tr/api/re/WzozX/?noTomariHotel=38630,https://img.travel.rakuten.co.jp/image/tr/api/re/gJNfM/?f_hotel_no=38630,ふつかいちおんせん　だいまるべっそう,博多・天神から程近い場所にあり、お部屋食が可能なプランもございます。二日市温泉をご堪能下さい。,11141,120552.68,469860.0,818-0058,福岡県,筑紫野市湯町1-20-1,0120-026-145,092-924-4126,「福岡空港」より高速バスで約30分　「博多駅」よりＪＲ線利用で20分　「福岡天神駅」より西鉄電車利用で30分,無料駐車場有り（先着6０台）,二日市,https://img.travel.rakuten.co.jp/share/HOTEL/38630/38630.jpg,https://img.travel.rakuten.co.jp/HIMG/90/38630.jpg,https://img.travel.rakuten.co.jp/share/HOTEL/38630/38630_he.jpg,https://img.travel.rakuten.co.jp/HIMG/INTERIOR/38630.jpg,https://img.travel.rakuten.co.jp/share/HOTEL/38630/38630map.gif,467.0,4.7,"また、調度品も素晴らしかった…　2026-07-08 21:01:36投稿 <a href=""https://img.travel.rakuten.co.jp/image/tr/api/re/gJNfM/?f_hotel_no=38630"" class=""3click"">つづきはこちら</a>",j,【平安亭】（10畳+８畳+リビング）,6236466.0,【事前カード決済限定/返金不可】素泊りプラン【源泉かけ流し天然温泉を満喫】,1,0,0,0,0,2,https://img.travel.rakuten.co.jp/image/tr/api/re/IdsCY/?f_no=38630&f_syu=j&f_hi1=2026-07-22&f_hi2=2026-07-23&f_heya_su=1&f_otona_su=1&f_s1=0&f_s2=0&f_y1=0&f_y2=0&f_y3=0&f_y4=0&f_camp_id=6236466,0,2026-07-22,45887,45887,0,2026-07-22,fukuoka
167131,ホテル　グレートモーニング,https://img.travel.rakuten.co.jp/image/tr/api/re/pvonD/?f_no=167131,https://img.travel.rakuten.co.jp/image/tr/api/re/vFumt/?f_no=167131&f_flg=PLAN,https://img.travel.rakuten.co.jp/image/tr/api/re/WzozX/?noTomariHotel=167131,https://img.travel.rakuten.co.jp/image/tr/api/re/gJNfM/?f_hotel_no=167131,ぐれーともーにんぐ,☆2020年福岡県人気ホテル総合ランキング１位獲得☆　風の無いエアコンでキレイな空気 / 自然素材を使った家具や内装　,11500,120934.09,469481.43,812-0025,福岡県,福岡市博多区店屋町6-3,092-272-1414,092-710-4830,地下鉄「呉服町駅」「中洲川端駅」より徒歩にて約５分／福岡空港よりお車にて約１５分,"提携駐車場あり1,300円（税込／15時&#12316;翌11時まで／紙与パーキング店屋町）",呉服町（福岡）,https://img.travel.rakuten.co.jp/share/HOTEL/167131/167131.jpg,https://img.travel.rakuten.co.jp/HIMG/90/167131.jpg,,,https://img.travel.rakuten.co.jp/share/HOTEL/167131/167131map.gif,88.0,5.0,"お部屋も綺麗でとても心地よく過ごさせていただきました。綺麗さもさることながら、スタッフの皆様のホスピタリティも素晴らしく、最初にチェックインでお話をした方との会話もこの旅行の思い出の１つです！機会があ…　2026-04-27 18:18:21投稿 <a href=""https://img.travel.rakuten.co.jp/image/tr/api/re/gJNfM/?f_hotel_no=167131"" class=""3click"">つづきはこちら</a>",singleroom,シングル【2階】,5549590.0,【18時以降チェックイン・事前決済返金不可】素泊りでシンプルステイ,1,0,0,0,0,2,https://img.travel.rakuten.co.jp/image/tr/api/re/IdsCY/?f_no=167131&f_syu=singleroom&f_hi1=2026-07-22&f_hi2=2026-07-23&f_heya_su=1&f_otona_su=1&f_s1=0&f_s2=0&f_y1=0&f_y2=0&f_y3=0&f_y4=0&f_camp_id=5549590,0,2026-07-22,24500,24500,0,2026-07-22,fukuoka
176673,ＣＯＣＯ　Ｆｕｋｕｏｋａ　Ｃｈｉｙｏ,https://img.travel.rakuten.co.jp/image/tr/api/re/pvonD/?f_no=176673,https://img.travel.rakuten.co.jp/image/tr/api/re/vFumt/?f_no=176673&f_flg=PLAN,,https://img.travel.rakuten.co.jp/image/tr/api/re/gJNfM/?f_hotel_no=176673,ここ　ふくおか　ちよ,全室洗濯機を完備した、長期滞在者向けのサービスアパートメントです。,11000,120946.78,469508.51,812-0044,福岡県,福岡市博多区千代2-4-27　プレアール千代,080-3428-7912,,千代県庁口駅より徒歩にて約５分,無し,千代県庁口,https://img.travel.rakuten.co.jp/share/HOTEL/176673/176673.jpg,https://img.travel.rakuten.co.jp/HIMG/90/176673.jpg,,,https://img.travel.rakuten.co.jp/share/HOTEL/176673/176673map.gif,8.0,4.0,,1101,Twin Room --01,,,1,0,0,0,0,2,https://img.travel.rakuten.co.jp/image/tr/api/re/IdsCY/?f_no=176673&f_syu=1101&f_hi1=2026-07-22&f_hi2=2026-07-23&f_heya_su=1&f_otona_su=1&f_s1=0&f_s2=0&f_y1=0&f_y2=0&f_y3=0&f_y4=0,1,2026-07-22,19600,19600,1,2026-07-22,fukuoka
196685,十二ＨＯＴＥＬ（ジュウニホテル）,https://img.travel.rakuten.co.jp/image/tr/api/re/pvonD/?f_no=196685,https://img.travel.rakuten.co.jp/image/tr/api/re/vFumt/?f_no=196685&f_flg=PLAN,https://img.travel.rakuten.co.jp/image/tr/api/re/WzozX/?noTomariHotel=196685,https://img.travel.rakuten.co.jp/image/tr/api/re/gJNfM/?f_hotel_no=196685,じゅうにほてる,２０２５年６月開業！オールインクルーシブ×全室サウナ付。１２室限定の特別ホテル。,11550,120917.6,469656.71,812-0853,福岡県,福岡市博多区東平尾1-16-25,092-623-6383,092-623-6384,福岡空港⇔ホテル間の送迎サービスを事前予約制で実施中。,無料駐車場12台あり,福岡空港,https://img.travel.rakuten.co.jp/share/HOTEL/196685/196685.jpg,https://img.travel.rakuten.co.jp/HIMG/90/196685.jpg,,,https://img.travel.rakuten.co.jp/share/HOTEL/196685/196685map.gif,31.0,4.73,"素晴らしい1日をすごせました。サウナに水風呂、製氷機にワイン。広い部屋に素晴らしい設備が整ってチェックインからチェックアウトまで有意義に過ごせました。オールインクルーシブはコンビニ無料みたいな感覚でお…　2026-06-02 10:39:25投稿 <a href=""https://img.travel.rakuten.co.jp/image/tr/api/re/gJNfM/?f_hotel_no=196685"" class=""3click"">つづきはこちら</a>",finlandsa2,フィンランドサウナ付ルーム（ツイン60m2）(1〜4名利用),6254977.0,【オールインクルーシブ】好きなドリンクや軽食を客室で｜本格フィンランドサウナルーム確約（60m2）,1,0,0,0,0,2,https://img.travel.rakuten.co.jp/image/tr/api/re/IdsCY/?f_no=196685&f_syu=finlandsa2&f_hi1=2026-07-22&f_hi2=2026-07-23&f_heya_su=1&f_otona_su=1&f_s1=0&f_s2=0&f_y1=0&f_y2=0&f_y3=0&f_y4=0&f_camp_id=6254977,0,2026-07-22,35120,35120,0,2026-07-22,fukuoka
174944,ヴィンテージＩＩＩ／民泊,https://img.travel.rakuten.co.jp/image/tr/api/re/pvonD/?f_no=174944,https://img.travel.rakuten.co.jp/image/tr/api/re/vFumt/?f_no=174944&f_flg=PLAN,,https://img.travel.rakuten.co.jp/image/tr/api/re/gJNfM/?f_hotel_no=174944,,【民泊】,2552,120871.35,469296.04,814-0005,福岡県,福岡市早良区祖原8-21,090-3685-1866,000-000-0000,西新駅より徒歩にて約４分,無し,西新,https://img.travel.rakuten.co.jp/share/HOTEL/174944/174944.jpg,https://img.travel.rakuten.co.jp/HIMG/90/174944.jpg,,,https://img.travel.rakuten.co.jp/share/HOTEL/174944/174944map.gif,,,,r14906_4,ヴィンテージIII 301,4761016.0,【無料Wi-Fi】博多や天神へのアクセス良好♪西新駅から徒歩圏内!! ロフト付,1,0,0,0,0,2,https://img.travel.rakuten.co.jp/image/tr/api/re/IdsCY/?f_no=174944&f_syu=r14906_4&f_hi1=2026-07-22&f_hi2=2026-07-23&f_heya_su=1&f_otona_su=1&f_s1=0&f_s2=0&f_y1=0&f_y2=0&f_y3=0&f_y4=0&f_camp_id=4761016,0,2026-07-22,6728,6728,0,2026-07-22,fukuoka
172418,Ｃｌｏｕｄ　Ｓｈａｒｉｎｇ　Ｈｏｔｅｌ　＠ＨＡＫＡＴＡ　１,https://img.travel.rakuten.co.jp/image/tr/api/re/pvonD/?f_no=172418,https://img.travel.rakuten.co.jp/image/tr/api/re/vFumt/?f_no=172418&f_flg=PLAN,,https://img.travel.rakuten.co.jp/image/tr/api/re/gJNfM/?f_hotel_no=172418,くらうどしぇありんぐほてる　あっと　はかた　わん,博多駅徒歩１2分地下鉄七隈線櫛田神社前駅徒歩4分☆キャナルシティ３分☆ゲストハウス☆便利でリーズナブルな宿です！,3500,120902.16,469491.51,812-0018,福岡県,福岡市博多区住吉2-14-1　エトランゼ博多3階,090-3663-2473,000-000-0000,ＪＲ博多駅より徒歩12分 地下鉄七隈線櫛田神社前駅徒歩4分,無し,博多,https://img.travel.rakuten.co.jp/share/HOTEL/172418/172418.jpg,https://img.travel.rakuten.co.jp/HIMG/90/172418.jpg,https://img.travel.rakuten.co.jp/share/HOTEL/172418/172418_kan1.jpg,https://img.travel.rakuten.co.jp/HIMG/INTERIOR/172418.jpg,https://img.travel.rakuten.co.jp/share/HOTEL/172418/172418map.gif,35.0,3.26,,etoranze1,地下鉄七隈線櫛田神社前駅徒歩4分 ドミトリー形式二段ベッド ,,,5,0,0,0,0,2,https://img.travel.rakuten.co.jp/image/tr/api/re/IdsCY/?f_no=172418&f_syu=etoranze1&f_hi1=2026-07-22&f_hi2=2026-07-23&f_heya_su=1&f_otona_su=1&f_s1=0&f_s2=0&f_y1=0&f_y2=0&f_y3=0&f_y4=0,1,2026-07-22,3500,3500,0,2026-07-22,fukuoka
179849,Ｆｕｋｕｏｋａ　Ｇｕｅｓｔｈｏｕｓｅ　ＳＨＩＰ,https://img.travel.rakuten.co.jp/image/tr/api/re/pvonD/?f_no=179849,https://img.travel.rakuten.co.jp/image/tr/api/re/vFumt/?f_no=179849&f_flg=PLAN,,https://img.travel.rakuten.co.jp/image/tr/api/re/gJNfM/?f_hotel_no=179849,ふくおか　げすとはうす　しっぷ,ここで出会った仲間という風と旅や日常の波を超えていく,3420,120959.76,469471.41,812-0033,福岡県,福岡市博多区大博町8-26,092-402-1908,092-402-1908,呉服町駅より徒歩にて約１０分　マリンメッセ、国際会議場まで徒歩５分,近隣に格安コインパーキング（例：夜20時から朝8時200円）多数ございます。,呉服町（福岡）,https://img.travel.rakuten.co.jp/share/HOTEL/179849/179849.jpg,https://img.travel.rakuten.co.jp/HIMG/90/179849.jpg,,,https://img.travel.rakuten.co.jp/share/HOTEL/179849/179849map.gif,37.0,4.2,"とにかくスタッフさんの対応がめちゃくちゃ良かったです。ライブで遠征のため一人で福岡に行っていたので不安がありましたが、スタッフさんが優しくてとても良い人達だったので安心できました。また福岡に遠征いくと…　2026-03-16 18:56:43投稿 <a href=""https://img.travel.rakuten.co.jp/image/tr/api/re/gJNfM/?f_hotel_no=179849"" class=""3click"">つづきはこちら</a>",mix02,女性専用ドミトリー,5134080.0,【直前】直前予約がお得なチャンス！※地下鉄呉服町駅より徒歩10分,1,0,0,0,0,1,https://img.travel.rakuten.co.jp/image/tr/api/re/IdsCY/?f_no=179849&f_syu=mix02&f_hi1=2026-07-22&f_hi2=2026-07-23&f_heya_su=1&f_otona_su=1&f_s1=0&f_s2=0&f_y1=0&f_y2=0&f_y3=0&f_y4=0&f_camp_id=5134080,0,2026-07-22,3600,3600,0,2026-07-22,fukuoka
198566,Ｌｉｖｉｎｇ　ｌｉｋｅ　Ｈｏｔｅｌ　博多駅前,https://img.travel.rakuten.co.jp/image/tr/api/re/pvonD/?f_no=198566,https://img.travel.rakuten.co.jp/image/tr/api/re/vFumt/?f_no=198566&f_flg=PLAN,,https://img.travel.rakuten.co.jp/image/tr/api/re/gJNfM/?f_hotel_no=198566,りびんぐ らいく ほてる はかたえきまえ,☆2LDK☆広々とした自宅のような心地よさ！駅近でアクセス抜群です,4261,120885.22,469518.92,812-0011,福岡県,福岡市博多区博多駅前4-33-6,092-292-1015,011-531-4154,博多駅より徒歩15分,なし,博多,https://img.travel.rakuten.co.jp/share/HOTEL/198566/198566.jpg,https://img.travel.rakuten.co.jp/HIMG/90/198566.jpg,,,https://img.travel.rakuten.co.jp/share/HOTEL/198566/198566map.gif,,,,lhem-b,ファミリースイート,6429000.0,【返金不可】日程が決まった方はこちら！,1,0,0,0,0,2,https://img.travel.rakuten.co.jp/image/tr/api/re/IdsCY/?f_no=198566&f_syu=lhem-b&f_hi1=2026-07-22&f_hi2=2026-07-23&f_heya_su=1&f_otona_su=1&f_s1=0&f_s2=0&f_y1=0&f_y2=0&f_y3=0&f_y4=0&f_camp_id=6429000,0,2026-07-22,26786,26786,0,2026-07-22,fukuoka
181717,ホテルリブマックス博多駅前,https://img.travel.rakuten.co.jp/image/tr/api/re/pvonD/?f_no=181717,https://img.travel.rakuten.co.jp/image/tr/api/re/vFumt/?f_no=181717&f_flg=PLAN,https://img.travel.rakuten.co.jp/image/tr/api/re/WzozX/?noTomariHotel=181717,https://img.travel.rakuten.co.jp/image/tr/api/re/gJNfM/?f_hotel_no=181717,ほてるりぶまっくすはかたえきまえ,【2020年12月OPEN】「博多駅」徒歩5分　加湿空気清浄機＆電子レンジなど充実のルームコンテンツ,5100,120913.17,469500.65,812-0011,福岡県,福岡市博多区博多駅前2-7-9,092-419-2280,092-419-2281,「博多」駅より徒歩5分,無し※近隣にコインパーキング多数あり！,博多,https://img.travel.rakuten.co.jp/share/HOTEL/181717/181717.jpg,https://img.travel.rakuten.co.jp/HIMG/90/181717.jpg,,,https://img.travel.rakuten.co.jp/share/HOTEL/181717/181717map.gif,309.0,3.73,"とてもいいのだが、ベッドがセミダブルなのでちょっと狭い。部屋が広いので、もう少し広いベッドだと嬉しいです。　2026-06-24 19:14:42投稿 <a href=""https://img.travel.rakuten.co.jp/image/tr/api/re/gJNfM/?f_hotel_no=181717"" class=""3click"">つづきはこちら</a>",twin,【ツインルーム】喫煙/定員２名/１５平米/シングルベッド２台,5721718.0,【リブマックスセール】《15％OFF》ホテルリブマックス博多駅前【素泊り】,1,0,0,0,0,1,https://img.travel.rakuten.co.jp/image/tr/api/re/IdsCY/?f_no=181717&f_syu=twin&f_hi1=2026-07-22&f_hi2=2026-07-23&f_heya_su=1&f_otona_su=1&f_s1=0&f_s2=0&f_y1=0&f_y2=0&f_y3=0&f_y4=0&f_camp_id=5721718,0,2026-07-22,21250,21250,0,2026-07-22,fukuoka
195905,Ｆｕｋｕｏｋａ　Ｇｕｅｓｔｈｏｕｓｅ　ＣＡＭＰ,https://img.travel.rakuten.co.jp/image/tr/api/re/pvonD/?f_no=195905,https://img.travel.rakuten.co.jp/image/tr/api/re/vFumt/?f_no=195905&f_flg=PLAN,,https://img.travel.rakuten.co.jp/image/tr/api/re/gJNfM/?f_hotel_no=195905,フクオカゲストハウス　キャンプ,深呼吸と遊びごころ　明かりの種を持ち寄る　僕らの隠れ家,3420,120957.08,469466.22,812-0033,福岡県,福岡市博多区大博町4-5,092-235-1565,092-235-1565,地下鉄呉服町駅より徒歩約１０分、マリンメッセ、国際会議場まで徒歩５分,近隣に格安コインパーキング（例：夜20時から朝8時200円）多数ございます。,呉服町（福岡）,https://img.travel.rakuten.co.jp/share/HOTEL/195905/195905.jpg,https://img.travel.rakuten.co.jp/HIMG/90/195905.jpg,,,https://img.travel.rakuten.co.jp/share/HOTEL/195905/195905map.gif,4.0,,,mixdomi,男女混合ドミトリー ,6163282.0,【直前】直前予約がお得なチャンス！ ※地下鉄呉服町駅より徒歩１０分♪・マリンメッセまで徒歩５分♪,1,0,0,0,0,1,https://img.travel.rakuten.co.jp/image/tr/api/re/IdsCY/?f_no=195905&f_syu=mixdomi&f_hi1=2026-07-22&f_hi2=2026-07-23&f_heya_su=1&f_otona_su=1&f_s1=0&f_s2=0&f_y1=0&f_y2=0&f_y3=0&f_y4=0&f_camp_id=6163282,0,2026-07-22,4000,4000,0,2026-07-22,fukuoka
167240,Ｈｏｓｔｅｌ　ＴＯＫＩ,https://img.travel.rakuten.co.jp/image/tr/api/re/pvonD/?f_no=167240,https://img.travel.rakuten.co.jp/image/tr/api/re/vFumt/?f_no=167240&f_flg=PLAN,,https://img.travel.rakuten.co.jp/image/tr/api/re/gJNfM/?f_hotel_no=167240,ほすてる　とき,博多駅から徒歩圏内＆レトロな商店街エリアに位置する、隠れ家風で落ち着いた雰囲気のゲストハウス♪,3400,120878.02,469515.85,812-0017,福岡県,福岡市博多区美野島2-2-21　1Ｆ,092-985-4412,000-000-0000,博多駅（博多口）より　徒歩で約15分またはバスで約5分,駐車場はありませんので、周辺のコインPをご利用ください。建物前の駐車場は当宿の駐車場ではありません。,博多,https://img.travel.rakuten.co.jp/share/HOTEL/167240/167240.jpg,https://img.travel.rakuten.co.jp/HIMG/90/167240.jpg,https://img.travel.rakuten.co.jp/share/HOTEL/167240/167240_kan1.jpg,https://img.travel.rakuten.co.jp/HIMG/INTERIOR/167240.jpg,https://img.travel.rakuten.co.jp/share/HOTEL/167240/167240map.gif,38.0,4.43,"機会があったらまた利用したいです！　2026-05-10 16:20:18投稿 <a href=""https://img.travel.rakuten.co.jp/image/tr/api/re/gJNfM/?f_hotel_no=167240"" class=""3click"">つづきはこちら</a>",femaledorm,6名定員(女性専用),4312550.0,★【初めてのゲストハウスでも安心】女性専用ドミトリー  広々ベッド,1,0,0,0,0,2,https://img.travel.rakuten.co.jp/image/tr/api/re/IdsCY/?f_no=167240&f_syu=femaledorm&f_hi1=2026-07-22&f_hi2=2026-07-23&f_heya_su=1&f_otona_su=1&f_s1=0&f_s2=0&f_y1=0&f_y2=0&f_y3=0&f_y4=0&f_camp_id=4312550,0,2026-07-22,4900,4900,0,2026-07-22,fukuoka
172657,ＪＡＭ　ＨＯＳＴＥＬ博多駅前（ＪＡＭ　ＨＯＳＴＥＬ　Ｈａｋａｔａ　Ｓｔａｔｉｏｎ　Ｆｒｏｎｔ）,https://img.travel.rakuten.co.jp/image/tr/api/re/pvonD/?f_no=172657,https://img.travel.rakuten.co.jp/image/tr/api/re/vFumt/?f_no=172657&f_flg=PLAN,,https://img.travel.rakuten.co.jp/image/tr/api/re/gJNfM/?f_hotel_no=172657,じゃむほすてるはかたえきまえ（じゃむほすてるはかたすてーしょんふろんと）,博多駅より徒歩6分。博多駅から1番近いゲストハウスです(*^-^*) 珍しいモーニングチェックインOK♪,3330,120896.08,469519.11,812-0011,福岡県,福岡市博多区博多駅前4-17-22,070-7528-6474,000-000-0000,ＪＲ　博多駅より徒歩にて約６分,近くのコインパーキングをご紹介します。,博多,https://img.travel.rakuten.co.jp/share/HOTEL/172657/172657.jpg,https://img.travel.rakuten.co.jp/HIMG/90/172657.jpg,https://img.travel.rakuten.co.jp/share/HOTEL/172657/172657_kan1.jpg,https://img.travel.rakuten.co.jp/HIMG/INTERIOR/172657.jpg,https://img.travel.rakuten.co.jp/share/HOTEL/172657/172657map.gif,60.0,3.2,"スタッフの方の対応が大好きです。　2026-03-29 03:47:57投稿 <a href=""https://img.travel.rakuten.co.jp/image/tr/api/re/gJNfM/?f_hotel_no=172657"" class=""3click"">つづきはこちら</a>",207,男女共用ドミトリー　二段ベッド1名分,4435809.0,ドミトリールーム　オンライン決済プラン♪　【禁煙】 通常の予約よりお得です！,1,0,0,0,0,2,https://img.travel.rakuten.co.jp/image/tr/api/re/IdsCY/?f_no=172657&f_syu=207&f_hi1=2026-07-22&f_hi2=2026-07-23&f_heya_su=1&f_otona_su=1&f_s1=0&f_s2=0&f_y1=0&f_y2=0&f_y3=0&f_y4=0&f_camp_id=4435809,0,2026-07-22,5200,5200,0,2026-07-22,fukuoka
200485,Ｌｅ　Ｌｉｅｎ　Ｈａｋｏｚａｋｉ　ＩＩ　＾,https://img.travel.rakuten.co.jp/image/tr/api/re/pvonD/?f_no=200485,https://img.travel.rakuten.co.jp/image/tr/api/re/vFumt/?f_no=200485&f_flg=PLAN,,https://img.travel.rakuten.co.jp/image/tr/api/re/gJNfM/?f_hotel_no=200485,, ,5278,121020.24,469525.13,812-0053,福岡県,福岡市東区箱崎2-14-8-1　Ｌｅ　Ｌｉｅｎ　Ｂｌａｎｃ　Ｈａｋｏｚａｋｉ,080-4283-6387,00-0000-0000,箱崎九大前駅から徒歩で4分,あり,箱崎九大前,https://img.travel.rakuten.co.jp/share/HOTEL/200485/200485.jpg,https://img.travel.rakuten.co.jp/HIMG/90/200485.jpg,,,https://img.travel.rakuten.co.jp/share/HOTEL/200485/200485map.gif,,,,1590276_10,一戸建て,6511994.0,【新築3階建て貸切】筥崎宮徒歩圏|Aladdinプロジェクター|最大10名、II号棟,1,0,0,0,0,2,https://img.travel.rakuten.co.jp/image/tr/api/re/IdsCY/?f_no=200485&f_syu=1590276_10&f_hi1=2026-07-22&f_hi2=2026-07-23&f_heya_su=1&f_otona_su=1&f_s1=0&f_s2=0&f_y1=0&f_y2=0&f_y3=0&f_y4=0&f_camp_id=6511994,0,2026-07-22,23256,23256,0,2026-07-22,fukuoka
184956,博多駅まで徒歩５分！敷地内の激安駐車場あり！最上階豪華ステイ！Ｒｉｖｅｒ　Ｓｋｙ　Ｈａｋａｔａ／民泊,https://img.travel.rakuten.co.jp/image/tr/api/re/pvonD/?f_no=184956,https://img.travel.rakuten.co.jp/image/tr/api/re/vFumt/?f_no=184956&f_flg=PLAN,,https://img.travel.rakuten.co.jp/image/tr/api/re/gJNfM/?f_hotel_no=184956,,　,9744,120929.43,469529.64,812-0043,福岡県,福岡市博多区堅粕5-5-20　ピコロ博多　１20１号室,070-8543-3939,000-000-0000,博多駅から徒歩で約７分,無し,博多,https://img.travel.rakuten.co.jp/share/HOTEL/184956/184956.jpg,https://img.travel.rakuten.co.jp/HIMG/90/184956.jpg,,,https://img.travel.rakuten.co.jp/share/HOTEL/184956/184956map.gif,,,,r12587_8,ピコロ博多 1201号室,5538039.0,NEW博多駅まで徒歩5分!敷地内の激安駐車場あり!最上階豪華ステイ!River Sky Hakata,1,0,0,0,0,2,https://img.travel.rakuten.co.jp/image/tr/api/re/IdsCY/?f_no=184956&f_syu=r12587_8&f_hi1=2026-07-22&f_hi2=2026-07-23&f_heya_su=1&f_otona_su=1&f_s1=0&f_s2=0&f_y1=0&f_y2=0&f_y3=0&f_y4=0&f_camp_id=5538039,0,2026-07-22,44079,44079,0,2026-07-22,fukuoka
178470,Ｓｔａｙ　Ｈａｋａｔａ,https://img.travel.rakuten.co.jp/image/tr/api/re/pvonD/?f_no=178470,https://img.travel.rakuten.co.jp/image/tr/api/re/vFumt/?f_no=178470&f_flg=PLAN,,https://img.travel.rakuten.co.jp/image/tr/api/re/gJNfM/?f_hotel_no=178470,すてい　はかた,キャナルシティまで徒歩5分。天神・博多まで車で５分。60平米の広い部屋で、家族・グループ旅行に人気！,5550,120895.62,469487.29,812-0018,福岡県,福岡市博多区住吉3-9-22,092-406-8470,092-406-8441,博多駅より徒歩にて約２０分　または　お車にて約１０分,無し,博多,https://img.travel.rakuten.co.jp/share/HOTEL/178470/178470.jpg,https://img.travel.rakuten.co.jp/HIMG/90/178470.jpg,https://img.travel.rakuten.co.jp/share/HOTEL/178470/178470_kan1.jpg,https://img.travel.rakuten.co.jp/HIMG/INTERIOR/178470.jpg,https://img.travel.rakuten.co.jp/share/HOTEL/178470/178470map.gif,38.0,4.05,,fs,ファミリースイート禁煙,5872403.0,キャッシュレスで受付がスムーズに！キャナルシティや屋台へ徒歩圏内！Stay Hakataに泊まろう,5,0,0,0,0,2,https://img.travel.rakuten.co.jp/image/tr/api/re/IdsCY/?f_no=178470&f_syu=fs&f_hi1=2026-07-22&f_hi2=2026-07-23&f_heya_su=1&f_otona_su=1&f_s1=0&f_s2=0&f_y1=0&f_y2=0&f_y3=0&f_y4=0&f_camp_id=5872403,0,2026-07-22,17000,17000,0,2026-07-22,fukuoka
164742,Ｆｕｋｕｏｋａ　Ｇｕｅｓｔｈｏｕｓｅ　ＨＩＶＥ,https://img.travel.rakuten.co.jp/image/tr/api/re/pvonD/?f_no=164742,https://img.travel.rakuten.co.jp/image/tr/api/re/vFumt/?f_no=164742&f_flg=PLAN,,https://img.travel.rakuten.co.jp/image/tr/api/re/gJNfM/?f_hotel_no=164742,ふくおか　げすとはうす　はいぶ,人々が ’ひとやすみ’ してまた次へ羽ばたけるような止まり木のような巣(ハコ),3800,120940.08,469490.58,812-0036,福岡県,福岡市博多区上呉服町4-3,092-292-4232,092-292-4232,地下鉄呉服町駅より徒歩２分 　JR博多駅より西鉄バス５分(徒歩15分）　西鉄天神駅より西鉄バス５分(徒歩20分),近隣に格安コインパーキング（例：夜20〜朝8時200円）ございます。バイクはお店の前に駐車可。,呉服町（福岡）,https://img.travel.rakuten.co.jp/share/HOTEL/164742/164742.jpg,https://img.travel.rakuten.co.jp/HIMG/90/164742.jpg,https://img.travel.rakuten.co.jp/share/HOTEL/164742/164742_kan1.jpg,https://img.travel.rakuten.co.jp/HIMG/INTERIOR/164742.jpg,https://img.travel.rakuten.co.jp/share/HOTEL/164742/164742map.gif,103.0,4.2,"スリッパがなく、レンタルもないので、持参することをオススメします。　2026-06-09 19:32:53投稿 <a href=""https://img.travel.rakuten.co.jp/image/tr/api/re/gJNfM/?f_hotel_no=164742"" class=""3click"">つづきはこちら</a>",femdomi,女性専用ドミトリー,5134057.0,【直前】直前予約がお得なチャンス！※地下鉄呉服町駅より徒歩２分,1,0,0,0,0,1,https://img.travel.rakuten.co.jp/image/tr/api/re/IdsCY/?f_no=164742&f_syu=femdomi&f_hi1=2026-07-22&f_hi2=2026-07-23&f_heya_su=1&f_otona_su=1&f_s1=0&f_s2=0&f_y1=0&f_y2=0&f_y3=0&f_y4=0&f_camp_id=5134057,0,2026-07-22,4800,4800,0,2026-07-22,fukuoka
192863,ｒｉｔｏｍａｒｕ　ｒｏｏｍｓ　ｈａｋａｔａ　ｈａｋｏｚａｋｉ,https://img.travel.rakuten.co.jp/image/tr/api/re/pvonD/?f_no=192863,https://img.travel.rakuten.co.jp/image/tr/api/re/vFumt/?f_no=192863&f_flg=PLAN,,https://img.travel.rakuten.co.jp/image/tr/api/re/gJNfM/?f_hotel_no=192863,りとまるるーむすはかたはこざき,【すべてのペットと泊まれる宿】1日2組限定・ワンフロア貸切。JR箱崎駅から徒歩わずか1分,6204,121012.25,469543.69,812-0053,福岡県,福岡市東区箱崎1-6-7,050-8886-0515,03-4216-7033,JR鹿児島本線「箱崎」駅西口より徒歩約1分/博多駅より2駅約5分/福岡空港より約30分,施設専用の駐車場はございません。近隣のコインパーキングをご利用ください。,箱崎,https://img.travel.rakuten.co.jp/share/HOTEL/192863/192863.jpg,https://img.travel.rakuten.co.jp/HIMG/90/192863.jpg,,,https://img.travel.rakuten.co.jp/share/HOTEL/192863/192863map.gif,7.0,4.57,,2nd,2nd Floor(109.18平米),6061983.0,【スタンダード】博多駅からアクセス抜群！ペットOK＆ワンフロア貸切のプライベートステイ＜素泊まり＞,1,0,0,0,0,2,https://img.travel.rakuten.co.jp/image/tr/api/re/IdsCY/?f_no=192863&f_syu=2nd&f_hi1=2026-07-22&f_hi2=2026-07-23&f_heya_su=1&f_otona_su=1&f_s1=0&f_s2=0&f_y1=0&f_y2=0&f_y3=0&f_y4=0&f_camp_id=6061983,0,2026-07-22,44400,44400,0,2026-07-22,fukuoka
56976,休暇村　志賀島,https://img.travel.rakuten.co.jp/image/tr/api/re/pvonD/?f_no=56976,https://img.travel.rakuten.co.jp/image/tr/api/re/vFumt/?f_no=56976&f_flg=PLAN,https://img.travel.rakuten.co.jp/image/tr/api/re/WzozX/?noTomariHotel=56976,https://img.travel.rakuten.co.jp/image/tr/api/re/gJNfM/?f_hotel_no=56976,きゅうかむら　しかのしま,玄界灘のビーチサイドリゾート　海が見える露天風呂で温泉を満喫　リニューアルした玄界灘海鮮ビュッフェ,14200,121248.02,469053.63,811-0325,福岡県,福岡市東区勝馬1803-1,092-603-6631,092-603-6634,ＪＲ　西戸崎駅より西鉄バスにて約２０分、休暇村志賀島バス停にて下車すぐ（玄関前に到着）,有り　１５０台　無料　予約不要,西戸崎,https://img.travel.rakuten.co.jp/share/HOTEL/56976/56976.jpg,https://img.travel.rakuten.co.jp/HIMG/90/56976.jpg,https://img.travel.rakuten.co.jp/share/HOTEL/56976/56976_kya.jpg,https://img.travel.rakuten.co.jp/HIMG/INTERIOR/56976.jpg,https://img.travel.rakuten.co.jp/share/HOTEL/56976/56976map.gif,439.0,4.29,"朝食ブュッフェも、同様の充実さ。また、行きたいと思うホ…　2026-07-16 21:25:31投稿 <a href=""https://img.travel.rakuten.co.jp/image/tr/api/re/gJNfM/?f_hotel_no=56976"" class=""3click"">つづきはこちら</a>",wa1haku,海の見える和室【禁煙】,6369782.0,【21時までチェックインOK！】１泊朝食付き宿泊プラン2026,1,0,0,1,0,1,https://img.travel.rakuten.co.jp/image/tr/api/re/IdsCY/?f_no=56976&f_syu=wa1haku&f_hi1=2026-07-22&f_hi2=2026-07-23&f_heya_su=1&f_otona_su=1&f_s1=0&f_s2=0&f_y1=0&f_y2=0&f_y3=0&f_y4=0&f_camp_id=6369782,0,2026-07-22,19200,19200,0,2026-07-22,fukuoka
196734,慶　ＨＯＴＥＬ　ＬＩＫＥ　ＲＥＳＩＤＥＮＣＥ,https://img.travel.rakuten.co.jp/image/tr/api/re/pvonD/?f_no=196734,https://img.travel.rakuten.co.jp/image/tr/api/re/vFumt/?f_no=196734&f_flg=PLAN,,https://img.travel.rakuten.co.jp/image/tr/api/re/gJNfM/?f_hotel_no=196734,けいほてるらいくれじでんす,新築のアパートメントホテル！室内キッチンあり！,1885,120874.82,469517.49,812-0017,福岡県,福岡市博多区美野島2-5-2,092-409-4892,092-401-1057,博多駅より徒歩で約１８分,無し,博多,https://img.travel.rakuten.co.jp/share/HOTEL/196734/196734.jpg,https://img.travel.rakuten.co.jp/HIMG/90/196734.jpg,,,https://img.travel.rakuten.co.jp/share/HOTEL/196734/196734map.gif,8.0,4.25,,ahito,デラックスA,6257259.0,【素泊まり】スタンダードプラン「迷ったらコレ！」,1,0,0,0,0,2,https://img.travel.rakuten.co.jp/image/tr/api/re/IdsCY/?f_no=196734&f_syu=ahito&f_hi1=2026-07-22&f_hi2=2026-07-23&f_heya_su=1&f_otona_su=1&f_s1=0&f_s2=0&f_y1=0&f_y2=0&f_y3=0&f_y4=0&f_camp_id=6257259,0,2026-07-22,16467,16467,0,2026-07-22,fukuoka
177090,ＨＯＴＥＬ　ＣＵＬＴＩＡ　太宰府,https://img.travel.rakuten.co.jp/image/tr/api/re/pvonD/?f_no=177090,https://img.travel.rakuten.co.jp/image/tr/api/re/vFumt/?f_no=177090&f_flg=PLAN,https://img.travel.rakuten.co.jp/image/tr/api/re/WzozX/?noTomariHotel=177090,https://img.travel.rakuten.co.jp/image/tr/api/re/gJNfM/?f_hotel_no=177090,ほてる　かるてぃあ　だざいふ,【博多駅より車で30分】太宰府天満宮の門前町に溶け込む”CULTURE”ホテル。,33526,120663.63,469930.02,818-0117,福岡県,太宰府市宰府3-3-33,0120-210-289,,西鉄「太宰府」駅より徒歩約5分,有り（無料）※近隣の駐車場をご案内しております,太宰府,https://img.travel.rakuten.co.jp/share/HOTEL/177090/177090.jpg,https://img.travel.rakuten.co.jp/HIMG/90/177090.jpg,,,https://img.travel.rakuten.co.jp/share/HOTEL/177090/177090map.gif,77.0,4.5,,20240125e,KOUKOTEI 202号室 35平米,6157224.0,【直前割】福岡産米・地元野菜の炊き合わせなど、体に優しい健康食で穏やかな朝をスタート！＜朝食付＞,1,0,0,1,0,1,https://img.travel.rakuten.co.jp/image/tr/api/re/IdsCY/?f_no=177090&f_syu=20240125e&f_hi1=2026-07-22&f_hi2=2026-07-23&f_heya_su=1&f_otona_su=1&f_s1=0&f_s2=0&f_y1=0&f_y2=0&f_y3=0&f_y4=0&f_camp_id=6157224,0,2026-07-22,56715,56715,0,2026-07-22,fukuoka
196144,Ｇｒａｎｄ　ＳＴＡＹ　博多駅北,https://img.travel.rakuten.co.jp/image/tr/api/re/pvonD/?f_no=196144,https://img.travel.rakuten.co.jp/image/tr/api/re/vFumt/?f_no=196144&f_flg=PLAN,,https://img.travel.rakuten.co.jp/image/tr/api/re/gJNfM/?f_hotel_no=196144,ぐらんど　すてい　はかたえききた,ＪＲ博多駅から徒歩１3分！！　福岡の中心地、博多が徒歩圏内！フランスベッド、洗濯乾燥機、プロジェクター完備！,14875,120940.47,469531.52,812-0043,福岡県,福岡市博多区堅粕3-15-4,092-412-5133,--,博多駅筑紫口より徒歩にて約１３分になります。,有り　１２台　予約不可（先着順）,博多,https://img.travel.rakuten.co.jp/share/HOTEL/196144/196144.jpg,https://img.travel.rakuten.co.jp/HIMG/90/196144.jpg,,,https://img.travel.rakuten.co.jp/share/HOTEL/196144/196144map.gif,7.0,4.33,,twinc,スーペリアツイン+チェア（1~4名利用）,6186412.0,【♪♪口コミ投稿プラン♪♪】 最安価格でご提供！博多駅から徒歩13分！全室シアタールーム付,1,0,0,0,0,2,https://img.travel.rakuten.co.jp/image/tr/api/re/IdsCY/?f_no=196144&f_syu=twinc&f_hi1=2026-07-22&f_hi2=2026-07-23&f_heya_su=1&f_otona_su=1&f_s1=0&f_s2=0&f_y1=0&f_y2=0&f_y3=0&f_y4=0&f_camp_id=6186412,0,2026-07-22,19500,19500,1,2026-07-22,fukuoka
67249,割烹旅館　まさご屋,https://img.travel.rakuten.co.jp/image/tr/api/re/pvonD/?f_no=67249,https://img.travel.rakuten.co.jp/image/tr/api/re/vFumt/?f_no=67249&f_flg=PLAN,https://img.travel.rakuten.co.jp/image/tr/api/re/WzozX/?noTomariHotel=67249,https://img.travel.rakuten.co.jp/image/tr/api/re/gJNfM/?f_hotel_no=67249,かっぽう　まさごや,玄界灘を眺望しながら静かなひとときを！！獲れたての魚介類を「まさごや」の技で料理！！,7000,121261.87,469068.97,811-0325,福岡県,福岡市東区勝馬257-5,092-603-6417,092-603-6788,太宰府IC、福岡ICからは都市高速経由「香椎浜ランプ」より海の中道大橋経由で志賀島へ,有り　５０台　無料　予約不要,西戸崎,https://img.travel.rakuten.co.jp/share/HOTEL/67249/67249.jpg,https://img.travel.rakuten.co.jp/HIMG/90/67249.jpg,https://img.travel.rakuten.co.jp/share/HOTEL/67249/67249_wa.jpg,https://img.travel.rakuten.co.jp/HIMG/INTERIOR/67249.jpg,https://img.travel.rakuten.co.jp/share/HOTEL/67249/67249map.gif,45.0,4.74,"綺麗な部屋で快適でした　2026-06-06 19:47:06投稿 <a href=""https://img.travel.rakuten.co.jp/image/tr/api/re/gJNfM/?f_hotel_no=67249"" class=""3click"">つづきはこちら</a>",202,風呂露天タイプ202号,6345121.0,ゆっくり素泊まりプラン202,1,0,0,0,0,2,https://img.travel.rakuten.co.jp/image/tr/api/re/IdsCY/?f_no=67249&f_syu=202&f_hi1=2026-07-22&f_hi2=2026-07-23&f_heya_su=1&f_otona_su=1&f_s1=0&f_s2=0&f_y1=0&f_y2=0&f_y3=0&f_y4=0&f_camp_id=6345121,0,2026-07-22,20000,20000,0,2026-07-22,fukuoka
197857,ＬＯＮＧ　ＶＡＣＡＴＩＯＮ　ＲＥＳＯＲＴ,https://img.travel.rakuten.co.jp/image/tr/api/re/pvonD/?f_no=197857,https://img.travel.rakuten.co.jp/image/tr/api/re/vFumt/?f_no=197857&f_flg=PLAN,,https://img.travel.rakuten.co.jp/image/tr/api/re/gJNfM/?f_hotel_no=197857,ろんぐばけーしょんりぞーと,博多湾を一望できる最高のロケーション。プールと露天風呂のあるリゾートグランピングで極上のひとときを…,9900,121127.64,469258.06,811-0321,福岡県,福岡市東区西戸崎5-24-1,092-260-8885,092-260-8503,JR西戸崎駅から徒歩16分／お車でお越しの場合、海の中道から「海浜公園南」交差点を左折した直後に右折,あり　100台　無料　先着順■チェックイン前でもご利用いただけます。,西戸崎,https://img.travel.rakuten.co.jp/share/HOTEL/197857/197857.jpg,https://img.travel.rakuten.co.jp/HIMG/90/197857.jpg,,,https://img.travel.rakuten.co.jp/share/HOTEL/197857/197857map.gif,6.0,5.0,,004,【露天風呂/プール付】離れタイプの客室,6359291.0,【素泊り】SIMPLE STAY,1,0,0,0,0,1,https://img.travel.rakuten.co.jp/image/tr/api/re/IdsCY/?f_no=197857&f_syu=004&f_hi1=2026-07-22&f_hi2=2026-07-23&f_heya_su=1&f_otona_su=1&f_s1=0&f_s2=0&f_y1=0&f_y2=0&f_y3=0&f_y4=0&f_camp_id=6359291,0,2026-07-22,29900,29900,0,2026-07-22,fukuoka
172639,グランドベース博多,https://img.travel.rakuten.co.jp/image/tr/api/re/pvonD/?f_no=172639,https://img.travel.rakuten.co.jp/image/tr/api/re/vFumt/?f_no=172639&f_flg=PLAN,https://img.travel.rakuten.co.jp/image/tr/api/re/WzozX/?noTomariHotel=172639,https://img.travel.rakuten.co.jp/image/tr/api/re/gJNfM/?f_hotel_no=172639,ぐらんどべーすはかた,【無人フロントホテル】天神・博多へアクセス良好！マリンメッセや博多の旧市街、中洲や屋台も徒歩圏内！,1844,120937.42,469465.88,812-0029,福岡県,福岡市博多区古門戸町2-17,092-409-4892,,博多駅からは地下鉄で3分の「中洲川端駅」で下車後徒歩7分。天神へは徒歩15分（バスも出ています）。,専用駐車場・提携駐車場はございません。 公式サイトから、近隣のコインパーキングをご確認下さい。,中洲川端,https://img.travel.rakuten.co.jp/share/HOTEL/172639/172639.jpg,https://img.travel.rakuten.co.jp/HIMG/90/172639.jpg,https://img.travel.rakuten.co.jp/share/HOTEL/172639/172639_kan1.jpg,https://img.travel.rakuten.co.jp/HIMG/INTERIOR/172639.jpg,https://img.travel.rakuten.co.jp/share/HOTEL/172639/172639map.gif,13.0,4.0,,bhito,スーペリアB,4552237.0,【素泊まり】スタンダードプラン「迷ったらコレ！」,1,0,0,0,0,2,https://img.travel.rakuten.co.jp/image/tr/api/re/IdsCY/?f_no=172639&f_syu=bhito&f_hi1=2026-07-22&f_hi2=2026-07-23&f_heya_su=1&f_otona_su=1&f_s1=0&f_s2=0&f_y1=0&f_y2=0&f_y3=0&f_y4=0&f_camp_id=4552237,0,2026-07-22,15895,15895,0,2026-07-22,fukuoka
192380,ＨＯＴＥＬ　Ａｌｌ　Ｓｔａｙ　博多空港通,https://img.travel.rakuten.co.jp/image/tr/api/re/pvonD/?f_no=192380,https://img.travel.rakuten.co.jp/image/tr/api/re/vFumt/?f_no=192380&f_flg=PLAN,,https://img.travel.rakuten.co.jp/image/tr/api/re/gJNfM/?f_hotel_no=192380,おーるすていはかたくうこうどおり,【無人フロントホテル】２０２４年３月リニューアルオープン！博多駅から徒歩圏内の好立地です！,2184,120933.89,469539.24,812-0043,福岡県,福岡市博多区堅粕4-16-5,092-409-4892,092-401-1057,博多駅から徒歩約１３分,無し（敷地内に無断で駐車される方が増えています。絶対にお停めにならないようお願い申し上げます。）,博多,https://img.travel.rakuten.co.jp/share/HOTEL/192380/192380.jpg,https://img.travel.rakuten.co.jp/HIMG/90/192380.jpg,,,https://img.travel.rakuten.co.jp/share/HOTEL/192380/192380map.gif,4.0,,,dhito,スーペリアアパートメントD,6026237.0,【素泊まり】スタンダードプラン「迷ったらコレ！」,1,0,0,0,0,2,https://img.travel.rakuten.co.jp/image/tr/api/re/IdsCY/?f_no=192380&f_syu=dhito&f_hi1=2026-07-22&f_hi2=2026-07-23&f_heya_su=1&f_otona_su=1&f_s1=0&f_s2=0&f_y1=0&f_y2=0&f_y3=0&f_y4=0&f_camp_id=6026237,0,2026-07-22,19267,19267,0,2026-07-22,fukuoka
174565,ＦＬＡＴ　ＨＯＵＳＥ　ｖｉｌｌａ／民泊,https://img.travel.rakuten.co.jp/image/tr/api/re/pvonD/?f_no=174565,https://img.travel.rakuten.co.jp/image/tr/api/re/vFumt/?f_no=174565&f_flg=PLAN,,https://img.travel.rakuten.co.jp/image/tr/api/re/gJNfM/?f_hotel_no=174565,,築５０年以上の古い米兵用住宅＝米軍ハウスで　ゆったりした時間を過ごしませんか。【民泊】,9860,121120.58,469277.08,811-0321,福岡県,福岡市東区西戸崎4-18-1,090-6489-5725,000-000-0000,西戸崎駅より徒歩にて約３分,有り,西戸崎,https://img.travel.rakuten.co.jp/share/HOTEL/174565/174565.jpg,https://img.travel.rakuten.co.jp/HIMG/90/174565.jpg,,,https://img.travel.rakuten.co.jp/share/HOTEL/174565/174565map.gif,,,,r4674_6,FLAT  HOUSE villa,5442208.0,海辺の米軍ハウスにのんびり滞在,1,0,0,0,0,2,https://img.travel.rakuten.co.jp/image/tr/api/re/IdsCY/?f_no=174565&f_syu=r4674_6&f_hi1=2026-07-22&f_hi2=2026-07-23&f_heya_su=1&f_otona_su=1&f_s1=0&f_s2=0&f_y1=0&f_y2=0&f_y3=0&f_y4=0&f_camp_id=5442208,0,2026-07-22,11600,11600,0,2026-07-22,fukuoka
173742,１０５　Ｃｏｚｙ　ａｎｄ　Ｃｌｅａｎｌｉｎｅｓｓ　Ａｐａｒｔｍｅｎｔ／民泊,https://img.travel.rakuten.co.jp/image/tr/api/re/pvonD/?f_no=173742,https://img.travel.rakuten.co.jp/image/tr/api/re/vFumt/?f_no=173742&f_flg=PLAN,,https://img.travel.rakuten.co.jp/image/tr/api/re/gJNfM/?f_hotel_no=173742,,とても静かな空気が良い住宅街です。長期ゲストも来られます。【民泊】,6187,121086.12,469628.86,813-0036,福岡県,福岡市東区若宮3-1-19　ユートピア若宮105号,080-7003-2290,000-000-0000,舞松原駅より徒歩にて約２０分,無し,舞松原,https://img.travel.rakuten.co.jp/share/HOTEL/173742/173742.jpg,https://img.travel.rakuten.co.jp/HIMG/90/173742.jpg,https://img.travel.rakuten.co.jp/share/HOTEL/173742/173742_kan1.jpg,https://img.travel.rakuten.co.jp/HIMG/INTERIOR/173742.jpg,https://img.travel.rakuten.co.jp/share/HOTEL/173742/173742map.gif,1.0,,,54198_5161,105号PEKO’s   HOUSE,4723317.0,105号  QUIET  And  COZY,1,0,0,0,0,2,https://img.travel.rakuten.co.jp/image/tr/api/re/IdsCY/?f_no=173742&f_syu=54198_5161&f_hi1=2026-07-22&f_hi2=2026-07-23&f_heya_su=1&f_otona_su=1&f_s1=0&f_s2=0&f_y1=0&f_y2=0&f_y3=0&f_y4=0&f_camp_id=4723317,0,2026-07-22,12760,12760,0,2026-07-22,fukuoka
173809,２０７　ＰＥＫＯ＇ｓＨＯＵＳＥ／民泊,https://img.travel.rakuten.co.jp/image/tr/api/re/pvonD/?f_no=173809,https://img.travel.rakuten.co.jp/image/tr/api/re/vFumt/?f_no=173809&f_flg=PLAN,,https://img.travel.rakuten.co.jp/image/tr/api/re/gJNfM/?f_hotel_no=173809,,【民泊】,6187,121086.12,469628.86,813-0036,福岡県,福岡市東区若宮3-1-19,080-7003-2290,000-000-0000,舞松原駅より徒歩にて約４分,無し,舞松原,https://img.travel.rakuten.co.jp/share/HOTEL/173809/173809.jpg,https://img.travel.rakuten.co.jp/HIMG/90/173809.jpg,https://img.travel.rakuten.co.jp/share/HOTEL/173809/173809_kan1.jpg,https://img.travel.rakuten.co.jp/HIMG/INTERIOR/173809.jpg,https://img.travel.rakuten.co.jp/share/HOTEL/173809/173809map.gif,,,,55488_5372,PEKO’S  HOUSE  207,4723294.0,207 Pocket WIFI!Quiet and Cozy,1,0,0,0,0,2,https://img.travel.rakuten.co.jp/image/tr/api/re/IdsCY/?f_no=173809&f_syu=55488_5372&f_hi1=2026-07-22&f_hi2=2026-07-23&f_heya_su=1&f_otona_su=1&f_s1=0&f_s2=0&f_y1=0&f_y2=0&f_y3=0&f_y4=0&f_camp_id=4723294,0,2026-07-22,12760,12760,0,2026-07-22,fukuoka
174724,ユートピア若宮１０６／民泊,https://img.travel.rakuten.co.jp/image/tr/api/re/pvonD/?f_no=174724,https://img.travel.rakuten.co.jp/image/tr/api/re/vFumt/?f_no=174724&f_flg=PLAN,,https://img.travel.rakuten.co.jp/image/tr/api/re/gJNfM/?f_hotel_no=174724,,とても静かな空気が良い山の手の住宅街です。長期滞在の固定ゲストもいらっしゃいます。【民泊】,7830,121086.12,469628.86,813-0036,福岡県,福岡市東区若宮3-1-19,080-7003-2290,000-000-0000,舞松原駅より徒歩にて約２０分,無し,舞松原,https://img.travel.rakuten.co.jp/share/HOTEL/174724/174724.jpg,https://img.travel.rakuten.co.jp/HIMG/90/174724.jpg,https://img.travel.rakuten.co.jp/share/HOTEL/174724/174724_kan1.jpg,https://img.travel.rakuten.co.jp/HIMG/INTERIOR/174724.jpg,https://img.travel.rakuten.co.jp/share/HOTEL/174724/174724map.gif,,,,r5141_2,106 PEKO’s   HOUSE,4756099.0,106 Cozy and Cleanliness Apartment,1,0,0,0,0,2,https://img.travel.rakuten.co.jp/image/tr/api/re/IdsCY/?f_no=174724&f_syu=r5141_2&f_hi1=2026-07-22&f_hi2=2026-07-23&f_heya_su=1&f_otona_su=1&f_s1=0&f_s2=0&f_y1=0&f_y2=0&f_y3=0&f_y4=0&f_camp_id=4756099,0,2026-07-22,12760,12760,0,2026-07-22,fukuoka
181271,グランドベース博多ステーション,https://img.travel.rakuten.co.jp/image/tr/api/re/pvonD/?f_no=181271,https://img.travel.rakuten.co.jp/image/tr/api/re/vFumt/?f_no=181271&f_flg=PLAN,https://img.travel.rakuten.co.jp/image/tr/api/re/WzozX/?noTomariHotel=181271,https://img.travel.rakuten.co.jp/image/tr/api/re/gJNfM/?f_hotel_no=181271,ぐらんどべーすはかたすてーしょん,【無人フロントホテル】天神・博多へアクセス良好◎,2145,120886.87,469529.12,812-0016,福岡県,福岡市博多区博多駅南2-11-7,092-409-4892,,博多駅より徒歩10分,専用駐車場・提携駐車場はございません。 公式サイトから、近隣のコインパーキングをご確認下さい。,福岡空港,https://img.travel.rakuten.co.jp/share/HOTEL/181271/181271.jpg,https://img.travel.rakuten.co.jp/HIMG/90/181271.jpg,,,https://img.travel.rakuten.co.jp/share/HOTEL/181271/181271map.gif,,,,bhito,スーペリアB,4895738.0,【素泊まり】スタンダードプラン「迷ったらコレ！」,1,0,0,0,0,2,https://img.travel.rakuten.co.jp/image/tr/api/re/IdsCY/?f_no=181271&f_syu=bhito&f_hi1=2026-07-22&f_hi2=2026-07-23&f_heya_su=1&f_otona_su=1&f_s1=0&f_s2=0&f_y1=0&f_y2=0&f_y3=0&f_y4=0&f_camp_id=4895738,0,2026-07-22,17000,17000,0,2026-07-22,fukuoka
170315,博多駅まで徒歩５分！　敷地内の激安駐車場あり！オシャレなお部屋で福岡満喫ステイ！　ピコロ博多／民泊,https://img.travel.rakuten.co.jp/image/tr/api/re/pvonD/?f_no=170315,https://img.travel.rakuten.co.jp/image/tr/api/re/vFumt/?f_no=170315&f_flg=PLAN,,https://img.travel.rakuten.co.jp/image/tr/api/re/gJNfM/?f_hotel_no=170315,,２０２１年５月グランドオープン★博多駅まで徒歩７分！観光・グルメ・ショッピング【民泊】,6060,120929.36,469529.59,812-0043,福岡県,福岡市博多区堅粕5-5-20　ピコロ博多,070-8543-3939,000-000-0000,博多駅から徒歩で約７分,有り,博多,https://img.travel.rakuten.co.jp/share/HOTEL/170315/170315.jpg,https://img.travel.rakuten.co.jp/HIMG/90/170315.jpg,,,https://img.travel.rakuten.co.jp/share/HOTEL/170315/170315map.gif,4.0,,,r11331_4,Superior 503,5144602.0,Superior 503,1,0,0,0,0,2,https://img.travel.rakuten.co.jp/image/tr/api/re/IdsCY/?f_no=170315&f_syu=r11331_4&f_hi1=2026-07-22&f_hi2=2026-07-23&f_heya_su=1&f_otona_su=1&f_s1=0&f_s2=0&f_y1=0&f_y2=0&f_y3=0&f_y4=0&f_camp_id=5144602,0,2026-07-22,17278,17278,0,2026-07-22,fukuoka
200483,ＴＨＥ　ＴＥＲＲＡｃｅ　ＨＡＫＡＴＡ　＾,https://img.travel.rakuten.co.jp/image/tr/api/re/pvonD/?f_no=200483,https://img.travel.rakuten.co.jp/image/tr/api/re/vFumt/?f_no=200483&f_flg=PLAN,,https://img.travel.rakuten.co.jp/image/tr/api/re/gJNfM/?f_hotel_no=200483,, ,6784,120956.61,469495.82,812-0044,福岡県,福岡市博多区千代3-5-16-1　ＴＨＥ　ＴＥＲＲＡｃｅ　ＨＡＫＡＴＡ,080-4283-6387,00-0000-0000,千代県庁口駅から徒歩で1分,なし,千代県庁口,https://img.travel.rakuten.co.jp/share/HOTEL/200483/200483.jpg,https://img.travel.rakuten.co.jp/HIMG/90/200483.jpg,,,https://img.travel.rakuten.co.jp/share/HOTEL/200483/200483map.gif,,,,1590184_4,スタンダードルーム,6511992.0,NEW OPEN!博多駅まで15分・最大4人使用の新築アパート,1,0,0,0,0,2,https://img.travel.rakuten.co.jp/image/tr/api/re/IdsCY/?f_no=200483&f_syu=1590184_4&f_hi1=2026-07-22&f_hi2=2026-07-23&f_heya_su=1&f_otona_su=1&f_s1=0&f_s2=0&f_y1=0&f_y2=0&f_y3=0&f_y4=0&f_camp_id=6511992,0,2026-07-22,18433,18433,0,2026-07-22,fukuoka
184818,ＨＩＲＯビル,https://img.travel.rakuten.co.jp/image/tr/api/re/pvonD/?f_no=184818,https://img.travel.rakuten.co.jp/image/tr/api/re/vFumt/?f_no=184818&f_flg=PLAN,,https://img.travel.rakuten.co.jp/image/tr/api/re/gJNfM/?f_hotel_no=184818,ひろびる,博多駅からのアクセス良好！1部屋80㎡以上の広々コンドミニアムスタイルの宿泊施設です★,2886,120883.65,469520.28,812-0011,福岡県,福岡市博多区博多駅前4-25-14,092-409-4892,,博多駅から徒歩14分、バスで10分（「駅前四丁目」で下車）,敷地内に有料コインパーキング有（3台）,博多,https://img.travel.rakuten.co.jp/share/HOTEL/184818/184818.jpg,https://img.travel.rakuten.co.jp/HIMG/90/184818.jpg,,,https://img.travel.rakuten.co.jp/share/HOTEL/184818/184818map.gif,3.0,,,chito,エグゼクティブC,5604592.0,【素泊まり】スタンダードプラン「迷ったらコレ！」,1,0,0,0,0,2,https://img.travel.rakuten.co.jp/image/tr/api/re/IdsCY/?f_no=184818&f_syu=chito&f_hi1=2026-07-22&f_hi2=2026-07-23&f_heya_su=1&f_otona_su=1&f_s1=0&f_s2=0&f_y1=0&f_y2=0&f_y3=0&f_y4=0&f_camp_id=5604592,0,2026-07-22,22801,22801,0,2026-07-22,fukuoka
190578,Ｌｅ　Ｌｉｅｎ　Ｎａｋａｓｕ　＾,https://img.travel.rakuten.co.jp/image/tr/api/re/pvonD/?f_no=190578,https://img.travel.rakuten.co.jp/image/tr/api/re/vFumt/?f_no=190578&f_flg=PLAN,,https://img.travel.rakuten.co.jp/image/tr/api/re/gJNfM/?f_hotel_no=190578,,　,6877,120936.88,469473.64,812-0024,福岡県,福岡市博多区綱場町5-18-1　ＭＡタワー中州川端7Ｆ,080-4283-6387,000-000-0000,呉服町駅から徒歩で約２分,無し,呉服町（福岡）,https://img.travel.rakuten.co.jp/share/HOTEL/190578/190578.jpg,https://img.travel.rakuten.co.jp/HIMG/90/190578.jpg,,,https://img.travel.rakuten.co.jp/share/HOTEL/190578/190578map.gif,,,,946005_10,スタンダードルーム,6038151.0,中洲から徒歩圏内のモダンなホテルで仲間との思い出のひとときを。,1,0,0,0,0,2,https://img.travel.rakuten.co.jp/image/tr/api/re/IdsCY/?f_no=190578&f_syu=946005_10&f_hi1=2026-07-22&f_hi2=2026-07-23&f_heya_su=1&f_otona_su=1&f_s1=0&f_s2=0&f_y1=0&f_y2=0&f_y3=0&f_y4=0&f_camp_id=6038151,0,2026-07-22,27506,27506,0,2026-07-22,fukuoka
198423,グランドキャニオン,https://img.travel.rakuten.co.jp/image/tr/api/re/pvonD/?f_no=198423,https://img.travel.rakuten.co.jp/image/tr/api/re/vFumt/?f_no=198423&f_flg=PLAN,,https://img.travel.rakuten.co.jp/image/tr/api/re/gJNfM/?f_hotel_no=198423,ぐらんどきゃにおん,博多の中心部に位置し、観光・ビジネスにアクセスが抜群です。,29000,120891.94,469494.13,812-0018,福岡県,福岡市博多区住吉3-5-7.701.702.801,080-1941-3323,--,博多駅から徒歩で約10～15分,なし,博多,https://img.travel.rakuten.co.jp/share/HOTEL/198423/198423.jpg,https://img.travel.rakuten.co.jp/HIMG/90/198423.jpg,,,https://img.travel.rakuten.co.jp/share/HOTEL/198423/198423map.gif,1.0,,,room,和洋室,6419576.0,【オンラインカード決済限定】素泊まりプラン　博多駅からアクセス抜群！当日予約もOK！,1,0,0,0,0,2,https://img.travel.rakuten.co.jp/image/tr/api/re/IdsCY/?f_no=198423&f_syu=room&f_hi1=2026-07-22&f_hi2=2026-07-23&f_heya_su=1&f_otona_su=1&f_s1=0&f_s2=0&f_y1=0&f_y2=0&f_y3=0&f_y4=0&f_camp_id=6419576,0,2026-07-22,30000,30000,1,2026-07-22,fukuoka
170439,シャインブライト／民泊,https://img.travel.rakuten.co.jp/image/tr/api/re/pvonD/?f_no=170439,https://img.travel.rakuten.co.jp/image/tr/api/re/vFumt/?f_no=170439&f_flg=PLAN,,https://img.travel.rakuten.co.jp/image/tr/api/re/gJNfM/?f_hotel_no=170439,,　,6264,121006.29,469499.83,812-0055,福岡県,福岡市東区東浜1-7-26　シャインブライト,090-9792-6152,000-000-0000,箱崎宮前駅から徒歩で約３分,有り,箱崎宮前,https://img.travel.rakuten.co.jp/share/HOTEL/170439/170439.jpg,https://img.travel.rakuten.co.jp/HIMG/90/170439.jpg,,,https://img.travel.rakuten.co.jp/share/HOTEL/170439/170439map.gif,,,,r19291_8,Shine Bright2 103,6238236.0,【禁煙】ファミリールーム (103),1,0,0,0,0,2,https://img.travel.rakuten.co.jp/image/tr/api/re/IdsCY/?f_no=170439&f_syu=r19291_8&f_hi1=2026-07-22&f_hi2=2026-07-23&f_heya_su=1&f_otona_su=1&f_s1=0&f_s2=0&f_y1=0&f_y2=0&f_y3=0&f_y4=0&f_camp_id=6238236,0,2026-07-22,31320,31320,0,2026-07-22,fukuoka
194273,ＨＡＪＩＭＥ　ＳＴＡＹ　ＫＡＳＵＧＡ　１　＾,https://img.travel.rakuten.co.jp/image/tr/api/re/pvonD/?f_no=194273,https://img.travel.rakuten.co.jp/image/tr/api/re/vFumt/?f_no=194273&f_flg=PLAN,,https://img.travel.rakuten.co.jp/image/tr/api/re/gJNfM/?f_hotel_no=194273,,ＨＡＪＩＭＥ　ＳＴＡＹ　ＫＡＳＵＧＡ１は、大人数向けの広々とした３階建一軒家で、最大１０名様まで宿泊,7262,120713.31,469686.79,816-0805,福岡県,春日市千歳町2-25　ＨＡＪＩＭＥ　ＳＴＡＹ　ＫＡＳＵＧＡ1,080-1794-8140,000-000-0000,春日駅から徒歩で約１分,有り,春日（福岡）,https://img.travel.rakuten.co.jp/share/HOTEL/194273/194273.jpg,https://img.travel.rakuten.co.jp/HIMG/90/194273.jpg,,,https://img.travel.rakuten.co.jp/share/HOTEL/194273/194273map.gif,,,,1185849_6,一戸建て,6215787.0,HAJIME STAY KASUGA 1 /多世代ファミリー向け一軒家貸切/JR春日駅徒歩4分,1,0,0,0,0,2,https://img.travel.rakuten.co.jp/image/tr/api/re/IdsCY/?f_no=194273&f_syu=1185849_6&f_hi1=2026-07-22&f_hi2=2026-07-23&f_heya_su=1&f_otona_su=1&f_s1=0&f_s2=0&f_y1=0&f_y2=0&f_y3=0&f_y4=0&f_camp_id=6215787,0,2026-07-22,32480,32480,0,2026-07-22,fukuoka
186686,宰府ハウス　＾,https://img.travel.rakuten.co.jp/image/tr/api/re/pvonD/?f_no=186686,https://img.travel.rakuten.co.jp/image/tr/api/re/vFumt/?f_no=186686&f_flg=PLAN,,https://img.travel.rakuten.co.jp/image/tr/api/re/gJNfM/?f_hotel_no=186686,,★アクセス：太宰府天満宮本殿徒歩７分　／　太宰府駅から徒歩約１２分,7981,120680.42,469936.35,818-0117,福岡県,太宰府市宰府5-14-7　宰府ハウス,0977-84-5050,000-000-0000,太宰府駅から徒歩で約４分,有り,太宰府,https://img.travel.rakuten.co.jp/share/HOTEL/186686/186686.jpg,https://img.travel.rakuten.co.jp/HIMG/90/186686.jpg,,,https://img.travel.rakuten.co.jp/share/HOTEL/186686/186686map.gif,1.0,,,629910_15,一戸建て,5832371.0,宰府ハウス)太宰府天満宮から徒歩圏内|貸切一軒家|無料駐車場2台,1,0,0,0,0,2,https://img.travel.rakuten.co.jp/image/tr/api/re/IdsCY/?f_no=186686&f_syu=629910_15&f_hi1=2026-07-22&f_hi2=2026-07-23&f_heya_su=1&f_otona_su=1&f_s1=0&f_s2=0&f_y1=0&f_y2=0&f_y3=0&f_y4=0&f_camp_id=5832371,0,2026-07-22,34800,34800,0,2026-07-22,fukuoka
171119,ＨＡＫＡＴＡ　ＴＥＲＲＡＣＥ　－晴　ｈａｒｅ－／民泊,https://img.travel.rakuten.co.jp/image/tr/api/re/pvonD/?f_no=171119,https://img.travel.rakuten.co.jp/image/tr/api/re/vFumt/?f_no=171119&f_flg=PLAN,,https://img.travel.rakuten.co.jp/image/tr/api/re/gJNfM/?f_hotel_no=171119,,　,9280,120947.55,469520.76,812-0044,福岡県,福岡市博多区千代1-4-52　ＨＡＫＡＴＡ　ＴＥＲＲＡＣＥ　-ｈａｒｅ,080-3220-3610,000-000-0000,千代県庁口駅から徒歩で約５分,無し,千代県庁口,https://img.travel.rakuten.co.jp/share/HOTEL/171119/171119.jpg,https://img.travel.rakuten.co.jp/HIMG/90/171119.jpg,,,https://img.travel.rakuten.co.jp/share/HOTEL/171119/171119map.gif,,,,r12421_8,HAKATA TERRACE -晴 hare,5365093.0,曇りのない「晴」やかで、快適な空間な戸建て,1,0,0,0,0,2,https://img.travel.rakuten.co.jp/image/tr/api/re/IdsCY/?f_no=171119&f_syu=r12421_8&f_hi1=2026-07-22&f_hi2=2026-07-23&f_heya_su=1&f_otona_su=1&f_s1=0&f_s2=0&f_y1=0&f_y2=0&f_y3=0&f_y4=0&f_camp_id=5365093,0,2026-07-22,39440,39440,0,2026-07-22,fukuoka
179595,博多の宿　徒然庵,https://img.travel.rakuten.co.jp/image/tr/api/re/pvonD/?f_no=179595,https://img.travel.rakuten.co.jp/image/tr/api/re/vFumt/?f_no=179595&f_flg=PLAN,https://img.travel.rakuten.co.jp/image/tr/api/re/WzozX/?noTomariHotel=179595,https://img.travel.rakuten.co.jp/image/tr/api/re/gJNfM/?f_hotel_no=179595,はかたのやど　つれづれあん,【2025年6月13日～全客室の檜風呂が新品に！】木の香りに包まれる、全室檜風呂付の町屋風の宿。,36300,120939.17,469466.55,812-0029,福岡県,福岡市博多区古門戸町4-4,080-8043-2702,092-235-3903,地下鉄空港線　中洲川端駅より徒歩で約５分,無し※近隣の有料駐車場をご利用ください。,中洲川端,https://img.travel.rakuten.co.jp/share/HOTEL/179595/179595.jpg,https://img.travel.rakuten.co.jp/HIMG/90/179595.jpg,,,https://img.travel.rakuten.co.jp/share/HOTEL/179595/179595map.gif,35.0,4.11,"また利用したい宿でした。ありがとうございました！　2026-03-25 08:08:56投稿 <a href=""https://img.travel.rakuten.co.jp/image/tr/api/re/gJNfM/?f_hotel_no=179595"" class=""3click"">つづきはこちら</a>",hakata,◆博多【40平米／禁煙】,4814194.0,◆【直前割】間際のご予約でお得！檜風呂付き町屋風の宿屋「徒然庵」♪【素泊まり】,1,0,0,0,0,1,https://img.travel.rakuten.co.jp/image/tr/api/re/IdsCY/?f_no=179595&f_syu=hakata&f_hi1=2026-07-22&f_hi2=2026-07-23&f_heya_su=1&f_otona_su=1&f_s1=0&f_s2=0&f_y1=0&f_y2=0&f_y3=0&f_y4=0&f_camp_id=4814194,0,2026-07-22,40600,40600,1,2026-07-22,fukuoka
195196,梅の由　離れ　＾,https://img.travel.rakuten.co.jp/image/tr/api/re/pvonD/?f_no=195196,https://img.travel.rakuten.co.jp/image/tr/api/re/vFumt/?f_no=195196&f_flg=PLAN,,https://img.travel.rakuten.co.jp/image/tr/api/re/gJNfM/?f_hotel_no=195196,,太宰府駅徒歩4分！貸切戸建、12名可、駐車場2台、プロジェクター付。,7847,120646.56,469919.21,818-0118,福岡県,太宰府市石坂1-3215-1　梅の由 離れ,070-3149-9824,00-0000-0000,太宰府駅から徒歩で2分,あり,太宰府,https://img.travel.rakuten.co.jp/share/HOTEL/195196/195196.jpg,https://img.travel.rakuten.co.jp/HIMG/90/195196.jpg,,,https://img.travel.rakuten.co.jp/share/HOTEL/195196/195196map.gif,,,,1342103_12,一戸建て,6318530.0,太宰府駅徒歩4分、最大12人、新築の戸建を貸切で滞在、無料駐車場2台 フリーWIFI(梅の由離れ),1,0,0,0,0,2,https://img.travel.rakuten.co.jp/image/tr/api/re/IdsCY/?f_no=195196&f_syu=1342103_12&f_hi1=2026-07-22&f_hi2=2026-07-23&f_heya_su=1&f_otona_su=1&f_s1=0&f_s2=0&f_y1=0&f_y2=0&f_y3=0&f_y4=0&f_camp_id=6318530,0,2026-07-22,42016,42016,0,2026-07-22,fukuoka
179454,ＡＭＩＳＴＡＤ　ＨＯＴＥＬ　ＦＵＫＵＯＫＡ（アミスタホテル福岡）,https://img.travel.rakuten.co.jp/image/tr/api/re/pvonD/?f_no=179454,https://img.travel.rakuten.co.jp/image/tr/api/re/vFumt/?f_no=179454&f_flg=PLAN,https://img.travel.rakuten.co.jp/image/tr/api/re/WzozX/?noTomariHotel=179454,https://img.travel.rakuten.co.jp/image/tr/api/re/gJNfM/?f_hotel_no=179454,あみすたほてるふくおか,博多駅徒歩6分★キャナルシティ徒歩7分★ららぽーと福岡まで車で約13分★全室31㎡以上・キッチン付・ロングダブルベッド,7719,120904.44,469501.81,812-0011,福岡県,福岡市博多区博多駅前3-13-12,092-483-2878,092-717-2715,ＪＲ博多駅・博多口より徒歩約6分★福岡空港から地下鉄で博多駅まで約５分★福岡空港よりタクシーで約１４分,提携駐車場★徒歩2分★入庫から24時間1800円駐車券フロント販売※1度の入庫につき1枚必要★,博多,https://img.travel.rakuten.co.jp/share/HOTEL/179454/179454.jpg,https://img.travel.rakuten.co.jp/HIMG/90/179454.jpg,,,https://img.travel.rakuten.co.jp/share/HOTEL/179454/179454map.gif,63.0,4.0,"鍋など持ち込みましたが無料で借りられる食器等ありとても助かりました。　2026-03-16 20:34:14投稿 <a href=""https://img.travel.rakuten.co.jp/image/tr/api/re/gJNfM/?f_hotel_no=179454"" class=""3click"">つづきはこちら</a>",a,スーペリアツイン 31平米/ダブルベッド2台/バスタブなし,5405724.0,【直前予約】チェックイン3日以内のご予約★,1,0,0,0,0,1,https://img.travel.rakuten.co.jp/image/tr/api/re/IdsCY/?f_no=179454&f_syu=a&f_hi1=2026-07-22&f_hi2=2026-07-23&f_heya_su=1&f_otona_su=1&f_s1=0&f_s2=0&f_y1=0&f_y2=0&f_y3=0&f_y4=0&f_camp_id=5405724,0,2026-07-22,42400,42400,0,2026-07-22,fukuoka
176097,Ｍａｐｌｅ　Ｈｏｕｓｅ　＾,https://img.travel.rakuten.co.jp/image/tr/api/re/pvonD/?f_no=176097,https://img.travel.rakuten.co.jp/image/tr/api/re/vFumt/?f_no=176097&f_flg=PLAN,,https://img.travel.rakuten.co.jp/image/tr/api/re/gJNfM/?f_hotel_no=176097,,Ｍａｐｌｅ　Ｈｏｕｓｅ一戸建て：太宰府天満宮本殿徒歩７分★最大１５名様まで宿泊可能,11136,120680.88,469937.97,818-0117,福岡県,太宰府市宰府5-14－6　Ｍａｐｌｅ　Ｈｏｕｓｅ,090-4984-7350,000-000-0000,太宰府駅から徒歩で約４分,有り,太宰府,https://img.travel.rakuten.co.jp/share/HOTEL/176097/176097.jpg,https://img.travel.rakuten.co.jp/HIMG/90/176097.jpg,,,https://img.travel.rakuten.co.jp/share/HOTEL/176097/176097map.gif,,,,85725,一戸建て,4935199.0,Maple House 築浅 貸切15名迄可 3名まで同料金✡️高速WiFi設置 100Mbps!,1,0,0,0,0,2,https://img.travel.rakuten.co.jp/image/tr/api/re/IdsCY/?f_no=176097&f_syu=85725&f_hi1=2026-07-22&f_hi2=2026-07-23&f_heya_su=1&f_otona_su=1&f_s1=0&f_s2=0&f_y1=0&f_y2=0&f_y3=0&f_y4=0&f_camp_id=4935199,0,2026-07-22,46400,46400,0,2026-07-22,fukuoka
194058,宰府　桜　＾,https://img.travel.rakuten.co.jp/image/tr/api/re/pvonD/?f_no=194058,https://img.travel.rakuten.co.jp/image/tr/api/re/vFumt/?f_no=194058&f_flg=PLAN,,https://img.travel.rakuten.co.jp/image/tr/api/re/gJNfM/?f_hotel_no=194058,,宰府　桜　新築を一棟まるまる貸切　コンパクトサイズの２階建て　太宰府天満宮近く駐車場縦列２台可,12064,120672.95,469930.82,818-0117,福岡県,太宰府市宰府5-10-25　宰府　桜,090-4984-7350,000-000-0000,太宰府駅から徒歩で約３分,有り,太宰府,https://img.travel.rakuten.co.jp/share/HOTEL/194058/194058.jpg,https://img.travel.rakuten.co.jp/HIMG/90/194058.jpg,,,https://img.travel.rakuten.co.jp/share/HOTEL/194058/194058map.gif,1.0,,,1151797_8,一戸建て,6185248.0,宰府 桜,1,0,0,0,0,2,https://img.travel.rakuten.co.jp/image/tr/api/re/IdsCY/?f_no=194058&f_syu=1151797_8&f_hi1=2026-07-22&f_hi2=2026-07-23&f_heya_su=1&f_otona_su=1&f_s1=0&f_s2=0&f_y1=0&f_y2=0&f_y3=0&f_y4=0&f_camp_id=6185248,0,2026-07-22,46400,46400,0,2026-07-22,fukuoka
194059,宰府　松　＾,https://img.travel.rakuten.co.jp/image/tr/api/re/pvonD/?f_no=194059,https://img.travel.rakuten.co.jp/image/tr/api/re/vFumt/?f_no=194059&f_flg=PLAN,,https://img.travel.rakuten.co.jp/image/tr/api/re/gJNfM/?f_hotel_no=194059,,宰府　松　新築戸建て一棟まるまる貸切！モダンおしゃれリビング！太宰府天満宮近く　駐車場縦列２台可,12064,120678.0,469934.9,818-0117,福岡県,太宰府市宰府5-10-25-2　宰府　松,090-4984-7350,000-000-0000,太宰府駅から徒歩で約３分,有り,太宰府,https://img.travel.rakuten.co.jp/share/HOTEL/194059/194059.jpg,https://img.travel.rakuten.co.jp/HIMG/90/194059.jpg,,,https://img.travel.rakuten.co.jp/share/HOTEL/194059/194059map.gif,,,,1152738_10,一戸建て,6185250.0,宰府 松,1,0,0,0,0,2,https://img.travel.rakuten.co.jp/image/tr/api/re/IdsCY/?f_no=194059&f_syu=1152738_10&f_hi1=2026-07-22&f_hi2=2026-07-23&f_heya_su=1&f_otona_su=1&f_s1=0&f_s2=0&f_y1=0&f_y2=0&f_y3=0&f_y4=0&f_camp_id=6185250,0,2026-07-22,46400,46400,0,2026-07-22,fukuoka
194678,Ａｉｒｐｏｒｔ　Ｈｉｌｌｓ／民泊,https://img.travel.rakuten.co.jp/image/tr/api/re/pvonD/?f_no=194678,https://img.travel.rakuten.co.jp/image/tr/api/re/vFumt/?f_no=194678&f_flg=PLAN,,https://img.travel.rakuten.co.jp/image/tr/api/re/gJNfM/?f_hotel_no=194678,,　,16008,120783.6,469734.25,812-0863,福岡県,福岡市博多区金の隈3-16-16　Ａｉｒｐｏｒｔ　Ｈｉｌｌｓ,070-4732-0719,000-000-0000,雑餉隈駅から徒歩で約１０分,有り,雑餉隈,https://img.travel.rakuten.co.jp/share/HOTEL/194678/194678.jpg,https://img.travel.rakuten.co.jp/HIMG/90/194678.jpg,,,https://img.travel.rakuten.co.jp/share/HOTEL/194678/194678map.gif,,,,r19528_15,エアポートヒルズ,6269180.0,New!AirportHills 1400m2絶景パノラマ1棟2階貸切駐車場4台サウナBBQ施設ペッ,1,0,0,0,0,2,https://img.travel.rakuten.co.jp/image/tr/api/re/IdsCY/?f_no=194678&f_syu=r19528_15&f_hi1=2026-07-22&f_hi2=2026-07-23&f_heya_su=1&f_otona_su=1&f_s1=0&f_s2=0&f_y1=0&f_y2=0&f_y3=0&f_y4=0&f_camp_id=6269180,0,2026-07-22,52780,52780,0,2026-07-22,fukuoka
200001,リトリートタワー博多＜博多駅南＞　＾,https://img.travel.rakuten.co.jp/image/tr/api/re/pvonD/?f_no=200001,https://img.travel.rakuten.co.jp/image/tr/api/re/vFumt/?f_no=200001&f_flg=PLAN,,https://img.travel.rakuten.co.jp/image/tr/api/re/gJNfM/?f_hotel_no=200001,, ,6863,120883.0,469540.83,812-0016,福岡県,福岡市博多区博多駅南3-9-21 増田和ビル,080-6453-1909,00-0000-0000,博多駅から徒歩で9分,なし,博多,https://img.travel.rakuten.co.jp/share/HOTEL/200001/200001.jpg,https://img.travel.rakuten.co.jp/HIMG/90/200001.jpg,,,https://img.travel.rakuten.co.jp/share/HOTEL/200001/200001map.gif,,,,1472130_10,スタンダードルーム,6451035.0,【NEW OPEN】リトリートタワー博多401|77m2|100インチプロジェクター|スイートルーム,1,0,0,0,0,2,https://img.travel.rakuten.co.jp/image/tr/api/re/IdsCY/?f_no=200001&f_syu=1472130_10&f_hi1=2026-07-22&f_hi2=2026-07-23&f_heya_su=1&f_otona_su=1&f_s1=0&f_s2=0&f_y1=0&f_y2=0&f_y3=0&f_y4=0&f_camp_id=6451035,0,2026-07-22,55414,55414,0,2026-07-22,fukuoka
194234,Ｆｌｏｗｅｒ　Ｂａｓｅ　Ａｙａｍｅ　＾,https://img.travel.rakuten.co.jp/image/tr/api/re/pvonD/?f_no=194234,https://img.travel.rakuten.co.jp/image/tr/api/re/vFumt/?f_no=194234&f_flg=PLAN,,https://img.travel.rakuten.co.jp/image/tr/api/re/gJNfM/?f_hotel_no=194234,,　,18514,120857.15,469299.63,814-0101,福岡県,福岡市城南区荒江1-35-21　Ｒｕｉ＇ｓ荒江201号室,080-3958-6088,000-000-0000,西新駅から徒歩で約５分,無し,西新,https://img.travel.rakuten.co.jp/share/HOTEL/194234/194234.jpg,https://img.travel.rakuten.co.jp/HIMG/90/194234.jpg,,,https://img.travel.rakuten.co.jp/share/HOTEL/194234/194234map.gif,,,,1179118_12,スタンダードルーム,6208297.0,【OPEN SALE】Flower Base Ayame 日本の暮らしを体験,1,0,0,0,0,2,https://img.travel.rakuten.co.jp/image/tr/api/re/IdsCY/?f_no=194234&f_syu=1179118_12&f_hi1=2026-07-22&f_hi2=2026-07-23&f_heya_su=1&f_otona_su=1&f_s1=0&f_s2=0&f_y1=0&f_y2=0&f_y3=0&f_y4=0&f_camp_id=6208297,0,2026-07-22,92568,92568,0,2026-07-22,fukuoka
172605,ＡＢホテル行橋,https://img.travel.rakuten.co.jp/image/tr/api/re/pvonD/?f_no=172605,https://img.travel.rakuten.co.jp/image/tr/api/re/vFumt/?f_no=172605&f_flg=PLAN,https://img.travel.rakuten.co.jp/image/tr/api/re/WzozX/?noTomariHotel=172605,https://img.travel.rakuten.co.jp/image/tr/api/re/gJNfM/?f_hotel_no=172605,えーびーほてるゆくはし,行橋駅より徒歩１分、北九州空港より車で約２５分！健康朝食バイキング、男女別大浴場が無料♪ウェルカムコーヒーも♪,1600,121409.13,471499.33,824-0031,福岡県,行橋市西宮市2-2-16,0930-28-8222,0930-28-8219,行橋駅より徒歩にて約1分♪北九州空港より車で40分♪小倉駅から16分♪,有り　無料　平面／47台（先着順）　※大型車、バイク、自転車は不可,行橋,https://img.travel.rakuten.co.jp/share/HOTEL/172605/172605.jpg,https://img.travel.rakuten.co.jp/HIMG/90/172605.jpg,,,https://img.travel.rakuten.co.jp/share/HOTEL/172605/172605map.gif,886.0,4.25,,sna,禁煙スタンダードシングル【120ｃｍセミダブルベッド】,4571732.0,当日限定シングルプラン♪空いてたらラッキー♪【健康朝食・大浴場無料】,1,0,0,1,0,1,https://img.travel.rakuten.co.jp/image/tr/api/re/JlnYS/?f_no=172605&f_syu=sna&f_hi1=2026-07-22&f_hi2=2026-07-23&f_heya_su=1&f_otona_su=1&f_s1=0&f_s2=0&f_y1=0&f_y2=0&f_y3=0&f_y4=0&f_camp_id=4571732,2,2026-07-22,9000,9000,0,2026-07-22,buzen
53365,ベッセルホテル苅田北九州空港（２０２６年３月全室リニューアル）,https://img.travel.rakuten.co.jp/image/tr/api/re/pvonD/?f_no=53365,https://img.travel.rakuten.co.jp/image/tr/api/re/vFumt/?f_no=53365&f_flg=PLAN,https://img.travel.rakuten.co.jp/image/tr/api/re/WzozX/?noTomariHotel=53365,https://img.travel.rakuten.co.jp/image/tr/api/re/gJNfM/?f_hotel_no=53365,べっせるかんだきたきゅうしゅうくうこう,◆全室幅150ｃｍのクイーンサイズベッド◆シングル21㎡/ツイン26㎡◆ご当地メニュー満載の朝食をどうぞ！,3400,121605.03,471556.27,800-0313,福岡県,京都郡苅田町磯浜町1-5-9,093-435-2525,093-435-2555,【ＪＲ苅田駅東口】850m徒歩10分【北九州空港】11Kmタクシーで12分【苅田北九州空港IC】5Km車で5分,有り　７５台　普通車無料（一部大型車は有料）,苅田,https://img.travel.rakuten.co.jp/share/HOTEL/53365/53365.jpg,https://img.travel.rakuten.co.jp/HIMG/90/53365.jpg,https://img.travel.rakuten.co.jp/share/HOTEL/53365/53365_ky.jpg,https://img.travel.rakuten.co.jp/HIMG/INTERIOR/53365.jpg,https://img.travel.rakuten.co.jp/share/HOTEL/53365/53365map.gif,1470.0,4.46,"フロントのお姉さんも他のホ…　2026-07-12 08:14:37投稿 <a href=""https://img.travel.rakuten.co.jp/image/tr/api/re/gJNfM/?f_hotel_no=53365"" class=""3click"">つづきはこちら</a>",s2,ゆったり1ベッド【禁煙】☆２１平米☆,6118404.0,【スタンダード★素泊り】苅田駅東口１から徒歩13分（850m),1,0,0,0,0,1,https://img.travel.rakuten.co.jp/image/tr/api/re/IdsCY/?f_no=53365&f_syu=s2&f_hi1=2026-07-22&f_hi2=2026-07-23&f_heya_su=1&f_otona_su=1&f_s1=0&f_s2=0&f_y1=0&f_y2=0&f_y3=0&f_y4=0&f_camp_id=6118404,0,2026-07-22,7500,7500,0,2026-07-22,buzen
147051,アリストンイン苅田北九州空港,https://img.travel.rakuten.co.jp/image/tr/api/re/pvonD/?f_no=147051,https://img.travel.rakuten.co.jp/image/tr/api/re/vFumt/?f_no=147051&f_flg=PLAN,https://img.travel.rakuten.co.jp/image/tr/api/re/WzozX/?noTomariHotel=147051,https://img.travel.rakuten.co.jp/image/tr/api/re/gJNfM/?f_hotel_no=147051,ありすとんいんかんだきたきゅうしゅうくうこう,駐車場無料★全室Wi-Fi完備★宿泊者限定マンガコーナー&マッサージチェア設置★,3000,121616.05,471547.48,800-0314,福岡県,京都郡苅田町幸町12-5,093-435-0600,093-435-0605,駐車場無料★北九州空港から車で約15分・苅田駅から徒歩約７分（JR小倉駅から苅田駅まで電車で25分）,平面駐車場(58台）無料　,苅田,https://img.travel.rakuten.co.jp/share/HOTEL/147051/147051.jpg,https://img.travel.rakuten.co.jp/HIMG/90/147051.jpg,,,https://img.travel.rakuten.co.jp/share/HOTEL/147051/147051map.gif,505.0,3.75,"ビジネスの利用で4泊を朝食付きプランで宿泊しました。朝食のメインメニューが毎日変わるので飽きないです。メニュー開発をされている方の工夫が分かります。特に印象に残っているのが、鰯の天ぷらでした。美味しか…　2026-04-25 23:44:38投稿 <a href=""https://img.travel.rakuten.co.jp/image/tr/api/re/gJNfM/?f_hotel_no=147051"" class=""3click"">つづきはこちら</a>",sd2,スタンダードシングル【禁煙】,5398175.0,【基本プラン】＜素泊り＞駐車場無料！Sertaのふかふかマットレスでぐっすり。お部屋でのんびりプラン,1,0,0,0,0,1,https://img.travel.rakuten.co.jp/image/tr/api/re/IdsCY/?f_no=147051&f_syu=sd2&f_hi1=2026-07-22&f_hi2=2026-07-23&f_heya_su=1&f_otona_su=1&f_s1=0&f_s2=0&f_y1=0&f_y2=0&f_y3=0&f_y4=0&f_camp_id=5398175,0,2026-07-22,6700,6700,0,2026-07-22,buzen
49348,ブルーポートホテル苅田北九州空港,https://img.travel.rakuten.co.jp/image/tr/api/re/pvonD/?f_no=49348,https://img.travel.rakuten.co.jp/image/tr/api/re/vFumt/?f_no=49348&f_flg=PLAN,https://img.travel.rakuten.co.jp/image/tr/api/re/WzozX/?noTomariHotel=49348,https://img.travel.rakuten.co.jp/image/tr/api/re/gJNfM/?f_hotel_no=49348,ぶるーぽーとほてるかんだきたきゅうしゅうくうこう,苅田北九州空港ICより車で約1分★駐車場無料★種類豊富な朝食ビュッフェが大人気♪,3300,121689.16,471527.17,800-0365,福岡県,京都郡苅田町苅田3787-61,093-475-8844,093-475-8944,JR朽網（くさみ）駅より北九州空港行きバス約6分。苅田北九州空港ＩＣより車で1分,有り80台（全て平面）無料　普通車予約不要　各種トラックやバスも無料OK（要予約）,苅田,https://img.travel.rakuten.co.jp/share/HOTEL/49348/49348.jpg,https://img.travel.rakuten.co.jp/HIMG/90/49348.jpg,https://img.travel.rakuten.co.jp/share/HOTEL/49348/49348_ro.jpg,https://img.travel.rakuten.co.jp/HIMG/INTERIOR/49348.jpg,https://img.travel.rakuten.co.jp/share/HOTEL/49348/49348map.gif,1275.0,3.99,"高齢の両親の滞在に利用させていただきました。お手数をおかけしたと思いますが、親切に対応していただきました。朝食のビュッフェもおいしかったと申しておりました。ありがとうございました。　2026-06-12 20:10:12投稿 <a href=""https://img.travel.rakuten.co.jp/image/tr/api/re/gJNfM/?f_hotel_no=49348"" class=""3click"">つづきはこちら</a>",sa2,スタンダードシングル■禁煙ルーム■ベッド幅120cm,4623496.0,【当日限定】室数限定！当日のご予約でも安心♪（素泊まり）★駐車場無料★,1,0,0,0,0,1,https://img.travel.rakuten.co.jp/image/tr/api/re/JlnYS/?f_no=49348&f_syu=sa2&f_hi1=2026-07-22&f_hi2=2026-07-23&f_heya_su=1&f_otona_su=1&f_s1=0&f_s2=0&f_y1=0&f_y2=0&f_y3=0&f_y4=0&f_camp_id=4623496,2,2026-07-22,7500,7500,0,2026-07-22,buzen
68680,ホテルルートイン苅田駅前,https://img.travel.rakuten.co.jp/image/tr/api/re/pvonD/?f_no=68680,https://img.travel.rakuten.co.jp/image/tr/api/re/vFumt/?f_no=68680&f_flg=PLAN,https://img.travel.rakuten.co.jp/image/tr/api/re/WzozX/?noTomariHotel=68680,https://img.travel.rakuten.co.jp/image/tr/api/re/gJNfM/?f_hotel_no=68680,るーといんかんだえきまえ,WOWOW全室で無料視聴可■VODルームシアター無料視聴可能(一般映画のみ・コンフォートルーム特典）■Wi-Fi利用可,5350,121611.41,471533.88,800-0361,福岡県,京都郡苅田町神田町1-8-1,050-5576-7905,093-435-3712,ＪＲ日豊本線　苅田駅徒歩0分／北九州空港より車で約１5分,有り　83台　無料　先着順（予約不可）,苅田,https://img.travel.rakuten.co.jp/share/HOTEL/68680/68680.jpg,https://img.travel.rakuten.co.jp/HIMG/90/68680.jpg,https://img.travel.rakuten.co.jp/share/HOTEL/68680/68680_k.jpg,https://img.travel.rakuten.co.jp/HIMG/INTERIOR/68680.jpg,https://img.travel.rakuten.co.jp/share/HOTEL/68680/68680map.gif,570.0,4.06,"ありがとうございました！　2026-05-16 09:09:27投稿 <a href=""https://img.travel.rakuten.co.jp/image/tr/api/re/gJNfM/?f_hotel_no=68680"" class=""3click"">つづきはこちら</a>",ns,【禁煙】シングルルーム ベット幅140ｃｍ,5830371.0,【朝食付・事前カード決済がお得で早い】簡単チェックインでスムーズにお部屋へ 〜◆大浴場◆駅近◆,1,0,0,0,0,2,https://img.travel.rakuten.co.jp/image/tr/api/re/IdsCY/?f_no=68680&f_syu=ns&f_hi1=2026-07-22&f_hi2=2026-07-23&f_heya_su=1&f_otona_su=1&f_s1=0&f_s2=0&f_y1=0&f_y2=0&f_y3=0&f_y4=0&f_camp_id=5830371,0,2026-07-22,8150,8150,0,2026-07-22,buzen
41024,ホテルルートイン行橋,https://img.travel.rakuten.co.jp/image/tr/api/re/pvonD/?f_no=41024,https://img.travel.rakuten.co.jp/image/tr/api/re/vFumt/?f_no=41024&f_flg=PLAN,https://img.travel.rakuten.co.jp/image/tr/api/re/WzozX/?noTomariHotel=41024,https://img.travel.rakuten.co.jp/image/tr/api/re/gJNfM/?f_hotel_no=41024,るーといん　ゆくはし,JR行橋駅より徒歩5分☆大浴場有り☆朝食無料☆Ｗi-Fi無料☆WOWOW無料視聴☆,6350,121408.48,471511.6,824-0005,福岡県,行橋市中央3-5-8,0930-26-8711,0930-26-8712,ＪＲ行橋駅より徒歩5分／東九州自動車道　行橋ＩＣより約４ｋｍ/東九州自動車道　苅田北九州空港ICより約10km,有料：500円/泊　先着順　平面駐車場以外は提携駐車場へのご案内致します。,行橋,https://img.travel.rakuten.co.jp/share/HOTEL/41024/41024.jpg,https://img.travel.rakuten.co.jp/HIMG/90/41024.jpg,https://img.travel.rakuten.co.jp/share/HOTEL/41024/41024_kya.jpg,https://img.travel.rakuten.co.jp/HIMG/INTERIOR/41024.jpg,https://img.travel.rakuten.co.jp/share/HOTEL/41024/41024map.gif,725.0,3.87,"いつでもキレイなので古さを感じません。　2026-07-06 07:21:40投稿 <a href=""https://img.travel.rakuten.co.jp/image/tr/api/re/gJNfM/?f_hotel_no=41024"" class=""3click"">つづきはこちら</a>",nsb,【禁煙】シングルルーム ,1131753.0,【スタンダードプラン】　■大浴場完備■バイキング朝食付き■,1,0,0,1,0,1,https://img.travel.rakuten.co.jp/image/tr/api/re/IdsCY/?f_no=41024&f_syu=nsb&f_hi1=2026-07-22&f_hi2=2026-07-23&f_heya_su=1&f_otona_su=1&f_s1=0&f_s2=0&f_y1=0&f_y2=0&f_y3=0&f_y4=0&f_camp_id=1131753,0,2026-07-22,8550,8550,0,2026-07-22,buzen
108371,東横ＩＮＮ北九州空港,https://img.travel.rakuten.co.jp/image/tr/api/re/pvonD/?f_no=108371,https://img.travel.rakuten.co.jp/image/tr/api/re/vFumt/?f_no=108371&f_flg=PLAN,https://img.travel.rakuten.co.jp/image/tr/api/re/WzozX/?noTomariHotel=108371,https://img.travel.rakuten.co.jp/image/tr/api/re/gJNfM/?f_hotel_no=108371,とうよこいんきたきゅうしゅうくうこう,平尾台まで車で50分の立地で出発を応援！朝食・小学生以下添い寝無料で安心空間を提供いたします,4063,121794.13,471717.73,800-0306,福岡県,北九州市小倉南区空港北町2-4,093-472-1042,093-472-1049,北九州空港より徒歩5分　送迎シャトルを17：00以降離発着に合わせて最終便まで運行　朝は4：50から10：10まで運行中,無料！駐車場有　281台　　駐車場10日間無料　大型バス・大型車駐車無料,北九州空港,https://img.travel.rakuten.co.jp/share/HOTEL/108371/108371.jpg,https://img.travel.rakuten.co.jp/HIMG/90/108371.jpg,https://img.travel.rakuten.co.jp/share/HOTEL/108371/108371room1.jpg,https://img.travel.rakuten.co.jp/HIMG/INTERIOR/108371.jpg,https://img.travel.rakuten.co.jp/share/HOTEL/108371/108371map.gif,604.0,4.32,"チェックインの時にカレーのいい匂い。なんとカレーやコーヒーが無料で食べれるとのこと。チェックインしたらご飯を…　2026-06-16 12:57:34投稿 <a href=""https://img.travel.rakuten.co.jp/image/tr/api/re/gJNfM/?f_hotel_no=108371"" class=""3click"">つづきはこちら</a>",sk,禁煙シングル,6030933.0,【楽天月末セール】朝食付★いつでも安心価格♪ビジネス・レジャーに！禁煙シングル,1,0,0,1,0,1,https://img.travel.rakuten.co.jp/image/tr/api/re/IdsCY/?f_no=108371&f_syu=sk&f_hi1=2026-07-22&f_hi2=2026-07-23&f_heya_su=1&f_otona_su=1&f_s1=0&f_s2=0&f_y1=0&f_y2=0&f_y3=0&f_y4=0&f_camp_id=6030933,0,2026-07-22,6237,6237,0,2026-07-22,buzen
187338,ＨＯＴＥＬ　Ｒ９　Ｔｈｅ　Ｙａｒｄ　上毛,https://img.travel.rakuten.co.jp/image/tr/api/re/pvonD/?f_no=187338,https://img.travel.rakuten.co.jp/image/tr/api/re/vFumt/?f_no=187338&f_flg=PLAN,https://img.travel.rakuten.co.jp/image/tr/api/re/WzozX/?noTomariHotel=187338,https://img.travel.rakuten.co.jp/image/tr/api/re/gJNfM/?f_hotel_no=187338,ほてる あーるないん ざ やーど こうげ,上毛スマートICより車で3分！中津・耶馬渓の観光拠点にも◎無料駐車場完備！独立客室で快適な滞在を♪,3300,120820.72,472239.06,871-0923,福岡県,築上郡上毛町下唐原1649-11,0979-64-6111,0979-64-6408,【お車】東九州自動車道 上毛スマートICより3分、豊前ICより10分【電車】JR日豊本線 中津駅よりタクシーで10分,無料 有り 24台※大型車（2トントラック以上）をご利用の際は、事前にお電話でお問い合わせください。,中津（大分）,https://img.travel.rakuten.co.jp/share/HOTEL/187338/187338.jpg,https://img.travel.rakuten.co.jp/HIMG/90/187338.jpg,,,https://img.travel.rakuten.co.jp/share/HOTEL/187338/187338map.gif,93.0,4.51,"…　2026-07-19 10:42:09投稿 <a href=""https://img.travel.rakuten.co.jp/image/tr/api/re/gJNfM/?f_hotel_no=187338"" class=""3click"">つづきはこちら</a>",double,【禁煙】ダブルルーム （約13平米/最大2名様）,5684815.0,【スタンダード】ビジネスや観光の拠点に♪軽食＆ホットドリンク付【駐車場至近＆無料】,1,0,0,0,0,1,https://img.travel.rakuten.co.jp/image/tr/api/re/IdsCY/?f_no=187338&f_syu=double&f_hi1=2026-07-22&f_hi2=2026-07-23&f_heya_su=1&f_otona_su=1&f_s1=0&f_s2=0&f_y1=0&f_y2=0&f_y3=0&f_y4=0&f_camp_id=5684815,0,2026-07-22,4600,4600,0,2026-07-22,buzen
184657,ＨＯＴＥＬ　Ｒ９　Ｔｈｅ　Ｙａｒｄ　豊前,https://img.travel.rakuten.co.jp/image/tr/api/re/pvonD/?f_no=184657,https://img.travel.rakuten.co.jp/image/tr/api/re/vFumt/?f_no=184657&f_flg=PLAN,https://img.travel.rakuten.co.jp/image/tr/api/re/WzozX/?noTomariHotel=184657,https://img.travel.rakuten.co.jp/image/tr/api/re/gJNfM/?f_hotel_no=184657,ほてる あーるないん ざ やーど ぶぜん,宇島駅より徒歩3分！豊前ICと工業団地も程近くビジネスに最適◎独立客室で快適な滞在を♪,3300,121023.35,472055.67,828-0021,福岡県,豊前市八屋1921-1,0979-64-6766,0979-64-6885,【お車】東九州自動車道 豊前ICより車で10分 【電車】JR日豊本線 宇島駅より徒歩3分,無料 有り 36台※大型車（2トントラック以上）をご利用の際は、事前にお電話でお問い合わせください。,宇島,https://img.travel.rakuten.co.jp/share/HOTEL/184657/184657.jpg,https://img.travel.rakuten.co.jp/HIMG/90/184657.jpg,,,https://img.travel.rakuten.co.jp/share/HOTEL/184657/184657map.gif,95.0,4.1,"また利用したいと思いました　2026-07-19 10:40:05投稿 <a href=""https://img.travel.rakuten.co.jp/image/tr/api/re/gJNfM/?f_hotel_no=184657"" class=""3click"">つづきはこちら</a>",twin,【禁煙】ツインルーム （約12平米/最大2名様）,5573852.0,【スタンダード】ビジネスや観光の拠点に♪軽食＆ホットドリンク付【駐車場至近＆無料】,1,0,0,0,0,1,https://img.travel.rakuten.co.jp/image/tr/api/re/IdsCY/?f_no=184657&f_syu=twin&f_hi1=2026-07-22&f_hi2=2026-07-23&f_heya_su=1&f_otona_su=1&f_s1=0&f_s2=0&f_y1=0&f_y2=0&f_y3=0&f_y4=0&f_camp_id=5573852,0,2026-07-22,7000,7000,0,2026-07-22,buzen
147642,ＨＯＴＥＬ　ＡＺ　福岡築上店,https://img.travel.rakuten.co.jp/image/tr/api/re/pvonD/?f_no=147642,https://img.travel.rakuten.co.jp/image/tr/api/re/vFumt/?f_no=147642&f_flg=PLAN,https://img.travel.rakuten.co.jp/image/tr/api/re/WzozX/?noTomariHotel=147642,https://img.travel.rakuten.co.jp/image/tr/api/re/gJNfM/?f_hotel_no=147642,ほてる　えーぜっと　ふくおかちくじょうてん,東九州道（椎田道路）築城ＩＣより車で約7分☆北九州空港から車で4０分☆平面駐車場無料・朝食無料・ネット接続無料☆,4820,121189.56,471782.48,829-0342,福岡県,築上郡築上町東八田67-1,0930-57-3301,0930-57-3302,東九州自動車道（椎田道路）築城ＩＣより車で約7分 /ＪＲ築城駅より車で5分/ 北九州空港から車で約40分（高速利用）,無料平面駐車場150台あり　普通車：予約不要 、中型車・大型車：要予約（有料）,築城,https://img.travel.rakuten.co.jp/share/HOTEL/147642/147642.jpg,https://img.travel.rakuten.co.jp/HIMG/90/147642.jpg,https://img.travel.rakuten.co.jp/share/HOTEL/147642/147642_kan1.jpg,https://img.travel.rakuten.co.jp/HIMG/INTERIOR/147642.jpg,https://img.travel.rakuten.co.jp/share/HOTEL/147642/147642map.gif,99.0,4.05,"なくなってもすぐにスタッフさんが補充してくれます。これからも利用したいです。　2026-05-29 13:01:33投稿 <a href=""https://img.travel.rakuten.co.jp/image/tr/api/re/gJNfM/?f_hotel_no=147642"" class=""3click"">つづきはこちら</a>",sn,【禁煙】シングル,6386146.0,【宿泊税込】スタンダードプラン（朝食サービス）,1,0,0,1,0,1,https://img.travel.rakuten.co.jp/image/tr/api/re/IdsCY/?f_no=147642&f_syu=sn&f_hi1=2026-07-22&f_hi2=2026-07-23&f_heya_su=1&f_otona_su=1&f_s1=0&f_s2=0&f_y1=0&f_y2=0&f_y3=0&f_y4=0&f_camp_id=6386146,0,2026-07-22,6580,6580,0,2026-07-22,buzen
73872,ビジネスホテル　ベル,https://img.travel.rakuten.co.jp/image/tr/api/re/pvonD/?f_no=73872,https://img.travel.rakuten.co.jp/image/tr/api/re/vFumt/?f_no=73872&f_flg=PLAN,https://img.travel.rakuten.co.jp/image/tr/api/re/WzozX/?noTomariHotel=73872,https://img.travel.rakuten.co.jp/image/tr/api/re/gJNfM/?f_hotel_no=73872,べる,2022年3月リニューアル！出張利用、家族・カップル旅行も！自転車持ち込み可能なお部屋もあり、自転車旅の方々もご利用可能,3300,121425.04,471500.7,824-0001,福岡県,行橋市行事7-7-6,0930-25-5887,0930-25-5886,行橋駅より徒歩5分／九州自動車道　小倉東ＩＣより約１７ｋｍ/東九州自動車道　苅田北九州空港ICより約10km,有り　１３台　無料　予約不可先着順  ,行橋,https://img.travel.rakuten.co.jp/share/HOTEL/73872/73872.jpg,https://img.travel.rakuten.co.jp/HIMG/90/73872.jpg,https://img.travel.rakuten.co.jp/share/HOTEL/73872/73872_sin.jpg,https://img.travel.rakuten.co.jp/HIMG/INTERIOR/73872.jpg,https://img.travel.rakuten.co.jp/share/HOTEL/73872/73872map.gif,161.0,3.96,,npn6,【禁煙】ファミリールーム　ツイン【Wi-Fi無料】,5424581.0,【素泊】2022年リニューアルオープン！ご家族でのご利用も安心・快適に！気軽に泊まろう素泊プラン,1,0,0,0,0,1,https://img.travel.rakuten.co.jp/image/tr/api/re/IdsCY/?f_no=73872&f_syu=npn6&f_hi1=2026-07-22&f_hi2=2026-07-23&f_heya_su=1&f_otona_su=1&f_s1=0&f_s2=0&f_y1=0&f_y2=0&f_y3=0&f_y4=0&f_camp_id=5424581,0,2026-07-22,7700,7700,0,2026-07-22,buzen
15460,ビジネスホテル　ゆくはし,https://img.travel.rakuten.co.jp/image/tr/api/re/pvonD/?f_no=15460,https://img.travel.rakuten.co.jp/image/tr/api/re/vFumt/?f_no=15460&f_flg=PLAN,https://img.travel.rakuten.co.jp/image/tr/api/re/WzozX/?noTomariHotel=15460,https://img.travel.rakuten.co.jp/image/tr/api/re/gJNfM/?f_hotel_no=15460,ゆくはし,駐車場無料・全室バストイレ独立型の客室・徒歩圏内にコンビニ、飲食店、ドラッグストアあり,6000,121408.83,471493.98,824-0031,福岡県,行橋市西宮市2-20-15,0930-22-1333,0930-22-7553,JR行橋駅[特急停車駅]西口から徒歩3分　東九州道[行橋インター]より車で約8分,無料駐車場あり(30台)、大型車（トラック、マイクロバス）の場合は事前にご相談下さい,行橋,https://img.travel.rakuten.co.jp/share/HOTEL/15460/15460.jpg,https://img.travel.rakuten.co.jp/HIMG/90/15460.jpg,https://img.travel.rakuten.co.jp/share/HOTEL/15460/15460_sig.jpg,https://img.travel.rakuten.co.jp/HIMG/INTERIOR/15460.jpg,https://img.travel.rakuten.co.jp/share/HOTEL/15460/15460map.gif,178.0,4.0,"フロントの方も感じ良く、また利用させていただきたいと思います！　2026-04-20 22:32:09投稿 <a href=""https://img.travel.rakuten.co.jp/image/tr/api/re/gJNfM/?f_hotel_no=15460"" class=""3click"">つづきはこちら</a>",sk,〈禁煙・シングル〉全室バストイレ独立型のお部屋♪,2443427.0,【素泊まり・シングル】行橋駅西口(特急停車駅)より徒歩3分♪シンプルな素泊まりプラン♪,1,0,0,0,0,1,https://img.travel.rakuten.co.jp/image/tr/api/re/IdsCY/?f_no=15460&f_syu=sk&f_hi1=2026-07-22&f_hi2=2026-07-23&f_heya_su=1&f_otona_su=1&f_s1=0&f_s2=0&f_y1=0&f_y2=0&f_y3=0&f_y4=0&f_camp_id=2443427,0,2026-07-22,8000,8000,1,2026-07-22,buzen
151179,ＨＯＴＥＬ　ＡＺ　福岡吉富店,https://img.travel.rakuten.co.jp/image/tr/api/re/pvonD/?f_no=151179,https://img.travel.rakuten.co.jp/image/tr/api/re/vFumt/?f_no=151179&f_flg=PLAN,https://img.travel.rakuten.co.jp/image/tr/api/re/WzozX/?noTomariHotel=151179,https://img.travel.rakuten.co.jp/image/tr/api/re/gJNfM/?f_hotel_no=151179,ほてる　えーぜっと　ふくおかよしとみてん,"大分県との県境。中津城へ車で10分。大分県中津市,福岡県豊前市,上毛町に隣接。",4820,120973.72,472218.13,871-0811,福岡県,築上郡吉富町広津879-2,0979-22-3801,0979-22-3802,北九州空港から高速で45分(豊前ICから車で10分）。ＪＲ中津駅から車で約5分。駐車場入り口は県道108号線沿いです。,無料駐車場124台あり　普通車：予約不要 、中型車・大型車：要予約（有料）,吉富（福岡）,https://img.travel.rakuten.co.jp/share/HOTEL/151179/151179.jpg,https://img.travel.rakuten.co.jp/HIMG/90/151179.jpg,https://img.travel.rakuten.co.jp/share/HOTEL/151179/151179_kan1.jpg,https://img.travel.rakuten.co.jp/HIMG/INTERIOR/151179.jpg,https://img.travel.rakuten.co.jp/share/HOTEL/151179/151179map.gif,76.0,4.24,"車があるから場所も気にならないと思います　2026-03-17 08:05:20投稿 <a href=""https://img.travel.rakuten.co.jp/image/tr/api/re/gJNfM/?f_hotel_no=151179"" class=""3click"">つづきはこちら</a>",002,【禁煙】シングル,6386193.0,【宿泊税込】スタンダードプラン（朝食サービス）,1,0,0,1,0,1,https://img.travel.rakuten.co.jp/image/tr/api/re/IdsCY/?f_no=151179&f_syu=002&f_hi1=2026-07-22&f_hi2=2026-07-23&f_heya_su=1&f_otona_su=1&f_s1=0&f_s2=0&f_y1=0&f_y2=0&f_y3=0&f_y4=0&f_camp_id=6386193,0,2026-07-22,6580,6580,0,2026-07-22,buzen
151183,割烹旅館　紀文,https://img.travel.rakuten.co.jp/image/tr/api/re/pvonD/?f_no=151183,https://img.travel.rakuten.co.jp/image/tr/api/re/vFumt/?f_no=151183&f_flg=PLAN,https://img.travel.rakuten.co.jp/image/tr/api/re/WzozX/?noTomariHotel=151183,https://img.travel.rakuten.co.jp/image/tr/api/re/gJNfM/?f_hotel_no=151183,かっぽうりょかん　きぶん,ＪＲ築城駅から徒歩５分。築城ＩＣより車で５分 。お食事は個室をご案内,5580,121206.76,471737.25,829-0101,福岡県,築上郡築上町東築城116-1,0930-52-0050,0930-52-0100,ＪＲ日豊本線　築城駅より徒歩にて約５分,有り　１０台　無料　予約不要,築城,https://img.travel.rakuten.co.jp/share/HOTEL/151183/151183.jpg,https://img.travel.rakuten.co.jp/HIMG/90/151183.jpg,https://img.travel.rakuten.co.jp/share/HOTEL/151183/151183_kan1.jpg,https://img.travel.rakuten.co.jp/HIMG/INTERIOR/151183.jpg,https://img.travel.rakuten.co.jp/share/HOTEL/151183/151183map.gif,25.0,4.67,"近くで用事があり、初めて利用しました。建物は古いですが、清潔で快適に過ごせました。今回は素泊まりでしたが、お料理も美味しいそうなので、会食で利用したいと思いました。　2026-04-03 22:06:03投稿 <a href=""https://img.travel.rakuten.co.jp/image/tr/api/re/gJNfM/?f_hotel_no=151183"" class=""3click"">つづきはこちら</a>",twin2,【バストイレ無し】ツイン,5755602.0,【直前割】直前予約で10％OFF！気ままな素泊りでお得旅♪,1,0,0,0,0,1,https://img.travel.rakuten.co.jp/image/tr/api/re/IdsCY/?f_no=151183&f_syu=twin2&f_hi1=2026-07-22&f_hi2=2026-07-23&f_heya_su=1&f_otona_su=1&f_s1=0&f_s2=0&f_y1=0&f_y2=0&f_y3=0&f_y4=0&f_camp_id=5755602,0,2026-07-22,5850,5850,0,2026-07-22,buzen
168550,割烹旅館　宇島汐湯,https://img.travel.rakuten.co.jp/image/tr/api/re/pvonD/?f_no=168550,https://img.travel.rakuten.co.jp/image/tr/api/re/vFumt/?f_no=168550&f_flg=PLAN,,https://img.travel.rakuten.co.jp/image/tr/api/re/gJNfM/?f_hotel_no=168550,かっぽうりょかん　うのしましおゆ,汐風薫るくつろぎの宿　家庭的な雰囲気が漂う料理・旅館,5800,121033.0,472087.36,828-0022,福岡県,豊前市宇島73-1,0979-82-1231,0979-82-4255,ＪＲ宇島駅より徒歩10分,有り　無料　予約不要,宇島,https://img.travel.rakuten.co.jp/share/HOTEL/168550/168550.jpg,https://img.travel.rakuten.co.jp/HIMG/90/168550.jpg,https://img.travel.rakuten.co.jp/share/HOTEL/168550/168550_kan1.jpg,https://img.travel.rakuten.co.jp/HIMG/INTERIOR/168550.jpg,https://img.travel.rakuten.co.jp/share/HOTEL/168550/168550map.gif,44.0,4.35,"夕食は、メインの鱧と鯛のしゃぶしゃぶは勿論のこと、…　2026-07-09 22:33:14投稿 <a href=""https://img.travel.rakuten.co.jp/image/tr/api/re/gJNfM/?f_hotel_no=168550"" class=""3click"">つづきはこちら</a>",1,おまかせ和室（Wi-Fi完備）,5519521.0,【素泊り】うみてらす豊前もすぐ近く♪気軽に過ごせる豊前の宿,1,0,0,0,0,1,https://img.travel.rakuten.co.jp/image/tr/api/re/IdsCY/?f_no=168550&f_syu=1&f_hi1=2026-07-22&f_hi2=2026-07-23&f_heya_su=1&f_otona_su=1&f_s1=0&f_s2=0&f_y1=0&f_y2=0&f_y3=0&f_y4=0&f_camp_id=5519521,0,2026-07-22,5800,5800,0,2026-07-22,buzen
201935,旧安楽旅館　ＹＡＤＯ　ｅａｓｅ．,https://img.travel.rakuten.co.jp/image/tr/api/re/pvonD/?f_no=201935,https://img.travel.rakuten.co.jp/image/tr/api/re/vFumt/?f_no=201935&f_flg=PLAN,,https://img.travel.rakuten.co.jp/image/tr/api/re/gJNfM/?f_hotel_no=201935,きゅうあんらくりょかん　やどいーず,慌ただしい日々に、ひと呼吸。充実した旅の中にも、ゆるめる時間を。,7000,121209.41,471741.0,829-0101,福岡県,築上郡築上町大字東築城262,0930-31-0943,0930-31-0943,築城駅から徒歩2分,あり 2台　無料　要予約,築城,https://img.travel.rakuten.co.jp/share/HOTEL/201935/201935.jpg,https://img.travel.rakuten.co.jp/HIMG/90/201935.jpg,,,https://img.travel.rakuten.co.jp/share/HOTEL/201935/201935map.gif,,,,01,シングルルーム（和室）,6554352.0,素泊まりプラン,1,0,0,0,0,1,https://img.travel.rakuten.co.jp/image/tr/api/re/IdsCY/?f_no=201935&f_syu=01&f_hi1=2026-07-22&f_hi2=2026-07-23&f_heya_su=1&f_otona_su=1&f_s1=0&f_s2=0&f_y1=0&f_y2=0&f_y3=0&f_y4=0&f_camp_id=6554352,0,2026-07-22,7000,7000,0,2026-07-22,buzen
184523,備長炭の湯　ホテル久留米ヒルズ（ＢＢＨホテルグループ）,https://img.travel.rakuten.co.jp/image/tr/api/re/pvonD/?f_no=184523,https://img.travel.rakuten.co.jp/image/tr/api/re/vFumt/?f_no=184523&f_flg=PLAN,https://img.travel.rakuten.co.jp/image/tr/api/re/WzozX/?noTomariHotel=184523,https://img.travel.rakuten.co.jp/image/tr/api/re/gJNfM/?f_hotel_no=184523,びんちょうたんのゆ　ほてるくるめひるず（びーびーえいちほてるぐるーぷ）,無料朝食バイキング＆無料駐車場（先着15台）でビジネス・観光へのアクセス抜群【全国多数舗展開中のBBHホテルグループ】,3300,119905.38,469861.08,830-0031,福岡県,久留米市六ツ門町15-3,050-1725-6457,0942-64-8887,西鉄久留米駅から徒歩8分、久留米インターから車で15分,有り　15台　無料 (先着順･予約不可）,西鉄久留米,https://img.travel.rakuten.co.jp/share/HOTEL/184523/184523.jpg,https://img.travel.rakuten.co.jp/HIMG/90/184523.jpg,,,https://img.travel.rakuten.co.jp/share/HOTEL/184523/184523map.gif,613.0,3.57,"所々埃があった…　2026-07-20 16:49:12投稿 <a href=""https://img.travel.rakuten.co.jp/image/tr/api/re/gJNfM/?f_hotel_no=184523"" class=""3click"">つづきはこちら</a>",stwin,◆喫煙ツインルーム◆23平米／140センチ幅＋120センチ幅,5543203.0,【インターネット限定】◆◆当日限定大バーゲン!!!!◆朝食バイキング付プラン,1,0,0,1,0,1,https://img.travel.rakuten.co.jp/image/tr/api/re/JlnYS/?f_no=184523&f_syu=stwin&f_hi1=2026-07-22&f_hi2=2026-07-23&f_heya_su=1&f_otona_su=1&f_s1=0&f_s2=0&f_y1=0&f_y2=0&f_y3=0&f_y4=0&f_camp_id=5543203,2,2026-07-22,8700,8700,0,2026-07-22,kurume
172633,グリーンリッチホテル久留米　天然温泉・有馬六ツ門の湯,https://img.travel.rakuten.co.jp/image/tr/api/re/pvonD/?f_no=172633,https://img.travel.rakuten.co.jp/image/tr/api/re/vFumt/?f_no=172633&f_flg=PLAN,https://img.travel.rakuten.co.jp/image/tr/api/re/WzozX/?noTomariHotel=172633,https://img.travel.rakuten.co.jp/image/tr/api/re/gJNfM/?f_hotel_no=172633,ぐりーんりっちほてるくるめ　,久留米唯一の天然温泉大浴場完備のデザイナーズホテル　酸素ルーム有り　好評！朝食バイキング,4600,119926.87,469857.01,830-0017,福岡県,久留米市日吉町18-1,0942-39-3000,0942-46-3300,●西鉄久留米駅より車で3分、JR久留米駅より車で3分●福岡空港連絡バス停「六ツ門」徒歩3分●,"有　車高制限：185cm　１泊1,200円■先着順■満車時は近隣のコインパーキングをご案内します。",久留米,https://img.travel.rakuten.co.jp/share/HOTEL/172633/172633.jpg,https://img.travel.rakuten.co.jp/HIMG/90/172633.jpg,https://img.travel.rakuten.co.jp/share/HOTEL/172633/172633_kan1.jpg,https://img.travel.rakuten.co.jp/HIMG/INTERIOR/172633.jpg,https://img.travel.rakuten.co.jp/share/HOTEL/172633/172633map.gif,898.0,4.22,,sn,【禁煙】シングル,4399303.0,【素泊まり】シンプルステイ,1,0,0,0,0,1,https://img.travel.rakuten.co.jp/image/tr/api/re/IdsCY/?f_no=172633&f_syu=sn&f_hi1=2026-07-22&f_hi2=2026-07-23&f_heya_su=1&f_otona_su=1&f_s1=0&f_s2=0&f_y1=0&f_y2=0&f_y3=0&f_y4=0&f_camp_id=4399303,0,2026-07-22,13000,13000,0,2026-07-22,kurume
68074,久留米ホテルエスプリ,https://img.travel.rakuten.co.jp/image/tr/api/re/pvonD/?f_no=68074,https://img.travel.rakuten.co.jp/image/tr/api/re/vFumt/?f_no=68074&f_flg=PLAN,https://img.travel.rakuten.co.jp/image/tr/api/re/WzozX/?noTomariHotel=68074,https://img.travel.rakuten.co.jp/image/tr/api/re/gJNfM/?f_hotel_no=68074,くるめほてるえすぷり,西鉄久留米駅は目の前！21.60㎡～の広いお部屋とベッドが自慢♪駐車場＆会議室完備☆,2600,119909.11,469879.48,830-0032,福岡県,久留米市東町339,0942-31-1300,0942-31-1333,西鉄久留米駅から徒歩１分。JR久留米駅より車で5分。天神から電車で約30分。福岡空港より高速バスで約４５分,"有り　15台　1,000円（税込み／泊）　先着順　※提携駐車場も有り",西鉄久留米,https://img.travel.rakuten.co.jp/share/HOTEL/68074/68074.jpg,https://img.travel.rakuten.co.jp/HIMG/90/68074.jpg,https://img.travel.rakuten.co.jp/share/HOTEL/68074/68074_k1.jpg,https://img.travel.rakuten.co.jp/HIMG/INTERIOR/68074.jpg,https://img.travel.rakuten.co.jp/share/HOTEL/68074/68074map.gif,1334.0,3.88,"立地がなにもかも良い。目の前は西鉄久留米駅なので西鉄電車はもちろんバスにタクシーに交通の便良し、バスでJR久留米駅に行けるし高速バスもあるので助かる。駐車場は台数少なめですがホテル敷地内に空いていれば…　2026-05-26 16:02:41投稿 <a href=""https://img.travel.rakuten.co.jp/image/tr/api/re/gJNfM/?f_hotel_no=68074"" class=""3click"">つづきはこちら</a>",s,Espritクイーンルーム◆喫煙（旧エグゼクティブシングル),4524204.0,【広さと言えば！】Esprit特典なしプラン♪＜素泊まり＞,1,0,0,0,0,1,https://img.travel.rakuten.co.jp/image/tr/api/re/IdsCY/?f_no=68074&f_syu=s&f_hi1=2026-07-22&f_hi2=2026-07-23&f_heya_su=1&f_otona_su=1&f_s1=0&f_s2=0&f_y1=0&f_y2=0&f_y3=0&f_y4=0&f_camp_id=4524204,0,2026-07-22,8000,8000,0,2026-07-22,kurume
1373,ホテルニュープラザ久留米,https://img.travel.rakuten.co.jp/image/tr/api/re/pvonD/?f_no=1373,https://img.travel.rakuten.co.jp/image/tr/api/re/vFumt/?f_no=1373&f_flg=PLAN,https://img.travel.rakuten.co.jp/image/tr/api/re/WzozX/?noTomariHotel=1373,https://img.travel.rakuten.co.jp/image/tr/api/re/gJNfM/?f_hotel_no=1373,にゅーぷらざくるめ,西鉄久留米駅より徒歩7分、駐車スペースは200台、ビジネスからファミリーまで多様なお部屋タイプをご準備しております。,3500,119906.11,469864.36,830-0031,福岡県,久留米市六ッ門町16-1,0942-33-0010,0942-38-6583,西鉄久留米駅から徒歩7分。JR久留米駅から車で5分。広又バス停まで徒歩２分,普通車200台　 550円（税込/泊）　/　大型車（バス･トラック）は事前にホテルへご確認下さい,久留米,https://img.travel.rakuten.co.jp/share/HOTEL/1373/1373.jpg,https://img.travel.rakuten.co.jp/HIMG/90/1373.jpg,https://img.travel.rakuten.co.jp/share/HOTEL/1373/1373_sgl.jpg,https://img.travel.rakuten.co.jp/HIMG/INTERIOR/1373.jpg,https://img.travel.rakuten.co.jp/share/HOTEL/1373/1373map.gif,2519.0,3.67,,sak,【禁煙】 スタンダードシングル,5798530.0,【オンラインカード決済限定】注意事項をご確認の上ご予約下さい。宿泊税別,1,0,0,0,0,2,https://img.travel.rakuten.co.jp/image/tr/api/re/IdsCY/?f_no=1373&f_syu=sak&f_hi1=2026-07-22&f_hi2=2026-07-23&f_heya_su=1&f_otona_su=1&f_s1=0&f_s2=0&f_y1=0&f_y2=0&f_y3=0&f_y4=0&f_camp_id=5798530,0,2026-07-22,5600,5600,0,2026-07-22,kurume
39624,萃香園ホテル,https://img.travel.rakuten.co.jp/image/tr/api/re/pvonD/?f_no=39624,https://img.travel.rakuten.co.jp/image/tr/api/re/vFumt/?f_no=39624&f_flg=PLAN,https://img.travel.rakuten.co.jp/image/tr/api/re/WzozX/?noTomariHotel=39624,https://img.travel.rakuten.co.jp/image/tr/api/re/gJNfM/?f_hotel_no=39624,すいこうえん　ほてる,四季折々の姿を見せる日本庭園が彩る癒しと安らぎの空間・・・,4600,119942.89,469859.41,830-0013,福岡県,久留米市櫛原町87,0942-35-5351,0942-35-5356,ＪＲ 久留米駅・西鉄 久留米駅双方よりお車で5分／高速道路久留米I.C.よりお車で約10分,60台有(無料）：必ずご準備いたしますので、スタッフにお問い合わせください。,久留米,https://img.travel.rakuten.co.jp/share/HOTEL/39624/39624.jpg,https://img.travel.rakuten.co.jp/HIMG/90/39624.jpg,https://img.travel.rakuten.co.jp/share/HOTEL/39624/39624_room.jpg,https://img.travel.rakuten.co.jp/HIMG/INTERIOR/39624.jpg,https://img.travel.rakuten.co.jp/share/HOTEL/39624/39624map.gif,263.0,4.43,"駐車場も無料なのがまた…　2026-07-15 11:09:12投稿 <a href=""https://img.travel.rakuten.co.jp/image/tr/api/re/gJNfM/?f_hotel_no=39624"" class=""3click"">つづきはこちら</a>",mt1,モデレートツイン【禁煙】,6109685.0,萃香園ホテル【素泊まり】プラン,1,0,0,0,0,1,https://img.travel.rakuten.co.jp/image/tr/api/re/IdsCY/?f_no=39624&f_syu=mt1&f_hi1=2026-07-22&f_hi2=2026-07-23&f_heya_su=1&f_otona_su=1&f_s1=0&f_s2=0&f_y1=0&f_y2=0&f_y3=0&f_y4=0&f_camp_id=6109685,0,2026-07-22,16200,16200,0,2026-07-22,kurume
438,久留米ワシントンホテルプラザ,https://img.travel.rakuten.co.jp/image/tr/api/re/pvonD/?f_no=438,https://img.travel.rakuten.co.jp/image/tr/api/re/vFumt/?f_no=438&f_flg=PLAN,https://img.travel.rakuten.co.jp/image/tr/api/re/WzozX/?noTomariHotel=438,https://img.travel.rakuten.co.jp/image/tr/api/re/gJNfM/?f_hotel_no=438,くるめ　わしんとんほてるぷらざ,全室高速Wi-fi接続＆加湿空気清浄機＆USBコンセント完備●西鉄「久留米」駅より徒歩約5分（福岡天神から30~40分）,4200,119915.32,469873.34,830-0032,福岡県,久留米市東町34-2,0942-32-0410,0942-39-2778,西鉄「久留米」より徒歩約5分　※ＪＲ久留米駅からはお車にて約5分。注）駐車場はございません。,施設内に駐車場がございません。※周辺パーキングに駐車をお願いいたします。(有料),久留米,https://img.travel.rakuten.co.jp/share/HOTEL/438/438.jpg,https://img.travel.rakuten.co.jp/HIMG/90/438.jpg,https://img.travel.rakuten.co.jp/share/HOTEL/438/438_rm.jpg,https://img.travel.rakuten.co.jp/HIMG/INTERIOR/438.jpg,https://img.travel.rakuten.co.jp/share/HOTEL/438/438map.gif,1495.0,3.65,,sb101,シングル【禁煙】,2828508.0,学割プラン・ 学生証をご提示下さい（食事なし）,1,0,0,0,0,1,https://img.travel.rakuten.co.jp/image/tr/api/re/IdsCY/?f_no=438&f_syu=sb101&f_hi1=2026-07-22&f_hi2=2026-07-23&f_heya_su=1&f_otona_su=1&f_s1=0&f_s2=0&f_y1=0&f_y2=0&f_y3=0&f_y4=0&f_camp_id=2828508,0,2026-07-22,6600,6600,0,2026-07-22,kurume
72868,ＨＯＴＥＬ　ＡＺ　福岡甘木インター店,https://img.travel.rakuten.co.jp/image/tr/api/re/pvonD/?f_no=72868,https://img.travel.rakuten.co.jp/image/tr/api/re/vFumt/?f_no=72868&f_flg=PLAN,https://img.travel.rakuten.co.jp/image/tr/api/re/WzozX/?noTomariHotel=72868,https://img.travel.rakuten.co.jp/image/tr/api/re/gJNfM/?f_hotel_no=72868,ほてるえーぜっと　ふくおかあまぎいんたーてん,甘木インターすぐそばでアクセス良好！朝食無料！無料駐車場146台完備！全室インターネット接続OK！,5370,120252.35,470358.66,838-0068,福岡県,朝倉市甘木397-6,0946-21-3301,0946-21-3302,大分自動車道　甘木インターより車で１分　JR甘木駅より車で5分　　,無料駐車場146台あり　普通車：予約不要 、中型車・大型車：要予約,,https://img.travel.rakuten.co.jp/share/HOTEL/72868/72868.jpg,https://img.travel.rakuten.co.jp/HIMG/90/72868.jpg,,,https://img.travel.rakuten.co.jp/share/HOTEL/72868/72868map.gif,1150.0,3.97,,sgls,【喫煙】シングル,6385937.0,【宿泊税込】スタンダードプラン（朝食サービス）,1,0,0,1,0,1,https://img.travel.rakuten.co.jp/image/tr/api/re/IdsCY/?f_no=72868&f_syu=sgls&f_hi1=2026-07-22&f_hi2=2026-07-23&f_heya_su=1&f_otona_su=1&f_s1=0&f_s2=0&f_y1=0&f_y2=0&f_y3=0&f_y4=0&f_camp_id=6385937,0,2026-07-22,6580,6580,0,2026-07-22,kurume
178227,ザ・セレクトン久留米,https://img.travel.rakuten.co.jp/image/tr/api/re/pvonD/?f_no=178227,https://img.travel.rakuten.co.jp/image/tr/api/re/vFumt/?f_no=178227&f_flg=PLAN,https://img.travel.rakuten.co.jp/image/tr/api/re/WzozX/?noTomariHotel=178227,https://img.travel.rakuten.co.jp/image/tr/api/re/gJNfM/?f_hotel_no=178227,ざ　せれくとん　くるめ,西鉄久留米駅より徒歩7分と福岡市内からのアクセス便利★男女別大浴場あり★全室禁煙＆Bluetoothスピーカー完備で快適,3170,119906.32,469859.98,830-0031,福岡県,久留米市六ツ門町17-30,0942-40-5020,0942-27-8641,●西鉄久留米駅より徒歩約7分 ●JR久留米駅より車で約5分 ●西鉄バス「六ッ門・シティプラザ前」バス停より徒歩約5分,駐車台数に限りがございます（5台）※満車時は近隣コインパーキングをご案内しております。（提携なし）,西鉄久留米,https://img.travel.rakuten.co.jp/share/HOTEL/178227/178227.jpg,https://img.travel.rakuten.co.jp/HIMG/90/178227.jpg,,,https://img.travel.rakuten.co.jp/share/HOTEL/178227/178227map.gif,603.0,3.96,,stwa,シャワードツイン（禁煙）,4599006.0,【素泊り】スタンダードプラン 無料夕食あり！WiFi完備＆男女別大浴場で快適ステイ ビジネスに最適！,1,0,0,0,0,1,https://img.travel.rakuten.co.jp/image/tr/api/re/IdsCY/?f_no=178227&f_syu=stwa&f_hi1=2026-07-22&f_hi2=2026-07-23&f_heya_su=1&f_otona_su=1&f_s1=0&f_s2=0&f_y1=0&f_y2=0&f_y3=0&f_y4=0&f_camp_id=4599006,0,2026-07-22,7500,7500,0,2026-07-22,kurume
8746,エンナンホテル　久留米,https://img.travel.rakuten.co.jp/image/tr/api/re/pvonD/?f_no=8746,https://img.travel.rakuten.co.jp/image/tr/api/re/vFumt/?f_no=8746&f_flg=PLAN,https://img.travel.rakuten.co.jp/image/tr/api/re/WzozX/?noTomariHotel=8746,https://img.travel.rakuten.co.jp/image/tr/api/re/gJNfM/?f_hotel_no=8746,えんなんほてる　くるめ,西鉄久留米駅徒歩2分/デュベスタイル/チェックアウト11時/wifi・有線LAN完備/VOD無料/ウォシュレット完備,2910,119909.79,469877.0,830-0032,福岡県,久留米市東町29-10,0942-38-3811,0942-38-3818,西鉄久留米駅から徒歩2分、JR久留米駅から車にて5分、久留米ICから車で10分、福岡空港から西鉄高速バス(直通)45分。,●1台（普通車サイズ）で第一駐車場1泊900円、第二駐車場1泊600円です。（先着順：予約不可）,西鉄久留米,https://img.travel.rakuten.co.jp/share/HOTEL/8746/8746.jpg,https://img.travel.rakuten.co.jp/HIMG/90/8746.jpg,https://img.travel.rakuten.co.jp/share/HOTEL/8746/8746_si.jpg,https://img.travel.rakuten.co.jp/HIMG/INTERIOR/8746.jpg,https://img.travel.rakuten.co.jp/share/HOTEL/8746/8746map.gif,3161.0,3.59,,0711dsn,【禁煙】シングルルーム/14平米/ダブルベット,1872628.0,【素泊まり】西鉄久留米駅から徒歩3分★Wベッド★VOD見放題★大浴場・軟水風呂,1,0,0,0,0,1,https://img.travel.rakuten.co.jp/image/tr/api/re/IdsCY/?f_no=8746&f_syu=0711dsn&f_hi1=2026-07-22&f_hi2=2026-07-23&f_heya_su=1&f_otona_su=1&f_s1=0&f_s2=0&f_y1=0&f_y2=0&f_y3=0&f_y4=0&f_camp_id=1872628,0,2026-07-22,7440,7440,0,2026-07-22,kurume
8080,ビジネスイン・シーガル,https://img.travel.rakuten.co.jp/image/tr/api/re/pvonD/?f_no=8080,https://img.travel.rakuten.co.jp/image/tr/api/re/vFumt/?f_no=8080&f_flg=PLAN,https://img.travel.rakuten.co.jp/image/tr/api/re/WzozX/?noTomariHotel=8080,https://img.travel.rakuten.co.jp/image/tr/api/re/gJNfM/?f_hotel_no=8080,びじねすいん・しーがる,久留米市花畑の静かでシンプルなホテル。客室無料LAN、フリーWi-Fi。長期は特にオトク。大型コインランドリー付帯。,4000,119895.68,469856.04,830-0039,福岡県,久留米市花畑 1-1-4,0942-38-4111,0942-32-7500,福岡天神から特急で直30分、JR久留米駅より車で5分、西鉄花畑駅より徒歩3分、久留米インターより車で15分、駐車場無料,無料：15台　先着順*満車の場合は近隣有料駐車場のご案内(500円/日前後)。大型車は別途ご相談。,久留米,https://img.travel.rakuten.co.jp/share/HOTEL/8080/8080.jpg,https://img.travel.rakuten.co.jp/HIMG/90/8080.jpg,https://img.travel.rakuten.co.jp/share/HOTEL/8080/8080_room.jpg,https://img.travel.rakuten.co.jp/HIMG/INTERIOR/8080.jpg,https://img.travel.rakuten.co.jp/share/HOTEL/8080/8080map.gif,338.0,4.17,,003,シングル禁煙,4319358.0,シングル禁煙現金決済特典 [Extra rates],1,0,0,0,0,0,https://img.travel.rakuten.co.jp/image/tr/api/re/IdsCY/?f_no=8080&f_syu=003&f_hi1=2026-07-22&f_hi2=2026-07-23&f_heya_su=1&f_otona_su=1&f_s1=0&f_s2=0&f_y1=0&f_y2=0&f_y3=0&f_y4=0&f_camp_id=4319358,0,2026-07-22,6000,6000,0,2026-07-22,kurume
167668,ホステル　イルファーロ久留米,https://img.travel.rakuten.co.jp/image/tr/api/re/pvonD/?f_no=167668,https://img.travel.rakuten.co.jp/image/tr/api/re/vFumt/?f_no=167668&f_flg=PLAN,https://img.travel.rakuten.co.jp/image/tr/api/re/WzozX/?noTomariHotel=167668,https://img.travel.rakuten.co.jp/image/tr/api/re/gJNfM/?f_hotel_no=167668,ほすてる　いるふぁーろくるめ,西鉄久留米駅より徒歩1分。提携駐車場有。朝食無料。無料wifi有。,3570,119915.01,469881.77,830-0032,福岡県,久留米市東町38-13,0942-65-7140,0942-65-7168,西鉄久留米駅西口より徒歩1分。西鉄福岡（天神）駅より特急で約30分。久留米インターから車で10分の好アクセス！,提携コインパーキング600円（三井のリパーク）詳細は駐車場MAPをご確認ください。,久留米,https://img.travel.rakuten.co.jp/share/HOTEL/167668/167668.jpg,https://img.travel.rakuten.co.jp/HIMG/90/167668.jpg,https://img.travel.rakuten.co.jp/share/HOTEL/167668/167668_kan1.jpg,https://img.travel.rakuten.co.jp/HIMG/INTERIOR/167668.jpg,https://img.travel.rakuten.co.jp/share/HOTEL/167668/167668map.gif,449.0,4.06,"また立地もよく西鉄久留米までは1.2分　周りには居酒屋などもあり食に困ることはなかったです。　2026-06-01 18:20:53投稿 <a href=""https://img.travel.rakuten.co.jp/image/tr/api/re/gJNfM/?f_hotel_no=167668"" class=""3click"">つづきはこちら</a>",111,【男性専用】シングル／4.7平米,6560805.0,【男性専用プラン】【直前割】室数限定！☆アメニティ付/駅近徒歩1分,1,0,0,0,0,1,https://img.travel.rakuten.co.jp/image/tr/api/re/IdsCY/?f_no=167668&f_syu=111&f_hi1=2026-07-22&f_hi2=2026-07-23&f_heya_su=1&f_otona_su=1&f_s1=0&f_s2=0&f_y1=0&f_y2=0&f_y3=0&f_y4=0&f_camp_id=6560805,0,2026-07-22,3990,3990,0,2026-07-22,kurume
196704,いやし処ほてる寛楽　久留米駅前,https://img.travel.rakuten.co.jp/image/tr/api/re/pvonD/?f_no=196704,https://img.travel.rakuten.co.jp/image/tr/api/re/vFumt/?f_no=196704&f_flg=PLAN,https://img.travel.rakuten.co.jp/image/tr/api/re/WzozX/?noTomariHotel=196704,https://img.travel.rakuten.co.jp/image/tr/api/re/gJNfM/?f_hotel_no=196704,いやしどころほてる かんらく くるめえきまえ,日本を感じる「和」の雰囲気と「洋」の快適さを持ち お客様に「寛ぎ」と「楽しさ」をお届けします。,3460,119923.14,469881.24,830-0018,福岡県,久留米市通町108-4,0942-48-3388,0942-48-3308,西鉄久留米駅より車で4分　徒歩7分,なし,西鉄久留米,https://img.travel.rakuten.co.jp/share/HOTEL/196704/196704.jpg,https://img.travel.rakuten.co.jp/HIMG/90/196704.jpg,,,https://img.travel.rakuten.co.jp/share/HOTEL/196704/196704map.gif,159.0,4.07,"それから、18時から20時でカレーサービスがあり、初めて頂きましたが、こちらも非常に美味しかったです。　2026-06-26 15:07:02投稿 <a href=""https://img.travel.rakuten.co.jp/image/tr/api/re/gJNfM/?f_hotel_no=196704"" class=""3click"">つづきはこちら</a>",stdouble,スタンダードダブル,6256299.0,【素泊り】スタンダードプラン★無料夕食あり！Wi-Fi＆男女別大浴場完備  ビジネスに最適♪,1,0,0,0,0,1,https://img.travel.rakuten.co.jp/image/tr/api/re/IdsCY/?f_no=196704&f_syu=stdouble&f_hi1=2026-07-22&f_hi2=2026-07-23&f_heya_su=1&f_otona_su=1&f_s1=0&f_s2=0&f_y1=0&f_y2=0&f_y3=0&f_y4=0&f_camp_id=6256299,0,2026-07-22,9200,9200,0,2026-07-22,kurume
198682,ＨＯＴＥＬ　Ｒ９　Ｔｈｅ　Ｙａｒｄ　大刀洗,https://img.travel.rakuten.co.jp/image/tr/api/re/pvonD/?f_no=198682,https://img.travel.rakuten.co.jp/image/tr/api/re/vFumt/?f_no=198682&f_flg=PLAN,https://img.travel.rakuten.co.jp/image/tr/api/re/WzozX/?noTomariHotel=198682,https://img.travel.rakuten.co.jp/image/tr/api/re/gJNfM/?f_hotel_no=198682,ほてる あーるないん ざ やーど たちあらい,筑後小郡ICより車で4分！大刀洗町への出張や観光の拠点に！カレーなど軽食サービス付,3900,120233.11,470147.2,830-1224,福岡県,三井郡大刀洗町鵜木1440-1,0942-48-6235,0942-48-6236,【電車】甘木鉄道今隈駅より徒歩6分。【お車】筑後小郡ICより車で4分。,無料 有り 60台※大型車（2トントラック以上）をご利用の際は、事前にお電話でお問い合わせください。,西鉄小郡,https://img.travel.rakuten.co.jp/share/HOTEL/198682/198682.jpg,https://img.travel.rakuten.co.jp/HIMG/90/198682.jpg,,,https://img.travel.rakuten.co.jp/share/HOTEL/198682/198682map.gif,74.0,4.3,"綺麗な部屋で満足です。　2026-07-18 19:58:03投稿 <a href=""https://img.travel.rakuten.co.jp/image/tr/api/re/gJNfM/?f_hotel_no=198682"" class=""3click"">つづきはこちら</a>",double,【禁煙】ダブルルーム （約13平米/最大2名様）,6424887.0,【スタンダード】ビジネスや観光の拠点に♪軽食＆ホットドリンク付【駐車場至近＆無料】,1,0,0,0,0,1,https://img.travel.rakuten.co.jp/image/tr/api/re/IdsCY/?f_no=198682&f_syu=double&f_hi1=2026-07-22&f_hi2=2026-07-23&f_heya_su=1&f_otona_su=1&f_s1=0&f_s2=0&f_y1=0&f_y2=0&f_y3=0&f_y4=0&f_camp_id=6424887,0,2026-07-22,7000,7000,0,2026-07-22,kurume
10978,原鶴温泉　原鶴グランドスカイホテル（BBHホテルグループ）,https://img.travel.rakuten.co.jp/image/tr/api/re/pvonD/?f_no=10978,https://img.travel.rakuten.co.jp/image/tr/api/re/vFumt/?f_no=10978&f_flg=PLAN,https://img.travel.rakuten.co.jp/image/tr/api/re/WzozX/?noTomariHotel=10978,https://img.travel.rakuten.co.jp/image/tr/api/re/gJNfM/?f_hotel_no=10978,はらつるおんせん　はらつるぐらんどすかいほてる,★人気のあさくらうまかもんバイキング９０分食べ飲み放題とウェルカムハッピーアワーが好評★,9000,120053.0,470831.0,838-1514,福岡県,朝倉市杷木久喜宮1820-1,050-1807-3059,0946-62-3063,大分自動車道『杷木IC』より車で5分/JR久大本線『筑後吉井駅』,有り　90台　無料,筑後吉井,https://img.travel.rakuten.co.jp/share/HOTEL/10978/10978.jpg,https://img.travel.rakuten.co.jp/HIMG/90/10978.jpg,https://img.travel.rakuten.co.jp/share/HOTEL/10978/10978_room.jpg,https://img.travel.rakuten.co.jp/HIMG/INTERIOR/10978.jpg,https://img.travel.rakuten.co.jp/share/HOTEL/10978/10978map.gif,1911.0,4.0,,twn,スタンダードツイン_○喫煙 ゆったり38平米,1905747.0,【ポイント10倍】弱アルカリ性単純泉と単純硫黄泉のダブル美肌の湯源泉かけ流しを満喫★素泊まりプラン,10,0,0,0,0,1,https://img.travel.rakuten.co.jp/image/tr/api/re/IdsCY/?f_no=10978&f_syu=twn&f_hi1=2026-07-22&f_hi2=2026-07-23&f_heya_su=1&f_otona_su=1&f_s1=0&f_s2=0&f_y1=0&f_y2=0&f_y3=0&f_y4=0&f_camp_id=1905747,0,2026-07-22,13000,13000,0,2026-07-22,kurume
79319,ホテルマリターレ創世　久留米,https://img.travel.rakuten.co.jp/image/tr/api/re/pvonD/?f_no=79319,https://img.travel.rakuten.co.jp/image/tr/api/re/vFumt/?f_no=79319&f_flg=PLAN,https://img.travel.rakuten.co.jp/image/tr/api/re/WzozX/?noTomariHotel=79319,https://img.travel.rakuten.co.jp/image/tr/api/re/gJNfM/?f_hotel_no=79319,まりたーれそうせい　くるめ,広々とした客室にはヨーロッパからの直輸入家具にジャグジーを完備！ごゆっくりお寛ぎいただけます。,5900,119957.48,469870.87,830-0003,福岡県,久留米市東櫛原町900,0942-35-5211,0942-48-1121,ＪＲ久留米駅・西鉄久留米駅から車で約１０分,有り　２００台　無料　予約不要,久留米,https://img.travel.rakuten.co.jp/share/HOTEL/79319/79319.jpg,https://img.travel.rakuten.co.jp/HIMG/90/79319.jpg,https://img.travel.rakuten.co.jp/share/HOTEL/79319/79319_b.jpg,https://img.travel.rakuten.co.jp/HIMG/INTERIOR/79319.jpg,https://img.travel.rakuten.co.jp/share/HOTEL/79319/79319map.gif,229.0,4.14,"博多周辺で泊まるよりお部屋も浴室も広く、朝食をルームサービスで取ること…　2026-05-13 16:42:55投稿 <a href=""https://img.travel.rakuten.co.jp/image/tr/api/re/gJNfM/?f_hotel_no=79319"" class=""3click"">つづきはこちら</a>",dsa,【禁煙】デラックスシングル☆広々 ３１平米,6466317.0,【素泊まり】ラッキー★プラン【全室禁煙】,1,0,0,0,0,1,https://img.travel.rakuten.co.jp/image/tr/api/re/IdsCY/?f_no=79319&f_syu=dsa&f_hi1=2026-07-22&f_hi2=2026-07-23&f_heya_su=1&f_otona_su=1&f_s1=0&f_s2=0&f_y1=0&f_y2=0&f_y3=0&f_y4=0&f_camp_id=6466317,0,2026-07-22,9600,9600,0,2026-07-22,kurume
187885,フェアフィールド・バイ・マリオット・福岡うきは,https://img.travel.rakuten.co.jp/image/tr/api/re/pvonD/?f_no=187885,https://img.travel.rakuten.co.jp/image/tr/api/re/vFumt/?f_no=187885&f_flg=PLAN,https://img.travel.rakuten.co.jp/image/tr/api/re/WzozX/?noTomariHotel=187885,https://img.travel.rakuten.co.jp/image/tr/api/re/gJNfM/?f_hotel_no=187885,ふぇあふぃーるど･ばい･まりおっと･ふくおかうきは,偶然と発見に出会う旅が待っている。特別な物語をここで。,5899,119990.79,470957.82,839-1408,福岡県,うきは市浮羽町山北734-6,06-6743-4750,06-6743-4584,JRうきは駅より車で約7分。杷木 ICより車で10分。,有：【ホテル専用駐車場／ホテル裏共同利用駐車場】をご利用ください（先着順）,うきは,https://img.travel.rakuten.co.jp/share/HOTEL/187885/187885.jpg,https://img.travel.rakuten.co.jp/HIMG/90/187885.jpg,,,https://img.travel.rakuten.co.jp/share/HOTEL/187885/187885map.gif,32.0,4.59,"Very relaxing hotel　2026-07-17 02:54:08投稿 <a href=""https://img.travel.rakuten.co.jp/image/tr/api/re/gJNfM/?f_hotel_no=187885"" class=""3click"">つづきはこちら</a>",ukitwin,【禁煙】ツインルーム　25平米/ベッド幅120cm×2台,5739378.0,【Marriott Bonvoy会員対象プラン・素泊まり】,1,0,0,0,0,2,https://img.travel.rakuten.co.jp/image/tr/api/re/IdsCY/?f_no=187885&f_syu=ukitwin&f_hi1=2026-07-22&f_hi2=2026-07-23&f_heya_su=1&f_otona_su=1&f_s1=0&f_s2=0&f_y1=0&f_y2=0&f_y3=0&f_y4=0&f_camp_id=5739378,0,2026-07-22,15730,15730,0,2026-07-22,kurume
179183,久大ホテル・ガレノス久留米,https://img.travel.rakuten.co.jp/image/tr/api/re/pvonD/?f_no=179183,https://img.travel.rakuten.co.jp/image/tr/api/re/vFumt/?f_no=179183&f_flg=PLAN,https://img.travel.rakuten.co.jp/image/tr/api/re/WzozX/?noTomariHotel=179183,https://img.travel.rakuten.co.jp/image/tr/api/re/gJNfM/?f_hotel_no=179183,きゅうだいほてる・がれのすくるめ,久留米・久留米大学を訪れるすべての皆様のために、穏やかで、温かく、ホッとできる空間をご提供致します。,4840,120004.64,469855.08,830-0001,福岡県,久留米市小森野4-8-10,0942-48-1301,0942-48-1312,ＪＲ　久留米駅よりお車にて約１０分,1泊　440円,久留米,https://img.travel.rakuten.co.jp/share/HOTEL/179183/179183.jpg,https://img.travel.rakuten.co.jp/HIMG/90/179183.jpg,,,https://img.travel.rakuten.co.jp/share/HOTEL/179183/179183map.gif,15.0,5.0,"2階以上はアパートになっているのか、玄関の前は自…　2026-06-30 23:01:04投稿 <a href=""https://img.travel.rakuten.co.jp/image/tr/api/re/gJNfM/?f_hotel_no=179183"" class=""3click"">つづきはこちら</a>",032601,ガレノスクイーン,5499390.0,【特別価格】素泊まりプラン,1,0,0,0,0,1,https://img.travel.rakuten.co.jp/image/tr/api/re/IdsCY/?f_no=179183&f_syu=032601&f_hi1=2026-07-22&f_hi2=2026-07-23&f_heya_su=1&f_otona_su=1&f_s1=0&f_s2=0&f_y1=0&f_y2=0&f_y3=0&f_y4=0&f_camp_id=5499390,0,2026-07-22,7480,7480,0,2026-07-22,kurume
160640,ニュー筑水荘,https://img.travel.rakuten.co.jp/image/tr/api/re/pvonD/?f_no=160640,https://img.travel.rakuten.co.jp/image/tr/api/re/vFumt/?f_no=160640&f_flg=PLAN,https://img.travel.rakuten.co.jp/image/tr/api/re/WzozX/?noTomariHotel=160640,https://img.travel.rakuten.co.jp/image/tr/api/re/gJNfM/?f_hotel_no=160640,にゅーちくすいそう,2022年9月一部リニューアル済！天然温泉と美味しい料理でおもてなし。ビジネスも観光もお待ちしております！,4400,120054.27,470800.17,839-1304,福岡県,うきは市吉井町千年596,0943-74-5555,0943-74-5566,筑後吉井駅から車で約10分。朝倉I.Cから車で約15分。博多からは高速バスで朝倉迄が早くてお得！,有り　１００台　無料　予約不要,うきは,https://img.travel.rakuten.co.jp/share/HOTEL/160640/160640.jpg,https://img.travel.rakuten.co.jp/HIMG/90/160640.jpg,https://img.travel.rakuten.co.jp/share/HOTEL/160640/160640_sho1.jpg,https://img.travel.rakuten.co.jp/HIMG/INTERIOR/160640.jpg,https://img.travel.rakuten.co.jp/share/HOTEL/160640/160640map.gif,73.0,4.02,"宿の一部を温泉を活用したデイケア施設として使用して…　2026-06-08 10:07:09投稿 <a href=""https://img.travel.rakuten.co.jp/image/tr/api/re/gJNfM/?f_hotel_no=160640"" class=""3click"">つづきはこちら</a>",3w6,３Ｆ和室６畳【シングルベッド】,5559985.0,【素泊り】ビジネスに湯治に☆温泉素泊り♪,1,0,0,0,0,1,https://img.travel.rakuten.co.jp/image/tr/api/re/IdsCY/?f_no=160640&f_syu=3w6&f_hi1=2026-07-22&f_hi2=2026-07-23&f_heya_su=1&f_otona_su=1&f_s1=0&f_s2=0&f_y1=0&f_y2=0&f_y3=0&f_y4=0&f_camp_id=5559985,0,2026-07-22,4400,4400,0,2026-07-22,kurume
15772,原鶴温泉　ホテルパーレンス小野屋,https://img.travel.rakuten.co.jp/image/tr/api/re/pvonD/?f_no=15772,https://img.travel.rakuten.co.jp/image/tr/api/re/vFumt/?f_no=15772&f_flg=PLAN,https://img.travel.rakuten.co.jp/image/tr/api/re/WzozX/?noTomariHotel=15772,https://img.travel.rakuten.co.jp/image/tr/api/re/gJNfM/?f_hotel_no=15772,はらつるおんせん　ばーれんす　おのや,"【楽天トラベルアワード9年連続受賞】ふくおか平日おトク旅クーポンで最大6,000円引き！福岡から約60分！",9350,120054.71,470821.42,838-1514,福岡県,朝倉市杷木久喜宮1841-1 ,0946-62-1120,0946-62-2738,福岡市内から約60分！大分自動車道・杷木ＩＣより約5分！名跡『秋月城址』まで車で30分、太宰府まで車で50分,無料100台有り■玄関前以外はバレーサービス■ハイルーフ・マイクロでも安心のアスファルト敷平面,筑後吉井,https://img.travel.rakuten.co.jp/share/HOTEL/15772/15772.jpg,https://img.travel.rakuten.co.jp/HIMG/90/15772.jpg,https://img.travel.rakuten.co.jp/share/HOTEL/15772/15772_wyo.jpg,https://img.travel.rakuten.co.jp/HIMG/INTERIOR/15772.jpg,https://img.travel.rakuten.co.jp/share/HOTEL/15772/15772map.gif,1930.0,4.38,"食事も美味しくキッズスペース2箇所もあり温泉も2箇所もありラウンジにドリンクやお菓子、アイスもあり子供が大喜びでした！還暦のプランで予約しましたがお刺身が豪華に用意されていて個室で良かったです！また行…　2026-07-09 23:57:52投稿 <a href=""https://img.travel.rakuten.co.jp/image/tr/api/re/gJNfM/?f_hotel_no=15772"" class=""3click"">つづきはこちら</a>",wayoushitu,【スタンダードの快適空間】広々過ごせる和洋室16畳◆禁煙,3792694.0,【１泊素泊まり★ビジネス観光におススメ】２種類の源泉が癒しを導く！悠々過ごす温泉三昧プラン！,1,0,0,0,0,1,https://img.travel.rakuten.co.jp/image/tr/api/re/IdsCY/?f_no=15772&f_syu=wayoushitu&f_hi1=2026-07-22&f_hi2=2026-07-23&f_heya_su=1&f_otona_su=1&f_s1=0&f_s2=0&f_y1=0&f_y2=0&f_y3=0&f_y4=0&f_camp_id=3792694,0,2026-07-22,13750,13750,0,2026-07-22,kurume
37876,原鶴温泉　泰泉閣,https://img.travel.rakuten.co.jp/image/tr/api/re/pvonD/?f_no=37876,https://img.travel.rakuten.co.jp/image/tr/api/re/vFumt/?f_no=37876&f_flg=PLAN,https://img.travel.rakuten.co.jp/image/tr/api/re/WzozX/?noTomariHotel=37876,https://img.travel.rakuten.co.jp/image/tr/api/re/gJNfM/?f_hotel_no=37876,はらつるおんせん　たいせんかく,屋外プール開放期間は7/4（土）～9/23（水）開放的な雰囲気のジャングル風呂をはじめ趣向を凝らした六つのお風呂が自慢♪,8800,120062.27,470811.04,838-1521,福岡県,朝倉市杷木志波20,0946-62-1140,0946-63-3868,大分自動車道杷木インターより車で5分／ＪＲ筑後吉井駅より車で10分／日田行き高速バスで杷木下車、車で５分,約100台（屋外）無料で十分な広さが御座いますので、ご安心してお越し下さい。,うきは,https://img.travel.rakuten.co.jp/share/HOTEL/37876/37876.jpg,https://img.travel.rakuten.co.jp/HIMG/90/37876.jpg,https://img.travel.rakuten.co.jp/share/HOTEL/37876/37876_kya.jpg,https://img.travel.rakuten.co.jp/HIMG/INTERIOR/37876.jpg,https://img.travel.rakuten.co.jp/share/HOTEL/37876/37876map.gif,1028.0,4.23,"リニューアルされた客室は開放感があって本当に広く、快適に過ごせました。お料理も一品一品がとても美味しくて、両親も喜んでおり、全体としては選んで良…　2026-07-19 17:28:23投稿 <a href=""https://img.travel.rakuten.co.jp/image/tr/api/re/gJNfM/?f_hotel_no=37876"" class=""3click"">つづきはこちら</a>",wa8wa,和室：8畳※眺望指定不可◆禁煙,3162957.0,【1泊朝食】朝ご飯は一日の元気の源★和食の料理人が作る美味しい朝食♪（夕食なし）,1,0,0,1,0,1,https://img.travel.rakuten.co.jp/image/tr/api/re/IdsCY/?f_no=37876&f_syu=wa8wa&f_hi1=2026-07-22&f_hi2=2026-07-23&f_heya_su=1&f_otona_su=1&f_s1=0&f_s2=0&f_y1=0&f_y2=0&f_y3=0&f_y4=0&f_camp_id=3162957,0,2026-07-22,18700,18700,0,2026-07-22,kurume
106209,原鶴温泉　ホテルＴＯＰＭＥＧＡ伊藤園,https://img.travel.rakuten.co.jp/image/tr/api/re/pvonD/?f_no=106209,https://img.travel.rakuten.co.jp/image/tr/api/re/vFumt/?f_no=106209&f_flg=PLAN,https://img.travel.rakuten.co.jp/image/tr/api/re/WzozX/?noTomariHotel=106209,https://img.travel.rakuten.co.jp/image/tr/api/re/gJNfM/?f_hotel_no=106209,とっぷめがいとうえん,川と風と森のリゾート原鶴で、モダン異空間のひとときを・・・,3800,120061.21,470818.79,838-1514,福岡県,朝倉市杷木久喜宮1858-1,094-626-2760,0946-26-2756,大分自動車道杷木インターより車で５分　・　筑後吉井駅よりお車にて１０分,有り　２５台　宿泊者無料　予約不要,筑後吉井,https://img.travel.rakuten.co.jp/share/HOTEL/106209/106209.jpg,https://img.travel.rakuten.co.jp/HIMG/90/106209.jpg,https://img.travel.rakuten.co.jp/share/HOTEL/106209/106209_ru.jpg,https://img.travel.rakuten.co.jp/HIMG/INTERIOR/106209.jpg,https://img.travel.rakuten.co.jp/share/HOTEL/106209/106209map.gif,428.0,3.43,"まあ、口コミ通り素泊まりとしては、温泉掛け流しがよかった、早く着いても遊ぶとこはありません。　2026-06-25 21:22:24投稿 <a href=""https://img.travel.rakuten.co.jp/image/tr/api/re/gJNfM/?f_hotel_no=106209"" class=""3click"">つづきはこちら</a>",styou,【広々１８畳】スタンダード洋室,,,1,0,0,0,0,1,https://img.travel.rakuten.co.jp/image/tr/api/re/IdsCY/?f_no=106209&f_syu=styou&f_hi1=2026-07-22&f_hi2=2026-07-23&f_heya_su=1&f_otona_su=1&f_s1=0&f_s2=0&f_y1=0&f_y2=0&f_y3=0&f_y4=0,1,2026-07-22,4600,4600,0,2026-07-22,kurume
195909,杷木松末アウトドアヴィレッジ,https://img.travel.rakuten.co.jp/image/tr/api/re/pvonD/?f_no=195909,https://img.travel.rakuten.co.jp/image/tr/api/re/vFumt/?f_no=195909&f_flg=PLAN,,https://img.travel.rakuten.co.jp/image/tr/api/re/gJNfM/?f_hotel_no=195909,はきますえあうとどあヴぃれっじ,BBQ・焚火・天然温泉・飲み放題付き◎冷暖房完備のグランピング体験！ご家族や友人と夏のアウトドアを気軽に満喫！,17600,120205.9,471004.94,838-1502,福岡県,朝倉市杷木松末　字相ケ谷849,050-5482-3331,000-000-0000,福岡空港より車で約１時間半、大分自動車道杷木ICより約１０分,有り　２０台　無料　予約不要,福岡空港,https://img.travel.rakuten.co.jp/share/HOTEL/195909/195909.jpg,https://img.travel.rakuten.co.jp/HIMG/90/195909.jpg,,,https://img.travel.rakuten.co.jp/share/HOTEL/195909/195909map.gif,15.0,4.27,"食事も大変美味しく、飲み放題で満喫しました。ドックランもあり、犬達は大喜びで夜は一緒に寝れて大満足。焚き火もできて夜を満喫できました。　2026-07-20 16:54:14投稿 <a href=""https://img.travel.rakuten.co.jp/image/tr/api/re/gJNfM/?f_hotel_no=195909"" class=""3click"">つづきはこちら</a>",dm3,3名定員DOMEテント 冷暖房完備（ペット可能）,6251712.0,【食材持ち込みプラン】焚き火×飲み放題でまったり時間♪ BBQ機材レンタル無料！(食材なし),1,0,0,0,0,2,https://img.travel.rakuten.co.jp/image/tr/api/re/IdsCY/?f_no=195909&f_syu=dm3&f_hi1=2026-07-22&f_hi2=2026-07-23&f_heya_su=1&f_otona_su=1&f_s1=0&f_s2=0&f_y1=0&f_y2=0&f_y3=0&f_y4=0&f_camp_id=6251712,0,2026-07-22,23100,23100,0,2026-07-22,kurume
80410,原鶴温泉　延命館,https://img.travel.rakuten.co.jp/image/tr/api/re/pvonD/?f_no=80410,https://img.travel.rakuten.co.jp/image/tr/api/re/vFumt/?f_no=80410&f_flg=PLAN,https://img.travel.rakuten.co.jp/image/tr/api/re/WzozX/?noTomariHotel=80410,https://img.travel.rakuten.co.jp/image/tr/api/re/gJNfM/?f_hotel_no=80410,はらづるおんせん　えんめいかん,全館Wi-Fi接続！2019年8月家族風呂オープン！抜群の眺望と、温泉は加水も加温もなしの天然温泉・ダブル美肌の湯！,8800,120057.5,470812.3,838-1521,福岡県,朝倉市杷木志波15-2,0946-62-1133,0946-62-1135,大分道[杷木ＩＣ]より車で６分(送迎は要予約・3日前まで)　筑後吉井駅より送迎車にて１０分(送迎は要予約・3日前まで)　,有り　５０台　無料　予約不要,筑後吉井,https://img.travel.rakuten.co.jp/share/HOTEL/80410/80410.jpg,https://img.travel.rakuten.co.jp/HIMG/90/80410.jpg,https://img.travel.rakuten.co.jp/share/HOTEL/80410/80410_wa.jpg,https://img.travel.rakuten.co.jp/HIMG/INTERIOR/80410.jpg,https://img.travel.rakuten.co.jp/share/HOTEL/80410/80410map.gif,150.0,4.21,"ぬる湯なので、夏の温泉に行くなら！ちょうど良い温度で！お湯もとてもぬるぬるで肌がツ…　2026-07-08 08:40:19投稿 <a href=""https://img.travel.rakuten.co.jp/image/tr/api/re/gJNfM/?f_hotel_no=80410"" class=""3click"">つづきはこちら</a>",washitu,【禁煙】筑後川を一望できる眺望抜群の和室タイプ,4111864.0,【素泊まり】源泉掛け流しの炭酸天然温泉に入り放題！筑後川を臨むお部屋でリフレッシュ,1,0,0,0,0,1,https://img.travel.rakuten.co.jp/image/tr/api/re/IdsCY/?f_no=80410&f_syu=washitu&f_hi1=2026-07-22&f_hi2=2026-07-23&f_heya_su=1&f_otona_su=1&f_s1=0&f_s2=0&f_y1=0&f_y2=0&f_y3=0&f_y4=0&f_camp_id=4111864,0,2026-07-22,13200,13200,0,2026-07-22,kurume
192781,蝶がきらめくお宿　雪月花せつげっか,https://img.travel.rakuten.co.jp/image/tr/api/re/pvonD/?f_no=192781,https://img.travel.rakuten.co.jp/image/tr/api/re/vFumt/?f_no=192781&f_flg=PLAN,https://img.travel.rakuten.co.jp/image/tr/api/re/WzozX/?noTomariHotel=192781,https://img.travel.rakuten.co.jp/image/tr/api/re/gJNfM/?f_hotel_no=192781,ちょうがきらめくおやど　せつげっかせつげっか,トロつる温泉の露天風呂付きお部屋,14000,120060.28,470814.05,838-1521,福岡県,朝倉市杷木志波21-1,0946-23-9988,0946-23-9877,博多駅より日田行 高速バスで約70分。杷木バス停下車タクシー約5分,有り　60台　無料　要予約,福岡空港,https://img.travel.rakuten.co.jp/share/HOTEL/192781/192781.jpg,https://img.travel.rakuten.co.jp/HIMG/90/192781.jpg,,,https://img.travel.rakuten.co.jp/share/HOTEL/192781/192781map.gif,14.0,4.29,,kocyou,和洋室【胡蝶】※禁煙 ,6097172.0,【素泊まり】〜2024年4月完成！全室客室露天風呂付〜静寂のひとときを感じながら贅沢な癒しを満喫♪,1,0,0,0,0,1,https://img.travel.rakuten.co.jp/image/tr/api/re/IdsCY/?f_no=192781&f_syu=kocyou&f_hi1=2026-07-22&f_hi2=2026-07-23&f_heya_su=1&f_otona_su=1&f_s1=0&f_s2=0&f_y1=0&f_y2=0&f_y3=0&f_y4=0&f_camp_id=6097172,0,2026-07-22,20000,20000,0,2026-07-22,kurume
199493,ＲＥＮＶＩ　Ｕｋｉｈａ〜福岡の宿〜／民泊,https://img.travel.rakuten.co.jp/image/tr/api/re/pvonD/?f_no=199493,https://img.travel.rakuten.co.jp/image/tr/api/re/vFumt/?f_no=199493&f_flg=PLAN,,https://img.travel.rakuten.co.jp/image/tr/api/re/gJNfM/?f_hotel_no=199493,,うきはの一棟貸し。筑後吉井駅徒歩15分。最大9名。,7888,120048.39,470708.56,839-1306,福岡県,うきは市吉井町新治696-1-1,090-7547-8648,00-0000-0000,筑後吉井駅から徒歩で5分,あり,筑後吉井,https://img.travel.rakuten.co.jp/share/HOTEL/199493/199493.jpg,https://img.travel.rakuten.co.jp/HIMG/90/199493.jpg,,,https://img.travel.rakuten.co.jp/share/HOTEL/199493/199493map.gif,,,,r21292_9,RENVI Ukiha〜福岡の宿〜,6417589.0,一棟貸切|最大9名|筑後吉井駅から平坦な道を歩いて15分|空港から車50分|,1,0,0,0,0,2,https://img.travel.rakuten.co.jp/image/tr/api/re/IdsCY/?f_no=199493&f_syu=r21292_9&f_hi1=2026-07-22&f_hi2=2026-07-23&f_heya_su=1&f_otona_su=1&f_s1=0&f_s2=0&f_y1=0&f_y2=0&f_y3=0&f_y4=0&f_camp_id=6417589,0,2026-07-22,34800,34800,0,2026-07-22,kurume
130169,ホテルリソルトリニティ博多,https://img.travel.rakuten.co.jp/image/tr/api/re/pvonD/?f_no=130169,https://img.travel.rakuten.co.jp/image/tr/api/re/vFumt/?f_no=130169&f_flg=PLAN,https://img.travel.rakuten.co.jp/image/tr/api/re/WzozX/?noTomariHotel=130169,https://img.travel.rakuten.co.jp/image/tr/api/re/gJNfM/?f_hotel_no=130169,ほてるりそるとりにてぃはかた,【中洲川端駅徒歩1分】展望大浴場のある“くつろぎ”のホテル。天神エリア・キャナルシティも徒歩圏！全客室Ｗｉ-Ｆｉ接続可能,7450,120922.52,469470.19,810-0801,福岡県,福岡市博多区中洲4-4-10,092-282-9269,092-282-9279,地下鉄　中洲川端駅から徒歩で１分■①番出口（階段のみ）■④番出口（エスカレータ・EVあり）,有り　機械式駐車場２２台／青空駐車場６台　１，６００円（税込／泊）※ご予約制ではなく先着順となります,中洲川端,https://img.travel.rakuten.co.jp/share/HOTEL/130169/130169.jpg,https://img.travel.rakuten.co.jp/HIMG/90/130169.jpg,https://img.travel.rakuten.co.jp/share/HOTEL/130169/130169_kan.jpg,https://img.travel.rakuten.co.jp/HIMG/INTERIOR/130169.jpg,https://img.travel.rakuten.co.jp/share/HOTEL/130169/130169map.gif,2604.0,4.4,"ロビーは緑が沢山あってソファも多いので早めに着いたのですがチェックインまで座ってゆっくり待たせてもらえました。フリードリンクがあってとても便利でした。1階にコンビニがあるのもよかったです。大浴場が最上…　2026-07-16 12:16:25投稿 <a href=""https://img.travel.rakuten.co.jp/image/tr/api/re/gJNfM/?f_hotel_no=130169"" class=""3click"">つづきはこちら</a>",dt1,【喫煙室】デラックスツイン/ベッド幅120cm×2台,5713349.0,【月末セール】福岡観光、ビジネスに最高のロケーション！展望大浴場でリフレッシュ♪＜素泊り＞,1,0,0,0,0,1,https://img.travel.rakuten.co.jp/image/tr/api/re/IdsCY/?f_no=130169&f_syu=dt1&f_hi1=2026-07-22&f_hi2=2026-07-23&f_heya_su=1&f_otona_su=1&f_s1=0&f_s2=0&f_y1=0&f_y2=0&f_y3=0&f_y4=0&f_camp_id=5713349,0,2026-07-22,27100,27100,0,2026-07-22,seibu
1017,ホテルニューオータニ博多,https://img.travel.rakuten.co.jp/image/tr/api/re/pvonD/?f_no=1017,https://img.travel.rakuten.co.jp/image/tr/api/re/vFumt/?f_no=1017&f_flg=PLAN,https://img.travel.rakuten.co.jp/image/tr/api/re/WzozX/?noTomariHotel=1017,https://img.travel.rakuten.co.jp/image/tr/api/re/gJNfM/?f_hotel_no=1017,にゅーおーたに　はかた,ニューオータニならではのきめ細やかなサービスで、皆様をお迎えします,9500,120888.12,469471.72,810-0004,福岡県,福岡市中央区渡辺通1-1-2  　　　　  ,092-714-1111,092-715-5658,地下鉄七隈線「渡辺通駅」2番出口より徒歩約1分。ＪＲ博多駅より車で約5分。福岡空港より車で約20分。,有り／370台／１泊(入庫時間より24時間）／1500円（税込み）,博多,https://img.travel.rakuten.co.jp/share/HOTEL/1017/1017.jpg,https://img.travel.rakuten.co.jp/HIMG/90/1017.jpg,https://img.travel.rakuten.co.jp/share/HOTEL/1017/1017_room.jpg,https://img.travel.rakuten.co.jp/HIMG/INTERIOR/1017.jpg,https://img.travel.rakuten.co.jp/share/HOTEL/1017/1017map.gif,3547.0,4.42,,xtbs,上層階エグゼクティブツイン【喫煙】（ベッド幅110ｃｍ）,4266322.0,ザ・ベストシンプルプラン【朝食なし】,1,0,0,0,0,1,https://img.travel.rakuten.co.jp/image/tr/api/re/IdsCY/?f_no=1017&f_syu=xtbs&f_hi1=2026-07-22&f_hi2=2026-07-23&f_heya_su=1&f_otona_su=1&f_s1=0&f_s2=0&f_y1=0&f_y2=0&f_y3=0&f_y4=0&f_camp_id=4266322,0,2026-07-22,26200,26200,0,2026-07-22,seibu
17701,博多グリーンホテル天神,https://img.travel.rakuten.co.jp/image/tr/api/re/pvonD/?f_no=17701,https://img.travel.rakuten.co.jp/image/tr/api/re/vFumt/?f_no=17701&f_flg=PLAN,https://img.travel.rakuten.co.jp/image/tr/api/re/WzozX/?noTomariHotel=17701,https://img.travel.rakuten.co.jp/image/tr/api/re/gJNfM/?f_hotel_no=17701,はかた　ぐりーんほてる　てんじん,チェックイン１３時、アウト１２時◇全室、シモンズ製６．５インチベッド、加湿空気清浄機完備◇Wi－Fi無料,9600,120912.03,469424.66,810-0041,福岡県,福岡市中央区大名2-9-11,092-722-3636,092-722-3637,福岡空港から市営地下鉄13分⇒赤坂駅下車後５番出口より徒歩１分,"近隣一般駐車場契約有[1泊2,500円入出庫無]※お気軽におたずね下さい",天神,https://img.travel.rakuten.co.jp/share/HOTEL/17701/17701.jpg,https://img.travel.rakuten.co.jp/HIMG/90/17701.jpg,https://img.travel.rakuten.co.jp/share/HOTEL/17701/17701_tw.jpg,https://img.travel.rakuten.co.jp/HIMG/INTERIOR/17701.jpg,https://img.travel.rakuten.co.jp/share/HOTEL/17701/17701map.gif,2263.0,4.13,"駅から近く分かりやすいです。無料サービスの朝ごはんも、バイキングですが、清潔感あり、ゆっくり食べられたので満足です。部屋は狭めです。空調が部屋ごとに分かれているので良かったです。　2026-07-10 19:45:47投稿 <a href=""https://img.travel.rakuten.co.jp/image/tr/api/re/gJNfM/?f_hotel_no=17701"" class=""3click"">つづきはこちら</a>",s-kinen,禁煙シングルルーム,3335569.0,【軽朝食無料サービス付き】13時イン12時アウトシングルプラン,1,0,0,0,0,1,https://img.travel.rakuten.co.jp/image/tr/api/re/IdsCY/?f_no=17701&f_syu=s-kinen&f_hi1=2026-07-22&f_hi2=2026-07-23&f_heya_su=1&f_otona_su=1&f_s1=0&f_s2=0&f_y1=0&f_y2=0&f_y3=0&f_y4=0&f_camp_id=3335569,0,2026-07-22,19000,19000,0,2026-07-22,seibu
181851,ホテルリファレンス天神３,https://img.travel.rakuten.co.jp/image/tr/api/re/pvonD/?f_no=181851,https://img.travel.rakuten.co.jp/image/tr/api/re/vFumt/?f_no=181851&f_flg=PLAN,https://img.travel.rakuten.co.jp/image/tr/api/re/WzozX/?noTomariHotel=181851,https://img.travel.rakuten.co.jp/image/tr/api/re/gJNfM/?f_hotel_no=181851,ほてるりふぁれんすてんじん３,ライブハウス・イベント会場へのアクセス抜群！天神中心部徒歩圏内★全室クイーンサイズベッド＆4KTV。,5220,120926.32,469430.47,810-0001,福岡県,福岡市中央区天神3-8-10,092-718-3030,092-718-3050,西鉄福岡天神駅(地下鉄天神駅)下車から天神地下街の西1出口より徒歩7分,"24時間1,500円(ご宿泊者様のみ)　ご予約不可",西鉄福岡,https://img.travel.rakuten.co.jp/share/HOTEL/181851/181851.jpg,https://img.travel.rakuten.co.jp/HIMG/90/181851.jpg,,,https://img.travel.rakuten.co.jp/share/HOTEL/181851/181851map.gif,376.0,4.27,"浴室のシャワーカーテンが生乾きの匂いが凄かったのが残念でした。　2026-06-06 11:02:47投稿 <a href=""https://img.travel.rakuten.co.jp/image/tr/api/re/gJNfM/?f_hotel_no=181851"" class=""3click"">つづきはこちら</a>",0008,【禁煙】ダブルルーム(訳あり)★クイーンベッド★,5624071.0,【訳あり部屋】音を気にしない方限定！その分お得に素泊まり,1,0,0,0,0,1,https://img.travel.rakuten.co.jp/image/tr/api/re/IdsCY/?f_no=181851&f_syu=0008&f_hi1=2026-07-22&f_hi2=2026-07-23&f_heya_su=1&f_otona_su=1&f_s1=0&f_s2=0&f_y1=0&f_y2=0&f_y3=0&f_y4=0&f_camp_id=5624071,0,2026-07-22,15210,15210,0,2026-07-22,seibu
5388,ＫＫＲホテル博多（国家公務員共済組合連合会福岡共済会館）,https://img.travel.rakuten.co.jp/image/tr/api/re/pvonD/?f_no=5388,https://img.travel.rakuten.co.jp/image/tr/api/re/vFumt/?f_no=5388&f_flg=PLAN,https://img.travel.rakuten.co.jp/image/tr/api/re/WzozX/?noTomariHotel=5388,https://img.travel.rakuten.co.jp/image/tr/api/re/gJNfM/?f_hotel_no=5388,けーけーあーるほてる　はかた,地下鉄「薬院大通駅」から徒歩約4分！敷地内に平面駐車場を56台完備♪何度でも出し入れできるからクルマ旅にもピッタリ！,6500,120871.72,469425.58,810-0022,福岡県,福岡市中央区薬院4-21-1,092-521-1361,092-521-4881,「南薬院」バス停から徒歩約1分、地下鉄七隈線「薬院大通駅」から徒歩約4分,56台収容可能の平面駐車場を敷地内に完備。何度でも出し入れ可能。（有料1000円/泊・先着順）,博多,https://img.travel.rakuten.co.jp/share/HOTEL/5388/5388.jpg,https://img.travel.rakuten.co.jp/HIMG/90/5388.jpg,https://img.travel.rakuten.co.jp/share/HOTEL/5388/5388_sgl.jpg,https://img.travel.rakuten.co.jp/HIMG/INTERIOR/5388.jpg,https://img.travel.rakuten.co.jp/share/HOTEL/5388/5388map.gif,2711.0,4.37,,nstb,【禁煙】ツインルーム（ベッド幅123cm）,2655031.0,【平面駐車場完備】駐車料金無料プラン【素泊まり】,1,0,0,0,0,1,https://img.travel.rakuten.co.jp/image/tr/api/re/IdsCY/?f_no=5388&f_syu=nstb&f_hi1=2026-07-22&f_hi2=2026-07-23&f_heya_su=1&f_otona_su=1&f_s1=0&f_s2=0&f_y1=0&f_y2=0&f_y3=0&f_y4=0&f_camp_id=2655031,0,2026-07-22,25000,25000,0,2026-07-22,seibu
539,博多エクセルホテル東急,https://img.travel.rakuten.co.jp/image/tr/api/re/pvonD/?f_no=539,https://img.travel.rakuten.co.jp/image/tr/api/re/vFumt/?f_no=539&f_flg=PLAN,https://img.travel.rakuten.co.jp/image/tr/api/re/WzozX/?noTomariHotel=539,https://img.travel.rakuten.co.jp/image/tr/api/re/gJNfM/?f_hotel_no=539,はかた　えくせるほてるとうきゅう,九州最大級の繁華街中洲に位置　中洲屋台街・博多や天神エリアも徒歩圏内,6433,120921.8,469467.01,810-0801,福岡県,福岡市博多区中洲4-6-7,092-262-0109,092-262-5578,福岡空港・ＪＲ博多駅から地下鉄で一本！　中洲川端駅4番出口より徒歩約2分,"先着順で有料駐車場有り/予約不可/1泊1,700円/ 高さ制限を越えるお車は近隣駐車場をご案内します",中洲川端,https://img.travel.rakuten.co.jp/share/HOTEL/539/539.jpg,https://img.travel.rakuten.co.jp/HIMG/90/539.jpg,https://img.travel.rakuten.co.jp/share/HOTEL/539/539_t.jpg,https://img.travel.rakuten.co.jp/HIMG/INTERIOR/539.jpg,https://img.travel.rakuten.co.jp/share/HOTEL/539/539map.gif,2014.0,4.14,,dbbn_2,【禁煙】スタンダードダブル,6193822.0,スタンダードプラン【素泊り】,1,0,0,0,0,1,https://img.travel.rakuten.co.jp/image/tr/api/re/IdsCY/?f_no=539&f_syu=dbbn_2&f_hi1=2026-07-22&f_hi2=2026-07-23&f_heya_su=1&f_otona_su=1&f_s1=0&f_s2=0&f_y1=0&f_y2=0&f_y3=0&f_y4=0&f_camp_id=6193822,0,2026-07-22,38550,38550,0,2026-07-22,seibu
10722,ホテルエクレール博多,https://img.travel.rakuten.co.jp/image/tr/api/re/pvonD/?f_no=10722,https://img.travel.rakuten.co.jp/image/tr/api/re/vFumt/?f_no=10722&f_flg=PLAN,https://img.travel.rakuten.co.jp/image/tr/api/re/WzozX/?noTomariHotel=10722,https://img.travel.rakuten.co.jp/image/tr/api/re/gJNfM/?f_hotel_no=10722,えくれーる　はかた,【天神・博多・空港までのアクセス◎】ライブや観劇にもおすすめ！,5100,120934.62,469465.82,812-0028,福岡県,福岡市博多区須崎町1-1,092-283-2000,092-283-6262,地下鉄『中洲川端駅』6番出口より徒歩2分/博多座まで徒歩2分/マリンメッセ・キャナルシティ・アクロス福岡まで徒歩圏内,10台（完全予約制）1400円/泊　　※大型車両も駐車可能。料金はお問い合わせ下さい,中洲川端,https://img.travel.rakuten.co.jp/share/HOTEL/10722/10722.jpg,https://img.travel.rakuten.co.jp/HIMG/90/10722.jpg,https://img.travel.rakuten.co.jp/share/HOTEL/10722/10722_robi.jpg,https://img.travel.rakuten.co.jp/HIMG/INTERIOR/10722.jpg,https://img.travel.rakuten.co.jp/share/HOTEL/10722/10722map.gif,1934.0,4.31,,07,■禁煙　デラックスダブル■ベッド幅　170cm（24平米）,5752974.0,【素泊まり】《事前カード決済／返金不可》駅より徒歩2分！お洒落な空間♪日々の喧騒を忘れるひとときを　,1,0,0,0,0,2,https://img.travel.rakuten.co.jp/image/tr/api/re/IdsCY/?f_no=10722&f_syu=07&f_hi1=2026-07-22&f_hi2=2026-07-23&f_heya_su=1&f_otona_su=1&f_s1=0&f_s2=0&f_y1=0&f_y2=0&f_y3=0&f_y4=0&f_camp_id=5752974,0,2026-07-22,18530,18530,0,2026-07-22,seibu
165171,ＨＯＴＥＬ　博多中洲　ＩＮＮ,https://img.travel.rakuten.co.jp/image/tr/api/re/pvonD/?f_no=165171,https://img.travel.rakuten.co.jp/image/tr/api/re/vFumt/?f_no=165171&f_flg=PLAN,https://img.travel.rakuten.co.jp/image/tr/api/re/WzozX/?noTomariHotel=165171,https://img.travel.rakuten.co.jp/image/tr/api/re/gJNfM/?f_hotel_no=165171,はかたなかす　いん,静かな立地★全室Wi-Fi完備★,4100,120932.49,469456.04,810-0802,福岡県,福岡市博多区中洲中島町4-14,092-291-0088,092-291-2201,◆博多駅より1駅・福岡空港から3駅◆地下鉄「中洲川端駅」より徒歩5分／中洲・天神の繁華街も徒歩圏内,なし（フロントにて周辺のコインパーキングの地図を配布しております。）,中洲川端,https://img.travel.rakuten.co.jp/share/HOTEL/165171/165171.jpg,https://img.travel.rakuten.co.jp/HIMG/90/165171.jpg,https://img.travel.rakuten.co.jp/share/HOTEL/165171/165171_kan1.jpg,https://img.travel.rakuten.co.jp/HIMG/INTERIOR/165171.jpg,https://img.travel.rakuten.co.jp/share/HOTEL/165171/165171map.gif,533.0,4.1,"コスパ良くてお部屋も綺麗でしたし、また泊まっても良いか…　2026-07-11 18:32:11投稿 <a href=""https://img.travel.rakuten.co.jp/image/tr/api/re/gJNfM/?f_hotel_no=165171"" class=""3click"">つづきはこちら</a>",tri,【禁煙】トリプル＜21平米◆ベッド幅120cm＞,5886110.0,【スタンダード】中洲・天神・博多すぐ！観光の拠点におすすめ★ベーシックプラン（素泊まり）,1,0,0,0,0,1,https://img.travel.rakuten.co.jp/image/tr/api/re/IdsCY/?f_no=165171&f_syu=tri&f_hi1=2026-07-22&f_hi2=2026-07-23&f_heya_su=1&f_otona_su=1&f_s1=0&f_s2=0&f_y1=0&f_y2=0&f_y3=0&f_y4=0&f_camp_id=5886110,0,2026-07-22,19800,19800,0,2026-07-22,seibu
2921,福岡東映ホテル,https://img.travel.rakuten.co.jp/image/tr/api/re/pvonD/?f_no=2921,https://img.travel.rakuten.co.jp/image/tr/api/re/vFumt/?f_no=2921&f_flg=PLAN,https://img.travel.rakuten.co.jp/image/tr/api/re/WzozX/?noTomariHotel=2921,https://img.travel.rakuten.co.jp/image/tr/api/re/gJNfM/?f_hotel_no=2921,ふくおか　とうえいほてる, 天神、博多の中間に位置し、ビジネス・観光の拠点として最適。コンビニ徒歩3分、近隣飲食店多数あり。,6600,120883.83,469468.17,810-0011,福岡県,福岡市中央区高砂1-1-23,092-524-2121,092-524-2129,博多駅から車で5分福岡空港から車で20分西鉄薬院駅から徒歩3分地下鉄七隈線渡辺通り駅から徒歩1分天神から徒歩10分,"ホテル駐車場なし 契約駐車場有（22時間連続駐車1,300円）",博多,https://img.travel.rakuten.co.jp/share/HOTEL/2921/2921.jpg,https://img.travel.rakuten.co.jp/HIMG/90/2921.jpg,https://img.travel.rakuten.co.jp/share/HOTEL/2921/2921_room.jpg,https://img.travel.rakuten.co.jp/HIMG/INTERIOR/2921.jpg,https://img.travel.rakuten.co.jp/share/HOTEL/2921/2921map.gif,2597.0,4.22,,cta-new,【本館】コンフォートツイン,3652683.0,【素泊】出張・観光に！素泊まりシンプルステイプラン♪,1,0,0,0,0,1,https://img.travel.rakuten.co.jp/image/tr/api/re/IdsCY/?f_no=2921&f_syu=cta-new&f_hi1=2026-07-22&f_hi2=2026-07-23&f_heya_su=1&f_otona_su=1&f_s1=0&f_s2=0&f_y1=0&f_y2=0&f_y3=0&f_y4=0&f_camp_id=3652683,0,2026-07-22,24500,24500,1,2026-07-22,seibu
437,博多中洲ワシントンホテルプラザ,https://img.travel.rakuten.co.jp/image/tr/api/re/pvonD/?f_no=437,https://img.travel.rakuten.co.jp/image/tr/api/re/vFumt/?f_no=437&f_flg=PLAN,https://img.travel.rakuten.co.jp/image/tr/api/re/WzozX/?noTomariHotel=437,https://img.travel.rakuten.co.jp/image/tr/api/re/gJNfM/?f_hotel_no=437,はかたなかす　わしんとんほてるぷらざ,2021年全室リニューアル～九州一の繁華街「中洲」にあるホテル,5800,120921.05,469481.04,810-0801,福岡県,福岡市博多区中洲2-8-28,092-282-0410,092-282-7700,地下鉄「中洲川端駅」⑤番出口より徒歩約５分／ＪＲ博多駅（博多口）より徒歩約１５分,タワーパーキング　高さ155ｃｍまで　先着34台　1泊1500円〜　大型車の駐車場はございません。,中洲川端,https://img.travel.rakuten.co.jp/share/HOTEL/437/437.jpg,https://img.travel.rakuten.co.jp/HIMG/90/437.jpg,https://img.travel.rakuten.co.jp/share/HOTEL/437/437_heya.jpg,https://img.travel.rakuten.co.jp/HIMG/INTERIOR/437.jpg,https://img.travel.rakuten.co.jp/share/HOTEL/437/437map.gif,1850.0,3.93,,s-2k,シングル1 禁煙【13.0-13.5平米】,2829070.0,【学生限定】学割プラン　〜学生証をご提示下さい〜　,1,0,0,0,0,1,https://img.travel.rakuten.co.jp/image/tr/api/re/IdsCY/?f_no=437&f_syu=s-2k&f_hi1=2026-07-22&f_hi2=2026-07-23&f_heya_su=1&f_otona_su=1&f_s1=0&f_s2=0&f_y1=0&f_y2=0&f_y3=0&f_y4=0&f_camp_id=2829070,0,2026-07-22,16400,16400,0,2026-07-22,seibu
172982,ザ・ライブリー福岡博多（ＴＨＥ　ＬＩＶＥＬＹ　福岡博多）,https://img.travel.rakuten.co.jp/image/tr/api/re/pvonD/?f_no=172982,https://img.travel.rakuten.co.jp/image/tr/api/re/vFumt/?f_no=172982&f_flg=PLAN,https://img.travel.rakuten.co.jp/image/tr/api/re/WzozX/?noTomariHotel=172982,https://img.travel.rakuten.co.jp/image/tr/api/re/gJNfM/?f_hotel_no=172982,ざ　らいぶりー　はかた　ふくおか,コワーキングスペースやビリヤード、充実したルームサービス、夕方にはフリービール提供。福岡初のライフスタイルホテル。,5800,120925.82,469465.11,810-0801,福岡県,福岡市博多区中洲5-2-18,050-3138-2071, ,地下鉄「中洲川端」駅2番出口より徒歩1分。天神・繁華街まで徒歩圏内。【地下鉄で】博多駅から3分、福岡空港から10分。,1800円/泊　予約不可　車種制限(車高1.6ｍ、車幅1.7ｍ)　7:00-23:00,中洲川端,https://img.travel.rakuten.co.jp/share/HOTEL/172982/172982.jpg,https://img.travel.rakuten.co.jp/HIMG/90/172982.jpg,https://img.travel.rakuten.co.jp/share/HOTEL/172982/172982_kan1.jpg,https://img.travel.rakuten.co.jp/HIMG/INTERIOR/172982.jpg,https://img.travel.rakuten.co.jp/share/HOTEL/172982/172982map.gif,437.0,3.73,,td,シアターダブル（禁煙）,5510584.0,【推し活・プライベート映画館に】プロジェクターと80インチスクリーンを備えた空間にステイ（素泊まり）,1,0,0,0,0,1,https://img.travel.rakuten.co.jp/image/tr/api/re/IdsCY/?f_no=172982&f_syu=td&f_hi1=2026-07-22&f_hi2=2026-07-23&f_heya_su=1&f_otona_su=1&f_s1=0&f_s2=0&f_y1=0&f_y2=0&f_y3=0&f_y4=0&f_camp_id=5510584,0,2026-07-22,23700,23700,0,2026-07-22,seibu
172039,ホテル　グランドルチェ博多,https://img.travel.rakuten.co.jp/image/tr/api/re/pvonD/?f_no=172039,https://img.travel.rakuten.co.jp/image/tr/api/re/vFumt/?f_no=172039&f_flg=PLAN,https://img.travel.rakuten.co.jp/image/tr/api/re/WzozX/?noTomariHotel=172039,https://img.travel.rakuten.co.jp/image/tr/api/re/gJNfM/?f_hotel_no=172039,ぐらんどるちぇ　はかた,天神・中洲へ徒歩5分の好立地◆天神中央公園アクロス福岡前◆全室禁煙◆「便利・静か・清潔」をお求めの方におすすめ,8750,120915.04,469462.58,810-0002,福岡県,福岡市中央区西中洲12-18,092-406-1331,092-406-1100,福岡市営地下鉄[天神駅16番出口][中洲川端駅1番出口]より徒歩5分,4台有(要予約）※電話予約のみ（092-406-1331）　※1500円(15：00~翌11:00）,中洲川端,https://img.travel.rakuten.co.jp/share/HOTEL/172039/172039.jpg,https://img.travel.rakuten.co.jp/HIMG/90/172039.jpg,,,https://img.travel.rakuten.co.jp/share/HOTEL/172039/172039map.gif,425.0,4.21,,ex2,エグゼクティブツイン［最上階バルコニー＆ビューバス付／禁煙］,6250102.0,【ベーシックプラン】エグゼクティブルーム★最上階！公園側バルコニー＆ビューバス付き（素泊まり）,1,0,0,0,0,1,https://img.travel.rakuten.co.jp/image/tr/api/re/IdsCY/?f_no=172039&f_syu=ex2&f_hi1=2026-07-22&f_hi2=2026-07-23&f_heya_su=1&f_otona_su=1&f_s1=0&f_s2=0&f_y1=0&f_y2=0&f_y3=0&f_y4=0&f_camp_id=6250102,0,2026-07-22,45000,45000,0,2026-07-22,seibu
183373,ランプライトブックスホテル福岡,https://img.travel.rakuten.co.jp/image/tr/api/re/pvonD/?f_no=183373,https://img.travel.rakuten.co.jp/image/tr/api/re/vFumt/?f_no=183373&f_flg=PLAN,https://img.travel.rakuten.co.jp/image/tr/api/re/WzozX/?noTomariHotel=183373,https://img.travel.rakuten.co.jp/image/tr/api/re/gJNfM/?f_hotel_no=183373,らんぷらいとぶっくすほてるふくおか,本の世界を旅する新感覚ホテル。2021年12月福岡初進出！	【24時間営業！BOOKS＆CAFE併設】,6420,120901.2,469431.54,810-0041,福岡県,福岡市中央区大名1-15-22,092-720-7711,092-751-7733,地下鉄空港線「天神駅」下車　3番出口より徒歩8分、または「赤坂駅」下車　5番出口より徒歩6分,無し/近隣のコインパーキングへのご案内になります。,天神,https://img.travel.rakuten.co.jp/share/HOTEL/183373/183373.jpg,https://img.travel.rakuten.co.jp/HIMG/90/183373.jpg,,,https://img.travel.rakuten.co.jp/share/HOTEL/183373/183373map.gif,97.0,4.35,"製氷機、自販機…　2026-06-09 12:28:33投稿 <a href=""https://img.travel.rakuten.co.jp/image/tr/api/re/gJNfM/?f_hotel_no=183373"" class=""3click"">つづきはこちら</a>",tst,スタンダードツイン【禁煙】,6446922.0,【事前決済限定プラン】スタンダードプラン《素泊り》※予約確定後キャンセル規定適用,1,0,0,0,0,2,https://img.travel.rakuten.co.jp/image/tr/api/re/IdsCY/?f_no=183373&f_syu=tst&f_hi1=2026-07-22&f_hi2=2026-07-23&f_heya_su=1&f_otona_su=1&f_s1=0&f_s2=0&f_y1=0&f_y2=0&f_y3=0&f_y4=0&f_camp_id=6446922,0,2026-07-22,22020,22020,0,2026-07-22,seibu
146992,ファーストキャビン博多,https://img.travel.rakuten.co.jp/image/tr/api/re/pvonD/?f_no=146992,https://img.travel.rakuten.co.jp/image/tr/api/re/vFumt/?f_no=146992&f_flg=PLAN,,https://img.travel.rakuten.co.jp/image/tr/api/re/gJNfM/?f_hotel_no=146992,ふぁーすときゃびん　はかた,【全国旅行支援対象】地下鉄「中洲川端駅」直結の好立地！大浴場で疲れを癒せます。女性エリア完備！,4365,120925.34,469470.08,810-0801,福岡県,福岡市博多区中洲3-7-24　ｇａｔｅ’ｓ 8F,092-260-1852,092-260-1853,地下鉄空港線　中洲川端駅４番出口直結,駐車場無し・公共交通機関をご利用ください,中洲川端,https://img.travel.rakuten.co.jp/share/HOTEL/146992/146992.jpg,https://img.travel.rakuten.co.jp/HIMG/90/146992.jpg,https://img.travel.rakuten.co.jp/share/HOTEL/146992/146992_kan1.jpg,https://img.travel.rakuten.co.jp/HIMG/INTERIOR/146992.jpg,https://img.travel.rakuten.co.jp/share/HOTEL/146992/146992map.gif,1048.0,4.01,"快適に過ごせました。　2026-07-13 22:53:29投稿 <a href=""https://img.travel.rakuten.co.jp/image/tr/api/re/gJNfM/?f_hotel_no=146992"" class=""3click"">つづきはこちら</a>",sd,ビジネスクラスキャビン（女性専用・男性不可）,4434971.0,【女性限定】素泊まり☆スタンダードプラン,1,0,0,0,0,1,https://img.travel.rakuten.co.jp/image/tr/api/re/IdsCY/?f_no=146992&f_syu=sd&f_hi1=2026-07-22&f_hi2=2026-07-23&f_heya_su=1&f_otona_su=1&f_s1=0&f_s2=0&f_y1=0&f_y2=0&f_y3=0&f_y4=0&f_camp_id=4434971,0,2026-07-22,7500,7500,0,2026-07-22,seibu
173037,ナインアワーズ中洲川端駅,https://img.travel.rakuten.co.jp/image/tr/api/re/pvonD/?f_no=173037,https://img.travel.rakuten.co.jp/image/tr/api/re/vFumt/?f_no=173037&f_flg=PLAN,,https://img.travel.rakuten.co.jp/image/tr/api/re/gJNfM/?f_hotel_no=173037,ないんあわーず　なかすかわばたえき,【2019年8月9日オープン！】地下鉄直結。雨でも安心。福岡中心部にあり抜群のアクセス。観光・ビジネスの活動拠点に。,3400,120930.83,469469.44,812-0027,福岡県,福岡市博多区下川端町3-1　博多リバレインモールＢ1Ｆ,092-283-8755,092-283-8766,福岡市地下鉄中洲川端駅直結,無し,中洲川端,https://img.travel.rakuten.co.jp/share/HOTEL/173037/173037.jpg,https://img.travel.rakuten.co.jp/HIMG/90/173037.jpg,,,https://img.travel.rakuten.co.jp/share/HOTEL/173037/173037map.gif,276.0,4.0,,m01,男性用スリーピングポッド 禁煙（通常）,4811492.0,スタンダードプラン！◆地下鉄「中洲川端駅」直結,1,0,0,0,0,1,https://img.travel.rakuten.co.jp/image/tr/api/re/IdsCY/?f_no=173037&f_syu=m01&f_hi1=2026-07-22&f_hi2=2026-07-23&f_heya_su=1&f_otona_su=1&f_s1=0&f_s2=0&f_y1=0&f_y2=0&f_y3=0&f_y4=0&f_camp_id=4811492,0,2026-07-22,9200,9200,1,2026-07-22,seibu
196538,福岡プリンスホテル　ももち浜（２０２６年３月１７日開業）,https://img.travel.rakuten.co.jp/image/tr/api/re/pvonD/?f_no=196538,https://img.travel.rakuten.co.jp/image/tr/api/re/vFumt/?f_no=196538&f_flg=PLAN,https://img.travel.rakuten.co.jp/image/tr/api/re/WzozX/?noTomariHotel=196538,https://img.travel.rakuten.co.jp/image/tr/api/re/gJNfM/?f_hotel_no=196538,ふくおかぷりんすほてる　ももちはま（２０２６ねん３がつ１７にち）,2026年3月17日開業｜みずほPayPayドームまでタクシーで約5分と好アクセス♪,11094,120924.37,469270.09,814-0001,福岡県,福岡市早良区百道浜二丁目3番23号,092-400-1806,092-400-2016,地下鉄 西新駅から（最寄駅）：タクシー 約6分／徒歩 約20分,"62台。（有料・1泊2,000円）満車でご利用いただけない場合がございます。",西新,https://img.travel.rakuten.co.jp/share/HOTEL/196538/196538.jpg,https://img.travel.rakuten.co.jp/HIMG/90/196538.jpg,,,https://img.travel.rakuten.co.jp/share/HOTEL/196538/196538map.gif,32.0,4.07,"ありがとうございます。　2026-07-20 19:40:14投稿 <a href=""https://img.travel.rakuten.co.jp/image/tr/api/re/gJNfM/?f_hotel_no=196538"" class=""3click"">つづきはこちら</a>",muton,【オーシャンビュー】スーペリア ツイン,6311809.0,バリューレート 室料のみ,1,0,0,0,0,1,https://img.travel.rakuten.co.jp/image/tr/api/re/IdsCY/?f_no=196538&f_syu=muton&f_hi1=2026-07-22&f_hi2=2026-07-23&f_heya_su=1&f_otona_su=1&f_s1=0&f_s2=0&f_y1=0&f_y2=0&f_y3=0&f_y4=0&f_camp_id=6311809,0,2026-07-22,25357,25357,0,2026-07-22,seibu
3088,ザ　ノット　福岡天神（２０２６年４月２０日開業）,https://img.travel.rakuten.co.jp/image/tr/api/re/pvonD/?f_no=3088,https://img.travel.rakuten.co.jp/image/tr/api/re/vFumt/?f_no=3088&f_flg=PLAN,https://img.travel.rakuten.co.jp/image/tr/api/re/WzozX/?noTomariHotel=3088,https://img.travel.rakuten.co.jp/image/tr/api/re/gJNfM/?f_hotel_no=3088,ざ　のっと　ふくおかてんじん,福岡・天神に誕生！街とつながるライフスタイルホテル「THE KNOT FUKUOKA Tenjin」,4925,120903.22,469425.72,810-0041,福岡県,福岡市中央区大名1-9-63,0570-056-633,092-752-7550,博多駅、空港から地下鉄空港線で1本。天神駅3番出口から徒歩8分。赤坂駅（天神駅次）5番出口から4分。,なし,赤坂（福岡）,https://img.travel.rakuten.co.jp/share/HOTEL/3088/3088.jpg,https://img.travel.rakuten.co.jp/HIMG/90/3088.jpg,https://img.travel.rakuten.co.jp/share/HOTEL/3088/3088_tui.jpg,https://img.travel.rakuten.co.jp/HIMG/INTERIOR/3088.jpg,https://img.travel.rakuten.co.jp/share/HOTEL/3088/3088map.gif,2389.0,4.33,,sln,スーペリアセミダブル 禁煙,6420588.0,旅と人と街をつなぐTHE KNOTステイ (素泊まり),1,0,0,0,0,1,https://img.travel.rakuten.co.jp/image/tr/api/re/IdsCY/?f_no=3088&f_syu=sln&f_hi1=2026-07-22&f_hi2=2026-07-23&f_heya_su=1&f_otona_su=1&f_s1=0&f_s2=0&f_y1=0&f_y2=0&f_y3=0&f_y4=0&f_camp_id=6420588,0,2026-07-22,20350,20350,0,2026-07-22,seibu
181718,ホテルＪＡＬシティ福岡　天神,https://img.travel.rakuten.co.jp/image/tr/api/re/pvonD/?f_no=181718,https://img.travel.rakuten.co.jp/image/tr/api/re/vFumt/?f_no=181718&f_flg=PLAN,https://img.travel.rakuten.co.jp/image/tr/api/re/WzozX/?noTomariHotel=181718,https://img.travel.rakuten.co.jp/image/tr/api/re/gJNfM/?f_hotel_no=181718,ほてるじゃるしてぃふくおか　てんじん,2021年3月開業！空港・博多駅を結ぶ地下鉄赤坂駅3番出口より徒歩1分の好立地！！,9900,120909.95,469417.35,810-0041,福岡県,福岡市中央区大名2-12-5,092-718-7558,092-718-7567,福岡市営地下鉄赤坂駅3番出口より徒歩1分,"立体駐車場あり(台数26台・2,000円/泊) 予約不可",赤坂（福岡）,https://img.travel.rakuten.co.jp/share/HOTEL/181718/181718.jpg,https://img.travel.rakuten.co.jp/HIMG/90/181718.jpg,,,https://img.travel.rakuten.co.jp/share/HOTEL/181718/181718map.gif,535.0,4.47,"お部屋はとても清潔感があって落ち着くインテリアで居心地がよかったです。洗面所とお風呂が別々なので使いやすかったです。…　2026-07-10 19:28:10投稿 <a href=""https://img.travel.rakuten.co.jp/image/tr/api/re/gJNfM/?f_hotel_no=181718"" class=""3click"">つづきはこちら</a>",mq,モデレートクイーン／21平米・禁煙,4933287.0,【SAVER】シンプルステイ(室料のみ),1,0,0,0,0,1,https://img.travel.rakuten.co.jp/image/tr/api/re/IdsCY/?f_no=181718&f_syu=mq&f_hi1=2026-07-22&f_hi2=2026-07-23&f_heya_su=1&f_otona_su=1&f_s1=0&f_s2=0&f_y1=0&f_y2=0&f_y3=0&f_y4=0&f_camp_id=4933287,0,2026-07-22,32000,32000,0,2026-07-22,seibu
56733,リッチモンドホテル福岡天神,https://img.travel.rakuten.co.jp/image/tr/api/re/pvonD/?f_no=56733,https://img.travel.rakuten.co.jp/image/tr/api/re/vFumt/?f_no=56733&f_flg=PLAN,https://img.travel.rakuten.co.jp/image/tr/api/re/WzozX/?noTomariHotel=56733,https://img.travel.rakuten.co.jp/image/tr/api/re/gJNfM/?f_hotel_no=56733,りっちもんど　ふくおかてんじん,地下鉄七隈線「天神南駅」徒歩約3分。福岡屋台も徒歩圏内で福岡旅を楽しめるビジネス・観光に便利な理想のロケーション,4455,120899.6,469455.49,810-0004,福岡県,福岡市中央区渡辺通4-8-25,092-739-2055,092-739-2056,西鉄バスセンターより徒歩3分　地下鉄空港線天神駅・七隈線天神南駅下車～天神地下街西12-C出口直進徒歩1分,敷地内に機械式立体駐車場有／料金2000円（税込／泊）／満車時は近隣の提携駐車場にご案内いたします,天神,https://img.travel.rakuten.co.jp/share/HOTEL/56733/56733.jpg,https://img.travel.rakuten.co.jp/HIMG/90/56733.jpg,https://img.travel.rakuten.co.jp/share/HOTEL/56733/56733_room.jpg,https://img.travel.rakuten.co.jp/HIMG/INTERIOR/56733.jpg,https://img.travel.rakuten.co.jp/share/HOTEL/56733/56733map.gif,4511.0,4.26,"快適でした　2026-07-17 15:04:02投稿 <a href=""https://img.travel.rakuten.co.jp/image/tr/api/re/gJNfM/?f_hotel_no=56733"" class=""3click"">つづきはこちら</a>",rtwsu,【喫煙】リッチモンドツイン・30平米・1名,6350947.0,【返金不可】【事前決済限定】シンプルステイ【素泊まり】,1,0,0,0,0,2,https://img.travel.rakuten.co.jp/image/tr/api/re/IdsCY/?f_no=56733&f_syu=rtwsu&f_hi1=2026-07-22&f_hi2=2026-07-23&f_heya_su=1&f_otona_su=1&f_s1=0&f_s2=0&f_y1=0&f_y2=0&f_y3=0&f_y4=0&f_camp_id=6350947,0,2026-07-22,26125,26125,0,2026-07-22,seibu
12562,ザ・レジデンシャルスイート・福岡,https://img.travel.rakuten.co.jp/image/tr/api/re/pvonD/?f_no=12562,https://img.travel.rakuten.co.jp/image/tr/api/re/vFumt/?f_no=12562&f_flg=PLAN,https://img.travel.rakuten.co.jp/image/tr/api/re/WzozX/?noTomariHotel=12562,https://img.travel.rakuten.co.jp/image/tr/api/re/gJNfM/?f_hotel_no=12562,ざ・れじでんしゃるすいーと・ふくおか,★全室44平米以上でミニキッチン＆電子レンジ完備★ドームまで徒歩約10分！★ファミリー、野球観戦、コンサートなどに最適♪,5200,120912.72,469288.88,814-0001,福岡県,福岡市早良区百道浜1-3-70,092-846-8585,092-846-8588,★車で福岡都市高速経由百道出口約2分★地下鉄『西新駅』１番出口より徒歩10分★バスで天神・博多から医師会館前まで約20分,有り　135台　\1650/泊（税込）　平置き/車高2.3ｍ迄　,西新,https://img.travel.rakuten.co.jp/share/HOTEL/12562/12562.jpg,https://img.travel.rakuten.co.jp/HIMG/90/12562.jpg,https://img.travel.rakuten.co.jp/share/HOTEL/12562/12562_t.jpg,https://img.travel.rakuten.co.jp/HIMG/INTERIOR/12562.jpg,https://img.travel.rakuten.co.jp/share/HOTEL/12562/12562map.gif,5182.0,4.11,,omsgl-k,【禁煙】１名利用,866872.0,【ライブやコンサート、イベント利用におすすめ】ドームまで徒歩10分！お部屋タイプおまかせ【素泊まり】,1,0,0,0,0,1,https://img.travel.rakuten.co.jp/image/tr/api/re/IdsCY/?f_no=12562&f_syu=omsgl-k&f_hi1=2026-07-22&f_hi2=2026-07-23&f_heya_su=1&f_otona_su=1&f_s1=0&f_s2=0&f_y1=0&f_y2=0&f_y3=0&f_y4=0&f_camp_id=866872,0,2026-07-22,17000,17000,0,2026-07-22,seibu
187109,ザ　ロイヤルパーク　キャンバス　福岡中洲,https://img.travel.rakuten.co.jp/image/tr/api/re/pvonD/?f_no=187109,https://img.travel.rakuten.co.jp/image/tr/api/re/vFumt/?f_no=187109&f_flg=PLAN,https://img.travel.rakuten.co.jp/image/tr/api/re/WzozX/?noTomariHotel=187109,https://img.travel.rakuten.co.jp/image/tr/api/re/gJNfM/?f_hotel_no=187109,ざ　ろいやるぱーく　きゃんばす　ふくおかなかす,天神中心部にも近いアーバンリゾート。 博多川を望むテラス席を併設したキャンバスラウンジの他、大浴場やサウナ等をご用意。,10500,120929.56,469463.5,810-0801,福岡県,福岡市博多区中洲五丁目6番20号,092-291-1188,092-291-0666,福岡市地下鉄空港線「中洲川端駅」3番出口より徒歩約2分。ビジネスでもレジャーでも便利な立地です。,ホテル近隣のある提携駐車場をご案内しております。詳細につきましては宿ニュースをご確認ください。,中洲川端,https://img.travel.rakuten.co.jp/share/HOTEL/187109/187109.jpg,https://img.travel.rakuten.co.jp/HIMG/90/187109.jpg,,,https://img.travel.rakuten.co.jp/share/HOTEL/187109/187109map.gif,160.0,4.21,"大…　2026-06-24 18:03:31投稿 <a href=""https://img.travel.rakuten.co.jp/image/tr/api/re/gJNfM/?f_hotel_no=187109"" class=""3click"">つづきはこちら</a>",sdd,＜スカイフロア＞スタンダードダブル【禁煙】,5645639.0,CANVAS STAY＜素泊り＞〜10階以上の高層階スカイフロアへご案内 〜,1,0,0,0,0,1,https://img.travel.rakuten.co.jp/image/tr/api/re/IdsCY/?f_no=187109&f_syu=sdd&f_hi1=2026-07-22&f_hi2=2026-07-23&f_heya_su=1&f_otona_su=1&f_s1=0&f_s2=0&f_y1=0&f_y2=0&f_y3=0&f_y4=0&f_camp_id=5645639,0,2026-07-22,35360,35360,0,2026-07-22,seibu
183099,グローカルホテル糸島,https://img.travel.rakuten.co.jp/image/tr/api/re/pvonD/?f_no=183099,https://img.travel.rakuten.co.jp/image/tr/api/re/vFumt/?f_no=183099&f_flg=PLAN,https://img.travel.rakuten.co.jp/image/tr/api/re/WzozX/?noTomariHotel=183099,https://img.travel.rakuten.co.jp/image/tr/api/re/gJNfM/?f_hotel_no=183099,ぐろーかるほてるいとしま,駐車場無料・大浴場あり。徒歩圏内温浴施設やサウナ・岩盤浴・食事処あり。,12000,120889.86,468777.98,819-1111,福岡県,糸島市泊844-1,092-332-9600,092-332-9606,「福岡空港」より「筑肥線(波多江駅)」で降り、タクシーで7分,有り　125台　無料　予約不要,今宿,https://img.travel.rakuten.co.jp/share/HOTEL/183099/183099.jpg,https://img.travel.rakuten.co.jp/HIMG/90/183099.jpg,,,https://img.travel.rakuten.co.jp/share/HOTEL/183099/183099map.gif,419.0,4.47,"部屋からの眺めは仕方ないかなと思いましたが、スタッフさんの人柄やお料理も朝から美味しくいただけて期待を上回る最高のホテルで…　2026-07-14 20:36:55投稿 <a href=""https://img.travel.rakuten.co.jp/image/tr/api/re/gJNfM/?f_hotel_no=183099"" class=""3click"">つづきはこちら</a>",dbt,ダブル畳ルーム,5346485.0,グローカルシンプルステイプラン（素泊まり）,1,0,0,0,0,1,https://img.travel.rakuten.co.jp/image/tr/api/re/IdsCY/?f_no=183099&f_syu=dbt&f_hi1=2026-07-22&f_hi2=2026-07-23&f_heya_su=1&f_otona_su=1&f_s1=0&f_s2=0&f_y1=0&f_y2=0&f_y3=0&f_y4=0&f_camp_id=5346485,0,2026-07-22,20000,20000,0,2026-07-22,seibu
182101,福岡ユウベルホテル,https://img.travel.rakuten.co.jp/image/tr/api/re/pvonD/?f_no=182101,https://img.travel.rakuten.co.jp/image/tr/api/re/vFumt/?f_no=182101&f_flg=PLAN,https://img.travel.rakuten.co.jp/image/tr/api/re/WzozX/?noTomariHotel=182101,https://img.travel.rakuten.co.jp/image/tr/api/re/gJNfM/?f_hotel_no=182101,ふくおかゆうべるほてる,福岡の中心、薬院のホテルです。天神エリアまで徒歩圏内、疲れを癒す大浴場有。ビジネス、観光の拠点として最適なホテルです。,6625,120888.07,469427.19,810-0023,福岡県,福岡市中央区警固1-9-3,092-761-0345,092-761-0367,地下鉄七隈線「薬院大通駅」徒歩5分,有 4台 1500円/泊　先着順　※チェックインの際にホテル敷地以外への一時停車はしないでください,薬院,https://img.travel.rakuten.co.jp/share/HOTEL/182101/182101.jpg,https://img.travel.rakuten.co.jp/HIMG/90/182101.jpg,,,https://img.travel.rakuten.co.jp/share/HOTEL/182101/182101map.gif,310.0,4.34,"翌日タオルはドアノブにかかっていましたが、パジャマが入っていませんでした………　2026-06-27 15:46:24投稿 <a href=""https://img.travel.rakuten.co.jp/image/tr/api/re/gJNfM/?f_hotel_no=182101"" class=""3click"">つづきはこちら</a>",ra040,バリアフリー【禁煙】,5003913.0,【福岡を満喫♪】大浴場でゆったり　ビジネス＆観光におすすめ！！スタンダードプラン　素泊り,1,0,0,0,0,1,https://img.travel.rakuten.co.jp/image/tr/api/re/IdsCY/?f_no=182101&f_syu=ra040&f_hi1=2026-07-22&f_hi2=2026-07-23&f_heya_su=1&f_otona_su=1&f_s1=0&f_s2=0&f_y1=0&f_y2=0&f_y3=0&f_y4=0&f_camp_id=5003913,0,2026-07-22,29800,29800,0,2026-07-22,seibu
18692,サウナ＆カプセルホテル　グリーンランド中洲店,https://img.travel.rakuten.co.jp/image/tr/api/re/pvonD/?f_no=18692,https://img.travel.rakuten.co.jp/image/tr/api/re/vFumt/?f_no=18692&f_flg=PLAN,,https://img.travel.rakuten.co.jp/image/tr/api/re/gJNfM/?f_hotel_no=18692,さうなあんどかぷせるほてる　ぐりーんらんど　なかすてん,中洲の中心地にあり、カプセルは外出自由です。※当店は男性専用でございます。,4200,120924.6,469473.67,810-0801,福岡県,福岡市博多区中洲3-6-17,092-291-9000,092-281-2476,福岡市営地下鉄　中洲川端駅下車,駐車場はございません。,中洲川端,https://img.travel.rakuten.co.jp/share/HOTEL/18692/18692.jpg,https://img.travel.rakuten.co.jp/HIMG/90/18692.jpg,https://img.travel.rakuten.co.jp/share/HOTEL/18692/18692_msg.jpg,https://img.travel.rakuten.co.jp/HIMG/INTERIOR/18692.jpg,https://img.travel.rakuten.co.jp/share/HOTEL/18692/18692map.gif,1046.0,4.18,"中洲川端駅からすぐ近くにあり、大変良かったです。　2026-07-08 16:46:19投稿 <a href=""https://img.travel.rakuten.co.jp/image/tr/api/re/gJNfM/?f_hotel_no=18692"" class=""3click"">つづきはこちら</a>",capsule,通常カプセル(大浴場・サウナ入泉料込み）,,,1,0,0,0,0,1,https://img.travel.rakuten.co.jp/image/tr/api/re/IdsCY/?f_no=18692&f_syu=capsule&f_hi1=2026-07-22&f_hi2=2026-07-23&f_heya_su=1&f_otona_su=1&f_s1=0&f_s2=0&f_y1=0&f_y2=0&f_y3=0&f_y4=0,1,2026-07-22,4200,4200,1,2026-07-22,seibu
9230,平和台ホテル　ファイブ,https://img.travel.rakuten.co.jp/image/tr/api/re/pvonD/?f_no=9230,https://img.travel.rakuten.co.jp/image/tr/api/re/vFumt/?f_no=9230&f_flg=PLAN,https://img.travel.rakuten.co.jp/image/tr/api/re/WzozX/?noTomariHotel=9230,https://img.travel.rakuten.co.jp/image/tr/api/re/gJNfM/?f_hotel_no=9230,へいわだいほてる　ふぁいぶ,イベント盛りだくさんのみずほPayPayドーム福岡は徒歩で行ける便利な立地！近隣には居酒屋やコンビニ・スーパーもあります,2900,120908.63,469335.26,810-0054,福岡県,福岡市中央区今川1-4-2,092-732-5000,092-722-0181,地下鉄「唐人町」駅２番出口より徒歩1分（エレベーター利用の場合は7番出口より徒歩5分）,"有り　8台　平面駐車場をご希望の方は必ずお電話にてご予約ください。　料金：1,500円（税込／泊）",唐人町,https://img.travel.rakuten.co.jp/share/HOTEL/9230/9230.jpg,https://img.travel.rakuten.co.jp/HIMG/90/9230.jpg,https://img.travel.rakuten.co.jp/share/HOTEL/9230/9230_room.jpg,https://img.travel.rakuten.co.jp/HIMG/INTERIOR/9230.jpg,https://img.travel.rakuten.co.jp/share/HOTEL/9230/9230map.gif,956.0,3.65,,familyn,【4ベッドファミリールーム】★禁煙★全室加湿空気清浄機完備,6387506.0,【返金不可プラン】朝食ついてないけど良いですか？PayPayドームまで徒歩で行ける！♪◇素泊り◇,1,0,0,0,0,2,https://img.travel.rakuten.co.jp/image/tr/api/re/IdsCY/?f_no=9230&f_syu=familyn&f_hi1=2026-07-22&f_hi2=2026-07-23&f_heya_su=1&f_otona_su=1&f_s1=0&f_s2=0&f_y1=0&f_y2=0&f_y3=0&f_y4=0&f_camp_id=6387506,0,2026-07-22,21600,21600,0,2026-07-22,seibu
76347,ＨＥＡＲＴＳカプセルホテル＆スパ中洲,https://img.travel.rakuten.co.jp/image/tr/api/re/pvonD/?f_no=76347,https://img.travel.rakuten.co.jp/image/tr/api/re/vFumt/?f_no=76347&f_flg=PLAN,https://img.travel.rakuten.co.jp/image/tr/api/re/WzozX/?noTomariHotel=76347,https://img.travel.rakuten.co.jp/image/tr/api/re/gJNfM/?f_hotel_no=76347,はーつかぷせるほてるあんどすぱなかす,★地下鉄　【中洲川端駅】　直結★　【清潔感】と【低価格】が魅力のカプセルホテル♪　無料Wi-Fi完備♪アメニティ無料♪ ,3000,120925.34,469466.41,810-0801,福岡県,福岡市博多区中洲5-2-1 7F・8F,092-263-1313,092-263-1515,★地下鉄　【中洲川端駅】　直結★　地下鉄にて福岡空港→８分・博多駅→３分・天神→１分（乗換なしでご到着できます）,無し,中洲川端,https://img.travel.rakuten.co.jp/share/HOTEL/76347/76347.jpg,https://img.travel.rakuten.co.jp/HIMG/90/76347.jpg,https://img.travel.rakuten.co.jp/share/HOTEL/76347/76347_gr.jpg,https://img.travel.rakuten.co.jp/HIMG/INTERIOR/76347.jpg,https://img.travel.rakuten.co.jp/share/HOTEL/76347/76347map.gif,1243.0,3.52,,sc,スタンダードキャビンルーム【男性専用】　Wi-Fi完備,3969190.0,【スタンダードプラン】★地下鉄駅直結　シャワー付　手ぶらOK♪ 　wifi完備　外出自由♪※男性専用,1,0,0,0,0,1,https://img.travel.rakuten.co.jp/image/tr/api/re/IdsCY/?f_no=76347&f_syu=sc&f_hi1=2026-07-22&f_hi2=2026-07-23&f_heya_su=1&f_otona_su=1&f_s1=0&f_s2=0&f_y1=0&f_y2=0&f_y3=0&f_y4=0&f_camp_id=3969190,0,2026-07-22,3500,3500,0,2026-07-22,seibu
168188,ワンズホテル福岡,https://img.travel.rakuten.co.jp/image/tr/api/re/pvonD/?f_no=168188,https://img.travel.rakuten.co.jp/image/tr/api/re/vFumt/?f_no=168188&f_flg=PLAN,https://img.travel.rakuten.co.jp/image/tr/api/re/WzozX/?noTomariHotel=168188,https://img.travel.rakuten.co.jp/image/tr/api/re/gJNfM/?f_hotel_no=168188,わんずほてるふくおか,２０１８年１１月開業！地下鉄唐人町徒歩０分！隣はセブンイレブン！ヤフオクドーム徒歩圏内！全室ダブルベッドの寛ぎ空間。,4450,120909.75,469336.92,810-0054,福岡県,福岡市中央区今川1-3-3　,092-738-5533,092-738-5588,地下鉄　唐人町駅②番出口より約０分  〈 21時以降は⑤番出口〉〈 エレベーターは⑦番出口（ホテルまで徒歩約5分）〉,無し、近隣コインパーキング22台（1時間100円昼最大600円夜最大400円）イベント料金あり！,唐人町,https://img.travel.rakuten.co.jp/share/HOTEL/168188/168188.jpg,https://img.travel.rakuten.co.jp/HIMG/90/168188.jpg,,,https://img.travel.rakuten.co.jp/share/HOTEL/168188/168188map.gif,284.0,4.17,"ビュッフェ形式の朝食も地元のおかずもあったり、バラエティ豊…　2026-07-13 16:10:20投稿 <a href=""https://img.travel.rakuten.co.jp/image/tr/api/re/gJNfM/?f_hotel_no=168188"" class=""3click"">つづきはこちら</a>",dba,ダブルA〔禁煙〕（11.5平米・Wi-Fi無料）,4351745.0,【当日割】当日限定お得な素泊まりプラン♪　【カード決済限定】,1,0,0,0,0,2,https://img.travel.rakuten.co.jp/image/tr/api/re/JlnYS/?f_no=168188&f_syu=dba&f_hi1=2026-07-22&f_hi2=2026-07-23&f_heya_su=1&f_otona_su=1&f_s1=0&f_s2=0&f_y1=0&f_y2=0&f_y3=0&f_y4=0&f_camp_id=4351745,2,2026-07-22,12900,12900,0,2026-07-22,seibu
144978,ホテルマリノアリゾート福岡,https://img.travel.rakuten.co.jp/image/tr/api/re/pvonD/?f_no=144978,https://img.travel.rakuten.co.jp/image/tr/api/re/vFumt/?f_no=144978&f_flg=PLAN,https://img.travel.rakuten.co.jp/image/tr/api/re/WzozX/?noTomariHotel=144978,https://img.travel.rakuten.co.jp/image/tr/api/re/gJNfM/?f_hotel_no=144978,まりのありぞーとふくおか,口コミ4.7（2026年6月時点）全室ハーバービュー♪贅沢な３つのラウンジが無料☆ウェルカム・焚火・ナイトラウンジ,11812,120933.28,469172.05,819-0001,福岡県,福岡市西区小戸2-12-43,092-895-5511,092-895-5523,地下鉄空港線：姪浜駅下車後、無料循環バス「クルットバス」利用で約20分　タクシーで5分,有り　１００台　無料　予約不要　（入出庫自由）,姪浜,https://img.travel.rakuten.co.jp/share/HOTEL/144978/144978.jpg,https://img.travel.rakuten.co.jp/HIMG/90/144978.jpg,https://img.travel.rakuten.co.jp/share/HOTEL/144978/144978_room.jpg,https://img.travel.rakuten.co.jp/HIMG/INTERIOR/144978.jpg,https://img.travel.rakuten.co.jp/share/HOTEL/144978/144978map.gif,445.0,4.7,"子どもとの帰省で宿泊しました。部屋の広さと浴槽があり、メインのベットルームが土足禁止なのは、小さい子供がいる我が家は助かりました。部屋からの眺望が良くはリフレッシュできます。スタッフの方も親切で心地よ…　2026-07-11 18:17:53投稿 <a href=""https://img.travel.rakuten.co.jp/image/tr/api/re/gJNfM/?f_hotel_no=144978"" class=""3click"">つづきはこちら</a>",mt,【42平米・ハーバービュー・バルコニー付 マリノアツイン】,5818774.0,《直前割×お日にち限定》18時イン10時アウト/全室福岡タワー側オーシャンビュー！/駐車場無料！,1,0,0,0,0,1,https://img.travel.rakuten.co.jp/image/tr/api/re/IdsCY/?f_no=144978&f_syu=mt&f_hi1=2026-07-22&f_hi2=2026-07-23&f_heya_su=1&f_otona_su=1&f_s1=0&f_s2=0&f_y1=0&f_y2=0&f_y3=0&f_y4=0&f_camp_id=5818774,0,2026-07-22,27877,27877,0,2026-07-22,seibu
1533,西鉄グランドホテル,https://img.travel.rakuten.co.jp/image/tr/api/re/pvonD/?f_no=1533,https://img.travel.rakuten.co.jp/image/tr/api/re/vFumt/?f_no=1533&f_flg=PLAN,https://img.travel.rakuten.co.jp/image/tr/api/re/WzozX/?noTomariHotel=1533,https://img.travel.rakuten.co.jp/image/tr/api/re/gJNfM/?f_hotel_no=1533,にしてつぐらんどほてる,地下鉄天神駅から徒歩約1分でアクセス抜群！一人旅～グループ旅行にも◎伝統息づくおもてなしでお客様をお出迎え,9600,120910.26,469433.04,810-8587,福岡県,福岡市中央区大名2-6-60,092-781-0711,092-751-8224,地下鉄にて福岡空港から天神駅まで約11分、「2番出口」より徒歩約1分。福岡の中心に位置し交通機関は大変便利です。,有り　チェックイン当日は到着時から、チェックアウト日は正午12時まで駐車可。,博多,https://img.travel.rakuten.co.jp/share/HOTEL/1533/1533.jpg,https://img.travel.rakuten.co.jp/HIMG/90/1533.jpg,https://img.travel.rakuten.co.jp/share/HOTEL/1533/1533_twin.jpg,https://img.travel.rakuten.co.jp/HIMG/INTERIOR/1533.jpg,https://img.travel.rakuten.co.jp/share/HOTEL/1533/1533map.gif,4926.0,4.3,,dhp,【禁煙】スーペリアダブル,3128963.0,【楽天限定ポイント10倍】ポイントを貯めてお得にSTAY！１２時チェックアウト付＜素泊り＞,10,0,0,0,0,1,https://img.travel.rakuten.co.jp/image/tr/api/re/IdsCY/?f_no=1533&f_syu=dhp&f_hi1=2026-07-22&f_hi2=2026-07-23&f_heya_su=1&f_otona_su=1&f_s1=0&f_s2=0&f_y1=0&f_y2=0&f_y3=0&f_y4=0&f_camp_id=3128963,0,2026-07-22,39380,39380,0,2026-07-22,seibu
84779,グリーンリッチホテル西鉄大橋駅前,https://img.travel.rakuten.co.jp/image/tr/api/re/pvonD/?f_no=84779,https://img.travel.rakuten.co.jp/image/tr/api/re/vFumt/?f_no=84779&f_flg=PLAN,https://img.travel.rakuten.co.jp/image/tr/api/re/WzozX/?noTomariHotel=84779,https://img.travel.rakuten.co.jp/image/tr/api/re/gJNfM/?f_hotel_no=84779,ぐりーんりっちほてるにしてつおおはしえきまえ,天神まで西鉄電車で７分♪　観光やビジネスの拠点に最適な立地です,5800,120800.69,469542.04,815-0033,福岡県,福岡市南区大橋1-7-15,092-552-4400,092-552-4422,天神から西鉄電車で大橋駅下車。JR竹下駅西口から西鉄バスで大橋駅前下車。西鉄大橋駅（西口）を出て右に進み徒歩にて1分。,ホテルの駐車場はございません。近隣の有料駐車場をご案内致します。,大橋（福岡）,https://img.travel.rakuten.co.jp/share/HOTEL/84779/84779.jpg,https://img.travel.rakuten.co.jp/HIMG/90/84779.jpg,https://img.travel.rakuten.co.jp/share/HOTEL/84779/84779_ru.jpg,https://img.travel.rakuten.co.jp/HIMG/INTERIOR/84779.jpg,https://img.travel.rakuten.co.jp/share/HOTEL/84779/84779map.gif,632.0,3.8,"出張で疲れた体をいやせて快適な宿泊がで…　2026-07-20 22:07:52投稿 <a href=""https://img.travel.rakuten.co.jp/image/tr/api/re/gJNfM/?f_hotel_no=84779"" class=""3click"">つづきはこちら</a>",trns,トリプルルーム【禁煙】,6436879.0,【直前割】■朝食無料サービス■,1,0,0,1,0,1,https://img.travel.rakuten.co.jp/image/tr/api/re/IdsCY/?f_no=84779&f_syu=trns&f_hi1=2026-07-22&f_hi2=2026-07-23&f_heya_su=1&f_otona_su=1&f_s1=0&f_s2=0&f_y1=0&f_y2=0&f_y3=0&f_y4=0&f_camp_id=6436879,0,2026-07-22,17700,17700,0,2026-07-22,seibu
168795,変なホテル福岡　博多,https://img.travel.rakuten.co.jp/image/tr/api/re/pvonD/?f_no=168795,https://img.travel.rakuten.co.jp/image/tr/api/re/vFumt/?f_no=168795&f_flg=PLAN,https://img.travel.rakuten.co.jp/image/tr/api/re/WzozX/?noTomariHotel=168795,https://img.travel.rakuten.co.jp/image/tr/api/re/gJNfM/?f_hotel_no=168795,へんなほてるふくおか　はかた,2023年6月19日からラウンジOPEN！ドリンク・アルコール・朝食はご宿泊のお客様なら無料！人気の観光地も徒歩圏内！,6050,120926.9,469460.56,810-0801,福岡県,福岡市博多区中洲5-4-19,050-5576-8380,03-6695-6660,中洲川端駅より徒歩３分／天神駅より徒歩５分／福岡空港より電車で９分,"提携駐車場「Dパーキング中洲5丁目第一／第三／第六」24時間2,500円",中洲川端,https://img.travel.rakuten.co.jp/share/HOTEL/168795/168795.jpg,https://img.travel.rakuten.co.jp/HIMG/90/168795.jpg,https://img.travel.rakuten.co.jp/share/HOTEL/168795/168795_kan1.jpg,https://img.travel.rakuten.co.jp/HIMG/INTERIOR/168795.jpg,https://img.travel.rakuten.co.jp/share/HOTEL/168795/168795map.gif,1054.0,4.19,,017,新幹線ルーム／ツイン【禁煙】,6062339.0,【たくさんの新幹線を堪能】1日2室限定！新幹線コラボルーム お土産付き＜宿泊者限定ラウンジ利用無料＞,1,0,0,0,0,1,https://img.travel.rakuten.co.jp/image/tr/api/re/IdsCY/?f_no=168795&f_syu=017&f_hi1=2026-07-22&f_hi2=2026-07-23&f_heya_su=1&f_otona_su=1&f_s1=0&f_s2=0&f_y1=0&f_y2=0&f_y3=0&f_y4=0&f_camp_id=6062339,0,2026-07-22,20800,20800,0,2026-07-22,seibu
198902,ＢＡＳＥ　ＬＡＹＥＲ　ＨＯＴＥＬ　福岡（２０２６年４月１５日ＯＰＥＮ）,https://img.travel.rakuten.co.jp/image/tr/api/re/pvonD/?f_no=198902,https://img.travel.rakuten.co.jp/image/tr/api/re/vFumt/?f_no=198902&f_flg=PLAN,https://img.travel.rakuten.co.jp/image/tr/api/re/WzozX/?noTomariHotel=198902,https://img.travel.rakuten.co.jp/image/tr/api/re/gJNfM/?f_hotel_no=198902,べーすれいやーほてるふくおか（２０２６ねん４がつ１５にちおーぷん）,快適な滞在と楽しい街遊びを支える基礎的機能ホテル,6930,120879.62,469476.79,810-0005,福岡県,福岡市中央区清川1-14-15,092-406-1256,092-406-1257,福岡市地下鉄七隈線「渡辺通駅」より徒歩7分・西鉄天神大牟田線「薬院駅」より徒歩10分,なし,天神,https://img.travel.rakuten.co.jp/share/HOTEL/198902/198902.jpg,https://img.travel.rakuten.co.jp/HIMG/90/198902.jpg,,,https://img.travel.rakuten.co.jp/share/HOTEL/198902/198902map.gif,26.0,3.79,"駅からもそこまで遠くないしまた利用したい。　2026-07-15 20:49:47投稿 <a href=""https://img.travel.rakuten.co.jp/image/tr/api/re/gJNfM/?f_hotel_no=198902"" class=""3click"">つづきはこちら</a>",d,ダブルルーム,6445468.0,【事前決済限定・キャンセル不可】直前割_素泊,1,0,0,0,0,2,https://img.travel.rakuten.co.jp/image/tr/api/re/IdsCY/?f_no=198902&f_syu=d&f_hi1=2026-07-22&f_hi2=2026-07-23&f_heya_su=1&f_otona_su=1&f_s1=0&f_s2=0&f_y1=0&f_y2=0&f_y3=0&f_y4=0&f_camp_id=6445468,0,2026-07-22,20790,20790,0,2026-07-22,seibu
1137,ヒルトン福岡シーホーク,https://img.travel.rakuten.co.jp/image/tr/api/re/pvonD/?f_no=1137,https://img.travel.rakuten.co.jp/image/tr/api/re/vFumt/?f_no=1137&f_flg=PLAN,https://img.travel.rakuten.co.jp/image/tr/api/re/WzozX/?noTomariHotel=1137,https://img.travel.rakuten.co.jp/image/tr/api/re/gJNfM/?f_hotel_no=1137,ひるとんふくおかしーほーく,みずほPayPayドーム福岡隣接。全室オーシャンビュー！専用ラウンジ特典付エグゼクティブフロアも魅力。,11712,120928.65,469306.24,810-8650,福岡県,福岡市中央区地行浜2-2-3,092-844-8111,092-844-7899,【バス】天神からW１番で１５分／博多駅から３０６番で３０分→ヒルトン福岡前下車 。,"有り 800台 １泊2,000円(予約不要。チェックイン前の駐車可能）",唐人町,https://img.travel.rakuten.co.jp/share/HOTEL/1137/1137.jpg,https://img.travel.rakuten.co.jp/HIMG/90/1137.jpg,https://img.travel.rakuten.co.jp/share/HOTEL/1137/1137_sgl.jpg,https://img.travel.rakuten.co.jp/HIMG/INTERIOR/1137.jpg,https://img.travel.rakuten.co.jp/share/HOTEL/1137/1137map.gif,4740.0,4.11,,d1,ヒルトン ダブル（禁煙）,6356975.0,【博多湾オーシャンビュー】お子様連れも安心！6歳未満添い寝無料♪シンプルステイ（お部屋のみ）2026,1,0,0,0,0,1,https://img.travel.rakuten.co.jp/image/tr/api/re/IdsCY/?f_no=1137&f_syu=d1&f_hi1=2026-07-22&f_hi2=2026-07-23&f_heya_su=1&f_otona_su=1&f_s1=0&f_s2=0&f_y1=0&f_y2=0&f_y3=0&f_y4=0&f_camp_id=6356975,0,2026-07-22,35304,35304,0,2026-07-22,seibu
130510,ヒルトップリゾート　福岡,https://img.travel.rakuten.co.jp/image/tr/api/re/pvonD/?f_no=130510,https://img.travel.rakuten.co.jp/image/tr/api/re/vFumt/?f_no=130510&f_flg=PLAN,https://img.travel.rakuten.co.jp/image/tr/api/re/WzozX/?noTomariHotel=130510,https://img.travel.rakuten.co.jp/image/tr/api/re/gJNfM/?f_hotel_no=130510,ひるとっぷりぞーと　ふくおか,福岡市街を一望できる絶好のロケーション。ヒルトップスパ＆男女別大浴場＆Wi-Fi完備,10200,120849.91,469386.21,810-0032,福岡県,福岡市中央区輝国1-1-33,092-771-2131,092-771-8888,■福岡空港より車で30分■博多駅より車で15分/バス（58番で20分、56・57番で40分）■桜坂駅より徒歩で15分,有り　平面駐車場19台・地下駐車場36台　無料,,https://img.travel.rakuten.co.jp/share/HOTEL/130510/130510.jpg,https://img.travel.rakuten.co.jp/HIMG/90/130510.jpg,https://img.travel.rakuten.co.jp/share/HOTEL/130510/130510_kya.jpg,https://img.travel.rakuten.co.jp/HIMG/INTERIOR/130510.jpg,https://img.travel.rakuten.co.jp/share/HOTEL/130510/130510map.gif,233.0,4.44,"ただ、客室の中にスタッフのなのか、前の宿泊客なのか分からないネイルが落ちていたり、髪の毛が洗面台にあったりと掃…　2026-05-18 17:35:49投稿 <a href=""https://img.travel.rakuten.co.jp/image/tr/api/re/gJNfM/?f_hotel_no=130510"" class=""3click"">つづきはこちら</a>",fjm,Area F ジャパニーズ,5783765.0,ベーシックステイプラン≪お部屋のみ≫,1,0,0,0,0,1,https://img.travel.rakuten.co.jp/image/tr/api/re/IdsCY/?f_no=130510&f_syu=fjm&f_hi1=2026-07-22&f_hi2=2026-07-23&f_heya_su=1&f_otona_su=1&f_s1=0&f_s2=0&f_y1=0&f_y2=0&f_y3=0&f_y4=0&f_camp_id=5783765,0,2026-07-22,36400,36400,0,2026-07-22,seibu
136126,シーサイドホテルツインズももち,https://img.travel.rakuten.co.jp/image/tr/api/re/pvonD/?f_no=136126,https://img.travel.rakuten.co.jp/image/tr/api/re/vFumt/?f_no=136126&f_flg=PLAN,https://img.travel.rakuten.co.jp/image/tr/api/re/WzozX/?noTomariHotel=136126,https://img.travel.rakuten.co.jp/image/tr/api/re/gJNfM/?f_hotel_no=136126,しーさいどほてるついんずももち,☆福岡Ｐａｙ　Ｐａｙドームは徒歩約７分の距離で、野球観戦・コンサート時には好立地！近郊には福岡タワーもございます☆,6600,120919.91,469289.03,814-0001,福岡県,福岡市早良区百道浜1-7-4,092-822-5001,092-847-3110,博多駅よりバスで約30分・天神よりバスで約20分・最寄下車バス停「医師会館ソフトリサーチパーク」前より徒歩約1分,無し　近隣に提携外コインパーキングあり,,https://img.travel.rakuten.co.jp/share/HOTEL/136126/136126.jpg,https://img.travel.rakuten.co.jp/HIMG/90/136126.jpg,https://img.travel.rakuten.co.jp/share/HOTEL/136126/136126_kya.jpg,https://img.travel.rakuten.co.jp/HIMG/INTERIOR/136126.jpg,https://img.travel.rakuten.co.jp/share/HOTEL/136126/136126map.gif,562.0,3.71,"PayPayドームイベント参加のため、近いこちらのホテルを利用。思っていたより部屋はかなり古め。床のガムテープにはびっくり。ただ、フロントや食堂のスタッフさんは皆さん丁寧で感じがよかったので、嫌な印象…　2026-07-07 06:15:09投稿 <a href=""https://img.travel.rakuten.co.jp/image/tr/api/re/gJNfM/?f_hotel_no=136126"" class=""3click"">つづきはこちら</a>",d,スタンダードダブルルーム◆喫煙◆広さ15平米,2901767.0,【訳あり】ノーマイカー素泊まりプラン,1,0,0,0,0,1,https://img.travel.rakuten.co.jp/image/tr/api/re/IdsCY/?f_no=136126&f_syu=d&f_hi1=2026-07-22&f_hi2=2026-07-23&f_heya_su=1&f_otona_su=1&f_s1=0&f_s2=0&f_y1=0&f_y2=0&f_y3=0&f_y4=0&f_camp_id=2901767,0,2026-07-22,15840,15840,0,2026-07-22,seibu
182097,ｌｙｆ天神福岡（ライフ天神福岡）,https://img.travel.rakuten.co.jp/image/tr/api/re/pvonD/?f_no=182097,https://img.travel.rakuten.co.jp/image/tr/api/re/vFumt/?f_no=182097&f_flg=PLAN,https://img.travel.rakuten.co.jp/image/tr/api/re/WzozX/?noTomariHotel=182097,https://img.travel.rakuten.co.jp/image/tr/api/re/gJNfM/?f_hotel_no=182097,ライフテンジンフクオカ,【空港線 天神駅から徒歩圏内】おしゃれな映えホテル！ 無料コワーキングスペース＆テラス付きラウンジ24時間OPEN,4901,120894.12,469449.46,810-0021,福岡県,福岡市中央区今泉1-2-13 レソラ今泉テラス3F,092-753-8695,092-753-8696,西鉄天神大牟田線   福岡天神駅 徒歩 6 分 / 福岡市地下鉄七隈線 天神南駅または薬院駅 徒歩 5 分,無し,西鉄福岡,https://img.travel.rakuten.co.jp/share/HOTEL/182097/182097.jpg,https://img.travel.rakuten.co.jp/HIMG/90/182097.jpg,,,https://img.travel.rakuten.co.jp/share/HOTEL/182097/182097map.gif,213.0,3.94,"外観はとてもおしゃれ。室内はコンパクトにまとまっていて、清潔感もありました。シャワールールームの排水路がやや浅めで溢れそうな感じでヒヤリとしましたが、思いのほか大丈夫でした。基本的に戻って眠るだけ、を…　2026-06-26 05:02:29投稿 <a href=""https://img.travel.rakuten.co.jp/image/tr/api/re/gJNfM/?f_hotel_no=182097"" class=""3click"">つづきはこちら</a>",1kind,スタジオダブル（ワン オブ ア カインド）【禁煙】,5902020.0,【返金不可】予定確定でお得に！事前決済スマートステイ［素泊まり］,1,0,0,0,0,2,https://img.travel.rakuten.co.jp/image/tr/api/re/IdsCY/?f_no=182097&f_syu=1kind&f_hi1=2026-07-22&f_hi2=2026-07-23&f_heya_su=1&f_otona_su=1&f_s1=0&f_s2=0&f_y1=0&f_y2=0&f_y3=0&f_y4=0&f_camp_id=5902020,0,2026-07-22,19996,19996,0,2026-07-22,seibu
181253,ホテルリブマックス福岡天神ＷＥＳＴ,https://img.travel.rakuten.co.jp/image/tr/api/re/pvonD/?f_no=181253,https://img.travel.rakuten.co.jp/image/tr/api/re/vFumt/?f_no=181253&f_flg=PLAN,https://img.travel.rakuten.co.jp/image/tr/api/re/WzozX/?noTomariHotel=181253,https://img.travel.rakuten.co.jp/image/tr/api/re/gJNfM/?f_hotel_no=181253,りぶまっくす　ふくおかてんじん　うえすと,2020年9月グランドオープン！♪赤坂駅徒歩約３分！電子レンジ付ホテル♪,4250,120912.6,469416.5,810-0041,福岡県,福岡市中央区大名2-11-23,092-717-2250,092-717-2251,地下鉄空港線　赤坂駅より徒歩にて約３分,無し　近隣のコインパーキングをご利用ください※当ホテル隣のテナント様の駐車場はご利用頂けません,赤坂（福岡）,https://img.travel.rakuten.co.jp/share/HOTEL/181253/181253.jpg,https://img.travel.rakuten.co.jp/HIMG/90/181253.jpg,,,https://img.travel.rakuten.co.jp/share/HOTEL/181253/181253map.gif,257.0,3.47,"部屋もきれいで、また福岡に来る事があれば、利用したいと思います。　2026-06-13 13:29:28投稿 <a href=""https://img.travel.rakuten.co.jp/image/tr/api/re/gJNfM/?f_hotel_no=181253"" class=""3click"">つづきはこちら</a>",sin-s,☆シングルルーム☆禁煙☆セミダブルベッド,5741409.0, 【リブマックスセール】《15％OFF》ホテルリブマックス福岡天神ＷＥＳＴ【素泊り】,1,0,0,0,0,1,https://img.travel.rakuten.co.jp/image/tr/api/re/IdsCY/?f_no=181253&f_syu=sin-s&f_hi1=2026-07-22&f_hi2=2026-07-23&f_heya_su=1&f_otona_su=1&f_s1=0&f_s2=0&f_y1=0&f_y2=0&f_y3=0&f_y4=0&f_camp_id=5741409,0,2026-07-22,18700,18700,0,2026-07-22,seibu
164644,ＷｅＢａｓｅ博多　ホステル,https://img.travel.rakuten.co.jp/image/tr/api/re/pvonD/?f_no=164644,https://img.travel.rakuten.co.jp/image/tr/api/re/vFumt/?f_no=164644&f_flg=PLAN,https://img.travel.rakuten.co.jp/image/tr/api/re/WzozX/?noTomariHotel=164644,https://img.travel.rakuten.co.jp/image/tr/api/re/gJNfM/?f_hotel_no=164644,うぃーべーすはかた　ほすてる,【立地に自信あり】【無料朝食】【清潔度◎】大好評！広々ラウンジは24H寛げ、自炊もOK！,4410,120932.4,469478.37,812-0025,福岡県,福岡市博多区店屋町5-9,092-292-2322,092-292-2305,中洲川端「7番出口」より徒歩3分！中洲繁華街まで徒歩5分◆天神1駅(徒歩10分)◆博多2駅◆空港4駅,"紙与パーキング（立駐駐車場）：15時〜翌12時  1,300円 ※徒歩3分",中洲川端,https://img.travel.rakuten.co.jp/share/HOTEL/164644/164644.jpg,https://img.travel.rakuten.co.jp/HIMG/90/164644.jpg,https://img.travel.rakuten.co.jp/share/HOTEL/164644/164644_kan.jpg,https://img.travel.rakuten.co.jp/HIMG/INTERIOR/164644.jpg,https://img.travel.rakuten.co.jp/share/HOTEL/164644/164644map.gif,267.0,4.04,"前々から入口…　2026-05-30 19:21:56投稿 <a href=""https://img.travel.rakuten.co.jp/image/tr/api/re/gJNfM/?f_hotel_no=164644"" class=""3click"">つづきはこちら</a>",124578,【相部屋】男女共用ルーム（カプセル／シャワー・トイレ共用）,5769175.0,【お日にち限定／朝食付】今だけチャンス！！特別価格でホステルステイ＜共用シャワー・トイレ＞,1,0,0,1,0,1,https://img.travel.rakuten.co.jp/image/tr/api/re/IdsCY/?f_no=164644&f_syu=124578&f_hi1=2026-07-22&f_hi2=2026-07-23&f_heya_su=1&f_otona_su=1&f_s1=0&f_s2=0&f_y1=0&f_y2=0&f_y3=0&f_y4=0&f_camp_id=5769175,0,2026-07-22,6420,6420,0,2026-07-22,seibu
189077,ｓｅｖｅｎ　ｘ　ｓｅｖｅｎ　糸島,https://img.travel.rakuten.co.jp/image/tr/api/re/pvonD/?f_no=189077,https://img.travel.rakuten.co.jp/image/tr/api/re/vFumt/?f_no=189077&f_flg=PLAN,https://img.travel.rakuten.co.jp/image/tr/api/re/WzozX/?noTomariHotel=189077,https://img.travel.rakuten.co.jp/image/tr/api/re/gJNfM/?f_hotel_no=189077,セブンバイセブン　イトシマ,2026年4月リニューアルオープン。プール＆サウナを新設、テラスエリアとフード・ドリンクも刷新。,12320,121100.89,468736.34,819-0202,福岡県,福岡市西区西浦266,092-805-9030,000-000-0000,福岡空港よりお車で約４５分,全52台 無料 / 1室につき1台まで,福岡空港,https://img.travel.rakuten.co.jp/share/HOTEL/189077/189077.jpg,https://img.travel.rakuten.co.jp/HIMG/90/189077.jpg,,,https://img.travel.rakuten.co.jp/share/HOTEL/189077/189077map.gif,65.0,4.44,"近くに映えスポットカフェも多くてとても便利でした。　2026-07-12 22:11:06投稿 <a href=""https://img.travel.rakuten.co.jp/image/tr/api/re/gJNfM/?f_hotel_no=189077"" class=""3click"">つづきはこちら</a>",pb,ペットフレンドリーバンク　EAST棟／6名,5963140.0,愛犬と楽しむドッグフレンドリープラン,1,0,0,0,0,1,https://img.travel.rakuten.co.jp/image/tr/api/re/IdsCY/?f_no=189077&f_syu=pb&f_hi1=2026-07-22&f_hi2=2026-07-23&f_heya_su=1&f_otona_su=1&f_s1=0&f_s2=0&f_y1=0&f_y2=0&f_y3=0&f_y4=0&f_camp_id=5963140,0,2026-07-22,78000,78000,0,2026-07-22,seibu
191620,９ＨＯＴＥＬ　Ｔｅｎｊｉｎ,https://img.travel.rakuten.co.jp/image/tr/api/re/pvonD/?f_no=191620,https://img.travel.rakuten.co.jp/image/tr/api/re/vFumt/?f_no=191620&f_flg=PLAN,,https://img.travel.rakuten.co.jp/image/tr/api/re/gJNfM/?f_hotel_no=191620,ないんほてる　てんじん,２０２４年オープン！サウナでととのうホテル！専用サウナ付き客室もあります。,7200,120900.28,469480.19,810-0003,福岡県,福岡市中央区春吉2-2-32,092-406-5151,092-263-5020,地下鉄七隈線天神南駅 徒歩約１０分、櫛田神社前駅徒歩約10分,無し,薬院,https://img.travel.rakuten.co.jp/share/HOTEL/191620/191620.jpg,https://img.travel.rakuten.co.jp/HIMG/90/191620.jpg,,,https://img.travel.rakuten.co.jp/share/HOTEL/191620/191620map.gif,11.0,4.67,,003,スーペリアツイン,5919525.0,【スタンダードプラン】2024年5月24日グランドオープン！軽朝食付き♪,1,0,0,0,0,1,https://img.travel.rakuten.co.jp/image/tr/api/re/IdsCY/?f_no=191620&f_syu=003&f_hi1=2026-07-22&f_hi2=2026-07-23&f_heya_su=1&f_otona_su=1&f_s1=0&f_s2=0&f_y1=0&f_y2=0&f_y3=0&f_y4=0&f_camp_id=5919525,0,2026-07-22,18000,18000,0,2026-07-22,seibu
182484,ホテルオリエンタルエクスプレス福岡天神,https://img.travel.rakuten.co.jp/image/tr/api/re/pvonD/?f_no=182484,https://img.travel.rakuten.co.jp/image/tr/api/re/vFumt/?f_no=182484&f_flg=PLAN,https://img.travel.rakuten.co.jp/image/tr/api/re/WzozX/?noTomariHotel=182484,https://img.travel.rakuten.co.jp/image/tr/api/re/gJNfM/?f_hotel_no=182484,ほてるおりえんたるえくすぷれすふくおかてんじん,地下鉄空港線「天神駅」西1番出口より徒歩1分。★ビジネス・観光・paypayドーム・お買い物にアクセス抜群◎,8360,120920.0,469436.92,810-0001,福岡県,福岡市中央区天神3-3-14,092-401-1905,092-401-1906,地下鉄空港線「天神駅」西1番出口より徒歩1分,契約駐車場有（安国駐車場　17：00〜翌10：00　800円 　ホテルより徒歩3分）,天神,https://img.travel.rakuten.co.jp/share/HOTEL/182484/182484.jpg,https://img.travel.rakuten.co.jp/HIMG/90/182484.jpg,,,https://img.travel.rakuten.co.jp/share/HOTEL/182484/182484map.gif,309.0,3.48,"ユニットバスのカーテンが少し匂うのと、アメニティに髭剃りが無かったことが残念でした。朝食は美味しかったです。　2026-06-13 13:26:13投稿 <a href=""https://img.travel.rakuten.co.jp/image/tr/api/re/gJNfM/?f_hotel_no=182484"" class=""3click"">つづきはこちら</a>",sta,■スタンダードツイン 19平米（禁煙・シモンズベッド2台）,5950465.0,【月末セール】出張や推し活にもおすすめ☆天神駅西1番出口から徒歩1分（お部屋のみ）,1,0,0,0,0,1,https://img.travel.rakuten.co.jp/image/tr/api/re/IdsCY/?f_no=182484&f_syu=sta&f_hi1=2026-07-22&f_hi2=2026-07-23&f_heya_su=1&f_otona_su=1&f_s1=0&f_s2=0&f_y1=0&f_y2=0&f_y3=0&f_y4=0&f_camp_id=5950465,0,2026-07-22,27180,27180,0,2026-07-22,seibu
171870,ホテルリブマックス福岡天神,https://img.travel.rakuten.co.jp/image/tr/api/re/pvonD/?f_no=171870,https://img.travel.rakuten.co.jp/image/tr/api/re/vFumt/?f_no=171870&f_flg=PLAN,https://img.travel.rakuten.co.jp/image/tr/api/re/WzozX/?noTomariHotel=171870,https://img.travel.rakuten.co.jp/image/tr/api/re/gJNfM/?f_hotel_no=171870,りぶまっくすふくおかてんじん,2018年11月グランドオープン！博多駅より柳橋バス停へ！徒歩3分♪ドームもバスで楽々♪,4038,120882.2,469479.18,810-0005,福岡県,福岡市中央区清川1-12-17,092-534-1140,092-534-1141,地下鉄七隈線　渡辺通駅2番口より徒歩にて約５分,近隣にコインパーキングあり　※提携はしておりません　満車の場合はご容赦下さい。,,https://img.travel.rakuten.co.jp/share/HOTEL/171870/171870.jpg,https://img.travel.rakuten.co.jp/HIMG/90/171870.jpg,https://img.travel.rakuten.co.jp/share/HOTEL/171870/171870_kan1.jpg,https://img.travel.rakuten.co.jp/HIMG/INTERIOR/171870.jpg,https://img.travel.rakuten.co.jp/share/HOTEL/171870/171870map.gif,335.0,3.44,,sb-sr,★シングルルーム★喫煙★セミダブルベッド,5741388.0,【リブマックスセール】《15％OFF》ホテルリブマックス福岡天神 【素泊り】,1,0,0,0,0,1,https://img.travel.rakuten.co.jp/image/tr/api/re/IdsCY/?f_no=171870&f_syu=sb-sr&f_hi1=2026-07-22&f_hi2=2026-07-23&f_heya_su=1&f_otona_su=1&f_s1=0&f_s2=0&f_y1=0&f_y2=0&f_y3=0&f_y4=0&f_camp_id=5741388,0,2026-07-22,17000,17000,0,2026-07-22,seibu
183253,ＵＮＰＬＡＮ　Ｆｕｋｕｏｋａ,https://img.travel.rakuten.co.jp/image/tr/api/re/pvonD/?f_no=183253,https://img.travel.rakuten.co.jp/image/tr/api/re/vFumt/?f_no=183253&f_flg=PLAN,,https://img.travel.rakuten.co.jp/image/tr/api/re/gJNfM/?f_hotel_no=183253,あんぷらん　ふくおか,【大濠公園駅から徒歩１分】コンビニまで徒歩約30秒、PayPayドームまでのアクセス抜群◎長期滞在にも人気なホステル！,3372,120913.53,469376.25,810-0074,福岡県,福岡市中央区大手門3-4-1,092-406-7704,092-406-7704,■福岡空港より空港線の大濠公園駅下車 4番出口から徒歩1分  ■PayPayドームまでバスで９分,提携の駐車場はございません。近隣の駐車場をご利用ください。,大濠公園,https://img.travel.rakuten.co.jp/share/HOTEL/183253/183253.jpg,https://img.travel.rakuten.co.jp/HIMG/90/183253.jpg,,,https://img.travel.rakuten.co.jp/share/HOTEL/183253/183253map.gif,138.0,4.0,"ス…　2026-07-17 18:58:39投稿 <a href=""https://img.travel.rakuten.co.jp/image/tr/api/re/gJNfM/?f_hotel_no=183253"" class=""3click"">つづきはこちら</a>",dormitory,男女共用ドミトリールーム,5241271.0,【返金不可】【無料朝食付き】ドミトリー・PODルーム★大濠公園駅から徒歩１分◎,1,0,0,0,0,2,https://img.travel.rakuten.co.jp/image/tr/api/re/IdsCY/?f_no=183253&f_syu=dormitory&f_hi1=2026-07-22&f_hi2=2026-07-23&f_heya_su=1&f_otona_su=1&f_s1=0&f_s2=0&f_y1=0&f_y2=0&f_y3=0&f_y4=0&f_camp_id=5241271,0,2026-07-22,5913,5913,0,2026-07-22,seibu
166945,ランドーホテル福岡,https://img.travel.rakuten.co.jp/image/tr/api/re/pvonD/?f_no=166945,https://img.travel.rakuten.co.jp/image/tr/api/re/vFumt/?f_no=166945&f_flg=PLAN,https://img.travel.rakuten.co.jp/image/tr/api/re/WzozX/?noTomariHotel=166945,https://img.travel.rakuten.co.jp/image/tr/api/re/gJNfM/?f_hotel_no=166945,らんどーほてる　ふくおか,多彩なカラースキームとこだわりの家具を全室に施したデザイナーズホテル　全室にバルコニーを完備,5000,120883.36,469481.95,810-0005,福岡県,福岡市中央区清川1-2-3,0925265231,03-5615-2997,博多駅から10分毎にバスが出発しております。5分ほどバスに揺られ「柳橋」で下車後徒歩2分ほどでご到着です。,駐車場のご用意はございません。近隣のパーキングをご利用くださいませ。,,https://img.travel.rakuten.co.jp/share/HOTEL/166945/166945.jpg,https://img.travel.rakuten.co.jp/HIMG/90/166945.jpg,,,https://img.travel.rakuten.co.jp/share/HOTEL/166945/166945map.gif,61.0,4.43,"マリンメッセ福岡でのライブ遠征のため利用しました。夜遅くに帰ってきてわざわざ大通りに出なくても周りにラーメン屋や居酒屋、タピオカ屋、コンビ二が複数件あり大変助かりました。部屋には浴室の衣類乾燥しかなく…　2026-06-19 23:03:03投稿 <a href=""https://img.travel.rakuten.co.jp/image/tr/api/re/gJNfM/?f_hotel_no=166945"" class=""3click"">つづきはこちら</a>",whitefam,1ベッドルームホワイトファミリースイート/40平米,4927495.0,【全室バルコニー完備】【返金不可】　生活家電とキッチン完備の客室で自炊を満喫♪,1,0,0,0,0,2,https://img.travel.rakuten.co.jp/image/tr/api/re/IdsCY/?f_no=166945&f_syu=whitefam&f_hi1=2026-07-22&f_hi2=2026-07-23&f_heya_su=1&f_otona_su=1&f_s1=0&f_s2=0&f_y1=0&f_y2=0&f_y3=0&f_y4=0&f_camp_id=4927495,0,2026-07-22,25000,25000,0,2026-07-22,seibu
197953,２－ｔｉｍｅｓ．Ｄｏｍｉｔｏｒｙ　Ｈｏｔｅｌ,https://img.travel.rakuten.co.jp/image/tr/api/re/pvonD/?f_no=197953,https://img.travel.rakuten.co.jp/image/tr/api/re/vFumt/?f_no=197953&f_flg=PLAN,,https://img.travel.rakuten.co.jp/image/tr/api/re/gJNfM/?f_hotel_no=197953,つーたいむすどみとりーほてる,糸島 駅近 最安値　筑前前原駅から徒歩３分　漆喰調のオシャレな施設　,4700,120799.02,468726.81,819-1116,福岡県,糸島市前原中央2-4-16,070-3763-2669,--,筑前前原駅より徒歩3分,なし,筑前前原,https://img.travel.rakuten.co.jp/share/HOTEL/197953/197953.jpg,https://img.travel.rakuten.co.jp/HIMG/90/197953.jpg,,,https://img.travel.rakuten.co.jp/share/HOTEL/197953/197953map.gif,10.0,3.4,,2,【女性専用】２段ベッド１名分（寝室・バス・トイレ共用）,6365533.0,【女性専用】２段ベッド１名分,1,0,0,0,0,2,https://img.travel.rakuten.co.jp/image/tr/api/re/IdsCY/?f_no=197953&f_syu=2&f_hi1=2026-07-22&f_hi2=2026-07-23&f_heya_su=1&f_otona_su=1&f_s1=0&f_s2=0&f_y1=0&f_y2=0&f_y3=0&f_y4=0&f_camp_id=6365533,0,2026-07-22,4700,4700,0,2026-07-22,seibu
197737,Ａｓｕｉｔｅ　Ｈａｋａｔａ　ｂｙ　ＡＳＵＭＩＲＵ,https://img.travel.rakuten.co.jp/image/tr/api/re/pvonD/?f_no=197737,https://img.travel.rakuten.co.jp/image/tr/api/re/vFumt/?f_no=197737&f_flg=PLAN,,https://img.travel.rakuten.co.jp/image/tr/api/re/gJNfM/?f_hotel_no=197737,えいすいーとはかたばいあすみる,行きたい場所がすべて近くにある、モダン＆快適なデザインホテル！天神南駅から徒歩4分！,6448,120909.0,469468.61,810-0003,福岡県,福岡市中央区春吉3-22-1,050-5482-3715,050-3588-6542,地下鉄天神南駅から徒歩で約4分、福岡空港から地下鉄で約20分,なし,天神,https://img.travel.rakuten.co.jp/share/HOTEL/197737/197737.jpg,https://img.travel.rakuten.co.jp/HIMG/90/197737.jpg,,,https://img.travel.rakuten.co.jp/share/HOTEL/197737/197737map.gif,5.0,3.8,,asm0001,ツインルーム バスタブ付,6336901.0,【返金不可／素泊まり】キャンセル不可だからオトク！予定が決まった方はこちら♪,1,0,0,0,0,2,https://img.travel.rakuten.co.jp/image/tr/api/re/IdsCY/?f_no=197737&f_syu=asm0001&f_hi1=2026-07-22&f_hi2=2026-07-23&f_heya_su=1&f_otona_su=1&f_s1=0&f_s2=0&f_y1=0&f_y2=0&f_y3=0&f_y4=0&f_camp_id=6336901,0,2026-07-22,20644,20644,0,2026-07-22,seibu
184507,クロスライフ博多天神（オリックスホテルズ＆リゾーツ）,https://img.travel.rakuten.co.jp/image/tr/api/re/pvonD/?f_no=184507,https://img.travel.rakuten.co.jp/image/tr/api/re/vFumt/?f_no=184507&f_flg=PLAN,https://img.travel.rakuten.co.jp/image/tr/api/re/WzozX/?noTomariHotel=184507,https://img.travel.rakuten.co.jp/image/tr/api/re/gJNfM/?f_hotel_no=184507,くろすらいふはかたてんじん（おりっくすほてるず＆りぞーと）,【地下鉄七隈線「天神南」駅 6番出口より徒歩7分】、【大浴場・サウナ】【スマートTV】完備。,8100,120904.02,469472.41,810-0003,福岡県,福岡市中央区春吉3-26-30,092-733-0130,092-733-8780,・地下鉄七隈線「天神南」駅 6番出口より徒歩7分,有り　22台　1700円（税込み／泊）　要予約,天神,https://img.travel.rakuten.co.jp/share/HOTEL/184507/184507.jpg,https://img.travel.rakuten.co.jp/HIMG/90/184507.jpg,,,https://img.travel.rakuten.co.jp/share/HOTEL/184507/184507map.gif,127.0,4.32,"アクセスも良く、部屋も綺麗で、お風呂もあって、すごくよかったです！　2026-07-15 08:28:10投稿 <a href=""https://img.travel.rakuten.co.jp/image/tr/api/re/gJNfM/?f_hotel_no=184507"" class=""3click"">つづきはこちら</a>",01,コンフォートダブル,5944205.0,【返金不可】素泊まり ドリンクチケット付き,1,0,0,0,0,2,https://img.travel.rakuten.co.jp/image/tr/api/re/IdsCY/?f_no=184507&f_syu=01&f_hi1=2026-07-22&f_hi2=2026-07-23&f_heya_su=1&f_otona_su=1&f_s1=0&f_s2=0&f_y1=0&f_y2=0&f_y3=0&f_y4=0&f_camp_id=5944205,0,2026-07-22,29150,29150,0,2026-07-22,seibu
192933,Ｈｏｓｔｅｌ　ＳＴＡＮＤ　ＢＹ　ＭＥ,https://img.travel.rakuten.co.jp/image/tr/api/re/pvonD/?f_no=192933,https://img.travel.rakuten.co.jp/image/tr/api/re/vFumt/?f_no=192933&f_flg=PLAN,,https://img.travel.rakuten.co.jp/image/tr/api/re/gJNfM/?f_hotel_no=192933,ほすてるすたんどばいみー,『泊まれる立ち飲み』をコンセプトに人と人が出会い、関わり、体験し、感動する場を創ります。,3500,120910.66,469394.48,810-0074,福岡県,福岡市中央区大手門1-3-22　坂田ビル,080-6427-7226,000-000-0000,地下鉄大濠公園駅下車 徒歩約６分 地下鉄赤坂駅下車 徒歩約７分,無し(近隣のコインパーキングにてお願いします),大濠公園,https://img.travel.rakuten.co.jp/share/HOTEL/192933/192933.jpg,https://img.travel.rakuten.co.jp/HIMG/90/192933.jpg,,,https://img.travel.rakuten.co.jp/share/HOTEL/192933/192933map.gif,11.0,3.18,,002,女性専用ドミトリー,,,1,0,0,0,0,2,https://img.travel.rakuten.co.jp/image/tr/api/re/IdsCY/?f_no=192933&f_syu=002&f_hi1=2026-07-22&f_hi2=2026-07-23&f_heya_su=1&f_otona_su=1&f_s1=0&f_s2=0&f_y1=0&f_y2=0&f_y3=0&f_y4=0,1,2026-07-22,3500,3500,0,2026-07-22,seibu
197412,ＢＡＮＤ　ＨＯＴＥＬ　ＨＡＫＡＴＡ,https://img.travel.rakuten.co.jp/image/tr/api/re/pvonD/?f_no=197412,https://img.travel.rakuten.co.jp/image/tr/api/re/vFumt/?f_no=197412&f_flg=PLAN,https://img.travel.rakuten.co.jp/image/tr/api/re/WzozX/?noTomariHotel=197412,https://img.travel.rakuten.co.jp/image/tr/api/re/gJNfM/?f_hotel_no=197412,ばんど　ほてる　はかた,「つながる旅、響き合う心。BAND HOTEL。」,8400,120905.82,469479.9,810-0003,福岡県,福岡市中央区春吉2-4-14,092-401-0612,092-401-0613,中洲川端・櫛田神社前・天神南・博多駅より徒歩10～18分,なし,中洲川端,https://img.travel.rakuten.co.jp/share/HOTEL/197412/197412.jpg,https://img.travel.rakuten.co.jp/HIMG/90/197412.jpg,,,https://img.travel.rakuten.co.jp/share/HOTEL/197412/197412map.gif,4.0,,,stdtwnrv,スタンダードツイン　リバービュー,6302483.0,シンプルステイ（3泊につき1回の簡易清掃あり),1,0,0,0,0,1,https://img.travel.rakuten.co.jp/image/tr/api/re/IdsCY/?f_no=197412&f_syu=stdtwnrv&f_hi1=2026-07-22&f_hi2=2026-07-23&f_heya_su=1&f_otona_su=1&f_s1=0&f_s2=0&f_y1=0&f_y2=0&f_y3=0&f_y4=0&f_camp_id=6302483,0,2026-07-22,36000,36000,0,2026-07-22,seibu
200640,生の松原ハイツ／民泊,https://img.travel.rakuten.co.jp/image/tr/api/re/pvonD/?f_no=200640,https://img.travel.rakuten.co.jp/image/tr/api/re/vFumt/?f_no=200640&f_flg=PLAN,,https://img.travel.rakuten.co.jp/image/tr/api/re/gJNfM/?f_hotel_no=200640,,＊202＊「生の松原海岸」に隣接！海と森林を同時に楽しめる場所！,4447,120885.06,469104.44,819-0055,福岡県,福岡市西区生の松原1-19-5　生の松原ハイツ,090-2084-2554,00-0000-0000,下山門駅から徒歩で2分,なし,下山門,https://img.travel.rakuten.co.jp/share/HOTEL/200640/200640.jpg,https://img.travel.rakuten.co.jp/HIMG/90/200640.jpg,,,https://img.travel.rakuten.co.jp/share/HOTEL/200640/200640map.gif,,,,r23087_3,生の松原ハイツ 202号,6547355.0,202「生の松原海岸」に隣接!海と森林を同時に楽しめる場所!,1,0,0,0,0,2,https://img.travel.rakuten.co.jp/image/tr/api/re/IdsCY/?f_no=200640&f_syu=r23087_3&f_hi1=2026-07-22&f_hi2=2026-07-23&f_heya_su=1&f_otona_su=1&f_s1=0&f_s2=0&f_y1=0&f_y2=0&f_y3=0&f_y4=0&f_camp_id=6547355,0,2026-07-22,12180,12180,0,2026-07-22,seibu
194729,四季の庵／民泊,https://img.travel.rakuten.co.jp/image/tr/api/re/pvonD/?f_no=194729,https://img.travel.rakuten.co.jp/image/tr/api/re/vFumt/?f_no=194729&f_flg=PLAN,,https://img.travel.rakuten.co.jp/image/tr/api/re/gJNfM/?f_hotel_no=194729,,日本に数人しかいない職人が手掛けた古民家風木造の施設になります。【民泊】,16008,120616.85,468813.44,819-1145,福岡県,糸島市雷山1021　四季の庵,070-4732-0719,000-000-0000,美咲が丘駅から車で約１３分,有り,美咲が丘,https://img.travel.rakuten.co.jp/share/HOTEL/194729/194729.jpg,https://img.travel.rakuten.co.jp/HIMG/90/194729.jpg,,,https://img.travel.rakuten.co.jp/share/HOTEL/194729/194729map.gif,,,,r19533_15,四季の庵 糸島,6274260.0,大自然のパノラマ露天風呂!!駐車場5台以上、サウナ、専用BBQ施設ペット可,1,0,0,0,0,2,https://img.travel.rakuten.co.jp/image/tr/api/re/IdsCY/?f_no=194729&f_syu=r19533_15&f_hi1=2026-07-22&f_hi2=2026-07-23&f_heya_su=1&f_otona_su=1&f_s1=0&f_s2=0&f_y1=0&f_y2=0&f_y3=0&f_y4=0&f_camp_id=6274260,0,2026-07-22,52780,52780,0,2026-07-22,seibu
194510,ＣＡＳＡ　ｄｉ　ＰＡＬＭＥ　ＩＴＯＳＨＩＭＡ　（南国風グランピング施設）／民泊,https://img.travel.rakuten.co.jp/image/tr/api/re/pvonD/?f_no=194510,https://img.travel.rakuten.co.jp/image/tr/api/re/vFumt/?f_no=194510&f_flg=PLAN,,https://img.travel.rakuten.co.jp/image/tr/api/re/gJNfM/?f_hotel_no=194510,,開放感あふれる南国リゾート風の癒し空間ーペット同伴ＯＫ！　【民泊】,7424,120908.58,468441.08,819-1335,福岡県,糸島市志摩芥屋121-11　ＣＡＳＡ　ｄｉ　ＰＡＬＭＥ　　ＩＴＯＳＨＩＭＡ,090-9592-3554,000-000-0000,加布里駅から車で約１５分,有り,加布里,https://img.travel.rakuten.co.jp/share/HOTEL/194510/194510.jpg,https://img.travel.rakuten.co.jp/HIMG/90/194510.jpg,,,https://img.travel.rakuten.co.jp/share/HOTEL/194510/194510map.gif,2.0,,,r19268_6,CASA di PALME ITOSHIMA,6248752.0,ペットと同伴でBBQ、アウトドアが楽しめるグランピング施設,1,0,0,0,0,2,https://img.travel.rakuten.co.jp/image/tr/api/re/IdsCY/?f_no=194510&f_syu=r19268_6&f_hi1=2026-07-22&f_hi2=2026-07-23&f_heya_su=1&f_otona_su=1&f_s1=0&f_s2=0&f_y1=0&f_y2=0&f_y3=0&f_y4=0&f_camp_id=6248752,0,2026-07-22,40600,40600,0,2026-07-22,seibu
194737,ｋｉｍｉｘ２０３／民泊,https://img.travel.rakuten.co.jp/image/tr/api/re/pvonD/?f_no=194737,https://img.travel.rakuten.co.jp/image/tr/api/re/vFumt/?f_no=194737&f_flg=PLAN,,https://img.travel.rakuten.co.jp/image/tr/api/re/gJNfM/?f_hotel_no=194737,,福岡市でも人気のある浄水通りの静かな住宅街に佇む、アンティーク家具とこだわりの雑貨に囲まれた【民泊】,12760,120859.72,469426.73,810-0028,福岡県,福岡市中央区浄水通2-11　ＪＯＳＵＩ　ＢＡＳＥ　203,092-401-1267,000-000-0000,薬院大通駅から徒歩で約２分,無し,薬院,https://img.travel.rakuten.co.jp/share/HOTEL/194737/194737.jpg,https://img.travel.rakuten.co.jp/HIMG/90/194737.jpg,,,https://img.travel.rakuten.co.jp/share/HOTEL/194737/194737map.gif,,,,r19557_2,kimix203,6274269.0,人気の浄水通りにある隠れ家。「教会前」バス停近く。天神、博多駅にもアクセス良し。,1,0,0,0,0,2,https://img.travel.rakuten.co.jp/image/tr/api/re/IdsCY/?f_no=194737&f_syu=r19557_2&f_hi1=2026-07-22&f_hi2=2026-07-23&f_heya_su=1&f_otona_su=1&f_s1=0&f_s2=0&f_y1=0&f_y2=0&f_y3=0&f_y4=0&f_camp_id=6274269,0,2026-07-22,25520,25520,0,2026-07-22,seibu
179190,ガーデンテラス福岡ホテル＆リゾート,https://img.travel.rakuten.co.jp/image/tr/api/re/pvonD/?f_no=179190,https://img.travel.rakuten.co.jp/image/tr/api/re/vFumt/?f_no=179190&f_flg=PLAN,https://img.travel.rakuten.co.jp/image/tr/api/re/WzozX/?noTomariHotel=179190,https://img.travel.rakuten.co.jp/image/tr/api/re/gJNfM/?f_hotel_no=179190,がーでんてらすふくおかほてるあんどりぞーと,■全室ジャグジー付スイート／ワインやカクテルなどを取り揃えた宿泊者専用クラブラウンジ■～自由を愉しむ上質のホテルステイ～,16000,120928.11,469153.76,819-0001,福岡県,福岡市西区小戸2-3-55,092-881-0067,092-881-0066,姪浜駅よりお車にて約５分／福岡空港よりお車にて約３０分,有り　５０台　無料　先着順,姪浜,https://img.travel.rakuten.co.jp/share/HOTEL/179190/179190.jpg,https://img.travel.rakuten.co.jp/HIMG/90/179190.jpg,https://img.travel.rakuten.co.jp/share/HOTEL/179190/179190_kan1.jpg,https://img.travel.rakuten.co.jp/HIMG/INTERIOR/179190.jpg,https://img.travel.rakuten.co.jp/share/HOTEL/179190/179190map.gif,227.0,4.55,"部屋のアニメティや、サービスも充実していて、ラウンジのケーキやドリンクも美味しか…　2026-07-19 23:43:21投稿 <a href=""https://img.travel.rakuten.co.jp/image/tr/api/re/gJNfM/?f_hotel_no=179190"" class=""3click"">つづきはこちら</a>",yd04,おまかせ客室｜ジャグジー付,5561786.0,【直前割／30％OFF】＜素泊まり＞ 自由を愉しむ都会のオアシスステイ,1,0,0,0,0,1,https://img.travel.rakuten.co.jp/image/tr/api/re/IdsCY/?f_no=179190&f_syu=yd04&f_hi1=2026-07-22&f_hi2=2026-07-23&f_heya_su=1&f_otona_su=1&f_s1=0&f_s2=0&f_y1=0&f_y2=0&f_y3=0&f_y4=0&f_camp_id=5561786,0,2026-07-22,63900,63900,0,2026-07-22,seibu
187405,ザ・リッツ・カールトン福岡,https://img.travel.rakuten.co.jp/image/tr/api/re/pvonD/?f_no=187405,https://img.travel.rakuten.co.jp/image/tr/api/re/vFumt/?f_no=187405&f_flg=PLAN,https://img.travel.rakuten.co.jp/image/tr/api/re/WzozX/?noTomariHotel=187405,https://img.travel.rakuten.co.jp/image/tr/api/re/gJNfM/?f_hotel_no=187405,ざ・りっつ・かーるとんふくおか,23年6月開業。福岡の中心部に、6つのダイニングとバー、スパ、クラブラウンジを備えたラグジュアリーホテルが誕生。,50179,120910.77,469429.68,810-0041,福岡県,福岡市中央区大名2-6-50 福岡大名ガーデンシティ,092-401-8888,092-401-8889,地下鉄空港線「天神駅」から徒歩５分　または　「福岡空港」からお車にて約１５分,有り　100台　3000円（税込み／泊）　先着順,天神,https://img.travel.rakuten.co.jp/share/HOTEL/187405/187405.jpg,https://img.travel.rakuten.co.jp/HIMG/90/187405.jpg,,,https://img.travel.rakuten.co.jp/share/HOTEL/187405/187405map.gif,37.0,4.57,"ヒートエクスペリエンスのサウナは男女別でした。　2026-07-14 18:56:52投稿 <a href=""https://img.travel.rakuten.co.jp/image/tr/api/re/gJNfM/?f_hotel_no=187405"" class=""3click"">つづきはこちら</a>",cddb,クラブデラックスダブル 福岡スカイライン,,,1,0,0,1,0,2,https://img.travel.rakuten.co.jp/image/tr/api/re/IdsCY/?f_no=187405&f_syu=cddb&f_hi1=2026-07-22&f_hi2=2026-07-23&f_heya_su=1&f_otona_su=1&f_s1=0&f_s2=0&f_y1=0&f_y2=0&f_y3=0&f_y4=0,1,2026-07-22,202400,202400,0,2026-07-22,seibu
191720,ロイズ博多　ＬＬＯＹＤ＇ｓ　ＨＡＫＡＴＡ,https://img.travel.rakuten.co.jp/image/tr/api/re/pvonD/?f_no=191720,https://img.travel.rakuten.co.jp/image/tr/api/re/vFumt/?f_no=191720&f_flg=PLAN,,https://img.travel.rakuten.co.jp/image/tr/api/re/gJNfM/?f_hotel_no=191720,ろいずはかた,地下鉄空港線「中洲川端駅」より徒歩３分！福岡空港から乗り換え要らずの好立地！,99999,120925.5,469476.53,812-0026,福岡県,福岡市博多区上川端町10-255,092-753-6509,000-000-0000,地下鉄中洲川端駅より徒歩約３分,無し,中洲川端,https://img.travel.rakuten.co.jp/share/HOTEL/191720/191720.jpg,https://img.travel.rakuten.co.jp/HIMG/90/191720.jpg,,,https://img.travel.rakuten.co.jp/share/HOTEL/191720/191720map.gif,11.0,3.91,,kawabata62,1LDK  タイプF,,,1,0,0,0,0,2,https://img.travel.rakuten.co.jp/image/tr/api/re/IdsCY/?f_no=191720&f_syu=kawabata62&f_hi1=2026-07-22&f_hi2=2026-07-23&f_heya_su=1&f_otona_su=1&f_s1=0&f_s2=0&f_y1=0&f_y2=0&f_y3=0&f_y4=0,1,2026-07-22,99999,99999,0,2026-07-22,seibu
163011,Ａ　ＧＯＯＤ　ＤＡＹ　ＦＵＫＵＯＫＡ　ＲＩＶＥＲＳＩＤＥ,https://img.travel.rakuten.co.jp/image/tr/api/re/pvonD/?f_no=163011,https://img.travel.rakuten.co.jp/image/tr/api/re/vFumt/?f_no=163011&f_flg=PLAN,https://img.travel.rakuten.co.jp/image/tr/api/re/WzozX/?noTomariHotel=163011,https://img.travel.rakuten.co.jp/image/tr/api/re/gJNfM/?f_hotel_no=163011,あ　ぐっど　でい　ふくおか　りばーさいど,ゆったりとくつろげるアパートメントホテルでご機嫌な１日を！,4028,120894.89,469480.34,810-0003,福岡県,福岡市中央区春吉1-11-36　ＳＴビル,092-292-1015, ,地下鉄渡辺通駅より徒歩約7分、福岡空港よりタクシー20分、博多駅よりタクシー10分またはバス 5分,駐車場はございません。 近隣にコインパーキングがございますのでご利用ください。,,https://img.travel.rakuten.co.jp/share/HOTEL/163011/163011.jpg,https://img.travel.rakuten.co.jp/HIMG/90/163011.jpg,,,https://img.travel.rakuten.co.jp/share/HOTEL/163011/163011map.gif,95.0,3.78,"主要エリアはいずれも徒歩圏内です。観光・買…　2026-07-14 17:47:01投稿 <a href=""https://img.travel.rakuten.co.jp/image/tr/api/re/gJNfM/?f_hotel_no=163011"" class=""3click"">つづきはこちら</a>",sdr501,スイートダブルルーム,6261232.0,キャンセル不可だからオトク！予定が決まった方はこちら♪,1,0,0,0,0,2,https://img.travel.rakuten.co.jp/image/tr/api/re/IdsCY/?f_no=163011&f_syu=sdr501&f_hi1=2026-07-22&f_hi2=2026-07-23&f_heya_su=1&f_otona_su=1&f_s1=0&f_s2=0&f_y1=0&f_y2=0&f_y3=0&f_y4=0&f_camp_id=6261232,0,2026-07-22,17119,17119,0,2026-07-22,seibu
168669,ＨＯＴＥＬ　粋－ｓｕｉ－　ＨＡＲＵＹＯＳＨＩ,https://img.travel.rakuten.co.jp/image/tr/api/re/pvonD/?f_no=168669,https://img.travel.rakuten.co.jp/image/tr/api/re/vFumt/?f_no=168669&f_flg=PLAN,https://img.travel.rakuten.co.jp/image/tr/api/re/WzozX/?noTomariHotel=168669,https://img.travel.rakuten.co.jp/image/tr/api/re/gJNfM/?f_hotel_no=168669,ほてるすいはるよし,キャナルシティ博多まで7分、西鉄福岡（天神）駅まで10分！グループ・家族旅行におすすめのリビングスペース！,2167,120900.08,469472.76,810-0003,福岡県,福岡市中央区春吉2-10-1,092-409-4892, ,博多駅からはバスで「春吉」「渡辺通り2丁目」で下車後徒歩5分。天神からは徒歩10分、キャナルシティ博多へは徒歩7分。,専用駐車場・提携駐車場はございません。 公式サイトから、近隣のコインパーキングをご確認下さい。,,https://img.travel.rakuten.co.jp/share/HOTEL/168669/168669.jpg,https://img.travel.rakuten.co.jp/HIMG/90/168669.jpg,https://img.travel.rakuten.co.jp/share/HOTEL/168669/168669_kan1.jpg,https://img.travel.rakuten.co.jp/HIMG/INTERIOR/168669.jpg,https://img.travel.rakuten.co.jp/share/HOTEL/168669/168669map.gif,23.0,4.25,"予約時に登録したメールアドレスにチエックイン時に必要なログイン番号な…　2025-12-20 02:28:18投稿 <a href=""https://img.travel.rakuten.co.jp/image/tr/api/re/gJNfM/?f_hotel_no=168669"" class=""3click"">つづきはこちら</a>",dhito1,デラックスD,5932492.0,【素泊まり】スタンダードプラン「迷ったらコレ！」,1,0,0,0,0,2,https://img.travel.rakuten.co.jp/image/tr/api/re/IdsCY/?f_no=168669&f_syu=dhito1&f_hi1=2026-07-22&f_hi2=2026-07-23&f_heya_su=1&f_otona_su=1&f_s1=0&f_s2=0&f_y1=0&f_y2=0&f_y3=0&f_y4=0&f_camp_id=5932492,0,2026-07-22,15300,15300,0,2026-07-22,seibu
179866,ランドーホテル福岡アネックス,https://img.travel.rakuten.co.jp/image/tr/api/re/pvonD/?f_no=179866,https://img.travel.rakuten.co.jp/image/tr/api/re/vFumt/?f_no=179866&f_flg=PLAN,https://img.travel.rakuten.co.jp/image/tr/api/re/WzozX/?noTomariHotel=179866,https://img.travel.rakuten.co.jp/image/tr/api/re/gJNfM/?f_hotel_no=179866,らんどーほてるふくおかあねっくす,全室30平米以上の客室には家電キッチンバルコニーを完備　スマートロックとiPadを活用したチェックインでスムーズに入室,5000,120865.01,469454.62,810-0014,福岡県,福岡市中央区平尾1-11-7,092-526-5231,03-5615-2997,平尾駅,駐車場のご用意はございません。近隣のパーキングをご利用くださいませ。,西鉄平尾,https://img.travel.rakuten.co.jp/share/HOTEL/179866/179866.jpg,https://img.travel.rakuten.co.jp/HIMG/90/179866.jpg,,,https://img.travel.rakuten.co.jp/share/HOTEL/179866/179866map.gif,43.0,4.2,"部屋も広く子供連れでも過ごしやすかったです。　2026-05-30 23:01:02投稿 <a href=""https://img.travel.rakuten.co.jp/image/tr/api/re/gJNfM/?f_hotel_no=179866"" class=""3click"">つづきはこちら</a>",shin,最上階 プレジデンシャルペントハウス-信-,5060661.0,【一日一組限定】【最上階60平米ペントハウス確約】【返金不可】非日常を味わえる最上級の寛ぎを♪,1,0,0,0,0,2,https://img.travel.rakuten.co.jp/image/tr/api/re/IdsCY/?f_no=179866&f_syu=shin&f_hi1=2026-07-22&f_hi2=2026-07-23&f_heya_su=1&f_otona_su=1&f_s1=0&f_s2=0&f_y1=0&f_y2=0&f_y3=0&f_y4=0&f_camp_id=5060661,0,2026-07-22,28000,28000,0,2026-07-22,seibu
196419,博多の旅籠　すノや,https://img.travel.rakuten.co.jp/image/tr/api/re/pvonD/?f_no=196419,https://img.travel.rakuten.co.jp/image/tr/api/re/vFumt/?f_no=196419&f_flg=PLAN,,https://img.travel.rakuten.co.jp/image/tr/api/re/gJNfM/?f_hotel_no=196419,はかたのはたご　すのや,博多の須崎町を楽しむスマートステイ,3976,120937.82,469459.78,812-0028,福岡県,福岡市博多区須崎町6-5,070-5697-6932,092-510-1979,中洲川端駅から徒歩で約６分,無し,中洲川端,https://img.travel.rakuten.co.jp/share/HOTEL/196419/196419.jpg,https://img.travel.rakuten.co.jp/HIMG/90/196419.jpg,,,https://img.travel.rakuten.co.jp/share/HOTEL/196419/196419map.gif,,,,sauna,【プライベートサウナ付き】フォーベッド,6247379.0,【スタンダードプラン】歴史息づく博多の街でおトクな旅を,1,0,0,0,0,1,https://img.travel.rakuten.co.jp/image/tr/api/re/IdsCY/?f_no=196419&f_syu=sauna&f_hi1=2026-07-22&f_hi2=2026-07-23&f_heya_su=1&f_otona_su=1&f_s1=0&f_s2=0&f_y1=0&f_y2=0&f_y3=0&f_y4=0&f_camp_id=6247379,0,2026-07-22,29802,29802,0,2026-07-22,seibu
164818,ゲストハウスやすらぎ,https://img.travel.rakuten.co.jp/image/tr/api/re/pvonD/?f_no=164818,https://img.travel.rakuten.co.jp/image/tr/api/re/vFumt/?f_no=164818&f_flg=PLAN,,https://img.travel.rakuten.co.jp/image/tr/api/re/gJNfM/?f_hotel_no=164818,やすらぎ,～福岡市内のゲストハウス～館内全域に無料Ｗｉ－Ｆｉをご提供♪館内には共用バスルーム・ラウンジあり！,2700,120921.05,469484.93,812-0026,福岡県,福岡市博多区上川端町4-205　平田ビル3Ｆ,090-3447-9739,000-000-0000,祇園駅より徒歩にて約５分,無し,祇園（福岡）,https://img.travel.rakuten.co.jp/share/HOTEL/164818/164818.jpg,https://img.travel.rakuten.co.jp/HIMG/90/164818.jpg,https://img.travel.rakuten.co.jp/share/HOTEL/164818/164818_kan1.jpg,https://img.travel.rakuten.co.jp/HIMG/INTERIOR/164818.jpg,https://img.travel.rakuten.co.jp/share/HOTEL/164818/164818map.gif,7.0,3.0,,forth,ドミトリー,,,1,0,0,0,0,1,https://img.travel.rakuten.co.jp/image/tr/api/re/IdsCY/?f_no=164818&f_syu=forth&f_hi1=2026-07-22&f_hi2=2026-07-23&f_heya_su=1&f_otona_su=1&f_s1=0&f_s2=0&f_y1=0&f_y2=0&f_y3=0&f_y4=0,1,2026-07-22,2700,2700,0,2026-07-22,seibu
198823,Ｆａｍ　Ｈｏｔｅｌ　Ｉｍａｉｚｕｍｉ,https://img.travel.rakuten.co.jp/image/tr/api/re/pvonD/?f_no=198823,https://img.travel.rakuten.co.jp/image/tr/api/re/vFumt/?f_no=198823&f_flg=PLAN,,https://img.travel.rakuten.co.jp/image/tr/api/re/gJNfM/?f_hotel_no=198823,ふぁむ　ほてる　いまいずみ,新築2階建てホテルが誕生！,2380,120894.23,469442.16,810-0021,福岡県,福岡市中央区今泉1-18-19,092-409-4892,092-401-1057,西鉄天神駅から徒歩8分,なし,天神,https://img.travel.rakuten.co.jp/share/HOTEL/198823/198823.jpg,https://img.travel.rakuten.co.jp/HIMG/90/198823.jpg,,,https://img.travel.rakuten.co.jp/share/HOTEL/198823/198823map.gif,4.0,,,ahito,ファミリースイートA,6432937.0,【素泊まり】スタンダードプラン「迷ったらコレ！」,1,0,0,0,0,2,https://img.travel.rakuten.co.jp/image/tr/api/re/IdsCY/?f_no=198823&f_syu=ahito&f_hi1=2026-07-22&f_hi2=2026-07-23&f_heya_su=1&f_otona_su=1&f_s1=0&f_s2=0&f_y1=0&f_y2=0&f_y3=0&f_y4=0&f_camp_id=6432937,0,2026-07-22,15601,15601,0,2026-07-22,seibu
194536,Ｍａｉｓｏｎ　Ｙｏｔｓｕｋｕｒｏ　＾,https://img.travel.rakuten.co.jp/image/tr/api/re/pvonD/?f_no=194536,https://img.travel.rakuten.co.jp/image/tr/api/re/vFumt/?f_no=194536&f_flg=PLAN,,https://img.travel.rakuten.co.jp/image/tr/api/re/gJNfM/?f_hotel_no=194536,,Ｍａｉｓｏｎ　Ｙｏｔｓｕｋｕｒｏ　は、活気あふれる商店街の中に佇むユニークな民泊施設です。,4246,120888.45,469479.26,810-0003,福岡県,福岡市中央区春吉1-3-12　Ｍａｉｓｏｎ　Ｙｏｔｓｕｋｕｒｏ,080-3188-3570,000-000-0000,渡辺通駅から徒歩で約４分,無し,薬院,https://img.travel.rakuten.co.jp/share/HOTEL/194536/194536.jpg,https://img.travel.rakuten.co.jp/HIMG/90/194536.jpg,,,https://img.travel.rakuten.co.jp/share/HOTEL/194536/194536map.gif,1.0,,,1236360_5,一戸建て,6248788.0,市場内に住む、非日常の体験を味わえる施設です。,1,0,0,0,0,2,https://img.travel.rakuten.co.jp/image/tr/api/re/IdsCY/?f_no=194536&f_syu=1236360_5&f_hi1=2026-07-22&f_hi2=2026-07-23&f_heya_su=1&f_otona_su=1&f_s1=0&f_s2=0&f_y1=0&f_y2=0&f_y3=0&f_y4=0&f_camp_id=6248788,0,2026-07-22,21228,21228,0,2026-07-22,seibu
190906,ヴィレッタ平和１０１／民泊,https://img.travel.rakuten.co.jp/image/tr/api/re/pvonD/?f_no=190906,https://img.travel.rakuten.co.jp/image/tr/api/re/vFumt/?f_no=190906&f_flg=PLAN,,https://img.travel.rakuten.co.jp/image/tr/api/re/gJNfM/?f_hotel_no=190906,,福岡市中央区平和に位置する当施設は、各スペースに扉がないオープンレイアウトで、大人数でも快適【民泊】,4640,120829.22,469436.91,810-0016,福岡県,福岡市中央区平和3-8-16　ヴィレッタ平和101号室,080-1794-8140,000-000-0000,西鉄平尾駅から徒歩で約４分,無し,西鉄平尾,https://img.travel.rakuten.co.jp/share/HOTEL/190906/190906.jpg,https://img.travel.rakuten.co.jp/HIMG/90/190906.jpg,,,https://img.travel.rakuten.co.jp/share/HOTEL/190906/190906map.gif,,,,r17864_6,ヴィレッタ平和101,6108470.0,グループ旅行に最適!最大6名収容の広々空間。ヴィレッタ平和101,1,0,0,0,0,2,https://img.travel.rakuten.co.jp/image/tr/api/re/IdsCY/?f_no=190906&f_syu=r17864_6&f_hi1=2026-07-22&f_hi2=2026-07-23&f_heya_su=1&f_otona_su=1&f_s1=0&f_s2=0&f_y1=0&f_y2=0&f_y3=0&f_y4=0&f_camp_id=6108470,0,2026-07-22,23200,23200,0,2026-07-22,seibu
194806,ヴィレッタ平和１０２／民泊,https://img.travel.rakuten.co.jp/image/tr/api/re/pvonD/?f_no=194806,https://img.travel.rakuten.co.jp/image/tr/api/re/vFumt/?f_no=194806&f_flg=PLAN,,https://img.travel.rakuten.co.jp/image/tr/api/re/gJNfM/?f_hotel_no=194806,,福岡市中央区平和に位置する当施設は、各スペースに扉がないオープンレイアウトで、広々とした空間【民泊】,4640,120829.22,469436.91,810-0016,福岡県,福岡市中央区平和3-8-16　ヴィレッタ平和102号室,080-1794-8140,000-000-0000,西鉄平尾駅から徒歩で約４分,無し,西鉄平尾,https://img.travel.rakuten.co.jp/share/HOTEL/194806/194806.jpg,https://img.travel.rakuten.co.jp/HIMG/90/194806.jpg,,,https://img.travel.rakuten.co.jp/share/HOTEL/194806/194806map.gif,,,,r17746_6,ヴィレッタ平和102号室,6290226.0,広々70m2で6名まで宿泊可能!洗濯機&洗濯乾燥機備。ヴィレッタ平和102,1,0,0,0,0,2,https://img.travel.rakuten.co.jp/image/tr/api/re/IdsCY/?f_no=194806&f_syu=r17746_6&f_hi1=2026-07-22&f_hi2=2026-07-23&f_heya_su=1&f_otona_su=1&f_s1=0&f_s2=0&f_y1=0&f_y2=0&f_y3=0&f_y4=0&f_camp_id=6290226,0,2026-07-22,23200,23200,0,2026-07-22,seibu
199481,ＳＡＫＡ　ＨＯＴＥＬ　＾,https://img.travel.rakuten.co.jp/image/tr/api/re/pvonD/?f_no=199481,https://img.travel.rakuten.co.jp/image/tr/api/re/vFumt/?f_no=199481&f_flg=PLAN,,https://img.travel.rakuten.co.jp/image/tr/api/re/gJNfM/?f_hotel_no=199481,,坂を少し下った静かな住宅街に佇む、お子様連れの家族旅行も大歓迎の宿。長期滞在可。博多天神アクセス◎,5220,120871.72,469404.02,810-0042,福岡県,福岡市中央区桜坂1-6-33　イスパハン２０２号室,080-1794-8140,00-0000-0000,桜坂駅から徒歩で1分,なし,大濠公園,https://img.travel.rakuten.co.jp/share/HOTEL/199481/199481.jpg,https://img.travel.rakuten.co.jp/HIMG/90/199481.jpg,,,https://img.travel.rakuten.co.jp/share/HOTEL/199481/199481map.gif,,,,1467652_6,スタンダードルーム,6417584.0,SAKA HOTEL 201,1,0,0,0,0,2,https://img.travel.rakuten.co.jp/image/tr/api/re/IdsCY/?f_no=199481&f_syu=1467652_6&f_hi1=2026-07-22&f_hi2=2026-07-23&f_heya_su=1&f_otona_su=1&f_s1=0&f_s2=0&f_y1=0&f_y2=0&f_y3=0&f_y4=0&f_camp_id=6417584,0,2026-07-22,23200,23200,0,2026-07-22,seibu
196775,ＨＩＴＯ,https://img.travel.rakuten.co.jp/image/tr/api/re/pvonD/?f_no=196775,https://img.travel.rakuten.co.jp/image/tr/api/re/vFumt/?f_no=196775&f_flg=PLAN,,https://img.travel.rakuten.co.jp/image/tr/api/re/gJNfM/?f_hotel_no=196775,ひと,地下鉄空港線藤崎駅より徒歩４分、１棟貸切最大１２名様まで宿泊可能,6100,120873.58,469262.63,814-0013,福岡県,福岡市早良区藤崎1-4-5,092-980-4595,092-980-4729,藤崎駅より徒歩約４分,有り１台　無料　予約不要,藤崎（福岡）,https://img.travel.rakuten.co.jp/share/HOTEL/196775/196775.jpg,https://img.travel.rakuten.co.jp/HIMG/90/196775.jpg,,,https://img.travel.rakuten.co.jp/share/HOTEL/196775/196775map.gif,1.0,,,hito,3LDKメゾネットタイプ　空港線藤崎駅４分　無料駐車場,,,1,0,0,0,0,2,https://img.travel.rakuten.co.jp/image/tr/api/re/IdsCY/?f_no=196775&f_syu=hito&f_hi1=2026-07-22&f_hi2=2026-07-23&f_heya_su=1&f_otona_su=1&f_s1=0&f_s2=0&f_y1=0&f_y2=0&f_y3=0&f_y4=0,1,2026-07-22,27500,27500,0,2026-07-22,seibu
200127,Ｍａｉｓｏｎ　ｄ’ｈｏｔｅ　Ｍａｎａ　＾,https://img.travel.rakuten.co.jp/image/tr/api/re/pvonD/?f_no=200127,https://img.travel.rakuten.co.jp/image/tr/api/re/vFumt/?f_no=200127&f_flg=PLAN,,https://img.travel.rakuten.co.jp/image/tr/api/re/gJNfM/?f_hotel_no=200127,, ,5646,120877.98,469485.55,810-0005,福岡県,福岡市中央区清川2-6-15　２Ｆ、３Ｆ,080-3188-3570,00-0000-0000,渡辺通駅から徒歩で5分,なし,薬院,https://img.travel.rakuten.co.jp/share/HOTEL/200127/200127.jpg,https://img.travel.rakuten.co.jp/HIMG/90/200127.jpg,,,https://img.travel.rakuten.co.jp/share/HOTEL/200127/200127map.gif,,,,1520122_5,スタンダードルーム,6460032.0,【最大6名】和モダンワンルーム|福岡・清川,1,0,0,0,0,2,https://img.travel.rakuten.co.jp/image/tr/api/re/IdsCY/?f_no=200127&f_syu=1520122_5&f_hi1=2026-07-22&f_hi2=2026-07-23&f_heya_su=1&f_otona_su=1&f_s1=0&f_s2=0&f_y1=0&f_y2=0&f_y3=0&f_y4=0&f_camp_id=6460032,0,2026-07-22,27919,27919,0,2026-07-22,seibu
194730,天空の麓／民泊,https://img.travel.rakuten.co.jp/image/tr/api/re/pvonD/?f_no=194730,https://img.travel.rakuten.co.jp/image/tr/api/re/vFumt/?f_no=194730&f_flg=PLAN,,https://img.travel.rakuten.co.jp/image/tr/api/re/gJNfM/?f_hotel_no=194730,,糸島でも屈指の希少な立地に位置する天空の麓見渡す限り大自然のパノラマが拡がり、四季折々の優し【民泊】,15544,120521.23,468324.94,819-1641,福岡県,糸島市二丈吉井804-2　天空の麓,070-4732-0719,000-000-0000,福吉駅から車で約８分,有り,福吉,https://img.travel.rakuten.co.jp/share/HOTEL/194730/194730.jpg,https://img.travel.rakuten.co.jp/HIMG/90/194730.jpg,,,https://img.travel.rakuten.co.jp/share/HOTEL/194730/194730map.gif,,,,r19535_15,天空の麓,6274261.0,天空の麓糸島!屋上展望パノラマ、露天風呂絶景サウナ、BBQ ・16名以上・駐車場6台・ペット,1,0,0,0,0,2,https://img.travel.rakuten.co.jp/image/tr/api/re/IdsCY/?f_no=194730&f_syu=r19535_15&f_hi1=2026-07-22&f_hi2=2026-07-23&f_heya_su=1&f_otona_su=1&f_s1=0&f_s2=0&f_y1=0&f_y2=0&f_y3=0&f_y4=0&f_camp_id=6274261,0,2026-07-22,52780,52780,0,2026-07-22,seibu
199627,福岡の中心地で檜の露天風呂？築１００年の古民家〜　＾,https://img.travel.rakuten.co.jp/image/tr/api/re/pvonD/?f_no=199627,https://img.travel.rakuten.co.jp/image/tr/api/re/vFumt/?f_no=199627&f_flg=PLAN,,https://img.travel.rakuten.co.jp/image/tr/api/re/gJNfM/?f_hotel_no=199627,,設備充実！露天風呂、大画面TV、プロジェクター、シモンズベッド、IHコンロ、Wi-Fi完備。,10862,120874.27,469488.5,810-0005,福岡県,福岡市中央区清川2-4-28,080-3188-3570,00-0000-0000,渡辺通駅から徒歩で5分,なし,天神,https://img.travel.rakuten.co.jp/share/HOTEL/199627/199627.jpg,https://img.travel.rakuten.co.jp/HIMG/90/199627.jpg,,,https://img.travel.rakuten.co.jp/share/HOTEL/199627/199627map.gif,,,,1433690_7,一戸建て,6428456.0,町屋ヴィラ清庵,1,0,0,0,0,2,https://img.travel.rakuten.co.jp/image/tr/api/re/IdsCY/?f_no=199627&f_syu=1433690_7&f_hi1=2026-07-22&f_hi2=2026-07-23&f_heya_su=1&f_otona_su=1&f_s1=0&f_s2=0&f_y1=0&f_y2=0&f_y3=0&f_y4=0&f_camp_id=6428456,0,2026-07-22,54309,54309,0,2026-07-22,seibu
195216,ＳｔａｒーＳｅｖｅｎ　糸島／民泊,https://img.travel.rakuten.co.jp/image/tr/api/re/pvonD/?f_no=195216,https://img.travel.rakuten.co.jp/image/tr/api/re/vFumt/?f_no=195216&f_flg=PLAN,,https://img.travel.rakuten.co.jp/image/tr/api/re/gJNfM/?f_hotel_no=195216,,最大8名海辺ヴィラ。ゴルフ、サウナ、ペット可。ビール無料。BBQ。,25265,120909.45,468448.69,819-1335,福岡県,糸島市志摩芥屋77-28　ＳｔａｒーＳｅｖｅｎ　糸島,090-8983-0954,00-0000-0000,加布里駅より車で15分,あり,加布里,https://img.travel.rakuten.co.jp/share/HOTEL/195216/195216.jpg,https://img.travel.rakuten.co.jp/HIMG/90/195216.jpg,,,https://img.travel.rakuten.co.jp/share/HOTEL/195216/195216map.gif,,,,r20184_8,Star-Seven 糸島,6337205.0,サウナ・BBQ・シミュレーションゴルフ・生ビールサーバー・ペットとの滞在も叶う隠れ家シーサイドヴィラ,1,0,0,0,0,2,https://img.travel.rakuten.co.jp/image/tr/api/re/IdsCY/?f_no=195216&f_syu=r20184_8&f_hi1=2026-07-22&f_hi2=2026-07-23&f_heya_su=1&f_otona_su=1&f_s1=0&f_s2=0&f_y1=0&f_y2=0&f_y3=0&f_y4=0&f_camp_id=6337205,0,2026-07-22,122496,122496,0,2026-07-22,seibu
195671,閑静な住宅街にある白い洋風アパート／民泊,https://img.travel.rakuten.co.jp/image/tr/api/re/pvonD/?f_no=195671,https://img.travel.rakuten.co.jp/image/tr/api/re/vFumt/?f_no=195671&f_flg=PLAN,,https://img.travel.rakuten.co.jp/image/tr/api/re/gJNfM/?f_hotel_no=195671,, ,386667,120898.25,469256.73,814-0006,福岡県,福岡市早良区百道3-7-17 102　新日本パレス百道I,080-8905-6750,00-0000-0000,藤崎駅より徒歩で3分,なし,藤崎（福岡）,https://img.travel.rakuten.co.jp/share/HOTEL/195671/195671.jpg,https://img.travel.rakuten.co.jp/HIMG/90/195671.jpg,,,https://img.travel.rakuten.co.jp/share/HOTEL/195671/195671map.gif,,,,r21289_3,新日本パレス百道I-101,6395548.0,百道102,1,0,0,0,0,2,https://img.travel.rakuten.co.jp/image/tr/api/re/IdsCY/?f_no=195671&f_syu=r21289_3&f_hi1=2026-07-22&f_hi2=2026-07-23&f_heya_su=1&f_otona_su=1&f_s1=0&f_s2=0&f_y1=0&f_y2=0&f_y3=0&f_y4=0&f_camp_id=6395548,0,2026-07-22,1160000,1160000,0,2026-07-22,seibu
