basic_hotelNo,basic_hotelName,basic_hotelInformationUrl,basic_planListUrl,basic_dpPlanListUrl,basic_reviewUrl,basic_hotelKanaName,basic_hotelSpecial,basic_hotelMinCharge,basic_latitude,basic_longitude,basic_postalCode,basic_address1,basic_address2,basic_telephoneNo,basic_faxNo,basic_access,basic_parkingInformation,basic_nearestStation,basic_hotelImageUrl,basic_hotelThumbnailUrl,basic_roomImageUrl,basic_roomThumbnailUrl,basic_hotelMapImageUrl,basic_reviewCount,basic_reviewAverage,basic_userReview,room_roomClass,room_roomName,room_planId,room_planName,room_pointRate,room_withDinnerFlag,room_dinnerSelectFlag,room_withBreakfastFlag,room_breakfastSelectFlag,room_payment,room_reserveUrl,room_salesformFlag,charge_stayDate,charge_rakutenCharge,charge_total,charge_chargeFlag,date,area
12685,新飯塚ステーションホテル,https://img.travel.rakuten.co.jp/image/tr/api/re/pvonD/?f_no=12685,https://img.travel.rakuten.co.jp/image/tr/api/re/vFumt/?f_no=12685&f_flg=PLAN,https://img.travel.rakuten.co.jp/image/tr/api/re/WzozX/?noTomariHotel=12685,https://img.travel.rakuten.co.jp/image/tr/api/re/gJNfM/?f_hotel_no=12685,しんいいずかすてーしょんほてる,【2019年リニューアル】福岡市内より約40分。JR新飯塚駅より徒歩約5分。全室Wi-Fi完備。シモンズベッドが好評！,5500,121096.68,470503.58,820-0018,福岡県,飯塚市芳雄町4-20,0120-26-1377,0948-26-1309,ＪＲ福北ゆたか線『新飯塚駅』より徒歩５分  博多から快速で約４５分　福岡市内にもアクセスが便利！ホテル周辺飲食店多数有,有り　新飯塚パークプラザ（ホテル目の前）有料,新飯塚,https://img.travel.rakuten.co.jp/share/HOTEL/12685/12685.jpg,https://img.travel.rakuten.co.jp/HIMG/90/12685.jpg,https://img.travel.rakuten.co.jp/share/HOTEL/12685/12685_room.jpg,https://img.travel.rakuten.co.jp/HIMG/INTERIOR/12685.jpg,https://img.travel.rakuten.co.jp/share/HOTEL/12685/12685map.gif,1420.0,3.9,"クチコミの詳細はこちらから　https://review.tra…　2026-05-14 12:28:55投稿 <a href=""https://img.travel.rakuten.co.jp/image/tr/api/re/gJNfM/?f_hotel_no=12685"" class=""3click"">つづきはこちら</a>",cns26,シングルルーム（禁煙室）,6299164.0,【素泊りプラン】シモンズベッドでゆったり！駅チカホテル,1,0,0,0,0,1,https://img.travel.rakuten.co.jp/image/tr/api/re/IdsCY/?f_no=12685&f_syu=cns26&f_hi1=2026-05-19&f_hi2=2026-05-20&f_heya_su=1&f_otona_su=1&f_s1=0&f_s2=0&f_y1=0&f_y2=0&f_y3=0&f_y4=0&f_camp_id=6299164,0,2026-05-19,7710,7710,0,2026-05-19,chikuzen
80712,ホテルニューガイア飯塚,https://img.travel.rakuten.co.jp/image/tr/api/re/pvonD/?f_no=80712,https://img.travel.rakuten.co.jp/image/tr/api/re/vFumt/?f_no=80712&f_flg=PLAN,https://img.travel.rakuten.co.jp/image/tr/api/re/WzozX/?noTomariHotel=80712,https://img.travel.rakuten.co.jp/image/tr/api/re/gJNfM/?f_hotel_no=80712,ほてるにゅーがいあいいづか,【大浴場完備】宿泊者専用ラウンジでは、ご宿泊の方はドリンク類飲み放題！全客室にエアウィーヴ採用！,5200,121095.21,470481.09,820-0040,福岡県,飯塚市吉原町7-24,0948-26-2500,0948-26-2522,ＪＲ新飯塚駅よりバスで5分　西鉄飯塚バスセンターより徒歩1分　,"屋根付駐車場⇒1泊1,000円（3台）　一般駐車場⇒1泊500円（4台）(何れも先着順･予約不可) ",新飯塚,https://img.travel.rakuten.co.jp/share/HOTEL/80712/80712.jpg,https://img.travel.rakuten.co.jp/HIMG/90/80712.jpg,,,https://img.travel.rakuten.co.jp/share/HOTEL/80712/80712map.gif,568.0,4.08,"部屋もキレイでスタッフの方も親切丁寧な感じでした。5歳の子供と3人で宿泊でしたが大浴場もあり大満足でした。飯塚のバスターミナルが近くにあり天神まで1時間程で行…　2026-05-05 00:21:42投稿 <a href=""https://img.travel.rakuten.co.jp/image/tr/api/re/gJNfM/?f_hotel_no=80712"" class=""3click"">つづきはこちら</a>",rw,【禁煙】☆リニューアル和室ツインベッド☆14.3平米〜,3313191.0,【素泊】スタンダードプラン,1,0,0,0,0,1,https://img.travel.rakuten.co.jp/image/tr/api/re/IdsCY/?f_no=80712&f_syu=rw&f_hi1=2026-05-19&f_hi2=2026-05-20&f_heya_su=1&f_otona_su=1&f_s1=0&f_s2=0&f_y1=0&f_y2=0&f_y3=0&f_y4=0&f_camp_id=3313191,0,2026-05-19,10000,10000,0,2026-05-19,chikuzen
191697,コンフォートイン宗像,https://img.travel.rakuten.co.jp/image/tr/api/re/pvonD/?f_no=191697,https://img.travel.rakuten.co.jp/image/tr/api/re/vFumt/?f_no=191697&f_flg=PLAN,https://img.travel.rakuten.co.jp/image/tr/api/re/WzozX/?noTomariHotel=191697,https://img.travel.rakuten.co.jp/image/tr/api/re/gJNfM/?f_hotel_no=191697,こんふぉーといんむなかた,2024年7月開業◆焼きたてワッフルやカレーが人気の朝食ビュッフェ◆小学生まで添い寝無料◆ウェルカムドリンクサービス,3200,121617.22,469995.89,811-3414,福岡県,宗像市光岡992-1,0940-37-0411,0940-37-0412,国道3号線沿いの至便な立地◆九州自動車道「若宮ＩＣ」より約１７分◆ＪＲ「東郷駅」より車で約１０分◆無料駐車場完備,無料　先着順　敷地内駐車場５２台　高さ制限なし　中・大型車も駐車OK（電話予約要）,東郷,https://img.travel.rakuten.co.jp/share/HOTEL/191697/191697.jpg,https://img.travel.rakuten.co.jp/HIMG/90/191697.jpg,,,https://img.travel.rakuten.co.jp/share/HOTEL/191697/191697map.gif,281.0,4.08,"クチコミの詳細はこちらから　https://re…　2026-05-03 10:19:53投稿 <a href=""https://img.travel.rakuten.co.jp/image/tr/api/re/gJNfM/?f_hotel_no=191697"" class=""3click"">つづきはこちら</a>",nde,1ベッド◆ダブルルーム◆禁煙,5950155.0,【3日前早期割】若宮ICより車で約17分◆青空駐車場無料◆12歳以下のお子様添い寝無料◆素泊まり◆,1,0,0,0,0,1,https://img.travel.rakuten.co.jp/image/tr/api/re/IdsCY/?f_no=191697&f_syu=nde&f_hi1=2026-05-19&f_hi2=2026-05-20&f_heya_su=1&f_otona_su=1&f_s1=0&f_s2=0&f_y1=0&f_y2=0&f_y3=0&f_y4=0&f_camp_id=5950155,0,2026-05-19,5600,5600,0,2026-05-19,chikuzen
108888,ＨＯＴＥＬ　ＡＺ　福岡宗像店,https://img.travel.rakuten.co.jp/image/tr/api/re/pvonD/?f_no=108888,https://img.travel.rakuten.co.jp/image/tr/api/re/vFumt/?f_no=108888&f_flg=PLAN,https://img.travel.rakuten.co.jp/image/tr/api/re/WzozX/?noTomariHotel=108888,https://img.travel.rakuten.co.jp/image/tr/api/re/gJNfM/?f_hotel_no=108888,ほてるえーぜっと　ふくおかむなかたてん,国道３号線沿い。無料平面駐車場完備でマイカー派に便利！館内にはファミレス「Joyfull」。コンビニ徒歩約5分！,5170,121611.63,469980.48,811-3422,福岡県,宗像市王丸503-1,0940-38-3301,0940-38-3302,◆古賀ＩＣ・若宮ＩＣからお車で１５分◆　◆ＪＲ東郷駅日の里口からお車で５分◆　◆天神バスセンターからバスで６０分◆　　,無料駐車場400台（共用）あり　普通車：予約不要 、中型車・大型車：要予約（有料）,東郷,https://img.travel.rakuten.co.jp/share/HOTEL/108888/108888.jpg,https://img.travel.rakuten.co.jp/HIMG/90/108888.jpg,https://img.travel.rakuten.co.jp/share/HOTEL/108888/108888_sin.jpg,https://img.travel.rakuten.co.jp/HIMG/INTERIOR/108888.jpg,https://img.travel.rakuten.co.jp/share/HOTEL/108888/108888map.gif,1036.0,3.98,"クチコミの詳細はこちらから　https://review.travel.rakuten.co.jp/hotel/voice/10…　2026-05-04 21:56:15投稿 <a href=""https://img.travel.rakuten.co.jp/image/tr/api/re/gJNfM/?f_hotel_no=108888"" class=""3click"">つづきはこちら</a>",sn,【禁煙】シングル,6108555.0,スタンダードプラン（朝食サービス）,1,0,0,1,0,1,https://img.travel.rakuten.co.jp/image/tr/api/re/IdsCY/?f_no=108888&f_syu=sn&f_hi1=2026-05-19&f_hi2=2026-05-20&f_heya_su=1&f_otona_su=1&f_s1=0&f_s2=0&f_y1=0&f_y2=0&f_y3=0&f_y4=0&f_camp_id=6108555,0,2026-05-19,6380,6380,0,2026-05-19,chikuzen
56656,ホテルルートイン若宮インター,https://img.travel.rakuten.co.jp/image/tr/api/re/pvonD/?f_no=56656,https://img.travel.rakuten.co.jp/image/tr/api/re/vFumt/?f_no=56656&f_flg=PLAN,https://img.travel.rakuten.co.jp/image/tr/api/re/WzozX/?noTomariHotel=56656,https://img.travel.rakuten.co.jp/image/tr/api/re/gJNfM/?f_hotel_no=56656,ほてるるーといんわかみやいんたー,ＷＯＷＯＷ全室無料！◆大浴場有◆朝食無料◆夕食レストラン（日祝定休日有）◆wi-fi全室完備◆駐車場無料,5500,121470.63,470206.88,822-0152,福岡県,宮若市沼口234-1,0949-52-0023,0949-52-0062,ＪＲ鹿児島本線　赤間駅より車で２０分  *高速利用 　博多駅から37㎞　30分　小倉駅から　38km　35分,有り　123台　無料　先着順,赤間,https://img.travel.rakuten.co.jp/share/HOTEL/56656/56656.jpg,https://img.travel.rakuten.co.jp/HIMG/90/56656.jpg,https://img.travel.rakuten.co.jp/share/HOTEL/56656/56656_ky.jpg,https://img.travel.rakuten.co.jp/HIMG/INTERIOR/56656.jpg,https://img.travel.rakuten.co.jp/share/HOTEL/56656/56656map.gif,749.0,3.82,"ただ、車で利用する訳ではないのでいつも選択肢から無意識に除外していた事に気付きまし…　2026-05-04 08:05:51投稿 <a href=""https://img.travel.rakuten.co.jp/image/tr/api/re/gJNfM/?f_hotel_no=56656"" class=""3click"">つづきはこちら</a>",nsb,【禁煙】シングルルーム ベット幅140　,5789190.0,【室数限定】20時以降チェックインお得プラン■朝食■大浴場■WOWOW■空気清浄機■駐車場■,1,0,0,0,0,1,https://img.travel.rakuten.co.jp/image/tr/api/re/IdsCY/?f_no=56656&f_syu=nsb&f_hi1=2026-05-19&f_hi2=2026-05-20&f_heya_su=1&f_otona_su=1&f_s1=0&f_s2=0&f_y1=0&f_y2=0&f_y3=0&f_y4=0&f_camp_id=5789190,0,2026-05-19,8050,8050,0,2026-05-19,chikuzen
136807,ＨＯＴＥＬ　ＡＺ　福岡篠栗店,https://img.travel.rakuten.co.jp/image/tr/api/re/pvonD/?f_no=136807,https://img.travel.rakuten.co.jp/image/tr/api/re/vFumt/?f_no=136807&f_flg=PLAN,https://img.travel.rakuten.co.jp/image/tr/api/re/WzozX/?noTomariHotel=136807,https://img.travel.rakuten.co.jp/image/tr/api/re/gJNfM/?f_hotel_no=136807,ほてるえーぜっと　ふくおかささぐりてん,天神・博多まで車で30分☆無料駐車場１３１台☆１階バイキング『志高』☆コンビニ１分,5170,121020.67,469813.41,811-2412,福岡県,糟屋郡篠栗町乙犬985-1,092-947-3310,092-947-3321,福岡ICより車で約５分。JR門松駅より徒歩6分。,無料駐車場131台あり　普通車：予約不要 、中型車・大型車：有料（要予約）,門松,https://img.travel.rakuten.co.jp/share/HOTEL/136807/136807.jpg,https://img.travel.rakuten.co.jp/HIMG/90/136807.jpg,https://img.travel.rakuten.co.jp/share/HOTEL/136807/136807_ro1.jpg,https://img.travel.rakuten.co.jp/HIMG/INTERIOR/136807.jpg,https://img.travel.rakuten.co.jp/share/HOTEL/136807/136807map.gif,617.0,4.01,"バイキング形式で品数も多くとても満足でした。付近にコン…　2026-05-02 23:07:02投稿 <a href=""https://img.travel.rakuten.co.jp/image/tr/api/re/gJNfM/?f_hotel_no=136807"" class=""3click"">つづきはこちら</a>",s,【喫煙】シングル,6108255.0,スタンダードプラン（朝食サービス）,1,0,0,1,0,1,https://img.travel.rakuten.co.jp/image/tr/api/re/IdsCY/?f_no=136807&f_syu=s&f_hi1=2026-05-19&f_hi2=2026-05-20&f_heya_su=1&f_otona_su=1&f_s1=0&f_s2=0&f_y1=0&f_y2=0&f_y3=0&f_y4=0&f_camp_id=6108255,0,2026-05-19,6380,6380,0,2026-05-19,chikuzen
9217,メルキュール福岡宗像リゾート＆スパ,https://img.travel.rakuten.co.jp/image/tr/api/re/pvonD/?f_no=9217,https://img.travel.rakuten.co.jp/image/tr/api/re/vFumt/?f_no=9217&f_flg=PLAN,https://img.travel.rakuten.co.jp/image/tr/api/re/WzozX/?noTomariHotel=9217,https://img.travel.rakuten.co.jp/image/tr/api/re/gJNfM/?f_hotel_no=9217,めるきゅーるふくおかむなかたりぞーとすぱ,■『苺』をテーマにしたサステナブルフェア開催～5/31迄■ 地元素材を使ったビュッフェと露天風呂付温泉が人気,4675,121888.64,469899.37,811-3514,福岡県,宗像市田野1303　,0940-62-4111,0940-62-4000,福岡空港よりお車で約60分　古賀ICより車で約40分　JR東郷駅より無料送迎バス運行中　席数に限りがございます（要予約）,有り188台,東郷,https://img.travel.rakuten.co.jp/share/HOTEL/9217/9217.jpg,https://img.travel.rakuten.co.jp/HIMG/90/9217.jpg,https://img.travel.rakuten.co.jp/share/HOTEL/9217/9217_kan.jpg,https://img.travel.rakuten.co.jp/HIMG/INTERIOR/9217.jpg,https://img.travel.rakuten.co.jp/share/HOTEL/9217/9217map.gif,2586.0,4.28,"クチコミの詳細はこちらから　https://review.travel.rakuten.co.jp/h…　2026-05-14 06:40:48投稿 <a href=""https://img.travel.rakuten.co.jp/image/tr/api/re/gJNfM/?f_hotel_no=9217"" class=""3click"">つづきはこちら</a>",trcz,クラシックツイン【ラウンジ特典付】,5898490.0,【直前割】福岡市内から約60分のはなれ旅 -温泉満喫-／素泊まり・ラウンジアクセス付,1,0,0,0,0,1,https://img.travel.rakuten.co.jp/image/tr/api/re/IdsCY/?f_no=9217&f_syu=trcz&f_hi1=2026-05-19&f_hi2=2026-05-20&f_heya_su=1&f_otona_su=1&f_s1=0&f_s2=0&f_y1=0&f_y2=0&f_y3=0&f_y4=0&f_camp_id=5898490,0,2026-05-19,18200,18200,0,2026-05-19,chikuzen
10761,のがみプレジデントホテル,https://img.travel.rakuten.co.jp/image/tr/api/re/pvonD/?f_no=10761,https://img.travel.rakuten.co.jp/image/tr/api/re/vFumt/?f_no=10761&f_flg=PLAN,https://img.travel.rakuten.co.jp/image/tr/api/re/WzozX/?noTomariHotel=10761,https://img.travel.rakuten.co.jp/image/tr/api/re/gJNfM/?f_hotel_no=10761,のがみ　ぷれじでんとほてる,筑豊地区最大の宴会場を持つシティーホテルです。,6650,121112.07,470494.71,820-0004,福岡県,飯塚市新立岩12-37,0948-22-3840,0948-25-3798,ＪＲ新飯塚駅より徒歩５分。西鉄飯塚バスセンターより徒歩１５分。,ホテル前33台　第二駐車場約150台（徒歩3分）　無料　※先着順となります、ご予約できません,新飯塚,https://img.travel.rakuten.co.jp/share/HOTEL/10761/10761.jpg,https://img.travel.rakuten.co.jp/HIMG/90/10761.jpg,https://img.travel.rakuten.co.jp/share/HOTEL/10761/10761_twn.jpg,https://img.travel.rakuten.co.jp/HIMG/INTERIOR/10761.jpg,https://img.travel.rakuten.co.jp/share/HOTEL/10761/10761map.gif,708.0,4.1,"大学に進学する息子の引越しで一泊させてもらいました。全く何もわからないまま予約しましたが、車で行ったので運転すれば大学もす…　2026-05-12 23:30:42投稿 <a href=""https://img.travel.rakuten.co.jp/image/tr/api/re/gJNfM/?f_hotel_no=10761"" class=""3click"">つづきはこちら</a>",sskin,スタンダードシングル(禁煙),4746356.0,素泊まり限定プラン,1,0,0,0,0,1,https://img.travel.rakuten.co.jp/image/tr/api/re/IdsCY/?f_no=10761&f_syu=sskin&f_hi1=2026-05-19&f_hi2=2026-05-20&f_heya_su=1&f_otona_su=1&f_s1=0&f_s2=0&f_y1=0&f_y2=0&f_y3=0&f_y4=0&f_camp_id=4746356,0,2026-05-19,9020,9020,0,2026-05-19,chikuzen
153273,ＨＯＴＥＬ　ＡＺ　福岡古賀店,https://img.travel.rakuten.co.jp/image/tr/api/re/pvonD/?f_no=153273,https://img.travel.rakuten.co.jp/image/tr/api/re/vFumt/?f_no=153273&f_flg=PLAN,https://img.travel.rakuten.co.jp/image/tr/api/re/WzozX/?noTomariHotel=153273,https://img.travel.rakuten.co.jp/image/tr/api/re/gJNfM/?f_hotel_no=153273,ほてる　えーぜっと　ふくおかこがてん,ＪＲ鹿児島本線古賀駅より徒歩で約１１分。２０１６年４月６日新築オープン！,5280,121446.07,469682.86,811-3101,福岡県,古賀市天神4-11-37,092-940-2201,092-940-2202,古賀駅より徒歩約１１分,無料駐車場132台あり　普通車：予約不要 、中型車・大型車：要予約,古賀,https://img.travel.rakuten.co.jp/share/HOTEL/153273/153273.jpg,https://img.travel.rakuten.co.jp/HIMG/90/153273.jpg,,,https://img.travel.rakuten.co.jp/share/HOTEL/153273/153273map.gif,388.0,3.92,"窓枠のサッシに汚れ(カビ?)シャワーカーテンの臭気とアレルギー体質の私にはちょっと辛かった…　2026-05-12 12:34:20投稿 <a href=""https://img.travel.rakuten.co.jp/image/tr/api/re/gJNfM/?f_hotel_no=153273"" class=""3click"">つづきはこちら</a>",002,【全室禁煙】ツイン,6108019.0,スタンダードプラン（朝食サービス）,1,0,0,1,0,1,https://img.travel.rakuten.co.jp/image/tr/api/re/IdsCY/?f_no=153273&f_syu=002&f_hi1=2026-05-19&f_hi2=2026-05-20&f_heya_su=1&f_otona_su=1&f_s1=0&f_s2=0&f_y1=0&f_y2=0&f_y3=0&f_y4=0&f_camp_id=6108019,0,2026-05-19,8470,8470,0,2026-05-19,chikuzen
196360,ＨＯＴＥＬ　Ｔｓｍａｒｔ,https://img.travel.rakuten.co.jp/image/tr/api/re/pvonD/?f_no=196360,https://img.travel.rakuten.co.jp/image/tr/api/re/vFumt/?f_no=196360&f_flg=PLAN,,https://img.travel.rakuten.co.jp/image/tr/api/re/gJNfM/?f_hotel_no=196360,ほてる　てぃーすまーと,【2025年4月7日OPEN】大浴場が温泉のトライアルが運営するビジネスホテルです！,3980,121281.51,470134.83,822-0121,福岡県,宮若市湯原1401-4,0949-28-7678,0949-28-7679,福北ゆたか線　笹栗駅よりお車で約30分,有り　50台　無料　先着順,筑前山手,https://img.travel.rakuten.co.jp/share/HOTEL/196360/196360.jpg,https://img.travel.rakuten.co.jp/HIMG/90/196360.jpg,,,https://img.travel.rakuten.co.jp/share/HOTEL/196360/196360map.gif,38.0,3.95,"クチコミの詳細はこちらから　https://…　2026-05-07 18:25:28投稿 <a href=""https://img.travel.rakuten.co.jp/image/tr/api/re/gJNfM/?f_hotel_no=196360"" class=""3click"">つづきはこちら</a>",std,スタンダード ダブル（セミダブルベッド）,6249072.0,HOTEL Tsmart＜素泊まりプラン＞,1,0,0,0,0,2,https://img.travel.rakuten.co.jp/image/tr/api/re/IdsCY/?f_no=196360&f_syu=std&f_hi1=2026-05-19&f_hi2=2026-05-20&f_heya_su=1&f_otona_su=1&f_s1=0&f_s2=0&f_y1=0&f_y2=0&f_y3=0&f_y4=0&f_camp_id=6249072,0,2026-05-19,7480,7480,0,2026-05-19,chikuzen
197807,ＨＯＴＥＬ　Ｒ９　Ｔｈｅ　Ｙａｒｄ　田川香春,https://img.travel.rakuten.co.jp/image/tr/api/re/pvonD/?f_no=197807,https://img.travel.rakuten.co.jp/image/tr/api/re/vFumt/?f_no=197807&f_flg=PLAN,https://img.travel.rakuten.co.jp/image/tr/api/re/WzozX/?noTomariHotel=197807,https://img.travel.rakuten.co.jp/image/tr/api/re/gJNfM/?f_hotel_no=197807,ほてる あーるないん ざ やーど たがわかわら,行橋ICより車で20分！香春町への出張や観光の拠点に！カレーなど軽食サービス付,3900,121233.52,471041.41,822-1406,福岡県,田川郡香春町香春1085-1,0947-32-7507,0947-32-7508,【電車】一本松駅より徒歩18分。田川井田駅よりタクシーで10分。【お車】行橋ICより車で20分。,無料 有り 44台※大型車（2トントラック以上）をご利用の際は、事前にお電話でお問い合わせください。,一本松（福岡）,https://img.travel.rakuten.co.jp/share/HOTEL/197807/197807.jpg,https://img.travel.rakuten.co.jp/HIMG/90/197807.jpg,,,https://img.travel.rakuten.co.jp/share/HOTEL/197807/197807map.gif,58.0,4.02,"クチコミの詳…　2026-05-13 01:27:45投稿 <a href=""https://img.travel.rakuten.co.jp/image/tr/api/re/gJNfM/?f_hotel_no=197807"" class=""3click"">つづきはこちら</a>",twin,【禁煙】ツインルーム （約13平米/最大2名様）,6351364.0,【スタンダード】ビジネスや観光の拠点に♪軽食＆ホットドリンク付【駐車場至近＆無料】,1,0,0,0,0,1,https://img.travel.rakuten.co.jp/image/tr/api/re/IdsCY/?f_no=197807&f_syu=twin&f_hi1=2026-05-19&f_hi2=2026-05-20&f_heya_su=1&f_otona_su=1&f_s1=0&f_s2=0&f_y1=0&f_y2=0&f_y3=0&f_y4=0&f_camp_id=6351364,0,2026-05-19,5500,5500,0,2026-05-19,chikuzen
144938,ＨＯＴＥＬ　ＡＺ　福岡飯塚店,https://img.travel.rakuten.co.jp/image/tr/api/re/pvonD/?f_no=144938,https://img.travel.rakuten.co.jp/image/tr/api/re/vFumt/?f_no=144938&f_flg=PLAN,https://img.travel.rakuten.co.jp/image/tr/api/re/WzozX/?noTomariHotel=144938,https://img.travel.rakuten.co.jp/image/tr/api/re/gJNfM/?f_hotel_no=144938,ほてる　えーぜっと　ふくおかいいづかてん,八木山バイパス「穂波東IC」より車で約5分　朝食無料、駐車場94台無料、Wi-Fi無料。安心のAZホテルチェーン。,4620,120952.29,470433.47,820-0076,福岡県,飯塚市太郎丸53-2,0948-28-3301,0948-28-3357,天道駅より徒歩約１５分 （車で約4分）、桂川駅より車で約５分,無料駐車場94台あり　普通車：予約不要 、中型車・大型車：有料,天道,https://img.travel.rakuten.co.jp/share/HOTEL/144938/144938.jpg,https://img.travel.rakuten.co.jp/HIMG/90/144938.jpg,https://img.travel.rakuten.co.jp/share/HOTEL/144938/144938_kya.jpg,https://img.travel.rakuten.co.jp/HIMG/INTERIOR/144938.jpg,https://img.travel.rakuten.co.jp/share/HOTEL/144938/144938map.gif,229.0,4.25,"クチコミの詳細はこちらから　https://review.travel.rakuten.co.jp/ho…　2026-05-13 23:25:59投稿 <a href=""https://img.travel.rakuten.co.jp/image/tr/api/re/gJNfM/?f_hotel_no=144938"" class=""3click"">つづきはこちら</a>",s,【喫煙】シングル,6104310.0,スタンダードプラン（朝食サービス）,1,0,0,1,0,1,https://img.travel.rakuten.co.jp/image/tr/api/re/IdsCY/?f_no=144938&f_syu=s&f_hi1=2026-05-19&f_hi2=2026-05-20&f_heya_su=1&f_otona_su=1&f_s1=0&f_s2=0&f_y1=0&f_y2=0&f_y3=0&f_y4=0&f_camp_id=6104310,0,2026-05-19,6380,6380,0,2026-05-19,chikuzen
8301,プラザホテル直方,https://img.travel.rakuten.co.jp/image/tr/api/re/pvonD/?f_no=8301,https://img.travel.rakuten.co.jp/image/tr/api/re/vFumt/?f_no=8301&f_flg=PLAN,https://img.travel.rakuten.co.jp/image/tr/api/re/WzozX/?noTomariHotel=8301,https://img.travel.rakuten.co.jp/image/tr/api/re/gJNfM/?f_hotel_no=8301,ぷらざほてる　のおがた,福岡・北九州両市へのアクセスがスムーズ。ビジネス・レジャーに最適の安心ホテルです。全室でWI-FIが使えます！,3300,121488.38,470665.36,822-0002,福岡県,直方市頓野西ヶ崎3829-1,0949-28-1231,0949-23-3358,■ＪＲ直方駅より車で５分　■九州自動車道八幡インターより車で１５分,■有り　約４０台　無料　先着順,直方,https://img.travel.rakuten.co.jp/share/HOTEL/8301/8301.jpg,https://img.travel.rakuten.co.jp/HIMG/90/8301.jpg,https://img.travel.rakuten.co.jp/share/HOTEL/8301/8301_sgl.jpg,https://img.travel.rakuten.co.jp/HIMG/INTERIOR/8301.jpg,https://img.travel.rakuten.co.jp/share/HOTEL/8301/8301map.gif,533.0,3.83,"明るい時に散策すれば、少し移動すると飲食店があるのですが、暗くなってからだと、周りが暗く、何があるの…　2026-05-07 17:03:16投稿 <a href=""https://img.travel.rakuten.co.jp/image/tr/api/re/gJNfM/?f_hotel_no=8301"" class=""3click"">つづきはこちら</a>",s11,セミダブル◆喫煙（旧シングル）,5848432.0,【特典なし】部屋だけプラン♪＜素泊まり＞,1,0,0,0,0,1,https://img.travel.rakuten.co.jp/image/tr/api/re/IdsCY/?f_no=8301&f_syu=s11&f_hi1=2026-05-19&f_hi2=2026-05-20&f_heya_su=1&f_otona_su=1&f_s1=0&f_s2=0&f_y1=0&f_y2=0&f_y3=0&f_y4=0&f_camp_id=5848432,0,2026-05-19,7900,7900,0,2026-05-19,chikuzen
151387,ＨＯＴＥＬ　ＡＺ　福岡香春店,https://img.travel.rakuten.co.jp/image/tr/api/re/pvonD/?f_no=151387,https://img.travel.rakuten.co.jp/image/tr/api/re/vFumt/?f_no=151387&f_flg=PLAN,https://img.travel.rakuten.co.jp/image/tr/api/re/WzozX/?noTomariHotel=151387,https://img.travel.rakuten.co.jp/image/tr/api/re/gJNfM/?f_hotel_no=151387,ほてる　えーぜっと　ふくおかかわらてん,ＪＲ日田彦山線香春駅より車で約5分。みやこ豊津ICから車で約20分。,4620,121176.09,470997.47,822-1406,福岡県,田川郡香春町大字香春1052-1,0947-32-7771,0947-32-7773,ＪＲ　日田彦山線　香春駅より車にて約5分,無料駐車場91台あり　※車長8ｍ以上の駐車は有料・要予約,香春,https://img.travel.rakuten.co.jp/share/HOTEL/151387/151387.jpg,https://img.travel.rakuten.co.jp/HIMG/90/151387.jpg,,,https://img.travel.rakuten.co.jp/share/HOTEL/151387/151387map.gif,105.0,3.76,"クチコ…　2026-05-06 20:25:06投稿 <a href=""https://img.travel.rakuten.co.jp/image/tr/api/re/gJNfM/?f_hotel_no=151387"" class=""3click"">つづきはこちら</a>",sns1,【禁煙】シングル,6107502.0,スタンダードプラン（朝食サービス）,1,0,0,1,0,1,https://img.travel.rakuten.co.jp/image/tr/api/re/IdsCY/?f_no=151387&f_syu=sns1&f_hi1=2026-05-19&f_hi2=2026-05-20&f_heya_su=1&f_otona_su=1&f_s1=0&f_s2=0&f_y1=0&f_y2=0&f_y3=0&f_y4=0&f_camp_id=6107502,0,2026-05-19,6380,6380,0,2026-05-19,chikuzen
147072,ＨＯＴＥＬ　ＡＺ　福岡直方店,https://img.travel.rakuten.co.jp/image/tr/api/re/pvonD/?f_no=147072,https://img.travel.rakuten.co.jp/image/tr/api/re/vFumt/?f_no=147072&f_flg=PLAN,https://img.travel.rakuten.co.jp/image/tr/api/re/WzozX/?noTomariHotel=147072,https://img.travel.rakuten.co.jp/image/tr/api/re/gJNfM/?f_hotel_no=147072,ほてる　えーぜっと　ふくおかのうがたてん,八幡ICより車で20分。福岡市内へは車で約1時間。北九州市内へは車で約40分。平面駐車場無料☆朝食無料☆,4620,121514.01,470675.82,822-0001,福岡県,直方市感田3593-2,0949-26-4401,0949-26-4402,筑豊電気鉄道　感田駅より徒歩１３分,無料平面駐車場70台あり　普通車：予約不要 、中型車・大型車：要予約（有料）,感田,https://img.travel.rakuten.co.jp/share/HOTEL/147072/147072.jpg,https://img.travel.rakuten.co.jp/HIMG/90/147072.jpg,https://img.travel.rakuten.co.jp/share/HOTEL/147072/147072_kan1.jpg,https://img.travel.rakuten.co.jp/HIMG/INTERIOR/147072.jpg,https://img.travel.rakuten.co.jp/share/HOTEL/147072/147072map.gif,233.0,4.18,"また、朝食が6時から利用…　2026-04-29 14:52:50投稿 <a href=""https://img.travel.rakuten.co.jp/image/tr/api/re/gJNfM/?f_hotel_no=147072"" class=""3click"">つづきはこちら</a>",s,【喫煙】シングル,6108525.0,スタンダードプラン（朝食サービス）,1,0,0,1,0,1,https://img.travel.rakuten.co.jp/image/tr/api/re/IdsCY/?f_no=147072&f_syu=s&f_hi1=2026-05-19&f_hi2=2026-05-20&f_heya_su=1&f_otona_su=1&f_s1=0&f_s2=0&f_y1=0&f_y2=0&f_y3=0&f_y4=0&f_camp_id=6108525,0,2026-05-19,6380,6380,0,2026-05-19,chikuzen
145005,ＨＯＴＥＬ　ＡＺ　福岡田川店,https://img.travel.rakuten.co.jp/image/tr/api/re/pvonD/?f_no=145005,https://img.travel.rakuten.co.jp/image/tr/api/re/vFumt/?f_no=145005&f_flg=PLAN,https://img.travel.rakuten.co.jp/image/tr/api/re/WzozX/?noTomariHotel=145005,https://img.travel.rakuten.co.jp/image/tr/api/re/gJNfM/?f_hotel_no=145005,ほてる　えーぜっと　ふくおかたがわてん,九州自動車道八幡ＩＣより車で約３５分。平成筑豊鉄道田川伊田駅より徒歩で約９分。駐車場無料★朝食無料★,4620,121102.05,470928.51,825-0012,福岡県,田川市日の出町1番7号,0947-42-0301,0947-42-0321,田川伊田駅より徒歩にて９分,無料駐車場61台あり　※車長8ｍ以上の駐車は有料・要予約,田川伊田,https://img.travel.rakuten.co.jp/share/HOTEL/145005/145005.jpg,https://img.travel.rakuten.co.jp/HIMG/90/145005.jpg,https://img.travel.rakuten.co.jp/share/HOTEL/145005/145005_kya1.jpg,https://img.travel.rakuten.co.jp/HIMG/INTERIOR/145005.jpg,https://img.travel.rakuten.co.jp/share/HOTEL/145005/145005map.gif,176.0,3.92,"クチコミの詳細はこちらから　h…　2026-05-08 15:15:40投稿 <a href=""https://img.travel.rakuten.co.jp/image/tr/api/re/gJNfM/?f_hotel_no=145005"" class=""3click"">つづきはこちら</a>",002,【喫煙】シングル,6108153.0,スタンダードプラン（朝食サービス）,1,0,0,1,0,1,https://img.travel.rakuten.co.jp/image/tr/api/re/IdsCY/?f_no=145005&f_syu=002&f_hi1=2026-05-19&f_hi2=2026-05-20&f_heya_su=1&f_otona_su=1&f_s1=0&f_s2=0&f_y1=0&f_y2=0&f_y3=0&f_y4=0&f_camp_id=6108153,0,2026-05-19,6380,6380,0,2026-05-19,chikuzen
75193,ルートイングランティア福岡宮若－脇田温泉－,https://img.travel.rakuten.co.jp/image/tr/api/re/pvonD/?f_no=75193,https://img.travel.rakuten.co.jp/image/tr/api/re/vFumt/?f_no=75193&f_flg=PLAN,https://img.travel.rakuten.co.jp/image/tr/api/re/WzozX/?noTomariHotel=75193,https://img.travel.rakuten.co.jp/image/tr/api/re/gJNfM/?f_hotel_no=75193,るーといんぐらんてぃあふくおかみやわか　わきたおんせん　,2020年7月1日（水）新館OPEN！本館一部リニューアル＆キッズコーナーOPEN！■脇田温泉源泉掛流し,8800,121294.7,470114.94,822-0133,福岡県,宮若市脇田778-1,050-1726-2239,0949-54-0514,ＪＲ赤間駅よりお車で２５分◆博多駅バスセンターよりＪＲ九州バスで１時間＆徒歩１５分◆博多駅よりお車で４５分（無料駐車場）,有り　２００台　無料　予約不要　,赤間,https://img.travel.rakuten.co.jp/share/HOTEL/75193/75193.jpg,https://img.travel.rakuten.co.jp/HIMG/90/75193.jpg,https://img.travel.rakuten.co.jp/share/HOTEL/75193/75193_twi.jpg,https://img.travel.rakuten.co.jp/HIMG/INTERIOR/75193.jpg,https://img.travel.rakuten.co.jp/share/HOTEL/75193/75193map.gif,333.0,4.21,"クチコミの詳細はこちらから　https://review.t…　2026-04-18 19:43:12投稿 <a href=""https://img.travel.rakuten.co.jp/image/tr/api/re/gJNfM/?f_hotel_no=75193"" class=""3click"">つづきはこちら</a>",nct,【新館ツイン（禁煙）】,4774118.0,【素泊まり】シンプルステイプラン〜天然温泉大浴場あり・駐車場無料〜,1,0,0,0,0,1,https://img.travel.rakuten.co.jp/image/tr/api/re/IdsCY/?f_no=75193&f_syu=nct&f_hi1=2026-05-19&f_hi2=2026-05-20&f_heya_su=1&f_otona_su=1&f_s1=0&f_s2=0&f_y1=0&f_y2=0&f_y3=0&f_y4=0&f_camp_id=4774118,0,2026-05-19,9350,9350,0,2026-05-19,chikuzen
187339,ＨＯＴＥＬ　Ｒ９　Ｔｈｅ　Ｙａｒｄ　飯塚,https://img.travel.rakuten.co.jp/image/tr/api/re/pvonD/?f_no=187339,https://img.travel.rakuten.co.jp/image/tr/api/re/vFumt/?f_no=187339&f_flg=PLAN,https://img.travel.rakuten.co.jp/image/tr/api/re/WzozX/?noTomariHotel=187339,https://img.travel.rakuten.co.jp/image/tr/api/re/gJNfM/?f_hotel_no=187339,ほてる あーるないん ざ やーど いいづか,飯塚市内工業団地への出張やスポーツ大会にも◎コンビニとなり！無料駐車場完備！独立客室で快適な滞在を♪,3900,121195.1,470588.98,820-1113,福岡県,飯塚市佐與1658-14,0948-43-2815,0948-43-2817,JR筑豊本線 / 福北ゆたか線 鯰田駅よりタクシーで5分,無料 有り 38台※大型車（2トントラック以上）をご利用の際は、事前にお電話でお問い合わせください。,鯰田,https://img.travel.rakuten.co.jp/share/HOTEL/187339/187339.jpg,https://img.travel.rakuten.co.jp/HIMG/90/187339.jpg,,,https://img.travel.rakuten.co.jp/share/HOTEL/187339/187339map.gif,79.0,4.26,"部屋の設備は普通のビジネスホテルと変わらず、快適に過ごせました。人と顔を合わせたくない方には良いと思います。セブンに隣接してる店舗が多い気がしますの…　2026-05-10 18:10:52投稿 <a href=""https://img.travel.rakuten.co.jp/image/tr/api/re/gJNfM/?f_hotel_no=187339"" class=""3click"">つづきはこちら</a>",double,【禁煙】ダブルルーム （約12平米/最大2名様）,5682229.0,【スタンダード】ビジネスや観光の拠点に♪軽食＆ホットドリンク付【駐車場至近＆無料】,1,0,0,0,0,1,https://img.travel.rakuten.co.jp/image/tr/api/re/IdsCY/?f_no=187339&f_syu=double&f_hi1=2026-05-19&f_hi2=2026-05-20&f_heya_su=1&f_otona_su=1&f_s1=0&f_s2=0&f_y1=0&f_y2=0&f_y3=0&f_y4=0&f_camp_id=5682229,0,2026-05-19,6000,6000,0,2026-05-19,chikuzen
31978,国民宿舎　マリンテラスあしや,https://img.travel.rakuten.co.jp/image/tr/api/re/pvonD/?f_no=31978,https://img.travel.rakuten.co.jp/image/tr/api/re/vFumt/?f_no=31978&f_flg=PLAN,https://img.travel.rakuten.co.jp/image/tr/api/re/WzozX/?noTomariHotel=31978,https://img.travel.rakuten.co.jp/image/tr/api/re/gJNfM/?f_hotel_no=31978,こくみんしゅくしゃ　まりんてらす　あしや,楽天アワード受賞！ビーチ４分！全室オーシャンビュー！響灘の夕陽×癒やしのお風呂と海幸が人気の宿,5500,122034.26,470398.45,807-0141,福岡県,遠賀郡芦屋町山鹿1588,050-3161-9612,093-222-0399,ＪＲ鹿児島本線折尾駅よりバス／九州自動車道鞍手ＩＣより2５分,無料駐車場100台　先着順 　※当館の駐車場への道はやや急な傾斜があるため通行にはご注意ください。,折尾,https://img.travel.rakuten.co.jp/share/HOTEL/31978/31978.jpg,https://img.travel.rakuten.co.jp/HIMG/90/31978.jpg,https://img.travel.rakuten.co.jp/share/HOTEL/31978/31978_kan1.jpg,https://img.travel.rakuten.co.jp/HIMG/INTERIOR/31978.jpg,https://img.travel.rakuten.co.jp/share/HOTEL/31978/31978map.gif,430.0,4.3,"またまた、食事が最高で普通の夕飯を選んだのですが、食べきれないくらいでした。まぁ、オーバー60だからかもしれませんが、…　2026-05-13 18:35:38投稿 <a href=""https://img.travel.rakuten.co.jp/image/tr/api/re/gJNfM/?f_hotel_no=31978"" class=""3click"">つづきはこちら</a>",wasu-ns,絶景の海を望む〜和室／禁煙,5136750.0,【オーシャンビューでリラックス】潮騒で癒やされるシンプル☆素泊プラン,1,0,0,0,0,1,https://img.travel.rakuten.co.jp/image/tr/api/re/IdsCY/?f_no=31978&f_syu=wasu-ns&f_hi1=2026-05-19&f_hi2=2026-05-20&f_heya_su=1&f_otona_su=1&f_s1=0&f_s2=0&f_y1=0&f_y2=0&f_y3=0&f_y4=0&f_camp_id=5136750,0,2026-05-19,6600,6600,0,2026-05-19,chikuzen
189105,ＨＯＴＥＬ　Ｒ９　Ｔｈｅ　Ｙａｒｄ　中間,https://img.travel.rakuten.co.jp/image/tr/api/re/pvonD/?f_no=189105,https://img.travel.rakuten.co.jp/image/tr/api/re/vFumt/?f_no=189105&f_flg=PLAN,https://img.travel.rakuten.co.jp/image/tr/api/re/WzozX/?noTomariHotel=189105,https://img.travel.rakuten.co.jp/image/tr/api/re/gJNfM/?f_hotel_no=189105, あーるないん ざ やーど なかま,【駐車場無料】「トライアル・イオンなかま店」の側！独立客室には個別空調を完備◎パスタなど軽食サービス付,3900,121745.78,470610.16,809-0013,福岡県,中間市上蓮花寺2-2-1,093-482-8711, ,【電車】筑豊電気鉄道線　「通谷駅」「東中間駅」より徒歩約５分、ＪＲ筑豊本線　「中間駅」より車で約７分 【お車】九州自動車,無料 有り 47台※大型車（2トントラック以上）をご利用の際は、事前にお電話でお問い合わせください。,通谷,https://img.travel.rakuten.co.jp/share/HOTEL/189105/189105.jpg,https://img.travel.rakuten.co.jp/HIMG/90/189105.jpg,,,https://img.travel.rakuten.co.jp/share/HOTEL/189105/189105map.gif,82.0,4.11,"急用で親族複数人で泊まれる宿泊先が必要になったがゴールデンウィーク中で空きのあるホテルが少なく、また空きがあっても料金が高い状態で困っていたところに見つけま…　2026-05-02 19:46:10投稿 <a href=""https://img.travel.rakuten.co.jp/image/tr/api/re/gJNfM/?f_hotel_no=189105"" class=""3click"">つづきはこちら</a>",twin,【禁煙】ツインルーム （約13平米/最大2名様）,5881535.0,【スタンダード】ビジネスや観光の拠点に♪軽食＆ホットドリンク付【駐車場至近＆無料】,1,0,0,0,0,1,https://img.travel.rakuten.co.jp/image/tr/api/re/IdsCY/?f_no=189105&f_syu=twin&f_hi1=2026-05-19&f_hi2=2026-05-20&f_heya_su=1&f_otona_su=1&f_s1=0&f_s2=0&f_y1=0&f_y2=0&f_y3=0&f_y4=0&f_camp_id=5881535,0,2026-05-19,5500,5500,0,2026-05-19,chikuzen
149494,ホテル　ニューホープ,https://img.travel.rakuten.co.jp/image/tr/api/re/pvonD/?f_no=149494,https://img.travel.rakuten.co.jp/image/tr/api/re/vFumt/?f_no=149494&f_flg=PLAN,https://img.travel.rakuten.co.jp/image/tr/api/re/WzozX/?noTomariHotel=149494,https://img.travel.rakuten.co.jp/image/tr/api/re/gJNfM/?f_hotel_no=149494,にゅーほーぷ,全３０室・オールシングルルーム　いつでもお気軽にご利用いただけます！,6250,121480.95,470625.7,822-0027,福岡県,直方市古町7-8,0949-22-5888,0949-22-5889,ＪＲ　直方駅より徒歩にて約５分,無し,直方,https://img.travel.rakuten.co.jp/share/HOTEL/149494/149494.jpg,https://img.travel.rakuten.co.jp/HIMG/90/149494.jpg,https://img.travel.rakuten.co.jp/share/HOTEL/149494/149494_kan1.jpg,https://img.travel.rakuten.co.jp/HIMG/INTERIOR/149494.jpg,https://img.travel.rakuten.co.jp/share/HOTEL/149494/149494map.gif,91.0,4.37,"…　2026-05-13 21:30:40投稿 <a href=""https://img.travel.rakuten.co.jp/image/tr/api/re/gJNfM/?f_hotel_no=149494"" class=""3click"">つづきはこちら</a>",s01nm,シングル素泊り喫煙ルーム,,,1,0,0,0,0,2,https://img.travel.rakuten.co.jp/image/tr/api/re/IdsCY/?f_no=149494&f_syu=s01nm&f_hi1=2026-05-19&f_hi2=2026-05-20&f_heya_su=1&f_otona_su=1&f_s1=0&f_s2=0&f_y1=0&f_y2=0&f_y3=0&f_y4=0,1,2026-05-19,6800,6800,0,2026-05-19,chikuzen
177721,田川伊田駅舎ホテル,https://img.travel.rakuten.co.jp/image/tr/api/re/pvonD/?f_no=177721,https://img.travel.rakuten.co.jp/image/tr/api/re/vFumt/?f_no=177721&f_flg=PLAN,https://img.travel.rakuten.co.jp/image/tr/api/re/WzozX/?noTomariHotel=177721,https://img.travel.rakuten.co.jp/image/tr/api/re/gJNfM/?f_hotel_no=177721,たがわいたえきしゃほてる,田川伊田駅舎内のホテルです。寝台列車をモチーフに造られています。,3500,121100.79,470951.43,825-0015,福岡県,田川市伊田町2621-3　田川伊田駅舎2F,0947-85-8325,0947-85-8321,田川伊田駅より徒歩にて約１分,専用駐車場無し　近くにコインパーキング有り,田川伊田,https://img.travel.rakuten.co.jp/share/HOTEL/177721/177721.jpg,https://img.travel.rakuten.co.jp/HIMG/90/177721.jpg,,,https://img.travel.rakuten.co.jp/share/HOTEL/177721/177721map.gif,100.0,3.56,"そして4人部屋のコンパートメン…　2026-05-09 20:31:52投稿 <a href=""https://img.travel.rakuten.co.jp/image/tr/api/re/gJNfM/?f_hotel_no=177721"" class=""3click"">つづきはこちら</a>",06,3階　別邸　2段ベッド（ドミトリー）,6305820.0,【事前決済】3階別邸　2段ベッド（ドミトリ‐）　シーツ・カバーのセットはお客様にお願しています。,1,0,0,0,0,2,https://img.travel.rakuten.co.jp/image/tr/api/re/IdsCY/?f_no=177721&f_syu=06&f_hi1=2026-05-19&f_hi2=2026-05-20&f_heya_su=1&f_otona_su=1&f_s1=0&f_s2=0&f_y1=0&f_y2=0&f_y3=0&f_y4=0&f_camp_id=6305820,0,2026-05-19,3500,3500,0,2026-05-19,chikuzen
165802,ぶどうの樹ふくつ海岸通り　光の海ホテル＆リゾート　波の音（旧：グランピング福岡）,https://img.travel.rakuten.co.jp/image/tr/api/re/pvonD/?f_no=165802,https://img.travel.rakuten.co.jp/image/tr/api/re/vFumt/?f_no=165802&f_flg=PLAN,https://img.travel.rakuten.co.jp/image/tr/api/re/WzozX/?noTomariHotel=165802,https://img.travel.rakuten.co.jp/image/tr/api/re/gJNfM/?f_hotel_no=165802,ぶどうのきふくつかいがんどおり　ひかりのうみほてるあんどりぞーと　なみのおと,福岡市内から30分！グランピングを楽しむビーチ直結のコンセプトコテージ。絶景鮨＆BBQ！海辺のコテージでグルメ旅,8800,121570.67,469705.4,811-3219,福岡県,福津市西福間4-10-10,0120-46-4956,0940-43-7717,福間駅よりお車にて約５分,有り　３０台　無料　予約不要,福間,https://img.travel.rakuten.co.jp/share/HOTEL/165802/165802.jpg,https://img.travel.rakuten.co.jp/HIMG/90/165802.jpg,https://img.travel.rakuten.co.jp/share/HOTEL/165802/165802_kan1.jpg,https://img.travel.rakuten.co.jp/HIMG/INTERIOR/165802.jpg,https://img.travel.rakuten.co.jp/share/HOTEL/165802/165802map.gif,29.0,4.67,,irodori,【ロフト付コテージ】イロドリキッチン＆ジェットバス付,6032528.0,【素泊まり】観光・出張・ビジネスに！博多から30分／食事なし／20:30イン可／キッチン完備,1,0,0,0,0,1,https://img.travel.rakuten.co.jp/image/tr/api/re/IdsCY/?f_no=165802&f_syu=irodori&f_hi1=2026-05-19&f_hi2=2026-05-20&f_heya_su=1&f_otona_su=1&f_s1=0&f_s2=0&f_y1=0&f_y2=0&f_y3=0&f_y4=0&f_camp_id=6032528,0,2026-05-19,19800,19800,0,2026-05-19,chikuzen
108571,ビジネスホテル　大和屋,https://img.travel.rakuten.co.jp/image/tr/api/re/pvonD/?f_no=108571,https://img.travel.rakuten.co.jp/image/tr/api/re/vFumt/?f_no=108571&f_flg=PLAN,https://img.travel.rakuten.co.jp/image/tr/api/re/WzozX/?noTomariHotel=108571,https://img.travel.rakuten.co.jp/image/tr/api/re/gJNfM/?f_hotel_no=108571,やまとや,新飯塚駅から徒歩約１分、コンビニまで徒歩約２分 アットホームなビジネス旅館です。真心込めたおふくろの味でおもてなし♪♪,3080,121108.15,470502.12,820-0005,福岡県,飯塚市新飯塚5-13,0948-22-2544,0948-22-7076,博多から快速で乗り換えなし約35分の新飯塚駅より徒歩にて約１分,有り　１０台　無料　予約不要（１０ｍ以下バス可）,新飯塚,https://img.travel.rakuten.co.jp/share/HOTEL/108571/108571.jpg,https://img.travel.rakuten.co.jp/HIMG/90/108571.jpg,https://img.travel.rakuten.co.jp/share/HOTEL/108571/108571_ru.jpg,https://img.travel.rakuten.co.jp/HIMG/INTERIOR/108571.jpg,https://img.travel.rakuten.co.jp/share/HOTEL/108571/108571map.gif,82.0,4.14,,tw,洋室ツインルーム（喫煙可）Wi-Fiウォーターサーバー無料★,3256981.0,【素泊りスタンダードプラン】１名4950円　※通年の基本料金プランです。,1,0,0,0,0,1,https://img.travel.rakuten.co.jp/image/tr/api/re/IdsCY/?f_no=108571&f_syu=tw&f_hi1=2026-05-19&f_hi2=2026-05-20&f_heya_su=1&f_otona_su=1&f_s1=0&f_s2=0&f_y1=0&f_y2=0&f_y3=0&f_y4=0&f_camp_id=3256981,0,2026-05-19,4950,4950,0,2026-05-19,chikuzen
106165,桝屋旅館,https://img.travel.rakuten.co.jp/image/tr/api/re/pvonD/?f_no=106165,https://img.travel.rakuten.co.jp/image/tr/api/re/vFumt/?f_no=106165&f_flg=PLAN,https://img.travel.rakuten.co.jp/image/tr/api/re/WzozX/?noTomariHotel=106165,https://img.travel.rakuten.co.jp/image/tr/api/re/gJNfM/?f_hotel_no=106165,ますやりょかん,★博多駅から電車で20分★無料でwifi利用可♪　四国八十八カ所の打ち始め「本明院」まで徒歩9分♪　お遍路の杖貸出し有,7200,121033.0,469896.62,811-2417,福岡県,糟屋郡篠栗町中央１丁目３番２９号,092-947-0156,092-947-0788,ＪＲ篠栗駅より徒歩1分。博多駅から電車で最速約20分。駐車場は無料です。（事前にご連絡下さい）/和菓子屋併設,無料駐車場４台　※要予約ですので事前にお問い合わせ下さい。TEL：092-947-0156,篠栗,https://img.travel.rakuten.co.jp/share/HOTEL/106165/106165.jpg,https://img.travel.rakuten.co.jp/HIMG/90/106165.jpg,https://img.travel.rakuten.co.jp/share/HOTEL/106165/106165_room.jpg,https://img.travel.rakuten.co.jp/HIMG/INTERIOR/106165.jpg,https://img.travel.rakuten.co.jp/share/HOTEL/106165/106165map.gif,66.0,4.4,,w,和室６畳【鍵あり】博多駅から電車20分♪無料wifi利用可,3037931.0,【博多駅から電車で最速約20分】          ◇桝屋旅館     素泊まりプラン◇　和室６畳,1,0,0,0,0,0,https://img.travel.rakuten.co.jp/image/tr/api/re/IdsCY/?f_no=106165&f_syu=w&f_hi1=2026-05-19&f_hi2=2026-05-20&f_heya_su=1&f_otona_su=1&f_s1=0&f_s2=0&f_y1=0&f_y2=0&f_y3=0&f_y4=0&f_camp_id=3037931,0,2026-05-19,7200,7200,0,2026-05-19,chikuzen
179214,ザ・リトリート,https://img.travel.rakuten.co.jp/image/tr/api/re/pvonD/?f_no=179214,https://img.travel.rakuten.co.jp/image/tr/api/re/vFumt/?f_no=179214&f_flg=PLAN,https://img.travel.rakuten.co.jp/image/tr/api/re/WzozX/?noTomariHotel=179214,https://img.travel.rakuten.co.jp/image/tr/api/re/gJNfM/?f_hotel_no=179214,ざ　りとりーと,全室冷暖房完備／快適に最高のアウトドア体験！ドリンクもアクティビティもオールインクルーシブ♪朝食はホテルハーフブッフェ！,11464,121154.21,470682.31,820-0115,福岡県,飯塚市仁保8-37,0948-82-3177,0948-82-3178,ＪＲ　新飯塚駅よりお車にて約１５分,有り　８０台　無料　予約不要,新飯塚,https://img.travel.rakuten.co.jp/share/HOTEL/179214/179214.jpg,https://img.travel.rakuten.co.jp/HIMG/90/179214.jpg,https://img.travel.rakuten.co.jp/share/HOTEL/179214/179214_kan1.jpg,https://img.travel.rakuten.co.jp/HIMG/INTERIOR/179214.jpg,https://img.travel.rakuten.co.jp/share/HOTEL/179214/179214map.gif,116.0,4.57,"部屋も広く、部屋のすぐそばでBBQもできるため非日常を味わうこと…　2026-05-02 19:42:26投稿 <a href=""https://img.travel.rakuten.co.jp/image/tr/api/re/gJNfM/?f_hotel_no=179214"" class=""3click"">つづきはこちら</a>",ml15,【ホテルタイプ】マウンテンロッジ,6370409.0,☆ビジネスプラン☆駐車場無料☆朝食＆フリードリンク付プラン☆ホテル（山側）,1,0,0,1,0,1,https://img.travel.rakuten.co.jp/image/tr/api/re/IdsCY/?f_no=179214&f_syu=ml15&f_hi1=2026-05-19&f_hi2=2026-05-20&f_heya_su=1&f_otona_su=1&f_s1=0&f_s2=0&f_y1=0&f_y2=0&f_y3=0&f_y4=0&f_camp_id=6370409,0,2026-05-19,11850,11850,0,2026-05-19,chikuzen
172253,お寺で過ごすやすらぎのひととき　明石寺　大日屋旅館,https://img.travel.rakuten.co.jp/image/tr/api/re/pvonD/?f_no=172253,https://img.travel.rakuten.co.jp/image/tr/api/re/vFumt/?f_no=172253&f_flg=PLAN,,https://img.travel.rakuten.co.jp/image/tr/api/re/gJNfM/?f_hotel_no=172253,おてらですごすやすらぎのひととき　あかしでら　だいにちやりょかん,心を込めて作る自慢のお食事と日本の四季折々の自然。日々の慌ただしさから少し離れ、心洗われるひと時をお過ごしください。,10550,121035.52,470005.73,811-2405,福岡県,糟屋郡篠栗町篠栗3091,092-947-0418,092-947-4699,博多駅～福北ゆたか線（20分）筑前山手駅より徒歩7分。九州自動車道/福岡都市高速・福岡ＩＣより東へ約10分,無料駐車場アリ（先着順・10台まで）,筑前山手,https://img.travel.rakuten.co.jp/share/HOTEL/172253/172253.jpg,https://img.travel.rakuten.co.jp/HIMG/90/172253.jpg,,,https://img.travel.rakuten.co.jp/share/HOTEL/172253/172253map.gif,22.0,4.71,,wa2,昔ながらの和室,5114850.0,【お遍路プラン】伝統のお遍路料理が味わえる！野菜とお魚のヘルシー会席【1泊２食】,1,1,0,1,0,1,https://img.travel.rakuten.co.jp/image/tr/api/re/IdsCY/?f_no=172253&f_syu=wa2&f_hi1=2026-05-19&f_hi2=2026-05-20&f_heya_su=1&f_otona_su=1&f_s1=0&f_s2=0&f_y1=0&f_y2=0&f_y3=0&f_y4=0&f_camp_id=5114850,0,2026-05-19,11650,11650,0,2026-05-19,chikuzen
192774,ひこさんホテル和,https://img.travel.rakuten.co.jp/image/tr/api/re/pvonD/?f_no=192774,https://img.travel.rakuten.co.jp/image/tr/api/re/vFumt/?f_no=192774&f_flg=PLAN,https://img.travel.rakuten.co.jp/image/tr/api/re/WzozX/?noTomariHotel=192774,https://img.travel.rakuten.co.jp/image/tr/api/re/gJNfM/?f_hotel_no=192774,ひこさんほてるなごみ,パワースポット英彦山の中腹にある自然感じる温泉旅館,6200,120556.46,471277.35,824-0721,福岡県,田川郡添田町英彦山233-5,0947-85-0121,0947-85-0465,添田駅より車で約２０分、大分自動車道杷木インターより約５０分,有り　２０台　無料　予約不要,添田,https://img.travel.rakuten.co.jp/share/HOTEL/192774/192774.jpg,https://img.travel.rakuten.co.jp/HIMG/90/192774.jpg,,,https://img.travel.rakuten.co.jp/share/HOTEL/192774/192774map.gif,13.0,3.5,,wa10,和室10畳,6156302.0,【素泊まり】食事はついていない自由旅。温泉と英彦山散策をお楽しみください,1,0,0,0,0,0,https://img.travel.rakuten.co.jp/image/tr/api/re/IdsCY/?f_no=192774&f_syu=wa10&f_hi1=2026-05-19&f_hi2=2026-05-20&f_heya_su=1&f_otona_su=1&f_s1=0&f_s2=0&f_y1=0&f_y2=0&f_y3=0&f_y4=0&f_camp_id=6156302,0,2026-05-19,8200,8200,0,2026-05-19,chikuzen
164796,華杏　弥太楼,https://img.travel.rakuten.co.jp/image/tr/api/re/pvonD/?f_no=164796,https://img.travel.rakuten.co.jp/image/tr/api/re/vFumt/?f_no=164796&f_flg=PLAN,https://img.travel.rakuten.co.jp/image/tr/api/re/WzozX/?noTomariHotel=164796,https://img.travel.rakuten.co.jp/image/tr/api/re/gJNfM/?f_hotel_no=164796,はなあんず　やたろう,玄界灘へ沈む夕日に心を癒し、こだわり抜いた海の幸に舌鼓を。 喧騒を離れて過ごす至福のひとときをお過ごしください。,8550,121816.93,469744.06,811-3521,福岡県,福津市勝浦530-2,0940-62-3282,0940-62-3941,九州道・古賀ICまたは若宮ICより約30分／JR東郷駅よりお車（タクシー）で約15分／福岡空港よりお車で約60分,有り　３０台　無料　予約不要,東郷,https://img.travel.rakuten.co.jp/share/HOTEL/164796/164796.jpg,https://img.travel.rakuten.co.jp/HIMG/90/164796.jpg,https://img.travel.rakuten.co.jp/share/HOTEL/164796/164796_kan1.jpg,https://img.travel.rakuten.co.jp/HIMG/INTERIOR/164796.jpg,https://img.travel.rakuten.co.jp/share/HOTEL/164796/164796map.gif,11.0,4.14,,002,【和室（小）】玄界灘を望む宿・山側和室（海ビュー無し）,6277631.0,【素泊まり】ビジネス利用にもにオススメ！ 素泊まりプラン,1,0,0,0,0,1,https://img.travel.rakuten.co.jp/image/tr/api/re/IdsCY/?f_no=164796&f_syu=002&f_hi1=2026-05-19&f_hi2=2026-05-20&f_heya_su=1&f_otona_su=1&f_s1=0&f_s2=0&f_y1=0&f_y2=0&f_y3=0&f_y4=0&f_camp_id=6277631,0,2026-05-19,9440,9440,0,2026-05-19,chikuzen
109125,玄海旅館,https://img.travel.rakuten.co.jp/image/tr/api/re/pvonD/?f_no=109125,https://img.travel.rakuten.co.jp/image/tr/api/re/vFumt/?f_no=109125&f_flg=PLAN,https://img.travel.rakuten.co.jp/image/tr/api/re/WzozX/?noTomariHotel=109125,https://img.travel.rakuten.co.jp/image/tr/api/re/gJNfM/?f_hotel_no=109125,げんかいりょかん,2025年2月新館「神の湊通り」NEWオープン！！全24部屋・露天風呂客室は９部屋に。銭湯＆公民館BARもオープン♪,10500,121852.36,469758.94,811-3501,福岡県,宗像市神湊485-7,0940-62-0001,0940-62-2010,東郷駅からお車で１５分,有り　25台　無料　予約不要,東郷,https://img.travel.rakuten.co.jp/share/HOTEL/109125/109125.jpg,https://img.travel.rakuten.co.jp/HIMG/90/109125.jpg,https://img.travel.rakuten.co.jp/share/HOTEL/109125/109125_kya.jpg,https://img.travel.rakuten.co.jp/HIMG/INTERIOR/109125.jpg,https://img.travel.rakuten.co.jp/share/HOTEL/109125/109125map.gif,69.0,4.27,"料理も夕食・朝食共に新鮮なお魚がとても美味しく、食物アレルギー…　2026-05-09 23:07:39投稿 <a href=""https://img.travel.rakuten.co.jp/image/tr/api/re/gJNfM/?f_hotel_no=109125"" class=""3click"">つづきはこちら</a>",10,ツイン〈離れ・景観なし・シャワー〉,6455270.0,【お日にち限定】素泊まりプラン　銭湯＆ハッピアワー付☆,1,0,0,0,0,1,https://img.travel.rakuten.co.jp/image/tr/api/re/IdsCY/?f_no=109125&f_syu=10&f_hi1=2026-05-19&f_hi2=2026-05-20&f_heya_su=1&f_otona_su=1&f_s1=0&f_s2=0&f_y1=0&f_y2=0&f_y3=0&f_y4=0&f_camp_id=6455270,0,2026-05-19,18100,18100,0,2026-05-19,chikuzen
14726,海辺の料理小宿　はつしろ,https://img.travel.rakuten.co.jp/image/tr/api/re/pvonD/?f_no=14726,https://img.travel.rakuten.co.jp/image/tr/api/re/vFumt/?f_no=14726&f_flg=PLAN,,https://img.travel.rakuten.co.jp/image/tr/api/re/gJNfM/?f_hotel_no=14726,うみべのりょうりこやど　はつしろ,【2023年和洋室リニューアルオープン！】地元漁港から仕入る新鮮な海の幸が自慢！旬魚・活きイカ・ふぐ・伊勢エビを楽しむ！,6600,121952.62,470069.96,811-4202,福岡県,遠賀郡岡垣町原670-14　波津海水浴場前,093-283-0001,093-282-2233,JR鹿児島本線「海老津駅」より車で15分 / 九州自動車道 八幡ICより40分 / 福岡空港より車で90分,有り　15台　無料　先着順,海老津,https://img.travel.rakuten.co.jp/share/HOTEL/14726/14726.jpg,https://img.travel.rakuten.co.jp/HIMG/90/14726.jpg,https://img.travel.rakuten.co.jp/share/HOTEL/14726/14726_war.jpg,https://img.travel.rakuten.co.jp/HIMG/INTERIOR/14726.jpg,https://img.travel.rakuten.co.jp/share/HOTEL/14726/14726map.gif,23.0,4.5,,washitu,オーシャンビュー【和室】10畳,6307709.0,【素泊まり】全室オーシャンビュー！海辺の宿で絶景に心安らぐ1日を＜海まで徒歩3分＞,1,0,0,0,0,1,https://img.travel.rakuten.co.jp/image/tr/api/re/IdsCY/?f_no=14726&f_syu=washitu&f_hi1=2026-05-19&f_hi2=2026-05-20&f_heya_su=1&f_otona_su=1&f_s1=0&f_s2=0&f_y1=0&f_y2=0&f_y3=0&f_y4=0&f_camp_id=6307709,0,2026-05-19,14300,14300,0,2026-05-19,chikuzen
183303,ＶＩＬＬＡ　ＭＩＮＡＷＡ,https://img.travel.rakuten.co.jp/image/tr/api/re/pvonD/?f_no=183303,https://img.travel.rakuten.co.jp/image/tr/api/re/vFumt/?f_no=183303&f_flg=PLAN,,https://img.travel.rakuten.co.jp/image/tr/api/re/gJNfM/?f_hotel_no=183303,&#12436;ぃら　みなわ,【神宿る島「沖ノ島」に一番近い宿】オーシャンビューの一棟貸切宿で、大切な人と非日常を味わうひと時をお過ごしください。,17400,122062.02,469480.57,811-3701,福岡県,宗像市大島字神崎2695-63,050-6883-8922,050-5213-1636,福岡空港よりお車にて約２時間半（途中フェリー乗船あり）。宗像大島港渡船ターミナルより車で約10分。,有り　４台　無料　予約不要,福岡空港,https://img.travel.rakuten.co.jp/share/HOTEL/183303/183303.jpg,https://img.travel.rakuten.co.jp/HIMG/90/183303.jpg,,,https://img.travel.rakuten.co.jp/share/HOTEL/183303/183303map.gif,1.0,,,001,【一日一組限定】神宿る島「沖ノ島」に最も近い貸切宿（禁煙）,6235974.0,【朝食付き】MINAWA限定の朝食セットをお部屋にお届け！気持ちよく一日を始めよう,1,0,0,1,0,2,https://img.travel.rakuten.co.jp/image/tr/api/re/IdsCY/?f_no=183303&f_syu=001&f_hi1=2026-05-19&f_hi2=2026-05-20&f_heya_su=1&f_otona_su=1&f_s1=0&f_s2=0&f_y1=0&f_y2=0&f_y3=0&f_y4=0&f_camp_id=6235974,0,2026-05-19,52000,52000,0,2026-05-19,chikuzen
183533,宮若虎の湯,https://img.travel.rakuten.co.jp/image/tr/api/re/pvonD/?f_no=183533,https://img.travel.rakuten.co.jp/image/tr/api/re/vFumt/?f_no=183533&f_flg=PLAN,https://img.travel.rakuten.co.jp/image/tr/api/re/WzozX/?noTomariHotel=183533,https://img.travel.rakuten.co.jp/image/tr/api/re/gJNfM/?f_hotel_no=183533,みやわかとらのゆ,【夕食アルコールも飲み放題】宮若の地にビュッフェタイプの温泉旅館が出来ました。安心の全室温泉付き客室,16850,121331.05,470142.64,822-0131,福岡県,宮若市乙野644-2,0949-28-7435,0949-28-7436,宮若ICより車で15分　福岡ICより車で30分　 JR篠栗駅より車で約20分,有り　50台　無料　予約不要,篠栗,https://img.travel.rakuten.co.jp/share/HOTEL/183533/183533.jpg,https://img.travel.rakuten.co.jp/HIMG/90/183533.jpg,,,https://img.travel.rakuten.co.jp/share/HOTEL/183533/183533map.gif,419.0,4.35,"お部屋のお風呂、水で温度調整…　2026-04-29 17:54:06投稿 <a href=""https://img.travel.rakuten.co.jp/image/tr/api/re/gJNfM/?f_hotel_no=183533"" class=""3click"">つづきはこちら</a>",wakeari2,ちょっと安いツインルーム（客室温泉付／1〜2名） ,6149001.0,【素泊まり】温泉付き客室で温泉満喫！遅い到着や早い出発にオススメ！素泊まりプラン,1,0,0,0,0,2,https://img.travel.rakuten.co.jp/image/tr/api/re/IdsCY/?f_no=183533&f_syu=wakeari2&f_hi1=2026-05-19&f_hi2=2026-05-20&f_heya_su=1&f_otona_su=1&f_s1=0&f_s2=0&f_y1=0&f_y2=0&f_y3=0&f_y4=0&f_camp_id=6149001,0,2026-05-19,21850,21850,0,2026-05-19,chikuzen
49249,旅館　あけぼの館,https://img.travel.rakuten.co.jp/image/tr/api/re/pvonD/?f_no=49249,https://img.travel.rakuten.co.jp/image/tr/api/re/vFumt/?f_no=49249&f_flg=PLAN,,https://img.travel.rakuten.co.jp/image/tr/api/re/gJNfM/?f_hotel_no=49249,あけぼのかん,新飯塚駅のすぐそばでビジネスや旅の拠点に最適。アットホームな雰囲気でお出迎え致します。長期滞在大歓迎。,7000,121107.17,470500.81,820-0005,福岡県,飯塚市新飯塚6-14,0948-22-1708,0948-22-9993,ＪＲ　新飯塚駅より徒歩3分,有り　６台　無料　予約不要,新飯塚,https://img.travel.rakuten.co.jp/share/HOTEL/49249/49249.jpg,https://img.travel.rakuten.co.jp/HIMG/90/49249.jpg,https://img.travel.rakuten.co.jp/share/HOTEL/49249/49249_he.jpg,https://img.travel.rakuten.co.jp/HIMG/INTERIOR/49249.jpg,https://img.travel.rakuten.co.jp/share/HOTEL/49249/49249map.gif,2.0,,,0622,シングルベッド６畳,5878333.0,素泊まりで土日祭日も平日料金,1,0,0,0,0,2,https://img.travel.rakuten.co.jp/image/tr/api/re/IdsCY/?f_no=49249&f_syu=0622&f_hi1=2026-05-19&f_hi2=2026-05-20&f_heya_su=1&f_otona_su=1&f_s1=0&f_s2=0&f_y1=0&f_y2=0&f_y3=0&f_y4=0&f_camp_id=5878333,0,2026-05-19,7000,7000,0,2026-05-19,chikuzen
181799,海辺の鮨宿　八幡屋,https://img.travel.rakuten.co.jp/image/tr/api/re/pvonD/?f_no=181799,https://img.travel.rakuten.co.jp/image/tr/api/re/vFumt/?f_no=181799&f_flg=PLAN,https://img.travel.rakuten.co.jp/image/tr/api/re/WzozX/?noTomariHotel=181799,https://img.travel.rakuten.co.jp/image/tr/api/re/gJNfM/?f_hotel_no=181799,うみべのすしやど　やはたや,2023年全室リニューアル！鮨に地魚割烹！絶景サウナ＆お部屋食！オーシャンビュールームやサウナ付きフロア貸切ルームも有り,9900,121954.2,470062.65,811-4202,福岡県,遠賀郡岡垣町大字原670-6,093-282-0031,093-282-5061,JR海老津駅よりバス波津行で15分　波津海岸前バス停下車,有り　50台　無料,海老津,https://img.travel.rakuten.co.jp/share/HOTEL/181799/181799.jpg,https://img.travel.rakuten.co.jp/HIMG/90/181799.jpg,,,https://img.travel.rakuten.co.jp/share/HOTEL/181799/181799map.gif,49.0,4.63,"卒業旅行
クチコミの詳細はこちらから　https://review.travel.rakuten.co.jp/hotel/voice/181799?reviewId=33123477540831　2026-05-05 08:33:01投稿",201_connec,2F／和レトロ旧館／和洋室＋和室＋バスルーム／201（階段）,5669484.0,福岡出張・ビジネス・観光に！絶景屋上露天と貸切サウナを楽しむ【素泊まり】自由気ままプラン（食事なし）,1,0,0,0,0,1,https://img.travel.rakuten.co.jp/image/tr/api/re/IdsCY/?f_no=181799&f_syu=201_connec&f_hi1=2026-05-19&f_hi2=2026-05-20&f_heya_su=1&f_otona_su=1&f_s1=0&f_s2=0&f_y1=0&f_y2=0&f_y3=0&f_y4=0&f_camp_id=5669484,0,2026-05-19,15400,15400,0,2026-05-19,chikuzen
162819,いいかねＰａｌｅｔｔｅ,https://img.travel.rakuten.co.jp/image/tr/api/re/pvonD/?f_no=162819,https://img.travel.rakuten.co.jp/image/tr/api/re/vFumt/?f_no=162819&f_flg=PLAN,,https://img.travel.rakuten.co.jp/image/tr/api/re/gJNfM/?f_hotel_no=162819,いいかね　ぱれっと,自然に囲まれた小学校に泊まれます。コワーキングスペースやレコーディングスタジオのある複合型宿泊施設。,4000,120943.28,470866.33,826-0045,福岡県,田川市猪国2559,0947-49-3300, ,田川後藤寺駅よりお車にて約１０分,有り　無料　,田川後藤寺,https://img.travel.rakuten.co.jp/share/HOTEL/162819/162819.jpg,https://img.travel.rakuten.co.jp/HIMG/90/162819.jpg,https://img.travel.rakuten.co.jp/share/HOTEL/162819/162819_kan1.jpg,https://img.travel.rakuten.co.jp/HIMG/INTERIOR/162819.jpg,https://img.travel.rakuten.co.jp/share/HOTEL/162819/162819map.gif,10.0,5.0,,boxdomi5,ポッドタイプの男女共用ドミトリー◎Free Wifi,4271318.0,【シンプルステイプラン】ドミトリー素泊まり,1,0,0,0,0,1,https://img.travel.rakuten.co.jp/image/tr/api/re/IdsCY/?f_no=162819&f_syu=boxdomi5&f_hi1=2026-05-19&f_hi2=2026-05-20&f_heya_su=1&f_otona_su=1&f_s1=0&f_s2=0&f_y1=0&f_y2=0&f_y3=0&f_y4=0&f_camp_id=4271318,0,2026-05-19,4000,4000,0,2026-05-19,chikuzen
195514,Ｈａｇｕｒｕｍａ芦屋　＾,https://img.travel.rakuten.co.jp/image/tr/api/re/pvonD/?f_no=195514,https://img.travel.rakuten.co.jp/image/tr/api/re/vFumt/?f_no=195514&f_flg=PLAN,,https://img.travel.rakuten.co.jp/image/tr/api/re/gJNfM/?f_hotel_no=195514,,商店街の無人ゲストハウス。都会の喧騒を離れ、芦屋の生活を体験◎観光、出張、ワーケーションにも利用可能！,2900,121993.12,470419.27,807-0122,福岡県,遠賀郡芦屋町高浜町4-3　Ｈａｇｕｒｕｍａ芦屋,080-1794-8140,00-0000-0000,遠賀川駅より車で9分,あり,遠賀川,https://img.travel.rakuten.co.jp/share/HOTEL/195514/195514.jpg,https://img.travel.rakuten.co.jp/HIMG/90/195514.jpg,,,https://img.travel.rakuten.co.jp/share/HOTEL/195514/195514map.gif,1.0,,,1346732_2,一戸建て,6360216.0,畳ゲストルーム2名迄 / 自然豊かな芦屋町のゲストハウス / HAGURUMA ASHIYA 203,1,0,0,0,0,2,https://img.travel.rakuten.co.jp/image/tr/api/re/IdsCY/?f_no=195514&f_syu=1346732_2&f_hi1=2026-05-19&f_hi2=2026-05-20&f_heya_su=1&f_otona_su=1&f_s1=0&f_s2=0&f_y1=0&f_y2=0&f_y3=0&f_y4=0&f_camp_id=6360216,0,2026-05-19,6090,6090,0,2026-05-19,chikuzen
197663,グローバルアリーナ,https://img.travel.rakuten.co.jp/image/tr/api/re/pvonD/?f_no=197663,https://img.travel.rakuten.co.jp/image/tr/api/re/vFumt/?f_no=197663&f_flg=PLAN,https://img.travel.rakuten.co.jp/image/tr/api/re/WzozX/?noTomariHotel=197663,https://img.travel.rakuten.co.jp/image/tr/api/re/gJNfM/?f_hotel_no=197663,ぐろーばるありーな,グローバルアリーナは、憩いと交流の場としてさまざまな年代の方々にご利用いただいております。,6160,121642.19,470302.75,811-4153,福岡県,宗像市吉留46-1,0940-33-8400,0940-33-8419,JR教育大前駅よりお車で約１０分,あり　250台　無料　先着順,教育大前,https://img.travel.rakuten.co.jp/share/HOTEL/197663/197663.jpg,https://img.travel.rakuten.co.jp/HIMG/90/197663.jpg,,,https://img.travel.rakuten.co.jp/share/HOTEL/197663/197663map.gif,,,,ctw,クラブハウス洋室ツイン,,,1,0,0,0,0,0,https://img.travel.rakuten.co.jp/image/tr/api/re/IdsCY/?f_no=197663&f_syu=ctw&f_hi1=2026-05-19&f_hi2=2026-05-20&f_heya_su=1&f_otona_su=1&f_s1=0&f_s2=0&f_y1=0&f_y2=0&f_y3=0&f_y4=0,1,2026-05-19,7920,7920,0,2026-05-19,chikuzen
194027,ゲストハウス若水／民泊,https://img.travel.rakuten.co.jp/image/tr/api/re/pvonD/?f_no=194027,https://img.travel.rakuten.co.jp/image/tr/api/re/vFumt/?f_no=194027&f_flg=PLAN,,https://img.travel.rakuten.co.jp/image/tr/api/re/gJNfM/?f_hotel_no=194027,,国道３号線の近くで福岡市や北九州市の間に立地しているため観光に便利な一軒家の貸切です。【民泊】,5986,121453.93,469756.01,811-3115,福岡県,古賀市久保1165-2　Ｇｕｅｓｔ　Ｈｏｕｓｅ　Ｗａｋａｍｉｚｕ,090-4512-5698,000-000-0000,千鳥駅から徒歩で約５分,有り,千鳥,https://img.travel.rakuten.co.jp/share/HOTEL/194027/194027.jpg,https://img.travel.rakuten.co.jp/HIMG/90/194027.jpg,,,https://img.travel.rakuten.co.jp/share/HOTEL/194027/194027map.gif,2.0,,,r18625_9,一棟貸し,6184743.0,【禁煙】一軒家・交通便利・無料駐車・車3分大型ショッピングモール・10分高速・15分世界遺産・桜名所,1,0,0,0,0,2,https://img.travel.rakuten.co.jp/image/tr/api/re/IdsCY/?f_no=194027&f_syu=r18625_9&f_hi1=2026-05-19&f_hi2=2026-05-20&f_heya_su=1&f_otona_su=1&f_s1=0&f_s2=0&f_y1=0&f_y2=0&f_y3=0&f_y4=0&f_camp_id=6184743,0,2026-05-19,22968,22968,0,2026-05-19,chikuzen
199014,シークレットビーチハウス　沐　ＭＯＫＵ,https://img.travel.rakuten.co.jp/image/tr/api/re/pvonD/?f_no=199014,https://img.travel.rakuten.co.jp/image/tr/api/re/vFumt/?f_no=199014&f_flg=PLAN,,https://img.travel.rakuten.co.jp/image/tr/api/re/gJNfM/?f_hotel_no=199014,しーくれっとびーちはうす　もく,浜辺から１分。海と田園のはざまに、静かに佇む一棟貸し。 砂浜、星、焚き火、薪ストーブの宿,12700,121771.12,469734.67,811-3521,福岡県,福津市勝浦2023,080-6518-0526,--,福岡市内、福岡空港より車で約50分、JR鹿児島線福間駅より車で約15分,あり　3台　無料　予約不要,福間,https://img.travel.rakuten.co.jp/share/HOTEL/199014/199014.jpg,https://img.travel.rakuten.co.jp/HIMG/90/199014.jpg,,,https://img.travel.rakuten.co.jp/share/HOTEL/199014/199014map.gif,,,,1,【一棟貸し】コーヒー、ハーブティー付き１〜２名様料金,6445539.0,【素泊まりプラン】砂浜まですぐ　薪ストーブ、焚き火無料,1,0,0,0,0,2,https://img.travel.rakuten.co.jp/image/tr/api/re/IdsCY/?f_no=199014&f_syu=1&f_hi1=2026-05-19&f_hi2=2026-05-20&f_heya_su=1&f_otona_su=1&f_s1=0&f_s2=0&f_y1=0&f_y2=0&f_y3=0&f_y4=0&f_camp_id=6445539,0,2026-05-19,32000,32000,0,2026-05-19,chikuzen
199829,人の少ない砂浜すぐの静かな一棟貸し　＾,https://img.travel.rakuten.co.jp/image/tr/api/re/pvonD/?f_no=199829,https://img.travel.rakuten.co.jp/image/tr/api/re/vFumt/?f_no=199829&f_flg=PLAN,,https://img.travel.rakuten.co.jp/image/tr/api/re/gJNfM/?f_hotel_no=199829,,日常を手放し、静寂に還る宿「沐」。,14694,121771.12,469734.67,811-3521,福岡県,福津市勝浦2023,080-6518-0526,00-0000-0000,東郷駅から車で15分,あり,東郷,https://img.travel.rakuten.co.jp/share/HOTEL/199829/199829.jpg,https://img.travel.rakuten.co.jp/HIMG/90/199829.jpg,,,https://img.travel.rakuten.co.jp/share/HOTEL/199829/199829map.gif,,,,1492270_3,一戸建て,6436105.0,海と田園のはざまに、静かに佇む一棟貸し。 薪ストーブの温もりとともに 特別な時間を,1,0,0,0,0,2,https://img.travel.rakuten.co.jp/image/tr/api/re/IdsCY/?f_no=199829&f_syu=1492270_3&f_hi1=2026-05-19&f_hi2=2026-05-20&f_heya_su=1&f_otona_su=1&f_s1=0&f_s2=0&f_y1=0&f_y2=0&f_y3=0&f_y4=0&f_camp_id=6436105,0,2026-05-19,37120,37120,0,2026-05-19,chikuzen
196388,民宿しらいし,https://img.travel.rakuten.co.jp/image/tr/api/re/pvonD/?f_no=196388,https://img.travel.rakuten.co.jp/image/tr/api/re/vFumt/?f_no=196388&f_flg=PLAN,https://img.travel.rakuten.co.jp/image/tr/api/re/WzozX/?noTomariHotel=196388,https://img.travel.rakuten.co.jp/image/tr/api/re/gJNfM/?f_hotel_no=196388,しらいし,宗像大社や沖ノ島など、古くから海の歴史に彩られた宗像市。その一角にある漁師町、鐘崎にて営業してます。,5700,121941.55,469924.16,811-3513,福岡県,宗像市上八848-5,0940-62-1149,0940-62-3318,東郷駅より車で約１５分、九州自動車道古賀ＩＣより約４０分。,有り　５０台　無料　予約不要,東郷,https://img.travel.rakuten.co.jp/share/HOTEL/196388/196388.jpg,https://img.travel.rakuten.co.jp/HIMG/90/196388.jpg,,,https://img.travel.rakuten.co.jp/share/HOTEL/196388/196388map.gif,11.0,4.64,,atype,オーシャンビュートリプルルーム+和室（2~6名様）,6445490.0,【平日限定】だるま特選！海鮮満喫 1泊2食プラン,1,1,0,1,0,2,https://img.travel.rakuten.co.jp/image/tr/api/re/IdsCY/?f_no=196388&f_syu=atype&f_hi1=2026-05-19&f_hi2=2026-05-20&f_heya_su=1&f_otona_su=1&f_s1=0&f_s2=0&f_y1=0&f_y2=0&f_y3=0&f_y4=0&f_camp_id=6445490,0,2026-05-19,40370,40370,0,2026-05-19,chikuzen
14436,アメニティホテルｉｎ博多,https://img.travel.rakuten.co.jp/image/tr/api/re/pvonD/?f_no=14436,https://img.travel.rakuten.co.jp/image/tr/api/re/vFumt/?f_no=14436&f_flg=PLAN,https://img.travel.rakuten.co.jp/image/tr/api/re/WzozX/?noTomariHotel=14436,https://img.travel.rakuten.co.jp/image/tr/api/re/gJNfM/?f_hotel_no=14436,あめにてぃほてるいん　はかた,地下鉄『中洲川端駅』より徒歩3分★朝食ビュッフェ無料（明太子も食べ放題）★漫画約2000冊が読み放題★,4350,120932.05,469477.2,812-0026,福岡県,福岡市博多区上川端町14-25,092-282-0041,092-282-0044,地下鉄『中洲川端駅』7番出口より徒歩3分,専用駐車場はございませんが、近隣の一般駐車場をご案内いたしております。,中洲川端,https://img.travel.rakuten.co.jp/share/HOTEL/14436/14436.jpg,https://img.travel.rakuten.co.jp/HIMG/90/14436.jpg,https://img.travel.rakuten.co.jp/share/HOTEL/14436/14436_s.jpg,https://img.travel.rakuten.co.jp/HIMG/INTERIOR/14436.jpg,https://img.travel.rakuten.co.jp/share/HOTEL/14436/14436map.gif,2912.0,4.14,"クチコミの詳細はこちらから　https://review.travel.rakuten.co.jp/h…　2026-05-12 20:01:46投稿 <a href=""https://img.travel.rakuten.co.jp/image/tr/api/re/gJNfM/?f_hotel_no=14436"" class=""3click"">つづきはこちら</a>",s-s,【喫煙】シングル（全室Wi-Fi利用可）,5473174.0,【事前カード決済限定】シングル（朝食ビュッフェ無料・明太子食べ放題、コーヒー無料サービス）,1,0,0,1,0,2,https://img.travel.rakuten.co.jp/image/tr/api/re/IdsCY/?f_no=14436&f_syu=s-s&f_hi1=2026-05-19&f_hi2=2026-05-20&f_heya_su=1&f_otona_su=1&f_s1=0&f_s2=0&f_y1=0&f_y2=0&f_y3=0&f_y4=0&f_camp_id=5473174,0,2026-05-19,11800,11800,0,2026-05-19,seibu
130169,ホテルリソルトリニティ博多,https://img.travel.rakuten.co.jp/image/tr/api/re/pvonD/?f_no=130169,https://img.travel.rakuten.co.jp/image/tr/api/re/vFumt/?f_no=130169&f_flg=PLAN,https://img.travel.rakuten.co.jp/image/tr/api/re/WzozX/?noTomariHotel=130169,https://img.travel.rakuten.co.jp/image/tr/api/re/gJNfM/?f_hotel_no=130169,ほてるりそるとりにてぃはかた,【中洲川端駅徒歩1分】展望大浴場のある“くつろぎ”のホテル。天神エリア・キャナルシティも徒歩圏！全客室Ｗｉ-Ｆｉ接続可能,8550,120922.52,469470.19,810-0801,福岡県,福岡市博多区中洲4-4-10,092-282-9269,092-282-9279,地下鉄　中洲川端駅から徒歩で１分■①番出口（階段のみ）■④番出口（エスカレータ・EVあり）,有り　機械式駐車場２２台／青空駐車場６台　１，６００円（税込／泊）※ご予約制ではなく先着順となります,中洲川端,https://img.travel.rakuten.co.jp/share/HOTEL/130169/130169.jpg,https://img.travel.rakuten.co.jp/HIMG/90/130169.jpg,https://img.travel.rakuten.co.jp/share/HOTEL/130169/130169_kan.jpg,https://img.travel.rakuten.co.jp/HIMG/INTERIOR/130169.jpg,https://img.travel.rakuten.co.jp/share/HOTEL/130169/130169map.gif,2512.0,4.37,"クチコミの詳細はこちらから　https://review.travel.rakuten.co.jp/hotel/…　2026-05-13 09:05:03投稿 <a href=""https://img.travel.rakuten.co.jp/image/tr/api/re/gJNfM/?f_hotel_no=130169"" class=""3click"">つづきはこちら</a>",dwn,【禁煙室】スタンダードダブル/ベッド幅160cm,5673467.0,【シンプルステイ】福岡観光、ビジネスに最高のロケーション！展望大浴場でリフレッシュ♪＜素泊り＞,1,0,0,0,0,1,https://img.travel.rakuten.co.jp/image/tr/api/re/IdsCY/?f_no=130169&f_syu=dwn&f_hi1=2026-05-19&f_hi2=2026-05-20&f_heya_su=1&f_otona_su=1&f_s1=0&f_s2=0&f_y1=0&f_y2=0&f_y3=0&f_y4=0&f_camp_id=5673467,0,2026-05-19,22000,22000,0,2026-05-19,seibu
56733,リッチモンドホテル福岡天神,https://img.travel.rakuten.co.jp/image/tr/api/re/pvonD/?f_no=56733,https://img.travel.rakuten.co.jp/image/tr/api/re/vFumt/?f_no=56733&f_flg=PLAN,https://img.travel.rakuten.co.jp/image/tr/api/re/WzozX/?noTomariHotel=56733,https://img.travel.rakuten.co.jp/image/tr/api/re/gJNfM/?f_hotel_no=56733,りっちもんど　ふくおかてんじん,地下鉄七隈線「天神南駅」徒歩約3分。福岡屋台も徒歩圏内で福岡旅を楽しめるビジネス・観光に便利な理想のロケーション,5005,120899.6,469455.49,810-0004,福岡県,福岡市中央区渡辺通4-8-25,092-739-2055,092-739-2056,西鉄バスセンターより徒歩3分　地下鉄空港線天神駅・七隈線天神南駅下車～天神地下街西12-C出口直進徒歩1分,敷地内に機械式立体駐車場有／料金2000円（税込／泊）／満車時は近隣の提携駐車場にご案内いたします,天神,https://img.travel.rakuten.co.jp/share/HOTEL/56733/56733.jpg,https://img.travel.rakuten.co.jp/HIMG/90/56733.jpg,https://img.travel.rakuten.co.jp/share/HOTEL/56733/56733_room.jpg,https://img.travel.rakuten.co.jp/HIMG/INTERIOR/56733.jpg,https://img.travel.rakuten.co.jp/share/HOTEL/56733/56733map.gif,4513.0,4.29,"クチコミの詳細はこちらから　https://review.travel.rakuten.co.jp/hotel/voice/56733?reviewId=33123…　2026-05-02 17:35:19投稿 <a href=""https://img.travel.rakuten.co.jp/image/tr/api/re/gJNfM/?f_hotel_no=56733"" class=""3click"">つづきはこちら</a>",hwtwn1,※禁煙※ハリウッドツイン・28平米・1名,6350947.0,【返金不可】【事前決済限定】シンプルステイ【素泊まり】,1,0,0,0,0,2,https://img.travel.rakuten.co.jp/image/tr/api/re/IdsCY/?f_no=56733&f_syu=hwtwn1&f_hi1=2026-05-19&f_hi2=2026-05-20&f_heya_su=1&f_otona_su=1&f_s1=0&f_s2=0&f_y1=0&f_y2=0&f_y3=0&f_y4=0&f_camp_id=6350947,0,2026-05-19,25080,25080,0,2026-05-19,seibu
147590,ホテルニューガイア薬院,https://img.travel.rakuten.co.jp/image/tr/api/re/pvonD/?f_no=147590,https://img.travel.rakuten.co.jp/image/tr/api/re/vFumt/?f_no=147590&f_flg=PLAN,https://img.travel.rakuten.co.jp/image/tr/api/re/WzozX/?noTomariHotel=147590,https://img.travel.rakuten.co.jp/image/tr/api/re/gJNfM/?f_hotel_no=147590,にゅーがいあやくいん,全館リニューアル！全客室エアウィーブ導入＆無料ラウンジで快適な滞在を。＼別館（新客室）続々NEWOPEN／,5400,120876.74,469455.87,810-0013,福岡県,福岡市中央区大宮1-1-6(本館）/福岡市中央区大宮1-1-7（別館No.21）/福岡市中央区平尾1-3-45（別館No.22）/　福岡市中央区平尾1丁目4-4（別館No.23）,092-534-4126,092-534-4127,西鉄薬院駅又は地下鉄七隈線薬院駅より徒歩約2分,"8台【1泊￥1,000-】 ●先着順・予約不可 ※ 満車の場合、近隣の有料駐車場をご利用下さい。",薬院,https://img.travel.rakuten.co.jp/share/HOTEL/147590/147590.jpg,https://img.travel.rakuten.co.jp/HIMG/90/147590.jpg,,,https://img.travel.rakuten.co.jp/share/HOTEL/147590/147590map.gif,1275.0,4.14,"クチコミの詳細はこちらから　https:…　2026-05-14 21:40:44投稿 <a href=""https://img.travel.rakuten.co.jp/image/tr/api/re/gJNfM/?f_hotel_no=147590"" class=""3click"">つづきはこちら</a>",ncb,【男性専用・禁煙】プレミアムキャビン（for men）,6031202.0,《男性専用》【プレミアムキャビン宿泊体験プラン】ポイント2倍◇フリースペース完備,2,0,0,0,0,1,https://img.travel.rakuten.co.jp/image/tr/api/re/IdsCY/?f_no=147590&f_syu=ncb&f_hi1=2026-05-19&f_hi2=2026-05-20&f_heya_su=1&f_otona_su=1&f_s1=0&f_s2=0&f_y1=0&f_y2=0&f_y3=0&f_y4=0&f_camp_id=6031202,0,2026-05-19,9800,9800,0,2026-05-19,seibu
1017,ホテルニューオータニ博多,https://img.travel.rakuten.co.jp/image/tr/api/re/pvonD/?f_no=1017,https://img.travel.rakuten.co.jp/image/tr/api/re/vFumt/?f_no=1017&f_flg=PLAN,https://img.travel.rakuten.co.jp/image/tr/api/re/WzozX/?noTomariHotel=1017,https://img.travel.rakuten.co.jp/image/tr/api/re/gJNfM/?f_hotel_no=1017,にゅーおーたに　はかた,ニューオータニならではのきめ細やかなサービスで、皆様をお迎えします,8500,120888.12,469471.72,810-0004,福岡県,福岡市中央区渡辺通1-1-2  　　　　  ,092-714-1111,092-715-5658,地下鉄七隈線「渡辺通駅」2番出口より徒歩約1分。ＪＲ博多駅より車で約5分。福岡空港より車で約20分。,有り／370台／１泊(入庫時間より24時間）／1500円（税込み）,博多,https://img.travel.rakuten.co.jp/share/HOTEL/1017/1017.jpg,https://img.travel.rakuten.co.jp/HIMG/90/1017.jpg,https://img.travel.rakuten.co.jp/share/HOTEL/1017/1017_room.jpg,https://img.travel.rakuten.co.jp/HIMG/INTERIOR/1017.jpg,https://img.travel.rakuten.co.jp/share/HOTEL/1017/1017map.gif,3432.0,4.43,"朝食…　2026-05-14 20:29:29投稿 <a href=""https://img.travel.rakuten.co.jp/image/tr/api/re/gJNfM/?f_hotel_no=1017"" class=""3click"">つづきはこちら</a>",omkase,部屋タイプおまかせ,3177141.0,お部屋おまかせプラン ＜朝食なし＞,1,0,0,0,0,1,https://img.travel.rakuten.co.jp/image/tr/api/re/IdsCY/?f_no=1017&f_syu=omkase&f_hi1=2026-05-19&f_hi2=2026-05-20&f_heya_su=1&f_otona_su=1&f_s1=0&f_s2=0&f_y1=0&f_y2=0&f_y3=0&f_y4=0&f_camp_id=3177141,0,2026-05-19,20200,20200,0,2026-05-19,seibu
181851,ホテルリファレンス天神３,https://img.travel.rakuten.co.jp/image/tr/api/re/pvonD/?f_no=181851,https://img.travel.rakuten.co.jp/image/tr/api/re/vFumt/?f_no=181851&f_flg=PLAN,https://img.travel.rakuten.co.jp/image/tr/api/re/WzozX/?noTomariHotel=181851,https://img.travel.rakuten.co.jp/image/tr/api/re/gJNfM/?f_hotel_no=181851,ほてるりふぁれんすてんじん３,ライブハウス・イベント会場へのアクセス抜群！天神中心部徒歩圏内★全室クイーンサイズベッド＆4KTV。,4670,120926.32,469430.47,810-0001,福岡県,福岡市中央区天神3-8-10,092-718-3030,092-718-3050,西鉄福岡天神駅(地下鉄天神駅)下車から天神地下街の西1出口より徒歩7分,"24時間1,500円(ご宿泊者様のみ)　ご予約不可",西鉄福岡,https://img.travel.rakuten.co.jp/share/HOTEL/181851/181851.jpg,https://img.travel.rakuten.co.jp/HIMG/90/181851.jpg,,,https://img.travel.rakuten.co.jp/share/HOTEL/181851/181851map.gif,320.0,4.27,"クチコミの詳細はこちらから　…　2026-05-13 20:45:55投稿 <a href=""https://img.travel.rakuten.co.jp/image/tr/api/re/gJNfM/?f_hotel_no=181851"" class=""3click"">つづきはこちら</a>",0001,【禁煙】ダブルルーム(Standard)★クイーンベッド★,4967516.0,【オンライン決済限定プラン】ライブ会場・福岡グルメ・観光地アクセス良好★天神★素泊まり※返金不可,1,0,0,0,0,2,https://img.travel.rakuten.co.jp/image/tr/api/re/IdsCY/?f_no=181851&f_syu=0001&f_hi1=2026-05-19&f_hi2=2026-05-20&f_heya_su=1&f_otona_su=1&f_s1=0&f_s2=0&f_y1=0&f_y2=0&f_y3=0&f_y4=0&f_camp_id=4967516,0,2026-05-19,19600,19600,0,2026-05-19,seibu
17701,博多グリーンホテル天神,https://img.travel.rakuten.co.jp/image/tr/api/re/pvonD/?f_no=17701,https://img.travel.rakuten.co.jp/image/tr/api/re/vFumt/?f_no=17701&f_flg=PLAN,https://img.travel.rakuten.co.jp/image/tr/api/re/WzozX/?noTomariHotel=17701,https://img.travel.rakuten.co.jp/image/tr/api/re/gJNfM/?f_hotel_no=17701,はかた　ぐりーんほてる　てんじん,チェックイン１３時、アウト１２時◇全室、シモンズ製６．５インチベッド、加湿空気清浄機完備◇Wi－Fi無料,6600,120912.03,469424.66,810-0041,福岡県,福岡市中央区大名2-9-11,092-722-3636,092-722-3637,福岡空港から市営地下鉄13分⇒赤坂駅下車後５番出口より徒歩１分,"近隣一般駐車場契約有[1泊2,500円入出庫無]※お気軽におたずね下さい",天神,https://img.travel.rakuten.co.jp/share/HOTEL/17701/17701.jpg,https://img.travel.rakuten.co.jp/HIMG/90/17701.jpg,https://img.travel.rakuten.co.jp/share/HOTEL/17701/17701_tw.jpg,https://img.travel.rakuten.co.jp/HIMG/INTERIOR/17701.jpg,https://img.travel.rakuten.co.jp/share/HOTEL/17701/17701map.gif,2199.0,4.13,"天神と赤坂駅の間で立地は抜群でした。朝ご飯バイキングは品数は多くはないですが、野菜、卵料理、パン、パスタと朝ご飯としては十分なバランスのとれたものでした。強いて言…　2026-04-27 09:59:04投稿 <a href=""https://img.travel.rakuten.co.jp/image/tr/api/re/gJNfM/?f_hotel_no=17701"" class=""3click"">つづきはこちら</a>",ht-kituen,喫煙ハリウッドツイン,6298849.0,【煙草と珈琲で整える、大人の休息ステイ。】軽朝食無料サービス付き喫煙ペア＆ファミリープラン,1,0,0,0,0,1,https://img.travel.rakuten.co.jp/image/tr/api/re/IdsCY/?f_no=17701&f_syu=ht-kituen&f_hi1=2026-05-19&f_hi2=2026-05-20&f_heya_su=1&f_otona_su=1&f_s1=0&f_s2=0&f_y1=0&f_y2=0&f_y3=0&f_y4=0&f_camp_id=6298849,0,2026-05-19,19000,19000,0,2026-05-19,seibu
8288,デュークスホテル中洲,https://img.travel.rakuten.co.jp/image/tr/api/re/pvonD/?f_no=8288,https://img.travel.rakuten.co.jp/image/tr/api/re/vFumt/?f_no=8288&f_flg=PLAN,https://img.travel.rakuten.co.jp/image/tr/api/re/WzozX/?noTomariHotel=8288,https://img.travel.rakuten.co.jp/image/tr/api/re/gJNfM/?f_hotel_no=8288,でゅーくすほてる　なかす,★中洲・天神徒歩圏内★「中洲川端」駅3番出口より徒歩約4分★,4940,120930.19,469461.41,810-0802,福岡県,福岡市博多区中洲中島町1-1　,092-283-2800,092-283-2900,博多駅から地下鉄をご利用頂き、2駅目の「中洲川端」駅で下車　3番出口より徒歩約4分,【契約駐車場】￥1500＊徒歩1分￥1500＊徒歩5分※台数に限りが有。フロントへお問い合わせ下さい,中洲川端,https://img.travel.rakuten.co.jp/share/HOTEL/8288/8288.jpg,https://img.travel.rakuten.co.jp/HIMG/90/8288.jpg,https://img.travel.rakuten.co.jp/share/HOTEL/8288/8288_lob.jpg,https://img.travel.rakuten.co.jp/HIMG/INTERIOR/8288.jpg,https://img.travel.rakuten.co.jp/share/HOTEL/8288/8288map.gif,2825.0,4.05,"中洲川端から歩ける距離なのに、静かで落ち着いた雰囲気なのが気に入ってます。宿泊費や朝食のコスパ良い。フロントの方も親切丁寧です。欲を言えば、枕の低いタイプを置いて欲し…　2026-05-15 00:24:45投稿 <a href=""https://img.travel.rakuten.co.jp/image/tr/api/re/gJNfM/?f_hotel_no=8288"" class=""3click"">つづきはこちら</a>",tns,■ツイン1名《21.8平米◇ベッド幅120cm》【禁煙】■,5215839.0,【☆レディースプラン☆】オリーブの力で美肌をつくる★DHCオリーブエナジースキンケアセット付,1,0,0,0,0,1,https://img.travel.rakuten.co.jp/image/tr/api/re/IdsCY/?f_no=8288&f_syu=tns&f_hi1=2026-05-19&f_hi2=2026-05-20&f_heya_su=1&f_otona_su=1&f_s1=0&f_s2=0&f_y1=0&f_y2=0&f_y3=0&f_y4=0&f_camp_id=5215839,0,2026-05-19,16970,16970,0,2026-05-19,seibu
2921,福岡東映ホテル,https://img.travel.rakuten.co.jp/image/tr/api/re/pvonD/?f_no=2921,https://img.travel.rakuten.co.jp/image/tr/api/re/vFumt/?f_no=2921&f_flg=PLAN,https://img.travel.rakuten.co.jp/image/tr/api/re/WzozX/?noTomariHotel=2921,https://img.travel.rakuten.co.jp/image/tr/api/re/gJNfM/?f_hotel_no=2921,ふくおか　とうえいほてる, 天神、博多の中間に位置し、ビジネス・観光の拠点として最適。コンビニ徒歩3分、近隣飲食店多数あり。,8000,120883.83,469468.17,810-0011,福岡県,福岡市中央区高砂1-1-23,092-524-2121,092-524-2129,博多駅から車で5分福岡空港から車で20分西鉄薬院駅から徒歩3分地下鉄七隈線渡辺通り駅から徒歩1分天神から徒歩10分,"ホテル駐車場なし 契約駐車場有（22時間連続駐車1,300円）",博多,https://img.travel.rakuten.co.jp/share/HOTEL/2921/2921.jpg,https://img.travel.rakuten.co.jp/HIMG/90/2921.jpg,https://img.travel.rakuten.co.jp/share/HOTEL/2921/2921_room.jpg,https://img.travel.rakuten.co.jp/HIMG/INTERIOR/2921.jpg,https://img.travel.rakuten.co.jp/share/HOTEL/2921/2921map.gif,2673.0,4.19,"高砂~薬院~渡辺通エリアは良い居酒屋さんが多く、その中心にあるこちらのホテルはノンベイの私にとって絶好のロケーションといえます。部屋は清潔かつ落ち着い…　2026-04-24 20:01:51投稿 <a href=""https://img.travel.rakuten.co.jp/image/tr/api/re/gJNfM/?f_hotel_no=2921"" class=""3click"">つづきはこちら</a>",td-ns-new,スーペリアツイン（禁煙）,4843481.0,【2食付】お一人様も可！出張や旅行どちらでも大歓迎。福岡の郷土料理「国産牛博多もつ鍋」コース付プラン,1,1,0,1,0,1,https://img.travel.rakuten.co.jp/image/tr/api/re/IdsCY/?f_no=2921&f_syu=td-ns-new&f_hi1=2026-05-19&f_hi2=2026-05-20&f_heya_su=1&f_otona_su=1&f_s1=0&f_s2=0&f_y1=0&f_y2=0&f_y3=0&f_y4=0&f_camp_id=4843481,0,2026-05-19,19200,19200,0,2026-05-19,seibu
17977,福岡フローラルイン西中洲,https://img.travel.rakuten.co.jp/image/tr/api/re/pvonD/?f_no=17977,https://img.travel.rakuten.co.jp/image/tr/api/re/vFumt/?f_no=17977&f_flg=PLAN,https://img.travel.rakuten.co.jp/image/tr/api/re/WzozX/?noTomariHotel=17977,https://img.travel.rakuten.co.jp/image/tr/api/re/gJNfM/?f_hotel_no=17977,ふくおか　ふろーらるいん　にしなかす,連日完売、無料の絶品夜食カレーが大人気！！自慢のおいしい朝食！！３部屋限定女性に大人気Refaルーム！,4985,120916.03,469465.62,810-0002,福岡県,福岡市中央区西中洲5-10,092-735-1100,092-735-1119,市営地下鉄「中洲川端」1番出口より徒歩4分・市営地下鉄「天神」16番出口より徒歩4分・西鉄バス「春吉」バス停から徒歩2分,"￥1,500/1泊　平面コインパーキング有＊先着順＊予約不可、事前確保はお受けしておりません",中洲川端,https://img.travel.rakuten.co.jp/share/HOTEL/17977/17977.jpg,https://img.travel.rakuten.co.jp/HIMG/90/17977.jpg,https://img.travel.rakuten.co.jp/share/HOTEL/17977/17977_kya.jpg,https://img.travel.rakuten.co.jp/HIMG/INTERIOR/17977.jpg,https://img.travel.rakuten.co.jp/share/HOTEL/17977/17977map.gif,4914.0,4.21,"クチコミの詳細はこちらから　https://review.travel.rakuten.co.jp/hotel/voice/17977…　2026-05-08 09:48:01投稿 <a href=""https://img.travel.rakuten.co.jp/image/tr/api/re/gJNfM/?f_hotel_no=17977"" class=""3click"">つづきはこちら</a>",l,【女性限定フロア】レディースシングル(禁煙)＊男性不可＊,6257925.0,【スタンダード】SNS映え女子旅におすすめ♪彩り×特別体験ステイ｜素泊り,1,0,0,0,0,1,https://img.travel.rakuten.co.jp/image/tr/api/re/IdsCY/?f_no=17977&f_syu=l&f_hi1=2026-05-19&f_hi2=2026-05-20&f_heya_su=1&f_otona_su=1&f_s1=0&f_s2=0&f_y1=0&f_y2=0&f_y3=0&f_y4=0&f_camp_id=6257925,0,2026-05-19,24000,24000,0,2026-05-19,seibu
165979,ＤＥＬ　ｓｔｙｌｅ　福岡西中洲　（旧ダイワロイネットホテル福岡西中州）,https://img.travel.rakuten.co.jp/image/tr/api/re/pvonD/?f_no=165979,https://img.travel.rakuten.co.jp/image/tr/api/re/vFumt/?f_no=165979&f_flg=PLAN,https://img.travel.rakuten.co.jp/image/tr/api/re/WzozX/?noTomariHotel=165979,https://img.travel.rakuten.co.jp/image/tr/api/re/gJNfM/?f_hotel_no=165979,でる　すたいる　ふくおかにしなかす（きゅう　だいわろいねっとほてるふくおかにしなかす）　,天神・中洲屋台・キャナルシティ博多まで徒歩圏内の好立地。館内コンビニエンスストア有り。観光・ビジネスの拠点におすすめ,6000,120913.01,469470.09,810-0002,福岡県,福岡市中央区西中洲1-9,092-409-3155,092-409-3159,地下鉄空港線「中洲川端」駅より徒歩約8分。地下鉄七隈線「天神南駅」6番出口より徒歩約4分。天神・中洲屋台へは徒歩約5分！,無し,,https://img.travel.rakuten.co.jp/share/HOTEL/165979/165979.jpg,https://img.travel.rakuten.co.jp/HIMG/90/165979.jpg,https://img.travel.rakuten.co.jp/share/HOTEL/165979/165979_kan1.jpg,https://img.travel.rakuten.co.jp/HIMG/INTERIOR/165979.jpg,https://img.travel.rakuten.co.jp/share/HOTEL/165979/165979map.gif,559.0,4.23,"クチコミの詳細はこちらから　https://revi…　2026-05-12 14:24:28投稿 <a href=""https://img.travel.rakuten.co.jp/image/tr/api/re/gJNfM/?f_hotel_no=165979"" class=""3click"">つづきはこちら</a>",san1,【禁煙】ベーシックダブル（1名利用）,6458446.0,【松江駅前】2026年8月6日開業記念プラン【素泊り】,1,0,0,0,0,1,https://img.travel.rakuten.co.jp/image/tr/api/re/IdsCY/?f_no=165979&f_syu=san1&f_hi1=2026-05-19&f_hi2=2026-05-20&f_heya_su=1&f_otona_su=1&f_s1=0&f_s2=0&f_y1=0&f_y2=0&f_y3=0&f_y4=0&f_camp_id=6458446,0,2026-05-19,17700,17700,0,2026-05-19,seibu
11353,ホテルニューガイア糸島,https://img.travel.rakuten.co.jp/image/tr/api/re/pvonD/?f_no=11353,https://img.travel.rakuten.co.jp/image/tr/api/re/vFumt/?f_no=11353&f_flg=PLAN,https://img.travel.rakuten.co.jp/image/tr/api/re/WzozX/?noTomariHotel=11353,https://img.travel.rakuten.co.jp/image/tr/api/re/gJNfM/?f_hotel_no=11353,にゅーがいあいとしま,【大好評】宿泊者専用ラウンジ！ご宿泊のお客様はコーヒー、ソフトドリンクを無料でお召し上がり頂けます。,3650,120801.11,468722.54,819-1116,福岡県,糸島市前原中央2-3-24,092-324-4500,092-324-0770,『JR筑前前原駅』より徒歩3分/前原バス発着所より徒歩2分/国道202号線沿い,屋根付き駐車場完備！  場所：ホテル1F　収容台数：10台（先着順・有料1泊1000円）,筑前前原,https://img.travel.rakuten.co.jp/share/HOTEL/11353/11353.jpg,https://img.travel.rakuten.co.jp/HIMG/90/11353.jpg,https://img.travel.rakuten.co.jp/share/HOTEL/11353/11353_sgl.jpg,https://img.travel.rakuten.co.jp/HIMG/INTERIOR/11353.jpg,https://img.travel.rakuten.co.jp/share/HOTEL/11353/11353map.gif,853.0,3.86,"リニューアルでキレイですが、元が古いため細々と不便なところがありました。ドリンクサービスもコーヒー1杯の量が少なすぎてビックリ。しかし、とても清潔で接客は親切…　2026-05-08 15:01:21投稿 <a href=""https://img.travel.rakuten.co.jp/image/tr/api/re/gJNfM/?f_hotel_no=11353"" class=""3click"">つづきはこちら</a>",rsa,【電子タバコ可】リニューアルシングルルーム　１２平米,6458868.0,【最大10％OFF】【事前決済限定】スタンダードプラン,1,0,0,0,0,2,https://img.travel.rakuten.co.jp/image/tr/api/re/IdsCY/?f_no=11353&f_syu=rsa&f_hi1=2026-05-19&f_hi2=2026-05-20&f_heya_su=1&f_otona_su=1&f_s1=0&f_s2=0&f_y1=0&f_y2=0&f_y3=0&f_y4=0&f_camp_id=6458868,0,2026-05-19,8370,8370,0,2026-05-19,seibu
2604,ホテルオークラ福岡,https://img.travel.rakuten.co.jp/image/tr/api/re/pvonD/?f_no=2604,https://img.travel.rakuten.co.jp/image/tr/api/re/vFumt/?f_no=2604&f_flg=PLAN,https://img.travel.rakuten.co.jp/image/tr/api/re/WzozX/?noTomariHotel=2604,https://img.travel.rakuten.co.jp/image/tr/api/re/gJNfM/?f_hotel_no=2604,おーくら　ふくおか,ホテルオークラ福岡のおもてなしで寛ぎのひと時をお過ごし下さい。地下鉄直結の好立地により、ゆとりある時間でご利用頂けます。,11250,120931.91,469465.86,812-0027,福岡県,福岡市博多区下川端町3-2 博多リバレイン,092-262-1111,092-262-7701,"地下鉄-中洲川端駅直結-6番出口徒歩1分（福岡空港駅約10分,博多駅約5分）/お車（福岡空港約20分,博多駅約10分）","有り  1泊 ￥2,000（税込）　台数387台　※近隣施設共有駐車場の為、予約が出来兼ねます。",中洲川端,https://img.travel.rakuten.co.jp/share/HOTEL/2604/2604.jpg,https://img.travel.rakuten.co.jp/HIMG/90/2604.jpg,https://img.travel.rakuten.co.jp/share/HOTEL/2604/2604_sgl.jpg,https://img.travel.rakuten.co.jp/HIMG/INTERIOR/2604.jpg,https://img.travel.rakuten.co.jp/share/HOTEL/2604/2604map.gif,2316.0,4.54,"クチコミの詳細はこちらから　https://re…　2026-05-12 18:24:13投稿 <a href=""https://img.travel.rakuten.co.jp/image/tr/api/re/gJNfM/?f_hotel_no=2604"" class=""3click"">つづきはこちら</a>",cdbl,【禁煙】コンパクトダブル　22平米,2735628.0,【SAVER】シンプルステイ（室料のみ）,1,0,0,0,0,1,https://img.travel.rakuten.co.jp/image/tr/api/re/IdsCY/?f_no=2604&f_syu=cdbl&f_hi1=2026-05-19&f_hi2=2026-05-20&f_heya_su=1&f_otona_su=1&f_s1=0&f_s2=0&f_y1=0&f_y2=0&f_y3=0&f_y4=0&f_camp_id=2735628,0,2026-05-19,47000,47000,0,2026-05-19,seibu
10722,ホテルエクレール博多,https://img.travel.rakuten.co.jp/image/tr/api/re/pvonD/?f_no=10722,https://img.travel.rakuten.co.jp/image/tr/api/re/vFumt/?f_no=10722&f_flg=PLAN,https://img.travel.rakuten.co.jp/image/tr/api/re/WzozX/?noTomariHotel=10722,https://img.travel.rakuten.co.jp/image/tr/api/re/gJNfM/?f_hotel_no=10722,えくれーる　はかた,【天神・博多・空港までのアクセス◎】ライブや観劇にもおすすめ！,5100,120934.62,469465.82,812-0028,福岡県,福岡市博多区須崎町1-1,092-283-2000,092-283-6262,地下鉄『中洲川端駅』6番出口より徒歩2分/博多座まで徒歩2分/マリンメッセ・キャナルシティ・アクロス福岡まで徒歩圏内,10台（完全予約制）1400円/泊　　※大型車両も駐車可能。料金はお問い合わせ下さい,中洲川端,https://img.travel.rakuten.co.jp/share/HOTEL/10722/10722.jpg,https://img.travel.rakuten.co.jp/HIMG/90/10722.jpg,https://img.travel.rakuten.co.jp/share/HOTEL/10722/10722_robi.jpg,https://img.travel.rakuten.co.jp/HIMG/INTERIOR/10722.jpg,https://img.travel.rakuten.co.jp/share/HOTEL/10722/10722map.gif,1910.0,4.32,"駅近の利便性と空港へのアクセスの良さ、立地もさることながら、随所に感じる女…　2026-05-13 01:43:36投稿 <a href=""https://img.travel.rakuten.co.jp/image/tr/api/re/gJNfM/?f_hotel_no=10722"" class=""3click"">つづきはこちら</a>",08,■禁煙　デラックスツイン■ベッド幅　140cm（43平米）,5752974.0,【素泊まり】《事前カード決済／返金不可》駅より徒歩2分！お洒落な空間♪日々の喧騒を忘れるひとときを　,1,0,0,0,0,2,https://img.travel.rakuten.co.jp/image/tr/api/re/IdsCY/?f_no=10722&f_syu=08&f_hi1=2026-05-19&f_hi2=2026-05-20&f_heya_su=1&f_otona_su=1&f_s1=0&f_s2=0&f_y1=0&f_y2=0&f_y3=0&f_y4=0&f_camp_id=5752974,0,2026-05-19,21845,21845,0,2026-05-19,seibu
437,博多中洲ワシントンホテルプラザ,https://img.travel.rakuten.co.jp/image/tr/api/re/pvonD/?f_no=437,https://img.travel.rakuten.co.jp/image/tr/api/re/vFumt/?f_no=437&f_flg=PLAN,https://img.travel.rakuten.co.jp/image/tr/api/re/WzozX/?noTomariHotel=437,https://img.travel.rakuten.co.jp/image/tr/api/re/gJNfM/?f_hotel_no=437,はかたなかす　わしんとんほてるぷらざ,2021年全室リニューアル～九州一の繁華街「中洲」にあるホテル,5200,120921.05,469481.04,810-0801,福岡県,福岡市博多区中洲2-8-28,092-282-0410,092-282-7700,地下鉄「中洲川端駅」⑤番出口より徒歩約５分／ＪＲ博多駅（博多口）より徒歩約１５分,タワーパーキング　高さ155ｃｍまで　先着34台　1泊1500円〜　大型車の駐車場はございません。,中洲川端,https://img.travel.rakuten.co.jp/share/HOTEL/437/437.jpg,https://img.travel.rakuten.co.jp/HIMG/90/437.jpg,https://img.travel.rakuten.co.jp/share/HOTEL/437/437_heya.jpg,https://img.travel.rakuten.co.jp/HIMG/INTERIOR/437.jpg,https://img.travel.rakuten.co.jp/share/HOTEL/437/437map.gif,2090.0,3.91,クチコミの詳細はこちらから　https://review.travel.rakuten.co.jp/hotel/voice/437?reviewId=33123477615949　2026-05-14 07:11:31投稿,s-2,シングル1喫煙可【13.0-13.5平米】,2829070.0,【学生限定】学割プラン　〜学生証をご提示下さい〜　,1,0,0,0,0,1,https://img.travel.rakuten.co.jp/image/tr/api/re/IdsCY/?f_no=437&f_syu=s-2&f_hi1=2026-05-19&f_hi2=2026-05-20&f_heya_su=1&f_otona_su=1&f_s1=0&f_s2=0&f_y1=0&f_y2=0&f_y3=0&f_y4=0&f_camp_id=2829070,0,2026-05-19,16900,16900,0,2026-05-19,seibu
5388,ＫＫＲホテル博多（国家公務員共済組合連合会福岡共済会館）,https://img.travel.rakuten.co.jp/image/tr/api/re/pvonD/?f_no=5388,https://img.travel.rakuten.co.jp/image/tr/api/re/vFumt/?f_no=5388&f_flg=PLAN,https://img.travel.rakuten.co.jp/image/tr/api/re/WzozX/?noTomariHotel=5388,https://img.travel.rakuten.co.jp/image/tr/api/re/gJNfM/?f_hotel_no=5388,けーけーあーるほてる　はかた,地下鉄「薬院大通駅」から徒歩約4分！敷地内に平面駐車場を56台完備♪何度でも出し入れできるからクルマ旅にもピッタリ！,5500,120871.72,469425.58,810-0022,福岡県,福岡市中央区薬院4-21-1,092-521-1361,092-521-4881,「南薬院」バス停から徒歩約1分、地下鉄七隈線「薬院大通駅」から徒歩約4分,56台収容可能の平面駐車場を敷地内に完備。何度でも出し入れ可能。（有料1000円/泊・先着順）,博多,https://img.travel.rakuten.co.jp/share/HOTEL/5388/5388.jpg,https://img.travel.rakuten.co.jp/HIMG/90/5388.jpg,https://img.travel.rakuten.co.jp/share/HOTEL/5388/5388_sgl.jpg,https://img.travel.rakuten.co.jp/HIMG/INTERIOR/5388.jpg,https://img.travel.rakuten.co.jp/share/HOTEL/5388/5388map.gif,2662.0,4.36,"予定時間前のチェクインでしたが、部屋の準備が出来ているということで、快く対応してくれました。旅疲れもあり、どこで時間を潰すか困っていたので大変助かりま…　2026-05-11 10:02:55投稿 <a href=""https://img.travel.rakuten.co.jp/image/tr/api/re/gJNfM/?f_hotel_no=5388"" class=""3click"">つづきはこちら</a>",pnssb,【禁煙】シングルルーム（ベッド幅140cm）,5826592.0,【お日にち限定タイムセール】広々駐車場で安心クルマ旅♪小学生以下は添い寝無料♪【素泊まり】,1,0,0,0,0,1,https://img.travel.rakuten.co.jp/image/tr/api/re/IdsCY/?f_no=5388&f_syu=pnssb&f_hi1=2026-05-19&f_hi2=2026-05-20&f_heya_su=1&f_otona_su=1&f_s1=0&f_s2=0&f_y1=0&f_y2=0&f_y3=0&f_y4=0&f_camp_id=5826592,0,2026-05-19,13500,13500,0,2026-05-19,seibu
151071,ホテルニューガイア　ドーム前,https://img.travel.rakuten.co.jp/image/tr/api/re/pvonD/?f_no=151071,https://img.travel.rakuten.co.jp/image/tr/api/re/vFumt/?f_no=151071&f_flg=PLAN,https://img.travel.rakuten.co.jp/image/tr/api/re/WzozX/?noTomariHotel=151071,https://img.travel.rakuten.co.jp/image/tr/api/re/gJNfM/?f_hotel_no=151071,にゅーがいあ　どーむまえ,全客室にエアウィーヴ採用！宿泊者専用ラウンジではドリンク類が無料！スパークリングワインタイムもおススメ！,4400,120910.2,469333.0,810-0064,福岡県,福岡市中央区地行1-4-6,092-737-3901,092-737-3910,地下鉄空港線　唐人町駅より徒歩約５分！福岡空港、博多、天神にも地下鉄一本の好立地！,有り(先着5台予約不可)　車高1.55mまで(立体駐車場)　1000円(税込)／泊　※二輪駐輪場無し,唐人町,https://img.travel.rakuten.co.jp/share/HOTEL/151071/151071.jpg,https://img.travel.rakuten.co.jp/HIMG/90/151071.jpg,,,https://img.travel.rakuten.co.jp/share/HOTEL/151071/151071map.gif,662.0,4.27,"クチコミの詳細はこちらから　https://review.travel.rakute…　2026-05-04 16:37:36投稿 <a href=""https://img.travel.rakuten.co.jp/image/tr/api/re/gJNfM/?f_hotel_no=151071"" class=""3click"">つづきはこちら</a>",rds,【電子タバコ可】★リニューアルダブル★,3626265.0,スタンダードプラン★ビジネスにも観光にもおすすめ♪,1,0,0,0,0,1,https://img.travel.rakuten.co.jp/image/tr/api/re/IdsCY/?f_no=151071&f_syu=rds&f_hi1=2026-05-19&f_hi2=2026-05-20&f_heya_su=1&f_otona_su=1&f_s1=0&f_s2=0&f_y1=0&f_y2=0&f_y3=0&f_y4=0&f_camp_id=3626265,0,2026-05-19,12800,12800,0,2026-05-19,seibu
171975,リッチモンドホテル天神西通,https://img.travel.rakuten.co.jp/image/tr/api/re/pvonD/?f_no=171975,https://img.travel.rakuten.co.jp/image/tr/api/re/vFumt/?f_no=171975&f_flg=PLAN,https://img.travel.rakuten.co.jp/image/tr/api/re/WzozX/?noTomariHotel=171975,https://img.travel.rakuten.co.jp/image/tr/api/re/gJNfM/?f_hotel_no=171975,りっちもんどほてるてんじんにしどおり,楽天トラベルブロンズアワード2024受賞☆空港・博多・中洲へのアクセスも抜群。市内ビジネス、観光の拠点に最適なホテル。,9450,120909.07,469436.1,810-0001,福岡県,福岡市中央区天神2-6-16,092-717-2477,092-717-2478,地下鉄空港線　天神駅より徒歩にて約５分,無し【提携先】福岡中央自動車駐車場※2026年3月末で閉業予定です。以降の提携先はございません。,天神,https://img.travel.rakuten.co.jp/share/HOTEL/171975/171975.jpg,https://img.travel.rakuten.co.jp/HIMG/90/171975.jpg,https://img.travel.rakuten.co.jp/share/HOTEL/171975/171975_kan1.jpg,https://img.travel.rakuten.co.jp/HIMG/INTERIOR/171975.jpg,https://img.travel.rakuten.co.jp/share/HOTEL/171975/171975map.gif,903.0,4.28,"・部…　2026-05-10 09:09:55投稿 <a href=""https://img.travel.rakuten.co.jp/image/tr/api/re/gJNfM/?f_hotel_no=171975"" class=""3click"">つづきはこちら</a>",spts1,【喫煙】スーペリアツイン 1名利用,5190815.0,【楽天限定】素泊まり　福岡の出張/観光の拠点におすすめ,1,0,0,0,0,1,https://img.travel.rakuten.co.jp/image/tr/api/re/IdsCY/?f_no=171975&f_syu=spts1&f_hi1=2026-05-19&f_hi2=2026-05-20&f_heya_su=1&f_otona_su=1&f_s1=0&f_s2=0&f_y1=0&f_y2=0&f_y3=0&f_y4=0&f_camp_id=5190815,0,2026-05-19,43200,43200,0,2026-05-19,seibu
182,アパホテル〈福岡渡辺通駅前〉ＥＸＣＥＬＬＥＮＴ,https://img.travel.rakuten.co.jp/image/tr/api/re/pvonD/?f_no=182,https://img.travel.rakuten.co.jp/image/tr/api/re/vFumt/?f_no=182&f_flg=PLAN,https://img.travel.rakuten.co.jp/image/tr/api/re/WzozX/?noTomariHotel=182,https://img.travel.rakuten.co.jp/image/tr/api/re/gJNfM/?f_hotel_no=182,あぱほてる＜ふくおかわたなべどおりえきまえ＞えくせれんと,全客室にコーヒーメーカー（ドルチェグスト）設置。上質な滞在と人気のお肉メイン朝食ビュッフェを。,4500,120883.94,469477.64,810-0005,福岡県,福岡市中央区清川1-10-1,0570-099-811,092-524-2377,電車：地下鉄七隈線「渡辺通駅」2番出口から徒歩約5分　バス：博多駅「博多駅前Bのりば」→「柳橋」下車徒歩1分,"料金：1,100円/1泊（15時〜翌11時） ※155cmの車高制限がございます。",天神,https://img.travel.rakuten.co.jp/share/HOTEL/182/182.jpg,https://img.travel.rakuten.co.jp/HIMG/90/182.jpg,https://img.travel.rakuten.co.jp/share/HOTEL/182/182_si.jpg,https://img.travel.rakuten.co.jp/HIMG/INTERIOR/182.jpg,https://img.travel.rakuten.co.jp/share/HOTEL/182/182map.gif,3054.0,3.97,"リモコンの反応が悪くてテレビは見づらかったです。朝食も色々あって美味しいでしたが、肉料理が多…　2026-05-07 10:14:18投稿 <a href=""https://img.travel.rakuten.co.jp/image/tr/api/re/gJNfM/?f_hotel_no=182"" class=""3click"">つづきはこちら</a>",zs1k,シングル□禁煙室□,5717499.0,【素泊まり・事前決済限定】1秒チェックインにおすすめ！,1,0,0,0,0,2,https://img.travel.rakuten.co.jp/image/tr/api/re/IdsCY/?f_no=182&f_syu=zs1k&f_hi1=2026-05-19&f_hi2=2026-05-20&f_heya_su=1&f_otona_su=1&f_s1=0&f_s2=0&f_y1=0&f_y2=0&f_y3=0&f_y4=0&f_camp_id=5717499,0,2026-05-19,16700,16700,0,2026-05-19,seibu
9239,ホテル一楽,https://img.travel.rakuten.co.jp/image/tr/api/re/pvonD/?f_no=9239,https://img.travel.rakuten.co.jp/image/tr/api/re/vFumt/?f_no=9239&f_flg=PLAN,https://img.travel.rakuten.co.jp/image/tr/api/re/WzozX/?noTomariHotel=9239,https://img.travel.rakuten.co.jp/image/tr/api/re/gJNfM/?f_hotel_no=9239,いちらく,■天神・キャナルシティまで車で5分！■駐車場1泊500円（税別）！■庭園大浴場完備！■お子様連れでも安心の和室が40室！,3630,120876.31,469486.5,810-0005,福岡県,福岡市中央区清川2-5-5,092-531-0561,,福岡空港よりタクシー20分。ＪＲ博多駅よりタクシーの場合5分・路線バス利用の場合10分（柳橋バス停下車後3分）,当日15時より先着順　普通車（隣接20台・立体50台）1泊500円（別） ※大型車は別料金・要問合せ,天神,https://img.travel.rakuten.co.jp/share/HOTEL/9239/9239.jpg,https://img.travel.rakuten.co.jp/HIMG/90/9239.jpg,https://img.travel.rakuten.co.jp/share/HOTEL/9239/9239_sig.jpg,https://img.travel.rakuten.co.jp/HIMG/INTERIOR/9239.jpg,https://img.travel.rakuten.co.jp/share/HOTEL/9239/9239map.gif,1967.0,3.98,"福岡旅行で1泊させていただきました。駐車場付きのホテルを探していたところ宿泊代も駐車場代もとても安くて助かりました。繁華街も歩いて行けます。(個人差あり)ホテルの近…　2026-05-13 15:11:07投稿 <a href=""https://img.travel.rakuten.co.jp/image/tr/api/re/gJNfM/?f_hotel_no=9239"" class=""3click"">つづきはこちら</a>",omakase,客室おまかせ（お部屋タイプ指定不可）,2270792.0,【オンラインカード決済限定】スタンダード一楽プラン≪素泊まり≫,1,0,0,0,0,2,https://img.travel.rakuten.co.jp/image/tr/api/re/IdsCY/?f_no=9239&f_syu=omakase&f_hi1=2026-05-19&f_hi2=2026-05-20&f_heya_su=1&f_otona_su=1&f_s1=0&f_s2=0&f_y1=0&f_y2=0&f_y3=0&f_y4=0&f_camp_id=2270792,0,2026-05-19,8250,8250,0,2026-05-19,seibu
165171,ＨＯＴＥＬ　博多中洲　ＩＮＮ,https://img.travel.rakuten.co.jp/image/tr/api/re/pvonD/?f_no=165171,https://img.travel.rakuten.co.jp/image/tr/api/re/vFumt/?f_no=165171&f_flg=PLAN,https://img.travel.rakuten.co.jp/image/tr/api/re/WzozX/?noTomariHotel=165171,https://img.travel.rakuten.co.jp/image/tr/api/re/gJNfM/?f_hotel_no=165171,はかたなかす　いん,静かな立地★全室Wi-Fi完備★,3900,120932.49,469456.04,810-0802,福岡県,福岡市博多区中洲中島町4-14,092-291-0088,092-291-2201,◆博多駅より1駅・福岡空港から3駅◆地下鉄「中洲川端駅」より徒歩5分／中洲・天神の繁華街も徒歩圏内,有：2台　1泊1300円　※お電話での予約制※満車時は近隣のコインパークを案内（提携しておりません）,中洲川端,https://img.travel.rakuten.co.jp/share/HOTEL/165171/165171.jpg,https://img.travel.rakuten.co.jp/HIMG/90/165171.jpg,https://img.travel.rakuten.co.jp/share/HOTEL/165171/165171_kan1.jpg,https://img.travel.rakuten.co.jp/HIMG/INTERIOR/165171.jpg,https://img.travel.rakuten.co.jp/share/HOTEL/165171/165171map.gif,475.0,4.13,"最寄りの中洲川端駅からも徒歩圏内…　2026-05-07 20:14:11投稿 <a href=""https://img.travel.rakuten.co.jp/image/tr/api/re/gJNfM/?f_hotel_no=165171"" class=""3click"">つづきはこちら</a>",st,【禁煙】スタンダードツイン＜21平米◆ベッド幅130cm＞,5886110.0,【スタンダード】中洲・天神・博多すぐ！観光の拠点におすすめ★ベーシックプラン（素泊まり）,1,0,0,0,0,1,https://img.travel.rakuten.co.jp/image/tr/api/re/IdsCY/?f_no=165171&f_syu=st&f_hi1=2026-05-19&f_hi2=2026-05-20&f_heya_su=1&f_otona_su=1&f_s1=0&f_s2=0&f_y1=0&f_y2=0&f_y3=0&f_y4=0&f_camp_id=5886110,0,2026-05-19,15300,15300,0,2026-05-19,seibu
172982,ザ・ライブリー福岡博多（ＴＨＥ　ＬＩＶＥＬＹ　福岡博多）,https://img.travel.rakuten.co.jp/image/tr/api/re/pvonD/?f_no=172982,https://img.travel.rakuten.co.jp/image/tr/api/re/vFumt/?f_no=172982&f_flg=PLAN,https://img.travel.rakuten.co.jp/image/tr/api/re/WzozX/?noTomariHotel=172982,https://img.travel.rakuten.co.jp/image/tr/api/re/gJNfM/?f_hotel_no=172982,ざ　らいぶりー　はかた　ふくおか,コワーキングスペースやビリヤード、充実したルームサービス、夕方にはフリービール提供。福岡初のライフスタイルホテル。,5940,120925.82,469465.11,810-0801,福岡県,福岡市博多区中洲5-2-18,050-3138-2071, ,地下鉄「中洲川端」駅2番出口より徒歩1分。天神・繁華街まで徒歩圏内。【地下鉄で】博多駅から3分、福岡空港から10分。,1800円/泊　予約不可　車種制限(車高1.6ｍ、車幅1.7ｍ)　7:00-23:00,中洲川端,https://img.travel.rakuten.co.jp/share/HOTEL/172982/172982.jpg,https://img.travel.rakuten.co.jp/HIMG/90/172982.jpg,https://img.travel.rakuten.co.jp/share/HOTEL/172982/172982_kan1.jpg,https://img.travel.rakuten.co.jp/HIMG/INTERIOR/172982.jpg,https://img.travel.rakuten.co.jp/share/HOTEL/172982/172982map.gif,410.0,3.73,"良かった点を先に。新しいきれいなホテル。雰囲気もおしゃれなバーっぽい。インテリアも特段高いものはつかっていないが雰囲気にあっているものが使われていて統一感…　2026-03-25 17:59:13投稿 <a href=""https://img.travel.rakuten.co.jp/image/tr/api/re/gJNfM/?f_hotel_no=172982"" class=""3click"">つづきはこちら</a>",double,スタンダードダブル（禁煙）,6396662.0,【九州在住者限定】Barで楽しむカクテル付き ゆったりホテルステイ（13時レイトアウト付／素泊まり）,1,0,0,0,0,1,https://img.travel.rakuten.co.jp/image/tr/api/re/IdsCY/?f_no=172982&f_syu=double&f_hi1=2026-05-19&f_hi2=2026-05-20&f_heya_su=1&f_otona_su=1&f_s1=0&f_s2=0&f_y1=0&f_y2=0&f_y3=0&f_y4=0&f_camp_id=6396662,0,2026-05-19,18450,18450,0,2026-05-19,seibu
172039,ホテル　グランドルチェ博多,https://img.travel.rakuten.co.jp/image/tr/api/re/pvonD/?f_no=172039,https://img.travel.rakuten.co.jp/image/tr/api/re/vFumt/?f_no=172039&f_flg=PLAN,https://img.travel.rakuten.co.jp/image/tr/api/re/WzozX/?noTomariHotel=172039,https://img.travel.rakuten.co.jp/image/tr/api/re/gJNfM/?f_hotel_no=172039,ぐらんどるちぇ　はかた,天神・中洲へ徒歩5分の好立地◆天神中央公園アクロス福岡前◆全室禁煙◆「便利・静か・清潔」をお求めの方におすすめ,6900,120915.04,469462.58,810-0002,福岡県,福岡市中央区西中洲12-18,092-406-1331,092-406-1100,福岡市営地下鉄[天神駅16番出口][中洲川端駅1番出口]より徒歩5分,4台有(要予約）※電話予約のみ（092-406-1331）　※1500円(15：00~翌11:00）,中洲川端,https://img.travel.rakuten.co.jp/share/HOTEL/172039/172039.jpg,https://img.travel.rakuten.co.jp/HIMG/90/172039.jpg,,,https://img.travel.rakuten.co.jp/share/HOTEL/172039/172039map.gif,393.0,4.2,"他の画像やクチコミの詳細はこちらから　https…　2026-05-09 06:37:07投稿 <a href=""https://img.travel.rakuten.co.jp/image/tr/api/re/gJNfM/?f_hotel_no=172039"" class=""3click"">つづきはこちら</a>",s,スタンダードシングル［禁煙］,6254892.0,【タイムセール】スタンダードルーム★天神・中洲徒歩5分！便利で静かな好立地（素泊まり）,1,0,0,0,0,1,https://img.travel.rakuten.co.jp/image/tr/api/re/IdsCY/?f_no=172039&f_syu=s&f_hi1=2026-05-19&f_hi2=2026-05-20&f_heya_su=1&f_otona_su=1&f_s1=0&f_s2=0&f_y1=0&f_y2=0&f_y3=0&f_y4=0&f_camp_id=6254892,0,2026-05-19,16800,16800,0,2026-05-19,seibu
182101,福岡ユウベルホテル,https://img.travel.rakuten.co.jp/image/tr/api/re/pvonD/?f_no=182101,https://img.travel.rakuten.co.jp/image/tr/api/re/vFumt/?f_no=182101&f_flg=PLAN,https://img.travel.rakuten.co.jp/image/tr/api/re/WzozX/?noTomariHotel=182101,https://img.travel.rakuten.co.jp/image/tr/api/re/gJNfM/?f_hotel_no=182101,ふくおかゆうべるほてる,福岡の中心、薬院のホテルです。天神エリアまで徒歩圏内、疲れを癒す大浴場有。ビジネス、観光の拠点として最適なホテルです。,5061,120888.07,469427.19,810-0023,福岡県,福岡市中央区警固1-9-3,092-761-0345,092-761-0367,地下鉄七隈線「薬院大通駅」徒歩5分,有 4台 1500円/泊　先着順　※チェックインの際にホテル敷地以外への一時停車はしないでください,薬院,https://img.travel.rakuten.co.jp/share/HOTEL/182101/182101.jpg,https://img.travel.rakuten.co.jp/HIMG/90/182101.jpg,,,https://img.travel.rakuten.co.jp/share/HOTEL/182101/182101map.gif,289.0,4.33,"クチコミの詳細はこちらから　https://review.t…　2026-05-06 07:20:36投稿 <a href=""https://img.travel.rakuten.co.jp/image/tr/api/re/gJNfM/?f_hotel_no=182101"" class=""3click"">つづきはこちら</a>",ra010,ダブル【禁煙】,5443598.0,【楽天トラベル限定タイムセール】お得に泊まって♪ 福岡を満喫♪ 大浴場でゆったり！＜素泊り＞,1,0,0,0,0,1,https://img.travel.rakuten.co.jp/image/tr/api/re/IdsCY/?f_no=182101&f_syu=ra010&f_hi1=2026-05-19&f_hi2=2026-05-20&f_heya_su=1&f_otona_su=1&f_s1=0&f_s2=0&f_y1=0&f_y2=0&f_y3=0&f_y4=0&f_camp_id=5443598,0,2026-05-19,20800,20800,0,2026-05-19,seibu
142723,ＨＯＴＥＬ　ＡＺ　福岡糸島店,https://img.travel.rakuten.co.jp/image/tr/api/re/pvonD/?f_no=142723,https://img.travel.rakuten.co.jp/image/tr/api/re/vFumt/?f_no=142723&f_flg=PLAN,https://img.travel.rakuten.co.jp/image/tr/api/re/WzozX/?noTomariHotel=142723,https://img.travel.rakuten.co.jp/image/tr/api/re/gJNfM/?f_hotel_no=142723,ほてる　えーぜっとふくおかいとしまてん,西九州自動車道前原ＩＣより車で約１６分。ＪＲ糸島高校前駅より徒歩１分。駐車場無料★朝食無料★インターネット接続無料,4510,120809.37,468779.22,819-1112,福岡県,糸島市浦志1-9-25,092-330-8301,092-330-8302,糸島高校前駅より徒歩１分,無料駐車場138台あり　普通車：予約不要 、中型車・大型車：要予約,筑前前原,https://img.travel.rakuten.co.jp/share/HOTEL/142723/142723.jpg,https://img.travel.rakuten.co.jp/HIMG/90/142723.jpg,https://img.travel.rakuten.co.jp/share/HOTEL/142723/142723_kya.jpg,https://img.travel.rakuten.co.jp/HIMG/INTERIOR/142723.jpg,https://img.travel.rakuten.co.jp/share/HOTEL/142723/142723map.gif,1195.0,4.13,"クチコミの詳細はこちらから　https://review.travel.rakute…　2026-05-14 10:03:01投稿 <a href=""https://img.travel.rakuten.co.jp/image/tr/api/re/gJNfM/?f_hotel_no=142723"" class=""3click"">つづきはこちら</a>",sn,【禁煙】シングル,6105758.0,スタンダードプラン（朝食サービス）,1,0,0,1,0,1,https://img.travel.rakuten.co.jp/image/tr/api/re/IdsCY/?f_no=142723&f_syu=sn&f_hi1=2026-05-19&f_hi2=2026-05-20&f_heya_su=1&f_otona_su=1&f_s1=0&f_s2=0&f_y1=0&f_y2=0&f_y3=0&f_y4=0&f_camp_id=6105758,0,2026-05-19,6380,6380,0,2026-05-19,seibu
70206,ホテル天神プレイス,https://img.travel.rakuten.co.jp/image/tr/api/re/pvonD/?f_no=70206,https://img.travel.rakuten.co.jp/image/tr/api/re/vFumt/?f_no=70206&f_flg=PLAN,https://img.travel.rakuten.co.jp/image/tr/api/re/WzozX/?noTomariHotel=70206,https://img.travel.rakuten.co.jp/image/tr/api/re/gJNfM/?f_hotel_no=70206,てんじんぷれいす,全客室にダブルサイズ以上のシモンズベッドを配置した『静かな大人の隠れ家ホテル』。朝食無料サービス実施中。,4000,120894.75,469451.67,810-0021,福岡県,福岡市中央区今泉1-2-23,092-733-1234,092-733-1235,博多駅から地下鉄七隈線で天神南駅までが便利！天神地下街の西12-C出口より約5分と好アクセス,"事前予約制※敷地内（自走式）14：00〜翌日12:00　￥1,500/1泊（出入自由）高さ2.2ｍ迄",天神,https://img.travel.rakuten.co.jp/share/HOTEL/70206/70206.jpg,https://img.travel.rakuten.co.jp/HIMG/90/70206.jpg,https://img.travel.rakuten.co.jp/share/HOTEL/70206/70206_ge.jpg,https://img.travel.rakuten.co.jp/HIMG/INTERIOR/70206.jpg,https://img.travel.rakuten.co.jp/share/HOTEL/70206/70206map.gif,1742.0,4.38,"部屋は「リファルーム」…　2026-05-14 19:40:13投稿 <a href=""https://img.travel.rakuten.co.jp/image/tr/api/re/gJNfM/?f_hotel_no=70206"" class=""3click"">つづきはこちら</a>",ntwk,【禁煙】ツイン■ダブルベッド140ｃｍ幅×2台,3182073.0,【素泊まり】シンプルステイ〜朝食無料サービス〜,1,0,0,1,0,1,https://img.travel.rakuten.co.jp/image/tr/api/re/IdsCY/?f_no=70206&f_syu=ntwk&f_hi1=2026-05-19&f_hi2=2026-05-20&f_heya_su=1&f_otona_su=1&f_s1=0&f_s2=0&f_y1=0&f_y2=0&f_y3=0&f_y4=0&f_camp_id=3182073,0,2026-05-19,20000,20000,0,2026-05-19,seibu
198902,ＢＡＳＥ　ＬＡＹＥＲ　ＨＯＴＥＬ　福岡（２０２６年４月１５日ＯＰＥＮ）,https://img.travel.rakuten.co.jp/image/tr/api/re/pvonD/?f_no=198902,https://img.travel.rakuten.co.jp/image/tr/api/re/vFumt/?f_no=198902&f_flg=PLAN,https://img.travel.rakuten.co.jp/image/tr/api/re/WzozX/?noTomariHotel=198902,https://img.travel.rakuten.co.jp/image/tr/api/re/gJNfM/?f_hotel_no=198902,べーすれいやーほてるふくおか（２０２６ねん４がつ１５にちおーぷん）,快適な滞在と楽しい街遊びを支える基礎的機能ホテル,6160,120879.62,469476.79,810-0005,福岡県,福岡市中央区清川1-14-15,092-406-1256,092-406-1257,福岡市地下鉄七隈線「渡辺通駅」より徒歩7分・西鉄天神大牟田線「薬院駅」より徒歩10分,なし,天神,https://img.travel.rakuten.co.jp/share/HOTEL/198902/198902.jpg,https://img.travel.rakuten.co.jp/HIMG/90/198902.jpg,,,https://img.travel.rakuten.co.jp/share/HOTEL/198902/198902map.gif,5.0,3.2,,d,ダブルルーム,6440231.0,開業記念プラン 2026.04.15 GRAND OPEN,1,0,0,0,0,1,https://img.travel.rakuten.co.jp/image/tr/api/re/IdsCY/?f_no=198902&f_syu=d&f_hi1=2026-05-19&f_hi2=2026-05-20&f_heya_su=1&f_otona_su=1&f_s1=0&f_s2=0&f_y1=0&f_y2=0&f_y3=0&f_y4=0&f_camp_id=6440231,0,2026-05-19,17204,17204,0,2026-05-19,seibu
104626,ベッセルイン博多中洲（中洲川端）（２０２６年２月２８日全客室リニューアル）　,https://img.travel.rakuten.co.jp/image/tr/api/re/pvonD/?f_no=104626,https://img.travel.rakuten.co.jp/image/tr/api/re/vFumt/?f_no=104626&f_flg=PLAN,https://img.travel.rakuten.co.jp/image/tr/api/re/WzozX/?noTomariHotel=104626,https://img.travel.rakuten.co.jp/image/tr/api/re/gJNfM/?f_hotel_no=104626,べっせるいんはかたなかす　なかすかわばた,福岡空港から地下鉄で4駅の好立地！中洲川端駅から徒歩１分。Wi-Fi全室無料。18歳以下添い寝無料。,3975,120927.24,469465.95,810-0801,福岡県,福岡市博多区中洲5-1-12,092-271-4055,092-271-4050,地下鉄中洲川端駅より徒歩１分 【中洲川端駅３番出口】JR博多駅、地下鉄天神駅より車で５分。福岡空港までも車で10分。,５台　電話予約制　満車の場合近隣のコインパーキングへのご案内になります。,中洲川端,https://img.travel.rakuten.co.jp/share/HOTEL/104626/104626.jpg,https://img.travel.rakuten.co.jp/HIMG/90/104626.jpg,https://img.travel.rakuten.co.jp/share/HOTEL/104626/104626_sin.jpg,https://img.travel.rakuten.co.jp/HIMG/INTERIOR/104626.jpg,https://img.travel.rakuten.co.jp/share/HOTEL/104626/104626map.gif,2063.0,4.17,"車椅子使用の友達とバリアフリーの部屋を利用しました。ウェルカムドリンクや夜食、シャンプーバーなどサービスが充実しており、その点は楽し…　2026-05-14 22:06:36投稿 <a href=""https://img.travel.rakuten.co.jp/image/tr/api/re/gJNfM/?f_hotel_no=104626"" class=""3click"">つづきはこちら</a>",nta,ツイン☆禁煙【ベッド2台】,4195314.0,【室数限定！添い寝不可★素泊まり】ツインシングルユース【中洲川端駅3番出口より徒歩1分】,1,0,0,0,0,1,https://img.travel.rakuten.co.jp/image/tr/api/re/IdsCY/?f_no=104626&f_syu=nta&f_hi1=2026-05-19&f_hi2=2026-05-20&f_heya_su=1&f_otona_su=1&f_s1=0&f_s2=0&f_y1=0&f_y2=0&f_y3=0&f_y4=0&f_camp_id=4195314,0,2026-05-19,18000,18000,0,2026-05-19,seibu
176739,ホテルビスタ福岡【中洲川端】,https://img.travel.rakuten.co.jp/image/tr/api/re/pvonD/?f_no=176739,https://img.travel.rakuten.co.jp/image/tr/api/re/vFumt/?f_no=176739&f_flg=PLAN,https://img.travel.rakuten.co.jp/image/tr/api/re/WzozX/?noTomariHotel=176739,https://img.travel.rakuten.co.jp/image/tr/api/re/gJNfM/?f_hotel_no=176739,びすた　ふくおか　なかすかわばた,「博多座」まで徒歩約3分　歌舞伎・ミュージカル等、年間通して公演をお楽しみいただけます,5500,120931.58,469478.03,812-0026,福岡県,福岡市博多区上川端町14-28,092-281-3737,092-281-3736,中洲川端駅７番出口より徒歩にて約３分。地下鉄にて天神駅まで２分、博多駅まで４分の好立地。最寄りのコンビニまで徒歩1分。,"５台先着順 一泊一台1,500円(税込) 機械式のため車高及び車幅制限あり 満車時は提携駐車場を案内",中洲川端,https://img.travel.rakuten.co.jp/share/HOTEL/176739/176739.jpg,https://img.travel.rakuten.co.jp/HIMG/90/176739.jpg,https://img.travel.rakuten.co.jp/share/HOTEL/176739/176739_kan1.jpg,https://img.travel.rakuten.co.jp/HIMG/INTERIOR/176739.jpg,https://img.travel.rakuten.co.jp/share/HOTEL/176739/176739map.gif,782.0,4.19,"クチコミの詳細はこちらから　https://review.travel.rakuten.co.jp/hote…　2026-05-08 20:40:07投稿 <a href=""https://img.travel.rakuten.co.jp/image/tr/api/re/gJNfM/?f_hotel_no=176739"" class=""3click"">つづきはこちら</a>",mdd,禁煙モデレートダブル 150cmベッド,5871025.0,シンプルステイプラン（素泊り）,1,0,0,0,0,2,https://img.travel.rakuten.co.jp/image/tr/api/re/IdsCY/?f_no=176739&f_syu=mdd&f_hi1=2026-05-19&f_hi2=2026-05-20&f_heya_su=1&f_otona_su=1&f_s1=0&f_s2=0&f_y1=0&f_y2=0&f_y3=0&f_y4=0&f_camp_id=5871025,0,2026-05-19,19300,19300,0,2026-05-19,seibu
3088,ザ　ノット　福岡天神（２０２６年４月２０日開業）,https://img.travel.rakuten.co.jp/image/tr/api/re/pvonD/?f_no=3088,https://img.travel.rakuten.co.jp/image/tr/api/re/vFumt/?f_no=3088&f_flg=PLAN,https://img.travel.rakuten.co.jp/image/tr/api/re/WzozX/?noTomariHotel=3088,https://img.travel.rakuten.co.jp/image/tr/api/re/gJNfM/?f_hotel_no=3088,ざ　のっと　ふくおかてんじん,福岡・天神に誕生！街とつながるライフスタイルホテル「THE KNOT FUKUOKA Tenjin」,4077,120903.22,469425.72,810-0041,福岡県,福岡市中央区大名1-9-63,0570-056-633,092-752-7550,博多駅、空港から地下鉄空港線で1本。天神駅3番出口から徒歩8分。赤坂駅（天神駅次）5番出口から4分。,なし,赤坂（福岡）,https://img.travel.rakuten.co.jp/share/HOTEL/3088/3088.jpg,https://img.travel.rakuten.co.jp/HIMG/90/3088.jpg,https://img.travel.rakuten.co.jp/share/HOTEL/3088/3088_tui.jpg,https://img.travel.rakuten.co.jp/HIMG/INTERIOR/3088.jpg,https://img.travel.rakuten.co.jp/share/HOTEL/3088/3088map.gif,2463.0,4.38,"今回の朝食を食べることが出来ませ…　2026-04-21 06:17:50投稿 <a href=""https://img.travel.rakuten.co.jp/image/tr/api/re/gJNfM/?f_hotel_no=3088"" class=""3click"">つづきはこちら</a>",sln,スーペリアセミダブル 禁煙,6420588.0,旅と人と街をつなぐTHE KNOTステイ (素泊まり),1,0,0,0,0,1,https://img.travel.rakuten.co.jp/image/tr/api/re/IdsCY/?f_no=3088&f_syu=sln&f_hi1=2026-05-19&f_hi2=2026-05-20&f_heya_su=1&f_otona_su=1&f_s1=0&f_s2=0&f_y1=0&f_y2=0&f_y3=0&f_y4=0&f_camp_id=6420588,0,2026-05-19,15040,15040,0,2026-05-19,seibu
70215,ホテルマイステイズ福岡天神南,https://img.travel.rakuten.co.jp/image/tr/api/re/pvonD/?f_no=70215,https://img.travel.rakuten.co.jp/image/tr/api/re/vFumt/?f_no=70215&f_flg=PLAN,https://img.travel.rakuten.co.jp/image/tr/api/re/WzozX/?noTomariHotel=70215,https://img.travel.rakuten.co.jp/image/tr/api/re/gJNfM/?f_hotel_no=70215,ほてるまいすていずふくおかてんじんみなみ,地下鉄七隈線「天神南駅」から徒歩5分、「天神・中洲エリア」へ徒歩圏内。 ミニキッチン付のお部屋は連泊時に大人気！,4480,120907.54,469471.21,810-0003,福岡県,福岡市中央区春吉3-14-20,092-286-1700,092-286-2100,■空港から空港線「博多駅」にて七隈線に乗り換え「天神南駅」6番出口より徒歩5分■「天神高速バスターミナル」より徒歩８分,"ご利用の方は事前にお電話にてご予約下さい。1,500円／泊　※先着順。台数に限りがあります。　",,https://img.travel.rakuten.co.jp/share/HOTEL/70215/70215.jpg,https://img.travel.rakuten.co.jp/HIMG/90/70215.jpg,https://img.travel.rakuten.co.jp/share/HOTEL/70215/70215_s.jpg,https://img.travel.rakuten.co.jp/HIMG/INTERIOR/70215.jpg,https://img.travel.rakuten.co.jp/share/HOTEL/70215/70215map.gif,2116.0,4.22,"クチコミの詳細はこちらから　https://review.travel.rakuten.co.jp/hotel/v…　2026-05-10 21:42:48投稿 <a href=""https://img.travel.rakuten.co.jp/image/tr/api/re/gJNfM/?f_hotel_no=70215"" class=""3click"">つづきはこちら</a>",d1a,禁煙◇リニューアル スタンダードダブル◇１５平米,6165188.0,2025年客室改装！全室スマートTV導入！【ベストレート／素泊まり】 直前予約にもオススメ！,1,0,0,0,0,1,https://img.travel.rakuten.co.jp/image/tr/api/re/IdsCY/?f_no=70215&f_syu=d1a&f_hi1=2026-05-19&f_hi2=2026-05-20&f_heya_su=1&f_otona_su=1&f_s1=0&f_s2=0&f_y1=0&f_y2=0&f_y3=0&f_y4=0&f_camp_id=6165188,0,2026-05-19,15220,15220,0,2026-05-19,seibu
3089,プラザホテルプルミエ,https://img.travel.rakuten.co.jp/image/tr/api/re/pvonD/?f_no=3089,https://img.travel.rakuten.co.jp/image/tr/api/re/vFumt/?f_no=3089&f_flg=PLAN,https://img.travel.rakuten.co.jp/image/tr/api/re/WzozX/?noTomariHotel=3089,https://img.travel.rakuten.co.jp/image/tr/api/re/gJNfM/?f_hotel_no=3089,ぷらざほてる　ぷるみえ,福岡の天神地区のホテル。出張や買物に最適！快適なデュベスタイル・Wi-Fi接続。,3330,120902.64,469432.81,810-0041,福岡県,福岡市中央区大名1-14-13,0570-076-633,092-734-7601,博多駅、福岡空港より地下鉄で1本。空港線天神駅3番出口より徒歩7分。七隈線天神南駅2番出口より徒歩8分。,駐車場あり(先着順・予約不可)  2500円/ 1泊,天神,https://img.travel.rakuten.co.jp/share/HOTEL/3089/3089.jpg,https://img.travel.rakuten.co.jp/HIMG/90/3089.jpg,https://img.travel.rakuten.co.jp/share/HOTEL/3089/3089_tui.jpg,https://img.travel.rakuten.co.jp/HIMG/INTERIOR/3089.jpg,https://img.travel.rakuten.co.jp/share/HOTEL/3089/3089map.gif,2867.0,3.75,"クチコミの詳細はこちらから　https://…　2026-05-03 14:56:15投稿 <a href=""https://img.travel.rakuten.co.jp/image/tr/api/re/gJNfM/?f_hotel_no=3089"" class=""3click"">つづきはこちら</a>",ssssk,【禁煙】セミダブル,4512043.0,「プルミエ」ステイ,1,0,0,0,0,1,https://img.travel.rakuten.co.jp/image/tr/api/re/IdsCY/?f_no=3089&f_syu=ssssk&f_hi1=2026-05-19&f_hi2=2026-05-20&f_heya_su=1&f_otona_su=1&f_s1=0&f_s2=0&f_y1=0&f_y2=0&f_y3=0&f_y4=0&f_camp_id=4512043,0,2026-05-19,14850,14850,0,2026-05-19,seibu
146992,ファーストキャビン博多,https://img.travel.rakuten.co.jp/image/tr/api/re/pvonD/?f_no=146992,https://img.travel.rakuten.co.jp/image/tr/api/re/vFumt/?f_no=146992&f_flg=PLAN,,https://img.travel.rakuten.co.jp/image/tr/api/re/gJNfM/?f_hotel_no=146992,ふぁーすときゃびん　はかた,【全国旅行支援対象】地下鉄「中洲川端駅」直結の好立地！大浴場で疲れを癒せます。女性エリア完備！,4365,120925.34,469470.08,810-0801,福岡県,福岡市博多区中洲3-7-24　ｇａｔｅ’ｓ 8F,092-260-1852,092-260-1853,地下鉄空港線　中洲川端駅４番出口直結,駐車場無し・公共交通機関をご利用ください,中洲川端,https://img.travel.rakuten.co.jp/share/HOTEL/146992/146992.jpg,https://img.travel.rakuten.co.jp/HIMG/90/146992.jpg,https://img.travel.rakuten.co.jp/share/HOTEL/146992/146992_kan1.jpg,https://img.travel.rakuten.co.jp/HIMG/INTERIOR/146992.jpg,https://img.travel.rakuten.co.jp/share/HOTEL/146992/146992map.gif,987.0,3.98,"3泊したのですが、最終日にイビキの強い方が隣に入り、耳栓しても眠れま…　2026-05-13 15:04:20投稿 <a href=""https://img.travel.rakuten.co.jp/image/tr/api/re/gJNfM/?f_hotel_no=146992"" class=""3click"">つづきはこちら</a>",sb,ビジネスクラスキャビン（男性専用・女性不可）,4434960.0,【男性限定】素泊まり☆スタンダードプラン,1,0,0,0,0,1,https://img.travel.rakuten.co.jp/image/tr/api/re/IdsCY/?f_no=146992&f_syu=sb&f_hi1=2026-05-19&f_hi2=2026-05-20&f_heya_su=1&f_otona_su=1&f_s1=0&f_s2=0&f_y1=0&f_y2=0&f_y3=0&f_y4=0&f_camp_id=4434960,0,2026-05-19,7500,7500,0,2026-05-19,seibu
173037,ナインアワーズ中洲川端駅,https://img.travel.rakuten.co.jp/image/tr/api/re/pvonD/?f_no=173037,https://img.travel.rakuten.co.jp/image/tr/api/re/vFumt/?f_no=173037&f_flg=PLAN,,https://img.travel.rakuten.co.jp/image/tr/api/re/gJNfM/?f_hotel_no=173037,ないんあわーず　なかすかわばたえき,【2019年8月9日オープン！】地下鉄直結。雨でも安心。福岡中心部にあり抜群のアクセス。観光・ビジネスの活動拠点に。,3400,120930.83,469469.44,812-0027,福岡県,福岡市博多区下川端町3-1　博多リバレインモールＢ1Ｆ,092-283-8755,092-283-8766,福岡市地下鉄中洲川端駅直結,無し,中洲川端,https://img.travel.rakuten.co.jp/share/HOTEL/173037/173037.jpg,https://img.travel.rakuten.co.jp/HIMG/90/173037.jpg,,,https://img.travel.rakuten.co.jp/share/HOTEL/173037/173037map.gif,246.0,4.04,"数回目の宿泊です。地下鉄直結、立地も良く、スタイリッシュで気に入ってます。一つだけ、ご飯食べるスペースが...。中には持ち込めないので、受付横のカウンタスペー…　2026-05-12 18:52:20投稿 <a href=""https://img.travel.rakuten.co.jp/image/tr/api/re/gJNfM/?f_hotel_no=173037"" class=""3click"">つづきはこちら</a>",f01,女性用スリーピングポッド 禁煙（通常）,4811492.0,スタンダードプラン！◆地下鉄「中洲川端駅」直結,1,0,0,0,0,1,https://img.travel.rakuten.co.jp/image/tr/api/re/IdsCY/?f_no=173037&f_syu=f01&f_hi1=2026-05-19&f_hi2=2026-05-20&f_heya_su=1&f_otona_su=1&f_s1=0&f_s2=0&f_y1=0&f_y2=0&f_y3=0&f_y4=0&f_camp_id=4811492,0,2026-05-19,5200,5200,1,2026-05-19,seibu
181424,ＫＯＫＯ　ＨＯＴＥＬ　福岡天神,https://img.travel.rakuten.co.jp/image/tr/api/re/pvonD/?f_no=181424,https://img.travel.rakuten.co.jp/image/tr/api/re/vFumt/?f_no=181424&f_flg=PLAN,https://img.travel.rakuten.co.jp/image/tr/api/re/WzozX/?noTomariHotel=181424,https://img.travel.rakuten.co.jp/image/tr/api/re/gJNfM/?f_hotel_no=181424,ここほてる　ふくおかてんじん,天神南駅から徒歩4分。福岡の中心地天神に位置し、観光やグルメ、買物はもちろんビジネスにも最適！,6580,120900.93,469446.52,810-0021,福岡県,福岡市中央区今泉1-22-14,092-714-5445,092-714-5466,「天神南」駅より徒歩4分,無し,西鉄福岡,https://img.travel.rakuten.co.jp/share/HOTEL/181424/181424.jpg,https://img.travel.rakuten.co.jp/HIMG/90/181424.jpg,,,https://img.travel.rakuten.co.jp/share/HOTEL/181424/181424map.gif,287.0,4.05,"しかし、ベッドで寝る時に空調(エアコン)が直にくる感じがして、乾燥が気に…　2026-05-10 16:49:13投稿 <a href=""https://img.travel.rakuten.co.jp/image/tr/api/re/gJNfM/?f_hotel_no=181424"" class=""3click"">つづきはこちら</a>",qrg2bns,ハリウッドツイン禁煙,4910992.0,KOKO シンプルプラン / 素泊り,1,0,0,0,0,1,https://img.travel.rakuten.co.jp/image/tr/api/re/IdsCY/?f_no=181424&f_syu=qrg2bns&f_hi1=2026-05-19&f_hi2=2026-05-20&f_heya_su=1&f_otona_su=1&f_s1=0&f_s2=0&f_y1=0&f_y2=0&f_y3=0&f_y4=0&f_camp_id=4910992,0,2026-05-19,21500,21500,0,2026-05-19,seibu
176752,ザ・ミレニアルズ福岡（Ｔｈｅ　Ｍｉｌｌｅｎｎｉａｌｓ　福岡）,https://img.travel.rakuten.co.jp/image/tr/api/re/pvonD/?f_no=176752,https://img.travel.rakuten.co.jp/image/tr/api/re/vFumt/?f_no=176752&f_flg=PLAN,https://img.travel.rakuten.co.jp/image/tr/api/re/WzozX/?noTomariHotel=176752,https://img.travel.rakuten.co.jp/image/tr/api/re/gJNfM/?f_hotel_no=176752,ざ　みれにあるず　ふくおか,「スマートポッド」という未来型の宿泊体験。コワーキングスペース、ビリヤードに加え、夕方にはフリービール提供中！,5600,120925.76,469464.98,810-0801,福岡県,福岡市博多区中洲5-2-18,092-262-2009,092-262-1909,「THE LIVELY 福岡博多」内。地下鉄「中洲川端」駅2番出口より徒歩1分。天神・繁華街まで徒歩圏内。,"1,800円 予約不可。車種制限(車高1.6ｍ、車幅1.7ｍ)",中洲川端,https://img.travel.rakuten.co.jp/share/HOTEL/176752/176752.jpg,https://img.travel.rakuten.co.jp/HIMG/90/176752.jpg,https://img.travel.rakuten.co.jp/share/HOTEL/176752/176752_kan1.jpg,https://img.travel.rakuten.co.jp/HIMG/INTERIOR/176752.jpg,https://img.travel.rakuten.co.jp/share/HOTEL/176752/176752map.gif,125.0,3.87,"クチコミの詳細はこちらから　https://revie…　2026-03-25 09:04:51投稿 <a href=""https://img.travel.rakuten.co.jp/image/tr/api/re/gJNfM/?f_hotel_no=176752"" class=""3click"">つづきはこちら</a>",ao,スマートポッド - すべての性別,6420373.0,【男女混合エリア】充実したパブリックスペース＆夕方はフリービール提供中♪（素泊まり）,1,0,0,0,0,1,https://img.travel.rakuten.co.jp/image/tr/api/re/IdsCY/?f_no=176752&f_syu=ao&f_hi1=2026-05-19&f_hi2=2026-05-20&f_heya_su=1&f_otona_su=1&f_s1=0&f_s2=0&f_y1=0&f_y2=0&f_y3=0&f_y4=0&f_camp_id=6420373,0,2026-05-19,6200,6200,0,2026-05-19,seibu
168795,変なホテル福岡　博多,https://img.travel.rakuten.co.jp/image/tr/api/re/pvonD/?f_no=168795,https://img.travel.rakuten.co.jp/image/tr/api/re/vFumt/?f_no=168795&f_flg=PLAN,https://img.travel.rakuten.co.jp/image/tr/api/re/WzozX/?noTomariHotel=168795,https://img.travel.rakuten.co.jp/image/tr/api/re/gJNfM/?f_hotel_no=168795,へんなほてるふくおか　はかた,2023年6月19日からラウンジOPEN！ドリンク・アルコール・朝食はご宿泊のお客様なら無料！人気の観光地も徒歩圏内！,5480,120926.9,469460.56,810-0801,福岡県,福岡市博多区中洲5-4-19,050-5576-8380,03-6695-6660,中洲川端駅より徒歩３分／天神駅より徒歩５分／福岡空港より電車で９分,"提携駐車場「Dパーキング中洲5丁目第一／第三／第六」24時間2,500円",中洲川端,https://img.travel.rakuten.co.jp/share/HOTEL/168795/168795.jpg,https://img.travel.rakuten.co.jp/HIMG/90/168795.jpg,https://img.travel.rakuten.co.jp/share/HOTEL/168795/168795_kan1.jpg,https://img.travel.rakuten.co.jp/HIMG/INTERIOR/168795.jpg,https://img.travel.rakuten.co.jp/share/HOTEL/168795/168795map.gif,972.0,4.22,"接客は特に可もなく不可もなく、温泉宿でなくていいならありで…　2026-05-14 12:47:17投稿 <a href=""https://img.travel.rakuten.co.jp/image/tr/api/re/gJNfM/?f_hotel_no=168795"" class=""3click"">つづきはこちら</a>",rohtrp,お部屋タイプおまかせ【禁煙】,6060382.0,【お日にち限定】出張応援！部屋指定なしでお得にステイ！＜宿泊者限定ラウンジ利用無料＞,1,0,0,1,0,1,https://img.travel.rakuten.co.jp/image/tr/api/re/IdsCY/?f_no=168795&f_syu=rohtrp&f_hi1=2026-05-19&f_hi2=2026-05-20&f_heya_su=1&f_otona_su=1&f_s1=0&f_s2=0&f_y1=0&f_y2=0&f_y3=0&f_y4=0&f_camp_id=6060382,0,2026-05-19,16100,16100,0,2026-05-19,seibu
183099,グローカルホテル糸島,https://img.travel.rakuten.co.jp/image/tr/api/re/pvonD/?f_no=183099,https://img.travel.rakuten.co.jp/image/tr/api/re/vFumt/?f_no=183099&f_flg=PLAN,https://img.travel.rakuten.co.jp/image/tr/api/re/WzozX/?noTomariHotel=183099,https://img.travel.rakuten.co.jp/image/tr/api/re/gJNfM/?f_hotel_no=183099,ぐろーかるほてるいとしま,駐車場無料・大浴場あり。徒歩圏内温浴施設やサウナ・岩盤浴・食事処あり。,8200,120889.86,468777.98,819-1111,福岡県,糸島市泊844-1,092-332-9600,092-332-9606,「福岡空港」より「筑肥線(波多江駅)」で降り、タクシーで7分,有り　125台　無料　予約不要,今宿,https://img.travel.rakuten.co.jp/share/HOTEL/183099/183099.jpg,https://img.travel.rakuten.co.jp/HIMG/90/183099.jpg,,,https://img.travel.rakuten.co.jp/share/HOTEL/183099/183099map.gif,356.0,4.51,"クチコミの詳細はこちらから　https://review.travel.rakuten.co.…　2026-05-14 08:43:48投稿 <a href=""https://img.travel.rakuten.co.jp/image/tr/api/re/gJNfM/?f_hotel_no=183099"" class=""3click"">つづきはこちら</a>",sgl,シングルルーム,6417812.0,☆大好評につき復活☆温浴・岩盤浴無料プラン(朝食付き),1,0,0,1,0,1,https://img.travel.rakuten.co.jp/image/tr/api/re/IdsCY/?f_no=183099&f_syu=sgl&f_hi1=2026-05-19&f_hi2=2026-05-20&f_heya_su=1&f_otona_su=1&f_s1=0&f_s2=0&f_y1=0&f_y2=0&f_y3=0&f_y4=0&f_camp_id=6417812,0,2026-05-19,11200,11200,0,2026-05-19,seibu
76347,ＨＥＡＲＴＳカプセルホテル＆スパ中洲,https://img.travel.rakuten.co.jp/image/tr/api/re/pvonD/?f_no=76347,https://img.travel.rakuten.co.jp/image/tr/api/re/vFumt/?f_no=76347&f_flg=PLAN,https://img.travel.rakuten.co.jp/image/tr/api/re/WzozX/?noTomariHotel=76347,https://img.travel.rakuten.co.jp/image/tr/api/re/gJNfM/?f_hotel_no=76347,はーつかぷせるほてるあんどすぱなかす,★地下鉄　【中洲川端駅】　直結★　【清潔感】と【低価格】が魅力のカプセルホテル♪　無料Wi-Fi完備♪アメニティ無料♪ ,3000,120925.34,469466.41,810-0801,福岡県,福岡市博多区中洲5-2-1 7F・8F,092-263-1313,092-263-1515,★地下鉄　【中洲川端駅】　直結★　地下鉄にて福岡空港→８分・博多駅→３分・天神→１分（乗換なしでご到着できます）,無し,中洲川端,https://img.travel.rakuten.co.jp/share/HOTEL/76347/76347.jpg,https://img.travel.rakuten.co.jp/HIMG/90/76347.jpg,https://img.travel.rakuten.co.jp/share/HOTEL/76347/76347_gr.jpg,https://img.travel.rakuten.co.jp/HIMG/INTERIOR/76347.jpg,https://img.travel.rakuten.co.jp/share/HOTEL/76347/76347map.gif,1215.0,3.44,"クチコミの詳細はこちらから　https://review.travel.rakuten.co.jp/hotel/voice/76347?…　2026-05-13 09:11:44投稿 <a href=""https://img.travel.rakuten.co.jp/image/tr/api/re/gJNfM/?f_hotel_no=76347"" class=""3click"">つづきはこちら</a>",sc,スタンダードキャビンルーム【男性専用】　Wi-Fi完備,3376143.0,【直前割プラン】★地下鉄駅直結　シャワー付　手ぶらでOK♪ 　wifi完備,1,0,0,0,0,1,https://img.travel.rakuten.co.jp/image/tr/api/re/IdsCY/?f_no=76347&f_syu=sc&f_hi1=2026-05-19&f_hi2=2026-05-20&f_heya_su=1&f_otona_su=1&f_s1=0&f_s2=0&f_y1=0&f_y2=0&f_y3=0&f_y4=0&f_camp_id=3376143,0,2026-05-19,3500,3500,0,2026-05-19,seibu
539,博多エクセルホテル東急,https://img.travel.rakuten.co.jp/image/tr/api/re/pvonD/?f_no=539,https://img.travel.rakuten.co.jp/image/tr/api/re/vFumt/?f_no=539&f_flg=PLAN,https://img.travel.rakuten.co.jp/image/tr/api/re/WzozX/?noTomariHotel=539,https://img.travel.rakuten.co.jp/image/tr/api/re/gJNfM/?f_hotel_no=539,はかた　えくせるほてるとうきゅう,九州最大級の繁華街中洲に位置　中洲屋台街・博多や天神エリアも徒歩圏内,7918,120921.8,469467.01,810-0801,福岡県,福岡市博多区中洲4-6-7,092-262-0109,092-262-5578,福岡空港・ＪＲ博多駅から地下鉄で一本！　中洲川端駅4番出口より徒歩約2分,"先着順で有料駐車場有り/予約不可/1泊1,700円/ 高さ制限を越えるお車は近隣駐車場をご案内します",中洲川端,https://img.travel.rakuten.co.jp/share/HOTEL/539/539.jpg,https://img.travel.rakuten.co.jp/HIMG/90/539.jpg,https://img.travel.rakuten.co.jp/share/HOTEL/539/539_t.jpg,https://img.travel.rakuten.co.jp/HIMG/INTERIOR/539.jpg,https://img.travel.rakuten.co.jp/share/HOTEL/539/539map.gif,2034.0,4.14,"クチコミの詳細はこちらから　https://review.travel.rakuten.co.jp/hot…　2026-05-11 08:39:32投稿 <a href=""https://img.travel.rakuten.co.jp/image/tr/api/re/gJNfM/?f_hotel_no=539"" class=""3click"">つづきはこちら</a>",pdan_2,【禁煙】スーペリアダブル,6193822.0,スタンダードプラン【素泊り】,1,0,0,0,0,1,https://img.travel.rakuten.co.jp/image/tr/api/re/IdsCY/?f_no=539&f_syu=pdan_2&f_hi1=2026-05-19&f_hi2=2026-05-20&f_heya_su=1&f_otona_su=1&f_s1=0&f_s2=0&f_y1=0&f_y2=0&f_y3=0&f_y4=0&f_camp_id=6193822,0,2026-05-19,36350,36350,0,2026-05-19,seibu
183210,ＹＯＵ　ＳＴＹＬＥ　ＨＯＴＥＬ　ＨＡＫＡＴＡ,https://img.travel.rakuten.co.jp/image/tr/api/re/pvonD/?f_no=183210,https://img.travel.rakuten.co.jp/image/tr/api/re/vFumt/?f_no=183210&f_flg=PLAN,https://img.travel.rakuten.co.jp/image/tr/api/re/WzozX/?noTomariHotel=183210,https://img.travel.rakuten.co.jp/image/tr/api/re/gJNfM/?f_hotel_no=183210,ゆー　すたいる　ほてる　はかた,【全室禁煙】2021年10月　新築グランドオープン♪博多座の隣！中洲川端駅からも徒歩3分で便利な立地！,4850,120934.57,469470.12,812-0027,福岡県,福岡市博多区下川端町10-1,092-402-4433,092-402-4432,中洲川端駅より徒歩3分,"有(1,700円/泊)※ホテル内駐車場１台分のみ。※予約制のためホテルに直接お問い合わせください。",中洲川端,https://img.travel.rakuten.co.jp/share/HOTEL/183210/183210.jpg,https://img.travel.rakuten.co.jp/HIMG/90/183210.jpg,,,https://img.travel.rakuten.co.jp/share/HOTEL/183210/183210map.gif,262.0,4.26,"博…　2026-05-04 09:23:51投稿 <a href=""https://img.travel.rakuten.co.jp/image/tr/api/re/gJNfM/?f_hotel_no=183210"" class=""3click"">つづきはこちら</a>",single1,セミダブルルーム,5238826.0,★楽天アワード2年連続受賞記念★【素泊まり】2021年10月グランドオープン！全室光触媒除菌導入,1,0,0,0,0,1,https://img.travel.rakuten.co.jp/image/tr/api/re/IdsCY/?f_no=183210&f_syu=single1&f_hi1=2026-05-19&f_hi2=2026-05-20&f_heya_su=1&f_otona_su=1&f_s1=0&f_s2=0&f_y1=0&f_y2=0&f_y3=0&f_y4=0&f_camp_id=5238826,0,2026-05-19,15700,15700,0,2026-05-19,seibu
168188,ワンズホテル福岡,https://img.travel.rakuten.co.jp/image/tr/api/re/pvonD/?f_no=168188,https://img.travel.rakuten.co.jp/image/tr/api/re/vFumt/?f_no=168188&f_flg=PLAN,https://img.travel.rakuten.co.jp/image/tr/api/re/WzozX/?noTomariHotel=168188,https://img.travel.rakuten.co.jp/image/tr/api/re/gJNfM/?f_hotel_no=168188,わんずほてるふくおか,２０１８年１１月開業！地下鉄唐人町徒歩０分！隣はセブンイレブン！ヤフオクドーム徒歩圏内！全室ダブルベッドの寛ぎ空間。,4300,120909.75,469336.92,810-0054,福岡県,福岡市中央区今川1-3-3　,092-738-5533,092-738-5588,地下鉄　唐人町駅②番出口より約０分  〈 21時以降は⑤番出口〉〈 エレベーターは⑦番出口（ホテルまで徒歩約5分）〉,無し、近隣コインパーキング22台（1時間100円昼最大600円夜最大400円）イベント料金あり！,唐人町,https://img.travel.rakuten.co.jp/share/HOTEL/168188/168188.jpg,https://img.travel.rakuten.co.jp/HIMG/90/168188.jpg,,,https://img.travel.rakuten.co.jp/share/HOTEL/168188/168188map.gif,253.0,4.16,"野球観戦のために2泊しました。これまでみずほPayPayドームに行く時は天神、中洲あたりに宿泊していましたがより球場に近い所を探してここを見つけました。とにかく唐人…　2026-05-15 00:54:17投稿 <a href=""https://img.travel.rakuten.co.jp/image/tr/api/re/gJNfM/?f_hotel_no=168188"" class=""3click"">つづきはこちら</a>",dba,ダブルA〔禁煙〕（11.5平米・Wi-Fi無料）,4322226.0,【現金支払い限定】全室ダブルベッド★駅チカ＆ドーム徒歩圏内のお得ステイ,1,0,0,0,0,0,https://img.travel.rakuten.co.jp/image/tr/api/re/IdsCY/?f_no=168188&f_syu=dba&f_hi1=2026-05-19&f_hi2=2026-05-20&f_heya_su=1&f_otona_su=1&f_s1=0&f_s2=0&f_y1=0&f_y2=0&f_y3=0&f_y4=0&f_camp_id=4322226,0,2026-05-19,11300,11300,0,2026-05-19,seibu
136126,シーサイドホテルツインズももち,https://img.travel.rakuten.co.jp/image/tr/api/re/pvonD/?f_no=136126,https://img.travel.rakuten.co.jp/image/tr/api/re/vFumt/?f_no=136126&f_flg=PLAN,https://img.travel.rakuten.co.jp/image/tr/api/re/WzozX/?noTomariHotel=136126,https://img.travel.rakuten.co.jp/image/tr/api/re/gJNfM/?f_hotel_no=136126,しーさいどほてるついんずももち,☆福岡Ｐａｙ　Ｐａｙドームは徒歩約７分の距離で、野球観戦・コンサート時には好立地！近郊には福岡タワーもございます☆,4400,120919.91,469289.03,814-0001,福岡県,福岡市早良区百道浜1-7-4,092-822-5001,092-847-3110,博多駅よりバスで約30分・天神よりバスで約20分・最寄下車バス停「医師会館ソフトリサーチパーク」前より徒歩約1分,無し　近隣に提携外コインパーキングあり,,https://img.travel.rakuten.co.jp/share/HOTEL/136126/136126.jpg,https://img.travel.rakuten.co.jp/HIMG/90/136126.jpg,https://img.travel.rakuten.co.jp/share/HOTEL/136126/136126_kya.jpg,https://img.travel.rakuten.co.jp/HIMG/INTERIOR/136126.jpg,https://img.travel.rakuten.co.jp/share/HOTEL/136126/136126map.gif,536.0,3.89,"クチコミの詳細はこちらから　https://review…　2026-05-14 19:36:49投稿 <a href=""https://img.travel.rakuten.co.jp/image/tr/api/re/gJNfM/?f_hotel_no=136126"" class=""3click"">つづきはこちら</a>",d,スタンダードダブルルーム◆喫煙◆広さ15平米,2902828.0,TWINSベーシックＳＴＡＹ【素泊まり】,1,0,0,0,0,1,https://img.travel.rakuten.co.jp/image/tr/api/re/IdsCY/?f_no=136126&f_syu=d&f_hi1=2026-05-19&f_hi2=2026-05-20&f_heya_su=1&f_otona_su=1&f_s1=0&f_s2=0&f_y1=0&f_y2=0&f_y3=0&f_y4=0&f_camp_id=2902828,0,2026-05-19,9900,9900,0,2026-05-19,seibu
167056,Ｔｈｅ　ＢＲＥＡＫＦＡＳＴ　ＨＯＴＥＬ福岡中洲,https://img.travel.rakuten.co.jp/image/tr/api/re/pvonD/?f_no=167056,https://img.travel.rakuten.co.jp/image/tr/api/re/vFumt/?f_no=167056&f_flg=PLAN,https://img.travel.rakuten.co.jp/image/tr/api/re/WzozX/?noTomariHotel=167056,https://img.travel.rakuten.co.jp/image/tr/api/re/gJNfM/?f_hotel_no=167056,ざ　ぶれっくふぁーすと　ほてるふくおかなかす,23年 ACC総務大臣賞を受賞！【春香のBREAKFAST】桜鯛と筍と春フルーツフェア 4月末まで,5985,120924.69,469474.24,810-0801,福岡県,福岡市博多区中洲３丁目６－１９,050-1792-2444,092-291-4124,福岡市営地下鉄 空港線：博多駅経由 中洲川端駅まで4駅9分　中洲川端駅4番出口より徒歩2分,専用駐車場は設けておりません。車でお越しの方は周辺の有料駐車場を利用ください。,中洲川端,https://img.travel.rakuten.co.jp/share/HOTEL/167056/167056.jpg,https://img.travel.rakuten.co.jp/HIMG/90/167056.jpg,,,https://img.travel.rakuten.co.jp/share/HOTEL/167056/167056map.gif,554.0,4.02,"…　2026-05-13 20:00:26投稿 <a href=""https://img.travel.rakuten.co.jp/image/tr/api/re/gJNfM/?f_hotel_no=167056"" class=""3click"">つづきはこちら</a>",stn,【禁煙室】スーペリアツインルーム,5698534.0,【48時間限定タイムセール】（素泊まり）福岡グルメ満喫旅！女性ひとり旅・ビジネス利用でも！,1,0,0,0,0,2,https://img.travel.rakuten.co.jp/image/tr/api/re/IdsCY/?f_no=167056&f_syu=stn&f_hi1=2026-05-19&f_hi2=2026-05-20&f_heya_su=1&f_otona_su=1&f_s1=0&f_s2=0&f_y1=0&f_y2=0&f_y3=0&f_y4=0&f_camp_id=5698534,0,2026-05-19,15600,15600,0,2026-05-19,seibu
1533,西鉄グランドホテル,https://img.travel.rakuten.co.jp/image/tr/api/re/pvonD/?f_no=1533,https://img.travel.rakuten.co.jp/image/tr/api/re/vFumt/?f_no=1533&f_flg=PLAN,https://img.travel.rakuten.co.jp/image/tr/api/re/WzozX/?noTomariHotel=1533,https://img.travel.rakuten.co.jp/image/tr/api/re/gJNfM/?f_hotel_no=1533,にしてつぐらんどほてる,地下鉄天神駅から徒歩約1分でアクセス抜群！一人旅～グループ旅行にも◎伝統息づくおもてなしでお客様をお出迎え,10100,120910.26,469433.04,810-8587,福岡県,福岡市中央区大名2-6-60,092-781-0711,092-751-8224,地下鉄にて福岡空港から天神駅まで約11分、「2番出口」より徒歩約1分。福岡の中心に位置し交通機関は大変便利です。,有り　チェックイン当日は到着時から、チェックアウト日は正午12時まで駐車可。,博多,https://img.travel.rakuten.co.jp/share/HOTEL/1533/1533.jpg,https://img.travel.rakuten.co.jp/HIMG/90/1533.jpg,https://img.travel.rakuten.co.jp/share/HOTEL/1533/1533_twin.jpg,https://img.travel.rakuten.co.jp/HIMG/INTERIOR/1533.jpg,https://img.travel.rakuten.co.jp/share/HOTEL/1533/1533map.gif,4890.0,4.34,"ク…　2026-05-06 20:19:24投稿 <a href=""https://img.travel.rakuten.co.jp/image/tr/api/re/gJNfM/?f_hotel_no=1533"" class=""3click"">つづきはこちら</a>",ja,【禁煙】スーペリア和洋室,6237408.0,【返金不可】事前決済限定！福岡旅行・イベント参加に☆地下鉄天神駅から徒歩約1分の好アクセス＜素泊り＞,1,0,0,0,0,2,https://img.travel.rakuten.co.jp/image/tr/api/re/IdsCY/?f_no=1533&f_syu=ja&f_hi1=2026-05-19&f_hi2=2026-05-20&f_heya_su=1&f_otona_su=1&f_s1=0&f_s2=0&f_y1=0&f_y2=0&f_y3=0&f_y4=0&f_camp_id=6237408,0,2026-05-19,77600,77600,0,2026-05-19,seibu
165560,Ｈ　ＨＯＴＥＬ,https://img.travel.rakuten.co.jp/image/tr/api/re/pvonD/?f_no=165560,https://img.travel.rakuten.co.jp/image/tr/api/re/vFumt/?f_no=165560&f_flg=PLAN,https://img.travel.rakuten.co.jp/image/tr/api/re/WzozX/?noTomariHotel=165560,https://img.travel.rakuten.co.jp/image/tr/api/re/gJNfM/?f_hotel_no=165560,えいち　ほてる,福岡の中心・大名発★設備充実の【ホテル×コワーキングスペース】高速Wi-Fi、挽きたてコーヒーに話題のあの本まで♪,5520,120906.31,469430.33,810-0041,福岡県,福岡市中央区大名2-1-13,092-722-5070,092-722-5077,地下鉄空港線「天神駅」より徒歩5分。博多駅から3駅（5分）／福岡空港から5駅（12分）,専用駐車場なし／近隣の駐車場をご案内しております〈紙与パーキング大名〉当ホテルから車で２分、徒歩５分,天神,https://img.travel.rakuten.co.jp/share/HOTEL/165560/165560.jpg,https://img.travel.rakuten.co.jp/HIMG/90/165560.jpg,,,https://img.travel.rakuten.co.jp/share/HOTEL/165560/165560map.gif,71.0,4.3,"クチコミの詳細はこちらから　https://review.travel.rakuten.co.jp/…　2026-01-12 13:00:22投稿 <a href=""https://img.travel.rakuten.co.jp/image/tr/api/re/gJNfM/?f_hotel_no=165560"" class=""3click"">つづきはこちら</a>",h3,ダブルルーム【禁煙】【特許取得抗ウイルス加工寝具】,5454361.0,【直前割】スペシャルプライス☆空室があればラッキー！当日17時までご予約OK♪＜素泊まり＞,1,0,0,0,0,2,https://img.travel.rakuten.co.jp/image/tr/api/re/IdsCY/?f_no=165560&f_syu=h3&f_hi1=2026-05-19&f_hi2=2026-05-20&f_heya_su=1&f_otona_su=1&f_s1=0&f_s2=0&f_y1=0&f_y2=0&f_y3=0&f_y4=0&f_camp_id=5454361,0,2026-05-19,12920,12920,0,2026-05-19,seibu
187300,ウェルキャビン天神【男性専用】,https://img.travel.rakuten.co.jp/image/tr/api/re/pvonD/?f_no=187300,https://img.travel.rakuten.co.jp/image/tr/api/re/vFumt/?f_no=187300&f_flg=PLAN,,https://img.travel.rakuten.co.jp/image/tr/api/re/gJNfM/?f_hotel_no=187300,うぇるきゃびんてんじん　だんせいせんよう,コスパとアクセス重視ならココ！半個室つきキャビンが大人気！天神南駅徒歩2分、西鉄福岡駅徒歩4分,3492,120902.55,469458.07,810-0004,福岡県,福岡市中央区渡辺通5-21-5,050-1807-3497,092-406-5951,福岡市営地下鉄七隈線　天神南駅6番口より徒歩2分 西鉄天神大牟田線　西鉄福岡（天神）駅南口より徒歩4分,無し,西鉄福岡,https://img.travel.rakuten.co.jp/share/HOTEL/187300/187300.jpg,https://img.travel.rakuten.co.jp/HIMG/90/187300.jpg,,,https://img.travel.rakuten.co.jp/share/HOTEL/187300/187300map.gif,162.0,3.91,"クチコミの詳細はこ…　2026-04-22 15:08:54投稿 <a href=""https://img.travel.rakuten.co.jp/image/tr/api/re/gJNfM/?f_hotel_no=187300"" class=""3click"">つづきはこちら</a>",m01_pax,スタンダードキャビン【男性専用】,5916541.0,返金不可・オンライン決済プラン,1,0,0,0,0,2,https://img.travel.rakuten.co.jp/image/tr/api/re/IdsCY/?f_no=187300&f_syu=m01_pax&f_hi1=2026-05-19&f_hi2=2026-05-20&f_heya_su=1&f_otona_su=1&f_s1=0&f_s2=0&f_y1=0&f_y2=0&f_y3=0&f_y4=0&f_camp_id=5916541,0,2026-05-19,3929,3929,0,2026-05-19,seibu
168796,東急ステイ福岡天神,https://img.travel.rakuten.co.jp/image/tr/api/re/pvonD/?f_no=168796,https://img.travel.rakuten.co.jp/image/tr/api/re/vFumt/?f_no=168796&f_flg=PLAN,https://img.travel.rakuten.co.jp/image/tr/api/re/WzozX/?noTomariHotel=168796,https://img.travel.rakuten.co.jp/image/tr/api/re/gJNfM/?f_hotel_no=168796,とうきゅう　すてい　ふくおか　てんじん,★楽天ブロンズアワード2023受賞☆小学生以下添い寝無料プランあり！全室洗濯乾燥機付！天神南駅から徒歩3分,7240,120909.97,469466.23,810-0003,福岡県,福岡市中央区春吉3-21-24,092-762-0109,092-762-0106,福岡空港より福岡市地下鉄空港線で5駅、地下鉄天神駅16番出口より徒歩7分/地下鉄七隈線天神南駅6番出口より徒歩3分,無。ホテル隣接のコインパーキング「トラストパーク春吉3丁目3」をご利用ください（提携駐車場無し）,博多,https://img.travel.rakuten.co.jp/share/HOTEL/168796/168796.jpg,https://img.travel.rakuten.co.jp/HIMG/90/168796.jpg,,,https://img.travel.rakuten.co.jp/share/HOTEL/168796/168796map.gif,818.0,4.17,クチコミの詳細はこちらから　https://review.travel.rakuten.co.jp/hotel/voice/168796?reviewId=33123476793116　2026-02-02 20:16:49投稿,wrn2new,レジデンシャルダブル【禁煙】19平米／洗濯機・ミニキッチン付,6432488.0,【2026年5月18日OPEN】東急ステイメルキュール広島 開業応援プラン【1名】（素泊）,1,0,0,0,0,1,https://img.travel.rakuten.co.jp/image/tr/api/re/IdsCY/?f_no=168796&f_syu=wrn2new&f_hi1=2026-05-19&f_hi2=2026-05-20&f_heya_su=1&f_otona_su=1&f_s1=0&f_s2=0&f_y1=0&f_y2=0&f_y3=0&f_y4=0&f_camp_id=6432488,0,2026-05-19,21040,21040,0,2026-05-19,seibu
84779,グリーンリッチホテル西鉄大橋駅前,https://img.travel.rakuten.co.jp/image/tr/api/re/pvonD/?f_no=84779,https://img.travel.rakuten.co.jp/image/tr/api/re/vFumt/?f_no=84779&f_flg=PLAN,https://img.travel.rakuten.co.jp/image/tr/api/re/WzozX/?noTomariHotel=84779,https://img.travel.rakuten.co.jp/image/tr/api/re/gJNfM/?f_hotel_no=84779,ぐりーんりっちほてるにしてつおおはしえきまえ,天神まで西鉄電車で７分♪　観光やビジネスの拠点に最適な立地です,5300,120800.69,469542.04,815-0033,福岡県,福岡市南区大橋1-7-15,092-552-4400,092-552-4422,天神から西鉄電車で大橋駅下車。JR竹下駅西口から西鉄バスで大橋駅前下車。西鉄大橋駅（西口）を出て右に進み徒歩にて1分。,ホテルの駐車場はございません。近隣の有料駐車場をご案内致します。,大橋（福岡）,https://img.travel.rakuten.co.jp/share/HOTEL/84779/84779.jpg,https://img.travel.rakuten.co.jp/HIMG/90/84779.jpg,https://img.travel.rakuten.co.jp/share/HOTEL/84779/84779_ru.jpg,https://img.travel.rakuten.co.jp/HIMG/INTERIOR/84779.jpg,https://img.travel.rakuten.co.jp/share/HOTEL/84779/84779map.gif,615.0,3.84,"天神と太宰府に用事があり家族で宿泊しました。西鉄沿線のためどちらにもアクセスよく、また最寄り駅の目の前に立地しているので、子連れ旅行に最適でした。宿泊…　2026-04-13 19:38:57投稿 <a href=""https://img.travel.rakuten.co.jp/image/tr/api/re/gJNfM/?f_hotel_no=84779"" class=""3click"">つづきはこちら</a>",pans,プレミアムダブルルーム【禁煙】,6436879.0,【直前割】■朝食無料サービス■,1,0,0,1,0,1,https://img.travel.rakuten.co.jp/image/tr/api/re/IdsCY/?f_no=84779&f_syu=pans&f_hi1=2026-05-19&f_hi2=2026-05-20&f_heya_su=1&f_otona_su=1&f_s1=0&f_s2=0&f_y1=0&f_y2=0&f_y3=0&f_y4=0&f_camp_id=6436879,0,2026-05-19,12700,12700,0,2026-05-19,seibu
67830,西鉄イン福岡　アクロス福岡前,https://img.travel.rakuten.co.jp/image/tr/api/re/pvonD/?f_no=67830,https://img.travel.rakuten.co.jp/image/tr/api/re/vFumt/?f_no=67830&f_flg=PLAN,https://img.travel.rakuten.co.jp/image/tr/api/re/WzozX/?noTomariHotel=67830,https://img.travel.rakuten.co.jp/image/tr/api/re/gJNfM/?f_hotel_no=67830,にしてついんふくおか　あくろすふくおかまえ,直前予約でポイント10％【得旅】直前キャンペーン開催中♪≪天神・中洲どちらも徒歩圏内≫,7300,120921.08,469457.62,810-0001,福岡県,福岡市中央区天神1-16-1,092-712-5858,092-712-5868,福岡空港・博多駅から地下鉄空港線「中洲川端駅」２番出口より徒歩約３分／地下鉄空港線「天神駅」東口１２番出口より徒歩約３分,立体式駐車場　２０００円／泊　（先着順・高さ制限等あり、詳しくはお問い合わせください。）,中洲川端,https://img.travel.rakuten.co.jp/share/HOTEL/67830/67830.jpg,https://img.travel.rakuten.co.jp/HIMG/90/67830.jpg,https://img.travel.rakuten.co.jp/share/HOTEL/67830/67830_twin.jpg,https://img.travel.rakuten.co.jp/HIMG/INTERIOR/67830.jpg,https://img.travel.rakuten.co.jp/share/HOTEL/67830/67830map.gif,2060.0,3.8,"また、以前は朝食込みにしてまし…　2026-05-10 17:42:20投稿 <a href=""https://img.travel.rakuten.co.jp/image/tr/api/re/gJNfM/?f_hotel_no=67830"" class=""3click"">つづきはこちら</a>",twnn,【禁煙】ツインルーム（川側・23.6平米）,5675670.0,【クレジットカード事前決済限定】＜素泊まり＞自動チェックイン機でスマートチェックインプラン,1,0,0,0,0,2,https://img.travel.rakuten.co.jp/image/tr/api/re/IdsCY/?f_no=67830&f_syu=twnn&f_hi1=2026-05-19&f_hi2=2026-05-20&f_heya_su=1&f_otona_su=1&f_s1=0&f_s2=0&f_y1=0&f_y2=0&f_y3=0&f_y4=0&f_camp_id=5675670,0,2026-05-19,20800,20800,0,2026-05-19,seibu
201,アークホテルロイヤル福岡天神　－ルートインホテルズ－,https://img.travel.rakuten.co.jp/image/tr/api/re/pvonD/?f_no=201,https://img.travel.rakuten.co.jp/image/tr/api/re/vFumt/?f_no=201&f_flg=PLAN,https://img.travel.rakuten.co.jp/image/tr/api/re/WzozX/?noTomariHotel=201,https://img.travel.rakuten.co.jp/image/tr/api/re/gJNfM/?f_hotel_no=201,あーくほてるろいやるふくおかてんじん,■地下鉄 天神駅より徒歩6分■福岡名物を数多く取り揃えた 和洋朝食バイキングが好評■緑広がる都会のオアシス！,5080,120927.19,469434.77,810-0001,福岡県,福岡市中央区天神3-13-20,092-724-2222,092-724-2211,地下鉄「天神駅」から徒歩６分。ＪＲ「博多駅」から車で10分。福岡市都市高速天神北ランプ）降りてすぐ,安国駐車場　17:00〜翌10:00　￥800  ,天神,https://img.travel.rakuten.co.jp/share/HOTEL/201/201.jpg,https://img.travel.rakuten.co.jp/HIMG/90/201.jpg,https://img.travel.rakuten.co.jp/share/HOTEL/201/201_room.jpg,https://img.travel.rakuten.co.jp/HIMG/INTERIOR/201.jpg,https://img.travel.rakuten.co.jp/share/HOTEL/201/201map.gif,1771.0,4.22,"クチコミの詳細はこちらから　https://review.travel.rakuten.co.jp/hotel/v…　2026-05-11 08:09:59投稿 <a href=""https://img.travel.rakuten.co.jp/image/tr/api/re/gJNfM/?f_hotel_no=201"" class=""3click"">つづきはこちら</a>",ns-twn,◇ツインルーム(禁煙） ２３．５平米 ベッド幅１２０センチ,5743035.0,【事前カード決済限定】天神や博多観光の拠点に★3，000冊のコミックコーナー有＜食事無し＞,1,0,0,0,0,2,https://img.travel.rakuten.co.jp/image/tr/api/re/IdsCY/?f_no=201&f_syu=ns-twn&f_hi1=2026-05-19&f_hi2=2026-05-20&f_heya_su=1&f_otona_su=1&f_s1=0&f_s2=0&f_y1=0&f_y2=0&f_y3=0&f_y4=0&f_camp_id=5743035,0,2026-05-19,19010,19010,0,2026-05-19,seibu
178568,グランドキャビン天神南,https://img.travel.rakuten.co.jp/image/tr/api/re/pvonD/?f_no=178568,https://img.travel.rakuten.co.jp/image/tr/api/re/vFumt/?f_no=178568&f_flg=PLAN,,https://img.travel.rakuten.co.jp/image/tr/api/re/gJNfM/?f_hotel_no=178568,ぐらんどきゃびんてんじんみなみ,博多駅から西鉄バスもしくは地下鉄七隈線で１本、西鉄薬院駅から徒歩１分、全室個室型のカプセルホテル！,4500,120880.26,469450.6,810-0022,福岡県,福岡市中央区薬院3-3-33,092-525-0002,092-707-3780,西鉄　薬院駅より徒歩にて約１分,無し,薬院,https://img.travel.rakuten.co.jp/share/HOTEL/178568/178568.jpg,https://img.travel.rakuten.co.jp/HIMG/90/178568.jpg,https://img.travel.rakuten.co.jp/share/HOTEL/178568/178568_kan1.jpg,https://img.travel.rakuten.co.jp/HIMG/INTERIOR/178568.jpg,https://img.travel.rakuten.co.jp/share/HOTEL/178568/178568map.gif,205.0,4.13,"クチコミの詳細はこちらから　http…　2026-05-14 22:21:08投稿 <a href=""https://img.travel.rakuten.co.jp/image/tr/api/re/gJNfM/?f_hotel_no=178568"" class=""3click"">つづきはこちら</a>",menroom2,スタンダード個室　【男性専用】,6331331.0,【春のセール】素泊まり個室カプセル【男性フロア】オンライン決済プラン,1,0,0,0,0,2,https://img.travel.rakuten.co.jp/image/tr/api/re/IdsCY/?f_no=178568&f_syu=menroom2&f_hi1=2026-05-19&f_hi2=2026-05-20&f_heya_su=1&f_otona_su=1&f_s1=0&f_s2=0&f_y1=0&f_y2=0&f_y3=0&f_y4=0&f_camp_id=6331331,0,2026-05-19,5000,5000,0,2026-05-19,seibu
187109,ザ　ロイヤルパーク　キャンバス　福岡中洲,https://img.travel.rakuten.co.jp/image/tr/api/re/pvonD/?f_no=187109,https://img.travel.rakuten.co.jp/image/tr/api/re/vFumt/?f_no=187109&f_flg=PLAN,https://img.travel.rakuten.co.jp/image/tr/api/re/WzozX/?noTomariHotel=187109,https://img.travel.rakuten.co.jp/image/tr/api/re/gJNfM/?f_hotel_no=187109,ざ　ろいやるぱーく　きゃんばす　ふくおかなかす,天神中心部にも近いアーバンリゾート。 博多川を望むテラス席を併設したキャンバスラウンジの他、大浴場やサウナ等をご用意。,9590,120929.56,469463.5,810-0801,福岡県,福岡市博多区中洲五丁目6番20号,092-291-1188,092-291-0666,福岡市地下鉄空港線「中洲川端駅」3番出口より徒歩約2分。ビジネスでもレジャーでも便利な立地です。,ホテル近隣のある提携駐車場をご案内しております。詳細につきましては宿ニュースをご確認ください。,中洲川端,https://img.travel.rakuten.co.jp/share/HOTEL/187109/187109.jpg,https://img.travel.rakuten.co.jp/HIMG/90/187109.jpg,,,https://img.travel.rakuten.co.jp/share/HOTEL/187109/187109map.gif,146.0,4.13,"何度も宿泊していますが朝食のブッフェに3種類から選べるメインディッシュがついてるのですが、メインディッシュを選んで伝えたのに、朝食を食べ終わるまで、できてきません…　2026-03-30 03:21:22投稿 <a href=""https://img.travel.rakuten.co.jp/image/tr/api/re/gJNfM/?f_hotel_no=187109"" class=""3click"">つづきはこちら</a>",sdd,＜スカイフロア＞スタンダードダブル【禁煙】,5645639.0,CANVAS STAY＜素泊り＞〜10階以上の高層階スカイフロアへご案内 〜,1,0,0,0,0,1,https://img.travel.rakuten.co.jp/image/tr/api/re/IdsCY/?f_no=187109&f_syu=sdd&f_hi1=2026-05-19&f_hi2=2026-05-20&f_heya_su=1&f_otona_su=1&f_s1=0&f_s2=0&f_y1=0&f_y2=0&f_y3=0&f_y4=0&f_camp_id=5645639,0,2026-05-19,35360,35360,0,2026-05-19,seibu
182669,エスペリアホテル福岡中洲,https://img.travel.rakuten.co.jp/image/tr/api/re/pvonD/?f_no=182669,https://img.travel.rakuten.co.jp/image/tr/api/re/vFumt/?f_no=182669&f_flg=PLAN,https://img.travel.rakuten.co.jp/image/tr/api/re/WzozX/?noTomariHotel=182669,https://img.travel.rakuten.co.jp/image/tr/api/re/gJNfM/?f_hotel_no=182669,えすぺりあほてるふくおかなかす,美容機器ブランド【ＲｅＦａ】ヘアドライヤー・シャワーヘッド全客室導入◆全室バス（orシャワーブース）・洗面・トイレ独立◆,5130,120933.82,469463.56,812-0028,福岡県,福岡市博多区須崎町2-1,092-271-0077,092-271-0078,福岡市地下鉄　中洲川端駅　6番・7番出口　徒歩約3分,無し,中洲川端,https://img.travel.rakuten.co.jp/share/HOTEL/182669/182669.jpg,https://img.travel.rakuten.co.jp/HIMG/90/182669.jpg,,,https://img.travel.rakuten.co.jp/share/HOTEL/182669/182669map.gif,752.0,4.44,"立地や設備など申し分なかったのですが、部屋が2人で使用するには若…　2026-05-01 00:34:31投稿 <a href=""https://img.travel.rakuten.co.jp/image/tr/api/re/gJNfM/?f_hotel_no=182669"" class=""3click"">つづきはこちら</a>",ta,ツインA/全室禁煙,5104534.0,【素泊り】価格変動型の定番プラン！早期予約がお得♪ ,1,0,0,0,0,1,https://img.travel.rakuten.co.jp/image/tr/api/re/IdsCY/?f_no=182669&f_syu=ta&f_hi1=2026-05-19&f_hi2=2026-05-20&f_heya_su=1&f_otona_su=1&f_s1=0&f_s2=0&f_y1=0&f_y2=0&f_y3=0&f_y4=0&f_camp_id=5104534,0,2026-05-19,17400,17400,0,2026-05-19,seibu
182563,コンフォートイン福岡天神,https://img.travel.rakuten.co.jp/image/tr/api/re/pvonD/?f_no=182563,https://img.travel.rakuten.co.jp/image/tr/api/re/vFumt/?f_no=182563&f_flg=PLAN,https://img.travel.rakuten.co.jp/image/tr/api/re/WzozX/?noTomariHotel=182563,https://img.travel.rakuten.co.jp/image/tr/api/re/gJNfM/?f_hotel_no=182563,こんふぉーといんふくおかてんじん,地下鉄空港線「天神」駅16番出口より徒約5分◆九州最大の繁華街「中洲屋台街」まで徒歩約7分◆小学6年生まで添い寝無料,4700,120910.27,469461.25,810-0001,福岡県,福岡市中央区天神1-2-1,092-711-2811,092-711-2812,天神南駅5番出口徒歩約1分◆天神駅16番出口徒歩約5分◆博多バスターミナルA・E・F乗り場より春吉停留所下車、徒歩約1分,"敷地内駐車場　身体障碍者用1台　1泊（15:00〜10:00）2,000円　先着順",天神,https://img.travel.rakuten.co.jp/share/HOTEL/182563/182563.jpg,https://img.travel.rakuten.co.jp/HIMG/90/182563.jpg,,,https://img.travel.rakuten.co.jp/share/HOTEL/182563/182563map.gif,426.0,3.99,"朝ごはんのコ…　2026-04-26 21:06:36投稿 <a href=""https://img.travel.rakuten.co.jp/image/tr/api/re/gJNfM/?f_hotel_no=182563"" class=""3click"">つづきはこちら</a>",nds,１ベッド◆ダブルスタンダード◆多機能シャワーブース浴室◆禁煙,5080248.0,【3日前早期割引】天神南駅から徒歩1分◆素泊まり,1,0,0,0,0,1,https://img.travel.rakuten.co.jp/image/tr/api/re/IdsCY/?f_no=182563&f_syu=nds&f_hi1=2026-05-19&f_hi2=2026-05-20&f_heya_su=1&f_otona_su=1&f_s1=0&f_s2=0&f_y1=0&f_y2=0&f_y3=0&f_y4=0&f_camp_id=5080248,0,2026-05-19,15200,15200,0,2026-05-19,seibu
181718,ホテルＪＡＬシティ福岡　天神,https://img.travel.rakuten.co.jp/image/tr/api/re/pvonD/?f_no=181718,https://img.travel.rakuten.co.jp/image/tr/api/re/vFumt/?f_no=181718&f_flg=PLAN,https://img.travel.rakuten.co.jp/image/tr/api/re/WzozX/?noTomariHotel=181718,https://img.travel.rakuten.co.jp/image/tr/api/re/gJNfM/?f_hotel_no=181718,ほてるじゃるしてぃふくおか　てんじん,2021年3月開業！空港・博多駅を結ぶ地下鉄赤坂駅3番出口より徒歩1分の好立地！！,7200,120909.95,469417.35,810-0041,福岡県,福岡市中央区大名2-12-5,092-718-7558,092-718-7567,福岡市営地下鉄赤坂駅3番出口より徒歩1分,"立体駐車場あり(台数26台・2,000円/泊) 予約不可",赤坂（福岡）,https://img.travel.rakuten.co.jp/share/HOTEL/181718/181718.jpg,https://img.travel.rakuten.co.jp/HIMG/90/181718.jpg,,,https://img.travel.rakuten.co.jp/share/HOTEL/181718/181718map.gif,520.0,4.49,"クチコミの詳細はこちらから　https://review.tra…　2026-05-05 17:15:27投稿 <a href=""https://img.travel.rakuten.co.jp/image/tr/api/re/gJNfM/?f_hotel_no=181718"" class=""3click"">つづきはこちら</a>",mq,モデレートクイーン／21平米・禁煙,4933287.0,【SAVER】シンプルステイ(室料のみ),1,0,0,0,0,1,https://img.travel.rakuten.co.jp/image/tr/api/re/IdsCY/?f_no=181718&f_syu=mq&f_hi1=2026-05-19&f_hi2=2026-05-20&f_heya_su=1&f_otona_su=1&f_s1=0&f_s2=0&f_y1=0&f_y2=0&f_y3=0&f_y4=0&f_camp_id=4933287,0,2026-05-19,23000,23000,0,2026-05-19,seibu
187405,ザ・リッツ・カールトン福岡,https://img.travel.rakuten.co.jp/image/tr/api/re/pvonD/?f_no=187405,https://img.travel.rakuten.co.jp/image/tr/api/re/vFumt/?f_no=187405&f_flg=PLAN,https://img.travel.rakuten.co.jp/image/tr/api/re/WzozX/?noTomariHotel=187405,https://img.travel.rakuten.co.jp/image/tr/api/re/gJNfM/?f_hotel_no=187405,ざ・りっつ・かーるとんふくおか,23年6月開業。福岡の中心部に、6つのダイニングとバー、スパ、クラブラウンジを備えたラグジュアリーホテルが誕生。,48070,120910.77,469429.68,810-0041,福岡県,福岡市中央区大名2-6-50 福岡大名ガーデンシティ,092-401-8888,092-401-8889,地下鉄空港線「天神駅」から徒歩５分　または　「福岡空港」からお車にて約１５分,有り　100台　3000円（税込み／泊）　先着順,天神,https://img.travel.rakuten.co.jp/share/HOTEL/187405/187405.jpg,https://img.travel.rakuten.co.jp/HIMG/90/187405.jpg,,,https://img.travel.rakuten.co.jp/share/HOTEL/187405/187405map.gif,35.0,4.54,,dbdb,デラックス ダブル 福岡スカイライン,5709379.0,【Marriott Bonvoy会員対象プラン】フレキシブル　レート 【宿泊のみ】,1,0,0,0,0,2,https://img.travel.rakuten.co.jp/image/tr/api/re/IdsCY/?f_no=187405&f_syu=dbdb&f_hi1=2026-05-19&f_hi2=2026-05-20&f_heya_su=1&f_otona_su=1&f_s1=0&f_s2=0&f_y1=0&f_y2=0&f_y3=0&f_y4=0&f_camp_id=5709379,0,2026-05-19,156860,156860,0,2026-05-19,seibu
12562,ザ・レジデンシャルスイート・福岡,https://img.travel.rakuten.co.jp/image/tr/api/re/pvonD/?f_no=12562,https://img.travel.rakuten.co.jp/image/tr/api/re/vFumt/?f_no=12562&f_flg=PLAN,https://img.travel.rakuten.co.jp/image/tr/api/re/WzozX/?noTomariHotel=12562,https://img.travel.rakuten.co.jp/image/tr/api/re/gJNfM/?f_hotel_no=12562,ざ・れじでんしゃるすいーと・ふくおか,★全室44平米以上でミニキッチン＆電子レンジ完備★ドームまで徒歩約10分！★ファミリー、野球観戦、コンサートなどに最適♪,4500,120912.72,469288.88,814-0001,福岡県,福岡市早良区百道浜1-3-70,092-846-8585,092-846-8588,★車で福岡都市高速経由百道出口約2分★地下鉄『西新駅』１番出口より徒歩10分★バスで天神・博多から医師会館前まで約20分,有り　135台　\1650/泊（税込）　平置き/車高2.3ｍ迄　,西新,https://img.travel.rakuten.co.jp/share/HOTEL/12562/12562.jpg,https://img.travel.rakuten.co.jp/HIMG/90/12562.jpg,https://img.travel.rakuten.co.jp/share/HOTEL/12562/12562_t.jpg,https://img.travel.rakuten.co.jp/HIMG/INTERIOR/12562.jpg,https://img.travel.rakuten.co.jp/share/HOTEL/12562/12562map.gif,5110.0,4.07,"部屋自…　2026-05-14 14:45:04投稿 <a href=""https://img.travel.rakuten.co.jp/image/tr/api/re/gJNfM/?f_hotel_no=12562"" class=""3click"">つづきはこちら</a>",kmt234,【禁煙】モデレートツインルーム（４４平米）,5066589.0,【ベーシック】くつろぎのラグジュアリーステイ★40㎡以上の広々とした客室が人気のホテル（素泊まり）,1,0,0,0,0,1,https://img.travel.rakuten.co.jp/image/tr/api/re/IdsCY/?f_no=12562&f_syu=kmt234&f_hi1=2026-05-19&f_hi2=2026-05-20&f_heya_su=1&f_otona_su=1&f_s1=0&f_s2=0&f_y1=0&f_y2=0&f_y3=0&f_y4=0&f_camp_id=5066589,0,2026-05-19,12000,12000,0,2026-05-19,seibu
179248,アパホテル〈福岡天神西〉,https://img.travel.rakuten.co.jp/image/tr/api/re/pvonD/?f_no=179248,https://img.travel.rakuten.co.jp/image/tr/api/re/vFumt/?f_no=179248&f_flg=PLAN,https://img.travel.rakuten.co.jp/image/tr/api/re/WzozX/?noTomariHotel=179248,https://img.travel.rakuten.co.jp/image/tr/api/re/gJNfM/?f_hotel_no=179248,あぱほてる〈ふくおかてんじんにし〉,地下鉄赤坂駅4番出口から徒歩4分！天神、大名エリアへ至便な立地です。,4900,120902.87,469418.59,810-0041,福岡県,福岡市中央区大名1-9-39,092-720-6786,092-401-1808,地下鉄空港線「赤坂駅」（4番出口）から徒歩4分、西鉄「西鉄福岡駅」北口より徒歩9分,2500円/1泊（6台・会員ランク・プランに準ずる）〈先着順〉※予約不可,赤坂（福岡）,https://img.travel.rakuten.co.jp/share/HOTEL/179248/179248.jpg,https://img.travel.rakuten.co.jp/HIMG/90/179248.jpg,,,https://img.travel.rakuten.co.jp/share/HOTEL/179248/179248map.gif,447.0,4.07,"朝食メニューが豊富で大満足でした。2歳の子連れで行きましたが、子供用に小さなスプーンを用意してくださり心遣いに感謝します。お子様椅子はありませんでしたが、大人椅子に座…　2026-05-14 20:32:36投稿 <a href=""https://img.travel.rakuten.co.jp/image/tr/api/re/gJNfM/?f_hotel_no=179248"" class=""3click"">つづきはこちら</a>",005,モニター用シングル【全室禁煙】,6402215.0,【朝食付き・連泊不可】室数限定モニタープラン【アパ社長カレープレゼント】,1,0,0,0,0,1,https://img.travel.rakuten.co.jp/image/tr/api/re/IdsCY/?f_no=179248&f_syu=005&f_hi1=2026-05-19&f_hi2=2026-05-20&f_heya_su=1&f_otona_su=1&f_s1=0&f_s2=0&f_y1=0&f_y2=0&f_y3=0&f_y4=0&f_camp_id=6402215,0,2026-05-19,19500,19500,0,2026-05-19,seibu
67832,ザ・ワンファイブテラス福岡,https://img.travel.rakuten.co.jp/image/tr/api/re/pvonD/?f_no=67832,https://img.travel.rakuten.co.jp/image/tr/api/re/vFumt/?f_no=67832&f_flg=PLAN,https://img.travel.rakuten.co.jp/image/tr/api/re/WzozX/?noTomariHotel=67832,https://img.travel.rakuten.co.jp/image/tr/api/re/gJNfM/?f_hotel_no=67832,ざ　わんふぁいぶてらす　ふくおか,ご宿泊の皆さまをウェルカムサービスでおもてなし。博多の中心。 喧騒から一歩離れたエリアに建つ プライベートリゾート,6300,120910.25,469475.1,810-0003,福岡県,福岡市中央区春吉3-14-36,0570-075-015,092-726-6190,■地下鉄「中洲川端」駅1番出口より徒歩8分■地下鉄七隈線「天神南」駅6番出口より徒歩7分,駐車場あり(先着順・予約不可)  2500円/ 1泊,中洲川端,https://img.travel.rakuten.co.jp/share/HOTEL/67832/67832.jpg,https://img.travel.rakuten.co.jp/HIMG/90/67832.jpg,https://img.travel.rakuten.co.jp/share/HOTEL/67832/67832_kya.jpg,https://img.travel.rakuten.co.jp/HIMG/INTERIOR/67832.jpg,https://img.travel.rakuten.co.jp/share/HOTEL/67832/67832map.gif,2079.0,4.22,"クチコミの詳細はこちらから　https://review.travel.raku…　2026-04-22 11:12:42投稿 <a href=""https://img.travel.rakuten.co.jp/image/tr/api/re/gJNfM/?f_hotel_no=67832"" class=""3click"">つづきはこちら</a>",s2n,スーペリアツイン,4921604.0,「ザ・ワンファイブ」ステイ（素泊まり）,1,0,0,0,0,1,https://img.travel.rakuten.co.jp/image/tr/api/re/IdsCY/?f_no=67832&f_syu=s2n&f_hi1=2026-05-19&f_hi2=2026-05-20&f_heya_su=1&f_otona_su=1&f_s1=0&f_s2=0&f_y1=0&f_y2=0&f_y3=0&f_y4=0&f_camp_id=4921604,0,2026-05-19,22410,22410,0,2026-05-19,seibu
182097,ｌｙｆ　Ｔｅｎｊｉｎ　Ｆｕｋｕｏｋａ（ライフ天神福岡）,https://img.travel.rakuten.co.jp/image/tr/api/re/pvonD/?f_no=182097,https://img.travel.rakuten.co.jp/image/tr/api/re/vFumt/?f_no=182097&f_flg=PLAN,https://img.travel.rakuten.co.jp/image/tr/api/re/WzozX/?noTomariHotel=182097,https://img.travel.rakuten.co.jp/image/tr/api/re/gJNfM/?f_hotel_no=182097,らいふ　てんじん　ふくおか,【空港線 天神駅から徒歩圏内】おしゃれな映えホテル！ 無料コワーキングスペース＆テラス付きラウンジ24時間OPEN,4901,120893.4,469449.5,810-0021,福岡県,福岡市中央区今泉1-2-13 レソラ今泉テラス3F,092-753-8695,092-753-8696,西鉄天神大牟田線   福岡天神駅 徒歩 6 分 / 福岡市地下鉄七隈線 天神南駅または薬院駅 徒歩 5 分,無し,西鉄福岡,https://img.travel.rakuten.co.jp/share/HOTEL/182097/182097.jpg,https://img.travel.rakuten.co.jp/HIMG/90/182097.jpg,,,https://img.travel.rakuten.co.jp/share/HOTEL/182097/182097map.gif,199.0,4.02,"クチコミの詳細はこちらから　https://review.travel.rakuten.co.jp/hotel/voice/182097?…　2026-04-06 18:17:30投稿 <a href=""https://img.travel.rakuten.co.jp/image/tr/api/re/gJNfM/?f_hotel_no=182097"" class=""3click"">つづきはこちら</a>",1kind,スタジオダブル（ワン オブ ア カインド）【禁煙】,5902020.0,返金不可料金,1,0,0,0,0,2,https://img.travel.rakuten.co.jp/image/tr/api/re/IdsCY/?f_no=182097&f_syu=1kind&f_hi1=2026-05-19&f_hi2=2026-05-20&f_heya_su=1&f_otona_su=1&f_s1=0&f_s2=0&f_y1=0&f_y2=0&f_y3=0&f_y4=0&f_camp_id=5902020,0,2026-05-19,13794,13794,0,2026-05-19,seibu
18692,サウナ＆カプセルホテル　グリーンランド中洲店,https://img.travel.rakuten.co.jp/image/tr/api/re/pvonD/?f_no=18692,https://img.travel.rakuten.co.jp/image/tr/api/re/vFumt/?f_no=18692&f_flg=PLAN,,https://img.travel.rakuten.co.jp/image/tr/api/re/gJNfM/?f_hotel_no=18692,さうなあんどかぷせるほてる　ぐりーんらんど　なかすてん,中洲の中心地にあり、カプセルは外出自由です。※当店は男性専用でございます。,4200,120924.6,469473.67,810-0801,福岡県,福岡市博多区中洲3-6-17,092-291-9000,092-281-2476,福岡市営地下鉄　中洲川端駅下車,駐車場はございません。,中洲川端,https://img.travel.rakuten.co.jp/share/HOTEL/18692/18692.jpg,https://img.travel.rakuten.co.jp/HIMG/90/18692.jpg,https://img.travel.rakuten.co.jp/share/HOTEL/18692/18692_msg.jpg,https://img.travel.rakuten.co.jp/HIMG/INTERIOR/18692.jpg,https://img.travel.rakuten.co.jp/share/HOTEL/18692/18692map.gif,982.0,4.13,"遊んだ次の日に仕事があり、泊まった次の日に改めて滞在させてもらいました。コワーキングスペースとしても利用でき、接客も良く、のんびりすることもできました。…　2026-05-07 11:39:55投稿 <a href=""https://img.travel.rakuten.co.jp/image/tr/api/re/gJNfM/?f_hotel_no=18692"" class=""3click"">つづきはこちら</a>",capsule,通常カプセル(大浴場・サウナ入泉料込み）,,,1,0,0,0,0,1,https://img.travel.rakuten.co.jp/image/tr/api/re/IdsCY/?f_no=18692&f_syu=capsule&f_hi1=2026-05-19&f_hi2=2026-05-20&f_heya_su=1&f_otona_su=1&f_s1=0&f_s2=0&f_y1=0&f_y2=0&f_y3=0&f_y4=0,1,2026-05-19,4200,4200,1,2026-05-19,seibu
50709,コートホテル福岡天神,https://img.travel.rakuten.co.jp/image/tr/api/re/pvonD/?f_no=50709,https://img.travel.rakuten.co.jp/image/tr/api/re/vFumt/?f_no=50709&f_flg=PLAN,https://img.travel.rakuten.co.jp/image/tr/api/re/WzozX/?noTomariHotel=50709,https://img.travel.rakuten.co.jp/image/tr/api/re/gJNfM/?f_hotel_no=50709,こーと　ふくおかてんじん,博多駅から天神南駅まで3分！天神南駅から徒歩3分！中州屋台徒歩圏内,4143,120908.24,469464.59,810-0003,福岡県,福岡市中央区春吉3-21-10,092-733-0330,092-751-0004,地下鉄七隈線　天神南駅より徒歩３分／西鉄福岡駅より徒歩7分,"機械式駐車場/1泊2,000円(13:00〜12:00)事前電話予約制・台数・車体制限有",天神,https://img.travel.rakuten.co.jp/share/HOTEL/50709/50709.jpg,https://img.travel.rakuten.co.jp/HIMG/90/50709.jpg,https://img.travel.rakuten.co.jp/share/HOTEL/50709/50709_tu.jpg,https://img.travel.rakuten.co.jp/HIMG/INTERIOR/50709.jpg,https://img.travel.rakuten.co.jp/share/HOTEL/50709/50709map.gif,2069.0,3.73,"部屋も綺麗で場所も初めてでし…　2026-03-21 19:19:07投稿 <a href=""https://img.travel.rakuten.co.jp/image/tr/api/re/gJNfM/?f_hotel_no=50709"" class=""3click"">つづきはこちら</a>",ks4w,【禁煙】スーペリアダブル　15.0平米・ベッド幅140cm,5598905.0,Non Refundable,1,0,0,0,0,2,https://img.travel.rakuten.co.jp/image/tr/api/re/IdsCY/?f_no=50709&f_syu=ks4w&f_hi1=2026-05-19&f_hi2=2026-05-20&f_heya_su=1&f_otona_su=1&f_s1=0&f_s2=0&f_y1=0&f_y2=0&f_y3=0&f_y4=0&f_camp_id=5598905,0,2026-05-19,13630,13630,0,2026-05-19,seibu
192810,ザ・ゲートホテル福岡　ｂｙ　ＨＵＬＩＣ,https://img.travel.rakuten.co.jp/image/tr/api/re/pvonD/?f_no=192810,https://img.travel.rakuten.co.jp/image/tr/api/re/vFumt/?f_no=192810&f_flg=PLAN,https://img.travel.rakuten.co.jp/image/tr/api/re/WzozX/?noTomariHotel=192810,https://img.travel.rakuten.co.jp/image/tr/api/re/gJNfM/?f_hotel_no=192810,ざ・げーとほてるふくおかばいひゅーりっく,天神駅直結。最上階からは博多湾を一望。福岡をテーマにした空間で、九州の美食とともに特別な時をお届けします。,19057,120915.04,469439.69,810-0001,福岡県,福岡市中央区天神2-8-49,092-406-2605,092-406-2676,地下鉄空港線「天神」駅より直結。西改札出口を出て右手奥。,無し,天神,https://img.travel.rakuten.co.jp/share/HOTEL/192810/192810.jpg,https://img.travel.rakuten.co.jp/HIMG/90/192810.jpg,,,https://img.travel.rakuten.co.jp/share/HOTEL/192810/192810map.gif,83.0,4.47,"私が宿泊した部屋はシャワーブース…　2026-04-13 07:12:42投稿 <a href=""https://img.travel.rakuten.co.jp/image/tr/api/re/gJNfM/?f_hotel_no=192810"" class=""3click"">つづきはこちら</a>",ckn,Classy　クラッシー キング 禁煙,6443633.0,【直前割】空港からも便利。上質空間で過ごす福岡ホテルステイ　素泊まり,1,0,0,0,0,1,https://img.travel.rakuten.co.jp/image/tr/api/re/IdsCY/?f_no=192810&f_syu=ckn&f_hi1=2026-05-19&f_hi2=2026-05-20&f_heya_su=1&f_otona_su=1&f_s1=0&f_s2=0&f_y1=0&f_y2=0&f_y3=0&f_y4=0&f_camp_id=6443633,0,2026-05-19,63162,63162,0,2026-05-19,seibu
72791,ホテルマイステイズ福岡天神,https://img.travel.rakuten.co.jp/image/tr/api/re/pvonD/?f_no=72791,https://img.travel.rakuten.co.jp/image/tr/api/re/vFumt/?f_no=72791&f_flg=PLAN,https://img.travel.rakuten.co.jp/image/tr/api/re/WzozX/?noTomariHotel=72791,https://img.travel.rakuten.co.jp/image/tr/api/re/gJNfM/?f_hotel_no=72791,まいすていずふくおかてんじん,福岡の中心 天神駅より徒歩5分とアクセス至便！くつろぎと快適さをお届けいたします。,4720,120920.66,469433.4,810-0001,福岡県,福岡市中央区天神3-5-7,092-687-1100,092-687-1102,地下鉄 天神駅の4番出口より徒歩5分 福岡空港から乗り換えなし10分。コンビニまで徒歩１分,敷地内駐車場は【コインパーキング】です。（※ご予約制ではございませんのでご了承ください）,天神,https://img.travel.rakuten.co.jp/share/HOTEL/72791/72791.jpg,https://img.travel.rakuten.co.jp/HIMG/90/72791.jpg,https://img.travel.rakuten.co.jp/share/HOTEL/72791/72791_room.jpg,https://img.travel.rakuten.co.jp/HIMG/INTERIOR/72791.jpg,https://img.travel.rakuten.co.jp/share/HOTEL/72791/72791map.gif,1932.0,4.3,"クチコミの詳細はこちらから　https://review.travel.rakuten.co.jp/hotel/voice/72791?reviewId=…　2026-04-03 16:47:29投稿 <a href=""https://img.travel.rakuten.co.jp/image/tr/api/re/gJNfM/?f_hotel_no=72791"" class=""3click"">つづきはこちら</a>",sians,□禁煙□スタンダードダブル【15平米】,3362446.0,【素泊まり / ベストレート】小学生のお子様まで【添い寝無料】,1,0,0,0,0,1,https://img.travel.rakuten.co.jp/image/tr/api/re/IdsCY/?f_no=72791&f_syu=sians&f_hi1=2026-05-19&f_hi2=2026-05-20&f_heya_su=1&f_otona_su=1&f_s1=0&f_s2=0&f_y1=0&f_y2=0&f_y3=0&f_y4=0&f_camp_id=3362446,0,2026-05-19,15010,15010,0,2026-05-19,seibu
1137,ヒルトン福岡シーホーク,https://img.travel.rakuten.co.jp/image/tr/api/re/pvonD/?f_no=1137,https://img.travel.rakuten.co.jp/image/tr/api/re/vFumt/?f_no=1137&f_flg=PLAN,https://img.travel.rakuten.co.jp/image/tr/api/re/WzozX/?noTomariHotel=1137,https://img.travel.rakuten.co.jp/image/tr/api/re/gJNfM/?f_hotel_no=1137,ひるとんふくおかしーほーく,みずほPayPayドーム福岡隣接。全室オーシャンビュー！専用ラウンジ特典付エグゼクティブフロアも魅力。,11203,120928.65,469306.24,810-8650,福岡県,福岡市中央区地行浜2-2-3,092-844-8111,092-844-7899,【バス】天神からW１番で１５分／博多駅から３０６番で３０分→ヒルトン福岡前下車 。,"有り 800台 １泊2,000円(予約不要。チェックイン前の駐車可能）",唐人町,https://img.travel.rakuten.co.jp/share/HOTEL/1137/1137.jpg,https://img.travel.rakuten.co.jp/HIMG/90/1137.jpg,https://img.travel.rakuten.co.jp/share/HOTEL/1137/1137_sgl.jpg,https://img.travel.rakuten.co.jp/HIMG/INTERIOR/1137.jpg,https://img.travel.rakuten.co.jp/share/HOTEL/1137/1137map.gif,4709.0,4.07,"このホテルを会場とした結婚式に参列するため、そのまま宿泊先としましたが、部屋のアップグレードがあったり駐車場無料の特典があったりして、とても快適に過ごせ…　2026-05-12 12:34:23投稿 <a href=""https://img.travel.rakuten.co.jp/image/tr/api/re/gJNfM/?f_hotel_no=1137"" class=""3click"">つづきはこちら</a>",d1,ヒルトン ダブル（禁煙）,6356975.0,【博多湾オーシャンビュー】お子様連れも安心！6歳未満添い寝無料♪シンプルステイ（お部屋のみ）2026,1,0,0,0,0,1,https://img.travel.rakuten.co.jp/image/tr/api/re/IdsCY/?f_no=1137&f_syu=d1&f_hi1=2026-05-19&f_hi2=2026-05-20&f_heya_su=1&f_otona_su=1&f_s1=0&f_s2=0&f_y1=0&f_y2=0&f_y3=0&f_y4=0&f_camp_id=6356975,0,2026-05-19,34061,34061,0,2026-05-19,seibu
181253,ホテルリブマックス福岡天神ＷＥＳＴ,https://img.travel.rakuten.co.jp/image/tr/api/re/pvonD/?f_no=181253,https://img.travel.rakuten.co.jp/image/tr/api/re/vFumt/?f_no=181253&f_flg=PLAN,https://img.travel.rakuten.co.jp/image/tr/api/re/WzozX/?noTomariHotel=181253,https://img.travel.rakuten.co.jp/image/tr/api/re/gJNfM/?f_hotel_no=181253,りぶまっくす　ふくおかてんじん　うえすと,2020年9月グランドオープン！♪赤坂駅徒歩約３分！電子レンジ付ホテル♪,3825,120912.6,469416.5,810-0041,福岡県,福岡市中央区大名2-11-23,092-717-2250,092-717-2251,地下鉄空港線　赤坂駅より徒歩にて約３分,無し　近隣のコインパーキングをご利用ください※当ホテル隣のテナント様の駐車場はご利用頂けません,赤坂（福岡）,https://img.travel.rakuten.co.jp/share/HOTEL/181253/181253.jpg,https://img.travel.rakuten.co.jp/HIMG/90/181253.jpg,,,https://img.travel.rakuten.co.jp/share/HOTEL/181253/181253map.gif,250.0,3.34,"クチコミの詳…　2026-04-10 09:19:16投稿 <a href=""https://img.travel.rakuten.co.jp/image/tr/api/re/gJNfM/?f_hotel_no=181253"" class=""3click"">つづきはこちら</a>",sin-kitsu,★シングルルーム★喫煙★セミダブルベッド,5741409.0, 【リブマックスセール】《15％OFF》ホテルリブマックス福岡天神ＷＥＳＴ【素泊り】,1,0,0,0,0,1,https://img.travel.rakuten.co.jp/image/tr/api/re/IdsCY/?f_no=181253&f_syu=sin-kitsu&f_hi1=2026-05-19&f_hi2=2026-05-20&f_heya_su=1&f_otona_su=1&f_s1=0&f_s2=0&f_y1=0&f_y2=0&f_y3=0&f_y4=0&f_camp_id=5741409,0,2026-05-19,15300,15300,0,2026-05-19,seibu
196538,福岡プリンスホテル　ももち浜（２０２６年３月１７日開業）,https://img.travel.rakuten.co.jp/image/tr/api/re/pvonD/?f_no=196538,https://img.travel.rakuten.co.jp/image/tr/api/re/vFumt/?f_no=196538&f_flg=PLAN,https://img.travel.rakuten.co.jp/image/tr/api/re/WzozX/?noTomariHotel=196538,https://img.travel.rakuten.co.jp/image/tr/api/re/gJNfM/?f_hotel_no=196538,ふくおかぷりんすほてる　ももちはま（２０２６ねん３がつ１７にち）,【お得なクーポン配布中】2026年3月17日開業｜全室オーシャンビューのプリンスホテル,11964,120924.37,469270.09,814-0001,福岡県,福岡市早良区百道浜二丁目3番23号,092-400-1806,092-400-2016,地下鉄 西新駅から（最寄駅）：タクシー 約6分／徒歩 約20分,"62台。（有料・1泊2,000円）満車でご利用いただけない場合がございます。",西新,https://img.travel.rakuten.co.jp/share/HOTEL/196538/196538.jpg,https://img.travel.rakuten.co.jp/HIMG/90/196538.jpg,,,https://img.travel.rakuten.co.jp/share/HOTEL/196538/196538map.gif,17.0,3.88,"…　2026-05-04 10:31:41投稿 <a href=""https://img.travel.rakuten.co.jp/image/tr/api/re/gJNfM/?f_hotel_no=196538"" class=""3click"">つづきはこちら</a>",muton,【オーシャンビュー】スーペリア ツイン,6314267.0,2026年3月OPEN！開業記念プラン 室料のみ,1,0,0,0,0,1,https://img.travel.rakuten.co.jp/image/tr/api/re/IdsCY/?f_no=196538&f_syu=muton&f_hi1=2026-05-19&f_hi2=2026-05-20&f_heya_su=1&f_otona_su=1&f_s1=0&f_s2=0&f_y1=0&f_y2=0&f_y3=0&f_y4=0&f_camp_id=6314267,0,2026-05-19,22970,22970,0,2026-05-19,seibu
184468,ＨＯＴＥＬ　ＦＵＮ,https://img.travel.rakuten.co.jp/image/tr/api/re/pvonD/?f_no=184468,https://img.travel.rakuten.co.jp/image/tr/api/re/vFumt/?f_no=184468&f_flg=PLAN,https://img.travel.rakuten.co.jp/image/tr/api/re/WzozX/?noTomariHotel=184468,https://img.travel.rakuten.co.jp/image/tr/api/re/gJNfM/?f_hotel_no=184468,ほてる　ふぁん,福岡の中心でお手頃価格で宿泊。ビジネス・観光に最適なアクセス・好立地が魅力,3600,120896.03,469450.63,810-0021,福岡県,福岡市中央区今泉1-9-2 天神ダイヨシビル3F,092-791-7779,092-791-7779,天神駅　南出口より徒歩5分,駐車場はございませんので近隣のコインパーキングをご利用くださいませ,天神,https://img.travel.rakuten.co.jp/share/HOTEL/184468/184468.jpg,https://img.travel.rakuten.co.jp/HIMG/90/184468.jpg,,,https://img.travel.rakuten.co.jp/share/HOTEL/184468/184468map.gif,59.0,4.0,"クチコミの詳細はこちらから　https://review.travel.ra…　2026-04-28 12:46:09投稿 <a href=""https://img.travel.rakuten.co.jp/image/tr/api/re/gJNfM/?f_hotel_no=184468"" class=""3click"">つづきはこちら</a>",p1,大人1~2名様まで(お子様不可),6091606.0,【事前決済でお得に！素泊まり】IN 15~24時まで,1,0,0,0,0,2,https://img.travel.rakuten.co.jp/image/tr/api/re/IdsCY/?f_no=184468&f_syu=p1&f_hi1=2026-05-19&f_hi2=2026-05-20&f_heya_su=1&f_otona_su=1&f_s1=0&f_s2=0&f_y1=0&f_y2=0&f_y3=0&f_y4=0&f_camp_id=6091606,0,2026-05-19,10300,10300,0,2026-05-19,seibu
189077,ｓｅｖｅｎ　ｘ　ｓｅｖｅｎ　糸島,https://img.travel.rakuten.co.jp/image/tr/api/re/pvonD/?f_no=189077,https://img.travel.rakuten.co.jp/image/tr/api/re/vFumt/?f_no=189077&f_flg=PLAN,https://img.travel.rakuten.co.jp/image/tr/api/re/WzozX/?noTomariHotel=189077,https://img.travel.rakuten.co.jp/image/tr/api/re/gJNfM/?f_hotel_no=189077,セブンバイセブン　イトシマ,2026年4月リニューアルオープン。プール＆サウナを新設、テラスエリアとフード・ドリンクも刷新。,8800,121100.89,468736.34,819-0202,福岡県,福岡市西区西浦266,092-805-9030,000-000-0000,福岡空港よりお車で約４５分,全52台 無料 / 1室につき1台まで,福岡空港,https://img.travel.rakuten.co.jp/share/HOTEL/189077/189077.jpg,https://img.travel.rakuten.co.jp/HIMG/90/189077.jpg,,,https://img.travel.rakuten.co.jp/share/HOTEL/189077/189077map.gif,55.0,4.36,"クチコミの詳細はこちらか…　2026-03-31 09:13:17投稿 <a href=""https://img.travel.rakuten.co.jp/image/tr/api/re/gJNfM/?f_hotel_no=189077"" class=""3click"">つづきはこちら</a>",st,スタンダードツイン（オーシャンビュー） WEST棟,6438030.0,【リニューアルオープン記念】糸島の自然に浸るシンプルステイ（素泊まり）,1,0,0,0,0,1,https://img.travel.rakuten.co.jp/image/tr/api/re/IdsCY/?f_no=189077&f_syu=st&f_hi1=2026-05-19&f_hi2=2026-05-20&f_heya_su=1&f_otona_su=1&f_s1=0&f_s2=0&f_y1=0&f_y2=0&f_y3=0&f_y4=0&f_camp_id=6438030,0,2026-05-19,39200,39200,0,2026-05-19,seibu
179384,ホテルリブマックス博多中洲,https://img.travel.rakuten.co.jp/image/tr/api/re/pvonD/?f_no=179384,https://img.travel.rakuten.co.jp/image/tr/api/re/vFumt/?f_no=179384&f_flg=PLAN,https://img.travel.rakuten.co.jp/image/tr/api/re/WzozX/?noTomariHotel=179384,https://img.travel.rakuten.co.jp/image/tr/api/re/gJNfM/?f_hotel_no=179384,ほてるりぶまっくすはかたなかす,【2020年3月新築OPEN】中洲川端駅から徒歩２分！博多・天神徒歩圏内！,4548,120927.09,469461.09,810-0801,福岡県,福岡市博多区中洲5-4-21,092-273-0050,092-273-0051,地下鉄空港線・箱崎線　中州川端駅より徒歩にて約2分／地下鉄空港線　天神駅より徒歩にて約８分,近隣にコインパーキングあり　※提携はしておりません　満車の場合はご容赦下さい。,中洲川端,https://img.travel.rakuten.co.jp/share/HOTEL/179384/179384.jpg,https://img.travel.rakuten.co.jp/HIMG/90/179384.jpg,,,https://img.travel.rakuten.co.jp/share/HOTEL/179384/179384map.gif,279.0,3.6,"部屋の狭さは問題視しませんが、部屋にフロントと連絡を取る電話や設備がありません。不幸にもテレビが故障して急に画像が表示されなくなってラジオ状態になってしまいました…　2026-05-09 13:08:24投稿 <a href=""https://img.travel.rakuten.co.jp/image/tr/api/re/gJNfM/?f_hotel_no=179384"" class=""3click"">つづきはこちら</a>",sb-bfn,【シングルルーム】喫煙/定員２名/１１平米/セミダブルベッド,5721642.0,【リブマックスセール】《15％OFF》ホテルリブマックス博多中洲【素泊り】,1,0,0,0,0,1,https://img.travel.rakuten.co.jp/image/tr/api/re/IdsCY/?f_no=179384&f_syu=sb-bfn&f_hi1=2026-05-19&f_hi2=2026-05-20&f_heya_su=1&f_otona_su=1&f_s1=0&f_s2=0&f_y1=0&f_y2=0&f_y3=0&f_y4=0&f_camp_id=5721642,0,2026-05-19,18700,18700,0,2026-05-19,seibu
182181,ホテルオリエンタルエクスプレス福岡中洲川端,https://img.travel.rakuten.co.jp/image/tr/api/re/pvonD/?f_no=182181,https://img.travel.rakuten.co.jp/image/tr/api/re/vFumt/?f_no=182181&f_flg=PLAN,https://img.travel.rakuten.co.jp/image/tr/api/re/WzozX/?noTomariHotel=182181,https://img.travel.rakuten.co.jp/image/tr/api/re/gJNfM/?f_hotel_no=182181,ほてるおりえんたるえくすぷれすふくおかなかすかわばた,2021年4月開業！VOD完備★空港・博多・天神・ドームへアクセス良好、山笠・ビジネス・レジャー・ライブに最適◎,4797,120934.99,469480.66,812-0025,福岡県,福岡市博多区店屋町6-26,092-402-2725,092-402-2726,福岡空港よりお車にて約15分。博多駅より地下鉄で約中洲川端駅7番出口より徒歩4分。,"有(8台) / 1泊につき1,500円（税込) /  事前予約不可 / 提携駐車場優待あり",中洲川端,https://img.travel.rakuten.co.jp/share/HOTEL/182181/182181.jpg,https://img.travel.rakuten.co.jp/HIMG/90/182181.jpg,,,https://img.travel.rakuten.co.jp/share/HOTEL/182181/182181map.gif,195.0,3.8,"クチコミの詳細はこちらから　https://review.travel.rakuten.co.jp/…　2026-03-28 13:13:19投稿 <a href=""https://img.travel.rakuten.co.jp/image/tr/api/re/gJNfM/?f_hotel_no=182181"" class=""3click"">つづきはこちら</a>",mta,■モデレートツイン 16.2平米（禁煙・シモンズ社製ベッド）,6447576.0,【街歩きフォトラリー】オリジナルアクティビティ「VAMOS」で福岡を冒険！（和洋朝食ブッフェ付）,1,0,0,1,0,1,https://img.travel.rakuten.co.jp/image/tr/api/re/IdsCY/?f_no=182181&f_syu=mta&f_hi1=2026-05-19&f_hi2=2026-05-20&f_heya_su=1&f_otona_su=1&f_s1=0&f_s2=0&f_y1=0&f_y2=0&f_y3=0&f_y4=0&f_camp_id=6447576,0,2026-05-19,20270,20270,0,2026-05-19,seibu
173019,ホテルポートヒルズ福岡,https://img.travel.rakuten.co.jp/image/tr/api/re/pvonD/?f_no=173019,https://img.travel.rakuten.co.jp/image/tr/api/re/vFumt/?f_no=173019&f_flg=PLAN,https://img.travel.rakuten.co.jp/image/tr/api/re/WzozX/?noTomariHotel=173019,https://img.travel.rakuten.co.jp/image/tr/api/re/gJNfM/?f_hotel_no=173019,ぽーとひるず,"都市高速西公園出口すぐ。PayPayドームまで徒歩15分。駐車場無料（18台,予約順,チェックイン15時～アウト11時）",7500,120944.93,469346.69,810-0061,福岡県,福岡市中央区西公園14-24,092-741-3535,000-000-0000,福岡空港・博多駅・天神～西鉄バス中央市民プール停前　地下鉄唐人町駅より徒歩15分　都市高速西公園ランプより車で30秒,台数制限有り（23台）予約受付順となります。満車の場合は近隣の有料パーキングをご案内しております。,唐人町,https://img.travel.rakuten.co.jp/share/HOTEL/173019/173019.jpg,https://img.travel.rakuten.co.jp/HIMG/90/173019.jpg,https://img.travel.rakuten.co.jp/share/HOTEL/173019/173019_kan1.jpg,https://img.travel.rakuten.co.jp/HIMG/INTERIOR/173019.jpg,https://img.travel.rakuten.co.jp/share/HOTEL/173019/173019map.gif,33.0,4.22,,porthills,【禁煙】シングル,4756161.0,【禁煙】シングル素泊まりプラン,1,0,0,0,0,1,https://img.travel.rakuten.co.jp/image/tr/api/re/IdsCY/?f_no=173019&f_syu=porthills&f_hi1=2026-05-19&f_hi2=2026-05-20&f_heya_su=1&f_otona_su=1&f_s1=0&f_s2=0&f_y1=0&f_y2=0&f_y3=0&f_y4=0&f_camp_id=4756161,0,2026-05-19,8000,8000,0,2026-05-19,seibu
177834,Ｍｅｉ,https://img.travel.rakuten.co.jp/image/tr/api/re/pvonD/?f_no=177834,https://img.travel.rakuten.co.jp/image/tr/api/re/vFumt/?f_no=177834&f_flg=PLAN,https://img.travel.rakuten.co.jp/image/tr/api/re/WzozX/?noTomariHotel=177834,https://img.travel.rakuten.co.jp/image/tr/api/re/gJNfM/?f_hotel_no=177834,めい,天神・中洲・博多・屋台グルメ等の観光地からほど近い、SNSで話題のライフスタイルホテル,5747,120897.73,469471.53,810-0003,福岡県,福岡市中央区春吉2-16-19,092-771-6221,092-406-8890,【渡辺通駅】徒歩で約4分【博多駅】タクシーで約10分／地下鉄で約16分【福岡空港】タクシーで約20分／地下鉄で約25分,無し（真向かい、周辺に複数コインパーキングがございます）,博多,https://img.travel.rakuten.co.jp/share/HOTEL/177834/177834.jpg,https://img.travel.rakuten.co.jp/HIMG/90/177834.jpg,https://img.travel.rakuten.co.jp/share/HOTEL/177834/177834_kan1.jpg,https://img.travel.rakuten.co.jp/HIMG/INTERIOR/177834.jpg,https://img.travel.rakuten.co.jp/share/HOTEL/177834/177834map.gif,66.0,4.05,"目の前コンビニ、すぐ裏有名ラーメン屋、有名な朝食が…　2026-04-23 18:04:18投稿 <a href=""https://img.travel.rakuten.co.jp/image/tr/api/re/gJNfM/?f_hotel_no=177834"" class=""3click"">つづきはこちら</a>",5,スタンダードルーム,4650901.0,【直前割】【素泊まり】今だけお得！当日・前日予約に◎博多のデザインホテルで気ままに滞在、直前割プラン,1,0,0,0,0,1,https://img.travel.rakuten.co.jp/image/tr/api/re/IdsCY/?f_no=177834&f_syu=5&f_hi1=2026-05-19&f_hi2=2026-05-20&f_heya_su=1&f_otona_su=1&f_s1=0&f_s2=0&f_y1=0&f_y2=0&f_y3=0&f_y4=0&f_camp_id=4650901,0,2026-05-19,11286,11286,0,2026-05-19,seibu
171870,ホテルリブマックス福岡天神,https://img.travel.rakuten.co.jp/image/tr/api/re/pvonD/?f_no=171870,https://img.travel.rakuten.co.jp/image/tr/api/re/vFumt/?f_no=171870&f_flg=PLAN,https://img.travel.rakuten.co.jp/image/tr/api/re/WzozX/?noTomariHotel=171870,https://img.travel.rakuten.co.jp/image/tr/api/re/gJNfM/?f_hotel_no=171870,りぶまっくすふくおかてんじん,2018年11月グランドオープン！博多駅より柳橋バス停へ！徒歩3分♪ドームもバスで楽々♪,3400,120882.2,469479.18,810-0005,福岡県,福岡市中央区清川1-12-17,092-534-1140,092-534-1141,地下鉄七隈線　渡辺通駅2番口より徒歩にて約５分,近隣にコインパーキングあり　※提携はしておりません　満車の場合はご容赦下さい。,,https://img.travel.rakuten.co.jp/share/HOTEL/171870/171870.jpg,https://img.travel.rakuten.co.jp/HIMG/90/171870.jpg,https://img.travel.rakuten.co.jp/share/HOTEL/171870/171870_kan1.jpg,https://img.travel.rakuten.co.jp/HIMG/INTERIOR/171870.jpg,https://img.travel.rakuten.co.jp/share/HOTEL/171870/171870map.gif,322.0,3.38,"部屋は独特の匂いがしましたが、過ご…　2026-04-21 20:25:49投稿 <a href=""https://img.travel.rakuten.co.jp/image/tr/api/re/gJNfM/?f_hotel_no=171870"" class=""3click"">つづきはこちら</a>",sb-ns,☆シングルルーム☆禁煙☆セミダブルベッド,5741388.0,【リブマックスセール】《15％OFF》ホテルリブマックス福岡天神 【素泊り】,1,0,0,0,0,1,https://img.travel.rakuten.co.jp/image/tr/api/re/IdsCY/?f_no=171870&f_syu=sb-ns&f_hi1=2026-05-19&f_hi2=2026-05-20&f_heya_su=1&f_otona_su=1&f_s1=0&f_s2=0&f_y1=0&f_y2=0&f_y3=0&f_y4=0&f_camp_id=5741388,0,2026-05-19,16150,16150,0,2026-05-19,seibu
144978,ホテルマリノアリゾート福岡,https://img.travel.rakuten.co.jp/image/tr/api/re/pvonD/?f_no=144978,https://img.travel.rakuten.co.jp/image/tr/api/re/vFumt/?f_no=144978&f_flg=PLAN,https://img.travel.rakuten.co.jp/image/tr/api/re/WzozX/?noTomariHotel=144978,https://img.travel.rakuten.co.jp/image/tr/api/re/gJNfM/?f_hotel_no=144978,まりのありぞーとふくおか,全室ハーバービュー♪駐車場無料・朝食はルームサービス。贅沢な３つのラウンジが無料☆ウェルカム・焚火・ナイトラウンジ,11072,120933.28,469172.05,819-0001,福岡県,福岡市西区小戸2-12-43,092-895-5511,092-895-5523,地下鉄空港線：姪浜駅下車後、無料循環バス「クルットバス」利用で約20分　タクシーで5分,有り　１００台　無料　予約不要　（入出庫自由）,姪浜,https://img.travel.rakuten.co.jp/share/HOTEL/144978/144978.jpg,https://img.travel.rakuten.co.jp/HIMG/90/144978.jpg,https://img.travel.rakuten.co.jp/share/HOTEL/144978/144978_room.jpg,https://img.travel.rakuten.co.jp/HIMG/INTERIOR/144978.jpg,https://img.travel.rakuten.co.jp/share/HOTEL/144978/144978map.gif,422.0,4.68,"クチコミの詳細はこちらから　h…　2026-05-05 23:56:28投稿 <a href=""https://img.travel.rakuten.co.jp/image/tr/api/re/gJNfM/?f_hotel_no=144978"" class=""3click"">つづきはこちら</a>",mt,【42平米・オーシャンビュー・バルコニー付 マリノアツイン】,5818774.0,《直前割×お日にち限定》18時イン10時アウト/全室福岡タワー側オーシャンビュー！/駐車場無料！,1,0,0,0,0,1,https://img.travel.rakuten.co.jp/image/tr/api/re/IdsCY/?f_no=144978&f_syu=mt&f_hi1=2026-05-19&f_hi2=2026-05-20&f_heya_su=1&f_otona_su=1&f_s1=0&f_s2=0&f_y1=0&f_y2=0&f_y3=0&f_y4=0&f_camp_id=5818774,0,2026-05-19,22711,22711,0,2026-05-19,seibu
31929,ニッセイホテル福岡,https://img.travel.rakuten.co.jp/image/tr/api/re/pvonD/?f_no=31929,https://img.travel.rakuten.co.jp/image/tr/api/re/vFumt/?f_no=31929&f_flg=PLAN,https://img.travel.rakuten.co.jp/image/tr/api/re/WzozX/?noTomariHotel=31929,https://img.travel.rakuten.co.jp/image/tr/api/re/gJNfM/?f_hotel_no=31929,にっせいほてるふくおか,◆駅から徒歩で4分の好立地◆福岡へのご旅行＆ご出張にお勧め～♪,6290,120910.87,469405.32,810-0042,福岡県,福岡市中央区赤坂1-15-31,092-732-0900,092-732-0909,地下鉄赤坂駅から徒歩4分。,無　(当館の3軒隣に一般のコインパーキング有、24時間で1400円、各自様でご利用頂いております。),赤坂（福岡）,https://img.travel.rakuten.co.jp/share/HOTEL/31929/31929.jpg,https://img.travel.rakuten.co.jp/HIMG/90/31929.jpg,https://img.travel.rakuten.co.jp/share/HOTEL/31929/31929_r1.jpg,https://img.travel.rakuten.co.jp/HIMG/INTERIOR/31929.jpg,https://img.travel.rakuten.co.jp/share/HOTEL/31929/31929map.gif,1199.0,3.19,"他の方のコメントにある通りでしたが、現代の日本のホテルとは思えないほど昭和時代そのもの。実家の子供部屋かと。写真に騙されま…　2026-05-07 19:54:39投稿 <a href=""https://img.travel.rakuten.co.jp/image/tr/api/re/gJNfM/?f_hotel_no=31929"" class=""3click"">つづきはこちら</a>",rr3,【禁煙】セミトリプル（ベッド2台、3名利用）,6455561.0,【素泊まり_★返金不可★】シンプルステイプラン♪,1,0,0,0,0,2,https://img.travel.rakuten.co.jp/image/tr/api/re/IdsCY/?f_no=31929&f_syu=rr3&f_hi1=2026-05-19&f_hi2=2026-05-20&f_heya_su=1&f_otona_su=1&f_s1=0&f_s2=0&f_y1=0&f_y2=0&f_y3=0&f_y4=0&f_camp_id=6455561,0,2026-05-19,12750,12750,1,2026-05-19,seibu
2772,ソラリア西鉄ホテル福岡,https://img.travel.rakuten.co.jp/image/tr/api/re/pvonD/?f_no=2772,https://img.travel.rakuten.co.jp/image/tr/api/re/vFumt/?f_no=2772&f_flg=PLAN,https://img.travel.rakuten.co.jp/image/tr/api/re/WzozX/?noTomariHotel=2772,https://img.travel.rakuten.co.jp/image/tr/api/re/gJNfM/?f_hotel_no=2772,そらりあにしてつほてるふくおか,【天神の中心で福岡を満喫】全室洗い場付きバスルームで快適ステイ♪こだわりの家具と灯りの中で過ごす非日常のひととき,13600,120908.33,469443.08,810-0001,福岡県,福岡市中央区天神2-2-43,092-761-6500,092-781-1211,バスセンター直結、地下鉄「天神駅」5番(もしくは6A番)出口から徒歩5分。ソラリアプラザ館内にホテルがあります。,"2,000円/1泊1台  ※「ソラリア西鉄ホテル地下駐車場」もしくは、「ソラリアターミナル駐車場」",西鉄福岡,https://img.travel.rakuten.co.jp/share/HOTEL/2772/2772.jpg,https://img.travel.rakuten.co.jp/HIMG/90/2772.jpg,https://img.travel.rakuten.co.jp/share/HOTEL/2772/2772_twin.jpg,https://img.travel.rakuten.co.jp/HIMG/INTERIOR/2772.jpg,https://img.travel.rakuten.co.jp/share/HOTEL/2772/2772map.gif,2694.0,4.63,"クチコミ…　2026-05-12 18:30:30投稿 <a href=""https://img.travel.rakuten.co.jp/image/tr/api/re/gJNfM/?f_hotel_no=2772"" class=""3click"">つづきはこちら</a>",twm,モデレートツイン,4290883.0,【スタンダード】当日予約も可能なお得プラン＜朝食ビュッフェ付＞,1,0,0,1,0,1,https://img.travel.rakuten.co.jp/image/tr/api/re/IdsCY/?f_no=2772&f_syu=twm&f_hi1=2026-05-19&f_hi2=2026-05-20&f_heya_su=1&f_otona_su=1&f_s1=0&f_s2=0&f_y1=0&f_y2=0&f_y3=0&f_y4=0&f_camp_id=4290883,0,2026-05-19,47900,47900,0,2026-05-19,seibu
40839,ザ・ワンファイブ福岡天神,https://img.travel.rakuten.co.jp/image/tr/api/re/pvonD/?f_no=40839,https://img.travel.rakuten.co.jp/image/tr/api/re/vFumt/?f_no=40839&f_flg=PLAN,https://img.travel.rakuten.co.jp/image/tr/api/re/WzozX/?noTomariHotel=40839,https://img.travel.rakuten.co.jp/image/tr/api/re/gJNfM/?f_hotel_no=40839,ざ　わんふぁいぶ　ふくおか　てんじん,福岡空港から地下鉄に乗り乗換不要で14分。博多駅からも乗換不要で9分です。観光にも便利な西鉄福岡（天神）駅へも4分です。,4537,120914.22,469429.19,810-0041,福岡県,福岡市中央区大名2-8-12,0570-003-515,092-739-0220,地下鉄『天神駅』1番出口より徒歩3分 ※1番出口が一時閉鎖中のため4番出口をご利用ください,なし ※周辺のコインパーキングをご案内します。,天神,https://img.travel.rakuten.co.jp/share/HOTEL/40839/40839.jpg,https://img.travel.rakuten.co.jp/HIMG/90/40839.jpg,https://img.travel.rakuten.co.jp/share/HOTEL/40839/40839_ky.jpg,https://img.travel.rakuten.co.jp/HIMG/INTERIOR/40839.jpg,https://img.travel.rakuten.co.jp/share/HOTEL/40839/40839map.gif,2118.0,3.7,"洗面所のボウルの塗装が剥がれているのにそのまま、壁に汚れあり、床を裸足で歩い…　2026-05-12 10:39:54投稿 <a href=""https://img.travel.rakuten.co.jp/image/tr/api/re/gJNfM/?f_hotel_no=40839"" class=""3click"">つづきはこちら</a>",2n2,スタンダードツイン,4894220.0,「ザ・ワンファイブ」ステイ,1,0,0,0,0,1,https://img.travel.rakuten.co.jp/image/tr/api/re/IdsCY/?f_no=40839&f_syu=2n2&f_hi1=2026-05-19&f_hi2=2026-05-20&f_heya_su=1&f_otona_su=1&f_s1=0&f_s2=0&f_y1=0&f_y2=0&f_y3=0&f_y4=0&f_camp_id=4894220,0,2026-05-19,15510,15510,0,2026-05-19,seibu
176952,糸島ゲストハウス＆バックパッカーズ　ＴＯＭＯ,https://img.travel.rakuten.co.jp/image/tr/api/re/pvonD/?f_no=176952,https://img.travel.rakuten.co.jp/image/tr/api/re/vFumt/?f_no=176952&f_flg=PLAN,,https://img.travel.rakuten.co.jp/image/tr/api/re/gJNfM/?f_hotel_no=176952,いとしまげすとはうすあんどばっくぱっかーず　とも,一人旅でもグループ旅行でも、シーンを選ばず宿泊できるゲストハウス。天神へも電車で約30分。福岡の観光にもお使い頂けます。,3240,120807.25,468725.68,819-1116,福岡県,糸島市前原中央3-5-24,092-332-1588,092-332-1589,ＪＲ筑肥線　筑前前原駅より徒歩にて約６分,有り　３台　無料　要予約,筑前前原,https://img.travel.rakuten.co.jp/share/HOTEL/176952/176952.jpg,https://img.travel.rakuten.co.jp/HIMG/90/176952.jpg,https://img.travel.rakuten.co.jp/share/HOTEL/176952/176952_kan1.jpg,https://img.travel.rakuten.co.jp/HIMG/INTERIOR/176952.jpg,https://img.travel.rakuten.co.jp/share/HOTEL/176952/176952map.gif,61.0,4.71,"クチコミの詳細はこちらから　http…　2026-03-22 22:04:29投稿 <a href=""https://img.travel.rakuten.co.jp/image/tr/api/re/gJNfM/?f_hotel_no=176952"" class=""3click"">つづきはこちら</a>",bunkmix,【男女共有ドミトリー】禁煙・Wi-Fi無料,5228829.0,【素泊まりプラン】　自然あり、グルメあり、観光あり　魅力的な糸島の観光の拠点としてご利用下さい。,1,0,0,0,0,1,https://img.travel.rakuten.co.jp/image/tr/api/re/IdsCY/?f_no=176952&f_syu=bunkmix&f_hi1=2026-05-19&f_hi2=2026-05-20&f_heya_su=1&f_otona_su=1&f_s1=0&f_s2=0&f_y1=0&f_y2=0&f_y3=0&f_y4=0&f_camp_id=5228829,0,2026-05-19,3600,3600,0,2026-05-19,seibu
183253,ＵＮＰＬＡＮ　Ｆｕｋｕｏｋａ,https://img.travel.rakuten.co.jp/image/tr/api/re/pvonD/?f_no=183253,https://img.travel.rakuten.co.jp/image/tr/api/re/vFumt/?f_no=183253&f_flg=PLAN,,https://img.travel.rakuten.co.jp/image/tr/api/re/gJNfM/?f_hotel_no=183253,あんぷらん　ふくおか,【大濠公園駅から徒歩１分】コンビニまで徒歩約30秒、PayPayドームまでのアクセス抜群◎長期滞在にも人気なホステル！,3811,120913.53,469376.25,810-0074,福岡県,福岡市中央区大手門3-4-1,092-406-7704,092-406-7704,■福岡空港より空港線の大濠公園駅下車 4番出口から徒歩1分  ■PayPayドームまでバスで９分,提携の駐車場はございません。近隣の駐車場をご利用ください。,大濠公園,https://img.travel.rakuten.co.jp/share/HOTEL/183253/183253.jpg,https://img.travel.rakuten.co.jp/HIMG/90/183253.jpg,,,https://img.travel.rakuten.co.jp/share/HOTEL/183253/183253map.gif,129.0,4.0,"清掃もしっかり行き届いており、1階ではチェックインまでの時間や外に出るまでの時間に軽食を取…　2026-04-07 16:39:44投稿 <a href=""https://img.travel.rakuten.co.jp/image/tr/api/re/gJNfM/?f_hotel_no=183253"" class=""3click"">つづきはこちら</a>",dormitory,男女共用ドミトリールーム,5241271.0,【返金不可】【無料朝食付き】ドミトリー・PODルーム★大濠公園駅から徒歩１分◎,1,0,0,0,0,2,https://img.travel.rakuten.co.jp/image/tr/api/re/IdsCY/?f_no=183253&f_syu=dormitory&f_hi1=2026-05-19&f_hi2=2026-05-20&f_heya_su=1&f_otona_su=1&f_s1=0&f_s2=0&f_y1=0&f_y2=0&f_y3=0&f_y4=0&f_camp_id=5241271,0,2026-05-19,4620,4620,0,2026-05-19,seibu
9230,平和台ホテル　ファイブ,https://img.travel.rakuten.co.jp/image/tr/api/re/pvonD/?f_no=9230,https://img.travel.rakuten.co.jp/image/tr/api/re/vFumt/?f_no=9230&f_flg=PLAN,https://img.travel.rakuten.co.jp/image/tr/api/re/WzozX/?noTomariHotel=9230,https://img.travel.rakuten.co.jp/image/tr/api/re/gJNfM/?f_hotel_no=9230,へいわだいほてる　ふぁいぶ,イベント盛りだくさんのみずほPayPayドーム福岡は徒歩で行ける便利な立地！近隣には居酒屋やコンビニ・スーパーもあります,2300,120908.63,469335.26,810-0054,福岡県,福岡市中央区今川1-4-2,092-732-5000,092-722-0181,地下鉄「唐人町」駅２番出口より徒歩1分（エレベーター利用の場合は7番出口より徒歩5分）,"有り　8台　平面駐車場をご希望の方は必ずお電話にてご予約ください。　料金：1,500円（税込／泊）",唐人町,https://img.travel.rakuten.co.jp/share/HOTEL/9230/9230.jpg,https://img.travel.rakuten.co.jp/HIMG/90/9230.jpg,https://img.travel.rakuten.co.jp/share/HOTEL/9230/9230_room.jpg,https://img.travel.rakuten.co.jp/HIMG/INTERIOR/9230.jpg,https://img.travel.rakuten.co.jp/share/HOTEL/9230/9230map.gif,978.0,3.69,"クチコミの詳細はこちらから　https://revi…　2026-05-01 12:56:25投稿 <a href=""https://img.travel.rakuten.co.jp/image/tr/api/re/gJNfM/?f_hotel_no=9230"" class=""3click"">つづきはこちら</a>",sgl-no,【エコノミーセミダブル】★禁煙★　＜1名〜2名＞,6387506.0,【返金不可プラン】朝食ついてないけど良いですか？PayPayドームまで徒歩で行ける！♪◇素泊り◇,1,0,0,0,0,2,https://img.travel.rakuten.co.jp/image/tr/api/re/IdsCY/?f_no=9230&f_syu=sgl-no&f_hi1=2026-05-19&f_hi2=2026-05-20&f_heya_su=1&f_otona_su=1&f_s1=0&f_s2=0&f_y1=0&f_y2=0&f_y3=0&f_y4=0&f_camp_id=6387506,0,2026-05-19,9600,9600,0,2026-05-19,seibu
130510,ヒルトップリゾート　福岡,https://img.travel.rakuten.co.jp/image/tr/api/re/pvonD/?f_no=130510,https://img.travel.rakuten.co.jp/image/tr/api/re/vFumt/?f_no=130510&f_flg=PLAN,https://img.travel.rakuten.co.jp/image/tr/api/re/WzozX/?noTomariHotel=130510,https://img.travel.rakuten.co.jp/image/tr/api/re/gJNfM/?f_hotel_no=130510,ひるとっぷりぞーと　ふくおか,福岡市街を一望できる絶好のロケーション。ヒルトップスパ＆男女別大浴場＆Wi-Fi完備,11200,120849.91,469386.21,810-0032,福岡県,福岡市中央区輝国1-1-33,092-771-2131,092-771-8888,■福岡空港より車で30分■博多駅より車で15分/バス（58番で20分、56・57番で40分）■桜坂駅より徒歩で15分,有り　46台　無料　,,https://img.travel.rakuten.co.jp/share/HOTEL/130510/130510.jpg,https://img.travel.rakuten.co.jp/HIMG/90/130510.jpg,https://img.travel.rakuten.co.jp/share/HOTEL/130510/130510_kya.jpg,https://img.travel.rakuten.co.jp/HIMG/INTERIOR/130510.jpg,https://img.travel.rakuten.co.jp/share/HOTEL/130510/130510map.gif,243.0,4.4,"晩御飯の和食がとても美味しくて、泊まりじゃな…　2026-02-25 15:58:16投稿 <a href=""https://img.travel.rakuten.co.jp/image/tr/api/re/gJNfM/?f_hotel_no=130510"" class=""3click"">つづきはこちら</a>",ftw,Area F ツイン,5783765.0,ベーシックステイプラン≪お部屋のみ≫,1,0,0,0,0,1,https://img.travel.rakuten.co.jp/image/tr/api/re/IdsCY/?f_no=130510&f_syu=ftw&f_hi1=2026-05-19&f_hi2=2026-05-20&f_heya_su=1&f_otona_su=1&f_s1=0&f_s2=0&f_y1=0&f_y2=0&f_y3=0&f_y4=0&f_camp_id=5783765,0,2026-05-19,21900,21900,0,2026-05-19,seibu
164644,ＷｅＢａｓｅ博多　ホステル,https://img.travel.rakuten.co.jp/image/tr/api/re/pvonD/?f_no=164644,https://img.travel.rakuten.co.jp/image/tr/api/re/vFumt/?f_no=164644&f_flg=PLAN,https://img.travel.rakuten.co.jp/image/tr/api/re/WzozX/?noTomariHotel=164644,https://img.travel.rakuten.co.jp/image/tr/api/re/gJNfM/?f_hotel_no=164644,うぃーべーすはかた　ほすてる,【立地に自信あり】【無料朝食】【清潔度◎】大好評！広々ラウンジは24H寛げ、自炊もOK！,3740,120932.4,469478.37,812-0025,福岡県,福岡市博多区店屋町5-9,092-292-2322,092-292-2305,中洲川端「7番出口」より徒歩3分！中洲繁華街まで徒歩5分◆天神1駅(徒歩10分)◆博多2駅◆空港4駅,"紙与パーキング（立駐駐車場）：15時〜翌12時  1,300円 ※徒歩3分",中洲川端,https://img.travel.rakuten.co.jp/share/HOTEL/164644/164644.jpg,https://img.travel.rakuten.co.jp/HIMG/90/164644.jpg,https://img.travel.rakuten.co.jp/share/HOTEL/164644/164644_kan.jpg,https://img.travel.rakuten.co.jp/HIMG/INTERIOR/164644.jpg,https://img.travel.rakuten.co.jp/share/HOTEL/164644/164644map.gif,259.0,4.0,"ライブの参戦のために宿泊先を探しており、たまたま確保出来た宿泊先でしたが、非常に満足しました!チェックイン前、チェックアウト後(宿泊日規定時間内)にも荷物を預か…　2026-04-29 20:55:48投稿 <a href=""https://img.travel.rakuten.co.jp/image/tr/api/re/gJNfM/?f_hotel_no=164644"" class=""3click"">つづきはこちら</a>",20210801,【相部屋】男性専用ルーム（二段ベッド／シャワー・トイレ共用）,5769175.0,【お日にち限定／朝食付】今だけチャンス！！特別価格でホステルステイ＜共用シャワー・トイレ＞,1,0,0,1,0,1,https://img.travel.rakuten.co.jp/image/tr/api/re/IdsCY/?f_no=164644&f_syu=20210801&f_hi1=2026-05-19&f_hi2=2026-05-20&f_heya_su=1&f_otona_su=1&f_s1=0&f_s2=0&f_y1=0&f_y2=0&f_y3=0&f_y4=0&f_camp_id=5769175,0,2026-05-19,6050,6050,0,2026-05-19,seibu
193546,ＢＵＥＮＡ　ＶＩＳＴＡ　ＯＨＯＲＩ　ＰＡＲＫ,https://img.travel.rakuten.co.jp/image/tr/api/re/pvonD/?f_no=193546,https://img.travel.rakuten.co.jp/image/tr/api/re/vFumt/?f_no=193546&f_flg=PLAN,,https://img.travel.rakuten.co.jp/image/tr/api/re/gJNfM/?f_hotel_no=193546,ぶえなびすたオオホリパーク,大濠公園エリア　地下鉄のご利用で天神7分、博多14分/大濠公園まで徒歩３分！セルフチェックイン！,6400,120916.24,469351.45,810-0062,福岡県,福岡市中央区荒戸3-10-1　,090-3197-0854,000-000-0000,福岡市営地下鉄唐人町駅から徒歩約４分,駐車場なし。施設周辺のコインパーキングのご利用をお願いしております。,唐人町,https://img.travel.rakuten.co.jp/share/HOTEL/193546/193546.jpg,https://img.travel.rakuten.co.jp/HIMG/90/193546.jpg,,,https://img.travel.rakuten.co.jp/share/HOTEL/193546/193546map.gif,18.0,4.59,"クチコミの詳細はこちらから　https://review.travel.…　2026-05-06 09:19:12投稿 <a href=""https://img.travel.rakuten.co.jp/image/tr/api/re/gJNfM/?f_hotel_no=193546"" class=""3click"">つづきはこちら</a>",604a,スタンダード最大4名様！大濠公園徒歩2分！ファミリータイプ！,6155121.0,スタンダード　素泊まりプラン,1,0,0,0,0,2,https://img.travel.rakuten.co.jp/image/tr/api/re/IdsCY/?f_no=193546&f_syu=604a&f_hi1=2026-05-19&f_hi2=2026-05-20&f_heya_su=1&f_otona_su=1&f_s1=0&f_s2=0&f_y1=0&f_y2=0&f_y3=0&f_y4=0&f_camp_id=6155121,0,2026-05-19,12800,12800,0,2026-05-19,seibu
195982,Ｅｐｏｃｈ　ｉｎｎ　Ｎａｋａｓｕ,https://img.travel.rakuten.co.jp/image/tr/api/re/pvonD/?f_no=195982,https://img.travel.rakuten.co.jp/image/tr/api/re/vFumt/?f_no=195982&f_flg=PLAN,,https://img.travel.rakuten.co.jp/image/tr/api/re/gJNfM/?f_hotel_no=195982,えぽっくいんなかす,１人部屋があるホテル,2600,120923.64,469472.57,810-0801,福岡県,福岡市博多区中洲3-5-1,092-409-4892,092-401-1057,中洲川端駅から徒歩約３分,専用駐車場・提携駐車場はございません。 公式サイトから、近隣のコインパーキングをご確認下さい。,中洲川端,https://img.travel.rakuten.co.jp/share/HOTEL/195982/195982.jpg,https://img.travel.rakuten.co.jp/HIMG/90/195982.jpg,,,https://img.travel.rakuten.co.jp/share/HOTEL/195982/195982map.gif,27.0,3.19,"クチコミの詳細はこちらから　https://review.travel.rakuten.co.jp/hotel/voice/195982?reviewI…　2026-05-05 15:34:18投稿 <a href=""https://img.travel.rakuten.co.jp/image/tr/api/re/gJNfM/?f_hotel_no=195982"" class=""3click"">つづきはこちら</a>",ahito,スタンダードA,6166312.0,【素泊まり】スタンダードプラン「迷ったらコレ！」,1,0,0,0,0,2,https://img.travel.rakuten.co.jp/image/tr/api/re/IdsCY/?f_no=195982&f_syu=ahito&f_hi1=2026-05-19&f_hi2=2026-05-20&f_heya_su=1&f_otona_su=1&f_s1=0&f_s2=0&f_y1=0&f_y2=0&f_y3=0&f_y4=0&f_camp_id=6166312,0,2026-05-19,16668,16668,0,2026-05-19,seibu
65450,プラザ芙蓉ホテル,https://img.travel.rakuten.co.jp/image/tr/api/re/pvonD/?f_no=65450,https://img.travel.rakuten.co.jp/image/tr/api/re/vFumt/?f_no=65450&f_flg=PLAN,https://img.travel.rakuten.co.jp/image/tr/api/re/WzozX/?noTomariHotel=65450,https://img.travel.rakuten.co.jp/image/tr/api/re/gJNfM/?f_hotel_no=65450,ぷらざふよう,薬院駅近♪１泊から長期まで幅広く対応可能☆全室キッチン＆独立型トイレ＆広々バスルームが大好評のマンション型ホテル!! ,4900,120885.58,469461.56,810-0004,福岡県,福岡市中央区渡辺通2-3-28,092-761-9633,092-771-9411,渡辺通駅より徒歩3分・薬院駅より徒歩3分・博多駅より地下鉄でもバスでも約10分・福岡空港より地下鉄でも車でも約20分♪,"料金提携の有料コインパーキング有：1泊1,500円（要予約・限定3台・出し入れ不可）",薬院,https://img.travel.rakuten.co.jp/share/HOTEL/65450/65450.jpg,https://img.travel.rakuten.co.jp/HIMG/90/65450.jpg,https://img.travel.rakuten.co.jp/share/HOTEL/65450/65450_wa.jpg,https://img.travel.rakuten.co.jp/HIMG/INTERIOR/65450.jpg,https://img.travel.rakuten.co.jp/share/HOTEL/65450/65450map.gif,198.0,4.47,"…　2026-04-25 17:54:59投稿 <a href=""https://img.travel.rakuten.co.jp/image/tr/api/re/gJNfM/?f_hotel_no=65450"" class=""3click"">つづきはこちら</a>",tw,ツイン【禁煙/33〜39平米/BED 120×200×2台】,5739825.0,【事前カード決済】（素泊まり）全室システムキッチン付き☆地下鉄七隈線：渡辺通駅より徒歩3分♪,1,0,0,0,0,2,https://img.travel.rakuten.co.jp/image/tr/api/re/IdsCY/?f_no=65450&f_syu=tw&f_hi1=2026-05-19&f_hi2=2026-05-20&f_heya_su=1&f_otona_su=1&f_s1=0&f_s2=0&f_y1=0&f_y2=0&f_y3=0&f_y4=0&f_camp_id=5739825,0,2026-05-19,10000,10000,0,2026-05-19,seibu
184507,クロスライフ博多天神（オリックスホテルズ＆リゾーツ）,https://img.travel.rakuten.co.jp/image/tr/api/re/pvonD/?f_no=184507,https://img.travel.rakuten.co.jp/image/tr/api/re/vFumt/?f_no=184507&f_flg=PLAN,https://img.travel.rakuten.co.jp/image/tr/api/re/WzozX/?noTomariHotel=184507,https://img.travel.rakuten.co.jp/image/tr/api/re/gJNfM/?f_hotel_no=184507,くろすらいふはかたてんじん（おりっくすほてるず＆りぞーと）,【地下鉄七隈線「天神南」駅 6番出口より徒歩7分】、【大浴場・サウナ】【スマートTV】完備。,7700,120904.02,469472.41,810-0003,福岡県,福岡市中央区春吉3-26-30,092-733-0130,092-733-8780,・地下鉄七隈線「天神南」駅 6番出口より徒歩7分,有り　22台　1700円（税込み／泊）　要予約,天神,https://img.travel.rakuten.co.jp/share/HOTEL/184507/184507.jpg,https://img.travel.rakuten.co.jp/HIMG/90/184507.jpg,,,https://img.travel.rakuten.co.jp/share/HOTEL/184507/184507map.gif,118.0,4.38,"クチコミの詳細はこちらから　https:/…　2026-04-06 10:59:14投稿 <a href=""https://img.travel.rakuten.co.jp/image/tr/api/re/gJNfM/?f_hotel_no=184507"" class=""3click"">つづきはこちら</a>",01,コンフォートダブル,5944205.0,【返金不可】素泊まり ドリンクチケット付き,1,0,0,0,0,2,https://img.travel.rakuten.co.jp/image/tr/api/re/IdsCY/?f_no=184507&f_syu=01&f_hi1=2026-05-19&f_hi2=2026-05-20&f_heya_su=1&f_otona_su=1&f_s1=0&f_s2=0&f_y1=0&f_y2=0&f_y3=0&f_y4=0&f_camp_id=5944205,0,2026-05-19,20900,20900,0,2026-05-19,seibu
9232,平和台ホテル大手門（旧　球場前別館）,https://img.travel.rakuten.co.jp/image/tr/api/re/pvonD/?f_no=9232,https://img.travel.rakuten.co.jp/image/tr/api/re/vFumt/?f_no=9232&f_flg=PLAN,https://img.travel.rakuten.co.jp/image/tr/api/re/WzozX/?noTomariHotel=9232,https://img.travel.rakuten.co.jp/image/tr/api/re/gJNfM/?f_hotel_no=9232,へいわだいほてる　おおてもん,全部屋Wi-Fi利用できます！目の前には舞鶴公園が広がりジョギングに最適♪,2925,120908.58,469390.01,810-0074,福岡県,福岡市中央区大手門1-5-4,092-741-4422,092-731-7585,地下鉄大濠公園駅より徒歩6分 地下鉄赤坂駅１番出入口より徒歩7分　,有り　4台　事前電話予約制(092-741-4422)　1500円（税込／泊）,赤坂（福岡）,https://img.travel.rakuten.co.jp/share/HOTEL/9232/9232.jpg,https://img.travel.rakuten.co.jp/HIMG/90/9232.jpg,https://img.travel.rakuten.co.jp/share/HOTEL/9232/9232_kya.jpg,https://img.travel.rakuten.co.jp/HIMG/INTERIOR/9232.jpg,https://img.travel.rakuten.co.jp/share/HOTEL/9232/9232map.gif,956.0,3.51,"駅から徒歩10分程でつき、大濠公園やコンビニ等も近く立地はよかったです。お部屋は狭く、荷物を置く場所も限られていました。あと、廊下の話し声が部屋にいても聞…　2026-05-08 14:27:24投稿 <a href=""https://img.travel.rakuten.co.jp/image/tr/api/re/gJNfM/?f_hotel_no=9232"" class=""3click"">つづきはこちら</a>",wn,和洋室禁煙（17平米）＜ベット1台＋和布団2組＞,3160938.0,【福岡城のお堀が目の前！】自然豊かな大濠公園まで徒歩8分♪Simple Stay◆軽朝食付◆,1,0,0,1,0,1,https://img.travel.rakuten.co.jp/image/tr/api/re/IdsCY/?f_no=9232&f_syu=wn&f_hi1=2026-05-19&f_hi2=2026-05-20&f_heya_su=1&f_otona_su=1&f_s1=0&f_s2=0&f_y1=0&f_y2=0&f_y3=0&f_y4=0&f_camp_id=3160938,0,2026-05-19,12000,12000,0,2026-05-19,seibu
183373,ランプライトブックスホテル福岡,https://img.travel.rakuten.co.jp/image/tr/api/re/pvonD/?f_no=183373,https://img.travel.rakuten.co.jp/image/tr/api/re/vFumt/?f_no=183373&f_flg=PLAN,https://img.travel.rakuten.co.jp/image/tr/api/re/WzozX/?noTomariHotel=183373,https://img.travel.rakuten.co.jp/image/tr/api/re/gJNfM/?f_hotel_no=183373,らんぷらいとぶっくすほてるふくおか,本の世界を旅する新感覚ホテル。2021年12月福岡初進出！	【24時間営業！BOOKS＆CAFE併設】,5770,120901.2,469431.54,810-0041,福岡県,福岡市中央区大名1-15-22,092-720-7711,092-751-7733,地下鉄空港線「天神駅」下車　3番出口より徒歩8分、または「赤坂駅」下車　5番出口より徒歩6分,無し/近隣のコインパーキングへのご案内になります。,天神,https://img.travel.rakuten.co.jp/share/HOTEL/183373/183373.jpg,https://img.travel.rakuten.co.jp/HIMG/90/183373.jpg,,,https://img.travel.rakuten.co.jp/share/HOTEL/183373/183373map.gif,94.0,4.38,"クチコミの詳細はこちらから　https://review.travel.rakute…　2026-03-14 11:58:14投稿 <a href=""https://img.travel.rakuten.co.jp/image/tr/api/re/gJNfM/?f_hotel_no=183373"" class=""3click"">つづきはこちら</a>",dst,スタンダードダブル【禁煙】,6446922.0,【事前決済限定プラン】スタンダードプラン《素泊り》※予約確定後キャンセル規定適用,1,0,0,0,0,2,https://img.travel.rakuten.co.jp/image/tr/api/re/IdsCY/?f_no=183373&f_syu=dst&f_hi1=2026-05-19&f_hi2=2026-05-20&f_heya_su=1&f_otona_su=1&f_s1=0&f_s2=0&f_y1=0&f_y2=0&f_y3=0&f_y4=0&f_camp_id=6446922,0,2026-05-19,20470,20470,0,2026-05-19,seibu
178417,ザ・ワンファイブヴィラ福岡,https://img.travel.rakuten.co.jp/image/tr/api/re/pvonD/?f_no=178417,https://img.travel.rakuten.co.jp/image/tr/api/re/vFumt/?f_no=178417&f_flg=PLAN,https://img.travel.rakuten.co.jp/image/tr/api/re/WzozX/?noTomariHotel=178417,https://img.travel.rakuten.co.jp/image/tr/api/re/gJNfM/?f_hotel_no=178417,ざわんふぁいぶヴぃらふくおか,全室30平米以上、キングサイズダブルベッド、禁煙、バス・トイレ独立 / 天神・中洲・キャナルシティ徒歩圏内,8872,120910.98,469476.98,810-0003,福岡県,福岡市中央区春吉3-4-6,0570-005-015,092-731-2226,地下鉄空港線中洲川端駅1番出口より徒歩7分 / 地下鉄七隈線櫛田神社前駅1番出口より徒歩5分,無し ※敷地内に提携外コインパーキングがございます。（予約不可） ,中洲川端,https://img.travel.rakuten.co.jp/share/HOTEL/178417/178417.jpg,https://img.travel.rakuten.co.jp/HIMG/90/178417.jpg,https://img.travel.rakuten.co.jp/share/HOTEL/178417/178417_kan1.jpg,https://img.travel.rakuten.co.jp/HIMG/INTERIOR/178417.jpg,https://img.travel.rakuten.co.jp/share/HOTEL/178417/178417map.gif,192.0,4.25,"ですが、チェックインの際に接客して下さった方が部屋の装飾の事を…　2026-03-25 12:27:50投稿 <a href=""https://img.travel.rakuten.co.jp/image/tr/api/re/gJNfM/?f_hotel_no=178417"" class=""3click"">つづきはこちら</a>",spk,スーペリアキング,4627093.0,「ザ・ワンファイブ」ステイ (素泊まり),1,0,0,0,0,1,https://img.travel.rakuten.co.jp/image/tr/api/re/IdsCY/?f_no=178417&f_syu=spk&f_hi1=2026-05-19&f_hi2=2026-05-20&f_heya_su=1&f_otona_su=1&f_s1=0&f_s2=0&f_y1=0&f_y2=0&f_y3=0&f_y4=0&f_camp_id=4627093,0,2026-05-19,19710,19710,0,2026-05-19,seibu
187948,ＪＵＳＴＩＮ　ＦＵＫＵＯＫＡ,https://img.travel.rakuten.co.jp/image/tr/api/re/pvonD/?f_no=187948,https://img.travel.rakuten.co.jp/image/tr/api/re/vFumt/?f_no=187948&f_flg=PLAN,,https://img.travel.rakuten.co.jp/image/tr/api/re/gJNfM/?f_hotel_no=187948,じゃすてぃんふくおか,【無人フロントホテル】九州一の繁華街天神から徒歩10分の好立地！２０２３年８月にリニューアルオープン！,2058,120922.59,469428.25,810-0073,福岡県,福岡市中央区舞鶴1-8-28,092-409-4892,,天神駅から徒歩10分,専用駐車場・提携駐車場はございません。 公式サイトから、近隣のコインパーキングをご確認下さい。,天神,https://img.travel.rakuten.co.jp/share/HOTEL/187948/187948.jpg,https://img.travel.rakuten.co.jp/HIMG/90/187948.jpg,,,https://img.travel.rakuten.co.jp/share/HOTEL/187948/187948map.gif,6.0,4.75,,dhito,スタンダードダブルD,5757890.0,【素泊まり】スタンダードプラン「迷ったらコレ！」,1,0,0,0,0,2,https://img.travel.rakuten.co.jp/image/tr/api/re/IdsCY/?f_no=187948&f_syu=dhito&f_hi1=2026-05-19&f_hi2=2026-05-20&f_heya_su=1&f_otona_su=1&f_s1=0&f_s2=0&f_y1=0&f_y2=0&f_y3=0&f_y4=0&f_camp_id=5757890,0,2026-05-19,14668,14668,0,2026-05-19,seibu
153418,ホテル　モンテ　エルマーナ福岡（ホテルモントレグループ）,https://img.travel.rakuten.co.jp/image/tr/api/re/pvonD/?f_no=153418,https://img.travel.rakuten.co.jp/image/tr/api/re/vFumt/?f_no=153418&f_flg=PLAN,https://img.travel.rakuten.co.jp/image/tr/api/re/WzozX/?noTomariHotel=153418,https://img.travel.rakuten.co.jp/image/tr/api/re/gJNfM/?f_hotel_no=153418,もんて　えるまーなふくおか,全室禁煙ルーム・全館Wi-Fi対応・加湿機能付空気清浄機・館内コインランドリー設置・コンビニ１分,6710,120894.23,469465.93,810-0004,福岡県,福岡市中央区渡辺通3-4-24,092-735-7111,092-735-7100,福岡市営地下鉄七隈線　博多駅より約5分　渡辺通駅下車　2番出口　徒歩2分。,立体式（先着順３３台/事前予約不可）１，５００円／泊　満車時は近隣駐車場紹介　,博多,https://img.travel.rakuten.co.jp/share/HOTEL/153418/153418.jpg,https://img.travel.rakuten.co.jp/HIMG/90/153418.jpg,https://img.travel.rakuten.co.jp/share/HOTEL/153418/153418_kan1.jpg,https://img.travel.rakuten.co.jp/HIMG/INTERIOR/153418.jpg,https://img.travel.rakuten.co.jp/share/HOTEL/153418/153418map.gif,657.0,4.11,"嵐のコンサートで宿泊しました。入り口に嵐コンサートのおもてなしの飾りがあってテンションが上がりました。ドームまで近くのバス停から乗れば乗り換えなしで行けました…　2026-05-06 21:10:21投稿 <a href=""https://img.travel.rakuten.co.jp/image/tr/api/re/gJNfM/?f_hotel_no=153418"" class=""3click"">つづきはこちら</a>",omakase,【禁煙】お部屋タイプおまかせ,4503597.0,【博多駅から地下鉄で約５分！】シンプルステイプラン＜素泊り＞,1,0,0,0,0,1,https://img.travel.rakuten.co.jp/image/tr/api/re/IdsCY/?f_no=153418&f_syu=omakase&f_hi1=2026-05-19&f_hi2=2026-05-20&f_heya_su=1&f_otona_su=1&f_s1=0&f_s2=0&f_y1=0&f_y2=0&f_y3=0&f_y4=0&f_camp_id=4503597,0,2026-05-19,18947,18947,0,2026-05-19,seibu
198706,ＴＨＥ　ＧＲＡＮＤ　ＷＩＮ,https://img.travel.rakuten.co.jp/image/tr/api/re/pvonD/?f_no=198706,https://img.travel.rakuten.co.jp/image/tr/api/re/vFumt/?f_no=198706&f_flg=PLAN,,https://img.travel.rakuten.co.jp/image/tr/api/re/gJNfM/?f_hotel_no=198706,ざ　ぐらんど　うぃん,最上階の開放感。暮らすように泊まる、長期滞在も安心のキッチン・洗濯機付。,3950,120851.82,468893.57,819-0373,福岡県,福岡市西区周船寺2-8-18,092-558-2879,092-558-2749,JR周船寺駅から徒歩約5分,あり　3台　普通車1000円　軽自動車800円／泊　要予約　※ハイシーズンは料金が変わります。,周船寺,https://img.travel.rakuten.co.jp/share/HOTEL/198706/198706.jpg,https://img.travel.rakuten.co.jp/HIMG/90/198706.jpg,,,https://img.travel.rakuten.co.jp/share/HOTEL/198706/198706map.gif,4.0,,,605,最上階605・周船寺駅より徒歩5分！スタンダードツインルーム,,,1,0,0,0,0,2,https://img.travel.rakuten.co.jp/image/tr/api/re/IdsCY/?f_no=198706&f_syu=605&f_hi1=2026-05-19&f_hi2=2026-05-20&f_heya_su=1&f_otona_su=1&f_s1=0&f_s2=0&f_y1=0&f_y2=0&f_y3=0&f_y4=0,1,2026-05-19,6000,6000,0,2026-05-19,seibu
184508,クロスライフ博多柳橋（オリックスホテルズ＆リゾーツ）,https://img.travel.rakuten.co.jp/image/tr/api/re/pvonD/?f_no=184508,https://img.travel.rakuten.co.jp/image/tr/api/re/vFumt/?f_no=184508&f_flg=PLAN,https://img.travel.rakuten.co.jp/image/tr/api/re/WzozX/?noTomariHotel=184508,https://img.travel.rakuten.co.jp/image/tr/api/re/gJNfM/?f_hotel_no=184508,くろすらいふはかたやなぎばし（おりっくすほてるず＆りぞーと）,【地下鉄七隈線「渡辺通」駅2番出口より徒歩6分】、【スマートTV】全室完備。,6300,120887.06,469476.79,810-0003,福岡県,福岡市中央区春吉1-6-5,092-733-3900,092-733-3751,・地下鉄七隈線「渡辺通」駅2番出口より徒歩6分,有り　15台　1700円（税込み／泊）　要予約,中洲川端,https://img.travel.rakuten.co.jp/share/HOTEL/184508/184508.jpg,https://img.travel.rakuten.co.jp/HIMG/90/184508.jpg,,,https://img.travel.rakuten.co.jp/share/HOTEL/184508/184508map.gif,75.0,4.53,"小…　2026-05-13 21:26:00投稿 <a href=""https://img.travel.rakuten.co.jp/image/tr/api/re/gJNfM/?f_hotel_no=184508"" class=""3click"">つづきはこちら</a>",03,コンフォートツイン,5944186.0,【返金不可】素泊まり ドリンクチケット付き,1,0,0,0,0,2,https://img.travel.rakuten.co.jp/image/tr/api/re/IdsCY/?f_no=184508&f_syu=03&f_hi1=2026-05-19&f_hi2=2026-05-20&f_heya_su=1&f_otona_su=1&f_s1=0&f_s2=0&f_y1=0&f_y2=0&f_y3=0&f_y4=0&f_camp_id=5944186,0,2026-05-19,18700,18700,0,2026-05-19,seibu
166945,ランドーホテル福岡,https://img.travel.rakuten.co.jp/image/tr/api/re/pvonD/?f_no=166945,https://img.travel.rakuten.co.jp/image/tr/api/re/vFumt/?f_no=166945&f_flg=PLAN,https://img.travel.rakuten.co.jp/image/tr/api/re/WzozX/?noTomariHotel=166945,https://img.travel.rakuten.co.jp/image/tr/api/re/gJNfM/?f_hotel_no=166945,らんどーほてる　ふくおか,多彩なカラースキームとこだわりの家具を全室に施したデザイナーズホテル　全室にバルコニーを完備,4000,120883.36,469481.95,810-0005,福岡県,福岡市中央区清川1-2-3,0925265231,03-5615-2997,博多駅から10分毎にバスが出発しております。5分ほどバスに揺られ「柳橋」で下車後徒歩2分ほどでご到着です。,駐車場のご用意はございません。近隣のパーキングをご利用くださいませ。,,https://img.travel.rakuten.co.jp/share/HOTEL/166945/166945.jpg,https://img.travel.rakuten.co.jp/HIMG/90/166945.jpg,,,https://img.travel.rakuten.co.jp/share/HOTEL/166945/166945map.gif,58.0,4.75,,fb01,スーペリアジャパニーズツイン/22平米,4927495.0,【全室バルコニー完備】【返金不可】　生活家電とキッチン完備の客室で自炊を満喫♪,1,0,0,0,0,2,https://img.travel.rakuten.co.jp/image/tr/api/re/IdsCY/?f_no=166945&f_syu=fb01&f_hi1=2026-05-19&f_hi2=2026-05-20&f_heya_su=1&f_otona_su=1&f_s1=0&f_s2=0&f_y1=0&f_y2=0&f_y3=0&f_y4=0&f_camp_id=4927495,0,2026-05-19,15000,15000,0,2026-05-19,seibu
198823,Ｆａｍ　Ｈｏｔｅｌ　Ｉｍａｉｚｕｍｉ,https://img.travel.rakuten.co.jp/image/tr/api/re/pvonD/?f_no=198823,https://img.travel.rakuten.co.jp/image/tr/api/re/vFumt/?f_no=198823&f_flg=PLAN,,https://img.travel.rakuten.co.jp/image/tr/api/re/gJNfM/?f_hotel_no=198823,ふぁむ　ほてる　いまいずみ,新築2階建てホテルが誕生！,2380,120894.23,469442.16,810-0021,福岡県,福岡市中央区今泉1-18-19,092-409-4892,092-401-1057,西鉄天神駅から徒歩8分,なし,天神,https://img.travel.rakuten.co.jp/share/HOTEL/198823/198823.jpg,https://img.travel.rakuten.co.jp/HIMG/90/198823.jpg,,,https://img.travel.rakuten.co.jp/share/HOTEL/198823/198823map.gif,4.0,,,chito,トリプルルームC,6432937.0,【素泊まり】スタンダードプラン「迷ったらコレ！」,1,0,0,0,0,2,https://img.travel.rakuten.co.jp/image/tr/api/re/IdsCY/?f_no=198823&f_syu=chito&f_hi1=2026-05-19&f_hi2=2026-05-20&f_heya_su=1&f_otona_su=1&f_s1=0&f_s2=0&f_y1=0&f_y2=0&f_y3=0&f_y4=0&f_camp_id=6432937,0,2026-05-19,21468,21468,0,2026-05-19,seibu
177912,ＰＬＵＳ　ＯＮＥ　ＮＩＳＨＩＫＯＥＮ,https://img.travel.rakuten.co.jp/image/tr/api/re/pvonD/?f_no=177912,https://img.travel.rakuten.co.jp/image/tr/api/re/vFumt/?f_no=177912&f_flg=PLAN,https://img.travel.rakuten.co.jp/image/tr/api/re/WzozX/?noTomariHotel=177912,https://img.travel.rakuten.co.jp/image/tr/api/re/gJNfM/?f_hotel_no=177912,ぷらすわんにしこうえん,福岡ドーム・マークイズ福岡・大濠公園徒歩圏内のナチュラルクリーニングの宿　【個室】,2813,120932.94,469345.71,810-0063,福岡県,福岡市中央区唐人町3-6-30,070-4327-9529,092-801-5050,福岡市空港線　唐人町駅より徒歩にて約１０分,無し。周辺にコインパーキングがございます。,唐人町,https://img.travel.rakuten.co.jp/share/HOTEL/177912/177912.jpg,https://img.travel.rakuten.co.jp/HIMG/90/177912.jpg,,,https://img.travel.rakuten.co.jp/share/HOTEL/177912/177912map.gif,29.0,3.78,,triple,トリプルルーム　自炊可能な宿【個室】,5924990.0,トリプルルーム　自炊可能な宿【個室】,1,0,0,0,0,2,https://img.travel.rakuten.co.jp/image/tr/api/re/IdsCY/?f_no=177912&f_syu=triple&f_hi1=2026-05-19&f_hi2=2026-05-20&f_heya_su=1&f_otona_su=1&f_s1=0&f_s2=0&f_y1=0&f_y2=0&f_y3=0&f_y4=0&f_camp_id=5924990,0,2026-05-19,6074,6074,0,2026-05-19,seibu
168677,ＴＲＩＰ　ＰＯＤ　ＴＯＪＩＮーＭＡＣＨＩ　Ａ（トリップポッド唐人町　Ａ）,https://img.travel.rakuten.co.jp/image/tr/api/re/pvonD/?f_no=168677,https://img.travel.rakuten.co.jp/image/tr/api/re/vFumt/?f_no=168677&f_flg=PLAN,https://img.travel.rakuten.co.jp/image/tr/api/re/WzozX/?noTomariHotel=168677,https://img.travel.rakuten.co.jp/image/tr/api/re/gJNfM/?f_hotel_no=168677,とりっぷ　ぽっど　とうじんまち　えー,当ホテルは無人運営のため施設にスタッフはおりません。専用のタブレット端末からオンラインレセプションをご利用いただけます。,2160,120917.81,469342.9,810-0063,福岡県,福岡市中央区唐人町1-9-19,03-4531-9681,00-0000-0000,唐人町駅まで徒歩にて約３分,無し,唐人町,https://img.travel.rakuten.co.jp/share/HOTEL/168677/168677.jpg,https://img.travel.rakuten.co.jp/HIMG/90/168677.jpg,,,https://img.travel.rakuten.co.jp/share/HOTEL/168677/168677map.gif,41.0,3.53,"クチコミの詳細はこちらから　h…　2026-04-21 17:04:33投稿 <a href=""https://img.travel.rakuten.co.jp/image/tr/api/re/gJNfM/?f_hotel_no=168677"" class=""3click"">つづきはこちら</a>",standard,4名宿泊可！スタンダード☆キッチン／ロフト付（連泊清掃なし,5378343.0,【10％OFF口コミプラン】非対面チェックインで密回避！,1,0,0,0,0,2,https://img.travel.rakuten.co.jp/image/tr/api/re/IdsCY/?f_no=168677&f_syu=standard&f_hi1=2026-05-19&f_hi2=2026-05-20&f_heya_su=1&f_otona_su=1&f_s1=0&f_s2=0&f_y1=0&f_y2=0&f_y3=0&f_y4=0&f_camp_id=5378343,0,2026-05-19,8300,8300,0,2026-05-19,seibu
172126,グランドベース博多春吉,https://img.travel.rakuten.co.jp/image/tr/api/re/pvonD/?f_no=172126,https://img.travel.rakuten.co.jp/image/tr/api/re/vFumt/?f_no=172126&f_flg=PLAN,https://img.travel.rakuten.co.jp/image/tr/api/re/WzozX/?noTomariHotel=172126,https://img.travel.rakuten.co.jp/image/tr/api/re/gJNfM/?f_hotel_no=172126,ぐらんどべーすはかたはるよし,【無人フロントホテル】＜広い客室・キーレス＞キャナルシティ6分、那珂川をこえたらすぐ！,3108,120898.23,469480.7,810-0003,福岡県,福岡市中央区春吉2-2-38,092-409-4892,,天神南駅より徒歩にて約10分,専用駐車場・提携駐車場はございません。 公式サイトから、近隣のコインパーキングをご確認下さい。,,https://img.travel.rakuten.co.jp/share/HOTEL/172126/172126.jpg,https://img.travel.rakuten.co.jp/HIMG/90/172126.jpg,https://img.travel.rakuten.co.jp/share/HOTEL/172126/172126_kan1.jpg,https://img.travel.rakuten.co.jp/HIMG/INTERIOR/172126.jpg,https://img.travel.rakuten.co.jp/share/HOTEL/172126/172126map.gif,25.0,4.14,,ahito,ベーシックA,4708065.0,【素泊まり】スタンダードプラン「迷ったらコレ！」,1,0,0,0,0,2,https://img.travel.rakuten.co.jp/image/tr/api/re/IdsCY/?f_no=172126&f_syu=ahito&f_hi1=2026-05-19&f_hi2=2026-05-20&f_heya_su=1&f_otona_su=1&f_s1=0&f_s2=0&f_y1=0&f_y2=0&f_y3=0&f_y4=0&f_camp_id=4708065,0,2026-05-19,17334,17334,0,2026-05-19,seibu
182484,ホテルオリエンタルエクスプレス福岡天神,https://img.travel.rakuten.co.jp/image/tr/api/re/pvonD/?f_no=182484,https://img.travel.rakuten.co.jp/image/tr/api/re/vFumt/?f_no=182484&f_flg=PLAN,https://img.travel.rakuten.co.jp/image/tr/api/re/WzozX/?noTomariHotel=182484,https://img.travel.rakuten.co.jp/image/tr/api/re/gJNfM/?f_hotel_no=182484,ほてるおりえんたるえくすぷれすふくおかてんじん,地下鉄空港線「天神駅」西1番出口より徒歩1分。★ビジネス・観光・paypayドーム・お買い物にアクセス抜群◎,6660,120920.0,469436.92,810-0001,福岡県,福岡市中央区天神3-3-14,092-401-1905,092-401-1906,地下鉄空港線「天神駅」西1番出口より徒歩1分,契約駐車場有（安国駐車場　17：00〜翌10：00　800円 　ホテルより徒歩3分）,天神,https://img.travel.rakuten.co.jp/share/HOTEL/182484/182484.jpg,https://img.travel.rakuten.co.jp/HIMG/90/182484.jpg,,,https://img.travel.rakuten.co.jp/share/HOTEL/182484/182484map.gif,304.0,3.52,"切…　2026-02-09 13:19:06投稿 <a href=""https://img.travel.rakuten.co.jp/image/tr/api/re/gJNfM/?f_hotel_no=182484"" class=""3click"">つづきはこちら</a>",cda,■コーナーダブル／ソファ 18平米（禁煙・角部屋）,6242308.0,【期間限定★朝食プレゼント】土鍋ごはん＆多彩なおかずで至福のひとときを！（朝食ブッフェ付）,1,0,0,1,0,1,https://img.travel.rakuten.co.jp/image/tr/api/re/IdsCY/?f_no=182484&f_syu=cda&f_hi1=2026-05-19&f_hi2=2026-05-20&f_heya_su=1&f_otona_su=1&f_s1=0&f_s2=0&f_y1=0&f_y2=0&f_y3=0&f_y4=0&f_camp_id=6242308,0,2026-05-19,23610,23610,0,2026-05-19,seibu
171969,プラスワン藤崎,https://img.travel.rakuten.co.jp/image/tr/api/re/pvonD/?f_no=171969,https://img.travel.rakuten.co.jp/image/tr/api/re/vFumt/?f_no=171969&f_flg=PLAN,https://img.travel.rakuten.co.jp/image/tr/api/re/WzozX/?noTomariHotel=171969,https://img.travel.rakuten.co.jp/image/tr/api/re/gJNfM/?f_hotel_no=171969,ぷらすわんふじさき,藤崎駅徒歩５分　３人まで宿泊可能　自炊可能な宿　【個室】,3000,120871.05,469256.93,814-0013,福岡県,福岡市早良区藤崎1-20-3,070-4327-9529,092-801-5050,福岡市空港線　藤崎駅より徒歩にて約５分,無し。周辺にコインパーキングがございます。,藤崎（福岡）,https://img.travel.rakuten.co.jp/share/HOTEL/171969/171969.jpg,https://img.travel.rakuten.co.jp/HIMG/90/171969.jpg,https://img.travel.rakuten.co.jp/share/HOTEL/171969/171969_kan1.jpg,https://img.travel.rakuten.co.jp/HIMG/INTERIOR/171969.jpg,https://img.travel.rakuten.co.jp/share/HOTEL/171969/171969map.gif,63.0,3.82,"ドームのコンサートで利用しました。チェックイン時間より30分程前に荷物を置かせてもらえないかと、相談したところ、臨機応変にご対応頂きました。ありがとうござ…　2026-04-25 17:10:43投稿 <a href=""https://img.travel.rakuten.co.jp/image/tr/api/re/gJNfM/?f_hotel_no=171969"" class=""3click"">つづきはこちら</a>",0928012225,自炊可能な宿　簡易キッチン付　個室,5924980.0,自炊可能な宿　簡易キッチン付　個室,1,0,0,0,0,2,https://img.travel.rakuten.co.jp/image/tr/api/re/IdsCY/?f_no=171969&f_syu=0928012225&f_hi1=2026-05-19&f_hi2=2026-05-20&f_heya_su=1&f_otona_su=1&f_s1=0&f_s2=0&f_y1=0&f_y2=0&f_y3=0&f_y4=0&f_camp_id=5924980,0,2026-05-19,7558,7558,0,2026-05-19,seibu
169898,Ｒａｋｕｔｅｎ　ＳＴＡＹ　福岡薬院,https://img.travel.rakuten.co.jp/image/tr/api/re/pvonD/?f_no=169898,https://img.travel.rakuten.co.jp/image/tr/api/re/vFumt/?f_no=169898&f_flg=PLAN,https://img.travel.rakuten.co.jp/image/tr/api/re/WzozX/?noTomariHotel=169898,https://img.travel.rakuten.co.jp/image/tr/api/re/gJNfM/?f_hotel_no=169898,,福岡薬院エリアのRakutenSTAY！西日本唯一のお買いものパンダコンセプトルームが大人気！,2120,120864.22,469478.29,810-0012,福岡県,福岡市中央区白金2-6-4,050-1725-2914,,西鉄平尾駅から徒歩約7分／薬院駅から徒歩約12分／(バス停)高砂2丁目から徒歩約3分,無し,西鉄平尾,https://img.travel.rakuten.co.jp/share/HOTEL/169898/169898.jpg,https://img.travel.rakuten.co.jp/HIMG/90/169898.jpg,,,https://img.travel.rakuten.co.jp/share/HOTEL/169898/169898map.gif,192.0,4.05,"シャワーのみでバスタブ無…　2026-05-05 20:34:29投稿 <a href=""https://img.travel.rakuten.co.jp/image/tr/api/re/gJNfM/?f_hotel_no=169898"" class=""3click"">つづきはこちら</a>",c-1,【ファミリー8】1〜5名利用(禁煙),5785246.0,▼直前割▼最大２０％OFF！神出鬼没の大特価プラン★急なお出かけでも安心♪（キャンセル不可）,1,0,0,0,0,2,https://img.travel.rakuten.co.jp/image/tr/api/re/IdsCY/?f_no=169898&f_syu=c-1&f_hi1=2026-05-19&f_hi2=2026-05-20&f_heya_su=1&f_otona_su=1&f_s1=0&f_s2=0&f_y1=0&f_y2=0&f_y3=0&f_y4=0&f_camp_id=5785246,0,2026-05-19,11360,11360,0,2026-05-19,seibu
168669,ＨＯＴＥＬ　粋－ｓｕｉ－　ＨＡＲＵＹＯＳＨＩ,https://img.travel.rakuten.co.jp/image/tr/api/re/pvonD/?f_no=168669,https://img.travel.rakuten.co.jp/image/tr/api/re/vFumt/?f_no=168669&f_flg=PLAN,https://img.travel.rakuten.co.jp/image/tr/api/re/WzozX/?noTomariHotel=168669,https://img.travel.rakuten.co.jp/image/tr/api/re/gJNfM/?f_hotel_no=168669,ほてるすいはるよし,キャナルシティ博多まで7分、西鉄福岡（天神）駅まで10分！グループ・家族旅行におすすめのリビングスペース！,2903,120900.08,469472.76,810-0003,福岡県,福岡市中央区春吉2-10-1,092-409-4892, ,博多駅からはバスで「春吉」「渡辺通り2丁目」で下車後徒歩5分。天神からは徒歩10分、キャナルシティ博多へは徒歩7分。,専用駐車場・提携駐車場はございません。 公式サイトから、近隣のコインパーキングをご確認下さい。,,https://img.travel.rakuten.co.jp/share/HOTEL/168669/168669.jpg,https://img.travel.rakuten.co.jp/HIMG/90/168669.jpg,https://img.travel.rakuten.co.jp/share/HOTEL/168669/168669_kan1.jpg,https://img.travel.rakuten.co.jp/HIMG/INTERIOR/168669.jpg,https://img.travel.rakuten.co.jp/share/HOTEL/168669/168669map.gif,22.0,4.0,,bhito1,スーペリアB,5932492.0,【素泊まり】スタンダードプラン「迷ったらコレ！」,1,0,0,0,0,2,https://img.travel.rakuten.co.jp/image/tr/api/re/IdsCY/?f_no=168669&f_syu=bhito1&f_hi1=2026-05-19&f_hi2=2026-05-20&f_heya_su=1&f_otona_su=1&f_s1=0&f_s2=0&f_y1=0&f_y2=0&f_y3=0&f_y4=0&f_camp_id=5932492,0,2026-05-19,51335,51335,0,2026-05-19,seibu
177758,ＡＬＰＨＡＢＥＤ　ＩＮＮ　福岡大濠公園,https://img.travel.rakuten.co.jp/image/tr/api/re/pvonD/?f_no=177758,https://img.travel.rakuten.co.jp/image/tr/api/re/vFumt/?f_no=177758&f_flg=PLAN,https://img.travel.rakuten.co.jp/image/tr/api/re/WzozX/?noTomariHotel=177758,https://img.travel.rakuten.co.jp/image/tr/api/re/gJNfM/?f_hotel_no=177758,あるふぁべっど　いん　ふくおかおおほりこうえん,大濠公園駅徒歩５分。最大５名宿泊（添い寝無料）こども連れにやさしい宿☆彡家族旅行や女子旅、学生旅行に最適,4384,120922.21,469368.74,810-0062,福岡県,福岡市中央区荒戸1-8-3,0800-111-3089,092-235-0088,地下鉄　「大濠公園駅」より徒歩にて約５分,無し（近隣のコインパーキングをご利用ください）,大濠公園,https://img.travel.rakuten.co.jp/share/HOTEL/177758/177758.jpg,https://img.travel.rakuten.co.jp/HIMG/90/177758.jpg,https://img.travel.rakuten.co.jp/share/HOTEL/177758/177758_room.jpg,https://img.travel.rakuten.co.jp/HIMG/INTERIOR/177758.jpg,https://img.travel.rakuten.co.jp/share/HOTEL/177758/177758map.gif,178.0,4.44,"クチコミの詳細はこちらから　https://review.travel…　2026-05-06 21:01:39投稿 <a href=""https://img.travel.rakuten.co.jp/image/tr/api/re/gJNfM/?f_hotel_no=177758"" class=""3click"">つづきはこちら</a>",quadruple,【クアッド】キッチン付4人部屋◆子供も喜ぶロフトベッド◆,4926408.0,スタンダートプラン／素泊まり　,1,0,0,0,0,2,https://img.travel.rakuten.co.jp/image/tr/api/re/IdsCY/?f_no=177758&f_syu=quadruple&f_hi1=2026-05-19&f_hi2=2026-05-20&f_heya_su=1&f_otona_su=1&f_s1=0&f_s2=0&f_y1=0&f_y2=0&f_y3=0&f_y4=0&f_camp_id=4926408,0,2026-05-19,12650,12650,0,2026-05-19,seibu
192933,Ｈｏｓｔｅｌ　ＳＴＡＮＤ　ＢＹ　ＭＥ,https://img.travel.rakuten.co.jp/image/tr/api/re/pvonD/?f_no=192933,https://img.travel.rakuten.co.jp/image/tr/api/re/vFumt/?f_no=192933&f_flg=PLAN,,https://img.travel.rakuten.co.jp/image/tr/api/re/gJNfM/?f_hotel_no=192933,ほすてるすたんどばいみー,『泊まれる立ち飲み』をコンセプトに人と人が出会い、関わり、体験し、感動する場を創ります。,3500,120910.66,469394.48,810-0074,福岡県,福岡市中央区大手門1-3-22　坂田ビル,080-6427-7226,000-000-0000,地下鉄大濠公園駅下車 徒歩約６分 地下鉄赤坂駅下車 徒歩約７分,無し(近隣のコインパーキングにてお願いします),大濠公園,https://img.travel.rakuten.co.jp/share/HOTEL/192933/192933.jpg,https://img.travel.rakuten.co.jp/HIMG/90/192933.jpg,,,https://img.travel.rakuten.co.jp/share/HOTEL/192933/192933map.gif,10.0,3.2,,003,男女共用ドミトリー,6299504.0,素泊まりプラン,1,0,0,0,0,2,https://img.travel.rakuten.co.jp/image/tr/api/re/IdsCY/?f_no=192933&f_syu=003&f_hi1=2026-05-19&f_hi2=2026-05-20&f_heya_su=1&f_otona_su=1&f_s1=0&f_s2=0&f_y1=0&f_y2=0&f_y3=0&f_y4=0&f_camp_id=6299504,0,2026-05-19,3500,3500,0,2026-05-19,seibu
197953,２－ｔｉｍｅｓ．Ｄｏｍｉｔｏｒｙ　Ｈｏｔｅｌ,https://img.travel.rakuten.co.jp/image/tr/api/re/pvonD/?f_no=197953,https://img.travel.rakuten.co.jp/image/tr/api/re/vFumt/?f_no=197953&f_flg=PLAN,,https://img.travel.rakuten.co.jp/image/tr/api/re/gJNfM/?f_hotel_no=197953,つーたいむすどみとりーほてる,糸島 駅近 最安値　筑前前原駅から徒歩３分　漆喰調のオシャレな施設　,3200,120799.02,468726.81,819-1116,福岡県,糸島市前原中央2-4-16,070-3763-2669,--,筑前前原駅より徒歩3分,なし,筑前前原,https://img.travel.rakuten.co.jp/share/HOTEL/197953/197953.jpg,https://img.travel.rakuten.co.jp/HIMG/90/197953.jpg,,,https://img.travel.rakuten.co.jp/share/HOTEL/197953/197953map.gif,9.0,3.33,,3,男女共用ドミトリー・二段ベッド１名分（バス・トイレ共用）,,,1,0,0,0,0,2,https://img.travel.rakuten.co.jp/image/tr/api/re/IdsCY/?f_no=197953&f_syu=3&f_hi1=2026-05-19&f_hi2=2026-05-20&f_heya_su=1&f_otona_su=1&f_s1=0&f_s2=0&f_y1=0&f_y2=0&f_y3=0&f_y4=0,1,2026-05-19,3200,3200,0,2026-05-19,seibu
164818,ゲストハウスやすらぎ,https://img.travel.rakuten.co.jp/image/tr/api/re/pvonD/?f_no=164818,https://img.travel.rakuten.co.jp/image/tr/api/re/vFumt/?f_no=164818&f_flg=PLAN,,https://img.travel.rakuten.co.jp/image/tr/api/re/gJNfM/?f_hotel_no=164818,やすらぎ,～福岡市内のゲストハウス～館内全域に無料Ｗｉ－Ｆｉをご提供♪館内には共用バスルーム・ラウンジあり！,3300,120921.05,469484.93,812-0026,福岡県,福岡市博多区上川端町4-205　平田ビル3Ｆ,090-3447-9739,000-000-0000,祇園駅より徒歩にて約５分,無し,祇園（福岡）,https://img.travel.rakuten.co.jp/share/HOTEL/164818/164818.jpg,https://img.travel.rakuten.co.jp/HIMG/90/164818.jpg,https://img.travel.rakuten.co.jp/share/HOTEL/164818/164818_kan1.jpg,https://img.travel.rakuten.co.jp/HIMG/INTERIOR/164818.jpg,https://img.travel.rakuten.co.jp/share/HOTEL/164818/164818map.gif,4.0,,,wdmt,女性専用ドミトリー,,,1,0,0,0,0,1,https://img.travel.rakuten.co.jp/image/tr/api/re/IdsCY/?f_no=164818&f_syu=wdmt&f_hi1=2026-05-19&f_hi2=2026-05-20&f_heya_su=1&f_otona_su=1&f_s1=0&f_s2=0&f_y1=0&f_y2=0&f_y3=0&f_y4=0,1,2026-05-19,3300,3300,0,2026-05-19,seibu
179190,ガーデンテラス福岡ホテル＆リゾート,https://img.travel.rakuten.co.jp/image/tr/api/re/pvonD/?f_no=179190,https://img.travel.rakuten.co.jp/image/tr/api/re/vFumt/?f_no=179190&f_flg=PLAN,https://img.travel.rakuten.co.jp/image/tr/api/re/WzozX/?noTomariHotel=179190,https://img.travel.rakuten.co.jp/image/tr/api/re/gJNfM/?f_hotel_no=179190,がーでんてらすふくおかほてるあんどりぞーと,■全室ジャグジー付スイート／ワインやカクテルなどを取り揃えた宿泊者専用クラブラウンジ■～自由を愉しむ上質のホテルステイ～,12200,120928.11,469153.76,819-0001,福岡県,福岡市西区小戸2-3-55,092-881-0067,092-881-0066,姪浜駅よりお車にて約５分／福岡空港よりお車にて約３０分,有り　５０台　無料　先着順,姪浜,https://img.travel.rakuten.co.jp/share/HOTEL/179190/179190.jpg,https://img.travel.rakuten.co.jp/HIMG/90/179190.jpg,https://img.travel.rakuten.co.jp/share/HOTEL/179190/179190_kan1.jpg,https://img.travel.rakuten.co.jp/HIMG/INTERIOR/179190.jpg,https://img.travel.rakuten.co.jp/share/HOTEL/179190/179190map.gif,206.0,4.52,"絶対また行きます!…　2026-04-03 23:08:28投稿 <a href=""https://img.travel.rakuten.co.jp/image/tr/api/re/gJNfM/?f_hotel_no=179190"" class=""3click"">つづきはこちら</a>",yd04,おまかせ客室｜ジャグジー付,5561786.0,【直前割／30％OFF】＜素泊まり＞ 自由を愉しむ都会のオアシスステイ,1,0,0,0,0,1,https://img.travel.rakuten.co.jp/image/tr/api/re/IdsCY/?f_no=179190&f_syu=yd04&f_hi1=2026-05-19&f_hi2=2026-05-20&f_heya_su=1&f_otona_su=1&f_s1=0&f_s2=0&f_y1=0&f_y2=0&f_y3=0&f_y4=0&f_camp_id=5561786,0,2026-05-19,51600,51600,0,2026-05-19,seibu
197239,Ｔｈｅ　Ａｒｂｏｒ　ＨＯＴＥＬ,https://img.travel.rakuten.co.jp/image/tr/api/re/pvonD/?f_no=197239,https://img.travel.rakuten.co.jp/image/tr/api/re/vFumt/?f_no=197239&f_flg=PLAN,,https://img.travel.rakuten.co.jp/image/tr/api/re/gJNfM/?f_hotel_no=197239,ざあーばーほてる,ＰａｙＰａｙドームまで徒歩３０分、大濠公園まで徒歩１０分。アパートメントホテルがオープン！,2123,120872.43,469371.66,810-0044,福岡県,福岡市中央区六本松2-5-1,092-409-4892,,六本松駅より徒歩約２分,無し,薬院,https://img.travel.rakuten.co.jp/share/HOTEL/197239/197239.jpg,https://img.travel.rakuten.co.jp/HIMG/90/197239.jpg,,,https://img.travel.rakuten.co.jp/share/HOTEL/197239/197239map.gif,7.0,4.86,,ahito,コンフォートA,6299834.0,【素泊まり】スタンダードプラン「迷ったらコレ！」,1,0,0,0,0,2,https://img.travel.rakuten.co.jp/image/tr/api/re/IdsCY/?f_no=197239&f_syu=ahito&f_hi1=2026-05-19&f_hi2=2026-05-20&f_heya_su=1&f_otona_su=1&f_s1=0&f_s2=0&f_y1=0&f_y2=0&f_y3=0&f_y4=0&f_camp_id=6299834,0,2026-05-19,21334,21334,0,2026-05-19,seibu
179336,グランドベース春吉,https://img.travel.rakuten.co.jp/image/tr/api/re/pvonD/?f_no=179336,https://img.travel.rakuten.co.jp/image/tr/api/re/vFumt/?f_no=179336&f_flg=PLAN,https://img.travel.rakuten.co.jp/image/tr/api/re/WzozX/?noTomariHotel=179336,https://img.travel.rakuten.co.jp/image/tr/api/re/gJNfM/?f_hotel_no=179336,ぐらんどべーすはるよし,天神・キャナルシティ・屋台街へアクセス◎の好立地♪,2167,120906.3,469474.78,810-0003,福岡県,福岡市中央区春吉3-16-27,092-409-4892,,博多駅からはバス「春吉」で下車後徒歩４分、天神からはバス「渡辺通り二丁目」下車後徒歩6分,専用駐車場・提携駐車場はございません。 公式サイトから、近隣のコインパーキングをご確認下さい。,,https://img.travel.rakuten.co.jp/share/HOTEL/179336/179336.jpg,https://img.travel.rakuten.co.jp/HIMG/90/179336.jpg,,,https://img.travel.rakuten.co.jp/share/HOTEL/179336/179336map.gif,11.0,4.2,,bhito,スタンダードB,4681923.0,【素泊まり】スタンダードプラン「迷ったらコレ！」,1,0,0,0,0,2,https://img.travel.rakuten.co.jp/image/tr/api/re/IdsCY/?f_no=179336&f_syu=bhito&f_hi1=2026-05-19&f_hi2=2026-05-20&f_heya_su=1&f_otona_su=1&f_s1=0&f_s2=0&f_y1=0&f_y2=0&f_y3=0&f_y4=0&f_camp_id=4681923,0,2026-05-19,34002,34002,0,2026-05-19,seibu
194730,天空の麓／民泊,https://img.travel.rakuten.co.jp/image/tr/api/re/pvonD/?f_no=194730,https://img.travel.rakuten.co.jp/image/tr/api/re/vFumt/?f_no=194730&f_flg=PLAN,,https://img.travel.rakuten.co.jp/image/tr/api/re/gJNfM/?f_hotel_no=194730,,糸島でも屈指の希少な立地に位置する天空の麓見渡す限り大自然のパノラマが拡がり、四季折々の優し【民泊】,7656,120521.23,468324.94,819-1641,福岡県,糸島市二丈吉井804-2　天空の麓,070-4732-0719,000-000-0000,福吉駅から車で約８分,有り,福吉,https://img.travel.rakuten.co.jp/share/HOTEL/194730/194730.jpg,https://img.travel.rakuten.co.jp/HIMG/90/194730.jpg,,,https://img.travel.rakuten.co.jp/share/HOTEL/194730/194730map.gif,,,,r19535_15,天空の麓,6274261.0,天空の麓糸島!屋上展望パノラマ、露天風呂絶景サウナ、BBQ ・16名以上・駐車場6台・ペット,1,0,0,0,0,2,https://img.travel.rakuten.co.jp/image/tr/api/re/IdsCY/?f_no=194730&f_syu=r19535_15&f_hi1=2026-05-19&f_hi2=2026-05-20&f_heya_su=1&f_otona_su=1&f_s1=0&f_s2=0&f_y1=0&f_y2=0&f_y3=0&f_y4=0&f_camp_id=6274261,0,2026-05-19,22620,22620,0,2026-05-19,seibu
195668,リトリートコート西新　＾,https://img.travel.rakuten.co.jp/image/tr/api/re/pvonD/?f_no=195668,https://img.travel.rakuten.co.jp/image/tr/api/re/vFumt/?f_no=195668&f_flg=PLAN,,https://img.travel.rakuten.co.jp/image/tr/api/re/gJNfM/?f_hotel_no=195668,,韓国インテリアのスタイリッシュな部屋を貸切。プロジェクターで映画鑑賞。PayPayドームへ車で5分。,5807,120902.5,469315.28,810-0064,福岡県,福岡市中央区地行2-10-9　エリーナハイツ西新東 II　203号,080-6453-1909,00-0000-0000,西新駅より徒歩で4分,なし,西新,https://img.travel.rakuten.co.jp/share/HOTEL/195668/195668.jpg,https://img.travel.rakuten.co.jp/HIMG/90/195668.jpg,,,https://img.travel.rakuten.co.jp/share/HOTEL/195668/195668map.gif,,,,1351524_5,スタンダードルーム,6395544.0,韓国インテリアの部屋|100インチプロジェクター|西新駅7分|PayPayドーム車5分,1,0,0,0,0,2,https://img.travel.rakuten.co.jp/image/tr/api/re/IdsCY/?f_no=195668&f_syu=1351524_5&f_hi1=2026-05-19&f_hi2=2026-05-20&f_heya_su=1&f_otona_su=1&f_s1=0&f_s2=0&f_y1=0&f_y2=0&f_y3=0&f_y4=0&f_camp_id=6395544,0,2026-05-19,22075,22075,0,2026-05-19,seibu
192803,ＯＮＥ　ＦＵＫＵＯＫＡ　ＨＯＴＥＬ,https://img.travel.rakuten.co.jp/image/tr/api/re/pvonD/?f_no=192803,https://img.travel.rakuten.co.jp/image/tr/api/re/vFumt/?f_no=192803&f_flg=PLAN,,https://img.travel.rakuten.co.jp/image/tr/api/re/gJNfM/?f_hotel_no=192803,わんふくおかほてる,天神の空に、くつろぐ,38500,120915.06,469448.76,810-0001,福岡県,福岡市中央区天神1-11-1 ONE FUKUOKA BLDG 18-19F,092-752-1110,092-752-1112,福岡市営地下鉄天神駅直結 / 地下鉄赤坂駅（徒歩10分）/ 福岡空港駅11分（地下鉄空港線）,無し,天神,https://img.travel.rakuten.co.jp/share/HOTEL/192803/192803.jpg,https://img.travel.rakuten.co.jp/HIMG/90/192803.jpg,,,https://img.travel.rakuten.co.jp/share/HOTEL/192803/192803map.gif,14.0,4.71,,fso,ザワンフクオカスイート(64m2),6260803.0,【室料のみ】天神の空にくつろぐ（宿泊者専用ラウンジ/大浴場サウナ/フィットネスアクセス付）,1,0,0,0,0,1,https://img.travel.rakuten.co.jp/image/tr/api/re/IdsCY/?f_no=192803&f_syu=fso&f_hi1=2026-05-19&f_hi2=2026-05-20&f_heya_su=1&f_otona_su=1&f_s1=0&f_s2=0&f_y1=0&f_y2=0&f_y3=0&f_y4=0&f_camp_id=6260803,0,2026-05-19,224000,224000,0,2026-05-19,seibu
191273,ｆａｒｍ　ｓｔａｙ　Ｊａｍｍｉｎ　＾,https://img.travel.rakuten.co.jp/image/tr/api/re/pvonD/?f_no=191273,https://img.travel.rakuten.co.jp/image/tr/api/re/vFumt/?f_no=191273&f_flg=PLAN,,https://img.travel.rakuten.co.jp/image/tr/api/re/gJNfM/?f_hotel_no=191273,,当施設は納屋の２階を改装したキャンプ場のコテージのよう宿泊施設です。,2784,120579.17,468387.73,819-1631,福岡県,糸島市二丈福井1978-3　ｆａｒｍ　ｓｔａｙ　Ｊａｍｍｉｎ,090-1344-8250,000-000-0000,大入駅から徒歩で約５分,有り,大入,https://img.travel.rakuten.co.jp/share/HOTEL/191273/191273.jpg,https://img.travel.rakuten.co.jp/HIMG/90/191273.jpg,,,https://img.travel.rakuten.co.jp/share/HOTEL/191273/191273map.gif,1.0,,,1104417_5,ロッジ/ログハウス/コテージ,6141366.0,秘密基地のようなユニークな宿泊施設です,1,0,0,0,0,2,https://img.travel.rakuten.co.jp/image/tr/api/re/IdsCY/?f_no=191273&f_syu=1104417_5&f_hi1=2026-05-19&f_hi2=2026-05-20&f_heya_su=1&f_otona_su=1&f_s1=0&f_s2=0&f_y1=0&f_y2=0&f_y3=0&f_y4=0&f_camp_id=6141366,0,2026-05-19,16240,16240,0,2026-05-19,seibu
177718,Ｒａｋｕｔｅｎ　ＳＴＡＹ　ＨＯＵＳＥ　ｘ　ＷＩＬＬ　ＳＴＹＬＥ　糸島,https://img.travel.rakuten.co.jp/image/tr/api/re/pvonD/?f_no=177718,https://img.travel.rakuten.co.jp/image/tr/api/re/vFumt/?f_no=177718&f_flg=PLAN,https://img.travel.rakuten.co.jp/image/tr/api/re/WzozX/?noTomariHotel=177718,https://img.travel.rakuten.co.jp/image/tr/api/re/gJNfM/?f_hotel_no=177718,らくてん　すてい　はうす　うぃるすたいる　いとしま,牡蠣小屋まで徒歩1分♪キッチン完備で広々した海沿いの一軒家を貸切！グループにおすすめ,3570,120762.86,468590.85,819-1124,福岡県,糸島市加布里5-13-1（旧住所：加布里1087-1）,050-1754-3992,03-6268-0248,加布里駅よりお車にて約７分／福岡市内よりお車にて約40分,有り　１棟１台　,加布里,https://img.travel.rakuten.co.jp/share/HOTEL/177718/177718.jpg,https://img.travel.rakuten.co.jp/HIMG/90/177718.jpg,,,https://img.travel.rakuten.co.jp/share/HOTEL/177718/177718map.gif,78.0,3.89,,107,【Wi-Fi無料】キッチン＆洗濯機付一棟貸し切り(107),5424591.0,【フレキシブル】海沿いの一軒家まるまる貸し切り！観光に釣りに♪グループ旅行に人気◎Wi-Fi無料,1,0,0,0,0,2,https://img.travel.rakuten.co.jp/image/tr/api/re/IdsCY/?f_no=177718&f_syu=107&f_hi1=2026-05-19&f_hi2=2026-05-20&f_heya_su=1&f_otona_su=1&f_s1=0&f_s2=0&f_y1=0&f_y2=0&f_y3=0&f_y4=0&f_camp_id=5424591,0,2026-05-19,29700,29700,0,2026-05-19,seibu
185838,糸島のグランピングｎｉｊｏ　＾,https://img.travel.rakuten.co.jp/image/tr/api/re/pvonD/?f_no=185838,https://img.travel.rakuten.co.jp/image/tr/api/re/vFumt/?f_no=185838&f_flg=PLAN,,https://img.travel.rakuten.co.jp/image/tr/api/re/gJNfM/?f_hotel_no=185838,,　,18183,120564.74,468200.09,819-1642,福岡県,糸島市二丈鹿家762-31　糸島のグランピングｎｉｊｏ,050-1559-0019,000-000-0000,鹿家駅から徒歩で約６分,有り,鹿家,https://img.travel.rakuten.co.jp/share/HOTEL/185838/185838.jpg,https://img.travel.rakuten.co.jp/HIMG/90/185838.jpg,,,https://img.travel.rakuten.co.jp/share/HOTEL/185838/185838map.gif,1.0,,,471943_4,グランピング,5671701.0,独立型プライベイト空間サイト 海を眺めながら炭火BBQ 冷暖房付きテントに専用シャワールーム,1,0,0,0,0,2,https://img.travel.rakuten.co.jp/image/tr/api/re/IdsCY/?f_no=185838&f_syu=471943_4&f_hi1=2026-05-19&f_hi2=2026-05-20&f_heya_su=1&f_otona_su=1&f_s1=0&f_s2=0&f_y1=0&f_y2=0&f_y3=0&f_y4=0&f_camp_id=5671701,0,2026-05-19,38280,38280,0,2026-05-19,seibu
194510,ＣＡＳＡ　ｄｉ　ＰＡＬＭＥ　ＩＴＯＳＨＩＭＡ　（南国風グランピング施設）／民泊,https://img.travel.rakuten.co.jp/image/tr/api/re/pvonD/?f_no=194510,https://img.travel.rakuten.co.jp/image/tr/api/re/vFumt/?f_no=194510&f_flg=PLAN,,https://img.travel.rakuten.co.jp/image/tr/api/re/gJNfM/?f_hotel_no=194510,,開放感あふれる南国リゾート風の癒し空間ーペット同伴ＯＫ！　【民泊】,7424,120908.58,468441.08,819-1335,福岡県,糸島市志摩芥屋121-11　ＣＡＳＡ　ｄｉ　ＰＡＬＭＥ　　ＩＴＯＳＨＩＭＡ,090-9592-3554,000-000-0000,加布里駅から車で約１５分,有り,加布里,https://img.travel.rakuten.co.jp/share/HOTEL/194510/194510.jpg,https://img.travel.rakuten.co.jp/HIMG/90/194510.jpg,,,https://img.travel.rakuten.co.jp/share/HOTEL/194510/194510map.gif,1.0,,,r19268_6,CASA di PALME ITOSHIMA,6248752.0,ペットと同伴でBBQ、アウトドアが楽しめるグランピング施設,1,0,0,0,0,2,https://img.travel.rakuten.co.jp/image/tr/api/re/IdsCY/?f_no=194510&f_syu=r19268_6&f_hi1=2026-05-19&f_hi2=2026-05-20&f_heya_su=1&f_otona_su=1&f_s1=0&f_s2=0&f_y1=0&f_y2=0&f_y3=0&f_y4=0&f_camp_id=6248752,0,2026-05-19,32480,32480,0,2026-05-19,seibu
194737,ｋｉｍｉｘ２０３／民泊,https://img.travel.rakuten.co.jp/image/tr/api/re/pvonD/?f_no=194737,https://img.travel.rakuten.co.jp/image/tr/api/re/vFumt/?f_no=194737&f_flg=PLAN,,https://img.travel.rakuten.co.jp/image/tr/api/re/gJNfM/?f_hotel_no=194737,,福岡市でも人気のある浄水通りの静かな住宅街に佇む、アンティーク家具とこだわりの雑貨に囲まれた【民泊】,12760,120859.72,469426.73,810-0028,福岡県,福岡市中央区浄水通2-11　ＪＯＳＵＩ　ＢＡＳＥ　203,092-401-1267,000-000-0000,薬院大通駅から徒歩で約２分,無し,薬院,https://img.travel.rakuten.co.jp/share/HOTEL/194737/194737.jpg,https://img.travel.rakuten.co.jp/HIMG/90/194737.jpg,,,https://img.travel.rakuten.co.jp/share/HOTEL/194737/194737map.gif,,,,r19557_2,kimix203,6274269.0,人気の浄水通りにある隠れ家。「教会前」バス停近く。天神、博多駅にもアクセス良し。,1,0,0,0,0,2,https://img.travel.rakuten.co.jp/image/tr/api/re/IdsCY/?f_no=194737&f_syu=r19557_2&f_hi1=2026-05-19&f_hi2=2026-05-20&f_heya_su=1&f_otona_su=1&f_s1=0&f_s2=0&f_y1=0&f_y2=0&f_y3=0&f_y4=0&f_camp_id=6274269,0,2026-05-19,25520,25520,0,2026-05-19,seibu
167478,ＴＲＩＰ　ＰＯＤ　ＴＡＫＡＳＡＧＯ　Ｂ（トリップポッド高砂　Ｂ）,https://img.travel.rakuten.co.jp/image/tr/api/re/pvonD/?f_no=167478,https://img.travel.rakuten.co.jp/image/tr/api/re/vFumt/?f_no=167478&f_flg=PLAN,https://img.travel.rakuten.co.jp/image/tr/api/re/WzozX/?noTomariHotel=167478,https://img.travel.rakuten.co.jp/image/tr/api/re/gJNfM/?f_hotel_no=167478,とりっぷ　ぽっと　たかさご　びー,当ホテルは無人運営のため施設にスタッフはおりません。専用のタブレット端末からオンラインレセプションをご利用いただけます。,2160,120877.59,469471.52,810-0011,福岡県,福岡市中央区高砂1-19-5,03-4531-9681,00-0000-0000,地下鉄七隈線　薬院駅より徒歩にて約６分,無し,薬院,https://img.travel.rakuten.co.jp/share/HOTEL/167478/167478.jpg,https://img.travel.rakuten.co.jp/HIMG/90/167478.jpg,https://img.travel.rakuten.co.jp/share/HOTEL/167478/167478_kan1.jpg,https://img.travel.rakuten.co.jp/HIMG/INTERIOR/167478.jpg,https://img.travel.rakuten.co.jp/share/HOTEL/167478/167478map.gif,28.0,3.57,,standard,【禁煙】スタンダードルーム☆最大５名宿泊可（連泊清掃なし）,5378336.0,【１０％OFF口コミプラン】非対面チェックインで密回避！,1,0,0,0,0,2,https://img.travel.rakuten.co.jp/image/tr/api/re/IdsCY/?f_no=167478&f_syu=standard&f_hi1=2026-05-19&f_hi2=2026-05-20&f_heya_su=1&f_otona_su=1&f_s1=0&f_s2=0&f_y1=0&f_y2=0&f_y3=0&f_y4=0&f_camp_id=5378336,0,2026-05-19,8500,8500,0,2026-05-19,seibu
2771,ホテル　イル・パラッツォ,https://img.travel.rakuten.co.jp/image/tr/api/re/pvonD/?f_no=2771,https://img.travel.rakuten.co.jp/image/tr/api/re/vFumt/?f_no=2771&f_flg=PLAN,https://img.travel.rakuten.co.jp/image/tr/api/re/WzozX/?noTomariHotel=2771,https://img.travel.rakuten.co.jp/image/tr/api/re/gJNfM/?f_hotel_no=2771,いる　ぱらっつぉ,歴史あるデザインホテルで「Re-Design」された空間と時間をお過ごしください,14030,120911.56,469474.97,810-0003,福岡県,福岡市中央区春吉3-13-1,0570-009-915,092-235-5778,地下鉄空港線「中洲川端」駅1番出口より徒歩7分、七隈線「天神南」駅6番出口より徒歩6分。JR博多駅よりタクシーで約6分,1泊2500円（税込） ※先着順・予約不可,中洲川端,https://img.travel.rakuten.co.jp/share/HOTEL/2771/2771.jpg,https://img.travel.rakuten.co.jp/HIMG/90/2771.jpg,https://img.travel.rakuten.co.jp/share/HOTEL/2771/2771_heya2.jpg,https://img.travel.rakuten.co.jp/HIMG/INTERIOR/2771.jpg,https://img.travel.rakuten.co.jp/share/HOTEL/2771/2771map.gif,1762.0,4.65,"クチコミの詳細はこちらから　https://r…　2026-03-27 10:18:36投稿 <a href=""https://img.travel.rakuten.co.jp/image/tr/api/re/gJNfM/?f_hotel_no=2771"" class=""3click"">つづきはこちら</a>",dk,デラックスキング,5726431.0,【朝食＆ラウンジアクセス付き】Re-Design空間で過ごす特別な時間,1,0,0,1,0,1,https://img.travel.rakuten.co.jp/image/tr/api/re/IdsCY/?f_no=2771&f_syu=dk&f_hi1=2026-05-19&f_hi2=2026-05-20&f_heya_su=1&f_otona_su=1&f_s1=0&f_s2=0&f_y1=0&f_y2=0&f_y3=0&f_y4=0&f_camp_id=5726431,0,2026-05-19,35200,35200,0,2026-05-19,seibu
197206,ＴＨＥ　ＭＡＲＩＮＡ　ＢＡＹ,https://img.travel.rakuten.co.jp/image/tr/api/re/pvonD/?f_no=197206,https://img.travel.rakuten.co.jp/image/tr/api/re/vFumt/?f_no=197206&f_flg=PLAN,,https://img.travel.rakuten.co.jp/image/tr/api/re/gJNfM/?f_hotel_no=197206,ザマリーナベイ,学研都市にて新規オープン、大型ＴＶにプロジェクター設置部屋もありゆっくり過ごせます,3950,120851.62,468892.73,812-0373,福岡県,福岡市西区周船寺2-8-17,092-558-2879,092-558-2749,ＪＲ　周船寺駅から徒歩約５分,有り　３台　普通車1000円　軽自動車800円／泊　要予約　※ハイシーズンは料金が変わります,周船寺,https://img.travel.rakuten.co.jp/share/HOTEL/197206/197206.jpg,https://img.travel.rakuten.co.jp/HIMG/90/197206.jpg,,,https://img.travel.rakuten.co.jp/share/HOTEL/197206/197206map.gif,6.0,4.67,,602,最上階602・周船寺駅徒歩5分！エコノミー セミダブルルーム,,,1,0,0,0,0,2,https://img.travel.rakuten.co.jp/image/tr/api/re/IdsCY/?f_no=197206&f_syu=602&f_hi1=2026-05-19&f_hi2=2026-05-20&f_heya_su=1&f_otona_su=1&f_s1=0&f_s2=0&f_y1=0&f_y2=0&f_y3=0&f_y4=0,1,2026-05-19,6000,6000,0,2026-05-19,seibu
191620,９ＨＯＴＥＬ　Ｔｅｎｊｉｎ,https://img.travel.rakuten.co.jp/image/tr/api/re/pvonD/?f_no=191620,https://img.travel.rakuten.co.jp/image/tr/api/re/vFumt/?f_no=191620&f_flg=PLAN,,https://img.travel.rakuten.co.jp/image/tr/api/re/gJNfM/?f_hotel_no=191620,ないんほてる　てんじん,２０２４年春グランドオープン！サウナでととのうホテル！専用サウナ付き客室もあります。,7200,120900.28,469480.19,810-0003,福岡県,福岡市中央区春吉2-2-32,092-406-5151,092-263-5020,地下鉄七隈線天神南駅 徒歩約１０分、櫛田神社前駅徒歩約10分,無し,薬院,https://img.travel.rakuten.co.jp/share/HOTEL/191620/191620.jpg,https://img.travel.rakuten.co.jp/HIMG/90/191620.jpg,,,https://img.travel.rakuten.co.jp/share/HOTEL/191620/191620map.gif,7.0,4.8,,005,デラックスツイン(専用サウナ付き),5919525.0,【スタンダードプラン】2024年5月24日グランドオープン！軽朝食付き♪,1,0,0,0,0,1,https://img.travel.rakuten.co.jp/image/tr/api/re/IdsCY/?f_no=191620&f_syu=005&f_hi1=2026-05-19&f_hi2=2026-05-20&f_heya_su=1&f_otona_su=1&f_s1=0&f_s2=0&f_y1=0&f_y2=0&f_y3=0&f_y4=0&f_camp_id=5919525,0,2026-05-19,31200,31200,0,2026-05-19,seibu
180378,グランドベース薬院大通り,https://img.travel.rakuten.co.jp/image/tr/api/re/pvonD/?f_no=180378,https://img.travel.rakuten.co.jp/image/tr/api/re/vFumt/?f_no=180378&f_flg=PLAN,https://img.travel.rakuten.co.jp/image/tr/api/re/WzozX/?noTomariHotel=180378,https://img.travel.rakuten.co.jp/image/tr/api/re/gJNfM/?f_hotel_no=180378,ぐらんどべーすやくいんおおどおり,＜広い客室・キーレス＞飲食店も充実な薬院駅近のエリア。ビジネスにも便利！,2800,120882.2,469440.08,810-0022,福岡県,福岡市中央区薬院1-10-19,050-1794-3734,092-292-3314,天神からは地下鉄に「薬院大通り」まで乗車し徒歩1分、博多駅からはバスで12分,無し。近隣の有料コインパーキングをご利用ください。,薬院,https://img.travel.rakuten.co.jp/share/HOTEL/180378/180378.jpg,https://img.travel.rakuten.co.jp/HIMG/90/180378.jpg,,,https://img.travel.rakuten.co.jp/share/HOTEL/180378/180378map.gif,6.0,0.0,,bhito,スタンダードB,6333186.0,【返金不可】ご予定が確定している方はこちらがオススメ!!,1,0,0,0,0,2,https://img.travel.rakuten.co.jp/image/tr/api/re/IdsCY/?f_no=180378&f_syu=bhito&f_hi1=2026-05-19&f_hi2=2026-05-20&f_heya_su=1&f_otona_su=1&f_s1=0&f_s2=0&f_y1=0&f_y2=0&f_y3=0&f_y4=0&f_camp_id=6333186,0,2026-05-19,18000,18000,0,2026-05-19,seibu
163011,Ａ　ＧＯＯＤ　ＤＡＹ　ＦＵＫＵＯＫＡ　ＲＩＶＥＲＳＩＤＥ,https://img.travel.rakuten.co.jp/image/tr/api/re/pvonD/?f_no=163011,https://img.travel.rakuten.co.jp/image/tr/api/re/vFumt/?f_no=163011&f_flg=PLAN,https://img.travel.rakuten.co.jp/image/tr/api/re/WzozX/?noTomariHotel=163011,https://img.travel.rakuten.co.jp/image/tr/api/re/gJNfM/?f_hotel_no=163011,あ　ぐっど　でい　ふくおか　りばーさいど,ゆったりとくつろげるアパートメントホテルでご機嫌な１日を！,3750,120894.89,469480.34,810-0003,福岡県,福岡市中央区春吉1-11-36　ＳＴビル,092-292-1015, ,地下鉄渡辺通駅より徒歩約7分、福岡空港よりタクシー20分、博多駅よりタクシー10分またはバス 5分,駐車場はございません。 近隣にコインパーキングがございますのでご利用ください。,,https://img.travel.rakuten.co.jp/share/HOTEL/163011/163011.jpg,https://img.travel.rakuten.co.jp/HIMG/90/163011.jpg,,,https://img.travel.rakuten.co.jp/share/HOTEL/163011/163011map.gif,92.0,3.78,,sdr501,スイートダブルルーム,6261232.0,キャンセル不可だからオトク！予定が決まった方はこちら♪,1,0,0,0,0,2,https://img.travel.rakuten.co.jp/image/tr/api/re/IdsCY/?f_no=163011&f_syu=sdr501&f_hi1=2026-05-19&f_hi2=2026-05-20&f_heya_su=1&f_otona_su=1&f_s1=0&f_s2=0&f_y1=0&f_y2=0&f_y3=0&f_y4=0&f_camp_id=6261232,0,2026-05-19,12500,12500,0,2026-05-19,seibu
181287,ＨＯＴＥＬ＆ＣＯ,https://img.travel.rakuten.co.jp/image/tr/api/re/pvonD/?f_no=181287,https://img.travel.rakuten.co.jp/image/tr/api/re/vFumt/?f_no=181287&f_flg=PLAN,https://img.travel.rakuten.co.jp/image/tr/api/re/WzozX/?noTomariHotel=181287,https://img.travel.rakuten.co.jp/image/tr/api/re/gJNfM/?f_hotel_no=181287,あんどこー,【無人フロントホテル】カフェ風のこだわりが詰まったホテル,2112,120877.34,469457.18,810-0012,福岡県,福岡市中央区白金1-17-13,092-409-4892,,JR博多駅、福岡天神駅からはバスで10分で薬院に到着。薬院駅からは徒歩3分,敷地内に有料コインパーキング有（5台）,福岡空港,https://img.travel.rakuten.co.jp/share/HOTEL/181287/181287.jpg,https://img.travel.rakuten.co.jp/HIMG/90/181287.jpg,,,https://img.travel.rakuten.co.jp/share/HOTEL/181287/181287map.gif,7.0,4.25,,ahito,スタンダードA,4979580.0,【素泊まり】スタンダードプラン「迷ったらコレ！」,1,0,0,0,0,2,https://img.travel.rakuten.co.jp/image/tr/api/re/IdsCY/?f_no=181287&f_syu=ahito&f_hi1=2026-05-19&f_hi2=2026-05-20&f_heya_su=1&f_otona_su=1&f_s1=0&f_s2=0&f_y1=0&f_y2=0&f_y3=0&f_y4=0&f_camp_id=4979580,0,2026-05-19,13200,13200,0,2026-05-19,seibu
197719,ホテルリファレンス天神コンドミニアム,https://img.travel.rakuten.co.jp/image/tr/api/re/pvonD/?f_no=197719,https://img.travel.rakuten.co.jp/image/tr/api/re/vFumt/?f_no=197719&f_flg=PLAN,,https://img.travel.rakuten.co.jp/image/tr/api/re/gJNfM/?f_hotel_no=197719,ほてるりふぁれんすてんじんこんどみにあむ,地下鉄天神駅より徒歩5分、観光もグルメもすぐそこ,6600,120924.31,469438.86,810-0001,福岡県,福岡市中央区天神3-15-25,092-402-7420,--,福岡市地下鉄空港線天神駅より地下街経由で西１出口から出て徒歩２分,なし,天神,https://img.travel.rakuten.co.jp/share/HOTEL/197719/197719.jpg,https://img.travel.rakuten.co.jp/HIMG/90/197719.jpg,,,https://img.travel.rakuten.co.jp/share/HOTEL/197719/197719map.gif,,,,ten01,【禁煙】ダブルベッド1台にソファベッド1台【1Kスタイル】,6357456.0,【アパートメントホテル】地下鉄天神駅より徒歩5分　2025年10月にリノベ実施【素泊まり】,1,0,0,0,0,2,https://img.travel.rakuten.co.jp/image/tr/api/re/IdsCY/?f_no=197719&f_syu=ten01&f_hi1=2026-05-19&f_hi2=2026-05-20&f_heya_su=1&f_otona_su=1&f_s1=0&f_s2=0&f_y1=0&f_y2=0&f_y3=0&f_y4=0&f_camp_id=6357456,0,2026-05-19,13200,13200,0,2026-05-19,seibu
192163,ネオフィールド中洲,https://img.travel.rakuten.co.jp/image/tr/api/re/pvonD/?f_no=192163,https://img.travel.rakuten.co.jp/image/tr/api/re/vFumt/?f_no=192163&f_flg=PLAN,,https://img.travel.rakuten.co.jp/image/tr/api/re/gJNfM/?f_hotel_no=192163,ねおふぃーるどなかす,【無人フロントホテル】２０２４年７月グランドオープン！キャナルシティ博多から徒歩３分の好立地！,2772,120923.59,469483.02,812-0026,福岡県,福岡市博多区上川端町5-117,092-409-4892,092-401-1057,櫛田神社前駅から徒歩約３分、中洲川端駅から徒歩５分,無し,中洲川端,https://img.travel.rakuten.co.jp/share/HOTEL/192163/192163.jpg,https://img.travel.rakuten.co.jp/HIMG/90/192163.jpg,,,https://img.travel.rakuten.co.jp/share/HOTEL/192163/192163map.gif,9.0,4.67,,fhito,スタンダードツインルーム,5986958.0,【素泊まり】スタンダードプラン「迷ったらコレ！」,1,0,0,0,0,2,https://img.travel.rakuten.co.jp/image/tr/api/re/IdsCY/?f_no=192163&f_syu=fhito&f_hi1=2026-05-19&f_hi2=2026-05-20&f_heya_su=1&f_otona_su=1&f_s1=0&f_s2=0&f_y1=0&f_y2=0&f_y3=0&f_y4=0&f_camp_id=5986958,0,2026-05-19,35000,35000,0,2026-05-19,seibu
195642,ＣＲＥＳＴ西新／民泊,https://img.travel.rakuten.co.jp/image/tr/api/re/pvonD/?f_no=195642,https://img.travel.rakuten.co.jp/image/tr/api/re/vFumt/?f_no=195642&f_flg=PLAN,,https://img.travel.rakuten.co.jp/image/tr/api/re/gJNfM/?f_hotel_no=195642,, ,5191,120886.74,469300.47,814-0002,福岡県,福岡市早良区西新4-9-16　ＣＲＥＳＴ西新,080-8500-9217,00-0000-0000,西新駅から徒歩で1分,なし,西新,https://img.travel.rakuten.co.jp/share/HOTEL/195642/195642.jpg,https://img.travel.rakuten.co.jp/HIMG/90/195642.jpg,,,https://img.travel.rakuten.co.jp/share/HOTEL/195642/195642map.gif,,,,r21107_4,402,6380733.0,402西新駅徒歩2分/福岡空港直通/最大4名収容/Wi-Fi完備,1,0,0,0,0,2,https://img.travel.rakuten.co.jp/image/tr/api/re/IdsCY/?f_no=195642&f_syu=r21107_4&f_hi1=2026-05-19&f_hi2=2026-05-20&f_heya_su=1&f_otona_su=1&f_s1=0&f_s2=0&f_y1=0&f_y2=0&f_y3=0&f_y4=0&f_camp_id=6380733,0,2026-05-19,30241,30241,0,2026-05-19,seibu
198824,Ｈｏｔｅｌ　ＦＵＫ＋Ｏ,https://img.travel.rakuten.co.jp/image/tr/api/re/pvonD/?f_no=198824,https://img.travel.rakuten.co.jp/image/tr/api/re/vFumt/?f_no=198824&f_flg=PLAN,,https://img.travel.rakuten.co.jp/image/tr/api/re/gJNfM/?f_hotel_no=198824,ほてるふくお,最大10名でお泊りいただけるお部屋あります！,2380,120931.92,469440.85,810-0001,福岡県,福岡市中央区天神5-5-8,092-409-4892,092-401-1057,天神駅徒歩5分,なし,天神,https://img.travel.rakuten.co.jp/share/HOTEL/198824/198824.jpg,https://img.travel.rakuten.co.jp/HIMG/90/198824.jpg,,,https://img.travel.rakuten.co.jp/share/HOTEL/198824/198824map.gif,1.0,,,ahito,デラックス　ファミリールームA,6435971.0,【素泊まり】スタンダードプラン「迷ったらコレ！」,1,0,0,0,0,2,https://img.travel.rakuten.co.jp/image/tr/api/re/IdsCY/?f_no=198824&f_syu=ahito&f_hi1=2026-05-19&f_hi2=2026-05-20&f_heya_su=1&f_otona_su=1&f_s1=0&f_s2=0&f_y1=0&f_y2=0&f_y3=0&f_y4=0&f_camp_id=6435971,0,2026-05-19,40000,40000,0,2026-05-19,seibu
176616,ＨＯＴＥＬ　ＣＯＣＯＮ,https://img.travel.rakuten.co.jp/image/tr/api/re/pvonD/?f_no=176616,https://img.travel.rakuten.co.jp/image/tr/api/re/vFumt/?f_no=176616&f_flg=PLAN,https://img.travel.rakuten.co.jp/image/tr/api/re/WzozX/?noTomariHotel=176616,https://img.travel.rakuten.co.jp/image/tr/api/re/gJNfM/?f_hotel_no=176616,ここん,【無人フロントホテル】＜広い客室、キーレス＞薬院駅徒歩３分！和を感じるモダンなリビングルーム,2792,120880.95,469466.33,810-0011,福岡県,福岡市中央区高砂1-22-23,092-409-4892,,天神：天神駅から１駅の薬院駅下りて徒歩３分　博多：博多駅から約１０分の薬院駅下りて徒歩３分,専用駐車場・提携駐車場はございません。 公式サイトから、近隣のコインパーキングをご確認下さい。,薬院,https://img.travel.rakuten.co.jp/share/HOTEL/176616/176616.jpg,https://img.travel.rakuten.co.jp/HIMG/90/176616.jpg,https://img.travel.rakuten.co.jp/share/HOTEL/176616/176616_kan1.jpg,https://img.travel.rakuten.co.jp/HIMG/INTERIOR/176616.jpg,https://img.travel.rakuten.co.jp/share/HOTEL/176616/176616map.gif,3.0,,,ahito,スタンダードA,4552721.0,【素泊まり】スタンダードプラン「迷ったらコレ！」,1,0,0,0,0,2,https://img.travel.rakuten.co.jp/image/tr/api/re/IdsCY/?f_no=176616&f_syu=ahito&f_hi1=2026-05-19&f_hi2=2026-05-20&f_heya_su=1&f_otona_su=1&f_s1=0&f_s2=0&f_y1=0&f_y2=0&f_y3=0&f_y4=0&f_camp_id=4552721,0,2026-05-19,26400,26400,0,2026-05-19,seibu
186753,ＶＩＤＡ博多　＾,https://img.travel.rakuten.co.jp/image/tr/api/re/pvonD/?f_no=186753,https://img.travel.rakuten.co.jp/image/tr/api/re/vFumt/?f_no=186753&f_flg=PLAN,,https://img.travel.rakuten.co.jp/image/tr/api/re/gJNfM/?f_hotel_no=186753,,■ご注意ください■予約後、チェックインに関するメールが届きます。,6873,120892.89,469530.43,812-0016,福岡県,福岡市博多区博多駅南1-15-15　ＶＩＤＡ　Ｈａｋａｔａ　301,092-441-2905,000-000-0000,博多駅から徒歩で約７分,無し,博多,https://img.travel.rakuten.co.jp/share/HOTEL/186753/186753.jpg,https://img.travel.rakuten.co.jp/HIMG/90/186753.jpg,,,https://img.travel.rakuten.co.jp/share/HOTEL/186753/186753map.gif,,,,848060_2,スタンダードルーム,5953462.0,【博多駅まで徒歩9分】ダブルベッド1台_キッチン付_VIDA博多803(22m2),1,0,0,0,0,2,https://img.travel.rakuten.co.jp/image/tr/api/re/IdsCY/?f_no=186753&f_syu=848060_2&f_hi1=2026-05-19&f_hi2=2026-05-20&f_heya_su=1&f_otona_su=1&f_s1=0&f_s2=0&f_y1=0&f_y2=0&f_y3=0&f_y4=0&f_camp_id=5953462,0,2026-05-19,13572,13572,0,2026-05-19,seibu
179866,ランドーホテル福岡アネックス,https://img.travel.rakuten.co.jp/image/tr/api/re/pvonD/?f_no=179866,https://img.travel.rakuten.co.jp/image/tr/api/re/vFumt/?f_no=179866&f_flg=PLAN,https://img.travel.rakuten.co.jp/image/tr/api/re/WzozX/?noTomariHotel=179866,https://img.travel.rakuten.co.jp/image/tr/api/re/gJNfM/?f_hotel_no=179866,らんどーほてるふくおかあねっくす,全室30平米以上の客室には家電キッチンバルコニーを完備　スマートロックとiPadを活用したチェックインでスムーズに入室,4000,120865.01,469454.62,810-0014,福岡県,福岡市中央区平尾1-11-7,092-526-5231,03-5615-2997,平尾駅,駐車場のご用意はございません。近隣のパーキングをご利用くださいませ。,西鉄平尾,https://img.travel.rakuten.co.jp/share/HOTEL/179866/179866.jpg,https://img.travel.rakuten.co.jp/HIMG/90/179866.jpg,,,https://img.travel.rakuten.co.jp/share/HOTEL/179866/179866map.gif,42.0,4.22,,toku,中層階 デラックスツインルーム -徳-,4983383.0,【全室30㎡以上】【返金不可】話題の新築アパートメントホテルでゆったりステイ★,1,0,0,0,0,2,https://img.travel.rakuten.co.jp/image/tr/api/re/IdsCY/?f_no=179866&f_syu=toku&f_hi1=2026-05-19&f_hi2=2026-05-20&f_heya_su=1&f_otona_su=1&f_s1=0&f_s2=0&f_y1=0&f_y2=0&f_y3=0&f_y4=0&f_camp_id=4983383,0,2026-05-19,13000,13000,0,2026-05-19,seibu
195670,リトリートコート薬院１　＾,https://img.travel.rakuten.co.jp/image/tr/api/re/pvonD/?f_no=195670,https://img.travel.rakuten.co.jp/image/tr/api/re/vFumt/?f_no=195670&f_flg=PLAN,,https://img.travel.rakuten.co.jp/image/tr/api/re/gJNfM/?f_hotel_no=195670,,静かな住宅街で安心滞在。防音・セキュリティに優れ、洗練されたデザインの快適空間。観光・出張に最適。,5974,120866.52,469479.71,810-0011,福岡県,福岡市中央区高砂2-16-10　セントラルステイツ,080-6453-1909,00-0000-0000,西鉄平尾駅より徒歩で4分,なし,西鉄平尾,https://img.travel.rakuten.co.jp/share/HOTEL/195670/195670.jpg,https://img.travel.rakuten.co.jp/HIMG/90/195670.jpg,,,https://img.travel.rakuten.co.jp/share/HOTEL/195670/195670map.gif,,,,1352995_4,スタンダードルーム,6395547.0,【NEW OPEN!!︎】イタリアンモダン部屋|100インチプロジェクター|徒歩9分|最大4名,1,0,0,0,0,2,https://img.travel.rakuten.co.jp/image/tr/api/re/IdsCY/?f_no=195670&f_syu=1352995_4&f_hi1=2026-05-19&f_hi2=2026-05-20&f_heya_su=1&f_otona_su=1&f_s1=0&f_s2=0&f_y1=0&f_y2=0&f_y3=0&f_y4=0&f_camp_id=6395547,0,2026-05-19,19256,19256,0,2026-05-19,seibu
194536,Ｍａｉｓｏｎ　Ｙｏｔｓｕｋｕｒｏ　＾,https://img.travel.rakuten.co.jp/image/tr/api/re/pvonD/?f_no=194536,https://img.travel.rakuten.co.jp/image/tr/api/re/vFumt/?f_no=194536&f_flg=PLAN,,https://img.travel.rakuten.co.jp/image/tr/api/re/gJNfM/?f_hotel_no=194536,,Ｍａｉｓｏｎ　Ｙｏｔｓｕｋｕｒｏ　は、活気あふれる商店街の中に佇むユニークな民泊施設です。,4246,120888.45,469479.26,810-0003,福岡県,福岡市中央区春吉1-3-12　Ｍａｉｓｏｎ　Ｙｏｔｓｕｋｕｒｏ,080-3188-3570,000-000-0000,渡辺通駅から徒歩で約４分,無し,薬院,https://img.travel.rakuten.co.jp/share/HOTEL/194536/194536.jpg,https://img.travel.rakuten.co.jp/HIMG/90/194536.jpg,,,https://img.travel.rakuten.co.jp/share/HOTEL/194536/194536map.gif,1.0,,,1236360_5,一戸建て,6248788.0,市場内に住む、非日常の体験を味わえる施設です。,1,0,0,0,0,2,https://img.travel.rakuten.co.jp/image/tr/api/re/IdsCY/?f_no=194536&f_syu=1236360_5&f_hi1=2026-05-19&f_hi2=2026-05-20&f_heya_su=1&f_otona_su=1&f_s1=0&f_s2=0&f_y1=0&f_y2=0&f_y3=0&f_y4=0&f_camp_id=6248788,0,2026-05-19,21228,21228,0,2026-05-19,seibu
194729,四季の庵／民泊,https://img.travel.rakuten.co.jp/image/tr/api/re/pvonD/?f_no=194729,https://img.travel.rakuten.co.jp/image/tr/api/re/vFumt/?f_no=194729&f_flg=PLAN,,https://img.travel.rakuten.co.jp/image/tr/api/re/gJNfM/?f_hotel_no=194729,,日本に数人しかいない職人が手掛けた古民家風木造の施設になります。【民泊】,7656,120616.85,468813.44,819-1145,福岡県,糸島市雷山1021　四季の庵,070-4732-0719,000-000-0000,美咲が丘駅から車で約１３分,有り,美咲が丘,https://img.travel.rakuten.co.jp/share/HOTEL/194729/194729.jpg,https://img.travel.rakuten.co.jp/HIMG/90/194729.jpg,,,https://img.travel.rakuten.co.jp/share/HOTEL/194729/194729map.gif,,,,r19533_15,四季の庵 糸島,6274260.0,大自然のパノラマ露天風呂!!駐車場5台以上、サウナ、専用BBQ施設ペット可,1,0,0,0,0,2,https://img.travel.rakuten.co.jp/image/tr/api/re/IdsCY/?f_no=194729&f_syu=r19533_15&f_hi1=2026-05-19&f_hi2=2026-05-20&f_heya_su=1&f_otona_su=1&f_s1=0&f_s2=0&f_y1=0&f_y2=0&f_y3=0&f_y4=0&f_camp_id=6274260,0,2026-05-19,22620,22620,0,2026-05-19,seibu
190906,ヴィレッタ平和１０１／民泊,https://img.travel.rakuten.co.jp/image/tr/api/re/pvonD/?f_no=190906,https://img.travel.rakuten.co.jp/image/tr/api/re/vFumt/?f_no=190906&f_flg=PLAN,,https://img.travel.rakuten.co.jp/image/tr/api/re/gJNfM/?f_hotel_no=190906,,福岡市中央区平和に位置する当施設は、各スペースに扉がないオープンレイアウトで、大人数でも快適【民泊】,4640,120829.22,469436.91,810-0016,福岡県,福岡市中央区平和3-8-16　ヴィレッタ平和101号室,080-1794-8140,000-000-0000,西鉄平尾駅から徒歩で約４分,無し,西鉄平尾,https://img.travel.rakuten.co.jp/share/HOTEL/190906/190906.jpg,https://img.travel.rakuten.co.jp/HIMG/90/190906.jpg,,,https://img.travel.rakuten.co.jp/share/HOTEL/190906/190906map.gif,,,,r17864_6,ヴィレッタ平和101,6108470.0,グループ旅行に最適!最大6名収容の広々空間。ヴィレッタ平和101,1,0,0,0,0,2,https://img.travel.rakuten.co.jp/image/tr/api/re/IdsCY/?f_no=190906&f_syu=r17864_6&f_hi1=2026-05-19&f_hi2=2026-05-20&f_heya_su=1&f_otona_su=1&f_s1=0&f_s2=0&f_y1=0&f_y2=0&f_y3=0&f_y4=0&f_camp_id=6108470,0,2026-05-19,23200,23200,0,2026-05-19,seibu
191146,Ｉｔｏｓｈｉｍａ　Ｒｅｓｏｒｔ　ＴＵＭＵＧＵ／民泊,https://img.travel.rakuten.co.jp/image/tr/api/re/pvonD/?f_no=191146,https://img.travel.rakuten.co.jp/image/tr/api/re/vFumt/?f_no=191146&f_flg=PLAN,,https://img.travel.rakuten.co.jp/image/tr/api/re/gJNfM/?f_hotel_no=191146,,人と時をＴｕｍｕｇｕ、海辺の憩い宿　【民泊】,4640,121130.5,468768.52,819-0202,福岡県,福岡市西区西浦1044　Ｉｔｏｓｈｉｍａ　Ｒｅｓｏｒｔ　ＴＵＭＵＧＵ,080-3188-3570,000-000-0000,九大学研都市駅から車で約２１分,有り,福岡空港,https://img.travel.rakuten.co.jp/share/HOTEL/191146/191146.jpg,https://img.travel.rakuten.co.jp/HIMG/90/191146.jpg,,,https://img.travel.rakuten.co.jp/share/HOTEL/191146/191146map.gif,4.0,,,r18230_6,#01,6119311.0,[糸島ツムグ#01] 全室露天風呂付き、新感覚の無人旅館。駐車場2台無料,1,0,0,0,0,2,https://img.travel.rakuten.co.jp/image/tr/api/re/IdsCY/?f_no=191146&f_syu=r18230_6&f_hi1=2026-05-19&f_hi2=2026-05-20&f_heya_su=1&f_otona_su=1&f_s1=0&f_s2=0&f_y1=0&f_y2=0&f_y3=0&f_y4=0&f_camp_id=6119311,0,2026-05-19,23200,23200,0,2026-05-19,seibu
194806,ヴィレッタ平和１０２／民泊,https://img.travel.rakuten.co.jp/image/tr/api/re/pvonD/?f_no=194806,https://img.travel.rakuten.co.jp/image/tr/api/re/vFumt/?f_no=194806&f_flg=PLAN,,https://img.travel.rakuten.co.jp/image/tr/api/re/gJNfM/?f_hotel_no=194806,,福岡市中央区平和に位置する当施設は、各スペースに扉がないオープンレイアウトで、広々とした空間【民泊】,5684,120829.22,469436.91,810-0016,福岡県,福岡市中央区平和3-8-16　ヴィレッタ平和102号室,080-1794-8140,000-000-0000,西鉄平尾駅から徒歩で約４分,無し,西鉄平尾,https://img.travel.rakuten.co.jp/share/HOTEL/194806/194806.jpg,https://img.travel.rakuten.co.jp/HIMG/90/194806.jpg,,,https://img.travel.rakuten.co.jp/share/HOTEL/194806/194806map.gif,,,,r17746_6,ヴィレッタ平和102号室,6290226.0,広々70m2で6名まで宿泊可能!洗濯機&洗濯乾燥機備。ヴィレッタ平和102,1,0,0,0,0,2,https://img.travel.rakuten.co.jp/image/tr/api/re/IdsCY/?f_no=194806&f_syu=r17746_6&f_hi1=2026-05-19&f_hi2=2026-05-20&f_heya_su=1&f_otona_su=1&f_s1=0&f_s2=0&f_y1=0&f_y2=0&f_y3=0&f_y4=0&f_camp_id=6290226,0,2026-05-19,23200,23200,0,2026-05-19,seibu
181074,グランドべース福岡天神,https://img.travel.rakuten.co.jp/image/tr/api/re/pvonD/?f_no=181074,https://img.travel.rakuten.co.jp/image/tr/api/re/vFumt/?f_no=181074&f_flg=PLAN,https://img.travel.rakuten.co.jp/image/tr/api/re/WzozX/?noTomariHotel=181074,https://img.travel.rakuten.co.jp/image/tr/api/re/gJNfM/?f_hotel_no=181074,ぐらんどべーすふくおかてんじん,【無人フロントホテル】天神・博多へアクセス◎最大4名泊まれるスマートホテル！キッチン＆洗濯機付で長期滞在にもおすすめ★,3290,120896.18,469462.91,810-0004,福岡県,福岡市中央区渡辺通3-6-2,092-409-4892,,「天神南駅」1番出口から徒歩7分、「渡辺通駅」2番出口から徒歩5分、博多駅からはバスで「渡辺通2丁目」で下車後徒歩2分,敷地内に有料コインパーキング有（軽自動車専用 6台）,福岡空港,https://img.travel.rakuten.co.jp/share/HOTEL/181074/181074.jpg,https://img.travel.rakuten.co.jp/HIMG/90/181074.jpg,,,https://img.travel.rakuten.co.jp/share/HOTEL/181074/181074map.gif,9.0,3.0,,bhito,スーペリアB,4895641.0,【素泊まり】スタンダードプラン「迷ったらコレ！」,1,0,0,0,0,2,https://img.travel.rakuten.co.jp/image/tr/api/re/IdsCY/?f_no=181074&f_syu=bhito&f_hi1=2026-05-19&f_hi2=2026-05-20&f_heya_su=1&f_otona_su=1&f_s1=0&f_s2=0&f_y1=0&f_y2=0&f_y3=0&f_y4=0&f_camp_id=4895641,0,2026-05-19,24000,24000,0,2026-05-19,seibu
200127,Ｍａｉｓｏｎ　ｄ’ｈｏｔｅ　Ｍａｎａ　＾,https://img.travel.rakuten.co.jp/image/tr/api/re/pvonD/?f_no=200127,https://img.travel.rakuten.co.jp/image/tr/api/re/vFumt/?f_no=200127&f_flg=PLAN,,https://img.travel.rakuten.co.jp/image/tr/api/re/gJNfM/?f_hotel_no=200127,, ,5156,120877.98,469485.55,810-0005,福岡県,福岡市中央区清川2-6-15　２Ｆ、３Ｆ,080-3188-3570,00-0000-0000,渡辺通駅から徒歩で5分,なし,薬院,https://img.travel.rakuten.co.jp/share/HOTEL/200127/200127.jpg,https://img.travel.rakuten.co.jp/HIMG/90/200127.jpg,,,https://img.travel.rakuten.co.jp/share/HOTEL/200127/200127map.gif,,,,1520122_5,スタンダードルーム,6460032.0,【最大6名】和モダンワンルーム|福岡・清川,1,0,0,0,0,2,https://img.travel.rakuten.co.jp/image/tr/api/re/IdsCY/?f_no=200127&f_syu=1520122_5&f_hi1=2026-05-19&f_hi2=2026-05-20&f_heya_su=1&f_otona_su=1&f_s1=0&f_s2=0&f_y1=0&f_y2=0&f_y3=0&f_y4=0&f_camp_id=6460032,0,2026-05-19,26796,26796,0,2026-05-19,seibu
196775,ＨＩＴＯ,https://img.travel.rakuten.co.jp/image/tr/api/re/pvonD/?f_no=196775,https://img.travel.rakuten.co.jp/image/tr/api/re/vFumt/?f_no=196775&f_flg=PLAN,,https://img.travel.rakuten.co.jp/image/tr/api/re/gJNfM/?f_hotel_no=196775,ひと,地下鉄空港線藤崎駅より徒歩４分、１棟貸切最大１２名様まで宿泊可能,6100,120873.58,469262.63,814-0013,福岡県,福岡市早良区藤崎1-4-5,092-980-4595,092-980-4729,藤崎駅より徒歩約４分,有り１台　無料　予約不要,藤崎（福岡）,https://img.travel.rakuten.co.jp/share/HOTEL/196775/196775.jpg,https://img.travel.rakuten.co.jp/HIMG/90/196775.jpg,,,https://img.travel.rakuten.co.jp/share/HOTEL/196775/196775map.gif,1.0,,,hito,3LDKメゾネットタイプ　空港線藤崎駅４分　無料駐車場,,,1,0,0,0,0,2,https://img.travel.rakuten.co.jp/image/tr/api/re/IdsCY/?f_no=196775&f_syu=hito&f_hi1=2026-05-19&f_hi2=2026-05-20&f_heya_su=1&f_otona_su=1&f_s1=0&f_s2=0&f_y1=0&f_y2=0&f_y3=0&f_y4=0,1,2026-05-19,27500,27500,0,2026-05-19,seibu
197737,Ａｓｕｉｔｅ　Ｈａｋａｔａ　ｂｙ　ＡＳＵＭＩＲＵ,https://img.travel.rakuten.co.jp/image/tr/api/re/pvonD/?f_no=197737,https://img.travel.rakuten.co.jp/image/tr/api/re/vFumt/?f_no=197737&f_flg=PLAN,,https://img.travel.rakuten.co.jp/image/tr/api/re/gJNfM/?f_hotel_no=197737,えいすいーとはかたばいあすみる,行きたい場所がすべて近くにある、モダン＆快適なデザインホテル！天神南駅から徒歩4分！,9581,120909.0,469468.61,810-0003,福岡県,福岡市中央区春吉3-22-1,050-5482-3715,050-3588-6542,地下鉄天神南駅から徒歩で約4分、福岡空港から地下鉄で約20分,なし,天神,https://img.travel.rakuten.co.jp/share/HOTEL/197737/197737.jpg,https://img.travel.rakuten.co.jp/HIMG/90/197737.jpg,,,https://img.travel.rakuten.co.jp/share/HOTEL/197737/197737map.gif,5.0,3.8,,asm0001,ツインルーム バスタブ付,6336901.0,【返金不可／素泊まり】キャンセル不可だからオトク！予定が決まった方はこちら♪,1,0,0,0,0,2,https://img.travel.rakuten.co.jp/image/tr/api/re/IdsCY/?f_no=197737&f_syu=asm0001&f_hi1=2026-05-19&f_hi2=2026-05-20&f_heya_su=1&f_otona_su=1&f_s1=0&f_s2=0&f_y1=0&f_y2=0&f_y3=0&f_y4=0&f_camp_id=6336901,0,2026-05-19,30424,30424,0,2026-05-19,seibu
199481,ＳＡＫＡ　ＨＯＴＥＬ　＾,https://img.travel.rakuten.co.jp/image/tr/api/re/pvonD/?f_no=199481,https://img.travel.rakuten.co.jp/image/tr/api/re/vFumt/?f_no=199481&f_flg=PLAN,,https://img.travel.rakuten.co.jp/image/tr/api/re/gJNfM/?f_hotel_no=199481,,坂を少し下った静かな住宅街に佇む、お子様連れの家族旅行も大歓迎の宿。長期滞在可。博多天神アクセス◎,6380,120871.72,469404.02,810-0042,福岡県,福岡市中央区桜坂1-6-33　イスパハン２０２号室,080-1794-8140,00-0000-0000,桜坂駅から徒歩で1分,なし,大濠公園,https://img.travel.rakuten.co.jp/share/HOTEL/199481/199481.jpg,https://img.travel.rakuten.co.jp/HIMG/90/199481.jpg,,,https://img.travel.rakuten.co.jp/share/HOTEL/199481/199481map.gif,,,,1467652_6,スタンダードルーム,6417584.0,SAKA HOTEL 201,1,0,0,0,0,2,https://img.travel.rakuten.co.jp/image/tr/api/re/IdsCY/?f_no=199481&f_syu=1467652_6&f_hi1=2026-05-19&f_hi2=2026-05-20&f_heya_su=1&f_otona_su=1&f_s1=0&f_s2=0&f_y1=0&f_y2=0&f_y3=0&f_y4=0&f_camp_id=6417584,0,2026-05-19,31320,31320,0,2026-05-19,seibu
185343,グランピングハウス　ＣＨＩＬＬ　ＯＵＴ／海水浴・ＢＢＱ・ＳＵＰレンタル有【要事前予約】／民泊,https://img.travel.rakuten.co.jp/image/tr/api/re/pvonD/?f_no=185343,https://img.travel.rakuten.co.jp/image/tr/api/re/vFumt/?f_no=185343&f_flg=PLAN,,https://img.travel.rakuten.co.jp/image/tr/api/re/gJNfM/?f_hotel_no=185343,,糸島半島にあるハウス型グランピング★【民泊】,7540,121091.91,468828.96,819-0201,福岡県,福岡市西区宮浦2129-16,080-3967-7857,000-000-0000,九大学研都市駅から車で約１７分,有り,今宿,https://img.travel.rakuten.co.jp/share/HOTEL/185343/185343.jpg,https://img.travel.rakuten.co.jp/HIMG/90/185343.jpg,,,https://img.travel.rakuten.co.jp/share/HOTEL/185343/185343map.gif,3.0,,,r4898_8,チルアウト,5602364.0,グランピングハウス CHILL OUT/BBQ・ビーチ・レンタサイクル・SUPレンタル有,1,0,0,0,0,2,https://img.travel.rakuten.co.jp/image/tr/api/re/IdsCY/?f_no=185343&f_syu=r4898_8&f_hi1=2026-05-19&f_hi2=2026-05-20&f_heya_su=1&f_otona_su=1&f_s1=0&f_s2=0&f_y1=0&f_y2=0&f_y3=0&f_y4=0&f_camp_id=5602364,0,2026-05-19,32480,32480,0,2026-05-19,seibu
197412,ＢＡＮＤ　ＨＯＴＥＬ　ＨＡＫＡＴＡ,https://img.travel.rakuten.co.jp/image/tr/api/re/pvonD/?f_no=197412,https://img.travel.rakuten.co.jp/image/tr/api/re/vFumt/?f_no=197412&f_flg=PLAN,https://img.travel.rakuten.co.jp/image/tr/api/re/WzozX/?noTomariHotel=197412,https://img.travel.rakuten.co.jp/image/tr/api/re/gJNfM/?f_hotel_no=197412,ばんど　ほてる　はかた,「つながる旅、響き合う心。BAND HOTEL。」,8100,120905.82,469479.9,810-0003,福岡県,福岡市中央区春吉2-4-14,092-401-0612,092-401-0613,中洲川端・櫛田神社前・天神南・博多駅より徒歩10～18分,なし,中洲川端,https://img.travel.rakuten.co.jp/share/HOTEL/197412/197412.jpg,https://img.travel.rakuten.co.jp/HIMG/90/197412.jpg,,,https://img.travel.rakuten.co.jp/share/HOTEL/197412/197412map.gif,2.0,,,stdtwnrv,スタンダードツイン　リバービュー,6302483.0,シンプルステイ（3泊につき1回の簡易清掃あり),1,0,0,0,0,1,https://img.travel.rakuten.co.jp/image/tr/api/re/IdsCY/?f_no=197412&f_syu=stdtwnrv&f_hi1=2026-05-19&f_hi2=2026-05-20&f_heya_su=1&f_otona_su=1&f_s1=0&f_s2=0&f_y1=0&f_y2=0&f_y3=0&f_y4=0&f_camp_id=6302483,0,2026-05-19,38400,38400,0,2026-05-19,seibu
194225,Ｆｌｏｗｅｒ　Ｂａｓｅ　Ｈｉｍａｗａｒｉ　＾,https://img.travel.rakuten.co.jp/image/tr/api/re/pvonD/?f_no=194225,https://img.travel.rakuten.co.jp/image/tr/api/re/vFumt/?f_no=194225&f_flg=PLAN,,https://img.travel.rakuten.co.jp/image/tr/api/re/gJNfM/?f_hotel_no=194225,,　,8074,120932.94,469442.44,810-0001,福岡県,福岡市中央区天神5-5-19　赤い風船ビル8Ｆ,080-3958-6088,000-000-0000,天神駅から徒歩で約５分,無し,天神,https://img.travel.rakuten.co.jp/share/HOTEL/194225/194225.jpg,https://img.travel.rakuten.co.jp/HIMG/90/194225.jpg,,,https://img.travel.rakuten.co.jp/share/HOTEL/194225/194225map.gif,,,,1266817_8,スタンダードルーム,6307406.0,【OPEN SALE】 Flower Base Himawari  4A 天神,1,0,0,0,0,2,https://img.travel.rakuten.co.jp/image/tr/api/re/IdsCY/?f_no=194225&f_syu=1266817_8&f_hi1=2026-05-19&f_hi2=2026-05-20&f_heya_su=1&f_otona_su=1&f_s1=0&f_s2=0&f_y1=0&f_y2=0&f_y3=0&f_y4=0&f_camp_id=6307406,0,2026-05-19,40368,40368,0,2026-05-19,seibu
182774,ホテル　和　ＨＡＫＡＴＡ,https://img.travel.rakuten.co.jp/image/tr/api/re/pvonD/?f_no=182774,https://img.travel.rakuten.co.jp/image/tr/api/re/vFumt/?f_no=182774&f_flg=PLAN,https://img.travel.rakuten.co.jp/image/tr/api/re/WzozX/?noTomariHotel=182774,https://img.travel.rakuten.co.jp/image/tr/api/re/gJNfM/?f_hotel_no=182774,わはかた,【無人フロントホテル】博多の町を楽しめる冷泉町・店屋町エリア,2548,120935.51,469483.1,812-0025,福岡県,福岡市博多区店屋町7-3,092-409-4892,,「中洲川端駅」7番出口から徒歩5分、博多駅からバスで10分（「呉服町」下車）、キャナルシティまで徒歩10分,専用駐車場・提携駐車場はございません。 公式サイトから、近隣のコインパーキングをご確認下さい。,博多,https://img.travel.rakuten.co.jp/share/HOTEL/182774/182774.jpg,https://img.travel.rakuten.co.jp/HIMG/90/182774.jpg,,,https://img.travel.rakuten.co.jp/share/HOTEL/182774/182774map.gif,38.0,4.0,,ahito,スタンダードA,5135145.0,【素泊まり】スタンダードプラン「迷ったらコレ！」,1,0,0,0,0,2,https://img.travel.rakuten.co.jp/image/tr/api/re/IdsCY/?f_no=182774&f_syu=ahito&f_hi1=2026-05-19&f_hi2=2026-05-20&f_heya_su=1&f_otona_su=1&f_s1=0&f_s2=0&f_y1=0&f_y2=0&f_y3=0&f_y4=0&f_camp_id=5135145,0,2026-05-19,42000,42000,0,2026-05-19,seibu
194304,二丈　民宿パレット／民泊,https://img.travel.rakuten.co.jp/image/tr/api/re/pvonD/?f_no=194304,https://img.travel.rakuten.co.jp/image/tr/api/re/vFumt/?f_no=194304&f_flg=PLAN,,https://img.travel.rakuten.co.jp/image/tr/api/re/gJNfM/?f_hotel_no=194304,,　,11310,120576.88,468258.63,819-1641,福岡県,糸島市二丈吉井3311-1,090-4473-9060,000-000-0000,福吉駅から徒歩で約４分,有り,福吉,https://img.travel.rakuten.co.jp/share/HOTEL/194304/194304.jpg,https://img.travel.rakuten.co.jp/HIMG/90/194304.jpg,,,https://img.travel.rakuten.co.jp/share/HOTEL/194304/194304map.gif,,,,r19051_4,民宿パレット,6224239.0,一戸建て,1,0,0,0,0,2,https://img.travel.rakuten.co.jp/image/tr/api/re/IdsCY/?f_no=194304&f_syu=r19051_4&f_hi1=2026-05-19&f_hi2=2026-05-20&f_heya_su=1&f_otona_su=1&f_s1=0&f_s2=0&f_y1=0&f_y2=0&f_y3=0&f_y4=0&f_camp_id=6224239,0,2026-05-19,45240,45240,0,2026-05-19,seibu
199704,Ｉｔｏｓｈｉｍａ８０８　ｇｒａｎｄ　ｖｉｅｗ　ｖｉｌｌａ／水平線を独り占めできる、海の特等席／民泊,https://img.travel.rakuten.co.jp/image/tr/api/re/pvonD/?f_no=199704,https://img.travel.rakuten.co.jp/image/tr/api/re/vFumt/?f_no=199704&f_flg=PLAN,,https://img.travel.rakuten.co.jp/image/tr/api/re/gJNfM/?f_hotel_no=199704,,糸島の海辺で絶景を満喫！BBQ、星空、赤ちゃん設備も充実の戸建てです。,9499,120916.95,468393.41,819-1335,福岡県,糸島市志摩芥屋808,080-3188-3570,00-0000-0000,加布里駅から車で17分,あり,加布里,https://img.travel.rakuten.co.jp/share/HOTEL/199704/199704.jpg,https://img.travel.rakuten.co.jp/HIMG/90/199704.jpg,,,https://img.travel.rakuten.co.jp/share/HOTEL/199704/199704map.gif,,,,r21626_6,Itoshima808 grand view villa,6430732.0,Itoshima808 grand view villa/水平線を独り占めできる、海の特等席,1,0,0,0,0,2,https://img.travel.rakuten.co.jp/image/tr/api/re/IdsCY/?f_no=199704&f_syu=r21626_6&f_hi1=2026-05-19&f_hi2=2026-05-20&f_heya_su=1&f_otona_su=1&f_s1=0&f_s2=0&f_y1=0&f_y2=0&f_y3=0&f_y4=0&f_camp_id=6430732,0,2026-05-19,45751,45751,0,2026-05-19,seibu
196262,ホテル＆レジデンス春吉,https://img.travel.rakuten.co.jp/image/tr/api/re/pvonD/?f_no=196262,https://img.travel.rakuten.co.jp/image/tr/api/re/vFumt/?f_no=196262&f_flg=PLAN,,https://img.travel.rakuten.co.jp/image/tr/api/re/gJNfM/?f_hotel_no=196262,あんどれじでんすはるよし,新築アパートに泊まれる！,3042,120900.61,469481.11,810-0003,福岡県,福岡市中央区春吉2-3-14,092-409-4892,092-401-1057,天神南駅より徒歩約１０分,無し,天神,https://img.travel.rakuten.co.jp/share/HOTEL/196262/196262.jpg,https://img.travel.rakuten.co.jp/HIMG/90/196262.jpg,,,https://img.travel.rakuten.co.jp/share/HOTEL/196262/196262map.gif,1.0,,,bhito,ファミリーB,6196117.0,【素泊まり】スタンダードプラン「迷ったらコレ！」,1,0,0,0,0,2,https://img.travel.rakuten.co.jp/image/tr/api/re/IdsCY/?f_no=196262&f_syu=bhito&f_hi1=2026-05-19&f_hi2=2026-05-20&f_heya_su=1&f_otona_su=1&f_s1=0&f_s2=0&f_y1=0&f_y2=0&f_y3=0&f_y4=0&f_camp_id=6196117,0,2026-05-19,46668,46668,0,2026-05-19,seibu
188824,ＡＬＦＡＣＩＯ　ＲＥＳＯＲＴ　ＳＴＡＹ　ＩＴＯＳＨＩＭＡ,https://img.travel.rakuten.co.jp/image/tr/api/re/pvonD/?f_no=188824,https://img.travel.rakuten.co.jp/image/tr/api/re/vFumt/?f_no=188824&f_flg=PLAN,,https://img.travel.rakuten.co.jp/image/tr/api/re/gJNfM/?f_hotel_no=188824,あるふぁしお　りぞーと　すてい　いとしま,ペットと宿泊できる全室オーシャンビューの贅沢空間,14600,120535.04,468176.66,819-1642,福岡県,糸島市二丈鹿家1792-1,092-292-2431,092-292-3314,ＪＲ　鹿家駅より徒歩約１分,有り　９台　無料　予約不要,鹿家,https://img.travel.rakuten.co.jp/share/HOTEL/188824/188824.jpg,https://img.travel.rakuten.co.jp/HIMG/90/188824.jpg,,,https://img.travel.rakuten.co.jp/share/HOTEL/188824/188824map.gif,4.0,,,superior,スーペリアオーシャンビュー,5894444.0,スタンダードプラン　全室オーシャンビュー（お食事なし）【ペット可】,1,0,0,0,0,2,https://img.travel.rakuten.co.jp/image/tr/api/re/IdsCY/?f_no=188824&f_syu=superior&f_hi1=2026-05-19&f_hi2=2026-05-20&f_heya_su=1&f_otona_su=1&f_s1=0&f_s2=0&f_y1=0&f_y2=0&f_y3=0&f_y4=0&f_camp_id=5894444,0,2026-05-19,53000,53000,0,2026-05-19,seibu
182556,ＫＵＢＩＫＡＩ（空火海）,https://img.travel.rakuten.co.jp/image/tr/api/re/pvonD/?f_no=182556,https://img.travel.rakuten.co.jp/image/tr/api/re/vFumt/?f_no=182556&f_flg=PLAN,,https://img.travel.rakuten.co.jp/image/tr/api/re/gJNfM/?f_hotel_no=182556,くうびかい,海と空に抱かれる、あなただけの“糸島リゾート” ,11400,120601.99,468298.96,819-1643,福岡県,　ゼロ館：糸島市福吉2丁目13番8号　タラソ館：糸島市福吉2丁目13番5号,092-402-9281,092-402-8077,福岡都市高速・今宿道路経由で福岡空港から約40分　ＪＲ唐津線　福吉駅徒歩約5分,有　★ゼロ館： 4台　★タラソ館：2台,福吉,https://img.travel.rakuten.co.jp/share/HOTEL/182556/182556.jpg,https://img.travel.rakuten.co.jp/HIMG/90/182556.jpg,,,https://img.travel.rakuten.co.jp/share/HOTEL/182556/182556map.gif,,,,zero,KUBIKAI ZERO（空火海 ゼロ館）,6360827.0,【素泊】海を見ながらととのう贅沢！好きな食材を持ち込めるセルフクッキングステイ（ZERO）,1,0,0,0,0,2,https://img.travel.rakuten.co.jp/image/tr/api/re/IdsCY/?f_no=182556&f_syu=zero&f_hi1=2026-05-19&f_hi2=2026-05-20&f_heya_su=1&f_otona_su=1&f_s1=0&f_s2=0&f_y1=0&f_y2=0&f_y3=0&f_y4=0&f_camp_id=6360827,0,2026-05-19,55000,55000,0,2026-05-19,seibu
196419,博多の旅籠　すノや,https://img.travel.rakuten.co.jp/image/tr/api/re/pvonD/?f_no=196419,https://img.travel.rakuten.co.jp/image/tr/api/re/vFumt/?f_no=196419&f_flg=PLAN,,https://img.travel.rakuten.co.jp/image/tr/api/re/gJNfM/?f_hotel_no=196419,はかたのはたご　すのや,博多の須崎町を楽しむスマートステイ,4590,120937.82,469459.78,812-0028,福岡県,福岡市博多区須崎町6-5,070-5697-6932,092-510-1979,中洲川端駅から徒歩で約６分,無し,中洲川端,https://img.travel.rakuten.co.jp/share/HOTEL/196419/196419.jpg,https://img.travel.rakuten.co.jp/HIMG/90/196419.jpg,,,https://img.travel.rakuten.co.jp/share/HOTEL/196419/196419map.gif,,,,fourbed3f,【フォーベッド】3階,6247379.0,【スタンダードプラン】歴史息づく博多の街でおトクな旅を,1,0,0,0,0,1,https://img.travel.rakuten.co.jp/image/tr/api/re/IdsCY/?f_no=196419&f_syu=fourbed3f&f_hi1=2026-05-19&f_hi2=2026-05-20&f_heya_su=1&f_otona_su=1&f_s1=0&f_s2=0&f_y1=0&f_y2=0&f_y3=0&f_y4=0&f_camp_id=6247379,0,2026-05-19,55350,55350,0,2026-05-19,seibu
189315,Ｆｌｏｗｅｒ　Ｂａｓｅ　ＴＳＵＢＡＫＩ　＾,https://img.travel.rakuten.co.jp/image/tr/api/re/pvonD/?f_no=189315,https://img.travel.rakuten.co.jp/image/tr/api/re/vFumt/?f_no=189315&f_flg=PLAN,,https://img.travel.rakuten.co.jp/image/tr/api/re/gJNfM/?f_hotel_no=189315,,　,11554,120906.97,469320.55,810-0064,福岡県,福岡市中央区地行2-14-7-2　Ｆｌｏｗｅｒ　Ｂａｓｅ　ＴＳＵＢＡＫＩ,080-3958-6088,000-000-0000,唐人町駅から徒歩で約３分,有り,唐人町,https://img.travel.rakuten.co.jp/share/HOTEL/189315/189315.jpg,https://img.travel.rakuten.co.jp/HIMG/90/189315.jpg,,,https://img.travel.rakuten.co.jp/share/HOTEL/189315/189315map.gif,,,,659155_9,一戸建て,5833398.0,【Open SALE !】 Flower Base 椿 新築一軒家を贅沢に貸切!,1,0,0,0,0,2,https://img.travel.rakuten.co.jp/image/tr/api/re/IdsCY/?f_no=189315&f_syu=659155_9&f_hi1=2026-05-19&f_hi2=2026-05-20&f_heya_su=1&f_otona_su=1&f_s1=0&f_s2=0&f_y1=0&f_y2=0&f_y3=0&f_y4=0&f_camp_id=5833398,0,2026-05-19,57768,57768,0,2026-05-19,seibu
194508,Ｉｔｏｓｈｉｍａ８１０Ｖｉｌｌａ＆Ｒｅｓｏｒｔ　＾,https://img.travel.rakuten.co.jp/image/tr/api/re/pvonD/?f_no=194508,https://img.travel.rakuten.co.jp/image/tr/api/re/vFumt/?f_no=194508&f_flg=PLAN,,https://img.travel.rakuten.co.jp/image/tr/api/re/gJNfM/?f_hotel_no=194508,,　,15776,120917.98,468394.64,819-1335,福岡県,糸島市志摩芥屋810　Ｉｔｏｓｈｉｍａ810Ｖｉｌｌａ＆Ｒｅｓｏｒｔ,080-3188-3570,000-000-0000,加布里駅から車で約１７分,有り,加布里,https://img.travel.rakuten.co.jp/share/HOTEL/194508/194508.jpg,https://img.travel.rakuten.co.jp/HIMG/90/194508.jpg,,,https://img.travel.rakuten.co.jp/share/HOTEL/194508/194508map.gif,,,,1224393_8,一戸建て,6248750.0,Itoshima810Villa&Resort,1,0,0,0,0,2,https://img.travel.rakuten.co.jp/image/tr/api/re/IdsCY/?f_no=194508&f_syu=1224393_8&f_hi1=2026-05-19&f_hi2=2026-05-20&f_heya_su=1&f_otona_su=1&f_s1=0&f_s2=0&f_y1=0&f_y2=0&f_y3=0&f_y4=0&f_camp_id=6248750,0,2026-05-19,78880,78880,0,2026-05-19,seibu
194946,「ＡＭＰ　ＦＬＡＴ　Ｄａｉｍｙｏ｜最大４名・福岡中心エリア」　＾,https://img.travel.rakuten.co.jp/image/tr/api/re/pvonD/?f_no=194946,https://img.travel.rakuten.co.jp/image/tr/api/re/vFumt/?f_no=194946&f_flg=PLAN,,https://img.travel.rakuten.co.jp/image/tr/api/re/gJNfM/?f_hotel_no=194946,,福岡市中央区・大名エリアに、新しいコンセプト型宿泊施設が誕生しました。,24505,120899.43,469426.07,810-0041,福岡県,福岡市中央区大名1-3-35　アーバンビラ大名　702、703,080-3188-3570,000-000-0000,赤坂駅から徒歩で約３分,無し,赤坂（福岡）,https://img.travel.rakuten.co.jp/share/HOTEL/194946/194946.jpg,https://img.travel.rakuten.co.jp/HIMG/90/194946.jpg,,,https://img.travel.rakuten.co.jp/share/HOTEL/194946/194946map.gif,,,,1255595_4,スタンダードルーム,6302814.0,最上階・ダブルベッド2台の快適ルーム,1,0,0,0,0,2,https://img.travel.rakuten.co.jp/image/tr/api/re/IdsCY/?f_no=194946&f_syu=1255595_4&f_hi1=2026-05-19&f_hi2=2026-05-20&f_heya_su=1&f_otona_su=1&f_s1=0&f_s2=0&f_y1=0&f_y2=0&f_y3=0&f_y4=0&f_camp_id=6302814,0,2026-05-19,92800,92800,0,2026-05-19,seibu
189859,【飲み会＆パーティ可】個室完備！博多・天神の中心街！利用人数は相談可　＾,https://img.travel.rakuten.co.jp/image/tr/api/re/pvonD/?f_no=189859,https://img.travel.rakuten.co.jp/image/tr/api/re/vFumt/?f_no=189859&f_flg=PLAN,,https://img.travel.rakuten.co.jp/image/tr/api/re/gJNfM/?f_hotel_no=189859,,　,14500,120890.59,469419.99,810-0023,福岡県,福岡市中央区警固2-13-21　パインヒル警固602,090-4991-0099,000-000-0000,薬院大通駅から徒歩で約３分,無し,赤坂（福岡）,https://img.travel.rakuten.co.jp/share/HOTEL/189859/189859.jpg,https://img.travel.rakuten.co.jp/HIMG/90/189859.jpg,,,https://img.travel.rakuten.co.jp/share/HOTEL/189859/189859map.gif,,,,596616_10,スタンダードルーム,5918307.0,大人数でも楽しいHOTEL♪福岡天神ステイズエルアール(Stay’s LR),1,0,0,0,0,2,https://img.travel.rakuten.co.jp/image/tr/api/re/IdsCY/?f_no=189859&f_syu=596616_10&f_hi1=2026-05-19&f_hi2=2026-05-20&f_heya_su=1&f_otona_su=1&f_s1=0&f_s2=0&f_y1=0&f_y2=0&f_y3=0&f_y4=0&f_camp_id=5918307,0,2026-05-19,99760,99760,0,2026-05-19,seibu
195216,ＳｔａｒーＳｅｖｅｎ　糸島／民泊,https://img.travel.rakuten.co.jp/image/tr/api/re/pvonD/?f_no=195216,https://img.travel.rakuten.co.jp/image/tr/api/re/vFumt/?f_no=195216&f_flg=PLAN,,https://img.travel.rakuten.co.jp/image/tr/api/re/gJNfM/?f_hotel_no=195216,,最大8名海辺ヴィラ。ゴルフ、サウナ、ペット可。ビール無料。BBQ。,14547,120909.45,468448.69,819-1335,福岡県,糸島市志摩芥屋77-28　ＳｔａｒーＳｅｖｅｎ　糸島,090-8983-0954,00-0000-0000,加布里駅より車で15分,あり,加布里,https://img.travel.rakuten.co.jp/share/HOTEL/195216/195216.jpg,https://img.travel.rakuten.co.jp/HIMG/90/195216.jpg,,,https://img.travel.rakuten.co.jp/share/HOTEL/195216/195216map.gif,,,,r20184_8,Star-Seven 糸島,6337205.0,サウナ・BBQ・シミュレーションゴルフ・生ビールサーバー・ペットとの滞在も叶う隠れ家シーサイドヴィラ,1,0,0,0,0,2,https://img.travel.rakuten.co.jp/image/tr/api/re/IdsCY/?f_no=195216&f_syu=r20184_8&f_hi1=2026-05-19&f_hi2=2026-05-20&f_heya_su=1&f_otona_su=1&f_s1=0&f_s2=0&f_y1=0&f_y2=0&f_y3=0&f_y4=0&f_camp_id=6337205,0,2026-05-19,102080,102080,0,2026-05-19,seibu
195824,糸島芥屋　優癒／民泊,https://img.travel.rakuten.co.jp/image/tr/api/re/pvonD/?f_no=195824,https://img.travel.rakuten.co.jp/image/tr/api/re/vFumt/?f_no=195824&f_flg=PLAN,,https://img.travel.rakuten.co.jp/image/tr/api/re/gJNfM/?f_hotel_no=195824,,海沿い一軒家貸切。プライベートプール・サウナ付。最大12名。,23386,120917.63,468398.06,819-1335,福岡県,糸島市志摩芥屋782-1,090-7168-8600,00-0000-0000,加布里駅から車で17分,あり,加布里,https://img.travel.rakuten.co.jp/share/HOTEL/195824/195824.jpg,https://img.travel.rakuten.co.jp/HIMG/90/195824.jpg,,,https://img.travel.rakuten.co.jp/share/HOTEL/195824/195824map.gif,,,,r21545_12,優癒,6417568.0,一棟貸切のプールとサウナ付きハウス「糸島芥屋 優癒(ゆうゆ)」へようこそ,1,0,0,0,0,2,https://img.travel.rakuten.co.jp/image/tr/api/re/IdsCY/?f_no=195824&f_syu=r21545_12&f_hi1=2026-05-19&f_hi2=2026-05-20&f_heya_su=1&f_otona_su=1&f_s1=0&f_s2=0&f_y1=0&f_y2=0&f_y3=0&f_y4=0&f_camp_id=6417568,0,2026-05-19,116928,116928,0,2026-05-19,seibu
195671,閑静な住宅街にある白い洋風アパート／民泊,https://img.travel.rakuten.co.jp/image/tr/api/re/pvonD/?f_no=195671,https://img.travel.rakuten.co.jp/image/tr/api/re/vFumt/?f_no=195671&f_flg=PLAN,,https://img.travel.rakuten.co.jp/image/tr/api/re/gJNfM/?f_hotel_no=195671,, ,386667,120898.25,469256.73,814-0006,福岡県,福岡市早良区百道3-7-17 102　新日本パレス百道I,080-8905-6750,00-0000-0000,藤崎駅より徒歩で3分,なし,藤崎（福岡）,https://img.travel.rakuten.co.jp/share/HOTEL/195671/195671.jpg,https://img.travel.rakuten.co.jp/HIMG/90/195671.jpg,,,https://img.travel.rakuten.co.jp/share/HOTEL/195671/195671map.gif,,,,r21290_3,新日本パレス百道I-202,6395548.0,百道102,1,0,0,0,0,2,https://img.travel.rakuten.co.jp/image/tr/api/re/IdsCY/?f_no=195671&f_syu=r21290_3&f_hi1=2026-05-19&f_hi2=2026-05-20&f_heya_su=1&f_otona_su=1&f_s1=0&f_s2=0&f_y1=0&f_y2=0&f_y3=0&f_y4=0&f_camp_id=6395548,0,2026-05-19,1160000,1160000,0,2026-05-19,seibu
197684,ホテルルートイン大牟田,https://img.travel.rakuten.co.jp/image/tr/api/re/pvonD/?f_no=197684,https://img.travel.rakuten.co.jp/image/tr/api/re/vFumt/?f_no=197684&f_flg=PLAN,https://img.travel.rakuten.co.jp/image/tr/api/re/WzozX/?noTomariHotel=197684,https://img.travel.rakuten.co.jp/image/tr/api/re/gJNfM/?f_hotel_no=197684,ほてるるーといんおおむた,2025年12月26日OPEN！有明沿岸道大牟田ICから車で約2分！ホテルルートイン大牟田！,6225,118906.91,469541.59,836-0037,福岡県,大牟田市岬町6-67,050-5482-7150,0944-54-1002,西鉄大牟田駅から車で約5分、有明沿岸道　大牟田ICから車で約2分,あり　227台　無料　先着順,大牟田,https://img.travel.rakuten.co.jp/share/HOTEL/197684/197684.jpg,https://img.travel.rakuten.co.jp/HIMG/90/197684.jpg,,,https://img.travel.rakuten.co.jp/share/HOTEL/197684/197684map.gif,91.0,4.58,"クチコミの詳細はこちらから　https://review.travel.ra…　2026-05-13 12:39:08投稿 <a href=""https://img.travel.rakuten.co.jp/image/tr/api/re/gJNfM/?f_hotel_no=197684"" class=""3click"">つづきはこちら</a>",nt,□禁煙□ツインルーム,6324537.0,スタンダードプラン【バイキング朝食付き】,1,0,0,1,0,1,https://img.travel.rakuten.co.jp/image/tr/api/re/IdsCY/?f_no=197684&f_syu=nt&f_hi1=2026-05-19&f_hi2=2026-05-20&f_heya_su=1&f_otona_su=1&f_s1=0&f_s2=0&f_y1=0&f_y2=0&f_y3=0&f_y4=0&f_camp_id=6324537,0,2026-05-19,13050,13050,0,2026-05-19,chikugo
19687,ホテルニューガイア　オームタガーデン,https://img.travel.rakuten.co.jp/image/tr/api/re/pvonD/?f_no=19687,https://img.travel.rakuten.co.jp/image/tr/api/re/vFumt/?f_no=19687&f_flg=PLAN,https://img.travel.rakuten.co.jp/image/tr/api/re/WzozX/?noTomariHotel=19687,https://img.travel.rakuten.co.jp/image/tr/api/re/gJNfM/?f_hotel_no=19687,おーむた　がーでん,宿泊者専用ラウンジのフリーフローサービスが充実！2025年2月1日よりスカイラウンジも全宿泊者対象に！,5150,118923.76,469629.25,836-0807,福岡県,大牟田市旭町三丁目3番地3,0944-51-1111,0944-51-0510,天神から西鉄電車特急で60分、西鉄新栄町駅下車徒歩3分/九州道南関ＩＣより車で25分,"有料　120台駐車可　ご宿泊者の方は1泊1,000円にてご利用いただけます。",新栄町（福岡）,https://img.travel.rakuten.co.jp/share/HOTEL/19687/19687.jpg,https://img.travel.rakuten.co.jp/HIMG/90/19687.jpg,https://img.travel.rakuten.co.jp/share/HOTEL/19687/19687_heya1.jpg,https://img.travel.rakuten.co.jp/HIMG/INTERIOR/19687.jpg,https://img.travel.rakuten.co.jp/share/HOTEL/19687/19687map.gif,1275.0,3.99,"クチコミの詳細はこちらから　https://review.travel.r…　2026-05-13 20:40:51投稿 <a href=""https://img.travel.rakuten.co.jp/image/tr/api/re/gJNfM/?f_hotel_no=19687"" class=""3click"">つづきはこちら</a>",pscn,【禁煙】プレミアムフロア スタンダードシングル,5584393.0,【プレミアムフロア】6大特典付き♪特典多数の快適プレミアムプラン,1,0,0,0,0,1,https://img.travel.rakuten.co.jp/image/tr/api/re/IdsCY/?f_no=19687&f_syu=pscn&f_hi1=2026-05-19&f_hi2=2026-05-20&f_heya_su=1&f_otona_su=1&f_s1=0&f_s2=0&f_y1=0&f_y2=0&f_y3=0&f_y4=0&f_camp_id=5584393,0,2026-05-19,13500,13500,0,2026-05-19,chikugo
161064,ホテルルートイン柳川駅前,https://img.travel.rakuten.co.jp/image/tr/api/re/pvonD/?f_no=161064,https://img.travel.rakuten.co.jp/image/tr/api/re/vFumt/?f_no=161064&f_flg=PLAN,https://img.travel.rakuten.co.jp/image/tr/api/re/WzozX/?noTomariHotel=161064,https://img.travel.rakuten.co.jp/image/tr/api/re/gJNfM/?f_hotel_no=161064,るーといんやながわえきまえ,ＷＯＷＯＷ全室で無料視聴可■VODルームシアター無料視聴可能(一般映画のみ・コンフォートルーム特典）■Wi-Fi利用可,6150,119383.85,469521.33,832-0822,福岡県,柳川市三橋町下百町210-10,050-5824-4101,0944-75-1552,西鉄天神大牟田線 西鉄柳川駅東口より徒歩にて約１分／九州自動車道みやま柳川ＩＣより車で約18分,有り　７９台　無料　（先着順）,西鉄柳川,https://img.travel.rakuten.co.jp/share/HOTEL/161064/161064.jpg,https://img.travel.rakuten.co.jp/HIMG/90/161064.jpg,,,https://img.travel.rakuten.co.jp/share/HOTEL/161064/161064map.gif,584.0,4.32,"ルートインホテルという観点では設備、サービスとも安定していますが、柳川にはホテルの数が少ないので今回利用しましたが、ル…　2026-05-11 09:29:31投稿 <a href=""https://img.travel.rakuten.co.jp/image/tr/api/re/gJNfM/?f_hotel_no=161064"" class=""3click"">つづきはこちら</a>",ns,□禁煙□シングルルーム,5036090.0,〜 お土産付プラン 〜【柳川名物 ゆずすこ or のりクロ付】〜柳川のお土産に如何でしょうか〜,1,0,0,1,0,1,https://img.travel.rakuten.co.jp/image/tr/api/re/IdsCY/?f_no=161064&f_syu=ns&f_hi1=2026-05-19&f_hi2=2026-05-20&f_heya_su=1&f_otona_su=1&f_s1=0&f_s2=0&f_y1=0&f_y2=0&f_y3=0&f_y4=0&f_camp_id=5036090,0,2026-05-19,9550,9550,0,2026-05-19,chikugo
10801,ホテルアベニュー筑後,https://img.travel.rakuten.co.jp/image/tr/api/re/pvonD/?f_no=10801,https://img.travel.rakuten.co.jp/image/tr/api/re/vFumt/?f_no=10801&f_flg=PLAN,https://img.travel.rakuten.co.jp/image/tr/api/re/WzozX/?noTomariHotel=10801,https://img.travel.rakuten.co.jp/image/tr/api/re/gJNfM/?f_hotel_no=10801,あべにゅー　ちくご,【2025年12月全館リニューアルオープン】羽犬塚駅より徒歩2分、ゆったりとした雰囲気と温かいサービスのホテル。,4000,119541.92,469805.22,833-0031,福岡県,筑後市山ノ井松原213-1,0942-54-2111,0942-54-2121,JR鹿児島本線羽犬塚駅より徒歩1分／博多駅より快速50分／九州新幹線筑後船小屋駅より車で4分／八女ICより車で4分！,駐車場無料(45台・先着順・事前予約不可),羽犬塚,https://img.travel.rakuten.co.jp/share/HOTEL/10801/10801.jpg,https://img.travel.rakuten.co.jp/HIMG/90/10801.jpg,https://img.travel.rakuten.co.jp/share/HOTEL/10801/10801_sig.jpg,https://img.travel.rakuten.co.jp/HIMG/INTERIOR/10801.jpg,https://img.travel.rakuten.co.jp/share/HOTEL/10801/10801map.gif,948.0,3.83,"amz…　2026-05-12 15:26:53投稿 <a href=""https://img.travel.rakuten.co.jp/image/tr/api/re/gJNfM/?f_hotel_no=10801"" class=""3click"">つづきはこちら</a>",srs1,【喫煙】スタンダードダブル（1名利用）＜無料Wi−Fi＞,6367093.0,【スタンダードプラン】ビジネス・一人旅に最適◆一泊素泊プラン《駐車場・VOD・Wi-Fi無料》,1,0,0,0,0,1,https://img.travel.rakuten.co.jp/image/tr/api/re/IdsCY/?f_no=10801&f_syu=srs1&f_hi1=2026-05-19&f_hi2=2026-05-20&f_heya_su=1&f_otona_su=1&f_s1=0&f_s2=0&f_y1=0&f_y2=0&f_y3=0&f_y4=0&f_camp_id=6367093,0,2026-05-19,6400,6400,0,2026-05-19,chikugo
153338,ホテルニューガイア　柳川,https://img.travel.rakuten.co.jp/image/tr/api/re/pvonD/?f_no=153338,https://img.travel.rakuten.co.jp/image/tr/api/re/vFumt/?f_no=153338&f_flg=PLAN,https://img.travel.rakuten.co.jp/image/tr/api/re/WzozX/?noTomariHotel=153338,https://img.travel.rakuten.co.jp/image/tr/api/re/gJNfM/?f_hotel_no=153338,にゅーがいあ　やながわ,【大好評】宿泊者専用ラウンジ！西鉄柳川駅より徒歩３分の好立地！川下りの乗船場隣接。,4250,119387.57,469511.23,832-0822,福岡県,柳川市三橋町下百町1-14,0944-75-1705,0944-75-1706,西鉄大牟田線　柳川駅より徒歩にて約３分,有り　9台　１，０００円（税込み／泊）　予約不可・先着順,西鉄柳川,https://img.travel.rakuten.co.jp/share/HOTEL/153338/153338.jpg,https://img.travel.rakuten.co.jp/HIMG/90/153338.jpg,,,https://img.travel.rakuten.co.jp/share/HOTEL/153338/153338map.gif,236.0,4.21,"駐車場が少ないので間に合わ…　2026-05-09 18:52:58投稿 <a href=""https://img.travel.rakuten.co.jp/image/tr/api/re/gJNfM/?f_hotel_no=153338"" class=""3click"">つづきはこちら</a>",rsd,【電子タバコ可】★リニューアルスタンダードダブル★11平米〜,6338310.0,【期間限定タイムセール】【素泊り】★シンプル★素泊まりプラン,1,0,0,0,0,2,https://img.travel.rakuten.co.jp/image/tr/api/re/IdsCY/?f_no=153338&f_syu=rsd&f_hi1=2026-05-19&f_hi2=2026-05-20&f_heya_su=1&f_otona_su=1&f_s1=0&f_s2=0&f_y1=0&f_y2=0&f_y3=0&f_y4=0&f_camp_id=6338310,0,2026-05-19,6375,6375,0,2026-05-19,chikugo
11227,ホテル　エルモント,https://img.travel.rakuten.co.jp/image/tr/api/re/pvonD/?f_no=11227,https://img.travel.rakuten.co.jp/image/tr/api/re/vFumt/?f_no=11227&f_flg=PLAN,https://img.travel.rakuten.co.jp/image/tr/api/re/WzozX/?noTomariHotel=11227,https://img.travel.rakuten.co.jp/image/tr/api/re/gJNfM/?f_hotel_no=11227,えるもんと,筑後市にオープン！全館“光フレッツ”高速無線Wi-Fi通信無料！全室空気清浄器付。洋朝食無料☆ゆったりセミダブルベット！,4290,119544.54,469802.25,833-0031,福岡県,筑後市山ノ井138-22,0942-53-2008,0942-53-0006,ＪＲ羽犬塚駅より徒歩１分／九州新幹線筑後船小屋駅より車で4分/九州自動車道八女Ｉ．Ｃより車で4分／福岡空港より45分,※無料駐車場 30台は到着順です（駐車予約不可）★満車の場合は近隣の有料駐車場をご案内します◆,羽犬塚,https://img.travel.rakuten.co.jp/share/HOTEL/11227/11227.jpg,https://img.travel.rakuten.co.jp/HIMG/90/11227.jpg,https://img.travel.rakuten.co.jp/share/HOTEL/11227/11227_yor.jpg,https://img.travel.rakuten.co.jp/HIMG/INTERIOR/11227.jpg,https://img.travel.rakuten.co.jp/share/HOTEL/11227/11227map.gif,664.0,3.83,"クチコミの詳細はこちらから　https://review.t…　2026-05-06 10:43:34投稿 <a href=""https://img.travel.rakuten.co.jp/image/tr/api/re/gJNfM/?f_hotel_no=11227"" class=""3click"">つづきはこちら</a>",sp,お1人様お寛ぎプラン♪セミダブルベット★（喫煙可）,2161860.0,いよいよスタート！【新幹線全線開通】ハッピープラン♪☆セミダブルベット★,1,0,0,1,0,0,https://img.travel.rakuten.co.jp/image/tr/api/re/IdsCY/?f_no=11227&f_syu=sp&f_hi1=2026-05-19&f_hi2=2026-05-20&f_heya_su=1&f_otona_su=1&f_s1=0&f_s2=0&f_y1=0&f_y2=0&f_y3=0&f_y4=0&f_camp_id=2161860,0,2026-05-19,6160,6160,1,2026-05-19,chikugo
3149,八女グリーンホテル,https://img.travel.rakuten.co.jp/image/tr/api/re/pvonD/?f_no=3149,https://img.travel.rakuten.co.jp/image/tr/api/re/vFumt/?f_no=3149&f_flg=PLAN,https://img.travel.rakuten.co.jp/image/tr/api/re/WzozX/?noTomariHotel=3149,https://img.travel.rakuten.co.jp/image/tr/api/re/gJNfM/?f_hotel_no=3149,やめ　ぐりーんほてる,駐車場無料（3ｔ～有料）●展望浴場無料（予約制度あり）●朝食無料●Ｗｉ－Fi完備,5500,119544.91,470023.46,834-0031,福岡県,八女市本町47-1,0943-22-2156,0943-24-5896,ＪＲ羽犬塚駅よりバスで１５分（福島バス停より徒歩７分）■八女インターよりお車で １０分■広川インターよりお車で １５分,無料(3ｔ以上は有料1000円) 大型バスは要予約（お断りする場合も有）,羽犬塚,https://img.travel.rakuten.co.jp/share/HOTEL/3149/3149.jpg,https://img.travel.rakuten.co.jp/HIMG/90/3149.jpg,https://img.travel.rakuten.co.jp/share/HOTEL/3149/3149_heya.jpg,https://img.travel.rakuten.co.jp/HIMG/INTERIOR/3149.jpg,https://img.travel.rakuten.co.jp/share/HOTEL/3149/3149map.gif,551.0,3.67,"朝…　2026-03-30 15:37:15投稿 <a href=""https://img.travel.rakuten.co.jp/image/tr/api/re/gJNfM/?f_hotel_no=3149"" class=""3click"">つづきはこちら</a>",11ns,【禁煙】本館｜ROOM11（角部屋）,6064320.0,【スタンダード】朝食＆駐車場無料・エリア唯一の展望風呂！シンプルステイプラン＜朝食無料＞,1,0,0,1,0,1,https://img.travel.rakuten.co.jp/image/tr/api/re/IdsCY/?f_no=3149&f_syu=11ns&f_hi1=2026-05-19&f_hi2=2026-05-20&f_heya_su=1&f_otona_su=1&f_s1=0&f_s2=0&f_y1=0&f_y2=0&f_y3=0&f_y4=0&f_camp_id=6064320,0,2026-05-19,7300,7300,0,2026-05-19,chikugo
56158,ニューロイヤルホテル,https://img.travel.rakuten.co.jp/image/tr/api/re/pvonD/?f_no=56158,https://img.travel.rakuten.co.jp/image/tr/api/re/vFumt/?f_no=56158&f_flg=PLAN,https://img.travel.rakuten.co.jp/image/tr/api/re/WzozX/?noTomariHotel=56158,https://img.travel.rakuten.co.jp/image/tr/api/re/gJNfM/?f_hotel_no=56158,にゅーろいやるほてる,西鉄・ＪＲ駅から徒歩１０分。繁華街、飲食店へ歩いて１０分以内で移動できます。,6950,118907.23,469611.0,836-0044,福岡県,大牟田市古町2-9,0944-53-2800,0944-53-2855,ＪＲ・西鉄　大牟田駅から徒歩１０分,"21台。普通車500円/泊。大型車1,500円/泊。駐車場予約車1,100円/泊。 防犯カメラ設置",大牟田,https://img.travel.rakuten.co.jp/share/HOTEL/56158/56158.jpg,https://img.travel.rakuten.co.jp/HIMG/90/56158.jpg,https://img.travel.rakuten.co.jp/share/HOTEL/56158/56158_ky.jpg,https://img.travel.rakuten.co.jp/HIMG/INTERIOR/56158.jpg,https://img.travel.rakuten.co.jp/share/HOTEL/56158/56158map.gif,370.0,3.46,"クチコミの詳細はこちらから…　2026-02-23 07:20:50投稿 <a href=""https://img.travel.rakuten.co.jp/image/tr/api/re/gJNfM/?f_hotel_no=56158"" class=""3click"">つづきはこちら</a>",ss,◆◇シングル◆◇禁煙,6445652.0,【決算最安値セール】　シングル禁煙　素泊まりプラン　通常7600円→6950円！,1,0,0,0,0,1,https://img.travel.rakuten.co.jp/image/tr/api/re/IdsCY/?f_no=56158&f_syu=ss&f_hi1=2026-05-19&f_hi2=2026-05-20&f_heya_su=1&f_otona_su=1&f_s1=0&f_s2=0&f_y1=0&f_y2=0&f_y3=0&f_y4=0&f_camp_id=6445652,0,2026-05-19,6950,6950,0,2026-05-19,chikugo
145448,ＨＯＴＥＬ　ＡＺ　福岡筑後店,https://img.travel.rakuten.co.jp/image/tr/api/re/pvonD/?f_no=145448,https://img.travel.rakuten.co.jp/image/tr/api/re/vFumt/?f_no=145448&f_flg=PLAN,https://img.travel.rakuten.co.jp/image/tr/api/re/WzozX/?noTomariHotel=145448,https://img.travel.rakuten.co.jp/image/tr/api/re/gJNfM/?f_hotel_no=145448,ほてる　えーぜっと　ふくおかちくごてん,八女ICより車で約10分・広川ICより車で約10分。国道209号線沿い。無料駐車場★ 朝食無料★インターネット接続無料,4620,119634.51,469834.96,833-0055,福岡県,筑後市熊野58-1,0942-52-9901,0942-52-9902,JR羽犬塚駅より車で12分　ホテル近辺まで西鉄バス有　※50系統　西鉄久留米駅方面　バス亭「赤坂」下車　,無料平面駐車場90台あり　普通車：予約不要 、中型車・大型車：要予約（有料）,西牟田,https://img.travel.rakuten.co.jp/share/HOTEL/145448/145448.jpg,https://img.travel.rakuten.co.jp/HIMG/90/145448.jpg,https://img.travel.rakuten.co.jp/share/HOTEL/145448/145448_kan1.jpg,https://img.travel.rakuten.co.jp/HIMG/INTERIOR/145448.jpg,https://img.travel.rakuten.co.jp/share/HOTEL/145448/145448map.gif,197.0,3.84,"クチコミの詳細はこちらから　https://review.travel.rakuten.co.jp/hotel/voi…　2026-05-05 23:36:06投稿 <a href=""https://img.travel.rakuten.co.jp/image/tr/api/re/gJNfM/?f_hotel_no=145448"" class=""3click"">つづきはこちら</a>",2sn,【禁煙】2段ベッド,6108301.0,スタンダードプラン（朝食サービス）,1,0,0,1,0,1,https://img.travel.rakuten.co.jp/image/tr/api/re/IdsCY/?f_no=145448&f_syu=2sn&f_hi1=2026-05-19&f_hi2=2026-05-20&f_heya_su=1&f_otona_su=1&f_s1=0&f_s2=0&f_y1=0&f_y2=0&f_y3=0&f_y4=0&f_camp_id=6108301,0,2026-05-19,6380,6380,0,2026-05-19,chikugo
145446,ＨＯＴＥＬ　ＡＺ　福岡八女店,https://img.travel.rakuten.co.jp/image/tr/api/re/pvonD/?f_no=145446,https://img.travel.rakuten.co.jp/image/tr/api/re/vFumt/?f_no=145446&f_flg=PLAN,https://img.travel.rakuten.co.jp/image/tr/api/re/WzozX/?noTomariHotel=145446,https://img.travel.rakuten.co.jp/image/tr/api/re/gJNfM/?f_hotel_no=145446,ほてる　えーぜっと　ふくおかやめてん,八女ICから車で約10分。ＪＲ羽犬塚駅から車で約15分。駐車場無料★朝食無料★インターネット接続無料,4620,119574.22,470020.4,834-0063,福岡県,八女市本村539,0943-24-5101,0943-24-5121,JR羽犬塚駅から車で約15分,無料平面駐車場76台あり　普通車：予約不要 、中型車・大型車：要予約（有料）,羽犬塚,https://img.travel.rakuten.co.jp/share/HOTEL/145446/145446.jpg,https://img.travel.rakuten.co.jp/HIMG/90/145446.jpg,https://img.travel.rakuten.co.jp/share/HOTEL/145446/145446_kan1.jpg,https://img.travel.rakuten.co.jp/HIMG/INTERIOR/145446.jpg,https://img.travel.rakuten.co.jp/share/HOTEL/145446/145446map.gif,195.0,3.56,"まず、フロントの愛想が悪すぎる。チェックインの手続き時にダルそうに話しかけてくるし、利用客情報を記入しているときも早く書けと言わんばかりの態度で記入が終わる…　2026-03-28 16:11:58投稿 <a href=""https://img.travel.rakuten.co.jp/image/tr/api/re/gJNfM/?f_hotel_no=145446"" class=""3click"">つづきはこちら</a>",s,【喫煙】シングル,6108622.0,スタンダードプラン（朝食サービス）,1,0,0,1,0,1,https://img.travel.rakuten.co.jp/image/tr/api/re/IdsCY/?f_no=145446&f_syu=s&f_hi1=2026-05-19&f_hi2=2026-05-20&f_heya_su=1&f_otona_su=1&f_s1=0&f_s2=0&f_y1=0&f_y2=0&f_y3=0&f_y4=0&f_camp_id=6108622,0,2026-05-19,6380,6380,0,2026-05-19,chikugo
78158,スマイルホテル福岡大川,https://img.travel.rakuten.co.jp/image/tr/api/re/pvonD/?f_no=78158,https://img.travel.rakuten.co.jp/image/tr/api/re/vFumt/?f_no=78158&f_flg=PLAN,https://img.travel.rakuten.co.jp/image/tr/api/re/WzozX/?noTomariHotel=78158,https://img.travel.rakuten.co.jp/image/tr/api/re/gJNfM/?f_hotel_no=78158,すまいるほてるふくおかおおかわ,久留米・佐賀市内・佐賀空港まで車で25分★大川市中心でビジネスも観光も快適！【駐車場無料】,3850,119539.12,469370.39,831-0016,福岡県,大川市酒見105-1,0944-89-1311,0944-89-1313,西鉄柳川駅よりタクシーご利用にて１２分、九州佐賀国際空港より車で２５分、九州新幹線筑後船小屋駅より車で２５分,有り　４０台　無料　予約不要　※満車時は近藤材木店の駐車場へご駐車ください。,西鉄柳川,https://img.travel.rakuten.co.jp/share/HOTEL/78158/78158.jpg,https://img.travel.rakuten.co.jp/HIMG/90/78158.jpg,https://img.travel.rakuten.co.jp/share/HOTEL/78158/78158_sin.jpg,https://img.travel.rakuten.co.jp/HIMG/INTERIOR/78158.jpg,https://img.travel.rakuten.co.jp/share/HOTEL/78158/78158map.gif,335.0,3.76,"泊まる時は、やきとり太郎を利用していますが、焼き物の種類が豊富で美味しいです…　2026-05-07 17:10:35投稿 <a href=""https://img.travel.rakuten.co.jp/image/tr/api/re/gJNfM/?f_hotel_no=78158"" class=""3click"">つづきはこちら</a>",sn,【禁煙】シングルルーム/12平米★シンプル快適ステイ,4185238.0,【素泊まり/シンプルステイ】VOD全室無料視聴☆コンビニ徒歩2分＜駐車場・Wi-Fi完備＞,1,0,0,0,0,1,https://img.travel.rakuten.co.jp/image/tr/api/re/IdsCY/?f_no=78158&f_syu=sn&f_hi1=2026-05-19&f_hi2=2026-05-20&f_heya_su=1&f_otona_su=1&f_s1=0&f_s2=0&f_y1=0&f_y2=0&f_y3=0&f_y4=0&f_camp_id=4185238,0,2026-05-19,6300,6300,0,2026-05-19,chikugo
197735,トレイルイン福岡大牟田（Ｔｒａｉｌ　ｉｎｎ　福岡大牟田）,https://img.travel.rakuten.co.jp/image/tr/api/re/pvonD/?f_no=197735,https://img.travel.rakuten.co.jp/image/tr/api/re/vFumt/?f_no=197735&f_flg=PLAN,,https://img.travel.rakuten.co.jp/image/tr/api/re/gJNfM/?f_hotel_no=197735,とれいるいんふくおかおおむた,各室完全独立のトレーラーホテル！！洗濯機、電子レンジ完備！,3800,118912.64,469603.7,836-0047,福岡県,大牟田市大正町2-7-5,0944-85-8887,--,大牟田駅より車で3分　徒歩で10分,あり　7台　無料　先着順,大牟田,https://img.travel.rakuten.co.jp/share/HOTEL/197735/197735.jpg,https://img.travel.rakuten.co.jp/HIMG/90/197735.jpg,,,https://img.travel.rakuten.co.jp/share/HOTEL/197735/197735map.gif,24.0,4.25,"フロントが無人で、タブレットでチェックイ…　2026-04-04 01:17:20投稿 <a href=""https://img.travel.rakuten.co.jp/image/tr/api/re/gJNfM/?f_hotel_no=197735"" class=""3click"">つづきはこちら</a>",double,ダブルルーム＜禁煙＞,6357617.0,感謝！！オープン特別価格　ダブルルーム＜禁煙＞,1,0,0,0,0,2,https://img.travel.rakuten.co.jp/image/tr/api/re/IdsCY/?f_no=197735&f_syu=double&f_hi1=2026-05-19&f_hi2=2026-05-20&f_heya_su=1&f_otona_su=1&f_s1=0&f_s2=0&f_y1=0&f_y2=0&f_y3=0&f_y4=0&f_camp_id=6357617,0,2026-05-19,7000,7000,0,2026-05-19,chikugo
167965,ホテルＣ＆Ｓ新大牟田,https://img.travel.rakuten.co.jp/image/tr/api/re/pvonD/?f_no=167965,https://img.travel.rakuten.co.jp/image/tr/api/re/vFumt/?f_no=167965&f_flg=PLAN,https://img.travel.rakuten.co.jp/image/tr/api/re/WzozX/?noTomariHotel=167965,https://img.travel.rakuten.co.jp/image/tr/api/re/gJNfM/?f_hotel_no=167965,しーあんどえすしんおおむた,"◆2018年7月NEW OPEN◆大牟田に,新しい滞在のスタイルをご提案いたします。",6200,119039.14,469758.15,837-0910,福岡県,大牟田市岩本新町1-7-6,0944-31-3320,0944-31-3996,新幹線 新大牟田駅から徒歩5分,有り　２０台　無料　,,https://img.travel.rakuten.co.jp/share/HOTEL/167965/167965.jpg,https://img.travel.rakuten.co.jp/HIMG/90/167965.jpg,https://img.travel.rakuten.co.jp/share/HOTEL/167965/167965_kan1.jpg,https://img.travel.rakuten.co.jp/HIMG/INTERIOR/167965.jpg,https://img.travel.rakuten.co.jp/share/HOTEL/167965/167965map.gif,80.0,4.0,"クチコミの詳細はこちらから　https://review.travel.rakuten.co.jp/hotel…　2025-12-01 15:15:31投稿 <a href=""https://img.travel.rakuten.co.jp/image/tr/api/re/gJNfM/?f_hotel_no=167965"" class=""3click"">つづきはこちら</a>",s,リーズナブル料金 シングルルーム,4281410.0,◆スタンダードプラン◆,1,0,0,0,0,1,https://img.travel.rakuten.co.jp/image/tr/api/re/IdsCY/?f_no=167965&f_syu=s&f_hi1=2026-05-19&f_hi2=2026-05-20&f_heya_su=1&f_otona_su=1&f_s1=0&f_s2=0&f_y1=0&f_y2=0&f_y3=0&f_y4=0&f_camp_id=4281410,0,2026-05-19,6200,6200,1,2026-05-19,chikugo
13813,柳川　白柳荘,https://img.travel.rakuten.co.jp/image/tr/api/re/pvonD/?f_no=13813,https://img.travel.rakuten.co.jp/image/tr/api/re/vFumt/?f_no=13813&f_flg=PLAN,https://img.travel.rakuten.co.jp/image/tr/api/re/WzozX/?noTomariHotel=13813,https://img.travel.rakuten.co.jp/image/tr/api/re/gJNfM/?f_hotel_no=13813,やながわ　はくりゅうそう,全客室お部屋から庭園を臨む眺望。和室でゆっくり寛げるとビジネス利用のお客様からも好評を頂いております。,6600,119376.17,469493.45,832-0032,福岡県,柳川市新町16,0944-73-1188,0944-72-9403,ＪＲ筑後船小屋駅下車バスで20分又は西鉄柳川駅下車徒歩10分／九州縦貫自動車道みやま柳川ＩＣより車で15分,有り　５０台　無料,西鉄柳川,https://img.travel.rakuten.co.jp/share/HOTEL/13813/13813.jpg,https://img.travel.rakuten.co.jp/HIMG/90/13813.jpg,https://img.travel.rakuten.co.jp/share/HOTEL/13813/13813_wa.jpg,https://img.travel.rakuten.co.jp/HIMG/INTERIOR/13813.jpg,https://img.travel.rakuten.co.jp/share/HOTEL/13813/13813map.gif,401.0,4.41,"晩御飯は頼んでいませんでしたが、歩いて行け…　2026-05-04 17:10:28投稿 <a href=""https://img.travel.rakuten.co.jp/image/tr/api/re/gJNfM/?f_hotel_no=13813"" class=""3click"">つづきはこちら</a>",jr,和室10畳・禁煙【ご夕食付プランはお食事処で】,1624038.0,素泊りビジネスプラン 駐車場無料　,1,0,0,0,0,1,https://img.travel.rakuten.co.jp/image/tr/api/re/IdsCY/?f_no=13813&f_syu=jr&f_hi1=2026-05-19&f_hi2=2026-05-20&f_heya_su=1&f_otona_su=1&f_s1=0&f_s2=0&f_y1=0&f_y2=0&f_y3=0&f_y4=0&f_camp_id=1624038,0,2026-05-19,9900,9900,0,2026-05-19,chikugo
18461,柳川ビジネスホテル,https://img.travel.rakuten.co.jp/image/tr/api/re/pvonD/?f_no=18461,https://img.travel.rakuten.co.jp/image/tr/api/re/vFumt/?f_no=18461&f_flg=PLAN,https://img.travel.rakuten.co.jp/image/tr/api/re/WzozX/?noTomariHotel=18461,https://img.travel.rakuten.co.jp/image/tr/api/re/gJNfM/?f_hotel_no=18461,やながわ　びじねすほてる,西鉄柳川駅より徒歩５分　｢川下り」乗船場にも隣接してビジネスにも観光にも最適です！　Wi-Fi全室無料♪駐車場無料♪,5500,119393.49,469510.22,832-0826,福岡県,柳川市三橋町高畑243-1,0944-74-1500,0944-72-4268,西鉄柳川駅より徒歩5分/九州自動車道みやま柳川ＩＣより車で約１０分,有り　２０台無料,西鉄柳川,https://img.travel.rakuten.co.jp/share/HOTEL/18461/18461.jpg,https://img.travel.rakuten.co.jp/HIMG/90/18461.jpg,https://img.travel.rakuten.co.jp/share/HOTEL/18461/18461_r.jpg,https://img.travel.rakuten.co.jp/HIMG/INTERIOR/18461.jpg,https://img.travel.rakuten.co.jp/share/HOTEL/18461/18461map.gif,170.0,3.53,"建物は古いものの、部屋の掃除も綺麗にしており、費用の割にお得な感じです。駅までも近いので便利です。車で行くルートはよく確認したほうが良い。最後の100mを迷った。…　2026-04-20 19:05:07投稿 <a href=""https://img.travel.rakuten.co.jp/image/tr/api/re/gJNfM/?f_hotel_no=18461"" class=""3click"">つづきはこちら</a>",sk,スタンダードシングル【禁煙】,6194213.0,シンプルステイ【素泊まり】プラン,1,0,0,0,0,0,https://img.travel.rakuten.co.jp/image/tr/api/re/IdsCY/?f_no=18461&f_syu=sk&f_hi1=2026-05-19&f_hi2=2026-05-20&f_heya_su=1&f_otona_su=1&f_s1=0&f_s2=0&f_y1=0&f_y2=0&f_y3=0&f_y4=0&f_camp_id=6194213,0,2026-05-19,7200,7200,0,2026-05-19,chikugo
54919,旅館　清風荘＜福岡県＞,https://img.travel.rakuten.co.jp/image/tr/api/re/pvonD/?f_no=54919,https://img.travel.rakuten.co.jp/image/tr/api/re/vFumt/?f_no=54919&f_flg=PLAN,https://img.travel.rakuten.co.jp/image/tr/api/re/WzozX/?noTomariHotel=54919,https://img.travel.rakuten.co.jp/image/tr/api/re/gJNfM/?f_hotel_no=54919,せいふうそう,大牟田駅西口徒歩３分の好立地。スタッフはほぼ全員女性で、家庭の温かみと実家のような安心感が満足度のポイント,5800,118902.11,469596.08,836-0047,福岡県,大牟田市大正町4-7-5,0944-52-2710,0944-56-3617,ＪＲ・西鉄　大牟田駅西口より徒歩３分,有り　7台　無料　要予約,大牟田,https://img.travel.rakuten.co.jp/share/HOTEL/54919/54919.jpg,https://img.travel.rakuten.co.jp/HIMG/90/54919.jpg,https://img.travel.rakuten.co.jp/share/HOTEL/54919/54919_wa.jpg,https://img.travel.rakuten.co.jp/HIMG/INTERIOR/54919.jpg,https://img.travel.rakuten.co.jp/share/HOTEL/54919/54919map.gif,207.0,3.42,"落ち着いたただすまいの日本風旅館。接客も丁寧で気分がよかったです。私は和室に泊まりましたが、久しぶりの和室で心がなごみ新鮮でした。日本間はいいとつくづく思い起…　2026-04-20 00:03:00投稿 <a href=""https://img.travel.rakuten.co.jp/image/tr/api/re/gJNfM/?f_hotel_no=54919"" class=""3click"">つづきはこちら</a>",yado08,＜セミダブル＞禁煙,5252962.0,★タイムセール‐素泊まり★最大30％OFF！純和風空間で静かな休息を【大牟田駅徒歩5分＆大浴場】,1,0,0,0,0,1,https://img.travel.rakuten.co.jp/image/tr/api/re/IdsCY/?f_no=54919&f_syu=yado08&f_hi1=2026-05-19&f_hi2=2026-05-20&f_heya_su=1&f_otona_su=1&f_s1=0&f_s2=0&f_y1=0&f_y2=0&f_y3=0&f_y4=0&f_camp_id=5252962,0,2026-05-19,7150,7150,0,2026-05-19,chikugo
197724,ＭＯＮＯＭＩＮＡ　ＨＯＴＥＬ　ｓｔｎ．１,https://img.travel.rakuten.co.jp/image/tr/api/re/pvonD/?f_no=197724,https://img.travel.rakuten.co.jp/image/tr/api/re/vFumt/?f_no=197724&f_flg=PLAN,https://img.travel.rakuten.co.jp/image/tr/api/re/WzozX/?noTomariHotel=197724,https://img.travel.rakuten.co.jp/image/tr/api/re/gJNfM/?f_hotel_no=197724,ものみなほてるすてーしょんわん,大牟田の炭鉱という個性を踏襲した空間で、 その魅力に触れる機会をご提供いたします。,4568,118914.67,469608.5,836-0047,福岡県,大牟田市大正町1-3-9,0944-53-3800,0944-53-3807,西鉄天神大牟田線 新栄町駅より徒歩約8分,あり　26台　800円　先着順,新栄町（福岡）,https://img.travel.rakuten.co.jp/share/HOTEL/197724/197724.jpg,https://img.travel.rakuten.co.jp/HIMG/90/197724.jpg,,,https://img.travel.rakuten.co.jp/share/HOTEL/197724/197724map.gif,22.0,4.41,"大牟田駅から徒歩10分ちょっとで分かりやすかった。居酒屋も近くにあり、朝食夕食はついてないが、コンビニも近くにあります。とにかく部屋が綺麗で、風呂はシャワー、テー…　2026-04-29 17:22:01投稿 <a href=""https://img.travel.rakuten.co.jp/image/tr/api/re/gJNfM/?f_hotel_no=197724"" class=""3click"">つづきはこちら</a>",dbl,ダブルルーム（16平米）ベッド幅140センチ,6434455.0,＜駐車場利用無し＞【直前割】「大牟田駅から徒歩10分」デザイナーズホテル(素泊まり／食事なし),1,0,0,0,0,1,https://img.travel.rakuten.co.jp/image/tr/api/re/IdsCY/?f_no=197724&f_syu=dbl&f_hi1=2026-05-19&f_hi2=2026-05-20&f_heya_su=1&f_otona_su=1&f_s1=0&f_s2=0&f_y1=0&f_y2=0&f_y3=0&f_y4=0&f_camp_id=6434455,0,2026-05-19,7959,7959,0,2026-05-19,chikugo
145477,大川リバーサイドホテル,https://img.travel.rakuten.co.jp/image/tr/api/re/pvonD/?f_no=145477,https://img.travel.rakuten.co.jp/image/tr/api/re/vFumt/?f_no=145477&f_flg=PLAN,https://img.travel.rakuten.co.jp/image/tr/api/re/WzozX/?noTomariHotel=145477,https://img.travel.rakuten.co.jp/image/tr/api/re/gJNfM/?f_hotel_no=145477,おおかわりばーさいどほてる,佐賀市内へ車で約２０分。柳川市内へ車で約１５分。福岡市内へ車で約１時間半。 ビジネスや観光に是非ご利用下さい。,4400,119532.84,469367.41,831-0004,福岡県,大川市榎津218-1,0944-86-2200,0944-86-2201,西鉄柳川駅から車で１５分、九州佐賀国際空港から車で２５分、ＪＲ佐賀駅から車で２５分,有り　２２台　無料(先着順）,西鉄柳川,https://img.travel.rakuten.co.jp/share/HOTEL/145477/145477.jpg,https://img.travel.rakuten.co.jp/HIMG/90/145477.jpg,https://img.travel.rakuten.co.jp/share/HOTEL/145477/145477_kan1.jpg,https://img.travel.rakuten.co.jp/HIMG/INTERIOR/145477.jpg,https://img.travel.rakuten.co.jp/share/HOTEL/145477/145477map.gif,148.0,3.98,"築年数がそれな…　2026-05-03 21:47:52投稿 <a href=""https://img.travel.rakuten.co.jp/image/tr/api/re/gJNfM/?f_hotel_no=145477"" class=""3click"">つづきはこちら</a>",nds,【禁煙】デラックスシングル (佐賀・柳川でのビジネスに♪),6435100.0,【開業12周年記念】空室があればお得に！室数限定ラッキーセール★朝食和洋バイキング無料,1,0,0,1,0,1,https://img.travel.rakuten.co.jp/image/tr/api/re/IdsCY/?f_no=145477&f_syu=nds&f_hi1=2026-05-19&f_hi2=2026-05-20&f_heya_su=1&f_otona_su=1&f_s1=0&f_s2=0&f_y1=0&f_y2=0&f_y3=0&f_y4=0&f_camp_id=6435100,0,2026-05-19,6000,6000,0,2026-05-19,chikugo
104773,旅館白秀,https://img.travel.rakuten.co.jp/image/tr/api/re/pvonD/?f_no=104773,https://img.travel.rakuten.co.jp/image/tr/api/re/vFumt/?f_no=104773&f_flg=PLAN,https://img.travel.rakuten.co.jp/image/tr/api/re/WzozX/?noTomariHotel=104773,https://img.travel.rakuten.co.jp/image/tr/api/re/gJNfM/?f_hotel_no=104773,りょかんはくしゅう,駅 市街地近し！！★スーパー・コインランドリー徒歩１分★コンビニ至近★短期・長期滞在に最適★駐車場完備,5300,118877.61,469608.48,836-0861,福岡県,大牟田市宝坂町1-2-5,0944-54-2807,0944-56-7012,西鉄、ＪＲ　大牟田駅より徒歩にて５分／南関インターより２０分,有り１４台 無料 大型車は要連絡,大牟田,https://img.travel.rakuten.co.jp/share/HOTEL/104773/104773.jpg,https://img.travel.rakuten.co.jp/HIMG/90/104773.jpg,https://img.travel.rakuten.co.jp/share/HOTEL/104773/104773_ru.jpg,https://img.travel.rakuten.co.jp/HIMG/INTERIOR/104773.jpg,https://img.travel.rakuten.co.jp/share/HOTEL/104773/104773map.gif,84.0,4.56,,neage3,和室6畳 素泊まり,,,1,0,0,0,0,1,https://img.travel.rakuten.co.jp/image/tr/api/re/IdsCY/?f_no=104773&f_syu=neage3&f_hi1=2026-05-19&f_hi2=2026-05-20&f_heya_su=1&f_otona_su=1&f_s1=0&f_s2=0&f_y1=0&f_y2=0&f_y3=0&f_y4=0,1,2026-05-19,5300,5300,0,2026-05-19,chikugo
79358,くつろぎの森　グリーンピア八女,https://img.travel.rakuten.co.jp/image/tr/api/re/pvonD/?f_no=79358,https://img.travel.rakuten.co.jp/image/tr/api/re/vFumt/?f_no=79358&f_flg=PLAN,https://img.travel.rakuten.co.jp/image/tr/api/re/WzozX/?noTomariHotel=79358,https://img.travel.rakuten.co.jp/image/tr/api/re/gJNfM/?f_hotel_no=79358,くつろぎのもり　ぐりーんぴあやめ,四季折々の草花が咲きみだれ、お食事、温泉、合宿と　さまざまなプランで、大満足頂けます。,9300,119450.83,470456.69,834-1204,福岡県,八女市黒木町木屋10905,0943-22-8813,0943-22-8805,九州自動車道八女IC下車。国道442号線経由、黒木平公園線へ（県道802号）約22km、約40分,有り400台　無料　予約不要,羽犬塚,https://img.travel.rakuten.co.jp/share/HOTEL/79358/79358.jpg,https://img.travel.rakuten.co.jp/HIMG/90/79358.jpg,https://img.travel.rakuten.co.jp/share/HOTEL/79358/79358_room.jpg,https://img.travel.rakuten.co.jp/HIMG/INTERIOR/79358.jpg,https://img.travel.rakuten.co.jp/share/HOTEL/79358/79358map.gif,273.0,3.9,"大人はゆっくりBBQが…　2026-05-12 17:31:35投稿 <a href=""https://img.travel.rakuten.co.jp/image/tr/api/re/gJNfM/?f_hotel_no=79358"" class=""3click"">つづきはこちら</a>",type2,【和室10畳】,6418779.0,1泊朝食付き（夕食なし）　宿泊プラン　※期間7/17まで　,1,0,0,1,0,1,https://img.travel.rakuten.co.jp/image/tr/api/re/IdsCY/?f_no=79358&f_syu=type2&f_hi1=2026-05-19&f_hi2=2026-05-20&f_heya_su=1&f_otona_su=1&f_s1=0&f_s2=0&f_y1=0&f_y2=0&f_y3=0&f_y4=0&f_camp_id=6418779,0,2026-05-19,12480,12480,0,2026-05-19,chikugo
147664,ビジネスインこめや,https://img.travel.rakuten.co.jp/image/tr/api/re/pvonD/?f_no=147664,https://img.travel.rakuten.co.jp/image/tr/api/re/vFumt/?f_no=147664&f_flg=PLAN,https://img.travel.rakuten.co.jp/image/tr/api/re/WzozX/?noTomariHotel=147664,https://img.travel.rakuten.co.jp/image/tr/api/re/gJNfM/?f_hotel_no=147664,びじねすいんこめや,大牟田駅から徒歩1分のビジネスホテルです。繁華街まで徒歩１０分圏内でいけます。直接料金お問い合わせさい。,3800,118898.73,469597.68,836-0047,福岡県,大牟田市大正町4-2-2,0944-31-3328,0944-31-4306,大牟田駅西口より徒歩にて約１分,有り　無料　予約画面にて、車のナンバー（最後の４ケタと地方）を備考欄に記入してください。,大牟田,https://img.travel.rakuten.co.jp/share/HOTEL/147664/147664.jpg,https://img.travel.rakuten.co.jp/HIMG/90/147664.jpg,,,https://img.travel.rakuten.co.jp/share/HOTEL/147664/147664map.gif,131.0,3.84,"クチ…　2026-04-04 17:26:56投稿 <a href=""https://img.travel.rakuten.co.jp/image/tr/api/re/gJNfM/?f_hotel_no=147664"" class=""3click"">つづきはこちら</a>",aabbcc918,ツインルーム（禁煙）,,,1,0,0,0,0,1,https://img.travel.rakuten.co.jp/image/tr/api/re/IdsCY/?f_no=147664&f_syu=aabbcc918&f_hi1=2026-05-19&f_hi2=2026-05-20&f_heya_su=1&f_otona_su=1&f_s1=0&f_s2=0&f_y1=0&f_y2=0&f_y3=0&f_y4=0,1,2026-05-19,6500,6500,0,2026-05-19,chikugo
41164,亀の井ホテル　柳川,https://img.travel.rakuten.co.jp/image/tr/api/re/pvonD/?f_no=41164,https://img.travel.rakuten.co.jp/image/tr/api/re/vFumt/?f_no=41164&f_flg=PLAN,https://img.travel.rakuten.co.jp/image/tr/api/re/WzozX/?noTomariHotel=41164,https://img.travel.rakuten.co.jp/image/tr/api/re/gJNfM/?f_hotel_no=41164,かめのいほてる　やながわ,お堀や街並みを一望できる展望温泉『美肌の湯』◆全客室『加湿空気清浄機』完備で安心・安全♪,4850,119352.61,469447.39,832-0057,福岡県,柳川市弥四郎町10-1,0944-72-6295,0944-72-6296,西鉄柳川駅西口から車で約15分／西鉄柳川駅西口から堀川バスで約15分／みやま柳川ICから約20分,有り　100台　無料　先着順,西鉄柳川,https://img.travel.rakuten.co.jp/share/HOTEL/41164/41164.jpg,https://img.travel.rakuten.co.jp/HIMG/90/41164.jpg,,,https://img.travel.rakuten.co.jp/share/HOTEL/41164/41164map.gif,554.0,4.1,"食事のごは…　2026-05-11 08:48:49投稿 <a href=""https://img.travel.rakuten.co.jp/image/tr/api/re/gJNfM/?f_hotel_no=41164"" class=""3click"">つづきはこちら</a>",w8n,和室8畳,5393735.0,柳川温泉◆朝食付◆21時までのチェックインＯＫ！,1,0,0,1,0,1,https://img.travel.rakuten.co.jp/image/tr/api/re/IdsCY/?f_no=41164&f_syu=w8n&f_hi1=2026-05-19&f_hi2=2026-05-20&f_heya_su=1&f_otona_su=1&f_s1=0&f_s2=0&f_y1=0&f_y2=0&f_y3=0&f_y4=0&f_camp_id=5393735,0,2026-05-19,10740,10740,0,2026-05-19,chikugo
149008,星野温泉　池の山荘,https://img.travel.rakuten.co.jp/image/tr/api/re/pvonD/?f_no=149008,https://img.travel.rakuten.co.jp/image/tr/api/re/vFumt/?f_no=149008&f_flg=PLAN,https://img.travel.rakuten.co.jp/image/tr/api/re/WzozX/?noTomariHotel=149008,https://img.travel.rakuten.co.jp/image/tr/api/re/gJNfM/?f_hotel_no=149008,ほしのおんせん　いけのやまそう,星野ふるさと公園の丘に建つ池の山荘は、まるごと星野村を満喫できる和風温泉宿です。,12980,119683.1,470744.24,834-0201,福岡県,八女市星野村10780-58,0943-52-2082,0943-52-3662,羽犬塚駅よりお車にて約45分,有り　３０台　無料　予約不要,羽犬塚,https://img.travel.rakuten.co.jp/share/HOTEL/149008/149008.jpg,https://img.travel.rakuten.co.jp/HIMG/90/149008.jpg,https://img.travel.rakuten.co.jp/share/HOTEL/149008/149008_kan1.jpg,https://img.travel.rakuten.co.jp/HIMG/INTERIOR/149008.jpg,https://img.travel.rakuten.co.jp/share/HOTEL/149008/149008map.gif,126.0,4.2,"友人と2人旅でした。食事は特にお米が美味しく、朝夕共に満足でした。温泉の泉質も良くて気持ちの良い入浴が出来ました。私は入りませんでしたが、友人は朝風呂も楽しんでいま…　2026-05-10 21:04:21投稿 <a href=""https://img.travel.rakuten.co.jp/image/tr/api/re/gJNfM/?f_hotel_no=149008"" class=""3click"">つづきはこちら</a>",h0005,和室,6156798.0,新プラン『気軽に味わう和の贅沢』　松華堂膳プラン,1,1,0,1,0,1,https://img.travel.rakuten.co.jp/image/tr/api/re/IdsCY/?f_no=149008&f_syu=h0005&f_hi1=2026-05-19&f_hi2=2026-05-20&f_heya_su=1&f_otona_su=1&f_s1=0&f_s2=0&f_y1=0&f_y2=0&f_y3=0&f_y4=0&f_camp_id=6156798,0,2026-05-19,17980,17980,0,2026-05-19,chikugo
56969,ビジネスｉｎn　清風荘,https://img.travel.rakuten.co.jp/image/tr/api/re/pvonD/?f_no=56969,https://img.travel.rakuten.co.jp/image/tr/api/re/vFumt/?f_no=56969&f_flg=PLAN,https://img.travel.rakuten.co.jp/image/tr/api/re/WzozX/?noTomariHotel=56969,https://img.travel.rakuten.co.jp/image/tr/api/re/gJNfM/?f_hotel_no=56969,びじねすいん　せいふうそう,"家庭的な雰囲気のビジネスホテル。長期滞在,スポーツの合宿等にも便利 で、お部屋もホテルタイプと旅館タイプがございます。",2950,119520.31,469366.43,831-0004,福岡県,大川市榎津295-4,0944-86-5513,0944-86-5496,西鉄　柳川駅より車で１５分／ＪＲ　佐賀駅より車で２5分/ホークスベースボールパーク、筑後広域公園運動場から車で２０分,有り　１５台　無料　予約不要,西鉄柳川,https://img.travel.rakuten.co.jp/share/HOTEL/56969/56969.jpg,https://img.travel.rakuten.co.jp/HIMG/90/56969.jpg,,,https://img.travel.rakuten.co.jp/share/HOTEL/56969/56969map.gif,84.0,3.9,,2, エコノミータイプ（バス、トイレ付）和室、和洋室、ベッド,5950233.0,エコノミータイプ（バス、トイレ付）和室、又は和洋室===朝食付===,1,0,0,1,0,1,https://img.travel.rakuten.co.jp/image/tr/api/re/IdsCY/?f_no=56969&f_syu=2&f_hi1=2026-05-19&f_hi2=2026-05-20&f_heya_su=1&f_otona_su=1&f_s1=0&f_s2=0&f_y1=0&f_y2=0&f_y3=0&f_y4=0&f_camp_id=5950233,0,2026-05-19,5050,5050,0,2026-05-19,chikugo
177003,ＴＨＥ　ＴＲＡＩＬＥＲＨＯＵＳＥ　ＶＩＬＬＡＧＥ　大牟田　ＳＰＡ,https://img.travel.rakuten.co.jp/image/tr/api/re/pvonD/?f_no=177003,https://img.travel.rakuten.co.jp/image/tr/api/re/vFumt/?f_no=177003&f_flg=PLAN,,https://img.travel.rakuten.co.jp/image/tr/api/re/gJNfM/?f_hotel_no=177003,ざ・とれーらーはうすびれっじおおむたすぱ,トレーラー泊×温泉＆サウナ★釣り堀やゴーカートなど遊び場充実＆併設の「最高の湯」で寛げるからファミリーに人気♪,6140,118834.91,469694.08,836-0895,福岡県,大牟田市新勝立町6-37,0944-53-8126,0944-32-9114,博多駅からJRで約1時間or天神から西鉄大牟田線で約1時間　→大牟田駅→大牟田駅から車で約10分,有り　予約不要,大牟田,https://img.travel.rakuten.co.jp/share/HOTEL/177003/177003.jpg,https://img.travel.rakuten.co.jp/HIMG/90/177003.jpg,https://img.travel.rakuten.co.jp/share/HOTEL/177003/177003_kan1.jpg,https://img.travel.rakuten.co.jp/HIMG/INTERIOR/177003.jpg,https://img.travel.rakuten.co.jp/share/HOTEL/177003/177003map.gif,97.0,4.57,"その反面、…　2026-05-02 08:25:21投稿 <a href=""https://img.travel.rakuten.co.jp/image/tr/api/re/gJNfM/?f_hotel_no=177003"" class=""3click"">つづきはこちら</a>",trailer5,トレーラーハウス《全長5.5ｍ》 ,5815794.0,【ビジネスプラン】平日限定×素泊まり★4種のサウナを楽しむ一人旅も◎ジム・コワーキング利用無料特典,1,0,0,0,0,2,https://img.travel.rakuten.co.jp/image/tr/api/re/IdsCY/?f_no=177003&f_syu=trailer5&f_hi1=2026-05-19&f_hi2=2026-05-20&f_heya_su=1&f_otona_su=1&f_s1=0&f_s2=0&f_y1=0&f_y2=0&f_y3=0&f_y4=0&f_camp_id=5815794,0,2026-05-19,7600,7600,0,2026-05-19,chikugo
13423,ビジネスホテル　わらじ家本館,https://img.travel.rakuten.co.jp/image/tr/api/re/pvonD/?f_no=13423,https://img.travel.rakuten.co.jp/image/tr/api/re/vFumt/?f_no=13423&f_flg=PLAN,https://img.travel.rakuten.co.jp/image/tr/api/re/WzozX/?noTomariHotel=13423,https://img.travel.rakuten.co.jp/image/tr/api/re/gJNfM/?f_hotel_no=13423,わらじや　ほんかん,清潔、閑静な宿。家族的なおもてなし。,3300,118902.67,469626.04,8360837,福岡県,大牟田市谷町2-6,0944-52-3184,0944-52-3197,『JR大牟田駅』より徒歩8分／九州自動車道『南関IC』より車で20分,無料駐車場15台有り（先着順）,大牟田,https://img.travel.rakuten.co.jp/share/HOTEL/13423/13423.jpg,https://img.travel.rakuten.co.jp/HIMG/90/13423.jpg,https://img.travel.rakuten.co.jp/share/HOTEL/13423/13423_w.jpg,https://img.travel.rakuten.co.jp/HIMG/INTERIOR/13423.jpg,https://img.travel.rakuten.co.jp/share/HOTEL/13423/13423map.gif,127.0,3.0,,wa8,和室,,,1,0,0,0,0,1,https://img.travel.rakuten.co.jp/image/tr/api/re/IdsCY/?f_no=13423&f_syu=wa8&f_hi1=2026-05-19&f_hi2=2026-05-20&f_heya_su=1&f_otona_su=1&f_s1=0&f_s2=0&f_y1=0&f_y2=0&f_y3=0&f_y4=0,1,2026-05-19,5170,5170,0,2026-05-19,chikugo
40540,料亭　旅館　三川屋,https://img.travel.rakuten.co.jp/image/tr/api/re/pvonD/?f_no=40540,https://img.travel.rakuten.co.jp/image/tr/api/re/vFumt/?f_no=40540&f_flg=PLAN,https://img.travel.rakuten.co.jp/image/tr/api/re/WzozX/?noTomariHotel=40540,https://img.travel.rakuten.co.jp/image/tr/api/re/gJNfM/?f_hotel_no=40540,りょうてい　りょかん　みかわや,2024年10月リニューアルオープン！筑後川や有明海に育まれた、大川の名物料理を堪能できる料亭・旅館,5390,119561.49,469332.07,831-0005,福岡県,大川市大字向島2222,0944-87-3155,0944-87-2925,西鉄柳川駅よりバス25分/JR佐賀駅よりバス25分(バス停「大川橋」より徒歩5分）、佐賀空港より車20分,有：50台　無料　※お車でお越しの方は、ご予約時に備考欄にてお知らせください。,西鉄柳川,https://img.travel.rakuten.co.jp/share/HOTEL/40540/40540.jpg,https://img.travel.rakuten.co.jp/HIMG/90/40540.jpg,https://img.travel.rakuten.co.jp/share/HOTEL/40540/40540_kya.jpg,https://img.travel.rakuten.co.jp/HIMG/INTERIOR/40540.jpg,https://img.travel.rakuten.co.jp/share/HOTEL/40540/40540map.gif,23.0,4.88,,02,【禁煙】コンフォートツイン（シャワーブース付）,6464500.0,【三川屋１５０周年記念　初夏限定】月〜木曜は25％OFF！初夏の平日をお得に満喫＜素泊まり＞,1,0,0,0,0,1,https://img.travel.rakuten.co.jp/image/tr/api/re/IdsCY/?f_no=40540&f_syu=02&f_hi1=2026-05-19&f_hi2=2026-05-20&f_heya_su=1&f_otona_su=1&f_s1=0&f_s2=0&f_y1=0&f_y2=0&f_y3=0&f_y4=0&f_camp_id=6464500,0,2026-05-19,8000,8000,0,2026-05-19,chikugo
37370,グランドホテル　清風荘,https://img.travel.rakuten.co.jp/image/tr/api/re/pvonD/?f_no=37370,https://img.travel.rakuten.co.jp/image/tr/api/re/vFumt/?f_no=37370&f_flg=PLAN,https://img.travel.rakuten.co.jp/image/tr/api/re/WzozX/?noTomariHotel=37370,https://img.travel.rakuten.co.jp/image/tr/api/re/gJNfM/?f_hotel_no=37370,ぐらんどほてる　せいふうそう,アクセス抜群！ＪＲ＆西鉄大牟田駅から最寄の徒歩５分！ビジネスから観光、企業様向け長期滞在にも最適！大浴場完備♪,4500,118885.3,469617.91,836-0862,福岡県,大牟田市原山町2-4,0944-56-1212,0944-51-5963,ＪＲ＆西鉄大牟田駅から徒歩５分　九州自動車道南関ＩＣから車で約20分,有り　30台　無料　先着順,大牟田,https://img.travel.rakuten.co.jp/share/HOTEL/37370/37370.jpg,https://img.travel.rakuten.co.jp/HIMG/90/37370.jpg,https://img.travel.rakuten.co.jp/share/HOTEL/37370/37370_s.jpg,https://img.travel.rakuten.co.jp/HIMG/INTERIOR/37370.jpg,https://img.travel.rakuten.co.jp/share/HOTEL/37370/37370map.gif,324.0,2.95,"クチコミの詳…　2026-04-05 12:40:39投稿 <a href=""https://img.travel.rakuten.co.jp/image/tr/api/re/gJNfM/?f_hotel_no=37370"" class=""3click"">つづきはこちら</a>",002,【和室-6畳-】バストイレあり☆禁煙☆,5480612.0,【タイムセール／素泊まり】＜20％OFF＞大牟田駅東口から徒歩5分！大浴場・駐車場あり,1,0,0,0,0,1,https://img.travel.rakuten.co.jp/image/tr/api/re/IdsCY/?f_no=37370&f_syu=002&f_hi1=2026-05-19&f_hi2=2026-05-20&f_heya_su=1&f_otona_su=1&f_s1=0&f_s2=0&f_y1=0&f_y2=0&f_y3=0&f_y4=0&f_camp_id=5480612,0,2026-05-19,6000,6000,0,2026-05-19,chikugo
78146,ビジネス　ホテル　まゆみ,https://img.travel.rakuten.co.jp/image/tr/api/re/pvonD/?f_no=78146,https://img.travel.rakuten.co.jp/image/tr/api/re/vFumt/?f_no=78146&f_flg=PLAN,https://img.travel.rakuten.co.jp/image/tr/api/re/WzozX/?noTomariHotel=78146,https://img.travel.rakuten.co.jp/image/tr/api/re/gJNfM/?f_hotel_no=78146,まゆみ,【九州旅行応援クーポン発行中!!】飲食店街中心部★　一度チェックインすれば門限なし,3200,118910.66,469611.54,836-0046,福岡県,大牟田市本町2-1-9,0944-52-5989,0944-52-6034,福岡空港からは地下鉄で2駅　東比恵　博多駅　大牟田駅JR　空港から地下鉄で　西鉄電車大牟田線　どちらもバスも運行あり,有り　８台から１０台　 ,大牟田,https://img.travel.rakuten.co.jp/share/HOTEL/78146/78146.jpg,https://img.travel.rakuten.co.jp/HIMG/90/78146.jpg,https://img.travel.rakuten.co.jp/share/HOTEL/78146/78146_kya.jpg,https://img.travel.rakuten.co.jp/HIMG/INTERIOR/78146.jpg,https://img.travel.rakuten.co.jp/share/HOTEL/78146/78146map.gif,126.0,3.67,"基本的なタオルや寝間着はありますが、リンスインシャンプーしかなかったため、気になる方は買って…　2026-03-03 20:40:21投稿 <a href=""https://img.travel.rakuten.co.jp/image/tr/api/re/gJNfM/?f_hotel_no=78146"" class=""3click"">つづきはこちら</a>",sm,【禁煙】シングルルーム バストイレありWi-Fi利用可,2656150.0,【スタンダードプラン】素泊まり大牟田駅徒歩7分♪飲食店中心部あり！バストイレあり,1,0,0,0,0,2,https://img.travel.rakuten.co.jp/image/tr/api/re/IdsCY/?f_no=78146&f_syu=sm&f_hi1=2026-05-19&f_hi2=2026-05-20&f_heya_su=1&f_otona_su=1&f_s1=0&f_s2=0&f_y1=0&f_y2=0&f_y3=0&f_y4=0&f_camp_id=2656150,0,2026-05-19,4800,4800,0,2026-05-19,chikugo
43814,松葉屋,https://img.travel.rakuten.co.jp/image/tr/api/re/pvonD/?f_no=43814,https://img.travel.rakuten.co.jp/image/tr/api/re/vFumt/?f_no=43814&f_flg=PLAN,https://img.travel.rakuten.co.jp/image/tr/api/re/WzozX/?noTomariHotel=43814,https://img.travel.rakuten.co.jp/image/tr/api/re/gJNfM/?f_hotel_no=43814,まつばや,"1958年創業した古い旅館です。佐賀、熊本、福岡と交通の便がよく有明海の豊かな魚介類でおもてなしします,",3800,119229.71,469588.82,839-0254,福岡県,柳川市大和町中島673,0944-76-3212,0944-76-4084,西鉄天神大牟田線  西鉄中島駅より徒歩１分,有り　１４台　無料　先着順,西鉄中島,https://img.travel.rakuten.co.jp/share/HOTEL/43814/43814.jpg,https://img.travel.rakuten.co.jp/HIMG/90/43814.jpg,https://img.travel.rakuten.co.jp/share/HOTEL/43814/43814_s.jpg,https://img.travel.rakuten.co.jp/HIMG/INTERIOR/43814.jpg,https://img.travel.rakuten.co.jp/share/HOTEL/43814/43814map.gif,30.0,4.0,,a,和室1名,2976582.0,ビジネスプラン　食事無し,1,0,0,0,0,2,https://img.travel.rakuten.co.jp/image/tr/api/re/IdsCY/?f_no=43814&f_syu=a&f_hi1=2026-05-19&f_hi2=2026-05-20&f_heya_su=1&f_otona_su=1&f_s1=0&f_s2=0&f_y1=0&f_y2=0&f_y3=0&f_y4=0&f_camp_id=2976582,0,2026-05-19,4700,4700,0,2026-05-19,chikugo
179180,ＮＩＰＰＯＮＩＡ　ＨＯＴＥＬ　八女福島　商家町,https://img.travel.rakuten.co.jp/image/tr/api/re/pvonD/?f_no=179180,https://img.travel.rakuten.co.jp/image/tr/api/re/vFumt/?f_no=179180&f_flg=PLAN,https://img.travel.rakuten.co.jp/image/tr/api/re/WzozX/?noTomariHotel=179180,https://img.travel.rakuten.co.jp/image/tr/api/re/gJNfM/?f_hotel_no=179180,にっぽにあ　ほてる　やめふくしま　しょうかまち,【福岡空港・博多駅より車で約60分】玉露日本一の産地・八女で、日本茶と地酒を堪能する贅沢なひととき。,30995,119540.15,470007.68,834-0031,福岡県,八女市本町(モトマチ)西京町204,0120-210-289,,【交通機関】久留米駅よりバス「西唐人町」下車（徒歩約10分）【お車】九州自動車道「八女I.C」から約4km（約10分）,駐車場有り（無料）。フロント棟にお立ち寄りいただきましたら、スタッフがご案内します。,羽犬塚,https://img.travel.rakuten.co.jp/share/HOTEL/179180/179180.jpg,https://img.travel.rakuten.co.jp/HIMG/90/179180.jpg,https://img.travel.rakuten.co.jp/share/HOTEL/179180/179180_kan1.jpg,https://img.travel.rakuten.co.jp/HIMG/INTERIOR/179180.jpg,https://img.travel.rakuten.co.jp/share/HOTEL/179180/179180map.gif,47.0,4.67,,standard4,VMGグランド（4名定員）＜檜風呂付＞,6258600.0,【直前割】朝は抹茶ですっきりとお目覚め｜八女茶漬けと地元食材で彩る健康的な朝食をご堪能＜朝食付＞,1,0,0,1,0,1,https://img.travel.rakuten.co.jp/image/tr/api/re/IdsCY/?f_no=179180&f_syu=standard4&f_hi1=2026-05-19&f_hi2=2026-05-20&f_heya_su=1&f_otona_su=1&f_s1=0&f_s2=0&f_y1=0&f_y2=0&f_y3=0&f_y4=0&f_camp_id=6258600,0,2026-05-19,53996,53996,0,2026-05-19,chikugo
186646,別荘　大川家　一棟貸しの宿九州旅行に便利な宿　＾,https://img.travel.rakuten.co.jp/image/tr/api/re/pvonD/?f_no=186646,https://img.travel.rakuten.co.jp/image/tr/api/re/vFumt/?f_no=186646&f_flg=PLAN,,https://img.travel.rakuten.co.jp/image/tr/api/re/gJNfM/?f_hotel_no=186646,,　,12760,119524.4,469385.49,831-0004,福岡県,大川市榎津111-3　大川家　ｏｋａｗａｙａ,080-3949-7326,000-000-0000,蒲池駅から車で約１０分,有り,蒲池（福岡）,https://img.travel.rakuten.co.jp/share/HOTEL/186646/186646.jpg,https://img.travel.rakuten.co.jp/HIMG/90/186646.jpg,,,https://img.travel.rakuten.co.jp/share/HOTEL/186646/186646map.gif,,,,649372_8,一戸建て,6302808.0,一棟貸し プライベート宿,1,0,0,0,0,2,https://img.travel.rakuten.co.jp/image/tr/api/re/IdsCY/?f_no=186646&f_syu=649372_8&f_hi1=2026-05-19&f_hi2=2026-05-20&f_heya_su=1&f_otona_su=1&f_s1=0&f_s2=0&f_y1=0&f_y2=0&f_y3=0&f_y4=0&f_camp_id=6302808,0,2026-05-19,35960,35960,0,2026-05-19,chikugo
104771,筑後船小屋　公園の宿,https://img.travel.rakuten.co.jp/image/tr/api/re/pvonD/?f_no=104771,https://img.travel.rakuten.co.jp/image/tr/api/re/vFumt/?f_no=104771&f_flg=PLAN,https://img.travel.rakuten.co.jp/image/tr/api/re/WzozX/?noTomariHotel=104771,https://img.travel.rakuten.co.jp/image/tr/api/re/gJNfM/?f_hotel_no=104771,ちくごふなごや　こうえんのやど,◆大楠林での森林浴や親子で遊べる筑後広域公園内◆緑に囲まれた癒しの空間へ。展望風呂やうなぎや柳川和牛が楽しめる夕食も人気,8800,119438.75,469812.17,833-0015,福岡県,筑後市津島2108-1,0942-42-1126,0942-42-1125,◆博多駅より九州新幹線で25分◆ＪＲ筑後船小屋駅より車で3分、徒歩15分【鬼滅の刃】聖地？溝口竈門神社まで車で5～7分！,有り　１００台　無料　予約不要,船小屋,https://img.travel.rakuten.co.jp/share/HOTEL/104771/104771.jpg,https://img.travel.rakuten.co.jp/HIMG/90/104771.jpg,,,https://img.travel.rakuten.co.jp/share/HOTEL/104771/104771map.gif,72.0,4.14,"クチコミの詳細はこちらか…　2026-05-11 21:31:42投稿 <a href=""https://img.travel.rakuten.co.jp/image/tr/api/re/gJNfM/?f_hotel_no=104771"" class=""3click"">つづきはこちら</a>",jw8,川側和室８畳,6003705.0,【お日にち限定】超特価！朝食付プランが今だけ8800円♪ビジネス・一人旅にもぴったり◎,1,0,0,1,0,1,https://img.travel.rakuten.co.jp/image/tr/api/re/IdsCY/?f_no=104771&f_syu=jw8&f_hi1=2026-05-19&f_hi2=2026-05-20&f_heya_su=1&f_otona_su=1&f_s1=0&f_s2=0&f_y1=0&f_y2=0&f_y3=0&f_y4=0&f_camp_id=6003705,0,2026-05-19,8800,8800,0,2026-05-19,chikugo
199720,ＯＭＵＴＡ　ＣＯＺＹ　ＳＴＡＹ／民泊,https://img.travel.rakuten.co.jp/image/tr/api/re/pvonD/?f_no=199720,https://img.travel.rakuten.co.jp/image/tr/api/re/vFumt/?f_no=199720&f_flg=PLAN,,https://img.travel.rakuten.co.jp/image/tr/api/re/gJNfM/?f_hotel_no=199720,,駐車場無料！3DK一軒家で自炊・長期滞在に最適。ビジネスホテルよりお得な出張に。,4930,118816.7,469575.45,836-0075,福岡県,大牟田市南船津町2-8-21　ハイグレイス1A,090-8504-9355,00-0000-0000,荒尾駅から徒歩で5分,あり,荒尾（熊本）,https://img.travel.rakuten.co.jp/share/HOTEL/199720/199720.jpg,https://img.travel.rakuten.co.jp/HIMG/90/199720.jpg,,,https://img.travel.rakuten.co.jp/share/HOTEL/199720/199720map.gif,,,,r21693_2,OMUTA COZY  STAY,6430755.0,【長期出張・工事関係者歓迎】駐車場2台無料!3DK一軒家で自炊・長期滞在に最適 大牟田市内での工事や,1,0,0,0,0,2,https://img.travel.rakuten.co.jp/image/tr/api/re/IdsCY/?f_no=199720&f_syu=r21693_2&f_hi1=2026-05-19&f_hi2=2026-05-20&f_heya_su=1&f_otona_su=1&f_s1=0&f_s2=0&f_y1=0&f_y2=0&f_y3=0&f_y4=0&f_camp_id=6430755,0,2026-05-19,6380,6380,0,2026-05-19,chikugo
194709,ＨＩＲＡＲＩ　水辺の森　＾,https://img.travel.rakuten.co.jp/image/tr/api/re/pvonD/?f_no=194709,https://img.travel.rakuten.co.jp/image/tr/api/re/vFumt/?f_no=194709&f_flg=PLAN,,https://img.travel.rakuten.co.jp/image/tr/api/re/gJNfM/?f_hotel_no=194709,,心に残るひとときを提供する「ＨＯＴＥＬ　ＨＩＲＡＲＩ　水辺の森」が新たにグランドオープンしました。,14036,119670.42,469831.1,833-0053,福岡県,筑後市西牟田6118-12　ＨＩＲＡＲＩ　水辺の森,090-9659-7651,000-000-0000,西牟田駅から徒歩で約４分,有り,西牟田,https://img.travel.rakuten.co.jp/share/HOTEL/194709/194709.jpg,https://img.travel.rakuten.co.jp/HIMG/90/194709.jpg,,,https://img.travel.rakuten.co.jp/share/HOTEL/194709/194709map.gif,,,,1108869_12,一戸建て,6274228.0,【5月限定】特別割引  ペット可&遊べる大型宿 (最大12名),1,0,0,0,0,2,https://img.travel.rakuten.co.jp/image/tr/api/re/IdsCY/?f_no=194709&f_syu=1108869_12&f_hi1=2026-05-19&f_hi2=2026-05-20&f_heya_su=1&f_otona_su=1&f_s1=0&f_s2=0&f_y1=0&f_y2=0&f_y3=0&f_y4=0&f_camp_id=6274228,0,2026-05-19,69020,69020,0,2026-05-19,chikugo
184422,ＲＩＴＡ　八女福島,https://img.travel.rakuten.co.jp/image/tr/api/re/pvonD/?f_no=184422,https://img.travel.rakuten.co.jp/image/tr/api/re/vFumt/?f_no=184422&f_flg=PLAN,https://img.travel.rakuten.co.jp/image/tr/api/re/WzozX/?noTomariHotel=184422,https://img.travel.rakuten.co.jp/image/tr/api/re/gJNfM/?f_hotel_no=184422,りたやめふくしま,福岡空港・博多駅からアクセス良好（車で60分）柳川観光も便利（車で35分）お子様も歓迎・記念日相談もOKのお宿♪,11040,119547.32,470027.51,834-0031,福岡県,八女市本町13-1,0943-24-2233,0943-73-7724,JR博多駅（JR鹿児島本線）ー JR羽犬塚駅＜約50分＞　羽犬塚駅よりタクシーで15分,有り　４台　無料　予約不要,博多,https://img.travel.rakuten.co.jp/share/HOTEL/184422/184422.jpg,https://img.travel.rakuten.co.jp/HIMG/90/184422.jpg,,,https://img.travel.rakuten.co.jp/share/HOTEL/184422/184422map.gif,28.0,4.71,,baigetsuan,梅月庵ーBAIGETSUANー（八女茶3種付き）＜4名定員＞,5593319.0,【無料の3大特典付】八女の恵み満喫プラン（素泊まり）,1,0,0,0,0,1,https://img.travel.rakuten.co.jp/image/tr/api/re/IdsCY/?f_no=184422&f_syu=baigetsuan&f_hi1=2026-05-19&f_hi2=2026-05-20&f_heya_su=1&f_otona_su=1&f_s1=0&f_s2=0&f_y1=0&f_y2=0&f_y3=0&f_y4=0&f_camp_id=5593319,0,2026-05-19,34740,34740,0,2026-05-19,chikugo
191089,エンパイアスカイリッジホテル／民泊,https://img.travel.rakuten.co.jp/image/tr/api/re/pvonD/?f_no=191089,https://img.travel.rakuten.co.jp/image/tr/api/re/vFumt/?f_no=191089&f_flg=PLAN,,https://img.travel.rakuten.co.jp/image/tr/api/re/gJNfM/?f_hotel_no=191089,,　,8700,119662.33,469837.89,833-0001,福岡県,筑後市一条1327-1　エンパイア・スカイリッジホテル,090-9659-7651,000-000-0000,西牟田駅から徒歩で約４分,有り,西牟田,https://img.travel.rakuten.co.jp/share/HOTEL/191089/191089.jpg,https://img.travel.rakuten.co.jp/HIMG/90/191089.jpg,,,https://img.travel.rakuten.co.jp/share/HOTEL/191089/191089map.gif,1.0,,,r20510_2,ROOM本社ビル802,6461824.0,【1LDK 】ゆったりマンションステイ,1,0,0,0,0,2,https://img.travel.rakuten.co.jp/image/tr/api/re/IdsCY/?f_no=191089&f_syu=r20510_2&f_hi1=2026-05-19&f_hi2=2026-05-20&f_heya_su=1&f_otona_su=1&f_s1=0&f_s2=0&f_y1=0&f_y2=0&f_y3=0&f_y4=0&f_camp_id=6461824,0,2026-05-19,17400,17400,0,2026-05-19,chikugo
191057,最大８名で泊まれるプライベートヴィラ。　＾,https://img.travel.rakuten.co.jp/image/tr/api/re/pvonD/?f_no=191057,https://img.travel.rakuten.co.jp/image/tr/api/re/vFumt/?f_no=191057&f_flg=PLAN,,https://img.travel.rakuten.co.jp/image/tr/api/re/gJNfM/?f_hotel_no=191057,,プライベートヴィラＨｉｒａｒｉ長浜は、２０２４年１１月に新規オープンしました。,13688,119513.45,469853.97,833-0005,福岡県,筑後市長浜764-1　Ｈｉｒａｒｉ長浜,090-9659-7651,000-000-0000,羽犬塚駅から徒歩で約７分,有り,羽犬塚,https://img.travel.rakuten.co.jp/share/HOTEL/191057/191057.jpg,https://img.travel.rakuten.co.jp/HIMG/90/191057.jpg,,,https://img.travel.rakuten.co.jp/share/HOTEL/191057/191057map.gif,,,,1060207_8,一戸建て,6112226.0,【5月限定!キャンペーン価格】ペットと泊まれる特別プラン(最大8名),1,0,0,0,0,2,https://img.travel.rakuten.co.jp/image/tr/api/re/IdsCY/?f_no=191057&f_syu=1060207_8&f_hi1=2026-05-19&f_hi2=2026-05-20&f_heya_su=1&f_otona_su=1&f_s1=0&f_s2=0&f_y1=0&f_y2=0&f_y3=0&f_y4=0&f_camp_id=6112226,0,2026-05-19,67280,67280,0,2026-05-19,chikugo
8987,船小屋温泉　ホテル　樋口軒,https://img.travel.rakuten.co.jp/image/tr/api/re/pvonD/?f_no=8987,https://img.travel.rakuten.co.jp/image/tr/api/re/vFumt/?f_no=8987&f_flg=PLAN,https://img.travel.rakuten.co.jp/image/tr/api/re/WzozX/?noTomariHotel=8987,https://img.travel.rakuten.co.jp/image/tr/api/re/gJNfM/?f_hotel_no=8987,ふなごやおんせん　ほてるひぐちけん,【絶景を望む新客室が誕生】お部屋から眺める大楠林や矢部川の景色とおいしい料理が評判 。,10500,119446.07,469825.62,833-0014,福岡県,筑後市尾島805-1,0942-52-2101,0942-52-7940,九州自動車道八女ICより8分・ＪＲ筑後船小屋駅より徒歩15分,有り 40台 無料 ,羽犬塚,https://img.travel.rakuten.co.jp/share/HOTEL/8987/8987.jpg,https://img.travel.rakuten.co.jp/HIMG/90/8987.jpg,https://img.travel.rakuten.co.jp/share/HOTEL/8987/8987_ky.jpg,https://img.travel.rakuten.co.jp/HIMG/INTERIOR/8987.jpg,https://img.travel.rakuten.co.jp/share/HOTEL/8987/8987map.gif,342.0,4.43,"クチコミの詳細はこちらから　https://review…　2026-05-05 20:06:03投稿 <a href=""https://img.travel.rakuten.co.jp/image/tr/api/re/gJNfM/?f_hotel_no=8987"" class=""3click"">つづきはこちら</a>",wa12,和モダンな１２畳和室＋バルコニー付き,4522215.0,【素泊り】シンプルステイプラン☆一晩中いつでも入れる温泉でゆっくり宿泊！,1,0,0,0,0,2,https://img.travel.rakuten.co.jp/image/tr/api/re/IdsCY/?f_no=8987&f_syu=wa12&f_hi1=2026-05-19&f_hi2=2026-05-20&f_heya_su=1&f_otona_su=1&f_s1=0&f_s2=0&f_y1=0&f_y2=0&f_y3=0&f_y4=0&f_camp_id=4522215,0,2026-05-19,17500,17500,0,2026-05-19,chikugo
62186,太田旅館,https://img.travel.rakuten.co.jp/image/tr/api/re/pvonD/?f_no=62186,https://img.travel.rakuten.co.jp/image/tr/api/re/vFumt/?f_no=62186&f_flg=PLAN,,https://img.travel.rakuten.co.jp/image/tr/api/re/gJNfM/?f_hotel_no=62186,おおたりょかん,福岡・大分・熊本の県境にある黒木町の旅館です。各県へのビジネス観光の拠点としてご利用ください。,4300,119554.24,470406.72,834-1216,福岡県,八女市黒木町桑原107-1,0943-42-0277,0943-42-0277,ＪＲ　羽犬塚駅よりバスで４５分／八女ＩＣより車で約３０分,有り　5台　無料　予約不要,羽犬塚,https://img.travel.rakuten.co.jp/share/HOTEL/62186/62186.jpg,https://img.travel.rakuten.co.jp/HIMG/90/62186.jpg,https://img.travel.rakuten.co.jp/share/HOTEL/62186/62186_kya.jpg,https://img.travel.rakuten.co.jp/HIMG/INTERIOR/62186.jpg,https://img.travel.rakuten.co.jp/share/HOTEL/62186/62186map.gif,22.0,4.38,,w6m,和室６畳,5669238.0,【直前割】急な出張や一人旅も歓迎！見つけた方はラッキー！10％以上もオトクに！！！【素泊り】,1,0,0,0,0,0,https://img.travel.rakuten.co.jp/image/tr/api/re/IdsCY/?f_no=62186&f_syu=w6m&f_hi1=2026-05-19&f_hi2=2026-05-20&f_heya_su=1&f_otona_su=1&f_s1=0&f_s2=0&f_y1=0&f_y2=0&f_y3=0&f_y4=0&f_camp_id=5669238,0,2026-05-19,4300,4300,0,2026-05-19,chikugo
196668,Ｐｒｅｃｉｏｕｓ　ＣＡＢＩＮ　キャビン型カプセルホテル,https://img.travel.rakuten.co.jp/image/tr/api/re/pvonD/?f_no=196668,https://img.travel.rakuten.co.jp/image/tr/api/re/vFumt/?f_no=196668&f_flg=PLAN,,https://img.travel.rakuten.co.jp/image/tr/api/re/gJNfM/?f_hotel_no=196668,ぷれしゃすきゃびん　きゃびんがたかぷせるほてる,九州最多の4種のサウナや温泉、リラクゼーションルーム使い放題！充実のキャビンライフが過ごせます♪コワーキングにも◎,6500,118834.91,469694.1,836-0895,福岡県,大牟田市新勝立町6-37,0944-53-8126,--,博多駅もしくは天神駅から電車で約1時間　大牟田駅下車　そこから車で約10分,あり　240台　無料　予約不要,大牟田,https://img.travel.rakuten.co.jp/share/HOTEL/196668/196668.jpg,https://img.travel.rakuten.co.jp/HIMG/90/196668.jpg,,,https://img.travel.rakuten.co.jp/share/HOTEL/196668/196668map.gif,21.0,4.0,"クチコミの詳細はこちらから　https://review.travel.rakuten.co.jp/hotel/voice/196668?review…　2026-02-21 17:20:54投稿 <a href=""https://img.travel.rakuten.co.jp/image/tr/api/re/gJNfM/?f_hotel_no=196668"" class=""3click"">つづきはこちら</a>",1,＜男女兼用＞キャビン,6266205.0,【スタンダード】最高の湯内に新OPEN★個室感覚でリーズナブルなキャビンステイ＜朝食サービス付＞,1,0,0,1,0,2,https://img.travel.rakuten.co.jp/image/tr/api/re/IdsCY/?f_no=196668&f_syu=1&f_hi1=2026-05-19&f_hi2=2026-05-20&f_heya_su=1&f_otona_su=1&f_s1=0&f_s2=0&f_y1=0&f_y2=0&f_y3=0&f_y4=0&f_camp_id=6266205,0,2026-05-19,6500,6500,0,2026-05-19,chikugo
187451,奥星野　農家の宿　緑の洞,https://img.travel.rakuten.co.jp/image/tr/api/re/pvonD/?f_no=187451,https://img.travel.rakuten.co.jp/image/tr/api/re/vFumt/?f_no=187451&f_flg=PLAN,https://img.travel.rakuten.co.jp/image/tr/api/re/WzozX/?noTomariHotel=187451,https://img.travel.rakuten.co.jp/image/tr/api/re/gJNfM/?f_hotel_no=187451,おくほしののうかのやど　みどりのほら,満天の星空と四季の豊かな自然を感じる一棟貸し民宿。ゆっくりとした時間の流れで心癒されるのんびり旅♪,3920,119532.37,470942.57,834-0201,福岡県,八女市星野村18751-1,0943-52-2521,0943-52-2521,八女インターからお車にて約50分,有り　5台　無料　予約不要,うきは,https://img.travel.rakuten.co.jp/share/HOTEL/187451/187451.jpg,https://img.travel.rakuten.co.jp/HIMG/90/187451.jpg,,,https://img.travel.rakuten.co.jp/share/HOTEL/187451/187451map.gif,,,,1,築120年の古民家一棟,5720381.0,【のんびり素泊り】築120年の古民家を一棟貸切♪しっかり手入れをされた古民家でゆっくり気ままな旅を☆,1,0,0,0,0,1,https://img.travel.rakuten.co.jp/image/tr/api/re/IdsCY/?f_no=187451&f_syu=1&f_hi1=2026-05-19&f_hi2=2026-05-20&f_heya_su=1&f_otona_su=1&f_s1=0&f_s2=0&f_y1=0&f_y2=0&f_y3=0&f_y4=0&f_camp_id=5720381,0,2026-05-19,9900,9900,0,2026-05-19,chikugo
151178,ダイワロイネットホテル小倉駅前,https://img.travel.rakuten.co.jp/image/tr/api/re/pvonD/?f_no=151178,https://img.travel.rakuten.co.jp/image/tr/api/re/vFumt/?f_no=151178&f_flg=PLAN,https://img.travel.rakuten.co.jp/image/tr/api/re/WzozX/?noTomariHotel=151178,https://img.travel.rakuten.co.jp/image/tr/api/re/gJNfM/?f_hotel_no=151178,だいわろいねっとほてるこくらえきまえ,『好立地！』魚町商店街まで徒歩1分！★チェックイン14：00～チェックアウト11：00★,6175,121972.65,471181.32,802-0006,福岡県,北九州市小倉北区魚町1-5-14,093-513-7580,093-513-7581,ＪＲ　小倉駅　小倉城口（南口）より徒歩にて約４分◆JR　博多駅から新幹線で約20分（ひと駅）◆モノレール沿い,"先着28台 1泊(14時〜翌11時) 1,300円（サイズ制限有)",小倉（福岡）,https://img.travel.rakuten.co.jp/share/HOTEL/151178/151178.jpg,https://img.travel.rakuten.co.jp/HIMG/90/151178.jpg,https://img.travel.rakuten.co.jp/share/HOTEL/151178/151178_kan1.jpg,https://img.travel.rakuten.co.jp/HIMG/INTERIOR/151178.jpg,https://img.travel.rakuten.co.jp/share/HOTEL/151178/151178map.gif,1511.0,4.45,"また小倉宿泊の際は利…　2026-05-13 18:57:45投稿 <a href=""https://img.travel.rakuten.co.jp/image/tr/api/re/gJNfM/?f_hotel_no=151178"" class=""3click"">つづきはこちら</a>",sdn00,◆広々快適18平米 スタンダードシングル　1名利用【禁煙】◆,6460304.0,【松江駅前】２０２６年８月6日開業記念プラン〜素泊り〜,1,0,0,0,0,1,https://img.travel.rakuten.co.jp/image/tr/api/re/IdsCY/?f_no=151178&f_syu=sdn00&f_hi1=2026-05-19&f_hi2=2026-05-20&f_heya_su=1&f_otona_su=1&f_s1=0&f_s2=0&f_y1=0&f_y2=0&f_y3=0&f_y4=0&f_camp_id=6460304,0,2026-05-19,16150,16150,0,2026-05-19,kitakyusyu
535,備長炭の湯　ホテルクラウンヒルズ小倉（ＢＢＨホテルグループ）,https://img.travel.rakuten.co.jp/image/tr/api/re/pvonD/?f_no=535,https://img.travel.rakuten.co.jp/image/tr/api/re/vFumt/?f_no=535&f_flg=PLAN,https://img.travel.rakuten.co.jp/image/tr/api/re/WzozX/?noTomariHotel=535,https://img.travel.rakuten.co.jp/image/tr/api/re/gJNfM/?f_hotel_no=535,びちょうたんのゆ　ほてるくらうんひるずこくら　ぶりーずべいほてるぐるーぷ,《大浴場、全室空気清浄機完備》小倉の繁華街の中心にあり★全国約170店舗展開中のBBHホテルグループ！,2900,121960.09,471189.64,802-0081,福岡県,北九州市小倉北区紺屋町8-5,050-1807-3607,093-521-4588,■ＪＲ鹿児島本線「小倉駅」小倉城口(旧南口)より徒歩約10分/新幹線「小倉駅」新幹線口(旧北口)より徒歩約12分です,８００円〜１，２００円／泊。時間・大きさ等によりご案内する駐車場が異なります。先着順の為、予約不可。,小倉（福岡）,https://img.travel.rakuten.co.jp/share/HOTEL/535/535.jpg,https://img.travel.rakuten.co.jp/HIMG/90/535.jpg,https://img.travel.rakuten.co.jp/share/HOTEL/535/535_heya.jpg,https://img.travel.rakuten.co.jp/HIMG/INTERIOR/535.jpg,https://img.travel.rakuten.co.jp/share/HOTEL/535/535map.gif,3894.0,3.75,"宿泊前日に宅配便で荷物を送りましたが、きちんと対応頂き感謝しています…　2026-05-13 18:42:37投稿 <a href=""https://img.travel.rakuten.co.jp/image/tr/api/re/gJNfM/?f_hotel_no=535"" class=""3click"">つづきはこちら</a>",s1,【喫煙】シングル 13平米　120センチ幅ベッド,5377761.0,【期間限定】素泊まりプラン★加湿空気清浄機完備♪,1,0,0,0,0,1,https://img.travel.rakuten.co.jp/image/tr/api/re/IdsCY/?f_no=535&f_syu=s1&f_hi1=2026-05-19&f_hi2=2026-05-20&f_heya_su=1&f_otona_su=1&f_s1=0&f_s2=0&f_y1=0&f_y2=0&f_y3=0&f_y4=0&f_camp_id=5377761,0,2026-05-19,9000,9000,0,2026-05-19,kitakyusyu
974,ＪＲ九州ステーションホテル小倉,https://img.travel.rakuten.co.jp/image/tr/api/re/pvonD/?f_no=974,https://img.travel.rakuten.co.jp/image/tr/api/re/vFumt/?f_no=974&f_flg=PLAN,https://img.travel.rakuten.co.jp/image/tr/api/re/WzozX/?noTomariHotel=974,https://img.travel.rakuten.co.jp/image/tr/api/re/gJNfM/?f_hotel_no=974,じぇいあーるきゅうしゅうすてーしょん　こくら,開業25年目にして最大規模の客室リニューアル！最上階をフルリニューアルし、一段上質な「スーペリアフロア」に進化。,5990,121980.84,471185.09,802-0001,福岡県,北九州市小倉北区浅野1-1-1,093-521-5031,093-512-0345,JR小倉駅上！！！駅直結で最高の立地。改札口を出てすぐにチェックイン。,有り　　370台　　１泊　1500円／宿泊者,小倉（福岡）,https://img.travel.rakuten.co.jp/share/HOTEL/974/974.jpg,https://img.travel.rakuten.co.jp/HIMG/90/974.jpg,https://img.travel.rakuten.co.jp/share/HOTEL/974/974_sgl.jpg,https://img.travel.rakuten.co.jp/HIMG/INTERIOR/974.jpg,https://img.travel.rakuten.co.jp/share/HOTEL/974/974map.gif,4052.0,4.33,"クチコミの詳細はこちらから　https://review.travel.rakuten.co.jp/ho…　2026-05-14 13:28:34投稿 <a href=""https://img.travel.rakuten.co.jp/image/tr/api/re/gJNfM/?f_hotel_no=974"" class=""3click"">つづきはこちら</a>",ns02,禁煙スタンダードルーム18.1平米,5320718.0,【事前決済限定☆素泊まり☆】自動チェックイン機導入！！QRコードでスマートチェックイン♪,1,0,0,0,0,2,https://img.travel.rakuten.co.jp/image/tr/api/re/IdsCY/?f_no=974&f_syu=ns02&f_hi1=2026-05-19&f_hi2=2026-05-20&f_heya_su=1&f_otona_su=1&f_s1=0&f_s2=0&f_y1=0&f_y2=0&f_y3=0&f_y4=0&f_camp_id=5320718,0,2026-05-19,14010,14010,0,2026-05-19,kitakyusyu
1975,西鉄イン小倉,https://img.travel.rakuten.co.jp/image/tr/api/re/pvonD/?f_no=1975,https://img.travel.rakuten.co.jp/image/tr/api/re/vFumt/?f_no=1975&f_flg=PLAN,https://img.travel.rakuten.co.jp/image/tr/api/re/WzozX/?noTomariHotel=1975,https://img.travel.rakuten.co.jp/image/tr/api/re/gJNfM/?f_hotel_no=1975,にしてついん　こくら,【JR小倉駅から徒歩５分】大浴場・サウナ・水風呂でととのう駅近ホテル,4725,121970.5,471191.33,802-0003,福岡県,北九州市小倉北区米町1-4-11  ,093-511-5454,093-511-5424,JR小倉駅 小倉城口(モノレール側）より徒歩約5分　北九州空港・福岡空港より高速バスで1本,"有り（先着順・予約不可）　15時〜翌10時　1,200円（税込）　ハイルーフ枠有2.05mまで",小倉（福岡）,https://img.travel.rakuten.co.jp/share/HOTEL/1975/1975.jpg,https://img.travel.rakuten.co.jp/HIMG/90/1975.jpg,https://img.travel.rakuten.co.jp/share/HOTEL/1975/1975_r1.jpg,https://img.travel.rakuten.co.jp/HIMG/INTERIOR/1975.jpg,https://img.travel.rakuten.co.jp/share/HOTEL/1975/1975map.gif,6705.0,4.13,"朝ごはん…　2026-05-13 21:59:39投稿 <a href=""https://img.travel.rakuten.co.jp/image/tr/api/re/gJNfM/?f_hotel_no=1975"" class=""3click"">つづきはこちら</a>",sn1-kkr,本館【禁煙】シングルルームベッド幅120cm,3651988.0,【スタンダードプラン】直前予約OK！大浴場＆サウナで整う癒しのご褒美ステイ♪＜素泊まり＞,1,0,0,0,0,1,https://img.travel.rakuten.co.jp/image/tr/api/re/IdsCY/?f_no=1975&f_syu=sn1-kkr&f_hi1=2026-05-19&f_hi2=2026-05-20&f_heya_su=1&f_otona_su=1&f_s1=0&f_s2=0&f_y1=0&f_y2=0&f_y3=0&f_y4=0&f_camp_id=3651988,0,2026-05-19,11550,11550,0,2026-05-19,kitakyusyu
71937,コンフォートホテル小倉,https://img.travel.rakuten.co.jp/image/tr/api/re/pvonD/?f_no=71937,https://img.travel.rakuten.co.jp/image/tr/api/re/vFumt/?f_no=71937&f_flg=PLAN,https://img.travel.rakuten.co.jp/image/tr/api/re/WzozX/?noTomariHotel=71937,https://img.travel.rakuten.co.jp/image/tr/api/re/gJNfM/?f_hotel_no=71937,こんふぉーとほてるこくら,日替わりスムージーが人気★無料朝食サービスがイチオシのコスパ最強ホテル◆小倉駅新幹線口徒歩3分◆小学6年生まで添い寝無料,3600,121987.4,471177.26,802-0001,福岡県,北九州市小倉北区浅野2-6-21,093-512-8311,093-512-8312,◆JR小倉駅新幹線口から徒歩３分◆北九州空港からリムジンバスで約６０分◆門司港より電車で約２０分,■敷地内21台　1泊900円（税込/15：00〜翌10：00）先着順※途中入出庫不可,小倉（福岡）,https://img.travel.rakuten.co.jp/share/HOTEL/71937/71937.jpg,https://img.travel.rakuten.co.jp/HIMG/90/71937.jpg,https://img.travel.rakuten.co.jp/share/HOTEL/71937/71937_s.jpg,https://img.travel.rakuten.co.jp/HIMG/INTERIOR/71937.jpg,https://img.travel.rakuten.co.jp/share/HOTEL/71937/71937map.gif,4894.0,4.08,"クチコミの詳細はこちらから　https://review.travel.rakuten.co.jp…　2026-05-06 22:03:37投稿 <a href=""https://img.travel.rakuten.co.jp/image/tr/api/re/gJNfM/?f_hotel_no=71937"" class=""3click"">つづきはこちら</a>",nde,１ベッド◆ダブルエコノミー◆ ＜禁煙＞,4590506.0,【3日前早期割引】本を片手にくつろげるLibrary cafe◆彩り豊かな無料朝食サービス◆,1,0,0,1,0,1,https://img.travel.rakuten.co.jp/image/tr/api/re/IdsCY/?f_no=71937&f_syu=nde&f_hi1=2026-05-19&f_hi2=2026-05-20&f_heya_su=1&f_otona_su=1&f_s1=0&f_s2=0&f_y1=0&f_y2=0&f_y3=0&f_y4=0&f_camp_id=4590506,0,2026-05-19,8200,8200,0,2026-05-19,kitakyusyu
111,リーガロイヤルホテル小倉,https://img.travel.rakuten.co.jp/image/tr/api/re/pvonD/?f_no=111,https://img.travel.rakuten.co.jp/image/tr/api/re/vFumt/?f_no=111&f_flg=PLAN,https://img.travel.rakuten.co.jp/image/tr/api/re/WzozX/?noTomariHotel=111,https://img.travel.rakuten.co.jp/image/tr/api/re/gJNfM/?f_hotel_no=111,りーがろいやるほてる　こくら,全室30平米以上・14階以上の高層シティホテル♪全室Wi-Fi無料！☆こだわりの朝食ブッフェ,7105,121986.38,471193.0,802-0001,福岡県,北九州市小倉北区浅野2-14-2,093-531-1121,093-521-2730,JR小倉駅新幹線口から直結徒歩3分、JR博多駅から新幹線で約15分、福岡空港からも好アクセス。,164台  1泊￥1500税込,小倉（福岡）,https://img.travel.rakuten.co.jp/share/HOTEL/111/111.jpg,https://img.travel.rakuten.co.jp/HIMG/90/111.jpg,https://img.travel.rakuten.co.jp/share/HOTEL/111/111_heya.jpg,https://img.travel.rakuten.co.jp/HIMG/INTERIOR/111.jpg,https://img.travel.rakuten.co.jp/share/HOTEL/111/111map.gif,4951.0,4.48,"Wi-Fiが遅いのだけが不満でし…　2026-05-13 22:56:15投稿 <a href=""https://img.travel.rakuten.co.jp/image/tr/api/re/gJNfM/?f_hotel_no=111"" class=""3click"">つづきはこちら</a>",twinn,14〜23階スーペリアフロア ツイン30平米,6265846.0,【お日にち限定！19時以降のチェックインでお得に】 レイトチェックインプラン　〜素泊り〜,1,0,0,0,0,1,https://img.travel.rakuten.co.jp/image/tr/api/re/IdsCY/?f_no=111&f_syu=twinn&f_hi1=2026-05-19&f_hi2=2026-05-20&f_heya_su=1&f_otona_su=1&f_s1=0&f_s2=0&f_y1=0&f_y2=0&f_y3=0&f_y4=0&f_camp_id=6265846,0,2026-05-19,13970,13970,0,2026-05-19,kitakyusyu
189039,東横ＩＮＮ小倉駅北口,https://img.travel.rakuten.co.jp/image/tr/api/re/pvonD/?f_no=189039,https://img.travel.rakuten.co.jp/image/tr/api/re/vFumt/?f_no=189039&f_flg=PLAN,https://img.travel.rakuten.co.jp/image/tr/api/re/WzozX/?noTomariHotel=189039,https://img.travel.rakuten.co.jp/image/tr/api/re/gJNfM/?f_hotel_no=189039,とうよこいんこくらえききたぐち,2024年3月に東横INNがNEWオープン！小倉駅から徒歩圏内で好立地！,5198,121984.85,471202.45,802-0001,福岡県,北九州市小倉北区浅野2-16-21,093-513-1075,093-513-1085,小倉駅新幹線口（北口）より徒歩７分,39台収容、先着順・有料  料金：￥800 / 1泊  14時から入庫可能,小倉（福岡）,https://img.travel.rakuten.co.jp/share/HOTEL/189039/189039.jpg,https://img.travel.rakuten.co.jp/HIMG/90/189039.jpg,,,https://img.travel.rakuten.co.jp/share/HOTEL/189039/189039map.gif,323.0,4.23,"なお、私は6時30分に伺ったので良いですが、少し遅れて朝食会場にいらした方はかなりの行列になってい…　2026-05-13 11:32:36投稿 <a href=""https://img.travel.rakuten.co.jp/image/tr/api/re/gJNfM/?f_hotel_no=189039"" class=""3click"">つづきはこちら</a>",s,喫煙シングル,5871224.0,★【無料の元気朝食付】いつでも安心価格♪ビジネス・レジャーに！ 喫煙シングル,1,0,0,1,0,1,https://img.travel.rakuten.co.jp/image/tr/api/re/IdsCY/?f_no=189039&f_syu=s&f_hi1=2026-05-19&f_hi2=2026-05-20&f_heya_su=1&f_otona_su=1&f_s1=0&f_s2=0&f_y1=0&f_y2=0&f_y3=0&f_y4=0&f_camp_id=5871224,0,2026-05-19,8295,8295,0,2026-05-19,kitakyusyu
11312,西鉄イン黒崎,https://img.travel.rakuten.co.jp/image/tr/api/re/pvonD/?f_no=11312,https://img.travel.rakuten.co.jp/image/tr/api/re/vFumt/?f_no=11312&f_flg=PLAN,https://img.travel.rakuten.co.jp/image/tr/api/re/WzozX/?noTomariHotel=11312,https://img.travel.rakuten.co.jp/image/tr/api/re/gJNfM/?f_hotel_no=11312,にしてついん　くろさき,【黒崎駅から徒歩2分】大浴場完備、Ｗｉ－Ｆｉ完備、コンビニ徒歩１分の好立地,4325,121906.72,470760.99,806-0021,福岡県,北九州市八幡西区黒崎3-15-3,093-645-5454,093-645-5281,ＪＲ黒崎駅～徒歩で約2分　ＪＲ小倉駅～JRで約16分　北九州空港～高速バスで直結（約50分・黒崎BC下車）,"コムシティ立体駐車場（市営黒崎駅西駐車場）1泊1,000円　セイワパーク1泊1,000円",黒崎,https://img.travel.rakuten.co.jp/share/HOTEL/11312/11312.jpg,https://img.travel.rakuten.co.jp/HIMG/90/11312.jpg,https://img.travel.rakuten.co.jp/share/HOTEL/11312/11312_room.jpg,https://img.travel.rakuten.co.jp/HIMG/INTERIOR/11312.jpg,https://img.travel.rakuten.co.jp/share/HOTEL/11312/11312map.gif,3107.0,4.15,"…　2026-05-06 09:38:42投稿 <a href=""https://img.travel.rakuten.co.jp/image/tr/api/re/gJNfM/?f_hotel_no=11312"" class=""3click"">つづきはこちら</a>",sgln,【禁煙】シングルルーム　ベッド幅123cm,6087858.0,【事前決済限定】自動チェックイン機でスピードチェックイン！大浴場でゆったり満喫♪＜素泊まり＞,1,0,0,0,0,2,https://img.travel.rakuten.co.jp/image/tr/api/re/IdsCY/?f_no=11312&f_syu=sgln&f_hi1=2026-05-19&f_hi2=2026-05-20&f_heya_su=1&f_otona_su=1&f_s1=0&f_s2=0&f_y1=0&f_y2=0&f_y3=0&f_y4=0&f_camp_id=6087858,0,2026-05-19,8800,8800,0,2026-05-19,kitakyusyu
145433,アパホテル〈小倉駅前〉,https://img.travel.rakuten.co.jp/image/tr/api/re/pvonD/?f_no=145433,https://img.travel.rakuten.co.jp/image/tr/api/re/vFumt/?f_no=145433&f_flg=PLAN,https://img.travel.rakuten.co.jp/image/tr/api/re/WzozX/?noTomariHotel=145433,https://img.travel.rakuten.co.jp/image/tr/api/re/gJNfM/?f_hotel_no=145433,あぱほてる　こくらえきまえ,【JR小倉駅から徒歩2分！！】西日本総合展示場・北九州メッセから徒歩6分の好立地。全室Ｗｉ-Ｆｉ！温水洗浄便座完備！,4500,121982.83,471196.63,802-0001,福岡県,北九州市小倉北区浅野2-14-65,0570-000-211,093-531-5120,小倉駅（新幹線口）から徒歩にて約2分,なし。【近隣駐車場をご案内させて頂きます】あるあるパーキング(ホテル北側)他 ,小倉（福岡）,https://img.travel.rakuten.co.jp/share/HOTEL/145433/145433.jpg,https://img.travel.rakuten.co.jp/HIMG/90/145433.jpg,https://img.travel.rakuten.co.jp/share/HOTEL/145433/145433_kan.jpg,https://img.travel.rakuten.co.jp/HIMG/INTERIOR/145433.jpg,https://img.travel.rakuten.co.jp/share/HOTEL/145433/145433map.gif,1319.0,3.95,"クチコミの詳細はこちらから　https://review.travel.rakuten.co.jp/hotel/voice/145433?reviewId…　2026-05-13 07:12:57投稿 <a href=""https://img.travel.rakuten.co.jp/image/tr/api/re/gJNfM/?f_hotel_no=145433"" class=""3click"">つづきはこちら</a>",xs1k,□ シングル □ 禁煙室 □,5193893.0,【素泊まり・事前決済限定】1秒チェックインにおすすめ！,1,0,0,0,0,2,https://img.travel.rakuten.co.jp/image/tr/api/re/IdsCY/?f_no=145433&f_syu=xs1k&f_hi1=2026-05-19&f_hi2=2026-05-20&f_heya_su=1&f_otona_su=1&f_s1=0&f_s2=0&f_y1=0&f_y2=0&f_y3=0&f_y4=0&f_camp_id=5193893,0,2026-05-19,10600,10600,0,2026-05-19,kitakyusyu
187613,スマイルホテル小倉,https://img.travel.rakuten.co.jp/image/tr/api/re/pvonD/?f_no=187613,https://img.travel.rakuten.co.jp/image/tr/api/re/vFumt/?f_no=187613&f_flg=PLAN,https://img.travel.rakuten.co.jp/image/tr/api/re/WzozX/?noTomariHotel=187613,https://img.travel.rakuten.co.jp/image/tr/api/re/gJNfM/?f_hotel_no=187613,すまいるほてるこくら,JR小倉駅南口より徒歩約7分・小倉駅からアーケード商店街沿いにあり・「小倉城」や「八坂神社」へ徒歩10分♪,3350,121977.58,471173.5,802-0002,福岡県,北九州市小倉北区京町1-6-31,093-330-6550,093-330-6551,JR小倉駅南口より徒歩約7分（商店街に入り、吉野家交差点右折、京町銀天街アーケード200ｍ先）,なし。提携駐車場「APパーク小倉駅前」自走式立体駐車場15時〜翌朝10時￥1000,小倉（福岡）,https://img.travel.rakuten.co.jp/share/HOTEL/187613/187613.jpg,https://img.travel.rakuten.co.jp/HIMG/90/187613.jpg,,,https://img.travel.rakuten.co.jp/share/HOTEL/187613/187613map.gif,373.0,4.08,"クチコミの詳細はこちらから　https://review.travel.rakut…　2026-05-11 02:06:44投稿 <a href=""https://img.travel.rakuten.co.jp/image/tr/api/re/gJNfM/?f_hotel_no=187613"" class=""3click"">つづきはこちら</a>",sn,【禁煙／ベッド幅150cm】シングルルーム,5740384.0,Aカード新規入会プラン（素泊まり）,1,0,0,0,0,1,https://img.travel.rakuten.co.jp/image/tr/api/re/IdsCY/?f_no=187613&f_syu=sn&f_hi1=2026-05-19&f_hi2=2026-05-20&f_heya_su=1&f_otona_su=1&f_s1=0&f_s2=0&f_y1=0&f_y2=0&f_y3=0&f_y4=0&f_camp_id=5740384,0,2026-05-19,8900,8900,0,2026-05-19,kitakyusyu
107728,Ｔａｂｉｓｔ　ホテルテトラ　北九州,https://img.travel.rakuten.co.jp/image/tr/api/re/pvonD/?f_no=107728,https://img.travel.rakuten.co.jp/image/tr/api/re/vFumt/?f_no=107728&f_flg=PLAN,https://img.travel.rakuten.co.jp/image/tr/api/re/WzozX/?noTomariHotel=107728,https://img.travel.rakuten.co.jp/image/tr/api/re/gJNfM/?f_hotel_no=107728,たびすと　ほてるてとら　きたきゅうしゅう,JR小倉駅より徒歩7分の好立地！岩盤サウナ・大浴場完備！コンビニ徒歩0分。ビジネスや観光の拠点におすすめです♪,4300,121966.79,471192.41,802-0004,福岡県,北九州市小倉北区鍛冶町1-9-8,093-531-3111,093-531-3190,JR小倉駅より徒歩7分。南口を出てモノレール沿いを進み、交差点左角の福岡ひびき信用金庫より左折。そのまま道なり。,・ホテル周辺にコインパーキングあり,小倉（福岡）,https://img.travel.rakuten.co.jp/share/HOTEL/107728/107728.jpg,https://img.travel.rakuten.co.jp/HIMG/90/107728.jpg,https://img.travel.rakuten.co.jp/share/HOTEL/107728/107728_sin.jpg,https://img.travel.rakuten.co.jp/HIMG/INTERIOR/107728.jpg,https://img.travel.rakuten.co.jp/share/HOTEL/107728/107728map.gif,3381.0,3.7,"出張で利用しました。建物自体には多少年季を感じますが、館内や客室はしっかり清掃されており、清潔感があって快適に過ごせました。特に朝食が美味しく、1日のスター…　2026-05-15 01:17:14投稿 <a href=""https://img.travel.rakuten.co.jp/image/tr/api/re/gJNfM/?f_hotel_no=107728"" class=""3click"">つづきはこちら</a>",sm_semid,【喫煙】セミダブルルーム,4853112.0,シンプル素泊りプラン洋室【大浴場無料 × 小倉駅から徒歩7分の好立地 × 小倉を満喫】（通年）,1,0,0,0,0,1,https://img.travel.rakuten.co.jp/image/tr/api/re/IdsCY/?f_no=107728&f_syu=sm_semid&f_hi1=2026-05-19&f_hi2=2026-05-20&f_heya_su=1&f_otona_su=1&f_s1=0&f_s2=0&f_y1=0&f_y2=0&f_y3=0&f_y4=0&f_camp_id=4853112,0,2026-05-19,7800,7800,0,2026-05-19,kitakyusyu
76465,コンフォートホテル黒崎,https://img.travel.rakuten.co.jp/image/tr/api/re/pvonD/?f_no=76465,https://img.travel.rakuten.co.jp/image/tr/api/re/vFumt/?f_no=76465&f_flg=PLAN,https://img.travel.rakuten.co.jp/image/tr/api/re/WzozX/?noTomariHotel=76465,https://img.travel.rakuten.co.jp/image/tr/api/re/gJNfM/?f_hotel_no=76465,こんふぉーとほてるくろさき,日替わりスムージーが人気★無料朝食サービスがイチオシのコスパ最強ホテル◆北九州・黒崎を表現したデザイン◆黒崎駅～徒歩3分,3950,121906.0,470754.09,806-0021,福岡県,北九州市八幡西区黒崎3-13-13,093-644-1411,093-644-1412,ＪＲ黒崎駅より徒歩３分◆都市高速4号線「黒崎」出口約６分◆北九州空港よりバス約５０分・福岡空港より地下鉄+特急約５０分,1泊800円（15時〜翌10時）東隣のコインパーキング33台先着順　満車時はＣＯＭＣＩＴＹ駐車場利用,黒崎,https://img.travel.rakuten.co.jp/share/HOTEL/76465/76465.jpg,https://img.travel.rakuten.co.jp/HIMG/90/76465.jpg,https://img.travel.rakuten.co.jp/share/HOTEL/76465/76465_kya.jpg,https://img.travel.rakuten.co.jp/HIMG/INTERIOR/76465.jpg,https://img.travel.rakuten.co.jp/share/HOTEL/76465/76465map.gif,2766.0,4.06,"クチコミの詳…　2026-05-11 12:29:42投稿 <a href=""https://img.travel.rakuten.co.jp/image/tr/api/re/gJNfM/?f_hotel_no=76465"" class=""3click"">つづきはこちら</a>",nde,１ベッド◆ダブルエコノミー◆ ＜禁煙＞,4590535.0,【3日前早期割引】彩り豊かな無料朝食サービス◆ウェルカムドリンクサービス◆,1,0,0,1,0,1,https://img.travel.rakuten.co.jp/image/tr/api/re/IdsCY/?f_no=76465&f_syu=nde&f_hi1=2026-05-19&f_hi2=2026-05-20&f_heya_su=1&f_otona_su=1&f_s1=0&f_s2=0&f_y1=0&f_y2=0&f_y3=0&f_y4=0&f_camp_id=4590535,0,2026-05-19,7800,7800,0,2026-05-19,kitakyusyu
196483,ホテルリファレンス小倉駅前,https://img.travel.rakuten.co.jp/image/tr/api/re/pvonD/?f_no=196483,https://img.travel.rakuten.co.jp/image/tr/api/re/vFumt/?f_no=196483&f_flg=PLAN,https://img.travel.rakuten.co.jp/image/tr/api/re/WzozX/?noTomariHotel=196483,https://img.travel.rakuten.co.jp/image/tr/api/re/gJNfM/?f_hotel_no=196483,りふぁれんすこくらえきまえ,ＪＲ「小倉駅」から徒歩５分。北九州モノレール「平和通」から徒歩１分。２０２５年４月３０日（水）ＯＰＥＮ,4700,121969.57,471184.54,802-0004,福岡県,北九州市小倉北区鍛治町1-4-1,093-383-3090,--,ＪＲ　小倉駅より徒歩約５分,無し,小倉（福岡）,https://img.travel.rakuten.co.jp/share/HOTEL/196483/196483.jpg,https://img.travel.rakuten.co.jp/HIMG/90/196483.jpg,,,https://img.travel.rakuten.co.jp/share/HOTEL/196483/196483map.gif,217.0,4.2,"チェックアウト時 他の部屋の使用済みリネンが廊下に置…　2026-05-14 13:26:08投稿 <a href=""https://img.travel.rakuten.co.jp/image/tr/api/re/gJNfM/?f_hotel_no=196483"" class=""3click"">つづきはこちら</a>",db01,【禁煙】ダブルルームB【DB】,6279077.0,【ショートステイ】【２１時〜翌日９時まで滞在可能】小倉駅から徒歩圏内！朝食付き！,1,0,0,1,0,1,https://img.travel.rakuten.co.jp/image/tr/api/re/IdsCY/?f_no=196483&f_syu=db01&f_hi1=2026-05-19&f_hi2=2026-05-20&f_heya_su=1&f_otona_su=1&f_s1=0&f_s2=0&f_y1=0&f_y2=0&f_y3=0&f_y4=0&f_camp_id=6279077,0,2026-05-19,10935,10935,0,2026-05-19,kitakyusyu
378,アーバンプレイスイン小倉,https://img.travel.rakuten.co.jp/image/tr/api/re/pvonD/?f_no=378,https://img.travel.rakuten.co.jp/image/tr/api/re/vFumt/?f_no=378&f_flg=PLAN,https://img.travel.rakuten.co.jp/image/tr/api/re/WzozX/?noTomariHotel=378,https://img.travel.rakuten.co.jp/image/tr/api/re/gJNfM/?f_hotel_no=378,あーばんぷれいすいんこくら,繁華街に隣接！コンビニ徒歩３０秒・ドン・キホーテ徒歩７分・ネット接続可・ウォシュレット完備・電子レンジ有,2240,121954.67,471191.54,802-0081,福岡県,北九州市小倉北区紺屋町11-20,093-551-7331,093-551-7333,■ＪＲ小倉駅より徒歩約１2分■モノレール旦過（たんが）駅より徒歩5分■北九州都市高速足立ＩＣからお車で約3分,"アプロパーク紺屋町(提携駐車場)※予約不可、入庫後24時間1,000円で出庫できる駐車券を販売",小倉（福岡）,https://img.travel.rakuten.co.jp/share/HOTEL/378/378.jpg,https://img.travel.rakuten.co.jp/HIMG/90/378.jpg,https://img.travel.rakuten.co.jp/share/HOTEL/378/378_sgl.jpg,https://img.travel.rakuten.co.jp/HIMG/INTERIOR/378.jpg,https://img.travel.rakuten.co.jp/share/HOTEL/378/378map.gif,2157.0,3.84,"施設自体は所々痛みがあり年季を感じるながらも清潔にされていまし…　2026-05-08 21:21:41投稿 <a href=""https://img.travel.rakuten.co.jp/image/tr/api/re/gJNfM/?f_hotel_no=378"" class=""3click"">つづきはこちら</a>",ssn,スタンダードシングル(禁煙),4877621.0,【出張や一人旅にもおすすめ♪】小倉の繁華街がすぐそこ☆素泊まりシンプルステイプラン！,1,0,0,0,0,1,https://img.travel.rakuten.co.jp/image/tr/api/re/IdsCY/?f_no=378&f_syu=ssn&f_hi1=2026-05-19&f_hi2=2026-05-20&f_heya_su=1&f_otona_su=1&f_s1=0&f_s2=0&f_y1=0&f_y2=0&f_y3=0&f_y4=0&f_camp_id=4877621,0,2026-05-19,6500,6500,0,2026-05-19,kitakyusyu
70237,東横ＩＮＮ小倉駅南口,https://img.travel.rakuten.co.jp/image/tr/api/re/pvonD/?f_no=70237,https://img.travel.rakuten.co.jp/image/tr/api/re/vFumt/?f_no=70237&f_flg=PLAN,https://img.travel.rakuten.co.jp/image/tr/api/re/WzozX/?noTomariHotel=70237,https://img.travel.rakuten.co.jp/image/tr/api/re/gJNfM/?f_hotel_no=70237,とうよこいんこくらえきみなみぐち,西日本総合展示場/国際会議場まで車で3分の立地で出発を応援！朝食・小学生以下添い寝無料で安心空間を提供いたします,5933,121974.44,471193.95,802-0002,福岡県,北九州市小倉北区京町3-14-6,093-511-1045,093-511-1044,ＪＲ　小倉駅「南口」より徒歩にて３分,有り　立体式30台　500円（税込み/泊）　先着順,小倉（福岡）,https://img.travel.rakuten.co.jp/share/HOTEL/70237/70237.jpg,https://img.travel.rakuten.co.jp/HIMG/90/70237.jpg,https://img.travel.rakuten.co.jp/share/HOTEL/70237/70237_shin.jpg,https://img.travel.rakuten.co.jp/HIMG/INTERIOR/70237.jpg,https://img.travel.rakuten.co.jp/share/HOTEL/70237/70237map.gif,474.0,4.17,"駅からも近いので、車…　2026-05-07 19:38:23投稿 <a href=""https://img.travel.rakuten.co.jp/image/tr/api/re/gJNfM/?f_hotel_no=70237"" class=""3click"">つづきはこちら</a>",tk,禁煙ツイン,2708735.0,★【無料の元気朝食付】いつでも安心価格♪ビジネス・レジャーに！ 禁煙ツイン,1,0,0,1,0,1,https://img.travel.rakuten.co.jp/image/tr/api/re/IdsCY/?f_no=70237&f_syu=tk&f_hi1=2026-05-19&f_hi2=2026-05-20&f_heya_su=1&f_otona_su=1&f_s1=0&f_s2=0&f_y1=0&f_y2=0&f_y3=0&f_y4=0&f_camp_id=2708735,0,2026-05-19,11865,11865,0,2026-05-19,kitakyusyu
79492,ＨＯＴＥＬ　ＡＺ　北九州小倉店,https://img.travel.rakuten.co.jp/image/tr/api/re/pvonD/?f_no=79492,https://img.travel.rakuten.co.jp/image/tr/api/re/vFumt/?f_no=79492&f_flg=PLAN,https://img.travel.rakuten.co.jp/image/tr/api/re/WzozX/?noTomariHotel=79492,https://img.travel.rakuten.co.jp/image/tr/api/re/gJNfM/?f_hotel_no=79492,ほてる　えーぜっと　きたきゅうしゅうこくらてん,★無料駐車場254台完備♪大型車は有料。★朝食無料♪★小倉コロナワールドへは徒歩3分。★全室Ｗｉ-Ｆｉ・ＬＡＮ接続無料,5170,122023.83,471084.62,803-0801,福岡県,北九州市小倉北区西港町30-7,093-562-3311,093-562-3312,★JR小倉駅北口から車で10分 ★北九州都市高速　日明ＩＣ出口より１分（300ｍ）,無料駐車場254台あり　普通車：予約不要 、大型バス・2ｔ以上有料（予約制）,小倉（福岡）,https://img.travel.rakuten.co.jp/share/HOTEL/79492/79492.jpg,https://img.travel.rakuten.co.jp/HIMG/90/79492.jpg,https://img.travel.rakuten.co.jp/share/HOTEL/79492/79492_si.jpg,https://img.travel.rakuten.co.jp/HIMG/INTERIOR/79492.jpg,https://img.travel.rakuten.co.jp/share/HOTEL/79492/79492map.gif,1029.0,4.03,"クチコミの詳細はこちらから　http…　2026-04-29 23:29:16投稿 <a href=""https://img.travel.rakuten.co.jp/image/tr/api/re/gJNfM/?f_hotel_no=79492"" class=""3click"">つづきはこちら</a>",sn,【禁煙】シングル,6108813.0,スタンダードプラン（朝食サービス）,1,0,0,1,0,1,https://img.travel.rakuten.co.jp/image/tr/api/re/IdsCY/?f_no=79492&f_syu=sn&f_hi1=2026-05-19&f_hi2=2026-05-20&f_heya_su=1&f_otona_su=1&f_s1=0&f_s2=0&f_y1=0&f_y2=0&f_y3=0&f_y4=0&f_camp_id=6108813,0,2026-05-19,6380,6380,0,2026-05-19,kitakyusyu
78113,アルクイン黒崎,https://img.travel.rakuten.co.jp/image/tr/api/re/pvonD/?f_no=78113,https://img.travel.rakuten.co.jp/image/tr/api/re/vFumt/?f_no=78113&f_flg=PLAN,https://img.travel.rakuten.co.jp/image/tr/api/re/WzozX/?noTomariHotel=78113,https://img.travel.rakuten.co.jp/image/tr/api/re/gJNfM/?f_hotel_no=78113,あるくいんくろさき,【黒崎駅徒歩２分】■全室Wi-Fi/LAN■最新VOD700タイトル■繁華街コンビニ前■朝食サービス■提携駐車場35台,4600,121901.88,470764.66,806-0021,福岡県,北九州市八幡西区黒崎3-2-1,093-632-8100,093-632-8183,ＪＲ黒崎駅より徒歩にて2分（福岡銀行隣）ホテル正面24時間コンビニローソン！,有り　提携駐車場【三和パーキング】◎1泊1000円【35台※先着順】,黒崎,https://img.travel.rakuten.co.jp/share/HOTEL/78113/78113.jpg,https://img.travel.rakuten.co.jp/HIMG/90/78113.jpg,https://img.travel.rakuten.co.jp/share/HOTEL/78113/78113_room.jpg,https://img.travel.rakuten.co.jp/HIMG/INTERIOR/78113.jpg,https://img.travel.rakuten.co.jp/share/HOTEL/78113/78113map.gif,1407.0,4.13,"クチコミの詳細はこちらから　https://review.travel.rakuten.co.jp/hotel/voice/78113?reviewId=33123477590…　2026-05-10 17:56:57投稿 <a href=""https://img.travel.rakuten.co.jp/image/tr/api/re/gJNfM/?f_hotel_no=78113"" class=""3click"">つづきはこちら</a>",ns,【禁煙】★1ベッドルーム（セミダブル 122ｃｍ幅）★,6108351.0,★期間限定「ウェルカムプラン♪」お得にステイ 　軽朝食サービス付き★,1,0,0,1,0,1,https://img.travel.rakuten.co.jp/image/tr/api/re/IdsCY/?f_no=78113&f_syu=ns&f_hi1=2026-05-19&f_hi2=2026-05-20&f_heya_su=1&f_otona_su=1&f_s1=0&f_s2=0&f_y1=0&f_y2=0&f_y3=0&f_y4=0&f_camp_id=6108351,0,2026-05-19,7020,7020,0,2026-05-19,kitakyusyu
168783,アートホテル小倉　ニュータガワ,https://img.travel.rakuten.co.jp/image/tr/api/re/pvonD/?f_no=168783,https://img.travel.rakuten.co.jp/image/tr/api/re/vFumt/?f_no=168783&f_flg=PLAN,https://img.travel.rakuten.co.jp/image/tr/api/re/WzozX/?noTomariHotel=168783,https://img.travel.rakuten.co.jp/image/tr/api/re/gJNfM/?f_hotel_no=168783,あーとほてるこくら　にゅーたがわ,小倉の街中に位置　小倉駅徒歩8分！全室無料Wi-Fi、空気清浄機、全機種用充電器完備！和洋ビュッフェ　癒しの日本庭園散策,2550,121954.48,471180.78,802-0082,福岡県,北九州市小倉北区古船場町3-46,093-521-7000,093-521-7522,ＪＲ小倉駅より徒歩にて約８分／モノレール旦過駅より徒歩2分,提携駐車場有　３１０台　１5００円（税込／泊)　※出入庫不可　その他近隣コインパーキング有,小倉（福岡）,https://img.travel.rakuten.co.jp/share/HOTEL/168783/168783.jpg,https://img.travel.rakuten.co.jp/HIMG/90/168783.jpg,,,https://img.travel.rakuten.co.jp/share/HOTEL/168783/168783map.gif,958.0,4.04,"ホテル近くにはたくさん駐車場があり良かったです。お部屋は設備古めでしたがお安く泊まることができて良かったです。絵がたくさんあり良く言ってレトロな感じ。トイレにトイレ…　2026-05-10 13:50:52投稿 <a href=""https://img.travel.rakuten.co.jp/image/tr/api/re/gJNfM/?f_hotel_no=168783"" class=""3click"">つづきはこちら</a>",t1n,【禁煙】スーペリアツイン（大人定員2名様）,5117521.0,広々としたお部屋を独り占め！ツインシングルユースプラン,1,0,0,0,0,1,https://img.travel.rakuten.co.jp/image/tr/api/re/IdsCY/?f_no=168783&f_syu=t1n&f_hi1=2026-05-19&f_hi2=2026-05-20&f_heya_su=1&f_otona_su=1&f_s1=0&f_s2=0&f_y1=0&f_y2=0&f_y3=0&f_y4=0&f_camp_id=5117521,0,2026-05-19,9450,9450,0,2026-05-19,kitakyusyu
187453,クインテッサホテル小倉　Ｃｏｍｉｃ＆Ｂｏｏｋｓ,https://img.travel.rakuten.co.jp/image/tr/api/re/pvonD/?f_no=187453,https://img.travel.rakuten.co.jp/image/tr/api/re/vFumt/?f_no=187453&f_flg=PLAN,https://img.travel.rakuten.co.jp/image/tr/api/re/WzozX/?noTomariHotel=187453,https://img.travel.rakuten.co.jp/image/tr/api/re/gJNfM/?f_hotel_no=187453,くいんてっさほてるこくら　こみっくあんどぶっくす,"小倉駅近アクセス良好。JR博多駅から新幹線で15分程。約10,000冊のMANGA読み放題  オリジナルカレーが楽しめる",3800,121985.04,471180.14,802-0001,福岡県,北九州市小倉北区浅野1-3-6,093-522-8800,093-522-8801,JR小倉新幹線口（北口）から徒歩2分、JR博多駅から新幹線で約15分、北九州空港からエアポートバスで約40分,先着17台（身障者用1台含む/予約不可）1泊（12：00〜翌11：00）1000円〜上限1500円,小倉（福岡）,https://img.travel.rakuten.co.jp/share/HOTEL/187453/187453.jpg,https://img.travel.rakuten.co.jp/HIMG/90/187453.jpg,,,https://img.travel.rakuten.co.jp/share/HOTEL/187453/187453map.gif,465.0,4.2,"クチコミの詳細はこちらから　https://review.travel.rakuten.co.jp/hote…　2026-05-14 08:29:18投稿 <a href=""https://img.travel.rakuten.co.jp/image/tr/api/re/gJNfM/?f_hotel_no=187453"" class=""3click"">つづきはこちら</a>",dan,スタンダードダブル,5970936.0,【楽パック★スペシャル】MANGA読み放題＆カレー食べ放題！カップルやお友達でのご利用に(軽食無料),1,0,0,1,0,1,https://img.travel.rakuten.co.jp/image/tr/api/re/IdsCY/?f_no=187453&f_syu=dan&f_hi1=2026-05-19&f_hi2=2026-05-20&f_heya_su=1&f_otona_su=1&f_s1=0&f_s2=0&f_y1=0&f_y2=0&f_y3=0&f_y4=0&f_camp_id=5970936,0,2026-05-19,10000,10000,0,2026-05-19,kitakyusyu
146120,ホテルリリーフ　小倉駅前,https://img.travel.rakuten.co.jp/image/tr/api/re/pvonD/?f_no=146120,https://img.travel.rakuten.co.jp/image/tr/api/re/vFumt/?f_no=146120&f_flg=PLAN,https://img.travel.rakuten.co.jp/image/tr/api/re/WzozX/?noTomariHotel=146120,https://img.travel.rakuten.co.jp/image/tr/api/re/gJNfM/?f_hotel_no=146120,ほてるりりーふこくらえきまえ　,【2025年7月1日リニューアルオープン！】小倉駅小倉城口（南口）徒歩２分の好立地★朝食ビュッフェとラウンジ開始！,3825,121974.65,471188.47,802-0002,福岡県,北九州市小倉北区京町3-6-1,093-513-0088,093-513-0022,小倉駅小倉城口（南口）徒歩約2分の好立地！！,事前予約制の専用駐車場が3台と提携駐車場がございます。ご利用の際はお電話にてお問い合わせ下さい。,小倉（福岡）,https://img.travel.rakuten.co.jp/share/HOTEL/146120/146120.jpg,https://img.travel.rakuten.co.jp/HIMG/90/146120.jpg,https://img.travel.rakuten.co.jp/share/HOTEL/146120/146120_room.jpg,https://img.travel.rakuten.co.jp/HIMG/INTERIOR/146120.jpg,https://img.travel.rakuten.co.jp/share/HOTEL/146120/146120map.gif,963.0,3.96,"クチコミの詳細はこちらから　ht…　2026-05-11 22:11:44投稿 <a href=""https://img.travel.rakuten.co.jp/image/tr/api/re/gJNfM/?f_hotel_no=146120"" class=""3click"">つづきはこちら</a>",sd1200,本館：セミダブル【喫煙】★wifi無料★小倉駅から徒歩2分★,4422158.0,【素泊まり】22時レイトイン【ミッドナイトでお得！】,1,0,0,0,0,1,https://img.travel.rakuten.co.jp/image/tr/api/re/IdsCY/?f_no=146120&f_syu=sd1200&f_hi1=2026-05-19&f_hi2=2026-05-20&f_heya_su=1&f_otona_su=1&f_s1=0&f_s2=0&f_y1=0&f_y2=0&f_y3=0&f_y4=0&f_camp_id=4422158,0,2026-05-19,11200,11200,0,2026-05-19,kitakyusyu
187260,ディライトステイ黒崎駅前,https://img.travel.rakuten.co.jp/image/tr/api/re/pvonD/?f_no=187260,https://img.travel.rakuten.co.jp/image/tr/api/re/vFumt/?f_no=187260&f_flg=PLAN,https://img.travel.rakuten.co.jp/image/tr/api/re/WzozX/?noTomariHotel=187260,https://img.travel.rakuten.co.jp/image/tr/api/re/gJNfM/?f_hotel_no=187260,でいらいとすていくろさきえきまえ,JR黒崎駅より徒歩1分。ビジネスに、観光に、様々な目的のため幅広くご利用いただけます。,3400,121905.68,470764.14,806-0021,福岡県,北九州市八幡西区黒崎3-7-19,093-616-9888,093-616-9933,JR黒崎駅より徒歩1分,有り　2台　先着順　1泊1000円,黒崎,https://img.travel.rakuten.co.jp/share/HOTEL/187260/187260.jpg,https://img.travel.rakuten.co.jp/HIMG/90/187260.jpg,,,https://img.travel.rakuten.co.jp/share/HOTEL/187260/187260map.gif,389.0,4.53,"受付の方も親切にご対応ください…　2026-05-14 12:06:41投稿 <a href=""https://img.travel.rakuten.co.jp/image/tr/api/re/gJNfM/?f_hotel_no=187260"" class=""3click"">つづきはこちら</a>",0007,デラックスツイン　カップル　禁煙,5833136.0,カップル　ホテルプラン禁煙(1泊〜）,1,0,0,0,0,1,https://img.travel.rakuten.co.jp/image/tr/api/re/IdsCY/?f_no=187260&f_syu=0007&f_hi1=2026-05-19&f_hi2=2026-05-20&f_heya_su=1&f_otona_su=1&f_s1=0&f_s2=0&f_y1=0&f_y2=0&f_y3=0&f_y4=0&f_camp_id=5833136,0,2026-05-19,16000,16000,0,2026-05-19,kitakyusyu
70708,ＨＯＴＥＬ　ＡＺ　北九州八幡店,https://img.travel.rakuten.co.jp/image/tr/api/re/pvonD/?f_no=70708,https://img.travel.rakuten.co.jp/image/tr/api/re/vFumt/?f_no=70708&f_flg=PLAN,https://img.travel.rakuten.co.jp/image/tr/api/re/WzozX/?noTomariHotel=70708,https://img.travel.rakuten.co.jp/image/tr/api/re/gJNfM/?f_hotel_no=70708,ほてる　えーぜっと　きゅうしゅうやばたてん,ＪＲ八幡駅～徒歩５分☆都市高速出口そば☆無料駐車場先着１２７台！☆全室Wi-Fi・LAN接続無料☆朝食無料,5170,121923.25,470867.38,805-0071,福岡県,北九州市八幡東区東田1-7-7,093-663-3301,093-663-3303,ＪＲ八幡駅より徒歩５分（ＪＲ黒崎駅～1駅） 北九州都市高速『大谷ＪＣ 東田出口』目の前 黒崎駅～車で約10分,無料駐車場147台あり　普通車：予約不要 、中型車・大型車：要予約（有料）,八幡（福岡）,https://img.travel.rakuten.co.jp/share/HOTEL/70708/70708.jpg,https://img.travel.rakuten.co.jp/HIMG/90/70708.jpg,https://img.travel.rakuten.co.jp/share/HOTEL/70708/70708_kya.jpg,https://img.travel.rakuten.co.jp/HIMG/INTERIOR/70708.jpg,https://img.travel.rakuten.co.jp/share/HOTEL/70708/70708map.gif,1598.0,4.0,"クチコミの詳細はこちらから　https://review.travel.rakut…　2026-05-13 10:42:23投稿 <a href=""https://img.travel.rakuten.co.jp/image/tr/api/re/gJNfM/?f_hotel_no=70708"" class=""3click"">つづきはこちら</a>",sa,【喫煙】シングル,6109182.0,スタンダードプラン（朝食サービス）,1,0,0,1,0,1,https://img.travel.rakuten.co.jp/image/tr/api/re/IdsCY/?f_no=70708&f_syu=sa&f_hi1=2026-05-19&f_hi2=2026-05-20&f_heya_su=1&f_otona_su=1&f_s1=0&f_s2=0&f_y1=0&f_y2=0&f_y3=0&f_y4=0&f_camp_id=6109182,0,2026-05-19,6380,6380,0,2026-05-19,kitakyusyu
78112,アルクイン黒崎ＰＬＵＳ,https://img.travel.rakuten.co.jp/image/tr/api/re/pvonD/?f_no=78112,https://img.travel.rakuten.co.jp/image/tr/api/re/vFumt/?f_no=78112&f_flg=PLAN,https://img.travel.rakuten.co.jp/image/tr/api/re/WzozX/?noTomariHotel=78112,https://img.travel.rakuten.co.jp/image/tr/api/re/gJNfM/?f_hotel_no=78112,あるくいんくろさきぷらす,【黒崎駅から徒歩３分】繁華街の中心シンプルモダンなビジネスホテル。全室Wi-Fi接続無料！日替わりカレー＆朝食サービス！,4655,121898.6,470767.19,806-0021,福岡県,北九州市八幡西区黒崎2-10-2,093-632-8700,093-632-8778,【ＪＲ黒崎駅より徒歩にて３分】 黒崎の駅前中心部、コンビニ近く、飲食店、繁華街も側近で便利です,有り　提携駐車場【三和パーキング】◎1泊1000円【35台※先着順】,黒崎,https://img.travel.rakuten.co.jp/share/HOTEL/78112/78112.jpg,https://img.travel.rakuten.co.jp/HIMG/90/78112.jpg,https://img.travel.rakuten.co.jp/share/HOTEL/78112/78112_sin.jpg,https://img.travel.rakuten.co.jp/HIMG/INTERIOR/78112.jpg,https://img.travel.rakuten.co.jp/share/HOTEL/78112/78112map.gif,1495.0,4.24,"クチコミの詳細はこちらから　https://review.travel.ra…　2026-05-01 14:57:20投稿 <a href=""https://img.travel.rakuten.co.jp/image/tr/api/re/gJNfM/?f_hotel_no=78112"" class=""3click"">つづきはこちら</a>",ns,【禁煙】★１ベッドルーム（セミダブル122ｃｍ幅）★,6108387.0,★【11時OUT】発売記念「地球の歩き方 北九州市版　掲載記念プラン♪」軽朝食付 ★,1,0,0,1,0,1,https://img.travel.rakuten.co.jp/image/tr/api/re/IdsCY/?f_no=78112&f_syu=ns&f_hi1=2026-05-19&f_hi2=2026-05-20&f_heya_su=1&f_otona_su=1&f_s1=0&f_s2=0&f_y1=0&f_y2=0&f_y3=0&f_y4=0&f_camp_id=6108387,0,2026-05-19,7130,7130,0,2026-05-19,kitakyusyu
187404,リリーフ小倉ＡＮＮＥＸ　ＢＯＯＫ＆ＳＴＡＹ,https://img.travel.rakuten.co.jp/image/tr/api/re/pvonD/?f_no=187404,https://img.travel.rakuten.co.jp/image/tr/api/re/vFumt/?f_no=187404&f_flg=PLAN,,https://img.travel.rakuten.co.jp/image/tr/api/re/gJNfM/?f_hotel_no=187404,りりーふこくらあねっくすぶっくあんどすてい,「食べて」「休んで」「くつろいで」が全部詰まった泊まれるネットカフェ。,3100,121958.11,471193.79,802-0081,福岡県,北九州市小倉北区紺屋町12-16,093-521-5006,093-521-5013,小倉駅より徒歩10分,無し,小倉（福岡）,https://img.travel.rakuten.co.jp/share/HOTEL/187404/187404.jpg,https://img.travel.rakuten.co.jp/HIMG/90/187404.jpg,,,https://img.travel.rakuten.co.jp/share/HOTEL/187404/187404map.gif,254.0,3.76,"…　2026-05-03 16:57:35投稿 <a href=""https://img.travel.rakuten.co.jp/image/tr/api/re/gJNfM/?f_hotel_no=187404"" class=""3click"">つづきはこちら</a>",mid,ミッドナイト【禁煙】全室鍵付個室◇キャビンタイプおまかせ,5730082.0,20時以降のレイトインでお得にご宿泊♪【コミック4万冊＆ラウンジ】全室鍵付◇PC完備の広々キャビン,1,0,0,0,0,1,https://img.travel.rakuten.co.jp/image/tr/api/re/IdsCY/?f_no=187404&f_syu=mid&f_hi1=2026-05-19&f_hi2=2026-05-20&f_heya_su=1&f_otona_su=1&f_s1=0&f_s2=0&f_y1=0&f_y2=0&f_y3=0&f_y4=0&f_camp_id=5730082,0,2026-05-19,3200,3200,0,2026-05-19,kitakyusyu
68248,若松天然温泉「旅人の湯」ホテルルートイン北九州若松駅東,https://img.travel.rakuten.co.jp/image/tr/api/re/pvonD/?f_no=68248,https://img.travel.rakuten.co.jp/image/tr/api/re/vFumt/?f_no=68248&f_flg=PLAN,https://img.travel.rakuten.co.jp/image/tr/api/re/WzozX/?noTomariHotel=68248,https://img.travel.rakuten.co.jp/image/tr/api/re/gJNfM/?f_hotel_no=68248,わかまつてんねんおんせん　るーといんきたきゅうしゅうわかまつえきひがし,■天然温泉■バイキング朝食無料■駐車場無料（先着順）■全室ＷＯＷＯＷ■Wi-Fi■上層階コンフォートルームあり■,5175,122039.19,470916.69,808-0034,福岡県,北九州市若松区本町3-6-6,050-5576-8102,093-761-2811,JR筑豊本線 若松駅より徒歩約5分/九州道 八幡ICより約15km 車で約40分,無料駐車場64台（先着順）。満車の場合、近隣コインパーキング（有料）をご案内します。,若松,https://img.travel.rakuten.co.jp/share/HOTEL/68248/68248.jpg,https://img.travel.rakuten.co.jp/HIMG/90/68248.jpg,,,https://img.travel.rakuten.co.jp/share/HOTEL/68248/68248map.gif,867.0,4.14,"こ…　2026-05-14 17:28:26投稿 <a href=""https://img.travel.rakuten.co.jp/image/tr/api/re/gJNfM/?f_hotel_no=68248"" class=""3click"">つづきはこちら</a>",ns,【禁煙】シングルルーム ベット幅140,5443373.0,【事前カード決済がお得で早い】簡単チェックインでスムーズにお部屋へ■天然温泉大浴場■朝食無料■,1,0,0,1,0,2,https://img.travel.rakuten.co.jp/image/tr/api/re/IdsCY/?f_no=68248&f_syu=ns&f_hi1=2026-05-19&f_hi2=2026-05-20&f_heya_su=1&f_otona_su=1&f_s1=0&f_s2=0&f_y1=0&f_y2=0&f_y3=0&f_y4=0&f_camp_id=5443373,0,2026-05-19,10500,10500,0,2026-05-19,kitakyusyu
108386,東横ＩＮＮ小倉駅新幹線口,https://img.travel.rakuten.co.jp/image/tr/api/re/pvonD/?f_no=108386,https://img.travel.rakuten.co.jp/image/tr/api/re/vFumt/?f_no=108386&f_flg=PLAN,https://img.travel.rakuten.co.jp/image/tr/api/re/WzozX/?noTomariHotel=108386,https://img.travel.rakuten.co.jp/image/tr/api/re/gJNfM/?f_hotel_no=108386,とうよこいんこくらえきしんかんせんぐち,小倉城まで車で5分の立地で出発を応援！朝食・小学生以下添い寝無料で安心空間を提供いたします,5040,121978.65,471203.36,802-0001,福岡県,北九州市小倉北区浅野2-18-18,093-541-1045,093-541-1044,JR小倉駅新幹線口（北口）から徒歩5分,駐車場有　先着30台　1泊500円　,小倉（福岡）,https://img.travel.rakuten.co.jp/share/HOTEL/108386/108386.jpg,https://img.travel.rakuten.co.jp/HIMG/90/108386.jpg,https://img.travel.rakuten.co.jp/share/HOTEL/108386/108386room1.jpg,https://img.travel.rakuten.co.jp/HIMG/INTERIOR/108386.jpg,https://img.travel.rakuten.co.jp/share/HOTEL/108386/108386map.gif,404.0,4.08,"バスルームも広いです。シャワーカーテンが浴槽…　2026-04-27 17:39:35投稿 <a href=""https://img.travel.rakuten.co.jp/image/tr/api/re/gJNfM/?f_hotel_no=108386"" class=""3click"">つづきはこちら</a>",sk,禁煙シングル,2736518.0,★【無料の元気朝食付】いつでも安心価格♪ビジネス・レジャーに！ 禁煙シングル,1,0,0,1,0,1,https://img.travel.rakuten.co.jp/image/tr/api/re/IdsCY/?f_no=108386&f_syu=sk&f_hi1=2026-05-19&f_hi2=2026-05-20&f_heya_su=1&f_otona_su=1&f_s1=0&f_s2=0&f_y1=0&f_y2=0&f_y3=0&f_y4=0&f_camp_id=2736518,0,2026-05-19,7980,7980,0,2026-05-19,kitakyusyu
5546,ホテルクラウンパレス小倉,https://img.travel.rakuten.co.jp/image/tr/api/re/pvonD/?f_no=5546,https://img.travel.rakuten.co.jp/image/tr/api/re/vFumt/?f_no=5546&f_flg=PLAN,https://img.travel.rakuten.co.jp/image/tr/api/re/WzozX/?noTomariHotel=5546,https://img.travel.rakuten.co.jp/image/tr/api/re/gJNfM/?f_hotel_no=5546,ほてるくらうんぱれすこくら,『環境未来都市・北九州市』の中心地。紫川沿いに位置し徒歩圏内に観光施設多数あり♪コンビニはホテルの目の前！,4300,121963.3,471166.57,802-0077,福岡県,北九州市小倉北区馬借1-2-1,093-511-4111,093-511-4112,小倉駅から徒歩11分、お車3分、バス5分（詳細は施設紹介「アクセス・駐車場」項目をご覧ください）,"有り／1泊1,100円（税込・先着順）※ご予約は承っておりませんので予めご了承ください。",小倉（福岡）,https://img.travel.rakuten.co.jp/share/HOTEL/5546/5546.jpg,https://img.travel.rakuten.co.jp/HIMG/90/5546.jpg,https://img.travel.rakuten.co.jp/share/HOTEL/5546/5546_heya.jpg,https://img.travel.rakuten.co.jp/HIMG/INTERIOR/5546.jpg,https://img.travel.rakuten.co.jp/share/HOTEL/5546/5546map.gif,1812.0,4.14,"クチコミの詳細はこちらから　https://review.tra…　2026-04-30 15:21:13投稿 <a href=""https://img.travel.rakuten.co.jp/image/tr/api/re/gJNfM/?f_hotel_no=5546"" class=""3click"">つづきはこちら</a>",sgl01,禁煙シングルルーム【18.5平米】＜街側＞,4407113.0,【スタンダード】小倉ゆったりステイ＜食事なし＞,1,0,0,0,0,1,https://img.travel.rakuten.co.jp/image/tr/api/re/IdsCY/?f_no=5546&f_syu=sgl01&f_hi1=2026-05-19&f_hi2=2026-05-20&f_heya_su=1&f_otona_su=1&f_s1=0&f_s2=0&f_y1=0&f_y2=0&f_y3=0&f_y4=0&f_camp_id=4407113,0,2026-05-19,8400,8400,0,2026-05-19,kitakyusyu
3164,プレミアホテル門司港,https://img.travel.rakuten.co.jp/image/tr/api/re/pvonD/?f_no=3164,https://img.travel.rakuten.co.jp/image/tr/api/re/vFumt/?f_no=3164&f_flg=PLAN,https://img.travel.rakuten.co.jp/image/tr/api/re/WzozX/?noTomariHotel=3164,https://img.travel.rakuten.co.jp/image/tr/api/re/gJNfM/?f_hotel_no=3164,もじこうほてる,門司港駅から徒歩2分！門司港レトロ地区の中心に位置するデザイナーズホテル♪高評価ブッフェ朝食と客室からの眺望が自慢！,3825,122195.69,471472.7,801-8503,福岡県,北九州市門司区港町9-11,093-321-1111,093-321-7111,【JR】 門司港駅から徒歩約2分（JR小倉駅から3駅15分で門司港駅到着）、【車】九州自動車道門司ICから約8分,"65台　1泊\1,100円（税込） ／ チェックアウト日の12時まで駐車可能です",門司港,https://img.travel.rakuten.co.jp/share/HOTEL/3164/3164.jpg,https://img.travel.rakuten.co.jp/HIMG/90/3164.jpg,https://img.travel.rakuten.co.jp/share/HOTEL/3164/3164_heya1.jpg,https://img.travel.rakuten.co.jp/HIMG/INTERIOR/3164.jpg,https://img.travel.rakuten.co.jp/share/HOTEL/3164/3164map.gif,3523.0,4.46,"宿泊当日に雨天だったため、フロントで傘の貸し出しを頼みましたが、「傘の貸し出しサービスは行っていない」と言われました…　2026-05-07 15:03:13投稿 <a href=""https://img.travel.rakuten.co.jp/image/tr/api/re/gJNfM/?f_hotel_no=3164"" class=""3click"">つづきはこちら</a>",wblb,ダブル 『レトロ街側』 18平米/BED160cm x 1台,5081684.0,【スタンダード】シンプルステイ 素泊まりプラン（食事なし）,1,0,0,0,0,1,https://img.travel.rakuten.co.jp/image/tr/api/re/IdsCY/?f_no=3164&f_syu=wblb&f_hi1=2026-05-19&f_hi2=2026-05-20&f_heya_su=1&f_otona_su=1&f_s1=0&f_s2=0&f_y1=0&f_y2=0&f_y3=0&f_y4=0&f_camp_id=5081684,0,2026-05-19,20400,20400,0,2026-05-19,kitakyusyu
137993,ホテル１ー２ー３小倉,https://img.travel.rakuten.co.jp/image/tr/api/re/pvonD/?f_no=137993,https://img.travel.rakuten.co.jp/image/tr/api/re/vFumt/?f_no=137993&f_flg=PLAN,https://img.travel.rakuten.co.jp/image/tr/api/re/WzozX/?noTomariHotel=137993,https://img.travel.rakuten.co.jp/image/tr/api/re/gJNfM/?f_hotel_no=137993,わんつーすりーこくら,★小倉で唯一１階にファミリーマートがあるホテル★全館Ｗｉ－Ｆｉ無料！小倉の中心街にありビジネスや観光に大変便利な立地,2975,121958.26,471178.65,802-0082,福岡県,北九州市小倉北区古船場1-1,093-513-0018,093-513-1018,ＪＲ小倉駅から北九州モノレールで２駅（１００円）旦過駅下車０分（目の前）,提携駐車場有り　【中央第一駐車場】（14：00〜11：00　1000円/1泊）,小倉（福岡）,https://img.travel.rakuten.co.jp/share/HOTEL/137993/137993.jpg,https://img.travel.rakuten.co.jp/HIMG/90/137993.jpg,https://img.travel.rakuten.co.jp/share/HOTEL/137993/137993_kya.jpg,https://img.travel.rakuten.co.jp/HIMG/INTERIOR/137993.jpg,https://img.travel.rakuten.co.jp/share/HOTEL/137993/137993map.gif,1077.0,3.51,"1シャワートイレが作動しませんでした(7…　2026-05-13 10:07:57投稿 <a href=""https://img.travel.rakuten.co.jp/image/tr/api/re/gJNfM/?f_hotel_no=137993"" class=""3click"">つづきはこちら</a>",oman,部屋タイプおまかせ★禁煙室,4714619.0,【部屋タイプおまかせ】割引プラン（クレジット利用可 ）　※朝食無料,1,0,0,0,0,1,https://img.travel.rakuten.co.jp/image/tr/api/re/IdsCY/?f_no=137993&f_syu=oman&f_hi1=2026-05-19&f_hi2=2026-05-20&f_heya_su=1&f_otona_su=1&f_s1=0&f_s2=0&f_y1=0&f_y2=0&f_y3=0&f_y4=0&f_camp_id=4714619,0,2026-05-19,6800,6800,0,2026-05-19,kitakyusyu
189091,ホテルリリーフ小倉ＡＮＮＥＸ,https://img.travel.rakuten.co.jp/image/tr/api/re/pvonD/?f_no=189091,https://img.travel.rakuten.co.jp/image/tr/api/re/vFumt/?f_no=189091&f_flg=PLAN,https://img.travel.rakuten.co.jp/image/tr/api/re/WzozX/?noTomariHotel=189091,https://img.travel.rakuten.co.jp/image/tr/api/re/gJNfM/?f_hotel_no=189091,りりーふこくらあねっくす,宿泊業界最大級の４万冊以上のコミックを保有！２４時間フリーフード＆フリードリンクが無料！,2190,121958.11,471193.79,802-0081,福岡県,北九州市小倉北区紺屋町12-16,093-521-5006,000-000-0000,小倉駅より徒歩約１５分、旦過駅より徒歩約８分,"有り：２台　15時〜翌朝10時迄：1,000円【要予約】",小倉（福岡）,https://img.travel.rakuten.co.jp/share/HOTEL/189091/189091.jpg,https://img.travel.rakuten.co.jp/HIMG/90/189091.jpg,,,https://img.travel.rakuten.co.jp/share/HOTEL/189091/189091map.gif,211.0,4.03,"フリーフードはパンの種類…　2026-05-03 11:02:23投稿 <a href=""https://img.travel.rakuten.co.jp/image/tr/api/re/gJNfM/?f_hotel_no=189091"" class=""3click"">つづきはこちら</a>",sw,【喫煙】セミダブル/定員1~2名,5893534.0,【シンプルステイ】コミック4万冊＆ゆったりラウンジ♪(ドリンクバー＆軽食フリー),1,0,0,1,0,1,https://img.travel.rakuten.co.jp/image/tr/api/re/IdsCY/?f_no=189091&f_syu=sw&f_hi1=2026-05-19&f_hi2=2026-05-20&f_heya_su=1&f_otona_su=1&f_s1=0&f_s2=0&f_y1=0&f_y2=0&f_y3=0&f_y4=0&f_camp_id=5893534,0,2026-05-19,8000,8000,0,2026-05-19,kitakyusyu
16289,アーバンホテル　かじまち,https://img.travel.rakuten.co.jp/image/tr/api/re/pvonD/?f_no=16289,https://img.travel.rakuten.co.jp/image/tr/api/re/vFumt/?f_no=16289&f_flg=PLAN,https://img.travel.rakuten.co.jp/image/tr/api/re/WzozX/?noTomariHotel=16289,https://img.travel.rakuten.co.jp/image/tr/api/re/gJNfM/?f_hotel_no=16289,あーばんほてる　かじまち,ＪＲ小倉駅南口から徒歩5分。立地は最高。ホテル周辺は小倉の味を代表する名店が勢揃い。森鴎外旧居・小倉城徒歩圏内。,3000,121967.75,471188.69,802-0004,福岡県,北九州市小倉北区鍛冶町1-5-13,093-551-8881,093-551-9888,◆ＪＲ小倉駅南口を出て、モノレール通り小倉駅前交差点を左折。詳しくはトップ画面アクセスページでご確認を◆,"提携駐車場有り。800円〜1,000円※駐車場先で料金・時間帯等の内容が異なる。",小倉（福岡）,https://img.travel.rakuten.co.jp/share/HOTEL/16289/16289.jpg,https://img.travel.rakuten.co.jp/HIMG/90/16289.jpg,https://img.travel.rakuten.co.jp/share/HOTEL/16289/16289_sig.jpg,https://img.travel.rakuten.co.jp/HIMG/INTERIOR/16289.jpg,https://img.travel.rakuten.co.jp/share/HOTEL/16289/16289map.gif,1054.0,3.92,"クチコミの詳細はこちらから　https://review.travel.rakut…　2026-04-05 20:49:56投稿 <a href=""https://img.travel.rakuten.co.jp/image/tr/api/re/gJNfM/?f_hotel_no=16289"" class=""3click"">つづきはこちら</a>",s11,シングル（喫煙室）,1644868.0,スタンダードプラン【シングル素泊まり】♪ダブルベッドでゆったり♪,1,0,0,0,0,1,https://img.travel.rakuten.co.jp/image/tr/api/re/IdsCY/?f_no=16289&f_syu=s11&f_hi1=2026-05-19&f_hi2=2026-05-20&f_heya_su=1&f_otona_su=1&f_s1=0&f_s2=0&f_y1=0&f_y2=0&f_y3=0&f_y4=0&f_camp_id=1644868,0,2026-05-19,6000,6000,0,2026-05-19,kitakyusyu
1940,ホテルクラウンパレス北九州,https://img.travel.rakuten.co.jp/image/tr/api/re/pvonD/?f_no=1940,https://img.travel.rakuten.co.jp/image/tr/api/re/vFumt/?f_no=1940&f_flg=PLAN,https://img.travel.rakuten.co.jp/image/tr/api/re/WzozX/?noTomariHotel=1940,https://img.travel.rakuten.co.jp/image/tr/api/re/gJNfM/?f_hotel_no=1940,くらうんぱれすきたきゅうしゅう,黒崎駅からお車で5分（徒歩約15分）☆ご宿泊者無料の平面駐車場完備！朝食は40品目以上の和洋バイキング♪,4290,121876.54,470751.68,806-8585,福岡県,北九州市八幡西区東曲里町3-1,093-631-7710,093-631-1148,JR黒崎駅下車（小倉駅より約20分~25分・博多駅より特急で約30分）タクシーでわずか5分　ホテル⇔北九州空港　バス有り,"普通車無料（先着順）／大型車（8トン以上）1台1泊5,500円（税込）※要予約",黒崎,https://img.travel.rakuten.co.jp/share/HOTEL/1940/1940.jpg,https://img.travel.rakuten.co.jp/HIMG/90/1940.jpg,https://img.travel.rakuten.co.jp/share/HOTEL/1940/1940_s.jpg,https://img.travel.rakuten.co.jp/HIMG/INTERIOR/1940.jpg,https://img.travel.rakuten.co.jp/share/HOTEL/1940/1940map.gif,1667.0,4.01,"立派な建物を外から見たことがありましたが、今回、思いがけず、GW中に8…　2026-05-09 20:54:47投稿 <a href=""https://img.travel.rakuten.co.jp/image/tr/api/re/gJNfM/?f_hotel_no=1940"" class=""3click"">つづきはこちら</a>",sgl,シングルルーム【禁煙・１６平米】,4403226.0,☆【スタンダード】ご宿泊者駐車場無料！チェックイン14時／チェックアウト12時＜素泊り＞,1,0,0,0,0,1,https://img.travel.rakuten.co.jp/image/tr/api/re/IdsCY/?f_no=1940&f_syu=sgl&f_hi1=2026-05-19&f_hi2=2026-05-20&f_heya_su=1&f_otona_su=1&f_s1=0&f_s2=0&f_y1=0&f_y2=0&f_y3=0&f_y4=0&f_camp_id=4403226,0,2026-05-19,6710,6710,0,2026-05-19,kitakyusyu
144951,ＨＯＴＥＬ　ＡＺ　北九州若松店,https://img.travel.rakuten.co.jp/image/tr/api/re/pvonD/?f_no=144951,https://img.travel.rakuten.co.jp/image/tr/api/re/vFumt/?f_no=144951&f_flg=PLAN,https://img.travel.rakuten.co.jp/image/tr/api/re/WzozX/?noTomariHotel=144951,https://img.travel.rakuten.co.jp/image/tr/api/re/gJNfM/?f_hotel_no=144951,ほてる　えーぜっと　きたきゅうしゅうわかまつてん,北九州都市高速　若戸大橋ICより車で約17分。無料平面駐車場無料★朝食無料★インターネット接続無料,4510,121994.95,470682.22,808-0103,福岡県,北九州市若松区二島１-4-20,093-701-3303,093-701-3304,ＪＲ　二島駅より徒歩にて７分,無料駐車場56台あり　普通車：予約不要 、中型車・大型車：要予約（有料）,二島,https://img.travel.rakuten.co.jp/share/HOTEL/144951/144951.jpg,https://img.travel.rakuten.co.jp/HIMG/90/144951.jpg,https://img.travel.rakuten.co.jp/share/HOTEL/144951/144951_kya1.jpg,https://img.travel.rakuten.co.jp/HIMG/INTERIOR/144951.jpg,https://img.travel.rakuten.co.jp/share/HOTEL/144951/144951map.gif,345.0,4.03,"スタートできお気に入りの…　2026-05-14 17:23:45投稿 <a href=""https://img.travel.rakuten.co.jp/image/tr/api/re/gJNfM/?f_hotel_no=144951"" class=""3click"">つづきはこちら</a>",001,【禁煙】シングル,6109055.0,スタンダードプラン（朝食サービス）,1,0,0,1,0,1,https://img.travel.rakuten.co.jp/image/tr/api/re/IdsCY/?f_no=144951&f_syu=001&f_hi1=2026-05-19&f_hi2=2026-05-20&f_heya_su=1&f_otona_su=1&f_s1=0&f_s2=0&f_y1=0&f_y2=0&f_y3=0&f_y4=0&f_camp_id=6109055,0,2026-05-19,6380,6380,0,2026-05-19,kitakyusyu
390,リコホテル小倉,https://img.travel.rakuten.co.jp/image/tr/api/re/pvonD/?f_no=390,https://img.travel.rakuten.co.jp/image/tr/api/re/vFumt/?f_no=390&f_flg=PLAN,https://img.travel.rakuten.co.jp/image/tr/api/re/WzozX/?noTomariHotel=390,https://img.travel.rakuten.co.jp/image/tr/api/re/gJNfM/?f_hotel_no=390,りこほてる　こくら,小倉駅より歩いて３分、ビジネスに便利！　ホテル１Fにライブハウスあり！（シャンソン・ジャズ・クラシックが主です）,4500,121981.69,471174.35,802-0008,福岡県,北九州市小倉北区船頭町3-31,093-521-4444,093-521-6839,ＪＲ「小倉駅 」南口より徒歩３分　北九州空港　車で４０分,有り　12台　一回900円（予約不可）  トラック・バス不可　移動させる為、車の鍵をお預りします。,小倉（福岡）,https://img.travel.rakuten.co.jp/share/HOTEL/390/390.jpg,https://img.travel.rakuten.co.jp/HIMG/90/390.jpg,https://img.travel.rakuten.co.jp/share/HOTEL/390/390_sgl.gif,https://img.travel.rakuten.co.jp/HIMG/INTERIOR/390.gif,https://img.travel.rakuten.co.jp/share/HOTEL/390/390map.gif,1239.0,2.74,"ベッドに小蝿の死骸がありました。掛け布団も使い古しでシミがあり不衛生なイメージです。休日は、近隣の新築で大手のビジホに比べ8割の料金。これは割高だと思いました…　2026-05-05 22:30:16投稿 <a href=""https://img.travel.rakuten.co.jp/image/tr/api/re/gJNfM/?f_hotel_no=390"" class=""3click"">つづきはこちら</a>",sbf2,WiFi対応【禁煙】シングルルームBF,4411155.0,得々プラン！　朝カレー付 　,1,0,0,1,0,1,https://img.travel.rakuten.co.jp/image/tr/api/re/IdsCY/?f_no=390&f_syu=sbf2&f_hi1=2026-05-19&f_hi2=2026-05-20&f_heya_su=1&f_otona_su=1&f_s1=0&f_s2=0&f_y1=0&f_y2=0&f_y3=0&f_y4=0&f_camp_id=4411155,0,2026-05-19,5800,5800,1,2026-05-19,kitakyusyu
25112,サウナ＆カプセルホテル　グリーンランド小倉,https://img.travel.rakuten.co.jp/image/tr/api/re/pvonD/?f_no=25112,https://img.travel.rakuten.co.jp/image/tr/api/re/vFumt/?f_no=25112&f_flg=PLAN,,https://img.travel.rakuten.co.jp/image/tr/api/re/gJNfM/?f_hotel_no=25112,さうなあんどかぷせるほてる　ぐりーんらんど　こくら,【24H風呂サウナ入り放題】【WiFi無料】【コンビニ徒歩1分】北九州最大のサウナ＆カプセルホテル。,3500,121978.33,471176.59,802-0002,福岡県,北九州市小倉北区京町2-1-7,093-521-6211,093-521-6357,ＪＲ鹿児島本線・小倉駅〜徒歩２分,無し ,小倉（福岡）,https://img.travel.rakuten.co.jp/share/HOTEL/25112/25112.jpg,https://img.travel.rakuten.co.jp/HIMG/90/25112.jpg,https://img.travel.rakuten.co.jp/share/HOTEL/25112/25112_b.jpg,https://img.travel.rakuten.co.jp/HIMG/INTERIOR/25112.jpg,https://img.travel.rakuten.co.jp/share/HOTEL/25112/25112map.gif,515.0,3.79,"クチコミの詳細はこちらから　https://…　2026-05-10 20:21:55投稿 <a href=""https://img.travel.rakuten.co.jp/image/tr/api/re/gJNfM/?f_hotel_no=25112"" class=""3click"">つづきはこちら</a>",gl0002,【男性のお客様専用】カプセルルームご宿泊,5676646.0,【男性のお客様専用】 　カプセルームご宿泊プラン　（女性のお客様はご利用頂けません。）,1,0,0,0,0,1,https://img.travel.rakuten.co.jp/image/tr/api/re/IdsCY/?f_no=25112&f_syu=gl0002&f_hi1=2026-05-19&f_hi2=2026-05-20&f_heya_su=1&f_otona_su=1&f_s1=0&f_s2=0&f_y1=0&f_y2=0&f_y3=0&f_y4=0&f_camp_id=5676646,0,2026-05-19,3500,3500,1,2026-05-19,kitakyusyu
44272,ビジネスホテル門司,https://img.travel.rakuten.co.jp/image/tr/api/re/pvonD/?f_no=44272,https://img.travel.rakuten.co.jp/image/tr/api/re/vFumt/?f_no=44272&f_flg=PLAN,https://img.travel.rakuten.co.jp/image/tr/api/re/WzozX/?noTomariHotel=44272,https://img.travel.rakuten.co.jp/image/tr/api/re/gJNfM/?f_hotel_no=44272,もじ,総合評価★★★★4つ星♪門司駅前に位置。新小文字病院徒歩10分。アットホームな雰囲気で常連客多い。朝食サービスも好評。,3200,122039.82,471371.6,800-0025,福岡県,北九州市門司区柳町2-2-13,093-391-7773,093-391-4455,ＪＲ　門司駅南口より徒歩で1分／都市高速　大里インターより車で５分　新小文字病院徒歩10分,有料： タイムズ（ホテル横）600円・ドゥリベール（ホテルはす向かい）3台あり　1台500円　,門司,https://img.travel.rakuten.co.jp/share/HOTEL/44272/44272.jpg,https://img.travel.rakuten.co.jp/HIMG/90/44272.jpg,https://img.travel.rakuten.co.jp/share/HOTEL/44272/44272_wa.jpg,https://img.travel.rakuten.co.jp/HIMG/INTERIOR/44272.jpg,https://img.travel.rakuten.co.jp/share/HOTEL/44272/44272map.gif,454.0,4.03,"駅から信号を渡らないといけないですが、至近なので便利でした。海外からのお客さんが階段しかなく大きな荷物を2階まで上げるのが大変そうだったので、大きな荷物の人はフロ…　2026-05-06 12:47:44投稿 <a href=""https://img.travel.rakuten.co.jp/image/tr/api/re/gJNfM/?f_hotel_no=44272"" class=""3click"">つづきはこちら</a>",y1-2,洋室（朝食付）◆門司駅南口より徒歩1分◆,2663020.0,シングルプラン◆大人気♪朝ごはん(モーニング)付◆門司駅南口より徒歩１分◆,1,0,0,1,0,1,https://img.travel.rakuten.co.jp/image/tr/api/re/IdsCY/?f_no=44272&f_syu=y1-2&f_hi1=2026-05-19&f_hi2=2026-05-20&f_heya_su=1&f_otona_su=1&f_s1=0&f_s2=0&f_y1=0&f_y2=0&f_y3=0&f_y4=0&f_camp_id=2663020,0,2026-05-19,4500,4500,0,2026-05-19,kitakyusyu
10863,千草ホテル,https://img.travel.rakuten.co.jp/image/tr/api/re/pvonD/?f_no=10863,https://img.travel.rakuten.co.jp/image/tr/api/re/vFumt/?f_no=10863&f_flg=PLAN,https://img.travel.rakuten.co.jp/image/tr/api/re/WzozX/?noTomariHotel=10863,https://img.travel.rakuten.co.jp/image/tr/api/re/gJNfM/?f_hotel_no=10863,ちぐさほてる,『地産地消ビュッフェ』【平面駐車場無料】+【全室23㎡以上】+【Wi-Fi完備】+【無料ラウンジ】,3720,121906.73,470890.82,8050061,福岡県,北九州市八幡東区西本町1-1-1,093-671-1131,093-661-3155,ＪＲ八幡駅から「徒歩10分」、北九州都市高速「車で5分」、ＪＲ小倉駅からＪＲ八幡駅「快速電車で11分」,平面駐車場無料【　80台　】※先着順、出し入れ何度でも可能,八幡（福岡）,https://img.travel.rakuten.co.jp/share/HOTEL/10863/10863.jpg,https://img.travel.rakuten.co.jp/HIMG/90/10863.jpg,https://img.travel.rakuten.co.jp/share/HOTEL/10863/10863_war.jpg,https://img.travel.rakuten.co.jp/HIMG/INTERIOR/10863.jpg,https://img.travel.rakuten.co.jp/share/HOTEL/10863/10863map.gif,399.0,4.36,"…　2026-05-08 02:37:29投稿 <a href=""https://img.travel.rakuten.co.jp/image/tr/api/re/gJNfM/?f_hotel_no=10863"" class=""3click"">つづきはこちら</a>",yd_no_b_s,【訳あり和室＜バス・シャワーなし＞】10畳／トイレのみ,6223575.0,【訳ありプラン-素泊まり】＜バス・シャワーなし客室＞訳ありだからお得に宿泊できる！,1,0,0,0,0,1,https://img.travel.rakuten.co.jp/image/tr/api/re/IdsCY/?f_no=10863&f_syu=yd_no_b_s&f_hi1=2026-05-19&f_hi2=2026-05-20&f_heya_su=1&f_otona_su=1&f_s1=0&f_s2=0&f_y1=0&f_y2=0&f_y3=0&f_y4=0&f_camp_id=6223575,0,2026-05-19,5900,5900,0,2026-05-19,kitakyusyu
181251,ホテルリブマックス小倉駅前,https://img.travel.rakuten.co.jp/image/tr/api/re/pvonD/?f_no=181251,https://img.travel.rakuten.co.jp/image/tr/api/re/vFumt/?f_no=181251&f_flg=PLAN,https://img.travel.rakuten.co.jp/image/tr/api/re/WzozX/?noTomariHotel=181251,https://img.travel.rakuten.co.jp/image/tr/api/re/gJNfM/?f_hotel_no=181251,りぶまっくすこくらえきまえ,2020年10月グランドオープン！小倉駅徒歩３０秒！非対面チェックイン機導入済 全客室充実のルームアイテムを採用♪,2975,121980.47,471179.92,802-0002,福岡県,北九州市小倉北区京町2-3-2,093-511-3350,093-511-3351,ＪＲ　小倉駅　小倉城口　目の前のロータリーより徒歩にてすぐ！！（駅近の好立地ホテル）,無し,小倉（福岡）,https://img.travel.rakuten.co.jp/share/HOTEL/181251/181251.jpg,https://img.travel.rakuten.co.jp/HIMG/90/181251.jpg,,,https://img.travel.rakuten.co.jp/share/HOTEL/181251/181251map.gif,358.0,3.8,"部屋の…　2026-05-02 22:44:44投稿 <a href=""https://img.travel.rakuten.co.jp/image/tr/api/re/gJNfM/?f_hotel_no=181251"" class=""3click"">つづきはこちら</a>",sin-s,☆シングルルーム禁煙☆ベッド幅120cm×195cm☆1台☆,5722173.0,【リブマックスセール】《15％OFF》ホテルリブマックス小倉駅前【素泊り】,1,0,0,0,0,1,https://img.travel.rakuten.co.jp/image/tr/api/re/IdsCY/?f_no=181251&f_syu=sin-s&f_hi1=2026-05-19&f_hi2=2026-05-20&f_heya_su=1&f_otona_su=1&f_s1=0&f_s2=0&f_y1=0&f_y2=0&f_y3=0&f_y4=0&f_camp_id=5722173,0,2026-05-19,11050,11050,0,2026-05-19,kitakyusyu
14866,小倉リーセントホテル,https://img.travel.rakuten.co.jp/image/tr/api/re/pvonD/?f_no=14866,https://img.travel.rakuten.co.jp/image/tr/api/re/vFumt/?f_no=14866&f_flg=PLAN,https://img.travel.rakuten.co.jp/image/tr/api/re/WzozX/?noTomariHotel=14866,https://img.travel.rakuten.co.jp/image/tr/api/re/gJNfM/?f_hotel_no=14866,こくら　りーせんとほてる,◆JR小倉駅より徒歩16分◆JR西小倉駅徒歩3分◆小倉城周辺徒歩3分圏内◆全客室Wi-Fi無料接続,3100,121980.26,471148.3,803-0811,福岡県,北九州市小倉北区大門1-1-17,093-581-5673,093-582-1789,JR小倉駅より徒歩１６分★JR西小倉駅南口徒歩３分★北九州高速道路４号線紫川インターより小倉駅方面へ大手町より約８分,1泊1100円,小倉（福岡）,https://img.travel.rakuten.co.jp/share/HOTEL/14866/14866.jpg,https://img.travel.rakuten.co.jp/HIMG/90/14866.jpg,https://img.travel.rakuten.co.jp/share/HOTEL/14866/14866_room.jpg,https://img.travel.rakuten.co.jp/HIMG/INTERIOR/14866.jpg,https://img.travel.rakuten.co.jp/share/HOTEL/14866/14866map.gif,1294.0,4.17,"もう少し新しい布団にリニューアルしていただけると今後泊…　2026-04-28 08:45:23投稿 <a href=""https://img.travel.rakuten.co.jp/image/tr/api/re/gJNfM/?f_hotel_no=14866"" class=""3click"">つづきはこちら</a>",jns,【禁煙】セミダブル,6090707.0,【素泊り】ビジネス・観光にピッタリ！お食事なしのシンプルプラン★小倉駅より徒歩16分★,1,0,0,0,0,1,https://img.travel.rakuten.co.jp/image/tr/api/re/IdsCY/?f_no=14866&f_syu=jns&f_hi1=2026-05-19&f_hi2=2026-05-20&f_heya_su=1&f_otona_su=1&f_s1=0&f_s2=0&f_y1=0&f_y2=0&f_y3=0&f_y4=0&f_camp_id=6090707,0,2026-05-19,6100,6100,0,2026-05-19,kitakyusyu
185112,Ｒａｋｕｔｅｎ　ＳＴＡＹ　小倉駅前,https://img.travel.rakuten.co.jp/image/tr/api/re/pvonD/?f_no=185112,https://img.travel.rakuten.co.jp/image/tr/api/re/vFumt/?f_no=185112&f_flg=PLAN,https://img.travel.rakuten.co.jp/image/tr/api/re/WzozX/?noTomariHotel=185112,https://img.travel.rakuten.co.jp/image/tr/api/re/gJNfM/?f_hotel_no=185112,らくてんすてい　こくらえきまえ,【最大6名まで宿泊可能】全部屋30㎡以上の広々とした客室には、キッチン付きのお部屋も。  小倉駅から約5分の好立地！,2080,121971.51,471190.0,802-0003,福岡県,北九州市小倉北区米町1-3-14　Ｒａｋｕｔｅｎ　ＳＴＡＹ小倉駅前,050-1750-9719,00-0000-0000,JR小倉駅から徒歩約5分　 JR小倉駅 小倉城口を出てセントシティ奥を左折、米町公園の向かいまで約200ｍ直進,無し,平和通,https://img.travel.rakuten.co.jp/share/HOTEL/185112/185112.jpg,https://img.travel.rakuten.co.jp/HIMG/90/185112.jpg,,,https://img.travel.rakuten.co.jp/share/HOTEL/185112/185112map.gif,225.0,4.29,"洗濯機がドラム式洗濯乾燥機だったので家族4人だと毎…　2026-05-04 21:12:03投稿 <a href=""https://img.travel.rakuten.co.jp/image/tr/api/re/gJNfM/?f_hotel_no=185112"" class=""3click"">つづきはこちら</a>",001,32平米　スタンダードツイン(ロングサイズ机完備),5940279.0,【直前割・20％OFF】急なお出かけでも安心！バス、キッチン完備で快適ステイ,1,0,0,0,0,2,https://img.travel.rakuten.co.jp/image/tr/api/re/IdsCY/?f_no=185112&f_syu=001&f_hi1=2026-05-19&f_hi2=2026-05-20&f_heya_su=1&f_otona_su=1&f_s1=0&f_s2=0&f_y1=0&f_y2=0&f_y3=0&f_y4=0&f_camp_id=5940279,0,2026-05-19,10400,10400,0,2026-05-19,kitakyusyu
108966,紀乃国屋ホテル,https://img.travel.rakuten.co.jp/image/tr/api/re/pvonD/?f_no=108966,https://img.travel.rakuten.co.jp/image/tr/api/re/vFumt/?f_no=108966&f_flg=PLAN,,https://img.travel.rakuten.co.jp/image/tr/api/re/gJNfM/?f_hotel_no=108966,きのくにやほてる,黒崎駅から徒歩５分。駅前商店街の中に位置し、周りに食事処がたくさん有ります。,3630,121900.32,470777.76,806-0028,福岡県,北九州市八幡西区熊手1-1-43,093-642-2221,093-621-1262,黒崎駅より徒歩にて５分,有り　３台　1泊500円　要電話予約,黒崎,https://img.travel.rakuten.co.jp/share/HOTEL/108966/108966.jpg,https://img.travel.rakuten.co.jp/HIMG/90/108966.jpg,https://img.travel.rakuten.co.jp/share/HOTEL/108966/108966_tw1.jpg,https://img.travel.rakuten.co.jp/HIMG/INTERIOR/108966.jpg,https://img.travel.rakuten.co.jp/share/HOTEL/108966/108966map.gif,136.0,3.91,"最…　2026-04-20 06:52:58投稿 <a href=""https://img.travel.rakuten.co.jp/image/tr/api/re/gJNfM/?f_hotel_no=108966"" class=""3click"">つづきはこちら</a>",s1,シングル◆トイレ付き◆別室に男女別シャワー室有り,4795773.0,◆素泊まりプラン◆,1,0,0,0,0,1,https://img.travel.rakuten.co.jp/image/tr/api/re/IdsCY/?f_no=108966&f_syu=s1&f_hi1=2026-05-19&f_hi2=2026-05-20&f_heya_su=1&f_otona_su=1&f_s1=0&f_s2=0&f_y1=0&f_y2=0&f_y3=0&f_y4=0&f_camp_id=4795773,0,2026-05-19,3630,3630,0,2026-05-19,kitakyusyu
129486,照葉スパリゾート門司店,https://img.travel.rakuten.co.jp/image/tr/api/re/pvonD/?f_no=129486,https://img.travel.rakuten.co.jp/image/tr/api/re/vFumt/?f_no=129486&f_flg=PLAN,https://img.travel.rakuten.co.jp/image/tr/api/re/WzozX/?noTomariHotel=129486,https://img.travel.rakuten.co.jp/image/tr/api/re/gJNfM/?f_hotel_no=129486,てりは　すぱりぞーと　もじてん,関門海峡を望む海沿いのホテルです。「門司港レトロ」まで車で15分と好アクセス,8000,122039.37,471345.85,800-0063,福岡県,北九州市門司区大里本町3-13-26,093-382-1010,093-382-1011,門司駅より徒歩にて10分　現在、当施設の巡回バスは運休中となっております。　公共交通機関をご利用の上ご来館ください。,有り　無料,門司,https://img.travel.rakuten.co.jp/share/HOTEL/129486/129486.jpg,https://img.travel.rakuten.co.jp/HIMG/90/129486.jpg,https://img.travel.rakuten.co.jp/share/HOTEL/129486/129486_ru.jpg,https://img.travel.rakuten.co.jp/HIMG/INTERIOR/129486.jpg,https://img.travel.rakuten.co.jp/share/HOTEL/129486/129486map.gif,618.0,3.97,"夜ご飯は無しにしていましたが、雨で外出も大変だったため、施設内のレストランでいただきました。こどもたちはアンパンマンのお子さまランチにテンションがあがって…　2026-05-05 22:28:16投稿 <a href=""https://img.travel.rakuten.co.jp/image/tr/api/re/gJNfM/?f_hotel_no=129486"" class=""3click"">つづきはこちら</a>",tt,スーペリアツイン,5661175.0,朝食ビュッフェ無料！〈岩盤浴付〉1日満喫プラン,1,0,0,0,0,1,https://img.travel.rakuten.co.jp/image/tr/api/re/IdsCY/?f_no=129486&f_syu=tt&f_hi1=2026-05-19&f_hi2=2026-05-20&f_heya_su=1&f_otona_su=1&f_s1=0&f_s2=0&f_y1=0&f_y2=0&f_y3=0&f_y4=0&f_camp_id=5661175,0,2026-05-19,20000,20000,0,2026-05-19,kitakyusyu
1225,ホテルポート門司,https://img.travel.rakuten.co.jp/image/tr/api/re/pvonD/?f_no=1225,https://img.travel.rakuten.co.jp/image/tr/api/re/vFumt/?f_no=1225&f_flg=PLAN,https://img.travel.rakuten.co.jp/image/tr/api/re/WzozX/?noTomariHotel=1225,https://img.travel.rakuten.co.jp/image/tr/api/re/gJNfM/?f_hotel_no=1225,ぽーと　もじ,海峡花火会場徒歩圏内｜門司港レトロ徒歩５分｜駐車場無料｜アダルトｃｈ無料放送｜漫画６０００冊読み放題,3900,122194.07,471491.38,801-0863,福岡県,北九州市門司区栄町11-29,093-331-0112,093-331-1004,鹿児島本線門司港駅から徒歩10分。九州道門司ICから車で10分。関門トンネル門司側入り口車で1分。,有り　15台　普通車のみ　要予約（無料）,門司港,https://img.travel.rakuten.co.jp/share/HOTEL/1225/1225.jpg,https://img.travel.rakuten.co.jp/HIMG/90/1225.jpg,https://img.travel.rakuten.co.jp/share/HOTEL/1225/1225_room.jpg,https://img.travel.rakuten.co.jp/HIMG/INTERIOR/1225.jpg,https://img.travel.rakuten.co.jp/share/HOTEL/1225/1225map.gif,1093.0,4.15,"喫煙ルームですが一般のホテルのように…　2026-05-08 21:39:44投稿 <a href=""https://img.travel.rakuten.co.jp/image/tr/api/re/gJNfM/?f_hotel_no=1225"" class=""3click"">つづきはこちら</a>",kinen1,【禁煙】シングルルーム(1bed),2627613.0,03【駐車場利用不可】【訳あり】素泊プラン【チェックアウト9時】近隣コインP多数,1,0,0,0,0,2,https://img.travel.rakuten.co.jp/image/tr/api/re/IdsCY/?f_no=1225&f_syu=kinen1&f_hi1=2026-05-19&f_hi2=2026-05-20&f_heya_su=1&f_otona_su=1&f_s1=0&f_s2=0&f_y1=0&f_y2=0&f_y3=0&f_y4=0&f_camp_id=2627613,0,2026-05-19,6500,6500,0,2026-05-19,kitakyusyu
179398,グランドベース門司港駅前,https://img.travel.rakuten.co.jp/image/tr/api/re/pvonD/?f_no=179398,https://img.travel.rakuten.co.jp/image/tr/api/re/vFumt/?f_no=179398&f_flg=PLAN,https://img.travel.rakuten.co.jp/image/tr/api/re/WzozX/?noTomariHotel=179398,https://img.travel.rakuten.co.jp/image/tr/api/re/gJNfM/?f_hotel_no=179398,ぐらんどべーすもじこうえきまえ,門司港駅徒歩７分★門司・下関観光地圏内♪最新スマートホテル☆ キッチン有(Aタイプ除く),3500,122187.34,471485.22,801-0863,福岡県,北九州市門司区栄町8-10,050-1794-1499,,JR小倉駅から電車で１3分の「門司港駅」から徒歩6分。最寄りバス停「門司港レトロ」からすぐ！,有り。事前予約不可の先着順。車が駐車している場合は近隣の有料コインパーキングをご利用ください。,門司港,https://img.travel.rakuten.co.jp/share/HOTEL/179398/179398.jpg,https://img.travel.rakuten.co.jp/HIMG/90/179398.jpg,https://img.travel.rakuten.co.jp/share/HOTEL/179398/179398_kan1.jpg,https://img.travel.rakuten.co.jp/HIMG/INTERIOR/179398.jpg,https://img.travel.rakuten.co.jp/share/HOTEL/179398/179398map.gif,39.0,3.78,,hito,スタンダードA,4688593.0,【素泊まり】スタンダードプラン,1,0,0,0,0,2,https://img.travel.rakuten.co.jp/image/tr/api/re/IdsCY/?f_no=179398&f_syu=hito&f_hi1=2026-05-19&f_hi2=2026-05-20&f_heya_su=1&f_otona_su=1&f_s1=0&f_s2=0&f_y1=0&f_y2=0&f_y3=0&f_y4=0&f_camp_id=4688593,0,2026-05-19,7000,7000,0,2026-05-19,kitakyusyu
149363,Ｈｏｓｔｅｌ　ａｎｄ　Ｄｉｎｉｎｇ　Ｔａｎｇａ　Ｔａｂｌｅ,https://img.travel.rakuten.co.jp/image/tr/api/re/pvonD/?f_no=149363,https://img.travel.rakuten.co.jp/image/tr/api/re/vFumt/?f_no=149363&f_flg=PLAN,,https://img.travel.rakuten.co.jp/image/tr/api/re/gJNfM/?f_hotel_no=149363,ほすてる　あんど　だいにんぐ　たんが　てーぶる,＜まちをあじわう宿＞小倉駅より徒歩約10分。北九州の台所・旦過市場に隣接するホステル。洋室はシモンズのマットレスを完備♪,1800,121962.37,471173.1,802-0077,福岡県,北九州市小倉北区馬借1-5-25　4Ｆ,093-967-6284,093-967-6285,JR小倉駅より徒歩約10分、北九州モノレール・旦過駅より徒歩約3分,駐車場はありません。徒歩3分圏内にコインパーキングが数箇所ございますのでそちらをご利用ください。,旦過,https://img.travel.rakuten.co.jp/share/HOTEL/149363/149363.jpg,https://img.travel.rakuten.co.jp/HIMG/90/149363.jpg,https://img.travel.rakuten.co.jp/share/HOTEL/149363/149363_kan1.jpg,https://img.travel.rakuten.co.jp/HIMG/INTERIOR/149363.jpg,https://img.travel.rakuten.co.jp/share/HOTEL/149363/149363map.gif,83.0,2.68,"フロ…　2026-03-29 03:58:15投稿 <a href=""https://img.travel.rakuten.co.jp/image/tr/api/re/gJNfM/?f_hotel_no=149363"" class=""3click"">つづきはこちら</a>",06,【禁煙】男女混合ドミトリー　※無料Wi-Fi,5235884.0,【ドミトリー素泊まり】小倉駅より徒歩約10分のホステル。北九州のまちのをあじわう,1,0,0,0,0,2,https://img.travel.rakuten.co.jp/image/tr/api/re/IdsCY/?f_no=149363&f_syu=06&f_hi1=2026-05-19&f_hi2=2026-05-20&f_heya_su=1&f_otona_su=1&f_s1=0&f_s2=0&f_y1=0&f_y2=0&f_y3=0&f_y4=0&f_camp_id=5235884,0,2026-05-19,2700,2700,0,2026-05-19,kitakyusyu
147016,福岡ゲストハウスリトルアジア小倉,https://img.travel.rakuten.co.jp/image/tr/api/re/pvonD/?f_no=147016,https://img.travel.rakuten.co.jp/image/tr/api/re/vFumt/?f_no=147016&f_flg=PLAN,https://img.travel.rakuten.co.jp/image/tr/api/re/WzozX/?noTomariHotel=147016,https://img.travel.rakuten.co.jp/image/tr/api/re/gJNfM/?f_hotel_no=147016,ふくおかげすとはうすりとるあじあこくら,ようこそ！福岡ゲストハウスリトルアジア小倉へ！小倉駅から徒歩５分！外国人旅行者も多く、家族的な雰囲気で泊まれる安宿,1800,121963.86,471187.16,802-0005,福岡県,北九州市小倉北区堺町1-5-15　中道ビル5階　リトルアジア,093-982-4422,093-982-4422,JR新幹線小倉駅よりモノレール沿い。左手にある北九州銀行本店を過ぎたらすぐに左折直進１５０Mすすむと左の中道ビル５階受付,無し,小倉（福岡）,https://img.travel.rakuten.co.jp/share/HOTEL/147016/147016.jpg,https://img.travel.rakuten.co.jp/HIMG/90/147016.jpg,https://img.travel.rakuten.co.jp/share/HOTEL/147016/147016_room.jpg,https://img.travel.rakuten.co.jp/HIMG/INTERIOR/147016.jpg,https://img.travel.rakuten.co.jp/share/HOTEL/147016/147016map.gif,104.0,4.25,"ロッカーは南京錠で鍵をなくさないように注意しました。リビングで食事を本当済ませる程度他にいた方々と過ごしました。夜中他の人の寝言やいびきなど聞こえましたがそこまで気にはなりません…　2026-04-06 17:41:59投稿 <a href=""https://img.travel.rakuten.co.jp/image/tr/api/re/gJNfM/?f_hotel_no=147016"" class=""3click"">つづきはこちら</a>",01,☆禁煙☆ 女性用ドミトリー 無料Wi-Fi　,3329675.0,【地域１番安】★博多⇔小倉は新幹線で17分★無料Wifi★禁煙★冷暖房無料 ,1,0,0,0,0,1,https://img.travel.rakuten.co.jp/image/tr/api/re/IdsCY/?f_no=147016&f_syu=01&f_hi1=2026-05-19&f_hi2=2026-05-20&f_heya_su=1&f_otona_su=1&f_s1=0&f_s2=0&f_y1=0&f_y2=0&f_y3=0&f_y4=0&f_camp_id=3329675,0,2026-05-19,1800,1800,0,2026-05-19,kitakyusyu
14857,ホテル千望荘,https://img.travel.rakuten.co.jp/image/tr/api/re/pvonD/?f_no=14857,https://img.travel.rakuten.co.jp/image/tr/api/re/vFumt/?f_no=14857&f_flg=PLAN,https://img.travel.rakuten.co.jp/image/tr/api/re/WzozX/?noTomariHotel=14857,https://img.travel.rakuten.co.jp/image/tr/api/re/gJNfM/?f_hotel_no=14857,ほてる　せんぼうそう,車での市内観光に便利な立地。夜景が美しい♪猫に会える♪全室禁煙。喫煙室有り。駐車場無料。,4950,121993.43,470950.76,804-0053,福岡県,北九州市戸畑区牧山2-5-9,093-871-6991,093-882-2985,JR戸畑駅より車で５分、徒歩15分～20分。北九州都市高速枝光インターより車で５分。,有り　１予約1台　無料　若戸大橋・関門橋・戸畑市街を一望できる標高60mほどの丘の上。,戸畑,https://img.travel.rakuten.co.jp/share/HOTEL/14857/14857.jpg,https://img.travel.rakuten.co.jp/HIMG/90/14857.jpg,https://img.travel.rakuten.co.jp/share/HOTEL/14857/14857_war.jpg,https://img.travel.rakuten.co.jp/HIMG/INTERIOR/14857.jpg,https://img.travel.rakuten.co.jp/share/HOTEL/14857/14857map.gif,78.0,4.0,,b1fs,シングル　禁煙 《WI-FI付き》,,,1,0,0,0,0,1,https://img.travel.rakuten.co.jp/image/tr/api/re/IdsCY/?f_no=14857&f_syu=b1fs&f_hi1=2026-05-19&f_hi2=2026-05-20&f_heya_su=1&f_otona_su=1&f_s1=0&f_s2=0&f_y1=0&f_y2=0&f_y3=0&f_y4=0,1,2026-05-19,6050,6050,0,2026-05-19,kitakyusyu
139981,ファミリーロッジ旅籠屋・北九州八幡店,https://img.travel.rakuten.co.jp/image/tr/api/re/pvonD/?f_no=139981,https://img.travel.rakuten.co.jp/image/tr/api/re/vFumt/?f_no=139981&f_flg=PLAN,https://img.travel.rakuten.co.jp/image/tr/api/re/WzozX/?noTomariHotel=139981,https://img.travel.rakuten.co.jp/image/tr/api/re/gJNfM/?f_hotel_no=139981,ふぁみりーろっじはたごや・きたきゅうしゅうやはたてん,自由な旅に最適な、話題のロードサイドホテル。軽朝食、全室WiFi＆ネット接続無料！　ビジネス旅行にも便利。,4235,121958.75,470554.8,807-0872,福岡県,北九州市八幡西区浅川1丁目19-20,093-691-9858,,折尾駅よりお車にて５分,有り　１４台　無料　予約不要,折尾,https://img.travel.rakuten.co.jp/share/HOTEL/139981/139981.jpg,https://img.travel.rakuten.co.jp/HIMG/90/139981.jpg,,,https://img.travel.rakuten.co.jp/share/HOTEL/139981/139981map.gif,61.0,4.11,,regular6,ツインルーム【禁煙】,5786907.0,ツインルームプラン（禁煙）　,1,0,0,1,0,0,https://img.travel.rakuten.co.jp/image/tr/api/re/IdsCY/?f_no=139981&f_syu=regular6&f_hi1=2026-05-19&f_hi2=2026-05-20&f_heya_su=1&f_otona_su=1&f_s1=0&f_s2=0&f_y1=0&f_y2=0&f_y3=0&f_y4=0&f_camp_id=5786907,0,2026-05-19,6600,6600,0,2026-05-19,kitakyusyu
19721,旅館　むつみ関門荘,https://img.travel.rakuten.co.jp/image/tr/api/re/pvonD/?f_no=19721,https://img.travel.rakuten.co.jp/image/tr/api/re/vFumt/?f_no=19721&f_flg=PLAN,https://img.travel.rakuten.co.jp/image/tr/api/re/WzozX/?noTomariHotel=19721,https://img.travel.rakuten.co.jp/image/tr/api/re/gJNfM/?f_hotel_no=19721,むつみかんもんそう,静かで家庭的なおもてなしの宿,5400,122183.31,471481.89,801-0833,福岡県,北九州市門司区清滝4-1-13,093-321-1496,093-321-1496,JR門司港駅より徒歩6分／九州自動車道 門司ICより車で10分／北九州都市高速春日ランプより7分,有り　３台　普通車のみ (無料）　先着順,門司港,https://img.travel.rakuten.co.jp/share/HOTEL/19721/19721.jpg,https://img.travel.rakuten.co.jp/HIMG/90/19721.jpg,https://img.travel.rakuten.co.jp/share/HOTEL/19721/19721_w8.jpg,https://img.travel.rakuten.co.jp/HIMG/INTERIOR/19721.jpg,https://img.travel.rakuten.co.jp/share/HOTEL/19721/19721map.gif,309.0,4.71,"見た目は古い旅館ですが、温かい女将が出迎えてぬれて、部屋もまるでおばあちゃんの家に遊びに来たような落ち着く部屋です。綺麗に清掃されていてとても居心地が良かったで…　2026-04-27 21:11:20投稿 <a href=""https://img.travel.rakuten.co.jp/image/tr/api/re/gJNfM/?f_hotel_no=19721"" class=""3click"">つづきはこちら</a>",w6,【トイレ洋式ウォシュレット】和室６畳（駐車場無料）※共同風呂,4419964.0,旅館　むつみ関門荘　朝食付プラン,1,0,0,1,0,0,https://img.travel.rakuten.co.jp/image/tr/api/re/IdsCY/?f_no=19721&f_syu=w6&f_hi1=2026-05-19&f_hi2=2026-05-20&f_heya_su=1&f_otona_su=1&f_s1=0&f_s2=0&f_y1=0&f_y2=0&f_y3=0&f_y4=0&f_camp_id=4419964,0,2026-05-19,7000,7000,0,2026-05-19,kitakyusyu
144526,ビジネスホテルうめかぜ,https://img.travel.rakuten.co.jp/image/tr/api/re/pvonD/?f_no=144526,https://img.travel.rakuten.co.jp/image/tr/api/re/vFumt/?f_no=144526&f_flg=PLAN,https://img.travel.rakuten.co.jp/image/tr/api/re/WzozX/?noTomariHotel=144526,https://img.travel.rakuten.co.jp/image/tr/api/re/gJNfM/?f_hotel_no=144526,うめかぜ,響町、向洋町まで車で５分。長期出張の方へのお得なプランもあります。詳しくはホームページから電話でご相談ください。,1480,122092.7,470750.61,808-0008,福岡県,北九州市若松区小竹214,093-771-1378,093-771-2355,大橋通りバス停よりバスで２０分「常福寺入口」下車徒歩にて１分。ホームページは「※長期 ビジネスホテルうめかぜ」で検索,無料　（大型、ダンプ等は不可）　,若松,https://img.travel.rakuten.co.jp/share/HOTEL/144526/144526.jpg,https://img.travel.rakuten.co.jp/HIMG/90/144526.jpg,https://img.travel.rakuten.co.jp/share/HOTEL/144526/144526_kya.jpg,https://img.travel.rakuten.co.jp/HIMG/INTERIOR/144526.jpg,https://img.travel.rakuten.co.jp/share/HOTEL/144526/144526map.gif,12.0,4.0,,2-1,響灘工業地帯近、渋滞皆無◆素泊りシングルルーム(宿泊税込み),6366423.0,特別企画！バースデープラン(宿泊税込み),1,0,0,0,0,2,https://img.travel.rakuten.co.jp/image/tr/api/re/IdsCY/?f_no=144526&f_syu=2-1&f_hi1=2026-05-19&f_hi2=2026-05-20&f_heya_su=1&f_otona_su=1&f_s1=0&f_s2=0&f_y1=0&f_y2=0&f_y3=0&f_y4=0&f_camp_id=6366423,0,2026-05-19,1480,1480,0,2026-05-19,kitakyusyu
179406,グランドベース門司　和,https://img.travel.rakuten.co.jp/image/tr/api/re/pvonD/?f_no=179406,https://img.travel.rakuten.co.jp/image/tr/api/re/vFumt/?f_no=179406&f_flg=PLAN,https://img.travel.rakuten.co.jp/image/tr/api/re/WzozX/?noTomariHotel=179406,https://img.travel.rakuten.co.jp/image/tr/api/re/gJNfM/?f_hotel_no=179406,ぐらんどべーすもじ　なごみ,▼GO TOトラベル対象施設▼門司港駅近く★門司港レトロ＆下関観光に便利♪最新スマートホテル☆,2013,122185.95,471487.27,801-0862,福岡県,北九州市門司区錦町1-7,050-1794-2699,092-292-3314,門司港駅「北口」から徒歩8分！「清滝四町目」の信号を左、次の角を右に曲がって右手に有り,無料敷地内駐車場3台分有り。先着順・予約不可。,門司港,https://img.travel.rakuten.co.jp/share/HOTEL/179406/179406.jpg,https://img.travel.rakuten.co.jp/HIMG/90/179406.jpg,https://img.travel.rakuten.co.jp/share/HOTEL/179406/179406_kan1.jpg,https://img.travel.rakuten.co.jp/HIMG/INTERIOR/179406.jpg,https://img.travel.rakuten.co.jp/share/HOTEL/179406/179406map.gif,33.0,4.17,,b-type,スーペリアB ソファベッド付き,6111686.0,【返金不可】ご予定が確定している方はこちらがオススメ!!,1,0,0,0,0,2,https://img.travel.rakuten.co.jp/image/tr/api/re/IdsCY/?f_no=179406&f_syu=b-type&f_hi1=2026-05-19&f_hi2=2026-05-20&f_heya_su=1&f_otona_su=1&f_s1=0&f_s2=0&f_y1=0&f_y2=0&f_y3=0&f_y4=0&f_camp_id=6111686,0,2026-05-19,14400,14400,0,2026-05-19,kitakyusyu
40190,松柏園ホテル,https://img.travel.rakuten.co.jp/image/tr/api/re/pvonD/?f_no=40190,https://img.travel.rakuten.co.jp/image/tr/api/re/vFumt/?f_no=40190&f_flg=PLAN,https://img.travel.rakuten.co.jp/image/tr/api/re/WzozX/?noTomariHotel=40190,https://img.travel.rakuten.co.jp/image/tr/api/re/gJNfM/?f_hotel_no=40190,しょうはくえん　ほてる,欧州風の洋室に加え、家族旅行の方におすすめな和室もあり！！大人気の和朝食もぜひ♪(朝食は当日１５時までにご予約ください）,8400,121982.7,471256.75,802-0022,福岡県,北九州市小倉北区上富野4-1-25,093-511-2228,093-541-1722,【アクセス】西鉄バスで小倉駅から１０分、門司港駅から３０分／車で７分,駐車場は無料！200台OK！！しかも平面駐車場なので中型車も大丈夫です♪,小倉（福岡）,https://img.travel.rakuten.co.jp/share/HOTEL/40190/40190.jpg,https://img.travel.rakuten.co.jp/HIMG/90/40190.jpg,https://img.travel.rakuten.co.jp/share/HOTEL/40190/40190_he.jpg,https://img.travel.rakuten.co.jp/HIMG/INTERIOR/40190.jpg,https://img.travel.rakuten.co.jp/share/HOTEL/40190/40190map.gif,53.0,3.0,,t1,ツイン,,,1,0,0,0,0,1,https://img.travel.rakuten.co.jp/image/tr/api/re/IdsCY/?f_no=40190&f_syu=t1&f_hi1=2026-05-19&f_hi2=2026-05-20&f_heya_su=1&f_otona_su=1&f_s1=0&f_s2=0&f_y1=0&f_y2=0&f_y3=0&f_y4=0,1,2026-05-19,10450,10450,0,2026-05-19,kitakyusyu
176823,グランドベース門司港,https://img.travel.rakuten.co.jp/image/tr/api/re/pvonD/?f_no=176823,https://img.travel.rakuten.co.jp/image/tr/api/re/vFumt/?f_no=176823&f_flg=PLAN,https://img.travel.rakuten.co.jp/image/tr/api/re/WzozX/?noTomariHotel=176823,https://img.travel.rakuten.co.jp/image/tr/api/re/gJNfM/?f_hotel_no=176823,ぐらんどべーすもじこう,門司港駅から徒歩10分、レトロ地区散策や下関観光にも便利！ゆとりのある客室は全室キーレス・キッチン完備,2363,122182.61,471494.31,801-0862,福岡県,北九州市門司区錦町11-28,050-1794-4457,092-292-3314,JR門司港駅より徒歩にて約10分／西鉄バス　錦町バス停より徒歩1分,①施設前エントランス近い方 普通/軽利用可能  ②施設前エントランス遠い方 軽自動車専用,門司港,https://img.travel.rakuten.co.jp/share/HOTEL/176823/176823.jpg,https://img.travel.rakuten.co.jp/HIMG/90/176823.jpg,https://img.travel.rakuten.co.jp/share/HOTEL/176823/176823_kan1.jpg,https://img.travel.rakuten.co.jp/HIMG/INTERIOR/176823.jpg,https://img.travel.rakuten.co.jp/share/HOTEL/176823/176823map.gif,27.0,4.0,,b-type,スタンダード B,6101370.0,【返金不可】ご予定が確定している方はこちらがオススメ!!,1,0,0,0,0,2,https://img.travel.rakuten.co.jp/image/tr/api/re/IdsCY/?f_no=176823&f_syu=b-type&f_hi1=2026-05-19&f_hi2=2026-05-20&f_heya_su=1&f_otona_su=1&f_s1=0&f_s2=0&f_y1=0&f_y2=0&f_y3=0&f_y4=0&f_camp_id=6101370,0,2026-05-19,13050,13050,0,2026-05-19,kitakyusyu
194807,Ｃａｓａ　Ｓｔａｙ　７　＾,https://img.travel.rakuten.co.jp/image/tr/api/re/pvonD/?f_no=194807,https://img.travel.rakuten.co.jp/image/tr/api/re/vFumt/?f_no=194807&f_flg=PLAN,,https://img.travel.rakuten.co.jp/image/tr/api/re/gJNfM/?f_hotel_no=194807,,Ｃａｓａ　Ｓｔａｙ　７は、ＪＲ二島駅まで徒歩４分、イオン若松まで徒歩１１分に位置するアジアンテイスト,4025,121997.77,470707.03,808-0102,福岡県,北九州市若松区東二島5-9-35　Ｃａｓａ　Ｓｔａｙ　7,080-1794-8140,000-000-0000,二島駅から徒歩で約３分,有り,二島,https://img.travel.rakuten.co.jp/share/HOTEL/194807/194807.jpg,https://img.travel.rakuten.co.jp/HIMG/90/194807.jpg,,,https://img.travel.rakuten.co.jp/share/HOTEL/194807/194807map.gif,,,,1225344_7,一戸建て,6290227.0,JR二島駅徒歩4分 / イオン若松徒歩11分の駐車場付き一軒家貸切 / Casa Stay 7,1,0,0,0,0,2,https://img.travel.rakuten.co.jp/image/tr/api/re/IdsCY/?f_no=194807&f_syu=1225344_7&f_hi1=2026-05-19&f_hi2=2026-05-20&f_heya_su=1&f_otona_su=1&f_s1=0&f_s2=0&f_y1=0&f_y2=0&f_y3=0&f_y4=0&f_camp_id=6290227,0,2026-05-19,16641,16641,0,2026-05-19,kitakyusyu
177440,ＦＵＫＵＯＫＡ　門司港　ステイ,https://img.travel.rakuten.co.jp/image/tr/api/re/pvonD/?f_no=177440,https://img.travel.rakuten.co.jp/image/tr/api/re/vFumt/?f_no=177440&f_flg=PLAN,https://img.travel.rakuten.co.jp/image/tr/api/re/WzozX/?noTomariHotel=177440,https://img.travel.rakuten.co.jp/image/tr/api/re/gJNfM/?f_hotel_no=177440,ふくおか　もじこう　すてい,門司港駅5分＆レトロ地区7分◆全室33平米超＆バストイレ別！洗濯乾燥機・キッチン完備・パジャマ付で快適,6568,122184.42,471481.32,801-0834,福岡県,北九州市門司区本町3-16,050-1721-4419,,門司港駅より徒歩5分／小倉駅より3駅（約13分）／唐戸市場行きフェリー乗り場すぐ／コンビニ徒歩3分,なし（隣にコインP有：12時間約600円）。徒歩30秒圏内に多数あり。お車でも便利です。,門司港,https://img.travel.rakuten.co.jp/share/HOTEL/177440/177440.jpg,https://img.travel.rakuten.co.jp/HIMG/90/177440.jpg,,,https://img.travel.rakuten.co.jp/share/HOTEL/177440/177440map.gif,28.0,3.0,,102,Standard Twin (Max 4),5467910.0,【スタンダード】駅近5分！広々客室＆無料の洗濯機・ガス乾燥機完備で「暮らすような旅」を＜素泊まり＞,1,0,0,0,0,2,https://img.travel.rakuten.co.jp/image/tr/api/re/IdsCY/?f_no=177440&f_syu=102&f_hi1=2026-05-19&f_hi2=2026-05-20&f_heya_su=1&f_otona_su=1&f_s1=0&f_s2=0&f_y1=0&f_y2=0&f_y3=0&f_y4=0&f_camp_id=5467910,0,2026-05-19,17721,17721,0,2026-05-19,kitakyusyu
193865,小さな隠れ家／民泊,https://img.travel.rakuten.co.jp/image/tr/api/re/pvonD/?f_no=193865,https://img.travel.rakuten.co.jp/image/tr/api/re/vFumt/?f_no=193865&f_flg=PLAN,,https://img.travel.rakuten.co.jp/image/tr/api/re/gJNfM/?f_hotel_no=193865,,　,5104,122073.56,470844.24,808-0047,福岡県,北九州市若松区中畑町4-55,093-533-2300,000-000-0000,若松駅から車で約１２分,有り,若松,https://img.travel.rakuten.co.jp/share/HOTEL/193865/193865.jpg,https://img.travel.rakuten.co.jp/HIMG/90/193865.jpg,,,https://img.travel.rakuten.co.jp/share/HOTEL/193865/193865map.gif,3.0,,,r18471_6,H＆H,6155042.0,2DK,1,0,0,0,0,2,https://img.travel.rakuten.co.jp/image/tr/api/re/IdsCY/?f_no=193865&f_syu=r18471_6&f_hi1=2026-05-19&f_hi2=2026-05-20&f_heya_su=1&f_otona_su=1&f_s1=0&f_s2=0&f_y1=0&f_y2=0&f_y3=0&f_y4=0&f_camp_id=6155042,0,2026-05-19,18560,18560,0,2026-05-19,kitakyusyu
194472,Ｃａｓａ　Ｓｔａｙ　Ｋｏｋｕｒａ　６　＾,https://img.travel.rakuten.co.jp/image/tr/api/re/pvonD/?f_no=194472,https://img.travel.rakuten.co.jp/image/tr/api/re/vFumt/?f_no=194472&f_flg=PLAN,,https://img.travel.rakuten.co.jp/image/tr/api/re/gJNfM/?f_hotel_no=194472,,落ち着いた住宅街に位置する、ゆったりとした２階建ての一軒家です。,4327,121933.95,471239.57,802-0026,福岡県,北九州市小倉北区大畠2-4-23　Ｃａｓａ　Ｓｔａｙ　Ｋｏｋｕｒａ　6,080-1794-8140,000-000-0000,香春口三萩野駅から徒歩で約６分,有り,香春口三萩野,https://img.travel.rakuten.co.jp/share/HOTEL/194472/194472.jpg,https://img.travel.rakuten.co.jp/HIMG/90/194472.jpg,,,https://img.travel.rakuten.co.jp/share/HOTEL/194472/194472map.gif,1.0,,,1219099_8,一戸建て,6240840.0,最大8名 / 高速入口3分 / 広々空間でくつろぐ貸切一軒家。Casa Stay Kokura 6,1,0,0,0,0,2,https://img.travel.rakuten.co.jp/image/tr/api/re/IdsCY/?f_no=194472&f_syu=1219099_8&f_hi1=2026-05-19&f_hi2=2026-05-20&f_heya_su=1&f_otona_su=1&f_s1=0&f_s2=0&f_y1=0&f_y2=0&f_y3=0&f_y4=0&f_camp_id=6240840,0,2026-05-19,18734,18734,0,2026-05-19,kitakyusyu
199583,２タイプ客室の家族向け宿｜２室で最大１４名・ペット可客室あり　＾,https://img.travel.rakuten.co.jp/image/tr/api/re/pvonD/?f_no=199583,https://img.travel.rakuten.co.jp/image/tr/api/re/vFumt/?f_no=199583&f_flg=PLAN,,https://img.travel.rakuten.co.jp/image/tr/api/re/gJNfM/?f_hotel_no=199583,,家族・グループ向け。ペット可洋室と和モダンメゾネット。最大14名宿泊可、庭付きでBBQも。,6728,121870.63,470570.73,807-0863,福岡県,北九州市八幡西区大膳1-3-9,090-2963-9036,00-0000-0000,折尾駅より徒歩で5分,あり,折尾,https://img.travel.rakuten.co.jp/share/HOTEL/199583/199583.jpg,https://img.travel.rakuten.co.jp/HIMG/90/199583.jpg,,,https://img.travel.rakuten.co.jp/share/HOTEL/199583/199583map.gif,,,,1361908_6,スタンダードルーム,6422597.0,【ペット同伴OK】BBQ/焚き火/広々人工芝/37m2広々洋室/最大6名・ファミリー/グループ歓迎,1,0,0,0,0,2,https://img.travel.rakuten.co.jp/image/tr/api/re/IdsCY/?f_no=199583&f_syu=1361908_6&f_hi1=2026-05-19&f_hi2=2026-05-20&f_heya_su=1&f_otona_su=1&f_s1=0&f_s2=0&f_y1=0&f_y2=0&f_y3=0&f_y4=0&f_camp_id=6422597,0,2026-05-19,19720,19720,0,2026-05-19,kitakyusyu
190892,Ｃａｓａ　Ｓｔａｙ　Ｋｏｋｕｒａ　２　＾,https://img.travel.rakuten.co.jp/image/tr/api/re/pvonD/?f_no=190892,https://img.travel.rakuten.co.jp/image/tr/api/re/vFumt/?f_no=190892&f_flg=PLAN,,https://img.travel.rakuten.co.jp/image/tr/api/re/gJNfM/?f_hotel_no=190892,,「Ｃａｓａ　Ｓｔａｙ　Ｋｏｋｕｒａ　２」は、北九州の中心地に位置し、西小倉駅から徒歩４分という絶好の,5140,121982.49,471146.23,803-0811,福岡県,北九州市小倉北区大門1-2-8　Ｃａｓａ　Ｓｔａｙ　Ｋｏｋｕｒａ　2,080-1794-8140,000-000-0000,西小倉駅から徒歩で約２分,無し,西小倉,https://img.travel.rakuten.co.jp/share/HOTEL/190892/190892.jpg,https://img.travel.rakuten.co.jp/HIMG/90/190892.jpg,,,https://img.travel.rakuten.co.jp/share/HOTEL/190892/190892map.gif,,,,1027406_6,一戸建て,6102144.0,西小倉駅 徒歩4分 / 小倉城 徒歩10分 貸切一軒家。Casa Stay Kokura 2,1,0,0,0,0,2,https://img.travel.rakuten.co.jp/image/tr/api/re/IdsCY/?f_no=190892&f_syu=1027406_6&f_hi1=2026-05-19&f_hi2=2026-05-20&f_heya_su=1&f_otona_su=1&f_s1=0&f_s2=0&f_y1=0&f_y2=0&f_y3=0&f_y4=0&f_camp_id=6102144,0,2026-05-19,19899,19899,0,2026-05-19,kitakyusyu
194137,Ｃａｓａ　Ｓｔａｙ　Ｋｏｋｕｒａ　４　＾,https://img.travel.rakuten.co.jp/image/tr/api/re/pvonD/?f_no=194137,https://img.travel.rakuten.co.jp/image/tr/api/re/vFumt/?f_no=194137&f_flg=PLAN,,https://img.travel.rakuten.co.jp/image/tr/api/re/gJNfM/?f_hotel_no=194137,,北九州の観光エリア付近の静かな住宅街に位置する、温かみのある２階建て一軒家をまるごと貸切でご利用いた,4922,121976.38,471220.88,802-0013,福岡県,北九州市小倉北区長浜町12-13　Ｃａｓａ　Ｓｔａｙ　Ｋｏｋｕｒａ　4,080-1794-8140,000-000-0000,小倉駅から徒歩で約７分,有り,小倉（福岡）,https://img.travel.rakuten.co.jp/share/HOTEL/194137/194137.jpg,https://img.travel.rakuten.co.jp/HIMG/90/194137.jpg,,,https://img.travel.rakuten.co.jp/share/HOTEL/194137/194137map.gif,1.0,,,1131621_7,一戸建て,6198831.0,最大7名 / 小倉駅 車5分 / 無料駐車場有 貸切一軒家。Casa Stay Kokura 4,1,0,0,0,0,2,https://img.travel.rakuten.co.jp/image/tr/api/re/IdsCY/?f_no=194137&f_syu=1131621_7&f_hi1=2026-05-19&f_hi2=2026-05-20&f_heya_su=1&f_otona_su=1&f_s1=0&f_s2=0&f_y1=0&f_y2=0&f_y3=0&f_y4=0&f_camp_id=6198831,0,2026-05-19,21709,21709,0,2026-05-19,kitakyusyu
191048,Ｃａｓａ　Ｓｔａｙ　Ｋｏｋｕｒａ　３　＾,https://img.travel.rakuten.co.jp/image/tr/api/re/pvonD/?f_no=191048,https://img.travel.rakuten.co.jp/image/tr/api/re/vFumt/?f_no=191048&f_flg=PLAN,,https://img.travel.rakuten.co.jp/image/tr/api/re/gJNfM/?f_hotel_no=191048,,Ｃａｓａ　Ｓｔａｙ　Ｋｏｋｕｒａ　３　は、旦過市場まで徒歩６分に位置する一軒家で、周辺にはローカルな,5683,121950.64,471169.09,802-0077,福岡県,北九州市小倉北区馬借2-3-29　Ｃａｓａ　Ｓｔａｙ　Ｋｏｋｕｒａ　3,080-1794-8140,000-000-0000,旦過駅から徒歩で約４分,無し,旦過,https://img.travel.rakuten.co.jp/share/HOTEL/191048/191048.jpg,https://img.travel.rakuten.co.jp/HIMG/90/191048.jpg,,,https://img.travel.rakuten.co.jp/share/HOTEL/191048/191048map.gif,1.0,,,1068310_6,一戸建て,6112269.0,旦過市場まで徒歩6分!北九州・小倉で一軒家貸切。Casa Stay Kokura 3,1,0,0,0,0,2,https://img.travel.rakuten.co.jp/image/tr/api/re/IdsCY/?f_no=191048&f_syu=1068310_6&f_hi1=2026-05-19&f_hi2=2026-05-20&f_heya_su=1&f_otona_su=1&f_s1=0&f_s2=0&f_y1=0&f_y2=0&f_y3=0&f_y4=0&f_camp_id=6112269,0,2026-05-19,22614,22614,0,2026-05-19,kitakyusyu
185846,Ｈ＆Ｈ／民泊,https://img.travel.rakuten.co.jp/image/tr/api/re/pvonD/?f_no=185846,https://img.travel.rakuten.co.jp/image/tr/api/re/vFumt/?f_no=185846&f_flg=PLAN,,https://img.travel.rakuten.co.jp/image/tr/api/re/gJNfM/?f_hotel_no=185846,,　,6032,121975.35,471296.47,802-0033,福岡県,北九州市小倉北区富野台5-6　Ｈ＆Ｈ,093-533-2300,000-000-0000,門司駅から車で約１２分,有り,門司,https://img.travel.rakuten.co.jp/share/HOTEL/185846/185846.jpg,https://img.travel.rakuten.co.jp/HIMG/90/185846.jpg,,,https://img.travel.rakuten.co.jp/share/HOTEL/185846/185846map.gif,2.0,,,r14242_8,H＆H,5671710.0,夜景と癒しの薪ストーブがある家,1,0,0,0,0,2,https://img.travel.rakuten.co.jp/image/tr/api/re/IdsCY/?f_no=185846&f_syu=r14242_8&f_hi1=2026-05-19&f_hi2=2026-05-20&f_heya_su=1&f_otona_su=1&f_s1=0&f_s2=0&f_y1=0&f_y2=0&f_y3=0&f_y4=0&f_camp_id=5671710,0,2026-05-19,23200,23200,0,2026-05-19,kitakyusyu
199944,北九州市黒崎付近広い庭の古民家／民泊,https://img.travel.rakuten.co.jp/image/tr/api/re/pvonD/?f_no=199944,https://img.travel.rakuten.co.jp/image/tr/api/re/vFumt/?f_no=199944&f_flg=PLAN,,https://img.travel.rakuten.co.jp/image/tr/api/re/gJNfM/?f_hotel_no=199944,,街なかの古民家民宿。静かな環境で、広々駐車場と庭付き。,6032,121796.91,470754.65,806-0063,福岡県,北九州市八幡西区市瀬2-13-20 ゲストハウス若水,090-4512-5698,00-0000-0000,永犬丸駅から車で8分,なし,永犬丸,https://img.travel.rakuten.co.jp/share/HOTEL/199944/199944.jpg,https://img.travel.rakuten.co.jp/HIMG/90/199944.jpg,,,https://img.travel.rakuten.co.jp/share/HOTEL/199944/199944map.gif,,,,r20413_12,ゲストハウス若水黒崎,6444455.0,静かな癒される空間,1,0,0,0,0,2,https://img.travel.rakuten.co.jp/image/tr/api/re/IdsCY/?f_no=199944&f_syu=r20413_12&f_hi1=2026-05-19&f_hi2=2026-05-20&f_heya_su=1&f_otona_su=1&f_s1=0&f_s2=0&f_y1=0&f_y2=0&f_y3=0&f_y4=0&f_camp_id=6444455,0,2026-05-19,23200,23200,0,2026-05-19,kitakyusyu
189462,貸別荘　汽笛　＾,https://img.travel.rakuten.co.jp/image/tr/api/re/pvonD/?f_no=189462,https://img.travel.rakuten.co.jp/image/tr/api/re/vFumt/?f_no=189462&f_flg=PLAN,,https://img.travel.rakuten.co.jp/image/tr/api/re/gJNfM/?f_hotel_no=189462,,関門海峡　門司側の高台に建つ貸別荘、眼下に行き交う大小の貨物船を見てると心も癒されます。,9304,122233.42,471485.32,801-0854,福岡県,北九州市門司区旧門司2-11-15　貸別荘　汽笛,080-6321-5074,000-000-0000,ノーフォーク広場駅から徒歩で約２分,有り,門司港,https://img.travel.rakuten.co.jp/share/HOTEL/189462/189462.jpg,https://img.travel.rakuten.co.jp/HIMG/90/189462.jpg,,,https://img.travel.rakuten.co.jp/share/HOTEL/189462/189462map.gif,,,,726650_14,一戸建て,5853597.0,関門海峡を一望、行交う貨物船の汽笛に非日常な一日を。,1,0,0,0,0,2,https://img.travel.rakuten.co.jp/image/tr/api/re/IdsCY/?f_no=189462&f_syu=726650_14&f_hi1=2026-05-19&f_hi2=2026-05-20&f_heya_su=1&f_otona_su=1&f_s1=0&f_s2=0&f_y1=0&f_y2=0&f_y3=0&f_y4=0&f_camp_id=5853597,0,2026-05-19,47908,47908,0,2026-05-19,kitakyusyu
108259,ホテルアクティブ！博多,https://img.travel.rakuten.co.jp/image/tr/api/re/pvonD/?f_no=108259,https://img.travel.rakuten.co.jp/image/tr/api/re/vFumt/?f_no=108259&f_flg=PLAN,https://img.travel.rakuten.co.jp/image/tr/api/re/WzozX/?noTomariHotel=108259,https://img.travel.rakuten.co.jp/image/tr/api/re/gJNfM/?f_hotel_no=108259,あくてぃぶ！はかた,和洋ビュッフェ朝食無料サービス＆人工温泉大浴場付◆博多駅博多口より徒歩約4分◆楽天GOLDアワード2025受賞,5500,120908.36,469505.34,812-0011,福岡県,福岡市博多区博多駅前3-20-16,092-452-0001,092-452-0011,ＪＲ博多駅・博多口より徒歩約４分◆空港からは地下鉄で博多駅まで約５分・西２０番出口から徒歩約２分,普通車１台１泊税込１１００円／徒歩１分圏に複数の契約駐車場（総枠数１６５台）全枠平置きでハイルーフ可,博多,https://img.travel.rakuten.co.jp/share/HOTEL/108259/108259.jpg,https://img.travel.rakuten.co.jp/HIMG/90/108259.jpg,,,https://img.travel.rakuten.co.jp/share/HOTEL/108259/108259map.gif,11341.0,4.34,"宿泊プランが朝食無料のものばかりだったので、朝食なしでその分安…　2026-05-14 21:03:43投稿 <a href=""https://img.travel.rakuten.co.jp/image/tr/api/re/gJNfM/?f_hotel_no=108259"" class=""3click"">つづきはこちら</a>",a-ns,◇禁煙◇アクティブルーム（ダブルベッド×1）新感覚レイアウト,6417217.0,【ゴールドアワード2025】受賞記念プラン！和洋ビュッフェ朝食無料／人工温泉大浴場,1,0,0,1,0,1,https://img.travel.rakuten.co.jp/image/tr/api/re/IdsCY/?f_no=108259&f_syu=a-ns&f_hi1=2026-05-19&f_hi2=2026-05-20&f_heya_su=1&f_otona_su=1&f_s1=0&f_s2=0&f_y1=0&f_y2=0&f_y3=0&f_y4=0&f_camp_id=6417217,0,2026-05-19,14800,14800,0,2026-05-19,fukuoka
147709,博多グリーンホテル１号館,https://img.travel.rakuten.co.jp/image/tr/api/re/pvonD/?f_no=147709,https://img.travel.rakuten.co.jp/image/tr/api/re/vFumt/?f_no=147709&f_flg=PLAN,https://img.travel.rakuten.co.jp/image/tr/api/re/WzozX/?noTomariHotel=147709,https://img.travel.rakuten.co.jp/image/tr/api/re/gJNfM/?f_hotel_no=147709,はかたぐりーんほてるいちごうかん,博多駅徒歩1分でアクセス抜群！１３時イン・１２時アウトのゆったり滞在。◇個別空調◇シモンズベッド◇加湿空気清浄機完備,7600,120918.91,469527.72,812-0012,福岡県,福岡市博多区博多駅中央街4-4,092-451-4110,092-451-4115,【最短アクセス】福岡空港～地下鉄５分。JR博多駅筑紫口（新幹線口）～徒歩１分！,"1泊／2,500円　先着・予約不可(満車・サイズによる入庫不可は有料駐車場へ案内　※途中入出庫不可)",博多,https://img.travel.rakuten.co.jp/share/HOTEL/147709/147709.jpg,https://img.travel.rakuten.co.jp/HIMG/90/147709.jpg,,,https://img.travel.rakuten.co.jp/share/HOTEL/147709/147709map.gif,1973.0,4.27,"部屋の清掃も行き届いていますし、フロントスタッフの接客、声掛けも気持ち良く素晴らしかったです。冷凍庫付きのツードア…　2026-05-11 00:43:18投稿 <a href=""https://img.travel.rakuten.co.jp/image/tr/api/re/gJNfM/?f_hotel_no=147709"" class=""3click"">つづきはこちら</a>",s1_basic,喫煙シングル,6299546.0,【煙草と珈琲で整える、大人の休息ステイ。】素泊まり喫煙シングルプラン,1,0,0,0,0,1,https://img.travel.rakuten.co.jp/image/tr/api/re/IdsCY/?f_no=147709&f_syu=s1_basic&f_hi1=2026-05-19&f_hi2=2026-05-20&f_heya_su=1&f_otona_su=1&f_s1=0&f_s2=0&f_y1=0&f_y2=0&f_y3=0&f_y4=0&f_camp_id=6299546,0,2026-05-19,16000,16000,0,2026-05-19,fukuoka
7251,ホテルクリオコート博多,https://img.travel.rakuten.co.jp/image/tr/api/re/pvonD/?f_no=7251,https://img.travel.rakuten.co.jp/image/tr/api/re/vFumt/?f_no=7251&f_flg=PLAN,https://img.travel.rakuten.co.jp/image/tr/api/re/WzozX/?noTomariHotel=7251,https://img.travel.rakuten.co.jp/image/tr/api/re/gJNfM/?f_hotel_no=7251,くりおこーと　はかた,博多駅から徒歩1分で安心・安全！全室21㎡以上で快適！手荷物もお預かりします。Wi-Fi使えます！（全フロア利用可！）,5530,120911.62,469526.65,812-0012,福岡県,福岡市博多区博多駅中央街5-3,092-472-1111,092-474-3222,福岡県福岡市博多区博多駅中央街5-3 ホテルクリオコート博多（博多駅筑紫口から徒歩１分）,1泊￥1500 / 29　台【予約制】,博多,https://img.travel.rakuten.co.jp/share/HOTEL/7251/7251.jpg,https://img.travel.rakuten.co.jp/HIMG/90/7251.jpg,https://img.travel.rakuten.co.jp/share/HOTEL/7251/7251_room.jpg,https://img.travel.rakuten.co.jp/HIMG/INTERIOR/7251.jpg,https://img.travel.rakuten.co.jp/share/HOTEL/7251/7251map.gif,5953.0,4.22,"クチコミの詳細はこちらから　https://review.travel.raku…　2026-05-14 14:25:16投稿 <a href=""https://img.travel.rakuten.co.jp/image/tr/api/re/gJNfM/?f_hotel_no=7251"" class=""3click"">つづきはこちら</a>",jpd,和洋室【禁煙】10畳+7.5畳,4754745.0,【素泊り】これが、お薦め！お得クリオ！（おとくりお）！,1,0,0,0,0,1,https://img.travel.rakuten.co.jp/image/tr/api/re/IdsCY/?f_no=7251&f_syu=jpd&f_hi1=2026-05-19&f_hi2=2026-05-20&f_heya_su=1&f_otona_su=1&f_s1=0&f_s2=0&f_y1=0&f_y2=0&f_y3=0&f_y4=0&f_camp_id=4754745,0,2026-05-19,41000,41000,0,2026-05-19,fukuoka
151369,ＫＯＫＯ　ＨＯＴＥＬ　博多駅前（旧：ホテルウィングインターナショナルセレクト博多駅前）,https://img.travel.rakuten.co.jp/image/tr/api/re/pvonD/?f_no=151369,https://img.travel.rakuten.co.jp/image/tr/api/re/vFumt/?f_no=151369&f_flg=PLAN,https://img.travel.rakuten.co.jp/image/tr/api/re/WzozX/?noTomariHotel=151369,https://img.travel.rakuten.co.jp/image/tr/api/re/gJNfM/?f_hotel_no=151369,ここ　ほてる　はかたえきまえ,【TVで話題！博多駅徒歩4分のデザインホテル】世界11都市を巡る寛ぎの空間。全室シモンズ製ベッドとナノイー空気清浄機完備,3150,120906.47,469507.04,812-0011,福岡県,福岡市博多区博多駅前3-22-19,092-476-9111,092-476-9112,JR・地下鉄博多駅博多口から徒歩4分☆福岡空港国内線から地下鉄で2駅　タクシーで約15分　国際線からタクシーで約20分,提携有料駐車場有り／270台収容　24時間1500円（税込）でサービス券販売中,博多,https://img.travel.rakuten.co.jp/share/HOTEL/151369/151369.jpg,https://img.travel.rakuten.co.jp/HIMG/90/151369.jpg,https://img.travel.rakuten.co.jp/share/HOTEL/151369/151369_kan1.jpg,https://img.travel.rakuten.co.jp/HIMG/INTERIOR/151369.jpg,https://img.travel.rakuten.co.jp/share/HOTEL/151369/151369map.gif,1100.0,4.02,"アメニティなどのバイキングも豊富で、入浴剤も好きな香りを選ぶことができ、嬉しかったです…　2026-05-14 12:31:56投稿 <a href=""https://img.travel.rakuten.co.jp/image/tr/api/re/gJNfM/?f_hotel_no=151369"" class=""3click"">つづきはこちら</a>",deluxe,【South Wing】禁煙デラックスシングルルーム,5702098.0,【タイムセール／素泊まり】インスタ映え抜群！フロアごとに異なる世界の都市をイメージしたデザイン,1,0,0,0,0,1,https://img.travel.rakuten.co.jp/image/tr/api/re/IdsCY/?f_no=151369&f_syu=deluxe&f_hi1=2026-05-19&f_hi2=2026-05-20&f_heya_su=1&f_otona_su=1&f_s1=0&f_s2=0&f_y1=0&f_y2=0&f_y3=0&f_y4=0&f_camp_id=5702098,0,2026-05-19,20580,20580,0,2026-05-19,fukuoka
79344,ダイワロイネットホテル博多祇園,https://img.travel.rakuten.co.jp/image/tr/api/re/pvonD/?f_no=79344,https://img.travel.rakuten.co.jp/image/tr/api/re/vFumt/?f_no=79344&f_flg=PLAN,https://img.travel.rakuten.co.jp/image/tr/api/re/WzozX/?noTomariHotel=79344,https://img.travel.rakuten.co.jp/image/tr/api/re/gJNfM/?f_hotel_no=79344,だいわろいねっとほてるはかたぎおん,地下鉄「祇園駅」より徒歩約1分の駅ちかホテル。天神・中洲屋台・キャナルシティへは徒歩圏内。ビジネス・遊びに便利。,5700,120924.68,469497.51,812-0038,福岡県,福岡市博多区祗園町1-24,092-281-3600,092-281-3601,地下鉄空港線「祇園駅」3番出口より徒歩約1分。JR「博多駅」より徒歩約8分、又は地下鉄利用で「祇園駅」下車、徒歩約1分。,"立体駐車場。収容20台。1泊（13時〜翌13時）1,800円税込。営業7時〜22時。車高1.55m迄",祇園（福岡）,https://img.travel.rakuten.co.jp/share/HOTEL/79344/79344.jpg,https://img.travel.rakuten.co.jp/HIMG/90/79344.jpg,https://img.travel.rakuten.co.jp/share/HOTEL/79344/79344_room.jpg,https://img.travel.rakuten.co.jp/HIMG/INTERIOR/79344.jpg,https://img.travel.rakuten.co.jp/share/HOTEL/79344/79344map.gif,4042.0,4.13,"場所は天神にも博多駅にも行き易く便利でした。 コンサート(博多区)為に泊まりましたが バス・タクシーが無くても女性の足で歩いても気にならない距離でした。…　2026-05-14 17:19:31投稿 <a href=""https://img.travel.rakuten.co.jp/image/tr/api/re/gJNfM/?f_hotel_no=79344"" class=""3click"">つづきはこちら</a>",twns1,【禁煙】ツインルーム 1名利用 28.6平米,6460372.0,【松江駅前】2026年8月6日開業記念プラン〜素泊り〜,1,0,0,0,0,1,https://img.travel.rakuten.co.jp/image/tr/api/re/IdsCY/?f_no=79344&f_syu=twns1&f_hi1=2026-05-19&f_hi2=2026-05-20&f_heya_su=1&f_otona_su=1&f_s1=0&f_s2=0&f_y1=0&f_y2=0&f_y3=0&f_y4=0&f_camp_id=6460372,0,2026-05-19,19950,19950,0,2026-05-19,fukuoka
80574,博多グリーンホテルアネックス,https://img.travel.rakuten.co.jp/image/tr/api/re/pvonD/?f_no=80574,https://img.travel.rakuten.co.jp/image/tr/api/re/vFumt/?f_no=80574&f_flg=PLAN,https://img.travel.rakuten.co.jp/image/tr/api/re/WzozX/?noTomariHotel=80574,https://img.travel.rakuten.co.jp/image/tr/api/re/gJNfM/?f_hotel_no=80574,はかたぐりーんほてるあねっくす,博多駅徒歩1分でアクセス抜群！１３時イン・１２時アウトのゆったり滞在。◇個別空調◇シモンズベッド◇直営コンビニ１Ｆ有,7250,120916.94,469527.77,812-0012,福岡県,福岡市博多区博多駅中央街4-32,092-451-4112,092-451-4177,【最短アクセス】福岡空港～地下鉄５分。JR博多駅筑紫口（新幹線口）～徒歩１分！,"1泊／2,500円　先着・予約不可(満車・サイズによる入庫不可は有料駐車場へ案内　※途中入出庫不可)",博多,https://img.travel.rakuten.co.jp/share/HOTEL/80574/80574.jpg,https://img.travel.rakuten.co.jp/HIMG/90/80574.jpg,https://img.travel.rakuten.co.jp/share/HOTEL/80574/80574_room.jpg,https://img.travel.rakuten.co.jp/HIMG/INTERIOR/80574.jpg,https://img.travel.rakuten.co.jp/share/HOTEL/80574/80574map.gif,2495.0,4.31,"喫煙ルームでしたが入った瞬間から特有の嫌な臭いは一切なく、とても清潔で綺麗なお部屋でした。バスルームのシャワーカーテンもとても清潔で無臭だったので感動したくらいで…　2026-05-08 21:46:16投稿 <a href=""https://img.travel.rakuten.co.jp/image/tr/api/re/gJNfM/?f_hotel_no=80574"" class=""3click"">つづきはこちら</a>",s,喫煙シングルルーム,6298861.0,【煙草と珈琲で整える、大人の休息ステイ。】素泊まり喫煙シングルプラン,1,0,0,0,0,1,https://img.travel.rakuten.co.jp/image/tr/api/re/IdsCY/?f_no=80574&f_syu=s&f_hi1=2026-05-19&f_hi2=2026-05-20&f_heya_su=1&f_otona_su=1&f_s1=0&f_s2=0&f_y1=0&f_y2=0&f_y3=0&f_y4=0&f_camp_id=6298861,0,2026-05-19,17000,17000,0,2026-05-19,fukuoka
167058,静鉄ホテルプレジオ博多駅前,https://img.travel.rakuten.co.jp/image/tr/api/re/pvonD/?f_no=167058,https://img.travel.rakuten.co.jp/image/tr/api/re/vFumt/?f_no=167058&f_flg=PLAN,https://img.travel.rakuten.co.jp/image/tr/api/re/WzozX/?noTomariHotel=167058,https://img.travel.rakuten.co.jp/image/tr/api/re/gJNfM/?f_hotel_no=167058,しずてつほてるぷれじおはかたえきまえ,デラックスルーム新登場◆シングルルーム全室バス・トイレ別◆JR博多駅より徒歩約６分★免震構造★ロビーの無料コーヒーが好評,5525,120895.43,469520.0,812-0011,福岡県,福岡市博多区博多駅前4-17-6,092-451-2800,092-409-7200,JR博多駅、博多口より徒歩約６分,有り１泊1700円  敷地内駐車場7台（先着順）,博多,https://img.travel.rakuten.co.jp/share/HOTEL/167058/167058.jpg,https://img.travel.rakuten.co.jp/HIMG/90/167058.jpg,https://img.travel.rakuten.co.jp/share/HOTEL/167058/167058_kan1.jpg,https://img.travel.rakuten.co.jp/HIMG/INTERIOR/167058.jpg,https://img.travel.rakuten.co.jp/share/HOTEL/167058/167058map.gif,1906.0,4.32,"旅行の際はいつも、新幹線ビューの部屋を探して予約しています。今回は初めての福岡県旅行。新幹線が大好きな家族3人で利用しま…　2026-05-15 00:53:12投稿 <a href=""https://img.travel.rakuten.co.jp/image/tr/api/re/gJNfM/?f_hotel_no=167058"" class=""3click"">つづきはこちら</a>",sn1,シングル／禁煙／洗い場付のバスルーム／ベッド幅140ｃｍ,6367142.0,【トレインビュー/素泊り】線路側のお部屋確約！トレインビューが楽しめるホテル楽天人気ランキング1位★,1,0,0,0,0,1,https://img.travel.rakuten.co.jp/image/tr/api/re/IdsCY/?f_no=167058&f_syu=sn1&f_hi1=2026-05-19&f_hi2=2026-05-20&f_heya_su=1&f_otona_su=1&f_s1=0&f_s2=0&f_y1=0&f_y2=0&f_y3=0&f_y4=0&f_camp_id=6367142,0,2026-05-19,17700,17700,0,2026-05-19,fukuoka
76404,天然温泉　御笠の湯　ドーミーイン博多祇園（２０２６年４月１日リニューアルオープン）,https://img.travel.rakuten.co.jp/image/tr/api/re/pvonD/?f_no=76404,https://img.travel.rakuten.co.jp/image/tr/api/re/vFumt/?f_no=76404&f_flg=PLAN,https://img.travel.rakuten.co.jp/image/tr/api/re/WzozX/?noTomariHotel=76404,https://img.travel.rakuten.co.jp/image/tr/api/re/gJNfM/?f_hotel_no=76404,てんねんおんせん　みかさのゆ　どーみーいんはかたぎおん,【4月リニューアルオープン】博多で温泉に入ろう！空港から地下鉄で1本でアクセス抜群　博多名物「水炊き」自慢の朝食を☆,7600,120924.81,469495.06,812-0039,福岡県,福岡市博多区冷泉町1-12,092-271-5489,092-271-5210,地下鉄空港線「祗園駅」3番出口から徒歩1分、博多駅から徒歩約10分,12台【先着順・出入自由・1泊 ２０００円】満車の際は提携先又は近隣駐車場にご案内させて頂きます。,祇園（福岡）,https://img.travel.rakuten.co.jp/share/HOTEL/76404/76404.jpg,https://img.travel.rakuten.co.jp/HIMG/90/76404.jpg,https://img.travel.rakuten.co.jp/share/HOTEL/76404/76404_d.jpg,https://img.travel.rakuten.co.jp/HIMG/INTERIOR/76404.jpg,https://img.travel.rakuten.co.jp/share/HOTEL/76404/76404map.gif,4672.0,4.3,"今回2回目の宿泊です仕事観光で利用させていただきました^_^ホテルからの景色はイマイチですが、、地下鉄駅から徒歩ですぐですし、福岡国際会議場にも便利でした。今回は太…　2026-05-07 10:13:20投稿 <a href=""https://img.travel.rakuten.co.jp/image/tr/api/re/gJNfM/?f_hotel_no=76404"" class=""3click"">つづきはこちら</a>",cwn,【7〜10F指定】◆CLUB FLOOR 和洋室◆《禁煙》,1834097.0,【大浴場×サウナでととのう！】ドーミーインスタンダードプラン!!＜素泊まり＞,1,0,0,0,0,1,https://img.travel.rakuten.co.jp/image/tr/api/re/IdsCY/?f_no=76404&f_syu=cwn&f_hi1=2026-05-19&f_hi2=2026-05-20&f_heya_su=1&f_otona_su=1&f_s1=0&f_s2=0&f_y1=0&f_y2=0&f_y3=0&f_y4=0&f_camp_id=1834097,0,2026-05-19,30500,30500,0,2026-05-19,fukuoka
18653,ホテルサードプレイス博多,https://img.travel.rakuten.co.jp/image/tr/api/re/pvonD/?f_no=18653,https://img.travel.rakuten.co.jp/image/tr/api/re/vFumt/?f_no=18653&f_flg=PLAN,https://img.travel.rakuten.co.jp/image/tr/api/re/WzozX/?noTomariHotel=18653,https://img.travel.rakuten.co.jp/image/tr/api/re/gJNfM/?f_hotel_no=18653,ほてるさーどぷれいすはかた,2023年4月リブランド＆別館オープン！！2023年夏 本館客室リニューアルオープン！,3325,120931.84,469523.01,812-0043,福岡県,福岡市博多区堅粕2-2-2,092-642-4563,092-642-4628,博多駅博多口から徒歩約７分,なし,博多,https://img.travel.rakuten.co.jp/share/HOTEL/18653/18653.jpg,https://img.travel.rakuten.co.jp/HIMG/90/18653.jpg,https://img.travel.rakuten.co.jp/share/HOTEL/18653/18653_r1.jpg,https://img.travel.rakuten.co.jp/HIMG/INTERIOR/18653.jpg,https://img.travel.rakuten.co.jp/share/HOTEL/18653/18653map.gif,4674.0,3.86,"写真で見ていたが、それよりもコンパクトな部屋で正直ビックリした。しかし、必要最低限のものが綺麗に納められていたので、数時間もすれば慣れました。狭いが、お風呂とトイレ…　2026-05-15 00:35:06投稿 <a href=""https://img.travel.rakuten.co.jp/image/tr/api/re/gJNfM/?f_hotel_no=18653"" class=""3click"">つづきはこちら</a>",tns,アネックス ツイン1名利用【禁煙】,5566974.0,【ベーシック／素泊り】スタイリッシュ＆快適◎コンパクトルーム,1,0,0,0,0,1,https://img.travel.rakuten.co.jp/image/tr/api/re/IdsCY/?f_no=18653&f_syu=tns&f_hi1=2026-05-19&f_hi2=2026-05-20&f_heya_su=1&f_otona_su=1&f_s1=0&f_s2=0&f_y1=0&f_y2=0&f_y3=0&f_y4=0&f_camp_id=5566974,0,2026-05-19,15950,15950,0,2026-05-19,fukuoka
180283,Ｔｈｅ３５８　ＳＯＲＡ,https://img.travel.rakuten.co.jp/image/tr/api/re/pvonD/?f_no=180283,https://img.travel.rakuten.co.jp/image/tr/api/re/vFumt/?f_no=180283&f_flg=PLAN,https://img.travel.rakuten.co.jp/image/tr/api/re/WzozX/?noTomariHotel=180283,https://img.travel.rakuten.co.jp/image/tr/api/re/gJNfM/?f_hotel_no=180283,ざ３５８　そら,2020年11月にオープン！展望大浴場、駐車場が無料でご利用いただけます！,7524,121192.34,469499.77,813-0017,福岡県,福岡市東区香椎照葉6-6-5,092-665-1616,092-665-1617,千早駅、アイランドアイ(ホテル隣接商業施設)間で無料送迎バス運行中。福岡市都市高速『アイランドシティ出口』から車で約1分,"アイランド アイ施設駐車場をご利用いただけます。【一般車両：無料】【大型車：3,850円】",,https://img.travel.rakuten.co.jp/share/HOTEL/180283/180283.jpg,https://img.travel.rakuten.co.jp/HIMG/90/180283.jpg,,,https://img.travel.rakuten.co.jp/share/HOTEL/180283/180283map.gif,1306.0,4.59,"…　2026-05-12 14:07:41投稿 <a href=""https://img.travel.rakuten.co.jp/image/tr/api/re/gJNfM/?f_hotel_no=180283"" class=""3click"">つづきはこちら</a>",stw,スカイツイン,5560862.0,【レイトチェックイン】【素泊まり】少し遅めのチェックインでお得にワンランク上のお部屋体験！,1,0,0,0,0,2,https://img.travel.rakuten.co.jp/image/tr/api/re/IdsCY/?f_no=180283&f_syu=stw&f_hi1=2026-05-19&f_hi2=2026-05-20&f_heya_su=1&f_otona_su=1&f_s1=0&f_s2=0&f_y1=0&f_y2=0&f_y3=0&f_y4=0&f_camp_id=5560862,0,2026-05-19,18909,18909,0,2026-05-19,fukuoka
16445,リッチモンドホテル博多駅前,https://img.travel.rakuten.co.jp/image/tr/api/re/pvonD/?f_no=16445,https://img.travel.rakuten.co.jp/image/tr/api/re/vFumt/?f_no=16445&f_flg=PLAN,https://img.travel.rakuten.co.jp/image/tr/api/re/WzozX/?noTomariHotel=16445,https://img.travel.rakuten.co.jp/image/tr/api/re/gJNfM/?f_hotel_no=16445,りっちもんど　はかたえきまえ,◇広い客室、デスク、明るい照明、WiFi無料。JR「博多駅」筑紫口より徒歩約4分。地下鉄「福岡空港駅」より約5分。,6655,120905.83,469527.62,812-0012,福岡県,福岡市博多区博多駅中央街6-17,092-433-0011,092-433-0166,JR「博多駅」筑紫口より徒歩約4分／地下鉄「博多駅」東5番出口より徒歩約3分(福岡空港からは後方の車両へ),立体駐車場　1泊1500　車高1.5ｍ・長さ5ｍ・車幅1.85ｍ　提携駐車場　有　,博多,https://img.travel.rakuten.co.jp/share/HOTEL/16445/16445.jpg,https://img.travel.rakuten.co.jp/HIMG/90/16445.jpg,https://img.travel.rakuten.co.jp/share/HOTEL/16445/16445_sd.jpg,https://img.travel.rakuten.co.jp/HIMG/INTERIOR/16445.jpg,https://img.travel.rakuten.co.jp/share/HOTEL/16445/16445map.gif,6186.0,4.19,"2泊予定だったが、一泊目の朝起きたら、断水しており、ビックリしました。朝食は食べれたが、トイレの再生水以外は断水。早々に外出して、更に回復しなければ別に泊まろうと…　2026-04-23 21:53:38投稿 <a href=""https://img.travel.rakuten.co.jp/image/tr/api/re/gJNfM/?f_hotel_no=16445"" class=""3click"">つづきはこちら</a>",vsn,禁煙シングル（ベッド140cm/18平米）大人1名・添寝1名,5153721.0,21時から最大12時間滞在【素泊まり】翌日9時チェックアウト,1,0,0,0,0,1,https://img.travel.rakuten.co.jp/image/tr/api/re/IdsCY/?f_no=16445&f_syu=vsn&f_hi1=2026-05-19&f_hi2=2026-05-20&f_heya_su=1&f_otona_su=1&f_s1=0&f_s2=0&f_y1=0&f_y2=0&f_y3=0&f_y4=0&f_camp_id=5153721,0,2026-05-19,16610,16610,0,2026-05-19,fukuoka
182017,アパホテル＆リゾート〈博多駅東〉,https://img.travel.rakuten.co.jp/image/tr/api/re/pvonD/?f_no=182017,https://img.travel.rakuten.co.jp/image/tr/api/re/vFumt/?f_no=182017&f_flg=PLAN,https://img.travel.rakuten.co.jp/image/tr/api/re/WzozX/?noTomariHotel=182017,https://img.travel.rakuten.co.jp/image/tr/api/re/gJNfM/?f_hotel_no=182017,あぱほてるあんどりぞーと　はかたえきひがし,博多駅を出て筑紫口中央通りからアクセスできる都市型リゾート。屋上に大浴殿とプールを備える,5040,120913.96,469537.43,812-0013,福岡県,福岡市博多区博多駅東1-18-1,0570-009-011,092-477-9012,福岡市営地下鉄空港線「博多駅」東7番出口から徒歩2分／JR各線「博多駅」筑紫口から徒歩4分,"11台有、1,500円 / 1泊（15：00〜翌11：00）※連泊の場合24時間　※予約不可先着順",博多,https://img.travel.rakuten.co.jp/share/HOTEL/182017/182017.jpg,https://img.travel.rakuten.co.jp/HIMG/90/182017.jpg,,,https://img.travel.rakuten.co.jp/share/HOTEL/182017/182017map.gif,766.0,4.05,"1.…　2026-05-08 10:27:59投稿 <a href=""https://img.travel.rakuten.co.jp/image/tr/api/re/gJNfM/?f_hotel_no=182017"" class=""3click"">つづきはこちら</a>",con1,【シングル×シングル】コネクトツインルーム（1名利用）,6051070.0,【素泊まり】2室コネクトルームプラン　2部屋合わせて22㎡　テレビもバス・トイレもそれぞれの客室に,1,0,0,0,0,1,https://img.travel.rakuten.co.jp/image/tr/api/re/IdsCY/?f_no=182017&f_syu=con1&f_hi1=2026-05-19&f_hi2=2026-05-20&f_heya_su=1&f_otona_su=1&f_s1=0&f_s2=0&f_y1=0&f_y2=0&f_y3=0&f_y4=0&f_camp_id=6051070,0,2026-05-19,36180,36180,0,2026-05-19,fukuoka
184617,Ｇｒａｎｄ　Ｅｍｐｉｒｅ　Ｈｏｔｅｌ（グランドエンパイアホテル）,https://img.travel.rakuten.co.jp/image/tr/api/re/pvonD/?f_no=184617,https://img.travel.rakuten.co.jp/image/tr/api/re/vFumt/?f_no=184617&f_flg=PLAN,https://img.travel.rakuten.co.jp/image/tr/api/re/WzozX/?noTomariHotel=184617,https://img.travel.rakuten.co.jp/image/tr/api/re/gJNfM/?f_hotel_no=184617,ぐらんどえんぱいあほてる,【駐車場無料】【全室43㎡以上】【全室禁煙】上質さにこだわった空間でごゆっくりお寛ぎください。,10000,120631.04,469738.41,816-0956,福岡県,大野城市南大利2-1-23,092-596-6363,092-596-7964,JR大野城駅よりお車で５分／西鉄下大利駅よりお車で５分／太宰府I.Cよりお車で約１０分／キッザニア福岡までお車で約２５分,有り　90台　無料　★２４時間入出庫可★　※満車の場合は臨時駐車場へご案内いたします,大野城,https://img.travel.rakuten.co.jp/share/HOTEL/184617/184617.jpg,https://img.travel.rakuten.co.jp/HIMG/90/184617.jpg,,,https://img.travel.rakuten.co.jp/share/HOTEL/184617/184617map.gif,409.0,4.67,"クチコミの詳細はこちらから　https://review.travel.rakut…　2026-05-12 15:41:58投稿 <a href=""https://img.travel.rakuten.co.jp/image/tr/api/re/gJNfM/?f_hotel_no=184617"" class=""3click"">つづきはこちら</a>",geh181023,エンパイアツイン,6415307.0,【返金不可】【事前決済】スタンダードプラン（素泊まり）,1,0,0,0,0,2,https://img.travel.rakuten.co.jp/image/tr/api/re/IdsCY/?f_no=184617&f_syu=geh181023&f_hi1=2026-05-19&f_hi2=2026-05-20&f_heya_su=1&f_otona_su=1&f_s1=0&f_s2=0&f_y1=0&f_y2=0&f_y3=0&f_y4=0&f_camp_id=6415307,0,2026-05-19,15950,15950,0,2026-05-19,fukuoka
178967,ホテルフロント・イン福岡空港,https://img.travel.rakuten.co.jp/image/tr/api/re/pvonD/?f_no=178967,https://img.travel.rakuten.co.jp/image/tr/api/re/vFumt/?f_no=178967&f_flg=PLAN,https://img.travel.rakuten.co.jp/image/tr/api/re/WzozX/?noTomariHotel=178967,https://img.travel.rakuten.co.jp/image/tr/api/re/gJNfM/?f_hotel_no=178967,ふろんといんふくおかくうこう,福岡空港や博多の森陸上競技場に隣接しビジネス・観光・イベントの拠点に最適なホテルです。博多・中洲・天神へのアクセスも抜群,7040,120956.0,469638.78,811‐2205,福岡県,糟屋郡志免町別府2-18-1,092-624-6688,092-624-6677,地下鉄　福岡空港駅より徒歩にて約12分,有り　32台　1泊１区画800円（※2tロング以上は１区画1600円）　要予約,福岡空港,https://img.travel.rakuten.co.jp/share/HOTEL/178967/178967.jpg,https://img.travel.rakuten.co.jp/HIMG/90/178967.jpg,,,https://img.travel.rakuten.co.jp/share/HOTEL/178967/178967map.gif,636.0,4.11,"とにかく大浴場が最高でした。ビジネスホテルなのにまさか大浴場があるとは思いませんでした。また翌日に空港までの無料送迎バスがあったのも大変助かりました。ありがとうござい…　2026-05-14 17:05:54投稿 <a href=""https://img.travel.rakuten.co.jp/image/tr/api/re/gJNfM/?f_hotel_no=178967"" class=""3click"">つづきはこちら</a>",s2,モデレートダブル,4891430.0,【福岡空港ご利用の方限定】素泊りプラン,1,0,0,0,0,1,https://img.travel.rakuten.co.jp/image/tr/api/re/IdsCY/?f_no=178967&f_syu=s2&f_hi1=2026-05-19&f_hi2=2026-05-20&f_heya_su=1&f_otona_su=1&f_s1=0&f_s2=0&f_y1=0&f_y2=0&f_y3=0&f_y4=0&f_camp_id=4891430,0,2026-05-19,11400,11400,0,2026-05-19,fukuoka
153161,ホテルニューガイア上呉服,https://img.travel.rakuten.co.jp/image/tr/api/re/pvonD/?f_no=153161,https://img.travel.rakuten.co.jp/image/tr/api/re/vFumt/?f_no=153161&f_flg=PLAN,https://img.travel.rakuten.co.jp/image/tr/api/re/WzozX/?noTomariHotel=153161,https://img.travel.rakuten.co.jp/image/tr/api/re/gJNfM/?f_hotel_no=153161,にゅーがいあかみごふく,全客室エアウィーヴ採用！マリンメッセ福岡へ徒歩で一直線♪【シングルルームは全室ダブルベッド】【全室エアコン個別空調】,4800,120946.79,469490.1,812-0036,福岡県,福岡市博多区上呉服町14-25,092-273-2911,092-273-2920,地下鉄箱崎線　呉服町駅より徒歩にて約３分,"1泊1,500円(先着順･予約不可) ※2台",呉服町（福岡）,https://img.travel.rakuten.co.jp/share/HOTEL/153161/153161.jpg,https://img.travel.rakuten.co.jp/HIMG/90/153161.jpg,,,https://img.travel.rakuten.co.jp/share/HOTEL/153161/153161map.gif,500.0,4.13,"外泊の時はいつも眠れなくて困っていましたが、ベッドが良かったのでしょうかぐっすり眠れま…　2026-05-08 20:34:28投稿 <a href=""https://img.travel.rakuten.co.jp/image/tr/api/re/gJNfM/?f_hotel_no=153161"" class=""3click"">つづきはこちら</a>",rwnds,★【女性フロア】★【禁煙】ダブルルーム,5213087.0,地元で人気！「とり皮 お市」コラボ企画【串盛りサービス券付き】宿泊プラン,1,0,0,0,0,1,https://img.travel.rakuten.co.jp/image/tr/api/re/IdsCY/?f_no=153161&f_syu=rwnds&f_hi1=2026-05-19&f_hi2=2026-05-20&f_heya_su=1&f_otona_su=1&f_s1=0&f_s2=0&f_y1=0&f_y2=0&f_y3=0&f_y4=0&f_camp_id=5213087,0,2026-05-19,12800,12800,0,2026-05-19,fukuoka
2325,ホテル日航福岡,https://img.travel.rakuten.co.jp/image/tr/api/re/pvonD/?f_no=2325,https://img.travel.rakuten.co.jp/image/tr/api/re/vFumt/?f_no=2325&f_flg=PLAN,https://img.travel.rakuten.co.jp/image/tr/api/re/WzozX/?noTomariHotel=2325,https://img.travel.rakuten.co.jp/image/tr/api/re/gJNfM/?f_hotel_no=2325,にっこうふくおか,ホテル本館6階フィットネスクラブが改装工事の為2025年4月1日から2026年3月31日まで営業休止となります。,12000,120917.58,469510.07,812-0011,福岡県,福岡市博多区博多駅前2-18-25　,092-482-1111,092-482-1127,ＪＲ博多シティ(博多駅)から徒歩3分/福岡空港から地下鉄2駅(所要時間5分)※地下道で直結・P5番出口,ホテル地下駐車場◇117台◇1泊1500円(※2026年4月1日より1泊2000円に改定),博多,https://img.travel.rakuten.co.jp/share/HOTEL/2325/2325.jpg,https://img.travel.rakuten.co.jp/HIMG/90/2325.jpg,https://img.travel.rakuten.co.jp/share/HOTEL/2325/2325_kya.jpg,https://img.travel.rakuten.co.jp/HIMG/INTERIOR/2325.jpg,https://img.travel.rakuten.co.jp/share/HOTEL/2325/2325map.gif,3719.0,4.47,"いつも定宿にしている所で、朝食はいつも和定食を美味しく束させて頂き、昨年にリニューアルしたお部屋で、風呂、トイレ別の浴室が分かれたお部屋に成っていて十分…　2026-05-14 12:48:34投稿 <a href=""https://img.travel.rakuten.co.jp/image/tr/api/re/gJNfM/?f_hotel_no=2325"" class=""3click"">つづきはこちら</a>",ssnw1,【ショートステイ NEW】1名様利用 お部屋タイプおまかせ,6318014.0,【☆新客室限定ショートステイプラン☆】 18時チェックイン＆8時チェックアウト(素泊り)♪,1,0,0,0,0,1,https://img.travel.rakuten.co.jp/image/tr/api/re/IdsCY/?f_no=2325&f_syu=ssnw1&f_hi1=2026-05-19&f_hi2=2026-05-20&f_heya_su=1&f_otona_su=1&f_s1=0&f_s2=0&f_y1=0&f_y2=0&f_y3=0&f_y4=0&f_camp_id=6318014,0,2026-05-19,17000,17000,1,2026-05-19,fukuoka
52910,ＨＯＴＥＬ　ＡＺ　福岡和白店,https://img.travel.rakuten.co.jp/image/tr/api/re/pvonD/?f_no=52910,https://img.travel.rakuten.co.jp/image/tr/api/re/vFumt/?f_no=52910&f_flg=PLAN,https://img.travel.rakuten.co.jp/image/tr/api/re/WzozX/?noTomariHotel=52910,https://img.travel.rakuten.co.jp/image/tr/api/re/gJNfM/?f_hotel_no=52910,ほてるえーぜっと　ふくおかわじろてん,海の中道・福岡市内・相の島へもアクセス抜群！朝食無料☆ビジネス・観光どちらもOK！全506室、440台無料駐車場完備,5170,121277.74,469564.56,811-0213,福岡県,福岡市東区和白丘2-3-1,092-605-3301,092-605-3345,西鉄（貝塚線）和白駅・ＪＲ（香椎線）和白駅より徒歩5分/西鉄バス上和白郵便局前下車徒歩1分,無料駐車場440台あり　普通車：予約不要 、中型車・大型車：要予約（有料）,和白,https://img.travel.rakuten.co.jp/share/HOTEL/52910/52910.jpg,https://img.travel.rakuten.co.jp/HIMG/90/52910.jpg,https://img.travel.rakuten.co.jp/share/HOTEL/52910/52910_si.jpg,https://img.travel.rakuten.co.jp/HIMG/INTERIOR/52910.jpg,https://img.travel.rakuten.co.jp/share/HOTEL/52910/52910map.gif,3517.0,4.11,"最近の福岡常宿です。朝食が資さんうどんかジョイフルかホテルブュッフェの中から選べるのがサイコーです。他に飲食店が2店舗有るので外に出歩かなくても大丈夫です。道向かいにファミマ、徒歩5分ぐらいの所にスー…　2026-05-13 15:11:17投稿 <a href=""https://img.travel.rakuten.co.jp/image/tr/api/re/gJNfM/?f_hotel_no=52910"" class=""3click"">つづきはこちら</a>",sn01,【禁煙】シングル,6108711.0,スタンダードプラン（朝食サービス）,1,0,0,1,0,1,https://img.travel.rakuten.co.jp/image/tr/api/re/IdsCY/?f_no=52910&f_syu=sn01&f_hi1=2026-05-19&f_hi2=2026-05-20&f_heya_su=1&f_otona_su=1&f_s1=0&f_s2=0&f_y1=0&f_y2=0&f_y3=0&f_y4=0&f_camp_id=6108711,0,2026-05-19,6380,6380,0,2026-05-19,fukuoka
27861,ホテル　キャビナス福岡,https://img.travel.rakuten.co.jp/image/tr/api/re/pvonD/?f_no=27861,https://img.travel.rakuten.co.jp/image/tr/api/re/vFumt/?f_no=27861&f_flg=PLAN,,https://img.travel.rakuten.co.jp/image/tr/api/re/gJNfM/?f_hotel_no=27861,きゃびなす　ふくおか,福岡県・福岡市条例により2020年4月1日より、お1人様ご1泊当り、宿泊税200円を別途頂きます。,390,120916.31,469513.1,812-0011,福岡県,福岡市博多区博多駅前2-18-1,092-436-8880,092-436-8777,ＪＲ博多駅より徒歩１分,有り　３０台　１０００円（税込／泊）　車両制限あり。詳細はご連絡下さいませ。先着順のご案内、予約不可,博多,https://img.travel.rakuten.co.jp/share/HOTEL/27861/27861.jpg,https://img.travel.rakuten.co.jp/HIMG/90/27861.jpg,https://img.travel.rakuten.co.jp/share/HOTEL/27861/27861_heya.jpg,https://img.travel.rakuten.co.jp/HIMG/INTERIOR/27861.jpg,https://img.travel.rakuten.co.jp/share/HOTEL/27861/27861map.gif,4528.0,4.13,"クチコミの詳細はこちらから　https://review.travel.rakuten.co.jp/hotel/voice/27861?revie…　2026-05-13 20:28:48投稿 <a href=""https://img.travel.rakuten.co.jp/image/tr/api/re/gJNfM/?f_hotel_no=27861"" class=""3click"">つづきはこちら</a>",38,男性専用連結カプセル,6338431.0,年男2026年午(うま)年限定バースディプラン☆対象のお誕生日当日の方限定☆※男性専用※,1,0,0,0,0,0,https://img.travel.rakuten.co.jp/image/tr/api/re/IdsCY/?f_no=27861&f_syu=38&f_hi1=2026-05-19&f_hi2=2026-05-20&f_heya_su=1&f_otona_su=1&f_s1=0&f_s2=0&f_y1=0&f_y2=0&f_y3=0&f_y4=0&f_camp_id=6338431,0,2026-05-19,390,390,0,2026-05-19,fukuoka
130158,天然温泉　袖湊の湯　ドーミーインＰＲＥＭＩＵＭ博多・キャナルシティ前（ドーミーイン・野乃　グループ）,https://img.travel.rakuten.co.jp/image/tr/api/re/pvonD/?f_no=130158,https://img.travel.rakuten.co.jp/image/tr/api/re/vFumt/?f_no=130158&f_flg=PLAN,https://img.travel.rakuten.co.jp/image/tr/api/re/WzozX/?noTomariHotel=130158,https://img.travel.rakuten.co.jp/image/tr/api/re/gJNfM/?f_hotel_no=130158,てんねんおんせん　そでみなとのゆ　どーみーいんぷれみあむはかた・きゃなるしてぃまえ,★全室スマートテレビ導入★キャナルシティ近く、櫛田神社駅目の前の好立地！自慢の大浴場＆サウナで免疫力を高めよう！,7612,120914.42,469492.64,812-0038,福岡県,福岡市博多区祇園町9-1,092-272-5489,092-282-6670,■ＪＲ博多駅博多口より徒歩10分　■地下鉄櫛田神社前駅7番出口より徒歩1分,先着順・1泊2000円・高さ2ｍ 車幅：1.85ｍ ※サイズ内でも形状により入庫不可の場合有,中洲川端,https://img.travel.rakuten.co.jp/share/HOTEL/130158/130158.jpg,https://img.travel.rakuten.co.jp/HIMG/90/130158.jpg,https://img.travel.rakuten.co.jp/share/HOTEL/130158/130158_bth.jpg,https://img.travel.rakuten.co.jp/HIMG/INTERIOR/130158.jpg,https://img.travel.rakuten.co.jp/share/HOTEL/130158/130158map.gif,1592.0,4.48,"クチコミの詳細はこちらから　https://review.travel.rakuten.co…　2026-03-30 18:45:50投稿 <a href=""https://img.travel.rakuten.co.jp/image/tr/api/re/gJNfM/?f_hotel_no=130158"" class=""3click"">つづきはこちら</a>",dn,◇禁煙ダブルルーム◇２階に男女別天然温泉大浴場サウナ完備！,3151303.0,【大浴場×サウナでととのう！】ドーミーインスタンダードプラン!!＜素泊まり＞,1,0,0,0,0,1,https://img.travel.rakuten.co.jp/image/tr/api/re/IdsCY/?f_no=130158&f_syu=dn&f_hi1=2026-05-19&f_hi2=2026-05-20&f_heya_su=1&f_otona_su=1&f_s1=0&f_s2=0&f_y1=0&f_y2=0&f_y3=0&f_y4=0&f_camp_id=3151303,0,2026-05-19,23625,23625,0,2026-05-19,fukuoka
5012,天然温泉　八百治の湯　八百治博多ホテル,https://img.travel.rakuten.co.jp/image/tr/api/re/pvonD/?f_no=5012,https://img.travel.rakuten.co.jp/image/tr/api/re/vFumt/?f_no=5012&f_flg=PLAN,https://img.travel.rakuten.co.jp/image/tr/api/re/WzozX/?noTomariHotel=5012,https://img.travel.rakuten.co.jp/image/tr/api/re/gJNfM/?f_hotel_no=5012,てんねんおんせん　やおじのゆ　やおじはかたほてる,博多駅徒歩5分♪　★2019年7月天然温泉大浴場リニューアル★Wi-Fi無料＆加湿機能付空気清浄機完備♪,6450,120897.28,469511.51,812-0011,福岡県,福岡市博多区博多駅前4-9-2,092-483-5111,092-483-5123,博多駅博多口より徒歩５分（福岡空港から博多駅まで地下鉄で５分。）,"契約駐車場　1,500円（税込）/14時〜翌日14時",博多,https://img.travel.rakuten.co.jp/share/HOTEL/5012/5012.jpg,https://img.travel.rakuten.co.jp/HIMG/90/5012.jpg,https://img.travel.rakuten.co.jp/share/HOTEL/5012/5012_sgl.jpg,https://img.travel.rakuten.co.jp/HIMG/INTERIOR/5012.jpg,https://img.travel.rakuten.co.jp/share/HOTEL/5012/5012map.gif,4450.0,4.17,"クチコミの詳細はこちらから　https…　2026-05-13 14:57:31投稿 <a href=""https://img.travel.rakuten.co.jp/image/tr/api/re/gJNfM/?f_hotel_no=5012"" class=""3click"">つづきはこちら</a>",asns,シングル○禁煙ベッド幅１２０cm（１ベッド）,4363682.0,シンプルステイ☆,1,0,0,0,0,1,https://img.travel.rakuten.co.jp/image/tr/api/re/IdsCY/?f_no=5012&f_syu=asns&f_hi1=2026-05-19&f_hi2=2026-05-20&f_heya_su=1&f_otona_su=1&f_s1=0&f_s2=0&f_y1=0&f_y2=0&f_y3=0&f_y4=0&f_camp_id=4363682,0,2026-05-19,15900,15900,0,2026-05-19,fukuoka
180583,ホテル・トリフィート博多祇園,https://img.travel.rakuten.co.jp/image/tr/api/re/pvonD/?f_no=180583,https://img.travel.rakuten.co.jp/image/tr/api/re/vFumt/?f_no=180583&f_flg=PLAN,https://img.travel.rakuten.co.jp/image/tr/api/re/WzozX/?noTomariHotel=180583,https://img.travel.rakuten.co.jp/image/tr/api/re/gJNfM/?f_hotel_no=180583,ほてるとりふぃーとはかたぎおん,■【大浴場】完備■地下鉄「祇園駅」徒歩5分■中洲・博多、徒歩圏内■「マリンメッセ」までバス7分■未就学児の添い寝「無料」,5450,120929.81,469487.18,812-0039,福岡県,福岡市博多区冷泉町8-24,092-283-7060,092-283-7061,■地下鉄「祇園駅」徒歩5分■西鉄バス停「奥の堂」徒歩3分■福岡空港 地下鉄利用で最短15分■マリンメッセまでバスで7分,有り（屋外/高さ制限無し）　7台　1980円（税込み/泊）　先着順（事前予約不可）,祇園（福岡）,https://img.travel.rakuten.co.jp/share/HOTEL/180583/180583.jpg,https://img.travel.rakuten.co.jp/HIMG/90/180583.jpg,,,https://img.travel.rakuten.co.jp/share/HOTEL/180583/180583map.gif,706.0,4.25,"早く到着出来たのでホテルの駐車場に停められ出入り自由だったのでとても便利で良かったです。朝食のブュッフェは品数が多くはありませでしたが お味は美味しくいただけ…　2026-05-14 09:43:30投稿 <a href=""https://img.travel.rakuten.co.jp/image/tr/api/re/gJNfM/?f_hotel_no=180583"" class=""3click"">つづきはこちら</a>",dbl,ダブルルーム / 160cm幅のクイーンベッドを使用,5519434.0,【72時間セール】35％オフ。週末直前予約も◎！夏のご予定に。未就学児「添い寝無料」大浴場有。素泊り,1,0,0,0,0,1,https://img.travel.rakuten.co.jp/image/tr/api/re/IdsCY/?f_no=180583&f_syu=dbl&f_hi1=2026-05-19&f_hi2=2026-05-20&f_heya_su=1&f_otona_su=1&f_s1=0&f_s2=0&f_y1=0&f_y2=0&f_y3=0&f_y4=0&f_camp_id=5519434,0,2026-05-19,18330,18330,0,2026-05-19,fukuoka
1227,ＴＫＰサンライフホテル,https://img.travel.rakuten.co.jp/image/tr/api/re/pvonD/?f_no=1227,https://img.travel.rakuten.co.jp/image/tr/api/re/vFumt/?f_no=1227&f_flg=PLAN,https://img.travel.rakuten.co.jp/image/tr/api/re/WzozX/?noTomariHotel=1227,https://img.travel.rakuten.co.jp/image/tr/api/re/gJNfM/?f_hotel_no=1227,ＴＫＰさんらいふほてる,◆ツインをリニューアルした【スーペリアツイン】の販売を開始いたしました！ぜひこの機会にご宿泊如何ですか。,4275,120912.68,469529.91,812-0013,福岡県,福岡市博多区博多駅東1-12-3,092-473-7112,092-471-5075,JR博多駅筑紫口より徒歩2分。筑紫口（新幹線口）出て目の前！地下鉄「東6番」出口直結。,"提携【里馨パーキング（リカパーキング）】予約・出し入れ不可　24H1,500円税込　高さ等制限有",博多,https://img.travel.rakuten.co.jp/share/HOTEL/1227/1227.jpg,https://img.travel.rakuten.co.jp/HIMG/90/1227.jpg,https://img.travel.rakuten.co.jp/share/HOTEL/1227/1227_sr.jpg,https://img.travel.rakuten.co.jp/HIMG/INTERIOR/1227.jpg,https://img.travel.rakuten.co.jp/share/HOTEL/1227/1227map.gif,4466.0,3.7,"クチコミの詳細はこちらから　https://review.travel.rakuten.co.jp/hotel/voice/1227?reviewId=3312347758…　2026-05-10 04:53:36投稿 <a href=""https://img.travel.rakuten.co.jp/image/tr/api/re/gJNfM/?f_hotel_no=1227"" class=""3click"">つづきはこちら</a>",10nx2e,【2号館/禁煙】シングルルーム,5624611.0,【素泊まり】博多駅新幹線側出口（筑紫口）徒歩2分,1,0,0,0,0,1,https://img.travel.rakuten.co.jp/image/tr/api/re/IdsCY/?f_no=1227&f_syu=10nx2e&f_hi1=2026-05-19&f_hi2=2026-05-20&f_heya_su=1&f_otona_su=1&f_s1=0&f_s2=0&f_y1=0&f_y2=0&f_y3=0&f_y4=0&f_camp_id=5624611,0,2026-05-19,14000,14000,0,2026-05-19,fukuoka
179907,ＨＯＴＥＬ　ＮＥＸＵＳ　博多山王,https://img.travel.rakuten.co.jp/image/tr/api/re/pvonD/?f_no=179907,https://img.travel.rakuten.co.jp/image/tr/api/re/vFumt/?f_no=179907&f_flg=PLAN,https://img.travel.rakuten.co.jp/image/tr/api/re/WzozX/?noTomariHotel=179907,https://img.travel.rakuten.co.jp/image/tr/api/re/gJNfM/?f_hotel_no=179907,ねくさすはかたさんのう,『「ただいま」と言いたくなるホテル』　博多駅と福岡空港の中間に位置するプレミアムポジション,5000,120875.94,469567.04,812-0015,福岡県,福岡市博多区山王1-16-21,092-419-2020,092-710-4141,博多駅(筑紫口)より徒歩25分　西鉄バス(山王1丁目)より徒歩3分　★博多駅、福岡空港国際線　無料シャトルバス運行中★,有　9台　700円/泊（2027年1月から1000円/泊）お電話予約のみのお受付(先着ご予約制)。,博多,https://img.travel.rakuten.co.jp/share/HOTEL/179907/179907.jpg,https://img.travel.rakuten.co.jp/HIMG/90/179907.jpg,https://img.travel.rakuten.co.jp/share/HOTEL/179907/179907_kan1.jpg,https://img.travel.rakuten.co.jp/HIMG/INTERIOR/179907.jpg,https://img.travel.rakuten.co.jp/share/HOTEL/179907/179907map.gif,325.0,4.35,"新しいキレイなホテルでし…　2026-05-10 10:25:05投稿 <a href=""https://img.travel.rakuten.co.jp/image/tr/api/re/gJNfM/?f_hotel_no=179907"" class=""3click"">つづきはこちら</a>",sgs74,シングルルーム　シャワーブースタイプ　,4926955.0,シンプル素泊りプラン,1,0,0,0,0,1,https://img.travel.rakuten.co.jp/image/tr/api/re/IdsCY/?f_no=179907&f_syu=sgs74&f_hi1=2026-05-19&f_hi2=2026-05-20&f_heya_su=1&f_otona_su=1&f_s1=0&f_s2=0&f_y1=0&f_y2=0&f_y3=0&f_y4=0&f_camp_id=4926955,0,2026-05-19,10000,10000,0,2026-05-19,fukuoka
41372,西鉄ホテル　クルーム博多,https://img.travel.rakuten.co.jp/image/tr/api/re/pvonD/?f_no=41372,https://img.travel.rakuten.co.jp/image/tr/api/re/vFumt/?f_no=41372&f_flg=PLAN,https://img.travel.rakuten.co.jp/image/tr/api/re/WzozX/?noTomariHotel=41372,https://img.travel.rakuten.co.jp/image/tr/api/re/gJNfM/?f_hotel_no=41372,にしてつほてる　くるーむはかた,天然温泉・サウナ完備／博多駅すぐ隣／開放的で居心地のよいロビー空間／館内コンビニ併設,7600,120920.71,469520.4,812-0011,福岡県,福岡市博多区博多駅前一丁目１７番６号,092-413-5454,092-413-5466,ＪＲ　博多駅「博多口」より徒歩約４分    　　　地下鉄　博多駅「西４番出口」より徒歩約４分,１泊1台２，０００円（税込）14:30〜翌12：30,博多,https://img.travel.rakuten.co.jp/share/HOTEL/41372/41372.jpg,https://img.travel.rakuten.co.jp/HIMG/90/41372.jpg,https://img.travel.rakuten.co.jp/share/HOTEL/41372/41372_dai.jpg,https://img.travel.rakuten.co.jp/HIMG/INTERIOR/41372.jpg,https://img.travel.rakuten.co.jp/share/HOTEL/41372/41372map.gif,6775.0,4.28,"クチコミの詳細はこちらから　https://review.travel.rakuten…　2026-05-09 14:02:41投稿 <a href=""https://img.travel.rakuten.co.jp/image/tr/api/re/gJNfM/?f_hotel_no=41372"" class=""3click"">つづきはこちら</a>",ptn1,【禁煙】コンフォートツイン,6312270.0,【スタンダード】博多駅徒歩4分！癒しのサウナ付温泉大浴場☆＜素泊り＞,1,0,0,0,0,0,https://img.travel.rakuten.co.jp/image/tr/api/re/IdsCY/?f_no=41372&f_syu=ptn1&f_hi1=2026-05-19&f_hi2=2026-05-20&f_heya_su=1&f_otona_su=1&f_s1=0&f_s2=0&f_y1=0&f_y2=0&f_y3=0&f_y4=0&f_camp_id=6312270,0,2026-05-19,42000,42000,0,2026-05-19,fukuoka
166453,フォーポイント　フレックス　ｂｙ　シェラトン　福岡博多,https://img.travel.rakuten.co.jp/image/tr/api/re/pvonD/?f_no=166453,https://img.travel.rakuten.co.jp/image/tr/api/re/vFumt/?f_no=166453&f_flg=PLAN,https://img.travel.rakuten.co.jp/image/tr/api/re/WzozX/?noTomariHotel=166453,https://img.travel.rakuten.co.jp/image/tr/api/re/gJNfM/?f_hotel_no=166453,ふぉーぽいんと　ふれっくす　ばい　しぇらとん　ふくおかはかた,マリオットグループ日本初上陸ブランド！博多駅・中州へ徒歩圏内！	,6292,120898.93,469502.62,812-0011,福岡県,福岡市博多区博多駅前3-6-7,092-433-6172,092-433-6175,博多駅博多口より徒歩にて約9分。,無し,博多,https://img.travel.rakuten.co.jp/share/HOTEL/166453/166453.jpg,https://img.travel.rakuten.co.jp/HIMG/90/166453.jpg,https://img.travel.rakuten.co.jp/share/HOTEL/166453/166453_kan1.jpg,https://img.travel.rakuten.co.jp/HIMG/INTERIOR/166453.jpg,https://img.travel.rakuten.co.jp/share/HOTEL/166453/166453map.gif,704.0,3.61,"高級ホテルグループなのに、部屋は狭くて、客室に対するエレベーターの数も少なく残念。宿泊日に合わせて荷物を送っておいたのにフロントにて受取拒否。到着日に荷…　2026-04-14 16:14:06投稿 <a href=""https://img.travel.rakuten.co.jp/image/tr/api/re/gJNfM/?f_hotel_no=166453"" class=""3click"">つづきはこちら</a>",fpxdoub,◆ダブル（禁煙）,6061610.0,【Marriott Bonvoy会員価格対象プラン】心地よさと利便性で福岡博多拠点で快適│素泊まり,1,0,0,0,0,1,https://img.travel.rakuten.co.jp/image/tr/api/re/IdsCY/?f_no=166453&f_syu=fpxdoub&f_hi1=2026-05-19&f_hi2=2026-05-20&f_heya_su=1&f_otona_su=1&f_s1=0&f_s2=0&f_y1=0&f_y2=0&f_y3=0&f_y4=0&f_camp_id=6061610,0,2026-05-19,18700,18700,0,2026-05-19,fukuoka
80531,ウィークリーイン南福岡,https://img.travel.rakuten.co.jp/image/tr/api/re/pvonD/?f_no=80531,https://img.travel.rakuten.co.jp/image/tr/api/re/vFumt/?f_no=80531&f_flg=PLAN,https://img.travel.rakuten.co.jp/image/tr/api/re/WzozX/?noTomariHotel=80531,https://img.travel.rakuten.co.jp/image/tr/api/re/gJNfM/?f_hotel_no=80531,うぃーくりーいんみなみふくおか,西鉄桜並木駅より徒歩１分、ＪＲ南福岡駅から徒歩７分。福岡駅・博多駅までのアクセスが良好です。１泊からのご利用も可能です。,2925,120748.08,469683.41,812-0878,福岡県,福岡市博多区竹丘町2-4-12,092-581-0300,092-593-9454,西鉄桜並木駅より徒歩１分、ＪＲ南福岡駅から徒歩７分,有り　１５台　８００円（税込み／泊）　要予約,雑餉隈,https://img.travel.rakuten.co.jp/share/HOTEL/80531/80531.jpg,https://img.travel.rakuten.co.jp/HIMG/90/80531.jpg,,,https://img.travel.rakuten.co.jp/share/HOTEL/80531/80531map.gif,488.0,4.19,"他の画像やクチコミの詳細はこちらから　https://review.travel.rakuten.…　2026-05-07 15:22:33投稿 <a href=""https://img.travel.rakuten.co.jp/image/tr/api/re/gJNfM/?f_hotel_no=80531"" class=""3click"">つづきはこちら</a>",single_cp,【禁煙】スタンダードルーム（Cタイプ）,3611896.0,素泊まりプラン,1,0,0,0,0,1,https://img.travel.rakuten.co.jp/image/tr/api/re/IdsCY/?f_no=80531&f_syu=single_cp&f_hi1=2026-05-19&f_hi2=2026-05-20&f_heya_su=1&f_otona_su=1&f_s1=0&f_s2=0&f_y1=0&f_y2=0&f_y3=0&f_y4=0&f_camp_id=3611896,0,2026-05-19,5700,5700,0,2026-05-19,fukuoka
11007,サウナ・カプセル　ウェルビー福岡,https://img.travel.rakuten.co.jp/image/tr/api/re/pvonD/?f_no=11007,https://img.travel.rakuten.co.jp/image/tr/api/re/vFumt/?f_no=11007&f_flg=PLAN,,https://img.travel.rakuten.co.jp/image/tr/api/re/gJNfM/?f_hotel_no=11007,さうな・かぷせる　うぇるびーふくおか,2024年11月に改装リニューアル！！サウナ、湯舟入り放題♪　館内無料Wi-Fi対応！アメニティ、朝食も無料です♪,5300,120917.52,469487.66,812-0038,福岡県,福岡市博多区祇園町8-12ロータリー大和2F,092-291-1009,092-291-1156,地下鉄「櫛田神社前駅」より徒歩30秒 / 「博多駅」博多口より徒歩10分,「シーサーパーキング」…400円分サービス。,博多,https://img.travel.rakuten.co.jp/share/HOTEL/11007/11007.jpg,https://img.travel.rakuten.co.jp/HIMG/90/11007.jpg,https://img.travel.rakuten.co.jp/share/HOTEL/11007/11007_heya.jpg,https://img.travel.rakuten.co.jp/HIMG/INTERIOR/11007.jpg,https://img.travel.rakuten.co.jp/share/HOTEL/11007/11007map.gif,2070.0,4.11,"サウナやお風呂の清潔感、朝食の内容、ラウンジなどくつろげるスペースも確保されて…　2026-05-14 17:45:30投稿 <a href=""https://img.travel.rakuten.co.jp/image/tr/api/re/gJNfM/?f_hotel_no=11007"" class=""3click"">つづきはこちら</a>",zcp,【カプセルルーム・上段】（男性専用）,2251496.0,SAUNAでととのうカプセルプラン【男性専用】,1,0,0,1,0,1,https://img.travel.rakuten.co.jp/image/tr/api/re/IdsCY/?f_no=11007&f_syu=zcp&f_hi1=2026-05-19&f_hi2=2026-05-20&f_heya_su=1&f_otona_su=1&f_s1=0&f_s2=0&f_y1=0&f_y2=0&f_y3=0&f_y4=0&f_camp_id=2251496,0,2026-05-19,5300,5300,1,2026-05-19,fukuoka
43964,ベッセルホテル福岡貝塚,https://img.travel.rakuten.co.jp/image/tr/api/re/pvonD/?f_no=43964,https://img.travel.rakuten.co.jp/image/tr/api/re/vFumt/?f_no=43964&f_flg=PLAN,https://img.travel.rakuten.co.jp/image/tr/api/re/WzozX/?noTomariHotel=43964,https://img.travel.rakuten.co.jp/image/tr/api/re/gJNfM/?f_hotel_no=43964,ベッセルホテル　ふくおか　かいづか,★パパママ必見！18歳以下添い寝無料★朝食がリニューアル♪朝食のコンセプトは「MOTTOたのしい朝ごはん」♪,5000,121076.11,469534.53,812-0053,福岡県,福岡市東区箱崎7-10-65,092-642-0101,092-642-0106,★地下鉄箱崎線貝塚駅より徒歩5分★九州自動車道福岡ICより6ｋｍ★九州自動車道大宰府ICより都市高速大宰府線で約35分,"◆有　無料（100台）6ｍ以上or一般駐車スペースに収容できない場合1泊3,000円（税込）※要予約",貝塚（福岡）,https://img.travel.rakuten.co.jp/share/HOTEL/43964/43964.jpg,https://img.travel.rakuten.co.jp/HIMG/90/43964.jpg,https://img.travel.rakuten.co.jp/share/HOTEL/43964/43964_room.jpg,https://img.travel.rakuten.co.jp/HIMG/INTERIOR/43964.jpg,https://img.travel.rakuten.co.jp/share/HOTEL/43964/43964map.gif,2758.0,4.4,"クチコミの詳細はこちらから　https://review.travel.rakuten.co.jp/hot…　2026-05-10 13:47:36投稿 <a href=""https://img.travel.rakuten.co.jp/image/tr/api/re/gJNfM/?f_hotel_no=43964"" class=""3click"">つづきはこちら</a>",t2n,【禁煙】広々2ベッド◆26平米◆,5856194.0,【一人旅★朝食付】150センチ幅のベッド2台をおひとり様で満喫♪☆添い寝不可☆,1,0,0,1,0,1,https://img.travel.rakuten.co.jp/image/tr/api/re/IdsCY/?f_no=43964&f_syu=t2n&f_hi1=2026-05-19&f_hi2=2026-05-20&f_heya_su=1&f_otona_su=1&f_s1=0&f_s2=0&f_y1=0&f_y2=0&f_y3=0&f_y4=0&f_camp_id=5856194,0,2026-05-19,14000,14000,0,2026-05-19,fukuoka
70283,ｔｈｅ　ｂ　博多（ザビー　はかた）,https://img.travel.rakuten.co.jp/image/tr/api/re/pvonD/?f_no=70283,https://img.travel.rakuten.co.jp/image/tr/api/re/vFumt/?f_no=70283&f_flg=PLAN,https://img.travel.rakuten.co.jp/image/tr/api/re/WzozX/?noTomariHotel=70283,https://img.travel.rakuten.co.jp/image/tr/api/re/gJNfM/?f_hotel_no=70283,ざびーはかた, ドーナツなどの軽食「トッテッテ」＆コーヒー無料☆朝食は地元の食材を使った和洋ブッフェをご用意！,5280,120901.23,469531.47,812-0016,福岡県,福岡市博多区博多駅南1-3-9,092-415-3333,092-483-1555,JR「博多駅」筑紫口・地下鉄「博多駅」東5出口より徒歩4分。福岡空港より地下鉄博多駅まで約5分,"駐車場3台有 完全予約制 1泊1,500円。電話予約のみ承ります。必ず事前にお電話ください。",博多,https://img.travel.rakuten.co.jp/share/HOTEL/70283/70283.jpg,https://img.travel.rakuten.co.jp/HIMG/90/70283.jpg,https://img.travel.rakuten.co.jp/share/HOTEL/70283/70283_si.jpg,https://img.travel.rakuten.co.jp/HIMG/INTERIOR/70283.jpg,https://img.travel.rakuten.co.jp/share/HOTEL/70283/70283map.gif,2590.0,3.95,"クチコミの詳細はこちらから　https://review.travel.rakuten.co.jp/hotel/voice/70283?revi…　2026-05-07 16:58:17投稿 <a href=""https://img.travel.rakuten.co.jp/image/tr/api/re/gJNfM/?f_hotel_no=70283"" class=""3click"">つづきはこちら</a>",ns1,シングル【禁煙】（15平米・140cm幅ベッド）,4916885.0,【返金不可割引】【素泊まり】予定が決まっている方におすすめ！急な出張やおでかけにも◇直前予約OK！,1,0,0,0,0,2,https://img.travel.rakuten.co.jp/image/tr/api/re/IdsCY/?f_no=70283&f_syu=ns1&f_hi1=2026-05-19&f_hi2=2026-05-20&f_heya_su=1&f_otona_su=1&f_s1=0&f_s2=0&f_y1=0&f_y2=0&f_y3=0&f_y4=0&f_camp_id=4916885,0,2026-05-19,15300,15300,0,2026-05-19,fukuoka
172017,ＨＥＡＲＴＳカプセルホテル＆スパ博多,https://img.travel.rakuten.co.jp/image/tr/api/re/pvonD/?f_no=172017,https://img.travel.rakuten.co.jp/image/tr/api/re/vFumt/?f_no=172017&f_flg=PLAN,,https://img.travel.rakuten.co.jp/image/tr/api/re/gJNfM/?f_hotel_no=172017,はーつかぷせるほてるあんどすぱはかた,【博多駅直結】館内無料wifi・人工温泉（男性サウナ付）・館内カフェ有り,3000,120901.67,469519.27,812-0011,福岡県,福岡市博多区博多駅前4-14-13 ,092-477-9700,,【博多駅直結！！】JR博多駅博多口　地下鉄西１６出口から徒歩３分。HEARTSバスステーション館内にございます。,無,博多,https://img.travel.rakuten.co.jp/share/HOTEL/172017/172017.jpg,https://img.travel.rakuten.co.jp/HIMG/90/172017.jpg,,,https://img.travel.rakuten.co.jp/share/HOTEL/172017/172017map.gif,348.0,3.3,,2,女性専用（男性不可）,4360017.0,【スタンダードプラン】◆博多駅直結！人工温泉（男性サウナ）/wifi完備,1,0,0,0,0,1,https://img.travel.rakuten.co.jp/image/tr/api/re/IdsCY/?f_no=172017&f_syu=2&f_hi1=2026-05-19&f_hi2=2026-05-20&f_heya_su=1&f_otona_su=1&f_s1=0&f_s2=0&f_y1=0&f_y2=0&f_y3=0&f_y4=0&f_camp_id=4360017,0,2026-05-19,3900,3900,0,2026-05-19,fukuoka
76358,ホテル博多プレイス,https://img.travel.rakuten.co.jp/image/tr/api/re/pvonD/?f_no=76358,https://img.travel.rakuten.co.jp/image/tr/api/re/vFumt/?f_no=76358&f_flg=PLAN,https://img.travel.rakuten.co.jp/image/tr/api/re/WzozX/?noTomariHotel=76358,https://img.travel.rakuten.co.jp/image/tr/api/re/gJNfM/?f_hotel_no=76358,ほてるはかたぷれいす,■博多の『我が家』で過ごすひととき。全室バストイレ独立、一部ミニキッチン付の広々客室（25㎡）,3250,120954.35,469454.09,812-0021,福岡県,福岡市博多区築港本町3-16,092-404-7770,092-404-7774,■博多駅よりバス15分■天神、中洲川端駅より徒歩17分■福岡空港よりタクシー15分■ベイサイドプレイス博多まで徒歩5分,1泊1200円。ご予約制の為事前にご連絡をお願い致します。駐車前にフロントにお立寄りください。,呉服町（福岡）,https://img.travel.rakuten.co.jp/share/HOTEL/76358/76358.jpg,https://img.travel.rakuten.co.jp/HIMG/90/76358.jpg,https://img.travel.rakuten.co.jp/share/HOTEL/76358/76358_kya.jpg,https://img.travel.rakuten.co.jp/HIMG/INTERIOR/76358.jpg,https://img.travel.rakuten.co.jp/share/HOTEL/76358/76358map.gif,1702.0,4.29,"朝食バイキングが和洋他国籍でどれも美味しく頂きました。風呂トイレが別々湯船にゆっくり浸かる事ができライブ後の疲れが取れました。キッチン、レンジが便利でしたタオ…　2026-05-14 17:13:28投稿 <a href=""https://img.travel.rakuten.co.jp/image/tr/api/re/gJNfM/?f_hotel_no=76358"" class=""3click"">つづきはこちら</a>",pqo,【最上階】【禁煙】■ReFaルームプレミアムツイン25平米,6436575.0,全室オーシャンビューの『ReFaルーム』〜プレミアムツインルーム誕生記念プラン〜,1,0,0,0,0,1,https://img.travel.rakuten.co.jp/image/tr/api/re/IdsCY/?f_no=76358&f_syu=pqo&f_hi1=2026-05-19&f_hi2=2026-05-20&f_heya_su=1&f_otona_su=1&f_s1=0&f_s2=0&f_y1=0&f_y2=0&f_y3=0&f_y4=0&f_camp_id=6436575,0,2026-05-19,17000,17000,0,2026-05-19,fukuoka
179590,ホテルリファレンス博多冷泉,https://img.travel.rakuten.co.jp/image/tr/api/re/pvonD/?f_no=179590,https://img.travel.rakuten.co.jp/image/tr/api/re/vFumt/?f_no=179590&f_flg=PLAN,https://img.travel.rakuten.co.jp/image/tr/api/re/WzozX/?noTomariHotel=179590,https://img.travel.rakuten.co.jp/image/tr/api/re/gJNfM/?f_hotel_no=179590,ほてるりふぁれんすはかたれいせん,2020年4月22日開業 地下鉄祇園駅徒歩3分・JR博多駅徒歩11分　コンパクトでシンプルなビジネスホテルです。,4720,120930.23,469490.8,812-0039,福岡県,福岡市博多区冷泉町9-29,092-283-5133,092-283-5135,地下鉄祇園駅2番出口より徒歩で約3分　博多駅からも徒歩12分　福岡空港から地下鉄祇園駅までは7分,"先着順 5台　おおよそ一晩1,500円 終日25分200円 :20:00〜8:00 最大400円",祇園（福岡）,https://img.travel.rakuten.co.jp/share/HOTEL/179590/179590.jpg,https://img.travel.rakuten.co.jp/HIMG/90/179590.jpg,https://img.travel.rakuten.co.jp/share/HOTEL/179590/179590_kan1.jpg,https://img.travel.rakuten.co.jp/HIMG/INTERIOR/179590.jpg,https://img.travel.rakuten.co.jp/share/HOTEL/179590/179590map.gif,306.0,4.09,"…　2026-05-07 16:27:48投稿 <a href=""https://img.travel.rakuten.co.jp/image/tr/api/re/gJNfM/?f_hotel_no=179590"" class=""3click"">つづきはこちら</a>",0001,【禁煙】洋室ダブルルーム,6289817.0,【6周年記念/日月火限定！】ライブ・グルメ・観光地アクセス良好★博多・中洲エリア★,1,0,0,0,0,1,https://img.travel.rakuten.co.jp/image/tr/api/re/IdsCY/?f_no=179590&f_syu=0001&f_hi1=2026-05-19&f_hi2=2026-05-20&f_heya_su=1&f_otona_su=1&f_s1=0&f_s2=0&f_y1=0&f_y2=0&f_y3=0&f_y4=0&f_camp_id=6289817,0,2026-05-19,14400,14400,0,2026-05-19,fukuoka
130055,サットンホテル博多シティ,https://img.travel.rakuten.co.jp/image/tr/api/re/pvonD/?f_no=130055,https://img.travel.rakuten.co.jp/image/tr/api/re/vFumt/?f_no=130055&f_flg=PLAN,https://img.travel.rakuten.co.jp/image/tr/api/re/WzozX/?noTomariHotel=130055,https://img.travel.rakuten.co.jp/image/tr/api/re/gJNfM/?f_hotel_no=130055,さっとんほてるはかたしてぃ,全室フローリング・無料Wi-fi対応。博多駅･天神･中州･空港どこからでもアクセスが便利。,6037,120899.59,469507.04,812-0011,福岡県,福岡市博多区博多駅前3-4-8,092-433-2305,092-433-2307,ＪＲ博多駅（博多口）地下鉄 西21出口より徒歩約7分,提携駐車場、近隣にコインパーキングあり。1泊1400円（機械式、大きさ制限あり）。,博多,https://img.travel.rakuten.co.jp/share/HOTEL/130055/130055.jpg,https://img.travel.rakuten.co.jp/HIMG/90/130055.jpg,https://img.travel.rakuten.co.jp/share/HOTEL/130055/130055_kya.jpg,https://img.travel.rakuten.co.jp/HIMG/INTERIOR/130055.jpg,https://img.travel.rakuten.co.jp/share/HOTEL/130055/130055map.gif,1602.0,3.79,"今の…　2026-05-03 01:55:53投稿 <a href=""https://img.travel.rakuten.co.jp/image/tr/api/re/gJNfM/?f_hotel_no=130055"" class=""3click"">つづきはこちら</a>",ddn,【禁煙】デラックスダブル ２０平米【ベッド幅１４０ｃｍ】,5919175.0,【素泊まり】　博多駅徒歩５分！バス停も近くコンサート場や会議場へ簡単アクセス!近隣コンビニ多数あり,1,0,0,0,0,1,https://img.travel.rakuten.co.jp/image/tr/api/re/IdsCY/?f_no=130055&f_syu=ddn&f_hi1=2026-05-19&f_hi2=2026-05-20&f_heya_su=1&f_otona_su=1&f_s1=0&f_s2=0&f_y1=0&f_y2=0&f_y3=0&f_y4=0&f_camp_id=5919175,0,2026-05-19,20808,20808,0,2026-05-19,fukuoka
172316,三井ガーデンホテル福岡祇園,https://img.travel.rakuten.co.jp/image/tr/api/re/pvonD/?f_no=172316,https://img.travel.rakuten.co.jp/image/tr/api/re/vFumt/?f_no=172316&f_flg=PLAN,https://img.travel.rakuten.co.jp/image/tr/api/re/WzozX/?noTomariHotel=172316,https://img.travel.rakuten.co.jp/image/tr/api/re/gJNfM/?f_hotel_no=172316,みついがーでんほてるふくおかぎおん,博多に育まれた文化が香る、上質な設え。非日常へといざなう最上階大浴場の露天風呂でおくつろぎください。,11812,120914.67,469497.32,812-0011,福岡県,福岡市博多区博多駅前2-8-15,092-414-3131,092-414-3101,ＪＲ　博多駅　博多口より徒歩にて約７分,有り　２８台　２，０００円（税込み／泊）　先着順 　車両制限あり。詳細は公式HPをご覧ください。,博多,https://img.travel.rakuten.co.jp/share/HOTEL/172316/172316.jpg,https://img.travel.rakuten.co.jp/HIMG/90/172316.jpg,,,https://img.travel.rakuten.co.jp/share/HOTEL/172316/172316map.gif,673.0,4.52,"クチコミの詳細はこちらから　https://review.travel.rakuten.co.jp/hotel…　2026-04-02 10:12:01投稿 <a href=""https://img.travel.rakuten.co.jp/image/tr/api/re/gJNfM/?f_hotel_no=172316"" class=""3click"">つづきはこちら</a>",stdt2,スタンダードツイン【禁煙】,6066250.0,【博多駅から7分♪ 露天風呂付大浴場で癒しのひとときを】ベーシックプラン  ＜素泊り＞ ,1,0,0,0,0,1,https://img.travel.rakuten.co.jp/image/tr/api/re/IdsCY/?f_no=172316&f_syu=stdt2&f_hi1=2026-05-19&f_hi2=2026-05-20&f_heya_su=1&f_otona_su=1&f_s1=0&f_s2=0&f_y1=0&f_y2=0&f_y3=0&f_y4=0&f_camp_id=6066250,0,2026-05-19,46830,46830,0,2026-05-19,fukuoka
166975,東急ステイ博多,https://img.travel.rakuten.co.jp/image/tr/api/re/pvonD/?f_no=166975,https://img.travel.rakuten.co.jp/image/tr/api/re/vFumt/?f_no=166975&f_flg=PLAN,https://img.travel.rakuten.co.jp/image/tr/api/re/WzozX/?noTomariHotel=166975,https://img.travel.rakuten.co.jp/image/tr/api/re/gJNfM/?f_hotel_no=166975,とうきゅうすていはかた,全室に洗濯乾燥機・電子レンジ完備！連泊・中長期の滞在に便利♪♪,5100,120895.8,469524.24,812-0016,福岡県,福岡市博多区博多駅南1-11-11,092-431-1091,092-431-1092,福岡市地下鉄空港線博多駅　東5番出口より徒歩7分　/　JR博多駅　筑紫口より徒歩8分,無し。近隣のコインパーキングをご利用ください（提携駐車場はございません）。,博多,https://img.travel.rakuten.co.jp/share/HOTEL/166975/166975.jpg,https://img.travel.rakuten.co.jp/HIMG/90/166975.jpg,,,https://img.travel.rakuten.co.jp/share/HOTEL/166975/166975map.gif,995.0,4.35,"お風呂はリファ一式なので問題なし。…　2026-05-14 14:08:29投稿 <a href=""https://img.travel.rakuten.co.jp/image/tr/api/re/gJNfM/?f_hotel_no=166975"" class=""3click"">つづきはこちら</a>",moderate1,モデレートダブル1名様【禁煙】18平米／洗濯乾燥機・デスク付,6432374.0,【2026年5月18日OPEN】東急ステイメルキュール広島 開業応援プラン【1名】（素泊）,1,0,0,0,0,1,https://img.travel.rakuten.co.jp/image/tr/api/re/IdsCY/?f_no=166975&f_syu=moderate1&f_hi1=2026-05-19&f_hi2=2026-05-20&f_heya_su=1&f_otona_su=1&f_s1=0&f_s2=0&f_y1=0&f_y2=0&f_y3=0&f_y4=0&f_camp_id=6432374,0,2026-05-19,16900,16900,0,2026-05-19,fukuoka
345,ＡＮＡクラウンプラザホテル福岡　ｂｙ　ＩＨＧ,https://img.travel.rakuten.co.jp/image/tr/api/re/pvonD/?f_no=345,https://img.travel.rakuten.co.jp/image/tr/api/re/vFumt/?f_no=345&f_flg=PLAN,https://img.travel.rakuten.co.jp/image/tr/api/re/WzozX/?noTomariHotel=345,https://img.travel.rakuten.co.jp/image/tr/api/re/gJNfM/?f_hotel_no=345,えーえぬえー　クラウンプラザホテルフクオカ,福岡でのビジネス、観光の拠点として、安心で快適なラグジュアリー空間をご提供し、博多のコトを最もよく知るホテルのひとつです,9500,120902.68,469512.25,812-0011,福岡県,福岡市博多区博多駅前3-3-3,092-471-7111,092-471-1109,■ＪＲ博多駅【博多口】より徒歩約5分　■福岡空港国内線ターミナルより車で約15分,"地下に屋内駐車場あり（98台）　1泊1,600円（高さ制限2M・先着順・ 24時間入出庫可）",博多,https://img.travel.rakuten.co.jp/share/HOTEL/345/345.jpg,https://img.travel.rakuten.co.jp/HIMG/90/345.jpg,https://img.travel.rakuten.co.jp/share/HOTEL/345/345_room.jpg,https://img.travel.rakuten.co.jp/HIMG/INTERIOR/345.jpg,https://img.travel.rakuten.co.jp/share/HOTEL/345/345map.gif,2369.0,4.37,"クチコミの詳細はこちらから　https://review.trav…　2026-05-10 15:37:05投稿 <a href=""https://img.travel.rakuten.co.jp/image/tr/api/re/gJNfM/?f_hotel_no=345"" class=""3click"">つづきはこちら</a>",osin,スタンダードシングルルーム【禁煙】15平米,976530.0,◆Daily Price◆日にち変動型の基本プラン　〜素泊まり〜　JR博多駅博多口より徒歩約5分,1,0,0,0,0,1,https://img.travel.rakuten.co.jp/image/tr/api/re/IdsCY/?f_no=345&f_syu=osin&f_hi1=2026-05-19&f_hi2=2026-05-20&f_heya_su=1&f_otona_su=1&f_s1=0&f_s2=0&f_y1=0&f_y2=0&f_y3=0&f_y4=0&f_camp_id=976530,0,2026-05-19,44100,44100,0,2026-05-19,fukuoka
172876,ＴＨＥ　ＢＬＯＳＳＯＭ　ＨＡＫＡＴＡ　Ｐｒｅｍｉｅｒ（ザ　ブラッサム博多プレミア）,https://img.travel.rakuten.co.jp/image/tr/api/re/pvonD/?f_no=172876,https://img.travel.rakuten.co.jp/image/tr/api/re/vFumt/?f_no=172876&f_flg=PLAN,https://img.travel.rakuten.co.jp/image/tr/api/re/WzozX/?noTomariHotel=172876,https://img.travel.rakuten.co.jp/image/tr/api/re/gJNfM/?f_hotel_no=172876,ざ　ぶらっさむ　はかた　ぷれみあ,～博多の粋、最高のおもてなし～この街に、脈々と受け継がれる美意識を極めたホテル,13860,120912.84,469498.88,812-0011,福岡県,福岡市博多区博多駅前2丁目8番12号,092-431-8702,092-431-8712,JR博多駅「博多口」より徒歩7分、福岡市地下鉄櫛田神社駅より徒歩5分、「キャナルシティー博多」より徒歩2分,ご宿泊者専用駐車場がございます(先着順・予約不可)  詳細は公式ホームページをご確認ください,博多,https://img.travel.rakuten.co.jp/share/HOTEL/172876/172876.jpg,https://img.travel.rakuten.co.jp/HIMG/90/172876.jpg,https://img.travel.rakuten.co.jp/share/HOTEL/172876/172876_kan1.jpg,https://img.travel.rakuten.co.jp/HIMG/INTERIOR/172876.jpg,https://img.travel.rakuten.co.jp/share/HOTEL/172876/172876map.gif,379.0,4.54,"ベッドのお部屋ですが和室の小上がりがあって、そこでのん…　2026-05-09 01:16:23投稿 <a href=""https://img.travel.rakuten.co.jp/image/tr/api/re/gJNfM/?f_hotel_no=172876"" class=""3click"">つづきはこちら</a>",ntp1,ラウンジ利用可＜禁煙＞HAKATAプレミアムツイン 1名,6190638.0,【ホテル最上階ラウンジで寛ぎのひとときを】HAKATA Floor（食事なし）,1,0,0,0,0,1,https://img.travel.rakuten.co.jp/image/tr/api/re/IdsCY/?f_no=172876&f_syu=ntp1&f_hi1=2026-05-19&f_hi2=2026-05-20&f_heya_su=1&f_otona_su=1&f_s1=0&f_s2=0&f_y1=0&f_y2=0&f_y3=0&f_y4=0&f_camp_id=6190638,0,2026-05-19,57800,57800,0,2026-05-19,fukuoka
173092,ダイワロイネットホテル博多冷泉　ＰＲＥＭＩＥＲ,https://img.travel.rakuten.co.jp/image/tr/api/re/pvonD/?f_no=173092,https://img.travel.rakuten.co.jp/image/tr/api/re/vFumt/?f_no=173092&f_flg=PLAN,https://img.travel.rakuten.co.jp/image/tr/api/re/WzozX/?noTomariHotel=173092,https://img.travel.rakuten.co.jp/image/tr/api/re/gJNfM/?f_hotel_no=173092,だいわろいねっとほてるはかたれいせん　ぷれみあ,2025年4月朝食リニューアル♪ReFaルームあり★全室21㎡以上バス・トイレ別セミセパレート,6887,120923.83,469492.72,812-0039,福岡県,福岡市博多区冷泉町2-7,092-409-4755,092-409-4756,福岡空港から地下鉄祇園駅まで7分。祇園駅2番出口徒歩約3分。櫛田神社前駅徒歩約５分。,敷地内立体駐車場。7時〜21時の入庫にて先着順。1泊1800円→2020年10月から1850円,祇園（福岡）,https://img.travel.rakuten.co.jp/share/HOTEL/173092/173092.jpg,https://img.travel.rakuten.co.jp/HIMG/90/173092.jpg,https://img.travel.rakuten.co.jp/share/HOTEL/173092/173092_kan1.jpg,https://img.travel.rakuten.co.jp/HIMG/INTERIOR/173092.jpg,https://img.travel.rakuten.co.jp/share/HOTEL/173092/173092map.gif,610.0,4.41,"クチコミの詳細はこちらから　https://r…　2026-05-05 11:15:56投稿 <a href=""https://img.travel.rakuten.co.jp/image/tr/api/re/gJNfM/?f_hotel_no=173092"" class=""3click"">つづきはこちら</a>",sts1,【喫煙】スタンダードツインルーム1名様利用,6460692.0,【松江駅前】2026年8月6日開業記念プラン【素泊まり/シンプルステイプラン】,1,0,0,0,0,1,https://img.travel.rakuten.co.jp/image/tr/api/re/IdsCY/?f_no=173092&f_syu=sts1&f_hi1=2026-05-19&f_hi2=2026-05-20&f_heya_su=1&f_otona_su=1&f_s1=0&f_s2=0&f_y1=0&f_y2=0&f_y3=0&f_y4=0&f_camp_id=6460692,0,2026-05-19,22325,22325,0,2026-05-19,fukuoka
172310,都ホテル博多,https://img.travel.rakuten.co.jp/image/tr/api/re/pvonD/?f_no=172310,https://img.travel.rakuten.co.jp/image/tr/api/re/vFumt/?f_no=172310&f_flg=PLAN,https://img.travel.rakuten.co.jp/image/tr/api/re/WzozX/?noTomariHotel=172310,https://img.travel.rakuten.co.jp/image/tr/api/re/gJNfM/?f_hotel_no=172310,みやこほてるはかた,さあ、都心のリゾートへ！ここは、いつでも夏休み。★屋上には天然温泉スパ＆レストラン★心地良いという新しいラグジュアリー,17800,120911.58,469529.98,812-0013,福岡県,福岡市博多区博多駅東2-1-1,092-441-3111,092-441-3122,博多駅直結！徒歩約１分。＜東７番出口＞福岡空港から地下鉄で約７分、車で約15分。一歩足を踏み入れたらもうそこはリゾート！,"1泊 2,000円　先着順36台 屋内機械式（長5.3m 幅1.96m 高2m)／提携有り：20m先",博多,https://img.travel.rakuten.co.jp/share/HOTEL/172310/172310.jpg,https://img.travel.rakuten.co.jp/HIMG/90/172310.jpg,https://img.travel.rakuten.co.jp/share/HOTEL/172310/172310_kan1.jpg,https://img.travel.rakuten.co.jp/HIMG/INTERIOR/172310.jpg,https://img.travel.rakuten.co.jp/share/HOTEL/172310/172310map.gif,1007.0,4.6,"ただ、部屋の向きの関係で、窓からの景色が少し他の建物に遮られていた点だけが…　2026-05-12 22:27:25投稿 <a href=""https://img.travel.rakuten.co.jp/image/tr/api/re/gJNfM/?f_hotel_no=172310"" class=""3click"">つづきはこちら</a>",spa1kb,スーペリアキングダブル＜禁煙＞,4417577.0,【素泊り】温泉スパ利用無料・ベーシックステイプラン,1,0,0,0,0,1,https://img.travel.rakuten.co.jp/image/tr/api/re/IdsCY/?f_no=172310&f_syu=spa1kb&f_hi1=2026-05-19&f_hi2=2026-05-20&f_heya_su=1&f_otona_su=1&f_s1=0&f_s2=0&f_y1=0&f_y2=0&f_y3=0&f_y4=0&f_camp_id=4417577,0,2026-05-19,51470,51470,0,2026-05-19,fukuoka
572,グランドハイアット福岡,https://img.travel.rakuten.co.jp/image/tr/api/re/pvonD/?f_no=572,https://img.travel.rakuten.co.jp/image/tr/api/re/vFumt/?f_no=572&f_flg=PLAN,https://img.travel.rakuten.co.jp/image/tr/api/re/WzozX/?noTomariHotel=572,https://img.travel.rakuten.co.jp/image/tr/api/re/gJNfM/?f_hotel_no=572,ぐらんどはいあっとふくおか,キャナルシティ内に位置する、ハイアット最上級ブランドホテル,17710,120910.57,469485.97,812-0018,福岡県,福岡市博多区住吉1-2-82　,092-282-1234,092-282-2817,博多駅から徒歩約10分、天神駅から徒歩約15分。福岡市地下鉄　七隈線「櫛田神社前駅」西改札口を出て2番出口より徒歩3分,"1300台 1泊1,980円（税込） （14:00から翌14:00）",中洲川端,https://img.travel.rakuten.co.jp/share/HOTEL/572/572.jpg,https://img.travel.rakuten.co.jp/HIMG/90/572.jpg,https://img.travel.rakuten.co.jp/share/HOTEL/572/572_a.jpg,https://img.travel.rakuten.co.jp/HIMG/INTERIOR/572.jpg,https://img.travel.rakuten.co.jp/share/HOTEL/572/572map.gif,952.0,4.23,,tgns,【禁煙】ツイン2台（34平米）,2989694.0,【基本プラン】デイリーレート,1,0,0,0,0,1,https://img.travel.rakuten.co.jp/image/tr/api/re/IdsCY/?f_no=572&f_syu=tgns&f_hi1=2026-05-19&f_hi2=2026-05-20&f_heya_su=1&f_otona_su=1&f_s1=0&f_s2=0&f_y1=0&f_y2=0&f_y3=0&f_y4=0&f_camp_id=2989694,0,2026-05-19,106260,106260,0,2026-05-19,fukuoka
51206,スマイルスマートイン博多,https://img.travel.rakuten.co.jp/image/tr/api/re/pvonD/?f_no=51206,https://img.travel.rakuten.co.jp/image/tr/api/re/vFumt/?f_no=51206&f_flg=PLAN,https://img.travel.rakuten.co.jp/image/tr/api/re/WzozX/?noTomariHotel=51206,https://img.travel.rakuten.co.jp/image/tr/api/re/gJNfM/?f_hotel_no=51206,すまいるすまーといんはかた,QRコードによるセルフチェックイン●ホテル入口は24時間ロック＝暗証番号による解錠■全室禁煙ルーム■,2280,120947.46,469463.09,812-0022,福岡県,福岡市博多区神屋町3-5,092-262-6678, ,◇博多駅より車で10分、バス利用(Ｆ乗り場から行き先番号88・99)神屋町下車徒歩2分　◇地下鉄中洲川端駅より徒歩10分,ホテル駐車場はございません。近隣のコインパーキングをご利用ください。提携駐車場はございません,博多,https://img.travel.rakuten.co.jp/share/HOTEL/51206/51206.jpg,https://img.travel.rakuten.co.jp/HIMG/90/51206.jpg,https://img.travel.rakuten.co.jp/share/HOTEL/51206/51206_si.jpg,https://img.travel.rakuten.co.jp/HIMG/INTERIOR/51206.jpg,https://img.travel.rakuten.co.jp/share/HOTEL/51206/51206map.gif,1432.0,3.66,"ホテルから中洲、天神まで徒歩で15分〜20分と良い場所にありちょうど良かったです…　2026-05-04 18:53:36投稿 <a href=""https://img.travel.rakuten.co.jp/image/tr/api/re/gJNfM/?f_hotel_no=51206"" class=""3click"">つづきはこちら</a>",tn1,セミダブルベッド＋ソファーベッドルーム【禁煙】,5633450.0,素泊りプラン【オンラインカード決済】事前チェックイン登録で当日楽々スマートイン,1,0,0,0,0,2,https://img.travel.rakuten.co.jp/image/tr/api/re/IdsCY/?f_no=51206&f_syu=tn1&f_hi1=2026-05-19&f_hi2=2026-05-20&f_heya_su=1&f_otona_su=1&f_s1=0&f_s2=0&f_y1=0&f_y2=0&f_y3=0&f_y4=0&f_camp_id=5633450,0,2026-05-19,14900,14900,0,2026-05-19,fukuoka
170,ＦＯＲＺＡ　ホテルフォルツァ博多駅筑紫口Ⅰ,https://img.travel.rakuten.co.jp/image/tr/api/re/pvonD/?f_no=170,https://img.travel.rakuten.co.jp/image/tr/api/re/vFumt/?f_no=170&f_flg=PLAN,https://img.travel.rakuten.co.jp/image/tr/api/re/WzozX/?noTomariHotel=170,https://img.travel.rakuten.co.jp/image/tr/api/re/gJNfM/?f_hotel_no=170,ほてるふぉるつぁはかたえきちくしぐち１,人気のツインルームは全室バストイレ別！レストラン街やコンビニもすぐ目の前★JR博多駅新幹線側出口(筑紫口)より徒歩1分♪,6800,120916.1,469527.52,812-0012,福岡県,福岡市博多区博多駅中央街4-16 ,092-473-7111,092-473-7108,JR博多駅新幹線側出口(筑紫口)より徒歩1分★福岡空港より地下鉄博多駅まで約5分★,当ホテルには専用駐車場のご用意がなく、また提携駐車場もございません。 ,博多,https://img.travel.rakuten.co.jp/share/HOTEL/170/170.jpg,https://img.travel.rakuten.co.jp/HIMG/90/170.jpg,https://img.travel.rakuten.co.jp/share/HOTEL/170/170_ro.jpg,https://img.travel.rakuten.co.jp/HIMG/INTERIOR/170.jpg,https://img.travel.rakuten.co.jp/share/HOTEL/170/170map.gif,3462.0,4.16,"クチコミの詳細はこちらから　https://review.travel.r…　2026-05-14 01:09:04投稿 <a href=""https://img.travel.rakuten.co.jp/image/tr/api/re/gJNfM/?f_hotel_no=170"" class=""3click"">つづきはこちら</a>",pax1fod2,【禁煙/角部屋】ベッド幅140cmフォルツァルーム1名利用,6148619.0,【得割★駅近ステイプラン】全室禁煙/素泊り　博多駅新幹線側出口 徒歩1分！,1,0,0,0,0,1,https://img.travel.rakuten.co.jp/image/tr/api/re/IdsCY/?f_no=170&f_syu=pax1fod2&f_hi1=2026-05-19&f_hi2=2026-05-20&f_heya_su=1&f_otona_su=1&f_s1=0&f_s2=0&f_y1=0&f_y2=0&f_y3=0&f_y4=0&f_camp_id=6148619,0,2026-05-19,18400,18400,0,2026-05-19,fukuoka
180284,Ｔｈｅ３５８　ＵＭＩ,https://img.travel.rakuten.co.jp/image/tr/api/re/pvonD/?f_no=180284,https://img.travel.rakuten.co.jp/image/tr/api/re/vFumt/?f_no=180284&f_flg=PLAN,https://img.travel.rakuten.co.jp/image/tr/api/re/WzozX/?noTomariHotel=180284,https://img.travel.rakuten.co.jp/image/tr/api/re/gJNfM/?f_hotel_no=180284,ざさんごーはち　うみ,2021年4月9日、福岡アイランドシティに新規オープン！大浴場、駐車場が無料でご利用いただけます。,3870,121192.26,469500.72,813-0017,福岡県,福岡市東区香椎照葉6-6-5,092-665-1717,092-665-1718,千早駅、アイランドアイ(ホテル隣接商業施設)間で無料送迎バス運行中。福岡市都市高速『アイランドシティ出口』から車で約1分,"アイランドアイ施設駐車場をご利用いただけます。【一般車両：無料】【大型車：3,850円】",,https://img.travel.rakuten.co.jp/share/HOTEL/180284/180284.jpg,https://img.travel.rakuten.co.jp/HIMG/90/180284.jpg,,,https://img.travel.rakuten.co.jp/share/HOTEL/180284/180284map.gif,1329.0,4.36,"クチコミの詳細はこちらから　https://review.travel.rakuten.co.jp/hotel/voice/180284?reviewId=33123477…　2026-05-14 21:00:49投稿 <a href=""https://img.travel.rakuten.co.jp/image/tr/api/re/gJNfM/?f_hotel_no=180284"" class=""3click"">つづきはこちら</a>",tw,スタイリッシュツイン,5241907.0,【スタンダード】海の中道やマリンワールドなどの観光やビジネスの拠点に♪駐車場無料(素泊まり),1,0,0,0,0,1,https://img.travel.rakuten.co.jp/image/tr/api/re/IdsCY/?f_no=180284&f_syu=tw&f_hi1=2026-05-19&f_hi2=2026-05-20&f_heya_su=1&f_otona_su=1&f_s1=0&f_s2=0&f_y1=0&f_y2=0&f_y3=0&f_y4=0&f_camp_id=5241907,0,2026-05-19,10230,10230,0,2026-05-19,fukuoka
29211,コンフォートホテル博多,https://img.travel.rakuten.co.jp/image/tr/api/re/pvonD/?f_no=29211,https://img.travel.rakuten.co.jp/image/tr/api/re/vFumt/?f_no=29211&f_flg=PLAN,https://img.travel.rakuten.co.jp/image/tr/api/re/WzozX/?noTomariHotel=29211,https://img.travel.rakuten.co.jp/image/tr/api/re/gJNfM/?f_hotel_no=29211,こんふぉーとほてる　はかた,日替わりスムージーが人気★無料朝食サービスがイチオシのコスパ最強ホテル◆博多駅西8出口徒歩1分◆小学6年生まで添い寝無料,5400,120915.44,469513.14,812-0011,福岡県,福岡市博多区博多駅前2-1-1,092-431-1211,092-431-8015,新幹線・JR在来線・地下鉄博多駅 博多口から徒歩１分◆福岡空港から地下鉄で約６分◆天神から地下鉄で約１５分◆,"提携駐車場2,000円/泊（入庫から17時間）※高さ制限2.1ｍ◆フロントにて清算、駐車券必要",博多,https://img.travel.rakuten.co.jp/share/HOTEL/29211/29211.jpg,https://img.travel.rakuten.co.jp/HIMG/90/29211.jpg,https://img.travel.rakuten.co.jp/share/HOTEL/29211/29211_s.jpg,https://img.travel.rakuten.co.jp/HIMG/INTERIOR/29211.jpg,https://img.travel.rakuten.co.jp/share/HOTEL/29211/29211map.gif,9494.0,3.61,"クチコミの詳細はこちらから　https://review.travel.rakuten.co.…　2026-05-12 19:27:38投稿 <a href=""https://img.travel.rakuten.co.jp/image/tr/api/re/gJNfM/?f_hotel_no=29211"" class=""3click"">つづきはこちら</a>",nde,１ベッド◆ダブルエコノミー◆ ＜禁煙＞,4590565.0,※【 3日前早期割引 】 Early Booking 朝食サービス◆,1,0,0,1,0,1,https://img.travel.rakuten.co.jp/image/tr/api/re/IdsCY/?f_no=29211&f_syu=nde&f_hi1=2026-05-19&f_hi2=2026-05-20&f_heya_su=1&f_otona_su=1&f_s1=0&f_s2=0&f_y1=0&f_y2=0&f_y3=0&f_y4=0&f_camp_id=4590565,0,2026-05-19,17100,17100,0,2026-05-19,fukuoka
18373,ホテル　ニューシンプル,https://img.travel.rakuten.co.jp/image/tr/api/re/pvonD/?f_no=18373,https://img.travel.rakuten.co.jp/image/tr/api/re/vFumt/?f_no=18373&f_flg=PLAN,https://img.travel.rakuten.co.jp/image/tr/api/re/WzozX/?noTomariHotel=18373,https://img.travel.rakuten.co.jp/image/tr/api/re/gJNfM/?f_hotel_no=18373,にゅーしんぷる,博多駅より徒歩8分。ご家族やグループに最適なファミリールームもあります。,4000,120928.21,469515.26,812-0011,福岡県,福岡市博多区博多駅前1-23-11,092-411-4311,092-411-4312,ＪＲ博多駅「博多口」より徒歩8分／地下鉄祇園駅「Ｐ１出口４」より徒歩５分,有２台まで　１台￥１５００　（要電話予約）,博多,https://img.travel.rakuten.co.jp/share/HOTEL/18373/18373.jpg,https://img.travel.rakuten.co.jp/HIMG/90/18373.jpg,https://img.travel.rakuten.co.jp/share/HOTEL/18373/18373_s.jpg,https://img.travel.rakuten.co.jp/HIMG/INTERIOR/18373.jpg,https://img.travel.rakuten.co.jp/share/HOTEL/18373/18373map.gif,1147.0,3.78,"掃除は丸く履く感じ?隅に埃と…　2026-05-14 22:56:18投稿 <a href=""https://img.travel.rakuten.co.jp/image/tr/api/re/gJNfM/?f_hotel_no=18373"" class=""3click"">つづきはこちら</a>",g2-s,グループ２学生（個室2段ベッド）,,,1,0,0,0,0,1,https://img.travel.rakuten.co.jp/image/tr/api/re/IdsCY/?f_no=18373&f_syu=g2-s&f_hi1=2026-05-19&f_hi2=2026-05-20&f_heya_su=1&f_otona_su=1&f_s1=0&f_s2=0&f_y1=0&f_y2=0&f_y3=0&f_y4=0,1,2026-05-19,4000,4000,0,2026-05-19,fukuoka
183346,ｍｉｚｕｋａ　Ｂｕｓｉｎｅｓｓ　キャナルシティ博多前,https://img.travel.rakuten.co.jp/image/tr/api/re/pvonD/?f_no=183346,https://img.travel.rakuten.co.jp/image/tr/api/re/vFumt/?f_no=183346&f_flg=PLAN,https://img.travel.rakuten.co.jp/image/tr/api/re/WzozX/?noTomariHotel=183346,https://img.travel.rakuten.co.jp/image/tr/api/re/gJNfM/?f_hotel_no=183346,みずか　びじねす　きゃなるしてぃはかたまえ,"櫛田神社前駅1分,JR博多駅8分！福岡空港からもアクセス良好◎  ビジネス出張&レジャー利用に便利なシティホテル。",3850,120915.61,469493.56,812-0038,福岡県,福岡市博多区祇園町6-22,092-688-2221,-,地下鉄空港線　祇園駅から徒歩5分　JR博多駅より徒歩8分　櫛田神社前駅より徒歩1分,無し,祇園（福岡）,https://img.travel.rakuten.co.jp/share/HOTEL/183346/183346.jpg,https://img.travel.rakuten.co.jp/HIMG/90/183346.jpg,,,https://img.travel.rakuten.co.jp/share/HOTEL/183346/183346map.gif,338.0,3.6,"クチコミの詳細はこちらから　https://review.travel.rakuten.co.…　2026-05-10 13:53:12投稿 <a href=""https://img.travel.rakuten.co.jp/image/tr/api/re/gJNfM/?f_hotel_no=183346"" class=""3click"">つづきはこちら</a>",bus_csh02,ダブルルーム(D1S0)_喫煙（連泊清掃なし）,5278674.0,【口コミ 10％OFF】福岡満喫プラン♪ ,1,0,0,0,0,1,https://img.travel.rakuten.co.jp/image/tr/api/re/IdsCY/?f_no=183346&f_syu=bus_csh02&f_hi1=2026-05-19&f_hi2=2026-05-20&f_heya_su=1&f_otona_su=1&f_s1=0&f_s2=0&f_y1=0&f_y2=0&f_y3=0&f_y4=0&f_camp_id=5278674,0,2026-05-19,14000,14000,0,2026-05-19,fukuoka
130113,ザ　ロイヤルパークホテル　福岡,https://img.travel.rakuten.co.jp/image/tr/api/re/pvonD/?f_no=130113,https://img.travel.rakuten.co.jp/image/tr/api/re/vFumt/?f_no=130113&f_flg=PLAN,https://img.travel.rakuten.co.jp/image/tr/api/re/WzozX/?noTomariHotel=130113,https://img.travel.rakuten.co.jp/image/tr/api/re/gJNfM/?f_hotel_no=130113,ざ　ろいやるぱーくほてる　ふくおか,◆博多駅・キャナルシティ博多まで徒歩約5分◆ビジネスや観光の拠点として好立地◆ツインルーム以上は洗い場付き浴室！,6160,120913.83,469505.07,812-0011,福岡県,福岡市博多区博多駅前2-14-15,092-414-1111,092-414-1121,新幹線・ＪＲ線・市営地下鉄「博多駅」（博多口）より徒歩約5分,"提携駐車場あり(入庫から17時間まで2,000円)、徒歩約3分",博多,https://img.travel.rakuten.co.jp/share/HOTEL/130113/130113.jpg,https://img.travel.rakuten.co.jp/HIMG/90/130113.jpg,https://img.travel.rakuten.co.jp/share/HOTEL/130113/130113_kya.jpg,https://img.travel.rakuten.co.jp/HIMG/INTERIOR/130113.jpg,https://img.travel.rakuten.co.jp/share/HOTEL/130113/130113map.gif,1589.0,4.23,"夜ごはんで悩んでいたところフロントスタッフがもつ鍋屋さんを提案して下さり予約まで入れてくれました。車椅子でもゆったり食事ができ良い思い出になりました。…　2026-05-14 23:39:11投稿 <a href=""https://img.travel.rakuten.co.jp/image/tr/api/re/gJNfM/?f_hotel_no=130113"" class=""3click"">つづきはこちら</a>",stdn,【禁煙】スタンダードツイン,5347093.0,THE ステイ （素泊まり）,1,0,0,0,0,1,https://img.travel.rakuten.co.jp/image/tr/api/re/IdsCY/?f_no=130113&f_syu=stdn&f_hi1=2026-05-19&f_hi2=2026-05-20&f_heya_su=1&f_otona_su=1&f_s1=0&f_s2=0&f_y1=0&f_y2=0&f_y3=0&f_y4=0&f_camp_id=5347093,0,2026-05-19,28900,28900,0,2026-05-19,fukuoka
177538,ＴＨＥ　ＨＯＴＥＬＳ　ＨＡＫＡＴＡ　ＫＡＳＡＮＥ　ＢＡＹＳＩＤＥ,https://img.travel.rakuten.co.jp/image/tr/api/re/pvonD/?f_no=177538,https://img.travel.rakuten.co.jp/image/tr/api/re/vFumt/?f_no=177538&f_flg=PLAN,https://img.travel.rakuten.co.jp/image/tr/api/re/WzozX/?noTomariHotel=177538,https://img.travel.rakuten.co.jp/image/tr/api/re/gJNfM/?f_hotel_no=177538,ざ　ほてるず　はかた　かさね　べいさいど,【全室禁煙・空気清浄機完備】マリンメッセや国際センターなどのコンサート・イベント会場がすぐそこ！【軽朝食無料】,4000,120952.87,469452.23,812-0021,福岡県,福岡市博多区築港本町4-16,092-271-1171,092-271-3723,JR博多駅よりバス約15分・地下鉄中洲川端駅より徒歩約15分・築港本町バス停より徒歩1分,"最大3台 1台1,100円（泊/税込）高さ制限2メートル ※先着順のため予約は承っておりません",中洲川端,https://img.travel.rakuten.co.jp/share/HOTEL/177538/177538.jpg,https://img.travel.rakuten.co.jp/HIMG/90/177538.jpg,,,https://img.travel.rakuten.co.jp/share/HOTEL/177538/177538map.gif,163.0,4.01,"ホテルのスタッフさんも感じがよく、朝食もちょうどよい量で美味しくいただきました…　2026-05-14 23:08:00投稿 <a href=""https://img.travel.rakuten.co.jp/image/tr/api/re/gJNfM/?f_hotel_no=177538"" class=""3click"">つづきはこちら</a>",d,【禁煙】スタンダードダブルルーム,4573715.0,【直前予約割引プラン】＜楽天限定＞直前でのご予約がお得〜朝食無料サービス実施中〜,4,0,0,1,0,1,https://img.travel.rakuten.co.jp/image/tr/api/re/IdsCY/?f_no=177538&f_syu=d&f_hi1=2026-05-19&f_hi2=2026-05-20&f_heya_su=1&f_otona_su=1&f_s1=0&f_s2=0&f_y1=0&f_y2=0&f_y3=0&f_y4=0&f_camp_id=4573715,0,2026-05-19,10800,10800,0,2026-05-19,fukuoka
176895,ホテルハルロット福岡博多,https://img.travel.rakuten.co.jp/image/tr/api/re/pvonD/?f_no=176895,https://img.travel.rakuten.co.jp/image/tr/api/re/vFumt/?f_no=176895&f_flg=PLAN,https://img.travel.rakuten.co.jp/image/tr/api/re/WzozX/?noTomariHotel=176895,https://img.travel.rakuten.co.jp/image/tr/api/re/gJNfM/?f_hotel_no=176895,はるろっとふくおかはかた,得旅キャンペーン参加中★楽天アワード3年連続受賞★ 開業4周年記念！全室シモンズ社製ベッド導入！wi-fi無料！,4400,120904.12,469538.93,812-0013,福岡県,福岡市博多区博多駅東2-9-10,092-475-8533,092-475-8101,２０１９年１０月２５日新築開業！博多駅筑紫口（新幹線口）より徒歩にて約6分、福岡空港・天神・福岡ドームまで地下鉄１本,無し：周辺コインパーキングをご利用ください（多数あり）,博多,https://img.travel.rakuten.co.jp/share/HOTEL/176895/176895.jpg,https://img.travel.rakuten.co.jp/HIMG/90/176895.jpg,,,https://img.travel.rakuten.co.jp/share/HOTEL/176895/176895map.gif,536.0,3.8,"…　2026-05-14 18:51:40投稿 <a href=""https://img.travel.rakuten.co.jp/image/tr/api/re/gJNfM/?f_hotel_no=176895"" class=""3click"">つづきはこちら</a>",twin1,シモンズベッド｜ツインベッドルーム/ハリウッドツイン,4564602.0,【楽天アワード3年連続受賞＆開業6周年記念プラン】JR博多駅徒歩6分！立地抜群！Wi-Fi無料！,1,0,0,0,0,1,https://img.travel.rakuten.co.jp/image/tr/api/re/IdsCY/?f_no=176895&f_syu=twin1&f_hi1=2026-05-19&f_hi2=2026-05-20&f_heya_su=1&f_otona_su=1&f_s1=0&f_s2=0&f_y1=0&f_y2=0&f_y3=0&f_y4=0&f_camp_id=4564602,0,2026-05-19,13750,13750,0,2026-05-19,fukuoka
184730,西鉄ホテルクルーム博多祇園　櫛田神社前,https://img.travel.rakuten.co.jp/image/tr/api/re/pvonD/?f_no=184730,https://img.travel.rakuten.co.jp/image/tr/api/re/vFumt/?f_no=184730&f_flg=PLAN,https://img.travel.rakuten.co.jp/image/tr/api/re/WzozX/?noTomariHotel=184730,https://img.travel.rakuten.co.jp/image/tr/api/re/gJNfM/?f_hotel_no=184730,にしてつほてるくるーむはかたぎおんくしだじんじゃまえ,23年4月12日開業！博多駅から1駅【櫛田神社前駅】より徒歩1分。博多・中洲まで徒歩圏内。大浴場付のホテルです。,9900,120917.12,469492.16,812-0038,福岡県,福岡市博多区祇園町6-30,092-235-5050,092-235-5125,福岡市営地下鉄七隈線櫛田神社前駅『4番出口』より徒歩1分　/　JR博多駅博多口より徒歩９分,"機械式駐車場16台、平面3台。1泊2,000円、サイズ制限有。完全先着順でのご案内となります。",博多,https://img.travel.rakuten.co.jp/share/HOTEL/184730/184730.jpg,https://img.travel.rakuten.co.jp/HIMG/90/184730.jpg,,,https://img.travel.rakuten.co.jp/share/HOTEL/184730/184730map.gif,499.0,4.38,"朝食プランでしたがどの料理も美味しくて食べ過ぎてしまいました。スープも具沢山でミネストローネは濃厚なお味でした。コスパがよく2泊できたのも良かったです。利便性もあり、博…　2026-05-13 19:15:49投稿 <a href=""https://img.travel.rakuten.co.jp/image/tr/api/re/gJNfM/?f_hotel_no=184730"" class=""3click"">つづきはこちら</a>",kd,小上がりダブル,5589288.0,スタンダードプラン【素泊まり】,1,0,0,0,0,1,https://img.travel.rakuten.co.jp/image/tr/api/re/IdsCY/?f_no=184730&f_syu=kd&f_hi1=2026-05-19&f_hi2=2026-05-20&f_heya_su=1&f_otona_su=1&f_s1=0&f_s2=0&f_y1=0&f_y2=0&f_y3=0&f_y4=0&f_camp_id=5589288,0,2026-05-19,22000,22000,0,2026-05-19,fukuoka
14811,サンビジネスホテル,https://img.travel.rakuten.co.jp/image/tr/api/re/pvonD/?f_no=14811,https://img.travel.rakuten.co.jp/image/tr/api/re/vFumt/?f_no=14811&f_flg=PLAN,https://img.travel.rakuten.co.jp/image/tr/api/re/WzozX/?noTomariHotel=14811,https://img.travel.rakuten.co.jp/image/tr/api/re/gJNfM/?f_hotel_no=14811,さんびじねすほてる,博多口徒歩2分★心を込めた接客と徹底清掃でお迎え／深夜1～5時施錠,3500,120914.06,469512.02,812-0011,福岡県,福岡市博多区博多駅前2-16-16,092-411-1155,092-411-1215,博多駅博多口から徒歩2分。天神や福岡空港からは、博多駅まで地下鉄で5分とアクセスは最高！,ございません,博多,https://img.travel.rakuten.co.jp/share/HOTEL/14811/14811.jpg,https://img.travel.rakuten.co.jp/HIMG/90/14811.jpg,https://img.travel.rakuten.co.jp/share/HOTEL/14811/14811_s.jpg,https://img.travel.rakuten.co.jp/HIMG/INTERIOR/14811.jpg,https://img.travel.rakuten.co.jp/share/HOTEL/14811/14811map.gif,1312.0,4.15,"…　2026-05-13 08:59:03投稿 <a href=""https://img.travel.rakuten.co.jp/image/tr/api/re/gJNfM/?f_hotel_no=14811"" class=""3click"">つづきはこちら</a>",ddd,●喫煙●限定　ダブル　ベッド幅140cm きつえん,4605138.0,【返金不可・事前決済限定】博多駅博多口から徒歩2分のお得プラン★夜間施錠1時〜5時★,1,0,0,0,0,2,https://img.travel.rakuten.co.jp/image/tr/api/re/IdsCY/?f_no=14811&f_syu=ddd&f_hi1=2026-05-19&f_hi2=2026-05-20&f_heya_su=1&f_otona_su=1&f_s1=0&f_s2=0&f_y1=0&f_y2=0&f_y3=0&f_y4=0&f_camp_id=4605138,0,2026-05-19,11800,11800,0,2026-05-19,fukuoka
76922,博多東急ＲＥＩホテル,https://img.travel.rakuten.co.jp/image/tr/api/re/pvonD/?f_no=76922,https://img.travel.rakuten.co.jp/image/tr/api/re/vFumt/?f_no=76922&f_flg=PLAN,https://img.travel.rakuten.co.jp/image/tr/api/re/WzozX/?noTomariHotel=76922,https://img.travel.rakuten.co.jp/image/tr/api/re/gJNfM/?f_hotel_no=76922,はかたとうきゅうＲＥＩ,【ご宿泊プラン楽天ポイント２倍対象施設】更に現地で楽天ポイントカードをご提示で楽天ポイント加算,9395,120919.21,469514.04,812-0011,福岡県,福岡市博多区博多駅前1-2-23,092-451-0109,092-451-0188,博多駅「博多口」より徒歩にて約3分/福岡市営地下鉄 博多駅「西6」番出口より徒歩約1分,"先着順12台　1泊1,500円　普通車（幅2.05m×長さ5m×高さ1.55m以内）",博多,https://img.travel.rakuten.co.jp/share/HOTEL/76922/76922.jpg,https://img.travel.rakuten.co.jp/HIMG/90/76922.jpg,https://img.travel.rakuten.co.jp/share/HOTEL/76922/76922_room.jpg,https://img.travel.rakuten.co.jp/HIMG/INTERIOR/76922.jpg,https://img.travel.rakuten.co.jp/share/HOTEL/76922/76922map.gif,3398.0,4.17,"クチコミの詳細はこちら…　2026-03-25 00:35:29投稿 <a href=""https://img.travel.rakuten.co.jp/image/tr/api/re/gJNfM/?f_hotel_no=76922"" class=""3click"">つづきはこちら</a>",sbcn21_2,ダブル　シャワーブース＜禁煙＞,5675613.0,【スタンダードプラン】博多駅より徒歩3分好立地！ビジネス・イベントやコンサートにもおすすめ＜素泊り＞,1,0,0,0,0,1,https://img.travel.rakuten.co.jp/image/tr/api/re/IdsCY/?f_no=76922&f_syu=sbcn21_2&f_hi1=2026-05-19&f_hi2=2026-05-20&f_heya_su=1&f_otona_su=1&f_s1=0&f_s2=0&f_y1=0&f_y2=0&f_y3=0&f_y4=0&f_camp_id=5675613,0,2026-05-19,28000,28000,0,2026-05-19,fukuoka
70392,ビジネスホテル　エルカーサ南福岡,https://img.travel.rakuten.co.jp/image/tr/api/re/pvonD/?f_no=70392,https://img.travel.rakuten.co.jp/image/tr/api/re/vFumt/?f_no=70392&f_flg=PLAN,https://img.travel.rakuten.co.jp/image/tr/api/re/WzozX/?noTomariHotel=70392,https://img.travel.rakuten.co.jp/image/tr/api/re/gJNfM/?f_hotel_no=70392,えるかーさみなみふくおか,全室ダブルベッド完備。ホテル正面提携駐車場ご宿泊者無料。ご滞在中スープ・ドリンクバーが飲み放題！天神博多へアクセス良好。,5900,120751.51,469672.06,812-0879,福岡県,福岡市博多区銀天町1-5-15,092-575-0001,092-575-0005,JR南福岡駅より徒歩７分  または西鉄雑餉隈(ざっしょのくま)駅より徒歩３分,当館正面タイムズパーキング(駐車料金無料)に駐車し、チェックイン時に駐車券をご提示ください。,雑餉隈,https://img.travel.rakuten.co.jp/share/HOTEL/70392/70392.jpg,https://img.travel.rakuten.co.jp/HIMG/90/70392.jpg,https://img.travel.rakuten.co.jp/share/HOTEL/70392/70392_r.jpg,https://img.travel.rakuten.co.jp/HIMG/INTERIOR/70392.jpg,https://img.travel.rakuten.co.jp/share/HOTEL/70392/70392map.gif,692.0,4.18,"コンサートで福岡に行った際お世話になりました。部屋もバスルームもきれいでした。喫煙室でしたが換気扇を常時つけていればさほど気になりません。事前に荷物を送りまし…　2026-05-04 22:32:09投稿 <a href=""https://img.travel.rakuten.co.jp/image/tr/api/re/gJNfM/?f_hotel_no=70392"" class=""3click"">つづきはこちら</a>",sa,【♪禁煙♪】ツイン,6396430.0,【事前決済】1泊プラン（提携駐車場無料・朝の軽食パンサービス付・ドリンクバーもコミックも）,1,0,0,0,0,2,https://img.travel.rakuten.co.jp/image/tr/api/re/IdsCY/?f_no=70392&f_syu=sa&f_hi1=2026-05-19&f_hi2=2026-05-20&f_heya_su=1&f_otona_su=1&f_s1=0&f_s2=0&f_y1=0&f_y2=0&f_y3=0&f_y4=0&f_camp_id=6396430,0,2026-05-19,12500,12500,0,2026-05-19,fukuoka
172227,ヴィアイン博多口駅前（ＪＲ西日本グループ）,https://img.travel.rakuten.co.jp/image/tr/api/re/pvonD/?f_no=172227,https://img.travel.rakuten.co.jp/image/tr/api/re/vFumt/?f_no=172227&f_flg=PLAN,https://img.travel.rakuten.co.jp/image/tr/api/re/WzozX/?noTomariHotel=172227,https://img.travel.rakuten.co.jp/image/tr/api/re/gJNfM/?f_hotel_no=172227,ヴぃあいんはかたぐちえきまえ,★楽天トラベルブロンズアワード２０２０受賞★ 博多駅「博多口」より徒歩約３分の好立地 / 全室禁煙でクリーンな客室,4450,120915.03,469508.53,812-0011,福岡県,福岡市博多区博多駅前2丁目17番11号,092-452-5489,092-452-5490,JR各線・新幹線・地下鉄「博多駅」博多口より徒歩約３分　／　福岡空港より地下鉄空港線にて２駅５分「博多駅」下車,"【事前予約制・電話受付のみ】計５台(2,000円/１泊)　入庫不可車種・満車時は近隣駐車場へご案内",博多,https://img.travel.rakuten.co.jp/share/HOTEL/172227/172227.jpg,https://img.travel.rakuten.co.jp/HIMG/90/172227.jpg,https://img.travel.rakuten.co.jp/share/HOTEL/172227/172227_kan1.jpg,https://img.travel.rakuten.co.jp/HIMG/INTERIOR/172227.jpg,https://img.travel.rakuten.co.jp/share/HOTEL/172227/172227map.gif,713.0,3.64,"長女と別々に予約したけれど同じフロアの部屋にしていた…　2026-04-01 20:58:18投稿 <a href=""https://img.travel.rakuten.co.jp/image/tr/api/re/gJNfM/?f_hotel_no=172227"" class=""3click"">つづきはこちら</a>",01nsa1,シングルA,4380292.0,スタンダードプラン【食事なし】,1,0,0,0,0,1,https://img.travel.rakuten.co.jp/image/tr/api/re/IdsCY/?f_no=172227&f_syu=01nsa1&f_hi1=2026-05-19&f_hi2=2026-05-20&f_heya_su=1&f_otona_su=1&f_s1=0&f_s2=0&f_y1=0&f_y2=0&f_y3=0&f_y4=0&f_camp_id=4380292,0,2026-05-19,16000,16000,0,2026-05-19,fukuoka
177601,ホテルトラッド博多,https://img.travel.rakuten.co.jp/image/tr/api/re/pvonD/?f_no=177601,https://img.travel.rakuten.co.jp/image/tr/api/re/vFumt/?f_no=177601&f_flg=PLAN,https://img.travel.rakuten.co.jp/image/tr/api/re/WzozX/?noTomariHotel=177601,https://img.travel.rakuten.co.jp/image/tr/api/re/gJNfM/?f_hotel_no=177601,とらっどはかた,★朝は博多駅へ無料バス運行★コンビニ直結でお買い物も楽々★ウェルカムドリンクあり★全室シモンズベッド＆スマートTV導入★,5720,120891.56,469490.34,812-0018,福岡県,福岡市博多区住吉3-12-1,092-710-7675,092-710-7674,博多駅から散歩気分で徒歩12分。バスは「博多駅前Ａ（300番台）・Ｂ乗場」から約5分「住吉」バス停下車、すぐ。,タワー式22台：先着順 15時〜11時30分 税込1500円現金のみ 入出庫不可(22時〜7時),博多,https://img.travel.rakuten.co.jp/share/HOTEL/177601/177601.jpg,https://img.travel.rakuten.co.jp/HIMG/90/177601.jpg,,,https://img.travel.rakuten.co.jp/share/HOTEL/177601/177601map.gif,969.0,4.34,"ご飯と接客は良かったですが部屋の埃や清潔感は気になった。ベッドを少し動かしたら前の人が使ってたスリッパが出てきた。博多駅からは距離あるけど色んなところに歩いて行けたりア…　2026-05-03 16:46:33投稿 <a href=""https://img.travel.rakuten.co.jp/image/tr/api/re/gJNfM/?f_hotel_no=177601"" class=""3click"">つづきはこちら</a>",twn01,【禁煙】ツイン1名利用 （24.90平米）,4625291.0,スタンダード/素泊り（事前決済）,1,0,0,0,0,2,https://img.travel.rakuten.co.jp/image/tr/api/re/IdsCY/?f_no=177601&f_syu=twn01&f_hi1=2026-05-19&f_hi2=2026-05-20&f_heya_su=1&f_otona_su=1&f_s1=0&f_s2=0&f_y1=0&f_y2=0&f_y3=0&f_y4=0&f_camp_id=4625291,0,2026-05-19,18000,18000,0,2026-05-19,fukuoka
162868,Ｓｔａｙ　Ａｉｒｐｏｒｔ,https://img.travel.rakuten.co.jp/image/tr/api/re/pvonD/?f_no=162868,https://img.travel.rakuten.co.jp/image/tr/api/re/vFumt/?f_no=162868&f_flg=PLAN,https://img.travel.rakuten.co.jp/image/tr/api/re/WzozX/?noTomariHotel=162868,https://img.travel.rakuten.co.jp/image/tr/api/re/gJNfM/?f_hotel_no=162868,すてい　えあぽーと,出張にも便利。福岡空港まで徒歩約10分　,5568,120946.6,469629.99,812-0002,福岡県,福岡市博多区空港前2-11-15,092-406-8470,,福岡空港国内線A出口より徒歩約10分,"あり。（事前予約制）1泊1,300円",福岡空港,https://img.travel.rakuten.co.jp/share/HOTEL/162868/162868.jpg,https://img.travel.rakuten.co.jp/HIMG/90/162868.jpg,https://img.travel.rakuten.co.jp/share/HOTEL/162868/162868_kan1.jpg,https://img.travel.rakuten.co.jp/HIMG/INTERIOR/162868.jpg,https://img.travel.rakuten.co.jp/share/HOTEL/162868/162868map.gif,102.0,4.1,"ありがとうご…　2026-04-12 21:13:59投稿 <a href=""https://img.travel.rakuten.co.jp/image/tr/api/re/gJNfM/?f_hotel_no=162868"" class=""3click"">つづきはこちら</a>",trp,トリプルルーム禁煙,5857043.0,【選べるアメニティバイキング】素泊まりプラン〜福岡空港国内線まで徒歩10分〜,1,0,0,0,0,1,https://img.travel.rakuten.co.jp/image/tr/api/re/IdsCY/?f_no=162868&f_syu=trp&f_hi1=2026-05-19&f_hi2=2026-05-20&f_heya_su=1&f_otona_su=1&f_s1=0&f_s2=0&f_y1=0&f_y2=0&f_y3=0&f_y4=0&f_camp_id=5857043,0,2026-05-19,10205,10205,0,2026-05-19,fukuoka
182516,ホテルジャパネスク福岡,https://img.travel.rakuten.co.jp/image/tr/api/re/pvonD/?f_no=182516,https://img.travel.rakuten.co.jp/image/tr/api/re/vFumt/?f_no=182516&f_flg=PLAN,,https://img.travel.rakuten.co.jp/image/tr/api/re/gJNfM/?f_hotel_no=182516,ほてるじゃぱねすくふくおか,サウナ、プール、カラオケ、会議室有！バストラックSUV敷地内駐車場有！アメニティバー充実,3600,121041.93,469526.88,812-0053,福岡県,福岡市東区箱崎6-18-12,092-645-2080,092-643-1001,"福岡空港駅よりお車にて約12分／博多駅よりお車にて約14分／駐車場約23台分完備（事前予約不可・1泊1,100円）","駐車場約40台分完備1泊1,100円、 大型車,トラック、バス1日3,300円",福岡空港,https://img.travel.rakuten.co.jp/share/HOTEL/182516/182516.jpg,https://img.travel.rakuten.co.jp/HIMG/90/182516.jpg,,,https://img.travel.rakuten.co.jp/share/HOTEL/182516/182516map.gif,262.0,3.59,"クチコミの詳細はこちらから　http…　2026-05-11 11:34:05投稿 <a href=""https://img.travel.rakuten.co.jp/image/tr/api/re/gJNfM/?f_hotel_no=182516"" class=""3click"">つづきはこちら</a>",pv1,モデレートダブル(禁煙) プールビュー,5909639.0,【素泊り】Wベッド、ソファベッド完備★サウナプール無料・全室バルコニー、大型車チェックアウト11時,1,0,0,0,0,1,https://img.travel.rakuten.co.jp/image/tr/api/re/IdsCY/?f_no=182516&f_syu=pv1&f_hi1=2026-05-19&f_hi2=2026-05-20&f_heya_su=1&f_otona_su=1&f_s1=0&f_s2=0&f_y1=0&f_y2=0&f_y3=0&f_y4=0&f_camp_id=5909639,0,2026-05-19,8800,8800,0,2026-05-19,fukuoka
548,東洋ホテル＜福岡＞,https://img.travel.rakuten.co.jp/image/tr/api/re/pvonD/?f_no=548,https://img.travel.rakuten.co.jp/image/tr/api/re/vFumt/?f_no=548&f_flg=PLAN,https://img.travel.rakuten.co.jp/image/tr/api/re/WzozX/?noTomariHotel=548,https://img.travel.rakuten.co.jp/image/tr/api/re/gJNfM/?f_hotel_no=548,とうようほてる＜ふくおか＞,★ご宿泊選びに迷ったら！駅チカ・快適TOYOHOTEL★ JR博多駅（筑紫口）より徒歩2分！,4100,120918.98,469530.76,812-0013,福岡県,福岡市博多区博多駅東1-9-36,092-474-1121,092-474-0591,「JR博多駅（筑紫口）より徒歩2分！」福岡空港より約10分　,"『タワーパーキング完備』先着順 1泊1,500円　〈車高・車幅制限あり〉",博多,https://img.travel.rakuten.co.jp/share/HOTEL/548/548.jpg,https://img.travel.rakuten.co.jp/HIMG/90/548.jpg,https://img.travel.rakuten.co.jp/share/HOTEL/548/548_room.jpg,https://img.travel.rakuten.co.jp/HIMG/INTERIOR/548.jpg,https://img.travel.rakuten.co.jp/share/HOTEL/548/548map.gif,4853.0,3.93,"クチコミの詳細はこちらから　https://review.travel.rakuten.c…　2026-04-28 00:12:43投稿 <a href=""https://img.travel.rakuten.co.jp/image/tr/api/re/gJNfM/?f_hotel_no=548"" class=""3click"">つづきはこちら</a>",sd,セミダブルルーム【喫煙】◇シモンズベッド◇,4165928.0,★☆シンプル-Stay-☆★【素泊】  駅チカ快適♪,2,0,0,0,0,1,https://img.travel.rakuten.co.jp/image/tr/api/re/IdsCY/?f_no=548&f_syu=sd&f_hi1=2026-05-19&f_hi2=2026-05-20&f_heya_su=1&f_otona_su=1&f_s1=0&f_s2=0&f_y1=0&f_y2=0&f_y3=0&f_y4=0&f_camp_id=4165928,0,2026-05-19,14960,14960,0,2026-05-19,fukuoka
75246,太宰府天然温泉ルートイングランティア太宰府,https://img.travel.rakuten.co.jp/image/tr/api/re/pvonD/?f_no=75246,https://img.travel.rakuten.co.jp/image/tr/api/re/vFumt/?f_no=75246&f_flg=PLAN,https://img.travel.rakuten.co.jp/image/tr/api/re/WzozX/?noTomariHotel=75246,https://img.travel.rakuten.co.jp/image/tr/api/re/gJNfM/?f_hotel_no=75246,だざいふてんねんおんせん　るーといん　ぐらんてぃあ　だざいふ,太宰府天満宮近く！和室あり、温泉あり、岩盤浴あり、漫画コーナーも！料理長こだわりの夕食も！大型駐車場もあり！,6600,120676.98,469904.91,818-0119,福岡県,太宰府市連歌屋3-8-1,050-5576-7903,092-921-4800,西鉄太宰府駅から車で約3分◆福岡空港から車で約30分◆JR二日市駅より車で約12分◆西鉄太宰府駅から無料シャトルバス運行,有り　113台　無料　※立体駐車場34台（ハイルーフ10台）　予約不要,太宰府,https://img.travel.rakuten.co.jp/share/HOTEL/75246/75246.jpg,https://img.travel.rakuten.co.jp/HIMG/90/75246.jpg,,,https://img.travel.rakuten.co.jp/share/HOTEL/75246/75246map.gif,1063.0,3.86,"温泉 朝食 気に入りました。子供達もホテルに泊まることに興奮して騒いでしまったのですがスタッフの方も他のお客様も温かく見守ってくださりすごくゆっくり過ごせました。…　2026-05-15 01:54:39投稿 <a href=""https://img.travel.rakuten.co.jp/image/tr/api/re/gJNfM/?f_hotel_no=75246"" class=""3click"">つづきはこちら</a>",nsa,[新館]禁煙シングル☆（BD140×196cm）,4585442.0,【天然温泉】◆素泊まりプラン◆,1,0,0,0,0,1,https://img.travel.rakuten.co.jp/image/tr/api/re/IdsCY/?f_no=75246&f_syu=nsa&f_hi1=2026-05-19&f_hi2=2026-05-20&f_heya_su=1&f_otona_su=1&f_s1=0&f_s2=0&f_y1=0&f_y2=0&f_y3=0&f_y4=0&f_camp_id=4585442,0,2026-05-19,8900,8900,0,2026-05-19,fukuoka
54960,二日市グリーンホテル,https://img.travel.rakuten.co.jp/image/tr/api/re/pvonD/?f_no=54960,https://img.travel.rakuten.co.jp/image/tr/api/re/vFumt/?f_no=54960&f_flg=PLAN,https://img.travel.rakuten.co.jp/image/tr/api/re/WzozX/?noTomariHotel=54960,https://img.travel.rakuten.co.jp/image/tr/api/re/gJNfM/?f_hotel_no=54960,ふつかいちぐりーん,JR博多駅、西鉄福岡天神駅から電車で二日市駅！  JR二日市駅から約110ｍ一番近いホテルです。太宰府観光にも便利！,5800,120573.53,469875.36,818-0072,福岡県,筑紫野市二日市中央2-7-25,092-928-0710,092-928-0710,ＪＲ二日市駅改札出入口(東)より約110ｍ／西鉄二日市駅西口から約800ｍ／西鉄紫駅から約500ｍ　地図をご覧下さい。,駐車場（１泊目 無料、2泊目以降500円〜＊チェックイン午後2時〜翌午前10時（8台分あり）,二日市,https://img.travel.rakuten.co.jp/share/HOTEL/54960/54960.jpg,https://img.travel.rakuten.co.jp/HIMG/90/54960.jpg,https://img.travel.rakuten.co.jp/share/HOTEL/54960/54960_s.jpg,https://img.travel.rakuten.co.jp/HIMG/INTERIOR/54960.jpg,https://img.travel.rakuten.co.jp/share/HOTEL/54960/54960map.gif,442.0,3.22,"クチコミの詳細はこちらから　https://review.travel.rakuten.co.jp/hot…　2026-04-13 22:21:53投稿 <a href=""https://img.travel.rakuten.co.jp/image/tr/api/re/gJNfM/?f_hotel_no=54960"" class=""3click"">つづきはこちら</a>",si,訳有りシングル,1925145.0,【春得】♪訳ありシングル  （JR二日市駅より約100ｍ。太宰府近いです。）喫煙,1,0,0,0,0,1,https://img.travel.rakuten.co.jp/image/tr/api/re/IdsCY/?f_no=54960&f_syu=si&f_hi1=2026-05-19&f_hi2=2026-05-20&f_heya_su=1&f_otona_su=1&f_s1=0&f_s2=0&f_y1=0&f_y2=0&f_y3=0&f_y4=0&f_camp_id=1925145,0,2026-05-19,6800,6800,0,2026-05-19,fukuoka
182870,リアリティ博多２,https://img.travel.rakuten.co.jp/image/tr/api/re/pvonD/?f_no=182870,https://img.travel.rakuten.co.jp/image/tr/api/re/vFumt/?f_no=182870&f_flg=PLAN,,https://img.travel.rakuten.co.jp/image/tr/api/re/gJNfM/?f_hotel_no=182870,りありてぃはかた２,リノベーションを行いました！最大約42㎡の開放感あるお部屋！博多駅までの利便性◎ワーケーションや長期利用にもおすすめ！,7000,120925.71,469536.3,812-0043,福岡県,福岡市博多区堅粕5-8-15,092-645-2080,092-724-3609,ＪＲ　博多駅筑紫口から徒歩約６分,近隣にコインパーキング有り,博多,https://img.travel.rakuten.co.jp/share/HOTEL/182870/182870.jpg,https://img.travel.rakuten.co.jp/HIMG/90/182870.jpg,,,https://img.travel.rakuten.co.jp/share/HOTEL/182870/182870map.gif,39.0,2.18,,db805,【禁煙】ダブルルーム805,5672116.0,【素泊まり】自宅のように過ごせる部屋！家族やグループ旅行オススメ！博多駅筑紫口より徒歩6分（通年）,1,0,0,0,0,2,https://img.travel.rakuten.co.jp/image/tr/api/re/IdsCY/?f_no=182870&f_syu=db805&f_hi1=2026-05-19&f_hi2=2026-05-20&f_heya_su=1&f_otona_su=1&f_s1=0&f_s2=0&f_y1=0&f_y2=0&f_y3=0&f_y4=0&f_camp_id=5672116,0,2026-05-19,18000,18000,0,2026-05-19,fukuoka
7649,南福岡グリーンホテル,https://img.travel.rakuten.co.jp/image/tr/api/re/pvonD/?f_no=7649,https://img.travel.rakuten.co.jp/image/tr/api/re/vFumt/?f_no=7649&f_flg=PLAN,https://img.travel.rakuten.co.jp/image/tr/api/re/WzozX/?noTomariHotel=7649,https://img.travel.rakuten.co.jp/image/tr/api/re/gJNfM/?f_hotel_no=7649,みなみふくおか　ぐりーんほてる,JR南福岡駅より徒歩2分、西鉄雑餉隈駅より徒歩7分。両駅とも徒歩圏内で交通アクセス良好。全室無線LAN、空気清浄器完備。,3650,120744.18,469670.99,812-0884,福岡県,福岡市博多区寿町3-5-13,092-593-0007,092-592-5355,博多駅から三つ目のＪＲ南福岡駅から徒歩2分　西鉄雑餉隈駅から徒歩7分　福岡空港から車で20分,60台収容。14時〜翌11時迄は出し入れ可。（高さ制限2m）,南福岡,https://img.travel.rakuten.co.jp/share/HOTEL/7649/7649.jpg,https://img.travel.rakuten.co.jp/HIMG/90/7649.jpg,https://img.travel.rakuten.co.jp/share/HOTEL/7649/7649_lob.jpg,https://img.travel.rakuten.co.jp/HIMG/INTERIOR/7649.jpg,https://img.travel.rakuten.co.jp/share/HOTEL/7649/7649map.gif,910.0,3.68,"クチコミの詳細はこち…　2026-05-06 10:48:54投稿 <a href=""https://img.travel.rakuten.co.jp/image/tr/api/re/gJNfM/?f_hotel_no=7649"" class=""3click"">つづきはこちら</a>",d-smo,ダブル（喫煙）,5603319.0,【事前カード決済限定】素泊まり宿泊プラン_GH★別棟無料温泉施設,1,0,0,0,0,2,https://img.travel.rakuten.co.jp/image/tr/api/re/IdsCY/?f_no=7649&f_syu=d-smo&f_hi1=2026-05-19&f_hi2=2026-05-20&f_heya_su=1&f_otona_su=1&f_s1=0&f_s2=0&f_y1=0&f_y2=0&f_y3=0&f_y4=0&f_camp_id=5603319,0,2026-05-19,8800,8800,0,2026-05-19,fukuoka
11028,ウィークリーイン二日市,https://img.travel.rakuten.co.jp/image/tr/api/re/pvonD/?f_no=11028,https://img.travel.rakuten.co.jp/image/tr/api/re/vFumt/?f_no=11028&f_flg=PLAN,https://img.travel.rakuten.co.jp/image/tr/api/re/WzozX/?noTomariHotel=11028,https://img.travel.rakuten.co.jp/image/tr/api/re/gJNfM/?f_hotel_no=11028,うぃーくりーいん　ふつかいち,☆全浴室リニューアル♪　特急停車駅のJR二日市より徒歩3分。 リーズナブルに１泊からご利用可能です,5500,120576.21,469872.38,818-0051,福岡県,筑紫野市二日市中央２丁目４番１８号,092-929-3696,092-922-1831,JR二日市より徒歩約3分／西鉄二日市より徒歩約７分,先着順　必ず直接電話でお問い合わせ下さい。問い合わせない場合は駐車不可。空車有れば1泊700円,二日市,https://img.travel.rakuten.co.jp/share/HOTEL/11028/11028.jpg,https://img.travel.rakuten.co.jp/HIMG/90/11028.jpg,https://img.travel.rakuten.co.jp/share/HOTEL/11028/11028_sig.jpg,https://img.travel.rakuten.co.jp/HIMG/INTERIOR/11028.jpg,https://img.travel.rakuten.co.jp/share/HOTEL/11028/11028map.gif,384.0,3.95,"部屋にレンジ、テ…　2026-04-14 10:07:56投稿 <a href=""https://img.travel.rakuten.co.jp/image/tr/api/re/gJNfM/?f_hotel_no=11028"" class=""3click"">つづきはこちら</a>",t,禁煙ツインルーム・広さ２０平米（素泊まり）,4890703.0,駅近徒歩2分　☆全浴室リニューアル　素泊まりプラン20㎡(1泊から)☆個別空調,1,0,0,0,0,1,https://img.travel.rakuten.co.jp/image/tr/api/re/IdsCY/?f_no=11028&f_syu=t&f_hi1=2026-05-19&f_hi2=2026-05-20&f_heya_su=1&f_otona_su=1&f_s1=0&f_s2=0&f_y1=0&f_y2=0&f_y3=0&f_y4=0&f_camp_id=4890703,0,2026-05-19,10000,10000,1,2026-05-19,fukuoka
1620,ザ・ワンファイブマリン福岡,https://img.travel.rakuten.co.jp/image/tr/api/re/pvonD/?f_no=1620,https://img.travel.rakuten.co.jp/image/tr/api/re/vFumt/?f_no=1620&f_flg=PLAN,https://img.travel.rakuten.co.jp/image/tr/api/re/WzozX/?noTomariHotel=1620,https://img.travel.rakuten.co.jp/image/tr/api/re/gJNfM/?f_hotel_no=1620,ざ　わんふぁいぶまりん　ふくおか,福岡国際センターまで徒歩9分、サンパレスまで徒歩11分。マリンメッセ福岡、中洲も徒歩圏内。,2340,120945.17,469465.24,812-0023,福岡県,福岡市博多区奈良屋町10-21,0570-007-779,092-263-0040,福岡市営地下鉄「中洲川端」駅から徒歩8分,駐車場あり(先着順・予約不可)  2000円/ 1泊,中洲川端,https://img.travel.rakuten.co.jp/share/HOTEL/1620/1620.jpg,https://img.travel.rakuten.co.jp/HIMG/90/1620.jpg,https://img.travel.rakuten.co.jp/share/HOTEL/1620/1620_sgl.jpg,https://img.travel.rakuten.co.jp/HIMG/INTERIOR/1620.jpg,https://img.travel.rakuten.co.jp/share/HOTEL/1620/1620map.gif,1506.0,3.56,"エレベーターが1台しかないのでチェックアウト時間になると満員で乗れない自体が3回ありまし…　2026-05-12 20:16:01投稿 <a href=""https://img.travel.rakuten.co.jp/image/tr/api/re/gJNfM/?f_hotel_no=1620"" class=""3click"">つづきはこちら</a>",d4,ダブル,4711118.0,「ザ・ワンファイブ」ステイ,1,0,0,0,0,1,https://img.travel.rakuten.co.jp/image/tr/api/re/IdsCY/?f_no=1620&f_syu=d4&f_hi1=2026-05-19&f_hi2=2026-05-20&f_heya_su=1&f_otona_su=1&f_s1=0&f_s2=0&f_y1=0&f_y2=0&f_y3=0&f_y4=0&f_camp_id=4711118,0,2026-05-19,14580,14580,0,2026-05-19,fukuoka
168800,ホテルグランビュー福岡空港,https://img.travel.rakuten.co.jp/image/tr/api/re/pvonD/?f_no=168800,https://img.travel.rakuten.co.jp/image/tr/api/re/vFumt/?f_no=168800&f_flg=PLAN,https://img.travel.rakuten.co.jp/image/tr/api/re/WzozX/?noTomariHotel=168800,https://img.travel.rakuten.co.jp/image/tr/api/re/gJNfM/?f_hotel_no=168800,ぐらんびゅー　ふくおかくうこう,空港まで徒歩約12分。飛行機が見えるホテル。6：05より空港まで送客車あり、朝食は5：45から。全客室に空気清浄機完備。,5250,120960.74,469609.21,812-0001,福岡県,福岡市博多区大井2-10-6,092-629-8666,092-629-8677,福岡空港国内線ターミナルD出口を正面へ進み、立体駐車場前を通過し、歩道橋を渡ってお越し下さい。,有り　２0台　先着順(有料)　1000円税込,福岡空港,https://img.travel.rakuten.co.jp/share/HOTEL/168800/168800.jpg,https://img.travel.rakuten.co.jp/HIMG/90/168800.jpg,,,https://img.travel.rakuten.co.jp/share/HOTEL/168800/168800map.gif,352.0,4.04,"周囲にはコンビニはありませんがそれ以外は満足です。部屋は清潔で気持ちよく過ごせまし…　2026-05-04 18:57:30投稿 <a href=""https://img.travel.rakuten.co.jp/image/tr/api/re/gJNfM/?f_hotel_no=168800"" class=""3click"">つづきはこちら</a>",nstwnsgl,禁煙ツインルーム（シングルユース）,,,1,0,0,1,0,1,https://img.travel.rakuten.co.jp/image/tr/api/re/IdsCY/?f_no=168800&f_syu=nstwnsgl&f_hi1=2026-05-19&f_hi2=2026-05-20&f_heya_su=1&f_otona_su=1&f_s1=0&f_s2=0&f_y1=0&f_y2=0&f_y3=0&f_y4=0,1,2026-05-19,15000,15000,0,2026-05-19,fukuoka
184444,プリンス　スマート　イン　博多,https://img.travel.rakuten.co.jp/image/tr/api/re/pvonD/?f_no=184444,https://img.travel.rakuten.co.jp/image/tr/api/re/vFumt/?f_no=184444&f_flg=PLAN,https://img.travel.rakuten.co.jp/image/tr/api/re/WzozX/?noTomariHotel=184444,https://img.travel.rakuten.co.jp/image/tr/api/re/gJNfM/?f_hotel_no=184444,ぷりんすすまーといんはかた,【2022年10月13日開業】JR博多駅・博多口より徒歩約5分。新幹線・福岡空港からアクセス便利！観光や出張の拠点に。,6067,120906.64,469505.24,812-0011,福岡県,福岡市博多区博多駅前三丁目21番４号,050-3117-8027,092-482-3111,JR博多駅・博多口より徒歩約5分。新幹線・福岡空港からアクセス便利！観光にもビジネスにもおすすめです。,"1泊 1,300円　※先着順 ※お支払いはご宿泊日当日クレジットカードでのご精算",博多,https://img.travel.rakuten.co.jp/share/HOTEL/184444/184444.jpg,https://img.travel.rakuten.co.jp/HIMG/90/184444.jpg,,,https://img.travel.rakuten.co.jp/share/HOTEL/184444/184444map.gif,89.0,3.97,"慣れない旅行でチェックインと、エレベ…　2026-05-11 16:43:34投稿 <a href=""https://img.travel.rakuten.co.jp/image/tr/api/re/gJNfM/?f_hotel_no=184444"" class=""3click"">つづきはこちら</a>",prdn,【禁煙】スタンダードダブル,6463162.0,【期間限定セール】5月限定！直前予約でさらにお得なポイント10％プラン！ ,10,0,0,0,0,2,https://img.travel.rakuten.co.jp/image/tr/api/re/IdsCY/?f_no=184444&f_syu=prdn&f_hi1=2026-05-19&f_hi2=2026-05-20&f_heya_su=1&f_otona_su=1&f_s1=0&f_s2=0&f_y1=0&f_y2=0&f_y3=0&f_y4=0&f_camp_id=6463162,0,2026-05-19,20462,20462,0,2026-05-19,fukuoka
7650,萃豊閣ホテル（ＳＵＩＨＯＫＡＫＵ　ＨＯＴＥＬ）,https://img.travel.rakuten.co.jp/image/tr/api/re/pvonD/?f_no=7650,https://img.travel.rakuten.co.jp/image/tr/api/re/vFumt/?f_no=7650&f_flg=PLAN,https://img.travel.rakuten.co.jp/image/tr/api/re/WzozX/?noTomariHotel=7650,https://img.travel.rakuten.co.jp/image/tr/api/re/gJNfM/?f_hotel_no=7650,すいほうかく　ほてる,JR南福岡駅より徒歩4分、西鉄雑餉隈駅より徒歩8分。全室無線LAN、空気清浄機完備。温泉利用無料。,3900,120745.98,469667.37,812-0884,福岡県,福岡市博多区寿町3-5-25,092-587-7771,092-587-7772,ＪＲ博多駅より鹿児島本線下り3つ目の「南福岡」より徒歩4分。快速停車駅。西鉄最寄り駅は雑餉隈（ざっしょのくま）徒歩8分,正面駐車場10台先着順。満車の場合は南福岡グリーンホテル駐車場をご利用ください。1泊1000円。,南福岡,https://img.travel.rakuten.co.jp/share/HOTEL/7650/7650.jpg,https://img.travel.rakuten.co.jp/HIMG/90/7650.jpg,https://img.travel.rakuten.co.jp/share/HOTEL/7650/7650_room.jpg,https://img.travel.rakuten.co.jp/HIMG/INTERIOR/7650.jpg,https://img.travel.rakuten.co.jp/share/HOTEL/7650/7650map.gif,807.0,3.75,"クチコミの詳細はこちらから　https://review.travel.rakuten.co.jp/hotel/v…　2026-05-05 22:23:52投稿 <a href=""https://img.travel.rakuten.co.jp/image/tr/api/re/gJNfM/?f_hotel_no=7650"" class=""3click"">つづきはこちら</a>",ssp,シングル◆喫煙,5603316.0,【事前カード決済限定】素泊まり宿泊プラン★別棟無料温泉施設,1,0,0,0,0,2,https://img.travel.rakuten.co.jp/image/tr/api/re/IdsCY/?f_no=7650&f_syu=ssp&f_hi1=2026-05-19&f_hi2=2026-05-20&f_heya_su=1&f_otona_su=1&f_s1=0&f_s2=0&f_y1=0&f_y2=0&f_y3=0&f_y4=0&f_camp_id=5603316,0,2026-05-19,8300,8300,0,2026-05-19,fukuoka
149112,照葉スパリゾート,https://img.travel.rakuten.co.jp/image/tr/api/re/pvonD/?f_no=149112,https://img.travel.rakuten.co.jp/image/tr/api/re/vFumt/?f_no=149112&f_flg=PLAN,,https://img.travel.rakuten.co.jp/image/tr/api/re/gJNfM/?f_hotel_no=149112,てりはすぱりぞーと,九州最大級の温浴施設を併設！趣向を凝らしたスパや岩盤房、リラックススペースでくつろぎのひとときをお楽しみください。 ,12700,121185.19,469508.48,813-0017,福岡県,福岡市東区香椎照葉5-2-15,092-683-1010,092-683-1018,千早駅よりお車にて約１５分,有り　　宿泊者無料 ※コインパーキング。宿泊者は無料処理致します。乗用車のみ駐車可。,,https://img.travel.rakuten.co.jp/share/HOTEL/149112/149112.jpg,https://img.travel.rakuten.co.jp/HIMG/90/149112.jpg,,,https://img.travel.rakuten.co.jp/share/HOTEL/149112/149112map.gif,475.0,4.23,"また、行きたいと思い…　2026-05-02 21:35:39投稿 <a href=""https://img.travel.rakuten.co.jp/image/tr/api/re/gJNfM/?f_hotel_no=149112"" class=""3click"">つづきはこちら</a>",teriw,ダブルルーム,4708344.0,朝食無料！　ダブルルーム　,1,0,0,1,0,1,https://img.travel.rakuten.co.jp/image/tr/api/re/IdsCY/?f_no=149112&f_syu=teriw&f_hi1=2026-05-19&f_hi2=2026-05-20&f_heya_su=1&f_otona_su=1&f_s1=0&f_s2=0&f_y1=0&f_y2=0&f_y3=0&f_y4=0&f_camp_id=4708344,0,2026-05-19,14200,14200,0,2026-05-19,fukuoka
74609,パープルホテル二日市,https://img.travel.rakuten.co.jp/image/tr/api/re/pvonD/?f_no=74609,https://img.travel.rakuten.co.jp/image/tr/api/re/vFumt/?f_no=74609&f_flg=PLAN,https://img.travel.rakuten.co.jp/image/tr/api/re/WzozX/?noTomariHotel=74609,https://img.travel.rakuten.co.jp/image/tr/api/re/gJNfM/?f_hotel_no=74609,ぱーぷるほてるふつかいち,筑紫野ICより車で約7分、JR二日市駅西口から徒歩約7分、駐車場無料、太宰府観光にも好立地,4675,120554.96,469863.38,818-0058,福岡県,筑紫野市湯町2-5-6,092-922-2131,092-918-2221,ＪＲ二日市駅西口徒歩約7分・西鉄二日市車約10分・筑紫野IC車約7分・高速筑紫野バス停徒歩約5分,無料駐車場あり（敷地内と徒歩1分に2箇所）予約確保不可（身障者を除く）,二日市,https://img.travel.rakuten.co.jp/share/HOTEL/74609/74609.jpg,https://img.travel.rakuten.co.jp/HIMG/90/74609.jpg,https://img.travel.rakuten.co.jp/share/HOTEL/74609/74609_kya.jpg,https://img.travel.rakuten.co.jp/HIMG/INTERIOR/74609.jpg,https://img.travel.rakuten.co.jp/share/HOTEL/74609/74609map.gif,387.0,3.87,"夜22時過ぎのチェックインでしたが、街は静…　2026-04-29 02:09:02投稿 <a href=""https://img.travel.rakuten.co.jp/image/tr/api/re/gJNfM/?f_hotel_no=74609"" class=""3click"">つづきはこちら</a>",sbns,シングルB（禁煙室）,3155765.0,スタンダードプラン｜食事なし★到着時間の連絡不要★駐車場無料,1,0,0,0,0,1,https://img.travel.rakuten.co.jp/image/tr/api/re/IdsCY/?f_no=74609&f_syu=sbns&f_hi1=2026-05-19&f_hi2=2026-05-20&f_heya_su=1&f_otona_su=1&f_s1=0&f_s2=0&f_y1=0&f_y2=0&f_y3=0&f_y4=0&f_camp_id=3155765,0,2026-05-19,6930,6930,0,2026-05-19,fukuoka
177662,ＴＨＥ　ＢＡＳＩＣＳ　ＦＵＫＵＯＫＡ　（ザ・ベーシックス福岡）,https://img.travel.rakuten.co.jp/image/tr/api/re/pvonD/?f_no=177662,https://img.travel.rakuten.co.jp/image/tr/api/re/vFumt/?f_no=177662&f_flg=PLAN,https://img.travel.rakuten.co.jp/image/tr/api/re/WzozX/?noTomariHotel=177662,https://img.travel.rakuten.co.jp/image/tr/api/re/gJNfM/?f_hotel_no=177662,ざべーしっくすふくおか,★開業4周年★楽天アワード2021・2022ブロンズ受賞★プラン多数☆ビジネスや観光の拠点に最適な立地,8800,120909.39,469545.58,812-0013,福岡県,福岡市博多区博多駅東2-14-1　,092-412-1234,092-414-2490,博多駅より徒歩約７分、福岡空港よりタクシーで15分 、福岡空港から博多駅までは地下鉄で約5分,"有り　駐車料金 1泊1,500円（税込）　午後2時〜翌日正午まで （予約不可・先着50台まで）",博多,https://img.travel.rakuten.co.jp/share/HOTEL/177662/177662.jpg,https://img.travel.rakuten.co.jp/HIMG/90/177662.jpg,,,https://img.travel.rakuten.co.jp/share/HOTEL/177662/177662map.gif,687.0,4.29,"駅か…　2026-05-09 21:37:30投稿 <a href=""https://img.travel.rakuten.co.jp/image/tr/api/re/gJNfM/?f_hotel_no=177662"" class=""3click"">つづきはこちら</a>",ch2t,【禁煙】モデレートツインChapter 2（28平米） ,6314505.0,【事前決済限定】福岡旅行におすすめ/博多駅から徒歩7分/素泊まり,1,0,0,0,0,2,https://img.travel.rakuten.co.jp/image/tr/api/re/IdsCY/?f_no=177662&f_syu=ch2t&f_hi1=2026-05-19&f_hi2=2026-05-20&f_heya_su=1&f_otona_su=1&f_s1=0&f_s2=0&f_y1=0&f_y2=0&f_y3=0&f_y4=0&f_camp_id=6314505,0,2026-05-19,23100,23100,0,2026-05-19,fukuoka
14018,福岡リーセントホテル,https://img.travel.rakuten.co.jp/image/tr/api/re/pvonD/?f_no=14018,https://img.travel.rakuten.co.jp/image/tr/api/re/vFumt/?f_no=14018&f_flg=PLAN,https://img.travel.rakuten.co.jp/image/tr/api/re/WzozX/?noTomariHotel=14018,https://img.travel.rakuten.co.jp/image/tr/api/re/gJNfM/?f_hotel_no=14018,ふくおか　りーせんとほてる,■全室禁煙ルーム■Wi-Fi接続無料■加湿空気清浄器完備,3690,121015.46,469513.02,812-0053,福岡県,福岡市東区箱崎2-52-1,092-641-7741,092-641-5851,【地下鉄】博多駅から約12分/福岡空港から約17分/箱崎宮前駅・3番出口より徒歩約4分,普通車1泊1000円※屋内駐車場60台、高さ2.1m迄,箱崎宮前,https://img.travel.rakuten.co.jp/share/HOTEL/14018/14018.jpg,https://img.travel.rakuten.co.jp/HIMG/90/14018.jpg,,,https://img.travel.rakuten.co.jp/share/HOTEL/14018/14018map.gif,822.0,3.86,"クチコミの詳細はこちらから　https://review.travel.rakuten.co.jp/…　2026-04-24 00:54:29投稿 <a href=""https://img.travel.rakuten.co.jp/image/tr/api/re/gJNfM/?f_hotel_no=14018"" class=""3click"">つづきはこちら</a>",t-nstd,ツイン【禁煙】25平米／加湿空気清浄機完備,6139234.0,【素泊り】直前のご予約でもお得に！お食事無しの直前割りプラン★地下鉄箱崎宮前駅徒歩4分★,1,0,0,0,0,2,https://img.travel.rakuten.co.jp/image/tr/api/re/IdsCY/?f_no=14018&f_syu=t-nstd&f_hi1=2026-05-19&f_hi2=2026-05-20&f_heya_su=1&f_otona_su=1&f_s1=0&f_s2=0&f_y1=0&f_y2=0&f_y3=0&f_y4=0&f_camp_id=6139234,0,2026-05-19,10030,10030,0,2026-05-19,fukuoka
164794,モンタン博多,https://img.travel.rakuten.co.jp/image/tr/api/re/pvonD/?f_no=164794,https://img.travel.rakuten.co.jp/image/tr/api/re/vFumt/?f_no=164794&f_flg=PLAN,https://img.travel.rakuten.co.jp/image/tr/api/re/WzozX/?noTomariHotel=164794,https://img.travel.rakuten.co.jp/image/tr/api/re/gJNfM/?f_hotel_no=164794,もんたんはかた,【空港までタクシーで約１０分！】地下鉄空港線「東比恵駅」まで徒歩５分！JR博多駅まで徒歩８分！,4240,120907.58,469549.14,812-0013,福岡県,福岡市博多区博多駅東3-6-11,092-292-8376,092-292-8377,地下鉄空港線「東比恵駅」１番出口より徒歩約５分、JR「博多駅」筑紫口より徒歩８分,駐車場はございませんので近隣のコインパーキングをご利用ください。,東比恵,https://img.travel.rakuten.co.jp/share/HOTEL/164794/164794.jpg,https://img.travel.rakuten.co.jp/HIMG/90/164794.jpg,,,https://img.travel.rakuten.co.jp/share/HOTEL/164794/164794map.gif,161.0,4.29,"早い時間にチェックインして、部…　2026-05-03 21:52:06投稿 <a href=""https://img.travel.rakuten.co.jp/image/tr/api/re/gJNfM/?f_hotel_no=164794"" class=""3click"">つづきはこちら</a>",twn2,【禁煙】ツインルーム,6421408.0,【春旅セール】期間限定！シーズナルセールプラン（素泊まり）,1,0,0,0,0,1,https://img.travel.rakuten.co.jp/image/tr/api/re/IdsCY/?f_no=164794&f_syu=twn2&f_hi1=2026-05-19&f_hi2=2026-05-20&f_heya_su=1&f_otona_su=1&f_s1=0&f_s2=0&f_y1=0&f_y2=0&f_y3=0&f_y4=0&f_camp_id=6421408,0,2026-05-19,13520,13520,0,2026-05-19,fukuoka
67260,ＴＨＥ　ＬＵＩＧＡＮＳ　Ｓｐａ＆Ｒｅｓｏｒｔ(ザ・ルイガンズ.　スパ＆リゾート),https://img.travel.rakuten.co.jp/image/tr/api/re/pvonD/?f_no=67260,https://img.travel.rakuten.co.jp/image/tr/api/re/vFumt/?f_no=67260&f_flg=PLAN,https://img.travel.rakuten.co.jp/image/tr/api/re/WzozX/?noTomariHotel=67260,https://img.travel.rakuten.co.jp/image/tr/api/re/gJNfM/?f_hotel_no=67260,ざ・るいがんず,【福岡で近場リゾート】博多中心部から車で20分！福岡でありながら海外を感じるリゾートホテル！大浴場＆無料バスあり,4290,121174.54,469318.49,811-0321,福岡県,福岡市東区西戸崎18-25,092-603-2525,092-603-2828,博多から車で最短約20分、無料送迎バス、無料駐車場、福岡空港まで最短約30分。JR香椎線「海ノ中道」より徒歩約6分,屋外駐車場有　１００台／宿泊者は無料／予約不要,海ノ中道,https://img.travel.rakuten.co.jp/share/HOTEL/67260/67260.jpg,https://img.travel.rakuten.co.jp/HIMG/90/67260.jpg,https://img.travel.rakuten.co.jp/share/HOTEL/67260/67260_k.jpg,https://img.travel.rakuten.co.jp/HIMG/INTERIOR/67260.jpg,https://img.travel.rakuten.co.jp/share/HOTEL/67260/67260map.gif,2068.0,4.32,"AIに「福岡で子連れにおすすめ」「リゾート感を感じられる」「海で貝殻拾いができる」宿を聞いたところ、紹介し…　2026-05-05 16:21:27投稿 <a href=""https://img.travel.rakuten.co.jp/image/tr/api/re/gJNfM/?f_hotel_no=67260"" class=""3click"">つづきはこちら</a>",gp,グランピングツイン（禁煙）28平米,6249002.0,【グランピング施設利用プラン】素泊り｜泊まれる公園　　チェックインはINN THE PARKで,1,0,0,0,0,1,https://img.travel.rakuten.co.jp/image/tr/api/re/IdsCY/?f_no=67260&f_syu=gp&f_hi1=2026-05-19&f_hi2=2026-05-20&f_heya_su=1&f_otona_su=1&f_s1=0&f_s2=0&f_y1=0&f_y2=0&f_y3=0&f_y4=0&f_camp_id=6249002,0,2026-05-19,16940,16940,0,2026-05-19,fukuoka
80686,二日市温泉　大観荘,https://img.travel.rakuten.co.jp/image/tr/api/re/pvonD/?f_no=80686,https://img.travel.rakuten.co.jp/image/tr/api/re/vFumt/?f_no=80686&f_flg=PLAN,https://img.travel.rakuten.co.jp/image/tr/api/re/WzozX/?noTomariHotel=80686,https://img.travel.rakuten.co.jp/image/tr/api/re/gJNfM/?f_hotel_no=80686,だいかんそう,万葉の香りといで湯の里　二日市温泉　大観荘,7650,120560.23,469854.3,818-0058,福岡県,筑紫野市湯町1-12-1,092-922-3236,092-928-0675,ＪＲ　二日市駅から車で５分／西鉄　二日市駅から車で８分,有り　１５０台　無料　予約不要,二日市,https://img.travel.rakuten.co.jp/share/HOTEL/80686/80686.jpg,https://img.travel.rakuten.co.jp/HIMG/90/80686.jpg,https://img.travel.rakuten.co.jp/share/HOTEL/80686/80686_k.jpg,https://img.travel.rakuten.co.jp/HIMG/INTERIOR/80686.jpg,https://img.travel.rakuten.co.jp/share/HOTEL/80686/80686map.gif,750.0,4.12,"高速道路沿いでうるさく、落ち着いた雰囲気はありません。朝食はシャケの切り身が小さく、質素な感じです。温泉の泉質はよく、もう少しぬる湯だと嬉しい。部屋は綺麗ですが、廊…　2026-05-09 14:00:02投稿 <a href=""https://img.travel.rakuten.co.jp/image/tr/api/re/gJNfM/?f_hotel_no=80686"" class=""3click"">つづきはこちら</a>",wab1,おちついた和室（別館・本館）,3756578.0,【１泊朝食付　レイトチェックイン可能】　ビジネスに！観光に！お手軽・お気軽宿泊プラン,2,0,0,1,0,1,https://img.travel.rakuten.co.jp/image/tr/api/re/IdsCY/?f_no=80686&f_syu=wab1&f_hi1=2026-05-19&f_hi2=2026-05-20&f_heya_su=1&f_otona_su=1&f_s1=0&f_s2=0&f_y1=0&f_y2=0&f_y3=0&f_y4=0&f_camp_id=3756578,0,2026-05-19,9850,9850,0,2026-05-19,fukuoka
9686,アイビーホテル筑紫野,https://img.travel.rakuten.co.jp/image/tr/api/re/pvonD/?f_no=9686,https://img.travel.rakuten.co.jp/image/tr/api/re/vFumt/?f_no=9686&f_flg=PLAN,https://img.travel.rakuten.co.jp/image/tr/api/re/WzozX/?noTomariHotel=9686,https://img.travel.rakuten.co.jp/image/tr/api/re/gJNfM/?f_hotel_no=9686,あいびーほてる　つくしの,二日市温泉源泉かけ流し大浴場完備。出張や観光にご利用ください ！,4375,120558.05,469862.35,818-0058,福岡県,筑紫野市湯町1-14-3,092-920-2130,092-922-2490,ＪＲ二日市駅西口より徒歩約6分。西鉄二日市駅より車で約10分。高速筑紫野バス停より徒歩約5分。駐車場無料,有り　３０台　他、近隣1カ所徒歩約5分２０台,二日市,https://img.travel.rakuten.co.jp/share/HOTEL/9686/9686.jpg,https://img.travel.rakuten.co.jp/HIMG/90/9686.jpg,https://img.travel.rakuten.co.jp/share/HOTEL/9686/9686_sgl.jpg,https://img.travel.rakuten.co.jp/HIMG/INTERIOR/9686.jpg,https://img.travel.rakuten.co.jp/share/HOTEL/9686/9686map.gif,710.0,4.0,"クチコミの詳細はこ…　2026-05-11 22:57:53投稿 <a href=""https://img.travel.rakuten.co.jp/image/tr/api/re/gJNfM/?f_hotel_no=9686"" class=""3click"">つづきはこちら</a>",snsm,シングルルーム（禁煙室）,4980522.0,スタンダードプラン（食事なし）★到着時間の連絡不要★,1,0,0,0,0,1,https://img.travel.rakuten.co.jp/image/tr/api/re/IdsCY/?f_no=9686&f_syu=snsm&f_hi1=2026-05-19&f_hi2=2026-05-20&f_heya_su=1&f_otona_su=1&f_s1=0&f_s2=0&f_y1=0&f_y2=0&f_y3=0&f_y4=0&f_camp_id=4980522,0,2026-05-19,8690,8690,0,2026-05-19,fukuoka
181717,ホテルリブマックス博多駅前,https://img.travel.rakuten.co.jp/image/tr/api/re/pvonD/?f_no=181717,https://img.travel.rakuten.co.jp/image/tr/api/re/vFumt/?f_no=181717&f_flg=PLAN,https://img.travel.rakuten.co.jp/image/tr/api/re/WzozX/?noTomariHotel=181717,https://img.travel.rakuten.co.jp/image/tr/api/re/gJNfM/?f_hotel_no=181717,ほてるりぶまっくすはかたえきまえ,【2020年12月OPEN】「博多駅」徒歩5分　加湿空気清浄機＆電子レンジなど充実のルームコンテンツ,4675,120913.17,469500.65,812-0011,福岡県,福岡市博多区博多駅前2-7-9,092-419-2280,092-419-2281,「博多」駅より徒歩5分,無し※近隣にコインパーキング多数あり！,博多,https://img.travel.rakuten.co.jp/share/HOTEL/181717/181717.jpg,https://img.travel.rakuten.co.jp/HIMG/90/181717.jpg,,,https://img.travel.rakuten.co.jp/share/HOTEL/181717/181717map.gif,303.0,3.84,"クチコミの詳細は…　2026-04-28 11:59:49投稿 <a href=""https://img.travel.rakuten.co.jp/image/tr/api/re/gJNfM/?f_hotel_no=181717"" class=""3click"">つづきはこちら</a>",sin-kitsu,【スタンダードシングルルーム】喫煙/定員２名/１２平米,5721718.0,【リブマックスセール】《15％OFF》ホテルリブマックス博多駅前【素泊り】,1,0,0,0,0,1,https://img.travel.rakuten.co.jp/image/tr/api/re/IdsCY/?f_no=181717&f_syu=sin-kitsu&f_hi1=2026-05-19&f_hi2=2026-05-20&f_heya_su=1&f_otona_su=1&f_s1=0&f_s2=0&f_y1=0&f_y2=0&f_y3=0&f_y4=0&f_camp_id=5721718,0,2026-05-19,17000,17000,0,2026-05-19,fukuoka
177906,ＥＵＲＯＰＥＡＮ　ＨＯＵＳＥ　ＲＥＩＳＥＮ,https://img.travel.rakuten.co.jp/image/tr/api/re/pvonD/?f_no=177906,https://img.travel.rakuten.co.jp/image/tr/api/re/vFumt/?f_no=177906&f_flg=PLAN,https://img.travel.rakuten.co.jp/image/tr/api/re/WzozX/?noTomariHotel=177906,https://img.travel.rakuten.co.jp/image/tr/api/re/gJNfM/?f_hotel_no=177906,よーろぴあんはうすれいせん,アパートメントタイプの宿泊施設。1室除く全室ダブルベッド2台、エアコン、無料Ｗｉ‐Ｆｉ、1室のみバルコニー付き客室を提供,7500,120932.72,469486.02,812-0025,福岡県,福岡市博多区店屋町2-10,092-271-6260,092-271-6260,祇園駅２番出口より徒歩にて約５分／福岡空港よりお車にて約２０分,無し,祇園（福岡）,https://img.travel.rakuten.co.jp/share/HOTEL/177906/177906.jpg,https://img.travel.rakuten.co.jp/HIMG/90/177906.jpg,https://img.travel.rakuten.co.jp/share/HOTEL/177906/177906_kan1.jpg,https://img.travel.rakuten.co.jp/HIMG/INTERIOR/177906.jpg,https://img.travel.rakuten.co.jp/share/HOTEL/177906/177906map.gif,68.0,4.42,"単身赴任向け宿舎をリノベーショ…　2026-05-14 21:29:45投稿 <a href=""https://img.travel.rakuten.co.jp/image/tr/api/re/gJNfM/?f_hotel_no=177906"" class=""3click"">つづきはこちら</a>",1201,1201,,,1,0,0,0,0,2,https://img.travel.rakuten.co.jp/image/tr/api/re/IdsCY/?f_no=177906&f_syu=1201&f_hi1=2026-05-19&f_hi2=2026-05-20&f_heya_su=1&f_otona_su=1&f_s1=0&f_s2=0&f_y1=0&f_y2=0&f_y3=0&f_y4=0,1,2026-05-19,60000,60000,0,2026-05-19,fukuoka
177451,クインテッサホテル福岡博多　Ｒｅｌａｘ＆Ｓｌｅｅｐ,https://img.travel.rakuten.co.jp/image/tr/api/re/pvonD/?f_no=177451,https://img.travel.rakuten.co.jp/image/tr/api/re/vFumt/?f_no=177451&f_flg=PLAN,https://img.travel.rakuten.co.jp/image/tr/api/re/WzozX/?noTomariHotel=177451,https://img.travel.rakuten.co.jp/image/tr/api/re/gJNfM/?f_hotel_no=177451,くいんてっさほてるふくおかはかた　りらっくす　あんど　すりーぷ,2023年5月1日リブランドオープン！博多駅から徒歩7分の好立地。スランバー社製ベッドやアロマストーンで上質な睡眠を。,4100,120901.78,469537.78,812-0013,福岡県,福岡市博多区博多駅東2-9-29,092-292-6728,092-292-6729,博多駅より徒歩にて約７分。福岡空港から地下鉄空港線経由で約25分。,無し,博多,https://img.travel.rakuten.co.jp/share/HOTEL/177451/177451.jpg,https://img.travel.rakuten.co.jp/HIMG/90/177451.jpg,,,https://img.travel.rakuten.co.jp/share/HOTEL/177451/177451map.gif,194.0,3.83,,qan,スタンダードクイーン,5692905.0,【スタンダードプラン】上質な睡眠・出張の疲れを癒します。(素泊まり),1,0,0,0,0,1,https://img.travel.rakuten.co.jp/image/tr/api/re/IdsCY/?f_no=177451&f_syu=qan&f_hi1=2026-05-19&f_hi2=2026-05-20&f_heya_su=1&f_otona_su=1&f_s1=0&f_s2=0&f_y1=0&f_y2=0&f_y3=0&f_y4=0&f_camp_id=5692905,0,2026-05-19,16000,16000,0,2026-05-19,fukuoka
184644,ＷＩＴＨ　ＴＨＥ　ＳＴＹＬＥ　ＦＵＫＵＯＫＡ,https://img.travel.rakuten.co.jp/image/tr/api/re/pvonD/?f_no=184644,https://img.travel.rakuten.co.jp/image/tr/api/re/vFumt/?f_no=184644&f_flg=PLAN,https://img.travel.rakuten.co.jp/image/tr/api/re/WzozX/?noTomariHotel=184644,https://img.travel.rakuten.co.jp/image/tr/api/re/gJNfM/?f_hotel_no=184644,うぃず ざ すたいる ふくおか,人生を豊かにする上質なアイテムを取り揃えた、大人のためのアーバンリゾート,25200,120894.63,469526.99,812-0016,福岡県,福岡市博多区博多駅南1-9-18,092-433-3900,092-433-3940,博多駅より徒歩7分,有り　16台　無料　予約不要,博多,https://img.travel.rakuten.co.jp/share/HOTEL/184644/184644.jpg,https://img.travel.rakuten.co.jp/HIMG/90/184644.jpg,,,https://img.travel.rakuten.co.jp/share/HOTEL/184644/184644map.gif,13.0,4.67,,2024king,キング （ベッドサイズ200cm×200cm）,6171944.0,【スーパーバリュープラン】サウナ＆ジャグジー｜クラブラウンジ｜12時チェックアウト（素泊まり）,1,0,0,0,0,1,https://img.travel.rakuten.co.jp/image/tr/api/re/IdsCY/?f_no=184644&f_syu=2024king&f_hi1=2026-05-19&f_hi2=2026-05-20&f_heya_su=1&f_otona_su=1&f_s1=0&f_s2=0&f_y1=0&f_y2=0&f_y3=0&f_y4=0&f_camp_id=6171944,0,2026-05-19,56400,56400,0,2026-05-19,fukuoka
196734,慶　ＨＯＴＥＬ　ＬＩＫＥ　ＲＥＳＩＤＥＮＣＥ,https://img.travel.rakuten.co.jp/image/tr/api/re/pvonD/?f_no=196734,https://img.travel.rakuten.co.jp/image/tr/api/re/vFumt/?f_no=196734&f_flg=PLAN,,https://img.travel.rakuten.co.jp/image/tr/api/re/gJNfM/?f_hotel_no=196734,けいほてるらいくれじでんす,新築のアパートメントホテル！室内キッチンあり！,1885,120874.82,469517.49,812-0017,福岡県,福岡市博多区美野島2-5-2,092-409-4892,092-401-1057,博多駅より徒歩で約１８分,無し,博多,https://img.travel.rakuten.co.jp/share/HOTEL/196734/196734.jpg,https://img.travel.rakuten.co.jp/HIMG/90/196734.jpg,,,https://img.travel.rakuten.co.jp/share/HOTEL/196734/196734map.gif,7.0,4.14,,bhito,コンフォートB,6257259.0,【素泊まり】スタンダードプラン「迷ったらコレ！」,1,0,0,0,0,2,https://img.travel.rakuten.co.jp/image/tr/api/re/IdsCY/?f_no=196734&f_syu=bhito&f_hi1=2026-05-19&f_hi2=2026-05-20&f_heya_su=1&f_otona_su=1&f_s1=0&f_s2=0&f_y1=0&f_y2=0&f_y3=0&f_y4=0&f_camp_id=6257259,0,2026-05-19,17067,17067,0,2026-05-19,fukuoka
11324,山本旅館,https://img.travel.rakuten.co.jp/image/tr/api/re/pvonD/?f_no=11324,https://img.travel.rakuten.co.jp/image/tr/api/re/vFumt/?f_no=11324&f_flg=PLAN,https://img.travel.rakuten.co.jp/image/tr/api/re/WzozX/?noTomariHotel=11324,https://img.travel.rakuten.co.jp/image/tr/api/re/gJNfM/?f_hotel_no=11324,やまもとりょかん,福岡空港＆博多駅から1本！祇園駅すぐの老舗旅館。和の雰囲気に包まれたゆったり空間でお寛ぎください。,4980,120926.04,469493.96,812-0039,福岡県,福岡市博多区冷泉町3-6,092-291-1176,092-291-1177,地下鉄：福岡空港＆博多駅から1本！祇園駅②出口から徒歩約1分／車：呉服町ＩＣから大博通り経由で約4分／バス亭も徒歩約1分,有。 事前に電話予約。 駐車場代：1100円／1泊 （満車時は近くにコインパーキング有。）,博多,https://img.travel.rakuten.co.jp/share/HOTEL/11324/11324.jpg,https://img.travel.rakuten.co.jp/HIMG/90/11324.jpg,https://img.travel.rakuten.co.jp/share/HOTEL/11324/11324_heya.jpg,https://img.travel.rakuten.co.jp/HIMG/INTERIOR/11324.jpg,https://img.travel.rakuten.co.jp/share/HOTEL/11324/11324map.gif,552.0,3.85,"クチコミの詳細はこちらから　https://review.travel.rakuten.co.jp/hotel/voice/113…　2026-04-09 23:11:31投稿 <a href=""https://img.travel.rakuten.co.jp/image/tr/api/re/gJNfM/?f_hotel_no=11324"" class=""3click"">つづきはこちら</a>",nsjp_trip2,■禁煙■　和室6畳（1〜3名様）,5532027.0,【素泊まりプラン】福岡空港＆博多駅から1本！祇園駅すぐの老舗旅館。和の雰囲気に包まれたゆったり空間,1,0,0,0,0,1,https://img.travel.rakuten.co.jp/image/tr/api/re/IdsCY/?f_no=11324&f_syu=nsjp_trip2&f_hi1=2026-05-19&f_hi2=2026-05-20&f_heya_su=1&f_otona_su=1&f_s1=0&f_s2=0&f_y1=0&f_y2=0&f_y3=0&f_y4=0&f_camp_id=5532027,0,2026-05-19,6900,6900,0,2026-05-19,fukuoka
172008,ホテルリブマックス博多駅南,https://img.travel.rakuten.co.jp/image/tr/api/re/pvonD/?f_no=172008,https://img.travel.rakuten.co.jp/image/tr/api/re/vFumt/?f_no=172008&f_flg=PLAN,https://img.travel.rakuten.co.jp/image/tr/api/re/WzozX/?noTomariHotel=172008,https://img.travel.rakuten.co.jp/image/tr/api/re/gJNfM/?f_hotel_no=172008,りぶまっくすはかたえきみなみ,2018年11月グランドオープン！博多駅前Ｃからバスで駅南三丁目下車徒歩1分！でホテル到着,3825,120884.93,469537.32,812-0016,福岡県,福岡市博多区博多駅南3-7-32,092-433-0400,092-433-0401,山陽新幹線／ＪＲ鹿児島本線／地下鉄空港線　博多駅筑紫口東6番より徒歩にて約１2分,なし,博多,https://img.travel.rakuten.co.jp/share/HOTEL/172008/172008.jpg,https://img.travel.rakuten.co.jp/HIMG/90/172008.jpg,,,https://img.travel.rakuten.co.jp/share/HOTEL/172008/172008map.gif,208.0,3.26,"鹿児島のリブマックスホテルがとても良かったので福岡でも、と思って予約しましたが期待…　2026-03-06 18:31:22投稿 <a href=""https://img.travel.rakuten.co.jp/image/tr/api/re/gJNfM/?f_hotel_no=172008"" class=""3click"">つづきはこちら</a>",pet-sn,☆ペットルーム☆禁煙☆セミダブルベッド−小型犬１室２匹ＯＫ−,5822917.0,【Dog×Stay】ワンちゃん同伴宿泊プラン【直前予約限定でポイント１０倍付き】【素泊り】,10,0,0,0,0,1,https://img.travel.rakuten.co.jp/image/tr/api/re/IdsCY/?f_no=172008&f_syu=pet-sn&f_hi1=2026-05-19&f_hi2=2026-05-20&f_heya_su=1&f_otona_su=1&f_s1=0&f_s2=0&f_y1=0&f_y2=0&f_y3=0&f_y4=0&f_camp_id=5822917,0,2026-05-19,14000,14000,0,2026-05-19,fukuoka
10837,博多ニューポートホテル,https://img.travel.rakuten.co.jp/image/tr/api/re/pvonD/?f_no=10837,https://img.travel.rakuten.co.jp/image/tr/api/re/vFumt/?f_no=10837&f_flg=PLAN,https://img.travel.rakuten.co.jp/image/tr/api/re/WzozX/?noTomariHotel=10837,https://img.travel.rakuten.co.jp/image/tr/api/re/gJNfM/?f_hotel_no=10837,はかた　にゅーぽーとほてる,国際会議場・マリンメッセまで徒歩４分、イベント時に最適！天神・中洲へも徒歩１０分程。宿泊税込！チェックアウト１１：００！,4900,120949.22,469463.07,812-0022,福岡県,福岡市博多区神屋町3-27,092-291-0811,092-281-6656,JR博多駅より車で５分／地下鉄呉服町駅から徒歩６分／神屋町バス停徒歩１分／国際会議場・マリンメッセまで徒歩４分〜１０分,"有り　4台　電話予約制　料金1,000円（税込み／泊）",博多,https://img.travel.rakuten.co.jp/share/HOTEL/10837/10837.jpg,https://img.travel.rakuten.co.jp/HIMG/90/10837.jpg,https://img.travel.rakuten.co.jp/share/HOTEL/10837/10837_sig.jpg,https://img.travel.rakuten.co.jp/HIMG/INTERIOR/10837.jpg,https://img.travel.rakuten.co.jp/share/HOTEL/10837/10837map.gif,418.0,3.37,"クチコミの詳細はこちらから　https://review.travel.rakuten.co.jp/hotel/voice/10837?re…　2026-05-02 07:04:15投稿 <a href=""https://img.travel.rakuten.co.jp/image/tr/api/re/gJNfM/?f_hotel_no=10837"" class=""3click"">つづきはこちら</a>",s,★シングルルームA★,2653386.0,【楽天限定】当施設最安値♪ゆったりシンプルステイ◆チェックアウトは余裕の１１時◆,1,0,0,0,0,2,https://img.travel.rakuten.co.jp/image/tr/api/re/IdsCY/?f_no=10837&f_syu=s&f_hi1=2026-05-19&f_hi2=2026-05-20&f_heya_su=1&f_otona_su=1&f_s1=0&f_s2=0&f_y1=0&f_y2=0&f_y3=0&f_y4=0&f_camp_id=2653386,0,2026-05-19,8800,8800,0,2026-05-19,fukuoka
183138,ＫＯＫＯ　ＨＯＴＥＬ　Ｐｒｅｍｉｅｒ　博多（旧：テンザホテル・博多ステーション）,https://img.travel.rakuten.co.jp/image/tr/api/re/pvonD/?f_no=183138,https://img.travel.rakuten.co.jp/image/tr/api/re/vFumt/?f_no=183138&f_flg=PLAN,https://img.travel.rakuten.co.jp/image/tr/api/re/WzozX/?noTomariHotel=183138,https://img.travel.rakuten.co.jp/image/tr/api/re/gJNfM/?f_hotel_no=183138,ここ　ほてる　ぷれみあ　はかた,博多駅筑紫口徒歩3分。全室20平米以上の洗練された空間でワンランク上の滞在を,7785,120905.75,469529.98,812-0013,福岡県,福岡市博多区博多駅東2-5-33,092-472-0211,092-472-0212,JR「博多駅」筑紫口より徒歩３分、九州自動車道福岡I・C下車「博多駅東出口」より車で約３分,提携駐車場【里馨(リカ)パーキングセンター】：割引駐車券1泊1500円　※車両制限あり※途中出庫不可,博多,https://img.travel.rakuten.co.jp/share/HOTEL/183138/183138.jpg,https://img.travel.rakuten.co.jp/HIMG/90/183138.jpg,,,https://img.travel.rakuten.co.jp/share/HOTEL/183138/183138map.gif,269.0,4.32,"このプランは12時チェックイン12時…　2026-05-13 22:57:36投稿 <a href=""https://img.travel.rakuten.co.jp/image/tr/api/re/gJNfM/?f_hotel_no=183138"" class=""3click"">つづきはこちら</a>",tn,【禁煙】スタンダードツイン/22平米/120cm幅ベッド,5856722.0,【タイムセール／素泊まり】全部屋２０平米以上で快適なワンランク上のホテルステイ,1,0,0,0,0,1,https://img.travel.rakuten.co.jp/image/tr/api/re/IdsCY/?f_no=183138&f_syu=tn&f_hi1=2026-05-19&f_hi2=2026-05-20&f_heya_su=1&f_otona_su=1&f_s1=0&f_s2=0&f_y1=0&f_y2=0&f_y3=0&f_y4=0&f_camp_id=5856722,0,2026-05-19,24700,24700,0,2026-05-19,fukuoka
180377,ＢＵＮＳＨＯＤＯ　ＨＯＴＥＬ,https://img.travel.rakuten.co.jp/image/tr/api/re/pvonD/?f_no=180377,https://img.travel.rakuten.co.jp/image/tr/api/re/vFumt/?f_no=180377&f_flg=PLAN,https://img.travel.rakuten.co.jp/image/tr/api/re/WzozX/?noTomariHotel=180377,https://img.travel.rakuten.co.jp/image/tr/api/re/gJNfM/?f_hotel_no=180377,ぶんしょうどう　ほてる,【博多駅より徒歩５分】書籍を寄贈できるアーカイブホテル&カフェ。,3850,120916.28,469503.28,812-0011,福岡県,福岡市博多区博多駅前2-12-13,050-1724-2006,092-235-3903,博多駅博多口より徒歩にて約５分／地下鉄空港線祇園Ｐ２番出口より徒歩にて約３分,お得な駐車券販売中＜徒歩３分 【セイワパーク博多駅前】1枚1100円／最大17時間利用可能＞,博多,https://img.travel.rakuten.co.jp/share/HOTEL/180377/180377.jpg,https://img.travel.rakuten.co.jp/HIMG/90/180377.jpg,,,https://img.travel.rakuten.co.jp/share/HOTEL/180377/180377map.gif,98.0,4.17,,f,◆スピーカーフォーベッド【トイレ付・シャワー共有】,5244971.0,◆【BOOK DONATION PLAN】書籍の寄贈ができる宿泊。　〜素泊り,1,0,0,0,0,1,https://img.travel.rakuten.co.jp/image/tr/api/re/IdsCY/?f_no=180377&f_syu=f&f_hi1=2026-05-19&f_hi2=2026-05-20&f_heya_su=1&f_otona_su=1&f_s1=0&f_s2=0&f_y1=0&f_y2=0&f_y3=0&f_y4=0&f_camp_id=5244971,0,2026-05-19,14323,14323,0,2026-05-19,fukuoka
182102,ＥＮ　ＨＯＴＥＬ　Ｈａｋａｔａ（エンホテル博多）,https://img.travel.rakuten.co.jp/image/tr/api/re/pvonD/?f_no=182102,https://img.travel.rakuten.co.jp/image/tr/api/re/vFumt/?f_no=182102&f_flg=PLAN,https://img.travel.rakuten.co.jp/image/tr/api/re/WzozX/?noTomariHotel=182102,https://img.travel.rakuten.co.jp/image/tr/api/re/gJNfM/?f_hotel_no=182102,えん　ほてる　はかた,博多駅（JR・地下鉄）徒歩7分、櫛田神社前駅（地下鉄）徒歩2分、キャナルシティ徒歩2分。スマートTV、Wifi全室完備。,4470,120911.92,469496.68,812-0011,福岡県,福岡市博多区博多駅前3-30-25,092-461-0505,092-475-2680,博多駅（JR・地下鉄）徒歩7分・櫛田神社前駅（地下鉄）徒歩2分,提携駐車場なし。近隣コインパーキング参照,博多,https://img.travel.rakuten.co.jp/share/HOTEL/182102/182102.jpg,https://img.travel.rakuten.co.jp/HIMG/90/182102.jpg,,,https://img.travel.rakuten.co.jp/share/HOTEL/182102/182102map.gif,230.0,3.74,"クチコミの詳細はこちらから　https://review.tr…　2026-04-23 08:25:15投稿 <a href=""https://img.travel.rakuten.co.jp/image/tr/api/re/gJNfM/?f_hotel_no=182102"" class=""3click"">つづきはこちら</a>",ct,Cozyツイン【禁煙】11.41平米,5879892.0,◆【返金不可】事前決済限定Non Refundableプラン＊　素泊まり◆,1,0,0,0,0,2,https://img.travel.rakuten.co.jp/image/tr/api/re/IdsCY/?f_no=182102&f_syu=ct&f_hi1=2026-05-19&f_hi2=2026-05-20&f_heya_su=1&f_otona_su=1&f_s1=0&f_s2=0&f_y1=0&f_y2=0&f_y3=0&f_y4=0&f_camp_id=5879892,0,2026-05-19,19890,19890,0,2026-05-19,fukuoka
167057,ホテルＷＢＦグランデ博多,https://img.travel.rakuten.co.jp/image/tr/api/re/pvonD/?f_no=167057,https://img.travel.rakuten.co.jp/image/tr/api/re/vFumt/?f_no=167057&f_flg=PLAN,https://img.travel.rakuten.co.jp/image/tr/api/re/WzozX/?noTomariHotel=167057,https://img.travel.rakuten.co.jp/image/tr/api/re/gJNfM/?f_hotel_no=167057,ほてるだぶりゅーびーえふぐらんではかた,朝からカットステーキ食べ放題の朝食ビュッフェ！■大浴場完備■博多駅まで徒歩10分,6502,120894.12,469540.41,812-0016,福岡県,福岡市博多区博多駅南2-2-5,092-452-4123,092-452-4124,西鉄バス博多駅筑紫口より駅東三丁目下車 徒歩1分　博多駅筑紫口（新幹線口）より徒歩 約10分　福岡空港より車で約10分,"立体駐車場有 1泊1,500円 15時〜翌11時 高さ1.55m、横幅1.75m迄　先着順・予約不可",博多,https://img.travel.rakuten.co.jp/share/HOTEL/167057/167057.jpg,https://img.travel.rakuten.co.jp/HIMG/90/167057.jpg,,,https://img.travel.rakuten.co.jp/share/HOTEL/167057/167057map.gif,737.0,3.63,"2度目の宿泊です。大浴場の混雑状況を確認し、空いてるとなっていたので行ったが、ロッカーも満杯で待った上に、シャワーも満杯で待つことになった。ガッカリした気持ちになり、すぐ上がった。その…　2026-05-06 21:13:13投稿 <a href=""https://img.travel.rakuten.co.jp/image/tr/api/re/gJNfM/?f_hotel_no=167057"" class=""3click"">つづきはこちら</a>",tn,【禁煙室】スタンダードツインルーム,4203478.0,【スタンダード】最上階スカイラウンジで癒される！シンプルステイ【素泊り】,1,0,0,0,0,1,https://img.travel.rakuten.co.jp/image/tr/api/re/IdsCY/?f_no=167057&f_syu=tn&f_hi1=2026-05-19&f_hi2=2026-05-20&f_heya_su=1&f_otona_su=1&f_s1=0&f_s2=0&f_y1=0&f_y2=0&f_y3=0&f_y4=0&f_camp_id=4203478,0,2026-05-19,16910,16910,0,2026-05-19,fukuoka
198736,ＥＲＵＺＡ　ＨＡＫＡＴＡ,https://img.travel.rakuten.co.jp/image/tr/api/re/pvonD/?f_no=198736,https://img.travel.rakuten.co.jp/image/tr/api/re/vFumt/?f_no=198736&f_flg=PLAN,,https://img.travel.rakuten.co.jp/image/tr/api/re/gJNfM/?f_hotel_no=198736,えるざ はかた,無人運営のスマートステイ。 人に会わず、スムーズに泊まれる宿。,2530,120888.61,469543.92,812-0016,福岡県,福岡市博多区博多駅南3-5-1,092-401-0244,--,「博多駅」より徒歩約12分。車で約3分 / 福岡都市高速環状線半道橋ICより約9分,なし,博多,https://img.travel.rakuten.co.jp/share/HOTEL/198736/198736.jpg,https://img.travel.rakuten.co.jp/HIMG/90/198736.jpg,,,https://img.travel.rakuten.co.jp/share/HOTEL/198736/198736map.gif,,,,supdw2,スーペリアダブル (洗濯乾燥機付き),6440691.0,【返金不可】素泊まり / シンプルステイ,1,0,0,0,0,2,https://img.travel.rakuten.co.jp/image/tr/api/re/IdsCY/?f_no=198736&f_syu=supdw2&f_hi1=2026-05-19&f_hi2=2026-05-20&f_heya_su=1&f_otona_su=1&f_s1=0&f_s2=0&f_y1=0&f_y2=0&f_y3=0&f_y4=0&f_camp_id=6440691,0,2026-05-19,10500,10500,0,2026-05-19,fukuoka
197238,ＨＯＴＥＬ　ＲＯＩ　博多,https://img.travel.rakuten.co.jp/image/tr/api/re/pvonD/?f_no=197238,https://img.travel.rakuten.co.jp/image/tr/api/re/vFumt/?f_no=197238&f_flg=PLAN,,https://img.travel.rakuten.co.jp/image/tr/api/re/gJNfM/?f_hotel_no=197238,あーるおーあいはかた,マンションがホテルに！ご自宅のようにご利用いただけます！,2037,120892.72,469508.97,812-0011,福岡県,福岡市博多区博多駅前4-6-13,092-409-4892,092-401-1057,博多駅から徒歩で約１０分,無し,博多,https://img.travel.rakuten.co.jp/share/HOTEL/197238/197238.jpg,https://img.travel.rakuten.co.jp/HIMG/90/197238.jpg,,,https://img.travel.rakuten.co.jp/share/HOTEL/197238/197238map.gif,8.0,4.5,,ahito,コンフォートA,6294345.0,【素泊まり】スタンダードプラン「迷ったらコレ！」,1,0,0,0,0,2,https://img.travel.rakuten.co.jp/image/tr/api/re/IdsCY/?f_no=197238&f_syu=ahito&f_hi1=2026-05-19&f_hi2=2026-05-20&f_heya_su=1&f_otona_su=1&f_s1=0&f_s2=0&f_y1=0&f_y2=0&f_y3=0&f_y4=0&f_camp_id=6294345,0,2026-05-19,34002,34002,0,2026-05-19,fukuoka
161262,ＫＯＫＯ　ＨＯＴＥＬ　博多新幹線口　（旧：ホテルウィングインターナショナル博多新幹線口）,https://img.travel.rakuten.co.jp/image/tr/api/re/pvonD/?f_no=161262,https://img.travel.rakuten.co.jp/image/tr/api/re/vFumt/?f_no=161262&f_flg=PLAN,https://img.travel.rakuten.co.jp/image/tr/api/re/WzozX/?noTomariHotel=161262,https://img.travel.rakuten.co.jp/image/tr/api/re/gJNfM/?f_hotel_no=161262,ここほてる　はかたしんかんせんぐち（きゅうほてるうぃんぐいんたーなしょなるはかたしんかんせんぐち）,コーヒーサービス刷新！美味しいトラジャブレンドをご堪能下さい。無料軽朝食＆大浴場完備で快適ステイ♪,4230,120912.39,469536.44,812-0013,福岡県,福岡市博多区博多駅東1-17-17,0924310111,0924310115,JR博多駅より徒歩4分。地下鉄空港線博多駅 東6出口より徒歩2分。都市高速博多駅東ICまで1分！,提携駐車場有　里馨(リカ)パーキング(24時間1500円の駐車券をフロント販売、当館から徒歩3分）,博多,https://img.travel.rakuten.co.jp/share/HOTEL/161262/161262.jpg,https://img.travel.rakuten.co.jp/HIMG/90/161262.jpg,https://img.travel.rakuten.co.jp/share/HOTEL/161262/161262_kan1.jpg,https://img.travel.rakuten.co.jp/HIMG/INTERIOR/161262.jpg,https://img.travel.rakuten.co.jp/share/HOTEL/161262/161262map.gif,322.0,4.09,"クチコミの詳細はこちらから　https://review.travel.rakuten.co.jp/h…　2026-03-29 13:48:26投稿 <a href=""https://img.travel.rakuten.co.jp/image/tr/api/re/gJNfM/?f_hotel_no=161262"" class=""3click"">つづきはこちら</a>",single,【全室禁煙】シングルルーム（１２平米、ベッド幅１４０ｃｍ）,5795805.0,【タイムセール】博多のご旅行にぜひ！JR博多駅（筑紫口）より徒歩4分／大浴場・無料軽朝食あり,1,0,0,0,0,1,https://img.travel.rakuten.co.jp/image/tr/api/re/IdsCY/?f_no=161262&f_syu=single&f_hi1=2026-05-19&f_hi2=2026-05-20&f_heya_su=1&f_otona_su=1&f_s1=0&f_s2=0&f_y1=0&f_y2=0&f_y3=0&f_y4=0&f_camp_id=5795805,0,2026-05-19,18000,18000,0,2026-05-19,fukuoka
177556,ＣＲＹＳＴＡＬ＆ＲＥＳＯＲＴ　ＦＵＫＵＯＫＡ,https://img.travel.rakuten.co.jp/image/tr/api/re/pvonD/?f_no=177556,https://img.travel.rakuten.co.jp/image/tr/api/re/vFumt/?f_no=177556&f_flg=PLAN,https://img.travel.rakuten.co.jp/image/tr/api/re/WzozX/?noTomariHotel=177556,https://img.travel.rakuten.co.jp/image/tr/api/re/gJNfM/?f_hotel_no=177556,くりすたるあんどりぞーと　ふくおか,非日常を味わえるお部屋と暮らすように滞在できるお部屋！屋上が素敵！２４時間スーパー・コンビニ・ドラッグストア徒歩１～３分,5800,121104.71,469565.06,813-0043,福岡県,福岡市東区名島3-2-24,092-662-8222,092-662-8233,西鉄貝塚線　名島駅より徒歩にて約２分。都市高速名島出口から車で８分。博多駅から車で１５～２０分　千早駅から徒歩圏内,先着順３台 600円/泊 ご希望の方はお電話にてご連絡ください。　※ハイシーズンは価格が異なります,名島,https://img.travel.rakuten.co.jp/share/HOTEL/177556/177556.jpg,https://img.travel.rakuten.co.jp/HIMG/90/177556.jpg,,,https://img.travel.rakuten.co.jp/share/HOTEL/177556/177556map.gif,75.0,4.38,"クチコミの詳細はこちらから　https://review.travel.rakuten.co.jp/hotel/voice/177556?re…　2025-12-26 11:33:45投稿 <a href=""https://img.travel.rakuten.co.jp/image/tr/api/re/gJNfM/?f_hotel_no=177556"" class=""3click"">つづきはこちら</a>",1007,Pti Princess 2,,,1,0,0,0,0,2,https://img.travel.rakuten.co.jp/image/tr/api/re/IdsCY/?f_no=177556&f_syu=1007&f_hi1=2026-05-19&f_hi2=2026-05-20&f_heya_su=1&f_otona_su=1&f_s1=0&f_s2=0&f_y1=0&f_y2=0&f_y3=0&f_y4=0,1,2026-05-19,6800,6800,0,2026-05-19,fukuoka
177892,ＡＯ太宰府,https://img.travel.rakuten.co.jp/image/tr/api/re/pvonD/?f_no=177892,https://img.travel.rakuten.co.jp/image/tr/api/re/vFumt/?f_no=177892&f_flg=PLAN,https://img.travel.rakuten.co.jp/image/tr/api/re/WzozX/?noTomariHotel=177892,https://img.travel.rakuten.co.jp/image/tr/api/re/gJNfM/?f_hotel_no=177892,あおだざいふ,不動産会社併設の宿泊施設、西鉄二日市駅徒歩3分の便利な立地です。,3000,120598.18,469881.71,818-0056,福岡県,筑紫野市二日市北2-4-6,092-925-8801,092-928-6852,西鉄二日市駅 徒歩3分,有り　１台６００円（税込／泊）先着順です。※ご予約時に「駐車場を利用します」とご記入下さい。,西鉄二日市,https://img.travel.rakuten.co.jp/share/HOTEL/177892/177892.jpg,https://img.travel.rakuten.co.jp/HIMG/90/177892.jpg,https://img.travel.rakuten.co.jp/share/HOTEL/177892/177892_kan1.jpg,https://img.travel.rakuten.co.jp/HIMG/INTERIOR/177892.jpg,https://img.travel.rakuten.co.jp/share/HOTEL/177892/177892map.gif,37.0,4.47,"クチコミの詳細はこちらから　https://review.travel.rakuten.co.jp/hotel/voice/177892?reviewId=3312347726…　2026-03-30 01:01:51投稿 <a href=""https://img.travel.rakuten.co.jp/image/tr/api/re/gJNfM/?f_hotel_no=177892"" class=""3click"">つづきはこちら</a>",annex303-2,【別館３０３】１〜３名可２２平米シングル３台ワンルーム,4755878.0,【１DAY・１泊プラン】テレワークや観光にオススメ！レジャーから仕事まで幅広くご利用できます♪,1,0,0,0,0,2,https://img.travel.rakuten.co.jp/image/tr/api/re/IdsCY/?f_no=177892&f_syu=annex303-2&f_hi1=2026-05-19&f_hi2=2026-05-20&f_heya_su=1&f_otona_su=1&f_s1=0&f_s2=0&f_y1=0&f_y2=0&f_y3=0&f_y4=0&f_camp_id=4755878,0,2026-05-19,7500,7500,0,2026-05-19,fukuoka
188823,ＡＬＦＡＣＩＯ　ＲＩＶＥＲＳＩＤＥ　ＳＴＡＹ　ＨＡＫＡＴＡ,https://img.travel.rakuten.co.jp/image/tr/api/re/pvonD/?f_no=188823,https://img.travel.rakuten.co.jp/image/tr/api/re/vFumt/?f_no=188823&f_flg=PLAN,,https://img.travel.rakuten.co.jp/image/tr/api/re/gJNfM/?f_hotel_no=188823,あるふぁしお　りばーさいど　すてい　はかた,天神・博多へ好アクセス！リバービューの広々客室,2902,120899.15,469484.56,812-0018,福岡県,福岡市博多区住吉2-21-15,092-409-4892,,博多駅から徒歩約１４分,無し,博多,https://img.travel.rakuten.co.jp/share/HOTEL/188823/188823.jpg,https://img.travel.rakuten.co.jp/HIMG/90/188823.jpg,,,https://img.travel.rakuten.co.jp/share/HOTEL/188823/188823map.gif,9.0,4.2,,ahito,ファミリールームA,6325485.0,【素泊まり】スタンダードプラン「迷ったらコレ！」,1,0,0,0,0,2,https://img.travel.rakuten.co.jp/image/tr/api/re/IdsCY/?f_no=188823&f_syu=ahito&f_hi1=2026-05-19&f_hi2=2026-05-20&f_heya_su=1&f_otona_su=1&f_s1=0&f_s2=0&f_y1=0&f_y2=0&f_y3=0&f_y4=0&f_camp_id=6325485,0,2026-05-19,38001,38001,0,2026-05-19,fukuoka
56976,休暇村　志賀島,https://img.travel.rakuten.co.jp/image/tr/api/re/pvonD/?f_no=56976,https://img.travel.rakuten.co.jp/image/tr/api/re/vFumt/?f_no=56976&f_flg=PLAN,https://img.travel.rakuten.co.jp/image/tr/api/re/WzozX/?noTomariHotel=56976,https://img.travel.rakuten.co.jp/image/tr/api/re/gJNfM/?f_hotel_no=56976,きゅうかむら　しかのしま,玄界灘のビーチサイドリゾート　海が見える露天風呂で温泉を満喫　リニューアルした玄界灘海鮮ビュッフェ,11000,121248.02,469053.63,811-0325,福岡県,福岡市東区勝馬1803-1,092-603-6631,092-603-6634,ＪＲ　西戸崎駅より西鉄バスにて約２０分、休暇村志賀島バス停にて下車すぐ（玄関前に到着）,有り　１５０台　無料　予約不要,西戸崎,https://img.travel.rakuten.co.jp/share/HOTEL/56976/56976.jpg,https://img.travel.rakuten.co.jp/HIMG/90/56976.jpg,https://img.travel.rakuten.co.jp/share/HOTEL/56976/56976_kya.jpg,https://img.travel.rakuten.co.jp/HIMG/INTERIOR/56976.jpg,https://img.travel.rakuten.co.jp/share/HOTEL/56976/56976map.gif,426.0,4.32,クチコミの詳細はこちらから　https://review.travel.rakuten.co.jp/hotel/voice/56976?reviewId=33123477576020　2026-05-08 19:22:27投稿,wa1haku,海の見える和室【禁煙】,6402007.0,【ネット特定日限定】お手軽素泊まり宿泊プラン（1日5部屋）,1,0,0,0,0,1,https://img.travel.rakuten.co.jp/image/tr/api/re/IdsCY/?f_no=56976&f_syu=wa1haku&f_hi1=2026-05-19&f_hi2=2026-05-20&f_heya_su=1&f_otona_su=1&f_s1=0&f_s2=0&f_y1=0&f_y2=0&f_y3=0&f_y4=0&f_camp_id=6402007,0,2026-05-19,16000,16000,0,2026-05-19,fukuoka
179849,Ｆｕｋｕｏｋａ　Ｇｕｅｓｔｈｏｕｓｅ　ＳＨＩＰ,https://img.travel.rakuten.co.jp/image/tr/api/re/pvonD/?f_no=179849,https://img.travel.rakuten.co.jp/image/tr/api/re/vFumt/?f_no=179849&f_flg=PLAN,,https://img.travel.rakuten.co.jp/image/tr/api/re/gJNfM/?f_hotel_no=179849,ふくおか　げすとはうす　しっぷ,ここで出会った仲間という風と旅や日常の波を超えていく,2720,120959.76,469471.41,812-0033,福岡県,福岡市博多区大博町8-26,092-402-1908,092-402-1908,呉服町駅より徒歩にて約１０分　マリンメッセ、国際会議場まで徒歩５分,近隣に格安コインパーキング（例：夜20時から朝8時200円）多数ございます。,呉服町（福岡）,https://img.travel.rakuten.co.jp/share/HOTEL/179849/179849.jpg,https://img.travel.rakuten.co.jp/HIMG/90/179849.jpg,,,https://img.travel.rakuten.co.jp/share/HOTEL/179849/179849map.gif,35.0,3.4,,mix02,女性専用ドミトリー,4738488.0,【学生限定！】学生旅行がお得♪ ※地下鉄呉服町駅より徒歩10分,1,0,0,0,0,1,https://img.travel.rakuten.co.jp/image/tr/api/re/IdsCY/?f_no=179849&f_syu=mix02&f_hi1=2026-05-19&f_hi2=2026-05-20&f_heya_su=1&f_otona_su=1&f_s1=0&f_s2=0&f_y1=0&f_y2=0&f_y3=0&f_y4=0&f_camp_id=4738488,0,2026-05-19,3420,3420,0,2026-05-19,fukuoka
168722,オリエンタルホテル福岡　博多ステーション,https://img.travel.rakuten.co.jp/image/tr/api/re/pvonD/?f_no=168722,https://img.travel.rakuten.co.jp/image/tr/api/re/vFumt/?f_no=168722&f_flg=PLAN,https://img.travel.rakuten.co.jp/image/tr/api/re/WzozX/?noTomariHotel=168722,https://img.travel.rakuten.co.jp/image/tr/api/re/gJNfM/?f_hotel_no=168722,おりえんたるほてるふくおか　はかたすてーしょん,【JR博多駅隣接＆地下鉄博多駅直結】朝食レストランがグランドオープン☆ホテルこだわりの朝食ブッフェをお愉しみください！,14247,120914.18,469527.51,812-0012,福岡県,福岡市博多区博多駅中央街4-23,092-461-0170,092-461-0171,JR「博多駅」筑紫口から徒歩1分。福岡空港から地下鉄空港線で所要時間5分＆地下鉄「博多駅」直結,"Dパーキング(ホテル1F)/オオイパーキング博多駅東(竹下通り向かい):24H2,000円※予約不可",博多,https://img.travel.rakuten.co.jp/share/HOTEL/168722/168722.jpg,https://img.travel.rakuten.co.jp/HIMG/90/168722.jpg,,,https://img.travel.rakuten.co.jp/share/HOTEL/168722/168722map.gif,444.0,3.95,"初めて利用しました。博多駅から近いので利用したかったホテルですが高いので敬遠していました。朝食が美味しそうなので利用してみました。朝食は種類が多くどれも美味しくて大変…　2026-04-24 11:32:30投稿 <a href=""https://img.travel.rakuten.co.jp/image/tr/api/re/gJNfM/?f_hotel_no=168722"" class=""3click"">つづきはこちら</a>",sttb,■モデレートツイン 21平米（禁煙・独立洗面化粧台）,4338086.0,【フレキシブルレート】家族旅行にもおすすめ☆博多駅直結＆宿泊者限定ジムなど完備（お部屋のみ）,1,0,0,0,0,1,https://img.travel.rakuten.co.jp/image/tr/api/re/IdsCY/?f_no=168722&f_syu=sttb&f_hi1=2026-05-19&f_hi2=2026-05-20&f_heya_su=1&f_otona_su=1&f_s1=0&f_s2=0&f_y1=0&f_y2=0&f_y3=0&f_y4=0&f_camp_id=4338086,0,2026-05-19,38800,38800,0,2026-05-19,fukuoka
172418,Ｃｌｏｕｄ　Ｓｈａｒｉｎｇ　Ｈｏｔｅｌ　＠ＨＡＫＡＴＡ　１,https://img.travel.rakuten.co.jp/image/tr/api/re/pvonD/?f_no=172418,https://img.travel.rakuten.co.jp/image/tr/api/re/vFumt/?f_no=172418&f_flg=PLAN,,https://img.travel.rakuten.co.jp/image/tr/api/re/gJNfM/?f_hotel_no=172418,くらうどしぇありんぐほてる　あっと　はかた　わん,博多駅徒歩１2分地下鉄七隈線櫛田神社前駅徒歩4分☆キャナルシティ３分☆ゲストハウス☆便利でリーズナブルな宿です！,3200,120902.16,469491.51,812-0018,福岡県,福岡市博多区住吉2-14-1　エトランゼ博多3階,090-3663-2473,000-000-0000,ＪＲ博多駅より徒歩12分 地下鉄七隈線櫛田神社前駅徒歩4分,無し,博多,https://img.travel.rakuten.co.jp/share/HOTEL/172418/172418.jpg,https://img.travel.rakuten.co.jp/HIMG/90/172418.jpg,https://img.travel.rakuten.co.jp/share/HOTEL/172418/172418_kan1.jpg,https://img.travel.rakuten.co.jp/HIMG/INTERIOR/172418.jpg,https://img.travel.rakuten.co.jp/share/HOTEL/172418/172418map.gif,32.0,3.33,"福岡国際空港から旅行に行くための前泊に利用しました。スタッフさん情報で近くのお一人様でもOKな、もつ鍋を食べに出かけたり、明太子フライパンを購入したり博多…　2026-04-10 08:54:08投稿 <a href=""https://img.travel.rakuten.co.jp/image/tr/api/re/gJNfM/?f_hotel_no=172418"" class=""3click"">つづきはこちら</a>",172418,女性専用ドミトリー2階,,,5,0,0,0,0,2,https://img.travel.rakuten.co.jp/image/tr/api/re/IdsCY/?f_no=172418&f_syu=172418&f_hi1=2026-05-19&f_hi2=2026-05-20&f_heya_su=1&f_otona_su=1&f_s1=0&f_s2=0&f_y1=0&f_y2=0&f_y3=0&f_y4=0,1,2026-05-19,3200,3200,0,2026-05-19,fukuoka
172693,ＴＲＩＰ　ＰＯＤ　ＹＯＳＨＩＺＵＫＡ　Ｂ,https://img.travel.rakuten.co.jp/image/tr/api/re/pvonD/?f_no=172693,https://img.travel.rakuten.co.jp/image/tr/api/re/vFumt/?f_no=172693&f_flg=PLAN,https://img.travel.rakuten.co.jp/image/tr/api/re/WzozX/?noTomariHotel=172693,https://img.travel.rakuten.co.jp/image/tr/api/re/gJNfM/?f_hotel_no=172693,とりっぷ ぽっど よしずか びー,当ホテルは無人運営のため施設にスタッフはおりません。専用のタブレット端末からオンラインレセプションをご利用いただけます。,2160,120956.57,469533.98,812-0041,福岡県,福岡市博多区吉塚1-20-24,03-4531-9681,00-0000-0000,鹿児島本線　吉塚駅より徒歩にて約１０分,無し,吉塚,https://img.travel.rakuten.co.jp/share/HOTEL/172693/172693.jpg,https://img.travel.rakuten.co.jp/HIMG/90/172693.jpg,,,https://img.travel.rakuten.co.jp/share/HOTEL/172693/172693map.gif,33.0,3.35,"最大5人まで泊まれそうなのかな?だとするとロフト3人でソファをソファベッ…　2026-04-29 13:58:42投稿 <a href=""https://img.travel.rakuten.co.jp/image/tr/api/re/gJNfM/?f_hotel_no=172693"" class=""3click"">つづきはこちら</a>",4p,スタンダードルーム【禁煙】（連泊清掃なし）,5372034.0,【10％OFF 口コミプラン】非対面CIで密回避！,1,0,0,0,0,2,https://img.travel.rakuten.co.jp/image/tr/api/re/IdsCY/?f_no=172693&f_syu=4p&f_hi1=2026-05-19&f_hi2=2026-05-20&f_heya_su=1&f_otona_su=1&f_s1=0&f_s2=0&f_y1=0&f_y2=0&f_y3=0&f_y4=0&f_camp_id=5372034,0,2026-05-19,8500,8500,0,2026-05-19,fukuoka
172428,ホテル　東興　博多・祇園,https://img.travel.rakuten.co.jp/image/tr/api/re/pvonD/?f_no=172428,https://img.travel.rakuten.co.jp/image/tr/api/re/vFumt/?f_no=172428&f_flg=PLAN,https://img.travel.rakuten.co.jp/image/tr/api/re/WzozX/?noTomariHotel=172428,https://img.travel.rakuten.co.jp/image/tr/api/re/gJNfM/?f_hotel_no=172428,とうこう　はかた　ぎおん,２０１９年４月末　地下鉄祇園駅近くにホテル東興　博多・祇園 オープン。,2625,120941.04,469494.73,812-0036,福岡県,福岡市博多区上呉服町6-29,0345319681,05035884687,地下鉄空港線　祇園駅より徒歩８分／地下鉄箱崎線　呉服町駅より徒歩にて約４分／福岡空港よりお車にて約１５分,無し,祇園（福岡）,https://img.travel.rakuten.co.jp/share/HOTEL/172428/172428.jpg,https://img.travel.rakuten.co.jp/HIMG/90/172428.jpg,https://img.travel.rakuten.co.jp/share/HOTEL/172428/172428_kan1.jpg,https://img.travel.rakuten.co.jp/HIMG/INTERIOR/172428.jpg,https://img.travel.rakuten.co.jp/share/HOTEL/172428/172428map.gif,64.0,3.33,"空気清浄機やエアコンのフィルターが一度も掃除してないんじゃないか?ってくらい目詰まりしてて、折りたたみのベッドのマットレスにはカビが生えていて衛生的によろし…　2026-05-08 12:03:11投稿 <a href=""https://img.travel.rakuten.co.jp/image/tr/api/re/gJNfM/?f_hotel_no=172428"" class=""3click"">つづきはこちら</a>",0008,ロフト付き 和モダンルーム（203）（連泊清掃なし）,5052782.0,【35％OFF 口コミプラン】チェックイン29時までOK♪Wi-Fi完備♪キッチン付きのお部屋あり,1,0,0,0,0,2,https://img.travel.rakuten.co.jp/image/tr/api/re/IdsCY/?f_no=172428&f_syu=0008&f_hi1=2026-05-19&f_hi2=2026-05-20&f_heya_su=1&f_otona_su=1&f_s1=0&f_s2=0&f_y1=0&f_y2=0&f_y3=0&f_y4=0&f_camp_id=5052782,0,2026-05-19,8500,8500,0,2026-05-19,fukuoka
168678,ＴＲＩＰ　ＰＯＤ　ＳＵＭＩＹＯＳＨＩ　Ａ,https://img.travel.rakuten.co.jp/image/tr/api/re/pvonD/?f_no=168678,https://img.travel.rakuten.co.jp/image/tr/api/re/vFumt/?f_no=168678&f_flg=PLAN,https://img.travel.rakuten.co.jp/image/tr/api/re/WzozX/?noTomariHotel=168678,https://img.travel.rakuten.co.jp/image/tr/api/re/gJNfM/?f_hotel_no=168678,とりっぷ　ぽっど　すみよし　えー,当ホテルは無人運営のため施設にスタッフはおりません。専用のタブレット端末からオンラインレセプションをご利用いただけます。,2420,120892.92,469503.94,812-0018,福岡県,福岡市博多区住吉4-2-23,03-4531-9681,00-0000-0000,博多駅より徒歩にて約１０分,無し,博多,https://img.travel.rakuten.co.jp/share/HOTEL/168678/168678.jpg,https://img.travel.rakuten.co.jp/HIMG/90/168678.jpg,,,https://img.travel.rakuten.co.jp/share/HOTEL/168678/168678map.gif,45.0,4.06,"無人のチェックインなので不安でしたが簡単に手続きでき…　2026-04-26 07:08:30投稿 <a href=""https://img.travel.rakuten.co.jp/image/tr/api/re/gJNfM/?f_hotel_no=168678"" class=""3click"">つづきはこちら</a>",0010,5名宿泊可！スタンダード☆キッチン／ロフト付（連泊清掃なし,5378236.0,【１０％OFF口コミプラン】非対面チェックインで密回避！,1,0,0,0,0,2,https://img.travel.rakuten.co.jp/image/tr/api/re/IdsCY/?f_no=168678&f_syu=0010&f_hi1=2026-05-19&f_hi2=2026-05-20&f_heya_su=1&f_otona_su=1&f_s1=0&f_s2=0&f_y1=0&f_y2=0&f_y3=0&f_y4=0&f_camp_id=5378236,0,2026-05-19,10000,10000,0,2026-05-19,fukuoka
172700,ＥＩＷＡ　ＰＬＡＣＥ　ＨＯＴＥＬ　ＨＡＫＡＴＡ,https://img.travel.rakuten.co.jp/image/tr/api/re/pvonD/?f_no=172700,https://img.travel.rakuten.co.jp/image/tr/api/re/vFumt/?f_no=172700&f_flg=PLAN,https://img.travel.rakuten.co.jp/image/tr/api/re/WzozX/?noTomariHotel=172700,https://img.travel.rakuten.co.jp/image/tr/api/re/gJNfM/?f_hotel_no=172700,えいわ　ぷれいす　ほてる　はかた,全ての客室にＷｉＦｉ、テレビ、冷蔵庫が完備された快適なホテルです。マリンメッセ福岡・サンパレス福岡でのコンサートに最適！,1798,120961.07,469473.07,812-0033,福岡県,福岡市博多区大博町11-10,092-409-4892, ,呉服町駅より徒歩にて約１１分,専用駐車場・提携駐車場はございません。 公式サイトから、近隣のコインパーキングをご確認下さい。,呉服町（福岡）,https://img.travel.rakuten.co.jp/share/HOTEL/172700/172700.jpg,https://img.travel.rakuten.co.jp/HIMG/90/172700.jpg,https://img.travel.rakuten.co.jp/share/HOTEL/172700/172700_kan1.jpg,https://img.travel.rakuten.co.jp/HIMG/INTERIOR/172700.jpg,https://img.travel.rakuten.co.jp/share/HOTEL/172700/172700map.gif,55.0,3.53,"お風呂はユニットでした。部屋の照明は三ヶ所のみ。各スイッチの場所がわかりにくかったです。何か作業をするときは暗く感じると思います。部屋も広くはありませんので、寝る…　2026-04-21 18:49:56投稿 <a href=""https://img.travel.rakuten.co.jp/image/tr/api/re/gJNfM/?f_hotel_no=172700"" class=""3click"">つづきはこちら</a>",001,スーペリアダブルB,5665570.0,【素泊まり】スタンダードプラン「迷ったらコレ！」,1,0,0,0,0,2,https://img.travel.rakuten.co.jp/image/tr/api/re/IdsCY/?f_no=172700&f_syu=001&f_hi1=2026-05-19&f_hi2=2026-05-20&f_heya_su=1&f_otona_su=1&f_s1=0&f_s2=0&f_y1=0&f_y2=0&f_y3=0&f_y4=0&f_camp_id=5665570,0,2026-05-19,12800,12800,0,2026-05-19,fukuoka
183416,ＨＯＴＥＬ　ＯＲＩＧＯ　ＨＡＫＡＴＡ　－　Ｇｉｏｎ　－,https://img.travel.rakuten.co.jp/image/tr/api/re/pvonD/?f_no=183416,https://img.travel.rakuten.co.jp/image/tr/api/re/vFumt/?f_no=183416&f_flg=PLAN,https://img.travel.rakuten.co.jp/image/tr/api/re/WzozX/?noTomariHotel=183416,https://img.travel.rakuten.co.jp/image/tr/api/re/gJNfM/?f_hotel_no=183416,ほてる　おりご　はかた　ぎおん,2021年夏オープン！一人旅・出張利用から最大6名様のグループ旅行・女子会などに！,4350,120922.64,469498.84,812-0038,福岡県,福岡市博多区祇園町2-31　フィルパーク博多祇園2F,050-1754-1110,,博多駅博多口より徒歩８分・祇園駅５番出口より徒歩２分・櫛田神社駅4番出口より徒歩5分,提携の駐車場はございませんが近隣に複数コインパーキングがございます。,祇園（福岡）,https://img.travel.rakuten.co.jp/share/HOTEL/183416/183416.jpg,https://img.travel.rakuten.co.jp/HIMG/90/183416.jpg,,,https://img.travel.rakuten.co.jp/share/HOTEL/183416/183416map.gif,38.0,4.1,,gion008,エコノミーダブルルーム,5417010.0,【セールプラン】お得に泊まろう！素泊まり,1,0,0,0,0,2,https://img.travel.rakuten.co.jp/image/tr/api/re/IdsCY/?f_no=183416&f_syu=gion008&f_hi1=2026-05-19&f_hi2=2026-05-20&f_heya_su=1&f_otona_su=1&f_s1=0&f_s2=0&f_y1=0&f_y2=0&f_y3=0&f_y4=0&f_camp_id=5417010,0,2026-05-19,13200,13200,0,2026-05-19,fukuoka
178983,グランドベース博多ベイ,https://img.travel.rakuten.co.jp/image/tr/api/re/pvonD/?f_no=178983,https://img.travel.rakuten.co.jp/image/tr/api/re/vFumt/?f_no=178983&f_flg=PLAN,https://img.travel.rakuten.co.jp/image/tr/api/re/WzozX/?noTomariHotel=178983,https://img.travel.rakuten.co.jp/image/tr/api/re/gJNfM/?f_hotel_no=178983,ぐらんどべーすはかたべい,＜広い客室・キーレス＞マリンメッセ6分、呉服町駅も歩いて9分！ベイエリアのアクセス◎,2450,120958.38,469473.78,812-0033,福岡県,福岡市博多区大博町7-24,050-1794-3457,092-292-3314,都市高速「呉服町IC」よりすぐ。博多駅からはバスで10分の「神屋町」で下車後徒歩5分、マリンメッセからは徒歩7分！,敷地内に無料駐車場はございませんが、近隣にコインパーキングがございます。,福岡空港,https://img.travel.rakuten.co.jp/share/HOTEL/178983/178983.jpg,https://img.travel.rakuten.co.jp/HIMG/90/178983.jpg,https://img.travel.rakuten.co.jp/share/HOTEL/178983/178983_kan1.jpg,https://img.travel.rakuten.co.jp/HIMG/INTERIOR/178983.jpg,https://img.travel.rakuten.co.jp/share/HOTEL/178983/178983map.gif,32.0,3.9,"連絡が来ないと焦り…　2026-03-15 16:45:48投稿 <a href=""https://img.travel.rakuten.co.jp/image/tr/api/re/gJNfM/?f_hotel_no=178983"" class=""3click"">つづきはこちら</a>",a-type, シアターツインルーム A 1~4名,6109187.0,【返金不可】ご予定が確定している方はこちらがオススメ!!,1,0,0,0,0,2,https://img.travel.rakuten.co.jp/image/tr/api/re/IdsCY/?f_no=178983&f_syu=a-type&f_hi1=2026-05-19&f_hi2=2026-05-20&f_heya_su=1&f_otona_su=1&f_s1=0&f_s2=0&f_y1=0&f_y2=0&f_y3=0&f_y4=0&f_camp_id=6109187,0,2026-05-19,11700,11700,0,2026-05-19,fukuoka
198581,ホテルリファレンス東公園２コンドミニアム,https://img.travel.rakuten.co.jp/image/tr/api/re/pvonD/?f_no=198581,https://img.travel.rakuten.co.jp/image/tr/api/re/vFumt/?f_no=198581&f_flg=PLAN,,https://img.travel.rakuten.co.jp/image/tr/api/re/gJNfM/?f_hotel_no=198581,ほてるりふぁれんすひがしこうえんつーこんどみにあむ,地下鉄箱崎線千代県庁口駅2番出口より徒歩2分　天神駅から千代県庁口駅は4分 家具家電が一通り揃ったアパートメントホテル,6050,120956.04,469494.13,812-0044,福岡県,福岡市博多区千代3-4-10,092-402-7420,--,地下鉄箱崎線千代県庁口駅2番出口より徒歩2分,なし,千代県庁口,https://img.travel.rakuten.co.jp/share/HOTEL/198581/198581.jpg,https://img.travel.rakuten.co.jp/HIMG/90/198581.jpg,,,https://img.travel.rakuten.co.jp/share/HOTEL/198581/198581map.gif,1.0,,,hk201,【禁煙】シングルベッド2台のツインルーム【1Kスタイル】,6431549.0,【アパートメントホテル】地下鉄千代県庁口駅より徒歩4分　天神・中州へアクセス良好【素泊まり】,1,0,0,0,0,2,https://img.travel.rakuten.co.jp/image/tr/api/re/IdsCY/?f_no=198581&f_syu=hk201&f_hi1=2026-05-19&f_hi2=2026-05-20&f_heya_su=1&f_otona_su=1&f_s1=0&f_s2=0&f_y1=0&f_y2=0&f_y3=0&f_y4=0&f_camp_id=6431549,0,2026-05-19,9900,9900,0,2026-05-19,fukuoka
195905,Ｆｕｋｕｏｋａ　Ｇｕｅｓｔｈｏｕｓｅ　ＣＡＭＰ,https://img.travel.rakuten.co.jp/image/tr/api/re/pvonD/?f_no=195905,https://img.travel.rakuten.co.jp/image/tr/api/re/vFumt/?f_no=195905&f_flg=PLAN,,https://img.travel.rakuten.co.jp/image/tr/api/re/gJNfM/?f_hotel_no=195905,フクオカゲストハウス　キャンプ,深呼吸と遊びごころ　明かりの種を持ち寄る　僕らの隠れ家,2888,120957.08,469466.22,812-0033,福岡県,福岡市博多区大博町4-5,092-235-1565,092-235-1565,地下鉄呉服町駅より徒歩約１０分、マリンメッセ、国際会議場まで徒歩５分,近隣に格安コインパーキング（例：夜20時から朝8時200円）多数ございます。,呉服町（福岡）,https://img.travel.rakuten.co.jp/share/HOTEL/195905/195905.jpg,https://img.travel.rakuten.co.jp/HIMG/90/195905.jpg,,,https://img.travel.rakuten.co.jp/share/HOTEL/195905/195905map.gif,3.0,,,mixdomi,男女混合ドミトリー ,6163205.0,【学生限定】学生旅お得に泊まろう!※地下鉄呉服町駅より徒歩１０分♪・マリンメッセまで徒歩５分♪,1,0,0,0,0,1,https://img.travel.rakuten.co.jp/image/tr/api/re/IdsCY/?f_no=195905&f_syu=mixdomi&f_hi1=2026-05-19&f_hi2=2026-05-20&f_heya_su=1&f_otona_su=1&f_s1=0&f_s2=0&f_y1=0&f_y2=0&f_y3=0&f_y4=0&f_camp_id=6163205,0,2026-05-19,3420,3420,0,2026-05-19,fukuoka
199022,Ｈｏｔｅｌ　Ａｒｉｎａ　ＨａｋａｔａＴａｉｈａｋｕ,https://img.travel.rakuten.co.jp/image/tr/api/re/pvonD/?f_no=199022,https://img.travel.rakuten.co.jp/image/tr/api/re/vFumt/?f_no=199022&f_flg=PLAN,,https://img.travel.rakuten.co.jp/image/tr/api/re/gJNfM/?f_hotel_no=199022,ほてる　ありな　はかたたいはく,充実したアメニティと高い快適性。好立地、博多・天神まで博多旧市街を徒歩観光ができます。,9600,120958.5,469467.69,812-0033,福岡県,福岡市博多区大博町6-6,092-441-6110,092-441-6111,呉服町駅より徒歩9分　車より2分,なし,呉服町（福岡）,https://img.travel.rakuten.co.jp/share/HOTEL/199022/199022.jpg,https://img.travel.rakuten.co.jp/HIMG/90/199022.jpg,,,https://img.travel.rakuten.co.jp/share/HOTEL/199022/199022map.gif,1.0,,,twin1,【禁煙】エコノミーツイン（1名〜3名利用）,6455342.0,【素泊まり_★返金不可★】シンプルステイプラン♪,1,0,0,0,0,2,https://img.travel.rakuten.co.jp/image/tr/api/re/IdsCY/?f_no=199022&f_syu=twin1&f_hi1=2026-05-19&f_hi2=2026-05-20&f_heya_su=1&f_otona_su=1&f_s1=0&f_s2=0&f_y1=0&f_y2=0&f_y3=0&f_y4=0&f_camp_id=6455342,0,2026-05-19,9600,9600,1,2026-05-19,fukuoka
181272,グランドベース博多門,https://img.travel.rakuten.co.jp/image/tr/api/re/pvonD/?f_no=181272,https://img.travel.rakuten.co.jp/image/tr/api/re/vFumt/?f_no=181272&f_flg=PLAN,https://img.travel.rakuten.co.jp/image/tr/api/re/WzozX/?noTomariHotel=181272,https://img.travel.rakuten.co.jp/image/tr/api/re/gJNfM/?f_hotel_no=181272,ぐらんどべーすはかたもん,【無人フロントホテル】ホテルの中にはいくつもの和が散りばめられ、竹格子、和紙、日本ならではの繊細な技の数々,1921,120943.84,469459.94,812-0029,福岡県,福岡市博多区古門戸町10-12,092-409-4892,,中洲川端駅 7番出口から徒歩9分、バスは「蔵本」で下車後徒歩6分、マリンメッセから徒歩14分,専用駐車場・提携駐車場はございません。 公式サイトから、近隣のコインパーキングをご確認下さい。,福岡空港,https://img.travel.rakuten.co.jp/share/HOTEL/181272/181272.jpg,https://img.travel.rakuten.co.jp/HIMG/90/181272.jpg,,,https://img.travel.rakuten.co.jp/share/HOTEL/181272/181272map.gif,17.0,4.11,,bhito,スーペリアB,4902942.0,【素泊まり】スタンダードプラン「迷ったらコレ！」,1,0,0,0,0,2,https://img.travel.rakuten.co.jp/image/tr/api/re/IdsCY/?f_no=181272&f_syu=bhito&f_hi1=2026-05-19&f_hi2=2026-05-20&f_heya_su=1&f_otona_su=1&f_s1=0&f_s2=0&f_y1=0&f_y2=0&f_y3=0&f_y4=0&f_camp_id=4902942,0,2026-05-19,33335,33335,0,2026-05-19,fukuoka
170210,Ｒａｋｕｔｅｎ　ＳＴＡＹ　博多祇園,https://img.travel.rakuten.co.jp/image/tr/api/re/pvonD/?f_no=170210,https://img.travel.rakuten.co.jp/image/tr/api/re/vFumt/?f_no=170210&f_flg=PLAN,https://img.travel.rakuten.co.jp/image/tr/api/re/WzozX/?noTomariHotel=170210,https://img.travel.rakuten.co.jp/image/tr/api/re/gJNfM/?f_hotel_no=170210,,呉服町駅から徒歩4分！非接触で安心！最大8名まで泊まれる和モダンルームでホテルとは違った滞在を。,3520,120943.55,469491.96,812-0036,福岡県,福岡市博多区上呉服町12-31,050-1750-9719,,福岡市地下鉄 箱崎線 呉服町駅 5番出口より 徒歩約4分 ／ 福岡市地下鉄 空港線 祇園駅 1番出口より 徒歩約9分,無し,東比恵,https://img.travel.rakuten.co.jp/share/HOTEL/170210/170210.jpg,https://img.travel.rakuten.co.jp/HIMG/90/170210.jpg,,,https://img.travel.rakuten.co.jp/share/HOTEL/170210/170210map.gif,112.0,4.38,,b-2,【302】楽天市場のHOTアイテムが試せるコラボルーム,5733860.0,【直前割り２０％オフ】神出鬼没の超お得プラン◎急なお出かけでも安心（キャンセル不可）,1,0,0,0,0,2,https://img.travel.rakuten.co.jp/image/tr/api/re/IdsCY/?f_no=170210&f_syu=b-2&f_hi1=2026-05-19&f_hi2=2026-05-20&f_heya_su=1&f_otona_su=1&f_s1=0&f_s2=0&f_y1=0&f_y2=0&f_y3=0&f_y4=0&f_camp_id=5733860,0,2026-05-19,19200,19200,0,2026-05-19,fukuoka
180068,Ｓｕｍｉｙｏｓｈｉ　ａｐａｒｔｍｅｎｔ,https://img.travel.rakuten.co.jp/image/tr/api/re/pvonD/?f_no=180068,https://img.travel.rakuten.co.jp/image/tr/api/re/vFumt/?f_no=180068&f_flg=PLAN,https://img.travel.rakuten.co.jp/image/tr/api/re/WzozX/?noTomariHotel=180068,https://img.travel.rakuten.co.jp/image/tr/api/re/gJNfM/?f_hotel_no=180068,すみよし　あぱーとめんと,固定Wi-Fi完備。キッチン用品やランドリー用品完備で、長期滞在のお客様にオススメです。,2666,120882.55,469507.07,812-0018,福岡県,福岡市博多区住吉5-7-11,092-753-6509,092-724-3609,博多駅より徒歩にて約１５分,無し,博多,https://img.travel.rakuten.co.jp/share/HOTEL/180068/180068.jpg,https://img.travel.rakuten.co.jp/HIMG/90/180068.jpg,https://img.travel.rakuten.co.jp/share/HOTEL/180068/180068_kan1.jpg,https://img.travel.rakuten.co.jp/HIMG/INTERIOR/180068.jpg,https://img.travel.rakuten.co.jp/share/HOTEL/180068/180068map.gif,59.0,3.52,"テレビの下の所に、前の宿泊者のローソンのお弁当のゴミが置いてあった。まじ…　2026-04-14 17:46:32投稿 <a href=""https://img.travel.rakuten.co.jp/image/tr/api/re/gJNfM/?f_hotel_no=180068"" class=""3click"">つづきはこちら</a>",deluxetwin,デラックスツイン☆,4780918.0,1泊プラン☆,1,0,0,0,0,2,https://img.travel.rakuten.co.jp/image/tr/api/re/IdsCY/?f_no=180068&f_syu=deluxetwin&f_hi1=2026-05-19&f_hi2=2026-05-20&f_heya_su=1&f_otona_su=1&f_s1=0&f_s2=0&f_y1=0&f_y2=0&f_y3=0&f_y4=0&f_camp_id=4780918,0,2026-05-19,8500,8500,0,2026-05-19,fukuoka
198566,Ｌｉｖｉｎｇ　ｌｉｋｅ　Ｈｏｔｅｌ　博多駅前,https://img.travel.rakuten.co.jp/image/tr/api/re/pvonD/?f_no=198566,https://img.travel.rakuten.co.jp/image/tr/api/re/vFumt/?f_no=198566&f_flg=PLAN,,https://img.travel.rakuten.co.jp/image/tr/api/re/gJNfM/?f_hotel_no=198566,りびんぐ らいく ほてる はかたえきまえ,☆2LDK☆広々とした自宅のような心地よさ！駅近でアクセス抜群です,3180,120885.22,469518.92,812-0011,福岡県,福岡市博多区博多駅前4-33-6,092-292-1015,011-531-4154,博多駅より徒歩15分,なし,博多,https://img.travel.rakuten.co.jp/share/HOTEL/198566/198566.jpg,https://img.travel.rakuten.co.jp/HIMG/90/198566.jpg,,,https://img.travel.rakuten.co.jp/share/HOTEL/198566/198566map.gif,,,,lhem-b,ファミリースイート,6458244.0,【返金不可】日程が決まった方はこちら！（2w）,1,0,0,0,0,2,https://img.travel.rakuten.co.jp/image/tr/api/re/IdsCY/?f_no=198566&f_syu=lhem-b&f_hi1=2026-05-19&f_hi2=2026-05-20&f_heya_su=1&f_otona_su=1&f_s1=0&f_s2=0&f_y1=0&f_y2=0&f_y3=0&f_y4=0&f_camp_id=6458244,0,2026-05-19,14840,14840,0,2026-05-19,fukuoka
172657,ＪＡＭ　ＨＯＳＴＥＬ博多駅前（ＪＡＭ　ＨＯＳＴＥＬ　Ｈａｋａｔａ　Ｓｔａｔｉｏｎ　Ｆｒｏｎｔ）,https://img.travel.rakuten.co.jp/image/tr/api/re/pvonD/?f_no=172657,https://img.travel.rakuten.co.jp/image/tr/api/re/vFumt/?f_no=172657&f_flg=PLAN,,https://img.travel.rakuten.co.jp/image/tr/api/re/gJNfM/?f_hotel_no=172657,じゃむほすてるはかたえきまえ（じゃむほすてるはかたすてーしょんふろんと）,博多駅より徒歩6分。博多駅から1番近いゲストハウスです(*^-^*) 珍しいモーニングチェックインOK♪,3240,120896.08,469519.11,812-0011,福岡県,福岡市博多区博多駅前4-17-22,070-7528-6474,000-000-0000,ＪＲ　博多駅より徒歩にて約６分,近くのコインパーキングをご紹介します。,博多,https://img.travel.rakuten.co.jp/share/HOTEL/172657/172657.jpg,https://img.travel.rakuten.co.jp/HIMG/90/172657.jpg,https://img.travel.rakuten.co.jp/share/HOTEL/172657/172657_kan1.jpg,https://img.travel.rakuten.co.jp/HIMG/INTERIOR/172657.jpg,https://img.travel.rakuten.co.jp/share/HOTEL/172657/172657map.gif,57.0,3.09,,207,男女共用ドミトリー　二段ベッド1名分,4435809.0,ドミトリールーム　オンライン決済プラン♪　【禁煙】 通常の予約よりお得です！,1,0,0,0,0,2,https://img.travel.rakuten.co.jp/image/tr/api/re/IdsCY/?f_no=172657&f_syu=207&f_hi1=2026-05-19&f_hi2=2026-05-20&f_heya_su=1&f_otona_su=1&f_s1=0&f_s2=0&f_y1=0&f_y2=0&f_y3=0&f_y4=0&f_camp_id=4435809,0,2026-05-19,3600,3600,0,2026-05-19,fukuoka
180451,Ｈｏｔｅｌ　Ｄｒｅａｍ　Ｉｎｎ　Ｈａｋａｔａ,https://img.travel.rakuten.co.jp/image/tr/api/re/pvonD/?f_no=180451,https://img.travel.rakuten.co.jp/image/tr/api/re/vFumt/?f_no=180451&f_flg=PLAN,https://img.travel.rakuten.co.jp/image/tr/api/re/WzozX/?noTomariHotel=180451,https://img.travel.rakuten.co.jp/image/tr/api/re/gJNfM/?f_hotel_no=180451,ほてる　どりーむ　いん　はかた,博多駅から徒歩約10分。　全室キッチンと乾燥機付き洗濯機完備でご家族での旅行やビジネス利用も快適♪,3348,120887.59,469527.88,812-0016,福岡県,福岡市博多区博多駅南2-11-25,092-471-6787,092-451-5511,博多駅より徒歩にて約10分,無し,博多,https://img.travel.rakuten.co.jp/share/HOTEL/180451/180451.jpg,https://img.travel.rakuten.co.jp/HIMG/90/180451.jpg,,,https://img.travel.rakuten.co.jp/share/HOTEL/180451/180451map.gif,51.0,4.22,,annex3d,【Annex Park View】３ダブルルーム（定員６名）,4787429.0,【大人数利用におススメ】家族や友達、みんな一緒に快適ステイプラン！,1,0,0,0,0,2,https://img.travel.rakuten.co.jp/image/tr/api/re/IdsCY/?f_no=180451&f_syu=annex3d&f_hi1=2026-05-19&f_hi2=2026-05-20&f_heya_su=1&f_otona_su=1&f_s1=0&f_s2=0&f_y1=0&f_y2=0&f_y3=0&f_y4=0&f_camp_id=4787429,0,2026-05-19,13500,13500,0,2026-05-19,fukuoka
189216,ホテル風林,https://img.travel.rakuten.co.jp/image/tr/api/re/pvonD/?f_no=189216,https://img.travel.rakuten.co.jp/image/tr/api/re/vFumt/?f_no=189216&f_flg=PLAN,,https://img.travel.rakuten.co.jp/image/tr/api/re/gJNfM/?f_hotel_no=189216,ふうりん,２０２４年３月リニューアルオープン！博多駅から徒歩８分で観光・ビジネスにも好立地です♪,2333,120927.55,469515.45,812-0011,福岡県,福岡市博多区博多駅前1-23-11-1,092-409-4892,092-401-1057,博多駅より徒歩約８分,専用駐車場・提携駐車場はございません。 公式サイトから、近隣のコインパーキングをご確認下さい。,博多,https://img.travel.rakuten.co.jp/share/HOTEL/189216/189216.jpg,https://img.travel.rakuten.co.jp/HIMG/90/189216.jpg,,,https://img.travel.rakuten.co.jp/share/HOTEL/189216/189216map.gif,17.0,4.22,,bhito,スタンダードツインB,5900526.0,【素泊まり】スタンダードプラン「迷ったらコレ！」,1,0,0,0,0,2,https://img.travel.rakuten.co.jp/image/tr/api/re/IdsCY/?f_no=189216&f_syu=bhito&f_hi1=2026-05-19&f_hi2=2026-05-20&f_heya_su=1&f_otona_su=1&f_s1=0&f_s2=0&f_y1=0&f_y2=0&f_y3=0&f_y4=0&f_camp_id=5900526,0,2026-05-19,34002,34002,0,2026-05-19,fukuoka
168347,トリップベース博多駅前,https://img.travel.rakuten.co.jp/image/tr/api/re/pvonD/?f_no=168347,https://img.travel.rakuten.co.jp/image/tr/api/re/vFumt/?f_no=168347&f_flg=PLAN,https://img.travel.rakuten.co.jp/image/tr/api/re/WzozX/?noTomariHotel=168347,https://img.travel.rakuten.co.jp/image/tr/api/re/gJNfM/?f_hotel_no=168347,とりっぷべーすはかたえきまえ,【無人フロントホテル】博多駅から徒歩15分！最大定員9名メゾネット客室あり。全室キッチン・洗濯機完備！,2392,120883.41,469520.76,812-0011,福岡県,福岡市博多区博多駅前４丁目３４－１,092-409-4892,092-401-1057,JR博多駅より徒歩15分,専用駐車場・提携駐車場はございません。 公式サイトから、近隣のコインパーキングをご確認下さい。,博多,https://img.travel.rakuten.co.jp/share/HOTEL/168347/168347.jpg,https://img.travel.rakuten.co.jp/HIMG/90/168347.jpg,https://img.travel.rakuten.co.jp/share/HOTEL/168347/168347_kan1.jpg,https://img.travel.rakuten.co.jp/HIMG/INTERIOR/168347.jpg,https://img.travel.rakuten.co.jp/share/HOTEL/168347/168347map.gif,16.0,4.5,,mrhito,スタンダード model,4709486.0,【素泊まり】スタンダードプラン「迷ったらコレ！」,1,0,0,0,0,2,https://img.travel.rakuten.co.jp/image/tr/api/re/IdsCY/?f_no=168347&f_syu=mrhito&f_hi1=2026-05-19&f_hi2=2026-05-20&f_heya_su=1&f_otona_su=1&f_s1=0&f_s2=0&f_y1=0&f_y2=0&f_y3=0&f_y4=0&f_camp_id=4709486,0,2026-05-19,30000,30000,0,2026-05-19,fukuoka
197478,ＳＫＹＧＡＲＤＥＮ　ＮＥＯ,https://img.travel.rakuten.co.jp/image/tr/api/re/pvonD/?f_no=197478,https://img.travel.rakuten.co.jp/image/tr/api/re/vFumt/?f_no=197478&f_flg=PLAN,,https://img.travel.rakuten.co.jp/image/tr/api/re/gJNfM/?f_hotel_no=197478,すかいがーでんねお,【博多駅・キャナルシティへのアクセスも◎】誰とも会わない、究極のプライベート｜立地最高の完全非対面隠れ家,3800,120897.44,469487.93,812-0018,福岡県,福岡市博多区住吉2-17-35,08019413323,092-402-1887,櫛田神社前駅より徒歩10分、都市高速呉服町出口より車で約7分,なし,呉服町（福岡）,https://img.travel.rakuten.co.jp/share/HOTEL/197478/197478.jpg,https://img.travel.rakuten.co.jp/HIMG/90/197478.jpg,,,https://img.travel.rakuten.co.jp/share/HOTEL/197478/197478map.gif,22.0,3.27,"事前に口コミを見ていると、清掃についての指摘が何件かあったのですが、好立地…　2026-05-07 17:41:08投稿 <a href=""https://img.travel.rakuten.co.jp/image/tr/api/re/gJNfM/?f_hotel_no=197478"" class=""3click"">つづきはこちら</a>",twin,ツインダブルルーム（ダブルベッド2台／定員4名）,6458343.0,【オープン1周年記念】感謝を込めてQUOカード500円プレゼント｜5〜6月限定の特典付プラン,1,0,0,0,0,2,https://img.travel.rakuten.co.jp/image/tr/api/re/IdsCY/?f_no=197478&f_syu=twin&f_hi1=2026-05-19&f_hi2=2026-05-20&f_heya_su=1&f_otona_su=1&f_s1=0&f_s2=0&f_y1=0&f_y2=0&f_y3=0&f_y4=0&f_camp_id=6458343,0,2026-05-19,10000,10000,0,2026-05-19,fukuoka
182003,グランドベース博多奈良屋,https://img.travel.rakuten.co.jp/image/tr/api/re/pvonD/?f_no=182003,https://img.travel.rakuten.co.jp/image/tr/api/re/vFumt/?f_no=182003&f_flg=PLAN,https://img.travel.rakuten.co.jp/image/tr/api/re/WzozX/?noTomariHotel=182003,https://img.travel.rakuten.co.jp/image/tr/api/re/gJNfM/?f_hotel_no=182003,ぐらんどべーすはかたならや,【無人フロントホテル】マリンメッセ福岡や福岡国際会議場でイベントに参加した後は、落ち着いたトーンのお部屋でごゆっくり。,1950,120946.77,469467.8,812-0023,福岡県,福岡市博多区奈良屋町8-12,092-409-4892,,地下鉄「呉服町駅」から徒歩6分、マリンメッセからはバスで7分、博多駅からはバスで15分,専用駐車場・提携駐車場はございません。 公式サイトから、近隣のコインパーキングをご確認下さい。,呉服町（福岡）,https://img.travel.rakuten.co.jp/share/HOTEL/182003/182003.jpg,https://img.travel.rakuten.co.jp/HIMG/90/182003.jpg,,,https://img.travel.rakuten.co.jp/share/HOTEL/182003/182003map.gif,3.0,,,bhito,エグゼクティブB,4989834.0,【素泊まり】スタンダードプラン「何人泊まっても同じ値段♪」,1,0,0,0,0,2,https://img.travel.rakuten.co.jp/image/tr/api/re/IdsCY/?f_no=182003&f_syu=bhito&f_hi1=2026-05-19&f_hi2=2026-05-20&f_heya_su=1&f_otona_su=1&f_s1=0&f_s2=0&f_y1=0&f_y2=0&f_y3=0&f_y4=0&f_camp_id=4989834,0,2026-05-19,31734,31734,0,2026-05-19,fukuoka
183196,グランドベース住吉,https://img.travel.rakuten.co.jp/image/tr/api/re/pvonD/?f_no=183196,https://img.travel.rakuten.co.jp/image/tr/api/re/vFumt/?f_no=183196&f_flg=PLAN,https://img.travel.rakuten.co.jp/image/tr/api/re/WzozX/?noTomariHotel=183196,https://img.travel.rakuten.co.jp/image/tr/api/re/gJNfM/?f_hotel_no=183196,ぐらんどべーすすみよし,博多駅徒歩圏内。室内にキッチンがあります。※スーペリアツインAはキッチンがございません）※荷物預かり不可,2695,120884.76,469491.26,812-0018,福岡県,福岡市博多区住吉4-23-18,092-409-4892,,福岡空港よりお車で約２０分／博多駅より徒歩16分（バス利用：２停・約５分）／渡辺通駅徒歩９分,無し,福岡空港,https://img.travel.rakuten.co.jp/share/HOTEL/183196/183196.jpg,https://img.travel.rakuten.co.jp/HIMG/90/183196.jpg,,,https://img.travel.rakuten.co.jp/share/HOTEL/183196/183196map.gif,18.0,4.5,,chito,デラックストリプルC,6272539.0,【素泊まり】スタンダードプラン「迷ったらコレ！」,1,0,0,0,0,2,https://img.travel.rakuten.co.jp/image/tr/api/re/IdsCY/?f_no=183196&f_syu=chito&f_hi1=2026-05-19&f_hi2=2026-05-20&f_heya_su=1&f_otona_su=1&f_s1=0&f_s2=0&f_y1=0&f_y2=0&f_y3=0&f_y4=0&f_camp_id=6272539,0,2026-05-19,36668,36668,0,2026-05-19,fukuoka
197510,ＡＬＰＨＡＢＥＤ　ＩＮＮ　博多駅前（２０２５年１２月１６日ＯＰＥＮ）,https://img.travel.rakuten.co.jp/image/tr/api/re/pvonD/?f_no=197510,https://img.travel.rakuten.co.jp/image/tr/api/re/vFumt/?f_no=197510&f_flg=PLAN,,https://img.travel.rakuten.co.jp/image/tr/api/re/gJNfM/?f_hotel_no=197510,あるふぁべっどいんはかたえきまえ,2025年12月NewOpen！バストイレ別・全室キッチン・洗濯機完備でお家のように靴を脱いでお過ごしいただけます,5650,120892.18,469512.55,812-0011,福岡県,福岡市博多区博多駅前4-23-5,0800-111-3089,--,博多駅より徒歩約10分、福岡都市高速環状線半道橋より車で約15分,無し（近隣のコインパーキングをご利用ください）,博多,https://img.travel.rakuten.co.jp/share/HOTEL/197510/197510.jpg,https://img.travel.rakuten.co.jp/HIMG/90/197510.jpg,,,https://img.travel.rakuten.co.jp/share/HOTEL/197510/197510map.gif,53.0,4.64,"…　2026-05-10 09:00:21投稿 <a href=""https://img.travel.rakuten.co.jp/image/tr/api/re/gJNfM/?f_hotel_no=197510"" class=""3click"">つづきはこちら</a>",a001,【ジャパニーズバンク】最大5名 ,6365062.0,スタンダートプラン／素泊まり　,1,0,0,0,0,2,https://img.travel.rakuten.co.jp/image/tr/api/re/IdsCY/?f_no=197510&f_syu=a001&f_hi1=2026-05-19&f_hi2=2026-05-20&f_heya_su=1&f_otona_su=1&f_s1=0&f_s2=0&f_y1=0&f_y2=0&f_y3=0&f_y4=0&f_camp_id=6365062,0,2026-05-19,25300,25300,0,2026-05-19,fukuoka
195592,ＬｕｘｕｒｙＳｗｅｅｔ博多駅南５２／民泊,https://img.travel.rakuten.co.jp/image/tr/api/re/pvonD/?f_no=195592,https://img.travel.rakuten.co.jp/image/tr/api/re/vFumt/?f_no=195592&f_flg=PLAN,,https://img.travel.rakuten.co.jp/image/tr/api/re/gJNfM/?f_hotel_no=195592,, ,8961,120868.39,469549.42,812-0016,福岡県,福岡市博多区博多駅南5-6-34　modern palazzo 博多南 Vogue502,070-4732-0719,00-0000-0000,竹下駅から徒歩で4分,あり,竹下,https://img.travel.rakuten.co.jp/share/HOTEL/195592/195592.jpg,https://img.travel.rakuten.co.jp/HIMG/90/195592.jpg,,,https://img.travel.rakuten.co.jp/share/HOTEL/195592/195592map.gif,,,,r21002_4,LuxurySweet博多駅南52,6371917.0,New!LuxurySweet博多駅南52・最大3~4人、博多駅車で5分・新築,1,0,0,0,0,2,https://img.travel.rakuten.co.jp/image/tr/api/re/IdsCY/?f_no=195592&f_syu=r21002_4&f_hi1=2026-05-19&f_hi2=2026-05-20&f_heya_su=1&f_otona_su=1&f_s1=0&f_s2=0&f_y1=0&f_y2=0&f_y3=0&f_y4=0&f_camp_id=6371917,0,2026-05-19,13804,13804,0,2026-05-19,fukuoka
187095,博多町家ホテル　－　Ｋａｍｉｇｏｆｕｋｕ　－,https://img.travel.rakuten.co.jp/image/tr/api/re/pvonD/?f_no=187095,https://img.travel.rakuten.co.jp/image/tr/api/re/vFumt/?f_no=187095&f_flg=PLAN,,https://img.travel.rakuten.co.jp/image/tr/api/re/gJNfM/?f_hotel_no=187095,はかたまちやほてる　かみごふく,◆新築二階建て一棟貸し！町屋風ヴィラ◆キッチン、洗濯機つきで広々８人宿泊可能,4980,120944.59,469497.16,812-0036,福岡県,福岡市博多区上呉服町9-28,050-1807-3131,050-3588-4687,呉服町駅から徒歩6分,なし,呉服町（福岡）,https://img.travel.rakuten.co.jp/share/HOTEL/187095/187095.jpg,https://img.travel.rakuten.co.jp/HIMG/90/187095.jpg,,,https://img.travel.rakuten.co.jp/share/HOTEL/187095/187095map.gif,21.0,4.09,,room1,スイートヴィラタイプ（1棟貸切）（連泊清掃なし）,5649937.0,【10％OFF 口コミプラン】チェックイン29時までOK！キッチン付き★京町家風の一軒貸切,1,0,0,0,0,2,https://img.travel.rakuten.co.jp/image/tr/api/re/IdsCY/?f_no=187095&f_syu=room1&f_hi1=2026-05-19&f_hi2=2026-05-20&f_heya_su=1&f_otona_su=1&f_s1=0&f_s2=0&f_y1=0&f_y2=0&f_y3=0&f_y4=0&f_camp_id=5649937,0,2026-05-19,15000,15000,0,2026-05-19,fukuoka
196144,Ｇｒａｎｄ　ＳＴＡＹ　博多駅北,https://img.travel.rakuten.co.jp/image/tr/api/re/pvonD/?f_no=196144,https://img.travel.rakuten.co.jp/image/tr/api/re/vFumt/?f_no=196144&f_flg=PLAN,,https://img.travel.rakuten.co.jp/image/tr/api/re/gJNfM/?f_hotel_no=196144,ぐらんど　すてい　はかたえききた,ＪＲ博多駅から徒歩１3分！！　福岡の中心地、博多が徒歩圏内！フランスベッド、洗濯乾燥機、プロジェクター完備！,10200,120940.47,469531.52,812-0043,福岡県,福岡市博多区堅粕3-15-4,092-412-5133,--,博多駅筑紫口より徒歩にて約１３分になります。,有り　１２台　予約不可（先着順）,博多,https://img.travel.rakuten.co.jp/share/HOTEL/196144/196144.jpg,https://img.travel.rakuten.co.jp/HIMG/90/196144.jpg,,,https://img.travel.rakuten.co.jp/share/HOTEL/196144/196144map.gif,4.0,,,twins,スーペリアツイン＋ソファ（1~4名利用）,6186412.0,【♪♪口コミ投稿プラン♪♪】 最安価格でご提供！博多駅から徒歩13分！全室シアタールーム付,1,0,0,0,0,2,https://img.travel.rakuten.co.jp/image/tr/api/re/IdsCY/?f_no=196144&f_syu=twins&f_hi1=2026-05-19&f_hi2=2026-05-20&f_heya_su=1&f_otona_su=1&f_s1=0&f_s2=0&f_y1=0&f_y2=0&f_y3=0&f_y4=0&f_camp_id=6186412,0,2026-05-19,22500,22500,1,2026-05-19,fukuoka
194736,エアポートテラスハウス／民泊,https://img.travel.rakuten.co.jp/image/tr/api/re/pvonD/?f_no=194736,https://img.travel.rakuten.co.jp/image/tr/api/re/vFumt/?f_no=194736&f_flg=PLAN,,https://img.travel.rakuten.co.jp/image/tr/api/re/gJNfM/?f_hotel_no=194736,,福岡の余韻に浸りながらラグジュアリーな非日常を体感できます。【民泊】,7308,120805.66,469705.32,812-0863,福岡県,福岡市博多区金の隈1-31-48　エアポートテラスハウス,070-4732-0719,000-000-0000,雑餉隈駅から徒歩で約１０分,有り,雑餉隈,https://img.travel.rakuten.co.jp/share/HOTEL/194736/194736.jpg,https://img.travel.rakuten.co.jp/HIMG/90/194736.jpg,,,https://img.travel.rakuten.co.jp/share/HOTEL/194736/194736map.gif,,,,r19532_15,エアポートテラス,6274268.0,Airport Terrace 1棟2階建て貸切ヴィラ大型バルコニー・ サウナ・駐車場・屋内BBQ,1,0,0,0,0,2,https://img.travel.rakuten.co.jp/image/tr/api/re/IdsCY/?f_no=194736&f_syu=r19532_15&f_hi1=2026-05-19&f_hi2=2026-05-20&f_heya_su=1&f_otona_su=1&f_s1=0&f_s2=0&f_y1=0&f_y2=0&f_y3=0&f_y4=0&f_camp_id=6274268,0,2026-05-19,24360,24360,0,2026-05-19,fukuoka
38630,二日市温泉　大丸別荘,https://img.travel.rakuten.co.jp/image/tr/api/re/pvonD/?f_no=38630,https://img.travel.rakuten.co.jp/image/tr/api/re/vFumt/?f_no=38630&f_flg=PLAN,https://img.travel.rakuten.co.jp/image/tr/api/re/WzozX/?noTomariHotel=38630,https://img.travel.rakuten.co.jp/image/tr/api/re/gJNfM/?f_hotel_no=38630,ふつかいちおんせん　だいまるべっそう,博多・天神から程近い場所にあり、お部屋食が可能なプランもございます。二日市温泉をご堪能下さい。,11141,120552.68,469860.0,818-0058,福岡県,筑紫野市湯町1-20-1,0120-026-145,092-924-4126,「福岡空港」より高速バスで約30分　「博多駅」よりＪＲ線利用で20分　「福岡天神駅」より西鉄電車利用で30分,無料駐車場有り（先着6０台）,二日市,https://img.travel.rakuten.co.jp/share/HOTEL/38630/38630.jpg,https://img.travel.rakuten.co.jp/HIMG/90/38630.jpg,https://img.travel.rakuten.co.jp/share/HOTEL/38630/38630_he.jpg,https://img.travel.rakuten.co.jp/HIMG/INTERIOR/38630.jpg,https://img.travel.rakuten.co.jp/share/HOTEL/38630/38630map.gif,463.0,4.73,"お祝いのシャンペンも頂き、ありがとうございまし…　2026-05-05 16:20:08投稿 <a href=""https://img.travel.rakuten.co.jp/image/tr/api/re/gJNfM/?f_hotel_no=38630"" class=""3click"">つづきはこちら</a>",j,【平安亭】（10畳+８畳+リビング）,6236466.0,【事前カード決済限定/返金不可】素泊りプラン【源泉かけ流し天然温泉を満喫】,1,0,0,0,0,2,https://img.travel.rakuten.co.jp/image/tr/api/re/IdsCY/?f_no=38630&f_syu=j&f_hi1=2026-05-19&f_hi2=2026-05-20&f_heya_su=1&f_otona_su=1&f_s1=0&f_s2=0&f_y1=0&f_y2=0&f_y3=0&f_y4=0&f_camp_id=6236466,0,2026-05-19,43507,43507,0,2026-05-19,fukuoka
195400,グレイトフル筑紫野２０１／民泊,https://img.travel.rakuten.co.jp/image/tr/api/re/pvonD/?f_no=195400,https://img.travel.rakuten.co.jp/image/tr/api/re/vFumt/?f_no=195400&f_flg=PLAN,,https://img.travel.rakuten.co.jp/image/tr/api/re/gJNfM/?f_hotel_no=195400,, ,6032,120584.51,469858.65,818-0059,福岡県,筑紫野市塔原東1-14-4　グレイトフル筑紫野201,090-6931-6019,00-0000-0000,西鉄二日市駅より徒歩で5分,あり,西鉄二日市,https://img.travel.rakuten.co.jp/share/HOTEL/195400/195400.jpg,https://img.travel.rakuten.co.jp/HIMG/90/195400.jpg,,,https://img.travel.rakuten.co.jp/share/HOTEL/195400/195400map.gif,,,,r20487_5,グレイトフル筑紫野201,6347152.0,"西鉄二日市駅から徒歩7分,太宰府天満宮まで電車で10分",1,0,0,0,0,2,https://img.travel.rakuten.co.jp/image/tr/api/re/IdsCY/?f_no=195400&f_syu=r20487_5&f_hi1=2026-05-19&f_hi2=2026-05-20&f_heya_su=1&f_otona_su=1&f_s1=0&f_s2=0&f_y1=0&f_y2=0&f_y3=0&f_y4=0&f_camp_id=6347152,0,2026-05-19,20880,20880,0,2026-05-19,fukuoka
192380,ＨＯＴＥＬ　Ａｌｌ　Ｓｔａｙ　博多空港通,https://img.travel.rakuten.co.jp/image/tr/api/re/pvonD/?f_no=192380,https://img.travel.rakuten.co.jp/image/tr/api/re/vFumt/?f_no=192380&f_flg=PLAN,,https://img.travel.rakuten.co.jp/image/tr/api/re/gJNfM/?f_hotel_no=192380,おーるすていはかたくうこうどおり,【無人フロントホテル】２０２４年３月リニューアルオープン！博多駅から徒歩圏内の好立地です！,2772,120933.89,469539.24,812-0043,福岡県,福岡市博多区堅粕4-16-5,092-409-4892,092-401-1057,博多駅から徒歩約１３分,無し（敷地内に無断で駐車される方が増えています。絶対にお停めにならないようお願い申し上げます。）,博多,https://img.travel.rakuten.co.jp/share/HOTEL/192380/192380.jpg,https://img.travel.rakuten.co.jp/HIMG/90/192380.jpg,,,https://img.travel.rakuten.co.jp/share/HOTEL/192380/192380map.gif,,,,chito,スタジオアパートメントC,6026237.0,【素泊まり】スタンダードプラン「迷ったらコレ！」,1,0,0,0,0,2,https://img.travel.rakuten.co.jp/image/tr/api/re/IdsCY/?f_no=192380&f_syu=chito&f_hi1=2026-05-19&f_hi2=2026-05-20&f_heya_su=1&f_otona_su=1&f_s1=0&f_s2=0&f_y1=0&f_y2=0&f_y3=0&f_y4=0&f_camp_id=6026237,0,2026-05-19,26667,26667,0,2026-05-19,fukuoka
172694,ＴＲＩＰ　ＰＯＤ　ＹＯＳＨＩＺＵＫＡ　Ｃ,https://img.travel.rakuten.co.jp/image/tr/api/re/pvonD/?f_no=172694,https://img.travel.rakuten.co.jp/image/tr/api/re/vFumt/?f_no=172694&f_flg=PLAN,https://img.travel.rakuten.co.jp/image/tr/api/re/WzozX/?noTomariHotel=172694,https://img.travel.rakuten.co.jp/image/tr/api/re/gJNfM/?f_hotel_no=172694,とりっぷ ぽっど よしずか しー,当ホテルは無人運営のため施設にスタッフはおりません。専用のタブレット端末からオンラインレセプションをご利用いただけます。,2160,120957.03,469534.29,812-0041,福岡県,福岡市博多区吉塚1-20-23,03-4531-9681,00-0000-0000,鹿児島本線　吉塚駅より徒歩にて約１０分,無し,吉塚,https://img.travel.rakuten.co.jp/share/HOTEL/172694/172694.jpg,https://img.travel.rakuten.co.jp/HIMG/90/172694.jpg,,,https://img.travel.rakuten.co.jp/share/HOTEL/172694/172694map.gif,32.0,3.75,,4p2,【禁煙】スタンダードルーム☆最大5名宿泊可（連泊清掃なし）,5374779.0,【１０％OFF口コミプラン】非対面チェックインで密回避！,1,0,0,0,0,2,https://img.travel.rakuten.co.jp/image/tr/api/re/IdsCY/?f_no=172694&f_syu=4p2&f_hi1=2026-05-19&f_hi2=2026-05-20&f_heya_su=1&f_otona_su=1&f_s1=0&f_s2=0&f_y1=0&f_y2=0&f_y3=0&f_y4=0&f_camp_id=5374779,0,2026-05-19,8500,8500,0,2026-05-19,fukuoka
192863,ｒｉｔｏｍａｒｕ　ｒｏｏｍｓ　ｈａｋａｔａ　ｈａｋｏｚａｋｉ,https://img.travel.rakuten.co.jp/image/tr/api/re/pvonD/?f_no=192863,https://img.travel.rakuten.co.jp/image/tr/api/re/vFumt/?f_no=192863&f_flg=PLAN,,https://img.travel.rakuten.co.jp/image/tr/api/re/gJNfM/?f_hotel_no=192863,りとまるるーむすはかたはこざき,【すべてのペットと泊まれる宿】1日2組限定・ワンフロア貸切。JR箱崎駅から徒歩わずか1分,5693,121012.25,469543.69,812-0053,福岡県,福岡市東区箱崎1-6-7,050-8886-0515,03-4216-7033,JR鹿児島本線「箱崎」駅西口より徒歩約1分/博多駅より2駅約5分/福岡空港より約30分,施設専用の駐車場はございません。近隣のコインパーキングをご利用ください。,箱崎,https://img.travel.rakuten.co.jp/share/HOTEL/192863/192863.jpg,https://img.travel.rakuten.co.jp/HIMG/90/192863.jpg,,,https://img.travel.rakuten.co.jp/share/HOTEL/192863/192863map.gif,7.0,4.57,,3rd,3nd Floor(109.18平米),6061983.0,【スタンダード】博多駅からアクセス抜群！ペットOK＆ワンフロア貸切のプライベートステイ＜素泊まり＞,1,0,0,0,0,2,https://img.travel.rakuten.co.jp/image/tr/api/re/IdsCY/?f_no=192863&f_syu=3rd&f_hi1=2026-05-19&f_hi2=2026-05-20&f_heya_su=1&f_otona_su=1&f_s1=0&f_s2=0&f_y1=0&f_y2=0&f_y3=0&f_y4=0&f_camp_id=6061983,0,2026-05-19,34500,34500,0,2026-05-19,fukuoka
178523,Ｎ．３３　Ｈａｋａｔａ　Ｓｔａ．　Ｒｉｖｅｒ　Ｓｉｄｅ,https://img.travel.rakuten.co.jp/image/tr/api/re/pvonD/?f_no=178523,https://img.travel.rakuten.co.jp/image/tr/api/re/vFumt/?f_no=178523&f_flg=PLAN,https://img.travel.rakuten.co.jp/image/tr/api/re/WzozX/?noTomariHotel=178523,https://img.travel.rakuten.co.jp/image/tr/api/re/gJNfM/?f_hotel_no=178523,えぬどっと　さんじゅうさん　はかた　すてーしょん　りばーさいど,博多駅から徒歩5分の立地！♪※荷物の預かりはできません※,2280,120927.78,469526.08,812-0013,福岡県,福岡市博多区博多駅東1-4-11,050-1720-7129,,博多駅より徒歩にて約5分,無し,博多,https://img.travel.rakuten.co.jp/share/HOTEL/178523/178523.jpg,https://img.travel.rakuten.co.jp/HIMG/90/178523.jpg,,,https://img.travel.rakuten.co.jp/share/HOTEL/178523/178523map.gif,50.0,1.5,,rs03,シングルダブル,5255381.0,【直前割3】チェックイン3日前以内のご予約でお得にご宿泊プラン♪,1,0,0,0,0,1,https://img.travel.rakuten.co.jp/image/tr/api/re/IdsCY/?f_no=178523&f_syu=rs03&f_hi1=2026-05-19&f_hi2=2026-05-20&f_heya_su=1&f_otona_su=1&f_s1=0&f_s2=0&f_y1=0&f_y2=0&f_y3=0&f_y4=0&f_camp_id=5255381,0,2026-05-19,12600,12600,0,2026-05-19,fukuoka
178470,Ｓｔａｙ　Ｈａｋａｔａ,https://img.travel.rakuten.co.jp/image/tr/api/re/pvonD/?f_no=178470,https://img.travel.rakuten.co.jp/image/tr/api/re/vFumt/?f_no=178470&f_flg=PLAN,,https://img.travel.rakuten.co.jp/image/tr/api/re/gJNfM/?f_hotel_no=178470,すてい　はかた,キャナルシティまで徒歩5分。天神・博多まで車で５分。60平米の広い部屋で、家族・グループ旅行に人気！,6300,120895.62,469487.29,812-0018,福岡県,福岡市博多区住吉3-9-22,092-406-8470,092-406-8441,博多駅より徒歩にて約２０分　または　お車にて約１０分,無し,博多,https://img.travel.rakuten.co.jp/share/HOTEL/178470/178470.jpg,https://img.travel.rakuten.co.jp/HIMG/90/178470.jpg,https://img.travel.rakuten.co.jp/share/HOTEL/178470/178470_kan1.jpg,https://img.travel.rakuten.co.jp/HIMG/INTERIOR/178470.jpg,https://img.travel.rakuten.co.jp/share/HOTEL/178470/178470map.gif,31.0,4.33,,dx,デラックスルーム禁煙,5872403.0,キャッシュレスで受付がスムーズに！キャナルシティや屋台へ徒歩圏内！Stay Hakataに泊まろう,5,0,0,0,0,2,https://img.travel.rakuten.co.jp/image/tr/api/re/IdsCY/?f_no=178470&f_syu=dx&f_hi1=2026-05-19&f_hi2=2026-05-20&f_heya_su=1&f_otona_su=1&f_s1=0&f_s2=0&f_y1=0&f_y2=0&f_y3=0&f_y4=0&f_camp_id=5872403,0,2026-05-19,20300,20300,0,2026-05-19,fukuoka
196685,十二ＨＯＴＥＬ（ジュウニホテル）,https://img.travel.rakuten.co.jp/image/tr/api/re/pvonD/?f_no=196685,https://img.travel.rakuten.co.jp/image/tr/api/re/vFumt/?f_no=196685&f_flg=PLAN,https://img.travel.rakuten.co.jp/image/tr/api/re/WzozX/?noTomariHotel=196685,https://img.travel.rakuten.co.jp/image/tr/api/re/gJNfM/?f_hotel_no=196685,じゅうにほてる,２０２５年６月開業！オールインクルーシブ×全室サウナ付。１２室限定の特別ホテル。,12070,120917.6,469656.71,812-0853,福岡県,福岡市博多区東平尾1-16-25,092-623-6383,092-623-6384,福岡空港⇔ホテル間の送迎サービスを事前予約制で実施中。,無料駐車場12台あり,福岡空港,https://img.travel.rakuten.co.jp/share/HOTEL/196685/196685.jpg,https://img.travel.rakuten.co.jp/HIMG/90/196685.jpg,,,https://img.travel.rakuten.co.jp/share/HOTEL/196685/196685map.gif,24.0,4.71,"クチコミの詳細はこちらか…　2026-01-10 20:20:40投稿 <a href=""https://img.travel.rakuten.co.jp/image/tr/api/re/gJNfM/?f_hotel_no=196685"" class=""3click"">つづきはこちら</a>",singleroom,シングル販売用／ミストサウナ付ルーム（ダブル・30m2）,6307320.0,【17時以降のチェックイン限定】平日ひとり旅応援プラン｜静かなお部屋でゆっくり滞在,1,0,0,0,0,2,https://img.travel.rakuten.co.jp/image/tr/api/re/IdsCY/?f_no=196685&f_syu=singleroom&f_hi1=2026-05-19&f_hi2=2026-05-20&f_heya_su=1&f_otona_su=1&f_s1=0&f_s2=0&f_y1=0&f_y2=0&f_y3=0&f_y4=0&f_camp_id=6307320,0,2026-05-19,17800,17800,0,2026-05-19,fukuoka
196354,ＨＯＴＥＬ　萃　ｔｈｅ　３ｒｄ〜雑餉隈駅前,https://img.travel.rakuten.co.jp/image/tr/api/re/pvonD/?f_no=196354,https://img.travel.rakuten.co.jp/image/tr/api/re/vFumt/?f_no=196354&f_flg=PLAN,,https://img.travel.rakuten.co.jp/image/tr/api/re/gJNfM/?f_hotel_no=196354,ほてる　すい　ざ　さーど　ざっしょのくまえきまえ,駅から徒歩1分と好アクセス！ 雑餉隈の歴史ある下町でゆっくりと my時間を過ごせる空間。,3300,120759.15,469675.42,812-0882,福岡県,福岡市博多区麦野4-37-3,090-1470-4557,--,雑餉隈駅より徒歩1分,なし,雑餉隈,https://img.travel.rakuten.co.jp/share/HOTEL/196354/196354.jpg,https://img.travel.rakuten.co.jp/HIMG/90/196354.jpg,,,https://img.travel.rakuten.co.jp/share/HOTEL/196354/196354map.gif,2.0,,,r004,04 NAGOMI 2段ベッド，ダブル各1台 ReFaルーム,6427123.0,（セルフチェックイン）朝食付き 3,1,0,0,1,0,2,https://img.travel.rakuten.co.jp/image/tr/api/re/IdsCY/?f_no=196354&f_syu=r004&f_hi1=2026-05-19&f_hi2=2026-05-20&f_heya_su=1&f_otona_su=1&f_s1=0&f_s2=0&f_y1=0&f_y2=0&f_y3=0&f_y4=0&f_camp_id=6427123,0,2026-05-19,11250,11250,0,2026-05-19,fukuoka
174944,ヴィンテージＩＩＩ／民泊,https://img.travel.rakuten.co.jp/image/tr/api/re/pvonD/?f_no=174944,https://img.travel.rakuten.co.jp/image/tr/api/re/vFumt/?f_no=174944&f_flg=PLAN,,https://img.travel.rakuten.co.jp/image/tr/api/re/gJNfM/?f_hotel_no=174944,,【民泊】,2552,120871.35,469296.04,814-0005,福岡県,福岡市早良区祖原8-21,090-3685-1866,000-000-0000,西新駅より徒歩にて約４分,無し,西新,https://img.travel.rakuten.co.jp/share/HOTEL/174944/174944.jpg,https://img.travel.rakuten.co.jp/HIMG/90/174944.jpg,,,https://img.travel.rakuten.co.jp/share/HOTEL/174944/174944map.gif,2.0,,,r14774_4,ヴィンテージIII 103,5772629.0,【無料WiFi】博多や天神へのアクセス良好★西新駅から徒歩圏内!! ロフト付,1,0,0,0,0,2,https://img.travel.rakuten.co.jp/image/tr/api/re/IdsCY/?f_no=174944&f_syu=r14774_4&f_hi1=2026-05-19&f_hi2=2026-05-20&f_heya_su=1&f_otona_su=1&f_s1=0&f_s2=0&f_y1=0&f_y2=0&f_y3=0&f_y4=0&f_camp_id=5772629,0,2026-05-19,10208,10208,0,2026-05-19,fukuoka
164742,Ｆｕｋｕｏｋａ　Ｇｕｅｓｔｈｏｕｓｅ　ＨＩＶＥ,https://img.travel.rakuten.co.jp/image/tr/api/re/pvonD/?f_no=164742,https://img.travel.rakuten.co.jp/image/tr/api/re/vFumt/?f_no=164742&f_flg=PLAN,,https://img.travel.rakuten.co.jp/image/tr/api/re/gJNfM/?f_hotel_no=164742,ふくおか　げすとはうす　はいぶ,人々が ’ひとやすみ’ してまた次へ羽ばたけるような止まり木のような巣(ハコ),2800,120940.08,469490.58,812-0036,福岡県,福岡市博多区上呉服町4-3,092-292-4232,092-292-4232,地下鉄呉服町駅より徒歩２分 　JR博多駅より西鉄バス５分(徒歩15分）　西鉄天神駅より西鉄バス５分(徒歩20分),近隣に格安コインパーキング（例：夜20〜朝8時200円）ございます。バイクはお店の前に駐車可。,呉服町（福岡）,https://img.travel.rakuten.co.jp/share/HOTEL/164742/164742.jpg,https://img.travel.rakuten.co.jp/HIMG/90/164742.jpg,https://img.travel.rakuten.co.jp/share/HOTEL/164742/164742_kan1.jpg,https://img.travel.rakuten.co.jp/HIMG/INTERIOR/164742.jpg,https://img.travel.rakuten.co.jp/share/HOTEL/164742/164742map.gif,102.0,4.25,,maledomi,男女混合ドミトリー ,4377410.0,【学生限定】学生旅お得に泊まろう! ※地下鉄呉服町駅より徒歩２分♪,1,0,0,0,0,1,https://img.travel.rakuten.co.jp/image/tr/api/re/IdsCY/?f_no=164742&f_syu=maledomi&f_hi1=2026-05-19&f_hi2=2026-05-20&f_heya_su=1&f_otona_su=1&f_s1=0&f_s2=0&f_y1=0&f_y2=0&f_y3=0&f_y4=0&f_camp_id=4377410,0,2026-05-19,4050,4050,0,2026-05-19,fukuoka
177846,９ＨＯＴＥＬ　ＨＡＫＡＴＡ,https://img.travel.rakuten.co.jp/image/tr/api/re/pvonD/?f_no=177846,https://img.travel.rakuten.co.jp/image/tr/api/re/vFumt/?f_no=177846&f_flg=PLAN,https://img.travel.rakuten.co.jp/image/tr/api/re/WzozX/?noTomariHotel=177846,https://img.travel.rakuten.co.jp/image/tr/api/re/gJNfM/?f_hotel_no=177846,ないん　ほてる　はかた,中洲まで徒歩5分。全室風呂トイレ別のゆったり空間。館内・客室には九州の色が感じられます。,6800,120931.02,469487.7,812-0039,福岡県,福岡市博多区冷泉町9-16,092-263-5010,092-263-5020,福岡空港から地下鉄祇園駅まで7分。祇園駅徒歩約5分。中洲川端駅徒歩6分、博多駅から徒歩約13分,なし,祇園（福岡）,https://img.travel.rakuten.co.jp/share/HOTEL/177846/177846.jpg,https://img.travel.rakuten.co.jp/HIMG/90/177846.jpg,https://img.travel.rakuten.co.jp/share/HOTEL/177846/177846_kan1.jpg,https://img.travel.rakuten.co.jp/HIMG/INTERIOR/177846.jpg,https://img.travel.rakuten.co.jp/share/HOTEL/177846/177846map.gif,205.0,3.82,"受付の雰囲気は良かった。お部屋は和洋室、窓側と押し入れに障子があり子供が小さいので破りそうでヒヤヒヤ、寝るだけでとったお部屋だったからなんとか過ごせました^_^子連れで…　2026-03-29 23:54:14投稿 <a href=""https://img.travel.rakuten.co.jp/image/tr/api/re/gJNfM/?f_hotel_no=177846"" class=""3click"">つづきはこちら</a>",0002,【禁煙】スーペリアハリウッドツイン ＜24平米＞,5565904.0,【シンプルプラン】中州エリア☆博多駅近！２３平米以上のゆったり空間！＜素泊まり＞,1,0,0,0,0,1,https://img.travel.rakuten.co.jp/image/tr/api/re/IdsCY/?f_no=177846&f_syu=0002&f_hi1=2026-05-19&f_hi2=2026-05-20&f_heya_su=1&f_otona_su=1&f_s1=0&f_s2=0&f_y1=0&f_y2=0&f_y3=0&f_y4=0&f_camp_id=5565904,0,2026-05-19,21300,21300,0,2026-05-19,fukuoka
167131,ホテル　グレートモーニング,https://img.travel.rakuten.co.jp/image/tr/api/re/pvonD/?f_no=167131,https://img.travel.rakuten.co.jp/image/tr/api/re/vFumt/?f_no=167131&f_flg=PLAN,https://img.travel.rakuten.co.jp/image/tr/api/re/WzozX/?noTomariHotel=167131,https://img.travel.rakuten.co.jp/image/tr/api/re/gJNfM/?f_hotel_no=167131,ぐれーともーにんぐ,☆2020年福岡県人気ホテル総合ランキング１位獲得☆　風の無いエアコンでキレイな空気 / 自然素材を使った家具や内装　,12500,120934.09,469481.43,812-0025,福岡県,福岡市博多区店屋町6-3,092-272-1414,092-710-4830,地下鉄「呉服町駅」「中洲川端駅」より徒歩にて約５分／福岡空港よりお車にて約１５分,"提携駐車場あり1,300円（税込／15時&#12316;翌11時まで／紙与パーキング店屋町）",呉服町（福岡）,https://img.travel.rakuten.co.jp/share/HOTEL/167131/167131.jpg,https://img.travel.rakuten.co.jp/HIMG/90/167131.jpg,,,https://img.travel.rakuten.co.jp/share/HOTEL/167131/167131map.gif,88.0,5.0,,twinroom,デラックス ツイン,5549590.0,【18時以降チェックイン・事前決済返金不可】素泊りでシンプルステイ,1,0,0,0,0,2,https://img.travel.rakuten.co.jp/image/tr/api/re/IdsCY/?f_no=167131&f_syu=twinroom&f_hi1=2026-05-19&f_hi2=2026-05-20&f_heya_su=1&f_otona_su=1&f_s1=0&f_s2=0&f_y1=0&f_y2=0&f_y3=0&f_y4=0&f_camp_id=5549590,0,2026-05-19,33000,33000,0,2026-05-19,fukuoka
177039,グランドベース博多シティ,https://img.travel.rakuten.co.jp/image/tr/api/re/pvonD/?f_no=177039,https://img.travel.rakuten.co.jp/image/tr/api/re/vFumt/?f_no=177039&f_flg=PLAN,https://img.travel.rakuten.co.jp/image/tr/api/re/WzozX/?noTomariHotel=177039,https://img.travel.rakuten.co.jp/image/tr/api/re/gJNfM/?f_hotel_no=177039,ぐらんどべーすはかたしてぃ,▼GO TOトラベル対象施設▼＜広い客室・キーレス＞キャナルシティ8分。観光にもアクセス◎,2240,120891.75,469487.23,812-0018,福岡県,福岡市博多区住吉3-11-11,050-1794-2689,092-292-3314,博多駅からバスで5分、天神からバスで10分のバス停「住吉」から徒歩3分。キャナルシティ博多は徒歩7分。,無し（近隣のコインパーキングをご利用ください）,博多,https://img.travel.rakuten.co.jp/share/HOTEL/177039/177039.jpg,https://img.travel.rakuten.co.jp/HIMG/90/177039.jpg,,,https://img.travel.rakuten.co.jp/share/HOTEL/177039/177039map.gif,38.0,3.53,"クチコミの詳細はこちらから　https://review.travel.rakuten.co.jp/hotel/voice/177039?reviewId=33…　2026-05-12 10:43:16投稿 <a href=""https://img.travel.rakuten.co.jp/image/tr/api/re/gJNfM/?f_hotel_no=177039"" class=""3click"">つづきはこちら</a>",b-type,スタンダード B,6101457.0,【返金不可】ご予定が確定している方はこちらがオススメ!!,1,0,0,0,0,2,https://img.travel.rakuten.co.jp/image/tr/api/re/IdsCY/?f_no=177039&f_syu=b-type&f_hi1=2026-05-19&f_hi2=2026-05-20&f_heya_su=1&f_otona_su=1&f_s1=0&f_s2=0&f_y1=0&f_y2=0&f_y3=0&f_y4=0&f_camp_id=6101457,0,2026-05-19,13500,13500,0,2026-05-19,fukuoka
193353,Ａｒｔ　ｉｎｎ　Ｄａｚａｉｆｕ,https://img.travel.rakuten.co.jp/image/tr/api/re/pvonD/?f_no=193353,https://img.travel.rakuten.co.jp/image/tr/api/re/vFumt/?f_no=193353&f_flg=PLAN,,https://img.travel.rakuten.co.jp/image/tr/api/re/gJNfM/?f_hotel_no=193353,あーといんだざいふ,太宰府天満宮と二日市温泉の間にあるホテル、１Ｆにバーもあります。,7800,120601.49,469873.73,818-0103,福岡県,太宰府市朱雀2-25-10,080-7803-1407,000-000-0000,西鉄二日市駅から徒歩２分,有り　2台　1000円（税込み／泊）　要予約,西鉄二日市,https://img.travel.rakuten.co.jp/share/HOTEL/193353/193353.jpg,https://img.travel.rakuten.co.jp/HIMG/90/193353.jpg,,,https://img.travel.rakuten.co.jp/share/HOTEL/193353/193353map.gif,14.0,4.21,,db,ダブル,6120541.0,素泊まりプラン,1,0,0,0,0,1,https://img.travel.rakuten.co.jp/image/tr/api/re/IdsCY/?f_no=193353&f_syu=db&f_hi1=2026-05-19&f_hi2=2026-05-20&f_heya_su=1&f_otona_su=1&f_s1=0&f_s2=0&f_y1=0&f_y2=0&f_y3=0&f_y4=0&f_camp_id=6120541,0,2026-05-19,10800,10800,0,2026-05-19,fukuoka
198355,ホテルリファレンス呉服町コンドミニアム,https://img.travel.rakuten.co.jp/image/tr/api/re/pvonD/?f_no=198355,https://img.travel.rakuten.co.jp/image/tr/api/re/vFumt/?f_no=198355&f_flg=PLAN,,https://img.travel.rakuten.co.jp/image/tr/api/re/gJNfM/?f_hotel_no=198355,ほてるりふぁれんすごふくまちこんどみにあむ,地下鉄呉服町駅より徒歩4分、中州やマリンメッセでのイベントも徒歩で移動可能,6050,120948.87,469483.28,812-0035,福岡県,福岡市博多区中呉服町7-4 リファレンス呉服町,092-402-7420,--,地下鉄箱崎線呉服町駅より徒歩4分,なし,呉服町（福岡）,https://img.travel.rakuten.co.jp/share/HOTEL/198355/198355.jpg,https://img.travel.rakuten.co.jp/HIMG/90/198355.jpg,,,https://img.travel.rakuten.co.jp/share/HOTEL/198355/198355map.gif,2.0,,,gof01,【禁煙】シングルベッド2台のツインルーム【1Kスタイル】,6394850.0,【アパートメントホテル】地下鉄呉服町駅より徒歩4分　2025年12月にリノベ実施【素泊まり】,1,0,0,0,0,2,https://img.travel.rakuten.co.jp/image/tr/api/re/IdsCY/?f_no=198355&f_syu=gof01&f_hi1=2026-05-19&f_hi2=2026-05-20&f_heya_su=1&f_otona_su=1&f_s1=0&f_s2=0&f_y1=0&f_y2=0&f_y3=0&f_y4=0&f_camp_id=6394850,0,2026-05-19,9900,9900,0,2026-05-19,fukuoka
177090,ＨＯＴＥＬ　ＣＵＬＴＩＡ　太宰府,https://img.travel.rakuten.co.jp/image/tr/api/re/pvonD/?f_no=177090,https://img.travel.rakuten.co.jp/image/tr/api/re/vFumt/?f_no=177090&f_flg=PLAN,https://img.travel.rakuten.co.jp/image/tr/api/re/WzozX/?noTomariHotel=177090,https://img.travel.rakuten.co.jp/image/tr/api/re/gJNfM/?f_hotel_no=177090,ほてる　かるてぃあ　だざいふ,【博多駅より車で30分】太宰府天満宮の門前町に溶け込む”CULTURE”ホテル。,34737,120663.63,469930.02,818-0117,福岡県,太宰府市宰府3-3-33,0120-210-289,,西鉄「太宰府」駅より徒歩約5分,有り（無料）※近隣の駐車場をご案内しております,太宰府,https://img.travel.rakuten.co.jp/share/HOTEL/177090/177090.jpg,https://img.travel.rakuten.co.jp/HIMG/90/177090.jpg,,,https://img.travel.rakuten.co.jp/share/HOTEL/177090/177090map.gif,72.0,4.58,,20240125c,KOKOUAN 104号室 37平米,6157224.0,【直前割】福岡産米・地元野菜の炊き合わせなど、体に優しい健康食で穏やかな朝をスタート！＜朝食付＞,1,0,0,1,0,1,https://img.travel.rakuten.co.jp/image/tr/api/re/IdsCY/?f_no=177090&f_syu=20240125c&f_hi1=2026-05-19&f_hi2=2026-05-20&f_heya_su=1&f_otona_su=1&f_s1=0&f_s2=0&f_y1=0&f_y2=0&f_y3=0&f_y4=0&f_camp_id=6157224,0,2026-05-19,64947,64947,0,2026-05-19,fukuoka
197513,ＨＯＴＥＬ　ＦＡＭＩＬＩＡ　Ｈａｋａｔａ　Ｅａｓｔ,https://img.travel.rakuten.co.jp/image/tr/api/re/pvonD/?f_no=197513,https://img.travel.rakuten.co.jp/image/tr/api/re/vFumt/?f_no=197513&f_flg=PLAN,,https://img.travel.rakuten.co.jp/image/tr/api/re/gJNfM/?f_hotel_no=197513,ほてる　ふぁみりあ　はかた　いーすと,アパートメントホテルが誕生！ご自宅のようにご利用いただけます。,2566,120932.82,469531.75,812-0043,福岡県,福岡市博多区堅粕4-12-14,092-409-4892,092-401-1057,博多駅より徒歩10分,なし,博多,https://img.travel.rakuten.co.jp/share/HOTEL/197513/197513.jpg,https://img.travel.rakuten.co.jp/HIMG/90/197513.jpg,,,https://img.travel.rakuten.co.jp/share/HOTEL/197513/197513map.gif,3.0,,,ahito,1ベットルーム　アパートメントA,6314240.0,【素泊まり】スタンダードプラン「迷ったらコレ！」,1,0,0,0,0,2,https://img.travel.rakuten.co.jp/image/tr/api/re/IdsCY/?f_no=197513&f_syu=ahito&f_hi1=2026-05-19&f_hi2=2026-05-20&f_heya_su=1&f_otona_su=1&f_s1=0&f_s2=0&f_y1=0&f_y2=0&f_y3=0&f_y4=0&f_camp_id=6314240,0,2026-05-19,12667,12667,0,2026-05-19,fukuoka
183135,＆ＨＯＴＥＬ　ＨＡＫＡＴＡ,https://img.travel.rakuten.co.jp/image/tr/api/re/pvonD/?f_no=183135,https://img.travel.rakuten.co.jp/image/tr/api/re/vFumt/?f_no=183135&f_flg=PLAN,https://img.travel.rakuten.co.jp/image/tr/api/re/WzozX/?noTomariHotel=183135,https://img.travel.rakuten.co.jp/image/tr/api/re/gJNfM/?f_hotel_no=183135,あんどほてる　はかた,2021年8月オープン。人気カフェ併設のカルチャー系ビジネスホテル。,4672,120929.15,469489.85,812-0039,福岡県,福岡市博多区冷泉町9-6,050-1721-0831,092-235-3903,福岡市営地下鉄 祇園駅より徒歩約4分,駐車場付きプランをご予約ください。※1日1組限定,祇園（福岡）,https://img.travel.rakuten.co.jp/share/HOTEL/183135/183135.jpg,https://img.travel.rakuten.co.jp/HIMG/90/183135.jpg,,,https://img.travel.rakuten.co.jp/share/HOTEL/183135/183135map.gif,82.0,3.43,,2,スタンダード ツインルーム,5205782.0,◆【シンプルステイ】観光やビジネスの拠点に！シンプルでオシャレな空間で過ごす福岡STAY　素泊り,1,0,0,0,0,1,https://img.travel.rakuten.co.jp/image/tr/api/re/IdsCY/?f_no=183135&f_syu=2&f_hi1=2026-05-19&f_hi2=2026-05-20&f_heya_su=1&f_otona_su=1&f_s1=0&f_s2=0&f_y1=0&f_y2=0&f_y3=0&f_y4=0&f_camp_id=5205782,0,2026-05-19,17873,17873,0,2026-05-19,fukuoka
197940,Ｔａｂｉ　ａｎｄ．－ｌｉｇｈｔ－博多０１,https://img.travel.rakuten.co.jp/image/tr/api/re/pvonD/?f_no=197940,https://img.travel.rakuten.co.jp/image/tr/api/re/vFumt/?f_no=197940&f_flg=PLAN,,https://img.travel.rakuten.co.jp/image/tr/api/re/gJNfM/?f_hotel_no=197940,たびあんどらいとはかた01,2025年10月に誕生！新築アパートメント型ホテルです！,2137,120893.03,469553.41,812-0014,福岡県,福岡市博多区比恵町16-10,092-409-4892,092-401-1057,博多駅より徒歩15分,なし,博多,https://img.travel.rakuten.co.jp/share/HOTEL/197940/197940.jpg,https://img.travel.rakuten.co.jp/HIMG/90/197940.jpg,,,https://img.travel.rakuten.co.jp/share/HOTEL/197940/197940map.gif,6.0,4.17,,chito,コンフォート4人部屋C,6361174.0,【素泊まり】スタンダードプラン「迷ったらコレ！」,1,0,0,0,0,2,https://img.travel.rakuten.co.jp/image/tr/api/re/IdsCY/?f_no=197940&f_syu=chito&f_hi1=2026-05-19&f_hi2=2026-05-20&f_heya_su=1&f_otona_su=1&f_s1=0&f_s2=0&f_y1=0&f_y2=0&f_y3=0&f_y4=0&f_camp_id=6361174,0,2026-05-19,23468,23468,0,2026-05-19,fukuoka
67249,割烹旅館　まさご屋,https://img.travel.rakuten.co.jp/image/tr/api/re/pvonD/?f_no=67249,https://img.travel.rakuten.co.jp/image/tr/api/re/vFumt/?f_no=67249&f_flg=PLAN,https://img.travel.rakuten.co.jp/image/tr/api/re/WzozX/?noTomariHotel=67249,https://img.travel.rakuten.co.jp/image/tr/api/re/gJNfM/?f_hotel_no=67249,かっぽう　まさごや,玄界灘を眺望しながら静かなひとときを！！獲れたての魚介類を「まさごや」の技で料理！！,9000,121261.87,469068.97,811-0325,福岡県,福岡市東区勝馬257-5,092-603-6417,092-603-6788,太宰府IC、福岡ICからは都市高速経由「香椎浜ランプ」より海の中道大橋経由で志賀島へ,有り　５０台　無料　予約不要,西戸崎,https://img.travel.rakuten.co.jp/share/HOTEL/67249/67249.jpg,https://img.travel.rakuten.co.jp/HIMG/90/67249.jpg,https://img.travel.rakuten.co.jp/share/HOTEL/67249/67249_wa.jpg,https://img.travel.rakuten.co.jp/HIMG/INTERIOR/67249.jpg,https://img.travel.rakuten.co.jp/share/HOTEL/67249/67249map.gif,44.0,4.73,"近くに干潮の時にしか渡れない神社がありとても神秘的な場所で自然を満喫出来ました。…　2026-05-07 18:55:16投稿 <a href=""https://img.travel.rakuten.co.jp/image/tr/api/re/gJNfM/?f_hotel_no=67249"" class=""3click"">つづきはこちら</a>",201,風呂露天タイプ201号,6411418.0,ゆっくり素泊まりプラン！,1,0,0,0,0,2,https://img.travel.rakuten.co.jp/image/tr/api/re/IdsCY/?f_no=67249&f_syu=201&f_hi1=2026-05-19&f_hi2=2026-05-20&f_heya_su=1&f_otona_su=1&f_s1=0&f_s2=0&f_y1=0&f_y2=0&f_y3=0&f_y4=0&f_camp_id=6411418,0,2026-05-19,16000,16000,0,2026-05-19,fukuoka
196670,アルファベッド博多コンフォート,https://img.travel.rakuten.co.jp/image/tr/api/re/pvonD/?f_no=196670,https://img.travel.rakuten.co.jp/image/tr/api/re/vFumt/?f_no=196670&f_flg=PLAN,,https://img.travel.rakuten.co.jp/image/tr/api/re/gJNfM/?f_hotel_no=196670,あるふぁべっどはかたこんふぉーと,博多駅から徒歩7分。空港からのアクセスも良く、出張にも観光にもオススメ◎コンビニ目の前です♪　,6050,120926.94,469513.14,812‐0011,福岡県,福岡市博多区博多駅前1-28-33,092-235-0045,--,博多駅より徒歩7分/福岡空港から電車で2駅(約5分),なし,博多,https://img.travel.rakuten.co.jp/share/HOTEL/196670/196670.jpg,https://img.travel.rakuten.co.jp/HIMG/90/196670.jpg,,,https://img.travel.rakuten.co.jp/share/HOTEL/196670/196670map.gif,5.0,2.8,,doubletwin,ダブルツインルーム,6255639.0,スタンダードプラン／素泊まり,1,0,0,0,0,2,https://img.travel.rakuten.co.jp/image/tr/api/re/IdsCY/?f_no=196670&f_syu=doubletwin&f_hi1=2026-05-19&f_hi2=2026-05-20&f_heya_su=1&f_otona_su=1&f_s1=0&f_s2=0&f_y1=0&f_y2=0&f_y3=0&f_y4=0&f_camp_id=6255639,0,2026-05-19,16500,16500,0,2026-05-19,fukuoka
184358,Ｈｏｔｅｌ　Ｒｉｔｚａ　ＨＡＫＡＴＡ,https://img.travel.rakuten.co.jp/image/tr/api/re/pvonD/?f_no=184358,https://img.travel.rakuten.co.jp/image/tr/api/re/vFumt/?f_no=184358&f_flg=PLAN,,https://img.travel.rakuten.co.jp/image/tr/api/re/gJNfM/?f_hotel_no=184358,Ｈｏｔｅｌ　Ｒｉｔｚａ　ＨＡＫＡＴＡ,博多駅徒歩１４分,2190,120881.17,469524.77,812-0016,福岡県,福岡市博多区博多駅南2-15-11,092-409-4892, ,博多駅徒歩約１４分,無し,博多,https://img.travel.rakuten.co.jp/share/HOTEL/184358/184358.jpg,https://img.travel.rakuten.co.jp/HIMG/90/184358.jpg,,,https://img.travel.rakuten.co.jp/share/HOTEL/184358/184358map.gif,8.0,4.57,,ahito,コンフォート４人部屋A,6337642.0,【素泊まり】スタンダードプラン「迷ったらコレ！」,1,0,0,0,0,2,https://img.travel.rakuten.co.jp/image/tr/api/re/IdsCY/?f_no=184358&f_syu=ahito&f_hi1=2026-05-19&f_hi2=2026-05-20&f_heya_su=1&f_otona_su=1&f_s1=0&f_s2=0&f_y1=0&f_y2=0&f_y3=0&f_y4=0&f_camp_id=6337642,0,2026-05-19,13280,13280,0,2026-05-19,fukuoka
197237,ＴＨＥ　ＬＡＮＧ　ＨＯＴＥＬ,https://img.travel.rakuten.co.jp/image/tr/api/re/pvonD/?f_no=197237,https://img.travel.rakuten.co.jp/image/tr/api/re/vFumt/?f_no=197237&f_flg=PLAN,,https://img.travel.rakuten.co.jp/image/tr/api/re/gJNfM/?f_hotel_no=197237,ざ　らんぐ　ほてる,リニューアルしてオープン！！,2216,120892.18,469524.8,812-0016,福岡県,福岡市博多区博多駅南1-12-11,092-409-4892,,博多駅より徒歩約１０分,無し,博多,https://img.travel.rakuten.co.jp/share/HOTEL/197237/197237.jpg,https://img.travel.rakuten.co.jp/HIMG/90/197237.jpg,,,https://img.travel.rakuten.co.jp/share/HOTEL/197237/197237map.gif,3.0,,,ahito,コンフォート4人部屋A,6321995.0,【素泊まり】スタンダードプラン「迷ったらコレ！」,1,0,0,0,0,2,https://img.travel.rakuten.co.jp/image/tr/api/re/IdsCY/?f_no=197237&f_syu=ahito&f_hi1=2026-05-19&f_hi2=2026-05-20&f_heya_su=1&f_otona_su=1&f_s1=0&f_s2=0&f_y1=0&f_y2=0&f_y3=0&f_y4=0&f_camp_id=6321995,0,2026-05-19,32001,32001,0,2026-05-19,fukuoka
193033,慶　Ｈｏｔｅｌ　ａｎｄ　Ａｐａｒｔｍｅｎｔ,https://img.travel.rakuten.co.jp/image/tr/api/re/pvonD/?f_no=193033,https://img.travel.rakuten.co.jp/image/tr/api/re/vFumt/?f_no=193033&f_flg=PLAN,,https://img.travel.rakuten.co.jp/image/tr/api/re/gJNfM/?f_hotel_no=193033,けいほてるあんどあぱーとめんと,【無人フロントホテル】内装をリノベーションし、2024年10月リニューアルオープン！,2102,120948.45,469462.76,812-0022,福岡県,福岡市博多区神屋町3-5,092-409-4892,092-401-1057,中洲川端駅より徒歩約10分、博多駅よりお車で約10分,無し,中洲川端,https://img.travel.rakuten.co.jp/share/HOTEL/193033/193033.jpg,https://img.travel.rakuten.co.jp/HIMG/90/193033.jpg,,,https://img.travel.rakuten.co.jp/share/HOTEL/193033/193033map.gif,6.0,4.4,,bhito,スーペリアB,6089717.0,【素泊まり】スタンダードプラン「迷ったらコレ！」,1,0,0,0,0,2,https://img.travel.rakuten.co.jp/image/tr/api/re/IdsCY/?f_no=193033&f_syu=bhito&f_hi1=2026-05-19&f_hi2=2026-05-20&f_heya_su=1&f_otona_su=1&f_s1=0&f_s2=0&f_y1=0&f_y2=0&f_y3=0&f_y4=0&f_camp_id=6089717,0,2026-05-19,32001,32001,0,2026-05-19,fukuoka
181794,グランドベース博多呉服,https://img.travel.rakuten.co.jp/image/tr/api/re/pvonD/?f_no=181794,https://img.travel.rakuten.co.jp/image/tr/api/re/vFumt/?f_no=181794&f_flg=PLAN,https://img.travel.rakuten.co.jp/image/tr/api/re/WzozX/?noTomariHotel=181794,https://img.travel.rakuten.co.jp/image/tr/api/re/gJNfM/?f_hotel_no=181794,ぐらんどべーすはかたごふく,【無人フロントホテル】古き良き街並みの中に新しい風を吹き込む、ナチュラル和モダンな雰囲気のグランドベース博多呉服が登場。,2193,120942.65,469497.21,812-0036,福岡県,福岡市博多区上呉服町7-7,092-409-4892,,地下鉄「呉服町駅」から徒歩6分、博多駅・マリンメッセからはバスで10分（最寄りバス停「呉服町」）,専用駐車場・提携駐車場はございません。 公式サイトから、近隣のコインパーキングをご確認下さい。,福岡空港,https://img.travel.rakuten.co.jp/share/HOTEL/181794/181794.jpg,https://img.travel.rakuten.co.jp/HIMG/90/181794.jpg,,,https://img.travel.rakuten.co.jp/share/HOTEL/181794/181794map.gif,6.0,5.0,,bhito,スーペリアB,4980276.0,【素泊まり】スタンダードプラン「迷ったらコレ！」,1,0,0,0,0,2,https://img.travel.rakuten.co.jp/image/tr/api/re/IdsCY/?f_no=181794&f_syu=bhito&f_hi1=2026-05-19&f_hi2=2026-05-20&f_heya_su=1&f_otona_su=1&f_s1=0&f_s2=0&f_y1=0&f_y2=0&f_y3=0&f_y4=0&f_camp_id=4980276,0,2026-05-19,38001,38001,0,2026-05-19,fukuoka
170315,博多駅まで徒歩５分！　敷地内の激安駐車場あり！オシャレなお部屋で福岡満喫ステイ！　ピコロ博多／民泊,https://img.travel.rakuten.co.jp/image/tr/api/re/pvonD/?f_no=170315,https://img.travel.rakuten.co.jp/image/tr/api/re/vFumt/?f_no=170315&f_flg=PLAN,,https://img.travel.rakuten.co.jp/image/tr/api/re/gJNfM/?f_hotel_no=170315,,２０２１年５月グランドオープン★博多駅まで徒歩７分！観光・グルメ・ショッピング【民泊】,6060,120929.36,469529.59,812-0043,福岡県,福岡市博多区堅粕5-5-20　ピコロ博多,070-8543-3939,000-000-0000,博多駅から徒歩で約７分,有り,博多,https://img.travel.rakuten.co.jp/share/HOTEL/170315/170315.jpg,https://img.travel.rakuten.co.jp/HIMG/90/170315.jpg,,,https://img.travel.rakuten.co.jp/share/HOTEL/170315/170315map.gif,4.0,,,r11331_4,Superior 503,5144602.0,Superior 503,1,0,0,0,0,2,https://img.travel.rakuten.co.jp/image/tr/api/re/IdsCY/?f_no=170315&f_syu=r11331_4&f_hi1=2026-05-19&f_hi2=2026-05-20&f_heya_su=1&f_otona_su=1&f_s1=0&f_s2=0&f_y1=0&f_y2=0&f_y3=0&f_y4=0&f_camp_id=5144602,0,2026-05-19,17278,17278,0,2026-05-19,fukuoka
178602,グランドベース博多住吉,https://img.travel.rakuten.co.jp/image/tr/api/re/pvonD/?f_no=178602,https://img.travel.rakuten.co.jp/image/tr/api/re/vFumt/?f_no=178602&f_flg=PLAN,https://img.travel.rakuten.co.jp/image/tr/api/re/WzozX/?noTomariHotel=178602,https://img.travel.rakuten.co.jp/image/tr/api/re/gJNfM/?f_hotel_no=178602,ぐらんどべーすはかたすみよし,【無人フロントホテル】＜広い客室・キーレス＞住吉バス停７分。全室ソファースペース、キッチン、洗濯機あり,3272,120884.31,469506.57,812-0018,福岡県,福岡市博多区住吉5-6-21,092-409-4892,,博多駅からは徒歩15分！バスなら5分で最寄りの「住吉」に到着、下車後徒歩5分。天神からはバスで10分。,専用駐車場・提携駐車場はございません。 公式サイトから、近隣のコインパーキングをご確認下さい。,博多,https://img.travel.rakuten.co.jp/share/HOTEL/178602/178602.jpg,https://img.travel.rakuten.co.jp/HIMG/90/178602.jpg,https://img.travel.rakuten.co.jp/share/HOTEL/178602/178602_kan1.jpg,https://img.travel.rakuten.co.jp/HIMG/INTERIOR/178602.jpg,https://img.travel.rakuten.co.jp/share/HOTEL/178602/178602map.gif,17.0,4.0,,ahito,ベーシックA,4733494.0,【素泊まり】スタンダードプラン「迷ったらコレ！」,1,0,0,0,0,2,https://img.travel.rakuten.co.jp/image/tr/api/re/IdsCY/?f_no=178602&f_syu=ahito&f_hi1=2026-05-19&f_hi2=2026-05-20&f_heya_su=1&f_otona_su=1&f_s1=0&f_s2=0&f_y1=0&f_y2=0&f_y3=0&f_y4=0&f_camp_id=4733494,0,2026-05-19,15868,15868,0,2026-05-19,fukuoka
181880,Ｖｉｅｕｎｏ　Ｓｔａｙ　Ｈａｋａｔａ２（ビューノステイハカタ２）,https://img.travel.rakuten.co.jp/image/tr/api/re/pvonD/?f_no=181880,https://img.travel.rakuten.co.jp/image/tr/api/re/vFumt/?f_no=181880&f_flg=PLAN,https://img.travel.rakuten.co.jp/image/tr/api/re/WzozX/?noTomariHotel=181880,https://img.travel.rakuten.co.jp/image/tr/api/re/gJNfM/?f_hotel_no=181880,びゅーの　すてい　はかた２,最寄り駅から徒歩1分♪住むように泊まれるアパートメントホテル♪,1976,120957.69,469504.98,812-0044,福岡県,福岡市博多区千代1丁目19-9,050-1720-7129,,千代県庁口駅から徒歩1分,無し,千代県庁口,https://img.travel.rakuten.co.jp/share/HOTEL/181880/181880.jpg,https://img.travel.rakuten.co.jp/HIMG/90/181880.jpg,,,https://img.travel.rakuten.co.jp/share/HOTEL/181880/181880map.gif,11.0,4.0,,theater,デラックスシアタールーム,5278968.0,【直前割3】チェックイン3日前以内のご予約でお得にご宿泊プラン♪,1,0,0,0,0,1,https://img.travel.rakuten.co.jp/image/tr/api/re/IdsCY/?f_no=181880&f_syu=theater&f_hi1=2026-05-19&f_hi2=2026-05-20&f_heya_su=1&f_otona_su=1&f_s1=0&f_s2=0&f_y1=0&f_y2=0&f_y3=0&f_y4=0&f_camp_id=5278968,0,2026-05-19,11700,11700,0,2026-05-19,fukuoka
197236,Ａｄｖａｎｃｅｄ　Ｓｔａｙ　Ｈａｋａｔａ,https://img.travel.rakuten.co.jp/image/tr/api/re/pvonD/?f_no=197236,https://img.travel.rakuten.co.jp/image/tr/api/re/vFumt/?f_no=197236&f_flg=PLAN,,https://img.travel.rakuten.co.jp/image/tr/api/re/gJNfM/?f_hotel_no=197236,あどばんすどすていはかた,2025年8月アパートメントホテルがリニューアルオープン！,2263,120882.44,469504.56,812-0018,福岡県,福岡市博多区住吉5-18-19,092-409-4892,092-401-1057,博多駅より徒歩約１５分,無し,博多,https://img.travel.rakuten.co.jp/share/HOTEL/197236/197236.jpg,https://img.travel.rakuten.co.jp/HIMG/90/197236.jpg,,,https://img.travel.rakuten.co.jp/share/HOTEL/197236/197236map.gif,4.0,,,bhito,スタンダードダブルB,6298989.0,【素泊まり】スタンダードプラン「迷ったらコレ！」,1,0,0,0,0,2,https://img.travel.rakuten.co.jp/image/tr/api/re/IdsCY/?f_no=197236&f_syu=bhito&f_hi1=2026-05-19&f_hi2=2026-05-20&f_heya_su=1&f_otona_su=1&f_s1=0&f_s2=0&f_y1=0&f_y2=0&f_y3=0&f_y4=0&f_camp_id=6298989,0,2026-05-19,13227,13227,0,2026-05-19,fukuoka
182327,グランドベース博多プレミアム,https://img.travel.rakuten.co.jp/image/tr/api/re/pvonD/?f_no=182327,https://img.travel.rakuten.co.jp/image/tr/api/re/vFumt/?f_no=182327&f_flg=PLAN,https://img.travel.rakuten.co.jp/image/tr/api/re/WzozX/?noTomariHotel=182327,https://img.travel.rakuten.co.jp/image/tr/api/re/gJNfM/?f_hotel_no=182327,ぐらんどべーすはかたぷれみあむ,【無人フロントホテル】観光・ビジネスの拠点としての機能を兼ね備えた新スタイルホテル。,2110,120890.24,469497.9,812-0018,福岡県,福岡市博多区住吉4-9-12,092-409-4892,,博多駅から徒歩10分、「住吉」バス停から徒歩2分。福岡空港からお車にて約２０分。,専用駐車場・提携駐車場はございません。 公式サイトから、近隣のコインパーキングをご確認下さい。,福岡空港,https://img.travel.rakuten.co.jp/share/HOTEL/182327/182327.jpg,https://img.travel.rakuten.co.jp/HIMG/90/182327.jpg,,,https://img.travel.rakuten.co.jp/share/HOTEL/182327/182327map.gif,24.0,4.5,,bhito,スタンダードB,5078936.0,【素泊まり】スタンダードプラン「迷ったらコレ！」,1,0,0,0,0,2,https://img.travel.rakuten.co.jp/image/tr/api/re/IdsCY/?f_no=182327&f_syu=bhito&f_hi1=2026-05-19&f_hi2=2026-05-20&f_heya_su=1&f_otona_su=1&f_s1=0&f_s2=0&f_y1=0&f_y2=0&f_y3=0&f_y4=0&f_camp_id=5078936,0,2026-05-19,15382,15382,0,2026-05-19,fukuoka
184818,ＨＩＲＯビル,https://img.travel.rakuten.co.jp/image/tr/api/re/pvonD/?f_no=184818,https://img.travel.rakuten.co.jp/image/tr/api/re/vFumt/?f_no=184818&f_flg=PLAN,,https://img.travel.rakuten.co.jp/image/tr/api/re/gJNfM/?f_hotel_no=184818,ひろびる,博多駅からのアクセス良好！1部屋80㎡以上の広々コンドミニアムスタイルの宿泊施設です★,2886,120883.65,469520.28,812-0011,福岡県,福岡市博多区博多駅前4-25-14,092-409-4892,,博多駅から徒歩14分、バスで10分（「駅前四丁目」で下車）,敷地内に有料コインパーキング有（3台）,博多,https://img.travel.rakuten.co.jp/share/HOTEL/184818/184818.jpg,https://img.travel.rakuten.co.jp/HIMG/90/184818.jpg,,,https://img.travel.rakuten.co.jp/share/HOTEL/184818/184818map.gif,3.0,,,ahito,スタンダードA,5604592.0,【素泊まり】スタンダードプラン「迷ったらコレ！」,1,0,0,0,0,2,https://img.travel.rakuten.co.jp/image/tr/api/re/IdsCY/?f_no=184818&f_syu=ahito&f_hi1=2026-05-19&f_hi2=2026-05-20&f_heya_su=1&f_otona_su=1&f_s1=0&f_s2=0&f_y1=0&f_y2=0&f_y3=0&f_y4=0&f_camp_id=5604592,0,2026-05-19,19201,19201,0,2026-05-19,fukuoka
181271,グランドベース博多ステーション,https://img.travel.rakuten.co.jp/image/tr/api/re/pvonD/?f_no=181271,https://img.travel.rakuten.co.jp/image/tr/api/re/vFumt/?f_no=181271&f_flg=PLAN,https://img.travel.rakuten.co.jp/image/tr/api/re/WzozX/?noTomariHotel=181271,https://img.travel.rakuten.co.jp/image/tr/api/re/gJNfM/?f_hotel_no=181271,ぐらんどべーすはかたすてーしょん,【無人フロントホテル】天神・博多へアクセス良好◎,2242,120886.87,469529.12,812-0016,福岡県,福岡市博多区博多駅南2-11-7,092-409-4892,,博多駅より徒歩10分,専用駐車場・提携駐車場はございません。 公式サイトから、近隣のコインパーキングをご確認下さい。,福岡空港,https://img.travel.rakuten.co.jp/share/HOTEL/181271/181271.jpg,https://img.travel.rakuten.co.jp/HIMG/90/181271.jpg,,,https://img.travel.rakuten.co.jp/share/HOTEL/181271/181271map.gif,3.0,,,bhito,スーペリアB,4895738.0,【素泊まり】スタンダードプラン「迷ったらコレ！」,1,0,0,0,0,2,https://img.travel.rakuten.co.jp/image/tr/api/re/IdsCY/?f_no=181271&f_syu=bhito&f_hi1=2026-05-19&f_hi2=2026-05-20&f_heya_su=1&f_otona_su=1&f_s1=0&f_s2=0&f_y1=0&f_y2=0&f_y3=0&f_y4=0&f_camp_id=4895738,0,2026-05-19,60000,60000,0,2026-05-19,fukuoka
198371,Ｌｉｖｉｎｇ　ｌｉｋｅ　Ｈｏｔｅｌ　博多駅南,https://img.travel.rakuten.co.jp/image/tr/api/re/pvonD/?f_no=198371,https://img.travel.rakuten.co.jp/image/tr/api/re/vFumt/?f_no=198371&f_flg=PLAN,,https://img.travel.rakuten.co.jp/image/tr/api/re/gJNfM/?f_hotel_no=198371,りびんぐらいくほてるはかたえきみなみ,駅近ホテルで市街地へのアクセスも良好です！,3400,120879.74,469527.76,812-0016,福岡県,福岡市博多区博多駅南2-18-15,092-292-1015,--,博多駅よりお車で約4分、徒歩で14分,なし,博多,https://img.travel.rakuten.co.jp/share/HOTEL/198371/198371.jpg,https://img.travel.rakuten.co.jp/HIMG/90/198371.jpg,,,https://img.travel.rakuten.co.jp/share/HOTEL/198371/198371map.gif,6.0,3.83,,l25hp12mec,【全室禁煙】ファミリースイート,6458223.0,【返金不可プラン】ご予定が決まった方はこちらから！（2w）,1,0,0,0,0,2,https://img.travel.rakuten.co.jp/image/tr/api/re/IdsCY/?f_no=198371&f_syu=l25hp12mec&f_hi1=2026-05-19&f_hi2=2026-05-20&f_heya_su=1&f_otona_su=1&f_s1=0&f_s2=0&f_y1=0&f_y2=0&f_y3=0&f_y4=0&f_camp_id=6458223,0,2026-05-19,13300,13300,0,2026-05-19,fukuoka
183197,グランドベース博多南,https://img.travel.rakuten.co.jp/image/tr/api/re/pvonD/?f_no=183197,https://img.travel.rakuten.co.jp/image/tr/api/re/vFumt/?f_no=183197&f_flg=PLAN,https://img.travel.rakuten.co.jp/image/tr/api/re/WzozX/?noTomariHotel=183197,https://img.travel.rakuten.co.jp/image/tr/api/re/gJNfM/?f_hotel_no=183197,ぐらんどべーすはかたみなみ,博多駅筑紫口から徒歩１３分。長期連泊にも便利な設備が充実。※荷物預かり不可,2584,120878.82,469526.94,812-0016,福岡県,福岡市博多区博多駅南2-19-21,050-1720-7129, ,博多駅より徒歩で約１３分,無し,博多,https://img.travel.rakuten.co.jp/share/HOTEL/183197/183197.jpg,https://img.travel.rakuten.co.jp/HIMG/90/183197.jpg,,,https://img.travel.rakuten.co.jp/share/HOTEL/183197/183197map.gif,26.0,3.14,,triple,デラックストリプル,5242849.0,【直前割3】チェックイン3日前以内のご予約でお得にご宿泊プラン♪,1,0,0,0,0,1,https://img.travel.rakuten.co.jp/image/tr/api/re/IdsCY/?f_no=183197&f_syu=triple&f_hi1=2026-05-19&f_hi2=2026-05-20&f_heya_su=1&f_otona_su=1&f_s1=0&f_s2=0&f_y1=0&f_y2=0&f_y3=0&f_y4=0&f_camp_id=5242849,0,2026-05-19,15300,15300,0,2026-05-19,fukuoka
193496,Ｉｖｏｒｙ駅東,https://img.travel.rakuten.co.jp/image/tr/api/re/pvonD/?f_no=193496,https://img.travel.rakuten.co.jp/image/tr/api/re/vFumt/?f_no=193496&f_flg=PLAN,,https://img.travel.rakuten.co.jp/image/tr/api/re/gJNfM/?f_hotel_no=193496,あいぼりーえきひがし,洗濯機・キッチン完備！自宅のように過ごせます,2752,120925.15,469528.48,812-0013,福岡県,福岡市博多区博多駅東1-7-2,092-409-4892,092-401-1057,博多駅より徒歩約７分,無し,博多,https://img.travel.rakuten.co.jp/share/HOTEL/193496/193496.jpg,https://img.travel.rakuten.co.jp/HIMG/90/193496.jpg,,,https://img.travel.rakuten.co.jp/share/HOTEL/193496/193496map.gif,,,,bhito1,スーペリアシングルB,6129626.0,【素泊まり】スタンダードプラン「迷ったらコレ！」,1,0,0,0,0,2,https://img.travel.rakuten.co.jp/image/tr/api/re/IdsCY/?f_no=193496&f_syu=bhito1&f_hi1=2026-05-19&f_hi2=2026-05-20&f_heya_su=1&f_otona_su=1&f_s1=0&f_s2=0&f_y1=0&f_y2=0&f_y3=0&f_y4=0&f_camp_id=6129626,0,2026-05-19,8667,8667,0,2026-05-19,fukuoka
192693,Ｇｒａｎｄ　Ｐｒｉｍｅ　ＨＡＫＡＴＡ　ＨＯＴＥＬ,https://img.travel.rakuten.co.jp/image/tr/api/re/pvonD/?f_no=192693,https://img.travel.rakuten.co.jp/image/tr/api/re/vFumt/?f_no=192693&f_flg=PLAN,,https://img.travel.rakuten.co.jp/image/tr/api/re/gJNfM/?f_hotel_no=192693,ぐらんどぷらいむはかたほてる,【無人フロントホテル】２０２４年８月グランドオープン！「キャナルシティ博多」目の前の好立地！,2193,120905.21,469491.13,812-0018,福岡県,福岡市博多区住吉2-16-12,092-409-4892,092-401-1057,ＪＲ博多駅より徒歩約１２分、地下鉄櫛田神社前駅より徒歩約６分,無し,博多,https://img.travel.rakuten.co.jp/share/HOTEL/192693/192693.jpg,https://img.travel.rakuten.co.jp/HIMG/90/192693.jpg,,,https://img.travel.rakuten.co.jp/share/HOTEL/192693/192693map.gif,4.0,,,chito,スーペリア4人部屋C,6027499.0,【素泊まり】スタンダードプラン「迷ったらコレ！」,1,0,0,0,0,2,https://img.travel.rakuten.co.jp/image/tr/api/re/IdsCY/?f_no=192693&f_syu=chito&f_hi1=2026-05-19&f_hi2=2026-05-20&f_heya_su=1&f_otona_su=1&f_s1=0&f_s2=0&f_y1=0&f_y2=0&f_y3=0&f_y4=0&f_camp_id=6027499,0,2026-05-19,12000,12000,0,2026-05-19,fukuoka
173742,１０５　Ｃｏｚｙ　ａｎｄ　Ｃｌｅａｎｌｉｎｅｓｓ　Ａｐａｒｔｍｅｎｔ／民泊,https://img.travel.rakuten.co.jp/image/tr/api/re/pvonD/?f_no=173742,https://img.travel.rakuten.co.jp/image/tr/api/re/vFumt/?f_no=173742&f_flg=PLAN,,https://img.travel.rakuten.co.jp/image/tr/api/re/gJNfM/?f_hotel_no=173742,,とても静かな空気が良い住宅街です。長期ゲストも来られます。【民泊】,6187,121086.12,469628.86,813-0036,福岡県,福岡市東区若宮3-1-19　ユートピア若宮105号,080-7003-2290,000-000-0000,舞松原駅より徒歩にて約２０分,無し,舞松原,https://img.travel.rakuten.co.jp/share/HOTEL/173742/173742.jpg,https://img.travel.rakuten.co.jp/HIMG/90/173742.jpg,https://img.travel.rakuten.co.jp/share/HOTEL/173742/173742_kan1.jpg,https://img.travel.rakuten.co.jp/HIMG/INTERIOR/173742.jpg,https://img.travel.rakuten.co.jp/share/HOTEL/173742/173742map.gif,1.0,,,54198_5161,105号PEKO’s   HOUSE,4723317.0,105号  QUIET  And  COZY,1,0,0,0,0,2,https://img.travel.rakuten.co.jp/image/tr/api/re/IdsCY/?f_no=173742&f_syu=54198_5161&f_hi1=2026-05-19&f_hi2=2026-05-20&f_heya_su=1&f_otona_su=1&f_s1=0&f_s2=0&f_y1=0&f_y2=0&f_y3=0&f_y4=0&f_camp_id=4723317,0,2026-05-19,12760,12760,0,2026-05-19,fukuoka
173809,２０７　ＰＥＫＯ＇ｓＨＯＵＳＥ／民泊,https://img.travel.rakuten.co.jp/image/tr/api/re/pvonD/?f_no=173809,https://img.travel.rakuten.co.jp/image/tr/api/re/vFumt/?f_no=173809&f_flg=PLAN,,https://img.travel.rakuten.co.jp/image/tr/api/re/gJNfM/?f_hotel_no=173809,,【民泊】,6187,121086.12,469628.86,813-0036,福岡県,福岡市東区若宮3-1-19,080-7003-2290,000-000-0000,舞松原駅より徒歩にて約４分,無し,舞松原,https://img.travel.rakuten.co.jp/share/HOTEL/173809/173809.jpg,https://img.travel.rakuten.co.jp/HIMG/90/173809.jpg,https://img.travel.rakuten.co.jp/share/HOTEL/173809/173809_kan1.jpg,https://img.travel.rakuten.co.jp/HIMG/INTERIOR/173809.jpg,https://img.travel.rakuten.co.jp/share/HOTEL/173809/173809map.gif,,,,55488_5372,PEKO’S  HOUSE  207,4723294.0,207 Pocket WIFI!Quiet and Cozy,1,0,0,0,0,2,https://img.travel.rakuten.co.jp/image/tr/api/re/IdsCY/?f_no=173809&f_syu=55488_5372&f_hi1=2026-05-19&f_hi2=2026-05-20&f_heya_su=1&f_otona_su=1&f_s1=0&f_s2=0&f_y1=0&f_y2=0&f_y3=0&f_y4=0&f_camp_id=4723294,0,2026-05-19,12760,12760,0,2026-05-19,fukuoka
174724,ユートピア若宮１０６／民泊,https://img.travel.rakuten.co.jp/image/tr/api/re/pvonD/?f_no=174724,https://img.travel.rakuten.co.jp/image/tr/api/re/vFumt/?f_no=174724&f_flg=PLAN,,https://img.travel.rakuten.co.jp/image/tr/api/re/gJNfM/?f_hotel_no=174724,,とても静かな空気が良い山の手の住宅街です。長期滞在の固定ゲストもいらっしゃいます。【民泊】,7830,121086.12,469628.86,813-0036,福岡県,福岡市東区若宮3-1-19,080-7003-2290,000-000-0000,舞松原駅より徒歩にて約２０分,無し,舞松原,https://img.travel.rakuten.co.jp/share/HOTEL/174724/174724.jpg,https://img.travel.rakuten.co.jp/HIMG/90/174724.jpg,https://img.travel.rakuten.co.jp/share/HOTEL/174724/174724_kan1.jpg,https://img.travel.rakuten.co.jp/HIMG/INTERIOR/174724.jpg,https://img.travel.rakuten.co.jp/share/HOTEL/174724/174724map.gif,,,,r5141_2,106 PEKO’s   HOUSE,4756099.0,106 Cozy and Cleanliness Apartment,1,0,0,0,0,2,https://img.travel.rakuten.co.jp/image/tr/api/re/IdsCY/?f_no=174724&f_syu=r5141_2&f_hi1=2026-05-19&f_hi2=2026-05-20&f_heya_su=1&f_otona_su=1&f_s1=0&f_s2=0&f_y1=0&f_y2=0&f_y3=0&f_y4=0&f_camp_id=4756099,0,2026-05-19,12760,12760,0,2026-05-19,fukuoka
176673,ＣＯＣＯ　Ｆｕｋｕｏｋａ　Ｃｈｉｙｏ,https://img.travel.rakuten.co.jp/image/tr/api/re/pvonD/?f_no=176673,https://img.travel.rakuten.co.jp/image/tr/api/re/vFumt/?f_no=176673&f_flg=PLAN,,https://img.travel.rakuten.co.jp/image/tr/api/re/gJNfM/?f_hotel_no=176673,ここ　ふくおか　ちよ,全室洗濯機を完備した、長期滞在者向けのサービスアパートメントです。,11500,120946.78,469508.51,812-0044,福岡県,福岡市博多区千代2-4-27　プレアール千代,080-3428-7912,,千代県庁口駅より徒歩にて約５分,無し,千代県庁口,https://img.travel.rakuten.co.jp/share/HOTEL/176673/176673.jpg,https://img.travel.rakuten.co.jp/HIMG/90/176673.jpg,,,https://img.travel.rakuten.co.jp/share/HOTEL/176673/176673map.gif,6.0,3.0,,904,Double Room 904,,,1,0,0,0,0,2,https://img.travel.rakuten.co.jp/image/tr/api/re/IdsCY/?f_no=176673&f_syu=904&f_hi1=2026-05-19&f_hi2=2026-05-20&f_heya_su=1&f_otona_su=1&f_s1=0&f_s2=0&f_y1=0&f_y2=0&f_y3=0&f_y4=0,1,2026-05-19,13000,13000,1,2026-05-19,fukuoka
195591,ＬｕｘｕｒｙＳｗｅｅｔ博多駅南６１／民泊,https://img.travel.rakuten.co.jp/image/tr/api/re/pvonD/?f_no=195591,https://img.travel.rakuten.co.jp/image/tr/api/re/vFumt/?f_no=195591&f_flg=PLAN,,https://img.travel.rakuten.co.jp/image/tr/api/re/gJNfM/?f_hotel_no=195591,, ,8961,120868.39,469549.42,812-0016,福岡県,福岡市博多区博多駅南5-6-34　modern palazzo 博多南 Vogue601,070-4732-0719,00-0000-0000,竹下駅から徒歩で4分,あり,竹下,https://img.travel.rakuten.co.jp/share/HOTEL/195591/195591.jpg,https://img.travel.rakuten.co.jp/HIMG/90/195591.jpg,,,https://img.travel.rakuten.co.jp/share/HOTEL/195591/195591map.gif,,,,r21001_4,LuxurySweet博多駅南61,6371916.0,New!LuxurySweet博多駅南61・最大3~4人、博多駅車で5分・新築,1,0,0,0,0,2,https://img.travel.rakuten.co.jp/image/tr/api/re/IdsCY/?f_no=195591&f_syu=r21001_4&f_hi1=2026-05-19&f_hi2=2026-05-20&f_heya_su=1&f_otona_su=1&f_s1=0&f_s2=0&f_y1=0&f_y2=0&f_y3=0&f_y4=0&f_camp_id=6371916,0,2026-05-19,13804,13804,0,2026-05-19,fukuoka
199917,Ｌｕｘｕｒｙ　Ｓｗｅｅｔ博多駅南４２／民泊,https://img.travel.rakuten.co.jp/image/tr/api/re/pvonD/?f_no=199917,https://img.travel.rakuten.co.jp/image/tr/api/re/vFumt/?f_no=199917&f_flg=PLAN,,https://img.travel.rakuten.co.jp/image/tr/api/re/gJNfM/?f_hotel_no=199917,, ,8961,120868.39,469549.42,812-0016,福岡県,福岡市博多区博多駅南5-6-34 ｍｏｄｅｒｎ　ｐａｌａｚｚｏ博多駅南Ｖｏｇｕｅ４０２,070-4732-0719,00-0000-0000,竹下駅から徒歩で4分,なし,竹下,https://img.travel.rakuten.co.jp/share/HOTEL/199917/199917.jpg,https://img.travel.rakuten.co.jp/HIMG/90/199917.jpg,,,https://img.travel.rakuten.co.jp/share/HOTEL/199917/199917map.gif,,,,r21949_4,LuxurySweet博多駅南42,6441858.0,New!LuxurySweet博多駅南42・最大3~4人、博多駅車で5分・新築,1,0,0,0,0,2,https://img.travel.rakuten.co.jp/image/tr/api/re/IdsCY/?f_no=199917&f_syu=r21949_4&f_hi1=2026-05-19&f_hi2=2026-05-20&f_heya_su=1&f_otona_su=1&f_s1=0&f_s2=0&f_y1=0&f_y2=0&f_y3=0&f_y4=0&f_camp_id=6441858,0,2026-05-19,13804,13804,0,2026-05-19,fukuoka
194228,ＳＴＡＩＲＳ　ＨＯＴＥＬ　２０３　＾,https://img.travel.rakuten.co.jp/image/tr/api/re/pvonD/?f_no=194228,https://img.travel.rakuten.co.jp/image/tr/api/re/vFumt/?f_no=194228&f_flg=PLAN,,https://img.travel.rakuten.co.jp/image/tr/api/re/gJNfM/?f_hotel_no=194228,,「ＳＴＡＩＲＳ　ＨＯＴＥＬ」は、健康志向な旅行者の拠点に最適です。,5230,120872.97,469375.37,810-0044,福岡県,福岡市中央区六本松2-2-8　ジェンティーレ六本松ＩＩ　203号室,080-1794-8140,000-000-0000,六本松駅から徒歩で約１分,無し,薬院,https://img.travel.rakuten.co.jp/share/HOTEL/194228/194228.jpg,https://img.travel.rakuten.co.jp/HIMG/90/194228.jpg,,,https://img.travel.rakuten.co.jp/share/HOTEL/194228/194228map.gif,,,,1175901_4,スタンダードルーム,6208282.0,登るホテル STAIRS HOTEL 203 / 長期滞在に最適な1R /ろっぽんまつ駅徒歩4分,1,0,0,0,0,2,https://img.travel.rakuten.co.jp/image/tr/api/re/IdsCY/?f_no=194228&f_syu=1175901_4&f_hi1=2026-05-19&f_hi2=2026-05-20&f_heya_su=1&f_otona_su=1&f_s1=0&f_s2=0&f_y1=0&f_y2=0&f_y3=0&f_y4=0&f_camp_id=6208282,0,2026-05-19,15080,15080,0,2026-05-19,fukuoka
173597,ＳＯＮＩＣ　ＡＰＡＲＴＭＥＮＴ　ＨＯＴＥＬ　＾,https://img.travel.rakuten.co.jp/image/tr/api/re/pvonD/?f_no=173597,https://img.travel.rakuten.co.jp/image/tr/api/re/vFumt/?f_no=173597&f_flg=PLAN,,https://img.travel.rakuten.co.jp/image/tr/api/re/gJNfM/?f_hotel_no=173597,,駐車場無料！太宰府天満宮、太宰府駅まで徒歩２分の立地良しの楽しさ一杯のアパートメントホテル,11484,120663.84,469922.27,818-0117,福岡県,太宰府市宰府3-4-16,092-922-1850,000-000-0000,太宰府駅より徒歩にて約１分,有り,太宰府,https://img.travel.rakuten.co.jp/share/HOTEL/173597/173597.jpg,https://img.travel.rakuten.co.jp/HIMG/90/173597.jpg,https://img.travel.rakuten.co.jp/share/HOTEL/173597/173597_kan1.jpg,https://img.travel.rakuten.co.jp/HIMG/INTERIOR/173597.jpg,https://img.travel.rakuten.co.jp/share/HOTEL/173597/173597map.gif,21.0,1.67,,36940,スタンダードルーム,4713472.0,太宰府駅徒歩2分!観光にアクセス最高のアパートメントホテル!無料駐車場有!No5,1,0,0,0,0,2,https://img.travel.rakuten.co.jp/image/tr/api/re/IdsCY/?f_no=173597&f_syu=36940&f_hi1=2026-05-19&f_hi2=2026-05-20&f_heya_su=1&f_otona_su=1&f_s1=0&f_s2=0&f_y1=0&f_y2=0&f_y3=0&f_y4=0&f_camp_id=4713472,0,2026-05-19,16008,16008,0,2026-05-19,fukuoka
197857,ＬＯＮＧ　ＶＡＣＡＴＩＯＮ　ＲＥＳＯＲＴ,https://img.travel.rakuten.co.jp/image/tr/api/re/pvonD/?f_no=197857,https://img.travel.rakuten.co.jp/image/tr/api/re/vFumt/?f_no=197857&f_flg=PLAN,,https://img.travel.rakuten.co.jp/image/tr/api/re/gJNfM/?f_hotel_no=197857,ろんぐばけーしょんりぞーと,博多湾を一望できる最高のロケーション。プールと露天風呂のあるリゾートグランピングで極上のひとときを…,12900,121127.64,469258.06,811-0321,福岡県,福岡市東区西戸崎5-24-1,092-260-8885,092-260-8503,JR西戸崎駅から徒歩16分／お車でお越しの場合、海の中道から「海浜公園南」交差点を左折した直後に右折,あり　100台　無料　先着順,西戸崎,https://img.travel.rakuten.co.jp/share/HOTEL/197857/197857.jpg,https://img.travel.rakuten.co.jp/HIMG/90/197857.jpg,,,https://img.travel.rakuten.co.jp/share/HOTEL/197857/197857map.gif,4.0,,,003,【サウナ＆露天バスタブ付】離れタイプの客室,6440925.0,【無料送迎付き｜素泊まり】PayPayドーム福岡・マリンメッセ福岡送迎◆ライブ・イベントにおすすめ,1,0,0,0,0,1,https://img.travel.rakuten.co.jp/image/tr/api/re/IdsCY/?f_no=197857&f_syu=003&f_hi1=2026-05-19&f_hi2=2026-05-20&f_heya_su=1&f_otona_su=1&f_s1=0&f_s2=0&f_y1=0&f_y2=0&f_y3=0&f_y4=0&f_camp_id=6440925,0,2026-05-19,16900,16900,0,2026-05-19,fukuoka
192994,ホテルサリフォート博多,https://img.travel.rakuten.co.jp/image/tr/api/re/pvonD/?f_no=192994,https://img.travel.rakuten.co.jp/image/tr/api/re/vFumt/?f_no=192994&f_flg=PLAN,,https://img.travel.rakuten.co.jp/image/tr/api/re/gJNfM/?f_hotel_no=192994,さりふぉーとはかた,【無人フロントホテル】２０２４年１０月グランドオープン！博多駅からも空港からもアクセス良好です◎,1885,120939.38,469528.74,812-0043,福岡県,福岡市博多区堅粕3-6-7,092-409-4892,092-401-1057,博多駅よりお車で約５分、福岡空港国内線よりお車で約１２分,無し,博多,https://img.travel.rakuten.co.jp/share/HOTEL/192994/192994.jpg,https://img.travel.rakuten.co.jp/HIMG/90/192994.jpg,,,https://img.travel.rakuten.co.jp/share/HOTEL/192994/192994map.gif,,,,bhito,クラシックB,6084429.0,【素泊まり】スタンダードプラン「迷ったらコレ！」,1,0,0,0,0,2,https://img.travel.rakuten.co.jp/image/tr/api/re/IdsCY/?f_no=192994&f_syu=bhito&f_hi1=2026-05-19&f_hi2=2026-05-20&f_heya_su=1&f_otona_su=1&f_s1=0&f_s2=0&f_y1=0&f_y2=0&f_y3=0&f_y4=0&f_camp_id=6084429,0,2026-05-19,17067,17067,0,2026-05-19,fukuoka
193858,ハイネス五条／民泊,https://img.travel.rakuten.co.jp/image/tr/api/re/pvonD/?f_no=193858,https://img.travel.rakuten.co.jp/image/tr/api/re/vFumt/?f_no=193858&f_flg=PLAN,,https://img.travel.rakuten.co.jp/image/tr/api/re/gJNfM/?f_hotel_no=193858,,　,8275,120634.37,469918.25,818-0125,福岡県,太宰府市五条4-14-6　ハイネス五条,090-6931-6019,000-000-0000,西鉄五条駅から徒歩で約２分,無し,西鉄五条,https://img.travel.rakuten.co.jp/share/HOTEL/193858/193858.jpg,https://img.travel.rakuten.co.jp/HIMG/90/193858.jpg,,,https://img.travel.rakuten.co.jp/share/HOTEL/193858/193858map.gif,1.0,,,r18191_3,105,6155030.0,太宰府天満宮まで徒歩15分★観光・お仕事に!,1,0,0,0,0,2,https://img.travel.rakuten.co.jp/image/tr/api/re/IdsCY/?f_no=193858&f_syu=r18191_3&f_hi1=2026-05-19&f_hi2=2026-05-20&f_heya_su=1&f_otona_su=1&f_s1=0&f_s2=0&f_y1=0&f_y2=0&f_y3=0&f_y4=0&f_camp_id=6155030,0,2026-05-19,17864,17864,0,2026-05-19,fukuoka
200010,リトリートコート博多〈住吉〉　＾,https://img.travel.rakuten.co.jp/image/tr/api/re/pvonD/?f_no=200010,https://img.travel.rakuten.co.jp/image/tr/api/re/vFumt/?f_no=200010&f_flg=PLAN,,https://img.travel.rakuten.co.jp/image/tr/api/re/gJNfM/?f_hotel_no=200010,,【NEW OPEN】リトリートコート博多｜インタ&#12441;ストリアル部屋｜ワークスペース・PCモニター｜3名,6334,120881.11,469502.43,812-0018,福岡県,福岡市博多区住吉5-19-6-302 Ｓビル,080-6453-1909,00-0000-0000,渡辺通駅から徒歩で6分,なし,薬院,https://img.travel.rakuten.co.jp/share/HOTEL/200010/200010.jpg,https://img.travel.rakuten.co.jp/HIMG/90/200010.jpg,,,https://img.travel.rakuten.co.jp/share/HOTEL/200010/200010map.gif,,,,1501487_3,スタンダードルーム,6451046.0,リトリートコート博多住吉,1,0,0,0,0,2,https://img.travel.rakuten.co.jp/image/tr/api/re/IdsCY/?f_no=200010&f_syu=1501487_3&f_hi1=2026-05-19&f_hi2=2026-05-20&f_heya_su=1&f_otona_su=1&f_s1=0&f_s2=0&f_y1=0&f_y2=0&f_y3=0&f_y4=0&f_camp_id=6451046,0,2026-05-19,19001,19001,0,2026-05-19,fukuoka
174565,ＦＬＡＴ　ＨＯＵＳＥ　ｖｉｌｌａ／民泊,https://img.travel.rakuten.co.jp/image/tr/api/re/pvonD/?f_no=174565,https://img.travel.rakuten.co.jp/image/tr/api/re/vFumt/?f_no=174565&f_flg=PLAN,,https://img.travel.rakuten.co.jp/image/tr/api/re/gJNfM/?f_hotel_no=174565,,築５０年以上の古い米兵用住宅＝米軍ハウスで　ゆったりした時間を過ごしませんか。【民泊】,6090,121120.58,469277.08,811-0321,福岡県,福岡市東区西戸崎4-18-1,090-6489-5725,000-000-0000,西戸崎駅より徒歩にて約３分,有り,西戸崎,https://img.travel.rakuten.co.jp/share/HOTEL/174565/174565.jpg,https://img.travel.rakuten.co.jp/HIMG/90/174565.jpg,,,https://img.travel.rakuten.co.jp/share/HOTEL/174565/174565map.gif,,,,r4674_6,FLAT  HOUSE villa,5442208.0,海辺の米軍ハウスにのんびり滞在,1,0,0,0,0,2,https://img.travel.rakuten.co.jp/image/tr/api/re/IdsCY/?f_no=174565&f_syu=r4674_6&f_hi1=2026-05-19&f_hi2=2026-05-20&f_heya_su=1&f_otona_su=1&f_s1=0&f_s2=0&f_y1=0&f_y2=0&f_y3=0&f_y4=0&f_camp_id=5442208,0,2026-05-19,19140,19140,0,2026-05-19,fukuoka
181270,グランドベース博多－Ⅰ,https://img.travel.rakuten.co.jp/image/tr/api/re/pvonD/?f_no=181270,https://img.travel.rakuten.co.jp/image/tr/api/re/vFumt/?f_no=181270&f_flg=PLAN,https://img.travel.rakuten.co.jp/image/tr/api/re/WzozX/?noTomariHotel=181270,https://img.travel.rakuten.co.jp/image/tr/api/re/gJNfM/?f_hotel_no=181270,ぐらんどべーすはかたわん,天神・博多へアクセス良好◎マリンメッセや屋台も徒歩圏内,3990,120949.79,469454.6,812-0020,福岡県,福岡市博多区対馬小路10-17,050-1794-2804,092-292-3314,博多駅からバス「石城町」下車後徒歩4分、マリンメッセからは徒歩11分,無し,福岡空港,https://img.travel.rakuten.co.jp/share/HOTEL/181270/181270.jpg,https://img.travel.rakuten.co.jp/HIMG/90/181270.jpg,,,https://img.travel.rakuten.co.jp/share/HOTEL/181270/181270map.gif,15.0,3.0,,dtype,スタンダードD,6111301.0,【返金不可】ご予定が確定している方はこちらがオススメ!!,1,0,0,0,0,2,https://img.travel.rakuten.co.jp/image/tr/api/re/IdsCY/?f_no=181270&f_syu=dtype&f_hi1=2026-05-19&f_hi2=2026-05-20&f_heya_su=1&f_otona_su=1&f_s1=0&f_s2=0&f_y1=0&f_y2=0&f_y3=0&f_y4=0&f_camp_id=6111301,0,2026-05-19,19350,19350,0,2026-05-19,fukuoka
198423,グランドキャニオン,https://img.travel.rakuten.co.jp/image/tr/api/re/pvonD/?f_no=198423,https://img.travel.rakuten.co.jp/image/tr/api/re/vFumt/?f_no=198423&f_flg=PLAN,,https://img.travel.rakuten.co.jp/image/tr/api/re/gJNfM/?f_hotel_no=198423,ぐらんどきゃにおん,博多の中心部に位置し、観光・ビジネスにアクセスが抜群です。,19000,120891.94,469494.13,812-0018,福岡県,福岡市博多区住吉3-5-7.701.702.801,080-1941-3323,--,博多駅から徒歩で約10～15分,なし,博多,https://img.travel.rakuten.co.jp/share/HOTEL/198423/198423.jpg,https://img.travel.rakuten.co.jp/HIMG/90/198423.jpg,,,https://img.travel.rakuten.co.jp/share/HOTEL/198423/198423map.gif,,,,room,和洋室,6419576.0,【オンラインカード決済限定】素泊まりプラン　博多駅からアクセス抜群！当日予約もOK！,1,0,0,0,0,2,https://img.travel.rakuten.co.jp/image/tr/api/re/IdsCY/?f_no=198423&f_syu=room&f_hi1=2026-05-19&f_hi2=2026-05-20&f_heya_su=1&f_otona_su=1&f_s1=0&f_s2=0&f_y1=0&f_y2=0&f_y3=0&f_y4=0&f_camp_id=6419576,0,2026-05-19,20000,20000,1,2026-05-19,fukuoka
199880,ＬｕｘｕｒｙＳｗｅｅｔ　Ｅａｓｔ７１・最大７人、ペット可、箱崎宮前駅徒歩３分・新築／民泊,https://img.travel.rakuten.co.jp/image/tr/api/re/pvonD/?f_no=199880,https://img.travel.rakuten.co.jp/image/tr/api/re/vFumt/?f_no=199880&f_flg=PLAN,,https://img.travel.rakuten.co.jp/image/tr/api/re/gJNfM/?f_hotel_no=199880,, ,11600,121007.84,469527.27,812-0053,福岡県,福岡市東区箱崎1-41-22 ｍｏｄｅｒｎ　ｐａｌａｚｚｏ　箱崎ｇｒａｃｅ７０１,070-4732-0719,00-0000-0000,箱崎宮前駅から徒歩で2分,なし,箱崎宮前,https://img.travel.rakuten.co.jp/share/HOTEL/199880/199880.jpg,https://img.travel.rakuten.co.jp/HIMG/90/199880.jpg,,,https://img.travel.rakuten.co.jp/share/HOTEL/199880/199880map.gif,,,,r21950_7,LuxurySweet East71,6441798.0,LuxurySweet East71・最大7人、ペット可、箱崎宮前駅徒歩3分・新築,1,0,0,0,0,2,https://img.travel.rakuten.co.jp/image/tr/api/re/IdsCY/?f_no=199880&f_syu=r21950_7&f_hi1=2026-05-19&f_hi2=2026-05-20&f_heya_su=1&f_otona_su=1&f_s1=0&f_s2=0&f_y1=0&f_y2=0&f_y3=0&f_y4=0&f_camp_id=6441798,0,2026-05-19,25520,25520,0,2026-05-19,fukuoka
197512,Ｆｅｌｉｃｅ　Ｈａｋａｔａ,https://img.travel.rakuten.co.jp/image/tr/api/re/pvonD/?f_no=197512,https://img.travel.rakuten.co.jp/image/tr/api/re/vFumt/?f_no=197512&f_flg=PLAN,,https://img.travel.rakuten.co.jp/image/tr/api/re/gJNfM/?f_hotel_no=197512,ふぇりーちぇ　はかた,アパートメントホテルが誕生！ご自宅のようにご利用いただけます。,2100,120929.06,469543.83,812-0008,福岡県,福岡市博多区東光2-6-24,092-409-4892,,博多駅より徒歩11分,専用駐車場・提携駐車場はございません。 公式サイトから、近隣のコインパーキングをご確認下さい。,博多,https://img.travel.rakuten.co.jp/share/HOTEL/197512/197512.jpg,https://img.travel.rakuten.co.jp/HIMG/90/197512.jpg,,,https://img.travel.rakuten.co.jp/share/HOTEL/197512/197512map.gif,1.0,,,ahito,1ベットルーム　アパートメントA,6313456.0,【素泊まり】スタンダードプラン「迷ったらコレ！」,1,0,0,0,0,2,https://img.travel.rakuten.co.jp/image/tr/api/re/IdsCY/?f_no=197512&f_syu=ahito&f_hi1=2026-05-19&f_hi2=2026-05-20&f_heya_su=1&f_otona_su=1&f_s1=0&f_s2=0&f_y1=0&f_y2=0&f_y3=0&f_y4=0&f_camp_id=6313456,0,2026-05-19,26668,26668,0,2026-05-19,fukuoka
194060,宰府　梅　＾,https://img.travel.rakuten.co.jp/image/tr/api/re/pvonD/?f_no=194060,https://img.travel.rakuten.co.jp/image/tr/api/re/vFumt/?f_no=194060&f_flg=PLAN,,https://img.travel.rakuten.co.jp/image/tr/api/re/gJNfM/?f_hotel_no=194060,,★最大１２名様宿泊可能★アメニティ充実★Ｆｒｅｅ　Ｗｉ－Ｆｉ完備★トイレ、風呂別,8352,120678.0,469934.9,818-0117,福岡県,太宰府市宰府5-10-25-3　宰府　梅,090-4984-7350,000-000-0000,太宰府駅から徒歩で約３分,有り,太宰府,https://img.travel.rakuten.co.jp/share/HOTEL/194060/194060.jpg,https://img.travel.rakuten.co.jp/HIMG/90/194060.jpg,,,https://img.travel.rakuten.co.jp/share/HOTEL/194060/194060map.gif,1.0,,,1152782_12,一戸建て,6185251.0,宰府 梅,1,0,0,0,0,2,https://img.travel.rakuten.co.jp/image/tr/api/re/IdsCY/?f_no=194060&f_syu=1152782_12&f_hi1=2026-05-19&f_hi2=2026-05-20&f_heya_su=1&f_otona_su=1&f_s1=0&f_s2=0&f_y1=0&f_y2=0&f_y3=0&f_y4=0&f_camp_id=6185251,0,2026-05-19,27840,27840,0,2026-05-19,fukuoka
193930,ＣＨＥＲＲＹ／民泊,https://img.travel.rakuten.co.jp/image/tr/api/re/pvonD/?f_no=193930,https://img.travel.rakuten.co.jp/image/tr/api/re/vFumt/?f_no=193930&f_flg=PLAN,,https://img.travel.rakuten.co.jp/image/tr/api/re/gJNfM/?f_hotel_no=193930,,最大収容人数：　４名・福岡市地下鉄七隈線／渡辺通駅から徒歩１０分【民泊】,7192,120884.65,469492.56,812-0018,福岡県,福岡市博多区住吉4-23-2　コンフォートＨＡＫＡＴＡ　203号室,03-6231-0330,000-000-0000,渡辺通駅から徒歩で約５分,無し,博多,https://img.travel.rakuten.co.jp/share/HOTEL/193930/193930.jpg,https://img.travel.rakuten.co.jp/HIMG/90/193930.jpg,,,https://img.travel.rakuten.co.jp/share/HOTEL/193930/193930map.gif,,,,r18537_4,CHERRY,6165361.0,博多の中心地近く/渡辺通駅から徒歩10分/4名まで/大型ショッピングモール徒歩圏,1,0,0,0,0,2,https://img.travel.rakuten.co.jp/image/tr/api/re/IdsCY/?f_no=193930&f_syu=r18537_4&f_hi1=2026-05-19&f_hi2=2026-05-20&f_heya_su=1&f_otona_su=1&f_s1=0&f_s2=0&f_y1=0&f_y2=0&f_y3=0&f_y4=0&f_camp_id=6165361,0,2026-05-19,28768,28768,0,2026-05-19,fukuoka
200001,リトリートタワー博多＜博多駅南＞　＾,https://img.travel.rakuten.co.jp/image/tr/api/re/pvonD/?f_no=200001,https://img.travel.rakuten.co.jp/image/tr/api/re/vFumt/?f_no=200001&f_flg=PLAN,,https://img.travel.rakuten.co.jp/image/tr/api/re/gJNfM/?f_hotel_no=200001,, ,7573,120883.0,469540.83,812-0016,福岡県,福岡市博多区博多駅南3-9-21 増田和ビル,080-6453-1909,00-0000-0000,博多駅から徒歩で9分,なし,博多,https://img.travel.rakuten.co.jp/share/HOTEL/200001/200001.jpg,https://img.travel.rakuten.co.jp/HIMG/90/200001.jpg,,,https://img.travel.rakuten.co.jp/share/HOTEL/200001/200001map.gif,,,,1472075_5,スタンダードルーム,6451034.0,【NEW OPEN】リトリートタワー博多302|100インチプロジェクター|カフェスタイル,1,0,0,0,0,2,https://img.travel.rakuten.co.jp/image/tr/api/re/IdsCY/?f_no=200001&f_syu=1472075_5&f_hi1=2026-05-19&f_hi2=2026-05-20&f_heya_su=1&f_otona_su=1&f_s1=0&f_s2=0&f_y1=0&f_y2=0&f_y3=0&f_y4=0&f_camp_id=6451034,0,2026-05-19,30901,30901,0,2026-05-19,fukuoka
170439,シャインブライト／民泊,https://img.travel.rakuten.co.jp/image/tr/api/re/pvonD/?f_no=170439,https://img.travel.rakuten.co.jp/image/tr/api/re/vFumt/?f_no=170439&f_flg=PLAN,,https://img.travel.rakuten.co.jp/image/tr/api/re/gJNfM/?f_hotel_no=170439,,　,6264,121006.29,469499.83,812-0055,福岡県,福岡市東区東浜1-7-26　シャインブライト,090-9792-6152,000-000-0000,箱崎宮前駅から徒歩で約３分,有り,箱崎宮前,https://img.travel.rakuten.co.jp/share/HOTEL/170439/170439.jpg,https://img.travel.rakuten.co.jp/HIMG/90/170439.jpg,,,https://img.travel.rakuten.co.jp/share/HOTEL/170439/170439map.gif,,,,r19291_8,Shine Bright2 103,6238236.0,【禁煙】ファミリールーム (103),1,0,0,0,0,2,https://img.travel.rakuten.co.jp/image/tr/api/re/IdsCY/?f_no=170439&f_syu=r19291_8&f_hi1=2026-05-19&f_hi2=2026-05-20&f_heya_su=1&f_otona_su=1&f_s1=0&f_s2=0&f_y1=0&f_y2=0&f_y3=0&f_y4=0&f_camp_id=6238236,0,2026-05-19,31320,31320,0,2026-05-19,fukuoka
179277,グランドベースクレイン,https://img.travel.rakuten.co.jp/image/tr/api/re/pvonD/?f_no=179277,https://img.travel.rakuten.co.jp/image/tr/api/re/vFumt/?f_no=179277&f_flg=PLAN,https://img.travel.rakuten.co.jp/image/tr/api/re/WzozX/?noTomariHotel=179277,https://img.travel.rakuten.co.jp/image/tr/api/re/gJNfM/?f_hotel_no=179277,ぐらんどべーすくれいん,【全2部屋のみの特別な空間】1フロア1室でごゆっくりおくつろぎいただけます,3990,120883.77,469491.18,812-0018,福岡県,福岡市博多区住吉4-23-16,050-1794-4113,092-292-3314,地下鉄「渡辺通駅」より徒歩10分,無料駐車場はございません。近隣有料コインパーキングをご利用ください。,,https://img.travel.rakuten.co.jp/share/HOTEL/179277/179277.jpg,https://img.travel.rakuten.co.jp/HIMG/90/179277.jpg,,,https://img.travel.rakuten.co.jp/share/HOTEL/179277/179277map.gif,5.0,3.25,,a-typehito,スタンダード A,6309338.0,【返金不可】ご予定が確定している方はこちらがオススメ!!,1,0,0,0,0,2,https://img.travel.rakuten.co.jp/image/tr/api/re/IdsCY/?f_no=179277&f_syu=a-typehito&f_hi1=2026-05-19&f_hi2=2026-05-20&f_heya_su=1&f_otona_su=1&f_s1=0&f_s2=0&f_y1=0&f_y2=0&f_y3=0&f_y4=0&f_camp_id=6309338,0,2026-05-19,32400,32400,0,2026-05-19,fukuoka
171118,ＨＡＫＡＴＡ　ＴＥＲＲＡＣＥ　－灯　ａｋａｒｉ－／民泊,https://img.travel.rakuten.co.jp/image/tr/api/re/pvonD/?f_no=171118,https://img.travel.rakuten.co.jp/image/tr/api/re/vFumt/?f_no=171118&f_flg=PLAN,,https://img.travel.rakuten.co.jp/image/tr/api/re/gJNfM/?f_hotel_no=171118,,　,8468,120947.55,469520.76,812-0044,福岡県,福岡市博多区千代1-4-52　ＨＡＫＡＴＡ　ＴＥＲＲＡＣＥ　-ａｋａｒｉ,080-3220-3610,000-000-0000,千代県庁口駅から徒歩で約５分,無し,千代県庁口,https://img.travel.rakuten.co.jp/share/HOTEL/171118/171118.jpg,https://img.travel.rakuten.co.jp/HIMG/90/171118.jpg,,,https://img.travel.rakuten.co.jp/share/HOTEL/171118/171118map.gif,,,,r12420_6,HAKATA TERRACE -灯 akari-,5365092.0,暖かい「灯」に包まれるような戸建て,1,0,0,0,0,2,https://img.travel.rakuten.co.jp/image/tr/api/re/IdsCY/?f_no=171118&f_syu=r12420_6&f_hi1=2026-05-19&f_hi2=2026-05-20&f_heya_su=1&f_otona_su=1&f_s1=0&f_s2=0&f_y1=0&f_y2=0&f_y3=0&f_y4=0&f_camp_id=5365092,0,2026-05-19,37120,37120,0,2026-05-19,fukuoka
200002,リトリートタワー博多＜美野島＞　＾,https://img.travel.rakuten.co.jp/image/tr/api/re/pvonD/?f_no=200002,https://img.travel.rakuten.co.jp/image/tr/api/re/vFumt/?f_no=200002&f_flg=PLAN,,https://img.travel.rakuten.co.jp/image/tr/api/re/gJNfM/?f_hotel_no=200002,,博多駅徒歩15分、貸切デザインルーム。駐車場実質無料、100インチで映画鑑賞！,8584,120882.86,469511.4,812-0017,福岡県,福岡市博多区美野島1-4-25 ＢＬＵＥ　ＷＩＮＧ　ＨＡＫＡＴＡ　Ｖ　３階,080-6453-1909,00-0000-0000,博多駅から徒歩で6分,なし,博多,https://img.travel.rakuten.co.jp/share/HOTEL/200002/200002.jpg,https://img.travel.rakuten.co.jp/HIMG/90/200002.jpg,,,https://img.travel.rakuten.co.jp/share/HOTEL/200002/200002map.gif,,,,1472963_5,スタンダードルーム,6451036.0,【NEW OPEN】リトリートタワー博多〈美野島〉|100インチプロジェクター|博多駅徒歩15分,1,0,0,0,0,2,https://img.travel.rakuten.co.jp/image/tr/api/re/IdsCY/?f_no=200002&f_syu=1472963_5&f_hi1=2026-05-19&f_hi2=2026-05-20&f_heya_su=1&f_otona_su=1&f_s1=0&f_s2=0&f_y1=0&f_y2=0&f_y3=0&f_y4=0&f_camp_id=6451036,0,2026-05-19,38512,38512,0,2026-05-19,fukuoka
179595,博多の宿　徒然庵,https://img.travel.rakuten.co.jp/image/tr/api/re/pvonD/?f_no=179595,https://img.travel.rakuten.co.jp/image/tr/api/re/vFumt/?f_no=179595&f_flg=PLAN,https://img.travel.rakuten.co.jp/image/tr/api/re/WzozX/?noTomariHotel=179595,https://img.travel.rakuten.co.jp/image/tr/api/re/gJNfM/?f_hotel_no=179595,はかたのやど　つれづれあん,【2025年6月13日～全客室の檜風呂が新品に！】木の香りに包まれる、全室檜風呂付の町屋風の宿。,36300,120939.17,469466.55,812-0029,福岡県,福岡市博多区古門戸町4-4,080-8043-2702,092-235-3903,地下鉄空港線　中洲川端駅より徒歩で約５分,無し※近隣の有料駐車場をご利用ください。,中洲川端,https://img.travel.rakuten.co.jp/share/HOTEL/179595/179595.jpg,https://img.travel.rakuten.co.jp/HIMG/90/179595.jpg,,,https://img.travel.rakuten.co.jp/share/HOTEL/179595/179595map.gif,34.0,4.11,,genkai,◆玄海【41平米／禁煙】,4814194.0,◆【直前割】間際のご予約でお得！檜風呂付き町屋風の宿屋「徒然庵」♪【素泊まり】,1,0,0,0,0,1,https://img.travel.rakuten.co.jp/image/tr/api/re/IdsCY/?f_no=179595&f_syu=genkai&f_hi1=2026-05-19&f_hi2=2026-05-20&f_heya_su=1&f_otona_su=1&f_s1=0&f_s2=0&f_y1=0&f_y2=0&f_y3=0&f_y4=0&f_camp_id=4814194,0,2026-05-19,40600,40600,1,2026-05-19,fukuoka
171119,ＨＡＫＡＴＡ　ＴＥＲＲＡＣＥ　－晴　ｈａｒｅ－／民泊,https://img.travel.rakuten.co.jp/image/tr/api/re/pvonD/?f_no=171119,https://img.travel.rakuten.co.jp/image/tr/api/re/vFumt/?f_no=171119&f_flg=PLAN,,https://img.travel.rakuten.co.jp/image/tr/api/re/gJNfM/?f_hotel_no=171119,,　,9280,120947.55,469520.76,812-0044,福岡県,福岡市博多区千代1-4-52　ＨＡＫＡＴＡ　ＴＥＲＲＡＣＥ　-ｈａｒｅ,080-3220-3610,000-000-0000,千代県庁口駅から徒歩で約５分,無し,千代県庁口,https://img.travel.rakuten.co.jp/share/HOTEL/171119/171119.jpg,https://img.travel.rakuten.co.jp/HIMG/90/171119.jpg,,,https://img.travel.rakuten.co.jp/share/HOTEL/171119/171119map.gif,,,,r12421_8,HAKATA TERRACE -晴 hare,5365093.0,曇りのない「晴」やかで、快適な空間な戸建て,1,0,0,0,0,2,https://img.travel.rakuten.co.jp/image/tr/api/re/IdsCY/?f_no=171119&f_syu=r12421_8&f_hi1=2026-05-19&f_hi2=2026-05-20&f_heya_su=1&f_otona_su=1&f_s1=0&f_s2=0&f_y1=0&f_y2=0&f_y3=0&f_y4=0&f_camp_id=5365093,0,2026-05-19,41760,41760,0,2026-05-19,fukuoka
184956,博多駅まで徒歩５分！敷地内の激安駐車場あり！最上階豪華ステイ！Ｒｉｖｅｒ　Ｓｋｙ　Ｈａｋａｔａ／民泊,https://img.travel.rakuten.co.jp/image/tr/api/re/pvonD/?f_no=184956,https://img.travel.rakuten.co.jp/image/tr/api/re/vFumt/?f_no=184956&f_flg=PLAN,,https://img.travel.rakuten.co.jp/image/tr/api/re/gJNfM/?f_hotel_no=184956,,　,9744,120929.43,469529.64,812-0043,福岡県,福岡市博多区堅粕5-5-20　ピコロ博多　１20１号室,070-8543-3939,000-000-0000,博多駅から徒歩で約７分,無し,博多,https://img.travel.rakuten.co.jp/share/HOTEL/184956/184956.jpg,https://img.travel.rakuten.co.jp/HIMG/90/184956.jpg,,,https://img.travel.rakuten.co.jp/share/HOTEL/184956/184956map.gif,,,,r12587_8,ピコロ博多 1201号室,5538039.0,NEW博多駅まで徒歩5分!敷地内の激安駐車場あり!最上階豪華ステイ!River Sky Hakata,1,0,0,0,0,2,https://img.travel.rakuten.co.jp/image/tr/api/re/IdsCY/?f_no=184956&f_syu=r12587_8&f_hi1=2026-05-19&f_hi2=2026-05-20&f_heya_su=1&f_otona_su=1&f_s1=0&f_s2=0&f_y1=0&f_y2=0&f_y3=0&f_y4=0&f_camp_id=5538039,0,2026-05-19,44079,44079,0,2026-05-19,fukuoka
176097,Ｍａｐｌｅ　Ｈｏｕｓｅ　＾,https://img.travel.rakuten.co.jp/image/tr/api/re/pvonD/?f_no=176097,https://img.travel.rakuten.co.jp/image/tr/api/re/vFumt/?f_no=176097&f_flg=PLAN,,https://img.travel.rakuten.co.jp/image/tr/api/re/gJNfM/?f_hotel_no=176097,,Ｍａｐｌｅ　Ｈｏｕｓｅ一戸建て：太宰府天満宮本殿徒歩７分★最大１５名様まで宿泊可能,11136,120680.88,469937.97,818-0117,福岡県,太宰府市宰府5-14－6　Ｍａｐｌｅ　Ｈｏｕｓｅ,090-4984-7350,000-000-0000,太宰府駅から徒歩で約４分,有り,太宰府,https://img.travel.rakuten.co.jp/share/HOTEL/176097/176097.jpg,https://img.travel.rakuten.co.jp/HIMG/90/176097.jpg,,,https://img.travel.rakuten.co.jp/share/HOTEL/176097/176097map.gif,,,,85725,一戸建て,4935199.0,Maple House 築浅 貸切15名迄可 3名まで同料金✡️高速WiFi設置 100Mbps!,1,0,0,0,0,2,https://img.travel.rakuten.co.jp/image/tr/api/re/IdsCY/?f_no=176097&f_syu=85725&f_hi1=2026-05-19&f_hi2=2026-05-20&f_heya_su=1&f_otona_su=1&f_s1=0&f_s2=0&f_y1=0&f_y2=0&f_y3=0&f_y4=0&f_camp_id=4935199,0,2026-05-19,46400,46400,0,2026-05-19,fukuoka
196533,笠の宿　ＷＡＳＡＮ,https://img.travel.rakuten.co.jp/image/tr/api/re/pvonD/?f_no=196533,https://img.travel.rakuten.co.jp/image/tr/api/re/vFumt/?f_no=196533&f_flg=PLAN,,https://img.travel.rakuten.co.jp/image/tr/api/re/gJNfM/?f_hotel_no=196533,かさのやど　わさん,★2025年8月末新築オープン★博多旧市街の中に佇む博多町家を味わう貸切宿,16600,120941.41,469495.85,812-0036,福岡県,福岡市博多区上呉服町7-1,092-791-7935,092-791-7936,呉服町駅より徒歩6分、祇園駅より徒歩8分、博多駅より約1.2㎞ 徒歩16分,【無料】宿向い側に専用駐車場2台あり（縦列駐車）,呉服町（福岡）,https://img.travel.rakuten.co.jp/share/HOTEL/196533/196533.jpg,https://img.travel.rakuten.co.jp/HIMG/90/196533.jpg,,,https://img.travel.rakuten.co.jp/share/HOTEL/196533/196533map.gif,3.0,,,wasan,1棟貸2階建【禁煙・和室・キッチン・無料駐車場2台】,6261118.0,新築☆貸切宿【無料駐車場2台・極上の浴室・キッチン付】1〜10名までOK,1,0,0,0,0,2,https://img.travel.rakuten.co.jp/image/tr/api/re/IdsCY/?f_no=196533&f_syu=wasan&f_hi1=2026-05-19&f_hi2=2026-05-20&f_heya_su=1&f_otona_su=1&f_s1=0&f_s2=0&f_y1=0&f_y2=0&f_y3=0&f_y4=0&f_camp_id=6261118,0,2026-05-19,50000,50000,0,2026-05-19,fukuoka
195332,ＡＭＰ　ＦＬＡＴ　ＡＲＣＢＬＩＳＳ　４　＾,https://img.travel.rakuten.co.jp/image/tr/api/re/pvonD/?f_no=195332,https://img.travel.rakuten.co.jp/image/tr/api/re/vFumt/?f_no=195332&f_flg=PLAN,,https://img.travel.rakuten.co.jp/image/tr/api/re/gJNfM/?f_hotel_no=195332,, ,11472,120593.31,469862.22,818-0072,福岡県,筑紫野市二日市中央5-687-2　AMP FLAT ARCBLISS 4,080-3188-3570,00-0000-0000,西鉄二日市駅より徒歩で3分,なし,西鉄二日市,https://img.travel.rakuten.co.jp/share/HOTEL/195332/195332.jpg,https://img.travel.rakuten.co.jp/HIMG/90/195332.jpg,,,https://img.travel.rakuten.co.jp/share/HOTEL/195332/195332map.gif,,,,1357297_6,スタンダードルーム,6338468.0,ゆったり過ごせる6名定員の広々空間。グループやファミリー旅行にも最適な一室です。,1,0,0,0,0,2,https://img.travel.rakuten.co.jp/image/tr/api/re/IdsCY/?f_no=195332&f_syu=1357297_6&f_hi1=2026-05-19&f_hi2=2026-05-20&f_heya_su=1&f_otona_su=1&f_s1=0&f_s2=0&f_y1=0&f_y2=0&f_y3=0&f_y4=0&f_camp_id=6338468,0,2026-05-19,57356,57356,0,2026-05-19,fukuoka
195333,ＡＭＰ　ＦＬＡＴ　ＡＲＣＢＬＩＳＳ　２Ｂ　＾,https://img.travel.rakuten.co.jp/image/tr/api/re/pvonD/?f_no=195333,https://img.travel.rakuten.co.jp/image/tr/api/re/vFumt/?f_no=195333&f_flg=PLAN,,https://img.travel.rakuten.co.jp/image/tr/api/re/gJNfM/?f_hotel_no=195333,, ,14339,120593.31,469862.22,818-0072,福岡県,筑紫野市二日市中央5-687-2　AMP FLAT ARCBLISS 2B,080-3188-3570,00-0000-0000,西鉄二日市駅より徒歩で3分,なし,西鉄二日市,https://img.travel.rakuten.co.jp/share/HOTEL/195333/195333.jpg,https://img.travel.rakuten.co.jp/HIMG/90/195333.jpg,,,https://img.travel.rakuten.co.jp/share/HOTEL/195333/195333map.gif,,,,1357408_4,スタンダードルーム,6338469.0,太宰府天満宮まで電車で約10分、シンプルで落ち着いた滞在に。暮らすように過ごせる一室。,1,0,0,0,0,2,https://img.travel.rakuten.co.jp/image/tr/api/re/IdsCY/?f_no=195333&f_syu=1357408_4&f_hi1=2026-05-19&f_hi2=2026-05-20&f_heya_su=1&f_otona_su=1&f_s1=0&f_s2=0&f_y1=0&f_y2=0&f_y3=0&f_y4=0&f_camp_id=6338469,0,2026-05-19,57356,57356,0,2026-05-19,fukuoka
195334,ＡＭＰ　ＦＬＡＴ　ＡＲＣＢＬＩＳＳ　２Ａ　＾,https://img.travel.rakuten.co.jp/image/tr/api/re/pvonD/?f_no=195334,https://img.travel.rakuten.co.jp/image/tr/api/re/vFumt/?f_no=195334&f_flg=PLAN,,https://img.travel.rakuten.co.jp/image/tr/api/re/gJNfM/?f_hotel_no=195334,, ,14049,120593.31,469862.22,818-0072,福岡県,筑紫野市二日市中央5-687-2　AMP FLAT ARCBLISS 2A,080-3188-3570,00-0000-0000,西鉄二日市駅より徒歩で3分,なし,西鉄二日市,https://img.travel.rakuten.co.jp/share/HOTEL/195334/195334.jpg,https://img.travel.rakuten.co.jp/HIMG/90/195334.jpg,,,https://img.travel.rakuten.co.jp/share/HOTEL/195334/195334map.gif,,,,1357446_6,スタンダードルーム,6338470.0,福岡市内や太宰府へのアクセスに便利! 観光にもビジネスにも嬉しい新装されたお部屋。最大6名宿泊可。,1,0,0,0,0,2,https://img.travel.rakuten.co.jp/image/tr/api/re/IdsCY/?f_no=195334&f_syu=1357446_6&f_hi1=2026-05-19&f_hi2=2026-05-20&f_heya_su=1&f_otona_su=1&f_s1=0&f_s2=0&f_y1=0&f_y2=0&f_y3=0&f_y4=0&f_camp_id=6338470,0,2026-05-19,70244,70244,0,2026-05-19,fukuoka
194678,Ａｉｒｐｏｒｔ　Ｈｉｌｌｓ／民泊,https://img.travel.rakuten.co.jp/image/tr/api/re/pvonD/?f_no=194678,https://img.travel.rakuten.co.jp/image/tr/api/re/vFumt/?f_no=194678&f_flg=PLAN,,https://img.travel.rakuten.co.jp/image/tr/api/re/gJNfM/?f_hotel_no=194678,,　,18096,120783.6,469734.25,812-0863,福岡県,福岡市博多区金の隈3-16-16　Ａｉｒｐｏｒｔ　Ｈｉｌｌｓ,070-4732-0719,000-000-0000,雑餉隈駅から徒歩で約１０分,有り,雑餉隈,https://img.travel.rakuten.co.jp/share/HOTEL/194678/194678.jpg,https://img.travel.rakuten.co.jp/HIMG/90/194678.jpg,,,https://img.travel.rakuten.co.jp/share/HOTEL/194678/194678map.gif,,,,r19528_15,エアポートヒルズ,6269180.0,New!AirportHills 1400m2絶景パノラマ1棟2階貸切駐車場4台サウナBBQ施設ペッ,1,0,0,0,0,2,https://img.travel.rakuten.co.jp/image/tr/api/re/IdsCY/?f_no=194678&f_syu=r19528_15&f_hi1=2026-05-19&f_hi2=2026-05-20&f_heya_su=1&f_otona_su=1&f_s1=0&f_s2=0&f_y1=0&f_y2=0&f_y3=0&f_y4=0&f_camp_id=6269180,0,2026-05-19,74820,74820,0,2026-05-19,fukuoka
194735,Ｌｕｘｕｒｙ　Ｈｉｌｌｓ／民泊,https://img.travel.rakuten.co.jp/image/tr/api/re/pvonD/?f_no=194735,https://img.travel.rakuten.co.jp/image/tr/api/re/vFumt/?f_no=194735&f_flg=PLAN,,https://img.travel.rakuten.co.jp/image/tr/api/re/gJNfM/?f_hotel_no=194735,,　,19140,120784.13,469735.15,812-0863,福岡県,福岡市博多区金の隈3-16-17　Ｌｕｘｕｒｙ　Ｈｉｌｌｓ,070-4732-0719,000-000-0000,雑餉隈駅から徒歩で約１０分,有り,雑餉隈,https://img.travel.rakuten.co.jp/share/HOTEL/194735/194735.jpg,https://img.travel.rakuten.co.jp/HIMG/90/194735.jpg,,,https://img.travel.rakuten.co.jp/share/HOTEL/194735/194735map.gif,,,,r19539_15,ラグジュアリーヒルズ,6274267.0,Luxury Hills 室内外1500m2超絶景パティオサウナBBQ駐車場4台プール、ペット,1,0,0,0,0,2,https://img.travel.rakuten.co.jp/image/tr/api/re/IdsCY/?f_no=194735&f_syu=r19539_15&f_hi1=2026-05-19&f_hi2=2026-05-20&f_heya_su=1&f_otona_su=1&f_s1=0&f_s2=0&f_y1=0&f_y2=0&f_y3=0&f_y4=0&f_camp_id=6274267,0,2026-05-19,78300,78300,0,2026-05-19,fukuoka
172605,ＡＢホテル行橋,https://img.travel.rakuten.co.jp/image/tr/api/re/pvonD/?f_no=172605,https://img.travel.rakuten.co.jp/image/tr/api/re/vFumt/?f_no=172605&f_flg=PLAN,https://img.travel.rakuten.co.jp/image/tr/api/re/WzozX/?noTomariHotel=172605,https://img.travel.rakuten.co.jp/image/tr/api/re/gJNfM/?f_hotel_no=172605,えーびーほてるゆくはし,行橋駅より徒歩１分、北九州空港より車で約２５分！健康朝食バイキング、男女別大浴場が無料♪ウェルカムコーヒーも♪,1800,121409.13,471499.33,824-0031,福岡県,行橋市西宮市2-2-16,0930-28-8222,0930-28-8219,行橋駅より徒歩にて約1分♪北九州空港より車で40分♪小倉駅から16分♪,有り　無料　平面／47台（先着順）　※大型車、バイク、自転車は不可,行橋,https://img.travel.rakuten.co.jp/share/HOTEL/172605/172605.jpg,https://img.travel.rakuten.co.jp/HIMG/90/172605.jpg,,,https://img.travel.rakuten.co.jp/share/HOTEL/172605/172605map.gif,813.0,4.26,"早餐餐廳的空間太小,雖是免費提供,但相對房間數來是我住過飯廳最窄的商務旅館,然後電梯只有一台就跟所有商務旅館一樣等候時間會偏長。然後停車也是免費,但先到先贏,途中離場也不會保留,幸好…　2026-05-10 13:16:59投稿 <a href=""https://img.travel.rakuten.co.jp/image/tr/api/re/gJNfM/?f_hotel_no=172605"" class=""3click"">つづきはこちら</a>",sna,禁煙スタンダードシングル【120ｃｍセミダブルベッド】,4571745.0,3日以上前までの予約限定プラン！【健康朝食・大浴場無料】,1,0,0,1,0,1,https://img.travel.rakuten.co.jp/image/tr/api/re/IdsCY/?f_no=172605&f_syu=sna&f_hi1=2026-05-19&f_hi2=2026-05-20&f_heya_su=1&f_otona_su=1&f_s1=0&f_s2=0&f_y1=0&f_y2=0&f_y3=0&f_y4=0&f_camp_id=4571745,0,2026-05-19,10400,10400,0,2026-05-19,buzen
191652,アパホテル〈福岡行橋駅前〉（北九州空港・苅田）,https://img.travel.rakuten.co.jp/image/tr/api/re/pvonD/?f_no=191652,https://img.travel.rakuten.co.jp/image/tr/api/re/vFumt/?f_no=191652&f_flg=PLAN,https://img.travel.rakuten.co.jp/image/tr/api/re/WzozX/?noTomariHotel=191652,https://img.travel.rakuten.co.jp/image/tr/api/re/gJNfM/?f_hotel_no=191652,あぱほてる〈ふくおかゆくはしえきまえ〉（きたきゅうしゅうくうこう・かんだ）,◆◇行橋駅東口から徒歩3分、北九州空港から車で約25分、苅田工業エリアは車で約15分◇◆40型液晶TV、VOD視聴無料！,4100,121403.69,471508.58,824-0005,福岡県,行橋市中央3-9-10,0930-25-2800,0930-24-6726,JR行橋駅東口から徒歩3分、北九州空港から車で約25分、苅田工業エリアは車で約15分。アクセス至便なホテルです。,平面無料駐車場25台、先着順。満車時にはコインパーキングのご案内となります（有料）。 ,行橋,https://img.travel.rakuten.co.jp/share/HOTEL/191652/191652.jpg,https://img.travel.rakuten.co.jp/HIMG/90/191652.jpg,,,https://img.travel.rakuten.co.jp/share/HOTEL/191652/191652map.gif,96.0,4.06,"初めての利用でした。フロントの方も優しく対応してくれました。部屋も綺麗で、気持ちよく休むことができました。キャリーバックを置く台が小さくて、何度かキャリーが落下…　2026-05-11 22:16:32投稿 <a href=""https://img.travel.rakuten.co.jp/image/tr/api/re/gJNfM/?f_hotel_no=191652"" class=""3click"">つづきはこちら</a>",s1k,□ シングル □ 禁煙室 □,5925524.0,【素泊まり・事前決済限定】1秒チェックインにおすすめ！,1,0,0,0,0,2,https://img.travel.rakuten.co.jp/image/tr/api/re/IdsCY/?f_no=191652&f_syu=s1k&f_hi1=2026-05-19&f_hi2=2026-05-20&f_heya_su=1&f_otona_su=1&f_s1=0&f_s2=0&f_y1=0&f_y2=0&f_y3=0&f_y4=0&f_camp_id=5925524,0,2026-05-19,9500,9500,0,2026-05-19,buzen
68680,ホテルルートイン苅田駅前,https://img.travel.rakuten.co.jp/image/tr/api/re/pvonD/?f_no=68680,https://img.travel.rakuten.co.jp/image/tr/api/re/vFumt/?f_no=68680&f_flg=PLAN,https://img.travel.rakuten.co.jp/image/tr/api/re/WzozX/?noTomariHotel=68680,https://img.travel.rakuten.co.jp/image/tr/api/re/gJNfM/?f_hotel_no=68680,るーといんかんだえきまえ,WOWOW全室で無料視聴可■VODルームシアター無料視聴可能(一般映画のみ・コンフォートルーム特典）■Wi-Fi利用可,5350,121611.41,471533.88,800-0361,福岡県,京都郡苅田町神田町1-8-1,050-5576-7905,093-435-3712,ＪＲ日豊本線　苅田駅徒歩0分／北九州空港より車で約１5分,有り　83台　無料　先着順（予約不可）,苅田,https://img.travel.rakuten.co.jp/share/HOTEL/68680/68680.jpg,https://img.travel.rakuten.co.jp/HIMG/90/68680.jpg,https://img.travel.rakuten.co.jp/share/HOTEL/68680/68680_k.jpg,https://img.travel.rakuten.co.jp/HIMG/INTERIOR/68680.jpg,https://img.travel.rakuten.co.jp/share/HOTEL/68680/68680map.gif,548.0,4.04,"クチコミの詳細はこち…　2026-04-12 18:36:21投稿 <a href=""https://img.travel.rakuten.co.jp/image/tr/api/re/gJNfM/?f_hotel_no=68680"" class=""3click"">つづきはこちら</a>",ns,【禁煙】シングルルーム ベット幅140ｃｍ,5830371.0,【朝食付・事前カード決済がお得で早い】簡単チェックインでスムーズにお部屋へ 〜◆大浴場◆駅近◆,1,0,0,0,0,2,https://img.travel.rakuten.co.jp/image/tr/api/re/IdsCY/?f_no=68680&f_syu=ns&f_hi1=2026-05-19&f_hi2=2026-05-20&f_heya_su=1&f_otona_su=1&f_s1=0&f_s2=0&f_y1=0&f_y2=0&f_y3=0&f_y4=0&f_camp_id=5830371,0,2026-05-19,10250,10250,0,2026-05-19,buzen
147051,アリストンイン苅田北九州空港,https://img.travel.rakuten.co.jp/image/tr/api/re/pvonD/?f_no=147051,https://img.travel.rakuten.co.jp/image/tr/api/re/vFumt/?f_no=147051&f_flg=PLAN,https://img.travel.rakuten.co.jp/image/tr/api/re/WzozX/?noTomariHotel=147051,https://img.travel.rakuten.co.jp/image/tr/api/re/gJNfM/?f_hotel_no=147051,ありすとんいんかんだきたきゅうしゅうくうこう,駐車場無料★全室Wi-Fi完備★宿泊者限定マンガコーナー&マッサージチェア設置★,3150,121616.05,471547.48,800-0314,福岡県,京都郡苅田町幸町12-5,093-435-0600,093-435-0605,駐車場無料★北九州空港から車で約15分・苅田駅から徒歩約７分（JR小倉駅から苅田駅まで電車で25分）,平面駐車場(58台）無料　,苅田,https://img.travel.rakuten.co.jp/share/HOTEL/147051/147051.jpg,https://img.travel.rakuten.co.jp/HIMG/90/147051.jpg,,,https://img.travel.rakuten.co.jp/share/HOTEL/147051/147051map.gif,495.0,3.69,"ビジネスの利用で4泊を朝食付きプランで宿泊しました。朝食のメインメニューが毎日変わるので飽きないです。メニュー開発をされている方の工夫が分かります。特に印象…　2026-04-25 23:44:38投稿 <a href=""https://img.travel.rakuten.co.jp/image/tr/api/re/gJNfM/?f_hotel_no=147051"" class=""3click"">つづきはこちら</a>",sd2,スタンダードシングル【禁煙】,5398175.0,【基本プラン】＜素泊り＞駐車場無料！Sertaのふかふかマットレスでぐっすり。お部屋でのんびりプラン,1,0,0,0,0,1,https://img.travel.rakuten.co.jp/image/tr/api/re/IdsCY/?f_no=147051&f_syu=sd2&f_hi1=2026-05-19&f_hi2=2026-05-20&f_heya_su=1&f_otona_su=1&f_s1=0&f_s2=0&f_y1=0&f_y2=0&f_y3=0&f_y4=0&f_camp_id=5398175,0,2026-05-19,7100,7100,0,2026-05-19,buzen
41024,ホテルルートイン行橋,https://img.travel.rakuten.co.jp/image/tr/api/re/pvonD/?f_no=41024,https://img.travel.rakuten.co.jp/image/tr/api/re/vFumt/?f_no=41024&f_flg=PLAN,https://img.travel.rakuten.co.jp/image/tr/api/re/WzozX/?noTomariHotel=41024,https://img.travel.rakuten.co.jp/image/tr/api/re/gJNfM/?f_hotel_no=41024,るーといん　ゆくはし,JR行橋駅より徒歩7分☆大浴場有り☆朝食無料☆Ｗi-Fi無料☆WOWOW無料視聴☆,5700,121408.48,471511.6,824-0005,福岡県,行橋市中央3-5-8,0930-26-8711,0930-26-8712,ＪＲ行橋駅より徒歩7分／東九州自動車道　行橋ＩＣより約４ｋｍ/東九州自動車道　苅田北九州空港ICより約10km,有料：500円/泊　先着順　平面駐車場以外は提携駐車場へのご案内致します。,行橋,https://img.travel.rakuten.co.jp/share/HOTEL/41024/41024.jpg,https://img.travel.rakuten.co.jp/HIMG/90/41024.jpg,https://img.travel.rakuten.co.jp/share/HOTEL/41024/41024_kya.jpg,https://img.travel.rakuten.co.jp/HIMG/INTERIOR/41024.jpg,https://img.travel.rakuten.co.jp/share/HOTEL/41024/41024map.gif,720.0,3.86,"駐車場がいっぱいでぐ…　2026-05-07 12:43:24投稿 <a href=""https://img.travel.rakuten.co.jp/image/tr/api/re/gJNfM/?f_hotel_no=41024"" class=""3click"">つづきはこちら</a>",nsb,【禁煙】シングルルーム ,1131753.0,【スタンダードプラン】　■大浴場完備■バイキング朝食付き■,1,0,0,1,0,1,https://img.travel.rakuten.co.jp/image/tr/api/re/IdsCY/?f_no=41024&f_syu=nsb&f_hi1=2026-05-19&f_hi2=2026-05-20&f_heya_su=1&f_otona_su=1&f_s1=0&f_s2=0&f_y1=0&f_y2=0&f_y3=0&f_y4=0&f_camp_id=1131753,0,2026-05-19,9650,9650,0,2026-05-19,buzen
184657,ＨＯＴＥＬ　Ｒ９　Ｔｈｅ　Ｙａｒｄ　豊前,https://img.travel.rakuten.co.jp/image/tr/api/re/pvonD/?f_no=184657,https://img.travel.rakuten.co.jp/image/tr/api/re/vFumt/?f_no=184657&f_flg=PLAN,https://img.travel.rakuten.co.jp/image/tr/api/re/WzozX/?noTomariHotel=184657,https://img.travel.rakuten.co.jp/image/tr/api/re/gJNfM/?f_hotel_no=184657,ほてる あーるないん ざ やーど ぶぜん,宇島駅より徒歩3分！豊前ICと工業団地も程近くビジネスに最適◎独立客室で快適な滞在を♪,3300,121023.35,472055.67,828-0021,福岡県,豊前市八屋1921-1,0979-64-6766,0979-64-6885,【お車】東九州自動車道 豊前ICより車で10分 【電車】JR日豊本線 宇島駅より徒歩3分,無料 有り 36台※大型車（2トントラック以上）をご利用の際は、事前にお電話でお問い合わせください。,宇島,https://img.travel.rakuten.co.jp/share/HOTEL/184657/184657.jpg,https://img.travel.rakuten.co.jp/HIMG/90/184657.jpg,,,https://img.travel.rakuten.co.jp/share/HOTEL/184657/184657map.gif,91.0,4.07,"クチコミの詳細はこちらから　https://review.…　2026-04-02 12:59:50投稿 <a href=""https://img.travel.rakuten.co.jp/image/tr/api/re/gJNfM/?f_hotel_no=184657"" class=""3click"">つづきはこちら</a>",double,【禁煙】ダブルルーム （約12平米/最大2名様）,5573852.0,【スタンダード】ビジネスや観光の拠点に♪軽食＆ホットドリンク付【駐車場至近＆無料】,1,0,0,0,0,1,https://img.travel.rakuten.co.jp/image/tr/api/re/IdsCY/?f_no=184657&f_syu=double&f_hi1=2026-05-19&f_hi2=2026-05-20&f_heya_su=1&f_otona_su=1&f_s1=0&f_s2=0&f_y1=0&f_y2=0&f_y3=0&f_y4=0&f_camp_id=5573852,0,2026-05-19,5000,5000,0,2026-05-19,buzen
108371,東横ＩＮＮ北九州空港,https://img.travel.rakuten.co.jp/image/tr/api/re/pvonD/?f_no=108371,https://img.travel.rakuten.co.jp/image/tr/api/re/vFumt/?f_no=108371&f_flg=PLAN,https://img.travel.rakuten.co.jp/image/tr/api/re/WzozX/?noTomariHotel=108371,https://img.travel.rakuten.co.jp/image/tr/api/re/gJNfM/?f_hotel_no=108371,とうよこいんきたきゅうしゅうくうこう,平尾台まで車で50分の立地で出発を応援！朝食・小学生以下添い寝無料で安心空間を提供いたします,4515,121794.13,471717.73,800-0306,福岡県,北九州市小倉南区空港北町2-4,093-472-1042,093-472-1049,北九州空港より徒歩5分　送迎シャトルを17：00以降離発着に合わせて最終便まで運行　朝は4：50から10：10まで運行中,無料！駐車場有　281台　　駐車場10日間無料　大型バス・大型車駐車無料,北九州空港,https://img.travel.rakuten.co.jp/share/HOTEL/108371/108371.jpg,https://img.travel.rakuten.co.jp/HIMG/90/108371.jpg,https://img.travel.rakuten.co.jp/share/HOTEL/108371/108371room1.jpg,https://img.travel.rakuten.co.jp/HIMG/INTERIOR/108371.jpg,https://img.travel.rakuten.co.jp/share/HOTEL/108371/108371map.gif,571.0,4.27,"2回目の宿泊です。夜のカレー、そして朝食も、美味しく気持ち良く頂きました。今回は、飛行場が見える部屋でした。カレーを食べるときに、グループの方たちが、レタス丸ごと…　2026-05-14 19:14:08投稿 <a href=""https://img.travel.rakuten.co.jp/image/tr/api/re/gJNfM/?f_hotel_no=108371"" class=""3click"">つづきはこちら</a>",sk,禁煙シングル,2729285.0,★【無料の元気朝食付】いつでも安心価格♪ビジネス・レジャーに！ 禁煙シングル,1,0,0,1,0,1,https://img.travel.rakuten.co.jp/image/tr/api/re/IdsCY/?f_no=108371&f_syu=sk&f_hi1=2026-05-19&f_hi2=2026-05-20&f_heya_su=1&f_otona_su=1&f_s1=0&f_s2=0&f_y1=0&f_y2=0&f_y3=0&f_y4=0&f_camp_id=2729285,0,2026-05-19,6930,6930,0,2026-05-19,buzen
49348,ブルーポートホテル苅田北九州空港,https://img.travel.rakuten.co.jp/image/tr/api/re/pvonD/?f_no=49348,https://img.travel.rakuten.co.jp/image/tr/api/re/vFumt/?f_no=49348&f_flg=PLAN,https://img.travel.rakuten.co.jp/image/tr/api/re/WzozX/?noTomariHotel=49348,https://img.travel.rakuten.co.jp/image/tr/api/re/gJNfM/?f_hotel_no=49348,ぶるーぽーとほてるかんだきたきゅうしゅうくうこう,苅田北九州空港ICより車で約1分★駐車場無料★種類豊富な朝食ビュッフェが大人気♪,3800,121689.16,471527.17,800-0365,福岡県,京都郡苅田町苅田3787-61,093-475-8844,093-475-8944,JR朽網（くさみ）駅より北九州空港行きバス約6分。苅田北九州空港ＩＣより車で1分,有り80台（全て平面）無料　普通車予約不要　各種トラックやバスも無料OK（要予約）,苅田,https://img.travel.rakuten.co.jp/share/HOTEL/49348/49348.jpg,https://img.travel.rakuten.co.jp/HIMG/90/49348.jpg,https://img.travel.rakuten.co.jp/share/HOTEL/49348/49348_ro.jpg,https://img.travel.rakuten.co.jp/HIMG/INTERIOR/49348.jpg,https://img.travel.rakuten.co.jp/share/HOTEL/49348/49348map.gif,1260.0,3.96,"クチコミの詳細はこちらから　htt…　2026-05-06 10:29:05投稿 <a href=""https://img.travel.rakuten.co.jp/image/tr/api/re/gJNfM/?f_hotel_no=49348"" class=""3click"">つづきはこちら</a>",sa1,スタンダードシングル■喫煙ルーム■ベッド幅120cm,3608519.0,【スタンダード】お気軽ステイプラン（素泊まり）★駐車場無料★,1,0,0,0,0,1,https://img.travel.rakuten.co.jp/image/tr/api/re/IdsCY/?f_no=49348&f_syu=sa1&f_hi1=2026-05-19&f_hi2=2026-05-20&f_heya_su=1&f_otona_su=1&f_s1=0&f_s2=0&f_y1=0&f_y2=0&f_y3=0&f_y4=0&f_camp_id=3608519,0,2026-05-19,8000,8000,0,2026-05-19,buzen
187338,ＨＯＴＥＬ　Ｒ９　Ｔｈｅ　Ｙａｒｄ　上毛,https://img.travel.rakuten.co.jp/image/tr/api/re/pvonD/?f_no=187338,https://img.travel.rakuten.co.jp/image/tr/api/re/vFumt/?f_no=187338&f_flg=PLAN,https://img.travel.rakuten.co.jp/image/tr/api/re/WzozX/?noTomariHotel=187338,https://img.travel.rakuten.co.jp/image/tr/api/re/gJNfM/?f_hotel_no=187338,ほてる あーるないん ざ やーど こうげ,上毛スマートICより車で3分！中津・耶馬渓の観光拠点にも◎無料駐車場完備！独立客室で快適な滞在を♪,3300,120820.72,472239.06,871-0923,福岡県,築上郡上毛町下唐原1649-11,0979-64-6111,0979-64-6408,【お車】東九州自動車道 上毛スマートICより3分、豊前ICより10分【電車】JR日豊本線 中津駅よりタクシーで10分,無料 有り 24台※大型車（2トントラック以上）をご利用の際は、事前にお電話でお問い合わせください。,中津（大分）,https://img.travel.rakuten.co.jp/share/HOTEL/187338/187338.jpg,https://img.travel.rakuten.co.jp/HIMG/90/187338.jpg,,,https://img.travel.rakuten.co.jp/share/HOTEL/187338/187338map.gif,74.0,4.54,"ま…　2026-03-22 23:45:49投稿 <a href=""https://img.travel.rakuten.co.jp/image/tr/api/re/gJNfM/?f_hotel_no=187338"" class=""3click"">つづきはこちら</a>",double,【禁煙】ダブルルーム （約13平米/最大2名様）,5684815.0,【スタンダード】ビジネスや観光の拠点に♪軽食＆ホットドリンク付【駐車場至近＆無料】,1,0,0,0,0,1,https://img.travel.rakuten.co.jp/image/tr/api/re/IdsCY/?f_no=187338&f_syu=double&f_hi1=2026-05-19&f_hi2=2026-05-20&f_heya_su=1&f_otona_su=1&f_s1=0&f_s2=0&f_y1=0&f_y2=0&f_y3=0&f_y4=0&f_camp_id=5684815,0,2026-05-19,5000,5000,0,2026-05-19,buzen
73872,ビジネスホテル　ベル,https://img.travel.rakuten.co.jp/image/tr/api/re/pvonD/?f_no=73872,https://img.travel.rakuten.co.jp/image/tr/api/re/vFumt/?f_no=73872&f_flg=PLAN,https://img.travel.rakuten.co.jp/image/tr/api/re/WzozX/?noTomariHotel=73872,https://img.travel.rakuten.co.jp/image/tr/api/re/gJNfM/?f_hotel_no=73872,べる,2022年3月リニューアル！出張利用、家族・カップル旅行も！自転車持ち込み可能なお部屋もあり、自転車旅の方々もご利用可能,3300,121425.04,471500.7,824-0001,福岡県,行橋市行事7-7-6,0930-25-5887,0930-25-5886,行橋駅より徒歩5分／九州自動車道　小倉東ＩＣより約１７ｋｍ/東九州自動車道　苅田北九州空港ICより約10km,有り　１３台　無料　予約不可先着順  ,行橋,https://img.travel.rakuten.co.jp/share/HOTEL/73872/73872.jpg,https://img.travel.rakuten.co.jp/HIMG/90/73872.jpg,https://img.travel.rakuten.co.jp/share/HOTEL/73872/73872_sin.jpg,https://img.travel.rakuten.co.jp/HIMG/INTERIOR/73872.jpg,https://img.travel.rakuten.co.jp/share/HOTEL/73872/73872map.gif,157.0,4.04,"クチコミの詳細はこちらから　https://review.travel.rakuten.co.jp/ho…　2026-05-05 22:20:24投稿 <a href=""https://img.travel.rakuten.co.jp/image/tr/api/re/gJNfM/?f_hotel_no=73872"" class=""3click"">つづきはこちら</a>",npn2,【禁煙】サイクルルーム　ツイン【Wi-Fi無料】,5424581.0,【素泊】2022年リニューアルオープン！ご家族でのご利用も安心・快適に！気軽に泊まろう素泊プラン,1,0,0,0,0,1,https://img.travel.rakuten.co.jp/image/tr/api/re/IdsCY/?f_no=73872&f_syu=npn2&f_hi1=2026-05-19&f_hi2=2026-05-20&f_heya_su=1&f_otona_su=1&f_s1=0&f_s2=0&f_y1=0&f_y2=0&f_y3=0&f_y4=0&f_camp_id=5424581,0,2026-05-19,6600,6600,0,2026-05-19,buzen
196719,ホテルカームプレイス,https://img.travel.rakuten.co.jp/image/tr/api/re/pvonD/?f_no=196719,https://img.travel.rakuten.co.jp/image/tr/api/re/vFumt/?f_no=196719&f_flg=PLAN,https://img.travel.rakuten.co.jp/image/tr/api/re/WzozX/?noTomariHotel=196719,https://img.travel.rakuten.co.jp/image/tr/api/re/gJNfM/?f_hotel_no=196719,ほてるかーむぷれいす,2025年3月新規開業！新しいお部屋でごゆっくりお過ごしください。漫画を500冊程置いております。,4600,121609.75,471558.66,800-0313,福岡県,京都郡苅田町磯浜町1-3-3,093-436-5560,093-436-5561,JR苅田駅より車で5分、徒歩15分。25号門司行橋線沿いすぐの好立地,有り　19台　無料　予約不要,苅田,https://img.travel.rakuten.co.jp/share/HOTEL/196719/196719.jpg,https://img.travel.rakuten.co.jp/HIMG/90/196719.jpg,,,https://img.travel.rakuten.co.jp/share/HOTEL/196719/196719map.gif,20.0,3.85,"クチコミの詳細はこちらから　https://re…　2026-04-18 18:24:30投稿 <a href=""https://img.travel.rakuten.co.jp/image/tr/api/re/gJNfM/?f_hotel_no=196719"" class=""3click"">つづきはこちら</a>",06,シングルルーム■11.8平米／セミダブルベッド,6252698.0,≪新規開業≫快適な空間で上質な眠りを●素泊まりプラン●,1,0,0,0,0,1,https://img.travel.rakuten.co.jp/image/tr/api/re/IdsCY/?f_no=196719&f_syu=06&f_hi1=2026-05-19&f_hi2=2026-05-20&f_heya_su=1&f_otona_su=1&f_s1=0&f_s2=0&f_y1=0&f_y2=0&f_y3=0&f_y4=0&f_camp_id=6252698,0,2026-05-19,5500,5500,0,2026-05-19,buzen
15460,ビジネスホテル　ゆくはし,https://img.travel.rakuten.co.jp/image/tr/api/re/pvonD/?f_no=15460,https://img.travel.rakuten.co.jp/image/tr/api/re/vFumt/?f_no=15460&f_flg=PLAN,https://img.travel.rakuten.co.jp/image/tr/api/re/WzozX/?noTomariHotel=15460,https://img.travel.rakuten.co.jp/image/tr/api/re/gJNfM/?f_hotel_no=15460,ゆくはし,駐車場無料・全室バストイレ独立型の客室・徒歩圏内にコンビニ、飲食店、ドラッグストアあり,6000,121408.83,471493.98,824-0031,福岡県,行橋市西宮市2-20-15,0930-22-1333,0930-22-7553,JR行橋駅[特急停車駅]西口から徒歩3分　東九州道[行橋インター]より車で約8分,無料駐車場あり(30台)、大型車（トラック、マイクロバス）の場合は事前にご相談下さい,行橋,https://img.travel.rakuten.co.jp/share/HOTEL/15460/15460.jpg,https://img.travel.rakuten.co.jp/HIMG/90/15460.jpg,https://img.travel.rakuten.co.jp/share/HOTEL/15460/15460_sig.jpg,https://img.travel.rakuten.co.jp/HIMG/INTERIOR/15460.jpg,https://img.travel.rakuten.co.jp/share/HOTEL/15460/15460map.gif,174.0,3.8,"フロントの方も感じ良く、また利用させていただき…　2026-04-20 22:32:09投稿 <a href=""https://img.travel.rakuten.co.jp/image/tr/api/re/gJNfM/?f_hotel_no=15460"" class=""3click"">つづきはこちら</a>",sk,〈禁煙・シングル〉全室バストイレ独立型のお部屋♪,2443427.0,【素泊まり・シングル】行橋駅西口(特急停車駅)より徒歩3分♪シンプルな素泊まりプラン♪,1,0,0,0,0,1,https://img.travel.rakuten.co.jp/image/tr/api/re/IdsCY/?f_no=15460&f_syu=sk&f_hi1=2026-05-19&f_hi2=2026-05-20&f_heya_su=1&f_otona_su=1&f_s1=0&f_s2=0&f_y1=0&f_y2=0&f_y3=0&f_y4=0&f_camp_id=2443427,0,2026-05-19,8300,8300,1,2026-05-19,buzen
151179,ＨＯＴＥＬ　ＡＺ　福岡吉富店,https://img.travel.rakuten.co.jp/image/tr/api/re/pvonD/?f_no=151179,https://img.travel.rakuten.co.jp/image/tr/api/re/vFumt/?f_no=151179&f_flg=PLAN,https://img.travel.rakuten.co.jp/image/tr/api/re/WzozX/?noTomariHotel=151179,https://img.travel.rakuten.co.jp/image/tr/api/re/gJNfM/?f_hotel_no=151179,ほてる　えーぜっと　ふくおかよしとみてん,"大分県との県境。中津城へ車で10分。大分県中津市,福岡県豊前市,上毛町に隣接。",4620,120973.72,472218.13,871-0811,福岡県,築上郡吉富町広津879-2,0979-22-3801,0979-22-3802,北九州空港から高速で45分(豊前ICから車で10分）。ＪＲ中津駅から車で約5分。駐車場入り口は県道108号線沿いです。,無料駐車場124台あり　普通車：予約不要 、中型車・大型車：要予約（有料）,吉富（福岡）,https://img.travel.rakuten.co.jp/share/HOTEL/151179/151179.jpg,https://img.travel.rakuten.co.jp/HIMG/90/151179.jpg,https://img.travel.rakuten.co.jp/share/HOTEL/151179/151179_kan1.jpg,https://img.travel.rakuten.co.jp/HIMG/INTERIOR/151179.jpg,https://img.travel.rakuten.co.jp/share/HOTEL/151179/151179map.gif,72.0,4.2,"クチコミの詳細はこちらから　https://review.travel.rakuten.co.j…　2026-03-17 08:05:20投稿 <a href=""https://img.travel.rakuten.co.jp/image/tr/api/re/gJNfM/?f_hotel_no=151179"" class=""3click"">つづきはこちら</a>",002,【禁煙】シングル,6108654.0,スタンダードプラン（朝食サービス）,1,0,0,1,0,1,https://img.travel.rakuten.co.jp/image/tr/api/re/IdsCY/?f_no=151179&f_syu=002&f_hi1=2026-05-19&f_hi2=2026-05-20&f_heya_su=1&f_otona_su=1&f_s1=0&f_s2=0&f_y1=0&f_y2=0&f_y3=0&f_y4=0&f_camp_id=6108654,0,2026-05-19,6380,6380,0,2026-05-19,buzen
151183,割烹旅館　紀文,https://img.travel.rakuten.co.jp/image/tr/api/re/pvonD/?f_no=151183,https://img.travel.rakuten.co.jp/image/tr/api/re/vFumt/?f_no=151183&f_flg=PLAN,https://img.travel.rakuten.co.jp/image/tr/api/re/WzozX/?noTomariHotel=151183,https://img.travel.rakuten.co.jp/image/tr/api/re/gJNfM/?f_hotel_no=151183,かっぽうりょかん　きぶん,ＪＲ築城駅から徒歩５分。築城ＩＣより車で５分 。お食事は個室をご案内,4950,121206.76,471737.25,829-0101,福岡県,築上郡築上町東築城116-1,0930-52-0050,0930-52-0100,ＪＲ日豊本線　築城駅より徒歩にて約５分,有り　１０台　無料　予約不要,築城,https://img.travel.rakuten.co.jp/share/HOTEL/151183/151183.jpg,https://img.travel.rakuten.co.jp/HIMG/90/151183.jpg,https://img.travel.rakuten.co.jp/share/HOTEL/151183/151183_kan1.jpg,https://img.travel.rakuten.co.jp/HIMG/INTERIOR/151183.jpg,https://img.travel.rakuten.co.jp/share/HOTEL/151183/151183map.gif,25.0,4.7,,twin2,【バストイレ無し】ツイン,5755602.0,【直前割】直前予約で10％OFF！気ままな素泊りでお得旅♪,1,0,0,0,0,1,https://img.travel.rakuten.co.jp/image/tr/api/re/IdsCY/?f_no=151183&f_syu=twin2&f_hi1=2026-05-19&f_hi2=2026-05-20&f_heya_su=1&f_otona_su=1&f_s1=0&f_s2=0&f_y1=0&f_y2=0&f_y3=0&f_y4=0&f_camp_id=5755602,0,2026-05-19,4950,4950,0,2026-05-19,buzen
168550,割烹旅館　宇島汐湯,https://img.travel.rakuten.co.jp/image/tr/api/re/pvonD/?f_no=168550,https://img.travel.rakuten.co.jp/image/tr/api/re/vFumt/?f_no=168550&f_flg=PLAN,,https://img.travel.rakuten.co.jp/image/tr/api/re/gJNfM/?f_hotel_no=168550,かっぽうりょかん　うのしましおゆ,汐風薫るくつろぎの宿　家庭的な雰囲気が漂う料理・旅館,5800,121033.0,472087.36,828-0022,福岡県,豊前市宇島73-1,0979-82-1231,0979-82-4255,ＪＲ宇島駅より徒歩10分,有り　無料　予約不要,宇島,https://img.travel.rakuten.co.jp/share/HOTEL/168550/168550.jpg,https://img.travel.rakuten.co.jp/HIMG/90/168550.jpg,https://img.travel.rakuten.co.jp/share/HOTEL/168550/168550_kan1.jpg,https://img.travel.rakuten.co.jp/HIMG/INTERIOR/168550.jpg,https://img.travel.rakuten.co.jp/share/HOTEL/168550/168550map.gif,40.0,4.36,"クチコミの詳細はこちらから　https://review.travel.…　2026-04-24 18:48:09投稿 <a href=""https://img.travel.rakuten.co.jp/image/tr/api/re/gJNfM/?f_hotel_no=168550"" class=""3click"">つづきはこちら</a>",1,おまかせ和室（Wi-Fi完備）,5519521.0,【素泊り】うみてらす豊前もすぐ近く♪気軽に過ごせる豊前の宿,1,0,0,0,0,1,https://img.travel.rakuten.co.jp/image/tr/api/re/IdsCY/?f_no=168550&f_syu=1&f_hi1=2026-05-19&f_hi2=2026-05-20&f_heya_su=1&f_otona_su=1&f_s1=0&f_s2=0&f_y1=0&f_y2=0&f_y3=0&f_y4=0&f_camp_id=5519521,0,2026-05-19,5800,5800,0,2026-05-19,buzen
147642,ＨＯＴＥＬ　ＡＺ　福岡築上店,https://img.travel.rakuten.co.jp/image/tr/api/re/pvonD/?f_no=147642,https://img.travel.rakuten.co.jp/image/tr/api/re/vFumt/?f_no=147642&f_flg=PLAN,https://img.travel.rakuten.co.jp/image/tr/api/re/WzozX/?noTomariHotel=147642,https://img.travel.rakuten.co.jp/image/tr/api/re/gJNfM/?f_hotel_no=147642,ほてる　えーぜっと　ふくおかちくじょうてん,東九州道（椎田道路）築城ＩＣより車で約7分☆北九州空港から車で4０分☆平面駐車場無料・朝食無料・ネット接続無料☆,4620,121189.56,471782.48,829-0342,福岡県,築上郡築上町東八田67-1,0930-57-3301,0930-57-3302,東九州自動車道（椎田道路）築城ＩＣより車で約7分 /ＪＲ築城駅より車で5分/ 北九州空港から車で約40分（高速利用）,無料平面駐車場150台あり　普通車：予約不要 、中型車・大型車：要予約（有料）,築城,https://img.travel.rakuten.co.jp/share/HOTEL/147642/147642.jpg,https://img.travel.rakuten.co.jp/HIMG/90/147642.jpg,https://img.travel.rakuten.co.jp/share/HOTEL/147642/147642_kan1.jpg,https://img.travel.rakuten.co.jp/HIMG/INTERIOR/147642.jpg,https://img.travel.rakuten.co.jp/share/HOTEL/147642/147642map.gif,90.0,4.12,"クチコミの詳細はこちらから　https://review.travel.rakute…　2026-05-14 20:14:19投稿 <a href=""https://img.travel.rakuten.co.jp/image/tr/api/re/gJNfM/?f_hotel_no=147642"" class=""3click"">つづきはこちら</a>",s,【喫煙】シングル,6108346.0,スタンダードプラン（朝食サービス）,1,0,0,1,0,1,https://img.travel.rakuten.co.jp/image/tr/api/re/IdsCY/?f_no=147642&f_syu=s&f_hi1=2026-05-19&f_hi2=2026-05-20&f_heya_su=1&f_otona_su=1&f_s1=0&f_s2=0&f_y1=0&f_y2=0&f_y3=0&f_y4=0&f_camp_id=6108346,0,2026-05-19,6380,6380,0,2026-05-19,buzen
191904,そらすな,https://img.travel.rakuten.co.jp/image/tr/api/re/pvonD/?f_no=191904,https://img.travel.rakuten.co.jp/image/tr/api/re/vFumt/?f_no=191904&f_flg=PLAN,https://img.travel.rakuten.co.jp/image/tr/api/re/WzozX/?noTomariHotel=191904,https://img.travel.rakuten.co.jp/image/tr/api/re/gJNfM/?f_hotel_no=191904,そらすな,◇全室オーシャンビュー◇サウナ付きルームやペット可能ルーム◇旬の食材やマリンアクティビティも楽しめるビーチサイドリゾート,5400,121389.37,471691.23,824-0014,福岡県,行橋市長井136-1,0930-55-0116,0930-28-9009,ＪＲ行橋駅よりお車で約１５分、北九州空港よりお車で約３０分,有り：79台無料、予約不要※22：00〜8:30の入出庫は事前にご連絡をお願いします。,行橋,https://img.travel.rakuten.co.jp/share/HOTEL/191904/191904.jpg,https://img.travel.rakuten.co.jp/HIMG/90/191904.jpg,,,https://img.travel.rakuten.co.jp/share/HOTEL/191904/191904map.gif,11.0,4.5,,sola2023r3,スタンダードルーム,5985505.0,【お食事不要の方はこちら】水平線を望む全10室限定リゾートホテル/素泊まりプラン,1,0,0,0,0,2,https://img.travel.rakuten.co.jp/image/tr/api/re/IdsCY/?f_no=191904&f_syu=sola2023r3&f_hi1=2026-05-19&f_hi2=2026-05-20&f_heya_su=1&f_otona_su=1&f_s1=0&f_s2=0&f_y1=0&f_y2=0&f_y3=0&f_y4=0&f_camp_id=5985505,0,2026-05-19,16000,16000,0,2026-05-19,buzen
130601,梶本旅館,https://img.travel.rakuten.co.jp/image/tr/api/re/pvonD/?f_no=130601,https://img.travel.rakuten.co.jp/image/tr/api/re/vFumt/?f_no=130601&f_flg=PLAN,https://img.travel.rakuten.co.jp/image/tr/api/re/WzozX/?noTomariHotel=130601,https://img.travel.rakuten.co.jp/image/tr/api/re/gJNfM/?f_hotel_no=130601,かじもとりょかん,≪北九州空港から車で約10分≫家庭的な雰囲気とお手頃な値段でビジネス利用のお客様に人気。ボリューム満点の手作り夕食が好評,4300,121606.76,471565.02,800-0315,福岡県,京都郡苅田町港町8-3,093-434-1430,093-436-0475,JR苅田駅より徒歩15分／東九州自動車道・苅田北九州空港ICまで約5分、苅田港まで約5分、北九州空港まで約10分,有り　２０台　無料　要予約（大型車もＯＫ）,苅田,https://img.travel.rakuten.co.jp/share/HOTEL/130601/130601.jpg,https://img.travel.rakuten.co.jp/HIMG/90/130601.jpg,https://img.travel.rakuten.co.jp/share/HOTEL/130601/130601_war.jpg,https://img.travel.rakuten.co.jp/HIMG/INTERIOR/130601.jpg,https://img.travel.rakuten.co.jp/share/HOTEL/130601/130601map.gif,15.0,3.67,,3,おまかせ和室4.5〜6畳,3838448.0,【素泊り】長期滞在歓迎★北九州への出張に★仕事後は宿でリラックス,1,0,0,0,0,1,https://img.travel.rakuten.co.jp/image/tr/api/re/IdsCY/?f_no=130601&f_syu=3&f_hi1=2026-05-19&f_hi2=2026-05-20&f_heya_su=1&f_otona_su=1&f_s1=0&f_s2=0&f_y1=0&f_y2=0&f_y3=0&f_y4=0&f_camp_id=3838448,0,2026-05-19,4300,4300,0,2026-05-19,buzen
196049,ようこそ月の宿へ,https://img.travel.rakuten.co.jp/image/tr/api/re/pvonD/?f_no=196049,https://img.travel.rakuten.co.jp/image/tr/api/re/vFumt/?f_no=196049&f_flg=PLAN,,https://img.travel.rakuten.co.jp/image/tr/api/re/gJNfM/?f_hotel_no=196049,ようこそつきのやどへ,【一棟貸し】グループ・ファミリーで６名迄！福岡に第二の故郷を作りませんか？実家に帰ったような安らぎ広い部屋・広い庭,3600,121308.41,471719.55,824-0022,福岡県,行橋市稲童3741,090-2643-9988,047-308-6401,北九州空港から車で約３０分。新田原駅から徒歩３０分,有り　2台　無料　予約不要,新田原,https://img.travel.rakuten.co.jp/share/HOTEL/196049/196049.jpg,https://img.travel.rakuten.co.jp/HIMG/90/196049.jpg,,,https://img.travel.rakuten.co.jp/share/HOTEL/196049/196049map.gif,1.0,,,tsuki_2,【一棟貸し】敷地面積1200平米の自然豊かな隠れ家,6283887.0,6名様まで【北九州・行橋の一棟貸し】ご家族連れグループにお勧め★スタンダードプラン！無料朝食付き♪,1,0,0,0,0,2,https://img.travel.rakuten.co.jp/image/tr/api/re/IdsCY/?f_no=196049&f_syu=tsuki_2&f_hi1=2026-05-19&f_hi2=2026-05-20&f_heya_su=1&f_otona_su=1&f_s1=0&f_s2=0&f_y1=0&f_y2=0&f_y3=0&f_y4=0&f_camp_id=6283887,0,2026-05-19,22000,22000,0,2026-05-19,buzen
39624,萃香園ホテル,https://img.travel.rakuten.co.jp/image/tr/api/re/pvonD/?f_no=39624,https://img.travel.rakuten.co.jp/image/tr/api/re/vFumt/?f_no=39624&f_flg=PLAN,https://img.travel.rakuten.co.jp/image/tr/api/re/WzozX/?noTomariHotel=39624,https://img.travel.rakuten.co.jp/image/tr/api/re/gJNfM/?f_hotel_no=39624,すいこうえん　ほてる,四季折々の姿を見せる日本庭園が彩る癒しと安らぎの空間・・・,5000,119942.89,469859.41,830-0013,福岡県,久留米市櫛原町87,0942-35-5351,0942-35-5356,ＪＲ 久留米駅・西鉄 久留米駅双方よりお車で5分／高速道路久留米I.C.よりお車で約10分,60台有(無料）：必ずご準備いたしますので、スタッフにお問い合わせください。,久留米,https://img.travel.rakuten.co.jp/share/HOTEL/39624/39624.jpg,https://img.travel.rakuten.co.jp/HIMG/90/39624.jpg,https://img.travel.rakuten.co.jp/share/HOTEL/39624/39624_room.jpg,https://img.travel.rakuten.co.jp/HIMG/INTERIOR/39624.jpg,https://img.travel.rakuten.co.jp/share/HOTEL/39624/39624map.gif,230.0,4.4,"素泊まり一泊で利用したのですが、想像を大きく超える立派なホテルで、とても快適な宿泊ができました。フロントのスタッフの方の対応もとても丁寧で、この価格で宿泊可能なホ…　2026-05-11 20:22:20投稿 <a href=""https://img.travel.rakuten.co.jp/image/tr/api/re/gJNfM/?f_hotel_no=39624"" class=""3click"">つづきはこちら</a>",db1,ダブル【禁煙】,6109685.0,萃香園ホテル【素泊まり】プラン,1,0,0,0,0,1,https://img.travel.rakuten.co.jp/image/tr/api/re/IdsCY/?f_no=39624&f_syu=db1&f_hi1=2026-05-19&f_hi2=2026-05-20&f_heya_su=1&f_otona_su=1&f_s1=0&f_s2=0&f_y1=0&f_y2=0&f_y3=0&f_y4=0&f_camp_id=6109685,0,2026-05-19,9800,9800,0,2026-05-19,kurume
3101,久留米ステーションホテル,https://img.travel.rakuten.co.jp/image/tr/api/re/pvonD/?f_no=3101,https://img.travel.rakuten.co.jp/image/tr/api/re/vFumt/?f_no=3101&f_flg=PLAN,https://img.travel.rakuten.co.jp/image/tr/api/re/WzozX/?noTomariHotel=3101,https://img.travel.rakuten.co.jp/image/tr/api/re/gJNfM/?f_hotel_no=3101,くるめ　すてーしょんほてる,JR久留米駅前アクセス良好、駐車場無料（先着40台）,3800,119938.37,469819.09,830-0023,福岡県,久留米市中央町2-14,0942-36-1122,0942-36-0459,JR久留米駅前アクセス良好！（JR久留米駅東口から徒歩１分）,有り　４０台　無料（先着順）,久留米,https://img.travel.rakuten.co.jp/share/HOTEL/3101/3101.jpg,https://img.travel.rakuten.co.jp/HIMG/90/3101.jpg,https://img.travel.rakuten.co.jp/share/HOTEL/3101/3101_room.jpg,https://img.travel.rakuten.co.jp/HIMG/INTERIOR/3101.jpg,https://img.travel.rakuten.co.jp/share/HOTEL/3101/3101map.gif,1411.0,3.96,"クチ…　2026-04-30 18:08:02投稿 <a href=""https://img.travel.rakuten.co.jp/image/tr/api/re/gJNfM/?f_hotel_no=3101"" class=""3click"">つづきはこちら</a>",sn,禁煙シングル,3274004.0,★シングルプラン  ♪JR久留米駅徒歩１分♪駐車場無料♪（先着順）,1,0,0,0,0,1,https://img.travel.rakuten.co.jp/image/tr/api/re/IdsCY/?f_no=3101&f_syu=sn&f_hi1=2026-05-19&f_hi2=2026-05-20&f_heya_su=1&f_otona_su=1&f_s1=0&f_s2=0&f_y1=0&f_y2=0&f_y3=0&f_y4=0&f_camp_id=3274004,0,2026-05-19,7300,7300,0,2026-05-19,kurume
72085,ホテルグランスパ　アベニュー,https://img.travel.rakuten.co.jp/image/tr/api/re/pvonD/?f_no=72085,https://img.travel.rakuten.co.jp/image/tr/api/re/vFumt/?f_no=72085&f_flg=PLAN,https://img.travel.rakuten.co.jp/image/tr/api/re/WzozX/?noTomariHotel=72085,https://img.travel.rakuten.co.jp/image/tr/api/re/gJNfM/?f_hotel_no=72085,ぐらんすぱ　あべにゅー,2024年全館リニューアル！大浴場・露天風呂で源泉かけ流しpH10.0天然温泉を満喫◆朝食＆駐車場無料,5800,120295.31,470365.07,838-0068,福岡県,朝倉市甘木1677-2,0946-22-1215,0946-22-1085,車で大分自動車道 甘木ICより、筑後小郡より19分、高速バスご利用の場合、福岡天神まで約1時間　西鉄甘木駅から徒歩2分,【無料】160台収容立体駐車場有り。３Fフロント直通通路有。平置き駐車場も完備(4ｔトラックもＯＫ),甘木,https://img.travel.rakuten.co.jp/share/HOTEL/72085/72085.jpg,https://img.travel.rakuten.co.jp/HIMG/90/72085.jpg,https://img.travel.rakuten.co.jp/share/HOTEL/72085/72085_s.jpg,https://img.travel.rakuten.co.jp/HIMG/INTERIOR/72085.jpg,https://img.travel.rakuten.co.jp/share/HOTEL/72085/72085map.gif,1102.0,4.14,"ユニットバス もう トイレも広くていいんだけど 水栓が…　2026-05-14 03:45:20投稿 <a href=""https://img.travel.rakuten.co.jp/image/tr/api/re/gJNfM/?f_hotel_no=72085"" class=""3click"">つづきはこちら</a>",rsk2,【禁煙】リラックスシングル＜マッサージチェア付＞,2867766.0,【スタンダードプラン】ph10の美肌温泉を満喫◆基本プラン《朝食・駐車場・VOD無料・WiFi完備》,1,0,0,1,0,1,https://img.travel.rakuten.co.jp/image/tr/api/re/IdsCY/?f_no=72085&f_syu=rsk2&f_hi1=2026-05-19&f_hi2=2026-05-20&f_heya_su=1&f_otona_su=1&f_s1=0&f_s2=0&f_y1=0&f_y2=0&f_y3=0&f_y4=0&f_camp_id=2867766,0,2026-05-19,10300,10300,0,2026-05-19,kurume
184523,備長炭の湯　ホテル久留米ヒルズ（ＢＢＨホテルグループ）,https://img.travel.rakuten.co.jp/image/tr/api/re/pvonD/?f_no=184523,https://img.travel.rakuten.co.jp/image/tr/api/re/vFumt/?f_no=184523&f_flg=PLAN,https://img.travel.rakuten.co.jp/image/tr/api/re/WzozX/?noTomariHotel=184523,https://img.travel.rakuten.co.jp/image/tr/api/re/gJNfM/?f_hotel_no=184523,びんちょうたんのゆ　ほてるくるめひるず（びーびーえいちほてるぐるーぷ）,無料朝食バイキング＆無料駐車場（先着15台）でビジネス・観光へのアクセス抜群【全国多数舗展開中のBBHホテルグループ】,3600,119905.38,469861.08,830-0031,福岡県,久留米市六ツ門町15-3,050-1725-6457,0942-64-8887,西鉄久留米駅から徒歩8分、久留米インターから車で15分,有り　15台　無料 (先着順･予約不可）,西鉄久留米,https://img.travel.rakuten.co.jp/share/HOTEL/184523/184523.jpg,https://img.travel.rakuten.co.jp/HIMG/90/184523.jpg,,,https://img.travel.rakuten.co.jp/share/HOTEL/184523/184523map.gif,486.0,3.56,"クチコミの詳細はこちらから　https://review.travel.ra…　2026-05-15 00:30:52投稿 <a href=""https://img.travel.rakuten.co.jp/image/tr/api/re/gJNfM/?f_hotel_no=184523"" class=""3click"">つづきはこちら</a>",nssingle,◇禁煙シングルルーム◇12平米／140センチ幅ダブルベッド,5728653.0,【楽天月末セール】【スタンダード】1泊無料朝食付きご宿泊プラン,1,0,0,1,0,1,https://img.travel.rakuten.co.jp/image/tr/api/re/IdsCY/?f_no=184523&f_syu=nssingle&f_hi1=2026-05-19&f_hi2=2026-05-20&f_heya_su=1&f_otona_su=1&f_s1=0&f_s2=0&f_y1=0&f_y2=0&f_y3=0&f_y4=0&f_camp_id=5728653,0,2026-05-19,6880,6880,0,2026-05-19,kurume
172633,グリーンリッチホテル久留米　天然温泉・有馬六ツ門の湯,https://img.travel.rakuten.co.jp/image/tr/api/re/pvonD/?f_no=172633,https://img.travel.rakuten.co.jp/image/tr/api/re/vFumt/?f_no=172633&f_flg=PLAN,https://img.travel.rakuten.co.jp/image/tr/api/re/WzozX/?noTomariHotel=172633,https://img.travel.rakuten.co.jp/image/tr/api/re/gJNfM/?f_hotel_no=172633,ぐりーんりっちほてるくるめ　,久留米唯一の天然温泉大浴場完備のデザイナーズホテル　酸素ルーム有り　好評！朝食バイキング,4100,119926.87,469857.01,830-0017,福岡県,久留米市日吉町18-1,0942-39-3000,0942-46-3300,●西鉄久留米駅より車で3分、JR久留米駅より車で3分●福岡空港連絡バス停「六ツ門」徒歩3分●,"有　車高制限：185cm　１泊1,200円■先着順■満車時は近隣のコインパーキングをご案内します。",久留米,https://img.travel.rakuten.co.jp/share/HOTEL/172633/172633.jpg,https://img.travel.rakuten.co.jp/HIMG/90/172633.jpg,https://img.travel.rakuten.co.jp/share/HOTEL/172633/172633_kan1.jpg,https://img.travel.rakuten.co.jp/HIMG/INTERIOR/172633.jpg,https://img.travel.rakuten.co.jp/share/HOTEL/172633/172633map.gif,817.0,4.21,"同行者の部屋はマッサージ機付き…　2026-05-12 10:04:27投稿 <a href=""https://img.travel.rakuten.co.jp/image/tr/api/re/gJNfM/?f_hotel_no=172633"" class=""3click"">つづきはこちら</a>",s,【喫煙】シングル,4399303.0,【素泊まり】シンプルステイ,1,0,0,0,0,1,https://img.travel.rakuten.co.jp/image/tr/api/re/IdsCY/?f_no=172633&f_syu=s&f_hi1=2026-05-19&f_hi2=2026-05-20&f_heya_su=1&f_otona_su=1&f_s1=0&f_s2=0&f_y1=0&f_y2=0&f_y3=0&f_y4=0&f_camp_id=4399303,0,2026-05-19,13000,13000,0,2026-05-19,kurume
1373,ホテルニュープラザ久留米,https://img.travel.rakuten.co.jp/image/tr/api/re/pvonD/?f_no=1373,https://img.travel.rakuten.co.jp/image/tr/api/re/vFumt/?f_no=1373&f_flg=PLAN,https://img.travel.rakuten.co.jp/image/tr/api/re/WzozX/?noTomariHotel=1373,https://img.travel.rakuten.co.jp/image/tr/api/re/gJNfM/?f_hotel_no=1373,にゅーぷらざくるめ,西鉄久留米駅より徒歩7分、駐車スペースは200台、ビジネスからファミリーまで多様なお部屋タイプをご準備しております。,3500,119906.11,469864.36,830-0031,福岡県,久留米市六ッ門町16-1,0942-33-0010,0942-38-6583,西鉄久留米駅から徒歩7分。JR久留米駅から車で5分。広又バス停まで徒歩２分,普通車200台　 550円（税込/泊）　/　大型車（バス･トラック）は事前にホテルへご確認下さい,久留米,https://img.travel.rakuten.co.jp/share/HOTEL/1373/1373.jpg,https://img.travel.rakuten.co.jp/HIMG/90/1373.jpg,https://img.travel.rakuten.co.jp/share/HOTEL/1373/1373_sgl.jpg,https://img.travel.rakuten.co.jp/HIMG/INTERIOR/1373.jpg,https://img.travel.rakuten.co.jp/share/HOTEL/1373/1373map.gif,2418.0,3.66,"クチコミの詳細はこちらから　https://review.travel.rakut…　2026-05-14 17:26:33投稿 <a href=""https://img.travel.rakuten.co.jp/image/tr/api/re/gJNfM/?f_hotel_no=1373"" class=""3click"">つづきはこちら</a>",sb_k,【禁煙】シングル 14〜20平米,5798530.0,【オンラインカード決済限定】注意事項をご確認の上ご予約下さい。宿泊税別,1,0,0,0,0,2,https://img.travel.rakuten.co.jp/image/tr/api/re/IdsCY/?f_no=1373&f_syu=sb_k&f_hi1=2026-05-19&f_hi2=2026-05-20&f_heya_su=1&f_otona_su=1&f_s1=0&f_s2=0&f_y1=0&f_y2=0&f_y3=0&f_y4=0&f_camp_id=5798530,0,2026-05-19,7900,7900,0,2026-05-19,kurume
438,久留米ワシントンホテルプラザ,https://img.travel.rakuten.co.jp/image/tr/api/re/pvonD/?f_no=438,https://img.travel.rakuten.co.jp/image/tr/api/re/vFumt/?f_no=438&f_flg=PLAN,https://img.travel.rakuten.co.jp/image/tr/api/re/WzozX/?noTomariHotel=438,https://img.travel.rakuten.co.jp/image/tr/api/re/gJNfM/?f_hotel_no=438,くるめ　わしんとんほてるぷらざ,全室高速Wi-fi接続＆加湿空気清浄機＆USBコンセント完備●西鉄「久留米」駅より徒歩約5分（福岡天神から30~40分）,4200,119915.32,469873.34,830-0032,福岡県,久留米市東町34-2,0942-32-0410,0942-39-2778,西鉄「久留米」より徒歩約5分　※ＪＲ久留米駅からはお車にて約5分。注）駐車場はございません。,施設内に駐車場がございません。※周辺パーキングに駐車をお願いいたします。(有料),久留米,https://img.travel.rakuten.co.jp/share/HOTEL/438/438.jpg,https://img.travel.rakuten.co.jp/HIMG/90/438.jpg,https://img.travel.rakuten.co.jp/share/HOTEL/438/438_rm.jpg,https://img.travel.rakuten.co.jp/HIMG/INTERIOR/438.jpg,https://img.travel.rakuten.co.jp/share/HOTEL/438/438map.gif,1455.0,3.68,"クチコミの詳細はこちらから　https://review.travel.raku…　2026-05-10 02:31:18投稿 <a href=""https://img.travel.rakuten.co.jp/image/tr/api/re/gJNfM/?f_hotel_no=438"" class=""3click"">つづきはこちら</a>",sb101,シングル【禁煙】,2828508.0,学割プラン・ 学生証をご提示下さい（食事なし）,1,0,0,0,0,1,https://img.travel.rakuten.co.jp/image/tr/api/re/IdsCY/?f_no=438&f_syu=sb101&f_hi1=2026-05-19&f_hi2=2026-05-20&f_heya_su=1&f_otona_su=1&f_s1=0&f_s2=0&f_y1=0&f_y2=0&f_y3=0&f_y4=0&f_camp_id=2828508,0,2026-05-19,6200,6200,0,2026-05-19,kurume
72868,ＨＯＴＥＬ　ＡＺ　福岡甘木インター店,https://img.travel.rakuten.co.jp/image/tr/api/re/pvonD/?f_no=72868,https://img.travel.rakuten.co.jp/image/tr/api/re/vFumt/?f_no=72868&f_flg=PLAN,https://img.travel.rakuten.co.jp/image/tr/api/re/WzozX/?noTomariHotel=72868,https://img.travel.rakuten.co.jp/image/tr/api/re/gJNfM/?f_hotel_no=72868,ほてるえーぜっと　ふくおかあまぎいんたーてん,甘木インターすぐそばでアクセス良好！朝食無料！無料駐車場146台完備！全室インターネット接続OK！,5170,120252.35,470358.66,838-0068,福岡県,朝倉市甘木397-6,0946-21-3301,0946-21-3302,大分自動車道　甘木インターより車で１分　JR甘木駅より車で5分　　,無料駐車場146台あり　普通車：予約不要 、中型車・大型車：要予約,,https://img.travel.rakuten.co.jp/share/HOTEL/72868/72868.jpg,https://img.travel.rakuten.co.jp/HIMG/90/72868.jpg,,,https://img.travel.rakuten.co.jp/share/HOTEL/72868/72868map.gif,1092.0,3.87,"クチコミの詳細はこちらから　https://review.travel.rakute…　2026-04-27 09:09:04投稿 <a href=""https://img.travel.rakuten.co.jp/image/tr/api/re/gJNfM/?f_hotel_no=72868"" class=""3click"">つづきはこちら</a>",sgln,【禁煙】シングル,6103612.0,スタンダードプラン（朝食サービス）,1,0,0,1,0,1,https://img.travel.rakuten.co.jp/image/tr/api/re/IdsCY/?f_no=72868&f_syu=sgln&f_hi1=2026-05-19&f_hi2=2026-05-20&f_heya_su=1&f_otona_su=1&f_s1=0&f_s2=0&f_y1=0&f_y2=0&f_y3=0&f_y4=0&f_camp_id=6103612,0,2026-05-19,6380,6380,0,2026-05-19,kurume
149053,ＨＯＴＥＬ　ＡＺ　福岡久留米店,https://img.travel.rakuten.co.jp/image/tr/api/re/pvonD/?f_no=149053,https://img.travel.rakuten.co.jp/image/tr/api/re/vFumt/?f_no=149053&f_flg=PLAN,https://img.travel.rakuten.co.jp/image/tr/api/re/WzozX/?noTomariHotel=149053,https://img.travel.rakuten.co.jp/image/tr/api/re/gJNfM/?f_hotel_no=149053,ほてる　えーぜっと　ふくおかくるめてん,御井駅より徒歩４分。九州自動車道 久留米ＩＣより車で５分。駐車場無料★朝食無料,4620,119915.26,470039.4,839-0814,福岡県,久留米市山川追分1-11-31,0942-41-8801,0942-41-8802,九州自動車道「久留米ＩＣ」より車で５分。ＪＲ「御井駅」より徒歩にて約４分。,無料駐車場88台あり　普通車：予約不要 、中型車・大型車：要予約,御井,https://img.travel.rakuten.co.jp/share/HOTEL/149053/149053.jpg,https://img.travel.rakuten.co.jp/HIMG/90/149053.jpg,https://img.travel.rakuten.co.jp/share/HOTEL/149053/149053_kan1.jpg,https://img.travel.rakuten.co.jp/HIMG/INTERIOR/149053.jpg,https://img.travel.rakuten.co.jp/share/HOTEL/149053/149053map.gif,232.0,4.0,"クチコミの詳細は…　2026-05-10 06:10:12投稿 <a href=""https://img.travel.rakuten.co.jp/image/tr/api/re/gJNfM/?f_hotel_no=149053"" class=""3click"">つづきはこちら</a>",s,【喫煙】シングル,6107881.0,スタンダードプラン（朝食サービス）,1,0,0,1,0,1,https://img.travel.rakuten.co.jp/image/tr/api/re/IdsCY/?f_no=149053&f_syu=s&f_hi1=2026-05-19&f_hi2=2026-05-20&f_heya_su=1&f_otona_su=1&f_s1=0&f_s2=0&f_y1=0&f_y2=0&f_y3=0&f_y4=0&f_camp_id=6107881,0,2026-05-19,6380,6380,0,2026-05-19,kurume
68074,久留米ホテルエスプリ,https://img.travel.rakuten.co.jp/image/tr/api/re/pvonD/?f_no=68074,https://img.travel.rakuten.co.jp/image/tr/api/re/vFumt/?f_no=68074&f_flg=PLAN,https://img.travel.rakuten.co.jp/image/tr/api/re/WzozX/?noTomariHotel=68074,https://img.travel.rakuten.co.jp/image/tr/api/re/gJNfM/?f_hotel_no=68074,くるめほてるえすぷり,西鉄久留米駅は目の前！21.60㎡～の広いお部屋とベッドが自慢♪駐車場＆会議室完備☆,3400,119909.11,469879.48,830-0032,福岡県,久留米市東町339,0942-31-1300,0942-31-1333,西鉄久留米駅から徒歩１分。JR久留米駅より車で5分。天神から電車で約30分。福岡空港より高速バスで約４５分,"有り　15台　1,000円（税込み／泊）　先着順　※提携駐車場も有り",西鉄久留米,https://img.travel.rakuten.co.jp/share/HOTEL/68074/68074.jpg,https://img.travel.rakuten.co.jp/HIMG/90/68074.jpg,https://img.travel.rakuten.co.jp/share/HOTEL/68074/68074_k1.jpg,https://img.travel.rakuten.co.jp/HIMG/INTERIOR/68074.jpg,https://img.travel.rakuten.co.jp/share/HOTEL/68074/68074map.gif,1314.0,3.87,"クチコミの詳細はこちらから　https://review.travel.rakute…　2026-05-06 18:50:57投稿 <a href=""https://img.travel.rakuten.co.jp/image/tr/api/re/gJNfM/?f_hotel_no=68074"" class=""3click"">つづきはこちら</a>",s,Espritクイーンルーム◆喫煙（旧エグゼクティブシングル),4524204.0,【広さと言えば！】Esprit特典なしプラン♪＜素泊まり＞,1,0,0,0,0,1,https://img.travel.rakuten.co.jp/image/tr/api/re/IdsCY/?f_no=68074&f_syu=s&f_hi1=2026-05-19&f_hi2=2026-05-20&f_heya_su=1&f_otona_su=1&f_s1=0&f_s2=0&f_y1=0&f_y2=0&f_y3=0&f_y4=0&f_camp_id=4524204,0,2026-05-19,10000,10000,0,2026-05-19,kurume
68686,東横ＩＮＮ西鉄久留米駅東口,https://img.travel.rakuten.co.jp/image/tr/api/re/pvonD/?f_no=68686,https://img.travel.rakuten.co.jp/image/tr/api/re/vFumt/?f_no=68686&f_flg=PLAN,https://img.travel.rakuten.co.jp/image/tr/api/re/WzozX/?noTomariHotel=68686,https://img.travel.rakuten.co.jp/image/tr/api/re/gJNfM/?f_hotel_no=68686,とうよこいんにしてつくるめえきひがしぐち,大砲ラーメン本店まで車で5分の立地で出発を応援！朝食・小学生以下添い寝無料で安心空間を提供いたします,4883,119908.37,469885.67,830-0033,福岡県,久留米市天神町3-93-4,0942-35-1045,0942-35-1046,西鉄久留米駅中央東口（東口広場方面）からリベールの横を通って古賀病院方向へ徒歩２分,５６台（立体駐車場）　　　５００円/泊　　先着順　　高さ制限あり（2ｍまで）,西鉄久留米,https://img.travel.rakuten.co.jp/share/HOTEL/68686/68686.jpg,https://img.travel.rakuten.co.jp/HIMG/90/68686.jpg,https://img.travel.rakuten.co.jp/share/HOTEL/68686/68686_s.jpg,https://img.travel.rakuten.co.jp/HIMG/INTERIOR/68686.jpg,https://img.travel.rakuten.co.jp/share/HOTEL/68686/68686map.gif,657.0,4.13,"クチコミの詳細はこちらから　https://review.travel.rakuten.co.jp/hotel/voice/68686?reviewI…　2026-04-24 17:59:18投稿 <a href=""https://img.travel.rakuten.co.jp/image/tr/api/re/gJNfM/?f_hotel_no=68686"" class=""3click"">つづきはこちら</a>",s,喫煙シングル,2725781.0,★【無料の元気朝食付】いつでも安心価格♪ビジネス・レジャーに！ 喫煙シングル,1,0,0,1,0,1,https://img.travel.rakuten.co.jp/image/tr/api/re/IdsCY/?f_no=68686&f_syu=s&f_hi1=2026-05-19&f_hi2=2026-05-20&f_heya_su=1&f_otona_su=1&f_s1=0&f_s2=0&f_y1=0&f_y2=0&f_y3=0&f_y4=0&f_camp_id=2725781,0,2026-05-19,7665,7665,0,2026-05-19,kurume
196704,いやし処ほてる寛楽　久留米駅前,https://img.travel.rakuten.co.jp/image/tr/api/re/pvonD/?f_no=196704,https://img.travel.rakuten.co.jp/image/tr/api/re/vFumt/?f_no=196704&f_flg=PLAN,https://img.travel.rakuten.co.jp/image/tr/api/re/WzozX/?noTomariHotel=196704,https://img.travel.rakuten.co.jp/image/tr/api/re/gJNfM/?f_hotel_no=196704,いやしどころほてる かんらく くるめえきまえ,日本を感じる「和」の雰囲気と「洋」の快適さを持ち お客様に「寛ぎ」と「楽しさ」をお届けします。,3460,119923.14,469881.24,830-0018,福岡県,久留米市通町108-4,0942-48-3388,0942-48-3308,西鉄久留米駅より車で4分　徒歩7分,なし,西鉄久留米,https://img.travel.rakuten.co.jp/share/HOTEL/196704/196704.jpg,https://img.travel.rakuten.co.jp/HIMG/90/196704.jpg,,,https://img.travel.rakuten.co.jp/share/HOTEL/196704/196704map.gif,117.0,4.03,"クチコミの詳細はこちらから　https://review.travel.rakuten.co.jp/hote…　2026-05-11 17:59:52投稿 <a href=""https://img.travel.rakuten.co.jp/image/tr/api/re/gJNfM/?f_hotel_no=196704"" class=""3click"">つづきはこちら</a>",stdouble,スタンダードダブル,6256299.0,【素泊り】スタンダードプラン★無料夕食あり！Wi-Fi＆男女別大浴場完備  ビジネスに最適♪,1,0,0,0,0,1,https://img.travel.rakuten.co.jp/image/tr/api/re/IdsCY/?f_no=196704&f_syu=stdouble&f_hi1=2026-05-19&f_hi2=2026-05-20&f_heya_su=1&f_otona_su=1&f_s1=0&f_s2=0&f_y1=0&f_y2=0&f_y3=0&f_y4=0&f_camp_id=6256299,0,2026-05-19,7700,7700,0,2026-05-19,kurume
28917,クルメターミナルホテル,https://img.travel.rakuten.co.jp/image/tr/api/re/pvonD/?f_no=28917,https://img.travel.rakuten.co.jp/image/tr/api/re/vFumt/?f_no=28917&f_flg=PLAN,https://img.travel.rakuten.co.jp/image/tr/api/re/WzozX/?noTomariHotel=28917,https://img.travel.rakuten.co.jp/image/tr/api/re/gJNfM/?f_hotel_no=28917,くるめ　たーみなるほてる,西鉄久留米駅から徒歩１分★最高の立地！,3650,119908.54,469882.26,830-0033,福岡県,久留米市天神町114,0942-39-4111,0942-34-3558,西鉄大牟田線・西鉄久留米駅～徒歩約１分,ホテルに駐車場はありません。,西鉄久留米,https://img.travel.rakuten.co.jp/share/HOTEL/28917/28917.jpg,https://img.travel.rakuten.co.jp/HIMG/90/28917.jpg,https://img.travel.rakuten.co.jp/share/HOTEL/28917/28917_ft.jpg,https://img.travel.rakuten.co.jp/HIMG/INTERIOR/28917.jpg,https://img.travel.rakuten.co.jp/share/HOTEL/28917/28917map.gif,669.0,3.84,"古いホテルなんだろうけどユニットバスは比較的新しめで良かった。が!シャワーヘ…　2026-03-20 10:34:17投稿 <a href=""https://img.travel.rakuten.co.jp/image/tr/api/re/gJNfM/?f_hotel_no=28917"" class=""3click"">つづきはこちら</a>",saa,シングルＡ冷蔵庫無し,5434662.0,☆モーニング付きプラン☆当日17時まで販売中☆彡,1,0,0,1,0,1,https://img.travel.rakuten.co.jp/image/tr/api/re/IdsCY/?f_no=28917&f_syu=saa&f_hi1=2026-05-19&f_hi2=2026-05-20&f_heya_su=1&f_otona_su=1&f_s1=0&f_s2=0&f_y1=0&f_y2=0&f_y3=0&f_y4=0&f_camp_id=5434662,0,2026-05-19,5300,5300,0,2026-05-19,kurume
8746,エンナンホテル　久留米,https://img.travel.rakuten.co.jp/image/tr/api/re/pvonD/?f_no=8746,https://img.travel.rakuten.co.jp/image/tr/api/re/vFumt/?f_no=8746&f_flg=PLAN,https://img.travel.rakuten.co.jp/image/tr/api/re/WzozX/?noTomariHotel=8746,https://img.travel.rakuten.co.jp/image/tr/api/re/gJNfM/?f_hotel_no=8746,えんなんほてる　くるめ,西鉄久留米駅徒歩2分/デュベスタイル/チェックアウト11時/wifi・有線LAN完備/VOD無料/ウォシュレット完備,3200,119909.79,469877.0,830-0032,福岡県,久留米市東町29-10,0942-38-3811,0942-38-3818,西鉄久留米駅から徒歩2分、JR久留米駅から車にて5分、久留米ICから車で10分、福岡空港から西鉄高速バス(直通)45分。,●1台（普通車サイズ）で第一駐車場1泊900円、第二駐車場1泊600円です。（先着順：予約不可）,西鉄久留米,https://img.travel.rakuten.co.jp/share/HOTEL/8746/8746.jpg,https://img.travel.rakuten.co.jp/HIMG/90/8746.jpg,https://img.travel.rakuten.co.jp/share/HOTEL/8746/8746_si.jpg,https://img.travel.rakuten.co.jp/HIMG/INTERIOR/8746.jpg,https://img.travel.rakuten.co.jp/share/HOTEL/8746/8746map.gif,3291.0,3.62,"クチコミの詳細はこちらから　https://review.travel.rakuten.co.jp/hote…　2026-05-12 18:46:43投稿 <a href=""https://img.travel.rakuten.co.jp/image/tr/api/re/gJNfM/?f_hotel_no=8746"" class=""3click"">つづきはこちら</a>",0711dsn,【禁煙】シングルルーム/14平米/ダブルベット,1872628.0,【素泊まり】西鉄久留米駅から徒歩3分★Wベッド★VOD見放題★大浴場・軟水風呂,1,0,0,0,0,1,https://img.travel.rakuten.co.jp/image/tr/api/re/IdsCY/?f_no=8746&f_syu=0711dsn&f_hi1=2026-05-19&f_hi2=2026-05-20&f_heya_su=1&f_otona_su=1&f_s1=0&f_s2=0&f_y1=0&f_y2=0&f_y3=0&f_y4=0&f_camp_id=1872628,0,2026-05-19,7090,7090,0,2026-05-19,kurume
8080,ビジネスイン・シーガル,https://img.travel.rakuten.co.jp/image/tr/api/re/pvonD/?f_no=8080,https://img.travel.rakuten.co.jp/image/tr/api/re/vFumt/?f_no=8080&f_flg=PLAN,https://img.travel.rakuten.co.jp/image/tr/api/re/WzozX/?noTomariHotel=8080,https://img.travel.rakuten.co.jp/image/tr/api/re/gJNfM/?f_hotel_no=8080,びじねすいん・しーがる,久留米市花畑の静かでシンプルなホテル。客室無料LAN、フリーWi-Fi。長期は特にオトク。大型コインランドリー付帯。,4000,119895.68,469856.04,830-0039,福岡県,久留米市花畑 1-1-4,0942-38-4111,0942-32-7500,福岡天神から特急で直30分、JR久留米駅より車で5分、西鉄花畑駅より徒歩3分、久留米インターより車で15分、駐車場無料,無料：15台　先着順*満車の場合は近隣有料駐車場のご案内(500円/日前後)。大型車は別途ご相談。,久留米,https://img.travel.rakuten.co.jp/share/HOTEL/8080/8080.jpg,https://img.travel.rakuten.co.jp/HIMG/90/8080.jpg,https://img.travel.rakuten.co.jp/share/HOTEL/8080/8080_room.jpg,https://img.travel.rakuten.co.jp/HIMG/INTERIOR/8080.jpg,https://img.travel.rakuten.co.jp/share/HOTEL/8080/8080map.gif,289.0,4.04,"しかも、換気がわるいのか、窓側に水滴が...壁紙も剥が…　2026-05-13 21:38:18投稿 <a href=""https://img.travel.rakuten.co.jp/image/tr/api/re/gJNfM/?f_hotel_no=8080"" class=""3click"">つづきはこちら</a>",003,シングル禁煙,4319358.0,シングル禁煙現金決済特典 [Extra rates],1,0,0,0,0,0,https://img.travel.rakuten.co.jp/image/tr/api/re/IdsCY/?f_no=8080&f_syu=003&f_hi1=2026-05-19&f_hi2=2026-05-20&f_heya_su=1&f_otona_su=1&f_s1=0&f_s2=0&f_y1=0&f_y2=0&f_y3=0&f_y4=0&f_camp_id=4319358,0,2026-05-19,5500,5500,0,2026-05-19,kurume
198682,ＨＯＴＥＬ　Ｒ９　Ｔｈｅ　Ｙａｒｄ　大刀洗,https://img.travel.rakuten.co.jp/image/tr/api/re/pvonD/?f_no=198682,https://img.travel.rakuten.co.jp/image/tr/api/re/vFumt/?f_no=198682&f_flg=PLAN,https://img.travel.rakuten.co.jp/image/tr/api/re/WzozX/?noTomariHotel=198682,https://img.travel.rakuten.co.jp/image/tr/api/re/gJNfM/?f_hotel_no=198682,ほてる あーるないん ざ やーど たちあらい,筑後小郡ICより車で4分！大刀洗町への出張や観光の拠点に！カレーなど軽食サービス付,3900,120233.11,470147.2,830-1224,福岡県,三井郡大刀洗町鵜木1440-1,0942-48-6235,0942-48-6236,【電車】西鉄小郡駅より徒歩6分。【お車】筑後小郡ICより車で4分。,無料 有り 60台※大型車（2トントラック以上）をご利用の際は、事前にお電話でお問い合わせください。,西鉄小郡,https://img.travel.rakuten.co.jp/share/HOTEL/198682/198682.jpg,https://img.travel.rakuten.co.jp/HIMG/90/198682.jpg,,,https://img.travel.rakuten.co.jp/share/HOTEL/198682/198682map.gif,29.0,4.17,"クチコミ…　2026-05-11 20:43:43投稿 <a href=""https://img.travel.rakuten.co.jp/image/tr/api/re/gJNfM/?f_hotel_no=198682"" class=""3click"">つづきはこちら</a>",twin,【禁煙】ツインルーム （約13平米/最大2名様）,6424887.0,【スタンダード】ビジネスや観光の拠点に♪軽食＆ホットドリンク付【駐車場至近＆無料】,1,0,0,0,0,1,https://img.travel.rakuten.co.jp/image/tr/api/re/IdsCY/?f_no=198682&f_syu=twin&f_hi1=2026-05-19&f_hi2=2026-05-20&f_heya_su=1&f_otona_su=1&f_s1=0&f_s2=0&f_y1=0&f_y2=0&f_y3=0&f_y4=0&f_camp_id=6424887,0,2026-05-19,6000,6000,0,2026-05-19,kurume
141342,天然田園温泉ふかほり邸,https://img.travel.rakuten.co.jp/image/tr/api/re/pvonD/?f_no=141342,https://img.travel.rakuten.co.jp/image/tr/api/re/vFumt/?f_no=141342&f_flg=PLAN,https://img.travel.rakuten.co.jp/image/tr/api/re/WzozX/?noTomariHotel=141342,https://img.travel.rakuten.co.jp/image/tr/api/re/gJNfM/?f_hotel_no=141342,てんねんでんえんおんせんふかほりてい,4千坪の広大な敷地に【露天風呂付き客室が全7室】門をくぐると、広がる非日常空間…。自然食とかけ流し温泉を愉しむ癒しの宿。,47700,119696.04,469776.61,830-0111,福岡県,久留米市三潴町西牟田6552,0942-54-6681,0942-54-6682,ＪＲ鹿児島本線西牟田駅下車、車で約5分。／西鉄大牟田線大善寺駅下車、車で約10分／九州自動車道　広川ICより約20分,有り　１２台　無料　予約不要,西牟田,https://img.travel.rakuten.co.jp/share/HOTEL/141342/141342.jpg,https://img.travel.rakuten.co.jp/HIMG/90/141342.jpg,https://img.travel.rakuten.co.jp/share/HOTEL/141342/141342_kya1.jpg,https://img.travel.rakuten.co.jp/HIMG/INTERIOR/141342.jpg,https://img.travel.rakuten.co.jp/share/HOTEL/141342/141342map.gif,37.0,4.88,,3,【ゆすらうめ】高い天井と自然光で木のぬくもり溢れる和洋室,6107932.0,【直前割プラン】空室がある日限定。宿泊3日前から当日8時までのご予約で10％OFF（2食付）,1,0,0,0,0,2,https://img.travel.rakuten.co.jp/image/tr/api/re/IdsCY/?f_no=141342&f_syu=3&f_hi1=2026-05-19&f_hi2=2026-05-20&f_heya_su=1&f_otona_su=1&f_s1=0&f_s2=0&f_y1=0&f_y2=0&f_y3=0&f_y4=0&f_camp_id=6107932,0,2026-05-19,99450,99450,0,2026-05-19,kurume
196481,ＨＯＴＥＬ　Ｒ９　Ｔｈｅ　Ｙａｒｄ　筑前,https://img.travel.rakuten.co.jp/image/tr/api/re/pvonD/?f_no=196481,https://img.travel.rakuten.co.jp/image/tr/api/re/vFumt/?f_no=196481&f_flg=PLAN,https://img.travel.rakuten.co.jp/image/tr/api/re/WzozX/?noTomariHotel=196481,https://img.travel.rakuten.co.jp/image/tr/api/re/gJNfM/?f_hotel_no=196481, あーるないん ざ やーど ちくぜん,筑後小郡ICより車で12分！スーパー・コンビニ至近★周辺に工業団地が多数◎無料軽食付,3900,120423.38,470166.52,838-0215,福岡県,朝倉郡筑前町篠隈183-8,0946-28-8202,0946-28-8203,【電車】筑紫駅より車で約１４分。原田駅より車で約１２分。【お車】筑後小郡ＩＣより車で約１２分。,無料 有り 47台※大型車（2トントラック以上）をご利用の際は、事前にお電話でお問い合わせください。,原田（福岡）,https://img.travel.rakuten.co.jp/share/HOTEL/196481/196481.jpg,https://img.travel.rakuten.co.jp/HIMG/90/196481.jpg,,,https://img.travel.rakuten.co.jp/share/HOTEL/196481/196481map.gif,56.0,4.32,"クチコミの詳細はこちらから　https://review.travel.rakuten.co.jp/hotel/voice/196481?reviewI…　2026-04-23 12:24:10投稿 <a href=""https://img.travel.rakuten.co.jp/image/tr/api/re/gJNfM/?f_hotel_no=196481"" class=""3click"">つづきはこちら</a>",twin,【禁煙】ツインルーム （約13平米/最大2名様）,6226582.0,【スタンダード】ビジネスや観光の拠点に♪軽食＆ホットドリンク付【駐車場至近＆無料】,1,0,0,0,0,1,https://img.travel.rakuten.co.jp/image/tr/api/re/IdsCY/?f_no=196481&f_syu=twin&f_hi1=2026-05-19&f_hi2=2026-05-20&f_heya_su=1&f_otona_su=1&f_s1=0&f_s2=0&f_y1=0&f_y2=0&f_y3=0&f_y4=0&f_camp_id=6226582,0,2026-05-19,5500,5500,0,2026-05-19,kurume
79319,ホテルマリターレ創世　久留米,https://img.travel.rakuten.co.jp/image/tr/api/re/pvonD/?f_no=79319,https://img.travel.rakuten.co.jp/image/tr/api/re/vFumt/?f_no=79319&f_flg=PLAN,https://img.travel.rakuten.co.jp/image/tr/api/re/WzozX/?noTomariHotel=79319,https://img.travel.rakuten.co.jp/image/tr/api/re/gJNfM/?f_hotel_no=79319,まりたーれそうせい　くるめ,広々とした客室にはヨーロッパからの直輸入家具にジャグジーを完備！ごゆっくりお寛ぎいただけます。,5900,119957.48,469870.87,830-0003,福岡県,久留米市東櫛原町900,0942-35-5211,0942-48-1121,ＪＲ久留米駅・西鉄久留米駅から車で約１０分,有り　２００台　無料　予約不要,久留米,https://img.travel.rakuten.co.jp/share/HOTEL/79319/79319.jpg,https://img.travel.rakuten.co.jp/HIMG/90/79319.jpg,https://img.travel.rakuten.co.jp/share/HOTEL/79319/79319_b.jpg,https://img.travel.rakuten.co.jp/HIMG/INTERIOR/79319.jpg,https://img.travel.rakuten.co.jp/share/HOTEL/79319/79319map.gif,218.0,4.08,"博多周辺で泊まるよ…　2026-05-13 16:42:55投稿 <a href=""https://img.travel.rakuten.co.jp/image/tr/api/re/gJNfM/?f_hotel_no=79319"" class=""3click"">つづきはこちら</a>",dsa,【禁煙】デラックスシングル☆広々 ３１平米,6466317.0,【素泊まり】ラッキー★プラン【全室禁煙】,1,0,0,0,0,1,https://img.travel.rakuten.co.jp/image/tr/api/re/IdsCY/?f_no=79319&f_syu=dsa&f_hi1=2026-05-19&f_hi2=2026-05-20&f_heya_su=1&f_otona_su=1&f_s1=0&f_s2=0&f_y1=0&f_y2=0&f_y3=0&f_y4=0&f_camp_id=6466317,0,2026-05-19,9000,9000,0,2026-05-19,kurume
151388,ＨＯＴＥＬ　ＡＺ　福岡うきは店,https://img.travel.rakuten.co.jp/image/tr/api/re/pvonD/?f_no=151388,https://img.travel.rakuten.co.jp/image/tr/api/re/vFumt/?f_no=151388&f_flg=PLAN,https://img.travel.rakuten.co.jp/image/tr/api/re/WzozX/?noTomariHotel=151388,https://img.travel.rakuten.co.jp/image/tr/api/re/gJNfM/?f_hotel_no=151388,ほてる　えーぜっと　ふくおかうきはてん,杷木ＩＣより車で約7分！　駐車場無料・朝食無料・インターネット接続無料,4620,120011.29,470901.71,839-1403,福岡県,うきは市浮羽町東隈上314-4,0943-74-3311,0943-74-3312,九州自動車道　杷木ＩＣより車で約7分　ＪＲうきは駅よりお車にて約６分,無料駐車場92台あり　普通車：予約不要 、中型車・大型車：要予約,うきは,https://img.travel.rakuten.co.jp/share/HOTEL/151388/151388.jpg,https://img.travel.rakuten.co.jp/HIMG/90/151388.jpg,https://img.travel.rakuten.co.jp/share/HOTEL/151388/151388_kan1.jpg,https://img.travel.rakuten.co.jp/HIMG/INTERIOR/151388.jpg,https://img.travel.rakuten.co.jp/share/HOTEL/151388/151388map.gif,150.0,3.72,"クチコミの詳細はこちらから　https://review.travel.rakuten.co.jp/hotel/voice/151388?reviewI…　2026-05-14 19:34:22投稿 <a href=""https://img.travel.rakuten.co.jp/image/tr/api/re/gJNfM/?f_hotel_no=151388"" class=""3click"">つづきはこちら</a>",001,【喫煙】シングル,6106105.0,スタンダードプラン（朝食サービス）,1,0,0,1,0,1,https://img.travel.rakuten.co.jp/image/tr/api/re/IdsCY/?f_no=151388&f_syu=001&f_hi1=2026-05-19&f_hi2=2026-05-20&f_heya_su=1&f_otona_su=1&f_s1=0&f_s2=0&f_y1=0&f_y2=0&f_y3=0&f_y4=0&f_camp_id=6106105,0,2026-05-19,6380,6380,0,2026-05-19,kurume
78200,筑後川温泉　桑之屋,https://img.travel.rakuten.co.jp/image/tr/api/re/pvonD/?f_no=78200,https://img.travel.rakuten.co.jp/image/tr/api/re/vFumt/?f_no=78200&f_flg=PLAN,https://img.travel.rakuten.co.jp/image/tr/api/re/WzozX/?noTomariHotel=78200,https://img.travel.rakuten.co.jp/image/tr/api/re/gJNfM/?f_hotel_no=78200,ちくごがわおんせん　くわのや,≪源泉かけ流し100％天然温泉≫美肌効果抜群の新鮮な天然温泉を、現代の名工が腕を振るう料理を個室食で＜貸切風呂無料＞,6050,120079.14,470910.71,839-1405,福岡県,うきは市浮羽町古川1099-10,0943-77-2148,0943-77-2700,九大線　大石駅から車で５分（送迎有り・要予約）,有り　８０台　無料　予約不要,大石,https://img.travel.rakuten.co.jp/share/HOTEL/78200/78200.jpg,https://img.travel.rakuten.co.jp/HIMG/90/78200.jpg,https://img.travel.rakuten.co.jp/share/HOTEL/78200/78200_k.jpg,https://img.travel.rakuten.co.jp/HIMG/INTERIOR/78200.jpg,https://img.travel.rakuten.co.jp/share/HOTEL/78200/78200map.gif,216.0,4.26,"クチコミの詳細はこちらから　https://review.travel.rakuten.co.jp/hotel/voice/78200?revi…　2026-05-14 19:04:34投稿 <a href=""https://img.travel.rakuten.co.jp/image/tr/api/re/gJNfM/?f_hotel_no=78200"" class=""3click"">つづきはこちら</a>",wa_rc_10,【和室】京間１０畳｜禁煙｜WIFI無料◆素泊まり,5323598.0,【素泊まり｜10畳和室】◆天然温泉でリフレッシュ◆一人旅にもぴったり！,1,0,0,0,0,1,https://img.travel.rakuten.co.jp/image/tr/api/re/IdsCY/?f_no=78200&f_syu=wa_rc_10&f_hi1=2026-05-19&f_hi2=2026-05-20&f_heya_su=1&f_otona_su=1&f_s1=0&f_s2=0&f_y1=0&f_y2=0&f_y3=0&f_y4=0&f_camp_id=5323598,0,2026-05-19,10450,10450,0,2026-05-19,kurume
80410,原鶴温泉　延命館,https://img.travel.rakuten.co.jp/image/tr/api/re/pvonD/?f_no=80410,https://img.travel.rakuten.co.jp/image/tr/api/re/vFumt/?f_no=80410&f_flg=PLAN,https://img.travel.rakuten.co.jp/image/tr/api/re/WzozX/?noTomariHotel=80410,https://img.travel.rakuten.co.jp/image/tr/api/re/gJNfM/?f_hotel_no=80410,はらづるおんせん　えんめいかん,全館Wi-Fi接続！2019年8月家族風呂オープン！抜群の眺望と、温泉は加水も加温もなしの天然温泉・ダブル美肌の湯！,8250,120057.5,470812.3,838-1521,福岡県,朝倉市杷木志波15-2,0946-62-1133,0946-62-1135,大分道[杷木ＩＣ]より車で６分(送迎は要予約・3日前まで)　筑後吉井駅より送迎車にて１０分(送迎は要予約・3日前まで)　,有り　５０台　無料　予約不要,筑後吉井,https://img.travel.rakuten.co.jp/share/HOTEL/80410/80410.jpg,https://img.travel.rakuten.co.jp/HIMG/90/80410.jpg,https://img.travel.rakuten.co.jp/share/HOTEL/80410/80410_wa.jpg,https://img.travel.rakuten.co.jp/HIMG/INTERIOR/80410.jpg,https://img.travel.rakuten.co.jp/share/HOTEL/80410/80410map.gif,136.0,4.19,"ついつい行きたくなりました…　2026-05-13 14:44:37投稿 <a href=""https://img.travel.rakuten.co.jp/image/tr/api/re/gJNfM/?f_hotel_no=80410"" class=""3click"">つづきはこちら</a>",wsi6,【禁煙】おまかせ和室６〜１０畳,4111864.0,【素泊まり】源泉掛け流しの炭酸天然温泉に入り放題！筑後川を臨むお部屋でリフレッシュ,1,0,0,0,0,1,https://img.travel.rakuten.co.jp/image/tr/api/re/IdsCY/?f_no=80410&f_syu=wsi6&f_hi1=2026-05-19&f_hi2=2026-05-20&f_heya_su=1&f_otona_su=1&f_s1=0&f_s2=0&f_y1=0&f_y2=0&f_y3=0&f_y4=0&f_camp_id=4111864,0,2026-05-19,10450,10450,0,2026-05-19,kurume
107730,湯の坂　久留米温泉,https://img.travel.rakuten.co.jp/image/tr/api/re/pvonD/?f_no=107730,https://img.travel.rakuten.co.jp/image/tr/api/re/vFumt/?f_no=107730&f_flg=PLAN,https://img.travel.rakuten.co.jp/image/tr/api/re/WzozX/?noTomariHotel=107730,https://img.travel.rakuten.co.jp/image/tr/api/re/gJNfM/?f_hotel_no=107730,ゆのさか　くるめおんせん,源泉かけ流しのとろとろ温泉で美肌の湯。大浴場、家族湯が楽しめます。,6950,119900.93,469916.49,839-0862,福岡県,久留米市野中町湯の坂1235,0942-33-4126,0942-39-5541,西鉄久留米駅よりバスにて約５分,有り　１００台　無料　予約不要,西鉄久留米,https://img.travel.rakuten.co.jp/share/HOTEL/107730/107730.jpg,https://img.travel.rakuten.co.jp/HIMG/90/107730.jpg,https://img.travel.rakuten.co.jp/share/HOTEL/107730/107730_yo.jpg,https://img.travel.rakuten.co.jp/HIMG/INTERIOR/107730.jpg,https://img.travel.rakuten.co.jp/share/HOTEL/107730/107730map.gif,284.0,4.47,"翌日久留米で観劇があったので、天然温泉という事で宿泊しました。部屋は無機質でベランダには外から見られないようにか、後付けのカーテンみたいなのがつけてあり、なんか変な感じ…　2026-05-09 12:41:10投稿 <a href=""https://img.travel.rakuten.co.jp/image/tr/api/re/gJNfM/?f_hotel_no=107730"" class=""3click"">つづきはこちら</a>",4006r02,禁煙・和室(9畳),6374670.0,【21時以降チェックイン／朝食無料】レイトチェックイン☆　源泉かけ流し温泉でゆったり。広々サウナも◎,1,0,0,1,0,2,https://img.travel.rakuten.co.jp/image/tr/api/re/IdsCY/?f_no=107730&f_syu=4006r02&f_hi1=2026-05-19&f_hi2=2026-05-20&f_heya_su=1&f_otona_su=1&f_s1=0&f_s2=0&f_y1=0&f_y2=0&f_y3=0&f_y4=0&f_camp_id=6374670,0,2026-05-19,7650,7650,0,2026-05-19,kurume
53081,ホテル花景色,https://img.travel.rakuten.co.jp/image/tr/api/re/pvonD/?f_no=53081,https://img.travel.rakuten.co.jp/image/tr/api/re/vFumt/?f_no=53081&f_flg=PLAN,https://img.travel.rakuten.co.jp/image/tr/api/re/WzozX/?noTomariHotel=53081,https://img.travel.rakuten.co.jp/image/tr/api/re/gJNfM/?f_hotel_no=53081,ほてるはなげしき,つるつる美肌効果のアルカリ性硫黄温泉　濃度９．１　源泉かけ流し。,4000,120082.85,470919.62,839-1405,福岡県,うきは市浮羽町古川1097-1,0943-77-2110,0943-77-2079,●ＪＲ　筑後大石駅より車で５分 　　　　　　　　●高速バス　杷木バス停より車で３分,有り　3０台　無料　予約不要,筑後大石,https://img.travel.rakuten.co.jp/share/HOTEL/53081/53081.jpg,https://img.travel.rakuten.co.jp/HIMG/90/53081.jpg,https://img.travel.rakuten.co.jp/share/HOTEL/53081/53081_ky.jpg,https://img.travel.rakuten.co.jp/HIMG/INTERIOR/53081.jpg,https://img.travel.rakuten.co.jp/share/HOTEL/53081/53081map.gif,364.0,3.91,"2人で6畳和室を予約部屋に入るとすぐ6畳1間の横にトイレ洗面所窓は小窓でカーテンも無く部屋は窓の下にテーブルがある。椅子テーブルも無く窓を開けると西陽射が入っ…　2026-05-10 14:22:02投稿 <a href=""https://img.travel.rakuten.co.jp/image/tr/api/re/gJNfM/?f_hotel_no=53081"" class=""3click"">つづきはこちら</a>",tokujp,【禁煙】特和室,6061204.0,【素泊まり】お肌ツルツルになる自慢の天然温泉が最高！筑後川の流れる音を感じながら非日常の時間へ,1,0,0,0,0,1,https://img.travel.rakuten.co.jp/image/tr/api/re/IdsCY/?f_no=53081&f_syu=tokujp&f_hi1=2026-05-19&f_hi2=2026-05-20&f_heya_su=1&f_otona_su=1&f_s1=0&f_s2=0&f_y1=0&f_y2=0&f_y3=0&f_y4=0&f_camp_id=6061204,0,2026-05-19,6900,6900,0,2026-05-19,kurume
167668,ホステル　イルファーロ久留米,https://img.travel.rakuten.co.jp/image/tr/api/re/pvonD/?f_no=167668,https://img.travel.rakuten.co.jp/image/tr/api/re/vFumt/?f_no=167668&f_flg=PLAN,https://img.travel.rakuten.co.jp/image/tr/api/re/WzozX/?noTomariHotel=167668,https://img.travel.rakuten.co.jp/image/tr/api/re/gJNfM/?f_hotel_no=167668,ほすてる　いるふぁーろくるめ,西鉄久留米駅より徒歩1分。提携駐車場有。朝食無料。無料wifi有。,3842,119915.01,469881.77,830-0032,福岡県,久留米市東町38-13,0942-65-7140,0942-65-7168,西鉄久留米駅西口より徒歩1分。西鉄福岡天神駅より特急で32分。久留米インターから車で10分の好アクセス！,提携コインパーキング600円（三井のリパーク）詳細は駐車場MAPをご確認ください。,久留米,https://img.travel.rakuten.co.jp/share/HOTEL/167668/167668.jpg,https://img.travel.rakuten.co.jp/HIMG/90/167668.jpg,https://img.travel.rakuten.co.jp/share/HOTEL/167668/167668_kan1.jpg,https://img.travel.rakuten.co.jp/HIMG/INTERIOR/167668.jpg,https://img.travel.rakuten.co.jp/share/HOTEL/167668/167668map.gif,443.0,4.1,"クチコミの詳細はこちらから　https://review.travel.rakuten.co.jp/hotel/voice/16766…　2026-05-01 08:47:44投稿 <a href=""https://img.travel.rakuten.co.jp/image/tr/api/re/gJNfM/?f_hotel_no=167668"" class=""3click"">つづきはこちら</a>",111,【男性専用】シングル／4.7平米,5662084.0,【限定SALE】駅徒歩1分 コンビニすぐそばの好立地／アメニティ付 ,1,0,0,0,0,2,https://img.travel.rakuten.co.jp/image/tr/api/re/IdsCY/?f_no=167668&f_syu=111&f_hi1=2026-05-19&f_hi2=2026-05-20&f_heya_su=1&f_otona_su=1&f_s1=0&f_s2=0&f_y1=0&f_y2=0&f_y3=0&f_y4=0&f_camp_id=5662084,0,2026-05-19,5695,5695,0,2026-05-19,kurume
10978,原鶴温泉　原鶴グランドスカイホテル（BBHホテルグループ）,https://img.travel.rakuten.co.jp/image/tr/api/re/pvonD/?f_no=10978,https://img.travel.rakuten.co.jp/image/tr/api/re/vFumt/?f_no=10978&f_flg=PLAN,https://img.travel.rakuten.co.jp/image/tr/api/re/WzozX/?noTomariHotel=10978,https://img.travel.rakuten.co.jp/image/tr/api/re/gJNfM/?f_hotel_no=10978,はらつるおんせん　はらつるぐらんどすかいほてる,★人気の90分食べ放題のあさくらうまかもんバイキングをご堪能下さい★全国約160店舗展開中のＢＢＨホテルグループ★,9000,120053.0,470831.0,838-1514,福岡県,朝倉市杷木久喜宮1820-1,050-1807-3059,0946-62-3063,大分自動車道『杷木IC』より車で5分/JR久大本線『筑後吉井駅』,有り　90台　無料,筑後吉井,https://img.travel.rakuten.co.jp/share/HOTEL/10978/10978.jpg,https://img.travel.rakuten.co.jp/HIMG/90/10978.jpg,https://img.travel.rakuten.co.jp/share/HOTEL/10978/10978_room.jpg,https://img.travel.rakuten.co.jp/HIMG/INTERIOR/10978.jpg,https://img.travel.rakuten.co.jp/share/HOTEL/10978/10978map.gif,1813.0,4.02,"クチコミの詳細はこちらから　https:…　2026-05-12 16:24:58投稿 <a href=""https://img.travel.rakuten.co.jp/image/tr/api/re/gJNfM/?f_hotel_no=10978"" class=""3click"">つづきはこちら</a>",twn,スタンダードツイン_○喫煙 ゆったり38平米,1905747.0,【ポイント10倍】弱アルカリ性単純泉と単純硫黄泉のダブル美肌の湯源泉かけ流しを満喫★素泊まりプラン,10,0,0,0,0,1,https://img.travel.rakuten.co.jp/image/tr/api/re/IdsCY/?f_no=10978&f_syu=twn&f_hi1=2026-05-19&f_hi2=2026-05-20&f_heya_su=1&f_otona_su=1&f_s1=0&f_s2=0&f_y1=0&f_y2=0&f_y3=0&f_y4=0&f_camp_id=1905747,0,2026-05-19,13000,13000,0,2026-05-19,kurume
160640,ニュー筑水荘,https://img.travel.rakuten.co.jp/image/tr/api/re/pvonD/?f_no=160640,https://img.travel.rakuten.co.jp/image/tr/api/re/vFumt/?f_no=160640&f_flg=PLAN,https://img.travel.rakuten.co.jp/image/tr/api/re/WzozX/?noTomariHotel=160640,https://img.travel.rakuten.co.jp/image/tr/api/re/gJNfM/?f_hotel_no=160640,にゅーちくすいそう,2022年9月一部リニューアル済！天然温泉と美味しい料理でおもてなし。ビジネスも観光もお待ちしております！,4950,120054.27,470800.17,839-1304,福岡県,うきは市吉井町千年596,0943-74-5555,0943-74-5566,筑後吉井駅から車で約10分。朝倉I.Cから車で約15分。博多からは高速バスで朝倉迄が早くてお得！,有り　１００台　無料　予約不要,うきは,https://img.travel.rakuten.co.jp/share/HOTEL/160640/160640.jpg,https://img.travel.rakuten.co.jp/HIMG/90/160640.jpg,https://img.travel.rakuten.co.jp/share/HOTEL/160640/160640_sho1.jpg,https://img.travel.rakuten.co.jp/HIMG/INTERIOR/160640.jpg,https://img.travel.rakuten.co.jp/share/HOTEL/160640/160640map.gif,67.0,4.11,"それからは夕食朝食の予約時間に縛られる事なく、自由な…　2026-05-08 19:39:55投稿 <a href=""https://img.travel.rakuten.co.jp/image/tr/api/re/gJNfM/?f_hotel_no=160640"" class=""3click"">つづきはこちら</a>",3w6,３Ｆ和室６畳【シングルベッド】,5559985.0,【素泊り】ビジネスに湯治に☆温泉素泊り♪,1,0,0,0,0,1,https://img.travel.rakuten.co.jp/image/tr/api/re/IdsCY/?f_no=160640&f_syu=3w6&f_hi1=2026-05-19&f_hi2=2026-05-20&f_heya_su=1&f_otona_su=1&f_s1=0&f_s2=0&f_y1=0&f_y2=0&f_y3=0&f_y4=0&f_camp_id=5559985,0,2026-05-19,4950,4950,0,2026-05-19,kurume
192781,蝶がきらめくお宿　雪月花せつげっか,https://img.travel.rakuten.co.jp/image/tr/api/re/pvonD/?f_no=192781,https://img.travel.rakuten.co.jp/image/tr/api/re/vFumt/?f_no=192781&f_flg=PLAN,https://img.travel.rakuten.co.jp/image/tr/api/re/WzozX/?noTomariHotel=192781,https://img.travel.rakuten.co.jp/image/tr/api/re/gJNfM/?f_hotel_no=192781,ちょうがきらめくおやど　せつげっかせつげっか,トロつる温泉の露天風呂付きお部屋,14000,120060.28,470814.05,838-1521,福岡県,朝倉市杷木志波21-1,0946-23-9988,0946-23-9877,博多駅より日田行 高速バスで約70分。杷木バス停下車タクシー約5分,有り　60台　無料　要予約,福岡空港,https://img.travel.rakuten.co.jp/share/HOTEL/192781/192781.jpg,https://img.travel.rakuten.co.jp/HIMG/90/192781.jpg,,,https://img.travel.rakuten.co.jp/share/HOTEL/192781/192781map.gif,11.0,4.33,,kira,和洋室【綺羅】※禁煙,6097172.0,【素泊まり】〜2024年4月完成！全室客室露天風呂付〜静寂のひとときを感じながら贅沢な癒しを満喫♪,1,0,0,0,0,1,https://img.travel.rakuten.co.jp/image/tr/api/re/IdsCY/?f_no=192781&f_syu=kira&f_hi1=2026-05-19&f_hi2=2026-05-20&f_heya_su=1&f_otona_su=1&f_s1=0&f_s2=0&f_y1=0&f_y2=0&f_y3=0&f_y4=0&f_camp_id=6097172,0,2026-05-19,20000,20000,0,2026-05-19,kurume
187885,フェアフィールド・バイ・マリオット・福岡うきは,https://img.travel.rakuten.co.jp/image/tr/api/re/pvonD/?f_no=187885,https://img.travel.rakuten.co.jp/image/tr/api/re/vFumt/?f_no=187885&f_flg=PLAN,https://img.travel.rakuten.co.jp/image/tr/api/re/WzozX/?noTomariHotel=187885,https://img.travel.rakuten.co.jp/image/tr/api/re/gJNfM/?f_hotel_no=187885,ふぇあふぃーるど･ばい･まりおっと･ふくおかうきは,筑後平野を一望できる道の駅「うきは」に隣接。観光農園でフルーツ狩りや風情豊な筑後吉井の白壁のまち並み散策も◎,5445,119990.79,470957.82,839-1408,福岡県,うきは市浮羽町山北734-6,06-6743-4750,06-6743-4584,JRうきは駅より車で約7分。杷木 ICより車で10分。,有：【ホテル専用駐車場／ホテル裏共同利用駐車場】をご利用ください（先着順）,うきは,https://img.travel.rakuten.co.jp/share/HOTEL/187885/187885.jpg,https://img.travel.rakuten.co.jp/HIMG/90/187885.jpg,,,https://img.travel.rakuten.co.jp/share/HOTEL/187885/187885map.gif,28.0,4.53,"クチコ…　2026-03-24 13:08:06投稿 <a href=""https://img.travel.rakuten.co.jp/image/tr/api/re/gJNfM/?f_hotel_no=187885"" class=""3click"">つづきはこちら</a>",ukiking,【禁煙】キングルーム　25平米/ベッド幅180cm×1台,6431378.0,＜1泊限定・最大20％OFF＞道の駅の日キャンペーンプラン,1,0,0,0,0,2,https://img.travel.rakuten.co.jp/image/tr/api/re/IdsCY/?f_no=187885&f_syu=ukiking&f_hi1=2026-05-19&f_hi2=2026-05-20&f_heya_su=1&f_otona_su=1&f_s1=0&f_s2=0&f_y1=0&f_y2=0&f_y3=0&f_y4=0&f_camp_id=6431378,0,2026-05-19,13552,13552,0,2026-05-19,kurume
40373,甘木観光ホテル　甘木館,https://img.travel.rakuten.co.jp/image/tr/api/re/pvonD/?f_no=40373,https://img.travel.rakuten.co.jp/image/tr/api/re/vFumt/?f_no=40373&f_flg=PLAN,https://img.travel.rakuten.co.jp/image/tr/api/re/WzozX/?noTomariHotel=40373,https://img.travel.rakuten.co.jp/image/tr/api/re/gJNfM/?f_hotel_no=40373,あまぎ　かんこうほてる　あまぎかん,豊富なミネラルを含んだお風呂とサウナ・水風呂が人気のお宿です♪本格和食と毎月変わる大衆演劇もオススメ☆彡,4510,120326.34,470360.69,838-0068,福岡県,朝倉市甘木2091,0946-22-3344,0946-24-1067,西鉄 甘木駅より車で５分／甘木鉄道　甘木駅より車で５分／福岡空港より車で４０分、県道112号線沿い甘木橋横,有り　６０台　無料　先着順,甘木,https://img.travel.rakuten.co.jp/share/HOTEL/40373/40373.jpg,https://img.travel.rakuten.co.jp/HIMG/90/40373.jpg,https://img.travel.rakuten.co.jp/share/HOTEL/40373/40373_ba.jpg,https://img.travel.rakuten.co.jp/HIMG/INTERIOR/40373.jpg,https://img.travel.rakuten.co.jp/share/HOTEL/40373/40373map.gif,57.0,3.47,"クチコミの詳細はこちらから　htt…　2026-03-16 13:04:55投稿 <a href=""https://img.travel.rakuten.co.jp/image/tr/api/re/gJNfM/?f_hotel_no=40373"" class=""3click"">つづきはこちら</a>",wa8,フリーシングル【旧館／バス・トイレ共有】,6462882.0,【素泊り＋セルフ軽朝食付・フリーシングル】お1人様限定・格安ステイ★,1,0,0,0,0,1,https://img.travel.rakuten.co.jp/image/tr/api/re/IdsCY/?f_no=40373&f_syu=wa8&f_hi1=2026-05-19&f_hi2=2026-05-20&f_heya_su=1&f_otona_su=1&f_s1=0&f_s2=0&f_y1=0&f_y2=0&f_y3=0&f_y4=0&f_camp_id=6462882,0,2026-05-19,4510,4510,0,2026-05-19,kurume
106209,原鶴温泉　ホテルＴＯＰＭＥＧＡ伊藤園,https://img.travel.rakuten.co.jp/image/tr/api/re/pvonD/?f_no=106209,https://img.travel.rakuten.co.jp/image/tr/api/re/vFumt/?f_no=106209&f_flg=PLAN,https://img.travel.rakuten.co.jp/image/tr/api/re/WzozX/?noTomariHotel=106209,https://img.travel.rakuten.co.jp/image/tr/api/re/gJNfM/?f_hotel_no=106209,とっぷめがいとうえん,川と風と森のリゾート原鶴で、モダン異空間のひとときを・・・,3800,120061.21,470818.79,838-1514,福岡県,朝倉市杷木久喜宮1858-1,094-626-2760,0946-26-2756,大分自動車道杷木インターより車で５分　・　筑後吉井駅よりお車にて１０分,有り　２５台　宿泊者無料　予約不要,筑後吉井,https://img.travel.rakuten.co.jp/share/HOTEL/106209/106209.jpg,https://img.travel.rakuten.co.jp/HIMG/90/106209.jpg,https://img.travel.rakuten.co.jp/share/HOTEL/106209/106209_ru.jpg,https://img.travel.rakuten.co.jp/HIMG/INTERIOR/106209.jpg,https://img.travel.rakuten.co.jp/share/HOTEL/106209/106209map.gif,417.0,3.53,"口コミを読んでレンジがないのは分かっていたので、早めに外で夕飯を済ませて部屋にお酒とおつまみを少し持ち込みゆっくりと不自由なく過…　2026-03-22 22:38:25投稿 <a href=""https://img.travel.rakuten.co.jp/image/tr/api/re/gJNfM/?f_hotel_no=106209"" class=""3click"">つづきはこちら</a>",styou,【広々１８畳】スタンダード洋室,,,1,0,0,0,0,1,https://img.travel.rakuten.co.jp/image/tr/api/re/IdsCY/?f_no=106209&f_syu=styou&f_hi1=2026-05-19&f_hi2=2026-05-20&f_heya_su=1&f_otona_su=1&f_s1=0&f_s2=0&f_y1=0&f_y2=0&f_y3=0&f_y4=0,1,2026-05-19,4600,4600,0,2026-05-19,kurume
67445,秋月温泉　料亭旅館　清流庵,https://img.travel.rakuten.co.jp/image/tr/api/re/pvonD/?f_no=67445,https://img.travel.rakuten.co.jp/image/tr/api/re/vFumt/?f_no=67445&f_flg=PLAN,https://img.travel.rakuten.co.jp/image/tr/api/re/WzozX/?noTomariHotel=67445,https://img.travel.rakuten.co.jp/image/tr/api/re/gJNfM/?f_hotel_no=67445,あきずきおんせん　りょうていりょかん　せいりゅうあん,至高の料理と名湯でおもてなし。筑前の小京都秋月に佇む静かなお宿です。,39800,120487.09,470486.48,838-0001,福岡県,朝倉市秋月1058,0946-25-0023,0946-25-0022,福岡市内から車で1時間（甘木ICから約15分）・甘木駅から甘木観光バス「秋月」行き乗車で約20分→秋月で下車し徒歩10分,無料　３０台　予約不要,甘木,https://img.travel.rakuten.co.jp/share/HOTEL/67445/67445.jpg,https://img.travel.rakuten.co.jp/HIMG/90/67445.jpg,https://img.travel.rakuten.co.jp/share/HOTEL/67445/67445_room.jpg,https://img.travel.rakuten.co.jp/HIMG/INTERIOR/67445.jpg,https://img.travel.rakuten.co.jp/share/HOTEL/67445/67445map.gif,121.0,2.0,,sumire,すみれ：８畳２間☆天然温泉 大理石風呂かけ流し☆,6451443.0,楽天限定【口コミ投稿でご夕食時にドリンクサービス】スタンダードプラン：季節を彩る和懐石と名湯を愉しむ,1,1,0,1,0,2,https://img.travel.rakuten.co.jp/image/tr/api/re/IdsCY/?f_no=67445&f_syu=sumire&f_hi1=2026-05-19&f_hi2=2026-05-20&f_heya_su=1&f_otona_su=1&f_s1=0&f_s2=0&f_y1=0&f_y2=0&f_y3=0&f_y4=0&f_camp_id=6451443,0,2026-05-19,59100,59100,0,2026-05-19,kurume
37876,原鶴温泉　泰泉閣,https://img.travel.rakuten.co.jp/image/tr/api/re/pvonD/?f_no=37876,https://img.travel.rakuten.co.jp/image/tr/api/re/vFumt/?f_no=37876&f_flg=PLAN,https://img.travel.rakuten.co.jp/image/tr/api/re/WzozX/?noTomariHotel=37876,https://img.travel.rakuten.co.jp/image/tr/api/re/gJNfM/?f_hotel_no=37876,はらつるおんせん　たいせんかく,福岡市内（天神・博多・福岡空港）から車で60分♪開放的な雰囲気のジャングル風呂をはじめ趣向を凝らした六つのお風呂が自慢,8800,120062.27,470811.04,838-1521,福岡県,朝倉市杷木志波20,0946-62-1140,0946-63-3868,大分自動車道杷木インターより車で5分／ＪＲ筑後吉井駅より車で10分／日田行き高速バスで杷木下車、車で５分,約100台（屋外）無料で十分な広さが御座いますので、ご安心してお越し下さい。,うきは,https://img.travel.rakuten.co.jp/share/HOTEL/37876/37876.jpg,https://img.travel.rakuten.co.jp/HIMG/90/37876.jpg,https://img.travel.rakuten.co.jp/share/HOTEL/37876/37876_kya.jpg,https://img.travel.rakuten.co.jp/HIMG/INTERIOR/37876.jpg,https://img.travel.rakuten.co.jp/share/HOTEL/37876/37876map.gif,943.0,4.24,"夕食朝食…　2026-05-12 09:55:01投稿 <a href=""https://img.travel.rakuten.co.jp/image/tr/api/re/gJNfM/?f_hotel_no=37876"" class=""3click"">つづきはこちら</a>",wa8wa,和室：8畳※眺望指定不可◆禁煙,3162957.0,【1泊朝食】朝ご飯は一日の元気の源★和食の料理人が作る美味しい朝食♪（夕食なし）,1,0,0,1,0,1,https://img.travel.rakuten.co.jp/image/tr/api/re/IdsCY/?f_no=37876&f_syu=wa8wa&f_hi1=2026-05-19&f_hi2=2026-05-20&f_heya_su=1&f_otona_su=1&f_s1=0&f_s2=0&f_y1=0&f_y2=0&f_y3=0&f_y4=0&f_camp_id=3162957,0,2026-05-19,18700,18700,0,2026-05-19,kurume
8904,旅館　錦水,https://img.travel.rakuten.co.jp/image/tr/api/re/pvonD/?f_no=8904,https://img.travel.rakuten.co.jp/image/tr/api/re/vFumt/?f_no=8904&f_flg=PLAN,https://img.travel.rakuten.co.jp/image/tr/api/re/WzozX/?noTomariHotel=8904,https://img.travel.rakuten.co.jp/image/tr/api/re/gJNfM/?f_hotel_no=8904,きんすい,,5280,119897.32,469951.25,839-0862,福岡県,久留米市野中町135-36,0942-43-7325,0942-43-7363,JR九大本線・久留米大学前駅から徒歩10分、車利用：九州自動車道・久留米ICより車で約5分,無料駐車場完備(マイクロバス駐車可能）★久留米IC〜車で５分。JR久留米大学前駅〜徒歩10分。,久留米,https://img.travel.rakuten.co.jp/share/HOTEL/8904/8904.jpg,https://img.travel.rakuten.co.jp/HIMG/90/8904.jpg,https://img.travel.rakuten.co.jp/share/HOTEL/8904/8904_room.jpg,https://img.travel.rakuten.co.jp/HIMG/INTERIOR/8904.jpg,https://img.travel.rakuten.co.jp/share/HOTEL/8904/8904map.gif,129.0,4.57,"口コミで夕食の評価が高かったので2食付のプランにしましたが、口コミ通りとても美味しい夕食でした。地酒と合いました。子供用の食事もボリューム満点でよかったです。お風…　2026-05-06 18:51:08投稿 <a href=""https://img.travel.rakuten.co.jp/image/tr/api/re/gJNfM/?f_hotel_no=8904"" class=""3click"">つづきはこちら</a>",1,和室6畳（トイレ・洗面付）,4917654.0,【素泊り】レイトチェックインＯＫ！久留米の拠点にイチオシです♪,1,0,0,0,0,1,https://img.travel.rakuten.co.jp/image/tr/api/re/IdsCY/?f_no=8904&f_syu=1&f_hi1=2026-05-19&f_hi2=2026-05-20&f_heya_su=1&f_otona_su=1&f_s1=0&f_s2=0&f_y1=0&f_y2=0&f_y3=0&f_y4=0&f_camp_id=4917654,0,2026-05-19,5720,5720,0,2026-05-19,kurume
195909,杷木松末アウトドアヴィレッジ,https://img.travel.rakuten.co.jp/image/tr/api/re/pvonD/?f_no=195909,https://img.travel.rakuten.co.jp/image/tr/api/re/vFumt/?f_no=195909&f_flg=PLAN,,https://img.travel.rakuten.co.jp/image/tr/api/re/gJNfM/?f_hotel_no=195909,はきますえあうとどあヴぃれっじ,BBQ・焚火・天然温泉・飲み放題付き◎冷暖房完備のグランピング体験！ご家族や友人と夏のアウトドアを気軽に満喫！,15400,120205.9,471004.94,838-1502,福岡県,朝倉市杷木松末　字相ケ谷849,050-5482-3331,000-000-0000,福岡空港より車で約１時間半、大分自動車道杷木ICより約１０分,有り　２０台　無料　予約不要,福岡空港,https://img.travel.rakuten.co.jp/share/HOTEL/195909/195909.jpg,https://img.travel.rakuten.co.jp/HIMG/90/195909.jpg,,,https://img.travel.rakuten.co.jp/share/HOTEL/195909/195909map.gif,13.0,4.23,,dm3,3名定員DOMEテント 冷暖房完備（ペット可能）,6251712.0,【食材持ち込みプラン】焚き火×飲み放題でまったり時間♪ BBQ機材レンタル無料！(食材なし),1,0,0,0,0,2,https://img.travel.rakuten.co.jp/image/tr/api/re/IdsCY/?f_no=195909&f_syu=dm3&f_hi1=2026-05-19&f_hi2=2026-05-20&f_heya_su=1&f_otona_su=1&f_s1=0&f_s2=0&f_y1=0&f_y2=0&f_y3=0&f_y4=0&f_camp_id=6251712,0,2026-05-19,23100,23100,0,2026-05-19,kurume
195628,和邸　和楽／民泊,https://img.travel.rakuten.co.jp/image/tr/api/re/pvonD/?f_no=195628,https://img.travel.rakuten.co.jp/image/tr/api/re/vFumt/?f_no=195628&f_flg=PLAN,,https://img.travel.rakuten.co.jp/image/tr/api/re/gJNfM/?f_hotel_no=195628,, ,6148,119663.26,469716.35,830-0111,福岡県,久留米市三潴町西牟田1290-1　和邸 和楽,070-8537-8593,00-0000-0000,犬塚駅より徒歩で3分,あり,犬塚,https://img.travel.rakuten.co.jp/share/HOTEL/195628/195628.jpg,https://img.travel.rakuten.co.jp/HIMG/90/195628.jpg,,,https://img.travel.rakuten.co.jp/share/HOTEL/195628/195628map.gif,1.0,,,r21084_8,和楽,6376478.0,一棟丸貸し/平屋/最大8名/キッチン/広々した和風邸宅/無料駐車場,1,0,0,0,0,2,https://img.travel.rakuten.co.jp/image/tr/api/re/IdsCY/?f_no=195628&f_syu=r21084_8&f_hi1=2026-05-19&f_hi2=2026-05-20&f_heya_su=1&f_otona_su=1&f_s1=0&f_s2=0&f_y1=0&f_y2=0&f_y3=0&f_y4=0&f_camp_id=6376478,0,2026-05-19,20300,20300,0,2026-05-19,kurume
171993,うきは小塩の灯り,https://img.travel.rakuten.co.jp/image/tr/api/re/pvonD/?f_no=171993,https://img.travel.rakuten.co.jp/image/tr/api/re/vFumt/?f_no=171993&f_flg=PLAN,,https://img.travel.rakuten.co.jp/image/tr/api/re/gJNfM/?f_hotel_no=171993,うきはこじおのあかり,光る山里　隠れ別荘　１日１組限定１棟貸切り　お洒落なコテージ　家族でまったり、カップルで特別なひととき、女子会でワイワイ,7140,119917.28,471012.13,839-1412,福岡県,うきは市浮羽町小塩2158-2、2258-3,0120-502-076,,大分自動車道杷木ICから約１５分、ＪＲうきは駅よりお車で約１１分,有り　３台　無料　予約不要,うきは,https://img.travel.rakuten.co.jp/share/HOTEL/171993/171993.jpg,https://img.travel.rakuten.co.jp/HIMG/90/171993.jpg,https://img.travel.rakuten.co.jp/share/HOTEL/171993/171993_sho1.jpg,https://img.travel.rakuten.co.jp/HIMG/INTERIOR/171993.jpg,https://img.travel.rakuten.co.jp/share/HOTEL/171993/171993map.gif,7.0,4.67,,kojio01,光る山里　隠れ別荘　一日一組限定　一棟貸切,6453935.0,【今が狙い目】5・6月限定 お得に泊まる15％OFFプラン（食材持ち込み可）,1,0,0,0,0,1,https://img.travel.rakuten.co.jp/image/tr/api/re/IdsCY/?f_no=171993&f_syu=kojio01&f_hi1=2026-05-19&f_hi2=2026-05-20&f_heya_su=1&f_otona_su=1&f_s1=0&f_s2=0&f_y1=0&f_y2=0&f_y3=0&f_y4=0&f_camp_id=6453935,0,2026-05-19,19630,19630,0,2026-05-19,kurume
51701,原鶴温泉　旅館　佐藤荘,https://img.travel.rakuten.co.jp/image/tr/api/re/pvonD/?f_no=51701,https://img.travel.rakuten.co.jp/image/tr/api/re/vFumt/?f_no=51701&f_flg=PLAN,https://img.travel.rakuten.co.jp/image/tr/api/re/WzozX/?noTomariHotel=51701,https://img.travel.rakuten.co.jp/image/tr/api/re/gJNfM/?f_hotel_no=51701,はらづるおんせん　りょかん　さとうそう,泉質の良い『真心の湯』　美肌効果があり季節に合わせたミネラル豊富な掛け流し温泉！（ペット同伴の宿泊は出来ません）,8800,120054.63,470824.43,838-1514,福岡県,朝倉市杷木久喜宮1890,0946-62-0657,0946-62-1335,ＪＲ筑後吉井駅より車で7～8分/杷木ＩＣより車で5分/朝倉ＩＣより車で10分/杷木バス停よりタクシー5分　,有り　１５台　無料　,筑後吉井,https://img.travel.rakuten.co.jp/share/HOTEL/51701/51701.jpg,https://img.travel.rakuten.co.jp/HIMG/90/51701.jpg,,,https://img.travel.rakuten.co.jp/share/HOTEL/51701/51701map.gif,52.0,4.75,,1,おまかせ和室,4044345.0,≪お得な素泊まりプラン≫ビジネス・観光歓迎！当日予約もOK☆,1,0,0,0,0,1,https://img.travel.rakuten.co.jp/image/tr/api/re/IdsCY/?f_no=51701&f_syu=1&f_hi1=2026-05-19&f_hi2=2026-05-20&f_heya_su=1&f_otona_su=1&f_s1=0&f_s2=0&f_y1=0&f_y2=0&f_y3=0&f_y4=0&f_camp_id=4044345,0,2026-05-19,11000,11000,0,2026-05-19,kurume
192141,以久波別邸　虎屋,https://img.travel.rakuten.co.jp/image/tr/api/re/pvonD/?f_no=192141,https://img.travel.rakuten.co.jp/image/tr/api/re/vFumt/?f_no=192141&f_flg=PLAN,,https://img.travel.rakuten.co.jp/image/tr/api/re/gJNfM/?f_hotel_no=192141,イクハベッテイトラヤ,築150年の古民家をリニューアルした一棟貸し宿 白壁の町並みで歴史を感じる滞在,5000,120024.48,470741.17,839-1321,福岡県,うきは市吉井町1128,080-2749-2961,0943-73-7774,JR筑後吉井駅より徒歩約15分 白壁の町並み方面へ 大分道朝倉ICより車約12分。,有り　20台　無料　うきは市管理：上町商店街 駐車場,筑後吉井,https://img.travel.rakuten.co.jp/share/HOTEL/192141/192141.jpg,https://img.travel.rakuten.co.jp/HIMG/90/192141.jpg,,,https://img.travel.rakuten.co.jp/share/HOTEL/192141/192141map.gif,5.0,3.0,,chikiridom,ちきりの間｜白壁通りに佇む築150年古民家｜相部屋｜最大3名,6265149.0,【リニューアル特別価格】期間限定｜白壁の古民家で歴史を感じる滞在,1,0,0,0,0,2,https://img.travel.rakuten.co.jp/image/tr/api/re/IdsCY/?f_no=192141&f_syu=chikiridom&f_hi1=2026-05-19&f_hi2=2026-05-20&f_heya_su=1&f_otona_su=1&f_s1=0&f_s2=0&f_y1=0&f_y2=0&f_y3=0&f_y4=0&f_camp_id=6265149,0,2026-05-19,5000,5000,0,2026-05-19,kurume
192261,妹川ロッジ,https://img.travel.rakuten.co.jp/image/tr/api/re/pvonD/?f_no=192261,https://img.travel.rakuten.co.jp/image/tr/api/re/vFumt/?f_no=192261&f_flg=PLAN,,https://img.travel.rakuten.co.jp/image/tr/api/re/gJNfM/?f_hotel_no=192261,いもがわろっじ,「妹川ロッジ」は山の中腹にある小さな１棟貸し。　日当たりも眺めも良く、静かな立地,6780,119935.76,470858.33,839-1415,福岡県,うきは市浮羽町妹川182-3,0943-77-2277,0942-32-3866,ＪＲ久大本線　うきは駅から車で約５分。,有り　１台　無料　予約不要,うきは,https://img.travel.rakuten.co.jp/share/HOTEL/192261/192261.jpg,https://img.travel.rakuten.co.jp/HIMG/90/192261.jpg,,,https://img.travel.rakuten.co.jp/share/HOTEL/192261/192261map.gif,3.0,,,imogawa1,妹川ロッジ,6453316.0,【今が狙い目】5・6月限定 お得に泊まる15％OFFプラン,1,0,0,0,0,1,https://img.travel.rakuten.co.jp/image/tr/api/re/IdsCY/?f_no=192261&f_syu=imogawa1&f_hi1=2026-05-19&f_hi2=2026-05-20&f_heya_su=1&f_otona_su=1&f_s1=0&f_s2=0&f_y1=0&f_y2=0&f_y3=0&f_y4=0&f_camp_id=6453316,0,2026-05-19,22310,22310,0,2026-05-19,kurume
187163,秋月の宿　月のはなれ,https://img.travel.rakuten.co.jp/image/tr/api/re/pvonD/?f_no=187163,https://img.travel.rakuten.co.jp/image/tr/api/re/vFumt/?f_no=187163&f_flg=PLAN,https://img.travel.rakuten.co.jp/image/tr/api/re/WzozX/?noTomariHotel=187163,https://img.travel.rakuten.co.jp/image/tr/api/re/gJNfM/?f_hotel_no=187163,あきづきのやど　つきのはなれ,秋月クラフトビール発祥の地にあるお宿です,8500,120521.37,470485.16,838-0001,福岡県,朝倉市秋月518,0946-25-0185,0946-23-8810,甘木鉄道甘木駅よりお車にて約１５分,有り　１０台　無料,甘木,https://img.travel.rakuten.co.jp/share/HOTEL/187163/187163.jpg,https://img.travel.rakuten.co.jp/HIMG/90/187163.jpg,,,https://img.travel.rakuten.co.jp/share/HOTEL/187163/187163map.gif,6.0,4.0,,sinkan_02,日本の原風景を満喫できるモダンリゾート（1部屋貸し）,,,1,0,0,1,0,2,https://img.travel.rakuten.co.jp/image/tr/api/re/IdsCY/?f_no=187163&f_syu=sinkan_02&f_hi1=2026-05-19&f_hi2=2026-05-20&f_heya_su=1&f_otona_su=1&f_s1=0&f_s2=0&f_y1=0&f_y2=0&f_y3=0&f_y4=0,1,2026-05-19,25200,25200,0,2026-05-19,kurume
199493,ＲＥＮＶＩ　Ｕｋｉｈａ〜福岡の宿〜／民泊,https://img.travel.rakuten.co.jp/image/tr/api/re/pvonD/?f_no=199493,https://img.travel.rakuten.co.jp/image/tr/api/re/vFumt/?f_no=199493&f_flg=PLAN,,https://img.travel.rakuten.co.jp/image/tr/api/re/gJNfM/?f_hotel_no=199493,,うきはの一棟貸し。筑後吉井駅徒歩15分。最大9名。,7888,120048.39,470708.56,839-1306,福岡県,うきは市吉井町新治696-1-1,090-7547-8648,00-0000-0000,筑後吉井駅から徒歩で5分,あり,筑後吉井,https://img.travel.rakuten.co.jp/share/HOTEL/199493/199493.jpg,https://img.travel.rakuten.co.jp/HIMG/90/199493.jpg,,,https://img.travel.rakuten.co.jp/share/HOTEL/199493/199493map.gif,,,,r21292_9,RENVI Ukiha〜福岡の宿〜,6417589.0,一棟貸切|最大9名|筑後吉井駅から平坦な道を歩いて15分|空港から車50分|,1,0,0,0,0,2,https://img.travel.rakuten.co.jp/image/tr/api/re/IdsCY/?f_no=199493&f_syu=r21292_9&f_hi1=2026-05-19&f_hi2=2026-05-20&f_heya_su=1&f_otona_su=1&f_s1=0&f_s2=0&f_y1=0&f_y2=0&f_y3=0&f_y4=0&f_camp_id=6417589,0,2026-05-19,34800,34800,0,2026-05-19,kurume
184592,田篭の灯り,https://img.travel.rakuten.co.jp/image/tr/api/re/pvonD/?f_no=184592,https://img.travel.rakuten.co.jp/image/tr/api/re/vFumt/?f_no=184592&f_flg=PLAN,,https://img.travel.rakuten.co.jp/image/tr/api/re/gJNfM/?f_hotel_no=184592,たごもりのあかり,山間の集落を一望し、キャンプも楽しめるちょっと欲張りな山間のお宿,34000,119752.25,471044.55,839-1414,福岡県,うきは市浮羽町田篭516-1,0120-502-076,,公共交通手段をご利用の場合　JR博多駅　久留米経由　うきは駅下車     西鉄バス浮羽支線利用　浮羽発着所　中村,有り　無料　予約不要,うきは,https://img.travel.rakuten.co.jp/share/HOTEL/184592/184592.jpg,https://img.travel.rakuten.co.jp/HIMG/90/184592.jpg,,,https://img.travel.rakuten.co.jp/share/HOTEL/184592/184592map.gif,1.0,,,001,田篭の灯り「お宿」,6453942.0,【今が狙い目】5・6月限定 お得に泊まる15％OFFプラン（BBQ機材付き・食材持ち込み可）,1,0,0,0,0,1,https://img.travel.rakuten.co.jp/image/tr/api/re/IdsCY/?f_no=184592&f_syu=001&f_hi1=2026-05-19&f_hi2=2026-05-20&f_heya_su=1&f_otona_su=1&f_s1=0&f_s2=0&f_y1=0&f_y2=0&f_y3=0&f_y4=0&f_camp_id=6453942,0,2026-05-19,49080,49080,1,2026-05-19,kurume
