basic_hotelNo,basic_hotelName,basic_hotelInformationUrl,basic_planListUrl,basic_dpPlanListUrl,basic_reviewUrl,basic_hotelKanaName,basic_hotelSpecial,basic_hotelMinCharge,basic_latitude,basic_longitude,basic_postalCode,basic_address1,basic_address2,basic_telephoneNo,basic_faxNo,basic_access,basic_parkingInformation,basic_nearestStation,basic_hotelImageUrl,basic_hotelThumbnailUrl,basic_roomImageUrl,basic_roomThumbnailUrl,basic_hotelMapImageUrl,basic_reviewCount,basic_reviewAverage,basic_userReview,room_roomClass,room_roomName,room_planId,room_planName,room_pointRate,room_withDinnerFlag,room_dinnerSelectFlag,room_withBreakfastFlag,room_breakfastSelectFlag,room_payment,room_reserveUrl,room_salesformFlag,charge_stayDate,charge_rakutenCharge,charge_total,charge_chargeFlag,date,area
1017,ホテルニューオータニ博多,https://img.travel.rakuten.co.jp/image/tr/api/re/pvonD/?f_no=1017,https://img.travel.rakuten.co.jp/image/tr/api/re/vFumt/?f_no=1017&f_flg=PLAN,https://img.travel.rakuten.co.jp/image/tr/api/re/WzozX/?noTomariHotel=1017,https://img.travel.rakuten.co.jp/image/tr/api/re/gJNfM/?f_hotel_no=1017,にゅーおーたに　はかた,ニューオータニならではのきめ細やかなサービスで、皆様をお迎えします,7900,120888.12,469471.72,810-0004,福岡県,福岡市中央区渡辺通1-1-2  　　　　  ,092-714-1111,092-715-5658,地下鉄七隈線「渡辺通駅」2番出口より徒歩約1分。ＪＲ博多駅より車で約5分。福岡空港より車で約20分。,有り／370台／１泊(入庫時間より24時間）／1500円（税込み）,博多,https://img.travel.rakuten.co.jp/share/HOTEL/1017/1017.jpg,https://img.travel.rakuten.co.jp/HIMG/90/1017.jpg,https://img.travel.rakuten.co.jp/share/HOTEL/1017/1017_room.jpg,https://img.travel.rakuten.co.jp/HIMG/INTERIOR/1017.jpg,https://img.travel.rakuten.co.jp/share/HOTEL/1017/1017map.gif,3420.0,4.43,"去年も帰省で宿泊しましたが、やっぱりここを選んでしまいます。何より、オータニだけあってスタッフさんが品がありロビー周辺に来たらすぐに声をかけてくれます。それだけであ…　2026-05-01 00:36:59投稿 <a href=""https://img.travel.rakuten.co.jp/image/tr/api/re/gJNfM/?f_hotel_no=1017"" class=""3click"">つづきはこちら</a>",mtbn,モデレートツイン【禁煙】（ベッド幅110cm）,4266322.0,ザ・ベストシンプルプラン【朝食なし】,1,0,0,0,0,1,https://img.travel.rakuten.co.jp/image/tr/api/re/IdsCY/?f_no=1017&f_syu=mtbn&f_hi1=2026-05-04&f_hi2=2026-05-05&f_heya_su=1&f_otona_su=1&f_s1=0&f_s2=0&f_y1=0&f_y2=0&f_y3=0&f_y4=0&f_camp_id=4266322,0,2026-05-04,28900,28900,0,2026-05-04,seibu
181851,ホテルリファレンス天神３,https://img.travel.rakuten.co.jp/image/tr/api/re/pvonD/?f_no=181851,https://img.travel.rakuten.co.jp/image/tr/api/re/vFumt/?f_no=181851&f_flg=PLAN,https://img.travel.rakuten.co.jp/image/tr/api/re/WzozX/?noTomariHotel=181851,https://img.travel.rakuten.co.jp/image/tr/api/re/gJNfM/?f_hotel_no=181851,ほてるりふぁれんすてんじん３,ライブハウス・イベント会場へのアクセス抜群！天神中心部徒歩圏内★全室クイーンサイズベッド＆4KTV。,2940,120926.32,469430.47,810-0001,福岡県,福岡市中央区天神3-8-10,092-718-3030,092-718-3050,西鉄福岡天神駅(地下鉄天神駅)下車から天神地下街の西1出口より徒歩7分,"24時間1,500円(ご宿泊者様のみ)　ご予約不可",西鉄福岡,https://img.travel.rakuten.co.jp/share/HOTEL/181851/181851.jpg,https://img.travel.rakuten.co.jp/HIMG/90/181851.jpg,,,https://img.travel.rakuten.co.jp/share/HOTEL/181851/181851map.gif,317.0,4.27,"他の画像やクチコミの詳細はこちらから　…　2026-04-24 16:11:01投稿 <a href=""https://img.travel.rakuten.co.jp/image/tr/api/re/gJNfM/?f_hotel_no=181851"" class=""3click"">つづきはこちら</a>",0004,【禁煙】★ReFaグッズ設置★ダブルルーム(Elegant),4967516.0,【オンライン決済限定プラン】ライブ会場・福岡グルメ・観光地アクセス良好★天神★素泊まり※返金不可,1,0,0,0,0,2,https://img.travel.rakuten.co.jp/image/tr/api/re/IdsCY/?f_no=181851&f_syu=0004&f_hi1=2026-05-04&f_hi2=2026-05-05&f_heya_su=1&f_otona_su=1&f_s1=0&f_s2=0&f_y1=0&f_y2=0&f_y3=0&f_y4=0&f_camp_id=4967516,0,2026-05-04,17900,17900,0,2026-05-04,seibu
130169,ホテルリソルトリニティ博多,https://img.travel.rakuten.co.jp/image/tr/api/re/pvonD/?f_no=130169,https://img.travel.rakuten.co.jp/image/tr/api/re/vFumt/?f_no=130169&f_flg=PLAN,https://img.travel.rakuten.co.jp/image/tr/api/re/WzozX/?noTomariHotel=130169,https://img.travel.rakuten.co.jp/image/tr/api/re/gJNfM/?f_hotel_no=130169,ほてるりそるとりにてぃはかた,【中洲川端駅徒歩1分】展望大浴場のある“くつろぎ”のホテル。天神エリア・キャナルシティも徒歩圏！全客室Ｗｉ-Ｆｉ接続可能,8070,120922.52,469470.19,810-0801,福岡県,福岡市博多区中洲4-4-10,092-282-9269,092-282-9279,地下鉄　中洲川端駅から徒歩で１分■①番出口（階段のみ）■④番出口（エスカレータ・EVあり）,有り　機械式駐車場２２台／青空駐車場６台　１，６００円（税込／泊）※ご予約制ではなく先着順となります,中洲川端,https://img.travel.rakuten.co.jp/share/HOTEL/130169/130169.jpg,https://img.travel.rakuten.co.jp/HIMG/90/130169.jpg,https://img.travel.rakuten.co.jp/share/HOTEL/130169/130169_kan.jpg,https://img.travel.rakuten.co.jp/HIMG/INTERIOR/130169.jpg,https://img.travel.rakuten.co.jp/share/HOTEL/130169/130169map.gif,2497.0,4.38,"福岡遠征することがあれば また利用したいで…　2026-04-28 00:25:07投稿 <a href=""https://img.travel.rakuten.co.jp/image/tr/api/re/gJNfM/?f_hotel_no=130169"" class=""3click"">つづきはこちら</a>",s,【喫煙室】モダレット/ベット幅１４０ｃｍ,5673467.0,【シンプルステイ】福岡観光、ビジネスに最高のロケーション！展望大浴場でリフレッシュ♪＜素泊り＞,1,0,0,0,0,1,https://img.travel.rakuten.co.jp/image/tr/api/re/IdsCY/?f_no=130169&f_syu=s&f_hi1=2026-05-04&f_hi2=2026-05-05&f_heya_su=1&f_otona_su=1&f_s1=0&f_s2=0&f_y1=0&f_y2=0&f_y3=0&f_y4=0&f_camp_id=5673467,0,2026-05-04,30500,30500,0,2026-05-04,seibu
14436,アメニティホテルｉｎ博多,https://img.travel.rakuten.co.jp/image/tr/api/re/pvonD/?f_no=14436,https://img.travel.rakuten.co.jp/image/tr/api/re/vFumt/?f_no=14436&f_flg=PLAN,https://img.travel.rakuten.co.jp/image/tr/api/re/WzozX/?noTomariHotel=14436,https://img.travel.rakuten.co.jp/image/tr/api/re/gJNfM/?f_hotel_no=14436,あめにてぃほてるいん　はかた,地下鉄『中洲川端駅』より徒歩3分★朝食ビュッフェ無料（明太子も食べ放題）★漫画約2000冊が読み放題★,4350,120932.05,469477.2,812-0026,福岡県,福岡市博多区上川端町14-25,092-282-0041,092-282-0044,地下鉄『中洲川端駅』7番出口より徒歩3分,専用駐車場はございませんが、近隣の一般駐車場をご案内いたしております。,中洲川端,https://img.travel.rakuten.co.jp/share/HOTEL/14436/14436.jpg,https://img.travel.rakuten.co.jp/HIMG/90/14436.jpg,https://img.travel.rakuten.co.jp/share/HOTEL/14436/14436_s.jpg,https://img.travel.rakuten.co.jp/HIMG/INTERIOR/14436.jpg,https://img.travel.rakuten.co.jp/share/HOTEL/14436/14436map.gif,2903.0,4.14,"出張にてお世話になりました。リピートです。立地は中洲川端7番出口から大通りを渡る信号待ち含めて徒歩5分程度。道すがらにはセブンがあり、言うまでもなく…　2026-04-29 18:25:25投稿 <a href=""https://img.travel.rakuten.co.jp/image/tr/api/re/gJNfM/?f_hotel_no=14436"" class=""3click"">つづきはこちら</a>",s-s,【喫煙】シングル（全室Wi-Fi利用可）,5473174.0,【事前カード決済限定】シングル（朝食ビュッフェ無料・明太子食べ放題、コーヒー無料サービス）,1,0,0,1,0,2,https://img.travel.rakuten.co.jp/image/tr/api/re/IdsCY/?f_no=14436&f_syu=s-s&f_hi1=2026-05-04&f_hi2=2026-05-05&f_heya_su=1&f_otona_su=1&f_s1=0&f_s2=0&f_y1=0&f_y2=0&f_y3=0&f_y4=0&f_camp_id=5473174,0,2026-05-04,14800,14800,0,2026-05-04,seibu
17701,博多グリーンホテル天神,https://img.travel.rakuten.co.jp/image/tr/api/re/pvonD/?f_no=17701,https://img.travel.rakuten.co.jp/image/tr/api/re/vFumt/?f_no=17701&f_flg=PLAN,https://img.travel.rakuten.co.jp/image/tr/api/re/WzozX/?noTomariHotel=17701,https://img.travel.rakuten.co.jp/image/tr/api/re/gJNfM/?f_hotel_no=17701,はかた　ぐりーんほてる　てんじん,チェックイン１３時、アウト１２時◇全室、シモンズ製６．５インチベッド、加湿空気清浄機完備◇Wi－Fi無料,6600,120912.03,469424.66,810-0041,福岡県,福岡市中央区大名2-9-11,092-722-3636,092-722-3637,福岡空港から市営地下鉄13分⇒赤坂駅下車後５番出口より徒歩１分,"近隣一般駐車場契約有[1泊2,500円入出庫無]※お気軽におたずね下さい",天神,https://img.travel.rakuten.co.jp/share/HOTEL/17701/17701.jpg,https://img.travel.rakuten.co.jp/HIMG/90/17701.jpg,https://img.travel.rakuten.co.jp/share/HOTEL/17701/17701_tw.jpg,https://img.travel.rakuten.co.jp/HIMG/INTERIOR/17701.jpg,https://img.travel.rakuten.co.jp/share/HOTEL/17701/17701map.gif,2196.0,4.15,"天神と赤坂駅の間で立地は抜群でした。朝ご飯バイキングは品数は多くはないですが、野菜、卵料理、パン、パスタと朝ご飯としては十分なバランスのとれたものでした。強いて言…　2026-04-27 09:59:04投稿 <a href=""https://img.travel.rakuten.co.jp/image/tr/api/re/gJNfM/?f_hotel_no=17701"" class=""3click"">つづきはこちら</a>",s-kinen,禁煙シングルルーム,3335569.0,【軽朝食無料サービス付き】13時イン12時アウトシングルプラン,1,0,0,0,0,1,https://img.travel.rakuten.co.jp/image/tr/api/re/IdsCY/?f_no=17701&f_syu=s-kinen&f_hi1=2026-05-04&f_hi2=2026-05-05&f_heya_su=1&f_otona_su=1&f_s1=0&f_s2=0&f_y1=0&f_y2=0&f_y3=0&f_y4=0&f_camp_id=3335569,0,2026-05-04,17000,17000,0,2026-05-04,seibu
178484,ベストウェスタンプラス福岡天神南,https://img.travel.rakuten.co.jp/image/tr/api/re/pvonD/?f_no=178484,https://img.travel.rakuten.co.jp/image/tr/api/re/vFumt/?f_no=178484&f_flg=PLAN,https://img.travel.rakuten.co.jp/image/tr/api/re/WzozX/?noTomariHotel=178484,https://img.travel.rakuten.co.jp/image/tr/api/re/gJNfM/?f_hotel_no=178484,べすとうぇすたんぷらすふくおかてんじん,九州初、ベストウェスタンプラスでワンランク上の快適なご滞在を。天神も中洲も徒歩圏内。ビジネスや旅行に最適です。,5000,120907.53,469471.12,810-0003,福岡県,福岡市中央区春吉3-13-19,092-718-7700,092-718-7705,福岡市地下鉄七隈線「天神南駅」より徒歩にて約5分,無し　近隣のコインパーキングをご利用ください。,天神,https://img.travel.rakuten.co.jp/share/HOTEL/178484/178484.jpg,https://img.travel.rakuten.co.jp/HIMG/90/178484.jpg,,,https://img.travel.rakuten.co.jp/share/HOTEL/178484/178484map.gif,600.0,4.16,"朝食はどれもおいしくいただけ、随時補充もされて、…　2026-04-27 12:57:24投稿 <a href=""https://img.travel.rakuten.co.jp/image/tr/api/re/gJNfM/?f_hotel_no=178484"" class=""3click"">つづきはこちら</a>",roh,お部屋タイプおまかせ,5551932.0,【お日にち限定】お部屋タイプおまかせプラン / 素泊り,1,0,0,0,0,1,https://img.travel.rakuten.co.jp/image/tr/api/re/IdsCY/?f_no=178484&f_syu=roh&f_hi1=2026-05-04&f_hi2=2026-05-05&f_heya_su=1&f_otona_su=1&f_s1=0&f_s2=0&f_y1=0&f_y2=0&f_y3=0&f_y4=0&f_camp_id=5551932,0,2026-05-04,26400,26400,0,2026-05-04,seibu
2604,ホテルオークラ福岡,https://img.travel.rakuten.co.jp/image/tr/api/re/pvonD/?f_no=2604,https://img.travel.rakuten.co.jp/image/tr/api/re/vFumt/?f_no=2604&f_flg=PLAN,https://img.travel.rakuten.co.jp/image/tr/api/re/WzozX/?noTomariHotel=2604,https://img.travel.rakuten.co.jp/image/tr/api/re/gJNfM/?f_hotel_no=2604,おーくら　ふくおか,ホテルオークラ福岡のおもてなしで寛ぎのひと時をお過ごし下さい。地下鉄直結の好立地により、ゆとりある時間でご利用頂けます。,11745,120931.91,469465.86,812-0027,福岡県,福岡市博多区下川端町3-2 博多リバレイン,092-262-1111,092-262-7701,"地下鉄-中洲川端駅直結-6番出口徒歩1分（福岡空港駅約10分,博多駅約5分）/お車（福岡空港約20分,博多駅約10分）","有り  1泊 ￥2,000（税込）　台数387台　※近隣施設共有駐車場の為、予約が出来兼ねます。",中洲川端,https://img.travel.rakuten.co.jp/share/HOTEL/2604/2604.jpg,https://img.travel.rakuten.co.jp/HIMG/90/2604.jpg,https://img.travel.rakuten.co.jp/share/HOTEL/2604/2604_sgl.jpg,https://img.travel.rakuten.co.jp/HIMG/INTERIOR/2604.jpg,https://img.travel.rakuten.co.jp/share/HOTEL/2604/2604map.gif,2308.0,4.54,"クチコミの詳細はこちらから　https://review.travel.rakuten.co.jp/hotel…　2026-04-30 21:23:38投稿 <a href=""https://img.travel.rakuten.co.jp/image/tr/api/re/gJNfM/?f_hotel_no=2604"" class=""3click"">つづきはこちら</a>",ndblp,【禁煙】スタンダードダブル　25平米,2735628.0,【SAVER】シンプルステイ（室料のみ）,1,0,0,0,0,1,https://img.travel.rakuten.co.jp/image/tr/api/re/IdsCY/?f_no=2604&f_syu=ndblp&f_hi1=2026-05-04&f_hi2=2026-05-05&f_heya_su=1&f_otona_su=1&f_s1=0&f_s2=0&f_y1=0&f_y2=0&f_y3=0&f_y4=0&f_camp_id=2735628,0,2026-05-04,58300,58300,0,2026-05-04,seibu
182,アパホテル〈福岡渡辺通駅前〉ＥＸＣＥＬＬＥＮＴ,https://img.travel.rakuten.co.jp/image/tr/api/re/pvonD/?f_no=182,https://img.travel.rakuten.co.jp/image/tr/api/re/vFumt/?f_no=182&f_flg=PLAN,https://img.travel.rakuten.co.jp/image/tr/api/re/WzozX/?noTomariHotel=182,https://img.travel.rakuten.co.jp/image/tr/api/re/gJNfM/?f_hotel_no=182,あぱほてる＜ふくおかわたなべどおりえきまえ＞えくせれんと,全客室にコーヒーメーカー（ドルチェグスト）設置。上質な滞在と人気のお肉メイン朝食ビュッフェを。,4500,120883.94,469477.64,810-0005,福岡県,福岡市中央区清川1-10-1,0570-099-811,092-524-2377,電車：地下鉄七隈線「渡辺通駅」2番出口から徒歩約5分　バス：博多駅「博多駅前Bのりば」→「柳橋」下車徒歩1分,"料金：1,100円/1泊（15時〜翌11時） ※155cmの車高制限がございます。",天神,https://img.travel.rakuten.co.jp/share/HOTEL/182/182.jpg,https://img.travel.rakuten.co.jp/HIMG/90/182.jpg,https://img.travel.rakuten.co.jp/share/HOTEL/182/182_si.jpg,https://img.travel.rakuten.co.jp/HIMG/INTERIOR/182.jpg,https://img.travel.rakuten.co.jp/share/HOTEL/182/182map.gif,3040.0,4.04,"部屋のテレビがBSが映らなくて残念でした。リ…　2026-04-29 04:50:19投稿 <a href=""https://img.travel.rakuten.co.jp/image/tr/api/re/gJNfM/?f_hotel_no=182"" class=""3click"">つづきはこちら</a>",zs1k,シングル□禁煙室□,5717499.0,【素泊まり・事前決済限定】1秒チェックインにおすすめ！,1,0,0,0,0,2,https://img.travel.rakuten.co.jp/image/tr/api/re/IdsCY/?f_no=182&f_syu=zs1k&f_hi1=2026-05-04&f_hi2=2026-05-05&f_heya_su=1&f_otona_su=1&f_s1=0&f_s2=0&f_y1=0&f_y2=0&f_y3=0&f_y4=0&f_camp_id=5717499,0,2026-05-04,19000,19000,0,2026-05-04,seibu
147590,ホテルニューガイア薬院,https://img.travel.rakuten.co.jp/image/tr/api/re/pvonD/?f_no=147590,https://img.travel.rakuten.co.jp/image/tr/api/re/vFumt/?f_no=147590&f_flg=PLAN,https://img.travel.rakuten.co.jp/image/tr/api/re/WzozX/?noTomariHotel=147590,https://img.travel.rakuten.co.jp/image/tr/api/re/gJNfM/?f_hotel_no=147590,にゅーがいあやくいん,全館リニューアル！全客室エアウィーブ導入＆無料ラウンジで快適な滞在を。＼別館（新客室）続々NEWOPEN／,5900,120876.74,469455.87,810-0013,福岡県,福岡市中央区大宮1-1-6(本館）/福岡市中央区大宮1-1-7（別館No.21）/福岡市中央区平尾1-3-45（別館No.22）/　福岡市中央区平尾1丁目4-4（別館No.23）,092-534-4126,092-534-4127,西鉄薬院駅又は地下鉄七隈線薬院駅より徒歩約2分,"8台【1泊￥1,000-】 ●先着順・予約不可 ※ 満車の場合、近隣の有料駐車場をご利用下さい。",薬院,https://img.travel.rakuten.co.jp/share/HOTEL/147590/147590.jpg,https://img.travel.rakuten.co.jp/HIMG/90/147590.jpg,,,https://img.travel.rakuten.co.jp/share/HOTEL/147590/147590map.gif,1261.0,4.13,"クチコミの詳細はこちらから　https:/…　2026-05-02 19:47:14投稿 <a href=""https://img.travel.rakuten.co.jp/image/tr/api/re/gJNfM/?f_hotel_no=147590"" class=""3click"">つづきはこちら</a>",ncb,【男性専用・禁煙】プレミアムキャビン（for men）,6031202.0,《男性専用》【プレミアムキャビン宿泊体験プラン】ポイント2倍◇フリースペース完備,2,0,0,0,0,1,https://img.travel.rakuten.co.jp/image/tr/api/re/IdsCY/?f_no=147590&f_syu=ncb&f_hi1=2026-05-04&f_hi2=2026-05-05&f_heya_su=1&f_otona_su=1&f_s1=0&f_s2=0&f_y1=0&f_y2=0&f_y3=0&f_y4=0&f_camp_id=6031202,0,2026-05-04,14800,14800,0,2026-05-04,seibu
17977,福岡フローラルイン西中洲,https://img.travel.rakuten.co.jp/image/tr/api/re/pvonD/?f_no=17977,https://img.travel.rakuten.co.jp/image/tr/api/re/vFumt/?f_no=17977&f_flg=PLAN,https://img.travel.rakuten.co.jp/image/tr/api/re/WzozX/?noTomariHotel=17977,https://img.travel.rakuten.co.jp/image/tr/api/re/gJNfM/?f_hotel_no=17977,ふくおか　ふろーらるいん　にしなかす,連日完売、無料の絶品夜食カレーが大人気！！自慢のおいしい朝食！！３部屋限定女性に大人気Refaルーム！,4539,120916.03,469465.62,810-0002,福岡県,福岡市中央区西中洲5-10,092-735-1100,092-735-1119,市営地下鉄「中洲川端」1番出口より徒歩4分・市営地下鉄「天神」16番出口より徒歩4分・西鉄バス「春吉」バス停から徒歩2分,"￥1,500/1泊　平面コインパーキング有＊先着順＊予約不可、事前確保はお受けしておりません",中洲川端,https://img.travel.rakuten.co.jp/share/HOTEL/17977/17977.jpg,https://img.travel.rakuten.co.jp/HIMG/90/17977.jpg,https://img.travel.rakuten.co.jp/share/HOTEL/17977/17977_kya.jpg,https://img.travel.rakuten.co.jp/HIMG/INTERIOR/17977.jpg,https://img.travel.rakuten.co.jp/share/HOTEL/17977/17977map.gif,4896.0,4.2,"いつもお世話なってます。今回三泊の利用でかど部屋だったので、両部屋サイド気にせず過ごせました。一点初日浴槽の壁に髪の毛一本が付着してました。清掃時の見落としでしょ…　2026-05-02 11:56:39投稿 <a href=""https://img.travel.rakuten.co.jp/image/tr/api/re/gJNfM/?f_hotel_no=17977"" class=""3click"">つづきはこちら</a>",sbbf,【喫煙】シングルルーム,4243306.0,【スタンダード】出張応援！立地×柔軟性◎効率重視ステイ｜素泊り,1,0,0,0,0,1,https://img.travel.rakuten.co.jp/image/tr/api/re/IdsCY/?f_no=17977&f_syu=sbbf&f_hi1=2026-05-04&f_hi2=2026-05-05&f_heya_su=1&f_otona_su=1&f_s1=0&f_s2=0&f_y1=0&f_y2=0&f_y3=0&f_y4=0&f_camp_id=4243306,0,2026-05-04,18700,18700,0,2026-05-04,seibu
10722,ホテルエクレール博多,https://img.travel.rakuten.co.jp/image/tr/api/re/pvonD/?f_no=10722,https://img.travel.rakuten.co.jp/image/tr/api/re/vFumt/?f_no=10722&f_flg=PLAN,https://img.travel.rakuten.co.jp/image/tr/api/re/WzozX/?noTomariHotel=10722,https://img.travel.rakuten.co.jp/image/tr/api/re/gJNfM/?f_hotel_no=10722,えくれーる　はかた,【天神・博多・空港までのアクセス◎】ライブや観劇にもおすすめ！,5100,120934.62,469465.82,812-0028,福岡県,福岡市博多区須崎町1-1,092-283-2000,092-283-6262,地下鉄『中洲川端駅』6番出口より徒歩2分/博多座まで徒歩2分/マリンメッセ・キャナルシティ・アクロス福岡まで徒歩圏内,10台（完全予約制）1400円/泊　　※大型車両も駐車可能。料金はお問い合わせ下さい,中洲川端,https://img.travel.rakuten.co.jp/share/HOTEL/10722/10722.jpg,https://img.travel.rakuten.co.jp/HIMG/90/10722.jpg,https://img.travel.rakuten.co.jp/share/HOTEL/10722/10722_robi.jpg,https://img.travel.rakuten.co.jp/HIMG/INTERIOR/10722.jpg,https://img.travel.rakuten.co.jp/share/HOTEL/10722/10722map.gif,1905.0,4.31,"今回事前に問合せをさせていただいていまし…　2026-04-30 19:15:02投稿 <a href=""https://img.travel.rakuten.co.jp/image/tr/api/re/gJNfM/?f_hotel_no=10722"" class=""3click"">つづきはこちら</a>",01,■禁煙　シングル■（12平米）,5752974.0,【素泊まり】《事前カード決済／返金不可》駅より徒歩2分！お洒落な空間♪日々の喧騒を忘れるひとときを　,1,0,0,0,0,2,https://img.travel.rakuten.co.jp/image/tr/api/re/IdsCY/?f_no=10722&f_syu=01&f_hi1=2026-05-04&f_hi2=2026-05-05&f_heya_su=1&f_otona_su=1&f_s1=0&f_s2=0&f_y1=0&f_y2=0&f_y3=0&f_y4=0&f_camp_id=5752974,0,2026-05-04,13770,13770,0,2026-05-04,seibu
2921,福岡東映ホテル,https://img.travel.rakuten.co.jp/image/tr/api/re/pvonD/?f_no=2921,https://img.travel.rakuten.co.jp/image/tr/api/re/vFumt/?f_no=2921&f_flg=PLAN,https://img.travel.rakuten.co.jp/image/tr/api/re/WzozX/?noTomariHotel=2921,https://img.travel.rakuten.co.jp/image/tr/api/re/gJNfM/?f_hotel_no=2921,ふくおか　とうえいほてる, 天神、博多の中間に位置し、ビジネス・観光の拠点として最適。コンビニ徒歩3分、近隣飲食店多数あり。,7000,120883.83,469468.17,810-0011,福岡県,福岡市中央区高砂1-1-23,092-524-2121,092-524-2129,博多駅から車で5分福岡空港から車で20分西鉄薬院駅から徒歩3分地下鉄七隈線渡辺通り駅から徒歩1分天神から徒歩10分,"ホテル駐車場なし 契約駐車場有（22時間連続駐車1,300円）",博多,https://img.travel.rakuten.co.jp/share/HOTEL/2921/2921.jpg,https://img.travel.rakuten.co.jp/HIMG/90/2921.jpg,https://img.travel.rakuten.co.jp/share/HOTEL/2921/2921_room.jpg,https://img.travel.rakuten.co.jp/HIMG/INTERIOR/2921.jpg,https://img.travel.rakuten.co.jp/share/HOTEL/2921/2921map.gif,2673.0,4.19,"高砂~薬院~渡辺通エリアは良い居酒屋さんが多く、その中心にあるこちらのホテルはノンベイの私にとって絶好のロケーションといえます。部屋は清潔かつ落ち着い…　2026-04-24 20:01:51投稿 <a href=""https://img.travel.rakuten.co.jp/image/tr/api/re/gJNfM/?f_hotel_no=2921"" class=""3click"">つづきはこちら</a>",c-san,【NEW】コンフォートシングル（禁煙）,3652683.0,【素泊】出張・観光に！素泊まりシンプルステイプラン♪,1,0,0,0,0,1,https://img.travel.rakuten.co.jp/image/tr/api/re/IdsCY/?f_no=2921&f_syu=c-san&f_hi1=2026-05-04&f_hi2=2026-05-05&f_heya_su=1&f_otona_su=1&f_s1=0&f_s2=0&f_y1=0&f_y2=0&f_y3=0&f_y4=0&f_camp_id=3652683,0,2026-05-04,24000,24000,0,2026-05-04,seibu
5388,ＫＫＲホテル博多（国家公務員共済組合連合会福岡共済会館）,https://img.travel.rakuten.co.jp/image/tr/api/re/pvonD/?f_no=5388,https://img.travel.rakuten.co.jp/image/tr/api/re/vFumt/?f_no=5388&f_flg=PLAN,https://img.travel.rakuten.co.jp/image/tr/api/re/WzozX/?noTomariHotel=5388,https://img.travel.rakuten.co.jp/image/tr/api/re/gJNfM/?f_hotel_no=5388,けーけーあーるほてる　はかた,地下鉄「薬院大通駅」から徒歩約4分！敷地内に平面駐車場を56台完備♪何度でも出し入れできるからクルマ旅にもピッタリ！,5500,120871.72,469425.58,810-0022,福岡県,福岡市中央区薬院4-21-1,092-521-1361,092-521-4881,「南薬院」バス停から徒歩約1分、地下鉄七隈線「薬院大通駅」から徒歩約4分,56台収容可能の平面駐車場を敷地内に完備。何度でも出し入れ可能。（有料1000円/泊・先着順）,博多,https://img.travel.rakuten.co.jp/share/HOTEL/5388/5388.jpg,https://img.travel.rakuten.co.jp/HIMG/90/5388.jpg,https://img.travel.rakuten.co.jp/share/HOTEL/5388/5388_sgl.jpg,https://img.travel.rakuten.co.jp/HIMG/INTERIOR/5388.jpg,https://img.travel.rakuten.co.jp/share/HOTEL/5388/5388map.gif,2653.0,4.36,"ホテルすぐ横のバス停から…　2026-04-26 07:46:50投稿 <a href=""https://img.travel.rakuten.co.jp/image/tr/api/re/gJNfM/?f_hotel_no=5388"" class=""3click"">つづきはこちら</a>",pnssb,【禁煙】シングルルーム（ベッド幅140cm）,5826592.0,【お日にち限定タイムセール】広々駐車場で安心クルマ旅♪小学生以下は添い寝無料♪【素泊まり】,1,0,0,0,0,1,https://img.travel.rakuten.co.jp/image/tr/api/re/IdsCY/?f_no=5388&f_syu=pnssb&f_hi1=2026-05-04&f_hi2=2026-05-05&f_heya_su=1&f_otona_su=1&f_s1=0&f_s2=0&f_y1=0&f_y2=0&f_y3=0&f_y4=0&f_camp_id=5826592,0,2026-05-04,19000,19000,0,2026-05-04,seibu
56733,リッチモンドホテル福岡天神,https://img.travel.rakuten.co.jp/image/tr/api/re/pvonD/?f_no=56733,https://img.travel.rakuten.co.jp/image/tr/api/re/vFumt/?f_no=56733&f_flg=PLAN,https://img.travel.rakuten.co.jp/image/tr/api/re/WzozX/?noTomariHotel=56733,https://img.travel.rakuten.co.jp/image/tr/api/re/gJNfM/?f_hotel_no=56733,りっちもんど　ふくおかてんじん,地下鉄七隈線「天神南駅」徒歩約3分。福岡屋台も徒歩圏内で福岡旅を楽しめるビジネス・観光に便利な理想のロケーション,4455,120899.6,469455.49,810-0004,福岡県,福岡市中央区渡辺通4-8-25,092-739-2055,092-739-2056,西鉄バスセンターより徒歩3分　地下鉄空港線天神駅・七隈線天神南駅下車～天神地下街西12-C出口直進徒歩1分,敷地内に機械式立体駐車場有／料金2000円（税込／泊）／満車時は近隣の提携駐車場にご案内いたします,天神,https://img.travel.rakuten.co.jp/share/HOTEL/56733/56733.jpg,https://img.travel.rakuten.co.jp/HIMG/90/56733.jpg,https://img.travel.rakuten.co.jp/share/HOTEL/56733/56733_room.jpg,https://img.travel.rakuten.co.jp/HIMG/INTERIOR/56733.jpg,https://img.travel.rakuten.co.jp/share/HOTEL/56733/56733map.gif,4506.0,4.28,"クチコミの詳細はこちらから　https://review.travel.rakuten.co.jp/hotel/voice/56733?reviewId=33123…　2026-05-02 17:35:19投稿 <a href=""https://img.travel.rakuten.co.jp/image/tr/api/re/gJNfM/?f_hotel_no=56733"" class=""3click"">つづきはこちら</a>",s,【喫煙】モデレートシングル・18平米・1名,5149158.0,21時から最大12時間滞在【素泊まり】翌日9時チェックアウト,1,0,0,0,0,1,https://img.travel.rakuten.co.jp/image/tr/api/re/IdsCY/?f_no=56733&f_syu=s&f_hi1=2026-05-04&f_hi2=2026-05-05&f_heya_su=1&f_otona_su=1&f_s1=0&f_s2=0&f_y1=0&f_y2=0&f_y3=0&f_y4=0&f_camp_id=5149158,0,2026-05-04,25410,25410,0,2026-05-04,seibu
16283,ホテルエトワス天神,https://img.travel.rakuten.co.jp/image/tr/api/re/pvonD/?f_no=16283,https://img.travel.rakuten.co.jp/image/tr/api/re/vFumt/?f_no=16283&f_flg=PLAN,https://img.travel.rakuten.co.jp/image/tr/api/re/WzozX/?noTomariHotel=16283,https://img.travel.rakuten.co.jp/image/tr/api/re/gJNfM/?f_hotel_no=16283,えとわす　てんじん,★地下鉄天神駅徒歩３分★駅近で朝から海鮮丼＆九州のご当地料理ブッフェを楽しめるホテル,5500,120920.73,469432.47,810-0001,福岡県,福岡市中央区天神3-5-18,092-737-3233,092-737-3266,福岡空港・博多駅から地下鉄１本／福岡市営地下鉄『天神駅』４番出口より徒歩３分／都市高速天神北ランプより車約５分,"近隣契約駐車場有／徒歩30秒／ １泊（15時〜翌10時）1,000円／予約不可",天神,https://img.travel.rakuten.co.jp/share/HOTEL/16283/16283.jpg,https://img.travel.rakuten.co.jp/HIMG/90/16283.jpg,https://img.travel.rakuten.co.jp/share/HOTEL/16283/16283_room.jpg,https://img.travel.rakuten.co.jp/HIMG/INTERIOR/16283.jpg,https://img.travel.rakuten.co.jp/share/HOTEL/16283/16283map.gif,2504.0,4.03,"クチコミの詳細はこちらから　https://review.travel.ra…　2026-04-30 22:54:33投稿 <a href=""https://img.travel.rakuten.co.jp/image/tr/api/re/gJNfM/?f_hotel_no=16283"" class=""3click"">つづきはこちら</a>",ss,【喫煙】スタンダードシングル,6219280.0,【SALE】【素泊まり】今だけお得★スペシャルプライス！地下鉄天神駅徒歩3分の好立地,1,0,0,0,0,2,https://img.travel.rakuten.co.jp/image/tr/api/re/IdsCY/?f_no=16283&f_syu=ss&f_hi1=2026-05-04&f_hi2=2026-05-05&f_heya_su=1&f_otona_su=1&f_s1=0&f_s2=0&f_y1=0&f_y2=0&f_y3=0&f_y4=0&f_camp_id=6219280,0,2026-05-04,14850,14850,0,2026-05-04,seibu
437,博多中洲ワシントンホテルプラザ,https://img.travel.rakuten.co.jp/image/tr/api/re/pvonD/?f_no=437,https://img.travel.rakuten.co.jp/image/tr/api/re/vFumt/?f_no=437&f_flg=PLAN,https://img.travel.rakuten.co.jp/image/tr/api/re/WzozX/?noTomariHotel=437,https://img.travel.rakuten.co.jp/image/tr/api/re/gJNfM/?f_hotel_no=437,はかたなかす　わしんとんほてるぷらざ,2021年全室リニューアル～九州一の繁華街「中洲」にあるホテル,5100,120921.05,469481.04,810-0801,福岡県,福岡市博多区中洲2-8-28,092-282-0410,092-282-7700,地下鉄「中洲川端駅」⑤番出口より徒歩約５分／ＪＲ博多駅（博多口）より徒歩約１５分,タワーパーキング　高さ155ｃｍまで　先着34台　1泊1500円〜　大型車の駐車場はございません。,中洲川端,https://img.travel.rakuten.co.jp/share/HOTEL/437/437.jpg,https://img.travel.rakuten.co.jp/HIMG/90/437.jpg,https://img.travel.rakuten.co.jp/share/HOTEL/437/437_heya.jpg,https://img.travel.rakuten.co.jp/HIMG/INTERIOR/437.jpg,https://img.travel.rakuten.co.jp/share/HOTEL/437/437map.gif,2085.0,3.9,"クチコミの詳細はこちらから　https:…　2026-04-29 05:27:16投稿 <a href=""https://img.travel.rakuten.co.jp/image/tr/api/re/gJNfM/?f_hotel_no=437"" class=""3click"">つづきはこちら</a>",s-3k,シングル2　禁煙【15.3平米BED140cm×200cm】,2852298.0,シニア【６０歳以上】割引プラン　〜証明証をご提示下さい〜,1,0,0,0,0,1,https://img.travel.rakuten.co.jp/image/tr/api/re/IdsCY/?f_no=437&f_syu=s-3k&f_hi1=2026-05-04&f_hi2=2026-05-05&f_heya_su=1&f_otona_su=1&f_s1=0&f_s2=0&f_y1=0&f_y2=0&f_y3=0&f_y4=0&f_camp_id=2852298,0,2026-05-04,14900,14900,0,2026-05-04,seibu
84779,グリーンリッチホテル西鉄大橋駅前,https://img.travel.rakuten.co.jp/image/tr/api/re/pvonD/?f_no=84779,https://img.travel.rakuten.co.jp/image/tr/api/re/vFumt/?f_no=84779&f_flg=PLAN,https://img.travel.rakuten.co.jp/image/tr/api/re/WzozX/?noTomariHotel=84779,https://img.travel.rakuten.co.jp/image/tr/api/re/gJNfM/?f_hotel_no=84779,ぐりーんりっちほてるにしてつおおはしえきまえ,天神まで西鉄電車で７分♪　観光やビジネスの拠点に最適な立地です,4800,120800.69,469542.04,815-0033,福岡県,福岡市南区大橋1-7-15,092-552-4400,092-552-4422,天神から西鉄電車で大橋駅下車。JR竹下駅西口から西鉄バスで大橋駅前下車。西鉄大橋駅（西口）を出て右に進み徒歩にて1分。,ホテルの駐車場はございません。近隣の有料駐車場をご案内致します。,大橋（福岡）,https://img.travel.rakuten.co.jp/share/HOTEL/84779/84779.jpg,https://img.travel.rakuten.co.jp/HIMG/90/84779.jpg,https://img.travel.rakuten.co.jp/share/HOTEL/84779/84779_ru.jpg,https://img.travel.rakuten.co.jp/HIMG/INTERIOR/84779.jpg,https://img.travel.rakuten.co.jp/share/HOTEL/84779/84779map.gif,614.0,3.81,"天神と太宰府に用事があり家族で宿泊しました。西鉄沿線のためどちらにもアクセスよく、また最寄り駅の目の前に立地しているので、子連れ旅行に最適でした。宿泊…　2026-04-13 19:38:57投稿 <a href=""https://img.travel.rakuten.co.jp/image/tr/api/re/gJNfM/?f_hotel_no=84779"" class=""3click"">つづきはこちら</a>",somks,【おまかせ部屋・喫煙】朝食無料サービス,6460165.0,【おまかせ部屋・喫煙】朝食無料サービス,1,0,0,1,0,1,https://img.travel.rakuten.co.jp/image/tr/api/re/IdsCY/?f_no=84779&f_syu=somks&f_hi1=2026-05-04&f_hi2=2026-05-05&f_heya_su=1&f_otona_su=1&f_s1=0&f_s2=0&f_y1=0&f_y2=0&f_y3=0&f_y4=0&f_camp_id=6460165,0,2026-05-04,11100,11100,0,2026-05-04,seibu
198902,ＢＡＳＥ　ＬＡＹＥＲ　ＨＯＴＥＬ　福岡（２０２６年４月１５日ＯＰＥＮ）,https://img.travel.rakuten.co.jp/image/tr/api/re/pvonD/?f_no=198902,https://img.travel.rakuten.co.jp/image/tr/api/re/vFumt/?f_no=198902&f_flg=PLAN,https://img.travel.rakuten.co.jp/image/tr/api/re/WzozX/?noTomariHotel=198902,https://img.travel.rakuten.co.jp/image/tr/api/re/gJNfM/?f_hotel_no=198902,べーすれいやーほてるふくおか（２０２６ねん４がつ１５にちおーぷん）,快適な滞在と楽しい街遊びを支える基礎的機能ホテル,4840,120879.62,469476.79,810-0005,福岡県,福岡市中央区清川1-14-15,092-406-1256,092-406-1257,福岡市地下鉄七隈線「渡辺通駅」より徒歩7分・西鉄天神大牟田線「薬院駅」より徒歩10分,なし,天神,https://img.travel.rakuten.co.jp/share/HOTEL/198902/198902.jpg,https://img.travel.rakuten.co.jp/HIMG/90/198902.jpg,,,https://img.travel.rakuten.co.jp/share/HOTEL/198902/198902map.gif,4.0,,,d,ダブルルーム,6440231.0,開業記念プラン 2026.04.15 GRAND OPEN,1,0,0,0,0,1,https://img.travel.rakuten.co.jp/image/tr/api/re/IdsCY/?f_no=198902&f_syu=d&f_hi1=2026-05-04&f_hi2=2026-05-05&f_heya_su=1&f_otona_su=1&f_s1=0&f_s2=0&f_y1=0&f_y2=0&f_y3=0&f_y4=0&f_camp_id=6440231,0,2026-05-04,29568,29568,0,2026-05-04,seibu
172039,ホテル　グランドルチェ博多,https://img.travel.rakuten.co.jp/image/tr/api/re/pvonD/?f_no=172039,https://img.travel.rakuten.co.jp/image/tr/api/re/vFumt/?f_no=172039&f_flg=PLAN,https://img.travel.rakuten.co.jp/image/tr/api/re/WzozX/?noTomariHotel=172039,https://img.travel.rakuten.co.jp/image/tr/api/re/gJNfM/?f_hotel_no=172039,ぐらんどるちぇ　はかた,天神・中洲へ徒歩5分の好立地◆天神中央公園アクロス福岡前◆全室禁煙◆「便利・静か・清潔」をお求めの方におすすめ,6900,120915.04,469462.58,810-0002,福岡県,福岡市中央区西中洲12-18,092-406-1331,092-406-1100,福岡市営地下鉄[天神駅16番出口][中洲川端駅1番出口]より徒歩5分,4台有(要予約）※電話予約のみ（092-406-1331）　※1500円(15：00~翌11:00）,中洲川端,https://img.travel.rakuten.co.jp/share/HOTEL/172039/172039.jpg,https://img.travel.rakuten.co.jp/HIMG/90/172039.jpg,,,https://img.travel.rakuten.co.jp/share/HOTEL/172039/172039map.gif,390.0,4.21,"お部屋もちょうど良い感じ。とてもきれいで、シン…　2026-04-20 15:30:09投稿 <a href=""https://img.travel.rakuten.co.jp/image/tr/api/re/gJNfM/?f_hotel_no=172039"" class=""3click"">つづきはこちら</a>",s,スタンダードシングル［禁煙］,6254892.0,【タイムセール】スタンダードルーム★天神・中洲徒歩5分！便利で静かな好立地（素泊まり）,1,0,0,0,0,1,https://img.travel.rakuten.co.jp/image/tr/api/re/IdsCY/?f_no=172039&f_syu=s&f_hi1=2026-05-04&f_hi2=2026-05-05&f_heya_su=1&f_otona_su=1&f_s1=0&f_s2=0&f_y1=0&f_y2=0&f_y3=0&f_y4=0&f_camp_id=6254892,0,2026-05-04,19800,19800,0,2026-05-04,seibu
176739,ホテルビスタ福岡【中洲川端】,https://img.travel.rakuten.co.jp/image/tr/api/re/pvonD/?f_no=176739,https://img.travel.rakuten.co.jp/image/tr/api/re/vFumt/?f_no=176739&f_flg=PLAN,https://img.travel.rakuten.co.jp/image/tr/api/re/WzozX/?noTomariHotel=176739,https://img.travel.rakuten.co.jp/image/tr/api/re/gJNfM/?f_hotel_no=176739,びすた　ふくおか　なかすかわばた,「博多座」まで徒歩約3分　歌舞伎・ミュージカル等、年間通して公演をお楽しみいただけます,5500,120931.58,469478.03,812-0026,福岡県,福岡市博多区上川端町14-28,092-281-3737,092-281-3736,中洲川端駅７番出口より徒歩にて約３分。地下鉄にて天神駅まで２分、博多駅まで４分の好立地。最寄りのコンビニまで徒歩1分。,"５台先着順 一泊一台1,500円(税込) 機械式のため車高及び車幅制限あり 満車時は提携駐車場を案内",中洲川端,https://img.travel.rakuten.co.jp/share/HOTEL/176739/176739.jpg,https://img.travel.rakuten.co.jp/HIMG/90/176739.jpg,https://img.travel.rakuten.co.jp/share/HOTEL/176739/176739_kan1.jpg,https://img.travel.rakuten.co.jp/HIMG/INTERIOR/176739.jpg,https://img.travel.rakuten.co.jp/share/HOTEL/176739/176739map.gif,775.0,4.21,"クチコミの詳細はこちらから　https://…　2026-04-29 18:33:50投稿 <a href=""https://img.travel.rakuten.co.jp/image/tr/api/re/gJNfM/?f_hotel_no=176739"" class=""3click"">つづきはこちら</a>",mds,禁煙モデレートシングル 140cmベッド,5871025.0,シンプルステイプラン（素泊り）,1,0,0,0,0,2,https://img.travel.rakuten.co.jp/image/tr/api/re/IdsCY/?f_no=176739&f_syu=mds&f_hi1=2026-05-04&f_hi2=2026-05-05&f_heya_su=1&f_otona_su=1&f_s1=0&f_s2=0&f_y1=0&f_y2=0&f_y3=0&f_y4=0&f_camp_id=5871025,0,2026-05-04,27000,27000,0,2026-05-04,seibu
104626,ベッセルイン博多中洲（中洲川端）（２０２６年２月２８日全客室リニューアル）　,https://img.travel.rakuten.co.jp/image/tr/api/re/pvonD/?f_no=104626,https://img.travel.rakuten.co.jp/image/tr/api/re/vFumt/?f_no=104626&f_flg=PLAN,https://img.travel.rakuten.co.jp/image/tr/api/re/WzozX/?noTomariHotel=104626,https://img.travel.rakuten.co.jp/image/tr/api/re/gJNfM/?f_hotel_no=104626,べっせるいんはかたなかす　なかすかわばた,福岡空港から地下鉄で4駅の好立地！中洲川端駅から徒歩１分。Wi-Fi全室無料。18歳以下添い寝無料。,3200,120927.24,469465.95,810-0801,福岡県,福岡市博多区中洲5-1-12,092-271-4055,092-271-4050,地下鉄中洲川端駅より徒歩１分 【中洲川端駅３番出口】JR博多駅、地下鉄天神駅より車で５分。福岡空港までも車で10分。,５台　電話予約制　満車の場合近隣のコインパーキングへのご案内になります。,中洲川端,https://img.travel.rakuten.co.jp/share/HOTEL/104626/104626.jpg,https://img.travel.rakuten.co.jp/HIMG/90/104626.jpg,https://img.travel.rakuten.co.jp/share/HOTEL/104626/104626_sin.jpg,https://img.travel.rakuten.co.jp/HIMG/INTERIOR/104626.jpg,https://img.travel.rakuten.co.jp/share/HOTEL/104626/104626map.gif,2053.0,4.16,"リニューアルした部屋は狭いですが、清潔感あり、コンパクトにまとまって、機能重視で使いやすいです…　2026-04-22 13:14:52投稿 <a href=""https://img.travel.rakuten.co.jp/image/tr/api/re/gJNfM/?f_hotel_no=104626"" class=""3click"">つづきはこちら</a>",nsa,セミダブル☆禁煙,3303400.0,【スタンダード☆素泊まり】中洲川端駅3番出口から徒歩1分,1,0,0,0,0,1,https://img.travel.rakuten.co.jp/image/tr/api/re/IdsCY/?f_no=104626&f_syu=nsa&f_hi1=2026-05-04&f_hi2=2026-05-05&f_heya_su=1&f_otona_su=1&f_s1=0&f_s2=0&f_y1=0&f_y2=0&f_y3=0&f_y4=0&f_camp_id=3303400,0,2026-05-04,18000,18000,0,2026-05-04,seibu
67830,西鉄イン福岡　アクロス福岡前,https://img.travel.rakuten.co.jp/image/tr/api/re/pvonD/?f_no=67830,https://img.travel.rakuten.co.jp/image/tr/api/re/vFumt/?f_no=67830&f_flg=PLAN,https://img.travel.rakuten.co.jp/image/tr/api/re/WzozX/?noTomariHotel=67830,https://img.travel.rakuten.co.jp/image/tr/api/re/gJNfM/?f_hotel_no=67830,にしてついんふくおか　あくろすふくおかまえ,直前予約でポイント10％【得旅】直前キャンペーン開催中♪≪天神・中洲どちらも徒歩圏内≫,7300,120921.08,469457.62,810-0001,福岡県,福岡市中央区天神1-16-1,092-712-5858,092-712-5868,福岡空港・博多駅から地下鉄空港線「中洲川端駅」２番出口より徒歩約３分／地下鉄空港線「天神駅」東口１２番出口より徒歩約３分,立体式駐車場　２０００円／泊　（先着順・高さ制限等あり、詳しくはお問い合わせください。）,中洲川端,https://img.travel.rakuten.co.jp/share/HOTEL/67830/67830.jpg,https://img.travel.rakuten.co.jp/HIMG/90/67830.jpg,https://img.travel.rakuten.co.jp/share/HOTEL/67830/67830_twin.jpg,https://img.travel.rakuten.co.jp/HIMG/INTERIOR/67830.jpg,https://img.travel.rakuten.co.jp/share/HOTEL/67830/67830map.gif,2053.0,3.78,"クチコミの詳細はこちらから　https://review.travel.rakuten.co.jp/hotel/voice/67830?reviewId=3…　2026-04-28 18:51:05投稿 <a href=""https://img.travel.rakuten.co.jp/image/tr/api/re/gJNfM/?f_hotel_no=67830"" class=""3click"">つづきはこちら</a>",s,【喫煙】シングルルーム（街または川側・13.7平米）,5675670.0,【クレジットカード事前決済限定】＜素泊まり＞自動チェックイン機でスマートチェックインプラン,1,0,0,0,0,2,https://img.travel.rakuten.co.jp/image/tr/api/re/IdsCY/?f_no=67830&f_syu=s&f_hi1=2026-05-04&f_hi2=2026-05-05&f_heya_su=1&f_otona_su=1&f_s1=0&f_s2=0&f_y1=0&f_y2=0&f_y3=0&f_y4=0&f_camp_id=5675670,0,2026-05-04,22000,22000,0,2026-05-04,seibu
172982,ザ・ライブリー福岡博多（ＴＨＥ　ＬＩＶＥＬＹ　福岡博多）,https://img.travel.rakuten.co.jp/image/tr/api/re/pvonD/?f_no=172982,https://img.travel.rakuten.co.jp/image/tr/api/re/vFumt/?f_no=172982&f_flg=PLAN,https://img.travel.rakuten.co.jp/image/tr/api/re/WzozX/?noTomariHotel=172982,https://img.travel.rakuten.co.jp/image/tr/api/re/gJNfM/?f_hotel_no=172982,ざ　らいぶりー　はかた　ふくおか,コワーキングスペースやビリヤード、充実したルームサービス、夕方にはフリービール提供。福岡初のライフスタイルホテル。,4455,120925.82,469465.11,810-0801,福岡県,福岡市博多区中洲5-2-18,050-3138-2071, ,地下鉄「中洲川端」駅2番出口より徒歩1分。天神・繁華街まで徒歩圏内。【地下鉄で】博多駅から3分、福岡空港から10分。,1800円/泊　予約不可　車種制限(車高1.6ｍ、車幅1.7ｍ)　7:00-23:00,中洲川端,https://img.travel.rakuten.co.jp/share/HOTEL/172982/172982.jpg,https://img.travel.rakuten.co.jp/HIMG/90/172982.jpg,https://img.travel.rakuten.co.jp/share/HOTEL/172982/172982_kan1.jpg,https://img.travel.rakuten.co.jp/HIMG/INTERIOR/172982.jpg,https://img.travel.rakuten.co.jp/share/HOTEL/172982/172982map.gif,407.0,3.7,"良かった点を先に。新しいきれいなホテル。雰囲気もおしゃれなバーっぽい。インテリアも特段高いものはつかっていないが雰囲気にあっているものが使われていて統一感…　2026-03-25 17:59:13投稿 <a href=""https://img.travel.rakuten.co.jp/image/tr/api/re/gJNfM/?f_hotel_no=172982"" class=""3click"">つづきはこちら</a>",double,スタンダードダブル（禁煙）,4442276.0,【スタンダードプラン】海外気分のデザインホテル！夕方はフリービール提供中（素泊まり）,1,0,0,0,0,1,https://img.travel.rakuten.co.jp/image/tr/api/re/IdsCY/?f_no=172982&f_syu=double&f_hi1=2026-05-04&f_hi2=2026-05-05&f_heya_su=1&f_otona_su=1&f_s1=0&f_s2=0&f_y1=0&f_y2=0&f_y3=0&f_y4=0&f_camp_id=4442276,0,2026-05-04,32000,32000,0,2026-05-04,seibu
9233,平和台ホテル荒戸,https://img.travel.rakuten.co.jp/image/tr/api/re/pvonD/?f_no=9233,https://img.travel.rakuten.co.jp/image/tr/api/re/vFumt/?f_no=9233&f_flg=PLAN,https://img.travel.rakuten.co.jp/image/tr/api/re/WzozX/?noTomariHotel=9233,https://img.travel.rakuten.co.jp/image/tr/api/re/gJNfM/?f_hotel_no=9233,へいわだいほてる　あらと,★全宿泊者軽朝食付★近くにコンビニや飲食店が多数あります♪県民憩いの場の大濠公園や名物の長浜屋台も徒歩圏内！,3320,120919.6,469372.31,810-0062,福岡県,福岡市中央区荒戸1-5-27,092-761-1361,092-761-1365,地下鉄大濠公園駅２番出入口より徒歩３分,有り　6台　要電話予約　料金：1300円（税込／泊）,大濠公園,https://img.travel.rakuten.co.jp/share/HOTEL/9233/9233.jpg,https://img.travel.rakuten.co.jp/HIMG/90/9233.jpg,https://img.travel.rakuten.co.jp/share/HOTEL/9233/9233_kya.jpg,https://img.travel.rakuten.co.jp/HIMG/INTERIOR/9233.jpg,https://img.travel.rakuten.co.jp/share/HOTEL/9233/9233map.gif,1305.0,3.02,"クチコミの詳細はこちらから　https://review.travel.rakuten.…　2026-05-02 05:57:21投稿 <a href=""https://img.travel.rakuten.co.jp/image/tr/api/re/gJNfM/?f_hotel_no=9233"" class=""3click"">つづきはこちら</a>",nosg,【禁煙】洋室シングル（クローゼット付）,6366331.0,【事前決済限定】大濠公園駅から徒歩3分！黒田藩福岡城跡徒歩すぐ♪◆おにから朝食付◆,1,0,0,1,0,2,https://img.travel.rakuten.co.jp/image/tr/api/re/IdsCY/?f_no=9233&f_syu=nosg&f_hi1=2026-05-04&f_hi2=2026-05-05&f_heya_su=1&f_otona_su=1&f_s1=0&f_s2=0&f_y1=0&f_y2=0&f_y3=0&f_y4=0&f_camp_id=6366331,0,2026-05-04,16000,16000,0,2026-05-04,seibu
882,福岡アルティ・イン,https://img.travel.rakuten.co.jp/image/tr/api/re/pvonD/?f_no=882,https://img.travel.rakuten.co.jp/image/tr/api/re/vFumt/?f_no=882&f_flg=PLAN,https://img.travel.rakuten.co.jp/image/tr/api/re/WzozX/?noTomariHotel=882,https://img.travel.rakuten.co.jp/image/tr/api/re/gJNfM/?f_hotel_no=882,ふくおか　あるてぃ・いん,天神と中洲の中間に立地し、大丸・三越・中洲の屋台へも徒歩すぐ。【楽天トラベルアワード7年連続受賞☆】,3780,120907.85,469463.27,810-0004,福岡県,福岡市中央区渡辺通５丁目１－２０,092-724-3511,092-714-3200,地下鉄七隈線「天神南駅」6番出口から徒歩3分。空港からは地下鉄空港線に乗り、「博多駅」で七隈線にお乗り換えください。,"要予約。1泊／1,100円（税込）",天神,https://img.travel.rakuten.co.jp/share/HOTEL/882/882.jpg,https://img.travel.rakuten.co.jp/HIMG/90/882.jpg,https://img.travel.rakuten.co.jp/share/HOTEL/882/882_room.jpg,https://img.travel.rakuten.co.jp/HIMG/INTERIOR/882.jpg,https://img.travel.rakuten.co.jp/share/HOTEL/882/882map.gif,3886.0,4.14,"クチコミの詳細はこちらから　https://review.travel.rakuten.co.…　2026-04-30 17:34:18投稿 <a href=""https://img.travel.rakuten.co.jp/image/tr/api/re/gJNfM/?f_hotel_no=882"" class=""3click"">つづきはこちら</a>",retta,■喫煙ツイン◆全室無料Wi-Fi接続,5507724.0,【当日限定】ツインルーム　お得に泊まれちゃいますプラン♪【ポイント５倍】,5,0,0,0,0,1,https://img.travel.rakuten.co.jp/image/tr/api/re/JlnYS/?f_no=882&f_syu=retta&f_hi1=2026-05-04&f_hi2=2026-05-05&f_heya_su=1&f_otona_su=1&f_s1=0&f_s2=0&f_y1=0&f_y2=0&f_y3=0&f_y4=0&f_camp_id=5507724,2,2026-05-04,21200,21200,0,2026-05-04,seibu
12562,ザ・レジデンシャルスイート・福岡,https://img.travel.rakuten.co.jp/image/tr/api/re/pvonD/?f_no=12562,https://img.travel.rakuten.co.jp/image/tr/api/re/vFumt/?f_no=12562&f_flg=PLAN,https://img.travel.rakuten.co.jp/image/tr/api/re/WzozX/?noTomariHotel=12562,https://img.travel.rakuten.co.jp/image/tr/api/re/gJNfM/?f_hotel_no=12562,ざ・れじでんしゃるすいーと・ふくおか,★全室44平米以上でミニキッチン＆電子レンジ完備★ドームまで徒歩約10分！★ファミリー、野球観戦、コンサートなどに最適♪,4500,120912.72,469288.88,814-0001,福岡県,福岡市早良区百道浜1-3-70,092-846-8585,092-846-8588,★車で福岡都市高速経由百道出口約2分★地下鉄『西新駅』１番出口より徒歩10分★バスで天神・博多から医師会館前まで約20分,有り　135台　\1650/泊（税込）　平置き/車高2.3ｍ迄　,西新,https://img.travel.rakuten.co.jp/share/HOTEL/12562/12562.jpg,https://img.travel.rakuten.co.jp/HIMG/90/12562.jpg,https://img.travel.rakuten.co.jp/share/HOTEL/12562/12562_t.jpg,https://img.travel.rakuten.co.jp/HIMG/INTERIOR/12562.jpg,https://img.travel.rakuten.co.jp/share/HOTEL/12562/12562map.gif,5103.0,4.07,"…　2026-04-28 16:54:11投稿 <a href=""https://img.travel.rakuten.co.jp/image/tr/api/re/gJNfM/?f_hotel_no=12562"" class=""3click"">つづきはこちら</a>",omsgl-k,【禁煙】１名利用,866872.0,【ライブやコンサート、イベント利用におすすめ】ドームまで徒歩10分！お部屋タイプおまかせ【素泊まり】,1,0,0,0,0,1,https://img.travel.rakuten.co.jp/image/tr/api/re/IdsCY/?f_no=12562&f_syu=omsgl-k&f_hi1=2026-05-04&f_hi2=2026-05-05&f_heya_su=1&f_otona_su=1&f_s1=0&f_s2=0&f_y1=0&f_y2=0&f_y3=0&f_y4=0&f_camp_id=866872,0,2026-05-04,25000,25000,0,2026-05-04,seibu
173037,ナインアワーズ中洲川端駅,https://img.travel.rakuten.co.jp/image/tr/api/re/pvonD/?f_no=173037,https://img.travel.rakuten.co.jp/image/tr/api/re/vFumt/?f_no=173037&f_flg=PLAN,,https://img.travel.rakuten.co.jp/image/tr/api/re/gJNfM/?f_hotel_no=173037,ないんあわーず　なかすかわばたえき,【2019年8月9日オープン！】地下鉄直結。雨でも安心。福岡中心部にあり抜群のアクセス。観光・ビジネスの活動拠点に。,3400,120930.83,469469.44,812-0027,福岡県,福岡市博多区下川端町3-1　博多リバレインモールＢ1Ｆ,092-283-8755,092-283-8766,福岡市地下鉄中洲川端駅直結,無し,中洲川端,https://img.travel.rakuten.co.jp/share/HOTEL/173037/173037.jpg,https://img.travel.rakuten.co.jp/HIMG/90/173037.jpg,,,https://img.travel.rakuten.co.jp/share/HOTEL/173037/173037map.gif,244.0,4.01,"クチコミの詳細はこちらから　https://review.…　2026-04-27 13:57:59投稿 <a href=""https://img.travel.rakuten.co.jp/image/tr/api/re/gJNfM/?f_hotel_no=173037"" class=""3click"">つづきはこちら</a>",f01,女性用スリーピングポッド 禁煙（通常）,4811492.0,スタンダードプラン！◆地下鉄「中洲川端駅」直結,1,0,0,0,0,1,https://img.travel.rakuten.co.jp/image/tr/api/re/IdsCY/?f_no=173037&f_syu=f01&f_hi1=2026-05-04&f_hi2=2026-05-05&f_heya_su=1&f_otona_su=1&f_s1=0&f_s2=0&f_y1=0&f_y2=0&f_y3=0&f_y4=0&f_camp_id=4811492,0,2026-05-04,14200,14200,1,2026-05-04,seibu
146992,ファーストキャビン博多,https://img.travel.rakuten.co.jp/image/tr/api/re/pvonD/?f_no=146992,https://img.travel.rakuten.co.jp/image/tr/api/re/vFumt/?f_no=146992&f_flg=PLAN,,https://img.travel.rakuten.co.jp/image/tr/api/re/gJNfM/?f_hotel_no=146992,ふぁーすときゃびん　はかた,【全国旅行支援対象】地下鉄「中洲川端駅」直結の好立地！大浴場で疲れを癒せます。女性エリア完備！,4365,120925.34,469470.08,810-0801,福岡県,福岡市博多区中洲3-7-24　ｇａｔｅ’ｓ 8F,092-260-1852,092-260-1853,地下鉄空港線　中洲川端駅４番出口直結,駐車場無し・公共交通機関をご利用ください,中洲川端,https://img.travel.rakuten.co.jp/share/HOTEL/146992/146992.jpg,https://img.travel.rakuten.co.jp/HIMG/90/146992.jpg,https://img.travel.rakuten.co.jp/share/HOTEL/146992/146992_kan1.jpg,https://img.travel.rakuten.co.jp/HIMG/INTERIOR/146992.jpg,https://img.travel.rakuten.co.jp/share/HOTEL/146992/146992map.gif,983.0,3.99,"立地は繁華街の中で便利なのでしょうが、飲み歩かない身としてはインバウンドの方も多く香水臭…　2026-04-29 16:43:23投稿 <a href=""https://img.travel.rakuten.co.jp/image/tr/api/re/gJNfM/?f_hotel_no=146992"" class=""3click"">つづきはこちら</a>",sb,ビジネスクラスキャビン（男性専用・女性不可）,4434960.0,【男性限定】素泊まり☆スタンダードプラン,1,0,0,0,0,1,https://img.travel.rakuten.co.jp/image/tr/api/re/IdsCY/?f_no=146992&f_syu=sb&f_hi1=2026-05-04&f_hi2=2026-05-05&f_heya_su=1&f_otona_su=1&f_s1=0&f_s2=0&f_y1=0&f_y2=0&f_y3=0&f_y4=0&f_camp_id=4434960,0,2026-05-04,12800,12800,0,2026-05-04,seibu
539,博多エクセルホテル東急,https://img.travel.rakuten.co.jp/image/tr/api/re/pvonD/?f_no=539,https://img.travel.rakuten.co.jp/image/tr/api/re/vFumt/?f_no=539&f_flg=PLAN,https://img.travel.rakuten.co.jp/image/tr/api/re/WzozX/?noTomariHotel=539,https://img.travel.rakuten.co.jp/image/tr/api/re/gJNfM/?f_hotel_no=539,はかた　えくせるほてるとうきゅう,九州最大級の繁華街中洲に位置　中洲屋台街・博多や天神エリアも徒歩圏内,6680,120921.8,469467.01,810-0801,福岡県,福岡市博多区中洲4-6-7,092-262-0109,092-262-5578,福岡空港・ＪＲ博多駅から地下鉄で一本！　中洲川端駅4番出口より徒歩約2分,"先着順で有料駐車場有り/予約不可/1泊1,700円/ 高さ制限を越えるお車は近隣駐車場をご案内します",中洲川端,https://img.travel.rakuten.co.jp/share/HOTEL/539/539.jpg,https://img.travel.rakuten.co.jp/HIMG/90/539.jpg,https://img.travel.rakuten.co.jp/share/HOTEL/539/539_t.jpg,https://img.travel.rakuten.co.jp/HIMG/INTERIOR/539.jpg,https://img.travel.rakuten.co.jp/share/HOTEL/539/539map.gif,2033.0,4.15,"クチコミの詳細はこちらから　htt…　2026-05-02 01:41:08投稿 <a href=""https://img.travel.rakuten.co.jp/image/tr/api/re/gJNfM/?f_hotel_no=539"" class=""3click"">つづきはこちら</a>",free1,【禁煙】【1名】お部屋タイプおまかせ,6229251.0,【当日限定】素泊まりプラン！【1名1室お部屋タイプおまかせ】,1,0,0,0,0,1,https://img.travel.rakuten.co.jp/image/tr/api/re/JlnYS/?f_no=539&f_syu=free1&f_hi1=2026-05-04&f_hi2=2026-05-05&f_heya_su=1&f_otona_su=1&f_s1=0&f_s2=0&f_y1=0&f_y2=0&f_y3=0&f_y4=0&f_camp_id=6229251,2,2026-05-04,30000,30000,1,2026-05-04,seibu
178294,三井ガーデンホテル福岡中洲,https://img.travel.rakuten.co.jp/image/tr/api/re/pvonD/?f_no=178294,https://img.travel.rakuten.co.jp/image/tr/api/re/vFumt/?f_no=178294&f_flg=PLAN,https://img.travel.rakuten.co.jp/image/tr/api/re/WzozX/?noTomariHotel=178294,https://img.travel.rakuten.co.jp/image/tr/api/re/gJNfM/?f_hotel_no=178294,みついがーでんほてるふくおかなかす,地下鉄空港線中洲川端駅より徒歩約２分の好立地。最上階には大浴場をご用意♪,6440,120926.91,469463.85,810-0801,福岡県,福岡市博多区中洲5-5-1,092-263-5531,092-263-6631,地下鉄空港線　中洲川端駅中洲改札口2番出口より徒歩にて約２分,有り　24台　２，０００円（税込/泊）　先着順　 ※車両制限あり。詳細は公式HPをご確認ください。,中洲川端,https://img.travel.rakuten.co.jp/share/HOTEL/178294/178294.jpg,https://img.travel.rakuten.co.jp/HIMG/90/178294.jpg,,,https://img.travel.rakuten.co.jp/share/HOTEL/178294/178294map.gif,455.0,4.08,"QRチェックインできてスムーズでした、口コミで心配していたお風呂は19時台に行くと空いていて快適でした、シャンプーバーが7種類…　2026-03-24 17:29:25投稿 <a href=""https://img.travel.rakuten.co.jp/image/tr/api/re/gJNfM/?f_hotel_no=178294"" class=""3click"">つづきはこちら</a>",stdt2,スタンダードツイン（バスタブ）,6084288.0,【博多も天神も徒歩圏内♪大浴場で安らぎのひとときを】ベーシックプラン　＜素泊り＞,1,0,0,0,0,1,https://img.travel.rakuten.co.jp/image/tr/api/re/IdsCY/?f_no=178294&f_syu=stdt2&f_hi1=2026-05-04&f_hi2=2026-05-05&f_heya_su=1&f_otona_su=1&f_s1=0&f_s2=0&f_y1=0&f_y2=0&f_y3=0&f_y4=0&f_camp_id=6084288,0,2026-05-04,35805,35805,0,2026-05-04,seibu
192810,ザ・ゲートホテル福岡　ｂｙ　ＨＵＬＩＣ,https://img.travel.rakuten.co.jp/image/tr/api/re/pvonD/?f_no=192810,https://img.travel.rakuten.co.jp/image/tr/api/re/vFumt/?f_no=192810&f_flg=PLAN,https://img.travel.rakuten.co.jp/image/tr/api/re/WzozX/?noTomariHotel=192810,https://img.travel.rakuten.co.jp/image/tr/api/re/gJNfM/?f_hotel_no=192810,ざ・げーとほてるふくおかばいひゅーりっく,天神駅直結。最上階からは博多湾を一望。福岡をテーマにした空間で、九州の美食とともに特別な時をお届けします。,13107,120915.04,469439.69,810-0001,福岡県,福岡市中央区天神2-8-49,092-406-2605,092-406-2676,地下鉄空港線「天神」駅より直結。西改札出口を出て右手奥。,無し,天神,https://img.travel.rakuten.co.jp/share/HOTEL/192810/192810.jpg,https://img.travel.rakuten.co.jp/HIMG/90/192810.jpg,,,https://img.travel.rakuten.co.jp/share/HOTEL/192810/192810map.gif,82.0,4.46,"私が宿泊した部屋はシャワーブース…　2026-04-13 07:12:42投稿 <a href=""https://img.travel.rakuten.co.jp/image/tr/api/re/gJNfM/?f_hotel_no=192810"" class=""3click"">つづきはこちら</a>",ckn,Classy　クラッシー キング 禁煙,6074807.0,【天神駅直結】福岡の美食と観光を楽しむ特別な旅。 素泊まり,1,0,0,0,0,1,https://img.travel.rakuten.co.jp/image/tr/api/re/IdsCY/?f_no=192810&f_syu=ckn&f_hi1=2026-05-04&f_hi2=2026-05-05&f_heya_su=1&f_otona_su=1&f_s1=0&f_s2=0&f_y1=0&f_y2=0&f_y3=0&f_y4=0&f_camp_id=6074807,0,2026-05-04,100775,100775,0,2026-05-04,seibu
168795,変なホテル福岡　博多,https://img.travel.rakuten.co.jp/image/tr/api/re/pvonD/?f_no=168795,https://img.travel.rakuten.co.jp/image/tr/api/re/vFumt/?f_no=168795&f_flg=PLAN,https://img.travel.rakuten.co.jp/image/tr/api/re/WzozX/?noTomariHotel=168795,https://img.travel.rakuten.co.jp/image/tr/api/re/gJNfM/?f_hotel_no=168795,へんなほてるふくおか　はかた,2023年6月19日からラウンジOPEN！ドリンク・アルコール・朝食はご宿泊のお客様なら無料！人気の観光地も徒歩圏内！,5000,120926.9,469460.56,810-0801,福岡県,福岡市博多区中洲5-4-19,050-5576-8380,03-6695-6660,中洲川端駅より徒歩３分／天神駅より徒歩５分／福岡空港より電車で９分,"提携駐車場「Dパーキング中洲5丁目第一／第三／第六」24時間2,500円",中洲川端,https://img.travel.rakuten.co.jp/share/HOTEL/168795/168795.jpg,https://img.travel.rakuten.co.jp/HIMG/90/168795.jpg,https://img.travel.rakuten.co.jp/share/HOTEL/168795/168795_kan1.jpg,https://img.travel.rakuten.co.jp/HIMG/INTERIOR/168795.jpg,https://img.travel.rakuten.co.jp/share/HOTEL/168795/168795map.gif,965.0,4.24,"クチコミの詳細はこちらから　https://revi…　2026-05-02 22:32:52投稿 <a href=""https://img.travel.rakuten.co.jp/image/tr/api/re/gJNfM/?f_hotel_no=168795"" class=""3click"">つづきはこちら</a>",rsg,ReFaシングルルーム【禁煙】,6363423.0,「ReFa」ルームで美容体験！〈宿泊者限定ラウンジ利用無料〉,1,0,0,1,0,1,https://img.travel.rakuten.co.jp/image/tr/api/re/IdsCY/?f_no=168795&f_syu=rsg&f_hi1=2026-05-04&f_hi2=2026-05-05&f_heya_su=1&f_otona_su=1&f_s1=0&f_s2=0&f_y1=0&f_y2=0&f_y3=0&f_y4=0&f_camp_id=6363423,0,2026-05-04,31000,31000,0,2026-05-04,seibu
151071,ホテルニューガイア　ドーム前,https://img.travel.rakuten.co.jp/image/tr/api/re/pvonD/?f_no=151071,https://img.travel.rakuten.co.jp/image/tr/api/re/vFumt/?f_no=151071&f_flg=PLAN,https://img.travel.rakuten.co.jp/image/tr/api/re/WzozX/?noTomariHotel=151071,https://img.travel.rakuten.co.jp/image/tr/api/re/gJNfM/?f_hotel_no=151071,にゅーがいあ　どーむまえ,全客室にエアウィーヴ採用！宿泊者専用ラウンジではドリンク類が無料！スパークリングワインタイムもおススメ！,4475,120910.2,469333.0,810-0064,福岡県,福岡市中央区地行1-4-6,092-737-3901,092-737-3910,地下鉄空港線　唐人町駅より徒歩約５分！福岡空港、博多、天神にも地下鉄一本の好立地！,有り(先着5台予約不可)　車高1.55mまで(立体駐車場)　1000円(税込)／泊　※二輪駐輪場無し,唐人町,https://img.travel.rakuten.co.jp/share/HOTEL/151071/151071.jpg,https://img.travel.rakuten.co.jp/HIMG/90/151071.jpg,,,https://img.travel.rakuten.co.jp/share/HOTEL/151071/151071map.gif,656.0,4.27,"クチコミの詳細はこちらから　https://review.travel.rakuten.co.jp/hotel/voice…　2026-05-01 11:03:56投稿 <a href=""https://img.travel.rakuten.co.jp/image/tr/api/re/gJNfM/?f_hotel_no=151071"" class=""3click"">つづきはこちら</a>",rds,【電子タバコ可】★リニューアルダブル★,4476095.0,【キャンセル不可】確約STAYプラン【カード決済限定】,1,0,0,0,0,2,https://img.travel.rakuten.co.jp/image/tr/api/re/IdsCY/?f_no=151071&f_syu=rds&f_hi1=2026-05-04&f_hi2=2026-05-05&f_heya_su=1&f_otona_su=1&f_s1=0&f_s2=0&f_y1=0&f_y2=0&f_y3=0&f_y4=0&f_camp_id=4476095,0,2026-05-04,17300,17300,0,2026-05-04,seibu
9234,平和台ホテル天神,https://img.travel.rakuten.co.jp/image/tr/api/re/pvonD/?f_no=9234,https://img.travel.rakuten.co.jp/image/tr/api/re/vFumt/?f_no=9234&f_flg=PLAN,https://img.travel.rakuten.co.jp/image/tr/api/re/WzozX/?noTomariHotel=9234,https://img.travel.rakuten.co.jp/image/tr/api/re/gJNfM/?f_hotel_no=9234,へいわだいほてる　てんじん,地下鉄『天神駅』より徒歩10分！ビジネス・グルメにGoodな立地♪宿泊者の皆様におにぎり唐揚げセットの朝食付！,3400,120924.36,469422.01,810-0073,福岡県,福岡市中央区舞鶴1-5-6,092-737-1000,092-737-1003,地下鉄天神駅4番出口より徒歩約10分/福岡空港・博多駅より地下鉄で1本！天神バスセンターより徒歩12分,有り　8台　1500円/1泊（税込）※事前にお電話のご予約が必要です　TEL092-737-1000,西鉄福岡,https://img.travel.rakuten.co.jp/share/HOTEL/9234/9234.jpg,https://img.travel.rakuten.co.jp/HIMG/90/9234.jpg,https://img.travel.rakuten.co.jp/share/HOTEL/9234/9234_room.jpg,https://img.travel.rakuten.co.jp/HIMG/INTERIOR/9234.jpg,https://img.travel.rakuten.co.jp/share/HOTEL/9234/9234map.gif,1268.0,3.74,"おかげでコン…　2026-04-28 15:58:43投稿 <a href=""https://img.travel.rakuten.co.jp/image/tr/api/re/gJNfM/?f_hotel_no=9234"" class=""3click"">つづきはこちら</a>",sa-no,シングルルーム　★禁煙★　全室加湿空気清浄機　Wi-Fi無料,6231095.0,◆おにから朝食セット無料・サラダ・味噌汁・モーニングコーヒー無料◆男性はサウナ入り放題◆,1,0,0,1,0,1,https://img.travel.rakuten.co.jp/image/tr/api/re/IdsCY/?f_no=9234&f_syu=sa-no&f_hi1=2026-05-04&f_hi2=2026-05-05&f_heya_su=1&f_otona_su=1&f_s1=0&f_s2=0&f_y1=0&f_y2=0&f_y3=0&f_y4=0&f_camp_id=6231095,0,2026-05-04,20000,20000,0,2026-05-04,seibu
182563,コンフォートイン福岡天神,https://img.travel.rakuten.co.jp/image/tr/api/re/pvonD/?f_no=182563,https://img.travel.rakuten.co.jp/image/tr/api/re/vFumt/?f_no=182563&f_flg=PLAN,https://img.travel.rakuten.co.jp/image/tr/api/re/WzozX/?noTomariHotel=182563,https://img.travel.rakuten.co.jp/image/tr/api/re/gJNfM/?f_hotel_no=182563,こんふぉーといんふくおかてんじん,地下鉄空港線「天神」駅16番出口より徒約5分◆九州最大の繁華街「中洲屋台街」まで徒歩約7分◆小学6年生まで添い寝無料,4200,120910.27,469461.25,810-0001,福岡県,福岡市中央区天神1-2-1,092-711-2811,092-711-2812,天神南駅5番出口徒歩約1分◆天神駅16番出口徒歩約5分◆博多バスターミナルA・E・F乗り場より春吉停留所下車、徒歩約1分,"敷地内駐車場　身体障碍者用1台　1泊（15:00〜10:00）2,000円　先着順",天神,https://img.travel.rakuten.co.jp/share/HOTEL/182563/182563.jpg,https://img.travel.rakuten.co.jp/HIMG/90/182563.jpg,,,https://img.travel.rakuten.co.jp/share/HOTEL/182563/182563map.gif,426.0,3.99,"朝ごはんのコ…　2026-04-26 21:06:36投稿 <a href=""https://img.travel.rakuten.co.jp/image/tr/api/re/gJNfM/?f_hotel_no=182563"" class=""3click"">つづきはこちら</a>",nds,１ベッド◆ダブルスタンダード◆多機能シャワーブース浴室◆禁煙,5080242.0,自由きままな Comfort stay◆天神南駅から徒歩1分◆素泊まり,1,0,0,0,0,1,https://img.travel.rakuten.co.jp/image/tr/api/re/IdsCY/?f_no=182563&f_syu=nds&f_hi1=2026-05-04&f_hi2=2026-05-05&f_heya_su=1&f_otona_su=1&f_s1=0&f_s2=0&f_y1=0&f_y2=0&f_y3=0&f_y4=0&f_camp_id=5080242,0,2026-05-04,24000,24000,0,2026-05-04,seibu
72791,ホテルマイステイズ福岡天神,https://img.travel.rakuten.co.jp/image/tr/api/re/pvonD/?f_no=72791,https://img.travel.rakuten.co.jp/image/tr/api/re/vFumt/?f_no=72791&f_flg=PLAN,https://img.travel.rakuten.co.jp/image/tr/api/re/WzozX/?noTomariHotel=72791,https://img.travel.rakuten.co.jp/image/tr/api/re/gJNfM/?f_hotel_no=72791,まいすていずふくおかてんじん,福岡の中心 天神駅より徒歩5分とアクセス至便！くつろぎと快適さをお届けいたします。,3340,120920.66,469433.4,810-0001,福岡県,福岡市中央区天神3-5-7,092-687-1100,092-687-1102,地下鉄 天神駅の4番出口より徒歩5分 福岡空港から乗り換えなし10分。コンビニまで徒歩１分,敷地内駐車場は【コインパーキング】です。（※ご予約制ではございませんのでご了承ください）,天神,https://img.travel.rakuten.co.jp/share/HOTEL/72791/72791.jpg,https://img.travel.rakuten.co.jp/HIMG/90/72791.jpg,https://img.travel.rakuten.co.jp/share/HOTEL/72791/72791_room.jpg,https://img.travel.rakuten.co.jp/HIMG/INTERIOR/72791.jpg,https://img.travel.rakuten.co.jp/share/HOTEL/72791/72791map.gif,1930.0,4.27,"クチコミの詳細はこちらから　https://review.travel.rakuten.co.jp/hotel/voice/72791?reviewId=…　2026-04-03 16:47:29投稿 <a href=""https://img.travel.rakuten.co.jp/image/tr/api/re/gJNfM/?f_hotel_no=72791"" class=""3click"">つづきはこちら</a>",doans,□禁煙□スーペリアクイーン【17平米／ベッド幅163センチ】,3362446.0,【素泊まり / ベストレート】小学生のお子様まで【添い寝無料】,1,0,0,0,0,1,https://img.travel.rakuten.co.jp/image/tr/api/re/IdsCY/?f_no=72791&f_syu=doans&f_hi1=2026-05-04&f_hi2=2026-05-05&f_heya_su=1&f_otona_su=1&f_s1=0&f_s2=0&f_y1=0&f_y2=0&f_y3=0&f_y4=0&f_camp_id=3362446,0,2026-05-04,27090,27090,0,2026-05-04,seibu
67832,ザ・ワンファイブテラス福岡,https://img.travel.rakuten.co.jp/image/tr/api/re/pvonD/?f_no=67832,https://img.travel.rakuten.co.jp/image/tr/api/re/vFumt/?f_no=67832&f_flg=PLAN,https://img.travel.rakuten.co.jp/image/tr/api/re/WzozX/?noTomariHotel=67832,https://img.travel.rakuten.co.jp/image/tr/api/re/gJNfM/?f_hotel_no=67832,ざ　わんふぁいぶてらす　ふくおか,ご宿泊の皆さまをウェルカムサービスでおもてなし。博多の中心。 喧騒から一歩離れたエリアに建つ プライベートリゾート,4100,120910.25,469475.1,810-0003,福岡県,福岡市中央区春吉3-14-36,0570-075-015,092-726-6190,■地下鉄「中洲川端」駅1番出口より徒歩8分■地下鉄七隈線「天神南」駅6番出口より徒歩7分,駐車場あり(先着順・予約不可)  2500円/ 1泊,中洲川端,https://img.travel.rakuten.co.jp/share/HOTEL/67832/67832.jpg,https://img.travel.rakuten.co.jp/HIMG/90/67832.jpg,https://img.travel.rakuten.co.jp/share/HOTEL/67832/67832_kya.jpg,https://img.travel.rakuten.co.jp/HIMG/INTERIOR/67832.jpg,https://img.travel.rakuten.co.jp/share/HOTEL/67832/67832map.gif,2079.0,4.22,"クチコミの詳細はこちらから　https://review.travel.raku…　2026-04-22 11:12:42投稿 <a href=""https://img.travel.rakuten.co.jp/image/tr/api/re/gJNfM/?f_hotel_no=67832"" class=""3click"">つづきはこちら</a>",d2n,デラックスツイン,4921604.0,「ザ・ワンファイブ」ステイ（素泊まり）,1,0,0,0,0,1,https://img.travel.rakuten.co.jp/image/tr/api/re/IdsCY/?f_no=67832&f_syu=d2n&f_hi1=2026-05-04&f_hi2=2026-05-05&f_heya_su=1&f_otona_su=1&f_s1=0&f_s2=0&f_y1=0&f_y2=0&f_y3=0&f_y4=0&f_camp_id=4921604,0,2026-05-04,49920,49920,0,2026-05-04,seibu
183210,ＹＯＵ　ＳＴＹＬＥ　ＨＯＴＥＬ　ＨＡＫＡＴＡ,https://img.travel.rakuten.co.jp/image/tr/api/re/pvonD/?f_no=183210,https://img.travel.rakuten.co.jp/image/tr/api/re/vFumt/?f_no=183210&f_flg=PLAN,https://img.travel.rakuten.co.jp/image/tr/api/re/WzozX/?noTomariHotel=183210,https://img.travel.rakuten.co.jp/image/tr/api/re/gJNfM/?f_hotel_no=183210,ゆー　すたいる　ほてる　はかた,【全室禁煙】2021年10月　新築グランドオープン♪博多座の隣！中洲川端駅からも徒歩3分で便利な立地！,4550,120934.57,469470.12,812-0027,福岡県,福岡市博多区下川端町10-1,092-402-4433,092-402-4432,中洲川端駅より徒歩3分,"有(1,700円/泊)※ホテル内駐車場１台分のみ。※予約制のためホテルに直接お問い合わせください。",中洲川端,https://img.travel.rakuten.co.jp/share/HOTEL/183210/183210.jpg,https://img.travel.rakuten.co.jp/HIMG/90/183210.jpg,,,https://img.travel.rakuten.co.jp/share/HOTEL/183210/183210map.gif,260.0,4.24,"近くにセブン、ローソン、ファミマもあるし、人気ラーメン店もある。自分は仕事の出張で利用しましたが、観光拠点としても…　2026-05-02 05:32:22投稿 <a href=""https://img.travel.rakuten.co.jp/image/tr/api/re/gJNfM/?f_hotel_no=183210"" class=""3click"">つづきはこちら</a>",single1,セミダブルルーム,5238826.0,★楽天アワード2年連続受賞記念★【素泊まり】2021年10月グランドオープン！全室光触媒除菌導入,1,0,0,0,0,1,https://img.travel.rakuten.co.jp/image/tr/api/re/IdsCY/?f_no=183210&f_syu=single1&f_hi1=2026-05-04&f_hi2=2026-05-05&f_heya_su=1&f_otona_su=1&f_s1=0&f_s2=0&f_y1=0&f_y2=0&f_y3=0&f_y4=0&f_camp_id=5238826,0,2026-05-04,20700,20700,0,2026-05-04,seibu
176752,ザ・ミレニアルズ福岡（Ｔｈｅ　Ｍｉｌｌｅｎｎｉａｌｓ　福岡）,https://img.travel.rakuten.co.jp/image/tr/api/re/pvonD/?f_no=176752,https://img.travel.rakuten.co.jp/image/tr/api/re/vFumt/?f_no=176752&f_flg=PLAN,https://img.travel.rakuten.co.jp/image/tr/api/re/WzozX/?noTomariHotel=176752,https://img.travel.rakuten.co.jp/image/tr/api/re/gJNfM/?f_hotel_no=176752,ざ　みれにあるず　ふくおか,「スマートポッド」という未来型の宿泊体験。コワーキングスペース、ビリヤードに加え、夕方にはフリービール提供中！,5000,120925.76,469464.98,810-0801,福岡県,福岡市博多区中洲5-2-18,092-262-2009,092-262-1909,「THE LIVELY 福岡博多」内。地下鉄「中洲川端」駅2番出口より徒歩1分。天神・繁華街まで徒歩圏内。,"1,800円 予約不可。車種制限(車高1.6ｍ、車幅1.7ｍ)",中洲川端,https://img.travel.rakuten.co.jp/share/HOTEL/176752/176752.jpg,https://img.travel.rakuten.co.jp/HIMG/90/176752.jpg,https://img.travel.rakuten.co.jp/share/HOTEL/176752/176752_kan1.jpg,https://img.travel.rakuten.co.jp/HIMG/INTERIOR/176752.jpg,https://img.travel.rakuten.co.jp/share/HOTEL/176752/176752map.gif,125.0,3.87,"クチコミの詳細はこちらから　https://revie…　2026-03-25 09:04:51投稿 <a href=""https://img.travel.rakuten.co.jp/image/tr/api/re/gJNfM/?f_hotel_no=176752"" class=""3click"">つづきはこちら</a>",fo,スマートポッド - 女性専用,6420347.0,【女性専用エリア】人気美容アイテム体験！ビューティーステイ（素泊まり）,1,0,0,0,0,1,https://img.travel.rakuten.co.jp/image/tr/api/re/IdsCY/?f_no=176752&f_syu=fo&f_hi1=2026-05-04&f_hi2=2026-05-05&f_heya_su=1&f_otona_su=1&f_s1=0&f_s2=0&f_y1=0&f_y2=0&f_y3=0&f_y4=0&f_camp_id=6420347,0,2026-05-04,14000,14000,0,2026-05-04,seibu
181424,ＫＯＫＯ　ＨＯＴＥＬ　福岡天神,https://img.travel.rakuten.co.jp/image/tr/api/re/pvonD/?f_no=181424,https://img.travel.rakuten.co.jp/image/tr/api/re/vFumt/?f_no=181424&f_flg=PLAN,https://img.travel.rakuten.co.jp/image/tr/api/re/WzozX/?noTomariHotel=181424,https://img.travel.rakuten.co.jp/image/tr/api/re/gJNfM/?f_hotel_no=181424,ここほてる　ふくおかてんじん,天神南駅から徒歩4分。福岡の中心地天神に位置し、観光やグルメ、買物はもちろんビジネスにも最適！,5170,120900.93,469446.52,810-0021,福岡県,福岡市中央区今泉1-22-14,092-714-5445,092-714-5466,「天神南」駅より徒歩4分,無し,西鉄福岡,https://img.travel.rakuten.co.jp/share/HOTEL/181424/181424.jpg,https://img.travel.rakuten.co.jp/HIMG/90/181424.jpg,,,https://img.travel.rakuten.co.jp/share/HOTEL/181424/181424map.gif,285.0,4.05,"…　2026-04-23 22:33:15投稿 <a href=""https://img.travel.rakuten.co.jp/image/tr/api/re/gJNfM/?f_hotel_no=181424"" class=""3click"">つづきはこちら</a>",isd2ns,スタンダードダブル禁煙,4910992.0,KOKO シンプルプラン / 素泊り,1,0,0,0,0,1,https://img.travel.rakuten.co.jp/image/tr/api/re/IdsCY/?f_no=181424&f_syu=isd2ns&f_hi1=2026-05-04&f_hi2=2026-05-05&f_heya_su=1&f_otona_su=1&f_s1=0&f_s2=0&f_y1=0&f_y2=0&f_y3=0&f_y4=0&f_camp_id=4910992,0,2026-05-04,29000,29000,0,2026-05-04,seibu
3089,プラザホテルプルミエ,https://img.travel.rakuten.co.jp/image/tr/api/re/pvonD/?f_no=3089,https://img.travel.rakuten.co.jp/image/tr/api/re/vFumt/?f_no=3089&f_flg=PLAN,https://img.travel.rakuten.co.jp/image/tr/api/re/WzozX/?noTomariHotel=3089,https://img.travel.rakuten.co.jp/image/tr/api/re/gJNfM/?f_hotel_no=3089,ぷらざほてる　ぷるみえ,福岡の天神地区のホテル。出張や買物に最適！快適なデュベスタイル・Wi-Fi接続。,2340,120902.64,469432.81,810-0041,福岡県,福岡市中央区大名1-14-13,0570-076-633,092-734-7601,博多駅、福岡空港より地下鉄で1本。空港線天神駅3番出口より徒歩7分。七隈線天神南駅2番出口より徒歩8分。,駐車場あり(先着順・予約不可)  2500円/ 1泊,天神,https://img.travel.rakuten.co.jp/share/HOTEL/3089/3089.jpg,https://img.travel.rakuten.co.jp/HIMG/90/3089.jpg,https://img.travel.rakuten.co.jp/share/HOTEL/3089/3089_tui.jpg,https://img.travel.rakuten.co.jp/HIMG/INTERIOR/3089.jpg,https://img.travel.rakuten.co.jp/share/HOTEL/3089/3089map.gif,2865.0,3.76,"ク…　2026-04-30 18:21:28投稿 <a href=""https://img.travel.rakuten.co.jp/image/tr/api/re/gJNfM/?f_hotel_no=3089"" class=""3click"">つづきはこちら</a>",sdn,【禁煙】スーペリアダブル,4512043.0,「プルミエ」ステイ,1,0,0,0,0,1,https://img.travel.rakuten.co.jp/image/tr/api/re/IdsCY/?f_no=3089&f_syu=sdn&f_hi1=2026-05-04&f_hi2=2026-05-05&f_heya_su=1&f_otona_su=1&f_s1=0&f_s2=0&f_y1=0&f_y2=0&f_y3=0&f_y4=0&f_camp_id=4512043,0,2026-05-04,25740,25740,0,2026-05-04,seibu
182669,エスペリアホテル福岡中洲,https://img.travel.rakuten.co.jp/image/tr/api/re/pvonD/?f_no=182669,https://img.travel.rakuten.co.jp/image/tr/api/re/vFumt/?f_no=182669&f_flg=PLAN,https://img.travel.rakuten.co.jp/image/tr/api/re/WzozX/?noTomariHotel=182669,https://img.travel.rakuten.co.jp/image/tr/api/re/gJNfM/?f_hotel_no=182669,えすぺりあほてるふくおかなかす,美容機器ブランド【ＲｅＦａ】ヘアドライヤー・シャワーヘッド全客室導入◆全室バス（orシャワーブース）・洗面・トイレ独立◆,4320,120933.82,469463.56,812-0028,福岡県,福岡市博多区須崎町2-1,092-271-0077,092-271-0078,福岡市地下鉄　中洲川端駅　6番・7番出口　徒歩約3分,無し,中洲川端,https://img.travel.rakuten.co.jp/share/HOTEL/182669/182669.jpg,https://img.travel.rakuten.co.jp/HIMG/90/182669.jpg,,,https://img.travel.rakuten.co.jp/share/HOTEL/182669/182669map.gif,748.0,4.43,"立地や設備など申し分なかったのですが、部屋が2人で使用するには若…　2026-05-01 00:34:31投稿 <a href=""https://img.travel.rakuten.co.jp/image/tr/api/re/gJNfM/?f_hotel_no=182669"" class=""3click"">つづきはこちら</a>",ta,ツインA/全室禁煙,5104534.0,【素泊り】価格変動型の定番プラン！早期予約がお得♪ ,1,0,0,0,0,1,https://img.travel.rakuten.co.jp/image/tr/api/re/IdsCY/?f_no=182669&f_syu=ta&f_hi1=2026-05-04&f_hi2=2026-05-05&f_heya_su=1&f_otona_su=1&f_s1=0&f_s2=0&f_y1=0&f_y2=0&f_y3=0&f_y4=0&f_camp_id=5104534,0,2026-05-04,30600,30600,0,2026-05-04,seibu
178417,ザ・ワンファイブヴィラ福岡,https://img.travel.rakuten.co.jp/image/tr/api/re/pvonD/?f_no=178417,https://img.travel.rakuten.co.jp/image/tr/api/re/vFumt/?f_no=178417&f_flg=PLAN,https://img.travel.rakuten.co.jp/image/tr/api/re/WzozX/?noTomariHotel=178417,https://img.travel.rakuten.co.jp/image/tr/api/re/gJNfM/?f_hotel_no=178417,ざわんふぁいぶヴぃらふくおか,全室30平米以上、キングサイズダブルベッド、禁煙、バス・トイレ独立 / 天神・中洲・キャナルシティ徒歩圏内,6142,120910.98,469476.98,810-0003,福岡県,福岡市中央区春吉3-4-6,0570-005-015,092-731-2226,地下鉄空港線中洲川端駅1番出口より徒歩7分 / 地下鉄七隈線櫛田神社前駅1番出口より徒歩5分,無し ※敷地内に提携外コインパーキングがございます。（予約不可） ,中洲川端,https://img.travel.rakuten.co.jp/share/HOTEL/178417/178417.jpg,https://img.travel.rakuten.co.jp/HIMG/90/178417.jpg,https://img.travel.rakuten.co.jp/share/HOTEL/178417/178417_kan1.jpg,https://img.travel.rakuten.co.jp/HIMG/INTERIOR/178417.jpg,https://img.travel.rakuten.co.jp/share/HOTEL/178417/178417map.gif,192.0,4.25,"ですが、チェックインの際に接客して下さった方が部屋の装飾の事を…　2026-03-25 12:27:50投稿 <a href=""https://img.travel.rakuten.co.jp/image/tr/api/re/gJNfM/?f_hotel_no=178417"" class=""3click"">つづきはこちら</a>",dkt,デラックスキング リバーサイドバルコニー,4627093.0,「ザ・ワンファイブ」ステイ (素泊まり),1,0,0,0,0,1,https://img.travel.rakuten.co.jp/image/tr/api/re/IdsCY/?f_no=178417&f_syu=dkt&f_hi1=2026-05-04&f_hi2=2026-05-05&f_heya_su=1&f_otona_su=1&f_s1=0&f_s2=0&f_y1=0&f_y2=0&f_y3=0&f_y4=0&f_camp_id=4627093,0,2026-05-04,42480,42480,0,2026-05-04,seibu
1974,西鉄イン天神,https://img.travel.rakuten.co.jp/image/tr/api/re/pvonD/?f_no=1974,https://img.travel.rakuten.co.jp/image/tr/api/re/vFumt/?f_no=1974&f_flg=PLAN,https://img.travel.rakuten.co.jp/image/tr/api/re/WzozX/?noTomariHotel=1974,https://img.travel.rakuten.co.jp/image/tr/api/re/gJNfM/?f_hotel_no=1974,にしてついん　てんじん,福岡の繁華街・天神の中心に位置し、大名・中洲も歩いてスグ！天神屋台街まで徒歩1分、福岡を満喫できる駅近ホテル,5550,120895.53,469454.06,810-0004,福岡県,福岡市中央区渡辺通4-7-1,092-713-5454,092-713-5460,地下鉄七隈線(天神南-博多)延伸でアクセスがさらに便利に♪地下鉄（七隈線）天神南駅・中央改札口から徒歩約5分,1泊／1500円,西鉄福岡,https://img.travel.rakuten.co.jp/share/HOTEL/1974/1974.jpg,https://img.travel.rakuten.co.jp/HIMG/90/1974.jpg,https://img.travel.rakuten.co.jp/share/HOTEL/1974/1974_sgl.jpg,https://img.travel.rakuten.co.jp/HIMG/INTERIOR/1974.jpg,https://img.travel.rakuten.co.jp/share/HOTEL/1974/1974map.gif,2356.0,3.97,"全て聞き返して…　2026-04-27 21:58:58投稿 <a href=""https://img.travel.rakuten.co.jp/image/tr/api/re/gJNfM/?f_hotel_no=1974"" class=""3click"">つづきはこちら</a>",sssr,【喫煙】シングルルーム,5327736.0,【スタンダード】ビジネス・観光に抜群のロケーション！天神の駅近ホテル＜素泊り＞,1,0,0,0,0,2,https://img.travel.rakuten.co.jp/image/tr/api/re/IdsCY/?f_no=1974&f_syu=sssr&f_hi1=2026-05-04&f_hi2=2026-05-05&f_heya_su=1&f_otona_su=1&f_s1=0&f_s2=0&f_y1=0&f_y2=0&f_y3=0&f_y4=0&f_camp_id=5327736,0,2026-05-04,16900,16900,0,2026-05-04,seibu
187109,ザ　ロイヤルパーク　キャンバス　福岡中洲,https://img.travel.rakuten.co.jp/image/tr/api/re/pvonD/?f_no=187109,https://img.travel.rakuten.co.jp/image/tr/api/re/vFumt/?f_no=187109&f_flg=PLAN,https://img.travel.rakuten.co.jp/image/tr/api/re/WzozX/?noTomariHotel=187109,https://img.travel.rakuten.co.jp/image/tr/api/re/gJNfM/?f_hotel_no=187109,ざ　ろいやるぱーく　きゃんばす　ふくおかなかす,天神中心部にも近いアーバンリゾート。 博多川を望むテラス席を併設したキャンバスラウンジの他、大浴場やサウナ等をご用意。,9100,120929.56,469463.5,810-0801,福岡県,福岡市博多区中洲五丁目6番20号,092-291-1188,092-291-0666,福岡市地下鉄空港線「中洲川端駅」3番出口より徒歩約2分。ビジネスでもレジャーでも便利な立地です。,ホテル近隣のある提携駐車場をご案内しております。詳細につきましては宿ニュースをご確認ください。,中洲川端,https://img.travel.rakuten.co.jp/share/HOTEL/187109/187109.jpg,https://img.travel.rakuten.co.jp/HIMG/90/187109.jpg,,,https://img.travel.rakuten.co.jp/share/HOTEL/187109/187109map.gif,146.0,4.13,"何度も宿泊していますが朝食のブッフェに3種類から選べるメインディッシュがついてるのですが、メインディッシュを選んで伝えたのに、朝食を食べ終わるまで、できてきません…　2026-03-30 03:21:22投稿 <a href=""https://img.travel.rakuten.co.jp/image/tr/api/re/gJNfM/?f_hotel_no=187109"" class=""3click"">つづきはこちら</a>",rdd,スタンダードダブル【禁煙】,5645629.0,CANVAS STAY＜素泊り＞〜観光・ビジネスの拠点に！「中洲川端」駅より徒歩約2分 〜,1,0,0,0,0,1,https://img.travel.rakuten.co.jp/image/tr/api/re/IdsCY/?f_no=187109&f_syu=rdd&f_hi1=2026-05-04&f_hi2=2026-05-05&f_heya_su=1&f_otona_su=1&f_s1=0&f_s2=0&f_y1=0&f_y2=0&f_y3=0&f_y4=0&f_camp_id=5645629,0,2026-05-04,63750,63750,0,2026-05-04,seibu
179384,ホテルリブマックス博多中洲,https://img.travel.rakuten.co.jp/image/tr/api/re/pvonD/?f_no=179384,https://img.travel.rakuten.co.jp/image/tr/api/re/vFumt/?f_no=179384&f_flg=PLAN,https://img.travel.rakuten.co.jp/image/tr/api/re/WzozX/?noTomariHotel=179384,https://img.travel.rakuten.co.jp/image/tr/api/re/gJNfM/?f_hotel_no=179384,ほてるりぶまっくすはかたなかす,【2020年3月新築OPEN】中洲川端駅から徒歩２分！博多・天神徒歩圏内！,3485,120927.09,469461.09,810-0801,福岡県,福岡市博多区中洲5-4-21,092-273-0050,092-273-0051,地下鉄空港線・箱崎線　中州川端駅より徒歩にて約2分／地下鉄空港線　天神駅より徒歩にて約８分,近隣にコインパーキングあり　※提携はしておりません　満車の場合はご容赦下さい。,中洲川端,https://img.travel.rakuten.co.jp/share/HOTEL/179384/179384.jpg,https://img.travel.rakuten.co.jp/HIMG/90/179384.jpg,,,https://img.travel.rakuten.co.jp/share/HOTEL/179384/179384map.gif,278.0,3.67,"クチコミの詳細はこちらから　https://review.trave…　2026-04-18 22:21:25投稿 <a href=""https://img.travel.rakuten.co.jp/image/tr/api/re/gJNfM/?f_hotel_no=179384"" class=""3click"">つづきはこちら</a>",sb-bfn,【シングルルーム】喫煙/定員２名/１１平米/セミダブルベッド,5721642.0,【リブマックスセール】《15％OFF》ホテルリブマックス博多中洲【素泊り】,1,0,0,0,0,1,https://img.travel.rakuten.co.jp/image/tr/api/re/IdsCY/?f_no=179384&f_syu=sb-bfn&f_hi1=2026-05-04&f_hi2=2026-05-05&f_heya_su=1&f_otona_su=1&f_s1=0&f_s2=0&f_y1=0&f_y2=0&f_y3=0&f_y4=0&f_camp_id=5721642,0,2026-05-04,29750,29750,0,2026-05-04,seibu
1137,ヒルトン福岡シーホーク,https://img.travel.rakuten.co.jp/image/tr/api/re/pvonD/?f_no=1137,https://img.travel.rakuten.co.jp/image/tr/api/re/vFumt/?f_no=1137&f_flg=PLAN,https://img.travel.rakuten.co.jp/image/tr/api/re/WzozX/?noTomariHotel=1137,https://img.travel.rakuten.co.jp/image/tr/api/re/gJNfM/?f_hotel_no=1137,ひるとんふくおかしーほーく,みずほPayPayドーム福岡隣接。全室オーシャンビュー！専用ラウンジ特典付エグゼクティブフロアも魅力。,11203,120928.65,469306.24,810-8650,福岡県,福岡市中央区地行浜2-2-3,092-844-8111,092-844-7899,【バス】天神からW１番で１５分／博多駅から３０６番で３０分→ヒルトン福岡前下車 。,"有り 800台 １泊2,000円(予約不要。チェックイン前の駐車可能）",唐人町,https://img.travel.rakuten.co.jp/share/HOTEL/1137/1137.jpg,https://img.travel.rakuten.co.jp/HIMG/90/1137.jpg,https://img.travel.rakuten.co.jp/share/HOTEL/1137/1137_sgl.jpg,https://img.travel.rakuten.co.jp/HIMG/INTERIOR/1137.jpg,https://img.travel.rakuten.co.jp/share/HOTEL/1137/1137map.gif,4702.0,4.1,"以前もコンサートで宿泊した際にチェックインに時間がかかったことを予約時に伝えると時間予約制でチェックイン手続き出来る…　2026-04-29 21:33:14投稿 <a href=""https://img.travel.rakuten.co.jp/image/tr/api/re/gJNfM/?f_hotel_no=1137"" class=""3click"">つづきはこちら</a>",d1,ヒルトン ダブル（禁煙）,6356975.0,【博多湾オーシャンビュー】お子様連れも安心！6歳未満添い寝無料♪シンプルステイ（お部屋のみ）2026,1,0,0,0,0,1,https://img.travel.rakuten.co.jp/image/tr/api/re/IdsCY/?f_no=1137&f_syu=d1&f_hi1=2026-05-04&f_hi2=2026-05-05&f_heya_su=1&f_otona_su=1&f_s1=0&f_s2=0&f_y1=0&f_y2=0&f_y3=0&f_y4=0&f_camp_id=6356975,0,2026-05-04,53949,53949,0,2026-05-04,seibu
160839,Ｔｈｅ　ＢＲＥＡＫＦＡＳＴ　ＨＯＴＥＬ福岡天神,https://img.travel.rakuten.co.jp/image/tr/api/re/pvonD/?f_no=160839,https://img.travel.rakuten.co.jp/image/tr/api/re/vFumt/?f_no=160839&f_flg=PLAN,https://img.travel.rakuten.co.jp/image/tr/api/re/WzozX/?noTomariHotel=160839,https://img.travel.rakuten.co.jp/image/tr/api/re/gJNfM/?f_hotel_no=160839,ざ　ぶれっくふぁーすと　ほてるふくおかてんじん,【九州春香食材のイタリアン】BREAKFASTフェスタ 4月末まで,4275,120908.1,469469.4,810-0003,福岡県,福岡市中央区春吉3-23-32,050-1807-4878,092-737-4124,天神南駅6番出口より徒歩5分 　中洲川端駅1番出口より徒歩10分,"先着3台分1泊/2,000円 15時から翌朝11時まで 時間外1時間/500円 予約不可",西鉄福岡,https://img.travel.rakuten.co.jp/share/HOTEL/160839/160839.jpg,https://img.travel.rakuten.co.jp/HIMG/90/160839.jpg,,,https://img.travel.rakuten.co.jp/share/HOTEL/160839/160839map.gif,517.0,3.92,"…　2026-04-29 00:59:01投稿 <a href=""https://img.travel.rakuten.co.jp/image/tr/api/re/gJNfM/?f_hotel_no=160839"" class=""3click"">つづきはこちら</a>",b2,【禁煙室】スタンダードダブルルーム,4041954.0,【素泊りプラン】朝から健康＆美味しさ満点のBFHスムージーを無料でご提供♪天神南駅近く♪,1,0,0,0,0,1,https://img.travel.rakuten.co.jp/image/tr/api/re/IdsCY/?f_no=160839&f_syu=b2&f_hi1=2026-05-04&f_hi2=2026-05-05&f_heya_su=1&f_otona_su=1&f_s1=0&f_s2=0&f_y1=0&f_y2=0&f_y3=0&f_y4=0&f_camp_id=4041954,0,2026-05-04,25200,25200,0,2026-05-04,seibu
167056,Ｔｈｅ　ＢＲＥＡＫＦＡＳＴ　ＨＯＴＥＬ福岡中洲,https://img.travel.rakuten.co.jp/image/tr/api/re/pvonD/?f_no=167056,https://img.travel.rakuten.co.jp/image/tr/api/re/vFumt/?f_no=167056&f_flg=PLAN,https://img.travel.rakuten.co.jp/image/tr/api/re/WzozX/?noTomariHotel=167056,https://img.travel.rakuten.co.jp/image/tr/api/re/gJNfM/?f_hotel_no=167056,ざ　ぶれっくふぁーすと　ほてるふくおかなかす,23年 ACC総務大臣賞を受賞！【春香のBREAKFAST】桜鯛と筍と春フルーツフェア 4月末まで,4845,120924.69,469474.24,810-0801,福岡県,福岡市博多区中洲３丁目６－１９,050-1792-2444,092-291-4124,福岡市営地下鉄 空港線：博多駅経由 中洲川端駅まで4駅9分　中洲川端駅4番出口より徒歩2分,専用駐車場は設けておりません。車でお越しの方は周辺の有料駐車場を利用ください。,中洲川端,https://img.travel.rakuten.co.jp/share/HOTEL/167056/167056.jpg,https://img.travel.rakuten.co.jp/HIMG/90/167056.jpg,,,https://img.travel.rakuten.co.jp/share/HOTEL/167056/167056map.gif,550.0,4.01,"クチコミの詳細はこちらから　https://review.travel.rakuten.co.jp/hotel/voice/167056?reviewId=…　2026-05-02 16:23:20投稿 <a href=""https://img.travel.rakuten.co.jp/image/tr/api/re/gJNfM/?f_hotel_no=167056"" class=""3click"">つづきはこちら</a>",dn,【禁煙室】スタンダードダブルルーム,4203210.0,【素泊りプラン】朝から健康＆美味しさ満点のBFHスムージーを無料でご提供♪中洲川端駅近く！,1,0,0,0,0,1,https://img.travel.rakuten.co.jp/image/tr/api/re/IdsCY/?f_no=167056&f_syu=dn&f_hi1=2026-05-04&f_hi2=2026-05-05&f_heya_su=1&f_otona_su=1&f_s1=0&f_s2=0&f_y1=0&f_y2=0&f_y3=0&f_y4=0&f_camp_id=4203210,0,2026-05-04,30800,30800,0,2026-05-04,seibu
9230,平和台ホテル　ファイブ,https://img.travel.rakuten.co.jp/image/tr/api/re/pvonD/?f_no=9230,https://img.travel.rakuten.co.jp/image/tr/api/re/vFumt/?f_no=9230&f_flg=PLAN,https://img.travel.rakuten.co.jp/image/tr/api/re/WzozX/?noTomariHotel=9230,https://img.travel.rakuten.co.jp/image/tr/api/re/gJNfM/?f_hotel_no=9230,へいわだいほてる　ふぁいぶ,イベント盛りだくさんのみずほPayPayドーム福岡は徒歩で行ける便利な立地！近隣には居酒屋やコンビニ・スーパーもあります,2500,120908.63,469335.26,810-0054,福岡県,福岡市中央区今川1-4-2,092-732-5000,092-722-0181,地下鉄「唐人町」駅２番出口より徒歩1分（エレベーター利用の場合は7番出口より徒歩5分）,"有り　8台　平面駐車場をご希望の方は必ずお電話にてご予約ください。　料金：1,500円（税込／泊）",唐人町,https://img.travel.rakuten.co.jp/share/HOTEL/9230/9230.jpg,https://img.travel.rakuten.co.jp/HIMG/90/9230.jpg,https://img.travel.rakuten.co.jp/share/HOTEL/9230/9230_room.jpg,https://img.travel.rakuten.co.jp/HIMG/INTERIOR/9230.jpg,https://img.travel.rakuten.co.jp/share/HOTEL/9230/9230map.gif,976.0,3.65,"クチコミの詳細はこちらから　https://revi…　2026-05-01 12:56:25投稿 <a href=""https://img.travel.rakuten.co.jp/image/tr/api/re/gJNfM/?f_hotel_no=9230"" class=""3click"">つづきはこちら</a>",sdn,【セミダブル】　★禁煙★　全室加湿空気清浄機　Wi-Fi無料,6432804.0,【名物朝食】熱々ハンバーグ丼や明太子！〆のラーメンも揃う福岡満喫ビュッフェ＜朝食付＞,1,0,0,1,0,1,https://img.travel.rakuten.co.jp/image/tr/api/re/IdsCY/?f_no=9230&f_syu=sdn&f_hi1=2026-05-04&f_hi2=2026-05-05&f_heya_su=1&f_otona_su=1&f_s1=0&f_s2=0&f_y1=0&f_y2=0&f_y3=0&f_y4=0&f_camp_id=6432804,0,2026-05-04,18300,18300,0,2026-05-04,seibu
168796,東急ステイ福岡天神,https://img.travel.rakuten.co.jp/image/tr/api/re/pvonD/?f_no=168796,https://img.travel.rakuten.co.jp/image/tr/api/re/vFumt/?f_no=168796&f_flg=PLAN,https://img.travel.rakuten.co.jp/image/tr/api/re/WzozX/?noTomariHotel=168796,https://img.travel.rakuten.co.jp/image/tr/api/re/gJNfM/?f_hotel_no=168796,とうきゅう　すてい　ふくおか　てんじん,★楽天ブロンズアワード2023受賞☆小学生以下添い寝無料プランあり！全室洗濯乾燥機付！天神南駅から徒歩3分,5350,120909.97,469466.23,810-0003,福岡県,福岡市中央区春吉3-21-24,092-762-0109,092-762-0106,福岡空港より福岡市地下鉄空港線で5駅、地下鉄天神駅16番出口より徒歩7分/地下鉄七隈線天神南駅6番出口より徒歩3分,無。ホテル隣接のコインパーキング「トラストパーク春吉3丁目3」をご利用ください（提携駐車場無し）,博多,https://img.travel.rakuten.co.jp/share/HOTEL/168796/168796.jpg,https://img.travel.rakuten.co.jp/HIMG/90/168796.jpg,,,https://img.travel.rakuten.co.jp/share/HOTEL/168796/168796map.gif,817.0,4.21,クチコミの詳細はこちらから　https://review.travel.rakuten.co.jp/hotel/voice/168796?reviewId=33123476793116　2026-02-02 20:16:49投稿,wrn2new,レジデンシャルダブル【禁煙】19平米／洗濯機・ミニキッチン付,5461387.0,【スタンダードプラン】ビジネス＆観光の拠点に！洗濯乾燥機＆電子レンジ完備【1名】（素泊）,1,0,0,0,0,1,https://img.travel.rakuten.co.jp/image/tr/api/re/IdsCY/?f_no=168796&f_syu=wrn2new&f_hi1=2026-05-04&f_hi2=2026-05-05&f_heya_su=1&f_otona_su=1&f_s1=0&f_s2=0&f_y1=0&f_y2=0&f_y3=0&f_y4=0&f_camp_id=5461387,0,2026-05-04,47690,47690,0,2026-05-04,seibu
182484,ホテルオリエンタルエクスプレス福岡天神,https://img.travel.rakuten.co.jp/image/tr/api/re/pvonD/?f_no=182484,https://img.travel.rakuten.co.jp/image/tr/api/re/vFumt/?f_no=182484&f_flg=PLAN,https://img.travel.rakuten.co.jp/image/tr/api/re/WzozX/?noTomariHotel=182484,https://img.travel.rakuten.co.jp/image/tr/api/re/gJNfM/?f_hotel_no=182484,ほてるおりえんたるえくすぷれすふくおかてんじん,地下鉄空港線「天神駅」西1番出口より徒歩1分。★ビジネス・観光・paypayドーム・お買い物にアクセス抜群◎,6480,120920.0,469436.92,810-0001,福岡県,福岡市中央区天神3-3-14,092-401-1905,092-401-1906,地下鉄空港線「天神駅」西1番出口より徒歩1分,契約駐車場有（安国駐車場　17：00〜翌10：00　800円 　ホテルより徒歩3分）,天神,https://img.travel.rakuten.co.jp/share/HOTEL/182484/182484.jpg,https://img.travel.rakuten.co.jp/HIMG/90/182484.jpg,,,https://img.travel.rakuten.co.jp/share/HOTEL/182484/182484map.gif,304.0,3.52,"切…　2026-02-09 13:19:06投稿 <a href=""https://img.travel.rakuten.co.jp/image/tr/api/re/gJNfM/?f_hotel_no=182484"" class=""3click"">つづきはこちら</a>",uda1-2,■ユニバーサルダブル 19平米（禁煙・シモンズベッド）,5055768.0,【フレキシブルレート】出張や旅行におすすめ☆地下鉄天神駅西1番出口から徒歩1分（お部屋のみ）,1,0,0,0,0,1,https://img.travel.rakuten.co.jp/image/tr/api/re/IdsCY/?f_no=182484&f_syu=uda1-2&f_hi1=2026-05-04&f_hi2=2026-05-05&f_heya_su=1&f_otona_su=1&f_s1=0&f_s2=0&f_y1=0&f_y2=0&f_y3=0&f_y4=0&f_camp_id=5055768,0,2026-05-04,42000,42000,0,2026-05-04,seibu
182181,ホテルオリエンタルエクスプレス福岡中洲川端,https://img.travel.rakuten.co.jp/image/tr/api/re/pvonD/?f_no=182181,https://img.travel.rakuten.co.jp/image/tr/api/re/vFumt/?f_no=182181&f_flg=PLAN,https://img.travel.rakuten.co.jp/image/tr/api/re/WzozX/?noTomariHotel=182181,https://img.travel.rakuten.co.jp/image/tr/api/re/gJNfM/?f_hotel_no=182181,ほてるおりえんたるえくすぷれすふくおかなかすかわばた,2021年4月開業！VOD完備★空港・博多・天神・ドームへアクセス良好、山笠・ビジネス・レジャー・ライブに最適◎,3717,120934.99,469480.66,812-0025,福岡県,福岡市博多区店屋町6-26,092-402-2725,092-402-2726,福岡空港よりお車にて約15分。博多駅より地下鉄で約中洲川端駅7番出口より徒歩4分。,"有(8台) / 1泊につき1,500円（税込) /  事前予約不可 / 提携駐車場優待あり",中洲川端,https://img.travel.rakuten.co.jp/share/HOTEL/182181/182181.jpg,https://img.travel.rakuten.co.jp/HIMG/90/182181.jpg,,,https://img.travel.rakuten.co.jp/share/HOTEL/182181/182181map.gif,195.0,3.81,"クチコミの詳細はこちらから　https://review.travel.rakuten.co.jp/…　2026-03-28 13:13:19投稿 <a href=""https://img.travel.rakuten.co.jp/image/tr/api/re/gJNfM/?f_hotel_no=182181"" class=""3click"">つづきはこちら</a>",uda,■ユニバーサルダブル 20平米（禁煙・シャワーブースのみ）,6314920.0,【フレキシブルレート】動画見放題☆スマートTV全室完備＆中洲川端駅より徒歩4分（和洋朝食ブッフェ付）,1,0,0,1,0,1,https://img.travel.rakuten.co.jp/image/tr/api/re/IdsCY/?f_no=182181&f_syu=uda&f_hi1=2026-05-04&f_hi2=2026-05-05&f_heya_su=1&f_otona_su=1&f_s1=0&f_s2=0&f_y1=0&f_y2=0&f_y3=0&f_y4=0&f_camp_id=6314920,0,2026-05-04,39500,39500,0,2026-05-04,seibu
184468,ＨＯＴＥＬ　ＦＵＮ,https://img.travel.rakuten.co.jp/image/tr/api/re/pvonD/?f_no=184468,https://img.travel.rakuten.co.jp/image/tr/api/re/vFumt/?f_no=184468&f_flg=PLAN,https://img.travel.rakuten.co.jp/image/tr/api/re/WzozX/?noTomariHotel=184468,https://img.travel.rakuten.co.jp/image/tr/api/re/gJNfM/?f_hotel_no=184468,ほてる　ふぁん,福岡の中心でお手頃価格で宿泊。ビジネス・観光に最適なアクセス・好立地が魅力,2900,120896.03,469450.63,810-0021,福岡県,福岡市中央区今泉1-9-2 天神ダイヨシビル3F,092-791-7779,092-791-7779,天神駅　南出口より徒歩5分,駐車場はございませんので近隣のコインパーキングをご利用くださいませ,天神,https://img.travel.rakuten.co.jp/share/HOTEL/184468/184468.jpg,https://img.travel.rakuten.co.jp/HIMG/90/184468.jpg,,,https://img.travel.rakuten.co.jp/share/HOTEL/184468/184468map.gif,59.0,4.0,"クチコミの詳細はこちらから　https://review.travel.ra…　2026-04-28 12:46:09投稿 <a href=""https://img.travel.rakuten.co.jp/image/tr/api/re/gJNfM/?f_hotel_no=184468"" class=""3click"">つづきはこちら</a>",p1,大人1~2名様まで(お子様不可),6091606.0,【事前決済でお得に！素泊まり】IN 15~24時まで,1,0,0,0,0,2,https://img.travel.rakuten.co.jp/image/tr/api/re/IdsCY/?f_no=184468&f_syu=p1&f_hi1=2026-05-04&f_hi2=2026-05-05&f_heya_su=1&f_otona_su=1&f_s1=0&f_s2=0&f_y1=0&f_y2=0&f_y3=0&f_y4=0&f_camp_id=6091606,0,2026-05-04,12800,12800,0,2026-05-04,seibu
201,アークホテルロイヤル福岡天神　－ルートインホテルズ－,https://img.travel.rakuten.co.jp/image/tr/api/re/pvonD/?f_no=201,https://img.travel.rakuten.co.jp/image/tr/api/re/vFumt/?f_no=201&f_flg=PLAN,https://img.travel.rakuten.co.jp/image/tr/api/re/WzozX/?noTomariHotel=201,https://img.travel.rakuten.co.jp/image/tr/api/re/gJNfM/?f_hotel_no=201,あーくほてるろいやるふくおかてんじん,■地下鉄 天神駅より徒歩6分■福岡名物を数多く取り揃えた 和洋朝食バイキングが好評■緑広がる都会のオアシス！,4040,120927.19,469434.77,810-0001,福岡県,福岡市中央区天神3-13-20,092-724-2222,092-724-2211,地下鉄「天神駅」から徒歩６分。ＪＲ「博多駅」から車で10分。福岡市都市高速天神北ランプ）降りてすぐ,安国駐車場　17:00〜翌10:00　￥800  ,天神,https://img.travel.rakuten.co.jp/share/HOTEL/201/201.jpg,https://img.travel.rakuten.co.jp/HIMG/90/201.jpg,https://img.travel.rakuten.co.jp/share/HOTEL/201/201_room.jpg,https://img.travel.rakuten.co.jp/HIMG/INTERIOR/201.jpg,https://img.travel.rakuten.co.jp/share/HOTEL/201/201map.gif,1766.0,4.2,"朝のバイキングは、いか…　2026-05-01 08:25:21投稿 <a href=""https://img.travel.rakuten.co.jp/image/tr/api/re/gJNfM/?f_hotel_no=201"" class=""3click"">つづきはこちら</a>",sw,◇セミダブル（禁煙） １５．５平米 ベッド幅１２０ｃｍ,5743035.0,【事前カード決済限定】天神や博多観光の拠点に★3，000冊のコミックコーナー有＜食事無し＞,1,0,0,0,0,2,https://img.travel.rakuten.co.jp/image/tr/api/re/IdsCY/?f_no=201&f_syu=sw&f_hi1=2026-05-04&f_hi2=2026-05-05&f_heya_su=1&f_otona_su=1&f_s1=0&f_s2=0&f_y1=0&f_y2=0&f_y3=0&f_y4=0&f_camp_id=5743035,0,2026-05-04,21560,21560,0,2026-05-04,seibu
164644,ＷｅＢａｓｅ博多　ホステル,https://img.travel.rakuten.co.jp/image/tr/api/re/pvonD/?f_no=164644,https://img.travel.rakuten.co.jp/image/tr/api/re/vFumt/?f_no=164644&f_flg=PLAN,https://img.travel.rakuten.co.jp/image/tr/api/re/WzozX/?noTomariHotel=164644,https://img.travel.rakuten.co.jp/image/tr/api/re/gJNfM/?f_hotel_no=164644,うぃーべーすはかた　ほすてる,【立地に自信あり】【無料朝食】【清潔度◎】大好評！広々ラウンジは24H寛げ、自炊もOK！,4060,120932.4,469478.37,812-0025,福岡県,福岡市博多区店屋町5-9,092-292-2322,092-292-2305,中洲川端「7番出口」より徒歩3分！中洲繁華街まで徒歩5分◆天神1駅(徒歩10分)◆博多2駅◆空港4駅,"紙与パーキング（立駐駐車場）：15時〜翌12時  1,300円 ※徒歩3分",中洲川端,https://img.travel.rakuten.co.jp/share/HOTEL/164644/164644.jpg,https://img.travel.rakuten.co.jp/HIMG/90/164644.jpg,https://img.travel.rakuten.co.jp/share/HOTEL/164644/164644_kan.jpg,https://img.travel.rakuten.co.jp/HIMG/INTERIOR/164644.jpg,https://img.travel.rakuten.co.jp/share/HOTEL/164644/164644map.gif,259.0,4.0,"ライブの参戦のために宿泊先を探しており、たまたま確保出来た宿泊先でしたが、非常に満足しました!チェックイン前、チェックアウト後(宿泊日規定時間内)にも荷物を預か…　2026-04-29 20:55:48投稿 <a href=""https://img.travel.rakuten.co.jp/image/tr/api/re/gJNfM/?f_hotel_no=164644"" class=""3click"">つづきはこちら</a>",202005152,【個室】キングルーム（洗面台・TV付／シャワー・トイレ共用）,5453313.0,【迷ったらこれ】朝食付スタンダードプラン｜清潔感が自慢のホステル＜共用シャワー・トイレ＞,1,0,0,1,0,2,https://img.travel.rakuten.co.jp/image/tr/api/re/IdsCY/?f_no=164644&f_syu=202005152&f_hi1=2026-05-04&f_hi2=2026-05-05&f_heya_su=1&f_otona_su=1&f_s1=0&f_s2=0&f_y1=0&f_y2=0&f_y3=0&f_y4=0&f_camp_id=5453313,0,2026-05-04,24670,24670,0,2026-05-04,seibu
130510,ヒルトップリゾート　福岡,https://img.travel.rakuten.co.jp/image/tr/api/re/pvonD/?f_no=130510,https://img.travel.rakuten.co.jp/image/tr/api/re/vFumt/?f_no=130510&f_flg=PLAN,https://img.travel.rakuten.co.jp/image/tr/api/re/WzozX/?noTomariHotel=130510,https://img.travel.rakuten.co.jp/image/tr/api/re/gJNfM/?f_hotel_no=130510,ひるとっぷりぞーと　ふくおか,福岡市街を一望できる絶好のロケーション。ヒルトップスパ＆男女別大浴場＆Wi-Fi完備,11200,120849.91,469386.21,810-0032,福岡県,福岡市中央区輝国1-1-33,092-771-2131,092-771-8888,■福岡空港より車で30分■博多駅より車で15分/バス（58番で20分、56・57番で40分）■桜坂駅より徒歩で15分,有り　46台　無料　,,https://img.travel.rakuten.co.jp/share/HOTEL/130510/130510.jpg,https://img.travel.rakuten.co.jp/HIMG/90/130510.jpg,https://img.travel.rakuten.co.jp/share/HOTEL/130510/130510_kya.jpg,https://img.travel.rakuten.co.jp/HIMG/INTERIOR/130510.jpg,https://img.travel.rakuten.co.jp/share/HOTEL/130510/130510map.gif,243.0,4.38,"晩御飯の和食がとても美味しくて、泊まりじゃな…　2026-02-25 15:58:16投稿 <a href=""https://img.travel.rakuten.co.jp/image/tr/api/re/gJNfM/?f_hotel_no=130510"" class=""3click"">つづきはこちら</a>",hup,スタンダードツイン マウンテンビュー(洋室),5783765.0,ベーシックステイプラン≪お部屋のみ≫,1,0,0,0,0,1,https://img.travel.rakuten.co.jp/image/tr/api/re/IdsCY/?f_no=130510&f_syu=hup&f_hi1=2026-05-04&f_hi2=2026-05-05&f_heya_su=1&f_otona_su=1&f_s1=0&f_s2=0&f_y1=0&f_y2=0&f_y3=0&f_y4=0&f_camp_id=5783765,0,2026-05-04,39200,39200,0,2026-05-04,seibu
183253,ＵＮＰＬＡＮ　Ｆｕｋｕｏｋａ,https://img.travel.rakuten.co.jp/image/tr/api/re/pvonD/?f_no=183253,https://img.travel.rakuten.co.jp/image/tr/api/re/vFumt/?f_no=183253&f_flg=PLAN,,https://img.travel.rakuten.co.jp/image/tr/api/re/gJNfM/?f_hotel_no=183253,あんぷらん　ふくおか,【大濠公園駅から徒歩１分】コンビニまで徒歩約30秒、PayPayドームまでのアクセス抜群◎長期滞在にも人気なホステル！,3811,120913.53,469376.25,810-0074,福岡県,福岡市中央区大手門3-4-1,092-406-7704,092-406-7704,■福岡空港より空港線の大濠公園駅下車 4番出口から徒歩1分  ■PayPayドームまでバスで９分,提携の駐車場はございません。近隣の駐車場をご利用ください。,大濠公園,https://img.travel.rakuten.co.jp/share/HOTEL/183253/183253.jpg,https://img.travel.rakuten.co.jp/HIMG/90/183253.jpg,,,https://img.travel.rakuten.co.jp/share/HOTEL/183253/183253map.gif,128.0,3.96,"清掃もしっかり行き届いており、1階ではチェックインまでの時間や外に出るまでの時間に軽食を取…　2026-04-07 16:39:44投稿 <a href=""https://img.travel.rakuten.co.jp/image/tr/api/re/gJNfM/?f_hotel_no=183253"" class=""3click"">つづきはこちら</a>",pod,男女共用PODルーム(シングルドミトリー),5241271.0,【返金不可】【無料朝食付き】ドミトリー・PODルーム★大濠公園駅から徒歩１分◎,1,0,0,0,0,2,https://img.travel.rakuten.co.jp/image/tr/api/re/IdsCY/?f_no=183253&f_syu=pod&f_hi1=2026-05-04&f_hi2=2026-05-05&f_heya_su=1&f_otona_su=1&f_s1=0&f_s2=0&f_y1=0&f_y2=0&f_y3=0&f_y4=0&f_camp_id=5241271,0,2026-05-04,13398,13398,0,2026-05-04,seibu
181253,ホテルリブマックス福岡天神ＷＥＳＴ,https://img.travel.rakuten.co.jp/image/tr/api/re/pvonD/?f_no=181253,https://img.travel.rakuten.co.jp/image/tr/api/re/vFumt/?f_no=181253&f_flg=PLAN,https://img.travel.rakuten.co.jp/image/tr/api/re/WzozX/?noTomariHotel=181253,https://img.travel.rakuten.co.jp/image/tr/api/re/gJNfM/?f_hotel_no=181253,りぶまっくす　ふくおかてんじん　うえすと,2020年9月グランドオープン！♪赤坂駅徒歩約３分！電子レンジ付ホテル♪,2975,120912.6,469416.5,810-0041,福岡県,福岡市中央区大名2-11-23,092-717-2250,092-717-2251,地下鉄空港線　赤坂駅より徒歩にて約３分,無し　近隣のコインパーキングをご利用ください※当ホテル隣のテナント様の駐車場はご利用頂けません,赤坂（福岡）,https://img.travel.rakuten.co.jp/share/HOTEL/181253/181253.jpg,https://img.travel.rakuten.co.jp/HIMG/90/181253.jpg,,,https://img.travel.rakuten.co.jp/share/HOTEL/181253/181253map.gif,250.0,3.38,"クチコミの詳…　2026-04-10 09:19:16投稿 <a href=""https://img.travel.rakuten.co.jp/image/tr/api/re/gJNfM/?f_hotel_no=181253"" class=""3click"">つづきはこちら</a>",sin-kitsu,★シングルルーム★喫煙★セミダブルベッド,5741409.0, 【リブマックスセール】《15％OFF》ホテルリブマックス福岡天神ＷＥＳＴ【素泊り】,1,0,0,0,0,1,https://img.travel.rakuten.co.jp/image/tr/api/re/IdsCY/?f_no=181253&f_syu=sin-kitsu&f_hi1=2026-05-04&f_hi2=2026-05-05&f_heya_su=1&f_otona_su=1&f_s1=0&f_s2=0&f_y1=0&f_y2=0&f_y3=0&f_y4=0&f_camp_id=5741409,0,2026-05-04,28050,28050,0,2026-05-04,seibu
191620,９ＨＯＴＥＬ　Ｔｅｎｊｉｎ,https://img.travel.rakuten.co.jp/image/tr/api/re/pvonD/?f_no=191620,https://img.travel.rakuten.co.jp/image/tr/api/re/vFumt/?f_no=191620&f_flg=PLAN,,https://img.travel.rakuten.co.jp/image/tr/api/re/gJNfM/?f_hotel_no=191620,ないんほてる　てんじん,２０２４年春グランドオープン！サウナでととのうホテル！専用サウナ付き客室もあります。,7200,120900.28,469480.19,810-0003,福岡県,福岡市中央区春吉2-2-32,092-406-5151,092-263-5020,地下鉄七隈線天神南駅 徒歩約１０分、櫛田神社前駅徒歩約10分,無し,薬院,https://img.travel.rakuten.co.jp/share/HOTEL/191620/191620.jpg,https://img.travel.rakuten.co.jp/HIMG/90/191620.jpg,,,https://img.travel.rakuten.co.jp/share/HOTEL/191620/191620map.gif,7.0,4.8,,004,デラックスクイーン(専用サウナ付き),5919525.0,【スタンダードプラン】2024年5月24日グランドオープン！軽朝食付き♪,1,0,0,0,0,1,https://img.travel.rakuten.co.jp/image/tr/api/re/IdsCY/?f_no=191620&f_syu=004&f_hi1=2026-05-04&f_hi2=2026-05-05&f_heya_su=1&f_otona_su=1&f_s1=0&f_s2=0&f_y1=0&f_y2=0&f_y3=0&f_y4=0&f_camp_id=5919525,0,2026-05-04,44000,44000,0,2026-05-04,seibu
31929,ニッセイホテル福岡,https://img.travel.rakuten.co.jp/image/tr/api/re/pvonD/?f_no=31929,https://img.travel.rakuten.co.jp/image/tr/api/re/vFumt/?f_no=31929&f_flg=PLAN,https://img.travel.rakuten.co.jp/image/tr/api/re/WzozX/?noTomariHotel=31929,https://img.travel.rakuten.co.jp/image/tr/api/re/gJNfM/?f_hotel_no=31929,にっせいほてるふくおか,◆駅から徒歩で4分の好立地◆福岡へのご旅行＆ご出張にお勧め～♪,5440,120910.87,469405.32,810-0042,福岡県,福岡市中央区赤坂1-15-31,092-732-0900,092-732-0909,地下鉄赤坂駅から徒歩4分。,無　(当館の3軒隣に一般のコインパーキング有、24時間で1400円、各自様でご利用頂いております。),赤坂（福岡）,https://img.travel.rakuten.co.jp/share/HOTEL/31929/31929.jpg,https://img.travel.rakuten.co.jp/HIMG/90/31929.jpg,https://img.travel.rakuten.co.jp/share/HOTEL/31929/31929_r1.jpg,https://img.travel.rakuten.co.jp/HIMG/INTERIOR/31929.jpg,https://img.travel.rakuten.co.jp/share/HOTEL/31929/31929map.gif,1196.0,3.23,"ドアは自動ロックではないので、鍵は逆に大切かも…　2026-04-26 06:17:45投稿 <a href=""https://img.travel.rakuten.co.jp/image/tr/api/re/gJNfM/?f_hotel_no=31929"" class=""3click"">つづきはこちら</a>",dd1,【喫煙】ダブル（2名利用）,6455561.0,【素泊まり_★返金不可★】シンプルステイプラン♪,1,0,0,0,0,2,https://img.travel.rakuten.co.jp/image/tr/api/re/IdsCY/?f_no=31929&f_syu=dd1&f_hi1=2026-05-04&f_hi2=2026-05-05&f_heya_su=1&f_otona_su=1&f_s1=0&f_s2=0&f_y1=0&f_y2=0&f_y3=0&f_y4=0&f_camp_id=6455561,0,2026-05-04,18810,18810,1,2026-05-04,seibu
136126,シーサイドホテルツインズももち,https://img.travel.rakuten.co.jp/image/tr/api/re/pvonD/?f_no=136126,https://img.travel.rakuten.co.jp/image/tr/api/re/vFumt/?f_no=136126&f_flg=PLAN,https://img.travel.rakuten.co.jp/image/tr/api/re/WzozX/?noTomariHotel=136126,https://img.travel.rakuten.co.jp/image/tr/api/re/gJNfM/?f_hotel_no=136126,しーさいどほてるついんずももち,☆福岡Ｐａｙ　Ｐａｙドームは徒歩約７分の距離で、野球観戦・コンサート時には好立地！近郊には福岡タワーもございます☆,4400,120919.91,469289.03,814-0001,福岡県,福岡市早良区百道浜1-7-4,092-822-5001,092-847-3110,博多駅よりバスで約30分・天神よりバスで約20分・最寄下車バス停「医師会館ソフトリサーチパーク」前より徒歩約1分,無し　近隣に提携外コインパーキングあり,,https://img.travel.rakuten.co.jp/share/HOTEL/136126/136126.jpg,https://img.travel.rakuten.co.jp/HIMG/90/136126.jpg,https://img.travel.rakuten.co.jp/share/HOTEL/136126/136126_kya.jpg,https://img.travel.rakuten.co.jp/HIMG/INTERIOR/136126.jpg,https://img.travel.rakuten.co.jp/share/HOTEL/136126/136126map.gif,536.0,3.89,"会場まで近くて歩いて行けたので良かったです。ただ、室内は床にガムテープが貼ってあってびっくりでした。せめてカーペ…　2026-03-28 00:53:06投稿 <a href=""https://img.travel.rakuten.co.jp/image/tr/api/re/gJNfM/?f_hotel_no=136126"" class=""3click"">つづきはこちら</a>",s,スタンダードシングルルーム◆喫煙◆広さ１５平米,2901767.0,【訳あり】ノーマイカー素泊まりプラン,1,0,0,0,0,1,https://img.travel.rakuten.co.jp/image/tr/api/re/IdsCY/?f_no=136126&f_syu=s&f_hi1=2026-05-04&f_hi2=2026-05-05&f_heya_su=1&f_otona_su=1&f_s1=0&f_s2=0&f_y1=0&f_y2=0&f_y3=0&f_y4=0&f_camp_id=2901767,0,2026-05-04,14300,14300,0,2026-05-04,seibu
196680,クインテッサホテル福岡渡辺通　Ｃｏｍｉｃ＆Ｂｏｏｋｓ,https://img.travel.rakuten.co.jp/image/tr/api/re/pvonD/?f_no=196680,https://img.travel.rakuten.co.jp/image/tr/api/re/vFumt/?f_no=196680&f_flg=PLAN,,https://img.travel.rakuten.co.jp/image/tr/api/re/gJNfM/?f_hotel_no=196680,くいんてっさほてるふくおかわたなべどおりこみっくあんどぶっくす,ホテル自慢の”MANGA Library”で時間を忘れるほどの非日常をご体感ください。,2790,120879.13,469483.94,810-0005,福岡県,福岡市中央区清川2-6-23,092-401-1211,--,七隈線渡辺通駅 2番出口より徒歩9分。天神エリアから徒歩圏内の好立地,"有：料金1,500円 ※先着順",博多,https://img.travel.rakuten.co.jp/share/HOTEL/196680/196680.jpg,https://img.travel.rakuten.co.jp/HIMG/90/196680.jpg,,,https://img.travel.rakuten.co.jp/share/HOTEL/196680/196680map.gif,56.0,4.02,"…　2026-03-24 17:53:23投稿 <a href=""https://img.travel.rakuten.co.jp/image/tr/api/re/gJNfM/?f_hotel_no=196680"" class=""3click"">つづきはこちら</a>",cab,キャビン［男性専用］,6250821.0,【スタンダードプラン】キャビンはビジネスや一人旅に最適！福岡ステイの拠点に（素泊まり）,1,0,0,0,0,1,https://img.travel.rakuten.co.jp/image/tr/api/re/IdsCY/?f_no=196680&f_syu=cab&f_hi1=2026-05-04&f_hi2=2026-05-05&f_heya_su=1&f_otona_su=1&f_s1=0&f_s2=0&f_y1=0&f_y2=0&f_y3=0&f_y4=0&f_camp_id=6250821,0,2026-05-04,20100,20100,0,2026-05-04,seibu
182097,ｌｙｆ　Ｔｅｎｊｉｎ　Ｆｕｋｕｏｋａ（ライフ天神福岡）,https://img.travel.rakuten.co.jp/image/tr/api/re/pvonD/?f_no=182097,https://img.travel.rakuten.co.jp/image/tr/api/re/vFumt/?f_no=182097&f_flg=PLAN,https://img.travel.rakuten.co.jp/image/tr/api/re/WzozX/?noTomariHotel=182097,https://img.travel.rakuten.co.jp/image/tr/api/re/gJNfM/?f_hotel_no=182097,らいふ　てんじん　ふくおか,【空港線 天神駅から徒歩圏内】おしゃれな映えホテル！ 無料コワーキングスペース＆テラス付きラウンジ24時間OPEN,4084,120893.4,469449.5,810-0021,福岡県,福岡市中央区今泉1-2-13 レソラ今泉テラス3F,092-753-8695,092-753-8696,西鉄天神大牟田線   福岡天神駅 徒歩 6 分 / 福岡市地下鉄七隈線 天神南駅または薬院駅 徒歩 5 分,無し,西鉄福岡,https://img.travel.rakuten.co.jp/share/HOTEL/182097/182097.jpg,https://img.travel.rakuten.co.jp/HIMG/90/182097.jpg,,,https://img.travel.rakuten.co.jp/share/HOTEL/182097/182097map.gif,197.0,4.02,"クチコミの詳細はこちらから　https://review.travel.rakuten.co.jp/hotel/voice/182097?…　2026-04-06 18:17:30投稿 <a href=""https://img.travel.rakuten.co.jp/image/tr/api/re/gJNfM/?f_hotel_no=182097"" class=""3click"">つづきはこちら</a>",1kind,スタジオダブル（ワン オブ ア カインド）【禁煙】,5902020.0,返金不可料金,1,0,0,0,0,2,https://img.travel.rakuten.co.jp/image/tr/api/re/IdsCY/?f_no=182097&f_syu=1kind&f_hi1=2026-05-04&f_hi2=2026-05-05&f_heya_su=1&f_otona_su=1&f_s1=0&f_s2=0&f_y1=0&f_y2=0&f_y3=0&f_y4=0&f_camp_id=5902020,0,2026-05-04,21784,21784,0,2026-05-04,seibu
2772,ソラリア西鉄ホテル福岡,https://img.travel.rakuten.co.jp/image/tr/api/re/pvonD/?f_no=2772,https://img.travel.rakuten.co.jp/image/tr/api/re/vFumt/?f_no=2772&f_flg=PLAN,https://img.travel.rakuten.co.jp/image/tr/api/re/WzozX/?noTomariHotel=2772,https://img.travel.rakuten.co.jp/image/tr/api/re/gJNfM/?f_hotel_no=2772,そらりあにしてつほてるふくおか,【天神の中心で福岡を満喫】全室洗い場付きバスルームで快適ステイ♪こだわりの家具と灯りの中で過ごす非日常のひととき,17300,120908.33,469443.08,810-0001,福岡県,福岡市中央区天神2-2-43,092-761-6500,092-781-1211,バスセンター直結、地下鉄「天神駅」5番(もしくは6A番)出口から徒歩5分。ソラリアプラザ館内にホテルがあります。,"2,000円/1泊1台  ※「ソラリア西鉄ホテル地下駐車場」もしくは、「ソラリアターミナル駐車場」",西鉄福岡,https://img.travel.rakuten.co.jp/share/HOTEL/2772/2772.jpg,https://img.travel.rakuten.co.jp/HIMG/90/2772.jpg,https://img.travel.rakuten.co.jp/share/HOTEL/2772/2772_twin.jpg,https://img.travel.rakuten.co.jp/HIMG/INTERIOR/2772.jpg,https://img.travel.rakuten.co.jp/share/HOTEL/2772/2772map.gif,2691.0,4.66,"クチコミの詳細はこちらから　https://review.travel.r…　2026-05-02 14:09:24投稿 <a href=""https://img.travel.rakuten.co.jp/image/tr/api/re/gJNfM/?f_hotel_no=2772"" class=""3click"">つづきはこちら</a>",tws,スーペリアツイン,4290883.0,【スタンダード】当日予約も可能なお得プラン＜朝食ビュッフェ付＞,1,0,0,1,0,1,https://img.travel.rakuten.co.jp/image/tr/api/re/IdsCY/?f_no=2772&f_syu=tws&f_hi1=2026-05-04&f_hi2=2026-05-05&f_heya_su=1&f_otona_su=1&f_s1=0&f_s2=0&f_y1=0&f_y2=0&f_y3=0&f_y4=0&f_camp_id=4290883,0,2026-05-04,52400,52400,0,2026-05-04,seibu
184508,クロスライフ博多柳橋（オリックスホテルズ＆リゾーツ）,https://img.travel.rakuten.co.jp/image/tr/api/re/pvonD/?f_no=184508,https://img.travel.rakuten.co.jp/image/tr/api/re/vFumt/?f_no=184508&f_flg=PLAN,https://img.travel.rakuten.co.jp/image/tr/api/re/WzozX/?noTomariHotel=184508,https://img.travel.rakuten.co.jp/image/tr/api/re/gJNfM/?f_hotel_no=184508,くろすらいふはかたやなぎばし（おりっくすほてるず＆りぞーと）,【地下鉄七隈線「渡辺通」駅2番出口より徒歩6分】、【スマートTV】全室完備。,6300,120887.06,469476.79,810-0003,福岡県,福岡市中央区春吉1-6-5,092-733-3900,092-733-3751,・地下鉄七隈線「渡辺通」駅2番出口より徒歩6分,有り　15台　1700円（税込み／泊）　要予約,中洲川端,https://img.travel.rakuten.co.jp/share/HOTEL/184508/184508.jpg,https://img.travel.rakuten.co.jp/HIMG/90/184508.jpg,,,https://img.travel.rakuten.co.jp/share/HOTEL/184508/184508map.gif,75.0,4.53,"大きな通りに面しており、飲食店やコンビニもあり不自由しません。また隣の商店街は海外の方に人気のようで果物などを購入したりと楽しまれております…　2026-04-30 19:13:21投稿 <a href=""https://img.travel.rakuten.co.jp/image/tr/api/re/gJNfM/?f_hotel_no=184508"" class=""3click"">つづきはこちら</a>",02,コンフォートダブル,5944186.0,【返金不可】素泊まり ドリンクチケット付き,1,0,0,0,0,2,https://img.travel.rakuten.co.jp/image/tr/api/re/IdsCY/?f_no=184508&f_syu=02&f_hi1=2026-05-04&f_hi2=2026-05-05&f_heya_su=1&f_otona_su=1&f_s1=0&f_s2=0&f_y1=0&f_y2=0&f_y3=0&f_y4=0&f_camp_id=5944186,0,2026-05-04,30800,30800,0,2026-05-04,seibu
176982,クインテッサホテル福岡天神南,https://img.travel.rakuten.co.jp/image/tr/api/re/pvonD/?f_no=176982,https://img.travel.rakuten.co.jp/image/tr/api/re/vFumt/?f_no=176982&f_flg=PLAN,https://img.travel.rakuten.co.jp/image/tr/api/re/WzozX/?noTomariHotel=176982,https://img.travel.rakuten.co.jp/image/tr/api/re/gJNfM/?f_hotel_no=176982,くいんてっさほてるふくおかてんじんみなみ,【薬院駅より徒歩３分の好立地！】多彩なタイプの客室を準備。産地の食材をいかした 「こだわりの約80種類の朝食ブッフェ 」,2970,120880.08,469459.54,810-0012,福岡県,福岡市中央区白金1-18-3,092-707-1691,092-707-1692,西鉄天神大牟田線、地下鉄七隈線、薬院駅より徒歩にて約３分,"有り　９台　先着順　料金:1,500円（税込）",薬院,https://img.travel.rakuten.co.jp/share/HOTEL/176982/176982.jpg,https://img.travel.rakuten.co.jp/HIMG/90/176982.jpg,https://img.travel.rakuten.co.jp/share/HOTEL/176982/176982_kan1.jpg,https://img.travel.rakuten.co.jp/HIMG/INTERIOR/176982.jpg,https://img.travel.rakuten.co.jp/share/HOTEL/176982/176982map.gif,340.0,4.25,,mtn,モデレートツイン (禁煙),5784343.0,【スタンダードプラン】ホテルの品質と快適さの新体験！ビジネス利用にも最適です。(素泊まり),1,0,0,0,0,1,https://img.travel.rakuten.co.jp/image/tr/api/re/IdsCY/?f_no=176982&f_syu=mtn&f_hi1=2026-05-04&f_hi2=2026-05-05&f_heya_su=1&f_otona_su=1&f_s1=0&f_s2=0&f_y1=0&f_y2=0&f_y3=0&f_y4=0&f_camp_id=5784343,0,2026-05-04,32300,32300,0,2026-05-04,seibu
183373,ランプライトブックスホテル福岡,https://img.travel.rakuten.co.jp/image/tr/api/re/pvonD/?f_no=183373,https://img.travel.rakuten.co.jp/image/tr/api/re/vFumt/?f_no=183373&f_flg=PLAN,https://img.travel.rakuten.co.jp/image/tr/api/re/WzozX/?noTomariHotel=183373,https://img.travel.rakuten.co.jp/image/tr/api/re/gJNfM/?f_hotel_no=183373,らんぷらいとぶっくすほてるふくおか,本の世界を旅する新感覚ホテル。2021年12月福岡初進出！	【24時間営業！BOOKS＆CAFE併設】,5330,120901.2,469431.54,810-0041,福岡県,福岡市中央区大名1-15-22,092-720-7711,092-751-7733,地下鉄空港線「天神駅」下車　3番出口より徒歩8分、または「赤坂駅」下車　5番出口より徒歩6分,無し/近隣のコインパーキングへのご案内になります。,天神,https://img.travel.rakuten.co.jp/share/HOTEL/183373/183373.jpg,https://img.travel.rakuten.co.jp/HIMG/90/183373.jpg,,,https://img.travel.rakuten.co.jp/share/HOTEL/183373/183373map.gif,94.0,4.38,"クチコミの詳細はこちらから　https://review.travel.rakute…　2026-03-14 11:58:14投稿 <a href=""https://img.travel.rakuten.co.jp/image/tr/api/re/gJNfM/?f_hotel_no=183373"" class=""3click"">つづきはこちら</a>",tst,スタンダードツイン【禁煙】,6446922.0,【事前決済限定プラン】スタンダードプラン《素泊り》※予約確定後キャンセル規定適用,1,0,0,0,0,2,https://img.travel.rakuten.co.jp/image/tr/api/re/IdsCY/?f_no=183373&f_syu=tst&f_hi1=2026-05-04&f_hi2=2026-05-05&f_heya_su=1&f_otona_su=1&f_s1=0&f_s2=0&f_y1=0&f_y2=0&f_y3=0&f_y4=0&f_camp_id=6446922,0,2026-05-04,42590,42590,0,2026-05-04,seibu
197953,２－ｔｉｍｅｓ．Ｄｏｍｉｔｏｒｙ　Ｈｏｔｅｌ,https://img.travel.rakuten.co.jp/image/tr/api/re/pvonD/?f_no=197953,https://img.travel.rakuten.co.jp/image/tr/api/re/vFumt/?f_no=197953&f_flg=PLAN,,https://img.travel.rakuten.co.jp/image/tr/api/re/gJNfM/?f_hotel_no=197953,つーたいむすどみとりーほてる,糸島 駅近 最安値　筑前前原駅から徒歩３分　漆喰調のオシャレな施設　,3200,120799.02,468726.81,819-1116,福岡県,糸島市前原中央2-4-16,070-3763-2669,--,筑前前原駅より徒歩3分,なし,筑前前原,https://img.travel.rakuten.co.jp/share/HOTEL/197953/197953.jpg,https://img.travel.rakuten.co.jp/HIMG/90/197953.jpg,,,https://img.travel.rakuten.co.jp/share/HOTEL/197953/197953map.gif,8.0,3.38,,3,男女共用ドミトリー・二段ベッド１名分（バス・トイレ共用）,,,1,0,0,0,0,2,https://img.travel.rakuten.co.jp/image/tr/api/re/IdsCY/?f_no=197953&f_syu=3&f_hi1=2026-05-04&f_hi2=2026-05-05&f_heya_su=1&f_otona_su=1&f_s1=0&f_s2=0&f_y1=0&f_y2=0&f_y3=0&f_y4=0,1,2026-05-04,7600,7600,0,2026-05-04,seibu
171870,ホテルリブマックス福岡天神,https://img.travel.rakuten.co.jp/image/tr/api/re/pvonD/?f_no=171870,https://img.travel.rakuten.co.jp/image/tr/api/re/vFumt/?f_no=171870&f_flg=PLAN,https://img.travel.rakuten.co.jp/image/tr/api/re/WzozX/?noTomariHotel=171870,https://img.travel.rakuten.co.jp/image/tr/api/re/gJNfM/?f_hotel_no=171870,りぶまっくすふくおかてんじん,2018年11月グランドオープン！博多駅より柳橋バス停へ！徒歩3分♪ドームもバスで楽々♪,2901,120882.2,469479.18,810-0005,福岡県,福岡市中央区清川1-12-17,092-534-1140,092-534-1141,地下鉄七隈線　渡辺通駅2番口より徒歩にて約５分,近隣にコインパーキングあり　※提携はしておりません　満車の場合はご容赦下さい。,,https://img.travel.rakuten.co.jp/share/HOTEL/171870/171870.jpg,https://img.travel.rakuten.co.jp/HIMG/90/171870.jpg,https://img.travel.rakuten.co.jp/share/HOTEL/171870/171870_kan1.jpg,https://img.travel.rakuten.co.jp/HIMG/INTERIOR/171870.jpg,https://img.travel.rakuten.co.jp/share/HOTEL/171870/171870map.gif,322.0,3.38,"部屋は独特の匂いがしましたが、過ご…　2026-04-21 20:25:49投稿 <a href=""https://img.travel.rakuten.co.jp/image/tr/api/re/gJNfM/?f_hotel_no=171870"" class=""3click"">つづきはこちら</a>",sb-ns,☆シングルルーム☆禁煙☆セミダブルベッド,5741388.0,【リブマックスセール】《15％OFF》ホテルリブマックス福岡天神 【素泊り】,1,0,0,0,0,1,https://img.travel.rakuten.co.jp/image/tr/api/re/IdsCY/?f_no=171870&f_syu=sb-ns&f_hi1=2026-05-04&f_hi2=2026-05-05&f_heya_su=1&f_otona_su=1&f_s1=0&f_s2=0&f_y1=0&f_y2=0&f_y3=0&f_y4=0&f_camp_id=5741388,0,2026-05-04,25500,25500,0,2026-05-04,seibu
190504,春吉の癒しの宿：サウナ・露天風呂・フルキッチン完備　＾,https://img.travel.rakuten.co.jp/image/tr/api/re/pvonD/?f_no=190504,https://img.travel.rakuten.co.jp/image/tr/api/re/vFumt/?f_no=190504&f_flg=PLAN,,https://img.travel.rakuten.co.jp/image/tr/api/re/gJNfM/?f_hotel_no=190504,,広々とした部屋には、プライベートサウナと露天風呂が完備されています。,11368,120893.84,469479.22,810-0003,福岡県,福岡市中央区春吉1-11-30　Ｓｔａｙ　Ｈａｋａｔａ別邸,090-8350-3308,000-000-0000,渡辺通駅から徒歩で約４分,有り,薬院,https://img.travel.rakuten.co.jp/share/HOTEL/190504/190504.jpg,https://img.travel.rakuten.co.jp/HIMG/90/190504.jpg,,,https://img.travel.rakuten.co.jp/share/HOTEL/190504/190504map.gif,,,,948478_5,一戸建て,6027719.0,【2024年7月OPEN】一棟貸し★ サウナ/露天風呂付きフルキッチン完備!最大5名様で宿泊可能,1,0,0,0,0,2,https://img.travel.rakuten.co.jp/image/tr/api/re/IdsCY/?f_no=190504&f_syu=948478_5&f_hi1=2026-05-04&f_hi2=2026-05-05&f_heya_su=1&f_otona_su=1&f_s1=0&f_s2=0&f_y1=0&f_y2=0&f_y3=0&f_y4=0&f_camp_id=6027719,0,2026-05-04,113680,113680,0,2026-05-04,seibu
196538,福岡プリンスホテル　ももち浜（２０２６年３月１７日開業）,https://img.travel.rakuten.co.jp/image/tr/api/re/pvonD/?f_no=196538,https://img.travel.rakuten.co.jp/image/tr/api/re/vFumt/?f_no=196538&f_flg=PLAN,https://img.travel.rakuten.co.jp/image/tr/api/re/WzozX/?noTomariHotel=196538,https://img.travel.rakuten.co.jp/image/tr/api/re/gJNfM/?f_hotel_no=196538,ふくおかぷりんすほてる　ももちはま（２０２６ねん３がつ１７にち）,【お得なクーポン配布中】2026年3月17日開業｜全室オーシャンビューのプリンスホテル,13313,120924.37,469270.09,814-0001,福岡県,福岡市早良区百道浜二丁目3番23号,092-400-1806,092-400-2016,地下鉄 西新駅から（最寄駅）：タクシー 約6分／徒歩 約20分,"62台。（有料・1泊2,000円）満車でご利用いただけない場合がございます。",西新,https://img.travel.rakuten.co.jp/share/HOTEL/196538/196538.jpg,https://img.travel.rakuten.co.jp/HIMG/90/196538.jpg,,,https://img.travel.rakuten.co.jp/share/HOTEL/196538/196538map.gif,15.0,3.73,"クチコミの…　2026-04-29 16:54:23投稿 <a href=""https://img.travel.rakuten.co.jp/image/tr/api/re/gJNfM/?f_hotel_no=196538"" class=""3click"">つづきはこちら</a>",muton,【オーシャンビュー】スーペリア ツイン,6314267.0,2026年3月OPEN！開業記念プラン 室料のみ,1,0,0,0,0,1,https://img.travel.rakuten.co.jp/image/tr/api/re/IdsCY/?f_no=196538&f_syu=muton&f_hi1=2026-05-04&f_hi2=2026-05-05&f_heya_su=1&f_otona_su=1&f_s1=0&f_s2=0&f_y1=0&f_y2=0&f_y3=0&f_y4=0&f_camp_id=6314267,0,2026-05-04,39676,39676,0,2026-05-04,seibu
184507,クロスライフ博多天神（オリックスホテルズ＆リゾーツ）,https://img.travel.rakuten.co.jp/image/tr/api/re/pvonD/?f_no=184507,https://img.travel.rakuten.co.jp/image/tr/api/re/vFumt/?f_no=184507&f_flg=PLAN,https://img.travel.rakuten.co.jp/image/tr/api/re/WzozX/?noTomariHotel=184507,https://img.travel.rakuten.co.jp/image/tr/api/re/gJNfM/?f_hotel_no=184507,くろすらいふはかたてんじん（おりっくすほてるず＆りぞーと）,【地下鉄七隈線「天神南」駅 6番出口より徒歩7分】、【大浴場・サウナ】【スマートTV】完備。,7400,120904.02,469472.41,810-0003,福岡県,福岡市中央区春吉3-26-30,092-733-0130,092-733-8780,・地下鉄七隈線「天神南」駅 6番出口より徒歩7分,有り　22台　1700円（税込み／泊）　要予約,天神,https://img.travel.rakuten.co.jp/share/HOTEL/184507/184507.jpg,https://img.travel.rakuten.co.jp/HIMG/90/184507.jpg,,,https://img.travel.rakuten.co.jp/share/HOTEL/184507/184507map.gif,116.0,4.37,"クチコミの詳細はこちらから　https:/…　2026-04-06 10:59:14投稿 <a href=""https://img.travel.rakuten.co.jp/image/tr/api/re/gJNfM/?f_hotel_no=184507"" class=""3click"">つづきはこちら</a>",01,コンフォートダブル,5944205.0,【返金不可】素泊まり ドリンクチケット付き,1,0,0,0,0,2,https://img.travel.rakuten.co.jp/image/tr/api/re/IdsCY/?f_no=184507&f_syu=01&f_hi1=2026-05-04&f_hi2=2026-05-05&f_heya_su=1&f_otona_su=1&f_s1=0&f_s2=0&f_y1=0&f_y2=0&f_y3=0&f_y4=0&f_camp_id=5944205,0,2026-05-04,40700,40700,0,2026-05-04,seibu
166945,ランドーホテル福岡,https://img.travel.rakuten.co.jp/image/tr/api/re/pvonD/?f_no=166945,https://img.travel.rakuten.co.jp/image/tr/api/re/vFumt/?f_no=166945&f_flg=PLAN,https://img.travel.rakuten.co.jp/image/tr/api/re/WzozX/?noTomariHotel=166945,https://img.travel.rakuten.co.jp/image/tr/api/re/gJNfM/?f_hotel_no=166945,らんどーほてる　ふくおか,多彩なカラースキームとこだわりの家具を全室に施したデザイナーズホテル　全室にバルコニーを完備,4500,120883.36,469481.95,810-0005,福岡県,福岡市中央区清川1-2-3,0925265231,03-5615-2997,博多駅から10分毎にバスが出発しております。5分ほどバスに揺られ「柳橋」で下車後徒歩2分ほどでご到着です。,駐車場のご用意はございません。近隣のパーキングをご利用くださいませ。,,https://img.travel.rakuten.co.jp/share/HOTEL/166945/166945.jpg,https://img.travel.rakuten.co.jp/HIMG/90/166945.jpg,,,https://img.travel.rakuten.co.jp/share/HOTEL/166945/166945map.gif,58.0,4.75,,bt,デラックスブルーツイン/22平米　リバービュー,4927495.0,【全室バルコニー完備】【返金不可】　生活家電とキッチン完備の客室で自炊を満喫♪,1,0,0,0,0,2,https://img.travel.rakuten.co.jp/image/tr/api/re/IdsCY/?f_no=166945&f_syu=bt&f_hi1=2026-05-04&f_hi2=2026-05-05&f_heya_su=1&f_otona_su=1&f_s1=0&f_s2=0&f_y1=0&f_y2=0&f_y3=0&f_y4=0&f_camp_id=4927495,0,2026-05-04,30000,30000,0,2026-05-04,seibu
194304,二丈　民宿パレット／民泊,https://img.travel.rakuten.co.jp/image/tr/api/re/pvonD/?f_no=194304,https://img.travel.rakuten.co.jp/image/tr/api/re/vFumt/?f_no=194304&f_flg=PLAN,,https://img.travel.rakuten.co.jp/image/tr/api/re/gJNfM/?f_hotel_no=194304,,　,11310,120576.88,468258.63,819-1641,福岡県,糸島市二丈吉井3311-1,090-4473-9060,000-000-0000,福吉駅から徒歩で約４分,有り,福吉,https://img.travel.rakuten.co.jp/share/HOTEL/194304/194304.jpg,https://img.travel.rakuten.co.jp/HIMG/90/194304.jpg,,,https://img.travel.rakuten.co.jp/share/HOTEL/194304/194304map.gif,,,,r19051_4,民宿パレット,6224239.0,一戸建て,1,0,0,0,0,2,https://img.travel.rakuten.co.jp/image/tr/api/re/IdsCY/?f_no=194304&f_syu=r19051_4&f_hi1=2026-05-04&f_hi2=2026-05-05&f_heya_su=1&f_otona_su=1&f_s1=0&f_s2=0&f_y1=0&f_y2=0&f_y3=0&f_y4=0&f_camp_id=6224239,0,2026-05-04,45240,45240,0,2026-05-04,seibu
195671,閑静な住宅街にある白い洋風アパート／民泊,https://img.travel.rakuten.co.jp/image/tr/api/re/pvonD/?f_no=195671,https://img.travel.rakuten.co.jp/image/tr/api/re/vFumt/?f_no=195671&f_flg=PLAN,,https://img.travel.rakuten.co.jp/image/tr/api/re/gJNfM/?f_hotel_no=195671,, ,386667,120898.25,469256.73,814-0006,福岡県,福岡市早良区百道3-7-17 102　新日本パレス百道I,080-8905-6750,00-0000-0000,藤崎駅より徒歩で3分,なし,藤崎（福岡）,https://img.travel.rakuten.co.jp/share/HOTEL/195671/195671.jpg,https://img.travel.rakuten.co.jp/HIMG/90/195671.jpg,,,https://img.travel.rakuten.co.jp/share/HOTEL/195671/195671map.gif,,,,r21289_3,新日本パレス百道I-101,6395548.0,百道102,1,0,0,0,0,2,https://img.travel.rakuten.co.jp/image/tr/api/re/IdsCY/?f_no=195671&f_syu=r21289_3&f_hi1=2026-05-04&f_hi2=2026-05-05&f_heya_su=1&f_otona_su=1&f_s1=0&f_s2=0&f_y1=0&f_y2=0&f_y3=0&f_y4=0&f_camp_id=6395548,0,2026-05-04,1160000,1160000,0,2026-05-04,seibu
172605,ＡＢホテル行橋,https://img.travel.rakuten.co.jp/image/tr/api/re/pvonD/?f_no=172605,https://img.travel.rakuten.co.jp/image/tr/api/re/vFumt/?f_no=172605&f_flg=PLAN,https://img.travel.rakuten.co.jp/image/tr/api/re/WzozX/?noTomariHotel=172605,https://img.travel.rakuten.co.jp/image/tr/api/re/gJNfM/?f_hotel_no=172605,えーびーほてるゆくはし,行橋駅より徒歩１分、北九州空港より車で約２５分！健康朝食バイキング、男女別大浴場が無料♪ウェルカムコーヒーも♪,2000,121409.13,471499.33,824-0031,福岡県,行橋市西宮市2-2-16,0930-28-8222,0930-28-8219,行橋駅より徒歩にて約1分♪北九州空港より車で40分♪小倉駅から16分♪,有り　無料　平面／47台（先着順）　※大型車、バイク、自転車は不可,行橋,https://img.travel.rakuten.co.jp/share/HOTEL/172605/172605.jpg,https://img.travel.rakuten.co.jp/HIMG/90/172605.jpg,,,https://img.travel.rakuten.co.jp/share/HOTEL/172605/172605map.gif,810.0,4.25,"クチコミの詳細はこちらから　https://review.travel.rakuten.co.jp/hotel/…　2026-04-29 17:56:06投稿 <a href=""https://img.travel.rakuten.co.jp/image/tr/api/re/gJNfM/?f_hotel_no=172605"" class=""3click"">つづきはこちら</a>",sna,禁煙スタンダードシングル【120ｃｍセミダブルベッド】,4571732.0,当日限定シングルプラン♪空いてたらラッキー♪【健康朝食・大浴場無料】,1,0,0,1,0,1,https://img.travel.rakuten.co.jp/image/tr/api/re/JlnYS/?f_no=172605&f_syu=sna&f_hi1=2026-05-04&f_hi2=2026-05-05&f_heya_su=1&f_otona_su=1&f_s1=0&f_s2=0&f_y1=0&f_y2=0&f_y3=0&f_y4=0&f_camp_id=4571732,2,2026-05-04,7600,7600,0,2026-05-04,buzen
147051,アリストンイン苅田北九州空港,https://img.travel.rakuten.co.jp/image/tr/api/re/pvonD/?f_no=147051,https://img.travel.rakuten.co.jp/image/tr/api/re/vFumt/?f_no=147051&f_flg=PLAN,https://img.travel.rakuten.co.jp/image/tr/api/re/WzozX/?noTomariHotel=147051,https://img.travel.rakuten.co.jp/image/tr/api/re/gJNfM/?f_hotel_no=147051,ありすとんいんかんだきたきゅうしゅうくうこう,駐車場無料★全室Wi-Fi完備★宿泊者限定マンガコーナー&マッサージチェア設置★,3150,121616.05,471547.48,800-0314,福岡県,京都郡苅田町幸町12-5,093-435-0600,093-435-0605,駐車場無料★北九州空港から車で約15分・苅田駅から徒歩約７分（JR小倉駅から苅田駅まで電車で25分）,平面駐車場(58台）無料　,苅田,https://img.travel.rakuten.co.jp/share/HOTEL/147051/147051.jpg,https://img.travel.rakuten.co.jp/HIMG/90/147051.jpg,,,https://img.travel.rakuten.co.jp/share/HOTEL/147051/147051map.gif,494.0,3.68,"ビジネスの利用で4泊を朝食付きプランで宿泊しました。朝食のメインメニューが毎日変わるので飽きないです。メニュー開発をされている方の工夫が分かります。特に印象…　2026-04-25 23:44:38投稿 <a href=""https://img.travel.rakuten.co.jp/image/tr/api/re/gJNfM/?f_hotel_no=147051"" class=""3click"">つづきはこちら</a>",sd2,スタンダードシングル【禁煙】,5398175.0,【基本プラン】＜素泊り＞駐車場無料！Sertaのふかふかマットレスでぐっすり。お部屋でのんびりプラン,1,0,0,0,0,1,https://img.travel.rakuten.co.jp/image/tr/api/re/IdsCY/?f_no=147051&f_syu=sd2&f_hi1=2026-05-04&f_hi2=2026-05-05&f_heya_su=1&f_otona_su=1&f_s1=0&f_s2=0&f_y1=0&f_y2=0&f_y3=0&f_y4=0&f_camp_id=5398175,0,2026-05-04,9700,9700,0,2026-05-04,buzen
108371,東横ＩＮＮ北九州空港,https://img.travel.rakuten.co.jp/image/tr/api/re/pvonD/?f_no=108371,https://img.travel.rakuten.co.jp/image/tr/api/re/vFumt/?f_no=108371&f_flg=PLAN,https://img.travel.rakuten.co.jp/image/tr/api/re/WzozX/?noTomariHotel=108371,https://img.travel.rakuten.co.jp/image/tr/api/re/gJNfM/?f_hotel_no=108371,とうよこいんきたきゅうしゅうくうこう,平尾台まで車で50分の立地で出発を応援！朝食・小学生以下添い寝無料で安心空間を提供いたします,4515,121794.13,471717.73,800-0306,福岡県,北九州市小倉南区空港北町2-4,093-472-1042,093-472-1049,北九州空港より徒歩5分　送迎シャトルを17：00以降離発着に合わせて最終便まで運行　朝は4：50から10：10まで運行中,無料！駐車場有　281台　　駐車場10日間無料　大型バス・大型車駐車無料,北九州空港,https://img.travel.rakuten.co.jp/share/HOTEL/108371/108371.jpg,https://img.travel.rakuten.co.jp/HIMG/90/108371.jpg,https://img.travel.rakuten.co.jp/share/HOTEL/108371/108371room1.jpg,https://img.travel.rakuten.co.jp/HIMG/INTERIOR/108371.jpg,https://img.travel.rakuten.co.jp/share/HOTEL/108371/108371map.gif,564.0,4.25,"・ガウン(ナイトウェア)が部屋になくて焦ったが、フロントに電話で確…　2026-04-29 09:25:16投稿 <a href=""https://img.travel.rakuten.co.jp/image/tr/api/re/gJNfM/?f_hotel_no=108371"" class=""3click"">つづきはこちら</a>",ops,ペット同伴（小型犬）禁煙シングル,5674372.0,★[１室３匹小型犬ＯＫ]ワンちゃんと一緒に東横インに泊まろう！★s,1,0,0,1,0,1,https://img.travel.rakuten.co.jp/image/tr/api/re/IdsCY/?f_no=108371&f_syu=ops&f_hi1=2026-05-04&f_hi2=2026-05-05&f_heya_su=1&f_otona_su=1&f_s1=0&f_s2=0&f_y1=0&f_y2=0&f_y3=0&f_y4=0&f_camp_id=5674372,0,2026-05-04,9460,9460,0,2026-05-04,buzen
68680,ホテルルートイン苅田駅前,https://img.travel.rakuten.co.jp/image/tr/api/re/pvonD/?f_no=68680,https://img.travel.rakuten.co.jp/image/tr/api/re/vFumt/?f_no=68680&f_flg=PLAN,https://img.travel.rakuten.co.jp/image/tr/api/re/WzozX/?noTomariHotel=68680,https://img.travel.rakuten.co.jp/image/tr/api/re/gJNfM/?f_hotel_no=68680,るーといんかんだえきまえ,WOWOW全室で無料視聴可■VODルームシアター無料視聴可能(一般映画のみ・コンフォートルーム特典）■Wi-Fi利用可,5350,121611.41,471533.88,800-0361,福岡県,京都郡苅田町神田町1-8-1,050-5576-7905,093-435-3712,ＪＲ日豊本線　苅田駅徒歩0分／北九州空港より車で約１5分,有り　83台　無料　先着順（予約不可）,苅田,https://img.travel.rakuten.co.jp/share/HOTEL/68680/68680.jpg,https://img.travel.rakuten.co.jp/HIMG/90/68680.jpg,https://img.travel.rakuten.co.jp/share/HOTEL/68680/68680_k.jpg,https://img.travel.rakuten.co.jp/HIMG/INTERIOR/68680.jpg,https://img.travel.rakuten.co.jp/share/HOTEL/68680/68680map.gif,547.0,4.06,"クチコミの詳細はこち…　2026-04-12 18:36:21投稿 <a href=""https://img.travel.rakuten.co.jp/image/tr/api/re/gJNfM/?f_hotel_no=68680"" class=""3click"">つづきはこちら</a>",ns,【禁煙】シングルルーム ベット幅140ｃｍ,6454551.0,ゴールデンウィーク★室数限定お得プラン★,1,0,0,1,0,1,https://img.travel.rakuten.co.jp/image/tr/api/re/IdsCY/?f_no=68680&f_syu=ns&f_hi1=2026-05-04&f_hi2=2026-05-05&f_heya_su=1&f_otona_su=1&f_s1=0&f_s2=0&f_y1=0&f_y2=0&f_y3=0&f_y4=0&f_camp_id=6454551,0,2026-05-04,10800,10800,0,2026-05-04,buzen
41024,ホテルルートイン行橋,https://img.travel.rakuten.co.jp/image/tr/api/re/pvonD/?f_no=41024,https://img.travel.rakuten.co.jp/image/tr/api/re/vFumt/?f_no=41024&f_flg=PLAN,https://img.travel.rakuten.co.jp/image/tr/api/re/WzozX/?noTomariHotel=41024,https://img.travel.rakuten.co.jp/image/tr/api/re/gJNfM/?f_hotel_no=41024,るーといん　ゆくはし,JR行橋駅より徒歩7分☆大浴場有り☆朝食無料☆Ｗi-Fi無料☆WOWOW無料視聴☆,5700,121408.48,471511.6,824-0005,福岡県,行橋市中央3-5-8,0930-26-8711,0930-26-8712,ＪＲ行橋駅より徒歩7分／東九州自動車道　行橋ＩＣより約４ｋｍ/東九州自動車道　苅田北九州空港ICより約10km,有料：500円/泊　先着順　平面駐車場以外は提携駐車場へのご案内致します。,行橋,https://img.travel.rakuten.co.jp/share/HOTEL/41024/41024.jpg,https://img.travel.rakuten.co.jp/HIMG/90/41024.jpg,https://img.travel.rakuten.co.jp/share/HOTEL/41024/41024_kya.jpg,https://img.travel.rakuten.co.jp/HIMG/INTERIOR/41024.jpg,https://img.travel.rakuten.co.jp/share/HOTEL/41024/41024map.gif,717.0,3.88," お風呂は良いのですが、シャワーの水圧が高いです。また泊まりたい…　2026-04-14 16:53:52投稿 <a href=""https://img.travel.rakuten.co.jp/image/tr/api/re/gJNfM/?f_hotel_no=41024"" class=""3click"">つづきはこちら</a>",sb,【喫煙】シングルルーム ,1131753.0,【スタンダードプラン】　■大浴場完備■バイキング朝食付き■,1,0,0,1,0,1,https://img.travel.rakuten.co.jp/image/tr/api/re/IdsCY/?f_no=41024&f_syu=sb&f_hi1=2026-05-04&f_hi2=2026-05-05&f_heya_su=1&f_otona_su=1&f_s1=0&f_s2=0&f_y1=0&f_y2=0&f_y3=0&f_y4=0&f_camp_id=1131753,0,2026-05-04,11850,11850,0,2026-05-04,buzen
53365,ベッセルホテル苅田北九州空港（２０２６年３月全室リニューアル）,https://img.travel.rakuten.co.jp/image/tr/api/re/pvonD/?f_no=53365,https://img.travel.rakuten.co.jp/image/tr/api/re/vFumt/?f_no=53365&f_flg=PLAN,https://img.travel.rakuten.co.jp/image/tr/api/re/WzozX/?noTomariHotel=53365,https://img.travel.rakuten.co.jp/image/tr/api/re/gJNfM/?f_hotel_no=53365,べっせるかんだきたきゅうしゅうくうこう,◆全室幅150ｃｍのクイーンサイズベッド◆シングル21㎡/ツイン26㎡◆ご当地メニュー満載の朝食をどうぞ！,3300,121605.03,471556.27,800-0313,福岡県,京都郡苅田町磯浜町1-5-9,093-435-2525,093-435-2555,【ＪＲ苅田駅東口】850m徒歩10分【北九州空港】11Kmタクシーで12分【苅田北九州空港IC】5Km車で5分,有り　７５台　普通車無料（一部大型車は有料）,苅田,https://img.travel.rakuten.co.jp/share/HOTEL/53365/53365.jpg,https://img.travel.rakuten.co.jp/HIMG/90/53365.jpg,https://img.travel.rakuten.co.jp/share/HOTEL/53365/53365_ky.jpg,https://img.travel.rakuten.co.jp/HIMG/INTERIOR/53365.jpg,https://img.travel.rakuten.co.jp/share/HOTEL/53365/53365map.gif,1440.0,4.47,"クチコミの詳細はこちらから　https://review.travel.rakuten.co.jp/hotel/v…　2026-04-30 08:38:11投稿 <a href=""https://img.travel.rakuten.co.jp/image/tr/api/re/gJNfM/?f_hotel_no=53365"" class=""3click"">つづきはこちら</a>",s2,ゆったり1ベッド【禁煙】☆２１平米☆,6118404.0,【スタンダード★素泊り】苅田駅東口１から徒歩13分（850m),1,0,0,0,0,1,https://img.travel.rakuten.co.jp/image/tr/api/re/IdsCY/?f_no=53365&f_syu=s2&f_hi1=2026-05-04&f_hi2=2026-05-05&f_heya_su=1&f_otona_su=1&f_s1=0&f_s2=0&f_y1=0&f_y2=0&f_y3=0&f_y4=0&f_camp_id=6118404,0,2026-05-04,17000,17000,0,2026-05-04,buzen
187338,ＨＯＴＥＬ　Ｒ９　Ｔｈｅ　Ｙａｒｄ　上毛,https://img.travel.rakuten.co.jp/image/tr/api/re/pvonD/?f_no=187338,https://img.travel.rakuten.co.jp/image/tr/api/re/vFumt/?f_no=187338&f_flg=PLAN,https://img.travel.rakuten.co.jp/image/tr/api/re/WzozX/?noTomariHotel=187338,https://img.travel.rakuten.co.jp/image/tr/api/re/gJNfM/?f_hotel_no=187338,ほてる あーるないん ざ やーど こうげ,上毛スマートICより車で3分！中津・耶馬渓の観光拠点にも◎無料駐車場完備！独立客室で快適な滞在を♪,3300,120820.72,472239.06,871-0923,福岡県,築上郡上毛町下唐原1649-11,0979-64-6111,0979-64-6408,【お車】東九州自動車道 上毛スマートICより3分、豊前ICより10分【電車】JR日豊本線 中津駅よりタクシーで10分,無料 有り 24台※大型車（2トントラック以上）をご利用の際は、事前にお電話でお問い合わせください。,中津（大分）,https://img.travel.rakuten.co.jp/share/HOTEL/187338/187338.jpg,https://img.travel.rakuten.co.jp/HIMG/90/187338.jpg,,,https://img.travel.rakuten.co.jp/share/HOTEL/187338/187338map.gif,73.0,4.56,"ま…　2026-03-22 23:45:49投稿 <a href=""https://img.travel.rakuten.co.jp/image/tr/api/re/gJNfM/?f_hotel_no=187338"" class=""3click"">つづきはこちら</a>",double,【禁煙】ダブルルーム （約13平米/最大2名様）,5684815.0,【スタンダード】ビジネスや観光の拠点に♪軽食＆ホットドリンク付【駐車場至近＆無料】,1,0,0,0,0,1,https://img.travel.rakuten.co.jp/image/tr/api/re/IdsCY/?f_no=187338&f_syu=double&f_hi1=2026-05-04&f_hi2=2026-05-05&f_heya_su=1&f_otona_su=1&f_s1=0&f_s2=0&f_y1=0&f_y2=0&f_y3=0&f_y4=0&f_camp_id=5684815,0,2026-05-04,10000,10000,0,2026-05-04,buzen
191652,アパホテル〈福岡行橋駅前〉（北九州空港・苅田）,https://img.travel.rakuten.co.jp/image/tr/api/re/pvonD/?f_no=191652,https://img.travel.rakuten.co.jp/image/tr/api/re/vFumt/?f_no=191652&f_flg=PLAN,https://img.travel.rakuten.co.jp/image/tr/api/re/WzozX/?noTomariHotel=191652,https://img.travel.rakuten.co.jp/image/tr/api/re/gJNfM/?f_hotel_no=191652,あぱほてる〈ふくおかゆくはしえきまえ〉（きたきゅうしゅうくうこう・かんだ）,◆◇行橋駅東口から徒歩3分、北九州空港から車で約25分、苅田工業エリアは車で約15分◇◆40型液晶TV、VOD視聴無料！,4200,121403.69,471508.58,824-0005,福岡県,行橋市中央3-9-10,0930-25-2800,0930-24-6726,JR行橋駅東口から徒歩3分、北九州空港から車で約25分、苅田工業エリアは車で約15分。アクセス至便なホテルです。,平面無料駐車場25台、先着順。満車時にはコインパーキングのご案内となります（有料）。 ,行橋,https://img.travel.rakuten.co.jp/share/HOTEL/191652/191652.jpg,https://img.travel.rakuten.co.jp/HIMG/90/191652.jpg,,,https://img.travel.rakuten.co.jp/share/HOTEL/191652/191652map.gif,95.0,4.05,"クチコミの詳細はこちらから　https://review.travel.rakuten.co…　2026-04-29 23:36:41投稿 <a href=""https://img.travel.rakuten.co.jp/image/tr/api/re/gJNfM/?f_hotel_no=191652"" class=""3click"">つづきはこちら</a>",s1k,□ シングル □ 禁煙室 □,5925524.0,【素泊まり・事前決済限定】1秒チェックインにおすすめ！,1,0,0,0,0,2,https://img.travel.rakuten.co.jp/image/tr/api/re/IdsCY/?f_no=191652&f_syu=s1k&f_hi1=2026-05-04&f_hi2=2026-05-05&f_heya_su=1&f_otona_su=1&f_s1=0&f_s2=0&f_y1=0&f_y2=0&f_y3=0&f_y4=0&f_camp_id=5925524,0,2026-05-04,12500,12500,0,2026-05-04,buzen
184657,ＨＯＴＥＬ　Ｒ９　Ｔｈｅ　Ｙａｒｄ　豊前,https://img.travel.rakuten.co.jp/image/tr/api/re/pvonD/?f_no=184657,https://img.travel.rakuten.co.jp/image/tr/api/re/vFumt/?f_no=184657&f_flg=PLAN,https://img.travel.rakuten.co.jp/image/tr/api/re/WzozX/?noTomariHotel=184657,https://img.travel.rakuten.co.jp/image/tr/api/re/gJNfM/?f_hotel_no=184657,ほてる あーるないん ざ やーど ぶぜん,宇島駅より徒歩3分！豊前ICと工業団地も程近くビジネスに最適◎独立客室で快適な滞在を♪,3600,121023.35,472055.67,828-0021,福岡県,豊前市八屋1921-1,0979-64-6766,0979-64-6885,【お車】東九州自動車道 豊前ICより車で10分 【電車】JR日豊本線 宇島駅より徒歩3分,無料 有り 36台※大型車（2トントラック以上）をご利用の際は、事前にお電話でお問い合わせください。,宇島,https://img.travel.rakuten.co.jp/share/HOTEL/184657/184657.jpg,https://img.travel.rakuten.co.jp/HIMG/90/184657.jpg,,,https://img.travel.rakuten.co.jp/share/HOTEL/184657/184657map.gif,90.0,4.07,"クチコミの詳細はこちらから　https://review.…　2026-04-02 12:59:50投稿 <a href=""https://img.travel.rakuten.co.jp/image/tr/api/re/gJNfM/?f_hotel_no=184657"" class=""3click"">つづきはこちら</a>",double,【禁煙】ダブルルーム （約12平米/最大2名様）,5573852.0,【スタンダード】ビジネスや観光の拠点に♪軽食＆ホットドリンク付【駐車場至近＆無料】,1,0,0,0,0,1,https://img.travel.rakuten.co.jp/image/tr/api/re/IdsCY/?f_no=184657&f_syu=double&f_hi1=2026-05-04&f_hi2=2026-05-05&f_heya_su=1&f_otona_su=1&f_s1=0&f_s2=0&f_y1=0&f_y2=0&f_y3=0&f_y4=0&f_camp_id=5573852,0,2026-05-04,10000,10000,0,2026-05-04,buzen
73872,ビジネスホテル　ベル,https://img.travel.rakuten.co.jp/image/tr/api/re/pvonD/?f_no=73872,https://img.travel.rakuten.co.jp/image/tr/api/re/vFumt/?f_no=73872&f_flg=PLAN,https://img.travel.rakuten.co.jp/image/tr/api/re/WzozX/?noTomariHotel=73872,https://img.travel.rakuten.co.jp/image/tr/api/re/gJNfM/?f_hotel_no=73872,べる,2022年3月リニューアル！出張利用、家族・カップル旅行も！自転車持ち込み可能なお部屋もあり、自転車旅の方々もご利用可能,3300,121425.04,471500.7,824-0001,福岡県,行橋市行事7-7-6,0930-25-5887,0930-25-5886,行橋駅より徒歩5分／九州自動車道　小倉東ＩＣより約１７ｋｍ/東九州自動車道　苅田北九州空港ICより約10km,有り　１３台　無料　予約不可先着順  ,行橋,https://img.travel.rakuten.co.jp/share/HOTEL/73872/73872.jpg,https://img.travel.rakuten.co.jp/HIMG/90/73872.jpg,https://img.travel.rakuten.co.jp/share/HOTEL/73872/73872_sin.jpg,https://img.travel.rakuten.co.jp/HIMG/INTERIOR/73872.jpg,https://img.travel.rakuten.co.jp/share/HOTEL/73872/73872map.gif,153.0,4.0,"クチコミの詳細はこちらから　https://review.travel.rakuten.co…　2026-03-12 19:04:12投稿 <a href=""https://img.travel.rakuten.co.jp/image/tr/api/re/gJNfM/?f_hotel_no=73872"" class=""3click"">つづきはこちら</a>",npn3,【禁煙】サイクルルーム　セミダブル【Wi-Fi無料】,5424575.0,【素泊】2022年リニューアルオープン！ビジネス利用もサイクリストも大歓迎！気軽に泊まろう素泊プラン,1,0,0,0,0,1,https://img.travel.rakuten.co.jp/image/tr/api/re/IdsCY/?f_no=73872&f_syu=npn3&f_hi1=2026-05-04&f_hi2=2026-05-05&f_heya_su=1&f_otona_su=1&f_s1=0&f_s2=0&f_y1=0&f_y2=0&f_y3=0&f_y4=0&f_camp_id=5424575,0,2026-05-04,6600,6600,0,2026-05-04,buzen
151179,ＨＯＴＥＬ　ＡＺ　福岡吉富店,https://img.travel.rakuten.co.jp/image/tr/api/re/pvonD/?f_no=151179,https://img.travel.rakuten.co.jp/image/tr/api/re/vFumt/?f_no=151179&f_flg=PLAN,https://img.travel.rakuten.co.jp/image/tr/api/re/WzozX/?noTomariHotel=151179,https://img.travel.rakuten.co.jp/image/tr/api/re/gJNfM/?f_hotel_no=151179,ほてる　えーぜっと　ふくおかよしとみてん,"大分県との県境。中津城へ車で10分。大分県中津市,福岡県豊前市,上毛町に隣接。",4620,120973.72,472218.13,871-0811,福岡県,築上郡吉富町広津879-2,0979-22-3801,0979-22-3802,北九州空港から高速で45分(豊前ICから車で10分）。ＪＲ中津駅から車で約5分。駐車場入り口は県道108号線沿いです。,無料駐車場124台あり　普通車：予約不要 、中型車・大型車：要予約（有料）,吉富（福岡）,https://img.travel.rakuten.co.jp/share/HOTEL/151179/151179.jpg,https://img.travel.rakuten.co.jp/HIMG/90/151179.jpg,https://img.travel.rakuten.co.jp/share/HOTEL/151179/151179_kan1.jpg,https://img.travel.rakuten.co.jp/HIMG/INTERIOR/151179.jpg,https://img.travel.rakuten.co.jp/share/HOTEL/151179/151179map.gif,71.0,4.13,"クチコミの詳細はこちらから　https://review.travel.rakuten.co.j…　2026-03-17 08:05:20投稿 <a href=""https://img.travel.rakuten.co.jp/image/tr/api/re/gJNfM/?f_hotel_no=151179"" class=""3click"">つづきはこちら</a>",001,【喫煙】シングル,6108654.0,スタンダードプラン（朝食サービス）,1,0,0,1,0,1,https://img.travel.rakuten.co.jp/image/tr/api/re/IdsCY/?f_no=151179&f_syu=001&f_hi1=2026-05-04&f_hi2=2026-05-05&f_heya_su=1&f_otona_su=1&f_s1=0&f_s2=0&f_y1=0&f_y2=0&f_y3=0&f_y4=0&f_camp_id=6108654,0,2026-05-04,6380,6380,0,2026-05-04,buzen
49348,ブルーポートホテル苅田北九州空港,https://img.travel.rakuten.co.jp/image/tr/api/re/pvonD/?f_no=49348,https://img.travel.rakuten.co.jp/image/tr/api/re/vFumt/?f_no=49348&f_flg=PLAN,https://img.travel.rakuten.co.jp/image/tr/api/re/WzozX/?noTomariHotel=49348,https://img.travel.rakuten.co.jp/image/tr/api/re/gJNfM/?f_hotel_no=49348,ぶるーぽーとほてるかんだきたきゅうしゅうくうこう,苅田北九州空港ICより車で約1分★駐車場無料★種類豊富な朝食ビュッフェが大人気♪,3800,121689.16,471527.17,800-0365,福岡県,京都郡苅田町苅田3787-61,093-475-8844,093-475-8944,JR朽網（くさみ）駅より北九州空港行きバス約6分。苅田北九州空港ＩＣより車で1分,有り80台（全て平面）無料　普通車予約不要　各種トラックやバスも無料OK（要予約）,苅田,https://img.travel.rakuten.co.jp/share/HOTEL/49348/49348.jpg,https://img.travel.rakuten.co.jp/HIMG/90/49348.jpg,https://img.travel.rakuten.co.jp/share/HOTEL/49348/49348_ro.jpg,https://img.travel.rakuten.co.jp/HIMG/INTERIOR/49348.jpg,https://img.travel.rakuten.co.jp/share/HOTEL/49348/49348map.gif,1256.0,3.95,"ツインの部屋をとっていましたが、車椅子利用に気づいた受付の方が、ユニバーサルルームが空いていることを教えてくれて、段差のない部屋を利用することができまし…　2026-05-02 12:54:08投稿 <a href=""https://img.travel.rakuten.co.jp/image/tr/api/re/gJNfM/?f_hotel_no=49348"" class=""3click"">つづきはこちら</a>",230,ワケあり部屋■シングルルーム■ベッド幅120cm,3982655.0,【禁喫選択不可】朝食付き♪室数限定！お得に泊まろうワケありプラン★駐車場無料★,1,0,0,1,0,1,https://img.travel.rakuten.co.jp/image/tr/api/re/IdsCY/?f_no=49348&f_syu=230&f_hi1=2026-05-04&f_hi2=2026-05-05&f_heya_su=1&f_otona_su=1&f_s1=0&f_s2=0&f_y1=0&f_y2=0&f_y3=0&f_y4=0&f_camp_id=3982655,0,2026-05-04,9800,9800,0,2026-05-04,buzen
15460,ビジネスホテル　ゆくはし,https://img.travel.rakuten.co.jp/image/tr/api/re/pvonD/?f_no=15460,https://img.travel.rakuten.co.jp/image/tr/api/re/vFumt/?f_no=15460&f_flg=PLAN,https://img.travel.rakuten.co.jp/image/tr/api/re/WzozX/?noTomariHotel=15460,https://img.travel.rakuten.co.jp/image/tr/api/re/gJNfM/?f_hotel_no=15460,ゆくはし,駐車場無料・全室バストイレ独立型の客室・徒歩圏内にコンビニ、飲食店、ドラッグストアあり,6000,121408.83,471493.98,824-0031,福岡県,行橋市西宮市2-20-15,0930-22-1333,0930-22-7553,JR行橋駅[特急停車駅]西口から徒歩3分　東九州道[行橋インター]より車で約8分,無料駐車場あり(30台)、大型車（トラック、マイクロバス）の場合は事前にご相談下さい,行橋,https://img.travel.rakuten.co.jp/share/HOTEL/15460/15460.jpg,https://img.travel.rakuten.co.jp/HIMG/90/15460.jpg,https://img.travel.rakuten.co.jp/share/HOTEL/15460/15460_sig.jpg,https://img.travel.rakuten.co.jp/HIMG/INTERIOR/15460.jpg,https://img.travel.rakuten.co.jp/share/HOTEL/15460/15460map.gif,174.0,3.8,"フロントの方も感じ良く、また利用させていただき…　2026-04-20 22:32:09投稿 <a href=""https://img.travel.rakuten.co.jp/image/tr/api/re/gJNfM/?f_hotel_no=15460"" class=""3click"">つづきはこちら</a>",sk,〈禁煙・シングル〉全室バストイレ独立型のお部屋♪,2443427.0,【素泊まり・シングル】行橋駅西口(特急停車駅)より徒歩3分♪シンプルな素泊まりプラン♪,1,0,0,0,0,1,https://img.travel.rakuten.co.jp/image/tr/api/re/IdsCY/?f_no=15460&f_syu=sk&f_hi1=2026-05-04&f_hi2=2026-05-05&f_heya_su=1&f_otona_su=1&f_s1=0&f_s2=0&f_y1=0&f_y2=0&f_y3=0&f_y4=0&f_camp_id=2443427,0,2026-05-04,8000,8000,1,2026-05-04,buzen
147642,ＨＯＴＥＬ　ＡＺ　福岡築上店,https://img.travel.rakuten.co.jp/image/tr/api/re/pvonD/?f_no=147642,https://img.travel.rakuten.co.jp/image/tr/api/re/vFumt/?f_no=147642&f_flg=PLAN,https://img.travel.rakuten.co.jp/image/tr/api/re/WzozX/?noTomariHotel=147642,https://img.travel.rakuten.co.jp/image/tr/api/re/gJNfM/?f_hotel_no=147642,ほてる　えーぜっと　ふくおかちくじょうてん,東九州道（椎田道路）築城ＩＣより車で約7分☆北九州空港から車で4０分☆平面駐車場無料・朝食無料・ネット接続無料☆,4620,121189.56,471782.48,829-0342,福岡県,築上郡築上町東八田67-1,0930-57-3301,0930-57-3302,東九州自動車道（椎田道路）築城ＩＣより車で約7分 /ＪＲ築城駅より車で5分/ 北九州空港から車で約40分（高速利用）,無料平面駐車場150台あり　普通車：予約不要 、中型車・大型車：要予約（有料）,築城,https://img.travel.rakuten.co.jp/share/HOTEL/147642/147642.jpg,https://img.travel.rakuten.co.jp/HIMG/90/147642.jpg,https://img.travel.rakuten.co.jp/share/HOTEL/147642/147642_kan1.jpg,https://img.travel.rakuten.co.jp/HIMG/INTERIOR/147642.jpg,https://img.travel.rakuten.co.jp/share/HOTEL/147642/147642map.gif,88.0,4.18,"100…　2026-04-27 20:02:05投稿 <a href=""https://img.travel.rakuten.co.jp/image/tr/api/re/gJNfM/?f_hotel_no=147642"" class=""3click"">つづきはこちら</a>",s,【喫煙】シングル,6108346.0,スタンダードプラン（朝食サービス）,1,0,0,1,0,1,https://img.travel.rakuten.co.jp/image/tr/api/re/IdsCY/?f_no=147642&f_syu=s&f_hi1=2026-05-04&f_hi2=2026-05-05&f_heya_su=1&f_otona_su=1&f_s1=0&f_s2=0&f_y1=0&f_y2=0&f_y3=0&f_y4=0&f_camp_id=6108346,0,2026-05-04,6380,6380,0,2026-05-04,buzen
196719,ホテルカームプレイス,https://img.travel.rakuten.co.jp/image/tr/api/re/pvonD/?f_no=196719,https://img.travel.rakuten.co.jp/image/tr/api/re/vFumt/?f_no=196719&f_flg=PLAN,https://img.travel.rakuten.co.jp/image/tr/api/re/WzozX/?noTomariHotel=196719,https://img.travel.rakuten.co.jp/image/tr/api/re/gJNfM/?f_hotel_no=196719,ほてるかーむぷれいす,2025年3月新規開業！新しいお部屋でごゆっくりお過ごしください。漫画を500冊程置いております。,4020,121609.75,471558.66,800-0313,福岡県,京都郡苅田町磯浜町1-3-3,093-436-5560,093-436-5561,JR苅田駅より車で5分、徒歩15分。25号門司行橋線沿いすぐの好立地,有り　19台　無料　予約不要,苅田,https://img.travel.rakuten.co.jp/share/HOTEL/196719/196719.jpg,https://img.travel.rakuten.co.jp/HIMG/90/196719.jpg,,,https://img.travel.rakuten.co.jp/share/HOTEL/196719/196719map.gif,20.0,3.85,"クチコミの詳細はこちらから　https://re…　2026-04-18 18:24:30投稿 <a href=""https://img.travel.rakuten.co.jp/image/tr/api/re/gJNfM/?f_hotel_no=196719"" class=""3click"">つづきはこちら</a>",06,シングルルーム■11.8平米／セミダブルベッド,6252698.0,≪新規開業≫快適な空間で上質な眠りを●素泊りプラン●,1,0,0,0,0,1,https://img.travel.rakuten.co.jp/image/tr/api/re/IdsCY/?f_no=196719&f_syu=06&f_hi1=2026-05-04&f_hi2=2026-05-05&f_heya_su=1&f_otona_su=1&f_s1=0&f_s2=0&f_y1=0&f_y2=0&f_y3=0&f_y4=0&f_camp_id=6252698,0,2026-05-04,8700,8700,0,2026-05-04,buzen
151183,割烹旅館　紀文,https://img.travel.rakuten.co.jp/image/tr/api/re/pvonD/?f_no=151183,https://img.travel.rakuten.co.jp/image/tr/api/re/vFumt/?f_no=151183&f_flg=PLAN,https://img.travel.rakuten.co.jp/image/tr/api/re/WzozX/?noTomariHotel=151183,https://img.travel.rakuten.co.jp/image/tr/api/re/gJNfM/?f_hotel_no=151183,かっぽうりょかん　きぶん,ＪＲ築城駅から徒歩５分。築城ＩＣより車で５分 。お食事は個室をご案内,4950,121206.76,471737.25,829-0101,福岡県,築上郡築上町東築城116-1,0930-52-0050,0930-52-0100,ＪＲ日豊本線　築城駅より徒歩にて約５分,有り　１０台　無料　予約不要,築城,https://img.travel.rakuten.co.jp/share/HOTEL/151183/151183.jpg,https://img.travel.rakuten.co.jp/HIMG/90/151183.jpg,https://img.travel.rakuten.co.jp/share/HOTEL/151183/151183_kan1.jpg,https://img.travel.rakuten.co.jp/HIMG/INTERIOR/151183.jpg,https://img.travel.rakuten.co.jp/share/HOTEL/151183/151183map.gif,25.0,4.7,,single2,【バストイレ無し】シングル,5755602.0,【直前割】直前予約で10％OFF！気ままな素泊りでお得旅♪,1,0,0,0,0,1,https://img.travel.rakuten.co.jp/image/tr/api/re/IdsCY/?f_no=151183&f_syu=single2&f_hi1=2026-05-04&f_hi2=2026-05-05&f_heya_su=1&f_otona_su=1&f_s1=0&f_s2=0&f_y1=0&f_y2=0&f_y3=0&f_y4=0&f_camp_id=5755602,0,2026-05-04,6300,6300,0,2026-05-04,buzen
19687,ホテルニューガイア　オームタガーデン,https://img.travel.rakuten.co.jp/image/tr/api/re/pvonD/?f_no=19687,https://img.travel.rakuten.co.jp/image/tr/api/re/vFumt/?f_no=19687&f_flg=PLAN,https://img.travel.rakuten.co.jp/image/tr/api/re/WzozX/?noTomariHotel=19687,https://img.travel.rakuten.co.jp/image/tr/api/re/gJNfM/?f_hotel_no=19687,おーむた　がーでん,宿泊者専用ラウンジのフリーフローサービスが充実！2025年2月1日よりスカイラウンジも全宿泊者対象に！,5150,118923.76,469629.25,836-0807,福岡県,大牟田市旭町三丁目3番地3,0944-51-1111,0944-51-0510,天神から西鉄電車特急で60分、西鉄新栄町駅下車徒歩3分/九州道南関ＩＣより車で25分,"有料　120台駐車可　ご宿泊者の方は1泊1,000円にてご利用いただけます。",新栄町（福岡）,https://img.travel.rakuten.co.jp/share/HOTEL/19687/19687.jpg,https://img.travel.rakuten.co.jp/HIMG/90/19687.jpg,https://img.travel.rakuten.co.jp/share/HOTEL/19687/19687_heya1.jpg,https://img.travel.rakuten.co.jp/HIMG/INTERIOR/19687.jpg,https://img.travel.rakuten.co.jp/share/HOTEL/19687/19687map.gif,1270.0,3.96,"館…　2026-04-25 00:50:10投稿 <a href=""https://img.travel.rakuten.co.jp/image/tr/api/re/gJNfM/?f_hotel_no=19687"" class=""3click"">つづきはこちら</a>",pscn,【禁煙】プレミアムフロア スタンダードシングル,5584393.0,【プレミアムフロア】6大特典付き♪特典多数の快適プレミアムプラン,1,0,0,0,0,1,https://img.travel.rakuten.co.jp/image/tr/api/re/IdsCY/?f_no=19687&f_syu=pscn&f_hi1=2026-05-04&f_hi2=2026-05-05&f_heya_su=1&f_otona_su=1&f_s1=0&f_s2=0&f_y1=0&f_y2=0&f_y3=0&f_y4=0&f_camp_id=5584393,0,2026-05-04,14500,14500,0,2026-05-04,chikugo
161064,ホテルルートイン柳川駅前,https://img.travel.rakuten.co.jp/image/tr/api/re/pvonD/?f_no=161064,https://img.travel.rakuten.co.jp/image/tr/api/re/vFumt/?f_no=161064&f_flg=PLAN,https://img.travel.rakuten.co.jp/image/tr/api/re/WzozX/?noTomariHotel=161064,https://img.travel.rakuten.co.jp/image/tr/api/re/gJNfM/?f_hotel_no=161064,るーといんやながわえきまえ,ＷＯＷＯＷ全室で無料視聴可■VODルームシアター無料視聴可能(一般映画のみ・コンフォートルーム特典）■Wi-Fi利用可,6150,119383.85,469521.33,832-0822,福岡県,柳川市三橋町下百町210-10,050-5824-4101,0944-75-1552,西鉄天神大牟田線 西鉄柳川駅東口より徒歩にて約１分／九州自動車道みやま柳川ＩＣより車で約18分,有り　７９台　無料　（先着順）,西鉄柳川,https://img.travel.rakuten.co.jp/share/HOTEL/161064/161064.jpg,https://img.travel.rakuten.co.jp/HIMG/90/161064.jpg,,,https://img.travel.rakuten.co.jp/share/HOTEL/161064/161064map.gif,576.0,4.31,"クチコミの詳細はこちらから　https://revie…　2026-04-17 17:51:49投稿 <a href=""https://img.travel.rakuten.co.jp/image/tr/api/re/gJNfM/?f_hotel_no=161064"" class=""3click"">つづきはこちら</a>",s,■喫煙■シングルルーム,5036090.0,〜 お土産付プラン 〜【柳川名物 ゆずすこ or のりクロ付】〜柳川のお土産に如何でしょうか〜,1,0,0,1,0,1,https://img.travel.rakuten.co.jp/image/tr/api/re/IdsCY/?f_no=161064&f_syu=s&f_hi1=2026-05-04&f_hi2=2026-05-05&f_heya_su=1&f_otona_su=1&f_s1=0&f_s2=0&f_y1=0&f_y2=0&f_y3=0&f_y4=0&f_camp_id=5036090,0,2026-05-04,12650,12650,0,2026-05-04,chikugo
147664,ビジネスインこめや,https://img.travel.rakuten.co.jp/image/tr/api/re/pvonD/?f_no=147664,https://img.travel.rakuten.co.jp/image/tr/api/re/vFumt/?f_no=147664&f_flg=PLAN,https://img.travel.rakuten.co.jp/image/tr/api/re/WzozX/?noTomariHotel=147664,https://img.travel.rakuten.co.jp/image/tr/api/re/gJNfM/?f_hotel_no=147664,びじねすいんこめや,大牟田駅から徒歩1分のビジネスホテルです。繁華街まで徒歩１０分圏内でいけます。直接料金お問い合わせさい。,3800,118898.73,469597.68,836-0047,福岡県,大牟田市大正町4-2-2,0944-31-3328,0944-31-4306,大牟田駅西口より徒歩にて約１分,有り　無料　予約画面にて、車のナンバー（最後の４ケタと地方）を備考欄に記入してください。,大牟田,https://img.travel.rakuten.co.jp/share/HOTEL/147664/147664.jpg,https://img.travel.rakuten.co.jp/HIMG/90/147664.jpg,,,https://img.travel.rakuten.co.jp/share/HOTEL/147664/147664map.gif,131.0,3.84,"クチ…　2026-04-04 17:26:56投稿 <a href=""https://img.travel.rakuten.co.jp/image/tr/api/re/gJNfM/?f_hotel_no=147664"" class=""3click"">つづきはこちら</a>",aabb918,シングル（禁煙）,,,1,0,0,0,0,1,https://img.travel.rakuten.co.jp/image/tr/api/re/IdsCY/?f_no=147664&f_syu=aabb918&f_hi1=2026-05-04&f_hi2=2026-05-05&f_heya_su=1&f_otona_su=1&f_s1=0&f_s2=0&f_y1=0&f_y2=0&f_y3=0&f_y4=0,1,2026-05-04,6000,6000,0,2026-05-04,chikugo
145477,大川リバーサイドホテル,https://img.travel.rakuten.co.jp/image/tr/api/re/pvonD/?f_no=145477,https://img.travel.rakuten.co.jp/image/tr/api/re/vFumt/?f_no=145477&f_flg=PLAN,https://img.travel.rakuten.co.jp/image/tr/api/re/WzozX/?noTomariHotel=145477,https://img.travel.rakuten.co.jp/image/tr/api/re/gJNfM/?f_hotel_no=145477,おおかわりばーさいどほてる,佐賀市内へ車で約２０分。柳川市内へ車で約１５分。福岡市内へ車で約１時間半。 ビジネスや観光に是非ご利用下さい。,4400,119532.84,469367.41,831-0004,福岡県,大川市榎津218-1,0944-86-2200,0944-86-2201,西鉄柳川駅から車で１５分、九州佐賀国際空港から車で２５分、ＪＲ佐賀駅から車で２５分,有り　２２台　無料(先着順）,西鉄柳川,https://img.travel.rakuten.co.jp/share/HOTEL/145477/145477.jpg,https://img.travel.rakuten.co.jp/HIMG/90/145477.jpg,https://img.travel.rakuten.co.jp/share/HOTEL/145477/145477_kan1.jpg,https://img.travel.rakuten.co.jp/HIMG/INTERIOR/145477.jpg,https://img.travel.rakuten.co.jp/share/HOTEL/145477/145477map.gif,146.0,3.98,"クチコミの詳細はこちらから　https://review.travel.rakuten.co.jp/hotel/voice/…　2026-04-06 15:51:56投稿 <a href=""https://img.travel.rakuten.co.jp/image/tr/api/re/gJNfM/?f_hotel_no=145477"" class=""3click"">つづきはこちら</a>",nds,【禁煙】デラックスシングル (佐賀・柳川でのビジネスに♪),4312174.0,【Okawa Riverside Hotel】スタンダードプラン／朝食和洋バイキング無料 ,1,0,0,1,0,1,https://img.travel.rakuten.co.jp/image/tr/api/re/IdsCY/?f_no=145477&f_syu=nds&f_hi1=2026-05-04&f_hi2=2026-05-05&f_heya_su=1&f_otona_su=1&f_s1=0&f_s2=0&f_y1=0&f_y2=0&f_y3=0&f_y4=0&f_camp_id=4312174,0,2026-05-04,9700,9700,0,2026-05-04,chikugo
172388,ビジネスインこめや２号館,https://img.travel.rakuten.co.jp/image/tr/api/re/pvonD/?f_no=172388,https://img.travel.rakuten.co.jp/image/tr/api/re/vFumt/?f_no=172388&f_flg=PLAN,https://img.travel.rakuten.co.jp/image/tr/api/re/WzozX/?noTomariHotel=172388,https://img.travel.rakuten.co.jp/image/tr/api/re/gJNfM/?f_hotel_no=172388,びじねすいんこめやにごうかん,大牟田駅から徒歩２分！漫画本貸し出しも自転車貸し出しもWi-Fiも無料！安くて駅近といえばココ☆,3800,118896.34,469598.36,836-0046,福岡県,大牟田市本町4-7-13,0944-31-4269,0944-31-4306,ＪＲ／西鉄　大牟田駅西口より徒歩にて約２分,有り　５０台　無料　要予約(備考欄に車のナンバーと台数を記入して下さい),大牟田,https://img.travel.rakuten.co.jp/share/HOTEL/172388/172388.jpg,https://img.travel.rakuten.co.jp/HIMG/90/172388.jpg,,,https://img.travel.rakuten.co.jp/share/HOTEL/172388/172388map.gif,119.0,4.02,"クチコミの詳細はこちらから　https://review.travel.rakuten.c…　2026-05-02 04:49:26投稿 <a href=""https://img.travel.rakuten.co.jp/image/tr/api/re/gJNfM/?f_hotel_no=172388"" class=""3click"">つづきはこちら</a>",aabb918,シングルルーム　(禁煙)　,,,1,0,0,0,0,1,https://img.travel.rakuten.co.jp/image/tr/api/re/IdsCY/?f_no=172388&f_syu=aabb918&f_hi1=2026-05-04&f_hi2=2026-05-05&f_heya_su=1&f_otona_su=1&f_s1=0&f_s2=0&f_y1=0&f_y2=0&f_y3=0&f_y4=0,1,2026-05-04,6000,6000,0,2026-05-04,chikugo
56158,ニューロイヤルホテル,https://img.travel.rakuten.co.jp/image/tr/api/re/pvonD/?f_no=56158,https://img.travel.rakuten.co.jp/image/tr/api/re/vFumt/?f_no=56158&f_flg=PLAN,https://img.travel.rakuten.co.jp/image/tr/api/re/WzozX/?noTomariHotel=56158,https://img.travel.rakuten.co.jp/image/tr/api/re/gJNfM/?f_hotel_no=56158,にゅーろいやるほてる,西鉄・ＪＲ駅から徒歩１０分。繁華街、飲食店へ歩いて１０分以内で移動できます。,6950,118907.23,469611.0,836-0044,福岡県,大牟田市古町2-9,0944-53-2800,0944-53-2855,ＪＲ・西鉄　大牟田駅から徒歩１０分,"21台。普通車500円/泊。大型車1,500円/泊。駐車場予約車1,100円/泊。 防犯カメラ設置",大牟田,https://img.travel.rakuten.co.jp/share/HOTEL/56158/56158.jpg,https://img.travel.rakuten.co.jp/HIMG/90/56158.jpg,https://img.travel.rakuten.co.jp/share/HOTEL/56158/56158_ky.jpg,https://img.travel.rakuten.co.jp/HIMG/INTERIOR/56158.jpg,https://img.travel.rakuten.co.jp/share/HOTEL/56158/56158map.gif,369.0,3.45,"クチコミの詳細はこちらから…　2026-02-23 07:20:50投稿 <a href=""https://img.travel.rakuten.co.jp/image/tr/api/re/gJNfM/?f_hotel_no=56158"" class=""3click"">つづきはこちら</a>",rfs,◆◇シングル◆◇喫煙,6445500.0,【決算最安値セール】　シングル喫煙　素泊まりプラン　通常7950円→6950円！,1,0,0,0,0,1,https://img.travel.rakuten.co.jp/image/tr/api/re/IdsCY/?f_no=56158&f_syu=rfs&f_hi1=2026-05-04&f_hi2=2026-05-05&f_heya_su=1&f_otona_su=1&f_s1=0&f_s2=0&f_y1=0&f_y2=0&f_y3=0&f_y4=0&f_camp_id=6445500,0,2026-05-04,6950,6950,0,2026-05-04,chikugo
37370,グランドホテル　清風荘,https://img.travel.rakuten.co.jp/image/tr/api/re/pvonD/?f_no=37370,https://img.travel.rakuten.co.jp/image/tr/api/re/vFumt/?f_no=37370&f_flg=PLAN,https://img.travel.rakuten.co.jp/image/tr/api/re/WzozX/?noTomariHotel=37370,https://img.travel.rakuten.co.jp/image/tr/api/re/gJNfM/?f_hotel_no=37370,ぐらんどほてる　せいふうそう,アクセス抜群！ＪＲ＆西鉄大牟田駅から最寄の徒歩５分！ビジネスから観光、企業様向け長期滞在にも最適！大浴場完備♪,4500,118885.3,469617.91,836-0862,福岡県,大牟田市原山町2-4,0944-56-1212,0944-51-5963,ＪＲ＆西鉄大牟田駅から徒歩５分　九州自動車道南関ＩＣから車で約20分,有り　30台　無料　先着順,大牟田,https://img.travel.rakuten.co.jp/share/HOTEL/37370/37370.jpg,https://img.travel.rakuten.co.jp/HIMG/90/37370.jpg,https://img.travel.rakuten.co.jp/share/HOTEL/37370/37370_s.jpg,https://img.travel.rakuten.co.jp/HIMG/INTERIOR/37370.jpg,https://img.travel.rakuten.co.jp/share/HOTEL/37370/37370map.gif,323.0,2.94,"クチコミの詳…　2026-04-05 12:40:39投稿 <a href=""https://img.travel.rakuten.co.jp/image/tr/api/re/gJNfM/?f_hotel_no=37370"" class=""3click"">つづきはこちら</a>",014,＜別館和シングル＞バストイレ別館共用【禁煙】,6218458.0,【別館／素泊まり】＜ノスタルジックな一軒家ステイ＞大牟田駅東口から徒歩5分！大浴場・駐車場あり,1,0,0,0,0,1,https://img.travel.rakuten.co.jp/image/tr/api/re/IdsCY/?f_no=37370&f_syu=014&f_hi1=2026-05-04&f_hi2=2026-05-05&f_heya_su=1&f_otona_su=1&f_s1=0&f_s2=0&f_y1=0&f_y2=0&f_y3=0&f_y4=0&f_camp_id=6218458,0,2026-05-04,6000,6000,0,2026-05-04,chikugo
56969,ビジネスｉｎn　清風荘,https://img.travel.rakuten.co.jp/image/tr/api/re/pvonD/?f_no=56969,https://img.travel.rakuten.co.jp/image/tr/api/re/vFumt/?f_no=56969&f_flg=PLAN,https://img.travel.rakuten.co.jp/image/tr/api/re/WzozX/?noTomariHotel=56969,https://img.travel.rakuten.co.jp/image/tr/api/re/gJNfM/?f_hotel_no=56969,びじねすいん　せいふうそう,"家庭的な雰囲気のビジネスホテル。長期滞在,スポーツの合宿等にも便利 で、お部屋もホテルタイプと旅館タイプがございます。",2950,119520.31,469366.43,831-0004,福岡県,大川市榎津295-4,0944-86-5513,0944-86-5496,西鉄　柳川駅より車で１５分／ＪＲ　佐賀駅より車で２5分/ホークスベースボールパーク、筑後広域公園運動場から車で２０分,有り　１５台　無料　予約不要,西鉄柳川,https://img.travel.rakuten.co.jp/share/HOTEL/56969/56969.jpg,https://img.travel.rakuten.co.jp/HIMG/90/56969.jpg,,,https://img.travel.rakuten.co.jp/share/HOTEL/56969/56969map.gif,84.0,3.9,,1,本館 バス、トイレ付ベッド又は和室ーウォシュレット完備ー ,5950198.0,本館 （バス、トイレ付）ウォシュレット完備              ====　朝食付 ====,1,0,0,1,0,1,https://img.travel.rakuten.co.jp/image/tr/api/re/IdsCY/?f_no=56969&f_syu=1&f_hi1=2026-05-04&f_hi2=2026-05-05&f_heya_su=1&f_otona_su=1&f_s1=0&f_s2=0&f_y1=0&f_y2=0&f_y3=0&f_y4=0&f_camp_id=5950198,0,2026-05-04,6250,6250,0,2026-05-04,chikugo
104773,旅館白秀,https://img.travel.rakuten.co.jp/image/tr/api/re/pvonD/?f_no=104773,https://img.travel.rakuten.co.jp/image/tr/api/re/vFumt/?f_no=104773&f_flg=PLAN,https://img.travel.rakuten.co.jp/image/tr/api/re/WzozX/?noTomariHotel=104773,https://img.travel.rakuten.co.jp/image/tr/api/re/gJNfM/?f_hotel_no=104773,りょかんはくしゅう,駅 市街地近し！！★スーパー・コインランドリー徒歩１分★コンビニ至近★短期・長期滞在に最適★駐車場完備,5300,118877.61,469608.48,836-0861,福岡県,大牟田市宝坂町1-2-5,0944-54-2807,0944-56-7012,西鉄、ＪＲ　大牟田駅より徒歩にて５分／南関インターより２０分,有り１４台 無料 大型車は要連絡,大牟田,https://img.travel.rakuten.co.jp/share/HOTEL/104773/104773.jpg,https://img.travel.rakuten.co.jp/HIMG/90/104773.jpg,https://img.travel.rakuten.co.jp/share/HOTEL/104773/104773_ru.jpg,https://img.travel.rakuten.co.jp/HIMG/INTERIOR/104773.jpg,https://img.travel.rakuten.co.jp/share/HOTEL/104773/104773map.gif,84.0,4.56,,neage3,和室6畳 素泊まり,,,1,0,0,0,0,1,https://img.travel.rakuten.co.jp/image/tr/api/re/IdsCY/?f_no=104773&f_syu=neage3&f_hi1=2026-05-04&f_hi2=2026-05-05&f_heya_su=1&f_otona_su=1&f_s1=0&f_s2=0&f_y1=0&f_y2=0&f_y3=0&f_y4=0,1,2026-05-04,5500,5500,0,2026-05-04,chikugo
13423,ビジネスホテル　わらじ家本館,https://img.travel.rakuten.co.jp/image/tr/api/re/pvonD/?f_no=13423,https://img.travel.rakuten.co.jp/image/tr/api/re/vFumt/?f_no=13423&f_flg=PLAN,https://img.travel.rakuten.co.jp/image/tr/api/re/WzozX/?noTomariHotel=13423,https://img.travel.rakuten.co.jp/image/tr/api/re/gJNfM/?f_hotel_no=13423,わらじや　ほんかん,清潔、閑静な宿。家族的なおもてなし。,3300,118902.67,469626.04,8360837,福岡県,大牟田市谷町2-6,0944-52-3184,0944-52-3197,『JR大牟田駅』より徒歩8分／九州自動車道『南関IC』より車で20分,無料駐車場15台有り（先着順）,大牟田,https://img.travel.rakuten.co.jp/share/HOTEL/13423/13423.jpg,https://img.travel.rakuten.co.jp/HIMG/90/13423.jpg,https://img.travel.rakuten.co.jp/share/HOTEL/13423/13423_w.jpg,https://img.travel.rakuten.co.jp/HIMG/INTERIOR/13423.jpg,https://img.travel.rakuten.co.jp/share/HOTEL/13423/13423map.gif,127.0,3.0,,singul8,シングル,,,1,0,0,0,0,1,https://img.travel.rakuten.co.jp/image/tr/api/re/IdsCY/?f_no=13423&f_syu=singul8&f_hi1=2026-05-04&f_hi2=2026-05-05&f_heya_su=1&f_otona_su=1&f_s1=0&f_s2=0&f_y1=0&f_y2=0&f_y3=0&f_y4=0,1,2026-05-04,5170,5170,0,2026-05-04,chikugo
18461,柳川ビジネスホテル,https://img.travel.rakuten.co.jp/image/tr/api/re/pvonD/?f_no=18461,https://img.travel.rakuten.co.jp/image/tr/api/re/vFumt/?f_no=18461&f_flg=PLAN,https://img.travel.rakuten.co.jp/image/tr/api/re/WzozX/?noTomariHotel=18461,https://img.travel.rakuten.co.jp/image/tr/api/re/gJNfM/?f_hotel_no=18461,やながわ　びじねすほてる,西鉄柳川駅より徒歩５分　｢川下り」乗船場にも隣接してビジネスにも観光にも最適です！　Wi-Fi全室無料♪駐車場無料♪,4000,119393.49,469510.22,832-0826,福岡県,柳川市三橋町高畑243-1,0944-74-1500,0944-72-4268,西鉄柳川駅より徒歩5分/九州自動車道みやま柳川ＩＣより車で約１０分,有り　２０台無料,西鉄柳川,https://img.travel.rakuten.co.jp/share/HOTEL/18461/18461.jpg,https://img.travel.rakuten.co.jp/HIMG/90/18461.jpg,https://img.travel.rakuten.co.jp/share/HOTEL/18461/18461_r.jpg,https://img.travel.rakuten.co.jp/HIMG/INTERIOR/18461.jpg,https://img.travel.rakuten.co.jp/share/HOTEL/18461/18461map.gif,170.0,3.56,"建物は古いものの、部屋の掃除も綺麗にしており、費用の割にお得な感じです。駅までも近いので便利です。車で行くルートはよく確認したほうが良い。最後の100mを迷った。…　2026-04-20 19:05:07投稿 <a href=""https://img.travel.rakuten.co.jp/image/tr/api/re/gJNfM/?f_hotel_no=18461"" class=""3click"">つづきはこちら</a>",sk,スタンダードシングル【禁煙】,6422788.0,【春SALE】添い寝でお得に！プラン,1,0,0,0,0,0,https://img.travel.rakuten.co.jp/image/tr/api/re/IdsCY/?f_no=18461&f_syu=sk&f_hi1=2026-05-04&f_hi2=2026-05-05&f_heya_su=1&f_otona_su=1&f_s1=0&f_s2=0&f_y1=0&f_y2=0&f_y3=0&f_y4=0&f_camp_id=6422788,0,2026-05-04,8800,8800,0,2026-05-04,chikugo
43814,松葉屋,https://img.travel.rakuten.co.jp/image/tr/api/re/pvonD/?f_no=43814,https://img.travel.rakuten.co.jp/image/tr/api/re/vFumt/?f_no=43814&f_flg=PLAN,https://img.travel.rakuten.co.jp/image/tr/api/re/WzozX/?noTomariHotel=43814,https://img.travel.rakuten.co.jp/image/tr/api/re/gJNfM/?f_hotel_no=43814,まつばや,"1958年創業した古い旅館です。佐賀、熊本、福岡と交通の便がよく有明海の豊かな魚介類でおもてなしします,",3800,119229.71,469588.82,839-0254,福岡県,柳川市大和町中島673,0944-76-3212,0944-76-4084,西鉄天神大牟田線  西鉄中島駅より徒歩１分,有り　１４台　無料　先着順,西鉄中島,https://img.travel.rakuten.co.jp/share/HOTEL/43814/43814.jpg,https://img.travel.rakuten.co.jp/HIMG/90/43814.jpg,https://img.travel.rakuten.co.jp/share/HOTEL/43814/43814_s.jpg,https://img.travel.rakuten.co.jp/HIMG/INTERIOR/43814.jpg,https://img.travel.rakuten.co.jp/share/HOTEL/43814/43814map.gif,29.0,4.6,,a,和室1名,2976582.0,ビジネスプラン　食事無し,1,0,0,0,0,2,https://img.travel.rakuten.co.jp/image/tr/api/re/IdsCY/?f_no=43814&f_syu=a&f_hi1=2026-05-04&f_hi2=2026-05-05&f_heya_su=1&f_otona_su=1&f_s1=0&f_s2=0&f_y1=0&f_y2=0&f_y3=0&f_y4=0&f_camp_id=2976582,0,2026-05-04,5200,5200,0,2026-05-04,chikugo
191089,エンパイアスカイリッジホテル／民泊,https://img.travel.rakuten.co.jp/image/tr/api/re/pvonD/?f_no=191089,https://img.travel.rakuten.co.jp/image/tr/api/re/vFumt/?f_no=191089&f_flg=PLAN,,https://img.travel.rakuten.co.jp/image/tr/api/re/gJNfM/?f_hotel_no=191089,,　,8700,119662.33,469837.89,833-0001,福岡県,筑後市一条1327-1　エンパイア・スカイリッジホテル,090-9659-7651,000-000-0000,西牟田駅から徒歩で約４分,有り,西牟田,https://img.travel.rakuten.co.jp/share/HOTEL/191089/191089.jpg,https://img.travel.rakuten.co.jp/HIMG/90/191089.jpg,,,https://img.travel.rakuten.co.jp/share/HOTEL/191089/191089map.gif,1.0,,,r20510_2,ROOM本社ビル802,6461824.0,【1LDK 】ゆったりマンションステイ,1,0,0,0,0,2,https://img.travel.rakuten.co.jp/image/tr/api/re/IdsCY/?f_no=191089&f_syu=r20510_2&f_hi1=2026-05-04&f_hi2=2026-05-05&f_heya_su=1&f_otona_su=1&f_s1=0&f_s2=0&f_y1=0&f_y2=0&f_y3=0&f_y4=0&f_camp_id=6461824,0,2026-05-04,71920,71920,0,2026-05-04,chikugo
196668,Ｐｒｅｃｉｏｕｓ　ＣＡＢＩＮ　キャビン型カプセルホテル,https://img.travel.rakuten.co.jp/image/tr/api/re/pvonD/?f_no=196668,https://img.travel.rakuten.co.jp/image/tr/api/re/vFumt/?f_no=196668&f_flg=PLAN,,https://img.travel.rakuten.co.jp/image/tr/api/re/gJNfM/?f_hotel_no=196668,ぷれしゃすきゃびん　きゃびんがたかぷせるほてる,九州最多の4種のサウナや温泉、リラクゼーションルーム使い放題！充実のキャビンライフが過ごせます♪コワーキングにも◎,6500,118834.91,469694.1,836-0895,福岡県,大牟田市新勝立町6-37,0944-53-8126,--,博多駅もしくは天神駅から電車で約1時間　大牟田駅下車　そこから車で約10分,あり　240台　無料　予約不要,大牟田,https://img.travel.rakuten.co.jp/share/HOTEL/196668/196668.jpg,https://img.travel.rakuten.co.jp/HIMG/90/196668.jpg,,,https://img.travel.rakuten.co.jp/share/HOTEL/196668/196668map.gif,21.0,4.0,"クチコミの詳細はこちらから　https://review.travel.rakuten.co.jp/hotel/voice/196668?review…　2026-02-21 17:20:54投稿 <a href=""https://img.travel.rakuten.co.jp/image/tr/api/re/gJNfM/?f_hotel_no=196668"" class=""3click"">つづきはこちら</a>",2,＜女性専用＞キャビン,6266205.0,【スタンダード】最高の湯内に新OPEN★個室感覚でリーズナブルなキャビンステイ＜朝食サービス付＞,1,0,0,1,0,2,https://img.travel.rakuten.co.jp/image/tr/api/re/IdsCY/?f_no=196668&f_syu=2&f_hi1=2026-05-04&f_hi2=2026-05-05&f_heya_su=1&f_otona_su=1&f_s1=0&f_s2=0&f_y1=0&f_y2=0&f_y3=0&f_y4=0&f_camp_id=6266205,0,2026-05-04,7000,7000,0,2026-05-04,chikugo
172633,グリーンリッチホテル久留米　天然温泉・有馬六ツ門の湯,https://img.travel.rakuten.co.jp/image/tr/api/re/pvonD/?f_no=172633,https://img.travel.rakuten.co.jp/image/tr/api/re/vFumt/?f_no=172633&f_flg=PLAN,https://img.travel.rakuten.co.jp/image/tr/api/re/WzozX/?noTomariHotel=172633,https://img.travel.rakuten.co.jp/image/tr/api/re/gJNfM/?f_hotel_no=172633,ぐりーんりっちほてるくるめ　,久留米唯一の天然温泉大浴場完備のデザイナーズホテル　酸素ルーム有り　好評！朝食バイキング,4100,119926.87,469857.01,830-0017,福岡県,久留米市日吉町18-1,0942-39-3000,0942-46-3300,●西鉄久留米駅より車で3分、JR久留米駅より車で3分●福岡空港連絡バス停「六ツ門」徒歩3分●,"有　車高制限：185cm　１泊1,200円■先着順■満車時は近隣のコインパーキングをご案内します。",久留米,https://img.travel.rakuten.co.jp/share/HOTEL/172633/172633.jpg,https://img.travel.rakuten.co.jp/HIMG/90/172633.jpg,https://img.travel.rakuten.co.jp/share/HOTEL/172633/172633_kan1.jpg,https://img.travel.rakuten.co.jp/HIMG/INTERIOR/172633.jpg,https://img.travel.rakuten.co.jp/share/HOTEL/172633/172633map.gif,807.0,4.21,"チェックインとチェックアウトは機械でスムーズにでき、その後の案内はスタッフの方が親切にご案内してく…　2026-04-28 14:55:34投稿 <a href=""https://img.travel.rakuten.co.jp/image/tr/api/re/gJNfM/?f_hotel_no=172633"" class=""3click"">つづきはこちら</a>",sn,【禁煙】シングル,4399303.0,【素泊まり】シンプルステイ,1,0,0,0,0,1,https://img.travel.rakuten.co.jp/image/tr/api/re/IdsCY/?f_no=172633&f_syu=sn&f_hi1=2026-05-04&f_hi2=2026-05-05&f_heya_su=1&f_otona_su=1&f_s1=0&f_s2=0&f_y1=0&f_y2=0&f_y3=0&f_y4=0&f_camp_id=4399303,0,2026-05-04,24000,24000,0,2026-05-04,kurume
184523,備長炭の湯　ホテル久留米ヒルズ（ＢＢＨホテルグループ）,https://img.travel.rakuten.co.jp/image/tr/api/re/pvonD/?f_no=184523,https://img.travel.rakuten.co.jp/image/tr/api/re/vFumt/?f_no=184523&f_flg=PLAN,https://img.travel.rakuten.co.jp/image/tr/api/re/WzozX/?noTomariHotel=184523,https://img.travel.rakuten.co.jp/image/tr/api/re/gJNfM/?f_hotel_no=184523,びんちょうたんのゆ　ほてるくるめひるず（びーびーえいちほてるぐるーぷ）,無料朝食バイキング＆無料駐車場（先着15台）でビジネス・観光へのアクセス抜群【全国多数舗展開中のBBHホテルグループ】,3700,119905.38,469861.08,830-0031,福岡県,久留米市六ツ門町15-3,050-1725-6457,0942-64-8887,西鉄久留米駅から徒歩8分、久留米インターから車で15分,有り　15台　無料 (先着順･予約不可）,西鉄久留米,https://img.travel.rakuten.co.jp/share/HOTEL/184523/184523.jpg,https://img.travel.rakuten.co.jp/HIMG/90/184523.jpg,,,https://img.travel.rakuten.co.jp/share/HOTEL/184523/184523map.gif,482.0,3.55,"クチコミの詳細はこちらから　https://review.travel.rakute…　2026-04-30 08:26:56投稿 <a href=""https://img.travel.rakuten.co.jp/image/tr/api/re/gJNfM/?f_hotel_no=184523"" class=""3click"">つづきはこちら</a>",ssingle,◆喫煙シングルルーム◆12平米／140センチ幅ダブルベッド,5728653.0,【楽天月末セール】【スタンダード】1泊無料朝食付きご宿泊プラン,1,0,0,1,0,1,https://img.travel.rakuten.co.jp/image/tr/api/re/IdsCY/?f_no=184523&f_syu=ssingle&f_hi1=2026-05-04&f_hi2=2026-05-05&f_heya_su=1&f_otona_su=1&f_s1=0&f_s2=0&f_y1=0&f_y2=0&f_y3=0&f_y4=0&f_camp_id=5728653,0,2026-05-04,11580,11580,0,2026-05-04,kurume
3101,久留米ステーションホテル,https://img.travel.rakuten.co.jp/image/tr/api/re/pvonD/?f_no=3101,https://img.travel.rakuten.co.jp/image/tr/api/re/vFumt/?f_no=3101&f_flg=PLAN,https://img.travel.rakuten.co.jp/image/tr/api/re/WzozX/?noTomariHotel=3101,https://img.travel.rakuten.co.jp/image/tr/api/re/gJNfM/?f_hotel_no=3101,くるめ　すてーしょんほてる,JR久留米駅前アクセス良好、駐車場無料（先着40台）,3800,119938.37,469819.09,830-0023,福岡県,久留米市中央町2-14,0942-36-1122,0942-36-0459,JR久留米駅前アクセス良好！（JR久留米駅東口から徒歩１分）,有り　４０台　無料（先着順）,久留米,https://img.travel.rakuten.co.jp/share/HOTEL/3101/3101.jpg,https://img.travel.rakuten.co.jp/HIMG/90/3101.jpg,https://img.travel.rakuten.co.jp/share/HOTEL/3101/3101_room.jpg,https://img.travel.rakuten.co.jp/HIMG/INTERIOR/3101.jpg,https://img.travel.rakuten.co.jp/share/HOTEL/3101/3101map.gif,1404.0,3.96,"クチ…　2026-04-30 18:08:02投稿 <a href=""https://img.travel.rakuten.co.jp/image/tr/api/re/gJNfM/?f_hotel_no=3101"" class=""3click"">つづきはこちら</a>",sn,禁煙シングル,3274004.0,★シングルプラン  ♪JR久留米駅徒歩１分♪駐車場無料♪（先着順）,1,0,0,0,0,1,https://img.travel.rakuten.co.jp/image/tr/api/re/IdsCY/?f_no=3101&f_syu=sn&f_hi1=2026-05-04&f_hi2=2026-05-05&f_heya_su=1&f_otona_su=1&f_s1=0&f_s2=0&f_y1=0&f_y2=0&f_y3=0&f_y4=0&f_camp_id=3274004,0,2026-05-04,10800,10800,0,2026-05-04,kurume
1373,ホテルニュープラザ久留米,https://img.travel.rakuten.co.jp/image/tr/api/re/pvonD/?f_no=1373,https://img.travel.rakuten.co.jp/image/tr/api/re/vFumt/?f_no=1373&f_flg=PLAN,https://img.travel.rakuten.co.jp/image/tr/api/re/WzozX/?noTomariHotel=1373,https://img.travel.rakuten.co.jp/image/tr/api/re/gJNfM/?f_hotel_no=1373,にゅーぷらざくるめ,西鉄久留米駅より徒歩7分、駐車スペースは200台、ビジネスからファミリーまで多様なお部屋タイプをご準備しております。,3300,119906.11,469864.36,830-0031,福岡県,久留米市六ッ門町16-1,0942-33-0010,0942-38-6583,西鉄久留米駅から徒歩7分。JR久留米駅から車で5分。広又バス停まで徒歩２分,普通車200台　 550円（税込/泊）　/　大型車（バス･トラック）は事前にホテルへご確認下さい,久留米,https://img.travel.rakuten.co.jp/share/HOTEL/1373/1373.jpg,https://img.travel.rakuten.co.jp/HIMG/90/1373.jpg,https://img.travel.rakuten.co.jp/share/HOTEL/1373/1373_sgl.jpg,https://img.travel.rakuten.co.jp/HIMG/INTERIOR/1373.jpg,https://img.travel.rakuten.co.jp/share/HOTEL/1373/1373map.gif,2405.0,3.65,"クチコミの詳細はこちらから　https://review.travel.rakuten.co.jp/hotel/vo…　2026-04-30 12:32:29投稿 <a href=""https://img.travel.rakuten.co.jp/image/tr/api/re/gJNfM/?f_hotel_no=1373"" class=""3click"">つづきはこちら</a>",sak,【禁煙】 スタンダードシングル,5798530.0,【オンラインカード決済限定】注意事項をご確認の上ご予約下さい。宿泊税別,1,0,0,0,0,2,https://img.travel.rakuten.co.jp/image/tr/api/re/IdsCY/?f_no=1373&f_syu=sak&f_hi1=2026-05-04&f_hi2=2026-05-05&f_heya_su=1&f_otona_su=1&f_s1=0&f_s2=0&f_y1=0&f_y2=0&f_y3=0&f_y4=0&f_camp_id=5798530,0,2026-05-04,7900,7900,0,2026-05-04,kurume
178227,ザ・セレクトン久留米,https://img.travel.rakuten.co.jp/image/tr/api/re/pvonD/?f_no=178227,https://img.travel.rakuten.co.jp/image/tr/api/re/vFumt/?f_no=178227&f_flg=PLAN,https://img.travel.rakuten.co.jp/image/tr/api/re/WzozX/?noTomariHotel=178227,https://img.travel.rakuten.co.jp/image/tr/api/re/gJNfM/?f_hotel_no=178227,ざ　せれくとん　くるめ,西鉄久留米駅より徒歩7分と福岡市内からのアクセス便利★男女別大浴場あり★全室禁煙＆Bluetoothスピーカー完備で快適,2880,119906.32,469859.98,830-0031,福岡県,久留米市六ツ門町17-30,0942-40-5020,0942-27-8641,●西鉄久留米駅より徒歩約7分 ●JR久留米駅より車で約5分 ●西鉄バス「六ッ門・シティプラザ前」バス停より徒歩約5分,駐車台数に限りがございます（5台）※満車時は近隣コインパーキングをご案内しております。（提携なし）,西鉄久留米,https://img.travel.rakuten.co.jp/share/HOTEL/178227/178227.jpg,https://img.travel.rakuten.co.jp/HIMG/90/178227.jpg,,,https://img.travel.rakuten.co.jp/share/HOTEL/178227/178227map.gif,523.0,3.99,"今まで他のホテルで同じ2部屋や3部屋一緒に予約して隣とか向かいで部屋を用意されていたし、予約時にも説明書きなどもなくチェックインで判明。隣同士にする…　2026-04-29 14:11:03投稿 <a href=""https://img.travel.rakuten.co.jp/image/tr/api/re/gJNfM/?f_hotel_no=178227"" class=""3click"">つづきはこちら</a>",dbr,スタンダードダブル（禁煙）,4599006.0,【素泊り】スタンダードプラン 無料夕食あり！WiFi完備＆男女別大浴場で快適ステイ ビジネスに最適！,1,0,0,0,0,1,https://img.travel.rakuten.co.jp/image/tr/api/re/IdsCY/?f_no=178227&f_syu=dbr&f_hi1=2026-05-04&f_hi2=2026-05-05&f_heya_su=1&f_otona_su=1&f_s1=0&f_s2=0&f_y1=0&f_y2=0&f_y3=0&f_y4=0&f_camp_id=4599006,0,2026-05-04,13600,13600,0,2026-05-04,kurume
196704,いやし処ほてる寛楽　久留米駅前（２０２５年８月１日グランドオープン）,https://img.travel.rakuten.co.jp/image/tr/api/re/pvonD/?f_no=196704,https://img.travel.rakuten.co.jp/image/tr/api/re/vFumt/?f_no=196704&f_flg=PLAN,https://img.travel.rakuten.co.jp/image/tr/api/re/WzozX/?noTomariHotel=196704,https://img.travel.rakuten.co.jp/image/tr/api/re/gJNfM/?f_hotel_no=196704,いやしどころほてる かんらく くるめえきまえ,日本を感じる「和」の雰囲気と「洋」の快適さを持ち お客様に「寛ぎ」と「楽しさ」をお届けします。,3460,119923.14,469881.24,830-0018,福岡県,久留米市通町108-4,0942-48-3388,0942-48-3308,西鉄久留米駅より車で4分　徒歩7分,なし,西鉄久留米,https://img.travel.rakuten.co.jp/share/HOTEL/196704/196704.jpg,https://img.travel.rakuten.co.jp/HIMG/90/196704.jpg,,,https://img.travel.rakuten.co.jp/share/HOTEL/196704/196704map.gif,113.0,4.0,"クチコミの…　2026-04-19 20:15:49投稿 <a href=""https://img.travel.rakuten.co.jp/image/tr/api/re/gJNfM/?f_hotel_no=196704"" class=""3click"">つづきはこちら</a>",stdouble,スタンダードダブル,6256299.0,【素泊り】スタンダードプラン★無料夕食あり！Wi-Fi＆男女別大浴場完備  ビジネスに最適♪,1,0,0,0,0,1,https://img.travel.rakuten.co.jp/image/tr/api/re/IdsCY/?f_no=196704&f_syu=stdouble&f_hi1=2026-05-04&f_hi2=2026-05-05&f_heya_su=1&f_otona_su=1&f_s1=0&f_s2=0&f_y1=0&f_y2=0&f_y3=0&f_y4=0&f_camp_id=6256299,0,2026-05-04,15600,15600,0,2026-05-04,kurume
68686,東横ＩＮＮ西鉄久留米駅東口,https://img.travel.rakuten.co.jp/image/tr/api/re/pvonD/?f_no=68686,https://img.travel.rakuten.co.jp/image/tr/api/re/vFumt/?f_no=68686&f_flg=PLAN,https://img.travel.rakuten.co.jp/image/tr/api/re/WzozX/?noTomariHotel=68686,https://img.travel.rakuten.co.jp/image/tr/api/re/gJNfM/?f_hotel_no=68686,とうよこいんにしてつくるめえきひがしぐち,大砲ラーメン本店まで車で5分の立地で出発を応援！朝食・小学生以下添い寝無料で安心空間を提供いたします,4883,119908.37,469885.67,830-0033,福岡県,久留米市天神町3-93-4,0942-35-1045,0942-35-1046,西鉄久留米駅中央東口（東口広場方面）からリベールの横を通って古賀病院方向へ徒歩２分,５６台（立体駐車場）　　　５００円/泊　　先着順　　高さ制限あり（2ｍまで）,西鉄久留米,https://img.travel.rakuten.co.jp/share/HOTEL/68686/68686.jpg,https://img.travel.rakuten.co.jp/HIMG/90/68686.jpg,https://img.travel.rakuten.co.jp/share/HOTEL/68686/68686_s.jpg,https://img.travel.rakuten.co.jp/HIMG/INTERIOR/68686.jpg,https://img.travel.rakuten.co.jp/share/HOTEL/68686/68686map.gif,652.0,4.13,"クチコミの詳細はこちらから　https://review.travel.rakuten.co.jp/hotel/voice/68686?reviewI…　2026-04-24 17:59:18投稿 <a href=""https://img.travel.rakuten.co.jp/image/tr/api/re/gJNfM/?f_hotel_no=68686"" class=""3click"">つづきはこちら</a>",sk,禁煙シングル,2725784.0,★【無料の元気朝食付】いつでも安心価格♪ビジネス・レジャーに！ 禁煙シングル,1,0,0,1,0,1,https://img.travel.rakuten.co.jp/image/tr/api/re/IdsCY/?f_no=68686&f_syu=sk&f_hi1=2026-05-04&f_hi2=2026-05-05&f_heya_su=1&f_otona_su=1&f_s1=0&f_s2=0&f_y1=0&f_y2=0&f_y3=0&f_y4=0&f_camp_id=2725784,0,2026-05-04,9680,9680,0,2026-05-04,kurume
68074,久留米ホテルエスプリ,https://img.travel.rakuten.co.jp/image/tr/api/re/pvonD/?f_no=68074,https://img.travel.rakuten.co.jp/image/tr/api/re/vFumt/?f_no=68074&f_flg=PLAN,https://img.travel.rakuten.co.jp/image/tr/api/re/WzozX/?noTomariHotel=68074,https://img.travel.rakuten.co.jp/image/tr/api/re/gJNfM/?f_hotel_no=68074,くるめほてるえすぷり,西鉄久留米駅は目の前！21.60㎡～の広いお部屋とベッドが自慢♪駐車場＆会議室完備☆,3000,119909.11,469879.48,830-0032,福岡県,久留米市東町339,0942-31-1300,0942-31-1333,西鉄久留米駅から徒歩１分。JR久留米駅より車で5分。天神から電車で約30分。福岡空港より高速バスで約４５分,"有り　15台　1,000円（税込み／泊）　先着順　※提携駐車場も有り",西鉄久留米,https://img.travel.rakuten.co.jp/share/HOTEL/68074/68074.jpg,https://img.travel.rakuten.co.jp/HIMG/90/68074.jpg,https://img.travel.rakuten.co.jp/share/HOTEL/68074/68074_k1.jpg,https://img.travel.rakuten.co.jp/HIMG/INTERIOR/68074.jpg,https://img.travel.rakuten.co.jp/share/HOTEL/68074/68074map.gif,1311.0,3.87,"クチコミの詳細はこちらから　https://review.travel.rakuten.co.jp/hotel/voice/68074?r…　2026-04-23 10:47:24投稿 <a href=""https://img.travel.rakuten.co.jp/image/tr/api/re/gJNfM/?f_hotel_no=68074"" class=""3click"">つづきはこちら</a>",s,Espritクイーンルーム◆喫煙（旧エグゼクティブシングル),4524204.0,【広さと言えば！】Esprit特典なしプラン♪＜素泊まり＞,1,0,0,0,0,1,https://img.travel.rakuten.co.jp/image/tr/api/re/IdsCY/?f_no=68074&f_syu=s&f_hi1=2026-05-04&f_hi2=2026-05-05&f_heya_su=1&f_otona_su=1&f_s1=0&f_s2=0&f_y1=0&f_y2=0&f_y3=0&f_y4=0&f_camp_id=4524204,0,2026-05-04,20000,20000,0,2026-05-04,kurume
438,久留米ワシントンホテルプラザ,https://img.travel.rakuten.co.jp/image/tr/api/re/pvonD/?f_no=438,https://img.travel.rakuten.co.jp/image/tr/api/re/vFumt/?f_no=438&f_flg=PLAN,https://img.travel.rakuten.co.jp/image/tr/api/re/WzozX/?noTomariHotel=438,https://img.travel.rakuten.co.jp/image/tr/api/re/gJNfM/?f_hotel_no=438,くるめ　わしんとんほてるぷらざ,全室高速Wi-fi接続＆加湿空気清浄機＆USBコンセント完備●西鉄「久留米」駅より徒歩約5分（福岡天神から30~40分）,4200,119915.32,469873.34,830-0032,福岡県,久留米市東町34-2,0942-32-0410,0942-39-2778,西鉄「久留米」より徒歩約5分　※ＪＲ久留米駅からはお車にて約5分。注）駐車場はございません。,施設内に駐車場がございません。※周辺パーキングに駐車をお願いいたします。(有料),久留米,https://img.travel.rakuten.co.jp/share/HOTEL/438/438.jpg,https://img.travel.rakuten.co.jp/HIMG/90/438.jpg,https://img.travel.rakuten.co.jp/share/HOTEL/438/438_rm.jpg,https://img.travel.rakuten.co.jp/HIMG/INTERIOR/438.jpg,https://img.travel.rakuten.co.jp/share/HOTEL/438/438map.gif,1453.0,3.66,"クチコミの詳細はこちらから　https://review.travel.rakuten.co.jp/hotel/voice/438…　2026-04-17 21:19:38投稿 <a href=""https://img.travel.rakuten.co.jp/image/tr/api/re/gJNfM/?f_hotel_no=438"" class=""3click"">つづきはこちら</a>",sb101,シングル【禁煙】,2828508.0,学割プラン・ 学生証をご提示下さい（食事なし）,1,0,0,0,0,1,https://img.travel.rakuten.co.jp/image/tr/api/re/IdsCY/?f_no=438&f_syu=sb101&f_hi1=2026-05-04&f_hi2=2026-05-05&f_heya_su=1&f_otona_su=1&f_s1=0&f_s2=0&f_y1=0&f_y2=0&f_y3=0&f_y4=0&f_camp_id=2828508,0,2026-05-04,10600,10600,0,2026-05-04,kurume
8746,エンナンホテル　久留米,https://img.travel.rakuten.co.jp/image/tr/api/re/pvonD/?f_no=8746,https://img.travel.rakuten.co.jp/image/tr/api/re/vFumt/?f_no=8746&f_flg=PLAN,https://img.travel.rakuten.co.jp/image/tr/api/re/WzozX/?noTomariHotel=8746,https://img.travel.rakuten.co.jp/image/tr/api/re/gJNfM/?f_hotel_no=8746,えんなんほてる　くるめ,西鉄久留米駅徒歩2分/デュベスタイル/チェックアウト11時/wifi・有線LAN完備/VOD無料/ウォシュレット完備,3360,119909.79,469877.0,830-0032,福岡県,久留米市東町29-10,0942-38-3811,0942-38-3818,西鉄久留米駅から徒歩2分、JR久留米駅から車にて5分、久留米ICから車で10分、福岡空港から西鉄高速バス(直通)45分。,●1台（普通車サイズ）で第一駐車場1泊900円、第二駐車場1泊600円です。（先着順：予約不可）,西鉄久留米,https://img.travel.rakuten.co.jp/share/HOTEL/8746/8746.jpg,https://img.travel.rakuten.co.jp/HIMG/90/8746.jpg,https://img.travel.rakuten.co.jp/share/HOTEL/8746/8746_si.jpg,https://img.travel.rakuten.co.jp/HIMG/INTERIOR/8746.jpg,https://img.travel.rakuten.co.jp/share/HOTEL/8746/8746map.gif,3285.0,3.65,"私が泊まったお部屋はWiFiの繋がりが悪く、携帯電話の通信もなかなか繋がらない時もありました。VOD見放題とありましたが、こちらもなかなか繋がらず観ること…　2026-05-02 23:09:22投稿 <a href=""https://img.travel.rakuten.co.jp/image/tr/api/re/gJNfM/?f_hotel_no=8746"" class=""3click"">つづきはこちら</a>",0711sn,【禁煙】シングルB/12.2平米/セミダブルベット,1872628.0,【素泊まり】西鉄久留米駅から徒歩3分★Wベッド★VOD見放題★大浴場・軟水風呂,1,0,0,0,0,1,https://img.travel.rakuten.co.jp/image/tr/api/re/IdsCY/?f_no=8746&f_syu=0711sn&f_hi1=2026-05-04&f_hi2=2026-05-05&f_heya_su=1&f_otona_su=1&f_s1=0&f_s2=0&f_y1=0&f_y2=0&f_y3=0&f_y4=0&f_camp_id=1872628,0,2026-05-04,11980,11980,0,2026-05-04,kurume
198682,ＨＯＴＥＬ　Ｒ９　Ｔｈｅ　Ｙａｒｄ　大刀洗,https://img.travel.rakuten.co.jp/image/tr/api/re/pvonD/?f_no=198682,https://img.travel.rakuten.co.jp/image/tr/api/re/vFumt/?f_no=198682&f_flg=PLAN,https://img.travel.rakuten.co.jp/image/tr/api/re/WzozX/?noTomariHotel=198682,https://img.travel.rakuten.co.jp/image/tr/api/re/gJNfM/?f_hotel_no=198682,ほてる あーるないん ざ やーど たちあらい,筑後小郡ICより車で4分！大刀洗町への出張や観光の拠点に！カレーなど軽食サービス付,3900,120233.11,470147.2,830-1224,福岡県,三井郡大刀洗町鵜木1440-1,0942-48-6235,0942-48-6236,【電車】西鉄小郡駅より徒歩6分。【お車】筑後小郡ICより車で4分。,無料 有り 60台※大型車（2トントラック以上）をご利用の際は、事前にお電話でお問い合わせください。,西鉄小郡,https://img.travel.rakuten.co.jp/share/HOTEL/198682/198682.jpg,https://img.travel.rakuten.co.jp/HIMG/90/198682.jpg,,,https://img.travel.rakuten.co.jp/share/HOTEL/198682/198682map.gif,27.0,4.19,"クチコミの詳細はこちらから　https://review.tra…　2026-05-02 20:18:52投稿 <a href=""https://img.travel.rakuten.co.jp/image/tr/api/re/gJNfM/?f_hotel_no=198682"" class=""3click"">つづきはこちら</a>",double,【禁煙】ダブルルーム （約13平米/最大2名様）,6424887.0,【スタンダード】ビジネスや観光の拠点に♪軽食＆ホットドリンク付【駐車場至近＆無料】,1,0,0,0,0,1,https://img.travel.rakuten.co.jp/image/tr/api/re/IdsCY/?f_no=198682&f_syu=double&f_hi1=2026-05-04&f_hi2=2026-05-05&f_heya_su=1&f_otona_su=1&f_s1=0&f_s2=0&f_y1=0&f_y2=0&f_y3=0&f_y4=0&f_camp_id=6424887,0,2026-05-04,11000,11000,0,2026-05-04,kurume
167668,ホステル　イルファーロ久留米,https://img.travel.rakuten.co.jp/image/tr/api/re/pvonD/?f_no=167668,https://img.travel.rakuten.co.jp/image/tr/api/re/vFumt/?f_no=167668&f_flg=PLAN,https://img.travel.rakuten.co.jp/image/tr/api/re/WzozX/?noTomariHotel=167668,https://img.travel.rakuten.co.jp/image/tr/api/re/gJNfM/?f_hotel_no=167668,ほすてる　いるふぁーろくるめ,西鉄久留米駅より徒歩1分。提携駐車場有。朝食無料。無料wifi有。,3900,119915.01,469881.77,830-0032,福岡県,久留米市東町38-13,0942-65-7140,0942-65-7168,西鉄久留米駅西口より徒歩1分。西鉄福岡天神駅より特急で32分。久留米インターから車で10分の好アクセス！,提携コインパーキング600円（三井のリパーク）詳細は駐車場MAPをご確認ください。,久留米,https://img.travel.rakuten.co.jp/share/HOTEL/167668/167668.jpg,https://img.travel.rakuten.co.jp/HIMG/90/167668.jpg,https://img.travel.rakuten.co.jp/share/HOTEL/167668/167668_kan1.jpg,https://img.travel.rakuten.co.jp/HIMG/INTERIOR/167668.jpg,https://img.travel.rakuten.co.jp/share/HOTEL/167668/167668map.gif,443.0,4.11,"クチコミの詳細はこちらから　https://review.travel.rakuten.co.jp/hotel/voice/16766…　2026-05-01 08:47:44投稿 <a href=""https://img.travel.rakuten.co.jp/image/tr/api/re/gJNfM/?f_hotel_no=167668"" class=""3click"">つづきはこちら</a>",111,【男性専用】シングル／4.7平米,5662084.0,【限定SALE】駅徒歩1分 コンビニすぐそばの好立地／アメニティ付 ,1,0,0,0,0,2,https://img.travel.rakuten.co.jp/image/tr/api/re/IdsCY/?f_no=167668&f_syu=111&f_hi1=2026-05-04&f_hi2=2026-05-05&f_heya_su=1&f_otona_su=1&f_s1=0&f_s2=0&f_y1=0&f_y2=0&f_y3=0&f_y4=0&f_camp_id=5662084,0,2026-05-04,7340,7340,0,2026-05-04,kurume
79319,ホテルマリターレ創世　久留米,https://img.travel.rakuten.co.jp/image/tr/api/re/pvonD/?f_no=79319,https://img.travel.rakuten.co.jp/image/tr/api/re/vFumt/?f_no=79319&f_flg=PLAN,https://img.travel.rakuten.co.jp/image/tr/api/re/WzozX/?noTomariHotel=79319,https://img.travel.rakuten.co.jp/image/tr/api/re/gJNfM/?f_hotel_no=79319,まりたーれそうせい　くるめ,広々とした客室にはヨーロッパからの直輸入家具にジャグジーを完備！ごゆっくりお寛ぎいただけます。,6776,119957.48,469870.87,830-0003,福岡県,久留米市東櫛原町900,0942-35-5211,0942-48-1121,ＪＲ久留米駅・西鉄久留米駅から車で約１０分,有り　２００台　無料　予約不要,久留米,https://img.travel.rakuten.co.jp/share/HOTEL/79319/79319.jpg,https://img.travel.rakuten.co.jp/HIMG/90/79319.jpg,https://img.travel.rakuten.co.jp/share/HOTEL/79319/79319_b.jpg,https://img.travel.rakuten.co.jp/HIMG/INTERIOR/79319.jpg,https://img.travel.rakuten.co.jp/share/HOTEL/79319/79319map.gif,218.0,4.08,"間接…　2026-03-22 21:48:53投稿 <a href=""https://img.travel.rakuten.co.jp/image/tr/api/re/gJNfM/?f_hotel_no=79319"" class=""3click"">つづきはこちら</a>",dsa,【禁煙】デラックスシングル☆広々 ３１平米,3526569.0,【素泊り】スタンダードプラン　■全室禁煙■,1,0,0,0,0,1,https://img.travel.rakuten.co.jp/image/tr/api/re/IdsCY/?f_no=79319&f_syu=dsa&f_hi1=2026-05-04&f_hi2=2026-05-05&f_heya_su=1&f_otona_su=1&f_s1=0&f_s2=0&f_y1=0&f_y2=0&f_y3=0&f_y4=0&f_camp_id=3526569,0,2026-05-04,11680,11680,0,2026-05-04,kurume
196481,ＨＯＴＥＬ　Ｒ９　Ｔｈｅ　Ｙａｒｄ　筑前,https://img.travel.rakuten.co.jp/image/tr/api/re/pvonD/?f_no=196481,https://img.travel.rakuten.co.jp/image/tr/api/re/vFumt/?f_no=196481&f_flg=PLAN,https://img.travel.rakuten.co.jp/image/tr/api/re/WzozX/?noTomariHotel=196481,https://img.travel.rakuten.co.jp/image/tr/api/re/gJNfM/?f_hotel_no=196481, あーるないん ざ やーど ちくぜん,筑後小郡ICより車で12分！スーパー・コンビニ至近★周辺に工業団地が多数◎無料軽食付,3900,120423.38,470166.52,838-0215,福岡県,朝倉郡筑前町篠隈183-8,0946-28-8202,0946-28-8203,【電車】筑紫駅より車で約１４分。原田駅より車で約１２分。【お車】筑後小郡ＩＣより車で約１２分。,無料 有り 47台※大型車（2トントラック以上）をご利用の際は、事前にお電話でお問い合わせください。,原田（福岡）,https://img.travel.rakuten.co.jp/share/HOTEL/196481/196481.jpg,https://img.travel.rakuten.co.jp/HIMG/90/196481.jpg,,,https://img.travel.rakuten.co.jp/share/HOTEL/196481/196481map.gif,56.0,4.32,"クチコミの詳細はこちらから　https://review.travel.rakuten.co.jp/hotel/voice/196481?reviewI…　2026-04-23 12:24:10投稿 <a href=""https://img.travel.rakuten.co.jp/image/tr/api/re/gJNfM/?f_hotel_no=196481"" class=""3click"">つづきはこちら</a>",double,【禁煙】ダブルルーム （約13平米/最大2名様）,6226582.0,【スタンダード】ビジネスや観光の拠点に♪軽食＆ホットドリンク付【駐車場至近＆無料】,1,0,0,0,0,1,https://img.travel.rakuten.co.jp/image/tr/api/re/IdsCY/?f_no=196481&f_syu=double&f_hi1=2026-05-04&f_hi2=2026-05-05&f_heya_su=1&f_otona_su=1&f_s1=0&f_s2=0&f_y1=0&f_y2=0&f_y3=0&f_y4=0&f_camp_id=6226582,0,2026-05-04,10000,10000,0,2026-05-04,kurume
187885,フェアフィールド・バイ・マリオット・福岡うきは,https://img.travel.rakuten.co.jp/image/tr/api/re/pvonD/?f_no=187885,https://img.travel.rakuten.co.jp/image/tr/api/re/vFumt/?f_no=187885&f_flg=PLAN,https://img.travel.rakuten.co.jp/image/tr/api/re/WzozX/?noTomariHotel=187885,https://img.travel.rakuten.co.jp/image/tr/api/re/gJNfM/?f_hotel_no=187885,ふぇあふぃーるど･ばい･まりおっと･ふくおかうきは,筑後平野を一望できる道の駅「うきは」に隣接。観光農園でフルーツ狩りや風情豊な筑後吉井の白壁のまち並み散策も◎,5445,119990.79,470957.82,839-1408,福岡県,うきは市浮羽町山北734-6,06-6743-4750,06-6743-4584,JRうきは駅より車で約7分。杷木 ICより車で10分。,有り　先着順　【ホテル専用駐車場／ホテル裏共同利用駐車場】をご利用ください,うきは,https://img.travel.rakuten.co.jp/share/HOTEL/187885/187885.jpg,https://img.travel.rakuten.co.jp/HIMG/90/187885.jpg,,,https://img.travel.rakuten.co.jp/share/HOTEL/187885/187885map.gif,27.0,4.5,,ukitwin,【禁煙】ツインルーム　25平米/ベッド幅120cm×2台,6431378.0,＜1泊限定・最大20％OFF＞道の駅の日キャンペーンプラン,1,0,0,0,0,2,https://img.travel.rakuten.co.jp/image/tr/api/re/IdsCY/?f_no=187885&f_syu=ukitwin&f_hi1=2026-05-04&f_hi2=2026-05-05&f_heya_su=1&f_otona_su=1&f_s1=0&f_s2=0&f_y1=0&f_y2=0&f_y3=0&f_y4=0&f_camp_id=6431378,0,2026-05-04,34848,34848,0,2026-05-04,kurume
1975,西鉄イン小倉,https://img.travel.rakuten.co.jp/image/tr/api/re/pvonD/?f_no=1975,https://img.travel.rakuten.co.jp/image/tr/api/re/vFumt/?f_no=1975&f_flg=PLAN,https://img.travel.rakuten.co.jp/image/tr/api/re/WzozX/?noTomariHotel=1975,https://img.travel.rakuten.co.jp/image/tr/api/re/gJNfM/?f_hotel_no=1975,にしてついん　こくら,【JR小倉駅から徒歩５分】大浴場・サウナ・水風呂でととのう駅近ホテル,4725,121970.5,471191.33,802-0003,福岡県,北九州市小倉北区米町1-4-11  ,093-511-5454,093-511-5424,JR小倉駅 小倉城口(モノレール側）より徒歩約5分　北九州空港・福岡空港より高速バスで1本,"有り（先着順・予約不可）　15時〜翌10時　1,200円（税込）　ハイルーフ枠有2.05mまで",小倉（福岡）,https://img.travel.rakuten.co.jp/share/HOTEL/1975/1975.jpg,https://img.travel.rakuten.co.jp/HIMG/90/1975.jpg,https://img.travel.rakuten.co.jp/share/HOTEL/1975/1975_r1.jpg,https://img.travel.rakuten.co.jp/HIMG/INTERIOR/1975.jpg,https://img.travel.rakuten.co.jp/share/HOTEL/1975/1975map.gif,6690.0,4.12,"…　2026-04-29 14:39:29投稿 <a href=""https://img.travel.rakuten.co.jp/image/tr/api/re/gJNfM/?f_hotel_no=1975"" class=""3click"">つづきはこちら</a>",sn1-kkr,本館【禁煙】シングルルームベッド幅120cm,3651988.0,【スタンダードプラン】直前予約OK！大浴場＆サウナで整う癒しのご褒美ステイ♪＜素泊まり＞,1,0,0,0,0,1,https://img.travel.rakuten.co.jp/image/tr/api/re/IdsCY/?f_no=1975&f_syu=sn1-kkr&f_hi1=2026-05-04&f_hi2=2026-05-05&f_heya_su=1&f_otona_su=1&f_s1=0&f_s2=0&f_y1=0&f_y2=0&f_y3=0&f_y4=0&f_camp_id=3651988,0,2026-05-04,13650,13650,0,2026-05-04,kitakyusyu
974,ＪＲ九州ステーションホテル小倉,https://img.travel.rakuten.co.jp/image/tr/api/re/pvonD/?f_no=974,https://img.travel.rakuten.co.jp/image/tr/api/re/vFumt/?f_no=974&f_flg=PLAN,https://img.travel.rakuten.co.jp/image/tr/api/re/WzozX/?noTomariHotel=974,https://img.travel.rakuten.co.jp/image/tr/api/re/gJNfM/?f_hotel_no=974,じぇいあーるきゅうしゅうすてーしょん　こくら,開業25年目にして最大規模の客室リニューアル！最上階をフルリニューアルし、一段上質な「スーペリアフロア」に進化。,6690,121980.84,471185.09,802-0001,福岡県,北九州市小倉北区浅野1-1-1,093-521-5031,093-512-0345,JR小倉駅上！！！駅直結で最高の立地。改札口を出てすぐにチェックイン。,有り　　370台　　１泊　1500円／宿泊者,小倉（福岡）,https://img.travel.rakuten.co.jp/share/HOTEL/974/974.jpg,https://img.travel.rakuten.co.jp/HIMG/90/974.jpg,https://img.travel.rakuten.co.jp/share/HOTEL/974/974_sgl.jpg,https://img.travel.rakuten.co.jp/HIMG/INTERIOR/974.jpg,https://img.travel.rakuten.co.jp/share/HOTEL/974/974map.gif,4041.0,4.33,"立地は駅中で、最高です。北九州空港へのバスも目の…　2026-04-29 04:45:11投稿 <a href=""https://img.travel.rakuten.co.jp/image/tr/api/re/gJNfM/?f_hotel_no=974"" class=""3click"">つづきはこちら</a>",ns02,禁煙スタンダードルーム18.1平米,2306840.0,【スタンダード♪素泊まり】小倉駅直結だから雨でもぬれずに電車に乗り降り可能！アミュプラザ直結,1,0,0,0,0,1,https://img.travel.rakuten.co.jp/image/tr/api/re/IdsCY/?f_no=974&f_syu=ns02&f_hi1=2026-05-04&f_hi2=2026-05-05&f_heya_su=1&f_otona_su=1&f_s1=0&f_s2=0&f_y1=0&f_y2=0&f_y3=0&f_y4=0&f_camp_id=2306840,0,2026-05-04,15200,15200,0,2026-05-04,kitakyusyu
151178,ダイワロイネットホテル小倉駅前,https://img.travel.rakuten.co.jp/image/tr/api/re/pvonD/?f_no=151178,https://img.travel.rakuten.co.jp/image/tr/api/re/vFumt/?f_no=151178&f_flg=PLAN,https://img.travel.rakuten.co.jp/image/tr/api/re/WzozX/?noTomariHotel=151178,https://img.travel.rakuten.co.jp/image/tr/api/re/gJNfM/?f_hotel_no=151178,だいわろいねっとほてるこくらえきまえ,『好立地！』魚町商店街まで徒歩1分！★チェックイン14：00～チェックアウト11：00★,6175,121972.65,471181.32,802-0006,福岡県,北九州市小倉北区魚町1-5-14,093-513-7580,093-513-7581,ＪＲ　小倉駅　小倉城口（南口）より徒歩にて約４分◆JR　博多駅から新幹線で約20分（ひと駅）◆モノレール沿い,"先着28台 1泊(14時〜翌11時) 1,300円（サイズ制限有)",小倉（福岡）,https://img.travel.rakuten.co.jp/share/HOTEL/151178/151178.jpg,https://img.travel.rakuten.co.jp/HIMG/90/151178.jpg,https://img.travel.rakuten.co.jp/share/HOTEL/151178/151178_kan1.jpg,https://img.travel.rakuten.co.jp/HIMG/INTERIOR/151178.jpg,https://img.travel.rakuten.co.jp/share/HOTEL/151178/151178map.gif,1503.0,4.46,"ただ、今回のお部屋はデスクチェアーのシミ汚れや電気ポット側面の汚れが気…　2026-05-01 17:37:42投稿 <a href=""https://img.travel.rakuten.co.jp/image/tr/api/re/gJNfM/?f_hotel_no=151178"" class=""3click"">つづきはこちら</a>",pds00,◆セパレートバス♪スーペリアダブル【喫煙】シングルユース,6460304.0,【松江駅前】２０２６年８月6日開業記念プラン〜素泊り〜,1,0,0,0,0,1,https://img.travel.rakuten.co.jp/image/tr/api/re/IdsCY/?f_no=151178&f_syu=pds00&f_hi1=2026-05-04&f_hi2=2026-05-05&f_heya_su=1&f_otona_su=1&f_s1=0&f_s2=0&f_y1=0&f_y2=0&f_y3=0&f_y4=0&f_camp_id=6460304,0,2026-05-04,25650,25650,0,2026-05-04,kitakyusyu
535,備長炭の湯　ホテルクラウンヒルズ小倉（ＢＢＨホテルグループ）,https://img.travel.rakuten.co.jp/image/tr/api/re/pvonD/?f_no=535,https://img.travel.rakuten.co.jp/image/tr/api/re/vFumt/?f_no=535&f_flg=PLAN,https://img.travel.rakuten.co.jp/image/tr/api/re/WzozX/?noTomariHotel=535,https://img.travel.rakuten.co.jp/image/tr/api/re/gJNfM/?f_hotel_no=535,びちょうたんのゆ　ほてるくらうんひるずこくら　ぶりーずべいほてるぐるーぷ,《大浴場、全室空気清浄機完備》小倉の繁華街の中心にあり★全国約170店舗展開中のBBHホテルグループ！,2900,121960.09,471189.64,802-0081,福岡県,北九州市小倉北区紺屋町8-5,050-1807-3607,093-521-4588,■ＪＲ鹿児島本線「小倉駅」小倉城口(旧南口)より徒歩約10分/新幹線「小倉駅」新幹線口(旧北口)より徒歩約12分です,８００円〜１，２００円／泊。時間・大きさ等によりご案内する駐車場が異なります。先着順の為、予約不可。,小倉（福岡）,https://img.travel.rakuten.co.jp/share/HOTEL/535/535.jpg,https://img.travel.rakuten.co.jp/HIMG/90/535.jpg,https://img.travel.rakuten.co.jp/share/HOTEL/535/535_heya.jpg,https://img.travel.rakuten.co.jp/HIMG/INTERIOR/535.jpg,https://img.travel.rakuten.co.jp/share/HOTEL/535/535map.gif,3884.0,3.76,"クチコミの詳細はこちらから　https://review.travel.rakute…　2026-05-01 19:12:38投稿 <a href=""https://img.travel.rakuten.co.jp/image/tr/api/re/gJNfM/?f_hotel_no=535"" class=""3click"">つづきはこちら</a>",s1,【喫煙】シングル 13平米　120センチ幅ベッド,5377761.0,【期間限定】素泊まりプラン★加湿空気清浄機完備♪,1,0,0,0,0,1,https://img.travel.rakuten.co.jp/image/tr/api/re/IdsCY/?f_no=535&f_syu=s1&f_hi1=2026-05-04&f_hi2=2026-05-05&f_heya_su=1&f_otona_su=1&f_s1=0&f_s2=0&f_y1=0&f_y2=0&f_y3=0&f_y4=0&f_camp_id=5377761,0,2026-05-04,13500,13500,0,2026-05-04,kitakyusyu
189039,東横ＩＮＮ小倉駅北口,https://img.travel.rakuten.co.jp/image/tr/api/re/pvonD/?f_no=189039,https://img.travel.rakuten.co.jp/image/tr/api/re/vFumt/?f_no=189039&f_flg=PLAN,https://img.travel.rakuten.co.jp/image/tr/api/re/WzozX/?noTomariHotel=189039,https://img.travel.rakuten.co.jp/image/tr/api/re/gJNfM/?f_hotel_no=189039,とうよこいんこくらえききたぐち,2024年3月に東横INNがNEWオープン！小倉駅から徒歩圏内で好立地！,5198,121984.85,471202.45,802-0001,福岡県,北九州市小倉北区浅野2-16-21,093-513-1075,093-513-1085,小倉駅新幹線口（北口）より徒歩７分,39台収容、先着順・有料  料金：￥800 / 1泊  14時から入庫可能,小倉（福岡）,https://img.travel.rakuten.co.jp/share/HOTEL/189039/189039.jpg,https://img.travel.rakuten.co.jp/HIMG/90/189039.jpg,,,https://img.travel.rakuten.co.jp/share/HOTEL/189039/189039map.gif,313.0,4.24,"お部屋もまだ新しいホテルなのかな?とても綺麗で清掃もしっかりされており居心地良かったので、当初一泊の予定…　2026-05-02 04:51:16投稿 <a href=""https://img.travel.rakuten.co.jp/image/tr/api/re/gJNfM/?f_hotel_no=189039"" class=""3click"">つづきはこちら</a>",sk,禁煙シングル,5871228.0,★【無料の元気朝食付】いつでも安心価格♪ビジネス・レジャーに！ 禁煙シングル,1,0,0,1,0,1,https://img.travel.rakuten.co.jp/image/tr/api/re/IdsCY/?f_no=189039&f_syu=sk&f_hi1=2026-05-04&f_hi2=2026-05-05&f_heya_su=1&f_otona_su=1&f_s1=0&f_s2=0&f_y1=0&f_y2=0&f_y3=0&f_y4=0&f_camp_id=5871228,0,2026-05-04,10890,10890,0,2026-05-04,kitakyusyu
111,リーガロイヤルホテル小倉,https://img.travel.rakuten.co.jp/image/tr/api/re/pvonD/?f_no=111,https://img.travel.rakuten.co.jp/image/tr/api/re/vFumt/?f_no=111&f_flg=PLAN,https://img.travel.rakuten.co.jp/image/tr/api/re/WzozX/?noTomariHotel=111,https://img.travel.rakuten.co.jp/image/tr/api/re/gJNfM/?f_hotel_no=111,りーがろいやるほてる　こくら,全室30平米以上・14階以上の高層シティホテル♪全室Wi-Fi無料！☆こだわりの朝食ブッフェ,7105,121986.38,471193.0,802-0001,福岡県,北九州市小倉北区浅野2-14-2,093-531-1121,093-521-2730,JR小倉駅新幹線口から直結徒歩3分、JR博多駅から新幹線で約15分、福岡空港からも好アクセス。,164台  1泊￥1500税込,小倉（福岡）,https://img.travel.rakuten.co.jp/share/HOTEL/111/111.jpg,https://img.travel.rakuten.co.jp/HIMG/90/111.jpg,https://img.travel.rakuten.co.jp/share/HOTEL/111/111_heya.jpg,https://img.travel.rakuten.co.jp/HIMG/INTERIOR/111.jpg,https://img.travel.rakuten.co.jp/share/HOTEL/111/111map.gif,4939.0,4.49,"お部屋も広々としており、アメニティもお部屋にしっかりと準備されていました…　2026-05-01 13:11:03投稿 <a href=""https://img.travel.rakuten.co.jp/image/tr/api/re/gJNfM/?f_hotel_no=111"" class=""3click"">つづきはこちら</a>",om,お部屋タイプおまかせ（30平米以上） ,4387508.0,お部屋タイプおまかせプラン☆素泊り☆,1,0,0,0,0,1,https://img.travel.rakuten.co.jp/image/tr/api/re/IdsCY/?f_no=111&f_syu=om&f_hi1=2026-05-04&f_hi2=2026-05-05&f_heya_su=1&f_otona_su=1&f_s1=0&f_s2=0&f_y1=0&f_y2=0&f_y3=0&f_y4=0&f_camp_id=4387508,0,2026-05-04,34520,34520,0,2026-05-04,kitakyusyu
70237,東横ＩＮＮ小倉駅南口,https://img.travel.rakuten.co.jp/image/tr/api/re/pvonD/?f_no=70237,https://img.travel.rakuten.co.jp/image/tr/api/re/vFumt/?f_no=70237&f_flg=PLAN,https://img.travel.rakuten.co.jp/image/tr/api/re/WzozX/?noTomariHotel=70237,https://img.travel.rakuten.co.jp/image/tr/api/re/gJNfM/?f_hotel_no=70237,とうよこいんこくらえきみなみぐち,西日本総合展示場/国際会議場まで車で3分の立地で出発を応援！朝食・小学生以下添い寝無料で安心空間を提供いたします,5933,121974.44,471193.95,802-0002,福岡県,北九州市小倉北区京町3-14-6,093-511-1045,093-511-1044,ＪＲ　小倉駅「南口」より徒歩にて３分,有り　立体式30台　500円（税込み/泊）　先着順,小倉（福岡）,https://img.travel.rakuten.co.jp/share/HOTEL/70237/70237.jpg,https://img.travel.rakuten.co.jp/HIMG/90/70237.jpg,https://img.travel.rakuten.co.jp/share/HOTEL/70237/70237_shin.jpg,https://img.travel.rakuten.co.jp/HIMG/INTERIOR/70237.jpg,https://img.travel.rakuten.co.jp/share/HOTEL/70237/70237map.gif,470.0,4.16,"クチコミの詳細はこちらから　https://revie…　2026-04-17 17:57:03投稿 <a href=""https://img.travel.rakuten.co.jp/image/tr/api/re/gJNfM/?f_hotel_no=70237"" class=""3click"">つづきはこちら</a>",s,喫煙シングル,2708726.0,★【無料の元気朝食付】いつでも安心価格♪ビジネス・レジャーに！ 喫煙シングル,1,0,0,1,0,1,https://img.travel.rakuten.co.jp/image/tr/api/re/IdsCY/?f_no=70237&f_syu=s&f_hi1=2026-05-04&f_hi2=2026-05-05&f_heya_su=1&f_otona_su=1&f_s1=0&f_s2=0&f_y1=0&f_y2=0&f_y3=0&f_y4=0&f_camp_id=2708726,0,2026-05-04,11330,11330,0,2026-05-04,kitakyusyu
107728,Ｔａｂｉｓｔ　ホテルテトラ　北九州,https://img.travel.rakuten.co.jp/image/tr/api/re/pvonD/?f_no=107728,https://img.travel.rakuten.co.jp/image/tr/api/re/vFumt/?f_no=107728&f_flg=PLAN,https://img.travel.rakuten.co.jp/image/tr/api/re/WzozX/?noTomariHotel=107728,https://img.travel.rakuten.co.jp/image/tr/api/re/gJNfM/?f_hotel_no=107728,たびすと　ほてるてとら　きたきゅうしゅう,JR小倉駅より徒歩7分の好立地！岩盤サウナ・大浴場完備！コンビニ徒歩0分。ビジネスや観光の拠点におすすめです♪,4300,121966.79,471192.41,802-0004,福岡県,北九州市小倉北区鍛冶町1-9-8,093-531-3111,093-531-3190,JR小倉駅より徒歩7分。南口を出てモノレール沿いを進み、交差点左角の福岡ひびき信用金庫より左折。そのまま道なり。,・ホテル周辺にコインパーキングあり,小倉（福岡）,https://img.travel.rakuten.co.jp/share/HOTEL/107728/107728.jpg,https://img.travel.rakuten.co.jp/HIMG/90/107728.jpg,https://img.travel.rakuten.co.jp/share/HOTEL/107728/107728_sin.jpg,https://img.travel.rakuten.co.jp/HIMG/INTERIOR/107728.jpg,https://img.travel.rakuten.co.jp/share/HOTEL/107728/107728map.gif,3364.0,3.71,"一点、難点を挙げるとすると入り口から2階のフロントまでが階段しかないので、スーツ…　2026-05-02 22:05:37投稿 <a href=""https://img.travel.rakuten.co.jp/image/tr/api/re/gJNfM/?f_hotel_no=107728"" class=""3click"">つづきはこちら</a>",ns_semid,【禁煙】セミダブルルーム,5537825.0,【わけあり部屋】＜素泊まり＞部屋タイプ・禁煙喫煙など指定不可（※要必読※）,1,0,0,0,0,1,https://img.travel.rakuten.co.jp/image/tr/api/re/IdsCY/?f_no=107728&f_syu=ns_semid&f_hi1=2026-05-04&f_hi2=2026-05-05&f_heya_su=1&f_otona_su=1&f_s1=0&f_s2=0&f_y1=0&f_y2=0&f_y3=0&f_y4=0&f_camp_id=5537825,0,2026-05-04,9800,9800,0,2026-05-04,kitakyusyu
187613,スマイルホテル小倉,https://img.travel.rakuten.co.jp/image/tr/api/re/pvonD/?f_no=187613,https://img.travel.rakuten.co.jp/image/tr/api/re/vFumt/?f_no=187613&f_flg=PLAN,https://img.travel.rakuten.co.jp/image/tr/api/re/WzozX/?noTomariHotel=187613,https://img.travel.rakuten.co.jp/image/tr/api/re/gJNfM/?f_hotel_no=187613,すまいるほてるこくら,JR小倉駅南口より徒歩約7分・小倉駅からアーケード商店街沿いにあり・「小倉城」や「八坂神社」へ徒歩10分♪,3350,121977.58,471173.5,802-0002,福岡県,北九州市小倉北区京町1-6-31,093-330-6550,093-330-6551,JR小倉駅南口より徒歩約7分（商店街に入り、吉野家交差点右折、京町銀天街アーケード200ｍ先）,なし。提携駐車場「APパーク小倉駅前」自走式立体駐車場15時〜翌朝10時￥1000,小倉（福岡）,https://img.travel.rakuten.co.jp/share/HOTEL/187613/187613.jpg,https://img.travel.rakuten.co.jp/HIMG/90/187613.jpg,,,https://img.travel.rakuten.co.jp/share/HOTEL/187613/187613map.gif,367.0,4.09,"北九州旅行では、毎回使わせていただいております。駅からすぐ、旦過市場もすぐ、小倉を楽しむには好立地で、何より清潔で安く、コスパ最高です。部屋の広さが気になる人が…　2026-05-02 15:19:14投稿 <a href=""https://img.travel.rakuten.co.jp/image/tr/api/re/gJNfM/?f_hotel_no=187613"" class=""3click"">つづきはこちら</a>",s01,喫煙シングルルーム【ベッド幅150cm】,6142958.0,日にち限定割引プラン（素泊まり）【カード決済限定】,1,0,0,0,0,2,https://img.travel.rakuten.co.jp/image/tr/api/re/IdsCY/?f_no=187613&f_syu=s01&f_hi1=2026-05-04&f_hi2=2026-05-05&f_heya_su=1&f_otona_su=1&f_s1=0&f_s2=0&f_y1=0&f_y2=0&f_y3=0&f_y4=0&f_camp_id=6142958,0,2026-05-04,12100,12100,0,2026-05-04,kitakyusyu
11312,西鉄イン黒崎,https://img.travel.rakuten.co.jp/image/tr/api/re/pvonD/?f_no=11312,https://img.travel.rakuten.co.jp/image/tr/api/re/vFumt/?f_no=11312&f_flg=PLAN,https://img.travel.rakuten.co.jp/image/tr/api/re/WzozX/?noTomariHotel=11312,https://img.travel.rakuten.co.jp/image/tr/api/re/gJNfM/?f_hotel_no=11312,にしてついん　くろさき,【黒崎駅から徒歩2分】大浴場完備、Ｗｉ－Ｆｉ完備、コンビニ徒歩１分の好立地,4325,121906.72,470760.99,806-0021,福岡県,北九州市八幡西区黒崎3-15-3,093-645-5454,093-645-5281,ＪＲ黒崎駅～徒歩で約2分　ＪＲ小倉駅～JRで約16分　北九州空港～高速バスで直結（約50分・黒崎BC下車）,"コムシティ立体駐車場（市営黒崎駅西駐車場）1泊1,000円　セイワパーク1泊1,000円",黒崎,https://img.travel.rakuten.co.jp/share/HOTEL/11312/11312.jpg,https://img.travel.rakuten.co.jp/HIMG/90/11312.jpg,https://img.travel.rakuten.co.jp/share/HOTEL/11312/11312_room.jpg,https://img.travel.rakuten.co.jp/HIMG/INTERIOR/11312.jpg,https://img.travel.rakuten.co.jp/share/HOTEL/11312/11312map.gif,3099.0,4.16,"クチコミの詳細はこちらから　https://review.travel.rakuten.co.j…　2026-04-30 16:51:39投稿 <a href=""https://img.travel.rakuten.co.jp/image/tr/api/re/gJNfM/?f_hotel_no=11312"" class=""3click"">つづきはこちら</a>",sgl,【喫煙】シングルルーム　ベッド幅123cm,6087858.0,【事前決済限定】自動チェックイン機でスピードチェックイン！大浴場でゆったり満喫♪＜素泊まり＞,1,0,0,0,0,2,https://img.travel.rakuten.co.jp/image/tr/api/re/IdsCY/?f_no=11312&f_syu=sgl&f_hi1=2026-05-04&f_hi2=2026-05-05&f_heya_su=1&f_otona_su=1&f_s1=0&f_s2=0&f_y1=0&f_y2=0&f_y3=0&f_y4=0&f_camp_id=6087858,0,2026-05-04,12000,12000,0,2026-05-04,kitakyusyu
68248,若松天然温泉「旅人の湯」ホテルルートイン北九州若松駅東,https://img.travel.rakuten.co.jp/image/tr/api/re/pvonD/?f_no=68248,https://img.travel.rakuten.co.jp/image/tr/api/re/vFumt/?f_no=68248&f_flg=PLAN,https://img.travel.rakuten.co.jp/image/tr/api/re/WzozX/?noTomariHotel=68248,https://img.travel.rakuten.co.jp/image/tr/api/re/gJNfM/?f_hotel_no=68248,わかまつてんねんおんせん　るーといんきたきゅうしゅうわかまつえきひがし,■天然温泉■バイキング朝食無料■駐車場無料（先着順）■全室ＷＯＷＯＷ■Wi-Fi■上層階コンフォートルームあり■,4950,122039.19,470916.69,808-0034,福岡県,北九州市若松区本町3-6-6,050-5576-8102,093-761-2811,JR筑豊本線 若松駅より徒歩約5分/九州道 八幡ICより約15km 車で約40分,無料駐車場64台（先着順）。満車の場合、近隣コインパーキング（有料）をご案内します。,若松,https://img.travel.rakuten.co.jp/share/HOTEL/68248/68248.jpg,https://img.travel.rakuten.co.jp/HIMG/90/68248.jpg,,,https://img.travel.rakuten.co.jp/share/HOTEL/68248/68248map.gif,864.0,4.14,"クチコミの詳細はこちらから　https://review.travel.rakuten.co.…　2026-04-22 21:47:13投稿 <a href=""https://img.travel.rakuten.co.jp/image/tr/api/re/gJNfM/?f_hotel_no=68248"" class=""3click"">つづきはこちら</a>",cs,【喫煙】コンフォートシングルルーム ベット幅140,5443373.0,【事前カード決済がお得で早い】簡単チェックインでスムーズにお部屋へ■天然温泉大浴場■朝食無料■,1,0,0,1,0,2,https://img.travel.rakuten.co.jp/image/tr/api/re/IdsCY/?f_no=68248&f_syu=cs&f_hi1=2026-05-04&f_hi2=2026-05-05&f_heya_su=1&f_otona_su=1&f_s1=0&f_s2=0&f_y1=0&f_y2=0&f_y3=0&f_y4=0&f_camp_id=5443373,0,2026-05-04,12600,12600,0,2026-05-04,kitakyusyu
84718,炭酸泉　湧金の湯　スーパーホテル小倉駅南口,https://img.travel.rakuten.co.jp/image/tr/api/re/pvonD/?f_no=84718,https://img.travel.rakuten.co.jp/image/tr/api/re/vFumt/?f_no=84718&f_flg=PLAN,https://img.travel.rakuten.co.jp/image/tr/api/re/WzozX/?noTomariHotel=84718,https://img.travel.rakuten.co.jp/image/tr/api/re/gJNfM/?f_hotel_no=84718,たんさんせん　ゆうきんのゆ　すーぱーほてるこくらえきみなみぐち,小倉で唯一の炭酸泉浴場完備／JR小倉駅南口から徒歩約５分でアクセス良好／日替り朝食ビュッフェ無料,3200,121977.5,471172.41,802-0002,福岡県,北九州市小倉北区京町1-6-34,093-541-9000,093-541-9001,◇徒歩→ＪＲ小倉駅南口より約５分　◇お車→都市高速「小倉駅北」を降りて約３分の「APパーク小倉駅前」にお停め下さい。,APパーク小倉駅前(先着順)15時〜翌10時：900円※時間外20分毎100円加算,小倉（福岡）,https://img.travel.rakuten.co.jp/share/HOTEL/84718/84718.jpg,https://img.travel.rakuten.co.jp/HIMG/90/84718.jpg,https://img.travel.rakuten.co.jp/share/HOTEL/84718/84718_ru.jpg,https://img.travel.rakuten.co.jp/HIMG/INTERIOR/84718.jpg,https://img.travel.rakuten.co.jp/share/HOTEL/84718/84718map.gif,2035.0,4.11,"フロントの女性も感じが良く、品数は少ないけれど無料朝食…　2026-04-30 12:49:20投稿 <a href=""https://img.travel.rakuten.co.jp/image/tr/api/re/gJNfM/?f_hotel_no=84718"" class=""3click"">つづきはこちら</a>",0003,【禁煙】お部屋タイプお任せ【部屋タイプは当日までのお楽しみ】,4753179.0,オンライン決済限定☆人工炭酸泉＆朝食ビュッフェ付,1,0,0,1,0,2,https://img.travel.rakuten.co.jp/image/tr/api/re/IdsCY/?f_no=84718&f_syu=0003&f_hi1=2026-05-04&f_hi2=2026-05-05&f_heya_su=1&f_otona_su=1&f_s1=0&f_s2=0&f_y1=0&f_y2=0&f_y3=0&f_y4=0&f_camp_id=4753179,0,2026-05-04,14900,14900,0,2026-05-04,kitakyusyu
5546,ホテルクラウンパレス小倉,https://img.travel.rakuten.co.jp/image/tr/api/re/pvonD/?f_no=5546,https://img.travel.rakuten.co.jp/image/tr/api/re/vFumt/?f_no=5546&f_flg=PLAN,https://img.travel.rakuten.co.jp/image/tr/api/re/WzozX/?noTomariHotel=5546,https://img.travel.rakuten.co.jp/image/tr/api/re/gJNfM/?f_hotel_no=5546,ほてるくらうんぱれすこくら,『環境未来都市・北九州市』の中心地。紫川沿いに位置し徒歩圏内に観光施設多数あり♪コンビニはホテルの目の前！,4300,121963.3,471166.57,802-0077,福岡県,北九州市小倉北区馬借1-2-1,093-511-4111,093-511-4112,小倉駅から徒歩11分、お車3分、バス5分（詳細は施設紹介「アクセス・駐車場」項目をご覧ください）,"有り／1泊1,100円（税込・先着順）※ご予約は承っておりませんので予めご了承ください。",小倉（福岡）,https://img.travel.rakuten.co.jp/share/HOTEL/5546/5546.jpg,https://img.travel.rakuten.co.jp/HIMG/90/5546.jpg,https://img.travel.rakuten.co.jp/share/HOTEL/5546/5546_heya.jpg,https://img.travel.rakuten.co.jp/HIMG/INTERIOR/5546.jpg,https://img.travel.rakuten.co.jp/share/HOTEL/5546/5546map.gif,1810.0,4.17,"クチコミの詳細はこちらから　https://review.tra…　2026-04-30 15:21:13投稿 <a href=""https://img.travel.rakuten.co.jp/image/tr/api/re/gJNfM/?f_hotel_no=5546"" class=""3click"">つづきはこちら</a>",double,禁煙ダブルルーム【24.5平米】＜川側＞,4407113.0,【スタンダード】小倉ゆったりステイ＜食事なし＞,1,0,0,0,0,1,https://img.travel.rakuten.co.jp/image/tr/api/re/IdsCY/?f_no=5546&f_syu=double&f_hi1=2026-05-04&f_hi2=2026-05-05&f_heya_su=1&f_otona_su=1&f_s1=0&f_s2=0&f_y1=0&f_y2=0&f_y3=0&f_y4=0&f_camp_id=4407113,0,2026-05-04,14900,14900,0,2026-05-04,kitakyusyu
38274,ホテルルートイン門司港,https://img.travel.rakuten.co.jp/image/tr/api/re/pvonD/?f_no=38274,https://img.travel.rakuten.co.jp/image/tr/api/re/vFumt/?f_no=38274&f_flg=PLAN,https://img.travel.rakuten.co.jp/image/tr/api/re/WzozX/?noTomariHotel=38274,https://img.travel.rakuten.co.jp/image/tr/api/re/gJNfM/?f_hotel_no=38274,るーといん　もじこう,◆関門海峡一望の9階展望大浴場◆朝食・駐車場無料◆夕食レストラン「ふぐ鍋」「もつ鍋」他御膳ものなど,4975,122171.6,471437.65,801-0841,福岡県,北九州市門司区西海岸2丁目11-2,093-322-1111,093-322-3211,門司港駅より徒歩15～20分（車で２分）小倉駅より車で15分,無料駐車場７７台完備 予約不要　（ワゴンタイプOK！）　,門司港,https://img.travel.rakuten.co.jp/share/HOTEL/38274/38274.jpg,https://img.travel.rakuten.co.jp/HIMG/90/38274.jpg,https://img.travel.rakuten.co.jp/share/HOTEL/38274/38274_tw.jpg,https://img.travel.rakuten.co.jp/HIMG/INTERIOR/38274.jpg,https://img.travel.rakuten.co.jp/share/HOTEL/38274/38274map.gif,1626.0,4.15,"クチコミの詳細はこちらから　https://r…　2026-04-26 17:36:35投稿 <a href=""https://img.travel.rakuten.co.jp/image/tr/api/re/gJNfM/?f_hotel_no=38274"" class=""3click"">つづきはこちら</a>",nns01,【禁煙】シングルルーム　ベッド幅140,5049831.0,【朝食付・事前カード決済がお得で早い・駐車場無料】スムーズにお部屋へ　◆展望大浴場◆,1,0,0,1,0,2,https://img.travel.rakuten.co.jp/image/tr/api/re/IdsCY/?f_no=38274&f_syu=nns01&f_hi1=2026-05-04&f_hi2=2026-05-05&f_heya_su=1&f_otona_su=1&f_s1=0&f_s2=0&f_y1=0&f_y2=0&f_y3=0&f_y4=0&f_camp_id=5049831,0,2026-05-04,19700,19700,0,2026-05-04,kitakyusyu
108386,東横ＩＮＮ小倉駅新幹線口,https://img.travel.rakuten.co.jp/image/tr/api/re/pvonD/?f_no=108386,https://img.travel.rakuten.co.jp/image/tr/api/re/vFumt/?f_no=108386&f_flg=PLAN,https://img.travel.rakuten.co.jp/image/tr/api/re/WzozX/?noTomariHotel=108386,https://img.travel.rakuten.co.jp/image/tr/api/re/gJNfM/?f_hotel_no=108386,とうよこいんこくらえきしんかんせんぐち,小倉城まで車で5分の立地で出発を応援！朝食・小学生以下添い寝無料で安心空間を提供いたします,5040,121978.65,471203.36,802-0001,福岡県,北九州市小倉北区浅野2-18-18,093-541-1045,093-541-1044,JR小倉駅新幹線口（北口）から徒歩5分,駐車場有　先着30台　1泊500円　,小倉（福岡）,https://img.travel.rakuten.co.jp/share/HOTEL/108386/108386.jpg,https://img.travel.rakuten.co.jp/HIMG/90/108386.jpg,https://img.travel.rakuten.co.jp/share/HOTEL/108386/108386room1.jpg,https://img.travel.rakuten.co.jp/HIMG/INTERIOR/108386.jpg,https://img.travel.rakuten.co.jp/share/HOTEL/108386/108386map.gif,404.0,4.08,"バスルームも広いです。シャワーカーテンが浴槽…　2026-04-27 17:39:35投稿 <a href=""https://img.travel.rakuten.co.jp/image/tr/api/re/gJNfM/?f_hotel_no=108386"" class=""3click"">つづきはこちら</a>",s,喫煙シングル,2736515.0,★【無料の元気朝食付】いつでも安心価格♪ビジネス・レジャーに！ 喫煙シングル,1,0,0,1,0,1,https://img.travel.rakuten.co.jp/image/tr/api/re/IdsCY/?f_no=108386&f_syu=s&f_hi1=2026-05-04&f_hi2=2026-05-05&f_heya_su=1&f_otona_su=1&f_s1=0&f_s2=0&f_y1=0&f_y2=0&f_y3=0&f_y4=0&f_camp_id=2736515,0,2026-05-04,10560,10560,0,2026-05-04,kitakyusyu
1940,ホテルクラウンパレス北九州,https://img.travel.rakuten.co.jp/image/tr/api/re/pvonD/?f_no=1940,https://img.travel.rakuten.co.jp/image/tr/api/re/vFumt/?f_no=1940&f_flg=PLAN,https://img.travel.rakuten.co.jp/image/tr/api/re/WzozX/?noTomariHotel=1940,https://img.travel.rakuten.co.jp/image/tr/api/re/gJNfM/?f_hotel_no=1940,くらうんぱれすきたきゅうしゅう,黒崎駅からお車で5分（徒歩約15分）☆ご宿泊者無料の平面駐車場完備！朝食は40品目以上の和洋バイキング♪,4290,121876.54,470751.68,806-8585,福岡県,北九州市八幡西区東曲里町3-1,093-631-7710,093-631-1148,JR黒崎駅下車（小倉駅より約20分~25分・博多駅より特急で約30分）タクシーでわずか5分　ホテル⇔北九州空港　バス有り,"普通車無料（先着順）／大型車（8トン以上）1台1泊5,500円（税込）※要予約",黒崎,https://img.travel.rakuten.co.jp/share/HOTEL/1940/1940.jpg,https://img.travel.rakuten.co.jp/HIMG/90/1940.jpg,https://img.travel.rakuten.co.jp/share/HOTEL/1940/1940_s.jpg,https://img.travel.rakuten.co.jp/HIMG/INTERIOR/1940.jpg,https://img.travel.rakuten.co.jp/share/HOTEL/1940/1940map.gif,1659.0,4.0,"クチコミの詳細はこちらから　https://review.travel.…　2026-04-19 19:09:21投稿 <a href=""https://img.travel.rakuten.co.jp/image/tr/api/re/gJNfM/?f_hotel_no=1940"" class=""3click"">つづきはこちら</a>",sgl,シングルルーム【禁煙・１６平米】,4403226.0,☆【スタンダード】ご宿泊者駐車場無料！チェックイン14時／チェックアウト12時＜素泊り＞,1,0,0,0,0,1,https://img.travel.rakuten.co.jp/image/tr/api/re/IdsCY/?f_no=1940&f_syu=sgl&f_hi1=2026-05-04&f_hi2=2026-05-05&f_heya_su=1&f_otona_su=1&f_s1=0&f_s2=0&f_y1=0&f_y2=0&f_y3=0&f_y4=0&f_camp_id=4403226,0,2026-05-04,8250,8250,0,2026-05-04,kitakyusyu
181251,ホテルリブマックス小倉駅前,https://img.travel.rakuten.co.jp/image/tr/api/re/pvonD/?f_no=181251,https://img.travel.rakuten.co.jp/image/tr/api/re/vFumt/?f_no=181251&f_flg=PLAN,https://img.travel.rakuten.co.jp/image/tr/api/re/WzozX/?noTomariHotel=181251,https://img.travel.rakuten.co.jp/image/tr/api/re/gJNfM/?f_hotel_no=181251,りぶまっくすこくらえきまえ,2020年10月グランドオープン！小倉駅徒歩３０秒！非対面チェックイン機導入済 全客室充実のルームアイテムを採用♪,2763,121980.47,471179.92,802-0002,福岡県,北九州市小倉北区京町2-3-2,093-511-3350,093-511-3351,ＪＲ　小倉駅　小倉城口　目の前のロータリーより徒歩にてすぐ！！（駅近の好立地ホテル）,無し,小倉（福岡）,https://img.travel.rakuten.co.jp/share/HOTEL/181251/181251.jpg,https://img.travel.rakuten.co.jp/HIMG/90/181251.jpg,,,https://img.travel.rakuten.co.jp/share/HOTEL/181251/181251map.gif,356.0,3.79,"部屋の…　2026-05-02 22:44:44投稿 <a href=""https://img.travel.rakuten.co.jp/image/tr/api/re/gJNfM/?f_hotel_no=181251"" class=""3click"">つづきはこちら</a>",sin-kitsu,★シングルルーム喫煙★ベッド幅120cm×195cm★1台★,5722173.0,【リブマックスセール】《15％OFF》ホテルリブマックス小倉駅前【素泊り】,1,0,0,0,0,1,https://img.travel.rakuten.co.jp/image/tr/api/re/IdsCY/?f_no=181251&f_syu=sin-kitsu&f_hi1=2026-05-04&f_hi2=2026-05-05&f_heya_su=1&f_otona_su=1&f_s1=0&f_s2=0&f_y1=0&f_y2=0&f_y3=0&f_y4=0&f_camp_id=5722173,0,2026-05-04,21250,21250,0,2026-05-04,kitakyusyu
25112,サウナ＆カプセルホテル　グリーンランド小倉,https://img.travel.rakuten.co.jp/image/tr/api/re/pvonD/?f_no=25112,https://img.travel.rakuten.co.jp/image/tr/api/re/vFumt/?f_no=25112&f_flg=PLAN,,https://img.travel.rakuten.co.jp/image/tr/api/re/gJNfM/?f_hotel_no=25112,さうなあんどかぷせるほてる　ぐりーんらんど　こくら,【24H風呂サウナ入り放題】【WiFi無料】【コンビニ徒歩1分】北九州最大のサウナ＆カプセルホテル。,3500,121978.33,471176.59,802-0002,福岡県,北九州市小倉北区京町2-1-7,093-521-6211,093-521-6357,ＪＲ鹿児島本線・小倉駅〜徒歩２分,無し ,小倉（福岡）,https://img.travel.rakuten.co.jp/share/HOTEL/25112/25112.jpg,https://img.travel.rakuten.co.jp/HIMG/90/25112.jpg,https://img.travel.rakuten.co.jp/share/HOTEL/25112/25112_b.jpg,https://img.travel.rakuten.co.jp/HIMG/INTERIOR/25112.jpg,https://img.travel.rakuten.co.jp/share/HOTEL/25112/25112map.gif,512.0,3.77,"クチコミの詳細はこちらから　https://review.travel.rakuten.co.jp/hotel/voice/251…　2026-04-22 16:58:32投稿 <a href=""https://img.travel.rakuten.co.jp/image/tr/api/re/gJNfM/?f_hotel_no=25112"" class=""3click"">つづきはこちら</a>",gl0002,【男性のお客様専用】カプセルルームご宿泊,5676646.0,【男性のお客様専用】 　カプセルームご宿泊プラン　（女性のお客様はご利用頂けません。）,1,0,0,0,0,1,https://img.travel.rakuten.co.jp/image/tr/api/re/IdsCY/?f_no=25112&f_syu=gl0002&f_hi1=2026-05-04&f_hi2=2026-05-05&f_heya_su=1&f_otona_su=1&f_s1=0&f_s2=0&f_y1=0&f_y2=0&f_y3=0&f_y4=0&f_camp_id=5676646,0,2026-05-04,5600,5600,1,2026-05-04,kitakyusyu
1363,サンスカイホテル小倉,https://img.travel.rakuten.co.jp/image/tr/api/re/pvonD/?f_no=1363,https://img.travel.rakuten.co.jp/image/tr/api/re/vFumt/?f_no=1363&f_flg=PLAN,https://img.travel.rakuten.co.jp/image/tr/api/re/WzozX/?noTomariHotel=1363,https://img.travel.rakuten.co.jp/image/tr/api/re/gJNfM/?f_hotel_no=1363,さんすかい　こくら,駐車場無料、ウェルカムドリンク、ミネラルウォーター、全室Wi-Fi無料接続可,2900,121959.21,471251.99,802-0038,福岡県,北九州市小倉北区神幸町2-1,093-521-0123,093-521-1984,小倉駅より約車10分。足立ICから5分・富野ＩＣから3分。ヤフオク！ドームまで車1時間。湯布院まで車1時間50分。,入出庫自由、無料平面駐車場（８０台）　　大型車（２ｔ車以上）は有料で事前に予約要,小倉（福岡）,https://img.travel.rakuten.co.jp/share/HOTEL/1363/1363.jpg,https://img.travel.rakuten.co.jp/HIMG/90/1363.jpg,https://img.travel.rakuten.co.jp/share/HOTEL/1363/1363_sy.jpg,https://img.travel.rakuten.co.jp/HIMG/INTERIOR/1363.jpg,https://img.travel.rakuten.co.jp/share/HOTEL/1363/1363map.gif,1755.0,3.78,"年に1度くらいの頻度で利用させてもらっています。これまでおおむね満足で強いて言えばWiFiのつながりがやや悪いことくらいでしたが、今回は3泊のうち1泊でしたが、隣の部屋…　2026-03-30 21:44:38投稿 <a href=""https://img.travel.rakuten.co.jp/image/tr/api/re/gJNfM/?f_hotel_no=1363"" class=""3click"">つづきはこちら</a>",sn,シングル【禁煙】,3562850.0,【駐車場無料】【素泊まり】【24時間フリードリンク】【Wi-Fi無料接続可】,1,0,0,0,0,1,https://img.travel.rakuten.co.jp/image/tr/api/re/IdsCY/?f_no=1363&f_syu=sn&f_hi1=2026-05-04&f_hi2=2026-05-05&f_heya_su=1&f_otona_su=1&f_s1=0&f_s2=0&f_y1=0&f_y2=0&f_y3=0&f_y4=0&f_camp_id=3562850,0,2026-05-04,10000,10000,1,2026-05-04,kitakyusyu
144526,ビジネスホテルうめかぜ,https://img.travel.rakuten.co.jp/image/tr/api/re/pvonD/?f_no=144526,https://img.travel.rakuten.co.jp/image/tr/api/re/vFumt/?f_no=144526&f_flg=PLAN,https://img.travel.rakuten.co.jp/image/tr/api/re/WzozX/?noTomariHotel=144526,https://img.travel.rakuten.co.jp/image/tr/api/re/gJNfM/?f_hotel_no=144526,うめかぜ,響町、向洋町まで車で５分。長期出張の方へのお得なプランもあります。詳しくはホームページから電話でご相談ください。,1480,122092.7,470750.61,808-0008,福岡県,北九州市若松区小竹214,093-771-1378,093-771-2355,大橋通りバス停よりバスで２０分「常福寺入口」下車徒歩にて１分。ホームページは「※長期 ビジネスホテルうめかぜ」で検索,無料　（大型、ダンプ等は不可）　,若松,https://img.travel.rakuten.co.jp/share/HOTEL/144526/144526.jpg,https://img.travel.rakuten.co.jp/HIMG/90/144526.jpg,https://img.travel.rakuten.co.jp/share/HOTEL/144526/144526_kya.jpg,https://img.travel.rakuten.co.jp/HIMG/INTERIOR/144526.jpg,https://img.travel.rakuten.co.jp/share/HOTEL/144526/144526map.gif,12.0,4.0,,2-1,響灘工業地帯近、渋滞皆無◆素泊りシングルルーム(宿泊税込み),6366423.0,特別企画！バースデープラン(宿泊税込み),1,0,0,0,0,2,https://img.travel.rakuten.co.jp/image/tr/api/re/IdsCY/?f_no=144526&f_syu=2-1&f_hi1=2026-05-04&f_hi2=2026-05-05&f_heya_su=1&f_otona_su=1&f_s1=0&f_s2=0&f_y1=0&f_y2=0&f_y3=0&f_y4=0&f_camp_id=6366423,0,2026-05-04,1480,1480,0,2026-05-04,kitakyusyu
14857,ホテル千望荘,https://img.travel.rakuten.co.jp/image/tr/api/re/pvonD/?f_no=14857,https://img.travel.rakuten.co.jp/image/tr/api/re/vFumt/?f_no=14857&f_flg=PLAN,https://img.travel.rakuten.co.jp/image/tr/api/re/WzozX/?noTomariHotel=14857,https://img.travel.rakuten.co.jp/image/tr/api/re/gJNfM/?f_hotel_no=14857,ほてる　せんぼうそう,車での市内観光に便利な立地。夜景が美しい♪猫に会える♪全室禁煙。喫煙室有り。駐車場無料。,4950,121993.43,470950.76,804-0053,福岡県,北九州市戸畑区牧山2-5-9,093-871-6991,093-882-2985,JR戸畑駅より車で５分、徒歩15分～20分。北九州都市高速枝光インターより車で５分。,有り　１予約1台　無料　若戸大橋・関門橋・戸畑市街を一望できる標高60mほどの丘の上。,戸畑,https://img.travel.rakuten.co.jp/share/HOTEL/14857/14857.jpg,https://img.travel.rakuten.co.jp/HIMG/90/14857.jpg,https://img.travel.rakuten.co.jp/share/HOTEL/14857/14857_war.jpg,https://img.travel.rakuten.co.jp/HIMG/INTERIOR/14857.jpg,https://img.travel.rakuten.co.jp/share/HOTEL/14857/14857map.gif,78.0,4.09,,b1fs,シングル　禁煙 《WI-FI付き》,,,1,0,0,0,0,1,https://img.travel.rakuten.co.jp/image/tr/api/re/IdsCY/?f_no=14857&f_syu=b1fs&f_hi1=2026-05-04&f_hi2=2026-05-05&f_heya_su=1&f_otona_su=1&f_s1=0&f_s2=0&f_y1=0&f_y2=0&f_y3=0&f_y4=0,1,2026-05-04,6600,6600,0,2026-05-04,kitakyusyu
182019,アパホテル〈博多駅筑紫口〉,https://img.travel.rakuten.co.jp/image/tr/api/re/pvonD/?f_no=182019,https://img.travel.rakuten.co.jp/image/tr/api/re/vFumt/?f_no=182019&f_flg=PLAN,https://img.travel.rakuten.co.jp/image/tr/api/re/WzozX/?noTomariHotel=182019,https://img.travel.rakuten.co.jp/image/tr/api/re/gJNfM/?f_hotel_no=182019,あぱほてる　はかたえきちくしぐち,博多駅から最も近いアパホテル。2棟構成でCENTRAL棟には大浴殿完備。WEST棟では静かに過ごせる,4410,120916.87,469533.42,812-0013,福岡県,福岡市博多区博多駅東1-14-1(セントラル棟)／福岡市博多区博多駅東1-11-11(ウエスト棟),0570-056-311,092-477-6312,地下鉄空港線「博多」駅(東7番出口)から徒歩2分、山陽新幹線・九州新幹線・JR各線「博多」駅(筑紫口)から徒歩4分,"セントラル棟16台　1,800円／1泊（11時&#12316;翌11時）※先着順",博多,https://img.travel.rakuten.co.jp/share/HOTEL/182019/182019.jpg,https://img.travel.rakuten.co.jp/HIMG/90/182019.jpg,,,https://img.travel.rakuten.co.jp/share/HOTEL/182019/182019map.gif,993.0,4.16,"クチコミの詳細はこちらから　https://review.travel.rakuten.co.jp/hotel/voi…　2026-04-30 07:37:31投稿 <a href=""https://img.travel.rakuten.co.jp/image/tr/api/re/gJNfM/?f_hotel_no=182019"" class=""3click"">つづきはこちら</a>",s1w,【ウエスト棟】スタンダード(1名利用) 禁煙◆大浴殿は別館,5188888.0,【素泊まり・事前決済限定】1秒チェックインにおすすめ！,1,0,0,0,0,2,https://img.travel.rakuten.co.jp/image/tr/api/re/IdsCY/?f_no=182019&f_syu=s1w&f_hi1=2026-05-04&f_hi2=2026-05-05&f_heya_su=1&f_otona_su=1&f_s1=0&f_s2=0&f_y1=0&f_y2=0&f_y3=0&f_y4=0&f_camp_id=5188888,0,2026-05-04,19980,19980,0,2026-05-04,fukuoka
108259,ホテルアクティブ！博多,https://img.travel.rakuten.co.jp/image/tr/api/re/pvonD/?f_no=108259,https://img.travel.rakuten.co.jp/image/tr/api/re/vFumt/?f_no=108259&f_flg=PLAN,https://img.travel.rakuten.co.jp/image/tr/api/re/WzozX/?noTomariHotel=108259,https://img.travel.rakuten.co.jp/image/tr/api/re/gJNfM/?f_hotel_no=108259,あくてぃぶ！はかた,和洋ビュッフェ朝食無料サービス＆人工温泉大浴場付◆博多駅博多口より徒歩約4分◆楽天GOLDアワード2025受賞,4400,120908.36,469505.34,812-0011,福岡県,福岡市博多区博多駅前3-20-16,092-452-0001,092-452-0011,ＪＲ博多駅・博多口より徒歩約４分◆空港からは地下鉄で博多駅まで約５分・西２０番出口から徒歩約２分,普通車１台１泊税込１１００円／徒歩１分圏に複数の契約駐車場（総枠数１６５台）全枠平置きでハイルーフ可,博多,https://img.travel.rakuten.co.jp/share/HOTEL/108259/108259.jpg,https://img.travel.rakuten.co.jp/HIMG/90/108259.jpg,,,https://img.travel.rakuten.co.jp/share/HOTEL/108259/108259map.gif,11297.0,4.35,"クチコミの詳細はこちらから　https://review.travel.rakuten.co.jp/hot…　2026-05-01 20:08:44投稿 <a href=""https://img.travel.rakuten.co.jp/image/tr/api/re/gJNfM/?f_hotel_no=108259"" class=""3click"">つづきはこちら</a>",b,◆喫煙◆ベーシックルーム／加湿空気清浄機付＆個別空調,6417217.0,【ゴールドアワード2025】受賞記念プラン！和洋ビュッフェ朝食無料／人工温泉大浴場,1,0,0,1,0,1,https://img.travel.rakuten.co.jp/image/tr/api/re/IdsCY/?f_no=108259&f_syu=b&f_hi1=2026-05-04&f_hi2=2026-05-05&f_heya_su=1&f_otona_su=1&f_s1=0&f_s2=0&f_y1=0&f_y2=0&f_y3=0&f_y4=0&f_camp_id=6417217,0,2026-05-04,15800,15800,0,2026-05-04,fukuoka
147709,博多グリーンホテル１号館,https://img.travel.rakuten.co.jp/image/tr/api/re/pvonD/?f_no=147709,https://img.travel.rakuten.co.jp/image/tr/api/re/vFumt/?f_no=147709&f_flg=PLAN,https://img.travel.rakuten.co.jp/image/tr/api/re/WzozX/?noTomariHotel=147709,https://img.travel.rakuten.co.jp/image/tr/api/re/gJNfM/?f_hotel_no=147709,はかたぐりーんほてるいちごうかん,博多駅徒歩1分でアクセス抜群！１３時イン・１２時アウトのゆったり滞在。◇個別空調◇シモンズベッド◇加湿空気清浄機完備,7300,120918.91,469527.72,812-0012,福岡県,福岡市博多区博多駅中央街4-4,092-451-4110,092-451-4115,【最短アクセス】福岡空港～地下鉄５分。JR博多駅筑紫口（新幹線口）～徒歩１分！,"1泊／2,500円　先着・予約不可(満車・サイズによる入庫不可は有料駐車場へ案内　※途中入出庫不可)",博多,https://img.travel.rakuten.co.jp/share/HOTEL/147709/147709.jpg,https://img.travel.rakuten.co.jp/HIMG/90/147709.jpg,,,https://img.travel.rakuten.co.jp/share/HOTEL/147709/147709map.gif,1957.0,4.28,"スタッフの方もとても感じがよく…　2026-04-29 11:52:38投稿 <a href=""https://img.travel.rakuten.co.jp/image/tr/api/re/gJNfM/?f_hotel_no=147709"" class=""3click"">つづきはこちら</a>",sk1_basic,禁煙シングル,3376775.0,【素泊まり】13時イン12時アウトシングルプラン,1,0,0,0,0,1,https://img.travel.rakuten.co.jp/image/tr/api/re/IdsCY/?f_no=147709&f_syu=sk1_basic&f_hi1=2026-05-04&f_hi2=2026-05-05&f_heya_su=1&f_otona_su=1&f_s1=0&f_s2=0&f_y1=0&f_y2=0&f_y3=0&f_y4=0&f_camp_id=3376775,0,2026-05-04,16000,16000,0,2026-05-04,fukuoka
165706,エスペリアホテル博多,https://img.travel.rakuten.co.jp/image/tr/api/re/pvonD/?f_no=165706,https://img.travel.rakuten.co.jp/image/tr/api/re/vFumt/?f_no=165706&f_flg=PLAN,https://img.travel.rakuten.co.jp/image/tr/api/re/WzozX/?noTomariHotel=165706,https://img.travel.rakuten.co.jp/image/tr/api/re/gJNfM/?f_hotel_no=165706,えすぺりあほてるはかた,お部屋は全室バス・トイレ・洗面が別！観光・ビジネスに便利な駅近ホテル,4950,120916.37,469506.7,812-0011,福岡県,福岡市博多区博多駅前2-11-4,092-412-7272,092-412-7271,地下鉄「博多駅」P５番出口より徒歩約分。JR「博多駅」より徒歩約５分、福岡空港から博多へは地下鉄約１０分,"有り　16台　1,600円（税込み／泊）　先着順 予約不可　※提携の駐車場はございません",博多,https://img.travel.rakuten.co.jp/share/HOTEL/165706/165706.jpg,https://img.travel.rakuten.co.jp/HIMG/90/165706.jpg,,,https://img.travel.rakuten.co.jp/share/HOTEL/165706/165706map.gif,1442.0,4.17,"福岡旅行で利用しました。サービスがとても良く、スタッフの対応も丁寧で快適に過ごせました。館内は全体的に清潔感があり、とても綺麗でした。休憩スペースで提供されている…　2026-04-30 08:12:57投稿 <a href=""https://img.travel.rakuten.co.jp/image/tr/api/re/gJNfM/?f_hotel_no=165706"" class=""3click"">つづきはこちら</a>",gda,グランドダブル【ベッド幅140／バスルーム・トイレ別】,6040485.0,【素泊まり】直前予約でも早期予約でもお得な定番プラン！！,1,0,0,0,0,1,https://img.travel.rakuten.co.jp/image/tr/api/re/IdsCY/?f_no=165706&f_syu=gda&f_hi1=2026-05-04&f_hi2=2026-05-05&f_heya_su=1&f_otona_su=1&f_s1=0&f_s2=0&f_y1=0&f_y2=0&f_y3=0&f_y4=0&f_camp_id=6040485,0,2026-05-04,37500,37500,0,2026-05-04,fukuoka
79344,ダイワロイネットホテル博多祇園,https://img.travel.rakuten.co.jp/image/tr/api/re/pvonD/?f_no=79344,https://img.travel.rakuten.co.jp/image/tr/api/re/vFumt/?f_no=79344&f_flg=PLAN,https://img.travel.rakuten.co.jp/image/tr/api/re/WzozX/?noTomariHotel=79344,https://img.travel.rakuten.co.jp/image/tr/api/re/gJNfM/?f_hotel_no=79344,だいわろいねっとほてるはかたぎおん,地下鉄「祇園駅」より徒歩約1分の駅ちかホテル。天神・中洲屋台・キャナルシティへは徒歩圏内。ビジネス・遊びに便利。,4750,120924.68,469497.51,812-0038,福岡県,福岡市博多区祗園町1-24,092-281-3600,092-281-3601,地下鉄空港線「祇園駅」3番出口より徒歩約1分。JR「博多駅」より徒歩約8分、又は地下鉄利用で「祇園駅」下車、徒歩約1分。,"立体駐車場。収容20台。1泊（13時〜翌13時）1,800円税込。営業7時〜22時。車高1.55m迄",祇園（福岡）,https://img.travel.rakuten.co.jp/share/HOTEL/79344/79344.jpg,https://img.travel.rakuten.co.jp/HIMG/90/79344.jpg,https://img.travel.rakuten.co.jp/share/HOTEL/79344/79344_room.jpg,https://img.travel.rakuten.co.jp/HIMG/INTERIOR/79344.jpg,https://img.travel.rakuten.co.jp/share/HOTEL/79344/79344map.gif,4023.0,4.12,"連泊しても希望する箇所の清掃はしっかりやってくれて…　2026-05-01 13:29:08投稿 <a href=""https://img.travel.rakuten.co.jp/image/tr/api/re/gJNfM/?f_hotel_no=79344"" class=""3click"">つづきはこちら</a>",ss-01,＜喫煙＞スタンダードダブル 1名利用 18平米,6460372.0,【松江駅前】2026年8月6日開業記念プラン〜素泊り〜,1,0,0,0,0,1,https://img.travel.rakuten.co.jp/image/tr/api/re/IdsCY/?f_no=79344&f_syu=ss-01&f_hi1=2026-05-04&f_hi2=2026-05-05&f_heya_su=1&f_otona_su=1&f_s1=0&f_s2=0&f_y1=0&f_y2=0&f_y3=0&f_y4=0&f_camp_id=6460372,0,2026-05-04,23750,23750,0,2026-05-04,fukuoka
163065,スーパーホテルＰｒｅｍｉｅｒ博多駅・筑紫口天然温泉,https://img.travel.rakuten.co.jp/image/tr/api/re/pvonD/?f_no=163065,https://img.travel.rakuten.co.jp/image/tr/api/re/vFumt/?f_no=163065&f_flg=PLAN,https://img.travel.rakuten.co.jp/image/tr/api/re/WzozX/?noTomariHotel=163065,https://img.travel.rakuten.co.jp/image/tr/api/re/gJNfM/?f_hotel_no=163065,すーぱーほてるぷれみあはかたえき・ちくしぐちてんねんおんせん,アルコールも楽しめるウェルカムバー（15時～21時）＆夜通し入れる天然温泉でリフレッシュ☆博多駅から徒歩約8分！！,5050,120895.49,469537.61,812-0016,福岡県,福岡市博多区博多駅南2-1-32,092-451-9000,092-451-9001,JR博多駅・筑紫口徒歩約８分！福岡空港から車で約10分！地下鉄博多駅東5番出口！博多駅東３丁目交差点セブンイレブン前,7台分（事前予約制） 1泊2，000円 ※高さ制限なし 　　近隣にコインパーキング多数あり,博多,https://img.travel.rakuten.co.jp/share/HOTEL/163065/163065.jpg,https://img.travel.rakuten.co.jp/HIMG/90/163065.jpg,,,https://img.travel.rakuten.co.jp/share/HOTEL/163065/163065map.gif,1621.0,4.29,"部屋はキレイで、レディースルームだったからか、リファのドライヤーとシャワーヘッドになって…　2026-05-02 10:36:18投稿 <a href=""https://img.travel.rakuten.co.jp/image/tr/api/re/gJNfM/?f_hotel_no=163065"" class=""3click"">つづきはこちら</a>",k0,【素泊まり】部屋タイプお任せ【お部屋は当日のお楽しみ】,5157607.0,【素泊まり】オンライン決済限定プラン☆天然温泉＆ウェルカムバー付☆チェックアウトの手続きなし！,1,0,0,0,0,2,https://img.travel.rakuten.co.jp/image/tr/api/re/IdsCY/?f_no=163065&f_syu=k0&f_hi1=2026-05-04&f_hi2=2026-05-05&f_heya_su=1&f_otona_su=1&f_s1=0&f_s2=0&f_y1=0&f_y2=0&f_y3=0&f_y4=0&f_camp_id=5157607,0,2026-05-04,19900,19900,0,2026-05-04,fukuoka
9227,マースガーデンホテル博多,https://img.travel.rakuten.co.jp/image/tr/api/re/pvonD/?f_no=9227,https://img.travel.rakuten.co.jp/image/tr/api/re/vFumt/?f_no=9227&f_flg=PLAN,https://img.travel.rakuten.co.jp/image/tr/api/re/WzozX/?noTomariHotel=9227,https://img.travel.rakuten.co.jp/image/tr/api/re/gJNfM/?f_hotel_no=9227,まーすがーでんほてるはかた,有名店で修業と経験を重ねた和の匠が集う、直営レストランを有した食と宿の融合ホテル～4KスマートTV＆高速Wi-Fi6導入,6507,120917.39,469527.85,812-0012,福岡県,福岡市博多区博多駅中央街4-10,092-434-1311,092-471-0124,JR博多駅筑紫口より徒歩1分　地下鉄博多駅『東5』・『東4』番出口より1分(福岡空港からは後方の車両へ),"11台(予約制) 1泊/\1,700(税込) 高さ1.65m迄。規格外・満車時は提携駐車場多数あり。",博多,https://img.travel.rakuten.co.jp/share/HOTEL/9227/9227.jpg,https://img.travel.rakuten.co.jp/HIMG/90/9227.jpg,https://img.travel.rakuten.co.jp/share/HOTEL/9227/9227_si.jpg,https://img.travel.rakuten.co.jp/HIMG/INTERIOR/9227.jpg,https://img.travel.rakuten.co.jp/share/HOTEL/9227/9227map.gif,5244.0,4.23,"クチコミの詳細はこちらから　https://review.travel.r…　2026-04-28 21:14:19投稿 <a href=""https://img.travel.rakuten.co.jp/image/tr/api/re/gJNfM/?f_hotel_no=9227"" class=""3click"">つづきはこちら</a>",kssrv,スタイリッシュ・シルバーシモンズシングル(禁煙),5587325.0,【-ショートstay-】16時イン−9時アウト　素泊まりプラン　博多駅筑紫口より徒歩1分,1,0,0,0,0,1,https://img.travel.rakuten.co.jp/image/tr/api/re/IdsCY/?f_no=9227&f_syu=kssrv&f_hi1=2026-05-04&f_hi2=2026-05-05&f_heya_su=1&f_otona_su=1&f_s1=0&f_s2=0&f_y1=0&f_y2=0&f_y3=0&f_y4=0&f_camp_id=5587325,0,2026-05-04,26600,26600,0,2026-05-04,fukuoka
80574,博多グリーンホテルアネックス,https://img.travel.rakuten.co.jp/image/tr/api/re/pvonD/?f_no=80574,https://img.travel.rakuten.co.jp/image/tr/api/re/vFumt/?f_no=80574&f_flg=PLAN,https://img.travel.rakuten.co.jp/image/tr/api/re/WzozX/?noTomariHotel=80574,https://img.travel.rakuten.co.jp/image/tr/api/re/gJNfM/?f_hotel_no=80574,はかたぐりーんほてるあねっくす,博多駅徒歩1分でアクセス抜群！１３時イン・１２時アウトのゆったり滞在。◇個別空調◇シモンズベッド◇直営コンビニ１Ｆ有,7000,120916.94,469527.77,812-0012,福岡県,福岡市博多区博多駅中央街4-32,092-451-4112,092-451-4177,【最短アクセス】福岡空港～地下鉄５分。JR博多駅筑紫口（新幹線口）～徒歩１分！,"1泊／2,500円　先着・予約不可(満車・サイズによる入庫不可は有料駐車場へ案内　※途中入出庫不可)",博多,https://img.travel.rakuten.co.jp/share/HOTEL/80574/80574.jpg,https://img.travel.rakuten.co.jp/HIMG/90/80574.jpg,https://img.travel.rakuten.co.jp/share/HOTEL/80574/80574_room.jpg,https://img.travel.rakuten.co.jp/HIMG/INTERIOR/80574.jpg,https://img.travel.rakuten.co.jp/share/HOTEL/80574/80574map.gif,2489.0,4.29,"クチコミの詳細はこちらから　https://review.tr…　2026-04-29 21:41:42投稿 <a href=""https://img.travel.rakuten.co.jp/image/tr/api/re/gJNfM/?f_hotel_no=80574"" class=""3click"">つづきはこちら</a>",s,喫煙シングルルーム,6298861.0,【煙草と珈琲で整える、大人の休息ステイ。】素泊まり喫煙シングルプラン,1,0,0,0,0,1,https://img.travel.rakuten.co.jp/image/tr/api/re/IdsCY/?f_no=80574&f_syu=s&f_hi1=2026-05-04&f_hi2=2026-05-05&f_heya_su=1&f_otona_su=1&f_s1=0&f_s2=0&f_y1=0&f_y2=0&f_y3=0&f_y4=0&f_camp_id=6298861,0,2026-05-04,18000,18000,0,2026-05-04,fukuoka
76404,天然温泉　御笠の湯　ドーミーイン博多祇園（２０２６年４月１日リニューアルオープン）,https://img.travel.rakuten.co.jp/image/tr/api/re/pvonD/?f_no=76404,https://img.travel.rakuten.co.jp/image/tr/api/re/vFumt/?f_no=76404&f_flg=PLAN,https://img.travel.rakuten.co.jp/image/tr/api/re/WzozX/?noTomariHotel=76404,https://img.travel.rakuten.co.jp/image/tr/api/re/gJNfM/?f_hotel_no=76404,てんねんおんせん　みかさのゆ　どーみーいんはかたぎおん,【4月リニューアルオープン】博多で温泉に入ろう！空港から地下鉄で1本でアクセス抜群　博多名物「水炊き」自慢の朝食を☆,7875,120924.81,469495.06,812-0039,福岡県,福岡市博多区冷泉町1-12,092-271-5489,092-271-5210,地下鉄空港線「祗園駅」3番出口から徒歩1分、博多駅から徒歩約10分,12台【先着順・出入自由・1泊 ２０００円】満車の際は提携先又は近隣駐車場にご案内させて頂きます。,祇園（福岡）,https://img.travel.rakuten.co.jp/share/HOTEL/76404/76404.jpg,https://img.travel.rakuten.co.jp/HIMG/90/76404.jpg,https://img.travel.rakuten.co.jp/share/HOTEL/76404/76404_d.jpg,https://img.travel.rakuten.co.jp/HIMG/INTERIOR/76404.jpg,https://img.travel.rakuten.co.jp/share/HOTEL/76404/76404map.gif,4667.0,4.3,"宿泊客は外国…　2026-05-02 14:05:05投稿 <a href=""https://img.travel.rakuten.co.jp/image/tr/api/re/gJNfM/?f_hotel_no=76404"" class=""3click"">つづきはこちら</a>",cdn,【7〜10F指定】◆CLUB FLOOR ダブル◆《禁煙》,1834097.0,【大浴場×サウナでととのう！】ドーミーインスタンダードプラン!!＜素泊まり＞,1,0,0,0,0,1,https://img.travel.rakuten.co.jp/image/tr/api/re/IdsCY/?f_no=76404&f_syu=cdn&f_hi1=2026-05-04&f_hi2=2026-05-05&f_heya_su=1&f_otona_su=1&f_s1=0&f_s2=0&f_y1=0&f_y2=0&f_y3=0&f_y4=0&f_camp_id=1834097,0,2026-05-04,26775,26775,0,2026-05-04,fukuoka
2959,博多ターミナルホテル,https://img.travel.rakuten.co.jp/image/tr/api/re/pvonD/?f_no=2959,https://img.travel.rakuten.co.jp/image/tr/api/re/vFumt/?f_no=2959&f_flg=PLAN,https://img.travel.rakuten.co.jp/image/tr/api/re/WzozX/?noTomariHotel=2959,https://img.travel.rakuten.co.jp/image/tr/api/re/gJNfM/?f_hotel_no=2959,はかた　たーみなるほてる,★セールプランやビール付きプランなど有★ＪＲ博多駅筑紫口より徒歩2分。空気清浄機完備！,4000,120909.68,469529.59,812-0013,福岡県,福岡市博多区博多駅東2-1-26,092-474-2121,092-474-6857,ＪＲ博多駅筑紫口より徒歩２分。空港より地下鉄5分博多駅下車。福岡、大宰府インターより約15分。,契約駐車場有。入庫より24時間（出し入れ不可）１５００円。超過は３０分毎２００円。予約不可。,博多,https://img.travel.rakuten.co.jp/share/HOTEL/2959/2959.jpg,https://img.travel.rakuten.co.jp/HIMG/90/2959.jpg,https://img.travel.rakuten.co.jp/share/HOTEL/2959/2959_heya1.jpg,https://img.travel.rakuten.co.jp/HIMG/INTERIOR/2959.jpg,https://img.travel.rakuten.co.jp/share/HOTEL/2959/2959map.gif,2140.0,3.74,"クチコミの詳細はこちらから　https://review.travel.rakuten.co.jp/hotel/voic…　2026-05-02 21:11:39投稿 <a href=""https://img.travel.rakuten.co.jp/image/tr/api/re/gJNfM/?f_hotel_no=2959"" class=""3click"">つづきはこちら</a>",kitus,喫煙室シングル,5281719.0,【期間限定】☆素泊まり!ＪＲ博多駅筑紫口より徒歩２分！,1,0,0,0,0,1,https://img.travel.rakuten.co.jp/image/tr/api/re/IdsCY/?f_no=2959&f_syu=kitus&f_hi1=2026-05-04&f_hi2=2026-05-05&f_heya_su=1&f_otona_su=1&f_s1=0&f_s2=0&f_y1=0&f_y2=0&f_y3=0&f_y4=0&f_camp_id=5281719,0,2026-05-04,12800,12800,0,2026-05-04,fukuoka
166968,ワシントンＲ＆Ｂホテル博多駅前第２,https://img.travel.rakuten.co.jp/image/tr/api/re/pvonD/?f_no=166968,https://img.travel.rakuten.co.jp/image/tr/api/re/vFumt/?f_no=166968&f_flg=PLAN,https://img.travel.rakuten.co.jp/image/tr/api/re/WzozX/?noTomariHotel=166968,https://img.travel.rakuten.co.jp/image/tr/api/re/gJNfM/?f_hotel_no=166968,わしんとんあーるあんどびーほてるはかたえきまえだいに,★JR博多駅より徒歩約5分の好立地★清潔で機能的な客室,4800,120898.16,469508.99,812-0011,福岡県,福岡市博多区博多駅前4-3-20,092-482-1919,092-482-1920,ＪＲ　博多駅　博多口から徒歩にて約５分,無し,博多,https://img.travel.rakuten.co.jp/share/HOTEL/166968/166968.jpg,https://img.travel.rakuten.co.jp/HIMG/90/166968.jpg,https://img.travel.rakuten.co.jp/share/HOTEL/166968/166968_kan1.jpg,https://img.travel.rakuten.co.jp/HIMG/INTERIOR/166968.jpg,https://img.travel.rakuten.co.jp/share/HOTEL/166968/166968map.gif,926.0,3.95,"駅近とても便利でした。以前も同じグループのホテルで朝食をいただいたことがありますが、カレーやサラダ、ヨーグルトなどついて満足度が高いです。部屋は一般的なビジネスホ…　2026-05-01 20:17:59投稿 <a href=""https://img.travel.rakuten.co.jp/image/tr/api/re/gJNfM/?f_hotel_no=166968"" class=""3click"">つづきはこちら</a>",ns,シングルルーム　禁煙,4196850.0,【学生限定】学生プラン　学生証をご提示ください（素泊まり）,1,0,0,0,0,1,https://img.travel.rakuten.co.jp/image/tr/api/re/IdsCY/?f_no=166968&f_syu=ns&f_hi1=2026-05-04&f_hi2=2026-05-05&f_heya_su=1&f_otona_su=1&f_s1=0&f_s2=0&f_y1=0&f_y2=0&f_y3=0&f_y4=0&f_camp_id=4196850,0,2026-05-04,12800,12800,0,2026-05-04,fukuoka
178967,ホテルフロント・イン福岡空港,https://img.travel.rakuten.co.jp/image/tr/api/re/pvonD/?f_no=178967,https://img.travel.rakuten.co.jp/image/tr/api/re/vFumt/?f_no=178967&f_flg=PLAN,https://img.travel.rakuten.co.jp/image/tr/api/re/WzozX/?noTomariHotel=178967,https://img.travel.rakuten.co.jp/image/tr/api/re/gJNfM/?f_hotel_no=178967,ふろんといんふくおかくうこう,福岡空港や博多の森陸上競技場に隣接しビジネス・観光・イベントの拠点に最適なホテルです。博多・中洲・天神へのアクセスも抜群,7040,120956.0,469638.78,811‐2205,福岡県,糟屋郡志免町別府2-18-1,092-624-6688,092-624-6677,地下鉄　福岡空港駅より徒歩にて約12分,有り　32台　1泊１区画800円（※2tロング以上は１区画1600円）　要予約,福岡空港,https://img.travel.rakuten.co.jp/share/HOTEL/178967/178967.jpg,https://img.travel.rakuten.co.jp/HIMG/90/178967.jpg,,,https://img.travel.rakuten.co.jp/share/HOTEL/178967/178967map.gif,627.0,4.09,"クチコミの詳細はこちらから　https://review.travel.rakuten.co.jp…　2026-04-18 14:17:55投稿 <a href=""https://img.travel.rakuten.co.jp/image/tr/api/re/gJNfM/?f_hotel_no=178967"" class=""3click"">つづきはこちら</a>",standard1,スタンダードシングル,4891430.0,【福岡空港ご利用の方限定】素泊りプラン,1,0,0,0,0,1,https://img.travel.rakuten.co.jp/image/tr/api/re/IdsCY/?f_no=178967&f_syu=standard1&f_hi1=2026-05-04&f_hi2=2026-05-05&f_heya_su=1&f_otona_su=1&f_s1=0&f_s2=0&f_y1=0&f_y2=0&f_y3=0&f_y4=0&f_camp_id=4891430,0,2026-05-04,15600,15600,0,2026-05-04,fukuoka
151369,ＫＯＫＯ　ＨＯＴＥＬ　博多駅前（旧：ホテルウィングインターナショナルセレクト博多駅前）,https://img.travel.rakuten.co.jp/image/tr/api/re/pvonD/?f_no=151369,https://img.travel.rakuten.co.jp/image/tr/api/re/vFumt/?f_no=151369&f_flg=PLAN,https://img.travel.rakuten.co.jp/image/tr/api/re/WzozX/?noTomariHotel=151369,https://img.travel.rakuten.co.jp/image/tr/api/re/gJNfM/?f_hotel_no=151369,ここ　ほてる　はかたえきまえ,【TVで話題！博多駅徒歩4分のデザインホテル】世界11都市を巡る寛ぎの空間。全室シモンズ製ベッドとナノイー空気清浄機完備,2790,120906.47,469507.04,812-0011,福岡県,福岡市博多区博多駅前3-22-19,092-476-9111,092-476-9112,JR・地下鉄博多駅博多口から徒歩4分☆福岡空港国内線から地下鉄で2駅　タクシーで約15分　国際線からタクシーで約20分,提携有料駐車場有り／270台収容　24時間1500円（税込）でサービス券販売中,博多,https://img.travel.rakuten.co.jp/share/HOTEL/151369/151369.jpg,https://img.travel.rakuten.co.jp/HIMG/90/151369.jpg,https://img.travel.rakuten.co.jp/share/HOTEL/151369/151369_kan1.jpg,https://img.travel.rakuten.co.jp/HIMG/INTERIOR/151369.jpg,https://img.travel.rakuten.co.jp/share/HOTEL/151369/151369map.gif,1093.0,4.01,"クチコミの詳細はこちらから　https://review.t…　2026-04-28 00:40:22投稿 <a href=""https://img.travel.rakuten.co.jp/image/tr/api/re/gJNfM/?f_hotel_no=151369"" class=""3click"">つづきはこちら</a>",deluxe,【South Wing】禁煙デラックスシングルルーム,5702098.0,【タイムセール／素泊まり】インスタ映え抜群！フロアごとに異なる世界の都市をイメージしたデザイン,1,0,0,0,0,1,https://img.travel.rakuten.co.jp/image/tr/api/re/IdsCY/?f_no=151369&f_syu=deluxe&f_hi1=2026-05-04&f_hi2=2026-05-05&f_heya_su=1&f_otona_su=1&f_s1=0&f_s2=0&f_y1=0&f_y2=0&f_y3=0&f_y4=0&f_camp_id=5702098,0,2026-05-04,22995,22995,0,2026-05-04,fukuoka
1227,ＴＫＰサンライフホテル,https://img.travel.rakuten.co.jp/image/tr/api/re/pvonD/?f_no=1227,https://img.travel.rakuten.co.jp/image/tr/api/re/vFumt/?f_no=1227&f_flg=PLAN,https://img.travel.rakuten.co.jp/image/tr/api/re/WzozX/?noTomariHotel=1227,https://img.travel.rakuten.co.jp/image/tr/api/re/gJNfM/?f_hotel_no=1227,ＴＫＰさんらいふほてる,◆ツインをリニューアルした【スーペリアツイン】の販売を開始いたしました！ぜひこの機会にご宿泊如何ですか。,4275,120912.68,469529.91,812-0013,福岡県,福岡市博多区博多駅東1-12-3,092-473-7112,092-471-5075,JR博多駅筑紫口より徒歩2分。筑紫口（新幹線口）出て目の前！地下鉄「東6番」出口直結。,"提携【里馨パーキング（リカパーキング）】予約・出し入れ不可　24H1,500円税込　高さ等制限有",博多,https://img.travel.rakuten.co.jp/share/HOTEL/1227/1227.jpg,https://img.travel.rakuten.co.jp/HIMG/90/1227.jpg,https://img.travel.rakuten.co.jp/share/HOTEL/1227/1227_sr.jpg,https://img.travel.rakuten.co.jp/HIMG/INTERIOR/1227.jpg,https://img.travel.rakuten.co.jp/share/HOTEL/1227/1227map.gif,4457.0,3.7,"駅前の便利なところにあり、建物は経年変化による歴史を感じるような箇所もありましたが、お部屋も綺麗に掃除されていて、ホテル価格高騰の今どきに珍しくリーズナブルな価格で宿泊出来て有り難かったで…　2026-05-01 20:22:47投稿 <a href=""https://img.travel.rakuten.co.jp/image/tr/api/re/gJNfM/?f_hotel_no=1227"" class=""3click"">つづきはこちら</a>",10nx2e,【2号館/禁煙】シングルルーム,5624611.0,【素泊まり】博多駅新幹線側出口（筑紫口）徒歩2分,1,0,0,0,0,1,https://img.travel.rakuten.co.jp/image/tr/api/re/IdsCY/?f_no=1227&f_syu=10nx2e&f_hi1=2026-05-04&f_hi2=2026-05-05&f_heya_su=1&f_otona_su=1&f_s1=0&f_s2=0&f_y1=0&f_y2=0&f_y3=0&f_y4=0&f_camp_id=5624611,0,2026-05-04,16000,16000,0,2026-05-04,fukuoka
15426,スカイハートホテル博多,https://img.travel.rakuten.co.jp/image/tr/api/re/pvonD/?f_no=15426,https://img.travel.rakuten.co.jp/image/tr/api/re/vFumt/?f_no=15426&f_flg=PLAN,https://img.travel.rakuten.co.jp/image/tr/api/re/WzozX/?noTomariHotel=15426,https://img.travel.rakuten.co.jp/image/tr/api/re/gJNfM/?f_hotel_no=15426,すかいはーとほてる　はかた　すかいこーと　はかた,◇空港やＪＲ博多駅から１０分圏内　中洲の屋台や天神に行くにもアクセス抜群の立地！　◇お荷物の預かりも承ってますよ！,3875,120921.4,469497.89,812-0038,福岡県,福岡市博多区祇園町4-73,092-262-4400,092-262-8111,地下鉄「祇園駅」より徒歩2分、JR博多駅「博多口」より8分。キャナルシティまで6分。FFB・福岡商工会議所等、何処にも◎,"15時〜翌11時まで平置き2,000円 先着7台、立体駐車場もあり(車高158㎝以内等制限あり)",博多,https://img.travel.rakuten.co.jp/share/HOTEL/15426/15426.jpg,https://img.travel.rakuten.co.jp/HIMG/90/15426.jpg,https://img.travel.rakuten.co.jp/share/HOTEL/15426/15426_sgl.jpg,https://img.travel.rakuten.co.jp/HIMG/INTERIOR/15426.jpg,https://img.travel.rakuten.co.jp/share/HOTEL/15426/15426map.gif,2338.0,3.49,"クチコミの詳細はこちらから　https://review.travel.rakuten.co.jp/hotel/voice/15426?revi…　2026-04-27 15:57:37投稿 <a href=""https://img.travel.rakuten.co.jp/image/tr/api/re/gJNfM/?f_hotel_no=15426"" class=""3click"">つづきはこちら</a>",sgl_s,【喫煙】 シングルルーム,2900608.0,【当日限定】とっておきの当日限定の素泊まりプラン　◇◆キャッシュレス決済対応◆◇,1,0,0,0,0,2,https://img.travel.rakuten.co.jp/image/tr/api/re/JlnYS/?f_no=15426&f_syu=sgl_s&f_hi1=2026-05-04&f_hi2=2026-05-05&f_heya_su=1&f_otona_su=1&f_s1=0&f_s2=0&f_y1=0&f_y2=0&f_y3=0&f_y4=0&f_camp_id=2900608,2,2026-05-04,15290,15290,0,2026-05-04,fukuoka
182017,アパホテル＆リゾート〈博多駅東〉,https://img.travel.rakuten.co.jp/image/tr/api/re/pvonD/?f_no=182017,https://img.travel.rakuten.co.jp/image/tr/api/re/vFumt/?f_no=182017&f_flg=PLAN,https://img.travel.rakuten.co.jp/image/tr/api/re/WzozX/?noTomariHotel=182017,https://img.travel.rakuten.co.jp/image/tr/api/re/gJNfM/?f_hotel_no=182017,あぱほてるあんどりぞーと　はかたえきひがし,博多駅を出て筑紫口中央通りからアクセスできる都市型リゾート。屋上に大浴殿とプールを備える,4500,120913.96,469537.43,812-0013,福岡県,福岡市博多区博多駅東1-18-1,0570-009-011,092-477-9012,福岡市営地下鉄空港線「博多駅」東7番出口から徒歩2分／JR各線「博多駅」筑紫口から徒歩4分,"11台有、1,500円 / 1泊（15：00〜翌11：00）※連泊の場合24時間　※予約不可先着順",博多,https://img.travel.rakuten.co.jp/share/HOTEL/182017/182017.jpg,https://img.travel.rakuten.co.jp/HIMG/90/182017.jpg,,,https://img.travel.rakuten.co.jp/share/HOTEL/182017/182017map.gif,762.0,4.04,"チェックインより早い時間に行ったのですが荷物を預かってもらい大変助かりました! 朝食は平日にも関わらず人が多く席は少ないのでもつ鍋をゆっくり食べる時間が無くて少し残念…　2026-04-29 14:40:09投稿 <a href=""https://img.travel.rakuten.co.jp/image/tr/api/re/gJNfM/?f_hotel_no=182017"" class=""3click"">つづきはこちら</a>",s1,スタンダードルーム　1名利用□全室禁煙□,5202221.0,【素泊まり・事前決済限定】1秒チェックインにおすすめ！,1,0,0,0,0,2,https://img.travel.rakuten.co.jp/image/tr/api/re/IdsCY/?f_no=182017&f_syu=s1&f_hi1=2026-05-04&f_hi2=2026-05-05&f_heya_su=1&f_otona_su=1&f_s1=0&f_s2=0&f_y1=0&f_y2=0&f_y3=0&f_y4=0&f_camp_id=5202221,0,2026-05-04,19080,19080,0,2026-05-04,fukuoka
3096,ホテルセンチュリーアート＜博多駅＞,https://img.travel.rakuten.co.jp/image/tr/api/re/pvonD/?f_no=3096,https://img.travel.rakuten.co.jp/image/tr/api/re/vFumt/?f_no=3096&f_flg=PLAN,https://img.travel.rakuten.co.jp/image/tr/api/re/WzozX/?noTomariHotel=3096,https://img.travel.rakuten.co.jp/image/tr/api/re/gJNfM/?f_hotel_no=3096,せんちゅりーあーと,博多駅 筑紫口徒歩2分と好立地♪様々なシーンでの拠点に最適。全室Wi-Fi＆LAN完備、周辺にはコンビニ・飲食店多数!!,4700,120908.42,469528.22,812-0012,福岡県,福岡市博多区博多駅中央街5-15,092-473-2111,092-473-2112,＜博多駅 筑紫口徒歩2分＞地下鉄 博多駅東５番出口より徒歩1分、アミュエスト出口より30秒!!,"無　提携駐車場紹介　一泊1,500円フロントにて駐車券販売。最大24時間利用可(※途中出庫無の場合)",博多,https://img.travel.rakuten.co.jp/share/HOTEL/3096/3096.jpg,https://img.travel.rakuten.co.jp/HIMG/90/3096.jpg,https://img.travel.rakuten.co.jp/share/HOTEL/3096/3096_sgl.jpg,https://img.travel.rakuten.co.jp/HIMG/INTERIOR/3096.jpg,https://img.travel.rakuten.co.jp/share/HOTEL/3096/3096map.gif,2491.0,3.82,"クチコミの…　2026-04-30 17:43:48投稿 <a href=""https://img.travel.rakuten.co.jp/image/tr/api/re/gJNfM/?f_hotel_no=3096"" class=""3click"">つづきはこちら</a>",dda,■喫煙■ダブルルーム《15平米/ベッド幅140cm×1》,4189270.0,◆素泊り◆スタンダードPRICE PLAN〜博多駅筑紫口徒歩２分〜,1,0,0,0,0,1,https://img.travel.rakuten.co.jp/image/tr/api/re/IdsCY/?f_no=3096&f_syu=dda&f_hi1=2026-05-04&f_hi2=2026-05-05&f_heya_su=1&f_otona_su=1&f_s1=0&f_s2=0&f_y1=0&f_y2=0&f_y3=0&f_y4=0&f_camp_id=4189270,0,2026-05-04,18700,18700,0,2026-05-04,fukuoka
173092,ダイワロイネットホテル博多冷泉　ＰＲＥＭＩＥＲ,https://img.travel.rakuten.co.jp/image/tr/api/re/pvonD/?f_no=173092,https://img.travel.rakuten.co.jp/image/tr/api/re/vFumt/?f_no=173092&f_flg=PLAN,https://img.travel.rakuten.co.jp/image/tr/api/re/WzozX/?noTomariHotel=173092,https://img.travel.rakuten.co.jp/image/tr/api/re/gJNfM/?f_hotel_no=173092,だいわろいねっとほてるはかたれいせん　ぷれみあ,2025年4月朝食リニューアル♪ReFaルームあり★全室21㎡以上バス・トイレ別セミセパレート,5937,120923.83,469492.72,812-0039,福岡県,福岡市博多区冷泉町2-7,092-409-4755,092-409-4756,福岡空港から地下鉄祇園駅まで7分。祇園駅2番出口徒歩約3分。櫛田神社前駅徒歩約５分。,敷地内立体駐車場。7時〜21時の入庫にて先着順。1泊1800円→2020年10月から1850円,祇園（福岡）,https://img.travel.rakuten.co.jp/share/HOTEL/173092/173092.jpg,https://img.travel.rakuten.co.jp/HIMG/90/173092.jpg,https://img.travel.rakuten.co.jp/share/HOTEL/173092/173092_kan1.jpg,https://img.travel.rakuten.co.jp/HIMG/INTERIOR/173092.jpg,https://img.travel.rakuten.co.jp/share/HOTEL/173092/173092map.gif,608.0,4.43,"クチコミの詳細はこちらから　https:…　2026-03-30 07:29:40投稿 <a href=""https://img.travel.rakuten.co.jp/image/tr/api/re/gJNfM/?f_hotel_no=173092"" class=""3click"">つづきはこちら</a>",sds1,【喫煙】スタンダードダブルルーム1名様利用,6460692.0,【松江駅前】2026年8月6日開業記念プラン【素泊まり/シンプルステイプラン】,1,0,0,0,0,1,https://img.travel.rakuten.co.jp/image/tr/api/re/IdsCY/?f_no=173092&f_syu=sds1&f_hi1=2026-05-04&f_hi2=2026-05-05&f_heya_su=1&f_otona_su=1&f_s1=0&f_s2=0&f_y1=0&f_y2=0&f_y3=0&f_y4=0&f_camp_id=6460692,0,2026-05-04,42750,42750,0,2026-05-04,fukuoka
183058,アパホテル〈博多駅前３丁目〉,https://img.travel.rakuten.co.jp/image/tr/api/re/pvonD/?f_no=183058,https://img.travel.rakuten.co.jp/image/tr/api/re/vFumt/?f_no=183058&f_flg=PLAN,https://img.travel.rakuten.co.jp/image/tr/api/re/WzozX/?noTomariHotel=183058,https://img.travel.rakuten.co.jp/image/tr/api/re/gJNfM/?f_hotel_no=183058,あぱほてる　はかたえきまえさんちょうめ,キャナルシティや楽水園近くのホテル！アクセス良く観光に最適！,4500,120901.31,469501.6,812-0011,福岡県,福岡市博多区博多駅前3-11-6,0570-098-211,092-433-0812,博多口から徒歩８分！地下鉄七隈線「櫛田神社前駅」から徒歩６分！駅前四丁目バス停から徒歩４分！,3台　※先着案内。予約不可。,博多,https://img.travel.rakuten.co.jp/share/HOTEL/183058/183058.jpg,https://img.travel.rakuten.co.jp/HIMG/90/183058.jpg,,,https://img.travel.rakuten.co.jp/share/HOTEL/183058/183058map.gif,312.0,4.05,"いつも出張の時には筑紫口あたりのアパホテルに宿泊していました。今回初めて3丁目のホテルにしましたが、とても便利な場所で、スタッフの皆さんの感じも良かったです!プライベ…　2026-04-19 20:24:00投稿 <a href=""https://img.travel.rakuten.co.jp/image/tr/api/re/gJNfM/?f_hotel_no=183058"" class=""3click"">つづきはこちら</a>",s1k,スタンダードルーム(1名利用) □ 全室禁煙 □,5223633.0,【素泊まり・事前決済限定】1秒チェックインプラン,1,0,0,0,0,2,https://img.travel.rakuten.co.jp/image/tr/api/re/IdsCY/?f_no=183058&f_syu=s1k&f_hi1=2026-05-04&f_hi2=2026-05-05&f_heya_su=1&f_otona_su=1&f_s1=0&f_s2=0&f_y1=0&f_y2=0&f_y3=0&f_y4=0&f_camp_id=5223633,0,2026-05-04,19000,19000,0,2026-05-04,fukuoka
153161,ホテルニューガイア上呉服,https://img.travel.rakuten.co.jp/image/tr/api/re/pvonD/?f_no=153161,https://img.travel.rakuten.co.jp/image/tr/api/re/vFumt/?f_no=153161&f_flg=PLAN,https://img.travel.rakuten.co.jp/image/tr/api/re/WzozX/?noTomariHotel=153161,https://img.travel.rakuten.co.jp/image/tr/api/re/gJNfM/?f_hotel_no=153161,にゅーがいあかみごふく,全客室エアウィーヴ採用！マリンメッセ福岡へ徒歩で一直線♪【シングルルームは全室ダブルベッド】【全室エアコン個別空調】,4800,120946.79,469490.1,812-0036,福岡県,福岡市博多区上呉服町14-25,092-273-2911,092-273-2920,地下鉄箱崎線　呉服町駅より徒歩にて約３分,"1泊1,500円(先着順･予約不可) ※2台",呉服町（福岡）,https://img.travel.rakuten.co.jp/share/HOTEL/153161/153161.jpg,https://img.travel.rakuten.co.jp/HIMG/90/153161.jpg,,,https://img.travel.rakuten.co.jp/share/HOTEL/153161/153161map.gif,494.0,4.12,"最寄駅は呉服町駅ですが、今回の空港からの地下鉄移動では祇園駅で降りて歩きました。中洲川端駅まで行って乗り換えるよりも早いと思ったのですが、祇園駅からだと10分以上歩くことになる…　2026-05-02 18:21:11投稿 <a href=""https://img.travel.rakuten.co.jp/image/tr/api/re/gJNfM/?f_hotel_no=153161"" class=""3click"">つづきはこちら</a>",rwnds,★【女性フロア】★【禁煙】ダブルルーム,5213087.0,地元で人気！「とり皮 お市」コラボ企画【串盛りサービス券付き】宿泊プラン,1,0,0,0,0,1,https://img.travel.rakuten.co.jp/image/tr/api/re/IdsCY/?f_no=153161&f_syu=rwnds&f_hi1=2026-05-04&f_hi2=2026-05-05&f_heya_su=1&f_otona_su=1&f_s1=0&f_s2=0&f_y1=0&f_y2=0&f_y3=0&f_y4=0&f_camp_id=5213087,0,2026-05-04,16300,16300,0,2026-05-04,fukuoka
2325,ホテル日航福岡,https://img.travel.rakuten.co.jp/image/tr/api/re/pvonD/?f_no=2325,https://img.travel.rakuten.co.jp/image/tr/api/re/vFumt/?f_no=2325&f_flg=PLAN,https://img.travel.rakuten.co.jp/image/tr/api/re/WzozX/?noTomariHotel=2325,https://img.travel.rakuten.co.jp/image/tr/api/re/gJNfM/?f_hotel_no=2325,にっこうふくおか,ホテル本館6階フィットネスクラブが改装工事の為2025年4月1日から2026年3月31日まで営業休止となります。,12000,120917.58,469510.07,812-0011,福岡県,福岡市博多区博多駅前2-18-25　,092-482-1111,092-482-1127,ＪＲ博多シティ(博多駅)から徒歩3分/福岡空港から地下鉄2駅(所要時間5分)※地下道で直結・P5番出口,ホテル地下駐車場◇117台◇1泊1500円(※2026年4月1日より1泊2000円に改定),博多,https://img.travel.rakuten.co.jp/share/HOTEL/2325/2325.jpg,https://img.travel.rakuten.co.jp/HIMG/90/2325.jpg,https://img.travel.rakuten.co.jp/share/HOTEL/2325/2325_kya.jpg,https://img.travel.rakuten.co.jp/HIMG/INTERIOR/2325.jpg,https://img.travel.rakuten.co.jp/share/HOTEL/2325/2325map.gif,3708.0,4.47,"ク…　2026-04-27 19:41:03投稿 <a href=""https://img.travel.rakuten.co.jp/image/tr/api/re/gJNfM/?f_hotel_no=2325"" class=""3click"">つづきはこちら</a>",sgl,【禁煙】シングル(17.5平米),6124205.0,【SAVER】　観光におすすめ！シンプルステイ〜ＪＲ博多駅徒歩3分でアクセス抜群♪,1,0,0,0,0,1,https://img.travel.rakuten.co.jp/image/tr/api/re/IdsCY/?f_no=2325&f_syu=sgl&f_hi1=2026-05-04&f_hi2=2026-05-05&f_heya_su=1&f_otona_su=1&f_s1=0&f_s2=0&f_y1=0&f_y2=0&f_y3=0&f_y4=0&f_camp_id=6124205,0,2026-05-04,28350,28350,0,2026-05-04,fukuoka
5012,天然温泉　八百治の湯　八百治博多ホテル,https://img.travel.rakuten.co.jp/image/tr/api/re/pvonD/?f_no=5012,https://img.travel.rakuten.co.jp/image/tr/api/re/vFumt/?f_no=5012&f_flg=PLAN,https://img.travel.rakuten.co.jp/image/tr/api/re/WzozX/?noTomariHotel=5012,https://img.travel.rakuten.co.jp/image/tr/api/re/gJNfM/?f_hotel_no=5012,てんねんおんせん　やおじのゆ　やおじはかたほてる,博多駅徒歩5分♪　★2019年7月天然温泉大浴場リニューアル★Wi-Fi無料＆加湿機能付空気清浄機完備♪,6450,120897.28,469511.51,812-0011,福岡県,福岡市博多区博多駅前4-9-2,092-483-5111,092-483-5123,博多駅博多口より徒歩５分（福岡空港から博多駅まで地下鉄で５分。）,"契約駐車場　1,500円（税込）/14時〜翌日14時",博多,https://img.travel.rakuten.co.jp/share/HOTEL/5012/5012.jpg,https://img.travel.rakuten.co.jp/HIMG/90/5012.jpg,https://img.travel.rakuten.co.jp/share/HOTEL/5012/5012_sgl.jpg,https://img.travel.rakuten.co.jp/HIMG/INTERIOR/5012.jpg,https://img.travel.rakuten.co.jp/share/HOTEL/5012/5012map.gif,4448.0,4.17,"サウナも水風呂も小さいので、次からはどうしょうかなぁ、、、て感じで…　2026-04-30 12:39:36投稿 <a href=""https://img.travel.rakuten.co.jp/image/tr/api/re/gJNfM/?f_hotel_no=5012"" class=""3click"">つづきはこちら</a>",asns,シングル○禁煙ベッド幅１２０cm（１ベッド）,4432977.0,【特定日限定】☆特割プラン☆,1,0,0,0,0,1,https://img.travel.rakuten.co.jp/image/tr/api/re/IdsCY/?f_no=5012&f_syu=asns&f_hi1=2026-05-04&f_hi2=2026-05-05&f_heya_su=1&f_otona_su=1&f_s1=0&f_s2=0&f_y1=0&f_y2=0&f_y3=0&f_y4=0&f_camp_id=4432977,0,2026-05-04,19900,19900,0,2026-05-04,fukuoka
119,ホテル法華クラブ福岡,https://img.travel.rakuten.co.jp/image/tr/api/re/pvonD/?f_no=119,https://img.travel.rakuten.co.jp/image/tr/api/re/vFumt/?f_no=119&f_flg=PLAN,https://img.travel.rakuten.co.jp/image/tr/api/re/WzozX/?noTomariHotel=119,https://img.travel.rakuten.co.jp/image/tr/api/re/gJNfM/?f_hotel_no=119,ほっけくらぶ　ふくおか,ＪＲ博多駅より徒歩１０分。準天然・光明石温泉☆博美の湯☆（人工温泉）！　郷土料理が味わえる！朝食バイキング。Ｗｉ－Ｆｉ！,5000,120897.51,469502.92,812-0018,福岡県,福岡市博多区住吉3-1-90,092-271-3171,092-272-2095,ＪＲ「博多駅」【博多口】より徒歩約10分。キャナルシティへ徒歩約７分。駅前四丁目バス停より徒歩3分。,専用駐車場はございませんので、フロントにて近隣コインパーキングをご案内しております。(自動二輪含む),博多,https://img.travel.rakuten.co.jp/share/HOTEL/119/119.jpg,https://img.travel.rakuten.co.jp/HIMG/90/119.jpg,https://img.travel.rakuten.co.jp/share/HOTEL/119/119_heya1.jpg,https://img.travel.rakuten.co.jp/HIMG/INTERIOR/119.jpg,https://img.travel.rakuten.co.jp/share/HOTEL/119/119map.gif,6454.0,4.29,"クチコミの詳細はこちらから　https://review.travel.rakuten.co.j…　2026-04-29 06:43:39投稿 <a href=""https://img.travel.rakuten.co.jp/image/tr/api/re/gJNfM/?f_hotel_no=119"" class=""3click"">つづきはこちら</a>",sbnj,☆禁煙☆別館１１平米シングル（１１０cmシモンズ社製ベッド）,5421724.0,【ベーシックプラン！】準天然[人工]光明石温泉◆博美の湯◆完備〜素泊り〜,1,0,0,0,0,1,https://img.travel.rakuten.co.jp/image/tr/api/re/IdsCY/?f_no=119&f_syu=sbnj&f_hi1=2026-05-04&f_hi2=2026-05-05&f_heya_su=1&f_otona_su=1&f_s1=0&f_s2=0&f_y1=0&f_y2=0&f_y3=0&f_y4=0&f_camp_id=5421724,0,2026-05-04,18000,18000,0,2026-05-04,fukuoka
184617,Ｇｒａｎｄ　Ｅｍｐｉｒｅ　Ｈｏｔｅｌ（グランドエンパイアホテル）,https://img.travel.rakuten.co.jp/image/tr/api/re/pvonD/?f_no=184617,https://img.travel.rakuten.co.jp/image/tr/api/re/vFumt/?f_no=184617&f_flg=PLAN,https://img.travel.rakuten.co.jp/image/tr/api/re/WzozX/?noTomariHotel=184617,https://img.travel.rakuten.co.jp/image/tr/api/re/gJNfM/?f_hotel_no=184617,ぐらんどえんぱいあほてる,【駐車場無料】【全室43㎡以上】【全室禁煙】上質さにこだわった空間でごゆっくりお寛ぎください。,10000,120631.04,469738.41,816-0956,福岡県,大野城市南大利2-1-23,092-596-6363,092-596-7964,JR大野城駅よりお車で５分／西鉄下大利駅よりお車で５分／太宰府I.Cよりお車で約１０分／キッザニア福岡までお車で約２５分,有り　90台　無料　★２４時間入出庫可★　※満車の場合は臨時駐車場へご案内いたします,大野城,https://img.travel.rakuten.co.jp/share/HOTEL/184617/184617.jpg,https://img.travel.rakuten.co.jp/HIMG/90/184617.jpg,,,https://img.travel.rakuten.co.jp/share/HOTEL/184617/184617map.gif,389.0,4.69,"車でホテルを出ている時にガードマンの方とすれ違った際には、立ち止まって深々とお…　2026-04-29 18:37:36投稿 <a href=""https://img.travel.rakuten.co.jp/image/tr/api/re/gJNfM/?f_hotel_no=184617"" class=""3click"">つづきはこちら</a>",geh181023,エンパイアツイン,6415307.0,【返金不可】【事前決済】スタンダードプラン（素泊まり）,1,0,0,0,0,2,https://img.travel.rakuten.co.jp/image/tr/api/re/IdsCY/?f_no=184617&f_syu=geh181023&f_hi1=2026-05-04&f_hi2=2026-05-05&f_heya_su=1&f_otona_su=1&f_s1=0&f_s2=0&f_y1=0&f_y2=0&f_y3=0&f_y4=0&f_camp_id=6415307,0,2026-05-04,39600,39600,0,2026-05-04,fukuoka
345,ＡＮＡクラウンプラザホテル福岡　ｂｙ　ＩＨＧ,https://img.travel.rakuten.co.jp/image/tr/api/re/pvonD/?f_no=345,https://img.travel.rakuten.co.jp/image/tr/api/re/vFumt/?f_no=345&f_flg=PLAN,https://img.travel.rakuten.co.jp/image/tr/api/re/WzozX/?noTomariHotel=345,https://img.travel.rakuten.co.jp/image/tr/api/re/gJNfM/?f_hotel_no=345,えーえぬえー　クラウンプラザホテルフクオカ,福岡でのビジネス、観光の拠点として、安心で快適なラグジュアリー空間をご提供し、博多のコトを最もよく知るホテルのひとつです,9925,120902.68,469512.25,812-0011,福岡県,福岡市博多区博多駅前3-3-3,092-471-7111,092-471-1109,■ＪＲ博多駅【博多口】より徒歩約5分　■福岡空港国内線ターミナルより車で約15分,"地下に屋内駐車場あり（98台）　1泊1,600円（高さ制限2M・先着順・ 24時間入出庫可）",博多,https://img.travel.rakuten.co.jp/share/HOTEL/345/345.jpg,https://img.travel.rakuten.co.jp/HIMG/90/345.jpg,https://img.travel.rakuten.co.jp/share/HOTEL/345/345_room.jpg,https://img.travel.rakuten.co.jp/HIMG/INTERIOR/345.jpg,https://img.travel.rakuten.co.jp/share/HOTEL/345/345map.gif,2365.0,4.37,"クチコミの詳細はこち…　2026-04-29 17:01:17投稿 <a href=""https://img.travel.rakuten.co.jp/image/tr/api/re/gJNfM/?f_hotel_no=345"" class=""3click"">つづきはこちら</a>",osin,スタンダードシングルルーム【禁煙】15平米,976530.0,◆Daily Price◆日にち変動型の基本プラン　〜素泊まり〜　JR博多駅博多口より徒歩約5分,1,0,0,0,0,1,https://img.travel.rakuten.co.jp/image/tr/api/re/IdsCY/?f_no=345&f_syu=osin&f_hi1=2026-05-04&f_hi2=2026-05-05&f_heya_su=1&f_otona_su=1&f_s1=0&f_s2=0&f_y1=0&f_y2=0&f_y3=0&f_y4=0&f_camp_id=976530,0,2026-05-04,45500,45500,0,2026-05-04,fukuoka
76358,ホテル博多プレイス,https://img.travel.rakuten.co.jp/image/tr/api/re/pvonD/?f_no=76358,https://img.travel.rakuten.co.jp/image/tr/api/re/vFumt/?f_no=76358&f_flg=PLAN,https://img.travel.rakuten.co.jp/image/tr/api/re/WzozX/?noTomariHotel=76358,https://img.travel.rakuten.co.jp/image/tr/api/re/gJNfM/?f_hotel_no=76358,ほてるはかたぷれいす,■博多の『我が家』で過ごすひととき。全室バストイレ独立、一部ミニキッチン付の広々客室（25㎡）,3250,120954.35,469454.09,812-0021,福岡県,福岡市博多区築港本町3-16,092-404-7770,092-404-7774,■博多駅よりバス15分■天神、中洲川端駅より徒歩17分■福岡空港よりタクシー15分■ベイサイドプレイス博多まで徒歩5分,1泊1200円。ご予約制の為事前にご連絡をお願い致します。駐車前にフロントにお立寄りください。,呉服町（福岡）,https://img.travel.rakuten.co.jp/share/HOTEL/76358/76358.jpg,https://img.travel.rakuten.co.jp/HIMG/90/76358.jpg,https://img.travel.rakuten.co.jp/share/HOTEL/76358/76358_kya.jpg,https://img.travel.rakuten.co.jp/HIMG/INTERIOR/76358.jpg,https://img.travel.rakuten.co.jp/share/HOTEL/76358/76358map.gif,1698.0,4.27,"朝食付きにすると金額が割高だったので、以前付帯のQ…　2026-05-02 11:41:39投稿 <a href=""https://img.travel.rakuten.co.jp/image/tr/api/re/gJNfM/?f_hotel_no=76358"" class=""3click"">つづきはこちら</a>",sn1,【禁煙】シングルルーム25平米：1名利用,2351309.0,【Simple Stay】■全室25㎡素泊まりプラン　くつろぎ博多のマイルームへ,1,0,0,0,0,1,https://img.travel.rakuten.co.jp/image/tr/api/re/IdsCY/?f_no=76358&f_syu=sn1&f_hi1=2026-05-04&f_hi2=2026-05-05&f_heya_su=1&f_otona_su=1&f_s1=0&f_s2=0&f_y1=0&f_y2=0&f_y3=0&f_y4=0&f_camp_id=2351309,0,2026-05-04,21000,21000,0,2026-05-04,fukuoka
180284,Ｔｈｅ３５８　ＵＭＩ,https://img.travel.rakuten.co.jp/image/tr/api/re/pvonD/?f_no=180284,https://img.travel.rakuten.co.jp/image/tr/api/re/vFumt/?f_no=180284&f_flg=PLAN,https://img.travel.rakuten.co.jp/image/tr/api/re/WzozX/?noTomariHotel=180284,https://img.travel.rakuten.co.jp/image/tr/api/re/gJNfM/?f_hotel_no=180284,ざさんごーはち　うみ,2021年4月9日、福岡アイランドシティに新規オープン！大浴場、駐車場が無料でご利用いただけます。,3870,121192.26,469500.72,813-0017,福岡県,福岡市東区香椎照葉6-6-5,092-665-1717,092-665-1718,千早駅、アイランドアイ(ホテル隣接商業施設)間で無料送迎バス運行中。福岡市都市高速『アイランドシティ出口』から車で約1分,"アイランドアイ施設駐車場をご利用いただけます。【一般車両：無料】【大型車：3,850円】",,https://img.travel.rakuten.co.jp/share/HOTEL/180284/180284.jpg,https://img.travel.rakuten.co.jp/HIMG/90/180284.jpg,,,https://img.travel.rakuten.co.jp/share/HOTEL/180284/180284map.gif,1309.0,4.36,"部屋も広く、臭い空調なにも問題なく快適に過ごせました。朝のバイキングも朝食らしいおかずが多かったのですが、ラーメンや明太子など福岡を味わえる物もあり満足しました。アメニティ…　2026-04-28 12:34:06投稿 <a href=""https://img.travel.rakuten.co.jp/image/tr/api/re/gJNfM/?f_hotel_no=180284"" class=""3click"">つづきはこちら</a>",omks,お部屋タイプおまかせ,5553138.0,【お部屋おまかせ】【素泊まり】 ルームタイプはホテルにおまかせ！お得なご宿泊プラン,1,0,0,0,0,1,https://img.travel.rakuten.co.jp/image/tr/api/re/IdsCY/?f_no=180284&f_syu=omks&f_hi1=2026-05-04&f_hi2=2026-05-05&f_heya_su=1&f_otona_su=1&f_s1=0&f_s2=0&f_y1=0&f_y2=0&f_y3=0&f_y4=0&f_camp_id=5553138,0,2026-05-04,20088,20088,0,2026-05-04,fukuoka
41372,西鉄ホテル　クルーム博多,https://img.travel.rakuten.co.jp/image/tr/api/re/pvonD/?f_no=41372,https://img.travel.rakuten.co.jp/image/tr/api/re/vFumt/?f_no=41372&f_flg=PLAN,https://img.travel.rakuten.co.jp/image/tr/api/re/WzozX/?noTomariHotel=41372,https://img.travel.rakuten.co.jp/image/tr/api/re/gJNfM/?f_hotel_no=41372,にしてつほてる　くるーむはかた,天然温泉・サウナ完備／博多駅すぐ隣／開放的で居心地のよいロビー空間／館内コンビニ併設,7200,120920.71,469520.4,812-0011,福岡県,福岡市博多区博多駅前一丁目１７番６号,092-413-5454,092-413-5466,ＪＲ　博多駅「博多口」より徒歩約４分    　　　地下鉄　博多駅「西４番出口」より徒歩約４分,１泊1台２，０００円（税込）14:30〜翌12：30,博多,https://img.travel.rakuten.co.jp/share/HOTEL/41372/41372.jpg,https://img.travel.rakuten.co.jp/HIMG/90/41372.jpg,https://img.travel.rakuten.co.jp/share/HOTEL/41372/41372_dai.jpg,https://img.travel.rakuten.co.jp/HIMG/INTERIOR/41372.jpg,https://img.travel.rakuten.co.jp/share/HOTEL/41372/41372map.gif,6768.0,4.27,"・部屋にマッサージ器…　2026-04-22 17:03:50投稿 <a href=""https://img.travel.rakuten.co.jp/image/tr/api/re/gJNfM/?f_hotel_no=41372"" class=""3click"">つづきはこちら</a>",singlen,【禁煙】シングル,6312270.0,【スタンダード】博多駅徒歩4分！癒しのサウナ付温泉大浴場☆＜素泊り＞,1,0,0,0,0,0,https://img.travel.rakuten.co.jp/image/tr/api/re/IdsCY/?f_no=41372&f_syu=singlen&f_hi1=2026-05-04&f_hi2=2026-05-05&f_heya_su=1&f_otona_su=1&f_s1=0&f_s2=0&f_y1=0&f_y2=0&f_y3=0&f_y4=0&f_camp_id=6312270,0,2026-05-04,23000,23000,0,2026-05-04,fukuoka
183042,アパホテル〈博多駅前２丁目〉,https://img.travel.rakuten.co.jp/image/tr/api/re/pvonD/?f_no=183042,https://img.travel.rakuten.co.jp/image/tr/api/re/vFumt/?f_no=183042&f_flg=PLAN,https://img.travel.rakuten.co.jp/image/tr/api/re/WzozX/?noTomariHotel=183042,https://img.travel.rakuten.co.jp/image/tr/api/re/gJNfM/?f_hotel_no=183042,あぱほてる　はかたえきまえにちょうめ,博多駅まで徒歩5分！駅チカ！ファミリーや女性にも人気！福岡空港、PayPayドームやマリンメッセまで乗換なし,4500,120917.67,469505.33,812-0011,福岡県,福岡市博多区博多駅前2-11-12,0570-097-311,092-433-2012,JR「博多駅」博多口から徒歩5分 /福岡空港、地下鉄空港線「祇園駅」まで乗換なし、地下鉄七隈線「櫛田神社前」から徒歩4分,無し　※提携先なし　※近隣のコインパーキングをご利用ください。,博多,https://img.travel.rakuten.co.jp/share/HOTEL/183042/183042.jpg,https://img.travel.rakuten.co.jp/HIMG/90/183042.jpg,,,https://img.travel.rakuten.co.jp/share/HOTEL/183042/183042map.gif,257.0,4.03,"クチコミの詳細はこちらから　https://review.travel.rakuten.co.jp/hotel/voice/…　2026-04-18 18:06:06投稿 <a href=""https://img.travel.rakuten.co.jp/image/tr/api/re/gJNfM/?f_hotel_no=183042"" class=""3click"">つづきはこちら</a>",s1k,スタンダードルーム　1名利用　□全室禁煙□,5229139.0,【素泊まり・事前決済限定】1秒チェックインにおすすめ！,1,0,0,0,0,2,https://img.travel.rakuten.co.jp/image/tr/api/re/IdsCY/?f_no=183042&f_syu=s1k&f_hi1=2026-05-04&f_hi2=2026-05-05&f_heya_su=1&f_otona_su=1&f_s1=0&f_s2=0&f_y1=0&f_y2=0&f_y3=0&f_y4=0&f_camp_id=5229139,0,2026-05-04,19000,19000,0,2026-05-04,fukuoka
182870,リアリティ博多２,https://img.travel.rakuten.co.jp/image/tr/api/re/pvonD/?f_no=182870,https://img.travel.rakuten.co.jp/image/tr/api/re/vFumt/?f_no=182870&f_flg=PLAN,,https://img.travel.rakuten.co.jp/image/tr/api/re/gJNfM/?f_hotel_no=182870,りありてぃはかた２,リノベーションを行いました！最大約42㎡の開放感あるお部屋！博多駅までの利便性◎ワーケーションや長期利用にもおすすめ！,4900,120925.71,469536.3,812-0043,福岡県,福岡市博多区堅粕5-8-15,092-645-2080,092-724-3609,ＪＲ　博多駅筑紫口から徒歩約６分,近隣にコインパーキング有り,博多,https://img.travel.rakuten.co.jp/share/HOTEL/182870/182870.jpg,https://img.travel.rakuten.co.jp/HIMG/90/182870.jpg,,,https://img.travel.rakuten.co.jp/share/HOTEL/182870/182870map.gif,38.0,2.1,,dxtwn401,【禁煙】デラックスツインルーム401,5672116.0,【素泊まり】自宅のように過ごせる部屋！家族やグループ旅行オススメ！博多駅筑紫口より徒歩6分（通年）,1,0,0,0,0,2,https://img.travel.rakuten.co.jp/image/tr/api/re/IdsCY/?f_no=182870&f_syu=dxtwn401&f_hi1=2026-05-04&f_hi2=2026-05-05&f_heya_su=1&f_otona_su=1&f_s1=0&f_s2=0&f_y1=0&f_y2=0&f_y3=0&f_y4=0&f_camp_id=5672116,0,2026-05-04,12000,12000,0,2026-05-04,fukuoka
14811,サンビジネスホテル,https://img.travel.rakuten.co.jp/image/tr/api/re/pvonD/?f_no=14811,https://img.travel.rakuten.co.jp/image/tr/api/re/vFumt/?f_no=14811&f_flg=PLAN,https://img.travel.rakuten.co.jp/image/tr/api/re/WzozX/?noTomariHotel=14811,https://img.travel.rakuten.co.jp/image/tr/api/re/gJNfM/?f_hotel_no=14811,さんびじねすほてる,博多口徒歩2分★心を込めた接客と徹底清掃でお迎え／深夜1～5時施錠,3000,120914.06,469512.02,812-0011,福岡県,福岡市博多区博多駅前2-16-16,092-411-1155,092-411-1215,博多駅博多口から徒歩2分。天神や福岡空港からは、博多駅まで地下鉄で5分とアクセスは最高！,ございません,博多,https://img.travel.rakuten.co.jp/share/HOTEL/14811/14811.jpg,https://img.travel.rakuten.co.jp/HIMG/90/14811.jpg,https://img.travel.rakuten.co.jp/share/HOTEL/14811/14811_s.jpg,https://img.travel.rakuten.co.jp/HIMG/INTERIOR/14811.jpg,https://img.travel.rakuten.co.jp/share/HOTEL/14811/14811map.gif,1309.0,4.16,"格安なのに、駅から近いし、どのスタッフさんも優しく丁寧、親切。心地よい枕にベッド。女性用アメニティに美味しいコーヒー。チェックアウト後も無料でキャリーケースを…　2026-04-27 21:24:42投稿 <a href=""https://img.travel.rakuten.co.jp/image/tr/api/re/gJNfM/?f_hotel_no=14811"" class=""3click"">つづきはこちら</a>",g,●喫煙●限定　シングル　ベッド幅122cm きつえん,4605138.0,【返金不可・事前決済限定】博多駅博多口から徒歩2分のお得プラン★夜間施錠1時〜5時★,1,0,0,0,0,2,https://img.travel.rakuten.co.jp/image/tr/api/re/IdsCY/?f_no=14811&f_syu=g&f_hi1=2026-05-04&f_hi2=2026-05-05&f_heya_su=1&f_otona_su=1&f_s1=0&f_s2=0&f_y1=0&f_y2=0&f_y3=0&f_y4=0&f_camp_id=4605138,0,2026-05-04,10800,10800,0,2026-05-04,fukuoka
18373,ホテル　ニューシンプル,https://img.travel.rakuten.co.jp/image/tr/api/re/pvonD/?f_no=18373,https://img.travel.rakuten.co.jp/image/tr/api/re/vFumt/?f_no=18373&f_flg=PLAN,https://img.travel.rakuten.co.jp/image/tr/api/re/WzozX/?noTomariHotel=18373,https://img.travel.rakuten.co.jp/image/tr/api/re/gJNfM/?f_hotel_no=18373,にゅーしんぷる,博多駅より徒歩8分。ご家族やグループに最適なファミリールームもあります。,4000,120928.21,469515.26,812-0011,福岡県,福岡市博多区博多駅前1-23-11,092-411-4311,092-411-4312,ＪＲ博多駅「博多口」より徒歩8分／地下鉄祇園駅「Ｐ１出口４」より徒歩５分,有２台まで　１台￥１５００　（要電話予約）,博多,https://img.travel.rakuten.co.jp/share/HOTEL/18373/18373.jpg,https://img.travel.rakuten.co.jp/HIMG/90/18373.jpg,https://img.travel.rakuten.co.jp/share/HOTEL/18373/18373_s.jpg,https://img.travel.rakuten.co.jp/HIMG/INTERIOR/18373.jpg,https://img.travel.rakuten.co.jp/share/HOTEL/18373/18373map.gif,1144.0,3.78,"駅近だったので利便性は良かったです。ベッドのシーツは綺麗でしたし、冷蔵庫、トイレは問題なく快適に使えました。ただ、風呂場のカーテンやスリッパが汚れていたり、タバコの…　2026-05-02 11:18:53投稿 <a href=""https://img.travel.rakuten.co.jp/image/tr/api/re/gJNfM/?f_hotel_no=18373"" class=""3click"">つづきはこちら</a>",g2-a,グループ２一般（個室2段ベッド）,,,1,0,0,0,0,1,https://img.travel.rakuten.co.jp/image/tr/api/re/IdsCY/?f_no=18373&f_syu=g2-a&f_hi1=2026-05-04&f_hi2=2026-05-05&f_heya_su=1&f_otona_su=1&f_s1=0&f_s2=0&f_y1=0&f_y2=0&f_y3=0&f_y4=0,1,2026-05-04,8500,8500,0,2026-05-04,fukuoka
56325,アパホテル〈博多駅前４丁目〉,https://img.travel.rakuten.co.jp/image/tr/api/re/pvonD/?f_no=56325,https://img.travel.rakuten.co.jp/image/tr/api/re/vFumt/?f_no=56325&f_flg=PLAN,https://img.travel.rakuten.co.jp/image/tr/api/re/WzozX/?noTomariHotel=56325,https://img.travel.rakuten.co.jp/image/tr/api/re/gJNfM/?f_hotel_no=56325,あぱほてる　はかたえきまえ　よんちょうめ,博多駅 徒歩4分、福岡空港 9分（地下鉄5分 徒歩4分）、天神駅 13分（バス12分 徒歩1分）,4500,120898.98,469513.14,812-0011,福岡県,福岡市博多区博多駅前4-10-15,0570-099-611,092-414-2855,博多駅 徒歩4分、福岡空港 9分（地下鉄5分 徒歩4分）、天神駅 13分（バス12分 徒歩1分）,"敷地内1,500円（15時〜翌11時）",博多,https://img.travel.rakuten.co.jp/share/HOTEL/56325/56325.jpg,https://img.travel.rakuten.co.jp/HIMG/90/56325.jpg,https://img.travel.rakuten.co.jp/share/HOTEL/56325/56325_room.jpg,https://img.travel.rakuten.co.jp/HIMG/INTERIOR/56325.jpg,https://img.travel.rakuten.co.jp/share/HOTEL/56325/56325map.gif,1692.0,4.08,"クチコミの詳細はこちらから　https://review.travel.rakuten.co.jp/hotel/vo…　2026-05-02 08:04:39投稿 <a href=""https://img.travel.rakuten.co.jp/image/tr/api/re/gJNfM/?f_hotel_no=56325"" class=""3click"">つづきはこちら</a>",xs1,■■　喫煙可　■■　シングル,5194181.0,【素泊まり・事前決済限定】非接触1秒チェックイン体験プラン　■「博多駅」博多口から徒歩4分！,1,0,0,0,0,2,https://img.travel.rakuten.co.jp/image/tr/api/re/IdsCY/?f_no=56325&f_syu=xs1&f_hi1=2026-05-04&f_hi2=2026-05-05&f_heya_su=1&f_otona_su=1&f_s1=0&f_s2=0&f_y1=0&f_y2=0&f_y3=0&f_y4=0&f_camp_id=5194181,0,2026-05-04,19000,19000,0,2026-05-04,fukuoka
70392,ビジネスホテル　エルカーサ南福岡,https://img.travel.rakuten.co.jp/image/tr/api/re/pvonD/?f_no=70392,https://img.travel.rakuten.co.jp/image/tr/api/re/vFumt/?f_no=70392&f_flg=PLAN,https://img.travel.rakuten.co.jp/image/tr/api/re/WzozX/?noTomariHotel=70392,https://img.travel.rakuten.co.jp/image/tr/api/re/gJNfM/?f_hotel_no=70392,えるかーさみなみふくおか,全室ダブルベッド完備。ホテル正面提携駐車場ご宿泊者無料。ご滞在中スープ・ドリンクバーが飲み放題！天神博多へアクセス良好。,5900,120751.51,469672.06,812-0879,福岡県,福岡市博多区銀天町1-5-15,092-575-0001,092-575-0005,JR南福岡駅より徒歩７分  または西鉄雑餉隈(ざっしょのくま)駅より徒歩３分,当館正面タイムズパーキング(駐車料金無料)に駐車し、チェックイン時に駐車券をご提示ください。,雑餉隈,https://img.travel.rakuten.co.jp/share/HOTEL/70392/70392.jpg,https://img.travel.rakuten.co.jp/HIMG/90/70392.jpg,https://img.travel.rakuten.co.jp/share/HOTEL/70392/70392_r.jpg,https://img.travel.rakuten.co.jp/HIMG/INTERIOR/70392.jpg,https://img.travel.rakuten.co.jp/share/HOTEL/70392/70392map.gif,691.0,4.18,"もう5回目の宿泊で福岡に来る際の常宿になっています。私用が隣市ににあり、駐車場が目の前でかつ無料でまた目的地に近いので便利です。車で来る際には太宰府ICが最寄りな…　2026-05-02 17:36:59投稿 <a href=""https://img.travel.rakuten.co.jp/image/tr/api/re/gJNfM/?f_hotel_no=70392"" class=""3click"">つづきはこちら</a>",23kitsuen,【♪禁煙♪】ダブル,6396430.0,【事前決済】1泊プラン（提携駐車場無料・朝の軽食パンサービス付・ドリンクバーもコミックも）,1,0,0,0,0,2,https://img.travel.rakuten.co.jp/image/tr/api/re/IdsCY/?f_no=70392&f_syu=23kitsuen&f_hi1=2026-05-04&f_hi2=2026-05-05&f_heya_su=1&f_otona_su=1&f_s1=0&f_s2=0&f_y1=0&f_y2=0&f_y3=0&f_y4=0&f_camp_id=6396430,0,2026-05-04,12000,12000,0,2026-05-04,fukuoka
51206,スマイルスマートイン博多,https://img.travel.rakuten.co.jp/image/tr/api/re/pvonD/?f_no=51206,https://img.travel.rakuten.co.jp/image/tr/api/re/vFumt/?f_no=51206&f_flg=PLAN,https://img.travel.rakuten.co.jp/image/tr/api/re/WzozX/?noTomariHotel=51206,https://img.travel.rakuten.co.jp/image/tr/api/re/gJNfM/?f_hotel_no=51206,すまいるすまーといんはかた,QRコードによるセルフチェックイン●ホテル入口は24時間ロック＝暗証番号による解錠■全室禁煙ルーム■,1990,120947.46,469463.09,812-0022,福岡県,福岡市博多区神屋町3-5,092-262-6678, ,◇博多駅より車で10分、バス利用(Ｆ乗り場から行き先番号88・99)神屋町下車徒歩2分　◇地下鉄中洲川端駅より徒歩10分,ホテル駐車場はございません。近隣のコインパーキングをご利用ください。提携駐車場はございません,博多,https://img.travel.rakuten.co.jp/share/HOTEL/51206/51206.jpg,https://img.travel.rakuten.co.jp/HIMG/90/51206.jpg,https://img.travel.rakuten.co.jp/share/HOTEL/51206/51206_si.jpg,https://img.travel.rakuten.co.jp/HIMG/INTERIOR/51206.jpg,https://img.travel.rakuten.co.jp/share/HOTEL/51206/51206map.gif,1430.0,3.67,"ホテルのある神屋町という地名は最初は知らなくても、何回か福岡に来られた人なら、中洲川端からも徒歩圏内であることに気づかれると思います。繁華街にも歩いて行…　2026-04-21 16:43:10投稿 <a href=""https://img.travel.rakuten.co.jp/image/tr/api/re/gJNfM/?f_hotel_no=51206"" class=""3click"">つづきはこちら</a>",dbln1,禁煙ダブル【全館禁煙】　QRコードでチェックイン手続き,5633450.0,素泊りプラン【オンラインカード決済】事前チェックイン登録で当日楽々スマートイン,1,0,0,0,0,2,https://img.travel.rakuten.co.jp/image/tr/api/re/IdsCY/?f_no=51206&f_syu=dbln1&f_hi1=2026-05-04&f_hi2=2026-05-05&f_heya_su=1&f_otona_su=1&f_s1=0&f_s2=0&f_y1=0&f_y2=0&f_y3=0&f_y4=0&f_camp_id=5633450,0,2026-05-04,18900,18900,0,2026-05-04,fukuoka
7650,萃豊閣ホテル（ＳＵＩＨＯＫＡＫＵ　ＨＯＴＥＬ）,https://img.travel.rakuten.co.jp/image/tr/api/re/pvonD/?f_no=7650,https://img.travel.rakuten.co.jp/image/tr/api/re/vFumt/?f_no=7650&f_flg=PLAN,https://img.travel.rakuten.co.jp/image/tr/api/re/WzozX/?noTomariHotel=7650,https://img.travel.rakuten.co.jp/image/tr/api/re/gJNfM/?f_hotel_no=7650,すいほうかく　ほてる,JR南福岡駅より徒歩4分、西鉄雑餉隈駅より徒歩8分。全室無線LAN、空気清浄機完備。温泉利用無料。,3900,120745.98,469667.37,812-0884,福岡県,福岡市博多区寿町3-5-25,092-587-7771,092-587-7772,ＪＲ博多駅より鹿児島本線下り3つ目の「南福岡」より徒歩4分。快速停車駅。西鉄最寄り駅は雑餉隈（ざっしょのくま）徒歩8分,正面駐車場10台先着順。満車の場合は南福岡グリーンホテル駐車場をご利用ください。1泊1000円。,南福岡,https://img.travel.rakuten.co.jp/share/HOTEL/7650/7650.jpg,https://img.travel.rakuten.co.jp/HIMG/90/7650.jpg,https://img.travel.rakuten.co.jp/share/HOTEL/7650/7650_room.jpg,https://img.travel.rakuten.co.jp/HIMG/INTERIOR/7650.jpg,https://img.travel.rakuten.co.jp/share/HOTEL/7650/7650map.gif,805.0,3.75,"温泉も歩いてすぐのと…　2026-04-29 21:54:01投稿 <a href=""https://img.travel.rakuten.co.jp/image/tr/api/re/gJNfM/?f_hotel_no=7650"" class=""3click"">つづきはこちら</a>",ssp,シングル◆喫煙,5235694.0,【当日限定】素泊り宿泊プラン★別棟無料温泉施設,1,0,0,0,0,1,https://img.travel.rakuten.co.jp/image/tr/api/re/JlnYS/?f_no=7650&f_syu=ssp&f_hi1=2026-05-04&f_hi2=2026-05-05&f_heya_su=1&f_otona_su=1&f_s1=0&f_s2=0&f_y1=0&f_y2=0&f_y3=0&f_y4=0&f_camp_id=5235694,2,2026-05-04,8500,8500,0,2026-05-04,fukuoka
166975,東急ステイ博多,https://img.travel.rakuten.co.jp/image/tr/api/re/pvonD/?f_no=166975,https://img.travel.rakuten.co.jp/image/tr/api/re/vFumt/?f_no=166975&f_flg=PLAN,https://img.travel.rakuten.co.jp/image/tr/api/re/WzozX/?noTomariHotel=166975,https://img.travel.rakuten.co.jp/image/tr/api/re/gJNfM/?f_hotel_no=166975,とうきゅうすていはかた,全室に洗濯乾燥機・電子レンジ完備！連泊・中長期の滞在に便利♪♪,4200,120895.8,469524.24,812-0016,福岡県,福岡市博多区博多駅南1-11-11,092-431-1091,092-431-1092,福岡市地下鉄空港線博多駅　東5番出口より徒歩7分　/　JR博多駅　筑紫口より徒歩8分,無し。近隣のコインパーキングをご利用ください（提携駐車場はございません）。,博多,https://img.travel.rakuten.co.jp/share/HOTEL/166975/166975.jpg,https://img.travel.rakuten.co.jp/HIMG/90/166975.jpg,,,https://img.travel.rakuten.co.jp/share/HOTEL/166975/166975map.gif,992.0,4.35,"清潔感もあり、快適に過ごすことができました!…　2026-04-29 22:17:13投稿 <a href=""https://img.travel.rakuten.co.jp/image/tr/api/re/gJNfM/?f_hotel_no=166975"" class=""3click"">つづきはこちら</a>",moderate1,モデレートダブル1名様【禁煙】18平米／洗濯乾燥機・デスク付,5415022.0,【スタンダードプラン】ビジネス＆観光の拠点に！洗濯乾燥機＆電子レンジ完備【1名】（素泊）,1,0,0,0,0,1,https://img.travel.rakuten.co.jp/image/tr/api/re/IdsCY/?f_no=166975&f_syu=moderate1&f_hi1=2026-05-04&f_hi2=2026-05-05&f_heya_su=1&f_otona_su=1&f_s1=0&f_s2=0&f_y1=0&f_y2=0&f_y3=0&f_y4=0&f_camp_id=5415022,0,2026-05-04,32290,32290,0,2026-05-04,fukuoka
17945,ホテルルートイン博多駅南,https://img.travel.rakuten.co.jp/image/tr/api/re/pvonD/?f_no=17945,https://img.travel.rakuten.co.jp/image/tr/api/re/vFumt/?f_no=17945&f_flg=PLAN,https://img.travel.rakuten.co.jp/image/tr/api/re/WzozX/?noTomariHotel=17945,https://img.travel.rakuten.co.jp/image/tr/api/re/gJNfM/?f_hotel_no=17945,るーといん　はかたみなみえき,期間限定特別プラン販売中！ＷＯＷＯＷ全室で無料視聴可！◆朝食無料◆大浴場有◆Wi-Fi利用可◆加湿空気清浄機◆VOD完備,5800,120883.62,469534.13,812-0016,福岡県,福岡市博多区博多駅南2-8-19,050-1726-1090,092-414-3336,ＪＲ博多駅徒歩１５分。福岡空港から車で約15分。都市高速博多駅東8分。駐車場完備(制限有）,有り　立体１８台/平面１６台　１泊５００円先着順　(駐車できない場合は近郊コインパーキングを案内）,博多,https://img.travel.rakuten.co.jp/share/HOTEL/17945/17945.jpg,https://img.travel.rakuten.co.jp/HIMG/90/17945.jpg,https://img.travel.rakuten.co.jp/share/HOTEL/17945/17945_room.jpg,https://img.travel.rakuten.co.jp/HIMG/INTERIOR/17945.jpg,https://img.travel.rakuten.co.jp/share/HOTEL/17945/17945map.gif,1048.0,3.51,"枕元にコンセントが無かったり、部屋の設備にちょっと古さは感じたけど…　2026-04-25 16:18:38投稿 <a href=""https://img.travel.rakuten.co.jp/image/tr/api/re/gJNfM/?f_hotel_no=17945"" class=""3click"">つづきはこちら</a>",1ns,◇禁煙シングル◇ ,1479748.0,通常プラン◆朝食無料◆大浴場完備◆,1,0,0,1,0,1,https://img.travel.rakuten.co.jp/image/tr/api/re/IdsCY/?f_no=17945&f_syu=1ns&f_hi1=2026-05-04&f_hi2=2026-05-05&f_heya_su=1&f_otona_su=1&f_s1=0&f_s2=0&f_y1=0&f_y2=0&f_y3=0&f_y4=0&f_camp_id=1479748,0,2026-05-04,16700,16700,0,2026-05-04,fukuoka
18163,ワシントンＲ＆Ｂホテル博多駅前第１,https://img.travel.rakuten.co.jp/image/tr/api/re/pvonD/?f_no=18163,https://img.travel.rakuten.co.jp/image/tr/api/re/vFumt/?f_no=18163&f_flg=PLAN,https://img.travel.rakuten.co.jp/image/tr/api/re/WzozX/?noTomariHotel=18163,https://img.travel.rakuten.co.jp/image/tr/api/re/gJNfM/?f_hotel_no=18163,わしんとんあーるあんどびーほてるはかたえきまえだいいち,★JR博多駅より徒歩約4分の好立地★清潔で機能的な客室,5200,120903.11,469511.18,812-0011,福岡県,福岡市博多区博多駅前3-3-17,092-473-9898,092-434-7577,ＪＲ博多駅・博多口から徒歩約４分,近隣駐車場をご案内致します。,博多,https://img.travel.rakuten.co.jp/share/HOTEL/18163/18163.jpg,https://img.travel.rakuten.co.jp/HIMG/90/18163.jpg,https://img.travel.rakuten.co.jp/share/HOTEL/18163/18163_ky.jpg,https://img.travel.rakuten.co.jp/HIMG/INTERIOR/18163.jpg,https://img.travel.rakuten.co.jp/share/HOTEL/18163/18163map.gif,3090.0,3.58,"クチコミの詳細はこちらから　https:…　2026-04-29 19:04:17投稿 <a href=""https://img.travel.rakuten.co.jp/image/tr/api/re/gJNfM/?f_hotel_no=18163"" class=""3click"">つづきはこちら</a>",ns,シングルルーム　禁煙,2813281.0,【学生限定】学生プラン　学生証をご提示ください（素泊まり）,1,0,0,0,0,1,https://img.travel.rakuten.co.jp/image/tr/api/re/IdsCY/?f_no=18163&f_syu=ns&f_hi1=2026-05-04&f_hi2=2026-05-05&f_heya_su=1&f_otona_su=1&f_s1=0&f_s2=0&f_y1=0&f_y2=0&f_y3=0&f_y4=0&f_camp_id=2813281,0,2026-05-04,13800,13800,0,2026-05-04,fukuoka
65439,博多天然温泉「旅人の湯」ホテルルートイン博多駅前　－博多口－,https://img.travel.rakuten.co.jp/image/tr/api/re/pvonD/?f_no=65439,https://img.travel.rakuten.co.jp/image/tr/api/re/vFumt/?f_no=65439&f_flg=PLAN,https://img.travel.rakuten.co.jp/image/tr/api/re/WzozX/?noTomariHotel=65439,https://img.travel.rakuten.co.jp/image/tr/api/re/gJNfM/?f_hotel_no=65439,はかたてんねんおんせん  たびびとのゆ　ほてるるーといんはかたえきまえ　はかたぐち,ＷＯＷＯＷ全室で無料視聴可！◆天然温泉大浴場・朝食無料◆加湿空気清浄機・LAN回線・wi-fi・ルームシアター全室完備◆,7775,120917.65,469516.19,812-0011,福岡県,福岡市博多区博多駅前1-1-20,092-477-8885,092-477-8989,JR博多駅より徒歩3分(博多口右のバスターミナル前)／福岡空港より地下鉄約10分／福岡都市高速呉服町ランプより車で約５分,《先着順でのご案内》　1500円（税込）／泊　　26台（普通車6台、ハイルーフ対応20台）　　,博多,https://img.travel.rakuten.co.jp/share/HOTEL/65439/65439.jpg,https://img.travel.rakuten.co.jp/HIMG/90/65439.jpg,,,https://img.travel.rakuten.co.jp/share/HOTEL/65439/65439map.gif,3149.0,3.86,"クチコミの詳細はこちらから　https:…　2026-04-08 17:51:49投稿 <a href=""https://img.travel.rakuten.co.jp/image/tr/api/re/gJNfM/?f_hotel_no=65439"" class=""3click"">つづきはこちら</a>",s,---◆喫煙◆ シングルルーム☆---,5095433.0,レイトチェックインお得プラン 22時IN〜翌朝10時まで〜朝食付,1,0,0,1,0,1,https://img.travel.rakuten.co.jp/image/tr/api/re/IdsCY/?f_no=65439&f_syu=s&f_hi1=2026-05-04&f_hi2=2026-05-05&f_heya_su=1&f_otona_su=1&f_s1=0&f_s2=0&f_y1=0&f_y2=0&f_y3=0&f_y4=0&f_camp_id=5095433,0,2026-05-04,16200,16200,0,2026-05-04,fukuoka
179590,ホテルリファレンス博多冷泉,https://img.travel.rakuten.co.jp/image/tr/api/re/pvonD/?f_no=179590,https://img.travel.rakuten.co.jp/image/tr/api/re/vFumt/?f_no=179590&f_flg=PLAN,https://img.travel.rakuten.co.jp/image/tr/api/re/WzozX/?noTomariHotel=179590,https://img.travel.rakuten.co.jp/image/tr/api/re/gJNfM/?f_hotel_no=179590,ほてるりふぁれんすはかたれいせん,2020年4月22日開業 地下鉄祇園駅徒歩3分・JR博多駅徒歩11分　コンパクトでシンプルなビジネスホテルです。,4200,120930.23,469490.8,812-0039,福岡県,福岡市博多区冷泉町9-29,092-283-5133,092-283-5135,地下鉄祇園駅2番出口より徒歩で約3分　博多駅からも徒歩12分　福岡空港から地下鉄祇園駅までは7分,"先着順 5台　おおよそ一晩1,500円 終日25分200円 :20:00〜8:00 最大400円",祇園（福岡）,https://img.travel.rakuten.co.jp/share/HOTEL/179590/179590.jpg,https://img.travel.rakuten.co.jp/HIMG/90/179590.jpg,https://img.travel.rakuten.co.jp/share/HOTEL/179590/179590_kan1.jpg,https://img.travel.rakuten.co.jp/HIMG/INTERIOR/179590.jpg,https://img.travel.rakuten.co.jp/share/HOTEL/179590/179590map.gif,303.0,4.07,"最寄りは祇園駅ですが博多駅からも歩いて行ける距離で便利な場所にありました。部屋が清潔で快適に過ごせました。入口のドリンクバーやアメニティ置場がやや煩雑な印象を持ち…　2026-04-21 12:27:50投稿 <a href=""https://img.travel.rakuten.co.jp/image/tr/api/re/gJNfM/?f_hotel_no=179590"" class=""3click"">つづきはこちら</a>",0001,【禁煙】洋室ダブルルーム,6418636.0,【ゴールデンウィークおでかけプラン】★どんたく見るなら冷泉町★みんなで福岡にきんしゃい★博多中洲,1,0,0,0,0,1,https://img.travel.rakuten.co.jp/image/tr/api/re/IdsCY/?f_no=179590&f_syu=0001&f_hi1=2026-05-04&f_hi2=2026-05-05&f_heya_su=1&f_otona_su=1&f_s1=0&f_s2=0&f_y1=0&f_y2=0&f_y3=0&f_y4=0&f_camp_id=6418636,0,2026-05-04,16710,16710,0,2026-05-04,fukuoka
29211,コンフォートホテル博多,https://img.travel.rakuten.co.jp/image/tr/api/re/pvonD/?f_no=29211,https://img.travel.rakuten.co.jp/image/tr/api/re/vFumt/?f_no=29211&f_flg=PLAN,https://img.travel.rakuten.co.jp/image/tr/api/re/WzozX/?noTomariHotel=29211,https://img.travel.rakuten.co.jp/image/tr/api/re/gJNfM/?f_hotel_no=29211,こんふぉーとほてる　はかた,日替わりスムージーが人気★無料朝食サービスがイチオシのコスパ最強ホテル◆博多駅西8出口徒歩1分◆小学6年生まで添い寝無料,5100,120915.44,469513.14,812-0011,福岡県,福岡市博多区博多駅前2-1-1,092-431-1211,092-431-8015,新幹線・JR在来線・地下鉄博多駅 博多口から徒歩１分◆福岡空港から地下鉄で約６分◆天神から地下鉄で約１５分◆,"提携駐車場2,000円/泊（入庫から17時間）※高さ制限2.1ｍ◆フロントにて清算、駐車券必要",博多,https://img.travel.rakuten.co.jp/share/HOTEL/29211/29211.jpg,https://img.travel.rakuten.co.jp/HIMG/90/29211.jpg,https://img.travel.rakuten.co.jp/share/HOTEL/29211/29211_s.jpg,https://img.travel.rakuten.co.jp/HIMG/INTERIOR/29211.jpg,https://img.travel.rakuten.co.jp/share/HOTEL/29211/29211map.gif,9490.0,3.6,"…　2026-04-29 17:21:57投稿 <a href=""https://img.travel.rakuten.co.jp/image/tr/api/re/gJNfM/?f_hotel_no=29211"" class=""3click"">つづきはこちら</a>",nss,１ベッド◆シングルスタンダード◆ ＜禁煙＞,4591629.0,※【 変動料金 】 Flexible rate◆朝食無料サービス◆,1,0,0,1,0,1,https://img.travel.rakuten.co.jp/image/tr/api/re/IdsCY/?f_no=29211&f_syu=nss&f_hi1=2026-05-04&f_hi2=2026-05-05&f_heya_su=1&f_otona_su=1&f_s1=0&f_s2=0&f_y1=0&f_y2=0&f_y3=0&f_y4=0&f_camp_id=4591629,0,2026-05-04,21000,21000,0,2026-05-04,fukuoka
70283,ｔｈｅ　ｂ　博多（ザビー　はかた）,https://img.travel.rakuten.co.jp/image/tr/api/re/pvonD/?f_no=70283,https://img.travel.rakuten.co.jp/image/tr/api/re/vFumt/?f_no=70283&f_flg=PLAN,https://img.travel.rakuten.co.jp/image/tr/api/re/WzozX/?noTomariHotel=70283,https://img.travel.rakuten.co.jp/image/tr/api/re/gJNfM/?f_hotel_no=70283,ざびーはかた, ドーナツなどの軽食「トッテッテ」＆コーヒー無料☆朝食は地元の食材を使った和洋ブッフェをご用意！,4400,120901.23,469531.47,812-0016,福岡県,福岡市博多区博多駅南1-3-9,092-415-3333,092-483-1555,JR「博多駅」筑紫口・地下鉄「博多駅」東5出口より徒歩4分。福岡空港より地下鉄博多駅まで約5分,"駐車場3台有 完全予約制 1泊1,500円。電話予約のみ承ります。必ず事前にお電話ください。",博多,https://img.travel.rakuten.co.jp/share/HOTEL/70283/70283.jpg,https://img.travel.rakuten.co.jp/HIMG/90/70283.jpg,https://img.travel.rakuten.co.jp/share/HOTEL/70283/70283_si.jpg,https://img.travel.rakuten.co.jp/HIMG/INTERIOR/70283.jpg,https://img.travel.rakuten.co.jp/share/HOTEL/70283/70283map.gif,2585.0,3.98,"クチコミの詳細はこちら…　2026-04-02 20:40:11投稿 <a href=""https://img.travel.rakuten.co.jp/image/tr/api/re/gJNfM/?f_hotel_no=70283"" class=""3click"">つづきはこちら</a>",rs1,シングル【喫煙】（15平米・140cm幅ベッド）,4916885.0,【返金不可割引】【素泊まり】予定が決まっている方におすすめ！急な出張やおでかけにも◇直前予約OK！,1,0,0,0,0,2,https://img.travel.rakuten.co.jp/image/tr/api/re/IdsCY/?f_no=70283&f_syu=rs1&f_hi1=2026-05-04&f_hi2=2026-05-05&f_heya_su=1&f_otona_su=1&f_s1=0&f_s2=0&f_y1=0&f_y2=0&f_y3=0&f_y4=0&f_camp_id=4916885,0,2026-05-04,21250,21250,0,2026-05-04,fukuoka
166453,フォーポイント　フレックス　ｂｙ　シェラトン　福岡博多,https://img.travel.rakuten.co.jp/image/tr/api/re/pvonD/?f_no=166453,https://img.travel.rakuten.co.jp/image/tr/api/re/vFumt/?f_no=166453&f_flg=PLAN,https://img.travel.rakuten.co.jp/image/tr/api/re/WzozX/?noTomariHotel=166453,https://img.travel.rakuten.co.jp/image/tr/api/re/gJNfM/?f_hotel_no=166453,ふぉーぽいんと　ふれっくす　ばい　しぇらとん　ふくおかはかた,マリオットグループ日本初上陸ブランド！博多駅・中州へ徒歩圏内！	,5808,120898.93,469502.62,812-0011,福岡県,福岡市博多区博多駅前3-6-7,092-433-6172,092-433-6175,博多駅博多口より徒歩にて約9分。,無し,博多,https://img.travel.rakuten.co.jp/share/HOTEL/166453/166453.jpg,https://img.travel.rakuten.co.jp/HIMG/90/166453.jpg,https://img.travel.rakuten.co.jp/share/HOTEL/166453/166453_kan1.jpg,https://img.travel.rakuten.co.jp/HIMG/INTERIOR/166453.jpg,https://img.travel.rakuten.co.jp/share/HOTEL/166453/166453map.gif,702.0,3.62,"高級ホテルグループなのに、部屋は狭くて、客室に対するエレベーターの数も少なく残念。宿泊日に合わせて荷物を送っておいたのにフロントにて受取拒否。到着日に荷…　2026-04-14 16:14:06投稿 <a href=""https://img.travel.rakuten.co.jp/image/tr/api/re/gJNfM/?f_hotel_no=166453"" class=""3click"">つづきはこちら</a>",fpxsngl,◆シングル（禁煙）,6061610.0,【Marriott Bonvoy会員価格対象プラン】心地よさと利便性で福岡博多拠点で快適│素泊まり,1,0,0,0,0,1,https://img.travel.rakuten.co.jp/image/tr/api/re/IdsCY/?f_no=166453&f_syu=fpxsngl&f_hi1=2026-05-04&f_hi2=2026-05-05&f_heya_su=1&f_otona_su=1&f_s1=0&f_s2=0&f_y1=0&f_y2=0&f_y3=0&f_y4=0&f_camp_id=6061610,0,2026-05-04,20900,20900,0,2026-05-04,fukuoka
184730,西鉄ホテルクルーム博多祇園　櫛田神社前,https://img.travel.rakuten.co.jp/image/tr/api/re/pvonD/?f_no=184730,https://img.travel.rakuten.co.jp/image/tr/api/re/vFumt/?f_no=184730&f_flg=PLAN,https://img.travel.rakuten.co.jp/image/tr/api/re/WzozX/?noTomariHotel=184730,https://img.travel.rakuten.co.jp/image/tr/api/re/gJNfM/?f_hotel_no=184730,にしてつほてるくるーむはかたぎおんくしだじんじゃまえ,23年4月12日開業！博多駅から1駅【櫛田神社前駅】より徒歩1分。博多・中洲まで徒歩圏内。大浴場付のホテルです。,9900,120917.12,469492.16,812-0038,福岡県,福岡市博多区祇園町6-30,092-235-5050,092-235-5125,福岡市営地下鉄七隈線櫛田神社前駅『4番出口』より徒歩1分　/　JR博多駅博多口より徒歩９分,"機械式駐車場16台、平面3台。1泊2,000円、サイズ制限有。完全先着順でのご案内となります。",博多,https://img.travel.rakuten.co.jp/share/HOTEL/184730/184730.jpg,https://img.travel.rakuten.co.jp/HIMG/90/184730.jpg,,,https://img.travel.rakuten.co.jp/share/HOTEL/184730/184730map.gif,488.0,4.39,"クチコミの詳細はこちらから　…　2026-04-29 16:55:55投稿 <a href=""https://img.travel.rakuten.co.jp/image/tr/api/re/gJNfM/?f_hotel_no=184730"" class=""3click"">つづきはこちら</a>",sd,ステイタイプ(滞在型),5589288.0,スタンダードプラン【素泊まり】,1,0,0,0,0,1,https://img.travel.rakuten.co.jp/image/tr/api/re/IdsCY/?f_no=184730&f_syu=sd&f_hi1=2026-05-04&f_hi2=2026-05-05&f_heya_su=1&f_otona_su=1&f_s1=0&f_s2=0&f_y1=0&f_y2=0&f_y3=0&f_y4=0&f_camp_id=5589288,0,2026-05-04,26000,26000,0,2026-05-04,fukuoka
184444,プリンス　スマート　イン　博多,https://img.travel.rakuten.co.jp/image/tr/api/re/pvonD/?f_no=184444,https://img.travel.rakuten.co.jp/image/tr/api/re/vFumt/?f_no=184444&f_flg=PLAN,https://img.travel.rakuten.co.jp/image/tr/api/re/WzozX/?noTomariHotel=184444,https://img.travel.rakuten.co.jp/image/tr/api/re/gJNfM/?f_hotel_no=184444,ぷりんすすまーといんはかた,【2022年10月13日開業】JR博多駅・博多口より徒歩約5分。新幹線・福岡空港からアクセス便利！観光や出張の拠点に。,5422,120906.64,469505.24,812-0011,福岡県,福岡市博多区博多駅前三丁目21番４号,050-3117-8027,092-482-3111,JR博多駅・博多口より徒歩約5分。新幹線・福岡空港からアクセス便利！観光にもビジネスにもおすすめです。,"1泊 1,300円　※先着順 ※お支払いはご宿泊日当日クレジットカードでのご精算",博多,https://img.travel.rakuten.co.jp/share/HOTEL/184444/184444.jpg,https://img.travel.rakuten.co.jp/HIMG/90/184444.jpg,,,https://img.travel.rakuten.co.jp/share/HOTEL/184444/184444map.gif,86.0,3.97,"給水機は各階に…　2026-04-28 09:12:56投稿 <a href=""https://img.travel.rakuten.co.jp/image/tr/api/re/gJNfM/?f_hotel_no=184444"" class=""3click"">つづきはこちら</a>",prdn,【禁煙】スタンダードダブル,6111743.0,【ベーシックレート】室料のみ（軽朝食サービス付き）,1,0,0,0,0,2,https://img.travel.rakuten.co.jp/image/tr/api/re/IdsCY/?f_no=184444&f_syu=prdn&f_hi1=2026-05-04&f_hi2=2026-05-05&f_heya_su=1&f_otona_su=1&f_s1=0&f_s2=0&f_y1=0&f_y2=0&f_y3=0&f_y4=0&f_camp_id=6111743,0,2026-05-04,43342,43342,0,2026-05-04,fukuoka
7649,南福岡グリーンホテル,https://img.travel.rakuten.co.jp/image/tr/api/re/pvonD/?f_no=7649,https://img.travel.rakuten.co.jp/image/tr/api/re/vFumt/?f_no=7649&f_flg=PLAN,https://img.travel.rakuten.co.jp/image/tr/api/re/WzozX/?noTomariHotel=7649,https://img.travel.rakuten.co.jp/image/tr/api/re/gJNfM/?f_hotel_no=7649,みなみふくおか　ぐりーんほてる,JR南福岡駅より徒歩2分、西鉄雑餉隈駅より徒歩7分。両駅とも徒歩圏内で交通アクセス良好。全室無線LAN、空気清浄器完備。,3000,120744.18,469670.99,812-0884,福岡県,福岡市博多区寿町3-5-13,092-593-0007,092-592-5355,博多駅から三つ目のＪＲ南福岡駅から徒歩2分　西鉄雑餉隈駅から徒歩7分　福岡空港から車で20分,60台収容。14時〜翌11時迄は出し入れ可。（高さ制限2m）,南福岡,https://img.travel.rakuten.co.jp/share/HOTEL/7649/7649.jpg,https://img.travel.rakuten.co.jp/HIMG/90/7649.jpg,https://img.travel.rakuten.co.jp/share/HOTEL/7649/7649_lob.jpg,https://img.travel.rakuten.co.jp/HIMG/INTERIOR/7649.jpg,https://img.travel.rakuten.co.jp/share/HOTEL/7649/7649map.gif,907.0,3.69,"クチコミの詳細はこちらから　https://review.travel.rakuten.co.jp/hotel/voice/7649?reviewId=3312347…　2026-04-30 19:27:44投稿 <a href=""https://img.travel.rakuten.co.jp/image/tr/api/re/gJNfM/?f_hotel_no=7649"" class=""3click"">つづきはこちら</a>",s-smo,シングル（喫煙）,5457417.0,【当日限定】素泊り宿泊プラン_GH★別棟無料温泉施設,1,0,0,0,0,1,https://img.travel.rakuten.co.jp/image/tr/api/re/JlnYS/?f_no=7649&f_syu=s-smo&f_hi1=2026-05-04&f_hi2=2026-05-05&f_heya_su=1&f_otona_su=1&f_s1=0&f_s2=0&f_y1=0&f_y2=0&f_y3=0&f_y4=0&f_camp_id=5457417,2,2026-05-04,8500,8500,0,2026-05-04,fukuoka
54265,東横ＩＮＮ博多駅南,https://img.travel.rakuten.co.jp/image/tr/api/re/pvonD/?f_no=54265,https://img.travel.rakuten.co.jp/image/tr/api/re/vFumt/?f_no=54265&f_flg=PLAN,https://img.travel.rakuten.co.jp/image/tr/api/re/WzozX/?noTomariHotel=54265,https://img.travel.rakuten.co.jp/image/tr/api/re/gJNfM/?f_hotel_no=54265,とうよこいんはかたえきみなみ,福岡PayPayドームまで車で17分の立地で出発を応援！朝食・小学生以下添い寝無料で安心空間を提供いたします,6195,120882.43,469528.46,812-0016,福岡県,福岡市博多区博多駅南2-10-23,092-475-1045,092-475-1046,ＪＲ　博多駅筑紫口より徒歩１３分（シャトルカーにて送迎有り）,"24台：1泊1,000円税込 到着順",博多,https://img.travel.rakuten.co.jp/share/HOTEL/54265/54265.jpg,https://img.travel.rakuten.co.jp/HIMG/90/54265.jpg,https://img.travel.rakuten.co.jp/share/HOTEL/54265/54265_si.jpg,https://img.travel.rakuten.co.jp/HIMG/INTERIOR/54265.jpg,https://img.travel.rakuten.co.jp/share/HOTEL/54265/54265map.gif,614.0,4.0,"チェックインの時にすぐにスーツケースを預かってもらい出かけたので館内の説明がなく部屋着がない事、使い捨てスリッパが60円で買えた事もわから…　2026-04-30 19:56:45投稿 <a href=""https://img.travel.rakuten.co.jp/image/tr/api/re/gJNfM/?f_hotel_no=54265"" class=""3click"">つづきはこちら</a>",sb,喫煙シングル,2722975.0,★【無料の元気朝食付】いつでも安心価格♪ビジネス・レジャーに！ 喫煙シングルタイプ,1,0,0,1,0,1,https://img.travel.rakuten.co.jp/image/tr/api/re/IdsCY/?f_no=54265&f_syu=sb&f_hi1=2026-05-04&f_hi2=2026-05-05&f_heya_su=1&f_otona_su=1&f_s1=0&f_s2=0&f_y1=0&f_y2=0&f_y3=0&f_y4=0&f_camp_id=2722975,0,2026-05-04,13200,13200,0,2026-05-04,fukuoka
107837,スーパーホテルＩｎｎ博多,https://img.travel.rakuten.co.jp/image/tr/api/re/pvonD/?f_no=107837,https://img.travel.rakuten.co.jp/image/tr/api/re/vFumt/?f_no=107837&f_flg=PLAN,https://img.travel.rakuten.co.jp/image/tr/api/re/WzozX/?noTomariHotel=107837,https://img.travel.rakuten.co.jp/image/tr/api/re/gJNfM/?f_hotel_no=107837,すーぱーほてるいんはかた,朝食＆アルコールもあるウェルカムバー(15:00～21:00)無料！地下鉄呉服町駅から徒歩2分で博多・天神移動にも便利！,3600,120941.64,469489.88,812-0036,福岡県,福岡市博多区上呉服町11-32,092-282-9000,092-282-8886,地下鉄　呉服町駅より徒歩２分,有り　６台　７５０円（税込み／泊）　要電話予約　（ネットからの駐車場予約はできません。）,呉服町（福岡）,https://img.travel.rakuten.co.jp/share/HOTEL/107837/107837.jpg,https://img.travel.rakuten.co.jp/HIMG/90/107837.jpg,https://img.travel.rakuten.co.jp/share/HOTEL/107837/107837_sin.jpg,https://img.travel.rakuten.co.jp/HIMG/INTERIOR/107837.jpg,https://img.travel.rakuten.co.jp/share/HOTEL/107837/107837map.gif,567.0,3.87,"ビジネスで利用。ワンルームマンションを改造してホテルにした感じ。部屋から一度外に出るので冬は寒そう。部屋は少し狭く感じた。清潔感はあった。お風呂は狭いので足は伸ばせない。朝食は普通。アルコールが飲み放…　2026-04-29 14:44:00投稿 <a href=""https://img.travel.rakuten.co.jp/image/tr/api/re/gJNfM/?f_hotel_no=107837"" class=""3click"">つづきはこちら</a>",k0,【禁煙】スタンダードルーム【115cm幅ベッド１台】,5257609.0,オンライン決済限定プラン☆朝食ビュッフェ付,1,0,0,1,0,2,https://img.travel.rakuten.co.jp/image/tr/api/re/IdsCY/?f_no=107837&f_syu=k0&f_hi1=2026-05-04&f_hi2=2026-05-05&f_heya_su=1&f_otona_su=1&f_s1=0&f_s2=0&f_y1=0&f_y2=0&f_y3=0&f_y4=0&f_camp_id=5257609,0,2026-05-04,16900,16900,0,2026-05-04,fukuoka
180583,ホテル・トリフィート博多祇園,https://img.travel.rakuten.co.jp/image/tr/api/re/pvonD/?f_no=180583,https://img.travel.rakuten.co.jp/image/tr/api/re/vFumt/?f_no=180583&f_flg=PLAN,https://img.travel.rakuten.co.jp/image/tr/api/re/WzozX/?noTomariHotel=180583,https://img.travel.rakuten.co.jp/image/tr/api/re/gJNfM/?f_hotel_no=180583,ほてるとりふぃーとはかたぎおん,■【大浴場】完備■地下鉄「祇園駅」徒歩5分■中洲・博多、徒歩圏内■「マリンメッセ」までバス7分■未就学児の添い寝「無料」,4170,120929.81,469487.18,812-0039,福岡県,福岡市博多区冷泉町8-24,092-283-7060,092-283-7061,■地下鉄「祇園駅」徒歩5分■西鉄バス停「奥の堂」徒歩3分■福岡空港 地下鉄利用で最短15分■マリンメッセまでバスで7分,有り（屋外/高さ制限無し）　7台　1980円（税込み/泊）　先着順（事前予約不可）,祇園（福岡）,https://img.travel.rakuten.co.jp/share/HOTEL/180583/180583.jpg,https://img.travel.rakuten.co.jp/HIMG/90/180583.jpg,,,https://img.travel.rakuten.co.jp/share/HOTEL/180583/180583map.gif,702.0,4.26,"ただ、大浴場に…　2026-04-25 08:12:58投稿 <a href=""https://img.travel.rakuten.co.jp/image/tr/api/re/gJNfM/?f_hotel_no=180583"" class=""3click"">つづきはこちら</a>",dbl,ダブルルーム / 160cm幅のクイーンベッドを使用,5519434.0,【72時間セール】35％オフ。ゴールデンウィーク直前予約も◎！未就学児、添い寝無料。大浴場有。素泊り,1,0,0,0,0,1,https://img.travel.rakuten.co.jp/image/tr/api/re/IdsCY/?f_no=180583&f_syu=dbl&f_hi1=2026-05-04&f_hi2=2026-05-05&f_heya_su=1&f_otona_su=1&f_s1=0&f_s2=0&f_y1=0&f_y2=0&f_y3=0&f_y4=0&f_camp_id=5519434,0,2026-05-04,31330,31330,0,2026-05-04,fukuoka
160902,スマイルホテル博多駅前,https://img.travel.rakuten.co.jp/image/tr/api/re/pvonD/?f_no=160902,https://img.travel.rakuten.co.jp/image/tr/api/re/vFumt/?f_no=160902&f_flg=PLAN,https://img.travel.rakuten.co.jp/image/tr/api/re/WzozX/?noTomariHotel=160902,https://img.travel.rakuten.co.jp/image/tr/api/re/gJNfM/?f_hotel_no=160902,すまいるほてるはかたえきまえ,博多駅から徒歩４分の好立地！お仕事、観光の後は綺麗なお部屋でごゆっくりお過ごしください♪,4000,120905.23,469508.92,812-0011,福岡県,福岡市博多区博多駅前3-8-18,092-431-1500,092-431-1470,ＪＲ　博多駅博多口より徒歩にて約４分,無し。 ※( 近隣に、コインパーキングおよび一般有料駐車場あり ) バイク、自転車不可。,博多,https://img.travel.rakuten.co.jp/share/HOTEL/160902/160902.jpg,https://img.travel.rakuten.co.jp/HIMG/90/160902.jpg,https://img.travel.rakuten.co.jp/share/HOTEL/160902/160902_kan1.jpg,https://img.travel.rakuten.co.jp/HIMG/INTERIOR/160902.jpg,https://img.travel.rakuten.co.jp/share/HOTEL/160902/160902map.gif,778.0,4.06,"ク…　2026-04-05 23:17:14投稿 <a href=""https://img.travel.rakuten.co.jp/image/tr/api/re/gJNfM/?f_hotel_no=160902"" class=""3click"">つづきはこちら</a>",sn,シングルルーム◆禁煙◆,3904462.0,【直前までご予約OK】スマイル バリューステイプラン（素泊まり）,1,0,0,0,0,1,https://img.travel.rakuten.co.jp/image/tr/api/re/IdsCY/?f_no=160902&f_syu=sn&f_hi1=2026-05-04&f_hi2=2026-05-05&f_heya_su=1&f_otona_su=1&f_s1=0&f_s2=0&f_y1=0&f_y2=0&f_y3=0&f_y4=0&f_camp_id=3904462,0,2026-05-04,19000,19000,0,2026-05-04,fukuoka
168800,ホテルグランビュー福岡空港,https://img.travel.rakuten.co.jp/image/tr/api/re/pvonD/?f_no=168800,https://img.travel.rakuten.co.jp/image/tr/api/re/vFumt/?f_no=168800&f_flg=PLAN,https://img.travel.rakuten.co.jp/image/tr/api/re/WzozX/?noTomariHotel=168800,https://img.travel.rakuten.co.jp/image/tr/api/re/gJNfM/?f_hotel_no=168800,ぐらんびゅー　ふくおかくうこう,空港まで徒歩約12分。飛行機が見えるホテル。6：05より空港まで送客車あり、朝食は5：45から。全客室に空気清浄機完備。,5250,120960.74,469609.21,812-0001,福岡県,福岡市博多区大井2-10-6,092-629-8666,092-629-8677,福岡空港国内線ターミナルD出口を正面へ進み、立体駐車場前を通過し、歩道橋を渡ってお越し下さい。,有り　２0台　先着順(有料)　1000円税込,福岡空港,https://img.travel.rakuten.co.jp/share/HOTEL/168800/168800.jpg,https://img.travel.rakuten.co.jp/HIMG/90/168800.jpg,,,https://img.travel.rakuten.co.jp/share/HOTEL/168800/168800map.gif,349.0,4.04,"クチコミの詳細はこち…　2026-04-16 01:30:21投稿 <a href=""https://img.travel.rakuten.co.jp/image/tr/api/re/gJNfM/?f_hotel_no=168800"" class=""3click"">つづきはこちら</a>",omakase1,禁煙おまかせ1名,6000751.0,【朝食ビュッフェ無料サービス】お部屋タイプおまかせプラン 福岡空港国内線北出口Dから徒歩約12分,1,0,0,1,0,1,https://img.travel.rakuten.co.jp/image/tr/api/re/IdsCY/?f_no=168800&f_syu=omakase1&f_hi1=2026-05-04&f_hi2=2026-05-05&f_heya_su=1&f_otona_su=1&f_s1=0&f_s2=0&f_y1=0&f_y2=0&f_y3=0&f_y4=0&f_camp_id=6000751,0,2026-05-04,15000,15000,0,2026-05-04,fukuoka
172876,ＴＨＥ　ＢＬＯＳＳＯＭ　ＨＡＫＡＴＡ　Ｐｒｅｍｉｅｒ（ザ　ブラッサム博多プレミア）,https://img.travel.rakuten.co.jp/image/tr/api/re/pvonD/?f_no=172876,https://img.travel.rakuten.co.jp/image/tr/api/re/vFumt/?f_no=172876&f_flg=PLAN,https://img.travel.rakuten.co.jp/image/tr/api/re/WzozX/?noTomariHotel=172876,https://img.travel.rakuten.co.jp/image/tr/api/re/gJNfM/?f_hotel_no=172876,ざ　ぶらっさむ　はかた　ぷれみあ,～博多の粋、最高のおもてなし～この街に、脈々と受け継がれる美意識を極めたホテル,12510,120912.84,469498.88,812-0011,福岡県,福岡市博多区博多駅前2丁目8番12号,092-431-8702,092-431-8712,JR博多駅「博多口」より徒歩7分、福岡市地下鉄櫛田神社駅より徒歩5分、「キャナルシティー博多」より徒歩2分,ご宿泊者専用駐車場がございます(先着順・予約不可)  詳細は公式ホームページをご確認ください,博多,https://img.travel.rakuten.co.jp/share/HOTEL/172876/172876.jpg,https://img.travel.rakuten.co.jp/HIMG/90/172876.jpg,https://img.travel.rakuten.co.jp/share/HOTEL/172876/172876_kan1.jpg,https://img.travel.rakuten.co.jp/HIMG/INTERIOR/172876.jpg,https://img.travel.rakuten.co.jp/share/HOTEL/172876/172876map.gif,378.0,4.53,"朝食のブッフェもご当地ならではの明太子に豚骨ラーメン含…　2026-04-29 22:41:29投稿 <a href=""https://img.travel.rakuten.co.jp/image/tr/api/re/gJNfM/?f_hotel_no=172876"" class=""3click"">つづきはこちら</a>",nkm1,＜禁煙＞モデレートキング 1名 ※バスタブなし,5810605.0,【スタンダード】ご宿泊直前までご予約可能！1・2階には人気飲食店が7店舗(食事なし),1,0,0,0,0,1,https://img.travel.rakuten.co.jp/image/tr/api/re/IdsCY/?f_no=172876&f_syu=nkm1&f_hi1=2026-05-04&f_hi2=2026-05-05&f_heya_su=1&f_otona_su=1&f_s1=0&f_s2=0&f_y1=0&f_y2=0&f_y3=0&f_y4=0&f_camp_id=5810605,0,2026-05-04,63900,63900,0,2026-05-04,fukuoka
182516,ホテルジャパネスク福岡,https://img.travel.rakuten.co.jp/image/tr/api/re/pvonD/?f_no=182516,https://img.travel.rakuten.co.jp/image/tr/api/re/vFumt/?f_no=182516&f_flg=PLAN,,https://img.travel.rakuten.co.jp/image/tr/api/re/gJNfM/?f_hotel_no=182516,ほてるじゃぱねすくふくおか,サウナ、プール、カラオケ、会議室有！バストラックSUV敷地内駐車場有！アメニティバー充実,3600,121041.93,469526.88,812-0053,福岡県,福岡市東区箱崎6-18-12,092-645-2080,092-643-1001,"福岡空港駅よりお車にて約12分／博多駅よりお車にて約14分／駐車場約23台分完備（事前予約不可・1泊1,100円）","駐車場約40台分完備1泊1,100円、 大型車,トラック、バス1日3,300円",福岡空港,https://img.travel.rakuten.co.jp/share/HOTEL/182516/182516.jpg,https://img.travel.rakuten.co.jp/HIMG/90/182516.jpg,,,https://img.travel.rakuten.co.jp/share/HOTEL/182516/182516map.gif,258.0,3.56,"クチコミの詳細はこちらから　https://review.travel.rakuten.…　2026-05-01 22:59:27投稿 <a href=""https://img.travel.rakuten.co.jp/image/tr/api/re/gJNfM/?f_hotel_no=182516"" class=""3click"">つづきはこちら</a>",004,エグゼクティブスイート,5909639.0,【素泊り】Wベッド、ソファベッド完備★サウナプール無料・全室バルコニー、大型車チェックアウト11時,1,0,0,0,0,1,https://img.travel.rakuten.co.jp/image/tr/api/re/IdsCY/?f_no=182516&f_syu=004&f_hi1=2026-05-04&f_hi2=2026-05-05&f_heya_su=1&f_otona_su=1&f_s1=0&f_s2=0&f_y1=0&f_y2=0&f_y3=0&f_y4=0&f_camp_id=5909639,0,2026-05-04,60000,60000,0,2026-05-04,fukuoka
54960,二日市グリーンホテル,https://img.travel.rakuten.co.jp/image/tr/api/re/pvonD/?f_no=54960,https://img.travel.rakuten.co.jp/image/tr/api/re/vFumt/?f_no=54960&f_flg=PLAN,https://img.travel.rakuten.co.jp/image/tr/api/re/WzozX/?noTomariHotel=54960,https://img.travel.rakuten.co.jp/image/tr/api/re/gJNfM/?f_hotel_no=54960,ふつかいちぐりーん,博多駅、福岡天神駅から電車で約15～20分で二日市駅！  JR駅から約100ｍ一番近いホテルです。太宰府観光にも便利！,5800,120573.53,469875.36,818-0072,福岡県,筑紫野市二日市中央2-7-25,092-928-0710,092-928-0710,ＪＲ二日市駅改札出入口より約110ｍ！／西鉄二日市駅から約800ｍ／西鉄紫駅から約500ｍ　地図をご覧下さい。,駐車場（１泊目 無料、2泊目以降500円〜＊チェックイン午後2時〜翌午前10時（8台分あり）,二日市,https://img.travel.rakuten.co.jp/share/HOTEL/54960/54960.jpg,https://img.travel.rakuten.co.jp/HIMG/90/54960.jpg,https://img.travel.rakuten.co.jp/share/HOTEL/54960/54960_s.jpg,https://img.travel.rakuten.co.jp/HIMG/INTERIOR/54960.jpg,https://img.travel.rakuten.co.jp/share/HOTEL/54960/54960map.gif,441.0,3.23,"クチコミの詳細はこちらから　https://review.travel.rakuten.co.jp/hot…　2026-04-13 22:21:53投稿 <a href=""https://img.travel.rakuten.co.jp/image/tr/api/re/gJNfM/?f_hotel_no=54960"" class=""3click"">つづきはこちら</a>",s,シングル,1962442.0,【春得】♪シングルプラン喫煙　（JR二日市駅より100ｍ。太宰府近いです。）,1,0,0,0,0,1,https://img.travel.rakuten.co.jp/image/tr/api/re/IdsCY/?f_no=54960&f_syu=s&f_hi1=2026-05-04&f_hi2=2026-05-05&f_heya_su=1&f_otona_su=1&f_s1=0&f_s2=0&f_y1=0&f_y2=0&f_y3=0&f_y4=0&f_camp_id=1962442,0,2026-05-04,8800,8800,0,2026-05-04,fukuoka
75246,太宰府天然温泉ルートイングランティア太宰府,https://img.travel.rakuten.co.jp/image/tr/api/re/pvonD/?f_no=75246,https://img.travel.rakuten.co.jp/image/tr/api/re/vFumt/?f_no=75246&f_flg=PLAN,https://img.travel.rakuten.co.jp/image/tr/api/re/WzozX/?noTomariHotel=75246,https://img.travel.rakuten.co.jp/image/tr/api/re/gJNfM/?f_hotel_no=75246,だざいふてんねんおんせん　るーといん　ぐらんてぃあ　だざいふ,太宰府天満宮近く！和室あり、温泉あり、岩盤浴あり、漫画コーナーも！料理長こだわりの夕食も！大型駐車場もあり！,6600,120676.98,469904.91,818-0119,福岡県,太宰府市連歌屋3-8-1,050-5576-7903,092-921-4800,西鉄太宰府駅から車で約3分◆福岡空港から車で約30分◆JR二日市駅より車で約12分◆西鉄太宰府駅から無料シャトルバス運行,有り　113台　無料　※立体駐車場34台（ハイルーフ10台）　予約不要,太宰府,https://img.travel.rakuten.co.jp/share/HOTEL/75246/75246.jpg,https://img.travel.rakuten.co.jp/HIMG/90/75246.jpg,,,https://img.travel.rakuten.co.jp/share/HOTEL/75246/75246map.gif,1060.0,3.85,"チェックインの際の説明も早口で次々と話され聞き取れない部分もありました…　2026-05-02 13:02:23投稿 <a href=""https://img.travel.rakuten.co.jp/image/tr/api/re/gJNfM/?f_hotel_no=75246"" class=""3click"">つづきはこちら</a>",ta,[新館]喫煙ツイン★（BD110×196cm）,4585442.0,【天然温泉】◆素泊まりプラン◆,1,0,0,0,0,1,https://img.travel.rakuten.co.jp/image/tr/api/re/IdsCY/?f_no=75246&f_syu=ta&f_hi1=2026-05-04&f_hi2=2026-05-05&f_heya_su=1&f_otona_su=1&f_s1=0&f_s2=0&f_y1=0&f_y2=0&f_y3=0&f_y4=0&f_camp_id=4585442,0,2026-05-04,17150,17150,0,2026-05-04,fukuoka
130113,ザ　ロイヤルパークホテル　福岡,https://img.travel.rakuten.co.jp/image/tr/api/re/pvonD/?f_no=130113,https://img.travel.rakuten.co.jp/image/tr/api/re/vFumt/?f_no=130113&f_flg=PLAN,https://img.travel.rakuten.co.jp/image/tr/api/re/WzozX/?noTomariHotel=130113,https://img.travel.rakuten.co.jp/image/tr/api/re/gJNfM/?f_hotel_no=130113,ざ　ろいやるぱーくほてる　ふくおか,◆博多駅・キャナルシティ博多まで徒歩約5分◆ビジネスや観光の拠点として好立地◆ツインルーム以上は洗い場付き浴室！,5810,120913.83,469505.07,812-0011,福岡県,福岡市博多区博多駅前2-14-15,092-414-1111,092-414-1121,新幹線・ＪＲ線・市営地下鉄「博多駅」（博多口）より徒歩約5分,"提携駐車場あり(入庫から17時間まで2,000円)、徒歩約3分",博多,https://img.travel.rakuten.co.jp/share/HOTEL/130113/130113.jpg,https://img.travel.rakuten.co.jp/HIMG/90/130113.jpg,https://img.travel.rakuten.co.jp/share/HOTEL/130113/130113_kya.jpg,https://img.travel.rakuten.co.jp/HIMG/INTERIOR/130113.jpg,https://img.travel.rakuten.co.jp/share/HOTEL/130113/130113map.gif,1586.0,4.22,"中華レストランでの朝食は4種類から選ぶメインに中華粥、ブッフェは中華以外にも筑前煮・味噌汁などの和食、スクランブルエッグ、ソーセージな…　2026-03-07 22:13:51投稿 <a href=""https://img.travel.rakuten.co.jp/image/tr/api/re/gJNfM/?f_hotel_no=130113"" class=""3click"">つづきはこちら</a>",ssdn,【禁煙】 コンフォートシングル（シャワーブースのみ）,5347093.0,THE ステイ （素泊まり）,1,0,0,0,0,1,https://img.travel.rakuten.co.jp/image/tr/api/re/IdsCY/?f_no=130113&f_syu=ssdn&f_hi1=2026-05-04&f_hi2=2026-05-05&f_heya_su=1&f_otona_su=1&f_s1=0&f_s2=0&f_y1=0&f_y2=0&f_y3=0&f_y4=0&f_camp_id=5347093,0,2026-05-04,30600,30600,0,2026-05-04,fukuoka
177538,ＴＨＥ　ＨＯＴＥＬＳ　ＨＡＫＡＴＡ　ＫＡＳＡＮＥ　ＢＡＹＳＩＤＥ,https://img.travel.rakuten.co.jp/image/tr/api/re/pvonD/?f_no=177538,https://img.travel.rakuten.co.jp/image/tr/api/re/vFumt/?f_no=177538&f_flg=PLAN,https://img.travel.rakuten.co.jp/image/tr/api/re/WzozX/?noTomariHotel=177538,https://img.travel.rakuten.co.jp/image/tr/api/re/gJNfM/?f_hotel_no=177538,ざ　ほてるず　はかた　かさね　べいさいど,【全室禁煙・空気清浄機完備】マリンメッセや国際センターなどのコンサート・イベント会場がすぐそこ！【軽朝食無料】,4000,120952.87,469452.23,812-0021,福岡県,福岡市博多区築港本町4-16,092-271-1171,092-271-3723,JR博多駅よりバス約15分・地下鉄中洲川端駅より徒歩約15分・築港本町バス停より徒歩1分,"最大3台 1台1,100円（泊/税込）高さ制限2メートル ※先着順のため予約は承っておりません",中洲川端,https://img.travel.rakuten.co.jp/share/HOTEL/177538/177538.jpg,https://img.travel.rakuten.co.jp/HIMG/90/177538.jpg,,,https://img.travel.rakuten.co.jp/share/HOTEL/177538/177538map.gif,162.0,4.01,"子供用のプレートも用意して下さり、とても嬉しそうでした!!…　2026-04-28 15:20:03投稿 <a href=""https://img.travel.rakuten.co.jp/image/tr/api/re/gJNfM/?f_hotel_no=177538"" class=""3click"">つづきはこちら</a>",d,【禁煙】スタンダードダブルルーム,4573715.0,【直前予約割引プラン】＜楽天限定＞直前でのご予約がお得〜朝食無料サービス実施中〜,4,0,0,1,0,1,https://img.travel.rakuten.co.jp/image/tr/api/re/IdsCY/?f_no=177538&f_syu=d&f_hi1=2026-05-04&f_hi2=2026-05-05&f_heya_su=1&f_otona_su=1&f_s1=0&f_s2=0&f_y1=0&f_y2=0&f_y3=0&f_y4=0&f_camp_id=4573715,0,2026-05-04,19800,19800,0,2026-05-04,fukuoka
54234,東横ＩＮＮ博多駅前祇園,https://img.travel.rakuten.co.jp/image/tr/api/re/pvonD/?f_no=54234,https://img.travel.rakuten.co.jp/image/tr/api/re/vFumt/?f_no=54234&f_flg=PLAN,https://img.travel.rakuten.co.jp/image/tr/api/re/WzozX/?noTomariHotel=54234,https://img.travel.rakuten.co.jp/image/tr/api/re/gJNfM/?f_hotel_no=54234,とうよこいんはかたえきまえぎおん,旧博多市街まで徒歩5分の立地で出発を応援！朝食・小学生以下添い寝無料で安心空間を提供いたします,5933,120925.04,469501.08,812-0038,福岡県,福岡市博多区祇園町1-38,092-281-1045,092-281-1046,ＪＲ博多駅より徒歩７分／福岡空港から市営地下鉄「祇園駅」６番出口（エレベーター）より徒歩０分！空港からはほぼ直結♪,有り　3台のみ　１，０００円（税込み／泊）　要予約,祇園（福岡）,https://img.travel.rakuten.co.jp/share/HOTEL/54234/54234.jpg,https://img.travel.rakuten.co.jp/HIMG/90/54234.jpg,https://img.travel.rakuten.co.jp/share/HOTEL/54234/54234_k.jpg,https://img.travel.rakuten.co.jp/HIMG/INTERIOR/54234.jpg,https://img.travel.rakuten.co.jp/share/HOTEL/54234/54234map.gif,655.0,3.86,"き、さらに夕日が最高でした!」など…　2026-04-20 23:08:51投稿 <a href=""https://img.travel.rakuten.co.jp/image/tr/api/re/gJNfM/?f_hotel_no=54234"" class=""3click"">つづきはこちら</a>",0sb,喫煙シングル,2707137.0,★【無料の元気朝食付】いつでも安心価格♪ビジネス・レジャーに！ 喫煙シングル,1,0,0,1,0,1,https://img.travel.rakuten.co.jp/image/tr/api/re/IdsCY/?f_no=54234&f_syu=0sb&f_hi1=2026-05-04&f_hi2=2026-05-05&f_heya_su=1&f_otona_su=1&f_s1=0&f_s2=0&f_y1=0&f_y2=0&f_y3=0&f_y4=0&f_camp_id=2707137,0,2026-05-04,13530,13530,0,2026-05-04,fukuoka
14018,福岡リーセントホテル,https://img.travel.rakuten.co.jp/image/tr/api/re/pvonD/?f_no=14018,https://img.travel.rakuten.co.jp/image/tr/api/re/vFumt/?f_no=14018&f_flg=PLAN,https://img.travel.rakuten.co.jp/image/tr/api/re/WzozX/?noTomariHotel=14018,https://img.travel.rakuten.co.jp/image/tr/api/re/gJNfM/?f_hotel_no=14018,ふくおか　りーせんとほてる,■全室禁煙ルーム■Wi-Fi接続無料■加湿空気清浄器完備,3480,121015.46,469513.02,812-0053,福岡県,福岡市東区箱崎2-52-1,092-641-7741,092-641-5851,【地下鉄】博多駅から約12分/福岡空港から約17分/箱崎宮前駅・3番出口より徒歩約4分,普通車1泊1000円※屋内駐車場60台、高さ2.1m迄,箱崎宮前,https://img.travel.rakuten.co.jp/share/HOTEL/14018/14018.jpg,https://img.travel.rakuten.co.jp/HIMG/90/14018.jpg,,,https://img.travel.rakuten.co.jp/share/HOTEL/14018/14018map.gif,821.0,3.81,"クチコミの詳細はこちらから　https://review.travel.rakuten.co.jp/…　2026-04-24 00:54:29投稿 <a href=""https://img.travel.rakuten.co.jp/image/tr/api/re/gJNfM/?f_hotel_no=14018"" class=""3click"">つづきはこちら</a>",s-n,セミダブル【禁煙】17平米／加湿空気清浄機完備,6139234.0,【素泊り】直前のご予約でもお得に！お食事無しの直前割りプラン★地下鉄箱崎宮前駅徒歩4分★,1,0,0,0,0,2,https://img.travel.rakuten.co.jp/image/tr/api/re/IdsCY/?f_no=14018&f_syu=s-n&f_hi1=2026-05-04&f_hi2=2026-05-05&f_heya_su=1&f_otona_su=1&f_s1=0&f_s2=0&f_y1=0&f_y2=0&f_y3=0&f_y4=0&f_camp_id=6139234,0,2026-05-04,13960,13960,0,2026-05-04,fukuoka
176895,ホテルハルロット福岡博多,https://img.travel.rakuten.co.jp/image/tr/api/re/pvonD/?f_no=176895,https://img.travel.rakuten.co.jp/image/tr/api/re/vFumt/?f_no=176895&f_flg=PLAN,https://img.travel.rakuten.co.jp/image/tr/api/re/WzozX/?noTomariHotel=176895,https://img.travel.rakuten.co.jp/image/tr/api/re/gJNfM/?f_hotel_no=176895,はるろっとふくおかはかた,得旅キャンペーン参加中★楽天アワード3年連続受賞★ 開業4周年記念！全室シモンズ社製ベッド導入！wi-fi無料！,4400,120904.12,469538.93,812-0013,福岡県,福岡市博多区博多駅東2-9-10,092-475-8533,092-475-8101,２０１９年１０月２５日新築開業！博多駅筑紫口（新幹線口）より徒歩にて約6分、福岡空港・天神・福岡ドームまで地下鉄１本,無し：周辺コインパーキングをご利用ください（多数あり）,博多,https://img.travel.rakuten.co.jp/share/HOTEL/176895/176895.jpg,https://img.travel.rakuten.co.jp/HIMG/90/176895.jpg,,,https://img.travel.rakuten.co.jp/share/HOTEL/176895/176895map.gif,534.0,3.81,"クチコミの詳細はこちらから　https://review.travel.rakuten.co.jp/hotel/voice/176895?rev…　2026-04-22 18:03:06投稿 <a href=""https://img.travel.rakuten.co.jp/image/tr/api/re/gJNfM/?f_hotel_no=176895"" class=""3click"">つづきはこちら</a>",double2,シモンズベッド｜セミダブルベッドルーム（ベッド幅125cm）,4564602.0,【楽天アワード3年連続受賞＆開業6周年記念プラン】JR博多駅徒歩6分！立地抜群！Wi-Fi無料！,1,0,0,0,0,1,https://img.travel.rakuten.co.jp/image/tr/api/re/IdsCY/?f_no=176895&f_syu=double2&f_hi1=2026-05-04&f_hi2=2026-05-05&f_heya_su=1&f_otona_su=1&f_s1=0&f_s2=0&f_y1=0&f_y2=0&f_y3=0&f_y4=0&f_camp_id=4564602,0,2026-05-04,19250,19250,0,2026-05-04,fukuoka
75183,ＨＯＴＥＬ　ＡＺ　福岡金の隈店,https://img.travel.rakuten.co.jp/image/tr/api/re/pvonD/?f_no=75183,https://img.travel.rakuten.co.jp/image/tr/api/re/vFumt/?f_no=75183&f_flg=PLAN,https://img.travel.rakuten.co.jp/image/tr/api/re/WzozX/?noTomariHotel=75183,https://img.travel.rakuten.co.jp/image/tr/api/re/gJNfM/?f_hotel_no=75183,ほてる　えーぜっと　ふくおかかねのくまてん,都市高速、九州自動車道アクセス良好！駐車場１０６台無料！朝食無料！インターネット接続無料！,5280,120779.42,469729.59,812-0863,福岡県,福岡市博多区金の隈3-14-25,092-513-3301,092-513-3302,"福岡空港より車で１３分,ＪＲ鹿児島本線　南福岡駅より車で約８分,都市高速大野城ＩＣより車で３分",無料立体駐車場106台あり　普通車：予約不要 、２ｔ・2.1m以上の車両等は有料（要予約）,雑餉隈,https://img.travel.rakuten.co.jp/share/HOTEL/75183/75183.jpg,https://img.travel.rakuten.co.jp/HIMG/90/75183.jpg,https://img.travel.rakuten.co.jp/share/HOTEL/75183/75183_t.jpg,https://img.travel.rakuten.co.jp/HIMG/INTERIOR/75183.jpg,https://img.travel.rakuten.co.jp/share/HOTEL/75183/75183map.gif,1675.0,3.91,"豚トロが美味しくてガツガツ食べてしまった後にまたカツカレー食べてしまいま…　2026-04-24 04:15:25投稿 <a href=""https://img.travel.rakuten.co.jp/image/tr/api/re/gJNfM/?f_hotel_no=75183"" class=""3click"">つづきはこちら</a>",sn,【禁煙】シングル,6107400.0,スタンダードプラン（朝食サービス）,1,0,0,1,0,1,https://img.travel.rakuten.co.jp/image/tr/api/re/IdsCY/?f_no=75183&f_syu=sn&f_hi1=2026-05-04&f_hi2=2026-05-05&f_heya_su=1&f_otona_su=1&f_s1=0&f_s2=0&f_y1=0&f_y2=0&f_y3=0&f_y4=0&f_camp_id=6107400,0,2026-05-04,6380,6380,0,2026-05-04,fukuoka
108325,東横ＩＮＮ博多駅バスターミナル前,https://img.travel.rakuten.co.jp/image/tr/api/re/pvonD/?f_no=108325,https://img.travel.rakuten.co.jp/image/tr/api/re/vFumt/?f_no=108325&f_flg=PLAN,https://img.travel.rakuten.co.jp/image/tr/api/re/WzozX/?noTomariHotel=108325,https://img.travel.rakuten.co.jp/image/tr/api/re/gJNfM/?f_hotel_no=108325,とうよこいんはかたえきばすたーみなるまえ,博多駅まで徒歩3分の立地で出発を応援！朝食・小学生以下添い寝無料で安心空間を提供いたします,6300,120920.36,469517.17,812-0011,福岡県,福岡市博多区博多駅前1-16-6,092-437-1045,092-437-1046,徒歩5分,ホテルへお問合せください,博多,https://img.travel.rakuten.co.jp/share/HOTEL/108325/108325.jpg,https://img.travel.rakuten.co.jp/HIMG/90/108325.jpg,https://img.travel.rakuten.co.jp/share/HOTEL/108325/108325room1.jpg,https://img.travel.rakuten.co.jp/HIMG/INTERIOR/108325.jpg,https://img.travel.rakuten.co.jp/share/HOTEL/108325/108325map.gif,251.0,4.13,"食事は簡素ですが、博多駅に近く、立地が言うことなしですね。喫煙ありも助かる。東横インはどこ行っても安定してて、驚くような大満足端ないけど、ハズレもない感じ。…　2026-04-03 18:30:43投稿 <a href=""https://img.travel.rakuten.co.jp/image/tr/api/re/gJNfM/?f_hotel_no=108325"" class=""3click"">つづきはこちら</a>",sk,禁煙シングル,2696840.0,★【無料の元気朝食付】いつでも安心価格♪ビジネス・レジャーに！ 禁煙シングル,1,0,0,1,0,2,https://img.travel.rakuten.co.jp/image/tr/api/re/IdsCY/?f_no=108325&f_syu=sk&f_hi1=2026-05-04&f_hi2=2026-05-05&f_heya_su=1&f_otona_su=1&f_s1=0&f_s2=0&f_y1=0&f_y2=0&f_y3=0&f_y4=0&f_camp_id=2696840,0,2026-05-04,13860,13860,0,2026-05-04,fukuoka
67260,ＴＨＥ　ＬＵＩＧＡＮＳ　Ｓｐａ＆Ｒｅｓｏｒｔ(ザ・ルイガンズ.　スパ＆リゾート),https://img.travel.rakuten.co.jp/image/tr/api/re/pvonD/?f_no=67260,https://img.travel.rakuten.co.jp/image/tr/api/re/vFumt/?f_no=67260&f_flg=PLAN,https://img.travel.rakuten.co.jp/image/tr/api/re/WzozX/?noTomariHotel=67260,https://img.travel.rakuten.co.jp/image/tr/api/re/gJNfM/?f_hotel_no=67260,ざ・るいがんず,【福岡で近場リゾート】博多中心部から車で20分！福岡でありながら海外を感じるリゾートホテル！大浴場＆無料バスあり,4290,121174.54,469318.49,811-0321,福岡県,福岡市東区西戸崎18-25,092-603-2525,092-603-2828,博多から車で最短約20分、無料送迎バス、無料駐車場、福岡空港まで最短約30分。JR香椎線「海ノ中道」より徒歩約6分,屋外駐車場有　１００台／宿泊者は無料／予約不要,海ノ中道,https://img.travel.rakuten.co.jp/share/HOTEL/67260/67260.jpg,https://img.travel.rakuten.co.jp/HIMG/90/67260.jpg,https://img.travel.rakuten.co.jp/share/HOTEL/67260/67260_k.jpg,https://img.travel.rakuten.co.jp/HIMG/INTERIOR/67260.jpg,https://img.travel.rakuten.co.jp/share/HOTEL/67260/67260map.gif,2061.0,4.31,"とにかくおしゃれだし、お部屋は広くてゆったり感があるし、コンセプトルームなのか毎回イン…　2026-05-01 21:16:35投稿 <a href=""https://img.travel.rakuten.co.jp/image/tr/api/re/gJNfM/?f_hotel_no=67260"" class=""3click"">つづきはこちら</a>",gtox2,グランドツイン（2-5F・禁煙）33平米,6189448.0,【Room Only】16時イン／11時アウト（朝食追加可能）｜ルイガンズは3名以上宿泊がお得,1,0,0,0,0,2,https://img.travel.rakuten.co.jp/image/tr/api/re/IdsCY/?f_no=67260&f_syu=gtox2&f_hi1=2026-05-04&f_hi2=2026-05-05&f_heya_su=1&f_otona_su=1&f_s1=0&f_s2=0&f_y1=0&f_y2=0&f_y3=0&f_y4=0&f_camp_id=6189448,0,2026-05-04,57200,57200,0,2026-05-04,fukuoka
76922,博多東急ＲＥＩホテル,https://img.travel.rakuten.co.jp/image/tr/api/re/pvonD/?f_no=76922,https://img.travel.rakuten.co.jp/image/tr/api/re/vFumt/?f_no=76922&f_flg=PLAN,https://img.travel.rakuten.co.jp/image/tr/api/re/WzozX/?noTomariHotel=76922,https://img.travel.rakuten.co.jp/image/tr/api/re/gJNfM/?f_hotel_no=76922,はかたとうきゅうＲＥＩ,【ご宿泊プラン楽天ポイント２倍対象施設】更に現地で楽天ポイントカードをご提示で楽天ポイント加算,7875,120919.21,469514.04,812-0011,福岡県,福岡市博多区博多駅前1-2-23,092-451-0109,092-451-0188,博多駅「博多口」より徒歩にて約3分/福岡市営地下鉄 博多駅「西6」番出口より徒歩約1分,"先着順12台　1泊1,500円　普通車（幅2.05m×長さ5m×高さ1.55m以内）",博多,https://img.travel.rakuten.co.jp/share/HOTEL/76922/76922.jpg,https://img.travel.rakuten.co.jp/HIMG/90/76922.jpg,https://img.travel.rakuten.co.jp/share/HOTEL/76922/76922_room.jpg,https://img.travel.rakuten.co.jp/HIMG/INTERIOR/76922.jpg,https://img.travel.rakuten.co.jp/share/HOTEL/76922/76922map.gif,3397.0,4.17,"クチコミの詳細はこちら…　2026-03-25 00:35:29投稿 <a href=""https://img.travel.rakuten.co.jp/image/tr/api/re/gJNfM/?f_hotel_no=76922"" class=""3click"">つづきはこちら</a>",sba21,シングル　シャワーブース＜喫煙＞,5675613.0,【スタンダードプラン】博多駅より徒歩3分好立地！ビジネス・イベントやコンサートにもおすすめ＜素泊り＞,1,0,0,0,0,1,https://img.travel.rakuten.co.jp/image/tr/api/re/IdsCY/?f_no=76922&f_syu=sba21&f_hi1=2026-05-04&f_hi2=2026-05-05&f_heya_su=1&f_otona_su=1&f_s1=0&f_s2=0&f_y1=0&f_y2=0&f_y3=0&f_y4=0&f_camp_id=5675613,0,2026-05-04,25000,25000,0,2026-05-04,fukuoka
10837,博多ニューポートホテル,https://img.travel.rakuten.co.jp/image/tr/api/re/pvonD/?f_no=10837,https://img.travel.rakuten.co.jp/image/tr/api/re/vFumt/?f_no=10837&f_flg=PLAN,https://img.travel.rakuten.co.jp/image/tr/api/re/WzozX/?noTomariHotel=10837,https://img.travel.rakuten.co.jp/image/tr/api/re/gJNfM/?f_hotel_no=10837,はかた　にゅーぽーとほてる,国際会議場・マリンメッセまで徒歩４分、イベント時に最適！天神・中洲へも徒歩１０分程。宿泊税込！チェックアウト１１：００！,4900,120949.22,469463.07,812-0022,福岡県,福岡市博多区神屋町3-27,092-291-0811,092-281-6656,JR博多駅より車で５分／地下鉄呉服町駅から徒歩６分／神屋町バス停徒歩１分／国際会議場・マリンメッセまで徒歩４分〜１０分,"有り　4台　電話予約制　料金1,000円（税込み／泊）",博多,https://img.travel.rakuten.co.jp/share/HOTEL/10837/10837.jpg,https://img.travel.rakuten.co.jp/HIMG/90/10837.jpg,https://img.travel.rakuten.co.jp/share/HOTEL/10837/10837_sig.jpg,https://img.travel.rakuten.co.jp/HIMG/INTERIOR/10837.jpg,https://img.travel.rakuten.co.jp/share/HOTEL/10837/10837map.gif,417.0,3.41,"クチコミの詳細はこちらから　https://review.travel.rakuten.co.jp/hotel/voice/10837?re…　2026-05-02 07:04:15投稿 <a href=""https://img.travel.rakuten.co.jp/image/tr/api/re/gJNfM/?f_hotel_no=10837"" class=""3click"">つづきはこちら</a>",s,★シングルルームA★,2653386.0,【楽天限定】当施設最安値♪ゆったりシンプルステイ◆チェックアウトは余裕の１１時◆,1,0,0,0,0,2,https://img.travel.rakuten.co.jp/image/tr/api/re/IdsCY/?f_no=10837&f_syu=s&f_hi1=2026-05-04&f_hi2=2026-05-05&f_heya_su=1&f_otona_su=1&f_s1=0&f_s2=0&f_y1=0&f_y2=0&f_y3=0&f_y4=0&f_camp_id=2653386,0,2026-05-04,16800,16800,0,2026-05-04,fukuoka
53754,バジェットホテル博多南,https://img.travel.rakuten.co.jp/image/tr/api/re/pvonD/?f_no=53754,https://img.travel.rakuten.co.jp/image/tr/api/re/vFumt/?f_no=53754&f_flg=PLAN,https://img.travel.rakuten.co.jp/image/tr/api/re/WzozX/?noTomariHotel=53754,https://img.travel.rakuten.co.jp/image/tr/api/re/gJNfM/?f_hotel_no=53754,ばじぇっとほてる　はかたみなみ,ＪＲ西日本最大の車両基地、博多総合車両基地に隣接♪♪,3800,120660.38,469582.91,816-0844,福岡県,春日市上白水８丁目１５２番地,092-592-0033,092-592-1115,ＪＲ博多駅より博多南線（新幹線）で終点博多南駅下車（９分、330円）、博多南駅より徒歩8分。,11台可能。料金1泊700円。お電話等での予約制。,博多南,https://img.travel.rakuten.co.jp/share/HOTEL/53754/53754.jpg,https://img.travel.rakuten.co.jp/HIMG/90/53754.jpg,https://img.travel.rakuten.co.jp/share/HOTEL/53754/53754_k.jpg,https://img.travel.rakuten.co.jp/HIMG/INTERIOR/53754.jpg,https://img.travel.rakuten.co.jp/share/HOTEL/53754/53754map.gif,622.0,4.02,"でもテレビもエアコンもリモコンの効きが悪くて、…　2026-04-30 02:03:06投稿 <a href=""https://img.travel.rakuten.co.jp/image/tr/api/re/gJNfM/?f_hotel_no=53754"" class=""3click"">つづきはこちら</a>",sss,シングル◇ベッド幅１２０◇,2872586.0,１名様プラン◇【部屋数限定】シンプルステイ”ネクスト”◇素泊り！,1,0,0,0,0,1,https://img.travel.rakuten.co.jp/image/tr/api/re/IdsCY/?f_no=53754&f_syu=sss&f_hi1=2026-05-04&f_hi2=2026-05-05&f_heya_su=1&f_otona_su=1&f_s1=0&f_s2=0&f_y1=0&f_y2=0&f_y3=0&f_y4=0&f_camp_id=2872586,0,2026-05-04,8400,8400,0,2026-05-04,fukuoka
168722,オリエンタルホテル福岡　博多ステーション,https://img.travel.rakuten.co.jp/image/tr/api/re/pvonD/?f_no=168722,https://img.travel.rakuten.co.jp/image/tr/api/re/vFumt/?f_no=168722&f_flg=PLAN,https://img.travel.rakuten.co.jp/image/tr/api/re/WzozX/?noTomariHotel=168722,https://img.travel.rakuten.co.jp/image/tr/api/re/gJNfM/?f_hotel_no=168722,おりえんたるほてるふくおか　はかたすてーしょん,【JR博多駅隣接＆地下鉄博多駅直結】朝食レストランがグランドオープン☆ホテルこだわりの朝食ブッフェをお愉しみください！,8640,120914.18,469527.51,812-0012,福岡県,福岡市博多区博多駅中央街4-23,092-461-0170,092-461-0171,JR「博多駅」筑紫口から徒歩1分。福岡空港から地下鉄空港線で所要時間5分＆地下鉄「博多駅」直結,"Dパーキング(ホテル1F)/オオイパーキング博多駅東(竹下通り向かい):24H2,000円※予約不可",博多,https://img.travel.rakuten.co.jp/share/HOTEL/168722/168722.jpg,https://img.travel.rakuten.co.jp/HIMG/90/168722.jpg,,,https://img.travel.rakuten.co.jp/share/HOTEL/168722/168722map.gif,444.0,3.95,"初めて利用しました。博多駅から近いので利用したかったホテルですが高いので敬遠していました。朝食が美味しそうなので利用してみました。朝食は種類が多くどれも美味しくて大変…　2026-04-24 11:32:30投稿 <a href=""https://img.travel.rakuten.co.jp/image/tr/api/re/gJNfM/?f_hotel_no=168722"" class=""3click"">つづきはこちら</a>",stdb,■スタンダードダブル 15.5平米（禁煙・シャワーブース）,4344604.0,【フレキシブルレート】家族旅行におすすめ☆小学生以下添い寝可！博多駅直結（朝食ブッフェ付）,1,0,0,1,0,1,https://img.travel.rakuten.co.jp/image/tr/api/re/IdsCY/?f_no=168722&f_syu=stdb&f_hi1=2026-05-04&f_hi2=2026-05-05&f_heya_su=1&f_otona_su=1&f_s1=0&f_s2=0&f_y1=0&f_y2=0&f_y3=0&f_y4=0&f_camp_id=4344604,0,2026-05-04,49100,49100,0,2026-05-04,fukuoka
572,グランドハイアット福岡,https://img.travel.rakuten.co.jp/image/tr/api/re/pvonD/?f_no=572,https://img.travel.rakuten.co.jp/image/tr/api/re/vFumt/?f_no=572&f_flg=PLAN,https://img.travel.rakuten.co.jp/image/tr/api/re/WzozX/?noTomariHotel=572,https://img.travel.rakuten.co.jp/image/tr/api/re/gJNfM/?f_hotel_no=572,ぐらんどはいあっとふくおか,キャナルシティ内に位置する、ハイアット最上級ブランドホテル,15180,120910.57,469485.97,812-0018,福岡県,福岡市博多区住吉1-2-82　,092-282-1234,092-282-2817,博多駅から徒歩約10分、天神駅から徒歩約15分。福岡市地下鉄　七隈線「櫛田神社前駅」西改札口を出て2番出口より徒歩3分,"1300台 1泊1,980円（税込） （14:00から翌14:00）",中洲川端,https://img.travel.rakuten.co.jp/share/HOTEL/572/572.jpg,https://img.travel.rakuten.co.jp/HIMG/90/572.jpg,https://img.travel.rakuten.co.jp/share/HOTEL/572/572_a.jpg,https://img.travel.rakuten.co.jp/HIMG/INTERIOR/572.jpg,https://img.travel.rakuten.co.jp/share/HOTEL/572/572map.gif,951.0,4.17,,qgns,【禁煙】クイーン1台（27平米）,2989694.0,【基本プラン】デイリーレート,1,0,0,0,0,1,https://img.travel.rakuten.co.jp/image/tr/api/re/IdsCY/?f_no=572&f_syu=qgns&f_hi1=2026-05-04&f_hi2=2026-05-05&f_heya_su=1&f_otona_su=1&f_s1=0&f_s2=0&f_y1=0&f_y2=0&f_y3=0&f_y4=0&f_camp_id=2989694,0,2026-05-04,101200,101200,0,2026-05-04,fukuoka
177601,ホテルトラッド博多,https://img.travel.rakuten.co.jp/image/tr/api/re/pvonD/?f_no=177601,https://img.travel.rakuten.co.jp/image/tr/api/re/vFumt/?f_no=177601&f_flg=PLAN,https://img.travel.rakuten.co.jp/image/tr/api/re/WzozX/?noTomariHotel=177601,https://img.travel.rakuten.co.jp/image/tr/api/re/gJNfM/?f_hotel_no=177601,とらっどはかた,★朝は博多駅へ無料バス運行★コンビニ直結でお買い物も楽々★ウェルカムドリンクあり★全室シモンズベッド＆スマートTV導入★,5720,120891.56,469490.34,812-0018,福岡県,福岡市博多区住吉3-12-1,092-710-7675,092-710-7674,博多駅から散歩気分で徒歩12分。バスは「博多駅前Ａ（300番台）・Ｂ乗場」から約5分「住吉」バス停下車、すぐ。,タワー式22台：先着順 15時〜11時30分 税込1500円現金のみ 入出庫不可(22時〜7時),博多,https://img.travel.rakuten.co.jp/share/HOTEL/177601/177601.jpg,https://img.travel.rakuten.co.jp/HIMG/90/177601.jpg,,,https://img.travel.rakuten.co.jp/share/HOTEL/177601/177601map.gif,966.0,4.34,"時間によってはシャトルバスがわざわざ…　2026-04-20 16:42:14投稿 <a href=""https://img.travel.rakuten.co.jp/image/tr/api/re/gJNfM/?f_hotel_no=177601"" class=""3click"">つづきはこちら</a>",dbl01,【禁煙】ダブル1名利用 （20.48平米、ベッド150ｃｍ）,4625291.0,スタンダード/素泊り（事前決済）,1,0,0,0,0,2,https://img.travel.rakuten.co.jp/image/tr/api/re/IdsCY/?f_no=177601&f_syu=dbl01&f_hi1=2026-05-04&f_hi2=2026-05-05&f_heya_su=1&f_otona_su=1&f_s1=0&f_s2=0&f_y1=0&f_y2=0&f_y3=0&f_y4=0&f_camp_id=4625291,0,2026-05-04,34000,34000,0,2026-05-04,fukuoka
161262,ＫＯＫＯ　ＨＯＴＥＬ　博多新幹線口　（旧：ホテルウィングインターナショナル博多新幹線口）,https://img.travel.rakuten.co.jp/image/tr/api/re/pvonD/?f_no=161262,https://img.travel.rakuten.co.jp/image/tr/api/re/vFumt/?f_no=161262&f_flg=PLAN,https://img.travel.rakuten.co.jp/image/tr/api/re/WzozX/?noTomariHotel=161262,https://img.travel.rakuten.co.jp/image/tr/api/re/gJNfM/?f_hotel_no=161262,ここほてる　はかたしんかんせんぐち（きゅうほてるうぃんぐいんたーなしょなるはかたしんかんせんぐち）,コーヒーサービス刷新！美味しいトラジャブレンドをご堪能下さい。無料軽朝食＆大浴場完備で快適ステイ♪,3960,120912.39,469536.44,812-0013,福岡県,福岡市博多区博多駅東1-17-17,0924310111,0924310115,JR博多駅より徒歩4分。地下鉄空港線博多駅 東6出口より徒歩2分。都市高速博多駅東ICまで1分！,提携駐車場有　里馨(リカ)パーキング(24時間1500円の駐車券をフロント販売、当館から徒歩3分）,博多,https://img.travel.rakuten.co.jp/share/HOTEL/161262/161262.jpg,https://img.travel.rakuten.co.jp/HIMG/90/161262.jpg,https://img.travel.rakuten.co.jp/share/HOTEL/161262/161262_kan1.jpg,https://img.travel.rakuten.co.jp/HIMG/INTERIOR/161262.jpg,https://img.travel.rakuten.co.jp/share/HOTEL/161262/161262map.gif,322.0,4.09,"クチコミの詳細はこちらから　https://review.travel.rakuten.co.jp/h…　2026-03-29 13:48:26投稿 <a href=""https://img.travel.rakuten.co.jp/image/tr/api/re/gJNfM/?f_hotel_no=161262"" class=""3click"">つづきはこちら</a>",single,【全室禁煙】シングルルーム（１２平米、ベッド幅１４０ｃｍ）,5795805.0,【タイムセール】博多のご旅行にぜひ！JR博多駅（筑紫口）より徒歩4分／大浴場・無料軽朝食あり,1,0,0,0,0,1,https://img.travel.rakuten.co.jp/image/tr/api/re/IdsCY/?f_no=161262&f_syu=single&f_hi1=2026-05-04&f_hi2=2026-05-05&f_heya_su=1&f_otona_su=1&f_s1=0&f_s2=0&f_y1=0&f_y2=0&f_y3=0&f_y4=0&f_camp_id=5795805,0,2026-05-04,22000,22000,0,2026-05-04,fukuoka
54538,東横ＩＮＮ博多口駅前,https://img.travel.rakuten.co.jp/image/tr/api/re/pvonD/?f_no=54538,https://img.travel.rakuten.co.jp/image/tr/api/re/vFumt/?f_no=54538&f_flg=PLAN,https://img.travel.rakuten.co.jp/image/tr/api/re/WzozX/?noTomariHotel=54538,https://img.travel.rakuten.co.jp/image/tr/api/re/gJNfM/?f_hotel_no=54538,とうよこいんはかたぐちえきまえ,博多千年門まで徒歩6分の立地で出発を応援！朝食・小学生以下添い寝無料で安心空間を提供いたします,6300,120919.2,469516.05,812-0011,福岡県,福岡市博多区博多駅前1-15-5,092-451-1045,092-451-1065,空港からＪＲ博多駅まで地下鉄で５分。ＪＲ博多駅「博多口」出口より徒歩２分、九州の玄関口として好アクセスな立地条件。,なし。近隣の有料駐車場へのご案内となっております。ご了承下さいませ。,博多,https://img.travel.rakuten.co.jp/share/HOTEL/54538/54538.jpg,https://img.travel.rakuten.co.jp/HIMG/90/54538.jpg,https://img.travel.rakuten.co.jp/share/HOTEL/54538/54538_si.jpg,https://img.travel.rakuten.co.jp/HIMG/INTERIOR/54538.jpg,https://img.travel.rakuten.co.jp/share/HOTEL/54538/54538map.gif,541.0,3.82,"クチコミの詳細はこちらから　https://review.travel.rakuten.co.jp/hotel/voice/54538?reviewId=3312347723…　2026-03-27 16:21:56投稿 <a href=""https://img.travel.rakuten.co.jp/image/tr/api/re/gJNfM/?f_hotel_no=54538"" class=""3click"">つづきはこちら</a>",sa,【シングル館】喫煙エコノミーシングル,2688592.0,★【無料の元気朝食付】いつでも安心価格♪ビジネス・レジャーに！ 喫煙エコノミーシングル,1,0,0,1,0,1,https://img.travel.rakuten.co.jp/image/tr/api/re/IdsCY/?f_no=54538&f_syu=sa&f_hi1=2026-05-04&f_hi2=2026-05-05&f_heya_su=1&f_otona_su=1&f_s1=0&f_s2=0&f_y1=0&f_y2=0&f_y3=0&f_y4=0&f_camp_id=2688592,0,2026-05-04,13310,13310,0,2026-05-04,fukuoka
165238,ネストホテル博多駅前,https://img.travel.rakuten.co.jp/image/tr/api/re/pvonD/?f_no=165238,https://img.travel.rakuten.co.jp/image/tr/api/re/vFumt/?f_no=165238&f_flg=PLAN,https://img.travel.rakuten.co.jp/image/tr/api/re/WzozX/?noTomariHotel=165238,https://img.travel.rakuten.co.jp/image/tr/api/re/gJNfM/?f_hotel_no=165238,ねすとほてるはかたえきまえ,【全館・全室・完全禁煙】博多駅前の好立地。睡眠環境にこだわった、安らぎの時間が流れるホテル。,4450,120917.91,469507.1,812-0011,福岡県,福岡市博多区博多駅前2-11-27,092-260-1695,092-260-1491,ＪＲ博多駅の博多口をでて徒歩にて約５分。　　空港からは地下鉄祇園駅で下車、連絡通路Ｐ４出口から徒歩にて約1分。,"有り　2台　1,500円（税込み／泊）　先着順 予約不可",博多,https://img.travel.rakuten.co.jp/share/HOTEL/165238/165238.jpg,https://img.travel.rakuten.co.jp/HIMG/90/165238.jpg,,,https://img.travel.rakuten.co.jp/share/HOTEL/165238/165238map.gif,324.0,3.5,"クチコミの詳細はこちらから　https://review.travel.rakuten.…　2026-03-31 00:15:33投稿 <a href=""https://img.travel.rakuten.co.jp/image/tr/api/re/gJNfM/?f_hotel_no=165238"" class=""3click"">つづきはこちら</a>",sb,【禁煙/12平米/ベッド幅140】ダブルルーム【1名利用】,4100470.0,スタンダードプラン【食事なし】,1,0,0,0,0,1,https://img.travel.rakuten.co.jp/image/tr/api/re/IdsCY/?f_no=165238&f_syu=sb&f_hi1=2026-05-04&f_hi2=2026-05-05&f_heya_su=1&f_otona_su=1&f_s1=0&f_s2=0&f_y1=0&f_y2=0&f_y3=0&f_y4=0&f_camp_id=4100470,0,2026-05-04,30000,30000,0,2026-05-04,fukuoka
167057,ホテルＷＢＦグランデ博多,https://img.travel.rakuten.co.jp/image/tr/api/re/pvonD/?f_no=167057,https://img.travel.rakuten.co.jp/image/tr/api/re/vFumt/?f_no=167057&f_flg=PLAN,https://img.travel.rakuten.co.jp/image/tr/api/re/WzozX/?noTomariHotel=167057,https://img.travel.rakuten.co.jp/image/tr/api/re/gJNfM/?f_hotel_no=167057,ほてるだぶりゅーびーえふぐらんではかた,朝からカットステーキ食べ放題の朝食ビュッフェ！■大浴場完備■博多駅まで徒歩10分,5015,120894.12,469540.41,812-0016,福岡県,福岡市博多区博多駅南2-2-5,092-452-4123,092-452-4124,西鉄バス博多駅筑紫口より駅東三丁目下車 徒歩1分　博多駅筑紫口（新幹線口）より徒歩 約10分　福岡空港より車で約10分,"立体駐車場有 1泊1,500円 15時〜翌11時 高さ1.55m、横幅1.75m迄　先着順・予約不可",博多,https://img.travel.rakuten.co.jp/share/HOTEL/167057/167057.jpg,https://img.travel.rakuten.co.jp/HIMG/90/167057.jpg,,,https://img.travel.rakuten.co.jp/share/HOTEL/167057/167057map.gif,735.0,3.64,"クチコミの詳細はこちらから　https:/…　2026-04-10 21:30:48投稿 <a href=""https://img.travel.rakuten.co.jp/image/tr/api/re/gJNfM/?f_hotel_no=167057"" class=""3click"">つづきはこちら</a>",dn,【禁煙室】スタンダードダブルルーム,4203478.0,【スタンダード】最上階スカイラウンジで癒される！シンプルステイ【素泊り】,1,0,0,0,0,1,https://img.travel.rakuten.co.jp/image/tr/api/re/IdsCY/?f_no=167057&f_syu=dn&f_hi1=2026-05-04&f_hi2=2026-05-05&f_heya_su=1&f_otona_su=1&f_s1=0&f_s2=0&f_y1=0&f_y2=0&f_y3=0&f_y4=0&f_camp_id=4203478,0,2026-05-04,30000,30000,0,2026-05-04,fukuoka
74609,パープルホテル二日市,https://img.travel.rakuten.co.jp/image/tr/api/re/pvonD/?f_no=74609,https://img.travel.rakuten.co.jp/image/tr/api/re/vFumt/?f_no=74609&f_flg=PLAN,https://img.travel.rakuten.co.jp/image/tr/api/re/WzozX/?noTomariHotel=74609,https://img.travel.rakuten.co.jp/image/tr/api/re/gJNfM/?f_hotel_no=74609,ぱーぷるほてるふつかいち,筑紫野ICより車で約7分、JR二日市駅西口から徒歩約7分、駐車場無料、太宰府観光にも好立地,4675,120554.96,469863.38,818-0058,福岡県,筑紫野市湯町2-5-6,092-922-2131,092-918-2221,ＪＲ二日市駅西口徒歩約7分・西鉄二日市車約10分・筑紫野IC車約7分・高速筑紫野バス停徒歩約5分,無料駐車場あり（敷地内と徒歩1分に2箇所）予約確保不可（身障者を除く）,二日市,https://img.travel.rakuten.co.jp/share/HOTEL/74609/74609.jpg,https://img.travel.rakuten.co.jp/HIMG/90/74609.jpg,https://img.travel.rakuten.co.jp/share/HOTEL/74609/74609_kya.jpg,https://img.travel.rakuten.co.jp/HIMG/INTERIOR/74609.jpg,https://img.travel.rakuten.co.jp/share/HOTEL/74609/74609map.gif,387.0,3.87,"夜22時過ぎのチェックインでしたが、街は静…　2026-04-29 02:09:02投稿 <a href=""https://img.travel.rakuten.co.jp/image/tr/api/re/gJNfM/?f_hotel_no=74609"" class=""3click"">つづきはこちら</a>",tws,ツインA（禁煙室）,3155765.0,スタンダードプラン｜食事なし★到着時間の連絡不要★駐車場無料,1,0,0,0,0,1,https://img.travel.rakuten.co.jp/image/tr/api/re/IdsCY/?f_no=74609&f_syu=tws&f_hi1=2026-05-04&f_hi2=2026-05-05&f_heya_su=1&f_otona_su=1&f_s1=0&f_s2=0&f_y1=0&f_y2=0&f_y3=0&f_y4=0&f_camp_id=3155765,0,2026-05-04,17050,17050,0,2026-05-04,fukuoka
181717,ホテルリブマックス博多駅前,https://img.travel.rakuten.co.jp/image/tr/api/re/pvonD/?f_no=181717,https://img.travel.rakuten.co.jp/image/tr/api/re/vFumt/?f_no=181717&f_flg=PLAN,https://img.travel.rakuten.co.jp/image/tr/api/re/WzozX/?noTomariHotel=181717,https://img.travel.rakuten.co.jp/image/tr/api/re/gJNfM/?f_hotel_no=181717,ほてるりぶまっくすはかたえきまえ,【2020年12月OPEN】「博多駅」徒歩5分　加湿空気清浄機＆電子レンジなど充実のルームコンテンツ,4463,120913.17,469500.65,812-0011,福岡県,福岡市博多区博多駅前2-7-9,092-419-2280,092-419-2281,「博多」駅より徒歩5分,無し※近隣にコインパーキング多数あり！,博多,https://img.travel.rakuten.co.jp/share/HOTEL/181717/181717.jpg,https://img.travel.rakuten.co.jp/HIMG/90/181717.jpg,,,https://img.travel.rakuten.co.jp/share/HOTEL/181717/181717map.gif,303.0,3.85,"クチコミの詳細は…　2026-04-28 11:59:49投稿 <a href=""https://img.travel.rakuten.co.jp/image/tr/api/re/gJNfM/?f_hotel_no=181717"" class=""3click"">つづきはこちら</a>",sin-kitsu,【スタンダードシングルルーム】喫煙/定員２名/１２平米,5721718.0,【リブマックスセール】《15％OFF》ホテルリブマックス博多駅前【素泊り】,1,0,0,0,0,1,https://img.travel.rakuten.co.jp/image/tr/api/re/IdsCY/?f_no=181717&f_syu=sin-kitsu&f_hi1=2026-05-04&f_hi2=2026-05-05&f_heya_su=1&f_otona_su=1&f_s1=0&f_s2=0&f_y1=0&f_y2=0&f_y3=0&f_y4=0&f_camp_id=5721718,0,2026-05-04,25500,25500,0,2026-05-04,fukuoka
196685,十二ＨＯＴＥＬ（ジュウニホテル）,https://img.travel.rakuten.co.jp/image/tr/api/re/pvonD/?f_no=196685,https://img.travel.rakuten.co.jp/image/tr/api/re/vFumt/?f_no=196685&f_flg=PLAN,https://img.travel.rakuten.co.jp/image/tr/api/re/WzozX/?noTomariHotel=196685,https://img.travel.rakuten.co.jp/image/tr/api/re/gJNfM/?f_hotel_no=196685,じゅうにほてる,２０２５年６月開業！オールインクルーシブ×全室サウナ付。１２室限定の特別ホテル。,12070,120917.6,469656.71,812-0853,福岡県,福岡市博多区東平尾1-16-25,092-623-6383,092-623-6384,福岡空港⇔ホテル間の送迎サービスを事前予約制で実施中。,無料駐車場12台あり,福岡空港,https://img.travel.rakuten.co.jp/share/HOTEL/196685/196685.jpg,https://img.travel.rakuten.co.jp/HIMG/90/196685.jpg,,,https://img.travel.rakuten.co.jp/share/HOTEL/196685/196685map.gif,24.0,4.71,"クチコミの詳細はこちらか…　2026-01-10 20:20:40投稿 <a href=""https://img.travel.rakuten.co.jp/image/tr/api/re/gJNfM/?f_hotel_no=196685"" class=""3click"">つづきはこちら</a>",mistroom,ミストサウナ付ルーム（ダブル・30m2）(1〜2名利用),,,1,0,0,0,0,2,https://img.travel.rakuten.co.jp/image/tr/api/re/IdsCY/?f_no=196685&f_syu=mistroom&f_hi1=2026-05-04&f_hi2=2026-05-05&f_heya_su=1&f_otona_su=1&f_s1=0&f_s2=0&f_y1=0&f_y2=0&f_y3=0&f_y4=0,1,2026-05-04,35700,35700,0,2026-05-04,fukuoka
182102,ＥＮ　ＨＯＴＥＬ　Ｈａｋａｔａ（エンホテル博多）,https://img.travel.rakuten.co.jp/image/tr/api/re/pvonD/?f_no=182102,https://img.travel.rakuten.co.jp/image/tr/api/re/vFumt/?f_no=182102&f_flg=PLAN,https://img.travel.rakuten.co.jp/image/tr/api/re/WzozX/?noTomariHotel=182102,https://img.travel.rakuten.co.jp/image/tr/api/re/gJNfM/?f_hotel_no=182102,えん　ほてる　はかた,博多駅（JR・地下鉄）徒歩7分、櫛田神社前駅（地下鉄）徒歩2分、キャナルシティ徒歩2分。スマートTV、Wifi全室完備。,3300,120911.92,469496.68,812-0011,福岡県,福岡市博多区博多駅前3-30-25,092-461-0505,092-475-2680,博多駅（JR・地下鉄）徒歩7分・櫛田神社前駅（地下鉄）徒歩2分,提携駐車場なし。近隣コインパーキング参照,博多,https://img.travel.rakuten.co.jp/share/HOTEL/182102/182102.jpg,https://img.travel.rakuten.co.jp/HIMG/90/182102.jpg,,,https://img.travel.rakuten.co.jp/share/HOTEL/182102/182102map.gif,230.0,3.74,"クチコミの詳細はこちらから　https://review.tr…　2026-04-23 08:25:15投稿 <a href=""https://img.travel.rakuten.co.jp/image/tr/api/re/gJNfM/?f_hotel_no=182102"" class=""3click"">つづきはこちら</a>",es,ENシングル【禁煙】9.31平米,4996287.0,◆スタンダードプラン　＊　素泊まり◆,1,0,0,0,0,1,https://img.travel.rakuten.co.jp/image/tr/api/re/IdsCY/?f_no=182102&f_syu=es&f_hi1=2026-05-04&f_hi2=2026-05-05&f_heya_su=1&f_otona_su=1&f_s1=0&f_s2=0&f_y1=0&f_y2=0&f_y3=0&f_y4=0&f_camp_id=4996287,0,2026-05-04,23400,23400,0,2026-05-04,fukuoka
164794,モンタン博多,https://img.travel.rakuten.co.jp/image/tr/api/re/pvonD/?f_no=164794,https://img.travel.rakuten.co.jp/image/tr/api/re/vFumt/?f_no=164794&f_flg=PLAN,https://img.travel.rakuten.co.jp/image/tr/api/re/WzozX/?noTomariHotel=164794,https://img.travel.rakuten.co.jp/image/tr/api/re/gJNfM/?f_hotel_no=164794,もんたんはかた,【空港までタクシーで約１０分！】地下鉄空港線「東比恵駅」まで徒歩５分！JR博多駅まで徒歩８分！,3840,120907.58,469549.14,812-0013,福岡県,福岡市博多区博多駅東3-6-11,092-292-8376,092-292-8377,地下鉄空港線「東比恵駅」１番出口より徒歩約５分、JR「博多駅」筑紫口より徒歩８分,駐車場はございませんので近隣のコインパーキングをご利用ください。,東比恵,https://img.travel.rakuten.co.jp/share/HOTEL/164794/164794.jpg,https://img.travel.rakuten.co.jp/HIMG/90/164794.jpg,,,https://img.travel.rakuten.co.jp/share/HOTEL/164794/164794map.gif,157.0,4.32,"部屋に…　2026-04-08 16:57:59投稿 <a href=""https://img.travel.rakuten.co.jp/image/tr/api/re/gJNfM/?f_hotel_no=164794"" class=""3click"">つづきはこちら</a>",single1,【禁煙】シングルルーム,6421408.0,【春旅セール】期間限定！シーズナルセールプラン（素泊まり）,1,0,0,0,0,1,https://img.travel.rakuten.co.jp/image/tr/api/re/IdsCY/?f_no=164794&f_syu=single1&f_hi1=2026-05-04&f_hi2=2026-05-05&f_heya_su=1&f_otona_su=1&f_s1=0&f_s2=0&f_y1=0&f_y2=0&f_y3=0&f_y4=0&f_camp_id=6421408,0,2026-05-04,22480,22480,0,2026-05-04,fukuoka
177846,９ＨＯＴＥＬ　ＨＡＫＡＴＡ,https://img.travel.rakuten.co.jp/image/tr/api/re/pvonD/?f_no=177846,https://img.travel.rakuten.co.jp/image/tr/api/re/vFumt/?f_no=177846&f_flg=PLAN,https://img.travel.rakuten.co.jp/image/tr/api/re/WzozX/?noTomariHotel=177846,https://img.travel.rakuten.co.jp/image/tr/api/re/gJNfM/?f_hotel_no=177846,ないん　ほてる　はかた,中洲まで徒歩5分。全室風呂トイレ別のゆったり空間。館内・客室には九州の色が感じられます。,6800,120931.02,469487.7,812-0039,福岡県,福岡市博多区冷泉町9-16,092-263-5010,092-263-5020,福岡空港から地下鉄祇園駅まで7分。祇園駅徒歩約5分。中洲川端駅徒歩6分、博多駅から徒歩約13分,なし,祇園（福岡）,https://img.travel.rakuten.co.jp/share/HOTEL/177846/177846.jpg,https://img.travel.rakuten.co.jp/HIMG/90/177846.jpg,https://img.travel.rakuten.co.jp/share/HOTEL/177846/177846_kan1.jpg,https://img.travel.rakuten.co.jp/HIMG/INTERIOR/177846.jpg,https://img.travel.rakuten.co.jp/share/HOTEL/177846/177846map.gif,205.0,3.82,"受付の雰囲気は良かった。お部屋は和洋室、窓側と押し入れに障子があり子供が小さいので破りそうでヒヤヒヤ、寝るだけでとったお部屋だったからなんとか過ごせました^_^子連れで…　2026-03-29 23:54:14投稿 <a href=""https://img.travel.rakuten.co.jp/image/tr/api/re/gJNfM/?f_hotel_no=177846"" class=""3click"">つづきはこちら</a>",0001,【禁煙】スーペリアクイーン ＜24平米／ベッド幅160＞,5565904.0,【シンプルプラン】中州エリア☆博多駅近！２３平米以上のゆったり空間！＜素泊まり＞,1,0,0,0,0,1,https://img.travel.rakuten.co.jp/image/tr/api/re/IdsCY/?f_no=177846&f_syu=0001&f_hi1=2026-05-04&f_hi2=2026-05-05&f_heya_su=1&f_otona_su=1&f_s1=0&f_s2=0&f_y1=0&f_y2=0&f_y3=0&f_y4=0&f_camp_id=5565904,0,2026-05-04,31900,31900,0,2026-05-04,fukuoka
172316,三井ガーデンホテル福岡祇園,https://img.travel.rakuten.co.jp/image/tr/api/re/pvonD/?f_no=172316,https://img.travel.rakuten.co.jp/image/tr/api/re/vFumt/?f_no=172316&f_flg=PLAN,https://img.travel.rakuten.co.jp/image/tr/api/re/WzozX/?noTomariHotel=172316,https://img.travel.rakuten.co.jp/image/tr/api/re/gJNfM/?f_hotel_no=172316,みついがーでんほてるふくおかぎおん,博多に育まれた文化が香る、上質な設え。非日常へといざなう最上階大浴場の露天風呂でおくつろぎください。,10237,120914.67,469497.32,812-0011,福岡県,福岡市博多区博多駅前2-8-15,092-414-3131,092-414-3101,ＪＲ　博多駅　博多口より徒歩にて約７分,有り　２８台　２，０００円（税込み／泊）　先着順 　車両制限あり。詳細は公式HPをご覧ください。,博多,https://img.travel.rakuten.co.jp/share/HOTEL/172316/172316.jpg,https://img.travel.rakuten.co.jp/HIMG/90/172316.jpg,,,https://img.travel.rakuten.co.jp/share/HOTEL/172316/172316map.gif,673.0,4.52,"クチコミの詳細はこちらから　https://review.travel.rakuten.co.jp/hotel…　2026-04-02 10:12:01投稿 <a href=""https://img.travel.rakuten.co.jp/image/tr/api/re/gJNfM/?f_hotel_no=172316"" class=""3click"">つづきはこちら</a>",stdd2,スタンダードダブル　【禁煙】,6066250.0,【博多駅から7分♪ 露天風呂付大浴場で癒しのひとときを】ベーシックプラン  ＜素泊り＞ ,1,0,0,0,0,1,https://img.travel.rakuten.co.jp/image/tr/api/re/IdsCY/?f_no=172316&f_syu=stdd2&f_hi1=2026-05-04&f_hi2=2026-05-05&f_heya_su=1&f_otona_su=1&f_s1=0&f_s2=0&f_y1=0&f_y2=0&f_y3=0&f_y4=0&f_camp_id=6066250,0,2026-05-04,45150,45150,0,2026-05-04,fukuoka
172008,ホテルリブマックス博多駅南,https://img.travel.rakuten.co.jp/image/tr/api/re/pvonD/?f_no=172008,https://img.travel.rakuten.co.jp/image/tr/api/re/vFumt/?f_no=172008&f_flg=PLAN,https://img.travel.rakuten.co.jp/image/tr/api/re/WzozX/?noTomariHotel=172008,https://img.travel.rakuten.co.jp/image/tr/api/re/gJNfM/?f_hotel_no=172008,りぶまっくすはかたえきみなみ,2018年11月グランドオープン！博多駅前Ｃからバスで駅南三丁目下車徒歩1分！でホテル到着,3273,120884.93,469537.32,812-0016,福岡県,福岡市博多区博多駅南3-7-32,092-433-0400,092-433-0401,山陽新幹線／ＪＲ鹿児島本線／地下鉄空港線　博多駅筑紫口東6番より徒歩にて約１2分,なし,博多,https://img.travel.rakuten.co.jp/share/HOTEL/172008/172008.jpg,https://img.travel.rakuten.co.jp/HIMG/90/172008.jpg,,,https://img.travel.rakuten.co.jp/share/HOTEL/172008/172008map.gif,206.0,3.33,"鹿児島のリブマックスホテルがとても良かったので福岡でも、と思って予約しましたが期待…　2026-03-06 18:31:22投稿 <a href=""https://img.travel.rakuten.co.jp/image/tr/api/re/gJNfM/?f_hotel_no=172008"" class=""3click"">つづきはこちら</a>",sb-sr,★シングルルーム★喫煙★セミダブルベッド,5741375.0,【リブマックスセール】《15％OFF》ホテルリブマックス博多駅南【素泊り】,1,0,0,0,0,1,https://img.travel.rakuten.co.jp/image/tr/api/re/IdsCY/?f_no=172008&f_syu=sb-sr&f_hi1=2026-05-04&f_hi2=2026-05-05&f_heya_su=1&f_otona_su=1&f_s1=0&f_s2=0&f_y1=0&f_y2=0&f_y3=0&f_y4=0&f_camp_id=5741375,0,2026-05-04,25500,25500,0,2026-05-04,fukuoka
162868,Ｓｔａｙ　Ａｉｒｐｏｒｔ,https://img.travel.rakuten.co.jp/image/tr/api/re/pvonD/?f_no=162868,https://img.travel.rakuten.co.jp/image/tr/api/re/vFumt/?f_no=162868&f_flg=PLAN,https://img.travel.rakuten.co.jp/image/tr/api/re/WzozX/?noTomariHotel=162868,https://img.travel.rakuten.co.jp/image/tr/api/re/gJNfM/?f_hotel_no=162868,すてい　えあぽーと,出張にも便利。福岡空港まで徒歩約10分　,5568,120946.6,469629.99,812-0002,福岡県,福岡市博多区空港前2-11-15,092-406-8470,,福岡空港国内線A出口より徒歩約10分,"あり。（事前予約制）1泊1,300円",福岡空港,https://img.travel.rakuten.co.jp/share/HOTEL/162868/162868.jpg,https://img.travel.rakuten.co.jp/HIMG/90/162868.jpg,https://img.travel.rakuten.co.jp/share/HOTEL/162868/162868_kan1.jpg,https://img.travel.rakuten.co.jp/HIMG/INTERIOR/162868.jpg,https://img.travel.rakuten.co.jp/share/HOTEL/162868/162868map.gif,101.0,4.16,"ありがとうご…　2026-04-12 21:13:59投稿 <a href=""https://img.travel.rakuten.co.jp/image/tr/api/re/gJNfM/?f_hotel_no=162868"" class=""3click"">つづきはこちら</a>",st,スタンダードツインルーム禁煙,5857043.0,【選べるアメニティバイキング】素泊まりプラン〜福岡空港国内線まで徒歩10分〜,1,0,0,0,0,1,https://img.travel.rakuten.co.jp/image/tr/api/re/IdsCY/?f_no=162868&f_syu=st&f_hi1=2026-05-04&f_hi2=2026-05-05&f_heya_su=1&f_otona_su=1&f_s1=0&f_s2=0&f_y1=0&f_y2=0&f_y3=0&f_y4=0&f_camp_id=5857043,0,2026-05-04,30225,30225,0,2026-05-04,fukuoka
168249,ホテルフラトン福岡博多,https://img.travel.rakuten.co.jp/image/tr/api/re/pvonD/?f_no=168249,https://img.travel.rakuten.co.jp/image/tr/api/re/vFumt/?f_no=168249&f_flg=PLAN,https://img.travel.rakuten.co.jp/image/tr/api/re/WzozX/?noTomariHotel=168249,https://img.travel.rakuten.co.jp/image/tr/api/re/gJNfM/?f_hotel_no=168249,ほてるふらとんふくおかはかた,得旅キャンペーン参加中★楽天アワード2年連続受賞★開業5周年記念！全室シモンズ社製ベッド導入！wi-fi無料！,5390,120906.09,469537.3,812-0013,福岡県,福岡市博多区博多駅東2-10-18,092-475-8585,092-433-6600,博多駅筑紫口【新幹線口】徒歩4分の好立地★全室禁煙★福岡空港約15分★地下鉄空港線で福岡空港、天神中洲、ドームへ直★,周囲にコインパーキングが多数　※ホテル前平置／タイムズ福岡合同庁舎／２０時〜８時：５００円：出入不可,博多,https://img.travel.rakuten.co.jp/share/HOTEL/168249/168249.jpg,https://img.travel.rakuten.co.jp/HIMG/90/168249.jpg,,,https://img.travel.rakuten.co.jp/share/HOTEL/168249/168249map.gif,520.0,3.7,よく泊まりますが、最初の頃は博多の中でも値段が比較的安い割に、サービス、接客と清潔さがあって好きでしたが、最近は清掃も行き届いていなく埃や虫がいます。残念です。　2025-09-08 20:57:00投稿,double,禁煙＜シモンズベッド＞ダブルベッドルーム/12時アウト,4301056.0,【楽天アワード2年連続受賞＆開業６周年記念】ＪＲ博多駅徒歩４分！立地抜群！WIFI無料！12時アウト,1,0,0,0,0,1,https://img.travel.rakuten.co.jp/image/tr/api/re/IdsCY/?f_no=168249&f_syu=double&f_hi1=2026-05-04&f_hi2=2026-05-05&f_heya_su=1&f_otona_su=1&f_s1=0&f_s2=0&f_y1=0&f_y2=0&f_y3=0&f_y4=0&f_camp_id=4301056,0,2026-05-04,27500,27500,0,2026-05-04,fukuoka
183138,ＫＯＫＯ　ＨＯＴＥＬ　Ｐｒｅｍｉｅｒ　博多（旧：テンザホテル・博多ステーション）,https://img.travel.rakuten.co.jp/image/tr/api/re/pvonD/?f_no=183138,https://img.travel.rakuten.co.jp/image/tr/api/re/vFumt/?f_no=183138&f_flg=PLAN,https://img.travel.rakuten.co.jp/image/tr/api/re/WzozX/?noTomariHotel=183138,https://img.travel.rakuten.co.jp/image/tr/api/re/gJNfM/?f_hotel_no=183138,ここ　ほてる　ぷれみあ　はかた,博多駅筑紫口徒歩3分。全室20平米以上の洗練された空間でワンランク上の滞在を,5175,120905.75,469529.98,812-0013,福岡県,福岡市博多区博多駅東2-5-33,092-472-0211,092-472-0212,JR「博多駅」筑紫口より徒歩３分、九州自動車道福岡I・C下車「博多駅東出口」より車で約３分,提携駐車場【里馨(リカ)パーキングセンター】：割引駐車券1泊1500円　※車両制限あり※途中出庫不可,博多,https://img.travel.rakuten.co.jp/share/HOTEL/183138/183138.jpg,https://img.travel.rakuten.co.jp/HIMG/90/183138.jpg,,,https://img.travel.rakuten.co.jp/share/HOTEL/183138/183138map.gif,267.0,4.26,"クチコミの詳細はこちらから　ht…　2026-04-26 18:31:06投稿 <a href=""https://img.travel.rakuten.co.jp/image/tr/api/re/gJNfM/?f_hotel_no=183138"" class=""3click"">つづきはこちら</a>",vqn,【禁煙】ビュークイーン/20平米/160cm幅ベッド×1台,5856722.0,【タイムセール／素泊まり】全部屋２０平米以上で快適なワンランク上のホテルステイ,1,0,0,0,0,1,https://img.travel.rakuten.co.jp/image/tr/api/re/IdsCY/?f_no=183138&f_syu=vqn&f_hi1=2026-05-04&f_hi2=2026-05-05&f_heya_su=1&f_otona_su=1&f_s1=0&f_s2=0&f_y1=0&f_y2=0&f_y3=0&f_y4=0&f_camp_id=5856722,0,2026-05-04,33600,33600,0,2026-05-04,fukuoka
164742,Ｆｕｋｕｏｋａ　Ｇｕｅｓｔｈｏｕｓｅ　ＨＩＶＥ,https://img.travel.rakuten.co.jp/image/tr/api/re/pvonD/?f_no=164742,https://img.travel.rakuten.co.jp/image/tr/api/re/vFumt/?f_no=164742&f_flg=PLAN,,https://img.travel.rakuten.co.jp/image/tr/api/re/gJNfM/?f_hotel_no=164742,ふくおか　げすとはうす　はいぶ,人々が ’ひとやすみ’ してまた次へ羽ばたけるような止まり木のような巣(ハコ),3420,120940.08,469490.58,812-0036,福岡県,福岡市博多区上呉服町4-3,092-292-4232,092-292-4232,地下鉄呉服町駅より徒歩２分 　JR博多駅より西鉄バス５分(徒歩15分）　西鉄天神駅より西鉄バス５分(徒歩20分),近隣に格安コインパーキング（例：夜20〜朝8時200円）ございます。バイクはお店の前に駐車可。,呉服町（福岡）,https://img.travel.rakuten.co.jp/share/HOTEL/164742/164742.jpg,https://img.travel.rakuten.co.jp/HIMG/90/164742.jpg,https://img.travel.rakuten.co.jp/share/HOTEL/164742/164742_kan1.jpg,https://img.travel.rakuten.co.jp/HIMG/INTERIOR/164742.jpg,https://img.travel.rakuten.co.jp/share/HOTEL/164742/164742map.gif,102.0,4.22,,femdomi,女性専用ドミトリー,5134057.0,【直前】直前予約がお得なチャンス！※地下鉄呉服町駅より徒歩２分,1,0,0,0,0,1,https://img.travel.rakuten.co.jp/image/tr/api/re/IdsCY/?f_no=164742&f_syu=femdomi&f_hi1=2026-05-04&f_hi2=2026-05-05&f_heya_su=1&f_otona_su=1&f_s1=0&f_s2=0&f_y1=0&f_y2=0&f_y3=0&f_y4=0&f_camp_id=5134057,0,2026-05-04,12000,12000,0,2026-05-04,fukuoka
178595,ＣＲＯＳＳ　ＳＴＡＧＥ,https://img.travel.rakuten.co.jp/image/tr/api/re/pvonD/?f_no=178595,https://img.travel.rakuten.co.jp/image/tr/api/re/vFumt/?f_no=178595&f_flg=PLAN,,https://img.travel.rakuten.co.jp/image/tr/api/re/gJNfM/?f_hotel_no=178595,くろすすてーじ,博多駅徒歩圏内、バス停目の前☆Free WI-FI★fire TV設置で動画に映画★,6000,120883.66,469527.93,812-0011,福岡県,福岡市博多区博多駅南2-10-26　302，303，305、306号,092-558-2879 ,092-558-2879,博多駅より徒歩にて約１２分,無し。近くにコインパーキング多数有ります。,博多,https://img.travel.rakuten.co.jp/share/HOTEL/178595/178595.jpg,https://img.travel.rakuten.co.jp/HIMG/90/178595.jpg,https://img.travel.rakuten.co.jp/share/HOTEL/178595/178595_kan1.jpg,https://img.travel.rakuten.co.jp/HIMG/INTERIOR/178595.jpg,https://img.travel.rakuten.co.jp/share/HOTEL/178595/178595map.gif,37.0,3.83,"洗濯物を室内干しする場合、カーテンレールのところしかない干せないため…　2026-04-04 01:11:22投稿 <a href=""https://img.travel.rakuten.co.jp/image/tr/api/re/gJNfM/?f_hotel_no=178595"" class=""3click"">つづきはこちら</a>",305,☆ 博多駅徒歩圏内、バス停目の前　ふかふかＷベッド 305☆,,,1,0,0,0,0,2,https://img.travel.rakuten.co.jp/image/tr/api/re/IdsCY/?f_no=178595&f_syu=305&f_hi1=2026-05-04&f_hi2=2026-05-05&f_heya_su=1&f_otona_su=1&f_s1=0&f_s2=0&f_y1=0&f_y2=0&f_y3=0&f_y4=0,1,2026-05-04,9000,9000,0,2026-05-04,fukuoka
172657,ＪＡＭ　ＨＯＳＴＥＬ博多駅前（ＪＡＭ　ＨＯＳＴＥＬ　Ｈａｋａｔａ　Ｓｔａｔｉｏｎ　Ｆｒｏｎｔ）,https://img.travel.rakuten.co.jp/image/tr/api/re/pvonD/?f_no=172657,https://img.travel.rakuten.co.jp/image/tr/api/re/vFumt/?f_no=172657&f_flg=PLAN,,https://img.travel.rakuten.co.jp/image/tr/api/re/gJNfM/?f_hotel_no=172657,じゃむほすてるはかたえきまえ（じゃむほすてるはかたすてーしょんふろんと）,博多駅より徒歩6分。博多駅から1番近いゲストハウスです(*^-^*) 珍しいモーニングチェックインOK♪,3150,120896.08,469519.11,812-0011,福岡県,福岡市博多区博多駅前4-17-22,070-7528-6474,000-000-0000,ＪＲ　博多駅より徒歩にて約６分,近くのコインパーキングをご紹介します。,博多,https://img.travel.rakuten.co.jp/share/HOTEL/172657/172657.jpg,https://img.travel.rakuten.co.jp/HIMG/90/172657.jpg,https://img.travel.rakuten.co.jp/share/HOTEL/172657/172657_kan1.jpg,https://img.travel.rakuten.co.jp/HIMG/INTERIOR/172657.jpg,https://img.travel.rakuten.co.jp/share/HOTEL/172657/172657map.gif,56.0,3.2,,201,女性専用ドミトリー　二段ベッド1名分,4435809.0,ドミトリールーム　オンライン決済プラン♪　【禁煙】 通常の予約よりお得です！,1,0,0,0,0,2,https://img.travel.rakuten.co.jp/image/tr/api/re/IdsCY/?f_no=172657&f_syu=201&f_hi1=2026-05-04&f_hi2=2026-05-05&f_heya_su=1&f_otona_su=1&f_s1=0&f_s2=0&f_y1=0&f_y2=0&f_y3=0&f_y4=0&f_camp_id=4435809,0,2026-05-04,11490,11490,0,2026-05-04,fukuoka
2960,ＪＲ九州ホテル　ブラッサム福岡,https://img.travel.rakuten.co.jp/image/tr/api/re/pvonD/?f_no=2960,https://img.travel.rakuten.co.jp/image/tr/api/re/vFumt/?f_no=2960&f_flg=PLAN,https://img.travel.rakuten.co.jp/image/tr/api/re/WzozX/?noTomariHotel=2960,https://img.travel.rakuten.co.jp/image/tr/api/re/gJNfM/?f_hotel_no=2960,じぇいあーるきゅうしゅうほてる　ぶらっさむふくおか,【博多駅筑紫口より徒歩2分】観光やビジネスの拠点に最適・空港へのアクセスも抜群｜エントリーでポイント10倍「得旅」参加中,7480,120910.62,469533.11,812-0013,福岡県,福岡市博多区博多駅東2-2-4,092-413-8787,092-413-9746,ＪＲ利用：ＪＲ博多駅筑紫口から徒歩2分。/飛行機利用：地下鉄空港線博多駅下車、筑紫口側東7番出口徒歩1分,提携の立体駐車場へご案内します。(徒歩1分、1500円/24ｈ、車体制限あり）,博多,https://img.travel.rakuten.co.jp/share/HOTEL/2960/2960.jpg,https://img.travel.rakuten.co.jp/HIMG/90/2960.jpg,https://img.travel.rakuten.co.jp/share/HOTEL/2960/2960_he.jpg,https://img.travel.rakuten.co.jp/HIMG/INTERIOR/2960.jpg,https://img.travel.rakuten.co.jp/share/HOTEL/2960/2960map.gif,1674.0,4.0,"クチコミの詳細はこちらから　https://review.travel.rakuten.c…　2026-04-30 20:35:50投稿 <a href=""https://img.travel.rakuten.co.jp/image/tr/api/re/gJNfM/?f_hotel_no=2960"" class=""3click"">つづきはこちら</a>",20nsy1,【禁煙】スタンダードシングル 1名（ベッド幅120cm）,5815654.0,【スタンダード】博多駅より徒歩2分の好立地！クラシカルな空間で過ごす贅沢なひととき（食事なし）,1,0,0,0,0,1,https://img.travel.rakuten.co.jp/image/tr/api/re/IdsCY/?f_no=2960&f_syu=20nsy1&f_hi1=2026-05-04&f_hi2=2026-05-05&f_heya_su=1&f_otona_su=1&f_s1=0&f_s2=0&f_y1=0&f_y2=0&f_y3=0&f_y4=0&f_camp_id=5815654,0,2026-05-04,23600,23600,0,2026-05-04,fukuoka
176673,ＣＯＣＯ　Ｆｕｋｕｏｋａ　Ｃｈｉｙｏ,https://img.travel.rakuten.co.jp/image/tr/api/re/pvonD/?f_no=176673,https://img.travel.rakuten.co.jp/image/tr/api/re/vFumt/?f_no=176673&f_flg=PLAN,,https://img.travel.rakuten.co.jp/image/tr/api/re/gJNfM/?f_hotel_no=176673,ここ　ふくおか　ちよ,全室洗濯機を完備した、長期滞在者向けのサービスアパートメントです。,13000,120946.78,469508.51,812-0044,福岡県,福岡市博多区千代2-4-27　プレアール千代,080-3428-7912,,千代県庁口駅より徒歩にて約５分,無し,千代県庁口,https://img.travel.rakuten.co.jp/share/HOTEL/176673/176673.jpg,https://img.travel.rakuten.co.jp/HIMG/90/176673.jpg,,,https://img.travel.rakuten.co.jp/share/HOTEL/176673/176673map.gif,6.0,3.0,,1001,Twin Room -01,,,1,0,0,0,0,2,https://img.travel.rakuten.co.jp/image/tr/api/re/IdsCY/?f_no=176673&f_syu=1001&f_hi1=2026-05-04&f_hi2=2026-05-05&f_heya_su=1&f_otona_su=1&f_s1=0&f_s2=0&f_y1=0&f_y2=0&f_y3=0&f_y4=0,1,2026-05-04,38000,38000,1,2026-05-04,fukuoka
180451,Ｈｏｔｅｌ　Ｄｒｅａｍ　Ｉｎｎ　Ｈａｋａｔａ,https://img.travel.rakuten.co.jp/image/tr/api/re/pvonD/?f_no=180451,https://img.travel.rakuten.co.jp/image/tr/api/re/vFumt/?f_no=180451&f_flg=PLAN,https://img.travel.rakuten.co.jp/image/tr/api/re/WzozX/?noTomariHotel=180451,https://img.travel.rakuten.co.jp/image/tr/api/re/gJNfM/?f_hotel_no=180451,ほてる　どりーむ　いん　はかた,博多駅から徒歩約10分。　全室キッチンと乾燥機付き洗濯機完備でご家族での旅行やビジネス利用も快適♪,3150,120887.59,469527.88,812-0016,福岡県,福岡市博多区博多駅南2-11-25,092-471-6787,092-451-5511,博多駅より徒歩にて約10分,無し,博多,https://img.travel.rakuten.co.jp/share/HOTEL/180451/180451.jpg,https://img.travel.rakuten.co.jp/HIMG/90/180451.jpg,,,https://img.travel.rakuten.co.jp/share/HOTEL/180451/180451map.gif,51.0,4.22,,ns_quad3,【本館】２ダブルルーム（定員５名）,5258589.0,【2日前まで無料キャンセル！ 現地決済もOK！】基本素泊まりプラン☆彡,1,0,0,0,0,1,https://img.travel.rakuten.co.jp/image/tr/api/re/IdsCY/?f_no=180451&f_syu=ns_quad3&f_hi1=2026-05-04&f_hi2=2026-05-05&f_heya_su=1&f_otona_su=1&f_s1=0&f_s2=0&f_y1=0&f_y2=0&f_y3=0&f_y4=0&f_camp_id=5258589,0,2026-05-04,41400,41400,0,2026-05-04,fukuoka
195594,ＬｕｘｕｒｙＳｗｅｅｔ博多駅南６２／民泊,https://img.travel.rakuten.co.jp/image/tr/api/re/pvonD/?f_no=195594,https://img.travel.rakuten.co.jp/image/tr/api/re/vFumt/?f_no=195594&f_flg=PLAN,,https://img.travel.rakuten.co.jp/image/tr/api/re/gJNfM/?f_hotel_no=195594,, ,8845,120868.39,469549.42,812-0011,福岡県,福岡市博多区博多駅南5-6-34　modern palazzo 博多南 Vogue602,070-4732-0719,00-0000-0000,竹下駅から徒歩で4分,あり,竹下,https://img.travel.rakuten.co.jp/share/HOTEL/195594/195594.jpg,https://img.travel.rakuten.co.jp/HIMG/90/195594.jpg,,,https://img.travel.rakuten.co.jp/share/HOTEL/195594/195594map.gif,1.0,,,r21004_4,LuxurySweet博多駅南62,6371919.0,New!LuxurySweet博多駅南62・最大3~4人、博多駅車で5分・新築,1,0,0,0,0,2,https://img.travel.rakuten.co.jp/image/tr/api/re/IdsCY/?f_no=195594&f_syu=r21004_4&f_hi1=2026-05-04&f_hi2=2026-05-05&f_heya_su=1&f_otona_su=1&f_s1=0&f_s2=0&f_y1=0&f_y2=0&f_y3=0&f_y4=0&f_camp_id=6371919,0,2026-05-04,41760,41760,0,2026-05-04,fukuoka
170439,シャインブライト／民泊,https://img.travel.rakuten.co.jp/image/tr/api/re/pvonD/?f_no=170439,https://img.travel.rakuten.co.jp/image/tr/api/re/vFumt/?f_no=170439&f_flg=PLAN,,https://img.travel.rakuten.co.jp/image/tr/api/re/gJNfM/?f_hotel_no=170439,,　,6264,121006.29,469499.83,812-0055,福岡県,福岡市東区東浜1-7-26　シャインブライト,090-9792-6152,000-000-0000,箱崎宮前駅から徒歩で約３分,有り,箱崎宮前,https://img.travel.rakuten.co.jp/share/HOTEL/170439/170439.jpg,https://img.travel.rakuten.co.jp/HIMG/90/170439.jpg,,,https://img.travel.rakuten.co.jp/share/HOTEL/170439/170439map.gif,,,,r19289_8,Shine Bright 101,5179603.0,【禁煙】ファミリールーム (101),1,0,0,0,0,2,https://img.travel.rakuten.co.jp/image/tr/api/re/IdsCY/?f_no=170439&f_syu=r19289_8&f_hi1=2026-05-04&f_hi2=2026-05-05&f_heya_su=1&f_otona_su=1&f_s1=0&f_s2=0&f_y1=0&f_y2=0&f_y3=0&f_y4=0&f_camp_id=5179603,0,2026-05-04,43152,43152,0,2026-05-04,fukuoka
182323,Ｈｏｔｅｌ　Ｉｏｒｉ（ホテル庵）,https://img.travel.rakuten.co.jp/image/tr/api/re/pvonD/?f_no=182323,https://img.travel.rakuten.co.jp/image/tr/api/re/vFumt/?f_no=182323&f_flg=PLAN,https://img.travel.rakuten.co.jp/image/tr/api/re/WzozX/?noTomariHotel=182323,https://img.travel.rakuten.co.jp/image/tr/api/re/gJNfM/?f_hotel_no=182323,ほてる　いおり,ビジネス・観光の長期滞在向けなお部屋など、全７タイプのお部屋をご用意。,2850,120890.75,469537.38,812-0016,福岡県,福岡市博多区博多駅南2-4-13,0924025515, ,博多駅(筑紫口)より徒歩10分/最寄りバス停「瑞穂」まで徒歩5分,無し,福岡空港,https://img.travel.rakuten.co.jp/share/HOTEL/182323/182323.jpg,https://img.travel.rakuten.co.jp/HIMG/90/182323.jpg,,,https://img.travel.rakuten.co.jp/share/HOTEL/182323/182323map.gif,16.0,5.0,,ctypens,デラックスCtype,6432643.0,★【スタンダード】「何人泊まっても同じ値段♪」,1,0,0,0,0,2,https://img.travel.rakuten.co.jp/image/tr/api/re/IdsCY/?f_no=182323&f_syu=ctypens&f_hi1=2026-05-04&f_hi2=2026-05-05&f_heya_su=1&f_otona_su=1&f_s1=0&f_s2=0&f_y1=0&f_y2=0&f_y3=0&f_y4=0&f_camp_id=6432643,0,2026-05-04,48750,48750,0,2026-05-04,fukuoka
179454,ＡＭＩＳＴＡＤ　ＨＯＴＥＬ　ＦＵＫＵＯＫＡ（アミスタホテル福岡）,https://img.travel.rakuten.co.jp/image/tr/api/re/pvonD/?f_no=179454,https://img.travel.rakuten.co.jp/image/tr/api/re/vFumt/?f_no=179454&f_flg=PLAN,https://img.travel.rakuten.co.jp/image/tr/api/re/WzozX/?noTomariHotel=179454,https://img.travel.rakuten.co.jp/image/tr/api/re/gJNfM/?f_hotel_no=179454,あみすたほてるふくおか,博多駅徒歩6分★キャナルシティ徒歩7分★ららぽーと福岡まで車で約13分★全室31㎡以上・キッチン付・ロングダブルベッド,5606,120904.44,469501.81,812-0011,福岡県,福岡市博多区博多駅前3-13-12,092-483-2878,092-717-2715,ＪＲ博多駅・博多口より徒歩約6分★福岡空港から地下鉄で博多駅まで約５分★福岡空港よりタクシーで約１４分,提携駐車場★徒歩2分★入庫から24時間1800円駐車券フロント販売※1度の入庫につき1枚必要★,博多,https://img.travel.rakuten.co.jp/share/HOTEL/179454/179454.jpg,https://img.travel.rakuten.co.jp/HIMG/90/179454.jpg,,,https://img.travel.rakuten.co.jp/share/HOTEL/179454/179454map.gif,63.0,4.0,,cd,ファミリーフォース62平米/２ベッドルーム/ダブルベッド４台,5405724.0,【直前予約】チェックイン3日以内のご予約★,1,0,0,0,0,1,https://img.travel.rakuten.co.jp/image/tr/api/re/IdsCY/?f_no=179454&f_syu=cd&f_hi1=2026-05-04&f_hi2=2026-05-05&f_heya_su=1&f_otona_su=1&f_s1=0&f_s2=0&f_y1=0&f_y2=0&f_y3=0&f_y4=0&f_camp_id=5405724,0,2026-05-04,120000,120000,0,2026-05-04,fukuoka
199917,Ｌｕｘｕｒｙ　Ｓｗｅｅｔ博多駅南４２／民泊,https://img.travel.rakuten.co.jp/image/tr/api/re/pvonD/?f_no=199917,https://img.travel.rakuten.co.jp/image/tr/api/re/vFumt/?f_no=199917&f_flg=PLAN,,https://img.travel.rakuten.co.jp/image/tr/api/re/gJNfM/?f_hotel_no=199917,, ,8845,120868.39,469549.42,812-0016,福岡県,福岡市博多区博多駅南5-6-34 ｍｏｄｅｒｎ　ｐａｌａｚｚｏ博多駅南Ｖｏｇｕｅ４０２,070-4732-0719,00-0000-0000,竹下駅から徒歩で4分,なし,竹下,https://img.travel.rakuten.co.jp/share/HOTEL/199917/199917.jpg,https://img.travel.rakuten.co.jp/HIMG/90/199917.jpg,,,https://img.travel.rakuten.co.jp/share/HOTEL/199917/199917map.gif,,,,r21949_4,LuxurySweet博多駅南42,6441858.0,New!LuxurySweet博多駅南42・最大3~4人、博多駅車で5分・新築,1,0,0,0,0,2,https://img.travel.rakuten.co.jp/image/tr/api/re/IdsCY/?f_no=199917&f_syu=r21949_4&f_hi1=2026-05-04&f_hi2=2026-05-05&f_heya_su=1&f_otona_su=1&f_s1=0&f_s2=0&f_y1=0&f_y2=0&f_y3=0&f_y4=0&f_camp_id=6441858,0,2026-05-04,41760,41760,0,2026-05-04,fukuoka
199881,ＬｕｘｕｒｙＳｗｅｅｔ　Ｅａｓｔ７２　・最大７人、ペット可、箱崎宮前駅徒歩３分・新築／民泊,https://img.travel.rakuten.co.jp/image/tr/api/re/pvonD/?f_no=199881,https://img.travel.rakuten.co.jp/image/tr/api/re/vFumt/?f_no=199881&f_flg=PLAN,,https://img.travel.rakuten.co.jp/image/tr/api/re/gJNfM/?f_hotel_no=199881,, ,9744,121007.84,469527.27,812-0053,福岡県,福岡市東区箱崎1-41-22 ｍｏｄｅｒｎ　ｐａｌａｚｚｏ　箱崎ｇｒａｃｅ７０２,070-4732-0719,00-0000-0000,箱崎宮前駅から徒歩で2分,なし,箱崎宮前,https://img.travel.rakuten.co.jp/share/HOTEL/199881/199881.jpg,https://img.travel.rakuten.co.jp/HIMG/90/199881.jpg,,,https://img.travel.rakuten.co.jp/share/HOTEL/199881/199881map.gif,,,,r21195_7,LuxurySweet East72,6441799.0,LuxurySweet East72 ・最大7人、ペット可、箱崎宮前駅徒歩3分・新築,1,0,0,0,0,2,https://img.travel.rakuten.co.jp/image/tr/api/re/IdsCY/?f_no=199881&f_syu=r21195_7&f_hi1=2026-05-04&f_hi2=2026-05-05&f_heya_su=1&f_otona_su=1&f_s1=0&f_s2=0&f_y1=0&f_y2=0&f_y3=0&f_y4=0&f_camp_id=6441799,0,2026-05-04,56840,56840,0,2026-05-04,fukuoka
12685,新飯塚ステーションホテル,https://img.travel.rakuten.co.jp/image/tr/api/re/pvonD/?f_no=12685,https://img.travel.rakuten.co.jp/image/tr/api/re/vFumt/?f_no=12685&f_flg=PLAN,https://img.travel.rakuten.co.jp/image/tr/api/re/WzozX/?noTomariHotel=12685,https://img.travel.rakuten.co.jp/image/tr/api/re/gJNfM/?f_hotel_no=12685,しんいいずかすてーしょんほてる,【2019年リニューアル】福岡市内より約40分。JR新飯塚駅より徒歩約5分。全室Wi-Fi完備。シモンズベッドが好評！,5500,121096.68,470503.58,820-0018,福岡県,飯塚市芳雄町4-20,0120-26-1377,0948-26-1309,ＪＲ福北ゆたか線『新飯塚駅』より徒歩５分  博多から快速で約４５分　福岡市内にもアクセスが便利！ホテル周辺飲食店多数有,有り　新飯塚パークプラザ（ホテル目の前）有料,新飯塚,https://img.travel.rakuten.co.jp/share/HOTEL/12685/12685.jpg,https://img.travel.rakuten.co.jp/HIMG/90/12685.jpg,https://img.travel.rakuten.co.jp/share/HOTEL/12685/12685_room.jpg,https://img.travel.rakuten.co.jp/HIMG/INTERIOR/12685.jpg,https://img.travel.rakuten.co.jp/share/HOTEL/12685/12685map.gif,1415.0,3.9,"クチコミの詳細はこちらから　https://review.travel.rakuten.co.jp/hotel/voice/12685…　2026-05-01 17:11:06投稿 <a href=""https://img.travel.rakuten.co.jp/image/tr/api/re/gJNfM/?f_hotel_no=12685"" class=""3click"">つづきはこちら</a>",cns26,シングルルーム（禁煙室）,6299164.0,【素泊りプラン】シモンズベッドでゆったり！駅チカホテル,1,0,0,0,0,1,https://img.travel.rakuten.co.jp/image/tr/api/re/IdsCY/?f_no=12685&f_syu=cns26&f_hi1=2026-05-04&f_hi2=2026-05-05&f_heya_su=1&f_otona_su=1&f_s1=0&f_s2=0&f_y1=0&f_y2=0&f_y3=0&f_y4=0&f_camp_id=6299164,0,2026-05-04,8710,8710,0,2026-05-04,chikuzen
80712,ホテルニューガイア飯塚,https://img.travel.rakuten.co.jp/image/tr/api/re/pvonD/?f_no=80712,https://img.travel.rakuten.co.jp/image/tr/api/re/vFumt/?f_no=80712&f_flg=PLAN,https://img.travel.rakuten.co.jp/image/tr/api/re/WzozX/?noTomariHotel=80712,https://img.travel.rakuten.co.jp/image/tr/api/re/gJNfM/?f_hotel_no=80712,ほてるにゅーがいあいいづか,【大浴場完備】宿泊者専用ラウンジでは、ご宿泊の方はドリンク類飲み放題！全客室にエアウィーヴ採用！,4089,121095.21,470481.09,820-0040,福岡県,飯塚市吉原町7-24,0948-26-2500,0948-26-2522,ＪＲ新飯塚駅よりバスで5分　西鉄飯塚バスセンターより徒歩1分　,"屋根付駐車場⇒1泊1,000円（3台）　一般駐車場⇒1泊500円（4台）(何れも先着順･予約不可) ",新飯塚,https://img.travel.rakuten.co.jp/share/HOTEL/80712/80712.jpg,https://img.travel.rakuten.co.jp/HIMG/90/80712.jpg,,,https://img.travel.rakuten.co.jp/share/HOTEL/80712/80712map.gif,564.0,4.05,"クチコミの詳細はこちらから　https://r…　2026-04-27 21:47:46投稿 <a href=""https://img.travel.rakuten.co.jp/image/tr/api/re/gJNfM/?f_hotel_no=80712"" class=""3click"">つづきはこちら</a>",rtw,【電子タバコ可】★リニューアルツイン★17平米〜,3313191.0,【素泊】スタンダードプラン,1,0,0,0,0,1,https://img.travel.rakuten.co.jp/image/tr/api/re/IdsCY/?f_no=80712&f_syu=rtw&f_hi1=2026-05-04&f_hi2=2026-05-05&f_heya_su=1&f_otona_su=1&f_s1=0&f_s2=0&f_y1=0&f_y2=0&f_y3=0&f_y4=0&f_camp_id=3313191,0,2026-05-04,13000,13000,0,2026-05-04,chikuzen
108888,ＨＯＴＥＬ　ＡＺ　福岡宗像店,https://img.travel.rakuten.co.jp/image/tr/api/re/pvonD/?f_no=108888,https://img.travel.rakuten.co.jp/image/tr/api/re/vFumt/?f_no=108888&f_flg=PLAN,https://img.travel.rakuten.co.jp/image/tr/api/re/WzozX/?noTomariHotel=108888,https://img.travel.rakuten.co.jp/image/tr/api/re/gJNfM/?f_hotel_no=108888,ほてるえーぜっと　ふくおかむなかたてん,国道３号線沿い。無料平面駐車場完備でマイカー派に便利！館内にはファミレス「Joyfull」。コンビニ徒歩約5分！,5170,121611.63,469980.48,811-3422,福岡県,宗像市王丸503-1,0940-38-3301,0940-38-3302,◆古賀ＩＣ・若宮ＩＣからお車で１５分◆　◆ＪＲ東郷駅日の里口からお車で５分◆　◆天神バスセンターからバスで６０分◆　　,無料駐車場400台（共用）あり　普通車：予約不要 、中型車・大型車：要予約（有料）,東郷,https://img.travel.rakuten.co.jp/share/HOTEL/108888/108888.jpg,https://img.travel.rakuten.co.jp/HIMG/90/108888.jpg,https://img.travel.rakuten.co.jp/share/HOTEL/108888/108888_sin.jpg,https://img.travel.rakuten.co.jp/HIMG/INTERIOR/108888.jpg,https://img.travel.rakuten.co.jp/share/HOTEL/108888/108888map.gif,1027.0,3.96,"クチコミの詳細はこちらから　https://review.travel.rakuten.co.jp/hotel/voice…　2026-04-27 11:41:41投稿 <a href=""https://img.travel.rakuten.co.jp/image/tr/api/re/gJNfM/?f_hotel_no=108888"" class=""3click"">つづきはこちら</a>",s,【喫煙】シングル,6108555.0,スタンダードプラン（朝食サービス）,1,0,0,1,0,1,https://img.travel.rakuten.co.jp/image/tr/api/re/IdsCY/?f_no=108888&f_syu=s&f_hi1=2026-05-04&f_hi2=2026-05-05&f_heya_su=1&f_otona_su=1&f_s1=0&f_s2=0&f_y1=0&f_y2=0&f_y3=0&f_y4=0&f_camp_id=6108555,0,2026-05-04,6380,6380,0,2026-05-04,chikuzen
56656,ホテルルートイン若宮インター,https://img.travel.rakuten.co.jp/image/tr/api/re/pvonD/?f_no=56656,https://img.travel.rakuten.co.jp/image/tr/api/re/vFumt/?f_no=56656&f_flg=PLAN,https://img.travel.rakuten.co.jp/image/tr/api/re/WzozX/?noTomariHotel=56656,https://img.travel.rakuten.co.jp/image/tr/api/re/gJNfM/?f_hotel_no=56656,ほてるるーといんわかみやいんたー,ＷＯＷＯＷ全室無料！◆大浴場有◆朝食無料◆夕食レストラン（日祝定休日有）◆wi-fi全室完備◆駐車場無料,5500,121470.63,470206.88,822-0152,福岡県,宮若市沼口234-1,0949-52-0023,0949-52-0062,ＪＲ鹿児島本線　赤間駅より車で２０分  *高速利用 　博多駅から37㎞　30分　小倉駅から　38km　35分,有り　123台　無料　先着順,赤間,https://img.travel.rakuten.co.jp/share/HOTEL/56656/56656.jpg,https://img.travel.rakuten.co.jp/HIMG/90/56656.jpg,https://img.travel.rakuten.co.jp/share/HOTEL/56656/56656_ky.jpg,https://img.travel.rakuten.co.jp/HIMG/INTERIOR/56656.jpg,https://img.travel.rakuten.co.jp/share/HOTEL/56656/56656map.gif,744.0,3.82,"クチコミの詳細はこちらから　https://review.travel.rakuten…　2026-04-23 10:21:14投稿 <a href=""https://img.travel.rakuten.co.jp/image/tr/api/re/gJNfM/?f_hotel_no=56656"" class=""3click"">つづきはこちら</a>",nsb,【禁煙】シングルルーム ベット幅140　,1421939.0,【1泊朝食付】スタンダードプラン■男女別大浴場■無料バイキング朝食■広々平面無料駐車場■,1,0,0,1,0,1,https://img.travel.rakuten.co.jp/image/tr/api/re/IdsCY/?f_no=56656&f_syu=nsb&f_hi1=2026-05-04&f_hi2=2026-05-05&f_heya_su=1&f_otona_su=1&f_s1=0&f_s2=0&f_y1=0&f_y2=0&f_y3=0&f_y4=0&f_camp_id=1421939,0,2026-05-04,12750,12750,0,2026-05-04,chikuzen
151387,ＨＯＴＥＬ　ＡＺ　福岡香春店,https://img.travel.rakuten.co.jp/image/tr/api/re/pvonD/?f_no=151387,https://img.travel.rakuten.co.jp/image/tr/api/re/vFumt/?f_no=151387&f_flg=PLAN,https://img.travel.rakuten.co.jp/image/tr/api/re/WzozX/?noTomariHotel=151387,https://img.travel.rakuten.co.jp/image/tr/api/re/gJNfM/?f_hotel_no=151387,ほてる　えーぜっと　ふくおかかわらてん,ＪＲ日田彦山線香春駅より車で約5分。みやこ豊津ICから車で約20分。,4620,121176.09,470997.47,822-1406,福岡県,田川郡香春町大字香春1052-1,0947-32-7771,0947-32-7773,ＪＲ　日田彦山線　香春駅より車にて約5分,無料駐車場91台あり　※車長8ｍ以上の駐車は有料・要予約,香春,https://img.travel.rakuten.co.jp/share/HOTEL/151387/151387.jpg,https://img.travel.rakuten.co.jp/HIMG/90/151387.jpg,,,https://img.travel.rakuten.co.jp/share/HOTEL/151387/151387map.gif,104.0,3.7,"夜のバイクの音…　2025-11-24 09:52:57投稿 <a href=""https://img.travel.rakuten.co.jp/image/tr/api/re/gJNfM/?f_hotel_no=151387"" class=""3click"">つづきはこちら</a>",ss1,【喫煙】シングル,6107502.0,スタンダードプラン（朝食サービス）,1,0,0,1,0,1,https://img.travel.rakuten.co.jp/image/tr/api/re/IdsCY/?f_no=151387&f_syu=ss1&f_hi1=2026-05-04&f_hi2=2026-05-05&f_heya_su=1&f_otona_su=1&f_s1=0&f_s2=0&f_y1=0&f_y2=0&f_y3=0&f_y4=0&f_camp_id=6107502,0,2026-05-04,6380,6380,0,2026-05-04,chikuzen
9217,メルキュール福岡宗像リゾート＆スパ,https://img.travel.rakuten.co.jp/image/tr/api/re/pvonD/?f_no=9217,https://img.travel.rakuten.co.jp/image/tr/api/re/vFumt/?f_no=9217&f_flg=PLAN,https://img.travel.rakuten.co.jp/image/tr/api/re/WzozX/?noTomariHotel=9217,https://img.travel.rakuten.co.jp/image/tr/api/re/gJNfM/?f_hotel_no=9217,めるきゅーるふくおかむなかたりぞーとすぱ,■『苺』をテーマにしたサステナブルフェア開催～5/31迄■ 地元素材を使ったビュッフェと露天風呂付温泉が人気,4250,121888.64,469899.37,811-3514,福岡県,宗像市田野1303　,0940-62-4111,0940-62-4000,福岡空港よりお車で約60分　古賀ICより車で約40分　JR東郷駅より無料送迎バス運行中　席数に限りがございます（要予約）,有り188台,東郷,https://img.travel.rakuten.co.jp/share/HOTEL/9217/9217.jpg,https://img.travel.rakuten.co.jp/HIMG/90/9217.jpg,https://img.travel.rakuten.co.jp/share/HOTEL/9217/9217_kan.jpg,https://img.travel.rakuten.co.jp/HIMG/INTERIOR/9217.jpg,https://img.travel.rakuten.co.jp/share/HOTEL/9217/9217map.gif,2562.0,4.27,"両親もゆっくりできたと満足し…　2026-05-02 22:47:28投稿 <a href=""https://img.travel.rakuten.co.jp/image/tr/api/re/gJNfM/?f_hotel_no=9217"" class=""3click"">つづきはこちら</a>",trcz,クラシックツイン【ラウンジ特典付】,5877302.0,【スタンダード】福岡市内から約60分のはなれ旅 -温泉満喫-／素泊まり・ラウンジアクセス付,1,0,0,0,0,1,https://img.travel.rakuten.co.jp/image/tr/api/re/IdsCY/?f_no=9217&f_syu=trcz&f_hi1=2026-05-04&f_hi2=2026-05-05&f_heya_su=1&f_otona_su=1&f_s1=0&f_s2=0&f_y1=0&f_y2=0&f_y3=0&f_y4=0&f_camp_id=5877302,0,2026-05-04,49000,49000,0,2026-05-04,chikuzen
10761,のがみプレジデントホテル,https://img.travel.rakuten.co.jp/image/tr/api/re/pvonD/?f_no=10761,https://img.travel.rakuten.co.jp/image/tr/api/re/vFumt/?f_no=10761&f_flg=PLAN,https://img.travel.rakuten.co.jp/image/tr/api/re/WzozX/?noTomariHotel=10761,https://img.travel.rakuten.co.jp/image/tr/api/re/gJNfM/?f_hotel_no=10761,のがみ　ぷれじでんとほてる,筑豊地区最大の宴会場を持つシティーホテルです。,6650,121112.07,470494.71,820-0004,福岡県,飯塚市新立岩12-37,0948-22-3840,0948-25-3798,ＪＲ新飯塚駅より徒歩５分。西鉄飯塚バスセンターより徒歩１５分。,ホテル前33台　第二駐車場約150台（徒歩3分）　無料　※先着順となります、ご予約できません,新飯塚,https://img.travel.rakuten.co.jp/share/HOTEL/10761/10761.jpg,https://img.travel.rakuten.co.jp/HIMG/90/10761.jpg,https://img.travel.rakuten.co.jp/share/HOTEL/10761/10761_twn.jpg,https://img.travel.rakuten.co.jp/HIMG/INTERIOR/10761.jpg,https://img.travel.rakuten.co.jp/share/HOTEL/10761/10761map.gif,706.0,4.12,"どなたか責任者の方は、チェックされてるのでしょうか?現状分析されて、改善されるか、サービス相当の値段にするか、やめるかと思いました。…　2026-03-28 22:15:18投稿 <a href=""https://img.travel.rakuten.co.jp/image/tr/api/re/gJNfM/?f_hotel_no=10761"" class=""3click"">つづきはこちら</a>",sskin,スタンダードシングル(禁煙),4746356.0,素泊まり限定プラン,1,0,0,0,0,1,https://img.travel.rakuten.co.jp/image/tr/api/re/IdsCY/?f_no=10761&f_syu=sskin&f_hi1=2026-05-04&f_hi2=2026-05-05&f_heya_su=1&f_otona_su=1&f_s1=0&f_s2=0&f_y1=0&f_y2=0&f_y3=0&f_y4=0&f_camp_id=4746356,0,2026-05-04,10010,10010,0,2026-05-04,chikuzen
189105,ＨＯＴＥＬ　Ｒ９　Ｔｈｅ　Ｙａｒｄ　中間,https://img.travel.rakuten.co.jp/image/tr/api/re/pvonD/?f_no=189105,https://img.travel.rakuten.co.jp/image/tr/api/re/vFumt/?f_no=189105&f_flg=PLAN,https://img.travel.rakuten.co.jp/image/tr/api/re/WzozX/?noTomariHotel=189105,https://img.travel.rakuten.co.jp/image/tr/api/re/gJNfM/?f_hotel_no=189105, あーるないん ざ やーど なかま,【駐車場無料】「トライアル・イオンなかま店」の側！独立客室には個別空調を完備◎パスタなど軽食サービス付,3900,121745.78,470610.16,809-0013,福岡県,中間市上蓮花寺2-2-1,093-482-8711, ,【電車】筑豊電気鉄道線　「通谷駅」「東中間駅」より徒歩約５分、ＪＲ筑豊本線　「中間駅」より車で約７分 【お車】九州自動車,無料 有り 47台※大型車（2トントラック以上）をご利用の際は、事前にお電話でお問い合わせください。,通谷,https://img.travel.rakuten.co.jp/share/HOTEL/189105/189105.jpg,https://img.travel.rakuten.co.jp/HIMG/90/189105.jpg,,,https://img.travel.rakuten.co.jp/share/HOTEL/189105/189105map.gif,82.0,4.11,"急用で親族複数人で泊まれる宿泊先が必要になったがゴールデンウィーク中で空きのあるホテルが少なく、また空きがあっても料金が高い状態で困っていたところに見つけま…　2026-05-02 19:46:10投稿 <a href=""https://img.travel.rakuten.co.jp/image/tr/api/re/gJNfM/?f_hotel_no=189105"" class=""3click"">つづきはこちら</a>",double,【禁煙】ダブルルーム （約13平米/最大2名様）,5881535.0,【スタンダード】ビジネスや観光の拠点に♪軽食＆ホットドリンク付【駐車場至近＆無料】,1,0,0,0,0,1,https://img.travel.rakuten.co.jp/image/tr/api/re/IdsCY/?f_no=189105&f_syu=double&f_hi1=2026-05-04&f_hi2=2026-05-05&f_heya_su=1&f_otona_su=1&f_s1=0&f_s2=0&f_y1=0&f_y2=0&f_y3=0&f_y4=0&f_camp_id=5881535,0,2026-05-04,12000,12000,0,2026-05-04,chikuzen
197807,ＨＯＴＥＬ　Ｒ９　Ｔｈｅ　Ｙａｒｄ　田川香春,https://img.travel.rakuten.co.jp/image/tr/api/re/pvonD/?f_no=197807,https://img.travel.rakuten.co.jp/image/tr/api/re/vFumt/?f_no=197807&f_flg=PLAN,https://img.travel.rakuten.co.jp/image/tr/api/re/WzozX/?noTomariHotel=197807,https://img.travel.rakuten.co.jp/image/tr/api/re/gJNfM/?f_hotel_no=197807,ほてる あーるないん ざ やーど たがわかわら,行橋ICより車で20分！香春町への出張や観光の拠点に！カレーなど軽食サービス付,3900,121233.52,471041.41,822-1406,福岡県,田川郡香春町香春1085-1,0947-32-7507,0947-32-7508,【電車】一本松駅より徒歩18分。田川井田駅よりタクシーで10分。【お車】行橋ICより車で20分。,無料 有り 44台※大型車（2トントラック以上）をご利用の際は、事前にお電話でお問い合わせください。,一本松（福岡）,https://img.travel.rakuten.co.jp/share/HOTEL/197807/197807.jpg,https://img.travel.rakuten.co.jp/HIMG/90/197807.jpg,,,https://img.travel.rakuten.co.jp/share/HOTEL/197807/197807map.gif,58.0,4.02,"クチコミの詳細はこちらから　https://review.travel.rakuten.co.jp/hotel/voice/197807…　2026-04-30 16:52:50投稿 <a href=""https://img.travel.rakuten.co.jp/image/tr/api/re/gJNfM/?f_hotel_no=197807"" class=""3click"">つづきはこちら</a>",double,【禁煙】ダブルルーム （約13平米/最大2名様）,6351364.0,【スタンダード】ビジネスや観光の拠点に♪軽食＆ホットドリンク付【駐車場至近＆無料】,1,0,0,0,0,1,https://img.travel.rakuten.co.jp/image/tr/api/re/IdsCY/?f_no=197807&f_syu=double&f_hi1=2026-05-04&f_hi2=2026-05-05&f_heya_su=1&f_otona_su=1&f_s1=0&f_s2=0&f_y1=0&f_y2=0&f_y3=0&f_y4=0&f_camp_id=6351364,0,2026-05-04,9200,9200,0,2026-05-04,chikuzen
144938,ＨＯＴＥＬ　ＡＺ　福岡飯塚店,https://img.travel.rakuten.co.jp/image/tr/api/re/pvonD/?f_no=144938,https://img.travel.rakuten.co.jp/image/tr/api/re/vFumt/?f_no=144938&f_flg=PLAN,https://img.travel.rakuten.co.jp/image/tr/api/re/WzozX/?noTomariHotel=144938,https://img.travel.rakuten.co.jp/image/tr/api/re/gJNfM/?f_hotel_no=144938,ほてる　えーぜっと　ふくおかいいづかてん,八木山バイパス「穂波東IC」より車で約5分　朝食無料、駐車場94台無料、Wi-Fi無料。安心のAZホテルチェーン。,4620,120952.29,470433.47,820-0076,福岡県,飯塚市太郎丸53-2,0948-28-3301,0948-28-3357,天道駅より徒歩約１５分 （車で約4分）、桂川駅より車で約５分,無料駐車場94台あり　普通車：予約不要 、中型車・大型車：有料,天道,https://img.travel.rakuten.co.jp/share/HOTEL/144938/144938.jpg,https://img.travel.rakuten.co.jp/HIMG/90/144938.jpg,https://img.travel.rakuten.co.jp/share/HOTEL/144938/144938_kya.jpg,https://img.travel.rakuten.co.jp/HIMG/INTERIOR/144938.jpg,https://img.travel.rakuten.co.jp/share/HOTEL/144938/144938map.gif,221.0,4.16,"クチコミの詳細はこちらから　https://review.travel.rakuten.co.jp/hotel/…　2026-04-26 07:45:08投稿 <a href=""https://img.travel.rakuten.co.jp/image/tr/api/re/gJNfM/?f_hotel_no=144938"" class=""3click"">つづきはこちら</a>",sn,【禁煙】シングル,6104310.0,スタンダードプラン（朝食サービス）,1,0,0,1,0,1,https://img.travel.rakuten.co.jp/image/tr/api/re/IdsCY/?f_no=144938&f_syu=sn&f_hi1=2026-05-04&f_hi2=2026-05-05&f_heya_su=1&f_otona_su=1&f_s1=0&f_s2=0&f_y1=0&f_y2=0&f_y3=0&f_y4=0&f_camp_id=6104310,0,2026-05-04,6380,6380,0,2026-05-04,chikuzen
187339,ＨＯＴＥＬ　Ｒ９　Ｔｈｅ　Ｙａｒｄ　飯塚,https://img.travel.rakuten.co.jp/image/tr/api/re/pvonD/?f_no=187339,https://img.travel.rakuten.co.jp/image/tr/api/re/vFumt/?f_no=187339&f_flg=PLAN,https://img.travel.rakuten.co.jp/image/tr/api/re/WzozX/?noTomariHotel=187339,https://img.travel.rakuten.co.jp/image/tr/api/re/gJNfM/?f_hotel_no=187339,ほてる あーるないん ざ やーど いいづか,飯塚市内工業団地への出張やスポーツ大会にも◎コンビニとなり！無料駐車場完備！独立客室で快適な滞在を♪,3900,121195.1,470588.98,820-1113,福岡県,飯塚市佐與1658-14,0948-43-2815,0948-43-2817,JR筑豊本線 / 福北ゆたか線 鯰田駅よりタクシーで5分,無料 有り 38台※大型車（2トントラック以上）をご利用の際は、事前にお電話でお問い合わせください。,鯰田,https://img.travel.rakuten.co.jp/share/HOTEL/187339/187339.jpg,https://img.travel.rakuten.co.jp/HIMG/90/187339.jpg,,,https://img.travel.rakuten.co.jp/share/HOTEL/187339/187339map.gif,79.0,4.26,"クチコミの詳細はこちらから　https://review.trav…　2026-03-19 17:13:38投稿 <a href=""https://img.travel.rakuten.co.jp/image/tr/api/re/gJNfM/?f_hotel_no=187339"" class=""3click"">つづきはこちら</a>",double,【禁煙】ダブルルーム （約12平米/最大2名様）,5682229.0,【スタンダード】ビジネスや観光の拠点に♪軽食＆ホットドリンク付【駐車場至近＆無料】,1,0,0,0,0,1,https://img.travel.rakuten.co.jp/image/tr/api/re/IdsCY/?f_no=187339&f_syu=double&f_hi1=2026-05-04&f_hi2=2026-05-05&f_heya_su=1&f_otona_su=1&f_s1=0&f_s2=0&f_y1=0&f_y2=0&f_y3=0&f_y4=0&f_camp_id=5682229,0,2026-05-04,12000,12000,0,2026-05-04,chikuzen
196360,ＨＯＴＥＬ　Ｔｓｍａｒｔ,https://img.travel.rakuten.co.jp/image/tr/api/re/pvonD/?f_no=196360,https://img.travel.rakuten.co.jp/image/tr/api/re/vFumt/?f_no=196360&f_flg=PLAN,,https://img.travel.rakuten.co.jp/image/tr/api/re/gJNfM/?f_hotel_no=196360,ほてる　てぃーすまーと,【2025年4月7日OPEN】大浴場が温泉のトライアルが運営するビジネスホテルです！,3980,121281.51,470134.83,822-0121,福岡県,宮若市湯原1401-4,0949-28-7678,0949-28-7679,福北ゆたか線　笹栗駅よりお車で約30分,有り　50台　無料　先着順,筑前山手,https://img.travel.rakuten.co.jp/share/HOTEL/196360/196360.jpg,https://img.travel.rakuten.co.jp/HIMG/90/196360.jpg,,,https://img.travel.rakuten.co.jp/share/HOTEL/196360/196360map.gif,36.0,3.94,"トライアル社員?合宿中とのことで、背広を着たおじさん数十人と、同じ不味いカツカレーを騒がしい食…　2026-04-16 21:20:00投稿 <a href=""https://img.travel.rakuten.co.jp/image/tr/api/re/gJNfM/?f_hotel_no=196360"" class=""3click"">つづきはこちら</a>",std,スタンダード ダブル（セミダブルベッド）,6249072.0,HOTEL Tsmart＜素泊まりプラン＞,1,0,0,0,0,2,https://img.travel.rakuten.co.jp/image/tr/api/re/IdsCY/?f_no=196360&f_syu=std&f_hi1=2026-05-04&f_hi2=2026-05-05&f_heya_su=1&f_otona_su=1&f_s1=0&f_s2=0&f_y1=0&f_y2=0&f_y3=0&f_y4=0&f_camp_id=6249072,0,2026-05-04,12480,12480,0,2026-05-04,chikuzen
67409,ビジネスホテル　ロイヤルイン扇,https://img.travel.rakuten.co.jp/image/tr/api/re/pvonD/?f_no=67409,https://img.travel.rakuten.co.jp/image/tr/api/re/vFumt/?f_no=67409&f_flg=PLAN,https://img.travel.rakuten.co.jp/image/tr/api/re/WzozX/?noTomariHotel=67409,https://img.travel.rakuten.co.jp/image/tr/api/re/gJNfM/?f_hotel_no=67409,ろいやるいんおおぎ,ゆったりスペースの２５部屋、心休まるくつろぎの空間をご用意してお迎え致します。,5280,121107.87,470943.85,825-0018,福岡県,田川市番田町7-3,0947-46-0737,0947-45-2515,ＪＲ　田川伊田駅から徒歩５分,有り　１４台　無料　要予約,田川伊田,https://img.travel.rakuten.co.jp/share/HOTEL/67409/67409.jpg,https://img.travel.rakuten.co.jp/HIMG/90/67409.jpg,https://img.travel.rakuten.co.jp/share/HOTEL/67409/67409_si.jpg,https://img.travel.rakuten.co.jp/HIMG/INTERIOR/67409.jpg,https://img.travel.rakuten.co.jp/share/HOTEL/67409/67409map.gif,121.0,3.8,,royalinn09,心休まるくつろぎのシングルルームをご用意。,,,1,0,0,0,0,1,https://img.travel.rakuten.co.jp/image/tr/api/re/IdsCY/?f_no=67409&f_syu=royalinn09&f_hi1=2026-05-04&f_hi2=2026-05-05&f_heya_su=1&f_otona_su=1&f_s1=0&f_s2=0&f_y1=0&f_y2=0&f_y3=0&f_y4=0,1,2026-05-04,5280,5280,0,2026-05-04,chikuzen
185147,ボウケンノモリささぐり　＾,https://img.travel.rakuten.co.jp/image/tr/api/re/pvonD/?f_no=185147,https://img.travel.rakuten.co.jp/image/tr/api/re/vFumt/?f_no=185147&f_flg=PLAN,,https://img.travel.rakuten.co.jp/image/tr/api/re/gJNfM/?f_hotel_no=185147,,【令和４年７月２８日より「Ｃａｔｅの森」から「ボウケンノモリささぐり」に屋号を変更しました】,4176,120975.12,469987.6,811-2405,福岡県,糟屋郡篠栗町篠栗2683-30,092-692-4123,000-000-0000,ＪＲ篠栗駅から車で１５分 徒歩６０分またはＪＲ筑前山手駅駅から車で１２分 徒歩４５分,有り,筑前山手,https://img.travel.rakuten.co.jp/share/HOTEL/185147/185147.jpg,https://img.travel.rakuten.co.jp/HIMG/90/185147.jpg,,,https://img.travel.rakuten.co.jp/share/HOTEL/185147/185147map.gif,5.0,3.0,,320958_1,スタンダードルーム,5560703.0,【シングル】,1,0,0,0,0,2,https://img.travel.rakuten.co.jp/image/tr/api/re/IdsCY/?f_no=185147&f_syu=320958_1&f_hi1=2026-05-04&f_hi2=2026-05-05&f_heya_su=1&f_otona_su=1&f_s1=0&f_s2=0&f_y1=0&f_y2=0&f_y3=0&f_y4=0&f_camp_id=5560703,0,2026-05-04,5847,5847,0,2026-05-04,chikuzen
