basic_hotelNo,basic_hotelName,basic_hotelInformationUrl,basic_planListUrl,basic_dpPlanListUrl,basic_reviewUrl,basic_hotelKanaName,basic_hotelSpecial,basic_hotelMinCharge,basic_latitude,basic_longitude,basic_postalCode,basic_address1,basic_address2,basic_telephoneNo,basic_faxNo,basic_access,basic_parkingInformation,basic_nearestStation,basic_hotelImageUrl,basic_hotelThumbnailUrl,basic_roomImageUrl,basic_roomThumbnailUrl,basic_hotelMapImageUrl,basic_reviewCount,basic_reviewAverage,basic_userReview,room_roomClass,room_roomName,room_planId,room_planName,room_pointRate,room_withDinnerFlag,room_dinnerSelectFlag,room_withBreakfastFlag,room_breakfastSelectFlag,room_payment,room_reserveUrl,room_salesformFlag,charge_stayDate,charge_rakutenCharge,charge_total,charge_chargeFlag,date,area
147709,博多グリーンホテル１号館,https://img.travel.rakuten.co.jp/image/tr/api/re/pvonD/?f_no=147709,https://img.travel.rakuten.co.jp/image/tr/api/re/vFumt/?f_no=147709&f_flg=PLAN,https://img.travel.rakuten.co.jp/image/tr/api/re/WzozX/?noTomariHotel=147709,https://img.travel.rakuten.co.jp/image/tr/api/re/gJNfM/?f_hotel_no=147709,はかたぐりーんほてるいちごうかん,博多駅徒歩1分でアクセス抜群！１３時イン・１２時アウトのゆったり滞在。◇個別空調◇シモンズベッド◇加湿空気清浄機完備,8250.0,120918.91,469527.72,812-0012,福岡県,福岡市博多区博多駅中央街4-4,092-451-4110,092-451-4115,【最短アクセス】福岡空港～地下鉄５分。JR博多駅筑紫口（新幹線口）～徒歩１分！,"1泊／2,500円　先着・予約不可(満車・サイズによる入庫不可は有料駐車場へ案内　※途中入出庫不可)",博多,https://img.travel.rakuten.co.jp/share/HOTEL/147709/147709.jpg,https://img.travel.rakuten.co.jp/HIMG/90/147709.jpg,,,https://img.travel.rakuten.co.jp/share/HOTEL/147709/147709map.gif,2123.0,4.3,"一番驚いたのが　冷蔵庫が２ドアになってた事です。これ…　2026-07-16 21:30:21投稿 <a href=""https://img.travel.rakuten.co.jp/image/tr/api/re/gJNfM/?f_hotel_no=147709"" class=""3click"">つづきはこちら</a>",st_1_basic,喫煙スーペリアツイン,6299548.0,【煙草と珈琲で整える、大人の休息ステイ。】素泊まり喫煙ペアプラン,1,0,0,0,0,1,https://img.travel.rakuten.co.jp/image/tr/api/re/IdsCY/?f_no=147709&f_syu=st_1_basic&f_hi1=2026-07-18&f_hi2=2026-07-19&f_heya_su=1&f_otona_su=1&f_s1=0&f_s2=0&f_y1=0&f_y2=0&f_y3=0&f_y4=0&f_camp_id=6299548,0,2026-07-18,52600,52600,0,2026-07-18,fukuoka
108259,ホテルアクティブ！博多,https://img.travel.rakuten.co.jp/image/tr/api/re/pvonD/?f_no=108259,https://img.travel.rakuten.co.jp/image/tr/api/re/vFumt/?f_no=108259&f_flg=PLAN,https://img.travel.rakuten.co.jp/image/tr/api/re/WzozX/?noTomariHotel=108259,https://img.travel.rakuten.co.jp/image/tr/api/re/gJNfM/?f_hotel_no=108259,あくてぃぶ！はかた,和洋ビュッフェ朝食無料サービス＆人工温泉大浴場付◆博多駅博多口より徒歩約4分◆楽天GOLDアワード2025受賞,5000.0,120908.36,469505.34,812-0011,福岡県,福岡市博多区博多駅前3-20-16,092-452-0001,092-452-0011,ＪＲ博多駅・博多口より徒歩約４分◆空港からは地下鉄で博多駅まで約５分・西２０番出口から徒歩約２分,普通車１台１泊税込１１００円／徒歩１分圏に複数の契約駐車場（総枠数１６５台）全枠平置きでハイルーフ可,博多,https://img.travel.rakuten.co.jp/share/HOTEL/108259/108259.jpg,https://img.travel.rakuten.co.jp/HIMG/90/108259.jpg,,,https://img.travel.rakuten.co.jp/share/HOTEL/108259/108259map.gif,11493.0,4.32,"先月に続き2度目の宿泊でした。駅から近く便利。明太子を美味しく頂ける、お茶漬けの作り方の説明があり、作ってみましたが、とても美味しかったです。博多の忘れられない思い出です。大浴場は快適で、旅の疲れが取…　2026-07-16 23:20:47投稿 <a href=""https://img.travel.rakuten.co.jp/image/tr/api/re/gJNfM/?f_hotel_no=108259"" class=""3click"">つづきはこちら</a>",b-ns,◇禁煙◇ベーシックルーム／加湿空気清浄機付＆個別空調,6417217.0,【ゴールドアワード2025】受賞記念プラン！和洋ビュッフェ朝食無料／人工温泉大浴場,1,0,0,1,0,1,https://img.travel.rakuten.co.jp/image/tr/api/re/IdsCY/?f_no=108259&f_syu=b-ns&f_hi1=2026-07-18&f_hi2=2026-07-19&f_heya_su=1&f_otona_su=1&f_s1=0&f_s2=0&f_y1=0&f_y2=0&f_y3=0&f_y4=0&f_camp_id=6417217,0,2026-07-18,24000,24000,0,2026-07-18,fukuoka
80574,博多グリーンホテルアネックス,https://img.travel.rakuten.co.jp/image/tr/api/re/pvonD/?f_no=80574,https://img.travel.rakuten.co.jp/image/tr/api/re/vFumt/?f_no=80574&f_flg=PLAN,https://img.travel.rakuten.co.jp/image/tr/api/re/WzozX/?noTomariHotel=80574,https://img.travel.rakuten.co.jp/image/tr/api/re/gJNfM/?f_hotel_no=80574,はかたぐりーんほてるあねっくす,博多駅徒歩1分でアクセス抜群！１３時イン・１２時アウトのゆったり滞在。◇個別空調◇シモンズベッド◇直営コンビニ１Ｆ有,7750.0,120916.94,469527.77,812-0012,福岡県,福岡市博多区博多駅中央街4-32,092-451-4112,092-451-4177,【最短アクセス】福岡空港～地下鉄５分。JR博多駅筑紫口（新幹線口）～徒歩１分！,"1泊／2,500円　先着・予約不可(満車・サイズによる入庫不可は有料駐車場へ案内　※途中入出庫不可)",博多,https://img.travel.rakuten.co.jp/share/HOTEL/80574/80574.jpg,https://img.travel.rakuten.co.jp/HIMG/90/80574.jpg,https://img.travel.rakuten.co.jp/share/HOTEL/80574/80574_room.jpg,https://img.travel.rakuten.co.jp/HIMG/INTERIOR/80574.jpg,https://img.travel.rakuten.co.jp/share/HOTEL/80574/80574map.gif,2575.0,4.28,"博多に行くときは常宿にさせてもらってます。　2026-07-14 18:08:19投稿 <a href=""https://img.travel.rakuten.co.jp/image/tr/api/re/gJNfM/?f_hotel_no=80574"" class=""3click"">つづきはこちら</a>",sk,禁煙シングルルーム,3336116.0,【素泊まり】13時イン12時アウト シングルプラン,1,0,0,0,0,1,https://img.travel.rakuten.co.jp/image/tr/api/re/IdsCY/?f_no=80574&f_syu=sk&f_hi1=2026-07-18&f_hi2=2026-07-19&f_heya_su=1&f_otona_su=1&f_s1=0&f_s2=0&f_y1=0&f_y2=0&f_y3=0&f_y4=0&f_camp_id=3336116,0,2026-07-18,31400,31400,0,2026-07-18,fukuoka
79344,ダイワロイネットホテル博多祇園,https://img.travel.rakuten.co.jp/image/tr/api/re/pvonD/?f_no=79344,https://img.travel.rakuten.co.jp/image/tr/api/re/vFumt/?f_no=79344&f_flg=PLAN,https://img.travel.rakuten.co.jp/image/tr/api/re/WzozX/?noTomariHotel=79344,https://img.travel.rakuten.co.jp/image/tr/api/re/gJNfM/?f_hotel_no=79344,だいわろいねっとほてるはかたぎおん,地下鉄「祇園駅」より徒歩約1分の駅ちかホテル。天神・中洲屋台・キャナルシティへは徒歩圏内。ビジネス・遊びに便利。,4750.0,120924.68,469497.51,812-0038,福岡県,福岡市博多区祗園町1-24,092-281-3600,092-281-3601,地下鉄空港線「祇園駅」3番出口より徒歩約1分。JR「博多駅」より徒歩約8分、又は地下鉄利用で「祇園駅」下車、徒歩約1分。,"立体駐車場。収容20台。1泊（13時〜翌13時）1,800円税込。営業7時〜22時。車高1.55m迄",祇園（福岡）,https://img.travel.rakuten.co.jp/share/HOTEL/79344/79344.jpg,https://img.travel.rakuten.co.jp/HIMG/90/79344.jpg,https://img.travel.rakuten.co.jp/share/HOTEL/79344/79344_room.jpg,https://img.travel.rakuten.co.jp/HIMG/INTERIOR/79344.jpg,https://img.travel.rakuten.co.jp/share/HOTEL/79344/79344map.gif,4148.0,4.15,"大人2人・子ども(幼児)1人、2泊3日で利用させていただきました。駐車場は夜から利用しましたが空いてて停めれました。翌日朝から車を利用することがあり夕方に戻りましたが空いてたので比較的空いてるのかと思…　2026-07-11 18:39:51投稿 <a href=""https://img.travel.rakuten.co.jp/image/tr/api/re/gJNfM/?f_hotel_no=79344"" class=""3click"">つづきはこちら</a>",sn-01,【禁煙】スタンダードダブル 1名利用 18平米,6504685.0,【楽天トラベルサマーSALE】【素泊まり】シンプルステイプラン●博多駅・中州へ好立地 祗園駅約1分●,1,0,0,0,0,1,https://img.travel.rakuten.co.jp/image/tr/api/re/IdsCY/?f_no=79344&f_syu=sn-01&f_hi1=2026-07-18&f_hi2=2026-07-19&f_heya_su=1&f_otona_su=1&f_s1=0&f_s2=0&f_y1=0&f_y2=0&f_y3=0&f_y4=0&f_camp_id=6504685,0,2026-07-18,30875,30875,0,2026-07-18,fukuoka
167058,静鉄ホテルプレジオ博多駅前,https://img.travel.rakuten.co.jp/image/tr/api/re/pvonD/?f_no=167058,https://img.travel.rakuten.co.jp/image/tr/api/re/vFumt/?f_no=167058&f_flg=PLAN,https://img.travel.rakuten.co.jp/image/tr/api/re/WzozX/?noTomariHotel=167058,https://img.travel.rakuten.co.jp/image/tr/api/re/gJNfM/?f_hotel_no=167058,しずてつほてるぷれじおはかたえきまえ,デラックスルーム新登場◆シングルルーム全室バス・トイレ別◆JR博多駅より徒歩約６分★免震構造★ロビーの無料コーヒーが好評,4356.0,120895.43,469520.0,812-0011,福岡県,福岡市博多区博多駅前4-17-6,092-451-2800,092-409-7200,JR博多駅、博多口より徒歩約６分,有り１泊1700円  敷地内駐車場7台（先着順）,博多,https://img.travel.rakuten.co.jp/share/HOTEL/167058/167058.jpg,https://img.travel.rakuten.co.jp/HIMG/90/167058.jpg,https://img.travel.rakuten.co.jp/share/HOTEL/167058/167058_kan1.jpg,https://img.travel.rakuten.co.jp/HIMG/INTERIOR/167058.jpg,https://img.travel.rakuten.co.jp/share/HOTEL/167058/167058map.gif,2010.0,4.33,,sn1,シングル／禁煙／洗い場付のバスルーム／ベッド幅140ｃｍ,6491129.0,【楽天トラベルサマーSALE】【素泊り】スタンダードプラン♪ 観光やビジネスの拠点に！博多駅徒歩6分,1,0,0,0,0,1,https://img.travel.rakuten.co.jp/image/tr/api/re/IdsCY/?f_no=167058&f_syu=sn1&f_hi1=2026-07-18&f_hi2=2026-07-19&f_heya_su=1&f_otona_su=1&f_s1=0&f_s2=0&f_y1=0&f_y2=0&f_y3=0&f_y4=0&f_camp_id=6491129,0,2026-07-18,29700,29700,0,2026-07-18,fukuoka
165706,エスペリアホテル博多,https://img.travel.rakuten.co.jp/image/tr/api/re/pvonD/?f_no=165706,https://img.travel.rakuten.co.jp/image/tr/api/re/vFumt/?f_no=165706&f_flg=PLAN,https://img.travel.rakuten.co.jp/image/tr/api/re/WzozX/?noTomariHotel=165706,https://img.travel.rakuten.co.jp/image/tr/api/re/gJNfM/?f_hotel_no=165706,えすぺりあほてるはかた,お部屋は全室バス・トイレ・洗面が別！観光・ビジネスに便利な駅近ホテル,6281.0,120916.37,469506.7,812-0011,福岡県,福岡市博多区博多駅前2-11-4,092-412-7272,092-412-7271,地下鉄「博多駅」P５番出口より徒歩約分。JR「博多駅」より徒歩約５分、福岡空港から博多へは地下鉄約１０分,"有り　16台　1,600円（税込み／泊）　先着順 予約不可　※提携の駐車場はございません",博多,https://img.travel.rakuten.co.jp/share/HOTEL/165706/165706.jpg,https://img.travel.rakuten.co.jp/HIMG/90/165706.jpg,,,https://img.travel.rakuten.co.jp/share/HOTEL/165706/165706map.gif,1604.0,4.18,,sda,ダブル【ベッド幅140／バスルーム・トイレ別】,6557645.0,【楽天トラベルシルバーアワード受賞記念】シンプルステイ プラン【素泊】,1,0,0,0,0,1,https://img.travel.rakuten.co.jp/image/tr/api/re/IdsCY/?f_no=165706&f_syu=sda&f_hi1=2026-07-18&f_hi2=2026-07-19&f_heya_su=1&f_otona_su=1&f_s1=0&f_s2=0&f_y1=0&f_y2=0&f_y3=0&f_y4=0&f_camp_id=6557645,0,2026-07-18,33297,33297,0,2026-07-18,fukuoka
182019,アパホテル〈博多駅筑紫口〉,https://img.travel.rakuten.co.jp/image/tr/api/re/pvonD/?f_no=182019,https://img.travel.rakuten.co.jp/image/tr/api/re/vFumt/?f_no=182019&f_flg=PLAN,https://img.travel.rakuten.co.jp/image/tr/api/re/WzozX/?noTomariHotel=182019,https://img.travel.rakuten.co.jp/image/tr/api/re/gJNfM/?f_hotel_no=182019,あぱほてる　はかたえきちくしぐち,博多駅から最も近いアパホテル。2棟構成でCENTRAL棟には大浴殿完備。WEST棟では静かに過ごせる,5040.0,120916.87,469533.42,812-0013,福岡県,福岡市博多区博多駅東1-14-1(セントラル棟)／福岡市博多区博多駅東1-11-11(ウエスト棟),0570-056-311,092-477-6312,地下鉄空港線「博多」駅(東7番出口)から徒歩2分、山陽新幹線・九州新幹線・JR各線「博多」駅(筑紫口)から徒歩4分,"セントラル棟16台　1,800円／1泊（11時&#12316;翌11時）※先着順",博多,https://img.travel.rakuten.co.jp/share/HOTEL/182019/182019.jpg,https://img.travel.rakuten.co.jp/HIMG/90/182019.jpg,,,https://img.travel.rakuten.co.jp/share/HOTEL/182019/182019map.gif,1202.0,4.17,,s1w,【ウエスト棟】スタンダード(1名利用) 禁煙◆大浴殿は別館,5188888.0,【素泊まり・事前決済限定】1秒チェックインにおすすめ！,1,0,0,0,0,2,https://img.travel.rakuten.co.jp/image/tr/api/re/IdsCY/?f_no=182019&f_syu=s1w&f_hi1=2026-07-18&f_hi2=2026-07-19&f_heya_su=1&f_otona_su=1&f_s1=0&f_s2=0&f_y1=0&f_y2=0&f_y3=0&f_y4=0&f_camp_id=5188888,0,2026-07-18,24480,24480,0,2026-07-18,fukuoka
151369,ＫＯＫＯ　ＨＯＴＥＬ　博多駅前,https://img.travel.rakuten.co.jp/image/tr/api/re/pvonD/?f_no=151369,https://img.travel.rakuten.co.jp/image/tr/api/re/vFumt/?f_no=151369&f_flg=PLAN,https://img.travel.rakuten.co.jp/image/tr/api/re/WzozX/?noTomariHotel=151369,https://img.travel.rakuten.co.jp/image/tr/api/re/gJNfM/?f_hotel_no=151369,ここ　ほてる　はかたえきまえ,【TVで話題！博多駅徒歩4分のデザインホテル】世界11都市を巡る寛ぎの空間。全室シモンズ製ベッドとナノイー空気清浄機完備,2790.0,120906.47,469507.04,812-0011,福岡県,福岡市博多区博多駅前3-22-19,092-476-9111,092-476-9112,JR・地下鉄博多駅博多口から徒歩4分☆福岡空港国内線から地下鉄で2駅　タクシーで約15分　国際線からタクシーで約20分,提携有料駐車場有り／270台収容　24時間1500円（税込）でサービス券販売中,博多,https://img.travel.rakuten.co.jp/share/HOTEL/151369/151369.jpg,https://img.travel.rakuten.co.jp/HIMG/90/151369.jpg,https://img.travel.rakuten.co.jp/share/HOTEL/151369/151369_kan1.jpg,https://img.travel.rakuten.co.jp/HIMG/INTERIOR/151369.jpg,https://img.travel.rakuten.co.jp/share/HOTEL/151369/151369map.gif,1172.0,4.02,"また利用したいです！　2026-07-16 13:34:32投稿 <a href=""https://img.travel.rakuten.co.jp/image/tr/api/re/gJNfM/?f_hotel_no=151369"" class=""3click"">つづきはこちら</a>",roh,【禁煙】部屋タイプお任せ,6388647.0,【素泊まり】お部屋タイプおまかせプラン,1,0,0,0,0,1,https://img.travel.rakuten.co.jp/image/tr/api/re/IdsCY/?f_no=151369&f_syu=roh&f_hi1=2026-07-18&f_hi2=2026-07-19&f_heya_su=1&f_otona_su=1&f_s1=0&f_s2=0&f_y1=0&f_y2=0&f_y3=0&f_y4=0&f_camp_id=6388647,0,2026-07-18,29400,29400,0,2026-07-18,fukuoka
1227,ＴＫＰサンライフホテル,https://img.travel.rakuten.co.jp/image/tr/api/re/pvonD/?f_no=1227,https://img.travel.rakuten.co.jp/image/tr/api/re/vFumt/?f_no=1227&f_flg=PLAN,https://img.travel.rakuten.co.jp/image/tr/api/re/WzozX/?noTomariHotel=1227,https://img.travel.rakuten.co.jp/image/tr/api/re/gJNfM/?f_hotel_no=1227,ＴＫＰさんらいふほてる,◆ツインをリニューアルした【スーペリアツイン】の販売を開始いたしました！ぜひこの機会にご宿泊如何ですか。,3825.0,120912.68,469529.91,812-0013,福岡県,福岡市博多区博多駅東1-12-3,092-473-7112,092-471-5075,JR博多駅筑紫口より徒歩2分。筑紫口（新幹線口）出て目の前！地下鉄「東6番」出口直結。,"提携【里馨パーキング（リカパーキング）】予約・出し入れ不可　24H1,500円税込　高さ等制限有",博多,https://img.travel.rakuten.co.jp/share/HOTEL/1227/1227.jpg,https://img.travel.rakuten.co.jp/HIMG/90/1227.jpg,https://img.travel.rakuten.co.jp/share/HOTEL/1227/1227_sr.jpg,https://img.travel.rakuten.co.jp/HIMG/INTERIOR/1227.jpg,https://img.travel.rakuten.co.jp/share/HOTEL/1227/1227map.gif,4190.0,3.68,,10nx2e,【2号館/禁煙】シングルルーム,6491111.0,【楽天トラベルサマーSALE】【素泊まり】博多駅新幹線側出口（筑紫口）徒歩2分,1,0,0,0,0,1,https://img.travel.rakuten.co.jp/image/tr/api/re/IdsCY/?f_no=1227&f_syu=10nx2e&f_hi1=2026-07-18&f_hi2=2026-07-19&f_heya_su=1&f_otona_su=1&f_s1=0&f_s2=0&f_y1=0&f_y2=0&f_y3=0&f_y4=0&f_camp_id=6491111,0,2026-07-18,19800,19800,0,2026-07-18,fukuoka
2959,博多ターミナルホテル,https://img.travel.rakuten.co.jp/image/tr/api/re/pvonD/?f_no=2959,https://img.travel.rakuten.co.jp/image/tr/api/re/vFumt/?f_no=2959&f_flg=PLAN,https://img.travel.rakuten.co.jp/image/tr/api/re/WzozX/?noTomariHotel=2959,https://img.travel.rakuten.co.jp/image/tr/api/re/gJNfM/?f_hotel_no=2959,はかた　たーみなるほてる,★セールプランやビール付きプランなど有★ＪＲ博多駅筑紫口より徒歩2分。空気清浄機完備！,3900.0,120909.68,469529.59,812-0013,福岡県,福岡市博多区博多駅東2-1-26,092-474-2121,092-474-6857,ＪＲ博多駅筑紫口より徒歩２分。空港より地下鉄5分博多駅下車。福岡、大宰府インターより約15分。,契約駐車場有。入庫より24時間（出し入れ不可）１５００円。超過は３０分毎２００円。予約不可。,博多,https://img.travel.rakuten.co.jp/share/HOTEL/2959/2959.jpg,https://img.travel.rakuten.co.jp/HIMG/90/2959.jpg,https://img.travel.rakuten.co.jp/share/HOTEL/2959/2959_heya1.jpg,https://img.travel.rakuten.co.jp/HIMG/INTERIOR/2959.jpg,https://img.travel.rakuten.co.jp/share/HOTEL/2959/2959map.gif,2247.0,3.74,,kitus,喫煙室シングル,5710283.0,【楽天トラベルサマーSALE】☆素泊まり!ＪＲ博多駅筑紫口より徒歩２分！,1,0,0,0,0,1,https://img.travel.rakuten.co.jp/image/tr/api/re/IdsCY/?f_no=2959&f_syu=kitus&f_hi1=2026-07-18&f_hi2=2026-07-19&f_heya_su=1&f_otona_su=1&f_s1=0&f_s2=0&f_y1=0&f_y2=0&f_y3=0&f_y4=0&f_camp_id=5710283,0,2026-07-18,17600,17600,0,2026-07-18,fukuoka
70283,ｔｈｅ　ｂ　博多（ザビー　はかた）,https://img.travel.rakuten.co.jp/image/tr/api/re/pvonD/?f_no=70283,https://img.travel.rakuten.co.jp/image/tr/api/re/vFumt/?f_no=70283&f_flg=PLAN,https://img.travel.rakuten.co.jp/image/tr/api/re/WzozX/?noTomariHotel=70283,https://img.travel.rakuten.co.jp/image/tr/api/re/gJNfM/?f_hotel_no=70283,ざびーはかた, ドーナツなどの軽食「トッテッテ」＆コーヒー無料☆朝食は地元の食材を使った和洋ブッフェをご用意！,5950.0,120901.23,469531.47,812-0016,福岡県,福岡市博多区博多駅南1-3-9,092-415-3333,092-483-1555,JR「博多駅」筑紫口・地下鉄「博多駅」東5出口より徒歩4分。福岡空港より地下鉄博多駅まで約5分,"駐車場3台有 完全予約制 1泊1,500円。電話予約のみ承ります。必ず事前にお電話ください。",博多,https://img.travel.rakuten.co.jp/share/HOTEL/70283/70283.jpg,https://img.travel.rakuten.co.jp/HIMG/90/70283.jpg,https://img.travel.rakuten.co.jp/share/HOTEL/70283/70283_si.jpg,https://img.travel.rakuten.co.jp/HIMG/INTERIOR/70283.jpg,https://img.travel.rakuten.co.jp/share/HOTEL/70283/70283map.gif,2627.0,3.93,"出張で使用しました。駅からは少し歩きますが、値段が安く部屋も清潔で問題ありませんでした。特に接客で不満に思うこともありませんでした。　2026-07-11 18:04:02投稿 <a href=""https://img.travel.rakuten.co.jp/image/tr/api/re/gJNfM/?f_hotel_no=70283"" class=""3click"">つづきはこちら</a>",ns1,シングル【禁煙】（15平米・140cm幅ベッド）,4916885.0,【返金不可割引】【素泊まり】予定が決まっている方におすすめ！急な出張やおでかけにも◇直前予約OK！,1,0,0,0,0,2,https://img.travel.rakuten.co.jp/image/tr/api/re/IdsCY/?f_no=70283&f_syu=ns1&f_hi1=2026-07-18&f_hi2=2026-07-19&f_heya_su=1&f_otona_su=1&f_s1=0&f_s2=0&f_y1=0&f_y2=0&f_y3=0&f_y4=0&f_camp_id=4916885,0,2026-07-18,34500,34500,0,2026-07-18,fukuoka
181186,ナインアワーズ博多駅,https://img.travel.rakuten.co.jp/image/tr/api/re/pvonD/?f_no=181186,https://img.travel.rakuten.co.jp/image/tr/api/re/vFumt/?f_no=181186&f_flg=PLAN,,https://img.travel.rakuten.co.jp/image/tr/api/re/gJNfM/?f_hotel_no=181186,ないんあわーずはかたえき,博多駅至近にてアクセス良好。展望ラウンジや高速WiFiなどビジネスや観光の拠点としても便利、荷物預かり可能,3841.0,120908.45,469508.37,812-0011,福岡県,福岡市博多区博多駅前3-22-2,050-1807-3481,092-292-4495,ＪＲ　博多駅より徒歩にて約３分,無し,博多,https://img.travel.rakuten.co.jp/share/HOTEL/181186/181186.jpg,https://img.travel.rakuten.co.jp/HIMG/90/181186.jpg,,,https://img.travel.rakuten.co.jp/share/HOTEL/181186/181186map.gif,411.0,3.7,,f02,【女性限定フロア】スリーピングポッド 禁煙（割引）,5916509.0,返金不可・オンライン決済プラン,1,0,0,0,0,2,https://img.travel.rakuten.co.jp/image/tr/api/re/IdsCY/?f_no=181186&f_syu=f02&f_hi1=2026-07-18&f_hi2=2026-07-19&f_heya_su=1&f_otona_su=1&f_s1=0&f_s2=0&f_y1=0&f_y2=0&f_y3=0&f_y4=0&f_camp_id=5916509,0,2026-07-18,14143,14143,1,2026-07-18,fukuoka
167057,ホテルＷＢＦグランデ博多,https://img.travel.rakuten.co.jp/image/tr/api/re/pvonD/?f_no=167057,https://img.travel.rakuten.co.jp/image/tr/api/re/vFumt/?f_no=167057&f_flg=PLAN,https://img.travel.rakuten.co.jp/image/tr/api/re/WzozX/?noTomariHotel=167057,https://img.travel.rakuten.co.jp/image/tr/api/re/gJNfM/?f_hotel_no=167057,ほてるだぶりゅーびーえふぐらんではかた,朝からカットステーキ食べ放題の朝食ビュッフェ！■大浴場完備■博多駅まで徒歩10分,5491.0,120894.12,469540.41,812-0016,福岡県,福岡市博多区博多駅南2-2-5,092-452-4123,092-452-4124,西鉄バス博多駅筑紫口より駅東三丁目下車 徒歩1分　博多駅筑紫口（新幹線口）より徒歩 約10分　福岡空港より車で約10分,"立体駐車場有 1泊1,500円 15時〜翌11時 高さ1.55m、横幅1.75m迄　先着順・予約不可",博多,https://img.travel.rakuten.co.jp/share/HOTEL/167057/167057.jpg,https://img.travel.rakuten.co.jp/HIMG/90/167057.jpg,,,https://img.travel.rakuten.co.jp/share/HOTEL/167057/167057map.gif,752.0,3.66,,sdn,【禁煙室】客室露天風呂付スーペリアダブルルーム,6501817.0,【楽天トラベルサマーSALE】【素泊まり】夏のご旅行に！直前予約OK【楽天限定】,1,0,0,0,0,1,https://img.travel.rakuten.co.jp/image/tr/api/re/IdsCY/?f_no=167057&f_syu=sdn&f_hi1=2026-07-18&f_hi2=2026-07-19&f_heya_su=1&f_otona_su=1&f_s1=0&f_s2=0&f_y1=0&f_y2=0&f_y3=0&f_y4=0&f_camp_id=6501817,0,2026-07-18,31635,31635,0,2026-07-18,fukuoka
18517,ドッとあ〜るホテルＨＡＫＡＴＡ,https://img.travel.rakuten.co.jp/image/tr/api/re/pvonD/?f_no=18517,https://img.travel.rakuten.co.jp/image/tr/api/re/vFumt/?f_no=18517&f_flg=PLAN,https://img.travel.rakuten.co.jp/image/tr/api/re/WzozX/?noTomariHotel=18517,https://img.travel.rakuten.co.jp/image/tr/api/re/gJNfM/?f_hotel_no=18517,どっとあ〜るほてるはかた,喫煙ルーム・禁煙ルームを完備。フロア別だから安心してご利用いただけます♪,5500.0,120898.3,469534.67,812-0016,福岡県,福岡市博多区博多駅南1-4-6,092-432-1211,092-432-1600,JR博多駅：筑紫口より徒歩7分。福岡空港：地下鉄・福岡空港駅から地下鉄・博多駅まで約5分。福岡空港からタクシーで約25分,※駐車場予約は電話のみ内線②、1台有/1泊1000円(15時〜翌朝10時)長さ・幅制限有※バイク不可,博多,https://img.travel.rakuten.co.jp/share/HOTEL/18517/18517.jpg,https://img.travel.rakuten.co.jp/HIMG/90/18517.jpg,https://img.travel.rakuten.co.jp/share/HOTEL/18517/18517_s.jpg,https://img.travel.rakuten.co.jp/HIMG/INTERIOR/18517.jpg,https://img.travel.rakuten.co.jp/share/HOTEL/18517/18517map.gif,3108.0,4.01,"バスルームが少し狭いが許容範囲。ただお湯と水のバランスを整えるのか大変だった。また、一旦シャワーを止めて再度使うと水から出てくるのはちょっと…と…　2026-07-11 18:45:57投稿 <a href=""https://img.travel.rakuten.co.jp/image/tr/api/re/gJNfM/?f_hotel_no=18517"" class=""3click"">つづきはこちら</a>",single,■喫煙■シングル（セミダブル：幅120cm/WiFi接続可）,4953289.0,もらって嬉しい！【QUOカード＜1000円＞付プラン】,1,0,0,0,0,1,https://img.travel.rakuten.co.jp/image/tr/api/re/IdsCY/?f_no=18517&f_syu=single&f_hi1=2026-07-18&f_hi2=2026-07-19&f_heya_su=1&f_otona_su=1&f_s1=0&f_s2=0&f_y1=0&f_y2=0&f_y3=0&f_y4=0&f_camp_id=4953289,0,2026-07-18,19900,19900,0,2026-07-18,fukuoka
5012,天然温泉　八百治の湯　八百治博多ホテル,https://img.travel.rakuten.co.jp/image/tr/api/re/pvonD/?f_no=5012,https://img.travel.rakuten.co.jp/image/tr/api/re/vFumt/?f_no=5012&f_flg=PLAN,https://img.travel.rakuten.co.jp/image/tr/api/re/WzozX/?noTomariHotel=5012,https://img.travel.rakuten.co.jp/image/tr/api/re/gJNfM/?f_hotel_no=5012,てんねんおんせん　やおじのゆ　やおじはかたほてる,博多駅徒歩5分♪　★2019年7月天然温泉大浴場リニューアル★Wi-Fi無料＆加湿機能付空気清浄機完備♪,6450.0,120897.28,469511.51,812-0011,福岡県,福岡市博多区博多駅前4-9-2,092-483-5111,092-483-5123,博多駅博多口より徒歩５分（福岡空港から博多駅まで地下鉄で５分。）,"契約駐車場　1,500円（税込）/14時〜翌日14時",博多,https://img.travel.rakuten.co.jp/share/HOTEL/5012/5012.jpg,https://img.travel.rakuten.co.jp/HIMG/90/5012.jpg,https://img.travel.rakuten.co.jp/share/HOTEL/5012/5012_sgl.jpg,https://img.travel.rakuten.co.jp/HIMG/INTERIOR/5012.jpg,https://img.travel.rakuten.co.jp/share/HOTEL/5012/5012map.gif,4453.0,4.21,,dxns,スタンダードダブル○禁煙ベッド幅１４０ｃｍ（１ベッド）,4363682.0,シンプルステイ☆,1,0,0,0,0,1,https://img.travel.rakuten.co.jp/image/tr/api/re/IdsCY/?f_no=5012&f_syu=dxns&f_hi1=2026-07-18&f_hi2=2026-07-19&f_heya_su=1&f_otona_su=1&f_s1=0&f_s2=0&f_y1=0&f_y2=0&f_y3=0&f_y4=0&f_camp_id=4363682,0,2026-07-18,36900,36900,0,2026-07-18,fukuoka
172310,都ホテル博多,https://img.travel.rakuten.co.jp/image/tr/api/re/pvonD/?f_no=172310,https://img.travel.rakuten.co.jp/image/tr/api/re/vFumt/?f_no=172310&f_flg=PLAN,https://img.travel.rakuten.co.jp/image/tr/api/re/WzozX/?noTomariHotel=172310,https://img.travel.rakuten.co.jp/image/tr/api/re/gJNfM/?f_hotel_no=172310,みやこほてるはかた,さあ、都心のリゾートへ！ここは、いつでも夏休み。★屋上には天然温泉スパ＆レストラン★心地良いという新しいラグジュアリー,17800.0,120911.58,469529.98,812-0013,福岡県,福岡市博多区博多駅東2-1-1,092-441-3111,092-441-3122,博多駅直結！徒歩約１分。＜東７番出口＞福岡空港から地下鉄で約７分、車で約15分。一歩足を踏み入れたらもうそこはリゾート！,"1泊 2,000円　先着順36台 屋内機械式（長5.3m 幅1.96m 高2m)／提携有り：20m先",博多,https://img.travel.rakuten.co.jp/share/HOTEL/172310/172310.jpg,https://img.travel.rakuten.co.jp/HIMG/90/172310.jpg,https://img.travel.rakuten.co.jp/share/HOTEL/172310/172310_kan1.jpg,https://img.travel.rakuten.co.jp/HIMG/INTERIOR/172310.jpg,https://img.travel.rakuten.co.jp/share/HOTEL/172310/172310map.gif,1083.0,4.59,"駅のすぐ前なので便利。立地が良い分駐車場代が少し高め。初めての利用でしたがスタッフの応対は丁寧で、部屋も見晴らしが良く、快適に滞在できました。プールに入りましたが季節的に少し寒かったです。全体的には満…　2026-07-09 18:59:59投稿 <a href=""https://img.travel.rakuten.co.jp/image/tr/api/re/gJNfM/?f_hotel_no=172310"" class=""3click"">つづきはこちら</a>",psp1kb,プレミアム スーペリアキングダブル＜禁煙・上層階＞,4417586.0,【素泊り】上層階客室確約！温泉スパ利用無料・ベーシックステイプラン,1,0,0,0,0,1,https://img.travel.rakuten.co.jp/image/tr/api/re/IdsCY/?f_no=172310&f_syu=psp1kb&f_hi1=2026-07-18&f_hi2=2026-07-19&f_heya_su=1&f_otona_su=1&f_s1=0&f_s2=0&f_y1=0&f_y2=0&f_y3=0&f_y4=0&f_camp_id=4417586,0,2026-07-18,67500,67500,0,2026-07-18,fukuoka
41372,西鉄ホテル　クルーム博多,https://img.travel.rakuten.co.jp/image/tr/api/re/pvonD/?f_no=41372,https://img.travel.rakuten.co.jp/image/tr/api/re/vFumt/?f_no=41372&f_flg=PLAN,https://img.travel.rakuten.co.jp/image/tr/api/re/WzozX/?noTomariHotel=41372,https://img.travel.rakuten.co.jp/image/tr/api/re/gJNfM/?f_hotel_no=41372,にしてつほてる　くるーむはかた,天然温泉・サウナ完備／博多駅すぐ隣／開放的で居心地のよいロビー空間／館内コンビニ併設,8100.0,120920.71,469520.4,812-0011,福岡県,福岡市博多区博多駅前一丁目１７番６号,092-413-5454,092-413-5466,ＪＲ　博多駅「博多口」より徒歩約４分    　　　地下鉄　博多駅「西４番出口」より徒歩約４分,１泊1台２，０００円（税込）14:30〜翌12：30,博多,https://img.travel.rakuten.co.jp/share/HOTEL/41372/41372.jpg,https://img.travel.rakuten.co.jp/HIMG/90/41372.jpg,https://img.travel.rakuten.co.jp/share/HOTEL/41372/41372_dai.jpg,https://img.travel.rakuten.co.jp/HIMG/INTERIOR/41372.jpg,https://img.travel.rakuten.co.jp/share/HOTEL/41372/41372map.gif,6387.0,4.3,"温泉が最高です！！ぜひ、試してください。　2026-07-07 21:45:35投稿 <a href=""https://img.travel.rakuten.co.jp/image/tr/api/re/gJNfM/?f_hotel_no=41372"" class=""3click"">つづきはこちら</a>",singles,【喫煙】シングル,6312270.0,【スタンダード】博多駅徒歩4分！癒しのサウナ付温泉大浴場☆＜素泊り＞,1,0,0,0,0,0,https://img.travel.rakuten.co.jp/image/tr/api/re/IdsCY/?f_no=41372&f_syu=singles&f_hi1=2026-07-18&f_hi2=2026-07-19&f_heya_su=1&f_otona_su=1&f_s1=0&f_s2=0&f_y1=0&f_y2=0&f_y3=0&f_y4=0&f_camp_id=6312270,0,2026-07-18,27000,27000,0,2026-07-18,fukuoka
182017,アパホテル＆リゾート〈博多駅東〉,https://img.travel.rakuten.co.jp/image/tr/api/re/pvonD/?f_no=182017,https://img.travel.rakuten.co.jp/image/tr/api/re/vFumt/?f_no=182017&f_flg=PLAN,https://img.travel.rakuten.co.jp/image/tr/api/re/WzozX/?noTomariHotel=182017,https://img.travel.rakuten.co.jp/image/tr/api/re/gJNfM/?f_hotel_no=182017,あぱほてるあんどりぞーと　はかたえきひがし,博多駅を出て筑紫口中央通りからアクセスできる都市型リゾート。屋上に大浴殿とプールを備える,5580.0,120913.96,469537.43,812-0013,福岡県,福岡市博多区博多駅東1-18-1,0570-009-011,092-477-9012,福岡市営地下鉄空港線「博多駅」東7番出口から徒歩2分／JR各線「博多駅」筑紫口から徒歩4分,"11台有、1,500円 / 1泊（15：00〜翌11：00）※連泊の場合24時間　※予約不可先着順",博多,https://img.travel.rakuten.co.jp/share/HOTEL/182017/182017.jpg,https://img.travel.rakuten.co.jp/HIMG/90/182017.jpg,,,https://img.travel.rakuten.co.jp/share/HOTEL/182017/182017map.gif,859.0,4.08,,s1,スタンダードルーム　1名利用□全室禁煙□,5202221.0,【素泊まり・事前決済限定】1秒チェックインにおすすめ！,1,0,0,0,0,2,https://img.travel.rakuten.co.jp/image/tr/api/re/IdsCY/?f_no=182017&f_syu=s1&f_hi1=2026-07-18&f_hi2=2026-07-19&f_heya_su=1&f_otona_su=1&f_s1=0&f_s2=0&f_y1=0&f_y2=0&f_y3=0&f_y4=0&f_camp_id=5202221,0,2026-07-18,30330,30330,0,2026-07-18,fukuoka
161262,ＫＯＫＯ　ＨＯＴＥＬ　博多新幹線口,https://img.travel.rakuten.co.jp/image/tr/api/re/pvonD/?f_no=161262,https://img.travel.rakuten.co.jp/image/tr/api/re/vFumt/?f_no=161262&f_flg=PLAN,https://img.travel.rakuten.co.jp/image/tr/api/re/WzozX/?noTomariHotel=161262,https://img.travel.rakuten.co.jp/image/tr/api/re/gJNfM/?f_hotel_no=161262,ここほてる　はかたしんかんせんぐち,コーヒーサービス刷新！美味しいトラジャブレンドをご堪能下さい。無料軽朝食＆大浴場完備で快適ステイ♪,3960.0,120912.39,469536.44,812-0013,福岡県,福岡市博多区博多駅東1-17-17,0924310111,0924310115,JR博多駅より徒歩4分。地下鉄空港線博多駅 東6出口より徒歩2分。都市高速博多駅東ICまで1分！,提携駐車場有　里馨(リカ)パーキング(24時間1500円の駐車券をフロント販売、当館から徒歩3分）,博多,https://img.travel.rakuten.co.jp/share/HOTEL/161262/161262.jpg,https://img.travel.rakuten.co.jp/HIMG/90/161262.jpg,https://img.travel.rakuten.co.jp/share/HOTEL/161262/161262_kan1.jpg,https://img.travel.rakuten.co.jp/HIMG/INTERIOR/161262.jpg,https://img.travel.rakuten.co.jp/share/HOTEL/161262/161262map.gif,329.0,4.04,,single,【全室禁煙】シングルルーム（１２平米、ベッド幅１４０ｃｍ）,4716777.0,【楽天トラベルサマーSALE】JR博多駅筑紫口より徒歩4分★大浴場・無料軽朝食付,1,0,0,0,0,1,https://img.travel.rakuten.co.jp/image/tr/api/re/IdsCY/?f_no=161262&f_syu=single&f_hi1=2026-07-18&f_hi2=2026-07-19&f_heya_su=1&f_otona_su=1&f_s1=0&f_s2=0&f_y1=0&f_y2=0&f_y3=0&f_y4=0&f_camp_id=4716777,0,2026-07-18,26000,26000,0,2026-07-18,fukuoka
179590,ホテルリファレンス博多冷泉,https://img.travel.rakuten.co.jp/image/tr/api/re/pvonD/?f_no=179590,https://img.travel.rakuten.co.jp/image/tr/api/re/vFumt/?f_no=179590&f_flg=PLAN,https://img.travel.rakuten.co.jp/image/tr/api/re/WzozX/?noTomariHotel=179590,https://img.travel.rakuten.co.jp/image/tr/api/re/gJNfM/?f_hotel_no=179590,ほてるりふぁれんすはかたれいせん,2020年4月22日開業 地下鉄祇園駅徒歩3分・JR博多駅徒歩11分　コンパクトでシンプルなビジネスホテルです。,3670.0,120930.23,469490.8,812-0039,福岡県,福岡市博多区冷泉町9-29,092-283-5133,092-283-5135,地下鉄祇園駅2番出口より徒歩で約3分　博多駅からも徒歩12分　福岡空港から地下鉄祇園駅までは7分,"先着順 5台　おおよそ一晩1,500円 終日25分200円 :20:00〜8:00 最大400円",祇園（福岡）,https://img.travel.rakuten.co.jp/share/HOTEL/179590/179590.jpg,https://img.travel.rakuten.co.jp/HIMG/90/179590.jpg,https://img.travel.rakuten.co.jp/share/HOTEL/179590/179590_kan1.jpg,https://img.travel.rakuten.co.jp/HIMG/INTERIOR/179590.jpg,https://img.travel.rakuten.co.jp/share/HOTEL/179590/179590map.gif,348.0,4.14,,0003,【KINUJOプレミアム2部屋】美容家電＋雪肌精＆パック付,6282982.0,【直前割】急な出張・旅行もお得に！グルメ・観光地アクセス良好★博多・中洲エリア★,1,0,0,0,0,1,https://img.travel.rakuten.co.jp/image/tr/api/re/IdsCY/?f_no=179590&f_syu=0003&f_hi1=2026-07-18&f_hi2=2026-07-19&f_heya_su=1&f_otona_su=1&f_s1=0&f_s2=0&f_y1=0&f_y2=0&f_y3=0&f_y4=0&f_camp_id=6282982,0,2026-07-18,27790,27790,0,2026-07-18,fukuoka
184617,Ｇｒａｎｄ　Ｅｍｐｉｒｅ　Ｈｏｔｅｌ（グランドエンパイアホテル）,https://img.travel.rakuten.co.jp/image/tr/api/re/pvonD/?f_no=184617,https://img.travel.rakuten.co.jp/image/tr/api/re/vFumt/?f_no=184617&f_flg=PLAN,https://img.travel.rakuten.co.jp/image/tr/api/re/WzozX/?noTomariHotel=184617,https://img.travel.rakuten.co.jp/image/tr/api/re/gJNfM/?f_hotel_no=184617,ぐらんどえんぱいあほてる,【駐車場無料】【全室43㎡以上】【全室禁煙】上質さにこだわった空間でごゆっくりお寛ぎください。,9504.0,120631.04,469738.41,816-0956,福岡県,大野城市南大利2-1-23,092-596-6363,092-596-7964,JR大野城駅よりお車で５分／西鉄下大利駅よりお車で５分／太宰府I.Cよりお車で約１０分／キッザニア福岡までお車で約２５分,有り　90台　無料　★２４時間入出庫可★　※満車の場合は臨時駐車場へご案内いたします,大野城,https://img.travel.rakuten.co.jp/share/HOTEL/184617/184617.jpg,https://img.travel.rakuten.co.jp/HIMG/90/184617.jpg,,,https://img.travel.rakuten.co.jp/share/HOTEL/184617/184617map.gif,530.0,4.67,,geh181023,エンパイアツイン,6415307.0,【返金不可】【事前決済】スタンダードプラン（素泊まり）,1,0,0,0,0,2,https://img.travel.rakuten.co.jp/image/tr/api/re/IdsCY/?f_no=184617&f_syu=geh181023&f_hi1=2026-07-18&f_hi2=2026-07-19&f_heya_su=1&f_otona_su=1&f_s1=0&f_s2=0&f_y1=0&f_y2=0&f_y3=0&f_y4=0&f_camp_id=6415307,0,2026-07-18,31031,31031,0,2026-07-18,fukuoka
54234,東横ＩＮＮ博多駅前祇園,https://img.travel.rakuten.co.jp/image/tr/api/re/pvonD/?f_no=54234,https://img.travel.rakuten.co.jp/image/tr/api/re/vFumt/?f_no=54234&f_flg=PLAN,https://img.travel.rakuten.co.jp/image/tr/api/re/WzozX/?noTomariHotel=54234,https://img.travel.rakuten.co.jp/image/tr/api/re/gJNfM/?f_hotel_no=54234,とうよこいんはかたえきまえぎおん,旧博多市街まで徒歩5分の立地で出発を応援！朝食・小学生以下添い寝無料で安心空間を提供いたします,5933.0,120925.04,469501.08,812-0038,福岡県,福岡市博多区祇園町1-38,092-281-1045,092-281-1046,ＪＲ博多駅より徒歩７分／福岡空港から市営地下鉄「祇園駅」６番出口（エレベーター）より徒歩０分！空港からはほぼ直結♪,有り　3台のみ　１，０００円（税込み／泊）　要予約,祇園（福岡）,https://img.travel.rakuten.co.jp/share/HOTEL/54234/54234.jpg,https://img.travel.rakuten.co.jp/HIMG/90/54234.jpg,https://img.travel.rakuten.co.jp/share/HOTEL/54234/54234_k.jpg,https://img.travel.rakuten.co.jp/HIMG/INTERIOR/54234.jpg,https://img.travel.rakuten.co.jp/share/HOTEL/54234/54234map.gif,688.0,3.94,"朝食を食べられる席数が少ないので、早めに並びました。　2026-06-24 15:39:28投稿 <a href=""https://img.travel.rakuten.co.jp/image/tr/api/re/gJNfM/?f_hotel_no=54234"" class=""3click"">つづきはこちら</a>",wa,喫煙エコノミーダブル,2707155.0,★【無料の元気朝食付】いつでも安心価格♪ビジネス・レジャーに！ 喫煙エコノミーダブル,1,0,0,1,0,1,https://img.travel.rakuten.co.jp/image/tr/api/re/IdsCY/?f_no=54234&f_syu=wa&f_hi1=2026-07-18&f_hi2=2026-07-19&f_heya_su=1&f_otona_su=1&f_s1=0&f_s2=0&f_y1=0&f_y2=0&f_y3=0&f_y4=0&f_camp_id=2707155,0,2026-07-18,14080,14080,0,2026-07-18,fukuoka
119,ホテル法華クラブ福岡,https://img.travel.rakuten.co.jp/image/tr/api/re/pvonD/?f_no=119,https://img.travel.rakuten.co.jp/image/tr/api/re/vFumt/?f_no=119&f_flg=PLAN,https://img.travel.rakuten.co.jp/image/tr/api/re/WzozX/?noTomariHotel=119,https://img.travel.rakuten.co.jp/image/tr/api/re/gJNfM/?f_hotel_no=119,ほっけくらぶ　ふくおか,ＪＲ博多駅より徒歩１０分。準天然・光明石温泉☆博美の湯☆（人工温泉）！　郷土料理が味わえる！朝食バイキング。Ｗｉ－Ｆｉ！,5250.0,120897.51,469502.92,812-0018,福岡県,福岡市博多区住吉3-1-90,092-271-3171,092-272-2095,ＪＲ「博多駅」【博多口】より徒歩約10分。キャナルシティへ徒歩約７分。駅前四丁目バス停より徒歩3分。,専用駐車場はございませんので、フロントにて近隣コインパーキングをご案内しております。(自動二輪含む),博多,https://img.travel.rakuten.co.jp/share/HOTEL/119/119.jpg,https://img.travel.rakuten.co.jp/HIMG/90/119.jpg,https://img.travel.rakuten.co.jp/share/HOTEL/119/119_heya1.jpg,https://img.travel.rakuten.co.jp/HIMG/INTERIOR/119.jpg,https://img.travel.rakuten.co.jp/share/HOTEL/119/119map.gif,6401.0,4.29,,sen,☆禁煙☆本館シングル（インサイドタイプ静かな部屋・１４平米）,6492742.0,【楽天トラベルサマーSALE】準天然[人工]光明石温泉◆博美の湯◆完備〜素泊り〜,1,0,0,0,0,1,https://img.travel.rakuten.co.jp/image/tr/api/re/IdsCY/?f_no=119&f_syu=sen&f_hi1=2026-07-18&f_hi2=2026-07-19&f_heya_su=1&f_otona_su=1&f_s1=0&f_s2=0&f_y1=0&f_y2=0&f_y3=0&f_y4=0&f_camp_id=6492742,0,2026-07-18,24750,24750,0,2026-07-18,fukuoka
178967,ホテルフロント・イン福岡空港,https://img.travel.rakuten.co.jp/image/tr/api/re/pvonD/?f_no=178967,https://img.travel.rakuten.co.jp/image/tr/api/re/vFumt/?f_no=178967&f_flg=PLAN,https://img.travel.rakuten.co.jp/image/tr/api/re/WzozX/?noTomariHotel=178967,https://img.travel.rakuten.co.jp/image/tr/api/re/gJNfM/?f_hotel_no=178967,ふろんといんふくおかくうこう,福岡空港や博多の森陸上競技場に隣接しビジネス・観光・イベントの拠点に最適なホテルです。博多・中洲・天神へのアクセスも抜群,7260.0,120956.0,469638.78,811‐2205,福岡県,糟屋郡志免町別府2-18-1,092-624-6688,092-624-6677,地下鉄　福岡空港駅より徒歩にて約12分,有り　32台　1泊１区画800円（※2tロング以上は１区画1600円）　要予約,福岡空港,https://img.travel.rakuten.co.jp/share/HOTEL/178967/178967.jpg,https://img.travel.rakuten.co.jp/HIMG/90/178967.jpg,,,https://img.travel.rakuten.co.jp/share/HOTEL/178967/178967map.gif,715.0,4.1,,ladies,レディースフロアシングル（女性専用※男性宿泊不可）,4891430.0,【福岡空港ご利用の方におすすめ】素泊りプラン,1,0,0,0,0,2,https://img.travel.rakuten.co.jp/image/tr/api/re/IdsCY/?f_no=178967&f_syu=ladies&f_hi1=2026-07-18&f_hi2=2026-07-19&f_heya_su=1&f_otona_su=1&f_s1=0&f_s2=0&f_y1=0&f_y2=0&f_y3=0&f_y4=0&f_camp_id=4891430,0,2026-07-18,21450,21450,0,2026-07-18,fukuoka
55452,アコードホテル,https://img.travel.rakuten.co.jp/image/tr/api/re/pvonD/?f_no=55452,https://img.travel.rakuten.co.jp/image/tr/api/re/vFumt/?f_no=55452&f_flg=PLAN,https://img.travel.rakuten.co.jp/image/tr/api/re/WzozX/?noTomariHotel=55452,https://img.travel.rakuten.co.jp/image/tr/api/re/gJNfM/?f_hotel_no=55452,あこーどほてる,★博多駅から車で無料送迎♪（22時迄）★＋９％ポイント対象★博多駅徒歩8分★wifi完備★,2900.0,120902.32,469502.29,812-0011,福岡県,福岡市博多区博多駅前3-11-20,092-434-1850,092-434-1889,博多駅から徒歩８分（駅から車で無料送迎（15時～22時迄）★キャナルシティ徒歩5分/九州一の繁華街「中洲」徒歩10分,※駐車場はありません。周辺のコインパーキングをご利用下さい。（割引サービスなどはありません）,博多,https://img.travel.rakuten.co.jp/share/HOTEL/55452/55452.jpg,https://img.travel.rakuten.co.jp/HIMG/90/55452.jpg,https://img.travel.rakuten.co.jp/share/HOTEL/55452/55452_wa.jpg,https://img.travel.rakuten.co.jp/HIMG/INTERIOR/55452.jpg,https://img.travel.rakuten.co.jp/share/HOTEL/55452/55452map.gif,1252.0,3.84,"コスパよしです　2026-07-05 21:25:48投稿 <a href=""https://img.travel.rakuten.co.jp/image/tr/api/re/gJNfM/?f_hotel_no=55452"" class=""3click"">つづきはこちら</a>",s,喫煙 シングル,3592604.0,素泊まりプラン,1,0,0,0,0,1,https://img.travel.rakuten.co.jp/image/tr/api/re/IdsCY/?f_no=55452&f_syu=s&f_hi1=2026-07-18&f_hi2=2026-07-19&f_heya_su=1&f_otona_su=1&f_s1=0&f_s2=0&f_y1=0&f_y2=0&f_y3=0&f_y4=0&f_camp_id=3592604,0,2026-07-18,19800,19800,0,2026-07-18,fukuoka
130055,サットンホテル博多シティ,https://img.travel.rakuten.co.jp/image/tr/api/re/pvonD/?f_no=130055,https://img.travel.rakuten.co.jp/image/tr/api/re/vFumt/?f_no=130055&f_flg=PLAN,https://img.travel.rakuten.co.jp/image/tr/api/re/WzozX/?noTomariHotel=130055,https://img.travel.rakuten.co.jp/image/tr/api/re/gJNfM/?f_hotel_no=130055,さっとんほてるはかたしてぃ,全室フローリング・無料Wi-fi対応。博多駅･天神･中州･空港どこからでもアクセスが便利。,5302.0,120899.59,469507.04,812-0011,福岡県,福岡市博多区博多駅前3-4-8,092-433-2305,092-433-2307,ＪＲ博多駅（博多口）地下鉄 西21出口より徒歩約7分,提携駐車場、近隣にコインパーキングあり。1泊1400円（機械式、大きさ制限あり）。,博多,https://img.travel.rakuten.co.jp/share/HOTEL/130055/130055.jpg,https://img.travel.rakuten.co.jp/HIMG/90/130055.jpg,https://img.travel.rakuten.co.jp/share/HOTEL/130055/130055_kya.jpg,https://img.travel.rakuten.co.jp/HIMG/INTERIOR/130055.jpg,https://img.travel.rakuten.co.jp/share/HOTEL/130055/130055map.gif,1621.0,3.81,"福岡はどこも高いので仕方ない…　2026-07-04 22:48:19投稿 <a href=""https://img.travel.rakuten.co.jp/image/tr/api/re/gJNfM/?f_hotel_no=130055"" class=""3click"">つづきはこちら</a>",htn,【禁煙】ハリウッドツイン ２０平米【ベッド幅１２３ｃm】,5919175.0,【素泊まり】　博多駅徒歩５分！バス停も近くコンサート場や会議場へ簡単アクセス!近隣コンビニ多数あり,1,0,0,0,0,1,https://img.travel.rakuten.co.jp/image/tr/api/re/IdsCY/?f_no=130055&f_syu=htn&f_hi1=2026-07-18&f_hi2=2026-07-19&f_heya_su=1&f_otona_su=1&f_s1=0&f_s2=0&f_y1=0&f_y2=0&f_y3=0&f_y4=0&f_camp_id=5919175,0,2026-07-18,30030,30030,0,2026-07-18,fukuoka
130158,天然温泉　袖湊の湯　ドーミーインＰＲＥＭＩＵＭ博多・キャナルシティ前（ドーミーイン・野乃　グループ）,https://img.travel.rakuten.co.jp/image/tr/api/re/pvonD/?f_no=130158,https://img.travel.rakuten.co.jp/image/tr/api/re/vFumt/?f_no=130158&f_flg=PLAN,https://img.travel.rakuten.co.jp/image/tr/api/re/WzozX/?noTomariHotel=130158,https://img.travel.rakuten.co.jp/image/tr/api/re/gJNfM/?f_hotel_no=130158,てんねんおんせん　そでみなとのゆ　どーみーいんぷれみあむはかた・きゃなるしてぃまえ,★全室スマートテレビ導入★キャナルシティ近く、櫛田神社駅目の前の好立地！自慢の大浴場＆サウナで免疫力を高めよう！,7087.0,120914.42,469492.64,812-0038,福岡県,福岡市博多区祇園町9-1,092-272-5489,092-282-6670,■ＪＲ博多駅博多口より徒歩10分　■地下鉄櫛田神社前駅7番出口より徒歩1分,先着順・1泊2000円・高さ2ｍ 車幅：1.85ｍ ※サイズ内でも形状により入庫不可の場合有,中洲川端,https://img.travel.rakuten.co.jp/share/HOTEL/130158/130158.jpg,https://img.travel.rakuten.co.jp/HIMG/90/130158.jpg,https://img.travel.rakuten.co.jp/share/HOTEL/130158/130158_bth.jpg,https://img.travel.rakuten.co.jp/HIMG/INTERIOR/130158.jpg,https://img.travel.rakuten.co.jp/share/HOTEL/130158/130158map.gif,1610.0,4.49,"サービスの夜鳴きそばも朝食もとてもおいしかったです！　2026-07-11 22:27:51投稿 <a href=""https://img.travel.rakuten.co.jp/image/tr/api/re/gJNfM/?f_hotel_no=130158"" class=""3click"">つづきはこちら</a>",adn,【禁煙】エアウィーヴダブルルーム◇,3151303.0,【大浴場×サウナでととのう！】ドーミーインスタンダードプラン!!＜素泊まり＞,1,0,0,0,0,1,https://img.travel.rakuten.co.jp/image/tr/api/re/IdsCY/?f_no=130158&f_syu=adn&f_hi1=2026-07-18&f_hi2=2026-07-19&f_heya_su=1&f_otona_su=1&f_s1=0&f_s2=0&f_y1=0&f_y2=0&f_y3=0&f_y4=0&f_camp_id=3151303,0,2026-07-18,42000,42000,0,2026-07-18,fukuoka
16445,リッチモンドホテル博多駅前,https://img.travel.rakuten.co.jp/image/tr/api/re/pvonD/?f_no=16445,https://img.travel.rakuten.co.jp/image/tr/api/re/vFumt/?f_no=16445&f_flg=PLAN,https://img.travel.rakuten.co.jp/image/tr/api/re/WzozX/?noTomariHotel=16445,https://img.travel.rakuten.co.jp/image/tr/api/re/gJNfM/?f_hotel_no=16445,りっちもんど　はかたえきまえ,◇広い客室、デスク、明るい照明、WiFi無料。JR「博多駅」筑紫口より徒歩約4分。地下鉄「福岡空港駅」より約5分。,5500.0,120905.83,469527.62,812-0012,福岡県,福岡市博多区博多駅中央街6-17,092-433-0011,092-433-0166,JR「博多駅」筑紫口より徒歩約4分／地下鉄「博多駅」東5番出口より徒歩約3分(福岡空港からは後方の車両へ),立体駐車場　1泊1500　車高1.5ｍ・長さ5ｍ・車幅1.85ｍ　提携駐車場　有　,博多,https://img.travel.rakuten.co.jp/share/HOTEL/16445/16445.jpg,https://img.travel.rakuten.co.jp/HIMG/90/16445.jpg,https://img.travel.rakuten.co.jp/share/HOTEL/16445/16445_sd.jpg,https://img.travel.rakuten.co.jp/HIMG/INTERIOR/16445.jpg,https://img.travel.rakuten.co.jp/share/HOTEL/16445/16445map.gif,6023.0,4.16,"立地とコスパは申し分ない。禁煙シングルでの利用だったが、明らかに元喫煙室であろうほど臭いがしたのが、ただただ残念　2026-07-13 10:52:06投稿 <a href=""https://img.travel.rakuten.co.jp/image/tr/api/re/gJNfM/?f_hotel_no=16445"" class=""3click"">つづきはこちら</a>",vsn,禁煙シングル（ベッド140cm/18平米）大人1名・添寝1名,6491410.0,【楽天トラベルサマーSALE】シンプルステイ【素泊まり】,1,0,0,0,0,1,https://img.travel.rakuten.co.jp/image/tr/api/re/IdsCY/?f_no=16445&f_syu=vsn&f_hi1=2026-07-18&f_hi2=2026-07-19&f_heya_su=1&f_otona_su=1&f_s1=0&f_s2=0&f_y1=0&f_y2=0&f_y3=0&f_y4=0&f_camp_id=6491410,0,2026-07-18,37620,37620,0,2026-07-18,fukuoka
18373,ホテル　ニューシンプル,https://img.travel.rakuten.co.jp/image/tr/api/re/pvonD/?f_no=18373,https://img.travel.rakuten.co.jp/image/tr/api/re/vFumt/?f_no=18373&f_flg=PLAN,https://img.travel.rakuten.co.jp/image/tr/api/re/WzozX/?noTomariHotel=18373,https://img.travel.rakuten.co.jp/image/tr/api/re/gJNfM/?f_hotel_no=18373,にゅーしんぷる,博多駅より徒歩8分。ご家族やグループに最適なファミリールームもあります。,4000.0,120928.21,469515.26,812-0011,福岡県,福岡市博多区博多駅前1-23-11,092-411-4311,092-411-4312,ＪＲ博多駅「博多口」より徒歩8分／地下鉄祇園駅「Ｐ１出口４」より徒歩５分,有２台まで　１台￥１５００　（要電話予約）,博多,https://img.travel.rakuten.co.jp/share/HOTEL/18373/18373.jpg,https://img.travel.rakuten.co.jp/HIMG/90/18373.jpg,https://img.travel.rakuten.co.jp/share/HOTEL/18373/18373_s.jpg,https://img.travel.rakuten.co.jp/HIMG/INTERIOR/18373.jpg,https://img.travel.rakuten.co.jp/share/HOTEL/18373/18373map.gif,1183.0,3.74,"シンプルなお部屋だけど快適に過ごせました。立地もとてもよく、助かりました。また宿泊したいです。　2026-06-29 12:47:23投稿 <a href=""https://img.travel.rakuten.co.jp/image/tr/api/re/gJNfM/?f_hotel_no=18373"" class=""3click"">つづきはこちら</a>",fa-9,ファミリー一般9,,,1,0,0,0,0,1,https://img.travel.rakuten.co.jp/image/tr/api/re/IdsCY/?f_no=18373&f_syu=fa-9&f_hi1=2026-07-18&f_hi2=2026-07-19&f_heya_su=1&f_otona_su=1&f_s1=0&f_s2=0&f_y1=0&f_y2=0&f_y3=0&f_y4=0,1,2026-07-18,17000,17000,0,2026-07-18,fukuoka
173092,ダイワロイネットホテル博多冷泉　ＰＲＥＭＩＥＲ,https://img.travel.rakuten.co.jp/image/tr/api/re/pvonD/?f_no=173092,https://img.travel.rakuten.co.jp/image/tr/api/re/vFumt/?f_no=173092&f_flg=PLAN,https://img.travel.rakuten.co.jp/image/tr/api/re/WzozX/?noTomariHotel=173092,https://img.travel.rakuten.co.jp/image/tr/api/re/gJNfM/?f_hotel_no=173092,だいわろいねっとほてるはかたれいせん　ぷれみあ,2025年4月朝食リニューアル♪ReFaルームあり★全室21㎡以上バス・トイレ別セミセパレート,5687.0,120923.83,469492.72,812-0039,福岡県,福岡市博多区冷泉町2-7,092-409-4755,092-409-4756,福岡空港から地下鉄祇園駅まで7分。祇園駅2番出口徒歩約3分。櫛田神社前駅徒歩約５分。,"敷地内立体駐車場。7時〜21時の入庫にて先着順。1泊2,000円",祇園（福岡）,https://img.travel.rakuten.co.jp/share/HOTEL/173092/173092.jpg,https://img.travel.rakuten.co.jp/HIMG/90/173092.jpg,https://img.travel.rakuten.co.jp/share/HOTEL/173092/173092_kan1.jpg,https://img.travel.rakuten.co.jp/HIMG/INTERIOR/173092.jpg,https://img.travel.rakuten.co.jp/share/HOTEL/173092/173092map.gif,634.0,4.39,"スタッフの対応も申し分無し。　2026-06-25 08:29:39投稿 <a href=""https://img.travel.rakuten.co.jp/image/tr/api/re/gJNfM/?f_hotel_no=173092"" class=""3click"">つづきはこちら</a>",sds1,【喫煙】スタンダードダブルルーム1名様利用,6460692.0,【松江駅前】2026年8月6日開業記念プラン【素泊まり/シンプルステイプラン】,1,0,0,0,0,1,https://img.travel.rakuten.co.jp/image/tr/api/re/IdsCY/?f_no=173092&f_syu=sds1&f_hi1=2026-07-18&f_hi2=2026-07-19&f_heya_su=1&f_otona_su=1&f_s1=0&f_s2=0&f_y1=0&f_y2=0&f_y3=0&f_y4=0&f_camp_id=6460692,0,2026-07-18,38950,38950,0,2026-07-18,fukuoka
180583,ホテル・トリフィート博多祇園,https://img.travel.rakuten.co.jp/image/tr/api/re/pvonD/?f_no=180583,https://img.travel.rakuten.co.jp/image/tr/api/re/vFumt/?f_no=180583&f_flg=PLAN,https://img.travel.rakuten.co.jp/image/tr/api/re/WzozX/?noTomariHotel=180583,https://img.travel.rakuten.co.jp/image/tr/api/re/gJNfM/?f_hotel_no=180583,ほてるとりふぃーとはかたぎおん,■【大浴場】完備■地下鉄「祇園駅」徒歩5分■中洲・博多、徒歩圏内■「マリンメッセ」までバス7分■未就学児の添い寝「無料」,5370.0,120929.81,469487.18,812-0039,福岡県,福岡市博多区冷泉町8-24,092-283-7060,092-283-7061,■地下鉄「祇園駅」徒歩5分■西鉄バス停「奥の堂」徒歩3分■福岡空港 地下鉄利用で最短15分■マリンメッセまでバスで7分,有り（屋外/高さ制限無し）　7台　1980円（税込み/泊）　先着順（事前予約不可）,祇園（福岡）,https://img.travel.rakuten.co.jp/share/HOTEL/180583/180583.jpg,https://img.travel.rakuten.co.jp/HIMG/90/180583.jpg,,,https://img.travel.rakuten.co.jp/share/HOTEL/180583/180583map.gif,747.0,4.23,,unv,ユニバーサルルーム 120cm幅ベッド×1台/車椅子利用可 ,6482969.0,当日限定！当館1部屋「ユニバーサルルーム」。22平米の広さに120cmベッド×1台。素泊まり,1,0,0,0,0,1,https://img.travel.rakuten.co.jp/image/tr/api/re/JlnYS/?f_no=180583&f_syu=unv&f_hi1=2026-07-18&f_hi2=2026-07-19&f_heya_su=1&f_otona_su=1&f_s1=0&f_s2=0&f_y1=0&f_y2=0&f_y3=0&f_y4=0&f_camp_id=6482969,2,2026-07-18,26150,26150,0,2026-07-18,fukuoka
345,ＡＮＡクラウンプラザホテル福岡　ｂｙ　ＩＨＧ,https://img.travel.rakuten.co.jp/image/tr/api/re/pvonD/?f_no=345,https://img.travel.rakuten.co.jp/image/tr/api/re/vFumt/?f_no=345&f_flg=PLAN,https://img.travel.rakuten.co.jp/image/tr/api/re/WzozX/?noTomariHotel=345,https://img.travel.rakuten.co.jp/image/tr/api/re/gJNfM/?f_hotel_no=345,えーえぬえー　クラウンプラザホテルフクオカ,福岡でのビジネス、観光の拠点として、安心で快適なラグジュアリー空間をご提供し、博多のコトを最もよく知るホテルのひとつです,11243.0,120902.68,469512.25,812-0011,福岡県,福岡市博多区博多駅前3-3-3,092-471-7111,092-471-1109,■ＪＲ博多駅【博多口】より徒歩約5分　■福岡空港国内線ターミナルより車で約15分,"地下に屋内駐車場あり（98台）　1泊1,600円（高さ制限2M・先着順・ 24時間入出庫可）",博多,https://img.travel.rakuten.co.jp/share/HOTEL/345/345.jpg,https://img.travel.rakuten.co.jp/HIMG/90/345.jpg,https://img.travel.rakuten.co.jp/share/HOTEL/345/345_room.jpg,https://img.travel.rakuten.co.jp/HIMG/INTERIOR/345.jpg,https://img.travel.rakuten.co.jp/share/HOTEL/345/345map.gif,2360.0,4.38,,osin,スタンダードシングルルーム【禁煙】15平米,976530.0,◆Daily Price◆日にち変動型の基本プラン　〜素泊まり〜　JR博多駅博多口より徒歩約5分,1,0,0,0,0,1,https://img.travel.rakuten.co.jp/image/tr/api/re/IdsCY/?f_no=345&f_syu=osin&f_hi1=2026-07-18&f_hi2=2026-07-19&f_heya_su=1&f_otona_su=1&f_s1=0&f_s2=0&f_y1=0&f_y2=0&f_y3=0&f_y4=0&f_camp_id=976530,0,2026-07-18,48900,48900,0,2026-07-18,fukuoka
160902,スマイルホテル博多駅前,https://img.travel.rakuten.co.jp/image/tr/api/re/pvonD/?f_no=160902,https://img.travel.rakuten.co.jp/image/tr/api/re/vFumt/?f_no=160902&f_flg=PLAN,https://img.travel.rakuten.co.jp/image/tr/api/re/WzozX/?noTomariHotel=160902,https://img.travel.rakuten.co.jp/image/tr/api/re/gJNfM/?f_hotel_no=160902,すまいるほてるはかたえきまえ,博多駅から徒歩6分の好立地！お仕事、観光の後は綺麗なお部屋でごゆっくりお過ごしください♪,3600.0,120905.23,469508.92,812-0011,福岡県,福岡市博多区博多駅前3-8-18,092-431-1500,092-431-1470,ＪＲ　博多駅博多口より徒歩にて約6分,無し。 ※( 近隣に、コインパーキングおよび一般有料駐車場あり ) バイク、自転車不可。,博多,https://img.travel.rakuten.co.jp/share/HOTEL/160902/160902.jpg,https://img.travel.rakuten.co.jp/HIMG/90/160902.jpg,https://img.travel.rakuten.co.jp/share/HOTEL/160902/160902_kan1.jpg,https://img.travel.rakuten.co.jp/HIMG/INTERIOR/160902.jpg,https://img.travel.rakuten.co.jp/share/HOTEL/160902/160902map.gif,787.0,4.0,,tn,ツインルーム◆禁煙◆,3904462.0,【直前までご予約OK】スマイル バリューステイプラン（素泊まり）,1,0,0,0,0,1,https://img.travel.rakuten.co.jp/image/tr/api/re/IdsCY/?f_no=160902&f_syu=tn&f_hi1=2026-07-18&f_hi2=2026-07-19&f_heya_su=1&f_otona_su=1&f_s1=0&f_s2=0&f_y1=0&f_y2=0&f_y3=0&f_y4=0&f_camp_id=3904462,0,2026-07-18,34000,34000,0,2026-07-18,fukuoka
166453,フォーポイント　フレックス　ｂｙ　シェラトン　福岡博多,https://img.travel.rakuten.co.jp/image/tr/api/re/pvonD/?f_no=166453,https://img.travel.rakuten.co.jp/image/tr/api/re/vFumt/?f_no=166453&f_flg=PLAN,https://img.travel.rakuten.co.jp/image/tr/api/re/WzozX/?noTomariHotel=166453,https://img.travel.rakuten.co.jp/image/tr/api/re/gJNfM/?f_hotel_no=166453,ふぉーぽいんと　ふれっくす　ばい　しぇらとん　ふくおかはかた,マリオットグループ日本初上陸ブランド！博多駅・中州へ徒歩圏内！	,5808.0,120898.93,469502.62,812-0011,福岡県,福岡市博多区博多駅前3-6-7,092-433-6172,092-433-6175,博多駅博多口より徒歩にて約9分。,無し,博多,https://img.travel.rakuten.co.jp/share/HOTEL/166453/166453.jpg,https://img.travel.rakuten.co.jp/HIMG/90/166453.jpg,https://img.travel.rakuten.co.jp/share/HOTEL/166453/166453_kan1.jpg,https://img.travel.rakuten.co.jp/HIMG/INTERIOR/166453.jpg,https://img.travel.rakuten.co.jp/share/HOTEL/166453/166453map.gif,738.0,3.66,,fpxsngl,◆シングル（禁煙）,6449363.0,【期間限定！タイムセール】素泊まりプラン,1,0,0,0,0,1,https://img.travel.rakuten.co.jp/image/tr/api/re/IdsCY/?f_no=166453&f_syu=fpxsngl&f_hi1=2026-07-18&f_hi2=2026-07-19&f_heya_su=1&f_otona_su=1&f_s1=0&f_s2=0&f_y1=0&f_y2=0&f_y3=0&f_y4=0&f_camp_id=6449363,0,2026-07-18,30349,30349,0,2026-07-18,fukuoka
29211,コンフォートホテル博多,https://img.travel.rakuten.co.jp/image/tr/api/re/pvonD/?f_no=29211,https://img.travel.rakuten.co.jp/image/tr/api/re/vFumt/?f_no=29211&f_flg=PLAN,https://img.travel.rakuten.co.jp/image/tr/api/re/WzozX/?noTomariHotel=29211,https://img.travel.rakuten.co.jp/image/tr/api/re/gJNfM/?f_hotel_no=29211,こんふぉーとほてる　はかた,日替わりスムージーが人気★無料朝食サービスがイチオシのコスパ最強ホテル◆博多駅西8出口徒歩1分◆小学6年生まで添い寝無料,5400.0,120915.44,469513.14,812-0011,福岡県,福岡市博多区博多駅前2-1-1,092-431-1211,092-431-8015,新幹線・JR在来線・地下鉄博多駅 博多口から徒歩１分◆福岡空港から地下鉄で約６分◆天神から地下鉄で約１５分◆,"提携駐車場2,000円/泊（入庫から17時間）※高さ制限2.1ｍ◆フロントにて清算、駐車券必要",博多,https://img.travel.rakuten.co.jp/share/HOTEL/29211/29211.jpg,https://img.travel.rakuten.co.jp/HIMG/90/29211.jpg,https://img.travel.rakuten.co.jp/share/HOTEL/29211/29211_s.jpg,https://img.travel.rakuten.co.jp/HIMG/INTERIOR/29211.jpg,https://img.travel.rakuten.co.jp/share/HOTEL/29211/29211map.gif,9449.0,3.63,"朝食バイキングの種類も多くて良かったです　2026-07-06 16:38:51投稿 <a href=""https://img.travel.rakuten.co.jp/image/tr/api/re/gJNfM/?f_hotel_no=29211"" class=""3click"">つづきはこちら</a>",nde,１ベッド◆ダブルエコノミー◆ ＜禁煙＞,4591629.0,※【 変動料金 】 Flexible rate◆朝食無料サービス◆,1,0,0,1,0,1,https://img.travel.rakuten.co.jp/image/tr/api/re/IdsCY/?f_no=29211&f_syu=nde&f_hi1=2026-07-18&f_hi2=2026-07-19&f_heya_su=1&f_otona_su=1&f_s1=0&f_s2=0&f_y1=0&f_y2=0&f_y3=0&f_y4=0&f_camp_id=4591629,0,2026-07-18,30000,30000,0,2026-07-18,fukuoka
130113,ザ　ロイヤルパークホテル　福岡,https://img.travel.rakuten.co.jp/image/tr/api/re/pvonD/?f_no=130113,https://img.travel.rakuten.co.jp/image/tr/api/re/vFumt/?f_no=130113&f_flg=PLAN,https://img.travel.rakuten.co.jp/image/tr/api/re/WzozX/?noTomariHotel=130113,https://img.travel.rakuten.co.jp/image/tr/api/re/gJNfM/?f_hotel_no=130113,ざ　ろいやるぱーくほてる　ふくおか,◆博多駅・キャナルシティ博多まで徒歩約5分◆ビジネスや観光の拠点として好立地◆ツインルーム以上は洗い場付き浴室！,6160.0,120913.83,469505.07,812-0011,福岡県,福岡市博多区博多駅前2-14-15,092-414-1111,092-414-1121,新幹線・ＪＲ線・市営地下鉄「博多駅」（博多口）より徒歩約5分,"提携駐車場あり(入庫から17時間まで2,000円)、徒歩約3分",博多,https://img.travel.rakuten.co.jp/share/HOTEL/130113/130113.jpg,https://img.travel.rakuten.co.jp/HIMG/90/130113.jpg,https://img.travel.rakuten.co.jp/share/HOTEL/130113/130113_kya.jpg,https://img.travel.rakuten.co.jp/HIMG/INTERIOR/130113.jpg,https://img.travel.rakuten.co.jp/share/HOTEL/130113/130113map.gif,1626.0,4.16,"ホテルからのアクセスも良く、近くにコンビニもあり不便なく利用できました。チェインは遅めだったんですけど、荷物だけ先に預かっていただき、とても快適に観光させていただけました。またよろしくお願いします　2026-07-09 03:42:53投稿 <a href=""https://img.travel.rakuten.co.jp/image/tr/api/re/gJNfM/?f_hotel_no=130113"" class=""3click"">つづきはこちら</a>",ptdn,【禁煙】プレミアムツインルーム,6486921.0,【楽天トラベルサマーSALE】博多駅より徒歩約5分！＜プレミアムフロア＞（朝食付）,1,0,0,1,0,1,https://img.travel.rakuten.co.jp/image/tr/api/re/IdsCY/?f_no=130113&f_syu=ptdn&f_hi1=2026-07-18&f_hi2=2026-07-19&f_heya_su=1&f_otona_su=1&f_s1=0&f_s2=0&f_y1=0&f_y2=0&f_y3=0&f_y4=0&f_camp_id=6486921,0,2026-07-18,65085,65085,0,2026-07-18,fukuoka
1620,ザ・ワンファイブマリン福岡,https://img.travel.rakuten.co.jp/image/tr/api/re/pvonD/?f_no=1620,https://img.travel.rakuten.co.jp/image/tr/api/re/vFumt/?f_no=1620&f_flg=PLAN,https://img.travel.rakuten.co.jp/image/tr/api/re/WzozX/?noTomariHotel=1620,https://img.travel.rakuten.co.jp/image/tr/api/re/gJNfM/?f_hotel_no=1620,ざ　わんふぁいぶまりん　ふくおか,福岡国際センターまで徒歩9分、サンパレスまで徒歩11分。マリンメッセ福岡、中洲も徒歩圏内。,2925.0,120945.17,469465.24,812-0023,福岡県,福岡市博多区奈良屋町10-21,0570-007-779,092-263-0040,福岡市営地下鉄「中洲川端」駅から徒歩8分,駐車場あり(先着順・予約不可)  2000円/ 1泊,中洲川端,https://img.travel.rakuten.co.jp/share/HOTEL/1620/1620.jpg,https://img.travel.rakuten.co.jp/HIMG/90/1620.jpg,https://img.travel.rakuten.co.jp/share/HOTEL/1620/1620_sgl.jpg,https://img.travel.rakuten.co.jp/HIMG/INTERIOR/1620.jpg,https://img.travel.rakuten.co.jp/share/HOTEL/1620/1620map.gif,1513.0,3.53,,d4,ダブル,4711118.0,「ザ・ワンファイブ」ステイ,1,0,0,0,0,1,https://img.travel.rakuten.co.jp/image/tr/api/re/IdsCY/?f_no=1620&f_syu=d4&f_hi1=2026-07-18&f_hi2=2026-07-19&f_heya_su=1&f_otona_su=1&f_s1=0&f_s2=0&f_y1=0&f_y2=0&f_y3=0&f_y4=0&f_camp_id=4711118,0,2026-07-18,25020,25020,0,2026-07-18,fukuoka
183346,ｍｉｚｕｋａ　Ｂｕｓｉｎｅｓｓ　キャナルシティ博多前,https://img.travel.rakuten.co.jp/image/tr/api/re/pvonD/?f_no=183346,https://img.travel.rakuten.co.jp/image/tr/api/re/vFumt/?f_no=183346&f_flg=PLAN,https://img.travel.rakuten.co.jp/image/tr/api/re/WzozX/?noTomariHotel=183346,https://img.travel.rakuten.co.jp/image/tr/api/re/gJNfM/?f_hotel_no=183346,みずか　びじねす　きゃなるしてぃはかたまえ,"櫛田神社前駅1分,JR博多駅8分！福岡空港からもアクセス良好◎  ビジネス出張&レジャー利用に便利なシティホテル。",4200.0,120915.61,469493.56,812-0038,福岡県,福岡市博多区祇園町6-22,092-688-2221,-,地下鉄空港線　祇園駅から徒歩5分　JR博多駅より徒歩8分　櫛田神社前駅より徒歩1分,無し,祇園（福岡）,https://img.travel.rakuten.co.jp/share/HOTEL/183346/183346.jpg,https://img.travel.rakuten.co.jp/HIMG/90/183346.jpg,,,https://img.travel.rakuten.co.jp/share/HOTEL/183346/183346map.gif,362.0,3.51,,bus_csh01,ダブルルーム(D1S0)_禁煙（連泊清掃なし）,5278674.0,【口コミ 10％OFF】福岡満喫プラン♪ ,1,0,0,0,0,1,https://img.travel.rakuten.co.jp/image/tr/api/re/IdsCY/?f_no=183346&f_syu=bus_csh01&f_hi1=2026-07-18&f_hi2=2026-07-19&f_heya_su=1&f_otona_su=1&f_s1=0&f_s2=0&f_y1=0&f_y2=0&f_y3=0&f_y4=0&f_camp_id=5278674,0,2026-07-18,28000,28000,0,2026-07-18,fukuoka
107837,スーパーホテルＩｎｎ博多,https://img.travel.rakuten.co.jp/image/tr/api/re/pvonD/?f_no=107837,https://img.travel.rakuten.co.jp/image/tr/api/re/vFumt/?f_no=107837&f_flg=PLAN,https://img.travel.rakuten.co.jp/image/tr/api/re/WzozX/?noTomariHotel=107837,https://img.travel.rakuten.co.jp/image/tr/api/re/gJNfM/?f_hotel_no=107837,すーぱーほてるいんはかた,朝食＆アルコールもあるウェルカムバー(15:00～21:00)無料！地下鉄呉服町駅から徒歩2分で博多・天神移動にも便利！,3400.0,120941.64,469489.88,812-0036,福岡県,福岡市博多区上呉服町11-32,092-282-9000,092-282-8886,地下鉄　呉服町駅より徒歩２分,有り　６台　７５０円（税込み／泊）　要電話予約　（ネットからの駐車場予約はできません。）,呉服町（福岡）,https://img.travel.rakuten.co.jp/share/HOTEL/107837/107837.jpg,https://img.travel.rakuten.co.jp/HIMG/90/107837.jpg,https://img.travel.rakuten.co.jp/share/HOTEL/107837/107837_sin.jpg,https://img.travel.rakuten.co.jp/HIMG/INTERIOR/107837.jpg,https://img.travel.rakuten.co.jp/share/HOTEL/107837/107837map.gif,601.0,3.85,"身体洗うのが少し嫌になりました。　2026-07-14 21:46:04投稿 <a href=""https://img.travel.rakuten.co.jp/image/tr/api/re/gJNfM/?f_hotel_no=107837"" class=""3click"">つづきはこちら</a>",r0,【喫煙】スタンダードルーム【115cm幅ベッド１台】,5257609.0,オンライン決済限定プラン☆朝食ビュッフェ付,1,0,0,1,0,2,https://img.travel.rakuten.co.jp/image/tr/api/re/IdsCY/?f_no=107837&f_syu=r0&f_hi1=2026-07-18&f_hi2=2026-07-19&f_heya_su=1&f_otona_su=1&f_s1=0&f_s2=0&f_y1=0&f_y2=0&f_y3=0&f_y4=0&f_camp_id=5257609,0,2026-07-18,19900,19900,0,2026-07-18,fukuoka
14811,サンビジネスホテル,https://img.travel.rakuten.co.jp/image/tr/api/re/pvonD/?f_no=14811,https://img.travel.rakuten.co.jp/image/tr/api/re/vFumt/?f_no=14811&f_flg=PLAN,https://img.travel.rakuten.co.jp/image/tr/api/re/WzozX/?noTomariHotel=14811,https://img.travel.rakuten.co.jp/image/tr/api/re/gJNfM/?f_hotel_no=14811,さんびじねすほてる,博多口徒歩2分★心を込めた接客と徹底清掃でお迎え／深夜1～5時施錠,2900.0,120914.06,469512.02,812-0011,福岡県,福岡市博多区博多駅前2-16-16,092-411-1155,092-411-1215,博多駅博多口から徒歩2分。天神や福岡空港からは、博多駅まで地下鉄で5分とアクセスは最高！,ございません,博多,https://img.travel.rakuten.co.jp/share/HOTEL/14811/14811.jpg,https://img.travel.rakuten.co.jp/HIMG/90/14811.jpg,https://img.travel.rakuten.co.jp/share/HOTEL/14811/14811_s.jpg,https://img.travel.rakuten.co.jp/HIMG/INTERIOR/14811.jpg,https://img.travel.rakuten.co.jp/share/HOTEL/14811/14811map.gif,1335.0,4.11,"スタッフの方々が皆様穏やかな方々で、優しいので博多に来る際はよくこちらを利用させていただいています♪　2026-07-15 01:59:44投稿 <a href=""https://img.travel.rakuten.co.jp/image/tr/api/re/gJNfM/?f_hotel_no=14811"" class=""3click"">つづきはこちら</a>",ddd,●喫煙●限定　ダブル　ベッド幅140cm きつえん,4605138.0,【返金不可・事前決済限定】博多駅博多口から徒歩2分のお得プラン★夜間施錠1時〜5時★,1,0,0,0,0,2,https://img.travel.rakuten.co.jp/image/tr/api/re/IdsCY/?f_no=14811&f_syu=ddd&f_hi1=2026-07-18&f_hi2=2026-07-19&f_heya_su=1&f_otona_su=1&f_s1=0&f_s2=0&f_y1=0&f_y2=0&f_y3=0&f_y4=0&f_camp_id=4605138,0,2026-07-18,19800,19800,0,2026-07-18,fukuoka
51206,スマイルスマートイン博多,https://img.travel.rakuten.co.jp/image/tr/api/re/pvonD/?f_no=51206,https://img.travel.rakuten.co.jp/image/tr/api/re/vFumt/?f_no=51206&f_flg=PLAN,https://img.travel.rakuten.co.jp/image/tr/api/re/WzozX/?noTomariHotel=51206,https://img.travel.rakuten.co.jp/image/tr/api/re/gJNfM/?f_hotel_no=51206,すまいるすまーといんはかた,QRコードによるセルフチェックイン●ホテル入口は24時間ロック＝暗証番号による解錠■全室禁煙ルーム■,1990.0,120947.46,469463.09,812-0022,福岡県,福岡市博多区神屋町3-5,092-262-6678, ,◇博多駅より車で10分、バス利用(Ｆ乗り場から行き先番号88・99)神屋町下車徒歩2分　◇地下鉄中洲川端駅より徒歩10分,ホテル駐車場はございません。近隣のコインパーキングをご利用ください。提携駐車場はございません,博多,https://img.travel.rakuten.co.jp/share/HOTEL/51206/51206.jpg,https://img.travel.rakuten.co.jp/HIMG/90/51206.jpg,https://img.travel.rakuten.co.jp/share/HOTEL/51206/51206_si.jpg,https://img.travel.rakuten.co.jp/HIMG/INTERIOR/51206.jpg,https://img.travel.rakuten.co.jp/share/HOTEL/51206/51206map.gif,1456.0,3.64,"チェックインも無人で不安はありましたがスムーズに出来ましたし　問題はなし。　朝食は非常に良かったですし新しいタイプ（無人）としてコスパが良くなるのであれば問題ありませんというか逆に良いかと思いました。　2026-07-09 19:16:10投稿 <a href=""https://img.travel.rakuten.co.jp/image/tr/api/re/gJNfM/?f_hotel_no=51206"" class=""3click"">つづきはこちら</a>",sn1,禁煙シングル【全館禁煙】　QRコードでチェックイン手続き,5633450.0,素泊りプラン【オンラインカード決済】事前チェックイン登録で当日楽々スマートイン,1,0,0,0,0,2,https://img.travel.rakuten.co.jp/image/tr/api/re/IdsCY/?f_no=51206&f_syu=sn1&f_hi1=2026-07-18&f_hi2=2026-07-19&f_heya_su=1&f_otona_su=1&f_s1=0&f_s2=0&f_y1=0&f_y2=0&f_y3=0&f_y4=0&f_camp_id=5633450,0,2026-07-18,23900,23900,0,2026-07-18,fukuoka
182516,ホテルジャパネスク福岡,https://img.travel.rakuten.co.jp/image/tr/api/re/pvonD/?f_no=182516,https://img.travel.rakuten.co.jp/image/tr/api/re/vFumt/?f_no=182516&f_flg=PLAN,,https://img.travel.rakuten.co.jp/image/tr/api/re/gJNfM/?f_hotel_no=182516,ほてるじゃぱねすくふくおか,サウナ、プール、カラオケ、会議室有！バストラックSUV敷地内駐車場有！アメニティバー充実,3600.0,121041.93,469526.88,812-0053,福岡県,福岡市東区箱崎6-18-12,092-645-2080,092-643-1001,"福岡空港駅よりお車にて約12分／博多駅よりお車にて約14分／駐車場約23台分完備（事前予約不可・1泊1,100円）","駐車場約40台分完備1泊1,100円、 大型車,トラック、バス1日3,300円",福岡空港,https://img.travel.rakuten.co.jp/share/HOTEL/182516/182516.jpg,https://img.travel.rakuten.co.jp/HIMG/90/182516.jpg,,,https://img.travel.rakuten.co.jp/share/HOTEL/182516/182516map.gif,281.0,3.65,,009,広々５名以上最大１０名様まで利用可能ご家族、合宿、研修旅行に,5909639.0,【素泊り】Wベッド、ソファベッド完備★サウナプール無料・全室バルコニー、大型車チェックアウト11時,1,0,0,0,0,1,https://img.travel.rakuten.co.jp/image/tr/api/re/IdsCY/?f_no=182516&f_syu=009&f_hi1=2026-07-18&f_hi2=2026-07-19&f_heya_su=1&f_otona_su=1&f_s1=0&f_s2=0&f_y1=0&f_y2=0&f_y3=0&f_y4=0&f_camp_id=5909639,0,2026-07-18,49140,49140,0,2026-07-18,fukuoka
177538,ＴＨＥ　ＨＯＴＥＬＳ　ＨＡＫＡＴＡ　ＫＡＳＡＮＥ　ＢＡＹＳＩＤＥ,https://img.travel.rakuten.co.jp/image/tr/api/re/pvonD/?f_no=177538,https://img.travel.rakuten.co.jp/image/tr/api/re/vFumt/?f_no=177538&f_flg=PLAN,https://img.travel.rakuten.co.jp/image/tr/api/re/WzozX/?noTomariHotel=177538,https://img.travel.rakuten.co.jp/image/tr/api/re/gJNfM/?f_hotel_no=177538,ざ　ほてるず　はかた　かさね　べいさいど,【全室禁煙・空気清浄機完備】マリンメッセや国際センターなどのコンサート・イベント会場がすぐそこ！【軽朝食無料】,4150.0,120952.87,469452.23,812-0021,福岡県,福岡市博多区築港本町4-16,092-271-1171,092-271-3723,JR博多駅よりバス約15分・地下鉄中洲川端駅より徒歩約15分・築港本町バス停より徒歩1分,"最大3台 1台1,100円（泊/税込）高さ制限2メートル ※先着順のため予約は承っておりません",中洲川端,https://img.travel.rakuten.co.jp/share/HOTEL/177538/177538.jpg,https://img.travel.rakuten.co.jp/HIMG/90/177538.jpg,,,https://img.travel.rakuten.co.jp/share/HOTEL/177538/177538map.gif,192.0,4.05,"部屋もとても綺麗に清掃されていました。　2026-07-12 13:36:30投稿 <a href=""https://img.travel.rakuten.co.jp/image/tr/api/re/gJNfM/?f_hotel_no=177538"" class=""3click"">つづきはこちら</a>",d,【禁煙】スタンダードダブルルーム,4573715.0,【直前予約割引プラン】＜楽天限定＞直前でのご予約がお得〜朝食無料サービス実施中〜,4,0,0,1,0,1,https://img.travel.rakuten.co.jp/image/tr/api/re/IdsCY/?f_no=177538&f_syu=d&f_hi1=2026-07-18&f_hi2=2026-07-19&f_heya_su=1&f_otona_su=1&f_s1=0&f_s2=0&f_y1=0&f_y2=0&f_y3=0&f_y4=0&f_camp_id=4573715,0,2026-07-18,25800,25800,0,2026-07-18,fukuoka
172227,ヴィアイン博多口駅前（ＪＲ西日本グループ）,https://img.travel.rakuten.co.jp/image/tr/api/re/pvonD/?f_no=172227,https://img.travel.rakuten.co.jp/image/tr/api/re/vFumt/?f_no=172227&f_flg=PLAN,https://img.travel.rakuten.co.jp/image/tr/api/re/WzozX/?noTomariHotel=172227,https://img.travel.rakuten.co.jp/image/tr/api/re/gJNfM/?f_hotel_no=172227,ヴぃあいんはかたぐちえきまえ,★楽天トラベルブロンズアワード２０２０受賞★ 博多駅「博多口」より徒歩約３分の好立地 / 全室禁煙でクリーンな客室,4630.0,120915.03,469508.53,812-0011,福岡県,福岡市博多区博多駅前2丁目17番11号,092-452-5489,092-452-5490,JR各線・新幹線・地下鉄「博多駅」博多口より徒歩約３分　／　福岡空港より地下鉄空港線にて２駅５分「博多駅」下車,"【事前予約制・電話受付のみ】計５台(2,000円/１泊)　入庫不可車種・満車時は近隣駐車場へご案内",博多,https://img.travel.rakuten.co.jp/share/HOTEL/172227/172227.jpg,https://img.travel.rakuten.co.jp/HIMG/90/172227.jpg,https://img.travel.rakuten.co.jp/share/HOTEL/172227/172227_kan1.jpg,https://img.travel.rakuten.co.jp/HIMG/INTERIOR/172227.jpg,https://img.travel.rakuten.co.jp/share/HOTEL/172227/172227map.gif,720.0,3.89,"部屋は清潔で使いやすかっ…　2026-04-01 20:58:18投稿 <a href=""https://img.travel.rakuten.co.jp/image/tr/api/re/gJNfM/?f_hotel_no=172227"" class=""3click"">つづきはこちら</a>",05nsb1,シングルB,4380292.0,スタンダードプラン【食事なし】,1,0,0,0,0,1,https://img.travel.rakuten.co.jp/image/tr/api/re/IdsCY/?f_no=172227&f_syu=05nsb1&f_hi1=2026-07-18&f_hi2=2026-07-19&f_heya_su=1&f_otona_su=1&f_s1=0&f_s2=0&f_y1=0&f_y2=0&f_y3=0&f_y4=0&f_camp_id=4380292,0,2026-07-18,27560,27560,0,2026-07-18,fukuoka
166975,東急ステイ博多,https://img.travel.rakuten.co.jp/image/tr/api/re/pvonD/?f_no=166975,https://img.travel.rakuten.co.jp/image/tr/api/re/vFumt/?f_no=166975&f_flg=PLAN,https://img.travel.rakuten.co.jp/image/tr/api/re/WzozX/?noTomariHotel=166975,https://img.travel.rakuten.co.jp/image/tr/api/re/gJNfM/?f_hotel_no=166975,とうきゅうすていはかた,全室に洗濯乾燥機・電子レンジ完備！連泊・中長期の滞在に便利♪♪,6300.0,120895.8,469524.24,812-0016,福岡県,福岡市博多区博多駅南1-11-11,092-431-1091,092-431-1092,福岡市地下鉄空港線博多駅　東5番出口より徒歩7分　/　JR博多駅　筑紫口より徒歩8分,無し。近隣のコインパーキングをご利用ください（提携駐車場はございません）。,博多,https://img.travel.rakuten.co.jp/share/HOTEL/166975/166975.jpg,https://img.travel.rakuten.co.jp/HIMG/90/166975.jpg,,,https://img.travel.rakuten.co.jp/share/HOTEL/166975/166975map.gif,1029.0,4.36,,moderate1,モデレートダブル1名様【禁煙】18平米／洗濯乾燥機・デスク付,6432374.0,【2026年5月18日OPEN】東急ステイメルキュール広島 開業応援プラン【1名】（素泊）,1,0,0,0,0,1,https://img.travel.rakuten.co.jp/image/tr/api/re/IdsCY/?f_no=166975&f_syu=moderate1&f_hi1=2026-07-18&f_hi2=2026-07-19&f_heya_su=1&f_otona_su=1&f_s1=0&f_s2=0&f_y1=0&f_y2=0&f_y3=0&f_y4=0&f_camp_id=6432374,0,2026-07-18,49400,49400,0,2026-07-18,fukuoka
172876,ＴＨＥ　ＢＬＯＳＳＯＭ　ＨＡＫＡＴＡ　Ｐｒｅｍｉｅｒ（ザ　ブラッサム博多プレミア）,https://img.travel.rakuten.co.jp/image/tr/api/re/pvonD/?f_no=172876,https://img.travel.rakuten.co.jp/image/tr/api/re/vFumt/?f_no=172876&f_flg=PLAN,https://img.travel.rakuten.co.jp/image/tr/api/re/WzozX/?noTomariHotel=172876,https://img.travel.rakuten.co.jp/image/tr/api/re/gJNfM/?f_hotel_no=172876,ざ　ぶらっさむ　はかた　ぷれみあ,～博多の粋、最高のおもてなし～この街に、脈々と受け継がれる美意識を極めたホテル,,120912.84,469498.88,812-0011,福岡県,福岡市博多区博多駅前2丁目8番12号,092-431-8702,092-431-8712,JR博多駅「博多口」より徒歩7分、福岡市地下鉄櫛田神社駅より徒歩5分、「キャナルシティー博多」より徒歩2分,ご宿泊者専用駐車場がございます(先着順・予約不可)  詳細は公式ホームページをご確認ください,博多,https://img.travel.rakuten.co.jp/share/HOTEL/172876/172876.jpg,https://img.travel.rakuten.co.jp/HIMG/90/172876.jpg,https://img.travel.rakuten.co.jp/share/HOTEL/172876/172876_kan1.jpg,https://img.travel.rakuten.co.jp/HIMG/INTERIOR/172876.jpg,https://img.travel.rakuten.co.jp/share/HOTEL/172876/172876map.gif,392.0,4.6,"ジルのお土産が欲しくて宿泊。お部屋はきれいで大浴場もよかったです。　2026-06-23 15:13:57投稿 <a href=""https://img.travel.rakuten.co.jp/image/tr/api/re/gJNfM/?f_hotel_no=172876"" class=""3click"">つづきはこちら</a>",nkm1,＜禁煙＞モデレートキング 1名 ※バスタブなし,5810605.0,【スタンダード】ご宿泊直前までご予約可能！1・2階には人気飲食店が7店舗(食事なし),1,0,0,0,0,1,https://img.travel.rakuten.co.jp/image/tr/api/re/IdsCY/?f_no=172876&f_syu=nkm1&f_hi1=2026-07-18&f_hi2=2026-07-19&f_heya_su=1&f_otona_su=1&f_s1=0&f_s2=0&f_y1=0&f_y2=0&f_y3=0&f_y4=0&f_camp_id=5810605,0,2026-07-18,51150,51150,0,2026-07-18,fukuoka
172316,三井ガーデンホテル福岡祇園,https://img.travel.rakuten.co.jp/image/tr/api/re/pvonD/?f_no=172316,https://img.travel.rakuten.co.jp/image/tr/api/re/vFumt/?f_no=172316&f_flg=PLAN,https://img.travel.rakuten.co.jp/image/tr/api/re/WzozX/?noTomariHotel=172316,https://img.travel.rakuten.co.jp/image/tr/api/re/gJNfM/?f_hotel_no=172316,みついがーでんほてるふくおかぎおん,博多に育まれた文化が香る、上質な設え。非日常へといざなう最上階大浴場の露天風呂でおくつろぎください。,10836.0,120914.67,469497.32,812-0011,福岡県,福岡市博多区博多駅前2-8-15,092-414-3131,092-414-3101,ＪＲ　博多駅　博多口より徒歩にて約７分,有り　２８台　２，０００円（税込み／泊）　先着順 　車両制限あり。詳細は公式HPをご覧ください。,博多,https://img.travel.rakuten.co.jp/share/HOTEL/172316/172316.jpg,https://img.travel.rakuten.co.jp/HIMG/90/172316.jpg,,,https://img.travel.rakuten.co.jp/share/HOTEL/172316/172316map.gif,679.0,4.5,"朝食を楽しみにしていました。　小鉢のお料理　和洋種類豊富で大満足です。　とても美味しかったです。又、あいにくの雨の日の宿泊でしたが、大浴場も清潔でゆったりと過ごす事が出来ました。又、博多に来る時は利用…　2026-06-26 17:19:47投稿 <a href=""https://img.travel.rakuten.co.jp/image/tr/api/re/gJNfM/?f_hotel_no=172316"" class=""3click"">つづきはこちら</a>",stdd2,スタンダードダブル　【禁煙】,6486464.0,【楽天トラベルサマーSALE】ベーシックプラン  ＜素泊り＞ ,1,0,0,0,0,1,https://img.travel.rakuten.co.jp/image/tr/api/re/IdsCY/?f_no=172316&f_syu=stdd2&f_hi1=2026-07-18&f_hi2=2026-07-19&f_heya_su=1&f_otona_su=1&f_s1=0&f_s2=0&f_y1=0&f_y2=0&f_y3=0&f_y4=0&f_camp_id=6486464,0,2026-07-18,55660,55660,0,2026-07-18,fukuoka
184444,プリンス　スマート　イン　博多,https://img.travel.rakuten.co.jp/image/tr/api/re/pvonD/?f_no=184444,https://img.travel.rakuten.co.jp/image/tr/api/re/vFumt/?f_no=184444&f_flg=PLAN,https://img.travel.rakuten.co.jp/image/tr/api/re/WzozX/?noTomariHotel=184444,https://img.travel.rakuten.co.jp/image/tr/api/re/gJNfM/?f_hotel_no=184444,ぷりんすすまーといんはかた,【2022年10月13日開業】JR博多駅・博多口より徒歩約5分。新幹線・福岡空港からアクセス便利！観光や出張の拠点に。,4750.0,120906.64,469505.24,812-0011,福岡県,福岡市博多区博多駅前三丁目21番４号,050-3117-8027,092-482-3111,JR博多駅・博多口より徒歩約5分。新幹線・福岡空港からアクセス便利！観光にもビジネスにもおすすめです。,"1泊 1,300円　※先着順 ※お支払いはご宿泊日当日クレジットカードでのご精算",博多,https://img.travel.rakuten.co.jp/share/HOTEL/184444/184444.jpg,https://img.travel.rakuten.co.jp/HIMG/90/184444.jpg,,,https://img.travel.rakuten.co.jp/share/HOTEL/184444/184444map.gif,126.0,3.92,,prdn,【禁煙】スタンダードダブル,6111743.0,【ベーシックレート】室料のみ（軽朝食サービス付き）,1,0,0,0,0,2,https://img.travel.rakuten.co.jp/image/tr/api/re/IdsCY/?f_no=184444&f_syu=prdn&f_hi1=2026-07-18&f_hi2=2026-07-19&f_heya_su=1&f_otona_su=1&f_s1=0&f_s2=0&f_y1=0&f_y2=0&f_y3=0&f_y4=0&f_camp_id=6111743,0,2026-07-18,50804,50804,0,2026-07-18,fukuoka
76922,博多東急ＲＥＩホテル,https://img.travel.rakuten.co.jp/image/tr/api/re/pvonD/?f_no=76922,https://img.travel.rakuten.co.jp/image/tr/api/re/vFumt/?f_no=76922&f_flg=PLAN,https://img.travel.rakuten.co.jp/image/tr/api/re/WzozX/?noTomariHotel=76922,https://img.travel.rakuten.co.jp/image/tr/api/re/gJNfM/?f_hotel_no=76922,はかたとうきゅうＲＥＩ,【ご宿泊プラン楽天ポイント２倍対象施設】更に現地で楽天ポイントカードをご提示で楽天ポイント加算,6165.0,120919.21,469514.04,812-0011,福岡県,福岡市博多区博多駅前1-2-23,092-451-0109,092-451-0188,博多駅「博多口」より徒歩にて約3分/福岡市営地下鉄 博多駅「西6」番出口より徒歩約1分,"先着順12台　1泊1,500円　普通車（幅2.05m×長さ5m×高さ1.55m以内）",博多,https://img.travel.rakuten.co.jp/share/HOTEL/76922/76922.jpg,https://img.travel.rakuten.co.jp/HIMG/90/76922.jpg,https://img.travel.rakuten.co.jp/share/HOTEL/76922/76922_room.jpg,https://img.travel.rakuten.co.jp/HIMG/INTERIOR/76922.jpg,https://img.travel.rakuten.co.jp/share/HOTEL/76922/76922map.gif,3311.0,4.19,"駅から近く、アクセスも良好でした。連泊しましたが部屋の広さは十分でくつろげました。　2026-06-09 16:01:55投稿 <a href=""https://img.travel.rakuten.co.jp/image/tr/api/re/gJNfM/?f_hotel_no=76922"" class=""3click"">つづきはこちら</a>",sbc21_2,ダブル　シャワーブース＜喫煙＞,5678013.0,駅近ホテルでのんびり滞在が嬉しいレイトチェックアウト１３時の特典付プラン＜素泊り＞,1,0,0,0,0,1,https://img.travel.rakuten.co.jp/image/tr/api/re/IdsCY/?f_no=76922&f_syu=sbc21_2&f_hi1=2026-07-18&f_hi2=2026-07-19&f_heya_su=1&f_otona_su=1&f_s1=0&f_s2=0&f_y1=0&f_y2=0&f_y3=0&f_y4=0&f_camp_id=5678013,0,2026-07-18,46500,46500,0,2026-07-18,fukuoka
168249,ホテルフラトン福岡博多,https://img.travel.rakuten.co.jp/image/tr/api/re/pvonD/?f_no=168249,https://img.travel.rakuten.co.jp/image/tr/api/re/vFumt/?f_no=168249&f_flg=PLAN,https://img.travel.rakuten.co.jp/image/tr/api/re/WzozX/?noTomariHotel=168249,https://img.travel.rakuten.co.jp/image/tr/api/re/gJNfM/?f_hotel_no=168249,ほてるふらとんふくおかはかた,得旅キャンペーン参加中★楽天アワード2年連続受賞★開業5周年記念！全室シモンズ社製ベッド導入！wi-fi無料！,4750.0,120906.09,469537.3,812-0013,福岡県,福岡市博多区博多駅東2-10-18,092-475-8585,092-433-6600,博多駅筑紫口【新幹線口】徒歩4分の好立地★全室禁煙★福岡空港約15分★地下鉄空港線で福岡空港、天神中洲、ドームへ直★,周囲にコインパーキングが多数　※ホテル前平置／タイムズ福岡合同庁舎／２０時〜８時：５００円：出入不可,博多,https://img.travel.rakuten.co.jp/share/HOTEL/168249/168249.jpg,https://img.travel.rakuten.co.jp/HIMG/90/168249.jpg,,,https://img.travel.rakuten.co.jp/share/HOTEL/168249/168249map.gif,521.0,3.68,"部屋はとても清潔感があり、きれいでした。ただ入った瞬間に前の利用客なのかオッサンとデオドラント臭が…エアコンつけてもずっと取れませんでした…。あとカビ臭いどではいかないけれど、湿気の臭い？がすごかった…　2026-06-24 13:23:47投稿 <a href=""https://img.travel.rakuten.co.jp/image/tr/api/re/gJNfM/?f_hotel_no=168249"" class=""3click"">つづきはこちら</a>",double,禁煙＜シモンズベッド＞ダブルベッドルーム/12時アウト,4301056.0,【楽天アワード2年連続受賞＆開業６周年記念】ＪＲ博多駅徒歩４分！立地抜群！WIFI無料！12時アウト,1,0,0,0,0,1,https://img.travel.rakuten.co.jp/image/tr/api/re/IdsCY/?f_no=168249&f_syu=double&f_hi1=2026-07-18&f_hi2=2026-07-19&f_heya_su=1&f_otona_su=1&f_s1=0&f_s2=0&f_y1=0&f_y2=0&f_y3=0&f_y4=0&f_camp_id=4301056,0,2026-07-18,35200,35200,0,2026-07-18,fukuoka
182870,リアリティ博多２,https://img.travel.rakuten.co.jp/image/tr/api/re/pvonD/?f_no=182870,https://img.travel.rakuten.co.jp/image/tr/api/re/vFumt/?f_no=182870&f_flg=PLAN,,https://img.travel.rakuten.co.jp/image/tr/api/re/gJNfM/?f_hotel_no=182870,りありてぃはかた２,リノベーションを行いました！最大約42㎡の開放感あるお部屋！博多駅までの利便性◎ワーケーションや長期利用にもおすすめ！,7700.0,120925.71,469536.3,812-0043,福岡県,福岡市博多区堅粕5-8-15,092-645-2080,092-724-3609,ＪＲ　博多駅筑紫口から徒歩約６分,近隣にコインパーキング有り,博多,https://img.travel.rakuten.co.jp/share/HOTEL/182870/182870.jpg,https://img.travel.rakuten.co.jp/HIMG/90/182870.jpg,,,https://img.travel.rakuten.co.jp/share/HOTEL/182870/182870map.gif,41.0,2.58,"無人施設のため、事前に荷物を預けることはできませんが、広さ、綺麗さなど満足です。トイレとお風呂が別々にあるのもよかったです。　2026-05-16 10:23:36投稿 <a href=""https://img.travel.rakuten.co.jp/image/tr/api/re/gJNfM/?f_hotel_no=182870"" class=""3click"">つづきはこちら</a>",dxtwn403,【禁煙】デラックスツインルーム403,5672116.0,【素泊まり】自宅のように過ごせる部屋！家族やグループ旅行オススメ！博多駅筑紫口より徒歩6分（通年）,1,0,0,0,0,2,https://img.travel.rakuten.co.jp/image/tr/api/re/IdsCY/?f_no=182870&f_syu=dxtwn403&f_hi1=2026-07-18&f_hi2=2026-07-19&f_heya_su=1&f_otona_su=1&f_s1=0&f_s2=0&f_y1=0&f_y2=0&f_y3=0&f_y4=0&f_camp_id=5672116,0,2026-07-18,25000,25000,0,2026-07-18,fukuoka
181717,ホテルリブマックス博多駅前,https://img.travel.rakuten.co.jp/image/tr/api/re/pvonD/?f_no=181717,https://img.travel.rakuten.co.jp/image/tr/api/re/vFumt/?f_no=181717&f_flg=PLAN,https://img.travel.rakuten.co.jp/image/tr/api/re/WzozX/?noTomariHotel=181717,https://img.travel.rakuten.co.jp/image/tr/api/re/gJNfM/?f_hotel_no=181717,ほてるりぶまっくすはかたえきまえ,【2020年12月OPEN】「博多駅」徒歩5分　加湿空気清浄機＆電子レンジなど充実のルームコンテンツ,4675.0,120913.17,469500.65,812-0011,福岡県,福岡市博多区博多駅前2-7-9,092-419-2280,092-419-2281,「博多」駅より徒歩5分,無し※近隣にコインパーキング多数あり！,博多,https://img.travel.rakuten.co.jp/share/HOTEL/181717/181717.jpg,https://img.travel.rakuten.co.jp/HIMG/90/181717.jpg,,,https://img.travel.rakuten.co.jp/share/HOTEL/181717/181717map.gif,309.0,3.73,,pt-1,【ペット同伴ルーム】シングル/禁煙/２２平米,5816867.0,【Dog×Stay】ワンちゃん同伴宿泊プラン【直前予約限定でポイント１０倍付き】【素泊り】,10,0,0,0,0,1,https://img.travel.rakuten.co.jp/image/tr/api/re/IdsCY/?f_no=181717&f_syu=pt-1&f_hi1=2026-07-18&f_hi2=2026-07-19&f_heya_su=1&f_otona_su=1&f_s1=0&f_s2=0&f_y1=0&f_y2=0&f_y3=0&f_y4=0&f_camp_id=5816867,0,2026-07-18,42000,42000,0,2026-07-18,fukuoka
177846,９ＨＯＴＥＬ　ＨＡＫＡＴＡ,https://img.travel.rakuten.co.jp/image/tr/api/re/pvonD/?f_no=177846,https://img.travel.rakuten.co.jp/image/tr/api/re/vFumt/?f_no=177846&f_flg=PLAN,https://img.travel.rakuten.co.jp/image/tr/api/re/WzozX/?noTomariHotel=177846,https://img.travel.rakuten.co.jp/image/tr/api/re/gJNfM/?f_hotel_no=177846,ないん　ほてる　はかた,中洲まで徒歩5分。全室風呂トイレ別のゆったり空間。館内・客室には九州の色が感じられます。,6400.0,120931.02,469487.7,812-0039,福岡県,福岡市博多区冷泉町9-16,092-263-5010,092-263-5020,福岡空港から地下鉄祇園駅まで7分。祇園駅徒歩約5分。中洲川端駅徒歩6分、博多駅から徒歩約13分,なし,祇園（福岡）,https://img.travel.rakuten.co.jp/share/HOTEL/177846/177846.jpg,https://img.travel.rakuten.co.jp/HIMG/90/177846.jpg,https://img.travel.rakuten.co.jp/share/HOTEL/177846/177846_kan1.jpg,https://img.travel.rakuten.co.jp/HIMG/INTERIOR/177846.jpg,https://img.travel.rakuten.co.jp/share/HOTEL/177846/177846map.gif,208.0,3.84,"受付の雰囲気は良かった。お部屋は和洋室、窓側と押し入れに障子があり子供が小さいので破りそうでヒヤヒヤ、寝るだけでとったお部屋だったからなんとか過ごせました^_^子連れで長時間居るのはキツイかも！冷蔵庫…　2026-03-29 23:54:14投稿 <a href=""https://img.travel.rakuten.co.jp/image/tr/api/re/gJNfM/?f_hotel_no=177846"" class=""3click"">つづきはこちら</a>",0001,【禁煙】スーペリアクイーン ＜24平米／ベッド幅160＞,5565904.0,【シンプルプラン】中州エリア☆博多駅近！２３平米以上のゆったり空間！＜素泊まり＞,1,0,0,0,0,1,https://img.travel.rakuten.co.jp/image/tr/api/re/IdsCY/?f_no=177846&f_syu=0001&f_hi1=2026-07-18&f_hi2=2026-07-19&f_heya_su=1&f_otona_su=1&f_s1=0&f_s2=0&f_y1=0&f_y2=0&f_y3=0&f_y4=0&f_camp_id=5565904,0,2026-07-18,37200,37200,0,2026-07-18,fukuoka
178595,ＣＲＯＳＳ　ＳＴＡＧＥ,https://img.travel.rakuten.co.jp/image/tr/api/re/pvonD/?f_no=178595,https://img.travel.rakuten.co.jp/image/tr/api/re/vFumt/?f_no=178595&f_flg=PLAN,,https://img.travel.rakuten.co.jp/image/tr/api/re/gJNfM/?f_hotel_no=178595,くろすすてーじ,博多駅徒歩圏内、バス停目の前☆Free WI-FI★fire TV設置で動画に映画★,6000.0,120883.66,469527.93,812-0011,福岡県,福岡市博多区博多駅南2-10-26　302，303，305、306号,092-558-2879 ,092-558-2879,博多駅より徒歩にて約１２分,無し。近くにコインパーキング多数有ります。,博多,https://img.travel.rakuten.co.jp/share/HOTEL/178595/178595.jpg,https://img.travel.rakuten.co.jp/HIMG/90/178595.jpg,https://img.travel.rakuten.co.jp/share/HOTEL/178595/178595_kan1.jpg,https://img.travel.rakuten.co.jp/HIMG/INTERIOR/178595.jpg,https://img.travel.rakuten.co.jp/share/HOTEL/178595/178595map.gif,41.0,3.81,"室内に宿泊税についての支払い方法を含む説明資料があったかもしれないが、泊まるだけで利用したので、そこま…　2026-06-20 16:59:41投稿 <a href=""https://img.travel.rakuten.co.jp/image/tr/api/re/gJNfM/?f_hotel_no=178595"" class=""3click"">つづきはこちら</a>",303,☆ 博多駅徒歩圏内　セミダブル1〜2名　 303☆,,,1,0,0,0,0,2,https://img.travel.rakuten.co.jp/image/tr/api/re/IdsCY/?f_no=178595&f_syu=303&f_hi1=2026-07-18&f_hi2=2026-07-19&f_heya_su=1&f_otona_su=1&f_s1=0&f_s2=0&f_y1=0&f_y2=0&f_y3=0&f_y4=0,1,2026-07-18,15000,15000,0,2026-07-18,fukuoka
165238,ネストホテル博多駅前,https://img.travel.rakuten.co.jp/image/tr/api/re/pvonD/?f_no=165238,https://img.travel.rakuten.co.jp/image/tr/api/re/vFumt/?f_no=165238&f_flg=PLAN,https://img.travel.rakuten.co.jp/image/tr/api/re/WzozX/?noTomariHotel=165238,https://img.travel.rakuten.co.jp/image/tr/api/re/gJNfM/?f_hotel_no=165238,ねすとほてるはかたえきまえ,【全館・全室・完全禁煙】博多駅前の好立地。睡眠環境にこだわった、安らぎの時間が流れるホテル。,5890.0,120917.91,469507.1,812-0011,福岡県,福岡市博多区博多駅前2-11-27,092-260-1695,092-260-1491,ＪＲ博多駅の博多口をでて徒歩にて約５分。　　空港からは地下鉄祇園駅で下車、連絡通路Ｐ４出口から徒歩にて約1分。,"有り　2台　1,500円（税込み／泊）　先着順 予約不可",博多,https://img.travel.rakuten.co.jp/share/HOTEL/165238/165238.jpg,https://img.travel.rakuten.co.jp/HIMG/90/165238.jpg,,,https://img.travel.rakuten.co.jp/share/HOTEL/165238/165238map.gif,331.0,3.67,,db1,【禁煙/15平米/ベッド幅140】ダブルルーム【1名利用】,6497792.0,【楽天トラベルサマーSALE】スタンダードプラン【食事なし】,1,0,0,0,0,1,https://img.travel.rakuten.co.jp/image/tr/api/re/IdsCY/?f_no=165238&f_syu=db1&f_hi1=2026-07-18&f_hi2=2026-07-19&f_heya_su=1&f_otona_su=1&f_s1=0&f_s2=0&f_y1=0&f_y2=0&f_y3=0&f_y4=0&f_camp_id=6497792,0,2026-07-18,41800,41800,0,2026-07-18,fukuoka
168722,オリエンタルホテル福岡　博多ステーション,https://img.travel.rakuten.co.jp/image/tr/api/re/pvonD/?f_no=168722,https://img.travel.rakuten.co.jp/image/tr/api/re/vFumt/?f_no=168722&f_flg=PLAN,https://img.travel.rakuten.co.jp/image/tr/api/re/WzozX/?noTomariHotel=168722,https://img.travel.rakuten.co.jp/image/tr/api/re/gJNfM/?f_hotel_no=168722,おりえんたるほてるふくおか　はかたすてーしょん,【JR博多駅隣接＆地下鉄博多駅直結】朝食レストランがグランドオープン☆ホテルこだわりの朝食ブッフェをお愉しみください！,13365.0,120914.18,469527.51,812-0012,福岡県,福岡市博多区博多駅中央街4-23,092-461-0170,092-461-0171,JR「博多駅」筑紫口から徒歩1分。福岡空港から地下鉄空港線で所要時間5分＆地下鉄「博多駅」直結,"Dパーキング(ホテル1F)/オオイパーキング博多駅東(竹下通り向かい):24H2,000円※予約不可",博多,https://img.travel.rakuten.co.jp/share/HOTEL/168722/168722.jpg,https://img.travel.rakuten.co.jp/HIMG/90/168722.jpg,,,https://img.travel.rakuten.co.jp/share/HOTEL/168722/168722map.gif,445.0,3.95,"博多駅すぐの高立地が決め手でした。大人2人＆子供2人で一泊しました。リノベーションされているようでしたが建物が古い感じがしました。そして土曜日とはいえ一泊8万円とはとても高額でその割に部屋は普通でした…　2026-07-12 09:45:56投稿 <a href=""https://img.travel.rakuten.co.jp/image/tr/api/re/gJNfM/?f_hotel_no=168722"" class=""3click"">つづきはこちら</a>",stdb,■スタンダードダブル 15.5平米（禁煙・シャワーブース）,6488983.0,【楽天トラベルサマーSALE】ファミリーにおすすめ！博多駅直結＆小学生添寝可／朝食付,1,0,0,1,0,1,https://img.travel.rakuten.co.jp/image/tr/api/re/IdsCY/?f_no=168722&f_syu=stdb&f_hi1=2026-07-18&f_hi2=2026-07-19&f_heya_su=1&f_otona_su=1&f_s1=0&f_s2=0&f_y1=0&f_y2=0&f_y3=0&f_y4=0&f_camp_id=6488983,0,2026-07-18,56610,56610,0,2026-07-18,fukuoka
177556,ＣＲＹＳＴＡＬ＆ＲＥＳＯＲＴ　ＦＵＫＵＯＫＡ,https://img.travel.rakuten.co.jp/image/tr/api/re/pvonD/?f_no=177556,https://img.travel.rakuten.co.jp/image/tr/api/re/vFumt/?f_no=177556&f_flg=PLAN,https://img.travel.rakuten.co.jp/image/tr/api/re/WzozX/?noTomariHotel=177556,https://img.travel.rakuten.co.jp/image/tr/api/re/gJNfM/?f_hotel_no=177556,くりすたるあんどりぞーと　ふくおか,非日常を味わえるお部屋と暮らすように滞在できるお部屋！屋上が素敵！２４時間スーパー・コンビニ・ドラッグストア徒歩１～３分,5800.0,121104.71,469565.06,813-0043,福岡県,福岡市東区名島3-2-24,092-662-8222,092-662-8233,西鉄貝塚線　名島駅より徒歩にて約２分。都市高速名島出口から車で８分。博多駅から車で１５～２０分　千早駅から徒歩圏内,先着順３台 600円/泊 ご希望の方はお電話にてご連絡ください。　※ハイシーズンは価格が異なります,名島,https://img.travel.rakuten.co.jp/share/HOTEL/177556/177556.jpg,https://img.travel.rakuten.co.jp/HIMG/90/177556.jpg,,,https://img.travel.rakuten.co.jp/share/HOTEL/177556/177556map.gif,78.0,4.36,"パンダ部屋で色々なところにパンダがいて可愛かったです。コンパクトなお部屋ですが、風呂トイレ別、部屋もキレイで良かったです。駐車場はメールで予約して借りれました。電車の音も意外と気にならなかったです。　2026-06-13 20:00:25投稿 <a href=""https://img.travel.rakuten.co.jp/image/tr/api/re/gJNfM/?f_hotel_no=177556"" class=""3click"">つづきはこちら</a>",701,Suite Group Standard,,,1,0,0,0,0,2,https://img.travel.rakuten.co.jp/image/tr/api/re/IdsCY/?f_no=177556&f_syu=701&f_hi1=2026-07-18&f_hi2=2026-07-19&f_heya_su=1&f_otona_su=1&f_s1=0&f_s2=0&f_y1=0&f_y2=0&f_y3=0&f_y4=0,1,2026-07-18,22500,22500,0,2026-07-18,fukuoka
140977,ＪＲ九州ホテル　ブラッサム博多中央,https://img.travel.rakuten.co.jp/image/tr/api/re/pvonD/?f_no=140977,https://img.travel.rakuten.co.jp/image/tr/api/re/vFumt/?f_no=140977&f_flg=PLAN,https://img.travel.rakuten.co.jp/image/tr/api/re/WzozX/?noTomariHotel=140977,https://img.travel.rakuten.co.jp/image/tr/api/re/gJNfM/?f_hotel_no=140977,じぇいあーるきゅうしゅうほてるぶらっさむはかたちゅうおう,ＪＲ博多駅博多口から一番近いホテル♪12歳まで添い寝無料！,,120911.77,469513.38,812-0011,福岡県,福岡市博多区博多駅前2-2-11,092-477-8739,092-477-8789,JR博多駅博多口より徒歩２分,提携駐車場　２０００円／１７時間。17時間を超える場合、200円／20分。,博多,https://img.travel.rakuten.co.jp/share/HOTEL/140977/140977.jpg,https://img.travel.rakuten.co.jp/HIMG/90/140977.jpg,https://img.travel.rakuten.co.jp/share/HOTEL/140977/140977_kya.jpg,https://img.travel.rakuten.co.jp/HIMG/INTERIOR/140977.jpg,https://img.travel.rakuten.co.jp/share/HOTEL/140977/140977map.gif,1397.0,4.04,"部屋の絨毯がところどころ凸凹してま…　2026-06-07 19:49:01投稿 <a href=""https://img.travel.rakuten.co.jp/image/tr/api/re/gJNfM/?f_hotel_no=140977"" class=""3click"">つづきはこちら</a>",nts1,◇禁煙◇スーペリアツイン 1名,5810924.0,【スタンダード】博多駅博多口から徒歩2分！女性でも安心なセキュリティ（食事なし）,1,0,0,0,0,1,https://img.travel.rakuten.co.jp/image/tr/api/re/IdsCY/?f_no=140977&f_syu=nts1&f_hi1=2026-07-18&f_hi2=2026-07-19&f_heya_su=1&f_otona_su=1&f_s1=0&f_s2=0&f_y1=0&f_y2=0&f_y3=0&f_y4=0&f_camp_id=5810924,0,2026-07-18,48070,48070,0,2026-07-18,fukuoka
183138,ＫＯＫＯ　ＨＯＴＥＬ　Ｐｒｅｍｉｅｒ　博多（旧：テンザホテル・博多ステーション）,https://img.travel.rakuten.co.jp/image/tr/api/re/pvonD/?f_no=183138,https://img.travel.rakuten.co.jp/image/tr/api/re/vFumt/?f_no=183138&f_flg=PLAN,https://img.travel.rakuten.co.jp/image/tr/api/re/WzozX/?noTomariHotel=183138,https://img.travel.rakuten.co.jp/image/tr/api/re/gJNfM/?f_hotel_no=183138,ここ　ほてる　ぷれみあ　はかた,博多駅筑紫口徒歩3分。全室20平米以上の洗練された空間でワンランク上の滞在を,8280.0,120905.75,469529.98,812-0013,福岡県,福岡市博多区博多駅東2-5-33,092-472-0211,092-472-0212,JR「博多駅」筑紫口より徒歩３分、九州自動車道福岡I・C下車「博多駅東出口」より車で約３分,提携駐車場【里馨(リカ)パーキングセンター】：割引駐車券1泊1500円　※車両制限あり※途中出庫不可,博多,https://img.travel.rakuten.co.jp/share/HOTEL/183138/183138.jpg,https://img.travel.rakuten.co.jp/HIMG/90/183138.jpg,,,https://img.travel.rakuten.co.jp/share/HOTEL/183138/183138map.gif,273.0,4.32,,qn,【禁煙】スタンダードクイーン/21平米/160cm幅ベッド,5208651.0,【楽天トラベルサマーSALE】素泊まり／博多駅（筑紫口）より徒歩3分♪全室２０平米以上で快適ステイ,1,0,0,0,0,1,https://img.travel.rakuten.co.jp/image/tr/api/re/IdsCY/?f_no=183138&f_syu=qn&f_hi1=2026-07-18&f_hi2=2026-07-19&f_heya_su=1&f_otona_su=1&f_s1=0&f_s2=0&f_y1=0&f_y2=0&f_y3=0&f_y4=0&f_camp_id=5208651,0,2026-07-18,42000,42000,0,2026-07-18,fukuoka
182102,ＥＮ　ＨＯＴＥＬ　Ｈａｋａｔａ（エンホテル博多）,https://img.travel.rakuten.co.jp/image/tr/api/re/pvonD/?f_no=182102,https://img.travel.rakuten.co.jp/image/tr/api/re/vFumt/?f_no=182102&f_flg=PLAN,https://img.travel.rakuten.co.jp/image/tr/api/re/WzozX/?noTomariHotel=182102,https://img.travel.rakuten.co.jp/image/tr/api/re/gJNfM/?f_hotel_no=182102,えん　ほてる　はかた,博多駅（JR・地下鉄）徒歩7分、櫛田神社前駅（地下鉄）徒歩2分、キャナルシティ徒歩2分。スマートTV、Wifi全室完備。,3574.0,120911.92,469496.68,812-0011,福岡県,福岡市博多区博多駅前3-30-25,092-461-0505,092-475-2680,博多駅（JR・地下鉄）徒歩7分・櫛田神社前駅（地下鉄）徒歩2分,提携駐車場なし。近隣コインパーキング参照,博多,https://img.travel.rakuten.co.jp/share/HOTEL/182102/182102.jpg,https://img.travel.rakuten.co.jp/HIMG/90/182102.jpg,,,https://img.travel.rakuten.co.jp/share/HOTEL/182102/182102map.gif,230.0,3.78,,cd,Cozyダブル【禁煙】9.38平米,6502139.0,【楽天トラベルサマーSALE】◆スタンダードプラン　＊　素泊まり◆,1,0,0,0,0,1,https://img.travel.rakuten.co.jp/image/tr/api/re/IdsCY/?f_no=182102&f_syu=cd&f_hi1=2026-07-18&f_hi2=2026-07-19&f_heya_su=1&f_otona_su=1&f_s1=0&f_s2=0&f_y1=0&f_y2=0&f_y3=0&f_y4=0&f_camp_id=6502139,0,2026-07-18,33660,33660,0,2026-07-18,fukuoka
172700,ＥＩＷＡ　ＰＬＡＣＥ　ＨＯＴＥＬ　ＨＡＫＡＴＡ,https://img.travel.rakuten.co.jp/image/tr/api/re/pvonD/?f_no=172700,https://img.travel.rakuten.co.jp/image/tr/api/re/vFumt/?f_no=172700&f_flg=PLAN,https://img.travel.rakuten.co.jp/image/tr/api/re/WzozX/?noTomariHotel=172700,https://img.travel.rakuten.co.jp/image/tr/api/re/gJNfM/?f_hotel_no=172700,えいわ　ぷれいす　ほてる　はかた,全ての客室にＷｉＦｉ、テレビ、冷蔵庫が完備された快適なホテルです。マリンメッセ福岡・サンパレス福岡でのコンサートに最適！,1798.0,120961.07,469473.07,812-0033,福岡県,福岡市博多区大博町11-10,092-409-4892, ,呉服町駅より徒歩にて約１１分,専用駐車場・提携駐車場はございません。 公式サイトから、近隣のコインパーキングをご確認下さい。,呉服町（福岡）,https://img.travel.rakuten.co.jp/share/HOTEL/172700/172700.jpg,https://img.travel.rakuten.co.jp/HIMG/90/172700.jpg,https://img.travel.rakuten.co.jp/share/HOTEL/172700/172700_kan1.jpg,https://img.travel.rakuten.co.jp/HIMG/INTERIOR/172700.jpg,https://img.travel.rakuten.co.jp/share/HOTEL/172700/172700map.gif,61.0,3.68,"問題なし。…　2026-06-29 21:25:28投稿 <a href=""https://img.travel.rakuten.co.jp/image/tr/api/re/gJNfM/?f_hotel_no=172700"" class=""3click"">つづきはこちら</a>",005,スーペリアツインD,5665570.0,【素泊まり】スタンダードプラン「迷ったらコレ！」,1,0,0,0,0,2,https://img.travel.rakuten.co.jp/image/tr/api/re/IdsCY/?f_no=172700&f_syu=005&f_hi1=2026-07-18&f_hi2=2026-07-19&f_heya_su=1&f_otona_su=1&f_s1=0&f_s2=0&f_y1=0&f_y2=0&f_y3=0&f_y4=0&f_camp_id=5665570,0,2026-07-18,30000,30000,0,2026-07-18,fukuoka
196685,十二ＨＯＴＥＬ（ジュウニホテル）,https://img.travel.rakuten.co.jp/image/tr/api/re/pvonD/?f_no=196685,https://img.travel.rakuten.co.jp/image/tr/api/re/vFumt/?f_no=196685&f_flg=PLAN,https://img.travel.rakuten.co.jp/image/tr/api/re/WzozX/?noTomariHotel=196685,https://img.travel.rakuten.co.jp/image/tr/api/re/gJNfM/?f_hotel_no=196685,じゅうにほてる,２０２５年６月開業！オールインクルーシブ×全室サウナ付。１２室限定の特別ホテル。,12600.0,120917.6,469656.71,812-0853,福岡県,福岡市博多区東平尾1-16-25,092-623-6383,092-623-6384,福岡空港⇔ホテル間の送迎サービスを事前予約制で実施中。,無料駐車場12台あり,福岡空港,https://img.travel.rakuten.co.jp/share/HOTEL/196685/196685.jpg,https://img.travel.rakuten.co.jp/HIMG/90/196685.jpg,,,https://img.travel.rakuten.co.jp/share/HOTEL/196685/196685map.gif,31.0,4.73,"素晴らしい1日をすごせました。サウナに水風呂、製氷機にワイン。広い部屋に素晴らしい設備が整ってチェックインからチェックアウトまで有意義に過ごせました。オールインクルーシブはコンビニ無料みたいな感覚でお…　2026-06-02 10:39:25投稿 <a href=""https://img.travel.rakuten.co.jp/image/tr/api/re/gJNfM/?f_hotel_no=196685"" class=""3click"">つづきはこちら</a>",finlandsa2,フィンランドサウナ付ルーム（ツイン60m2）(1〜4名利用),6254977.0,【オールインクルーシブ】好きなドリンクや軽食を客室で｜本格フィンランドサウナルーム確約（60m2）,1,0,0,0,0,2,https://img.travel.rakuten.co.jp/image/tr/api/re/IdsCY/?f_no=196685&f_syu=finlandsa2&f_hi1=2026-07-18&f_hi2=2026-07-19&f_heya_su=1&f_otona_su=1&f_s1=0&f_s2=0&f_y1=0&f_y2=0&f_y3=0&f_y4=0&f_camp_id=6254977,0,2026-07-18,58220,58220,0,2026-07-18,fukuoka
172657,ＪＡＭ　ＨＯＳＴＥＬ博多駅前（ＪＡＭ　ＨＯＳＴＥＬ　Ｈａｋａｔａ　Ｓｔａｔｉｏｎ　Ｆｒｏｎｔ）,https://img.travel.rakuten.co.jp/image/tr/api/re/pvonD/?f_no=172657,https://img.travel.rakuten.co.jp/image/tr/api/re/vFumt/?f_no=172657&f_flg=PLAN,,https://img.travel.rakuten.co.jp/image/tr/api/re/gJNfM/?f_hotel_no=172657,じゃむほすてるはかたえきまえ（じゃむほすてるはかたすてーしょんふろんと）,博多駅より徒歩6分。博多駅から1番近いゲストハウスです(*^-^*) 珍しいモーニングチェックインOK♪,3240.0,120896.08,469519.11,812-0011,福岡県,福岡市博多区博多駅前4-17-22,070-7528-6474,000-000-0000,ＪＲ　博多駅より徒歩にて約６分,近くのコインパーキングをご紹介します。,博多,https://img.travel.rakuten.co.jp/share/HOTEL/172657/172657.jpg,https://img.travel.rakuten.co.jp/HIMG/90/172657.jpg,https://img.travel.rakuten.co.jp/share/HOTEL/172657/172657_kan1.jpg,https://img.travel.rakuten.co.jp/HIMG/INTERIOR/172657.jpg,https://img.travel.rakuten.co.jp/share/HOTEL/172657/172657map.gif,60.0,3.2,"スタッフの方の対応が大好きです。　2026-03-29 03:47:57投稿 <a href=""https://img.travel.rakuten.co.jp/image/tr/api/re/gJNfM/?f_hotel_no=172657"" class=""3click"">つづきはこちら</a>",217,男女共用ツインドミトリー　二段ベッド　2名利用,,,1,0,0,0,0,2,https://img.travel.rakuten.co.jp/image/tr/api/re/IdsCY/?f_no=172657&f_syu=217&f_hi1=2026-07-18&f_hi2=2026-07-19&f_heya_su=1&f_otona_su=1&f_s1=0&f_s2=0&f_y1=0&f_y2=0&f_y3=0&f_y4=0,1,2026-07-18,30460,30460,0,2026-07-18,fukuoka
182003,グランドベース博多奈良屋,https://img.travel.rakuten.co.jp/image/tr/api/re/pvonD/?f_no=182003,https://img.travel.rakuten.co.jp/image/tr/api/re/vFumt/?f_no=182003&f_flg=PLAN,https://img.travel.rakuten.co.jp/image/tr/api/re/WzozX/?noTomariHotel=182003,https://img.travel.rakuten.co.jp/image/tr/api/re/gJNfM/?f_hotel_no=182003,ぐらんどべーすはかたならや,【無人フロントホテル】マリンメッセ福岡や福岡国際会議場でイベントに参加した後は、落ち着いたトーンのお部屋でごゆっくり。,1787.0,120946.77,469467.8,812-0023,福岡県,福岡市博多区奈良屋町8-12,092-409-4892,,地下鉄「呉服町駅」から徒歩6分、マリンメッセからはバスで7分、博多駅からはバスで15分,専用駐車場・提携駐車場はございません。 公式サイトから、近隣のコインパーキングをご確認下さい。,呉服町（福岡）,https://img.travel.rakuten.co.jp/share/HOTEL/182003/182003.jpg,https://img.travel.rakuten.co.jp/HIMG/90/182003.jpg,,,https://img.travel.rakuten.co.jp/share/HOTEL/182003/182003map.gif,3.0,,,bhito,エグゼクティブB,4989834.0,【素泊まり】スタンダードプラン「何人泊まっても同じ値段♪」,1,0,0,0,0,2,https://img.travel.rakuten.co.jp/image/tr/api/re/IdsCY/?f_no=182003&f_syu=bhito&f_hi1=2026-07-18&f_hi2=2026-07-19&f_heya_su=1&f_otona_su=1&f_s1=0&f_s2=0&f_y1=0&f_y2=0&f_y3=0&f_y4=0&f_camp_id=4989834,0,2026-07-18,40801,40801,0,2026-07-18,fukuoka
174944,ヴィンテージＩＩＩ／民泊,https://img.travel.rakuten.co.jp/image/tr/api/re/pvonD/?f_no=174944,https://img.travel.rakuten.co.jp/image/tr/api/re/vFumt/?f_no=174944&f_flg=PLAN,,https://img.travel.rakuten.co.jp/image/tr/api/re/gJNfM/?f_hotel_no=174944,,【民泊】,1682.0,120871.35,469296.04,814-0005,福岡県,福岡市早良区祖原8-21,090-3685-1866,000-000-0000,西新駅より徒歩にて約４分,無し,西新,https://img.travel.rakuten.co.jp/share/HOTEL/174944/174944.jpg,https://img.travel.rakuten.co.jp/HIMG/90/174944.jpg,,,https://img.travel.rakuten.co.jp/share/HOTEL/174944/174944map.gif,,,,r14906_4,ヴィンテージIII 301,4761016.0,【無料Wi-Fi】博多や天神へのアクセス良好♪西新駅から徒歩圏内!! ロフト付,1,0,0,0,0,2,https://img.travel.rakuten.co.jp/image/tr/api/re/IdsCY/?f_no=174944&f_syu=r14906_4&f_hi1=2026-07-18&f_hi2=2026-07-19&f_heya_su=1&f_otona_su=1&f_s1=0&f_s2=0&f_y1=0&f_y2=0&f_y3=0&f_y4=0&f_camp_id=4761016,0,2026-07-18,30740,30740,0,2026-07-18,fukuoka
183135,＆ＨＯＴＥＬ　ＨＡＫＡＴＡ,https://img.travel.rakuten.co.jp/image/tr/api/re/pvonD/?f_no=183135,https://img.travel.rakuten.co.jp/image/tr/api/re/vFumt/?f_no=183135&f_flg=PLAN,https://img.travel.rakuten.co.jp/image/tr/api/re/WzozX/?noTomariHotel=183135,https://img.travel.rakuten.co.jp/image/tr/api/re/gJNfM/?f_hotel_no=183135,あんどほてる　はかた,2021年8月オープン。人気カフェ併設のカルチャー系ビジネスホテル。,4057.0,120929.15,469489.85,812-0039,福岡県,福岡市博多区冷泉町9-6,050-1721-0831,092-235-3903,福岡市営地下鉄 祇園駅より徒歩約4分,駐車場付きプランをご予約ください。※1日1組限定,祇園（福岡）,https://img.travel.rakuten.co.jp/share/HOTEL/183135/183135.jpg,https://img.travel.rakuten.co.jp/HIMG/90/183135.jpg,,,https://img.travel.rakuten.co.jp/share/HOTEL/183135/183135map.gif,85.0,3.5,,1,スタンダード ダブルルーム,5205782.0,◆【シンプルステイ】観光やビジネスの拠点に！シンプルでオシャレな空間で過ごす福岡STAY　素泊り,1,0,0,0,0,1,https://img.travel.rakuten.co.jp/image/tr/api/re/IdsCY/?f_no=183135&f_syu=1&f_hi1=2026-07-18&f_hi2=2026-07-19&f_heya_su=1&f_otona_su=1&f_s1=0&f_s2=0&f_y1=0&f_y2=0&f_y3=0&f_y4=0&f_camp_id=5205782,0,2026-07-18,32292,32292,0,2026-07-18,fukuoka
189216,ホテル風林,https://img.travel.rakuten.co.jp/image/tr/api/re/pvonD/?f_no=189216,https://img.travel.rakuten.co.jp/image/tr/api/re/vFumt/?f_no=189216&f_flg=PLAN,,https://img.travel.rakuten.co.jp/image/tr/api/re/gJNfM/?f_hotel_no=189216,ふうりん,２０２４年３月リニューアルオープン！博多駅から徒歩８分で観光・ビジネスにも好立地です♪,6300.0,120927.55,469515.45,812-0011,福岡県,福岡市博多区博多駅前1-23-11-1,092-409-4892,092-401-1057,博多駅より徒歩約８分,専用駐車場・提携駐車場はございません。 公式サイトから、近隣のコインパーキングをご確認下さい。,博多,https://img.travel.rakuten.co.jp/share/HOTEL/189216/189216.jpg,https://img.travel.rakuten.co.jp/HIMG/90/189216.jpg,,,https://img.travel.rakuten.co.jp/share/HOTEL/189216/189216map.gif,17.0,4.22,"ベッドルームに乾燥機があり、窓を開けて換気しないと酸欠になりますので注意してください⚠️注意⚠️　2026-02-13 21:38:15投稿 <a href=""https://img.travel.rakuten.co.jp/image/tr/api/re/gJNfM/?f_hotel_no=189216"" class=""3click"">つづきはこちら</a>",ahito,スーペリアツインA,5900526.0,【素泊まり】スタンダードプラン「迷ったらコレ！」,1,0,0,0,0,2,https://img.travel.rakuten.co.jp/image/tr/api/re/IdsCY/?f_no=189216&f_syu=ahito&f_hi1=2026-07-18&f_hi2=2026-07-19&f_heya_su=1&f_otona_su=1&f_s1=0&f_s2=0&f_y1=0&f_y2=0&f_y3=0&f_y4=0&f_camp_id=5900526,0,2026-07-18,36000,36000,0,2026-07-18,fukuoka
177090,ＨＯＴＥＬ　ＣＵＬＴＩＡ　太宰府,https://img.travel.rakuten.co.jp/image/tr/api/re/pvonD/?f_no=177090,https://img.travel.rakuten.co.jp/image/tr/api/re/vFumt/?f_no=177090&f_flg=PLAN,https://img.travel.rakuten.co.jp/image/tr/api/re/WzozX/?noTomariHotel=177090,https://img.travel.rakuten.co.jp/image/tr/api/re/gJNfM/?f_hotel_no=177090,ほてる　かるてぃあ　だざいふ,【博多駅より車で30分】太宰府天満宮の門前町に溶け込む”CULTURE”ホテル。,32756.0,120663.63,469930.02,818-0117,福岡県,太宰府市宰府3-3-33,0120-210-289,,西鉄「太宰府」駅より徒歩約5分,有り（無料）※近隣の駐車場をご案内しております,太宰府,https://img.travel.rakuten.co.jp/share/HOTEL/177090/177090.jpg,https://img.travel.rakuten.co.jp/HIMG/90/177090.jpg,,,https://img.travel.rakuten.co.jp/share/HOTEL/177090/177090map.gif,77.0,4.5,"這個集團的古宅已經不是第一次入住，這次在太宰𡧛的古宅亦沒有令我失望。若然早餐有西式的選擇或者對我來說會更加完美😍　2026-06-21 10:44:17投稿 <a href=""https://img.travel.rakuten.co.jp/image/tr/api/re/gJNfM/?f_hotel_no=177090"" class=""3click"">つづきはこちら</a>",20240126b,KOUKOTEI 205号室 44平米,6244391.0,【楽天トラベルサマーSALE】【朝食付】福岡産米・地元野菜の炊き合わせなど、体に優しい健康食！,1,0,0,1,0,1,https://img.travel.rakuten.co.jp/image/tr/api/re/IdsCY/?f_no=177090&f_syu=20240126b&f_hi1=2026-07-18&f_hi2=2026-07-19&f_heya_su=1&f_otona_su=1&f_s1=0&f_s2=0&f_y1=0&f_y2=0&f_y3=0&f_y4=0&f_camp_id=6244391,0,2026-07-18,67475,67475,0,2026-07-18,fukuoka
196144,Ｇｒａｎｄ　ＳＴＡＹ　博多駅北,https://img.travel.rakuten.co.jp/image/tr/api/re/pvonD/?f_no=196144,https://img.travel.rakuten.co.jp/image/tr/api/re/vFumt/?f_no=196144&f_flg=PLAN,,https://img.travel.rakuten.co.jp/image/tr/api/re/gJNfM/?f_hotel_no=196144,ぐらんど　すてい　はかたえききた,ＪＲ博多駅から徒歩１3分！！　福岡の中心地、博多が徒歩圏内！フランスベッド、洗濯乾燥機、プロジェクター完備！,14875.0,120940.47,469531.52,812-0043,福岡県,福岡市博多区堅粕3-15-4,092-412-5133,--,博多駅筑紫口より徒歩にて約１３分になります。,有り　１２台　予約不可（先着順）,博多,https://img.travel.rakuten.co.jp/share/HOTEL/196144/196144.jpg,https://img.travel.rakuten.co.jp/HIMG/90/196144.jpg,,,https://img.travel.rakuten.co.jp/share/HOTEL/196144/196144map.gif,7.0,4.33,,twinc,スーペリアツイン+チェア（1~4名利用）,6186412.0,【♪♪口コミ投稿プラン♪♪】 最安価格でご提供！博多駅から徒歩13分！全室シアタールーム付,1,0,0,0,0,2,https://img.travel.rakuten.co.jp/image/tr/api/re/IdsCY/?f_no=196144&f_syu=twinc&f_hi1=2026-07-18&f_hi2=2026-07-19&f_heya_su=1&f_otona_su=1&f_s1=0&f_s2=0&f_y1=0&f_y2=0&f_y3=0&f_y4=0&f_camp_id=6186412,0,2026-07-18,51500,51500,1,2026-07-18,fukuoka
197857,ＬＯＮＧ　ＶＡＣＡＴＩＯＮ　ＲＥＳＯＲＴ,https://img.travel.rakuten.co.jp/image/tr/api/re/pvonD/?f_no=197857,https://img.travel.rakuten.co.jp/image/tr/api/re/vFumt/?f_no=197857&f_flg=PLAN,,https://img.travel.rakuten.co.jp/image/tr/api/re/gJNfM/?f_hotel_no=197857,ろんぐばけーしょんりぞーと,博多湾を一望できる最高のロケーション。プールと露天風呂のあるリゾートグランピングで極上のひとときを…,9900.0,121127.64,469258.06,811-0321,福岡県,福岡市東区西戸崎5-24-1,092-260-8885,092-260-8503,JR西戸崎駅から徒歩16分／お車でお越しの場合、海の中道から「海浜公園南」交差点を左折した直後に右折,あり　100台　無料　先着順■チェックイン前でもご利用いただけます。,西戸崎,https://img.travel.rakuten.co.jp/share/HOTEL/197857/197857.jpg,https://img.travel.rakuten.co.jp/HIMG/90/197857.jpg,,,https://img.travel.rakuten.co.jp/share/HOTEL/197857/197857map.gif,6.0,5.0,,001,ペットOK【露天風呂/プール付】離れタイプの客室,6454020.0,【1室3匹OK｜ペット可】素泊まり｜愛犬と過ごす海辺のリゾートステイ（ささみボウル付）,1,0,0,0,0,1,https://img.travel.rakuten.co.jp/image/tr/api/re/IdsCY/?f_no=197857&f_syu=001&f_hi1=2026-07-18&f_hi2=2026-07-19&f_heya_su=1&f_otona_su=1&f_s1=0&f_s2=0&f_y1=0&f_y2=0&f_y3=0&f_y4=0&f_camp_id=6454020,0,2026-07-18,50000,50000,0,2026-07-18,fukuoka
172639,グランドベース博多,https://img.travel.rakuten.co.jp/image/tr/api/re/pvonD/?f_no=172639,https://img.travel.rakuten.co.jp/image/tr/api/re/vFumt/?f_no=172639&f_flg=PLAN,https://img.travel.rakuten.co.jp/image/tr/api/re/WzozX/?noTomariHotel=172639,https://img.travel.rakuten.co.jp/image/tr/api/re/gJNfM/?f_hotel_no=172639,ぐらんどべーすはかた,【無人フロントホテル】天神・博多へアクセス良好！マリンメッセや博多の旧市街、中洲や屋台も徒歩圏内！,2452.0,120937.42,469465.88,812-0029,福岡県,福岡市博多区古門戸町2-17,092-409-4892,,博多駅からは地下鉄で3分の「中洲川端駅」で下車後徒歩7分。天神へは徒歩15分（バスも出ています）。,専用駐車場・提携駐車場はございません。 公式サイトから、近隣のコインパーキングをご確認下さい。,中洲川端,https://img.travel.rakuten.co.jp/share/HOTEL/172639/172639.jpg,https://img.travel.rakuten.co.jp/HIMG/90/172639.jpg,https://img.travel.rakuten.co.jp/share/HOTEL/172639/172639_kan1.jpg,https://img.travel.rakuten.co.jp/HIMG/INTERIOR/172639.jpg,https://img.travel.rakuten.co.jp/share/HOTEL/172639/172639map.gif,12.0,4.0,,bhito,スーペリアB,4552237.0,【素泊まり】スタンダードプラン「迷ったらコレ！」,1,0,0,0,0,2,https://img.travel.rakuten.co.jp/image/tr/api/re/IdsCY/?f_no=172639&f_syu=bhito&f_hi1=2026-07-18&f_hi2=2026-07-19&f_heya_su=1&f_otona_su=1&f_s1=0&f_s2=0&f_y1=0&f_y2=0&f_y3=0&f_y4=0&f_camp_id=4552237,0,2026-07-18,46750,46750,0,2026-07-18,fukuoka
182327,グランドベース博多プレミアム,https://img.travel.rakuten.co.jp/image/tr/api/re/pvonD/?f_no=182327,https://img.travel.rakuten.co.jp/image/tr/api/re/vFumt/?f_no=182327&f_flg=PLAN,https://img.travel.rakuten.co.jp/image/tr/api/re/WzozX/?noTomariHotel=182327,https://img.travel.rakuten.co.jp/image/tr/api/re/gJNfM/?f_hotel_no=182327,ぐらんどべーすはかたぷれみあむ,【無人フロントホテル】観光・ビジネスの拠点としての機能を兼ね備えた新スタイルホテル。,5681.0,120890.24,469497.9,812-0018,福岡県,福岡市博多区住吉4-9-12,092-409-4892,,博多駅から徒歩10分、「住吉」バス停から徒歩2分。福岡空港からお車にて約２０分。,専用駐車場・提携駐車場はございません。 公式サイトから、近隣のコインパーキングをご確認下さい。,福岡空港,https://img.travel.rakuten.co.jp/share/HOTEL/182327/182327.jpg,https://img.travel.rakuten.co.jp/HIMG/90/182327.jpg,,,https://img.travel.rakuten.co.jp/share/HOTEL/182327/182327map.gif,24.0,4.5,"部屋のテレビも中国語設定になってま…　2025-12-15 21:19:35投稿 <a href=""https://img.travel.rakuten.co.jp/image/tr/api/re/gJNfM/?f_hotel_no=182327"" class=""3click"">つづきはこちら</a>",dhito,エグゼクティブD,5078936.0,【素泊まり】スタンダードプラン「迷ったらコレ！」,1,0,0,0,0,2,https://img.travel.rakuten.co.jp/image/tr/api/re/IdsCY/?f_no=182327&f_syu=dhito&f_hi1=2026-07-18&f_hi2=2026-07-19&f_heya_su=1&f_otona_su=1&f_s1=0&f_s2=0&f_y1=0&f_y2=0&f_y3=0&f_y4=0&f_camp_id=5078936,0,2026-07-18,60000,60000,0,2026-07-18,fukuoka
170439,シャインブライト／民泊,https://img.travel.rakuten.co.jp/image/tr/api/re/pvonD/?f_no=170439,https://img.travel.rakuten.co.jp/image/tr/api/re/vFumt/?f_no=170439&f_flg=PLAN,,https://img.travel.rakuten.co.jp/image/tr/api/re/gJNfM/?f_hotel_no=170439,,　,6264.0,121006.29,469499.83,812-0055,福岡県,福岡市東区東浜1-7-26　シャインブライト,090-9792-6152,000-000-0000,箱崎宮前駅から徒歩で約３分,有り,箱崎宮前,https://img.travel.rakuten.co.jp/share/HOTEL/170439/170439.jpg,https://img.travel.rakuten.co.jp/HIMG/90/170439.jpg,,,https://img.travel.rakuten.co.jp/share/HOTEL/170439/170439map.gif,,,,r19291_8,Shine Bright2 103,6238236.0,【禁煙】ファミリールーム (103),1,0,0,0,0,2,https://img.travel.rakuten.co.jp/image/tr/api/re/IdsCY/?f_no=170439&f_syu=r19291_8&f_hi1=2026-07-18&f_hi2=2026-07-19&f_heya_su=1&f_otona_su=1&f_s1=0&f_s2=0&f_y1=0&f_y2=0&f_y3=0&f_y4=0&f_camp_id=6238236,0,2026-07-18,68440,68440,0,2026-07-18,fukuoka
170315,博多駅まで徒歩５分！　敷地内の激安駐車場あり！オシャレなお部屋で福岡満喫ステイ！　ピコロ博多／民泊,https://img.travel.rakuten.co.jp/image/tr/api/re/pvonD/?f_no=170315,https://img.travel.rakuten.co.jp/image/tr/api/re/vFumt/?f_no=170315&f_flg=PLAN,,https://img.travel.rakuten.co.jp/image/tr/api/re/gJNfM/?f_hotel_no=170315,,２０２１年５月グランドオープン★博多駅まで徒歩７分！観光・グルメ・ショッピング【民泊】,6060.0,120929.36,469529.59,812-0043,福岡県,福岡市博多区堅粕5-5-20　ピコロ博多,070-8543-3939,000-000-0000,博多駅から徒歩で約７分,有り,博多,https://img.travel.rakuten.co.jp/share/HOTEL/170315/170315.jpg,https://img.travel.rakuten.co.jp/HIMG/90/170315.jpg,,,https://img.travel.rakuten.co.jp/share/HOTEL/170315/170315map.gif,4.0,,,r11334_4,Superior 1102,5144595.0,Superior 1102,1,0,0,0,0,2,https://img.travel.rakuten.co.jp/image/tr/api/re/IdsCY/?f_no=170315&f_syu=r11334_4&f_hi1=2026-07-18&f_hi2=2026-07-19&f_heya_su=1&f_otona_su=1&f_s1=0&f_s2=0&f_y1=0&f_y2=0&f_y3=0&f_y4=0&f_camp_id=5144595,0,2026-07-18,71453,71453,0,2026-07-18,fukuoka
184956,博多駅まで徒歩５分！敷地内の激安駐車場あり！最上階豪華ステイ！Ｒｉｖｅｒ　Ｓｋｙ　Ｈａｋａｔａ／民泊,https://img.travel.rakuten.co.jp/image/tr/api/re/pvonD/?f_no=184956,https://img.travel.rakuten.co.jp/image/tr/api/re/vFumt/?f_no=184956&f_flg=PLAN,,https://img.travel.rakuten.co.jp/image/tr/api/re/gJNfM/?f_hotel_no=184956,,　,9744.0,120929.43,469529.64,812-0043,福岡県,福岡市博多区堅粕5-5-20　ピコロ博多　１20１号室,070-8543-3939,000-000-0000,博多駅から徒歩で約７分,無し,博多,https://img.travel.rakuten.co.jp/share/HOTEL/184956/184956.jpg,https://img.travel.rakuten.co.jp/HIMG/90/184956.jpg,,,https://img.travel.rakuten.co.jp/share/HOTEL/184956/184956map.gif,,,,r12587_8,ピコロ博多 1201号室,5538039.0,NEW博多駅まで徒歩5分!敷地内の激安駐車場あり!最上階豪華ステイ!River Sky Hakata,1,0,0,0,0,2,https://img.travel.rakuten.co.jp/image/tr/api/re/IdsCY/?f_no=184956&f_syu=r12587_8&f_hi1=2026-07-18&f_hi2=2026-07-19&f_heya_su=1&f_otona_su=1&f_s1=0&f_s2=0&f_y1=0&f_y2=0&f_y3=0&f_y4=0&f_camp_id=5538039,0,2026-07-18,148996,148996,0,2026-07-18,fukuoka
178484,ベストウェスタンプラス福岡天神南,https://img.travel.rakuten.co.jp/image/tr/api/re/pvonD/?f_no=178484,https://img.travel.rakuten.co.jp/image/tr/api/re/vFumt/?f_no=178484&f_flg=PLAN,https://img.travel.rakuten.co.jp/image/tr/api/re/WzozX/?noTomariHotel=178484,https://img.travel.rakuten.co.jp/image/tr/api/re/gJNfM/?f_hotel_no=178484,べすとうぇすたんぷらすふくおかてんじん,九州初、ベストウェスタンプラスでワンランク上の快適なご滞在を。天神も中洲も徒歩圏内。ビジネスや旅行に最適です。,5000.0,120908.64,469470.24,810-0003,福岡県,福岡市中央区春吉3-13-19,092-718-7700,092-718-7705,福岡市地下鉄七隈線「天神南駅」より徒歩にて約5分,無し　近隣のコインパーキングをご利用ください。,天神,https://img.travel.rakuten.co.jp/share/HOTEL/178484/178484.jpg,https://img.travel.rakuten.co.jp/HIMG/90/178484.jpg,,,https://img.travel.rakuten.co.jp/share/HOTEL/178484/178484map.gif,733.0,4.16,"次…　2026-07-11 19:08:37投稿 <a href=""https://img.travel.rakuten.co.jp/image/tr/api/re/gJNfM/?f_hotel_no=178484"" class=""3click"">つづきはこちら</a>",supdbl1,禁煙スーペリアダブルルーム,4627204.0,Best Rate ■天神＆中洲へ好アクセス■ 素泊り ,1,0,0,0,0,1,https://img.travel.rakuten.co.jp/image/tr/api/re/IdsCY/?f_no=178484&f_syu=supdbl1&f_hi1=2026-07-18&f_hi2=2026-07-19&f_heya_su=1&f_otona_su=1&f_s1=0&f_s2=0&f_y1=0&f_y2=0&f_y3=0&f_y4=0&f_camp_id=4627204,0,2026-07-18,33000,33000,0,2026-07-18,seibu
8288,デュークスホテル中洲,https://img.travel.rakuten.co.jp/image/tr/api/re/pvonD/?f_no=8288,https://img.travel.rakuten.co.jp/image/tr/api/re/vFumt/?f_no=8288&f_flg=PLAN,https://img.travel.rakuten.co.jp/image/tr/api/re/WzozX/?noTomariHotel=8288,https://img.travel.rakuten.co.jp/image/tr/api/re/gJNfM/?f_hotel_no=8288,でゅーくすほてる　なかす,★中洲・天神徒歩圏内★「中洲川端」駅3番出口より徒歩約4分★,4690.0,120930.19,469461.41,810-0802,福岡県,福岡市博多区中洲中島町1-1　,092-283-2800,092-283-2900,博多駅から地下鉄をご利用頂き、2駅目の「中洲川端」駅で下車　3番出口より徒歩約4分,【契約駐車場】￥1500＊徒歩1分￥1500＊徒歩5分※台数に限りが有。フロントへお問い合わせ下さい,中洲川端,https://img.travel.rakuten.co.jp/share/HOTEL/8288/8288.jpg,https://img.travel.rakuten.co.jp/HIMG/90/8288.jpg,https://img.travel.rakuten.co.jp/share/HOTEL/8288/8288_lob.jpg,https://img.travel.rakuten.co.jp/HIMG/INTERIOR/8288.jpg,https://img.travel.rakuten.co.jp/share/HOTEL/8288/8288map.gif,2926.0,4.04,,tns,■ツイン1名《21.8平米◇ベッド幅120cm》【禁煙】■,6356431.0,【楽天スーパーSALE】【Dukes☆お食事なしのシンプルステイ】地下鉄中洲川端駅より徒歩4分☆,1,0,0,0,0,1,https://img.travel.rakuten.co.jp/image/tr/api/re/IdsCY/?f_no=8288&f_syu=tns&f_hi1=2026-07-18&f_hi2=2026-07-19&f_heya_su=1&f_otona_su=1&f_s1=0&f_s2=0&f_y1=0&f_y2=0&f_y3=0&f_y4=0&f_camp_id=6356431,0,2026-07-18,29155,29155,0,2026-07-18,seibu
17701,博多グリーンホテル天神,https://img.travel.rakuten.co.jp/image/tr/api/re/pvonD/?f_no=17701,https://img.travel.rakuten.co.jp/image/tr/api/re/vFumt/?f_no=17701&f_flg=PLAN,https://img.travel.rakuten.co.jp/image/tr/api/re/WzozX/?noTomariHotel=17701,https://img.travel.rakuten.co.jp/image/tr/api/re/gJNfM/?f_hotel_no=17701,はかた　ぐりーんほてる　てんじん,チェックイン１３時、アウト１２時◇全室、シモンズ製６．５インチベッド、加湿空気清浄機完備◇Wi－Fi無料,7000.0,120912.03,469424.66,810-0041,福岡県,福岡市中央区大名2-9-11,092-722-3636,092-722-3637,福岡空港から市営地下鉄13分⇒赤坂駅下車後５番出口より徒歩１分,"近隣一般駐車場契約有[1泊2,500円入出庫無]※お気軽におたずね下さい",天神,https://img.travel.rakuten.co.jp/share/HOTEL/17701/17701.jpg,https://img.travel.rakuten.co.jp/HIMG/90/17701.jpg,https://img.travel.rakuten.co.jp/share/HOTEL/17701/17701_tw.jpg,https://img.travel.rakuten.co.jp/HIMG/INTERIOR/17701.jpg,https://img.travel.rakuten.co.jp/share/HOTEL/17701/17701map.gif,2262.0,4.13,"駅から近く分かりやすいです。無料サービスの朝ごはんも、バイキングですが、清潔感あり、ゆっくり食べられたので満足です。部屋は狭めです。空調が部屋ごとに分かれているので良かったです。　2026-07-10 19:45:47投稿 <a href=""https://img.travel.rakuten.co.jp/image/tr/api/re/gJNfM/?f_hotel_no=17701"" class=""3click"">つづきはこちら</a>",ht-kinen,禁煙ハリウッドツイン,3107206.0,【軽朝食無料サービス付き】13時イン12時アウトペア＆ファミリープラン,1,0,0,0,0,1,https://img.travel.rakuten.co.jp/image/tr/api/re/IdsCY/?f_no=17701&f_syu=ht-kinen&f_hi1=2026-07-18&f_hi2=2026-07-19&f_heya_su=1&f_otona_su=1&f_s1=0&f_s2=0&f_y1=0&f_y2=0&f_y3=0&f_y4=0&f_camp_id=3107206,0,2026-07-18,39900,39900,0,2026-07-18,seibu
130169,ホテルリソルトリニティ博多,https://img.travel.rakuten.co.jp/image/tr/api/re/pvonD/?f_no=130169,https://img.travel.rakuten.co.jp/image/tr/api/re/vFumt/?f_no=130169&f_flg=PLAN,https://img.travel.rakuten.co.jp/image/tr/api/re/WzozX/?noTomariHotel=130169,https://img.travel.rakuten.co.jp/image/tr/api/re/gJNfM/?f_hotel_no=130169,ほてるりそるとりにてぃはかた,【中洲川端駅徒歩1分】展望大浴場のある“くつろぎ”のホテル。天神エリア・キャナルシティも徒歩圏！全客室Ｗｉ-Ｆｉ接続可能,6770.0,120922.52,469470.19,810-0801,福岡県,福岡市博多区中洲4-4-10,092-282-9269,092-282-9279,地下鉄　中洲川端駅から徒歩で１分■①番出口（階段のみ）■④番出口（エスカレータ・EVあり）,有り　機械式駐車場２２台／青空駐車場６台　１，６００円（税込／泊）※ご予約制ではなく先着順となります,中洲川端,https://img.travel.rakuten.co.jp/share/HOTEL/130169/130169.jpg,https://img.travel.rakuten.co.jp/HIMG/90/130169.jpg,https://img.travel.rakuten.co.jp/share/HOTEL/130169/130169_kan.jpg,https://img.travel.rakuten.co.jp/HIMG/INTERIOR/130169.jpg,https://img.travel.rakuten.co.jp/share/HOTEL/130169/130169map.gif,2596.0,4.4,"ロビーは緑が沢山あってソファも多いので早めに着いたのですがチェックインまで座ってゆっくり待たせてもらえました。フリードリンクがあってとても便利でした。1階にコンビニがあるのもよかったです。大浴場が最上…　2026-07-16 12:16:25投稿 <a href=""https://img.travel.rakuten.co.jp/image/tr/api/re/gJNfM/?f_hotel_no=130169"" class=""3click"">つづきはこちら</a>",dws,【喫煙室】スタンダードダブル/ベッド幅160cm,6125697.0,【楽天トラベルサマーSALE】★観光、ビジネスに抜群！展望大浴場でリフレッシュ＜素泊り＞,1,0,0,0,0,1,https://img.travel.rakuten.co.jp/image/tr/api/re/IdsCY/?f_no=130169&f_syu=dws&f_hi1=2026-07-18&f_hi2=2026-07-19&f_heya_su=1&f_otona_su=1&f_s1=0&f_s2=0&f_y1=0&f_y2=0&f_y3=0&f_y4=0&f_camp_id=6125697,0,2026-07-18,36000,36000,0,2026-07-18,seibu
5388,ＫＫＲホテル博多（国家公務員共済組合連合会福岡共済会館）,https://img.travel.rakuten.co.jp/image/tr/api/re/pvonD/?f_no=5388,https://img.travel.rakuten.co.jp/image/tr/api/re/vFumt/?f_no=5388&f_flg=PLAN,https://img.travel.rakuten.co.jp/image/tr/api/re/WzozX/?noTomariHotel=5388,https://img.travel.rakuten.co.jp/image/tr/api/re/gJNfM/?f_hotel_no=5388,けーけーあーるほてる　はかた,地下鉄「薬院大通駅」から徒歩約4分！敷地内に平面駐車場を56台完備♪何度でも出し入れできるからクルマ旅にもピッタリ！,6500.0,120871.72,469425.58,810-0022,福岡県,福岡市中央区薬院4-21-1,092-521-1361,092-521-4881,「南薬院」バス停から徒歩約1分、地下鉄七隈線「薬院大通駅」から徒歩約4分,56台収容可能の平面駐車場を敷地内に完備。何度でも出し入れ可能。（有料1000円/泊・先着順）,博多,https://img.travel.rakuten.co.jp/share/HOTEL/5388/5388.jpg,https://img.travel.rakuten.co.jp/HIMG/90/5388.jpg,https://img.travel.rakuten.co.jp/share/HOTEL/5388/5388_sgl.jpg,https://img.travel.rakuten.co.jp/HIMG/INTERIOR/5388.jpg,https://img.travel.rakuten.co.jp/share/HOTEL/5388/5388map.gif,2704.0,4.37,,pnssb,【禁煙】シングルルーム（ベッド幅140cm）,6490865.0,【楽天トラベルサマーSALE】広々駐車場で安心クルマ旅♪小学生以下は添い寝無料♪【素泊まり】,1,0,0,0,0,1,https://img.travel.rakuten.co.jp/image/tr/api/re/IdsCY/?f_no=5388&f_syu=pnssb&f_hi1=2026-07-18&f_hi2=2026-07-19&f_heya_su=1&f_otona_su=1&f_s1=0&f_s2=0&f_y1=0&f_y2=0&f_y3=0&f_y4=0&f_camp_id=6490865,0,2026-07-18,22800,22800,0,2026-07-18,seibu
165979,ＤＥＬ　ｓｔｙｌｅ　福岡西中洲　（旧ダイワロイネットホテル福岡西中州）,https://img.travel.rakuten.co.jp/image/tr/api/re/pvonD/?f_no=165979,https://img.travel.rakuten.co.jp/image/tr/api/re/vFumt/?f_no=165979&f_flg=PLAN,https://img.travel.rakuten.co.jp/image/tr/api/re/WzozX/?noTomariHotel=165979,https://img.travel.rakuten.co.jp/image/tr/api/re/gJNfM/?f_hotel_no=165979,でる　すたいる　ふくおかにしなかす（きゅう　だいわろいねっとほてるふくおかにしなかす）　,天神・中洲屋台・キャナルシティ博多まで徒歩圏内の好立地。館内コンビニエンスストア有り。観光・ビジネスの拠点におすすめ,4500.0,120913.01,469470.09,810-0002,福岡県,福岡市中央区西中洲1-9,092-409-3155,092-409-3159,地下鉄空港線「中洲川端」駅より徒歩約8分。地下鉄七隈線「天神南駅」6番出口より徒歩約4分。天神・中洲屋台へは徒歩約5分！,無し,,https://img.travel.rakuten.co.jp/share/HOTEL/165979/165979.jpg,https://img.travel.rakuten.co.jp/HIMG/90/165979.jpg,https://img.travel.rakuten.co.jp/share/HOTEL/165979/165979_kan1.jpg,https://img.travel.rakuten.co.jp/HIMG/INTERIOR/165979.jpg,https://img.travel.rakuten.co.jp/share/HOTEL/165979/165979map.gif,595.0,4.24,,ctn1,【禁煙】コンパクトツインシングルユース●デスク無し●15平米,4136250.0,寛ぎのシンプルステイ(素泊り),1,0,0,0,0,1,https://img.travel.rakuten.co.jp/image/tr/api/re/IdsCY/?f_no=165979&f_syu=ctn1&f_hi1=2026-07-18&f_hi2=2026-07-19&f_heya_su=1&f_otona_su=1&f_s1=0&f_s2=0&f_y1=0&f_y2=0&f_y3=0&f_y4=0&f_camp_id=4136250,0,2026-07-18,36000,36000,0,2026-07-18,seibu
2604,ホテルオークラ福岡,https://img.travel.rakuten.co.jp/image/tr/api/re/pvonD/?f_no=2604,https://img.travel.rakuten.co.jp/image/tr/api/re/vFumt/?f_no=2604&f_flg=PLAN,https://img.travel.rakuten.co.jp/image/tr/api/re/WzozX/?noTomariHotel=2604,https://img.travel.rakuten.co.jp/image/tr/api/re/gJNfM/?f_hotel_no=2604,おーくら　ふくおか,ホテルオークラ福岡のおもてなしで寛ぎのひと時をお過ごし下さい。地下鉄直結の好立地により、ゆとりある時間でご利用頂けます。,11250.0,120931.91,469465.86,812-0027,福岡県,福岡市博多区下川端町3-2 博多リバレイン,092-262-1111,092-262-7701,"地下鉄-中洲川端駅直結-6番出口徒歩1分（福岡空港駅約10分,博多駅約5分）/お車（福岡空港約20分,博多駅約10分）","有り  1泊 ￥2,000（税込）　台数387台　※近隣施設共有駐車場の為、予約が出来兼ねます。",中洲川端,https://img.travel.rakuten.co.jp/share/HOTEL/2604/2604.jpg,https://img.travel.rakuten.co.jp/HIMG/90/2604.jpg,https://img.travel.rakuten.co.jp/share/HOTEL/2604/2604_sgl.jpg,https://img.travel.rakuten.co.jp/HIMG/INTERIOR/2604.jpg,https://img.travel.rakuten.co.jp/share/HOTEL/2604/2604map.gif,2413.0,4.56,,thnp,【禁煙】バリアフリールーム　30平米,2735628.0,【SAVER】シンプルステイ（室料のみ）,1,0,0,0,0,1,https://img.travel.rakuten.co.jp/image/tr/api/re/IdsCY/?f_no=2604&f_syu=thnp&f_hi1=2026-07-18&f_hi2=2026-07-19&f_heya_su=1&f_otona_su=1&f_s1=0&f_s2=0&f_y1=0&f_y2=0&f_y3=0&f_y4=0&f_camp_id=2735628,0,2026-07-18,76800,76800,0,2026-07-18,seibu
179248,アパホテル〈福岡天神西〉,https://img.travel.rakuten.co.jp/image/tr/api/re/pvonD/?f_no=179248,https://img.travel.rakuten.co.jp/image/tr/api/re/vFumt/?f_no=179248&f_flg=PLAN,https://img.travel.rakuten.co.jp/image/tr/api/re/WzozX/?noTomariHotel=179248,https://img.travel.rakuten.co.jp/image/tr/api/re/gJNfM/?f_hotel_no=179248,あぱほてる〈ふくおかてんじんにし〉,地下鉄赤坂駅4番出口から徒歩4分！天神、大名エリアへ至便な立地です。,3960.0,120902.87,469418.59,810-0041,福岡県,福岡市中央区大名1-9-39,092-720-6786,092-401-1808,地下鉄空港線「赤坂駅」（4番出口）から徒歩4分、西鉄「西鉄福岡駅」北口より徒歩9分,2500円/1泊（6台・会員ランク・プランに準ずる）〈先着順〉※予約不可,赤坂（福岡）,https://img.travel.rakuten.co.jp/share/HOTEL/179248/179248.jpg,https://img.travel.rakuten.co.jp/HIMG/90/179248.jpg,,,https://img.travel.rakuten.co.jp/share/HOTEL/179248/179248map.gif,495.0,4.07,,001,シングル【全室禁煙】,6491392.0,【楽天トラベルサマーSALE】【素泊まり】地下鉄空港線「赤坂」駅より徒歩4分！,1,0,0,0,0,1,https://img.travel.rakuten.co.jp/image/tr/api/re/IdsCY/?f_no=179248&f_syu=001&f_hi1=2026-07-18&f_hi2=2026-07-19&f_heya_su=1&f_otona_su=1&f_s1=0&f_s2=0&f_y1=0&f_y2=0&f_y3=0&f_y4=0&f_camp_id=6491392,0,2026-07-18,25200,25200,0,2026-07-18,seibu
181851,ホテルリファレンス天神３,https://img.travel.rakuten.co.jp/image/tr/api/re/pvonD/?f_no=181851,https://img.travel.rakuten.co.jp/image/tr/api/re/vFumt/?f_no=181851&f_flg=PLAN,https://img.travel.rakuten.co.jp/image/tr/api/re/WzozX/?noTomariHotel=181851,https://img.travel.rakuten.co.jp/image/tr/api/re/gJNfM/?f_hotel_no=181851,ほてるりふぁれんすてんじん３,ライブハウス・イベント会場へのアクセス抜群！天神中心部徒歩圏内★全室クイーンサイズベッド＆4KTV。,4410.0,120926.32,469430.47,810-0001,福岡県,福岡市中央区天神3-8-10,092-718-3030,092-718-3050,西鉄福岡天神駅(地下鉄天神駅)下車から天神地下街の西1出口より徒歩7分,"24時間1,500円(ご宿泊者様のみ)　ご予約不可",西鉄福岡,https://img.travel.rakuten.co.jp/share/HOTEL/181851/181851.jpg,https://img.travel.rakuten.co.jp/HIMG/90/181851.jpg,,,https://img.travel.rakuten.co.jp/share/HOTEL/181851/181851map.gif,372.0,4.27,,0001,【禁煙】ダブルルーム(Standard)★クイーンベッド★,6477225.0,【リファレンス天神3限定プラン】【素泊り★15％OFFオファー】禁煙室クイーンベッド★大人2名でお得,1,0,0,0,0,1,https://img.travel.rakuten.co.jp/image/tr/api/re/IdsCY/?f_no=181851&f_syu=0001&f_hi1=2026-07-18&f_hi2=2026-07-19&f_heya_su=1&f_otona_su=1&f_s1=0&f_s2=0&f_y1=0&f_y2=0&f_y3=0&f_y4=0&f_camp_id=6477225,0,2026-07-18,23030,23030,0,2026-07-18,seibu
539,博多エクセルホテル東急,https://img.travel.rakuten.co.jp/image/tr/api/re/pvonD/?f_no=539,https://img.travel.rakuten.co.jp/image/tr/api/re/vFumt/?f_no=539&f_flg=PLAN,https://img.travel.rakuten.co.jp/image/tr/api/re/WzozX/?noTomariHotel=539,https://img.travel.rakuten.co.jp/image/tr/api/re/gJNfM/?f_hotel_no=539,はかた　えくせるほてるとうきゅう,九州最大級の繁華街中洲に位置　中洲屋台街・博多や天神エリアも徒歩圏内,5938.0,120921.8,469467.01,810-0801,福岡県,福岡市博多区中洲4-6-7,092-262-0109,092-262-5578,福岡空港・ＪＲ博多駅から地下鉄で一本！　中洲川端駅4番出口より徒歩約2分,"先着順で有料駐車場有り/予約不可/1泊1,700円/ 高さ制限を越えるお車は近隣駐車場をご案内します",中洲川端,https://img.travel.rakuten.co.jp/share/HOTEL/539/539.jpg,https://img.travel.rakuten.co.jp/HIMG/90/539.jpg,https://img.travel.rakuten.co.jp/share/HOTEL/539/539_t.jpg,https://img.travel.rakuten.co.jp/HIMG/INTERIOR/539.jpg,https://img.travel.rakuten.co.jp/share/HOTEL/539/539map.gif,2011.0,4.14,,free1,【禁煙】【1名】お部屋タイプおまかせ,6229251.0,【当日限定】素泊まりプラン！【1名1室お部屋タイプおまかせ】,1,0,0,0,0,1,https://img.travel.rakuten.co.jp/image/tr/api/re/JlnYS/?f_no=539&f_syu=free1&f_hi1=2026-07-18&f_hi2=2026-07-19&f_heya_su=1&f_otona_su=1&f_s1=0&f_s2=0&f_y1=0&f_y2=0&f_y3=0&f_y4=0&f_camp_id=6229251,2,2026-07-18,32000,32000,1,2026-07-18,seibu
16283,ホテルエトワス天神,https://img.travel.rakuten.co.jp/image/tr/api/re/pvonD/?f_no=16283,https://img.travel.rakuten.co.jp/image/tr/api/re/vFumt/?f_no=16283&f_flg=PLAN,https://img.travel.rakuten.co.jp/image/tr/api/re/WzozX/?noTomariHotel=16283,https://img.travel.rakuten.co.jp/image/tr/api/re/gJNfM/?f_hotel_no=16283,えとわす　てんじん,★地下鉄天神駅徒歩３分★駅近で朝から海鮮丼＆九州のご当地料理ブッフェを楽しめるホテル,5690.0,120920.73,469432.47,810-0001,福岡県,福岡市中央区天神3-5-18,092-737-3233,092-737-3266,福岡空港・博多駅から地下鉄１本／福岡市営地下鉄『天神駅』４番出口より徒歩３分／都市高速天神北ランプより車約５分,無（提携駐車場あり「安国駐車場」徒歩3分）　※「セイワパーク天神親富孝通り」は2026年8月末で閉鎖,天神,https://img.travel.rakuten.co.jp/share/HOTEL/16283/16283.jpg,https://img.travel.rakuten.co.jp/HIMG/90/16283.jpg,https://img.travel.rakuten.co.jp/share/HOTEL/16283/16283_room.jpg,https://img.travel.rakuten.co.jp/HIMG/INTERIOR/16283.jpg,https://img.travel.rakuten.co.jp/share/HOTEL/16283/16283map.gif,2557.0,4.01,"次回も引き続き利用させて頂ければと思います。　2026-07-08 17:00:57投稿 <a href=""https://img.travel.rakuten.co.jp/image/tr/api/re/gJNfM/?f_hotel_no=16283"" class=""3click"">つづきはこちら</a>",ssns,【禁煙】スタンダードシングル,6315121.0,【楽天トラベルサマーSALE】【素泊まり】スペシャルプライス！地下鉄天神駅徒歩3分の好立地,1,0,0,0,0,2,https://img.travel.rakuten.co.jp/image/tr/api/re/IdsCY/?f_no=16283&f_syu=ssns&f_hi1=2026-07-18&f_hi2=2026-07-19&f_heya_su=1&f_otona_su=1&f_s1=0&f_s2=0&f_y1=0&f_y2=0&f_y3=0&f_y4=0&f_camp_id=6315121,0,2026-07-18,22770,22770,0,2026-07-18,seibu
147612,ＣＡＮＤＥＯ　ＨＯＴＥＬＳ（カンデオホテルズ）福岡天神,https://img.travel.rakuten.co.jp/image/tr/api/re/pvonD/?f_no=147612,https://img.travel.rakuten.co.jp/image/tr/api/re/vFumt/?f_no=147612&f_flg=PLAN,https://img.travel.rakuten.co.jp/image/tr/api/re/WzozX/?noTomariHotel=147612,https://img.travel.rakuten.co.jp/image/tr/api/re/gJNfM/?f_hotel_no=147612,かんでおほてるずふくおかてんじん,星空に一番近い露天風呂で、心洗われる極上の癒しを。福岡天神にある、唯一無二の4つ星ホテル。,7050.0,120899.21,469460.56,810-0004,福岡県,福岡市中央区渡辺通5-14-5,0927385600,0927385601,西鉄天神駅より徒歩４分、地下鉄空港線天神駅より徒歩９分、天神南駅より徒歩４分。,"事前予約制（7台）2,000円/１泊　※予約は電話のみ受付可",,https://img.travel.rakuten.co.jp/share/HOTEL/147612/147612.jpg,https://img.travel.rakuten.co.jp/HIMG/90/147612.jpg,,,https://img.travel.rakuten.co.jp/share/HOTEL/147612/147612map.gif,1225.0,4.05,"いっぱいあり最高でした。　2026-07-11 16:00:49投稿 <a href=""https://img.travel.rakuten.co.jp/image/tr/api/re/gJNfM/?f_hotel_no=147612"" class=""3click"">つづきはこちら</a>",esd,エグゼクティブソファダブル,5290670.0,【夏割キャンペーン！】天空でととのう夏の旅へ、最上階スカイスパをドライサウナで堪能（素泊）,1,0,0,0,0,1,https://img.travel.rakuten.co.jp/image/tr/api/re/IdsCY/?f_no=147612&f_syu=esd&f_hi1=2026-07-18&f_hi2=2026-07-19&f_heya_su=1&f_otona_su=1&f_s1=0&f_s2=0&f_y1=0&f_y2=0&f_y3=0&f_y4=0&f_camp_id=5290670,0,2026-07-18,41600,41600,0,2026-07-18,seibu
151071,ホテルニューガイア　ドーム前,https://img.travel.rakuten.co.jp/image/tr/api/re/pvonD/?f_no=151071,https://img.travel.rakuten.co.jp/image/tr/api/re/vFumt/?f_no=151071&f_flg=PLAN,https://img.travel.rakuten.co.jp/image/tr/api/re/WzozX/?noTomariHotel=151071,https://img.travel.rakuten.co.jp/image/tr/api/re/gJNfM/?f_hotel_no=151071,にゅーがいあ　どーむまえ,全客室にエアウィーヴ採用！宿泊者専用ラウンジではドリンク類が無料！スパークリングワインタイムもおススメ！,4375.0,120910.2,469333.0,810-0064,福岡県,福岡市中央区地行1-4-6,092-737-3901,092-737-3910,地下鉄空港線　唐人町駅より徒歩約５分！福岡空港、博多、天神にも地下鉄一本の好立地！,有り(先着5台予約不可)　車高1.55mまで(立体駐車場)　1000円(税込)／泊　※二輪駐輪場無し,唐人町,https://img.travel.rakuten.co.jp/share/HOTEL/151071/151071.jpg,https://img.travel.rakuten.co.jp/HIMG/90/151071.jpg,,,https://img.travel.rakuten.co.jp/share/HOTEL/151071/151071map.gif,713.0,4.27,"近くにコンビニ、焼鳥屋、ステー…　2026-07-08 05:26:31投稿 <a href=""https://img.travel.rakuten.co.jp/image/tr/api/re/gJNfM/?f_hotel_no=151071"" class=""3click"">つづきはこちら</a>",wns,【女性優先(男性宿泊不可)】禁煙リニューアルシングルルーム,4476095.0,【キャンセル不可】確約STAYプラン【カード決済限定】,1,0,0,0,0,2,https://img.travel.rakuten.co.jp/image/tr/api/re/IdsCY/?f_no=151071&f_syu=wns&f_hi1=2026-07-18&f_hi2=2026-07-19&f_heya_su=1&f_otona_su=1&f_s1=0&f_s2=0&f_y1=0&f_y2=0&f_y3=0&f_y4=0&f_camp_id=4476095,0,2026-07-18,22200,22200,0,2026-07-18,seibu
176739,ホテルビスタ福岡【中洲川端】,https://img.travel.rakuten.co.jp/image/tr/api/re/pvonD/?f_no=176739,https://img.travel.rakuten.co.jp/image/tr/api/re/vFumt/?f_no=176739&f_flg=PLAN,https://img.travel.rakuten.co.jp/image/tr/api/re/WzozX/?noTomariHotel=176739,https://img.travel.rakuten.co.jp/image/tr/api/re/gJNfM/?f_hotel_no=176739,びすた　ふくおか　なかすかわばた,「博多座」まで徒歩約3分　歌舞伎・ミュージカル等、年間通して公演をお楽しみいただけます,5100.0,120931.58,469478.03,812-0026,福岡県,福岡市博多区上川端町14-28,092-281-3737,092-281-3736,中洲川端駅７番出口より徒歩にて約３分。地下鉄にて天神駅まで２分、博多駅まで４分の好立地。最寄りのコンビニまで徒歩1分。,"５台先着順 一泊一台1,500円(税込) 機械式のため車高及び車幅制限あり 満車時は提携駐車場を案内",中洲川端,https://img.travel.rakuten.co.jp/share/HOTEL/176739/176739.jpg,https://img.travel.rakuten.co.jp/HIMG/90/176739.jpg,https://img.travel.rakuten.co.jp/share/HOTEL/176739/176739_kan1.jpg,https://img.travel.rakuten.co.jp/HIMG/INTERIOR/176739.jpg,https://img.travel.rakuten.co.jp/share/HOTEL/176739/176739map.gif,803.0,4.15,"美味しかったです　2026-06-08 21:11:05投稿 <a href=""https://img.travel.rakuten.co.jp/image/tr/api/re/gJNfM/?f_hotel_no=176739"" class=""3click"">つづきはこちら</a>",cmd,禁煙【バス・トイレ別】コンフォートダブル 150cmベッド,6489521.0,【楽天トラベルサマーSALE】シンプルステイプラン（素泊り）,1,0,0,0,0,2,https://img.travel.rakuten.co.jp/image/tr/api/re/IdsCY/?f_no=176739&f_syu=cmd&f_hi1=2026-07-18&f_hi2=2026-07-19&f_heya_su=1&f_otona_su=1&f_s1=0&f_s2=0&f_y1=0&f_y2=0&f_y3=0&f_y4=0&f_camp_id=6489521,0,2026-07-18,33535,33535,0,2026-07-18,seibu
172039,ホテル　グランドルチェ博多,https://img.travel.rakuten.co.jp/image/tr/api/re/pvonD/?f_no=172039,https://img.travel.rakuten.co.jp/image/tr/api/re/vFumt/?f_no=172039&f_flg=PLAN,https://img.travel.rakuten.co.jp/image/tr/api/re/WzozX/?noTomariHotel=172039,https://img.travel.rakuten.co.jp/image/tr/api/re/gJNfM/?f_hotel_no=172039,ぐらんどるちぇ　はかた,天神・中洲へ徒歩5分の好立地◆天神中央公園アクロス福岡前◆全室禁煙◆「便利・静か・清潔」をお求めの方におすすめ,6900.0,120915.04,469462.58,810-0002,福岡県,福岡市中央区西中洲12-18,092-406-1331,092-406-1100,福岡市営地下鉄[天神駅16番出口][中洲川端駅1番出口]より徒歩5分,4台有(要予約）※電話予約のみ（092-406-1331）　※1500円(15：00~翌11:00）,中洲川端,https://img.travel.rakuten.co.jp/share/HOTEL/172039/172039.jpg,https://img.travel.rakuten.co.jp/HIMG/90/172039.jpg,,,https://img.travel.rakuten.co.jp/share/HOTEL/172039/172039map.gif,424.0,4.21,"中洲からのアクセスも良い。　2026-07-09 09:08:47投稿 <a href=""https://img.travel.rakuten.co.jp/image/tr/api/re/gJNfM/?f_hotel_no=172039"" class=""3click"">つづきはこちら</a>",s,スタンダードシングル［禁煙］,6311864.0,【楽天トラベルサマーSALE】スタンダードルーム★天神・中洲徒歩5分！便利で静かな好立地（素泊まり）,1,0,0,0,0,1,https://img.travel.rakuten.co.jp/image/tr/api/re/IdsCY/?f_no=172039&f_syu=s&f_hi1=2026-07-18&f_hi2=2026-07-19&f_heya_su=1&f_otona_su=1&f_s1=0&f_s2=0&f_y1=0&f_y2=0&f_y3=0&f_y4=0&f_camp_id=6311864,0,2026-07-18,27800,27800,0,2026-07-18,seibu
182,アパホテル〈福岡渡辺通駅前〉ＥＸＣＥＬＬＥＮＴ,https://img.travel.rakuten.co.jp/image/tr/api/re/pvonD/?f_no=182,https://img.travel.rakuten.co.jp/image/tr/api/re/vFumt/?f_no=182&f_flg=PLAN,https://img.travel.rakuten.co.jp/image/tr/api/re/WzozX/?noTomariHotel=182,https://img.travel.rakuten.co.jp/image/tr/api/re/gJNfM/?f_hotel_no=182,あぱほてる＜ふくおかわたなべどおりえきまえ＞えくせれんと,全客室にコーヒーメーカー（ドルチェグスト）設置。上質な滞在と人気のお肉メイン朝食ビュッフェを。,4500.0,120883.94,469477.64,810-0005,福岡県,福岡市中央区清川1-10-1,0570-099-811,092-524-2377,電車：地下鉄七隈線「渡辺通駅」2番出口から徒歩約5分　バス：博多駅「博多駅前Bのりば」→「柳橋」下車徒歩1分,"料金：1,100円/1泊（15時〜翌11時） ※155cmの車高制限がございます。",天神,https://img.travel.rakuten.co.jp/share/HOTEL/182/182.jpg,https://img.travel.rakuten.co.jp/HIMG/90/182.jpg,https://img.travel.rakuten.co.jp/share/HOTEL/182/182_si.jpg,https://img.travel.rakuten.co.jp/HIMG/INTERIOR/182.jpg,https://img.travel.rakuten.co.jp/share/HOTEL/182/182map.gif,3114.0,3.98,,zs1,シングル■喫煙可■,5717499.0,【素泊まり・事前決済限定】1秒チェックインにおすすめ！,1,0,0,0,0,2,https://img.travel.rakuten.co.jp/image/tr/api/re/IdsCY/?f_no=182&f_syu=zs1&f_hi1=2026-07-18&f_hi2=2026-07-19&f_heya_su=1&f_otona_su=1&f_s1=0&f_s2=0&f_y1=0&f_y2=0&f_y3=0&f_y4=0&f_camp_id=5717499,0,2026-07-18,29160,29160,0,2026-07-18,seibu
187109,ザ　ロイヤルパーク　キャンバス　福岡中洲,https://img.travel.rakuten.co.jp/image/tr/api/re/pvonD/?f_no=187109,https://img.travel.rakuten.co.jp/image/tr/api/re/vFumt/?f_no=187109&f_flg=PLAN,https://img.travel.rakuten.co.jp/image/tr/api/re/WzozX/?noTomariHotel=187109,https://img.travel.rakuten.co.jp/image/tr/api/re/gJNfM/?f_hotel_no=187109,ざ　ろいやるぱーく　きゃんばす　ふくおかなかす,天神中心部にも近いアーバンリゾート。 博多川を望むテラス席を併設したキャンバスラウンジの他、大浴場やサウナ等をご用意。,11900.0,120929.56,469463.5,810-0801,福岡県,福岡市博多区中洲五丁目6番20号,092-291-1188,092-291-0666,福岡市地下鉄空港線「中洲川端駅」3番出口より徒歩約2分。ビジネスでもレジャーでも便利な立地です。,ホテル近隣のある提携駐車場をご案内しております。詳細につきましては宿ニュースをご確認ください。,中洲川端,https://img.travel.rakuten.co.jp/share/HOTEL/187109/187109.jpg,https://img.travel.rakuten.co.jp/HIMG/90/187109.jpg,,,https://img.travel.rakuten.co.jp/share/HOTEL/187109/187109map.gif,160.0,4.21,"大…　2026-06-24 18:03:31投稿 <a href=""https://img.travel.rakuten.co.jp/image/tr/api/re/gJNfM/?f_hotel_no=187109"" class=""3click"">つづきはこちら</a>",sdd,＜スカイフロア＞スタンダードダブル【禁煙】,6492406.0,【楽天トラベルサマーSALE】ベーシックプラン＜素泊り＞,1,0,0,0,0,1,https://img.travel.rakuten.co.jp/image/tr/api/re/IdsCY/?f_no=187109&f_syu=sdd&f_hi1=2026-07-18&f_hi2=2026-07-19&f_heya_su=1&f_otona_su=1&f_s1=0&f_s2=0&f_y1=0&f_y2=0&f_y3=0&f_y4=0&f_camp_id=6492406,0,2026-07-18,61280,61280,0,2026-07-18,seibu
9239,ホテル一楽,https://img.travel.rakuten.co.jp/image/tr/api/re/pvonD/?f_no=9239,https://img.travel.rakuten.co.jp/image/tr/api/re/vFumt/?f_no=9239&f_flg=PLAN,https://img.travel.rakuten.co.jp/image/tr/api/re/WzozX/?noTomariHotel=9239,https://img.travel.rakuten.co.jp/image/tr/api/re/gJNfM/?f_hotel_no=9239,いちらく,■天神・キャナルシティまで車で5分！■駐車場1泊500円（税別）！■庭園大浴場完備！■お子様連れでも安心の和室が40室！,3080.0,120876.31,469486.5,810-0005,福岡県,福岡市中央区清川2-5-5,092-531-0561,,福岡空港よりタクシー20分。ＪＲ博多駅よりタクシーの場合5分・路線バス利用の場合10分（柳橋バス停下車後3分）,当日15時より先着順　普通車（隣接20台・立体50台）1泊500円（別） ※大型車は別料金・要問合せ,天神,https://img.travel.rakuten.co.jp/share/HOTEL/9239/9239.jpg,https://img.travel.rakuten.co.jp/HIMG/90/9239.jpg,https://img.travel.rakuten.co.jp/share/HOTEL/9239/9239_sig.jpg,https://img.travel.rakuten.co.jp/HIMG/INTERIOR/9239.jpg,https://img.travel.rakuten.co.jp/share/HOTEL/9239/9239map.gif,2049.0,4.01,,omakase,客室おまかせ（お部屋タイプ指定不可）,2270792.0,【オンラインカード決済限定】スタンダード一楽プラン≪素泊まり≫,1,0,0,0,0,2,https://img.travel.rakuten.co.jp/image/tr/api/re/IdsCY/?f_no=9239&f_syu=omakase&f_hi1=2026-07-18&f_hi2=2026-07-19&f_heya_su=1&f_otona_su=1&f_s1=0&f_s2=0&f_y1=0&f_y2=0&f_y3=0&f_y4=0&f_camp_id=2270792,0,2026-07-18,18700,18700,0,2026-07-18,seibu
437,博多中洲ワシントンホテルプラザ,https://img.travel.rakuten.co.jp/image/tr/api/re/pvonD/?f_no=437,https://img.travel.rakuten.co.jp/image/tr/api/re/vFumt/?f_no=437&f_flg=PLAN,https://img.travel.rakuten.co.jp/image/tr/api/re/WzozX/?noTomariHotel=437,https://img.travel.rakuten.co.jp/image/tr/api/re/gJNfM/?f_hotel_no=437,はかたなかす　わしんとんほてるぷらざ,2021年全室リニューアル～九州一の繁華街「中洲」にあるホテル,5200.0,120921.05,469481.04,810-0801,福岡県,福岡市博多区中洲2-8-28,092-282-0410,092-282-7700,地下鉄「中洲川端駅」⑤番出口より徒歩約５分／ＪＲ博多駅（博多口）より徒歩約１５分,タワーパーキング　高さ155ｃｍまで　先着34台　1泊1500円〜　大型車の駐車場はございません。,中洲川端,https://img.travel.rakuten.co.jp/share/HOTEL/437/437.jpg,https://img.travel.rakuten.co.jp/HIMG/90/437.jpg,https://img.travel.rakuten.co.jp/share/HOTEL/437/437_heya.jpg,https://img.travel.rakuten.co.jp/HIMG/INTERIOR/437.jpg,https://img.travel.rakuten.co.jp/share/HOTEL/437/437map.gif,1844.0,3.93,,t221,【禁煙】ツインルーム　ベッド幅110ｃｍ×2台,1821066.0,基本プラン,1,0,0,0,0,1,https://img.travel.rakuten.co.jp/image/tr/api/re/IdsCY/?f_no=437&f_syu=t221&f_hi1=2026-07-18&f_hi2=2026-07-19&f_heya_su=1&f_otona_su=1&f_s1=0&f_s2=0&f_y1=0&f_y2=0&f_y3=0&f_y4=0&f_camp_id=1821066,0,2026-07-18,30900,30900,1,2026-07-18,seibu
172982,ザ・ライブリー福岡博多（ＴＨＥ　ＬＩＶＥＬＹ　福岡博多）,https://img.travel.rakuten.co.jp/image/tr/api/re/pvonD/?f_no=172982,https://img.travel.rakuten.co.jp/image/tr/api/re/vFumt/?f_no=172982&f_flg=PLAN,https://img.travel.rakuten.co.jp/image/tr/api/re/WzozX/?noTomariHotel=172982,https://img.travel.rakuten.co.jp/image/tr/api/re/gJNfM/?f_hotel_no=172982,ざ　らいぶりー　はかた　ふくおか,コワーキングスペースやビリヤード、充実したルームサービス、夕方にはフリービール提供。福岡初のライフスタイルホテル。,5747.0,120925.82,469465.11,810-0801,福岡県,福岡市博多区中洲5-2-18,050-3138-2071, ,地下鉄「中洲川端」駅2番出口より徒歩1分。天神・繁華街まで徒歩圏内。【地下鉄で】博多駅から3分、福岡空港から10分。,1800円/泊　予約不可　車種制限(車高1.6ｍ、車幅1.7ｍ)　7:00-23:00,中洲川端,https://img.travel.rakuten.co.jp/share/HOTEL/172982/172982.jpg,https://img.travel.rakuten.co.jp/HIMG/90/172982.jpg,https://img.travel.rakuten.co.jp/share/HOTEL/172982/172982_kan1.jpg,https://img.travel.rakuten.co.jp/HIMG/INTERIOR/172982.jpg,https://img.travel.rakuten.co.jp/share/HOTEL/172982/172982map.gif,434.0,3.73,"ビールのフリータイム、最高でした！チェックインアウトも簡単で、予約の時人数ミスをしてしまったんですがその辺も柔軟に対応頂きありがとうございました！　2026-07-11 12:24:43投稿 <a href=""https://img.travel.rakuten.co.jp/image/tr/api/re/gJNfM/?f_hotel_no=172982"" class=""3click"">つづきはこちら</a>",twin,デラックスツイン（禁煙）,6492196.0,【楽天トラベルサマーSALE】海外気分のデザインホテル！夕方はフリービール提供中（素泊まり）,1,0,0,0,0,1,https://img.travel.rakuten.co.jp/image/tr/api/re/IdsCY/?f_no=172982&f_syu=twin&f_hi1=2026-07-18&f_hi2=2026-07-19&f_heya_su=1&f_otona_su=1&f_s1=0&f_s2=0&f_y1=0&f_y2=0&f_y3=0&f_y4=0&f_camp_id=6492196,0,2026-07-18,72865,72865,0,2026-07-18,seibu
183373,ランプライトブックスホテル福岡,https://img.travel.rakuten.co.jp/image/tr/api/re/pvonD/?f_no=183373,https://img.travel.rakuten.co.jp/image/tr/api/re/vFumt/?f_no=183373&f_flg=PLAN,https://img.travel.rakuten.co.jp/image/tr/api/re/WzozX/?noTomariHotel=183373,https://img.travel.rakuten.co.jp/image/tr/api/re/gJNfM/?f_hotel_no=183373,らんぷらいとぶっくすほてるふくおか,本の世界を旅する新感覚ホテル。2021年12月福岡初進出！	【24時間営業！BOOKS＆CAFE併設】,5500.0,120901.2,469431.54,810-0041,福岡県,福岡市中央区大名1-15-22,092-720-7711,092-751-7733,地下鉄空港線「天神駅」下車　3番出口より徒歩8分、または「赤坂駅」下車　5番出口より徒歩6分,無し/近隣のコインパーキングへのご案内になります。,天神,https://img.travel.rakuten.co.jp/share/HOTEL/183373/183373.jpg,https://img.travel.rakuten.co.jp/HIMG/90/183373.jpg,,,https://img.travel.rakuten.co.jp/share/HOTEL/183373/183373map.gif,97.0,4.35,,dst,スタンダードダブル【禁煙】,5323131.0,【楽天トラベルサマーSALE】スタンダードプラン 《素泊り》,1,0,0,0,0,1,https://img.travel.rakuten.co.jp/image/tr/api/re/IdsCY/?f_no=183373&f_syu=dst&f_hi1=2026-07-18&f_hi2=2026-07-19&f_heya_su=1&f_otona_su=1&f_s1=0&f_s2=0&f_y1=0&f_y2=0&f_y3=0&f_y4=0&f_camp_id=5323131,0,2026-07-18,26550,26550,0,2026-07-18,seibu
3088,ザ　ノット　福岡天神（２０２６年４月２０日開業）,https://img.travel.rakuten.co.jp/image/tr/api/re/pvonD/?f_no=3088,https://img.travel.rakuten.co.jp/image/tr/api/re/vFumt/?f_no=3088&f_flg=PLAN,https://img.travel.rakuten.co.jp/image/tr/api/re/WzozX/?noTomariHotel=3088,https://img.travel.rakuten.co.jp/image/tr/api/re/gJNfM/?f_hotel_no=3088,ざ　のっと　ふくおかてんじん,福岡・天神に誕生！街とつながるライフスタイルホテル「THE KNOT FUKUOKA Tenjin」,5135.0,120903.22,469425.72,810-0041,福岡県,福岡市中央区大名1-9-63,0570-056-633,092-752-7550,博多駅、空港から地下鉄空港線で1本。天神駅3番出口から徒歩8分。赤坂駅（天神駅次）5番出口から4分。,なし,赤坂（福岡）,https://img.travel.rakuten.co.jp/share/HOTEL/3088/3088.jpg,https://img.travel.rakuten.co.jp/HIMG/90/3088.jpg,https://img.travel.rakuten.co.jp/share/HOTEL/3088/3088_tui.jpg,https://img.travel.rakuten.co.jp/HIMG/INTERIOR/3088.jpg,https://img.travel.rakuten.co.jp/share/HOTEL/3088/3088map.gif,2387.0,4.33,,sln,スーペリアセミダブル 禁煙,6420588.0,旅と人と街をつなぐTHE KNOTステイ (素泊まり),1,0,0,0,0,1,https://img.travel.rakuten.co.jp/image/tr/api/re/IdsCY/?f_no=3088&f_syu=sln&f_hi1=2026-07-18&f_hi2=2026-07-19&f_heya_su=1&f_otona_su=1&f_s1=0&f_s2=0&f_y1=0&f_y2=0&f_y3=0&f_y4=0&f_camp_id=6420588,0,2026-07-18,28480,28480,0,2026-07-18,seibu
9234,平和台ホテル天神,https://img.travel.rakuten.co.jp/image/tr/api/re/pvonD/?f_no=9234,https://img.travel.rakuten.co.jp/image/tr/api/re/vFumt/?f_no=9234&f_flg=PLAN,https://img.travel.rakuten.co.jp/image/tr/api/re/WzozX/?noTomariHotel=9234,https://img.travel.rakuten.co.jp/image/tr/api/re/gJNfM/?f_hotel_no=9234,へいわだいほてる　てんじん,地下鉄『天神駅』より徒歩10分！ビジネス・グルメにGoodな立地♪宿泊者の皆様におにぎり唐揚げセットの朝食付！,3350.0,120924.36,469422.01,810-0073,福岡県,福岡市中央区舞鶴1-5-6,092-737-1000,092-737-1003,地下鉄天神駅4番出口より徒歩約10分/福岡空港・博多駅より地下鉄で1本！天神バスセンターより徒歩12分,有り　8台　1500円/1泊（税込）※事前にお電話のご予約が必要です　TEL092-737-1000,西鉄福岡,https://img.travel.rakuten.co.jp/share/HOTEL/9234/9234.jpg,https://img.travel.rakuten.co.jp/HIMG/90/9234.jpg,https://img.travel.rakuten.co.jp/share/HOTEL/9234/9234_room.jpg,https://img.travel.rakuten.co.jp/HIMG/INTERIOR/9234.jpg,https://img.travel.rakuten.co.jp/share/HOTEL/9234/9234map.gif,1228.0,3.77,,sa-no,シングルルーム　★禁煙★　全室加湿空気清浄機　Wi-Fi無料,6507786.0,◆おにから朝食セット・サラダ・味噌汁付◆男性はサウナ入り放題◆,1,0,0,1,0,1,https://img.travel.rakuten.co.jp/image/tr/api/re/IdsCY/?f_no=9234&f_syu=sa-no&f_hi1=2026-07-18&f_hi2=2026-07-19&f_heya_su=1&f_otona_su=1&f_s1=0&f_s2=0&f_y1=0&f_y2=0&f_y3=0&f_y4=0&f_camp_id=6507786,0,2026-07-18,25000,25000,0,2026-07-18,seibu
146992,ファーストキャビン博多,https://img.travel.rakuten.co.jp/image/tr/api/re/pvonD/?f_no=146992,https://img.travel.rakuten.co.jp/image/tr/api/re/vFumt/?f_no=146992&f_flg=PLAN,,https://img.travel.rakuten.co.jp/image/tr/api/re/gJNfM/?f_hotel_no=146992,ふぁーすときゃびん　はかた,【全国旅行支援対象】地下鉄「中洲川端駅」直結の好立地！大浴場で疲れを癒せます。女性エリア完備！,4275.0,120925.34,469470.08,810-0801,福岡県,福岡市博多区中洲3-7-24　ｇａｔｅ’ｓ 8F,092-260-1852,092-260-1853,地下鉄空港線　中洲川端駅４番出口直結,駐車場無し・公共交通機関をご利用ください,中洲川端,https://img.travel.rakuten.co.jp/share/HOTEL/146992/146992.jpg,https://img.travel.rakuten.co.jp/HIMG/90/146992.jpg,https://img.travel.rakuten.co.jp/share/HOTEL/146992/146992_kan1.jpg,https://img.travel.rakuten.co.jp/HIMG/INTERIOR/146992.jpg,https://img.travel.rakuten.co.jp/share/HOTEL/146992/146992map.gif,1041.0,4.01,"出張で利用しました。とても綺麗で、快適でした。また利用したいと思います。　2026-06-21 05:31:43投稿 <a href=""https://img.travel.rakuten.co.jp/image/tr/api/re/gJNfM/?f_hotel_no=146992"" class=""3click"">つづきはこちら</a>",sd,ビジネスクラスキャビン（女性専用・男性不可）,6239750.0,【楽天トラベルサマーSALE】【女性専用】★ シンプルステイプラン,1,0,0,0,0,1,https://img.travel.rakuten.co.jp/image/tr/api/re/IdsCY/?f_no=146992&f_syu=sd&f_hi1=2026-07-18&f_hi2=2026-07-19&f_heya_su=1&f_otona_su=1&f_s1=0&f_s2=0&f_y1=0&f_y2=0&f_y3=0&f_y4=0&f_camp_id=6239750,0,2026-07-18,15010,15010,0,2026-07-18,seibu
173037,ナインアワーズ中洲川端駅,https://img.travel.rakuten.co.jp/image/tr/api/re/pvonD/?f_no=173037,https://img.travel.rakuten.co.jp/image/tr/api/re/vFumt/?f_no=173037&f_flg=PLAN,,https://img.travel.rakuten.co.jp/image/tr/api/re/gJNfM/?f_hotel_no=173037,ないんあわーず　なかすかわばたえき,【2019年8月9日オープン！】地下鉄直結。雨でも安心。福岡中心部にあり抜群のアクセス。観光・ビジネスの活動拠点に。,3400.0,120930.83,469469.44,812-0027,福岡県,福岡市博多区下川端町3-1　博多リバレインモールＢ1Ｆ,092-283-8755,092-283-8766,福岡市地下鉄中洲川端駅直結,無し,中洲川端,https://img.travel.rakuten.co.jp/share/HOTEL/173037/173037.jpg,https://img.travel.rakuten.co.jp/HIMG/90/173037.jpg,,,https://img.travel.rakuten.co.jp/share/HOTEL/173037/173037map.gif,274.0,4.0,"周りもとても静かでゆっくり…　2026-07-06 21:21:13投稿 <a href=""https://img.travel.rakuten.co.jp/image/tr/api/re/gJNfM/?f_hotel_no=173037"" class=""3click"">つづきはこちら</a>",f01,女性用スリーピングポッド 禁煙（通常）,4811492.0,スタンダードプラン！◆地下鉄「中洲川端駅」直結,1,0,0,0,0,1,https://img.travel.rakuten.co.jp/image/tr/api/re/IdsCY/?f_no=173037&f_syu=f01&f_hi1=2026-07-18&f_hi2=2026-07-19&f_heya_su=1&f_otona_su=1&f_s1=0&f_s2=0&f_y1=0&f_y2=0&f_y3=0&f_y4=0&f_camp_id=4811492,0,2026-07-18,11200,11200,1,2026-07-18,seibu
167056,Ｔｈｅ　ＢＲＥＡＫＦＡＳＴ　ＨＯＴＥＬ福岡中洲,https://img.travel.rakuten.co.jp/image/tr/api/re/pvonD/?f_no=167056,https://img.travel.rakuten.co.jp/image/tr/api/re/vFumt/?f_no=167056&f_flg=PLAN,https://img.travel.rakuten.co.jp/image/tr/api/re/WzozX/?noTomariHotel=167056,https://img.travel.rakuten.co.jp/image/tr/api/re/gJNfM/?f_hotel_no=167056,ざ　ぶれっくふぁーすと　ほてるふくおかなかす,23年 ACC総務大臣賞を受賞！【春香のBREAKFAST】桜鯛と筍と春フルーツフェア 4月末まで,4800.0,120924.69,469474.24,810-0801,福岡県,福岡市博多区中洲３丁目６－１９,050-1792-2444,092-291-4124,福岡市営地下鉄 空港線：博多駅経由 中洲川端駅まで4駅9分　中洲川端駅4番出口より徒歩2分,専用駐車場は設けておりません。車でお越しの方は周辺の有料駐車場を利用ください。,中洲川端,https://img.travel.rakuten.co.jp/share/HOTEL/167056/167056.jpg,https://img.travel.rakuten.co.jp/HIMG/90/167056.jpg,,,https://img.travel.rakuten.co.jp/share/HOTEL/167056/167056map.gif,571.0,4.0,,sdb,【禁煙室】スーペリアダブルルーム,6489666.0,【楽天トラベルサマーSALE】（素泊）シャンプー＆バスソルトバー夜食など無料サービス充実,1,0,0,0,0,1,https://img.travel.rakuten.co.jp/image/tr/api/re/IdsCY/?f_no=167056&f_syu=sdb&f_hi1=2026-07-18&f_hi2=2026-07-19&f_heya_su=1&f_otona_su=1&f_s1=0&f_s2=0&f_y1=0&f_y2=0&f_y3=0&f_y4=0&f_camp_id=6489666,0,2026-07-18,34800,34800,0,2026-07-18,seibu
56733,リッチモンドホテル福岡天神,https://img.travel.rakuten.co.jp/image/tr/api/re/pvonD/?f_no=56733,https://img.travel.rakuten.co.jp/image/tr/api/re/vFumt/?f_no=56733&f_flg=PLAN,https://img.travel.rakuten.co.jp/image/tr/api/re/WzozX/?noTomariHotel=56733,https://img.travel.rakuten.co.jp/image/tr/api/re/gJNfM/?f_hotel_no=56733,りっちもんど　ふくおかてんじん,地下鉄七隈線「天神南駅」徒歩約3分。福岡屋台も徒歩圏内で福岡旅を楽しめるビジネス・観光に便利な理想のロケーション,4950.0,120899.6,469455.49,810-0004,福岡県,福岡市中央区渡辺通4-8-25,092-739-2055,092-739-2056,西鉄バスセンターより徒歩3分　地下鉄空港線天神駅・七隈線天神南駅下車～天神地下街西12-C出口直進徒歩1分,敷地内に機械式立体駐車場有／料金2000円（税込／泊）／満車時は近隣の提携駐車場にご案内いたします,天神,https://img.travel.rakuten.co.jp/share/HOTEL/56733/56733.jpg,https://img.travel.rakuten.co.jp/HIMG/90/56733.jpg,https://img.travel.rakuten.co.jp/share/HOTEL/56733/56733_room.jpg,https://img.travel.rakuten.co.jp/HIMG/INTERIOR/56733.jpg,https://img.travel.rakuten.co.jp/share/HOTEL/56733/56733map.gif,4503.0,4.26,"立地が良く地下入り口まで100メートル以内でした！繁華街にも近く重宝しました。冷蔵庫がカビだらけで（製氷器の部分）冷蔵庫を変えていただきました。清掃の方は外国籍の方だったのでしょうがないかと思いました…　2026-07-12 22:15:07投稿 <a href=""https://img.travel.rakuten.co.jp/image/tr/api/re/gJNfM/?f_hotel_no=56733"" class=""3click"">つづきはこちら</a>",sn,※禁煙※モデレートシングル・18平米・1名,6500335.0,【楽天トラベルサマーSALE】シンプルステイ【素泊まり】,1,0,0,0,0,1,https://img.travel.rakuten.co.jp/image/tr/api/re/IdsCY/?f_no=56733&f_syu=sn&f_hi1=2026-07-18&f_hi2=2026-07-19&f_heya_su=1&f_otona_su=1&f_s1=0&f_s2=0&f_y1=0&f_y2=0&f_y3=0&f_y4=0&f_camp_id=6500335,0,2026-07-18,25740,25740,0,2026-07-18,seibu
1137,ヒルトン福岡シーホーク,https://img.travel.rakuten.co.jp/image/tr/api/re/pvonD/?f_no=1137,https://img.travel.rakuten.co.jp/image/tr/api/re/vFumt/?f_no=1137&f_flg=PLAN,https://img.travel.rakuten.co.jp/image/tr/api/re/WzozX/?noTomariHotel=1137,https://img.travel.rakuten.co.jp/image/tr/api/re/gJNfM/?f_hotel_no=1137,ひるとんふくおかしーほーく,みずほPayPayドーム福岡隣接。全室オーシャンビュー！専用ラウンジ特典付エグゼクティブフロアも魅力。,12987.0,120928.65,469306.24,810-8650,福岡県,福岡市中央区地行浜2-2-3,092-844-8111,092-844-7899,【バス】天神からW１番で１５分／博多駅から３０６番で３０分→ヒルトン福岡前下車 。,"有り 800台 １泊2,000円(予約不要。チェックイン前の駐車可能）",唐人町,https://img.travel.rakuten.co.jp/share/HOTEL/1137/1137.jpg,https://img.travel.rakuten.co.jp/HIMG/90/1137.jpg,https://img.travel.rakuten.co.jp/share/HOTEL/1137/1137_sgl.jpg,https://img.travel.rakuten.co.jp/HIMG/INTERIOR/1137.jpg,https://img.travel.rakuten.co.jp/share/HOTEL/1137/1137map.gif,4735.0,4.11,,d1,ヒルトン ダブル（禁煙）,6356975.0,【博多湾オーシャンビュー】お子様連れも安心！6歳未満添い寝無料♪シンプルステイ（お部屋のみ）2026,1,0,0,0,0,1,https://img.travel.rakuten.co.jp/image/tr/api/re/IdsCY/?f_no=1137&f_syu=d1&f_hi1=2026-07-18&f_hi2=2026-07-19&f_heya_su=1&f_otona_su=1&f_s1=0&f_s2=0&f_y1=0&f_y2=0&f_y3=0&f_y4=0&f_camp_id=6356975,0,2026-07-18,60164,60164,0,2026-07-18,seibu
72791,ホテルマイステイズ福岡天神,https://img.travel.rakuten.co.jp/image/tr/api/re/pvonD/?f_no=72791,https://img.travel.rakuten.co.jp/image/tr/api/re/vFumt/?f_no=72791&f_flg=PLAN,https://img.travel.rakuten.co.jp/image/tr/api/re/WzozX/?noTomariHotel=72791,https://img.travel.rakuten.co.jp/image/tr/api/re/gJNfM/?f_hotel_no=72791,まいすていずふくおかてんじん,福岡の中心 天神駅より徒歩5分とアクセス至便！くつろぎと快適さをお届けいたします。,3590.0,120920.66,469433.4,810-0001,福岡県,福岡市中央区天神3-5-7,092-687-1100,092-687-1102,地下鉄 天神駅の4番出口より徒歩5分 福岡空港から乗り換えなし10分。コンビニまで徒歩１分,敷地内駐車場は【コインパーキング】です。（※ご予約制ではございませんのでご了承ください）,天神,https://img.travel.rakuten.co.jp/share/HOTEL/72791/72791.jpg,https://img.travel.rakuten.co.jp/HIMG/90/72791.jpg,https://img.travel.rakuten.co.jp/share/HOTEL/72791/72791_room.jpg,https://img.travel.rakuten.co.jp/HIMG/INTERIOR/72791.jpg,https://img.travel.rakuten.co.jp/share/HOTEL/72791/72791map.gif,1959.0,4.26,"チェックイン時間より早く着いたので、荷物だけ預かってもらうつもりだったのですが、清掃も完了してい…　2026-07-16 22:30:45投稿 <a href=""https://img.travel.rakuten.co.jp/image/tr/api/re/gJNfM/?f_hotel_no=72791"" class=""3click"">つづきはこちら</a>",sia,■喫煙■スタンダードダブル【15平米】,3362446.0,【素泊まり / ベストレート】小学生のお子様まで【添い寝無料】,1,0,0,0,0,1,https://img.travel.rakuten.co.jp/image/tr/api/re/IdsCY/?f_no=72791&f_syu=sia&f_hi1=2026-07-18&f_hi2=2026-07-19&f_heya_su=1&f_otona_su=1&f_s1=0&f_s2=0&f_y1=0&f_y2=0&f_y3=0&f_y4=0&f_camp_id=3362446,0,2026-07-18,30970,30970,0,2026-07-18,seibu
181424,ＫＯＫＯ　ＨＯＴＥＬ　福岡天神,https://img.travel.rakuten.co.jp/image/tr/api/re/pvonD/?f_no=181424,https://img.travel.rakuten.co.jp/image/tr/api/re/vFumt/?f_no=181424&f_flg=PLAN,https://img.travel.rakuten.co.jp/image/tr/api/re/WzozX/?noTomariHotel=181424,https://img.travel.rakuten.co.jp/image/tr/api/re/gJNfM/?f_hotel_no=181424,ここほてる　ふくおかてんじん,天神南駅から徒歩4分。福岡の中心地天神に位置し、観光やグルメ、買物はもちろんビジネスにも最適！,5875.0,120900.93,469446.52,810-0021,福岡県,福岡市中央区今泉1-22-14,092-714-5445,092-714-5466,「天神南」駅より徒歩4分,無し,西鉄福岡,https://img.travel.rakuten.co.jp/share/HOTEL/181424/181424.jpg,https://img.travel.rakuten.co.jp/HIMG/90/181424.jpg,,,https://img.travel.rakuten.co.jp/share/HOTEL/181424/181424map.gif,312.0,4.1,,roh,お部屋タイプおまかせ,6246481.0,【お日にち限定】お部屋タイプおまかせプラン  / 素泊り,1,0,0,0,0,1,https://img.travel.rakuten.co.jp/image/tr/api/re/IdsCY/?f_no=181424&f_syu=roh&f_hi1=2026-07-18&f_hi2=2026-07-19&f_heya_su=1&f_otona_su=1&f_s1=0&f_s2=0&f_y1=0&f_y2=0&f_y3=0&f_y4=0&f_camp_id=6246481,0,2026-07-18,34780,34780,0,2026-07-18,seibu
181718,ホテルＪＡＬシティ福岡　天神,https://img.travel.rakuten.co.jp/image/tr/api/re/pvonD/?f_no=181718,https://img.travel.rakuten.co.jp/image/tr/api/re/vFumt/?f_no=181718&f_flg=PLAN,https://img.travel.rakuten.co.jp/image/tr/api/re/WzozX/?noTomariHotel=181718,https://img.travel.rakuten.co.jp/image/tr/api/re/gJNfM/?f_hotel_no=181718,ほてるじゃるしてぃふくおか　てんじん,2021年3月開業！空港・博多駅を結ぶ地下鉄赤坂駅3番出口より徒歩1分の好立地！！,8370.0,120909.95,469417.35,810-0041,福岡県,福岡市中央区大名2-12-5,092-718-7558,092-718-7567,福岡市営地下鉄赤坂駅3番出口より徒歩1分,"立体駐車場あり(台数26台・2,000円/泊) 予約不可",赤坂（福岡）,https://img.travel.rakuten.co.jp/share/HOTEL/181718/181718.jpg,https://img.travel.rakuten.co.jp/HIMG/90/181718.jpg,,,https://img.travel.rakuten.co.jp/share/HOTEL/181718/181718map.gif,532.0,4.47,,mq,モデレートクイーン／21平米・禁煙,4933287.0,【SAVER】シンプルステイ(室料のみ),1,0,0,0,0,1,https://img.travel.rakuten.co.jp/image/tr/api/re/IdsCY/?f_no=181718&f_syu=mq&f_hi1=2026-07-18&f_hi2=2026-07-19&f_heya_su=1&f_otona_su=1&f_s1=0&f_s2=0&f_y1=0&f_y2=0&f_y3=0&f_y4=0&f_camp_id=4933287,0,2026-07-18,49000,49000,0,2026-07-18,seibu
198902,ＢＡＳＥ　ＬＡＹＥＲ　ＨＯＴＥＬ　福岡（２０２６年４月１５日ＯＰＥＮ）,https://img.travel.rakuten.co.jp/image/tr/api/re/pvonD/?f_no=198902,https://img.travel.rakuten.co.jp/image/tr/api/re/vFumt/?f_no=198902&f_flg=PLAN,https://img.travel.rakuten.co.jp/image/tr/api/re/WzozX/?noTomariHotel=198902,https://img.travel.rakuten.co.jp/image/tr/api/re/gJNfM/?f_hotel_no=198902,べーすれいやーほてるふくおか（２０２６ねん４がつ１５にちおーぷん）,快適な滞在と楽しい街遊びを支える基礎的機能ホテル,5693.0,120879.62,469476.79,810-0005,福岡県,福岡市中央区清川1-14-15,092-406-1256,092-406-1257,福岡市地下鉄七隈線「渡辺通駅」より徒歩7分・西鉄天神大牟田線「薬院駅」より徒歩10分,なし,天神,https://img.travel.rakuten.co.jp/share/HOTEL/198902/198902.jpg,https://img.travel.rakuten.co.jp/HIMG/90/198902.jpg,,,https://img.travel.rakuten.co.jp/share/HOTEL/198902/198902map.gif,24.0,3.79,"駅からもそこまで遠くないしまた利用したい。　2026-07-15 20:49:47投稿 <a href=""https://img.travel.rakuten.co.jp/image/tr/api/re/gJNfM/?f_hotel_no=198902"" class=""3click"">つづきはこちら</a>",d,ダブルルーム,6445468.0,【事前決済限定・キャンセル不可】直前割_素泊,1,0,0,0,0,2,https://img.travel.rakuten.co.jp/image/tr/api/re/IdsCY/?f_no=198902&f_syu=d&f_hi1=2026-07-18&f_hi2=2026-07-19&f_heya_su=1&f_otona_su=1&f_s1=0&f_s2=0&f_y1=0&f_y2=0&f_y3=0&f_y4=0&f_camp_id=6445468,0,2026-07-18,33264,33264,0,2026-07-18,seibu
12562,ザ・レジデンシャルスイート・福岡,https://img.travel.rakuten.co.jp/image/tr/api/re/pvonD/?f_no=12562,https://img.travel.rakuten.co.jp/image/tr/api/re/vFumt/?f_no=12562&f_flg=PLAN,https://img.travel.rakuten.co.jp/image/tr/api/re/WzozX/?noTomariHotel=12562,https://img.travel.rakuten.co.jp/image/tr/api/re/gJNfM/?f_hotel_no=12562,ざ・れじでんしゃるすいーと・ふくおか,★全室44平米以上でミニキッチン＆電子レンジ完備★ドームまで徒歩約10分！★ファミリー、野球観戦、コンサートなどに最適♪,5000.0,120912.72,469288.88,814-0001,福岡県,福岡市早良区百道浜1-3-70,092-846-8585,092-846-8588,★車で福岡都市高速経由百道出口約2分★地下鉄『西新駅』１番出口より徒歩10分★バスで天神・博多から医師会館前まで約20分,有り　135台　\1650/泊（税込）　平置き/車高2.3ｍ迄　,西新,https://img.travel.rakuten.co.jp/share/HOTEL/12562/12562.jpg,https://img.travel.rakuten.co.jp/HIMG/90/12562.jpg,https://img.travel.rakuten.co.jp/share/HOTEL/12562/12562_t.jpg,https://img.travel.rakuten.co.jp/HIMG/INTERIOR/12562.jpg,https://img.travel.rakuten.co.jp/share/HOTEL/12562/12562map.gif,5174.0,4.11,,omsgl-k,【禁煙】１名利用,866872.0,【ライブやコンサート、イベント利用におすすめ】ドームまで徒歩10分！お部屋タイプおまかせ【素泊まり】,1,0,0,0,0,1,https://img.travel.rakuten.co.jp/image/tr/api/re/IdsCY/?f_no=12562&f_syu=omsgl-k&f_hi1=2026-07-18&f_hi2=2026-07-19&f_heya_su=1&f_otona_su=1&f_s1=0&f_s2=0&f_y1=0&f_y2=0&f_y3=0&f_y4=0&f_camp_id=866872,0,2026-07-18,36000,36000,0,2026-07-18,seibu
171975,リッチモンドホテル天神西通,https://img.travel.rakuten.co.jp/image/tr/api/re/pvonD/?f_no=171975,https://img.travel.rakuten.co.jp/image/tr/api/re/vFumt/?f_no=171975&f_flg=PLAN,https://img.travel.rakuten.co.jp/image/tr/api/re/WzozX/?noTomariHotel=171975,https://img.travel.rakuten.co.jp/image/tr/api/re/gJNfM/?f_hotel_no=171975,りっちもんどほてるてんじんにしどおり,楽天トラベルブロンズアワード2024受賞☆空港・博多・中洲へのアクセスも抜群。市内ビジネス、観光の拠点に最適なホテル。,7230.0,120909.07,469436.1,810-0001,福岡県,福岡市中央区天神2-6-16,092-717-2477,092-717-2478,地下鉄空港線　天神駅より徒歩にて約５分,無し【提携先】福岡中央自動車駐車場※2026年3月末で閉業予定です。以降の提携先はございません。,天神,https://img.travel.rakuten.co.jp/share/HOTEL/171975/171975.jpg,https://img.travel.rakuten.co.jp/HIMG/90/171975.jpg,https://img.travel.rakuten.co.jp/share/HOTEL/171975/171975_kan1.jpg,https://img.travel.rakuten.co.jp/HIMG/INTERIOR/171975.jpg,https://img.travel.rakuten.co.jp/share/HOTEL/171975/171975map.gif,933.0,4.31,"ICLの手術が14時で、チェックインが14時だったのでその前にお風呂に入りたいと思い、早めにできるか相談したら1000円払ったら13時にチェックインできた。本当に助かりました。部屋も綺麗でアクセスも最…　2026-07-16 21:15:04投稿 <a href=""https://img.travel.rakuten.co.jp/image/tr/api/re/gJNfM/?f_hotel_no=171975"" class=""3click"">つづきはこちら</a>",mdts1,【喫煙】モデレートツイン 1名利用,6505028.0,【楽天トラベルサマーSALE】【素泊まり】福岡・博多シンプルステイプラン,1,0,0,0,0,1,https://img.travel.rakuten.co.jp/image/tr/api/re/IdsCY/?f_no=171975&f_syu=mdts1&f_hi1=2026-07-18&f_hi2=2026-07-19&f_heya_su=1&f_otona_su=1&f_s1=0&f_s2=0&f_y1=0&f_y2=0&f_y3=0&f_y4=0&f_camp_id=6505028,0,2026-07-18,53100,53100,0,2026-07-18,seibu
196538,福岡プリンスホテル　ももち浜（２０２６年３月１７日開業）,https://img.travel.rakuten.co.jp/image/tr/api/re/pvonD/?f_no=196538,https://img.travel.rakuten.co.jp/image/tr/api/re/vFumt/?f_no=196538&f_flg=PLAN,https://img.travel.rakuten.co.jp/image/tr/api/re/WzozX/?noTomariHotel=196538,https://img.travel.rakuten.co.jp/image/tr/api/re/gJNfM/?f_hotel_no=196538,ふくおかぷりんすほてる　ももちはま（２０２６ねん３がつ１７にち）,2026年3月17日開業｜みずほPayPayドームまでタクシーで約5分と好アクセス♪,11094.0,120924.37,469270.09,814-0001,福岡県,福岡市早良区百道浜二丁目3番23号,092-400-1806,092-400-2016,地下鉄 西新駅から（最寄駅）：タクシー 約6分／徒歩 約20分,"62台。（有料・1泊2,000円）満車でご利用いただけない場合がございます。",西新,https://img.travel.rakuten.co.jp/share/HOTEL/196538/196538.jpg,https://img.travel.rakuten.co.jp/HIMG/90/196538.jpg,,,https://img.travel.rakuten.co.jp/share/HOTEL/196538/196538map.gif,31.0,4.07,"ラウンジも良かった！　2026-07-15 20:07:09投稿 <a href=""https://img.travel.rakuten.co.jp/image/tr/api/re/gJNfM/?f_hotel_no=196538"" class=""3click"">つづきはこちら</a>",muton,【オーシャンビュー】スーペリア ツイン,6498616.0,【楽天トラベルサマーSALE】海と過ごす特別なひととき　朝食付き,1,0,0,1,0,1,https://img.travel.rakuten.co.jp/image/tr/api/re/IdsCY/?f_no=196538&f_syu=muton&f_hi1=2026-07-18&f_hi2=2026-07-19&f_heya_su=1&f_otona_su=1&f_s1=0&f_s2=0&f_y1=0&f_y2=0&f_y3=0&f_y4=0&f_camp_id=6498616,0,2026-07-18,39588,39588,0,2026-07-18,seibu
17532,ホテルモントレ　ラ・スール福岡,https://img.travel.rakuten.co.jp/image/tr/api/re/pvonD/?f_no=17532,https://img.travel.rakuten.co.jp/image/tr/api/re/vFumt/?f_no=17532&f_flg=PLAN,https://img.travel.rakuten.co.jp/image/tr/api/re/WzozX/?noTomariHotel=17532,https://img.travel.rakuten.co.jp/image/tr/api/re/gJNfM/?f_hotel_no=17532,もんとれ　ら・すーる　ふくおか,空港から地下鉄一本！ホテル1Fコンビニあり。話題のシャワーヘッド「ミラブル」全室導入。,6367.0,120915.85,469432.23,810-0041,福岡県,福岡市中央区大名2-8-27,092-726-7111,092-726-7100,★福岡空港・ＪＲ博多駅から天神地下鉄4番出口より徒歩3分★博多名物の屋台も目の前に！！,28台先着順　１８００円／1泊　（満車の場合は近隣駐車場への案内となります）,天神,https://img.travel.rakuten.co.jp/share/HOTEL/17532/17532.jpg,https://img.travel.rakuten.co.jp/HIMG/90/17532.jpg,https://img.travel.rakuten.co.jp/share/HOTEL/17532/17532_heya1.jpg,https://img.travel.rakuten.co.jp/HIMG/INTERIOR/17532.jpg,https://img.travel.rakuten.co.jp/share/HOTEL/17532/17532map.gif,3402.0,4.24,"コンビニも1階にあり朝はこちらを利用した。ツインでしたが広さも十分だった。　2026-07-09 14:38:21投稿 <a href=""https://img.travel.rakuten.co.jp/image/tr/api/re/gJNfM/?f_hotel_no=17532"" class=""3click"">つづきはこちら</a>",dsx_a,スタンダードダブルルーム,5966460.0,【楽天トラベルサマーSALE】天神地下鉄からアクセス抜群♪シンプルステイ＜素泊り＞,1,0,0,0,0,1,https://img.travel.rakuten.co.jp/image/tr/api/re/IdsCY/?f_no=17532&f_syu=dsx_a&f_hi1=2026-07-18&f_hi2=2026-07-19&f_heya_su=1&f_otona_su=1&f_s1=0&f_s2=0&f_y1=0&f_y2=0&f_y3=0&f_y4=0&f_camp_id=5966460,0,2026-07-18,43072,43072,0,2026-07-18,seibu
3089,プラザホテルプルミエ,https://img.travel.rakuten.co.jp/image/tr/api/re/pvonD/?f_no=3089,https://img.travel.rakuten.co.jp/image/tr/api/re/vFumt/?f_no=3089&f_flg=PLAN,https://img.travel.rakuten.co.jp/image/tr/api/re/WzozX/?noTomariHotel=3089,https://img.travel.rakuten.co.jp/image/tr/api/re/gJNfM/?f_hotel_no=3089,ぷらざほてる　ぷるみえ,福岡の天神地区のホテル。出張や買物に最適！快適なデュベスタイル・Wi-Fi接続。,3607.0,120902.64,469432.81,810-0041,福岡県,福岡市中央区大名1-14-13,0570-076-633,092-734-7601,博多駅、福岡空港より地下鉄で1本。空港線天神駅3番出口より徒歩7分。七隈線天神南駅2番出口より徒歩8分。,駐車場あり(先着順・予約不可)  2500円/ 1泊,天神,https://img.travel.rakuten.co.jp/share/HOTEL/3089/3089.jpg,https://img.travel.rakuten.co.jp/HIMG/90/3089.jpg,https://img.travel.rakuten.co.jp/share/HOTEL/3089/3089_tui.jpg,https://img.travel.rakuten.co.jp/HIMG/INTERIOR/3089.jpg,https://img.travel.rakuten.co.jp/share/HOTEL/3089/3089map.gif,2771.0,3.66,,st,【喫煙】スーペリアツイン,4512043.0,「プルミエ」ステイ,1,0,0,0,0,1,https://img.travel.rakuten.co.jp/image/tr/api/re/IdsCY/?f_no=3089&f_syu=st&f_hi1=2026-07-18&f_hi2=2026-07-19&f_heya_su=1&f_otona_su=1&f_s1=0&f_s2=0&f_y1=0&f_y2=0&f_y3=0&f_y4=0&f_camp_id=4512043,0,2026-07-18,38700,38700,0,2026-07-18,seibu
183210,ＹＯＵ　ＳＴＹＬＥ　ＨＯＴＥＬ　ＨＡＫＡＴＡ,https://img.travel.rakuten.co.jp/image/tr/api/re/pvonD/?f_no=183210,https://img.travel.rakuten.co.jp/image/tr/api/re/vFumt/?f_no=183210&f_flg=PLAN,https://img.travel.rakuten.co.jp/image/tr/api/re/WzozX/?noTomariHotel=183210,https://img.travel.rakuten.co.jp/image/tr/api/re/gJNfM/?f_hotel_no=183210,ゆー　すたいる　ほてる　はかた,【全室禁煙】2021年10月　新築グランドオープン♪博多座の隣！中洲川端駅からも徒歩3分で便利な立地！,4250.0,120934.57,469470.12,812-0027,福岡県,福岡市博多区下川端町10-1,092-402-4433,092-402-4432,中洲川端駅より徒歩3分,"有(1,700円/泊)※ホテル内駐車場１台分のみ。※予約制のためホテルに直接お問い合わせください。",中洲川端,https://img.travel.rakuten.co.jp/share/HOTEL/183210/183210.jpg,https://img.travel.rakuten.co.jp/HIMG/90/183210.jpg,,,https://img.travel.rakuten.co.jp/share/HOTEL/183210/183210map.gif,284.0,4.27,,single1,セミダブルルーム,5602903.0,【楽天トラベルサマーSALE】【素泊まり】シンプルステイ♪博多座の隣で便利な立地！,1,0,0,0,0,1,https://img.travel.rakuten.co.jp/image/tr/api/re/IdsCY/?f_no=183210&f_syu=single1&f_hi1=2026-07-18&f_hi2=2026-07-19&f_heya_su=1&f_otona_su=1&f_s1=0&f_s2=0&f_y1=0&f_y2=0&f_y3=0&f_y4=0&f_camp_id=5602903,0,2026-07-18,26790,26790,0,2026-07-18,seibu
70215,ホテルマイステイズ福岡天神南,https://img.travel.rakuten.co.jp/image/tr/api/re/pvonD/?f_no=70215,https://img.travel.rakuten.co.jp/image/tr/api/re/vFumt/?f_no=70215&f_flg=PLAN,https://img.travel.rakuten.co.jp/image/tr/api/re/WzozX/?noTomariHotel=70215,https://img.travel.rakuten.co.jp/image/tr/api/re/gJNfM/?f_hotel_no=70215,ほてるまいすていずふくおかてんじんみなみ,地下鉄七隈線「天神南駅」から徒歩5分、「天神・中洲エリア」へ徒歩圏内。 ミニキッチン付のお部屋は連泊時に大人気！,2920.0,120907.54,469471.21,810-0003,福岡県,福岡市中央区春吉3-14-20,092-286-1700,092-286-2100,■空港から空港線「博多駅」にて七隈線に乗り換え「天神南駅」6番出口より徒歩5分■「天神高速バスターミナル」より徒歩８分,"ご利用の方は事前にお電話にてご予約下さい。1,500円／泊　※先着順。台数に限りがあります。　",,https://img.travel.rakuten.co.jp/share/HOTEL/70215/70215.jpg,https://img.travel.rakuten.co.jp/HIMG/90/70215.jpg,https://img.travel.rakuten.co.jp/share/HOTEL/70215/70215_s.jpg,https://img.travel.rakuten.co.jp/HIMG/INTERIOR/70215.jpg,https://img.travel.rakuten.co.jp/share/HOTEL/70215/70215map.gif,2157.0,4.16,"呼子のイカや、鶏のたた…　2026-07-16 08:00:53投稿 <a href=""https://img.travel.rakuten.co.jp/image/tr/api/re/gJNfM/?f_hotel_no=70215"" class=""3click"">つづきはこちら</a>",d1a,禁煙◇リニューアル スタンダードダブル◇１５平米,6165179.0,2025年客室改装！全室スマートTV導入！【ベストレート / 朝食付き】カレー＆ミニブッフェ朝食,1,0,0,1,0,1,https://img.travel.rakuten.co.jp/image/tr/api/re/IdsCY/?f_no=70215&f_syu=d1a&f_hi1=2026-07-18&f_hi2=2026-07-19&f_heya_su=1&f_otona_su=1&f_s1=0&f_s2=0&f_y1=0&f_y2=0&f_y3=0&f_y4=0&f_camp_id=6165179,0,2026-07-18,31500,31500,0,2026-07-18,seibu
201,アークホテルロイヤル福岡天神　－ルートインホテルズ－,https://img.travel.rakuten.co.jp/image/tr/api/re/pvonD/?f_no=201,https://img.travel.rakuten.co.jp/image/tr/api/re/vFumt/?f_no=201&f_flg=PLAN,https://img.travel.rakuten.co.jp/image/tr/api/re/WzozX/?noTomariHotel=201,https://img.travel.rakuten.co.jp/image/tr/api/re/gJNfM/?f_hotel_no=201,あーくほてるろいやるふくおかてんじん,■地下鉄 天神駅より徒歩6分■福岡名物を数多く取り揃えた 和洋朝食バイキングが好評■緑広がる都会のオアシス！,4040.0,120927.19,469434.77,810-0001,福岡県,福岡市中央区天神3-13-20,092-724-2222,092-724-2211,地下鉄「天神駅」から徒歩６分。ＪＲ「博多駅」から車で10分。福岡市都市高速天神北ランプ）降りてすぐ,安国駐車場　17:00〜翌10:00　￥800  ,天神,https://img.travel.rakuten.co.jp/share/HOTEL/201/201.jpg,https://img.travel.rakuten.co.jp/HIMG/90/201.jpg,https://img.travel.rakuten.co.jp/share/HOTEL/201/201_room.jpg,https://img.travel.rakuten.co.jp/HIMG/INTERIOR/201.jpg,https://img.travel.rakuten.co.jp/share/HOTEL/201/201map.gif,1756.0,4.11,,sw,◇セミダブル（禁煙） １５．５平米 ベッド幅１２０ｃｍ,2977861.0,【楽天トラベルサマーSALE】部屋持ち込み可能な3，000冊の無料コミックコーナOPEN＜食事無し＞,1,0,0,0,0,1,https://img.travel.rakuten.co.jp/image/tr/api/re/IdsCY/?f_no=201&f_syu=sw&f_hi1=2026-07-18&f_hi2=2026-07-19&f_heya_su=1&f_otona_su=1&f_s1=0&f_s2=0&f_y1=0&f_y2=0&f_y3=0&f_y4=0&f_camp_id=2977861,0,2026-07-18,29450,29450,0,2026-07-18,seibu
2771,ホテル　イル・パラッツォ,https://img.travel.rakuten.co.jp/image/tr/api/re/pvonD/?f_no=2771,https://img.travel.rakuten.co.jp/image/tr/api/re/vFumt/?f_no=2771&f_flg=PLAN,https://img.travel.rakuten.co.jp/image/tr/api/re/WzozX/?noTomariHotel=2771,https://img.travel.rakuten.co.jp/image/tr/api/re/gJNfM/?f_hotel_no=2771,いる　ぱらっつぉ,歴史あるデザインホテルで「Re-Design」された空間と時間をお過ごしください,13813.0,120911.56,469474.97,810-0003,福岡県,福岡市中央区春吉3-13-1,0570-009-915,092-235-5778,地下鉄空港線「中洲川端」駅1番出口より徒歩7分、七隈線「天神南」駅6番出口より徒歩6分。JR博多駅よりタクシーで約6分,1泊2500円（税込） ※先着順・予約不可,中洲川端,https://img.travel.rakuten.co.jp/share/HOTEL/2771/2771.jpg,https://img.travel.rakuten.co.jp/HIMG/90/2771.jpg,https://img.travel.rakuten.co.jp/share/HOTEL/2771/2771_heya2.jpg,https://img.travel.rakuten.co.jp/HIMG/INTERIOR/2771.jpg,https://img.travel.rakuten.co.jp/share/HOTEL/2771/2771map.gif,1743.0,4.69,,dkb,デラックスキング バルコニー付き,5726431.0,【朝食＆ラウンジアクセス付き】Re-Design空間で過ごす特別な時間,1,0,0,1,0,1,https://img.travel.rakuten.co.jp/image/tr/api/re/IdsCY/?f_no=2771&f_syu=dkb&f_hi1=2026-07-18&f_hi2=2026-07-19&f_heya_su=1&f_otona_su=1&f_s1=0&f_s2=0&f_y1=0&f_y2=0&f_y3=0&f_y4=0&f_camp_id=5726431,0,2026-07-18,82600,82600,0,2026-07-18,seibu
182563,コンフォートイン福岡天神,https://img.travel.rakuten.co.jp/image/tr/api/re/pvonD/?f_no=182563,https://img.travel.rakuten.co.jp/image/tr/api/re/vFumt/?f_no=182563&f_flg=PLAN,https://img.travel.rakuten.co.jp/image/tr/api/re/WzozX/?noTomariHotel=182563,https://img.travel.rakuten.co.jp/image/tr/api/re/gJNfM/?f_hotel_no=182563,こんふぉーといんふくおかてんじん,地下鉄空港線「天神」駅16番出口より徒約5分◆九州最大の繁華街「中洲屋台街」まで徒歩約7分◆小学6年生まで添い寝無料,4700.0,120910.27,469461.25,810-0001,福岡県,福岡市中央区天神1-2-1,092-711-2811,092-711-2812,天神南駅5番出口徒歩約1分◆天神駅16番出口徒歩約5分◆博多バスターミナルA・E・F乗り場より春吉停留所下車、徒歩約1分,"敷地内駐車場　身体障碍者用1台　1泊（15:00〜10:00）2,000円　先着順",天神,https://img.travel.rakuten.co.jp/share/HOTEL/182563/182563.jpg,https://img.travel.rakuten.co.jp/HIMG/90/182563.jpg,,,https://img.travel.rakuten.co.jp/share/HOTEL/182563/182563map.gif,444.0,3.91,,nds,１ベッド◆ダブルスタンダード◆多機能シャワーブース浴室◆禁煙,5080242.0,自由きままな Comfort stay◆天神南駅から徒歩1分◆素泊まり,1,0,0,0,0,1,https://img.travel.rakuten.co.jp/image/tr/api/re/IdsCY/?f_no=182563&f_syu=nds&f_hi1=2026-07-18&f_hi2=2026-07-19&f_heya_su=1&f_otona_su=1&f_s1=0&f_s2=0&f_y1=0&f_y2=0&f_y3=0&f_y4=0&f_camp_id=5080242,0,2026-07-18,26000,26000,0,2026-07-18,seibu
168795,変なホテル福岡　博多,https://img.travel.rakuten.co.jp/image/tr/api/re/pvonD/?f_no=168795,https://img.travel.rakuten.co.jp/image/tr/api/re/vFumt/?f_no=168795&f_flg=PLAN,https://img.travel.rakuten.co.jp/image/tr/api/re/WzozX/?noTomariHotel=168795,https://img.travel.rakuten.co.jp/image/tr/api/re/gJNfM/?f_hotel_no=168795,へんなほてるふくおか　はかた,2023年6月19日からラウンジOPEN！ドリンク・アルコール・朝食はご宿泊のお客様なら無料！人気の観光地も徒歩圏内！,5670.0,120926.9,469460.56,810-0801,福岡県,福岡市博多区中洲5-4-19,050-5576-8380,03-6695-6660,中洲川端駅より徒歩３分／天神駅より徒歩５分／福岡空港より電車で９分,"提携駐車場「Dパーキング中洲5丁目第一／第三／第六」24時間2,500円",中洲川端,https://img.travel.rakuten.co.jp/share/HOTEL/168795/168795.jpg,https://img.travel.rakuten.co.jp/HIMG/90/168795.jpg,https://img.travel.rakuten.co.jp/share/HOTEL/168795/168795_kan1.jpg,https://img.travel.rakuten.co.jp/HIMG/INTERIOR/168795.jpg,https://img.travel.rakuten.co.jp/share/HOTEL/168795/168795map.gif,1052.0,4.19,"朝食のおにぎりはお米も具も美味…　2026-06-25 22:00:48投稿 <a href=""https://img.travel.rakuten.co.jp/image/tr/api/re/gJNfM/?f_hotel_no=168795"" class=""3click"">つづきはこちら</a>",2019011601,シングルルーム【禁煙】,6492274.0,【楽天トラベルサマーSALE】中洲川端駅徒歩3分＜朝食・アルコール・軽食の無料ラウンジ付き＞,1,0,0,1,0,1,https://img.travel.rakuten.co.jp/image/tr/api/re/IdsCY/?f_no=168795&f_syu=2019011601&f_hi1=2026-07-18&f_hi2=2026-07-19&f_heya_su=1&f_otona_su=1&f_s1=0&f_s2=0&f_y1=0&f_y2=0&f_y3=0&f_y4=0&f_camp_id=6492274,0,2026-07-18,27075,27075,0,2026-07-18,seibu
67832,ザ・ワンファイブテラス福岡,https://img.travel.rakuten.co.jp/image/tr/api/re/pvonD/?f_no=67832,https://img.travel.rakuten.co.jp/image/tr/api/re/vFumt/?f_no=67832&f_flg=PLAN,https://img.travel.rakuten.co.jp/image/tr/api/re/WzozX/?noTomariHotel=67832,https://img.travel.rakuten.co.jp/image/tr/api/re/gJNfM/?f_hotel_no=67832,ざ　わんふぁいぶてらす　ふくおか,ご宿泊の皆さまをウェルカムサービスでおもてなし。博多の中心。 喧騒から一歩離れたエリアに建つ プライベートリゾート,5670.0,120910.25,469475.1,810-0003,福岡県,福岡市中央区春吉3-14-36,0570-075-015,092-726-6190,■地下鉄「中洲川端」駅1番出口より徒歩8分■地下鉄七隈線「天神南」駅6番出口より徒歩7分,駐車場あり(先着順・予約不可)  2500円/ 1泊,中洲川端,https://img.travel.rakuten.co.jp/share/HOTEL/67832/67832.jpg,https://img.travel.rakuten.co.jp/HIMG/90/67832.jpg,https://img.travel.rakuten.co.jp/share/HOTEL/67832/67832_kya.jpg,https://img.travel.rakuten.co.jp/HIMG/INTERIOR/67832.jpg,https://img.travel.rakuten.co.jp/share/HOTEL/67832/67832map.gif,2017.0,4.29,"来た甲斐がありました…　2026-06-30 20:56:38投稿 <a href=""https://img.travel.rakuten.co.jp/image/tr/api/re/gJNfM/?f_hotel_no=67832"" class=""3click"">つづきはこちら</a>",d2n,デラックスツイン,4921604.0,「ザ・ワンファイブ」ステイ（素泊まり）,1,0,0,0,0,1,https://img.travel.rakuten.co.jp/image/tr/api/re/IdsCY/?f_no=67832&f_syu=d2n&f_hi1=2026-07-18&f_hi2=2026-07-19&f_heya_su=1&f_otona_su=1&f_s1=0&f_s2=0&f_y1=0&f_y2=0&f_y3=0&f_y4=0&f_camp_id=4921604,0,2026-07-18,56160,56160,0,2026-07-18,seibu
160839,Ｔｈｅ　ＢＲＥＡＫＦＡＳＴ　ＨＯＴＥＬ福岡天神,https://img.travel.rakuten.co.jp/image/tr/api/re/pvonD/?f_no=160839,https://img.travel.rakuten.co.jp/image/tr/api/re/vFumt/?f_no=160839&f_flg=PLAN,https://img.travel.rakuten.co.jp/image/tr/api/re/WzozX/?noTomariHotel=160839,https://img.travel.rakuten.co.jp/image/tr/api/re/gJNfM/?f_hotel_no=160839,ざ　ぶれっくふぁーすと　ほてるふくおかてんじん,【九州春香食材のイタリアン】BREAKFASTフェスタ 4月末まで,3900.0,120908.1,469469.4,810-0003,福岡県,福岡市中央区春吉3-23-32,050-1807-4878,092-737-4124,天神南駅6番出口より徒歩5分 　中洲川端駅1番出口より徒歩10分,"先着3台分1泊/2,000円 15時から翌朝11時まで 時間外1時間/500円 予約不可",西鉄福岡,https://img.travel.rakuten.co.jp/share/HOTEL/160839/160839.jpg,https://img.travel.rakuten.co.jp/HIMG/90/160839.jpg,,,https://img.travel.rakuten.co.jp/share/HOTEL/160839/160839map.gif,530.0,3.94,,lb4,【禁煙室】スタンダードツインルーム,6489349.0,【楽天トラベルサマーSALE】（素泊）天神南駅近く♪ウェルカムドリンクなど無料サービス充実♪,1,0,0,0,0,1,https://img.travel.rakuten.co.jp/image/tr/api/re/IdsCY/?f_no=160839&f_syu=lb4&f_hi1=2026-07-18&f_hi2=2026-07-19&f_heya_su=1&f_otona_su=1&f_s1=0&f_s2=0&f_y1=0&f_y2=0&f_y3=0&f_y4=0&f_camp_id=6489349,0,2026-07-18,33000,33000,0,2026-07-18,seibu
178294,三井ガーデンホテル福岡中洲,https://img.travel.rakuten.co.jp/image/tr/api/re/pvonD/?f_no=178294,https://img.travel.rakuten.co.jp/image/tr/api/re/vFumt/?f_no=178294&f_flg=PLAN,https://img.travel.rakuten.co.jp/image/tr/api/re/WzozX/?noTomariHotel=178294,https://img.travel.rakuten.co.jp/image/tr/api/re/gJNfM/?f_hotel_no=178294,みついがーでんほてるふくおかなかす,地下鉄空港線中洲川端駅より徒歩約２分の好立地。最上階には大浴場をご用意♪,8106.0,120926.91,469463.85,810-0801,福岡県,福岡市博多区中洲5-5-1,092-263-5531,092-263-6631,地下鉄空港線　中洲川端駅中洲改札口2番出口より徒歩にて約２分,有り　24台　２，０００円（税込/泊）　先着順　 ※車両制限あり。詳細は公式HPをご確認ください。,中洲川端,https://img.travel.rakuten.co.jp/share/HOTEL/178294/178294.jpg,https://img.travel.rakuten.co.jp/HIMG/90/178294.jpg,,,https://img.travel.rakuten.co.jp/share/HOTEL/178294/178294map.gif,469.0,4.09,"体を洗う場所は九箇所程あったと思いますが、5-10分…　2026-07-14 12:32:45投稿 <a href=""https://img.travel.rakuten.co.jp/image/tr/api/re/gJNfM/?f_hotel_no=178294"" class=""3click"">つづきはこちら</a>",stdq2,スタンダードクイーン,6486477.0,【楽天トラベルサマーSALE】ベーシックプラン　＜素泊り＞,1,0,0,0,0,1,https://img.travel.rakuten.co.jp/image/tr/api/re/IdsCY/?f_no=178294&f_syu=stdq2&f_hi1=2026-07-18&f_hi2=2026-07-19&f_heya_su=1&f_otona_su=1&f_s1=0&f_s2=0&f_y1=0&f_y2=0&f_y3=0&f_y4=0&f_camp_id=6486477,0,2026-07-18,46494,46494,0,2026-07-18,seibu
187405,ザ・リッツ・カールトン福岡,https://img.travel.rakuten.co.jp/image/tr/api/re/pvonD/?f_no=187405,https://img.travel.rakuten.co.jp/image/tr/api/re/vFumt/?f_no=187405&f_flg=PLAN,https://img.travel.rakuten.co.jp/image/tr/api/re/WzozX/?noTomariHotel=187405,https://img.travel.rakuten.co.jp/image/tr/api/re/gJNfM/?f_hotel_no=187405,ざ・りっつ・かーるとんふくおか,23年6月開業。福岡の中心部に、6つのダイニングとバー、スパ、クラブラウンジを備えたラグジュアリーホテルが誕生。,56504.0,120910.77,469429.68,810-0041,福岡県,福岡市中央区大名2-6-50 福岡大名ガーデンシティ,092-401-8888,092-401-8889,地下鉄空港線「天神駅」から徒歩５分　または　「福岡空港」からお車にて約１５分,有り　100台　3000円（税込み／泊）　先着順,天神,https://img.travel.rakuten.co.jp/share/HOTEL/187405/187405.jpg,https://img.travel.rakuten.co.jp/HIMG/90/187405.jpg,,,https://img.travel.rakuten.co.jp/share/HOTEL/187405/187405map.gif,36.0,4.57,"ヒートエクスペリエンスのサウナは男女別でした。　2026-07-14 18:56:52投稿 <a href=""https://img.travel.rakuten.co.jp/image/tr/api/re/gJNfM/?f_hotel_no=187405"" class=""3click"">つづきはこちら</a>",cddb,クラブデラックスダブル 福岡スカイライン,,,1,0,0,1,0,2,https://img.travel.rakuten.co.jp/image/tr/api/re/IdsCY/?f_no=187405&f_syu=cddb&f_hi1=2026-07-18&f_hi2=2026-07-19&f_heya_su=1&f_otona_su=1&f_s1=0&f_s2=0&f_y1=0&f_y2=0&f_y3=0&f_y4=0,1,2026-07-18,318780,318780,0,2026-07-18,seibu
9230,平和台ホテル　ファイブ,https://img.travel.rakuten.co.jp/image/tr/api/re/pvonD/?f_no=9230,https://img.travel.rakuten.co.jp/image/tr/api/re/vFumt/?f_no=9230&f_flg=PLAN,https://img.travel.rakuten.co.jp/image/tr/api/re/WzozX/?noTomariHotel=9230,https://img.travel.rakuten.co.jp/image/tr/api/re/gJNfM/?f_hotel_no=9230,へいわだいほてる　ふぁいぶ,イベント盛りだくさんのみずほPayPayドーム福岡は徒歩で行ける便利な立地！近隣には居酒屋やコンビニ・スーパーもあります,2300.0,120908.63,469335.26,810-0054,福岡県,福岡市中央区今川1-4-2,092-732-5000,092-722-0181,地下鉄「唐人町」駅２番出口より徒歩1分（エレベーター利用の場合は7番出口より徒歩5分）,"有り　8台　平面駐車場をご希望の方は必ずお電話にてご予約ください。　料金：1,500円（税込／泊）",唐人町,https://img.travel.rakuten.co.jp/share/HOTEL/9230/9230.jpg,https://img.travel.rakuten.co.jp/HIMG/90/9230.jpg,https://img.travel.rakuten.co.jp/share/HOTEL/9230/9230_room.jpg,https://img.travel.rakuten.co.jp/HIMG/INTERIOR/9230.jpg,https://img.travel.rakuten.co.jp/share/HOTEL/9230/9230map.gif,956.0,3.65,,twn,【ツイン】〔喫煙〕全室加湿空気清浄機　Wi-Fi無料,6495478.0,【楽天トラベルサマーSALE】朝食ついてないけど良いですか？PayPayドームまで徒歩圏内◇素泊り◇,1,0,0,0,0,1,https://img.travel.rakuten.co.jp/image/tr/api/re/IdsCY/?f_no=9230&f_syu=twn&f_hi1=2026-07-18&f_hi2=2026-07-19&f_heya_su=1&f_otona_su=1&f_s1=0&f_s2=0&f_y1=0&f_y2=0&f_y3=0&f_y4=0&f_camp_id=6495478,0,2026-07-18,34200,34200,0,2026-07-18,seibu
182097,ｌｙｆ天神福岡（ライフ天神福岡）,https://img.travel.rakuten.co.jp/image/tr/api/re/pvonD/?f_no=182097,https://img.travel.rakuten.co.jp/image/tr/api/re/vFumt/?f_no=182097&f_flg=PLAN,https://img.travel.rakuten.co.jp/image/tr/api/re/WzozX/?noTomariHotel=182097,https://img.travel.rakuten.co.jp/image/tr/api/re/gJNfM/?f_hotel_no=182097,ライフテンジンフクオカ,【空港線 天神駅から徒歩圏内】おしゃれな映えホテル！ 無料コワーキングスペース＆テラス付きラウンジ24時間OPEN,4901.0,120894.12,469449.46,810-0021,福岡県,福岡市中央区今泉1-2-13 レソラ今泉テラス3F,092-753-8695,092-753-8696,西鉄天神大牟田線   福岡天神駅 徒歩 6 分 / 福岡市地下鉄七隈線 天神南駅または薬院駅 徒歩 5 分,無し,西鉄福岡,https://img.travel.rakuten.co.jp/share/HOTEL/182097/182097.jpg,https://img.travel.rakuten.co.jp/HIMG/90/182097.jpg,,,https://img.travel.rakuten.co.jp/share/HOTEL/182097/182097map.gif,210.0,3.94,,1kind,スタジオダブル（ワン オブ ア カインド）【禁煙】,6487332.0,【楽天トラベルサマーSALE】プロモーションプラン,1,0,0,0,0,2,https://img.travel.rakuten.co.jp/image/tr/api/re/IdsCY/?f_no=182097&f_syu=1kind&f_hi1=2026-07-18&f_hi2=2026-07-19&f_heya_su=1&f_otona_su=1&f_s1=0&f_s2=0&f_y1=0&f_y2=0&f_y3=0&f_y4=0&f_camp_id=6487332,0,2026-07-18,27588,27588,0,2026-07-18,seibu
9233,平和台ホテル荒戸,https://img.travel.rakuten.co.jp/image/tr/api/re/pvonD/?f_no=9233,https://img.travel.rakuten.co.jp/image/tr/api/re/vFumt/?f_no=9233&f_flg=PLAN,https://img.travel.rakuten.co.jp/image/tr/api/re/WzozX/?noTomariHotel=9233,https://img.travel.rakuten.co.jp/image/tr/api/re/gJNfM/?f_hotel_no=9233,へいわだいほてる　あらと,★全宿泊者軽朝食付★近くにコンビニや飲食店が多数あります♪県民憩いの場の大濠公園や名物の長浜屋台も徒歩圏内！,2850.0,120919.6,469372.31,810-0062,福岡県,福岡市中央区荒戸1-5-27,092-761-1361,092-761-1365,地下鉄大濠公園駅２番出入口より徒歩３分,有り　6台　要電話予約　料金：1300円（税込／泊）,大濠公園,https://img.travel.rakuten.co.jp/share/HOTEL/9233/9233.jpg,https://img.travel.rakuten.co.jp/HIMG/90/9233.jpg,https://img.travel.rakuten.co.jp/share/HOTEL/9233/9233_kya.jpg,https://img.travel.rakuten.co.jp/HIMG/INTERIOR/9233.jpg,https://img.travel.rakuten.co.jp/share/HOTEL/9233/9233map.gif,1288.0,3.03,,roh1,お部屋タイプおまかせ（1名利用）,5789443.0,【お部屋タイプおまかせプラン♪】お部屋タイプを気にしない方はこちらのプランで！◆おにから朝食付◆,1,0,0,1,0,1,https://img.travel.rakuten.co.jp/image/tr/api/re/IdsCY/?f_no=9233&f_syu=roh1&f_hi1=2026-07-18&f_hi2=2026-07-19&f_heya_su=1&f_otona_su=1&f_s1=0&f_s2=0&f_y1=0&f_y2=0&f_y3=0&f_y4=0&f_camp_id=5789443,0,2026-07-18,23000,23000,0,2026-07-18,seibu
192810,ザ・ゲートホテル福岡　ｂｙ　ＨＵＬＩＣ,https://img.travel.rakuten.co.jp/image/tr/api/re/pvonD/?f_no=192810,https://img.travel.rakuten.co.jp/image/tr/api/re/vFumt/?f_no=192810&f_flg=PLAN,https://img.travel.rakuten.co.jp/image/tr/api/re/WzozX/?noTomariHotel=192810,https://img.travel.rakuten.co.jp/image/tr/api/re/gJNfM/?f_hotel_no=192810,ざ・げーとほてるふくおかばいひゅーりっく,天神駅直結。最上階からは博多湾を一望。福岡をテーマにした空間で、九州の美食とともに特別な時をお届けします。,17134.0,120915.04,469439.69,810-0001,福岡県,福岡市中央区天神2-8-49,092-406-2605,092-406-2676,地下鉄空港線「天神」駅より直結。西改札出口を出て右手奥。,無し,天神,https://img.travel.rakuten.co.jp/share/HOTEL/192810/192810.jpg,https://img.travel.rakuten.co.jp/HIMG/90/192810.jpg,,,https://img.travel.rakuten.co.jp/share/HOTEL/192810/192810map.gif,92.0,4.44,"天神地下直結でとてもアクセスが良く、2回目の利用をさせていただきました。猛暑の中での滞在でしたが、ホテル内はとても涼しく快適で、ゆっくり過ごすことができました。お風呂、トイレ別なのは助かります。また利…　2026-07-12 15:47:43投稿 <a href=""https://img.travel.rakuten.co.jp/image/tr/api/re/gJNfM/?f_hotel_no=192810"" class=""3click"">つづきはこちら</a>",msn,Modest　モデストセミダブル 禁煙（シャワーブースのみ）,6074811.0,【デスクワークも快適に！】ビジネス利用の方におすすめのモデストルーム。 素泊まり,1,0,0,0,0,1,https://img.travel.rakuten.co.jp/image/tr/api/re/IdsCY/?f_no=192810&f_syu=msn&f_hi1=2026-07-18&f_hi2=2026-07-19&f_heya_su=1&f_otona_su=1&f_s1=0&f_s2=0&f_y1=0&f_y2=0&f_y3=0&f_y4=0&f_camp_id=6074811,0,2026-07-18,53585,53585,0,2026-07-18,seibu
192803,ＯＮＥ　ＦＵＫＵＯＫＡ　ＨＯＴＥＬ,https://img.travel.rakuten.co.jp/image/tr/api/re/pvonD/?f_no=192803,https://img.travel.rakuten.co.jp/image/tr/api/re/vFumt/?f_no=192803&f_flg=PLAN,,https://img.travel.rakuten.co.jp/image/tr/api/re/gJNfM/?f_hotel_no=192803,わんふくおかほてる,天神の空に、くつろぐ,39900.0,120915.06,469448.76,810-0001,福岡県,福岡市中央区天神1-11-1 ONE FUKUOKA BLDG 18-19F,092-752-1110,092-752-1112,福岡市営地下鉄天神駅直結 / 地下鉄赤坂駅（徒歩10分）/ 福岡空港駅11分（地下鉄空港線）,無し,天神,https://img.travel.rakuten.co.jp/share/HOTEL/192803/192803.jpg,https://img.travel.rakuten.co.jp/HIMG/90/192803.jpg,,,https://img.travel.rakuten.co.jp/share/HOTEL/192803/192803map.gif,15.0,4.62,"素敵な時間が過ごせました　2026-04-27 20:32:33投稿 <a href=""https://img.travel.rakuten.co.jp/image/tr/api/re/gJNfM/?f_hotel_no=192803"" class=""3click"">つづきはこちら</a>",tko,テラスキング(36+テラス7m2),6260803.0,【室料のみ】天神の空にくつろぐ（宿泊者専用ラウンジ/大浴場サウナ/フィットネスアクセス付）,1,0,0,0,0,1,https://img.travel.rakuten.co.jp/image/tr/api/re/IdsCY/?f_no=192803&f_syu=tko&f_hi1=2026-07-18&f_hi2=2026-07-19&f_heya_su=1&f_otona_su=1&f_s1=0&f_s2=0&f_y1=0&f_y2=0&f_y3=0&f_y4=0&f_camp_id=6260803,0,2026-07-18,105000,105000,0,2026-07-18,seibu
182669,エスペリアホテル福岡中洲,https://img.travel.rakuten.co.jp/image/tr/api/re/pvonD/?f_no=182669,https://img.travel.rakuten.co.jp/image/tr/api/re/vFumt/?f_no=182669&f_flg=PLAN,https://img.travel.rakuten.co.jp/image/tr/api/re/WzozX/?noTomariHotel=182669,https://img.travel.rakuten.co.jp/image/tr/api/re/gJNfM/?f_hotel_no=182669,えすぺりあほてるふくおかなかす,美容機器ブランド【ＲｅＦａ】ヘアドライヤー・シャワーヘッド全客室導入◆全室バス（orシャワーブース）・洗面・トイレ独立◆,5130.0,120933.82,469463.56,812-0028,福岡県,福岡市博多区須崎町2-1,092-271-0077,092-271-0078,福岡市地下鉄　中洲川端駅　6番・7番出口　徒歩約3分,無し,中洲川端,https://img.travel.rakuten.co.jp/share/HOTEL/182669/182669.jpg,https://img.travel.rakuten.co.jp/HIMG/90/182669.jpg,,,https://img.travel.rakuten.co.jp/share/HOTEL/182669/182669map.gif,790.0,4.45,,da,クイーンダブル全室禁煙,5104534.0,【素泊り】価格変動型の定番プラン！早期予約がお得♪ ,1,0,0,0,0,1,https://img.travel.rakuten.co.jp/image/tr/api/re/IdsCY/?f_no=182669&f_syu=da&f_hi1=2026-07-18&f_hi2=2026-07-19&f_heya_su=1&f_otona_su=1&f_s1=0&f_s2=0&f_y1=0&f_y2=0&f_y3=0&f_y4=0&f_camp_id=5104534,0,2026-07-18,36400,36400,0,2026-07-18,seibu
160961,ＨＯＴＥＬ　ＣＡＳＶＩ　ＴＥＮＪＩＮ(ホテル　キャスヴィ　天神),https://img.travel.rakuten.co.jp/image/tr/api/re/pvonD/?f_no=160961,https://img.travel.rakuten.co.jp/image/tr/api/re/vFumt/?f_no=160961&f_flg=PLAN,https://img.travel.rakuten.co.jp/image/tr/api/re/WzozX/?noTomariHotel=160961,https://img.travel.rakuten.co.jp/image/tr/api/re/gJNfM/?f_hotel_no=160961,きゃすヴぃ　てんじん,福岡天神駅より徒歩約５分♪福岡天神の中心部アクセス抜群！中州・天神徒歩圏内！,4250.0,120901.59,469457.53,810-0004,福岡県,福岡市中央区渡辺通5-20-6,092-751-5811,000-000-0000,福岡天神駅より徒歩約５分　地下鉄空港線天神駅より天神地下街、東１２Ｃ出口～ロフトさんの斜め前　博多駅より車で約２０分　,無し,天神,https://img.travel.rakuten.co.jp/share/HOTEL/160961/160961.jpg,https://img.travel.rakuten.co.jp/HIMG/90/160961.jpg,https://img.travel.rakuten.co.jp/share/HOTEL/160961/160961_kan1.jpg,https://img.travel.rakuten.co.jp/HIMG/INTERIOR/160961.jpg,https://img.travel.rakuten.co.jp/share/HOTEL/160961/160961map.gif,192.0,3.8,,doublekin,スタンダードルーム【喫煙】『140ｃｍダブルベッド』,3980445.0,【楽天限定】天神の中心部で好立地！シンプル素泊まりプラン,1,0,0,0,0,1,https://img.travel.rakuten.co.jp/image/tr/api/re/IdsCY/?f_no=160961&f_syu=doublekin&f_hi1=2026-07-18&f_hi2=2026-07-19&f_heya_su=1&f_otona_su=1&f_s1=0&f_s2=0&f_y1=0&f_y2=0&f_y3=0&f_y4=0&f_camp_id=3980445,0,2026-07-18,18000,18000,0,2026-07-18,seibu
178192,ホテルモントレ福岡,https://img.travel.rakuten.co.jp/image/tr/api/re/pvonD/?f_no=178192,https://img.travel.rakuten.co.jp/image/tr/api/re/vFumt/?f_no=178192&f_flg=PLAN,https://img.travel.rakuten.co.jp/image/tr/api/re/WzozX/?noTomariHotel=178192,https://img.travel.rakuten.co.jp/image/tr/api/re/gJNfM/?f_hotel_no=178192,もんとれふくおか,博多駅から地下鉄で約５分。全客室「ミラブル」シャワーヘッドを設置。付帯施設でサウナ付浴場スパ「トリニテ」有,6720.0,120893.24,469464.7,810-0004,福岡県,福岡市中央区渡辺通3-4-13,092-734-7111,092-734-7112,福岡市営地下鉄七隈線　博多駅から渡辺通まで約5分　渡辺通駅下車　2番出口　徒歩2分。,有り　６０台　１５００円（税込み／泊）　先着順,福岡空港,https://img.travel.rakuten.co.jp/share/HOTEL/178192/178192.jpg,https://img.travel.rakuten.co.jp/HIMG/90/178192.jpg,https://img.travel.rakuten.co.jp/share/HOTEL/178192/178192_kan1.jpg,https://img.travel.rakuten.co.jp/HIMG/INTERIOR/178192.jpg,https://img.travel.rakuten.co.jp/share/HOTEL/178192/178192map.gif,598.0,4.34,"朝食は今まで泊まったホテルの中で1番良かったです。　2026-07-14 18:29:53投稿 <a href=""https://img.travel.rakuten.co.jp/image/tr/api/re/gJNfM/?f_hotel_no=178192"" class=""3click"">つづきはこちら</a>",sd2,モデレートルーム,5966453.0,【楽天トラベルサマーSALE】博多駅から地下鉄で約５分！　シンプルステイプラン＜素泊り＞,1,0,0,0,0,1,https://img.travel.rakuten.co.jp/image/tr/api/re/IdsCY/?f_no=178192&f_syu=sd2&f_hi1=2026-07-18&f_hi2=2026-07-19&f_heya_su=1&f_otona_su=1&f_s1=0&f_s2=0&f_y1=0&f_y2=0&f_y3=0&f_y4=0&f_camp_id=5966453,0,2026-07-18,52200,52200,0,2026-07-18,seibu
168796,東急ステイ福岡天神,https://img.travel.rakuten.co.jp/image/tr/api/re/pvonD/?f_no=168796,https://img.travel.rakuten.co.jp/image/tr/api/re/vFumt/?f_no=168796&f_flg=PLAN,https://img.travel.rakuten.co.jp/image/tr/api/re/WzozX/?noTomariHotel=168796,https://img.travel.rakuten.co.jp/image/tr/api/re/gJNfM/?f_hotel_no=168796,とうきゅう　すてい　ふくおか　てんじん,★楽天ブロンズアワード2023受賞☆小学生以下添い寝無料プランあり！全室洗濯乾燥機付！天神南駅から徒歩3分,6930.0,120909.97,469466.23,810-0003,福岡県,福岡市中央区春吉3-21-24,092-762-0109,092-762-0106,福岡空港より福岡市地下鉄空港線で5駅、地下鉄天神駅16番出口より徒歩7分/地下鉄七隈線天神南駅6番出口より徒歩3分,無。ホテル隣接のコインパーキング「トラストパーク春吉3丁目3」をご利用ください（提携駐車場無し）,博多,https://img.travel.rakuten.co.jp/share/HOTEL/168796/168796.jpg,https://img.travel.rakuten.co.jp/HIMG/90/168796.jpg,,,https://img.travel.rakuten.co.jp/share/HOTEL/168796/168796map.gif,829.0,4.29,"立地　満足です。　2026-07-12 16:00:40投稿 <a href=""https://img.travel.rakuten.co.jp/image/tr/api/re/gJNfM/?f_hotel_no=168796"" class=""3click"">つづきはこちら</a>",trn2new,レジデンシャルツイン【禁煙】30平米／洗濯機・ミニキッチン付,6432488.0,【2026年5月18日OPEN】東急ステイメルキュール広島 開業応援プラン【1名】（素泊）,1,0,0,0,0,1,https://img.travel.rakuten.co.jp/image/tr/api/re/IdsCY/?f_no=168796&f_syu=trn2new&f_hi1=2026-07-18&f_hi2=2026-07-19&f_heya_su=1&f_otona_su=1&f_s1=0&f_s2=0&f_y1=0&f_y2=0&f_y3=0&f_y4=0&f_camp_id=6432488,0,2026-07-18,69550,69550,0,2026-07-18,seibu
50709,コートホテル福岡天神,https://img.travel.rakuten.co.jp/image/tr/api/re/pvonD/?f_no=50709,https://img.travel.rakuten.co.jp/image/tr/api/re/vFumt/?f_no=50709&f_flg=PLAN,https://img.travel.rakuten.co.jp/image/tr/api/re/WzozX/?noTomariHotel=50709,https://img.travel.rakuten.co.jp/image/tr/api/re/gJNfM/?f_hotel_no=50709,こーと　ふくおかてんじん,博多駅から天神南駅まで3分！天神南駅から徒歩3分！中州屋台徒歩圏内,3011.0,120908.24,469464.59,810-0003,福岡県,福岡市中央区春吉3-21-10,092-733-0330,092-751-0004,地下鉄七隈線　天神南駅より徒歩３分／西鉄福岡駅より徒歩7分,"機械式駐車場/1泊2,000円(13:00〜12:00)事前電話予約制・台数・車体制限有",天神,https://img.travel.rakuten.co.jp/share/HOTEL/50709/50709.jpg,https://img.travel.rakuten.co.jp/HIMG/90/50709.jpg,https://img.travel.rakuten.co.jp/share/HOTEL/50709/50709_tu.jpg,https://img.travel.rakuten.co.jp/HIMG/INTERIOR/50709.jpg,https://img.travel.rakuten.co.jp/share/HOTEL/50709/50709map.gif,2050.0,3.76,"部屋は広く過ごしやすかった。　2026-06-08 18:38:04投稿 <a href=""https://img.travel.rakuten.co.jp/image/tr/api/re/gJNfM/?f_hotel_no=50709"" class=""3click"">つづきはこちら</a>",bunk,【禁煙】BUNK BED ROOM 20平米◎2段ベッド×2,5089258.0,【ファミリー・グループにおすすめ！】福岡ワイワイプラン　◆　１２時までゆったりステイ,10,0,0,0,0,1,https://img.travel.rakuten.co.jp/image/tr/api/re/IdsCY/?f_no=50709&f_syu=bunk&f_hi1=2026-07-18&f_hi2=2026-07-19&f_heya_su=1&f_otona_su=1&f_s1=0&f_s2=0&f_y1=0&f_y2=0&f_y3=0&f_y4=0&f_camp_id=5089258,0,2026-07-18,33652,33652,0,2026-07-18,seibu
197206,ＴＨＥ　ＭＡＲＩＮＡ　ＢＡＹ,https://img.travel.rakuten.co.jp/image/tr/api/re/pvonD/?f_no=197206,https://img.travel.rakuten.co.jp/image/tr/api/re/vFumt/?f_no=197206&f_flg=PLAN,,https://img.travel.rakuten.co.jp/image/tr/api/re/gJNfM/?f_hotel_no=197206,ザマリーナベイ,学研都市にて新規オープン、大型ＴＶにプロジェクター設置部屋もありゆっくり過ごせます,4950.0,120851.62,468892.73,812-0373,福岡県,福岡市西区周船寺2-8-17,092-558-2879,092-558-2749,ＪＲ　周船寺駅から徒歩約５分,有り　３台　普通車1000円　軽自動車800円／泊　要予約　※ハイシーズンは料金が変わります,周船寺,https://img.travel.rakuten.co.jp/share/HOTEL/197206/197206.jpg,https://img.travel.rakuten.co.jp/HIMG/90/197206.jpg,,,https://img.travel.rakuten.co.jp/share/HOTEL/197206/197206map.gif,11.0,4.6,,606,最上階606・周船寺駅徒歩5分！エコノミー セミダブルルーム,,,1,0,0,0,0,2,https://img.travel.rakuten.co.jp/image/tr/api/re/IdsCY/?f_no=197206&f_syu=606&f_hi1=2026-07-18&f_hi2=2026-07-19&f_heya_su=1&f_otona_su=1&f_s1=0&f_s2=0&f_y1=0&f_y2=0&f_y3=0&f_y4=0,1,2026-07-18,23000,23000,0,2026-07-18,seibu
184468,ＨＯＴＥＬ　ＦＵＮ,https://img.travel.rakuten.co.jp/image/tr/api/re/pvonD/?f_no=184468,https://img.travel.rakuten.co.jp/image/tr/api/re/vFumt/?f_no=184468&f_flg=PLAN,https://img.travel.rakuten.co.jp/image/tr/api/re/WzozX/?noTomariHotel=184468,https://img.travel.rakuten.co.jp/image/tr/api/re/gJNfM/?f_hotel_no=184468,ほてる　ふぁん,福岡の中心でお手頃価格で宿泊。ビジネス・観光に最適なアクセス・好立地が魅力,3800.0,120896.03,469450.63,810-0021,福岡県,福岡市中央区今泉1-9-2 天神ダイヨシビル3F,092-791-7779,092-791-7779,天神駅　南出口より徒歩5分,駐車場はございませんので近隣のコインパーキングをご利用くださいませ,天神,https://img.travel.rakuten.co.jp/share/HOTEL/184468/184468.jpg,https://img.travel.rakuten.co.jp/HIMG/90/184468.jpg,,,https://img.travel.rakuten.co.jp/share/HOTEL/184468/184468map.gif,69.0,4.14,"部屋は清潔感があり、1ドアですが冷蔵庫もありまし…　2026-06-17 13:33:16投稿 <a href=""https://img.travel.rakuten.co.jp/image/tr/api/re/gJNfM/?f_hotel_no=184468"" class=""3click"">つづきはこちら</a>",p1,大人1~2名様まで(お子様不可),6091606.0,【事前決済でお得に素泊まりステイ】IN 15~24時まで,1,0,0,0,0,2,https://img.travel.rakuten.co.jp/image/tr/api/re/IdsCY/?f_no=184468&f_syu=p1&f_hi1=2026-07-18&f_hi2=2026-07-19&f_heya_su=1&f_otona_su=1&f_s1=0&f_s2=0&f_y1=0&f_y2=0&f_y3=0&f_y4=0&f_camp_id=6091606,0,2026-07-18,22000,22000,0,2026-07-18,seibu
31929,ニッセイホテル福岡,https://img.travel.rakuten.co.jp/image/tr/api/re/pvonD/?f_no=31929,https://img.travel.rakuten.co.jp/image/tr/api/re/vFumt/?f_no=31929&f_flg=PLAN,https://img.travel.rakuten.co.jp/image/tr/api/re/WzozX/?noTomariHotel=31929,https://img.travel.rakuten.co.jp/image/tr/api/re/gJNfM/?f_hotel_no=31929,にっせいほてるふくおか,◆駅から徒歩で4分の好立地◆福岡へのご旅行＆ご出張にお勧め～♪,6290.0,120910.87,469405.32,810-0042,福岡県,福岡市中央区赤坂1-15-31,092-732-0900,092-732-0909,地下鉄赤坂駅から徒歩4分。,無　(当館の3軒隣に一般のコインパーキング有、24時間で1400円、各自様でご利用頂いております。),赤坂（福岡）,https://img.travel.rakuten.co.jp/share/HOTEL/31929/31929.jpg,https://img.travel.rakuten.co.jp/HIMG/90/31929.jpg,https://img.travel.rakuten.co.jp/share/HOTEL/31929/31929_r1.jpg,https://img.travel.rakuten.co.jp/HIMG/INTERIOR/31929.jpg,https://img.travel.rakuten.co.jp/share/HOTEL/31929/31929map.gif,1209.0,3.26,"ホテル内はレトロな雰囲気で可愛らしく、スタッフさんもとても親切でした！ありがとうございました！　2026-07-04 18:57:12投稿 <a href=""https://img.travel.rakuten.co.jp/image/tr/api/re/gJNfM/?f_hotel_no=31929"" class=""3click"">つづきはこちら</a>",rr2,【喫煙】セミトリプル（ベッド2台、3名利用）,6455561.0,【素泊まり_★返金不可★】シンプルステイプラン♪,1,0,0,0,0,2,https://img.travel.rakuten.co.jp/image/tr/api/re/IdsCY/?f_no=31929&f_syu=rr2&f_hi1=2026-07-18&f_hi2=2026-07-19&f_heya_su=1&f_otona_su=1&f_s1=0&f_s2=0&f_y1=0&f_y2=0&f_y3=0&f_y4=0&f_camp_id=6455561,0,2026-07-18,27075,27075,1,2026-07-18,seibu
191620,９ＨＯＴＥＬ　Ｔｅｎｊｉｎ,https://img.travel.rakuten.co.jp/image/tr/api/re/pvonD/?f_no=191620,https://img.travel.rakuten.co.jp/image/tr/api/re/vFumt/?f_no=191620&f_flg=PLAN,,https://img.travel.rakuten.co.jp/image/tr/api/re/gJNfM/?f_hotel_no=191620,ないんほてる　てんじん,２０２４年オープン！サウナでととのうホテル！専用サウナ付き客室もあります。,7200.0,120900.28,469480.19,810-0003,福岡県,福岡市中央区春吉2-2-32,092-406-5151,092-263-5020,地下鉄七隈線天神南駅 徒歩約１０分、櫛田神社前駅徒歩約10分,無し,薬院,https://img.travel.rakuten.co.jp/share/HOTEL/191620/191620.jpg,https://img.travel.rakuten.co.jp/HIMG/90/191620.jpg,,,https://img.travel.rakuten.co.jp/share/HOTEL/191620/191620map.gif,11.0,4.67,,001,スタンダードツイン,5919525.0,【スタンダードプラン】2024年5月24日グランドオープン！軽朝食付き♪,1,0,0,0,0,1,https://img.travel.rakuten.co.jp/image/tr/api/re/IdsCY/?f_no=191620&f_syu=001&f_hi1=2026-07-18&f_hi2=2026-07-19&f_heya_su=1&f_otona_su=1&f_s1=0&f_s2=0&f_y1=0&f_y2=0&f_y3=0&f_y4=0&f_camp_id=5919525,0,2026-07-18,44000,44000,0,2026-07-18,seibu
181392,クインテッサホテル福岡天神　Ｃｏｍｉｃ＆Ｂｏｏｋｓ,https://img.travel.rakuten.co.jp/image/tr/api/re/pvonD/?f_no=181392,https://img.travel.rakuten.co.jp/image/tr/api/re/vFumt/?f_no=181392&f_flg=PLAN,https://img.travel.rakuten.co.jp/image/tr/api/re/WzozX/?noTomariHotel=181392,https://img.travel.rakuten.co.jp/image/tr/api/re/gJNfM/?f_hotel_no=181392,くいんてっさほてるふくおかてんじん　こみっくあんどぶっくす,大人気　MANGA　約8000冊が読み放題＆こだわりの80種類の朝食ブッフェが魅力！人気の天神地区に位置する好立地！,4320.0,120920.93,469436.76,810-0001,福岡県,福岡市中央区天神3-2-10,092-401-0883,092-401-0884,福岡空港・博多駅から地下鉄空港線で天神駅下車 西1出口より徒歩2分 福岡で人気の天神地区にある好立地のホテルです。,"有り　2,200円（税込み）当日の先着順　満車の際は近隣駐車場を案内いたします",天神,https://img.travel.rakuten.co.jp/share/HOTEL/181392/181392.jpg,https://img.travel.rakuten.co.jp/HIMG/90/181392.jpg,,,https://img.travel.rakuten.co.jp/share/HOTEL/181392/181392map.gif,270.0,4.29,,stn,スタンダードツイン,5976105.0,【楽天トラベルサマーSALE】MANGAの世界にひたり日頃の疲れをリフレッシュ！ (素泊まり),1,0,0,0,0,1,https://img.travel.rakuten.co.jp/image/tr/api/re/IdsCY/?f_no=181392&f_syu=stn&f_hi1=2026-07-18&f_hi2=2026-07-19&f_heya_su=1&f_otona_su=1&f_s1=0&f_s2=0&f_y1=0&f_y2=0&f_y3=0&f_y4=0&f_camp_id=5976105,0,2026-07-18,43800,43800,0,2026-07-18,seibu
182181,ホテルオリエンタルエクスプレス福岡中洲川端,https://img.travel.rakuten.co.jp/image/tr/api/re/pvonD/?f_no=182181,https://img.travel.rakuten.co.jp/image/tr/api/re/vFumt/?f_no=182181&f_flg=PLAN,https://img.travel.rakuten.co.jp/image/tr/api/re/WzozX/?noTomariHotel=182181,https://img.travel.rakuten.co.jp/image/tr/api/re/gJNfM/?f_hotel_no=182181,ほてるおりえんたるえくすぷれすふくおかなかすかわばた,地下鉄空港線・中洲川端駅4分！天神・博多至近。ﾏﾘﾝﾒｯｾ・ﾄﾞｰﾑへﾊﾞｽ１本。無料ジムやウェルカムサービスも充実,4690.0,120934.99,469480.66,812-0025,福岡県,福岡市博多区店屋町6-26,092-402-2725,092-402-2726,福岡空港よりお車にて約15分。博多駅より地下鉄で約中洲川端駅7番出口より徒歩4分。,"有(8台) / 1泊につき1,500円（税込) /  事前予約不可 / 提携駐車場優待あり",中洲川端,https://img.travel.rakuten.co.jp/share/HOTEL/182181/182181.jpg,https://img.travel.rakuten.co.jp/HIMG/90/182181.jpg,,,https://img.travel.rakuten.co.jp/share/HOTEL/182181/182181map.gif,202.0,3.89,,sda01,■スタンダードダブル15平米 （禁煙・シャワーブースのみ）,6494890.0,【返金不可】【フレキシブルレート】スマートTV完備・「中洲川端駅」より徒歩4分（お部屋のみ),1,0,0,0,0,2,https://img.travel.rakuten.co.jp/image/tr/api/re/IdsCY/?f_no=182181&f_syu=sda01&f_hi1=2026-07-18&f_hi2=2026-07-19&f_heya_su=1&f_otona_su=1&f_s1=0&f_s2=0&f_y1=0&f_y2=0&f_y3=0&f_y4=0&f_camp_id=6494890,0,2026-07-18,42700,42700,0,2026-07-18,seibu
181253,ホテルリブマックス福岡天神ＷＥＳＴ,https://img.travel.rakuten.co.jp/image/tr/api/re/pvonD/?f_no=181253,https://img.travel.rakuten.co.jp/image/tr/api/re/vFumt/?f_no=181253&f_flg=PLAN,https://img.travel.rakuten.co.jp/image/tr/api/re/WzozX/?noTomariHotel=181253,https://img.travel.rakuten.co.jp/image/tr/api/re/gJNfM/?f_hotel_no=181253,りぶまっくす　ふくおかてんじん　うえすと,2020年9月グランドオープン！♪赤坂駅徒歩約３分！電子レンジ付ホテル♪,2975.0,120912.6,469416.5,810-0041,福岡県,福岡市中央区大名2-11-23,092-717-2250,092-717-2251,地下鉄空港線　赤坂駅より徒歩にて約３分,無し　近隣のコインパーキングをご利用ください※当ホテル隣のテナント様の駐車場はご利用頂けません,赤坂（福岡）,https://img.travel.rakuten.co.jp/share/HOTEL/181253/181253.jpg,https://img.travel.rakuten.co.jp/HIMG/90/181253.jpg,,,https://img.travel.rakuten.co.jp/share/HOTEL/181253/181253map.gif,257.0,3.47,,twin-kitsu,◆ツインルーム◆喫煙◆セミダブルベッド,5741409.0, 【リブマックスセール】《15％OFF》ホテルリブマックス福岡天神ＷＥＳＴ【素泊り】,1,0,0,0,0,1,https://img.travel.rakuten.co.jp/image/tr/api/re/IdsCY/?f_no=181253&f_syu=twin-kitsu&f_hi1=2026-07-18&f_hi2=2026-07-19&f_heya_su=1&f_otona_su=1&f_s1=0&f_s2=0&f_y1=0&f_y2=0&f_y3=0&f_y4=0&f_camp_id=5741409,0,2026-07-18,51000,51000,0,2026-07-18,seibu
184507,クロスライフ博多天神（オリックスホテルズ＆リゾーツ）,https://img.travel.rakuten.co.jp/image/tr/api/re/pvonD/?f_no=184507,https://img.travel.rakuten.co.jp/image/tr/api/re/vFumt/?f_no=184507&f_flg=PLAN,https://img.travel.rakuten.co.jp/image/tr/api/re/WzozX/?noTomariHotel=184507,https://img.travel.rakuten.co.jp/image/tr/api/re/gJNfM/?f_hotel_no=184507,くろすらいふはかたてんじん（おりっくすほてるず＆りぞーと）,【地下鉄七隈線「天神南」駅 6番出口より徒歩7分】、【大浴場・サウナ】【スマートTV】完備。,7400.0,120904.02,469472.41,810-0003,福岡県,福岡市中央区春吉3-26-30,092-733-0130,092-733-8780,・地下鉄七隈線「天神南」駅 6番出口より徒歩7分,有り　22台　1700円（税込み／泊）　要予約,天神,https://img.travel.rakuten.co.jp/share/HOTEL/184507/184507.jpg,https://img.travel.rakuten.co.jp/HIMG/90/184507.jpg,,,https://img.travel.rakuten.co.jp/share/HOTEL/184507/184507map.gif,126.0,4.32,,01,コンフォートダブル,5944205.0,【返金不可】素泊まり ドリンクチケット付き,1,0,0,0,0,2,https://img.travel.rakuten.co.jp/image/tr/api/re/IdsCY/?f_no=184507&f_syu=01&f_hi1=2026-07-18&f_hi2=2026-07-19&f_heya_su=1&f_otona_su=1&f_s1=0&f_s2=0&f_y1=0&f_y2=0&f_y3=0&f_y4=0&f_camp_id=5944205,0,2026-07-18,53900,53900,0,2026-07-18,seibu
183253,ＵＮＰＬＡＮ　Ｆｕｋｕｏｋａ,https://img.travel.rakuten.co.jp/image/tr/api/re/pvonD/?f_no=183253,https://img.travel.rakuten.co.jp/image/tr/api/re/vFumt/?f_no=183253&f_flg=PLAN,,https://img.travel.rakuten.co.jp/image/tr/api/re/gJNfM/?f_hotel_no=183253,あんぷらん　ふくおか,【大濠公園駅から徒歩１分】コンビニまで徒歩約30秒、PayPayドームまでのアクセス抜群◎長期滞在にも人気なホステル！,3372.0,120913.53,469376.25,810-0074,福岡県,福岡市中央区大手門3-4-1,092-406-7704,092-406-7704,■福岡空港より空港線の大濠公園駅下車 4番出口から徒歩1分  ■PayPayドームまでバスで９分,提携の駐車場はございません。近隣の駐車場をご利用ください。,大濠公園,https://img.travel.rakuten.co.jp/share/HOTEL/183253/183253.jpg,https://img.travel.rakuten.co.jp/HIMG/90/183253.jpg,,,https://img.travel.rakuten.co.jp/share/HOTEL/183253/183253map.gif,137.0,4.0,,pod,男女共用PODルーム(シングルドミトリー),5241271.0,【返金不可】【無料朝食付き】ドミトリー・PODルーム★大濠公園駅から徒歩１分◎,1,0,0,0,0,2,https://img.travel.rakuten.co.jp/image/tr/api/re/IdsCY/?f_no=183253&f_syu=pod&f_hi1=2026-07-18&f_hi2=2026-07-19&f_heya_su=1&f_otona_su=1&f_s1=0&f_s2=0&f_y1=0&f_y2=0&f_y3=0&f_y4=0&f_camp_id=5241271,0,2026-07-18,13398,13398,0,2026-07-18,seibu
197953,２－ｔｉｍｅｓ．Ｄｏｍｉｔｏｒｙ　Ｈｏｔｅｌ,https://img.travel.rakuten.co.jp/image/tr/api/re/pvonD/?f_no=197953,https://img.travel.rakuten.co.jp/image/tr/api/re/vFumt/?f_no=197953&f_flg=PLAN,,https://img.travel.rakuten.co.jp/image/tr/api/re/gJNfM/?f_hotel_no=197953,つーたいむすどみとりーほてる,糸島 駅近 最安値　筑前前原駅から徒歩３分　漆喰調のオシャレな施設　,4700.0,120799.02,468726.81,819-1116,福岡県,糸島市前原中央2-4-16,070-3763-2669,--,筑前前原駅より徒歩3分,なし,筑前前原,https://img.travel.rakuten.co.jp/share/HOTEL/197953/197953.jpg,https://img.travel.rakuten.co.jp/HIMG/90/197953.jpg,,,https://img.travel.rakuten.co.jp/share/HOTEL/197953/197953map.gif,10.0,3.4,,3,男女共用ドミトリー・二段ベッド１名（寝室・バス・トイレ共用）,6365554.0,男女共用ドミトリー・二段ベッド１名分（バス・トイレ共用）,1,0,0,0,0,2,https://img.travel.rakuten.co.jp/image/tr/api/re/IdsCY/?f_no=197953&f_syu=3&f_hi1=2026-07-18&f_hi2=2026-07-19&f_heya_su=1&f_otona_su=1&f_s1=0&f_s2=0&f_y1=0&f_y2=0&f_y3=0&f_y4=0&f_camp_id=6365554,0,2026-07-18,7600,7600,0,2026-07-18,seibu
179384,ホテルリブマックス博多中洲,https://img.travel.rakuten.co.jp/image/tr/api/re/pvonD/?f_no=179384,https://img.travel.rakuten.co.jp/image/tr/api/re/vFumt/?f_no=179384&f_flg=PLAN,https://img.travel.rakuten.co.jp/image/tr/api/re/WzozX/?noTomariHotel=179384,https://img.travel.rakuten.co.jp/image/tr/api/re/gJNfM/?f_hotel_no=179384,ほてるりぶまっくすはかたなかす,【2020年3月新築OPEN】中洲川端駅から徒歩２分！博多・天神徒歩圏内！,4888.0,120927.09,469461.09,810-0801,福岡県,福岡市博多区中洲5-4-21,092-273-0050,092-273-0051,地下鉄空港線・箱崎線　中州川端駅より徒歩にて約2分／地下鉄空港線　天神駅より徒歩にて約８分,近隣にコインパーキングあり　※提携はしておりません　満車の場合はご容赦下さい。,中洲川端,https://img.travel.rakuten.co.jp/share/HOTEL/179384/179384.jpg,https://img.travel.rakuten.co.jp/HIMG/90/179384.jpg,,,https://img.travel.rakuten.co.jp/share/HOTEL/179384/179384map.gif,292.0,3.59,,vsn,【バリアフリーシングル】禁煙/定員２名/２０平米/セミダブル,5721642.0,【リブマックスセール】《15％OFF》ホテルリブマックス博多中洲【素泊り】,1,0,0,0,0,1,https://img.travel.rakuten.co.jp/image/tr/api/re/IdsCY/?f_no=179384&f_syu=vsn&f_hi1=2026-07-18&f_hi2=2026-07-19&f_heya_su=1&f_otona_su=1&f_s1=0&f_s2=0&f_y1=0&f_y2=0&f_y3=0&f_y4=0&f_camp_id=5721642,0,2026-07-18,34000,34000,0,2026-07-18,seibu
40839,ザ・ワンファイブ福岡天神,https://img.travel.rakuten.co.jp/image/tr/api/re/pvonD/?f_no=40839,https://img.travel.rakuten.co.jp/image/tr/api/re/vFumt/?f_no=40839&f_flg=PLAN,https://img.travel.rakuten.co.jp/image/tr/api/re/WzozX/?noTomariHotel=40839,https://img.travel.rakuten.co.jp/image/tr/api/re/gJNfM/?f_hotel_no=40839,ざ　わんふぁいぶ　ふくおか　てんじん,福岡空港から地下鉄に乗り乗換不要で14分。博多駅からも乗換不要で9分です。観光にも便利な西鉄福岡（天神）駅へも4分です。,2902.0,120914.22,469429.19,810-0041,福岡県,福岡市中央区大名2-8-12,0570-003-515,092-739-0220,地下鉄『天神駅』1番出口より徒歩3分 ※1番出口が一時閉鎖中のため4番出口をご利用ください,なし ※周辺のコインパーキングをご案内します。,天神,https://img.travel.rakuten.co.jp/share/HOTEL/40839/40839.jpg,https://img.travel.rakuten.co.jp/HIMG/90/40839.jpg,https://img.travel.rakuten.co.jp/share/HOTEL/40839/40839_ky.jpg,https://img.travel.rakuten.co.jp/HIMG/INTERIOR/40839.jpg,https://img.travel.rakuten.co.jp/share/HOTEL/40839/40839map.gif,2111.0,3.61,"ありがとう…　2026-07-09 18:53:54投稿 <a href=""https://img.travel.rakuten.co.jp/image/tr/api/re/gJNfM/?f_hotel_no=40839"" class=""3click"">つづきはこちら</a>",2n2,スタンダードツイン,4894220.0,「ザ・ワンファイブ」ステイ,1,0,0,0,0,1,https://img.travel.rakuten.co.jp/image/tr/api/re/IdsCY/?f_no=40839&f_syu=2n2&f_hi1=2026-07-18&f_hi2=2026-07-19&f_heya_su=1&f_otona_su=1&f_s1=0&f_s2=0&f_y1=0&f_y2=0&f_y3=0&f_y4=0&f_camp_id=4894220,0,2026-07-18,30420,30420,0,2026-07-18,seibu
181642,ＭＫホテルズ　西中洲,https://img.travel.rakuten.co.jp/image/tr/api/re/pvonD/?f_no=181642,https://img.travel.rakuten.co.jp/image/tr/api/re/vFumt/?f_no=181642&f_flg=PLAN,,https://img.travel.rakuten.co.jp/image/tr/api/re/gJNfM/?f_hotel_no=181642,えむけいほてるず　にしなかす,公園の前だから見晴らしがいい！夜景が綺麗！家族旅行、学生旅行、女子旅とグループに最適なホテルです。,2928.0,120916.97,469465.22,810-0002,福岡県,福岡市中央区西中洲5-20,092-292-1015,,地下鉄空港線中洲川端駅から徒歩5分,無し 　＊近隣のコインパーキングをご利用ください。,中洲川端,https://img.travel.rakuten.co.jp/share/HOTEL/181642/181642.jpg,https://img.travel.rakuten.co.jp/HIMG/90/181642.jpg,,,https://img.travel.rakuten.co.jp/share/HOTEL/181642/181642map.gif,81.0,4.0,,btype3,【全室禁煙】スーペリアファミリールーム　ソファ付き,6261312.0,【返金不可プラン】オトクに宿泊！予定が決まった方はこちら♪,1,0,0,0,0,2,https://img.travel.rakuten.co.jp/image/tr/api/re/IdsCY/?f_no=181642&f_syu=btype3&f_hi1=2026-07-18&f_hi2=2026-07-19&f_heya_su=1&f_otona_su=1&f_s1=0&f_s2=0&f_y1=0&f_y2=0&f_y3=0&f_y4=0&f_camp_id=6261312,0,2026-07-18,29354,29354,0,2026-07-18,seibu
179866,ランドーホテル福岡アネックス,https://img.travel.rakuten.co.jp/image/tr/api/re/pvonD/?f_no=179866,https://img.travel.rakuten.co.jp/image/tr/api/re/vFumt/?f_no=179866&f_flg=PLAN,https://img.travel.rakuten.co.jp/image/tr/api/re/WzozX/?noTomariHotel=179866,https://img.travel.rakuten.co.jp/image/tr/api/re/gJNfM/?f_hotel_no=179866,らんどーほてるふくおかあねっくす,全室30平米以上の客室には家電キッチンバルコニーを完備　スマートロックとiPadを活用したチェックインでスムーズに入室,5000.0,120865.01,469454.62,810-0014,福岡県,福岡市中央区平尾1-11-7,092-526-5231,03-5615-2997,平尾駅,駐車場のご用意はございません。近隣のパーキングをご利用くださいませ。,西鉄平尾,https://img.travel.rakuten.co.jp/share/HOTEL/179866/179866.jpg,https://img.travel.rakuten.co.jp/HIMG/90/179866.jpg,,,https://img.travel.rakuten.co.jp/share/HOTEL/179866/179866map.gif,43.0,4.2,,2rei,スーペリアトリプルルーム -礼-,4983383.0,【全室30㎡以上】【返金不可】話題の新築アパートメントホテルでゆったりステイ★,1,0,0,0,0,2,https://img.travel.rakuten.co.jp/image/tr/api/re/IdsCY/?f_no=179866&f_syu=2rei&f_hi1=2026-07-18&f_hi2=2026-07-19&f_heya_su=1&f_otona_su=1&f_s1=0&f_s2=0&f_y1=0&f_y2=0&f_y3=0&f_y4=0&f_camp_id=4983383,0,2026-07-18,45000,45000,0,2026-07-18,seibu
184508,クロスライフ博多柳橋（オリックスホテルズ＆リゾーツ）,https://img.travel.rakuten.co.jp/image/tr/api/re/pvonD/?f_no=184508,https://img.travel.rakuten.co.jp/image/tr/api/re/vFumt/?f_no=184508&f_flg=PLAN,https://img.travel.rakuten.co.jp/image/tr/api/re/WzozX/?noTomariHotel=184508,https://img.travel.rakuten.co.jp/image/tr/api/re/gJNfM/?f_hotel_no=184508,くろすらいふはかたやなぎばし（おりっくすほてるず＆りぞーと）,【地下鉄七隈線「渡辺通」駅2番出口より徒歩6分】、【スマートTV】全室完備。,5900.0,120887.06,469476.79,810-0003,福岡県,福岡市中央区春吉1-6-5,092-733-3900,092-733-3751,・地下鉄七隈線「渡辺通」駅2番出口より徒歩6分,有り　15台　1700円（税込み／泊）　要予約,中洲川端,https://img.travel.rakuten.co.jp/share/HOTEL/184508/184508.jpg,https://img.travel.rakuten.co.jp/HIMG/90/184508.jpg,,,https://img.travel.rakuten.co.jp/share/HOTEL/184508/184508map.gif,81.0,4.42,,02,コンフォートダブル,5944186.0,【返金不可】素泊まり ドリンクチケット付き,1,0,0,0,0,2,https://img.travel.rakuten.co.jp/image/tr/api/re/IdsCY/?f_no=184508&f_syu=02&f_hi1=2026-07-18&f_hi2=2026-07-19&f_heya_su=1&f_otona_su=1&f_s1=0&f_s2=0&f_y1=0&f_y2=0&f_y3=0&f_y4=0&f_camp_id=5944186,0,2026-07-18,41250,41250,0,2026-07-18,seibu
176982,クインテッサホテル福岡天神南,https://img.travel.rakuten.co.jp/image/tr/api/re/pvonD/?f_no=176982,https://img.travel.rakuten.co.jp/image/tr/api/re/vFumt/?f_no=176982&f_flg=PLAN,https://img.travel.rakuten.co.jp/image/tr/api/re/WzozX/?noTomariHotel=176982,https://img.travel.rakuten.co.jp/image/tr/api/re/gJNfM/?f_hotel_no=176982,くいんてっさほてるふくおかてんじんみなみ,【薬院駅より徒歩３分の好立地！】多彩なタイプの客室を準備。産地の食材をいかした 「こだわりの約80種類の朝食ブッフェ 」,3960.0,120880.08,469459.54,810-0012,福岡県,福岡市中央区白金1-18-3,092-707-1691,092-707-1692,西鉄天神大牟田線、地下鉄七隈線、薬院駅より徒歩にて約３分,"有り　９台　先着順　料金:1,500円（税込）",薬院,https://img.travel.rakuten.co.jp/share/HOTEL/176982/176982.jpg,https://img.travel.rakuten.co.jp/HIMG/90/176982.jpg,https://img.travel.rakuten.co.jp/share/HOTEL/176982/176982_kan1.jpg,https://img.travel.rakuten.co.jp/HIMG/INTERIOR/176982.jpg,https://img.travel.rakuten.co.jp/share/HOTEL/176982/176982map.gif,342.0,4.18,"朝食も種類が豊富で、博多名物を堪能でき…　2026-07-03 20:58:35投稿 <a href=""https://img.travel.rakuten.co.jp/image/tr/api/re/gJNfM/?f_hotel_no=176982"" class=""3click"">つづきはこちら</a>",mtn,モデレートツイン (禁煙),5976064.0,【楽天トラベルサマーSALE】ホテルの品質と快適さの新体験！ビジネス利用にも最適です。(素泊まり),1,0,0,0,0,1,https://img.travel.rakuten.co.jp/image/tr/api/re/IdsCY/?f_no=176982&f_syu=mtn&f_hi1=2026-07-18&f_hi2=2026-07-19&f_heya_su=1&f_otona_su=1&f_s1=0&f_s2=0&f_y1=0&f_y2=0&f_y3=0&f_y4=0&f_camp_id=5976064,0,2026-07-18,36660,36660,0,2026-07-18,seibu
194737,ｋｉｍｉｘ２０３／民泊,https://img.travel.rakuten.co.jp/image/tr/api/re/pvonD/?f_no=194737,https://img.travel.rakuten.co.jp/image/tr/api/re/vFumt/?f_no=194737&f_flg=PLAN,,https://img.travel.rakuten.co.jp/image/tr/api/re/gJNfM/?f_hotel_no=194737,,福岡市でも人気のある浄水通りの静かな住宅街に佇む、アンティーク家具とこだわりの雑貨に囲まれた【民泊】,12760.0,120859.72,469426.73,810-0028,福岡県,福岡市中央区浄水通2-11　ＪＯＳＵＩ　ＢＡＳＥ　203,092-401-1267,000-000-0000,薬院大通駅から徒歩で約２分,無し,薬院,https://img.travel.rakuten.co.jp/share/HOTEL/194737/194737.jpg,https://img.travel.rakuten.co.jp/HIMG/90/194737.jpg,,,https://img.travel.rakuten.co.jp/share/HOTEL/194737/194737map.gif,,,,r19557_2,kimix203,6274269.0,人気の浄水通りにある隠れ家。「教会前」バス停近く。天神、博多駅にもアクセス良し。,1,0,0,0,0,2,https://img.travel.rakuten.co.jp/image/tr/api/re/IdsCY/?f_no=194737&f_syu=r19557_2&f_hi1=2026-07-18&f_hi2=2026-07-19&f_heya_su=1&f_otona_su=1&f_s1=0&f_s2=0&f_y1=0&f_y2=0&f_y3=0&f_y4=0&f_camp_id=6274269,0,2026-07-18,38280,38280,0,2026-07-18,seibu
180071,ランドーホテル福岡クラシック,https://img.travel.rakuten.co.jp/image/tr/api/re/pvonD/?f_no=180071,https://img.travel.rakuten.co.jp/image/tr/api/re/vFumt/?f_no=180071&f_flg=PLAN,https://img.travel.rakuten.co.jp/image/tr/api/re/WzozX/?noTomariHotel=180071,https://img.travel.rakuten.co.jp/image/tr/api/re/gJNfM/?f_hotel_no=180071,らんどーほてるふくおかくらしっく,☆全室家具家電キッチン完備のスイートルーム☆,5000.0,120865.48,469483.67,810-0011,福岡県,福岡市中央区高砂2-13-1,092-526-5231,03-5615-2997,西鉄平尾駅より徒歩にて約８分,駐車場のご用意はございません。近隣のパーキングをご利用くださいませ。,西鉄平尾,https://img.travel.rakuten.co.jp/share/HOTEL/180071/180071.jpg,https://img.travel.rakuten.co.jp/HIMG/90/180071.jpg,,,https://img.travel.rakuten.co.jp/share/HOTEL/180071/180071map.gif,50.0,3.5,"あとは特に普通。　2026-05-09 20:16:17投稿 <a href=""https://img.travel.rakuten.co.jp/image/tr/api/re/gJNfM/?f_hotel_no=180071"" class=""3click"">つづきはこちら</a>",rei,エグゼクティブスイート/30平米　-礼-,4983378.0,【全室30㎡以上】【返金不可】話題の新築アパートメントホテルでゆったりステイ★,1,0,0,0,0,2,https://img.travel.rakuten.co.jp/image/tr/api/re/IdsCY/?f_no=180071&f_syu=rei&f_hi1=2026-07-18&f_hi2=2026-07-19&f_heya_su=1&f_otona_su=1&f_s1=0&f_s2=0&f_y1=0&f_y2=0&f_y3=0&f_y4=0&f_camp_id=4983378,0,2026-07-18,34000,34000,0,2026-07-18,seibu
166945,ランドーホテル福岡,https://img.travel.rakuten.co.jp/image/tr/api/re/pvonD/?f_no=166945,https://img.travel.rakuten.co.jp/image/tr/api/re/vFumt/?f_no=166945&f_flg=PLAN,https://img.travel.rakuten.co.jp/image/tr/api/re/WzozX/?noTomariHotel=166945,https://img.travel.rakuten.co.jp/image/tr/api/re/gJNfM/?f_hotel_no=166945,らんどーほてる　ふくおか,多彩なカラースキームとこだわりの家具を全室に施したデザイナーズホテル　全室にバルコニーを完備,6000.0,120883.36,469481.95,810-0005,福岡県,福岡市中央区清川1-2-3,0925265231,03-5615-2997,博多駅から10分毎にバスが出発しております。5分ほどバスに揺られ「柳橋」で下車後徒歩2分ほどでご到着です。,駐車場のご用意はございません。近隣のパーキングをご利用くださいませ。,,https://img.travel.rakuten.co.jp/share/HOTEL/166945/166945.jpg,https://img.travel.rakuten.co.jp/HIMG/90/166945.jpg,,,https://img.travel.rakuten.co.jp/share/HOTEL/166945/166945map.gif,61.0,4.43,"マリンメッセ福岡でのライブ遠征のため利用しました。夜遅くに帰ってきてわざわざ大通りに出なくても周りにラーメン屋や居酒屋、タピオカ屋、コンビ二が複数件あり大変助かりました。部屋には浴室の衣類乾燥しかなく…　2026-06-19 23:03:03投稿 <a href=""https://img.travel.rakuten.co.jp/image/tr/api/re/gJNfM/?f_hotel_no=166945"" class=""3click"">つづきはこちら</a>",es01,プレジデンシャルスイート/40平米　テラス付,4927495.0,【全室バルコニー完備】【返金不可】　生活家電とキッチン完備の客室で自炊を満喫♪,1,0,0,0,0,2,https://img.travel.rakuten.co.jp/image/tr/api/re/IdsCY/?f_no=166945&f_syu=es01&f_hi1=2026-07-18&f_hi2=2026-07-19&f_heya_su=1&f_otona_su=1&f_s1=0&f_s2=0&f_y1=0&f_y2=0&f_y3=0&f_y4=0&f_camp_id=4927495,0,2026-07-18,40000,40000,0,2026-07-18,seibu
187948,ＪＵＳＴＩＮ　ＦＵＫＵＯＫＡ,https://img.travel.rakuten.co.jp/image/tr/api/re/pvonD/?f_no=187948,https://img.travel.rakuten.co.jp/image/tr/api/re/vFumt/?f_no=187948&f_flg=PLAN,,https://img.travel.rakuten.co.jp/image/tr/api/re/gJNfM/?f_hotel_no=187948,じゃすてぃんふくおか,【無人フロントホテル】九州一の繁華街天神から徒歩10分の好立地！２０２３年８月にリニューアルオープン！,2405.0,120922.59,469428.25,810-0073,福岡県,福岡市中央区舞鶴1-8-28,092-409-4892,,天神駅から徒歩10分,専用駐車場・提携駐車場はございません。 公式サイトから、近隣のコインパーキングをご確認下さい。,天神,https://img.travel.rakuten.co.jp/share/HOTEL/187948/187948.jpg,https://img.travel.rakuten.co.jp/HIMG/90/187948.jpg,,,https://img.travel.rakuten.co.jp/share/HOTEL/187948/187948map.gif,7.0,4.75,,bhito,コンフォートB,5757890.0,【素泊まり】スタンダードプラン「迷ったらコレ！」,1,0,0,0,0,2,https://img.travel.rakuten.co.jp/image/tr/api/re/IdsCY/?f_no=187948&f_syu=bhito&f_hi1=2026-07-18&f_hi2=2026-07-19&f_heya_su=1&f_otona_su=1&f_s1=0&f_s2=0&f_y1=0&f_y2=0&f_y3=0&f_y4=0&f_camp_id=5757890,0,2026-07-18,32000,32000,0,2026-07-18,seibu
181074,グランドべース福岡天神,https://img.travel.rakuten.co.jp/image/tr/api/re/pvonD/?f_no=181074,https://img.travel.rakuten.co.jp/image/tr/api/re/vFumt/?f_no=181074&f_flg=PLAN,https://img.travel.rakuten.co.jp/image/tr/api/re/WzozX/?noTomariHotel=181074,https://img.travel.rakuten.co.jp/image/tr/api/re/gJNfM/?f_hotel_no=181074,ぐらんどべーすふくおかてんじん,【無人フロントホテル】天神・博多へアクセス◎最大4名泊まれるスマートホテル！キッチン＆洗濯機付で長期滞在にもおすすめ★,6650.0,120896.18,469462.91,810-0004,福岡県,福岡市中央区渡辺通3-6-2,092-409-4892,,「天神南駅」1番出口から徒歩7分、「渡辺通駅」2番出口から徒歩5分、博多駅からはバスで「渡辺通2丁目」で下車後徒歩2分,敷地内に有料コインパーキング有（軽自動車専用 6台）,福岡空港,https://img.travel.rakuten.co.jp/share/HOTEL/181074/181074.jpg,https://img.travel.rakuten.co.jp/HIMG/90/181074.jpg,,,https://img.travel.rakuten.co.jp/share/HOTEL/181074/181074map.gif,9.0,4.0,,bhito,スーペリアB,4895641.0,【素泊まり】スタンダードプラン「迷ったらコレ！」,1,0,0,0,0,2,https://img.travel.rakuten.co.jp/image/tr/api/re/IdsCY/?f_no=181074&f_syu=bhito&f_hi1=2026-07-18&f_hi2=2026-07-19&f_heya_su=1&f_otona_su=1&f_s1=0&f_s2=0&f_y1=0&f_y2=0&f_y3=0&f_y4=0&f_camp_id=4895641,0,2026-07-18,60000,60000,0,2026-07-18,seibu
171723,ディアマンテ薬院　＾,https://img.travel.rakuten.co.jp/image/tr/api/re/pvonD/?f_no=171723,https://img.travel.rakuten.co.jp/image/tr/api/re/vFumt/?f_no=171723&f_flg=PLAN,,https://img.travel.rakuten.co.jp/image/tr/api/re/gJNfM/?f_hotel_no=171723,,薬院大通駅直結マンションで雨にも濡れずとても便利♪♪キッチン、洗濯機有りのアパートメントタイプです,3074.0,120878.14,469433.74,810-0022,福岡県,福岡市中央区薬院2-3-10　305，306，307，308　ディアマンテ薬院,090-9074-9489,000-000-0000,薬院大通駅から徒歩で約１分,無し,薬院,https://img.travel.rakuten.co.jp/share/HOTEL/171723/171723.jpg,https://img.travel.rakuten.co.jp/HIMG/90/171723.jpg,,,https://img.travel.rakuten.co.jp/share/HOTEL/171723/171723map.gif,12.0,5.0,,271963_4,スタンダードルーム,5487637.0,天神4分/博多9分/空港22分/地下鉄 薬院大通駅直結 徒歩0分/最大4名4,1,0,0,0,0,2,https://img.travel.rakuten.co.jp/image/tr/api/re/IdsCY/?f_no=171723&f_syu=271963_4&f_hi1=2026-07-18&f_hi2=2026-07-19&f_heya_su=1&f_otona_su=1&f_s1=0&f_s2=0&f_y1=0&f_y2=0&f_y3=0&f_y4=0&f_camp_id=5487637,0,2026-07-18,26680,26680,0,2026-07-18,seibu
196262,ホテル＆レジデンス春吉,https://img.travel.rakuten.co.jp/image/tr/api/re/pvonD/?f_no=196262,https://img.travel.rakuten.co.jp/image/tr/api/re/vFumt/?f_no=196262&f_flg=PLAN,,https://img.travel.rakuten.co.jp/image/tr/api/re/gJNfM/?f_hotel_no=196262,あんどれじでんすはるよし,新築アパートに泊まれる！,4134.0,120900.61,469481.11,810-0003,福岡県,福岡市中央区春吉2-3-14,092-409-4892,092-401-1057,天神南駅より徒歩約１０分,無し,天神,https://img.travel.rakuten.co.jp/share/HOTEL/196262/196262.jpg,https://img.travel.rakuten.co.jp/HIMG/90/196262.jpg,,,https://img.travel.rakuten.co.jp/share/HOTEL/196262/196262map.gif,1.0,,,ahito,デラックスファミリーA,6196117.0,【素泊まり】スタンダードプラン「迷ったらコレ！」,1,0,0,0,0,2,https://img.travel.rakuten.co.jp/image/tr/api/re/IdsCY/?f_no=196262&f_syu=ahito&f_hi1=2026-07-18&f_hi2=2026-07-19&f_heya_su=1&f_otona_su=1&f_s1=0&f_s2=0&f_y1=0&f_y2=0&f_y3=0&f_y4=0&f_camp_id=6196117,0,2026-07-18,38400,38400,0,2026-07-18,seibu
201838,おやどらんたん中洲川端,https://img.travel.rakuten.co.jp/image/tr/api/re/pvonD/?f_no=201838,https://img.travel.rakuten.co.jp/image/tr/api/re/vFumt/?f_no=201838&f_flg=PLAN,,https://img.travel.rakuten.co.jp/image/tr/api/re/gJNfM/?f_hotel_no=201838,おやどらんたんなかすかわばた,駅近くにリノベーションホテル誕生！,2660.0,120932.26,469477.24,812-0026,福岡県,福岡市博多区上川端町14-26,092-409-4892,--,中洲川端駅(7番出口)より徒歩2分,専用駐車場・提携駐車場はございません。 公式サイトから、近隣のコインパーキングをご確認下さい。,中洲川端,https://img.travel.rakuten.co.jp/share/HOTEL/201838/201838.jpg,https://img.travel.rakuten.co.jp/HIMG/90/201838.jpg,,,https://img.travel.rakuten.co.jp/share/HOTEL/201838/201838map.gif,,,,dhito,デラックススイート,6519228.0,【素泊まり】スタンダードプラン「迷ったらコレ！」,1,0,0,0,0,2,https://img.travel.rakuten.co.jp/image/tr/api/re/IdsCY/?f_no=201838&f_syu=dhito&f_hi1=2026-07-18&f_hi2=2026-07-19&f_heya_su=1&f_otona_su=1&f_s1=0&f_s2=0&f_y1=0&f_y2=0&f_y3=0&f_y4=0&f_camp_id=6519228,0,2026-07-18,42668,42668,0,2026-07-18,seibu
170427,西中洲ビル／民泊,https://img.travel.rakuten.co.jp/image/tr/api/re/pvonD/?f_no=170427,https://img.travel.rakuten.co.jp/image/tr/api/re/vFumt/?f_no=170427&f_flg=PLAN,,https://img.travel.rakuten.co.jp/image/tr/api/re/gJNfM/?f_hotel_no=170427,,　,7433.0,120913.38,469463.8,810-0002,福岡県,福岡市中央区西中洲12-10　西中洲ビル,090-3073-1234,000-000-0000,天神南駅から徒歩で約１分,無し,天神,https://img.travel.rakuten.co.jp/share/HOTEL/170427/170427.jpg,https://img.travel.rakuten.co.jp/HIMG/90/170427.jpg,,,https://img.travel.rakuten.co.jp/share/HOTEL/170427/170427map.gif,,,,r11450_3,301,5175991.0,[301] 固定Wi-Fi完備!天神南まで徒歩4分♪お洒落な二段ベッドの部屋,1,0,0,0,0,2,https://img.travel.rakuten.co.jp/image/tr/api/re/IdsCY/?f_no=170427&f_syu=r11450_3&f_hi1=2026-07-18&f_hi2=2026-07-19&f_heya_su=1&f_otona_su=1&f_s1=0&f_s2=0&f_y1=0&f_y2=0&f_y3=0&f_y4=0&f_camp_id=5175991,0,2026-07-18,60191,60191,0,2026-07-18,seibu
197412,ＢＡＮＤ　ＨＯＴＥＬ　ＨＡＫＡＴＡ,https://img.travel.rakuten.co.jp/image/tr/api/re/pvonD/?f_no=197412,https://img.travel.rakuten.co.jp/image/tr/api/re/vFumt/?f_no=197412&f_flg=PLAN,https://img.travel.rakuten.co.jp/image/tr/api/re/WzozX/?noTomariHotel=197412,https://img.travel.rakuten.co.jp/image/tr/api/re/gJNfM/?f_hotel_no=197412,ばんど　ほてる　はかた,「つながる旅、響き合う心。BAND HOTEL。」,8400.0,120905.82,469479.9,810-0003,福岡県,福岡市中央区春吉2-4-14,092-401-0612,092-401-0613,中洲川端・櫛田神社前・天神南・博多駅より徒歩10～18分,なし,中洲川端,https://img.travel.rakuten.co.jp/share/HOTEL/197412/197412.jpg,https://img.travel.rakuten.co.jp/HIMG/90/197412.jpg,,,https://img.travel.rakuten.co.jp/share/HOTEL/197412/197412map.gif,4.0,,,dlxtplrv,デラックストリプル　リバービュー,6302483.0,シンプルステイ（3泊につき1回の簡易清掃あり),1,0,0,0,0,1,https://img.travel.rakuten.co.jp/image/tr/api/re/IdsCY/?f_no=197412&f_syu=dlxtplrv&f_hi1=2026-07-18&f_hi2=2026-07-19&f_heya_su=1&f_otona_su=1&f_s1=0&f_s2=0&f_y1=0&f_y2=0&f_y3=0&f_y4=0&f_camp_id=6302483,0,2026-07-18,72300,72300,0,2026-07-18,seibu
195671,閑静な住宅街にある白い洋風アパート／民泊,https://img.travel.rakuten.co.jp/image/tr/api/re/pvonD/?f_no=195671,https://img.travel.rakuten.co.jp/image/tr/api/re/vFumt/?f_no=195671&f_flg=PLAN,,https://img.travel.rakuten.co.jp/image/tr/api/re/gJNfM/?f_hotel_no=195671,, ,386667.0,120898.25,469256.73,814-0006,福岡県,福岡市早良区百道3-7-17 102　新日本パレス百道I,080-8905-6750,00-0000-0000,藤崎駅より徒歩で3分,なし,藤崎（福岡）,https://img.travel.rakuten.co.jp/share/HOTEL/195671/195671.jpg,https://img.travel.rakuten.co.jp/HIMG/90/195671.jpg,,,https://img.travel.rakuten.co.jp/share/HOTEL/195671/195671map.gif,,,,r21289_3,新日本パレス百道I-101,6395548.0,百道102,1,0,0,0,0,2,https://img.travel.rakuten.co.jp/image/tr/api/re/IdsCY/?f_no=195671&f_syu=r21289_3&f_hi1=2026-07-18&f_hi2=2026-07-19&f_heya_su=1&f_otona_su=1&f_s1=0&f_s2=0&f_y1=0&f_y2=0&f_y3=0&f_y4=0&f_camp_id=6395548,0,2026-07-18,1160000,1160000,0,2026-07-18,seibu
200640,生の松原ハイツ／民泊,https://img.travel.rakuten.co.jp/image/tr/api/re/pvonD/?f_no=200640,https://img.travel.rakuten.co.jp/image/tr/api/re/vFumt/?f_no=200640&f_flg=PLAN,,https://img.travel.rakuten.co.jp/image/tr/api/re/gJNfM/?f_hotel_no=200640,,＊202＊「生の松原海岸」に隣接！海と森林を同時に楽しめる場所！,4447.0,120885.06,469104.44,819-0055,福岡県,福岡市西区生の松原1-19-5　生の松原ハイツ,090-2084-2554,00-0000-0000,下山門駅から徒歩で2分,なし,下山門,https://img.travel.rakuten.co.jp/share/HOTEL/200640/200640.jpg,https://img.travel.rakuten.co.jp/HIMG/90/200640.jpg,,,https://img.travel.rakuten.co.jp/share/HOTEL/200640/200640map.gif,,,,r23087_3,生の松原ハイツ 202号,6547355.0,202「生の松原海岸」に隣接!海と森林を同時に楽しめる場所!,1,0,0,0,0,2,https://img.travel.rakuten.co.jp/image/tr/api/re/IdsCY/?f_no=200640&f_syu=r23087_3&f_hi1=2026-07-18&f_hi2=2026-07-19&f_heya_su=1&f_otona_su=1&f_s1=0&f_s2=0&f_y1=0&f_y2=0&f_y3=0&f_y4=0&f_camp_id=6547355,0,2026-07-18,29580,29580,0,2026-07-18,seibu
78112,アルクイン黒崎ＰＬＵＳ,https://img.travel.rakuten.co.jp/image/tr/api/re/pvonD/?f_no=78112,https://img.travel.rakuten.co.jp/image/tr/api/re/vFumt/?f_no=78112&f_flg=PLAN,https://img.travel.rakuten.co.jp/image/tr/api/re/WzozX/?noTomariHotel=78112,https://img.travel.rakuten.co.jp/image/tr/api/re/gJNfM/?f_hotel_no=78112,あるくいんくろさきぷらす,【黒崎駅から徒歩３分】繁華街の中心シンプルモダンなビジネスホテル。全室Wi-Fi接続無料！日替わりカレー＆朝食サービス！,4655.0,121898.6,470767.19,806-0021,福岡県,北九州市八幡西区黒崎2-10-2,093-632-8700,093-632-8778,【ＪＲ黒崎駅より徒歩にて３分】 黒崎の駅前中心部、コンビニ近く、飲食店、繁華街も側近で便利です,有り　提携駐車場【三和パーキング】◎1泊1000円【35台※先着順】,黒崎,https://img.travel.rakuten.co.jp/share/HOTEL/78112/78112.jpg,https://img.travel.rakuten.co.jp/HIMG/90/78112.jpg,https://img.travel.rakuten.co.jp/share/HOTEL/78112/78112_sin.jpg,https://img.travel.rakuten.co.jp/HIMG/INTERIOR/78112.jpg,https://img.travel.rakuten.co.jp/share/HOTEL/78112/78112map.gif,1545.0,4.19,"朝食はカレーとサラダをいただきました！　2026-06-29 12:29:39投稿 <a href=""https://img.travel.rakuten.co.jp/image/tr/api/re/gJNfM/?f_hotel_no=78112"" class=""3click"">つづきはこちら</a>",ns,【禁煙】★１ベッドルーム（セミダブル122ｃｍ幅）★,6108292.0,★ベーシックプラン　少し広いスタンダードシングル 14㎡　軽朝食サービス付き♪★,1,0,0,1,0,1,https://img.travel.rakuten.co.jp/image/tr/api/re/IdsCY/?f_no=78112&f_syu=ns&f_hi1=2026-07-18&f_hi2=2026-07-19&f_heya_su=1&f_otona_su=1&f_s1=0&f_s2=0&f_y1=0&f_y2=0&f_y3=0&f_y4=0&f_camp_id=6108292,0,2026-07-18,8890,8890,0,2026-07-18,kitakyusyu
107728,Ｔａｂｉｓｔ　ホテルテトラ　北九州,https://img.travel.rakuten.co.jp/image/tr/api/re/pvonD/?f_no=107728,https://img.travel.rakuten.co.jp/image/tr/api/re/vFumt/?f_no=107728&f_flg=PLAN,https://img.travel.rakuten.co.jp/image/tr/api/re/WzozX/?noTomariHotel=107728,https://img.travel.rakuten.co.jp/image/tr/api/re/gJNfM/?f_hotel_no=107728,たびすと　ほてるてとら　きたきゅうしゅう,JR小倉駅より徒歩7分の好立地！岩盤サウナ・大浴場完備！コンビニ徒歩0分。ビジネスや観光の拠点におすすめです♪,3800.0,121966.79,471192.41,802-0004,福岡県,北九州市小倉北区鍛冶町1-9-8,093-531-3111,093-531-3190,JR小倉駅より徒歩7分。南口を出てモノレール沿いを進み、交差点左角の福岡ひびき信用金庫より左折。そのまま道なり。,・ホテル周辺にコインパーキングあり,小倉（福岡）,https://img.travel.rakuten.co.jp/share/HOTEL/107728/107728.jpg,https://img.travel.rakuten.co.jp/HIMG/90/107728.jpg,https://img.travel.rakuten.co.jp/share/HOTEL/107728/107728_sin.jpg,https://img.travel.rakuten.co.jp/HIMG/INTERIOR/107728.jpg,https://img.travel.rakuten.co.jp/share/HOTEL/107728/107728map.gif,3259.0,3.68,"部屋は、壁紙が剥がれており、綺麗ではないが、寝るだけなので問題なし。椅子は、…　2026-06-26 23:41:31投稿 <a href=""https://img.travel.rakuten.co.jp/image/tr/api/re/gJNfM/?f_hotel_no=107728"" class=""3click"">つづきはこちら</a>",ns_semid,【禁煙】セミダブルルーム,5537825.0,【わけあり部屋】＜素泊まり＞部屋タイプ・禁煙喫煙など指定不可（※要必読※）,1,0,0,0,0,1,https://img.travel.rakuten.co.jp/image/tr/api/re/IdsCY/?f_no=107728&f_syu=ns_semid&f_hi1=2026-07-18&f_hi2=2026-07-19&f_heya_su=1&f_otona_su=1&f_s1=0&f_s2=0&f_y1=0&f_y2=0&f_y3=0&f_y4=0&f_camp_id=5537825,0,2026-07-18,7800,7800,0,2026-07-18,kitakyusyu
19687,ホテルニューガイア　オームタガーデン,https://img.travel.rakuten.co.jp/image/tr/api/re/pvonD/?f_no=19687,https://img.travel.rakuten.co.jp/image/tr/api/re/vFumt/?f_no=19687&f_flg=PLAN,https://img.travel.rakuten.co.jp/image/tr/api/re/WzozX/?noTomariHotel=19687,https://img.travel.rakuten.co.jp/image/tr/api/re/gJNfM/?f_hotel_no=19687,おーむた　がーでん,宿泊者専用ラウンジのフリーフローサービスが充実！2025年2月1日よりスカイラウンジも全宿泊者対象に！,4900.0,118923.76,469629.25,836-0807,福岡県,大牟田市旭町三丁目3番地3,0944-51-1111,0944-51-0510,天神から西鉄電車特急で60分、西鉄新栄町駅下車徒歩3分/九州道南関ＩＣより車で25分,"有料　120台駐車可　ご宿泊者の方は1泊1,000円にてご利用いただけます。",新栄町（福岡）,https://img.travel.rakuten.co.jp/share/HOTEL/19687/19687.jpg,https://img.travel.rakuten.co.jp/HIMG/90/19687.jpg,https://img.travel.rakuten.co.jp/share/HOTEL/19687/19687_heya1.jpg,https://img.travel.rakuten.co.jp/HIMG/INTERIOR/19687.jpg,https://img.travel.rakuten.co.jp/share/HOTEL/19687/19687map.gif,1304.0,4.02,"建物が重厚。歴史を感じさせる建物でした。館内はきれいに清掃されており居心地よかったです。　2026-07-05 19:28:47投稿 <a href=""https://img.travel.rakuten.co.jp/image/tr/api/re/gJNfM/?f_hotel_no=19687"" class=""3click"">つづきはこちら</a>",sdxns,【禁煙室】デラックスシングル,6504551.0,【楽天トラベルサマーSALE】シンプル stay プラン,1,0,0,0,0,1,https://img.travel.rakuten.co.jp/image/tr/api/re/IdsCY/?f_no=19687&f_syu=sdxns&f_hi1=2026-07-18&f_hi2=2026-07-19&f_heya_su=1&f_otona_su=1&f_s1=0&f_s2=0&f_y1=0&f_y2=0&f_y3=0&f_y4=0&f_camp_id=6504551,0,2026-07-18,8900,8900,0,2026-07-18,chikugo
197684,ホテルルートイン大牟田,https://img.travel.rakuten.co.jp/image/tr/api/re/pvonD/?f_no=197684,https://img.travel.rakuten.co.jp/image/tr/api/re/vFumt/?f_no=197684&f_flg=PLAN,https://img.travel.rakuten.co.jp/image/tr/api/re/WzozX/?noTomariHotel=197684,https://img.travel.rakuten.co.jp/image/tr/api/re/gJNfM/?f_hotel_no=197684,ほてるるーといんおおむた,2025年12月26日OPEN！有明沿岸道大牟田ICから車で約2分！ホテルルートイン大牟田！,6225.0,118906.91,469541.59,836-0037,福岡県,大牟田市岬町6-67,050-5482-7150,0944-54-1002,西鉄大牟田駅から車で約5分、有明沿岸道　大牟田ICから車で約2分,あり　227台　無料　先着順,大牟田,https://img.travel.rakuten.co.jp/share/HOTEL/197684/197684.jpg,https://img.travel.rakuten.co.jp/HIMG/90/197684.jpg,,,https://img.travel.rakuten.co.jp/share/HOTEL/197684/197684map.gif,143.0,4.57,"綺麗でした。　2026-07-04 19:59:05投稿 <a href=""https://img.travel.rakuten.co.jp/image/tr/api/re/gJNfM/?f_hotel_no=197684"" class=""3click"">つづきはこちら</a>",zs,◆加熱式たばこ専用◆シングルルーム,6324537.0,スタンダードプラン【バイキング朝食付き】,1,0,0,1,0,1,https://img.travel.rakuten.co.jp/image/tr/api/re/IdsCY/?f_no=197684&f_syu=zs&f_hi1=2026-07-18&f_hi2=2026-07-19&f_heya_su=1&f_otona_su=1&f_s1=0&f_s2=0&f_y1=0&f_y2=0&f_y3=0&f_y4=0&f_camp_id=6324537,0,2026-07-18,9650,9650,0,2026-07-18,chikugo
10801,ホテルアベニュー筑後,https://img.travel.rakuten.co.jp/image/tr/api/re/pvonD/?f_no=10801,https://img.travel.rakuten.co.jp/image/tr/api/re/vFumt/?f_no=10801&f_flg=PLAN,https://img.travel.rakuten.co.jp/image/tr/api/re/WzozX/?noTomariHotel=10801,https://img.travel.rakuten.co.jp/image/tr/api/re/gJNfM/?f_hotel_no=10801,あべにゅー　ちくご,【2025年12月全館リニューアルオープン】羽犬塚駅より徒歩2分、ゆったりとした雰囲気と温かいサービスのホテル。,3800.0,119541.92,469805.22,833-0031,福岡県,筑後市山ノ井松原213-1,0942-54-2111,0942-54-2121,JR鹿児島本線羽犬塚駅より徒歩1分／博多駅より快速50分／九州新幹線筑後船小屋駅より車で4分／八女ICより車で4分！,駐車場無料(45台・先着順・事前予約不可),羽犬塚,https://img.travel.rakuten.co.jp/share/HOTEL/10801/10801.jpg,https://img.travel.rakuten.co.jp/HIMG/90/10801.jpg,https://img.travel.rakuten.co.jp/share/HOTEL/10801/10801_sig.jpg,https://img.travel.rakuten.co.jp/HIMG/INTERIOR/10801.jpg,https://img.travel.rakuten.co.jp/share/HOTEL/10801/10801map.gif,984.0,3.87,,srns1,【禁煙】スタンダードダブル（1名利用）＜無料Wi−Fi＞,6367093.0,【スタンダードプラン】ビジネス・一人旅に最適◆一泊素泊プラン《駐車場・VOD・Wi-Fi無料》,1,0,0,0,0,1,https://img.travel.rakuten.co.jp/image/tr/api/re/IdsCY/?f_no=10801&f_syu=srns1&f_hi1=2026-07-18&f_hi2=2026-07-19&f_heya_su=1&f_otona_su=1&f_s1=0&f_s2=0&f_y1=0&f_y2=0&f_y3=0&f_y4=0&f_camp_id=6367093,0,2026-07-18,7400,7400,0,2026-07-18,chikugo
153338,ホテルニューガイア　柳川,https://img.travel.rakuten.co.jp/image/tr/api/re/pvonD/?f_no=153338,https://img.travel.rakuten.co.jp/image/tr/api/re/vFumt/?f_no=153338&f_flg=PLAN,https://img.travel.rakuten.co.jp/image/tr/api/re/WzozX/?noTomariHotel=153338,https://img.travel.rakuten.co.jp/image/tr/api/re/gJNfM/?f_hotel_no=153338,にゅーがいあ　やながわ,【大好評】宿泊者専用ラウンジ！西鉄柳川駅より徒歩３分の好立地！川下りの乗船場隣接。,4000.0,119387.57,469511.23,832-0822,福岡県,柳川市三橋町下百町1-14,0944-75-1705,0944-75-1706,西鉄大牟田線　柳川駅より徒歩にて約３分,有り　9台　１，０００円（税込み／泊）　予約不可・先着順,西鉄柳川,https://img.travel.rakuten.co.jp/share/HOTEL/153338/153338.jpg,https://img.travel.rakuten.co.jp/HIMG/90/153338.jpg,,,https://img.travel.rakuten.co.jp/share/HOTEL/153338/153338map.gif,269.0,4.15,"梅雨明け直後の非常に暑い日に利用しました。打ち合わせが予定より早く終わり、チェックイン時間までどう過ごそうか悩んでいましたが、ダメもとでホテルへ伺ったところ、チェックイン時間前にもかかわらず快く部屋へ…　2026-07-10 09:04:01投稿 <a href=""https://img.travel.rakuten.co.jp/image/tr/api/re/gJNfM/?f_hotel_no=153338"" class=""3click"">つづきはこちら</a>",rsd,【電子タバコ可】★リニューアルスタンダードダブル★11平米〜,6494071.0,【楽天トラベルサマーSALE】【素泊り】★シンプル★素泊まりプラン,1,0,0,0,0,1,https://img.travel.rakuten.co.jp/image/tr/api/re/IdsCY/?f_no=153338&f_syu=rsd&f_hi1=2026-07-18&f_hi2=2026-07-19&f_heya_su=1&f_otona_su=1&f_s1=0&f_s2=0&f_y1=0&f_y2=0&f_y3=0&f_y4=0&f_camp_id=6494071,0,2026-07-18,11250,11250,0,2026-07-18,chikugo
161064,ホテルルートイン柳川駅前,https://img.travel.rakuten.co.jp/image/tr/api/re/pvonD/?f_no=161064,https://img.travel.rakuten.co.jp/image/tr/api/re/vFumt/?f_no=161064&f_flg=PLAN,https://img.travel.rakuten.co.jp/image/tr/api/re/WzozX/?noTomariHotel=161064,https://img.travel.rakuten.co.jp/image/tr/api/re/gJNfM/?f_hotel_no=161064,るーといんやながわえきまえ,ＷＯＷＯＷ全室で無料視聴可■VODルームシアター無料視聴可能(一般映画のみ・コンフォートルーム特典）■Wi-Fi利用可,6150.0,119383.85,469521.33,832-0822,福岡県,柳川市三橋町下百町210-10,050-5824-4101,0944-75-1552,西鉄天神大牟田線 西鉄柳川駅東口より徒歩にて約１分／九州自動車道みやま柳川ＩＣより車で約18分,有り　７９台　無料　（先着順）,西鉄柳川,https://img.travel.rakuten.co.jp/share/HOTEL/161064/161064.jpg,https://img.travel.rakuten.co.jp/HIMG/90/161064.jpg,,,https://img.travel.rakuten.co.jp/share/HOTEL/161064/161064map.gif,619.0,4.25,,ns,□禁煙□シングルルーム,3924019.0,スタンダードプラン【大浴場・朝食・Wi-Fi完備・駐車場無料】,1,0,0,1,0,1,https://img.travel.rakuten.co.jp/image/tr/api/re/IdsCY/?f_no=161064&f_syu=ns&f_hi1=2026-07-18&f_hi2=2026-07-19&f_heya_su=1&f_otona_su=1&f_s1=0&f_s2=0&f_y1=0&f_y2=0&f_y3=0&f_y4=0&f_camp_id=3924019,0,2026-07-18,9650,9650,0,2026-07-18,chikugo
3149,八女グリーンホテル,https://img.travel.rakuten.co.jp/image/tr/api/re/pvonD/?f_no=3149,https://img.travel.rakuten.co.jp/image/tr/api/re/vFumt/?f_no=3149&f_flg=PLAN,https://img.travel.rakuten.co.jp/image/tr/api/re/WzozX/?noTomariHotel=3149,https://img.travel.rakuten.co.jp/image/tr/api/re/gJNfM/?f_hotel_no=3149,やめ　ぐりーんほてる,駐車場無料（3ｔ～有料）●展望浴場無料（予約制度あり）●朝食無料●Ｗｉ－Fi完備,5500.0,119544.91,470023.46,834-0031,福岡県,八女市本町47-1,0943-22-2156,0943-24-5896,ＪＲ羽犬塚駅よりバスで１５分（福島バス停より徒歩７分）■八女インターよりお車で １０分■広川インターよりお車で １５分,無料(3ｔ以上は有料1000円) 大型バスは要予約（お断りする場合も有）,羽犬塚,https://img.travel.rakuten.co.jp/share/HOTEL/3149/3149.jpg,https://img.travel.rakuten.co.jp/HIMG/90/3149.jpg,https://img.travel.rakuten.co.jp/share/HOTEL/3149/3149_heya.jpg,https://img.travel.rakuten.co.jp/HIMG/INTERIOR/3149.jpg,https://img.travel.rakuten.co.jp/share/HOTEL/3149/3149map.gif,571.0,3.6,,sb,【喫煙】別館｜シングル,3397554.0,【当日限定】【直前割】空いていればお得にＳＴＡＹ☆ラッキープラン♪ ＜朝食無料＞,1,0,0,1,0,1,https://img.travel.rakuten.co.jp/image/tr/api/re/JlnYS/?f_no=3149&f_syu=sb&f_hi1=2026-07-18&f_hi2=2026-07-19&f_heya_su=1&f_otona_su=1&f_s1=0&f_s2=0&f_y1=0&f_y2=0&f_y3=0&f_y4=0&f_camp_id=3397554,2,2026-07-18,7800,7800,0,2026-07-18,chikugo
197724,ＭＯＮＯＭＩＮＡ　ＨＯＴＥＬ　ｓｔｎ．１,https://img.travel.rakuten.co.jp/image/tr/api/re/pvonD/?f_no=197724,https://img.travel.rakuten.co.jp/image/tr/api/re/vFumt/?f_no=197724&f_flg=PLAN,https://img.travel.rakuten.co.jp/image/tr/api/re/WzozX/?noTomariHotel=197724,https://img.travel.rakuten.co.jp/image/tr/api/re/gJNfM/?f_hotel_no=197724,ものみなほてるすてーしょんわん,大牟田の炭鉱という個性を踏襲した空間で、 その魅力に触れる機会をご提供いたします。,4768.0,118914.67,469608.5,836-0047,福岡県,大牟田市大正町1-3-9,0944-53-3800,0944-53-3807,西鉄天神大牟田線 新栄町駅より徒歩約8分,あり　26台　800円　先着順,新栄町（福岡）,https://img.travel.rakuten.co.jp/share/HOTEL/197724/197724.jpg,https://img.travel.rakuten.co.jp/HIMG/90/197724.jpg,,,https://img.travel.rakuten.co.jp/share/HOTEL/197724/197724map.gif,35.0,4.48,"とても綺麗でした　2026-07-05 18:37:26投稿 <a href=""https://img.travel.rakuten.co.jp/image/tr/api/re/gJNfM/?f_hotel_no=197724"" class=""3click"">つづきはこちら</a>",dbl,ダブルルーム（16平米）ベッド幅140センチ,6434455.0,＜駐車場利用無し＞【直前割】「大牟田駅から徒歩10分」デザイナーズホテル(素泊まり／食事なし),1,0,0,0,0,1,https://img.travel.rakuten.co.jp/image/tr/api/re/IdsCY/?f_no=197724&f_syu=dbl&f_hi1=2026-07-18&f_hi2=2026-07-19&f_heya_su=1&f_otona_su=1&f_s1=0&f_s2=0&f_y1=0&f_y2=0&f_y3=0&f_y4=0&f_camp_id=6434455,0,2026-07-18,8448,8448,0,2026-07-18,chikugo
78158,スマイルホテル福岡大川,https://img.travel.rakuten.co.jp/image/tr/api/re/pvonD/?f_no=78158,https://img.travel.rakuten.co.jp/image/tr/api/re/vFumt/?f_no=78158&f_flg=PLAN,https://img.travel.rakuten.co.jp/image/tr/api/re/WzozX/?noTomariHotel=78158,https://img.travel.rakuten.co.jp/image/tr/api/re/gJNfM/?f_hotel_no=78158,すまいるほてるふくおかおおかわ,久留米・佐賀市内・佐賀空港まで車で25分★大川市中心でビジネスも観光も快適！【駐車場無料】,3420.0,119539.12,469370.39,831-0016,福岡県,大川市酒見105-1,0944-89-1311,0944-89-1313,西鉄柳川駅よりタクシーご利用にて１２分、九州佐賀国際空港より車で２５分、九州新幹線筑後船小屋駅より車で２５分,有り　４０台　無料　予約不要　※満車時は近藤材木店の駐車場へご駐車ください。,西鉄柳川,https://img.travel.rakuten.co.jp/share/HOTEL/78158/78158.jpg,https://img.travel.rakuten.co.jp/HIMG/90/78158.jpg,https://img.travel.rakuten.co.jp/share/HOTEL/78158/78158_sin.jpg,https://img.travel.rakuten.co.jp/HIMG/INTERIOR/78158.jpg,https://img.travel.rakuten.co.jp/share/HOTEL/78158/78158map.gif,335.0,3.76,"又立地も良く、コンビニ、居酒屋等が近くにありコスパ抜群のホテルです。　2026-06-29 17:21:12投稿 <a href=""https://img.travel.rakuten.co.jp/image/tr/api/re/gJNfM/?f_hotel_no=78158"" class=""3click"">つづきはこちら</a>",s,【喫煙】シングルルーム/12平米★シンプル快適ステイ,6492223.0,【楽天トラベルサマーSALE】素泊まり/シンプルステイ★VOD全室無料視聴★コンビニ徒歩2分,1,0,0,0,0,1,https://img.travel.rakuten.co.jp/image/tr/api/re/IdsCY/?f_no=78158&f_syu=s&f_hi1=2026-07-18&f_hi2=2026-07-19&f_heya_su=1&f_otona_su=1&f_s1=0&f_s2=0&f_y1=0&f_y2=0&f_y3=0&f_y4=0&f_camp_id=6492223,0,2026-07-18,6750,6750,0,2026-07-18,chikugo
56158,ニューロイヤルホテル,https://img.travel.rakuten.co.jp/image/tr/api/re/pvonD/?f_no=56158,https://img.travel.rakuten.co.jp/image/tr/api/re/vFumt/?f_no=56158&f_flg=PLAN,https://img.travel.rakuten.co.jp/image/tr/api/re/WzozX/?noTomariHotel=56158,https://img.travel.rakuten.co.jp/image/tr/api/re/gJNfM/?f_hotel_no=56158,にゅーろいやるほてる,西鉄・ＪＲ駅から徒歩１０分。繁華街、飲食店へ歩いて１０分以内で移動できます。,6950.0,118907.23,469611.0,836-0044,福岡県,大牟田市古町2-9,0944-53-2800,0944-53-2855,ＪＲ・西鉄　大牟田駅から徒歩１０分,"21台。普通車500円/泊。大型車1,500円/泊。駐車場予約車1,100円/泊。 防犯カメラ設置",大牟田,https://img.travel.rakuten.co.jp/share/HOTEL/56158/56158.jpg,https://img.travel.rakuten.co.jp/HIMG/90/56158.jpg,https://img.travel.rakuten.co.jp/share/HOTEL/56158/56158_ky.jpg,https://img.travel.rakuten.co.jp/HIMG/INTERIOR/56158.jpg,https://img.travel.rakuten.co.jp/share/HOTEL/56158/56158map.gif,380.0,3.47,"今度は朝食を頂きたいです。　2026-06-13 17:56:22投稿 <a href=""https://img.travel.rakuten.co.jp/image/tr/api/re/gJNfM/?f_hotel_no=56158"" class=""3click"">つづきはこちら</a>",ss,◆◇シングル◆◇禁煙,6445652.0,【決算最安値セール】　シングル禁煙　素泊まりプラン　通常7600円→6950円！,1,0,0,0,0,1,https://img.travel.rakuten.co.jp/image/tr/api/re/IdsCY/?f_no=56158&f_syu=ss&f_hi1=2026-07-18&f_hi2=2026-07-19&f_heya_su=1&f_otona_su=1&f_s1=0&f_s2=0&f_y1=0&f_y2=0&f_y3=0&f_y4=0&f_camp_id=6445652,0,2026-07-18,6950,6950,0,2026-07-18,chikugo
145477,大川リバーサイドホテル,https://img.travel.rakuten.co.jp/image/tr/api/re/pvonD/?f_no=145477,https://img.travel.rakuten.co.jp/image/tr/api/re/vFumt/?f_no=145477&f_flg=PLAN,https://img.travel.rakuten.co.jp/image/tr/api/re/WzozX/?noTomariHotel=145477,https://img.travel.rakuten.co.jp/image/tr/api/re/gJNfM/?f_hotel_no=145477,おおかわりばーさいどほてる,佐賀市内へ車で約２０分。柳川市内へ車で約１５分。福岡市内へ車で約１時間半。 ビジネスや観光に是非ご利用下さい。,4400.0,119532.84,469367.41,831-0004,福岡県,大川市榎津218-1,0944-86-2200,0944-86-2201,西鉄柳川駅から車で１５分、九州佐賀国際空港から車で２５分、ＪＲ佐賀駅から車で２５分,有り　２２台　無料(先着順）,西鉄柳川,https://img.travel.rakuten.co.jp/share/HOTEL/145477/145477.jpg,https://img.travel.rakuten.co.jp/HIMG/90/145477.jpg,https://img.travel.rakuten.co.jp/share/HOTEL/145477/145477_kan1.jpg,https://img.travel.rakuten.co.jp/HIMG/INTERIOR/145477.jpg,https://img.travel.rakuten.co.jp/share/HOTEL/145477/145477map.gif,166.0,3.98,"大川を訪問する時は、いつも利用させて頂いています。大川市の中心にあり便利で、部屋は清潔で心地よく過ごせます。　2026-07-04 13:03:50投稿 <a href=""https://img.travel.rakuten.co.jp/image/tr/api/re/gJNfM/?f_hotel_no=145477"" class=""3click"">つづきはこちら</a>",nds,【禁煙】デラックスシングル (佐賀・柳川でのビジネスに♪),4312174.0,【Okawa Riverside Hotel】スタンダードプラン／朝食和洋バイキング無料 ,1,0,0,1,0,1,https://img.travel.rakuten.co.jp/image/tr/api/re/IdsCY/?f_no=145477&f_syu=nds&f_hi1=2026-07-18&f_hi2=2026-07-19&f_heya_su=1&f_otona_su=1&f_s1=0&f_s2=0&f_y1=0&f_y2=0&f_y3=0&f_y4=0&f_camp_id=4312174,0,2026-07-18,7500,7500,0,2026-07-18,chikugo
147664,ビジネスインこめや,https://img.travel.rakuten.co.jp/image/tr/api/re/pvonD/?f_no=147664,https://img.travel.rakuten.co.jp/image/tr/api/re/vFumt/?f_no=147664&f_flg=PLAN,https://img.travel.rakuten.co.jp/image/tr/api/re/WzozX/?noTomariHotel=147664,https://img.travel.rakuten.co.jp/image/tr/api/re/gJNfM/?f_hotel_no=147664,びじねすいんこめや,大牟田駅から徒歩２分のビジネスホテルです☆繁華街まで徒歩１０分圏内。自転車貸出、マンガ本貸出無料！無料Wi-Fi完備！,3300.0,118898.73,469597.68,836-0047,福岡県,大牟田市大正町4-2-2,0944-31-3328,0944-31-4306,大牟田駅西口(西鉄側)を出て駅を背にまっすぐ歩いて２分ほどです。,無料駐車場有り。予約画面にて、車のナンバー（最後の４ケタと地方）を備考欄に記入してください。,大牟田,https://img.travel.rakuten.co.jp/share/HOTEL/147664/147664.jpg,https://img.travel.rakuten.co.jp/HIMG/90/147664.jpg,,,https://img.travel.rakuten.co.jp/share/HOTEL/147664/147664map.gif,136.0,3.73,"価格は安くて、立地も良く、部屋はキレイです。広くはありませんが、寝るだけだったので問題はありませんでした。駐車場は近くにありました。また利用したいと思います。　2026-07-12 18:28:36投稿 <a href=""https://img.travel.rakuten.co.jp/image/tr/api/re/gJNfM/?f_hotel_no=147664"" class=""3click"">つづきはこちら</a>",aabbcc918,ツインルーム（禁煙）,6495924.0,【荒尾店OPEN特別価格】ツインルーム（禁煙）【期間限定】※大牟田のホテルの予約ページです,1,0,0,0,0,1,https://img.travel.rakuten.co.jp/image/tr/api/re/IdsCY/?f_no=147664&f_syu=aabbcc918&f_hi1=2026-07-18&f_hi2=2026-07-19&f_heya_su=1&f_otona_su=1&f_s1=0&f_s2=0&f_y1=0&f_y2=0&f_y3=0&f_y4=0&f_camp_id=6495924,0,2026-07-18,5300,5300,0,2026-07-18,chikugo
149349,ＨＯＴＥＬ　ＡＺ　福岡大川店,https://img.travel.rakuten.co.jp/image/tr/api/re/pvonD/?f_no=149349,https://img.travel.rakuten.co.jp/image/tr/api/re/vFumt/?f_no=149349&f_flg=PLAN,https://img.travel.rakuten.co.jp/image/tr/api/re/WzozX/?noTomariHotel=149349,https://img.travel.rakuten.co.jp/image/tr/api/re/gJNfM/?f_hotel_no=149349,ほてる　えーぜっと　ふくおかおおかわてん,朝食無料・駐車場無料・インターネット接続無料,4820.0,119461.32,469406.87,831-0026,福岡県,大川市三丸1375-6,0944-89-3311,0944-89-3302,西鉄柳川駅より車で約９分。八女ＩＣより車で約３０分。　九州佐賀国際空港より車で約30分,無料駐車場91台あり　普通車：予約不要 、中型車・大型車：要予約,西鉄柳川,https://img.travel.rakuten.co.jp/share/HOTEL/149349/149349.jpg,https://img.travel.rakuten.co.jp/HIMG/90/149349.jpg,https://img.travel.rakuten.co.jp/share/HOTEL/149349/149349_kan1.jpg,https://img.travel.rakuten.co.jp/HIMG/INTERIOR/149349.jpg,https://img.travel.rakuten.co.jp/share/HOTEL/149349/149349map.gif,112.0,4.04,"朝食が気に入りました、味噌汁の味付けが抜群、明太子も食べれて満足です。　2026-07-13 19:53:35投稿 <a href=""https://img.travel.rakuten.co.jp/image/tr/api/re/gJNfM/?f_hotel_no=149349"" class=""3click"">つづきはこちら</a>",s,【喫煙】シングル,6385999.0,【宿泊税込】スタンダードプラン（朝食サービス）,1,0,0,1,0,1,https://img.travel.rakuten.co.jp/image/tr/api/re/IdsCY/?f_no=149349&f_syu=s&f_hi1=2026-07-18&f_hi2=2026-07-19&f_heya_su=1&f_otona_su=1&f_s1=0&f_s2=0&f_y1=0&f_y2=0&f_y3=0&f_y4=0&f_camp_id=6385999,0,2026-07-18,6580,6580,0,2026-07-18,chikugo
196668,Ｐｒｅｃｉｏｕｓ　ＣＡＢＩＮ　キャビン型カプセルホテル,https://img.travel.rakuten.co.jp/image/tr/api/re/pvonD/?f_no=196668,https://img.travel.rakuten.co.jp/image/tr/api/re/vFumt/?f_no=196668&f_flg=PLAN,,https://img.travel.rakuten.co.jp/image/tr/api/re/gJNfM/?f_hotel_no=196668,ぷれしゃすきゃびん　きゃびんがたかぷせるほてる,九州最多の4種のサウナや温泉、リラクゼーションルーム使い放題！充実のキャビンライフが過ごせます♪コワーキングにも◎,5520.0,118834.91,469694.1,836-0895,福岡県,大牟田市新勝立町6-37,0944-53-8126,--,博多駅もしくは天神駅から電車で約1時間　大牟田駅下車　そこから車で約10分,あり　240台　無料　予約不要,大牟田,https://img.travel.rakuten.co.jp/share/HOTEL/196668/196668.jpg,https://img.travel.rakuten.co.jp/HIMG/90/196668.jpg,,,https://img.travel.rakuten.co.jp/share/HOTEL/196668/196668map.gif,25.0,4.13,"夕食の最高ちゃんぽんがおいしい！　2026-07-11 12:34:45投稿 <a href=""https://img.travel.rakuten.co.jp/image/tr/api/re/gJNfM/?f_hotel_no=196668"" class=""3click"">つづきはこちら</a>",1,＜男女兼用＞キャビン,6394409.0,【楽天トラベルサマーSALE】個室感覚でリーズナブルなキャビンステイ＜朝カレー無料＞,1,0,0,1,0,2,https://img.travel.rakuten.co.jp/image/tr/api/re/IdsCY/?f_no=196668&f_syu=1&f_hi1=2026-07-18&f_hi2=2026-07-19&f_heya_su=1&f_otona_su=1&f_s1=0&f_s2=0&f_y1=0&f_y2=0&f_y3=0&f_y4=0&f_camp_id=6394409,0,2026-07-18,5690,5690,0,2026-07-18,chikugo
56969,ビジネスｉｎn　清風荘,https://img.travel.rakuten.co.jp/image/tr/api/re/pvonD/?f_no=56969,https://img.travel.rakuten.co.jp/image/tr/api/re/vFumt/?f_no=56969&f_flg=PLAN,https://img.travel.rakuten.co.jp/image/tr/api/re/WzozX/?noTomariHotel=56969,https://img.travel.rakuten.co.jp/image/tr/api/re/gJNfM/?f_hotel_no=56969,びじねすいん　せいふうそう,"家庭的な雰囲気のビジネスホテル。長期滞在,スポーツの合宿等にも便利 で、お部屋もホテルタイプと旅館タイプがございます。",2950.0,119520.31,469366.43,831-0004,福岡県,大川市榎津295-4,0944-86-5513,0944-86-5496,西鉄　柳川駅より車で１５分／ＪＲ　佐賀駅より車で２5分/ホークスベースボールパーク、筑後広域公園運動場から車で２０分,有り　１５台　無料　予約不要,西鉄柳川,https://img.travel.rakuten.co.jp/share/HOTEL/56969/56969.jpg,https://img.travel.rakuten.co.jp/HIMG/90/56969.jpg,,,https://img.travel.rakuten.co.jp/share/HOTEL/56969/56969map.gif,86.0,4.0,"近くにはセブン、ミニストップ、マック、ケンタッキー、にしてつストア、ルミエールやト…　2026-06-24 20:36:43投稿 <a href=""https://img.travel.rakuten.co.jp/image/tr/api/re/gJNfM/?f_hotel_no=56969"" class=""3click"">つづきはこちら</a>",2, エコノミータイプ（バス、トイレ付）和室、和洋室、ベッド,5950233.0,エコノミータイプ（バス、トイレ付）和室、又は和洋室===朝食付===,1,0,0,1,0,1,https://img.travel.rakuten.co.jp/image/tr/api/re/IdsCY/?f_no=56969&f_syu=2&f_hi1=2026-07-18&f_hi2=2026-07-19&f_heya_su=1&f_otona_su=1&f_s1=0&f_s2=0&f_y1=0&f_y2=0&f_y3=0&f_y4=0&f_camp_id=5950233,0,2026-07-18,5250,5250,0,2026-07-18,chikugo
18461,柳川ビジネスホテル,https://img.travel.rakuten.co.jp/image/tr/api/re/pvonD/?f_no=18461,https://img.travel.rakuten.co.jp/image/tr/api/re/vFumt/?f_no=18461&f_flg=PLAN,https://img.travel.rakuten.co.jp/image/tr/api/re/WzozX/?noTomariHotel=18461,https://img.travel.rakuten.co.jp/image/tr/api/re/gJNfM/?f_hotel_no=18461,やながわ　びじねすほてる,西鉄柳川駅より徒歩５分　｢川下り」乗船場にも隣接してビジネスにも観光にも最適です！　Wi-Fi全室無料♪駐車場無料♪,4800.0,119393.49,469510.22,832-0826,福岡県,柳川市三橋町高畑243-1,0944-74-1500,0944-72-4268,西鉄柳川駅より徒歩5分/九州自動車道みやま柳川ＩＣより車で約１０分,有り　２０台無料,西鉄柳川,https://img.travel.rakuten.co.jp/share/HOTEL/18461/18461.jpg,https://img.travel.rakuten.co.jp/HIMG/90/18461.jpg,https://img.travel.rakuten.co.jp/share/HOTEL/18461/18461_r.jpg,https://img.travel.rakuten.co.jp/HIMG/INTERIOR/18461.jpg,https://img.travel.rakuten.co.jp/share/HOTEL/18461/18461map.gif,137.0,3.4,"お風呂のお湯が出ない。フロントに電話しても、「出るはずですけど」で終わり。　2026-05-22 17:52:11投稿 <a href=""https://img.travel.rakuten.co.jp/image/tr/api/re/gJNfM/?f_hotel_no=18461"" class=""3click"">つづきはこちら</a>",sk,スタンダードシングル【禁煙】,6422788.0,【夏SALE】添い寝でお得に！プラン,1,0,0,0,0,0,https://img.travel.rakuten.co.jp/image/tr/api/re/IdsCY/?f_no=18461&f_syu=sk&f_hi1=2026-07-18&f_hi2=2026-07-19&f_heya_su=1&f_otona_su=1&f_s1=0&f_s2=0&f_y1=0&f_y2=0&f_y3=0&f_y4=0&f_camp_id=6422788,0,2026-07-18,5980,5980,0,2026-07-18,chikugo
78146,ビジネス　ホテル　まゆみ,https://img.travel.rakuten.co.jp/image/tr/api/re/pvonD/?f_no=78146,https://img.travel.rakuten.co.jp/image/tr/api/re/vFumt/?f_no=78146&f_flg=PLAN,https://img.travel.rakuten.co.jp/image/tr/api/re/WzozX/?noTomariHotel=78146,https://img.travel.rakuten.co.jp/image/tr/api/re/gJNfM/?f_hotel_no=78146,まゆみ,【九州旅行応援クーポン発行中!!】飲食店街中心部★　一度チェックインすれば門限なし,3250.0,118910.66,469611.54,836-0046,福岡県,大牟田市本町2-1-9,0944-52-5989,0944-52-6034,福岡空港からは地下鉄で2駅　東比恵　博多駅　大牟田駅JR　空港から地下鉄で　西鉄電車大牟田線　どちらもバスも運行あり,有り　８台から１０台　 ,大牟田,https://img.travel.rakuten.co.jp/share/HOTEL/78146/78146.jpg,https://img.travel.rakuten.co.jp/HIMG/90/78146.jpg,https://img.travel.rakuten.co.jp/share/HOTEL/78146/78146_kya.jpg,https://img.travel.rakuten.co.jp/HIMG/INTERIOR/78146.jpg,https://img.travel.rakuten.co.jp/share/HOTEL/78146/78146map.gif,119.0,3.67,"基本的なタオルや寝間着はありますが、リンスインシャンプーしかなかったため、気になる方は買ってから行くことをおすすめします。　2026-03-03 20:40:20投稿 <a href=""https://img.travel.rakuten.co.jp/image/tr/api/re/gJNfM/?f_hotel_no=78146"" class=""3click"">つづきはこちら</a>",sn1,【禁煙】限定！セミダブル使用　バストイレ　WI=FI完備,3351767.0, ポイント10倍【素泊まり】大牟田駅徒歩7分飲食店中心部あり　　WI-FI　バストイレ完備,10,0,0,0,0,2,https://img.travel.rakuten.co.jp/image/tr/api/re/IdsCY/?f_no=78146&f_syu=sn1&f_hi1=2026-07-18&f_hi2=2026-07-19&f_heya_su=1&f_otona_su=1&f_s1=0&f_s2=0&f_y1=0&f_y2=0&f_y3=0&f_y4=0&f_camp_id=3351767,0,2026-07-18,5500,5500,0,2026-07-18,chikugo
200243,ＨＩＲＡＲＩ柳川　＾,https://img.travel.rakuten.co.jp/image/tr/api/re/pvonD/?f_no=200243,https://img.travel.rakuten.co.jp/image/tr/api/re/vFumt/?f_no=200243&f_flg=PLAN,,https://img.travel.rakuten.co.jp/image/tr/api/re/gJNfM/?f_hotel_no=200243,, ,10672.0,119378.22,469534.38,832-0827,福岡県,柳川市三橋町蒲船津1403-11,090-9659-7651,00-0000-0000,西鉄柳川駅から徒歩で3分,あり,西鉄柳川,https://img.travel.rakuten.co.jp/share/HOTEL/200243/200243.jpg,https://img.travel.rakuten.co.jp/HIMG/90/200243.jpg,,,https://img.travel.rakuten.co.jp/share/HOTEL/200243/200243map.gif,,,,1554208_10,一戸建て,6477010.0,【新規OPEN記念価格】プール付きヴィラ 今だけ特別価格 1日1組限定,1,0,0,0,0,2,https://img.travel.rakuten.co.jp/image/tr/api/re/IdsCY/?f_no=200243&f_syu=1554208_10&f_hi1=2026-07-18&f_hi2=2026-07-19&f_heya_su=1&f_otona_su=1&f_s1=0&f_s2=0&f_y1=0&f_y2=0&f_y3=0&f_y4=0&f_camp_id=6477010,0,2026-07-18,81200,81200,0,2026-07-18,chikugo
186646,別荘　大川家　一棟貸しの宿九州旅行に便利な宿　＾,https://img.travel.rakuten.co.jp/image/tr/api/re/pvonD/?f_no=186646,https://img.travel.rakuten.co.jp/image/tr/api/re/vFumt/?f_no=186646&f_flg=PLAN,,https://img.travel.rakuten.co.jp/image/tr/api/re/gJNfM/?f_hotel_no=186646,,　,12760.0,119524.4,469385.49,831-0004,福岡県,大川市榎津111-3　大川家　ｏｋａｗａｙａ,080-3949-7326,000-000-0000,蒲池駅から車で約１０分,有り,蒲池（福岡）,https://img.travel.rakuten.co.jp/share/HOTEL/186646/186646.jpg,https://img.travel.rakuten.co.jp/HIMG/90/186646.jpg,,,https://img.travel.rakuten.co.jp/share/HOTEL/186646/186646map.gif,,,,649372_8,一戸建て,6302808.0,一棟貸し プライベート宿,1,0,0,0,0,2,https://img.travel.rakuten.co.jp/image/tr/api/re/IdsCY/?f_no=186646&f_syu=649372_8&f_hi1=2026-07-18&f_hi2=2026-07-19&f_heya_su=1&f_otona_su=1&f_s1=0&f_s2=0&f_y1=0&f_y2=0&f_y3=0&f_y4=0&f_camp_id=6302808,0,2026-07-18,37120,37120,0,2026-07-18,chikugo
129992,おおむたハイツ,https://img.travel.rakuten.co.jp/image/tr/api/re/pvonD/?f_no=129992,https://img.travel.rakuten.co.jp/image/tr/api/re/vFumt/?f_no=129992&f_flg=PLAN,https://img.travel.rakuten.co.jp/image/tr/api/re/WzozX/?noTomariHotel=129992,https://img.travel.rakuten.co.jp/image/tr/api/re/gJNfM/?f_hotel_no=129992,おおむたはいつ,グリーンランドまで30分圏内！ファミリーフレンドリーな絶景温泉宿,5340.0,119035.97,469654.36,837-0905,福岡県,大牟田市甘木甘木山1203-116,0944-58-3497,0944-58-7069,「大牟田駅（ＪＲ・西鉄）」よりタクシーで約15分、九州自動車道「南関ＩＣ」よりお車で約10分,有り　２００台　無料　予約不要,,https://img.travel.rakuten.co.jp/share/HOTEL/129992/129992.jpg,https://img.travel.rakuten.co.jp/HIMG/90/129992.jpg,https://img.travel.rakuten.co.jp/share/HOTEL/129992/129992_you.jpg,https://img.travel.rakuten.co.jp/HIMG/INTERIOR/129992.jpg,https://img.travel.rakuten.co.jp/share/HOTEL/129992/129992map.gif,136.0,4.0,"室内は綺麗にされており、丁度夕日が見え海に沈んでいく所で綺麗で…　2026-04-26 11:51:51投稿 <a href=""https://img.travel.rakuten.co.jp/image/tr/api/re/gJNfM/?f_hotel_no=129992"" class=""3click"">つづきはこちら</a>",wa,【和室-7.5畳-】ホッとくつろぐ癒しの時間,4587378.0,【素泊まり】旅は自分Timeで気ままに過ごす♪温泉大浴場＆駐車場無料で快適な旅を,1,0,0,0,0,1,https://img.travel.rakuten.co.jp/image/tr/api/re/IdsCY/?f_no=129992&f_syu=wa&f_hi1=2026-07-18&f_hi2=2026-07-19&f_heya_su=1&f_otona_su=1&f_s1=0&f_s2=0&f_y1=0&f_y2=0&f_y3=0&f_y4=0&f_camp_id=4587378,0,2026-07-18,7350,7350,0,2026-07-18,chikugo
191089,エンパイアスカイリッジホテル／民泊,https://img.travel.rakuten.co.jp/image/tr/api/re/pvonD/?f_no=191089,https://img.travel.rakuten.co.jp/image/tr/api/re/vFumt/?f_no=191089&f_flg=PLAN,,https://img.travel.rakuten.co.jp/image/tr/api/re/gJNfM/?f_hotel_no=191089,,　,8700.0,119662.33,469837.89,833-0001,福岡県,筑後市一条1327-1　エンパイア・スカイリッジホテル,090-9659-7651,000-000-0000,西牟田駅から徒歩で約４分,有り,西牟田,https://img.travel.rakuten.co.jp/share/HOTEL/191089/191089.jpg,https://img.travel.rakuten.co.jp/HIMG/90/191089.jpg,,,https://img.travel.rakuten.co.jp/share/HOTEL/191089/191089map.gif,1.0,,,r20511_2,ROOM本社ビル602,6461824.0,【1LDK 】ゆったりマンションステイ,1,0,0,0,0,2,https://img.travel.rakuten.co.jp/image/tr/api/re/IdsCY/?f_no=191089&f_syu=r20511_2&f_hi1=2026-07-18&f_hi2=2026-07-19&f_heya_su=1&f_otona_su=1&f_s1=0&f_s2=0&f_y1=0&f_y2=0&f_y3=0&f_y4=0&f_camp_id=6461824,0,2026-07-18,19720,19720,0,2026-07-18,chikugo
104773,旅館白秀,https://img.travel.rakuten.co.jp/image/tr/api/re/pvonD/?f_no=104773,https://img.travel.rakuten.co.jp/image/tr/api/re/vFumt/?f_no=104773&f_flg=PLAN,https://img.travel.rakuten.co.jp/image/tr/api/re/WzozX/?noTomariHotel=104773,https://img.travel.rakuten.co.jp/image/tr/api/re/gJNfM/?f_hotel_no=104773,りょかんはくしゅう,駅 市街地近し！！★スーパー・コインランドリー徒歩１分★コンビニ至近★短期・長期滞在に最適★駐車場完備,4500.0,118877.61,469608.48,836-0861,福岡県,大牟田市宝坂町1-2-5,0944-54-2807,0944-56-7012,西鉄、ＪＲ　大牟田駅より徒歩にて５分／南関インターより２０分,有り１４台 無料 大型車は要連絡,大牟田,https://img.travel.rakuten.co.jp/share/HOTEL/104773/104773.jpg,https://img.travel.rakuten.co.jp/HIMG/90/104773.jpg,https://img.travel.rakuten.co.jp/share/HOTEL/104773/104773_ru.jpg,https://img.travel.rakuten.co.jp/HIMG/INTERIOR/104773.jpg,https://img.travel.rakuten.co.jp/share/HOTEL/104773/104773map.gif,84.0,4.63,"猫がいるのでアレルギーある方は避けたほうがいいでしょう　2026-04-29 07:28:08投稿 <a href=""https://img.travel.rakuten.co.jp/image/tr/api/re/gJNfM/?f_hotel_no=104773"" class=""3click"">つづきはこちら</a>",toirenashi,訳あり特価！シャワー付き6畳和室,,,1,0,0,0,0,1,https://img.travel.rakuten.co.jp/image/tr/api/re/IdsCY/?f_no=104773&f_syu=toirenashi&f_hi1=2026-07-18&f_hi2=2026-07-19&f_heya_su=1&f_otona_su=1&f_s1=0&f_s2=0&f_y1=0&f_y2=0&f_y3=0&f_y4=0,1,2026-07-18,4800,4800,0,2026-07-18,chikugo
13423,ビジネスホテル　わらじ家本館,https://img.travel.rakuten.co.jp/image/tr/api/re/pvonD/?f_no=13423,https://img.travel.rakuten.co.jp/image/tr/api/re/vFumt/?f_no=13423&f_flg=PLAN,https://img.travel.rakuten.co.jp/image/tr/api/re/WzozX/?noTomariHotel=13423,https://img.travel.rakuten.co.jp/image/tr/api/re/gJNfM/?f_hotel_no=13423,わらじや　ほんかん,清潔、閑静な宿。家族的なおもてなし。,3300.0,118902.67,469626.04,8360837,福岡県,大牟田市谷町2-6,0944-52-3184,0944-52-3197,『JR大牟田駅』より徒歩8分／九州自動車道『南関IC』より車で20分,無料駐車場15台有り（先着順）,大牟田,https://img.travel.rakuten.co.jp/share/HOTEL/13423/13423.jpg,https://img.travel.rakuten.co.jp/HIMG/90/13423.jpg,https://img.travel.rakuten.co.jp/share/HOTEL/13423/13423_w.jpg,https://img.travel.rakuten.co.jp/HIMG/INTERIOR/13423.jpg,https://img.travel.rakuten.co.jp/share/HOTEL/13423/13423map.gif,129.0,3.1,,wa8,和室,,,1,0,0,0,0,1,https://img.travel.rakuten.co.jp/image/tr/api/re/IdsCY/?f_no=13423&f_syu=wa8&f_hi1=2026-07-18&f_hi2=2026-07-19&f_heya_su=1&f_otona_su=1&f_s1=0&f_s2=0&f_y1=0&f_y2=0&f_y3=0&f_y4=0,1,2026-07-18,5170,5170,0,2026-07-18,chikugo
40540,料亭　旅館　三川屋,https://img.travel.rakuten.co.jp/image/tr/api/re/pvonD/?f_no=40540,https://img.travel.rakuten.co.jp/image/tr/api/re/vFumt/?f_no=40540&f_flg=PLAN,https://img.travel.rakuten.co.jp/image/tr/api/re/WzozX/?noTomariHotel=40540,https://img.travel.rakuten.co.jp/image/tr/api/re/gJNfM/?f_hotel_no=40540,りょうてい　りょかん　みかわや,2024年10月リニューアルオープン！筑後川や有明海に育まれた、大川の名物料理を堪能できる料亭・旅館,5390.0,119561.49,469332.07,831-0005,福岡県,大川市大字向島2222,0944-87-3155,0944-87-2925,西鉄柳川駅よりバス25分/JR佐賀駅よりバス25分(バス停「大川橋」より徒歩5分）、佐賀空港より車20分,有：50台　無料　※お車でお越しの方は、ご予約時に備考欄にてお知らせください。,西鉄柳川,https://img.travel.rakuten.co.jp/share/HOTEL/40540/40540.jpg,https://img.travel.rakuten.co.jp/HIMG/90/40540.jpg,https://img.travel.rakuten.co.jp/share/HOTEL/40540/40540_kya.jpg,https://img.travel.rakuten.co.jp/HIMG/INTERIOR/40540.jpg,https://img.travel.rakuten.co.jp/share/HOTEL/40540/40540map.gif,24.0,4.9,"また、機会があれば利用したいと思います。　2026-05-12 01:49:25投稿 <a href=""https://img.travel.rakuten.co.jp/image/tr/api/re/gJNfM/?f_hotel_no=40540"" class=""3click"">つづきはこちら</a>",10,【禁煙】スタンダードダブル（シャワーブース付）,6050302.0,【シンプルステイ×素泊り】筑後川の豊かな自然で癒やしのひとときを◆無料駐車場完備,1,0,0,0,0,1,https://img.travel.rakuten.co.jp/image/tr/api/re/IdsCY/?f_no=40540&f_syu=10&f_hi1=2026-07-18&f_hi2=2026-07-19&f_heya_su=1&f_otona_su=1&f_s1=0&f_s2=0&f_y1=0&f_y2=0&f_y3=0&f_y4=0&f_camp_id=6050302,0,2026-07-18,9440,9440,0,2026-07-18,chikugo
3101,久留米ステーションホテル,https://img.travel.rakuten.co.jp/image/tr/api/re/pvonD/?f_no=3101,https://img.travel.rakuten.co.jp/image/tr/api/re/vFumt/?f_no=3101&f_flg=PLAN,https://img.travel.rakuten.co.jp/image/tr/api/re/WzozX/?noTomariHotel=3101,https://img.travel.rakuten.co.jp/image/tr/api/re/gJNfM/?f_hotel_no=3101,くるめ　すてーしょんほてる,JR久留米駅前アクセス良好、駐車場無料（先着40台）,3800.0,119938.37,469819.09,830-0023,福岡県,久留米市中央町2-14,0942-36-1122,0942-36-0459,JR久留米駅前アクセス良好！（JR久留米駅東口から徒歩１分）,有り　４０台　無料（先着順）,久留米,https://img.travel.rakuten.co.jp/share/HOTEL/3101/3101.jpg,https://img.travel.rakuten.co.jp/HIMG/90/3101.jpg,https://img.travel.rakuten.co.jp/share/HOTEL/3101/3101_room.jpg,https://img.travel.rakuten.co.jp/HIMG/INTERIOR/3101.jpg,https://img.travel.rakuten.co.jp/share/HOTEL/3101/3101map.gif,1465.0,3.95,,sn,禁煙シングル,3274004.0,★シングルプラン  ♪JR久留米駅徒歩１分♪駐車場無料♪（先着順）,1,0,0,0,0,1,https://img.travel.rakuten.co.jp/image/tr/api/re/IdsCY/?f_no=3101&f_syu=sn&f_hi1=2026-07-18&f_hi2=2026-07-19&f_heya_su=1&f_otona_su=1&f_s1=0&f_s2=0&f_y1=0&f_y2=0&f_y3=0&f_y4=0&f_camp_id=3274004,0,2026-07-18,9800,9800,0,2026-07-18,kurume
178227,ザ・セレクトン久留米,https://img.travel.rakuten.co.jp/image/tr/api/re/pvonD/?f_no=178227,https://img.travel.rakuten.co.jp/image/tr/api/re/vFumt/?f_no=178227&f_flg=PLAN,https://img.travel.rakuten.co.jp/image/tr/api/re/WzozX/?noTomariHotel=178227,https://img.travel.rakuten.co.jp/image/tr/api/re/gJNfM/?f_hotel_no=178227,ざ　せれくとん　くるめ,西鉄久留米駅より徒歩7分と福岡市内からのアクセス便利★男女別大浴場あり★全室禁煙＆Bluetoothスピーカー完備で快適,3170.0,119906.32,469859.98,830-0031,福岡県,久留米市六ツ門町17-30,0942-40-5020,0942-27-8641,●西鉄久留米駅より徒歩約7分 ●JR久留米駅より車で約5分 ●西鉄バス「六ッ門・シティプラザ前」バス停より徒歩約5分,駐車台数に限りがございます（5台）※満車時は近隣コインパーキングをご案内しております。（提携なし）,西鉄久留米,https://img.travel.rakuten.co.jp/share/HOTEL/178227/178227.jpg,https://img.travel.rakuten.co.jp/HIMG/90/178227.jpg,,,https://img.travel.rakuten.co.jp/share/HOTEL/178227/178227map.gif,592.0,3.96,"カレーあるのほんまに嬉しいです☺️☺️☺️　2026-07-16 14:32:58投稿 <a href=""https://img.travel.rakuten.co.jp/image/tr/api/re/gJNfM/?f_hotel_no=178227"" class=""3click"">つづきはこちら</a>",dbr,スタンダードダブル（禁煙）,4599006.0,【素泊り】スタンダードプラン 無料夕食あり！WiFi完備＆男女別大浴場で快適ステイ ビジネスに最適！,1,0,0,0,0,1,https://img.travel.rakuten.co.jp/image/tr/api/re/IdsCY/?f_no=178227&f_syu=dbr&f_hi1=2026-07-18&f_hi2=2026-07-19&f_heya_su=1&f_otona_su=1&f_s1=0&f_s2=0&f_y1=0&f_y2=0&f_y3=0&f_y4=0&f_camp_id=4599006,0,2026-07-18,15500,15500,0,2026-07-18,kurume
196704,いやし処ほてる寛楽　久留米駅前,https://img.travel.rakuten.co.jp/image/tr/api/re/pvonD/?f_no=196704,https://img.travel.rakuten.co.jp/image/tr/api/re/vFumt/?f_no=196704&f_flg=PLAN,https://img.travel.rakuten.co.jp/image/tr/api/re/WzozX/?noTomariHotel=196704,https://img.travel.rakuten.co.jp/image/tr/api/re/gJNfM/?f_hotel_no=196704,いやしどころほてる かんらく くるめえきまえ,日本を感じる「和」の雰囲気と「洋」の快適さを持ち お客様に「寛ぎ」と「楽しさ」をお届けします。,3460.0,119923.14,469881.24,830-0018,福岡県,久留米市通町108-4,0942-48-3388,0942-48-3308,西鉄久留米駅より車で4分　徒歩7分,なし,西鉄久留米,https://img.travel.rakuten.co.jp/share/HOTEL/196704/196704.jpg,https://img.travel.rakuten.co.jp/HIMG/90/196704.jpg,,,https://img.travel.rakuten.co.jp/share/HOTEL/196704/196704map.gif,157.0,4.07,"それから、18時から20時でカレーサービスがあり、初めて頂きましたが、こちらも非常に美味しかったです。　2026-06-26 15:07:02投稿 <a href=""https://img.travel.rakuten.co.jp/image/tr/api/re/gJNfM/?f_hotel_no=196704"" class=""3click"">つづきはこちら</a>",stdouble,スタンダードダブル,6256299.0,【素泊り】スタンダードプラン★無料夕食あり！Wi-Fi＆男女別大浴場完備  ビジネスに最適♪,1,0,0,0,0,1,https://img.travel.rakuten.co.jp/image/tr/api/re/IdsCY/?f_no=196704&f_syu=stdouble&f_hi1=2026-07-18&f_hi2=2026-07-19&f_heya_su=1&f_otona_su=1&f_s1=0&f_s2=0&f_y1=0&f_y2=0&f_y3=0&f_y4=0&f_camp_id=6256299,0,2026-07-18,13100,13100,0,2026-07-18,kurume
8080,ビジネスイン・シーガル,https://img.travel.rakuten.co.jp/image/tr/api/re/pvonD/?f_no=8080,https://img.travel.rakuten.co.jp/image/tr/api/re/vFumt/?f_no=8080&f_flg=PLAN,https://img.travel.rakuten.co.jp/image/tr/api/re/WzozX/?noTomariHotel=8080,https://img.travel.rakuten.co.jp/image/tr/api/re/gJNfM/?f_hotel_no=8080,びじねすいん・しーがる,久留米市花畑の静かでシンプルなホテル。客室無料LAN、フリーWi-Fi。長期は特にオトク。大型コインランドリー付帯。,4000.0,119895.68,469856.04,830-0039,福岡県,久留米市花畑 1-1-4,0942-38-4111,0942-32-7500,福岡天神から特急で直30分、JR久留米駅より車で5分、西鉄花畑駅より徒歩3分、久留米インターより車で15分、駐車場無料,無料：15台　先着順*満車の場合は近隣有料駐車場のご案内(500円/日前後)。大型車は別途ご相談。,久留米,https://img.travel.rakuten.co.jp/share/HOTEL/8080/8080.jpg,https://img.travel.rakuten.co.jp/HIMG/90/8080.jpg,https://img.travel.rakuten.co.jp/share/HOTEL/8080/8080_room.jpg,https://img.travel.rakuten.co.jp/HIMG/INTERIOR/8080.jpg,https://img.travel.rakuten.co.jp/share/HOTEL/8080/8080map.gif,332.0,4.17,,d,ダブル,4013737.0,ダブル特割プラン現金決済特典 [Extra rates],1,0,0,0,0,0,https://img.travel.rakuten.co.jp/image/tr/api/re/IdsCY/?f_no=8080&f_syu=d&f_hi1=2026-07-18&f_hi2=2026-07-19&f_heya_su=1&f_otona_su=1&f_s1=0&f_s2=0&f_y1=0&f_y2=0&f_y3=0&f_y4=0&f_camp_id=4013737,0,2026-07-18,9800,9800,0,2026-07-18,kurume
167668,ホステル　イルファーロ久留米,https://img.travel.rakuten.co.jp/image/tr/api/re/pvonD/?f_no=167668,https://img.travel.rakuten.co.jp/image/tr/api/re/vFumt/?f_no=167668&f_flg=PLAN,https://img.travel.rakuten.co.jp/image/tr/api/re/WzozX/?noTomariHotel=167668,https://img.travel.rakuten.co.jp/image/tr/api/re/gJNfM/?f_hotel_no=167668,ほすてる　いるふぁーろくるめ,西鉄久留米駅より徒歩1分。提携駐車場有。朝食無料。無料wifi有。,3570.0,119915.01,469881.77,830-0032,福岡県,久留米市東町38-13,0942-65-7140,0942-65-7168,西鉄久留米駅西口より徒歩1分。西鉄福岡（天神）駅より特急で約30分。久留米インターから車で10分の好アクセス！,提携コインパーキング600円（三井のリパーク）詳細は駐車場MAPをご確認ください。,久留米,https://img.travel.rakuten.co.jp/share/HOTEL/167668/167668.jpg,https://img.travel.rakuten.co.jp/HIMG/90/167668.jpg,https://img.travel.rakuten.co.jp/share/HOTEL/167668/167668_kan1.jpg,https://img.travel.rakuten.co.jp/HIMG/INTERIOR/167668.jpg,https://img.travel.rakuten.co.jp/share/HOTEL/167668/167668map.gif,447.0,4.06,,111,【男性専用】シングル／4.7平米,6489596.0,【楽天トラベルサマーSALE】駅徒歩1分 コンビニすぐそばの好立地／アメニティ付 ,1,0,0,0,0,1,https://img.travel.rakuten.co.jp/image/tr/api/re/IdsCY/?f_no=167668&f_syu=111&f_hi1=2026-07-18&f_hi2=2026-07-19&f_heya_su=1&f_otona_su=1&f_s1=0&f_s2=0&f_y1=0&f_y2=0&f_y3=0&f_y4=0&f_camp_id=6489596,0,2026-07-18,5764,5764,0,2026-07-18,kurume
187885,フェアフィールド・バイ・マリオット・福岡うきは,https://img.travel.rakuten.co.jp/image/tr/api/re/pvonD/?f_no=187885,https://img.travel.rakuten.co.jp/image/tr/api/re/vFumt/?f_no=187885&f_flg=PLAN,https://img.travel.rakuten.co.jp/image/tr/api/re/WzozX/?noTomariHotel=187885,https://img.travel.rakuten.co.jp/image/tr/api/re/gJNfM/?f_hotel_no=187885,ふぇあふぃーるど･ばい･まりおっと･ふくおかうきは,偶然と発見に出会う旅が待っている。特別な物語をここで。,5899.0,119990.79,470957.82,839-1408,福岡県,うきは市浮羽町山北734-6,06-6743-4750,06-6743-4584,JRうきは駅より車で約7分。杷木 ICより車で10分。,有：【ホテル専用駐車場／ホテル裏共同利用駐車場】をご利用ください（先着順）,うきは,https://img.travel.rakuten.co.jp/share/HOTEL/187885/187885.jpg,https://img.travel.rakuten.co.jp/HIMG/90/187885.jpg,,,https://img.travel.rakuten.co.jp/share/HOTEL/187885/187885map.gif,31.0,4.59,"また宿泊したいです。　2026-03-24 13:08:06投稿 <a href=""https://img.travel.rakuten.co.jp/image/tr/api/re/gJNfM/?f_hotel_no=187885"" class=""3click"">つづきはこちら</a>",ukiking,【禁煙】キングルーム　25平米/ベッド幅180cm×1台,5739378.0,【Marriott Bonvoy会員対象プラン・素泊まり】,1,0,0,0,0,2,https://img.travel.rakuten.co.jp/image/tr/api/re/IdsCY/?f_no=187885&f_syu=ukiking&f_hi1=2026-07-18&f_hi2=2026-07-19&f_heya_su=1&f_otona_su=1&f_s1=0&f_s2=0&f_y1=0&f_y2=0&f_y3=0&f_y4=0&f_camp_id=5739378,0,2026-07-18,30250,30250,0,2026-07-18,kurume
79319,ホテルマリターレ創世　久留米,https://img.travel.rakuten.co.jp/image/tr/api/re/pvonD/?f_no=79319,https://img.travel.rakuten.co.jp/image/tr/api/re/vFumt/?f_no=79319&f_flg=PLAN,https://img.travel.rakuten.co.jp/image/tr/api/re/WzozX/?noTomariHotel=79319,https://img.travel.rakuten.co.jp/image/tr/api/re/gJNfM/?f_hotel_no=79319,まりたーれそうせい　くるめ,広々とした客室にはヨーロッパからの直輸入家具にジャグジーを完備！ごゆっくりお寛ぎいただけます。,5900.0,119957.48,469870.87,830-0003,福岡県,久留米市東櫛原町900,0942-35-5211,0942-48-1121,ＪＲ久留米駅・西鉄久留米駅から車で約１０分,有り　２００台　無料　予約不要,久留米,https://img.travel.rakuten.co.jp/share/HOTEL/79319/79319.jpg,https://img.travel.rakuten.co.jp/HIMG/90/79319.jpg,https://img.travel.rakuten.co.jp/share/HOTEL/79319/79319_b.jpg,https://img.travel.rakuten.co.jp/HIMG/INTERIOR/79319.jpg,https://img.travel.rakuten.co.jp/share/HOTEL/79319/79319map.gif,228.0,4.14,"博多周辺で泊まるよりお部屋も浴室も広く、朝食をルームサービスで取ること…　2026-05-13 16:42:55投稿 <a href=""https://img.travel.rakuten.co.jp/image/tr/api/re/gJNfM/?f_hotel_no=79319"" class=""3click"">つづきはこちら</a>",kst,【禁煙】キングスウィート☆ワンフロア１０９平米,,,1,0,0,0,0,1,https://img.travel.rakuten.co.jp/image/tr/api/re/IdsCY/?f_no=79319&f_syu=kst&f_hi1=2026-07-18&f_hi2=2026-07-19&f_heya_su=1&f_otona_su=1&f_s1=0&f_s2=0&f_y1=0&f_y2=0&f_y3=0&f_y4=0,1,2026-07-18,50000,50000,0,2026-07-18,kurume
129948,うきは温泉　ふくせんか,https://img.travel.rakuten.co.jp/image/tr/api/re/pvonD/?f_no=129948,https://img.travel.rakuten.co.jp/image/tr/api/re/vFumt/?f_no=129948&f_flg=PLAN,https://img.travel.rakuten.co.jp/image/tr/api/re/WzozX/?noTomariHotel=129948,https://img.travel.rakuten.co.jp/image/tr/api/re/gJNfM/?f_hotel_no=129948,うきはおんせん　ふくせんか,4月週末限定クーポン発行中！ペット同宿可能♪品数豊富な料理ととろとろ湯でリフレッシュ！4つの貸切風呂☆,11440.0,120079.96,470911.89,839-1405,福岡県,うきは市浮羽町古川1099-8,0943-77-3131,0943-77-7450,ＪＲ　筑後大石駅よりお車にて７分／杷木ＩＣ下車約３分◆福岡市内からふくせんかへは車で約1時間の好アクセス！,有り　３０台　無料　予約不要,筑後大石,https://img.travel.rakuten.co.jp/share/HOTEL/129948/129948.jpg,https://img.travel.rakuten.co.jp/HIMG/90/129948.jpg,https://img.travel.rakuten.co.jp/share/HOTEL/129948/129948_spa.jpg,https://img.travel.rakuten.co.jp/HIMG/INTERIOR/129948.jpg,https://img.travel.rakuten.co.jp/share/HOTEL/129948/129948map.gif,475.0,4.22,"あと…　2026-07-02 21:41:26投稿 <a href=""https://img.travel.rakuten.co.jp/image/tr/api/re/gJNfM/?f_hotel_no=129948"" class=""3click"">つづきはこちら</a>",12,【筑後川を眺める】3F特別和洋室＜じあ＞貸切風呂付　禁煙,6183741.0,【特別室】朝食付プラン（朝半個室）,1,0,0,1,0,0,https://img.travel.rakuten.co.jp/image/tr/api/re/IdsCY/?f_no=129948&f_syu=12&f_hi1=2026-07-18&f_hi2=2026-07-19&f_heya_su=1&f_otona_su=1&f_s1=0&f_s2=0&f_y1=0&f_y2=0&f_y3=0&f_y4=0&f_camp_id=6183741,0,2026-07-18,25000,25000,0,2026-07-18,kurume
160640,ニュー筑水荘,https://img.travel.rakuten.co.jp/image/tr/api/re/pvonD/?f_no=160640,https://img.travel.rakuten.co.jp/image/tr/api/re/vFumt/?f_no=160640&f_flg=PLAN,https://img.travel.rakuten.co.jp/image/tr/api/re/WzozX/?noTomariHotel=160640,https://img.travel.rakuten.co.jp/image/tr/api/re/gJNfM/?f_hotel_no=160640,にゅーちくすいそう,2022年9月一部リニューアル済！天然温泉と美味しい料理でおもてなし。ビジネスも観光もお待ちしております！,4400.0,120054.27,470800.17,839-1304,福岡県,うきは市吉井町千年596,0943-74-5555,0943-74-5566,筑後吉井駅から車で約10分。朝倉I.Cから車で約15分。博多からは高速バスで朝倉迄が早くてお得！,有り　１００台　無料　予約不要,うきは,https://img.travel.rakuten.co.jp/share/HOTEL/160640/160640.jpg,https://img.travel.rakuten.co.jp/HIMG/90/160640.jpg,https://img.travel.rakuten.co.jp/share/HOTEL/160640/160640_sho1.jpg,https://img.travel.rakuten.co.jp/HIMG/INTERIOR/160640.jpg,https://img.travel.rakuten.co.jp/share/HOTEL/160640/160640map.gif,73.0,4.02,,3w6,３Ｆ和室６畳【シングルベッド】,5559985.0,【素泊り】ビジネスに湯治に☆温泉素泊り♪,1,0,0,0,0,1,https://img.travel.rakuten.co.jp/image/tr/api/re/IdsCY/?f_no=160640&f_syu=3w6&f_hi1=2026-07-18&f_hi2=2026-07-19&f_heya_su=1&f_otona_su=1&f_s1=0&f_s2=0&f_y1=0&f_y2=0&f_y3=0&f_y4=0&f_camp_id=5559985,0,2026-07-18,7150,7150,0,2026-07-18,kurume
106209,原鶴温泉　ホテルＴＯＰＭＥＧＡ伊藤園,https://img.travel.rakuten.co.jp/image/tr/api/re/pvonD/?f_no=106209,https://img.travel.rakuten.co.jp/image/tr/api/re/vFumt/?f_no=106209&f_flg=PLAN,https://img.travel.rakuten.co.jp/image/tr/api/re/WzozX/?noTomariHotel=106209,https://img.travel.rakuten.co.jp/image/tr/api/re/gJNfM/?f_hotel_no=106209,とっぷめがいとうえん,川と風と森のリゾート原鶴で、モダン異空間のひとときを・・・,3800.0,120061.21,470818.79,838-1514,福岡県,朝倉市杷木久喜宮1858-1,094-626-2760,0946-26-2756,大分自動車道杷木インターより車で５分　・　筑後吉井駅よりお車にて１０分,有り　２５台　宿泊者無料　予約不要,筑後吉井,https://img.travel.rakuten.co.jp/share/HOTEL/106209/106209.jpg,https://img.travel.rakuten.co.jp/HIMG/90/106209.jpg,https://img.travel.rakuten.co.jp/share/HOTEL/106209/106209_ru.jpg,https://img.travel.rakuten.co.jp/HIMG/INTERIOR/106209.jpg,https://img.travel.rakuten.co.jp/share/HOTEL/106209/106209map.gif,428.0,3.43,"まあ、口コミ通り素泊まりとしては、温泉掛け流しがよかった、早く着いても遊ぶとこはありません。　2026-06-25 21:22:24投稿 <a href=""https://img.travel.rakuten.co.jp/image/tr/api/re/gJNfM/?f_hotel_no=106209"" class=""3click"">つづきはこちら</a>",styou,【広々１８畳】スタンダード洋室,,,1,0,0,0,0,1,https://img.travel.rakuten.co.jp/image/tr/api/re/IdsCY/?f_no=106209&f_syu=styou&f_hi1=2026-07-18&f_hi2=2026-07-19&f_heya_su=1&f_otona_su=1&f_s1=0&f_s2=0&f_y1=0&f_y2=0&f_y3=0&f_y4=0,1,2026-07-18,5200,5200,0,2026-07-18,kurume
195909,杷木松末アウトドアヴィレッジ,https://img.travel.rakuten.co.jp/image/tr/api/re/pvonD/?f_no=195909,https://img.travel.rakuten.co.jp/image/tr/api/re/vFumt/?f_no=195909&f_flg=PLAN,,https://img.travel.rakuten.co.jp/image/tr/api/re/gJNfM/?f_hotel_no=195909,はきますえあうとどあヴぃれっじ,BBQ・焚火・天然温泉・飲み放題付き◎冷暖房完備のグランピング体験！ご家族や友人と夏のアウトドアを気軽に満喫！,17600.0,120205.9,471004.94,838-1502,福岡県,朝倉市杷木松末　字相ケ谷849,050-5482-3331,000-000-0000,福岡空港より車で約１時間半、大分自動車道杷木ICより約１０分,有り　２０台　無料　予約不要,福岡空港,https://img.travel.rakuten.co.jp/share/HOTEL/195909/195909.jpg,https://img.travel.rakuten.co.jp/HIMG/90/195909.jpg,,,https://img.travel.rakuten.co.jp/share/HOTEL/195909/195909map.gif,15.0,4.27,"ドッグランが手づくりとの事で温かみのある施設でした。私たちもワンちゃんもとても楽しく過ごせました！　2026-06-13 22:32:44投稿 <a href=""https://img.travel.rakuten.co.jp/image/tr/api/re/gJNfM/?f_hotel_no=195909"" class=""3click"">つづきはこちら</a>",dm3,3名定員DOMEテント 冷暖房完備（ペット可能）,6251712.0,【食材持ち込みプラン】焚き火×飲み放題でまったり時間♪ BBQ機材レンタル無料！(食材なし),1,0,0,0,0,2,https://img.travel.rakuten.co.jp/image/tr/api/re/IdsCY/?f_no=195909&f_syu=dm3&f_hi1=2026-07-18&f_hi2=2026-07-19&f_heya_su=1&f_otona_su=1&f_s1=0&f_s2=0&f_y1=0&f_y2=0&f_y3=0&f_y4=0&f_camp_id=6251712,0,2026-07-18,27500,27500,0,2026-07-18,kurume
192781,蝶がきらめくお宿　雪月花せつげっか,https://img.travel.rakuten.co.jp/image/tr/api/re/pvonD/?f_no=192781,https://img.travel.rakuten.co.jp/image/tr/api/re/vFumt/?f_no=192781&f_flg=PLAN,https://img.travel.rakuten.co.jp/image/tr/api/re/WzozX/?noTomariHotel=192781,https://img.travel.rakuten.co.jp/image/tr/api/re/gJNfM/?f_hotel_no=192781,ちょうがきらめくおやど　せつげっかせつげっか,トロつる温泉の露天風呂付きお部屋,14000.0,120060.28,470814.05,838-1521,福岡県,朝倉市杷木志波21-1,0946-23-9988,0946-23-9877,博多駅より日田行 高速バスで約70分。杷木バス停下車タクシー約5分,有り　60台　無料　要予約,福岡空港,https://img.travel.rakuten.co.jp/share/HOTEL/192781/192781.jpg,https://img.travel.rakuten.co.jp/HIMG/90/192781.jpg,,,https://img.travel.rakuten.co.jp/share/HOTEL/192781/192781map.gif,14.0,4.29,,kocyou,和洋室【胡蝶】※禁煙 ,6097172.0,【素泊まり】〜2024年4月完成！全室客室露天風呂付〜静寂のひとときを感じながら贅沢な癒しを満喫♪,1,0,0,0,0,1,https://img.travel.rakuten.co.jp/image/tr/api/re/IdsCY/?f_no=192781&f_syu=kocyou&f_hi1=2026-07-18&f_hi2=2026-07-19&f_heya_su=1&f_otona_su=1&f_s1=0&f_s2=0&f_y1=0&f_y2=0&f_y3=0&f_y4=0&f_camp_id=6097172,0,2026-07-18,30000,30000,0,2026-07-18,kurume
172605,ＡＢホテル行橋,https://img.travel.rakuten.co.jp/image/tr/api/re/pvonD/?f_no=172605,https://img.travel.rakuten.co.jp/image/tr/api/re/vFumt/?f_no=172605&f_flg=PLAN,https://img.travel.rakuten.co.jp/image/tr/api/re/WzozX/?noTomariHotel=172605,https://img.travel.rakuten.co.jp/image/tr/api/re/gJNfM/?f_hotel_no=172605,えーびーほてるゆくはし,行橋駅より徒歩１分、北九州空港より車で約２５分！健康朝食バイキング、男女別大浴場が無料♪ウェルカムコーヒーも♪,1600.0,121409.13,471499.33,824-0031,福岡県,行橋市西宮市2-2-16,0930-28-8222,0930-28-8219,行橋駅より徒歩にて約1分♪北九州空港より車で40分♪小倉駅から16分♪,有り　無料　平面／47台（先着順）　※大型車、バイク、自転車は不可,行橋,https://img.travel.rakuten.co.jp/share/HOTEL/172605/172605.jpg,https://img.travel.rakuten.co.jp/HIMG/90/172605.jpg,,,https://img.travel.rakuten.co.jp/share/HOTEL/172605/172605map.gif,876.0,4.25,"スタッフの対応がとても良かったです。　2026-07-14 22:05:17投稿 <a href=""https://img.travel.rakuten.co.jp/image/tr/api/re/gJNfM/?f_hotel_no=172605"" class=""3click"">つづきはこちら</a>",sna,禁煙スタンダードシングル【120ｃｍセミダブルベッド】,4571732.0,当日限定シングルプラン♪空いてたらラッキー♪【健康朝食・大浴場無料】,1,0,0,1,0,1,https://img.travel.rakuten.co.jp/image/tr/api/re/JlnYS/?f_no=172605&f_syu=sna&f_hi1=2026-07-18&f_hi2=2026-07-19&f_heya_su=1&f_otona_su=1&f_s1=0&f_s2=0&f_y1=0&f_y2=0&f_y3=0&f_y4=0&f_camp_id=4571732,2,2026-07-18,22200,22200,0,2026-07-18,buzen
15460,ビジネスホテル　ゆくはし,https://img.travel.rakuten.co.jp/image/tr/api/re/pvonD/?f_no=15460,https://img.travel.rakuten.co.jp/image/tr/api/re/vFumt/?f_no=15460&f_flg=PLAN,https://img.travel.rakuten.co.jp/image/tr/api/re/WzozX/?noTomariHotel=15460,https://img.travel.rakuten.co.jp/image/tr/api/re/gJNfM/?f_hotel_no=15460,ゆくはし,駐車場無料・全室バストイレ独立型の客室・徒歩圏内にコンビニ、飲食店、ドラッグストアあり,6000.0,121408.83,471493.98,824-0031,福岡県,行橋市西宮市2-20-15,0930-22-1333,0930-22-7553,JR行橋駅[特急停車駅]西口から徒歩3分　東九州道[行橋インター]より車で約8分,無料駐車場あり(30台)、大型車（トラック、マイクロバス）の場合は事前にご相談下さい,行橋,https://img.travel.rakuten.co.jp/share/HOTEL/15460/15460.jpg,https://img.travel.rakuten.co.jp/HIMG/90/15460.jpg,https://img.travel.rakuten.co.jp/share/HOTEL/15460/15460_sig.jpg,https://img.travel.rakuten.co.jp/HIMG/INTERIOR/15460.jpg,https://img.travel.rakuten.co.jp/share/HOTEL/15460/15460map.gif,178.0,4.0,"フロントの方も感じ良く、また利用させていただきたいと思います！　2026-04-20 22:32:09投稿 <a href=""https://img.travel.rakuten.co.jp/image/tr/api/re/gJNfM/?f_hotel_no=15460"" class=""3click"">つづきはこちら</a>",dtb,【加熱式・電子タバコ専用】〈シングル〉バストイレ独立型の客室,2443427.0,【素泊まり・シングル】行橋駅西口(特急停車駅)より徒歩3分♪シンプルな素泊まりプラン♪,1,0,0,0,0,1,https://img.travel.rakuten.co.jp/image/tr/api/re/IdsCY/?f_no=15460&f_syu=dtb&f_hi1=2026-07-18&f_hi2=2026-07-19&f_heya_su=1&f_otona_su=1&f_s1=0&f_s2=0&f_y1=0&f_y2=0&f_y3=0&f_y4=0&f_camp_id=2443427,0,2026-07-18,11000,11000,1,2026-07-18,buzen
151179,ＨＯＴＥＬ　ＡＺ　福岡吉富店,https://img.travel.rakuten.co.jp/image/tr/api/re/pvonD/?f_no=151179,https://img.travel.rakuten.co.jp/image/tr/api/re/vFumt/?f_no=151179&f_flg=PLAN,https://img.travel.rakuten.co.jp/image/tr/api/re/WzozX/?noTomariHotel=151179,https://img.travel.rakuten.co.jp/image/tr/api/re/gJNfM/?f_hotel_no=151179,ほてる　えーぜっと　ふくおかよしとみてん,"大分県との県境。中津城へ車で10分。大分県中津市,福岡県豊前市,上毛町に隣接。",4820.0,120973.72,472218.13,871-0811,福岡県,築上郡吉富町広津879-2,0979-22-3801,0979-22-3802,北九州空港から高速で45分(豊前ICから車で10分）。ＪＲ中津駅から車で約5分。駐車場入り口は県道108号線沿いです。,無料駐車場124台あり　普通車：予約不要 、中型車・大型車：要予約（有料）,吉富（福岡）,https://img.travel.rakuten.co.jp/share/HOTEL/151179/151179.jpg,https://img.travel.rakuten.co.jp/HIMG/90/151179.jpg,https://img.travel.rakuten.co.jp/share/HOTEL/151179/151179_kan1.jpg,https://img.travel.rakuten.co.jp/HIMG/INTERIOR/151179.jpg,https://img.travel.rakuten.co.jp/share/HOTEL/151179/151179map.gif,76.0,4.24,"車があるから場所も気にならないと思います　2026-03-17 08:05:20投稿 <a href=""https://img.travel.rakuten.co.jp/image/tr/api/re/gJNfM/?f_hotel_no=151179"" class=""3click"">つづきはこちら</a>",001,【喫煙】シングル,6386193.0,【宿泊税込】スタンダードプラン（朝食サービス）,1,0,0,1,0,1,https://img.travel.rakuten.co.jp/image/tr/api/re/IdsCY/?f_no=151179&f_syu=001&f_hi1=2026-07-18&f_hi2=2026-07-19&f_heya_su=1&f_otona_su=1&f_s1=0&f_s2=0&f_y1=0&f_y2=0&f_y3=0&f_y4=0&f_camp_id=6386193,0,2026-07-18,6580,6580,0,2026-07-18,buzen
201935,旧安楽旅館　ＹＡＤＯ　ｅａｓｅ．,https://img.travel.rakuten.co.jp/image/tr/api/re/pvonD/?f_no=201935,https://img.travel.rakuten.co.jp/image/tr/api/re/vFumt/?f_no=201935&f_flg=PLAN,,https://img.travel.rakuten.co.jp/image/tr/api/re/gJNfM/?f_hotel_no=201935,きゅうあんらくりょかん　やどいーず,慌ただしい日々に、ひと呼吸。充実した旅の中にも、ゆるめる時間を。,7000.0,121209.41,471741.0,829-0101,福岡県,築上郡築上町大字東築城262,0930-31-0943,0930-31-0943,築城駅から徒歩2分,あり 2台　無料　要予約,築城,https://img.travel.rakuten.co.jp/share/HOTEL/201935/201935.jpg,https://img.travel.rakuten.co.jp/HIMG/90/201935.jpg,,,https://img.travel.rakuten.co.jp/share/HOTEL/201935/201935map.gif,,,,01,シングルルーム（和室）,6554352.0,素泊まりプラン,1,0,0,0,0,1,https://img.travel.rakuten.co.jp/image/tr/api/re/IdsCY/?f_no=201935&f_syu=01&f_hi1=2026-07-18&f_hi2=2026-07-19&f_heya_su=1&f_otona_su=1&f_s1=0&f_s2=0&f_y1=0&f_y2=0&f_y3=0&f_y4=0&f_camp_id=6554352,0,2026-07-18,7500,7500,0,2026-07-18,buzen
151183,割烹旅館　紀文,https://img.travel.rakuten.co.jp/image/tr/api/re/pvonD/?f_no=151183,https://img.travel.rakuten.co.jp/image/tr/api/re/vFumt/?f_no=151183&f_flg=PLAN,https://img.travel.rakuten.co.jp/image/tr/api/re/WzozX/?noTomariHotel=151183,https://img.travel.rakuten.co.jp/image/tr/api/re/gJNfM/?f_hotel_no=151183,かっぽうりょかん　きぶん,ＪＲ築城駅から徒歩５分。築城ＩＣより車で５分 。お食事は個室をご案内,5580.0,121206.76,471737.25,829-0101,福岡県,築上郡築上町東築城116-1,0930-52-0050,0930-52-0100,ＪＲ日豊本線　築城駅より徒歩にて約５分,有り　１０台　無料　予約不要,築城,https://img.travel.rakuten.co.jp/share/HOTEL/151183/151183.jpg,https://img.travel.rakuten.co.jp/HIMG/90/151183.jpg,https://img.travel.rakuten.co.jp/share/HOTEL/151183/151183_kan1.jpg,https://img.travel.rakuten.co.jp/HIMG/INTERIOR/151183.jpg,https://img.travel.rakuten.co.jp/share/HOTEL/151183/151183map.gif,25.0,4.67,"近くで用事があり、初めて利用しました。建物は古いですが、清潔で快適に過ごせました。今回は素泊まりでしたが、お料理も美味しいそうなので、会食で利用したいと思いました。　2026-04-03 22:06:03投稿 <a href=""https://img.travel.rakuten.co.jp/image/tr/api/re/gJNfM/?f_hotel_no=151183"" class=""3click"">つづきはこちら</a>",single1,【バストイレ付】シングル,5755602.0,【直前割】直前予約で10％OFF！気ままな素泊りでお得旅♪,1,0,0,0,0,1,https://img.travel.rakuten.co.jp/image/tr/api/re/IdsCY/?f_no=151183&f_syu=single1&f_hi1=2026-07-18&f_hi2=2026-07-19&f_heya_su=1&f_otona_su=1&f_s1=0&f_s2=0&f_y1=0&f_y2=0&f_y3=0&f_y4=0&f_camp_id=5755602,0,2026-07-18,7830,7830,0,2026-07-18,buzen
108888,ＨＯＴＥＬ　ＡＺ　福岡宗像店,https://img.travel.rakuten.co.jp/image/tr/api/re/pvonD/?f_no=108888,https://img.travel.rakuten.co.jp/image/tr/api/re/vFumt/?f_no=108888&f_flg=PLAN,https://img.travel.rakuten.co.jp/image/tr/api/re/WzozX/?noTomariHotel=108888,https://img.travel.rakuten.co.jp/image/tr/api/re/gJNfM/?f_hotel_no=108888,ほてるえーぜっと　ふくおかむなかたてん,国道３号線沿い。無料平面駐車場完備でマイカー派に便利！館内にはファミレス「Joyfull」。コンビニ徒歩約5分！,5370.0,121611.63,469980.48,811-3422,福岡県,宗像市王丸503-1,0940-38-3301,0940-38-3302,◆古賀ＩＣ・若宮ＩＣからお車で１５分◆　◆ＪＲ東郷駅日の里口からお車で５分◆　◆天神バスセンターからバスで６０分◆　　,無料駐車場400台（共用）あり　普通車：予約不要 、中型車・大型車：要予約（有料）,東郷,https://img.travel.rakuten.co.jp/share/HOTEL/108888/108888.jpg,https://img.travel.rakuten.co.jp/HIMG/90/108888.jpg,https://img.travel.rakuten.co.jp/share/HOTEL/108888/108888_sin.jpg,https://img.travel.rakuten.co.jp/HIMG/INTERIOR/108888.jpg,https://img.travel.rakuten.co.jp/share/HOTEL/108888/108888map.gif,1056.0,3.99,"駐車場も広く、空きがないことはな…　2026-07-13 18:11:42投稿 <a href=""https://img.travel.rakuten.co.jp/image/tr/api/re/gJNfM/?f_hotel_no=108888"" class=""3click"">つづきはこちら</a>",s,【喫煙】シングル,6386171.0,【宿泊税込】スタンダードプラン（朝食サービス）,1,0,0,1,0,1,https://img.travel.rakuten.co.jp/image/tr/api/re/IdsCY/?f_no=108888&f_syu=s&f_hi1=2026-07-18&f_hi2=2026-07-19&f_heya_su=1&f_otona_su=1&f_s1=0&f_s2=0&f_y1=0&f_y2=0&f_y3=0&f_y4=0&f_camp_id=6386171,0,2026-07-18,6580,6580,0,2026-07-18,chikuzen
56656,ホテルルートイン若宮インター,https://img.travel.rakuten.co.jp/image/tr/api/re/pvonD/?f_no=56656,https://img.travel.rakuten.co.jp/image/tr/api/re/vFumt/?f_no=56656&f_flg=PLAN,https://img.travel.rakuten.co.jp/image/tr/api/re/WzozX/?noTomariHotel=56656,https://img.travel.rakuten.co.jp/image/tr/api/re/gJNfM/?f_hotel_no=56656,ほてるるーといんわかみやいんたー,ＷＯＷＯＷ全室無料！◆大浴場有◆朝食無料◆夕食レストラン（日祝定休日有）◆wi-fi全室完備◆駐車場無料,5500.0,121470.63,470206.88,822-0152,福岡県,宮若市沼口234-1,0949-52-0023,0949-52-0062,ＪＲ鹿児島本線　赤間駅より車で２０分  *高速利用 　博多駅から37㎞　30分　小倉駅から　38km　35分,有り　123台　無料　先着順,赤間,https://img.travel.rakuten.co.jp/share/HOTEL/56656/56656.jpg,https://img.travel.rakuten.co.jp/HIMG/90/56656.jpg,https://img.travel.rakuten.co.jp/share/HOTEL/56656/56656_ky.jpg,https://img.travel.rakuten.co.jp/HIMG/INTERIOR/56656.jpg,https://img.travel.rakuten.co.jp/share/HOTEL/56656/56656map.gif,776.0,3.79,"しかし、お風呂の脱衣所カビ臭い？の匂い気になりました。　2026-07-08 13:30:21投稿 <a href=""https://img.travel.rakuten.co.jp/image/tr/api/re/gJNfM/?f_hotel_no=56656"" class=""3click"">つづきはこちら</a>",nsb,【禁煙】シングルルーム ベット幅140　,4806130.0,【QUOカード500円付】■大浴場■駐車場無料■WiFi・加湿空気清浄機■,1,0,0,1,0,1,https://img.travel.rakuten.co.jp/image/tr/api/re/IdsCY/?f_no=56656&f_syu=nsb&f_hi1=2026-07-18&f_hi2=2026-07-19&f_heya_su=1&f_otona_su=1&f_s1=0&f_s2=0&f_y1=0&f_y2=0&f_y3=0&f_y4=0&f_camp_id=4806130,0,2026-07-18,13350,13350,0,2026-07-18,chikuzen
201802,ボウケンノモリささぐり,https://img.travel.rakuten.co.jp/image/tr/api/re/pvonD/?f_no=201802,https://img.travel.rakuten.co.jp/image/tr/api/re/vFumt/?f_no=201802&f_flg=PLAN,https://img.travel.rakuten.co.jp/image/tr/api/re/WzozX/?noTomariHotel=201802,https://img.travel.rakuten.co.jp/image/tr/api/re/gJNfM/?f_hotel_no=201802,ぼうけんのもりささぐり,遊んで・食べて・学んで・泊って♪ボウケンノモリで楽しもう！,4200.0,120975.12,469987.6,811-2405,福岡県,糟屋郡篠栗町笹栗2683-30,092-692-4123,--,ＪＲ篠栗駅から車で１５分 徒歩６０分またはＪＲ筑前山手駅駅から車で１２分 徒歩４５分,あり　10台　無料　予約不要,篠栗,https://img.travel.rakuten.co.jp/share/HOTEL/201802/201802.jpg,https://img.travel.rakuten.co.jp/HIMG/90/201802.jpg,,,https://img.travel.rakuten.co.jp/share/HOTEL/201802/201802map.gif,,,,03,２段ベッド＋シングルのトリプルルーム,6530139.0,【素泊り】ワクワク！ボウケンノモリに泊まろう♪,1,0,0,0,0,2,https://img.travel.rakuten.co.jp/image/tr/api/re/IdsCY/?f_no=201802&f_syu=03&f_hi1=2026-07-18&f_hi2=2026-07-19&f_heya_su=1&f_otona_su=1&f_s1=0&f_s2=0&f_y1=0&f_y2=0&f_y3=0&f_y4=0&f_camp_id=6530139,0,2026-07-18,15240,15240,0,2026-07-18,chikuzen
109125,玄海旅館,https://img.travel.rakuten.co.jp/image/tr/api/re/pvonD/?f_no=109125,https://img.travel.rakuten.co.jp/image/tr/api/re/vFumt/?f_no=109125&f_flg=PLAN,https://img.travel.rakuten.co.jp/image/tr/api/re/WzozX/?noTomariHotel=109125,https://img.travel.rakuten.co.jp/image/tr/api/re/gJNfM/?f_hotel_no=109125,げんかいりょかん,2025年2月新館「神の湊通り」NEWオープン！！全24部屋・露天風呂客室は９部屋に。銭湯＆公民館BARもオープン♪,10500.0,121852.36,469758.94,811-3501,福岡県,宗像市神湊485-7,0940-62-0001,0940-62-2010,東郷駅からお車で１５分,有り　25台　無料　予約不要,東郷,https://img.travel.rakuten.co.jp/share/HOTEL/109125/109125.jpg,https://img.travel.rakuten.co.jp/HIMG/90/109125.jpg,https://img.travel.rakuten.co.jp/share/HOTEL/109125/109125_kya.jpg,https://img.travel.rakuten.co.jp/HIMG/INTERIOR/109125.jpg,https://img.travel.rakuten.co.jp/share/HOTEL/109125/109125map.gif,75.0,4.45,"他にも牛乳やコーヒー牛乳、アイス(ピノ)が食べ飲…　2026-07-16 11:08:43投稿 <a href=""https://img.travel.rakuten.co.jp/image/tr/api/re/gJNfM/?f_hotel_no=109125"" class=""3click"">つづきはこちら</a>",10,ツイン〈離れ・景観なし・シャワー〉,6455270.0,【お日にち限定】素泊まりプラン　銭湯＆ハッピアワー付☆,1,0,0,0,0,1,https://img.travel.rakuten.co.jp/image/tr/api/re/IdsCY/?f_no=109125&f_syu=10&f_hi1=2026-07-18&f_hi2=2026-07-19&f_heya_su=1&f_otona_su=1&f_s1=0&f_s2=0&f_y1=0&f_y2=0&f_y3=0&f_y4=0&f_camp_id=6455270,0,2026-07-18,18100,18100,0,2026-07-18,chikuzen
