basic_hotelNo,basic_hotelName,basic_hotelInformationUrl,basic_planListUrl,basic_dpPlanListUrl,basic_reviewUrl,basic_hotelKanaName,basic_hotelSpecial,basic_hotelMinCharge,basic_latitude,basic_longitude,basic_postalCode,basic_address1,basic_address2,basic_telephoneNo,basic_faxNo,basic_access,basic_parkingInformation,basic_nearestStation,basic_hotelImageUrl,basic_hotelThumbnailUrl,basic_roomImageUrl,basic_roomThumbnailUrl,basic_hotelMapImageUrl,basic_reviewCount,basic_reviewAverage,basic_userReview,room_roomClass,room_roomName,room_planId,room_planName,room_pointRate,room_withDinnerFlag,room_dinnerSelectFlag,room_withBreakfastFlag,room_breakfastSelectFlag,room_payment,room_reserveUrl,room_salesformFlag,charge_stayDate,charge_rakutenCharge,charge_total,charge_chargeFlag,date,area
56733,リッチモンドホテル福岡天神,https://img.travel.rakuten.co.jp/image/tr/api/re/pvonD/?f_no=56733,https://img.travel.rakuten.co.jp/image/tr/api/re/vFumt/?f_no=56733&f_flg=PLAN,https://img.travel.rakuten.co.jp/image/tr/api/re/WzozX/?noTomariHotel=56733,https://img.travel.rakuten.co.jp/image/tr/api/re/gJNfM/?f_hotel_no=56733,りっちもんど　ふくおかてんじん,地下鉄七隈線「天神南駅」徒歩約3分。福岡屋台も徒歩圏内で福岡旅を楽しめるビジネス・観光に便利な理想のロケーション,5005,120899.6,469455.49,810-0004,福岡県,福岡市中央区渡辺通4-8-25,092-739-2055,092-739-2056,西鉄バスセンターより徒歩3分　地下鉄空港線天神駅・七隈線天神南駅下車～天神地下街西12-C出口直進徒歩1分,敷地内に機械式立体駐車場有／料金2000円（税込／泊）／満車時は近隣の提携駐車場にご案内いたします,天神,https://img.travel.rakuten.co.jp/share/HOTEL/56733/56733.jpg,https://img.travel.rakuten.co.jp/HIMG/90/56733.jpg,https://img.travel.rakuten.co.jp/share/HOTEL/56733/56733_room.jpg,https://img.travel.rakuten.co.jp/HIMG/INTERIOR/56733.jpg,https://img.travel.rakuten.co.jp/share/HOTEL/56733/56733map.gif,4487.0,4.29,"ただ風呂の天井の換気口の所が埃が固まってて気…　2026-04-16 23:07:28投稿 <a href=""https://img.travel.rakuten.co.jp/image/tr/api/re/gJNfM/?f_hotel_no=56733"" class=""3click"">つづきはこちら</a>",hwtwn1,※禁煙※ハリウッドツイン・28平米・1名,6350947.0,【返金不可】【事前決済限定】シンプルステイ【素泊まり】,1,0,0,0,0,2,https://img.travel.rakuten.co.jp/image/tr/api/re/IdsCY/?f_no=56733&f_syu=hwtwn1&f_hi1=2026-04-21&f_hi2=2026-04-22&f_heya_su=1&f_otona_su=1&f_s1=0&f_s2=0&f_y1=0&f_y2=0&f_y3=0&f_y4=0&f_camp_id=6350947,0,2026-04-21,35530,35530,0,2026-04-21,merged-20260419
1017,ホテルニューオータニ博多,https://img.travel.rakuten.co.jp/image/tr/api/re/pvonD/?f_no=1017,https://img.travel.rakuten.co.jp/image/tr/api/re/vFumt/?f_no=1017&f_flg=PLAN,https://img.travel.rakuten.co.jp/image/tr/api/re/WzozX/?noTomariHotel=1017,https://img.travel.rakuten.co.jp/image/tr/api/re/gJNfM/?f_hotel_no=1017,にゅーおーたに　はかた,ニューオータニならではのきめ細やかなサービスで、皆様をお迎えします,7900,120888.12,469471.72,810-0004,福岡県,福岡市中央区渡辺通1-1-2  　　　　  ,092-714-1111,092-715-5658,地下鉄七隈線「渡辺通駅」2番出口より徒歩約1分。ＪＲ博多駅より車で約5分。福岡空港より車で約20分。,有り／370台／１泊(入庫時間より24時間）／1500円（税込み）,博多,https://img.travel.rakuten.co.jp/share/HOTEL/1017/1017.jpg,https://img.travel.rakuten.co.jp/HIMG/90/1017.jpg,https://img.travel.rakuten.co.jp/share/HOTEL/1017/1017_room.jpg,https://img.travel.rakuten.co.jp/HIMG/INTERIOR/1017.jpg,https://img.travel.rakuten.co.jp/share/HOTEL/1017/1017map.gif,3388.0,4.43,"高齢の母と一緒の滞在で、事前にエレベーターから遠くないお部屋にして欲しいとリクエストしていたところ、すぐ近くのお部屋にしていただけていました。フロント、ベルデ…　2026-04-16 00:26:18投稿 <a href=""https://img.travel.rakuten.co.jp/image/tr/api/re/gJNfM/?f_hotel_no=1017"" class=""3click"">つづきはこちら</a>",xtbn,上層階エグゼクティブツイン【禁煙】（ベッド幅110ｃｍ）,4266322.0,ザ・ベストシンプルプラン【朝食なし】,1,0,0,0,0,1,https://img.travel.rakuten.co.jp/image/tr/api/re/IdsCY/?f_no=1017&f_syu=xtbn&f_hi1=2026-04-21&f_hi2=2026-04-22&f_heya_su=1&f_otona_su=1&f_s1=0&f_s2=0&f_y1=0&f_y2=0&f_y3=0&f_y4=0&f_camp_id=4266322,0,2026-04-21,28700,28700,0,2026-04-21,merged-20260419
181851,ホテルリファレンス天神３,https://img.travel.rakuten.co.jp/image/tr/api/re/pvonD/?f_no=181851,https://img.travel.rakuten.co.jp/image/tr/api/re/vFumt/?f_no=181851&f_flg=PLAN,https://img.travel.rakuten.co.jp/image/tr/api/re/WzozX/?noTomariHotel=181851,https://img.travel.rakuten.co.jp/image/tr/api/re/gJNfM/?f_hotel_no=181851,ほてるりふぁれんすてんじん３,ライブハウス・イベント会場へのアクセス抜群！天神中心部徒歩圏内★全室クイーンサイズベッド＆4KTV。,4420,120926.32,469430.47,810-0001,福岡県,福岡市中央区天神3-8-10,092-718-3030,092-718-3050,西鉄福岡天神駅(地下鉄天神駅)下車から天神地下街の西1出口より徒歩7分,"24時間1,500円(ご宿泊者様のみ)　ご予約不可",西鉄福岡,https://img.travel.rakuten.co.jp/share/HOTEL/181851/181851.jpg,https://img.travel.rakuten.co.jp/HIMG/90/181851.jpg,,,https://img.travel.rakuten.co.jp/share/HOTEL/181851/181851map.gif,299.0,4.27,"マリンメッセでのコンサート前日に宿泊しました。マリンメッセまでは徒歩20分くらいかな?桜の季節で気候も良いならコンサート会場まで往復余裕です。天神駅から歩…　2026-04-16 00:01:52投稿 <a href=""https://img.travel.rakuten.co.jp/image/tr/api/re/gJNfM/?f_hotel_no=181851"" class=""3click"">つづきはこちら</a>",0008,【禁煙】ダブルルーム(訳あり),6368222.0,【訳あり部屋】【ご朝食お弁当付きプラン】お好きな時間にお部屋でゆっくりオリジナル弁当をどうぞ♪朝食付,1,0,0,0,0,1,https://img.travel.rakuten.co.jp/image/tr/api/re/IdsCY/?f_no=181851&f_syu=0008&f_hi1=2026-04-21&f_hi2=2026-04-22&f_heya_su=1&f_otona_su=1&f_s1=0&f_s2=0&f_y1=0&f_y2=0&f_y3=0&f_y4=0&f_camp_id=6368222,0,2026-04-21,20240,20240,0,2026-04-21,merged-20260419
2604,ホテルオークラ福岡,https://img.travel.rakuten.co.jp/image/tr/api/re/pvonD/?f_no=2604,https://img.travel.rakuten.co.jp/image/tr/api/re/vFumt/?f_no=2604&f_flg=PLAN,https://img.travel.rakuten.co.jp/image/tr/api/re/WzozX/?noTomariHotel=2604,https://img.travel.rakuten.co.jp/image/tr/api/re/gJNfM/?f_hotel_no=2604,おーくら　ふくおか,ホテルオークラ福岡のおもてなしで寛ぎのひと時をお過ごし下さい。地下鉄直結の好立地により、ゆとりある時間でご利用頂けます。,10335,120931.91,469465.86,812-0027,福岡県,福岡市博多区下川端町3-2 博多リバレイン,092-262-1111,092-262-7701,"地下鉄-中洲川端駅直結-6番出口徒歩1分（福岡空港駅約10分,博多駅約5分）/お車（福岡空港約20分,博多駅約10分）","有り  1泊 ￥2,000（税込）　台数387台　※近隣施設共有駐車場の為、予約が出来兼ねます。",中洲川端,https://img.travel.rakuten.co.jp/share/HOTEL/2604/2604.jpg,https://img.travel.rakuten.co.jp/HIMG/90/2604.jpg,https://img.travel.rakuten.co.jp/share/HOTEL/2604/2604_sgl.jpg,https://img.travel.rakuten.co.jp/HIMG/INTERIOR/2604.jpg,https://img.travel.rakuten.co.jp/share/HOTEL/2604/2604map.gif,2279.0,4.54,"クチコミの詳細はこちらから　https://review.t…　2026-04-15 07:10:52投稿 <a href=""https://img.travel.rakuten.co.jp/image/tr/api/re/gJNfM/?f_hotel_no=2604"" class=""3click"">つづきはこちら</a>",ddn,【禁煙】スーペリアダブル　30平米,2735628.0,【SAVER】シンプルステイ（室料のみ）,1,0,0,0,0,1,https://img.travel.rakuten.co.jp/image/tr/api/re/IdsCY/?f_no=2604&f_syu=ddn&f_hi1=2026-04-21&f_hi2=2026-04-22&f_heya_su=1&f_otona_su=1&f_s1=0&f_s2=0&f_y1=0&f_y2=0&f_y3=0&f_y4=0&f_camp_id=2735628,0,2026-04-21,51200,51200,0,2026-04-21,merged-20260419
11353,ホテルニューガイア糸島,https://img.travel.rakuten.co.jp/image/tr/api/re/pvonD/?f_no=11353,https://img.travel.rakuten.co.jp/image/tr/api/re/vFumt/?f_no=11353&f_flg=PLAN,https://img.travel.rakuten.co.jp/image/tr/api/re/WzozX/?noTomariHotel=11353,https://img.travel.rakuten.co.jp/image/tr/api/re/gJNfM/?f_hotel_no=11353,にゅーがいあいとしま,【大好評】宿泊者専用ラウンジ！ご宿泊のお客様はコーヒー、ソフトドリンクを無料でお召し上がり頂けます。,3650,120801.11,468722.54,819-1116,福岡県,糸島市前原中央2-3-24,092-324-4500,092-324-0770,『JR筑前前原駅』より徒歩3分/前原バス発着所より徒歩2分/国道202号線沿い,屋根付き駐車場完備！  場所：ホテル1F　収容台数：10台（先着順・有料1泊1000円）,筑前前原,https://img.travel.rakuten.co.jp/share/HOTEL/11353/11353.jpg,https://img.travel.rakuten.co.jp/HIMG/90/11353.jpg,https://img.travel.rakuten.co.jp/share/HOTEL/11353/11353_sgl.jpg,https://img.travel.rakuten.co.jp/HIMG/INTERIOR/11353.jpg,https://img.travel.rakuten.co.jp/share/HOTEL/11353/11353map.gif,821.0,3.83,"ビジネスで利用させていただきました。清潔感があり、フロントの方もとても親切で明るく、居心地がよかったです。無料でドリンクがいただけるラウンジもあり、種類…　2026-04-14 16:09:25投稿 <a href=""https://img.travel.rakuten.co.jp/image/tr/api/re/gJNfM/?f_hotel_no=11353"" class=""3click"">つづきはこちら</a>",rd,【電子タバコ可】リニューアルダブルルーム　１４平米,3523288.0,【スタンダードプラン】シンプルStay★筑前前原駅から徒歩３分★全室Wi-Fi完備♪,1,0,0,0,0,1,https://img.travel.rakuten.co.jp/image/tr/api/re/IdsCY/?f_no=11353&f_syu=rd&f_hi1=2026-04-21&f_hi2=2026-04-22&f_heya_su=1&f_otona_su=1&f_s1=0&f_s2=0&f_y1=0&f_y2=0&f_y3=0&f_y4=0&f_camp_id=3523288,0,2026-04-21,10800,10800,0,2026-04-21,merged-20260419
147612,ＣＡＮＤＥＯ　ＨＯＴＥＬＳ（カンデオホテルズ）福岡天神,https://img.travel.rakuten.co.jp/image/tr/api/re/pvonD/?f_no=147612,https://img.travel.rakuten.co.jp/image/tr/api/re/vFumt/?f_no=147612&f_flg=PLAN,https://img.travel.rakuten.co.jp/image/tr/api/re/WzozX/?noTomariHotel=147612,https://img.travel.rakuten.co.jp/image/tr/api/re/gJNfM/?f_hotel_no=147612,かんでおほてるずふくおかてんじん,星空に一番近い露天風呂で、心洗われる極上の癒しを。福岡天神にある、唯一無二の4つ星ホテル。,6650,120899.21,469460.56,810-0004,福岡県,福岡市中央区渡辺通5-14-5,0927385600,0927385601,西鉄天神駅より徒歩４分、地下鉄空港線天神駅より徒歩９分、天神南駅より徒歩４分。,"事前予約制（7台）2,000円/１泊　※予約は電話のみ受付可",,https://img.travel.rakuten.co.jp/share/HOTEL/147612/147612.jpg,https://img.travel.rakuten.co.jp/HIMG/90/147612.jpg,,,https://img.travel.rakuten.co.jp/share/HOTEL/147612/147612map.gif,1136.0,3.94,"クチコミの詳細はこちらから　https://review.travel.rakuten…　2026-04-16 03:48:21投稿 <a href=""https://img.travel.rakuten.co.jp/image/tr/api/re/gJNfM/?f_hotel_no=147612"" class=""3click"">つづきはこちら</a>",egt,エグゼクティブツイン,5290670.0,【春割キャンペーン！】天空でととのう春の旅へ、最上階スカイスパをドライサウナで堪能（素泊）,1,0,0,0,0,1,https://img.travel.rakuten.co.jp/image/tr/api/re/IdsCY/?f_no=147612&f_syu=egt&f_hi1=2026-04-21&f_hi2=2026-04-22&f_heya_su=1&f_otona_su=1&f_s1=0&f_s2=0&f_y1=0&f_y2=0&f_y3=0&f_y4=0&f_camp_id=5290670,0,2026-04-21,29140,29140,0,2026-04-21,merged-20260419
171975,リッチモンドホテル天神西通,https://img.travel.rakuten.co.jp/image/tr/api/re/pvonD/?f_no=171975,https://img.travel.rakuten.co.jp/image/tr/api/re/vFumt/?f_no=171975&f_flg=PLAN,https://img.travel.rakuten.co.jp/image/tr/api/re/WzozX/?noTomariHotel=171975,https://img.travel.rakuten.co.jp/image/tr/api/re/gJNfM/?f_hotel_no=171975,りっちもんどほてるてんじんにしどおり,楽天トラベルブロンズアワード2024受賞☆空港・博多・中洲へのアクセスも抜群。市内ビジネス、観光の拠点に最適なホテル。,7650,120909.07,469436.1,810-0001,福岡県,福岡市中央区天神2-6-16,092-717-2477,092-717-2478,地下鉄空港線　天神駅より徒歩にて約５分,無し【提携先】福岡中央自動車駐車場※2026年3月末で閉業予定です。以降の提携先はございません。,天神,https://img.travel.rakuten.co.jp/share/HOTEL/171975/171975.jpg,https://img.travel.rakuten.co.jp/HIMG/90/171975.jpg,https://img.travel.rakuten.co.jp/share/HOTEL/171975/171975_kan1.jpg,https://img.travel.rakuten.co.jp/HIMG/INTERIOR/171975.jpg,https://img.travel.rakuten.co.jp/share/HOTEL/171975/171975map.gif,881.0,4.3,"クチコミの詳細はこちらから　https://r…　2026-04-10 16:11:03投稿 <a href=""https://img.travel.rakuten.co.jp/image/tr/api/re/gJNfM/?f_hotel_no=171975"" class=""3click"">つづきはこちら</a>",spdn1,【禁煙】スーペリアダブル 1名利用,5190815.0,【楽天限定】素泊まり　福岡の出張/観光の拠点におすすめ,1,0,0,0,0,1,https://img.travel.rakuten.co.jp/image/tr/api/re/IdsCY/?f_no=171975&f_syu=spdn1&f_hi1=2026-04-21&f_hi2=2026-04-22&f_heya_su=1&f_otona_su=1&f_s1=0&f_s2=0&f_y1=0&f_y2=0&f_y3=0&f_y4=0&f_camp_id=5190815,0,2026-04-21,36000,36000,0,2026-04-21,merged-20260419
9239,ホテル一楽,https://img.travel.rakuten.co.jp/image/tr/api/re/pvonD/?f_no=9239,https://img.travel.rakuten.co.jp/image/tr/api/re/vFumt/?f_no=9239&f_flg=PLAN,https://img.travel.rakuten.co.jp/image/tr/api/re/WzozX/?noTomariHotel=9239,https://img.travel.rakuten.co.jp/image/tr/api/re/gJNfM/?f_hotel_no=9239,いちらく,■天神・キャナルシティまで車で5分！■駐車場1泊500円（税別）！■庭園大浴場完備！■お子様連れでも安心の和室が40室！,3630,120876.31,469486.5,810-0005,福岡県,福岡市中央区清川2-5-5,092-531-0561,,福岡空港よりタクシー20分。ＪＲ博多駅よりタクシーの場合5分・路線バス利用の場合10分（柳橋バス停下車後3分）,当日15時より先着順　普通車（隣接20台・立体50台）1泊500円（別） ※大型車は別料金・要問合せ,天神,https://img.travel.rakuten.co.jp/share/HOTEL/9239/9239.jpg,https://img.travel.rakuten.co.jp/HIMG/90/9239.jpg,https://img.travel.rakuten.co.jp/share/HOTEL/9239/9239_sig.jpg,https://img.travel.rakuten.co.jp/HIMG/INTERIOR/9239.jpg,https://img.travel.rakuten.co.jp/share/HOTEL/9239/9239map.gif,1923.0,3.99,"クチコミの詳細はこちらから　https://re…　2026-04-13 18:19:36投稿 <a href=""https://img.travel.rakuten.co.jp/image/tr/api/re/gJNfM/?f_hotel_no=9239"" class=""3click"">つづきはこちら</a>",je,喫煙10畳和室【内風呂無し／大浴場利用可】,2270792.0,【オンラインカード決済限定】スタンダード一楽プラン≪素泊まり≫,1,0,0,0,0,2,https://img.travel.rakuten.co.jp/image/tr/api/re/IdsCY/?f_no=9239&f_syu=je&f_hi1=2026-04-21&f_hi2=2026-04-22&f_heya_su=1&f_otona_su=1&f_s1=0&f_s2=0&f_y1=0&f_y2=0&f_y3=0&f_y4=0&f_camp_id=2270792,0,2026-04-21,18700,18700,0,2026-04-21,merged-20260419
437,博多中洲ワシントンホテルプラザ,https://img.travel.rakuten.co.jp/image/tr/api/re/pvonD/?f_no=437,https://img.travel.rakuten.co.jp/image/tr/api/re/vFumt/?f_no=437&f_flg=PLAN,https://img.travel.rakuten.co.jp/image/tr/api/re/WzozX/?noTomariHotel=437,https://img.travel.rakuten.co.jp/image/tr/api/re/gJNfM/?f_hotel_no=437,はかたなかす　わしんとんほてるぷらざ,2021年全室リニューアル～九州一の繁華街「中洲」にあるホテル,5400,120921.05,469481.04,810-0801,福岡県,福岡市博多区中洲2-8-28,092-282-0410,092-282-7700,地下鉄「中洲川端駅」⑤番出口より徒歩約５分／ＪＲ博多駅（博多口）より徒歩約１５分,タワーパーキング　高さ155ｃｍまで　先着34台　1泊1500円〜　大型車の駐車場はございません。,中洲川端,https://img.travel.rakuten.co.jp/share/HOTEL/437/437.jpg,https://img.travel.rakuten.co.jp/HIMG/90/437.jpg,https://img.travel.rakuten.co.jp/share/HOTEL/437/437_heya.jpg,https://img.travel.rakuten.co.jp/HIMG/INTERIOR/437.jpg,https://img.travel.rakuten.co.jp/share/HOTEL/437/437map.gif,2044.0,3.97,"クチコミの詳細はこちら…　2026-04-14 17:10:32投稿 <a href=""https://img.travel.rakuten.co.jp/image/tr/api/re/gJNfM/?f_hotel_no=437"" class=""3click"">つづきはこちら</a>",t221,【禁煙】ツインルーム　ベッド幅110ｃｍ×2台,1821066.0,基本プラン,1,0,0,0,0,1,https://img.travel.rakuten.co.jp/image/tr/api/re/IdsCY/?f_no=437&f_syu=t221&f_hi1=2026-04-21&f_hi2=2026-04-22&f_heya_su=1&f_otona_su=1&f_s1=0&f_s2=0&f_y1=0&f_y2=0&f_y3=0&f_y4=0&f_camp_id=1821066,0,2026-04-21,30900,30900,1,2026-04-21,merged-20260419
172982,ザ・ライブリー福岡博多（ＴＨＥ　ＬＩＶＥＬＹ　福岡博多）,https://img.travel.rakuten.co.jp/image/tr/api/re/pvonD/?f_no=172982,https://img.travel.rakuten.co.jp/image/tr/api/re/vFumt/?f_no=172982&f_flg=PLAN,https://img.travel.rakuten.co.jp/image/tr/api/re/WzozX/?noTomariHotel=172982,https://img.travel.rakuten.co.jp/image/tr/api/re/gJNfM/?f_hotel_no=172982,ざ　らいぶりー　はかた　ふくおか,コワーキングスペースやビリヤード、充実したルームサービス、夕方にはフリービール提供。福岡初のライフスタイルホテル。,5940,120925.82,469465.11,810-0801,福岡県,福岡市博多区中洲5-2-18,050-3138-2071, ,地下鉄「中洲川端」駅2番出口より徒歩1分。天神・繁華街まで徒歩圏内。【地下鉄で】博多駅から3分、福岡空港から10分。,1800円/泊　予約不可　車種制限(車高1.6ｍ、車幅1.7ｍ)　7:00-23:00,中洲川端,https://img.travel.rakuten.co.jp/share/HOTEL/172982/172982.jpg,https://img.travel.rakuten.co.jp/HIMG/90/172982.jpg,https://img.travel.rakuten.co.jp/share/HOTEL/172982/172982_kan1.jpg,https://img.travel.rakuten.co.jp/HIMG/INTERIOR/172982.jpg,https://img.travel.rakuten.co.jp/share/HOTEL/172982/172982map.gif,404.0,3.68,"良かった点を先に。新しいきれいなホテル。雰囲気もおしゃれなバーっぽい。インテリアも特段高いものはつかっていないが雰囲気にあっているものが使われていて統一感…　2026-03-25 17:59:13投稿 <a href=""https://img.travel.rakuten.co.jp/image/tr/api/re/gJNfM/?f_hotel_no=172982"" class=""3click"">つづきはこちら</a>",queen,スタンダードクイーン（禁煙）,6396662.0,【九州在住者限定】Barで楽しむカクテル付き ゆったりホテルステイ（13時レイトアウト付／素泊まり）,1,0,0,0,0,1,https://img.travel.rakuten.co.jp/image/tr/api/re/IdsCY/?f_no=172982&f_syu=queen&f_hi1=2026-04-21&f_hi2=2026-04-22&f_heya_su=1&f_otona_su=1&f_s1=0&f_s2=0&f_y1=0&f_y2=0&f_y3=0&f_y4=0&f_camp_id=6396662,0,2026-04-21,25380,25380,0,2026-04-21,merged-20260419
142723,ＨＯＴＥＬ　ＡＺ　福岡糸島店,https://img.travel.rakuten.co.jp/image/tr/api/re/pvonD/?f_no=142723,https://img.travel.rakuten.co.jp/image/tr/api/re/vFumt/?f_no=142723&f_flg=PLAN,https://img.travel.rakuten.co.jp/image/tr/api/re/WzozX/?noTomariHotel=142723,https://img.travel.rakuten.co.jp/image/tr/api/re/gJNfM/?f_hotel_no=142723,ほてる　えーぜっとふくおかいとしまてん,西九州自動車道前原ＩＣより車で約１６分。ＪＲ糸島高校前駅より徒歩１分。駐車場無料★朝食無料★インターネット接続無料,4510,120809.37,468779.22,819-1112,福岡県,糸島市浦志1-9-25,092-330-8301,092-330-8302,糸島高校前駅より徒歩１分,無料駐車場138台あり　普通車：予約不要 、中型車・大型車：要予約,筑前前原,https://img.travel.rakuten.co.jp/share/HOTEL/142723/142723.jpg,https://img.travel.rakuten.co.jp/HIMG/90/142723.jpg,https://img.travel.rakuten.co.jp/share/HOTEL/142723/142723_kya.jpg,https://img.travel.rakuten.co.jp/HIMG/INTERIOR/142723.jpg,https://img.travel.rakuten.co.jp/share/HOTEL/142723/142723map.gif,1137.0,4.11,"クチコミの詳細はこちらから　h…　2026-04-16 18:13:43投稿 <a href=""https://img.travel.rakuten.co.jp/image/tr/api/re/gJNfM/?f_hotel_no=142723"" class=""3click"">つづきはこちら</a>",t,【喫煙】ツイン,6105758.0,スタンダードプラン（朝食サービス）,1,0,0,1,0,1,https://img.travel.rakuten.co.jp/image/tr/api/re/IdsCY/?f_no=142723&f_syu=t&f_hi1=2026-04-21&f_hi2=2026-04-22&f_heya_su=1&f_otona_su=1&f_s1=0&f_s2=0&f_y1=0&f_y2=0&f_y3=0&f_y4=0&f_camp_id=6105758,0,2026-04-21,8470,8470,0,2026-04-21,merged-20260419
1137,ヒルトン福岡シーホーク,https://img.travel.rakuten.co.jp/image/tr/api/re/pvonD/?f_no=1137,https://img.travel.rakuten.co.jp/image/tr/api/re/vFumt/?f_no=1137&f_flg=PLAN,https://img.travel.rakuten.co.jp/image/tr/api/re/WzozX/?noTomariHotel=1137,https://img.travel.rakuten.co.jp/image/tr/api/re/gJNfM/?f_hotel_no=1137,ひるとんふくおかしーほーく,みずほPayPayドーム福岡隣接。全室オーシャンビュー！専用ラウンジ特典付エグゼクティブフロアも魅力。,10693,120928.65,469306.24,810-8650,福岡県,福岡市中央区地行浜2-2-3,092-844-8111,092-844-7899,【バス】天神からW１番で１５分／博多駅から３０６番で３０分→ヒルトン福岡前下車 。,"有り 800台 １泊2,000円(予約不要。チェックイン前の駐車可能）",唐人町,https://img.travel.rakuten.co.jp/share/HOTEL/1137/1137.jpg,https://img.travel.rakuten.co.jp/HIMG/90/1137.jpg,https://img.travel.rakuten.co.jp/share/HOTEL/1137/1137_sgl.jpg,https://img.travel.rakuten.co.jp/HIMG/INTERIOR/1137.jpg,https://img.travel.rakuten.co.jp/share/HOTEL/1137/1137map.gif,4686.0,4.11,"クチコミの…　2026-04-15 12:26:00投稿 <a href=""https://img.travel.rakuten.co.jp/image/tr/api/re/gJNfM/?f_hotel_no=1137"" class=""3click"">つづきはこちら</a>",d1,ヒルトン ダブル（禁煙）,6249610.0,【博多湾オーシャンビュー】お子様連れも安心！6歳未満添い寝無料♪シンプルステイ（お部屋のみ）冬春,1,0,0,0,0,1,https://img.travel.rakuten.co.jp/image/tr/api/re/IdsCY/?f_no=1137&f_syu=d1&f_hi1=2026-04-21&f_hi2=2026-04-22&f_heya_su=1&f_otona_su=1&f_s1=0&f_s2=0&f_y1=0&f_y2=0&f_y3=0&f_y4=0&f_camp_id=6249610,0,2026-04-21,34683,34683,0,2026-04-21,merged-20260419
3088,ザ　ノット　福岡天神,https://img.travel.rakuten.co.jp/image/tr/api/re/pvonD/?f_no=3088,https://img.travel.rakuten.co.jp/image/tr/api/re/vFumt/?f_no=3088&f_flg=PLAN,https://img.travel.rakuten.co.jp/image/tr/api/re/WzozX/?noTomariHotel=3088,https://img.travel.rakuten.co.jp/image/tr/api/re/gJNfM/?f_hotel_no=3088,ざ　のっと　ふくおかてんじん,福岡・天神に誕生！街とつながるライフスタイルホテル「THE KNOT FUKUOKA Tenjin」,3372,120903.22,469425.72,810-0041,福岡県,福岡市中央区大名1-9-63,0570-056-633,092-752-7550,博多駅、空港から地下鉄空港線で1本。天神駅3番出口から徒歩8分。赤坂駅（天神駅次）5番出口から4分。,なし,赤坂（福岡）,https://img.travel.rakuten.co.jp/share/HOTEL/3088/3088.jpg,https://img.travel.rakuten.co.jp/HIMG/90/3088.jpg,https://img.travel.rakuten.co.jp/share/HOTEL/3088/3088_tui.jpg,https://img.travel.rakuten.co.jp/HIMG/INTERIOR/3088.jpg,https://img.travel.rakuten.co.jp/share/HOTEL/3088/3088map.gif,2455.0,3.63,,sln,スーペリアセミダブル 禁煙,6420588.0,旅と人と街をつなぐTHE KNOTステイ (素泊まり),1,0,0,0,0,1,https://img.travel.rakuten.co.jp/image/tr/api/re/IdsCY/?f_no=3088&f_syu=sln&f_hi1=2026-04-21&f_hi2=2026-04-22&f_heya_su=1&f_otona_su=1&f_s1=0&f_s2=0&f_y1=0&f_y2=0&f_y3=0&f_y4=0&f_camp_id=6420588,0,2026-04-21,28480,28480,0,2026-04-21,merged-20260419
192803,ＯＮＥ　ＦＵＫＵＯＫＡ　ＨＯＴＥＬ,https://img.travel.rakuten.co.jp/image/tr/api/re/pvonD/?f_no=192803,https://img.travel.rakuten.co.jp/image/tr/api/re/vFumt/?f_no=192803&f_flg=PLAN,,https://img.travel.rakuten.co.jp/image/tr/api/re/gJNfM/?f_hotel_no=192803,わんふくおかほてる,天神の空に、くつろぐ,38500,120915.06,469448.76,810-0001,福岡県,福岡市中央区天神1-11-1 ONE FUKUOKA BLDG 18-19F,092-752-1110,092-752-1112,福岡市営地下鉄天神駅直結 / 地下鉄赤坂駅（徒歩10分）/ 福岡空港駅11分（地下鉄空港線）,無し,天神,https://img.travel.rakuten.co.jp/share/HOTEL/192803/192803.jpg,https://img.travel.rakuten.co.jp/HIMG/90/192803.jpg,,,https://img.travel.rakuten.co.jp/share/HOTEL/192803/192803map.gif,13.0,4.77,,ko,スーペリアキング(35m2),6260803.0,【室料のみ】天神の空にくつろぐ（宿泊者専用ラウンジ/大浴場サウナ/フィットネスアクセス付）,1,0,0,0,0,1,https://img.travel.rakuten.co.jp/image/tr/api/re/IdsCY/?f_no=192803&f_syu=ko&f_hi1=2026-04-21&f_hi2=2026-04-22&f_heya_su=1&f_otona_su=1&f_s1=0&f_s2=0&f_y1=0&f_y2=0&f_y3=0&f_y4=0&f_camp_id=6260803,0,2026-04-21,89000,89000,0,2026-04-21,merged-20260419
104626,ベッセルイン博多中洲（中洲川端）（２０２６年２月２８日全客室リニューアル）　,https://img.travel.rakuten.co.jp/image/tr/api/re/pvonD/?f_no=104626,https://img.travel.rakuten.co.jp/image/tr/api/re/vFumt/?f_no=104626&f_flg=PLAN,https://img.travel.rakuten.co.jp/image/tr/api/re/WzozX/?noTomariHotel=104626,https://img.travel.rakuten.co.jp/image/tr/api/re/gJNfM/?f_hotel_no=104626,べっせるいんはかたなかす　なかすかわばた,福岡空港から地下鉄で4駅の好立地！中洲川端駅から徒歩１分。Wi-Fi全室無料。18歳以下添い寝無料。,3975,120927.24,469465.95,810-0801,福岡県,福岡市博多区中洲5-1-12,092-271-4055,092-271-4050,地下鉄中洲川端駅より徒歩１分 【中洲川端駅３番出口】JR博多駅、地下鉄天神駅より車で５分。福岡空港までも車で10分。,５台　電話予約制　満車の場合近隣のコインパーキングへのご案内になります。,中洲川端,https://img.travel.rakuten.co.jp/share/HOTEL/104626/104626.jpg,https://img.travel.rakuten.co.jp/HIMG/90/104626.jpg,https://img.travel.rakuten.co.jp/share/HOTEL/104626/104626_sin.jpg,https://img.travel.rakuten.co.jp/HIMG/INTERIOR/104626.jpg,https://img.travel.rakuten.co.jp/share/HOTEL/104626/104626map.gif,2036.0,4.17,"ク…　2026-04-14 20:56:24投稿 <a href=""https://img.travel.rakuten.co.jp/image/tr/api/re/gJNfM/?f_hotel_no=104626"" class=""3click"">つづきはこちら</a>",ta,ツイン★喫煙【ベッド2台】,4195314.0,【室数限定！添い寝不可★素泊まり】ツインシングルユース【中洲川端駅3番出口より徒歩1分】,1,0,0,0,0,1,https://img.travel.rakuten.co.jp/image/tr/api/re/IdsCY/?f_no=104626&f_syu=ta&f_hi1=2026-04-21&f_hi2=2026-04-22&f_heya_su=1&f_otona_su=1&f_s1=0&f_s2=0&f_y1=0&f_y2=0&f_y3=0&f_y4=0&f_camp_id=4195314,0,2026-04-21,22400,22400,0,2026-04-21,merged-20260419
173037,ナインアワーズ中洲川端駅,https://img.travel.rakuten.co.jp/image/tr/api/re/pvonD/?f_no=173037,https://img.travel.rakuten.co.jp/image/tr/api/re/vFumt/?f_no=173037&f_flg=PLAN,,https://img.travel.rakuten.co.jp/image/tr/api/re/gJNfM/?f_hotel_no=173037,ないんあわーず　なかすかわばたえき,【2019年8月9日オープン！】地下鉄直結。雨でも安心。福岡中心部にあり抜群のアクセス。観光・ビジネスの活動拠点に。,3400,120930.83,469469.44,812-0027,福岡県,福岡市博多区下川端町3-1　博多リバレインモールＢ1Ｆ,092-283-8755,092-283-8766,福岡市地下鉄中洲川端駅直結,無し,中洲川端,https://img.travel.rakuten.co.jp/share/HOTEL/173037/173037.jpg,https://img.travel.rakuten.co.jp/HIMG/90/173037.jpg,,,https://img.travel.rakuten.co.jp/share/HOTEL/173037/173037map.gif,239.0,3.99,"クチコミの詳細はこちらから　https://review.travel.rakute…　2026-03-19 11:11:18投稿 <a href=""https://img.travel.rakuten.co.jp/image/tr/api/re/gJNfM/?f_hotel_no=173037"" class=""3click"">つづきはこちら</a>",m01,男性用スリーピングポッド 禁煙（通常）,4811492.0,スタンダードプラン！◆地下鉄「中洲川端駅」直結,1,0,0,0,0,1,https://img.travel.rakuten.co.jp/image/tr/api/re/IdsCY/?f_no=173037&f_syu=m01&f_hi1=2026-04-21&f_hi2=2026-04-22&f_heya_su=1&f_otona_su=1&f_s1=0&f_s2=0&f_y1=0&f_y2=0&f_y3=0&f_y4=0&f_camp_id=4811492,0,2026-04-21,8200,8200,1,2026-04-21,merged-20260419
1533,西鉄グランドホテル,https://img.travel.rakuten.co.jp/image/tr/api/re/pvonD/?f_no=1533,https://img.travel.rakuten.co.jp/image/tr/api/re/vFumt/?f_no=1533&f_flg=PLAN,https://img.travel.rakuten.co.jp/image/tr/api/re/WzozX/?noTomariHotel=1533,https://img.travel.rakuten.co.jp/image/tr/api/re/gJNfM/?f_hotel_no=1533,にしてつぐらんどほてる,地下鉄天神駅から徒歩約1分でアクセス抜群！一人旅～グループ旅行にも◎伝統息づくおもてなしでお客様をお出迎え,9500,120910.26,469433.04,810-8587,福岡県,福岡市中央区大名2-6-60,092-781-0711,092-751-8224,地下鉄にて福岡空港から天神駅まで約11分、「2番出口」より徒歩約1分。福岡の中心に位置し交通機関は大変便利です。,有り　チェックイン当日は到着時から、チェックアウト日は正午12時まで駐車可。,博多,https://img.travel.rakuten.co.jp/share/HOTEL/1533/1533.jpg,https://img.travel.rakuten.co.jp/HIMG/90/1533.jpg,https://img.travel.rakuten.co.jp/share/HOTEL/1533/1533_twin.jpg,https://img.travel.rakuten.co.jp/HIMG/INTERIOR/1533.jpg,https://img.travel.rakuten.co.jp/share/HOTEL/1533/1533map.gif,4853.0,4.34,"クチコミの詳細はこちらから　https://review.travel.rakuten.co.jp/hotel/voic…　2026-04-16 04:33:25投稿 <a href=""https://img.travel.rakuten.co.jp/image/tr/api/re/gJNfM/?f_hotel_no=1533"" class=""3click"">つづきはこちら</a>",rsuite,【禁煙】ロイヤルスイート,5386213.0,【1室限定！73平米スイートルーム】ホテルで過ごす特別なひととき☆＜朝食付＞,1,0,0,1,0,2,https://img.travel.rakuten.co.jp/image/tr/api/re/IdsCY/?f_no=1533&f_syu=rsuite&f_hi1=2026-04-21&f_hi2=2026-04-22&f_heya_su=1&f_otona_su=1&f_s1=0&f_s2=0&f_y1=0&f_y2=0&f_y3=0&f_y4=0&f_camp_id=5386213,0,2026-04-21,103300,103300,0,2026-04-21,merged-20260419
12562,ザ・レジデンシャルスイート・福岡,https://img.travel.rakuten.co.jp/image/tr/api/re/pvonD/?f_no=12562,https://img.travel.rakuten.co.jp/image/tr/api/re/vFumt/?f_no=12562&f_flg=PLAN,https://img.travel.rakuten.co.jp/image/tr/api/re/WzozX/?noTomariHotel=12562,https://img.travel.rakuten.co.jp/image/tr/api/re/gJNfM/?f_hotel_no=12562,ざ・れじでんしゃるすいーと・ふくおか,★全室44平米以上でミニキッチン＆電子レンジ完備★ドームまで徒歩約10分！★ファミリー、野球観戦、コンサートなどに最適♪,5000,120912.72,469288.88,814-0001,福岡県,福岡市早良区百道浜1-3-70,092-846-8585,092-846-8588,★車で福岡都市高速経由百道出口約2分★地下鉄『西新駅』１番出口より徒歩10分★バスで天神・博多から医師会館前まで約20分,有り　135台　\1650/泊（税込）　平置き/車高2.3ｍ迄　,西新,https://img.travel.rakuten.co.jp/share/HOTEL/12562/12562.jpg,https://img.travel.rakuten.co.jp/HIMG/90/12562.jpg,https://img.travel.rakuten.co.jp/share/HOTEL/12562/12562_t.jpg,https://img.travel.rakuten.co.jp/HIMG/INTERIOR/12562.jpg,https://img.travel.rakuten.co.jp/share/HOTEL/12562/12562map.gif,5081.0,4.1,"お部屋はマンションをラノベしたお部屋だったのでキッチンもあったり部屋も広くて二泊したのですがとても居心地良かったです。朝のバイキングも美味しくて駐車場が有…　2026-04-15 17:09:03投稿 <a href=""https://img.travel.rakuten.co.jp/image/tr/api/re/gJNfM/?f_hotel_no=12562"" class=""3click"">つづきはこちら</a>",ksut,【禁煙】スイートルーム（７２平米）,5066589.0,【ベーシック】くつろぎのラグジュアリーステイ★40㎡以上の広々とした客室が人気のホテル（素泊まり）,1,0,0,0,0,1,https://img.travel.rakuten.co.jp/image/tr/api/re/IdsCY/?f_no=12562&f_syu=ksut&f_hi1=2026-04-21&f_hi2=2026-04-22&f_heya_su=1&f_otona_su=1&f_s1=0&f_s2=0&f_y1=0&f_y2=0&f_y3=0&f_y4=0&f_camp_id=5066589,0,2026-04-21,34000,34000,0,2026-04-21,merged-20260419
5388,ＫＫＲホテル博多（国家公務員共済組合連合会福岡共済会館）,https://img.travel.rakuten.co.jp/image/tr/api/re/pvonD/?f_no=5388,https://img.travel.rakuten.co.jp/image/tr/api/re/vFumt/?f_no=5388&f_flg=PLAN,https://img.travel.rakuten.co.jp/image/tr/api/re/WzozX/?noTomariHotel=5388,https://img.travel.rakuten.co.jp/image/tr/api/re/gJNfM/?f_hotel_no=5388,けーけーあーるほてる　はかた,地下鉄「薬院大通駅」から徒歩約4分！敷地内に平面駐車場を56台完備♪何度でも出し入れできるからクルマ旅にもピッタリ！,5500,120871.72,469425.58,810-0022,福岡県,福岡市中央区薬院4-21-1,092-521-1361,092-521-4881,「南薬院」バス停から徒歩約1分、地下鉄七隈線「薬院大通駅」から徒歩約4分,56台収容可能の平面駐車場を敷地内に完備。何度でも出し入れ可能。（有料1000円/泊・先着順）,博多,https://img.travel.rakuten.co.jp/share/HOTEL/5388/5388.jpg,https://img.travel.rakuten.co.jp/HIMG/90/5388.jpg,https://img.travel.rakuten.co.jp/share/HOTEL/5388/5388_sgl.jpg,https://img.travel.rakuten.co.jp/HIMG/INTERIOR/5388.jpg,https://img.travel.rakuten.co.jp/share/HOTEL/5388/5388map.gif,2629.0,4.37,"クチコミの詳細はこちらから　https://review.travel.rakuten.…　2026-04-16 23:20:14投稿 <a href=""https://img.travel.rakuten.co.jp/image/tr/api/re/gJNfM/?f_hotel_no=5388"" class=""3click"">つづきはこちら</a>",nstb,【禁煙】ツインルーム（ベッド幅123cm）,2655031.0,【平面駐車場完備】駐車料金無料プラン【素泊まり】,1,0,0,0,0,1,https://img.travel.rakuten.co.jp/image/tr/api/re/IdsCY/?f_no=5388&f_syu=nstb&f_hi1=2026-04-21&f_hi2=2026-04-22&f_heya_su=1&f_otona_su=1&f_s1=0&f_s2=0&f_y1=0&f_y2=0&f_y3=0&f_y4=0&f_camp_id=2655031,0,2026-04-21,27000,27000,0,2026-04-21,merged-20260419
151071,ホテルニューガイア　ドーム前,https://img.travel.rakuten.co.jp/image/tr/api/re/pvonD/?f_no=151071,https://img.travel.rakuten.co.jp/image/tr/api/re/vFumt/?f_no=151071&f_flg=PLAN,https://img.travel.rakuten.co.jp/image/tr/api/re/WzozX/?noTomariHotel=151071,https://img.travel.rakuten.co.jp/image/tr/api/re/gJNfM/?f_hotel_no=151071,にゅーがいあ　どーむまえ,全客室にエアウィーヴ採用！宿泊者専用ラウンジではドリンク類が無料！スパークリングワインタイムもおススメ！,4575,120910.2,469333.0,810-0064,福岡県,福岡市中央区地行1-4-6,092-737-3901,092-737-3910,地下鉄空港線　唐人町駅より徒歩約５分！福岡空港、博多、天神にも地下鉄一本の好立地！,有り(先着5台予約不可)　車高1.55mまで(立体駐車場)　1000円(税込)／泊　※二輪駐輪場無し,唐人町,https://img.travel.rakuten.co.jp/share/HOTEL/151071/151071.jpg,https://img.travel.rakuten.co.jp/HIMG/90/151071.jpg,,,https://img.travel.rakuten.co.jp/share/HOTEL/151071/151071map.gif,638.0,4.27,"ツインの部屋は風呂が洗い場付きで広いのが良かったが、それ以外のスペースが二人だとト…　2026-04-14 12:17:35投稿 <a href=""https://img.travel.rakuten.co.jp/image/tr/api/re/gJNfM/?f_hotel_no=151071"" class=""3click"">つづきはこちら</a>",stw,【電子タバコ可】★リニューアルスーペリアツインルーム★,4476095.0,【キャンセル不可】確約STAYプラン【カード決済限定】,1,0,0,0,0,2,https://img.travel.rakuten.co.jp/image/tr/api/re/IdsCY/?f_no=151071&f_syu=stw&f_hi1=2026-04-21&f_hi2=2026-04-22&f_heya_su=1&f_otona_su=1&f_s1=0&f_s2=0&f_y1=0&f_y2=0&f_y3=0&f_y4=0&f_camp_id=4476095,0,2026-04-21,29600,29600,0,2026-04-21,merged-20260419
183210,ＹＯＵ　ＳＴＹＬＥ　ＨＯＴＥＬ　ＨＡＫＡＴＡ,https://img.travel.rakuten.co.jp/image/tr/api/re/pvonD/?f_no=183210,https://img.travel.rakuten.co.jp/image/tr/api/re/vFumt/?f_no=183210&f_flg=PLAN,https://img.travel.rakuten.co.jp/image/tr/api/re/WzozX/?noTomariHotel=183210,https://img.travel.rakuten.co.jp/image/tr/api/re/gJNfM/?f_hotel_no=183210,ゆー　すたいる　ほてる　はかた,【全室禁煙】2021年10月　新築グランドオープン♪博多座の隣！中洲川端駅からも徒歩3分で便利な立地！,4400,120934.57,469470.12,812-0027,福岡県,福岡市博多区下川端町10-1,092-402-4433,092-402-4432,中洲川端駅より徒歩3分,"有(1,700円/泊)※ホテル内駐車場１台分のみ。※予約制のためホテルに直接お問い合わせください。",中洲川端,https://img.travel.rakuten.co.jp/share/HOTEL/183210/183210.jpg,https://img.travel.rakuten.co.jp/HIMG/90/183210.jpg,,,https://img.travel.rakuten.co.jp/share/HOTEL/183210/183210map.gif,255.0,4.26,"クチコミの詳細はこちらから　https://review.travel.rakuten.co.jp/hotel/voic…　2026-04-03 01:49:55投稿 <a href=""https://img.travel.rakuten.co.jp/image/tr/api/re/gJNfM/?f_hotel_no=183210"" class=""3click"">つづきはこちら</a>",twin1,ツインルーム※エキストラベッドのご用意はございません。,5238826.0,★楽天アワード2年連続受賞記念★【素泊まり】2021年10月グランドオープン！全室光触媒除菌導入,1,0,0,0,0,1,https://img.travel.rakuten.co.jp/image/tr/api/re/IdsCY/?f_no=183210&f_syu=twin1&f_hi1=2026-04-21&f_hi2=2026-04-22&f_heya_su=1&f_otona_su=1&f_s1=0&f_s2=0&f_y1=0&f_y2=0&f_y3=0&f_y4=0&f_camp_id=5238826,0,2026-04-21,30400,30400,0,2026-04-21,merged-20260419
3089,プラザホテルプルミエ,https://img.travel.rakuten.co.jp/image/tr/api/re/pvonD/?f_no=3089,https://img.travel.rakuten.co.jp/image/tr/api/re/vFumt/?f_no=3089&f_flg=PLAN,https://img.travel.rakuten.co.jp/image/tr/api/re/WzozX/?noTomariHotel=3089,https://img.travel.rakuten.co.jp/image/tr/api/re/gJNfM/?f_hotel_no=3089,ぷらざほてる　ぷるみえ,福岡の天神地区のホテル。出張や買物に最適！快適なデュベスタイル・Wi-Fi接続。,3052,120902.64,469432.81,810-0041,福岡県,福岡市中央区大名1-14-13,0570-076-633,092-734-7601,博多駅、福岡空港より地下鉄で1本。空港線天神駅3番出口より徒歩7分。七隈線天神南駅2番出口より徒歩8分。,駐車場あり(先着順・予約不可)  2500円/ 1泊,天神,https://img.travel.rakuten.co.jp/share/HOTEL/3089/3089.jpg,https://img.travel.rakuten.co.jp/HIMG/90/3089.jpg,https://img.travel.rakuten.co.jp/share/HOTEL/3089/3089_tui.jpg,https://img.travel.rakuten.co.jp/HIMG/INTERIOR/3089.jpg,https://img.travel.rakuten.co.jp/share/HOTEL/3089/3089map.gif,2849.0,3.82,"クチコミの詳細…　2026-03-30 08:12:08投稿 <a href=""https://img.travel.rakuten.co.jp/image/tr/api/re/gJNfM/?f_hotel_no=3089"" class=""3click"">つづきはこちら</a>",sdn,【禁煙】スーペリアダブル,4512043.0,「プルミエ」ステイ,1,0,0,0,0,1,https://img.travel.rakuten.co.jp/image/tr/api/re/IdsCY/?f_no=3089&f_syu=sdn&f_hi1=2026-04-21&f_hi2=2026-04-22&f_heya_su=1&f_otona_su=1&f_s1=0&f_s2=0&f_y1=0&f_y2=0&f_y3=0&f_y4=0&f_camp_id=4512043,0,2026-04-21,32760,32760,0,2026-04-21,merged-20260419
192810,ザ・ゲートホテル福岡　ｂｙ　ＨＵＬＩＣ,https://img.travel.rakuten.co.jp/image/tr/api/re/pvonD/?f_no=192810,https://img.travel.rakuten.co.jp/image/tr/api/re/vFumt/?f_no=192810&f_flg=PLAN,https://img.travel.rakuten.co.jp/image/tr/api/re/WzozX/?noTomariHotel=192810,https://img.travel.rakuten.co.jp/image/tr/api/re/gJNfM/?f_hotel_no=192810,ざ・げーとほてるふくおかばいひゅーりっく,天神駅直結。最上階からは博多湾を一望。福岡をテーマにした空間で、九州の美食とともに特別な時をお届けします。,16737,120915.04,469439.69,810-0001,福岡県,福岡市中央区天神2-8-49,092-406-2605,092-406-2676,地下鉄空港線「天神」駅より直結。西改札出口を出て右手奥。,無し,天神,https://img.travel.rakuten.co.jp/share/HOTEL/192810/192810.jpg,https://img.travel.rakuten.co.jp/HIMG/90/192810.jpg,,,https://img.travel.rakuten.co.jp/share/HOTEL/192810/192810map.gif,81.0,4.47,"私が宿泊した部屋はシャワーブース…　2026-04-13 07:12:42投稿 <a href=""https://img.travel.rakuten.co.jp/image/tr/api/re/gJNfM/?f_hotel_no=192810"" class=""3click"">つづきはこちら</a>",sdn,Scenic　シーニック ダブル 禁煙,6443633.0,【直前割】空港からも便利。上質空間で過ごす福岡ホテルステイ　素泊まり,1,0,0,0,0,1,https://img.travel.rakuten.co.jp/image/tr/api/re/IdsCY/?f_no=192810&f_syu=sdn&f_hi1=2026-04-21&f_hi2=2026-04-22&f_heya_su=1&f_otona_su=1&f_s1=0&f_s2=0&f_y1=0&f_y2=0&f_y3=0&f_y4=0&f_camp_id=6443633,0,2026-04-21,61135,61135,0,2026-04-21,merged-20260419
181718,ホテルＪＡＬシティ福岡　天神,https://img.travel.rakuten.co.jp/image/tr/api/re/pvonD/?f_no=181718,https://img.travel.rakuten.co.jp/image/tr/api/re/vFumt/?f_no=181718&f_flg=PLAN,https://img.travel.rakuten.co.jp/image/tr/api/re/WzozX/?noTomariHotel=181718,https://img.travel.rakuten.co.jp/image/tr/api/re/gJNfM/?f_hotel_no=181718,ほてるじゃるしてぃふくおか　てんじん,2021年3月開業！空港・博多駅を結ぶ地下鉄赤坂駅3番出口より徒歩1分の好立地！！,9000,120909.95,469417.35,810-0041,福岡県,福岡市中央区大名2-12-5,092-718-7558,092-718-7567,福岡市営地下鉄赤坂駅3番出口より徒歩1分,"立体駐車場あり(台数26台・2,000円/泊) 予約不可",赤坂（福岡）,https://img.travel.rakuten.co.jp/share/HOTEL/181718/181718.jpg,https://img.travel.rakuten.co.jp/HIMG/90/181718.jpg,,,https://img.travel.rakuten.co.jp/share/HOTEL/181718/181718map.gif,512.0,4.49,"クチコミの詳細は…　2026-03-29 18:04:07投稿 <a href=""https://img.travel.rakuten.co.jp/image/tr/api/re/gJNfM/?f_hotel_no=181718"" class=""3click"">つづきはこちら</a>",mq,モデレートクイーン／21平米・禁煙,4933287.0,【SAVER】シンプルステイ(室料のみ),1,0,0,0,0,1,https://img.travel.rakuten.co.jp/image/tr/api/re/IdsCY/?f_no=181718&f_syu=mq&f_hi1=2026-04-21&f_hi2=2026-04-22&f_heya_su=1&f_otona_su=1&f_s1=0&f_s2=0&f_y1=0&f_y2=0&f_y3=0&f_y4=0&f_camp_id=4933287,0,2026-04-21,40000,40000,0,2026-04-21,merged-20260419
18692,サウナ＆カプセルホテル　グリーンランド中洲店,https://img.travel.rakuten.co.jp/image/tr/api/re/pvonD/?f_no=18692,https://img.travel.rakuten.co.jp/image/tr/api/re/vFumt/?f_no=18692&f_flg=PLAN,,https://img.travel.rakuten.co.jp/image/tr/api/re/gJNfM/?f_hotel_no=18692,さうなあんどかぷせるほてる　ぐりーんらんど　なかすてん,中洲の中心地にあり、カプセルは外出自由です。※当店は男性専用でございます。,4200,120924.6,469473.67,810-0801,福岡県,福岡市博多区中洲3-6-17,092-291-9000,092-281-2476,福岡市営地下鉄　中洲川端駅下車,駐車場はございません。,中洲川端,https://img.travel.rakuten.co.jp/share/HOTEL/18692/18692.jpg,https://img.travel.rakuten.co.jp/HIMG/90/18692.jpg,https://img.travel.rakuten.co.jp/share/HOTEL/18692/18692_msg.jpg,https://img.travel.rakuten.co.jp/HIMG/INTERIOR/18692.jpg,https://img.travel.rakuten.co.jp/share/HOTEL/18692/18692map.gif,959.0,4.16,"フロントの対応は一定水準以下。外出時は無造作に靴のカギを渡されるだけ、チェック…　2026-04-14 17:39:51投稿 <a href=""https://img.travel.rakuten.co.jp/image/tr/api/re/gJNfM/?f_hotel_no=18692"" class=""3click"">つづきはこちら</a>",capsule,通常カプセル(大浴場・サウナ入泉料込み）,,,1,0,0,0,0,1,https://img.travel.rakuten.co.jp/image/tr/api/re/IdsCY/?f_no=18692&f_syu=capsule&f_hi1=2026-04-21&f_hi2=2026-04-22&f_heya_su=1&f_otona_su=1&f_s1=0&f_s2=0&f_y1=0&f_y2=0&f_y3=0&f_y4=0,1,2026-04-21,4200,4200,1,2026-04-21,merged-20260419
198902,ＢＡＳＥ　ＬＡＹＥＲ　ＨＯＴＥＬ　福岡（２０２６年４月１５日ＯＰＥＮ）,https://img.travel.rakuten.co.jp/image/tr/api/re/pvonD/?f_no=198902,https://img.travel.rakuten.co.jp/image/tr/api/re/vFumt/?f_no=198902&f_flg=PLAN,https://img.travel.rakuten.co.jp/image/tr/api/re/WzozX/?noTomariHotel=198902,https://img.travel.rakuten.co.jp/image/tr/api/re/gJNfM/?f_hotel_no=198902,べーすれいやーほてるふくおか（２０２６ねん４がつ１５にちおーぷん）,快適な滞在と楽しい街遊びを支える基礎的機能ホテル,5940,120879.62,469476.79,810-0005,福岡県,福岡市中央区清川1-14-15,092-406-1256,092-406-1257,福岡市地下鉄七隈線「渡辺通駅」より徒歩7分・西鉄天神大牟田線「薬院駅」より徒歩10分,なし,天神,https://img.travel.rakuten.co.jp/share/HOTEL/198902/198902.jpg,https://img.travel.rakuten.co.jp/HIMG/90/198902.jpg,,,https://img.travel.rakuten.co.jp/share/HOTEL/198902/198902map.gif,,,,dt,ツインルーム,6440231.0,開業記念プラン 2026.04.15 GRAND OPEN,1,0,0,0,0,1,https://img.travel.rakuten.co.jp/image/tr/api/re/IdsCY/?f_no=198902&f_syu=dt&f_hi1=2026-04-21&f_hi2=2026-04-22&f_heya_su=1&f_otona_su=1&f_s1=0&f_s2=0&f_y1=0&f_y2=0&f_y3=0&f_y4=0&f_camp_id=6440231,0,2026-04-21,20240,20240,0,2026-04-21,merged-20260419
183099,グローカルホテル糸島,https://img.travel.rakuten.co.jp/image/tr/api/re/pvonD/?f_no=183099,https://img.travel.rakuten.co.jp/image/tr/api/re/vFumt/?f_no=183099&f_flg=PLAN,https://img.travel.rakuten.co.jp/image/tr/api/re/WzozX/?noTomariHotel=183099,https://img.travel.rakuten.co.jp/image/tr/api/re/gJNfM/?f_hotel_no=183099,ぐろーかるほてるいとしま,駐車場無料・大浴場あり。徒歩圏内温浴施設やサウナ・岩盤浴・食事処あり。,8200,120889.86,468777.98,819-1111,福岡県,糸島市泊844-1,092-332-9600,092-332-9606,「福岡空港」より「筑肥線(波多江駅)」で降り、タクシーで7分,有り　125台　無料　予約不要,今宿,https://img.travel.rakuten.co.jp/share/HOTEL/183099/183099.jpg,https://img.travel.rakuten.co.jp/HIMG/90/183099.jpg,,,https://img.travel.rakuten.co.jp/share/HOTEL/183099/183099map.gif,332.0,4.53,"一方で、夜の食事には少し困りました。ホテ…　2026-04-14 18:34:11投稿 <a href=""https://img.travel.rakuten.co.jp/image/tr/api/re/gJNfM/?f_hotel_no=183099"" class=""3click"">つづきはこちら</a>",dbt,ダブル畳ルーム,5346485.0,グローカルシンプルステイプラン（素泊まり）,1,0,0,0,0,1,https://img.travel.rakuten.co.jp/image/tr/api/re/IdsCY/?f_no=183099&f_syu=dbt&f_hi1=2026-04-21&f_hi2=2026-04-22&f_heya_su=1&f_otona_su=1&f_s1=0&f_s2=0&f_y1=0&f_y2=0&f_y3=0&f_y4=0&f_camp_id=5346485,0,2026-04-21,15000,15000,0,2026-04-21,merged-20260419
70215,ホテルマイステイズ福岡天神南,https://img.travel.rakuten.co.jp/image/tr/api/re/pvonD/?f_no=70215,https://img.travel.rakuten.co.jp/image/tr/api/re/vFumt/?f_no=70215&f_flg=PLAN,https://img.travel.rakuten.co.jp/image/tr/api/re/WzozX/?noTomariHotel=70215,https://img.travel.rakuten.co.jp/image/tr/api/re/gJNfM/?f_hotel_no=70215,ほてるまいすていずふくおかてんじんみなみ,地下鉄七隈線「天神南駅」から徒歩5分、「天神・中洲エリア」へ徒歩圏内。 ミニキッチン付のお部屋は連泊時に大人気！,3780,120907.54,469471.21,810-0003,福岡県,福岡市中央区春吉3-14-20,092-286-1700,092-286-2100,■空港から空港線「博多駅」にて七隈線に乗り換え「天神南駅」6番出口より徒歩5分■「天神高速バスターミナル」より徒歩８分,"ご利用の方は事前にお電話にてご予約下さい。1,500円／泊　※先着順。台数に限りがあります。　",,https://img.travel.rakuten.co.jp/share/HOTEL/70215/70215.jpg,https://img.travel.rakuten.co.jp/HIMG/90/70215.jpg,https://img.travel.rakuten.co.jp/share/HOTEL/70215/70215_s.jpg,https://img.travel.rakuten.co.jp/HIMG/INTERIOR/70215.jpg,https://img.travel.rakuten.co.jp/share/HOTEL/70215/70215map.gif,2107.0,4.24,"クチコミの詳細はこちらから　https://review.travel.raku…　2026-03-30 20:38:24投稿 <a href=""https://img.travel.rakuten.co.jp/image/tr/api/re/gJNfM/?f_hotel_no=70215"" class=""3click"">つづきはこちら</a>",d2a,禁煙◇リニューアル スタンダードダブル 電子レンジ付,6165188.0,2025年客室改装！全室スマートTV導入！【ベストレート／素泊まり】 直前予約にもオススメ！,1,0,0,0,0,1,https://img.travel.rakuten.co.jp/image/tr/api/re/IdsCY/?f_no=70215&f_syu=d2a&f_hi1=2026-04-21&f_hi2=2026-04-22&f_heya_su=1&f_otona_su=1&f_s1=0&f_s2=0&f_y1=0&f_y2=0&f_y3=0&f_y4=0&f_camp_id=6165188,0,2026-04-21,22050,22050,0,2026-04-21,merged-20260419
182484,ホテルオリエンタルエクスプレス福岡天神,https://img.travel.rakuten.co.jp/image/tr/api/re/pvonD/?f_no=182484,https://img.travel.rakuten.co.jp/image/tr/api/re/vFumt/?f_no=182484&f_flg=PLAN,https://img.travel.rakuten.co.jp/image/tr/api/re/WzozX/?noTomariHotel=182484,https://img.travel.rakuten.co.jp/image/tr/api/re/gJNfM/?f_hotel_no=182484,ほてるおりえんたるえくすぷれすふくおかてんじん,地下鉄空港線「天神駅」西1番出口より徒歩1分。★ビジネス・観光・paypayドーム・お買い物にアクセス抜群◎,6290,120920.0,469436.92,810-0001,福岡県,福岡市中央区天神3-3-14,092-401-1905,092-401-1906,地下鉄空港線「天神駅」西1番出口より徒歩1分,契約駐車場有（安国駐車場　17：00〜翌10：00　800円 　ホテルより徒歩3分）,天神,https://img.travel.rakuten.co.jp/share/HOTEL/182484/182484.jpg,https://img.travel.rakuten.co.jp/HIMG/90/182484.jpg,,,https://img.travel.rakuten.co.jp/share/HOTEL/182484/182484map.gif,300.0,3.61,"切…　2026-02-09 13:19:06投稿 <a href=""https://img.travel.rakuten.co.jp/image/tr/api/re/gJNfM/?f_hotel_no=182484"" class=""3click"">つづきはこちら</a>",sta,■スタンダードツイン 19平米（禁煙・シモンズベッド2台）,6242308.0,【期間限定★朝食プレゼント】土鍋ごはん＆多彩なおかずで至福のひとときを！（朝食ブッフェ付）,1,0,0,1,0,1,https://img.travel.rakuten.co.jp/image/tr/api/re/IdsCY/?f_no=182484&f_syu=sta&f_hi1=2026-04-21&f_hi2=2026-04-22&f_heya_su=1&f_otona_su=1&f_s1=0&f_s2=0&f_y1=0&f_y2=0&f_y3=0&f_y4=0&f_camp_id=6242308,0,2026-04-21,43100,43100,0,2026-04-21,merged-20260419
187109,ザ　ロイヤルパーク　キャンバス　福岡中洲,https://img.travel.rakuten.co.jp/image/tr/api/re/pvonD/?f_no=187109,https://img.travel.rakuten.co.jp/image/tr/api/re/vFumt/?f_no=187109&f_flg=PLAN,https://img.travel.rakuten.co.jp/image/tr/api/re/WzozX/?noTomariHotel=187109,https://img.travel.rakuten.co.jp/image/tr/api/re/gJNfM/?f_hotel_no=187109,ざ　ろいやるぱーく　きゃんばす　ふくおかなかす,天神中心部にも近いアーバンリゾート。 博多川を望むテラス席を併設したキャンバスラウンジの他、大浴場やサウナ等をご用意。,9590,120929.56,469463.5,810-0801,福岡県,福岡市博多区中洲五丁目6番20号,092-291-1188,092-291-0666,福岡市地下鉄空港線「中洲川端駅」3番出口より徒歩約2分。ビジネスでもレジャーでも便利な立地です。,ホテル近隣のある提携駐車場をご案内しております。詳細につきましては宿ニュースをご確認ください。,中洲川端,https://img.travel.rakuten.co.jp/share/HOTEL/187109/187109.jpg,https://img.travel.rakuten.co.jp/HIMG/90/187109.jpg,,,https://img.travel.rakuten.co.jp/share/HOTEL/187109/187109map.gif,142.0,4.12,"何度も宿泊していますが朝食のブッフェに3種類から選べるメインディッシュがついてるのですが、メインディッシュを選んで伝えたのに、朝食を食べ終わるまで、できてきません…　2026-03-30 03:21:22投稿 <a href=""https://img.travel.rakuten.co.jp/image/tr/api/re/gJNfM/?f_hotel_no=187109"" class=""3click"">つづきはこちら</a>",rrb,スーペリアツイン・リバーサイド【禁煙/26平米】,5645629.0,CANVAS STAY＜素泊り＞〜観光・ビジネスの拠点に！「中洲川端」駅より徒歩約2分 〜,1,0,0,0,0,1,https://img.travel.rakuten.co.jp/image/tr/api/re/IdsCY/?f_no=187109&f_syu=rrb&f_hi1=2026-04-21&f_hi2=2026-04-22&f_heya_su=1&f_otona_su=1&f_s1=0&f_s2=0&f_y1=0&f_y2=0&f_y3=0&f_y4=0&f_camp_id=5645629,0,2026-04-21,46750,46750,0,2026-04-21,merged-20260419
67832,ザ・ワンファイブテラス福岡,https://img.travel.rakuten.co.jp/image/tr/api/re/pvonD/?f_no=67832,https://img.travel.rakuten.co.jp/image/tr/api/re/vFumt/?f_no=67832&f_flg=PLAN,https://img.travel.rakuten.co.jp/image/tr/api/re/WzozX/?noTomariHotel=67832,https://img.travel.rakuten.co.jp/image/tr/api/re/gJNfM/?f_hotel_no=67832,ざ　わんふぁいぶてらす　ふくおか,ご宿泊の皆さまをウェルカムサービスでおもてなし。博多の中心。 喧騒から一歩離れたエリアに建つ プライベートリゾート,6300,120910.25,469475.1,810-0003,福岡県,福岡市中央区春吉3-14-36,0570-075-015,092-726-6190,■地下鉄「中洲川端」駅1番出口より徒歩8分■地下鉄七隈線「天神南」駅6番出口より徒歩7分,駐車場あり(先着順・予約不可)  2500円/ 1泊,中洲川端,https://img.travel.rakuten.co.jp/share/HOTEL/67832/67832.jpg,https://img.travel.rakuten.co.jp/HIMG/90/67832.jpg,https://img.travel.rakuten.co.jp/share/HOTEL/67832/67832_kya.jpg,https://img.travel.rakuten.co.jp/HIMG/INTERIOR/67832.jpg,https://img.travel.rakuten.co.jp/share/HOTEL/67832/67832map.gif,2075.0,4.21,"クチコミの詳細は…　2026-04-01 09:54:06投稿 <a href=""https://img.travel.rakuten.co.jp/image/tr/api/re/gJNfM/?f_hotel_no=67832"" class=""3click"">つづきはこちら</a>",s2n,スーペリアツイン,4921604.0,「ザ・ワンファイブ」ステイ（素泊まり）,1,0,0,0,0,1,https://img.travel.rakuten.co.jp/image/tr/api/re/IdsCY/?f_no=67832&f_syu=s2n&f_hi1=2026-04-21&f_hi2=2026-04-22&f_heya_su=1&f_otona_su=1&f_s1=0&f_s2=0&f_y1=0&f_y2=0&f_y3=0&f_y4=0&f_camp_id=4921604,0,2026-04-21,27840,27840,0,2026-04-21,merged-20260419
165560,Ｈ　ＨＯＴＥＬ,https://img.travel.rakuten.co.jp/image/tr/api/re/pvonD/?f_no=165560,https://img.travel.rakuten.co.jp/image/tr/api/re/vFumt/?f_no=165560&f_flg=PLAN,https://img.travel.rakuten.co.jp/image/tr/api/re/WzozX/?noTomariHotel=165560,https://img.travel.rakuten.co.jp/image/tr/api/re/gJNfM/?f_hotel_no=165560,えいち　ほてる,福岡の中心・大名発★設備充実の【ホテル×コワーキングスペース】高速Wi-Fi、挽きたてコーヒーに話題のあの本まで♪,5120,120906.31,469430.33,810-0041,福岡県,福岡市中央区大名2-1-13,092-722-5070,092-722-5077,地下鉄空港線「天神駅」より徒歩5分。博多駅から3駅（5分）／福岡空港から5駅（12分）,専用駐車場なし／近隣の駐車場をご案内しております〈紙与パーキング大名〉当ホテルから車で２分、徒歩５分,天神,https://img.travel.rakuten.co.jp/share/HOTEL/165560/165560.jpg,https://img.travel.rakuten.co.jp/HIMG/90/165560.jpg,,,https://img.travel.rakuten.co.jp/share/HOTEL/165560/165560map.gif,70.0,4.26,"クチコミの詳細はこちらから　https://review.travel.rakuten.co.jp/…　2026-01-12 13:00:22投稿 <a href=""https://img.travel.rakuten.co.jp/image/tr/api/re/gJNfM/?f_hotel_no=165560"" class=""3click"">つづきはこちら</a>",h8,ペントハウス（スイートルーム｜146.5平米）【禁煙】,6021982.0,【平日限定】リフレッシュウィークデイズ！リーズナブルで心もカラダもお財布もゆったりステイ＜素泊まり＞,1,0,0,0,0,2,https://img.travel.rakuten.co.jp/image/tr/api/re/IdsCY/?f_no=165560&f_syu=h8&f_hi1=2026-04-21&f_hi2=2026-04-22&f_heya_su=1&f_otona_su=1&f_s1=0&f_s2=0&f_y1=0&f_y2=0&f_y3=0&f_y4=0&f_camp_id=6021982,0,2026-04-21,81180,81180,0,2026-04-21,merged-20260419
196538,福岡プリンスホテル　ももち浜（２０２６年３月１７日開業）,https://img.travel.rakuten.co.jp/image/tr/api/re/pvonD/?f_no=196538,https://img.travel.rakuten.co.jp/image/tr/api/re/vFumt/?f_no=196538&f_flg=PLAN,https://img.travel.rakuten.co.jp/image/tr/api/re/WzozX/?noTomariHotel=196538,https://img.travel.rakuten.co.jp/image/tr/api/re/gJNfM/?f_hotel_no=196538,ふくおかぷりんすほてる　ももちはま（２０２６ねん３がつ１７にち）,【お得なクーポン配布中】2026年3月17日開業｜全室オーシャンビューのプリンスホテル,11964,120924.37,469270.09,814-0001,福岡県,福岡市早良区百道浜二丁目3番23号,092-400-1806,092-400-2016,地下鉄 西新駅から（最寄駅）：タクシー 約6分／徒歩 約20分,"62台。（有料・1泊2,000円）満車でご利用いただけない場合がございます。",西新,https://img.travel.rakuten.co.jp/share/HOTEL/196538/196538.jpg,https://img.travel.rakuten.co.jp/HIMG/90/196538.jpg,,,https://img.travel.rakuten.co.jp/share/HOTEL/196538/196538map.gif,6.0,3.0,,muton,【禁煙】スーペリア ツイン,6314267.0,2026年3月OPEN！開業記念プラン 室料のみ,1,0,0,0,0,1,https://img.travel.rakuten.co.jp/image/tr/api/re/IdsCY/?f_no=196538&f_syu=muton&f_hi1=2026-04-21&f_hi2=2026-04-22&f_heya_su=1&f_otona_su=1&f_s1=0&f_s2=0&f_y1=0&f_y2=0&f_y3=0&f_y4=0&f_camp_id=6314267,0,2026-04-21,27538,27538,0,2026-04-21,merged-20260419
182563,コンフォートイン福岡天神,https://img.travel.rakuten.co.jp/image/tr/api/re/pvonD/?f_no=182563,https://img.travel.rakuten.co.jp/image/tr/api/re/vFumt/?f_no=182563&f_flg=PLAN,https://img.travel.rakuten.co.jp/image/tr/api/re/WzozX/?noTomariHotel=182563,https://img.travel.rakuten.co.jp/image/tr/api/re/gJNfM/?f_hotel_no=182563,こんふぉーといんふくおかてんじん,地下鉄空港線「天神」駅16番出口より徒約5分◆九州最大の繁華街「中洲屋台街」まで徒歩約7分◆小学6年生まで添い寝無料,4700,120910.27,469461.25,810-0001,福岡県,福岡市中央区天神1-2-1,092-711-2811,092-711-2812,天神南駅5番出口徒歩約1分◆天神駅16番出口徒歩約5分◆博多バスターミナルA・E・F乗り場より春吉停留所下車、徒歩約1分,"敷地内駐車場　身体障碍者用1台　1泊（15:00〜10:00）2,000円　先着順",天神,https://img.travel.rakuten.co.jp/share/HOTEL/182563/182563.jpg,https://img.travel.rakuten.co.jp/HIMG/90/182563.jpg,,,https://img.travel.rakuten.co.jp/share/HOTEL/182563/182563map.gif,411.0,4.13,"クチコミの詳細はこちらから　https://review.travel.rakuten.co.jp/hotel/voice/182563?reviewId=…　2026-04-12 06:28:19投稿 <a href=""https://img.travel.rakuten.co.jp/image/tr/api/re/gJNfM/?f_hotel_no=182563"" class=""3click"">つづきはこちら</a>",nds,１ベッド◆ダブルスタンダード◆多機能シャワーブース浴室◆禁煙,5080248.0,【3日前早期割引】天神南駅から徒歩1分◆素泊まり,1,0,0,0,0,1,https://img.travel.rakuten.co.jp/image/tr/api/re/IdsCY/?f_no=182563&f_syu=nds&f_hi1=2026-04-21&f_hi2=2026-04-22&f_heya_su=1&f_otona_su=1&f_s1=0&f_s2=0&f_y1=0&f_y2=0&f_y3=0&f_y4=0&f_camp_id=5080248,0,2026-04-21,18100,18100,0,2026-04-21,merged-20260419
168796,東急ステイ福岡天神,https://img.travel.rakuten.co.jp/image/tr/api/re/pvonD/?f_no=168796,https://img.travel.rakuten.co.jp/image/tr/api/re/vFumt/?f_no=168796&f_flg=PLAN,https://img.travel.rakuten.co.jp/image/tr/api/re/WzozX/?noTomariHotel=168796,https://img.travel.rakuten.co.jp/image/tr/api/re/gJNfM/?f_hotel_no=168796,とうきゅう　すてい　ふくおか　てんじん,★楽天ブロンズアワード2023受賞☆小学生以下添い寝無料プランあり！全室洗濯乾燥機付！天神南駅から徒歩3分,6360,120909.97,469466.23,810-0003,福岡県,福岡市中央区春吉3-21-24,092-762-0109,092-762-0106,福岡空港より福岡市地下鉄空港線で5駅、地下鉄天神駅16番出口より徒歩7分/地下鉄七隈線天神南駅6番出口より徒歩3分,無。ホテル隣接のコインパーキング「トラストパーク春吉3丁目3」をご利用ください（提携駐車場無し）,博多,https://img.travel.rakuten.co.jp/share/HOTEL/168796/168796.jpg,https://img.travel.rakuten.co.jp/HIMG/90/168796.jpg,,,https://img.travel.rakuten.co.jp/share/HOTEL/168796/168796map.gif,816.0,4.33,クチコミの詳細はこちらから　https://review.travel.rakuten.co.jp/hotel/voice/168796?reviewId=33123476793116　2026-02-02 20:16:49投稿,trn2new,レジデンシャルツイン【禁煙】30平米／洗濯機・ミニキッチン付,5461387.0,【スタンダードプラン】ビジネス＆観光の拠点に！洗濯乾燥機＆電子レンジ完備【1名】（素泊）,1,0,0,0,0,1,https://img.travel.rakuten.co.jp/image/tr/api/re/IdsCY/?f_no=168796&f_syu=trn2new&f_hi1=2026-04-21&f_hi2=2026-04-22&f_heya_su=1&f_otona_su=1&f_s1=0&f_s2=0&f_y1=0&f_y2=0&f_y3=0&f_y4=0&f_camp_id=5461387,0,2026-04-21,39990,39990,0,2026-04-21,merged-20260419
178294,三井ガーデンホテル福岡中洲,https://img.travel.rakuten.co.jp/image/tr/api/re/pvonD/?f_no=178294,https://img.travel.rakuten.co.jp/image/tr/api/re/vFumt/?f_no=178294&f_flg=PLAN,https://img.travel.rakuten.co.jp/image/tr/api/re/WzozX/?noTomariHotel=178294,https://img.travel.rakuten.co.jp/image/tr/api/re/gJNfM/?f_hotel_no=178294,みついがーでんほてるふくおかなかす,地下鉄空港線中洲川端駅より徒歩約２分の好立地。最上階には大浴場をご用意♪,7700,120926.91,469463.85,810-0801,福岡県,福岡市博多区中洲5-5-1,092-263-5531,092-263-6631,地下鉄空港線　中洲川端駅中洲改札口2番出口より徒歩にて約２分,有り　24台　２，０００円（税込/泊）　先着順　 ※車両制限あり。詳細は公式HPをご確認ください。,中洲川端,https://img.travel.rakuten.co.jp/share/HOTEL/178294/178294.jpg,https://img.travel.rakuten.co.jp/HIMG/90/178294.jpg,,,https://img.travel.rakuten.co.jp/share/HOTEL/178294/178294map.gif,450.0,4.07,"QRチェックインできてスムーズでした、口コミで心配していたお風呂は19時台に行くと空いていて快適でした、シャンプーバーが7種類…　2026-03-24 17:29:25投稿 <a href=""https://img.travel.rakuten.co.jp/image/tr/api/re/gJNfM/?f_hotel_no=178294"" class=""3click"">つづきはこちら</a>",sprt2,スーペリアツイン（バスタブ）,6084288.0,【博多も天神も徒歩圏内♪大浴場で安らぎのひとときを】ベーシックプラン　＜素泊り＞,1,0,0,0,0,1,https://img.travel.rakuten.co.jp/image/tr/api/re/IdsCY/?f_no=178294&f_syu=sprt2&f_hi1=2026-04-21&f_hi2=2026-04-22&f_heya_su=1&f_otona_su=1&f_s1=0&f_s2=0&f_y1=0&f_y2=0&f_y3=0&f_y4=0&f_camp_id=6084288,0,2026-04-21,28455,28455,0,2026-04-21,merged-20260419
9230,平和台ホテル　ファイブ,https://img.travel.rakuten.co.jp/image/tr/api/re/pvonD/?f_no=9230,https://img.travel.rakuten.co.jp/image/tr/api/re/vFumt/?f_no=9230&f_flg=PLAN,https://img.travel.rakuten.co.jp/image/tr/api/re/WzozX/?noTomariHotel=9230,https://img.travel.rakuten.co.jp/image/tr/api/re/gJNfM/?f_hotel_no=9230,へいわだいほてる　ふぁいぶ,イベント盛りだくさんのみずほPayPayドーム福岡は徒歩で行ける便利な立地！近隣には居酒屋やコンビニ・スーパーもあります,2500,120908.63,469335.26,810-0054,福岡県,福岡市中央区今川1-4-2,092-732-5000,092-722-0181,地下鉄「唐人町」駅２番出口より徒歩1分（エレベーター利用の場合は7番出口より徒歩5分）,"有り　8台　平面駐車場をご希望の方は必ずお電話にてご予約ください。　料金：1,500円（税込／泊）",唐人町,https://img.travel.rakuten.co.jp/share/HOTEL/9230/9230.jpg,https://img.travel.rakuten.co.jp/HIMG/90/9230.jpg,https://img.travel.rakuten.co.jp/share/HOTEL/9230/9230_room.jpg,https://img.travel.rakuten.co.jp/HIMG/INTERIOR/9230.jpg,https://img.travel.rakuten.co.jp/share/HOTEL/9230/9230map.gif,965.0,3.6,"人や…　2026-04-15 19:28:17投稿 <a href=""https://img.travel.rakuten.co.jp/image/tr/api/re/gJNfM/?f_hotel_no=9230"" class=""3click"">つづきはこちら</a>",twn,【ツイン】〔喫煙〕全室加湿空気清浄機　Wi-Fi無料,6361037.0,【事前決済限定】平和台ホテル名物の朝食ついてないけど良いですか？PayPayドーム徒歩圏内◇素泊り◇,1,0,0,0,0,2,https://img.travel.rakuten.co.jp/image/tr/api/re/IdsCY/?f_no=9230&f_syu=twn&f_hi1=2026-04-21&f_hi2=2026-04-22&f_heya_su=1&f_otona_su=1&f_s1=0&f_s2=0&f_y1=0&f_y2=0&f_y3=0&f_y4=0&f_camp_id=6361037,0,2026-04-21,19200,19200,0,2026-04-21,merged-20260419
169898,Ｒａｋｕｔｅｎ　ＳＴＡＹ　福岡薬院,https://img.travel.rakuten.co.jp/image/tr/api/re/pvonD/?f_no=169898,https://img.travel.rakuten.co.jp/image/tr/api/re/vFumt/?f_no=169898&f_flg=PLAN,https://img.travel.rakuten.co.jp/image/tr/api/re/WzozX/?noTomariHotel=169898,https://img.travel.rakuten.co.jp/image/tr/api/re/gJNfM/?f_hotel_no=169898,,福岡薬院エリアのRakutenSTAY！西日本唯一のお買いものパンダコンセプトルームが大人気！,2475,120864.22,469478.29,810-0012,福岡県,福岡市中央区白金2-6-4,050-1725-2914,,西鉄平尾駅から徒歩約7分／薬院駅から徒歩約12分／(バス停)高砂2丁目から徒歩約3分,無し,西鉄平尾,https://img.travel.rakuten.co.jp/share/HOTEL/169898/169898.jpg,https://img.travel.rakuten.co.jp/HIMG/90/169898.jpg,,,https://img.travel.rakuten.co.jp/share/HOTEL/169898/169898map.gif,183.0,4.12,クチコミの詳細はこちらから　https://review.travel.rakuten.co.jp/hotel/voice/169898?reviewId=33123477362940　2026-04-12 09:44:40投稿,c-1,【ファミリー8】1〜5名利用(禁煙),5785246.0,▼直前割▼最大２０％OFF！神出鬼没の大特価プラン★急なお出かけでも安心♪（キャンセル不可）,1,0,0,0,0,2,https://img.travel.rakuten.co.jp/image/tr/api/re/IdsCY/?f_no=169898&f_syu=c-1&f_hi1=2026-04-21&f_hi2=2026-04-22&f_heya_su=1&f_otona_su=1&f_s1=0&f_s2=0&f_y1=0&f_y2=0&f_y3=0&f_y4=0&f_camp_id=5785246,0,2026-04-21,22240,22240,0,2026-04-21,merged-20260419
183373,ランプライトブックスホテル福岡,https://img.travel.rakuten.co.jp/image/tr/api/re/pvonD/?f_no=183373,https://img.travel.rakuten.co.jp/image/tr/api/re/vFumt/?f_no=183373&f_flg=PLAN,https://img.travel.rakuten.co.jp/image/tr/api/re/WzozX/?noTomariHotel=183373,https://img.travel.rakuten.co.jp/image/tr/api/re/gJNfM/?f_hotel_no=183373,らんぷらいとぶっくすほてるふくおか,本の世界を旅する新感覚ホテル。2021年12月福岡初進出！	【24時間営業！BOOKS＆CAFE併設】,6030,120901.2,469431.54,810-0041,福岡県,福岡市中央区大名1-15-22,092-720-7711,092-751-7733,地下鉄空港線「天神駅」下車　3番出口より徒歩8分、または「赤坂駅」下車　5番出口より徒歩6分,無し/近隣のコインパーキングへのご案内になります。,天神,https://img.travel.rakuten.co.jp/share/HOTEL/183373/183373.jpg,https://img.travel.rakuten.co.jp/HIMG/90/183373.jpg,,,https://img.travel.rakuten.co.jp/share/HOTEL/183373/183373map.gif,93.0,4.33,"クチコミの詳細はこちらから　https://review.travel.rakute…　2026-03-14 11:58:14投稿 <a href=""https://img.travel.rakuten.co.jp/image/tr/api/re/gJNfM/?f_hotel_no=183373"" class=""3click"">つづきはこちら</a>",dst,スタンダードダブル【禁煙】,5278169.0,スタンダードプラン ＜ 素泊り ＞本の世界を旅するホテル,1,0,0,0,0,1,https://img.travel.rakuten.co.jp/image/tr/api/re/IdsCY/?f_no=183373&f_syu=dst&f_hi1=2026-04-21&f_hi2=2026-04-22&f_heya_su=1&f_otona_su=1&f_s1=0&f_s2=0&f_y1=0&f_y2=0&f_y3=0&f_y4=0&f_camp_id=5278169,0,2026-04-21,31900,31900,0,2026-04-21,merged-20260419
178568,グランドキャビン天神南,https://img.travel.rakuten.co.jp/image/tr/api/re/pvonD/?f_no=178568,https://img.travel.rakuten.co.jp/image/tr/api/re/vFumt/?f_no=178568&f_flg=PLAN,,https://img.travel.rakuten.co.jp/image/tr/api/re/gJNfM/?f_hotel_no=178568,ぐらんどきゃびんてんじんみなみ,博多駅から西鉄バスもしくは地下鉄七隈線で１本、西鉄薬院駅から徒歩１分、全室個室型のカプセルホテル！,4500,120880.26,469450.6,810-0022,福岡県,福岡市中央区薬院3-3-33,092-525-0002,092-707-3780,西鉄　薬院駅より徒歩にて約１分,無し,薬院,https://img.travel.rakuten.co.jp/share/HOTEL/178568/178568.jpg,https://img.travel.rakuten.co.jp/HIMG/90/178568.jpg,https://img.travel.rakuten.co.jp/share/HOTEL/178568/178568_kan1.jpg,https://img.travel.rakuten.co.jp/HIMG/INTERIOR/178568.jpg,https://img.travel.rakuten.co.jp/share/HOTEL/178568/178568map.gif,194.0,4.18,"お部屋もシャワー室などもキレイでアメニティも充実してたので、そこの不満は無いのですが、やはり個室ではないので他の宿泊者のイビキなどが聞こえ、耳栓をしてもイ…　2026-04-14 16:36:22投稿 <a href=""https://img.travel.rakuten.co.jp/image/tr/api/re/gJNfM/?f_hotel_no=178568"" class=""3click"">つづきはこちら</a>",womenroom2,スタンダード個室　【女性専用】,6331330.0,【春のセール】素泊まり個室カプセル【女性フロア】オンライン決済プラン,1,0,0,0,0,2,https://img.travel.rakuten.co.jp/image/tr/api/re/IdsCY/?f_no=178568&f_syu=womenroom2&f_hi1=2026-04-21&f_hi2=2026-04-22&f_heya_su=1&f_otona_su=1&f_s1=0&f_s2=0&f_y1=0&f_y2=0&f_y3=0&f_y4=0&f_camp_id=6331330,0,2026-04-21,5000,5000,0,2026-04-21,merged-20260419
177834,Ｍｅｉ,https://img.travel.rakuten.co.jp/image/tr/api/re/pvonD/?f_no=177834,https://img.travel.rakuten.co.jp/image/tr/api/re/vFumt/?f_no=177834&f_flg=PLAN,https://img.travel.rakuten.co.jp/image/tr/api/re/WzozX/?noTomariHotel=177834,https://img.travel.rakuten.co.jp/image/tr/api/re/gJNfM/?f_hotel_no=177834,めい,天神・中洲・博多・屋台グルメ等の観光地からほど近い、SNSで話題のライフスタイルホテル,5747,120897.73,469471.53,810-0003,福岡県,福岡市中央区春吉2-16-19,092-771-6221,092-406-8890,【渡辺通駅】徒歩で約4分【博多駅】タクシーで約10分／地下鉄で約16分【福岡空港】タクシーで約20分／地下鉄で約25分,無し（真向かい、周辺に複数コインパーキングがございます）,博多,https://img.travel.rakuten.co.jp/share/HOTEL/177834/177834.jpg,https://img.travel.rakuten.co.jp/HIMG/90/177834.jpg,https://img.travel.rakuten.co.jp/share/HOTEL/177834/177834_kan1.jpg,https://img.travel.rakuten.co.jp/HIMG/INTERIOR/177834.jpg,https://img.travel.rakuten.co.jp/share/HOTEL/177834/177834map.gif,64.0,4.05,"クチコミの詳細はこちらから　https://r…　2026-03-16 21:40:48投稿 <a href=""https://img.travel.rakuten.co.jp/image/tr/api/re/gJNfM/?f_hotel_no=177834"" class=""3click"">つづきはこちら</a>",8,Mei アトリウムルームSmall(定員2名),4650901.0,【直前割】【素泊まり】今だけお得！当日・前日予約に◎博多のデザインホテルで気ままに滞在、直前割プラン,1,0,0,0,0,1,https://img.travel.rakuten.co.jp/image/tr/api/re/IdsCY/?f_no=177834&f_syu=8&f_hi1=2026-04-21&f_hi2=2026-04-22&f_heya_su=1&f_otona_su=1&f_s1=0&f_s2=0&f_y1=0&f_y2=0&f_y3=0&f_y4=0&f_camp_id=4650901,0,2026-04-21,25080,25080,0,2026-04-21,merged-20260419
72791,ホテルマイステイズ福岡天神,https://img.travel.rakuten.co.jp/image/tr/api/re/pvonD/?f_no=72791,https://img.travel.rakuten.co.jp/image/tr/api/re/vFumt/?f_no=72791&f_flg=PLAN,https://img.travel.rakuten.co.jp/image/tr/api/re/WzozX/?noTomariHotel=72791,https://img.travel.rakuten.co.jp/image/tr/api/re/gJNfM/?f_hotel_no=72791,まいすていずふくおかてんじん,福岡の中心 天神駅より徒歩5分とアクセス至便！くつろぎと快適さをお届けいたします。,3590,120920.66,469433.4,810-0001,福岡県,福岡市中央区天神3-5-7,092-687-1100,092-687-1102,地下鉄 天神駅の4番出口より徒歩5分 福岡空港から乗り換えなし10分。コンビニまで徒歩１分,敷地内駐車場は【コインパーキング】です。（※ご予約制ではございませんのでご了承ください）,天神,https://img.travel.rakuten.co.jp/share/HOTEL/72791/72791.jpg,https://img.travel.rakuten.co.jp/HIMG/90/72791.jpg,https://img.travel.rakuten.co.jp/share/HOTEL/72791/72791_room.jpg,https://img.travel.rakuten.co.jp/HIMG/INTERIOR/72791.jpg,https://img.travel.rakuten.co.jp/share/HOTEL/72791/72791map.gif,1923.0,4.23,"クチコミの詳細はこちらから　https://review.travel.rakuten.co.jp/hotel/voice/72791?reviewId=…　2026-04-03 16:47:29投稿 <a href=""https://img.travel.rakuten.co.jp/image/tr/api/re/gJNfM/?f_hotel_no=72791"" class=""3click"">つづきはこちら</a>",sians,□禁煙□スタンダードダブル【15平米】,3362446.0,【素泊まり / ベストレート】小学生のお子様まで【添い寝無料】,1,0,0,0,0,1,https://img.travel.rakuten.co.jp/image/tr/api/re/IdsCY/?f_no=72791&f_syu=sians&f_hi1=2026-04-21&f_hi2=2026-04-22&f_heya_su=1&f_otona_su=1&f_s1=0&f_s2=0&f_y1=0&f_y2=0&f_y3=0&f_y4=0&f_camp_id=3362446,0,2026-04-21,24670,24670,0,2026-04-21,merged-20260419
40839,ザ・ワンファイブ福岡天神,https://img.travel.rakuten.co.jp/image/tr/api/re/pvonD/?f_no=40839,https://img.travel.rakuten.co.jp/image/tr/api/re/vFumt/?f_no=40839&f_flg=PLAN,https://img.travel.rakuten.co.jp/image/tr/api/re/WzozX/?noTomariHotel=40839,https://img.travel.rakuten.co.jp/image/tr/api/re/gJNfM/?f_hotel_no=40839,ざ　わんふぁいぶ　ふくおか　てんじん,福岡空港から地下鉄に乗り乗換不要で14分。博多駅からも乗換不要で9分です。観光にも便利な西鉄福岡（天神）駅へも4分です。,3870,120914.22,469429.19,810-0041,福岡県,福岡市中央区大名2-8-12,0570-003-515,092-739-0220,地下鉄『天神駅』1番出口より徒歩3分 ※1番出口が一時閉鎖中のため4番出口をご利用ください,なし ※周辺のコインパーキングをご案内します。,天神,https://img.travel.rakuten.co.jp/share/HOTEL/40839/40839.jpg,https://img.travel.rakuten.co.jp/HIMG/90/40839.jpg,https://img.travel.rakuten.co.jp/share/HOTEL/40839/40839_ky.jpg,https://img.travel.rakuten.co.jp/HIMG/INTERIOR/40839.jpg,https://img.travel.rakuten.co.jp/share/HOTEL/40839/40839map.gif,2117.0,3.65,"コンビニも近くて、ホテルも新しくアメニティも持っていくタイプ、受付は外人で…　2026-03-09 16:52:08投稿 <a href=""https://img.travel.rakuten.co.jp/image/tr/api/re/gJNfM/?f_hotel_no=40839"" class=""3click"">つづきはこちら</a>",s2nn2,スーペリアツイン,4894220.0,「ザ・ワンファイブ」ステイ,1,0,0,0,0,1,https://img.travel.rakuten.co.jp/image/tr/api/re/IdsCY/?f_no=40839&f_syu=s2nn2&f_hi1=2026-04-21&f_hi2=2026-04-22&f_heya_su=1&f_otona_su=1&f_s1=0&f_s2=0&f_y1=0&f_y2=0&f_y3=0&f_y4=0&f_camp_id=4894220,0,2026-04-21,32580,32580,0,2026-04-21,merged-20260419
44139,博多温泉　旅館　富士の苑,https://img.travel.rakuten.co.jp/image/tr/api/re/pvonD/?f_no=44139,https://img.travel.rakuten.co.jp/image/tr/api/re/vFumt/?f_no=44139&f_flg=PLAN,https://img.travel.rakuten.co.jp/image/tr/api/re/WzozX/?noTomariHotel=44139,https://img.travel.rakuten.co.jp/image/tr/api/re/gJNfM/?f_hotel_no=44139,はかたおんせん　ふじのえん,福岡市内唯一の温泉地、博多温泉。当温泉は、加温加水、ろ過循環なしの源泉100％完全掛け流しの温泉です。,6400,120762.43,469565.16,811-1344,福岡県,福岡市南区三宅3-19-7,092-551-4126,092-551-8445,西鉄　大橋駅より車で5分程度／三宅本町バス停もしくは和田バス停より徒歩6分,国道385号線南市民プール前信号より入る。道が広いです。普通車無料　隣接するゴルフ練習場跡地に駐車,大橋（福岡）,https://img.travel.rakuten.co.jp/share/HOTEL/44139/44139.jpg,https://img.travel.rakuten.co.jp/HIMG/90/44139.jpg,https://img.travel.rakuten.co.jp/share/HOTEL/44139/44139_kya.jpg,https://img.travel.rakuten.co.jp/HIMG/INTERIOR/44139.jpg,https://img.travel.rakuten.co.jp/share/HOTEL/44139/44139map.gif,436.0,4.62,"スタッフの方の対応が皆さん丁寧で気持ち良かったです。部屋は少し古いのかもしれませんが広々していて綺麗にしてあり、まるで自宅にいるような快適さでした。温泉もとても気…　2026-04-07 08:20:29投稿 <a href=""https://img.travel.rakuten.co.jp/image/tr/api/re/gJNfM/?f_hotel_no=44139"" class=""3click"">つづきはこちら</a>",w,和室（禁煙室）,1612745.0,◆　素泊まり,1,0,0,0,0,1,https://img.travel.rakuten.co.jp/image/tr/api/re/IdsCY/?f_no=44139&f_syu=w&f_hi1=2026-04-21&f_hi2=2026-04-22&f_heya_su=1&f_otona_su=1&f_s1=0&f_s2=0&f_y1=0&f_y2=0&f_y3=0&f_y4=0&f_camp_id=1612745,0,2026-04-21,6400,6400,0,2026-04-21,merged-20260419
164644,ＷｅＢａｓｅ博多　ホステル,https://img.travel.rakuten.co.jp/image/tr/api/re/pvonD/?f_no=164644,https://img.travel.rakuten.co.jp/image/tr/api/re/vFumt/?f_no=164644&f_flg=PLAN,https://img.travel.rakuten.co.jp/image/tr/api/re/WzozX/?noTomariHotel=164644,https://img.travel.rakuten.co.jp/image/tr/api/re/gJNfM/?f_hotel_no=164644,うぃーべーすはかた　ほすてる,【立地に自信あり】【無料朝食】【清潔度◎】大好評！広々ラウンジは24H寛げ、自炊もOK！,4060,120932.4,469478.37,812-0025,福岡県,福岡市博多区店屋町5-9,092-292-2322,092-292-2305,中洲川端「7番出口」より徒歩3分！中洲繁華街まで徒歩5分◆天神1駅(徒歩10分)◆博多2駅◆空港4駅,"紙与パーキング（立駐駐車場）：15時〜翌12時  1,300円 ※徒歩3分",中洲川端,https://img.travel.rakuten.co.jp/share/HOTEL/164644/164644.jpg,https://img.travel.rakuten.co.jp/HIMG/90/164644.jpg,https://img.travel.rakuten.co.jp/share/HOTEL/164644/164644_kan.jpg,https://img.travel.rakuten.co.jp/HIMG/INTERIOR/164644.jpg,https://img.travel.rakuten.co.jp/share/HOTEL/164644/164644map.gif,258.0,3.95,"LIVE参戦のために娘とツインルームに2泊しました。駅から近く迷うことなく着きましたし、とても便利でした。ベッドの下に前の方のスリッパが落ちていてお掃除は?となりましたが、その他…　2026-03-02 18:07:45投稿 <a href=""https://img.travel.rakuten.co.jp/image/tr/api/re/gJNfM/?f_hotel_no=164644"" class=""3click"">つづきはこちら</a>",124578,【相部屋】男女共用ルーム（カプセル／シャワー・トイレ共用）,5453313.0,【迷ったらこれ】朝食付スタンダードプラン｜清潔感が自慢のホステル＜共用シャワー・トイレ＞,1,0,0,1,0,2,https://img.travel.rakuten.co.jp/image/tr/api/re/IdsCY/?f_no=164644&f_syu=124578&f_hi1=2026-04-21&f_hi2=2026-04-22&f_heya_su=1&f_otona_su=1&f_s1=0&f_s2=0&f_y1=0&f_y2=0&f_y3=0&f_y4=0&f_camp_id=5453313,0,2026-04-21,8290,8290,0,2026-04-21,merged-20260419
197953,２－ｔｉｍｅｓ．Ｄｏｍｉｔｏｒｙ　Ｈｏｔｅｌ,https://img.travel.rakuten.co.jp/image/tr/api/re/pvonD/?f_no=197953,https://img.travel.rakuten.co.jp/image/tr/api/re/vFumt/?f_no=197953&f_flg=PLAN,,https://img.travel.rakuten.co.jp/image/tr/api/re/gJNfM/?f_hotel_no=197953,つーたいむすどみとりーほてる,糸島 駅近 最安値　筑前前原駅から徒歩３分　漆喰調のオシャレな施設　,3200,120799.02,468726.81,819-1116,福岡県,糸島市前原中央2-4-16,070-4110-0005,--,筑前前原駅より徒歩3分,なし,筑前前原,https://img.travel.rakuten.co.jp/share/HOTEL/197953/197953.jpg,https://img.travel.rakuten.co.jp/HIMG/90/197953.jpg,,,https://img.travel.rakuten.co.jp/share/HOTEL/197953/197953map.gif,6.0,3.0,,3,男女共用ドミトリー・二段ベッド１名分（バス・トイレ共用）,,,1,0,0,0,0,2,https://img.travel.rakuten.co.jp/image/tr/api/re/IdsCY/?f_no=197953&f_syu=3&f_hi1=2026-04-21&f_hi2=2026-04-22&f_heya_su=1&f_otona_su=1&f_s1=0&f_s2=0&f_y1=0&f_y2=0&f_y3=0&f_y4=0,1,2026-04-21,3200,3200,0,2026-04-21,merged-20260419
2771,ホテル　イル・パラッツォ,https://img.travel.rakuten.co.jp/image/tr/api/re/pvonD/?f_no=2771,https://img.travel.rakuten.co.jp/image/tr/api/re/vFumt/?f_no=2771&f_flg=PLAN,https://img.travel.rakuten.co.jp/image/tr/api/re/WzozX/?noTomariHotel=2771,https://img.travel.rakuten.co.jp/image/tr/api/re/gJNfM/?f_hotel_no=2771,いる　ぱらっつぉ,歴史あるデザインホテルで「Re-Design」された空間と時間をお過ごしください,15200,120911.56,469474.97,810-0003,福岡県,福岡市中央区春吉3-13-1,0570-009-915,092-235-5778,地下鉄空港線「中洲川端」駅1番出口より徒歩7分、七隈線「天神南」駅6番出口より徒歩6分。JR博多駅よりタクシーで約6分,1泊2500円（税込） ※先着順・予約不可,中洲川端,https://img.travel.rakuten.co.jp/share/HOTEL/2771/2771.jpg,https://img.travel.rakuten.co.jp/HIMG/90/2771.jpg,https://img.travel.rakuten.co.jp/share/HOTEL/2771/2771_heya2.jpg,https://img.travel.rakuten.co.jp/HIMG/INTERIOR/2771.jpg,https://img.travel.rakuten.co.jp/share/HOTEL/2771/2771map.gif,1760.0,4.63,"クチコミの詳細はこちらから　https://r…　2026-03-27 10:18:36投稿 <a href=""https://img.travel.rakuten.co.jp/image/tr/api/re/gJNfM/?f_hotel_no=2771"" class=""3click"">つづきはこちら</a>",sq,スーペリアクイーン,5726431.0,【朝食＆ラウンジアクセス付き】Re-Design空間で過ごす特別な時間,1,0,0,1,0,1,https://img.travel.rakuten.co.jp/image/tr/api/re/IdsCY/?f_no=2771&f_syu=sq&f_hi1=2026-04-21&f_hi2=2026-04-22&f_heya_su=1&f_otona_su=1&f_s1=0&f_s2=0&f_y1=0&f_y2=0&f_y3=0&f_y4=0&f_camp_id=5726431,0,2026-04-21,31375,31375,0,2026-04-21,merged-20260419
183253,ＵＮＰＬＡＮ　Ｆｕｋｕｏｋａ,https://img.travel.rakuten.co.jp/image/tr/api/re/pvonD/?f_no=183253,https://img.travel.rakuten.co.jp/image/tr/api/re/vFumt/?f_no=183253&f_flg=PLAN,,https://img.travel.rakuten.co.jp/image/tr/api/re/gJNfM/?f_hotel_no=183253,あんぷらん　ふくおか,【大濠公園駅から徒歩１分】コンビニまで徒歩約30秒、PayPayドームまでのアクセス抜群◎長期滞在にも人気なホステル！,3811,120913.53,469376.25,810-0074,福岡県,福岡市中央区大手門3-4-1,092-406-7704,092-406-7704,■福岡空港より空港線の大濠公園駅下車 4番出口から徒歩1分  ■PayPayドームまでバスで９分,提携の駐車場はございません。近隣の駐車場をご利用ください。,大濠公園,https://img.travel.rakuten.co.jp/share/HOTEL/183253/183253.jpg,https://img.travel.rakuten.co.jp/HIMG/90/183253.jpg,,,https://img.travel.rakuten.co.jp/share/HOTEL/183253/183253map.gif,127.0,4.08,"清掃もしっかり行き届いており、1階ではチェックインまでの時間や外に出るまでの時間に軽食を取…　2026-04-07 16:39:44投稿 <a href=""https://img.travel.rakuten.co.jp/image/tr/api/re/gJNfM/?f_hotel_no=183253"" class=""3click"">つづきはこちら</a>",dormitory,男女共用ドミトリールーム,5241271.0,【返金不可】【無料朝食付き】ドミトリー・PODルーム★大濠公園駅から徒歩１分◎,1,0,0,0,0,2,https://img.travel.rakuten.co.jp/image/tr/api/re/IdsCY/?f_no=183253&f_syu=dormitory&f_hi1=2026-04-21&f_hi2=2026-04-22&f_heya_su=1&f_otona_su=1&f_s1=0&f_s2=0&f_y1=0&f_y2=0&f_y3=0&f_y4=0&f_camp_id=5241271,0,2026-04-21,5913,5913,0,2026-04-21,merged-20260419
184507,クロスライフ博多天神（オリックスホテルズ＆リゾーツ）,https://img.travel.rakuten.co.jp/image/tr/api/re/pvonD/?f_no=184507,https://img.travel.rakuten.co.jp/image/tr/api/re/vFumt/?f_no=184507&f_flg=PLAN,https://img.travel.rakuten.co.jp/image/tr/api/re/WzozX/?noTomariHotel=184507,https://img.travel.rakuten.co.jp/image/tr/api/re/gJNfM/?f_hotel_no=184507,くろすらいふはかたてんじん（おりっくすほてるず＆りぞーと）,【地下鉄七隈線「天神南」駅 6番出口より徒歩7分】、【大浴場・サウナ】【スマートTV】完備。,7400,120904.02,469472.41,810-0003,福岡県,福岡市中央区春吉3-26-30,092-733-0130,092-733-8780,・地下鉄七隈線「天神南」駅 6番出口より徒歩7分,有り　22台　1700円（税込み／泊）　要予約,天神,https://img.travel.rakuten.co.jp/share/HOTEL/184507/184507.jpg,https://img.travel.rakuten.co.jp/HIMG/90/184507.jpg,,,https://img.travel.rakuten.co.jp/share/HOTEL/184507/184507map.gif,109.0,4.33,"クチコミの詳細はこちらから　https:/…　2026-04-06 10:59:14投稿 <a href=""https://img.travel.rakuten.co.jp/image/tr/api/re/gJNfM/?f_hotel_no=184507"" class=""3click"">つづきはこちら</a>",04,ソファベッド付きコンフォートクイーン,5944390.0,【返金不可】朝食付き ドリンクチケット付き,1,0,0,1,0,2,https://img.travel.rakuten.co.jp/image/tr/api/re/IdsCY/?f_no=184507&f_syu=04&f_hi1=2026-04-21&f_hi2=2026-04-22&f_heya_su=1&f_otona_su=1&f_s1=0&f_s2=0&f_y1=0&f_y2=0&f_y3=0&f_y4=0&f_camp_id=5944390,0,2026-04-21,32400,32400,0,2026-04-21,merged-20260419
2772,ソラリア西鉄ホテル福岡,https://img.travel.rakuten.co.jp/image/tr/api/re/pvonD/?f_no=2772,https://img.travel.rakuten.co.jp/image/tr/api/re/vFumt/?f_no=2772&f_flg=PLAN,https://img.travel.rakuten.co.jp/image/tr/api/re/WzozX/?noTomariHotel=2772,https://img.travel.rakuten.co.jp/image/tr/api/re/gJNfM/?f_hotel_no=2772,そらりあにしてつほてるふくおか,【天神の中心で福岡を満喫】全室洗い場付きバスルームで快適ステイ♪こだわりの家具と灯りの中で過ごす非日常のひととき,15600,120908.33,469443.08,810-0001,福岡県,福岡市中央区天神2-2-43,092-761-6500,092-781-1211,バスセンター直結、地下鉄「天神駅」5番(もしくは6A番)出口から徒歩5分。ソラリアプラザ館内にホテルがあります。,"2,000円/1泊1台  ※「ソラリア西鉄ホテル地下駐車場」もしくは、「ソラリアターミナル駐車場」",西鉄福岡,https://img.travel.rakuten.co.jp/share/HOTEL/2772/2772.jpg,https://img.travel.rakuten.co.jp/HIMG/90/2772.jpg,https://img.travel.rakuten.co.jp/share/HOTEL/2772/2772_twin.jpg,https://img.travel.rakuten.co.jp/HIMG/INTERIOR/2772.jpg,https://img.travel.rakuten.co.jp/share/HOTEL/2772/2772map.gif,2686.0,4.69,"…　2026-03-29 10:20:30投稿 <a href=""https://img.travel.rakuten.co.jp/image/tr/api/re/gJNfM/?f_hotel_no=2772"" class=""3click"">つづきはこちら</a>",dbm,モデレートダブル,4290883.0,【スタンダード】当日予約も可能なお得プラン＜朝食ビュッフェ付＞,1,0,0,1,0,1,https://img.travel.rakuten.co.jp/image/tr/api/re/IdsCY/?f_no=2772&f_syu=dbm&f_hi1=2026-04-21&f_hi2=2026-04-22&f_heya_su=1&f_otona_su=1&f_s1=0&f_s2=0&f_y1=0&f_y2=0&f_y3=0&f_y4=0&f_camp_id=4290883,0,2026-04-21,38500,38500,0,2026-04-21,merged-20260419
191620,９ＨＯＴＥＬ　Ｔｅｎｊｉｎ,https://img.travel.rakuten.co.jp/image/tr/api/re/pvonD/?f_no=191620,https://img.travel.rakuten.co.jp/image/tr/api/re/vFumt/?f_no=191620&f_flg=PLAN,,https://img.travel.rakuten.co.jp/image/tr/api/re/gJNfM/?f_hotel_no=191620,ないんほてる　てんじん,２０２４年春グランドオープン！サウナでととのうホテル！専用サウナ付き客室もあります。,7200,120900.28,469480.19,810-0003,福岡県,福岡市中央区春吉2-2-32,092-406-5151,092-263-5020,地下鉄七隈線天神南駅 徒歩約１０分、櫛田神社前駅徒歩約10分,無し,薬院,https://img.travel.rakuten.co.jp/share/HOTEL/191620/191620.jpg,https://img.travel.rakuten.co.jp/HIMG/90/191620.jpg,,,https://img.travel.rakuten.co.jp/share/HOTEL/191620/191620map.gif,7.0,4.8,,005,デラックスツイン(専用サウナ付き),5919525.0,【スタンダードプラン】2024年5月24日グランドオープン！軽朝食付き♪,1,0,0,0,0,1,https://img.travel.rakuten.co.jp/image/tr/api/re/IdsCY/?f_no=191620&f_syu=005&f_hi1=2026-04-21&f_hi2=2026-04-22&f_heya_su=1&f_otona_su=1&f_s1=0&f_s2=0&f_y1=0&f_y2=0&f_y3=0&f_y4=0&f_camp_id=5919525,0,2026-04-21,36400,36400,0,2026-04-21,merged-20260419
166945,ランドーホテル福岡,https://img.travel.rakuten.co.jp/image/tr/api/re/pvonD/?f_no=166945,https://img.travel.rakuten.co.jp/image/tr/api/re/vFumt/?f_no=166945&f_flg=PLAN,https://img.travel.rakuten.co.jp/image/tr/api/re/WzozX/?noTomariHotel=166945,https://img.travel.rakuten.co.jp/image/tr/api/re/gJNfM/?f_hotel_no=166945,らんどーほてる　ふくおか,多彩なカラースキームとこだわりの家具を全室に施したデザイナーズホテル　全室にバルコニーを完備,4500,120883.36,469481.95,810-0005,福岡県,福岡市中央区清川1-2-3,0925265231,03-5615-2997,博多駅から10分毎にバスが出発しております。5分ほどバスに揺られ「柳橋」で下車後徒歩2分ほどでご到着です。,駐車場のご用意はございません。近隣のパーキングをご利用くださいませ。,,https://img.travel.rakuten.co.jp/share/HOTEL/166945/166945.jpg,https://img.travel.rakuten.co.jp/HIMG/90/166945.jpg,,,https://img.travel.rakuten.co.jp/share/HOTEL/166945/166945map.gif,58.0,4.75,,es01,プレジデンシャルスイート/40平米　テラス付,4927495.0,【全室バルコニー完備】【返金不可】　生活家電とキッチン完備の客室で自炊を満喫♪,1,0,0,0,0,2,https://img.travel.rakuten.co.jp/image/tr/api/re/IdsCY/?f_no=166945&f_syu=es01&f_hi1=2026-04-21&f_hi2=2026-04-22&f_heya_su=1&f_otona_su=1&f_s1=0&f_s2=0&f_y1=0&f_y2=0&f_y3=0&f_y4=0&f_camp_id=4927495,0,2026-04-21,25000,25000,0,2026-04-21,merged-20260419
187948,ＪＵＳＴＩＮ　ＦＵＫＵＯＫＡ,https://img.travel.rakuten.co.jp/image/tr/api/re/pvonD/?f_no=187948,https://img.travel.rakuten.co.jp/image/tr/api/re/vFumt/?f_no=187948&f_flg=PLAN,,https://img.travel.rakuten.co.jp/image/tr/api/re/gJNfM/?f_hotel_no=187948,じゃすてぃんふくおか,【無人フロントホテル】九州一の繁華街天神から徒歩10分の好立地！２０２３年８月にリニューアルオープン！,2405,120922.59,469428.25,810-0073,福岡県,福岡市中央区舞鶴1-8-28,092-409-4892,,天神駅から徒歩10分,専用駐車場・提携駐車場はございません。 公式サイトから、近隣のコインパーキングをご確認下さい。,天神,https://img.travel.rakuten.co.jp/share/HOTEL/187948/187948.jpg,https://img.travel.rakuten.co.jp/HIMG/90/187948.jpg,,,https://img.travel.rakuten.co.jp/share/HOTEL/187948/187948map.gif,6.0,4.75,,bhito,コンフォートB,5757890.0,【素泊まり】スタンダードプラン「迷ったらコレ！」,1,0,0,0,0,2,https://img.travel.rakuten.co.jp/image/tr/api/re/IdsCY/?f_no=187948&f_syu=bhito&f_hi1=2026-04-21&f_hi2=2026-04-22&f_heya_su=1&f_otona_su=1&f_s1=0&f_s2=0&f_y1=0&f_y2=0&f_y3=0&f_y4=0&f_camp_id=5757890,0,2026-04-21,32000,32000,0,2026-04-21,merged-20260419
198328,ホテルＹｅｅＴ天神南,https://img.travel.rakuten.co.jp/image/tr/api/re/pvonD/?f_no=198328,https://img.travel.rakuten.co.jp/image/tr/api/re/vFumt/?f_no=198328&f_flg=PLAN,,https://img.travel.rakuten.co.jp/image/tr/api/re/gJNfM/?f_hotel_no=198328,ほてるいーとてんじんみなみ,新築ホテルが誕生！,3336,120877.2,469482.58,810-0005,福岡県,福岡市中央区清川2-11-16,092-409-4892,,渡辺通駅より徒歩11分,なし,天神,https://img.travel.rakuten.co.jp/share/HOTEL/198328/198328.jpg,https://img.travel.rakuten.co.jp/HIMG/90/198328.jpg,,,https://img.travel.rakuten.co.jp/share/HOTEL/198328/198328map.gif,,,,ahito,1ベッドルーム　アパートメントA,6371445.0,【素泊まり】スタンダードプラン「迷ったらコレ！」,1,0,0,0,0,2,https://img.travel.rakuten.co.jp/image/tr/api/re/IdsCY/?f_no=198328&f_syu=ahito&f_hi1=2026-04-21&f_hi2=2026-04-22&f_heya_su=1&f_otona_su=1&f_s1=0&f_s2=0&f_y1=0&f_y2=0&f_y3=0&f_y4=0&f_camp_id=6371445,0,2026-04-21,26668,26668,0,2026-04-21,merged-20260419
176952,糸島ゲストハウス＆バックパッカーズ　ＴＯＭＯ,https://img.travel.rakuten.co.jp/image/tr/api/re/pvonD/?f_no=176952,https://img.travel.rakuten.co.jp/image/tr/api/re/vFumt/?f_no=176952&f_flg=PLAN,,https://img.travel.rakuten.co.jp/image/tr/api/re/gJNfM/?f_hotel_no=176952,いとしまげすとはうすあんどばっくぱっかーず　とも,一人旅でもグループ旅行でも、シーンを選ばず宿泊できるゲストハウス。天神へも電車で約30分。福岡の観光にもお使い頂けます。,3240,120807.25,468725.68,819-1116,福岡県,糸島市前原中央3-5-24,092-332-1588,092-332-1589,ＪＲ筑肥線　筑前前原駅より徒歩にて約６分,有り　３台　無料　要予約,筑前前原,https://img.travel.rakuten.co.jp/share/HOTEL/176952/176952.jpg,https://img.travel.rakuten.co.jp/HIMG/90/176952.jpg,https://img.travel.rakuten.co.jp/share/HOTEL/176952/176952_kan1.jpg,https://img.travel.rakuten.co.jp/HIMG/INTERIOR/176952.jpg,https://img.travel.rakuten.co.jp/share/HOTEL/176952/176952map.gif,58.0,4.73,"クチコミの詳細はこちらから　http…　2026-03-22 22:04:29投稿 <a href=""https://img.travel.rakuten.co.jp/image/tr/api/re/gJNfM/?f_hotel_no=176952"" class=""3click"">つづきはこちら</a>",bunkmix,【男女共有ドミトリー】禁煙・Wi-Fi無料,5228829.0,【素泊まりプラン】　自然あり、グルメあり、観光あり　魅力的な糸島の観光の拠点としてご利用下さい。,1,0,0,0,0,1,https://img.travel.rakuten.co.jp/image/tr/api/re/IdsCY/?f_no=176952&f_syu=bunkmix&f_hi1=2026-04-21&f_hi2=2026-04-22&f_heya_su=1&f_otona_su=1&f_s1=0&f_s2=0&f_y1=0&f_y2=0&f_y3=0&f_y4=0&f_camp_id=5228829,0,2026-04-21,3600,3600,0,2026-04-21,merged-20260419
181287,ＨＯＴＥＬ＆ＣＯ,https://img.travel.rakuten.co.jp/image/tr/api/re/pvonD/?f_no=181287,https://img.travel.rakuten.co.jp/image/tr/api/re/vFumt/?f_no=181287&f_flg=PLAN,https://img.travel.rakuten.co.jp/image/tr/api/re/WzozX/?noTomariHotel=181287,https://img.travel.rakuten.co.jp/image/tr/api/re/gJNfM/?f_hotel_no=181287,あんどこー,【無人フロントホテル】カフェ風のこだわりが詰まったホテル,2574,120877.34,469457.18,810-0012,福岡県,福岡市中央区白金1-17-13,092-409-4892,,JR博多駅、福岡天神駅からはバスで10分で薬院に到着。薬院駅からは徒歩3分,敷地内に有料コインパーキング有（5台）,福岡空港,https://img.travel.rakuten.co.jp/share/HOTEL/181287/181287.jpg,https://img.travel.rakuten.co.jp/HIMG/90/181287.jpg,,,https://img.travel.rakuten.co.jp/share/HOTEL/181287/181287map.gif,7.0,4.25,,bhito,スーペリアB,4979580.0,【素泊まり】スタンダードプラン「迷ったらコレ！」,1,0,0,0,0,2,https://img.travel.rakuten.co.jp/image/tr/api/re/IdsCY/?f_no=181287&f_syu=bhito&f_hi1=2026-04-21&f_hi2=2026-04-22&f_heya_su=1&f_otona_su=1&f_s1=0&f_s2=0&f_y1=0&f_y2=0&f_y3=0&f_y4=0&f_camp_id=4979580,0,2026-04-21,16800,16800,0,2026-04-21,merged-20260419
184878,のこのしまアイランドパーク　Ｖｉｌｌａ防人,https://img.travel.rakuten.co.jp/image/tr/api/re/pvonD/?f_no=184878,https://img.travel.rakuten.co.jp/image/tr/api/re/vFumt/?f_no=184878&f_flg=PLAN,,https://img.travel.rakuten.co.jp/image/tr/api/re/gJNfM/?f_hotel_no=184878,のこのしまあいらんどぱーく びらさきもり,２０２２年７月オープン！日本でもっともチルな島、能古島の一棟貸切コテージ。福岡市内から船で１０分、バスで１０分,4500,121071.42,469093.8,819-0012,福岡県,福岡市西区能古1624,092-881-4474,092-881-4424,福岡空港よりお車にて約40分、姪浜旅客待合所からフェリーで約10分、渡船場前からバスで約10分。,有。無料10台。場所をご案内いたしますので備考欄にお車で来られる事とメールアドレスをご明記ください。,福岡空港,https://img.travel.rakuten.co.jp/share/HOTEL/184878/184878.jpg,https://img.travel.rakuten.co.jp/HIMG/90/184878.jpg,,,https://img.travel.rakuten.co.jp/share/HOTEL/184878/184878map.gif,32.0,4.6,,umi01,［露天ジャグジー付］潮風ヴィラ,5643168.0,【ゆったり露天ジャグジー】花畑と潮風に癒やされる休日♪一戸建てコテージで大切な方と＜潮風・素泊まり＞,1,0,0,0,0,1,https://img.travel.rakuten.co.jp/image/tr/api/re/IdsCY/?f_no=184878&f_syu=umi01&f_hi1=2026-04-21&f_hi2=2026-04-22&f_heya_su=1&f_otona_su=1&f_s1=0&f_s2=0&f_y1=0&f_y2=0&f_y3=0&f_y4=0&f_camp_id=5643168,0,2026-04-21,27000,27000,0,2026-04-21,merged-20260419
194536,Ｍａｉｓｏｎ　Ｙｏｔｓｕｋｕｒｏ　＾,https://img.travel.rakuten.co.jp/image/tr/api/re/pvonD/?f_no=194536,https://img.travel.rakuten.co.jp/image/tr/api/re/vFumt/?f_no=194536&f_flg=PLAN,,https://img.travel.rakuten.co.jp/image/tr/api/re/gJNfM/?f_hotel_no=194536,,Ｍａｉｓｏｎ　Ｙｏｔｓｕｋｕｒｏ　は、活気あふれる商店街の中に佇むユニークな民泊施設です。,5035,120888.45,469479.26,810-0003,福岡県,福岡市中央区春吉1-3-12　Ｍａｉｓｏｎ　Ｙｏｔｓｕｋｕｒｏ,080-3188-3570,000-000-0000,渡辺通駅から徒歩で約４分,無し,薬院,https://img.travel.rakuten.co.jp/share/HOTEL/194536/194536.jpg,https://img.travel.rakuten.co.jp/HIMG/90/194536.jpg,,,https://img.travel.rakuten.co.jp/share/HOTEL/194536/194536map.gif,1.0,,,1236360_5,一戸建て,6248788.0,市場内に住む、非日常の体験を味わえる施設です。,1,0,0,0,0,2,https://img.travel.rakuten.co.jp/image/tr/api/re/IdsCY/?f_no=194536&f_syu=1236360_5&f_hi1=2026-04-21&f_hi2=2026-04-22&f_heya_su=1&f_otona_su=1&f_s1=0&f_s2=0&f_y1=0&f_y2=0&f_y3=0&f_y4=0&f_camp_id=6248788,0,2026-04-21,25172,25172,0,2026-04-21,merged-20260419
194946,「ＡＭＰ　ＦＬＡＴ　Ｄａｉｍｙｏ｜最大４名・福岡中心エリア」　＾,https://img.travel.rakuten.co.jp/image/tr/api/re/pvonD/?f_no=194946,https://img.travel.rakuten.co.jp/image/tr/api/re/vFumt/?f_no=194946&f_flg=PLAN,,https://img.travel.rakuten.co.jp/image/tr/api/re/gJNfM/?f_hotel_no=194946,,福岡市中央区・大名エリアに、新しいコンセプト型宿泊施設が誕生しました。,24505,120899.43,469426.07,810-0041,福岡県,福岡市中央区大名1-3-35　アーバンビラ大名　702、703,080-3188-3570,000-000-0000,赤坂駅から徒歩で約３分,無し,赤坂（福岡）,https://img.travel.rakuten.co.jp/share/HOTEL/194946/194946.jpg,https://img.travel.rakuten.co.jp/HIMG/90/194946.jpg,,,https://img.travel.rakuten.co.jp/share/HOTEL/194946/194946map.gif,,,,1255595_4,スタンダードルーム,6302814.0,最上階・ダブルベッド2台の快適ルーム,1,0,0,0,0,2,https://img.travel.rakuten.co.jp/image/tr/api/re/IdsCY/?f_no=194946&f_syu=1255595_4&f_hi1=2026-04-21&f_hi2=2026-04-22&f_heya_su=1&f_otona_su=1&f_s1=0&f_s2=0&f_y1=0&f_y2=0&f_y3=0&f_y4=0&f_camp_id=6302814,0,2026-04-21,92800,92800,0,2026-04-21,merged-20260419
199481,ＳＡＫＡ　ＨＯＴＥＬ　＾,https://img.travel.rakuten.co.jp/image/tr/api/re/pvonD/?f_no=199481,https://img.travel.rakuten.co.jp/image/tr/api/re/vFumt/?f_no=199481&f_flg=PLAN,,https://img.travel.rakuten.co.jp/image/tr/api/re/gJNfM/?f_hotel_no=199481,,坂を少し下った静かな住宅街に佇む、お子様連れの家族旅行も大歓迎の宿。長期滞在可。博多天神アクセス◎,6844,120871.72,469404.02,810-0042,福岡県,福岡市中央区桜坂1-6-33　イスパハン２０２号室,080-1794-8140,00-0000-0000,桜坂駅から徒歩で1分,なし,大濠公園,https://img.travel.rakuten.co.jp/share/HOTEL/199481/199481.jpg,https://img.travel.rakuten.co.jp/HIMG/90/199481.jpg,,,https://img.travel.rakuten.co.jp/share/HOTEL/199481/199481map.gif,,,,1397997_6,スタンダードルーム,6417583.0,SAKA HOTEL 202,1,0,0,0,0,2,https://img.travel.rakuten.co.jp/image/tr/api/re/IdsCY/?f_no=199481&f_syu=1397997_6&f_hi1=2026-04-21&f_hi2=2026-04-22&f_heya_su=1&f_otona_su=1&f_s1=0&f_s2=0&f_y1=0&f_y2=0&f_y3=0&f_y4=0&f_camp_id=6417583,0,2026-04-21,31320,31320,0,2026-04-21,merged-20260419
195653,リトリートタワー天神　＾,https://img.travel.rakuten.co.jp/image/tr/api/re/pvonD/?f_no=195653,https://img.travel.rakuten.co.jp/image/tr/api/re/vFumt/?f_no=195653&f_flg=PLAN,,https://img.travel.rakuten.co.jp/image/tr/api/re/gJNfM/?f_hotel_no=195653,,天神エリアへ好アクセス。各フロア約100平米を1組限定貸切。シティビューと利便性抜群のロケーション。,13983,120877.2,469476.23,810-0011,福岡県,福岡市中央区高砂1-12-1　副島ビル,080-6453-1909,00-0000-0000,渡辺通駅より徒歩で6分,なし,薬院,https://img.travel.rakuten.co.jp/share/HOTEL/195653/195653.jpg,https://img.travel.rakuten.co.jp/HIMG/90/195653.jpg,,,https://img.travel.rakuten.co.jp/share/HOTEL/195653/195653map.gif,,,,1338588_12,スタンダードルーム,6395529.0,【NEW OPEN!!︎】リトリートタワー天神5F|広さ100m2|最大12名,1,0,0,0,0,2,https://img.travel.rakuten.co.jp/image/tr/api/re/IdsCY/?f_no=195653&f_syu=1338588_12&f_hi1=2026-04-21&f_hi2=2026-04-22&f_heya_su=1&f_otona_su=1&f_s1=0&f_s2=0&f_y1=0&f_y2=0&f_y3=0&f_y4=0&f_camp_id=6395529,0,2026-04-21,72234,72234,0,2026-04-21,merged-20260419
191967,ＣＯＤＥ　ＲＯＯＭＳ　ＩＴＯＳＨＩＭＡ,https://img.travel.rakuten.co.jp/image/tr/api/re/pvonD/?f_no=191967,https://img.travel.rakuten.co.jp/image/tr/api/re/vFumt/?f_no=191967&f_flg=PLAN,,https://img.travel.rakuten.co.jp/image/tr/api/re/gJNfM/?f_hotel_no=191967,こーどるーむいとしま,オーシャンフロント×ビーチ直結｜1日1組限定・貸切サウナ付きヴィラ,15600,120536.0,468178.33,819-1642,福岡県,糸島市二丈鹿家1790-1,092-558-2879,092-558-2749,福岡市内から車・電車で約50分、JR筑肥線「鹿家駅」から徒歩2分,屋外3台駐車可能　無料 予約不要 ,鹿家,https://img.travel.rakuten.co.jp/share/HOTEL/191967/191967.jpg,https://img.travel.rakuten.co.jp/HIMG/90/191967.jpg,,,https://img.travel.rakuten.co.jp/share/HOTEL/191967/191967map.gif,,,,001,プライベートサウナと絶景オーシャンビュー非日常を楽しめる空間,5959645.0,【スタンダード】プライベートサウナでととのう、貸切ヴィラステイ(食事なし),1,0,0,0,0,2,https://img.travel.rakuten.co.jp/image/tr/api/re/IdsCY/?f_no=191967&f_syu=001&f_hi1=2026-04-21&f_hi2=2026-04-22&f_heya_su=1&f_otona_su=1&f_s1=0&f_s2=0&f_y1=0&f_y2=0&f_y3=0&f_y4=0&f_camp_id=5959645,0,2026-04-21,51800,51800,0,2026-04-21,merged-20260419
179190,ガーデンテラス福岡ホテル＆リゾート,https://img.travel.rakuten.co.jp/image/tr/api/re/pvonD/?f_no=179190,https://img.travel.rakuten.co.jp/image/tr/api/re/vFumt/?f_no=179190&f_flg=PLAN,https://img.travel.rakuten.co.jp/image/tr/api/re/WzozX/?noTomariHotel=179190,https://img.travel.rakuten.co.jp/image/tr/api/re/gJNfM/?f_hotel_no=179190,がーでんてらすふくおかほてるあんどりぞーと,■全室ジャグジー付スイート／ワインやカクテルなどを取り揃えた宿泊者専用クラブラウンジ■～自由を愉しむ上質のホテルステイ～,14900,120928.11,469153.76,819-0001,福岡県,福岡市西区小戸2-3-55,092-881-0067,092-881-0066,姪浜駅よりお車にて約５分／福岡空港よりお車にて約３０分,有り　５０台　無料　先着順,姪浜,https://img.travel.rakuten.co.jp/share/HOTEL/179190/179190.jpg,https://img.travel.rakuten.co.jp/HIMG/90/179190.jpg,https://img.travel.rakuten.co.jp/share/HOTEL/179190/179190_kan1.jpg,https://img.travel.rakuten.co.jp/HIMG/INTERIOR/179190.jpg,https://img.travel.rakuten.co.jp/share/HOTEL/179190/179190map.gif,204.0,4.53,"絶対また行きます!…　2026-04-03 23:08:28投稿 <a href=""https://img.travel.rakuten.co.jp/image/tr/api/re/gJNfM/?f_hotel_no=179190"" class=""3click"">つづきはこちら</a>",yd04,おまかせ客室｜ジャグジー付,5561786.0,【直前割／30％OFF】＜素泊まり＞ 自由を愉しむ都会のオアシスステイ,1,0,0,0,0,1,https://img.travel.rakuten.co.jp/image/tr/api/re/IdsCY/?f_no=179190&f_syu=yd04&f_hi1=2026-04-21&f_hi2=2026-04-22&f_heya_su=1&f_otona_su=1&f_s1=0&f_s2=0&f_y1=0&f_y2=0&f_y3=0&f_y4=0&f_camp_id=5561786,0,2026-04-21,60800,60800,0,2026-04-21,merged-20260419
189143,Ｓｎｏｗ　Ｐｅａｋ　ＹＡＫＥＩ　ＳＵＩＴＥ,https://img.travel.rakuten.co.jp/image/tr/api/re/pvonD/?f_no=189143,https://img.travel.rakuten.co.jp/image/tr/api/re/vFumt/?f_no=189143&f_flg=PLAN,,https://img.travel.rakuten.co.jp/image/tr/api/re/gJNfM/?f_hotel_no=189143,すのーぴーくやけいすいーと,【博多から車で30分】＜Snow Peak最高級アウトドアラグジュアリー施設＞眼下に広がる福岡の美しい夜景が魅力,41799,120620.44,469367.19,811-1353,福岡県,福岡市南区柏原710-2,092-235-1827,092-980-5304,福岡市都市高速「堤ランプ」から車で約２０分,有り　２６台　無料　予約不要,博多南,https://img.travel.rakuten.co.jp/share/HOTEL/189143/189143.jpg,https://img.travel.rakuten.co.jp/HIMG/90/189143.jpg,,,https://img.travel.rakuten.co.jp/share/HOTEL/189143/189143map.gif,13.0,4.63,,tent,「LAND CAVE」スノーピーク開発の大型テント／75平米,5904473.0,【LAND CAVE】美しい夜景と絶品フレンチを部屋食で堪能　スタンダードプラン（2食付）,1,1,0,1,0,1,https://img.travel.rakuten.co.jp/image/tr/api/re/IdsCY/?f_no=189143&f_syu=tent&f_hi1=2026-04-21&f_hi2=2026-04-22&f_heya_su=1&f_otona_su=1&f_s1=0&f_s2=0&f_y1=0&f_y2=0&f_y3=0&f_y4=0&f_camp_id=5904473,0,2026-04-21,80667,80667,0,2026-04-21,merged-20260419
194510,ＣＡＳＡ　ｄｉ　ＰＡＬＭＥ　ＩＴＯＳＨＩＭＡ　（南国風グランピング施設）／民泊,https://img.travel.rakuten.co.jp/image/tr/api/re/pvonD/?f_no=194510,https://img.travel.rakuten.co.jp/image/tr/api/re/vFumt/?f_no=194510&f_flg=PLAN,,https://img.travel.rakuten.co.jp/image/tr/api/re/gJNfM/?f_hotel_no=194510,,開放感あふれる南国リゾート風の癒し空間ーペット同伴ＯＫ！　【民泊】,7424,120908.58,468441.08,819-1335,福岡県,糸島市志摩芥屋121-11　ＣＡＳＡ　ｄｉ　ＰＡＬＭＥ　　ＩＴＯＳＨＩＭＡ,090-9592-3554,000-000-0000,加布里駅から車で約１５分,有り,加布里,https://img.travel.rakuten.co.jp/share/HOTEL/194510/194510.jpg,https://img.travel.rakuten.co.jp/HIMG/90/194510.jpg,,,https://img.travel.rakuten.co.jp/share/HOTEL/194510/194510map.gif,1.0,,,r19268_6,CASA di PALME ITOSHIMA,6248752.0,ペットと同伴でBBQ、アウトドアが楽しめるグランピング施設,1,0,0,0,0,2,https://img.travel.rakuten.co.jp/image/tr/api/re/IdsCY/?f_no=194510&f_syu=r19268_6&f_hi1=2026-04-21&f_hi2=2026-04-22&f_heya_su=1&f_otona_su=1&f_s1=0&f_s2=0&f_y1=0&f_y2=0&f_y3=0&f_y4=0&f_camp_id=6248752,0,2026-04-21,40600,40600,0,2026-04-21,merged-20260419
144978,ホテルマリノアリゾート福岡,https://img.travel.rakuten.co.jp/image/tr/api/re/pvonD/?f_no=144978,https://img.travel.rakuten.co.jp/image/tr/api/re/vFumt/?f_no=144978&f_flg=PLAN,https://img.travel.rakuten.co.jp/image/tr/api/re/WzozX/?noTomariHotel=144978,https://img.travel.rakuten.co.jp/image/tr/api/re/gJNfM/?f_hotel_no=144978,まりのありぞーとふくおか,全室ハーバービュー♪駐車場無料・朝食はルームサービス。贅沢な３つのラウンジが無料☆ウェルカム・焚火・ナイトラウンジ,10505,120933.28,469172.05,819-0001,福岡県,福岡市西区小戸2-12-43,092-895-5511,092-895-5523,地下鉄空港線：姪浜駅下車後、無料循環バス「クルットバス」利用で約20分　タクシーで5分,有り　１００台　無料　予約不要　（入出庫自由）,姪浜,https://img.travel.rakuten.co.jp/share/HOTEL/144978/144978.jpg,https://img.travel.rakuten.co.jp/HIMG/90/144978.jpg,https://img.travel.rakuten.co.jp/share/HOTEL/144978/144978_room.jpg,https://img.travel.rakuten.co.jp/HIMG/INTERIOR/144978.jpg,https://img.travel.rakuten.co.jp/share/HOTEL/144978/144978map.gif,413.0,4.68,"ラウンジサービス等も…　2026-04-12 20:15:13投稿 <a href=""https://img.travel.rakuten.co.jp/image/tr/api/re/gJNfM/?f_hotel_no=144978"" class=""3click"">つづきはこちら</a>",mt,【42平米・オーシャンビュー・バルコニー付 マリノアツイン】,6405817.0,☆春の学割プラン☆素泊まり☆最大49％OFF☆焚火ラウンジでスモア体験！最高の解放感を☆駐車場無料,1,0,0,0,0,1,https://img.travel.rakuten.co.jp/image/tr/api/re/IdsCY/?f_no=144978&f_syu=mt&f_hi1=2026-04-21&f_hi2=2026-04-22&f_heya_su=1&f_otona_su=1&f_s1=0&f_s2=0&f_y1=0&f_y2=0&f_y3=0&f_y4=0&f_camp_id=6405817,0,2026-04-21,18095,18095,0,2026-04-21,merged-20260419
191503,ｕｂｕｓｕｎａ佐波　ａｌｌ　ｓｕｉｔｅ　ｐｏｏｌ　ｖｉｌｌａｓ,https://img.travel.rakuten.co.jp/image/tr/api/re/pvonD/?f_no=191503,https://img.travel.rakuten.co.jp/image/tr/api/re/vFumt/?f_no=191503&f_flg=PLAN,,https://img.travel.rakuten.co.jp/image/tr/api/re/gJNfM/?f_hotel_no=191503,うぶすなさなみ　おーるすいーとぷーるヴぃらず,糸島を贅沢に愉しむ全5部屋のオールスイートプールヴィラズ。自然を満喫しながら心休まるひとときをお過ごしください。,12320,120619.63,468412.09,819-1631,福岡県,糸島市二丈福井2248-1,092-332-1755,000-000-0000,福岡空港よりお車で約５０分,有り　11台　2台まで無料　,福岡空港,https://img.travel.rakuten.co.jp/share/HOTEL/191503/191503.jpg,https://img.travel.rakuten.co.jp/HIMG/90/191503.jpg,,,https://img.travel.rakuten.co.jp/share/HOTEL/191503/191503map.gif,2.0,,,001,ジュニアプールスイート／Junior poolsuite,6178490.0,◆【平日限定】日〜金の平日がお得！全室プライベートプール付♪海辺のリゾートヴィラ【素泊まり】,1,0,0,0,0,2,https://img.travel.rakuten.co.jp/image/tr/api/re/IdsCY/?f_no=191503&f_syu=001&f_hi1=2026-04-21&f_hi2=2026-04-22&f_heya_su=1&f_otona_su=1&f_s1=0&f_s2=0&f_y1=0&f_y2=0&f_y3=0&f_y4=0&f_camp_id=6178490,0,2026-04-21,52800,52800,0,2026-04-21,merged-20260419
194737,ｋｉｍｉｘ２０３／民泊,https://img.travel.rakuten.co.jp/image/tr/api/re/pvonD/?f_no=194737,https://img.travel.rakuten.co.jp/image/tr/api/re/vFumt/?f_no=194737&f_flg=PLAN,,https://img.travel.rakuten.co.jp/image/tr/api/re/gJNfM/?f_hotel_no=194737,,福岡市でも人気のある浄水通りの静かな住宅街に佇む、アンティーク家具とこだわりの雑貨に囲まれた【民泊】,12760,120859.72,469426.73,810-0028,福岡県,福岡市中央区浄水通2-11　ＪＯＳＵＩ　ＢＡＳＥ　203,092-401-1267,000-000-0000,薬院大通駅から徒歩で約２分,無し,薬院,https://img.travel.rakuten.co.jp/share/HOTEL/194737/194737.jpg,https://img.travel.rakuten.co.jp/HIMG/90/194737.jpg,,,https://img.travel.rakuten.co.jp/share/HOTEL/194737/194737map.gif,,,,r19557_2,kimix203,6274269.0,人気の浄水通りにある隠れ家。「教会前」バス停近く。天神、博多駅にもアクセス良し。,1,0,0,0,0,2,https://img.travel.rakuten.co.jp/image/tr/api/re/IdsCY/?f_no=194737&f_syu=r19557_2&f_hi1=2026-04-21&f_hi2=2026-04-22&f_heya_su=1&f_otona_su=1&f_s1=0&f_s2=0&f_y1=0&f_y2=0&f_y3=0&f_y4=0&f_camp_id=6274269,0,2026-04-21,25520,25520,0,2026-04-21,merged-20260419
191273,ｆａｒｍ　ｓｔａｙ　Ｊａｍｍｉｎ　＾,https://img.travel.rakuten.co.jp/image/tr/api/re/pvonD/?f_no=191273,https://img.travel.rakuten.co.jp/image/tr/api/re/vFumt/?f_no=191273&f_flg=PLAN,,https://img.travel.rakuten.co.jp/image/tr/api/re/gJNfM/?f_hotel_no=191273,,当施設は納屋の２階を改装したキャンプ場のコテージのよう宿泊施設です。,3248,120579.17,468387.73,819-1631,福岡県,糸島市二丈福井1978-3　ｆａｒｍ　ｓｔａｙ　Ｊａｍｍｉｎ,090-1344-8250,000-000-0000,大入駅から徒歩で約５分,有り,大入,https://img.travel.rakuten.co.jp/share/HOTEL/191273/191273.jpg,https://img.travel.rakuten.co.jp/HIMG/90/191273.jpg,,,https://img.travel.rakuten.co.jp/share/HOTEL/191273/191273map.gif,1.0,,,1104417_5,ロッジ/ログハウス/コテージ,6141366.0,秘密基地のようなユニークな宿泊施設です,1,0,0,0,0,2,https://img.travel.rakuten.co.jp/image/tr/api/re/IdsCY/?f_no=191273&f_syu=1104417_5&f_hi1=2026-04-21&f_hi2=2026-04-22&f_heya_su=1&f_otona_su=1&f_s1=0&f_s2=0&f_y1=0&f_y2=0&f_y3=0&f_y4=0&f_camp_id=6141366,0,2026-04-21,16240,16240,0,2026-04-21,merged-20260419
189077,ｓｅｖｅｎ　ｘ　ｓｅｖｅｎ　糸島,https://img.travel.rakuten.co.jp/image/tr/api/re/pvonD/?f_no=189077,https://img.travel.rakuten.co.jp/image/tr/api/re/vFumt/?f_no=189077&f_flg=PLAN,https://img.travel.rakuten.co.jp/image/tr/api/re/WzozX/?noTomariHotel=189077,https://img.travel.rakuten.co.jp/image/tr/api/re/gJNfM/?f_hotel_no=189077,セブンバイセブン　イトシマ,2026年4月リニューアルオープン。プール＆サウナを新設、テラスエリアとフード・ドリンクも刷新。,7350,121100.89,468736.34,819-0202,福岡県,福岡市西区西浦266,092-805-9030,000-000-0000,福岡空港よりお車で約４５分,全52台 無料 / 1室につき1台まで,福岡空港,https://img.travel.rakuten.co.jp/share/HOTEL/189077/189077.jpg,https://img.travel.rakuten.co.jp/HIMG/90/189077.jpg,,,https://img.travel.rakuten.co.jp/share/HOTEL/189077/189077map.gif,52.0,4.39,"クチコミの詳細はこちらか…　2026-03-31 09:13:17投稿 <a href=""https://img.travel.rakuten.co.jp/image/tr/api/re/gJNfM/?f_hotel_no=189077"" class=""3click"">つづきはこちら</a>",sb,スタンダードバンク　EAST棟／6名,6438030.0,【2026年4月リニューアルオープン記念】糸島の自然に浸るシンプルステイ（素泊まり）,1,0,0,0,0,1,https://img.travel.rakuten.co.jp/image/tr/api/re/IdsCY/?f_no=189077&f_syu=sb&f_hi1=2026-04-21&f_hi2=2026-04-22&f_heya_su=1&f_otona_su=1&f_s1=0&f_s2=0&f_y1=0&f_y2=0&f_y3=0&f_y4=0&f_camp_id=6438030,0,2026-04-21,36000,36000,0,2026-04-21,merged-20260419
185838,糸島のグランピングｎｉｊｏ　＾,https://img.travel.rakuten.co.jp/image/tr/api/re/pvonD/?f_no=185838,https://img.travel.rakuten.co.jp/image/tr/api/re/vFumt/?f_no=185838&f_flg=PLAN,,https://img.travel.rakuten.co.jp/image/tr/api/re/gJNfM/?f_hotel_no=185838,,　,18183,120564.74,468200.09,819-1642,福岡県,糸島市二丈鹿家762-31　糸島のグランピングｎｉｊｏ,050-1559-0019,000-000-0000,鹿家駅から徒歩で約６分,有り,鹿家,https://img.travel.rakuten.co.jp/share/HOTEL/185838/185838.jpg,https://img.travel.rakuten.co.jp/HIMG/90/185838.jpg,,,https://img.travel.rakuten.co.jp/share/HOTEL/185838/185838map.gif,1.0,,,471943_4,グランピング,5671701.0,独立型プライベイト空間サイト 海を眺めながら炭火BBQ 冷暖房付きテントに専用シャワールーム,1,0,0,0,0,2,https://img.travel.rakuten.co.jp/image/tr/api/re/IdsCY/?f_no=185838&f_syu=471943_4&f_hi1=2026-04-21&f_hi2=2026-04-22&f_heya_su=1&f_otona_su=1&f_s1=0&f_s2=0&f_y1=0&f_y2=0&f_y3=0&f_y4=0&f_camp_id=5671701,0,2026-04-21,38280,38280,0,2026-04-21,merged-20260419
177718,Ｒａｋｕｔｅｎ　ＳＴＡＹ　ＨＯＵＳＥ　ｘ　ＷＩＬＬ　ＳＴＹＬＥ　糸島,https://img.travel.rakuten.co.jp/image/tr/api/re/pvonD/?f_no=177718,https://img.travel.rakuten.co.jp/image/tr/api/re/vFumt/?f_no=177718&f_flg=PLAN,https://img.travel.rakuten.co.jp/image/tr/api/re/WzozX/?noTomariHotel=177718,https://img.travel.rakuten.co.jp/image/tr/api/re/gJNfM/?f_hotel_no=177718,らくてん　すてい　はうす　うぃるすたいる　いとしま,牡蠣小屋まで徒歩1分♪キッチン完備で広々した海沿いの一軒家を貸切！グループにおすすめ,3915,120762.86,468590.85,819-1124,福岡県,糸島市加布里5-13-1（旧住所：加布里1087-1）,050-1754-3992,03-6268-0248,加布里駅よりお車にて約７分／福岡市内よりお車にて約40分,有り　１棟１台　,加布里,https://img.travel.rakuten.co.jp/share/HOTEL/177718/177718.jpg,https://img.travel.rakuten.co.jp/HIMG/90/177718.jpg,,,https://img.travel.rakuten.co.jp/share/HOTEL/177718/177718map.gif,77.0,3.75,,107,【Wi-Fi無料】キッチン＆洗濯機付一棟貸し切り(107),5424591.0,【フレキシブル】海沿いの一軒家まるまる貸し切り！観光に釣りに♪グループ旅行に人気◎Wi-Fi無料,1,0,0,0,0,2,https://img.travel.rakuten.co.jp/image/tr/api/re/IdsCY/?f_no=177718&f_syu=107&f_hi1=2026-04-21&f_hi2=2026-04-22&f_heya_su=1&f_otona_su=1&f_s1=0&f_s2=0&f_y1=0&f_y2=0&f_y3=0&f_y4=0&f_camp_id=5424591,0,2026-04-21,26100,26100,0,2026-04-21,merged-20260419
187405,ザ・リッツ・カールトン福岡,https://img.travel.rakuten.co.jp/image/tr/api/re/pvonD/?f_no=187405,https://img.travel.rakuten.co.jp/image/tr/api/re/vFumt/?f_no=187405&f_flg=PLAN,https://img.travel.rakuten.co.jp/image/tr/api/re/WzozX/?noTomariHotel=187405,https://img.travel.rakuten.co.jp/image/tr/api/re/gJNfM/?f_hotel_no=187405,ざ・りっつ・かーるとんふくおか,23年6月開業。福岡の中心部に、6つのダイニングとバー、スパ、クラブラウンジを備えたラグジュアリーホテルが誕生。,50600,120910.77,469429.68,810-0041,福岡県,福岡市中央区大名2-6-50 福岡大名ガーデンシティ,092-401-8888,092-401-8889,地下鉄空港線「天神駅」から徒歩５分　または　「福岡空港」からお車にて約１５分,有り　100台　3000円（税込み／泊）　先着順,天神,https://img.travel.rakuten.co.jp/share/HOTEL/187405/187405.jpg,https://img.travel.rakuten.co.jp/HIMG/90/187405.jpg,,,https://img.travel.rakuten.co.jp/share/HOTEL/187405/187405map.gif,33.0,4.45,,king,デラックスキング 福岡スカイライン,5709379.0,【Marriott Bonvoy会員対象プラン】フレキシブル　レート 【宿泊のみ】,1,0,0,0,0,2,https://img.travel.rakuten.co.jp/image/tr/api/re/IdsCY/?f_no=187405&f_syu=king&f_hi1=2026-04-21&f_hi2=2026-04-22&f_heya_su=1&f_otona_su=1&f_s1=0&f_s2=0&f_y1=0&f_y2=0&f_y3=0&f_y4=0&f_camp_id=5709379,0,2026-04-21,145475,145475,0,2026-04-21,merged-20260419
130510,ヒルトップリゾート　福岡,https://img.travel.rakuten.co.jp/image/tr/api/re/pvonD/?f_no=130510,https://img.travel.rakuten.co.jp/image/tr/api/re/vFumt/?f_no=130510&f_flg=PLAN,https://img.travel.rakuten.co.jp/image/tr/api/re/WzozX/?noTomariHotel=130510,https://img.travel.rakuten.co.jp/image/tr/api/re/gJNfM/?f_hotel_no=130510,ひるとっぷりぞーと　ふくおか,福岡市街を一望できる絶好のロケーション。ヒルトップスパ＆男女別大浴場＆Wi-Fi完備,12400,120849.91,469386.21,810-0032,福岡県,福岡市中央区輝国1-1-33,092-771-2131,092-771-8888,■福岡空港より車で30分■博多駅より車で15分/バス（58番で20分、56・57番で40分）■桜坂駅より徒歩で15分,有り　46台　無料　,,https://img.travel.rakuten.co.jp/share/HOTEL/130510/130510.jpg,https://img.travel.rakuten.co.jp/HIMG/90/130510.jpg,https://img.travel.rakuten.co.jp/share/HOTEL/130510/130510_kya.jpg,https://img.travel.rakuten.co.jp/HIMG/INTERIOR/130510.jpg,https://img.travel.rakuten.co.jp/share/HOTEL/130510/130510map.gif,243.0,4.41,"晩御飯の和食がとても美味しくて、泊まりじゃな…　2026-02-25 15:58:16投稿 <a href=""https://img.travel.rakuten.co.jp/image/tr/api/re/gJNfM/?f_hotel_no=130510"" class=""3click"">つづきはこちら</a>",fst,Area F スーペリアツイン,5783765.0,ベーシックステイプラン≪お部屋のみ≫,1,0,0,0,0,1,https://img.travel.rakuten.co.jp/image/tr/api/re/IdsCY/?f_no=130510&f_syu=fst&f_hi1=2026-04-21&f_hi2=2026-04-22&f_heya_su=1&f_otona_su=1&f_s1=0&f_s2=0&f_y1=0&f_y2=0&f_y3=0&f_y4=0&f_camp_id=5783765,0,2026-04-21,35300,35300,0,2026-04-21,merged-20260419
182774,ホテル　和　ＨＡＫＡＴＡ,https://img.travel.rakuten.co.jp/image/tr/api/re/pvonD/?f_no=182774,https://img.travel.rakuten.co.jp/image/tr/api/re/vFumt/?f_no=182774&f_flg=PLAN,https://img.travel.rakuten.co.jp/image/tr/api/re/WzozX/?noTomariHotel=182774,https://img.travel.rakuten.co.jp/image/tr/api/re/gJNfM/?f_hotel_no=182774,わはかた,【無人フロントホテル】博多の町を楽しめる冷泉町・店屋町エリア,2548,120935.51,469483.1,812-0025,福岡県,福岡市博多区店屋町7-3,092-409-4892,,「中洲川端駅」7番出口から徒歩5分、博多駅からバスで10分（「呉服町」下車）、キャナルシティまで徒歩10分,専用駐車場・提携駐車場はございません。 公式サイトから、近隣のコインパーキングをご確認下さい。,博多,https://img.travel.rakuten.co.jp/share/HOTEL/182774/182774.jpg,https://img.travel.rakuten.co.jp/HIMG/90/182774.jpg,,,https://img.travel.rakuten.co.jp/share/HOTEL/182774/182774map.gif,38.0,4.0,,ahito,スタンダードA,5135145.0,【素泊まり】スタンダードプラン「迷ったらコレ！」,1,0,0,0,0,2,https://img.travel.rakuten.co.jp/image/tr/api/re/IdsCY/?f_no=182774&f_syu=ahito&f_hi1=2026-04-21&f_hi2=2026-04-22&f_heya_su=1&f_otona_su=1&f_s1=0&f_s2=0&f_y1=0&f_y2=0&f_y3=0&f_y4=0&f_camp_id=5135145,0,2026-04-21,36000,36000,0,2026-04-21,merged-20260419
197239,Ｔｈｅ　Ａｒｂｏｒ　ＨＯＴＥＬ,https://img.travel.rakuten.co.jp/image/tr/api/re/pvonD/?f_no=197239,https://img.travel.rakuten.co.jp/image/tr/api/re/vFumt/?f_no=197239&f_flg=PLAN,,https://img.travel.rakuten.co.jp/image/tr/api/re/gJNfM/?f_hotel_no=197239,ざあーばーほてる,ＰａｙＰａｙドームまで徒歩３０分、大濠公園まで徒歩１０分。アパートメントホテルがオープン！,2216,120872.43,469371.66,810-0044,福岡県,福岡市中央区六本松2-5-1,092-409-4892,,六本松駅より徒歩約２分,無し,薬院,https://img.travel.rakuten.co.jp/share/HOTEL/197239/197239.jpg,https://img.travel.rakuten.co.jp/HIMG/90/197239.jpg,,,https://img.travel.rakuten.co.jp/share/HOTEL/197239/197239map.gif,6.0,4.83,,bhito,スタンダードファミリーB,6299834.0,【素泊まり】スタンダードプラン「迷ったらコレ！」,1,0,0,0,0,2,https://img.travel.rakuten.co.jp/image/tr/api/re/IdsCY/?f_no=197239&f_syu=bhito&f_hi1=2026-04-21&f_hi2=2026-04-22&f_heya_su=1&f_otona_su=1&f_s1=0&f_s2=0&f_y1=0&f_y2=0&f_y3=0&f_y4=0&f_camp_id=6299834,0,2026-04-21,14000,14000,0,2026-04-21,merged-20260419
193546,ＢＵＥＮＡ　ＶＩＳＴＡ　ＯＨＯＲＩ　ＰＡＲＫ,https://img.travel.rakuten.co.jp/image/tr/api/re/pvonD/?f_no=193546,https://img.travel.rakuten.co.jp/image/tr/api/re/vFumt/?f_no=193546&f_flg=PLAN,,https://img.travel.rakuten.co.jp/image/tr/api/re/gJNfM/?f_hotel_no=193546,ぶえなびすたオオホリパーク,大濠公園エリア　地下鉄のご利用で天神7分、博多14分/大濠公園まで徒歩３分！セルフチェックイン！,4425,120916.24,469351.45,810-0062,福岡県,福岡市中央区荒戸3-10-1　,090-3197-0854,000-000-0000,福岡市営地下鉄唐人町駅から徒歩約４分,駐車場なし。施設周辺のコインパーキングのご利用をお願いしております。,唐人町,https://img.travel.rakuten.co.jp/share/HOTEL/193546/193546.jpg,https://img.travel.rakuten.co.jp/HIMG/90/193546.jpg,,,https://img.travel.rakuten.co.jp/share/HOTEL/193546/193546map.gif,13.0,4.38,,204b,スタンダード最大4名様！大濠公園徒歩2分！ファミリータイプ！,6155121.0,スタンダード　素泊まりプラン,1,0,0,0,0,2,https://img.travel.rakuten.co.jp/image/tr/api/re/IdsCY/?f_no=193546&f_syu=204b&f_hi1=2026-04-21&f_hi2=2026-04-22&f_heya_su=1&f_otona_su=1&f_s1=0&f_s2=0&f_y1=0&f_y2=0&f_y3=0&f_y4=0&f_camp_id=6155121,0,2026-04-21,17700,17700,1,2026-04-21,merged-20260419
179866,ランドーホテル福岡アネックス,https://img.travel.rakuten.co.jp/image/tr/api/re/pvonD/?f_no=179866,https://img.travel.rakuten.co.jp/image/tr/api/re/vFumt/?f_no=179866&f_flg=PLAN,https://img.travel.rakuten.co.jp/image/tr/api/re/WzozX/?noTomariHotel=179866,https://img.travel.rakuten.co.jp/image/tr/api/re/gJNfM/?f_hotel_no=179866,らんどーほてるふくおかあねっくす,全室30平米以上の客室には家電キッチンバルコニーを完備　スマートロックとiPadを活用したチェックインでスムーズに入室,4500,120865.01,469454.62,810-0014,福岡県,福岡市中央区平尾1-11-7,092-526-5231,03-5615-2997,平尾駅,駐車場のご用意はございません。近隣のパーキングをご利用くださいませ。,西鉄平尾,https://img.travel.rakuten.co.jp/share/HOTEL/179866/179866.jpg,https://img.travel.rakuten.co.jp/HIMG/90/179866.jpg,,,https://img.travel.rakuten.co.jp/share/HOTEL/179866/179866map.gif,41.0,4.25,,toku,中層階 デラックスツインルーム -徳-,4983383.0,【全室30㎡以上】【返金不可】話題の新築アパートメントホテルでゆったりステイ★,1,0,0,0,0,2,https://img.travel.rakuten.co.jp/image/tr/api/re/IdsCY/?f_no=179866&f_syu=toku&f_hi1=2026-04-21&f_hi2=2026-04-22&f_heya_su=1&f_otona_su=1&f_s1=0&f_s2=0&f_y1=0&f_y2=0&f_y3=0&f_y4=0&f_camp_id=4983383,0,2026-04-21,22000,22000,0,2026-04-21,merged-20260419
164818,ゲストハウスやすらぎ,https://img.travel.rakuten.co.jp/image/tr/api/re/pvonD/?f_no=164818,https://img.travel.rakuten.co.jp/image/tr/api/re/vFumt/?f_no=164818&f_flg=PLAN,,https://img.travel.rakuten.co.jp/image/tr/api/re/gJNfM/?f_hotel_no=164818,やすらぎ,～福岡市内のゲストハウス～館内全域に無料Ｗｉ－Ｆｉをご提供♪館内には共用バスルーム・ラウンジあり！,3300,120921.05,469484.93,812-0026,福岡県,福岡市博多区上川端町4-205　平田ビル3Ｆ,090-3447-9739,000-000-0000,祇園駅より徒歩にて約５分,無し,祇園（福岡）,https://img.travel.rakuten.co.jp/share/HOTEL/164818/164818.jpg,https://img.travel.rakuten.co.jp/HIMG/90/164818.jpg,https://img.travel.rakuten.co.jp/share/HOTEL/164818/164818_kan1.jpg,https://img.travel.rakuten.co.jp/HIMG/INTERIOR/164818.jpg,https://img.travel.rakuten.co.jp/share/HOTEL/164818/164818map.gif,4.0,,,forth,ドミトリー,,,1,0,0,0,0,1,https://img.travel.rakuten.co.jp/image/tr/api/re/IdsCY/?f_no=164818&f_syu=forth&f_hi1=2026-04-21&f_hi2=2026-04-22&f_heya_su=1&f_otona_su=1&f_s1=0&f_s2=0&f_y1=0&f_y2=0&f_y3=0&f_y4=0,1,2026-04-21,3300,3300,0,2026-04-21,merged-20260419
168669,ＨＯＴＥＬ　粋－ｓｕｉ－　ＨＡＲＵＹＯＳＨＩ,https://img.travel.rakuten.co.jp/image/tr/api/re/pvonD/?f_no=168669,https://img.travel.rakuten.co.jp/image/tr/api/re/vFumt/?f_no=168669&f_flg=PLAN,https://img.travel.rakuten.co.jp/image/tr/api/re/WzozX/?noTomariHotel=168669,https://img.travel.rakuten.co.jp/image/tr/api/re/gJNfM/?f_hotel_no=168669,ほてるすいはるよし,キャナルシティ博多まで7分、西鉄福岡（天神）駅まで10分！グループ・家族旅行におすすめのリビングスペース！,2903,120900.08,469472.76,810-0003,福岡県,福岡市中央区春吉2-10-1,092-409-4892, ,博多駅からはバスで「春吉」「渡辺通り2丁目」で下車後徒歩5分。天神からは徒歩10分、キャナルシティ博多へは徒歩7分。,専用駐車場・提携駐車場はございません。 公式サイトから、近隣のコインパーキングをご確認下さい。,,https://img.travel.rakuten.co.jp/share/HOTEL/168669/168669.jpg,https://img.travel.rakuten.co.jp/HIMG/90/168669.jpg,https://img.travel.rakuten.co.jp/share/HOTEL/168669/168669_kan1.jpg,https://img.travel.rakuten.co.jp/HIMG/INTERIOR/168669.jpg,https://img.travel.rakuten.co.jp/share/HOTEL/168669/168669map.gif,22.0,4.0,,ahito1,スタンダードA,5932492.0,【素泊まり】スタンダードプラン「迷ったらコレ！」,1,0,0,0,0,2,https://img.travel.rakuten.co.jp/image/tr/api/re/IdsCY/?f_no=168669&f_syu=ahito1&f_hi1=2026-04-21&f_hi2=2026-04-22&f_heya_su=1&f_otona_su=1&f_s1=0&f_s2=0&f_y1=0&f_y2=0&f_y3=0&f_y4=0&f_camp_id=5932492,0,2026-04-21,22668,22668,0,2026-04-21,merged-20260419
190906,ヴィレッタ平和１０１／民泊,https://img.travel.rakuten.co.jp/image/tr/api/re/pvonD/?f_no=190906,https://img.travel.rakuten.co.jp/image/tr/api/re/vFumt/?f_no=190906&f_flg=PLAN,,https://img.travel.rakuten.co.jp/image/tr/api/re/gJNfM/?f_hotel_no=190906,,福岡市中央区平和に位置する当施設は、各スペースに扉がないオープンレイアウトで、大人数でも快適【民泊】,4640,120829.22,469436.91,810-0016,福岡県,福岡市中央区平和3-8-16　ヴィレッタ平和101号室,080-1794-8140,000-000-0000,西鉄平尾駅から徒歩で約４分,無し,西鉄平尾,https://img.travel.rakuten.co.jp/share/HOTEL/190906/190906.jpg,https://img.travel.rakuten.co.jp/HIMG/90/190906.jpg,,,https://img.travel.rakuten.co.jp/share/HOTEL/190906/190906map.gif,,,,r17864_6,ヴィレッタ平和101,6108470.0,グループ旅行に最適!最大6名収容の広々空間。ヴィレッタ平和101,1,0,0,0,0,2,https://img.travel.rakuten.co.jp/image/tr/api/re/IdsCY/?f_no=190906&f_syu=r17864_6&f_hi1=2026-04-21&f_hi2=2026-04-22&f_heya_su=1&f_otona_su=1&f_s1=0&f_s2=0&f_y1=0&f_y2=0&f_y3=0&f_y4=0&f_camp_id=6108470,0,2026-04-21,24360,24360,0,2026-04-21,merged-20260419
190975,ヴィレッタ平和１０３号室／民泊,https://img.travel.rakuten.co.jp/image/tr/api/re/pvonD/?f_no=190975,https://img.travel.rakuten.co.jp/image/tr/api/re/vFumt/?f_no=190975&f_flg=PLAN,,https://img.travel.rakuten.co.jp/image/tr/api/re/gJNfM/?f_hotel_no=190975,,福岡市中央区平和にある当施設は、元４ＤＫの間取りの扉を無くしオープンスペースにしたことで、広【民泊】,4640,120829.22,469436.91,810-0016,福岡県,福岡市中央区平和3-8-16　ヴィレッタ平和103号室,080-1794-8140,000-000-0000,西鉄平尾駅から徒歩で約４分,無し,西鉄平尾,https://img.travel.rakuten.co.jp/share/HOTEL/190975/190975.jpg,https://img.travel.rakuten.co.jp/HIMG/90/190975.jpg,,,https://img.travel.rakuten.co.jp/share/HOTEL/190975/190975map.gif,,,,r17963_6,ヴィレッタ平和103号室,6109000.0,最大6名宿泊可!長期滞在でも快適な広々空間。ヴィレッタ平和103,1,0,0,0,0,2,https://img.travel.rakuten.co.jp/image/tr/api/re/IdsCY/?f_no=190975&f_syu=r17963_6&f_hi1=2026-04-21&f_hi2=2026-04-22&f_heya_su=1&f_otona_su=1&f_s1=0&f_s2=0&f_y1=0&f_y2=0&f_y3=0&f_y4=0&f_camp_id=6109000,0,2026-04-21,24360,24360,0,2026-04-21,merged-20260419
189313,Ｆｌｏｗｅｒ　Ｂａｓｅ　リリーハウス　＾,https://img.travel.rakuten.co.jp/image/tr/api/re/pvonD/?f_no=189313,https://img.travel.rakuten.co.jp/image/tr/api/re/vFumt/?f_no=189313&f_flg=PLAN,,https://img.travel.rakuten.co.jp/image/tr/api/re/gJNfM/?f_hotel_no=189313,,　,4956,120929.83,469337.02,810-0063,福岡県,福岡市中央区唐人町2-9-22　リリーハウス1階　Ｆｌｏｗｅｒ　Ｂａｓｅ　リリーハウス,080-3958-6088,000-000-0000,唐人町駅から徒歩で約３分,無し,唐人町,https://img.travel.rakuten.co.jp/share/HOTEL/189313/189313.jpg,https://img.travel.rakuten.co.jp/HIMG/90/189313.jpg,,,https://img.travel.rakuten.co.jp/share/HOTEL/189313/189313map.gif,1.0,,,655522_5,スタンダードルーム,5833396.0,Flower Base Lily white 福岡ドームが目の前!,1,0,0,0,0,2,https://img.travel.rakuten.co.jp/image/tr/api/re/IdsCY/?f_no=189313&f_syu=655522_5&f_hi1=2026-04-21&f_hi2=2026-04-22&f_heya_su=1&f_otona_su=1&f_s1=0&f_s2=0&f_y1=0&f_y2=0&f_y3=0&f_y4=0&f_camp_id=5833396,0,2026-04-21,24778,24778,0,2026-04-21,merged-20260419
196775,ＨＩＴＯ,https://img.travel.rakuten.co.jp/image/tr/api/re/pvonD/?f_no=196775,https://img.travel.rakuten.co.jp/image/tr/api/re/vFumt/?f_no=196775&f_flg=PLAN,,https://img.travel.rakuten.co.jp/image/tr/api/re/gJNfM/?f_hotel_no=196775,ひと,地下鉄空港線藤崎駅より徒歩４分、１棟貸切最大１２名様まで宿泊可能,6100,120873.58,469262.63,814-0013,福岡県,福岡市早良区藤崎1-4-5,092-980-4595,092-980-4729,藤崎駅より徒歩約４分,有り１台　無料　予約不要,藤崎（福岡）,https://img.travel.rakuten.co.jp/share/HOTEL/196775/196775.jpg,https://img.travel.rakuten.co.jp/HIMG/90/196775.jpg,,,https://img.travel.rakuten.co.jp/share/HOTEL/196775/196775map.gif,1.0,,,hito,3LDKメゾネットタイプ　空港線藤崎駅４分　無料駐車場,,,1,0,0,0,0,2,https://img.travel.rakuten.co.jp/image/tr/api/re/IdsCY/?f_no=196775&f_syu=hito&f_hi1=2026-04-21&f_hi2=2026-04-22&f_heya_su=1&f_otona_su=1&f_s1=0&f_s2=0&f_y1=0&f_y2=0&f_y3=0&f_y4=0,1,2026-04-21,27500,27500,0,2026-04-21,merged-20260419
196419,博多の旅籠　すノや,https://img.travel.rakuten.co.jp/image/tr/api/re/pvonD/?f_no=196419,https://img.travel.rakuten.co.jp/image/tr/api/re/vFumt/?f_no=196419&f_flg=PLAN,,https://img.travel.rakuten.co.jp/image/tr/api/re/gJNfM/?f_hotel_no=196419,はかたのはたご　すのや,博多の須崎町を楽しむスマートステイ,4410,120937.82,469459.78,812-0028,福岡県,福岡市博多区須崎町6-5,070-5697-6932,092-510-1979,中洲川端駅から徒歩で約６分,無し,中洲川端,https://img.travel.rakuten.co.jp/share/HOTEL/196419/196419.jpg,https://img.travel.rakuten.co.jp/HIMG/90/196419.jpg,,,https://img.travel.rakuten.co.jp/share/HOTEL/196419/196419map.gif,,,,twin12f,【ツインルーム】1〜2階,6247379.0,【スタンダードプラン】歴史息づく博多の街でおトクな旅を,1,0,0,0,0,1,https://img.travel.rakuten.co.jp/image/tr/api/re/IdsCY/?f_no=196419&f_syu=twin12f&f_hi1=2026-04-21&f_hi2=2026-04-22&f_heya_su=1&f_otona_su=1&f_s1=0&f_s2=0&f_y1=0&f_y2=0&f_y3=0&f_y4=0&f_camp_id=6247379,0,2026-04-21,29400,29400,0,2026-04-21,merged-20260419
194729,四季の庵／民泊,https://img.travel.rakuten.co.jp/image/tr/api/re/pvonD/?f_no=194729,https://img.travel.rakuten.co.jp/image/tr/api/re/vFumt/?f_no=194729&f_flg=PLAN,,https://img.travel.rakuten.co.jp/image/tr/api/re/gJNfM/?f_hotel_no=194729,,日本に数人しかいない職人が手掛けた古民家風木造の施設になります。【民泊】,9976,120616.85,468813.44,819-1145,福岡県,糸島市雷山1021　四季の庵,070-4732-0719,000-000-0000,美咲が丘駅から車で約１３分,有り,美咲が丘,https://img.travel.rakuten.co.jp/share/HOTEL/194729/194729.jpg,https://img.travel.rakuten.co.jp/HIMG/90/194729.jpg,,,https://img.travel.rakuten.co.jp/share/HOTEL/194729/194729map.gif,,,,r19533_15,四季の庵 糸島,6274260.0,大自然のパノラマ露天風呂!!駐車場5台以上、サウナ、専用BBQ施設ペット可,1,0,0,0,0,2,https://img.travel.rakuten.co.jp/image/tr/api/re/IdsCY/?f_no=194729&f_syu=r19533_15&f_hi1=2026-04-21&f_hi2=2026-04-22&f_heya_su=1&f_otona_su=1&f_s1=0&f_s2=0&f_y1=0&f_y2=0&f_y3=0&f_y4=0&f_camp_id=6274260,0,2026-04-21,34220,34220,0,2026-04-21,merged-20260419
196262,ホテル＆レジデンス春吉,https://img.travel.rakuten.co.jp/image/tr/api/re/pvonD/?f_no=196262,https://img.travel.rakuten.co.jp/image/tr/api/re/vFumt/?f_no=196262&f_flg=PLAN,,https://img.travel.rakuten.co.jp/image/tr/api/re/gJNfM/?f_hotel_no=196262,あんどれじでんすはるよし,新築アパートに泊まれる！,3042,120900.61,469481.11,810-0003,福岡県,福岡市中央区春吉2-3-14,092-409-4892,092-401-1057,天神南駅より徒歩約１０分,無し,天神,https://img.travel.rakuten.co.jp/share/HOTEL/196262/196262.jpg,https://img.travel.rakuten.co.jp/HIMG/90/196262.jpg,,,https://img.travel.rakuten.co.jp/share/HOTEL/196262/196262map.gif,1.0,,,bhito,ファミリーB,6196117.0,【素泊まり】スタンダードプラン「迷ったらコレ！」,1,0,0,0,0,2,https://img.travel.rakuten.co.jp/image/tr/api/re/IdsCY/?f_no=196262&f_syu=bhito&f_hi1=2026-04-21&f_hi2=2026-04-22&f_heya_su=1&f_otona_su=1&f_s1=0&f_s2=0&f_y1=0&f_y2=0&f_y3=0&f_y4=0&f_camp_id=6196117,0,2026-04-21,37334,37334,0,2026-04-21,merged-20260419
184270,ＴＡＢＩＳＡＩ　ＨＯＴＥＬ　ＴＥＲＲＡＣＥ　博多,https://img.travel.rakuten.co.jp/image/tr/api/re/pvonD/?f_no=184270,https://img.travel.rakuten.co.jp/image/tr/api/re/vFumt/?f_no=184270&f_flg=PLAN,,https://img.travel.rakuten.co.jp/image/tr/api/re/gJNfM/?f_hotel_no=184270,たびさい ほてる てらす はかた,２０２２年５月ＮＥＷ　ＯＰＥＮ！福岡最大級の贅沢な広さ。お洒落ラグジュアリー空間を完全貸切。,7480,120878.28,469514.34,812-0017,福岡県,福岡市博多区美野島1-9-5,092-534-5020,092-534-5021,博多駅から徒歩約１３分 / タクシーの利用をおすすめします。,無し,博多,https://img.travel.rakuten.co.jp/share/HOTEL/184270/184270.jpg,https://img.travel.rakuten.co.jp/HIMG/90/184270.jpg,,,https://img.travel.rakuten.co.jp/share/HOTEL/184270/184270map.gif,,,,184270,博多天神すぐ★1組限定貸切★最大17名様まで,5487457.0,贅沢な広さを1日1組限定貸切！お得に満喫プラン★大画面で映画鑑賞,1,0,0,0,0,2,https://img.travel.rakuten.co.jp/image/tr/api/re/IdsCY/?f_no=184270&f_syu=184270&f_hi1=2026-04-21&f_hi2=2026-04-22&f_heya_su=1&f_otona_su=1&f_s1=0&f_s2=0&f_y1=0&f_y2=0&f_y3=0&f_y4=0&f_camp_id=5487457,0,2026-04-21,38500,38500,0,2026-04-21,merged-20260419
194730,天空の麓／民泊,https://img.travel.rakuten.co.jp/image/tr/api/re/pvonD/?f_no=194730,https://img.travel.rakuten.co.jp/image/tr/api/re/vFumt/?f_no=194730&f_flg=PLAN,,https://img.travel.rakuten.co.jp/image/tr/api/re/gJNfM/?f_hotel_no=194730,,糸島でも屈指の希少な立地に位置する天空の麓見渡す限り大自然のパノラマが拡がり、四季折々の優し【民泊】,11368,120521.23,468324.94,819-1641,福岡県,糸島市二丈吉井804-2　天空の麓,070-4732-0719,000-000-0000,福吉駅から車で約８分,有り,福吉,https://img.travel.rakuten.co.jp/share/HOTEL/194730/194730.jpg,https://img.travel.rakuten.co.jp/HIMG/90/194730.jpg,,,https://img.travel.rakuten.co.jp/share/HOTEL/194730/194730map.gif,,,,r19535_15,天空の麓,6274261.0,天空の麓糸島!屋上展望パノラマ、露天風呂絶景サウナ、BBQ ・16名以上・駐車場6台・ペット,1,0,0,0,0,2,https://img.travel.rakuten.co.jp/image/tr/api/re/IdsCY/?f_no=194730&f_syu=r19535_15&f_hi1=2026-04-21&f_hi2=2026-04-22&f_heya_su=1&f_otona_su=1&f_s1=0&f_s2=0&f_y1=0&f_y2=0&f_y3=0&f_y4=0&f_camp_id=6274261,0,2026-04-21,41180,41180,0,2026-04-21,merged-20260419
181074,グランドべース福岡天神,https://img.travel.rakuten.co.jp/image/tr/api/re/pvonD/?f_no=181074,https://img.travel.rakuten.co.jp/image/tr/api/re/vFumt/?f_no=181074&f_flg=PLAN,https://img.travel.rakuten.co.jp/image/tr/api/re/WzozX/?noTomariHotel=181074,https://img.travel.rakuten.co.jp/image/tr/api/re/gJNfM/?f_hotel_no=181074,ぐらんどべーすふくおかてんじん,【無人フロントホテル】天神・博多へアクセス◎最大4名泊まれるスマートホテル！キッチン＆洗濯機付で長期滞在にもおすすめ★,5600,120896.18,469462.91,810-0004,福岡県,福岡市中央区渡辺通3-6-2,092-409-4892,,「天神南駅」1番出口から徒歩7分、「渡辺通駅」2番出口から徒歩5分、博多駅からはバスで「渡辺通2丁目」で下車後徒歩2分,敷地内に有料コインパーキング有（軽自動車専用 6台）,福岡空港,https://img.travel.rakuten.co.jp/share/HOTEL/181074/181074.jpg,https://img.travel.rakuten.co.jp/HIMG/90/181074.jpg,,,https://img.travel.rakuten.co.jp/share/HOTEL/181074/181074map.gif,9.0,3.0,,bhito,スーペリアB,4895641.0,【素泊まり】スタンダードプラン「迷ったらコレ！」,1,0,0,0,0,2,https://img.travel.rakuten.co.jp/image/tr/api/re/IdsCY/?f_no=181074&f_syu=bhito&f_hi1=2026-04-21&f_hi2=2026-04-22&f_heya_su=1&f_otona_su=1&f_s1=0&f_s2=0&f_y1=0&f_y2=0&f_y3=0&f_y4=0&f_camp_id=4895641,0,2026-04-21,42000,42000,0,2026-04-21,merged-20260419
194304,二丈　民宿パレット／民泊,https://img.travel.rakuten.co.jp/image/tr/api/re/pvonD/?f_no=194304,https://img.travel.rakuten.co.jp/image/tr/api/re/vFumt/?f_no=194304&f_flg=PLAN,,https://img.travel.rakuten.co.jp/image/tr/api/re/gJNfM/?f_hotel_no=194304,,　,11310,120576.88,468258.63,819-1641,福岡県,糸島市二丈吉井3311-1,090-4473-9060,000-000-0000,福吉駅から徒歩で約４分,有り,福吉,https://img.travel.rakuten.co.jp/share/HOTEL/194304/194304.jpg,https://img.travel.rakuten.co.jp/HIMG/90/194304.jpg,,,https://img.travel.rakuten.co.jp/share/HOTEL/194304/194304map.gif,,,,r19051_4,民宿パレット,6224239.0,一戸建て,1,0,0,0,0,2,https://img.travel.rakuten.co.jp/image/tr/api/re/IdsCY/?f_no=194304&f_syu=r19051_4&f_hi1=2026-04-21&f_hi2=2026-04-22&f_heya_su=1&f_otona_su=1&f_s1=0&f_s2=0&f_y1=0&f_y2=0&f_y3=0&f_y4=0&f_camp_id=6224239,0,2026-04-21,45240,45240,0,2026-04-21,merged-20260419
197412,ＢＡＮＤ　ＨＯＴＥＬ　ＨＡＫＡＴＡ,https://img.travel.rakuten.co.jp/image/tr/api/re/pvonD/?f_no=197412,https://img.travel.rakuten.co.jp/image/tr/api/re/vFumt/?f_no=197412&f_flg=PLAN,https://img.travel.rakuten.co.jp/image/tr/api/re/WzozX/?noTomariHotel=197412,https://img.travel.rakuten.co.jp/image/tr/api/re/gJNfM/?f_hotel_no=197412,ばんど　ほてる　はかた,「つながる旅、響き合う心。BAND HOTEL。」,6000,120905.82,469479.9,810-0003,福岡県,福岡市中央区春吉2-4-14,092-401-0612,092-401-0613,中洲川端・櫛田神社前・天神南・博多駅より徒歩10～18分,なし,中洲川端,https://img.travel.rakuten.co.jp/share/HOTEL/197412/197412.jpg,https://img.travel.rakuten.co.jp/HIMG/90/197412.jpg,,,https://img.travel.rakuten.co.jp/share/HOTEL/197412/197412map.gif,1.0,,,prmtplrv,プレミアトリプル　リバービュー(高層階）,6302483.0,シンプルステイ（3泊につき1回の簡易清掃あり),1,0,0,0,0,1,https://img.travel.rakuten.co.jp/image/tr/api/re/IdsCY/?f_no=197412&f_syu=prmtplrv&f_hi1=2026-04-21&f_hi2=2026-04-22&f_heya_su=1&f_otona_su=1&f_s1=0&f_s2=0&f_y1=0&f_y2=0&f_y3=0&f_y4=0&f_camp_id=6302483,0,2026-04-21,51600,51600,0,2026-04-21,merged-20260419
188824,ＡＬＦＡＣＩＯ　ＲＥＳＯＲＴ　ＳＴＡＹ　ＩＴＯＳＨＩＭＡ,https://img.travel.rakuten.co.jp/image/tr/api/re/pvonD/?f_no=188824,https://img.travel.rakuten.co.jp/image/tr/api/re/vFumt/?f_no=188824&f_flg=PLAN,,https://img.travel.rakuten.co.jp/image/tr/api/re/gJNfM/?f_hotel_no=188824,あるふぁしお　りぞーと　すてい　いとしま,ペットと宿泊できる全室オーシャンビューの贅沢空間,14600,120535.04,468176.66,819-1642,福岡県,糸島市二丈鹿家1792-1,092-292-2431,092-292-3314,ＪＲ　鹿家駅より徒歩約１分,有り　９台　無料　予約不要,鹿家,https://img.travel.rakuten.co.jp/share/HOTEL/188824/188824.jpg,https://img.travel.rakuten.co.jp/HIMG/90/188824.jpg,,,https://img.travel.rakuten.co.jp/share/HOTEL/188824/188824map.gif,3.0,,,superior,スーペリアオーシャンビュー,5894444.0,スタンダードプラン　全室オーシャンビュー（お食事なし）【ペット可】,1,0,0,0,0,2,https://img.travel.rakuten.co.jp/image/tr/api/re/IdsCY/?f_no=188824&f_syu=superior&f_hi1=2026-04-21&f_hi2=2026-04-22&f_heya_su=1&f_otona_su=1&f_s1=0&f_s2=0&f_y1=0&f_y2=0&f_y3=0&f_y4=0&f_camp_id=5894444,0,2026-04-21,53000,53000,0,2026-04-21,merged-20260419
198403,ＷＡＤＡＴＳＵＭＩ,https://img.travel.rakuten.co.jp/image/tr/api/re/pvonD/?f_no=198403,https://img.travel.rakuten.co.jp/image/tr/api/re/vFumt/?f_no=198403&f_flg=PLAN,,https://img.travel.rakuten.co.jp/image/tr/api/re/gJNfM/?f_hotel_no=198403,わだつみ,誰にも邪魔されない、水と熱のオアシス。ととのう、大人の隠れ家。,14600,120617.74,468414.25,819-1631,福岡県,糸島市二丈福井2245-7,092-332-1755,092-737-5116,大入駅より徒歩10分／天神から福岡都市高速、西九州道前原インター下車後、国道202号線経由で、唐津方面に進み約40分,あり　3台　無料,大入,https://img.travel.rakuten.co.jp/share/HOTEL/198403/198403.jpg,https://img.travel.rakuten.co.jp/HIMG/90/198403.jpg,,,https://img.travel.rakuten.co.jp/share/HOTEL/198403/198403map.gif,,,,wadatsumi,WADATSUMI,6418899.0,【平日限定】月〜金の平日がお得！プール・サウナ・自然を独占するスイートヴィラ体験【素泊まり】,1,0,0,0,0,2,https://img.travel.rakuten.co.jp/image/tr/api/re/IdsCY/?f_no=198403&f_syu=wadatsumi&f_hi1=2026-04-21&f_hi2=2026-04-22&f_heya_su=1&f_otona_su=1&f_s1=0&f_s2=0&f_y1=0&f_y2=0&f_y3=0&f_y4=0&f_camp_id=6418899,0,2026-04-21,68000,68000,0,2026-04-21,merged-20260419
195216,ＳｔａｒーＳｅｖｅｎ　糸島／民泊,https://img.travel.rakuten.co.jp/image/tr/api/re/pvonD/?f_no=195216,https://img.travel.rakuten.co.jp/image/tr/api/re/vFumt/?f_no=195216&f_flg=PLAN,,https://img.travel.rakuten.co.jp/image/tr/api/re/gJNfM/?f_hotel_no=195216,,最大8名海辺ヴィラ。ゴルフ、サウナ、ペット可。ビール無料。BBQ。,14547,120909.45,468448.69,819-1335,福岡県,糸島市志摩芥屋77-28　ＳｔａｒーＳｅｖｅｎ　糸島,090-8983-0954,00-0000-0000,加布里駅より車で15分,あり,加布里,https://img.travel.rakuten.co.jp/share/HOTEL/195216/195216.jpg,https://img.travel.rakuten.co.jp/HIMG/90/195216.jpg,,,https://img.travel.rakuten.co.jp/share/HOTEL/195216/195216map.gif,,,,r20184_8,Star-Seven 糸島,6337205.0,サウナ・BBQ・シミュレーションゴルフ・生ビールサーバー・ペットとの滞在も叶う隠れ家シーサイドヴィラ,1,0,0,0,0,2,https://img.travel.rakuten.co.jp/image/tr/api/re/IdsCY/?f_no=195216&f_syu=r20184_8&f_hi1=2026-04-21&f_hi2=2026-04-22&f_heya_su=1&f_otona_su=1&f_s1=0&f_s2=0&f_y1=0&f_y2=0&f_y3=0&f_y4=0&f_camp_id=6337205,0,2026-04-21,68904,68904,0,2026-04-21,merged-20260419
194508,Ｉｔｏｓｈｉｍａ８１０Ｖｉｌｌａ＆Ｒｅｓｏｒｔ　＾,https://img.travel.rakuten.co.jp/image/tr/api/re/pvonD/?f_no=194508,https://img.travel.rakuten.co.jp/image/tr/api/re/vFumt/?f_no=194508&f_flg=PLAN,,https://img.travel.rakuten.co.jp/image/tr/api/re/gJNfM/?f_hotel_no=194508,,　,15776,120917.98,468394.64,819-1335,福岡県,糸島市志摩芥屋810　Ｉｔｏｓｈｉｍａ810Ｖｉｌｌａ＆Ｒｅｓｏｒｔ,080-3188-3570,000-000-0000,加布里駅から車で約１７分,有り,加布里,https://img.travel.rakuten.co.jp/share/HOTEL/194508/194508.jpg,https://img.travel.rakuten.co.jp/HIMG/90/194508.jpg,,,https://img.travel.rakuten.co.jp/share/HOTEL/194508/194508map.gif,,,,1224393_8,一戸建て,6248750.0,Itoshima810Villa&Resort,1,0,0,0,0,2,https://img.travel.rakuten.co.jp/image/tr/api/re/IdsCY/?f_no=194508&f_syu=1224393_8&f_hi1=2026-04-21&f_hi2=2026-04-22&f_heya_su=1&f_otona_su=1&f_s1=0&f_s2=0&f_y1=0&f_y2=0&f_y3=0&f_y4=0&f_camp_id=6248750,0,2026-04-21,78880,78880,0,2026-04-21,merged-20260419
189859,【飲み会＆パーティ可】個室完備！博多・天神の中心街！利用人数は相談可　＾,https://img.travel.rakuten.co.jp/image/tr/api/re/pvonD/?f_no=189859,https://img.travel.rakuten.co.jp/image/tr/api/re/vFumt/?f_no=189859&f_flg=PLAN,,https://img.travel.rakuten.co.jp/image/tr/api/re/gJNfM/?f_hotel_no=189859,,　,14500,120890.59,469419.99,810-0023,福岡県,福岡市中央区警固2-13-21　パインヒル警固602,090-4991-0099,000-000-0000,薬院大通駅から徒歩で約３分,無し,赤坂（福岡）,https://img.travel.rakuten.co.jp/share/HOTEL/189859/189859.jpg,https://img.travel.rakuten.co.jp/HIMG/90/189859.jpg,,,https://img.travel.rakuten.co.jp/share/HOTEL/189859/189859map.gif,,,,596616_10,スタンダードルーム,5918307.0,大人数でも楽しいHOTEL♪福岡天神ステイズエルアール(Stay’s LR),1,0,0,0,0,2,https://img.travel.rakuten.co.jp/image/tr/api/re/IdsCY/?f_no=189859&f_syu=596616_10&f_hi1=2026-04-21&f_hi2=2026-04-22&f_heya_su=1&f_otona_su=1&f_s1=0&f_s2=0&f_y1=0&f_y2=0&f_y3=0&f_y4=0&f_camp_id=5918307,0,2026-04-21,99760,99760,0,2026-04-21,merged-20260419
190522,ＡＭＰ　ＦＬＡＴ　Ｄａｉｍｙｏ　Ｔｅｒｒａｃｅ　＾,https://img.travel.rakuten.co.jp/image/tr/api/re/pvonD/?f_no=190522,https://img.travel.rakuten.co.jp/image/tr/api/re/vFumt/?f_no=190522&f_flg=PLAN,,https://img.travel.rakuten.co.jp/image/tr/api/re/gJNfM/?f_hotel_no=190522,,　,23200,120899.43,469426.07,810-0041,福岡県,福岡市中央区大名1-3-35　アーバンビラ大名703号,080-3188-3570,000-000-0000,赤坂駅から徒歩で約３分,有り,赤坂（福岡）,https://img.travel.rakuten.co.jp/share/HOTEL/190522/190522.jpg,https://img.travel.rakuten.co.jp/HIMG/90/190522.jpg,,,https://img.travel.rakuten.co.jp/share/HOTEL/190522/190522map.gif,,,,946602_8,スタンダードルーム,6029928.0,AMP FLAT Daimyo Terrace,1,0,0,0,0,2,https://img.travel.rakuten.co.jp/image/tr/api/re/IdsCY/?f_no=190522&f_syu=946602_8&f_hi1=2026-04-21&f_hi2=2026-04-22&f_heya_su=1&f_otona_su=1&f_s1=0&f_s2=0&f_y1=0&f_y2=0&f_y3=0&f_y4=0&f_camp_id=6029928,0,2026-04-21,116000,116000,0,2026-04-21,merged-20260419
195671,閑静な住宅街にある白い洋風アパート／民泊,https://img.travel.rakuten.co.jp/image/tr/api/re/pvonD/?f_no=195671,https://img.travel.rakuten.co.jp/image/tr/api/re/vFumt/?f_no=195671&f_flg=PLAN,,https://img.travel.rakuten.co.jp/image/tr/api/re/gJNfM/?f_hotel_no=195671,, ,386667,120898.25,469256.73,814-0006,福岡県,福岡市早良区百道3-7-17 102　新日本パレス百道I,080-8905-6750,00-0000-0000,藤崎駅より徒歩で3分,なし,藤崎（福岡）,https://img.travel.rakuten.co.jp/share/HOTEL/195671/195671.jpg,https://img.travel.rakuten.co.jp/HIMG/90/195671.jpg,,,https://img.travel.rakuten.co.jp/share/HOTEL/195671/195671map.gif,,,,r21289_3,新日本パレス百道I-101,6395548.0,百道102,1,0,0,0,0,2,https://img.travel.rakuten.co.jp/image/tr/api/re/IdsCY/?f_no=195671&f_syu=r21289_3&f_hi1=2026-04-21&f_hi2=2026-04-22&f_heya_su=1&f_otona_su=1&f_s1=0&f_s2=0&f_y1=0&f_y2=0&f_y3=0&f_y4=0&f_camp_id=6395548,0,2026-04-21,1160000,1160000,0,2026-04-21,merged-20260419
198824,Ｈｏｔｅｌ　ＦＵＫ＋Ｏ,https://img.travel.rakuten.co.jp/image/tr/api/re/pvonD/?f_no=198824,https://img.travel.rakuten.co.jp/image/tr/api/re/vFumt/?f_no=198824&f_flg=PLAN,,https://img.travel.rakuten.co.jp/image/tr/api/re/gJNfM/?f_hotel_no=198824,ほてるふくお,最大10名でお泊りいただけるお部屋あります！,2380,120931.92,469440.85,810-0001,福岡県,福岡市中央区天神5-5-8,092-409-4892,092-401-1057,天神駅徒歩5分,なし,天神,https://img.travel.rakuten.co.jp/share/HOTEL/198824/198824.jpg,https://img.travel.rakuten.co.jp/HIMG/90/198824.jpg,,,https://img.travel.rakuten.co.jp/share/HOTEL/198824/198824map.gif,,,,bhito,スーペリアトリプルルームB,6435971.0,【素泊まり】スタンダードプラン「迷ったらコレ！」,1,0,0,0,0,2,https://img.travel.rakuten.co.jp/image/tr/api/re/IdsCY/?f_no=198824&f_syu=bhito&f_hi1=2026-04-21&f_hi2=2026-04-22&f_heya_su=1&f_otona_su=1&f_s1=0&f_s2=0&f_y1=0&f_y2=0&f_y3=0&f_y4=0&f_camp_id=6435971,0,2026-04-21,25200,25200,0,2026-04-21,merged-20260419
198823,Ｆａｍ　Ｈｏｔｅｌ　Ｉｍａｉｚｕｍｉ,https://img.travel.rakuten.co.jp/image/tr/api/re/pvonD/?f_no=198823,https://img.travel.rakuten.co.jp/image/tr/api/re/vFumt/?f_no=198823&f_flg=PLAN,,https://img.travel.rakuten.co.jp/image/tr/api/re/gJNfM/?f_hotel_no=198823,ふぁむ　ほてる　いまいずみ,新築2階建てホテルが誕生！,2772,120894.23,469442.16,810-0021,福岡県,福岡市中央区今泉1-18-19,092-409-4892,092-401-1057,西鉄天神駅から徒歩8分,なし,天神,https://img.travel.rakuten.co.jp/share/HOTEL/198823/198823.jpg,https://img.travel.rakuten.co.jp/HIMG/90/198823.jpg,,,https://img.travel.rakuten.co.jp/share/HOTEL/198823/198823map.gif,1.0,,,bhito,スーペリアトリプルルームB,6432937.0,【素泊まり】スタンダードプラン「迷ったらコレ！」,1,0,0,0,0,2,https://img.travel.rakuten.co.jp/image/tr/api/re/IdsCY/?f_no=198823&f_syu=bhito&f_hi1=2026-04-21&f_hi2=2026-04-22&f_heya_su=1&f_otona_su=1&f_s1=0&f_s2=0&f_y1=0&f_y2=0&f_y3=0&f_y4=0&f_camp_id=6432937,0,2026-04-21,35000,35000,0,2026-04-21,merged-20260419
172605,ＡＢホテル行橋,https://img.travel.rakuten.co.jp/image/tr/api/re/pvonD/?f_no=172605,https://img.travel.rakuten.co.jp/image/tr/api/re/vFumt/?f_no=172605&f_flg=PLAN,https://img.travel.rakuten.co.jp/image/tr/api/re/WzozX/?noTomariHotel=172605,https://img.travel.rakuten.co.jp/image/tr/api/re/gJNfM/?f_hotel_no=172605,えーびーほてるゆくはし,行橋駅より徒歩１分、北九州空港より車で約２５分！健康朝食バイキング、男女別大浴場が無料♪ウェルカムコーヒーも♪,1800,121409.13,471499.33,824-0031,福岡県,行橋市西宮市2-2-16,0930-28-8222,0930-28-8219,行橋駅より徒歩にて約1分♪北九州空港より車で40分♪小倉駅から16分♪,有り　無料　平面／47台（先着順）　※大型車、バイク、自転車は不可,行橋,https://img.travel.rakuten.co.jp/share/HOTEL/172605/172605.jpg,https://img.travel.rakuten.co.jp/HIMG/90/172605.jpg,,,https://img.travel.rakuten.co.jp/share/HOTEL/172605/172605map.gif,795.0,4.23,"クチコミの詳細はこちらから　https://review.travel.rakuten.co.jp/hotel/voice/172605?reviewId=3…　2026-04-14 16:48:58投稿 <a href=""https://img.travel.rakuten.co.jp/image/tr/api/re/gJNfM/?f_hotel_no=172605"" class=""3click"">つづきはこちら</a>",snb,禁煙スーペリアシングル【140ｃｍダブルベッド】,4571745.0,3日以上前までの予約限定プラン！【健康朝食・大浴場無料】,1,0,0,1,0,1,https://img.travel.rakuten.co.jp/image/tr/api/re/IdsCY/?f_no=172605&f_syu=snb&f_hi1=2026-04-21&f_hi2=2026-04-22&f_heya_su=1&f_otona_su=1&f_s1=0&f_s2=0&f_y1=0&f_y2=0&f_y3=0&f_y4=0&f_camp_id=4571745,0,2026-04-21,12400,12400,0,2026-04-21,merged-20260419
147051,アリストンイン苅田北九州空港,https://img.travel.rakuten.co.jp/image/tr/api/re/pvonD/?f_no=147051,https://img.travel.rakuten.co.jp/image/tr/api/re/vFumt/?f_no=147051&f_flg=PLAN,https://img.travel.rakuten.co.jp/image/tr/api/re/WzozX/?noTomariHotel=147051,https://img.travel.rakuten.co.jp/image/tr/api/re/gJNfM/?f_hotel_no=147051,ありすとんいんかんだきたきゅうしゅうくうこう,駐車場無料★全室Wi-Fi完備★宿泊者限定マンガコーナー&マッサージチェア設置★,3450,121616.05,471547.48,800-0314,福岡県,京都郡苅田町幸町12-5,093-435-0600,093-435-0605,駐車場無料★北九州空港から車で約15分・苅田駅から徒歩約７分（JR小倉駅から苅田駅まで電車で25分）,平面駐車場(58台）無料　,苅田,https://img.travel.rakuten.co.jp/share/HOTEL/147051/147051.jpg,https://img.travel.rakuten.co.jp/HIMG/90/147051.jpg,,,https://img.travel.rakuten.co.jp/share/HOTEL/147051/147051map.gif,484.0,3.71,"4泊朝食付きのプランで宿泊しました。何度も利用させて頂いてますが、スタッフの方々が親切で話しやすいので好感が持てます。前回の宿泊時に依頼した事も共有されているので…　2026-04-06 09:23:21投稿 <a href=""https://img.travel.rakuten.co.jp/image/tr/api/re/gJNfM/?f_hotel_no=147051"" class=""3click"">つづきはこちら</a>",sd2,スタンダードシングル【禁煙】,5398175.0,【基本プラン】＜素泊り＞駐車場無料！Sertaのふかふかマットレスでぐっすり。お部屋でのんびりプラン,1,0,0,0,0,1,https://img.travel.rakuten.co.jp/image/tr/api/re/IdsCY/?f_no=147051&f_syu=sd2&f_hi1=2026-04-21&f_hi2=2026-04-22&f_heya_su=1&f_otona_su=1&f_s1=0&f_s2=0&f_y1=0&f_y2=0&f_y3=0&f_y4=0&f_camp_id=5398175,0,2026-04-21,7300,7300,0,2026-04-21,merged-20260419
68680,ホテルルートイン苅田駅前,https://img.travel.rakuten.co.jp/image/tr/api/re/pvonD/?f_no=68680,https://img.travel.rakuten.co.jp/image/tr/api/re/vFumt/?f_no=68680&f_flg=PLAN,https://img.travel.rakuten.co.jp/image/tr/api/re/WzozX/?noTomariHotel=68680,https://img.travel.rakuten.co.jp/image/tr/api/re/gJNfM/?f_hotel_no=68680,るーといんかんだえきまえ,WOWOW全室で無料視聴可■VODルームシアター無料視聴可能(一般映画のみ・コンフォートルーム特典）■Wi-Fi利用可,5350,121611.41,471533.88,800-0361,福岡県,京都郡苅田町神田町1-8-1,050-5576-7905,093-435-3712,ＪＲ日豊本線　苅田駅徒歩0分／北九州空港より車で約１5分,有り　83台　無料　先着順（予約不可）,苅田,https://img.travel.rakuten.co.jp/share/HOTEL/68680/68680.jpg,https://img.travel.rakuten.co.jp/HIMG/90/68680.jpg,https://img.travel.rakuten.co.jp/share/HOTEL/68680/68680_k.jpg,https://img.travel.rakuten.co.jp/HIMG/INTERIOR/68680.jpg,https://img.travel.rakuten.co.jp/share/HOTEL/68680/68680map.gif,540.0,4.02,"クチコミの詳細はこち…　2026-04-12 18:36:21投稿 <a href=""https://img.travel.rakuten.co.jp/image/tr/api/re/gJNfM/?f_hotel_no=68680"" class=""3click"">つづきはこちら</a>",cs,【喫煙】コンフォートシングルルーム　『上層階確約』,5830371.0,【朝食付・事前カード決済がお得で早い】簡単チェックインでスムーズにお部屋へ 〜◆大浴場◆駅近◆,1,0,0,1,0,2,https://img.travel.rakuten.co.jp/image/tr/api/re/IdsCY/?f_no=68680&f_syu=cs&f_hi1=2026-04-21&f_hi2=2026-04-22&f_heya_su=1&f_otona_su=1&f_s1=0&f_s2=0&f_y1=0&f_y2=0&f_y3=0&f_y4=0&f_camp_id=5830371,0,2026-04-21,10250,10250,0,2026-04-21,merged-20260419
49348,ブルーポートホテル苅田北九州空港,https://img.travel.rakuten.co.jp/image/tr/api/re/pvonD/?f_no=49348,https://img.travel.rakuten.co.jp/image/tr/api/re/vFumt/?f_no=49348&f_flg=PLAN,https://img.travel.rakuten.co.jp/image/tr/api/re/WzozX/?noTomariHotel=49348,https://img.travel.rakuten.co.jp/image/tr/api/re/gJNfM/?f_hotel_no=49348,ぶるーぽーとほてるかんだきたきゅうしゅうくうこう,苅田北九州空港ICより車で約1分★駐車場無料★種類豊富な朝食ビュッフェが大人気♪,3800,121689.16,471527.17,800-0365,福岡県,京都郡苅田町苅田3787-61,093-475-8844,093-475-8944,JR朽網（くさみ）駅より北九州空港行きバス約6分。苅田北九州空港ＩＣより車で1分,有り80台（全て平面）無料　普通車予約不要　各種トラックやバスも無料OK（要予約）,苅田,https://img.travel.rakuten.co.jp/share/HOTEL/49348/49348.jpg,https://img.travel.rakuten.co.jp/HIMG/90/49348.jpg,https://img.travel.rakuten.co.jp/share/HOTEL/49348/49348_ro.jpg,https://img.travel.rakuten.co.jp/HIMG/INTERIOR/49348.jpg,https://img.travel.rakuten.co.jp/share/HOTEL/49348/49348map.gif,1250.0,3.94,"クチコミの詳細はこちらから　https://review.travel.rak…　2026-04-02 19:18:27投稿 <a href=""https://img.travel.rakuten.co.jp/image/tr/api/re/gJNfM/?f_hotel_no=49348"" class=""3click"">つづきはこちら</a>",230,ワケあり部屋■シングルルーム■ベッド幅120cm,3982655.0,【禁喫選択不可】朝食付き♪室数限定！お得に泊まろうワケありプラン★駐車場無料★,1,0,0,1,0,1,https://img.travel.rakuten.co.jp/image/tr/api/re/IdsCY/?f_no=49348&f_syu=230&f_hi1=2026-04-21&f_hi2=2026-04-22&f_heya_su=1&f_otona_su=1&f_s1=0&f_s2=0&f_y1=0&f_y2=0&f_y3=0&f_y4=0&f_camp_id=3982655,0,2026-04-21,7800,7800,0,2026-04-21,merged-20260419
41024,ホテルルートイン行橋,https://img.travel.rakuten.co.jp/image/tr/api/re/pvonD/?f_no=41024,https://img.travel.rakuten.co.jp/image/tr/api/re/vFumt/?f_no=41024&f_flg=PLAN,https://img.travel.rakuten.co.jp/image/tr/api/re/WzozX/?noTomariHotel=41024,https://img.travel.rakuten.co.jp/image/tr/api/re/gJNfM/?f_hotel_no=41024,るーといん　ゆくはし,JR行橋駅より徒歩7分☆大浴場有り☆朝食無料☆Ｗi-Fi無料☆WOWOW無料視聴☆,5700,121408.48,471511.6,824-0005,福岡県,行橋市中央3-5-8,0930-26-8711,0930-26-8712,ＪＲ行橋駅より徒歩7分／東九州自動車道　行橋ＩＣより約４ｋｍ/東九州自動車道　苅田北九州空港ICより約10km,有料：500円/泊　先着順　平面駐車場以外は提携駐車場へのご案内致します。,行橋,https://img.travel.rakuten.co.jp/share/HOTEL/41024/41024.jpg,https://img.travel.rakuten.co.jp/HIMG/90/41024.jpg,https://img.travel.rakuten.co.jp/share/HOTEL/41024/41024_kya.jpg,https://img.travel.rakuten.co.jp/HIMG/INTERIOR/41024.jpg,https://img.travel.rakuten.co.jp/share/HOTEL/41024/41024map.gif,710.0,3.84," お風呂は良いのですが、シャワーの水圧が高いです。また泊まりたい…　2026-04-14 16:53:52投稿 <a href=""https://img.travel.rakuten.co.jp/image/tr/api/re/gJNfM/?f_hotel_no=41024"" class=""3click"">つづきはこちら</a>",sb,【喫煙】シングルルーム ,1131753.0,【スタンダードプラン】　■大浴場完備■バイキング朝食付き■,1,0,0,1,0,1,https://img.travel.rakuten.co.jp/image/tr/api/re/IdsCY/?f_no=41024&f_syu=sb&f_hi1=2026-04-21&f_hi2=2026-04-22&f_heya_su=1&f_otona_su=1&f_s1=0&f_s2=0&f_y1=0&f_y2=0&f_y3=0&f_y4=0&f_camp_id=1131753,0,2026-04-21,9650,9650,0,2026-04-21,merged-20260419
108371,東横ＩＮＮ北九州空港,https://img.travel.rakuten.co.jp/image/tr/api/re/pvonD/?f_no=108371,https://img.travel.rakuten.co.jp/image/tr/api/re/vFumt/?f_no=108371&f_flg=PLAN,https://img.travel.rakuten.co.jp/image/tr/api/re/WzozX/?noTomariHotel=108371,https://img.travel.rakuten.co.jp/image/tr/api/re/gJNfM/?f_hotel_no=108371,とうよこいんきたきゅうしゅうくうこう,平尾台まで車で50分の立地で出発を応援！朝食・小学生以下添い寝無料で安心空間を提供いたします,4515,121794.13,471717.73,800-0306,福岡県,北九州市小倉南区空港北町2-4,093-472-1042,093-472-1049,北九州空港より徒歩5分　送迎シャトルを17：00以降離発着に合わせて最終便まで運行　朝は4：50から10：10まで運行中,無料！駐車場有　281台　　駐車場10日間無料　大型バス・大型車駐車無料,北九州空港,https://img.travel.rakuten.co.jp/share/HOTEL/108371/108371.jpg,https://img.travel.rakuten.co.jp/HIMG/90/108371.jpg,https://img.travel.rakuten.co.jp/share/HOTEL/108371/108371room1.jpg,https://img.travel.rakuten.co.jp/HIMG/INTERIOR/108371.jpg,https://img.travel.rakuten.co.jp/share/HOTEL/108371/108371map.gif,547.0,4.28,"ただ、浴室のシャワーのホースが固く壁側かトイレ側に向…　2026-04-14 15:42:15投稿 <a href=""https://img.travel.rakuten.co.jp/image/tr/api/re/gJNfM/?f_hotel_no=108371"" class=""3click"">つづきはこちら</a>",sk,禁煙シングル,2729285.0,★【無料の元気朝食付】いつでも安心価格♪ビジネス・レジャーに！ 禁煙シングル,1,0,0,1,0,1,https://img.travel.rakuten.co.jp/image/tr/api/re/IdsCY/?f_no=108371&f_syu=sk&f_hi1=2026-04-21&f_hi2=2026-04-22&f_heya_su=1&f_otona_su=1&f_s1=0&f_s2=0&f_y1=0&f_y2=0&f_y3=0&f_y4=0&f_camp_id=2729285,0,2026-04-21,6930,6930,0,2026-04-21,merged-20260419
196719,ホテルカームプレイス,https://img.travel.rakuten.co.jp/image/tr/api/re/pvonD/?f_no=196719,https://img.travel.rakuten.co.jp/image/tr/api/re/vFumt/?f_no=196719&f_flg=PLAN,https://img.travel.rakuten.co.jp/image/tr/api/re/WzozX/?noTomariHotel=196719,https://img.travel.rakuten.co.jp/image/tr/api/re/gJNfM/?f_hotel_no=196719,ほてるかーむぷれいす,2025年3月新規開業！新しいお部屋でごゆっくりお過ごしください。漫画を500冊程置いております。,4020,121609.75,471558.66,800-0313,福岡県,京都郡苅田町磯浜町1-3-3,093-436-5560,093-436-5561,JR苅田駅より車で5分、徒歩15分。25号門司行橋線沿いすぐの好立地,有り　19台　無料　予約不要,苅田,https://img.travel.rakuten.co.jp/share/HOTEL/196719/196719.jpg,https://img.travel.rakuten.co.jp/HIMG/90/196719.jpg,,,https://img.travel.rakuten.co.jp/share/HOTEL/196719/196719map.gif,16.0,3.88,"出張先の宿泊として利用させていただきました。受付のスタッフの方が丁寧で良かったです。周辺には歩いて行ける距離にコンビニもありますし、ホテルの2階に冷凍パスタ等が買える…　2026-04-13 22:18:19投稿 <a href=""https://img.travel.rakuten.co.jp/image/tr/api/re/gJNfM/?f_hotel_no=196719"" class=""3click"">つづきはこちら</a>",06,シングルルーム■11.8平米／セミダブルベッド,6252698.0,≪新規開業≫快適な空間で上質な眠りを●素泊りプラン●,1,0,0,0,0,1,https://img.travel.rakuten.co.jp/image/tr/api/re/IdsCY/?f_no=196719&f_syu=06&f_hi1=2026-04-21&f_hi2=2026-04-22&f_heya_su=1&f_otona_su=1&f_s1=0&f_s2=0&f_y1=0&f_y2=0&f_y3=0&f_y4=0&f_camp_id=6252698,0,2026-04-21,5800,5800,0,2026-04-21,merged-20260419
151179,ＨＯＴＥＬ　ＡＺ　福岡吉富店,https://img.travel.rakuten.co.jp/image/tr/api/re/pvonD/?f_no=151179,https://img.travel.rakuten.co.jp/image/tr/api/re/vFumt/?f_no=151179&f_flg=PLAN,https://img.travel.rakuten.co.jp/image/tr/api/re/WzozX/?noTomariHotel=151179,https://img.travel.rakuten.co.jp/image/tr/api/re/gJNfM/?f_hotel_no=151179,ほてる　えーぜっと　ふくおかよしとみてん,"大分県との県境。中津城へ車で10分。大分県中津市,福岡県豊前市,上毛町に隣接。",4620,120973.72,472218.13,871-0811,福岡県,築上郡吉富町広津879-2,0979-22-3801,0979-22-3802,北九州空港から高速で45分(豊前ICから車で10分）。ＪＲ中津駅から車で約5分。駐車場入り口は県道108号線沿いです。,無料駐車場124台あり　普通車：予約不要 、中型車・大型車：要予約（有料）,吉富（福岡）,https://img.travel.rakuten.co.jp/share/HOTEL/151179/151179.jpg,https://img.travel.rakuten.co.jp/HIMG/90/151179.jpg,https://img.travel.rakuten.co.jp/share/HOTEL/151179/151179_kan1.jpg,https://img.travel.rakuten.co.jp/HIMG/INTERIOR/151179.jpg,https://img.travel.rakuten.co.jp/share/HOTEL/151179/151179map.gif,71.0,4.13,"クチコミの詳細はこちらから　https://review.travel.rakuten.co.j…　2026-03-17 08:05:20投稿 <a href=""https://img.travel.rakuten.co.jp/image/tr/api/re/gJNfM/?f_hotel_no=151179"" class=""3click"">つづきはこちら</a>",002,【禁煙】シングル,6108654.0,スタンダードプラン（朝食サービス）,1,0,0,1,0,1,https://img.travel.rakuten.co.jp/image/tr/api/re/IdsCY/?f_no=151179&f_syu=002&f_hi1=2026-04-21&f_hi2=2026-04-22&f_heya_su=1&f_otona_su=1&f_s1=0&f_s2=0&f_y1=0&f_y2=0&f_y3=0&f_y4=0&f_camp_id=6108654,0,2026-04-21,6380,6380,0,2026-04-21,merged-20260419
15460,ビジネスホテル　ゆくはし,https://img.travel.rakuten.co.jp/image/tr/api/re/pvonD/?f_no=15460,https://img.travel.rakuten.co.jp/image/tr/api/re/vFumt/?f_no=15460&f_flg=PLAN,https://img.travel.rakuten.co.jp/image/tr/api/re/WzozX/?noTomariHotel=15460,https://img.travel.rakuten.co.jp/image/tr/api/re/gJNfM/?f_hotel_no=15460,ゆくはし,駐車場無料・全室バストイレ独立型の客室・徒歩圏内にコンビニ、飲食店、ドラッグストアあり,6000,121408.83,471493.98,824-0031,福岡県,行橋市西宮市2-20-15,0930-22-1333,0930-22-7553,JR行橋駅[特急停車駅]西口から徒歩3分　東九州道[行橋インター]より車で約8分,無料駐車場あり(30台)、大型車（トラック、マイクロバス）の場合は事前にご相談下さい,行橋,https://img.travel.rakuten.co.jp/share/HOTEL/15460/15460.jpg,https://img.travel.rakuten.co.jp/HIMG/90/15460.jpg,https://img.travel.rakuten.co.jp/share/HOTEL/15460/15460_sig.jpg,https://img.travel.rakuten.co.jp/HIMG/INTERIOR/15460.jpg,https://img.travel.rakuten.co.jp/share/HOTEL/15460/15460map.gif,173.0,3.79,,sk,〈禁煙・シングル〉全室バストイレ独立型のお部屋♪,2443427.0,【素泊まり・シングル】行橋駅西口(特急停車駅)より徒歩3分♪シンプルな素泊まりプラン♪,1,0,0,0,0,1,https://img.travel.rakuten.co.jp/image/tr/api/re/IdsCY/?f_no=15460&f_syu=sk&f_hi1=2026-04-21&f_hi2=2026-04-22&f_heya_su=1&f_otona_su=1&f_s1=0&f_s2=0&f_y1=0&f_y2=0&f_y3=0&f_y4=0&f_camp_id=2443427,0,2026-04-21,8800,8800,1,2026-04-21,merged-20260419
147642,ＨＯＴＥＬ　ＡＺ　福岡築上店,https://img.travel.rakuten.co.jp/image/tr/api/re/pvonD/?f_no=147642,https://img.travel.rakuten.co.jp/image/tr/api/re/vFumt/?f_no=147642&f_flg=PLAN,https://img.travel.rakuten.co.jp/image/tr/api/re/WzozX/?noTomariHotel=147642,https://img.travel.rakuten.co.jp/image/tr/api/re/gJNfM/?f_hotel_no=147642,ほてる　えーぜっと　ふくおかちくじょうてん,東九州道（椎田道路）築城ＩＣより車で約7分☆北九州空港から車で4０分☆平面駐車場無料・朝食無料・ネット接続無料☆,4620,121189.56,471782.48,829-0342,福岡県,築上郡築上町東八田67-1,0930-57-3301,0930-57-3302,東九州自動車道（椎田道路）築城ＩＣより車で約7分 /ＪＲ築城駅より車で5分/ 北九州空港から車で約40分（高速利用）,無料平面駐車場150台あり　普通車：予約不要 、中型車・大型車：要予約（有料）,築城,https://img.travel.rakuten.co.jp/share/HOTEL/147642/147642.jpg,https://img.travel.rakuten.co.jp/HIMG/90/147642.jpg,https://img.travel.rakuten.co.jp/share/HOTEL/147642/147642_kan1.jpg,https://img.travel.rakuten.co.jp/HIMG/INTERIOR/147642.jpg,https://img.travel.rakuten.co.jp/share/HOTEL/147642/147642map.gif,85.0,4.23,"クチコミの詳細はこちらから　https://review.travel.rakuten.co.…　2026-04-07 01:04:52投稿 <a href=""https://img.travel.rakuten.co.jp/image/tr/api/re/gJNfM/?f_hotel_no=147642"" class=""3click"">つづきはこちら</a>",sn,【禁煙】シングル,6108346.0,スタンダードプラン（朝食サービス）,1,0,0,1,0,1,https://img.travel.rakuten.co.jp/image/tr/api/re/IdsCY/?f_no=147642&f_syu=sn&f_hi1=2026-04-21&f_hi2=2026-04-22&f_heya_su=1&f_otona_su=1&f_s1=0&f_s2=0&f_y1=0&f_y2=0&f_y3=0&f_y4=0&f_camp_id=6108346,0,2026-04-21,6380,6380,0,2026-04-21,merged-20260419
184657,ＨＯＴＥＬ　Ｒ９　Ｔｈｅ　Ｙａｒｄ　豊前,https://img.travel.rakuten.co.jp/image/tr/api/re/pvonD/?f_no=184657,https://img.travel.rakuten.co.jp/image/tr/api/re/vFumt/?f_no=184657&f_flg=PLAN,https://img.travel.rakuten.co.jp/image/tr/api/re/WzozX/?noTomariHotel=184657,https://img.travel.rakuten.co.jp/image/tr/api/re/gJNfM/?f_hotel_no=184657,ほてる あーるないん ざ やーど ぶぜん,宇島駅より徒歩3分！豊前ICと工業団地も程近くビジネスに最適◎独立客室で快適な滞在を♪,3600,121023.35,472055.67,828-0021,福岡県,豊前市八屋1921-1,0979-64-6766,0979-64-6885,【お車】東九州自動車道 豊前ICより車で10分 【電車】JR日豊本線 宇島駅より徒歩3分,無料 有り 36台※大型車（2トントラック以上）をご利用の際は、事前にお電話でお問い合わせください。,宇島,https://img.travel.rakuten.co.jp/share/HOTEL/184657/184657.jpg,https://img.travel.rakuten.co.jp/HIMG/90/184657.jpg,,,https://img.travel.rakuten.co.jp/share/HOTEL/184657/184657map.gif,87.0,4.05,"クチコミの詳細はこちらから　https://review.…　2026-04-02 12:59:50投稿 <a href=""https://img.travel.rakuten.co.jp/image/tr/api/re/gJNfM/?f_hotel_no=184657"" class=""3click"">つづきはこちら</a>",double,【禁煙】ダブルルーム （約12平米/最大2名様）,5573852.0,【スタンダード】ビジネスや観光の拠点に♪軽食＆ホットドリンク付【駐車場至近＆無料】,1,0,0,0,0,1,https://img.travel.rakuten.co.jp/image/tr/api/re/IdsCY/?f_no=184657&f_syu=double&f_hi1=2026-04-21&f_hi2=2026-04-22&f_heya_su=1&f_otona_su=1&f_s1=0&f_s2=0&f_y1=0&f_y2=0&f_y3=0&f_y4=0&f_camp_id=5573852,0,2026-04-21,7000,7000,0,2026-04-21,merged-20260419
187338,ＨＯＴＥＬ　Ｒ９　Ｔｈｅ　Ｙａｒｄ　上毛,https://img.travel.rakuten.co.jp/image/tr/api/re/pvonD/?f_no=187338,https://img.travel.rakuten.co.jp/image/tr/api/re/vFumt/?f_no=187338&f_flg=PLAN,https://img.travel.rakuten.co.jp/image/tr/api/re/WzozX/?noTomariHotel=187338,https://img.travel.rakuten.co.jp/image/tr/api/re/gJNfM/?f_hotel_no=187338,ほてる あーるないん ざ やーど こうげ,上毛スマートICより車で3分！中津・耶馬渓の観光拠点にも◎無料駐車場完備！独立客室で快適な滞在を♪,3300,120820.72,472239.06,871-0923,福岡県,築上郡上毛町下唐原1649-11,0979-64-6111,0979-64-6408,【お車】東九州自動車道 上毛スマートICより3分、豊前ICより10分【電車】JR日豊本線 中津駅よりタクシーで10分,無料 有り 24台※大型車（2トントラック以上）をご利用の際は、事前にお電話でお問い合わせください。,中津（大分）,https://img.travel.rakuten.co.jp/share/HOTEL/187338/187338.jpg,https://img.travel.rakuten.co.jp/HIMG/90/187338.jpg,,,https://img.travel.rakuten.co.jp/share/HOTEL/187338/187338map.gif,65.0,4.57,"ま…　2026-03-22 23:45:49投稿 <a href=""https://img.travel.rakuten.co.jp/image/tr/api/re/gJNfM/?f_hotel_no=187338"" class=""3click"">つづきはこちら</a>",double,【禁煙】ダブルルーム （約13平米/最大2名様）,5684815.0,【スタンダード】ビジネスや観光の拠点に♪軽食＆ホットドリンク付【駐車場至近＆無料】,1,0,0,0,0,1,https://img.travel.rakuten.co.jp/image/tr/api/re/IdsCY/?f_no=187338&f_syu=double&f_hi1=2026-04-21&f_hi2=2026-04-22&f_heya_su=1&f_otona_su=1&f_s1=0&f_s2=0&f_y1=0&f_y2=0&f_y3=0&f_y4=0&f_camp_id=5684815,0,2026-04-21,6000,6000,0,2026-04-21,merged-20260419
191904,そらすな,https://img.travel.rakuten.co.jp/image/tr/api/re/pvonD/?f_no=191904,https://img.travel.rakuten.co.jp/image/tr/api/re/vFumt/?f_no=191904&f_flg=PLAN,https://img.travel.rakuten.co.jp/image/tr/api/re/WzozX/?noTomariHotel=191904,https://img.travel.rakuten.co.jp/image/tr/api/re/gJNfM/?f_hotel_no=191904,そらすな,◇全室オーシャンビュー◇サウナ付きルームやペット可能ルーム◇旬の食材やマリンアクティビティも楽しめるビーチサイドリゾート,8000,121389.37,471691.23,824-0014,福岡県,行橋市長井136-1,0930-55-0116,0930-28-9009,ＪＲ行橋駅よりお車で約１５分、北九州空港よりお車で約３０分,有り：79台無料、予約不要※22：00〜8:30の入出庫は事前にご連絡をお願いします。,行橋,https://img.travel.rakuten.co.jp/share/HOTEL/191904/191904.jpg,https://img.travel.rakuten.co.jp/HIMG/90/191904.jpg,,,https://img.travel.rakuten.co.jp/share/HOTEL/191904/191904map.gif,10.0,4.56,,sola2023r3,スタンダードルーム,5985505.0,【お食事不要の方はこちら】水平線を望む全10室限定リゾートホテル/素泊まりプラン,1,0,0,0,0,2,https://img.travel.rakuten.co.jp/image/tr/api/re/IdsCY/?f_no=191904&f_syu=sola2023r3&f_hi1=2026-04-21&f_hi2=2026-04-22&f_heya_su=1&f_otona_su=1&f_s1=0&f_s2=0&f_y1=0&f_y2=0&f_y3=0&f_y4=0&f_camp_id=5985505,0,2026-04-21,16000,16000,0,2026-04-21,merged-20260419
168550,割烹旅館　宇島汐湯,https://img.travel.rakuten.co.jp/image/tr/api/re/pvonD/?f_no=168550,https://img.travel.rakuten.co.jp/image/tr/api/re/vFumt/?f_no=168550&f_flg=PLAN,,https://img.travel.rakuten.co.jp/image/tr/api/re/gJNfM/?f_hotel_no=168550,かっぽうりょかん　うのしましおゆ,汐風薫るくつろぎの宿　家庭的な雰囲気が漂う料理・旅館,5300,121033.0,472087.36,828-0022,福岡県,豊前市宇島73-1,0979-82-1231,0979-82-4255,ＪＲ宇島駅より徒歩10分,有り　無料　予約不要,宇島,https://img.travel.rakuten.co.jp/share/HOTEL/168550/168550.jpg,https://img.travel.rakuten.co.jp/HIMG/90/168550.jpg,https://img.travel.rakuten.co.jp/share/HOTEL/168550/168550_kan1.jpg,https://img.travel.rakuten.co.jp/HIMG/INTERIOR/168550.jpg,https://img.travel.rakuten.co.jp/share/HOTEL/168550/168550map.gif,34.0,4.32,"クチコミの詳細…　2026-03-24 18:44:13投稿 <a href=""https://img.travel.rakuten.co.jp/image/tr/api/re/gJNfM/?f_hotel_no=168550"" class=""3click"">つづきはこちら</a>",1,おまかせ和室（Wi-Fi完備）,5519521.0,【素泊り】うみてらす豊前もすぐ近く♪気軽に過ごせる豊前の宿,1,0,0,0,0,1,https://img.travel.rakuten.co.jp/image/tr/api/re/IdsCY/?f_no=168550&f_syu=1&f_hi1=2026-04-21&f_hi2=2026-04-22&f_heya_su=1&f_otona_su=1&f_s1=0&f_s2=0&f_y1=0&f_y2=0&f_y3=0&f_y4=0&f_camp_id=5519521,0,2026-04-21,5300,5300,0,2026-04-21,merged-20260419
130601,梶本旅館,https://img.travel.rakuten.co.jp/image/tr/api/re/pvonD/?f_no=130601,https://img.travel.rakuten.co.jp/image/tr/api/re/vFumt/?f_no=130601&f_flg=PLAN,https://img.travel.rakuten.co.jp/image/tr/api/re/WzozX/?noTomariHotel=130601,https://img.travel.rakuten.co.jp/image/tr/api/re/gJNfM/?f_hotel_no=130601,かじもとりょかん,≪北九州空港から車で約10分≫家庭的な雰囲気とお手頃な値段でビジネス利用のお客様に人気。ボリューム満点の手作り夕食が好評,4300,121606.76,471565.02,800-0315,福岡県,京都郡苅田町港町8-3,093-434-1430,093-436-0475,JR苅田駅より徒歩15分／東九州自動車道・苅田北九州空港ICまで約5分、苅田港まで約5分、北九州空港まで約10分,有り　２０台　無料　要予約（大型車もＯＫ）,苅田,https://img.travel.rakuten.co.jp/share/HOTEL/130601/130601.jpg,https://img.travel.rakuten.co.jp/HIMG/90/130601.jpg,https://img.travel.rakuten.co.jp/share/HOTEL/130601/130601_war.jpg,https://img.travel.rakuten.co.jp/HIMG/INTERIOR/130601.jpg,https://img.travel.rakuten.co.jp/share/HOTEL/130601/130601map.gif,15.0,3.67,,3,おまかせ和室4.5〜6畳,3838448.0,【素泊り】長期滞在歓迎★北九州への出張に★仕事後は宿でリラックス,1,0,0,0,0,1,https://img.travel.rakuten.co.jp/image/tr/api/re/IdsCY/?f_no=130601&f_syu=3&f_hi1=2026-04-21&f_hi2=2026-04-22&f_heya_su=1&f_otona_su=1&f_s1=0&f_s2=0&f_y1=0&f_y2=0&f_y3=0&f_y4=0&f_camp_id=3838448,0,2026-04-21,4300,4300,0,2026-04-21,merged-20260419
151183,割烹旅館　紀文,https://img.travel.rakuten.co.jp/image/tr/api/re/pvonD/?f_no=151183,https://img.travel.rakuten.co.jp/image/tr/api/re/vFumt/?f_no=151183&f_flg=PLAN,https://img.travel.rakuten.co.jp/image/tr/api/re/WzozX/?noTomariHotel=151183,https://img.travel.rakuten.co.jp/image/tr/api/re/gJNfM/?f_hotel_no=151183,かっぽうりょかん　きぶん,ＪＲ築城駅から徒歩５分。築城ＩＣより車で５分 。お食事は個室をご案内,4950,121206.76,471737.25,829-0101,福岡県,築上郡築上町東築城116-1,0930-52-0050,0930-52-0100,ＪＲ日豊本線　築城駅より徒歩にて約５分,有り　１０台　無料　予約不要,築城,https://img.travel.rakuten.co.jp/share/HOTEL/151183/151183.jpg,https://img.travel.rakuten.co.jp/HIMG/90/151183.jpg,https://img.travel.rakuten.co.jp/share/HOTEL/151183/151183_kan1.jpg,https://img.travel.rakuten.co.jp/HIMG/INTERIOR/151183.jpg,https://img.travel.rakuten.co.jp/share/HOTEL/151183/151183map.gif,25.0,4.7,,twin2,【バストイレ無し】ツイン,5755602.0,【直前割】直前予約で10％OFF！気ままな素泊りでお得旅♪,1,0,0,0,0,1,https://img.travel.rakuten.co.jp/image/tr/api/re/IdsCY/?f_no=151183&f_syu=twin2&f_hi1=2026-04-21&f_hi2=2026-04-22&f_heya_su=1&f_otona_su=1&f_s1=0&f_s2=0&f_y1=0&f_y2=0&f_y3=0&f_y4=0&f_camp_id=5755602,0,2026-04-21,4950,4950,0,2026-04-21,merged-20260419
111,リーガロイヤルホテル小倉,https://img.travel.rakuten.co.jp/image/tr/api/re/pvonD/?f_no=111,https://img.travel.rakuten.co.jp/image/tr/api/re/vFumt/?f_no=111&f_flg=PLAN,https://img.travel.rakuten.co.jp/image/tr/api/re/WzozX/?noTomariHotel=111,https://img.travel.rakuten.co.jp/image/tr/api/re/gJNfM/?f_hotel_no=111,りーがろいやるほてる　こくら,全室30平米以上・14階以上の高層シティホテル♪全室Wi-Fi無料！☆こだわりの朝食ブッフェ,7105,121986.38,471193.0,802-0001,福岡県,北九州市小倉北区浅野2-14-2,093-531-1121,093-521-2730,JR小倉駅新幹線口から直結徒歩3分、JR博多駅から新幹線で約15分、福岡空港からも好アクセス。,164台  1泊￥1500税込,小倉（福岡）,https://img.travel.rakuten.co.jp/share/HOTEL/111/111.jpg,https://img.travel.rakuten.co.jp/HIMG/90/111.jpg,https://img.travel.rakuten.co.jp/share/HOTEL/111/111_heya.jpg,https://img.travel.rakuten.co.jp/HIMG/INTERIOR/111.jpg,https://img.travel.rakuten.co.jp/share/HOTEL/111/111map.gif,4915.0,4.5,"クチコミの詳細はこちらから　https://review.travel.rakuten.co.j…　2026-04-13 02:01:04投稿 <a href=""https://img.travel.rakuten.co.jp/image/tr/api/re/gJNfM/?f_hotel_no=111"" class=""3click"">つづきはこちら</a>",om,お部屋タイプおまかせ（30平米以上） ,4387508.0,お部屋タイプおまかせプラン☆素泊り☆,1,0,0,0,0,1,https://img.travel.rakuten.co.jp/image/tr/api/re/IdsCY/?f_no=111&f_syu=om&f_hi1=2026-04-21&f_hi2=2026-04-22&f_heya_su=1&f_otona_su=1&f_s1=0&f_s2=0&f_y1=0&f_y2=0&f_y3=0&f_y4=0&f_camp_id=4387508,0,2026-04-21,18370,18370,0,2026-04-21,merged-20260419
189039,東横ＩＮＮ小倉駅北口,https://img.travel.rakuten.co.jp/image/tr/api/re/pvonD/?f_no=189039,https://img.travel.rakuten.co.jp/image/tr/api/re/vFumt/?f_no=189039&f_flg=PLAN,https://img.travel.rakuten.co.jp/image/tr/api/re/WzozX/?noTomariHotel=189039,https://img.travel.rakuten.co.jp/image/tr/api/re/gJNfM/?f_hotel_no=189039,とうよこいんこくらえききたぐち,2024年3月に東横INNがNEWオープン！小倉駅から徒歩圏内で好立地！,5198,121984.85,471202.45,802-0001,福岡県,北九州市小倉北区浅野2-16-21,093-513-1075,093-513-1085,小倉駅新幹線口（北口）より徒歩７分,39台収容、先着順・有料  料金：￥800 / 1泊  14時から入庫可能,小倉（福岡）,https://img.travel.rakuten.co.jp/share/HOTEL/189039/189039.jpg,https://img.travel.rakuten.co.jp/HIMG/90/189039.jpg,,,https://img.travel.rakuten.co.jp/share/HOTEL/189039/189039map.gif,280.0,4.24,"出張先の宿泊として利用させていただきました。部屋が綺麗で、スタッフの方も丁寧な対応で大変良かったと思います。朝食のバイキングが19階である為、窓際の席に座…　2026-04-13 22:14:46投稿 <a href=""https://img.travel.rakuten.co.jp/image/tr/api/re/gJNfM/?f_hotel_no=189039"" class=""3click"">つづきはこちら</a>",s,喫煙シングル,5871224.0,★【無料の元気朝食付】いつでも安心価格♪ビジネス・レジャーに！ 喫煙シングル,1,0,0,1,0,1,https://img.travel.rakuten.co.jp/image/tr/api/re/IdsCY/?f_no=189039&f_syu=s&f_hi1=2026-04-21&f_hi2=2026-04-22&f_heya_su=1&f_otona_su=1&f_s1=0&f_s2=0&f_y1=0&f_y2=0&f_y3=0&f_y4=0&f_camp_id=5871224,0,2026-04-21,8295,8295,0,2026-04-21,merged-20260419
196483,ホテルリファレンス小倉駅前,https://img.travel.rakuten.co.jp/image/tr/api/re/pvonD/?f_no=196483,https://img.travel.rakuten.co.jp/image/tr/api/re/vFumt/?f_no=196483&f_flg=PLAN,https://img.travel.rakuten.co.jp/image/tr/api/re/WzozX/?noTomariHotel=196483,https://img.travel.rakuten.co.jp/image/tr/api/re/gJNfM/?f_hotel_no=196483,りふぁれんすこくらえきまえ,ＪＲ「小倉駅」から徒歩５分。北九州モノレール「平和通」から徒歩１分。２０２５年４月３０日（水）ＯＰＥＮ,4700,121969.57,471184.54,802-0004,福岡県,北九州市小倉北区鍛治町1-4-1,093-383-3090,--,ＪＲ　小倉駅より徒歩約５分,無し,小倉（福岡）,https://img.travel.rakuten.co.jp/share/HOTEL/196483/196483.jpg,https://img.travel.rakuten.co.jp/HIMG/90/196483.jpg,,,https://img.travel.rakuten.co.jp/share/HOTEL/196483/196483map.gif,189.0,4.2,"朝ご飯無料なのもあ…　2026-04-13 14:32:49投稿 <a href=""https://img.travel.rakuten.co.jp/image/tr/api/re/gJNfM/?f_hotel_no=196483"" class=""3click"">つづきはこちら</a>",tw01,【禁煙】ツインルーム【TW】,6279077.0,【ショートステイ】【２１時〜翌日９時まで滞在可能】小倉駅から徒歩圏内！朝食付き！,1,0,0,1,0,1,https://img.travel.rakuten.co.jp/image/tr/api/re/IdsCY/?f_no=196483&f_syu=tw01&f_hi1=2026-04-21&f_hi2=2026-04-22&f_heya_su=1&f_otona_su=1&f_s1=0&f_s2=0&f_y1=0&f_y2=0&f_y3=0&f_y4=0&f_camp_id=6279077,0,2026-04-21,11745,11745,0,2026-04-21,merged-20260419
76465,コンフォートホテル黒崎,https://img.travel.rakuten.co.jp/image/tr/api/re/pvonD/?f_no=76465,https://img.travel.rakuten.co.jp/image/tr/api/re/vFumt/?f_no=76465&f_flg=PLAN,https://img.travel.rakuten.co.jp/image/tr/api/re/WzozX/?noTomariHotel=76465,https://img.travel.rakuten.co.jp/image/tr/api/re/gJNfM/?f_hotel_no=76465,こんふぉーとほてるくろさき,日替わりスムージーが人気★無料朝食サービスがイチオシのコスパ最強ホテル◆北九州・黒崎を表現したデザイン◆黒崎駅～徒歩3分,3950,121906.0,470754.09,806-0021,福岡県,北九州市八幡西区黒崎3-13-13,093-644-1411,093-644-1412,ＪＲ黒崎駅より徒歩３分◆都市高速4号線「黒崎」出口約６分◆北九州空港よりバス約５０分・福岡空港より地下鉄+特急約５０分,1泊800円（15時〜翌10時）東隣のコインパーキング33台先着順　満車時はＣＯＭＣＩＴＹ駐車場利用,黒崎,https://img.travel.rakuten.co.jp/share/HOTEL/76465/76465.jpg,https://img.travel.rakuten.co.jp/HIMG/90/76465.jpg,https://img.travel.rakuten.co.jp/share/HOTEL/76465/76465_kya.jpg,https://img.travel.rakuten.co.jp/HIMG/INTERIOR/76465.jpg,https://img.travel.rakuten.co.jp/share/HOTEL/76465/76465map.gif,2735.0,4.07,"クチコミの詳細はこちらから　https://rev…　2026-04-14 14:01:16投稿 <a href=""https://img.travel.rakuten.co.jp/image/tr/api/re/gJNfM/?f_hotel_no=76465"" class=""3click"">つづきはこちら</a>",nte,２ベッド◆ツインエコノミー◆ ＜禁煙＞,4591614.0,自由気ままなComfort stay◆彩り豊かな朝食無料サービス◆ウェルカムドリンクサービス,1,0,0,1,0,1,https://img.travel.rakuten.co.jp/image/tr/api/re/IdsCY/?f_no=76465&f_syu=nte&f_hi1=2026-04-21&f_hi2=2026-04-22&f_heya_su=1&f_otona_su=1&f_s1=0&f_s2=0&f_y1=0&f_y2=0&f_y3=0&f_y4=0&f_camp_id=4591614,0,2026-04-21,14600,14600,0,2026-04-21,merged-20260419
71937,コンフォートホテル小倉,https://img.travel.rakuten.co.jp/image/tr/api/re/pvonD/?f_no=71937,https://img.travel.rakuten.co.jp/image/tr/api/re/vFumt/?f_no=71937&f_flg=PLAN,https://img.travel.rakuten.co.jp/image/tr/api/re/WzozX/?noTomariHotel=71937,https://img.travel.rakuten.co.jp/image/tr/api/re/gJNfM/?f_hotel_no=71937,こんふぉーとほてるこくら,日替わりスムージーが人気★無料朝食サービスがイチオシのコスパ最強ホテル◆小倉駅新幹線口徒歩3分◆小学6年生まで添い寝無料,3600,121987.4,471177.26,802-0001,福岡県,北九州市小倉北区浅野2-6-21,093-512-8311,093-512-8312,◆JR小倉駅新幹線口から徒歩３分◆北九州空港からリムジンバスで約６０分◆門司港より電車で約２０分,■敷地内21台　1泊900円（税込/15：00〜翌10：00）先着順※途中入出庫不可,小倉（福岡）,https://img.travel.rakuten.co.jp/share/HOTEL/71937/71937.jpg,https://img.travel.rakuten.co.jp/HIMG/90/71937.jpg,https://img.travel.rakuten.co.jp/share/HOTEL/71937/71937_s.jpg,https://img.travel.rakuten.co.jp/HIMG/INTERIOR/71937.jpg,https://img.travel.rakuten.co.jp/share/HOTEL/71937/71937map.gif,4836.0,4.07,"車で行かれる方は駐車場の方に限りがあるの…　2026-04-13 00:37:30投稿 <a href=""https://img.travel.rakuten.co.jp/image/tr/api/re/gJNfM/?f_hotel_no=71937"" class=""3click"">つづきはこちら</a>",nde,１ベッド◆ダブルエコノミー◆ ＜禁煙＞,4590506.0,【3日前早期割引】本を片手にくつろげるLibrary cafe◆彩り豊かな無料朝食サービス◆,1,0,0,1,0,1,https://img.travel.rakuten.co.jp/image/tr/api/re/IdsCY/?f_no=71937&f_syu=nde&f_hi1=2026-04-21&f_hi2=2026-04-22&f_heya_su=1&f_otona_su=1&f_s1=0&f_s2=0&f_y1=0&f_y2=0&f_y3=0&f_y4=0&f_camp_id=4590506,0,2026-04-21,10300,10300,0,2026-04-21,merged-20260419
535,備長炭の湯　ホテルクラウンヒルズ小倉（ＢＢＨホテルグループ）,https://img.travel.rakuten.co.jp/image/tr/api/re/pvonD/?f_no=535,https://img.travel.rakuten.co.jp/image/tr/api/re/vFumt/?f_no=535&f_flg=PLAN,https://img.travel.rakuten.co.jp/image/tr/api/re/WzozX/?noTomariHotel=535,https://img.travel.rakuten.co.jp/image/tr/api/re/gJNfM/?f_hotel_no=535,びちょうたんのゆ　ほてるくらうんひるずこくら　ぶりーずべいほてるぐるーぷ,《大浴場、全室空気清浄機完備》小倉の繁華街の中心にあり★全国約170店舗展開中のBBHホテルグループ！,2900,121960.09,471189.64,802-0081,福岡県,北九州市小倉北区紺屋町8-5,050-1807-3607,093-521-4588,■ＪＲ鹿児島本線「小倉駅」小倉城口(旧南口)より徒歩約10分/新幹線「小倉駅」新幹線口(旧北口)より徒歩約12分です,８００円〜１，２００円／泊。時間・大きさ等によりご案内する駐車場が異なります。先着順の為、予約不可。,小倉（福岡）,https://img.travel.rakuten.co.jp/share/HOTEL/535/535.jpg,https://img.travel.rakuten.co.jp/HIMG/90/535.jpg,https://img.travel.rakuten.co.jp/share/HOTEL/535/535_heya.jpg,https://img.travel.rakuten.co.jp/HIMG/INTERIOR/535.jpg,https://img.travel.rakuten.co.jp/share/HOTEL/535/535map.gif,3828.0,3.76,"言おうか迷ったが、毎回なにかしらこのホテルはイラッとするので、何も言わず。楽天トラベルのポイント倍増のプランだし、我慢して泊まっ…　2026-04-13 10:47:46投稿 <a href=""https://img.travel.rakuten.co.jp/image/tr/api/re/gJNfM/?f_hotel_no=535"" class=""3click"">つづきはこちら</a>",s1,【喫煙】シングル 13平米　120センチ幅ベッド,5377761.0,【期間限定】素泊まりプラン★加湿空気清浄機完備♪,1,0,0,0,0,1,https://img.travel.rakuten.co.jp/image/tr/api/re/IdsCY/?f_no=535&f_syu=s1&f_hi1=2026-04-21&f_hi2=2026-04-22&f_heya_su=1&f_otona_su=1&f_s1=0&f_s2=0&f_y1=0&f_y2=0&f_y3=0&f_y4=0&f_camp_id=5377761,0,2026-04-21,9000,9000,0,2026-04-21,merged-20260419
378,アーバンプレイスイン小倉,https://img.travel.rakuten.co.jp/image/tr/api/re/pvonD/?f_no=378,https://img.travel.rakuten.co.jp/image/tr/api/re/vFumt/?f_no=378&f_flg=PLAN,https://img.travel.rakuten.co.jp/image/tr/api/re/WzozX/?noTomariHotel=378,https://img.travel.rakuten.co.jp/image/tr/api/re/gJNfM/?f_hotel_no=378,あーばんぷれいすいんこくら,繁華街に隣接！コンビニ徒歩３０秒・ドン・キホーテ徒歩７分・ネット接続可・ウォシュレット完備・電子レンジ有,2240,121954.67,471191.54,802-0081,福岡県,北九州市小倉北区紺屋町11-20,093-551-7331,093-551-7333,■ＪＲ小倉駅より徒歩約１2分■モノレール旦過（たんが）駅より徒歩5分■北九州都市高速足立ＩＣからお車で約3分,"アプロパーク紺屋町(提携駐車場)※予約不可、入庫後24時間1,000円で出庫できる駐車券を販売",小倉（福岡）,https://img.travel.rakuten.co.jp/share/HOTEL/378/378.jpg,https://img.travel.rakuten.co.jp/HIMG/90/378.jpg,https://img.travel.rakuten.co.jp/share/HOTEL/378/378_sgl.jpg,https://img.travel.rakuten.co.jp/HIMG/INTERIOR/378.jpg,https://img.travel.rakuten.co.jp/share/HOTEL/378/378map.gif,2122.0,3.85,"周りにも飲食店やコンビニがあり、立地条件は文句なしです。駐車場利用だったのですが、有料コインパーキングしか無く、ちょっと残念でしたが、提携パーキングであれば割引も…　2026-04-16 20:08:03投稿 <a href=""https://img.travel.rakuten.co.jp/image/tr/api/re/gJNfM/?f_hotel_no=378"" class=""3click"">つづきはこちら</a>",etn,エコノミーツイン(禁煙),4877621.0,【出張や一人旅にもおすすめ♪】小倉の繁華街がすぐそこ☆素泊まりシンプルステイプラン！,1,0,0,0,0,1,https://img.travel.rakuten.co.jp/image/tr/api/re/IdsCY/?f_no=378&f_syu=etn&f_hi1=2026-04-21&f_hi2=2026-04-22&f_heya_su=1&f_otona_su=1&f_s1=0&f_s2=0&f_y1=0&f_y2=0&f_y3=0&f_y4=0&f_camp_id=4877621,0,2026-04-21,7590,7590,0,2026-04-21,merged-20260419
974,ＪＲ九州ステーションホテル小倉,https://img.travel.rakuten.co.jp/image/tr/api/re/pvonD/?f_no=974,https://img.travel.rakuten.co.jp/image/tr/api/re/vFumt/?f_no=974&f_flg=PLAN,https://img.travel.rakuten.co.jp/image/tr/api/re/WzozX/?noTomariHotel=974,https://img.travel.rakuten.co.jp/image/tr/api/re/gJNfM/?f_hotel_no=974,じぇいあーるきゅうしゅうすてーしょん　こくら,開業25年目にして最大規模の客室リニューアル！最上階をフルリニューアルし、一段上質な「スーペリアフロア」に進化。,6690,121980.84,471185.09,802-0001,福岡県,北九州市小倉北区浅野1-1-1,093-521-5031,093-512-0345,JR小倉駅上！！！駅直結で最高の立地。改札口を出てすぐにチェックイン。,有り　　370台　　１泊　1500円／宿泊者,小倉（福岡）,https://img.travel.rakuten.co.jp/share/HOTEL/974/974.jpg,https://img.travel.rakuten.co.jp/HIMG/90/974.jpg,https://img.travel.rakuten.co.jp/share/HOTEL/974/974_sgl.jpg,https://img.travel.rakuten.co.jp/HIMG/INTERIOR/974.jpg,https://img.travel.rakuten.co.jp/share/HOTEL/974/974map.gif,4009.0,4.36,"クチコミの詳細はこちらから　https://review.…　2026-04-11 07:42:33投稿 <a href=""https://img.travel.rakuten.co.jp/image/tr/api/re/gJNfM/?f_hotel_no=974"" class=""3click"">つづきはこちら</a>",ns02,禁煙スタンダードルーム18.1平米,5320718.0,【事前決済限定☆素泊まり☆】自動チェックイン機導入！！QRコードでスマートチェックイン♪,1,0,0,0,0,2,https://img.travel.rakuten.co.jp/image/tr/api/re/IdsCY/?f_no=974&f_syu=ns02&f_hi1=2026-04-21&f_hi2=2026-04-22&f_heya_su=1&f_otona_su=1&f_s1=0&f_s2=0&f_y1=0&f_y2=0&f_y3=0&f_y4=0&f_camp_id=5320718,0,2026-04-21,14890,14890,0,2026-04-21,merged-20260419
79492,ＨＯＴＥＬ　ＡＺ　北九州小倉店,https://img.travel.rakuten.co.jp/image/tr/api/re/pvonD/?f_no=79492,https://img.travel.rakuten.co.jp/image/tr/api/re/vFumt/?f_no=79492&f_flg=PLAN,https://img.travel.rakuten.co.jp/image/tr/api/re/WzozX/?noTomariHotel=79492,https://img.travel.rakuten.co.jp/image/tr/api/re/gJNfM/?f_hotel_no=79492,ほてる　えーぜっと　きたきゅうしゅうこくらてん,★無料駐車場254台完備♪大型車は有料。★朝食無料♪★小倉コロナワールドへは徒歩3分。★全室Ｗｉ-Ｆｉ・ＬＡＮ接続無料,5170,122023.83,471084.62,803-0801,福岡県,北九州市小倉北区西港町30-7,093-562-3311,093-562-3312,★JR小倉駅北口から車で10分 ★北九州都市高速　日明ＩＣ出口より１分（300ｍ）,無料駐車場254台あり　普通車：予約不要 、大型バス・2ｔ以上有料（予約制）,小倉（福岡）,https://img.travel.rakuten.co.jp/share/HOTEL/79492/79492.jpg,https://img.travel.rakuten.co.jp/HIMG/90/79492.jpg,https://img.travel.rakuten.co.jp/share/HOTEL/79492/79492_si.jpg,https://img.travel.rakuten.co.jp/HIMG/INTERIOR/79492.jpg,https://img.travel.rakuten.co.jp/share/HOTEL/79492/79492map.gif,993.0,4.05,"クチコミの詳細はこちらから　https://review.travel.…　2026-04-09 19:36:55投稿 <a href=""https://img.travel.rakuten.co.jp/image/tr/api/re/gJNfM/?f_hotel_no=79492"" class=""3click"">つづきはこちら</a>",sn,【禁煙】シングル,6108813.0,スタンダードプラン（朝食サービス）,1,0,0,1,0,1,https://img.travel.rakuten.co.jp/image/tr/api/re/IdsCY/?f_no=79492&f_syu=sn&f_hi1=2026-04-21&f_hi2=2026-04-22&f_heya_su=1&f_otona_su=1&f_s1=0&f_s2=0&f_y1=0&f_y2=0&f_y3=0&f_y4=0&f_camp_id=6108813,0,2026-04-21,6380,6380,0,2026-04-21,merged-20260419
107728,Ｔａｂｉｓｔ　ホテルテトラ　北九州,https://img.travel.rakuten.co.jp/image/tr/api/re/pvonD/?f_no=107728,https://img.travel.rakuten.co.jp/image/tr/api/re/vFumt/?f_no=107728&f_flg=PLAN,https://img.travel.rakuten.co.jp/image/tr/api/re/WzozX/?noTomariHotel=107728,https://img.travel.rakuten.co.jp/image/tr/api/re/gJNfM/?f_hotel_no=107728,たびすと　ほてるてとら　きたきゅうしゅう,JR小倉駅より徒歩7分の好立地！岩盤サウナ・大浴場完備！コンビニ徒歩0分。ビジネスや観光の拠点におすすめです♪,4000,121966.79,471192.41,802-0004,福岡県,北九州市小倉北区鍛冶町1-9-8,093-531-3111,093-531-3190,JR小倉駅より徒歩7分。南口を出てモノレール沿いを進み、交差点左角の福岡ひびき信用金庫より左折。そのまま道なり。,・ホテル周辺にコインパーキングあり,小倉（福岡）,https://img.travel.rakuten.co.jp/share/HOTEL/107728/107728.jpg,https://img.travel.rakuten.co.jp/HIMG/90/107728.jpg,https://img.travel.rakuten.co.jp/share/HOTEL/107728/107728_sin.jpg,https://img.travel.rakuten.co.jp/HIMG/INTERIOR/107728.jpg,https://img.travel.rakuten.co.jp/share/HOTEL/107728/107728map.gif,3346.0,3.76,"別料金でルームサービスで1000円ちょっとでカツ丼とか頼めちゃうのも良い!…　2026-04-10 02:14:17投稿 <a href=""https://img.travel.rakuten.co.jp/image/tr/api/re/gJNfM/?f_hotel_no=107728"" class=""3click"">つづきはこちら</a>",ns_semid,【禁煙】セミダブルルーム,4853112.0,シンプル素泊りプラン洋室【大浴場無料 × 小倉駅から徒歩7分の好立地 × 小倉を満喫】（通年）,1,0,0,0,0,1,https://img.travel.rakuten.co.jp/image/tr/api/re/IdsCY/?f_no=107728&f_syu=ns_semid&f_hi1=2026-04-21&f_hi2=2026-04-22&f_heya_su=1&f_otona_su=1&f_s1=0&f_s2=0&f_y1=0&f_y2=0&f_y3=0&f_y4=0&f_camp_id=4853112,0,2026-04-21,8100,8100,0,2026-04-21,merged-20260419
68248,若松天然温泉「旅人の湯」ホテルルートイン北九州若松駅東,https://img.travel.rakuten.co.jp/image/tr/api/re/pvonD/?f_no=68248,https://img.travel.rakuten.co.jp/image/tr/api/re/vFumt/?f_no=68248&f_flg=PLAN,https://img.travel.rakuten.co.jp/image/tr/api/re/WzozX/?noTomariHotel=68248,https://img.travel.rakuten.co.jp/image/tr/api/re/gJNfM/?f_hotel_no=68248,わかまつてんねんおんせん　るーといんきたきゅうしゅうわかまつえきひがし,■天然温泉■バイキング朝食無料■駐車場無料（先着順）■全室ＷＯＷＯＷ■Wi-Fi■上層階コンフォートルームあり■,4950,122039.19,470916.69,808-0034,福岡県,北九州市若松区本町3-6-6,050-5576-8102,093-761-2811,JR筑豊本線 若松駅より徒歩約5分/九州道 八幡ICより約15km 車で約40分,無料駐車場64台（先着順）。満車の場合、近隣コインパーキング（有料）をご案内します。,若松,https://img.travel.rakuten.co.jp/share/HOTEL/68248/68248.jpg,https://img.travel.rakuten.co.jp/HIMG/90/68248.jpg,,,https://img.travel.rakuten.co.jp/share/HOTEL/68248/68248map.gif,852.0,4.13,"クチコミの詳細はこちらから　https://review.travel.rak…　2026-03-30 06:45:14投稿 <a href=""https://img.travel.rakuten.co.jp/image/tr/api/re/gJNfM/?f_hotel_no=68248"" class=""3click"">つづきはこちら</a>",s,【喫煙】シングルルーム ベット幅140,5443373.0,【事前カード決済がお得で早い】簡単チェックインでスムーズにお部屋へ■天然温泉大浴場■朝食無料■,1,0,0,1,0,2,https://img.travel.rakuten.co.jp/image/tr/api/re/IdsCY/?f_no=68248&f_syu=s&f_hi1=2026-04-21&f_hi2=2026-04-22&f_heya_su=1&f_otona_su=1&f_s1=0&f_s2=0&f_y1=0&f_y2=0&f_y3=0&f_y4=0&f_camp_id=5443373,0,2026-04-21,8950,8950,0,2026-04-21,merged-20260419
168783,アートホテル小倉　ニュータガワ,https://img.travel.rakuten.co.jp/image/tr/api/re/pvonD/?f_no=168783,https://img.travel.rakuten.co.jp/image/tr/api/re/vFumt/?f_no=168783&f_flg=PLAN,https://img.travel.rakuten.co.jp/image/tr/api/re/WzozX/?noTomariHotel=168783,https://img.travel.rakuten.co.jp/image/tr/api/re/gJNfM/?f_hotel_no=168783,あーとほてるこくら　にゅーたがわ,小倉の街中に位置　小倉駅徒歩8分！全室無料Wi-Fi、空気清浄機、全機種用充電器完備！和洋ビュッフェ　癒しの日本庭園散策,2120,121954.48,471180.78,802-0082,福岡県,北九州市小倉北区古船場町3-46,093-521-7000,093-521-7522,ＪＲ小倉駅より徒歩にて約８分／モノレール旦過駅より徒歩2分,提携駐車場有　３１０台　１5００円（税込／泊)　※出入庫不可　その他近隣コインパーキング有,小倉（福岡）,https://img.travel.rakuten.co.jp/share/HOTEL/168783/168783.jpg,https://img.travel.rakuten.co.jp/HIMG/90/168783.jpg,,,https://img.travel.rakuten.co.jp/share/HOTEL/168783/168783map.gif,934.0,4.07,"非常に素晴らしい日本庭園のあるホテルです。 夜遅くに帰って寝ていたので、他のことは見られませんでした万の客室から庭園が見下ろせ、また朝には庭園のそばで美味しいビュ…　2026-04-15 16:47:26投稿 <a href=""https://img.travel.rakuten.co.jp/image/tr/api/re/gJNfM/?f_hotel_no=168783"" class=""3click"">つづきはこちら</a>",t2n,【禁煙・登録名勝庭園側】スーペリアツイン（大人定員2名様）,5117521.0,広々としたお部屋を独り占め！ツインシングルユースプラン,1,0,0,0,0,1,https://img.travel.rakuten.co.jp/image/tr/api/re/IdsCY/?f_no=168783&f_syu=t2n&f_hi1=2026-04-21&f_hi2=2026-04-22&f_heya_su=1&f_otona_su=1&f_s1=0&f_s2=0&f_y1=0&f_y2=0&f_y3=0&f_y4=0&f_camp_id=5117521,0,2026-04-21,14650,14650,0,2026-04-21,merged-20260419
70708,ＨＯＴＥＬ　ＡＺ　北九州八幡店,https://img.travel.rakuten.co.jp/image/tr/api/re/pvonD/?f_no=70708,https://img.travel.rakuten.co.jp/image/tr/api/re/vFumt/?f_no=70708&f_flg=PLAN,https://img.travel.rakuten.co.jp/image/tr/api/re/WzozX/?noTomariHotel=70708,https://img.travel.rakuten.co.jp/image/tr/api/re/gJNfM/?f_hotel_no=70708,ほてる　えーぜっと　きゅうしゅうやばたてん,ＪＲ八幡駅～徒歩５分☆都市高速出口そば☆無料駐車場先着１２７台！☆全室Wi-Fi・LAN接続無料☆朝食無料,5170,121923.25,470867.38,805-0071,福岡県,北九州市八幡東区東田1-7-7,093-663-3301,093-663-3303,ＪＲ八幡駅より徒歩５分（ＪＲ黒崎駅～1駅） 北九州都市高速『大谷ＪＣ 東田出口』目の前 黒崎駅～車で約10分,無料駐車場147台あり　普通車：予約不要 、中型車・大型車：要予約（有料）,八幡（福岡）,https://img.travel.rakuten.co.jp/share/HOTEL/70708/70708.jpg,https://img.travel.rakuten.co.jp/HIMG/90/70708.jpg,https://img.travel.rakuten.co.jp/share/HOTEL/70708/70708_kya.jpg,https://img.travel.rakuten.co.jp/HIMG/INTERIOR/70708.jpg,https://img.travel.rakuten.co.jp/share/HOTEL/70708/70708map.gif,1581.0,4.02,"クチコミの詳細はこちらから　http…　2026-04-02 22:00:57投稿 <a href=""https://img.travel.rakuten.co.jp/image/tr/api/re/gJNfM/?f_hotel_no=70708"" class=""3click"">つづきはこちら</a>",sa,【喫煙】シングル,6109182.0,スタンダードプラン（朝食サービス）,1,0,0,1,0,1,https://img.travel.rakuten.co.jp/image/tr/api/re/IdsCY/?f_no=70708&f_syu=sa&f_hi1=2026-04-21&f_hi2=2026-04-22&f_heya_su=1&f_otona_su=1&f_s1=0&f_s2=0&f_y1=0&f_y2=0&f_y3=0&f_y4=0&f_camp_id=6109182,0,2026-04-21,6380,6380,0,2026-04-21,merged-20260419
70237,東横ＩＮＮ小倉駅南口,https://img.travel.rakuten.co.jp/image/tr/api/re/pvonD/?f_no=70237,https://img.travel.rakuten.co.jp/image/tr/api/re/vFumt/?f_no=70237&f_flg=PLAN,https://img.travel.rakuten.co.jp/image/tr/api/re/WzozX/?noTomariHotel=70237,https://img.travel.rakuten.co.jp/image/tr/api/re/gJNfM/?f_hotel_no=70237,とうよこいんこくらえきみなみぐち,西日本総合展示場/国際会議場まで車で3分の立地で出発を応援！朝食・小学生以下添い寝無料で安心空間を提供いたします,5933,121974.44,471193.95,802-0002,福岡県,北九州市小倉北区京町3-14-6,093-511-1045,093-511-1044,ＪＲ　小倉駅「南口」より徒歩にて３分,有り　立体式30台　500円（税込み/泊）　先着順,小倉（福岡）,https://img.travel.rakuten.co.jp/share/HOTEL/70237/70237.jpg,https://img.travel.rakuten.co.jp/HIMG/90/70237.jpg,https://img.travel.rakuten.co.jp/share/HOTEL/70237/70237_shin.jpg,https://img.travel.rakuten.co.jp/HIMG/INTERIOR/70237.jpg,https://img.travel.rakuten.co.jp/share/HOTEL/70237/70237map.gif,462.0,4.18,"クチコミの詳細はこちらから　https://review.travel.rakuten.c…　2026-04-01 23:49:19投稿 <a href=""https://img.travel.rakuten.co.jp/image/tr/api/re/gJNfM/?f_hotel_no=70237"" class=""3click"">つづきはこちら</a>",t,喫煙ツイン,2708732.0,★【無料の元気朝食付】いつでも安心価格♪ビジネス・レジャーに！ 喫煙ツイン,1,0,0,1,0,1,https://img.travel.rakuten.co.jp/image/tr/api/re/IdsCY/?f_no=70237&f_syu=t&f_hi1=2026-04-21&f_hi2=2026-04-22&f_heya_su=1&f_otona_su=1&f_s1=0&f_s2=0&f_y1=0&f_y2=0&f_y3=0&f_y4=0&f_camp_id=2708732,0,2026-04-21,11865,11865,0,2026-04-21,merged-20260419
187260,ディライトステイ黒崎駅前,https://img.travel.rakuten.co.jp/image/tr/api/re/pvonD/?f_no=187260,https://img.travel.rakuten.co.jp/image/tr/api/re/vFumt/?f_no=187260&f_flg=PLAN,https://img.travel.rakuten.co.jp/image/tr/api/re/WzozX/?noTomariHotel=187260,https://img.travel.rakuten.co.jp/image/tr/api/re/gJNfM/?f_hotel_no=187260,でいらいとすていくろさきえきまえ,JR黒崎駅より徒歩1分。ビジネスに、観光に、様々な目的のため幅広くご利用いただけます。,3400,121905.68,470764.14,806-0021,福岡県,北九州市八幡西区黒崎3-7-19,093-616-9888,093-616-9933,JR黒崎駅より徒歩1分,有り　2台　先着順　1泊1000円,黒崎,https://img.travel.rakuten.co.jp/share/HOTEL/187260/187260.jpg,https://img.travel.rakuten.co.jp/HIMG/90/187260.jpg,,,https://img.travel.rakuten.co.jp/share/HOTEL/187260/187260map.gif,356.0,4.52,"クチコミの詳細はこちらから　https://review.travel.rakuten.co.jp/hotel/voice…　2026-04-16 12:54:44投稿 <a href=""https://img.travel.rakuten.co.jp/image/tr/api/re/gJNfM/?f_hotel_no=187260"" class=""3click"">つづきはこちら</a>",0007,デラックスツイン　カップル　禁煙,5833136.0,カップル　ホテルプラン禁煙(1泊〜）,1,0,0,0,0,1,https://img.travel.rakuten.co.jp/image/tr/api/re/IdsCY/?f_no=187260&f_syu=0007&f_hi1=2026-04-21&f_hi2=2026-04-22&f_heya_su=1&f_otona_su=1&f_s1=0&f_s2=0&f_y1=0&f_y2=0&f_y3=0&f_y4=0&f_camp_id=5833136,0,2026-04-21,16000,16000,0,2026-04-21,merged-20260419
84718,炭酸泉　湧金の湯　スーパーホテル小倉駅南口,https://img.travel.rakuten.co.jp/image/tr/api/re/pvonD/?f_no=84718,https://img.travel.rakuten.co.jp/image/tr/api/re/vFumt/?f_no=84718&f_flg=PLAN,https://img.travel.rakuten.co.jp/image/tr/api/re/WzozX/?noTomariHotel=84718,https://img.travel.rakuten.co.jp/image/tr/api/re/gJNfM/?f_hotel_no=84718,たんさんせん　ゆうきんのゆ　すーぱーほてるこくらえきみなみぐち,小倉で唯一の炭酸泉浴場完備／JR小倉駅南口から徒歩約５分でアクセス良好／日替り朝食ビュッフェ無料,3870,121977.5,471172.41,802-0002,福岡県,北九州市小倉北区京町1-6-34,093-541-9000,093-541-9001,◇徒歩→ＪＲ小倉駅南口より約５分　◇お車→都市高速「小倉駅北」を降りて約３分の「APパーク小倉駅前」にお停め下さい。,APパーク小倉駅前(先着順)15時〜翌10時：900円※時間外20分毎100円加算,小倉（福岡）,https://img.travel.rakuten.co.jp/share/HOTEL/84718/84718.jpg,https://img.travel.rakuten.co.jp/HIMG/90/84718.jpg,https://img.travel.rakuten.co.jp/share/HOTEL/84718/84718_ru.jpg,https://img.travel.rakuten.co.jp/HIMG/INTERIOR/84718.jpg,https://img.travel.rakuten.co.jp/share/HOTEL/84718/84718map.gif,1998.0,4.12,"駅から少し歩きますが、商店街にあるので苦になりません。お風呂は口コミから、男女交代制であることと、とても狭いということで入る気がしませんでした。スタッフの皆さんは…　2026-04-13 20:54:10投稿 <a href=""https://img.travel.rakuten.co.jp/image/tr/api/re/gJNfM/?f_hotel_no=84718"" class=""3click"">つづきはこちら</a>",0003,【禁煙】お部屋タイプお任せ【部屋タイプは当日までのお楽しみ】,4753179.0,オンライン決済限定☆人工炭酸泉＆朝食ビュッフェ付,1,0,0,1,0,2,https://img.travel.rakuten.co.jp/image/tr/api/re/IdsCY/?f_no=84718&f_syu=0003&f_hi1=2026-04-21&f_hi2=2026-04-22&f_heya_su=1&f_otona_su=1&f_s1=0&f_s2=0&f_y1=0&f_y2=0&f_y3=0&f_y4=0&f_camp_id=4753179,0,2026-04-21,10900,10900,0,2026-04-21,merged-20260419
137993,ホテル１ー２ー３小倉,https://img.travel.rakuten.co.jp/image/tr/api/re/pvonD/?f_no=137993,https://img.travel.rakuten.co.jp/image/tr/api/re/vFumt/?f_no=137993&f_flg=PLAN,https://img.travel.rakuten.co.jp/image/tr/api/re/WzozX/?noTomariHotel=137993,https://img.travel.rakuten.co.jp/image/tr/api/re/gJNfM/?f_hotel_no=137993,わんつーすりーこくら,★小倉で唯一１階にファミリーマートがあるホテル★全館Ｗｉ－Ｆｉ無料！小倉の中心街にありビジネスや観光に大変便利な立地,2975,121958.26,471178.65,802-0082,福岡県,北九州市小倉北区古船場1-1,093-513-0018,093-513-1018,ＪＲ小倉駅から北九州モノレールで２駅（１００円）旦過駅下車０分（目の前）,提携駐車場有り　【中央第一駐車場】（14：00〜11：00　1000円/1泊）,小倉（福岡）,https://img.travel.rakuten.co.jp/share/HOTEL/137993/137993.jpg,https://img.travel.rakuten.co.jp/HIMG/90/137993.jpg,https://img.travel.rakuten.co.jp/share/HOTEL/137993/137993_kya.jpg,https://img.travel.rakuten.co.jp/HIMG/INTERIOR/137993.jpg,https://img.travel.rakuten.co.jp/share/HOTEL/137993/137993map.gif,1052.0,3.54,"クチコミの詳細はこちらから　https://review.travel.rakuten.co.jp/hotel/voice/…　2026-04-16 18:18:26投稿 <a href=""https://img.travel.rakuten.co.jp/image/tr/api/re/gJNfM/?f_hotel_no=137993"" class=""3click"">つづきはこちら</a>",oman,部屋タイプおまかせ★禁煙室,4714619.0,【部屋タイプおまかせ】割引プラン（クレジット利用可 ）　※朝食無料,1,0,0,0,0,1,https://img.travel.rakuten.co.jp/image/tr/api/re/IdsCY/?f_no=137993&f_syu=oman&f_hi1=2026-04-21&f_hi2=2026-04-22&f_heya_su=1&f_otona_su=1&f_s1=0&f_s2=0&f_y1=0&f_y2=0&f_y3=0&f_y4=0&f_camp_id=4714619,0,2026-04-21,5100,5100,0,2026-04-21,merged-20260419
108386,東横ＩＮＮ小倉駅新幹線口,https://img.travel.rakuten.co.jp/image/tr/api/re/pvonD/?f_no=108386,https://img.travel.rakuten.co.jp/image/tr/api/re/vFumt/?f_no=108386&f_flg=PLAN,https://img.travel.rakuten.co.jp/image/tr/api/re/WzozX/?noTomariHotel=108386,https://img.travel.rakuten.co.jp/image/tr/api/re/gJNfM/?f_hotel_no=108386,とうよこいんこくらえきしんかんせんぐち,小倉城まで車で5分の立地で出発を応援！朝食・小学生以下添い寝無料で安心空間を提供いたします,5040,121978.65,471203.36,802-0001,福岡県,北九州市小倉北区浅野2-18-18,093-541-1045,093-541-1044,JR小倉駅新幹線口（北口）から徒歩5分,駐車場有　先着30台　1泊500円　,小倉（福岡）,https://img.travel.rakuten.co.jp/share/HOTEL/108386/108386.jpg,https://img.travel.rakuten.co.jp/HIMG/90/108386.jpg,https://img.travel.rakuten.co.jp/share/HOTEL/108386/108386room1.jpg,https://img.travel.rakuten.co.jp/HIMG/INTERIOR/108386.jpg,https://img.travel.rakuten.co.jp/share/HOTEL/108386/108386map.gif,395.0,4.1,"クチコミの詳細はこちらから　https://review.travel.…　2026-03-09 08:34:40投稿 <a href=""https://img.travel.rakuten.co.jp/image/tr/api/re/gJNfM/?f_hotel_no=108386"" class=""3click"">つづきはこちら</a>",tk,禁煙ツイン,2736538.0,★【無料の元気朝食付】いつでも安心価格♪ビジネス・レジャーに！ 禁煙ツイン,1,0,0,1,0,1,https://img.travel.rakuten.co.jp/image/tr/api/re/IdsCY/?f_no=108386&f_syu=tk&f_hi1=2026-04-21&f_hi2=2026-04-22&f_heya_su=1&f_otona_su=1&f_s1=0&f_s2=0&f_y1=0&f_y2=0&f_y3=0&f_y4=0&f_camp_id=2736538,0,2026-04-21,11130,11130,0,2026-04-21,merged-20260419
3164,プレミアホテル門司港,https://img.travel.rakuten.co.jp/image/tr/api/re/pvonD/?f_no=3164,https://img.travel.rakuten.co.jp/image/tr/api/re/vFumt/?f_no=3164&f_flg=PLAN,https://img.travel.rakuten.co.jp/image/tr/api/re/WzozX/?noTomariHotel=3164,https://img.travel.rakuten.co.jp/image/tr/api/re/gJNfM/?f_hotel_no=3164,もじこうほてる,門司港駅から徒歩2分！門司港レトロ地区の中心に位置するデザイナーズホテル♪高評価ブッフェ朝食と客室からの眺望が自慢！,4505,122195.69,471472.7,801-8503,福岡県,北九州市門司区港町9-11,093-321-1111,093-321-7111,【JR】 門司港駅から徒歩約2分（JR小倉駅から3駅15分で門司港駅到着）、【車】九州自動車道門司ICから約8分,"65台　1泊\1,100円（税込） ／ チェックアウト日の12時まで駐車可能です",門司港,https://img.travel.rakuten.co.jp/share/HOTEL/3164/3164.jpg,https://img.travel.rakuten.co.jp/HIMG/90/3164.jpg,https://img.travel.rakuten.co.jp/share/HOTEL/3164/3164_heya1.jpg,https://img.travel.rakuten.co.jp/HIMG/INTERIOR/3164.jpg,https://img.travel.rakuten.co.jp/share/HOTEL/3164/3164map.gif,3478.0,4.49,"フロントの皆さんの対応も非常に良く、宿泊後でも、フロントで荷物を預かってくれ、また、雨が降ってい…　2026-04-14 07:43:52投稿 <a href=""https://img.travel.rakuten.co.jp/image/tr/api/re/gJNfM/?f_hotel_no=3164"" class=""3click"">つづきはこちら</a>",wblb,ダブル 『レトロ街側』 18平米/BED160cm x 1台,5081684.0,【スタンダード】シンプルステイ 素泊まりプラン（食事なし）,1,0,0,0,0,1,https://img.travel.rakuten.co.jp/image/tr/api/re/IdsCY/?f_no=3164&f_syu=wblb&f_hi1=2026-04-21&f_hi2=2026-04-22&f_heya_su=1&f_otona_su=1&f_s1=0&f_s2=0&f_y1=0&f_y2=0&f_y3=0&f_y4=0&f_camp_id=5081684,0,2026-04-21,11900,11900,0,2026-04-21,merged-20260419
5546,ホテルクラウンパレス小倉,https://img.travel.rakuten.co.jp/image/tr/api/re/pvonD/?f_no=5546,https://img.travel.rakuten.co.jp/image/tr/api/re/vFumt/?f_no=5546&f_flg=PLAN,https://img.travel.rakuten.co.jp/image/tr/api/re/WzozX/?noTomariHotel=5546,https://img.travel.rakuten.co.jp/image/tr/api/re/gJNfM/?f_hotel_no=5546,ほてるくらうんぱれすこくら,『環境未来都市・北九州市』の中心地。紫川沿いに位置し徒歩圏内に観光施設多数あり♪コンビニはホテルの目の前！,4300,121963.3,471166.57,802-0077,福岡県,北九州市小倉北区馬借1-2-1,093-511-4111,093-511-4112,小倉駅から徒歩11分、お車3分、バス5分（詳細は施設紹介「アクセス・駐車場」項目をご覧ください）,"有り／1泊1,100円（税込・先着順）※ご予約は承っておりませんので予めご了承ください。",小倉（福岡）,https://img.travel.rakuten.co.jp/share/HOTEL/5546/5546.jpg,https://img.travel.rakuten.co.jp/HIMG/90/5546.jpg,https://img.travel.rakuten.co.jp/share/HOTEL/5546/5546_heya.jpg,https://img.travel.rakuten.co.jp/HIMG/INTERIOR/5546.jpg,https://img.travel.rakuten.co.jp/share/HOTEL/5546/5546map.gif,1799.0,4.24,"お風呂が広くてゆっくり浸かれました。少し暑い日でエアコンが共通の為暖房になっていたようで少し暑かったです。レンジがフロントにしかなくて少し不便を感じまし…　2026-04-12 17:36:29投稿 <a href=""https://img.travel.rakuten.co.jp/image/tr/api/re/gJNfM/?f_hotel_no=5546"" class=""3click"">つづきはこちら</a>",sgl01,禁煙シングルルーム【18.5平米】＜街側＞,4407113.0,【スタンダード】小倉ゆったりステイ＜食事なし＞,1,0,0,0,0,1,https://img.travel.rakuten.co.jp/image/tr/api/re/IdsCY/?f_no=5546&f_syu=sgl01&f_hi1=2026-04-21&f_hi2=2026-04-22&f_heya_su=1&f_otona_su=1&f_s1=0&f_s2=0&f_y1=0&f_y2=0&f_y3=0&f_y4=0&f_camp_id=4407113,0,2026-04-21,9100,9100,0,2026-04-21,merged-20260419
38274,ホテルルートイン門司港,https://img.travel.rakuten.co.jp/image/tr/api/re/pvonD/?f_no=38274,https://img.travel.rakuten.co.jp/image/tr/api/re/vFumt/?f_no=38274&f_flg=PLAN,https://img.travel.rakuten.co.jp/image/tr/api/re/WzozX/?noTomariHotel=38274,https://img.travel.rakuten.co.jp/image/tr/api/re/gJNfM/?f_hotel_no=38274,るーといん　もじこう,◆関門海峡一望の9階展望大浴場◆朝食・駐車場無料◆夕食レストラン「ふぐ鍋」「もつ鍋」他御膳ものなど,4975,122171.6,471437.65,801-0841,福岡県,北九州市門司区西海岸2丁目11-2,093-322-1111,093-322-3211,門司港駅より徒歩15～20分（車で２分）小倉駅より車で15分,無料駐車場７７台完備 予約不要　（ワゴンタイプOK！）　,門司港,https://img.travel.rakuten.co.jp/share/HOTEL/38274/38274.jpg,https://img.travel.rakuten.co.jp/HIMG/90/38274.jpg,https://img.travel.rakuten.co.jp/share/HOTEL/38274/38274_tw.jpg,https://img.travel.rakuten.co.jp/HIMG/INTERIOR/38274.jpg,https://img.travel.rakuten.co.jp/share/HOTEL/38274/38274map.gif,1620.0,4.15,"朝食ビュッフェも美味しくいただきました…　2026-04-01 21:53:21投稿 <a href=""https://img.travel.rakuten.co.jp/image/tr/api/re/gJNfM/?f_hotel_no=38274"" class=""3click"">つづきはこちら</a>",ss01,【喫煙】シングルルーム ベット幅140,5049831.0,【朝食付・事前カード決済がお得で早い・駐車場無料】スムーズにお部屋へ　◆展望大浴場◆,1,0,0,1,0,2,https://img.travel.rakuten.co.jp/image/tr/api/re/IdsCY/?f_no=38274&f_syu=ss01&f_hi1=2026-04-21&f_hi2=2026-04-22&f_heya_su=1&f_otona_su=1&f_s1=0&f_s2=0&f_y1=0&f_y2=0&f_y3=0&f_y4=0&f_camp_id=5049831,0,2026-04-21,8000,8000,0,2026-04-21,merged-20260419
144951,ＨＯＴＥＬ　ＡＺ　北九州若松店,https://img.travel.rakuten.co.jp/image/tr/api/re/pvonD/?f_no=144951,https://img.travel.rakuten.co.jp/image/tr/api/re/vFumt/?f_no=144951&f_flg=PLAN,https://img.travel.rakuten.co.jp/image/tr/api/re/WzozX/?noTomariHotel=144951,https://img.travel.rakuten.co.jp/image/tr/api/re/gJNfM/?f_hotel_no=144951,ほてる　えーぜっと　きたきゅうしゅうわかまつてん,北九州都市高速　若戸大橋ICより車で約17分。無料平面駐車場無料★朝食無料★インターネット接続無料,4510,121994.95,470682.22,808-0103,福岡県,北九州市若松区二島１-4-20,093-701-3303,093-701-3304,ＪＲ　二島駅より徒歩にて７分,無料駐車場56台あり　普通車：予約不要 、中型車・大型車：要予約（有料）,二島,https://img.travel.rakuten.co.jp/share/HOTEL/144951/144951.jpg,https://img.travel.rakuten.co.jp/HIMG/90/144951.jpg,https://img.travel.rakuten.co.jp/share/HOTEL/144951/144951_kya1.jpg,https://img.travel.rakuten.co.jp/HIMG/INTERIOR/144951.jpg,https://img.travel.rakuten.co.jp/share/HOTEL/144951/144951map.gif,333.0,4.11,"…　2026-03-02 23:54:45投稿 <a href=""https://img.travel.rakuten.co.jp/image/tr/api/re/gJNfM/?f_hotel_no=144951"" class=""3click"">つづきはこちら</a>",005,【禁煙】2段ベッド,6109055.0,スタンダードプラン（朝食サービス）,1,0,0,1,0,1,https://img.travel.rakuten.co.jp/image/tr/api/re/IdsCY/?f_no=144951&f_syu=005&f_hi1=2026-04-21&f_hi2=2026-04-22&f_heya_su=1&f_otona_su=1&f_s1=0&f_s2=0&f_y1=0&f_y2=0&f_y3=0&f_y4=0&f_camp_id=6109055,0,2026-04-21,6380,6380,0,2026-04-21,merged-20260419
1940,ホテルクラウンパレス北九州,https://img.travel.rakuten.co.jp/image/tr/api/re/pvonD/?f_no=1940,https://img.travel.rakuten.co.jp/image/tr/api/re/vFumt/?f_no=1940&f_flg=PLAN,https://img.travel.rakuten.co.jp/image/tr/api/re/WzozX/?noTomariHotel=1940,https://img.travel.rakuten.co.jp/image/tr/api/re/gJNfM/?f_hotel_no=1940,くらうんぱれすきたきゅうしゅう,黒崎駅からお車で5分（徒歩約15分）☆ご宿泊者無料の平面駐車場完備！朝食は40品目以上の和洋バイキング♪,4290,121876.54,470751.68,806-8585,福岡県,北九州市八幡西区東曲里町3-1,093-631-7710,093-631-1148,JR黒崎駅下車（小倉駅より約20分~25分・博多駅より特急で約30分）タクシーでわずか5分　ホテル⇔北九州空港　バス有り,"普通車無料（先着順）／大型車（8トン以上）1台1泊5,500円（税込）※要予約",黒崎,https://img.travel.rakuten.co.jp/share/HOTEL/1940/1940.jpg,https://img.travel.rakuten.co.jp/HIMG/90/1940.jpg,https://img.travel.rakuten.co.jp/share/HOTEL/1940/1940_s.jpg,https://img.travel.rakuten.co.jp/HIMG/INTERIOR/1940.jpg,https://img.travel.rakuten.co.jp/share/HOTEL/1940/1940map.gif,1644.0,3.99,"チェックインでプランを間違えられたのは指摘して済みましたが、渡された鍵の部屋は宿泊者のい…　2026-04-05 09:25:41投稿 <a href=""https://img.travel.rakuten.co.jp/image/tr/api/re/gJNfM/?f_hotel_no=1940"" class=""3click"">つづきはこちら</a>",sgl,シングルルーム【禁煙・１６平米】,4403226.0,☆【スタンダード】ご宿泊者駐車場無料！チェックイン14時／チェックアウト12時＜素泊り＞,1,0,0,0,0,1,https://img.travel.rakuten.co.jp/image/tr/api/re/IdsCY/?f_no=1940&f_syu=sgl&f_hi1=2026-04-21&f_hi2=2026-04-22&f_heya_su=1&f_otona_su=1&f_s1=0&f_s2=0&f_y1=0&f_y2=0&f_y3=0&f_y4=0&f_camp_id=4403226,0,2026-04-21,6710,6710,0,2026-04-21,merged-20260419
25112,サウナ＆カプセルホテル　グリーンランド小倉,https://img.travel.rakuten.co.jp/image/tr/api/re/pvonD/?f_no=25112,https://img.travel.rakuten.co.jp/image/tr/api/re/vFumt/?f_no=25112&f_flg=PLAN,,https://img.travel.rakuten.co.jp/image/tr/api/re/gJNfM/?f_hotel_no=25112,さうなあんどかぷせるほてる　ぐりーんらんど　こくら,【24H風呂サウナ入り放題】【WiFi無料】【コンビニ徒歩1分】北九州最大のサウナ＆カプセルホテル。,3500,121978.33,471176.59,802-0002,福岡県,北九州市小倉北区京町2-1-7,093-521-6211,093-521-6357,ＪＲ鹿児島本線・小倉駅〜徒歩２分,無し ,小倉（福岡）,https://img.travel.rakuten.co.jp/share/HOTEL/25112/25112.jpg,https://img.travel.rakuten.co.jp/HIMG/90/25112.jpg,https://img.travel.rakuten.co.jp/share/HOTEL/25112/25112_b.jpg,https://img.travel.rakuten.co.jp/HIMG/INTERIOR/25112.jpg,https://img.travel.rakuten.co.jp/share/HOTEL/25112/25112map.gif,493.0,3.78,"クチコミの詳細はこちらから　https://review.trave…　2026-03-26 17:34:05投稿 <a href=""https://img.travel.rakuten.co.jp/image/tr/api/re/gJNfM/?f_hotel_no=25112"" class=""3click"">つづきはこちら</a>",gl0002,【男性のお客様専用】カプセルルームご宿泊,5676646.0,【男性のお客様専用】 　カプセルームご宿泊プラン　（女性のお客様はご利用頂けません。）,1,0,0,0,0,1,https://img.travel.rakuten.co.jp/image/tr/api/re/IdsCY/?f_no=25112&f_syu=gl0002&f_hi1=2026-04-21&f_hi2=2026-04-22&f_heya_su=1&f_otona_su=1&f_s1=0&f_s2=0&f_y1=0&f_y2=0&f_y3=0&f_y4=0&f_camp_id=5676646,0,2026-04-21,3800,3800,1,2026-04-21,merged-20260419
390,リコホテル小倉,https://img.travel.rakuten.co.jp/image/tr/api/re/pvonD/?f_no=390,https://img.travel.rakuten.co.jp/image/tr/api/re/vFumt/?f_no=390&f_flg=PLAN,https://img.travel.rakuten.co.jp/image/tr/api/re/WzozX/?noTomariHotel=390,https://img.travel.rakuten.co.jp/image/tr/api/re/gJNfM/?f_hotel_no=390,りこほてる　こくら,小倉駅より歩いて３分、ビジネスに便利！　ホテル１Fにライブハウスあり！（シャンソン・ジャズ・クラシックが主です）,4500,121981.69,471174.35,802-0008,福岡県,北九州市小倉北区船頭町3-31,093-521-4444,093-521-6839,ＪＲ「小倉駅 」南口より徒歩３分　北九州空港　車で４０分,有り　12台　一回900円（予約不可）  トラック・バス不可　移動させる為、車の鍵をお預りします。,小倉（福岡）,https://img.travel.rakuten.co.jp/share/HOTEL/390/390.jpg,https://img.travel.rakuten.co.jp/HIMG/90/390.jpg,https://img.travel.rakuten.co.jp/share/HOTEL/390/390_sgl.gif,https://img.travel.rakuten.co.jp/HIMG/INTERIOR/390.gif,https://img.travel.rakuten.co.jp/share/HOTEL/390/390map.gif,1222.0,2.79,"クチコミの詳細はこち…　2026-04-09 05:13:09投稿 <a href=""https://img.travel.rakuten.co.jp/image/tr/api/re/gJNfM/?f_hotel_no=390"" class=""3click"">つづきはこちら</a>",sbf2,WiFi対応【禁煙】シングルルームBF,4411155.0,得々プラン！　朝カレー付 　,1,0,0,1,0,1,https://img.travel.rakuten.co.jp/image/tr/api/re/IdsCY/?f_no=390&f_syu=sbf2&f_hi1=2026-04-21&f_hi2=2026-04-22&f_heya_su=1&f_otona_su=1&f_s1=0&f_s2=0&f_y1=0&f_y2=0&f_y3=0&f_y4=0&f_camp_id=4411155,0,2026-04-21,5800,5800,1,2026-04-21,merged-20260419
187404,リリーフ小倉ＡＮＮＥＸ　ＢＯＯＫ＆ＳＴＡＹ,https://img.travel.rakuten.co.jp/image/tr/api/re/pvonD/?f_no=187404,https://img.travel.rakuten.co.jp/image/tr/api/re/vFumt/?f_no=187404&f_flg=PLAN,,https://img.travel.rakuten.co.jp/image/tr/api/re/gJNfM/?f_hotel_no=187404,りりーふこくらあねっくすぶっくあんどすてい,「食べて」「休んで」「くつろいで」が全部詰まった泊まれるネットカフェ。,2300,121958.11,471193.79,802-0081,福岡県,北九州市小倉北区紺屋町12-16,093-521-5006,093-521-5013,小倉駅より徒歩10分,無し,小倉（福岡）,https://img.travel.rakuten.co.jp/share/HOTEL/187404/187404.jpg,https://img.travel.rakuten.co.jp/HIMG/90/187404.jpg,,,https://img.travel.rakuten.co.jp/share/HOTEL/187404/187404map.gif,236.0,3.86,"目の前の駐車場は朝11から次の日9時…　2026-04-01 09:58:26投稿 <a href=""https://img.travel.rakuten.co.jp/image/tr/api/re/gJNfM/?f_hotel_no=187404"" class=""3click"">つづきはこちら</a>",mwr,ミッドナイト【禁煙】リクライニングチェア＆オットマンのみ,5730082.0,20時以降のレイトインでお得にご宿泊♪【コミック4万冊＆ラウンジ】全室鍵付◇PC完備の広々キャビン,1,0,0,0,0,1,https://img.travel.rakuten.co.jp/image/tr/api/re/IdsCY/?f_no=187404&f_syu=mwr&f_hi1=2026-04-21&f_hi2=2026-04-22&f_heya_su=1&f_otona_su=1&f_s1=0&f_s2=0&f_y1=0&f_y2=0&f_y3=0&f_y4=0&f_camp_id=5730082,0,2026-04-21,2900,2900,0,2026-04-21,merged-20260419
181251,ホテルリブマックス小倉駅前,https://img.travel.rakuten.co.jp/image/tr/api/re/pvonD/?f_no=181251,https://img.travel.rakuten.co.jp/image/tr/api/re/vFumt/?f_no=181251&f_flg=PLAN,https://img.travel.rakuten.co.jp/image/tr/api/re/WzozX/?noTomariHotel=181251,https://img.travel.rakuten.co.jp/image/tr/api/re/gJNfM/?f_hotel_no=181251,りぶまっくすこくらえきまえ,2020年10月グランドオープン！小倉駅徒歩３０秒！非対面チェックイン機導入済 全客室充実のルームアイテムを採用♪,2975,121980.47,471179.92,802-0002,福岡県,北九州市小倉北区京町2-3-2,093-511-3350,093-511-3351,ＪＲ　小倉駅　小倉城口　目の前のロータリーより徒歩にてすぐ！！（駅近の好立地ホテル）,無し,小倉（福岡）,https://img.travel.rakuten.co.jp/share/HOTEL/181251/181251.jpg,https://img.travel.rakuten.co.jp/HIMG/90/181251.jpg,,,https://img.travel.rakuten.co.jp/share/HOTEL/181251/181251map.gif,349.0,3.83,"クチコミの詳細はこちらから　https://review.travel.rakuten.co.jp/hotel/voice/18125…　2026-04-11 10:06:04投稿 <a href=""https://img.travel.rakuten.co.jp/image/tr/api/re/gJNfM/?f_hotel_no=181251"" class=""3click"">つづきはこちら</a>",pt,ワンちゃん同伴部屋【ベッド幅120cm×195cm】,5342370.0,【Dog×Stay】　〜ワンちゃん同伴宿泊プラン〜【素泊り】【全室スランバーランドベッド】,1,0,0,0,0,1,https://img.travel.rakuten.co.jp/image/tr/api/re/IdsCY/?f_no=181251&f_syu=pt&f_hi1=2026-04-21&f_hi2=2026-04-22&f_heya_su=1&f_otona_su=1&f_s1=0&f_s2=0&f_y1=0&f_y2=0&f_y3=0&f_y4=0&f_camp_id=5342370,0,2026-04-21,11000,11000,0,2026-04-21,merged-20260419
1363,サンスカイホテル小倉,https://img.travel.rakuten.co.jp/image/tr/api/re/pvonD/?f_no=1363,https://img.travel.rakuten.co.jp/image/tr/api/re/vFumt/?f_no=1363&f_flg=PLAN,https://img.travel.rakuten.co.jp/image/tr/api/re/WzozX/?noTomariHotel=1363,https://img.travel.rakuten.co.jp/image/tr/api/re/gJNfM/?f_hotel_no=1363,さんすかい　こくら,駐車場無料、ウェルカムドリンク、ミネラルウォーター、全室Wi-Fi無料接続可,2900,121959.21,471251.99,802-0038,福岡県,北九州市小倉北区神幸町2-1,093-521-0123,093-521-1984,小倉駅より約車10分。足立ICから5分・富野ＩＣから3分。ヤフオク！ドームまで車1時間。湯布院まで車1時間50分。,入出庫自由、無料平面駐車場（８０台）　　大型車（２ｔ車以上）は有料で事前に予約要,小倉（福岡）,https://img.travel.rakuten.co.jp/share/HOTEL/1363/1363.jpg,https://img.travel.rakuten.co.jp/HIMG/90/1363.jpg,https://img.travel.rakuten.co.jp/share/HOTEL/1363/1363_sy.jpg,https://img.travel.rakuten.co.jp/HIMG/INTERIOR/1363.jpg,https://img.travel.rakuten.co.jp/share/HOTEL/1363/1363map.gif,1753.0,3.77,"年に1度くらいの頻度で利用させてもらっています。これまでおおむね満足で強いて言えばWiFiのつながりがやや悪いことくらいでしたが、今回は3泊のうち1泊でしたが、隣の部屋…　2026-03-30 21:44:38投稿 <a href=""https://img.travel.rakuten.co.jp/image/tr/api/re/gJNfM/?f_hotel_no=1363"" class=""3click"">つづきはこちら</a>",sn,シングル【禁煙】,3562850.0,【駐車場無料】【素泊まり】【24時間フリードリンク】【Wi-Fi無料接続可】,1,0,0,0,0,1,https://img.travel.rakuten.co.jp/image/tr/api/re/IdsCY/?f_no=1363&f_syu=sn&f_hi1=2026-04-21&f_hi2=2026-04-22&f_heya_su=1&f_otona_su=1&f_s1=0&f_s2=0&f_y1=0&f_y2=0&f_y3=0&f_y4=0&f_camp_id=3562850,0,2026-04-21,5000,5000,1,2026-04-21,merged-20260419
10863,千草ホテル,https://img.travel.rakuten.co.jp/image/tr/api/re/pvonD/?f_no=10863,https://img.travel.rakuten.co.jp/image/tr/api/re/vFumt/?f_no=10863&f_flg=PLAN,https://img.travel.rakuten.co.jp/image/tr/api/re/WzozX/?noTomariHotel=10863,https://img.travel.rakuten.co.jp/image/tr/api/re/gJNfM/?f_hotel_no=10863,ちぐさほてる,『地産地消ビュッフェ』【平面駐車場無料】+【全室23㎡以上】+【Wi-Fi完備】+【無料ラウンジ】,3600,121906.73,470890.82,8050061,福岡県,北九州市八幡東区西本町1-1-1,093-671-1131,093-661-3155,ＪＲ八幡駅から「徒歩10分」、北九州都市高速「車で5分」、ＪＲ小倉駅からＪＲ八幡駅「快速電車で11分」,平面駐車場無料【　80台　】※先着順、出し入れ何度でも可能,八幡（福岡）,https://img.travel.rakuten.co.jp/share/HOTEL/10863/10863.jpg,https://img.travel.rakuten.co.jp/HIMG/90/10863.jpg,https://img.travel.rakuten.co.jp/share/HOTEL/10863/10863_war.jpg,https://img.travel.rakuten.co.jp/HIMG/INTERIOR/10863.jpg,https://img.travel.rakuten.co.jp/share/HOTEL/10863/10863map.gif,387.0,4.41,"スタッフの方々が親切です。部屋がゆったりして広く落ち着けました。朝食はシンプルですが手作りで食材も良く美味しかったです。朝食を取るレストランの中庭にかわいいフ…　2026-04-08 20:26:33投稿 <a href=""https://img.travel.rakuten.co.jp/image/tr/api/re/gJNfM/?f_hotel_no=10863"" class=""3click"">つづきはこちら</a>",yd_no_b_s,【訳あり和室＜バス・シャワーなし＞】10畳／トイレのみ,6223575.0,【訳ありプラン-素泊まり】＜バス・シャワーなし客室＞訳ありだからお得に宿泊できる！,1,0,0,0,0,1,https://img.travel.rakuten.co.jp/image/tr/api/re/IdsCY/?f_no=10863&f_syu=yd_no_b_s&f_hi1=2026-04-21&f_hi2=2026-04-22&f_heya_su=1&f_otona_su=1&f_s1=0&f_s2=0&f_y1=0&f_y2=0&f_y3=0&f_y4=0&f_camp_id=6223575,0,2026-04-21,5600,5600,0,2026-04-21,merged-20260419
14866,小倉リーセントホテル,https://img.travel.rakuten.co.jp/image/tr/api/re/pvonD/?f_no=14866,https://img.travel.rakuten.co.jp/image/tr/api/re/vFumt/?f_no=14866&f_flg=PLAN,https://img.travel.rakuten.co.jp/image/tr/api/re/WzozX/?noTomariHotel=14866,https://img.travel.rakuten.co.jp/image/tr/api/re/gJNfM/?f_hotel_no=14866,こくら　りーせんとほてる,◆JR小倉駅より徒歩16分◆JR西小倉駅徒歩3分◆小倉城周辺徒歩3分圏内◆全客室Wi-Fi無料接続,3100,121980.26,471148.3,803-0811,福岡県,北九州市小倉北区大門1-1-17,093-581-5673,093-582-1789,JR小倉駅より徒歩１６分★JR西小倉駅南口徒歩３分★北九州高速道路４号線紫川インターより小倉駅方面へ大手町より約８分,1泊1100円,小倉（福岡）,https://img.travel.rakuten.co.jp/share/HOTEL/14866/14866.jpg,https://img.travel.rakuten.co.jp/HIMG/90/14866.jpg,https://img.travel.rakuten.co.jp/share/HOTEL/14866/14866_room.jpg,https://img.travel.rakuten.co.jp/HIMG/INTERIOR/14866.jpg,https://img.travel.rakuten.co.jp/share/HOTEL/14866/14866map.gif,1285.0,4.09,"お部屋の畳が少し傷んでいましたが、綺麗に清掃されていました。近くのコンビニで食事を買って部屋で食べた…　2026-04-02 17:35:49投稿 <a href=""https://img.travel.rakuten.co.jp/image/tr/api/re/gJNfM/?f_hotel_no=14866"" class=""3click"">つづきはこちら</a>",jns,【禁煙】セミダブル,6090707.0,【素泊り】ビジネス・観光にピッタリ！お食事なしのシンプルプラン★小倉駅より徒歩16分★,1,0,0,0,0,1,https://img.travel.rakuten.co.jp/image/tr/api/re/IdsCY/?f_no=14866&f_syu=jns&f_hi1=2026-04-21&f_hi2=2026-04-22&f_heya_su=1&f_otona_su=1&f_s1=0&f_s2=0&f_y1=0&f_y2=0&f_y3=0&f_y4=0&f_camp_id=6090707,0,2026-04-21,5100,5100,0,2026-04-21,merged-20260419
129486,照葉スパリゾート門司店,https://img.travel.rakuten.co.jp/image/tr/api/re/pvonD/?f_no=129486,https://img.travel.rakuten.co.jp/image/tr/api/re/vFumt/?f_no=129486&f_flg=PLAN,https://img.travel.rakuten.co.jp/image/tr/api/re/WzozX/?noTomariHotel=129486,https://img.travel.rakuten.co.jp/image/tr/api/re/gJNfM/?f_hotel_no=129486,てりは　すぱりぞーと　もじてん,関門海峡を望む海沿いのホテルです。「門司港レトロ」まで車で15分と好アクセス,7000,122039.37,471345.85,800-0063,福岡県,北九州市門司区大里本町3-13-26,093-382-1010,093-382-1011,門司駅より徒歩にて10分　現在、当施設の巡回バスは運休中となっております。　公共交通機関をご利用の上ご来館ください。,有り　無料,門司,https://img.travel.rakuten.co.jp/share/HOTEL/129486/129486.jpg,https://img.travel.rakuten.co.jp/HIMG/90/129486.jpg,https://img.travel.rakuten.co.jp/share/HOTEL/129486/129486_ru.jpg,https://img.travel.rakuten.co.jp/HIMG/INTERIOR/129486.jpg,https://img.travel.rakuten.co.jp/share/HOTEL/129486/129486map.gif,603.0,4.05,"クチコミの詳細はこちらから　https://review.trave…　2026-04-15 18:13:26投稿 <a href=""https://img.travel.rakuten.co.jp/image/tr/api/re/gJNfM/?f_hotel_no=129486"" class=""3click"">つづきはこちら</a>",ss,スタンダードダブル（山側）,5661175.0,朝食ビュッフェ無料！〈岩盤浴付〉1日満喫プラン,1,0,0,1,0,1,https://img.travel.rakuten.co.jp/image/tr/api/re/IdsCY/?f_no=129486&f_syu=ss&f_hi1=2026-04-21&f_hi2=2026-04-22&f_heya_su=1&f_otona_su=1&f_s1=0&f_s2=0&f_y1=0&f_y2=0&f_y3=0&f_y4=0&f_camp_id=5661175,0,2026-04-21,12000,12000,0,2026-04-21,merged-20260419
44272,ビジネスホテル門司,https://img.travel.rakuten.co.jp/image/tr/api/re/pvonD/?f_no=44272,https://img.travel.rakuten.co.jp/image/tr/api/re/vFumt/?f_no=44272&f_flg=PLAN,https://img.travel.rakuten.co.jp/image/tr/api/re/WzozX/?noTomariHotel=44272,https://img.travel.rakuten.co.jp/image/tr/api/re/gJNfM/?f_hotel_no=44272,もじ,総合評価★★★★4つ星♪門司駅前に位置。新小文字病院徒歩10分。アットホームな雰囲気で常連客多い。朝食サービスも好評。,3200,122039.82,471371.6,800-0025,福岡県,北九州市門司区柳町2-2-13,093-391-7773,093-391-4455,ＪＲ　門司駅南口より徒歩で1分／都市高速　大里インターより車で５分　新小文字病院徒歩10分,有料： タイムズ（ホテル横）600円・ドゥリベール（ホテルはす向かい）3台あり　1台500円　,門司,https://img.travel.rakuten.co.jp/share/HOTEL/44272/44272.jpg,https://img.travel.rakuten.co.jp/HIMG/90/44272.jpg,https://img.travel.rakuten.co.jp/share/HOTEL/44272/44272_wa.jpg,https://img.travel.rakuten.co.jp/HIMG/INTERIOR/44272.jpg,https://img.travel.rakuten.co.jp/share/HOTEL/44272/44272map.gif,442.0,4.03,"一人宿泊でダブルのお部屋でした。駅近くで45分程早めに到着する旨ご連絡したところ、そのまま快く受付ていただきました。ホテル周辺もスーパーなど買い物便利で良かったで…　2026-04-14 21:05:26投稿 <a href=""https://img.travel.rakuten.co.jp/image/tr/api/re/gJNfM/?f_hotel_no=44272"" class=""3click"">つづきはこちら</a>",y1-2,洋室（朝食付）◆門司駅南口より徒歩1分◆,2663020.0,シングルプラン◆大人気♪朝ごはん(モーニング)付◆門司駅南口より徒歩１分◆,1,0,0,1,0,1,https://img.travel.rakuten.co.jp/image/tr/api/re/IdsCY/?f_no=44272&f_syu=y1-2&f_hi1=2026-04-21&f_hi2=2026-04-22&f_heya_su=1&f_otona_su=1&f_s1=0&f_s2=0&f_y1=0&f_y2=0&f_y3=0&f_y4=0&f_camp_id=2663020,0,2026-04-21,4500,4500,0,2026-04-21,merged-20260419
1225,ホテルポート門司,https://img.travel.rakuten.co.jp/image/tr/api/re/pvonD/?f_no=1225,https://img.travel.rakuten.co.jp/image/tr/api/re/vFumt/?f_no=1225&f_flg=PLAN,https://img.travel.rakuten.co.jp/image/tr/api/re/WzozX/?noTomariHotel=1225,https://img.travel.rakuten.co.jp/image/tr/api/re/gJNfM/?f_hotel_no=1225,ぽーと　もじ,海峡花火会場徒歩圏内｜門司港レトロ徒歩５分｜駐車場無料｜アダルトｃｈ無料放送｜漫画６０００冊読み放題,3900,122194.07,471491.38,801-0863,福岡県,北九州市門司区栄町11-29,093-331-0112,093-331-1004,鹿児島本線門司港駅から徒歩10分。九州道門司ICから車で10分。関門トンネル門司側入り口車で1分。,有り　15台　普通車のみ　要予約（無料）,門司港,https://img.travel.rakuten.co.jp/share/HOTEL/1225/1225.jpg,https://img.travel.rakuten.co.jp/HIMG/90/1225.jpg,https://img.travel.rakuten.co.jp/share/HOTEL/1225/1225_room.jpg,https://img.travel.rakuten.co.jp/HIMG/INTERIOR/1225.jpg,https://img.travel.rakuten.co.jp/share/HOTEL/1225/1225map.gif,1084.0,4.18,"急な予約変更にもかかわらず、親切に対応していただき、助かりました。近くの門司港も近く、周りにはパーキングもあるので、とても便利でした。またシャンプーの種類も沢山あ…　2026-04-05 07:04:44投稿 <a href=""https://img.travel.rakuten.co.jp/image/tr/api/re/gJNfM/?f_hotel_no=1225"" class=""3click"">つづきはこちら</a>",single08,【喫煙】シングルルーム(1bed),2627613.0,03【駐車場利用不可】【訳あり】素泊プラン【チェックアウト9時】近隣コインP多数,1,0,0,0,0,2,https://img.travel.rakuten.co.jp/image/tr/api/re/IdsCY/?f_no=1225&f_syu=single08&f_hi1=2026-04-21&f_hi2=2026-04-22&f_heya_su=1&f_otona_su=1&f_s1=0&f_s2=0&f_y1=0&f_y2=0&f_y3=0&f_y4=0&f_camp_id=2627613,0,2026-04-21,6500,6500,0,2026-04-21,merged-20260419
134895,ＨＯＴＥＬ　ＡＺ　北九州新門司港店,https://img.travel.rakuten.co.jp/image/tr/api/re/pvonD/?f_no=134895,https://img.travel.rakuten.co.jp/image/tr/api/re/vFumt/?f_no=134895&f_flg=PLAN,https://img.travel.rakuten.co.jp/image/tr/api/re/WzozX/?noTomariHotel=134895,https://img.travel.rakuten.co.jp/image/tr/api/re/gJNfM/?f_hotel_no=134895,ほてる　えーぜっと　きたきゅうしゅう　しんもじこうてん,九州自動車道　新門司ＩＣから車で約5分、新門司港へは車で約7分！朝食無料☆駐車場無料（大型車有料）☆,5280,121917.1,471520.21,800-0114,福岡県,北九州市門司区吉志1丁目25-5,093-483-1301,093-483-1302,ＪＲ　門司駅から車で約20分,無料駐車場47台あり　普通車：予約不要 、中型車・大型車：要予約（有料）,門司,https://img.travel.rakuten.co.jp/share/HOTEL/134895/134895.jpg,https://img.travel.rakuten.co.jp/HIMG/90/134895.jpg,https://img.travel.rakuten.co.jp/share/HOTEL/134895/134895_rm1.jpg,https://img.travel.rakuten.co.jp/HIMG/INTERIOR/134895.jpg,https://img.travel.rakuten.co.jp/share/HOTEL/134895/134895map.gif,198.0,3.72,"クチコミの詳細はこちらから　https://review.travel.rakuten.co.jp/hote…　2026-04-07 18:05:00投稿 <a href=""https://img.travel.rakuten.co.jp/image/tr/api/re/gJNfM/?f_hotel_no=134895"" class=""3click"">つづきはこちら</a>",sn1,【禁煙】シングル,6108842.0,スタンダードプラン（朝食サービス）,1,0,0,1,0,1,https://img.travel.rakuten.co.jp/image/tr/api/re/IdsCY/?f_no=134895&f_syu=sn1&f_hi1=2026-04-21&f_hi2=2026-04-22&f_heya_su=1&f_otona_su=1&f_s1=0&f_s2=0&f_y1=0&f_y2=0&f_y3=0&f_y4=0&f_camp_id=6108842,0,2026-04-21,6380,6380,0,2026-04-21,merged-20260419
185112,Ｒａｋｕｔｅｎ　ＳＴＡＹ　小倉駅前,https://img.travel.rakuten.co.jp/image/tr/api/re/pvonD/?f_no=185112,https://img.travel.rakuten.co.jp/image/tr/api/re/vFumt/?f_no=185112&f_flg=PLAN,https://img.travel.rakuten.co.jp/image/tr/api/re/WzozX/?noTomariHotel=185112,https://img.travel.rakuten.co.jp/image/tr/api/re/gJNfM/?f_hotel_no=185112,らくてんすてい　こくらえきまえ,【最大6名まで宿泊可能】全部屋30㎡以上の広々とした客室には、キッチン付きのお部屋も。  小倉駅から約5分の好立地！,1820,121971.51,471190.0,802-0003,福岡県,北九州市小倉北区米町1-3-14　Ｒａｋｕｔｅｎ　ＳＴＡＹ小倉駅前,050-1750-9719,00-0000-0000,JR小倉駅から徒歩約5分　 JR小倉駅 小倉城口を出てセントシティ奥を左折、米町公園の向かいまで約200ｍ直進,無し,平和通,https://img.travel.rakuten.co.jp/share/HOTEL/185112/185112.jpg,https://img.travel.rakuten.co.jp/HIMG/90/185112.jpg,,,https://img.travel.rakuten.co.jp/share/HOTEL/185112/185112map.gif,217.0,4.23,"クチコミの詳細は…　2026-04-15 20:47:03投稿 <a href=""https://img.travel.rakuten.co.jp/image/tr/api/re/gJNfM/?f_hotel_no=185112"" class=""3click"">つづきはこちら</a>",003,スタンダードトリプル,5940279.0,【直前割・20％OFF】急なお出かけでも安心！バス、キッチン完備で快適ステイ,1,0,0,0,0,2,https://img.travel.rakuten.co.jp/image/tr/api/re/IdsCY/?f_no=185112&f_syu=003&f_hi1=2026-04-21&f_hi2=2026-04-22&f_heya_su=1&f_otona_su=1&f_s1=0&f_s2=0&f_y1=0&f_y2=0&f_y3=0&f_y4=0&f_camp_id=5940279,0,2026-04-21,15200,15200,0,2026-04-21,merged-20260419
41161,亀の井ホテル　玄界灘（２０２６年７月１日〜オールインクルーシブ）,https://img.travel.rakuten.co.jp/image/tr/api/re/pvonD/?f_no=41161,https://img.travel.rakuten.co.jp/image/tr/api/re/vFumt/?f_no=41161&f_flg=PLAN,https://img.travel.rakuten.co.jp/image/tr/api/re/WzozX/?noTomariHotel=41161,https://img.travel.rakuten.co.jp/image/tr/api/re/gJNfM/?f_hotel_no=41161,かめのいほてるげんかいなだ（2026ねん7がつ1にち〜おーるいんくるーしぶ）,2026年7月1日より亀の井ホテル 玄界灘は「亀の井ホテル 玄界灘 オールインクルーシブホテル」に生まれ変わります。,3340,122152.85,470467.06,808-0123,福岡県,北九州市若松区有毛2829,093-741-1335,093-741-1337,小倉駅・折尾駅まで無料定時送迎バスと運行しております。（平日限定の事前予約制)詳しくはお問い合わせください。,有り　７0台　無料　先着順,折尾,https://img.travel.rakuten.co.jp/share/HOTEL/41161/41161.jpg,https://img.travel.rakuten.co.jp/HIMG/90/41161.jpg,https://img.travel.rakuten.co.jp/share/HOTEL/41161/41161_wa.jpg,https://img.travel.rakuten.co.jp/HIMG/INTERIOR/41161.jpg,https://img.travel.rakuten.co.jp/share/HOTEL/41161/41161map.gif,514.0,4.02,"クチコミの詳細はこちらから　https://review.travel.rakute…　2026-04-11 11:30:55投稿 <a href=""https://img.travel.rakuten.co.jp/image/tr/api/re/gJNfM/?f_hotel_no=41161"" class=""3click"">つづきはこちら</a>",w8gnnew,【オーシャンビュー】 和室８畳,5396087.0,【季節の会席】華味鳥と若松キャベツ鍋や玄界灘の刺身二種盛りなど美味しいものを少しずつ味わう,1,1,0,1,0,1,https://img.travel.rakuten.co.jp/image/tr/api/re/IdsCY/?f_no=41161&f_syu=w8gnnew&f_hi1=2026-04-21&f_hi2=2026-04-22&f_heya_su=1&f_otona_su=1&f_s1=0&f_s2=0&f_y1=0&f_y2=0&f_y3=0&f_y4=0&f_camp_id=5396087,0,2026-04-21,16970,16970,0,2026-04-21,merged-20260419
108966,紀乃国屋ホテル,https://img.travel.rakuten.co.jp/image/tr/api/re/pvonD/?f_no=108966,https://img.travel.rakuten.co.jp/image/tr/api/re/vFumt/?f_no=108966&f_flg=PLAN,,https://img.travel.rakuten.co.jp/image/tr/api/re/gJNfM/?f_hotel_no=108966,きのくにやほてる,黒崎駅から徒歩５分。駅前商店街の中に位置し、周りに食事処がたくさん有ります。,3630,121900.32,470777.76,806-0028,福岡県,北九州市八幡西区熊手1-1-43,093-642-2221,093-621-1262,黒崎駅より徒歩にて５分,有り　３台　1泊500円　要電話予約,黒崎,https://img.travel.rakuten.co.jp/share/HOTEL/108966/108966.jpg,https://img.travel.rakuten.co.jp/HIMG/90/108966.jpg,https://img.travel.rakuten.co.jp/share/HOTEL/108966/108966_tw1.jpg,https://img.travel.rakuten.co.jp/HIMG/INTERIOR/108966.jpg,https://img.travel.rakuten.co.jp/share/HOTEL/108966/108966map.gif,129.0,3.96,"クチコミの詳細はこちらから　https://r…　2026-03-31 17:47:02投稿 <a href=""https://img.travel.rakuten.co.jp/image/tr/api/re/gJNfM/?f_hotel_no=108966"" class=""3click"">つづきはこちら</a>",s1,シングル◆トイレ付き◆別室に男女別シャワー室有り,4795773.0,◆素泊まりプラン◆,1,0,0,0,0,1,https://img.travel.rakuten.co.jp/image/tr/api/re/IdsCY/?f_no=108966&f_syu=s1&f_hi1=2026-04-21&f_hi2=2026-04-22&f_heya_su=1&f_otona_su=1&f_s1=0&f_s2=0&f_y1=0&f_y2=0&f_y3=0&f_y4=0&f_camp_id=4795773,0,2026-04-21,3630,3630,0,2026-04-21,merged-20260419
189091,ホテルリリーフ小倉ＡＮＮＥＸ,https://img.travel.rakuten.co.jp/image/tr/api/re/pvonD/?f_no=189091,https://img.travel.rakuten.co.jp/image/tr/api/re/vFumt/?f_no=189091&f_flg=PLAN,https://img.travel.rakuten.co.jp/image/tr/api/re/WzozX/?noTomariHotel=189091,https://img.travel.rakuten.co.jp/image/tr/api/re/gJNfM/?f_hotel_no=189091,りりーふこくらあねっくす,宿泊業界最大級の４万冊以上のコミックを保有！２４時間フリーフード＆フリードリンクが無料！,2190,121958.11,471193.79,802-0081,福岡県,北九州市小倉北区紺屋町12-16,093-521-5006,000-000-0000,小倉駅より徒歩約１５分、旦過駅より徒歩約８分,"有り：２台　15時〜翌朝10時迄：1,000円【要予約】",小倉（福岡）,https://img.travel.rakuten.co.jp/share/HOTEL/189091/189091.jpg,https://img.travel.rakuten.co.jp/HIMG/90/189091.jpg,,,https://img.travel.rakuten.co.jp/share/HOTEL/189091/189091map.gif,187.0,4.1,"大人1人子供2人で宿泊しました。お部屋も広いし、何よりドリンクと軽食がついてるのが嬉しい!旅行中にいろんな場所で食べてきてるので、夜はこれでいい。朝のパンは…　2026-04-12 18:47:57投稿 <a href=""https://img.travel.rakuten.co.jp/image/tr/api/re/gJNfM/?f_hotel_no=189091"" class=""3click"">つづきはこちら</a>",nmid,レイトイン【禁煙】部屋タイプおまかせ/定員1~2名,5893533.0,2名様まで同料金!!【20時レイトインがお得◆お部屋おまかせ】コミック4万冊＆フリーラウンジ♪,1,0,0,1,0,1,https://img.travel.rakuten.co.jp/image/tr/api/re/IdsCY/?f_no=189091&f_syu=nmid&f_hi1=2026-04-21&f_hi2=2026-04-22&f_heya_su=1&f_otona_su=1&f_s1=0&f_s2=0&f_y1=0&f_y2=0&f_y3=0&f_y4=0&f_camp_id=5893533,0,2026-04-21,6750,6750,0,2026-04-21,merged-20260419
177440,ＦＵＫＵＯＫＡ　門司港　ステイ,https://img.travel.rakuten.co.jp/image/tr/api/re/pvonD/?f_no=177440,https://img.travel.rakuten.co.jp/image/tr/api/re/vFumt/?f_no=177440&f_flg=PLAN,https://img.travel.rakuten.co.jp/image/tr/api/re/WzozX/?noTomariHotel=177440,https://img.travel.rakuten.co.jp/image/tr/api/re/gJNfM/?f_hotel_no=177440,ふくおか　もじこう　すてい,門司港駅5分＆レトロ地区7分◆全室33平米超＆バストイレ別！洗濯乾燥機・キッチン完備・パジャマ付で快適,6452,122184.42,471481.32,801-0834,福岡県,北九州市門司区本町3-16,050-1721-4419,,門司港駅より徒歩5分／小倉駅より3駅（約13分）／唐戸市場行きフェリー乗り場すぐ／コンビニ徒歩3分,なし（隣にコインP有：12時間約600円）。徒歩30秒圏内に多数あり。お車でも便利です。,門司港,https://img.travel.rakuten.co.jp/share/HOTEL/177440/177440.jpg,https://img.travel.rakuten.co.jp/HIMG/90/177440.jpg,,,https://img.travel.rakuten.co.jp/share/HOTEL/177440/177440map.gif,28.0,3.0,,102,Standard Twin (Max 4),5467910.0,【スタンダード】駅近5分！広々客室＆無料の洗濯機・ガス乾燥機完備で「暮らすような旅」を＜素泊まり＞,1,0,0,0,0,2,https://img.travel.rakuten.co.jp/image/tr/api/re/IdsCY/?f_no=177440&f_syu=102&f_hi1=2026-04-21&f_hi2=2026-04-22&f_heya_su=1&f_otona_su=1&f_s1=0&f_s2=0&f_y1=0&f_y2=0&f_y3=0&f_y4=0&f_camp_id=5467910,0,2026-04-21,17613,17613,0,2026-04-21,merged-20260419
14857,ホテル千望荘,https://img.travel.rakuten.co.jp/image/tr/api/re/pvonD/?f_no=14857,https://img.travel.rakuten.co.jp/image/tr/api/re/vFumt/?f_no=14857&f_flg=PLAN,https://img.travel.rakuten.co.jp/image/tr/api/re/WzozX/?noTomariHotel=14857,https://img.travel.rakuten.co.jp/image/tr/api/re/gJNfM/?f_hotel_no=14857,ほてる　せんぼうそう,車での市内観光に便利な立地。夜景が美しい♪猫に会える♪全室禁煙。喫煙室有り。駐車場無料。,4950,121993.43,470950.76,804-0053,福岡県,北九州市戸畑区牧山2-5-9,093-871-6991,093-882-2985,JR戸畑駅より車で５分、徒歩15分～20分。北九州都市高速枝光インターより車で５分。,有り　１予約1台　無料　若戸大橋・関門橋・戸畑市街を一望できる標高60mほどの丘の上。,戸畑,https://img.travel.rakuten.co.jp/share/HOTEL/14857/14857.jpg,https://img.travel.rakuten.co.jp/HIMG/90/14857.jpg,https://img.travel.rakuten.co.jp/share/HOTEL/14857/14857_war.jpg,https://img.travel.rakuten.co.jp/HIMG/INTERIOR/14857.jpg,https://img.travel.rakuten.co.jp/share/HOTEL/14857/14857map.gif,78.0,4.09,,b1fs,シングル　禁煙 《WI-FI付き》,,,1,0,0,0,0,1,https://img.travel.rakuten.co.jp/image/tr/api/re/IdsCY/?f_no=14857&f_syu=b1fs&f_hi1=2026-04-21&f_hi2=2026-04-22&f_heya_su=1&f_otona_su=1&f_s1=0&f_s2=0&f_y1=0&f_y2=0&f_y3=0&f_y4=0,1,2026-04-21,6050,6050,0,2026-04-21,merged-20260419
149363,Ｈｏｓｔｅｌ　ａｎｄ　Ｄｉｎｉｎｇ　Ｔａｎｇａ　Ｔａｂｌｅ,https://img.travel.rakuten.co.jp/image/tr/api/re/pvonD/?f_no=149363,https://img.travel.rakuten.co.jp/image/tr/api/re/vFumt/?f_no=149363&f_flg=PLAN,,https://img.travel.rakuten.co.jp/image/tr/api/re/gJNfM/?f_hotel_no=149363,ほすてる　あんど　だいにんぐ　たんが　てーぶる,＜まちをあじわう宿＞小倉駅より徒歩約10分。北九州の台所・旦過市場に隣接するホステル。洋室はシモンズのマットレスを完備♪,1680,121962.37,471173.1,802-0077,福岡県,北九州市小倉北区馬借1-5-25　4Ｆ,093-967-6284,093-967-6285,JR小倉駅より徒歩約10分、北九州モノレール・旦過駅より徒歩約3分,駐車場はありません。徒歩3分圏内にコインパーキングが数箇所ございますのでそちらをご利用ください。,旦過,https://img.travel.rakuten.co.jp/share/HOTEL/149363/149363.jpg,https://img.travel.rakuten.co.jp/HIMG/90/149363.jpg,https://img.travel.rakuten.co.jp/share/HOTEL/149363/149363_kan1.jpg,https://img.travel.rakuten.co.jp/HIMG/INTERIOR/149363.jpg,https://img.travel.rakuten.co.jp/share/HOTEL/149363/149363map.gif,83.0,2.81,"フロ…　2026-03-29 03:58:15投稿 <a href=""https://img.travel.rakuten.co.jp/image/tr/api/re/gJNfM/?f_hotel_no=149363"" class=""3click"">つづきはこちら</a>",06,【禁煙】男女混合ドミトリー　※無料Wi-Fi,5235884.0,【ドミトリー素泊まり】小倉駅より徒歩約10分のホステル。北九州のまちのをあじわう,1,0,0,0,0,2,https://img.travel.rakuten.co.jp/image/tr/api/re/IdsCY/?f_no=149363&f_syu=06&f_hi1=2026-04-21&f_hi2=2026-04-22&f_heya_su=1&f_otona_su=1&f_s1=0&f_s2=0&f_y1=0&f_y2=0&f_y3=0&f_y4=0&f_camp_id=5235884,0,2026-04-21,3300,3300,0,2026-04-21,merged-20260419
19721,旅館　むつみ関門荘,https://img.travel.rakuten.co.jp/image/tr/api/re/pvonD/?f_no=19721,https://img.travel.rakuten.co.jp/image/tr/api/re/vFumt/?f_no=19721&f_flg=PLAN,https://img.travel.rakuten.co.jp/image/tr/api/re/WzozX/?noTomariHotel=19721,https://img.travel.rakuten.co.jp/image/tr/api/re/gJNfM/?f_hotel_no=19721,むつみかんもんそう,静かで家庭的なおもてなしの宿,5300,122183.31,471481.89,801-0833,福岡県,北九州市門司区清滝4-1-13,093-321-1496,093-321-1496,JR門司港駅より徒歩6分／九州自動車道 門司ICより車で10分／北九州都市高速春日ランプより7分,有り　３台　普通車のみ (無料）　先着順,門司港,https://img.travel.rakuten.co.jp/share/HOTEL/19721/19721.jpg,https://img.travel.rakuten.co.jp/HIMG/90/19721.jpg,https://img.travel.rakuten.co.jp/share/HOTEL/19721/19721_w8.jpg,https://img.travel.rakuten.co.jp/HIMG/INTERIOR/19721.jpg,https://img.travel.rakuten.co.jp/share/HOTEL/19721/19721map.gif,307.0,4.75,"ウエルカムのお茶と手作りスイート…　2026-04-02 22:03:47投稿 <a href=""https://img.travel.rakuten.co.jp/image/tr/api/re/gJNfM/?f_hotel_no=19721"" class=""3click"">つづきはこちら</a>",w6,【トイレ洋式ウォシュレット】和室６畳（駐車場無料）※共同風呂,4419964.0,旅館　むつみ関門荘　朝食付プラン,1,0,0,1,0,0,https://img.travel.rakuten.co.jp/image/tr/api/re/IdsCY/?f_no=19721&f_syu=w6&f_hi1=2026-04-21&f_hi2=2026-04-22&f_heya_su=1&f_otona_su=1&f_s1=0&f_s2=0&f_y1=0&f_y2=0&f_y3=0&f_y4=0&f_camp_id=4419964,0,2026-04-21,7000,7000,0,2026-04-21,merged-20260419
139981,ファミリーロッジ旅籠屋・北九州八幡店,https://img.travel.rakuten.co.jp/image/tr/api/re/pvonD/?f_no=139981,https://img.travel.rakuten.co.jp/image/tr/api/re/vFumt/?f_no=139981&f_flg=PLAN,https://img.travel.rakuten.co.jp/image/tr/api/re/WzozX/?noTomariHotel=139981,https://img.travel.rakuten.co.jp/image/tr/api/re/gJNfM/?f_hotel_no=139981,ふぁみりーろっじはたごや・きたきゅうしゅうやはたてん,自由な旅に最適な、話題のロードサイドホテル。軽朝食、全室WiFi＆ネット接続無料！　ビジネス旅行にも便利。,4235,121958.75,470554.8,807-0872,福岡県,北九州市八幡西区浅川1丁目19-20,093-691-9858,,折尾駅よりお車にて５分,有り　１４台　無料　予約不要,折尾,https://img.travel.rakuten.co.jp/share/HOTEL/139981/139981.jpg,https://img.travel.rakuten.co.jp/HIMG/90/139981.jpg,,,https://img.travel.rakuten.co.jp/share/HOTEL/139981/139981map.gif,60.0,4.13,,regular6,ツインルーム【禁煙】,5786907.0,ツインルームプラン（禁煙）　,1,0,0,1,0,0,https://img.travel.rakuten.co.jp/image/tr/api/re/IdsCY/?f_no=139981&f_syu=regular6&f_hi1=2026-04-21&f_hi2=2026-04-22&f_heya_su=1&f_otona_su=1&f_s1=0&f_s2=0&f_y1=0&f_y2=0&f_y3=0&f_y4=0&f_camp_id=5786907,0,2026-04-21,7700,7700,0,2026-04-21,merged-20260419
147016,福岡ゲストハウスリトルアジア小倉,https://img.travel.rakuten.co.jp/image/tr/api/re/pvonD/?f_no=147016,https://img.travel.rakuten.co.jp/image/tr/api/re/vFumt/?f_no=147016&f_flg=PLAN,https://img.travel.rakuten.co.jp/image/tr/api/re/WzozX/?noTomariHotel=147016,https://img.travel.rakuten.co.jp/image/tr/api/re/gJNfM/?f_hotel_no=147016,ふくおかげすとはうすりとるあじあこくら,ようこそ！福岡ゲストハウスリトルアジア小倉へ！小倉駅から徒歩５分！外国人旅行者も多く、家族的な雰囲気で泊まれる安宿,1800,121963.86,471187.16,802-0005,福岡県,北九州市小倉北区堺町1-5-15　中道ビル5階　リトルアジア,093-982-4422,093-982-4422,JR新幹線小倉駅よりモノレール沿い。左手にある北九州銀行本店を過ぎたらすぐに左折直進１５０Mすすむと左の中道ビル５階受付,無し,小倉（福岡）,https://img.travel.rakuten.co.jp/share/HOTEL/147016/147016.jpg,https://img.travel.rakuten.co.jp/HIMG/90/147016.jpg,https://img.travel.rakuten.co.jp/share/HOTEL/147016/147016_room.jpg,https://img.travel.rakuten.co.jp/HIMG/INTERIOR/147016.jpg,https://img.travel.rakuten.co.jp/share/HOTEL/147016/147016map.gif,99.0,4.26,"ロッカーは南京錠で鍵をなくさないように注意しました。リビングで食事を本当済ませる程度他にいた方々と過ごしました。夜中他の人の寝言やいびきなど聞こえましたがそこまで気にはなりません…　2026-04-06 17:41:59投稿 <a href=""https://img.travel.rakuten.co.jp/image/tr/api/re/gJNfM/?f_hotel_no=147016"" class=""3click"">つづきはこちら</a>",01,☆禁煙☆ 女性用ドミトリー 無料Wi-Fi　,3329675.0,【地域１番安】★博多⇔小倉は新幹線で17分★無料Wifi★禁煙★冷暖房無料 ,1,0,0,0,0,1,https://img.travel.rakuten.co.jp/image/tr/api/re/IdsCY/?f_no=147016&f_syu=01&f_hi1=2026-04-21&f_hi2=2026-04-22&f_heya_su=1&f_otona_su=1&f_s1=0&f_s2=0&f_y1=0&f_y2=0&f_y3=0&f_y4=0&f_camp_id=3329675,0,2026-04-21,1800,1800,0,2026-04-21,merged-20260419
176823,グランドベース門司港,https://img.travel.rakuten.co.jp/image/tr/api/re/pvonD/?f_no=176823,https://img.travel.rakuten.co.jp/image/tr/api/re/vFumt/?f_no=176823&f_flg=PLAN,https://img.travel.rakuten.co.jp/image/tr/api/re/WzozX/?noTomariHotel=176823,https://img.travel.rakuten.co.jp/image/tr/api/re/gJNfM/?f_hotel_no=176823,ぐらんどべーすもじこう,門司港駅から徒歩10分、レトロ地区散策や下関観光にも便利！ゆとりのある客室は全室キーレス・キッチン完備,9905,122182.61,471494.31,801-0862,福岡県,北九州市門司区錦町11-28,050-1794-4457,092-292-3314,JR門司港駅より徒歩にて約10分／西鉄バス　錦町バス停より徒歩1分,①施設前エントランス近い方 普通/軽利用可能  ②施設前エントランス遠い方 軽自動車専用,門司港,https://img.travel.rakuten.co.jp/share/HOTEL/176823/176823.jpg,https://img.travel.rakuten.co.jp/HIMG/90/176823.jpg,https://img.travel.rakuten.co.jp/share/HOTEL/176823/176823_kan1.jpg,https://img.travel.rakuten.co.jp/HIMG/INTERIOR/176823.jpg,https://img.travel.rakuten.co.jp/share/HOTEL/176823/176823map.gif,26.0,4.0,,b201,スタンダードB,6101370.0,【返金不可】ご予定が確定している方はこちらがオススメ!!,1,0,0,0,0,2,https://img.travel.rakuten.co.jp/image/tr/api/re/IdsCY/?f_no=176823&f_syu=b201&f_hi1=2026-04-21&f_hi2=2026-04-22&f_heya_su=1&f_otona_su=1&f_s1=0&f_s2=0&f_y1=0&f_y2=0&f_y3=0&f_y4=0&f_camp_id=6101370,0,2026-04-21,12717,12717,1,2026-04-21,merged-20260419
190892,Ｃａｓａ　Ｓｔａｙ　Ｋｏｋｕｒａ　２　＾,https://img.travel.rakuten.co.jp/image/tr/api/re/pvonD/?f_no=190892,https://img.travel.rakuten.co.jp/image/tr/api/re/vFumt/?f_no=190892&f_flg=PLAN,,https://img.travel.rakuten.co.jp/image/tr/api/re/gJNfM/?f_hotel_no=190892,,「Ｃａｓａ　Ｓｔａｙ　Ｋｏｋｕｒａ　２」は、北九州の中心地に位置し、西小倉駅から徒歩４分という絶好の,5140,121982.49,471146.23,803-0811,福岡県,北九州市小倉北区大門1-2-8　Ｃａｓａ　Ｓｔａｙ　Ｋｏｋｕｒａ　2,080-1794-8140,000-000-0000,西小倉駅から徒歩で約２分,無し,西小倉,https://img.travel.rakuten.co.jp/share/HOTEL/190892/190892.jpg,https://img.travel.rakuten.co.jp/HIMG/90/190892.jpg,,,https://img.travel.rakuten.co.jp/share/HOTEL/190892/190892map.gif,,,,1027406_6,一戸建て,6102144.0,西小倉駅 徒歩4分 / 小倉城 徒歩10分 貸切一軒家。Casa Stay Kokura 2,1,0,0,0,0,2,https://img.travel.rakuten.co.jp/image/tr/api/re/IdsCY/?f_no=190892&f_syu=1027406_6&f_hi1=2026-04-21&f_hi2=2026-04-22&f_heya_su=1&f_otona_su=1&f_s1=0&f_s2=0&f_y1=0&f_y2=0&f_y3=0&f_y4=0&f_camp_id=6102144,0,2026-04-21,19899,19899,0,2026-04-21,merged-20260419
144526,ビジネスホテルうめかぜ,https://img.travel.rakuten.co.jp/image/tr/api/re/pvonD/?f_no=144526,https://img.travel.rakuten.co.jp/image/tr/api/re/vFumt/?f_no=144526&f_flg=PLAN,https://img.travel.rakuten.co.jp/image/tr/api/re/WzozX/?noTomariHotel=144526,https://img.travel.rakuten.co.jp/image/tr/api/re/gJNfM/?f_hotel_no=144526,うめかぜ,響町、向洋町まで車で５分。長期出張の方へのお得なプランもあります。詳しくはホームページから電話でご相談ください。,1480,122092.7,470750.61,808-0008,福岡県,北九州市若松区小竹214,093-771-1378,093-771-2355,大橋通りバス停よりバスで２０分「常福寺入口」下車徒歩にて１分。ホームページは「※長期 ビジネスホテルうめかぜ」で検索,無料　（大型、ダンプ等は不可）　,若松,https://img.travel.rakuten.co.jp/share/HOTEL/144526/144526.jpg,https://img.travel.rakuten.co.jp/HIMG/90/144526.jpg,https://img.travel.rakuten.co.jp/share/HOTEL/144526/144526_kya.jpg,https://img.travel.rakuten.co.jp/HIMG/INTERIOR/144526.jpg,https://img.travel.rakuten.co.jp/share/HOTEL/144526/144526map.gif,12.0,4.0,,2-1,響灘工業地帯近、渋滞皆無◆素泊りシングルルーム(宿泊税込み),6366423.0,特別企画！バースデープラン(宿泊税込み),1,0,0,0,0,2,https://img.travel.rakuten.co.jp/image/tr/api/re/IdsCY/?f_no=144526&f_syu=2-1&f_hi1=2026-04-21&f_hi2=2026-04-22&f_heya_su=1&f_otona_su=1&f_s1=0&f_s2=0&f_y1=0&f_y2=0&f_y3=0&f_y4=0&f_camp_id=6366423,0,2026-04-21,1480,1480,0,2026-04-21,merged-20260419
40190,松柏園ホテル,https://img.travel.rakuten.co.jp/image/tr/api/re/pvonD/?f_no=40190,https://img.travel.rakuten.co.jp/image/tr/api/re/vFumt/?f_no=40190&f_flg=PLAN,https://img.travel.rakuten.co.jp/image/tr/api/re/WzozX/?noTomariHotel=40190,https://img.travel.rakuten.co.jp/image/tr/api/re/gJNfM/?f_hotel_no=40190,しょうはくえん　ほてる,欧州風の洋室に加え、家族旅行の方におすすめな和室もあり！！大人気の和朝食もぜひ♪(朝食は当日１５時までにご予約ください）,8900,121982.7,471256.75,802-0022,福岡県,北九州市小倉北区上富野4-1-25,093-511-2228,093-541-1722,【アクセス】西鉄バスで小倉駅から１０分、門司港駅から３０分／車で７分,駐車場は無料！200台OK！！しかも平面駐車場なので中型車も大丈夫です♪,小倉（福岡）,https://img.travel.rakuten.co.jp/share/HOTEL/40190/40190.jpg,https://img.travel.rakuten.co.jp/HIMG/90/40190.jpg,https://img.travel.rakuten.co.jp/share/HOTEL/40190/40190_he.jpg,https://img.travel.rakuten.co.jp/HIMG/INTERIOR/40190.jpg,https://img.travel.rakuten.co.jp/share/HOTEL/40190/40190map.gif,53.0,3.0,,s1,シングル,,,1,0,0,0,0,1,https://img.travel.rakuten.co.jp/image/tr/api/re/IdsCY/?f_no=40190&f_syu=s1&f_hi1=2026-04-21&f_hi2=2026-04-22&f_heya_su=1&f_otona_su=1&f_s1=0&f_s2=0&f_y1=0&f_y2=0&f_y3=0&f_y4=0,1,2026-04-21,9900,9900,0,2026-04-21,merged-20260419
194941,ゲストハウスＥＮ　割子川　＾,https://img.travel.rakuten.co.jp/image/tr/api/re/pvonD/?f_no=194941,https://img.travel.rakuten.co.jp/image/tr/api/re/vFumt/?f_no=194941&f_flg=PLAN,,https://img.travel.rakuten.co.jp/image/tr/api/re/gJNfM/?f_hotel_no=194941,,最大５名様まで宿泊可能。調理可能ですのでご家族でのご利用にもピッタリ。,2784,121803.22,470742.43,806-0064,福岡県,北九州市八幡西区割子川1-5-9　ロヂマンＴＯＮＥ　Ａ102,090-3980-7837,000-000-0000,永犬丸駅から徒歩で約７分,有り,永犬丸,https://img.travel.rakuten.co.jp/share/HOTEL/194941/194941.jpg,https://img.travel.rakuten.co.jp/HIMG/90/194941.jpg,,,https://img.travel.rakuten.co.jp/share/HOTEL/194941/194941map.gif,4.0,,,1306233_5,スタンダードルーム,6297873.0,最大5名様/調理可/北九州/八幡西区/高速激近/長期宿泊可,1,0,0,0,0,2,https://img.travel.rakuten.co.jp/image/tr/api/re/IdsCY/?f_no=194941&f_syu=1306233_5&f_hi1=2026-04-21&f_hi2=2026-04-22&f_heya_su=1&f_otona_su=1&f_s1=0&f_s2=0&f_y1=0&f_y2=0&f_y3=0&f_y4=0&f_camp_id=6297873,0,2026-04-21,6960,6960,0,2026-04-21,merged-20260419
179406,グランドベース門司　和,https://img.travel.rakuten.co.jp/image/tr/api/re/pvonD/?f_no=179406,https://img.travel.rakuten.co.jp/image/tr/api/re/vFumt/?f_no=179406&f_flg=PLAN,https://img.travel.rakuten.co.jp/image/tr/api/re/WzozX/?noTomariHotel=179406,https://img.travel.rakuten.co.jp/image/tr/api/re/gJNfM/?f_hotel_no=179406,ぐらんどべーすもじ　なごみ,▼GO TOトラベル対象施設▼門司港駅近く★門司港レトロ＆下関観光に便利♪最新スマートホテル☆,9550,122185.95,471487.27,801-0862,福岡県,北九州市門司区錦町1-7,050-1794-2699,092-292-3314,門司港駅「北口」から徒歩8分！「清滝四町目」の信号を左、次の角を右に曲がって右手に有り,無料敷地内駐車場3台分有り。先着順・予約不可。,門司港,https://img.travel.rakuten.co.jp/share/HOTEL/179406/179406.jpg,https://img.travel.rakuten.co.jp/HIMG/90/179406.jpg,https://img.travel.rakuten.co.jp/share/HOTEL/179406/179406_kan1.jpg,https://img.travel.rakuten.co.jp/HIMG/INTERIOR/179406.jpg,https://img.travel.rakuten.co.jp/share/HOTEL/179406/179406map.gif,32.0,4.09,,f-type,シアターツインFソファベッド付き,6111686.0,【返金不可】ご予定が確定している方はこちらがオススメ!!,1,0,0,0,0,2,https://img.travel.rakuten.co.jp/image/tr/api/re/IdsCY/?f_no=179406&f_syu=f-type&f_hi1=2026-04-21&f_hi2=2026-04-22&f_heya_su=1&f_otona_su=1&f_s1=0&f_s2=0&f_y1=0&f_y2=0&f_y3=0&f_y4=0&f_camp_id=6111686,0,2026-04-21,13476,13476,1,2026-04-21,merged-20260419
194440,Ｃａｓａ　Ｓｔａｙ　Ｋｏｋｕｒａ　５　＾,https://img.travel.rakuten.co.jp/image/tr/api/re/pvonD/?f_no=194440,https://img.travel.rakuten.co.jp/image/tr/api/re/vFumt/?f_no=194440&f_flg=PLAN,,https://img.travel.rakuten.co.jp/image/tr/api/re/gJNfM/?f_hotel_no=194440,,「Ｃａｓａ　Ｓｔａｙ　Ｋｏｋｕｒａ　５」は、北九州の中心地から少し離れた静かなエリアにある、貸切一戸,4524,121895.48,471085.73,803-0853,福岡県,北九州市小倉北区高尾2-5-6　Ｃａｓａ　Ｓｔａｙ　Ｋｏｋｕｒａ　5,080-1794-8140,000-000-0000,南小倉駅から徒歩で約７分,有り,南小倉,https://img.travel.rakuten.co.jp/share/HOTEL/194440/194440.jpg,https://img.travel.rakuten.co.jp/HIMG/90/194440.jpg,,,https://img.travel.rakuten.co.jp/share/HOTEL/194440/194440map.gif,,,,1214709_9,一戸建て,6238259.0,最大9名 / 高速入口6分 / 和室でくつろぐ貸切一軒家。Casa Stay Kokura 5,1,0,0,0,0,2,https://img.travel.rakuten.co.jp/image/tr/api/re/IdsCY/?f_no=194440&f_syu=1214709_9&f_hi1=2026-04-21&f_hi2=2026-04-22&f_heya_su=1&f_otona_su=1&f_s1=0&f_s2=0&f_y1=0&f_y2=0&f_y3=0&f_y4=0&f_camp_id=6238259,0,2026-04-21,19720,19720,0,2026-04-21,merged-20260419
194472,Ｃａｓａ　Ｓｔａｙ　Ｋｏｋｕｒａ　６　＾,https://img.travel.rakuten.co.jp/image/tr/api/re/pvonD/?f_no=194472,https://img.travel.rakuten.co.jp/image/tr/api/re/vFumt/?f_no=194472&f_flg=PLAN,,https://img.travel.rakuten.co.jp/image/tr/api/re/gJNfM/?f_hotel_no=194472,,落ち着いた住宅街に位置する、ゆったりとした２階建ての一軒家です。,4524,121933.95,471239.57,802-0026,福岡県,北九州市小倉北区大畠2-4-23　Ｃａｓａ　Ｓｔａｙ　Ｋｏｋｕｒａ　6,080-1794-8140,000-000-0000,香春口三萩野駅から徒歩で約６分,有り,香春口三萩野,https://img.travel.rakuten.co.jp/share/HOTEL/194472/194472.jpg,https://img.travel.rakuten.co.jp/HIMG/90/194472.jpg,,,https://img.travel.rakuten.co.jp/share/HOTEL/194472/194472map.gif,1.0,,,1219099_8,一戸建て,6240840.0,最大8名 / 高速入口3分 / 広々空間でくつろぐ貸切一軒家。Casa Stay Kokura 6,1,0,0,0,0,2,https://img.travel.rakuten.co.jp/image/tr/api/re/IdsCY/?f_no=194472&f_syu=1219099_8&f_hi1=2026-04-21&f_hi2=2026-04-22&f_heya_su=1&f_otona_su=1&f_s1=0&f_s2=0&f_y1=0&f_y2=0&f_y3=0&f_y4=0&f_camp_id=6240840,0,2026-04-21,19720,19720,0,2026-04-21,merged-20260419
199583,２タイプ客室の家族向け宿｜２室で最大１４名・ペット可客室あり　＾,https://img.travel.rakuten.co.jp/image/tr/api/re/pvonD/?f_no=199583,https://img.travel.rakuten.co.jp/image/tr/api/re/vFumt/?f_no=199583&f_flg=PLAN,,https://img.travel.rakuten.co.jp/image/tr/api/re/gJNfM/?f_hotel_no=199583,,家族・グループ向け。ペット可洋室と和モダンメゾネット。最大14名宿泊可、庭付きでBBQも。,6728,121870.63,470570.73,807-0863,福岡県,北九州市八幡西区大膳1-3-9,090-2963-9036,00-0000-0000,折尾駅より徒歩で5分,あり,折尾,https://img.travel.rakuten.co.jp/share/HOTEL/199583/199583.jpg,https://img.travel.rakuten.co.jp/HIMG/90/199583.jpg,,,https://img.travel.rakuten.co.jp/share/HOTEL/199583/199583map.gif,,,,1361908_6,スタンダードルーム,6422597.0,【ペット同伴OK】BBQ/焚き火/広々人工芝/37m2広々洋室/最大6名・ファミリー/グループ歓迎,1,0,0,0,0,2,https://img.travel.rakuten.co.jp/image/tr/api/re/IdsCY/?f_no=199583&f_syu=1361908_6&f_hi1=2026-04-21&f_hi2=2026-04-22&f_heya_su=1&f_otona_su=1&f_s1=0&f_s2=0&f_y1=0&f_y2=0&f_y3=0&f_y4=0&f_camp_id=6422597,0,2026-04-21,19720,19720,0,2026-04-21,merged-20260419
191048,Ｃａｓａ　Ｓｔａｙ　Ｋｏｋｕｒａ　３　＾,https://img.travel.rakuten.co.jp/image/tr/api/re/pvonD/?f_no=191048,https://img.travel.rakuten.co.jp/image/tr/api/re/vFumt/?f_no=191048&f_flg=PLAN,,https://img.travel.rakuten.co.jp/image/tr/api/re/gJNfM/?f_hotel_no=191048,,Ｃａｓａ　Ｓｔａｙ　Ｋｏｋｕｒａ　３　は、旦過市場まで徒歩６分に位置する一軒家で、周辺にはローカルな,5683,121950.64,471169.09,802-0077,福岡県,北九州市小倉北区馬借2-3-29　Ｃａｓａ　Ｓｔａｙ　Ｋｏｋｕｒａ　3,080-1794-8140,000-000-0000,旦過駅から徒歩で約４分,無し,旦過,https://img.travel.rakuten.co.jp/share/HOTEL/191048/191048.jpg,https://img.travel.rakuten.co.jp/HIMG/90/191048.jpg,,,https://img.travel.rakuten.co.jp/share/HOTEL/191048/191048map.gif,1.0,,,1068310_6,一戸建て,6112269.0,旦過市場まで徒歩6分!北九州・小倉で一軒家貸切。Casa Stay Kokura 3,1,0,0,0,0,2,https://img.travel.rakuten.co.jp/image/tr/api/re/IdsCY/?f_no=191048&f_syu=1068310_6&f_hi1=2026-04-21&f_hi2=2026-04-22&f_heya_su=1&f_otona_su=1&f_s1=0&f_s2=0&f_y1=0&f_y2=0&f_y3=0&f_y4=0&f_camp_id=6112269,0,2026-04-21,22614,22614,0,2026-04-21,merged-20260419
189462,貸別荘　汽笛　＾,https://img.travel.rakuten.co.jp/image/tr/api/re/pvonD/?f_no=189462,https://img.travel.rakuten.co.jp/image/tr/api/re/vFumt/?f_no=189462&f_flg=PLAN,,https://img.travel.rakuten.co.jp/image/tr/api/re/gJNfM/?f_hotel_no=189462,,関門海峡　門司側の高台に建つ貸別荘、眼下に行き交う大小の貨物船を見てると心も癒されます。,10464,122233.42,471485.32,801-0854,福岡県,北九州市門司区旧門司2-11-15　貸別荘　汽笛,080-6321-5074,000-000-0000,ノーフォーク広場駅から徒歩で約２分,有り,門司港,https://img.travel.rakuten.co.jp/share/HOTEL/189462/189462.jpg,https://img.travel.rakuten.co.jp/HIMG/90/189462.jpg,,,https://img.travel.rakuten.co.jp/share/HOTEL/189462/189462map.gif,,,,726650_14,一戸建て,5853597.0,関門海峡を一望、行交う貨物船の汽笛に非日常な一日を。,1,0,0,0,0,2,https://img.travel.rakuten.co.jp/image/tr/api/re/IdsCY/?f_no=189462&f_syu=726650_14&f_hi1=2026-04-21&f_hi2=2026-04-22&f_heya_su=1&f_otona_su=1&f_s1=0&f_s2=0&f_y1=0&f_y2=0&f_y3=0&f_y4=0&f_camp_id=5853597,0,2026-04-21,42108,42108,0,2026-04-21,merged-20260419
199944,北九州市黒崎付近広い庭の古民家／民泊,https://img.travel.rakuten.co.jp/image/tr/api/re/pvonD/?f_no=199944,https://img.travel.rakuten.co.jp/image/tr/api/re/vFumt/?f_no=199944&f_flg=PLAN,,https://img.travel.rakuten.co.jp/image/tr/api/re/gJNfM/?f_hotel_no=199944,,街なかの古民家民宿。静かな環境で、広々駐車場と庭付き。,6032,121796.91,470754.65,806-0063,福岡県,北九州市八幡西区市瀬2-13-20 ゲストハウス若水,090-4512-5698,00-0000-0000,永犬丸駅から車で8分,なし,永犬丸,https://img.travel.rakuten.co.jp/share/HOTEL/199944/199944.jpg,https://img.travel.rakuten.co.jp/HIMG/90/199944.jpg,,,https://img.travel.rakuten.co.jp/share/HOTEL/199944/199944map.gif,,,,r20413_12,ゲストハウス若水黒崎,6444455.0,静かな癒される空間,1,0,0,0,0,2,https://img.travel.rakuten.co.jp/image/tr/api/re/IdsCY/?f_no=199944&f_syu=r20413_12&f_hi1=2026-04-21&f_hi2=2026-04-22&f_heya_su=1&f_otona_su=1&f_s1=0&f_s2=0&f_y1=0&f_y2=0&f_y3=0&f_y4=0&f_camp_id=6444455,0,2026-04-21,23200,23200,0,2026-04-21,merged-20260419
191697,コンフォートイン宗像,https://img.travel.rakuten.co.jp/image/tr/api/re/pvonD/?f_no=191697,https://img.travel.rakuten.co.jp/image/tr/api/re/vFumt/?f_no=191697&f_flg=PLAN,https://img.travel.rakuten.co.jp/image/tr/api/re/WzozX/?noTomariHotel=191697,https://img.travel.rakuten.co.jp/image/tr/api/re/gJNfM/?f_hotel_no=191697,こんふぉーといんむなかた,2024年7月開業◆焼きたてワッフルやカレーが人気の朝食ビュッフェ◆小学生まで添い寝無料◆ウェルカムドリンクサービス,3200,121617.22,469995.89,811-3414,福岡県,宗像市光岡992-1,0940-37-0411,0940-37-0412,国道3号線沿いの至便な立地◆九州自動車道「若宮ＩＣ」より約１７分◆ＪＲ「東郷駅」より車で約１０分◆無料駐車場完備,無料　先着順　敷地内駐車場５２台　高さ制限なし　中・大型車も駐車OK（電話予約要）,東郷,https://img.travel.rakuten.co.jp/share/HOTEL/191697/191697.jpg,https://img.travel.rakuten.co.jp/HIMG/90/191697.jpg,,,https://img.travel.rakuten.co.jp/share/HOTEL/191697/191697map.gif,260.0,4.08,"クチコミの詳細はこちらから　htt…　2026-04-14 14:42:27投稿 <a href=""https://img.travel.rakuten.co.jp/image/tr/api/re/gJNfM/?f_hotel_no=191697"" class=""3click"">つづきはこちら</a>",ndl,2ベッド◆ダブルルーム＋ロフトベッド◆禁煙,5950155.0,【3日前早期割】若宮ICより車で約17分◆青空駐車場無料◆12歳以下のお子様添い寝無料◆素泊まり◆,1,0,0,0,0,1,https://img.travel.rakuten.co.jp/image/tr/api/re/IdsCY/?f_no=191697&f_syu=ndl&f_hi1=2026-04-21&f_hi2=2026-04-22&f_heya_su=1&f_otona_su=1&f_s1=0&f_s2=0&f_y1=0&f_y2=0&f_y3=0&f_y4=0&f_camp_id=5950155,0,2026-04-21,5800,5800,0,2026-04-21,merged-20260419
12685,新飯塚ステーションホテル,https://img.travel.rakuten.co.jp/image/tr/api/re/pvonD/?f_no=12685,https://img.travel.rakuten.co.jp/image/tr/api/re/vFumt/?f_no=12685&f_flg=PLAN,https://img.travel.rakuten.co.jp/image/tr/api/re/WzozX/?noTomariHotel=12685,https://img.travel.rakuten.co.jp/image/tr/api/re/gJNfM/?f_hotel_no=12685,しんいいずかすてーしょんほてる,【2019年リニューアル】福岡市内より約40分。JR新飯塚駅より徒歩約5分。全室Wi-Fi完備。シモンズベッドが好評！,5500,121096.68,470503.58,820-0018,福岡県,飯塚市芳雄町4-20,0120-26-1377,0948-26-1309,ＪＲ福北ゆたか線『新飯塚駅』より徒歩５分  博多から快速で約４５分　福岡市内にもアクセスが便利！ホテル周辺飲食店多数有,有り　新飯塚パークプラザ（ホテル目の前）有料,新飯塚,https://img.travel.rakuten.co.jp/share/HOTEL/12685/12685.jpg,https://img.travel.rakuten.co.jp/HIMG/90/12685.jpg,https://img.travel.rakuten.co.jp/share/HOTEL/12685/12685_room.jpg,https://img.travel.rakuten.co.jp/HIMG/INTERIOR/12685.jpg,https://img.travel.rakuten.co.jp/share/HOTEL/12685/12685map.gif,1396.0,3.88,"クチコミの詳細はこちらから　https://review.travel.rakuten.co.jp/hotel/voice…　2026-04-11 13:26:09投稿 <a href=""https://img.travel.rakuten.co.jp/image/tr/api/re/gJNfM/?f_hotel_no=12685"" class=""3click"">つづきはこちら</a>",cns26,シングルルーム（禁煙室）,6299164.0,【素泊りプラン】シモンズベッドでゆったり！駅チカホテル,1,0,0,0,0,1,https://img.travel.rakuten.co.jp/image/tr/api/re/IdsCY/?f_no=12685&f_syu=cns26&f_hi1=2026-04-21&f_hi2=2026-04-22&f_heya_su=1&f_otona_su=1&f_s1=0&f_s2=0&f_y1=0&f_y2=0&f_y3=0&f_y4=0&f_camp_id=6299164,0,2026-04-21,8710,8710,0,2026-04-21,merged-20260419
153273,ＨＯＴＥＬ　ＡＺ　福岡古賀店,https://img.travel.rakuten.co.jp/image/tr/api/re/pvonD/?f_no=153273,https://img.travel.rakuten.co.jp/image/tr/api/re/vFumt/?f_no=153273&f_flg=PLAN,https://img.travel.rakuten.co.jp/image/tr/api/re/WzozX/?noTomariHotel=153273,https://img.travel.rakuten.co.jp/image/tr/api/re/gJNfM/?f_hotel_no=153273,ほてる　えーぜっと　ふくおかこがてん,ＪＲ鹿児島本線古賀駅より徒歩で約１１分。２０１６年４月６日新築オープン！,5280,121446.07,469682.86,811-3101,福岡県,古賀市天神4-11-37,092-940-2201,092-940-2202,古賀駅より徒歩約１１分,無料駐車場132台あり　普通車：予約不要 、中型車・大型車：要予約,古賀,https://img.travel.rakuten.co.jp/share/HOTEL/153273/153273.jpg,https://img.travel.rakuten.co.jp/HIMG/90/153273.jpg,,,https://img.travel.rakuten.co.jp/share/HOTEL/153273/153273map.gif,362.0,3.92,"クチコミの詳細はこちらから　https://review.travel.r…　2026-04-12 17:06:53投稿 <a href=""https://img.travel.rakuten.co.jp/image/tr/api/re/gJNfM/?f_hotel_no=153273"" class=""3click"">つづきはこちら</a>",002,【全室禁煙】ツイン,6108019.0,スタンダードプラン（朝食サービス）,1,0,0,1,0,1,https://img.travel.rakuten.co.jp/image/tr/api/re/IdsCY/?f_no=153273&f_syu=002&f_hi1=2026-04-21&f_hi2=2026-04-22&f_heya_su=1&f_otona_su=1&f_s1=0&f_s2=0&f_y1=0&f_y2=0&f_y3=0&f_y4=0&f_camp_id=6108019,0,2026-04-21,8470,8470,0,2026-04-21,merged-20260419
108888,ＨＯＴＥＬ　ＡＺ　福岡宗像店,https://img.travel.rakuten.co.jp/image/tr/api/re/pvonD/?f_no=108888,https://img.travel.rakuten.co.jp/image/tr/api/re/vFumt/?f_no=108888&f_flg=PLAN,https://img.travel.rakuten.co.jp/image/tr/api/re/WzozX/?noTomariHotel=108888,https://img.travel.rakuten.co.jp/image/tr/api/re/gJNfM/?f_hotel_no=108888,ほてるえーぜっと　ふくおかむなかたてん,国道３号線沿い。無料平面駐車場完備でマイカー派に便利！館内にはファミレス「Joyfull」。コンビニ徒歩約5分！,5170,121611.63,469980.48,811-3422,福岡県,宗像市王丸503-1,0940-38-3301,0940-38-3302,◆古賀ＩＣ・若宮ＩＣからお車で１５分◆　◆ＪＲ東郷駅日の里口からお車で５分◆　◆天神バスセンターからバスで６０分◆　　,無料駐車場400台（共用）あり　普通車：予約不要 、中型車・大型車：要予約（有料）,東郷,https://img.travel.rakuten.co.jp/share/HOTEL/108888/108888.jpg,https://img.travel.rakuten.co.jp/HIMG/90/108888.jpg,https://img.travel.rakuten.co.jp/share/HOTEL/108888/108888_sin.jpg,https://img.travel.rakuten.co.jp/HIMG/INTERIOR/108888.jpg,https://img.travel.rakuten.co.jp/share/HOTEL/108888/108888map.gif,1008.0,3.99,"禁煙部屋が空いてなく、喫煙部屋に宿泊しましたが、消臭スプレーを貸していただきました。朝食はファミレスのジョイフルを利用するため、種類も多く美味しかったです。夜は…　2026-04-07 07:57:42投稿 <a href=""https://img.travel.rakuten.co.jp/image/tr/api/re/gJNfM/?f_hotel_no=108888"" class=""3click"">つづきはこちら</a>",sn,【禁煙】シングル,6108555.0,スタンダードプラン（朝食サービス）,1,0,0,1,0,1,https://img.travel.rakuten.co.jp/image/tr/api/re/IdsCY/?f_no=108888&f_syu=sn&f_hi1=2026-04-21&f_hi2=2026-04-22&f_heya_su=1&f_otona_su=1&f_s1=0&f_s2=0&f_y1=0&f_y2=0&f_y3=0&f_y4=0&f_camp_id=6108555,0,2026-04-21,6380,6380,0,2026-04-21,merged-20260419
10761,のがみプレジデントホテル,https://img.travel.rakuten.co.jp/image/tr/api/re/pvonD/?f_no=10761,https://img.travel.rakuten.co.jp/image/tr/api/re/vFumt/?f_no=10761&f_flg=PLAN,https://img.travel.rakuten.co.jp/image/tr/api/re/WzozX/?noTomariHotel=10761,https://img.travel.rakuten.co.jp/image/tr/api/re/gJNfM/?f_hotel_no=10761,のがみ　ぷれじでんとほてる,筑豊地区最大の宴会場を持つシティーホテルです。,6650,121112.07,470494.71,820-0004,福岡県,飯塚市新立岩12-37,0948-22-3840,0948-25-3798,ＪＲ新飯塚駅より徒歩５分。西鉄飯塚バスセンターより徒歩１５分。,ホテル前33台　第二駐車場約150台（徒歩3分）　無料　※先着順となります、ご予約できません,新飯塚,https://img.travel.rakuten.co.jp/share/HOTEL/10761/10761.jpg,https://img.travel.rakuten.co.jp/HIMG/90/10761.jpg,https://img.travel.rakuten.co.jp/share/HOTEL/10761/10761_twn.jpg,https://img.travel.rakuten.co.jp/HIMG/INTERIOR/10761.jpg,https://img.travel.rakuten.co.jp/share/HOTEL/10761/10761map.gif,697.0,4.13,"どなたか責任者の方は、チェックされてるのでしょうか?現状分析されて、改善されるか、サービス相当の値段にするか、やめるかと思いました。…　2026-03-28 22:15:18投稿 <a href=""https://img.travel.rakuten.co.jp/image/tr/api/re/gJNfM/?f_hotel_no=10761"" class=""3click"">つづきはこちら</a>",etkin,エコノミーツイン（禁煙）,4746356.0,素泊まり限定プラン,1,0,0,0,0,1,https://img.travel.rakuten.co.jp/image/tr/api/re/IdsCY/?f_no=10761&f_syu=etkin&f_hi1=2026-04-21&f_hi2=2026-04-22&f_heya_su=1&f_otona_su=1&f_s1=0&f_s2=0&f_y1=0&f_y2=0&f_y3=0&f_y4=0&f_camp_id=4746356,0,2026-04-21,11000,11000,0,2026-04-21,merged-20260419
147072,ＨＯＴＥＬ　ＡＺ　福岡直方店,https://img.travel.rakuten.co.jp/image/tr/api/re/pvonD/?f_no=147072,https://img.travel.rakuten.co.jp/image/tr/api/re/vFumt/?f_no=147072&f_flg=PLAN,https://img.travel.rakuten.co.jp/image/tr/api/re/WzozX/?noTomariHotel=147072,https://img.travel.rakuten.co.jp/image/tr/api/re/gJNfM/?f_hotel_no=147072,ほてる　えーぜっと　ふくおかのうがたてん,八幡ICより車で20分。福岡市内へは車で約1時間。北九州市内へは車で約40分。平面駐車場無料☆朝食無料☆,4620,121514.01,470675.82,822-0001,福岡県,直方市感田3593-2,0949-26-4401,0949-26-4402,筑豊電気鉄道　感田駅より徒歩１３分,無料平面駐車場70台あり　普通車：予約不要 、中型車・大型車：要予約（有料）,感田,https://img.travel.rakuten.co.jp/share/HOTEL/147072/147072.jpg,https://img.travel.rakuten.co.jp/HIMG/90/147072.jpg,https://img.travel.rakuten.co.jp/share/HOTEL/147072/147072_kan1.jpg,https://img.travel.rakuten.co.jp/HIMG/INTERIOR/147072.jpg,https://img.travel.rakuten.co.jp/share/HOTEL/147072/147072map.gif,219.0,4.17,"クチコミの詳細はこちらから　https://review.tra…　2026-04-14 17:45:43投稿 <a href=""https://img.travel.rakuten.co.jp/image/tr/api/re/gJNfM/?f_hotel_no=147072"" class=""3click"">つづきはこちら</a>",sn,【禁煙】シングル,6108525.0,スタンダードプラン（朝食サービス）,1,0,0,1,0,1,https://img.travel.rakuten.co.jp/image/tr/api/re/IdsCY/?f_no=147072&f_syu=sn&f_hi1=2026-04-21&f_hi2=2026-04-22&f_heya_su=1&f_otona_su=1&f_s1=0&f_s2=0&f_y1=0&f_y2=0&f_y3=0&f_y4=0&f_camp_id=6108525,0,2026-04-21,6380,6380,0,2026-04-21,merged-20260419
9217,メルキュール福岡宗像リゾート＆スパ,https://img.travel.rakuten.co.jp/image/tr/api/re/pvonD/?f_no=9217,https://img.travel.rakuten.co.jp/image/tr/api/re/vFumt/?f_no=9217&f_flg=PLAN,https://img.travel.rakuten.co.jp/image/tr/api/re/WzozX/?noTomariHotel=9217,https://img.travel.rakuten.co.jp/image/tr/api/re/gJNfM/?f_hotel_no=9217,めるきゅーるふくおかむなかたりぞーとすぱ,■2/14～『苺』をテーマにしたサステナブルフェア開催■ 地元素材を使ったビュッフェと露天風呂付温泉が人気,4462,121888.64,469899.37,811-3514,福岡県,宗像市田野1303　,0940-62-4111,0940-62-4000,福岡空港よりお車で約60分　古賀ICより車で約40分　JR東郷駅より無料送迎バス運行中　席数に限りがございます（要予約）,有り188台,東郷,https://img.travel.rakuten.co.jp/share/HOTEL/9217/9217.jpg,https://img.travel.rakuten.co.jp/HIMG/90/9217.jpg,https://img.travel.rakuten.co.jp/share/HOTEL/9217/9217_kan.jpg,https://img.travel.rakuten.co.jp/HIMG/INTERIOR/9217.jpg,https://img.travel.rakuten.co.jp/share/HOTEL/9217/9217map.gif,2491.0,4.26,"クチコミの詳細はこちらから　https://review.travel.r…　2026-04-16 18:05:40投稿 <a href=""https://img.travel.rakuten.co.jp/image/tr/api/re/gJNfM/?f_hotel_no=9217"" class=""3click"">つづきはこちら</a>",trcz,クラシックツイン【ラウンジ特典付】,5898490.0,【直前割】福岡市内から約60分のはなれ旅 -温泉満喫-／素泊まり・ラウンジアクセス付,1,0,0,0,0,1,https://img.travel.rakuten.co.jp/image/tr/api/re/IdsCY/?f_no=9217&f_syu=trcz&f_hi1=2026-04-21&f_hi2=2026-04-22&f_heya_su=1&f_otona_su=1&f_s1=0&f_s2=0&f_y1=0&f_y2=0&f_y3=0&f_y4=0&f_camp_id=5898490,0,2026-04-21,11830,11830,0,2026-04-21,merged-20260419
187339,ＨＯＴＥＬ　Ｒ９　Ｔｈｅ　Ｙａｒｄ　飯塚,https://img.travel.rakuten.co.jp/image/tr/api/re/pvonD/?f_no=187339,https://img.travel.rakuten.co.jp/image/tr/api/re/vFumt/?f_no=187339&f_flg=PLAN,https://img.travel.rakuten.co.jp/image/tr/api/re/WzozX/?noTomariHotel=187339,https://img.travel.rakuten.co.jp/image/tr/api/re/gJNfM/?f_hotel_no=187339,ほてる あーるないん ざ やーど いいづか,飯塚市内工業団地への出張やスポーツ大会にも◎コンビニとなり！無料駐車場完備！独立客室で快適な滞在を♪,3600,121195.1,470588.98,820-1113,福岡県,飯塚市佐與1658-14,0948-43-2815,0948-43-2817,JR筑豊本線 / 福北ゆたか線 鯰田駅よりタクシーで5分,無料 有り 38台※大型車（2トントラック以上）をご利用の際は、事前にお電話でお問い合わせください。,鯰田,https://img.travel.rakuten.co.jp/share/HOTEL/187339/187339.jpg,https://img.travel.rakuten.co.jp/HIMG/90/187339.jpg,,,https://img.travel.rakuten.co.jp/share/HOTEL/187339/187339map.gif,75.0,4.26,"クチコミの詳細はこちらから　https://review.trav…　2026-03-19 17:13:38投稿 <a href=""https://img.travel.rakuten.co.jp/image/tr/api/re/gJNfM/?f_hotel_no=187339"" class=""3click"">つづきはこちら</a>",double,【禁煙】ダブルルーム （約12平米/最大2名様）,5682229.0,【スタンダード】ビジネスや観光の拠点に♪軽食＆ホットドリンク付【駐車場至近＆無料】,1,0,0,0,0,1,https://img.travel.rakuten.co.jp/image/tr/api/re/IdsCY/?f_no=187339&f_syu=double&f_hi1=2026-04-21&f_hi2=2026-04-22&f_heya_su=1&f_otona_su=1&f_s1=0&f_s2=0&f_y1=0&f_y2=0&f_y3=0&f_y4=0&f_camp_id=5682229,0,2026-04-21,7700,7700,0,2026-04-21,merged-20260419
144938,ＨＯＴＥＬ　ＡＺ　福岡飯塚店,https://img.travel.rakuten.co.jp/image/tr/api/re/pvonD/?f_no=144938,https://img.travel.rakuten.co.jp/image/tr/api/re/vFumt/?f_no=144938&f_flg=PLAN,https://img.travel.rakuten.co.jp/image/tr/api/re/WzozX/?noTomariHotel=144938,https://img.travel.rakuten.co.jp/image/tr/api/re/gJNfM/?f_hotel_no=144938,ほてる　えーぜっと　ふくおかいいづかてん,八木山バイパス「穂波東IC」より車で約5分　朝食無料、駐車場94台無料、Wi-Fi無料。安心のAZホテルチェーン。,4620,120952.29,470433.47,820-0076,福岡県,飯塚市太郎丸53-2,0948-28-3301,0948-28-3357,天道駅より徒歩約１５分 （車で約4分）、桂川駅より車で約５分,無料駐車場94台あり　普通車：予約不要 、中型車・大型車：有料,天道,https://img.travel.rakuten.co.jp/share/HOTEL/144938/144938.jpg,https://img.travel.rakuten.co.jp/HIMG/90/144938.jpg,https://img.travel.rakuten.co.jp/share/HOTEL/144938/144938_kya.jpg,https://img.travel.rakuten.co.jp/HIMG/INTERIOR/144938.jpg,https://img.travel.rakuten.co.jp/share/HOTEL/144938/144938map.gif,216.0,4.15,"クチコミの詳細はこちらから　https://review.travel.rakuten.co.jp/hotel/voice/…　2026-03-15 18:56:57投稿 <a href=""https://img.travel.rakuten.co.jp/image/tr/api/re/gJNfM/?f_hotel_no=144938"" class=""3click"">つづきはこちら</a>",s,【喫煙】シングル,6104310.0,スタンダードプラン（朝食サービス）,1,0,0,1,0,1,https://img.travel.rakuten.co.jp/image/tr/api/re/IdsCY/?f_no=144938&f_syu=s&f_hi1=2026-04-21&f_hi2=2026-04-22&f_heya_su=1&f_otona_su=1&f_s1=0&f_s2=0&f_y1=0&f_y2=0&f_y3=0&f_y4=0&f_camp_id=6104310,0,2026-04-21,6380,6380,0,2026-04-21,merged-20260419
197807,ＨＯＴＥＬ　Ｒ９　Ｔｈｅ　Ｙａｒｄ　田川香春,https://img.travel.rakuten.co.jp/image/tr/api/re/pvonD/?f_no=197807,https://img.travel.rakuten.co.jp/image/tr/api/re/vFumt/?f_no=197807&f_flg=PLAN,https://img.travel.rakuten.co.jp/image/tr/api/re/WzozX/?noTomariHotel=197807,https://img.travel.rakuten.co.jp/image/tr/api/re/gJNfM/?f_hotel_no=197807,ほてる あーるないん ざ やーど たがわかわら,行橋ICより車で20分！香春町への出張や観光の拠点に！カレーなど軽食サービス付,3300,121233.52,471041.41,822-1406,福岡県,田川郡香春町香春1085-1,0947-32-7507,0947-32-7508,【電車】一本松駅より徒歩18分。田川井田駅よりタクシーで10分。【お車】行橋ICより車で20分。,無料 有り 44台※大型車（2トントラック以上）をご利用の際は、事前にお電話でお問い合わせください。,一本松（福岡）,https://img.travel.rakuten.co.jp/share/HOTEL/197807/197807.jpg,https://img.travel.rakuten.co.jp/HIMG/90/197807.jpg,,,https://img.travel.rakuten.co.jp/share/HOTEL/197807/197807map.gif,49.0,4.02,"他の画像やクチコミの詳細はこちらから　http…　2026-04-13 07:43:24投稿 <a href=""https://img.travel.rakuten.co.jp/image/tr/api/re/gJNfM/?f_hotel_no=197807"" class=""3click"">つづきはこちら</a>",double,【禁煙】ダブルルーム （約13平米/最大2名様）,6351364.0,【スタンダード】ビジネスや観光の拠点に♪軽食＆ホットドリンク付【駐車場至近＆無料】,1,0,0,0,0,1,https://img.travel.rakuten.co.jp/image/tr/api/re/IdsCY/?f_no=197807&f_syu=double&f_hi1=2026-04-21&f_hi2=2026-04-22&f_heya_su=1&f_otona_su=1&f_s1=0&f_s2=0&f_y1=0&f_y2=0&f_y3=0&f_y4=0&f_camp_id=6351364,0,2026-04-21,5500,5500,0,2026-04-21,merged-20260419
189105,ＨＯＴＥＬ　Ｒ９　Ｔｈｅ　Ｙａｒｄ　中間,https://img.travel.rakuten.co.jp/image/tr/api/re/pvonD/?f_no=189105,https://img.travel.rakuten.co.jp/image/tr/api/re/vFumt/?f_no=189105&f_flg=PLAN,https://img.travel.rakuten.co.jp/image/tr/api/re/WzozX/?noTomariHotel=189105,https://img.travel.rakuten.co.jp/image/tr/api/re/gJNfM/?f_hotel_no=189105, あーるないん ざ やーど なかま,【駐車場無料】「トライアル・イオンなかま店」の側！独立客室には個別空調を完備◎パスタなど軽食サービス付,3600,121745.78,470610.16,809-0013,福岡県,中間市上蓮花寺2-2-1,093-482-8711, ,【電車】筑豊電気鉄道線　「通谷駅」「東中間駅」より徒歩約５分、ＪＲ筑豊本線　「中間駅」より車で約７分 【お車】九州自動車,無料 有り 47台※大型車（2トントラック以上）をご利用の際は、事前にお電話でお問い合わせください。,通谷,https://img.travel.rakuten.co.jp/share/HOTEL/189105/189105.jpg,https://img.travel.rakuten.co.jp/HIMG/90/189105.jpg,,,https://img.travel.rakuten.co.jp/share/HOTEL/189105/189105map.gif,73.0,4.03,"騒音も気にならず、水圧も問題ありませんでした…　2026-02-14 16:14:29投稿 <a href=""https://img.travel.rakuten.co.jp/image/tr/api/re/gJNfM/?f_hotel_no=189105"" class=""3click"">つづきはこちら</a>",double,【禁煙】ダブルルーム （約13平米/最大2名様）,5881535.0,【スタンダード】ビジネスや観光の拠点に♪軽食＆ホットドリンク付【駐車場至近＆無料】,1,0,0,0,0,1,https://img.travel.rakuten.co.jp/image/tr/api/re/IdsCY/?f_no=189105&f_syu=double&f_hi1=2026-04-21&f_hi2=2026-04-22&f_heya_su=1&f_otona_su=1&f_s1=0&f_s2=0&f_y1=0&f_y2=0&f_y3=0&f_y4=0&f_camp_id=5881535,0,2026-04-21,6000,6000,0,2026-04-21,merged-20260419
75193,ルートイングランティア福岡宮若－脇田温泉－,https://img.travel.rakuten.co.jp/image/tr/api/re/pvonD/?f_no=75193,https://img.travel.rakuten.co.jp/image/tr/api/re/vFumt/?f_no=75193&f_flg=PLAN,https://img.travel.rakuten.co.jp/image/tr/api/re/WzozX/?noTomariHotel=75193,https://img.travel.rakuten.co.jp/image/tr/api/re/gJNfM/?f_hotel_no=75193,るーといんぐらんてぃあふくおかみやわか　わきたおんせん　,2020年7月1日（水）新館OPEN！本館一部リニューアル＆キッズコーナーOPEN！■脇田温泉源泉掛流し,8800,121294.7,470114.94,822-0133,福岡県,宮若市脇田778-1,050-1726-2239,0949-54-0514,ＪＲ赤間駅よりお車で２５分◆博多駅バスセンターよりＪＲ九州バスで１時間＆徒歩１５分◆博多駅よりお車で４５分（無料駐車場）,有り　２００台　無料　予約不要　,赤間,https://img.travel.rakuten.co.jp/share/HOTEL/75193/75193.jpg,https://img.travel.rakuten.co.jp/HIMG/90/75193.jpg,https://img.travel.rakuten.co.jp/share/HOTEL/75193/75193_twi.jpg,https://img.travel.rakuten.co.jp/HIMG/INTERIOR/75193.jpg,https://img.travel.rakuten.co.jp/share/HOTEL/75193/75193map.gif,329.0,4.22,"クチコミの詳細はこちらから　https://review.travel.rakuten.co.jp/hotel/voice/7…　2026-04-03 06:15:15投稿 <a href=""https://img.travel.rakuten.co.jp/image/tr/api/re/gJNfM/?f_hotel_no=75193"" class=""3click"">つづきはこちら</a>",nct,【新館ツイン（禁煙）】,4774118.0,【素泊まり】シンプルステイプラン〜天然温泉大浴場あり・駐車場無料〜,1,0,0,0,0,1,https://img.travel.rakuten.co.jp/image/tr/api/re/IdsCY/?f_no=75193&f_syu=nct&f_hi1=2026-04-21&f_hi2=2026-04-22&f_heya_su=1&f_otona_su=1&f_s1=0&f_s2=0&f_y1=0&f_y2=0&f_y3=0&f_y4=0&f_camp_id=4774118,0,2026-04-21,9350,9350,0,2026-04-21,merged-20260419
145005,ＨＯＴＥＬ　ＡＺ　福岡田川店,https://img.travel.rakuten.co.jp/image/tr/api/re/pvonD/?f_no=145005,https://img.travel.rakuten.co.jp/image/tr/api/re/vFumt/?f_no=145005&f_flg=PLAN,https://img.travel.rakuten.co.jp/image/tr/api/re/WzozX/?noTomariHotel=145005,https://img.travel.rakuten.co.jp/image/tr/api/re/gJNfM/?f_hotel_no=145005,ほてる　えーぜっと　ふくおかたがわてん,九州自動車道八幡ＩＣより車で約３５分。平成筑豊鉄道田川伊田駅より徒歩で約９分。駐車場無料★朝食無料★,4620,121102.05,470928.51,825-0012,福岡県,田川市日の出町1番7号,0947-42-0301,0947-42-0321,田川伊田駅より徒歩にて９分,無料駐車場61台あり　※車長8ｍ以上の駐車は有料・要予約,田川伊田,https://img.travel.rakuten.co.jp/share/HOTEL/145005/145005.jpg,https://img.travel.rakuten.co.jp/HIMG/90/145005.jpg,https://img.travel.rakuten.co.jp/share/HOTEL/145005/145005_kya1.jpg,https://img.travel.rakuten.co.jp/HIMG/INTERIOR/145005.jpg,https://img.travel.rakuten.co.jp/share/HOTEL/145005/145005map.gif,167.0,4.07,"スタッフの方の対応は良かったです。朝食のパンとコーン…　2026-04-12 22:41:01投稿 <a href=""https://img.travel.rakuten.co.jp/image/tr/api/re/gJNfM/?f_hotel_no=145005"" class=""3click"">つづきはこちら</a>",002,【喫煙】シングル,6108153.0,スタンダードプラン（朝食サービス）,1,0,0,1,0,1,https://img.travel.rakuten.co.jp/image/tr/api/re/IdsCY/?f_no=145005&f_syu=002&f_hi1=2026-04-21&f_hi2=2026-04-22&f_heya_su=1&f_otona_su=1&f_s1=0&f_s2=0&f_y1=0&f_y2=0&f_y3=0&f_y4=0&f_camp_id=6108153,0,2026-04-21,6380,6380,0,2026-04-21,merged-20260419
56656,ホテルルートイン若宮インター,https://img.travel.rakuten.co.jp/image/tr/api/re/pvonD/?f_no=56656,https://img.travel.rakuten.co.jp/image/tr/api/re/vFumt/?f_no=56656&f_flg=PLAN,https://img.travel.rakuten.co.jp/image/tr/api/re/WzozX/?noTomariHotel=56656,https://img.travel.rakuten.co.jp/image/tr/api/re/gJNfM/?f_hotel_no=56656,ほてるるーといんわかみやいんたー,ＷＯＷＯＷ全室無料！◆大浴場有◆朝食無料◆夕食レストラン（日祝定休日有）◆wi-fi全室完備◆駐車場無料,5500,121470.63,470206.88,822-0152,福岡県,宮若市沼口234-1,0949-52-0023,0949-52-0062,ＪＲ鹿児島本線　赤間駅より車で２０分  *高速利用 　博多駅から37㎞　30分　小倉駅から　38km　35分,有り　123台　無料　先着順,赤間,https://img.travel.rakuten.co.jp/share/HOTEL/56656/56656.jpg,https://img.travel.rakuten.co.jp/HIMG/90/56656.jpg,https://img.travel.rakuten.co.jp/share/HOTEL/56656/56656_ky.jpg,https://img.travel.rakuten.co.jp/HIMG/INTERIOR/56656.jpg,https://img.travel.rakuten.co.jp/share/HOTEL/56656/56656map.gif,731.0,3.8,"クチコミの詳細はこちらから　https://review.trav…　2026-04-10 18:42:34投稿 <a href=""https://img.travel.rakuten.co.jp/image/tr/api/re/gJNfM/?f_hotel_no=56656"" class=""3click"">つづきはこちら</a>",nsb,【禁煙】シングルルーム ベット幅140　,5789190.0,【室数限定】20時以降チェックインお得プラン■朝食■大浴場■WOWOW■空気清浄機■駐車場■,1,0,0,0,0,1,https://img.travel.rakuten.co.jp/image/tr/api/re/IdsCY/?f_no=56656&f_syu=nsb&f_hi1=2026-04-21&f_hi2=2026-04-22&f_heya_su=1&f_otona_su=1&f_s1=0&f_s2=0&f_y1=0&f_y2=0&f_y3=0&f_y4=0&f_camp_id=5789190,0,2026-04-21,8050,8050,0,2026-04-21,merged-20260419
31978,国民宿舎　マリンテラスあしや,https://img.travel.rakuten.co.jp/image/tr/api/re/pvonD/?f_no=31978,https://img.travel.rakuten.co.jp/image/tr/api/re/vFumt/?f_no=31978&f_flg=PLAN,https://img.travel.rakuten.co.jp/image/tr/api/re/WzozX/?noTomariHotel=31978,https://img.travel.rakuten.co.jp/image/tr/api/re/gJNfM/?f_hotel_no=31978,こくみんしゅくしゃ　まりんてらす　あしや,冬は旬のフグ会席を堪能！玄界灘の夕陽×海の恵み♪ 絶景宿,5000,122034.26,470398.45,807-0141,福岡県,遠賀郡芦屋町山鹿1588,050-3161-9612,093-222-0399,ＪＲ鹿児島本線折尾駅よりバス／九州自動車道鞍手ＩＣより2５分,無料駐車場100台　先着順 　※当館の駐車場への道はやや急な傾斜があるため通行にはご注意ください。,折尾,https://img.travel.rakuten.co.jp/share/HOTEL/31978/31978.jpg,https://img.travel.rakuten.co.jp/HIMG/90/31978.jpg,https://img.travel.rakuten.co.jp/share/HOTEL/31978/31978_kan1.jpg,https://img.travel.rakuten.co.jp/HIMG/INTERIOR/31978.jpg,https://img.travel.rakuten.co.jp/share/HOTEL/31978/31978map.gif,422.0,4.32,"今回イカが食べたくて、宿泊しました。こちらのホテルは、温泉ではありませんが、食事がいいので、たまに訪れます。食事も、いか、後色々食べきれないくらいあり、でも、又夜…　2026-04-05 08:34:18投稿 <a href=""https://img.travel.rakuten.co.jp/image/tr/api/re/gJNfM/?f_hotel_no=31978"" class=""3click"">つづきはこちら</a>",wasu-ns,絶景の海を望む〜和室／禁煙,5136750.0,【オーシャンビューでリラックス】潮騒で癒やされるシンプル☆素泊プラン,1,0,0,0,0,1,https://img.travel.rakuten.co.jp/image/tr/api/re/IdsCY/?f_no=31978&f_syu=wasu-ns&f_hi1=2026-04-21&f_hi2=2026-04-22&f_heya_su=1&f_otona_su=1&f_s1=0&f_s2=0&f_y1=0&f_y2=0&f_y3=0&f_y4=0&f_camp_id=5136750,0,2026-04-21,7000,7000,0,2026-04-21,merged-20260419
8301,プラザホテル直方,https://img.travel.rakuten.co.jp/image/tr/api/re/pvonD/?f_no=8301,https://img.travel.rakuten.co.jp/image/tr/api/re/vFumt/?f_no=8301&f_flg=PLAN,https://img.travel.rakuten.co.jp/image/tr/api/re/WzozX/?noTomariHotel=8301,https://img.travel.rakuten.co.jp/image/tr/api/re/gJNfM/?f_hotel_no=8301,ぷらざほてる　のおがた,福岡・北九州両市へのアクセスがスムーズ。ビジネス・レジャーに最適の安心ホテルです。全室でWI-FIが使えます！,4000,121488.38,470665.36,822-0002,福岡県,直方市頓野西ヶ崎3829-1,0949-28-1231,0949-23-3358,■ＪＲ直方駅より車で５分　■九州自動車道八幡インターより車で１５分,■有り　約４０台　無料　先着順,直方,https://img.travel.rakuten.co.jp/share/HOTEL/8301/8301.jpg,https://img.travel.rakuten.co.jp/HIMG/90/8301.jpg,https://img.travel.rakuten.co.jp/share/HOTEL/8301/8301_sgl.jpg,https://img.travel.rakuten.co.jp/HIMG/INTERIOR/8301.jpg,https://img.travel.rakuten.co.jp/share/HOTEL/8301/8301map.gif,523.0,3.81,"クチコミの詳細はこちらから　https://review.travel.rakute…　2026-04-11 13:23:08投稿 <a href=""https://img.travel.rakuten.co.jp/image/tr/api/re/gJNfM/?f_hotel_no=8301"" class=""3click"">つづきはこちら</a>",s11,セミダブル◆喫煙（旧シングル）,5848432.0,【特典なし】部屋だけプラン♪＜素泊まり＞,1,0,0,0,0,1,https://img.travel.rakuten.co.jp/image/tr/api/re/IdsCY/?f_no=8301&f_syu=s11&f_hi1=2026-04-21&f_hi2=2026-04-22&f_heya_su=1&f_otona_su=1&f_s1=0&f_s2=0&f_y1=0&f_y2=0&f_y3=0&f_y4=0&f_camp_id=5848432,0,2026-04-21,8600,8600,0,2026-04-21,merged-20260419
149494,ホテル　ニューホープ,https://img.travel.rakuten.co.jp/image/tr/api/re/pvonD/?f_no=149494,https://img.travel.rakuten.co.jp/image/tr/api/re/vFumt/?f_no=149494&f_flg=PLAN,https://img.travel.rakuten.co.jp/image/tr/api/re/WzozX/?noTomariHotel=149494,https://img.travel.rakuten.co.jp/image/tr/api/re/gJNfM/?f_hotel_no=149494,にゅーほーぷ,全３０室・オールシングルルーム　いつでもお気軽にご利用いただけます！,6250,121480.95,470625.7,822-0027,福岡県,直方市古町7-8,0949-22-5888,0949-22-5889,ＪＲ　直方駅より徒歩にて約５分,無し,直方,https://img.travel.rakuten.co.jp/share/HOTEL/149494/149494.jpg,https://img.travel.rakuten.co.jp/HIMG/90/149494.jpg,https://img.travel.rakuten.co.jp/share/HOTEL/149494/149494_kan1.jpg,https://img.travel.rakuten.co.jp/HIMG/INTERIOR/149494.jpg,https://img.travel.rakuten.co.jp/share/HOTEL/149494/149494map.gif,85.0,4.4,"クチコミの詳細はこちらから　https://review.…　2026-04-08 18:51:41投稿 <a href=""https://img.travel.rakuten.co.jp/image/tr/api/re/gJNfM/?f_hotel_no=149494"" class=""3click"">つづきはこちら</a>",ns01nm,シングル素泊り禁煙ルーム,,,1,0,0,0,0,2,https://img.travel.rakuten.co.jp/image/tr/api/re/IdsCY/?f_no=149494&f_syu=ns01nm&f_hi1=2026-04-21&f_hi2=2026-04-22&f_heya_su=1&f_otona_su=1&f_s1=0&f_s2=0&f_y1=0&f_y2=0&f_y3=0&f_y4=0,1,2026-04-21,6250,6250,0,2026-04-21,merged-20260419
183533,宮若虎の湯,https://img.travel.rakuten.co.jp/image/tr/api/re/pvonD/?f_no=183533,https://img.travel.rakuten.co.jp/image/tr/api/re/vFumt/?f_no=183533&f_flg=PLAN,https://img.travel.rakuten.co.jp/image/tr/api/re/WzozX/?noTomariHotel=183533,https://img.travel.rakuten.co.jp/image/tr/api/re/gJNfM/?f_hotel_no=183533,みやわかとらのゆ,【夕食アルコールも飲み放題】宮若の地にビュッフェタイプの温泉旅館が出来ました。安心の全室温泉付き客室,17850,121331.05,470142.64,822-0131,福岡県,宮若市乙野644-2,0949-28-7435,0949-28-7436,宮若ICより車で15分　福岡ICより車で30分　 JR篠栗駅より車で約20分,有り　50台　無料　予約不要,篠栗,https://img.travel.rakuten.co.jp/share/HOTEL/183533/183533.jpg,https://img.travel.rakuten.co.jp/HIMG/90/183533.jpg,,,https://img.travel.rakuten.co.jp/share/HOTEL/183533/183533map.gif,404.0,4.32,"料理も美味しく温泉も良かったで…　2026-04-15 12:34:52投稿 <a href=""https://img.travel.rakuten.co.jp/image/tr/api/re/gJNfM/?f_hotel_no=183533"" class=""3click"">つづきはこちら</a>",wakeari2,ちょっと安いツインルーム（客室温泉付／1〜2名） ,6149001.0,【素泊まり】温泉付き客室で温泉満喫！遅い到着や早い出発にオススメ！素泊まりプラン,1,0,0,0,0,2,https://img.travel.rakuten.co.jp/image/tr/api/re/IdsCY/?f_no=183533&f_syu=wakeari2&f_hi1=2026-04-21&f_hi2=2026-04-22&f_heya_su=1&f_otona_su=1&f_s1=0&f_s2=0&f_y1=0&f_y2=0&f_y3=0&f_y4=0&f_camp_id=6149001,0,2026-04-21,23850,23850,0,2026-04-21,merged-20260419
67409,ビジネスホテル　ロイヤルイン扇,https://img.travel.rakuten.co.jp/image/tr/api/re/pvonD/?f_no=67409,https://img.travel.rakuten.co.jp/image/tr/api/re/vFumt/?f_no=67409&f_flg=PLAN,https://img.travel.rakuten.co.jp/image/tr/api/re/WzozX/?noTomariHotel=67409,https://img.travel.rakuten.co.jp/image/tr/api/re/gJNfM/?f_hotel_no=67409,ろいやるいんおおぎ,ゆったりスペースの２５部屋、心休まるくつろぎの空間をご用意してお迎え致します。,5280,121107.87,470943.85,825-0018,福岡県,田川市番田町7-3,0947-46-0737,0947-45-2515,ＪＲ　田川伊田駅から徒歩５分,有り　１４台　無料　要予約,田川伊田,https://img.travel.rakuten.co.jp/share/HOTEL/67409/67409.jpg,https://img.travel.rakuten.co.jp/HIMG/90/67409.jpg,https://img.travel.rakuten.co.jp/share/HOTEL/67409/67409_si.jpg,https://img.travel.rakuten.co.jp/HIMG/INTERIOR/67409.jpg,https://img.travel.rakuten.co.jp/share/HOTEL/67409/67409map.gif,120.0,3.78,,royalinn09,心休まるくつろぎのシングルルームをご用意。,,,1,0,0,0,0,1,https://img.travel.rakuten.co.jp/image/tr/api/re/IdsCY/?f_no=67409&f_syu=royalinn09&f_hi1=2026-04-21&f_hi2=2026-04-22&f_heya_su=1&f_otona_su=1&f_s1=0&f_s2=0&f_y1=0&f_y2=0&f_y3=0&f_y4=0,1,2026-04-21,5280,5280,0,2026-04-21,merged-20260419
49249,旅館　あけぼの館,https://img.travel.rakuten.co.jp/image/tr/api/re/pvonD/?f_no=49249,https://img.travel.rakuten.co.jp/image/tr/api/re/vFumt/?f_no=49249&f_flg=PLAN,,https://img.travel.rakuten.co.jp/image/tr/api/re/gJNfM/?f_hotel_no=49249,あけぼのかん,新飯塚駅のすぐそばでビジネスや旅の拠点に最適。アットホームな雰囲気でお出迎え致します。長期滞在大歓迎。,7000,121107.17,470500.81,820-0005,福岡県,飯塚市新飯塚6-14,0948-22-1708,0948-22-9993,ＪＲ　新飯塚駅より徒歩3分,有り　６台　無料　予約不要,新飯塚,https://img.travel.rakuten.co.jp/share/HOTEL/49249/49249.jpg,https://img.travel.rakuten.co.jp/HIMG/90/49249.jpg,https://img.travel.rakuten.co.jp/share/HOTEL/49249/49249_he.jpg,https://img.travel.rakuten.co.jp/HIMG/INTERIOR/49249.jpg,https://img.travel.rakuten.co.jp/share/HOTEL/49249/49249map.gif,2.0,,,0622,シングルベッド６畳,5878333.0,素泊まりで土日祭日も平日料金,1,0,0,0,0,2,https://img.travel.rakuten.co.jp/image/tr/api/re/IdsCY/?f_no=49249&f_syu=0622&f_hi1=2026-04-21&f_hi2=2026-04-22&f_heya_su=1&f_otona_su=1&f_s1=0&f_s2=0&f_y1=0&f_y2=0&f_y3=0&f_y4=0&f_camp_id=5878333,0,2026-04-21,7000,7000,0,2026-04-21,merged-20260419
151387,ＨＯＴＥＬ　ＡＺ　福岡香春店,https://img.travel.rakuten.co.jp/image/tr/api/re/pvonD/?f_no=151387,https://img.travel.rakuten.co.jp/image/tr/api/re/vFumt/?f_no=151387&f_flg=PLAN,https://img.travel.rakuten.co.jp/image/tr/api/re/WzozX/?noTomariHotel=151387,https://img.travel.rakuten.co.jp/image/tr/api/re/gJNfM/?f_hotel_no=151387,ほてる　えーぜっと　ふくおかかわらてん,ＪＲ日田彦山線香春駅より車で約5分。みやこ豊津ICから車で約20分。,4620,121176.09,470997.47,822-1406,福岡県,田川郡香春町大字香春1052-1,0947-32-7771,0947-32-7773,ＪＲ　日田彦山線　香春駅より車にて約5分,無料駐車場91台あり　※車長8ｍ以上の駐車は有料・要予約,香春,https://img.travel.rakuten.co.jp/share/HOTEL/151387/151387.jpg,https://img.travel.rakuten.co.jp/HIMG/90/151387.jpg,,,https://img.travel.rakuten.co.jp/share/HOTEL/151387/151387map.gif,101.0,3.89,"夜のバイクの音…　2025-11-24 09:52:57投稿 <a href=""https://img.travel.rakuten.co.jp/image/tr/api/re/gJNfM/?f_hotel_no=151387"" class=""3click"">つづきはこちら</a>",sns1,【禁煙】シングル,6107502.0,スタンダードプラン（朝食サービス）,1,0,0,1,0,1,https://img.travel.rakuten.co.jp/image/tr/api/re/IdsCY/?f_no=151387&f_syu=sns1&f_hi1=2026-04-21&f_hi2=2026-04-22&f_heya_su=1&f_otona_su=1&f_s1=0&f_s2=0&f_y1=0&f_y2=0&f_y3=0&f_y4=0&f_camp_id=6107502,0,2026-04-21,6380,6380,0,2026-04-21,merged-20260419
177721,田川伊田駅舎ホテル,https://img.travel.rakuten.co.jp/image/tr/api/re/pvonD/?f_no=177721,https://img.travel.rakuten.co.jp/image/tr/api/re/vFumt/?f_no=177721&f_flg=PLAN,https://img.travel.rakuten.co.jp/image/tr/api/re/WzozX/?noTomariHotel=177721,https://img.travel.rakuten.co.jp/image/tr/api/re/gJNfM/?f_hotel_no=177721,たがわいたえきしゃほてる,田川伊田駅舎内のホテルです。寝台列車をモチーフに造られています。,3500,121100.79,470951.43,825-0015,福岡県,田川市伊田町2621-3　田川伊田駅舎2F,0947-85-8325,0947-85-8321,田川伊田駅より徒歩にて約１分,専用駐車場無し　近くにコインパーキング有り,田川伊田,https://img.travel.rakuten.co.jp/share/HOTEL/177721/177721.jpg,https://img.travel.rakuten.co.jp/HIMG/90/177721.jpg,,,https://img.travel.rakuten.co.jp/share/HOTEL/177721/177721map.gif,91.0,3.57,"何回か利用させてもらってますが、スタッフのテキトーな対応に残念。部屋のホコリが目立つ。廊下の照明つけないのは節電ですか?トイレ行く時暗すぎです。エレベーターも使…　2026-02-13 17:46:11投稿 <a href=""https://img.travel.rakuten.co.jp/image/tr/api/re/gJNfM/?f_hotel_no=177721"" class=""3click"">つづきはこちら</a>",06,3階　別邸　2段ベッド（ドミトリー）,6305820.0,【事前決済】3階別邸　2段ベッド（ドミトリ‐）　シーツ・カバーのセットはお客様にお願しています。,1,0,0,0,0,2,https://img.travel.rakuten.co.jp/image/tr/api/re/IdsCY/?f_no=177721&f_syu=06&f_hi1=2026-04-21&f_hi2=2026-04-22&f_heya_su=1&f_otona_su=1&f_s1=0&f_s2=0&f_y1=0&f_y2=0&f_y3=0&f_y4=0&f_camp_id=6305820,0,2026-04-21,3500,3500,0,2026-04-21,merged-20260419
162819,いいかねＰａｌｅｔｔｅ,https://img.travel.rakuten.co.jp/image/tr/api/re/pvonD/?f_no=162819,https://img.travel.rakuten.co.jp/image/tr/api/re/vFumt/?f_no=162819&f_flg=PLAN,,https://img.travel.rakuten.co.jp/image/tr/api/re/gJNfM/?f_hotel_no=162819,いいかね　ぱれっと,自然に囲まれた小学校に泊まれます。コワーキングスペースやレコーディングスタジオのある複合型宿泊施設。,4000,120943.28,470866.33,826-0045,福岡県,田川市猪国2559,0947-49-3300, ,田川後藤寺駅よりお車にて約１０分,有り　無料　,田川後藤寺,https://img.travel.rakuten.co.jp/share/HOTEL/162819/162819.jpg,https://img.travel.rakuten.co.jp/HIMG/90/162819.jpg,https://img.travel.rakuten.co.jp/share/HOTEL/162819/162819_kan1.jpg,https://img.travel.rakuten.co.jp/HIMG/INTERIOR/162819.jpg,https://img.travel.rakuten.co.jp/share/HOTEL/162819/162819map.gif,10.0,5.0,,boxdomi5,ポッドタイプの男女共用ドミトリー◎Free Wifi,4271318.0,【シンプルステイプラン】ドミトリー素泊まり,1,0,0,0,0,1,https://img.travel.rakuten.co.jp/image/tr/api/re/IdsCY/?f_no=162819&f_syu=boxdomi5&f_hi1=2026-04-21&f_hi2=2026-04-22&f_heya_su=1&f_otona_su=1&f_s1=0&f_s2=0&f_y1=0&f_y2=0&f_y3=0&f_y4=0&f_camp_id=4271318,0,2026-04-21,4000,4000,0,2026-04-21,merged-20260419
195514,Ｈａｇｕｒｕｍａ芦屋　＾,https://img.travel.rakuten.co.jp/image/tr/api/re/pvonD/?f_no=195514,https://img.travel.rakuten.co.jp/image/tr/api/re/vFumt/?f_no=195514&f_flg=PLAN,,https://img.travel.rakuten.co.jp/image/tr/api/re/gJNfM/?f_hotel_no=195514,,商店街の無人ゲストハウス。都会の喧騒を離れ、芦屋の生活を体験◎観光、出張、ワーケーションにも利用可能！,2900,121993.12,470419.27,807-0122,福岡県,遠賀郡芦屋町高浜町4-3　Ｈａｇｕｒｕｍａ芦屋,080-1794-8140,00-0000-0000,遠賀川駅より車で9分,あり,遠賀川,https://img.travel.rakuten.co.jp/share/HOTEL/195514/195514.jpg,https://img.travel.rakuten.co.jp/HIMG/90/195514.jpg,,,https://img.travel.rakuten.co.jp/share/HOTEL/195514/195514map.gif,1.0,,,1346672_2,一戸建て,6360214.0,ゲストルーム最大2名 / 自然豊かな芦屋町のゲストハウス / HAGURUMA ASHIYA 201,1,0,0,0,0,2,https://img.travel.rakuten.co.jp/image/tr/api/re/IdsCY/?f_no=195514&f_syu=1346672_2&f_hi1=2026-04-21&f_hi2=2026-04-22&f_heya_su=1&f_otona_su=1&f_s1=0&f_s2=0&f_y1=0&f_y2=0&f_y3=0&f_y4=0&f_camp_id=6360214,0,2026-04-21,6090,6090,0,2026-04-21,merged-20260419
196388,民宿しらいし,https://img.travel.rakuten.co.jp/image/tr/api/re/pvonD/?f_no=196388,https://img.travel.rakuten.co.jp/image/tr/api/re/vFumt/?f_no=196388&f_flg=PLAN,https://img.travel.rakuten.co.jp/image/tr/api/re/WzozX/?noTomariHotel=196388,https://img.travel.rakuten.co.jp/image/tr/api/re/gJNfM/?f_hotel_no=196388,しらいし,宗像大社や沖ノ島など、古くから海の歴史に彩られた宗像市。その一角にある漁師町、鐘崎にて営業してます。,6270,121941.55,469924.16,811-3513,福岡県,宗像市上八848-5,0940-62-1149,0940-62-3318,東郷駅より車で約１５分、九州自動車道古賀ＩＣより約４０分。,有り　５０台　無料　予約不要,東郷,https://img.travel.rakuten.co.jp/share/HOTEL/196388/196388.jpg,https://img.travel.rakuten.co.jp/HIMG/90/196388.jpg,,,https://img.travel.rakuten.co.jp/share/HOTEL/196388/196388map.gif,9.0,4.56,,atype,オーシャンビュートリプルルーム+和室（2~6名様）,6445490.0,【平日限定】だるま特選！海鮮満喫 1泊2食プラン,1,1,0,1,0,2,https://img.travel.rakuten.co.jp/image/tr/api/re/IdsCY/?f_no=196388&f_syu=atype&f_hi1=2026-04-21&f_hi2=2026-04-22&f_heya_su=1&f_otona_su=1&f_s1=0&f_s2=0&f_y1=0&f_y2=0&f_y3=0&f_y4=0&f_camp_id=6445490,0,2026-04-21,40370,40370,0,2026-04-21,merged-20260419
199829,人の少ない砂浜すぐの静かな一棟貸し　＾,https://img.travel.rakuten.co.jp/image/tr/api/re/pvonD/?f_no=199829,https://img.travel.rakuten.co.jp/image/tr/api/re/vFumt/?f_no=199829&f_flg=PLAN,,https://img.travel.rakuten.co.jp/image/tr/api/re/gJNfM/?f_hotel_no=199829,,日常を手放し、静寂に還る宿「沐」。,14694,121771.12,469734.67,811-3521,福岡県,福津市勝浦2023,080-6518-0526,00-0000-0000,東郷駅から車で15分,あり,東郷,https://img.travel.rakuten.co.jp/share/HOTEL/199829/199829.jpg,https://img.travel.rakuten.co.jp/HIMG/90/199829.jpg,,,https://img.travel.rakuten.co.jp/share/HOTEL/199829/199829map.gif,,,,1492270_3,一戸建て,6436105.0,海と田園のはざまに、静かに佇む一棟貸し。 薪ストーブの温もりとともに 特別な時間を,1,0,0,0,0,2,https://img.travel.rakuten.co.jp/image/tr/api/re/IdsCY/?f_no=199829&f_syu=1492270_3&f_hi1=2026-04-21&f_hi2=2026-04-22&f_heya_su=1&f_otona_su=1&f_s1=0&f_s2=0&f_y1=0&f_y2=0&f_y3=0&f_y4=0&f_camp_id=6436105,0,2026-04-21,37120,37120,0,2026-04-21,merged-20260419
14726,海辺の料理小宿　はつしろ,https://img.travel.rakuten.co.jp/image/tr/api/re/pvonD/?f_no=14726,https://img.travel.rakuten.co.jp/image/tr/api/re/vFumt/?f_no=14726&f_flg=PLAN,,https://img.travel.rakuten.co.jp/image/tr/api/re/gJNfM/?f_hotel_no=14726,うみべのりょうりこやど　はつしろ,【2023年和洋室リニューアルオープン！】地元漁港から仕入る新鮮な海の幸が自慢！旬魚・活きイカ・ふぐ・伊勢エビを楽しむ！,6600,121952.62,470069.96,811-4202,福岡県,遠賀郡岡垣町原670-14　波津海水浴場前,093-283-0001,093-282-2233,JR鹿児島本線「海老津駅」より車で15分 / 九州自動車道 八幡ICより40分 / 福岡空港より車で90分,有り　15台　無料　先着順,海老津,https://img.travel.rakuten.co.jp/share/HOTEL/14726/14726.jpg,https://img.travel.rakuten.co.jp/HIMG/90/14726.jpg,https://img.travel.rakuten.co.jp/share/HOTEL/14726/14726_war.jpg,https://img.travel.rakuten.co.jp/HIMG/INTERIOR/14726.jpg,https://img.travel.rakuten.co.jp/share/HOTEL/14726/14726map.gif,23.0,4.5,,washitu,オーシャンビュー【和室】10畳,6307709.0,【素泊まり】全室オーシャンビュー！海辺の宿で絶景に心安らぐ1日を＜海まで徒歩3分＞,1,0,0,0,0,1,https://img.travel.rakuten.co.jp/image/tr/api/re/IdsCY/?f_no=14726&f_syu=washitu&f_hi1=2026-04-21&f_hi2=2026-04-22&f_heya_su=1&f_otona_su=1&f_s1=0&f_s2=0&f_y1=0&f_y2=0&f_y3=0&f_y4=0&f_camp_id=6307709,0,2026-04-21,13200,13200,0,2026-04-21,merged-20260419
183303,ＶＩＬＬＡ　ＭＩＮＡＷＡ,https://img.travel.rakuten.co.jp/image/tr/api/re/pvonD/?f_no=183303,https://img.travel.rakuten.co.jp/image/tr/api/re/vFumt/?f_no=183303&f_flg=PLAN,,https://img.travel.rakuten.co.jp/image/tr/api/re/gJNfM/?f_hotel_no=183303,&#12436;ぃら　みなわ,【神宿る島「沖ノ島」に一番近い宿】オーシャンビューの一棟貸切宿で、大切な人と非日常を味わうひと時をお過ごしください。,17400,122062.02,469480.57,811-3701,福岡県,宗像市大島字神崎2695-63,050-6883-8922,050-5213-1636,福岡空港よりお車にて約２時間半（途中フェリー乗船あり）。宗像大島港渡船ターミナルより車で約10分。,有り　４台　無料　予約不要,福岡空港,https://img.travel.rakuten.co.jp/share/HOTEL/183303/183303.jpg,https://img.travel.rakuten.co.jp/HIMG/90/183303.jpg,,,https://img.travel.rakuten.co.jp/share/HOTEL/183303/183303map.gif,1.0,,,001,【一日一組限定】神宿る島「沖ノ島」に最も近い貸切宿（禁煙）,6235974.0,【朝食付き】MINAWA限定の朝食セットをお部屋にお届け！気持ちよく一日を始めよう,1,0,0,1,0,2,https://img.travel.rakuten.co.jp/image/tr/api/re/IdsCY/?f_no=183303&f_syu=001&f_hi1=2026-04-21&f_hi2=2026-04-22&f_heya_su=1&f_otona_su=1&f_s1=0&f_s2=0&f_y1=0&f_y2=0&f_y3=0&f_y4=0&f_camp_id=6235974,0,2026-04-21,52000,52000,0,2026-04-21,merged-20260419
196360,ＨＯＴＥＬ　Ｔｓｍａｒｔ,https://img.travel.rakuten.co.jp/image/tr/api/re/pvonD/?f_no=196360,https://img.travel.rakuten.co.jp/image/tr/api/re/vFumt/?f_no=196360&f_flg=PLAN,,https://img.travel.rakuten.co.jp/image/tr/api/re/gJNfM/?f_hotel_no=196360,ほてる　てぃーすまーと,【2025年4月7日OPEN】大浴場が温泉のトライアルが運営するビジネスホテルです！,3980,121281.51,470134.83,822-0121,福岡県,宮若市湯原1401-4,0949-28-7678,0949-28-7679,福北ゆたか線　笹栗駅よりお車で約30分,有り　50台　無料　先着順,筑前山手,https://img.travel.rakuten.co.jp/share/HOTEL/196360/196360.jpg,https://img.travel.rakuten.co.jp/HIMG/90/196360.jpg,,,https://img.travel.rakuten.co.jp/share/HOTEL/196360/196360map.gif,33.0,4.03,"トライアル社員?合宿中とのことで、背広を着たおじさん数十人と、同じ不味いカツカレーを騒がしい食…　2026-04-16 21:20:00投稿 <a href=""https://img.travel.rakuten.co.jp/image/tr/api/re/gJNfM/?f_hotel_no=196360"" class=""3click"">つづきはこちら</a>",std,スタンダード ダブル（セミダブルベッド）,6249072.0,HOTEL Tsmart＜素泊まりプラン＞,1,0,0,0,0,2,https://img.travel.rakuten.co.jp/image/tr/api/re/IdsCY/?f_no=196360&f_syu=std&f_hi1=2026-04-21&f_hi2=2026-04-22&f_heya_su=1&f_otona_su=1&f_s1=0&f_s2=0&f_y1=0&f_y2=0&f_y3=0&f_y4=0&f_camp_id=6249072,0,2026-04-21,7480,7480,0,2026-04-21,merged-20260419
109125,玄海旅館,https://img.travel.rakuten.co.jp/image/tr/api/re/pvonD/?f_no=109125,https://img.travel.rakuten.co.jp/image/tr/api/re/vFumt/?f_no=109125&f_flg=PLAN,https://img.travel.rakuten.co.jp/image/tr/api/re/WzozX/?noTomariHotel=109125,https://img.travel.rakuten.co.jp/image/tr/api/re/gJNfM/?f_hotel_no=109125,げんかいりょかん,2025年2月新館「神の湊通り」NEWオープン！！全24部屋・露天風呂客室は９部屋に。銭湯＆公民館BARもオープン♪,10500,121852.36,469758.94,811-3501,福岡県,宗像市神湊485-7,0940-62-0001,0940-62-2010,東郷駅からお車で１５分,有り　25台　無料　予約不要,東郷,https://img.travel.rakuten.co.jp/share/HOTEL/109125/109125.jpg,https://img.travel.rakuten.co.jp/HIMG/90/109125.jpg,https://img.travel.rakuten.co.jp/share/HOTEL/109125/109125_kya.jpg,https://img.travel.rakuten.co.jp/HIMG/INTERIOR/109125.jpg,https://img.travel.rakuten.co.jp/share/HOTEL/109125/109125map.gif,66.0,4.09,"魚が新鮮で美味しかったです。住んでる地域が海が近い事もあり、新鮮な魚には食べ慣れてる私達でも納得の魚料理でした。部屋からは海も一望でき、部屋のお風呂の浴槽もなかな…　2026-04-14 23:03:57投稿 <a href=""https://img.travel.rakuten.co.jp/image/tr/api/re/gJNfM/?f_hotel_no=109125"" class=""3click"">つづきはこちら</a>",10,ツイン〈離れ・景観なし・シャワー〉,6167366.0,【直前割】素泊まりプラン　銭湯＆ハッピアワー付☆,1,0,0,0,0,1,https://img.travel.rakuten.co.jp/image/tr/api/re/IdsCY/?f_no=109125&f_syu=10&f_hi1=2026-04-21&f_hi2=2026-04-22&f_heya_su=1&f_otona_su=1&f_s1=0&f_s2=0&f_y1=0&f_y2=0&f_y3=0&f_y4=0&f_camp_id=6167366,0,2026-04-21,18100,18100,0,2026-04-21,merged-20260419
106165,桝屋旅館,https://img.travel.rakuten.co.jp/image/tr/api/re/pvonD/?f_no=106165,https://img.travel.rakuten.co.jp/image/tr/api/re/vFumt/?f_no=106165&f_flg=PLAN,https://img.travel.rakuten.co.jp/image/tr/api/re/WzozX/?noTomariHotel=106165,https://img.travel.rakuten.co.jp/image/tr/api/re/gJNfM/?f_hotel_no=106165,ますやりょかん,★博多駅から電車で20分★無料でwifi利用可♪　四国八十八カ所の打ち始め「本明院」まで徒歩9分♪　お遍路の杖貸出し有,7200,121033.0,469896.62,811-2417,福岡県,糟屋郡篠栗町中央１丁目３番２９号,092-947-0156,092-947-0788,ＪＲ篠栗駅より徒歩1分。博多駅から電車で最速約20分。駐車場は無料です。（事前にご連絡下さい）/和菓子屋併設,無料駐車場４台　※要予約ですので事前にお問い合わせ下さい。TEL：092-947-0156,篠栗,https://img.travel.rakuten.co.jp/share/HOTEL/106165/106165.jpg,https://img.travel.rakuten.co.jp/HIMG/90/106165.jpg,https://img.travel.rakuten.co.jp/share/HOTEL/106165/106165_room.jpg,https://img.travel.rakuten.co.jp/HIMG/INTERIOR/106165.jpg,https://img.travel.rakuten.co.jp/share/HOTEL/106165/106165map.gif,66.0,4.5,,w,和室６畳【鍵あり】博多駅から電車20分♪無料wifi利用可,3037931.0,【博多駅から電車で最速約20分】          ◇桝屋旅館     素泊まりプラン◇　和室６畳,1,0,0,0,0,0,https://img.travel.rakuten.co.jp/image/tr/api/re/IdsCY/?f_no=106165&f_syu=w&f_hi1=2026-04-21&f_hi2=2026-04-22&f_heya_su=1&f_otona_su=1&f_s1=0&f_s2=0&f_y1=0&f_y2=0&f_y3=0&f_y4=0&f_camp_id=3037931,0,2026-04-21,7200,7200,0,2026-04-21,merged-20260419
181799,海辺の鮨宿　八幡屋,https://img.travel.rakuten.co.jp/image/tr/api/re/pvonD/?f_no=181799,https://img.travel.rakuten.co.jp/image/tr/api/re/vFumt/?f_no=181799&f_flg=PLAN,https://img.travel.rakuten.co.jp/image/tr/api/re/WzozX/?noTomariHotel=181799,https://img.travel.rakuten.co.jp/image/tr/api/re/gJNfM/?f_hotel_no=181799,うみべのすしやど　やはたや,2023年全室リニューアル！鮨に地魚割烹！絶景サウナ＆お部屋食！オーシャンビュールームやサウナ付きフロア貸切ルームも有り,7700,121954.2,470062.65,811-4202,福岡県,遠賀郡岡垣町大字原670-6,093-282-0031,093-282-5061,JR海老津駅よりバス波津行で15分　波津海岸前バス停下車,有り　50台　無料,海老津,https://img.travel.rakuten.co.jp/share/HOTEL/181799/181799.jpg,https://img.travel.rakuten.co.jp/HIMG/90/181799.jpg,,,https://img.travel.rakuten.co.jp/share/HOTEL/181799/181799map.gif,48.0,4.65,"屋上露天風呂からの景色が最高でした。部屋は清潔で広く海が見え落ち着けます。室内風呂からも海が見えました。備え付けの冷蔵庫が家庭用の小型タイプなので冷凍庫があり保冷…　2026-04-08 20:08:24投稿 <a href=""https://img.travel.rakuten.co.jp/image/tr/api/re/gJNfM/?f_hotel_no=181799"" class=""3click"">つづきはこちら</a>",201_connec,2F／和レトロ旧館／和洋室＋和室＋バスルーム／201（階段）,5825016.0,直前割＜お得！5大特典付＞【素泊まり】気ままに海辺の宿STAY／食事なし＜スパ＆サウナを楽しもう＞,1,0,0,0,0,1,https://img.travel.rakuten.co.jp/image/tr/api/re/IdsCY/?f_no=181799&f_syu=201_connec&f_hi1=2026-04-21&f_hi2=2026-04-22&f_heya_su=1&f_otona_su=1&f_s1=0&f_s2=0&f_y1=0&f_y2=0&f_y3=0&f_y4=0&f_camp_id=5825016,0,2026-04-21,13200,13200,0,2026-04-21,merged-20260419
192774,ひこさんホテル和,https://img.travel.rakuten.co.jp/image/tr/api/re/pvonD/?f_no=192774,https://img.travel.rakuten.co.jp/image/tr/api/re/vFumt/?f_no=192774&f_flg=PLAN,https://img.travel.rakuten.co.jp/image/tr/api/re/WzozX/?noTomariHotel=192774,https://img.travel.rakuten.co.jp/image/tr/api/re/gJNfM/?f_hotel_no=192774,ひこさんほてるなごみ,パワースポット英彦山の中腹にある自然感じる温泉旅館,6200,120556.46,471277.35,824-0721,福岡県,田川郡添田町英彦山233-5,0947-85-0121,0947-85-0465,添田駅より車で約２０分、大分自動車道杷木インターより約５０分,有り　２０台　無料　予約不要,添田,https://img.travel.rakuten.co.jp/share/HOTEL/192774/192774.jpg,https://img.travel.rakuten.co.jp/HIMG/90/192774.jpg,,,https://img.travel.rakuten.co.jp/share/HOTEL/192774/192774map.gif,11.0,3.38,,wa10,和室10畳,6156302.0,【素泊まり】食事はついていない自由旅。温泉と英彦山散策をお楽しみください,1,0,0,0,0,0,https://img.travel.rakuten.co.jp/image/tr/api/re/IdsCY/?f_no=192774&f_syu=wa10&f_hi1=2026-04-21&f_hi2=2026-04-22&f_heya_su=1&f_otona_su=1&f_s1=0&f_s2=0&f_y1=0&f_y2=0&f_y3=0&f_y4=0&f_camp_id=6156302,0,2026-04-21,8200,8200,0,2026-04-21,merged-20260419
165802,ぶどうの樹ふくつ海岸通り　光の海ホテル＆リゾート　波の音（旧：グランピング福岡）,https://img.travel.rakuten.co.jp/image/tr/api/re/pvonD/?f_no=165802,https://img.travel.rakuten.co.jp/image/tr/api/re/vFumt/?f_no=165802&f_flg=PLAN,https://img.travel.rakuten.co.jp/image/tr/api/re/WzozX/?noTomariHotel=165802,https://img.travel.rakuten.co.jp/image/tr/api/re/gJNfM/?f_hotel_no=165802,ぶどうのきふくつかいがんどおり　ひかりのうみほてるあんどりぞーと　なみのおと,福岡市内から30分！グランピングを楽しむビーチ直結のコンセプトコテージ。絶景鮨＆BBQ！海辺のコテージでグルメ旅,9060,121570.67,469705.4,811-3219,福岡県,福津市西福間4-10-10,0120-46-4956,0940-43-7717,福間駅よりお車にて約５分,有り　３０台　無料　予約不要,福間,https://img.travel.rakuten.co.jp/share/HOTEL/165802/165802.jpg,https://img.travel.rakuten.co.jp/HIMG/90/165802.jpg,https://img.travel.rakuten.co.jp/share/HOTEL/165802/165802_kan1.jpg,https://img.travel.rakuten.co.jp/HIMG/INTERIOR/165802.jpg,https://img.travel.rakuten.co.jp/share/HOTEL/165802/165802map.gif,27.0,4.63,,irodori,【ロフト付コテージ】イロドリキッチン＆ジェットバス付,6032528.0,【素泊まり】観光・出張・ビジネスに！博多から30分／食事なし／20:30イン可／キッチン完備,1,0,0,0,0,1,https://img.travel.rakuten.co.jp/image/tr/api/re/IdsCY/?f_no=165802&f_syu=irodori&f_hi1=2026-04-21&f_hi2=2026-04-22&f_heya_su=1&f_otona_su=1&f_s1=0&f_s2=0&f_y1=0&f_y2=0&f_y3=0&f_y4=0&f_camp_id=6032528,0,2026-04-21,23100,23100,0,2026-04-21,merged-20260419
199014,シークレットビーチハウス　沐　ＭＯＫＵ,https://img.travel.rakuten.co.jp/image/tr/api/re/pvonD/?f_no=199014,https://img.travel.rakuten.co.jp/image/tr/api/re/vFumt/?f_no=199014&f_flg=PLAN,,https://img.travel.rakuten.co.jp/image/tr/api/re/gJNfM/?f_hotel_no=199014,しーくれっとびーちはうす　もく,浜辺から１分。海と田園のはざまに、静かに佇む一棟貸し。 砂浜、星、焚き火、薪ストーブの宿,16000,121771.12,469734.67,811-3521,福岡県,福津市勝浦2023,080-6518-0526,--,福岡市内、福岡空港より車で約50分、JR鹿児島線福間駅より車で約15分,あり　3台　無料　予約不要,福間,https://img.travel.rakuten.co.jp/share/HOTEL/199014/199014.jpg,https://img.travel.rakuten.co.jp/HIMG/90/199014.jpg,,,https://img.travel.rakuten.co.jp/share/HOTEL/199014/199014map.gif,,,,1,１〜２名様料金　一棟貸し,6445539.0,【素泊まりプラン】砂浜まですぐ　薪ストーブ、焚き火無料,1,0,0,0,0,2,https://img.travel.rakuten.co.jp/image/tr/api/re/IdsCY/?f_no=199014&f_syu=1&f_hi1=2026-04-21&f_hi2=2026-04-22&f_heya_su=1&f_otona_su=1&f_s1=0&f_s2=0&f_y1=0&f_y2=0&f_y3=0&f_y4=0&f_camp_id=6445539,0,2026-04-21,32000,32000,0,2026-04-21,merged-20260419
184523,備長炭の湯　ホテル久留米ヒルズ（ＢＢＨホテルグループ）,https://img.travel.rakuten.co.jp/image/tr/api/re/pvonD/?f_no=184523,https://img.travel.rakuten.co.jp/image/tr/api/re/vFumt/?f_no=184523&f_flg=PLAN,https://img.travel.rakuten.co.jp/image/tr/api/re/WzozX/?noTomariHotel=184523,https://img.travel.rakuten.co.jp/image/tr/api/re/gJNfM/?f_hotel_no=184523,びんちょうたんのゆ　ほてるくるめひるず（びーびーえいちほてるぐるーぷ）,無料朝食バイキング＆無料駐車場（先着15台）でビジネス・観光へのアクセス抜群【全国多数舗展開中のBBHホテルグループ】,3450,119905.38,469861.08,830-0031,福岡県,久留米市六ツ門町15-3,050-1725-6457,0942-64-8887,西鉄久留米駅から徒歩8分、久留米インターから車で15分,有り　15台　無料 (先着順･予約不可）,西鉄久留米,https://img.travel.rakuten.co.jp/share/HOTEL/184523/184523.jpg,https://img.travel.rakuten.co.jp/HIMG/90/184523.jpg,,,https://img.travel.rakuten.co.jp/share/HOTEL/184523/184523map.gif,449.0,3.52,"備長炭の湯とうたってるわりに、女性の入浴時間が限られてるため、1番入りたい時間に入れない。ホームページ等にお風呂は交代制、時間等の詳細を書…　2026-04-14 22:17:00投稿 <a href=""https://img.travel.rakuten.co.jp/image/tr/api/re/gJNfM/?f_hotel_no=184523"" class=""3click"">つづきはこちら</a>",nssingle,◇禁煙シングルルーム◇12平米／140センチ幅ダブルベッド,5728653.0,【楽天月末セール】【スタンダード】1泊無料朝食付きご宿泊プラン,1,0,0,1,0,1,https://img.travel.rakuten.co.jp/image/tr/api/re/IdsCY/?f_no=184523&f_syu=nssingle&f_hi1=2026-04-21&f_hi2=2026-04-22&f_heya_su=1&f_otona_su=1&f_s1=0&f_s2=0&f_y1=0&f_y2=0&f_y3=0&f_y4=0&f_camp_id=5728653,0,2026-04-21,6880,6880,0,2026-04-21,merged-20260419
3101,久留米ステーションホテル,https://img.travel.rakuten.co.jp/image/tr/api/re/pvonD/?f_no=3101,https://img.travel.rakuten.co.jp/image/tr/api/re/vFumt/?f_no=3101&f_flg=PLAN,https://img.travel.rakuten.co.jp/image/tr/api/re/WzozX/?noTomariHotel=3101,https://img.travel.rakuten.co.jp/image/tr/api/re/gJNfM/?f_hotel_no=3101,くるめ　すてーしょんほてる,JR久留米駅前アクセス良好、駐車場無料（先着40台）,3800,119938.37,469819.09,830-0023,福岡県,久留米市中央町2-14,0942-36-1122,0942-36-0459,JR久留米駅前アクセス良好！（JR久留米駅東口から徒歩１分）,有り　４０台　無料（先着順）,久留米,https://img.travel.rakuten.co.jp/share/HOTEL/3101/3101.jpg,https://img.travel.rakuten.co.jp/HIMG/90/3101.jpg,https://img.travel.rakuten.co.jp/share/HOTEL/3101/3101_room.jpg,https://img.travel.rakuten.co.jp/HIMG/INTERIOR/3101.jpg,https://img.travel.rakuten.co.jp/share/HOTEL/3101/3101map.gif,1376.0,3.93,"禁煙シングルで利用。広めのお部屋でユニットバスも綺麗。禁煙の部屋で良かったけど...部屋に入った瞬間...おじさんのニオイ...。加齢臭を濃縮したようなニオイのお部屋でちょ…　2026-03-22 18:23:01投稿 <a href=""https://img.travel.rakuten.co.jp/image/tr/api/re/gJNfM/?f_hotel_no=3101"" class=""3click"">つづきはこちら</a>",t-2,禁煙ツイン,1475457.0,　ツイン　♪JR久留米駅徒歩１分♪駐車場無料♪（先着順）,1,0,0,0,0,1,https://img.travel.rakuten.co.jp/image/tr/api/re/IdsCY/?f_no=3101&f_syu=t-2&f_hi1=2026-04-21&f_hi2=2026-04-22&f_heya_su=1&f_otona_su=1&f_s1=0&f_s2=0&f_y1=0&f_y2=0&f_y3=0&f_y4=0&f_camp_id=1475457,0,2026-04-21,10100,10100,0,2026-04-21,merged-20260419
172633,グリーンリッチホテル久留米　天然温泉・有馬六ツ門の湯,https://img.travel.rakuten.co.jp/image/tr/api/re/pvonD/?f_no=172633,https://img.travel.rakuten.co.jp/image/tr/api/re/vFumt/?f_no=172633&f_flg=PLAN,https://img.travel.rakuten.co.jp/image/tr/api/re/WzozX/?noTomariHotel=172633,https://img.travel.rakuten.co.jp/image/tr/api/re/gJNfM/?f_hotel_no=172633,ぐりーんりっちほてるくるめ　,久留米唯一の天然温泉大浴場完備のデザイナーズホテル　酸素ルーム有り　好評！朝食バイキング,4100,119926.87,469857.01,830-0017,福岡県,久留米市日吉町18-1,0942-39-3000,0942-46-3300,●西鉄久留米駅より車で3分、JR久留米駅より車で3分●福岡空港連絡バス停「六ツ門」徒歩3分●,"有　車高制限：185cm　１泊1,200円■先着順■満車時は近隣のコインパーキングをご案内します。",久留米,https://img.travel.rakuten.co.jp/share/HOTEL/172633/172633.jpg,https://img.travel.rakuten.co.jp/HIMG/90/172633.jpg,https://img.travel.rakuten.co.jp/share/HOTEL/172633/172633_kan1.jpg,https://img.travel.rakuten.co.jp/HIMG/INTERIOR/172633.jpg,https://img.travel.rakuten.co.jp/share/HOTEL/172633/172633map.gif,774.0,4.17,"久留米ではまた利用したいです…　2026-04-09 07:58:22投稿 <a href=""https://img.travel.rakuten.co.jp/image/tr/api/re/gJNfM/?f_hotel_no=172633"" class=""3click"">つづきはこちら</a>",s,【喫煙】シングル,4399303.0,【素泊まり】シンプルステイ,1,0,0,0,0,1,https://img.travel.rakuten.co.jp/image/tr/api/re/IdsCY/?f_no=172633&f_syu=s&f_hi1=2026-04-21&f_hi2=2026-04-22&f_heya_su=1&f_otona_su=1&f_s1=0&f_s2=0&f_y1=0&f_y2=0&f_y3=0&f_y4=0&f_camp_id=4399303,0,2026-04-21,10500,10500,0,2026-04-21,merged-20260419
72085,ホテルグランスパ　アベニュー,https://img.travel.rakuten.co.jp/image/tr/api/re/pvonD/?f_no=72085,https://img.travel.rakuten.co.jp/image/tr/api/re/vFumt/?f_no=72085&f_flg=PLAN,https://img.travel.rakuten.co.jp/image/tr/api/re/WzozX/?noTomariHotel=72085,https://img.travel.rakuten.co.jp/image/tr/api/re/gJNfM/?f_hotel_no=72085,ぐらんすぱ　あべにゅー,2024年全館リニューアル！大浴場・露天風呂で源泉かけ流しpH10.0天然温泉を満喫◆朝食＆駐車場無料,5800,120295.31,470365.07,838-0068,福岡県,朝倉市甘木1677-2,0946-22-1215,0946-22-1085,車で大分自動車道 甘木ICより、筑後小郡より19分、高速バスご利用の場合、福岡天神まで約1時間　西鉄甘木駅から徒歩2分,【無料】160台収容立体駐車場有り。３Fフロント直通通路有。平置き駐車場も完備(4ｔトラックもＯＫ),甘木,https://img.travel.rakuten.co.jp/share/HOTEL/72085/72085.jpg,https://img.travel.rakuten.co.jp/HIMG/90/72085.jpg,https://img.travel.rakuten.co.jp/share/HOTEL/72085/72085_s.jpg,https://img.travel.rakuten.co.jp/HIMG/INTERIOR/72085.jpg,https://img.travel.rakuten.co.jp/share/HOTEL/72085/72085map.gif,1069.0,4.15,"朝食は種類が十分あ…　2026-04-15 07:22:17投稿 <a href=""https://img.travel.rakuten.co.jp/image/tr/api/re/gJNfM/?f_hotel_no=72085"" class=""3click"">つづきはこちら</a>",nss,【禁煙】スタンダードシングル,2867766.0,【スタンダードプラン】ph10の美肌温泉を満喫◆基本プラン《朝食・駐車場・VOD無料・WiFi完備》,1,0,0,1,0,1,https://img.travel.rakuten.co.jp/image/tr/api/re/IdsCY/?f_no=72085&f_syu=nss&f_hi1=2026-04-21&f_hi2=2026-04-22&f_heya_su=1&f_otona_su=1&f_s1=0&f_s2=0&f_y1=0&f_y2=0&f_y3=0&f_y4=0&f_camp_id=2867766,0,2026-04-21,8500,8500,0,2026-04-21,merged-20260419
178227,ザ・セレクトン久留米,https://img.travel.rakuten.co.jp/image/tr/api/re/pvonD/?f_no=178227,https://img.travel.rakuten.co.jp/image/tr/api/re/vFumt/?f_no=178227&f_flg=PLAN,https://img.travel.rakuten.co.jp/image/tr/api/re/WzozX/?noTomariHotel=178227,https://img.travel.rakuten.co.jp/image/tr/api/re/gJNfM/?f_hotel_no=178227,ざ　せれくとん　くるめ,西鉄久留米駅より徒歩7分と福岡市内からのアクセス便利★男女別大浴場あり★全室禁煙＆Bluetoothスピーカー完備で快適,2880,119906.32,469859.98,830-0031,福岡県,久留米市六ツ門町17-30,0942-40-5020,0942-27-8641,●西鉄久留米駅より徒歩約7分 ●JR久留米駅より車で約5分 ●西鉄バス「六ッ門・シティプラザ前」バス停より徒歩約5分,駐車台数に限りがございます（5台）※満車時は近隣コインパーキングをご案内しております。（提携なし）,西鉄久留米,https://img.travel.rakuten.co.jp/share/HOTEL/178227/178227.jpg,https://img.travel.rakuten.co.jp/HIMG/90/178227.jpg,,,https://img.travel.rakuten.co.jp/share/HOTEL/178227/178227map.gif,506.0,3.99,"フロントスタッフの対応は丁寧でした。ドリンクサービスやカレーのサービスは大変ありがたいポイントです。お部屋・設備に関しては、お風呂のカーテンがカビていた…　2026-04-09 18:54:15投稿 <a href=""https://img.travel.rakuten.co.jp/image/tr/api/re/gJNfM/?f_hotel_no=178227"" class=""3click"">つづきはこちら</a>",stwa,シャワードツイン（禁煙）,4599006.0,【素泊り】スタンダードプラン 無料夕食あり！WiFi完備＆男女別大浴場で快適ステイ ビジネスに最適！,1,0,0,0,0,1,https://img.travel.rakuten.co.jp/image/tr/api/re/IdsCY/?f_no=178227&f_syu=stwa&f_hi1=2026-04-21&f_hi2=2026-04-22&f_heya_su=1&f_otona_su=1&f_s1=0&f_s2=0&f_y1=0&f_y2=0&f_y3=0&f_y4=0&f_camp_id=4599006,0,2026-04-21,7500,7500,0,2026-04-21,merged-20260419
438,久留米ワシントンホテルプラザ,https://img.travel.rakuten.co.jp/image/tr/api/re/pvonD/?f_no=438,https://img.travel.rakuten.co.jp/image/tr/api/re/vFumt/?f_no=438&f_flg=PLAN,https://img.travel.rakuten.co.jp/image/tr/api/re/WzozX/?noTomariHotel=438,https://img.travel.rakuten.co.jp/image/tr/api/re/gJNfM/?f_hotel_no=438,くるめ　わしんとんほてるぷらざ,全室高速Wi-fi接続＆加湿空気清浄機＆USBコンセント完備●西鉄「久留米」駅より徒歩約5分（福岡天神から30~40分）,4200,119915.32,469873.34,830-0032,福岡県,久留米市東町34-2,0942-32-0410,0942-39-2778,西鉄「久留米」より徒歩約5分　※ＪＲ久留米駅からはお車にて約5分。注）駐車場はございません。,施設内に駐車場がございません。※周辺パーキングに駐車をお願いいたします。(有料),久留米,https://img.travel.rakuten.co.jp/share/HOTEL/438/438.jpg,https://img.travel.rakuten.co.jp/HIMG/90/438.jpg,https://img.travel.rakuten.co.jp/share/HOTEL/438/438_rm.jpg,https://img.travel.rakuten.co.jp/HIMG/INTERIOR/438.jpg,https://img.travel.rakuten.co.jp/share/HOTEL/438/438map.gif,1437.0,3.63,"仕事で利用しました。駅の近くなので翌日の移動に便利でした。建物や設備は少し古さを感じますが、よく整備・清掃されていたと思います。お湯の出具合とかコンセントの数とか…　2026-04-10 16:27:04投稿 <a href=""https://img.travel.rakuten.co.jp/image/tr/api/re/gJNfM/?f_hotel_no=438"" class=""3click"">つづきはこちら</a>",sb101,シングル【禁煙】,2828508.0,学割プラン・ 学生証をご提示下さい（食事なし）,1,0,0,0,0,1,https://img.travel.rakuten.co.jp/image/tr/api/re/IdsCY/?f_no=438&f_syu=sb101&f_hi1=2026-04-21&f_hi2=2026-04-22&f_heya_su=1&f_otona_su=1&f_s1=0&f_s2=0&f_y1=0&f_y2=0&f_y3=0&f_y4=0&f_camp_id=2828508,0,2026-04-21,5800,5800,0,2026-04-21,merged-20260419
198682,ＨＯＴＥＬ　Ｒ９　Ｔｈｅ　Ｙａｒｄ　大刀洗,https://img.travel.rakuten.co.jp/image/tr/api/re/pvonD/?f_no=198682,https://img.travel.rakuten.co.jp/image/tr/api/re/vFumt/?f_no=198682&f_flg=PLAN,https://img.travel.rakuten.co.jp/image/tr/api/re/WzozX/?noTomariHotel=198682,https://img.travel.rakuten.co.jp/image/tr/api/re/gJNfM/?f_hotel_no=198682,ほてる あーるないん ざ やーど たちあらい,筑後小郡ICより車で4分！大刀洗町への出張や観光の拠点に！カレーなど軽食サービス付,3600,120233.11,470147.2,830-1224,福岡県,三井郡大刀洗町鵜木1440-1,0942-48-6235,0942-48-6236,【電車】西鉄小郡駅より徒歩6分。【お車】筑後小郡ICより車で4分。,無料 有り 60台※大型車（2トントラック以上）をご利用の際は、事前にお電話でお問い合わせください。,西鉄小郡,https://img.travel.rakuten.co.jp/share/HOTEL/198682/198682.jpg,https://img.travel.rakuten.co.jp/HIMG/90/198682.jpg,,,https://img.travel.rakuten.co.jp/share/HOTEL/198682/198682map.gif,15.0,4.0,"クチコミの詳細はこちらから　https://review.travel.rakuten.co.jp/…　2026-04-11 23:53:59投稿 <a href=""https://img.travel.rakuten.co.jp/image/tr/api/re/gJNfM/?f_hotel_no=198682"" class=""3click"">つづきはこちら</a>",twin,【禁煙】ツインルーム （約13平米/最大2名様）,6424887.0,【スタンダード】ビジネスや観光の拠点に♪軽食＆ホットドリンク付【駐車場至近＆無料】,1,0,0,0,0,1,https://img.travel.rakuten.co.jp/image/tr/api/re/IdsCY/?f_no=198682&f_syu=twin&f_hi1=2026-04-21&f_hi2=2026-04-22&f_heya_su=1&f_otona_su=1&f_s1=0&f_s2=0&f_y1=0&f_y2=0&f_y3=0&f_y4=0&f_camp_id=6424887,0,2026-04-21,6000,6000,0,2026-04-21,merged-20260419
1373,ホテルニュープラザ久留米,https://img.travel.rakuten.co.jp/image/tr/api/re/pvonD/?f_no=1373,https://img.travel.rakuten.co.jp/image/tr/api/re/vFumt/?f_no=1373&f_flg=PLAN,https://img.travel.rakuten.co.jp/image/tr/api/re/WzozX/?noTomariHotel=1373,https://img.travel.rakuten.co.jp/image/tr/api/re/gJNfM/?f_hotel_no=1373,にゅーぷらざくるめ,西鉄久留米駅より徒歩7分、駐車スペースは200台、ビジネスからファミリーまで多様なお部屋タイプをご準備しております。,3500,119906.11,469864.36,830-0031,福岡県,久留米市六ッ門町16-1,0942-33-0010,0942-38-6583,西鉄久留米駅から徒歩7分。JR久留米駅から車で5分。広又バス停まで徒歩２分,普通車200台　 550円（税込/泊）　/　大型車（バス･トラック）は事前にホテルへご確認下さい,久留米,https://img.travel.rakuten.co.jp/share/HOTEL/1373/1373.jpg,https://img.travel.rakuten.co.jp/HIMG/90/1373.jpg,https://img.travel.rakuten.co.jp/share/HOTEL/1373/1373_sgl.jpg,https://img.travel.rakuten.co.jp/HIMG/INTERIOR/1373.jpg,https://img.travel.rakuten.co.jp/share/HOTEL/1373/1373map.gif,2369.0,3.64,"クチコミの詳細はこちらから　https://review.travel.rakuten.co.jp/hotel/voice/1373?revi…　2026-04-15 19:38:44投稿 <a href=""https://img.travel.rakuten.co.jp/image/tr/api/re/gJNfM/?f_hotel_no=1373"" class=""3click"">つづきはこちら</a>",sak,【禁煙】 スタンダードシングル,5798530.0,【オンラインカード決済限定】注意事項をご確認の上ご予約下さい。宿泊税別,1,0,0,0,0,2,https://img.travel.rakuten.co.jp/image/tr/api/re/IdsCY/?f_no=1373&f_syu=sak&f_hi1=2026-04-21&f_hi2=2026-04-22&f_heya_su=1&f_otona_su=1&f_s1=0&f_s2=0&f_y1=0&f_y2=0&f_y3=0&f_y4=0&f_camp_id=5798530,0,2026-04-21,5800,5800,0,2026-04-21,merged-20260419
68074,久留米ホテルエスプリ,https://img.travel.rakuten.co.jp/image/tr/api/re/pvonD/?f_no=68074,https://img.travel.rakuten.co.jp/image/tr/api/re/vFumt/?f_no=68074&f_flg=PLAN,https://img.travel.rakuten.co.jp/image/tr/api/re/WzozX/?noTomariHotel=68074,https://img.travel.rakuten.co.jp/image/tr/api/re/gJNfM/?f_hotel_no=68074,くるめほてるえすぷり,西鉄久留米駅は目の前！21.60㎡～の広いお部屋とベッドが自慢♪駐車場＆会議室完備☆,3000,119909.11,469879.48,830-0032,福岡県,久留米市東町339,0942-31-1300,0942-31-1333,西鉄久留米駅から徒歩１分。JR久留米駅より車で5分。天神から電車で約30分。福岡空港より高速バスで約４５分,"有り　15台　1,000円（税込み／泊）　先着順　※提携駐車場も有り",西鉄久留米,https://img.travel.rakuten.co.jp/share/HOTEL/68074/68074.jpg,https://img.travel.rakuten.co.jp/HIMG/90/68074.jpg,https://img.travel.rakuten.co.jp/share/HOTEL/68074/68074_k1.jpg,https://img.travel.rakuten.co.jp/HIMG/INTERIOR/68074.jpg,https://img.travel.rakuten.co.jp/share/HOTEL/68074/68074map.gif,1302.0,3.9,"他の階に マンガコーナーがあり、孫が借りて部屋で読んだ…　2026-04-16 00:31:03投稿 <a href=""https://img.travel.rakuten.co.jp/image/tr/api/re/gJNfM/?f_hotel_no=68074"" class=""3click"">つづきはこちら</a>",s,Espritクイーンルーム◆喫煙（旧エグゼクティブシングル),4524204.0,【広さと言えば！】Esprit特典なしプラン♪＜素泊まり＞,1,0,0,0,0,1,https://img.travel.rakuten.co.jp/image/tr/api/re/IdsCY/?f_no=68074&f_syu=s&f_hi1=2026-04-21&f_hi2=2026-04-22&f_heya_su=1&f_otona_su=1&f_s1=0&f_s2=0&f_y1=0&f_y2=0&f_y3=0&f_y4=0&f_camp_id=4524204,0,2026-04-21,10000,10000,0,2026-04-21,merged-20260419
196704,いやし処ほてる寛楽　久留米駅前（２０２５年８月１日グランドオープン）,https://img.travel.rakuten.co.jp/image/tr/api/re/pvonD/?f_no=196704,https://img.travel.rakuten.co.jp/image/tr/api/re/vFumt/?f_no=196704&f_flg=PLAN,https://img.travel.rakuten.co.jp/image/tr/api/re/WzozX/?noTomariHotel=196704,https://img.travel.rakuten.co.jp/image/tr/api/re/gJNfM/?f_hotel_no=196704,いやしどころほてる かんらく くるめえきまえ,日本を感じる「和」の雰囲気と「洋」の快適さを持ち お客様に「寛ぎ」と「楽しさ」をお届けします。,3460,119923.14,469881.24,830-0018,福岡県,久留米市通町108-4,0942-48-3388,0942-48-3308,西鉄久留米駅より車で4分　徒歩7分,なし,西鉄久留米,https://img.travel.rakuten.co.jp/share/HOTEL/196704/196704.jpg,https://img.travel.rakuten.co.jp/HIMG/90/196704.jpg,,,https://img.travel.rakuten.co.jp/share/HOTEL/196704/196704map.gif,109.0,3.97,"クチコミの詳細はこちらから　https://review.travel.rakuten.co.jp/hotel/voice/1…　2026-04-10 09:55:47投稿 <a href=""https://img.travel.rakuten.co.jp/image/tr/api/re/gJNfM/?f_hotel_no=196704"" class=""3click"">つづきはこちら</a>",stdouble,スタンダードダブル,6256299.0,【素泊り】スタンダードプラン★無料夕食あり！Wi-Fi＆男女別大浴場完備  ビジネスに最適♪,1,0,0,0,0,1,https://img.travel.rakuten.co.jp/image/tr/api/re/IdsCY/?f_no=196704&f_syu=stdouble&f_hi1=2026-04-21&f_hi2=2026-04-22&f_heya_su=1&f_otona_su=1&f_s1=0&f_s2=0&f_y1=0&f_y2=0&f_y3=0&f_y4=0&f_camp_id=6256299,0,2026-04-21,7700,7700,0,2026-04-21,merged-20260419
72868,ＨＯＴＥＬ　ＡＺ　福岡甘木インター店,https://img.travel.rakuten.co.jp/image/tr/api/re/pvonD/?f_no=72868,https://img.travel.rakuten.co.jp/image/tr/api/re/vFumt/?f_no=72868&f_flg=PLAN,https://img.travel.rakuten.co.jp/image/tr/api/re/WzozX/?noTomariHotel=72868,https://img.travel.rakuten.co.jp/image/tr/api/re/gJNfM/?f_hotel_no=72868,ほてるえーぜっと　ふくおかあまぎいんたーてん,甘木インターすぐそばでアクセス良好！朝食無料！無料駐車場146台完備！全室インターネット接続OK！,4510,120252.35,470358.66,838-0068,福岡県,朝倉市甘木397-6,0946-21-3301,0946-21-3302,大分自動車道　甘木インターより車で１分　JR甘木駅より車で5分　　,無料駐車場146台あり　普通車：予約不要 、中型車・大型車：要予約,,https://img.travel.rakuten.co.jp/share/HOTEL/72868/72868.jpg,https://img.travel.rakuten.co.jp/HIMG/90/72868.jpg,,,https://img.travel.rakuten.co.jp/share/HOTEL/72868/72868map.gif,1069.0,3.85,"ホテルazは期待を裏切らないので、安心…　2026-04-14 17:30:08投稿 <a href=""https://img.travel.rakuten.co.jp/image/tr/api/re/gJNfM/?f_hotel_no=72868"" class=""3click"">つづきはこちら</a>",sgln,【禁煙】シングル,6103612.0,スタンダードプラン（朝食サービス）,1,0,0,1,0,1,https://img.travel.rakuten.co.jp/image/tr/api/re/IdsCY/?f_no=72868&f_syu=sgln&f_hi1=2026-04-21&f_hi2=2026-04-22&f_heya_su=1&f_otona_su=1&f_s1=0&f_s2=0&f_y1=0&f_y2=0&f_y3=0&f_y4=0&f_camp_id=6103612,0,2026-04-21,6380,6380,0,2026-04-21,merged-20260419
8746,エンナンホテル　久留米,https://img.travel.rakuten.co.jp/image/tr/api/re/pvonD/?f_no=8746,https://img.travel.rakuten.co.jp/image/tr/api/re/vFumt/?f_no=8746&f_flg=PLAN,https://img.travel.rakuten.co.jp/image/tr/api/re/WzozX/?noTomariHotel=8746,https://img.travel.rakuten.co.jp/image/tr/api/re/gJNfM/?f_hotel_no=8746,えんなんほてる　くるめ,西鉄久留米駅徒歩2分/デュベスタイル/チェックアウト11時/wifi・有線LAN完備/VOD無料/ウォシュレット完備,2910,119909.79,469877.0,830-0032,福岡県,久留米市東町29-10,0942-38-3811,0942-38-3818,西鉄久留米駅から徒歩2分、JR久留米駅から車にて5分、久留米ICから車で10分、福岡空港から西鉄高速バス(直通)45分。,●1台（普通車サイズ）で第一駐車場1泊900円、第二駐車場1泊600円です。（先着順：予約不可）,西鉄久留米,https://img.travel.rakuten.co.jp/share/HOTEL/8746/8746.jpg,https://img.travel.rakuten.co.jp/HIMG/90/8746.jpg,https://img.travel.rakuten.co.jp/share/HOTEL/8746/8746_si.jpg,https://img.travel.rakuten.co.jp/HIMG/INTERIOR/8746.jpg,https://img.travel.rakuten.co.jp/share/HOTEL/8746/8746map.gif,3262.0,3.64,"クチコミの…　2026-04-13 22:28:15投稿 <a href=""https://img.travel.rakuten.co.jp/image/tr/api/re/gJNfM/?f_hotel_no=8746"" class=""3click"">つづきはこちら</a>",0711sn,【禁煙】シングルB/12.2平米/セミダブルベット,1872628.0,【素泊まり】西鉄久留米駅から徒歩3分★Wベッド★VOD見放題★大浴場・軟水風呂,1,0,0,0,0,1,https://img.travel.rakuten.co.jp/image/tr/api/re/IdsCY/?f_no=8746&f_syu=0711sn&f_hi1=2026-04-21&f_hi2=2026-04-22&f_heya_su=1&f_otona_su=1&f_s1=0&f_s2=0&f_y1=0&f_y2=0&f_y3=0&f_y4=0&f_camp_id=1872628,0,2026-04-21,6350,6350,0,2026-04-21,merged-20260419
68686,東横ＩＮＮ西鉄久留米駅東口,https://img.travel.rakuten.co.jp/image/tr/api/re/pvonD/?f_no=68686,https://img.travel.rakuten.co.jp/image/tr/api/re/vFumt/?f_no=68686&f_flg=PLAN,https://img.travel.rakuten.co.jp/image/tr/api/re/WzozX/?noTomariHotel=68686,https://img.travel.rakuten.co.jp/image/tr/api/re/gJNfM/?f_hotel_no=68686,とうよこいんにしてつくるめえきひがしぐち,大砲ラーメン本店まで車で5分の立地で出発を応援！朝食・小学生以下添い寝無料で安心空間を提供いたします,4883,119908.37,469885.67,830-0033,福岡県,久留米市天神町3-93-4,0942-35-1045,0942-35-1046,西鉄久留米駅中央東口（東口広場方面）からリベールの横を通って古賀病院方向へ徒歩２分,５６台（立体駐車場）　　　５００円/泊　　先着順　　高さ制限あり（2ｍまで）,西鉄久留米,https://img.travel.rakuten.co.jp/share/HOTEL/68686/68686.jpg,https://img.travel.rakuten.co.jp/HIMG/90/68686.jpg,https://img.travel.rakuten.co.jp/share/HOTEL/68686/68686_s.jpg,https://img.travel.rakuten.co.jp/HIMG/INTERIOR/68686.jpg,https://img.travel.rakuten.co.jp/share/HOTEL/68686/68686map.gif,638.0,4.14,"東横インとしては普通の設備でした。しかし・・朝食のおにぎりは良かったです。種類も豊富ですし、なんと言っても回転が良い!混雑解消の工夫ですね。また泊まりたいホテルで…　2026-04-03 07:23:57投稿 <a href=""https://img.travel.rakuten.co.jp/image/tr/api/re/gJNfM/?f_hotel_no=68686"" class=""3click"">つづきはこちら</a>",s,喫煙シングル,2725781.0,★【無料の元気朝食付】いつでも安心価格♪ビジネス・レジャーに！ 喫煙シングル,1,0,0,1,0,1,https://img.travel.rakuten.co.jp/image/tr/api/re/IdsCY/?f_no=68686&f_syu=s&f_hi1=2026-04-21&f_hi2=2026-04-22&f_heya_su=1&f_otona_su=1&f_s1=0&f_s2=0&f_y1=0&f_y2=0&f_y3=0&f_y4=0&f_camp_id=2725781,0,2026-04-21,7665,7665,0,2026-04-21,merged-20260419
28917,クルメターミナルホテル,https://img.travel.rakuten.co.jp/image/tr/api/re/pvonD/?f_no=28917,https://img.travel.rakuten.co.jp/image/tr/api/re/vFumt/?f_no=28917&f_flg=PLAN,https://img.travel.rakuten.co.jp/image/tr/api/re/WzozX/?noTomariHotel=28917,https://img.travel.rakuten.co.jp/image/tr/api/re/gJNfM/?f_hotel_no=28917,くるめ　たーみなるほてる,西鉄久留米駅から徒歩１分★最高の立地！,3650,119908.54,469882.26,830-0033,福岡県,久留米市天神町114,0942-39-4111,0942-34-3558,西鉄大牟田線・西鉄久留米駅～徒歩約１分,ホテルに駐車場はありません。,西鉄久留米,https://img.travel.rakuten.co.jp/share/HOTEL/28917/28917.jpg,https://img.travel.rakuten.co.jp/HIMG/90/28917.jpg,https://img.travel.rakuten.co.jp/share/HOTEL/28917/28917_ft.jpg,https://img.travel.rakuten.co.jp/HIMG/INTERIOR/28917.jpg,https://img.travel.rakuten.co.jp/share/HOTEL/28917/28917map.gif,654.0,3.73,"古いホテルなんだろうけどユニットバスは比較的新しめで良かった。が!シャワーヘ…　2026-03-20 10:34:17投稿 <a href=""https://img.travel.rakuten.co.jp/image/tr/api/re/gJNfM/?f_hotel_no=28917"" class=""3click"">つづきはこちら</a>",sbb,シングルＢ,5434662.0,☆モーニング付きプラン☆当日17時まで販売中☆彡,1,0,0,1,0,1,https://img.travel.rakuten.co.jp/image/tr/api/re/IdsCY/?f_no=28917&f_syu=sbb&f_hi1=2026-04-21&f_hi2=2026-04-22&f_heya_su=1&f_otona_su=1&f_s1=0&f_s2=0&f_y1=0&f_y2=0&f_y3=0&f_y4=0&f_camp_id=5434662,0,2026-04-21,5800,5800,0,2026-04-21,merged-20260419
39624,萃香園ホテル,https://img.travel.rakuten.co.jp/image/tr/api/re/pvonD/?f_no=39624,https://img.travel.rakuten.co.jp/image/tr/api/re/vFumt/?f_no=39624&f_flg=PLAN,https://img.travel.rakuten.co.jp/image/tr/api/re/WzozX/?noTomariHotel=39624,https://img.travel.rakuten.co.jp/image/tr/api/re/gJNfM/?f_hotel_no=39624,すいこうえん　ほてる,四季折々の姿を見せる日本庭園が彩る癒しと安らぎの空間・・・,5000,119942.89,469859.41,830-0013,福岡県,久留米市櫛原町87,0942-35-5351,0942-35-5356,ＪＲ 久留米駅・西鉄 久留米駅双方よりお車で5分／高速道路久留米I.C.よりお車で約10分,60台有(無料）：必ずご準備いたしますので、スタッフにお問い合わせください。,久留米,https://img.travel.rakuten.co.jp/share/HOTEL/39624/39624.jpg,https://img.travel.rakuten.co.jp/HIMG/90/39624.jpg,https://img.travel.rakuten.co.jp/share/HOTEL/39624/39624_room.jpg,https://img.travel.rakuten.co.jp/HIMG/INTERIOR/39624.jpg,https://img.travel.rakuten.co.jp/share/HOTEL/39624/39624map.gif,211.0,4.42,"クチコミの詳細はこちらから　https://review.travel.rakuten.co.jp/hotel/voic…　2026-04-14 00:12:27投稿 <a href=""https://img.travel.rakuten.co.jp/image/tr/api/re/gJNfM/?f_hotel_no=39624"" class=""3click"">つづきはこちら</a>",stp,スタンダードツイン【禁煙】,6109685.0,萃香園ホテル【素泊まり】プラン,1,0,0,0,0,1,https://img.travel.rakuten.co.jp/image/tr/api/re/IdsCY/?f_no=39624&f_syu=stp&f_hi1=2026-04-21&f_hi2=2026-04-22&f_heya_su=1&f_otona_su=1&f_s1=0&f_s2=0&f_y1=0&f_y2=0&f_y3=0&f_y4=0&f_camp_id=6109685,0,2026-04-21,12200,12200,0,2026-04-21,merged-20260419
196481,ＨＯＴＥＬ　Ｒ９　Ｔｈｅ　Ｙａｒｄ　筑前,https://img.travel.rakuten.co.jp/image/tr/api/re/pvonD/?f_no=196481,https://img.travel.rakuten.co.jp/image/tr/api/re/vFumt/?f_no=196481&f_flg=PLAN,https://img.travel.rakuten.co.jp/image/tr/api/re/WzozX/?noTomariHotel=196481,https://img.travel.rakuten.co.jp/image/tr/api/re/gJNfM/?f_hotel_no=196481, あーるないん ざ やーど ちくぜん,筑後小郡ICより車で12分！スーパー・コンビニ至近★周辺に工業団地が多数◎無料軽食付,3600,120423.38,470166.52,838-0215,福岡県,朝倉郡筑前町篠隈183-8,0946-28-8202,0946-28-8203,【電車】筑紫駅より車で約１４分。原田駅より車で約１２分。【お車】筑後小郡ＩＣより車で約１２分。,無料 有り 47台※大型車（2トントラック以上）をご利用の際は、事前にお電話でお問い合わせください。,原田（福岡）,https://img.travel.rakuten.co.jp/share/HOTEL/196481/196481.jpg,https://img.travel.rakuten.co.jp/HIMG/90/196481.jpg,,,https://img.travel.rakuten.co.jp/share/HOTEL/196481/196481map.gif,51.0,4.29,"クチコミの詳細はこちらから　https://review.tr…　2026-04-11 18:51:31投稿 <a href=""https://img.travel.rakuten.co.jp/image/tr/api/re/gJNfM/?f_hotel_no=196481"" class=""3click"">つづきはこちら</a>",double,【禁煙】ダブルルーム （約13平米/最大2名様）,6226582.0,【スタンダード】ビジネスや観光の拠点に♪軽食＆ホットドリンク付【駐車場至近＆無料】,1,0,0,0,0,1,https://img.travel.rakuten.co.jp/image/tr/api/re/IdsCY/?f_no=196481&f_syu=double&f_hi1=2026-04-21&f_hi2=2026-04-22&f_heya_su=1&f_otona_su=1&f_s1=0&f_s2=0&f_y1=0&f_y2=0&f_y3=0&f_y4=0&f_camp_id=6226582,0,2026-04-21,7000,7000,0,2026-04-21,merged-20260419
10978,原鶴温泉　原鶴グランドスカイホテル（BBHホテルグループ）,https://img.travel.rakuten.co.jp/image/tr/api/re/pvonD/?f_no=10978,https://img.travel.rakuten.co.jp/image/tr/api/re/vFumt/?f_no=10978&f_flg=PLAN,https://img.travel.rakuten.co.jp/image/tr/api/re/WzozX/?noTomariHotel=10978,https://img.travel.rakuten.co.jp/image/tr/api/re/gJNfM/?f_hotel_no=10978,はらつるおんせん　はらつるぐらんどすかいほてる,★人気の90分食べ放題のあさくらうまかもんバイキングをご堪能下さい★全国約160店舗展開中のＢＢＨホテルグループ★,9000,120053.0,470831.0,838-1514,福岡県,朝倉市杷木久喜宮1820-1,050-1807-3059,0946-62-3063,大分自動車道『杷木IC』より車で5分/JR久大本線『筑後吉井駅』,有り　90台　無料,筑後吉井,https://img.travel.rakuten.co.jp/share/HOTEL/10978/10978.jpg,https://img.travel.rakuten.co.jp/HIMG/90/10978.jpg,https://img.travel.rakuten.co.jp/share/HOTEL/10978/10978_room.jpg,https://img.travel.rakuten.co.jp/HIMG/INTERIOR/10978.jpg,https://img.travel.rakuten.co.jp/share/HOTEL/10978/10978map.gif,1756.0,4.03,"…　2026-04-16 20:35:14投稿 <a href=""https://img.travel.rakuten.co.jp/image/tr/api/re/gJNfM/?f_hotel_no=10978"" class=""3click"">つづきはこちら</a>",twn,スタンダードツイン_○喫煙 ゆったり38平米,1905747.0,【ポイント10倍】弱アルカリ性単純泉と単純硫黄泉のダブル美肌の湯源泉かけ流しを満喫★素泊まりプラン,10,0,0,0,0,1,https://img.travel.rakuten.co.jp/image/tr/api/re/IdsCY/?f_no=10978&f_syu=twn&f_hi1=2026-04-21&f_hi2=2026-04-22&f_heya_su=1&f_otona_su=1&f_s1=0&f_s2=0&f_y1=0&f_y2=0&f_y3=0&f_y4=0&f_camp_id=1905747,0,2026-04-21,13000,13000,0,2026-04-21,merged-20260419
79319,ホテルマリターレ創世　久留米,https://img.travel.rakuten.co.jp/image/tr/api/re/pvonD/?f_no=79319,https://img.travel.rakuten.co.jp/image/tr/api/re/vFumt/?f_no=79319&f_flg=PLAN,https://img.travel.rakuten.co.jp/image/tr/api/re/WzozX/?noTomariHotel=79319,https://img.travel.rakuten.co.jp/image/tr/api/re/gJNfM/?f_hotel_no=79319,まりたーれそうせい　くるめ,広々とした客室にはヨーロッパからの直輸入家具にジャグジーを完備！ごゆっくりお寛ぎいただけます。,6776,119957.48,469870.87,830-0003,福岡県,久留米市東櫛原町900,0942-35-5211,0942-48-1121,ＪＲ久留米駅・西鉄久留米駅から車で約１０分,有り　２００台　無料　予約不要,久留米,https://img.travel.rakuten.co.jp/share/HOTEL/79319/79319.jpg,https://img.travel.rakuten.co.jp/HIMG/90/79319.jpg,https://img.travel.rakuten.co.jp/share/HOTEL/79319/79319_b.jpg,https://img.travel.rakuten.co.jp/HIMG/INTERIOR/79319.jpg,https://img.travel.rakuten.co.jp/share/HOTEL/79319/79319map.gif,217.0,4.08,"間接…　2026-03-22 21:48:53投稿 <a href=""https://img.travel.rakuten.co.jp/image/tr/api/re/gJNfM/?f_hotel_no=79319"" class=""3click"">つづきはこちら</a>",dsa,【禁煙】デラックスシングル☆広々 ３１平米,6266071.0,【素泊まり】ショートステイプラン【チェックイン１８時〜チェックアウト翌朝９時】,1,0,0,0,0,2,https://img.travel.rakuten.co.jp/image/tr/api/re/IdsCY/?f_no=79319&f_syu=dsa&f_hi1=2026-04-21&f_hi2=2026-04-22&f_heya_su=1&f_otona_su=1&f_s1=0&f_s2=0&f_y1=0&f_y2=0&f_y3=0&f_y4=0&f_camp_id=6266071,0,2026-04-21,8228,8228,0,2026-04-21,merged-20260419
8080,ビジネスイン・シーガル,https://img.travel.rakuten.co.jp/image/tr/api/re/pvonD/?f_no=8080,https://img.travel.rakuten.co.jp/image/tr/api/re/vFumt/?f_no=8080&f_flg=PLAN,https://img.travel.rakuten.co.jp/image/tr/api/re/WzozX/?noTomariHotel=8080,https://img.travel.rakuten.co.jp/image/tr/api/re/gJNfM/?f_hotel_no=8080,びじねすいん・しーがる,久留米市花畑の静かでシンプルなホテル。客室無料LAN、フリーWi-Fi。長期は特にオトク。大型コインランドリー付帯。,4000,119895.68,469856.04,830-0039,福岡県,久留米市花畑 1-1-4,0942-38-4111,0942-32-7500,福岡天神から特急で直30分、JR久留米駅より車で5分、西鉄花畑駅より徒歩3分、久留米インターより車で15分、駐車場無料,無料：15台　先着順*満車の場合は近隣有料駐車場のご案内(500円/日前後)。大型車は別途ご相談。,久留米,https://img.travel.rakuten.co.jp/share/HOTEL/8080/8080.jpg,https://img.travel.rakuten.co.jp/HIMG/90/8080.jpg,https://img.travel.rakuten.co.jp/share/HOTEL/8080/8080_room.jpg,https://img.travel.rakuten.co.jp/HIMG/INTERIOR/8080.jpg,https://img.travel.rakuten.co.jp/share/HOTEL/8080/8080map.gif,276.0,4.04,"クチコミの詳細はこちらから　h…　2026-03-24 17:05:08投稿 <a href=""https://img.travel.rakuten.co.jp/image/tr/api/re/gJNfM/?f_hotel_no=8080"" class=""3click"">つづきはこちら</a>",single,シングル,2264841.0,シングル楽天プラン [Basic Single],1,0,0,0,0,1,https://img.travel.rakuten.co.jp/image/tr/api/re/IdsCY/?f_no=8080&f_syu=single&f_hi1=2026-04-21&f_hi2=2026-04-22&f_heya_su=1&f_otona_su=1&f_s1=0&f_s2=0&f_y1=0&f_y2=0&f_y3=0&f_y4=0&f_camp_id=2264841,0,2026-04-21,5100,5100,0,2026-04-21,merged-20260419
151388,ＨＯＴＥＬ　ＡＺ　福岡うきは店,https://img.travel.rakuten.co.jp/image/tr/api/re/pvonD/?f_no=151388,https://img.travel.rakuten.co.jp/image/tr/api/re/vFumt/?f_no=151388&f_flg=PLAN,https://img.travel.rakuten.co.jp/image/tr/api/re/WzozX/?noTomariHotel=151388,https://img.travel.rakuten.co.jp/image/tr/api/re/gJNfM/?f_hotel_no=151388,ほてる　えーぜっと　ふくおかうきはてん,杷木ＩＣより車で約7分！　駐車場無料・朝食無料・インターネット接続無料,4620,120011.29,470901.71,839-1403,福岡県,うきは市浮羽町東隈上314-4,0943-74-3311,0943-74-3312,九州自動車道　杷木ＩＣより車で約7分　ＪＲうきは駅よりお車にて約６分,無料駐車場92台あり　普通車：予約不要 、中型車・大型車：要予約,うきは,https://img.travel.rakuten.co.jp/share/HOTEL/151388/151388.jpg,https://img.travel.rakuten.co.jp/HIMG/90/151388.jpg,https://img.travel.rakuten.co.jp/share/HOTEL/151388/151388_kan1.jpg,https://img.travel.rakuten.co.jp/HIMG/INTERIOR/151388.jpg,https://img.travel.rakuten.co.jp/share/HOTEL/151388/151388map.gif,146.0,3.83,"クチコミの詳細はこちらから　https://…　2026-04-06 19:41:35投稿 <a href=""https://img.travel.rakuten.co.jp/image/tr/api/re/gJNfM/?f_hotel_no=151388"" class=""3click"">つづきはこちら</a>",001,【喫煙】シングル,6106105.0,スタンダードプラン（朝食サービス）,1,0,0,1,0,1,https://img.travel.rakuten.co.jp/image/tr/api/re/IdsCY/?f_no=151388&f_syu=001&f_hi1=2026-04-21&f_hi2=2026-04-22&f_heya_su=1&f_otona_su=1&f_s1=0&f_s2=0&f_y1=0&f_y2=0&f_y3=0&f_y4=0&f_camp_id=6106105,0,2026-04-21,6380,6380,0,2026-04-21,merged-20260419
167668,ホステル　イルファーロ久留米,https://img.travel.rakuten.co.jp/image/tr/api/re/pvonD/?f_no=167668,https://img.travel.rakuten.co.jp/image/tr/api/re/vFumt/?f_no=167668&f_flg=PLAN,https://img.travel.rakuten.co.jp/image/tr/api/re/WzozX/?noTomariHotel=167668,https://img.travel.rakuten.co.jp/image/tr/api/re/gJNfM/?f_hotel_no=167668,ほすてる　いるふぁーろくるめ,西鉄久留米駅より徒歩1分。提携駐車場有。朝食無料。無料wifi有。,3400,119915.01,469881.77,830-0032,福岡県,久留米市東町38-13,0942-65-7140,0942-65-7168,西鉄久留米駅西口より徒歩1分。西鉄福岡天神駅より特急で32分。久留米インターから車で10分の好アクセス！,提携コインパーキング600円（三井のリパーク）詳細は駐車場MAPをご確認ください。,久留米,https://img.travel.rakuten.co.jp/share/HOTEL/167668/167668.jpg,https://img.travel.rakuten.co.jp/HIMG/90/167668.jpg,https://img.travel.rakuten.co.jp/share/HOTEL/167668/167668_kan1.jpg,https://img.travel.rakuten.co.jp/HIMG/INTERIOR/167668.jpg,https://img.travel.rakuten.co.jp/share/HOTEL/167668/167668map.gif,438.0,4.16,"クチコミの詳細はこちらから　https://review.travel.rakuten.co.jp/hotel/voice/167668?review…　2026-03-17 18:02:01投稿 <a href=""https://img.travel.rakuten.co.jp/image/tr/api/re/gJNfM/?f_hotel_no=167668"" class=""3click"">つづきはこちら</a>",111,【男性専用】シングル／4.7平米,5662084.0,【限定SALE】駅徒歩1分 コンビニすぐそばの好立地／アメニティ付 ,1,0,0,0,0,2,https://img.travel.rakuten.co.jp/image/tr/api/re/IdsCY/?f_no=167668&f_syu=111&f_hi1=2026-04-21&f_hi2=2026-04-22&f_heya_su=1&f_otona_su=1&f_s1=0&f_s2=0&f_y1=0&f_y2=0&f_y3=0&f_y4=0&f_camp_id=5662084,0,2026-04-21,4590,4590,0,2026-04-21,merged-20260419
53081,ホテル花景色,https://img.travel.rakuten.co.jp/image/tr/api/re/pvonD/?f_no=53081,https://img.travel.rakuten.co.jp/image/tr/api/re/vFumt/?f_no=53081&f_flg=PLAN,https://img.travel.rakuten.co.jp/image/tr/api/re/WzozX/?noTomariHotel=53081,https://img.travel.rakuten.co.jp/image/tr/api/re/gJNfM/?f_hotel_no=53081,ほてるはなげしき,つるつる美肌効果のアルカリ性硫黄温泉　濃度９．１　源泉かけ流し。,4000,120082.85,470919.62,839-1405,福岡県,うきは市浮羽町古川1097-1,0943-77-2110,0943-77-2079,●ＪＲ　筑後大石駅より車で５分 　　　　　　　　●高速バス　杷木バス停より車で３分,有り　3０台　無料　予約不要,筑後大石,https://img.travel.rakuten.co.jp/share/HOTEL/53081/53081.jpg,https://img.travel.rakuten.co.jp/HIMG/90/53081.jpg,https://img.travel.rakuten.co.jp/share/HOTEL/53081/53081_ky.jpg,https://img.travel.rakuten.co.jp/HIMG/INTERIOR/53081.jpg,https://img.travel.rakuten.co.jp/share/HOTEL/53081/53081map.gif,353.0,3.97,"外国人スタッフの方が多く働いておられましたが、いずれの方も丁寧に接客して…　2026-04-12 03:55:43投稿 <a href=""https://img.travel.rakuten.co.jp/image/tr/api/re/gJNfM/?f_hotel_no=53081"" class=""3click"">つづきはこちら</a>",jpwitht,【禁煙】和室（トイレ付き、バス共用）,6061204.0,【素泊まり】お肌ツルツルになる自慢の天然温泉が最高！筑後川の流れる音を感じながら非日常の時間へ,1,0,0,0,0,1,https://img.travel.rakuten.co.jp/image/tr/api/re/IdsCY/?f_no=53081&f_syu=jpwitht&f_hi1=2026-04-21&f_hi2=2026-04-22&f_heya_su=1&f_otona_su=1&f_s1=0&f_s2=0&f_y1=0&f_y2=0&f_y3=0&f_y4=0&f_camp_id=6061204,0,2026-04-21,6000,6000,0,2026-04-21,merged-20260419
107730,湯の坂　久留米温泉,https://img.travel.rakuten.co.jp/image/tr/api/re/pvonD/?f_no=107730,https://img.travel.rakuten.co.jp/image/tr/api/re/vFumt/?f_no=107730&f_flg=PLAN,https://img.travel.rakuten.co.jp/image/tr/api/re/WzozX/?noTomariHotel=107730,https://img.travel.rakuten.co.jp/image/tr/api/re/gJNfM/?f_hotel_no=107730,ゆのさか　くるめおんせん,源泉かけ流しのとろとろ温泉で美肌の湯。大浴場、家族湯が楽しめます。,6400,119900.93,469916.49,839-0862,福岡県,久留米市野中町湯の坂1235,0942-33-4126,0942-39-5541,西鉄久留米駅よりバスにて約５分,有り　１００台　無料　予約不要,西鉄久留米,https://img.travel.rakuten.co.jp/share/HOTEL/107730/107730.jpg,https://img.travel.rakuten.co.jp/HIMG/90/107730.jpg,https://img.travel.rakuten.co.jp/share/HOTEL/107730/107730_yo.jpg,https://img.travel.rakuten.co.jp/HIMG/INTERIOR/107730.jpg,https://img.travel.rakuten.co.jp/share/HOTEL/107730/107730map.gif,279.0,4.43,"クチコミの詳細はこちらから　https://revi…　2026-04-01 22:54:43投稿 <a href=""https://img.travel.rakuten.co.jp/image/tr/api/re/gJNfM/?f_hotel_no=107730"" class=""3click"">つづきはこちら</a>",5006r02,禁煙・洋室(ツインベッド),6374670.0,【21時以降チェックイン／朝食無料】レイトチェックイン☆　源泉かけ流し温泉でゆったり。広々サウナも◎,1,0,0,1,0,2,https://img.travel.rakuten.co.jp/image/tr/api/re/IdsCY/?f_no=107730&f_syu=5006r02&f_hi1=2026-04-21&f_hi2=2026-04-22&f_heya_su=1&f_otona_su=1&f_s1=0&f_s2=0&f_y1=0&f_y2=0&f_y3=0&f_y4=0&f_camp_id=6374670,0,2026-04-21,7650,7650,0,2026-04-21,merged-20260419
106209,原鶴温泉　ホテルＴＯＰＭＥＧＡ伊藤園,https://img.travel.rakuten.co.jp/image/tr/api/re/pvonD/?f_no=106209,https://img.travel.rakuten.co.jp/image/tr/api/re/vFumt/?f_no=106209&f_flg=PLAN,https://img.travel.rakuten.co.jp/image/tr/api/re/WzozX/?noTomariHotel=106209,https://img.travel.rakuten.co.jp/image/tr/api/re/gJNfM/?f_hotel_no=106209,とっぷめがいとうえん,川と風と森のリゾート原鶴で、モダン異空間のひとときを・・・,3800,120061.21,470818.79,838-1514,福岡県,朝倉市杷木久喜宮1858-1,094-626-2760,0946-26-2756,大分自動車道杷木インターより車で５分　・　筑後吉井駅よりお車にて１０分,有り　２５台　宿泊者無料　予約不要,筑後吉井,https://img.travel.rakuten.co.jp/share/HOTEL/106209/106209.jpg,https://img.travel.rakuten.co.jp/HIMG/90/106209.jpg,https://img.travel.rakuten.co.jp/share/HOTEL/106209/106209_ru.jpg,https://img.travel.rakuten.co.jp/HIMG/INTERIOR/106209.jpg,https://img.travel.rakuten.co.jp/share/HOTEL/106209/106209map.gif,413.0,3.62,"口コミを読んでレンジがないのは分かっていたので、早めに外で夕飯を済ませて部屋にお酒とおつまみを少し持ち込みゆっくりと不自由なく過…　2026-03-22 22:38:25投稿 <a href=""https://img.travel.rakuten.co.jp/image/tr/api/re/gJNfM/?f_hotel_no=106209"" class=""3click"">つづきはこちら</a>",styou,【広々１８畳】スタンダード洋室,,,1,0,0,0,0,1,https://img.travel.rakuten.co.jp/image/tr/api/re/IdsCY/?f_no=106209&f_syu=styou&f_hi1=2026-04-21&f_hi2=2026-04-22&f_heya_su=1&f_otona_su=1&f_s1=0&f_s2=0&f_y1=0&f_y2=0&f_y3=0&f_y4=0,1,2026-04-21,4600,4600,0,2026-04-21,merged-20260419
37876,原鶴温泉　泰泉閣,https://img.travel.rakuten.co.jp/image/tr/api/re/pvonD/?f_no=37876,https://img.travel.rakuten.co.jp/image/tr/api/re/vFumt/?f_no=37876&f_flg=PLAN,https://img.travel.rakuten.co.jp/image/tr/api/re/WzozX/?noTomariHotel=37876,https://img.travel.rakuten.co.jp/image/tr/api/re/gJNfM/?f_hotel_no=37876,はらつるおんせん　たいせんかく,福岡市内（天神・博多・福岡空港）から車で60分♪開放的な雰囲気のジャングル風呂をはじめ趣向を凝らした六つのお風呂が自慢,8800,120062.27,470811.04,838-1521,福岡県,朝倉市杷木志波20,0946-62-1140,0946-63-3868,大分自動車道杷木インターより車で5分／ＪＲ筑後吉井駅より車で10分／日田行き高速バスで杷木下車、車で５分,約100台（屋外）無料で十分な広さが御座いますので、ご安心してお越し下さい。,うきは,https://img.travel.rakuten.co.jp/share/HOTEL/37876/37876.jpg,https://img.travel.rakuten.co.jp/HIMG/90/37876.jpg,https://img.travel.rakuten.co.jp/share/HOTEL/37876/37876_kya.jpg,https://img.travel.rakuten.co.jp/HIMG/INTERIOR/37876.jpg,https://img.travel.rakuten.co.jp/share/HOTEL/37876/37876map.gif,925.0,4.23,"こちらの旅館は日帰り温泉で利用する事があり、今度東京から来るお友達と行きたいと思って前々から予約してました。当日泊まる皆が誕生日が近い事もあって誕生日お祝いとして行かせて頂きました!部…　2026-04-09 16:30:30投稿 <a href=""https://img.travel.rakuten.co.jp/image/tr/api/re/gJNfM/?f_hotel_no=37876"" class=""3click"">つづきはこちら</a>",wa8wa,和室：8畳※眺望指定不可◆禁煙,3162957.0,【1泊朝食】朝ご飯は一日の元気の源★和食の料理人が作る美味しい朝食♪（夕食なし）,1,0,0,1,0,1,https://img.travel.rakuten.co.jp/image/tr/api/re/IdsCY/?f_no=37876&f_syu=wa8wa&f_hi1=2026-04-21&f_hi2=2026-04-22&f_heya_su=1&f_otona_su=1&f_s1=0&f_s2=0&f_y1=0&f_y2=0&f_y3=0&f_y4=0&f_camp_id=3162957,0,2026-04-21,18700,18700,0,2026-04-21,merged-20260419
80410,原鶴温泉　延命館,https://img.travel.rakuten.co.jp/image/tr/api/re/pvonD/?f_no=80410,https://img.travel.rakuten.co.jp/image/tr/api/re/vFumt/?f_no=80410&f_flg=PLAN,https://img.travel.rakuten.co.jp/image/tr/api/re/WzozX/?noTomariHotel=80410,https://img.travel.rakuten.co.jp/image/tr/api/re/gJNfM/?f_hotel_no=80410,はらづるおんせん　えんめいかん,全館Wi-Fi接続！2019年8月家族風呂オープン！抜群の眺望と、温泉は加水も加温もなしの天然温泉・ダブル美肌の湯！,8800,120057.5,470812.3,838-1521,福岡県,朝倉市杷木志波15-2,0946-62-1133,0946-62-1135,大分道[杷木ＩＣ]より車で６分(送迎は要予約・3日前まで)　筑後吉井駅より送迎車にて１０分(送迎は要予約・3日前まで)　,有り　５０台　無料　予約不要,筑後吉井,https://img.travel.rakuten.co.jp/share/HOTEL/80410/80410.jpg,https://img.travel.rakuten.co.jp/HIMG/90/80410.jpg,https://img.travel.rakuten.co.jp/share/HOTEL/80410/80410_wa.jpg,https://img.travel.rakuten.co.jp/HIMG/INTERIOR/80410.jpg,https://img.travel.rakuten.co.jp/share/HOTEL/80410/80410map.gif,135.0,4.15,"お風呂はかなりぬるめ。泉質はトロトロで少し長…　2026-04-11 18:30:05投稿 <a href=""https://img.travel.rakuten.co.jp/image/tr/api/re/gJNfM/?f_hotel_no=80410"" class=""3click"">つづきはこちら</a>",wsi6,【禁煙】おまかせ和室６〜１０畳,4111864.0,【素泊まり】源泉掛け流しの炭酸天然温泉に入り放題！筑後川を臨むお部屋でリフレッシュ,1,0,0,0,0,1,https://img.travel.rakuten.co.jp/image/tr/api/re/IdsCY/?f_no=80410&f_syu=wsi6&f_hi1=2026-04-21&f_hi2=2026-04-22&f_heya_su=1&f_otona_su=1&f_s1=0&f_s2=0&f_y1=0&f_y2=0&f_y3=0&f_y4=0&f_camp_id=4111864,0,2026-04-21,10450,10450,0,2026-04-21,merged-20260419
8904,旅館　錦水,https://img.travel.rakuten.co.jp/image/tr/api/re/pvonD/?f_no=8904,https://img.travel.rakuten.co.jp/image/tr/api/re/vFumt/?f_no=8904&f_flg=PLAN,https://img.travel.rakuten.co.jp/image/tr/api/re/WzozX/?noTomariHotel=8904,https://img.travel.rakuten.co.jp/image/tr/api/re/gJNfM/?f_hotel_no=8904,きんすい,,5280,119897.32,469951.25,839-0862,福岡県,久留米市野中町135-36,0942-43-7325,0942-43-7363,JR九大本線・久留米大学前駅から徒歩10分、車利用：九州自動車道・久留米ICより車で約5分,無料駐車場完備(マイクロバス駐車可能）★久留米IC〜車で５分。JR久留米大学前駅〜徒歩10分。,久留米,https://img.travel.rakuten.co.jp/share/HOTEL/8904/8904.jpg,https://img.travel.rakuten.co.jp/HIMG/90/8904.jpg,https://img.travel.rakuten.co.jp/share/HOTEL/8904/8904_room.jpg,https://img.travel.rakuten.co.jp/HIMG/INTERIOR/8904.jpg,https://img.travel.rakuten.co.jp/share/HOTEL/8904/8904map.gif,127.0,4.58,"食事が最高でした。割烹料理らしい板さんの腕を感じることができました。あと、若女将さんが人間として品のある感じの良い方でした。宿から徒歩圏内にイオン系列のスーパーがあるので、便利です…　2026-03-22 19:00:40投稿 <a href=""https://img.travel.rakuten.co.jp/image/tr/api/re/gJNfM/?f_hotel_no=8904"" class=""3click"">つづきはこちら</a>",1,和室6畳（トイレ・洗面付）,4917654.0,【素泊り】レイトチェックインＯＫ！久留米の拠点にイチオシです♪,1,0,0,0,0,1,https://img.travel.rakuten.co.jp/image/tr/api/re/IdsCY/?f_no=8904&f_syu=1&f_hi1=2026-04-21&f_hi2=2026-04-22&f_heya_su=1&f_otona_su=1&f_s1=0&f_s2=0&f_y1=0&f_y2=0&f_y3=0&f_y4=0&f_camp_id=4917654,0,2026-04-21,5720,5720,0,2026-04-21,merged-20260419
40373,甘木観光ホテル　甘木館,https://img.travel.rakuten.co.jp/image/tr/api/re/pvonD/?f_no=40373,https://img.travel.rakuten.co.jp/image/tr/api/re/vFumt/?f_no=40373&f_flg=PLAN,https://img.travel.rakuten.co.jp/image/tr/api/re/WzozX/?noTomariHotel=40373,https://img.travel.rakuten.co.jp/image/tr/api/re/gJNfM/?f_hotel_no=40373,あまぎ　かんこうほてる　あまぎかん,豊富なミネラルを含んだお風呂とサウナ・水風呂が人気のお宿です♪本格和食と毎月変わる大衆演劇もオススメ☆彡,4510,120326.34,470360.69,838-0068,福岡県,朝倉市甘木2091,0946-22-3344,0946-24-1067,西鉄 甘木駅より車で５分／甘木鉄道　甘木駅より車で５分／福岡空港より車で４０分、県道112号線沿い甘木橋横,有り　６０台　無料　先着順,甘木,https://img.travel.rakuten.co.jp/share/HOTEL/40373/40373.jpg,https://img.travel.rakuten.co.jp/HIMG/90/40373.jpg,https://img.travel.rakuten.co.jp/share/HOTEL/40373/40373_ba.jpg,https://img.travel.rakuten.co.jp/HIMG/INTERIOR/40373.jpg,https://img.travel.rakuten.co.jp/share/HOTEL/40373/40373map.gif,56.0,3.43,,wa8,フリーシングル【旧館／バス・トイレ共有】,5786731.0,【素泊り】お値段重視！少し訳あり！？だけどお得っ★お一人様限定！フリーシングル！,1,0,0,0,0,1,https://img.travel.rakuten.co.jp/image/tr/api/re/IdsCY/?f_no=40373&f_syu=wa8&f_hi1=2026-04-21&f_hi2=2026-04-22&f_heya_su=1&f_otona_su=1&f_s1=0&f_s2=0&f_y1=0&f_y2=0&f_y3=0&f_y4=0&f_camp_id=5786731,0,2026-04-21,4510,4510,0,2026-04-21,merged-20260419
160640,ニュー筑水荘,https://img.travel.rakuten.co.jp/image/tr/api/re/pvonD/?f_no=160640,https://img.travel.rakuten.co.jp/image/tr/api/re/vFumt/?f_no=160640&f_flg=PLAN,https://img.travel.rakuten.co.jp/image/tr/api/re/WzozX/?noTomariHotel=160640,https://img.travel.rakuten.co.jp/image/tr/api/re/gJNfM/?f_hotel_no=160640,にゅーちくすいそう,2022年9月一部リニューアル済！天然温泉と美味しい料理でおもてなし。ビジネスも観光もお待ちしております！,4950,120054.27,470800.17,839-1304,福岡県,うきは市吉井町千年596,0943-74-5555,0943-74-5566,筑後吉井駅から車で約10分。朝倉I.Cから車で約15分。博多からは高速バスで朝倉迄が早くてお得！,有り　１００台　無料　予約不要,うきは,https://img.travel.rakuten.co.jp/share/HOTEL/160640/160640.jpg,https://img.travel.rakuten.co.jp/HIMG/90/160640.jpg,https://img.travel.rakuten.co.jp/share/HOTEL/160640/160640_sho1.jpg,https://img.travel.rakuten.co.jp/HIMG/INTERIOR/160640.jpg,https://img.travel.rakuten.co.jp/share/HOTEL/160640/160640map.gif,64.0,4.09,"懐かしさのあるレトロな雰囲気のホテルです。桜の時期だなあ、と自宅で何気なくテレビを観ていてこちらのホテルの桜が近々伐採される...とお話しがあり、立派な…　2026-04-04 14:26:31投稿 <a href=""https://img.travel.rakuten.co.jp/image/tr/api/re/gJNfM/?f_hotel_no=160640"" class=""3click"">つづきはこちら</a>",3w6,３Ｆ和室６畳【シングルベッド】,5559985.0,【素泊り】ビジネスに湯治に☆温泉素泊り♪,1,0,0,0,0,1,https://img.travel.rakuten.co.jp/image/tr/api/re/IdsCY/?f_no=160640&f_syu=3w6&f_hi1=2026-04-21&f_hi2=2026-04-22&f_heya_su=1&f_otona_su=1&f_s1=0&f_s2=0&f_y1=0&f_y2=0&f_y3=0&f_y4=0&f_camp_id=5559985,0,2026-04-21,4950,4950,0,2026-04-21,merged-20260419
192260,山北の灯り,https://img.travel.rakuten.co.jp/image/tr/api/re/pvonD/?f_no=192260,https://img.travel.rakuten.co.jp/image/tr/api/re/vFumt/?f_no=192260&f_flg=PLAN,,https://img.travel.rakuten.co.jp/image/tr/api/re/gJNfM/?f_hotel_no=192260,やまきたのあかり,７６平米の「山北の灯り」は山の麓にある１棟貸し。　耳をすませば木々の揺れる音が聞こえる。,6200,119985.78,470953.89,839-1408,福岡県,うきは市浮羽町山北1757-6,0943-77-2277,0942-32-3866,Ｒ久大本線　筑後大石駅から車で約６分。ＪＲ久大本線　うきは駅からバスで約１７分（バス停まで徒歩約９分）,有り　２台　無料　予約不要,うきは,https://img.travel.rakuten.co.jp/share/HOTEL/192260/192260.jpg,https://img.travel.rakuten.co.jp/HIMG/90/192260.jpg,,,https://img.travel.rakuten.co.jp/share/HOTEL/192260/192260map.gif,,,,yamakita,山北の灯り,6027258.0,【期間限定】　学生グループ割引！山北の灯り　素泊まりプラン（食材持ち込み可）,1,0,0,0,0,1,https://img.travel.rakuten.co.jp/image/tr/api/re/IdsCY/?f_no=192260&f_syu=yamakita&f_hi1=2026-04-21&f_hi2=2026-04-22&f_heya_su=1&f_otona_su=1&f_s1=0&f_s2=0&f_y1=0&f_y2=0&f_y3=0&f_y4=0&f_camp_id=6027258,0,2026-04-21,21420,21420,0,2026-04-21,merged-20260419
171993,うきは小塩の灯り,https://img.travel.rakuten.co.jp/image/tr/api/re/pvonD/?f_no=171993,https://img.travel.rakuten.co.jp/image/tr/api/re/vFumt/?f_no=171993&f_flg=PLAN,,https://img.travel.rakuten.co.jp/image/tr/api/re/gJNfM/?f_hotel_no=171993,うきはこじおのあかり,光る山里　隠れ別荘　１日１組限定１棟貸切り　お洒落なコテージ　家族でまったり、カップルで特別なひととき、女子会でワイワイ,7140,119917.28,471012.13,839-1412,福岡県,うきは市浮羽町小塩2158-2、2258-3,0120-502-076,,大分自動車道杷木ICから約１５分、ＪＲうきは駅よりお車で約１１分,有り　３台　無料　予約不要,うきは,https://img.travel.rakuten.co.jp/share/HOTEL/171993/171993.jpg,https://img.travel.rakuten.co.jp/HIMG/90/171993.jpg,https://img.travel.rakuten.co.jp/share/HOTEL/171993/171993_sho1.jpg,https://img.travel.rakuten.co.jp/HIMG/INTERIOR/171993.jpg,https://img.travel.rakuten.co.jp/share/HOTEL/171993/171993map.gif,7.0,4.67,,kojio01,光る山里　隠れ別荘　一日一組限定　一棟貸切,5881772.0,★期間限定★【通常の素泊まり価格から15％OFF】学割プラン（食材持ち込み可）,1,0,0,0,0,1,https://img.travel.rakuten.co.jp/image/tr/api/re/IdsCY/?f_no=171993&f_syu=kojio01&f_hi1=2026-04-21&f_hi2=2026-04-22&f_heya_su=1&f_otona_su=1&f_s1=0&f_s2=0&f_y1=0&f_y2=0&f_y3=0&f_y4=0&f_camp_id=5881772,0,2026-04-21,19630,19630,0,2026-04-21,merged-20260419
195628,和邸　和楽／民泊,https://img.travel.rakuten.co.jp/image/tr/api/re/pvonD/?f_no=195628,https://img.travel.rakuten.co.jp/image/tr/api/re/vFumt/?f_no=195628&f_flg=PLAN,,https://img.travel.rakuten.co.jp/image/tr/api/re/gJNfM/?f_hotel_no=195628,, ,6844,119663.26,469716.35,830-0111,福岡県,久留米市三潴町西牟田1290-1　和邸 和楽,070-8537-8593,00-0000-0000,犬塚駅より徒歩で3分,あり,犬塚,https://img.travel.rakuten.co.jp/share/HOTEL/195628/195628.jpg,https://img.travel.rakuten.co.jp/HIMG/90/195628.jpg,,,https://img.travel.rakuten.co.jp/share/HOTEL/195628/195628map.gif,,,,r21084_8,和楽,6376478.0,一棟丸貸し/平屋/最大8名/キッチン/広々した和風邸宅/無料駐車場,1,0,0,0,0,2,https://img.travel.rakuten.co.jp/image/tr/api/re/IdsCY/?f_no=195628&f_syu=r21084_8&f_hi1=2026-04-21&f_hi2=2026-04-22&f_heya_su=1&f_otona_su=1&f_s1=0&f_s2=0&f_y1=0&f_y2=0&f_y3=0&f_y4=0&f_camp_id=6376478,0,2026-04-21,20300,20300,0,2026-04-21,merged-20260419
141342,天然田園温泉ふかほり邸,https://img.travel.rakuten.co.jp/image/tr/api/re/pvonD/?f_no=141342,https://img.travel.rakuten.co.jp/image/tr/api/re/vFumt/?f_no=141342&f_flg=PLAN,https://img.travel.rakuten.co.jp/image/tr/api/re/WzozX/?noTomariHotel=141342,https://img.travel.rakuten.co.jp/image/tr/api/re/gJNfM/?f_hotel_no=141342,てんねんでんえんおんせんふかほりてい,4千坪の広大な敷地に【露天風呂付き客室が全7室】門をくぐると、広がる非日常空間…。自然食とかけ流し温泉を愉しむ癒しの宿。,47700,119696.04,469776.61,830-0111,福岡県,久留米市三潴町西牟田6552,0942-54-6681,0942-54-6682,ＪＲ鹿児島本線西牟田駅下車、車で約5分。／西鉄大牟田線大善寺駅下車、車で約10分／九州自動車道　広川ICより約20分,有り　１２台　無料　予約不要,西牟田,https://img.travel.rakuten.co.jp/share/HOTEL/141342/141342.jpg,https://img.travel.rakuten.co.jp/HIMG/90/141342.jpg,https://img.travel.rakuten.co.jp/share/HOTEL/141342/141342_kya1.jpg,https://img.travel.rakuten.co.jp/HIMG/INTERIOR/141342.jpg,https://img.travel.rakuten.co.jp/share/HOTEL/141342/141342map.gif,35.0,4.83,,3,【ゆすらうめ】高い天井と自然光で木のぬくもり溢れる和洋室,6107932.0,【直前割プラン】空室がある日限定。宿泊3日前から当日8時までのご予約で10％OFF（2食付）,1,0,0,0,0,2,https://img.travel.rakuten.co.jp/image/tr/api/re/IdsCY/?f_no=141342&f_syu=3&f_hi1=2026-04-21&f_hi2=2026-04-22&f_heya_su=1&f_otona_su=1&f_s1=0&f_s2=0&f_y1=0&f_y2=0&f_y3=0&f_y4=0&f_camp_id=6107932,0,2026-04-21,99450,99450,0,2026-04-21,merged-20260419
184190,みなも,https://img.travel.rakuten.co.jp/image/tr/api/re/pvonD/?f_no=184190,https://img.travel.rakuten.co.jp/image/tr/api/re/vFumt/?f_no=184190&f_flg=PLAN,https://img.travel.rakuten.co.jp/image/tr/api/re/WzozX/?noTomariHotel=184190,https://img.travel.rakuten.co.jp/image/tr/api/re/gJNfM/?f_hotel_no=184190,みなも,築100年以上の古民家を活かした、3棟6室からなる分散型宿。サウナ付き、専用バー付きのお部屋もございます。,12540,120023.14,470732.43,839-1321,福岡県,うきは市吉井町1302,0943-76-9882,0943-73-7724,福岡市内から車で約60分。大分自動車道朝倉IC、杷木ICより車で約15分。,有り　５台　無料　予約不要,筑後吉井,https://img.travel.rakuten.co.jp/share/HOTEL/184190/184190.jpg,https://img.travel.rakuten.co.jp/HIMG/90/184190.jpg,,,https://img.travel.rakuten.co.jp/share/HOTEL/184190/184190map.gif,22.0,5.0,,usui103,碓井邸103【「音」に浸る】,5494534.0,【スタンダード】築100年以上の古民家に泊まる 素泊りプラン,1,0,0,0,0,1,https://img.travel.rakuten.co.jp/image/tr/api/re/IdsCY/?f_no=184190&f_syu=usui103&f_hi1=2026-04-21&f_hi2=2026-04-22&f_heya_su=1&f_otona_su=1&f_s1=0&f_s2=0&f_y1=0&f_y2=0&f_y3=0&f_y4=0&f_camp_id=5494534,0,2026-04-21,21120,21120,0,2026-04-21,merged-20260419
192249,野はら邸,https://img.travel.rakuten.co.jp/image/tr/api/re/pvonD/?f_no=192249,https://img.travel.rakuten.co.jp/image/tr/api/re/vFumt/?f_no=192249&f_flg=PLAN,,https://img.travel.rakuten.co.jp/image/tr/api/re/gJNfM/?f_hotel_no=192249,のはらてい,一棟貸切！プロジェクターがあるリビングやお茶室もある、和モダンなデザイナーが手がけた平屋一棟貸別荘。【15人定員】,11000,119966.84,469864.05,830-0003,福岡県,久留米市東櫛原町643-1,0942-354545,0942-80-4850,西鉄久留米、ＪＲ　久留米駅より車で十分。西鉄櫛原駅より徒歩約２０分,有り　７台　無料　予約不要,櫛原,https://img.travel.rakuten.co.jp/share/HOTEL/192249/192249.jpg,https://img.travel.rakuten.co.jp/HIMG/90/192249.jpg,,,https://img.travel.rakuten.co.jp/share/HOTEL/192249/192249map.gif,,,,192249,一棟貸！和モダンな邸宅で、グループや家族or大切な人と！,6006118.0,【素泊まり】夢のような広い邸宅でグループ・ペア・三世代ファミリーなど楽しめる空間 15人まで可能,1,0,0,0,0,2,https://img.travel.rakuten.co.jp/image/tr/api/re/IdsCY/?f_no=192249&f_syu=192249&f_hi1=2026-04-21&f_hi2=2026-04-22&f_heya_su=1&f_otona_su=1&f_s1=0&f_s2=0&f_y1=0&f_y2=0&f_y3=0&f_y4=0&f_camp_id=6006118,0,2026-04-21,32000,32000,0,2026-04-21,merged-20260419
187885,フェアフィールド・バイ・マリオット・福岡うきは,https://img.travel.rakuten.co.jp/image/tr/api/re/pvonD/?f_no=187885,https://img.travel.rakuten.co.jp/image/tr/api/re/vFumt/?f_no=187885&f_flg=PLAN,https://img.travel.rakuten.co.jp/image/tr/api/re/WzozX/?noTomariHotel=187885,https://img.travel.rakuten.co.jp/image/tr/api/re/gJNfM/?f_hotel_no=187885,ふぇあふぃーるど･ばい･まりおっと･ふくおかうきは,筑後平野を一望できる道の駅「うきは」に隣接。観光農園でフルーツ狩りや風情豊な筑後吉井の白壁のまち並み散策も◎,6353,119990.79,470957.82,839-1408,福岡県,うきは市浮羽町山北734-6,06-6743-4750,06-6743-4584,JRうきは駅より車で約7分。杷木 ICより車で10分。,有り　先着順　【ホテル専用駐車場／ホテル裏共同利用駐車場】をご利用ください,うきは,https://img.travel.rakuten.co.jp/share/HOTEL/187885/187885.jpg,https://img.travel.rakuten.co.jp/HIMG/90/187885.jpg,,,https://img.travel.rakuten.co.jp/share/HOTEL/187885/187885map.gif,25.0,4.58,,ukitwin,【禁煙】ツインルーム　25平米/ベッド幅120cm×2台,6431378.0,＜1泊限定・最大20％OFF＞道の駅の日キャンペーンプラン,1,0,0,0,0,2,https://img.travel.rakuten.co.jp/image/tr/api/re/IdsCY/?f_no=187885&f_syu=ukitwin&f_hi1=2026-04-21&f_hi2=2026-04-22&f_heya_su=1&f_otona_su=1&f_s1=0&f_s2=0&f_y1=0&f_y2=0&f_y3=0&f_y4=0&f_camp_id=6431378,0,2026-04-21,14520,14520,0,2026-04-21,merged-20260419
129948,筑後川温泉　ふくせんか,https://img.travel.rakuten.co.jp/image/tr/api/re/pvonD/?f_no=129948,https://img.travel.rakuten.co.jp/image/tr/api/re/vFumt/?f_no=129948&f_flg=PLAN,https://img.travel.rakuten.co.jp/image/tr/api/re/WzozX/?noTomariHotel=129948,https://img.travel.rakuten.co.jp/image/tr/api/re/gJNfM/?f_hotel_no=129948,ちくごがわおんせん　ふくせんか,4月週末限定クーポン発行中！ペット同宿可能♪品数豊富な料理ととろとろ湯でリフレッシュ！4つの貸切風呂☆,10340,120079.96,470911.89,839-1405,福岡県,うきは市浮羽町古川1099-8,0943-77-3131,0943-77-7450,ＪＲ　筑後大石駅よりお車にて７分／杷木ＩＣ下車約３分◆福岡市内からふくせんかへは車で約1時間の好アクセス！,有り　３０台　無料　予約不要,筑後大石,https://img.travel.rakuten.co.jp/share/HOTEL/129948/129948.jpg,https://img.travel.rakuten.co.jp/HIMG/90/129948.jpg,https://img.travel.rakuten.co.jp/share/HOTEL/129948/129948_spa.jpg,https://img.travel.rakuten.co.jp/HIMG/INTERIOR/129948.jpg,https://img.travel.rakuten.co.jp/share/HOTEL/129948/129948map.gif,471.0,4.33,"クチコミの詳細はこちらから　https://re…　2026-03-04 07:28:31投稿 <a href=""https://img.travel.rakuten.co.jp/image/tr/api/re/gJNfM/?f_hotel_no=129948"" class=""3click"">つづきはこちら</a>",12,【筑後川を眺める】3F特別和洋室＜じあ＞貸切風呂付　禁煙,6182649.0,【素泊まり】平日限定！特別室/最終チェックイン20時までＯＫ！　※ペット不可,1,0,0,0,0,0,https://img.travel.rakuten.co.jp/image/tr/api/re/IdsCY/?f_no=129948&f_syu=12&f_hi1=2026-04-21&f_hi2=2026-04-22&f_heya_su=1&f_otona_su=1&f_s1=0&f_s2=0&f_y1=0&f_y2=0&f_y3=0&f_y4=0&f_camp_id=6182649,0,2026-04-21,21050,21050,0,2026-04-21,merged-20260419
192142,以久波,https://img.travel.rakuten.co.jp/image/tr/api/re/pvonD/?f_no=192142,https://img.travel.rakuten.co.jp/image/tr/api/re/vFumt/?f_no=192142&f_flg=PLAN,,https://img.travel.rakuten.co.jp/image/tr/api/re/gJNfM/?f_hotel_no=192142,いくは,泊まれる１００年古民家以久波（いくは）は、明治４４年に建築された１００年を超す町家造の商家住宅です。,8560,120024.61,470724.95,839-1321,福岡県,うきは市吉井町1386,080-2749-2961,000-000-0000,筑後吉井駅 徒歩約６分,有り　２５台　無料　うきは市管理：駐車場,筑後吉井,https://img.travel.rakuten.co.jp/share/HOTEL/192142/192142.jpg,https://img.travel.rakuten.co.jp/HIMG/90/192142.jpg,,,https://img.travel.rakuten.co.jp/share/HOTEL/192142/192142map.gif,4.0,,,all1,一棟貸し｜泊まれる100年古民家,6443757.0,【直前割20％OFF】空室があればご縁｜白壁の古民家でお得に滞在,1,0,0,0,0,2,https://img.travel.rakuten.co.jp/image/tr/api/re/IdsCY/?f_no=192142&f_syu=all1&f_hi1=2026-04-21&f_hi2=2026-04-22&f_heya_su=1&f_otona_su=1&f_s1=0&f_s2=0&f_y1=0&f_y2=0&f_y3=0&f_y4=0&f_camp_id=6443757,0,2026-04-21,30800,30800,0,2026-04-21,merged-20260419
192141,以久波別邸　虎屋,https://img.travel.rakuten.co.jp/image/tr/api/re/pvonD/?f_no=192141,https://img.travel.rakuten.co.jp/image/tr/api/re/vFumt/?f_no=192141&f_flg=PLAN,,https://img.travel.rakuten.co.jp/image/tr/api/re/gJNfM/?f_hotel_no=192141,イクハベッテイトラヤ,築150年の古民家をリニューアルした一棟貸し宿 白壁の町並みで歴史を感じる滞在,6000,120024.48,470741.17,839-1321,福岡県,うきは市吉井町1128,080-2749-2961,0943-73-7774,JR筑後吉井駅より徒歩約15分 白壁の町並み方面へ 大分道朝倉ICより車約12分。,有り　20台　無料　うきは市管理：上町商店街 駐車場,筑後吉井,https://img.travel.rakuten.co.jp/share/HOTEL/192141/192141.jpg,https://img.travel.rakuten.co.jp/HIMG/90/192141.jpg,,,https://img.travel.rakuten.co.jp/share/HOTEL/192141/192141map.gif,5.0,3.0,,ebisu3,蛭子の間｜白壁通りに佇む築150年の古民家｜最大3名,6265149.0,【リニューアル特別価格】期間限定｜白壁の古民家で歴史を感じる滞在,1,0,0,0,0,2,https://img.travel.rakuten.co.jp/image/tr/api/re/IdsCY/?f_no=192141&f_syu=ebisu3&f_hi1=2026-04-21&f_hi2=2026-04-22&f_heya_su=1&f_otona_su=1&f_s1=0&f_s2=0&f_y1=0&f_y2=0&f_y3=0&f_y4=0&f_camp_id=6265149,0,2026-04-21,8000,8000,0,2026-04-21,merged-20260419
51701,原鶴温泉　旅館　佐藤荘,https://img.travel.rakuten.co.jp/image/tr/api/re/pvonD/?f_no=51701,https://img.travel.rakuten.co.jp/image/tr/api/re/vFumt/?f_no=51701&f_flg=PLAN,https://img.travel.rakuten.co.jp/image/tr/api/re/WzozX/?noTomariHotel=51701,https://img.travel.rakuten.co.jp/image/tr/api/re/gJNfM/?f_hotel_no=51701,はらづるおんせん　りょかん　さとうそう,泉質の良い『真心の湯』　美肌効果があり季節に合わせたミネラル豊富な掛け流し温泉！（ペット同伴の宿泊は出来ません）,8800,120054.63,470824.43,838-1514,福岡県,朝倉市杷木久喜宮1890,0946-62-0657,0946-62-1335,ＪＲ筑後吉井駅より車で7～8分/杷木ＩＣより車で5分/朝倉ＩＣより車で10分/杷木バス停よりタクシー5分　,有り　１５台　無料　,筑後吉井,https://img.travel.rakuten.co.jp/share/HOTEL/51701/51701.jpg,https://img.travel.rakuten.co.jp/HIMG/90/51701.jpg,,,https://img.travel.rakuten.co.jp/share/HOTEL/51701/51701map.gif,50.0,4.83,,1,おまかせ和室,4044345.0,≪お得な素泊まりプラン≫ビジネス・観光歓迎！当日予約もOK☆,1,0,0,0,0,1,https://img.travel.rakuten.co.jp/image/tr/api/re/IdsCY/?f_no=51701&f_syu=1&f_hi1=2026-04-21&f_hi2=2026-04-22&f_heya_su=1&f_otona_su=1&f_s1=0&f_s2=0&f_y1=0&f_y2=0&f_y3=0&f_y4=0&f_camp_id=4044345,0,2026-04-21,11000,11000,0,2026-04-21,merged-20260419
198309,泊まれる学び舎＆ジビエＢＢＱ「ひみつ基地小塩」,https://img.travel.rakuten.co.jp/image/tr/api/re/pvonD/?f_no=198309,https://img.travel.rakuten.co.jp/image/tr/api/re/vFumt/?f_no=198309&f_flg=PLAN,,https://img.travel.rakuten.co.jp/image/tr/api/re/gJNfM/?f_hotel_no=198309,とまれるまなびやあんどじびえばーべきゅー「ひみつきちこじお」,2025年11月OPEN！廃校となった小塩小学校を活用した「ひみつ基地」,6200,119907.17,471043.84,839-1412,福岡県,うきは市浮羽町小塩2605-1,050-1721-5595,--,JR久大本線「うきは駅」からタクシーで約15分,駐車場あり（無料・予約不要）,うきは,https://img.travel.rakuten.co.jp/share/HOTEL/198309/198309.jpg,https://img.travel.rakuten.co.jp/HIMG/90/198309.jpg,,,https://img.travel.rakuten.co.jp/share/HOTEL/198309/198309map.gif,2.0,,,001,1年1組,6377107.0,1年1組｜素泊まりプラン　※BBQ機材やアウトドア用品は付属しません。,1,0,0,0,0,1,https://img.travel.rakuten.co.jp/image/tr/api/re/IdsCY/?f_no=198309&f_syu=001&f_hi1=2026-04-21&f_hi2=2026-04-22&f_heya_su=1&f_otona_su=1&f_s1=0&f_s2=0&f_y1=0&f_y2=0&f_y3=0&f_y4=0&f_camp_id=6377107,0,2026-04-21,13000,13000,0,2026-04-21,merged-20260419
192261,妹川ロッジ,https://img.travel.rakuten.co.jp/image/tr/api/re/pvonD/?f_no=192261,https://img.travel.rakuten.co.jp/image/tr/api/re/vFumt/?f_no=192261&f_flg=PLAN,,https://img.travel.rakuten.co.jp/image/tr/api/re/gJNfM/?f_hotel_no=192261,いもがわろっじ,「妹川ロッジ」は山の中腹にある小さな１棟貸し。　日当たりも眺めも良く、静かな立地,7980,119935.76,470858.33,839-1415,福岡県,うきは市浮羽町妹川182-3,0943-77-2277,0942-32-3866,ＪＲ久大本線　うきは駅から車で約５分。,有り　１台　無料　予約不要,うきは,https://img.travel.rakuten.co.jp/share/HOTEL/192261/192261.jpg,https://img.travel.rakuten.co.jp/HIMG/90/192261.jpg,,,https://img.travel.rakuten.co.jp/share/HOTEL/192261/192261map.gif,2.0,,,imogawa1,妹川ロッジ,6453316.0,【今が狙い目】5・6月限定 お得に泊まる15％OFFプラン,1,0,0,0,0,1,https://img.travel.rakuten.co.jp/image/tr/api/re/IdsCY/?f_no=192261&f_syu=imogawa1&f_hi1=2026-04-21&f_hi2=2026-04-22&f_heya_su=1&f_otona_su=1&f_s1=0&f_s2=0&f_y1=0&f_y2=0&f_y3=0&f_y4=0&f_camp_id=6453316,0,2026-04-21,22310,22310,0,2026-04-21,merged-20260419
187163,秋月の宿　月のはなれ,https://img.travel.rakuten.co.jp/image/tr/api/re/pvonD/?f_no=187163,https://img.travel.rakuten.co.jp/image/tr/api/re/vFumt/?f_no=187163&f_flg=PLAN,https://img.travel.rakuten.co.jp/image/tr/api/re/WzozX/?noTomariHotel=187163,https://img.travel.rakuten.co.jp/image/tr/api/re/gJNfM/?f_hotel_no=187163,あきづきのやど　つきのはなれ,秋月クラフトビール発祥の地にあるお宿です,8500,120521.37,470485.16,838-0001,福岡県,朝倉市秋月518,0946-25-0185,0946-23-8810,甘木鉄道甘木駅よりお車にて約１５分,有り　１０台　無料,甘木,https://img.travel.rakuten.co.jp/share/HOTEL/187163/187163.jpg,https://img.travel.rakuten.co.jp/HIMG/90/187163.jpg,,,https://img.travel.rakuten.co.jp/share/HOTEL/187163/187163map.gif,6.0,4.0,,sinkan_02,日本の原風景を満喫できるモダンリゾート（1部屋貸し）,,,1,0,0,1,0,2,https://img.travel.rakuten.co.jp/image/tr/api/re/IdsCY/?f_no=187163&f_syu=sinkan_02&f_hi1=2026-04-21&f_hi2=2026-04-22&f_heya_su=1&f_otona_su=1&f_s1=0&f_s2=0&f_y1=0&f_y2=0&f_y3=0&f_y4=0,1,2026-04-21,25200,25200,0,2026-04-21,merged-20260419
199493,ＲＥＮＶＩ　Ｕｋｉｈａ〜福岡の宿〜／民泊,https://img.travel.rakuten.co.jp/image/tr/api/re/pvonD/?f_no=199493,https://img.travel.rakuten.co.jp/image/tr/api/re/vFumt/?f_no=199493&f_flg=PLAN,,https://img.travel.rakuten.co.jp/image/tr/api/re/gJNfM/?f_hotel_no=199493,,うきはの一棟貸し。筑後吉井駅徒歩15分。最大9名。,7888,120048.39,470708.56,839-1306,福岡県,うきは市吉井町新治696-1-1,090-7547-8648,00-0000-0000,筑後吉井駅から徒歩で5分,あり,筑後吉井,https://img.travel.rakuten.co.jp/share/HOTEL/199493/199493.jpg,https://img.travel.rakuten.co.jp/HIMG/90/199493.jpg,,,https://img.travel.rakuten.co.jp/share/HOTEL/199493/199493map.gif,,,,r21292_9,RENVI Ukiha〜福岡の宿〜,6417589.0,一棟貸切|最大9名|筑後吉井駅から平坦な道を歩いて15分|空港から車50分|,1,0,0,0,0,2,https://img.travel.rakuten.co.jp/image/tr/api/re/IdsCY/?f_no=199493&f_syu=r21292_9&f_hi1=2026-04-21&f_hi2=2026-04-22&f_heya_su=1&f_otona_su=1&f_s1=0&f_s2=0&f_y1=0&f_y2=0&f_y3=0&f_y4=0&f_camp_id=6417589,0,2026-04-21,34800,34800,0,2026-04-21,merged-20260419
192262,小塩の灯り「石垣の別荘」,https://img.travel.rakuten.co.jp/image/tr/api/re/pvonD/?f_no=192262,https://img.travel.rakuten.co.jp/image/tr/api/re/vFumt/?f_no=192262&f_flg=PLAN,,https://img.travel.rakuten.co.jp/image/tr/api/re/gJNfM/?f_hotel_no=192262,こじおのあかり「いしがきのべっそう」,古代から続く美しい山間の築１００年を超の古民家を改装した１棟貸しの宿です。ご家族で、女子会で、カップルで特別なひととき,13440,119911.11,471047.88,839-1412,福岡県,うきは市浮羽町小塩2634-2,0943-77-2277,0942-32-3866,大分自動車道杷木ＩＣから約１５分、JRうきは駅より車で約１１分,有り　２台　無料　予約不要,うきは,https://img.travel.rakuten.co.jp/share/HOTEL/192262/192262.jpg,https://img.travel.rakuten.co.jp/HIMG/90/192262.jpg,,,https://img.travel.rakuten.co.jp/share/HOTEL/192262/192262map.gif,2.0,,,ishigaki,石垣の別荘,5998187.0,小塩の灯り「石垣の別荘」素泊まり（食材持ち込み可）,1,0,0,0,0,2,https://img.travel.rakuten.co.jp/image/tr/api/re/IdsCY/?f_no=192262&f_syu=ishigaki&f_hi1=2026-04-21&f_hi2=2026-04-22&f_heya_su=1&f_otona_su=1&f_s1=0&f_s2=0&f_y1=0&f_y2=0&f_y3=0&f_y4=0&f_camp_id=5998187,0,2026-04-21,39900,39900,0,2026-04-21,merged-20260419
184592,田篭の灯り,https://img.travel.rakuten.co.jp/image/tr/api/re/pvonD/?f_no=184592,https://img.travel.rakuten.co.jp/image/tr/api/re/vFumt/?f_no=184592&f_flg=PLAN,,https://img.travel.rakuten.co.jp/image/tr/api/re/gJNfM/?f_hotel_no=184592,たごもりのあかり,山間の集落を一望し、キャンプも楽しめるちょっと欲張りな山間のお宿,34000,119752.25,471044.55,839-1414,福岡県,うきは市浮羽町田篭516-1,0120-502-076,,公共交通手段をご利用の場合　JR博多駅　久留米経由　うきは駅下車     西鉄バス浮羽支線利用　浮羽発着所　中村,有り　無料　予約不要,うきは,https://img.travel.rakuten.co.jp/share/HOTEL/184592/184592.jpg,https://img.travel.rakuten.co.jp/HIMG/90/184592.jpg,,,https://img.travel.rakuten.co.jp/share/HOTEL/184592/184592map.gif,1.0,,,001,田篭の灯り「お宿」,6394443.0,【学生グループ割引】田篭の灯り「お宿」素泊りプラン（食材持ち込み可）,1,0,0,0,0,1,https://img.travel.rakuten.co.jp/image/tr/api/re/IdsCY/?f_no=184592&f_syu=001&f_hi1=2026-04-21&f_hi2=2026-04-22&f_heya_su=1&f_otona_su=1&f_s1=0&f_s2=0&f_y1=0&f_y2=0&f_y3=0&f_y4=0&f_camp_id=6394443,0,2026-04-21,49080,49080,1,2026-04-21,merged-20260419
147709,博多グリーンホテル１号館,https://img.travel.rakuten.co.jp/image/tr/api/re/pvonD/?f_no=147709,https://img.travel.rakuten.co.jp/image/tr/api/re/vFumt/?f_no=147709&f_flg=PLAN,https://img.travel.rakuten.co.jp/image/tr/api/re/WzozX/?noTomariHotel=147709,https://img.travel.rakuten.co.jp/image/tr/api/re/gJNfM/?f_hotel_no=147709,はかたぐりーんほてるいちごうかん,博多駅徒歩1分でアクセス抜群！１３時イン・１２時アウトのゆったり滞在。◇個別空調◇シモンズベッド◇加湿空気清浄機完備,7600,120918.91,469527.72,812-0012,福岡県,福岡市博多区博多駅中央街4-4,092-451-4110,092-451-4115,【最短アクセス】福岡空港～地下鉄５分。JR博多駅筑紫口（新幹線口）～徒歩１分！,"1泊／2,500円　先着・予約不可(満車・サイズによる入庫不可は有料駐車場へ案内　※途中入出庫不可)",博多,https://img.travel.rakuten.co.jp/share/HOTEL/147709/147709.jpg,https://img.travel.rakuten.co.jp/HIMG/90/147709.jpg,,,https://img.travel.rakuten.co.jp/share/HOTEL/147709/147709map.gif,1924.0,4.28,"グリーンホテルは、もう30年前に、鹿児島から当歯科医院のスタッフ研修では良く使わせて頂いていました。数十年ぶりにお世話になりました。チェックインはタッチパネ…　2026-04-15 21:22:13投稿 <a href=""https://img.travel.rakuten.co.jp/image/tr/api/re/gJNfM/?f_hotel_no=147709"" class=""3click"">つづきはこちら</a>",cd1_basic,喫煙コーナーダブル,6299548.0,【煙草と珈琲で整える、大人の休息ステイ。】素泊まり喫煙ペアプラン,1,0,0,0,0,1,https://img.travel.rakuten.co.jp/image/tr/api/re/IdsCY/?f_no=147709&f_syu=cd1_basic&f_hi1=2026-04-21&f_hi2=2026-04-22&f_heya_su=1&f_otona_su=1&f_s1=0&f_s2=0&f_y1=0&f_y2=0&f_y3=0&f_y4=0&f_camp_id=6299548,0,2026-04-21,33000,33000,0,2026-04-21,merged-20260419
165706,エスペリアホテル博多,https://img.travel.rakuten.co.jp/image/tr/api/re/pvonD/?f_no=165706,https://img.travel.rakuten.co.jp/image/tr/api/re/vFumt/?f_no=165706&f_flg=PLAN,https://img.travel.rakuten.co.jp/image/tr/api/re/WzozX/?noTomariHotel=165706,https://img.travel.rakuten.co.jp/image/tr/api/re/gJNfM/?f_hotel_no=165706,えすぺりあほてるはかた,お部屋は全室バス・トイレ・洗面が別！観光・ビジネスに便利な駅近ホテル,4770,120916.37,469506.7,812-0011,福岡県,福岡市博多区博多駅前2-11-4,092-412-7272,092-412-7271,地下鉄「博多駅」P５番出口より徒歩約分。JR「博多駅」より徒歩約５分、福岡空港から博多へは地下鉄約１０分,"有り　16台　1,600円（税込み／泊）　先着順 予約不可　※提携の駐車場はございません",博多,https://img.travel.rakuten.co.jp/share/HOTEL/165706/165706.jpg,https://img.travel.rakuten.co.jp/HIMG/90/165706.jpg,,,https://img.travel.rakuten.co.jp/share/HOTEL/165706/165706map.gif,1394.0,4.16,"バス、トイレ、洗面台が独立しているのが、とても良い。清潔で接客も良い。駅から徒歩5分程度で道もわかりやすく近くにコンビニもあり、とても便利です。また博多に…　2026-04-10 17:23:01投稿 <a href=""https://img.travel.rakuten.co.jp/image/tr/api/re/gJNfM/?f_hotel_no=165706"" class=""3click"">つづきはこちら</a>",gtt,グランドデラックスツイン【ベット幅120 ／29平米】,6040485.0,【素泊まり】直前予約でも早期予約でもお得な定番プラン！！,1,0,0,0,0,1,https://img.travel.rakuten.co.jp/image/tr/api/re/IdsCY/?f_no=165706&f_syu=gtt&f_hi1=2026-04-21&f_hi2=2026-04-22&f_heya_su=1&f_otona_su=1&f_s1=0&f_s2=0&f_y1=0&f_y2=0&f_y3=0&f_y4=0&f_camp_id=6040485,0,2026-04-21,39600,39600,0,2026-04-21,merged-20260419
79344,ダイワロイネットホテル博多祇園,https://img.travel.rakuten.co.jp/image/tr/api/re/pvonD/?f_no=79344,https://img.travel.rakuten.co.jp/image/tr/api/re/vFumt/?f_no=79344&f_flg=PLAN,https://img.travel.rakuten.co.jp/image/tr/api/re/WzozX/?noTomariHotel=79344,https://img.travel.rakuten.co.jp/image/tr/api/re/gJNfM/?f_hotel_no=79344,だいわろいねっとほてるはかたぎおん,地下鉄「祇園駅」より徒歩約1分の駅ちかホテル。天神・中洲屋台・キャナルシティへは徒歩圏内。ビジネス・遊びに便利。,5000,120924.68,469497.51,812-0038,福岡県,福岡市博多区祗園町1-24,092-281-3600,092-281-3601,地下鉄空港線「祇園駅」3番出口より徒歩約1分。JR「博多駅」より徒歩約8分、又は地下鉄利用で「祇園駅」下車、徒歩約1分。,"立体駐車場。収容20台。1泊（13時〜翌13時）1,800円税込。営業7時〜22時。車高1.55m迄",祇園（福岡）,https://img.travel.rakuten.co.jp/share/HOTEL/79344/79344.jpg,https://img.travel.rakuten.co.jp/HIMG/90/79344.jpg,https://img.travel.rakuten.co.jp/share/HOTEL/79344/79344_room.jpg,https://img.travel.rakuten.co.jp/HIMG/INTERIOR/79344.jpg,https://img.travel.rakuten.co.jp/share/HOTEL/79344/79344map.gif,3978.0,4.11,"クチコミの詳細はこちらから　http…　2026-04-16 12:12:14投稿 <a href=""https://img.travel.rakuten.co.jp/image/tr/api/re/gJNfM/?f_hotel_no=79344"" class=""3click"">つづきはこちら</a>",ss-01,＜喫煙＞スタンダードダブル 1名利用 18平米,1496191.0,【素泊まり】シンプルステイプラン●博多駅・中州へ好立地 祗園駅約1分●,1,0,0,0,0,1,https://img.travel.rakuten.co.jp/image/tr/api/re/IdsCY/?f_no=79344&f_syu=ss-01&f_hi1=2026-04-21&f_hi2=2026-04-22&f_heya_su=1&f_otona_su=1&f_s1=0&f_s2=0&f_y1=0&f_y2=0&f_y3=0&f_y4=0&f_camp_id=1496191,0,2026-04-21,23000,23000,0,2026-04-21,merged-20260419
80574,博多グリーンホテルアネックス,https://img.travel.rakuten.co.jp/image/tr/api/re/pvonD/?f_no=80574,https://img.travel.rakuten.co.jp/image/tr/api/re/vFumt/?f_no=80574&f_flg=PLAN,https://img.travel.rakuten.co.jp/image/tr/api/re/WzozX/?noTomariHotel=80574,https://img.travel.rakuten.co.jp/image/tr/api/re/gJNfM/?f_hotel_no=80574,はかたぐりーんほてるあねっくす,博多駅徒歩1分でアクセス抜群！１３時イン・１２時アウトのゆったり滞在。◇個別空調◇シモンズベッド◇直営コンビニ１Ｆ有,7000,120916.94,469527.77,812-0012,福岡県,福岡市博多区博多駅中央街4-32,092-451-4112,092-451-4177,【最短アクセス】福岡空港～地下鉄５分。JR博多駅筑紫口（新幹線口）～徒歩１分！,"1泊／2,500円　先着・予約不可(満車・サイズによる入庫不可は有料駐車場へ案内　※途中入出庫不可)",博多,https://img.travel.rakuten.co.jp/share/HOTEL/80574/80574.jpg,https://img.travel.rakuten.co.jp/HIMG/90/80574.jpg,https://img.travel.rakuten.co.jp/share/HOTEL/80574/80574_room.jpg,https://img.travel.rakuten.co.jp/HIMG/INTERIOR/80574.jpg,https://img.travel.rakuten.co.jp/share/HOTEL/80574/80574map.gif,2471.0,4.31,"クチコミの詳細はこちらから　https://review.travel.rakuten.co.jp/hotel/voice/80574?reviewI…　2026-04-11 16:55:39投稿 <a href=""https://img.travel.rakuten.co.jp/image/tr/api/re/gJNfM/?f_hotel_no=80574"" class=""3click"">つづきはこちら</a>",d,喫煙ダブルルーム,6298884.0,【煙草と珈琲で整える、大人の休息ステイ。】素泊まり喫煙ペアプラン,1,0,0,0,0,1,https://img.travel.rakuten.co.jp/image/tr/api/re/IdsCY/?f_no=80574&f_syu=d&f_hi1=2026-04-21&f_hi2=2026-04-22&f_heya_su=1&f_otona_su=1&f_s1=0&f_s2=0&f_y1=0&f_y2=0&f_y3=0&f_y4=0&f_camp_id=6298884,0,2026-04-21,33000,33000,0,2026-04-21,merged-20260419
151369,ＫＯＫＯ　ＨＯＴＥＬ　博多駅前（旧：ホテルウィングインターナショナルセレクト博多駅前）,https://img.travel.rakuten.co.jp/image/tr/api/re/pvonD/?f_no=151369,https://img.travel.rakuten.co.jp/image/tr/api/re/vFumt/?f_no=151369&f_flg=PLAN,https://img.travel.rakuten.co.jp/image/tr/api/re/WzozX/?noTomariHotel=151369,https://img.travel.rakuten.co.jp/image/tr/api/re/gJNfM/?f_hotel_no=151369,ここ　ほてる　はかたえきまえ,【TVで話題！博多駅徒歩4分のデザインホテル】世界11都市を巡る寛ぎの空間。全室シモンズ製ベッドとナノイー空気清浄機完備,2925,120906.47,469507.04,812-0011,福岡県,福岡市博多区博多駅前3-22-19,092-476-9111,092-476-9112,JR・地下鉄博多駅博多口から徒歩4分☆福岡空港国内線から地下鉄で2駅　タクシーで約15分　国際線からタクシーで約20分,提携有料駐車場有り／270台収容　24時間1500円（税込）でサービス券販売中,博多,https://img.travel.rakuten.co.jp/share/HOTEL/151369/151369.jpg,https://img.travel.rakuten.co.jp/HIMG/90/151369.jpg,https://img.travel.rakuten.co.jp/share/HOTEL/151369/151369_kan1.jpg,https://img.travel.rakuten.co.jp/HIMG/INTERIOR/151369.jpg,https://img.travel.rakuten.co.jp/share/HOTEL/151369/151369map.gif,1072.0,4.07,"部屋の広さは別にしても、風呂場に入るのに着替えるところがないのは、二人部屋にしてはおかしな作りだと思う。…　2026-04-12 08:04:50投稿 <a href=""https://img.travel.rakuten.co.jp/image/tr/api/re/gJNfM/?f_hotel_no=151369"" class=""3click"">つづきはこちら</a>",nst,【North Wing】禁煙スーペリアツインルーム,5702098.0,【タイムセール／素泊まり】インスタ映え抜群！フロアごとに異なる世界の都市をイメージしたデザイン,1,0,0,0,0,1,https://img.travel.rakuten.co.jp/image/tr/api/re/IdsCY/?f_no=151369&f_syu=nst&f_hi1=2026-04-21&f_hi2=2026-04-22&f_heya_su=1&f_otona_su=1&f_s1=0&f_s2=0&f_y1=0&f_y2=0&f_y3=0&f_y4=0&f_camp_id=5702098,0,2026-04-21,29925,29925,0,2026-04-21,merged-20260419
76404,天然温泉　御笠の湯　ドーミーイン博多祇園（２０２６年４月１日リニューアルオープン）,https://img.travel.rakuten.co.jp/image/tr/api/re/pvonD/?f_no=76404,https://img.travel.rakuten.co.jp/image/tr/api/re/vFumt/?f_no=76404&f_flg=PLAN,https://img.travel.rakuten.co.jp/image/tr/api/re/WzozX/?noTomariHotel=76404,https://img.travel.rakuten.co.jp/image/tr/api/re/gJNfM/?f_hotel_no=76404,てんねんおんせん　みかさのゆ　どーみーいんはかたぎおん,【4月リニューアルオープン】博多で温泉に入ろう！空港から地下鉄で1本でアクセス抜群　博多名物「水炊き」自慢の朝食を☆,8500,120924.81,469495.06,812-0039,福岡県,福岡市博多区冷泉町1-12,092-271-5489,092-271-5210,地下鉄空港線「祗園駅」3番出口から徒歩1分、博多駅から徒歩約10分,12台【先着順・出入自由・1泊 ２０００円】満車の際は提携先又は近隣駐車場にご案内させて頂きます。,祇園（福岡）,https://img.travel.rakuten.co.jp/share/HOTEL/76404/76404.jpg,https://img.travel.rakuten.co.jp/HIMG/90/76404.jpg,https://img.travel.rakuten.co.jp/share/HOTEL/76404/76404_d.jpg,https://img.travel.rakuten.co.jp/HIMG/INTERIOR/76404.jpg,https://img.travel.rakuten.co.jp/share/HOTEL/76404/76404map.gif,4646.0,4.28,"クチコミの詳細はこちらから　https://review.travel.rakuten.co.jp/hotel/voice/76404?reviewI…　2026-04-16 17:30:47投稿 <a href=""https://img.travel.rakuten.co.jp/image/tr/api/re/gJNfM/?f_hotel_no=76404"" class=""3click"">つづきはこちら</a>",cdn,【7〜10F指定】◆CLUB FLOOR ダブル◆《禁煙》,1834097.0,【大浴場×サウナでととのう！】ドーミーインスタンダードプラン!!＜素泊まり＞,1,0,0,0,0,1,https://img.travel.rakuten.co.jp/image/tr/api/re/IdsCY/?f_no=76404&f_syu=cdn&f_hi1=2026-04-21&f_hi2=2026-04-22&f_heya_su=1&f_otona_su=1&f_s1=0&f_s2=0&f_y1=0&f_y2=0&f_y3=0&f_y4=0&f_camp_id=1834097,0,2026-04-21,27500,27500,0,2026-04-21,merged-20260419
2325,ホテル日航福岡,https://img.travel.rakuten.co.jp/image/tr/api/re/pvonD/?f_no=2325,https://img.travel.rakuten.co.jp/image/tr/api/re/vFumt/?f_no=2325&f_flg=PLAN,https://img.travel.rakuten.co.jp/image/tr/api/re/WzozX/?noTomariHotel=2325,https://img.travel.rakuten.co.jp/image/tr/api/re/gJNfM/?f_hotel_no=2325,にっこうふくおか,ホテル本館6階フィットネスクラブが改装工事の為2025年4月1日から2026年3月31日まで営業休止となります。,12000,120917.58,469510.07,812-0011,福岡県,福岡市博多区博多駅前2-18-25　,092-482-1111,092-482-1127,ＪＲ博多シティ(博多駅)から徒歩3分/福岡空港から地下鉄2駅(所要時間5分)※地下道で直結・P5番出口,ホテル地下駐車場◇117台◇1泊1500円(※2026年4月1日より1泊2000円に改定),博多,https://img.travel.rakuten.co.jp/share/HOTEL/2325/2325.jpg,https://img.travel.rakuten.co.jp/HIMG/90/2325.jpg,https://img.travel.rakuten.co.jp/share/HOTEL/2325/2325_kya.jpg,https://img.travel.rakuten.co.jp/HIMG/INTERIOR/2325.jpg,https://img.travel.rakuten.co.jp/share/HOTEL/2325/2325map.gif,3691.0,4.44,"クチコミの詳細はこちらから　https://review.travel.rakuten.co…　2026-04-12 09:27:19投稿 <a href=""https://img.travel.rakuten.co.jp/image/tr/api/re/gJNfM/?f_hotel_no=2325"" class=""3click"">つづきはこちら</a>",tcs,【禁煙】ツイン・シティサイド(29.5平米),6124205.0,【SAVER】　観光におすすめ！シンプルステイ〜ＪＲ博多駅徒歩3分でアクセス抜群♪,1,0,0,0,0,1,https://img.travel.rakuten.co.jp/image/tr/api/re/IdsCY/?f_no=2325&f_syu=tcs&f_hi1=2026-04-21&f_hi2=2026-04-22&f_heya_su=1&f_otona_su=1&f_s1=0&f_s2=0&f_y1=0&f_y2=0&f_y3=0&f_y4=0&f_camp_id=6124205,0,2026-04-21,52250,52250,0,2026-04-21,merged-20260419
172310,都ホテル博多,https://img.travel.rakuten.co.jp/image/tr/api/re/pvonD/?f_no=172310,https://img.travel.rakuten.co.jp/image/tr/api/re/vFumt/?f_no=172310&f_flg=PLAN,https://img.travel.rakuten.co.jp/image/tr/api/re/WzozX/?noTomariHotel=172310,https://img.travel.rakuten.co.jp/image/tr/api/re/gJNfM/?f_hotel_no=172310,みやこほてるはかた,さあ、都心のリゾートへ！ここは、いつでも夏休み。★屋上には天然温泉スパ＆レストラン★心地良いという新しいラグジュアリー,16400,120911.58,469529.98,812-0013,福岡県,福岡市博多区博多駅東2-1-1,092-441-3111,092-441-3122,博多駅直結！徒歩約１分。＜東７番出口＞福岡空港から地下鉄で約７分、車で約15分。一歩足を踏み入れたらもうそこはリゾート！,"1泊 2,000円　先着順36台 屋内機械式（長5.3m 幅1.96m 高2m)／提携有り：20m先",博多,https://img.travel.rakuten.co.jp/share/HOTEL/172310/172310.jpg,https://img.travel.rakuten.co.jp/HIMG/90/172310.jpg,https://img.travel.rakuten.co.jp/share/HOTEL/172310/172310_kan1.jpg,https://img.travel.rakuten.co.jp/HIMG/INTERIOR/172310.jpg,https://img.travel.rakuten.co.jp/share/HOTEL/172310/172310map.gif,968.0,4.58,"クチコミの詳細はこちらから　https://review.tr…　2026-04-16 21:09:32投稿 <a href=""https://img.travel.rakuten.co.jp/image/tr/api/re/gJNfM/?f_hotel_no=172310"" class=""3click"">つづきはこちら</a>",lxd2mb,ラグジュアリーツイン＜禁煙＞,6327701.0,＜夕食18時〜＞1泊2食付【シェフズ スペシャル】和洋織り交ぜたフレンチを愉しむ,1,1,0,1,0,2,https://img.travel.rakuten.co.jp/image/tr/api/re/IdsCY/?f_no=172310&f_syu=lxd2mb&f_hi1=2026-04-21&f_hi2=2026-04-22&f_heya_su=1&f_otona_su=1&f_s1=0&f_s2=0&f_y1=0&f_y2=0&f_y3=0&f_y4=0&f_camp_id=6327701,0,2026-04-21,66090,66090,0,2026-04-21,merged-20260419
27861,ホテル　キャビナス福岡,https://img.travel.rakuten.co.jp/image/tr/api/re/pvonD/?f_no=27861,https://img.travel.rakuten.co.jp/image/tr/api/re/vFumt/?f_no=27861&f_flg=PLAN,,https://img.travel.rakuten.co.jp/image/tr/api/re/gJNfM/?f_hotel_no=27861,きゃびなす　ふくおか,福岡県・福岡市条例により2020年4月1日より、お1人様ご1泊当り、宿泊税200円を別途頂きます。,390,120916.31,469513.1,812-0011,福岡県,福岡市博多区博多駅前2-18-1,092-436-8880,092-436-8777,ＪＲ博多駅より徒歩１分,有り　３０台　１０００円（税込／泊）　車両制限あり。詳細はご連絡下さいませ。先着順のご案内、予約不可,博多,https://img.travel.rakuten.co.jp/share/HOTEL/27861/27861.jpg,https://img.travel.rakuten.co.jp/HIMG/90/27861.jpg,https://img.travel.rakuten.co.jp/share/HOTEL/27861/27861_heya.jpg,https://img.travel.rakuten.co.jp/HIMG/INTERIOR/27861.jpg,https://img.travel.rakuten.co.jp/share/HOTEL/27861/27861map.gif,4442.0,4.13,"クチコミの詳細はこちらから　https://review.travel.rakuten.co.j…　2026-04-15 14:03:36投稿 <a href=""https://img.travel.rakuten.co.jp/image/tr/api/re/gJNfM/?f_hotel_no=27861"" class=""3click"">つづきはこちら</a>",38,男性専用連結カプセル,6338431.0,年男2026年午(うま)年限定バースディプラン☆対象のお誕生日当日の方限定☆※男性専用※,1,0,0,0,0,0,https://img.travel.rakuten.co.jp/image/tr/api/re/IdsCY/?f_no=27861&f_syu=38&f_hi1=2026-04-21&f_hi2=2026-04-22&f_heya_su=1&f_otona_su=1&f_s1=0&f_s2=0&f_y1=0&f_y2=0&f_y3=0&f_y4=0&f_camp_id=6338431,0,2026-04-21,390,390,0,2026-04-21,merged-20260419
70283,ｔｈｅ　ｂ　博多（ザビー　はかた）,https://img.travel.rakuten.co.jp/image/tr/api/re/pvonD/?f_no=70283,https://img.travel.rakuten.co.jp/image/tr/api/re/vFumt/?f_no=70283&f_flg=PLAN,https://img.travel.rakuten.co.jp/image/tr/api/re/WzozX/?noTomariHotel=70283,https://img.travel.rakuten.co.jp/image/tr/api/re/gJNfM/?f_hotel_no=70283,ざびーはかた, ドーナツなどの軽食「トッテッテ」＆コーヒー無料☆朝食は地元の食材を使った和洋ブッフェをご用意！,4675,120901.23,469531.47,812-0016,福岡県,福岡市博多区博多駅南1-3-9,092-415-3333,092-483-1555,JR「博多駅」筑紫口・地下鉄「博多駅」東5出口より徒歩4分。福岡空港より地下鉄博多駅まで約5分,"駐車場3台有 完全予約制 1泊1,500円。電話予約のみ承ります。必ず事前にお電話ください。",博多,https://img.travel.rakuten.co.jp/share/HOTEL/70283/70283.jpg,https://img.travel.rakuten.co.jp/HIMG/90/70283.jpg,https://img.travel.rakuten.co.jp/share/HOTEL/70283/70283_si.jpg,https://img.travel.rakuten.co.jp/HIMG/INTERIOR/70283.jpg,https://img.travel.rakuten.co.jp/share/HOTEL/70283/70283map.gif,2582.0,3.95,"クチコミの詳細はこちら…　2026-04-02 20:40:11投稿 <a href=""https://img.travel.rakuten.co.jp/image/tr/api/re/gJNfM/?f_hotel_no=70283"" class=""3click"">つづきはこちら</a>",nstw,スタンダードツイン【禁煙】（15平米・90cm幅ベッド）,4916885.0,【返金不可割引】【素泊まり】予定が決まっている方におすすめ！急な出張やおでかけにも◇直前予約OK！,1,0,0,0,0,2,https://img.travel.rakuten.co.jp/image/tr/api/re/IdsCY/?f_no=70283&f_syu=nstw&f_hi1=2026-04-21&f_hi2=2026-04-22&f_heya_su=1&f_otona_su=1&f_s1=0&f_s2=0&f_y1=0&f_y2=0&f_y3=0&f_y4=0&f_camp_id=4916885,0,2026-04-21,27200,27200,0,2026-04-21,merged-20260419
5012,天然温泉　八百治の湯　八百治博多ホテル,https://img.travel.rakuten.co.jp/image/tr/api/re/pvonD/?f_no=5012,https://img.travel.rakuten.co.jp/image/tr/api/re/vFumt/?f_no=5012&f_flg=PLAN,https://img.travel.rakuten.co.jp/image/tr/api/re/WzozX/?noTomariHotel=5012,https://img.travel.rakuten.co.jp/image/tr/api/re/gJNfM/?f_hotel_no=5012,てんねんおんせん　やおじのゆ　やおじはかたほてる,博多駅徒歩5分♪　★2019年7月天然温泉大浴場リニューアル★Wi-Fi無料＆加湿機能付空気清浄機完備♪,6450,120897.28,469511.51,812-0011,福岡県,福岡市博多区博多駅前4-9-2,092-483-5111,092-483-5123,博多駅博多口より徒歩５分（福岡空港から博多駅まで地下鉄で５分。）,"契約駐車場　1,500円（税込）/14時〜翌日14時",博多,https://img.travel.rakuten.co.jp/share/HOTEL/5012/5012.jpg,https://img.travel.rakuten.co.jp/HIMG/90/5012.jpg,https://img.travel.rakuten.co.jp/share/HOTEL/5012/5012_sgl.jpg,https://img.travel.rakuten.co.jp/HIMG/INTERIOR/5012.jpg,https://img.travel.rakuten.co.jp/share/HOTEL/5012/5012map.gif,4426.0,4.17,"博多駅から徒歩圏内にホテルがあり、近くにはコンビニやファストフード店もあり便利な立地です。私はスマホ案内を利用しましたが、なぜかホテルの入り口がわからず迷っ…　2026-04-14 19:09:01投稿 <a href=""https://img.travel.rakuten.co.jp/image/tr/api/re/gJNfM/?f_hotel_no=5012"" class=""3click"">つづきはこちら</a>",twns,ツインルーム○禁煙ベッド幅１１０cm（２ベッド）,4363682.0,シンプルステイ☆,1,0,0,0,0,1,https://img.travel.rakuten.co.jp/image/tr/api/re/IdsCY/?f_no=5012&f_syu=twns&f_hi1=2026-04-21&f_hi2=2026-04-22&f_heya_su=1&f_otona_su=1&f_s1=0&f_s2=0&f_y1=0&f_y2=0&f_y3=0&f_y4=0&f_camp_id=4363682,0,2026-04-21,32900,32900,0,2026-04-21,merged-20260419
11007,サウナ・カプセル　ウェルビー福岡,https://img.travel.rakuten.co.jp/image/tr/api/re/pvonD/?f_no=11007,https://img.travel.rakuten.co.jp/image/tr/api/re/vFumt/?f_no=11007&f_flg=PLAN,,https://img.travel.rakuten.co.jp/image/tr/api/re/gJNfM/?f_hotel_no=11007,さうな・かぷせる　うぇるびーふくおか,2024年11月に改装リニューアル！！サウナ、湯舟入り放題♪　館内無料Wi-Fi対応！アメニティ、朝食も無料です♪,5300,120917.52,469487.66,812-0038,福岡県,福岡市博多区祇園町8-12ロータリー大和2F,092-291-1009,092-291-1156,地下鉄「櫛田神社前駅」より徒歩30秒 / 「博多駅」博多口より徒歩10分,「シーサーパーキング」…400円分サービス。,博多,https://img.travel.rakuten.co.jp/share/HOTEL/11007/11007.jpg,https://img.travel.rakuten.co.jp/HIMG/90/11007.jpg,https://img.travel.rakuten.co.jp/share/HOTEL/11007/11007_heya.jpg,https://img.travel.rakuten.co.jp/HIMG/INTERIOR/11007.jpg,https://img.travel.rakuten.co.jp/share/HOTEL/11007/11007map.gif,2033.0,4.15,"朝食は美味しかったで…　2026-04-14 21:15:46投稿 <a href=""https://img.travel.rakuten.co.jp/image/tr/api/re/gJNfM/?f_hotel_no=11007"" class=""3click"">つづきはこちら</a>",zcp,【カプセルルーム・上段】（男性専用）,2251496.0,SAUNAでととのうカプセルプラン【男性専用】,1,0,0,1,0,1,https://img.travel.rakuten.co.jp/image/tr/api/re/IdsCY/?f_no=11007&f_syu=zcp&f_hi1=2026-04-21&f_hi2=2026-04-22&f_heya_su=1&f_otona_su=1&f_s1=0&f_s2=0&f_y1=0&f_y2=0&f_y3=0&f_y4=0&f_camp_id=2251496,0,2026-04-21,5300,5300,1,2026-04-21,merged-20260419
184617,Ｇｒａｎｄ　Ｅｍｐｉｒｅ　Ｈｏｔｅｌ（グランドエンパイアホテル）,https://img.travel.rakuten.co.jp/image/tr/api/re/pvonD/?f_no=184617,https://img.travel.rakuten.co.jp/image/tr/api/re/vFumt/?f_no=184617&f_flg=PLAN,https://img.travel.rakuten.co.jp/image/tr/api/re/WzozX/?noTomariHotel=184617,https://img.travel.rakuten.co.jp/image/tr/api/re/gJNfM/?f_hotel_no=184617,ぐらんどえんぱいあほてる,【駐車場無料】【全室43㎡以上】【全室禁煙】上質さにこだわった空間でごゆっくりお寛ぎください。,10000,120631.04,469738.41,816-0956,福岡県,大野城市南大利2-1-23,092-596-6363,092-596-7964,JR大野城駅よりお車で５分／西鉄下大利駅よりお車で５分／太宰府I.Cよりお車で約１０分／キッザニア福岡までお車で約２５分,有り　90台　無料　★２４時間入出庫可★　※満車の場合は臨時駐車場へご案内いたします,大野城,https://img.travel.rakuten.co.jp/share/HOTEL/184617/184617.jpg,https://img.travel.rakuten.co.jp/HIMG/90/184617.jpg,,,https://img.travel.rakuten.co.jp/share/HOTEL/184617/184617map.gif,357.0,4.68,"豪華なエントランスと素晴らしい接客サービスで素敵な旅の締めくくりとなりました。お部屋は広くて清潔、バスとトイレが別で、さらに洗面ボウルが2つあってとても便利で…　2026-04-15 19:52:55投稿 <a href=""https://img.travel.rakuten.co.jp/image/tr/api/re/gJNfM/?f_hotel_no=184617"" class=""3click"">つづきはこちら</a>",geh181023,エンパイアツイン,6415307.0,【返金不可】【事前決済】スタンダードプラン（素泊まり）,1,0,0,0,0,2,https://img.travel.rakuten.co.jp/image/tr/api/re/IdsCY/?f_no=184617&f_syu=geh181023&f_hi1=2026-04-21&f_hi2=2026-04-22&f_heya_su=1&f_otona_su=1&f_s1=0&f_s2=0&f_y1=0&f_y2=0&f_y3=0&f_y4=0&f_camp_id=6415307,0,2026-04-21,17600,17600,0,2026-04-21,merged-20260419
184444,プリンス　スマート　イン　博多,https://img.travel.rakuten.co.jp/image/tr/api/re/pvonD/?f_no=184444,https://img.travel.rakuten.co.jp/image/tr/api/re/vFumt/?f_no=184444&f_flg=PLAN,https://img.travel.rakuten.co.jp/image/tr/api/re/WzozX/?noTomariHotel=184444,https://img.travel.rakuten.co.jp/image/tr/api/re/gJNfM/?f_hotel_no=184444,ぷりんすすまーといんはかた,【2022年10月13日開業】JR博多駅・博多口より徒歩約5分。新幹線・福岡空港からアクセス便利！観光や出張の拠点に。,5950,120906.64,469505.24,812-0011,福岡県,福岡市博多区博多駅前三丁目21番４号,050-3117-8027,092-482-3111,JR博多駅・博多口より徒歩約5分。新幹線・福岡空港からアクセス便利！観光にもビジネスにもおすすめです。,"1泊 1,300円　※先着順 ※お支払いはご宿泊日当日クレジットカードでのご精算",博多,https://img.travel.rakuten.co.jp/share/HOTEL/184444/184444.jpg,https://img.travel.rakuten.co.jp/HIMG/90/184444.jpg,,,https://img.travel.rakuten.co.jp/share/HOTEL/184444/184444map.gif,83.0,3.88,"スマートホテルタイプははじめての経験でしたが、十分に満足しました…　2026-04-09 13:30:27投稿 <a href=""https://img.travel.rakuten.co.jp/image/tr/api/re/gJNfM/?f_hotel_no=184444"" class=""3click"">つづきはこちら</a>",prtn,【禁煙】スタンダードツイン,6384591.0,【バリューレート】室料のみ（軽朝食サービス付き） ,1,0,0,0,0,2,https://img.travel.rakuten.co.jp/image/tr/api/re/IdsCY/?f_no=184444&f_syu=prtn&f_hi1=2026-04-21&f_hi2=2026-04-22&f_heya_su=1&f_otona_su=1&f_s1=0&f_s2=0&f_y1=0&f_y2=0&f_y3=0&f_y4=0&f_camp_id=6384591,0,2026-04-21,29710,29710,0,2026-04-21,merged-20260419
130158,天然温泉　袖湊の湯　ドーミーインＰＲＥＭＩＵＭ博多・キャナルシティ前（ドーミーイン・野乃　グループ）,https://img.travel.rakuten.co.jp/image/tr/api/re/pvonD/?f_no=130158,https://img.travel.rakuten.co.jp/image/tr/api/re/vFumt/?f_no=130158&f_flg=PLAN,https://img.travel.rakuten.co.jp/image/tr/api/re/WzozX/?noTomariHotel=130158,https://img.travel.rakuten.co.jp/image/tr/api/re/gJNfM/?f_hotel_no=130158,てんねんおんせん　そでみなとのゆ　どーみーいんぷれみあむはかた・きゃなるしてぃまえ,★全室スマートテレビ導入★キャナルシティ近く、櫛田神社駅目の前の好立地！自慢の大浴場＆サウナで免疫力を高めよう！,8000,120914.42,469492.64,812-0038,福岡県,福岡市博多区祇園町9-1,092-272-5489,092-282-6670,■ＪＲ博多駅博多口より徒歩10分　■地下鉄櫛田神社前駅7番出口より徒歩1分,先着順・1泊2000円・高さ2ｍ 車幅：1.85ｍ ※サイズ内でも形状により入庫不可の場合有,中洲川端,https://img.travel.rakuten.co.jp/share/HOTEL/130158/130158.jpg,https://img.travel.rakuten.co.jp/HIMG/90/130158.jpg,https://img.travel.rakuten.co.jp/share/HOTEL/130158/130158_bth.jpg,https://img.travel.rakuten.co.jp/HIMG/INTERIOR/130158.jpg,https://img.travel.rakuten.co.jp/share/HOTEL/130158/130158map.gif,1588.0,4.44,"クチコミの詳細はこちらから　https://review.travel.rakuten.co…　2026-03-30 18:45:50投稿 <a href=""https://img.travel.rakuten.co.jp/image/tr/api/re/gJNfM/?f_hotel_no=130158"" class=""3click"">つづきはこちら</a>",qn,◇禁煙クイーンルーム◇男女別天然温泉大浴場サウナ完備！,3151303.0,【大浴場×サウナでととのう！】ドーミーインスタンダードプラン!!＜素泊まり＞,1,0,0,0,0,1,https://img.travel.rakuten.co.jp/image/tr/api/re/IdsCY/?f_no=130158&f_syu=qn&f_hi1=2026-04-21&f_hi2=2026-04-22&f_heya_su=1&f_otona_su=1&f_s1=0&f_s2=0&f_y1=0&f_y2=0&f_y3=0&f_y4=0&f_camp_id=3151303,0,2026-04-21,28500,28500,0,2026-04-21,merged-20260419
166975,東急ステイ博多,https://img.travel.rakuten.co.jp/image/tr/api/re/pvonD/?f_no=166975,https://img.travel.rakuten.co.jp/image/tr/api/re/vFumt/?f_no=166975&f_flg=PLAN,https://img.travel.rakuten.co.jp/image/tr/api/re/WzozX/?noTomariHotel=166975,https://img.travel.rakuten.co.jp/image/tr/api/re/gJNfM/?f_hotel_no=166975,とうきゅうすていはかた,全室に洗濯乾燥機・電子レンジ完備！連泊・中長期の滞在に便利♪♪,4900,120895.8,469524.24,812-0016,福岡県,福岡市博多区博多駅南1-11-11,092-431-1091,092-431-1092,福岡市地下鉄空港線博多駅　東5番出口より徒歩7分　/　JR博多駅　筑紫口より徒歩8分,無し。近隣のコインパーキングをご利用ください（提携駐車場はございません）。,博多,https://img.travel.rakuten.co.jp/share/HOTEL/166975/166975.jpg,https://img.travel.rakuten.co.jp/HIMG/90/166975.jpg,,,https://img.travel.rakuten.co.jp/share/HOTEL/166975/166975map.gif,975.0,4.38,"シャンプー・コンディショナー、シャワーヘッドやドライヤー、アイロンの貸し出しまで全てReFaを使わせていただけて。ずっと気になっていた製品を使うことができたと、娘が…　2026-04-16 22:30:25投稿 <a href=""https://img.travel.rakuten.co.jp/image/tr/api/re/gJNfM/?f_hotel_no=166975"" class=""3click"">つづきはこちら</a>",deluxe,デラックスツイン【禁煙】24平米／洗濯乾燥機付・バストイレ別,5415022.0,【スタンダードプラン】ビジネス＆観光の拠点に！洗濯乾燥機＆電子レンジ完備【1名】（素泊）,1,0,0,0,0,1,https://img.travel.rakuten.co.jp/image/tr/api/re/IdsCY/?f_no=166975&f_syu=deluxe&f_hi1=2026-04-21&f_hi2=2026-04-22&f_heya_su=1&f_otona_su=1&f_s1=0&f_s2=0&f_y1=0&f_y2=0&f_y3=0&f_y4=0&f_camp_id=5415022,0,2026-04-21,37460,37460,0,2026-04-21,merged-20260419
130113,ザ　ロイヤルパークホテル　福岡,https://img.travel.rakuten.co.jp/image/tr/api/re/pvonD/?f_no=130113,https://img.travel.rakuten.co.jp/image/tr/api/re/vFumt/?f_no=130113&f_flg=PLAN,https://img.travel.rakuten.co.jp/image/tr/api/re/WzozX/?noTomariHotel=130113,https://img.travel.rakuten.co.jp/image/tr/api/re/gJNfM/?f_hotel_no=130113,ざ　ろいやるぱーくほてる　ふくおか,◆博多駅・キャナルシティ博多まで徒歩約5分◆ビジネスや観光の拠点として好立地◆ツインルーム以上は洗い場付き浴室！,5600,120913.83,469505.07,812-0011,福岡県,福岡市博多区博多駅前2-14-15,092-414-1111,092-414-1121,新幹線・ＪＲ線・市営地下鉄「博多駅」（博多口）より徒歩約5分,"提携駐車場あり(入庫から17時間まで2,000円)、徒歩約3分",博多,https://img.travel.rakuten.co.jp/share/HOTEL/130113/130113.jpg,https://img.travel.rakuten.co.jp/HIMG/90/130113.jpg,https://img.travel.rakuten.co.jp/share/HOTEL/130113/130113_kya.jpg,https://img.travel.rakuten.co.jp/HIMG/INTERIOR/130113.jpg,https://img.travel.rakuten.co.jp/share/HOTEL/130113/130113map.gif,1582.0,4.22,"中華レストランでの朝食は4種類から選ぶメインに中華粥、ブッフェは中華以外にも筑前煮・味噌汁などの和食、スクランブルエッグ、ソーセージな…　2026-03-07 22:13:51投稿 <a href=""https://img.travel.rakuten.co.jp/image/tr/api/re/gJNfM/?f_hotel_no=130113"" class=""3click"">つづきはこちら</a>",sra,【禁煙】デラックスツイン ,6409527.0,【オンラインカード決済限定】バリューステイプラン（素泊まり）,1,0,0,0,0,2,https://img.travel.rakuten.co.jp/image/tr/api/re/IdsCY/?f_no=130113&f_syu=sra&f_hi1=2026-04-21&f_hi2=2026-04-22&f_heya_su=1&f_otona_su=1&f_s1=0&f_s2=0&f_y1=0&f_y2=0&f_y3=0&f_y4=0&f_camp_id=6409527,0,2026-04-21,39000,39000,0,2026-04-21,merged-20260419
166453,フォーポイント　フレックス　ｂｙ　シェラトン　福岡博多,https://img.travel.rakuten.co.jp/image/tr/api/re/pvonD/?f_no=166453,https://img.travel.rakuten.co.jp/image/tr/api/re/vFumt/?f_no=166453&f_flg=PLAN,https://img.travel.rakuten.co.jp/image/tr/api/re/WzozX/?noTomariHotel=166453,https://img.travel.rakuten.co.jp/image/tr/api/re/gJNfM/?f_hotel_no=166453,ふぉーぽいんと　ふれっくす　ばい　しぇらとん　ふくおかはかた,マリオットグループ日本初上陸ブランド！博多駅・中州へ徒歩圏内！	,6292,120898.93,469502.62,812-0011,福岡県,福岡市博多区博多駅前3-6-7,092-433-6172,092-433-6175,博多駅博多口より徒歩にて約9分。,無し,博多,https://img.travel.rakuten.co.jp/share/HOTEL/166453/166453.jpg,https://img.travel.rakuten.co.jp/HIMG/90/166453.jpg,https://img.travel.rakuten.co.jp/share/HOTEL/166453/166453_kan1.jpg,https://img.travel.rakuten.co.jp/HIMG/INTERIOR/166453.jpg,https://img.travel.rakuten.co.jp/share/HOTEL/166453/166453map.gif,695.0,3.65,"高級ホテルグループなのに、部屋は狭くて、客室に対するエレベーターの数も少なく残念。宿泊日に合わせて荷物を送っておいたのにフロントにて受取拒否。到着日に荷…　2026-04-14 16:14:06投稿 <a href=""https://img.travel.rakuten.co.jp/image/tr/api/re/gJNfM/?f_hotel_no=166453"" class=""3click"">つづきはこちら</a>",fpxdoub,◆ダブル（禁煙）,6061610.0,【Marriott Bonvoy会員価格対象プラン】心地よさと利便性で福岡博多拠点で快適│素泊まり,1,0,0,0,0,1,https://img.travel.rakuten.co.jp/image/tr/api/re/IdsCY/?f_no=166453&f_syu=fpxdoub&f_hi1=2026-04-21&f_hi2=2026-04-22&f_heya_su=1&f_otona_su=1&f_s1=0&f_s2=0&f_y1=0&f_y2=0&f_y3=0&f_y4=0&f_camp_id=6061610,0,2026-04-21,27500,27500,0,2026-04-21,merged-20260419
179590,ホテルリファレンス博多冷泉,https://img.travel.rakuten.co.jp/image/tr/api/re/pvonD/?f_no=179590,https://img.travel.rakuten.co.jp/image/tr/api/re/vFumt/?f_no=179590&f_flg=PLAN,https://img.travel.rakuten.co.jp/image/tr/api/re/WzozX/?noTomariHotel=179590,https://img.travel.rakuten.co.jp/image/tr/api/re/gJNfM/?f_hotel_no=179590,ほてるりふぁれんすはかたれいせん,2020年4月22日開業 地下鉄祇園駅徒歩3分・JR博多駅徒歩11分　コンパクトでシンプルなビジネスホテルです。,4980,120930.23,469490.8,812-0039,福岡県,福岡市博多区冷泉町9-29,092-283-5133,092-283-5135,地下鉄祇園駅2番出口より徒歩で約3分　博多駅からも徒歩12分　福岡空港から地下鉄祇園駅までは7分,"先着順 5台　おおよそ一晩1,500円 終日25分200円 :20:00〜8:00 最大400円",祇園（福岡）,https://img.travel.rakuten.co.jp/share/HOTEL/179590/179590.jpg,https://img.travel.rakuten.co.jp/HIMG/90/179590.jpg,https://img.travel.rakuten.co.jp/share/HOTEL/179590/179590_kan1.jpg,https://img.travel.rakuten.co.jp/HIMG/INTERIOR/179590.jpg,https://img.travel.rakuten.co.jp/share/HOTEL/179590/179590map.gif,290.0,4.11,"クチコミの詳細はこちらから　https://review.travel.rakuten.co…　2026-04-09 18:52:37投稿 <a href=""https://img.travel.rakuten.co.jp/image/tr/api/re/gJNfM/?f_hotel_no=179590"" class=""3click"">つづきはこちら</a>",0001,【禁煙】洋室ダブルルーム,6289817.0,【6周年記念/日月火限定！】ライブ・グルメ・観光地アクセス良好★博多・中洲エリア★,1,0,0,0,0,1,https://img.travel.rakuten.co.jp/image/tr/api/re/IdsCY/?f_no=179590&f_syu=0001&f_hi1=2026-04-21&f_hi2=2026-04-22&f_heya_su=1&f_otona_su=1&f_s1=0&f_s2=0&f_y1=0&f_y2=0&f_y3=0&f_y4=0&f_camp_id=6289817,0,2026-04-21,25120,25120,0,2026-04-21,merged-20260419
180283,Ｔｈｅ３５８　ＳＯＲＡ,https://img.travel.rakuten.co.jp/image/tr/api/re/pvonD/?f_no=180283,https://img.travel.rakuten.co.jp/image/tr/api/re/vFumt/?f_no=180283&f_flg=PLAN,https://img.travel.rakuten.co.jp/image/tr/api/re/WzozX/?noTomariHotel=180283,https://img.travel.rakuten.co.jp/image/tr/api/re/gJNfM/?f_hotel_no=180283,ざ３５８　そら,2020年11月にオープン！展望大浴場、駐車場が無料でご利用いただけます！,7524,121192.34,469499.77,813-0017,福岡県,福岡市東区香椎照葉6-6-5,092-665-1616,092-665-1617,千早駅、アイランドアイ(ホテル隣接商業施設)間で無料送迎バス運行中。福岡市都市高速『アイランドシティ出口』から車で約1分,"アイランド アイ施設駐車場をご利用いただけます。【一般車両：無料】【大型車：3,850円】",,https://img.travel.rakuten.co.jp/share/HOTEL/180283/180283.jpg,https://img.travel.rakuten.co.jp/HIMG/90/180283.jpg,,,https://img.travel.rakuten.co.jp/share/HOTEL/180283/180283map.gif,1231.0,4.59,"客室はとても綺麗で、景色も良かったです。家族風呂を利用しましたが、ゆっくり入れて清潔的でとても良かったです。子供用の館内着もあり便利でした。朝食も美味しく、とて…　2026-04-15 18:31:13投稿 <a href=""https://img.travel.rakuten.co.jp/image/tr/api/re/gJNfM/?f_hotel_no=180283"" class=""3click"">つづきはこちら</a>",mjp2,モダンジャパニーズ・プレミアム,5677079.0,【低層階】【素泊まり】室数＆お日にち限定！低層階でお得なSORA宿泊プラン,1,0,0,0,0,2,https://img.travel.rakuten.co.jp/image/tr/api/re/IdsCY/?f_no=180283&f_syu=mjp2&f_hi1=2026-04-21&f_hi2=2026-04-22&f_heya_su=1&f_otona_su=1&f_s1=0&f_s2=0&f_y1=0&f_y2=0&f_y3=0&f_y4=0&f_camp_id=5677079,0,2026-04-21,19305,19305,0,2026-04-21,merged-20260419
172316,三井ガーデンホテル福岡祇園,https://img.travel.rakuten.co.jp/image/tr/api/re/pvonD/?f_no=172316,https://img.travel.rakuten.co.jp/image/tr/api/re/vFumt/?f_no=172316&f_flg=PLAN,https://img.travel.rakuten.co.jp/image/tr/api/re/WzozX/?noTomariHotel=172316,https://img.travel.rakuten.co.jp/image/tr/api/re/gJNfM/?f_hotel_no=172316,みついがーでんほてるふくおかぎおん,博多に育まれた文化が香る、上質な設え。非日常へといざなう最上階大浴場の露天風呂でおくつろぎください。,12862,120914.67,469497.32,812-0011,福岡県,福岡市博多区博多駅前2-8-15,092-414-3131,092-414-3101,ＪＲ　博多駅　博多口より徒歩にて約７分,有り　２８台　２，０００円（税込み／泊）　先着順 　車両制限あり。詳細は公式HPをご覧ください。,博多,https://img.travel.rakuten.co.jp/share/HOTEL/172316/172316.jpg,https://img.travel.rakuten.co.jp/HIMG/90/172316.jpg,,,https://img.travel.rakuten.co.jp/share/HOTEL/172316/172316map.gif,673.0,4.53,"クチコミの詳細はこちらから　https://review.travel.rakuten.co.jp/hotel…　2026-04-02 10:12:01投稿 <a href=""https://img.travel.rakuten.co.jp/image/tr/api/re/gJNfM/?f_hotel_no=172316"" class=""3click"">つづきはこちら</a>",sprk2,スーペリアキング【禁煙】,6066250.0,【博多駅から7分♪ 露天風呂付大浴場で癒しのひとときを】ベーシックプラン  ＜素泊り＞ ,1,0,0,0,0,1,https://img.travel.rakuten.co.jp/image/tr/api/re/IdsCY/?f_no=172316&f_syu=sprk2&f_hi1=2026-04-21&f_hi2=2026-04-22&f_heya_su=1&f_otona_su=1&f_s1=0&f_s2=0&f_y1=0&f_y2=0&f_y3=0&f_y4=0&f_camp_id=6066250,0,2026-04-21,47460,47460,0,2026-04-21,merged-20260419
173092,ダイワロイネットホテル博多冷泉　ＰＲＥＭＩＥＲ,https://img.travel.rakuten.co.jp/image/tr/api/re/pvonD/?f_no=173092,https://img.travel.rakuten.co.jp/image/tr/api/re/vFumt/?f_no=173092&f_flg=PLAN,https://img.travel.rakuten.co.jp/image/tr/api/re/WzozX/?noTomariHotel=173092,https://img.travel.rakuten.co.jp/image/tr/api/re/gJNfM/?f_hotel_no=173092,だいわろいねっとほてるはかたれいせん　ぷれみあ,2025年4月朝食リニューアル♪ReFaルームあり★全室21㎡以上バス・トイレ別セミセパレート,7870,120923.83,469492.72,812-0039,福岡県,福岡市博多区冷泉町2-7,092-409-4755,092-409-4756,福岡空港から地下鉄祇園駅まで7分。祇園駅2番出口徒歩約3分。櫛田神社前駅徒歩約５分。,敷地内立体駐車場。7時〜21時の入庫にて先着順。1泊1800円→2020年10月から1850円,祇園（福岡）,https://img.travel.rakuten.co.jp/share/HOTEL/173092/173092.jpg,https://img.travel.rakuten.co.jp/HIMG/90/173092.jpg,https://img.travel.rakuten.co.jp/share/HOTEL/173092/173092_kan1.jpg,https://img.travel.rakuten.co.jp/HIMG/INTERIOR/173092.jpg,https://img.travel.rakuten.co.jp/share/HOTEL/173092/173092map.gif,606.0,4.43,"クチコミの詳細はこちらから　https:…　2026-03-30 07:29:40投稿 <a href=""https://img.travel.rakuten.co.jp/image/tr/api/re/gJNfM/?f_hotel_no=173092"" class=""3click"">つづきはこちら</a>",sds1,【喫煙】スタンダードダブルルーム1名様利用,6359408.0,【素泊まり】事前カード決済限定プラン 博多駅・中州・キャナルシティへ好アクセス 祗園駅より徒歩3分！,1,0,0,0,0,2,https://img.travel.rakuten.co.jp/image/tr/api/re/IdsCY/?f_no=173092&f_syu=sds1&f_hi1=2026-04-21&f_hi2=2026-04-22&f_heya_su=1&f_otona_su=1&f_s1=0&f_s2=0&f_y1=0&f_y2=0&f_y3=0&f_y4=0&f_camp_id=6359408,0,2026-04-21,40000,40000,0,2026-04-21,merged-20260419
182870,リアリティ博多２,https://img.travel.rakuten.co.jp/image/tr/api/re/pvonD/?f_no=182870,https://img.travel.rakuten.co.jp/image/tr/api/re/vFumt/?f_no=182870&f_flg=PLAN,,https://img.travel.rakuten.co.jp/image/tr/api/re/gJNfM/?f_hotel_no=182870,りありてぃはかた２,リノベーションを行いました！最大約42㎡の開放感あるお部屋！博多駅までの利便性◎ワーケーションや長期利用にもおすすめ！,5600,120925.71,469536.3,812-0043,福岡県,福岡市博多区堅粕5-8-15,092-645-2080,092-724-3609,ＪＲ　博多駅筑紫口から徒歩約６分,近隣にコインパーキング有り,博多,https://img.travel.rakuten.co.jp/share/HOTEL/182870/182870.jpg,https://img.travel.rakuten.co.jp/HIMG/90/182870.jpg,,,https://img.travel.rakuten.co.jp/share/HOTEL/182870/182870map.gif,36.0,2.0,,trp703,【禁煙】トリプルルーム703,5672116.0,【素泊まり】自宅のように過ごせる部屋！家族やグループ旅行オススメ！博多駅筑紫口より徒歩6分（通年）,1,0,0,0,0,2,https://img.travel.rakuten.co.jp/image/tr/api/re/IdsCY/?f_no=182870&f_syu=trp703&f_hi1=2026-04-21&f_hi2=2026-04-22&f_heya_su=1&f_otona_su=1&f_s1=0&f_s2=0&f_y1=0&f_y2=0&f_y3=0&f_y4=0&f_camp_id=5672116,0,2026-04-21,18000,18000,0,2026-04-21,merged-20260419
1620,ザ・ワンファイブマリン福岡,https://img.travel.rakuten.co.jp/image/tr/api/re/pvonD/?f_no=1620,https://img.travel.rakuten.co.jp/image/tr/api/re/vFumt/?f_no=1620&f_flg=PLAN,https://img.travel.rakuten.co.jp/image/tr/api/re/WzozX/?noTomariHotel=1620,https://img.travel.rakuten.co.jp/image/tr/api/re/gJNfM/?f_hotel_no=1620,ざ　わんふぁいぶまりん　ふくおか,福岡国際センターまで徒歩9分、サンパレスまで徒歩11分。マリンメッセ福岡、中洲も徒歩圏内。,2340,120945.17,469465.24,812-0023,福岡県,福岡市博多区奈良屋町10-21,0570-007-779,092-263-0040,福岡市営地下鉄「中洲川端」駅から徒歩8分,駐車場あり(先着順・予約不可)  2000円/ 1泊,中洲川端,https://img.travel.rakuten.co.jp/share/HOTEL/1620/1620.jpg,https://img.travel.rakuten.co.jp/HIMG/90/1620.jpg,https://img.travel.rakuten.co.jp/share/HOTEL/1620/1620_sgl.jpg,https://img.travel.rakuten.co.jp/HIMG/INTERIOR/1620.jpg,https://img.travel.rakuten.co.jp/share/HOTEL/1620/1620map.gif,1502.0,3.6,"クチコミの詳細はこちらから　https://review.travel.r…　2026-04-04 16:28:14投稿 <a href=""https://img.travel.rakuten.co.jp/image/tr/api/re/gJNfM/?f_hotel_no=1620"" class=""3click"">つづきはこちら</a>",d4,ダブル,4711118.0,「ザ・ワンファイブ」ステイ,1,0,0,0,0,1,https://img.travel.rakuten.co.jp/image/tr/api/re/IdsCY/?f_no=1620&f_syu=d4&f_hi1=2026-04-21&f_hi2=2026-04-22&f_heya_su=1&f_otona_su=1&f_s1=0&f_s2=0&f_y1=0&f_y2=0&f_y3=0&f_y4=0&f_camp_id=4711118,0,2026-04-21,27105,27105,0,2026-04-21,merged-20260419
43964,ベッセルホテル福岡貝塚,https://img.travel.rakuten.co.jp/image/tr/api/re/pvonD/?f_no=43964,https://img.travel.rakuten.co.jp/image/tr/api/re/vFumt/?f_no=43964&f_flg=PLAN,https://img.travel.rakuten.co.jp/image/tr/api/re/WzozX/?noTomariHotel=43964,https://img.travel.rakuten.co.jp/image/tr/api/re/gJNfM/?f_hotel_no=43964,ベッセルホテル　ふくおか　かいづか,★パパママ必見！18歳以下添い寝無料★朝食がリニューアル♪朝食のコンセプトは「MOTTOたのしい朝ごはん」♪,5200,121076.11,469534.53,812-0053,福岡県,福岡市東区箱崎7-10-65,092-642-0101,092-642-0106,★地下鉄箱崎線貝塚駅より徒歩5分★九州自動車道福岡ICより6ｋｍ★九州自動車道大宰府ICより都市高速大宰府線で約35分,"◆有　無料（100台）6ｍ以上or一般駐車スペースに収容できない場合1泊3,000円（税込）※要予約",貝塚（福岡）,https://img.travel.rakuten.co.jp/share/HOTEL/43964/43964.jpg,https://img.travel.rakuten.co.jp/HIMG/90/43964.jpg,https://img.travel.rakuten.co.jp/share/HOTEL/43964/43964_room.jpg,https://img.travel.rakuten.co.jp/HIMG/INTERIOR/43964.jpg,https://img.travel.rakuten.co.jp/share/HOTEL/43964/43964map.gif,2744.0,4.41,"クチコミの詳細はこちらから　https:/…　2026-04-11 09:05:04投稿 <a href=""https://img.travel.rakuten.co.jp/image/tr/api/re/gJNfM/?f_hotel_no=43964"" class=""3click"">つづきはこちら</a>",t2n,【禁煙】広々2ベッド◆26平米◆,5856194.0,【一人旅★朝食付】150センチ幅のベッド2台をおひとり様で満喫♪☆添い寝不可☆,1,0,0,1,0,1,https://img.travel.rakuten.co.jp/image/tr/api/re/IdsCY/?f_no=43964&f_syu=t2n&f_hi1=2026-04-21&f_hi2=2026-04-22&f_heya_su=1&f_otona_su=1&f_s1=0&f_s2=0&f_y1=0&f_y2=0&f_y3=0&f_y4=0&f_camp_id=5856194,0,2026-04-21,16000,16000,0,2026-04-21,merged-20260419
75246,太宰府天然温泉ルートイングランティア太宰府,https://img.travel.rakuten.co.jp/image/tr/api/re/pvonD/?f_no=75246,https://img.travel.rakuten.co.jp/image/tr/api/re/vFumt/?f_no=75246&f_flg=PLAN,https://img.travel.rakuten.co.jp/image/tr/api/re/WzozX/?noTomariHotel=75246,https://img.travel.rakuten.co.jp/image/tr/api/re/gJNfM/?f_hotel_no=75246,だざいふてんねんおんせん　るーといん　ぐらんてぃあ　だざいふ,太宰府天満宮近く！和室あり、温泉あり、岩盤浴あり、漫画コーナーも！料理長こだわりの夕食も！大型駐車場もあり！,6600,120676.98,469904.91,818-0119,福岡県,太宰府市連歌屋3-8-1,050-5576-7903,092-921-4800,西鉄太宰府駅から車で約3分◆福岡空港から車で約30分◆JR二日市駅より車で約12分◆西鉄太宰府駅から無料シャトルバス運行,有り　113台　無料　※立体駐車場34台（ハイルーフ10台）　予約不要,太宰府,https://img.travel.rakuten.co.jp/share/HOTEL/75246/75246.jpg,https://img.travel.rakuten.co.jp/HIMG/90/75246.jpg,,,https://img.travel.rakuten.co.jp/share/HOTEL/75246/75246map.gif,1043.0,3.87,"クチコミの詳細はこちらから　https://review.travel.rakuten.co.…　2026-04-04 19:32:21投稿 <a href=""https://img.travel.rakuten.co.jp/image/tr/api/re/gJNfM/?f_hotel_no=75246"" class=""3click"">つづきはこちら</a>",nta,[新館]禁煙ツイン☆（BD120×196cm）,4585442.0,【天然温泉】◆素泊まりプラン◆,1,0,0,0,0,1,https://img.travel.rakuten.co.jp/image/tr/api/re/IdsCY/?f_no=75246&f_syu=nta&f_hi1=2026-04-21&f_hi2=2026-04-22&f_heya_su=1&f_otona_su=1&f_s1=0&f_s2=0&f_y1=0&f_y2=0&f_y3=0&f_y4=0&f_camp_id=4585442,0,2026-04-21,14950,14950,0,2026-04-21,merged-20260419
9686,アイビーホテル筑紫野,https://img.travel.rakuten.co.jp/image/tr/api/re/pvonD/?f_no=9686,https://img.travel.rakuten.co.jp/image/tr/api/re/vFumt/?f_no=9686&f_flg=PLAN,https://img.travel.rakuten.co.jp/image/tr/api/re/WzozX/?noTomariHotel=9686,https://img.travel.rakuten.co.jp/image/tr/api/re/gJNfM/?f_hotel_no=9686,あいびーほてる　つくしの,二日市温泉源泉かけ流し大浴場完備。出張や観光にご利用ください ！,4375,120558.05,469862.35,818-0058,福岡県,筑紫野市湯町1-14-3,092-920-2130,092-922-2490,ＪＲ二日市駅西口より徒歩約6分。西鉄二日市駅より車で約10分。高速筑紫野バス停より徒歩約5分。駐車場無料,有り　３０台　他、近隣1カ所徒歩約5分２０台,二日市,https://img.travel.rakuten.co.jp/share/HOTEL/9686/9686.jpg,https://img.travel.rakuten.co.jp/HIMG/90/9686.jpg,https://img.travel.rakuten.co.jp/share/HOTEL/9686/9686_sgl.jpg,https://img.travel.rakuten.co.jp/HIMG/INTERIOR/9686.jpg,https://img.travel.rakuten.co.jp/share/HOTEL/9686/9686map.gif,696.0,3.97,"騒音が無ければ星5個で…　2026-04-10 00:20:35投稿 <a href=""https://img.travel.rakuten.co.jp/image/tr/api/re/gJNfM/?f_hotel_no=9686"" class=""3click"">つづきはこちら</a>",j,温泉付き和洋室（禁煙室）,5759954.0,【お日にち限定】☆ラッキープラン☆温泉付き和洋室（食事なし）★到着時間の連絡不要★,1,0,0,0,0,1,https://img.travel.rakuten.co.jp/image/tr/api/re/IdsCY/?f_no=9686&f_syu=j&f_hi1=2026-04-21&f_hi2=2026-04-22&f_heya_su=1&f_otona_su=1&f_s1=0&f_s2=0&f_y1=0&f_y2=0&f_y3=0&f_y4=0&f_camp_id=5759954,0,2026-04-21,17500,17500,0,2026-04-21,merged-20260419
172017,ＨＥＡＲＴＳカプセルホテル＆スパ博多,https://img.travel.rakuten.co.jp/image/tr/api/re/pvonD/?f_no=172017,https://img.travel.rakuten.co.jp/image/tr/api/re/vFumt/?f_no=172017&f_flg=PLAN,,https://img.travel.rakuten.co.jp/image/tr/api/re/gJNfM/?f_hotel_no=172017,はーつかぷせるほてるあんどすぱはかた,【博多駅直結】館内無料wifi・人工温泉（男性サウナ付）・館内カフェ有り,3000,120901.67,469519.27,812-0011,福岡県,福岡市博多区博多駅前4-14-13 ,092-477-9700,,【博多駅直結！！】JR博多駅博多口　地下鉄西１６出口から徒歩３分。HEARTSバスステーション館内にございます。,無,博多,https://img.travel.rakuten.co.jp/share/HOTEL/172017/172017.jpg,https://img.travel.rakuten.co.jp/HIMG/90/172017.jpg,,,https://img.travel.rakuten.co.jp/share/HOTEL/172017/172017map.gif,339.0,2.0,,2,女性専用（男性不可）,4360017.0,【スタンダードプラン】◆博多駅直結！人工温泉（男性サウナ）/wifi完備,1,0,0,0,0,1,https://img.travel.rakuten.co.jp/image/tr/api/re/IdsCY/?f_no=172017&f_syu=2&f_hi1=2026-04-21&f_hi2=2026-04-22&f_heya_su=1&f_otona_su=1&f_s1=0&f_s2=0&f_y1=0&f_y2=0&f_y3=0&f_y4=0&f_camp_id=4360017,0,2026-04-21,3900,3900,0,2026-04-21,merged-20260419
177662,ＴＨＥ　ＢＡＳＩＣＳ　ＦＵＫＵＯＫＡ　（ザ・ベーシックス福岡）,https://img.travel.rakuten.co.jp/image/tr/api/re/pvonD/?f_no=177662,https://img.travel.rakuten.co.jp/image/tr/api/re/vFumt/?f_no=177662&f_flg=PLAN,https://img.travel.rakuten.co.jp/image/tr/api/re/WzozX/?noTomariHotel=177662,https://img.travel.rakuten.co.jp/image/tr/api/re/gJNfM/?f_hotel_no=177662,ざべーしっくすふくおか,★開業4周年★楽天アワード2021・2022ブロンズ受賞★プラン多数☆ビジネスや観光の拠点に最適な立地,8800,120909.39,469545.58,812-0013,福岡県,福岡市博多区博多駅東2-14-1　,092-412-1234,092-414-2490,博多駅より徒歩約７分、福岡空港よりタクシーで15分 、福岡空港から博多駅までは地下鉄で約5分,"有り　駐車料金 1泊1,500円（税込）　午後2時〜翌日正午まで （予約不可・先着50台まで）",博多,https://img.travel.rakuten.co.jp/share/HOTEL/177662/177662.jpg,https://img.travel.rakuten.co.jp/HIMG/90/177662.jpg,,,https://img.travel.rakuten.co.jp/share/HOTEL/177662/177662map.gif,664.0,4.27,"ロビーがハリーポッターの世界観みたいでテンションあがりました。夜間に子供の体調が崩れた際にも、体温計やアイスノンなどの対応をして下さり、とても助かりました。…　2026-04-15 18:34:45投稿 <a href=""https://img.travel.rakuten.co.jp/image/tr/api/re/gJNfM/?f_hotel_no=177662"" class=""3click"">つづきはこちら</a>",ch3t,【禁煙】スーペリアツインChapter 3（35平米）,6314505.0,【事前決済限定】福岡旅行におすすめ/博多駅から徒歩7分/素泊まり,1,0,0,0,0,2,https://img.travel.rakuten.co.jp/image/tr/api/re/IdsCY/?f_no=177662&f_syu=ch3t&f_hi1=2026-04-21&f_hi2=2026-04-22&f_heya_su=1&f_otona_su=1&f_s1=0&f_s2=0&f_y1=0&f_y2=0&f_y3=0&f_y4=0&f_camp_id=6314505,0,2026-04-21,33000,33000,0,2026-04-21,merged-20260419
14811,サンビジネスホテル,https://img.travel.rakuten.co.jp/image/tr/api/re/pvonD/?f_no=14811,https://img.travel.rakuten.co.jp/image/tr/api/re/vFumt/?f_no=14811&f_flg=PLAN,https://img.travel.rakuten.co.jp/image/tr/api/re/WzozX/?noTomariHotel=14811,https://img.travel.rakuten.co.jp/image/tr/api/re/gJNfM/?f_hotel_no=14811,さんびじねすほてる,博多口徒歩2分★心を込めた接客と徹底清掃でお迎え／深夜1～5時施錠,3400,120914.06,469512.02,812-0011,福岡県,福岡市博多区博多駅前2-16-16,092-411-1155,092-411-1215,博多駅博多口から徒歩2分。天神や福岡空港からは、博多駅まで地下鉄で5分とアクセスは最高！,ございません,博多,https://img.travel.rakuten.co.jp/share/HOTEL/14811/14811.jpg,https://img.travel.rakuten.co.jp/HIMG/90/14811.jpg,https://img.travel.rakuten.co.jp/share/HOTEL/14811/14811_s.jpg,https://img.travel.rakuten.co.jp/HIMG/INTERIOR/14811.jpg,https://img.travel.rakuten.co.jp/share/HOTEL/14811/14811map.gif,1295.0,4.19,"クチコミの詳細はこちらから　https://review.travel.rakuten.co.jp/h…　2026-04-14 01:07:41投稿 <a href=""https://img.travel.rakuten.co.jp/image/tr/api/re/gJNfM/?f_hotel_no=14811"" class=""3click"">つづきはこちら</a>",ddddd,〇禁煙〇限定　ダブル　ベッド幅140cm きんえん,4605138.0,【返金不可・事前決済限定】博多駅博多口から徒歩2分のお得プラン★夜間施錠1時〜5時★,1,0,0,0,0,2,https://img.travel.rakuten.co.jp/image/tr/api/re/IdsCY/?f_no=14811&f_syu=ddddd&f_hi1=2026-04-21&f_hi2=2026-04-22&f_heya_su=1&f_otona_su=1&f_s1=0&f_s2=0&f_y1=0&f_y2=0&f_y3=0&f_y4=0&f_camp_id=4605138,0,2026-04-21,19800,19800,0,2026-04-21,merged-20260419
172876,ＴＨＥ　ＢＬＯＳＳＯＭ　ＨＡＫＡＴＡ　Ｐｒｅｍｉｅｒ（ザ　ブラッサム博多プレミア）,https://img.travel.rakuten.co.jp/image/tr/api/re/pvonD/?f_no=172876,https://img.travel.rakuten.co.jp/image/tr/api/re/vFumt/?f_no=172876&f_flg=PLAN,https://img.travel.rakuten.co.jp/image/tr/api/re/WzozX/?noTomariHotel=172876,https://img.travel.rakuten.co.jp/image/tr/api/re/gJNfM/?f_hotel_no=172876,ざ　ぶらっさむ　はかた　ぷれみあ,～博多の粋、最高のおもてなし～この街に、脈々と受け継がれる美意識を極めたホテル,12510,120912.84,469498.88,812-0011,福岡県,福岡市博多区博多駅前2丁目8番12号,092-431-8702,092-431-8712,JR博多駅「博多口」より徒歩7分、福岡市地下鉄櫛田神社駅より徒歩5分、「キャナルシティー博多」より徒歩2分,ご宿泊者専用駐車場がございます(先着順・予約不可)  詳細は公式ホームページをご確認ください,博多,https://img.travel.rakuten.co.jp/share/HOTEL/172876/172876.jpg,https://img.travel.rakuten.co.jp/HIMG/90/172876.jpg,https://img.travel.rakuten.co.jp/share/HOTEL/172876/172876_kan1.jpg,https://img.travel.rakuten.co.jp/HIMG/INTERIOR/172876.jpg,https://img.travel.rakuten.co.jp/share/HOTEL/172876/172876map.gif,369.0,4.46,"クチコミの詳細はこちらから　https://review.travel.rakuten.co.jp/hotel/voice/1728…　2026-04-02 18:10:55投稿 <a href=""https://img.travel.rakuten.co.jp/image/tr/api/re/gJNfM/?f_hotel_no=172876"" class=""3click"">つづきはこちら</a>",ndm1,＜禁煙＞モデレートダブル 1名 ※バスタブなし,5810605.0,【スタンダード】ご宿泊直前までご予約可能！1・2階には人気飲食店が7店舗(食事なし),1,0,0,0,0,1,https://img.travel.rakuten.co.jp/image/tr/api/re/IdsCY/?f_no=172876&f_syu=ndm1&f_hi1=2026-04-21&f_hi2=2026-04-22&f_heya_su=1&f_otona_su=1&f_s1=0&f_s2=0&f_y1=0&f_y2=0&f_y3=0&f_y4=0&f_camp_id=5810605,0,2026-04-21,34400,34400,0,2026-04-21,merged-20260419
67260,ＴＨＥ　ＬＵＩＧＡＮＳ　Ｓｐａ＆Ｒｅｓｏｒｔ(ザ・ルイガンズ.　スパ＆リゾート),https://img.travel.rakuten.co.jp/image/tr/api/re/pvonD/?f_no=67260,https://img.travel.rakuten.co.jp/image/tr/api/re/vFumt/?f_no=67260&f_flg=PLAN,https://img.travel.rakuten.co.jp/image/tr/api/re/WzozX/?noTomariHotel=67260,https://img.travel.rakuten.co.jp/image/tr/api/re/gJNfM/?f_hotel_no=67260,ざ・るいがんず,【福岡で近場リゾート】博多中心部から車で20分！福岡でありながら海外を感じるリゾートホテル！大浴場＆無料バスあり,4950,121174.54,469318.49,811-0321,福岡県,福岡市東区西戸崎18-25,092-603-2525,092-603-2828,博多から車で最短約20分、無料送迎バス、無料駐車場、福岡空港まで最短約30分。JR香椎線「海ノ中道」より徒歩約6分,屋外駐車場有　１００台／宿泊者は無料／予約不要,海ノ中道,https://img.travel.rakuten.co.jp/share/HOTEL/67260/67260.jpg,https://img.travel.rakuten.co.jp/HIMG/90/67260.jpg,https://img.travel.rakuten.co.jp/share/HOTEL/67260/67260_k.jpg,https://img.travel.rakuten.co.jp/HIMG/INTERIOR/67260.jpg,https://img.travel.rakuten.co.jp/share/HOTEL/67260/67260map.gif,2033.0,4.3,"部屋からの景色はよく、明るい雰囲気で気持ちはよい。朝食はバイキングでメニューは豊富でおにぎりはその場でまいてくれる。とても美味しかった。ただチェックインの時…　2026-04-17 00:48:56投稿 <a href=""https://img.travel.rakuten.co.jp/image/tr/api/re/gJNfM/?f_hotel_no=67260"" class=""3click"">つづきはこちら</a>",gp,グランピングツイン（禁煙）28平米,6249002.0,【グランピング施設利用プラン】素泊り｜泊まれる公園　　チェックインはINN THE PARKで,1,0,0,0,0,1,https://img.travel.rakuten.co.jp/image/tr/api/re/IdsCY/?f_no=67260&f_syu=gp&f_hi1=2026-04-21&f_hi2=2026-04-22&f_heya_su=1&f_otona_su=1&f_s1=0&f_s2=0&f_y1=0&f_y2=0&f_y3=0&f_y4=0&f_camp_id=6249002,0,2026-04-21,11000,11000,0,2026-04-21,merged-20260419
182516,ホテルジャパネスク福岡,https://img.travel.rakuten.co.jp/image/tr/api/re/pvonD/?f_no=182516,https://img.travel.rakuten.co.jp/image/tr/api/re/vFumt/?f_no=182516&f_flg=PLAN,,https://img.travel.rakuten.co.jp/image/tr/api/re/gJNfM/?f_hotel_no=182516,ほてるじゃぱねすくふくおか,サウナ、プール、カラオケ、会議室有！バストラックSUV敷地内駐車場有！アメニティバー充実,3600,121041.93,469526.88,812-0053,福岡県,福岡市東区箱崎6-18-12,092-645-2080,092-643-1001,"福岡空港駅よりお車にて約12分／博多駅よりお車にて約14分／駐車場約23台分完備（事前予約不可・1泊1,100円）","駐車場約40台分完備1泊1,100円、 大型車,トラック、バス1日3,300円",福岡空港,https://img.travel.rakuten.co.jp/share/HOTEL/182516/182516.jpg,https://img.travel.rakuten.co.jp/HIMG/90/182516.jpg,,,https://img.travel.rakuten.co.jp/share/HOTEL/182516/182516map.gif,247.0,3.6,"第一印象、外観も部屋も見た目は綺麗だとおもいましたが...部屋は隅々にほこり、髪の毛などあり一度濡れティッシュで床全体を拭きました。かなり汚れていました...。お風呂もパット見綺麗で…　2026-04-04 07:30:30投稿 <a href=""https://img.travel.rakuten.co.jp/image/tr/api/re/gJNfM/?f_hotel_no=182516"" class=""3click"">つづきはこちら</a>",pa1,モデレートダブル(禁煙) プールアクセス,5909639.0,【素泊り】Wベッド、ソファベッド完備★サウナプール無料・全室バルコニー、大型車チェックアウト11時,1,0,0,0,0,1,https://img.travel.rakuten.co.jp/image/tr/api/re/IdsCY/?f_no=182516&f_syu=pa1&f_hi1=2026-04-21&f_hi2=2026-04-22&f_heya_su=1&f_otona_su=1&f_s1=0&f_s2=0&f_y1=0&f_y2=0&f_y3=0&f_y4=0&f_camp_id=5909639,0,2026-04-21,15400,15400,0,2026-04-21,merged-20260419
161262,ＫＯＫＯ　ＨＯＴＥＬ　博多新幹線口　（旧：ホテルウィングインターナショナル博多新幹線口）,https://img.travel.rakuten.co.jp/image/tr/api/re/pvonD/?f_no=161262,https://img.travel.rakuten.co.jp/image/tr/api/re/vFumt/?f_no=161262&f_flg=PLAN,https://img.travel.rakuten.co.jp/image/tr/api/re/WzozX/?noTomariHotel=161262,https://img.travel.rakuten.co.jp/image/tr/api/re/gJNfM/?f_hotel_no=161262,ここほてる　はかたしんかんせんぐち（きゅうほてるうぃんぐいんたーなしょなるはかたしんかんせんぐち）,コーヒーサービス刷新！美味しいトラジャブレンドをご堪能下さい。無料軽朝食＆大浴場完備で快適ステイ♪,4365,120912.39,469536.44,812-0013,福岡県,福岡市博多区博多駅東1-17-17,0924310111,0924310115,JR博多駅より徒歩4分。地下鉄空港線博多駅 東6出口より徒歩2分。都市高速博多駅東ICまで1分！,提携駐車場有　里馨(リカ)パーキング(24時間1500円の駐車券をフロント販売、当館から徒歩3分）,博多,https://img.travel.rakuten.co.jp/share/HOTEL/161262/161262.jpg,https://img.travel.rakuten.co.jp/HIMG/90/161262.jpg,https://img.travel.rakuten.co.jp/share/HOTEL/161262/161262_kan1.jpg,https://img.travel.rakuten.co.jp/HIMG/INTERIOR/161262.jpg,https://img.travel.rakuten.co.jp/share/HOTEL/161262/161262map.gif,319.0,4.05,"クチコミの詳細はこちらから　https://review.travel.rakuten.co.jp/h…　2026-03-29 13:48:26投稿 <a href=""https://img.travel.rakuten.co.jp/image/tr/api/re/gJNfM/?f_hotel_no=161262"" class=""3click"">つづきはこちら</a>",twin,【全室禁煙】ツインルーム　１７平米　ベッド幅１００ｃｍ×２台,5795805.0,【タイムセール】博多のご旅行にぜひ！JR博多駅（筑紫口）より徒歩4分／大浴場・無料軽朝食あり,1,0,0,0,0,1,https://img.travel.rakuten.co.jp/image/tr/api/re/IdsCY/?f_no=161262&f_syu=twin&f_hi1=2026-04-21&f_hi2=2026-04-22&f_heya_su=1&f_otona_su=1&f_s1=0&f_s2=0&f_y1=0&f_y2=0&f_y3=0&f_y4=0&f_camp_id=5795805,0,2026-04-21,36000,36000,0,2026-04-21,merged-20260419
180583,ホテル・トリフィート博多祇園,https://img.travel.rakuten.co.jp/image/tr/api/re/pvonD/?f_no=180583,https://img.travel.rakuten.co.jp/image/tr/api/re/vFumt/?f_no=180583&f_flg=PLAN,https://img.travel.rakuten.co.jp/image/tr/api/re/WzozX/?noTomariHotel=180583,https://img.travel.rakuten.co.jp/image/tr/api/re/gJNfM/?f_hotel_no=180583,ほてるとりふぃーとはかたぎおん,■【大浴場】完備■地下鉄「祇園駅」徒歩5分■中洲・博多、徒歩圏内■「マリンメッセ」までバス7分■未就学児の添い寝「無料」,6270,120929.81,469487.18,812-0039,福岡県,福岡市博多区冷泉町8-24,092-283-7060,092-283-7061,■地下鉄「祇園駅」徒歩5分■西鉄バス停「奥の堂」徒歩3分■福岡空港 地下鉄利用で最短15分■マリンメッセまでバスで7分,有り（屋外/高さ制限無し）　7台　1980円（税込み/泊）　先着順（事前予約不可）,祇園（福岡）,https://img.travel.rakuten.co.jp/share/HOTEL/180583/180583.jpg,https://img.travel.rakuten.co.jp/HIMG/90/180583.jpg,,,https://img.travel.rakuten.co.jp/share/HOTEL/180583/180583map.gif,683.0,4.25,"クチコミの詳細はこちらから　https://review.tra…　2026-04-12 13:30:00投稿 <a href=""https://img.travel.rakuten.co.jp/image/tr/api/re/gJNfM/?f_hotel_no=180583"" class=""3click"">つづきはこちら</a>",dbl,ダブルルーム / 160cm幅のクイーンベッドを使用,5519434.0,【72時間セール】35％オフ。春の福岡旅行にオススメ！未就学児、添い寝無料。大浴場有。素泊り,1,0,0,0,0,1,https://img.travel.rakuten.co.jp/image/tr/api/re/IdsCY/?f_no=180583&f_syu=dbl&f_hi1=2026-04-21&f_hi2=2026-04-22&f_heya_su=1&f_otona_su=1&f_s1=0&f_s2=0&f_y1=0&f_y2=0&f_y3=0&f_y4=0&f_camp_id=5519434,0,2026-04-21,25480,25480,0,2026-04-21,merged-20260419
172227,ヴィアイン博多口駅前（ＪＲ西日本グループ）,https://img.travel.rakuten.co.jp/image/tr/api/re/pvonD/?f_no=172227,https://img.travel.rakuten.co.jp/image/tr/api/re/vFumt/?f_no=172227&f_flg=PLAN,https://img.travel.rakuten.co.jp/image/tr/api/re/WzozX/?noTomariHotel=172227,https://img.travel.rakuten.co.jp/image/tr/api/re/gJNfM/?f_hotel_no=172227,ヴぃあいんはかたぐちえきまえ,★楽天トラベルブロンズアワード２０２０受賞★ 博多駅「博多口」より徒歩約３分の好立地 / 全室禁煙でクリーンな客室,4630,120915.03,469508.53,812-0011,福岡県,福岡市博多区博多駅前2丁目17番11号,092-452-5489,092-452-5490,JR各線・新幹線・地下鉄「博多駅」博多口より徒歩約３分　／　福岡空港より地下鉄空港線にて２駅５分「博多駅」下車,"【事前予約制・電話受付のみ】計５台(2,000円/１泊)　入庫不可車種・満車時は近隣駐車場へご案内",博多,https://img.travel.rakuten.co.jp/share/HOTEL/172227/172227.jpg,https://img.travel.rakuten.co.jp/HIMG/90/172227.jpg,https://img.travel.rakuten.co.jp/share/HOTEL/172227/172227_kan1.jpg,https://img.travel.rakuten.co.jp/HIMG/INTERIOR/172227.jpg,https://img.travel.rakuten.co.jp/share/HOTEL/172227/172227map.gif,713.0,3.69,"長女と別々に予約したけれど同じフロアの部屋にしていた…　2026-04-01 20:58:18投稿 <a href=""https://img.travel.rakuten.co.jp/image/tr/api/re/gJNfM/?f_hotel_no=172227"" class=""3click"">つづきはこちら</a>",13ntx1,【禁煙バストイレ別】ツイン（２１平米）,4380292.0,スタンダードプラン【食事なし】,1,0,0,0,0,1,https://img.travel.rakuten.co.jp/image/tr/api/re/IdsCY/?f_no=172227&f_syu=13ntx1&f_hi1=2026-04-21&f_hi2=2026-04-22&f_heya_su=1&f_otona_su=1&f_s1=0&f_s2=0&f_y1=0&f_y2=0&f_y3=0&f_y4=0&f_camp_id=4380292,0,2026-04-21,29780,29780,0,2026-04-21,merged-20260419
160902,スマイルホテル博多駅前,https://img.travel.rakuten.co.jp/image/tr/api/re/pvonD/?f_no=160902,https://img.travel.rakuten.co.jp/image/tr/api/re/vFumt/?f_no=160902&f_flg=PLAN,https://img.travel.rakuten.co.jp/image/tr/api/re/WzozX/?noTomariHotel=160902,https://img.travel.rakuten.co.jp/image/tr/api/re/gJNfM/?f_hotel_no=160902,すまいるほてるはかたえきまえ,博多駅から徒歩４分の好立地！お仕事、観光の後は綺麗なお部屋でごゆっくりお過ごしください♪,4800,120905.23,469508.92,812-0011,福岡県,福岡市博多区博多駅前3-8-18,092-431-1500,092-431-1470,ＪＲ　博多駅博多口より徒歩にて約４分,無し。 ※( 近隣に、コインパーキングおよび一般有料駐車場あり ) バイク、自転車不可。,博多,https://img.travel.rakuten.co.jp/share/HOTEL/160902/160902.jpg,https://img.travel.rakuten.co.jp/HIMG/90/160902.jpg,https://img.travel.rakuten.co.jp/share/HOTEL/160902/160902_kan1.jpg,https://img.travel.rakuten.co.jp/HIMG/INTERIOR/160902.jpg,https://img.travel.rakuten.co.jp/share/HOTEL/160902/160902map.gif,775.0,4.06,"ク…　2026-04-05 23:17:14投稿 <a href=""https://img.travel.rakuten.co.jp/image/tr/api/re/gJNfM/?f_hotel_no=160902"" class=""3click"">つづきはこちら</a>",tn,ツインルーム◆禁煙◆,3904462.0,【直前までご予約OK】スマイル バリューステイプラン（素泊まり）,1,0,0,0,0,1,https://img.travel.rakuten.co.jp/image/tr/api/re/IdsCY/?f_no=160902&f_syu=tn&f_hi1=2026-04-21&f_hi2=2026-04-22&f_heya_su=1&f_otona_su=1&f_s1=0&f_s2=0&f_y1=0&f_y2=0&f_y3=0&f_y4=0&f_camp_id=3904462,0,2026-04-21,32000,32000,0,2026-04-21,merged-20260419
196685,十二ＨＯＴＥＬ（ジュウニホテル）,https://img.travel.rakuten.co.jp/image/tr/api/re/pvonD/?f_no=196685,https://img.travel.rakuten.co.jp/image/tr/api/re/vFumt/?f_no=196685&f_flg=PLAN,https://img.travel.rakuten.co.jp/image/tr/api/re/WzozX/?noTomariHotel=196685,https://img.travel.rakuten.co.jp/image/tr/api/re/gJNfM/?f_hotel_no=196685,じゅうにほてる,２０２５年６月開業！オールインクルーシブ×全室サウナ付。１２室限定の特別ホテル。,12070,120917.6,469656.71,812-0853,福岡県,福岡市博多区東平尾1-16-25,092-623-6383,092-623-6384,福岡空港⇔ホテル間の送迎サービスを事前予約制で実施中。,無料駐車場12台あり,福岡空港,https://img.travel.rakuten.co.jp/share/HOTEL/196685/196685.jpg,https://img.travel.rakuten.co.jp/HIMG/90/196685.jpg,,,https://img.travel.rakuten.co.jp/share/HOTEL/196685/196685map.gif,22.0,4.68,"クチコミの詳細はこちらか…　2026-01-10 20:20:40投稿 <a href=""https://img.travel.rakuten.co.jp/image/tr/api/re/gJNfM/?f_hotel_no=196685"" class=""3click"">つづきはこちら</a>",mistroom,ミストサウナ付ルーム（ダブル・30m2）(1〜2名利用),6254959.0,【開業記念】ミストサウナ付きルーム・オールインクルーシブ／ツイン（ダブル）,1,0,0,0,0,2,https://img.travel.rakuten.co.jp/image/tr/api/re/IdsCY/?f_no=196685&f_syu=mistroom&f_hi1=2026-04-21&f_hi2=2026-04-22&f_heya_su=1&f_otona_su=1&f_s1=0&f_s2=0&f_y1=0&f_y2=0&f_y3=0&f_y4=0&f_camp_id=6254959,0,2026-04-21,25200,25200,0,2026-04-21,merged-20260419
177601,ホテルトラッド博多,https://img.travel.rakuten.co.jp/image/tr/api/re/pvonD/?f_no=177601,https://img.travel.rakuten.co.jp/image/tr/api/re/vFumt/?f_no=177601&f_flg=PLAN,https://img.travel.rakuten.co.jp/image/tr/api/re/WzozX/?noTomariHotel=177601,https://img.travel.rakuten.co.jp/image/tr/api/re/gJNfM/?f_hotel_no=177601,とらっどはかた,★朝は博多駅へ無料バス運行★コンビニ直結でお買い物も楽々★ウェルカムドリンクあり★全室シモンズベッド＆スマートTV導入★,5720,120891.56,469490.34,812-0018,福岡県,福岡市博多区住吉3-12-1,092-710-7675,092-710-7674,博多駅から散歩気分で徒歩12分。バスは「博多駅前Ａ（300番台）・Ｂ乗場」から約5分「住吉」バス停下車、すぐ。,タワー式22台：先着順 15時〜11時30分 税込1500円現金のみ 入出庫不可(22時〜7時),博多,https://img.travel.rakuten.co.jp/share/HOTEL/177601/177601.jpg,https://img.travel.rakuten.co.jp/HIMG/90/177601.jpg,,,https://img.travel.rakuten.co.jp/share/HOTEL/177601/177601map.gif,963.0,4.35,"駅から少し歩く立地で、博多駅からホテルへの送迎はないものの、帰りの無料バスは便利。セルフチェックイン・アウトでスムーズに利用でき、部屋は清潔で空調も個別調整できる点や広い浴槽は高評価。ただし一部ホコリ…　2026-04-04 01:46:28投稿 <a href=""https://img.travel.rakuten.co.jp/image/tr/api/re/gJNfM/?f_hotel_no=177601"" class=""3click"">つづきはこちら</a>",twn01,【禁煙】ツイン1名利用 （24.90平米）,4625291.0,スタンダード/素泊り（事前決済）,1,0,0,0,0,2,https://img.travel.rakuten.co.jp/image/tr/api/re/IdsCY/?f_no=177601&f_syu=twn01&f_hi1=2026-04-21&f_hi2=2026-04-22&f_heya_su=1&f_otona_su=1&f_s1=0&f_s2=0&f_y1=0&f_y2=0&f_y3=0&f_y4=0&f_camp_id=4625291,0,2026-04-21,20000,20000,0,2026-04-21,merged-20260419
76922,博多東急ＲＥＩホテル,https://img.travel.rakuten.co.jp/image/tr/api/re/pvonD/?f_no=76922,https://img.travel.rakuten.co.jp/image/tr/api/re/vFumt/?f_no=76922&f_flg=PLAN,https://img.travel.rakuten.co.jp/image/tr/api/re/WzozX/?noTomariHotel=76922,https://img.travel.rakuten.co.jp/image/tr/api/re/gJNfM/?f_hotel_no=76922,はかたとうきゅうＲＥＩ,【ご宿泊プラン楽天ポイント２倍対象施設】更に現地で楽天ポイントカードをご提示で楽天ポイント加算,7875,120919.21,469514.04,812-0011,福岡県,福岡市博多区博多駅前1-2-23,092-451-0109,092-451-0188,博多駅「博多口」より徒歩にて約3分/福岡市営地下鉄 博多駅「西6」番出口より徒歩約1分,"先着順12台　1泊1,500円　普通車（幅2.05m×長さ5m×高さ1.55m以内）",博多,https://img.travel.rakuten.co.jp/share/HOTEL/76922/76922.jpg,https://img.travel.rakuten.co.jp/HIMG/90/76922.jpg,https://img.travel.rakuten.co.jp/share/HOTEL/76922/76922_room.jpg,https://img.travel.rakuten.co.jp/HIMG/INTERIOR/76922.jpg,https://img.travel.rakuten.co.jp/share/HOTEL/76922/76922map.gif,3395.0,4.14,"クチコミの詳細はこちら…　2026-03-25 00:35:29投稿 <a href=""https://img.travel.rakuten.co.jp/image/tr/api/re/gJNfM/?f_hotel_no=76922"" class=""3click"">つづきはこちら</a>",tbbn21_2,スーペリアツイン＜禁煙＞,5675613.0,【スタンダードプラン】博多駅より徒歩3分好立地！ビジネス・イベントやコンサートにもおすすめ＜素泊り＞,1,0,0,0,0,1,https://img.travel.rakuten.co.jp/image/tr/api/re/IdsCY/?f_no=76922&f_syu=tbbn21_2&f_hi1=2026-04-21&f_hi2=2026-04-22&f_heya_su=1&f_otona_su=1&f_s1=0&f_s2=0&f_y1=0&f_y2=0&f_y3=0&f_y4=0&f_camp_id=5675613,0,2026-04-21,41000,41000,0,2026-04-21,merged-20260419
168722,オリエンタルホテル福岡　博多ステーション,https://img.travel.rakuten.co.jp/image/tr/api/re/pvonD/?f_no=168722,https://img.travel.rakuten.co.jp/image/tr/api/re/vFumt/?f_no=168722&f_flg=PLAN,https://img.travel.rakuten.co.jp/image/tr/api/re/WzozX/?noTomariHotel=168722,https://img.travel.rakuten.co.jp/image/tr/api/re/gJNfM/?f_hotel_no=168722,おりえんたるほてるふくおか　はかたすてーしょん,【JR博多駅隣接＆地下鉄博多駅直結】朝食レストランがグランドオープン☆ホテルこだわりの朝食ブッフェをお愉しみください！,11250,120914.18,469527.51,812-0012,福岡県,福岡市博多区博多駅中央街4-23,092-461-0170,092-461-0171,JR「博多駅」筑紫口から徒歩1分。福岡空港から地下鉄空港線で所要時間5分＆地下鉄「博多駅」直結,"Dパーキング(ホテル1F)/オオイパーキング博多駅東(竹下通り向かい):24H2,000円※予約不可",博多,https://img.travel.rakuten.co.jp/share/HOTEL/168722/168722.jpg,https://img.travel.rakuten.co.jp/HIMG/90/168722.jpg,,,https://img.travel.rakuten.co.jp/share/HOTEL/168722/168722map.gif,442.0,3.95,"クチコミの詳細はこちらから　https:…　2026-03-28 18:31:25投稿 <a href=""https://img.travel.rakuten.co.jp/image/tr/api/re/gJNfM/?f_hotel_no=168722"" class=""3click"">つづきはこちら</a>",sttb,■モデレートツイン 21平米（禁煙・独立洗面化粧台）,4344604.0,【フレキシブルレート】家族旅行におすすめ☆小学生以下添い寝可！博多駅直結（朝食ブッフェ付）,1,0,0,1,0,1,https://img.travel.rakuten.co.jp/image/tr/api/re/IdsCY/?f_no=168722&f_syu=sttb&f_hi1=2026-04-21&f_hi2=2026-04-22&f_heya_su=1&f_otona_su=1&f_s1=0&f_s2=0&f_y1=0&f_y2=0&f_y3=0&f_y4=0&f_camp_id=4344604,0,2026-04-21,38500,38500,0,2026-04-21,merged-20260419
74609,パープルホテル二日市,https://img.travel.rakuten.co.jp/image/tr/api/re/pvonD/?f_no=74609,https://img.travel.rakuten.co.jp/image/tr/api/re/vFumt/?f_no=74609&f_flg=PLAN,https://img.travel.rakuten.co.jp/image/tr/api/re/WzozX/?noTomariHotel=74609,https://img.travel.rakuten.co.jp/image/tr/api/re/gJNfM/?f_hotel_no=74609,ぱーぷるほてるふつかいち,筑紫野ICより車で約7分、JR二日市駅西口から徒歩約7分、駐車場無料、太宰府観光にも好立地,4675,120554.96,469863.38,818-0058,福岡県,筑紫野市湯町2-5-6,092-922-2131,092-918-2221,ＪＲ二日市駅西口徒歩約7分・西鉄二日市車約10分・筑紫野IC車約7分・高速筑紫野バス停徒歩約5分,無料駐車場あり（敷地内と徒歩1分に2箇所）予約確保不可（身障者を除く）,二日市,https://img.travel.rakuten.co.jp/share/HOTEL/74609/74609.jpg,https://img.travel.rakuten.co.jp/HIMG/90/74609.jpg,https://img.travel.rakuten.co.jp/share/HOTEL/74609/74609_kya.jpg,https://img.travel.rakuten.co.jp/HIMG/INTERIOR/74609.jpg,https://img.travel.rakuten.co.jp/share/HOTEL/74609/74609map.gif,379.0,3.82,"フロントのスタッフと対応が悪かった。伝えることは伝えてたと思うが、まず着いた時予約したものなんですけどって言ったらはいとしか言われず謎の沈黙、何を言えばいいかも…　2026-02-28 00:59:03投稿 <a href=""https://img.travel.rakuten.co.jp/image/tr/api/re/gJNfM/?f_hotel_no=74609"" class=""3click"">つづきはこちら</a>",tws,ツインA（禁煙室）,3155765.0,スタンダードプラン｜食事なし★到着時間の連絡不要★駐車場無料,1,0,0,0,0,1,https://img.travel.rakuten.co.jp/image/tr/api/re/IdsCY/?f_no=74609&f_syu=tws&f_hi1=2026-04-21&f_hi2=2026-04-22&f_heya_su=1&f_otona_su=1&f_s1=0&f_s2=0&f_y1=0&f_y2=0&f_y3=0&f_y4=0&f_camp_id=3155765,0,2026-04-21,13750,13750,0,2026-04-21,merged-20260419
181717,ホテルリブマックス博多駅前,https://img.travel.rakuten.co.jp/image/tr/api/re/pvonD/?f_no=181717,https://img.travel.rakuten.co.jp/image/tr/api/re/vFumt/?f_no=181717&f_flg=PLAN,https://img.travel.rakuten.co.jp/image/tr/api/re/WzozX/?noTomariHotel=181717,https://img.travel.rakuten.co.jp/image/tr/api/re/gJNfM/?f_hotel_no=181717,ほてるりぶまっくすはかたえきまえ,【2020年12月OPEN】「博多駅」徒歩5分　加湿空気清浄機＆電子レンジなど充実のルームコンテンツ,4038,120913.17,469500.65,812-0011,福岡県,福岡市博多区博多駅前2-7-9,092-419-2280,092-419-2281,「博多」駅より徒歩5分,無し※近隣にコインパーキング多数あり！,博多,https://img.travel.rakuten.co.jp/share/HOTEL/181717/181717.jpg,https://img.travel.rakuten.co.jp/HIMG/90/181717.jpg,,,https://img.travel.rakuten.co.jp/share/HOTEL/181717/181717map.gif,295.0,4.0,"クチコミの詳細はこちらから　h…　2026-02-26 20:00:00投稿 <a href=""https://img.travel.rakuten.co.jp/image/tr/api/re/gJNfM/?f_hotel_no=181717"" class=""3click"">つづきはこちら</a>",twin,【ツインルーム】喫煙/定員２名/１５平米/シングルベッド２台,5721718.0,【リブマックスセール】《15％OFF》ホテルリブマックス博多駅前【素泊り】,1,0,0,0,0,1,https://img.travel.rakuten.co.jp/image/tr/api/re/IdsCY/?f_no=181717&f_syu=twin&f_hi1=2026-04-21&f_hi2=2026-04-22&f_heya_su=1&f_otona_su=1&f_s1=0&f_s2=0&f_y1=0&f_y2=0&f_y3=0&f_y4=0&f_camp_id=5721718,0,2026-04-21,28050,28050,0,2026-04-21,merged-20260419
80686,二日市温泉　大観荘,https://img.travel.rakuten.co.jp/image/tr/api/re/pvonD/?f_no=80686,https://img.travel.rakuten.co.jp/image/tr/api/re/vFumt/?f_no=80686&f_flg=PLAN,https://img.travel.rakuten.co.jp/image/tr/api/re/WzozX/?noTomariHotel=80686,https://img.travel.rakuten.co.jp/image/tr/api/re/gJNfM/?f_hotel_no=80686,だいかんそう,万葉の香りといで湯の里　二日市温泉　大観荘,7650,120560.23,469854.3,818-0058,福岡県,筑紫野市湯町1-12-1,092-922-3236,092-928-0675,ＪＲ　二日市駅から車で５分／西鉄　二日市駅から車で８分,有り　１５０台　無料　予約不要,二日市,https://img.travel.rakuten.co.jp/share/HOTEL/80686/80686.jpg,https://img.travel.rakuten.co.jp/HIMG/90/80686.jpg,https://img.travel.rakuten.co.jp/share/HOTEL/80686/80686_k.jpg,https://img.travel.rakuten.co.jp/HIMG/INTERIOR/80686.jpg,https://img.travel.rakuten.co.jp/share/HOTEL/80686/80686map.gif,729.0,4.13,"朝の朝食はお腹いっぱいになるくらいたくさ…　2026-04-14 22:07:35投稿 <a href=""https://img.travel.rakuten.co.jp/image/tr/api/re/gJNfM/?f_hotel_no=80686"" class=""3click"">つづきはこちら</a>",wab1,おちついた和室（別館・本館）,3756578.0,【１泊朝食付　レイトチェックイン可能】　ビジネスに！観光に！お手軽・お気軽宿泊プラン,2,0,0,1,0,1,https://img.travel.rakuten.co.jp/image/tr/api/re/IdsCY/?f_no=80686&f_syu=wab1&f_hi1=2026-04-21&f_hi2=2026-04-22&f_heya_su=1&f_otona_su=1&f_s1=0&f_s2=0&f_y1=0&f_y2=0&f_y3=0&f_y4=0&f_camp_id=3756578,0,2026-04-21,9850,9850,0,2026-04-21,merged-20260419
572,グランドハイアット福岡,https://img.travel.rakuten.co.jp/image/tr/api/re/pvonD/?f_no=572,https://img.travel.rakuten.co.jp/image/tr/api/re/vFumt/?f_no=572&f_flg=PLAN,https://img.travel.rakuten.co.jp/image/tr/api/re/WzozX/?noTomariHotel=572,https://img.travel.rakuten.co.jp/image/tr/api/re/gJNfM/?f_hotel_no=572,ぐらんどはいあっとふくおか,キャナルシティ内に位置する、ハイアット最上級ブランドホテル,15180,120910.57,469485.97,812-0018,福岡県,福岡市博多区住吉1-2-82　,092-282-1234,092-282-2817,博多駅から徒歩約10分、天神駅から徒歩約15分。福岡市地下鉄　七隈線「櫛田神社前駅」西改札口を出て2番出口より徒歩3分,"1300台 1泊1,980円（税込） （14:00から翌14:00）",中洲川端,https://img.travel.rakuten.co.jp/share/HOTEL/572/572.jpg,https://img.travel.rakuten.co.jp/HIMG/90/572.jpg,https://img.travel.rakuten.co.jp/share/HOTEL/572/572_a.jpg,https://img.travel.rakuten.co.jp/HIMG/INTERIOR/572.jpg,https://img.travel.rakuten.co.jp/share/HOTEL/572/572map.gif,951.0,4.23,,tgns,【禁煙】ツイン2台（34平米）,2989694.0,【基本プラン】デイリーレート,1,0,0,0,0,1,https://img.travel.rakuten.co.jp/image/tr/api/re/IdsCY/?f_no=572&f_syu=tgns&f_hi1=2026-04-21&f_hi2=2026-04-22&f_heya_su=1&f_otona_su=1&f_s1=0&f_s2=0&f_y1=0&f_y2=0&f_y3=0&f_y4=0&f_camp_id=2989694,0,2026-04-21,46046,46046,0,2026-04-21,merged-20260419
38630,二日市温泉　大丸別荘,https://img.travel.rakuten.co.jp/image/tr/api/re/pvonD/?f_no=38630,https://img.travel.rakuten.co.jp/image/tr/api/re/vFumt/?f_no=38630&f_flg=PLAN,https://img.travel.rakuten.co.jp/image/tr/api/re/WzozX/?noTomariHotel=38630,https://img.travel.rakuten.co.jp/image/tr/api/re/gJNfM/?f_hotel_no=38630,ふつかいちおんせん　だいまるべっそう,博多・天神から程近い場所にあり、お部屋食が可能なプランもございます。二日市温泉をご堪能下さい。,11280,120552.68,469860.0,818-0058,福岡県,筑紫野市湯町1-20-1,0120-026-145,092-924-4126,「福岡空港」より高速バスで約30分　「博多駅」よりＪＲ線利用で20分　「福岡天神駅」より西鉄電車利用で30分,無料駐車場有り（先着6０台）,二日市,https://img.travel.rakuten.co.jp/share/HOTEL/38630/38630.jpg,https://img.travel.rakuten.co.jp/HIMG/90/38630.jpg,https://img.travel.rakuten.co.jp/share/HOTEL/38630/38630_he.jpg,https://img.travel.rakuten.co.jp/HIMG/INTERIOR/38630.jpg,https://img.travel.rakuten.co.jp/share/HOTEL/38630/38630map.gif,456.0,4.69,"リラックス、リフレッシュには…　2026-04-10 11:51:17投稿 <a href=""https://img.travel.rakuten.co.jp/image/tr/api/re/gJNfM/?f_hotel_no=38630"" class=""3click"">つづきはこちら</a>",j,【平安亭】（10畳+８畳+リビング）,6236466.0,【事前カード決済限定/返金不可】素泊りプラン【源泉かけ流し天然温泉を満喫】,1,0,0,0,0,2,https://img.travel.rakuten.co.jp/image/tr/api/re/IdsCY/?f_no=38630&f_syu=j&f_hi1=2026-04-21&f_hi2=2026-04-22&f_heya_su=1&f_otona_su=1&f_s1=0&f_s2=0&f_y1=0&f_y2=0&f_y3=0&f_y4=0&f_camp_id=6236466,0,2026-04-21,26668,26668,0,2026-04-21,merged-20260419
149112,照葉スパリゾート,https://img.travel.rakuten.co.jp/image/tr/api/re/pvonD/?f_no=149112,https://img.travel.rakuten.co.jp/image/tr/api/re/vFumt/?f_no=149112&f_flg=PLAN,,https://img.travel.rakuten.co.jp/image/tr/api/re/gJNfM/?f_hotel_no=149112,てりはすぱりぞーと,九州最大級の温浴施設を併設！趣向を凝らしたスパや岩盤房、リラックススペースでくつろぎのひとときをお楽しみください。 ,12700,121185.19,469508.48,813-0017,福岡県,福岡市東区香椎照葉5-2-15,092-683-1010,092-683-1018,千早駅よりお車にて約１５分,有り　　宿泊者無料 ※コインパーキング。宿泊者は無料処理致します。乗用車のみ駐車可。,,https://img.travel.rakuten.co.jp/share/HOTEL/149112/149112.jpg,https://img.travel.rakuten.co.jp/HIMG/90/149112.jpg,,,https://img.travel.rakuten.co.jp/share/HOTEL/149112/149112map.gif,465.0,4.18,"食事についても選択できるので、長時間過ごしても飽きなく…　2026-03-26 18:23:30投稿 <a href=""https://img.travel.rakuten.co.jp/image/tr/api/re/gJNfM/?f_hotel_no=149112"" class=""3click"">つづきはこちら</a>",teriw,ダブルルーム,4708344.0,朝食無料！　ダブルルーム　,1,0,0,1,0,1,https://img.travel.rakuten.co.jp/image/tr/api/re/IdsCY/?f_no=149112&f_syu=teriw&f_hi1=2026-04-21&f_hi2=2026-04-22&f_heya_su=1&f_otona_su=1&f_s1=0&f_s2=0&f_y1=0&f_y2=0&f_y3=0&f_y4=0&f_camp_id=4708344,0,2026-04-21,20200,20200,0,2026-04-21,merged-20260419
177892,ＡＯ太宰府,https://img.travel.rakuten.co.jp/image/tr/api/re/pvonD/?f_no=177892,https://img.travel.rakuten.co.jp/image/tr/api/re/vFumt/?f_no=177892&f_flg=PLAN,https://img.travel.rakuten.co.jp/image/tr/api/re/WzozX/?noTomariHotel=177892,https://img.travel.rakuten.co.jp/image/tr/api/re/gJNfM/?f_hotel_no=177892,あおだざいふ,不動産会社併設の宿泊施設、西鉄二日市駅徒歩3分の便利な立地です。,3000,120598.18,469881.71,818-0056,福岡県,筑紫野市二日市北2-4-6,092-925-8801,092-928-6852,西鉄二日市駅 徒歩3分,有り　１台６００円（税込／泊）先着順です。※ご予約時に「駐車場を利用します」とご記入下さい。,西鉄二日市,https://img.travel.rakuten.co.jp/share/HOTEL/177892/177892.jpg,https://img.travel.rakuten.co.jp/HIMG/90/177892.jpg,https://img.travel.rakuten.co.jp/share/HOTEL/177892/177892_kan1.jpg,https://img.travel.rakuten.co.jp/HIMG/INTERIOR/177892.jpg,https://img.travel.rakuten.co.jp/share/HOTEL/177892/177892map.gif,33.0,4.56,"クチコミの詳細はこちらから　https://review.travel.rakuten.co.jp/hotel/voice/177892?reviewId=3312347726…　2026-03-30 01:01:51投稿 <a href=""https://img.travel.rakuten.co.jp/image/tr/api/re/gJNfM/?f_hotel_no=177892"" class=""3click"">つづきはこちら</a>",annex305-3,【別館３０５】１〜２名可ロータイプクイーン１台ワンルーム,4755878.0,【１DAY・１泊プラン】テレワークや観光にオススメ！レジャーから仕事まで幅広くご利用できます♪,1,0,0,0,0,2,https://img.travel.rakuten.co.jp/image/tr/api/re/IdsCY/?f_no=177892&f_syu=annex305-3&f_hi1=2026-04-21&f_hi2=2026-04-22&f_heya_su=1&f_otona_su=1&f_s1=0&f_s2=0&f_y1=0&f_y2=0&f_y3=0&f_y4=0&f_camp_id=4755878,0,2026-04-21,7500,7500,0,2026-04-21,merged-20260419
67249,割烹旅館　まさご屋,https://img.travel.rakuten.co.jp/image/tr/api/re/pvonD/?f_no=67249,https://img.travel.rakuten.co.jp/image/tr/api/re/vFumt/?f_no=67249&f_flg=PLAN,https://img.travel.rakuten.co.jp/image/tr/api/re/WzozX/?noTomariHotel=67249,https://img.travel.rakuten.co.jp/image/tr/api/re/gJNfM/?f_hotel_no=67249,かっぽう　まさごや,玄界灘を眺望しながら静かなひとときを！！獲れたての魚介類を「まさごや」の技で料理！！,9000,121261.87,469068.97,811-0325,福岡県,福岡市東区勝馬257-5,092-603-6417,092-603-6788,太宰府IC、福岡ICからは都市高速経由「香椎浜ランプ」より海の中道大橋経由で志賀島へ,有り　５０台　無料　予約不要,西戸崎,https://img.travel.rakuten.co.jp/share/HOTEL/67249/67249.jpg,https://img.travel.rakuten.co.jp/HIMG/90/67249.jpg,https://img.travel.rakuten.co.jp/share/HOTEL/67249/67249_wa.jpg,https://img.travel.rakuten.co.jp/HIMG/INTERIOR/67249.jpg,https://img.travel.rakuten.co.jp/share/HOTEL/67249/67249map.gif,41.0,4.67,,205,部屋風呂タイプ205号,6345121.0,ゆっくり素泊まりプラン。,1,0,0,0,0,2,https://img.travel.rakuten.co.jp/image/tr/api/re/IdsCY/?f_no=67249&f_syu=205&f_hi1=2026-04-21&f_hi2=2026-04-22&f_heya_su=1&f_otona_su=1&f_s1=0&f_s2=0&f_y1=0&f_y2=0&f_y3=0&f_y4=0&f_camp_id=6345121,0,2026-04-21,17000,17000,0,2026-04-21,merged-20260419
11324,山本旅館,https://img.travel.rakuten.co.jp/image/tr/api/re/pvonD/?f_no=11324,https://img.travel.rakuten.co.jp/image/tr/api/re/vFumt/?f_no=11324&f_flg=PLAN,https://img.travel.rakuten.co.jp/image/tr/api/re/WzozX/?noTomariHotel=11324,https://img.travel.rakuten.co.jp/image/tr/api/re/gJNfM/?f_hotel_no=11324,やまもとりょかん,福岡空港＆博多駅から1本！祇園駅すぐの老舗旅館。和の雰囲気に包まれたゆったり空間でお寛ぎください。,5500,120926.04,469493.96,812-0039,福岡県,福岡市博多区冷泉町3-6,092-291-1176,092-291-1177,地下鉄：福岡空港＆博多駅から1本！祇園駅②出口から徒歩約1分／車：呉服町ＩＣから大博通り経由で約4分／バス亭も徒歩約1分,有。 事前に電話予約。 駐車場代：1100円／1泊 （満車時は近くにコインパーキング有。）,博多,https://img.travel.rakuten.co.jp/share/HOTEL/11324/11324.jpg,https://img.travel.rakuten.co.jp/HIMG/90/11324.jpg,https://img.travel.rakuten.co.jp/share/HOTEL/11324/11324_heya.jpg,https://img.travel.rakuten.co.jp/HIMG/INTERIOR/11324.jpg,https://img.travel.rakuten.co.jp/share/HOTEL/11324/11324map.gif,549.0,3.8,"クチコミの詳細はこちらから　https://review.travel.rakuten.co.jp/hotel/voice/113…　2026-04-09 23:11:31投稿 <a href=""https://img.travel.rakuten.co.jp/image/tr/api/re/gJNfM/?f_hotel_no=11324"" class=""3click"">つづきはこちら</a>",nsjp_trip2,■禁煙■　和室6畳（1〜3名様）,5532027.0,【素泊まりプラン】福岡空港＆博多駅から1本！祇園駅すぐの老舗旅館。和の雰囲気に包まれたゆったり空間,1,0,0,0,0,1,https://img.travel.rakuten.co.jp/image/tr/api/re/IdsCY/?f_no=11324&f_syu=nsjp_trip2&f_hi1=2026-04-21&f_hi2=2026-04-22&f_heya_su=1&f_otona_su=1&f_s1=0&f_s2=0&f_y1=0&f_y2=0&f_y3=0&f_y4=0&f_camp_id=5532027,0,2026-04-21,9500,9500,0,2026-04-21,merged-20260419
179309,Ａ．Ｔ．ＨＯＴＥＬ　ＨＡＫＡＴＡ,https://img.travel.rakuten.co.jp/image/tr/api/re/pvonD/?f_no=179309,https://img.travel.rakuten.co.jp/image/tr/api/re/vFumt/?f_no=179309&f_flg=PLAN,https://img.travel.rakuten.co.jp/image/tr/api/re/WzozX/?noTomariHotel=179309,https://img.travel.rakuten.co.jp/image/tr/api/re/gJNfM/?f_hotel_no=179309,えーてぃーほてる　はかた,ららぽーと福岡に一番近いホテル♪　65㎡全室オープンキッチン♪　大切な人との時間を大切にできるホテル,4000,120857.54,469544.14,812-0016,福岡県,福岡市博多区博多駅南5-26-18,092-710-5571,092-710-5572,博多駅から一駅の竹下駅から徒歩11分ほどです。敷地内駐車場確約プランがございます。,有り　7台　１０００円（税込／１泊１台あたり）　駐車場確約プランでご予約されたお客様のみ,竹下,https://img.travel.rakuten.co.jp/share/HOTEL/179309/179309.jpg,https://img.travel.rakuten.co.jp/HIMG/90/179309.jpg,https://img.travel.rakuten.co.jp/share/HOTEL/179309/179309_kan1.jpg,https://img.travel.rakuten.co.jp/HIMG/INTERIOR/179309.jpg,https://img.travel.rakuten.co.jp/share/HOTEL/179309/179309map.gif,40.0,4.33,,msuite,ファミリースイート（ダブル２台及びダブル布団１組　65平米）,5040280.0,【和む】お部屋のみ利用プラン＜個室WiFi・65平米＞※調理器具セットなし,1,0,0,0,0,2,https://img.travel.rakuten.co.jp/image/tr/api/re/IdsCY/?f_no=179309&f_syu=msuite&f_hi1=2026-04-21&f_hi2=2026-04-22&f_heya_su=1&f_otona_su=1&f_s1=0&f_s2=0&f_y1=0&f_y2=0&f_y3=0&f_y4=0&f_camp_id=5040280,0,2026-04-21,32000,32000,0,2026-04-21,merged-20260419
197238,ＨＯＴＥＬ　ＲＯＩ　博多,https://img.travel.rakuten.co.jp/image/tr/api/re/pvonD/?f_no=197238,https://img.travel.rakuten.co.jp/image/tr/api/re/vFumt/?f_no=197238&f_flg=PLAN,,https://img.travel.rakuten.co.jp/image/tr/api/re/gJNfM/?f_hotel_no=197238,あーるおーあいはかた,マンションがホテルに！ご自宅のようにご利用いただけます！,2366,120893.78,469509.11,812-0011,福岡県,福岡市博多区博多駅前4-6-13,092-409-4892,092-401-1057,博多駅から徒歩で約１０分,無し,博多,https://img.travel.rakuten.co.jp/share/HOTEL/197238/197238.jpg,https://img.travel.rakuten.co.jp/HIMG/90/197238.jpg,,,https://img.travel.rakuten.co.jp/share/HOTEL/197238/197238map.gif,6.0,4.33,,ahito,コンフォートA,6294345.0,【素泊まり】スタンダードプラン「迷ったらコレ！」,1,0,0,0,0,2,https://img.travel.rakuten.co.jp/image/tr/api/re/IdsCY/?f_no=197238&f_syu=ahito&f_hi1=2026-04-21&f_hi2=2026-04-22&f_heya_su=1&f_otona_su=1&f_s1=0&f_s2=0&f_y1=0&f_y2=0&f_y3=0&f_y4=0&f_camp_id=6294345,0,2026-04-21,39669,39669,0,2026-04-21,merged-20260419
196144,Ｇｒａｎｄ　ＳＴＡＹ　博多駅北,https://img.travel.rakuten.co.jp/image/tr/api/re/pvonD/?f_no=196144,https://img.travel.rakuten.co.jp/image/tr/api/re/vFumt/?f_no=196144&f_flg=PLAN,,https://img.travel.rakuten.co.jp/image/tr/api/re/gJNfM/?f_hotel_no=196144,ぐらんど　すてい　はかたえききた,ＪＲ博多駅から徒歩１3分！！　福岡の中心地、博多が徒歩圏内！フランスベッド、洗濯乾燥機、プロジェクター完備！,11475,120940.47,469531.52,812-0043,福岡県,福岡市博多区堅粕3-15-4,092-412-5133,--,博多駅筑紫口より徒歩にて約１３分になります。,有り　１２台　予約不可（先着順）,博多,https://img.travel.rakuten.co.jp/share/HOTEL/196144/196144.jpg,https://img.travel.rakuten.co.jp/HIMG/90/196144.jpg,,,https://img.travel.rakuten.co.jp/share/HOTEL/196144/196144map.gif,4.0,,,dx,デラックストリプルルーム(1~5名利用),6186412.0,【♪♪口コミ投稿プラン♪♪】 最安価格でご提供！博多駅から徒歩13分！全室シアタールーム付,1,0,0,0,0,2,https://img.travel.rakuten.co.jp/image/tr/api/re/IdsCY/?f_no=196144&f_syu=dx&f_hi1=2026-04-21&f_hi2=2026-04-22&f_heya_su=1&f_otona_su=1&f_s1=0&f_s2=0&f_y1=0&f_y2=0&f_y3=0&f_y4=0&f_camp_id=6186412,0,2026-04-21,29000,29000,1,2026-04-21,merged-20260419
183135,＆ＨＯＴＥＬ　ＨＡＫＡＴＡ,https://img.travel.rakuten.co.jp/image/tr/api/re/pvonD/?f_no=183135,https://img.travel.rakuten.co.jp/image/tr/api/re/vFumt/?f_no=183135&f_flg=PLAN,https://img.travel.rakuten.co.jp/image/tr/api/re/WzozX/?noTomariHotel=183135,https://img.travel.rakuten.co.jp/image/tr/api/re/gJNfM/?f_hotel_no=183135,あんどほてる　はかた,2021年8月オープン。人気カフェ併設のカルチャー系ビジネスホテル。,4057,120929.15,469489.85,812-0039,福岡県,福岡市博多区冷泉町9-6,050-1721-0831,092-235-3903,福岡市営地下鉄 祇園駅より徒歩約4分,駐車場付きプランをご予約ください。※1日1組限定,祇園（福岡）,https://img.travel.rakuten.co.jp/share/HOTEL/183135/183135.jpg,https://img.travel.rakuten.co.jp/HIMG/90/183135.jpg,,,https://img.travel.rakuten.co.jp/share/HOTEL/183135/183135map.gif,78.0,3.6,,6,プレミアムルーム,5205782.0,◆【シンプルステイ】観光やビジネスの拠点に！シンプルでオシャレな空間で過ごす福岡STAY　素泊り,1,0,0,0,0,1,https://img.travel.rakuten.co.jp/image/tr/api/re/IdsCY/?f_no=183135&f_syu=6&f_hi1=2026-04-21&f_hi2=2026-04-22&f_heya_su=1&f_otona_su=1&f_s1=0&f_s2=0&f_y1=0&f_y2=0&f_y3=0&f_y4=0&f_camp_id=5205782,0,2026-04-21,26736,26736,0,2026-04-21,merged-20260419
181794,グランドベース博多呉服,https://img.travel.rakuten.co.jp/image/tr/api/re/pvonD/?f_no=181794,https://img.travel.rakuten.co.jp/image/tr/api/re/vFumt/?f_no=181794&f_flg=PLAN,https://img.travel.rakuten.co.jp/image/tr/api/re/WzozX/?noTomariHotel=181794,https://img.travel.rakuten.co.jp/image/tr/api/re/gJNfM/?f_hotel_no=181794,ぐらんどべーすはかたごふく,【無人フロントホテル】古き良き街並みの中に新しい風を吹き込む、ナチュラル和モダンな雰囲気のグランドベース博多呉服が登場。,2548,120942.65,469497.21,812-0036,福岡県,福岡市博多区上呉服町7-7,092-409-4892,,地下鉄「呉服町駅」から徒歩6分、博多駅・マリンメッセからはバスで10分（最寄りバス停「呉服町」）,専用駐車場・提携駐車場はございません。 公式サイトから、近隣のコインパーキングをご確認下さい。,福岡空港,https://img.travel.rakuten.co.jp/share/HOTEL/181794/181794.jpg,https://img.travel.rakuten.co.jp/HIMG/90/181794.jpg,,,https://img.travel.rakuten.co.jp/share/HOTEL/181794/181794map.gif,6.0,5.0,,dhito,デラックスD,4980276.0,【素泊まり】スタンダードプラン「迷ったらコレ！」,1,0,0,0,0,2,https://img.travel.rakuten.co.jp/image/tr/api/re/IdsCY/?f_no=181794&f_syu=dhito&f_hi1=2026-04-21&f_hi2=2026-04-22&f_heya_su=1&f_otona_su=1&f_s1=0&f_s2=0&f_y1=0&f_y2=0&f_y3=0&f_y4=0&f_camp_id=4980276,0,2026-04-21,22400,22400,0,2026-04-21,merged-20260419
172418,Ｃｌｏｕｄ　Ｓｈａｒｉｎｇ　Ｈｏｔｅｌ　＠ＨＡＫＡＴＡ　１,https://img.travel.rakuten.co.jp/image/tr/api/re/pvonD/?f_no=172418,https://img.travel.rakuten.co.jp/image/tr/api/re/vFumt/?f_no=172418&f_flg=PLAN,,https://img.travel.rakuten.co.jp/image/tr/api/re/gJNfM/?f_hotel_no=172418,くらうどしぇありんぐほてる　あっと　はかた　わん,博多駅徒歩１2分地下鉄七隈線櫛田神社前駅徒歩4分☆キャナルシティ３分☆ゲストハウス☆便利でリーズナブルな宿です！,3200,120902.16,469491.51,812-0018,福岡県,福岡市博多区住吉2-14-1　エトランゼ博多3階,090-3663-2473,000-000-0000,ＪＲ博多駅より徒歩12分 地下鉄七隈線櫛田神社前駅徒歩4分,無し,博多,https://img.travel.rakuten.co.jp/share/HOTEL/172418/172418.jpg,https://img.travel.rakuten.co.jp/HIMG/90/172418.jpg,https://img.travel.rakuten.co.jp/share/HOTEL/172418/172418_kan1.jpg,https://img.travel.rakuten.co.jp/HIMG/INTERIOR/172418.jpg,https://img.travel.rakuten.co.jp/share/HOTEL/172418/172418map.gif,31.0,3.45,"福岡国際空港から旅行に行くための前泊に利用しました。スタッフさん情報で近くのお一人様でもOKな、もつ鍋を食べに出かけたり、明太子フライパンを購入したり博多…　2026-04-10 08:54:08投稿 <a href=""https://img.travel.rakuten.co.jp/image/tr/api/re/gJNfM/?f_hotel_no=172418"" class=""3click"">つづきはこちら</a>",etoranze1,地下鉄七隈線櫛田神社前駅徒歩4分 ドミトリー形式二段ベッド ,,,5,0,0,0,0,2,https://img.travel.rakuten.co.jp/image/tr/api/re/IdsCY/?f_no=172418&f_syu=etoranze1&f_hi1=2026-04-21&f_hi2=2026-04-22&f_heya_su=1&f_otona_su=1&f_s1=0&f_s2=0&f_y1=0&f_y2=0&f_y3=0&f_y4=0,1,2026-04-21,3200,3200,0,2026-04-21,merged-20260419
177846,９ＨＯＴＥＬ　ＨＡＫＡＴＡ,https://img.travel.rakuten.co.jp/image/tr/api/re/pvonD/?f_no=177846,https://img.travel.rakuten.co.jp/image/tr/api/re/vFumt/?f_no=177846&f_flg=PLAN,https://img.travel.rakuten.co.jp/image/tr/api/re/WzozX/?noTomariHotel=177846,https://img.travel.rakuten.co.jp/image/tr/api/re/gJNfM/?f_hotel_no=177846,ないん　ほてる　はかた,中洲まで徒歩5分。全室風呂トイレ別のゆったり空間。館内・客室には九州の色が感じられます。,7200,120931.02,469487.7,812-0039,福岡県,福岡市博多区冷泉町9-16,092-263-5010,092-263-5020,福岡空港から地下鉄祇園駅まで7分。祇園駅徒歩約5分。中洲川端駅徒歩6分、博多駅から徒歩約13分,なし,祇園（福岡）,https://img.travel.rakuten.co.jp/share/HOTEL/177846/177846.jpg,https://img.travel.rakuten.co.jp/HIMG/90/177846.jpg,https://img.travel.rakuten.co.jp/share/HOTEL/177846/177846_kan1.jpg,https://img.travel.rakuten.co.jp/HIMG/INTERIOR/177846.jpg,https://img.travel.rakuten.co.jp/share/HOTEL/177846/177846map.gif,204.0,3.88,"受付の雰囲気は良かった。お部屋は和洋室、窓側と押し入れに障子があり子供が小さいので破りそうでヒヤヒヤ、寝るだけでとったお部屋だったからなんとか過ごせました^_^子連れで…　2026-03-29 23:54:14投稿 <a href=""https://img.travel.rakuten.co.jp/image/tr/api/re/gJNfM/?f_hotel_no=177846"" class=""3click"">つづきはこちら</a>",0001,【禁煙】スーペリアクイーン ＜24平米／ベッド幅160＞,5565904.0,【シンプルプラン】中州エリア☆博多駅近！２３平米以上のゆったり空間！＜素泊まり＞,1,0,0,0,0,1,https://img.travel.rakuten.co.jp/image/tr/api/re/IdsCY/?f_no=177846&f_syu=0001&f_hi1=2026-04-21&f_hi2=2026-04-22&f_heya_su=1&f_otona_su=1&f_s1=0&f_s2=0&f_y1=0&f_y2=0&f_y3=0&f_y4=0&f_camp_id=5565904,0,2026-04-21,26600,26600,0,2026-04-21,merged-20260419
188823,ＡＬＦＡＣＩＯ　ＲＩＶＥＲＳＩＤＥ　ＳＴＡＹ　ＨＡＫＡＴＡ,https://img.travel.rakuten.co.jp/image/tr/api/re/pvonD/?f_no=188823,https://img.travel.rakuten.co.jp/image/tr/api/re/vFumt/?f_no=188823&f_flg=PLAN,,https://img.travel.rakuten.co.jp/image/tr/api/re/gJNfM/?f_hotel_no=188823,あるふぁしお　りばーさいど　すてい　はかた,天神・博多へ好アクセス！リバービューの広々客室,2902,120899.15,469484.56,812-0018,福岡県,福岡市博多区住吉2-21-15,092-409-4892,,博多駅から徒歩約１４分,無し,博多,https://img.travel.rakuten.co.jp/share/HOTEL/188823/188823.jpg,https://img.travel.rakuten.co.jp/HIMG/90/188823.jpg,,,https://img.travel.rakuten.co.jp/share/HOTEL/188823/188823map.gif,8.0,4.25,,ahito,ファミリールームA,6325485.0,【素泊まり】スタンダードプラン「迷ったらコレ！」,1,0,0,0,0,2,https://img.travel.rakuten.co.jp/image/tr/api/re/IdsCY/?f_no=188823&f_syu=ahito&f_hi1=2026-04-21&f_hi2=2026-04-22&f_heya_su=1&f_otona_su=1&f_s1=0&f_s2=0&f_y1=0&f_y2=0&f_y3=0&f_y4=0&f_camp_id=6325485,0,2026-04-21,31668,31668,0,2026-04-21,merged-20260419
168347,トリップベース博多駅前,https://img.travel.rakuten.co.jp/image/tr/api/re/pvonD/?f_no=168347,https://img.travel.rakuten.co.jp/image/tr/api/re/vFumt/?f_no=168347&f_flg=PLAN,https://img.travel.rakuten.co.jp/image/tr/api/re/WzozX/?noTomariHotel=168347,https://img.travel.rakuten.co.jp/image/tr/api/re/gJNfM/?f_hotel_no=168347,とりっぷべーすはかたえきまえ,【無人フロントホテル】博多駅から徒歩15分！最大定員9名メゾネット客室あり。全室キッチン・洗濯機完備！,2392,120883.41,469520.76,812-0011,福岡県,福岡市博多区博多駅前４丁目３４－１,092-409-4892,092-401-1057,JR博多駅より徒歩15分,専用駐車場・提携駐車場はございません。 公式サイトから、近隣のコインパーキングをご確認下さい。,博多,https://img.travel.rakuten.co.jp/share/HOTEL/168347/168347.jpg,https://img.travel.rakuten.co.jp/HIMG/90/168347.jpg,https://img.travel.rakuten.co.jp/share/HOTEL/168347/168347_kan1.jpg,https://img.travel.rakuten.co.jp/HIMG/INTERIOR/168347.jpg,https://img.travel.rakuten.co.jp/share/HOTEL/168347/168347map.gif,14.0,4.5,,mrhito,スタンダード model,4709486.0,【素泊まり】スタンダードプラン「迷ったらコレ！」,1,0,0,0,0,2,https://img.travel.rakuten.co.jp/image/tr/api/re/IdsCY/?f_no=168347&f_syu=mrhito&f_hi1=2026-04-21&f_hi2=2026-04-22&f_heya_su=1&f_otona_su=1&f_s1=0&f_s2=0&f_y1=0&f_y2=0&f_y3=0&f_y4=0&f_camp_id=4709486,0,2026-04-21,25000,25000,0,2026-04-21,merged-20260419
172657,ＪＡＭ　ＨＯＳＴＥＬ博多駅前（ＪＡＭ　ＨＯＳＴＥＬ　Ｈａｋａｔａ　Ｓｔａｔｉｏｎ　Ｆｒｏｎｔ）,https://img.travel.rakuten.co.jp/image/tr/api/re/pvonD/?f_no=172657,https://img.travel.rakuten.co.jp/image/tr/api/re/vFumt/?f_no=172657&f_flg=PLAN,,https://img.travel.rakuten.co.jp/image/tr/api/re/gJNfM/?f_hotel_no=172657,じゃむほすてるはかたえきまえ（じゃむほすてるはかたすてーしょんふろんと）,博多駅より徒歩6分。博多駅から1番近いゲストハウスです(*^-^*) 珍しいモーニングチェックインOK♪,3420,120896.08,469519.11,812-0011,福岡県,福岡市博多区博多駅前4-17-22,070-7528-6474,000-000-0000,ＪＲ　博多駅より徒歩にて約６分,近くのコインパーキングをご紹介します。,博多,https://img.travel.rakuten.co.jp/share/HOTEL/172657/172657.jpg,https://img.travel.rakuten.co.jp/HIMG/90/172657.jpg,https://img.travel.rakuten.co.jp/share/HOTEL/172657/172657_kan1.jpg,https://img.travel.rakuten.co.jp/HIMG/INTERIOR/172657.jpg,https://img.travel.rakuten.co.jp/share/HOTEL/172657/172657map.gif,56.0,3.2,,201,女性専用ドミトリー　二段ベッド1名分,4435809.0,ドミトリールーム　オンライン決済プラン♪　【禁煙】 通常の予約よりお得です！,1,0,0,0,0,2,https://img.travel.rakuten.co.jp/image/tr/api/re/IdsCY/?f_no=172657&f_syu=201&f_hi1=2026-04-21&f_hi2=2026-04-22&f_heya_su=1&f_otona_su=1&f_s1=0&f_s2=0&f_y1=0&f_y2=0&f_y3=0&f_y4=0&f_camp_id=4435809,0,2026-04-21,4720,4720,0,2026-04-21,merged-20260419
178602,グランドベース博多住吉,https://img.travel.rakuten.co.jp/image/tr/api/re/pvonD/?f_no=178602,https://img.travel.rakuten.co.jp/image/tr/api/re/vFumt/?f_no=178602&f_flg=PLAN,https://img.travel.rakuten.co.jp/image/tr/api/re/WzozX/?noTomariHotel=178602,https://img.travel.rakuten.co.jp/image/tr/api/re/gJNfM/?f_hotel_no=178602,ぐらんどべーすはかたすみよし,【無人フロントホテル】＜広い客室・キーレス＞住吉バス停７分。全室ソファースペース、キッチン、洗濯機あり,2535,120884.31,469506.57,812-0018,福岡県,福岡市博多区住吉5-6-21,092-409-4892,,博多駅からは徒歩15分！バスなら5分で最寄りの「住吉」に到着、下車後徒歩5分。天神からはバスで10分。,専用駐車場・提携駐車場はございません。 公式サイトから、近隣のコインパーキングをご確認下さい。,博多,https://img.travel.rakuten.co.jp/share/HOTEL/178602/178602.jpg,https://img.travel.rakuten.co.jp/HIMG/90/178602.jpg,https://img.travel.rakuten.co.jp/share/HOTEL/178602/178602_kan1.jpg,https://img.travel.rakuten.co.jp/HIMG/INTERIOR/178602.jpg,https://img.travel.rakuten.co.jp/share/HOTEL/178602/178602map.gif,17.0,4.0,,bhito,スタンダードB,4733494.0,【素泊まり】スタンダードプラン「迷ったらコレ！」,1,0,0,0,0,2,https://img.travel.rakuten.co.jp/image/tr/api/re/IdsCY/?f_no=178602&f_syu=bhito&f_hi1=2026-04-21&f_hi2=2026-04-22&f_heya_su=1&f_otona_su=1&f_s1=0&f_s2=0&f_y1=0&f_y2=0&f_y3=0&f_y4=0&f_camp_id=4733494,0,2026-04-21,48000,48000,0,2026-04-21,merged-20260419
197940,Ｔａｂｉ　ａｎｄ．－ｌｉｇｈｔ－博多０１,https://img.travel.rakuten.co.jp/image/tr/api/re/pvonD/?f_no=197940,https://img.travel.rakuten.co.jp/image/tr/api/re/vFumt/?f_no=197940&f_flg=PLAN,,https://img.travel.rakuten.co.jp/image/tr/api/re/gJNfM/?f_hotel_no=197940,たびあんどらいとはかた01,2025年10月に誕生！新築アパートメント型ホテルです！,2480,120893.03,469553.41,812-0014,福岡県,福岡市博多区比恵町16-10,092-409-4892,092-401-1057,博多駅より徒歩15分,なし,博多,https://img.travel.rakuten.co.jp/share/HOTEL/197940/197940.jpg,https://img.travel.rakuten.co.jp/HIMG/90/197940.jpg,,,https://img.travel.rakuten.co.jp/share/HOTEL/197940/197940map.gif,4.0,,,chito,コンフォート4人部屋C,6361174.0,【素泊まり】スタンダードプラン「迷ったらコレ！」,1,0,0,0,0,2,https://img.travel.rakuten.co.jp/image/tr/api/re/IdsCY/?f_no=197940&f_syu=chito&f_hi1=2026-04-21&f_hi2=2026-04-22&f_heya_su=1&f_otona_su=1&f_s1=0&f_s2=0&f_y1=0&f_y2=0&f_y3=0&f_y4=0&f_camp_id=6361174,0,2026-04-21,29335,29335,0,2026-04-21,merged-20260419
172700,ＥＩＷＡ　ＰＬＡＣＥ　ＨＯＴＥＬ　ＨＡＫＡＴＡ,https://img.travel.rakuten.co.jp/image/tr/api/re/pvonD/?f_no=172700,https://img.travel.rakuten.co.jp/image/tr/api/re/vFumt/?f_no=172700&f_flg=PLAN,https://img.travel.rakuten.co.jp/image/tr/api/re/WzozX/?noTomariHotel=172700,https://img.travel.rakuten.co.jp/image/tr/api/re/gJNfM/?f_hotel_no=172700,えいわ　ぷれいす　ほてる　はかた,全ての客室にＷｉＦｉ、テレビ、冷蔵庫が完備された快適なホテルです。マリンメッセ福岡・サンパレス福岡でのコンサートに最適！,1712,120961.07,469473.07,812-0033,福岡県,福岡市博多区大博町11-10,092-409-4892, ,呉服町駅より徒歩にて約１１分,専用駐車場・提携駐車場はございません。 公式サイトから、近隣のコインパーキングをご確認下さい。,呉服町（福岡）,https://img.travel.rakuten.co.jp/share/HOTEL/172700/172700.jpg,https://img.travel.rakuten.co.jp/HIMG/90/172700.jpg,https://img.travel.rakuten.co.jp/share/HOTEL/172700/172700_kan1.jpg,https://img.travel.rakuten.co.jp/HIMG/INTERIOR/172700.jpg,https://img.travel.rakuten.co.jp/share/HOTEL/172700/172700map.gif,50.0,3.29,,001,スーペリアダブルB,5665570.0,【素泊まり】スタンダードプラン「迷ったらコレ！」,1,0,0,0,0,2,https://img.travel.rakuten.co.jp/image/tr/api/re/IdsCY/?f_no=172700&f_syu=001&f_hi1=2026-04-21&f_hi2=2026-04-22&f_heya_su=1&f_otona_su=1&f_s1=0&f_s2=0&f_y1=0&f_y2=0&f_y3=0&f_y4=0&f_camp_id=5665570,0,2026-04-21,40000,40000,0,2026-04-21,merged-20260419
182327,グランドベース博多プレミアム,https://img.travel.rakuten.co.jp/image/tr/api/re/pvonD/?f_no=182327,https://img.travel.rakuten.co.jp/image/tr/api/re/vFumt/?f_no=182327&f_flg=PLAN,https://img.travel.rakuten.co.jp/image/tr/api/re/WzozX/?noTomariHotel=182327,https://img.travel.rakuten.co.jp/image/tr/api/re/gJNfM/?f_hotel_no=182327,ぐらんどべーすはかたぷれみあむ,【無人フロントホテル】観光・ビジネスの拠点としての機能を兼ね備えた新スタイルホテル。,2467,120890.24,469497.9,812-0018,福岡県,福岡市博多区住吉4-9-12,092-409-4892,,博多駅から徒歩10分、「住吉」バス停から徒歩2分。福岡空港からお車にて約２０分。,専用駐車場・提携駐車場はございません。 公式サイトから、近隣のコインパーキングをご確認下さい。,福岡空港,https://img.travel.rakuten.co.jp/share/HOTEL/182327/182327.jpg,https://img.travel.rakuten.co.jp/HIMG/90/182327.jpg,,,https://img.travel.rakuten.co.jp/share/HOTEL/182327/182327map.gif,24.0,4.2,,bhito,スタンダードB,5078936.0,【素泊まり】スタンダードプラン「迷ったらコレ！」,1,0,0,0,0,2,https://img.travel.rakuten.co.jp/image/tr/api/re/IdsCY/?f_no=182327&f_syu=bhito&f_hi1=2026-04-21&f_hi2=2026-04-22&f_heya_su=1&f_otona_su=1&f_s1=0&f_s2=0&f_y1=0&f_y2=0&f_y3=0&f_y4=0&f_camp_id=5078936,0,2026-04-21,32961,32961,0,2026-04-21,merged-20260419
197237,ＴＨＥ　ＬＡＮＧ　ＨＯＴＥＬ,https://img.travel.rakuten.co.jp/image/tr/api/re/pvonD/?f_no=197237,https://img.travel.rakuten.co.jp/image/tr/api/re/vFumt/?f_no=197237&f_flg=PLAN,,https://img.travel.rakuten.co.jp/image/tr/api/re/gJNfM/?f_hotel_no=197237,ざ　らんぐ　ほてる,リニューアルしてオープン！！,2590,120892.18,469524.8,812-0016,福岡県,福岡市博多区博多駅南1-12-11,092-409-4892,,博多駅より徒歩約１０分,無し,博多,https://img.travel.rakuten.co.jp/share/HOTEL/197237/197237.jpg,https://img.travel.rakuten.co.jp/HIMG/90/197237.jpg,,,https://img.travel.rakuten.co.jp/share/HOTEL/197237/197237map.gif,2.0,,,bhito,ファミリールームB,6321995.0,【素泊まり】スタンダードプラン「迷ったらコレ！」,1,0,0,0,0,2,https://img.travel.rakuten.co.jp/image/tr/api/re/IdsCY/?f_no=197237&f_syu=bhito&f_hi1=2026-04-21&f_hi2=2026-04-22&f_heya_su=1&f_otona_su=1&f_s1=0&f_s2=0&f_y1=0&f_y2=0&f_y3=0&f_y4=0&f_camp_id=6321995,0,2026-04-21,26668,26668,0,2026-04-21,merged-20260419
179454,ＡＭＩＳＴＡＤ　ＨＯＴＥＬ　ＦＵＫＵＯＫＡ（アミスタホテル福岡）,https://img.travel.rakuten.co.jp/image/tr/api/re/pvonD/?f_no=179454,https://img.travel.rakuten.co.jp/image/tr/api/re/vFumt/?f_no=179454&f_flg=PLAN,https://img.travel.rakuten.co.jp/image/tr/api/re/WzozX/?noTomariHotel=179454,https://img.travel.rakuten.co.jp/image/tr/api/re/gJNfM/?f_hotel_no=179454,あみすたほてるふくおか,博多駅徒歩6分★キャナルシティ徒歩7分★ららぽーと福岡まで車で約13分★全室31㎡以上・キッチン付・ロングダブルベッド,6256,120904.44,469501.81,812-0011,福岡県,福岡市博多区博多駅前3-13-12,092-483-2878,092-717-2715,ＪＲ博多駅・博多口より徒歩約6分★福岡空港から地下鉄で博多駅まで約５分★福岡空港よりタクシーで約１４分,提携駐車場★徒歩2分★入庫から24時間1800円駐車券フロント販売※1度の入庫につき1枚必要★,博多,https://img.travel.rakuten.co.jp/share/HOTEL/179454/179454.jpg,https://img.travel.rakuten.co.jp/HIMG/90/179454.jpg,,,https://img.travel.rakuten.co.jp/share/HOTEL/179454/179454map.gif,63.0,4.0,,e,ガーデンテラス付スイートツイン43平米/ダブルベッド2台,5405724.0,【直前予約】チェックイン3日以内のご予約★,1,0,0,0,0,1,https://img.travel.rakuten.co.jp/image/tr/api/re/IdsCY/?f_no=179454&f_syu=e&f_hi1=2026-04-21&f_hi2=2026-04-22&f_heya_su=1&f_otona_su=1&f_s1=0&f_s2=0&f_y1=0&f_y2=0&f_y3=0&f_y4=0&f_camp_id=5405724,0,2026-04-21,65600,65600,0,2026-04-21,merged-20260419
189216,ホテル風林,https://img.travel.rakuten.co.jp/image/tr/api/re/pvonD/?f_no=189216,https://img.travel.rakuten.co.jp/image/tr/api/re/vFumt/?f_no=189216&f_flg=PLAN,,https://img.travel.rakuten.co.jp/image/tr/api/re/gJNfM/?f_hotel_no=189216,ふうりん,２０２４年３月リニューアルオープン！博多駅から徒歩８分で観光・ビジネスにも好立地です♪,2730,120927.55,469515.45,812-0011,福岡県,福岡市博多区博多駅前1-23-11-1,092-409-4892,092-401-1057,博多駅より徒歩約８分,専用駐車場・提携駐車場はございません。 公式サイトから、近隣のコインパーキングをご確認下さい。,博多,https://img.travel.rakuten.co.jp/share/HOTEL/189216/189216.jpg,https://img.travel.rakuten.co.jp/HIMG/90/189216.jpg,,,https://img.travel.rakuten.co.jp/share/HOTEL/189216/189216map.gif,16.0,4.13,,ahito,スーペリアツインA,5900526.0,【素泊まり】スタンダードプラン「迷ったらコレ！」,1,0,0,0,0,2,https://img.travel.rakuten.co.jp/image/tr/api/re/IdsCY/?f_no=189216&f_syu=ahito&f_hi1=2026-04-21&f_hi2=2026-04-22&f_heya_su=1&f_otona_su=1&f_s1=0&f_s2=0&f_y1=0&f_y2=0&f_y3=0&f_y4=0&f_camp_id=5900526,0,2026-04-21,30000,30000,0,2026-04-21,merged-20260419
183196,グランドベース住吉,https://img.travel.rakuten.co.jp/image/tr/api/re/pvonD/?f_no=183196,https://img.travel.rakuten.co.jp/image/tr/api/re/vFumt/?f_no=183196&f_flg=PLAN,https://img.travel.rakuten.co.jp/image/tr/api/re/WzozX/?noTomariHotel=183196,https://img.travel.rakuten.co.jp/image/tr/api/re/gJNfM/?f_hotel_no=183196,ぐらんどべーすすみよし,博多駅徒歩圏内。室内にキッチンがあります。※スーペリアツインAはキッチンがございません）※荷物預かり不可,2695,120884.76,469491.26,812-0018,福岡県,福岡市博多区住吉4-23-18,092-409-4892,,福岡空港よりお車で約２０分／博多駅より徒歩16分（バス利用：２停・約５分）／渡辺通駅徒歩９分,無し,福岡空港,https://img.travel.rakuten.co.jp/share/HOTEL/183196/183196.jpg,https://img.travel.rakuten.co.jp/HIMG/90/183196.jpg,,,https://img.travel.rakuten.co.jp/share/HOTEL/183196/183196map.gif,17.0,5.0,,bhito,コンフォートトリプルB,6272539.0,【素泊まり】スタンダードプラン「迷ったらコレ！」,1,0,0,0,0,2,https://img.travel.rakuten.co.jp/image/tr/api/re/IdsCY/?f_no=183196&f_syu=bhito&f_hi1=2026-04-21&f_hi2=2026-04-22&f_heya_su=1&f_otona_su=1&f_s1=0&f_s2=0&f_y1=0&f_y2=0&f_y3=0&f_y4=0&f_camp_id=6272539,0,2026-04-21,22801,22801,0,2026-04-21,merged-20260419
184644,ＷＩＴＨ　ＴＨＥ　ＳＴＹＬＥ　ＦＵＫＵＯＫＡ,https://img.travel.rakuten.co.jp/image/tr/api/re/pvonD/?f_no=184644,https://img.travel.rakuten.co.jp/image/tr/api/re/vFumt/?f_no=184644&f_flg=PLAN,https://img.travel.rakuten.co.jp/image/tr/api/re/WzozX/?noTomariHotel=184644,https://img.travel.rakuten.co.jp/image/tr/api/re/gJNfM/?f_hotel_no=184644,うぃず ざ すたいる ふくおか,人生を豊かにする上質なアイテムを取り揃えた、大人のためのアーバンリゾート,25200,120894.63,469526.99,812-0016,福岡県,福岡市博多区博多駅南1-9-18,092-433-3900,092-433-3940,博多駅より徒歩7分,有り　16台　無料　予約不要,博多,https://img.travel.rakuten.co.jp/share/HOTEL/184644/184644.jpg,https://img.travel.rakuten.co.jp/HIMG/90/184644.jpg,,,https://img.travel.rakuten.co.jp/share/HOTEL/184644/184644map.gif,12.0,4.6,,2024king,キング （ベッドサイズ200cm×200cm）,6171944.0,【スーパーバリュープラン】サウナ＆ジャグジー｜クラブラウンジ｜12時チェックアウト（素泊まり）,1,0,0,0,0,1,https://img.travel.rakuten.co.jp/image/tr/api/re/IdsCY/?f_no=184644&f_syu=2024king&f_hi1=2026-04-21&f_hi2=2026-04-22&f_heya_su=1&f_otona_su=1&f_s1=0&f_s2=0&f_y1=0&f_y2=0&f_y3=0&f_y4=0&f_camp_id=6171944,0,2026-04-21,62400,62400,0,2026-04-21,merged-20260419
56976,休暇村　志賀島,https://img.travel.rakuten.co.jp/image/tr/api/re/pvonD/?f_no=56976,https://img.travel.rakuten.co.jp/image/tr/api/re/vFumt/?f_no=56976&f_flg=PLAN,https://img.travel.rakuten.co.jp/image/tr/api/re/WzozX/?noTomariHotel=56976,https://img.travel.rakuten.co.jp/image/tr/api/re/gJNfM/?f_hotel_no=56976,きゅうかむら　しかのしま,玄界灘のビーチサイドリゾート　海が見える露天風呂で温泉を満喫　リニューアルした玄界灘海鮮ビュッフェ,11000,121248.02,469053.63,811-0325,福岡県,福岡市東区勝馬1803-1,092-603-6631,092-603-6634,ＪＲ　西戸崎駅より西鉄バスにて約２０分、休暇村志賀島バス停にて下車すぐ（玄関前に到着）,有り　１５０台　無料　予約不要,西戸崎,https://img.travel.rakuten.co.jp/share/HOTEL/56976/56976.jpg,https://img.travel.rakuten.co.jp/HIMG/90/56976.jpg,https://img.travel.rakuten.co.jp/share/HOTEL/56976/56976_kya.jpg,https://img.travel.rakuten.co.jp/HIMG/INTERIOR/56976.jpg,https://img.travel.rakuten.co.jp/share/HOTEL/56976/56976map.gif,421.0,4.41,"前の海の夕日が綺麗でした。ただお部屋からは木が邪魔して景色が見えなかったです。館内やお部屋は清潔感があり過ごしやすかったですが、お部屋の引き戸が少し開けづらいかった…　2026-03-23 07:25:27投稿 <a href=""https://img.travel.rakuten.co.jp/image/tr/api/re/gJNfM/?f_hotel_no=56976"" class=""3click"">つづきはこちら</a>",wa1haku,海の見える和室【禁煙】,6402007.0,【ネット特定日限定】お手軽素泊まり宿泊プラン（1日5部屋）,1,0,0,0,0,1,https://img.travel.rakuten.co.jp/image/tr/api/re/IdsCY/?f_no=56976&f_syu=wa1haku&f_hi1=2026-04-21&f_hi2=2026-04-22&f_heya_su=1&f_otona_su=1&f_s1=0&f_s2=0&f_y1=0&f_y2=0&f_y3=0&f_y4=0&f_camp_id=6402007,0,2026-04-21,16000,16000,0,2026-04-21,merged-20260419
187095,博多町家ホテル　－　Ｋａｍｉｇｏｆｕｋｕ　－,https://img.travel.rakuten.co.jp/image/tr/api/re/pvonD/?f_no=187095,https://img.travel.rakuten.co.jp/image/tr/api/re/vFumt/?f_no=187095&f_flg=PLAN,,https://img.travel.rakuten.co.jp/image/tr/api/re/gJNfM/?f_hotel_no=187095,はかたまちやほてる　かみごふく,◆新築二階建て一棟貸し！町屋風ヴィラ◆キッチン、洗濯機つきで広々８人宿泊可能,3280,120944.59,469497.16,812-0036,福岡県,福岡市博多区上呉服町9-28,050-1807-3131,050-3588-4687,呉服町駅から徒歩6分,なし,呉服町（福岡）,https://img.travel.rakuten.co.jp/share/HOTEL/187095/187095.jpg,https://img.travel.rakuten.co.jp/HIMG/90/187095.jpg,,,https://img.travel.rakuten.co.jp/share/HOTEL/187095/187095map.gif,19.0,4.3,,room1,スイートヴィラタイプ（1棟貸切）（連泊清掃なし）,5649937.0,【10％OFF 口コミプラン】チェックイン29時までOK！キッチン付き★京町家風の一軒貸切,1,0,0,0,0,2,https://img.travel.rakuten.co.jp/image/tr/api/re/IdsCY/?f_no=187095&f_syu=room1&f_hi1=2026-04-21&f_hi2=2026-04-22&f_heya_su=1&f_otona_su=1&f_s1=0&f_s2=0&f_y1=0&f_y2=0&f_y3=0&f_y4=0&f_camp_id=5649937,0,2026-04-21,13000,13000,0,2026-04-21,merged-20260419
194678,Ａｉｒｐｏｒｔ　Ｈｉｌｌｓ／民泊,https://img.travel.rakuten.co.jp/image/tr/api/re/pvonD/?f_no=194678,https://img.travel.rakuten.co.jp/image/tr/api/re/vFumt/?f_no=194678&f_flg=PLAN,,https://img.travel.rakuten.co.jp/image/tr/api/re/gJNfM/?f_hotel_no=194678,,　,18096,120783.6,469734.25,812-0863,福岡県,福岡市博多区金の隈3-16-16　Ａｉｒｐｏｒｔ　Ｈｉｌｌｓ,070-4732-0719,000-000-0000,雑餉隈駅から徒歩で約１０分,有り,雑餉隈,https://img.travel.rakuten.co.jp/share/HOTEL/194678/194678.jpg,https://img.travel.rakuten.co.jp/HIMG/90/194678.jpg,,,https://img.travel.rakuten.co.jp/share/HOTEL/194678/194678map.gif,,,,r19528_15,エアポートヒルズ,6269180.0,New!AirportHills 1400m2絶景パノラマ1棟2階貸切駐車場4台サウナBBQ施設ペッ,1,0,0,0,0,2,https://img.travel.rakuten.co.jp/image/tr/api/re/IdsCY/?f_no=194678&f_syu=r19528_15&f_hi1=2026-04-21&f_hi2=2026-04-22&f_heya_su=1&f_otona_su=1&f_s1=0&f_s2=0&f_y1=0&f_y2=0&f_y3=0&f_y4=0&f_camp_id=6269180,0,2026-04-21,74820,74820,0,2026-04-21,merged-20260419
194736,エアポートテラスハウス／民泊,https://img.travel.rakuten.co.jp/image/tr/api/re/pvonD/?f_no=194736,https://img.travel.rakuten.co.jp/image/tr/api/re/vFumt/?f_no=194736&f_flg=PLAN,,https://img.travel.rakuten.co.jp/image/tr/api/re/gJNfM/?f_hotel_no=194736,,福岡の余韻に浸りながらラグジュアリーな非日常を体感できます。【民泊】,7772,120805.66,469705.32,812-0863,福岡県,福岡市博多区金の隈1-31-48　エアポートテラスハウス,070-4732-0719,000-000-0000,雑餉隈駅から徒歩で約１０分,有り,雑餉隈,https://img.travel.rakuten.co.jp/share/HOTEL/194736/194736.jpg,https://img.travel.rakuten.co.jp/HIMG/90/194736.jpg,,,https://img.travel.rakuten.co.jp/share/HOTEL/194736/194736map.gif,,,,r19532_15,エアポートテラス,6274268.0,Airport Terrace 1棟2階建て貸切ヴィラ大型バルコニー・ サウナ・駐車場・屋内BBQ,1,0,0,0,0,2,https://img.travel.rakuten.co.jp/image/tr/api/re/IdsCY/?f_no=194736&f_syu=r19532_15&f_hi1=2026-04-21&f_hi2=2026-04-22&f_heya_su=1&f_otona_su=1&f_s1=0&f_s2=0&f_y1=0&f_y2=0&f_y3=0&f_y4=0&f_camp_id=6274268,0,2026-04-21,26680,26680,0,2026-04-21,merged-20260419
196354,ＨＯＴＥＬ　萃　ｔｈｅ　３ｒｄ〜雑餉隈駅前,https://img.travel.rakuten.co.jp/image/tr/api/re/pvonD/?f_no=196354,https://img.travel.rakuten.co.jp/image/tr/api/re/vFumt/?f_no=196354&f_flg=PLAN,,https://img.travel.rakuten.co.jp/image/tr/api/re/gJNfM/?f_hotel_no=196354,ほてる　すい　ざ　さーど　ざっしょのくまえきまえ,駅から徒歩1分と好アクセス！ 雑餉隈の歴史ある下町でゆっくりと my時間を過ごせる空間。,4000,120759.15,469675.42,812-0882,福岡県,福岡市博多区麦野4-37-3,090-1470-4557,--,雑餉隈駅より徒歩1分,なし,雑餉隈,https://img.travel.rakuten.co.jp/share/HOTEL/196354/196354.jpg,https://img.travel.rakuten.co.jp/HIMG/90/196354.jpg,,,https://img.travel.rakuten.co.jp/share/HOTEL/196354/196354map.gif,2.0,,,r004,04 NAGOMI 2段ベッド，ダブル各1台 ReFaルーム,6427123.0,（セルフチェックイン）朝食付き 3,1,0,0,1,0,2,https://img.travel.rakuten.co.jp/image/tr/api/re/IdsCY/?f_no=196354&f_syu=r004&f_hi1=2026-04-21&f_hi2=2026-04-22&f_heya_su=1&f_otona_su=1&f_s1=0&f_s2=0&f_y1=0&f_y2=0&f_y3=0&f_y4=0&f_camp_id=6427123,0,2026-04-21,11000,11000,0,2026-04-21,merged-20260419
179849,Ｆｕｋｕｏｋａ　Ｇｕｅｓｔｈｏｕｓｅ　ＳＨＩＰ,https://img.travel.rakuten.co.jp/image/tr/api/re/pvonD/?f_no=179849,https://img.travel.rakuten.co.jp/image/tr/api/re/vFumt/?f_no=179849&f_flg=PLAN,,https://img.travel.rakuten.co.jp/image/tr/api/re/gJNfM/?f_hotel_no=179849,ふくおか　げすとはうす　しっぷ,ここで出会った仲間という風と旅や日常の波を超えていく,3420,120959.76,469471.41,812-0033,福岡県,福岡市博多区大博町8-26,092-402-1908,092-402-1908,呉服町駅より徒歩にて約１０分　マリンメッセ、国際会議場まで徒歩５分,近隣に格安コインパーキング（例：夜20時から朝8時200円）多数ございます。,呉服町（福岡）,https://img.travel.rakuten.co.jp/share/HOTEL/179849/179849.jpg,https://img.travel.rakuten.co.jp/HIMG/90/179849.jpg,,,https://img.travel.rakuten.co.jp/share/HOTEL/179849/179849map.gif,35.0,3.4,,mix02,女性専用ドミトリー,4738488.0,【学生限定！】学生旅行がお得♪ ※地下鉄呉服町駅より徒歩10分,1,0,0,0,0,1,https://img.travel.rakuten.co.jp/image/tr/api/re/IdsCY/?f_no=179849&f_syu=mix02&f_hi1=2026-04-21&f_hi2=2026-04-22&f_heya_su=1&f_otona_su=1&f_s1=0&f_s2=0&f_y1=0&f_y2=0&f_y3=0&f_y4=0&f_camp_id=4738488,0,2026-04-21,7200,7200,0,2026-04-21,merged-20260419
178523,Ｎ．３３　Ｈａｋａｔａ　Ｓｔａ．　Ｒｉｖｅｒ　Ｓｉｄｅ,https://img.travel.rakuten.co.jp/image/tr/api/re/pvonD/?f_no=178523,https://img.travel.rakuten.co.jp/image/tr/api/re/vFumt/?f_no=178523&f_flg=PLAN,https://img.travel.rakuten.co.jp/image/tr/api/re/WzozX/?noTomariHotel=178523,https://img.travel.rakuten.co.jp/image/tr/api/re/gJNfM/?f_hotel_no=178523,えぬどっと　さんじゅうさん　はかた　すてーしょん　りばーさいど,博多駅から徒歩5分の立地！♪※荷物の預かりはできません※,2280,120927.78,469526.08,812-0013,福岡県,福岡市博多区博多駅東1-4-11,050-1720-7129,,博多駅より徒歩にて約5分,無し,博多,https://img.travel.rakuten.co.jp/share/HOTEL/178523/178523.jpg,https://img.travel.rakuten.co.jp/HIMG/90/178523.jpg,,,https://img.travel.rakuten.co.jp/share/HOTEL/178523/178523map.gif,50.0,2.67,,rs04,トリプル,5255381.0,【直前割3】チェックイン3日前以内のご予約でお得にご宿泊プラン♪,1,0,0,0,0,1,https://img.travel.rakuten.co.jp/image/tr/api/re/IdsCY/?f_no=178523&f_syu=rs04&f_hi1=2026-04-21&f_hi2=2026-04-22&f_heya_su=1&f_otona_su=1&f_s1=0&f_s2=0&f_y1=0&f_y2=0&f_y3=0&f_y4=0&f_camp_id=5255381,0,2026-04-21,27450,27450,0,2026-04-21,merged-20260419
192863,ｒｉｔｏｍａｒｕ　ｒｏｏｍｓ　ｈａｋａｔａ　ｈａｋｏｚａｋｉ,https://img.travel.rakuten.co.jp/image/tr/api/re/pvonD/?f_no=192863,https://img.travel.rakuten.co.jp/image/tr/api/re/vFumt/?f_no=192863&f_flg=PLAN,,https://img.travel.rakuten.co.jp/image/tr/api/re/gJNfM/?f_hotel_no=192863,りとまるるーむすはかたはこざき,【すべてのペットと泊まれる宿】1日2組限定・ワンフロア貸切。JR箱崎駅から徒歩わずか1分,5693,121012.25,469543.69,812-0053,福岡県,福岡市東区箱崎1-6-7,050-8886-0515,03-4216-7033,JR鹿児島本線「箱崎」駅西口より徒歩約1分/博多駅より2駅約5分/福岡空港より約30分,施設専用の駐車場はございません。近隣のコインパーキングをご利用ください。,箱崎,https://img.travel.rakuten.co.jp/share/HOTEL/192863/192863.jpg,https://img.travel.rakuten.co.jp/HIMG/90/192863.jpg,,,https://img.travel.rakuten.co.jp/share/HOTEL/192863/192863map.gif,6.0,4.5,,3rd,3nd Floor(109.18平米),6061983.0,【スタンダード】博多駅からアクセス抜群！ペットOK＆ワンフロア貸切のプライベートステイ＜素泊まり＞,1,0,0,0,0,2,https://img.travel.rakuten.co.jp/image/tr/api/re/IdsCY/?f_no=192863&f_syu=3rd&f_hi1=2026-04-21&f_hi2=2026-04-22&f_heya_su=1&f_otona_su=1&f_s1=0&f_s2=0&f_y1=0&f_y2=0&f_y3=0&f_y4=0&f_camp_id=6061983,0,2026-04-21,34500,34500,0,2026-04-21,merged-20260419
177877,ＭＵＳＵＢＩ　ＨＯＴＥＬ　ＭＡＣＨＩＹＡ　ＮＡＲＡＹＡ－ＭＡＣＨＩ１（ムスビホテル町家　奈良屋町１）,https://img.travel.rakuten.co.jp/image/tr/api/re/pvonD/?f_no=177877,https://img.travel.rakuten.co.jp/image/tr/api/re/vFumt/?f_no=177877&f_flg=PLAN,https://img.travel.rakuten.co.jp/image/tr/api/re/WzozX/?noTomariHotel=177877,https://img.travel.rakuten.co.jp/image/tr/api/re/gJNfM/?f_hotel_no=177877,むすびほてるまちや　ならやまち１,当ホテルは無人運営のために施設にスタッフはおりません。専用のタブレット端末からオンラインレセプションをご利用いただけます,3920,120941.05,469468.15,812-0023,福岡県,福岡市博多区奈良屋町4-6,03-4531-9681,00-0000-0000,呉服町駅より徒歩にて約６分,無し（近隣にコインパーキング多数あり）,呉服町（福岡）,https://img.travel.rakuten.co.jp/share/HOTEL/177877/177877.jpg,https://img.travel.rakuten.co.jp/HIMG/90/177877.jpg,,,https://img.travel.rakuten.co.jp/share/HOTEL/177877/177877map.gif,10.0,4.33,,001,スイートヴィラタイプ（1棟貸切）（連泊清掃なし）,5379203.0,【10％OFF 口コミプラン】♪お洒落な京風町屋に宿泊,1,0,0,0,0,2,https://img.travel.rakuten.co.jp/image/tr/api/re/IdsCY/?f_no=177877&f_syu=001&f_hi1=2026-04-21&f_hi2=2026-04-22&f_heya_su=1&f_otona_su=1&f_s1=0&f_s2=0&f_y1=0&f_y2=0&f_y3=0&f_y4=0&f_camp_id=5379203,0,2026-04-21,15000,15000,0,2026-04-21,merged-20260419
167131,ホテル　グレートモーニング,https://img.travel.rakuten.co.jp/image/tr/api/re/pvonD/?f_no=167131,https://img.travel.rakuten.co.jp/image/tr/api/re/vFumt/?f_no=167131&f_flg=PLAN,https://img.travel.rakuten.co.jp/image/tr/api/re/WzozX/?noTomariHotel=167131,https://img.travel.rakuten.co.jp/image/tr/api/re/gJNfM/?f_hotel_no=167131,ぐれーともーにんぐ,☆2020年福岡県人気ホテル総合ランキング１位獲得☆　風の無いエアコンでキレイな空気 / 自然素材を使った家具や内装　,12000,120934.09,469481.43,812-0025,福岡県,福岡市博多区店屋町6-3,092-272-1414,092-710-4830,地下鉄「呉服町駅」「中洲川端駅」より徒歩にて約５分／福岡空港よりお車にて約１５分,"提携駐車場あり1,300円（税込／15時&#12316;翌11時まで／紙与パーキング店屋町）",呉服町（福岡）,https://img.travel.rakuten.co.jp/share/HOTEL/167131/167131.jpg,https://img.travel.rakuten.co.jp/HIMG/90/167131.jpg,,,https://img.travel.rakuten.co.jp/share/HOTEL/167131/167131map.gif,86.0,5.0,,suiteroom,エグゼクティブ スイート ルーム,4755944.0,【素泊まり】 GREAT MORNING シンプルステイ,1,0,0,0,0,1,https://img.travel.rakuten.co.jp/image/tr/api/re/IdsCY/?f_no=167131&f_syu=suiteroom&f_hi1=2026-04-21&f_hi2=2026-04-22&f_heya_su=1&f_otona_su=1&f_s1=0&f_s2=0&f_y1=0&f_y2=0&f_y3=0&f_y4=0&f_camp_id=4755944,0,2026-04-21,53000,53000,0,2026-04-21,merged-20260419
177090,ＨＯＴＥＬ　ＣＵＬＴＩＡ　太宰府,https://img.travel.rakuten.co.jp/image/tr/api/re/pvonD/?f_no=177090,https://img.travel.rakuten.co.jp/image/tr/api/re/vFumt/?f_no=177090&f_flg=PLAN,https://img.travel.rakuten.co.jp/image/tr/api/re/WzozX/?noTomariHotel=177090,https://img.travel.rakuten.co.jp/image/tr/api/re/gJNfM/?f_hotel_no=177090,ほてる　かるてぃあ　だざいふ,【博多駅より車で30分】太宰府天満宮の門前町に溶け込む”CULTURE”ホテル。,33938,120663.63,469930.02,818-0117,福岡県,太宰府市宰府3-3-33,0120-210-289,,西鉄「太宰府」駅より徒歩約5分,有り（無料）※近隣の駐車場をご案内しております,太宰府,https://img.travel.rakuten.co.jp/share/HOTEL/177090/177090.jpg,https://img.travel.rakuten.co.jp/HIMG/90/177090.jpg,,,https://img.travel.rakuten.co.jp/share/HOTEL/177090/177090map.gif,69.0,4.8,,20240126,KOUKOTEI 203号室 44平米,6237908.0,【期間限定プラン】福岡産米・地元野菜の炊き合わせ、体に優しい健康食で穏やかな朝をスタート！【朝食付】,1,0,0,1,0,1,https://img.travel.rakuten.co.jp/image/tr/api/re/IdsCY/?f_no=177090&f_syu=20240126&f_hi1=2026-04-21&f_hi2=2026-04-22&f_heya_su=1&f_otona_su=1&f_s1=0&f_s2=0&f_y1=0&f_y2=0&f_y3=0&f_y4=0&f_camp_id=6237908,0,2026-04-21,61443,61443,0,2026-04-21,merged-20260419
184358,Ｈｏｔｅｌ　Ｒｉｔｚａ　ＨＡＫＡＴＡ,https://img.travel.rakuten.co.jp/image/tr/api/re/pvonD/?f_no=184358,https://img.travel.rakuten.co.jp/image/tr/api/re/vFumt/?f_no=184358&f_flg=PLAN,,https://img.travel.rakuten.co.jp/image/tr/api/re/gJNfM/?f_hotel_no=184358,Ｈｏｔｅｌ　Ｒｉｔｚａ　ＨＡＫＡＴＡ,博多駅徒歩１４分,2286,120881.17,469524.77,812-0016,福岡県,福岡市博多区博多駅南2-15-11,092-409-4892, ,博多駅徒歩約１４分,無し,博多,https://img.travel.rakuten.co.jp/share/HOTEL/184358/184358.jpg,https://img.travel.rakuten.co.jp/HIMG/90/184358.jpg,,,https://img.travel.rakuten.co.jp/share/HOTEL/184358/184358map.gif,7.0,4.5,,ahito,コンフォート４人部屋A,6337642.0,【素泊まり】スタンダードプラン「迷ったらコレ！」,1,0,0,0,0,2,https://img.travel.rakuten.co.jp/image/tr/api/re/IdsCY/?f_no=184358&f_syu=ahito&f_hi1=2026-04-21&f_hi2=2026-04-22&f_heya_su=1&f_otona_su=1&f_s1=0&f_s2=0&f_y1=0&f_y2=0&f_y3=0&f_y4=0&f_camp_id=6337642,0,2026-04-21,27668,27668,0,2026-04-21,merged-20260419
183416,ＨＯＴＥＬ　ＯＲＩＧＯ　ＨＡＫＡＴＡ　－　Ｇｉｏｎ　－,https://img.travel.rakuten.co.jp/image/tr/api/re/pvonD/?f_no=183416,https://img.travel.rakuten.co.jp/image/tr/api/re/vFumt/?f_no=183416&f_flg=PLAN,https://img.travel.rakuten.co.jp/image/tr/api/re/WzozX/?noTomariHotel=183416,https://img.travel.rakuten.co.jp/image/tr/api/re/gJNfM/?f_hotel_no=183416,ほてる　おりご　はかた　ぎおん,2021年夏オープン！一人旅・出張利用から最大6名様のグループ旅行・女子会などに！,5000,120922.64,469498.84,812-0038,福岡県,福岡市博多区祇園町2-31　フィルパーク博多祇園2F,050-1754-1110,,博多駅博多口より徒歩８分・祇園駅５番出口より徒歩２分・櫛田神社駅4番出口より徒歩5分,提携の駐車場はございませんが近隣に複数コインパーキングがございます。,祇園（福岡）,https://img.travel.rakuten.co.jp/share/HOTEL/183416/183416.jpg,https://img.travel.rakuten.co.jp/HIMG/90/183416.jpg,,,https://img.travel.rakuten.co.jp/share/HOTEL/183416/183416map.gif,36.0,4.0,,gion005,スーペリアダブルルーム,5417010.0,【セールプラン】お得に泊まろう！素泊まり,1,0,0,0,0,2,https://img.travel.rakuten.co.jp/image/tr/api/re/IdsCY/?f_no=183416&f_syu=gion005&f_hi1=2026-04-21&f_hi2=2026-04-22&f_heya_su=1&f_otona_su=1&f_s1=0&f_s2=0&f_y1=0&f_y2=0&f_y3=0&f_y4=0&f_camp_id=5417010,0,2026-04-21,19300,19300,0,2026-04-21,merged-20260419
170210,Ｒａｋｕｔｅｎ　ＳＴＡＹ　博多祇園,https://img.travel.rakuten.co.jp/image/tr/api/re/pvonD/?f_no=170210,https://img.travel.rakuten.co.jp/image/tr/api/re/vFumt/?f_no=170210&f_flg=PLAN,https://img.travel.rakuten.co.jp/image/tr/api/re/WzozX/?noTomariHotel=170210,https://img.travel.rakuten.co.jp/image/tr/api/re/gJNfM/?f_hotel_no=170210,,呉服町駅から徒歩4分！非接触で安心！最大8名まで泊まれる和モダンルームでホテルとは違った滞在を。,4160,120943.55,469491.96,812-0036,福岡県,福岡市博多区上呉服町12-31,050-1750-9719,,福岡市地下鉄 箱崎線 呉服町駅 5番出口より 徒歩約4分 ／ 福岡市地下鉄 空港線 祇園駅 1番出口より 徒歩約9分,無し,東比恵,https://img.travel.rakuten.co.jp/share/HOTEL/170210/170210.jpg,https://img.travel.rakuten.co.jp/HIMG/90/170210.jpg,,,https://img.travel.rakuten.co.jp/share/HOTEL/170210/170210map.gif,112.0,4.33,"クチコミの詳細はこちらから　https://review.travel…　2026-04-11 18:03:23投稿 <a href=""https://img.travel.rakuten.co.jp/image/tr/api/re/gJNfM/?f_hotel_no=170210"" class=""3click"">つづきはこちら</a>",a-5,【501】スーペリア／ベッド2台＋3畳小上り（1〜5名）,5733860.0,【直前割り２０％オフ】神出鬼没の超お得プラン◎急なお出かけでも安心（キャンセル不可）,1,0,0,0,0,2,https://img.travel.rakuten.co.jp/image/tr/api/re/IdsCY/?f_no=170210&f_syu=a-5&f_hi1=2026-04-21&f_hi2=2026-04-22&f_heya_su=1&f_otona_su=1&f_s1=0&f_s2=0&f_y1=0&f_y2=0&f_y3=0&f_y4=0&f_camp_id=5733860,0,2026-04-21,21600,21600,0,2026-04-21,merged-20260419
192693,Ｇｒａｎｄ　Ｐｒｉｍｅ　ＨＡＫＡＴＡ　ＨＯＴＥＬ,https://img.travel.rakuten.co.jp/image/tr/api/re/pvonD/?f_no=192693,https://img.travel.rakuten.co.jp/image/tr/api/re/vFumt/?f_no=192693&f_flg=PLAN,,https://img.travel.rakuten.co.jp/image/tr/api/re/gJNfM/?f_hotel_no=192693,ぐらんどぷらいむはかたほてる,【無人フロントホテル】２０２４年８月グランドオープン！「キャナルシティ博多」目の前の好立地！,2548,120905.21,469491.13,812-0018,福岡県,福岡市博多区住吉2-16-12,092-409-4892,092-401-1057,ＪＲ博多駅より徒歩約１２分、地下鉄櫛田神社前駅より徒歩約６分,無し,博多,https://img.travel.rakuten.co.jp/share/HOTEL/192693/192693.jpg,https://img.travel.rakuten.co.jp/HIMG/90/192693.jpg,,,https://img.travel.rakuten.co.jp/share/HOTEL/192693/192693map.gif,4.0,,,bhito,スーペリア5人B,6027499.0,【素泊まり】スタンダードプラン「迷ったらコレ！」,1,0,0,0,0,2,https://img.travel.rakuten.co.jp/image/tr/api/re/IdsCY/?f_no=192693&f_syu=bhito&f_hi1=2026-04-21&f_hi2=2026-04-22&f_heya_su=1&f_otona_su=1&f_s1=0&f_s2=0&f_y1=0&f_y2=0&f_y3=0&f_y4=0&f_camp_id=6027499,0,2026-04-21,24001,24001,0,2026-04-21,merged-20260419
193033,慶　Ｈｏｔｅｌ　ａｎｄ　Ａｐａｒｔｍｅｎｔ,https://img.travel.rakuten.co.jp/image/tr/api/re/pvonD/?f_no=193033,https://img.travel.rakuten.co.jp/image/tr/api/re/vFumt/?f_no=193033&f_flg=PLAN,,https://img.travel.rakuten.co.jp/image/tr/api/re/gJNfM/?f_hotel_no=193033,けいほてるあんどあぱーとめんと,【無人フロントホテル】内装をリノベーションし、2024年10月リニューアルオープン！,2102,120948.45,469462.76,812-0022,福岡県,福岡市博多区神屋町3-5,092-409-4892,092-401-1057,中洲川端駅より徒歩約10分、博多駅よりお車で約10分,無し,中洲川端,https://img.travel.rakuten.co.jp/share/HOTEL/193033/193033.jpg,https://img.travel.rakuten.co.jp/HIMG/90/193033.jpg,,,https://img.travel.rakuten.co.jp/share/HOTEL/193033/193033map.gif,6.0,4.4,,bhito,スーペリアB,6089717.0,【素泊まり】スタンダードプラン「迷ったらコレ！」,1,0,0,0,0,2,https://img.travel.rakuten.co.jp/image/tr/api/re/IdsCY/?f_no=193033&f_syu=bhito&f_hi1=2026-04-21&f_hi2=2026-04-22&f_heya_su=1&f_otona_su=1&f_s1=0&f_s2=0&f_y1=0&f_y2=0&f_y3=0&f_y4=0&f_camp_id=6089717,0,2026-04-21,26668,26668,0,2026-04-21,merged-20260419
173742,１０５　Ｃｏｚｙ　ａｎｄ　Ｃｌｅａｎｌｉｎｅｓｓ　Ａｐａｒｔｍｅｎｔ／民泊,https://img.travel.rakuten.co.jp/image/tr/api/re/pvonD/?f_no=173742,https://img.travel.rakuten.co.jp/image/tr/api/re/vFumt/?f_no=173742&f_flg=PLAN,,https://img.travel.rakuten.co.jp/image/tr/api/re/gJNfM/?f_hotel_no=173742,,とても静かな空気が良い住宅街です。長期ゲストも来られます。【民泊】,6187,121086.12,469628.86,813-0036,福岡県,福岡市東区若宮3-1-19　ユートピア若宮105号,080-7003-2290,000-000-0000,舞松原駅より徒歩にて約２０分,無し,舞松原,https://img.travel.rakuten.co.jp/share/HOTEL/173742/173742.jpg,https://img.travel.rakuten.co.jp/HIMG/90/173742.jpg,https://img.travel.rakuten.co.jp/share/HOTEL/173742/173742_kan1.jpg,https://img.travel.rakuten.co.jp/HIMG/INTERIOR/173742.jpg,https://img.travel.rakuten.co.jp/share/HOTEL/173742/173742map.gif,1.0,,,54198_5161,105号PEKO’s   HOUSE,4723317.0,105号  QUIET  And  COZY,1,0,0,0,0,2,https://img.travel.rakuten.co.jp/image/tr/api/re/IdsCY/?f_no=173742&f_syu=54198_5161&f_hi1=2026-04-21&f_hi2=2026-04-22&f_heya_su=1&f_otona_su=1&f_s1=0&f_s2=0&f_y1=0&f_y2=0&f_y3=0&f_y4=0&f_camp_id=4723317,0,2026-04-21,12760,12760,0,2026-04-21,merged-20260419
174724,ユートピア若宮１０６／民泊,https://img.travel.rakuten.co.jp/image/tr/api/re/pvonD/?f_no=174724,https://img.travel.rakuten.co.jp/image/tr/api/re/vFumt/?f_no=174724&f_flg=PLAN,,https://img.travel.rakuten.co.jp/image/tr/api/re/gJNfM/?f_hotel_no=174724,,とても静かな空気が良い山の手の住宅街です。長期滞在の固定ゲストもいらっしゃいます。【民泊】,7830,121086.12,469628.86,813-0036,福岡県,福岡市東区若宮3-1-19,080-7003-2290,000-000-0000,舞松原駅より徒歩にて約２０分,無し,舞松原,https://img.travel.rakuten.co.jp/share/HOTEL/174724/174724.jpg,https://img.travel.rakuten.co.jp/HIMG/90/174724.jpg,https://img.travel.rakuten.co.jp/share/HOTEL/174724/174724_kan1.jpg,https://img.travel.rakuten.co.jp/HIMG/INTERIOR/174724.jpg,https://img.travel.rakuten.co.jp/share/HOTEL/174724/174724map.gif,,,,r5141_2,106 PEKO’s   HOUSE,4756099.0,106 Cozy and Cleanliness Apartment,1,0,0,0,0,2,https://img.travel.rakuten.co.jp/image/tr/api/re/IdsCY/?f_no=174724&f_syu=r5141_2&f_hi1=2026-04-21&f_hi2=2026-04-22&f_heya_su=1&f_otona_su=1&f_s1=0&f_s2=0&f_y1=0&f_y2=0&f_y3=0&f_y4=0&f_camp_id=4756099,0,2026-04-21,12760,12760,0,2026-04-21,merged-20260419
195905,Ｆｕｋｕｏｋａ　Ｇｕｅｓｔｈｏｕｓｅ　ＣＡＭＰ,https://img.travel.rakuten.co.jp/image/tr/api/re/pvonD/?f_no=195905,https://img.travel.rakuten.co.jp/image/tr/api/re/vFumt/?f_no=195905&f_flg=PLAN,,https://img.travel.rakuten.co.jp/image/tr/api/re/gJNfM/?f_hotel_no=195905,フクオカゲストハウス　キャンプ,深呼吸と遊びごころ　明かりの種を持ち寄る　僕らの隠れ家,2888,120957.08,469466.22,812-0033,福岡県,福岡市博多区大博町4-5,092-235-1565,092-235-1565,地下鉄呉服町駅より徒歩約１０分、マリンメッセ、国際会議場まで徒歩５分,近隣に格安コインパーキング（例：夜20時から朝8時200円）多数ございます。,呉服町（福岡）,https://img.travel.rakuten.co.jp/share/HOTEL/195905/195905.jpg,https://img.travel.rakuten.co.jp/HIMG/90/195905.jpg,,,https://img.travel.rakuten.co.jp/share/HOTEL/195905/195905map.gif,3.0,,,mixdomi,男女混合ドミトリー ,6163205.0,【学生限定】学生旅お得に泊まろう!※地下鉄呉服町駅より徒歩１０分♪・マリンメッセまで徒歩５分♪,1,0,0,0,0,1,https://img.travel.rakuten.co.jp/image/tr/api/re/IdsCY/?f_no=195905&f_syu=mixdomi&f_hi1=2026-04-21&f_hi2=2026-04-22&f_heya_su=1&f_otona_su=1&f_s1=0&f_s2=0&f_y1=0&f_y2=0&f_y3=0&f_y4=0&f_camp_id=6163205,0,2026-04-21,5400,5400,0,2026-04-21,merged-20260419
173809,２０７　ＰＥＫＯ＇ｓＨＯＵＳＥ／民泊,https://img.travel.rakuten.co.jp/image/tr/api/re/pvonD/?f_no=173809,https://img.travel.rakuten.co.jp/image/tr/api/re/vFumt/?f_no=173809&f_flg=PLAN,,https://img.travel.rakuten.co.jp/image/tr/api/re/gJNfM/?f_hotel_no=173809,,【民泊】,6187,121086.12,469628.86,813-0036,福岡県,福岡市東区若宮3-1-19,080-7003-2290,000-000-0000,舞松原駅より徒歩にて約４分,無し,舞松原,https://img.travel.rakuten.co.jp/share/HOTEL/173809/173809.jpg,https://img.travel.rakuten.co.jp/HIMG/90/173809.jpg,https://img.travel.rakuten.co.jp/share/HOTEL/173809/173809_kan1.jpg,https://img.travel.rakuten.co.jp/HIMG/INTERIOR/173809.jpg,https://img.travel.rakuten.co.jp/share/HOTEL/173809/173809map.gif,,,,55488_5372,PEKO’S  HOUSE  207,4723294.0,207 Pocket WIFI!Quiet and Cozy,1,0,0,0,0,2,https://img.travel.rakuten.co.jp/image/tr/api/re/IdsCY/?f_no=173809&f_syu=55488_5372&f_hi1=2026-04-21&f_hi2=2026-04-22&f_heya_su=1&f_otona_su=1&f_s1=0&f_s2=0&f_y1=0&f_y2=0&f_y3=0&f_y4=0&f_camp_id=4723294,0,2026-04-21,12760,12760,0,2026-04-21,merged-20260419
174944,ヴィンテージＩＩＩ／民泊,https://img.travel.rakuten.co.jp/image/tr/api/re/pvonD/?f_no=174944,https://img.travel.rakuten.co.jp/image/tr/api/re/vFumt/?f_no=174944&f_flg=PLAN,,https://img.travel.rakuten.co.jp/image/tr/api/re/gJNfM/?f_hotel_no=174944,,【民泊】,2842,120871.35,469296.04,814-0005,福岡県,福岡市早良区祖原8-21,090-3685-1866,000-000-0000,西新駅より徒歩にて約４分,無し,西新,https://img.travel.rakuten.co.jp/share/HOTEL/174944/174944.jpg,https://img.travel.rakuten.co.jp/HIMG/90/174944.jpg,,,https://img.travel.rakuten.co.jp/share/HOTEL/174944/174944map.gif,2.0,,,r14774_4,ヴィンテージIII 103,5772629.0,【無料WiFi】博多や天神へのアクセス良好★西新駅から徒歩圏内!! ロフト付,1,0,0,0,0,2,https://img.travel.rakuten.co.jp/image/tr/api/re/IdsCY/?f_no=174944&f_syu=r14774_4&f_hi1=2026-04-21&f_hi2=2026-04-22&f_heya_su=1&f_otona_su=1&f_s1=0&f_s2=0&f_y1=0&f_y2=0&f_y3=0&f_y4=0&f_camp_id=5772629,0,2026-04-21,11368,11368,0,2026-04-21,merged-20260419
193858,ハイネス五条／民泊,https://img.travel.rakuten.co.jp/image/tr/api/re/pvonD/?f_no=193858,https://img.travel.rakuten.co.jp/image/tr/api/re/vFumt/?f_no=193858&f_flg=PLAN,,https://img.travel.rakuten.co.jp/image/tr/api/re/gJNfM/?f_hotel_no=193858,,　,8275,120634.37,469918.25,818-0125,福岡県,太宰府市五条4-14-6　ハイネス五条,090-6931-6019,000-000-0000,西鉄五条駅から徒歩で約２分,無し,西鉄五条,https://img.travel.rakuten.co.jp/share/HOTEL/193858/193858.jpg,https://img.travel.rakuten.co.jp/HIMG/90/193858.jpg,,,https://img.travel.rakuten.co.jp/share/HOTEL/193858/193858map.gif,1.0,,,r18191_3,105,6155030.0,太宰府天満宮まで徒歩15分★観光・お仕事に!,1,0,0,0,0,2,https://img.travel.rakuten.co.jp/image/tr/api/re/IdsCY/?f_no=193858&f_syu=r18191_3&f_hi1=2026-04-21&f_hi2=2026-04-22&f_heya_su=1&f_otona_su=1&f_s1=0&f_s2=0&f_y1=0&f_y2=0&f_y3=0&f_y4=0&f_camp_id=6155030,0,2026-04-21,17864,17864,0,2026-04-21,merged-20260419
55909,浜辺の旅館　満帆荘,https://img.travel.rakuten.co.jp/image/tr/api/re/pvonD/?f_no=55909,https://img.travel.rakuten.co.jp/image/tr/api/re/vFumt/?f_no=55909&f_flg=PLAN,https://img.travel.rakuten.co.jp/image/tr/api/re/WzozX/?noTomariHotel=55909,https://img.travel.rakuten.co.jp/image/tr/api/re/gJNfM/?f_hotel_no=55909,はまべのりょかん　まんぽそう,パワースポット沖津宮が目の前！春～秋の絶景夕日♪6月中旬～7月中旬には1階のお部屋に光の道が現れます,8500,121262.65,469069.7,811-0325,福岡県,福岡市東区勝馬257-5,092-603-1313,092-603-0848,【車】福岡空港47分、博多駅40分、マリンワールド10分【市営船】博多港33分,有り　11台　無料　予約不要,西戸崎,https://img.travel.rakuten.co.jp/share/HOTEL/55909/55909.jpg,https://img.travel.rakuten.co.jp/HIMG/90/55909.jpg,https://img.travel.rakuten.co.jp/share/HOTEL/55909/55909_k.jpg,https://img.travel.rakuten.co.jp/HIMG/INTERIOR/55909.jpg,https://img.travel.rakuten.co.jp/share/HOTEL/55909/55909map.gif,37.0,4.75,,1,◆和室8.5畳,4200481.0,【定番】迷ったらコレ！スタンダード2食付き♪新鮮な海の幸と絶景ぶらり旅〜,1,1,0,1,0,1,https://img.travel.rakuten.co.jp/image/tr/api/re/IdsCY/?f_no=55909&f_syu=1&f_hi1=2026-04-21&f_hi2=2026-04-22&f_heya_su=1&f_otona_su=1&f_s1=0&f_s2=0&f_y1=0&f_y2=0&f_y3=0&f_y4=0&f_camp_id=4200481,0,2026-04-21,18000,18000,0,2026-04-21,merged-20260419
197857,ＬＯＮＧ　ＶＡＣＡＴＩＯＮ　ＲＥＳＯＲＴ,https://img.travel.rakuten.co.jp/image/tr/api/re/pvonD/?f_no=197857,https://img.travel.rakuten.co.jp/image/tr/api/re/vFumt/?f_no=197857&f_flg=PLAN,,https://img.travel.rakuten.co.jp/image/tr/api/re/gJNfM/?f_hotel_no=197857,ろんぐばけーしょんりぞーと,博多湾を一望できる最高のロケーション。プールと露天風呂のあるリゾートグランピングで極上のひとときを…,5900,121127.64,469258.06,811-0321,福岡県,福岡市東区西戸崎5-24-1,092-260-8885,092-260-8503,JR西戸崎駅から徒歩16分／お車でお越しの場合、海の中道から「海浜公園南」交差点を左折した直後に右折,あり　100台　無料　先着順,西戸崎,https://img.travel.rakuten.co.jp/share/HOTEL/197857/197857.jpg,https://img.travel.rakuten.co.jp/HIMG/90/197857.jpg,,,https://img.travel.rakuten.co.jp/share/HOTEL/197857/197857map.gif,2.0,,,003,【サウナ＆露天バスタブ付】離れタイプの客室,6440925.0,【PayPayドーム福岡orマリンメッセ福岡への送迎付き】ライブへ行く方に◎送迎付き素泊りプラン,1,0,0,0,0,1,https://img.travel.rakuten.co.jp/image/tr/api/re/IdsCY/?f_no=197857&f_syu=003&f_hi1=2026-04-21&f_hi2=2026-04-22&f_heya_su=1&f_otona_su=1&f_s1=0&f_s2=0&f_y1=0&f_y2=0&f_y3=0&f_y4=0&f_camp_id=6440925,0,2026-04-21,19800,19800,0,2026-04-21,merged-20260419
198423,グランドキャニオン,https://img.travel.rakuten.co.jp/image/tr/api/re/pvonD/?f_no=198423,https://img.travel.rakuten.co.jp/image/tr/api/re/vFumt/?f_no=198423&f_flg=PLAN,,https://img.travel.rakuten.co.jp/image/tr/api/re/gJNfM/?f_hotel_no=198423,ぐらんどきゃにおん,博多の中心部に位置し、観光・ビジネスにアクセスが抜群です。,19000,120891.94,469494.13,812-0018,福岡県,福岡市博多区住吉3-5-7.701.702.801,080-1941-3323,--,博多駅から徒歩で約10～15分,なし,博多,https://img.travel.rakuten.co.jp/share/HOTEL/198423/198423.jpg,https://img.travel.rakuten.co.jp/HIMG/90/198423.jpg,,,https://img.travel.rakuten.co.jp/share/HOTEL/198423/198423map.gif,,,,room,和洋室,6419576.0,【オンラインカード決済限定】素泊まりプラン　博多駅からアクセス抜群！当日予約もOK！,1,0,0,0,0,2,https://img.travel.rakuten.co.jp/image/tr/api/re/IdsCY/?f_no=198423&f_syu=room&f_hi1=2026-04-21&f_hi2=2026-04-22&f_heya_su=1&f_otona_su=1&f_s1=0&f_s2=0&f_y1=0&f_y2=0&f_y3=0&f_y4=0&f_camp_id=6419576,0,2026-04-21,20000,20000,1,2026-04-21,merged-20260419
195400,グレイトフル筑紫野２０１／民泊,https://img.travel.rakuten.co.jp/image/tr/api/re/pvonD/?f_no=195400,https://img.travel.rakuten.co.jp/image/tr/api/re/vFumt/?f_no=195400&f_flg=PLAN,,https://img.travel.rakuten.co.jp/image/tr/api/re/gJNfM/?f_hotel_no=195400,, ,6032,120584.51,469858.65,818-0059,福岡県,筑紫野市塔原東1-14-4　グレイトフル筑紫野201,090-6931-6019,00-0000-0000,西鉄二日市駅より徒歩で5分,あり,西鉄二日市,https://img.travel.rakuten.co.jp/share/HOTEL/195400/195400.jpg,https://img.travel.rakuten.co.jp/HIMG/90/195400.jpg,,,https://img.travel.rakuten.co.jp/share/HOTEL/195400/195400map.gif,,,,r20487_5,グレイトフル筑紫野201,6347152.0,"西鉄二日市駅から徒歩7分,太宰府天満宮まで電車で10分",1,0,0,0,0,2,https://img.travel.rakuten.co.jp/image/tr/api/re/IdsCY/?f_no=195400&f_syu=r20487_5&f_hi1=2026-04-21&f_hi2=2026-04-22&f_heya_su=1&f_otona_su=1&f_s1=0&f_s2=0&f_y1=0&f_y2=0&f_y3=0&f_y4=0&f_camp_id=6347152,0,2026-04-21,20880,20880,0,2026-04-21,merged-20260419
198736,ＥＲＵＺＡ　ＨＡＫＡＴＡ,https://img.travel.rakuten.co.jp/image/tr/api/re/pvonD/?f_no=198736,https://img.travel.rakuten.co.jp/image/tr/api/re/vFumt/?f_no=198736&f_flg=PLAN,,https://img.travel.rakuten.co.jp/image/tr/api/re/gJNfM/?f_hotel_no=198736,えるざ はかた,スマートチェックインで快適にご滞在！,3000,120888.61,469543.92,812-0016,福岡県,福岡市博多区博多駅南3-5-1,092-401-0244,--,博多駅よりお車で約5分、福岡都市高速環状線半道橋ICより約9分,なし,博多,https://img.travel.rakuten.co.jp/share/HOTEL/198736/198736.jpg,https://img.travel.rakuten.co.jp/HIMG/90/198736.jpg,,,https://img.travel.rakuten.co.jp/share/HOTEL/198736/198736map.gif,,,,supt2,スーペリアツイン,6440691.0,シンプルステイ（素泊まり）【事前決済※返金不可】,1,0,0,0,0,2,https://img.travel.rakuten.co.jp/image/tr/api/re/IdsCY/?f_no=198736&f_syu=supt2&f_hi1=2026-04-21&f_hi2=2026-04-22&f_heya_su=1&f_otona_su=1&f_s1=0&f_s2=0&f_y1=0&f_y2=0&f_y3=0&f_y4=0&f_camp_id=6440691,0,2026-04-21,22000,22000,0,2026-04-21,merged-20260419
184818,ＨＩＲＯビル,https://img.travel.rakuten.co.jp/image/tr/api/re/pvonD/?f_no=184818,https://img.travel.rakuten.co.jp/image/tr/api/re/vFumt/?f_no=184818&f_flg=PLAN,,https://img.travel.rakuten.co.jp/image/tr/api/re/gJNfM/?f_hotel_no=184818,ひろびる,博多駅からのアクセス良好！1部屋80㎡以上の広々コンドミニアムスタイルの宿泊施設です★,2886,120883.65,469520.28,812-0011,福岡県,福岡市博多区博多駅前4-25-14,092-409-4892,,博多駅から徒歩14分、バスで10分（「駅前四丁目」で下車）,敷地内に有料コインパーキング有（3台）,博多,https://img.travel.rakuten.co.jp/share/HOTEL/184818/184818.jpg,https://img.travel.rakuten.co.jp/HIMG/90/184818.jpg,,,https://img.travel.rakuten.co.jp/share/HOTEL/184818/184818map.gif,2.0,,,chito,エグゼクティブC,5604592.0,【素泊まり】スタンダードプラン「迷ったらコレ！」,1,0,0,0,0,2,https://img.travel.rakuten.co.jp/image/tr/api/re/IdsCY/?f_no=184818&f_syu=chito&f_hi1=2026-04-21&f_hi2=2026-04-22&f_heya_su=1&f_otona_su=1&f_s1=0&f_s2=0&f_y1=0&f_y2=0&f_y3=0&f_y4=0&f_camp_id=5604592,0,2026-04-21,22801,22801,0,2026-04-21,merged-20260419
182323,Ｈｏｔｅｌ　Ｉｏｒｉ（ホテル庵）,https://img.travel.rakuten.co.jp/image/tr/api/re/pvonD/?f_no=182323,https://img.travel.rakuten.co.jp/image/tr/api/re/vFumt/?f_no=182323&f_flg=PLAN,https://img.travel.rakuten.co.jp/image/tr/api/re/WzozX/?noTomariHotel=182323,https://img.travel.rakuten.co.jp/image/tr/api/re/gJNfM/?f_hotel_no=182323,ほてる　いおり,ビジネス・観光の長期滞在向けなお部屋など、全７タイプのお部屋をご用意。,3278,120890.75,469537.38,812-0016,福岡県,福岡市博多区博多駅南2-4-13,0924025515, ,博多駅(筑紫口)より徒歩10分/最寄りバス停「瑞穂」まで徒歩5分,無し,福岡空港,https://img.travel.rakuten.co.jp/share/HOTEL/182323/182323.jpg,https://img.travel.rakuten.co.jp/HIMG/90/182323.jpg,,,https://img.travel.rakuten.co.jp/share/HOTEL/182323/182323map.gif,16.0,4.33,,ftypens,スーペリアFtype,6432643.0,★【スタンダード】「何人泊まっても同じ値段♪」,1,0,0,0,0,2,https://img.travel.rakuten.co.jp/image/tr/api/re/IdsCY/?f_no=182323&f_syu=ftypens&f_hi1=2026-04-21&f_hi2=2026-04-22&f_heya_su=1&f_otona_su=1&f_s1=0&f_s2=0&f_y1=0&f_y2=0&f_y3=0&f_y4=0&f_camp_id=6432643,0,2026-04-21,24000,24000,0,2026-04-21,merged-20260419
182549,Ｗｈｉｔｅ　Ｃｒｙｓｔａｌ,https://img.travel.rakuten.co.jp/image/tr/api/re/pvonD/?f_no=182549,https://img.travel.rakuten.co.jp/image/tr/api/re/vFumt/?f_no=182549&f_flg=PLAN,,https://img.travel.rakuten.co.jp/image/tr/api/re/gJNfM/?f_hotel_no=182549,ホワイトクリスタル,２０２１年ＯＰＥＮ☆洗練された２組限定のプライベートホテル。１泊から長期滞在も安心！一棟貸しも可能。,6000,120961.9,469499.61,812-0044,福岡県,福岡市博多区千代4-4-33,080-3220-3610,,千代県庁口駅（地下鉄）から徒歩約１分,敷地内利用不可　近隣のコインパーキングをご利用ください（複数あり）,千代県庁口,https://img.travel.rakuten.co.jp/share/HOTEL/182549/182549.jpg,https://img.travel.rakuten.co.jp/HIMG/90/182549.jpg,,,https://img.travel.rakuten.co.jp/share/HOTEL/182549/182549map.gif,3.0,,,wcrs1,【RoomA(1F)】禁煙／無料インターネット,,,1,0,0,0,0,2,https://img.travel.rakuten.co.jp/image/tr/api/re/IdsCY/?f_no=182549&f_syu=wcrs1&f_hi1=2026-04-21&f_hi2=2026-04-22&f_heya_su=1&f_otona_su=1&f_s1=0&f_s2=0&f_y1=0&f_y2=0&f_y3=0&f_y4=0,1,2026-04-21,24000,24000,0,2026-04-21,merged-20260419
181272,グランドベース博多門,https://img.travel.rakuten.co.jp/image/tr/api/re/pvonD/?f_no=181272,https://img.travel.rakuten.co.jp/image/tr/api/re/vFumt/?f_no=181272&f_flg=PLAN,https://img.travel.rakuten.co.jp/image/tr/api/re/WzozX/?noTomariHotel=181272,https://img.travel.rakuten.co.jp/image/tr/api/re/gJNfM/?f_hotel_no=181272,ぐらんどべーすはかたもん,【無人フロントホテル】ホテルの中にはいくつもの和が散りばめられ、竹格子、和紙、日本ならではの繊細な技の数々,2002,120943.84,469459.94,812-0029,福岡県,福岡市博多区古門戸町10-12,092-409-4892,,中洲川端駅 7番出口から徒歩9分、バスは「蔵本」で下車後徒歩6分、マリンメッセから徒歩14分,専用駐車場・提携駐車場はございません。 公式サイトから、近隣のコインパーキングをご確認下さい。,福岡空港,https://img.travel.rakuten.co.jp/share/HOTEL/181272/181272.jpg,https://img.travel.rakuten.co.jp/HIMG/90/181272.jpg,,,https://img.travel.rakuten.co.jp/share/HOTEL/181272/181272map.gif,17.0,4.11,,ahito,スタンダードA,4902942.0,【素泊まり】スタンダードプラン「迷ったらコレ！」,1,0,0,0,0,2,https://img.travel.rakuten.co.jp/image/tr/api/re/IdsCY/?f_no=181272&f_syu=ahito&f_hi1=2026-04-21&f_hi2=2026-04-22&f_heya_su=1&f_otona_su=1&f_s1=0&f_s2=0&f_y1=0&f_y2=0&f_y3=0&f_y4=0&f_camp_id=4902942,0,2026-04-21,24800,24800,0,2026-04-21,merged-20260419
191719,Ｅｋｉｍａｅ　Ａｐａｒｔｍｅｎｔ,https://img.travel.rakuten.co.jp/image/tr/api/re/pvonD/?f_no=191719,https://img.travel.rakuten.co.jp/image/tr/api/re/vFumt/?f_no=191719&f_flg=PLAN,,https://img.travel.rakuten.co.jp/image/tr/api/re/gJNfM/?f_hotel_no=191719,えきまえ あぱーとめんと,駅近！ＪＲ博多駅から徒歩６分の好立地のお部屋♪,4114,120926.07,469515.85,812-0011,福岡県,福岡市博多区博多駅前1-22-8,092-753-6509,000-000-0000,ＪＲ　博多駅より徒歩約６分,無し,博多,https://img.travel.rakuten.co.jp/share/HOTEL/191719/191719.jpg,https://img.travel.rakuten.co.jp/HIMG/90/191719.jpg,,,https://img.travel.rakuten.co.jp/share/HOTEL/191719/191719map.gif,,,,ekimae73,２ＬＤＫ・ロフト付き　タイプC,6319880.0,【連泊プラン】,1,0,0,0,0,2,https://img.travel.rakuten.co.jp/image/tr/api/re/IdsCY/?f_no=191719&f_syu=ekimae73&f_hi1=2026-04-21&f_hi2=2026-04-22&f_heya_su=1&f_otona_su=1&f_s1=0&f_s2=0&f_y1=0&f_y2=0&f_y3=0&f_y4=0&f_camp_id=6319880,0,2026-04-21,25391,25391,0,2026-04-21,merged-20260419
176673,ＣＯＣＯ　Ｆｕｋｕｏｋａ　Ｃｈｉｙｏ,https://img.travel.rakuten.co.jp/image/tr/api/re/pvonD/?f_no=176673,https://img.travel.rakuten.co.jp/image/tr/api/re/vFumt/?f_no=176673&f_flg=PLAN,,https://img.travel.rakuten.co.jp/image/tr/api/re/gJNfM/?f_hotel_no=176673,ここ　ふくおか　ちよ,全室洗濯機を完備した、長期滞在者向けのサービスアパートメントです。,15500,120946.78,469508.51,812-0044,福岡県,福岡市博多区千代2-4-27　プレアール千代,080-3428-7912,,千代県庁口駅より徒歩にて約５分,無し,千代県庁口,https://img.travel.rakuten.co.jp/share/HOTEL/176673/176673.jpg,https://img.travel.rakuten.co.jp/HIMG/90/176673.jpg,,,https://img.travel.rakuten.co.jp/share/HOTEL/176673/176673map.gif,6.0,3.0,,201,Twin Room 201,,,1,0,0,0,0,2,https://img.travel.rakuten.co.jp/image/tr/api/re/IdsCY/?f_no=176673&f_syu=201&f_hi1=2026-04-21&f_hi2=2026-04-22&f_heya_su=1&f_otona_su=1&f_s1=0&f_s2=0&f_y1=0&f_y2=0&f_y3=0&f_y4=0,1,2026-04-21,26500,26500,1,2026-04-21,merged-20260419
194058,宰府　桜　＾,https://img.travel.rakuten.co.jp/image/tr/api/re/pvonD/?f_no=194058,https://img.travel.rakuten.co.jp/image/tr/api/re/vFumt/?f_no=194058&f_flg=PLAN,,https://img.travel.rakuten.co.jp/image/tr/api/re/gJNfM/?f_hotel_no=194058,,宰府　桜　新築を一棟まるまる貸切　コンパクトサイズの２階建て　太宰府天満宮近く駐車場縦列２台可,8352,120672.95,469930.82,818-0117,福岡県,太宰府市宰府5-10-25　宰府　桜,090-4984-7350,000-000-0000,太宰府駅から徒歩で約３分,有り,太宰府,https://img.travel.rakuten.co.jp/share/HOTEL/194058/194058.jpg,https://img.travel.rakuten.co.jp/HIMG/90/194058.jpg,,,https://img.travel.rakuten.co.jp/share/HOTEL/194058/194058map.gif,1.0,,,1151797_8,一戸建て,6185248.0,宰府 桜,1,0,0,0,0,2,https://img.travel.rakuten.co.jp/image/tr/api/re/IdsCY/?f_no=194058&f_syu=1151797_8&f_hi1=2026-04-21&f_hi2=2026-04-22&f_heya_su=1&f_otona_su=1&f_s1=0&f_s2=0&f_y1=0&f_y2=0&f_y3=0&f_y4=0&f_camp_id=6185248,0,2026-04-21,27840,27840,0,2026-04-21,merged-20260419
192694,Ｐａｒｋｓｉｄｅ　Ｉｎｎ　Ｈａｋａｔａ,https://img.travel.rakuten.co.jp/image/tr/api/re/pvonD/?f_no=192694,https://img.travel.rakuten.co.jp/image/tr/api/re/vFumt/?f_no=192694&f_flg=PLAN,,https://img.travel.rakuten.co.jp/image/tr/api/re/gJNfM/?f_hotel_no=192694,ぱーくさいどいんはかた,【無人フロントホテル】２０２４年７月一部リニューアルオープン！博多駅から徒歩７分の好立地！,3909,120898.53,469514.41,812-0011,福岡県,福岡市博多区博多駅前4-11-13,092-409-4892,092-401-1057,博多駅より徒歩約７分,無し,博多,https://img.travel.rakuten.co.jp/share/HOTEL/192694/192694.jpg,https://img.travel.rakuten.co.jp/HIMG/90/192694.jpg,,,https://img.travel.rakuten.co.jp/share/HOTEL/192694/192694map.gif,,,,ahito,アパートメントパークビューA,6027597.0,【素泊まり】スタンダードプラン「迷ったらコレ！」,1,0,0,0,0,2,https://img.travel.rakuten.co.jp/image/tr/api/re/IdsCY/?f_no=192694&f_syu=ahito&f_hi1=2026-04-21&f_hi2=2026-04-22&f_heya_su=1&f_otona_su=1&f_s1=0&f_s2=0&f_y1=0&f_y2=0&f_y3=0&f_y4=0&f_camp_id=6027597,0,2026-04-21,30934,30934,0,2026-04-21,merged-20260419
170439,シャインブライト／民泊,https://img.travel.rakuten.co.jp/image/tr/api/re/pvonD/?f_no=170439,https://img.travel.rakuten.co.jp/image/tr/api/re/vFumt/?f_no=170439&f_flg=PLAN,,https://img.travel.rakuten.co.jp/image/tr/api/re/gJNfM/?f_hotel_no=170439,,　,6264,121006.29,469499.83,812-0055,福岡県,福岡市東区東浜1-7-26　シャインブライト,090-9792-6152,000-000-0000,箱崎宮前駅から徒歩で約３分,有り,箱崎宮前,https://img.travel.rakuten.co.jp/share/HOTEL/170439/170439.jpg,https://img.travel.rakuten.co.jp/HIMG/90/170439.jpg,,,https://img.travel.rakuten.co.jp/share/HOTEL/170439/170439map.gif,,,,r19291_8,Shine Bright2 103,6238236.0,【禁煙】ファミリールーム (103),1,0,0,0,0,2,https://img.travel.rakuten.co.jp/image/tr/api/re/IdsCY/?f_no=170439&f_syu=r19291_8&f_hi1=2026-04-21&f_hi2=2026-04-22&f_heya_su=1&f_otona_su=1&f_s1=0&f_s2=0&f_y1=0&f_y2=0&f_y3=0&f_y4=0&f_camp_id=6238236,0,2026-04-21,31320,31320,0,2026-04-21,merged-20260419
193930,ＣＨＥＲＲＹ／民泊,https://img.travel.rakuten.co.jp/image/tr/api/re/pvonD/?f_no=193930,https://img.travel.rakuten.co.jp/image/tr/api/re/vFumt/?f_no=193930&f_flg=PLAN,,https://img.travel.rakuten.co.jp/image/tr/api/re/gJNfM/?f_hotel_no=193930,,最大収容人数：　４名・福岡市地下鉄七隈線／渡辺通駅から徒歩１０分【民泊】,7192,120884.65,469492.56,812-0018,福岡県,福岡市博多区住吉4-23-2　コンフォートＨＡＫＡＴＡ　203号室,03-6231-0330,000-000-0000,渡辺通駅から徒歩で約５分,無し,博多,https://img.travel.rakuten.co.jp/share/HOTEL/193930/193930.jpg,https://img.travel.rakuten.co.jp/HIMG/90/193930.jpg,,,https://img.travel.rakuten.co.jp/share/HOTEL/193930/193930map.gif,,,,r18537_4,CHERRY,6165361.0,博多の中心地近く/渡辺通駅から徒歩10分/4名まで/大型ショッピングモール徒歩圏,1,0,0,0,0,2,https://img.travel.rakuten.co.jp/image/tr/api/re/IdsCY/?f_no=193930&f_syu=r18537_4&f_hi1=2026-04-21&f_hi2=2026-04-22&f_heya_su=1&f_otona_su=1&f_s1=0&f_s2=0&f_y1=0&f_y2=0&f_y3=0&f_y4=0&f_camp_id=6165361,0,2026-04-21,31320,31320,0,2026-04-21,merged-20260419
179277,グランドベースクレイン,https://img.travel.rakuten.co.jp/image/tr/api/re/pvonD/?f_no=179277,https://img.travel.rakuten.co.jp/image/tr/api/re/vFumt/?f_no=179277&f_flg=PLAN,https://img.travel.rakuten.co.jp/image/tr/api/re/WzozX/?noTomariHotel=179277,https://img.travel.rakuten.co.jp/image/tr/api/re/gJNfM/?f_hotel_no=179277,ぐらんどべーすくれいん,【全2部屋のみの特別な空間】1フロア1室でごゆっくりおくつろぎいただけます,16720,120883.77,469491.18,812-0018,福岡県,福岡市博多区住吉4-23-16,050-1794-4113,092-292-3314,地下鉄「渡辺通駅」より徒歩10分,無料駐車場はございません。近隣有料コインパーキングをご利用ください。,,https://img.travel.rakuten.co.jp/share/HOTEL/179277/179277.jpg,https://img.travel.rakuten.co.jp/HIMG/90/179277.jpg,,,https://img.travel.rakuten.co.jp/share/HOTEL/179277/179277map.gif,5.0,3.25,,222,スーペリアB,6309338.0,【返金不可】ご予定が確定している方はこちらがオススメ!!,1,0,0,0,0,2,https://img.travel.rakuten.co.jp/image/tr/api/re/IdsCY/?f_no=179277&f_syu=222&f_hi1=2026-04-21&f_hi2=2026-04-22&f_heya_su=1&f_otona_su=1&f_s1=0&f_s2=0&f_y1=0&f_y2=0&f_y3=0&f_y4=0&f_camp_id=6309338,0,2026-04-21,34710,34710,1,2026-04-21,merged-20260419
183216,ＴＡＢＩＳＡＩ　ＨＯＴＥＬ　ＨＯＵＳＥ　博多,https://img.travel.rakuten.co.jp/image/tr/api/re/pvonD/?f_no=183216,https://img.travel.rakuten.co.jp/image/tr/api/re/vFumt/?f_no=183216&f_flg=PLAN,https://img.travel.rakuten.co.jp/image/tr/api/re/WzozX/?noTomariHotel=183216,https://img.travel.rakuten.co.jp/image/tr/api/re/gJNfM/?f_hotel_no=183216,たびさい　ほてる　はうす　はかた,最大16名贅沢な広さ一軒家貸切★大画面で映画鑑賞★博多駅近,7480,120892.2,469500.51,812-0018,福岡県,福岡市博多区住吉4-6-19,092-534-5020,092-534-5021,博多駅より徒歩7分,ホテル横に無料の専用駐車場がございます。駐車番号【2】に駐車お願いします。,博多,https://img.travel.rakuten.co.jp/share/HOTEL/183216/183216.jpg,https://img.travel.rakuten.co.jp/HIMG/90/183216.jpg,,,https://img.travel.rakuten.co.jp/share/HOTEL/183216/183216map.gif,2.0,,,183216,1組限定一軒家貸切★最大16名様★博多駅7分,5236674.0,贅沢な広さを1日1組限定貸切！お得に満喫プラン★大画面で映画鑑賞,1,0,0,0,0,2,https://img.travel.rakuten.co.jp/image/tr/api/re/IdsCY/?f_no=183216&f_syu=183216&f_hi1=2026-04-21&f_hi2=2026-04-22&f_heya_su=1&f_otona_su=1&f_s1=0&f_s2=0&f_y1=0&f_y2=0&f_y3=0&f_y4=0&f_camp_id=5236674,0,2026-04-21,38500,38500,0,2026-04-21,merged-20260419
181271,グランドベース博多ステーション,https://img.travel.rakuten.co.jp/image/tr/api/re/pvonD/?f_no=181271,https://img.travel.rakuten.co.jp/image/tr/api/re/vFumt/?f_no=181271&f_flg=PLAN,https://img.travel.rakuten.co.jp/image/tr/api/re/WzozX/?noTomariHotel=181271,https://img.travel.rakuten.co.jp/image/tr/api/re/gJNfM/?f_hotel_no=181271,ぐらんどべーすはかたすてーしょん,【無人フロントホテル】天神・博多へアクセス良好◎,2730,120886.87,469529.12,812-0016,福岡県,福岡市博多区博多駅南2-11-7,092-409-4892,,博多駅より徒歩10分,専用駐車場・提携駐車場はございません。 公式サイトから、近隣のコインパーキングをご確認下さい。,福岡空港,https://img.travel.rakuten.co.jp/share/HOTEL/181271/181271.jpg,https://img.travel.rakuten.co.jp/HIMG/90/181271.jpg,,,https://img.travel.rakuten.co.jp/share/HOTEL/181271/181271map.gif,3.0,,,bhito,スーペリアB,4895738.0,【素泊まり】スタンダードプラン「迷ったらコレ！」,1,0,0,0,0,2,https://img.travel.rakuten.co.jp/image/tr/api/re/IdsCY/?f_no=181271&f_syu=bhito&f_hi1=2026-04-21&f_hi2=2026-04-22&f_heya_su=1&f_otona_su=1&f_s1=0&f_s2=0&f_y1=0&f_y2=0&f_y3=0&f_y4=0&f_camp_id=4895738,0,2026-04-21,40000,40000,0,2026-04-21,merged-20260419
179595,博多の宿　徒然庵,https://img.travel.rakuten.co.jp/image/tr/api/re/pvonD/?f_no=179595,https://img.travel.rakuten.co.jp/image/tr/api/re/vFumt/?f_no=179595&f_flg=PLAN,https://img.travel.rakuten.co.jp/image/tr/api/re/WzozX/?noTomariHotel=179595,https://img.travel.rakuten.co.jp/image/tr/api/re/gJNfM/?f_hotel_no=179595,はかたのやど　つれづれあん,【2025年6月13日～全客室の檜風呂が新品に！】木の香りに包まれる、全室檜風呂付の町屋風の宿。,36300,120939.17,469466.55,812-0029,福岡県,福岡市博多区古門戸町4-4,080-8043-2702,092-235-3903,地下鉄空港線　中洲川端駅より徒歩で約５分,無し※近隣の有料駐車場をご利用ください。,中洲川端,https://img.travel.rakuten.co.jp/share/HOTEL/179595/179595.jpg,https://img.travel.rakuten.co.jp/HIMG/90/179595.jpg,,,https://img.travel.rakuten.co.jp/share/HOTEL/179595/179595map.gif,34.0,4.11,,hakata,◆博多【40平米／禁煙】,4814194.0,◆【直前割】間際のご予約でお得！檜風呂付き町屋風の宿屋「徒然庵」♪【素泊まり】,1,0,0,0,0,1,https://img.travel.rakuten.co.jp/image/tr/api/re/IdsCY/?f_no=179595&f_syu=hakata&f_hi1=2026-04-21&f_hi2=2026-04-22&f_heya_su=1&f_otona_su=1&f_s1=0&f_s2=0&f_y1=0&f_y2=0&f_y3=0&f_y4=0&f_camp_id=4814194,0,2026-04-21,40600,40600,1,2026-04-21,merged-20260419
171118,ＨＡＫＡＴＡ　ＴＥＲＲＡＣＥ　－灯　ａｋａｒｉ－／民泊,https://img.travel.rakuten.co.jp/image/tr/api/re/pvonD/?f_no=171118,https://img.travel.rakuten.co.jp/image/tr/api/re/vFumt/?f_no=171118&f_flg=PLAN,,https://img.travel.rakuten.co.jp/image/tr/api/re/gJNfM/?f_hotel_no=171118,,　,8816,120947.55,469520.76,812-0044,福岡県,福岡市博多区千代1-4-52　ＨＡＫＡＴＡ　ＴＥＲＲＡＣＥ　-ａｋａｒｉ,080-3220-3610,000-000-0000,千代県庁口駅から徒歩で約５分,無し,千代県庁口,https://img.travel.rakuten.co.jp/share/HOTEL/171118/171118.jpg,https://img.travel.rakuten.co.jp/HIMG/90/171118.jpg,,,https://img.travel.rakuten.co.jp/share/HOTEL/171118/171118map.gif,,,,r12420_6,HAKATA TERRACE -灯 akari-,5365092.0,暖かい「灯」に包まれるような戸建て,1,0,0,0,0,2,https://img.travel.rakuten.co.jp/image/tr/api/re/IdsCY/?f_no=171118&f_syu=r12420_6&f_hi1=2026-04-21&f_hi2=2026-04-22&f_heya_su=1&f_otona_su=1&f_s1=0&f_s2=0&f_y1=0&f_y2=0&f_y3=0&f_y4=0&f_camp_id=5365092,0,2026-04-21,41760,41760,0,2026-04-21,merged-20260419
171119,ＨＡＫＡＴＡ　ＴＥＲＲＡＣＥ　－晴　ｈａｒｅ－／民泊,https://img.travel.rakuten.co.jp/image/tr/api/re/pvonD/?f_no=171119,https://img.travel.rakuten.co.jp/image/tr/api/re/vFumt/?f_no=171119&f_flg=PLAN,,https://img.travel.rakuten.co.jp/image/tr/api/re/gJNfM/?f_hotel_no=171119,,　,9744,120947.55,469520.76,812-0044,福岡県,福岡市博多区千代1-4-52　ＨＡＫＡＴＡ　ＴＥＲＲＡＣＥ　-ｈａｒｅ,080-3220-3610,000-000-0000,千代県庁口駅から徒歩で約５分,無し,千代県庁口,https://img.travel.rakuten.co.jp/share/HOTEL/171119/171119.jpg,https://img.travel.rakuten.co.jp/HIMG/90/171119.jpg,,,https://img.travel.rakuten.co.jp/share/HOTEL/171119/171119map.gif,,,,r12421_8,HAKATA TERRACE -晴 hare,5365093.0,曇りのない「晴」やかで、快適な空間な戸建て,1,0,0,0,0,2,https://img.travel.rakuten.co.jp/image/tr/api/re/IdsCY/?f_no=171119&f_syu=r12421_8&f_hi1=2026-04-21&f_hi2=2026-04-22&f_heya_su=1&f_otona_su=1&f_s1=0&f_s2=0&f_y1=0&f_y2=0&f_y3=0&f_y4=0&f_camp_id=5365093,0,2026-04-21,41760,41760,0,2026-04-21,merged-20260419
194276,ＨＡＪＩＭＥ　ＳＴＡＹ　ＫＡＳＵＧＡ　４　＾,https://img.travel.rakuten.co.jp/image/tr/api/re/pvonD/?f_no=194276,https://img.travel.rakuten.co.jp/image/tr/api/re/vFumt/?f_no=194276&f_flg=PLAN,,https://img.travel.rakuten.co.jp/image/tr/api/re/gJNfM/?f_hotel_no=194276,,ＨＡＪＩＭＥ　ＳＴＡＹ　ＫＡＳＵＧＡ４は、最大９名まで宿泊可能で、リビングでお子様と一緒に食事が楽し,8352,120713.14,469687.01,816-0805,福岡県,春日市千歳町2-25　ＨＡＪＩＭＥ　ＳＴＡＹ　ＫＡＳＵＧＡ4,080-1794-8140,000-000-0000,春日駅から徒歩で約１分,有り,春日（福岡）,https://img.travel.rakuten.co.jp/share/HOTEL/194276/194276.jpg,https://img.travel.rakuten.co.jp/HIMG/90/194276.jpg,,,https://img.travel.rakuten.co.jp/share/HOTEL/194276/194276map.gif,,,,1185892_6,一戸建て,6215790.0,HAJIME STAY KASUGA 4 /子連れ家族グループ向け一軒家貸切/JR春日駅徒歩4分,1,0,0,0,0,2,https://img.travel.rakuten.co.jp/image/tr/api/re/IdsCY/?f_no=194276&f_syu=1185892_6&f_hi1=2026-04-21&f_hi2=2026-04-22&f_heya_su=1&f_otona_su=1&f_s1=0&f_s2=0&f_y1=0&f_y2=0&f_y3=0&f_y4=0&f_camp_id=6215790,0,2026-04-21,41760,41760,0,2026-04-21,merged-20260419
194273,ＨＡＪＩＭＥ　ＳＴＡＹ　ＫＡＳＵＧＡ　１　＾,https://img.travel.rakuten.co.jp/image/tr/api/re/pvonD/?f_no=194273,https://img.travel.rakuten.co.jp/image/tr/api/re/vFumt/?f_no=194273&f_flg=PLAN,,https://img.travel.rakuten.co.jp/image/tr/api/re/gJNfM/?f_hotel_no=194273,,ＨＡＪＩＭＥ　ＳＴＡＹ　ＫＡＳＵＧＡ１は、大人数向けの広々とした３階建一軒家で、最大１０名様まで宿泊,8816,120713.31,469686.79,816-0805,福岡県,春日市千歳町2-25　ＨＡＪＩＭＥ　ＳＴＡＹ　ＫＡＳＵＧＡ1,080-1794-8140,000-000-0000,春日駅から徒歩で約１分,有り,春日（福岡）,https://img.travel.rakuten.co.jp/share/HOTEL/194273/194273.jpg,https://img.travel.rakuten.co.jp/HIMG/90/194273.jpg,,,https://img.travel.rakuten.co.jp/share/HOTEL/194273/194273map.gif,,,,1185849_6,一戸建て,6215787.0,HAJIME STAY KASUGA 1 /多世代ファミリー向け一軒家貸切/JR春日駅徒歩4分,1,0,0,0,0,2,https://img.travel.rakuten.co.jp/image/tr/api/re/IdsCY/?f_no=194273&f_syu=1185849_6&f_hi1=2026-04-21&f_hi2=2026-04-22&f_heya_su=1&f_otona_su=1&f_s1=0&f_s2=0&f_y1=0&f_y2=0&f_y3=0&f_y4=0&f_camp_id=6215787,0,2026-04-21,44080,44080,0,2026-04-21,merged-20260419
192380,ＨＯＴＥＬ　Ａｌｌ　Ｓｔａｙ　博多空港通,https://img.travel.rakuten.co.jp/image/tr/api/re/pvonD/?f_no=192380,https://img.travel.rakuten.co.jp/image/tr/api/re/vFumt/?f_no=192380&f_flg=PLAN,,https://img.travel.rakuten.co.jp/image/tr/api/re/gJNfM/?f_hotel_no=192380,おーるすていはかたくうこうどおり,【無人フロントホテル】２０２４年３月リニューアルオープン！博多駅から徒歩圏内の好立地です！,3164,120933.89,469539.24,812-0043,福岡県,福岡市博多区堅粕4-16-5,092-409-4892,092-401-1057,博多駅から徒歩約１３分,無し（敷地内に無断で駐車される方が増えています。絶対にお停めにならないようお願い申し上げます。）,博多,https://img.travel.rakuten.co.jp/share/HOTEL/192380/192380.jpg,https://img.travel.rakuten.co.jp/HIMG/90/192380.jpg,,,https://img.travel.rakuten.co.jp/share/HOTEL/192380/192380map.gif,,,,dhito,スーペリアアパートメントD,6026237.0,【素泊まり】スタンダードプラン「迷ったらコレ！」,1,0,0,0,0,2,https://img.travel.rakuten.co.jp/image/tr/api/re/IdsCY/?f_no=192380&f_syu=dhito&f_hi1=2026-04-21&f_hi2=2026-04-22&f_heya_su=1&f_otona_su=1&f_s1=0&f_s2=0&f_y1=0&f_y2=0&f_y3=0&f_y4=0&f_camp_id=6026237,0,2026-04-21,45334,45334,0,2026-04-21,merged-20260419
176097,Ｍａｐｌｅ　Ｈｏｕｓｅ　＾,https://img.travel.rakuten.co.jp/image/tr/api/re/pvonD/?f_no=176097,https://img.travel.rakuten.co.jp/image/tr/api/re/vFumt/?f_no=176097&f_flg=PLAN,,https://img.travel.rakuten.co.jp/image/tr/api/re/gJNfM/?f_hotel_no=176097,,Ｍａｐｌｅ　Ｈｏｕｓｅ一戸建て：太宰府天満宮本殿徒歩７分★最大１５名様まで宿泊可能,11136,120680.88,469937.97,818-0117,福岡県,太宰府市宰府5-14－6　Ｍａｐｌｅ　Ｈｏｕｓｅ,090-4984-7350,000-000-0000,太宰府駅から徒歩で約４分,有り,太宰府,https://img.travel.rakuten.co.jp/share/HOTEL/176097/176097.jpg,https://img.travel.rakuten.co.jp/HIMG/90/176097.jpg,,,https://img.travel.rakuten.co.jp/share/HOTEL/176097/176097map.gif,,,,85725,一戸建て,4935199.0,Maple House 築浅 貸切15名迄可 3名まで同料金✡️高速WiFi設置 100Mbps!,1,0,0,0,0,2,https://img.travel.rakuten.co.jp/image/tr/api/re/IdsCY/?f_no=176097&f_syu=85725&f_hi1=2026-04-21&f_hi2=2026-04-22&f_heya_su=1&f_otona_su=1&f_s1=0&f_s2=0&f_y1=0&f_y2=0&f_y3=0&f_y4=0&f_camp_id=4935199,0,2026-04-21,46400,46400,0,2026-04-21,merged-20260419
195332,ＡＭＰ　ＦＬＡＴ　ＡＲＣＢＬＩＳＳ　４　＾,https://img.travel.rakuten.co.jp/image/tr/api/re/pvonD/?f_no=195332,https://img.travel.rakuten.co.jp/image/tr/api/re/vFumt/?f_no=195332&f_flg=PLAN,,https://img.travel.rakuten.co.jp/image/tr/api/re/gJNfM/?f_hotel_no=195332,, ,11472,120593.31,469862.22,818-0072,福岡県,筑紫野市二日市中央5-687-2　AMP FLAT ARCBLISS 4,080-3188-3570,00-0000-0000,西鉄二日市駅より徒歩で3分,なし,西鉄二日市,https://img.travel.rakuten.co.jp/share/HOTEL/195332/195332.jpg,https://img.travel.rakuten.co.jp/HIMG/90/195332.jpg,,,https://img.travel.rakuten.co.jp/share/HOTEL/195332/195332map.gif,,,,1357297_6,スタンダードルーム,6338468.0,ゆったり過ごせる6名定員の広々空間。グループやファミリー旅行にも最適な一室です。,1,0,0,0,0,2,https://img.travel.rakuten.co.jp/image/tr/api/re/IdsCY/?f_no=195332&f_syu=1357297_6&f_hi1=2026-04-21&f_hi2=2026-04-22&f_heya_su=1&f_otona_su=1&f_s1=0&f_s2=0&f_y1=0&f_y2=0&f_y3=0&f_y4=0&f_camp_id=6338468,0,2026-04-21,57356,57356,0,2026-04-21,merged-20260419
195333,ＡＭＰ　ＦＬＡＴ　ＡＲＣＢＬＩＳＳ　２Ｂ　＾,https://img.travel.rakuten.co.jp/image/tr/api/re/pvonD/?f_no=195333,https://img.travel.rakuten.co.jp/image/tr/api/re/vFumt/?f_no=195333&f_flg=PLAN,,https://img.travel.rakuten.co.jp/image/tr/api/re/gJNfM/?f_hotel_no=195333,, ,14339,120593.31,469862.22,818-0072,福岡県,筑紫野市二日市中央5-687-2　AMP FLAT ARCBLISS 2B,080-3188-3570,00-0000-0000,西鉄二日市駅より徒歩で3分,なし,西鉄二日市,https://img.travel.rakuten.co.jp/share/HOTEL/195333/195333.jpg,https://img.travel.rakuten.co.jp/HIMG/90/195333.jpg,,,https://img.travel.rakuten.co.jp/share/HOTEL/195333/195333map.gif,,,,1357408_4,スタンダードルーム,6338469.0,太宰府天満宮まで電車で約10分、シンプルで落ち着いた滞在に。暮らすように過ごせる一室。,1,0,0,0,0,2,https://img.travel.rakuten.co.jp/image/tr/api/re/IdsCY/?f_no=195333&f_syu=1357408_4&f_hi1=2026-04-21&f_hi2=2026-04-22&f_heya_su=1&f_otona_su=1&f_s1=0&f_s2=0&f_y1=0&f_y2=0&f_y3=0&f_y4=0&f_camp_id=6338469,0,2026-04-21,57356,57356,0,2026-04-21,merged-20260419
195334,ＡＭＰ　ＦＬＡＴ　ＡＲＣＢＬＩＳＳ　２Ａ　＾,https://img.travel.rakuten.co.jp/image/tr/api/re/pvonD/?f_no=195334,https://img.travel.rakuten.co.jp/image/tr/api/re/vFumt/?f_no=195334&f_flg=PLAN,,https://img.travel.rakuten.co.jp/image/tr/api/re/gJNfM/?f_hotel_no=195334,, ,14049,120593.31,469862.22,818-0072,福岡県,筑紫野市二日市中央5-687-2　AMP FLAT ARCBLISS 2A,080-3188-3570,00-0000-0000,西鉄二日市駅より徒歩で3分,なし,西鉄二日市,https://img.travel.rakuten.co.jp/share/HOTEL/195334/195334.jpg,https://img.travel.rakuten.co.jp/HIMG/90/195334.jpg,,,https://img.travel.rakuten.co.jp/share/HOTEL/195334/195334map.gif,,,,1357446_6,スタンダードルーム,6338470.0,福岡市内や太宰府へのアクセスに便利! 観光にもビジネスにも嬉しい新装されたお部屋。最大6名宿泊可。,1,0,0,0,0,2,https://img.travel.rakuten.co.jp/image/tr/api/re/IdsCY/?f_no=195334&f_syu=1357446_6&f_hi1=2026-04-21&f_hi2=2026-04-22&f_heya_su=1&f_otona_su=1&f_s1=0&f_s2=0&f_y1=0&f_y2=0&f_y3=0&f_y4=0&f_camp_id=6338470,0,2026-04-21,70244,70244,0,2026-04-21,merged-20260419
200010,リトリートコート博多〈住吉〉　＾,https://img.travel.rakuten.co.jp/image/tr/api/re/pvonD/?f_no=200010,https://img.travel.rakuten.co.jp/image/tr/api/re/vFumt/?f_no=200010&f_flg=PLAN,,https://img.travel.rakuten.co.jp/image/tr/api/re/gJNfM/?f_hotel_no=200010,,【NEW OPEN】リトリートコート博多｜インタ&#12441;ストリアル部屋｜ワークスペース・PCモニター｜3名,6419,120881.11,469502.43,812-0018,福岡県,福岡市博多区住吉5-19-6-302 Ｓビル,080-6453-1909,00-0000-0000,渡辺通駅から徒歩で6分,なし,薬院,https://img.travel.rakuten.co.jp/share/HOTEL/200010/200010.jpg,https://img.travel.rakuten.co.jp/HIMG/90/200010.jpg,,,https://img.travel.rakuten.co.jp/share/HOTEL/200010/200010map.gif,,,,1501487_3,スタンダードルーム,6451046.0,リトリートコート博多〈住吉〉302,1,0,0,0,0,2,https://img.travel.rakuten.co.jp/image/tr/api/re/IdsCY/?f_no=200010&f_syu=1501487_3&f_hi1=2026-04-21&f_hi2=2026-04-22&f_heya_su=1&f_otona_su=1&f_s1=0&f_s2=0&f_y1=0&f_y2=0&f_y3=0&f_y4=0&f_camp_id=6451046,0,2026-04-21,19256,19256,0,2026-04-21,merged-20260419
199880,ＬｕｘｕｒｙＳｗｅｅｔ　Ｅａｓｔ７１・最大７人、ペット可、箱崎宮前駅徒歩３分・新築／民泊,https://img.travel.rakuten.co.jp/image/tr/api/re/pvonD/?f_no=199880,https://img.travel.rakuten.co.jp/image/tr/api/re/vFumt/?f_no=199880&f_flg=PLAN,,https://img.travel.rakuten.co.jp/image/tr/api/re/gJNfM/?f_hotel_no=199880,, ,9512,121007.84,469527.27,812-0053,福岡県,福岡市東区箱崎1-41-22 ｍｏｄｅｒｎ　ｐａｌａｚｚｏ　箱崎ｇｒａｃｅ７０１,070-4732-0719,00-0000-0000,箱崎宮前駅から徒歩で2分,なし,箱崎宮前,https://img.travel.rakuten.co.jp/share/HOTEL/199880/199880.jpg,https://img.travel.rakuten.co.jp/HIMG/90/199880.jpg,,,https://img.travel.rakuten.co.jp/share/HOTEL/199880/199880map.gif,,,,r21950_7,LuxurySweet East71,6441798.0,LuxurySweet East71・最大7人、ペット可、箱崎宮前駅徒歩3分・新築,1,0,0,0,0,2,https://img.travel.rakuten.co.jp/image/tr/api/re/IdsCY/?f_no=199880&f_syu=r21950_7&f_hi1=2026-04-21&f_hi2=2026-04-22&f_heya_su=1&f_otona_su=1&f_s1=0&f_s2=0&f_y1=0&f_y2=0&f_y3=0&f_y4=0&f_camp_id=6441798,0,2026-04-21,25520,25520,0,2026-04-21,merged-20260419
200001,リトリートタワー博多＜博多駅南＞　＾,https://img.travel.rakuten.co.jp/image/tr/api/re/pvonD/?f_no=200001,https://img.travel.rakuten.co.jp/image/tr/api/re/vFumt/?f_no=200001&f_flg=PLAN,,https://img.travel.rakuten.co.jp/image/tr/api/re/gJNfM/?f_hotel_no=200001,, ,8905,120883.0,469540.83,812-0016,福岡県,福岡市博多区博多駅南3-9-21 増田和ビル,080-6453-1909,00-0000-0000,博多駅から徒歩で9分,なし,博多,https://img.travel.rakuten.co.jp/share/HOTEL/200001/200001.jpg,https://img.travel.rakuten.co.jp/HIMG/90/200001.jpg,,,https://img.travel.rakuten.co.jp/share/HOTEL/200001/200001map.gif,,,,1472130_10,スタンダードルーム,6451035.0,【NEW OPEN】リトリートタワー博多401|77m2|100インチプロジェクター|スイートルーム,1,0,0,0,0,2,https://img.travel.rakuten.co.jp/image/tr/api/re/IdsCY/?f_no=200001&f_syu=1472130_10&f_hi1=2026-04-21&f_hi2=2026-04-22&f_heya_su=1&f_otona_su=1&f_s1=0&f_s2=0&f_y1=0&f_y2=0&f_y3=0&f_y4=0&f_camp_id=6451035,0,2026-04-21,80934,80934,0,2026-04-21,merged-20260419
10801,ホテルアベニュー筑後,https://img.travel.rakuten.co.jp/image/tr/api/re/pvonD/?f_no=10801,https://img.travel.rakuten.co.jp/image/tr/api/re/vFumt/?f_no=10801&f_flg=PLAN,https://img.travel.rakuten.co.jp/image/tr/api/re/WzozX/?noTomariHotel=10801,https://img.travel.rakuten.co.jp/image/tr/api/re/gJNfM/?f_hotel_no=10801,あべにゅー　ちくご,【2025年12月全館リニューアルオープン】羽犬塚駅より徒歩2分、ゆったりとした雰囲気と温かいサービスのホテル。,3600,119541.92,469805.22,833-0031,福岡県,筑後市山ノ井松原213-1,0942-54-2111,0942-54-2121,JR鹿児島本線羽犬塚駅より徒歩1分／博多駅より快速50分／九州新幹線筑後船小屋駅より車で4分／八女ICより車で4分！,駐車場無料(45台・先着順・事前予約不可),羽犬塚,https://img.travel.rakuten.co.jp/share/HOTEL/10801/10801.jpg,https://img.travel.rakuten.co.jp/HIMG/90/10801.jpg,https://img.travel.rakuten.co.jp/share/HOTEL/10801/10801_sig.jpg,https://img.travel.rakuten.co.jp/HIMG/INTERIOR/10801.jpg,https://img.travel.rakuten.co.jp/share/HOTEL/10801/10801map.gif,921.0,3.79,"クチコミの詳細はこちらから　https://review.travel.rak…　2026-04-16 19:15:44投稿 <a href=""https://img.travel.rakuten.co.jp/image/tr/api/re/gJNfM/?f_hotel_no=10801"" class=""3click"">つづきはこちら</a>",srns1,【禁煙】スタンダードダブル（1名利用）＜無料Wi−Fi＞,6367093.0,【スタンダードプラン】ビジネス・一人旅に最適◆一泊素泊プラン《駐車場・VOD・Wi-Fi無料》,1,0,0,0,0,1,https://img.travel.rakuten.co.jp/image/tr/api/re/IdsCY/?f_no=10801&f_syu=srns1&f_hi1=2026-04-21&f_hi2=2026-04-22&f_heya_su=1&f_otona_su=1&f_s1=0&f_s2=0&f_y1=0&f_y2=0&f_y3=0&f_y4=0&f_camp_id=6367093,0,2026-04-21,6400,6400,0,2026-04-21,merged-20260419
197684,ホテルルートイン大牟田,https://img.travel.rakuten.co.jp/image/tr/api/re/pvonD/?f_no=197684,https://img.travel.rakuten.co.jp/image/tr/api/re/vFumt/?f_no=197684&f_flg=PLAN,https://img.travel.rakuten.co.jp/image/tr/api/re/WzozX/?noTomariHotel=197684,https://img.travel.rakuten.co.jp/image/tr/api/re/gJNfM/?f_hotel_no=197684,ほてるるーといんおおむた,2025年12月26日OPEN！有明沿岸道大牟田ICから車で約2分！ホテルルートイン大牟田！,6225,118906.91,469541.59,836-0037,福岡県,大牟田市岬町6-67,050-5482-7150,0944-54-1002,西鉄大牟田駅から車で約5分、有明沿岸道　大牟田ICから車で約2分,あり　227台　無料　先着順,大牟田,https://img.travel.rakuten.co.jp/share/HOTEL/197684/197684.jpg,https://img.travel.rakuten.co.jp/HIMG/90/197684.jpg,,,https://img.travel.rakuten.co.jp/share/HOTEL/197684/197684map.gif,68.0,4.6,"クチコミの詳細はこちらから　https://review.travel.rakuten.co.jp/hotel/voice/1…　2026-04-16 20:39:30投稿 <a href=""https://img.travel.rakuten.co.jp/image/tr/api/re/gJNfM/?f_hotel_no=197684"" class=""3click"">つづきはこちら</a>",ns,□禁煙□シングルルーム,6324537.0,スタンダードプラン【バイキング朝食付き】,1,0,0,1,0,1,https://img.travel.rakuten.co.jp/image/tr/api/re/IdsCY/?f_no=197684&f_syu=ns&f_hi1=2026-04-21&f_hi2=2026-04-22&f_heya_su=1&f_otona_su=1&f_s1=0&f_s2=0&f_y1=0&f_y2=0&f_y3=0&f_y4=0&f_camp_id=6324537,0,2026-04-21,9350,9350,0,2026-04-21,merged-20260419
19687,ホテルニューガイア　オームタガーデン,https://img.travel.rakuten.co.jp/image/tr/api/re/pvonD/?f_no=19687,https://img.travel.rakuten.co.jp/image/tr/api/re/vFumt/?f_no=19687&f_flg=PLAN,https://img.travel.rakuten.co.jp/image/tr/api/re/WzozX/?noTomariHotel=19687,https://img.travel.rakuten.co.jp/image/tr/api/re/gJNfM/?f_hotel_no=19687,おーむた　がーでん,宿泊者専用ラウンジのフリーフローサービスが充実！2025年2月1日よりスカイラウンジも全宿泊者対象に！,5150,118923.76,469629.25,836-0807,福岡県,大牟田市旭町三丁目3番地3,0944-51-1111,0944-51-0510,天神から西鉄電車特急で60分、西鉄新栄町駅下車徒歩3分/九州道南関ＩＣより車で25分,"有料　120台駐車可　ご宿泊者の方は1泊1,000円にてご利用いただけます。",新栄町（福岡）,https://img.travel.rakuten.co.jp/share/HOTEL/19687/19687.jpg,https://img.travel.rakuten.co.jp/HIMG/90/19687.jpg,https://img.travel.rakuten.co.jp/share/HOTEL/19687/19687_heya1.jpg,https://img.travel.rakuten.co.jp/HIMG/INTERIOR/19687.jpg,https://img.travel.rakuten.co.jp/share/HOTEL/19687/19687map.gif,1249.0,3.95,"クチコミの詳細はこちらから　https://review.travel.rakuten.co.jp/hotel/voice/19687?…　2026-03-31 00:59:13投稿 <a href=""https://img.travel.rakuten.co.jp/image/tr/api/re/gJNfM/?f_hotel_no=19687"" class=""3click"">つづきはこちら</a>",scv,スタンダードシングル(電子タバコ可),4777804.0,シンプル stay プラン,1,0,0,0,0,1,https://img.travel.rakuten.co.jp/image/tr/api/re/IdsCY/?f_no=19687&f_syu=scv&f_hi1=2026-04-21&f_hi2=2026-04-22&f_heya_su=1&f_otona_su=1&f_s1=0&f_s2=0&f_y1=0&f_y2=0&f_y3=0&f_y4=0&f_camp_id=4777804,0,2026-04-21,7800,7800,0,2026-04-21,merged-20260419
78158,スマイルホテル福岡大川,https://img.travel.rakuten.co.jp/image/tr/api/re/pvonD/?f_no=78158,https://img.travel.rakuten.co.jp/image/tr/api/re/vFumt/?f_no=78158&f_flg=PLAN,https://img.travel.rakuten.co.jp/image/tr/api/re/WzozX/?noTomariHotel=78158,https://img.travel.rakuten.co.jp/image/tr/api/re/gJNfM/?f_hotel_no=78158,すまいるほてるふくおかおおかわ,久留米・佐賀市内・佐賀空港まで車で25分★大川市中心でビジネスも観光も快適！【駐車場無料】,3600,119539.12,469370.39,831-0016,福岡県,大川市酒見105-1,0944-89-1311,0944-89-1313,西鉄柳川駅よりタクシーご利用にて１２分、九州佐賀国際空港より車で２５分、九州新幹線筑後船小屋駅より車で２５分,有り　４０台　無料　予約不要　※満車時は近藤材木店の駐車場へご駐車ください。,西鉄柳川,https://img.travel.rakuten.co.jp/share/HOTEL/78158/78158.jpg,https://img.travel.rakuten.co.jp/HIMG/90/78158.jpg,https://img.travel.rakuten.co.jp/share/HOTEL/78158/78158_sin.jpg,https://img.travel.rakuten.co.jp/HIMG/INTERIOR/78158.jpg,https://img.travel.rakuten.co.jp/share/HOTEL/78158/78158map.gif,326.0,3.69,"クチコミの詳細はこちらから　https://review.travel.rakuten.co.jp/hotel/voice/78158…　2026-02-16 22:57:45投稿 <a href=""https://img.travel.rakuten.co.jp/image/tr/api/re/gJNfM/?f_hotel_no=78158"" class=""3click"">つづきはこちら</a>",sn,【禁煙】シングルルーム/12平米★シンプル快適ステイ,4185238.0,【素泊まり/シンプルステイ】VOD全室無料視聴☆コンビニ徒歩2分＜駐車場・Wi-Fi完備＞,1,0,0,0,0,1,https://img.travel.rakuten.co.jp/image/tr/api/re/IdsCY/?f_no=78158&f_syu=sn&f_hi1=2026-04-21&f_hi2=2026-04-22&f_heya_su=1&f_otona_su=1&f_s1=0&f_s2=0&f_y1=0&f_y2=0&f_y3=0&f_y4=0&f_camp_id=4185238,0,2026-04-21,6000,6000,0,2026-04-21,merged-20260419
172388,ビジネスインこめや２号館,https://img.travel.rakuten.co.jp/image/tr/api/re/pvonD/?f_no=172388,https://img.travel.rakuten.co.jp/image/tr/api/re/vFumt/?f_no=172388&f_flg=PLAN,https://img.travel.rakuten.co.jp/image/tr/api/re/WzozX/?noTomariHotel=172388,https://img.travel.rakuten.co.jp/image/tr/api/re/gJNfM/?f_hotel_no=172388,びじねすいんこめやにごうかん,大牟田駅から徒歩２分！漫画本貸し出しも自転車貸し出しもWi-Fiも無料！安くて駅近といえばココ☆,3800,118896.34,469598.36,836-0046,福岡県,大牟田市本町4-7-13,0944-31-4269,0944-31-4306,ＪＲ／西鉄　大牟田駅西口より徒歩にて約２分,有り　５０台　無料　要予約(備考欄に車のナンバーと台数を記入して下さい),大牟田,https://img.travel.rakuten.co.jp/share/HOTEL/172388/172388.jpg,https://img.travel.rakuten.co.jp/HIMG/90/172388.jpg,,,https://img.travel.rakuten.co.jp/share/HOTEL/172388/172388map.gif,117.0,4.0,"クチコミの詳細はこちらから　https://review.travel.rakuten.co.jp/hotel/voice/…　2026-03-09 19:29:49投稿 <a href=""https://img.travel.rakuten.co.jp/image/tr/api/re/gJNfM/?f_hotel_no=172388"" class=""3click"">つづきはこちら</a>",aabb918,シングルルーム　(禁煙)　,,,1,0,0,0,0,1,https://img.travel.rakuten.co.jp/image/tr/api/re/IdsCY/?f_no=172388&f_syu=aabb918&f_hi1=2026-04-21&f_hi2=2026-04-22&f_heya_su=1&f_otona_su=1&f_s1=0&f_s2=0&f_y1=0&f_y2=0&f_y3=0&f_y4=0,1,2026-04-21,6000,6000,0,2026-04-21,merged-20260419
161064,ホテルルートイン柳川駅前,https://img.travel.rakuten.co.jp/image/tr/api/re/pvonD/?f_no=161064,https://img.travel.rakuten.co.jp/image/tr/api/re/vFumt/?f_no=161064&f_flg=PLAN,https://img.travel.rakuten.co.jp/image/tr/api/re/WzozX/?noTomariHotel=161064,https://img.travel.rakuten.co.jp/image/tr/api/re/gJNfM/?f_hotel_no=161064,るーといんやながわえきまえ,ＷＯＷＯＷ全室で無料視聴可■VODルームシアター無料視聴可能(一般映画のみ・コンフォートルーム特典）■Wi-Fi利用可,6150,119383.85,469521.33,832-0822,福岡県,柳川市三橋町下百町210-10,050-5824-4101,0944-75-1552,西鉄天神大牟田線 西鉄柳川駅東口より徒歩にて約１分／九州自動車道みやま柳川ＩＣより車で約18分,有り　７９台　無料　（先着順）,西鉄柳川,https://img.travel.rakuten.co.jp/share/HOTEL/161064/161064.jpg,https://img.travel.rakuten.co.jp/HIMG/90/161064.jpg,,,https://img.travel.rakuten.co.jp/share/HOTEL/161064/161064map.gif,574.0,4.28,"館内はとても掃除が行き届…　2026-03-14 02:56:02投稿 <a href=""https://img.travel.rakuten.co.jp/image/tr/api/re/gJNfM/?f_hotel_no=161064"" class=""3click"">つづきはこちら</a>",s,■喫煙■シングルルーム,5036090.0,〜 お土産付プラン 〜【柳川名物 ゆずすこ or のりクロ付】〜柳川のお土産に如何でしょうか〜,1,0,0,1,0,1,https://img.travel.rakuten.co.jp/image/tr/api/re/IdsCY/?f_no=161064&f_syu=s&f_hi1=2026-04-21&f_hi2=2026-04-22&f_heya_su=1&f_otona_su=1&f_s1=0&f_s2=0&f_y1=0&f_y2=0&f_y3=0&f_y4=0&f_camp_id=5036090,0,2026-04-21,9550,9550,0,2026-04-21,merged-20260419
3149,八女グリーンホテル,https://img.travel.rakuten.co.jp/image/tr/api/re/pvonD/?f_no=3149,https://img.travel.rakuten.co.jp/image/tr/api/re/vFumt/?f_no=3149&f_flg=PLAN,https://img.travel.rakuten.co.jp/image/tr/api/re/WzozX/?noTomariHotel=3149,https://img.travel.rakuten.co.jp/image/tr/api/re/gJNfM/?f_hotel_no=3149,やめ　ぐりーんほてる,駐車場無料（3ｔ～有料）●展望浴場無料（予約制度あり）●朝食無料●Ｗｉ－Fi完備,5500,119544.91,470023.46,834-0031,福岡県,八女市本町47-1,0943-22-2156,0943-24-5896,ＪＲ羽犬塚駅よりバスで１５分（福島バス停より徒歩７分）■八女インターよりお車で １０分■広川インターよりお車で １５分,無料(3ｔ以上は有料1000円) 大型バスは要予約（お断りする場合も有）,羽犬塚,https://img.travel.rakuten.co.jp/share/HOTEL/3149/3149.jpg,https://img.travel.rakuten.co.jp/HIMG/90/3149.jpg,https://img.travel.rakuten.co.jp/share/HOTEL/3149/3149_heya.jpg,https://img.travel.rakuten.co.jp/HIMG/INTERIOR/3149.jpg,https://img.travel.rakuten.co.jp/share/HOTEL/3149/3149map.gif,543.0,3.74,"朝…　2026-03-30 15:37:15投稿 <a href=""https://img.travel.rakuten.co.jp/image/tr/api/re/gJNfM/?f_hotel_no=3149"" class=""3click"">つづきはこちら</a>",sn,【禁煙】本館｜セミダブル,6064320.0,【スタンダード】朝食＆駐車場無料・エリア唯一の展望風呂！シンプルステイプラン＜朝食無料＞,1,0,0,1,0,1,https://img.travel.rakuten.co.jp/image/tr/api/re/IdsCY/?f_no=3149&f_syu=sn&f_hi1=2026-04-21&f_hi2=2026-04-22&f_heya_su=1&f_otona_su=1&f_s1=0&f_s2=0&f_y1=0&f_y2=0&f_y3=0&f_y4=0&f_camp_id=6064320,0,2026-04-21,7500,7500,0,2026-04-21,merged-20260419
13813,柳川　白柳荘,https://img.travel.rakuten.co.jp/image/tr/api/re/pvonD/?f_no=13813,https://img.travel.rakuten.co.jp/image/tr/api/re/vFumt/?f_no=13813&f_flg=PLAN,https://img.travel.rakuten.co.jp/image/tr/api/re/WzozX/?noTomariHotel=13813,https://img.travel.rakuten.co.jp/image/tr/api/re/gJNfM/?f_hotel_no=13813,やながわ　はくりゅうそう,全客室お部屋から庭園を臨む眺望。和室でゆっくり寛げるとビジネス利用のお客様からも好評を頂いております。,6600,119376.17,469493.45,832-0032,福岡県,柳川市新町16,0944-73-1188,0944-72-9403,ＪＲ筑後船小屋駅下車バスで20分又は西鉄柳川駅下車徒歩10分／九州縦貫自動車道みやま柳川ＩＣより車で15分,有り　５０台　無料,西鉄柳川,https://img.travel.rakuten.co.jp/share/HOTEL/13813/13813.jpg,https://img.travel.rakuten.co.jp/HIMG/90/13813.jpg,https://img.travel.rakuten.co.jp/share/HOTEL/13813/13813_wa.jpg,https://img.travel.rakuten.co.jp/HIMG/INTERIOR/13813.jpg,https://img.travel.rakuten.co.jp/share/HOTEL/13813/13813map.gif,397.0,4.44,"クチコミの詳細はこちらから　https://…　2026-04-01 06:46:00投稿 <a href=""https://img.travel.rakuten.co.jp/image/tr/api/re/gJNfM/?f_hotel_no=13813"" class=""3click"">つづきはこちら</a>",jr,和室10畳・禁煙【ご夕食付プランはお食事処で】,1624038.0,素泊りビジネスプラン 駐車場無料　,1,0,0,0,0,1,https://img.travel.rakuten.co.jp/image/tr/api/re/IdsCY/?f_no=13813&f_syu=jr&f_hi1=2026-04-21&f_hi2=2026-04-22&f_heya_su=1&f_otona_su=1&f_s1=0&f_s2=0&f_y1=0&f_y2=0&f_y3=0&f_y4=0&f_camp_id=1624038,0,2026-04-21,9350,9350,0,2026-04-21,merged-20260419
145446,ＨＯＴＥＬ　ＡＺ　福岡八女店,https://img.travel.rakuten.co.jp/image/tr/api/re/pvonD/?f_no=145446,https://img.travel.rakuten.co.jp/image/tr/api/re/vFumt/?f_no=145446&f_flg=PLAN,https://img.travel.rakuten.co.jp/image/tr/api/re/WzozX/?noTomariHotel=145446,https://img.travel.rakuten.co.jp/image/tr/api/re/gJNfM/?f_hotel_no=145446,ほてる　えーぜっと　ふくおかやめてん,八女ICから車で約10分。ＪＲ羽犬塚駅から車で約15分。駐車場無料★朝食無料★インターネット接続無料,4620,119574.22,470020.4,834-0063,福岡県,八女市本村539,0943-24-5101,0943-24-5121,JR羽犬塚駅から車で約15分,無料平面駐車場76台あり　普通車：予約不要 、中型車・大型車：要予約（有料）,羽犬塚,https://img.travel.rakuten.co.jp/share/HOTEL/145446/145446.jpg,https://img.travel.rakuten.co.jp/HIMG/90/145446.jpg,https://img.travel.rakuten.co.jp/share/HOTEL/145446/145446_kan1.jpg,https://img.travel.rakuten.co.jp/HIMG/INTERIOR/145446.jpg,https://img.travel.rakuten.co.jp/share/HOTEL/145446/145446map.gif,189.0,3.45,"まず、フロントの愛想が悪すぎる。チェックインの手続き時にダルそうに話しかけてくるし、利用客情報を記入しているときも早く書けと言わんばかりの態度で記入が終わる…　2026-03-28 16:11:58投稿 <a href=""https://img.travel.rakuten.co.jp/image/tr/api/re/gJNfM/?f_hotel_no=145446"" class=""3click"">つづきはこちら</a>",s,【喫煙】シングル,6108622.0,スタンダードプラン（朝食サービス）,1,0,0,1,0,1,https://img.travel.rakuten.co.jp/image/tr/api/re/IdsCY/?f_no=145446&f_syu=s&f_hi1=2026-04-21&f_hi2=2026-04-22&f_heya_su=1&f_otona_su=1&f_s1=0&f_s2=0&f_y1=0&f_y2=0&f_y3=0&f_y4=0&f_camp_id=6108622,0,2026-04-21,6380,6380,0,2026-04-21,merged-20260419
153338,ホテルニューガイア　柳川,https://img.travel.rakuten.co.jp/image/tr/api/re/pvonD/?f_no=153338,https://img.travel.rakuten.co.jp/image/tr/api/re/vFumt/?f_no=153338&f_flg=PLAN,https://img.travel.rakuten.co.jp/image/tr/api/re/WzozX/?noTomariHotel=153338,https://img.travel.rakuten.co.jp/image/tr/api/re/gJNfM/?f_hotel_no=153338,にゅーがいあ　やながわ,【大好評】宿泊者専用ラウンジ！西鉄柳川駅より徒歩３分の好立地！川下りの乗船場隣接。,4850,119387.57,469511.23,832-0822,福岡県,柳川市三橋町下百町1-14,0944-75-1705,0944-75-1706,西鉄大牟田線　柳川駅より徒歩にて約３分,有り　9台　１，０００円（税込み／泊）　予約不可・先着順,西鉄柳川,https://img.travel.rakuten.co.jp/share/HOTEL/153338/153338.jpg,https://img.travel.rakuten.co.jp/HIMG/90/153338.jpg,,,https://img.travel.rakuten.co.jp/share/HOTEL/153338/153338map.gif,222.0,4.17,"ク…　2026-04-14 12:38:30投稿 <a href=""https://img.travel.rakuten.co.jp/image/tr/api/re/gJNfM/?f_hotel_no=153338"" class=""3click"">つづきはこちら</a>",rsd,【電子タバコ可】★リニューアルスタンダードダブル★11平米〜,6338311.0,【期間限定セール】【朝食付】熊本の人気店「シャルボ」のこだわりパン付きプラン,1,0,0,1,0,1,https://img.travel.rakuten.co.jp/image/tr/api/re/IdsCY/?f_no=153338&f_syu=rsd&f_hi1=2026-04-21&f_hi2=2026-04-22&f_heya_su=1&f_otona_su=1&f_s1=0&f_s2=0&f_y1=0&f_y2=0&f_y3=0&f_y4=0&f_camp_id=6338311,0,2026-04-21,7160,7160,0,2026-04-21,merged-20260419
11227,ホテル　エルモント,https://img.travel.rakuten.co.jp/image/tr/api/re/pvonD/?f_no=11227,https://img.travel.rakuten.co.jp/image/tr/api/re/vFumt/?f_no=11227&f_flg=PLAN,https://img.travel.rakuten.co.jp/image/tr/api/re/WzozX/?noTomariHotel=11227,https://img.travel.rakuten.co.jp/image/tr/api/re/gJNfM/?f_hotel_no=11227,えるもんと,筑後市にオープン！全館“光フレッツ”高速無線Wi-Fi通信無料！全室空気清浄器付。洋朝食無料☆ゆったりセミダブルベット！,4290,119544.54,469802.25,833-0031,福岡県,筑後市山ノ井138-22,0942-53-2008,0942-53-0006,ＪＲ羽犬塚駅より徒歩１分／九州新幹線筑後船小屋駅より車で4分/九州自動車道八女Ｉ．Ｃより車で4分／福岡空港より45分,※無料駐車場 30台は到着順です（駐車予約不可）★満車の場合は近隣の有料駐車場をご案内します◆,羽犬塚,https://img.travel.rakuten.co.jp/share/HOTEL/11227/11227.jpg,https://img.travel.rakuten.co.jp/HIMG/90/11227.jpg,https://img.travel.rakuten.co.jp/share/HOTEL/11227/11227_yor.jpg,https://img.travel.rakuten.co.jp/HIMG/INTERIOR/11227.jpg,https://img.travel.rakuten.co.jp/share/HOTEL/11227/11227map.gif,659.0,3.84,"クチコミの詳細はこちらから　https://review.travel.rakuten.co.jp/…　2026-03-10 11:10:48投稿 <a href=""https://img.travel.rakuten.co.jp/image/tr/api/re/gJNfM/?f_hotel_no=11227"" class=""3click"">つづきはこちら</a>",sp,お1人様お寛ぎプラン♪セミダブルベット★（喫煙可）,2161860.0,いよいよスタート！【新幹線全線開通】ハッピープラン♪☆セミダブルベット★,1,0,0,1,0,0,https://img.travel.rakuten.co.jp/image/tr/api/re/IdsCY/?f_no=11227&f_syu=sp&f_hi1=2026-04-21&f_hi2=2026-04-22&f_heya_su=1&f_otona_su=1&f_s1=0&f_s2=0&f_y1=0&f_y2=0&f_y3=0&f_y4=0&f_camp_id=2161860,0,2026-04-21,6160,6160,1,2026-04-21,merged-20260419
56158,ニューロイヤルホテル,https://img.travel.rakuten.co.jp/image/tr/api/re/pvonD/?f_no=56158,https://img.travel.rakuten.co.jp/image/tr/api/re/vFumt/?f_no=56158&f_flg=PLAN,https://img.travel.rakuten.co.jp/image/tr/api/re/WzozX/?noTomariHotel=56158,https://img.travel.rakuten.co.jp/image/tr/api/re/gJNfM/?f_hotel_no=56158,にゅーろいやるほてる,西鉄・ＪＲ駅から徒歩１０分。繁華街、飲食店へ歩いて１０分以内で移動できます。,6950,118907.23,469611.0,836-0044,福岡県,大牟田市古町2-9,0944-53-2800,0944-53-2855,ＪＲ・西鉄　大牟田駅から徒歩１０分,"21台。普通車500円/泊。大型車1,500円/泊。駐車場予約車1,100円/泊。 防犯カメラ設置",大牟田,https://img.travel.rakuten.co.jp/share/HOTEL/56158/56158.jpg,https://img.travel.rakuten.co.jp/HIMG/90/56158.jpg,https://img.travel.rakuten.co.jp/share/HOTEL/56158/56158_ky.jpg,https://img.travel.rakuten.co.jp/HIMG/INTERIOR/56158.jpg,https://img.travel.rakuten.co.jp/share/HOTEL/56158/56158map.gif,365.0,3.44,"クチコミの詳細はこちらから…　2026-02-23 07:20:50投稿 <a href=""https://img.travel.rakuten.co.jp/image/tr/api/re/gJNfM/?f_hotel_no=56158"" class=""3click"">つづきはこちら</a>",ddd,◇◆ダブル◆◇禁煙,6445519.0,【決算最安値セール】ダブル素泊まりプラン1名 8100円→7600円2名 15100円→14100円,1,0,0,0,0,1,https://img.travel.rakuten.co.jp/image/tr/api/re/IdsCY/?f_no=56158&f_syu=ddd&f_hi1=2026-04-21&f_hi2=2026-04-22&f_heya_su=1&f_otona_su=1&f_s1=0&f_s2=0&f_y1=0&f_y2=0&f_y3=0&f_y4=0&f_camp_id=6445519,0,2026-04-21,7600,7600,0,2026-04-21,merged-20260419
147664,ビジネスインこめや,https://img.travel.rakuten.co.jp/image/tr/api/re/pvonD/?f_no=147664,https://img.travel.rakuten.co.jp/image/tr/api/re/vFumt/?f_no=147664&f_flg=PLAN,https://img.travel.rakuten.co.jp/image/tr/api/re/WzozX/?noTomariHotel=147664,https://img.travel.rakuten.co.jp/image/tr/api/re/gJNfM/?f_hotel_no=147664,びじねすいんこめや,大牟田駅から徒歩1分のビジネスホテルです。繁華街まで徒歩１０分圏内でいけます。直接料金お問い合わせさい。,3800,118898.73,469597.68,836-0047,福岡県,大牟田市大正町4-2-2,0944-31-3328,0944-31-4306,大牟田駅西口より徒歩にて約１分,有り　無料　予約画面にて、車のナンバー（最後の４ケタと地方）を備考欄に記入してください。,大牟田,https://img.travel.rakuten.co.jp/share/HOTEL/147664/147664.jpg,https://img.travel.rakuten.co.jp/HIMG/90/147664.jpg,,,https://img.travel.rakuten.co.jp/share/HOTEL/147664/147664map.gif,129.0,3.72,"クチ…　2026-04-04 17:26:56投稿 <a href=""https://img.travel.rakuten.co.jp/image/tr/api/re/gJNfM/?f_hotel_no=147664"" class=""3click"">つづきはこちら</a>",aabb918,シングル（禁煙）,,,1,0,0,0,0,1,https://img.travel.rakuten.co.jp/image/tr/api/re/IdsCY/?f_no=147664&f_syu=aabb918&f_hi1=2026-04-21&f_hi2=2026-04-22&f_heya_su=1&f_otona_su=1&f_s1=0&f_s2=0&f_y1=0&f_y2=0&f_y3=0&f_y4=0,1,2026-04-21,6000,6000,0,2026-04-21,merged-20260419
145448,ＨＯＴＥＬ　ＡＺ　福岡筑後店,https://img.travel.rakuten.co.jp/image/tr/api/re/pvonD/?f_no=145448,https://img.travel.rakuten.co.jp/image/tr/api/re/vFumt/?f_no=145448&f_flg=PLAN,https://img.travel.rakuten.co.jp/image/tr/api/re/WzozX/?noTomariHotel=145448,https://img.travel.rakuten.co.jp/image/tr/api/re/gJNfM/?f_hotel_no=145448,ほてる　えーぜっと　ふくおかちくごてん,八女ICより車で約10分・広川ICより車で約10分。国道209号線沿い。無料駐車場★ 朝食無料★インターネット接続無料,4620,119634.51,469834.96,833-0055,福岡県,筑後市熊野58-1,0942-52-9901,0942-52-9902,JR羽犬塚駅より車で12分　ホテル近辺まで西鉄バス有　※50系統　西鉄久留米駅方面　バス亭「赤坂」下車　,無料平面駐車場90台あり　普通車：予約不要 、中型車・大型車：要予約（有料）,西牟田,https://img.travel.rakuten.co.jp/share/HOTEL/145448/145448.jpg,https://img.travel.rakuten.co.jp/HIMG/90/145448.jpg,https://img.travel.rakuten.co.jp/share/HOTEL/145448/145448_kan1.jpg,https://img.travel.rakuten.co.jp/HIMG/INTERIOR/145448.jpg,https://img.travel.rakuten.co.jp/share/HOTEL/145448/145448map.gif,189.0,3.86,"クチコミの詳細はこちらから　https://review.travel.rakuten.co.jp/hotel/voice/145…　2026-04-14 17:54:00投稿 <a href=""https://img.travel.rakuten.co.jp/image/tr/api/re/gJNfM/?f_hotel_no=145448"" class=""3click"">つづきはこちら</a>",sn,【禁煙】シングル,6108301.0,スタンダードプラン（朝食サービス）,1,0,0,1,0,1,https://img.travel.rakuten.co.jp/image/tr/api/re/IdsCY/?f_no=145448&f_syu=sn&f_hi1=2026-04-21&f_hi2=2026-04-22&f_heya_su=1&f_otona_su=1&f_s1=0&f_s2=0&f_y1=0&f_y2=0&f_y3=0&f_y4=0&f_camp_id=6108301,0,2026-04-21,6380,6380,0,2026-04-21,merged-20260419
145477,大川リバーサイドホテル,https://img.travel.rakuten.co.jp/image/tr/api/re/pvonD/?f_no=145477,https://img.travel.rakuten.co.jp/image/tr/api/re/vFumt/?f_no=145477&f_flg=PLAN,https://img.travel.rakuten.co.jp/image/tr/api/re/WzozX/?noTomariHotel=145477,https://img.travel.rakuten.co.jp/image/tr/api/re/gJNfM/?f_hotel_no=145477,おおかわりばーさいどほてる,佐賀市内へ車で約２０分。柳川市内へ車で約１５分。福岡市内へ車で約１時間半。 ビジネスや観光に是非ご利用下さい。,4400,119532.84,469367.41,831-0004,福岡県,大川市榎津218-1,0944-86-2200,0944-86-2201,西鉄柳川駅から車で１５分、九州佐賀国際空港から車で２５分、ＪＲ佐賀駅から車で２５分,有り　２２台　無料(先着順）,西鉄柳川,https://img.travel.rakuten.co.jp/share/HOTEL/145477/145477.jpg,https://img.travel.rakuten.co.jp/HIMG/90/145477.jpg,https://img.travel.rakuten.co.jp/share/HOTEL/145477/145477_kan1.jpg,https://img.travel.rakuten.co.jp/HIMG/INTERIOR/145477.jpg,https://img.travel.rakuten.co.jp/share/HOTEL/145477/145477map.gif,143.0,3.97,"クチコミの詳細はこちらから　https://review.travel.rakuten.co.jp/hotel/voice/…　2026-04-06 15:51:56投稿 <a href=""https://img.travel.rakuten.co.jp/image/tr/api/re/gJNfM/?f_hotel_no=145477"" class=""3click"">つづきはこちら</a>",nds,【禁煙】デラックスシングル (佐賀・柳川でのビジネスに♪),6435100.0,【開業12周年記念】空室があればお得に！室数限定ラッキーセール★朝食和洋バイキング無料,1,0,0,1,0,1,https://img.travel.rakuten.co.jp/image/tr/api/re/IdsCY/?f_no=145477&f_syu=nds&f_hi1=2026-04-21&f_hi2=2026-04-22&f_heya_su=1&f_otona_su=1&f_s1=0&f_s2=0&f_y1=0&f_y2=0&f_y3=0&f_y4=0&f_camp_id=6435100,0,2026-04-21,6000,6000,0,2026-04-21,merged-20260419
149349,ＨＯＴＥＬ　ＡＺ　福岡大川店,https://img.travel.rakuten.co.jp/image/tr/api/re/pvonD/?f_no=149349,https://img.travel.rakuten.co.jp/image/tr/api/re/vFumt/?f_no=149349&f_flg=PLAN,https://img.travel.rakuten.co.jp/image/tr/api/re/WzozX/?noTomariHotel=149349,https://img.travel.rakuten.co.jp/image/tr/api/re/gJNfM/?f_hotel_no=149349,ほてる　えーぜっと　ふくおかおおかわてん,朝食無料・駐車場無料・インターネット接続無料,4620,119461.32,469406.87,831-0026,福岡県,大川市三丸1375-6,0944-89-3311,0944-89-3302,西鉄柳川駅より車で約９分。八女ＩＣより車で約３０分。　九州佐賀国際空港より車で約30分,無料駐車場91台あり　普通車：予約不要 、中型車・大型車：要予約,西鉄柳川,https://img.travel.rakuten.co.jp/share/HOTEL/149349/149349.jpg,https://img.travel.rakuten.co.jp/HIMG/90/149349.jpg,https://img.travel.rakuten.co.jp/share/HOTEL/149349/149349_kan1.jpg,https://img.travel.rakuten.co.jp/HIMG/INTERIOR/149349.jpg,https://img.travel.rakuten.co.jp/share/HOTEL/149349/149349map.gif,104.0,4.05,長期出張の味方。とても落ち着いて過ごせます。夜はお酒も飲めます。　2025-10-25 13:45:51投稿,s,【喫煙】シングル,6106681.0,スタンダードプラン（朝食サービス）,1,0,0,1,0,1,https://img.travel.rakuten.co.jp/image/tr/api/re/IdsCY/?f_no=149349&f_syu=s&f_hi1=2026-04-21&f_hi2=2026-04-22&f_heya_su=1&f_otona_su=1&f_s1=0&f_s2=0&f_y1=0&f_y2=0&f_y3=0&f_y4=0&f_camp_id=6106681,0,2026-04-21,6380,6380,0,2026-04-21,merged-20260419
197735,トレイルイン福岡大牟田（Ｔｒａｉｌ　ｉｎｎ　福岡大牟田）,https://img.travel.rakuten.co.jp/image/tr/api/re/pvonD/?f_no=197735,https://img.travel.rakuten.co.jp/image/tr/api/re/vFumt/?f_no=197735&f_flg=PLAN,,https://img.travel.rakuten.co.jp/image/tr/api/re/gJNfM/?f_hotel_no=197735,とれいるいんふくおかおおむた,各室完全独立のトレーラーホテル！！洗濯機、電子レンジ完備！,3800,118912.64,469603.7,836-0047,福岡県,大牟田市大正町2-7-5,0944-85-8887,--,大牟田駅より車で3分　徒歩で10分,あり　7台　無料　先着順,大牟田,https://img.travel.rakuten.co.jp/share/HOTEL/197735/197735.jpg,https://img.travel.rakuten.co.jp/HIMG/90/197735.jpg,,,https://img.travel.rakuten.co.jp/share/HOTEL/197735/197735map.gif,19.0,4.21,"フロントが無人で、タブレットでチェックイ…　2026-04-04 01:17:20投稿 <a href=""https://img.travel.rakuten.co.jp/image/tr/api/re/gJNfM/?f_hotel_no=197735"" class=""3click"">つづきはこちら</a>",delux,デラックスダブルルーム＜禁煙＞,6357662.0,感謝！！オープン特別価格　デラックスダブルルーム＜禁煙＞,1,0,0,0,0,2,https://img.travel.rakuten.co.jp/image/tr/api/re/IdsCY/?f_no=197735&f_syu=delux&f_hi1=2026-04-21&f_hi2=2026-04-22&f_heya_su=1&f_otona_su=1&f_s1=0&f_s2=0&f_y1=0&f_y2=0&f_y3=0&f_y4=0&f_camp_id=6357662,0,2026-04-21,6500,6500,0,2026-04-21,merged-20260419
197724,ＭＯＮＯＭＩＮＡ　ＨＯＴＥＬ　ｓｔｎ．１,https://img.travel.rakuten.co.jp/image/tr/api/re/pvonD/?f_no=197724,https://img.travel.rakuten.co.jp/image/tr/api/re/vFumt/?f_no=197724&f_flg=PLAN,https://img.travel.rakuten.co.jp/image/tr/api/re/WzozX/?noTomariHotel=197724,https://img.travel.rakuten.co.jp/image/tr/api/re/gJNfM/?f_hotel_no=197724,ものみなほてるすてーしょんわん,大牟田の炭鉱という個性を踏襲した空間で、 その魅力に触れる機会をご提供いたします。,4674,118914.67,469608.5,836-0047,福岡県,大牟田市大正町1-3-9,0944-53-3800,0944-53-3807,西鉄天神大牟田線 新栄町駅より徒歩約8分,あり　26台　800円　先着順,新栄町（福岡）,https://img.travel.rakuten.co.jp/share/HOTEL/197724/197724.jpg,https://img.travel.rakuten.co.jp/HIMG/90/197724.jpg,,,https://img.travel.rakuten.co.jp/share/HOTEL/197724/197724map.gif,18.0,4.39,"クチコミの詳細はこちらから　https://review…　2026-04-15 23:29:22投稿 <a href=""https://img.travel.rakuten.co.jp/image/tr/api/re/gJNfM/?f_hotel_no=197724"" class=""3click"">つづきはこちら</a>",dbl,ダブルルーム（16平米）ベッド幅140センチ,6434455.0,＜駐車場利用無し＞【直前割】「大牟田駅から徒歩10分」デザイナーズホテル(素泊まり／食事なし),1,0,0,0,0,1,https://img.travel.rakuten.co.jp/image/tr/api/re/IdsCY/?f_no=197724&f_syu=dbl&f_hi1=2026-04-21&f_hi2=2026-04-22&f_heya_su=1&f_otona_su=1&f_s1=0&f_s2=0&f_y1=0&f_y2=0&f_y3=0&f_y4=0&f_camp_id=6434455,0,2026-04-21,8204,8204,0,2026-04-21,merged-20260419
54919,旅館　清風荘＜福岡県＞,https://img.travel.rakuten.co.jp/image/tr/api/re/pvonD/?f_no=54919,https://img.travel.rakuten.co.jp/image/tr/api/re/vFumt/?f_no=54919&f_flg=PLAN,https://img.travel.rakuten.co.jp/image/tr/api/re/WzozX/?noTomariHotel=54919,https://img.travel.rakuten.co.jp/image/tr/api/re/gJNfM/?f_hotel_no=54919,せいふうそう,大牟田駅西口徒歩３分の好立地。スタッフはほぼ全員女性で、家庭の温かみと実家のような安心感が満足度のポイント,5800,118902.11,469596.08,836-0047,福岡県,大牟田市大正町4-7-5,0944-52-2710,0944-56-3617,ＪＲ・西鉄　大牟田駅西口より徒歩３分,有り　7台　無料　要予約,大牟田,https://img.travel.rakuten.co.jp/share/HOTEL/54919/54919.jpg,https://img.travel.rakuten.co.jp/HIMG/90/54919.jpg,https://img.travel.rakuten.co.jp/share/HOTEL/54919/54919_wa.jpg,https://img.travel.rakuten.co.jp/HIMG/INTERIOR/54919.jpg,https://img.travel.rakuten.co.jp/share/HOTEL/54919/54919map.gif,204.0,3.35,"携帯の充電器をお部屋まで届けてくださったり、子どもたちに優しく話しかけ…　2026-03-23 20:26:22投稿 <a href=""https://img.travel.rakuten.co.jp/image/tr/api/re/gJNfM/?f_hotel_no=54919"" class=""3click"">つづきはこちら</a>",yado06,スタンダード【和室6畳】喫煙,5252962.0,★タイムセール‐素泊まり★最大30％OFF！純和風空間で静かな休息を【大牟田駅徒歩5分＆大浴場】,1,0,0,0,0,1,https://img.travel.rakuten.co.jp/image/tr/api/re/IdsCY/?f_no=54919&f_syu=yado06&f_hi1=2026-04-21&f_hi2=2026-04-22&f_heya_su=1&f_otona_su=1&f_s1=0&f_s2=0&f_y1=0&f_y2=0&f_y3=0&f_y4=0&f_camp_id=5252962,0,2026-04-21,6600,6600,0,2026-04-21,merged-20260419
167965,ホテルＣ＆Ｓ新大牟田,https://img.travel.rakuten.co.jp/image/tr/api/re/pvonD/?f_no=167965,https://img.travel.rakuten.co.jp/image/tr/api/re/vFumt/?f_no=167965&f_flg=PLAN,https://img.travel.rakuten.co.jp/image/tr/api/re/WzozX/?noTomariHotel=167965,https://img.travel.rakuten.co.jp/image/tr/api/re/gJNfM/?f_hotel_no=167965,しーあんどえすしんおおむた,"◆2018年7月NEW OPEN◆大牟田に,新しい滞在のスタイルをご提案いたします。",6200,119039.14,469758.15,837-0910,福岡県,大牟田市岩本新町1-7-6,0944-31-3320,0944-31-3996,新幹線 新大牟田駅から徒歩5分,有り　２０台　無料　,,https://img.travel.rakuten.co.jp/share/HOTEL/167965/167965.jpg,https://img.travel.rakuten.co.jp/HIMG/90/167965.jpg,https://img.travel.rakuten.co.jp/share/HOTEL/167965/167965_kan1.jpg,https://img.travel.rakuten.co.jp/HIMG/INTERIOR/167965.jpg,https://img.travel.rakuten.co.jp/share/HOTEL/167965/167965map.gif,78.0,4.0,"クチコミの詳細はこちらから　https://review.travel.rakuten.co.jp/hotel…　2025-12-01 15:15:31投稿 <a href=""https://img.travel.rakuten.co.jp/image/tr/api/re/gJNfM/?f_hotel_no=167965"" class=""3click"">つづきはこちら</a>",s,リーズナブル料金 シングルルーム,4281410.0,◆スタンダードプラン◆,1,0,0,0,0,1,https://img.travel.rakuten.co.jp/image/tr/api/re/IdsCY/?f_no=167965&f_syu=s&f_hi1=2026-04-21&f_hi2=2026-04-22&f_heya_su=1&f_otona_su=1&f_s1=0&f_s2=0&f_y1=0&f_y2=0&f_y3=0&f_y4=0&f_camp_id=4281410,0,2026-04-21,6200,6200,1,2026-04-21,merged-20260419
104773,旅館白秀,https://img.travel.rakuten.co.jp/image/tr/api/re/pvonD/?f_no=104773,https://img.travel.rakuten.co.jp/image/tr/api/re/vFumt/?f_no=104773&f_flg=PLAN,https://img.travel.rakuten.co.jp/image/tr/api/re/WzozX/?noTomariHotel=104773,https://img.travel.rakuten.co.jp/image/tr/api/re/gJNfM/?f_hotel_no=104773,りょかんはくしゅう,駅 市街地近し！！★スーパー・コインランドリー徒歩１分★コンビニ至近★短期・長期滞在に最適★駐車場完備,5300,118877.61,469608.48,836-0861,福岡県,大牟田市宝坂町1-2-5,0944-54-2807,0944-56-7012,西鉄、ＪＲ　大牟田駅より徒歩にて５分／南関インターより２０分,有り１４台 無料 大型車は要連絡,大牟田,https://img.travel.rakuten.co.jp/share/HOTEL/104773/104773.jpg,https://img.travel.rakuten.co.jp/HIMG/90/104773.jpg,https://img.travel.rakuten.co.jp/share/HOTEL/104773/104773_ru.jpg,https://img.travel.rakuten.co.jp/HIMG/INTERIOR/104773.jpg,https://img.travel.rakuten.co.jp/share/HOTEL/104773/104773map.gif,83.0,4.5,,neage3,和室6畳 素泊まり,,,1,0,0,0,0,1,https://img.travel.rakuten.co.jp/image/tr/api/re/IdsCY/?f_no=104773&f_syu=neage3&f_hi1=2026-04-21&f_hi2=2026-04-22&f_heya_su=1&f_otona_su=1&f_s1=0&f_s2=0&f_y1=0&f_y2=0&f_y3=0&f_y4=0,1,2026-04-21,5300,5300,0,2026-04-21,merged-20260419
56969,ビジネスｉｎn　清風荘,https://img.travel.rakuten.co.jp/image/tr/api/re/pvonD/?f_no=56969,https://img.travel.rakuten.co.jp/image/tr/api/re/vFumt/?f_no=56969&f_flg=PLAN,https://img.travel.rakuten.co.jp/image/tr/api/re/WzozX/?noTomariHotel=56969,https://img.travel.rakuten.co.jp/image/tr/api/re/gJNfM/?f_hotel_no=56969,びじねすいん　せいふうそう,"家庭的な雰囲気のビジネスホテル。長期滞在,スポーツの合宿等にも便利 で、お部屋もホテルタイプと旅館タイプがございます。",2950,119520.31,469366.43,831-0004,福岡県,大川市榎津295-4,0944-86-5513,0944-86-5496,西鉄　柳川駅より車で１５分／ＪＲ　佐賀駅より車で２5分/ホークスベースボールパーク、筑後広域公園運動場から車で２０分,有り　１５台　無料　予約不要,西鉄柳川,https://img.travel.rakuten.co.jp/share/HOTEL/56969/56969.jpg,https://img.travel.rakuten.co.jp/HIMG/90/56969.jpg,,,https://img.travel.rakuten.co.jp/share/HOTEL/56969/56969map.gif,83.0,3.89,,2, エコノミータイプ（バス、トイレ付）和室、和洋室、ベッド,5950233.0,エコノミータイプ（バス、トイレ付）和室、又は和洋室===朝食付===,1,0,0,1,0,1,https://img.travel.rakuten.co.jp/image/tr/api/re/IdsCY/?f_no=56969&f_syu=2&f_hi1=2026-04-21&f_hi2=2026-04-22&f_heya_su=1&f_otona_su=1&f_s1=0&f_s2=0&f_y1=0&f_y2=0&f_y3=0&f_y4=0&f_camp_id=5950233,0,2026-04-21,5050,5050,0,2026-04-21,merged-20260419
62186,太田旅館,https://img.travel.rakuten.co.jp/image/tr/api/re/pvonD/?f_no=62186,https://img.travel.rakuten.co.jp/image/tr/api/re/vFumt/?f_no=62186&f_flg=PLAN,,https://img.travel.rakuten.co.jp/image/tr/api/re/gJNfM/?f_hotel_no=62186,おおたりょかん,福岡・大分・熊本の県境にある黒木町の旅館です。各県へのビジネス観光の拠点としてご利用ください。,4300,119554.24,470406.72,834-1216,福岡県,八女市黒木町桑原107-1,0943-42-0277,0943-42-0277,ＪＲ　羽犬塚駅よりバスで４５分／八女ＩＣより車で約３０分,有り　5台　無料　予約不要,羽犬塚,https://img.travel.rakuten.co.jp/share/HOTEL/62186/62186.jpg,https://img.travel.rakuten.co.jp/HIMG/90/62186.jpg,https://img.travel.rakuten.co.jp/share/HOTEL/62186/62186_kya.jpg,https://img.travel.rakuten.co.jp/HIMG/INTERIOR/62186.jpg,https://img.travel.rakuten.co.jp/share/HOTEL/62186/62186map.gif,20.0,4.17,,w6m,和室６畳,5669238.0,【直前割】急な出張や一人旅も歓迎！見つけた方はラッキー！10％以上もオトクに！！！【素泊り】,1,0,0,0,0,0,https://img.travel.rakuten.co.jp/image/tr/api/re/IdsCY/?f_no=62186&f_syu=w6m&f_hi1=2026-04-21&f_hi2=2026-04-22&f_heya_su=1&f_otona_su=1&f_s1=0&f_s2=0&f_y1=0&f_y2=0&f_y3=0&f_y4=0&f_camp_id=5669238,0,2026-04-21,4300,4300,0,2026-04-21,merged-20260419
73993,柳川温泉ホテル　輝泉荘,https://img.travel.rakuten.co.jp/image/tr/api/re/pvonD/?f_no=73993,https://img.travel.rakuten.co.jp/image/tr/api/re/vFumt/?f_no=73993&f_flg=PLAN,https://img.travel.rakuten.co.jp/image/tr/api/re/WzozX/?noTomariHotel=73993,https://img.travel.rakuten.co.jp/image/tr/api/re/gJNfM/?f_hotel_no=73993,やながわおんせんほてる　きせんそう,柳川で数少ない天然温泉が楽しめる宿。溢れ出す源泉は湯量も豊富。有明海で捕れた新鮮な海の幸を使った柳川料理はどれも絶品です,6600,119422.58,469460.74,832-0806,福岡県,柳川市三橋町柳河874,0944-73-3182,0944-73-2406,西鉄　柳川駅より車で５分/九州自動車道みやま柳川I..Cより車で15分、八女I..Cより20分,有り　100台　無料　予約不要,西鉄柳川,https://img.travel.rakuten.co.jp/share/HOTEL/73993/73993.jpg,https://img.travel.rakuten.co.jp/HIMG/90/73993.jpg,https://img.travel.rakuten.co.jp/share/HOTEL/73993/73993_wa.jpg,https://img.travel.rakuten.co.jp/HIMG/INTERIOR/73993.jpg,https://img.travel.rakuten.co.jp/share/HOTEL/73993/73993map.gif,244.0,4.49,"クチコミの詳細はこちらから　https://…　2026-04-02 18:51:32投稿 <a href=""https://img.travel.rakuten.co.jp/image/tr/api/re/gJNfM/?f_hotel_no=73993"" class=""3click"">つづきはこちら</a>",s,スタンダードツインタイプ［禁煙］,5925537.0,☆ビジネスの方にも最適☆ご朝食付きプラン♪,1,0,0,1,0,1,https://img.travel.rakuten.co.jp/image/tr/api/re/IdsCY/?f_no=73993&f_syu=s&f_hi1=2026-04-21&f_hi2=2026-04-22&f_heya_su=1&f_otona_su=1&f_s1=0&f_s2=0&f_y1=0&f_y2=0&f_y3=0&f_y4=0&f_camp_id=5925537,0,2026-04-21,8690,8690,0,2026-04-21,merged-20260419
196668,Ｐｒｅｃｉｏｕｓ　ＣＡＢＩＮ　キャビン型カプセルホテル,https://img.travel.rakuten.co.jp/image/tr/api/re/pvonD/?f_no=196668,https://img.travel.rakuten.co.jp/image/tr/api/re/vFumt/?f_no=196668&f_flg=PLAN,,https://img.travel.rakuten.co.jp/image/tr/api/re/gJNfM/?f_hotel_no=196668,ぷれしゃすきゃびん　きゃびんがたかぷせるほてる,九州最多の4種のサウナや温泉、リラクゼーションルーム使い放題！充実のキャビンライフが過ごせます♪コワーキングにも◎,6500,118834.91,469694.1,836-0895,福岡県,大牟田市新勝立町6-37,0944-53-8126,--,博多駅もしくは天神駅から電車で約1時間　大牟田駅下車　そこから車で約10分,あり　240台　無料　予約不要,大牟田,https://img.travel.rakuten.co.jp/share/HOTEL/196668/196668.jpg,https://img.travel.rakuten.co.jp/HIMG/90/196668.jpg,,,https://img.travel.rakuten.co.jp/share/HOTEL/196668/196668map.gif,20.0,4.05,"クチコミの詳細はこちらから　https://review.travel.rakuten.co.jp/hotel/voice/196668?review…　2026-02-21 17:20:54投稿 <a href=""https://img.travel.rakuten.co.jp/image/tr/api/re/gJNfM/?f_hotel_no=196668"" class=""3click"">つづきはこちら</a>",2,＜女性専用＞キャビン,6266205.0,【スタンダード】最高の湯内に新OPEN★個室感覚でリーズナブルなキャビンステイ＜朝食サービス付＞,1,0,0,1,0,2,https://img.travel.rakuten.co.jp/image/tr/api/re/IdsCY/?f_no=196668&f_syu=2&f_hi1=2026-04-21&f_hi2=2026-04-22&f_heya_su=1&f_otona_su=1&f_s1=0&f_s2=0&f_y1=0&f_y2=0&f_y3=0&f_y4=0&f_camp_id=6266205,0,2026-04-21,6500,6500,0,2026-04-21,merged-20260419
179180,ＮＩＰＰＯＮＩＡ　ＨＯＴＥＬ　八女福島　商家町,https://img.travel.rakuten.co.jp/image/tr/api/re/pvonD/?f_no=179180,https://img.travel.rakuten.co.jp/image/tr/api/re/vFumt/?f_no=179180&f_flg=PLAN,https://img.travel.rakuten.co.jp/image/tr/api/re/WzozX/?noTomariHotel=179180,https://img.travel.rakuten.co.jp/image/tr/api/re/gJNfM/?f_hotel_no=179180,にっぽにあ　ほてる　やめふくしま　しょうかまち,【福岡空港・博多駅より車で約60分】玉露日本一の産地・八女で、日本茶と地酒を堪能する贅沢なひととき。,27917,119540.15,470007.68,834-0031,福岡県,八女市本町(モトマチ)西京町204,0120-210-289,,【交通機関】久留米駅よりバス「西唐人町」下車（徒歩約10分）【お車】九州自動車道「八女I.C」から約4km（約10分）,駐車場有り（無料）。フロント棟にお立ち寄りいただきましたら、スタッフがご案内します。,羽犬塚,https://img.travel.rakuten.co.jp/share/HOTEL/179180/179180.jpg,https://img.travel.rakuten.co.jp/HIMG/90/179180.jpg,https://img.travel.rakuten.co.jp/share/HOTEL/179180/179180_kan1.jpg,https://img.travel.rakuten.co.jp/HIMG/INTERIOR/179180.jpg,https://img.travel.rakuten.co.jp/share/HOTEL/179180/179180map.gif,47.0,4.67,,standard4,VMGグランド（4名定員）＜檜風呂付＞,4863914.0,【期間限定プラン】元老舗茶舗など八女ならではの歴史建築に泊まる。まちに溶け込む体験を＜朝食付＞,1,0,0,1,0,1,https://img.travel.rakuten.co.jp/image/tr/api/re/IdsCY/?f_no=179180&f_syu=standard4&f_hi1=2026-04-21&f_hi2=2026-04-22&f_heya_su=1&f_otona_su=1&f_s1=0&f_s2=0&f_y1=0&f_y2=0&f_y3=0&f_y4=0&f_camp_id=4863914,0,2026-04-21,49207,49207,0,2026-04-21,merged-20260419
149008,星野温泉　池の山荘,https://img.travel.rakuten.co.jp/image/tr/api/re/pvonD/?f_no=149008,https://img.travel.rakuten.co.jp/image/tr/api/re/vFumt/?f_no=149008&f_flg=PLAN,https://img.travel.rakuten.co.jp/image/tr/api/re/WzozX/?noTomariHotel=149008,https://img.travel.rakuten.co.jp/image/tr/api/re/gJNfM/?f_hotel_no=149008,ほしのおんせん　いけのやまそう,星野ふるさと公園の丘に建つ池の山荘は、まるごと星野村を満喫できる和風温泉宿です。,12980,119683.1,470744.24,834-0201,福岡県,八女市星野村10780-58,0943-52-2082,0943-52-3662,羽犬塚駅よりお車にて約45分,有り　３０台　無料　予約不要,羽犬塚,https://img.travel.rakuten.co.jp/share/HOTEL/149008/149008.jpg,https://img.travel.rakuten.co.jp/HIMG/90/149008.jpg,https://img.travel.rakuten.co.jp/share/HOTEL/149008/149008_kan1.jpg,https://img.travel.rakuten.co.jp/HIMG/INTERIOR/149008.jpg,https://img.travel.rakuten.co.jp/share/HOTEL/149008/149008map.gif,120.0,4.18,"クチコミの詳細はこちらから　https://review.travel.rakuten…　2026-03-17 18:06:03投稿 <a href=""https://img.travel.rakuten.co.jp/image/tr/api/re/gJNfM/?f_hotel_no=149008"" class=""3click"">つづきはこちら</a>",h0005,和室,6156798.0,新プラン『気軽に味わう和の贅沢』　松華堂膳プラン,1,1,0,1,0,1,https://img.travel.rakuten.co.jp/image/tr/api/re/IdsCY/?f_no=149008&f_syu=h0005&f_hi1=2026-04-21&f_hi2=2026-04-22&f_heya_su=1&f_otona_su=1&f_s1=0&f_s2=0&f_y1=0&f_y2=0&f_y3=0&f_y4=0&f_camp_id=6156798,0,2026-04-21,17980,17980,0,2026-04-21,merged-20260419
29756,柳川藩主立花邸　御花,https://img.travel.rakuten.co.jp/image/tr/api/re/pvonD/?f_no=29756,https://img.travel.rakuten.co.jp/image/tr/api/re/vFumt/?f_no=29756&f_flg=PLAN,https://img.travel.rakuten.co.jp/image/tr/api/re/WzozX/?noTomariHotel=29756,https://img.travel.rakuten.co.jp/image/tr/api/re/gJNfM/?f_hotel_no=29756,やながわはんしゅたちばなてい　おはな,2025年1月11日リニューアルオープン。旧大名家、藩主の末裔が営む宿で生きる歴史に触れるひとときを。,24500,119357.19,469439.75,832-0069,福岡県,柳川市新外町1,0944-73-2189,0944-74-0872,佐賀空港よりリムジンバスで30分／西鉄柳川駅よりタクシーで約１０分／九州自動車道みやま・柳川ＩＣより約25分,有　５０台　無料,西鉄柳川,https://img.travel.rakuten.co.jp/share/HOTEL/29756/29756.jpg,https://img.travel.rakuten.co.jp/HIMG/90/29756.jpg,https://img.travel.rakuten.co.jp/share/HOTEL/29756/29756_w.jpg,https://img.travel.rakuten.co.jp/HIMG/INTERIOR/29756.jpg,https://img.travel.rakuten.co.jp/share/HOTEL/29756/29756map.gif,151.0,5.0,,1008new,藤【スタンダードツイン】,6062861.0,【朝食付】旅の心のよりどころ 有明海・筑後平野のめぐみを朝食で楽しむ,1,0,0,1,0,1,https://img.travel.rakuten.co.jp/image/tr/api/re/IdsCY/?f_no=29756&f_syu=1008new&f_hi1=2026-04-21&f_hi2=2026-04-22&f_heya_su=1&f_otona_su=1&f_s1=0&f_s2=0&f_y1=0&f_y2=0&f_y3=0&f_y4=0&f_camp_id=6062861,0,2026-04-21,40250,40250,0,2026-04-21,merged-20260419
199720,ＯＭＵＴＡ　ＣＯＺＹ　ＳＴＡＹ／民泊,https://img.travel.rakuten.co.jp/image/tr/api/re/pvonD/?f_no=199720,https://img.travel.rakuten.co.jp/image/tr/api/re/vFumt/?f_no=199720&f_flg=PLAN,,https://img.travel.rakuten.co.jp/image/tr/api/re/gJNfM/?f_hotel_no=199720,,駐車場無料！3DK一軒家で自炊・長期滞在に最適。ビジネスホテルよりお得な出張に。,4930,118816.7,469575.45,836-0075,福岡県,大牟田市南船津町2-8-21　ハイグレイス1A,090-8504-9355,00-0000-0000,荒尾駅から徒歩で5分,あり,荒尾（熊本）,https://img.travel.rakuten.co.jp/share/HOTEL/199720/199720.jpg,https://img.travel.rakuten.co.jp/HIMG/90/199720.jpg,,,https://img.travel.rakuten.co.jp/share/HOTEL/199720/199720map.gif,,,,r21693_2,OMUTA COZY  STAY,6430755.0,【長期出張・工事関係者歓迎】駐車場2台無料!3DK一軒家で自炊・長期滞在に最適 大牟田市内での工事や,1,0,0,0,0,2,https://img.travel.rakuten.co.jp/image/tr/api/re/IdsCY/?f_no=199720&f_syu=r21693_2&f_hi1=2026-04-21&f_hi2=2026-04-22&f_heya_su=1&f_otona_su=1&f_s1=0&f_s2=0&f_y1=0&f_y2=0&f_y3=0&f_y4=0&f_camp_id=6430755,0,2026-04-21,6380,6380,0,2026-04-21,merged-20260419
177003,ＴＨＥ　ＴＲＡＩＬＥＲＨＯＵＳＥ　ＶＩＬＬＡＧＥ　大牟田　ＳＰＡ,https://img.travel.rakuten.co.jp/image/tr/api/re/pvonD/?f_no=177003,https://img.travel.rakuten.co.jp/image/tr/api/re/vFumt/?f_no=177003&f_flg=PLAN,,https://img.travel.rakuten.co.jp/image/tr/api/re/gJNfM/?f_hotel_no=177003,ざ・とれーらーはうすびれっじおおむたすぱ,トレーラー泊×温泉＆サウナ★釣り堀やゴーカートなど遊び場充実＆併設の「最高の湯」で寛げるからファミリーに人気♪,7600,118834.91,469694.08,836-0895,福岡県,大牟田市新勝立町6-37,0944-53-8126,0944-32-9114,博多駅からJRで約1時間or天神から西鉄大牟田線で約1時間　→大牟田駅→大牟田駅から車で約10分,有り　予約不要,大牟田,https://img.travel.rakuten.co.jp/share/HOTEL/177003/177003.jpg,https://img.travel.rakuten.co.jp/HIMG/90/177003.jpg,https://img.travel.rakuten.co.jp/share/HOTEL/177003/177003_kan1.jpg,https://img.travel.rakuten.co.jp/HIMG/INTERIOR/177003.jpg,https://img.travel.rakuten.co.jp/share/HOTEL/177003/177003map.gif,93.0,4.62,"はじめてのトレーラーハウ…　2026-04-12 08:53:12投稿 <a href=""https://img.travel.rakuten.co.jp/image/tr/api/re/gJNfM/?f_hotel_no=177003"" class=""3click"">つづきはこちら</a>",trailer5,トレーラーハウス《全長5.5ｍ》 ,5815794.0,【ビジネスプラン】平日限定×素泊まり★4種のサウナを楽しむ一人旅も◎ジム・コワーキング利用無料特典,1,0,0,0,0,2,https://img.travel.rakuten.co.jp/image/tr/api/re/IdsCY/?f_no=177003&f_syu=trailer5&f_hi1=2026-04-21&f_hi2=2026-04-22&f_heya_su=1&f_otona_su=1&f_s1=0&f_s2=0&f_y1=0&f_y2=0&f_y3=0&f_y4=0&f_camp_id=5815794,0,2026-04-21,7600,7600,0,2026-04-21,merged-20260419
79358,くつろぎの森　グリーンピア八女,https://img.travel.rakuten.co.jp/image/tr/api/re/pvonD/?f_no=79358,https://img.travel.rakuten.co.jp/image/tr/api/re/vFumt/?f_no=79358&f_flg=PLAN,https://img.travel.rakuten.co.jp/image/tr/api/re/WzozX/?noTomariHotel=79358,https://img.travel.rakuten.co.jp/image/tr/api/re/gJNfM/?f_hotel_no=79358,くつろぎのもり　ぐりーんぴあやめ,四季折々の草花が咲きみだれ、お食事、温泉、合宿と　さまざまなプランで、大満足頂けます。,9300,119450.83,470456.69,834-1204,福岡県,八女市黒木町木屋10905,0943-22-8813,0943-22-8805,九州自動車道八女IC下車。国道442号線経由、黒木平公園線へ（県道802号）約22km、約40分,有り400台　無料　予約不要,羽犬塚,https://img.travel.rakuten.co.jp/share/HOTEL/79358/79358.jpg,https://img.travel.rakuten.co.jp/HIMG/90/79358.jpg,https://img.travel.rakuten.co.jp/share/HOTEL/79358/79358_room.jpg,https://img.travel.rakuten.co.jp/HIMG/INTERIOR/79358.jpg,https://img.travel.rakuten.co.jp/share/HOTEL/79358/79358map.gif,266.0,3.91,"今回はズワイガニ食べ放題メニューだったが、最悪でした。何回も蒸し直してあるのか身は…　2026-04-13 17:16:14投稿 <a href=""https://img.travel.rakuten.co.jp/image/tr/api/re/gJNfM/?f_hotel_no=79358"" class=""3click"">つづきはこちら</a>",type5,【洋室ツイン】,6418779.0,1泊朝食付き（夕食なし）　宿泊プラン　※期間7/17まで　,1,0,0,1,0,1,https://img.travel.rakuten.co.jp/image/tr/api/re/IdsCY/?f_no=79358&f_syu=type5&f_hi1=2026-04-21&f_hi2=2026-04-22&f_heya_su=1&f_otona_su=1&f_s1=0&f_s2=0&f_y1=0&f_y2=0&f_y3=0&f_y4=0&f_camp_id=6418779,0,2026-04-21,12480,12480,0,2026-04-21,merged-20260419
104771,筑後船小屋　公園の宿,https://img.travel.rakuten.co.jp/image/tr/api/re/pvonD/?f_no=104771,https://img.travel.rakuten.co.jp/image/tr/api/re/vFumt/?f_no=104771&f_flg=PLAN,https://img.travel.rakuten.co.jp/image/tr/api/re/WzozX/?noTomariHotel=104771,https://img.travel.rakuten.co.jp/image/tr/api/re/gJNfM/?f_hotel_no=104771,ちくごふなごや　こうえんのやど,◆大楠林での森林浴や親子で遊べる筑後広域公園内◆緑に囲まれた癒しの空間へ。展望風呂やうなぎや柳川和牛が楽しめる夕食も人気,8800,119438.75,469812.17,833-0015,福岡県,筑後市津島2108-1,0942-42-1126,0942-42-1125,◆博多駅より九州新幹線で25分◆ＪＲ筑後船小屋駅より車で3分、徒歩15分【鬼滅の刃】聖地？溝口竈門神社まで車で5～7分！,有り　１００台　無料　予約不要,船小屋,https://img.travel.rakuten.co.jp/share/HOTEL/104771/104771.jpg,https://img.travel.rakuten.co.jp/HIMG/90/104771.jpg,,,https://img.travel.rakuten.co.jp/share/HOTEL/104771/104771map.gif,68.0,4.27,,jw8,川側和室８畳,6003705.0,【お日にち限定】超特価！朝食付プランが今だけ8800円♪ビジネス・一人旅にもぴったり◎,1,0,0,1,0,1,https://img.travel.rakuten.co.jp/image/tr/api/re/IdsCY/?f_no=104771&f_syu=jw8&f_hi1=2026-04-21&f_hi2=2026-04-22&f_heya_su=1&f_otona_su=1&f_s1=0&f_s2=0&f_y1=0&f_y2=0&f_y3=0&f_y4=0&f_camp_id=6003705,0,2026-04-21,8800,8800,0,2026-04-21,merged-20260419
186646,別荘　大川家　一棟貸しの宿九州旅行に便利な宿　＾,https://img.travel.rakuten.co.jp/image/tr/api/re/pvonD/?f_no=186646,https://img.travel.rakuten.co.jp/image/tr/api/re/vFumt/?f_no=186646&f_flg=PLAN,,https://img.travel.rakuten.co.jp/image/tr/api/re/gJNfM/?f_hotel_no=186646,,　,12296,119524.4,469385.49,831-0004,福岡県,大川市榎津111-3　大川家　ｏｋａｗａｙａ,080-3949-7326,000-000-0000,蒲池駅から車で約１０分,有り,蒲池（福岡）,https://img.travel.rakuten.co.jp/share/HOTEL/186646/186646.jpg,https://img.travel.rakuten.co.jp/HIMG/90/186646.jpg,,,https://img.travel.rakuten.co.jp/share/HOTEL/186646/186646map.gif,,,,649372_8,一戸建て,6302808.0,一棟貸し プライベート宿,1,0,0,0,0,2,https://img.travel.rakuten.co.jp/image/tr/api/re/IdsCY/?f_no=186646&f_syu=649372_8&f_hi1=2026-04-21&f_hi2=2026-04-22&f_heya_su=1&f_otona_su=1&f_s1=0&f_s2=0&f_y1=0&f_y2=0&f_y3=0&f_y4=0&f_camp_id=6302808,0,2026-04-21,33640,33640,0,2026-04-21,merged-20260419
37370,グランドホテル　清風荘,https://img.travel.rakuten.co.jp/image/tr/api/re/pvonD/?f_no=37370,https://img.travel.rakuten.co.jp/image/tr/api/re/vFumt/?f_no=37370&f_flg=PLAN,https://img.travel.rakuten.co.jp/image/tr/api/re/WzozX/?noTomariHotel=37370,https://img.travel.rakuten.co.jp/image/tr/api/re/gJNfM/?f_hotel_no=37370,ぐらんどほてる　せいふうそう,アクセス抜群！ＪＲ＆西鉄大牟田駅から最寄の徒歩５分！ビジネスから観光、企業様向け長期滞在にも最適！大浴場完備♪,4500,118885.3,469617.91,836-0862,福岡県,大牟田市原山町2-4,0944-56-1212,0944-51-5963,ＪＲ＆西鉄大牟田駅から徒歩５分　九州自動車道南関ＩＣから車で約20分,有り　30台　無料　先着順,大牟田,https://img.travel.rakuten.co.jp/share/HOTEL/37370/37370.jpg,https://img.travel.rakuten.co.jp/HIMG/90/37370.jpg,https://img.travel.rakuten.co.jp/share/HOTEL/37370/37370_s.jpg,https://img.travel.rakuten.co.jp/HIMG/INTERIOR/37370.jpg,https://img.travel.rakuten.co.jp/share/HOTEL/37370/37370map.gif,,,"クチコミの詳…　2026-04-05 12:40:39投稿 <a href=""https://img.travel.rakuten.co.jp/image/tr/api/re/gJNfM/?f_hotel_no=37370"" class=""3click"">つづきはこちら</a>",twinlestwl,【ツイン-14平米-】バスありトイレなし☆禁煙☆,5480612.0,【タイムセール／素泊まり】＜20％OFF＞大牟田駅東口から徒歩5分！大浴場・駐車場あり,1,0,0,0,0,1,https://img.travel.rakuten.co.jp/image/tr/api/re/IdsCY/?f_no=37370&f_syu=twinlestwl&f_hi1=2026-04-21&f_hi2=2026-04-22&f_heya_su=1&f_otona_su=1&f_s1=0&f_s2=0&f_y1=0&f_y2=0&f_y3=0&f_y4=0&f_camp_id=5480612,0,2026-04-21,5500,5500,0,2026-04-21,merged-20260419
41164,亀の井ホテル　柳川,https://img.travel.rakuten.co.jp/image/tr/api/re/pvonD/?f_no=41164,https://img.travel.rakuten.co.jp/image/tr/api/re/vFumt/?f_no=41164&f_flg=PLAN,https://img.travel.rakuten.co.jp/image/tr/api/re/WzozX/?noTomariHotel=41164,https://img.travel.rakuten.co.jp/image/tr/api/re/gJNfM/?f_hotel_no=41164,かめのいほてる　やながわ,お堀や街並みを一望できる展望温泉『美肌の湯』◆全客室『加湿空気清浄機』完備で安心・安全♪,4730,119352.61,469447.39,832-0057,福岡県,柳川市弥四郎町10-1,0944-72-6295,0944-72-6296,西鉄柳川駅西口から車で約15分／西鉄柳川駅西口から堀川バスで約15分／みやま柳川ICから約20分,有り　100台　無料　先着順,西鉄柳川,https://img.travel.rakuten.co.jp/share/HOTEL/41164/41164.jpg,https://img.travel.rakuten.co.jp/HIMG/90/41164.jpg,,,https://img.travel.rakuten.co.jp/share/HOTEL/41164/41164map.gif,541.0,4.09,"…　2026-04-06 09:33:32投稿 <a href=""https://img.travel.rakuten.co.jp/image/tr/api/re/gJNfM/?f_hotel_no=41164"" class=""3click"">つづきはこちら</a>",w8n,和室8畳,5393735.0,柳川温泉◆朝食付◆21時までのチェックインＯＫ！,1,0,0,1,0,1,https://img.travel.rakuten.co.jp/image/tr/api/re/IdsCY/?f_no=41164&f_syu=w8n&f_hi1=2026-04-21&f_hi2=2026-04-22&f_heya_su=1&f_otona_su=1&f_s1=0&f_s2=0&f_y1=0&f_y2=0&f_y3=0&f_y4=0&f_camp_id=5393735,0,2026-04-21,11660,11660,0,2026-04-21,merged-20260419
40540,料亭　旅館　三川屋,https://img.travel.rakuten.co.jp/image/tr/api/re/pvonD/?f_no=40540,https://img.travel.rakuten.co.jp/image/tr/api/re/vFumt/?f_no=40540&f_flg=PLAN,https://img.travel.rakuten.co.jp/image/tr/api/re/WzozX/?noTomariHotel=40540,https://img.travel.rakuten.co.jp/image/tr/api/re/gJNfM/?f_hotel_no=40540,りょうてい　りょかん　みかわや,2024年10月リニューアルオープン！筑後川や有明海に育まれた、大川の名物料理を堪能できる料亭・旅館,5740,119561.49,469332.07,831-0005,福岡県,大川市大字向島2222,0944-87-3155,0944-87-2925,西鉄柳川駅よりバス25分/JR佐賀駅よりバス25分(バス停「大川橋」より徒歩5分）、佐賀空港より車20分,有：50台　無料　※お車でお越しの方は、ご予約時に備考欄にてお知らせください。,西鉄柳川,https://img.travel.rakuten.co.jp/share/HOTEL/40540/40540.jpg,https://img.travel.rakuten.co.jp/HIMG/90/40540.jpg,https://img.travel.rakuten.co.jp/share/HOTEL/40540/40540_kya.jpg,https://img.travel.rakuten.co.jp/HIMG/INTERIOR/40540.jpg,https://img.travel.rakuten.co.jp/share/HOTEL/40540/40540map.gif,23.0,4.88,,10,【禁煙】スタンダードダブル（シャワーブース付）,6146803.0,＜平日がお得＞出張・観光の拠点に最適♪【素泊り】★無料駐車場完備,1,0,0,0,0,1,https://img.travel.rakuten.co.jp/image/tr/api/re/IdsCY/?f_no=40540&f_syu=10&f_hi1=2026-04-21&f_hi2=2026-04-22&f_heya_su=1&f_otona_su=1&f_s1=0&f_s2=0&f_y1=0&f_y2=0&f_y3=0&f_y4=0&f_camp_id=6146803,0,2026-04-21,7480,7480,0,2026-04-21,merged-20260419
13423,ビジネスホテル　わらじ家本館,https://img.travel.rakuten.co.jp/image/tr/api/re/pvonD/?f_no=13423,https://img.travel.rakuten.co.jp/image/tr/api/re/vFumt/?f_no=13423&f_flg=PLAN,https://img.travel.rakuten.co.jp/image/tr/api/re/WzozX/?noTomariHotel=13423,https://img.travel.rakuten.co.jp/image/tr/api/re/gJNfM/?f_hotel_no=13423,わらじや　ほんかん,清潔、閑静な宿。家族的なおもてなし。,3300,118902.67,469626.04,8360837,福岡県,大牟田市谷町2-6,0944-52-3184,0944-52-3197,『JR大牟田駅』より徒歩8分／九州自動車道『南関IC』より車で20分,無料駐車場15台有り（先着順）,大牟田,https://img.travel.rakuten.co.jp/share/HOTEL/13423/13423.jpg,https://img.travel.rakuten.co.jp/HIMG/90/13423.jpg,https://img.travel.rakuten.co.jp/share/HOTEL/13423/13423_w.jpg,https://img.travel.rakuten.co.jp/HIMG/INTERIOR/13423.jpg,https://img.travel.rakuten.co.jp/share/HOTEL/13423/13423map.gif,127.0,3.0,,wa8,和室,,,1,0,0,0,0,1,https://img.travel.rakuten.co.jp/image/tr/api/re/IdsCY/?f_no=13423&f_syu=wa8&f_hi1=2026-04-21&f_hi2=2026-04-22&f_heya_su=1&f_otona_su=1&f_s1=0&f_s2=0&f_y1=0&f_y2=0&f_y3=0&f_y4=0,1,2026-04-21,5170,5170,0,2026-04-21,merged-20260419
8987,船小屋温泉　ホテル　樋口軒,https://img.travel.rakuten.co.jp/image/tr/api/re/pvonD/?f_no=8987,https://img.travel.rakuten.co.jp/image/tr/api/re/vFumt/?f_no=8987&f_flg=PLAN,https://img.travel.rakuten.co.jp/image/tr/api/re/WzozX/?noTomariHotel=8987,https://img.travel.rakuten.co.jp/image/tr/api/re/gJNfM/?f_hotel_no=8987,ふなごやおんせん　ほてるひぐちけん,【絶景を望む新客室が誕生】お部屋から眺める大楠林や矢部川の景色とおいしい料理が評判 。,10500,119446.07,469825.62,833-0014,福岡県,筑後市尾島805-1,0942-52-2101,0942-52-7940,九州自動車道八女ICより8分・ＪＲ筑後船小屋駅より徒歩15分,有り 40台 無料 ,羽犬塚,https://img.travel.rakuten.co.jp/share/HOTEL/8987/8987.jpg,https://img.travel.rakuten.co.jp/HIMG/90/8987.jpg,https://img.travel.rakuten.co.jp/share/HOTEL/8987/8987_ky.jpg,https://img.travel.rakuten.co.jp/HIMG/INTERIOR/8987.jpg,https://img.travel.rakuten.co.jp/share/HOTEL/8987/8987map.gif,339.0,4.39,"クチコミの詳細はこちらから　https://review.tr…　2026-02-23 18:29:48投稿 <a href=""https://img.travel.rakuten.co.jp/image/tr/api/re/gJNfM/?f_hotel_no=8987"" class=""3click"">つづきはこちら</a>",wa12,和モダンな１２畳和室＋バルコニー付き,4522215.0,【素泊り】シンプルステイプラン☆一晩中いつでも入れる温泉でゆっくり宿泊！,1,0,0,0,0,2,https://img.travel.rakuten.co.jp/image/tr/api/re/IdsCY/?f_no=8987&f_syu=wa12&f_hi1=2026-04-21&f_hi2=2026-04-22&f_heya_su=1&f_otona_su=1&f_s1=0&f_s2=0&f_y1=0&f_y2=0&f_y3=0&f_y4=0&f_camp_id=4522215,0,2026-04-21,17500,17500,0,2026-04-21,merged-20260419
18461,柳川ビジネスホテル,https://img.travel.rakuten.co.jp/image/tr/api/re/pvonD/?f_no=18461,https://img.travel.rakuten.co.jp/image/tr/api/re/vFumt/?f_no=18461&f_flg=PLAN,https://img.travel.rakuten.co.jp/image/tr/api/re/WzozX/?noTomariHotel=18461,https://img.travel.rakuten.co.jp/image/tr/api/re/gJNfM/?f_hotel_no=18461,やながわ　びじねすほてる,西鉄柳川駅より徒歩５分　｢川下り」乗船場にも隣接してビジネスにも観光にも最適です！　Wi-Fi全室無料♪駐車場無料♪,4000,119393.49,469510.22,832-0826,福岡県,柳川市三橋町高畑243-1,0944-74-1500,0944-72-4268,西鉄柳川駅より徒歩5分/九州自動車道みやま柳川ＩＣより車で約１０分,有り　２０台無料,西鉄柳川,https://img.travel.rakuten.co.jp/share/HOTEL/18461/18461.jpg,https://img.travel.rakuten.co.jp/HIMG/90/18461.jpg,https://img.travel.rakuten.co.jp/share/HOTEL/18461/18461_r.jpg,https://img.travel.rakuten.co.jp/HIMG/INTERIOR/18461.jpg,https://img.travel.rakuten.co.jp/share/HOTEL/18461/18461map.gif,169.0,3.53,"丁寧に お相手してくださいました  水道水が井戸水で薄い黄色でした チョット気になりましたが ホテルの方は大丈夫ですよと言ってくださいました…　2026-03-24 15:30:14投稿 <a href=""https://img.travel.rakuten.co.jp/image/tr/api/re/gJNfM/?f_hotel_no=18461"" class=""3click"">つづきはこちら</a>",sk,スタンダードシングル【禁煙】,6422788.0,【春SALE】添い寝でお得に！プラン,1,0,0,0,0,0,https://img.travel.rakuten.co.jp/image/tr/api/re/IdsCY/?f_no=18461&f_syu=sk&f_hi1=2026-04-21&f_hi2=2026-04-22&f_heya_su=1&f_otona_su=1&f_s1=0&f_s2=0&f_y1=0&f_y2=0&f_y3=0&f_y4=0&f_camp_id=6422788,0,2026-04-21,5800,5800,0,2026-04-21,merged-20260419
43814,松葉屋,https://img.travel.rakuten.co.jp/image/tr/api/re/pvonD/?f_no=43814,https://img.travel.rakuten.co.jp/image/tr/api/re/vFumt/?f_no=43814&f_flg=PLAN,https://img.travel.rakuten.co.jp/image/tr/api/re/WzozX/?noTomariHotel=43814,https://img.travel.rakuten.co.jp/image/tr/api/re/gJNfM/?f_hotel_no=43814,まつばや,"1958年創業した古い旅館です。佐賀、熊本、福岡と交通の便がよく有明海の豊かな魚介類でおもてなしします,",3800,119229.71,469588.82,839-0254,福岡県,柳川市大和町中島673,0944-76-3212,0944-76-4084,西鉄天神大牟田線  西鉄中島駅より徒歩１分,有り　１４台　無料　先着順,西鉄中島,https://img.travel.rakuten.co.jp/share/HOTEL/43814/43814.jpg,https://img.travel.rakuten.co.jp/HIMG/90/43814.jpg,https://img.travel.rakuten.co.jp/share/HOTEL/43814/43814_s.jpg,https://img.travel.rakuten.co.jp/HIMG/INTERIOR/43814.jpg,https://img.travel.rakuten.co.jp/share/HOTEL/43814/43814map.gif,29.0,4.6,,a,和室1名,2976582.0,ビジネスプラン　食事無し,1,0,0,0,0,2,https://img.travel.rakuten.co.jp/image/tr/api/re/IdsCY/?f_no=43814&f_syu=a&f_hi1=2026-04-21&f_hi2=2026-04-22&f_heya_su=1&f_otona_su=1&f_s1=0&f_s2=0&f_y1=0&f_y2=0&f_y3=0&f_y4=0&f_camp_id=2976582,0,2026-04-21,4700,4700,0,2026-04-21,merged-20260419
187451,奥星野　農家の宿　緑の洞,https://img.travel.rakuten.co.jp/image/tr/api/re/pvonD/?f_no=187451,https://img.travel.rakuten.co.jp/image/tr/api/re/vFumt/?f_no=187451&f_flg=PLAN,https://img.travel.rakuten.co.jp/image/tr/api/re/WzozX/?noTomariHotel=187451,https://img.travel.rakuten.co.jp/image/tr/api/re/gJNfM/?f_hotel_no=187451,おくほしののうかのやど　みどりのほら,満天の星空と四季の豊かな自然を感じる一棟貸し民宿。ゆっくりとした時間の流れで心癒されるのんびり旅♪,3920,119532.37,470942.57,834-0201,福岡県,八女市星野村18751-1,0943-52-2521,0943-52-2521,八女インターからお車にて約50分,有り　5台　無料　予約不要,うきは,https://img.travel.rakuten.co.jp/share/HOTEL/187451/187451.jpg,https://img.travel.rakuten.co.jp/HIMG/90/187451.jpg,,,https://img.travel.rakuten.co.jp/share/HOTEL/187451/187451map.gif,,,,1,築120年の古民家一棟,5720381.0,【のんびり素泊り】築120年の古民家を一棟貸切♪しっかり手入れをされた古民家でゆっくり気ままな旅を☆,1,0,0,0,0,0,https://img.travel.rakuten.co.jp/image/tr/api/re/IdsCY/?f_no=187451&f_syu=1&f_hi1=2026-04-21&f_hi2=2026-04-22&f_heya_su=1&f_otona_su=1&f_s1=0&f_s2=0&f_y1=0&f_y2=0&f_y3=0&f_y4=0&f_camp_id=5720381,0,2026-04-21,9900,9900,0,2026-04-21,merged-20260419
