basic_hotelNo,basic_hotelName,basic_hotelInformationUrl,basic_planListUrl,basic_dpPlanListUrl,basic_reviewUrl,basic_hotelKanaName,basic_hotelSpecial,basic_hotelMinCharge,basic_latitude,basic_longitude,basic_postalCode,basic_address1,basic_address2,basic_telephoneNo,basic_faxNo,basic_access,basic_parkingInformation,basic_nearestStation,basic_hotelImageUrl,basic_hotelThumbnailUrl,basic_roomImageUrl,basic_roomThumbnailUrl,basic_hotelMapImageUrl,basic_reviewCount,basic_reviewAverage,basic_userReview,room_roomClass,room_roomName,room_planId,room_planName,room_pointRate,room_withDinnerFlag,room_dinnerSelectFlag,room_withBreakfastFlag,room_breakfastSelectFlag,room_payment,room_reserveUrl,room_salesformFlag,charge_stayDate,charge_rakutenCharge,charge_total,charge_chargeFlag,date,area
72085,ホテルグランスパ　アベニュー,https://img.travel.rakuten.co.jp/image/tr/api/re/pvonD/?f_no=72085,https://img.travel.rakuten.co.jp/image/tr/api/re/vFumt/?f_no=72085&f_flg=PLAN,https://img.travel.rakuten.co.jp/image/tr/api/re/WzozX/?noTomariHotel=72085,https://img.travel.rakuten.co.jp/image/tr/api/re/gJNfM/?f_hotel_no=72085,ぐらんすぱ　あべにゅー,2024年全館リニューアル！大浴場・露天風呂で源泉かけ流しpH10.0天然温泉を満喫◆朝食＆駐車場無料,5800,120295.31,470365.07,838-0068,福岡県,朝倉市甘木1677-2,0946-22-1215,0946-22-1085,車で大分自動車道 甘木ICより、筑後小郡より19分、高速バスご利用の場合、福岡天神まで約1時間　西鉄甘木駅から徒歩2分,【無料】160台収容立体駐車場有り。３Fフロント直通通路有。平置き駐車場も完備(4ｔトラックもＯＫ),甘木,https://img.travel.rakuten.co.jp/share/HOTEL/72085/72085.jpg,https://img.travel.rakuten.co.jp/HIMG/90/72085.jpg,https://img.travel.rakuten.co.jp/share/HOTEL/72085/72085_s.jpg,https://img.travel.rakuten.co.jp/HIMG/INTERIOR/72085.jpg,https://img.travel.rakuten.co.jp/share/HOTEL/72085/72085map.gif,1143.0,4.15,"クチコミの詳細はこちらから　https://review.travel.ra…　2026-06-10 16:02:52投稿 <a href=""https://img.travel.rakuten.co.jp/image/tr/api/re/gJNfM/?f_hotel_no=72085"" class=""3click"">つづきはこちら</a>",nss,【禁煙】スタンダードシングル,5510383.0,【5％OFF】【楽天スーパーSALE】ビジネス＆一人旅応援プラン《朝食・駐車場・VOD・WiFi付》,1,0,0,1,0,1,https://img.travel.rakuten.co.jp/image/tr/api/re/IdsCY/?f_no=72085&f_syu=nss&f_hi1=2026-06-13&f_hi2=2026-06-14&f_heya_su=1&f_otona_su=1&f_s1=0&f_s2=0&f_y1=0&f_y2=0&f_y3=0&f_y4=0&f_camp_id=5510383,0,2026-06-13,9025,9025,0,2026-06-13,kurume
178227,ザ・セレクトン久留米,https://img.travel.rakuten.co.jp/image/tr/api/re/pvonD/?f_no=178227,https://img.travel.rakuten.co.jp/image/tr/api/re/vFumt/?f_no=178227&f_flg=PLAN,https://img.travel.rakuten.co.jp/image/tr/api/re/WzozX/?noTomariHotel=178227,https://img.travel.rakuten.co.jp/image/tr/api/re/gJNfM/?f_hotel_no=178227,ざ　せれくとん　くるめ,西鉄久留米駅より徒歩7分と福岡市内からのアクセス便利★男女別大浴場あり★全室禁煙＆Bluetoothスピーカー完備で快適,3170,119906.32,469859.98,830-0031,福岡県,久留米市六ツ門町17-30,0942-40-5020,0942-27-8641,●西鉄久留米駅より徒歩約7分 ●JR久留米駅より車で約5分 ●西鉄バス「六ッ門・シティプラザ前」バス停より徒歩約5分,駐車台数に限りがございます（5台）※満車時は近隣コインパーキングをご案内しております。（提携なし）,西鉄久留米,https://img.travel.rakuten.co.jp/share/HOTEL/178227/178227.jpg,https://img.travel.rakuten.co.jp/HIMG/90/178227.jpg,,,https://img.travel.rakuten.co.jp/share/HOTEL/178227/178227map.gif,555.0,3.97,"クチコミの詳細はこちらから　https://review.travel.rakuten.co.jp/hotel/voice/178227?reviewId=33123477…　2026-06-01 19:03:47投稿 <a href=""https://img.travel.rakuten.co.jp/image/tr/api/re/gJNfM/?f_hotel_no=178227"" class=""3click"">つづきはこちら</a>",dbr,スタンダードダブル（禁煙）,6353884.0,【12％OFF】【楽天スーパーSALE】素泊まり 無料夕食付！ ★Wi-Fi完備＆男女別大浴場完備♪,1,0,0,0,0,1,https://img.travel.rakuten.co.jp/image/tr/api/re/IdsCY/?f_no=178227&f_syu=dbr&f_hi1=2026-06-13&f_hi2=2026-06-14&f_heya_su=1&f_otona_su=1&f_s1=0&f_s2=0&f_y1=0&f_y2=0&f_y3=0&f_y4=0&f_camp_id=6353884,0,2026-06-13,9360,9360,0,2026-06-13,kurume
184523,備長炭の湯　ホテル久留米ヒルズ（ＢＢＨホテルグループ）,https://img.travel.rakuten.co.jp/image/tr/api/re/pvonD/?f_no=184523,https://img.travel.rakuten.co.jp/image/tr/api/re/vFumt/?f_no=184523&f_flg=PLAN,https://img.travel.rakuten.co.jp/image/tr/api/re/WzozX/?noTomariHotel=184523,https://img.travel.rakuten.co.jp/image/tr/api/re/gJNfM/?f_hotel_no=184523,びんちょうたんのゆ　ほてるくるめひるず（びーびーえいちほてるぐるーぷ）,無料朝食バイキング＆無料駐車場（先着15台）でビジネス・観光へのアクセス抜群【全国多数舗展開中のBBHホテルグループ】,3700,119905.38,469861.08,830-0031,福岡県,久留米市六ツ門町15-3,050-1725-6457,0942-64-8887,西鉄久留米駅から徒歩8分、久留米インターから車で15分,有り　15台　無料 (先着順･予約不可）,西鉄久留米,https://img.travel.rakuten.co.jp/share/HOTEL/184523/184523.jpg,https://img.travel.rakuten.co.jp/HIMG/90/184523.jpg,,,https://img.travel.rakuten.co.jp/share/HOTEL/184523/184523map.gif,535.0,3.57,"…　2026-06-06 09:02:54投稿 <a href=""https://img.travel.rakuten.co.jp/image/tr/api/re/gJNfM/?f_hotel_no=184523"" class=""3click"">つづきはこちら</a>",ssingle,◆喫煙シングルルーム◆12平米／140センチ幅ダブルベッド,6460279.0,【楽天スーパーSALE】　1泊無料朝食バイキング付プラン,1,0,0,1,0,1,https://img.travel.rakuten.co.jp/image/tr/api/re/IdsCY/?f_no=184523&f_syu=ssingle&f_hi1=2026-06-13&f_hi2=2026-06-14&f_heya_su=1&f_otona_su=1&f_s1=0&f_s2=0&f_y1=0&f_y2=0&f_y3=0&f_y4=0&f_camp_id=6460279,0,2026-06-13,10800,10800,0,2026-06-13,kurume
172633,グリーンリッチホテル久留米　天然温泉・有馬六ツ門の湯,https://img.travel.rakuten.co.jp/image/tr/api/re/pvonD/?f_no=172633,https://img.travel.rakuten.co.jp/image/tr/api/re/vFumt/?f_no=172633&f_flg=PLAN,https://img.travel.rakuten.co.jp/image/tr/api/re/WzozX/?noTomariHotel=172633,https://img.travel.rakuten.co.jp/image/tr/api/re/gJNfM/?f_hotel_no=172633,ぐりーんりっちほてるくるめ　,久留米唯一の天然温泉大浴場完備のデザイナーズホテル　酸素ルーム有り　好評！朝食バイキング,3948,119926.87,469857.01,830-0017,福岡県,久留米市日吉町18-1,0942-39-3000,0942-46-3300,●西鉄久留米駅より車で3分、JR久留米駅より車で3分●福岡空港連絡バス停「六ツ門」徒歩3分●,"有　車高制限：185cm　１泊1,200円■先着順■満車時は近隣のコインパーキングをご案内します。",久留米,https://img.travel.rakuten.co.jp/share/HOTEL/172633/172633.jpg,https://img.travel.rakuten.co.jp/HIMG/90/172633.jpg,https://img.travel.rakuten.co.jp/share/HOTEL/172633/172633_kan1.jpg,https://img.travel.rakuten.co.jp/HIMG/INTERIOR/172633.jpg,https://img.travel.rakuten.co.jp/share/HOTEL/172633/172633map.gif,844.0,4.23,"クチコミの詳細はこちらから　https://review.travel.rakuten.co.jp/hotel/voice/172633?re…　2026-06-09 23:59:52投稿 <a href=""https://img.travel.rakuten.co.jp/image/tr/api/re/gJNfM/?f_hotel_no=172633"" class=""3click"">つづきはこちら</a>",omakasen,【禁煙】お部屋おまかせ　SHARPプラズマクラスター全室完備,6097732.0,【素泊まり】 部屋タイプおまかせ　■室数限定　シンプルステイプラン■,1,0,0,0,0,1,https://img.travel.rakuten.co.jp/image/tr/api/re/IdsCY/?f_no=172633&f_syu=omakasen&f_hi1=2026-06-13&f_hi2=2026-06-14&f_heya_su=1&f_otona_su=1&f_s1=0&f_s2=0&f_y1=0&f_y2=0&f_y3=0&f_y4=0&f_camp_id=6097732,0,2026-06-13,13000,13000,0,2026-06-13,kurume
3101,久留米ステーションホテル,https://img.travel.rakuten.co.jp/image/tr/api/re/pvonD/?f_no=3101,https://img.travel.rakuten.co.jp/image/tr/api/re/vFumt/?f_no=3101&f_flg=PLAN,https://img.travel.rakuten.co.jp/image/tr/api/re/WzozX/?noTomariHotel=3101,https://img.travel.rakuten.co.jp/image/tr/api/re/gJNfM/?f_hotel_no=3101,くるめ　すてーしょんほてる,JR久留米駅前アクセス良好、駐車場無料（先着40台）,3800,119938.37,469819.09,830-0023,福岡県,久留米市中央町2-14,0942-36-1122,0942-36-0459,JR久留米駅前アクセス良好！（JR久留米駅東口から徒歩１分）,有り　４０台　無料（先着順）,久留米,https://img.travel.rakuten.co.jp/share/HOTEL/3101/3101.jpg,https://img.travel.rakuten.co.jp/HIMG/90/3101.jpg,https://img.travel.rakuten.co.jp/share/HOTEL/3101/3101_room.jpg,https://img.travel.rakuten.co.jp/HIMG/INTERIOR/3101.jpg,https://img.travel.rakuten.co.jp/share/HOTEL/3101/3101map.gif,1453.0,3.97,"駅から近いのが何より満足です。コンビニも駅にあり便利でした。フロントにキーボックスがある昔ながらの老舗ビジネスホテルで部屋のBGMボタンはまだ使えたりして懐かしくくつろげました。…　2026-06-07 10:58:58投稿 <a href=""https://img.travel.rakuten.co.jp/image/tr/api/re/gJNfM/?f_hotel_no=3101"" class=""3click"">つづきはこちら</a>",sn,禁煙シングル,3274004.0,★シングルプラン  ♪JR久留米駅徒歩１分♪駐車場無料♪（先着順）,1,0,0,0,0,1,https://img.travel.rakuten.co.jp/image/tr/api/re/IdsCY/?f_no=3101&f_syu=sn&f_hi1=2026-06-13&f_hi2=2026-06-14&f_heya_su=1&f_otona_su=1&f_s1=0&f_s2=0&f_y1=0&f_y2=0&f_y3=0&f_y4=0&f_camp_id=3274004,0,2026-06-13,8800,8800,0,2026-06-13,kurume
68686,東横ＩＮＮ西鉄久留米駅東口,https://img.travel.rakuten.co.jp/image/tr/api/re/pvonD/?f_no=68686,https://img.travel.rakuten.co.jp/image/tr/api/re/vFumt/?f_no=68686&f_flg=PLAN,https://img.travel.rakuten.co.jp/image/tr/api/re/WzozX/?noTomariHotel=68686,https://img.travel.rakuten.co.jp/image/tr/api/re/gJNfM/?f_hotel_no=68686,とうよこいんにしてつくるめえきひがしぐち,大砲ラーメン本店まで車で5分の立地で出発を応援！朝食・小学生以下添い寝無料で安心空間を提供いたします,4541,119908.37,469885.67,830-0033,福岡県,久留米市天神町3-93-4,0942-35-1045,0942-35-1046,西鉄久留米駅中央東口（東口広場方面）からリベールの横を通って古賀病院方向へ徒歩２分,５６台（立体駐車場）　　　５００円/泊　　先着順　　高さ制限あり（2ｍまで）,西鉄久留米,https://img.travel.rakuten.co.jp/share/HOTEL/68686/68686.jpg,https://img.travel.rakuten.co.jp/HIMG/90/68686.jpg,https://img.travel.rakuten.co.jp/share/HOTEL/68686/68686_s.jpg,https://img.travel.rakuten.co.jp/HIMG/INTERIOR/68686.jpg,https://img.travel.rakuten.co.jp/share/HOTEL/68686/68686map.gif,672.0,4.1,"クチコミの詳細はこちらから　https://review.travel.rakuten.co.jp/hotel/voice/68686?reviewId=33123477816…　2026-06-08 22:57:18投稿 <a href=""https://img.travel.rakuten.co.jp/image/tr/api/re/gJNfM/?f_hotel_no=68686"" class=""3click"">つづきはこちら</a>",s,喫煙シングル,2725781.0,★【無料の元気朝食付】いつでも安心価格♪ビジネス・レジャーに！ 喫煙シングル,1,0,0,1,0,1,https://img.travel.rakuten.co.jp/image/tr/api/re/IdsCY/?f_no=68686&f_syu=s&f_hi1=2026-06-13&f_hi2=2026-06-14&f_heya_su=1&f_otona_su=1&f_s1=0&f_s2=0&f_y1=0&f_y2=0&f_y3=0&f_y4=0&f_camp_id=2725781,0,2026-06-13,9680,9680,0,2026-06-13,kurume
68074,久留米ホテルエスプリ,https://img.travel.rakuten.co.jp/image/tr/api/re/pvonD/?f_no=68074,https://img.travel.rakuten.co.jp/image/tr/api/re/vFumt/?f_no=68074&f_flg=PLAN,https://img.travel.rakuten.co.jp/image/tr/api/re/WzozX/?noTomariHotel=68074,https://img.travel.rakuten.co.jp/image/tr/api/re/gJNfM/?f_hotel_no=68074,くるめほてるえすぷり,西鉄久留米駅は目の前！21.60㎡～の広いお部屋とベッドが自慢♪駐車場＆会議室完備☆,3000,119909.11,469879.48,830-0032,福岡県,久留米市東町339,0942-31-1300,0942-31-1333,西鉄久留米駅から徒歩１分。JR久留米駅より車で5分。天神から電車で約30分。福岡空港より高速バスで約４５分,"有り　15台　1,000円（税込み／泊）　先着順　※提携駐車場も有り",西鉄久留米,https://img.travel.rakuten.co.jp/share/HOTEL/68074/68074.jpg,https://img.travel.rakuten.co.jp/HIMG/90/68074.jpg,https://img.travel.rakuten.co.jp/share/HOTEL/68074/68074_k1.jpg,https://img.travel.rakuten.co.jp/HIMG/INTERIOR/68074.jpg,https://img.travel.rakuten.co.jp/share/HOTEL/68074/68074map.gif,1322.0,3.85,"先ず、外装工事で外が全然見えません(事前案内あり?)。外か目隠しされており部屋が…　2026-05-30 17:12:20投稿 <a href=""https://img.travel.rakuten.co.jp/image/tr/api/re/gJNfM/?f_hotel_no=68074"" class=""3click"">つづきはこちら</a>",s,Espritクイーンルーム◆喫煙（旧エグゼクティブシングル),4524204.0,【広さと言えば！】Esprit特典なしプラン♪＜素泊まり＞,1,0,0,0,0,1,https://img.travel.rakuten.co.jp/image/tr/api/re/IdsCY/?f_no=68074&f_syu=s&f_hi1=2026-06-13&f_hi2=2026-06-14&f_heya_su=1&f_otona_su=1&f_s1=0&f_s2=0&f_y1=0&f_y2=0&f_y3=0&f_y4=0&f_camp_id=4524204,0,2026-06-13,14000,14000,0,2026-06-13,kurume
1373,ホテルニュープラザ久留米,https://img.travel.rakuten.co.jp/image/tr/api/re/pvonD/?f_no=1373,https://img.travel.rakuten.co.jp/image/tr/api/re/vFumt/?f_no=1373&f_flg=PLAN,https://img.travel.rakuten.co.jp/image/tr/api/re/WzozX/?noTomariHotel=1373,https://img.travel.rakuten.co.jp/image/tr/api/re/gJNfM/?f_hotel_no=1373,にゅーぷらざくるめ,西鉄久留米駅より徒歩7分、駐車スペースは200台、ビジネスからファミリーまで多様なお部屋タイプをご準備しております。,3500,119906.11,469864.36,830-0031,福岡県,久留米市六ッ門町16-1,0942-33-0010,0942-38-6583,西鉄久留米駅から徒歩7分。JR久留米駅から車で5分。広又バス停まで徒歩２分,普通車200台　 550円（税込/泊）　/　大型車（バス･トラック）は事前にホテルへご確認下さい,久留米,https://img.travel.rakuten.co.jp/share/HOTEL/1373/1373.jpg,https://img.travel.rakuten.co.jp/HIMG/90/1373.jpg,https://img.travel.rakuten.co.jp/share/HOTEL/1373/1373_sgl.jpg,https://img.travel.rakuten.co.jp/HIMG/INTERIOR/1373.jpg,https://img.travel.rakuten.co.jp/share/HOTEL/1373/1373map.gif,2477.0,3.68,"クチコミの詳細はこ…　2026-06-06 17:36:17投稿 <a href=""https://img.travel.rakuten.co.jp/image/tr/api/re/gJNfM/?f_hotel_no=1373"" class=""3click"">つづきはこちら</a>",sak,【禁煙】 スタンダードシングル,5798530.0,【オンラインカード決済限定】注意事項をご確認の上ご予約下さい。宿泊税別,1,0,0,0,0,2,https://img.travel.rakuten.co.jp/image/tr/api/re/IdsCY/?f_no=1373&f_syu=sak&f_hi1=2026-06-13&f_hi2=2026-06-14&f_heya_su=1&f_otona_su=1&f_s1=0&f_s2=0&f_y1=0&f_y2=0&f_y3=0&f_y4=0&f_camp_id=5798530,0,2026-06-13,7900,7900,0,2026-06-13,kurume
151388,ＨＯＴＥＬ　ＡＺ　福岡うきは店,https://img.travel.rakuten.co.jp/image/tr/api/re/pvonD/?f_no=151388,https://img.travel.rakuten.co.jp/image/tr/api/re/vFumt/?f_no=151388&f_flg=PLAN,https://img.travel.rakuten.co.jp/image/tr/api/re/WzozX/?noTomariHotel=151388,https://img.travel.rakuten.co.jp/image/tr/api/re/gJNfM/?f_hotel_no=151388,ほてる　えーぜっと　ふくおかうきはてん,杷木ＩＣより車で約7分！　駐車場無料・朝食無料・インターネット接続無料,4620,120011.29,470901.71,839-1403,福岡県,うきは市浮羽町東隈上314-4,0943-74-3311,0943-74-3312,九州自動車道　杷木ＩＣより車で約7分　ＪＲうきは駅よりお車にて約６分,無料駐車場92台あり　普通車：予約不要 、中型車・大型車：要予約,うきは,https://img.travel.rakuten.co.jp/share/HOTEL/151388/151388.jpg,https://img.travel.rakuten.co.jp/HIMG/90/151388.jpg,https://img.travel.rakuten.co.jp/share/HOTEL/151388/151388_kan1.jpg,https://img.travel.rakuten.co.jp/HIMG/INTERIOR/151388.jpg,https://img.travel.rakuten.co.jp/share/HOTEL/151388/151388map.gif,156.0,3.73,"クチコミの詳細はこちらから　https://review.travel.rakuten.co…　2026-05-19 20:53:18投稿 <a href=""https://img.travel.rakuten.co.jp/image/tr/api/re/gJNfM/?f_hotel_no=151388"" class=""3click"">つづきはこちら</a>",001,【喫煙】シングル,6106105.0,スタンダードプラン（朝食サービス）,1,0,0,1,0,1,https://img.travel.rakuten.co.jp/image/tr/api/re/IdsCY/?f_no=151388&f_syu=001&f_hi1=2026-06-13&f_hi2=2026-06-14&f_heya_su=1&f_otona_su=1&f_s1=0&f_s2=0&f_y1=0&f_y2=0&f_y3=0&f_y4=0&f_camp_id=6106105,0,2026-06-13,6380,6380,0,2026-06-13,kurume
72868,ＨＯＴＥＬ　ＡＺ　福岡甘木インター店,https://img.travel.rakuten.co.jp/image/tr/api/re/pvonD/?f_no=72868,https://img.travel.rakuten.co.jp/image/tr/api/re/vFumt/?f_no=72868&f_flg=PLAN,https://img.travel.rakuten.co.jp/image/tr/api/re/WzozX/?noTomariHotel=72868,https://img.travel.rakuten.co.jp/image/tr/api/re/gJNfM/?f_hotel_no=72868,ほてるえーぜっと　ふくおかあまぎいんたーてん,甘木インターすぐそばでアクセス良好！朝食無料！無料駐車場146台完備！全室インターネット接続OK！,5170,120252.35,470358.66,838-0068,福岡県,朝倉市甘木397-6,0946-21-3301,0946-21-3302,大分自動車道　甘木インターより車で１分　JR甘木駅より車で5分　　,無料駐車場146台あり　普通車：予約不要 、中型車・大型車：要予約,,https://img.travel.rakuten.co.jp/share/HOTEL/72868/72868.jpg,https://img.travel.rakuten.co.jp/HIMG/90/72868.jpg,,,https://img.travel.rakuten.co.jp/share/HOTEL/72868/72868map.gif,1116.0,3.93,"クチコミの詳細はこちらから　https://review.travel.raku…　2026-06-11 14:49:09投稿 <a href=""https://img.travel.rakuten.co.jp/image/tr/api/re/gJNfM/?f_hotel_no=72868"" class=""3click"">つづきはこちら</a>",sgln,【禁煙】シングル,6103612.0,スタンダードプラン（朝食サービス）,1,0,0,1,0,1,https://img.travel.rakuten.co.jp/image/tr/api/re/IdsCY/?f_no=72868&f_syu=sgln&f_hi1=2026-06-13&f_hi2=2026-06-14&f_heya_su=1&f_otona_su=1&f_s1=0&f_s2=0&f_y1=0&f_y2=0&f_y3=0&f_y4=0&f_camp_id=6103612,0,2026-06-13,6380,6380,0,2026-06-13,kurume
8746,エンナンホテル　久留米,https://img.travel.rakuten.co.jp/image/tr/api/re/pvonD/?f_no=8746,https://img.travel.rakuten.co.jp/image/tr/api/re/vFumt/?f_no=8746&f_flg=PLAN,https://img.travel.rakuten.co.jp/image/tr/api/re/WzozX/?noTomariHotel=8746,https://img.travel.rakuten.co.jp/image/tr/api/re/gJNfM/?f_hotel_no=8746,えんなんほてる　くるめ,西鉄久留米駅徒歩2分/デュベスタイル/チェックアウト11時/wifi・有線LAN完備/VOD無料/ウォシュレット完備,2770,119909.79,469877.0,830-0032,福岡県,久留米市東町29-10,0942-38-3811,0942-38-3818,西鉄久留米駅から徒歩2分、JR久留米駅から車にて5分、久留米ICから車で10分、福岡空港から西鉄高速バス(直通)45分。,●1台（普通車サイズ）で第一駐車場1泊900円、第二駐車場1泊600円です。（先着順：予約不可）,西鉄久留米,https://img.travel.rakuten.co.jp/share/HOTEL/8746/8746.jpg,https://img.travel.rakuten.co.jp/HIMG/90/8746.jpg,https://img.travel.rakuten.co.jp/share/HOTEL/8746/8746_si.jpg,https://img.travel.rakuten.co.jp/HIMG/INTERIOR/8746.jpg,https://img.travel.rakuten.co.jp/share/HOTEL/8746/8746map.gif,3310.0,3.59,"接客:女性フロントは丁寧だが男性フロントは無表情。チェックイン時に身…　2026-05-22 19:46:58投稿 <a href=""https://img.travel.rakuten.co.jp/image/tr/api/re/gJNfM/?f_hotel_no=8746"" class=""3click"">つづきはこちら</a>",0711dss,【喫煙】シングルルーム/14平米/ダブルベット,1872628.0,【素泊まり】西鉄久留米駅から徒歩3分★Wベッド★VOD見放題★大浴場・軟水風呂,1,0,0,0,0,1,https://img.travel.rakuten.co.jp/image/tr/api/re/IdsCY/?f_no=8746&f_syu=0711dss&f_hi1=2026-06-13&f_hi2=2026-06-14&f_heya_su=1&f_otona_su=1&f_s1=0&f_s2=0&f_y1=0&f_y2=0&f_y3=0&f_y4=0&f_camp_id=1872628,0,2026-06-13,7440,7440,0,2026-06-13,kurume
196704,いやし処ほてる寛楽　久留米駅前,https://img.travel.rakuten.co.jp/image/tr/api/re/pvonD/?f_no=196704,https://img.travel.rakuten.co.jp/image/tr/api/re/vFumt/?f_no=196704&f_flg=PLAN,https://img.travel.rakuten.co.jp/image/tr/api/re/WzozX/?noTomariHotel=196704,https://img.travel.rakuten.co.jp/image/tr/api/re/gJNfM/?f_hotel_no=196704,いやしどころほてる かんらく くるめえきまえ,日本を感じる「和」の雰囲気と「洋」の快適さを持ち お客様に「寛ぎ」と「楽しさ」をお届けします。,3620,119923.14,469881.24,830-0018,福岡県,久留米市通町108-4,0942-48-3388,0942-48-3308,西鉄久留米駅より車で4分　徒歩7分,なし,西鉄久留米,https://img.travel.rakuten.co.jp/share/HOTEL/196704/196704.jpg,https://img.travel.rakuten.co.jp/HIMG/90/196704.jpg,,,https://img.travel.rakuten.co.jp/share/HOTEL/196704/196704map.gif,136.0,4.06,"近隣の関連ホテルザ・セレクトンは泊ったことがあったので、今回はこちらのいやし処ほてる寛楽 久留米駅前を利用させていただきました。出来たばかりとあって、部屋…　2026-06-03 16:54:09投稿 <a href=""https://img.travel.rakuten.co.jp/image/tr/api/re/gJNfM/?f_hotel_no=196704"" class=""3click"">つづきはこちら</a>",stdouble,スタンダードダブル,6256299.0,【素泊り】スタンダードプラン★無料夕食あり！Wi-Fi＆男女別大浴場完備  ビジネスに最適♪,1,0,0,0,0,1,https://img.travel.rakuten.co.jp/image/tr/api/re/IdsCY/?f_no=196704&f_syu=stdouble&f_hi1=2026-06-13&f_hi2=2026-06-14&f_heya_su=1&f_otona_su=1&f_s1=0&f_s2=0&f_y1=0&f_y2=0&f_y3=0&f_y4=0&f_camp_id=6256299,0,2026-06-13,10500,10500,0,2026-06-13,kurume
198682,ＨＯＴＥＬ　Ｒ９　Ｔｈｅ　Ｙａｒｄ　大刀洗,https://img.travel.rakuten.co.jp/image/tr/api/re/pvonD/?f_no=198682,https://img.travel.rakuten.co.jp/image/tr/api/re/vFumt/?f_no=198682&f_flg=PLAN,https://img.travel.rakuten.co.jp/image/tr/api/re/WzozX/?noTomariHotel=198682,https://img.travel.rakuten.co.jp/image/tr/api/re/gJNfM/?f_hotel_no=198682,ほてる あーるないん ざ やーど たちあらい,筑後小郡ICより車で4分！大刀洗町への出張や観光の拠点に！カレーなど軽食サービス付,3900,120233.11,470147.2,830-1224,福岡県,三井郡大刀洗町鵜木1440-1,0942-48-6235,0942-48-6236,【電車】西鉄小郡駅より徒歩6分。【お車】筑後小郡ICより車で4分。,無料 有り 60台※大型車（2トントラック以上）をご利用の際は、事前にお電話でお問い合わせください。,西鉄小郡,https://img.travel.rakuten.co.jp/share/HOTEL/198682/198682.jpg,https://img.travel.rakuten.co.jp/HIMG/90/198682.jpg,,,https://img.travel.rakuten.co.jp/share/HOTEL/198682/198682map.gif,45.0,4.2,"クチコミの詳細はこちらから　https://review.travel.rakuten.…　2026-05-30 12:25:05投稿 <a href=""https://img.travel.rakuten.co.jp/image/tr/api/re/gJNfM/?f_hotel_no=198682"" class=""3click"">つづきはこちら</a>",double,【禁煙】ダブルルーム （約13平米/最大2名様）,6424887.0,【スタンダード】ビジネスや観光の拠点に♪軽食＆ホットドリンク付【駐車場至近＆無料】,1,0,0,0,0,1,https://img.travel.rakuten.co.jp/image/tr/api/re/IdsCY/?f_no=198682&f_syu=double&f_hi1=2026-06-13&f_hi2=2026-06-14&f_heya_su=1&f_otona_su=1&f_s1=0&f_s2=0&f_y1=0&f_y2=0&f_y3=0&f_y4=0&f_camp_id=6424887,0,2026-06-13,6500,6500,0,2026-06-13,kurume
438,久留米ワシントンホテルプラザ,https://img.travel.rakuten.co.jp/image/tr/api/re/pvonD/?f_no=438,https://img.travel.rakuten.co.jp/image/tr/api/re/vFumt/?f_no=438&f_flg=PLAN,https://img.travel.rakuten.co.jp/image/tr/api/re/WzozX/?noTomariHotel=438,https://img.travel.rakuten.co.jp/image/tr/api/re/gJNfM/?f_hotel_no=438,くるめ　わしんとんほてるぷらざ,全室高速Wi-fi接続＆加湿空気清浄機＆USBコンセント完備●西鉄「久留米」駅より徒歩約5分（福岡天神から30~40分）,4200,119915.32,469873.34,830-0032,福岡県,久留米市東町34-2,0942-32-0410,0942-39-2778,西鉄「久留米」より徒歩約5分　※ＪＲ久留米駅からはお車にて約5分。注）駐車場はございません。,施設内に駐車場がございません。※周辺パーキングに駐車をお願いいたします。(有料),久留米,https://img.travel.rakuten.co.jp/share/HOTEL/438/438.jpg,https://img.travel.rakuten.co.jp/HIMG/90/438.jpg,https://img.travel.rakuten.co.jp/share/HOTEL/438/438_rm.jpg,https://img.travel.rakuten.co.jp/HIMG/INTERIOR/438.jpg,https://img.travel.rakuten.co.jp/share/HOTEL/438/438map.gif,1469.0,3.63,"クチコミの詳細はこちらから　h…　2026-05-25 13:19:31投稿 <a href=""https://img.travel.rakuten.co.jp/image/tr/api/re/gJNfM/?f_hotel_no=438"" class=""3click"">つづきはこちら</a>",sb101,シングル【禁煙】,2828508.0,学割プラン・ 学生証をご提示下さい（食事なし）,1,0,0,0,0,1,https://img.travel.rakuten.co.jp/image/tr/api/re/IdsCY/?f_no=438&f_syu=sb101&f_hi1=2026-06-13&f_hi2=2026-06-14&f_heya_su=1&f_otona_su=1&f_s1=0&f_s2=0&f_y1=0&f_y2=0&f_y3=0&f_y4=0&f_camp_id=2828508,0,2026-06-13,8600,8600,0,2026-06-13,kurume
39624,萃香園ホテル,https://img.travel.rakuten.co.jp/image/tr/api/re/pvonD/?f_no=39624,https://img.travel.rakuten.co.jp/image/tr/api/re/vFumt/?f_no=39624&f_flg=PLAN,https://img.travel.rakuten.co.jp/image/tr/api/re/WzozX/?noTomariHotel=39624,https://img.travel.rakuten.co.jp/image/tr/api/re/gJNfM/?f_hotel_no=39624,すいこうえん　ほてる,四季折々の姿を見せる日本庭園が彩る癒しと安らぎの空間・・・,5000,119942.89,469859.41,830-0013,福岡県,久留米市櫛原町87,0942-35-5351,0942-35-5356,ＪＲ 久留米駅・西鉄 久留米駅双方よりお車で5分／高速道路久留米I.C.よりお車で約10分,60台有(無料）：必ずご準備いたしますので、スタッフにお問い合わせください。,久留米,https://img.travel.rakuten.co.jp/share/HOTEL/39624/39624.jpg,https://img.travel.rakuten.co.jp/HIMG/90/39624.jpg,https://img.travel.rakuten.co.jp/share/HOTEL/39624/39624_room.jpg,https://img.travel.rakuten.co.jp/HIMG/INTERIOR/39624.jpg,https://img.travel.rakuten.co.jp/share/HOTEL/39624/39624map.gif,249.0,4.41,"フロント等接客の方々はとても対応が良かったですし、お水もペットボトルがありましたし、タオルも余分にありました。施設が古いので、コンセントが少なく不便で、鍵もスムーズに開か…　2026-06-01 08:27:27投稿 <a href=""https://img.travel.rakuten.co.jp/image/tr/api/re/gJNfM/?f_hotel_no=39624"" class=""3click"">つづきはこちら</a>",esp,エグゼクティヴスイート【禁煙】,6109685.0,萃香園ホテル【素泊まり】プラン,1,0,0,0,0,1,https://img.travel.rakuten.co.jp/image/tr/api/re/IdsCY/?f_no=39624&f_syu=esp&f_hi1=2026-06-13&f_hi2=2026-06-14&f_heya_su=1&f_otona_su=1&f_s1=0&f_s2=0&f_y1=0&f_y2=0&f_y3=0&f_y4=0&f_camp_id=6109685,0,2026-06-13,35200,35200,0,2026-06-13,kurume
1586,ハイネスホテル久留米,https://img.travel.rakuten.co.jp/image/tr/api/re/pvonD/?f_no=1586,https://img.travel.rakuten.co.jp/image/tr/api/re/vFumt/?f_no=1586&f_flg=PLAN,https://img.travel.rakuten.co.jp/image/tr/api/re/WzozX/?noTomariHotel=1586,https://img.travel.rakuten.co.jp/image/tr/api/re/gJNfM/?f_hotel_no=1586,はいねすほてる　くるめ,西鉄久留米駅より徒歩0分！ 全室無線LAN完備！空気清浄機＆加湿器貸出あり！,2650,119912.46,469888.81,830-0033,福岡県,久留米市天神町1-6,0942-32-7211,0942-32-7998,西鉄電車：天神大牟田線「西鉄久留米駅」東口より徒歩0分　※玄関は１階、ホテル玄関横には筑邦銀行国道通支店入口,【ニューウエダ駐車場】営業時間:1泊(14時〜翌朝11時) 800円※24時間営業(下記注意事項参照,西鉄久留米,https://img.travel.rakuten.co.jp/share/HOTEL/1586/1586.jpg,https://img.travel.rakuten.co.jp/HIMG/90/1586.jpg,https://img.travel.rakuten.co.jp/share/HOTEL/1586/1586_twn.jpg,https://img.travel.rakuten.co.jp/HIMG/INTERIOR/1586.jpg,https://img.travel.rakuten.co.jp/share/HOTEL/1586/1586map.gif,1532.0,4.13,"西鉄久留米駅に直結してるのでとても便利です。インバウンドの影響で天神、博多のホテルがビジネスなのに高級ホテルの価格になっている事を考えると、このホテルに泊まり、往…　2026-06-04 00:41:01投稿 <a href=""https://img.travel.rakuten.co.jp/image/tr/api/re/gJNfM/?f_hotel_no=1586"" class=""3click"">つづきはこちら</a>",sgl,シングル 【喫煙】 無線LAN完備,3663089.0,【楽天限定】四季おりおり☆春夏秋冬☆宿泊プラン　宿泊税別,1,0,0,0,0,1,https://img.travel.rakuten.co.jp/image/tr/api/re/IdsCY/?f_no=1586&f_syu=sgl&f_hi1=2026-06-13&f_hi2=2026-06-14&f_heya_su=1&f_otona_su=1&f_s1=0&f_s2=0&f_y1=0&f_y2=0&f_y3=0&f_y4=0&f_camp_id=3663089,0,2026-06-13,7000,7000,0,2026-06-13,kurume
8080,ビジネスイン・シーガル,https://img.travel.rakuten.co.jp/image/tr/api/re/pvonD/?f_no=8080,https://img.travel.rakuten.co.jp/image/tr/api/re/vFumt/?f_no=8080&f_flg=PLAN,https://img.travel.rakuten.co.jp/image/tr/api/re/WzozX/?noTomariHotel=8080,https://img.travel.rakuten.co.jp/image/tr/api/re/gJNfM/?f_hotel_no=8080,びじねすいん・しーがる,久留米市花畑の静かでシンプルなホテル。客室無料LAN、フリーWi-Fi。長期は特にオトク。大型コインランドリー付帯。,4000,119895.68,469856.04,830-0039,福岡県,久留米市花畑 1-1-4,0942-38-4111,0942-32-7500,福岡天神から特急で直30分、JR久留米駅より車で5分、西鉄花畑駅より徒歩3分、久留米インターより車で15分、駐車場無料,無料：15台　先着順*満車の場合は近隣有料駐車場のご案内(500円/日前後)。大型車は別途ご相談。,久留米,https://img.travel.rakuten.co.jp/share/HOTEL/8080/8080.jpg,https://img.travel.rakuten.co.jp/HIMG/90/8080.jpg,https://img.travel.rakuten.co.jp/share/HOTEL/8080/8080_room.jpg,https://img.travel.rakuten.co.jp/HIMG/INTERIOR/8080.jpg,https://img.travel.rakuten.co.jp/share/HOTEL/8080/8080map.gif,314.0,4.11,"クチコミの詳細はこちらから　https://review.travel.rakuten.co.jp/hotel/v…　2026-06-06 23:59:27投稿 <a href=""https://img.travel.rakuten.co.jp/image/tr/api/re/gJNfM/?f_hotel_no=8080"" class=""3click"">つづきはこちら</a>",single,シングル,2264841.0,シングル楽天プラン [Basic Single],1,0,0,0,0,1,https://img.travel.rakuten.co.jp/image/tr/api/re/IdsCY/?f_no=8080&f_syu=single&f_hi1=2026-06-13&f_hi2=2026-06-14&f_heya_su=1&f_otona_su=1&f_s1=0&f_s2=0&f_y1=0&f_y2=0&f_y3=0&f_y4=0&f_camp_id=2264841,0,2026-06-13,6000,6000,0,2026-06-13,kurume
79319,ホテルマリターレ創世　久留米,https://img.travel.rakuten.co.jp/image/tr/api/re/pvonD/?f_no=79319,https://img.travel.rakuten.co.jp/image/tr/api/re/vFumt/?f_no=79319&f_flg=PLAN,https://img.travel.rakuten.co.jp/image/tr/api/re/WzozX/?noTomariHotel=79319,https://img.travel.rakuten.co.jp/image/tr/api/re/gJNfM/?f_hotel_no=79319,まりたーれそうせい　くるめ,広々とした客室にはヨーロッパからの直輸入家具にジャグジーを完備！ごゆっくりお寛ぎいただけます。,5900,119957.48,469870.87,830-0003,福岡県,久留米市東櫛原町900,0942-35-5211,0942-48-1121,ＪＲ久留米駅・西鉄久留米駅から車で約１０分,有り　２００台　無料　予約不要,久留米,https://img.travel.rakuten.co.jp/share/HOTEL/79319/79319.jpg,https://img.travel.rakuten.co.jp/HIMG/90/79319.jpg,https://img.travel.rakuten.co.jp/share/HOTEL/79319/79319_b.jpg,https://img.travel.rakuten.co.jp/HIMG/INTERIOR/79319.jpg,https://img.travel.rakuten.co.jp/share/HOTEL/79319/79319map.gif,221.0,4.04,"博多周辺で泊まるよ…　2026-05-13 16:42:55投稿 <a href=""https://img.travel.rakuten.co.jp/image/tr/api/re/gJNfM/?f_hotel_no=79319"" class=""3click"">つづきはこちら</a>",dsa,【禁煙】デラックスシングル☆広々 ３１平米,6466317.0,【素泊まり】ラッキー★プラン【全室禁煙】,1,0,0,0,0,1,https://img.travel.rakuten.co.jp/image/tr/api/re/IdsCY/?f_no=79319&f_syu=dsa&f_hi1=2026-06-13&f_hi2=2026-06-14&f_heya_su=1&f_otona_su=1&f_s1=0&f_s2=0&f_y1=0&f_y2=0&f_y3=0&f_y4=0&f_camp_id=6466317,0,2026-06-13,9200,9200,0,2026-06-13,kurume
196481,ＨＯＴＥＬ　Ｒ９　Ｔｈｅ　Ｙａｒｄ　筑前,https://img.travel.rakuten.co.jp/image/tr/api/re/pvonD/?f_no=196481,https://img.travel.rakuten.co.jp/image/tr/api/re/vFumt/?f_no=196481&f_flg=PLAN,https://img.travel.rakuten.co.jp/image/tr/api/re/WzozX/?noTomariHotel=196481,https://img.travel.rakuten.co.jp/image/tr/api/re/gJNfM/?f_hotel_no=196481, あーるないん ざ やーど ちくぜん,筑後小郡ICより車で12分！スーパー・コンビニ至近★周辺に工業団地が多数◎無料軽食付,3900,120423.38,470166.52,838-0215,福岡県,朝倉郡筑前町篠隈183-8,0946-28-8202,0946-28-8203,【電車】筑紫駅より車で約１４分。原田駅より車で約１２分。【お車】筑後小郡ＩＣより車で約１２分。,無料 有り 47台※大型車（2トントラック以上）をご利用の際は、事前にお電話でお問い合わせください。,原田（福岡）,https://img.travel.rakuten.co.jp/share/HOTEL/196481/196481.jpg,https://img.travel.rakuten.co.jp/HIMG/90/196481.jpg,,,https://img.travel.rakuten.co.jp/share/HOTEL/196481/196481map.gif,58.0,4.33,"…　2026-06-08 15:22:43投稿 <a href=""https://img.travel.rakuten.co.jp/image/tr/api/re/gJNfM/?f_hotel_no=196481"" class=""3click"">つづきはこちら</a>",double,【禁煙】ダブルルーム （約13平米/最大2名様）,6226582.0,【スタンダード】ビジネスや観光の拠点に♪軽食＆ホットドリンク付【駐車場至近＆無料】,1,0,0,0,0,1,https://img.travel.rakuten.co.jp/image/tr/api/re/IdsCY/?f_no=196481&f_syu=double&f_hi1=2026-06-13&f_hi2=2026-06-14&f_heya_su=1&f_otona_su=1&f_s1=0&f_s2=0&f_y1=0&f_y2=0&f_y3=0&f_y4=0&f_camp_id=6226582,0,2026-06-13,9200,9200,0,2026-06-13,kurume
167668,ホステル　イルファーロ久留米,https://img.travel.rakuten.co.jp/image/tr/api/re/pvonD/?f_no=167668,https://img.travel.rakuten.co.jp/image/tr/api/re/vFumt/?f_no=167668&f_flg=PLAN,https://img.travel.rakuten.co.jp/image/tr/api/re/WzozX/?noTomariHotel=167668,https://img.travel.rakuten.co.jp/image/tr/api/re/gJNfM/?f_hotel_no=167668,ほすてる　いるふぁーろくるめ,西鉄久留米駅より徒歩1分。提携駐車場有。朝食無料。無料wifi有。,3740,119915.01,469881.77,830-0032,福岡県,久留米市東町38-13,0942-65-7140,0942-65-7168,西鉄久留米駅西口より徒歩1分。西鉄福岡（天神）駅より特急で約30分。久留米インターから車で10分の好アクセス！,提携コインパーキング600円（三井のリパーク）詳細は駐車場MAPをご確認ください。,久留米,https://img.travel.rakuten.co.jp/share/HOTEL/167668/167668.jpg,https://img.travel.rakuten.co.jp/HIMG/90/167668.jpg,https://img.travel.rakuten.co.jp/share/HOTEL/167668/167668_kan1.jpg,https://img.travel.rakuten.co.jp/HIMG/INTERIOR/167668.jpg,https://img.travel.rakuten.co.jp/share/HOTEL/167668/167668map.gif,446.0,4.07,"また立地もよく西鉄久留米までは1.2分 周りには居酒…　2026-06-01 18:20:54投稿 <a href=""https://img.travel.rakuten.co.jp/image/tr/api/re/gJNfM/?f_hotel_no=167668"" class=""3click"">つづきはこちら</a>",111,【男性専用】シングル／4.7平米,6402013.0,【10％OFF】【楽天スーパーSALE】駅近徒歩1分／アメニティ付快適Stay♪,1,0,0,0,0,1,https://img.travel.rakuten.co.jp/image/tr/api/re/IdsCY/?f_no=167668&f_syu=111&f_hi1=2026-06-13&f_hi2=2026-06-14&f_heya_su=1&f_otona_su=1&f_s1=0&f_s2=0&f_y1=0&f_y2=0&f_y3=0&f_y4=0&f_camp_id=6402013,0,2026-06-13,5544,5544,0,2026-06-13,kurume
40373,甘木観光ホテル　甘木館,https://img.travel.rakuten.co.jp/image/tr/api/re/pvonD/?f_no=40373,https://img.travel.rakuten.co.jp/image/tr/api/re/vFumt/?f_no=40373&f_flg=PLAN,https://img.travel.rakuten.co.jp/image/tr/api/re/WzozX/?noTomariHotel=40373,https://img.travel.rakuten.co.jp/image/tr/api/re/gJNfM/?f_hotel_no=40373,あまぎ　かんこうほてる　あまぎかん,豊富なミネラルを含んだお風呂とサウナ・水風呂が人気のお宿です♪本格和食と毎月変わる大衆演劇もオススメ☆彡,4510,120326.34,470360.69,838-0068,福岡県,朝倉市甘木2091,0946-22-3344,0946-24-1067,西鉄 甘木駅より車で５分／甘木鉄道　甘木駅より車で５分／福岡空港より車で４０分、県道112号線沿い甘木橋横,有り　６０台　無料　先着順,甘木,https://img.travel.rakuten.co.jp/share/HOTEL/40373/40373.jpg,https://img.travel.rakuten.co.jp/HIMG/90/40373.jpg,https://img.travel.rakuten.co.jp/share/HOTEL/40373/40373_ba.jpg,https://img.travel.rakuten.co.jp/HIMG/INTERIOR/40373.jpg,https://img.travel.rakuten.co.jp/share/HOTEL/40373/40373map.gif,58.0,3.44,"クチコミの詳細はこちらから　htt…　2026-03-16 13:04:55投稿 <a href=""https://img.travel.rakuten.co.jp/image/tr/api/re/gJNfM/?f_hotel_no=40373"" class=""3click"">つづきはこちら</a>",wa8,フリーシングル【旧館／バス・トイレ共有】,6462818.0,【素泊り・フリーシングル】お値段重視！お得に泊まれるシンプルステイ◆サウナでととのう♪,1,0,0,0,0,1,https://img.travel.rakuten.co.jp/image/tr/api/re/IdsCY/?f_no=40373&f_syu=wa8&f_hi1=2026-06-13&f_hi2=2026-06-14&f_heya_su=1&f_otona_su=1&f_s1=0&f_s2=0&f_y1=0&f_y2=0&f_y3=0&f_y4=0&f_camp_id=6462818,0,2026-06-13,6710,6710,0,2026-06-13,kurume
160640,ニュー筑水荘,https://img.travel.rakuten.co.jp/image/tr/api/re/pvonD/?f_no=160640,https://img.travel.rakuten.co.jp/image/tr/api/re/vFumt/?f_no=160640&f_flg=PLAN,https://img.travel.rakuten.co.jp/image/tr/api/re/WzozX/?noTomariHotel=160640,https://img.travel.rakuten.co.jp/image/tr/api/re/gJNfM/?f_hotel_no=160640,にゅーちくすいそう,2022年9月一部リニューアル済！天然温泉と美味しい料理でおもてなし。ビジネスも観光もお待ちしております！,4950,120054.27,470800.17,839-1304,福岡県,うきは市吉井町千年596,0943-74-5555,0943-74-5566,筑後吉井駅から車で約10分。朝倉I.Cから車で約15分。博多からは高速バスで朝倉迄が早くてお得！,有り　１００台　無料　予約不要,うきは,https://img.travel.rakuten.co.jp/share/HOTEL/160640/160640.jpg,https://img.travel.rakuten.co.jp/HIMG/90/160640.jpg,https://img.travel.rakuten.co.jp/share/HOTEL/160640/160640_sho1.jpg,https://img.travel.rakuten.co.jp/HIMG/INTERIOR/160640.jpg,https://img.travel.rakuten.co.jp/share/HOTEL/160640/160640map.gif,71.0,4.02,"宿の一…　2026-06-08 10:07:09投稿 <a href=""https://img.travel.rakuten.co.jp/image/tr/api/re/gJNfM/?f_hotel_no=160640"" class=""3click"">つづきはこちら</a>",3w6,３Ｆ和室６畳【シングルベッド】,5559985.0,【素泊り】ビジネスに湯治に☆温泉素泊り♪,1,0,0,0,0,1,https://img.travel.rakuten.co.jp/image/tr/api/re/IdsCY/?f_no=160640&f_syu=3w6&f_hi1=2026-06-13&f_hi2=2026-06-14&f_heya_su=1&f_otona_su=1&f_s1=0&f_s2=0&f_y1=0&f_y2=0&f_y3=0&f_y4=0&f_camp_id=5559985,0,2026-06-13,7150,7150,0,2026-06-13,kurume
187885,フェアフィールド・バイ・マリオット・福岡うきは,https://img.travel.rakuten.co.jp/image/tr/api/re/pvonD/?f_no=187885,https://img.travel.rakuten.co.jp/image/tr/api/re/vFumt/?f_no=187885&f_flg=PLAN,https://img.travel.rakuten.co.jp/image/tr/api/re/WzozX/?noTomariHotel=187885,https://img.travel.rakuten.co.jp/image/tr/api/re/gJNfM/?f_hotel_no=187885,ふぇあふぃーるど･ばい･まりおっと･ふくおかうきは,筑後平野を一望できる道の駅「うきは」に隣接。観光農園でフルーツ狩りや風情豊な筑後吉井の白壁のまち並み散策も◎,5445,119990.79,470957.82,839-1408,福岡県,うきは市浮羽町山北734-6,06-6743-4750,06-6743-4584,JRうきは駅より車で約7分。杷木 ICより車で10分。,有：【ホテル専用駐車場／ホテル裏共同利用駐車場】をご利用ください（先着順）,うきは,https://img.travel.rakuten.co.jp/share/HOTEL/187885/187885.jpg,https://img.travel.rakuten.co.jp/HIMG/90/187885.jpg,,,https://img.travel.rakuten.co.jp/share/HOTEL/187885/187885map.gif,29.0,4.56,"クチコ…　2026-03-24 13:08:06投稿 <a href=""https://img.travel.rakuten.co.jp/image/tr/api/re/gJNfM/?f_hotel_no=187885"" class=""3click"">つづきはこちら</a>",ukiking,【禁煙】キングルーム　25平米/ベッド幅180cm×1台,6431378.0,＜1泊限定・最大20％OFF＞道の駅の日キャンペーンプラン,1,0,0,0,0,2,https://img.travel.rakuten.co.jp/image/tr/api/re/IdsCY/?f_no=187885&f_syu=ukiking&f_hi1=2026-06-13&f_hi2=2026-06-14&f_heya_su=1&f_otona_su=1&f_s1=0&f_s2=0&f_y1=0&f_y2=0&f_y3=0&f_y4=0&f_camp_id=6431378,0,2026-06-13,17424,17424,0,2026-06-13,kurume
199493,ＲＥＮＶＩ　Ｕｋｉｈａ〜福岡の宿〜／民泊,https://img.travel.rakuten.co.jp/image/tr/api/re/pvonD/?f_no=199493,https://img.travel.rakuten.co.jp/image/tr/api/re/vFumt/?f_no=199493&f_flg=PLAN,,https://img.travel.rakuten.co.jp/image/tr/api/re/gJNfM/?f_hotel_no=199493,,うきはの一棟貸し。筑後吉井駅徒歩15分。最大9名。,7888,120048.39,470708.56,839-1306,福岡県,うきは市吉井町新治696-1-1,090-7547-8648,00-0000-0000,筑後吉井駅から徒歩で5分,あり,筑後吉井,https://img.travel.rakuten.co.jp/share/HOTEL/199493/199493.jpg,https://img.travel.rakuten.co.jp/HIMG/90/199493.jpg,,,https://img.travel.rakuten.co.jp/share/HOTEL/199493/199493map.gif,,,,r21292_9,RENVI Ukiha〜福岡の宿〜,6417589.0,一棟貸切|最大9名|筑後吉井駅から平坦な道を歩いて15分|空港から車50分|,1,0,0,0,0,2,https://img.travel.rakuten.co.jp/image/tr/api/re/IdsCY/?f_no=199493&f_syu=r21292_9&f_hi1=2026-06-13&f_hi2=2026-06-14&f_heya_su=1&f_otona_su=1&f_s1=0&f_s2=0&f_y1=0&f_y2=0&f_y3=0&f_y4=0&f_camp_id=6417589,0,2026-06-13,40600,40600,0,2026-06-13,kurume
195909,杷木松末アウトドアヴィレッジ,https://img.travel.rakuten.co.jp/image/tr/api/re/pvonD/?f_no=195909,https://img.travel.rakuten.co.jp/image/tr/api/re/vFumt/?f_no=195909&f_flg=PLAN,,https://img.travel.rakuten.co.jp/image/tr/api/re/gJNfM/?f_hotel_no=195909,はきますえあうとどあヴぃれっじ,BBQ・焚火・天然温泉・飲み放題付き◎冷暖房完備のグランピング体験！ご家族や友人と夏のアウトドアを気軽に満喫！,12870,120205.9,471004.94,838-1502,福岡県,朝倉市杷木松末　字相ケ谷849,050-5482-3331,000-000-0000,福岡空港より車で約１時間半、大分自動車道杷木ICより約１０分,有り　２０台　無料　予約不要,福岡空港,https://img.travel.rakuten.co.jp/share/HOTEL/195909/195909.jpg,https://img.travel.rakuten.co.jp/HIMG/90/195909.jpg,,,https://img.travel.rakuten.co.jp/share/HOTEL/195909/195909map.gif,13.0,4.23,,dm3,3名定員DOMEテント 冷暖房完備（ペット可能）,6251712.0,【食材持ち込みプラン】焚き火×飲み放題でまったり時間♪ BBQ機材レンタル無料！(食材なし),1,0,0,0,0,2,https://img.travel.rakuten.co.jp/image/tr/api/re/IdsCY/?f_no=195909&f_syu=dm3&f_hi1=2026-06-13&f_hi2=2026-06-14&f_heya_su=1&f_otona_su=1&f_s1=0&f_s2=0&f_y1=0&f_y2=0&f_y3=0&f_y4=0&f_camp_id=6251712,0,2026-06-13,22000,22000,0,2026-06-13,kurume
141342,天然田園温泉ふかほり邸,https://img.travel.rakuten.co.jp/image/tr/api/re/pvonD/?f_no=141342,https://img.travel.rakuten.co.jp/image/tr/api/re/vFumt/?f_no=141342&f_flg=PLAN,https://img.travel.rakuten.co.jp/image/tr/api/re/WzozX/?noTomariHotel=141342,https://img.travel.rakuten.co.jp/image/tr/api/re/gJNfM/?f_hotel_no=141342,てんねんでんえんおんせんふかほりてい,4千坪の広大な敷地に【露天風呂付き客室が全7室】門をくぐると、広がる非日常空間…。自然食とかけ流し温泉を愉しむ癒しの宿。,47700,119696.04,469776.61,830-0111,福岡県,久留米市三潴町西牟田6552,0942-54-6681,0942-54-6682,ＪＲ鹿児島本線西牟田駅下車、車で約5分。／西鉄大牟田線大善寺駅下車、車で約10分／九州自動車道　広川ICより約20分,有り　１２台　無料　予約不要,西牟田,https://img.travel.rakuten.co.jp/share/HOTEL/141342/141342.jpg,https://img.travel.rakuten.co.jp/HIMG/90/141342.jpg,https://img.travel.rakuten.co.jp/share/HOTEL/141342/141342_kya1.jpg,https://img.travel.rakuten.co.jp/HIMG/INTERIOR/141342.jpg,https://img.travel.rakuten.co.jp/share/HOTEL/141342/141342map.gif,39.0,4.8,,7,【むくろじゅ】プライベートサウナ付のひっそりと佇む旧家母屋,6010159.0,【10％OFF】【楽天スーパーSALE】露天風呂付客室で美肌の湯を心ゆくまで。自然食会席／2食付,1,1,0,1,0,1,https://img.travel.rakuten.co.jp/image/tr/api/re/IdsCY/?f_no=141342&f_syu=7&f_hi1=2026-06-13&f_hi2=2026-06-14&f_heya_su=1&f_otona_su=1&f_s1=0&f_s2=0&f_y1=0&f_y2=0&f_y3=0&f_y4=0&f_camp_id=6010159,0,2026-06-13,117450,117450,0,2026-06-13,kurume
192781,蝶がきらめくお宿　雪月花せつげっか,https://img.travel.rakuten.co.jp/image/tr/api/re/pvonD/?f_no=192781,https://img.travel.rakuten.co.jp/image/tr/api/re/vFumt/?f_no=192781&f_flg=PLAN,https://img.travel.rakuten.co.jp/image/tr/api/re/WzozX/?noTomariHotel=192781,https://img.travel.rakuten.co.jp/image/tr/api/re/gJNfM/?f_hotel_no=192781,ちょうがきらめくおやど　せつげっかせつげっか,トロつる温泉の露天風呂付きお部屋,14000,120060.28,470814.05,838-1521,福岡県,朝倉市杷木志波21-1,0946-23-9988,0946-23-9877,博多駅より日田行 高速バスで約70分。杷木バス停下車タクシー約5分,有り　60台　無料　要予約,福岡空港,https://img.travel.rakuten.co.jp/share/HOTEL/192781/192781.jpg,https://img.travel.rakuten.co.jp/HIMG/90/192781.jpg,,,https://img.travel.rakuten.co.jp/share/HOTEL/192781/192781map.gif,13.0,4.29,,kira,和洋室【綺羅】※禁煙,6097172.0,【素泊まり】〜2024年4月完成！全室客室露天風呂付〜静寂のひとときを感じながら贅沢な癒しを満喫♪,1,0,0,0,0,1,https://img.travel.rakuten.co.jp/image/tr/api/re/IdsCY/?f_no=192781&f_syu=kira&f_hi1=2026-06-13&f_hi2=2026-06-14&f_heya_su=1&f_otona_su=1&f_s1=0&f_s2=0&f_y1=0&f_y2=0&f_y3=0&f_y4=0&f_camp_id=6097172,0,2026-06-13,30000,30000,0,2026-06-13,kurume
179183,久大ホテル・ガレノス久留米,https://img.travel.rakuten.co.jp/image/tr/api/re/pvonD/?f_no=179183,https://img.travel.rakuten.co.jp/image/tr/api/re/vFumt/?f_no=179183&f_flg=PLAN,https://img.travel.rakuten.co.jp/image/tr/api/re/WzozX/?noTomariHotel=179183,https://img.travel.rakuten.co.jp/image/tr/api/re/gJNfM/?f_hotel_no=179183,きゅうだいほてる・がれのすくるめ,久留米・久留米大学を訪れるすべての皆様のために、穏やかで、温かく、ホッとできる空間をご提供致します。,4840,120004.64,469855.08,830-0001,福岡県,久留米市小森野4-8-10,0942-48-1301,0942-48-1312,ＪＲ　久留米駅よりお車にて約１０分,1泊　440円,久留米,https://img.travel.rakuten.co.jp/share/HOTEL/179183/179183.jpg,https://img.travel.rakuten.co.jp/HIMG/90/179183.jpg,,,https://img.travel.rakuten.co.jp/share/HOTEL/179183/179183map.gif,14.0,4.67,,031605,ガレノスキング,5499390.0,【特別価格】素泊まりプラン,1,0,0,0,0,1,https://img.travel.rakuten.co.jp/image/tr/api/re/IdsCY/?f_no=179183&f_syu=031605&f_hi1=2026-06-13&f_hi2=2026-06-14&f_heya_su=1&f_otona_su=1&f_s1=0&f_s2=0&f_y1=0&f_y2=0&f_y3=0&f_y4=0&f_camp_id=5499390,0,2026-06-13,7480,7480,0,2026-06-13,kurume
1975,西鉄イン小倉,https://img.travel.rakuten.co.jp/image/tr/api/re/pvonD/?f_no=1975,https://img.travel.rakuten.co.jp/image/tr/api/re/vFumt/?f_no=1975&f_flg=PLAN,https://img.travel.rakuten.co.jp/image/tr/api/re/WzozX/?noTomariHotel=1975,https://img.travel.rakuten.co.jp/image/tr/api/re/gJNfM/?f_hotel_no=1975,にしてついん　こくら,【JR小倉駅から徒歩５分】大浴場・サウナ・水風呂でととのう駅近ホテル,4815,121970.5,471191.33,802-0003,福岡県,北九州市小倉北区米町1-4-11  ,093-511-5454,093-511-5424,JR小倉駅 小倉城口(モノレール側）より徒歩約5分　北九州空港・福岡空港より高速バスで1本,"有り（先着順・予約不可）　15時〜翌10時　1,200円（税込）　ハイルーフ枠有2.05mまで",小倉（福岡）,https://img.travel.rakuten.co.jp/share/HOTEL/1975/1975.jpg,https://img.travel.rakuten.co.jp/HIMG/90/1975.jpg,https://img.travel.rakuten.co.jp/share/HOTEL/1975/1975_r1.jpg,https://img.travel.rakuten.co.jp/HIMG/INTERIOR/1975.jpg,https://img.travel.rakuten.co.jp/share/HOTEL/1975/1975map.gif,6787.0,4.09,"クチコミの詳細はこちらから　https…　2026-06-11 12:25:50投稿 <a href=""https://img.travel.rakuten.co.jp/image/tr/api/re/gJNfM/?f_hotel_no=1975"" class=""3click"">つづきはこちら</a>",sn2-kkr,新館【禁煙】シングルルーム　ベッド幅140cm,3651988.0,【スタンダードプラン】直前予約OK！大浴場＆サウナで整う癒しのご褒美ステイ♪＜素泊まり＞,1,0,0,0,0,1,https://img.travel.rakuten.co.jp/image/tr/api/re/IdsCY/?f_no=1975&f_syu=sn2-kkr&f_hi1=2026-06-13&f_hi2=2026-06-14&f_heya_su=1&f_otona_su=1&f_s1=0&f_s2=0&f_y1=0&f_y2=0&f_y3=0&f_y4=0&f_camp_id=3651988,0,2026-06-13,21000,21000,0,2026-06-13,kitakyusyu
151178,ダイワロイネットホテル小倉駅前,https://img.travel.rakuten.co.jp/image/tr/api/re/pvonD/?f_no=151178,https://img.travel.rakuten.co.jp/image/tr/api/re/vFumt/?f_no=151178&f_flg=PLAN,https://img.travel.rakuten.co.jp/image/tr/api/re/WzozX/?noTomariHotel=151178,https://img.travel.rakuten.co.jp/image/tr/api/re/gJNfM/?f_hotel_no=151178,だいわろいねっとほてるこくらえきまえ,『好立地！』魚町商店街まで徒歩1分！★チェックイン14：00～チェックアウト11：00★,6712,121972.65,471181.32,802-0006,福岡県,北九州市小倉北区魚町1-5-14,093-513-7580,093-513-7581,ＪＲ　小倉駅　小倉城口（南口）より徒歩にて約４分◆JR　博多駅から新幹線で約20分（ひと駅）◆モノレール沿い,"先着28台 1泊(14時〜翌11時) 1,300円（サイズ制限有)",小倉（福岡）,https://img.travel.rakuten.co.jp/share/HOTEL/151178/151178.jpg,https://img.travel.rakuten.co.jp/HIMG/90/151178.jpg,https://img.travel.rakuten.co.jp/share/HOTEL/151178/151178_kan1.jpg,https://img.travel.rakuten.co.jp/HIMG/INTERIOR/151178.jpg,https://img.travel.rakuten.co.jp/share/HOTEL/151178/151178map.gif,1533.0,4.45,"スタッフさんのサービスや接遇も素晴らしく、客をもてなそうとされている気持ちがよく伝わる気持ちの良いホテルでした。手作りの壁面展示など、趣向をこらしており…　2026-06-06 07:18:51投稿 <a href=""https://img.travel.rakuten.co.jp/image/tr/api/re/gJNfM/?f_hotel_no=151178"" class=""3click"">つづきはこちら</a>",sds00,◆広々快適18平米 スタンダードシングル 1名利用【喫煙】◆,6460304.0,【松江駅前】２０２６年８月6日開業記念プラン〜素泊り〜,1,0,0,0,0,1,https://img.travel.rakuten.co.jp/image/tr/api/re/IdsCY/?f_no=151178&f_syu=sds00&f_hi1=2026-06-13&f_hi2=2026-06-14&f_heya_su=1&f_otona_su=1&f_s1=0&f_s2=0&f_y1=0&f_y2=0&f_y3=0&f_y4=0&f_camp_id=6460304,0,2026-06-13,26600,26600,0,2026-06-13,kitakyusyu
111,リーガロイヤルホテル小倉,https://img.travel.rakuten.co.jp/image/tr/api/re/pvonD/?f_no=111,https://img.travel.rakuten.co.jp/image/tr/api/re/vFumt/?f_no=111&f_flg=PLAN,https://img.travel.rakuten.co.jp/image/tr/api/re/WzozX/?noTomariHotel=111,https://img.travel.rakuten.co.jp/image/tr/api/re/gJNfM/?f_hotel_no=111,りーがろいやるほてる　こくら,全室30平米以上・14階以上の高層シティホテル♪全室Wi-Fi無料！☆こだわりの朝食ブッフェ,7105,121986.38,471193.0,802-0001,福岡県,北九州市小倉北区浅野2-14-2,093-531-1121,093-521-2730,JR小倉駅新幹線口から直結徒歩3分、JR博多駅から新幹線で約15分、福岡空港からも好アクセス。,164台  1泊￥1500税込（※2026年7/1ご利用分より1泊￥1600へ料金改定予定）,小倉（福岡）,https://img.travel.rakuten.co.jp/share/HOTEL/111/111.jpg,https://img.travel.rakuten.co.jp/HIMG/90/111.jpg,https://img.travel.rakuten.co.jp/share/HOTEL/111/111_heya.jpg,https://img.travel.rakuten.co.jp/HIMG/INTERIOR/111.jpg,https://img.travel.rakuten.co.jp/share/HOTEL/111/111map.gif,4966.0,4.49,"Wi-Fiが遅いのだけが不満でし…　2026-05-13 22:56:15投稿 <a href=""https://img.travel.rakuten.co.jp/image/tr/api/re/gJNfM/?f_hotel_no=111"" class=""3click"">つづきはこちら</a>",om,お部屋タイプおまかせ（30平米以上） ,4387508.0,お部屋タイプおまかせプラン☆素泊り☆,1,0,0,0,0,1,https://img.travel.rakuten.co.jp/image/tr/api/re/IdsCY/?f_no=111&f_syu=om&f_hi1=2026-06-13&f_hi2=2026-06-14&f_heya_su=1&f_otona_su=1&f_s1=0&f_s2=0&f_y1=0&f_y2=0&f_y3=0&f_y4=0&f_camp_id=4387508,0,2026-06-13,52370,52370,0,2026-06-13,kitakyusyu
974,ＪＲ九州ステーションホテル小倉,https://img.travel.rakuten.co.jp/image/tr/api/re/pvonD/?f_no=974,https://img.travel.rakuten.co.jp/image/tr/api/re/vFumt/?f_no=974&f_flg=PLAN,https://img.travel.rakuten.co.jp/image/tr/api/re/WzozX/?noTomariHotel=974,https://img.travel.rakuten.co.jp/image/tr/api/re/gJNfM/?f_hotel_no=974,じぇいあーるきゅうしゅうすてーしょん　こくら,開業25年目にして最大規模の客室リニューアル！最上階をフルリニューアルし、一段上質な「スーペリアフロア」に進化。,6250,121980.84,471185.09,802-0001,福岡県,北九州市小倉北区浅野1-1-1,093-521-5031,093-512-0345,JR小倉駅上！！！駅直結で最高の立地。改札口を出てすぐにチェックイン。,有り　　370台　　１泊　1500円／宿泊者,小倉（福岡）,https://img.travel.rakuten.co.jp/share/HOTEL/974/974.jpg,https://img.travel.rakuten.co.jp/HIMG/90/974.jpg,https://img.travel.rakuten.co.jp/share/HOTEL/974/974_sgl.jpg,https://img.travel.rakuten.co.jp/HIMG/INTERIOR/974.jpg,https://img.travel.rakuten.co.jp/share/HOTEL/974/974map.gif,4096.0,4.34,"クチコミの詳細はこちらから　https://review.travel.rakut…　2026-06-10 17:34:49投稿 <a href=""https://img.travel.rakuten.co.jp/image/tr/api/re/gJNfM/?f_hotel_no=974"" class=""3click"">つづきはこちら</a>",ns02,禁煙スタンダードルーム18.1平米,6449454.0,【10％OFF】【楽天スーパーSALE】朝食付☆九州の玄関口小倉駅直結！九州旅行の拠点におすすめ♪,1,0,0,1,0,1,https://img.travel.rakuten.co.jp/image/tr/api/re/IdsCY/?f_no=974&f_syu=ns02&f_hi1=2026-06-13&f_hi2=2026-06-14&f_heya_su=1&f_otona_su=1&f_s1=0&f_s2=0&f_y1=0&f_y2=0&f_y3=0&f_y4=0&f_camp_id=6449454,0,2026-06-13,32920,32920,0,2026-06-13,kitakyusyu
187613,スマイルホテル小倉,https://img.travel.rakuten.co.jp/image/tr/api/re/pvonD/?f_no=187613,https://img.travel.rakuten.co.jp/image/tr/api/re/vFumt/?f_no=187613&f_flg=PLAN,https://img.travel.rakuten.co.jp/image/tr/api/re/WzozX/?noTomariHotel=187613,https://img.travel.rakuten.co.jp/image/tr/api/re/gJNfM/?f_hotel_no=187613,すまいるほてるこくら,JR小倉駅南口より徒歩約7分・小倉駅からアーケード商店街沿いにあり・「小倉城」や「八坂神社」へ徒歩10分♪,3450,121977.58,471173.5,802-0002,福岡県,北九州市小倉北区京町1-6-31,093-330-6550,093-330-6551,JR小倉駅南口より徒歩約7分（商店街に入り、吉野家交差点右折、京町銀天街アーケード200ｍ先）,なし。提携駐車場「APパーク小倉駅前」自走式立体駐車場15時〜翌朝10時￥1000,小倉（福岡）,https://img.travel.rakuten.co.jp/share/HOTEL/187613/187613.jpg,https://img.travel.rakuten.co.jp/HIMG/90/187613.jpg,,,https://img.travel.rakuten.co.jp/share/HOTEL/187613/187613map.gif,407.0,4.06,"…　2026-06-10 12:52:38投稿 <a href=""https://img.travel.rakuten.co.jp/image/tr/api/re/gJNfM/?f_hotel_no=187613"" class=""3click"">つづきはこちら</a>",s01,喫煙シングルルーム【ベッド幅150cm】,6142958.0,日にち限定割引プラン（素泊まり）【カード決済限定】,1,0,0,0,0,2,https://img.travel.rakuten.co.jp/image/tr/api/re/IdsCY/?f_no=187613&f_syu=s01&f_hi1=2026-06-13&f_hi2=2026-06-14&f_heya_su=1&f_otona_su=1&f_s1=0&f_s2=0&f_y1=0&f_y2=0&f_y3=0&f_y4=0&f_camp_id=6142958,0,2026-06-13,19600,19600,0,2026-06-13,kitakyusyu
84718,炭酸泉　湧金の湯　スーパーホテル小倉駅南口,https://img.travel.rakuten.co.jp/image/tr/api/re/pvonD/?f_no=84718,https://img.travel.rakuten.co.jp/image/tr/api/re/vFumt/?f_no=84718&f_flg=PLAN,https://img.travel.rakuten.co.jp/image/tr/api/re/WzozX/?noTomariHotel=84718,https://img.travel.rakuten.co.jp/image/tr/api/re/gJNfM/?f_hotel_no=84718,たんさんせん　ゆうきんのゆ　すーぱーほてるこくらえきみなみぐち,小倉で唯一の炭酸泉浴場完備／JR小倉駅南口から徒歩約５分でアクセス良好／日替り朝食ビュッフェ無料,3580,121977.5,471172.41,802-0002,福岡県,北九州市小倉北区京町1-6-34,093-541-9000,093-541-9001,◇徒歩→ＪＲ小倉駅南口より約５分　◇お車→都市高速「小倉駅北」を降りて約３分の「APパーク小倉駅前」にお停め下さい。,APパーク小倉駅前(先着順)15時〜翌10時：900円※時間外20分毎100円加算,小倉（福岡）,https://img.travel.rakuten.co.jp/share/HOTEL/84718/84718.jpg,https://img.travel.rakuten.co.jp/HIMG/90/84718.jpg,https://img.travel.rakuten.co.jp/share/HOTEL/84718/84718_ru.jpg,https://img.travel.rakuten.co.jp/HIMG/INTERIOR/84718.jpg,https://img.travel.rakuten.co.jp/share/HOTEL/84718/84718map.gif,2081.0,4.08,"駅から近いので観光するのに楽でした。どのスタッフさんも明るく挨拶をしてくれてとても感じよかったです!アメニティもたくさんあり選べるのがとてもよかったです…　2026-06-01 16:41:29投稿 <a href=""https://img.travel.rakuten.co.jp/image/tr/api/re/gJNfM/?f_hotel_no=84718"" class=""3click"">つづきはこちら</a>",0003,【禁煙】お部屋タイプお任せ【部屋タイプは当日までのお楽しみ】,4989811.0,【5％OFF】【楽天スーパーSALE】☆期間限定プラン☆人工炭酸泉＆朝食ビュッフェ付,1,0,0,1,0,1,https://img.travel.rakuten.co.jp/image/tr/api/re/IdsCY/?f_no=84718&f_syu=0003&f_hi1=2026-06-13&f_hi2=2026-06-14&f_heya_su=1&f_otona_su=1&f_s1=0&f_s2=0&f_y1=0&f_y2=0&f_y3=0&f_y4=0&f_camp_id=4989811,0,2026-06-13,20900,20900,0,2026-06-13,kitakyusyu
79492,ＨＯＴＥＬ　ＡＺ　北九州小倉店,https://img.travel.rakuten.co.jp/image/tr/api/re/pvonD/?f_no=79492,https://img.travel.rakuten.co.jp/image/tr/api/re/vFumt/?f_no=79492&f_flg=PLAN,https://img.travel.rakuten.co.jp/image/tr/api/re/WzozX/?noTomariHotel=79492,https://img.travel.rakuten.co.jp/image/tr/api/re/gJNfM/?f_hotel_no=79492,ほてる　えーぜっと　きたきゅうしゅうこくらてん,★無料駐車場254台完備♪大型車は有料。★朝食無料♪★小倉コロナワールドへは徒歩3分。★全室Ｗｉ-Ｆｉ・ＬＡＮ接続無料,5170,122023.83,471084.62,803-0801,福岡県,北九州市小倉北区西港町30-7,093-562-3311,093-562-3312,★JR小倉駅北口から車で10分 ★北九州都市高速　日明ＩＣ出口より１分（300ｍ）,無料駐車場254台あり　普通車：予約不要 、大型バス・2ｔ以上有料（予約制）,小倉（福岡）,https://img.travel.rakuten.co.jp/share/HOTEL/79492/79492.jpg,https://img.travel.rakuten.co.jp/HIMG/90/79492.jpg,https://img.travel.rakuten.co.jp/share/HOTEL/79492/79492_si.jpg,https://img.travel.rakuten.co.jp/HIMG/INTERIOR/79492.jpg,https://img.travel.rakuten.co.jp/share/HOTEL/79492/79492map.gif,1054.0,4.03,"何回も泊まってるので、いつも通り快適に…　2026-05-30 11:24:21投稿 <a href=""https://img.travel.rakuten.co.jp/image/tr/api/re/gJNfM/?f_hotel_no=79492"" class=""3click"">つづきはこちら</a>",s,【喫煙】シングル,6108813.0,スタンダードプラン（朝食サービス）,1,0,0,1,0,1,https://img.travel.rakuten.co.jp/image/tr/api/re/IdsCY/?f_no=79492&f_syu=s&f_hi1=2026-06-13&f_hi2=2026-06-14&f_heya_su=1&f_otona_su=1&f_s1=0&f_s2=0&f_y1=0&f_y2=0&f_y3=0&f_y4=0&f_camp_id=6108813,0,2026-06-13,6380,6380,0,2026-06-13,kitakyusyu
107728,Ｔａｂｉｓｔ　ホテルテトラ　北九州,https://img.travel.rakuten.co.jp/image/tr/api/re/pvonD/?f_no=107728,https://img.travel.rakuten.co.jp/image/tr/api/re/vFumt/?f_no=107728&f_flg=PLAN,https://img.travel.rakuten.co.jp/image/tr/api/re/WzozX/?noTomariHotel=107728,https://img.travel.rakuten.co.jp/image/tr/api/re/gJNfM/?f_hotel_no=107728,たびすと　ほてるてとら　きたきゅうしゅう,JR小倉駅より徒歩7分の好立地！岩盤サウナ・大浴場完備！コンビニ徒歩0分。ビジネスや観光の拠点におすすめです♪,3800,121966.79,471192.41,802-0004,福岡県,北九州市小倉北区鍛冶町1-9-8,093-531-3111,093-531-3190,JR小倉駅より徒歩7分。南口を出てモノレール沿いを進み、交差点左角の福岡ひびき信用金庫より左折。そのまま道なり。,・ホテル周辺にコインパーキングあり,小倉（福岡）,https://img.travel.rakuten.co.jp/share/HOTEL/107728/107728.jpg,https://img.travel.rakuten.co.jp/HIMG/90/107728.jpg,https://img.travel.rakuten.co.jp/share/HOTEL/107728/107728_sin.jpg,https://img.travel.rakuten.co.jp/HIMG/INTERIOR/107728.jpg,https://img.travel.rakuten.co.jp/share/HOTEL/107728/107728map.gif,3409.0,3.67,"宿泊料金がリーズナブルでコストパフォーマンスが良かったです。スタッフの対応も親切で気持ちよく滞在できました。周辺に飲食店街があり、食事や飲みに行くにも便利な立地…　2026-06-05 07:46:19投稿 <a href=""https://img.travel.rakuten.co.jp/image/tr/api/re/gJNfM/?f_hotel_no=107728"" class=""3click"">つづきはこちら</a>",sm_semid,【喫煙】セミダブルルーム,5537825.0,【わけあり部屋】＜素泊まり＞部屋タイプ・禁煙喫煙など指定不可（※要必読※）,1,0,0,0,0,1,https://img.travel.rakuten.co.jp/image/tr/api/re/IdsCY/?f_no=107728&f_syu=sm_semid&f_hi1=2026-06-13&f_hi2=2026-06-14&f_heya_su=1&f_otona_su=1&f_s1=0&f_s2=0&f_y1=0&f_y2=0&f_y3=0&f_y4=0&f_camp_id=5537825,0,2026-06-13,8800,8800,0,2026-06-13,kitakyusyu
38274,ホテルルートイン門司港,https://img.travel.rakuten.co.jp/image/tr/api/re/pvonD/?f_no=38274,https://img.travel.rakuten.co.jp/image/tr/api/re/vFumt/?f_no=38274&f_flg=PLAN,https://img.travel.rakuten.co.jp/image/tr/api/re/WzozX/?noTomariHotel=38274,https://img.travel.rakuten.co.jp/image/tr/api/re/gJNfM/?f_hotel_no=38274,るーといん　もじこう,◆関門海峡一望の9階展望大浴場◆朝食・駐車場無料◆夕食レストラン「ふぐ鍋」「もつ鍋」他御膳ものなど,4975,122171.6,471437.65,801-0841,福岡県,北九州市門司区西海岸2丁目11-2,093-322-1111,093-322-3211,門司港駅より徒歩15～20分（車で２分）小倉駅より車で15分,無料駐車場７７台完備 予約不要　（ワゴンタイプOK！）　,門司港,https://img.travel.rakuten.co.jp/share/HOTEL/38274/38274.jpg,https://img.travel.rakuten.co.jp/HIMG/90/38274.jpg,https://img.travel.rakuten.co.jp/share/HOTEL/38274/38274_tw.jpg,https://img.travel.rakuten.co.jp/HIMG/INTERIOR/38274.jpg,https://img.travel.rakuten.co.jp/share/HOTEL/38274/38274map.gif,1663.0,4.11,"クチコミの詳細はこちらから　https://review.travel.rakuten.co.j…　2026-06-03 16:28:36投稿 <a href=""https://img.travel.rakuten.co.jp/image/tr/api/re/gJNfM/?f_hotel_no=38274"" class=""3click"">つづきはこちら</a>",nns01,【禁煙】シングルルーム　ベッド幅140,5049831.0,【朝食付・事前カード決済がお得で早い・駐車場無料】スムーズにお部屋へ　◆展望大浴場◆,1,0,0,1,0,2,https://img.travel.rakuten.co.jp/image/tr/api/re/IdsCY/?f_no=38274&f_syu=nns01&f_hi1=2026-06-13&f_hi2=2026-06-14&f_heya_su=1&f_otona_su=1&f_s1=0&f_s2=0&f_y1=0&f_y2=0&f_y3=0&f_y4=0&f_camp_id=5049831,0,2026-06-13,10300,10300,0,2026-06-13,kitakyusyu
168783,アートホテル小倉　ニュータガワ,https://img.travel.rakuten.co.jp/image/tr/api/re/pvonD/?f_no=168783,https://img.travel.rakuten.co.jp/image/tr/api/re/vFumt/?f_no=168783&f_flg=PLAN,https://img.travel.rakuten.co.jp/image/tr/api/re/WzozX/?noTomariHotel=168783,https://img.travel.rakuten.co.jp/image/tr/api/re/gJNfM/?f_hotel_no=168783,あーとほてるこくら　にゅーたがわ,小倉の街中に位置　小倉駅徒歩8分！全室無料Wi-Fi、空気清浄機、全機種用充電器完備！和洋ビュッフェ　癒しの日本庭園散策,2120,121954.48,471180.78,802-0082,福岡県,北九州市小倉北区古船場町3-46,093-521-7000,093-521-7522,ＪＲ小倉駅より徒歩にて約８分／モノレール旦過駅より徒歩2分,提携駐車場有　３１０台　１5００円（税込／泊)　※出入庫不可　その他近隣コインパーキング有,小倉（福岡）,https://img.travel.rakuten.co.jp/share/HOTEL/168783/168783.jpg,https://img.travel.rakuten.co.jp/HIMG/90/168783.jpg,,,https://img.travel.rakuten.co.jp/share/HOTEL/168783/168783map.gif,983.0,4.0,"クチコミの詳細はこちらから　https://review.travel.rakuten.co.jp/hotel/…　2026-06-10 00:05:15投稿 <a href=""https://img.travel.rakuten.co.jp/image/tr/api/re/gJNfM/?f_hotel_no=168783"" class=""3click"">つづきはこちら</a>",j2s,【禁煙】和室10畳（大人定員4名様）,4325955.0,【ベストレート／素泊まり】歴史ある日本庭園と寛ぎのひとときを,1,0,0,0,0,1,https://img.travel.rakuten.co.jp/image/tr/api/re/IdsCY/?f_no=168783&f_syu=j2s&f_hi1=2026-06-13&f_hi2=2026-06-14&f_heya_su=1&f_otona_su=1&f_s1=0&f_s2=0&f_y1=0&f_y2=0&f_y3=0&f_y4=0&f_camp_id=4325955,0,2026-06-13,42000,42000,0,2026-06-13,kitakyusyu
146120,ホテルリリーフ　小倉駅前,https://img.travel.rakuten.co.jp/image/tr/api/re/pvonD/?f_no=146120,https://img.travel.rakuten.co.jp/image/tr/api/re/vFumt/?f_no=146120&f_flg=PLAN,https://img.travel.rakuten.co.jp/image/tr/api/re/WzozX/?noTomariHotel=146120,https://img.travel.rakuten.co.jp/image/tr/api/re/gJNfM/?f_hotel_no=146120,ほてるりりーふこくらえきまえ　,【2025年7月1日リニューアルオープン！】小倉駅小倉城口（南口）徒歩２分の好立地★朝食ビュッフェとラウンジ開始！,3825,121974.65,471188.47,802-0002,福岡県,北九州市小倉北区京町3-6-1,093-513-0088,093-513-0022,小倉駅小倉城口（南口）徒歩約2分の好立地！！,事前予約制の専用駐車場が3台と提携駐車場がございます。ご利用の際はお電話にてお問い合わせ下さい。,小倉（福岡）,https://img.travel.rakuten.co.jp/share/HOTEL/146120/146120.jpg,https://img.travel.rakuten.co.jp/HIMG/90/146120.jpg,https://img.travel.rakuten.co.jp/share/HOTEL/146120/146120_room.jpg,https://img.travel.rakuten.co.jp/HIMG/INTERIOR/146120.jpg,https://img.travel.rakuten.co.jp/share/HOTEL/146120/146120map.gif,977.0,3.97,"立地が良く便利でした。足りないものは目の前のセントシティで調達できるし、セブンイレブンも近くとても助かりました。お部屋も綺麗で快適でした。また小倉に来た時は利用した…　2026-06-11 17:06:04投稿 <a href=""https://img.travel.rakuten.co.jp/image/tr/api/re/gJNfM/?f_hotel_no=146120"" class=""3click"">つづきはこちら</a>",s1200,本館：シングルルーム【喫煙】★小倉駅から徒歩2分★,3916167.0,【シンプルステイ・スタンダード素泊まりプラン】小倉駅より徒歩2分の好立地【Wi-Fi完備】,1,0,0,0,0,1,https://img.travel.rakuten.co.jp/image/tr/api/re/IdsCY/?f_no=146120&f_syu=s1200&f_hi1=2026-06-13&f_hi2=2026-06-14&f_heya_su=1&f_otona_su=1&f_s1=0&f_s2=0&f_y1=0&f_y2=0&f_y3=0&f_y4=0&f_camp_id=3916167,0,2026-06-13,20900,20900,0,2026-06-13,kitakyusyu
1225,ホテルポート門司,https://img.travel.rakuten.co.jp/image/tr/api/re/pvonD/?f_no=1225,https://img.travel.rakuten.co.jp/image/tr/api/re/vFumt/?f_no=1225&f_flg=PLAN,https://img.travel.rakuten.co.jp/image/tr/api/re/WzozX/?noTomariHotel=1225,https://img.travel.rakuten.co.jp/image/tr/api/re/gJNfM/?f_hotel_no=1225,ぽーと　もじ,海峡花火会場徒歩圏内｜門司港レトロ徒歩５分｜駐車場無料｜アダルトｃｈ無料放送｜漫画６０００冊読み放題,3900,122194.07,471491.38,801-0863,福岡県,北九州市門司区栄町11-29,093-331-0112,093-331-1004,鹿児島本線門司港駅から徒歩10分。九州道門司ICから車で10分。関門トンネル門司側入り口車で1分。,有り　15台　普通車のみ　要予約（無料）,門司港,https://img.travel.rakuten.co.jp/share/HOTEL/1225/1225.jpg,https://img.travel.rakuten.co.jp/HIMG/90/1225.jpg,https://img.travel.rakuten.co.jp/share/HOTEL/1225/1225_room.jpg,https://img.travel.rakuten.co.jp/HIMG/INTERIOR/1225.jpg,https://img.travel.rakuten.co.jp/share/HOTEL/1225/1225map.gif,1097.0,4.15,"自転車で訪れたが屋根付きで停められ、希望があればホテル内のフロントそばに持っていくことも出来る…　2026-06-03 18:53:06投稿 <a href=""https://img.travel.rakuten.co.jp/image/tr/api/re/gJNfM/?f_hotel_no=1225"" class=""3click"">つづきはこちら</a>",2013t,【喫煙】ツインルーム,2627613.0,03【駐車場利用不可】【訳あり】素泊プラン【チェックアウト9時】近隣コインP多数,1,0,0,0,0,2,https://img.travel.rakuten.co.jp/image/tr/api/re/IdsCY/?f_no=1225&f_syu=2013t&f_hi1=2026-06-13&f_hi2=2026-06-14&f_heya_su=1&f_otona_su=1&f_s1=0&f_s2=0&f_y1=0&f_y2=0&f_y3=0&f_y4=0&f_camp_id=2627613,0,2026-06-13,11200,11200,0,2026-06-13,kitakyusyu
1940,ホテルクラウンパレス北九州,https://img.travel.rakuten.co.jp/image/tr/api/re/pvonD/?f_no=1940,https://img.travel.rakuten.co.jp/image/tr/api/re/vFumt/?f_no=1940&f_flg=PLAN,https://img.travel.rakuten.co.jp/image/tr/api/re/WzozX/?noTomariHotel=1940,https://img.travel.rakuten.co.jp/image/tr/api/re/gJNfM/?f_hotel_no=1940,くらうんぱれすきたきゅうしゅう,黒崎駅からお車で5分（徒歩約15分）☆ご宿泊者無料の平面駐車場完備！朝食は40品目以上の和洋バイキング♪,4290,121876.54,470751.68,806-8585,福岡県,北九州市八幡西区東曲里町3-1,093-631-7710,093-631-1148,JR黒崎駅下車（小倉駅より約20分~25分・博多駅より特急で約30分）タクシーでわずか5分　ホテル⇔北九州空港　バス有り,"普通車無料（先着順）／大型車（8トン以上）1台1泊5,500円（税込）※要予約",黒崎,https://img.travel.rakuten.co.jp/share/HOTEL/1940/1940.jpg,https://img.travel.rakuten.co.jp/HIMG/90/1940.jpg,https://img.travel.rakuten.co.jp/share/HOTEL/1940/1940_s.jpg,https://img.travel.rakuten.co.jp/HIMG/INTERIOR/1940.jpg,https://img.travel.rakuten.co.jp/share/HOTEL/1940/1940map.gif,1686.0,4.0,"クチコミの詳細は…　2026-06-02 23:56:41投稿 <a href=""https://img.travel.rakuten.co.jp/image/tr/api/re/gJNfM/?f_hotel_no=1940"" class=""3click"">つづきはこちら</a>",sgl,シングルルーム【禁煙・１６平米】,4907201.0,【5％OFF】【楽天スーパーSALE】ご宿泊者駐車場無料！チェックイン14時／アウト12時＜素泊り＞,1,0,0,0,0,1,https://img.travel.rakuten.co.jp/image/tr/api/re/IdsCY/?f_no=1940&f_syu=sgl&f_hi1=2026-06-13&f_hi2=2026-06-14&f_heya_su=1&f_otona_su=1&f_s1=0&f_s2=0&f_y1=0&f_y2=0&f_y3=0&f_y4=0&f_camp_id=4907201,0,2026-06-13,7000,7000,0,2026-06-13,kitakyusyu
25112,サウナ＆カプセルホテル　グリーンランド小倉,https://img.travel.rakuten.co.jp/image/tr/api/re/pvonD/?f_no=25112,https://img.travel.rakuten.co.jp/image/tr/api/re/vFumt/?f_no=25112&f_flg=PLAN,,https://img.travel.rakuten.co.jp/image/tr/api/re/gJNfM/?f_hotel_no=25112,さうなあんどかぷせるほてる　ぐりーんらんど　こくら,【24H風呂サウナ入り放題】【WiFi無料】【コンビニ徒歩1分】北九州最大のサウナ＆カプセルホテル。,3500,121978.33,471176.59,802-0002,福岡県,北九州市小倉北区京町2-1-7,093-521-6211,093-521-6357,ＪＲ鹿児島本線・小倉駅〜徒歩２分,無し ,小倉（福岡）,https://img.travel.rakuten.co.jp/share/HOTEL/25112/25112.jpg,https://img.travel.rakuten.co.jp/HIMG/90/25112.jpg,https://img.travel.rakuten.co.jp/share/HOTEL/25112/25112_b.jpg,https://img.travel.rakuten.co.jp/HIMG/INTERIOR/25112.jpg,https://img.travel.rakuten.co.jp/share/HOTEL/25112/25112map.gif,526.0,3.83,"クチコミの詳細はこちらから　…　2026-06-03 11:12:46投稿 <a href=""https://img.travel.rakuten.co.jp/image/tr/api/re/gJNfM/?f_hotel_no=25112"" class=""3click"">つづきはこちら</a>",gl0002,【男性のお客様専用】カプセルルームご宿泊,5676646.0,【男性のお客様専用】 　カプセルームご宿泊プラン　（女性のお客様はご利用頂けません。）,1,0,0,0,0,1,https://img.travel.rakuten.co.jp/image/tr/api/re/IdsCY/?f_no=25112&f_syu=gl0002&f_hi1=2026-06-13&f_hi2=2026-06-14&f_heya_su=1&f_otona_su=1&f_s1=0&f_s2=0&f_y1=0&f_y2=0&f_y3=0&f_y4=0&f_camp_id=5676646,0,2026-06-13,5600,5600,1,2026-06-13,kitakyusyu
14857,ホテル千望荘,https://img.travel.rakuten.co.jp/image/tr/api/re/pvonD/?f_no=14857,https://img.travel.rakuten.co.jp/image/tr/api/re/vFumt/?f_no=14857&f_flg=PLAN,https://img.travel.rakuten.co.jp/image/tr/api/re/WzozX/?noTomariHotel=14857,https://img.travel.rakuten.co.jp/image/tr/api/re/gJNfM/?f_hotel_no=14857,ほてる　せんぼうそう,車での市内観光に便利な立地。夜景が美しい♪猫に会える♪全室禁煙。喫煙室有り。駐車場無料。,4950,121993.43,470950.76,804-0053,福岡県,北九州市戸畑区牧山2-5-9,093-871-6991,093-882-2985,JR戸畑駅より車で５分、徒歩15分～20分。北九州都市高速枝光インターより車で５分。,有り　１予約1台　無料　若戸大橋・関門橋・戸畑市街を一望できる標高60mほどの丘の上。,戸畑,https://img.travel.rakuten.co.jp/share/HOTEL/14857/14857.jpg,https://img.travel.rakuten.co.jp/HIMG/90/14857.jpg,https://img.travel.rakuten.co.jp/share/HOTEL/14857/14857_war.jpg,https://img.travel.rakuten.co.jp/HIMG/INTERIOR/14857.jpg,https://img.travel.rakuten.co.jp/share/HOTEL/14857/14857map.gif,78.0,4.0,,y,洋室 ツインルーム　禁煙　《WI-FI付き》,,,1,0,0,0,0,1,https://img.travel.rakuten.co.jp/image/tr/api/re/IdsCY/?f_no=14857&f_syu=y&f_hi1=2026-06-13&f_hi2=2026-06-14&f_heya_su=1&f_otona_su=1&f_s1=0&f_s2=0&f_y1=0&f_y2=0&f_y3=0&f_y4=0,1,2026-06-13,6600,6600,0,2026-06-13,kitakyusyu
194440,Ｃａｓａ　Ｓｔａｙ　Ｋｏｋｕｒａ　５　＾,https://img.travel.rakuten.co.jp/image/tr/api/re/pvonD/?f_no=194440,https://img.travel.rakuten.co.jp/image/tr/api/re/vFumt/?f_no=194440&f_flg=PLAN,,https://img.travel.rakuten.co.jp/image/tr/api/re/gJNfM/?f_hotel_no=194440,,「Ｃａｓａ　Ｓｔａｙ　Ｋｏｋｕｒａ　５」は、北九州の中心地から少し離れた静かなエリアにある、貸切一戸,3828,121895.48,471085.73,803-0853,福岡県,北九州市小倉北区高尾2-5-6　Ｃａｓａ　Ｓｔａｙ　Ｋｏｋｕｒａ　5,080-1794-8140,000-000-0000,南小倉駅から徒歩で約７分,有り,南小倉,https://img.travel.rakuten.co.jp/share/HOTEL/194440/194440.jpg,https://img.travel.rakuten.co.jp/HIMG/90/194440.jpg,,,https://img.travel.rakuten.co.jp/share/HOTEL/194440/194440map.gif,,,,1214709_9,一戸建て,6238259.0,最大9名 / 高速入口6分 / 和室でくつろぐ貸切一軒家。Casa Stay Kokura 5,1,0,0,0,0,2,https://img.travel.rakuten.co.jp/image/tr/api/re/IdsCY/?f_no=194440&f_syu=1214709_9&f_hi1=2026-06-13&f_hi2=2026-06-14&f_heya_su=1&f_otona_su=1&f_s1=0&f_s2=0&f_y1=0&f_y2=0&f_y3=0&f_y4=0&f_camp_id=6238259,0,2026-06-13,35612,35612,0,2026-06-13,kitakyusyu
201684,門司港キャビン,https://img.travel.rakuten.co.jp/image/tr/api/re/pvonD/?f_no=201684,https://img.travel.rakuten.co.jp/image/tr/api/re/vFumt/?f_no=201684&f_flg=PLAN,,https://img.travel.rakuten.co.jp/image/tr/api/re/gJNfM/?f_hotel_no=201684,もじこうきゃびん,門司港レトロ地区から徒歩5分、半径100m以内にコンビニ3軒の便利なロケーション,2990,122201.12,471490.67,801-0851,福岡県,北九州市門司区東本町1-2-19,093-980-7221,--,JR門司港駅より徒歩11分,なし,門司港,https://img.travel.rakuten.co.jp/share/HOTEL/201684/201684.jpg,https://img.travel.rakuten.co.jp/HIMG/90/201684.jpg,,,https://img.travel.rakuten.co.jp/share/HOTEL/201684/201684map.gif,,,,cabin,キャビン(男女混合),6500727.0,1日1室限定オープニングセール,1,0,0,0,0,2,https://img.travel.rakuten.co.jp/image/tr/api/re/IdsCY/?f_no=201684&f_syu=cabin&f_hi1=2026-06-13&f_hi2=2026-06-14&f_heya_su=1&f_otona_su=1&f_s1=0&f_s2=0&f_y1=0&f_y2=0&f_y3=0&f_y4=0&f_camp_id=6500727,0,2026-06-13,3200,3200,1,2026-06-13,kitakyusyu
178484,ベストウェスタンプラス福岡天神南,https://img.travel.rakuten.co.jp/image/tr/api/re/pvonD/?f_no=178484,https://img.travel.rakuten.co.jp/image/tr/api/re/vFumt/?f_no=178484&f_flg=PLAN,https://img.travel.rakuten.co.jp/image/tr/api/re/WzozX/?noTomariHotel=178484,https://img.travel.rakuten.co.jp/image/tr/api/re/gJNfM/?f_hotel_no=178484,べすとうぇすたんぷらすふくおかてんじん,九州初、ベストウェスタンプラスでワンランク上の快適なご滞在を。天神も中洲も徒歩圏内。ビジネスや旅行に最適です。,5000,120908.64,469470.24,810-0003,福岡県,福岡市中央区春吉3-13-19,092-718-7700,092-718-7705,福岡市地下鉄七隈線「天神南駅」より徒歩にて約5分,無し　近隣のコインパーキングをご利用ください。,天神,https://img.travel.rakuten.co.jp/share/HOTEL/178484/178484.jpg,https://img.travel.rakuten.co.jp/HIMG/90/178484.jpg,,,https://img.travel.rakuten.co.jp/share/HOTEL/178484/178484map.gif,644.0,4.14,"立地も良く ホテルを拠点に福岡を満喫できました。次回は秋頃を計画しているのでまた利用し…　2026-06-07 22:12:05投稿 <a href=""https://img.travel.rakuten.co.jp/image/tr/api/re/gJNfM/?f_hotel_no=178484"" class=""3click"">つづきはこちら</a>",roh,お部屋タイプおまかせ,5551932.0,【お日にち限定】お部屋タイプおまかせプラン / 素泊り,1,0,0,0,0,1,https://img.travel.rakuten.co.jp/image/tr/api/re/IdsCY/?f_no=178484&f_syu=roh&f_hi1=2026-06-13&f_hi2=2026-06-14&f_heya_su=1&f_otona_su=1&f_s1=0&f_s2=0&f_y1=0&f_y2=0&f_y3=0&f_y4=0&f_camp_id=5551932,0,2026-06-13,35200,35200,0,2026-06-13,seibu
130169,ホテルリソルトリニティ博多,https://img.travel.rakuten.co.jp/image/tr/api/re/pvonD/?f_no=130169,https://img.travel.rakuten.co.jp/image/tr/api/re/vFumt/?f_no=130169&f_flg=PLAN,https://img.travel.rakuten.co.jp/image/tr/api/re/WzozX/?noTomariHotel=130169,https://img.travel.rakuten.co.jp/image/tr/api/re/gJNfM/?f_hotel_no=130169,ほてるりそるとりにてぃはかた,【中洲川端駅徒歩1分】展望大浴場のある“くつろぎ”のホテル。天神エリア・キャナルシティも徒歩圏！全客室Ｗｉ-Ｆｉ接続可能,7650,120922.52,469470.19,810-0801,福岡県,福岡市博多区中洲4-4-10,092-282-9269,092-282-9279,地下鉄　中洲川端駅から徒歩で１分■①番出口（階段のみ）■④番出口（エスカレータ・EVあり）,有り　機械式駐車場２２台／青空駐車場６台　１，６００円（税込／泊）※ご予約制ではなく先着順となります,中洲川端,https://img.travel.rakuten.co.jp/share/HOTEL/130169/130169.jpg,https://img.travel.rakuten.co.jp/HIMG/90/130169.jpg,https://img.travel.rakuten.co.jp/share/HOTEL/130169/130169_kan.jpg,https://img.travel.rakuten.co.jp/HIMG/INTERIOR/130169.jpg,https://img.travel.rakuten.co.jp/share/HOTEL/130169/130169map.gif,2575.0,4.39,"クチコミの詳細はこちらから　https://review.travel.rakuten.co.jp/…　2026-06-10 19:36:45投稿 <a href=""https://img.travel.rakuten.co.jp/image/tr/api/re/gJNfM/?f_hotel_no=130169"" class=""3click"">つづきはこちら</a>",t,【喫煙室】スタンダードツイン/ベット幅110cm,5752802.0,【10％OFF】【楽天スーパーSALE】★観光、ビジネスに抜群！展望大浴場でリフレッシュ＜素泊り＞,1,0,0,0,0,1,https://img.travel.rakuten.co.jp/image/tr/api/re/IdsCY/?f_no=130169&f_syu=t&f_hi1=2026-06-13&f_hi2=2026-06-14&f_heya_su=1&f_otona_su=1&f_s1=0&f_s2=0&f_y1=0&f_y2=0&f_y3=0&f_y4=0&f_camp_id=5752802,0,2026-06-13,40400,40400,0,2026-06-13,seibu
2604,ホテルオークラ福岡,https://img.travel.rakuten.co.jp/image/tr/api/re/pvonD/?f_no=2604,https://img.travel.rakuten.co.jp/image/tr/api/re/vFumt/?f_no=2604&f_flg=PLAN,https://img.travel.rakuten.co.jp/image/tr/api/re/WzozX/?noTomariHotel=2604,https://img.travel.rakuten.co.jp/image/tr/api/re/gJNfM/?f_hotel_no=2604,おーくら　ふくおか,ホテルオークラ福岡のおもてなしで寛ぎのひと時をお過ごし下さい。地下鉄直結の好立地により、ゆとりある時間でご利用頂けます。,11000,120931.91,469465.86,812-0027,福岡県,福岡市博多区下川端町3-2 博多リバレイン,092-262-1111,092-262-7701,"地下鉄-中洲川端駅直結-6番出口徒歩1分（福岡空港駅約10分,博多駅約5分）/お車（福岡空港約20分,博多駅約10分）","有り  1泊 ￥2,000（税込）　台数387台　※近隣施設共有駐車場の為、予約が出来兼ねます。",中洲川端,https://img.travel.rakuten.co.jp/share/HOTEL/2604/2604.jpg,https://img.travel.rakuten.co.jp/HIMG/90/2604.jpg,https://img.travel.rakuten.co.jp/share/HOTEL/2604/2604_sgl.jpg,https://img.travel.rakuten.co.jp/HIMG/INTERIOR/2604.jpg,https://img.travel.rakuten.co.jp/share/HOTEL/2604/2604map.gif,2363.0,4.55,"クチコミの詳細はこちらから　ht…　2026-06-11 16:12:17投稿 <a href=""https://img.travel.rakuten.co.jp/image/tr/api/re/gJNfM/?f_hotel_no=2604"" class=""3click"">つづきはこちら</a>",havsr,【禁煙】ハーバービュースイート　60平米,2735628.0,【SAVER】シンプルステイ（室料のみ）,1,0,0,0,0,1,https://img.travel.rakuten.co.jp/image/tr/api/re/IdsCY/?f_no=2604&f_syu=havsr&f_hi1=2026-06-13&f_hi2=2026-06-14&f_heya_su=1&f_otona_su=1&f_s1=0&f_s2=0&f_y1=0&f_y2=0&f_y3=0&f_y4=0&f_camp_id=2735628,0,2026-06-13,213700,213700,0,2026-06-13,seibu
182,アパホテル〈福岡渡辺通駅前〉ＥＸＣＥＬＬＥＮＴ,https://img.travel.rakuten.co.jp/image/tr/api/re/pvonD/?f_no=182,https://img.travel.rakuten.co.jp/image/tr/api/re/vFumt/?f_no=182&f_flg=PLAN,https://img.travel.rakuten.co.jp/image/tr/api/re/WzozX/?noTomariHotel=182,https://img.travel.rakuten.co.jp/image/tr/api/re/gJNfM/?f_hotel_no=182,あぱほてる＜ふくおかわたなべどおりえきまえ＞えくせれんと,全客室にコーヒーメーカー（ドルチェグスト）設置。上質な滞在と人気のお肉メイン朝食ビュッフェを。,4275,120883.94,469477.64,810-0005,福岡県,福岡市中央区清川1-10-1,0570-099-811,092-524-2377,電車：地下鉄七隈線「渡辺通駅」2番出口から徒歩約5分　バス：博多駅「博多駅前Bのりば」→「柳橋」下車徒歩1分,"料金：1,100円/1泊（15時〜翌11時） ※155cmの車高制限がございます。",天神,https://img.travel.rakuten.co.jp/share/HOTEL/182/182.jpg,https://img.travel.rakuten.co.jp/HIMG/90/182.jpg,https://img.travel.rakuten.co.jp/share/HOTEL/182/182_si.jpg,https://img.travel.rakuten.co.jp/HIMG/INTERIOR/182.jpg,https://img.travel.rakuten.co.jp/share/HOTEL/182/182map.gif,3079.0,3.97,"クチコミの詳細はこちらから　https:/…　2026-06-01 12:56:52投稿 <a href=""https://img.travel.rakuten.co.jp/image/tr/api/re/gJNfM/?f_hotel_no=182"" class=""3click"">つづきはこちら</a>",zs1,シングル■喫煙可■,6470947.0,【楽天スーパーSALE】【素泊まり】博多駅博多口（B乗り場）バスで8分、天神・博多へ好アクセス！,1,0,0,0,0,1,https://img.travel.rakuten.co.jp/image/tr/api/re/IdsCY/?f_no=182&f_syu=zs1&f_hi1=2026-06-13&f_hi2=2026-06-14&f_heya_su=1&f_otona_su=1&f_s1=0&f_s2=0&f_y1=0&f_y2=0&f_y3=0&f_y4=0&f_camp_id=6470947,0,2026-06-13,22572,22572,0,2026-06-13,seibu
181851,ホテルリファレンス天神３,https://img.travel.rakuten.co.jp/image/tr/api/re/pvonD/?f_no=181851,https://img.travel.rakuten.co.jp/image/tr/api/re/vFumt/?f_no=181851&f_flg=PLAN,https://img.travel.rakuten.co.jp/image/tr/api/re/WzozX/?noTomariHotel=181851,https://img.travel.rakuten.co.jp/image/tr/api/re/gJNfM/?f_hotel_no=181851,ほてるりふぁれんすてんじん３,ライブハウス・イベント会場へのアクセス抜群！天神中心部徒歩圏内★全室クイーンサイズベッド＆4KTV。,4530,120926.32,469430.47,810-0001,福岡県,福岡市中央区天神3-8-10,092-718-3030,092-718-3050,西鉄福岡天神駅(地下鉄天神駅)下車から天神地下街の西1出口より徒歩7分,"24時間1,500円(ご宿泊者様のみ)　ご予約不可",西鉄福岡,https://img.travel.rakuten.co.jp/share/HOTEL/181851/181851.jpg,https://img.travel.rakuten.co.jp/HIMG/90/181851.jpg,,,https://img.travel.rakuten.co.jp/share/HOTEL/181851/181851map.gif,350.0,4.27,"クチコミの詳細はこちらから　https://review.travel.rakuten.co.jp/hotel/voic…　2026-06-06 11:02:48投稿 <a href=""https://img.travel.rakuten.co.jp/image/tr/api/re/gJNfM/?f_hotel_no=181851"" class=""3click"">つづきはこちら</a>",0008,【禁煙】ダブルルーム(訳あり)★クイーンベッド★,5624071.0,【訳あり部屋】音を気にしない方限定！その分お得に素泊まり,1,0,0,0,0,1,https://img.travel.rakuten.co.jp/image/tr/api/re/IdsCY/?f_no=181851&f_syu=0008&f_hi1=2026-06-13&f_hi2=2026-06-14&f_heya_su=1&f_otona_su=1&f_s1=0&f_s2=0&f_y1=0&f_y2=0&f_y3=0&f_y4=0&f_camp_id=5624071,0,2026-06-13,19340,19340,0,2026-06-13,seibu
8288,デュークスホテル中洲,https://img.travel.rakuten.co.jp/image/tr/api/re/pvonD/?f_no=8288,https://img.travel.rakuten.co.jp/image/tr/api/re/vFumt/?f_no=8288&f_flg=PLAN,https://img.travel.rakuten.co.jp/image/tr/api/re/WzozX/?noTomariHotel=8288,https://img.travel.rakuten.co.jp/image/tr/api/re/gJNfM/?f_hotel_no=8288,でゅーくすほてる　なかす,★中洲・天神徒歩圏内★「中洲川端」駅3番出口より徒歩約4分★,4440,120930.19,469461.41,810-0802,福岡県,福岡市博多区中洲中島町1-1　,092-283-2800,092-283-2900,博多駅から地下鉄をご利用頂き、2駅目の「中洲川端」駅で下車　3番出口より徒歩約4分,【契約駐車場】￥1500＊徒歩1分￥1500＊徒歩5分※台数に限りが有。フロントへお問い合わせ下さい,中洲川端,https://img.travel.rakuten.co.jp/share/HOTEL/8288/8288.jpg,https://img.travel.rakuten.co.jp/HIMG/90/8288.jpg,https://img.travel.rakuten.co.jp/share/HOTEL/8288/8288_lob.jpg,https://img.travel.rakuten.co.jp/HIMG/INTERIOR/8288.jpg,https://img.travel.rakuten.co.jp/share/HOTEL/8288/8288map.gif,2883.0,4.06,"朝食…　2026-06-11 13:17:12投稿 <a href=""https://img.travel.rakuten.co.jp/image/tr/api/re/gJNfM/?f_hotel_no=8288"" class=""3click"">つづきはこちら</a>",sk,■シングル《15.3平米◇ベッド幅140cm》【禁煙】 ■,4762610.0,【楽天限定！返金不可プラン】一番お得☆15％OFF＆ポイント10％☆お食事なしのシンプルステイ☆,10,0,0,0,0,2,https://img.travel.rakuten.co.jp/image/tr/api/re/IdsCY/?f_no=8288&f_syu=sk&f_hi1=2026-06-13&f_hi2=2026-06-14&f_heya_su=1&f_otona_su=1&f_s1=0&f_s2=0&f_y1=0&f_y2=0&f_y3=0&f_y4=0&f_camp_id=4762610,0,2026-06-13,20230,20230,1,2026-06-13,seibu
172982,ザ・ライブリー福岡博多（ＴＨＥ　ＬＩＶＥＬＹ　福岡博多）,https://img.travel.rakuten.co.jp/image/tr/api/re/pvonD/?f_no=172982,https://img.travel.rakuten.co.jp/image/tr/api/re/vFumt/?f_no=172982&f_flg=PLAN,https://img.travel.rakuten.co.jp/image/tr/api/re/WzozX/?noTomariHotel=172982,https://img.travel.rakuten.co.jp/image/tr/api/re/gJNfM/?f_hotel_no=172982,ざ　らいぶりー　はかた　ふくおか,コワーキングスペースやビリヤード、充実したルームサービス、夕方にはフリービール提供。福岡初のライフスタイルホテル。,4840,120925.82,469465.11,810-0801,福岡県,福岡市博多区中洲5-2-18,050-3138-2071, ,地下鉄「中洲川端」駅2番出口より徒歩1分。天神・繁華街まで徒歩圏内。【地下鉄で】博多駅から3分、福岡空港から10分。,1800円/泊　予約不可　車種制限(車高1.6ｍ、車幅1.7ｍ)　7:00-23:00,中洲川端,https://img.travel.rakuten.co.jp/share/HOTEL/172982/172982.jpg,https://img.travel.rakuten.co.jp/HIMG/90/172982.jpg,https://img.travel.rakuten.co.jp/share/HOTEL/172982/172982_kan1.jpg,https://img.travel.rakuten.co.jp/HIMG/INTERIOR/172982.jpg,https://img.travel.rakuten.co.jp/share/HOTEL/172982/172982map.gif,417.0,3.75,"クチコミの詳細はこちらから　https://review.travel.rakuten.co.jp/ho…　2026-06-08 12:46:24投稿 <a href=""https://img.travel.rakuten.co.jp/image/tr/api/re/gJNfM/?f_hotel_no=172982"" class=""3click"">つづきはこちら</a>",double,スタンダードダブル（禁煙）,6451838.0,【楽天スーパーSALE】海外気分のデザインホテル！フリービール提供（素泊まり）,1,0,0,0,0,1,https://img.travel.rakuten.co.jp/image/tr/api/re/IdsCY/?f_no=172982&f_syu=double&f_hi1=2026-06-13&f_hi2=2026-06-14&f_heya_su=1&f_otona_su=1&f_s1=0&f_s2=0&f_y1=0&f_y2=0&f_y3=0&f_y4=0&f_camp_id=6451838,0,2026-06-13,24728,24728,0,2026-06-13,seibu
147590,ホテルニューガイア薬院,https://img.travel.rakuten.co.jp/image/tr/api/re/pvonD/?f_no=147590,https://img.travel.rakuten.co.jp/image/tr/api/re/vFumt/?f_no=147590&f_flg=PLAN,https://img.travel.rakuten.co.jp/image/tr/api/re/WzozX/?noTomariHotel=147590,https://img.travel.rakuten.co.jp/image/tr/api/re/gJNfM/?f_hotel_no=147590,にゅーがいあやくいん,全館リニューアル！全客室エアウィーブ導入＆無料ラウンジで快適な滞在を。＼別館（新客室）続々NEWOPEN／,5487,120876.74,469455.87,810-0013,福岡県,福岡市中央区大宮1-1-6(本館）/福岡市中央区大宮1-1-7（別館No.21）/福岡市中央区平尾1-3-45（別館No.22）/　福岡市中央区平尾1丁目4-4（別館No.23）,092-534-4126,092-534-4127,西鉄薬院駅又は地下鉄七隈線薬院駅より徒歩約2分,"8台【1泊￥1,000-】 ●先着順・予約不可 ※ 満車の場合、近隣の有料駐車場をご利用下さい。",薬院,https://img.travel.rakuten.co.jp/share/HOTEL/147590/147590.jpg,https://img.travel.rakuten.co.jp/HIMG/90/147590.jpg,,,https://img.travel.rakuten.co.jp/share/HOTEL/147590/147590map.gif,1334.0,4.13,"クチコミの詳細はこちらから　https://revie…　2026-06-09 17:28:44投稿 <a href=""https://img.travel.rakuten.co.jp/image/tr/api/re/gJNfM/?f_hotel_no=147590"" class=""3click"">つづきはこちら</a>",ncb,【男性専用・禁煙】プレミアムキャビン（for men）,6031202.0,《男性専用》【プレミアムキャビン宿泊体験プラン】ポイント2倍◇フリースペース完備,2,0,0,0,0,1,https://img.travel.rakuten.co.jp/image/tr/api/re/IdsCY/?f_no=147590&f_syu=ncb&f_hi1=2026-06-13&f_hi2=2026-06-14&f_heya_su=1&f_otona_su=1&f_s1=0&f_s2=0&f_y1=0&f_y2=0&f_y3=0&f_y4=0&f_camp_id=6031202,0,2026-06-13,17800,17800,0,2026-06-13,seibu
179248,アパホテル〈福岡天神西〉,https://img.travel.rakuten.co.jp/image/tr/api/re/pvonD/?f_no=179248,https://img.travel.rakuten.co.jp/image/tr/api/re/vFumt/?f_no=179248&f_flg=PLAN,https://img.travel.rakuten.co.jp/image/tr/api/re/WzozX/?noTomariHotel=179248,https://img.travel.rakuten.co.jp/image/tr/api/re/gJNfM/?f_hotel_no=179248,あぱほてる〈ふくおかてんじんにし〉,地下鉄赤坂駅4番出口から徒歩4分！天神、大名エリアへ至便な立地です。,4140,120902.87,469418.59,810-0041,福岡県,福岡市中央区大名1-9-39,092-720-6786,092-401-1808,地下鉄空港線「赤坂駅」（4番出口）から徒歩4分、西鉄「西鉄福岡駅」北口より徒歩9分,2500円/1泊（6台・会員ランク・プランに準ずる）〈先着順〉※予約不可,赤坂（福岡）,https://img.travel.rakuten.co.jp/share/HOTEL/179248/179248.jpg,https://img.travel.rakuten.co.jp/HIMG/90/179248.jpg,,,https://img.travel.rakuten.co.jp/share/HOTEL/179248/179248map.gif,463.0,4.07,"アメニティも、必要なものは大体揃っているし、お風呂にはリンスインシャンプーではなくて、ちゃんとリンスが別であったので髪がパサパサ…　2026-06-11 13:19:43投稿 <a href=""https://img.travel.rakuten.co.jp/image/tr/api/re/gJNfM/?f_hotel_no=179248"" class=""3click"">つづきはこちら</a>",001,シングル【全室禁煙】,6459419.0,【楽天スーパーSALE】【素泊まり】地下鉄空港線「赤坂」駅より徒歩4分！,1,0,0,0,0,1,https://img.travel.rakuten.co.jp/image/tr/api/re/IdsCY/?f_no=179248&f_syu=001&f_hi1=2026-06-13&f_hi2=2026-06-14&f_heya_su=1&f_otona_su=1&f_s1=0&f_s2=0&f_y1=0&f_y2=0&f_y3=0&f_y4=0&f_camp_id=6459419,0,2026-06-13,17190,17190,0,2026-06-13,seibu
182101,福岡ユウベルホテル,https://img.travel.rakuten.co.jp/image/tr/api/re/pvonD/?f_no=182101,https://img.travel.rakuten.co.jp/image/tr/api/re/vFumt/?f_no=182101&f_flg=PLAN,https://img.travel.rakuten.co.jp/image/tr/api/re/WzozX/?noTomariHotel=182101,https://img.travel.rakuten.co.jp/image/tr/api/re/gJNfM/?f_hotel_no=182101,ふくおかゆうべるほてる,福岡の中心、薬院のホテルです。天神エリアまで徒歩圏内、疲れを癒す大浴場有。ビジネス、観光の拠点として最適なホテルです。,4450,120888.07,469427.19,810-0023,福岡県,福岡市中央区警固1-9-3,092-761-0345,092-761-0367,地下鉄七隈線「薬院大通駅」徒歩5分,有 4台 1500円/泊　先着順　※チェックインの際にホテル敷地以外への一時停車はしないでください,薬院,https://img.travel.rakuten.co.jp/share/HOTEL/182101/182101.jpg,https://img.travel.rakuten.co.jp/HIMG/90/182101.jpg,,,https://img.travel.rakuten.co.jp/share/HOTEL/182101/182101map.gif,293.0,4.36,"クチコミの詳細はこちらから　https://review.travel.rakuten.co.jp/hotel/vo…　2026-05-28 17:07:42投稿 <a href=""https://img.travel.rakuten.co.jp/image/tr/api/re/gJNfM/?f_hotel_no=182101"" class=""3click"">つづきはこちら</a>",ra020,ツイン【禁煙】,5435498.0,【15％OFF】【楽天スーパーSALE】福岡を満喫♪ 大浴場でゆったり！ビジネス・観光に！＜素泊り＞,1,0,0,0,0,1,https://img.travel.rakuten.co.jp/image/tr/api/re/IdsCY/?f_no=182101&f_syu=ra020&f_hi1=2026-06-13&f_hi2=2026-06-14&f_heya_su=1&f_otona_su=1&f_s1=0&f_s2=0&f_y1=0&f_y2=0&f_y3=0&f_y4=0&f_camp_id=5435498,0,2026-06-13,28010,28010,0,2026-06-13,seibu
56733,リッチモンドホテル福岡天神,https://img.travel.rakuten.co.jp/image/tr/api/re/pvonD/?f_no=56733,https://img.travel.rakuten.co.jp/image/tr/api/re/vFumt/?f_no=56733&f_flg=PLAN,https://img.travel.rakuten.co.jp/image/tr/api/re/WzozX/?noTomariHotel=56733,https://img.travel.rakuten.co.jp/image/tr/api/re/gJNfM/?f_hotel_no=56733,りっちもんど　ふくおかてんじん,地下鉄七隈線「天神南駅」徒歩約3分。福岡屋台も徒歩圏内で福岡旅を楽しめるビジネス・観光に便利な理想のロケーション,5005,120899.6,469455.49,810-0004,福岡県,福岡市中央区渡辺通4-8-25,092-739-2055,092-739-2056,西鉄バスセンターより徒歩3分　地下鉄空港線天神駅・七隈線天神南駅下車～天神地下街西12-C出口直進徒歩1分,敷地内に機械式立体駐車場有／料金2000円（税込／泊）／満車時は近隣の提携駐車場にご案内いたします,天神,https://img.travel.rakuten.co.jp/share/HOTEL/56733/56733.jpg,https://img.travel.rakuten.co.jp/HIMG/90/56733.jpg,https://img.travel.rakuten.co.jp/share/HOTEL/56733/56733_room.jpg,https://img.travel.rakuten.co.jp/HIMG/INTERIOR/56733.jpg,https://img.travel.rakuten.co.jp/share/HOTEL/56733/56733map.gif,4542.0,4.27,"クチコミの詳…　2026-06-08 14:25:14投稿 <a href=""https://img.travel.rakuten.co.jp/image/tr/api/re/gJNfM/?f_hotel_no=56733"" class=""3click"">つづきはこちら</a>",s,【喫煙】モデレートシングル・18平米・1名,6449177.0,【5％OFF】【楽天スーパーSALE】 シンプルステイ【素泊まり】,1,0,0,0,0,1,https://img.travel.rakuten.co.jp/image/tr/api/re/IdsCY/?f_no=56733&f_syu=s&f_hi1=2026-06-13&f_hi2=2026-06-14&f_heya_su=1&f_otona_su=1&f_s1=0&f_s2=0&f_y1=0&f_y2=0&f_y3=0&f_y4=0&f_camp_id=6449177,0,2026-06-13,21945,21945,0,2026-06-13,seibu
181424,ＫＯＫＯ　ＨＯＴＥＬ　福岡天神,https://img.travel.rakuten.co.jp/image/tr/api/re/pvonD/?f_no=181424,https://img.travel.rakuten.co.jp/image/tr/api/re/vFumt/?f_no=181424&f_flg=PLAN,https://img.travel.rakuten.co.jp/image/tr/api/re/WzozX/?noTomariHotel=181424,https://img.travel.rakuten.co.jp/image/tr/api/re/gJNfM/?f_hotel_no=181424,ここほてる　ふくおかてんじん,天神南駅から徒歩4分。福岡の中心地天神に位置し、観光やグルメ、買物はもちろんビジネスにも最適！,5640,120900.93,469446.52,810-0021,福岡県,福岡市中央区今泉1-22-14,092-714-5445,092-714-5466,「天神南」駅より徒歩4分,無し,西鉄福岡,https://img.travel.rakuten.co.jp/share/HOTEL/181424/181424.jpg,https://img.travel.rakuten.co.jp/HIMG/90/181424.jpg,,,https://img.travel.rakuten.co.jp/share/HOTEL/181424/181424map.gif,303.0,4.14,"綺麗で過ごしやすかったです!何より立地がとても良く、コンビニ(ファミマ)が近い、他にもドラッグストアや商業ビルが徒歩圏内にありました。駅もすぐ近くで、繁華街でしたがホ…　2026-05-31 19:42:12投稿 <a href=""https://img.travel.rakuten.co.jp/image/tr/api/re/gJNfM/?f_hotel_no=181424"" class=""3click"">つづきはこちら</a>",roh,お部屋タイプおまかせ,6246481.0,【お日にち限定】お部屋タイプおまかせプラン  / 素泊り,1,0,0,0,0,1,https://img.travel.rakuten.co.jp/image/tr/api/re/IdsCY/?f_no=181424&f_syu=roh&f_hi1=2026-06-13&f_hi2=2026-06-14&f_heya_su=1&f_otona_su=1&f_s1=0&f_s2=0&f_y1=0&f_y2=0&f_y3=0&f_y4=0&f_camp_id=6246481,0,2026-06-13,31020,31020,0,2026-06-13,seibu
17701,博多グリーンホテル天神,https://img.travel.rakuten.co.jp/image/tr/api/re/pvonD/?f_no=17701,https://img.travel.rakuten.co.jp/image/tr/api/re/vFumt/?f_no=17701&f_flg=PLAN,https://img.travel.rakuten.co.jp/image/tr/api/re/WzozX/?noTomariHotel=17701,https://img.travel.rakuten.co.jp/image/tr/api/re/gJNfM/?f_hotel_no=17701,はかた　ぐりーんほてる　てんじん,チェックイン１３時、アウト１２時◇全室、シモンズ製６．５インチベッド、加湿空気清浄機完備◇Wi－Fi無料,6600,120912.03,469424.66,810-0041,福岡県,福岡市中央区大名2-9-11,092-722-3636,092-722-3637,福岡空港から市営地下鉄13分⇒赤坂駅下車後５番出口より徒歩１分,"近隣一般駐車場契約有[1泊2,500円入出庫無]※お気軽におたずね下さい",天神,https://img.travel.rakuten.co.jp/share/HOTEL/17701/17701.jpg,https://img.travel.rakuten.co.jp/HIMG/90/17701.jpg,https://img.travel.rakuten.co.jp/share/HOTEL/17701/17701_tw.jpg,https://img.travel.rakuten.co.jp/HIMG/INTERIOR/17701.jpg,https://img.travel.rakuten.co.jp/share/HOTEL/17701/17701map.gif,2237.0,4.12,"もう一度お店に入ったらや…　2026-06-08 13:01:27投稿 <a href=""https://img.travel.rakuten.co.jp/image/tr/api/re/gJNfM/?f_hotel_no=17701"" class=""3click"">つづきはこちら</a>",s-kinen,禁煙シングルルーム,3335569.0,【軽朝食無料サービス付き】13時イン12時アウトシングルプラン,1,0,0,0,0,1,https://img.travel.rakuten.co.jp/image/tr/api/re/IdsCY/?f_no=17701&f_syu=s-kinen&f_hi1=2026-06-13&f_hi2=2026-06-14&f_heya_su=1&f_otona_su=1&f_s1=0&f_s2=0&f_y1=0&f_y2=0&f_y3=0&f_y4=0&f_camp_id=3335569,0,2026-06-13,24200,24200,0,2026-06-13,seibu
104626,ベッセルイン博多中洲（中洲川端）（２０２６年２月２８日全客室リニューアル）　,https://img.travel.rakuten.co.jp/image/tr/api/re/pvonD/?f_no=104626,https://img.travel.rakuten.co.jp/image/tr/api/re/vFumt/?f_no=104626&f_flg=PLAN,https://img.travel.rakuten.co.jp/image/tr/api/re/WzozX/?noTomariHotel=104626,https://img.travel.rakuten.co.jp/image/tr/api/re/gJNfM/?f_hotel_no=104626,べっせるいんはかたなかす　なかすかわばた,福岡空港から地下鉄で4駅の好立地！中洲川端駅から徒歩１分。Wi-Fi全室無料。18歳以下添い寝無料。,3538,120927.24,469465.95,810-0801,福岡県,福岡市博多区中洲5-1-12,092-271-4055,092-271-4050,地下鉄中洲川端駅より徒歩１分 【中洲川端駅３番出口】JR博多駅、地下鉄天神駅より車で５分。福岡空港までも車で10分。,５台　電話予約制　満車の場合近隣のコインパーキングへのご案内になります。,中洲川端,https://img.travel.rakuten.co.jp/share/HOTEL/104626/104626.jpg,https://img.travel.rakuten.co.jp/HIMG/90/104626.jpg,https://img.travel.rakuten.co.jp/share/HOTEL/104626/104626_sin.jpg,https://img.travel.rakuten.co.jp/HIMG/INTERIOR/104626.jpg,https://img.travel.rakuten.co.jp/share/HOTEL/104626/104626map.gif,2094.0,4.16,"…　2026-06-06 16:28:29投稿 <a href=""https://img.travel.rakuten.co.jp/image/tr/api/re/gJNfM/?f_hotel_no=104626"" class=""3click"">つづきはこちら</a>",sa,セミダブル★喫煙,6333835.0,【数量限定！口コミ投稿お約束プラン】素泊り☆中洲川端駅3番出口から徒歩1分,1,0,0,0,0,1,https://img.travel.rakuten.co.jp/image/tr/api/re/IdsCY/?f_no=104626&f_syu=sa&f_hi1=2026-06-13&f_hi2=2026-06-14&f_heya_su=1&f_otona_su=1&f_s1=0&f_s2=0&f_y1=0&f_y2=0&f_y3=0&f_y4=0&f_camp_id=6333835,0,2026-06-13,22500,22500,0,2026-06-13,seibu
165979,ＤＥＬ　ｓｔｙｌｅ　福岡西中洲　（旧ダイワロイネットホテル福岡西中州）,https://img.travel.rakuten.co.jp/image/tr/api/re/pvonD/?f_no=165979,https://img.travel.rakuten.co.jp/image/tr/api/re/vFumt/?f_no=165979&f_flg=PLAN,https://img.travel.rakuten.co.jp/image/tr/api/re/WzozX/?noTomariHotel=165979,https://img.travel.rakuten.co.jp/image/tr/api/re/gJNfM/?f_hotel_no=165979,でる　すたいる　ふくおかにしなかす（きゅう　だいわろいねっとほてるふくおかにしなかす）　,天神・中洲屋台・キャナルシティ博多まで徒歩圏内の好立地。館内コンビニエンスストア有り。観光・ビジネスの拠点におすすめ,5750,120913.01,469470.09,810-0002,福岡県,福岡市中央区西中洲1-9,092-409-3155,092-409-3159,地下鉄空港線「中洲川端」駅より徒歩約8分。地下鉄七隈線「天神南駅」6番出口より徒歩約4分。天神・中洲屋台へは徒歩約5分！,無し,,https://img.travel.rakuten.co.jp/share/HOTEL/165979/165979.jpg,https://img.travel.rakuten.co.jp/HIMG/90/165979.jpg,https://img.travel.rakuten.co.jp/share/HOTEL/165979/165979_kan1.jpg,https://img.travel.rakuten.co.jp/HIMG/INTERIOR/165979.jpg,https://img.travel.rakuten.co.jp/share/HOTEL/165979/165979map.gif,572.0,4.21,"部屋は…　2026-06-02 18:00:02投稿 <a href=""https://img.travel.rakuten.co.jp/image/tr/api/re/gJNfM/?f_hotel_no=165979"" class=""3click"">つづきはこちら</a>",ctn1,【禁煙】コンパクトツインシングルユース●デスク無し●15平米,4136250.0,寛ぎのシンプルステイ(素泊り),1,0,0,0,0,1,https://img.travel.rakuten.co.jp/image/tr/api/re/IdsCY/?f_no=165979&f_syu=ctn1&f_hi1=2026-06-13&f_hi2=2026-06-14&f_heya_su=1&f_otona_su=1&f_s1=0&f_s2=0&f_y1=0&f_y2=0&f_y3=0&f_y4=0&f_camp_id=4136250,0,2026-06-13,28500,28500,0,2026-06-13,seibu
16283,ホテルエトワス天神,https://img.travel.rakuten.co.jp/image/tr/api/re/pvonD/?f_no=16283,https://img.travel.rakuten.co.jp/image/tr/api/re/vFumt/?f_no=16283&f_flg=PLAN,https://img.travel.rakuten.co.jp/image/tr/api/re/WzozX/?noTomariHotel=16283,https://img.travel.rakuten.co.jp/image/tr/api/re/gJNfM/?f_hotel_no=16283,えとわす　てんじん,★地下鉄天神駅徒歩３分★駅近で朝から海鮮丼＆九州のご当地料理ブッフェを楽しめるホテル,4950,120920.73,469432.47,810-0001,福岡県,福岡市中央区天神3-5-18,092-737-3233,092-737-3266,福岡空港・博多駅から地下鉄１本／福岡市営地下鉄『天神駅』４番出口より徒歩３分／都市高速天神北ランプより車約５分,"近隣契約駐車場有／徒歩30秒／ １泊（15時〜翌10時）1,000円／予約不可",天神,https://img.travel.rakuten.co.jp/share/HOTEL/16283/16283.jpg,https://img.travel.rakuten.co.jp/HIMG/90/16283.jpg,https://img.travel.rakuten.co.jp/share/HOTEL/16283/16283_room.jpg,https://img.travel.rakuten.co.jp/HIMG/INTERIOR/16283.jpg,https://img.travel.rakuten.co.jp/share/HOTEL/16283/16283map.gif,2531.0,4.01,"クチコミの詳細はこちらから　ht…　2026-06-08 21:43:59投稿 <a href=""https://img.travel.rakuten.co.jp/image/tr/api/re/gJNfM/?f_hotel_no=16283"" class=""3click"">つづきはこちら</a>",ss,【喫煙】スタンダードシングル,5804834.0,【10％OFF】【楽天スーパーSALE】素泊まりスペシャルプライス★地下鉄天神駅徒歩3分の好立地,1,0,0,0,0,2,https://img.travel.rakuten.co.jp/image/tr/api/re/IdsCY/?f_no=16283&f_syu=ss&f_hi1=2026-06-13&f_hi2=2026-06-14&f_heya_su=1&f_otona_su=1&f_s1=0&f_s2=0&f_y1=0&f_y2=0&f_y3=0&f_y4=0&f_camp_id=5804834,0,2026-06-13,19800,19800,0,2026-06-13,seibu
9239,ホテル一楽,https://img.travel.rakuten.co.jp/image/tr/api/re/pvonD/?f_no=9239,https://img.travel.rakuten.co.jp/image/tr/api/re/vFumt/?f_no=9239&f_flg=PLAN,https://img.travel.rakuten.co.jp/image/tr/api/re/WzozX/?noTomariHotel=9239,https://img.travel.rakuten.co.jp/image/tr/api/re/gJNfM/?f_hotel_no=9239,いちらく,■天神・キャナルシティまで車で5分！■駐車場1泊500円（税別）！■庭園大浴場完備！■お子様連れでも安心の和室が40室！,3080,120876.31,469486.5,810-0005,福岡県,福岡市中央区清川2-5-5,092-531-0561,,福岡空港よりタクシー20分。ＪＲ博多駅よりタクシーの場合5分・路線バス利用の場合10分（柳橋バス停下車後3分）,当日15時より先着順　普通車（隣接20台・立体50台）1泊500円（別） ※大型車は別料金・要問合せ,天神,https://img.travel.rakuten.co.jp/share/HOTEL/9239/9239.jpg,https://img.travel.rakuten.co.jp/HIMG/90/9239.jpg,https://img.travel.rakuten.co.jp/share/HOTEL/9239/9239_sig.jpg,https://img.travel.rakuten.co.jp/HIMG/INTERIOR/9239.jpg,https://img.travel.rakuten.co.jp/share/HOTEL/9239/9239map.gif,2023.0,3.99,"部屋のエアコンの設置位置を考えて欲しい。枕の位置に直接風があたるので喉を痛める。加湿空気清浄機がほしいぐらいです。女性用浴場には2台あるドライヤーが1台故…　2026-06-11 15:30:34投稿 <a href=""https://img.travel.rakuten.co.jp/image/tr/api/re/gJNfM/?f_hotel_no=9239"" class=""3click"">つづきはこちら</a>",omakase,客室おまかせ（お部屋タイプ指定不可）,5720686.0,超にぎやかプラン（オンラインカード決済・素泊まり限定）,1,0,0,0,0,2,https://img.travel.rakuten.co.jp/image/tr/api/re/IdsCY/?f_no=9239&f_syu=omakase&f_hi1=2026-06-13&f_hi2=2026-06-14&f_heya_su=1&f_otona_su=1&f_s1=0&f_s2=0&f_y1=0&f_y2=0&f_y3=0&f_y4=0&f_camp_id=5720686,0,2026-06-13,14300,14300,0,2026-06-13,seibu
17977,福岡フローラルイン西中洲,https://img.travel.rakuten.co.jp/image/tr/api/re/pvonD/?f_no=17977,https://img.travel.rakuten.co.jp/image/tr/api/re/vFumt/?f_no=17977&f_flg=PLAN,https://img.travel.rakuten.co.jp/image/tr/api/re/WzozX/?noTomariHotel=17977,https://img.travel.rakuten.co.jp/image/tr/api/re/gJNfM/?f_hotel_no=17977,ふくおか　ふろーらるいん　にしなかす,連日完売、無料の絶品夜食カレーが大人気！！自慢のおいしい朝食！！３部屋限定女性に大人気Refaルーム！,4943,120916.03,469465.62,810-0002,福岡県,福岡市中央区西中洲5-10,092-735-1100,092-735-1119,市営地下鉄「中洲川端」1番出口より徒歩4分・市営地下鉄「天神」16番出口より徒歩4分・西鉄バス「春吉」バス停から徒歩2分,"￥1,500/1泊　平面コインパーキング有＊先着順＊予約不可、事前確保はお受けしておりません",中洲川端,https://img.travel.rakuten.co.jp/share/HOTEL/17977/17977.jpg,https://img.travel.rakuten.co.jp/HIMG/90/17977.jpg,https://img.travel.rakuten.co.jp/share/HOTEL/17977/17977_kya.jpg,https://img.travel.rakuten.co.jp/HIMG/INTERIOR/17977.jpg,https://img.travel.rakuten.co.jp/share/HOTEL/17977/17977map.gif,4941.0,4.22,"クチコミの詳細はこちらから　https://review.travel.rakuten.co.jp/hotel/voice/17977?reviewId=3…　2026-06-08 21:36:38投稿 <a href=""https://img.travel.rakuten.co.jp/image/tr/api/re/gJNfM/?f_hotel_no=17977"" class=""3click"">つづきはこちら</a>",sbbf,【喫煙】シングルルーム,6453166.0,【15％OFF】【楽天スーパーSALE】出張応援！立地×柔軟性◎効率重視ステイ｜素泊り,1,0,0,0,0,1,https://img.travel.rakuten.co.jp/image/tr/api/re/IdsCY/?f_no=17977&f_syu=sbbf&f_hi1=2026-06-13&f_hi2=2026-06-14&f_heya_su=1&f_otona_su=1&f_s1=0&f_s2=0&f_y1=0&f_y2=0&f_y3=0&f_y4=0&f_camp_id=6453166,0,2026-06-13,20400,20400,0,2026-06-13,seibu
165560,Ｈ　ＨＯＴＥＬ,https://img.travel.rakuten.co.jp/image/tr/api/re/pvonD/?f_no=165560,https://img.travel.rakuten.co.jp/image/tr/api/re/vFumt/?f_no=165560&f_flg=PLAN,https://img.travel.rakuten.co.jp/image/tr/api/re/WzozX/?noTomariHotel=165560,https://img.travel.rakuten.co.jp/image/tr/api/re/gJNfM/?f_hotel_no=165560,えいち　ほてる,福岡の中心・大名発★設備充実の【ホテル×コワーキングスペース】高速Wi-Fi、挽きたてコーヒーに話題のあの本まで♪,4800,120906.31,469430.33,810-0041,福岡県,福岡市中央区大名2-1-13,092-722-5070,092-722-5077,地下鉄空港線「天神駅」より徒歩5分。博多駅から3駅（5分）／福岡空港から5駅（12分）,専用駐車場なし／近隣の駐車場をご案内しております〈紙与パーキング大名〉当ホテルから車で２分、徒歩５分,天神,https://img.travel.rakuten.co.jp/share/HOTEL/165560/165560.jpg,https://img.travel.rakuten.co.jp/HIMG/90/165560.jpg,,,https://img.travel.rakuten.co.jp/share/HOTEL/165560/165560map.gif,77.0,4.28,"共用のドリンクバーはこまめな補充もしてありました…　2026-05-23 02:42:46投稿 <a href=""https://img.travel.rakuten.co.jp/image/tr/api/re/gJNfM/?f_hotel_no=165560"" class=""3click"">つづきはこちら</a>",h8,ペントハウス（スイートルーム｜146.5平米）【禁煙】,6026018.0,【10％OFF】【楽天スーパーSALE】＜1室限定＞最上階スイートルームのペントハウスで贅沢なひと時,1,0,0,0,0,2,https://img.travel.rakuten.co.jp/image/tr/api/re/IdsCY/?f_no=165560&f_syu=h8&f_hi1=2026-06-13&f_hi2=2026-06-14&f_heya_su=1&f_otona_su=1&f_s1=0&f_s2=0&f_y1=0&f_y2=0&f_y3=0&f_y4=0&f_camp_id=6026018,0,2026-06-13,91980,91980,0,2026-06-13,seibu
181718,ホテルＪＡＬシティ福岡　天神,https://img.travel.rakuten.co.jp/image/tr/api/re/pvonD/?f_no=181718,https://img.travel.rakuten.co.jp/image/tr/api/re/vFumt/?f_no=181718&f_flg=PLAN,https://img.travel.rakuten.co.jp/image/tr/api/re/WzozX/?noTomariHotel=181718,https://img.travel.rakuten.co.jp/image/tr/api/re/gJNfM/?f_hotel_no=181718,ほてるじゃるしてぃふくおか　てんじん,2021年3月開業！空港・博多駅を結ぶ地下鉄赤坂駅3番出口より徒歩1分の好立地！！,9540,120909.95,469417.35,810-0041,福岡県,福岡市中央区大名2-12-5,092-718-7558,092-718-7567,福岡市営地下鉄赤坂駅3番出口より徒歩1分,"立体駐車場あり(台数26台・2,000円/泊) 予約不可",赤坂（福岡）,https://img.travel.rakuten.co.jp/share/HOTEL/181718/181718.jpg,https://img.travel.rakuten.co.jp/HIMG/90/181718.jpg,,,https://img.travel.rakuten.co.jp/share/HOTEL/181718/181718map.gif,523.0,4.46,"GW期間中に1人あたり1泊3万台で3人1部屋を予約しましたが、2名向けの部屋が提供されました。部屋に入ると3つのベッドでいっぱいになって、格安のビジネスホテルより…　2026-05-25 12:51:42投稿 <a href=""https://img.travel.rakuten.co.jp/image/tr/api/re/gJNfM/?f_hotel_no=181718"" class=""3click"">つづきはこちら</a>",mq,モデレートクイーン／21平米・禁煙,5878900.0,【5％OFF】【楽天スーパーSALE】全客室21平米以上！洗い場付きの広々バスルーム(室料のみ),1,0,0,0,0,1,https://img.travel.rakuten.co.jp/image/tr/api/re/IdsCY/?f_no=181718&f_syu=mq&f_hi1=2026-06-13&f_hi2=2026-06-14&f_heya_su=1&f_otona_su=1&f_s1=0&f_s2=0&f_y1=0&f_y2=0&f_y3=0&f_y4=0&f_camp_id=5878900,0,2026-06-13,23750,23750,0,2026-06-13,seibu
198902,ＢＡＳＥ　ＬＡＹＥＲ　ＨＯＴＥＬ　福岡（２０２６年４月１５日ＯＰＥＮ）,https://img.travel.rakuten.co.jp/image/tr/api/re/pvonD/?f_no=198902,https://img.travel.rakuten.co.jp/image/tr/api/re/vFumt/?f_no=198902&f_flg=PLAN,https://img.travel.rakuten.co.jp/image/tr/api/re/WzozX/?noTomariHotel=198902,https://img.travel.rakuten.co.jp/image/tr/api/re/gJNfM/?f_hotel_no=198902,べーすれいやーほてるふくおか（２０２６ねん４がつ１５にちおーぷん）,快適な滞在と楽しい街遊びを支える基礎的機能ホテル,5060,120879.62,469476.79,810-0005,福岡県,福岡市中央区清川1-14-15,092-406-1256,092-406-1257,福岡市地下鉄七隈線「渡辺通駅」より徒歩7分・西鉄天神大牟田線「薬院駅」より徒歩10分,なし,天神,https://img.travel.rakuten.co.jp/share/HOTEL/198902/198902.jpg,https://img.travel.rakuten.co.jp/HIMG/90/198902.jpg,,,https://img.travel.rakuten.co.jp/share/HOTEL/198902/198902map.gif,10.0,3.5,,k,キングルーム,6469068.0,【楽天スーパーSALE】STANDARD_素泊,1,0,0,0,0,1,https://img.travel.rakuten.co.jp/image/tr/api/re/IdsCY/?f_no=198902&f_syu=k&f_hi1=2026-06-13&f_hi2=2026-06-14&f_heya_su=1&f_otona_su=1&f_s1=0&f_s2=0&f_y1=0&f_y2=0&f_y3=0&f_y4=0&f_camp_id=6469068,0,2026-06-13,44880,44880,0,2026-06-13,seibu
178294,三井ガーデンホテル福岡中洲,https://img.travel.rakuten.co.jp/image/tr/api/re/pvonD/?f_no=178294,https://img.travel.rakuten.co.jp/image/tr/api/re/vFumt/?f_no=178294&f_flg=PLAN,https://img.travel.rakuten.co.jp/image/tr/api/re/WzozX/?noTomariHotel=178294,https://img.travel.rakuten.co.jp/image/tr/api/re/gJNfM/?f_hotel_no=178294,みついがーでんほてるふくおかなかす,地下鉄空港線中洲川端駅より徒歩約２分の好立地。最上階には大浴場をご用意♪,7654,120926.91,469463.85,810-0801,福岡県,福岡市博多区中洲5-5-1,092-263-5531,092-263-6631,地下鉄空港線　中洲川端駅中洲改札口2番出口より徒歩にて約２分,有り　24台　２，０００円（税込/泊）　先着順　 ※車両制限あり。詳細は公式HPをご確認ください。,中洲川端,https://img.travel.rakuten.co.jp/share/HOTEL/178294/178294.jpg,https://img.travel.rakuten.co.jp/HIMG/90/178294.jpg,,,https://img.travel.rakuten.co.jp/share/HOTEL/178294/178294map.gif,463.0,4.11,"113時〜…　2026-05-04 19:26:08投稿 <a href=""https://img.travel.rakuten.co.jp/image/tr/api/re/gJNfM/?f_hotel_no=178294"" class=""3click"">つづきはこちら</a>",stdd2,スタンダードダブル（バスタブ）,6468923.0,【楽天スーパーSALE】ベーシックプラン　＜素泊り＞,1,0,0,0,0,1,https://img.travel.rakuten.co.jp/image/tr/api/re/IdsCY/?f_no=178294&f_syu=stdd2&f_hi1=2026-06-13&f_hi2=2026-06-14&f_heya_su=1&f_otona_su=1&f_s1=0&f_s2=0&f_y1=0&f_y2=0&f_y3=0&f_y4=0&f_camp_id=6468923,0,2026-06-13,46777,46777,0,2026-06-13,seibu
176752,ザ・ミレニアルズ福岡（Ｔｈｅ　Ｍｉｌｌｅｎｎｉａｌｓ　福岡）,https://img.travel.rakuten.co.jp/image/tr/api/re/pvonD/?f_no=176752,https://img.travel.rakuten.co.jp/image/tr/api/re/vFumt/?f_no=176752&f_flg=PLAN,https://img.travel.rakuten.co.jp/image/tr/api/re/WzozX/?noTomariHotel=176752,https://img.travel.rakuten.co.jp/image/tr/api/re/gJNfM/?f_hotel_no=176752,ざ　みれにあるず　ふくおか,「スマートポッド」という未来型の宿泊体験。コワーキングスペース、ビリヤードに加え、夕方にはフリービール提供中！,4400,120925.76,469464.98,810-0801,福岡県,福岡市博多区中洲5-2-18,092-262-2009,092-262-1909,「THE LIVELY 福岡博多」内。地下鉄「中洲川端」駅2番出口より徒歩1分。天神・繁華街まで徒歩圏内。,"1,800円 予約不可。車種制限(車高1.6ｍ、車幅1.7ｍ)",中洲川端,https://img.travel.rakuten.co.jp/share/HOTEL/176752/176752.jpg,https://img.travel.rakuten.co.jp/HIMG/90/176752.jpg,https://img.travel.rakuten.co.jp/share/HOTEL/176752/176752_kan1.jpg,https://img.travel.rakuten.co.jp/HIMG/INTERIOR/176752.jpg,https://img.travel.rakuten.co.jp/share/HOTEL/176752/176752map.gif,132.0,3.82,"クチコミの詳細はこちらから　https:/…　2026-06-09 07:46:22投稿 <a href=""https://img.travel.rakuten.co.jp/image/tr/api/re/gJNfM/?f_hotel_no=176752"" class=""3click"">つづきはこちら</a>",fo,スマートポッド - 女性専用,6420347.0,【女性専用エリア】人気美容アイテム体験！ビューティーステイ（素泊まり）,1,0,0,0,0,1,https://img.travel.rakuten.co.jp/image/tr/api/re/IdsCY/?f_no=176752&f_syu=fo&f_hi1=2026-06-13&f_hi2=2026-06-14&f_heya_su=1&f_otona_su=1&f_s1=0&f_s2=0&f_y1=0&f_y2=0&f_y3=0&f_y4=0&f_camp_id=6420347,0,2026-06-13,16800,16800,0,2026-06-13,seibu
146992,ファーストキャビン博多,https://img.travel.rakuten.co.jp/image/tr/api/re/pvonD/?f_no=146992,https://img.travel.rakuten.co.jp/image/tr/api/re/vFumt/?f_no=146992&f_flg=PLAN,,https://img.travel.rakuten.co.jp/image/tr/api/re/gJNfM/?f_hotel_no=146992,ふぁーすときゃびん　はかた,【全国旅行支援対象】地下鉄「中洲川端駅」直結の好立地！大浴場で疲れを癒せます。女性エリア完備！,4275,120925.34,469470.08,810-0801,福岡県,福岡市博多区中洲3-7-24　ｇａｔｅ’ｓ 8F,092-260-1852,092-260-1853,地下鉄空港線　中洲川端駅４番出口直結,駐車場無し・公共交通機関をご利用ください,中洲川端,https://img.travel.rakuten.co.jp/share/HOTEL/146992/146992.jpg,https://img.travel.rakuten.co.jp/HIMG/90/146992.jpg,https://img.travel.rakuten.co.jp/share/HOTEL/146992/146992_kan1.jpg,https://img.travel.rakuten.co.jp/HIMG/INTERIOR/146992.jpg,https://img.travel.rakuten.co.jp/share/HOTEL/146992/146992map.gif,1012.0,3.99,"お部屋の中はお食事NGで、フロント横に…　2026-06-06 22:15:22投稿 <a href=""https://img.travel.rakuten.co.jp/image/tr/api/re/gJNfM/?f_hotel_no=146992"" class=""3click"">つづきはこちら</a>",sd,ビジネスクラスキャビン（女性専用・男性不可）,4600313.0,【5％OFF】【楽天スーパーSALE】素泊まり☆スタンダードプラン【女性専用】,1,0,0,0,0,1,https://img.travel.rakuten.co.jp/image/tr/api/re/IdsCY/?f_no=146992&f_syu=sd&f_hi1=2026-06-13&f_hi2=2026-06-14&f_heya_su=1&f_otona_su=1&f_s1=0&f_s2=0&f_y1=0&f_y2=0&f_y3=0&f_y4=0&f_camp_id=4600313,0,2026-06-13,14060,14060,0,2026-06-13,seibu
168795,変なホテル福岡　博多,https://img.travel.rakuten.co.jp/image/tr/api/re/pvonD/?f_no=168795,https://img.travel.rakuten.co.jp/image/tr/api/re/vFumt/?f_no=168795&f_flg=PLAN,https://img.travel.rakuten.co.jp/image/tr/api/re/WzozX/?noTomariHotel=168795,https://img.travel.rakuten.co.jp/image/tr/api/re/gJNfM/?f_hotel_no=168795,へんなほてるふくおか　はかた,2023年6月19日からラウンジOPEN！ドリンク・アルコール・朝食はご宿泊のお客様なら無料！人気の観光地も徒歩圏内！,5290,120926.9,469460.56,810-0801,福岡県,福岡市博多区中洲5-4-19,050-5576-8380,03-6695-6660,中洲川端駅より徒歩３分／天神駅より徒歩５分／福岡空港より電車で９分,"提携駐車場「Dパーキング中洲5丁目第一／第三／第六」24時間2,500円",中洲川端,https://img.travel.rakuten.co.jp/share/HOTEL/168795/168795.jpg,https://img.travel.rakuten.co.jp/HIMG/90/168795.jpg,https://img.travel.rakuten.co.jp/share/HOTEL/168795/168795_kan1.jpg,https://img.travel.rakuten.co.jp/HIMG/INTERIOR/168795.jpg,https://img.travel.rakuten.co.jp/share/HOTEL/168795/168795map.gif,1014.0,4.21,"ラウンジサービスは昼(ソフトドリンクとクッキーとモ…　2026-06-11 23:22:16投稿 <a href=""https://img.travel.rakuten.co.jp/image/tr/api/re/gJNfM/?f_hotel_no=168795"" class=""3click"">つづきはこちら</a>",20260220,ツインルーム （映画ドラえもんルーム）,6428449.0,【映画ドラえもん 新・のび太の海底鬼岩城】「映画ドラえもんルーム」特典付プラン＜ラウンジ付き＞,1,0,0,0,0,1,https://img.travel.rakuten.co.jp/image/tr/api/re/IdsCY/?f_no=168795&f_syu=20260220&f_hi1=2026-06-13&f_hi2=2026-06-14&f_heya_su=1&f_otona_su=1&f_s1=0&f_s2=0&f_y1=0&f_y2=0&f_y3=0&f_y4=0&f_camp_id=6428449,0,2026-06-13,37500,37500,0,2026-06-13,seibu
182097,ｌｙｆ　Ｔｅｎｊｉｎ　Ｆｕｋｕｏｋａ（ライフ天神福岡）,https://img.travel.rakuten.co.jp/image/tr/api/re/pvonD/?f_no=182097,https://img.travel.rakuten.co.jp/image/tr/api/re/vFumt/?f_no=182097&f_flg=PLAN,https://img.travel.rakuten.co.jp/image/tr/api/re/WzozX/?noTomariHotel=182097,https://img.travel.rakuten.co.jp/image/tr/api/re/gJNfM/?f_hotel_no=182097,らいふ　てんじん　ふくおか,【空港線 天神駅から徒歩圏内】おしゃれな映えホテル！ 無料コワーキングスペース＆テラス付きラウンジ24時間OPEN,4628,120894.12,469449.46,810-0021,福岡県,福岡市中央区今泉1-2-13 レソラ今泉テラス3F,092-753-8695,092-753-8696,西鉄天神大牟田線   福岡天神駅 徒歩 6 分 / 福岡市地下鉄七隈線 天神南駅または薬院駅 徒歩 5 分,無し,西鉄福岡,https://img.travel.rakuten.co.jp/share/HOTEL/182097/182097.jpg,https://img.travel.rakuten.co.jp/HIMG/90/182097.jpg,,,https://img.travel.rakuten.co.jp/share/HOTEL/182097/182097map.gif,202.0,3.91,"クチコミの詳細はこちらから　https://review.travel.rakuten.co.jp/hotel/voice/182097?…　2026-04-06 18:17:30投稿 <a href=""https://img.travel.rakuten.co.jp/image/tr/api/re/gJNfM/?f_hotel_no=182097"" class=""3click"">つづきはこちら</a>",0sbysp,コーナーツイン（サイドバイサイドプラス）【禁煙・テラス付】,5902020.0,【返金不可】予定確定でお得に！事前決済スマートステイ［素泊まり］,1,0,0,0,0,2,https://img.travel.rakuten.co.jp/image/tr/api/re/IdsCY/?f_no=182097&f_syu=0sbysp&f_hi1=2026-06-13&f_hi2=2026-06-14&f_heya_su=1&f_otona_su=1&f_s1=0&f_s2=0&f_y1=0&f_y2=0&f_y3=0&f_y4=0&f_camp_id=5902020,0,2026-06-13,29887,29887,0,2026-06-13,seibu
3088,ザ　ノット　福岡天神（２０２６年４月２０日開業）,https://img.travel.rakuten.co.jp/image/tr/api/re/pvonD/?f_no=3088,https://img.travel.rakuten.co.jp/image/tr/api/re/vFumt/?f_no=3088&f_flg=PLAN,https://img.travel.rakuten.co.jp/image/tr/api/re/WzozX/?noTomariHotel=3088,https://img.travel.rakuten.co.jp/image/tr/api/re/gJNfM/?f_hotel_no=3088,ざ　のっと　ふくおかてんじん,福岡・天神に誕生！街とつながるライフスタイルホテル「THE KNOT FUKUOKA Tenjin」,4077,120903.22,469425.72,810-0041,福岡県,福岡市中央区大名1-9-63,0570-056-633,092-752-7550,博多駅、空港から地下鉄空港線で1本。天神駅3番出口から徒歩8分。赤坂駅（天神駅次）5番出口から4分。,なし,赤坂（福岡）,https://img.travel.rakuten.co.jp/share/HOTEL/3088/3088.jpg,https://img.travel.rakuten.co.jp/HIMG/90/3088.jpg,https://img.travel.rakuten.co.jp/share/HOTEL/3088/3088_tui.jpg,https://img.travel.rakuten.co.jp/HIMG/INTERIOR/3088.jpg,https://img.travel.rakuten.co.jp/share/HOTEL/3088/3088map.gif,2484.0,4.24,"ただ廊下で誰かが歩いてる音とか在室中でも普通に聞こえる…　2026-05-30 09:11:07投稿 <a href=""https://img.travel.rakuten.co.jp/image/tr/api/re/gJNfM/?f_hotel_no=3088"" class=""3click"">つづきはこちら</a>",sln,スーペリアセミダブル 禁煙,6420588.0,旅と人と街をつなぐTHE KNOTステイ (素泊まり),1,0,0,0,0,1,https://img.travel.rakuten.co.jp/image/tr/api/re/IdsCY/?f_no=3088&f_syu=sln&f_hi1=2026-06-13&f_hi2=2026-06-14&f_heya_su=1&f_otona_su=1&f_s1=0&f_s2=0&f_y1=0&f_y2=0&f_y3=0&f_y4=0&f_camp_id=6420588,0,2026-06-13,19840,19840,0,2026-06-13,seibu
437,博多中洲ワシントンホテルプラザ,https://img.travel.rakuten.co.jp/image/tr/api/re/pvonD/?f_no=437,https://img.travel.rakuten.co.jp/image/tr/api/re/vFumt/?f_no=437&f_flg=PLAN,https://img.travel.rakuten.co.jp/image/tr/api/re/WzozX/?noTomariHotel=437,https://img.travel.rakuten.co.jp/image/tr/api/re/gJNfM/?f_hotel_no=437,はかたなかす　わしんとんほてるぷらざ,2021年全室リニューアル～九州一の繁華街「中洲」にあるホテル,5200,120921.05,469481.04,810-0801,福岡県,福岡市博多区中洲2-8-28,092-282-0410,092-282-7700,地下鉄「中洲川端駅」⑤番出口より徒歩約５分／ＪＲ博多駅（博多口）より徒歩約１５分,タワーパーキング　高さ155ｃｍまで　先着34台　1泊1500円〜　大型車の駐車場はございません。,中洲川端,https://img.travel.rakuten.co.jp/share/HOTEL/437/437.jpg,https://img.travel.rakuten.co.jp/HIMG/90/437.jpg,https://img.travel.rakuten.co.jp/share/HOTEL/437/437_heya.jpg,https://img.travel.rakuten.co.jp/HIMG/INTERIOR/437.jpg,https://img.travel.rakuten.co.jp/share/HOTEL/437/437map.gif,2108.0,3.92,"クチコミの詳細はこちらから…　2026-06-01 12:59:22投稿 <a href=""https://img.travel.rakuten.co.jp/image/tr/api/re/gJNfM/?f_hotel_no=437"" class=""3click"">つづきはこちら</a>",s-2k,シングル1 禁煙【13.0-13.5平米】,2829070.0,【学生限定】学割プラン　〜学生証をご提示下さい〜　,1,0,0,0,0,1,https://img.travel.rakuten.co.jp/image/tr/api/re/IdsCY/?f_no=437&f_syu=s-2k&f_hi1=2026-06-13&f_hi2=2026-06-14&f_heya_su=1&f_otona_su=1&f_s1=0&f_s2=0&f_y1=0&f_y2=0&f_y3=0&f_y4=0&f_camp_id=2829070,0,2026-06-13,16400,16400,0,2026-06-13,seibu
176739,ホテルビスタ福岡【中洲川端】,https://img.travel.rakuten.co.jp/image/tr/api/re/pvonD/?f_no=176739,https://img.travel.rakuten.co.jp/image/tr/api/re/vFumt/?f_no=176739&f_flg=PLAN,https://img.travel.rakuten.co.jp/image/tr/api/re/WzozX/?noTomariHotel=176739,https://img.travel.rakuten.co.jp/image/tr/api/re/gJNfM/?f_hotel_no=176739,びすた　ふくおか　なかすかわばた,「博多座」まで徒歩約3分　歌舞伎・ミュージカル等、年間通して公演をお楽しみいただけます,5300,120931.58,469478.03,812-0026,福岡県,福岡市博多区上川端町14-28,092-281-3737,092-281-3736,中洲川端駅７番出口より徒歩にて約３分。地下鉄にて天神駅まで２分、博多駅まで４分の好立地。最寄りのコンビニまで徒歩1分。,"５台先着順 一泊一台1,500円(税込) 機械式のため車高及び車幅制限あり 満車時は提携駐車場を案内",中洲川端,https://img.travel.rakuten.co.jp/share/HOTEL/176739/176739.jpg,https://img.travel.rakuten.co.jp/HIMG/90/176739.jpg,https://img.travel.rakuten.co.jp/share/HOTEL/176739/176739_kan1.jpg,https://img.travel.rakuten.co.jp/HIMG/INTERIOR/176739.jpg,https://img.travel.rakuten.co.jp/share/HOTEL/176739/176739map.gif,791.0,4.19,"美…　2026-06-08 21:11:05投稿 <a href=""https://img.travel.rakuten.co.jp/image/tr/api/re/gJNfM/?f_hotel_no=176739"" class=""3click"">つづきはこちら</a>",mdd,禁煙モデレートダブル 150cmベッド,6478225.0,【楽天スーパーSALE】シンプルステイプラン（素泊り）,1,0,0,0,0,2,https://img.travel.rakuten.co.jp/image/tr/api/re/IdsCY/?f_no=176739&f_syu=mdd&f_hi1=2026-06-13&f_hi2=2026-06-14&f_heya_su=1&f_otona_su=1&f_s1=0&f_s2=0&f_y1=0&f_y2=0&f_y3=0&f_y4=0&f_camp_id=6478225,0,2026-06-13,30685,30685,0,2026-06-13,seibu
84779,グリーンリッチホテル西鉄大橋駅前,https://img.travel.rakuten.co.jp/image/tr/api/re/pvonD/?f_no=84779,https://img.travel.rakuten.co.jp/image/tr/api/re/vFumt/?f_no=84779&f_flg=PLAN,https://img.travel.rakuten.co.jp/image/tr/api/re/WzozX/?noTomariHotel=84779,https://img.travel.rakuten.co.jp/image/tr/api/re/gJNfM/?f_hotel_no=84779,ぐりーんりっちほてるにしてつおおはしえきまえ,天神まで西鉄電車で７分♪　観光やビジネスの拠点に最適な立地です,5300,120800.69,469542.04,815-0033,福岡県,福岡市南区大橋1-7-15,092-552-4400,092-552-4422,天神から西鉄電車で大橋駅下車。JR竹下駅西口から西鉄バスで大橋駅前下車。西鉄大橋駅（西口）を出て右に進み徒歩にて1分。,ホテルの駐車場はございません。近隣の有料駐車場をご案内致します。,大橋（福岡）,https://img.travel.rakuten.co.jp/share/HOTEL/84779/84779.jpg,https://img.travel.rakuten.co.jp/HIMG/90/84779.jpg,https://img.travel.rakuten.co.jp/share/HOTEL/84779/84779_ru.jpg,https://img.travel.rakuten.co.jp/HIMG/INTERIOR/84779.jpg,https://img.travel.rakuten.co.jp/share/HOTEL/84779/84779map.gif,621.0,3.85,"クチコミの詳細はこちらから　https://review.travel.rakuten.co.jp/hotel/voice/84779?revie…　2026-05-31 12:30:33投稿 <a href=""https://img.travel.rakuten.co.jp/image/tr/api/re/gJNfM/?f_hotel_no=84779"" class=""3click"">つづきはこちら</a>",pans,プレミアムダブルルーム【禁煙】,6454852.0,【楽天スーパーSALE】シンプルステイ■朝食無料サービス■,1,0,0,1,0,1,https://img.travel.rakuten.co.jp/image/tr/api/re/IdsCY/?f_no=84779&f_syu=pans&f_hi1=2026-06-13&f_hi2=2026-06-14&f_heya_su=1&f_otona_su=1&f_s1=0&f_s2=0&f_y1=0&f_y2=0&f_y3=0&f_y4=0&f_camp_id=6454852,0,2026-06-13,15792,15792,0,2026-06-13,seibu
1137,ヒルトン福岡シーホーク,https://img.travel.rakuten.co.jp/image/tr/api/re/pvonD/?f_no=1137,https://img.travel.rakuten.co.jp/image/tr/api/re/vFumt/?f_no=1137&f_flg=PLAN,https://img.travel.rakuten.co.jp/image/tr/api/re/WzozX/?noTomariHotel=1137,https://img.travel.rakuten.co.jp/image/tr/api/re/gJNfM/?f_hotel_no=1137,ひるとんふくおかしーほーく,みずほPayPayドーム福岡隣接。全室オーシャンビュー！専用ラウンジ特典付エグゼクティブフロアも魅力。,10693,120928.65,469306.24,810-8650,福岡県,福岡市中央区地行浜2-2-3,092-844-8111,092-844-7899,【バス】天神からW１番で１５分／博多駅から３０６番で３０分→ヒルトン福岡前下車 。,"有り 800台 １泊2,000円(予約不要。チェックイン前の駐車可能）",唐人町,https://img.travel.rakuten.co.jp/share/HOTEL/1137/1137.jpg,https://img.travel.rakuten.co.jp/HIMG/90/1137.jpg,https://img.travel.rakuten.co.jp/share/HOTEL/1137/1137_sgl.jpg,https://img.travel.rakuten.co.jp/HIMG/INTERIOR/1137.jpg,https://img.travel.rakuten.co.jp/share/HOTEL/1137/1137map.gif,4730.0,4.09,"チェックイン手続きのスタッフ様やルームサービスをお持ちいただいたスタッフ…　2026-06-11 16:05:31投稿 <a href=""https://img.travel.rakuten.co.jp/image/tr/api/re/gJNfM/?f_hotel_no=1137"" class=""3click"">つづきはこちら</a>",d1,ヒルトン ダブル（禁煙）,6356975.0,【博多湾オーシャンビュー】お子様連れも安心！6歳未満添い寝無料♪シンプルステイ（お部屋のみ）2026,1,0,0,0,0,1,https://img.travel.rakuten.co.jp/image/tr/api/re/IdsCY/?f_no=1137&f_syu=d1&f_hi1=2026-06-13&f_hi2=2026-06-14&f_heya_su=1&f_otona_su=1&f_s1=0&f_s2=0&f_y1=0&f_y2=0&f_y3=0&f_y4=0&f_camp_id=6356975,0,2026-06-13,47734,47734,0,2026-06-13,seibu
167056,Ｔｈｅ　ＢＲＥＡＫＦＡＳＴ　ＨＯＴＥＬ福岡中洲,https://img.travel.rakuten.co.jp/image/tr/api/re/pvonD/?f_no=167056,https://img.travel.rakuten.co.jp/image/tr/api/re/vFumt/?f_no=167056&f_flg=PLAN,https://img.travel.rakuten.co.jp/image/tr/api/re/WzozX/?noTomariHotel=167056,https://img.travel.rakuten.co.jp/image/tr/api/re/gJNfM/?f_hotel_no=167056,ざ　ぶれっくふぁーすと　ほてるふくおかなかす,23年 ACC総務大臣賞を受賞！【春香のBREAKFAST】桜鯛と筍と春フルーツフェア 4月末まで,5415,120924.69,469474.24,810-0801,福岡県,福岡市博多区中洲３丁目６－１９,050-1792-2444,092-291-4124,福岡市営地下鉄 空港線：博多駅経由 中洲川端駅まで4駅9分　中洲川端駅4番出口より徒歩2分,専用駐車場は設けておりません。車でお越しの方は周辺の有料駐車場を利用ください。,中洲川端,https://img.travel.rakuten.co.jp/share/HOTEL/167056/167056.jpg,https://img.travel.rakuten.co.jp/HIMG/90/167056.jpg,,,https://img.travel.rakuten.co.jp/share/HOTEL/167056/167056map.gif,564.0,3.99,"連泊しました。壁が薄く、隣部屋のいびきや繁華街の騒音が聞こえて残念でした。またホームページにスムージーがサービスで提供されると記載ありましたが、実際はありませんでした…　2026-05-31 21:22:02投稿 <a href=""https://img.travel.rakuten.co.jp/image/tr/api/re/gJNfM/?f_hotel_no=167056"" class=""3click"">つづきはこちら</a>",dn,【禁煙室】スタンダードダブルルーム,5633617.0,【38％OFF】【楽天スーパーSALE】（素泊）シャンプー＆バスソルトバー夜食など無料サービス充実♪,1,0,0,0,0,1,https://img.travel.rakuten.co.jp/image/tr/api/re/IdsCY/?f_no=167056&f_syu=dn&f_hi1=2026-06-13&f_hi2=2026-06-14&f_heya_su=1&f_otona_su=1&f_s1=0&f_s2=0&f_y1=0&f_y2=0&f_y3=0&f_y4=0&f_camp_id=5633617,0,2026-06-13,26400,26400,0,2026-06-13,seibu
173037,ナインアワーズ中洲川端駅,https://img.travel.rakuten.co.jp/image/tr/api/re/pvonD/?f_no=173037,https://img.travel.rakuten.co.jp/image/tr/api/re/vFumt/?f_no=173037&f_flg=PLAN,,https://img.travel.rakuten.co.jp/image/tr/api/re/gJNfM/?f_hotel_no=173037,ないんあわーず　なかすかわばたえき,【2019年8月9日オープン！】地下鉄直結。雨でも安心。福岡中心部にあり抜群のアクセス。観光・ビジネスの活動拠点に。,3400,120930.83,469469.44,812-0027,福岡県,福岡市博多区下川端町3-1　博多リバレインモールＢ1Ｆ,092-283-8755,092-283-8766,福岡市地下鉄中洲川端駅直結,無し,中洲川端,https://img.travel.rakuten.co.jp/share/HOTEL/173037/173037.jpg,https://img.travel.rakuten.co.jp/HIMG/90/173037.jpg,,,https://img.travel.rakuten.co.jp/share/HOTEL/173037/173037map.gif,255.0,4.01,"他の画像やクチコミの詳細…　2026-05-26 19:21:35投稿 <a href=""https://img.travel.rakuten.co.jp/image/tr/api/re/gJNfM/?f_hotel_no=173037"" class=""3click"">つづきはこちら</a>",m01,男性用スリーピングポッド 禁煙（通常）,4811492.0,スタンダードプラン！◆地下鉄「中洲川端駅」直結,1,0,0,0,0,1,https://img.travel.rakuten.co.jp/image/tr/api/re/IdsCY/?f_no=173037&f_syu=m01&f_hi1=2026-06-13&f_hi2=2026-06-14&f_heya_su=1&f_otona_su=1&f_s1=0&f_s2=0&f_y1=0&f_y2=0&f_y3=0&f_y4=0&f_camp_id=4811492,0,2026-06-13,17200,17200,1,2026-06-13,seibu
160839,Ｔｈｅ　ＢＲＥＡＫＦＡＳＴ　ＨＯＴＥＬ福岡天神,https://img.travel.rakuten.co.jp/image/tr/api/re/pvonD/?f_no=160839,https://img.travel.rakuten.co.jp/image/tr/api/re/vFumt/?f_no=160839&f_flg=PLAN,https://img.travel.rakuten.co.jp/image/tr/api/re/WzozX/?noTomariHotel=160839,https://img.travel.rakuten.co.jp/image/tr/api/re/gJNfM/?f_hotel_no=160839,ざ　ぶれっくふぁーすと　ほてるふくおかてんじん,【九州春香食材のイタリアン】BREAKFASTフェスタ 4月末まで,4275,120908.1,469469.4,810-0003,福岡県,福岡市中央区春吉3-23-32,050-1807-4878,092-737-4124,天神南駅6番出口より徒歩5分 　中洲川端駅1番出口より徒歩10分,"先着3台分1泊/2,000円 15時から翌朝11時まで 時間外1時間/500円 予約不可",西鉄福岡,https://img.travel.rakuten.co.jp/share/HOTEL/160839/160839.jpg,https://img.travel.rakuten.co.jp/HIMG/90/160839.jpg,,,https://img.travel.rakuten.co.jp/share/HOTEL/160839/160839map.gif,524.0,3.94,"クチコミの詳細はこちらから　https://review.travel.rakut…　2026-05-30 20:53:10投稿 <a href=""https://img.travel.rakuten.co.jp/image/tr/api/re/gJNfM/?f_hotel_no=160839"" class=""3click"">つづきはこちら</a>",b2,【禁煙室】スタンダードダブルルーム,5081733.0,【40％OFF】【楽天スーパーSALE】（素泊）彩り豊かなフレッシュスムージーで快適な1日の始まりを,1,0,0,0,0,1,https://img.travel.rakuten.co.jp/image/tr/api/re/IdsCY/?f_no=160839&f_syu=b2&f_hi1=2026-06-13&f_hi2=2026-06-14&f_heya_su=1&f_otona_su=1&f_s1=0&f_s2=0&f_y1=0&f_y2=0&f_y3=0&f_y4=0&f_camp_id=5081733,0,2026-06-13,24600,24600,0,2026-06-13,seibu
12562,ザ・レジデンシャルスイート・福岡,https://img.travel.rakuten.co.jp/image/tr/api/re/pvonD/?f_no=12562,https://img.travel.rakuten.co.jp/image/tr/api/re/vFumt/?f_no=12562&f_flg=PLAN,https://img.travel.rakuten.co.jp/image/tr/api/re/WzozX/?noTomariHotel=12562,https://img.travel.rakuten.co.jp/image/tr/api/re/gJNfM/?f_hotel_no=12562,ざ・れじでんしゃるすいーと・ふくおか,★全室44平米以上でミニキッチン＆電子レンジ完備★ドームまで徒歩約10分！★ファミリー、野球観戦、コンサートなどに最適♪,4500,120912.72,469288.88,814-0001,福岡県,福岡市早良区百道浜1-3-70,092-846-8585,092-846-8588,★車で福岡都市高速経由百道出口約2分★地下鉄『西新駅』１番出口より徒歩10分★バスで天神・博多から医師会館前まで約20分,有り　135台　\1650/泊（税込）　平置き/車高2.3ｍ迄　,西新,https://img.travel.rakuten.co.jp/share/HOTEL/12562/12562.jpg,https://img.travel.rakuten.co.jp/HIMG/90/12562.jpg,https://img.travel.rakuten.co.jp/share/HOTEL/12562/12562_t.jpg,https://img.travel.rakuten.co.jp/HIMG/INTERIOR/12562.jpg,https://img.travel.rakuten.co.jp/share/HOTEL/12562/12562map.gif,5149.0,4.11,"風呂とトイレは別々になってます。が、扉開けて同じ空間にトイレ、風呂、洗面所があるので、風呂使用中は、よほどプライバシー気にしないタイプで…　2026-06-08 22:16:56投稿 <a href=""https://img.travel.rakuten.co.jp/image/tr/api/re/gJNfM/?f_hotel_no=12562"" class=""3click"">つづきはこちら</a>",omsgl-k,【禁煙】１名利用,866872.0,【ライブやコンサート、イベント利用におすすめ】ドームまで徒歩10分！お部屋タイプおまかせ【素泊まり】,1,0,0,0,0,1,https://img.travel.rakuten.co.jp/image/tr/api/re/IdsCY/?f_no=12562&f_syu=omsgl-k&f_hi1=2026-06-13&f_hi2=2026-06-14&f_heya_su=1&f_otona_su=1&f_s1=0&f_s2=0&f_y1=0&f_y2=0&f_y3=0&f_y4=0&f_camp_id=866872,0,2026-06-13,31000,31000,0,2026-06-13,seibu
72791,ホテルマイステイズ福岡天神,https://img.travel.rakuten.co.jp/image/tr/api/re/pvonD/?f_no=72791,https://img.travel.rakuten.co.jp/image/tr/api/re/vFumt/?f_no=72791&f_flg=PLAN,https://img.travel.rakuten.co.jp/image/tr/api/re/WzozX/?noTomariHotel=72791,https://img.travel.rakuten.co.jp/image/tr/api/re/gJNfM/?f_hotel_no=72791,まいすていずふくおかてんじん,福岡の中心 天神駅より徒歩5分とアクセス至便！くつろぎと快適さをお届けいたします。,3820,120920.66,469433.4,810-0001,福岡県,福岡市中央区天神3-5-7,092-687-1100,092-687-1102,地下鉄 天神駅の4番出口より徒歩5分 福岡空港から乗り換えなし10分。コンビニまで徒歩１分,敷地内駐車場は【コインパーキング】です。（※ご予約制ではございませんのでご了承ください）,天神,https://img.travel.rakuten.co.jp/share/HOTEL/72791/72791.jpg,https://img.travel.rakuten.co.jp/HIMG/90/72791.jpg,https://img.travel.rakuten.co.jp/share/HOTEL/72791/72791_room.jpg,https://img.travel.rakuten.co.jp/HIMG/INTERIOR/72791.jpg,https://img.travel.rakuten.co.jp/share/HOTEL/72791/72791map.gif,1941.0,4.29,"クチコミの詳細はこちらから　https://review.travel.rakuten…　2026-06-04 21:46:06投稿 <a href=""https://img.travel.rakuten.co.jp/image/tr/api/re/gJNfM/?f_hotel_no=72791"" class=""3click"">つづきはこちら</a>",sians,□禁煙□スタンダードダブル【15平米】,3362446.0,【素泊まり / ベストレート】小学生のお子様まで【添い寝無料】,1,0,0,0,0,1,https://img.travel.rakuten.co.jp/image/tr/api/re/IdsCY/?f_no=72791&f_syu=sians&f_hi1=2026-06-13&f_hi2=2026-06-14&f_heya_su=1&f_otona_su=1&f_s1=0&f_s2=0&f_y1=0&f_y2=0&f_y3=0&f_y4=0&f_camp_id=3362446,0,2026-06-13,21730,21730,0,2026-06-13,seibu
196538,福岡プリンスホテル　ももち浜（２０２６年３月１７日開業）,https://img.travel.rakuten.co.jp/image/tr/api/re/pvonD/?f_no=196538,https://img.travel.rakuten.co.jp/image/tr/api/re/vFumt/?f_no=196538&f_flg=PLAN,https://img.travel.rakuten.co.jp/image/tr/api/re/WzozX/?noTomariHotel=196538,https://img.travel.rakuten.co.jp/image/tr/api/re/gJNfM/?f_hotel_no=196538,ふくおかぷりんすほてる　ももちはま（２０２６ねん３がつ１７にち）,【ご予約に使えるクーポン配布中】2026年3月17日開業｜全室オーシャンビューのプリンスホテル,11311,120924.37,469270.09,814-0001,福岡県,福岡市早良区百道浜二丁目3番23号,092-400-1806,092-400-2016,地下鉄 西新駅から（最寄駅）：タクシー 約6分／徒歩 約20分,"62台。（有料・1泊2,000円）満車でご利用いただけない場合がございます。",西新,https://img.travel.rakuten.co.jp/share/HOTEL/196538/196538.jpg,https://img.travel.rakuten.co.jp/HIMG/90/196538.jpg,,,https://img.travel.rakuten.co.jp/share/HOTEL/196538/196538map.gif,22.0,4.0,他の画像やクチコミの詳細はこちらから　https://review.travel.rakuten.co.jp/hotel/voice/196538?reviewId=33123477647663　2026-05-18 14:16:07投稿,muton,【オーシャンビュー】スーペリア ツイン,6468470.0,【30％OFF】【楽天スーパーSALE】オーシャンビューステイ（室料のみ）,1,0,0,0,0,1,https://img.travel.rakuten.co.jp/image/tr/api/re/IdsCY/?f_no=196538&f_syu=muton&f_hi1=2026-06-13&f_hi2=2026-06-14&f_heya_su=1&f_otona_su=1&f_s1=0&f_s2=0&f_y1=0&f_y2=0&f_y3=0&f_y4=0&f_camp_id=6468470,0,2026-06-13,39285,39285,0,2026-06-13,seibu
153418,ホテル　モンテ　エルマーナ福岡（ホテルモントレグループ）,https://img.travel.rakuten.co.jp/image/tr/api/re/pvonD/?f_no=153418,https://img.travel.rakuten.co.jp/image/tr/api/re/vFumt/?f_no=153418&f_flg=PLAN,https://img.travel.rakuten.co.jp/image/tr/api/re/WzozX/?noTomariHotel=153418,https://img.travel.rakuten.co.jp/image/tr/api/re/gJNfM/?f_hotel_no=153418,もんて　えるまーなふくおか,全室禁煙ルーム・全館Wi-Fi対応・加湿機能付空気清浄機・館内コインランドリー設置・コンビニ１分,6710,120894.23,469465.93,810-0004,福岡県,福岡市中央区渡辺通3-4-24,092-735-7111,092-735-7100,福岡市営地下鉄七隈線　博多駅より約5分　渡辺通駅下車　2番出口　徒歩2分。,立体式（先着順３３台/事前予約不可）１，５００円／泊　満車時は近隣駐車場紹介　,博多,https://img.travel.rakuten.co.jp/share/HOTEL/153418/153418.jpg,https://img.travel.rakuten.co.jp/HIMG/90/153418.jpg,https://img.travel.rakuten.co.jp/share/HOTEL/153418/153418_kan1.jpg,https://img.travel.rakuten.co.jp/HIMG/INTERIOR/153418.jpg,https://img.travel.rakuten.co.jp/share/HOTEL/153418/153418map.gif,660.0,4.17,"一方で、いくつか気になる点もありました。朝食会場では海外からの観光客の利用も多く、サラダコーナーのドレッシングを使用しようと…　2026-06-09 08:50:26投稿 <a href=""https://img.travel.rakuten.co.jp/image/tr/api/re/gJNfM/?f_hotel_no=153418"" class=""3click"">つづきはこちら</a>",omakase,【禁煙】お部屋タイプおまかせ,6454793.0,【楽天スーパーSALE】【博多駅から地下鉄で約５分！】シンプルステイプラン＜素泊り＞,1,0,0,0,0,1,https://img.travel.rakuten.co.jp/image/tr/api/re/IdsCY/?f_no=153418&f_syu=omakase&f_hi1=2026-06-13&f_hi2=2026-06-14&f_heya_su=1&f_otona_su=1&f_s1=0&f_s2=0&f_y1=0&f_y2=0&f_y3=0&f_y4=0&f_camp_id=6454793,0,2026-06-13,30315,30315,0,2026-06-13,seibu
201,アークホテルロイヤル福岡天神　－ルートインホテルズ－,https://img.travel.rakuten.co.jp/image/tr/api/re/pvonD/?f_no=201,https://img.travel.rakuten.co.jp/image/tr/api/re/vFumt/?f_no=201&f_flg=PLAN,https://img.travel.rakuten.co.jp/image/tr/api/re/WzozX/?noTomariHotel=201,https://img.travel.rakuten.co.jp/image/tr/api/re/gJNfM/?f_hotel_no=201,あーくほてるろいやるふくおかてんじん,■地下鉄 天神駅より徒歩6分■福岡名物を数多く取り揃えた 和洋朝食バイキングが好評■緑広がる都会のオアシス！,4410,120927.19,469434.77,810-0001,福岡県,福岡市中央区天神3-13-20,092-724-2222,092-724-2211,地下鉄「天神駅」から徒歩６分。ＪＲ「博多駅」から車で10分。福岡市都市高速天神北ランプ）降りてすぐ,安国駐車場　17:00〜翌10:00　￥800  ,天神,https://img.travel.rakuten.co.jp/share/HOTEL/201/201.jpg,https://img.travel.rakuten.co.jp/HIMG/90/201.jpg,https://img.travel.rakuten.co.jp/share/HOTEL/201/201_room.jpg,https://img.travel.rakuten.co.jp/HIMG/INTERIOR/201.jpg,https://img.travel.rakuten.co.jp/share/HOTEL/201/201map.gif,1788.0,4.15,"「あまおうサイダー」…　2026-06-11 21:52:09投稿 <a href=""https://img.travel.rakuten.co.jp/image/tr/api/re/gJNfM/?f_hotel_no=201"" class=""3click"">つづきはこちら</a>",sw,◇セミダブル（禁煙） １５．５平米 ベッド幅１２０ｃｍ,4158679.0,【5％OFF】【楽天スーパーSALE】お部屋持ち込み可能な無料コミックコーナーOPEN＜食事無し＞,1,0,0,0,0,1,https://img.travel.rakuten.co.jp/image/tr/api/re/IdsCY/?f_no=201&f_syu=sw&f_hi1=2026-06-13&f_hi2=2026-06-14&f_heya_su=1&f_otona_su=1&f_s1=0&f_s2=0&f_y1=0&f_y2=0&f_y3=0&f_y4=0&f_camp_id=4158679,0,2026-06-13,19570,19570,0,2026-06-13,seibu
151071,ホテルニューガイア　ドーム前,https://img.travel.rakuten.co.jp/image/tr/api/re/pvonD/?f_no=151071,https://img.travel.rakuten.co.jp/image/tr/api/re/vFumt/?f_no=151071&f_flg=PLAN,https://img.travel.rakuten.co.jp/image/tr/api/re/WzozX/?noTomariHotel=151071,https://img.travel.rakuten.co.jp/image/tr/api/re/gJNfM/?f_hotel_no=151071,にゅーがいあ　どーむまえ,全客室にエアウィーヴ採用！宿泊者専用ラウンジではドリンク類が無料！スパークリングワインタイムもおススメ！,4375,120910.2,469333.0,810-0064,福岡県,福岡市中央区地行1-4-6,092-737-3901,092-737-3910,地下鉄空港線　唐人町駅より徒歩約５分！福岡空港、博多、天神にも地下鉄一本の好立地！,有り(先着5台予約不可)　車高1.55mまで(立体駐車場)　1000円(税込)／泊　※二輪駐輪場無し,唐人町,https://img.travel.rakuten.co.jp/share/HOTEL/151071/151071.jpg,https://img.travel.rakuten.co.jp/HIMG/90/151071.jpg,,,https://img.travel.rakuten.co.jp/share/HOTEL/151071/151071map.gif,679.0,4.26,"クチコミの詳細はこちらから　https://review.travel.rakuten…　2026-06-04 07:53:24投稿 <a href=""https://img.travel.rakuten.co.jp/image/tr/api/re/gJNfM/?f_hotel_no=151071"" class=""3click"">つづきはこちら</a>",rds,【電子タバコ可】★リニューアルダブル★,4476095.0,【キャンセル不可】確約STAYプラン【カード決済限定】,1,0,0,0,0,2,https://img.travel.rakuten.co.jp/image/tr/api/re/IdsCY/?f_no=151071&f_syu=rds&f_hi1=2026-06-13&f_hi2=2026-06-14&f_heya_su=1&f_otona_su=1&f_s1=0&f_s2=0&f_y1=0&f_y2=0&f_y3=0&f_y4=0&f_camp_id=4476095,0,2026-06-13,21300,21300,0,2026-06-13,seibu
168188,ワンズホテル福岡,https://img.travel.rakuten.co.jp/image/tr/api/re/pvonD/?f_no=168188,https://img.travel.rakuten.co.jp/image/tr/api/re/vFumt/?f_no=168188&f_flg=PLAN,https://img.travel.rakuten.co.jp/image/tr/api/re/WzozX/?noTomariHotel=168188,https://img.travel.rakuten.co.jp/image/tr/api/re/gJNfM/?f_hotel_no=168188,わんずほてるふくおか,２０１８年１１月開業！地下鉄唐人町徒歩０分！隣はセブンイレブン！ヤフオクドーム徒歩圏内！全室ダブルベッドの寛ぎ空間。,4300,120909.75,469336.92,810-0054,福岡県,福岡市中央区今川1-3-3　,092-738-5533,092-738-5588,地下鉄　唐人町駅②番出口より約０分  〈 21時以降は⑤番出口〉〈 エレベーターは⑦番出口（ホテルまで徒歩約5分）〉,無し、近隣コインパーキング22台（1時間100円昼最大600円夜最大400円）イベント料金あり！,唐人町,https://img.travel.rakuten.co.jp/share/HOTEL/168188/168188.jpg,https://img.travel.rakuten.co.jp/HIMG/90/168188.jpg,,,https://img.travel.rakuten.co.jp/share/HOTEL/168188/168188map.gif,267.0,4.19,"クチコミの詳細はこちらから　https://review.travel.rakuten.co.jp/hotel/voice/168188?reviewId=331…　2026-05-24 06:33:51投稿 <a href=""https://img.travel.rakuten.co.jp/image/tr/api/re/gJNfM/?f_hotel_no=168188"" class=""3click"">つづきはこちら</a>",dba,ダブルA〔禁煙〕（11.5平米・Wi-Fi無料）,4351745.0,【当日割】当日限定お得な素泊まりプラン♪　【カード決済限定】,1,0,0,0,0,2,https://img.travel.rakuten.co.jp/image/tr/api/re/JlnYS/?f_no=168188&f_syu=dba&f_hi1=2026-06-13&f_hi2=2026-06-14&f_heya_su=1&f_otona_su=1&f_s1=0&f_s2=0&f_y1=0&f_y2=0&f_y3=0&f_y4=0&f_camp_id=4351745,2,2026-06-13,20100,20100,0,2026-06-13,seibu
15741,ホテル福岡ガーデンパレス,https://img.travel.rakuten.co.jp/image/tr/api/re/pvonD/?f_no=15741,https://img.travel.rakuten.co.jp/image/tr/api/re/vFumt/?f_no=15741&f_flg=PLAN,https://img.travel.rakuten.co.jp/image/tr/api/re/WzozX/?noTomariHotel=15741,https://img.travel.rakuten.co.jp/image/tr/api/re/gJNfM/?f_hotel_no=15741,ふくおかがーでんぱれす,福岡の都心・天神に位置し、レジャー・ビジネスはもちろん観光の拠点としても最適のホテルです。,6000,120930.31,469446.48,810-0001,福岡県,福岡市中央区天神4-8-15,092-713-1112,092-714-0510,福岡市営地下鉄 福岡空港駅から天神駅へ ／福岡市営地下鉄 博多駅から天神駅へ　⇒　地下鉄天神駅より徒歩で約8分,有り（提携駐車場）,天神,https://img.travel.rakuten.co.jp/share/HOTEL/15741/15741.jpg,https://img.travel.rakuten.co.jp/HIMG/90/15741.jpg,https://img.travel.rakuten.co.jp/share/HOTEL/15741/15741_kan.jpg,https://img.travel.rakuten.co.jp/HIMG/INTERIOR/15741.jpg,https://img.travel.rakuten.co.jp/share/HOTEL/15741/15741map.gif,1335.0,3.99,"朝食は選べるメイン料理(魚・肉)があり、私は魚を選びました。宿泊した日はブリの塩焼きで、焼きたてを提供してくれて、とても…　2026-06-06 19:09:59投稿 <a href=""https://img.travel.rakuten.co.jp/image/tr/api/re/gJNfM/?f_hotel_no=15741"" class=""3click"">つづきはこちら</a>",trk,【禁煙】ツイン（セミダブルサイズ）,3135307.0,◇スタンダードプラン【禁煙】,1,0,0,0,0,1,https://img.travel.rakuten.co.jp/image/tr/api/re/IdsCY/?f_no=15741&f_syu=trk&f_hi1=2026-06-13&f_hi2=2026-06-14&f_heya_su=1&f_otona_su=1&f_s1=0&f_s2=0&f_y1=0&f_y2=0&f_y3=0&f_y4=0&f_camp_id=3135307,0,2026-06-13,21600,21600,0,2026-06-13,seibu
3089,プラザホテルプルミエ,https://img.travel.rakuten.co.jp/image/tr/api/re/pvonD/?f_no=3089,https://img.travel.rakuten.co.jp/image/tr/api/re/vFumt/?f_no=3089&f_flg=PLAN,https://img.travel.rakuten.co.jp/image/tr/api/re/WzozX/?noTomariHotel=3089,https://img.travel.rakuten.co.jp/image/tr/api/re/gJNfM/?f_hotel_no=3089,ぷらざほてる　ぷるみえ,福岡の天神地区のホテル。出張や買物に最適！快適なデュベスタイル・Wi-Fi接続。,3045,120902.64,469432.81,810-0041,福岡県,福岡市中央区大名1-14-13,0570-076-633,092-734-7601,博多駅、福岡空港より地下鉄で1本。空港線天神駅3番出口より徒歩7分。七隈線天神南駅2番出口より徒歩8分。,駐車場あり(先着順・予約不可)  2500円/ 1泊,天神,https://img.travel.rakuten.co.jp/share/HOTEL/3089/3089.jpg,https://img.travel.rakuten.co.jp/HIMG/90/3089.jpg,https://img.travel.rakuten.co.jp/share/HOTEL/3089/3089_tui.jpg,https://img.travel.rakuten.co.jp/HIMG/INTERIOR/3089.jpg,https://img.travel.rakuten.co.jp/share/HOTEL/3089/3089map.gif,2874.0,3.65,"お店…　2026-06-09 16:39:23投稿 <a href=""https://img.travel.rakuten.co.jp/image/tr/api/re/gJNfM/?f_hotel_no=3089"" class=""3click"">つづきはこちら</a>",sdn,【禁煙】スーペリアダブル,4512043.0,「プルミエ」ステイ,1,0,0,0,0,1,https://img.travel.rakuten.co.jp/image/tr/api/re/IdsCY/?f_no=3089&f_syu=sdn&f_hi1=2026-06-13&f_hi2=2026-06-14&f_heya_su=1&f_otona_su=1&f_s1=0&f_s2=0&f_y1=0&f_y2=0&f_y3=0&f_y4=0&f_camp_id=4512043,0,2026-06-13,23400,23400,0,2026-06-13,seibu
178568,グランドキャビン天神南,https://img.travel.rakuten.co.jp/image/tr/api/re/pvonD/?f_no=178568,https://img.travel.rakuten.co.jp/image/tr/api/re/vFumt/?f_no=178568&f_flg=PLAN,,https://img.travel.rakuten.co.jp/image/tr/api/re/gJNfM/?f_hotel_no=178568,ぐらんどきゃびんてんじんみなみ,博多駅から西鉄バスもしくは地下鉄七隈線で１本、西鉄薬院駅から徒歩１分、全室個室型のカプセルホテル！,4500,120880.26,469450.6,810-0022,福岡県,福岡市中央区薬院3-3-33,092-525-0002,092-707-3780,西鉄　薬院駅より徒歩にて約１分,無し,薬院,https://img.travel.rakuten.co.jp/share/HOTEL/178568/178568.jpg,https://img.travel.rakuten.co.jp/HIMG/90/178568.jpg,https://img.travel.rakuten.co.jp/share/HOTEL/178568/178568_kan1.jpg,https://img.travel.rakuten.co.jp/HIMG/INTERIOR/178568.jpg,https://img.travel.rakuten.co.jp/share/HOTEL/178568/178568map.gif,213.0,4.11,"カプセルホテルと聞いていましたが、カプセルホテルよりも快適で、漫画喫茶に…　2026-06-08 01:54:11投稿 <a href=""https://img.travel.rakuten.co.jp/image/tr/api/re/gJNfM/?f_hotel_no=178568"" class=""3click"">つづきはこちら</a>",womenroom2,スタンダード個室　【女性専用】,6466979.0,【楽天スーパーSALE】素泊まり個室カプセル【女性フロア】オンライン決済プラン,1,0,0,0,0,2,https://img.travel.rakuten.co.jp/image/tr/api/re/IdsCY/?f_no=178568&f_syu=womenroom2&f_hi1=2026-06-13&f_hi2=2026-06-14&f_heya_su=1&f_otona_su=1&f_s1=0&f_s2=0&f_y1=0&f_y2=0&f_y3=0&f_y4=0&f_camp_id=6466979,0,2026-06-13,8100,8100,0,2026-06-13,seibu
183210,ＹＯＵ　ＳＴＹＬＥ　ＨＯＴＥＬ　ＨＡＫＡＴＡ,https://img.travel.rakuten.co.jp/image/tr/api/re/pvonD/?f_no=183210,https://img.travel.rakuten.co.jp/image/tr/api/re/vFumt/?f_no=183210&f_flg=PLAN,https://img.travel.rakuten.co.jp/image/tr/api/re/WzozX/?noTomariHotel=183210,https://img.travel.rakuten.co.jp/image/tr/api/re/gJNfM/?f_hotel_no=183210,ゆー　すたいる　ほてる　はかた,【全室禁煙】2021年10月　新築グランドオープン♪博多座の隣！中洲川端駅からも徒歩3分で便利な立地！,4850,120934.57,469470.12,812-0027,福岡県,福岡市博多区下川端町10-1,092-402-4433,092-402-4432,中洲川端駅より徒歩3分,"有(1,700円/泊)※ホテル内駐車場１台分のみ。※予約制のためホテルに直接お問い合わせください。",中洲川端,https://img.travel.rakuten.co.jp/share/HOTEL/183210/183210.jpg,https://img.travel.rakuten.co.jp/HIMG/90/183210.jpg,,,https://img.travel.rakuten.co.jp/share/HOTEL/183210/183210map.gif,269.0,4.29,"クチコミの詳細はこちら…　2026-05-24 21:54:35投稿 <a href=""https://img.travel.rakuten.co.jp/image/tr/api/re/gJNfM/?f_hotel_no=183210"" class=""3click"">つづきはこちら</a>",single1,セミダブルルーム,5238826.0,★楽天アワード2年連続受賞記念★【素泊まり】2021年10月グランドオープン！全室光触媒除菌導入,1,0,0,0,0,1,https://img.travel.rakuten.co.jp/image/tr/api/re/IdsCY/?f_no=183210&f_syu=single1&f_hi1=2026-06-13&f_hi2=2026-06-14&f_heya_su=1&f_otona_su=1&f_s1=0&f_s2=0&f_y1=0&f_y2=0&f_y3=0&f_y4=0&f_camp_id=5238826,0,2026-06-13,22200,22200,0,2026-06-13,seibu
182669,エスペリアホテル福岡中洲,https://img.travel.rakuten.co.jp/image/tr/api/re/pvonD/?f_no=182669,https://img.travel.rakuten.co.jp/image/tr/api/re/vFumt/?f_no=182669&f_flg=PLAN,https://img.travel.rakuten.co.jp/image/tr/api/re/WzozX/?noTomariHotel=182669,https://img.travel.rakuten.co.jp/image/tr/api/re/gJNfM/?f_hotel_no=182669,えすぺりあほてるふくおかなかす,美容機器ブランド【ＲｅＦａ】ヘアドライヤー・シャワーヘッド全客室導入◆全室バス（orシャワーブース）・洗面・トイレ独立◆,4680,120933.82,469463.56,812-0028,福岡県,福岡市博多区須崎町2-1,092-271-0077,092-271-0078,福岡市地下鉄　中洲川端駅　6番・7番出口　徒歩約3分,無し,中洲川端,https://img.travel.rakuten.co.jp/share/HOTEL/182669/182669.jpg,https://img.travel.rakuten.co.jp/HIMG/90/182669.jpg,,,https://img.travel.rakuten.co.jp/share/HOTEL/182669/182669map.gif,775.0,4.45,"クチコミの詳細はこちらから　https://review.trav…　2026-06-05 16:59:54投稿 <a href=""https://img.travel.rakuten.co.jp/image/tr/api/re/gJNfM/?f_hotel_no=182669"" class=""3click"">つづきはこちら</a>",tb,ツインB/全室禁煙,5104534.0,【素泊り】価格変動型の定番プラン！早期予約がお得♪ ,1,0,0,0,0,1,https://img.travel.rakuten.co.jp/image/tr/api/re/IdsCY/?f_no=182669&f_syu=tb&f_hi1=2026-06-13&f_hi2=2026-06-14&f_heya_su=1&f_otona_su=1&f_s1=0&f_s2=0&f_y1=0&f_y2=0&f_y3=0&f_y4=0&f_camp_id=5104534,0,2026-06-13,32400,32400,0,2026-06-13,seibu
136126,シーサイドホテルツインズももち,https://img.travel.rakuten.co.jp/image/tr/api/re/pvonD/?f_no=136126,https://img.travel.rakuten.co.jp/image/tr/api/re/vFumt/?f_no=136126&f_flg=PLAN,https://img.travel.rakuten.co.jp/image/tr/api/re/WzozX/?noTomariHotel=136126,https://img.travel.rakuten.co.jp/image/tr/api/re/gJNfM/?f_hotel_no=136126,しーさいどほてるついんずももち,☆福岡Ｐａｙ　Ｐａｙドームは徒歩約７分の距離で、野球観戦・コンサート時には好立地！近郊には福岡タワーもございます☆,4400,120919.91,469289.03,814-0001,福岡県,福岡市早良区百道浜1-7-4,092-822-5001,092-847-3110,博多駅よりバスで約30分・天神よりバスで約20分・最寄下車バス停「医師会館ソフトリサーチパーク」前より徒歩約1分,無し　近隣に提携外コインパーキングあり,,https://img.travel.rakuten.co.jp/share/HOTEL/136126/136126.jpg,https://img.travel.rakuten.co.jp/HIMG/90/136126.jpg,https://img.travel.rakuten.co.jp/share/HOTEL/136126/136126_kya.jpg,https://img.travel.rakuten.co.jp/HIMG/INTERIOR/136126.jpg,https://img.travel.rakuten.co.jp/share/HOTEL/136126/136126map.gif,549.0,3.82,"スタッフ…　2026-05-21 17:48:49投稿 <a href=""https://img.travel.rakuten.co.jp/image/tr/api/re/gJNfM/?f_hotel_no=136126"" class=""3click"">つづきはこちら</a>",sp,スーペリアルーム◆喫煙◆広さ４０平米,6491288.0,【朝食無料】ノーマイカーPLAN,1,0,0,0,0,1,https://img.travel.rakuten.co.jp/image/tr/api/re/IdsCY/?f_no=136126&f_syu=sp&f_hi1=2026-06-13&f_hi2=2026-06-14&f_heya_su=1&f_otona_su=1&f_s1=0&f_s2=0&f_y1=0&f_y2=0&f_y3=0&f_y4=0&f_camp_id=6491288,0,2026-06-13,47520,47520,0,2026-06-13,seibu
144978,ホテルマリノアリゾート福岡,https://img.travel.rakuten.co.jp/image/tr/api/re/pvonD/?f_no=144978,https://img.travel.rakuten.co.jp/image/tr/api/re/vFumt/?f_no=144978&f_flg=PLAN,https://img.travel.rakuten.co.jp/image/tr/api/re/WzozX/?noTomariHotel=144978,https://img.travel.rakuten.co.jp/image/tr/api/re/gJNfM/?f_hotel_no=144978,まりのありぞーとふくおか,全室ハーバービュー♪駐車場無料・朝食はルームサービス。贅沢な３つのラウンジが無料☆ウェルカム・焚火・ナイトラウンジ,9250,120933.28,469172.05,819-0001,福岡県,福岡市西区小戸2-12-43,092-895-5511,092-895-5523,地下鉄空港線：姪浜駅下車後、無料循環バス「クルットバス」利用で約20分　タクシーで5分,有り　１００台　無料　予約不要　（入出庫自由）,姪浜,https://img.travel.rakuten.co.jp/share/HOTEL/144978/144978.jpg,https://img.travel.rakuten.co.jp/HIMG/90/144978.jpg,https://img.travel.rakuten.co.jp/share/HOTEL/144978/144978_room.jpg,https://img.travel.rakuten.co.jp/HIMG/INTERIOR/144978.jpg,https://img.travel.rakuten.co.jp/share/HOTEL/144978/144978map.gif,431.0,4.67,"福岡在住の息子夫婦にホテル自慢し…　2026-06-08 00:16:53投稿 <a href=""https://img.travel.rakuten.co.jp/image/tr/api/re/gJNfM/?f_hotel_no=144978"" class=""3click"">つづきはこちら</a>",mt,【42平米・オーシャンビュー・バルコニー付 マリノアツイン】,5818774.0,《直前割×お日にち限定》18時イン10時アウト/全室福岡タワー側オーシャンビュー！/駐車場無料！,1,0,0,0,0,1,https://img.travel.rakuten.co.jp/image/tr/api/re/IdsCY/?f_no=144978&f_syu=mt&f_hi1=2026-06-13&f_hi2=2026-06-14&f_heya_su=1&f_otona_su=1&f_s1=0&f_s2=0&f_y1=0&f_y2=0&f_y3=0&f_y4=0&f_camp_id=5818774,0,2026-06-13,35550,35550,0,2026-06-13,seibu
160961,ＨＯＴＥＬ　ＣＡＳＶＩ　ＴＥＮＪＩＮ(ホテル　キャスヴィ　天神),https://img.travel.rakuten.co.jp/image/tr/api/re/pvonD/?f_no=160961,https://img.travel.rakuten.co.jp/image/tr/api/re/vFumt/?f_no=160961&f_flg=PLAN,https://img.travel.rakuten.co.jp/image/tr/api/re/WzozX/?noTomariHotel=160961,https://img.travel.rakuten.co.jp/image/tr/api/re/gJNfM/?f_hotel_no=160961,きゃすヴぃ　てんじん,福岡天神駅より徒歩約５分♪福岡天神の中心部アクセス抜群！中州・天神徒歩圏内！,6000,120901.59,469457.53,810-0004,福岡県,福岡市中央区渡辺通5-20-6,092-751-5811,000-000-0000,福岡天神駅より徒歩約５分　地下鉄空港線天神駅より天神地下街、東１２Ｃ出口～ロフトさんの斜め前　博多駅より車で約２０分　,無し,天神,https://img.travel.rakuten.co.jp/share/HOTEL/160961/160961.jpg,https://img.travel.rakuten.co.jp/HIMG/90/160961.jpg,https://img.travel.rakuten.co.jp/share/HOTEL/160961/160961_kan1.jpg,https://img.travel.rakuten.co.jp/HIMG/INTERIOR/160961.jpg,https://img.travel.rakuten.co.jp/share/HOTEL/160961/160961map.gif,176.0,3.79,"クチコミの詳細はこちらから　https://review.travel.rakuten.co.jp/hotel/voice/160961?reviewId=331234778181…　2026-06-09 07:22:48投稿 <a href=""https://img.travel.rakuten.co.jp/image/tr/api/re/gJNfM/?f_hotel_no=160961"" class=""3click"">つづきはこちら</a>",doublekin,スタンダードルーム【喫煙】『140ｃｍダブルベッド』,3980445.0,【楽天限定】天神の中心部で好立地！シンプル素泊まりプラン,1,0,0,0,0,1,https://img.travel.rakuten.co.jp/image/tr/api/re/IdsCY/?f_no=160961&f_syu=doublekin&f_hi1=2026-06-13&f_hi2=2026-06-14&f_heya_su=1&f_otona_su=1&f_s1=0&f_s2=0&f_y1=0&f_y2=0&f_y3=0&f_y4=0&f_camp_id=3980445,0,2026-06-13,18000,18000,0,2026-06-13,seibu
67832,ザ・ワンファイブテラス福岡,https://img.travel.rakuten.co.jp/image/tr/api/re/pvonD/?f_no=67832,https://img.travel.rakuten.co.jp/image/tr/api/re/vFumt/?f_no=67832&f_flg=PLAN,https://img.travel.rakuten.co.jp/image/tr/api/re/WzozX/?noTomariHotel=67832,https://img.travel.rakuten.co.jp/image/tr/api/re/gJNfM/?f_hotel_no=67832,ざ　わんふぁいぶてらす　ふくおか,ご宿泊の皆さまをウェルカムサービスでおもてなし。博多の中心。 喧騒から一歩離れたエリアに建つ プライベートリゾート,5330,120910.25,469475.1,810-0003,福岡県,福岡市中央区春吉3-14-36,0570-075-015,092-726-6190,■地下鉄「中洲川端」駅1番出口より徒歩8分■地下鉄七隈線「天神南」駅6番出口より徒歩7分,駐車場あり(先着順・予約不可)  2500円/ 1泊,中洲川端,https://img.travel.rakuten.co.jp/share/HOTEL/67832/67832.jpg,https://img.travel.rakuten.co.jp/HIMG/90/67832.jpg,https://img.travel.rakuten.co.jp/share/HOTEL/67832/67832_kya.jpg,https://img.travel.rakuten.co.jp/HIMG/INTERIOR/67832.jpg,https://img.travel.rakuten.co.jp/share/HOTEL/67832/67832map.gif,2084.0,4.31,"綺麗なホテルで特に困ることなどもなく快適に過ごさせていただきました。外国の受付の方がテキパキとお仕事をされていてとても印象的でした。立地がとても良く色んな所…　2026-05-31 10:30:51投稿 <a href=""https://img.travel.rakuten.co.jp/image/tr/api/re/gJNfM/?f_hotel_no=67832"" class=""3click"">つづきはこちら</a>",d2n,デラックスツイン,4921604.0,「ザ・ワンファイブ」ステイ（素泊まり）,1,0,0,0,0,1,https://img.travel.rakuten.co.jp/image/tr/api/re/IdsCY/?f_no=67832&f_syu=d2n&f_hi1=2026-06-13&f_hi2=2026-06-14&f_heya_su=1&f_otona_su=1&f_s1=0&f_s2=0&f_y1=0&f_y2=0&f_y3=0&f_y4=0&f_camp_id=4921604,0,2026-06-13,42000,42000,0,2026-06-13,seibu
182563,コンフォートイン福岡天神,https://img.travel.rakuten.co.jp/image/tr/api/re/pvonD/?f_no=182563,https://img.travel.rakuten.co.jp/image/tr/api/re/vFumt/?f_no=182563&f_flg=PLAN,https://img.travel.rakuten.co.jp/image/tr/api/re/WzozX/?noTomariHotel=182563,https://img.travel.rakuten.co.jp/image/tr/api/re/gJNfM/?f_hotel_no=182563,こんふぉーといんふくおかてんじん,地下鉄空港線「天神」駅16番出口より徒約5分◆九州最大の繁華街「中洲屋台街」まで徒歩約7分◆小学6年生まで添い寝無料,5400,120910.27,469461.25,810-0001,福岡県,福岡市中央区天神1-2-1,092-711-2811,092-711-2812,天神南駅5番出口徒歩約1分◆天神駅16番出口徒歩約5分◆博多バスターミナルA・E・F乗り場より春吉停留所下車、徒歩約1分,"敷地内駐車場　身体障碍者用1台　1泊（15:00〜10:00）2,000円　先着順",天神,https://img.travel.rakuten.co.jp/share/HOTEL/182563/182563.jpg,https://img.travel.rakuten.co.jp/HIMG/90/182563.jpg,,,https://img.travel.rakuten.co.jp/share/HOTEL/182563/182563map.gif,437.0,3.91,"クチコミの詳細はこちらから　http…　2026-06-10 08:08:55投稿 <a href=""https://img.travel.rakuten.co.jp/image/tr/api/re/gJNfM/?f_hotel_no=182563"" class=""3click"">つづきはこちら</a>",nds,１ベッド◆ダブルスタンダード◆多機能シャワーブース浴室◆禁煙,5080242.0,自由きままな Comfort stay◆天神南駅から徒歩1分◆素泊まり,1,0,0,0,0,1,https://img.travel.rakuten.co.jp/image/tr/api/re/IdsCY/?f_no=182563&f_syu=nds&f_hi1=2026-06-13&f_hi2=2026-06-14&f_heya_su=1&f_otona_su=1&f_s1=0&f_s2=0&f_y1=0&f_y2=0&f_y3=0&f_y4=0&f_camp_id=5080242,0,2026-06-13,28000,28000,0,2026-06-13,seibu
50709,コートホテル福岡天神,https://img.travel.rakuten.co.jp/image/tr/api/re/pvonD/?f_no=50709,https://img.travel.rakuten.co.jp/image/tr/api/re/vFumt/?f_no=50709&f_flg=PLAN,https://img.travel.rakuten.co.jp/image/tr/api/re/WzozX/?noTomariHotel=50709,https://img.travel.rakuten.co.jp/image/tr/api/re/gJNfM/?f_hotel_no=50709,こーと　ふくおかてんじん,博多駅から天神南駅まで3分！天神南駅から徒歩3分！中州屋台徒歩圏内,3295,120908.24,469464.59,810-0003,福岡県,福岡市中央区春吉3-21-10,092-733-0330,092-751-0004,地下鉄七隈線　天神南駅より徒歩３分／西鉄福岡駅より徒歩7分,"機械式駐車場/1泊2,000円(13:00〜12:00)事前電話予約制・台数・車体制限有",天神,https://img.travel.rakuten.co.jp/share/HOTEL/50709/50709.jpg,https://img.travel.rakuten.co.jp/HIMG/90/50709.jpg,https://img.travel.rakuten.co.jp/share/HOTEL/50709/50709_tu.jpg,https://img.travel.rakuten.co.jp/HIMG/INTERIOR/50709.jpg,https://img.travel.rakuten.co.jp/share/HOTEL/50709/50709map.gif,2074.0,3.79,"クチコミの詳細はこちらから　https://review.travel.ra…　2026-06-08 18:38:05投稿 <a href=""https://img.travel.rakuten.co.jp/image/tr/api/re/gJNfM/?f_hotel_no=50709"" class=""3click"">つづきはこちら</a>",single2,【禁煙】シングル　13.0平米・ベッド幅140cm,5598905.0,Non Refundable,1,0,0,0,0,2,https://img.travel.rakuten.co.jp/image/tr/api/re/IdsCY/?f_no=50709&f_syu=single2&f_hi1=2026-06-13&f_hi2=2026-06-14&f_heya_su=1&f_otona_su=1&f_s1=0&f_s2=0&f_y1=0&f_y2=0&f_y3=0&f_y4=0&f_camp_id=5598905,0,2026-06-13,28800,28800,1,2026-06-13,seibu
2771,ホテル　イル・パラッツォ,https://img.travel.rakuten.co.jp/image/tr/api/re/pvonD/?f_no=2771,https://img.travel.rakuten.co.jp/image/tr/api/re/vFumt/?f_no=2771&f_flg=PLAN,https://img.travel.rakuten.co.jp/image/tr/api/re/WzozX/?noTomariHotel=2771,https://img.travel.rakuten.co.jp/image/tr/api/re/gJNfM/?f_hotel_no=2771,いる　ぱらっつぉ,歴史あるデザインホテルで「Re-Design」された空間と時間をお過ごしください,11938,120911.56,469474.97,810-0003,福岡県,福岡市中央区春吉3-13-1,0570-009-915,092-235-5778,地下鉄空港線「中洲川端」駅1番出口より徒歩7分、七隈線「天神南」駅6番出口より徒歩6分。JR博多駅よりタクシーで約6分,1泊2500円（税込） ※先着順・予約不可,中洲川端,https://img.travel.rakuten.co.jp/share/HOTEL/2771/2771.jpg,https://img.travel.rakuten.co.jp/HIMG/90/2771.jpg,https://img.travel.rakuten.co.jp/share/HOTEL/2771/2771_heya2.jpg,https://img.travel.rakuten.co.jp/HIMG/INTERIOR/2771.jpg,https://img.travel.rakuten.co.jp/share/HOTEL/2771/2771map.gif,1765.0,4.67,"クチコミの詳細はこちらから　https://r…　2026-03-27 10:18:36投稿 <a href=""https://img.travel.rakuten.co.jp/image/tr/api/re/gJNfM/?f_hotel_no=2771"" class=""3click"">つづきはこちら</a>",dk,デラックスキング,5726431.0,【朝食＆ラウンジアクセス付き】Re-Design空間で過ごす特別な時間,1,0,0,1,0,1,https://img.travel.rakuten.co.jp/image/tr/api/re/IdsCY/?f_no=2771&f_syu=dk&f_hi1=2026-06-13&f_hi2=2026-06-14&f_heya_su=1&f_otona_su=1&f_s1=0&f_s2=0&f_y1=0&f_y2=0&f_y3=0&f_y4=0&f_camp_id=5726431,0,2026-06-13,46480,46480,0,2026-06-13,seibu
1533,西鉄グランドホテル,https://img.travel.rakuten.co.jp/image/tr/api/re/pvonD/?f_no=1533,https://img.travel.rakuten.co.jp/image/tr/api/re/vFumt/?f_no=1533&f_flg=PLAN,https://img.travel.rakuten.co.jp/image/tr/api/re/WzozX/?noTomariHotel=1533,https://img.travel.rakuten.co.jp/image/tr/api/re/gJNfM/?f_hotel_no=1533,にしてつぐらんどほてる,地下鉄天神駅から徒歩約1分でアクセス抜群！一人旅～グループ旅行にも◎伝統息づくおもてなしでお客様をお出迎え,8300,120910.26,469433.04,810-8587,福岡県,福岡市中央区大名2-6-60,092-781-0711,092-751-8224,地下鉄にて福岡空港から天神駅まで約11分、「2番出口」より徒歩約1分。福岡の中心に位置し交通機関は大変便利です。,有り　チェックイン当日は到着時から、チェックアウト日は正午12時まで駐車可。,博多,https://img.travel.rakuten.co.jp/share/HOTEL/1533/1533.jpg,https://img.travel.rakuten.co.jp/HIMG/90/1533.jpg,https://img.travel.rakuten.co.jp/share/HOTEL/1533/1533_twin.jpg,https://img.travel.rakuten.co.jp/HIMG/INTERIOR/1533.jpg,https://img.travel.rakuten.co.jp/share/HOTEL/1533/1533map.gif,4922.0,4.31,"クチコミの詳細はこちらから　https://review.travel.rakuten.co.jp/hotel/vo…　2026-06-11 13:07:20投稿 <a href=""https://img.travel.rakuten.co.jp/image/tr/api/re/gJNfM/?f_hotel_no=1533"" class=""3click"">つづきはこちら</a>",tsm,【喫煙】スタンダードツイン,5683697.0,【5％OFF】【楽天スーパーSALE】当日予約も可能なお得プラン＜素泊り＞,1,0,0,0,0,1,https://img.travel.rakuten.co.jp/image/tr/api/re/IdsCY/?f_no=1533&f_syu=tsm&f_hi1=2026-06-13&f_hi2=2026-06-14&f_heya_su=1&f_otona_su=1&f_s1=0&f_s2=0&f_y1=0&f_y2=0&f_y3=0&f_y4=0&f_camp_id=5683697,0,2026-06-13,31600,31600,0,2026-06-13,seibu
196680,クインテッサホテル福岡渡辺通　Ｃｏｍｉｃ＆Ｂｏｏｋｓ,https://img.travel.rakuten.co.jp/image/tr/api/re/pvonD/?f_no=196680,https://img.travel.rakuten.co.jp/image/tr/api/re/vFumt/?f_no=196680&f_flg=PLAN,,https://img.travel.rakuten.co.jp/image/tr/api/re/gJNfM/?f_hotel_no=196680,くいんてっさほてるふくおかわたなべどおりこみっくあんどぶっくす,ホテル自慢の”MANGA Library”で時間を忘れるほどの非日常をご体感ください。,3105,120879.13,469483.94,810-0005,福岡県,福岡市中央区清川2-6-23,092-401-1211,--,七隈線渡辺通駅 2番出口より徒歩9分。天神エリアから徒歩圏内の好立地,"有：料金1,500円 ※先着順",博多,https://img.travel.rakuten.co.jp/share/HOTEL/196680/196680.jpg,https://img.travel.rakuten.co.jp/HIMG/90/196680.jpg,,,https://img.travel.rakuten.co.jp/share/HOTEL/196680/196680map.gif,59.0,4.03,"フロントの方も明るく対応され気持ち良かったです。アジア系観光客も多数宿泊されている様子ですがフロントの方はしっかりと受け応えされており教…　2026-06-08 20:34:36投稿 <a href=""https://img.travel.rakuten.co.jp/image/tr/api/re/gJNfM/?f_hotel_no=196680"" class=""3click"">つづきはこちら</a>",sd,セミダブル,6250828.0,【スタンダードプラン】観光や家族旅行に。福岡ステイの拠点に最適（素泊まり）,1,0,0,0,0,1,https://img.travel.rakuten.co.jp/image/tr/api/re/IdsCY/?f_no=196680&f_syu=sd&f_hi1=2026-06-13&f_hi2=2026-06-14&f_heya_su=1&f_otona_su=1&f_s1=0&f_s2=0&f_y1=0&f_y2=0&f_y3=0&f_y4=0&f_camp_id=6250828,0,2026-06-13,19400,19400,0,2026-06-13,seibu
70215,ホテルマイステイズ福岡天神南,https://img.travel.rakuten.co.jp/image/tr/api/re/pvonD/?f_no=70215,https://img.travel.rakuten.co.jp/image/tr/api/re/vFumt/?f_no=70215&f_flg=PLAN,https://img.travel.rakuten.co.jp/image/tr/api/re/WzozX/?noTomariHotel=70215,https://img.travel.rakuten.co.jp/image/tr/api/re/gJNfM/?f_hotel_no=70215,ほてるまいすていずふくおかてんじんみなみ,地下鉄七隈線「天神南駅」から徒歩5分、「天神・中洲エリア」へ徒歩圏内。 ミニキッチン付のお部屋は連泊時に大人気！,3780,120907.54,469471.21,810-0003,福岡県,福岡市中央区春吉3-14-20,092-286-1700,092-286-2100,■空港から空港線「博多駅」にて七隈線に乗り換え「天神南駅」6番出口より徒歩5分■「天神高速バスターミナル」より徒歩８分,"ご利用の方は事前にお電話にてご予約下さい。1,500円／泊　※先着順。台数に限りがあります。　",,https://img.travel.rakuten.co.jp/share/HOTEL/70215/70215.jpg,https://img.travel.rakuten.co.jp/HIMG/90/70215.jpg,https://img.travel.rakuten.co.jp/share/HOTEL/70215/70215_s.jpg,https://img.travel.rakuten.co.jp/HIMG/INTERIOR/70215.jpg,https://img.travel.rakuten.co.jp/share/HOTEL/70215/70215map.gif,2123.0,4.16,"クチコミの詳細はこちらから　https://review.travel.rakuten.co.jp/hotel/v…　2026-05-10 21:42:48投稿 <a href=""https://img.travel.rakuten.co.jp/image/tr/api/re/gJNfM/?f_hotel_no=70215"" class=""3click"">つづきはこちら</a>",d2a,禁煙◇リニューアル スタンダードダブル 電子レンジ付,6165188.0,2025年客室改装！全室スマートTV導入！【ベストレート／素泊まり】 直前予約にもオススメ！,1,0,0,0,0,1,https://img.travel.rakuten.co.jp/image/tr/api/re/IdsCY/?f_no=70215&f_syu=d2a&f_hi1=2026-06-13&f_hi2=2026-06-14&f_heya_su=1&f_otona_su=1&f_s1=0&f_s2=0&f_y1=0&f_y2=0&f_y3=0&f_y4=0&f_camp_id=6165188,0,2026-06-13,22050,22050,0,2026-06-13,seibu
180071,ランドーホテル福岡クラシック,https://img.travel.rakuten.co.jp/image/tr/api/re/pvonD/?f_no=180071,https://img.travel.rakuten.co.jp/image/tr/api/re/vFumt/?f_no=180071&f_flg=PLAN,https://img.travel.rakuten.co.jp/image/tr/api/re/WzozX/?noTomariHotel=180071,https://img.travel.rakuten.co.jp/image/tr/api/re/gJNfM/?f_hotel_no=180071,らんどーほてるふくおかくらしっく,☆全室家具家電キッチン完備のスイートルーム☆,4000,120865.48,469483.67,810-0011,福岡県,福岡市中央区高砂2-13-1,092-526-5231,03-5615-2997,西鉄平尾駅より徒歩にて約８分,駐車場のご用意はございません。近隣のパーキングをご利用くださいませ。,西鉄平尾,https://img.travel.rakuten.co.jp/share/HOTEL/180071/180071.jpg,https://img.travel.rakuten.co.jp/HIMG/90/180071.jpg,,,https://img.travel.rakuten.co.jp/share/HOTEL/180071/180071map.gif,50.0,3.5,,rei,エグゼクティブスイート/30平米　-礼-,4983378.0,【全室30㎡以上】【返金不可】話題の新築アパートメントホテルでゆったりステイ★,1,0,0,0,0,2,https://img.travel.rakuten.co.jp/image/tr/api/re/IdsCY/?f_no=180071&f_syu=rei&f_hi1=2026-06-13&f_hi2=2026-06-14&f_heya_su=1&f_otona_su=1&f_s1=0&f_s2=0&f_y1=0&f_y2=0&f_y3=0&f_y4=0&f_camp_id=4983378,0,2026-06-13,23000,23000,0,2026-06-13,seibu
9230,平和台ホテル　ファイブ,https://img.travel.rakuten.co.jp/image/tr/api/re/pvonD/?f_no=9230,https://img.travel.rakuten.co.jp/image/tr/api/re/vFumt/?f_no=9230&f_flg=PLAN,https://img.travel.rakuten.co.jp/image/tr/api/re/WzozX/?noTomariHotel=9230,https://img.travel.rakuten.co.jp/image/tr/api/re/gJNfM/?f_hotel_no=9230,へいわだいほてる　ふぁいぶ,イベント盛りだくさんのみずほPayPayドーム福岡は徒歩で行ける便利な立地！近隣には居酒屋やコンビニ・スーパーもあります,2300,120908.63,469335.26,810-0054,福岡県,福岡市中央区今川1-4-2,092-732-5000,092-722-0181,地下鉄「唐人町」駅２番出口より徒歩1分（エレベーター利用の場合は7番出口より徒歩5分）,"有り　8台　平面駐車場をご希望の方は必ずお電話にてご予約ください。　料金：1,500円（税込／泊）",唐人町,https://img.travel.rakuten.co.jp/share/HOTEL/9230/9230.jpg,https://img.travel.rakuten.co.jp/HIMG/90/9230.jpg,https://img.travel.rakuten.co.jp/share/HOTEL/9230/9230_room.jpg,https://img.travel.rakuten.co.jp/HIMG/INTERIOR/9230.jpg,https://img.travel.rakuten.co.jp/share/HOTEL/9230/9230map.gif,988.0,3.7,"大濠公園そばの落ち着いた立地で検討、建物は古いが部屋は広め。大通りに面し、博多方面からタクシー利用もスムーズ。朝食バイキングがかなり充実していて(写真は…　2026-06-04 10:54:50投稿 <a href=""https://img.travel.rakuten.co.jp/image/tr/api/re/gJNfM/?f_hotel_no=9230"" class=""3click"">つづきはこちら</a>",dx-tw,【コーナーデラックスツイン】〔喫煙〕全室加湿空気清浄機完備,6147295.0,【5％OFF】【楽天スーパーSALE】朝食ついてないけど良いですか？ドームまで徒歩圏内！◇素泊り◇,1,0,0,0,0,1,https://img.travel.rakuten.co.jp/image/tr/api/re/IdsCY/?f_no=9230&f_syu=dx-tw&f_hi1=2026-06-13&f_hi2=2026-06-14&f_heya_su=1&f_otona_su=1&f_s1=0&f_s2=0&f_y1=0&f_y2=0&f_y3=0&f_y4=0&f_camp_id=6147295,0,2026-06-13,21300,21300,0,2026-06-13,seibu
182484,ホテルオリエンタルエクスプレス福岡天神,https://img.travel.rakuten.co.jp/image/tr/api/re/pvonD/?f_no=182484,https://img.travel.rakuten.co.jp/image/tr/api/re/vFumt/?f_no=182484&f_flg=PLAN,https://img.travel.rakuten.co.jp/image/tr/api/re/WzozX/?noTomariHotel=182484,https://img.travel.rakuten.co.jp/image/tr/api/re/gJNfM/?f_hotel_no=182484,ほてるおりえんたるえくすぷれすふくおかてんじん,地下鉄空港線「天神駅」西1番出口より徒歩1分。★ビジネス・観光・paypayドーム・お買い物にアクセス抜群◎,6120,120920.0,469436.92,810-0001,福岡県,福岡市中央区天神3-3-14,092-401-1905,092-401-1906,地下鉄空港線「天神駅」西1番出口より徒歩1分,契約駐車場有（安国駐車場　17：00〜翌10：00　800円 　ホテルより徒歩3分）,天神,https://img.travel.rakuten.co.jp/share/HOTEL/182484/182484.jpg,https://img.travel.rakuten.co.jp/HIMG/90/182484.jpg,,,https://img.travel.rakuten.co.jp/share/HOTEL/182484/182484map.gif,306.0,3.5,"…　2026-06-05 21:17:10投稿 <a href=""https://img.travel.rakuten.co.jp/image/tr/api/re/gJNfM/?f_hotel_no=182484"" class=""3click"">つづきはこちら</a>",sda,■スタンダードダブル 14平米（禁煙・シモンズベッド）,6083866.0,【10％OFF】【楽天スーパーSALE】出張や推し活にもおすすめ・天神駅から徒歩1分（お部屋のみ）,1,0,0,0,0,1,https://img.travel.rakuten.co.jp/image/tr/api/re/IdsCY/?f_no=182484&f_syu=sda&f_hi1=2026-06-13&f_hi2=2026-06-14&f_heya_su=1&f_otona_su=1&f_s1=0&f_s2=0&f_y1=0&f_y2=0&f_y3=0&f_y4=0&f_camp_id=6083866,0,2026-06-13,25830,25830,0,2026-06-13,seibu
181253,ホテルリブマックス福岡天神ＷＥＳＴ,https://img.travel.rakuten.co.jp/image/tr/api/re/pvonD/?f_no=181253,https://img.travel.rakuten.co.jp/image/tr/api/re/vFumt/?f_no=181253&f_flg=PLAN,https://img.travel.rakuten.co.jp/image/tr/api/re/WzozX/?noTomariHotel=181253,https://img.travel.rakuten.co.jp/image/tr/api/re/gJNfM/?f_hotel_no=181253,りぶまっくす　ふくおかてんじん　うえすと,2020年9月グランドオープン！♪赤坂駅徒歩約３分！電子レンジ付ホテル♪,2975,120912.6,469416.5,810-0041,福岡県,福岡市中央区大名2-11-23,092-717-2250,092-717-2251,地下鉄空港線　赤坂駅より徒歩にて約３分,無し　近隣のコインパーキングをご利用ください※当ホテル隣のテナント様の駐車場はご利用頂けません,赤坂（福岡）,https://img.travel.rakuten.co.jp/share/HOTEL/181253/181253.jpg,https://img.travel.rakuten.co.jp/HIMG/90/181253.jpg,,,https://img.travel.rakuten.co.jp/share/HOTEL/181253/181253map.gif,255.0,3.45,"クチコミの詳…　2026-04-10 09:19:16投稿 <a href=""https://img.travel.rakuten.co.jp/image/tr/api/re/gJNfM/?f_hotel_no=181253"" class=""3click"">つづきはこちら</a>",twin-kinen,◇ツインルーム◇禁煙◇セミダブルベッド,5741409.0, 【リブマックスセール】《15％OFF》ホテルリブマックス福岡天神ＷＥＳＴ【素泊り】,1,0,0,0,0,1,https://img.travel.rakuten.co.jp/image/tr/api/re/IdsCY/?f_no=181253&f_syu=twin-kinen&f_hi1=2026-06-13&f_hi2=2026-06-14&f_heya_su=1&f_otona_su=1&f_s1=0&f_s2=0&f_y1=0&f_y2=0&f_y3=0&f_y4=0&f_camp_id=5741409,0,2026-06-13,29750,29750,0,2026-06-13,seibu
189077,ｓｅｖｅｎ　ｘ　ｓｅｖｅｎ　糸島,https://img.travel.rakuten.co.jp/image/tr/api/re/pvonD/?f_no=189077,https://img.travel.rakuten.co.jp/image/tr/api/re/vFumt/?f_no=189077&f_flg=PLAN,https://img.travel.rakuten.co.jp/image/tr/api/re/WzozX/?noTomariHotel=189077,https://img.travel.rakuten.co.jp/image/tr/api/re/gJNfM/?f_hotel_no=189077,セブンバイセブン　イトシマ,2026年4月リニューアルオープン。プール＆サウナを新設、テラスエリアとフード・ドリンクも刷新。,8800,121100.89,468736.34,819-0202,福岡県,福岡市西区西浦266,092-805-9030,000-000-0000,福岡空港よりお車で約４５分,全52台 無料 / 1室につき1台まで,福岡空港,https://img.travel.rakuten.co.jp/share/HOTEL/189077/189077.jpg,https://img.travel.rakuten.co.jp/HIMG/90/189077.jpg,,,https://img.travel.rakuten.co.jp/share/HOTEL/189077/189077map.gif,56.0,4.42,"クチコミの詳細はこちらか…　2026-03-31 09:13:17投稿 <a href=""https://img.travel.rakuten.co.jp/image/tr/api/re/gJNfM/?f_hotel_no=189077"" class=""3click"">つづきはこちら</a>",pb,ペットフレンドリーバンク　EAST棟／6名,5963140.0,愛犬と楽しむドッグフレンドリープラン,1,0,0,0,0,1,https://img.travel.rakuten.co.jp/image/tr/api/re/IdsCY/?f_no=189077&f_syu=pb&f_hi1=2026-06-13&f_hi2=2026-06-14&f_heya_su=1&f_otona_su=1&f_s1=0&f_s2=0&f_y1=0&f_y2=0&f_y3=0&f_y4=0&f_camp_id=5963140,0,2026-06-13,86000,86000,0,2026-06-13,seibu
187405,ザ・リッツ・カールトン福岡,https://img.travel.rakuten.co.jp/image/tr/api/re/pvonD/?f_no=187405,https://img.travel.rakuten.co.jp/image/tr/api/re/vFumt/?f_no=187405&f_flg=PLAN,https://img.travel.rakuten.co.jp/image/tr/api/re/WzozX/?noTomariHotel=187405,https://img.travel.rakuten.co.jp/image/tr/api/re/gJNfM/?f_hotel_no=187405,ざ・りっつ・かーるとんふくおか,23年6月開業。福岡の中心部に、6つのダイニングとバー、スパ、クラブラウンジを備えたラグジュアリーホテルが誕生。,47227,120910.77,469429.68,810-0041,福岡県,福岡市中央区大名2-6-50 福岡大名ガーデンシティ,092-401-8888,092-401-8889,地下鉄空港線「天神駅」から徒歩５分　または　「福岡空港」からお車にて約１５分,有り　100台　3000円（税込み／泊）　先着順,天神,https://img.travel.rakuten.co.jp/share/HOTEL/187405/187405.jpg,https://img.travel.rakuten.co.jp/HIMG/90/187405.jpg,,,https://img.travel.rakuten.co.jp/share/HOTEL/187405/187405map.gif,35.0,4.54,,cddb,クラブデラックスダブル 福岡スカイライン,,,1,0,0,1,0,2,https://img.travel.rakuten.co.jp/image/tr/api/re/IdsCY/?f_no=187405&f_syu=cddb&f_hi1=2026-06-13&f_hi2=2026-06-14&f_heya_su=1&f_otona_su=1&f_s1=0&f_s2=0&f_y1=0&f_y2=0&f_y3=0&f_y4=0,1,2026-06-13,277035,277035,0,2026-06-13,seibu
179384,ホテルリブマックス博多中洲,https://img.travel.rakuten.co.jp/image/tr/api/re/pvonD/?f_no=179384,https://img.travel.rakuten.co.jp/image/tr/api/re/vFumt/?f_no=179384&f_flg=PLAN,https://img.travel.rakuten.co.jp/image/tr/api/re/WzozX/?noTomariHotel=179384,https://img.travel.rakuten.co.jp/image/tr/api/re/gJNfM/?f_hotel_no=179384,ほてるりぶまっくすはかたなかす,【2020年3月新築OPEN】中洲川端駅から徒歩２分！博多・天神徒歩圏内！,3910,120927.09,469461.09,810-0801,福岡県,福岡市博多区中洲5-4-21,092-273-0050,092-273-0051,地下鉄空港線・箱崎線　中州川端駅より徒歩にて約2分／地下鉄空港線　天神駅より徒歩にて約８分,近隣にコインパーキングあり　※提携はしておりません　満車の場合はご容赦下さい。,中洲川端,https://img.travel.rakuten.co.jp/share/HOTEL/179384/179384.jpg,https://img.travel.rakuten.co.jp/HIMG/90/179384.jpg,,,https://img.travel.rakuten.co.jp/share/HOTEL/179384/179384map.gif,287.0,3.64,"最高に楽しかった家族旅行でし…　2026-05-31 14:39:49投稿 <a href=""https://img.travel.rakuten.co.jp/image/tr/api/re/gJNfM/?f_hotel_no=179384"" class=""3click"">つづきはこちら</a>",sb-bfn,【シングルルーム】喫煙/定員２名/１１平米/セミダブルベッド,5721642.0,【リブマックスセール】《15％OFF》ホテルリブマックス博多中洲【素泊り】,1,0,0,0,0,1,https://img.travel.rakuten.co.jp/image/tr/api/re/IdsCY/?f_no=179384&f_syu=sb-bfn&f_hi1=2026-06-13&f_hi2=2026-06-14&f_heya_su=1&f_otona_su=1&f_s1=0&f_s2=0&f_y1=0&f_y2=0&f_y3=0&f_y4=0&f_camp_id=5721642,0,2026-06-13,25500,25500,0,2026-06-13,seibu
182181,ホテルオリエンタルエクスプレス福岡中洲川端,https://img.travel.rakuten.co.jp/image/tr/api/re/pvonD/?f_no=182181,https://img.travel.rakuten.co.jp/image/tr/api/re/vFumt/?f_no=182181&f_flg=PLAN,https://img.travel.rakuten.co.jp/image/tr/api/re/WzozX/?noTomariHotel=182181,https://img.travel.rakuten.co.jp/image/tr/api/re/gJNfM/?f_hotel_no=182181,ほてるおりえんたるえくすぷれすふくおかなかすかわばた,地下鉄空港線・中洲川端駅4分！天神・博多至近。ﾏﾘﾝﾒｯｾ・ﾄﾞｰﾑへﾊﾞｽ１本。無料ジムやウェルカムサービスも充実,4680,120934.99,469480.66,812-0025,福岡県,福岡市博多区店屋町6-26,092-402-2725,092-402-2726,福岡空港よりお車にて約15分。博多駅より地下鉄で約中洲川端駅7番出口より徒歩4分。,"有(8台) / 1泊につき1,500円（税込) /  事前予約不可 / 提携駐車場優待あり",中洲川端,https://img.travel.rakuten.co.jp/share/HOTEL/182181/182181.jpg,https://img.travel.rakuten.co.jp/HIMG/90/182181.jpg,,,https://img.travel.rakuten.co.jp/share/HOTEL/182181/182181map.gif,198.0,4.0,"クチコミの詳…　2026-05-21 08:15:20投稿 <a href=""https://img.travel.rakuten.co.jp/image/tr/api/re/gJNfM/?f_hotel_no=182181"" class=""3click"">つづきはこちら</a>",pda,■スーペリアダブル16平米（禁煙・クイーンサイズベッド）,5893606.0,【10％OFF】【楽天スーパーSALE】スマートTV完備＆中洲川端駅徒歩4分！（和洋朝食ブッフェ付）,1,0,0,1,0,1,https://img.travel.rakuten.co.jp/image/tr/api/re/IdsCY/?f_no=182181&f_syu=pda&f_hi1=2026-06-13&f_hi2=2026-06-14&f_heya_su=1&f_otona_su=1&f_s1=0&f_s2=0&f_y1=0&f_y2=0&f_y3=0&f_y4=0&f_camp_id=5893606,0,2026-06-13,35820,35820,0,2026-06-13,seibu
191620,９ＨＯＴＥＬ　Ｔｅｎｊｉｎ,https://img.travel.rakuten.co.jp/image/tr/api/re/pvonD/?f_no=191620,https://img.travel.rakuten.co.jp/image/tr/api/re/vFumt/?f_no=191620&f_flg=PLAN,,https://img.travel.rakuten.co.jp/image/tr/api/re/gJNfM/?f_hotel_no=191620,ないんほてる　てんじん,２０２４年春グランドオープン！サウナでととのうホテル！専用サウナ付き客室もあります。,6480,120900.28,469480.19,810-0003,福岡県,福岡市中央区春吉2-2-32,092-406-5151,092-263-5020,地下鉄七隈線天神南駅 徒歩約１０分、櫛田神社前駅徒歩約10分,無し,薬院,https://img.travel.rakuten.co.jp/share/HOTEL/191620/191620.jpg,https://img.travel.rakuten.co.jp/HIMG/90/191620.jpg,,,https://img.travel.rakuten.co.jp/share/HOTEL/191620/191620map.gif,9.0,4.86,,001,スタンダードツイン,5919525.0,【スタンダードプラン】2024年5月24日グランドオープン！軽朝食付き♪,1,0,0,0,0,1,https://img.travel.rakuten.co.jp/image/tr/api/re/IdsCY/?f_no=191620&f_syu=001&f_hi1=2026-06-13&f_hi2=2026-06-14&f_heya_su=1&f_otona_su=1&f_s1=0&f_s2=0&f_y1=0&f_y2=0&f_y3=0&f_y4=0&f_camp_id=5919525,0,2026-06-13,27200,27200,0,2026-06-13,seibu
184507,クロスライフ博多天神（オリックスホテルズ＆リゾーツ）,https://img.travel.rakuten.co.jp/image/tr/api/re/pvonD/?f_no=184507,https://img.travel.rakuten.co.jp/image/tr/api/re/vFumt/?f_no=184507&f_flg=PLAN,https://img.travel.rakuten.co.jp/image/tr/api/re/WzozX/?noTomariHotel=184507,https://img.travel.rakuten.co.jp/image/tr/api/re/gJNfM/?f_hotel_no=184507,くろすらいふはかたてんじん（おりっくすほてるず＆りぞーと）,【地下鉄七隈線「天神南」駅 6番出口より徒歩7分】、【大浴場・サウナ】【スマートTV】完備。,7400,120904.02,469472.41,810-0003,福岡県,福岡市中央区春吉3-26-30,092-733-0130,092-733-8780,・地下鉄七隈線「天神南」駅 6番出口より徒歩7分,有り　22台　1700円（税込み／泊）　要予約,天神,https://img.travel.rakuten.co.jp/share/HOTEL/184507/184507.jpg,https://img.travel.rakuten.co.jp/HIMG/90/184507.jpg,,,https://img.travel.rakuten.co.jp/share/HOTEL/184507/184507map.gif,120.0,4.36,"+ I like it’s quite new …　2026-06-09 19:50:02投稿 <a href=""https://img.travel.rakuten.co.jp/image/tr/api/re/gJNfM/?f_hotel_no=184507"" class=""3click"">つづきはこちら</a>",01,コンフォートダブル,5944205.0,【返金不可】素泊まり ドリンクチケット付き,1,0,0,0,0,2,https://img.travel.rakuten.co.jp/image/tr/api/re/IdsCY/?f_no=184507&f_syu=01&f_hi1=2026-06-13&f_hi2=2026-06-14&f_heya_su=1&f_otona_su=1&f_s1=0&f_s2=0&f_y1=0&f_y2=0&f_y3=0&f_y4=0&f_camp_id=5944205,0,2026-06-13,47300,47300,0,2026-06-13,seibu
183253,ＵＮＰＬＡＮ　Ｆｕｋｕｏｋａ,https://img.travel.rakuten.co.jp/image/tr/api/re/pvonD/?f_no=183253,https://img.travel.rakuten.co.jp/image/tr/api/re/vFumt/?f_no=183253&f_flg=PLAN,,https://img.travel.rakuten.co.jp/image/tr/api/re/gJNfM/?f_hotel_no=183253,あんぷらん　ふくおか,【大濠公園駅から徒歩１分】コンビニまで徒歩約30秒、PayPayドームまでのアクセス抜群◎長期滞在にも人気なホステル！,3372,120913.53,469376.25,810-0074,福岡県,福岡市中央区大手門3-4-1,092-406-7704,092-406-7704,■福岡空港より空港線の大濠公園駅下車 4番出口から徒歩1分  ■PayPayドームまでバスで９分,提携の駐車場はございません。近隣の駐車場をご利用ください。,大濠公園,https://img.travel.rakuten.co.jp/share/HOTEL/183253/183253.jpg,https://img.travel.rakuten.co.jp/HIMG/90/183253.jpg,,,https://img.travel.rakuten.co.jp/share/HOTEL/183253/183253map.gif,130.0,4.0,"クチコミの詳細はこちらから　https://review.travel.rakuten.co.jp/hotel/voice/183253…　2026-05-21 18:29:30投稿 <a href=""https://img.travel.rakuten.co.jp/image/tr/api/re/gJNfM/?f_hotel_no=183253"" class=""3click"">つづきはこちら</a>",dormitory,男女共用ドミトリールーム,5241271.0,【返金不可】【無料朝食付き】ドミトリー・PODルーム★大濠公園駅から徒歩１分◎,1,0,0,0,0,2,https://img.travel.rakuten.co.jp/image/tr/api/re/IdsCY/?f_no=183253&f_syu=dormitory&f_hi1=2026-06-13&f_hi2=2026-06-14&f_heya_su=1&f_otona_su=1&f_s1=0&f_s2=0&f_y1=0&f_y2=0&f_y3=0&f_y4=0&f_camp_id=5241271,0,2026-06-13,14506,14506,0,2026-06-13,seibu
184468,ＨＯＴＥＬ　ＦＵＮ,https://img.travel.rakuten.co.jp/image/tr/api/re/pvonD/?f_no=184468,https://img.travel.rakuten.co.jp/image/tr/api/re/vFumt/?f_no=184468&f_flg=PLAN,https://img.travel.rakuten.co.jp/image/tr/api/re/WzozX/?noTomariHotel=184468,https://img.travel.rakuten.co.jp/image/tr/api/re/gJNfM/?f_hotel_no=184468,ほてる　ふぁん,福岡の中心でお手頃価格で宿泊。ビジネス・観光に最適なアクセス・好立地が魅力,3800,120896.03,469450.63,810-0021,福岡県,福岡市中央区今泉1-9-2 天神ダイヨシビル3F,092-791-7779,092-791-7779,天神駅　南出口より徒歩5分,駐車場はございませんので近隣のコインパーキングをご利用くださいませ,天神,https://img.travel.rakuten.co.jp/share/HOTEL/184468/184468.jpg,https://img.travel.rakuten.co.jp/HIMG/90/184468.jpg,,,https://img.travel.rakuten.co.jp/share/HOTEL/184468/184468map.gif,61.0,4.13,"クチコミの詳細はこちらから　https://review.travel.ra…　2026-04-28 12:46:09投稿 <a href=""https://img.travel.rakuten.co.jp/image/tr/api/re/gJNfM/?f_hotel_no=184468"" class=""3click"">つづきはこちら</a>",p1,大人1~2名様まで(お子様不可),6091606.0,【事前決済でお得に素泊まりステイ】IN 15~24時まで,1,0,0,0,0,2,https://img.travel.rakuten.co.jp/image/tr/api/re/IdsCY/?f_no=184468&f_syu=p1&f_hi1=2026-06-13&f_hi2=2026-06-14&f_heya_su=1&f_otona_su=1&f_s1=0&f_s2=0&f_y1=0&f_y2=0&f_y3=0&f_y4=0&f_camp_id=6091606,0,2026-06-13,15500,15500,0,2026-06-13,seibu
40839,ザ・ワンファイブ福岡天神,https://img.travel.rakuten.co.jp/image/tr/api/re/pvonD/?f_no=40839,https://img.travel.rakuten.co.jp/image/tr/api/re/vFumt/?f_no=40839&f_flg=PLAN,https://img.travel.rakuten.co.jp/image/tr/api/re/WzozX/?noTomariHotel=40839,https://img.travel.rakuten.co.jp/image/tr/api/re/gJNfM/?f_hotel_no=40839,ざ　わんふぁいぶ　ふくおか　てんじん,福岡空港から地下鉄に乗り乗換不要で14分。博多駅からも乗換不要で9分です。観光にも便利な西鉄福岡（天神）駅へも4分です。,3300,120914.22,469429.19,810-0041,福岡県,福岡市中央区大名2-8-12,0570-003-515,092-739-0220,地下鉄『天神駅』1番出口より徒歩3分 ※1番出口が一時閉鎖中のため4番出口をご利用ください,なし ※周辺のコインパーキングをご案内します。,天神,https://img.travel.rakuten.co.jp/share/HOTEL/40839/40839.jpg,https://img.travel.rakuten.co.jp/HIMG/90/40839.jpg,https://img.travel.rakuten.co.jp/share/HOTEL/40839/40839_ky.jpg,https://img.travel.rakuten.co.jp/HIMG/INTERIOR/40839.jpg,https://img.travel.rakuten.co.jp/share/HOTEL/40839/40839map.gif,2120.0,3.64,"洗面所のボウルの塗装が剥がれているのにそのまま、壁に汚れあり、床を裸足で歩い…　2026-05-12 10:39:54投稿 <a href=""https://img.travel.rakuten.co.jp/image/tr/api/re/gJNfM/?f_hotel_no=40839"" class=""3click"">つづきはこちら</a>",2n2,スタンダードツイン,4894220.0,「ザ・ワンファイブ」ステイ,1,0,0,0,0,1,https://img.travel.rakuten.co.jp/image/tr/api/re/IdsCY/?f_no=40839&f_syu=2n2&f_hi1=2026-06-13&f_hi2=2026-06-14&f_heya_su=1&f_otona_su=1&f_s1=0&f_s2=0&f_y1=0&f_y2=0&f_y3=0&f_y4=0&f_camp_id=4894220,0,2026-06-13,25350,25350,0,2026-06-13,seibu
197173,ＣＲＹＳＴＡＬ＆ＲＥＳＯＲＴ　ＥＸＣＬＵＳＩＶＥ,https://img.travel.rakuten.co.jp/image/tr/api/re/pvonD/?f_no=197173,https://img.travel.rakuten.co.jp/image/tr/api/re/vFumt/?f_no=197173&f_flg=PLAN,,https://img.travel.rakuten.co.jp/image/tr/api/re/gJNfM/?f_hotel_no=197173,クリスタルアンドリゾートエクシクルーシヴ,自宅のようにリラックスできる！ファミリーやカップルにもおすすめ大型ＴＶ完備、夜は煌めく夜景を満喫,5000,120866.9,468917.85,819-0373,福岡県,福岡市西区周船寺3-21-32,092-558-2879,--,博多駅から筑前前原行にて周船寺駅下車 約３０分,有り　３台　１泊１０００円から１５００円（税込み／泊）　要予約　※ハイシーズンは価格が異なります,周船寺,https://img.travel.rakuten.co.jp/share/HOTEL/197173/197173.jpg,https://img.travel.rakuten.co.jp/HIMG/90/197173.jpg,,,https://img.travel.rakuten.co.jp/share/HOTEL/197173/197173map.gif,3.0,,,903,【高層階・眺望抜群！903】九大学研都市駅より徒歩１０分圏内,,,1,0,0,0,0,2,https://img.travel.rakuten.co.jp/image/tr/api/re/IdsCY/?f_no=197173&f_syu=903&f_hi1=2026-06-13&f_hi2=2026-06-14&f_heya_su=1&f_otona_su=1&f_s1=0&f_s2=0&f_y1=0&f_y2=0&f_y3=0&f_y4=0,1,2026-06-13,11000,11000,0,2026-06-13,seibu
168796,東急ステイ福岡天神,https://img.travel.rakuten.co.jp/image/tr/api/re/pvonD/?f_no=168796,https://img.travel.rakuten.co.jp/image/tr/api/re/vFumt/?f_no=168796&f_flg=PLAN,https://img.travel.rakuten.co.jp/image/tr/api/re/WzozX/?noTomariHotel=168796,https://img.travel.rakuten.co.jp/image/tr/api/re/gJNfM/?f_hotel_no=168796,とうきゅう　すてい　ふくおか　てんじん,★楽天ブロンズアワード2023受賞☆小学生以下添い寝無料プランあり！全室洗濯乾燥機付！天神南駅から徒歩3分,9430,120909.97,469466.23,810-0003,福岡県,福岡市中央区春吉3-21-24,092-762-0109,092-762-0106,福岡空港より福岡市地下鉄空港線で5駅、地下鉄天神駅16番出口より徒歩7分/地下鉄七隈線天神南駅6番出口より徒歩3分,無。ホテル隣接のコインパーキング「トラストパーク春吉3丁目3」をご利用ください（提携駐車場無し）,博多,https://img.travel.rakuten.co.jp/share/HOTEL/168796/168796.jpg,https://img.travel.rakuten.co.jp/HIMG/90/168796.jpg,,,https://img.travel.rakuten.co.jp/share/HOTEL/168796/168796map.gif,826.0,4.31,"クチコミの詳細はこちらから　https://review.travel.rak…　2026-05-30 00:25:06投稿 <a href=""https://img.travel.rakuten.co.jp/image/tr/api/re/gJNfM/?f_hotel_no=168796"" class=""3click"">つづきはこちら</a>",hdn2new,ユニバーサルツイン【禁煙】30平米／2階・洗濯乾燥機付,5461387.0,【スタンダードプラン】ビジネス＆観光の拠点に！洗濯乾燥機＆電子レンジ完備【1名】（素泊）,1,0,0,0,0,1,https://img.travel.rakuten.co.jp/image/tr/api/re/IdsCY/?f_no=168796&f_syu=hdn2new&f_hi1=2026-06-13&f_hi2=2026-06-14&f_heya_su=1&f_otona_su=1&f_s1=0&f_s2=0&f_y1=0&f_y2=0&f_y3=0&f_y4=0&f_camp_id=5461387,0,2026-06-13,69630,69630,0,2026-06-13,seibu
183373,ランプライトブックスホテル福岡,https://img.travel.rakuten.co.jp/image/tr/api/re/pvonD/?f_no=183373,https://img.travel.rakuten.co.jp/image/tr/api/re/vFumt/?f_no=183373&f_flg=PLAN,https://img.travel.rakuten.co.jp/image/tr/api/re/WzozX/?noTomariHotel=183373,https://img.travel.rakuten.co.jp/image/tr/api/re/gJNfM/?f_hotel_no=183373,らんぷらいとぶっくすほてるふくおか,本の世界を旅する新感覚ホテル。2021年12月福岡初進出！	【24時間営業！BOOKS＆CAFE併設】,5070,120901.2,469431.54,810-0041,福岡県,福岡市中央区大名1-15-22,092-720-7711,092-751-7733,地下鉄空港線「天神駅」下車　3番出口より徒歩8分、または「赤坂駅」下車　5番出口より徒歩6分,無し/近隣のコインパーキングへのご案内になります。,天神,https://img.travel.rakuten.co.jp/share/HOTEL/183373/183373.jpg,https://img.travel.rakuten.co.jp/HIMG/90/183373.jpg,,,https://img.travel.rakuten.co.jp/share/HOTEL/183373/183373map.gif,95.0,4.31,"部屋も綺麗で、1…　2026-06-09 12:28:33投稿 <a href=""https://img.travel.rakuten.co.jp/image/tr/api/re/gJNfM/?f_hotel_no=183373"" class=""3click"">つづきはこちら</a>",dst,スタンダードダブル【禁煙】,5360067.0,【10％OFF】【楽天スーパーSALE】スタンダードプラン 《素泊り》,1,0,0,0,0,1,https://img.travel.rakuten.co.jp/image/tr/api/re/IdsCY/?f_no=183373&f_syu=dst&f_hi1=2026-06-13&f_hi2=2026-06-14&f_heya_su=1&f_otona_su=1&f_s1=0&f_s2=0&f_y1=0&f_y2=0&f_y3=0&f_y4=0&f_camp_id=5360067,0,2026-06-13,25470,25470,0,2026-06-13,seibu
176982,クインテッサホテル福岡天神南,https://img.travel.rakuten.co.jp/image/tr/api/re/pvonD/?f_no=176982,https://img.travel.rakuten.co.jp/image/tr/api/re/vFumt/?f_no=176982&f_flg=PLAN,https://img.travel.rakuten.co.jp/image/tr/api/re/WzozX/?noTomariHotel=176982,https://img.travel.rakuten.co.jp/image/tr/api/re/gJNfM/?f_hotel_no=176982,くいんてっさほてるふくおかてんじんみなみ,【薬院駅より徒歩３分の好立地！】多彩なタイプの客室を準備。産地の食材をいかした 「こだわりの約80種類の朝食ブッフェ 」,4500,120880.08,469459.54,810-0012,福岡県,福岡市中央区白金1-18-3,092-707-1691,092-707-1692,西鉄天神大牟田線、地下鉄七隈線、薬院駅より徒歩にて約３分,"有り　９台　先着順　料金:1,500円（税込）",薬院,https://img.travel.rakuten.co.jp/share/HOTEL/176982/176982.jpg,https://img.travel.rakuten.co.jp/HIMG/90/176982.jpg,https://img.travel.rakuten.co.jp/share/HOTEL/176982/176982_kan1.jpg,https://img.travel.rakuten.co.jp/HIMG/INTERIOR/176982.jpg,https://img.travel.rakuten.co.jp/share/HOTEL/176982/176982map.gif,340.0,4.18,,sdn,スタンダードダブル (禁煙),5784343.0,【スタンダードプラン】ホテルの品質と快適さの新体験！ビジネス利用にも最適です。(素泊まり),1,0,0,0,0,1,https://img.travel.rakuten.co.jp/image/tr/api/re/IdsCY/?f_no=176982&f_syu=sdn&f_hi1=2026-06-13&f_hi2=2026-06-14&f_heya_su=1&f_otona_su=1&f_s1=0&f_s2=0&f_y1=0&f_y2=0&f_y3=0&f_y4=0&f_camp_id=5784343,0,2026-06-13,27000,27000,0,2026-06-13,seibu
130510,ヒルトップリゾート　福岡,https://img.travel.rakuten.co.jp/image/tr/api/re/pvonD/?f_no=130510,https://img.travel.rakuten.co.jp/image/tr/api/re/vFumt/?f_no=130510&f_flg=PLAN,https://img.travel.rakuten.co.jp/image/tr/api/re/WzozX/?noTomariHotel=130510,https://img.travel.rakuten.co.jp/image/tr/api/re/gJNfM/?f_hotel_no=130510,ひるとっぷりぞーと　ふくおか,福岡市街を一望できる絶好のロケーション。ヒルトップスパ＆男女別大浴場＆Wi-Fi完備,9600,120849.91,469386.21,810-0032,福岡県,福岡市中央区輝国1-1-33,092-771-2131,092-771-8888,■福岡空港より車で30分■博多駅より車で15分/バス（58番で20分、56・57番で40分）■桜坂駅より徒歩で15分,有り　46台　無料　,,https://img.travel.rakuten.co.jp/share/HOTEL/130510/130510.jpg,https://img.travel.rakuten.co.jp/HIMG/90/130510.jpg,https://img.travel.rakuten.co.jp/share/HOTEL/130510/130510_kya.jpg,https://img.travel.rakuten.co.jp/HIMG/INTERIOR/130510.jpg,https://img.travel.rakuten.co.jp/share/HOTEL/130510/130510map.gif,244.0,4.31,"ただ、客室の中にスタッフのなのか、前の宿泊客なのか分からないネイ…　2026-05-18 17:35:49投稿 <a href=""https://img.travel.rakuten.co.jp/image/tr/api/re/gJNfM/?f_hotel_no=130510"" class=""3click"">つづきはこちら</a>",hup,スタンダードツイン マウンテンビュー(洋室),6469488.0,【10％OFF】【楽天スーパーSALE】ベーシックステイプラン［朝食付］,1,0,0,1,0,1,https://img.travel.rakuten.co.jp/image/tr/api/re/IdsCY/?f_no=130510&f_syu=hup&f_hi1=2026-06-13&f_hi2=2026-06-14&f_heya_su=1&f_otona_su=1&f_s1=0&f_s2=0&f_y1=0&f_y2=0&f_y3=0&f_y4=0&f_camp_id=6469488,0,2026-06-13,34400,34400,0,2026-06-13,seibu
172126,グランドベース博多春吉,https://img.travel.rakuten.co.jp/image/tr/api/re/pvonD/?f_no=172126,https://img.travel.rakuten.co.jp/image/tr/api/re/vFumt/?f_no=172126&f_flg=PLAN,https://img.travel.rakuten.co.jp/image/tr/api/re/WzozX/?noTomariHotel=172126,https://img.travel.rakuten.co.jp/image/tr/api/re/gJNfM/?f_hotel_no=172126,ぐらんどべーすはかたはるよし,【無人フロントホテル】＜広い客室・キーレス＞キャナルシティ6分、那珂川をこえたらすぐ！,2510,120898.23,469480.7,810-0003,福岡県,福岡市中央区春吉2-2-38,092-409-4892,,天神南駅より徒歩にて約10分,専用駐車場・提携駐車場はございません。 公式サイトから、近隣のコインパーキングをご確認下さい。,,https://img.travel.rakuten.co.jp/share/HOTEL/172126/172126.jpg,https://img.travel.rakuten.co.jp/HIMG/90/172126.jpg,https://img.travel.rakuten.co.jp/share/HOTEL/172126/172126_kan1.jpg,https://img.travel.rakuten.co.jp/HIMG/INTERIOR/172126.jpg,https://img.travel.rakuten.co.jp/share/HOTEL/172126/172126map.gif,25.0,4.14,,chito,スタンダードC,6451330.0,【楽天スーパーSALE】【素泊まり】スタンダードプラン「迷ったらコレ！」,1,0,0,0,0,2,https://img.travel.rakuten.co.jp/image/tr/api/re/IdsCY/?f_no=172126&f_syu=chito&f_hi1=2026-06-13&f_hi2=2026-06-14&f_heya_su=1&f_otona_su=1&f_s1=0&f_s2=0&f_y1=0&f_y2=0&f_y3=0&f_y4=0&f_camp_id=6451330,0,2026-06-13,20001,20001,0,2026-06-13,seibu
166945,ランドーホテル福岡,https://img.travel.rakuten.co.jp/image/tr/api/re/pvonD/?f_no=166945,https://img.travel.rakuten.co.jp/image/tr/api/re/vFumt/?f_no=166945&f_flg=PLAN,https://img.travel.rakuten.co.jp/image/tr/api/re/WzozX/?noTomariHotel=166945,https://img.travel.rakuten.co.jp/image/tr/api/re/gJNfM/?f_hotel_no=166945,らんどーほてる　ふくおか,多彩なカラースキームとこだわりの家具を全室に施したデザイナーズホテル　全室にバルコニーを完備,4000,120883.36,469481.95,810-0005,福岡県,福岡市中央区清川1-2-3,0925265231,03-5615-2997,博多駅から10分毎にバスが出発しております。5分ほどバスに揺られ「柳橋」で下車後徒歩2分ほどでご到着です。,駐車場のご用意はございません。近隣のパーキングをご利用くださいませ。,,https://img.travel.rakuten.co.jp/share/HOTEL/166945/166945.jpg,https://img.travel.rakuten.co.jp/HIMG/90/166945.jpg,,,https://img.travel.rakuten.co.jp/share/HOTEL/166945/166945map.gif,60.0,4.5,,bd01,スタンダードダブル/18平米,4927495.0,【全室バルコニー完備】【返金不可】　生活家電とキッチン完備の客室で自炊を満喫♪,1,0,0,0,0,2,https://img.travel.rakuten.co.jp/image/tr/api/re/IdsCY/?f_no=166945&f_syu=bd01&f_hi1=2026-06-13&f_hi2=2026-06-14&f_heya_su=1&f_otona_su=1&f_s1=0&f_s2=0&f_y1=0&f_y2=0&f_y3=0&f_y4=0&f_camp_id=4927495,0,2026-06-13,23000,23000,0,2026-06-13,seibu
181392,クインテッサホテル福岡天神　Ｃｏｍｉｃ＆Ｂｏｏｋｓ,https://img.travel.rakuten.co.jp/image/tr/api/re/pvonD/?f_no=181392,https://img.travel.rakuten.co.jp/image/tr/api/re/vFumt/?f_no=181392&f_flg=PLAN,https://img.travel.rakuten.co.jp/image/tr/api/re/WzozX/?noTomariHotel=181392,https://img.travel.rakuten.co.jp/image/tr/api/re/gJNfM/?f_hotel_no=181392,くいんてっさほてるふくおかてんじん　こみっくあんどぶっくす,大人気　MANGA　約8000冊が読み放題＆こだわりの80種類の朝食ブッフェが魅力！人気の天神地区に位置する好立地！,4590,120920.93,469436.76,810-0001,福岡県,福岡市中央区天神3-2-10,092-401-0883,092-401-0884,福岡空港・博多駅から地下鉄空港線で天神駅下車 西1出口より徒歩2分 福岡で人気の天神地区にある好立地のホテルです。,"有り　2,200円（税込み）当日の先着順　満車の際は近隣駐車場を案内いたします",天神,https://img.travel.rakuten.co.jp/share/HOTEL/181392/181392.jpg,https://img.travel.rakuten.co.jp/HIMG/90/181392.jpg,,,https://img.travel.rakuten.co.jp/share/HOTEL/181392/181392map.gif,270.0,4.29,,stn,スタンダードツイン,5976121.0,【楽天トラベルサマーSALE】MANGAの世界にひたり日頃の疲れをリフレッシュ！(朝食付き),1,0,0,0,0,1,https://img.travel.rakuten.co.jp/image/tr/api/re/IdsCY/?f_no=181392&f_syu=stn&f_hi1=2026-06-13&f_hi2=2026-06-14&f_heya_su=1&f_otona_su=1&f_s1=0&f_s2=0&f_y1=0&f_y2=0&f_y3=0&f_y4=0&f_camp_id=5976121,0,2026-06-13,28170,28170,0,2026-06-13,seibu
184508,クロスライフ博多柳橋（オリックスホテルズ＆リゾーツ）,https://img.travel.rakuten.co.jp/image/tr/api/re/pvonD/?f_no=184508,https://img.travel.rakuten.co.jp/image/tr/api/re/vFumt/?f_no=184508&f_flg=PLAN,https://img.travel.rakuten.co.jp/image/tr/api/re/WzozX/?noTomariHotel=184508,https://img.travel.rakuten.co.jp/image/tr/api/re/gJNfM/?f_hotel_no=184508,くろすらいふはかたやなぎばし（おりっくすほてるず＆りぞーと）,【地下鉄七隈線「渡辺通」駅2番出口より徒歩6分】、【スマートTV】全室完備。,6300,120887.06,469476.79,810-0003,福岡県,福岡市中央区春吉1-6-5,092-733-3900,092-733-3751,・地下鉄七隈線「渡辺通」駅2番出口より徒歩6分,有り　15台　1700円（税込み／泊）　要予約,中洲川端,https://img.travel.rakuten.co.jp/share/HOTEL/184508/184508.jpg,https://img.travel.rakuten.co.jp/HIMG/90/184508.jpg,,,https://img.travel.rakuten.co.jp/share/HOTEL/184508/184508map.gif,77.0,4.48,"小…　2026-05-13 21:26:00投稿 <a href=""https://img.travel.rakuten.co.jp/image/tr/api/re/gJNfM/?f_hotel_no=184508"" class=""3click"">つづきはこちら</a>",02,コンフォートダブル,5944186.0,【返金不可】素泊まり ドリンクチケット付き,1,0,0,0,0,2,https://img.travel.rakuten.co.jp/image/tr/api/re/IdsCY/?f_no=184508&f_syu=02&f_hi1=2026-06-13&f_hi2=2026-06-14&f_heya_su=1&f_otona_su=1&f_s1=0&f_s2=0&f_y1=0&f_y2=0&f_y3=0&f_y4=0&f_camp_id=5944186,0,2026-06-13,36850,36850,0,2026-06-13,seibu
197953,２－ｔｉｍｅｓ．Ｄｏｍｉｔｏｒｙ　Ｈｏｔｅｌ,https://img.travel.rakuten.co.jp/image/tr/api/re/pvonD/?f_no=197953,https://img.travel.rakuten.co.jp/image/tr/api/re/vFumt/?f_no=197953&f_flg=PLAN,,https://img.travel.rakuten.co.jp/image/tr/api/re/gJNfM/?f_hotel_no=197953,つーたいむすどみとりーほてる,糸島 駅近 最安値　筑前前原駅から徒歩３分　漆喰調のオシャレな施設　,2900,120799.02,468726.81,819-1116,福岡県,糸島市前原中央2-4-16,070-3763-2669,--,筑前前原駅より徒歩3分,なし,筑前前原,https://img.travel.rakuten.co.jp/share/HOTEL/197953/197953.jpg,https://img.travel.rakuten.co.jp/HIMG/90/197953.jpg,,,https://img.travel.rakuten.co.jp/share/HOTEL/197953/197953map.gif,9.0,3.33,,3,男女共用ドミトリー・二段ベッド１名（寝室・バス・トイレ共用）,6365554.0,男女共用ドミトリー・二段ベッド１名分（バス・トイレ共用）,1,0,0,0,0,2,https://img.travel.rakuten.co.jp/image/tr/api/re/IdsCY/?f_no=197953&f_syu=3&f_hi1=2026-06-13&f_hi2=2026-06-14&f_heya_su=1&f_otona_su=1&f_s1=0&f_s2=0&f_y1=0&f_y2=0&f_y3=0&f_y4=0&f_camp_id=6365554,0,2026-06-13,3700,3700,0,2026-06-13,seibu
194536,Ｍａｉｓｏｎ　Ｙｏｔｓｕｋｕｒｏ　＾,https://img.travel.rakuten.co.jp/image/tr/api/re/pvonD/?f_no=194536,https://img.travel.rakuten.co.jp/image/tr/api/re/vFumt/?f_no=194536&f_flg=PLAN,,https://img.travel.rakuten.co.jp/image/tr/api/re/gJNfM/?f_hotel_no=194536,,Ｍａｉｓｏｎ　Ｙｏｔｓｕｋｕｒｏ　は、活気あふれる商店街の中に佇むユニークな民泊施設です。,4246,120888.45,469479.26,810-0003,福岡県,福岡市中央区春吉1-3-12　Ｍａｉｓｏｎ　Ｙｏｔｓｕｋｕｒｏ,080-3188-3570,000-000-0000,渡辺通駅から徒歩で約４分,無し,薬院,https://img.travel.rakuten.co.jp/share/HOTEL/194536/194536.jpg,https://img.travel.rakuten.co.jp/HIMG/90/194536.jpg,,,https://img.travel.rakuten.co.jp/share/HOTEL/194536/194536map.gif,1.0,,,1236360_5,一戸建て,6248788.0,市場内に住む、非日常の体験を味わえる施設です。,1,0,0,0,0,2,https://img.travel.rakuten.co.jp/image/tr/api/re/IdsCY/?f_no=194536&f_syu=1236360_5&f_hi1=2026-06-13&f_hi2=2026-06-14&f_heya_su=1&f_otona_su=1&f_s1=0&f_s2=0&f_y1=0&f_y2=0&f_y3=0&f_y4=0&f_camp_id=6248788,0,2026-06-13,33060,33060,0,2026-06-13,seibu
199481,ＳＡＫＡ　ＨＯＴＥＬ　＾,https://img.travel.rakuten.co.jp/image/tr/api/re/pvonD/?f_no=199481,https://img.travel.rakuten.co.jp/image/tr/api/re/vFumt/?f_no=199481&f_flg=PLAN,,https://img.travel.rakuten.co.jp/image/tr/api/re/gJNfM/?f_hotel_no=199481,,坂を少し下った静かな住宅街に佇む、お子様連れの家族旅行も大歓迎の宿。長期滞在可。博多天神アクセス◎,5220,120871.72,469404.02,810-0042,福岡県,福岡市中央区桜坂1-6-33　イスパハン２０２号室,080-1794-8140,00-0000-0000,桜坂駅から徒歩で1分,なし,大濠公園,https://img.travel.rakuten.co.jp/share/HOTEL/199481/199481.jpg,https://img.travel.rakuten.co.jp/HIMG/90/199481.jpg,,,https://img.travel.rakuten.co.jp/share/HOTEL/199481/199481map.gif,,,,1467652_6,スタンダードルーム,6417584.0,SAKA HOTEL 201,1,0,0,0,0,2,https://img.travel.rakuten.co.jp/image/tr/api/re/IdsCY/?f_no=199481&f_syu=1467652_6&f_hi1=2026-06-13&f_hi2=2026-06-14&f_heya_su=1&f_otona_su=1&f_s1=0&f_s2=0&f_y1=0&f_y2=0&f_y3=0&f_y4=0&f_camp_id=6417584,0,2026-06-13,37013,37013,0,2026-06-13,seibu
179866,ランドーホテル福岡アネックス,https://img.travel.rakuten.co.jp/image/tr/api/re/pvonD/?f_no=179866,https://img.travel.rakuten.co.jp/image/tr/api/re/vFumt/?f_no=179866&f_flg=PLAN,https://img.travel.rakuten.co.jp/image/tr/api/re/WzozX/?noTomariHotel=179866,https://img.travel.rakuten.co.jp/image/tr/api/re/gJNfM/?f_hotel_no=179866,らんどーほてるふくおかあねっくす,全室30平米以上の客室には家電キッチンバルコニーを完備　スマートロックとiPadを活用したチェックインでスムーズに入室,4000,120865.01,469454.62,810-0014,福岡県,福岡市中央区平尾1-11-7,092-526-5231,03-5615-2997,平尾駅,駐車場のご用意はございません。近隣のパーキングをご利用くださいませ。,西鉄平尾,https://img.travel.rakuten.co.jp/share/HOTEL/179866/179866.jpg,https://img.travel.rakuten.co.jp/HIMG/90/179866.jpg,,,https://img.travel.rakuten.co.jp/share/HOTEL/179866/179866map.gif,43.0,4.2,,rei,スーペリアツインルーム -礼-,4983383.0,【全室30㎡以上】【返金不可】話題の新築アパートメントホテルでゆったりステイ★,1,0,0,0,0,2,https://img.travel.rakuten.co.jp/image/tr/api/re/IdsCY/?f_no=179866&f_syu=rei&f_hi1=2026-06-13&f_hi2=2026-06-14&f_heya_su=1&f_otona_su=1&f_s1=0&f_s2=0&f_y1=0&f_y2=0&f_y3=0&f_y4=0&f_camp_id=4983383,0,2026-06-13,22000,22000,0,2026-06-13,seibu
194737,ｋｉｍｉｘ２０３／民泊,https://img.travel.rakuten.co.jp/image/tr/api/re/pvonD/?f_no=194737,https://img.travel.rakuten.co.jp/image/tr/api/re/vFumt/?f_no=194737&f_flg=PLAN,,https://img.travel.rakuten.co.jp/image/tr/api/re/gJNfM/?f_hotel_no=194737,,福岡市でも人気のある浄水通りの静かな住宅街に佇む、アンティーク家具とこだわりの雑貨に囲まれた【民泊】,12760,120859.72,469426.73,810-0028,福岡県,福岡市中央区浄水通2-11　ＪＯＳＵＩ　ＢＡＳＥ　203,092-401-1267,000-000-0000,薬院大通駅から徒歩で約２分,無し,薬院,https://img.travel.rakuten.co.jp/share/HOTEL/194737/194737.jpg,https://img.travel.rakuten.co.jp/HIMG/90/194737.jpg,,,https://img.travel.rakuten.co.jp/share/HOTEL/194737/194737map.gif,,,,r19557_2,kimix203,6274269.0,人気の浄水通りにある隠れ家。「教会前」バス停近く。天神、博多駅にもアクセス良し。,1,0,0,0,0,2,https://img.travel.rakuten.co.jp/image/tr/api/re/IdsCY/?f_no=194737&f_syu=r19557_2&f_hi1=2026-06-13&f_hi2=2026-06-14&f_heya_su=1&f_otona_su=1&f_s1=0&f_s2=0&f_y1=0&f_y2=0&f_y3=0&f_y4=0&f_camp_id=6274269,0,2026-06-13,38280,38280,0,2026-06-13,seibu
194510,ＣＡＳＡ　ｄｉ　ＰＡＬＭＥ　ＩＴＯＳＨＩＭＡ　（南国風グランピング施設）／民泊,https://img.travel.rakuten.co.jp/image/tr/api/re/pvonD/?f_no=194510,https://img.travel.rakuten.co.jp/image/tr/api/re/vFumt/?f_no=194510&f_flg=PLAN,,https://img.travel.rakuten.co.jp/image/tr/api/re/gJNfM/?f_hotel_no=194510,,開放感あふれる南国リゾート風の癒し空間ーペット同伴ＯＫ！　【民泊】,6681,120908.58,468441.08,819-1335,福岡県,糸島市志摩芥屋121-11　ＣＡＳＡ　ｄｉ　ＰＡＬＭＥ　　ＩＴＯＳＨＩＭＡ,090-9592-3554,000-000-0000,加布里駅から車で約１５分,有り,加布里,https://img.travel.rakuten.co.jp/share/HOTEL/194510/194510.jpg,https://img.travel.rakuten.co.jp/HIMG/90/194510.jpg,,,https://img.travel.rakuten.co.jp/share/HOTEL/194510/194510map.gif,1.0,,,r19268_6,CASA di PALME ITOSHIMA,6482189.0,【楽天スーパーSALE】ペットと同伴でＢＢＱ、アウトドアが楽しめるグランピング施設,1,0,0,0,0,2,https://img.travel.rakuten.co.jp/image/tr/api/re/IdsCY/?f_no=194510&f_syu=r19268_6&f_hi1=2026-06-13&f_hi2=2026-06-14&f_heya_su=1&f_otona_su=1&f_s1=0&f_s2=0&f_y1=0&f_y2=0&f_y3=0&f_y4=0&f_camp_id=6482189,0,2026-06-13,39672,39672,0,2026-06-13,seibu
198706,ＴＨＥ　ＧＲＡＮＤ　ＷＩＮ,https://img.travel.rakuten.co.jp/image/tr/api/re/pvonD/?f_no=198706,https://img.travel.rakuten.co.jp/image/tr/api/re/vFumt/?f_no=198706&f_flg=PLAN,,https://img.travel.rakuten.co.jp/image/tr/api/re/gJNfM/?f_hotel_no=198706,ざ　ぐらんど　うぃん,最上階の開放感。暮らすように泊まる、長期滞在も安心のキッチン・洗濯機付。,3950,120851.82,468893.57,819-0373,福岡県,福岡市西区周船寺2-8-18,092-558-2879,092-558-2749,JR周船寺駅から徒歩約5分,あり　3台　普通車1000円　軽自動車800円／泊　要予約　※ハイシーズンは料金が変わります。,周船寺,https://img.travel.rakuten.co.jp/share/HOTEL/198706/198706.jpg,https://img.travel.rakuten.co.jp/HIMG/90/198706.jpg,,,https://img.travel.rakuten.co.jp/share/HOTEL/198706/198706map.gif,7.0,4.29,,606,最上階606・周船寺駅より徒歩5分！スタンダードツインルーム,,,1,0,0,0,0,2,https://img.travel.rakuten.co.jp/image/tr/api/re/IdsCY/?f_no=198706&f_syu=606&f_hi1=2026-06-13&f_hi2=2026-06-14&f_heya_su=1&f_otona_su=1&f_s1=0&f_s2=0&f_y1=0&f_y2=0&f_y3=0&f_y4=0,1,2026-06-13,9500,9500,0,2026-06-13,seibu
187948,ＪＵＳＴＩＮ　ＦＵＫＵＯＫＡ,https://img.travel.rakuten.co.jp/image/tr/api/re/pvonD/?f_no=187948,https://img.travel.rakuten.co.jp/image/tr/api/re/vFumt/?f_no=187948&f_flg=PLAN,,https://img.travel.rakuten.co.jp/image/tr/api/re/gJNfM/?f_hotel_no=187948,じゃすてぃんふくおか,【無人フロントホテル】九州一の繁華街天神から徒歩10分の好立地！２０２３年８月にリニューアルオープン！,2405,120922.59,469428.25,810-0073,福岡県,福岡市中央区舞鶴1-8-28,092-409-4892,,天神駅から徒歩10分,専用駐車場・提携駐車場はございません。 公式サイトから、近隣のコインパーキングをご確認下さい。,天神,https://img.travel.rakuten.co.jp/share/HOTEL/187948/187948.jpg,https://img.travel.rakuten.co.jp/HIMG/90/187948.jpg,,,https://img.travel.rakuten.co.jp/share/HOTEL/187948/187948map.gif,6.0,4.75,,chito,ベーシックトリプルC,6452232.0,【楽天スーパーSALE】【素泊まり】スタンダードプラン「迷ったらコレ！」,1,0,0,0,0,2,https://img.travel.rakuten.co.jp/image/tr/api/re/IdsCY/?f_no=187948&f_syu=chito&f_hi1=2026-06-13&f_hi2=2026-06-14&f_heya_su=1&f_otona_su=1&f_s1=0&f_s2=0&f_y1=0&f_y2=0&f_y3=0&f_y4=0&f_camp_id=6452232,0,2026-06-13,20001,20001,0,2026-06-13,seibu
168677,ＴＲＩＰ　ＰＯＤ　ＴＯＪＩＮーＭＡＣＨＩ　Ａ（トリップポッド唐人町　Ａ）,https://img.travel.rakuten.co.jp/image/tr/api/re/pvonD/?f_no=168677,https://img.travel.rakuten.co.jp/image/tr/api/re/vFumt/?f_no=168677&f_flg=PLAN,https://img.travel.rakuten.co.jp/image/tr/api/re/WzozX/?noTomariHotel=168677,https://img.travel.rakuten.co.jp/image/tr/api/re/gJNfM/?f_hotel_no=168677,とりっぷ　ぽっど　とうじんまち　えー,当ホテルは無人運営のため施設にスタッフはおりません。専用のタブレット端末からオンラインレセプションをご利用いただけます。,2095,120917.81,469342.9,810-0063,福岡県,福岡市中央区唐人町1-9-19,03-4531-9681,00-0000-0000,唐人町駅まで徒歩にて約３分,無し,唐人町,https://img.travel.rakuten.co.jp/share/HOTEL/168677/168677.jpg,https://img.travel.rakuten.co.jp/HIMG/90/168677.jpg,,,https://img.travel.rakuten.co.jp/share/HOTEL/168677/168677map.gif,44.0,3.47,"複数の口コミにあるように、清掃が行き届いていないとの投稿を目にしたため…　2026-05-29 15:05:48投稿 <a href=""https://img.travel.rakuten.co.jp/image/tr/api/re/gJNfM/?f_hotel_no=168677"" class=""3click"">つづきはこちら</a>",0010,6名宿泊可！スタンダード☆キッチン／ロフト付（連泊清掃なし,5378343.0,【10％OFF口コミプラン】非対面チェックインで密回避！,1,0,0,0,0,2,https://img.travel.rakuten.co.jp/image/tr/api/re/IdsCY/?f_no=168677&f_syu=0010&f_hi1=2026-06-13&f_hi2=2026-06-14&f_heya_su=1&f_otona_su=1&f_s1=0&f_s2=0&f_y1=0&f_y2=0&f_y3=0&f_y4=0&f_camp_id=5378343,0,2026-06-13,20000,20000,0,2026-06-13,seibu
171723,ディアマンテ薬院　＾,https://img.travel.rakuten.co.jp/image/tr/api/re/pvonD/?f_no=171723,https://img.travel.rakuten.co.jp/image/tr/api/re/vFumt/?f_no=171723&f_flg=PLAN,,https://img.travel.rakuten.co.jp/image/tr/api/re/gJNfM/?f_hotel_no=171723,,薬院大通駅直結マンションで雨にも濡れずとても便利♪♪キッチン、洗濯機有りのアパートメントタイプです,3364,120878.14,469433.74,810-0022,福岡県,福岡市中央区薬院2-3-10　305，306，307，308　ディアマンテ薬院,090-9074-9489,000-000-0000,薬院大通駅から徒歩で約１分,無し,薬院,https://img.travel.rakuten.co.jp/share/HOTEL/171723/171723.jpg,https://img.travel.rakuten.co.jp/HIMG/90/171723.jpg,,,https://img.travel.rakuten.co.jp/share/HOTEL/171723/171723map.gif,12.0,5.0,,271963_4,スタンダードルーム,5487637.0,天神4分/博多9分/空港22分/地下鉄 薬院大通駅直結 徒歩0分/最大4名4,1,0,0,0,0,2,https://img.travel.rakuten.co.jp/image/tr/api/re/IdsCY/?f_no=171723&f_syu=271963_4&f_hi1=2026-06-13&f_hi2=2026-06-14&f_heya_su=1&f_otona_su=1&f_s1=0&f_s2=0&f_y1=0&f_y2=0&f_y3=0&f_y4=0&f_camp_id=5487637,0,2026-06-13,19720,19720,0,2026-06-13,seibu
168669,ＨＯＴＥＬ　粋－ｓｕｉ－　ＨＡＲＵＹＯＳＨＩ,https://img.travel.rakuten.co.jp/image/tr/api/re/pvonD/?f_no=168669,https://img.travel.rakuten.co.jp/image/tr/api/re/vFumt/?f_no=168669&f_flg=PLAN,https://img.travel.rakuten.co.jp/image/tr/api/re/WzozX/?noTomariHotel=168669,https://img.travel.rakuten.co.jp/image/tr/api/re/gJNfM/?f_hotel_no=168669,ほてるすいはるよし,キャナルシティ博多まで7分、西鉄福岡（天神）駅まで10分！グループ・家族旅行におすすめのリビングスペース！,3272,120900.08,469472.76,810-0003,福岡県,福岡市中央区春吉2-10-1,092-409-4892, ,博多駅からはバスで「春吉」「渡辺通り2丁目」で下車後徒歩5分。天神からは徒歩10分、キャナルシティ博多へは徒歩7分。,専用駐車場・提携駐車場はございません。 公式サイトから、近隣のコインパーキングをご確認下さい。,,https://img.travel.rakuten.co.jp/share/HOTEL/168669/168669.jpg,https://img.travel.rakuten.co.jp/HIMG/90/168669.jpg,https://img.travel.rakuten.co.jp/share/HOTEL/168669/168669_kan1.jpg,https://img.travel.rakuten.co.jp/HIMG/INTERIOR/168669.jpg,https://img.travel.rakuten.co.jp/share/HOTEL/168669/168669map.gif,22.0,4.0,,chito1,デラックスC,6452244.0,【楽天スーパーSALE】【素泊まり】スタンダードプラン「迷ったらコレ！」,1,0,0,0,0,2,https://img.travel.rakuten.co.jp/image/tr/api/re/IdsCY/?f_no=168669&f_syu=chito1&f_hi1=2026-06-13&f_hi2=2026-06-14&f_heya_su=1&f_otona_su=1&f_s1=0&f_s2=0&f_y1=0&f_y2=0&f_y3=0&f_y4=0&f_camp_id=6452244,0,2026-06-13,33750,33750,0,2026-06-13,seibu
196262,ホテル＆レジデンス春吉,https://img.travel.rakuten.co.jp/image/tr/api/re/pvonD/?f_no=196262,https://img.travel.rakuten.co.jp/image/tr/api/re/vFumt/?f_no=196262&f_flg=PLAN,,https://img.travel.rakuten.co.jp/image/tr/api/re/gJNfM/?f_hotel_no=196262,あんどれじでんすはるよし,新築アパートに泊まれる！,2886,120900.61,469481.11,810-0003,福岡県,福岡市中央区春吉2-3-14,092-409-4892,092-401-1057,天神南駅より徒歩約１０分,無し,天神,https://img.travel.rakuten.co.jp/share/HOTEL/196262/196262.jpg,https://img.travel.rakuten.co.jp/HIMG/90/196262.jpg,,,https://img.travel.rakuten.co.jp/share/HOTEL/196262/196262map.gif,1.0,,,bhito,ファミリーB,6452282.0,【楽天スーパーSALE】【素泊まり】スタンダードプラン「迷ったらコレ！」,1,0,0,0,0,2,https://img.travel.rakuten.co.jp/image/tr/api/re/IdsCY/?f_no=196262&f_syu=bhito&f_hi1=2026-06-13&f_hi2=2026-06-14&f_heya_su=1&f_otona_su=1&f_s1=0&f_s2=0&f_y1=0&f_y2=0&f_y3=0&f_y4=0&f_camp_id=6452282,0,2026-06-13,21000,21000,0,2026-06-13,seibu
196764,ＨＯＴＥＬ　Ｔｉａｒａ,https://img.travel.rakuten.co.jp/image/tr/api/re/pvonD/?f_no=196764,https://img.travel.rakuten.co.jp/image/tr/api/re/vFumt/?f_no=196764&f_flg=PLAN,,https://img.travel.rakuten.co.jp/image/tr/api/re/gJNfM/?f_hotel_no=196764,ホテル　ティアラ,駅が近くて、５９平米の広々としたアパートメントホテル,3033,120900.5,469461.73,810-0004,福岡県,福岡市中央区渡辺通5-15-7,092-409-4892,092-401-1057,天神南駅から徒歩約５分,無し,天神,https://img.travel.rakuten.co.jp/share/HOTEL/196764/196764.jpg,https://img.travel.rakuten.co.jp/HIMG/90/196764.jpg,,,https://img.travel.rakuten.co.jp/share/HOTEL/196764/196764map.gif,1.0,,,ahito,デラックスA,6452302.0,【楽天スーパーSALE】【素泊まり】スタンダードプラン「迷ったらコレ！」,1,0,0,0,0,2,https://img.travel.rakuten.co.jp/image/tr/api/re/IdsCY/?f_no=196764&f_syu=ahito&f_hi1=2026-06-13&f_hi2=2026-06-14&f_heya_su=1&f_otona_su=1&f_s1=0&f_s2=0&f_y1=0&f_y2=0&f_y3=0&f_y4=0&f_camp_id=6452302,0,2026-06-13,25200,25200,0,2026-06-13,seibu
194806,ヴィレッタ平和１０２／民泊,https://img.travel.rakuten.co.jp/image/tr/api/re/pvonD/?f_no=194806,https://img.travel.rakuten.co.jp/image/tr/api/re/vFumt/?f_no=194806&f_flg=PLAN,,https://img.travel.rakuten.co.jp/image/tr/api/re/gJNfM/?f_hotel_no=194806,,福岡市中央区平和に位置する当施設は、各スペースに扉がないオープンレイアウトで、広々とした空間【民泊】,5684,120829.22,469436.91,810-0016,福岡県,福岡市中央区平和3-8-16　ヴィレッタ平和102号室,080-1794-8140,000-000-0000,西鉄平尾駅から徒歩で約４分,無し,西鉄平尾,https://img.travel.rakuten.co.jp/share/HOTEL/194806/194806.jpg,https://img.travel.rakuten.co.jp/HIMG/90/194806.jpg,,,https://img.travel.rakuten.co.jp/share/HOTEL/194806/194806map.gif,,,,r17746_6,ヴィレッタ平和102号室,6290226.0,広々70m2で6名まで宿泊可能!洗濯機&洗濯乾燥機備。ヴィレッタ平和102,1,0,0,0,0,2,https://img.travel.rakuten.co.jp/image/tr/api/re/IdsCY/?f_no=194806&f_syu=r17746_6&f_hi1=2026-06-13&f_hi2=2026-06-14&f_heya_su=1&f_otona_su=1&f_s1=0&f_s2=0&f_y1=0&f_y2=0&f_y3=0&f_y4=0&f_camp_id=6290226,0,2026-06-13,26960,26960,0,2026-06-13,seibu
181074,グランドべース福岡天神,https://img.travel.rakuten.co.jp/image/tr/api/re/pvonD/?f_no=181074,https://img.travel.rakuten.co.jp/image/tr/api/re/vFumt/?f_no=181074&f_flg=PLAN,https://img.travel.rakuten.co.jp/image/tr/api/re/WzozX/?noTomariHotel=181074,https://img.travel.rakuten.co.jp/image/tr/api/re/gJNfM/?f_hotel_no=181074,ぐらんどべーすふくおかてんじん,【無人フロントホテル】天神・博多へアクセス◎最大4名泊まれるスマートホテル！キッチン＆洗濯機付で長期滞在にもおすすめ★,3290,120896.18,469462.91,810-0004,福岡県,福岡市中央区渡辺通3-6-2,092-409-4892,,「天神南駅」1番出口から徒歩7分、「渡辺通駅」2番出口から徒歩5分、博多駅からはバスで「渡辺通2丁目」で下車後徒歩2分,敷地内に有料コインパーキング有（軽自動車専用 6台）,福岡空港,https://img.travel.rakuten.co.jp/share/HOTEL/181074/181074.jpg,https://img.travel.rakuten.co.jp/HIMG/90/181074.jpg,,,https://img.travel.rakuten.co.jp/share/HOTEL/181074/181074map.gif,9.0,3.0,,bhito,スーペリアB,6451622.0,【楽天スーパーSALE】【素泊まり】スタンダードプラン「迷ったらコレ！」,1,0,0,0,0,2,https://img.travel.rakuten.co.jp/image/tr/api/re/IdsCY/?f_no=181074&f_syu=bhito&f_hi1=2026-06-13&f_hi2=2026-06-14&f_heya_su=1&f_otona_su=1&f_s1=0&f_s2=0&f_y1=0&f_y2=0&f_y3=0&f_y4=0&f_camp_id=6451622,0,2026-06-13,31500,31500,0,2026-06-13,seibu
185343,グランピングハウス　ＣＨＩＬＬ　ＯＵＴ／海水浴・ＢＢＱ・ＳＵＰレンタル有【要事前予約】／民泊,https://img.travel.rakuten.co.jp/image/tr/api/re/pvonD/?f_no=185343,https://img.travel.rakuten.co.jp/image/tr/api/re/vFumt/?f_no=185343&f_flg=PLAN,,https://img.travel.rakuten.co.jp/image/tr/api/re/gJNfM/?f_hotel_no=185343,,糸島半島にあるハウス型グランピング★【民泊】,7540,121091.91,468828.96,819-0201,福岡県,福岡市西区宮浦2129-16,080-3967-7857,000-000-0000,九大学研都市駅から車で約１７分,有り,今宿,https://img.travel.rakuten.co.jp/share/HOTEL/185343/185343.jpg,https://img.travel.rakuten.co.jp/HIMG/90/185343.jpg,,,https://img.travel.rakuten.co.jp/share/HOTEL/185343/185343map.gif,3.0,,,r4898_8,チルアウト,5602364.0,グランピングハウス CHILL OUT/BBQ・ビーチ・レンタサイクル・SUPレンタル有,1,0,0,0,0,2,https://img.travel.rakuten.co.jp/image/tr/api/re/IdsCY/?f_no=185343&f_syu=r4898_8&f_hi1=2026-06-13&f_hi2=2026-06-14&f_heya_su=1&f_otona_su=1&f_s1=0&f_s2=0&f_y1=0&f_y2=0&f_y3=0&f_y4=0&f_camp_id=5602364,0,2026-06-13,32480,32480,0,2026-06-13,seibu
195642,ＣＲＥＳＴ西新／民泊,https://img.travel.rakuten.co.jp/image/tr/api/re/pvonD/?f_no=195642,https://img.travel.rakuten.co.jp/image/tr/api/re/vFumt/?f_no=195642&f_flg=PLAN,,https://img.travel.rakuten.co.jp/image/tr/api/re/gJNfM/?f_hotel_no=195642,, ,5895,120886.74,469300.47,814-0002,福岡県,福岡市早良区西新4-9-16　ＣＲＥＳＴ西新,080-8500-9217,00-0000-0000,西新駅から徒歩で1分,なし,西新,https://img.travel.rakuten.co.jp/share/HOTEL/195642/195642.jpg,https://img.travel.rakuten.co.jp/HIMG/90/195642.jpg,,,https://img.travel.rakuten.co.jp/share/HOTEL/195642/195642map.gif,,,,r21104_4,302,6380731.0,302西新駅徒歩2分/福岡空港直通/最大4名収容/Wi-Fi完備,1,0,0,0,0,2,https://img.travel.rakuten.co.jp/image/tr/api/re/IdsCY/?f_no=195642&f_syu=r21104_4&f_hi1=2026-06-13&f_hi2=2026-06-14&f_heya_su=1&f_otona_su=1&f_s1=0&f_s2=0&f_y1=0&f_y2=0&f_y3=0&f_y4=0&f_camp_id=6380731,0,2026-06-13,32899,32899,0,2026-06-13,seibu
197412,ＢＡＮＤ　ＨＯＴＥＬ　ＨＡＫＡＴＡ,https://img.travel.rakuten.co.jp/image/tr/api/re/pvonD/?f_no=197412,https://img.travel.rakuten.co.jp/image/tr/api/re/vFumt/?f_no=197412&f_flg=PLAN,https://img.travel.rakuten.co.jp/image/tr/api/re/WzozX/?noTomariHotel=197412,https://img.travel.rakuten.co.jp/image/tr/api/re/gJNfM/?f_hotel_no=197412,ばんど　ほてる　はかた,「つながる旅、響き合う心。BAND HOTEL。」,7020,120905.82,469479.9,810-0003,福岡県,福岡市中央区春吉2-4-14,092-401-0612,092-401-0613,中洲川端・櫛田神社前・天神南・博多駅より徒歩10～18分,なし,中洲川端,https://img.travel.rakuten.co.jp/share/HOTEL/197412/197412.jpg,https://img.travel.rakuten.co.jp/HIMG/90/197412.jpg,,,https://img.travel.rakuten.co.jp/share/HOTEL/197412/197412map.gif,3.0,,,stdtwnrv,スタンダードツイン　リバービュー,6362186.0,【10％OFF】【楽天スーパーSALE】シンプルステイ（3泊につき1回の簡易清掃あり),1,0,0,0,0,1,https://img.travel.rakuten.co.jp/image/tr/api/re/IdsCY/?f_no=197412&f_syu=stdtwnrv&f_hi1=2026-06-13&f_hi2=2026-06-14&f_heya_su=1&f_otona_su=1&f_s1=0&f_s2=0&f_y1=0&f_y2=0&f_y3=0&f_y4=0&f_camp_id=6362186,0,2026-06-13,51840,51840,0,2026-06-13,seibu
194304,二丈　民宿パレット／民泊,https://img.travel.rakuten.co.jp/image/tr/api/re/pvonD/?f_no=194304,https://img.travel.rakuten.co.jp/image/tr/api/re/vFumt/?f_no=194304&f_flg=PLAN,,https://img.travel.rakuten.co.jp/image/tr/api/re/gJNfM/?f_hotel_no=194304,,　,11310,120576.88,468258.63,819-1641,福岡県,糸島市二丈吉井3311-1,090-4473-9060,000-000-0000,福吉駅から徒歩で約４分,有り,福吉,https://img.travel.rakuten.co.jp/share/HOTEL/194304/194304.jpg,https://img.travel.rakuten.co.jp/HIMG/90/194304.jpg,,,https://img.travel.rakuten.co.jp/share/HOTEL/194304/194304map.gif,,,,r19051_4,民宿パレット,6224239.0,一戸建て,1,0,0,0,0,2,https://img.travel.rakuten.co.jp/image/tr/api/re/IdsCY/?f_no=194304&f_syu=r19051_4&f_hi1=2026-06-13&f_hi2=2026-06-14&f_heya_su=1&f_otona_su=1&f_s1=0&f_s2=0&f_y1=0&f_y2=0&f_y3=0&f_y4=0&f_camp_id=6224239,0,2026-06-13,52200,52200,0,2026-06-13,seibu
200240,ＡＭＰ　ＦＬＡＴ　ＭＯＭＯＣＨＩ｜福岡タワー・ＰａｙＰａｙドーム徒歩圏／駐車場２台無料　＾,https://img.travel.rakuten.co.jp/image/tr/api/re/pvonD/?f_no=200240,https://img.travel.rakuten.co.jp/image/tr/api/re/vFumt/?f_no=200240&f_flg=PLAN,,https://img.travel.rakuten.co.jp/image/tr/api/re/gJNfM/?f_hotel_no=200240,, ,14535,120903.47,469288.24,814-0002,福岡県,福岡市早良区西新6-10-6-701,080-3188-3570,00-0000-0000,西新駅から徒歩で3分,あり,西新,https://img.travel.rakuten.co.jp/share/HOTEL/200240/200240.jpg,https://img.travel.rakuten.co.jp/HIMG/90/200240.jpg,,,https://img.travel.rakuten.co.jp/share/HOTEL/200240/200240map.gif,,,,1550775_6,スタンダードルーム,6477007.0,【最大8名】和室+寝室2室/博多・天神へ直通アクセス,1,0,0,0,0,2,https://img.travel.rakuten.co.jp/image/tr/api/re/IdsCY/?f_no=200240&f_syu=1550775_6&f_hi1=2026-06-13&f_hi2=2026-06-14&f_heya_su=1&f_otona_su=1&f_s1=0&f_s2=0&f_y1=0&f_y2=0&f_y3=0&f_y4=0&f_camp_id=6477007,0,2026-06-13,72674,72674,0,2026-06-13,seibu
195671,閑静な住宅街にある白い洋風アパート／民泊,https://img.travel.rakuten.co.jp/image/tr/api/re/pvonD/?f_no=195671,https://img.travel.rakuten.co.jp/image/tr/api/re/vFumt/?f_no=195671&f_flg=PLAN,,https://img.travel.rakuten.co.jp/image/tr/api/re/gJNfM/?f_hotel_no=195671,, ,386667,120898.25,469256.73,814-0006,福岡県,福岡市早良区百道3-7-17 102　新日本パレス百道I,080-8905-6750,00-0000-0000,藤崎駅より徒歩で3分,なし,藤崎（福岡）,https://img.travel.rakuten.co.jp/share/HOTEL/195671/195671.jpg,https://img.travel.rakuten.co.jp/HIMG/90/195671.jpg,,,https://img.travel.rakuten.co.jp/share/HOTEL/195671/195671map.gif,,,,r20354_3,新日本パレス百道I-102,6395548.0,百道102,1,0,0,0,0,2,https://img.travel.rakuten.co.jp/image/tr/api/re/IdsCY/?f_no=195671&f_syu=r20354_3&f_hi1=2026-06-13&f_hi2=2026-06-14&f_heya_su=1&f_otona_su=1&f_s1=0&f_s2=0&f_y1=0&f_y2=0&f_y3=0&f_y4=0&f_camp_id=6395548,0,2026-06-13,1160000,1160000,0,2026-06-13,seibu
182019,アパホテル〈博多駅筑紫口〉,https://img.travel.rakuten.co.jp/image/tr/api/re/pvonD/?f_no=182019,https://img.travel.rakuten.co.jp/image/tr/api/re/vFumt/?f_no=182019&f_flg=PLAN,https://img.travel.rakuten.co.jp/image/tr/api/re/WzozX/?noTomariHotel=182019,https://img.travel.rakuten.co.jp/image/tr/api/re/gJNfM/?f_hotel_no=182019,あぱほてる　はかたえきちくしぐち,博多駅から最も近いアパホテル。2棟構成でCENTRAL棟には大浴殿完備。WEST棟では静かに過ごせる,5580,120916.87,469533.42,812-0013,福岡県,福岡市博多区博多駅東1-14-1(セントラル棟)／福岡市博多区博多駅東1-11-11(ウエスト棟),0570-056-311,092-477-6312,地下鉄空港線「博多」駅(東7番出口)から徒歩2分、山陽新幹線・九州新幹線・JR各線「博多」駅(筑紫口)から徒歩4分,"セントラル棟16台　1,800円／1泊（11時&#12316;翌11時）※先着順",博多,https://img.travel.rakuten.co.jp/share/HOTEL/182019/182019.jpg,https://img.travel.rakuten.co.jp/HIMG/90/182019.jpg,,,https://img.travel.rakuten.co.jp/share/HOTEL/182019/182019map.gif,1110.0,4.16,"クチコミの詳細はこちらから　https://review.travel.raku…　2026-06-10 10:13:29投稿 <a href=""https://img.travel.rakuten.co.jp/image/tr/api/re/gJNfM/?f_hotel_no=182019"" class=""3click"">つづきはこちら</a>",s1w,【ウエスト棟】スタンダード(1名利用) 禁煙◆大浴殿は別館,5188888.0,【素泊まり・事前決済限定】1秒チェックインにおすすめ！,1,0,0,0,0,2,https://img.travel.rakuten.co.jp/image/tr/api/re/IdsCY/?f_no=182019&f_syu=s1w&f_hi1=2026-06-13&f_hi2=2026-06-14&f_heya_su=1&f_otona_su=1&f_s1=0&f_s2=0&f_y1=0&f_y2=0&f_y3=0&f_y4=0&f_camp_id=5188888,0,2026-06-13,19980,19980,0,2026-06-13,fukuoka
108259,ホテルアクティブ！博多,https://img.travel.rakuten.co.jp/image/tr/api/re/pvonD/?f_no=108259,https://img.travel.rakuten.co.jp/image/tr/api/re/vFumt/?f_no=108259&f_flg=PLAN,https://img.travel.rakuten.co.jp/image/tr/api/re/WzozX/?noTomariHotel=108259,https://img.travel.rakuten.co.jp/image/tr/api/re/gJNfM/?f_hotel_no=108259,あくてぃぶ！はかた,和洋ビュッフェ朝食無料サービス＆人工温泉大浴場付◆博多駅博多口より徒歩約4分◆楽天GOLDアワード2025受賞,5000,120908.36,469505.34,812-0011,福岡県,福岡市博多区博多駅前3-20-16,092-452-0001,092-452-0011,ＪＲ博多駅・博多口より徒歩約４分◆空港からは地下鉄で博多駅まで約５分・西２０番出口から徒歩約２分,普通車１台１泊税込１１００円／徒歩１分圏に複数の契約駐車場（総枠数１６５台）全枠平置きでハイルーフ可,博多,https://img.travel.rakuten.co.jp/share/HOTEL/108259/108259.jpg,https://img.travel.rakuten.co.jp/HIMG/90/108259.jpg,,,https://img.travel.rakuten.co.jp/share/HOTEL/108259/108259map.gif,11508.0,4.33,"クチコミの詳細はこちらから　https://review.travel.rakuten.…　2026-06-11 10:55:23投稿 <a href=""https://img.travel.rakuten.co.jp/image/tr/api/re/gJNfM/?f_hotel_no=108259"" class=""3click"">つづきはこちら</a>",a-ns,◇禁煙◇アクティブルーム（ダブルベッド×1）新感覚レイアウト,6417217.0,【ゴールドアワード2025】受賞記念プラン！和洋ビュッフェ朝食無料／人工温泉大浴場,1,0,0,1,0,1,https://img.travel.rakuten.co.jp/image/tr/api/re/IdsCY/?f_no=108259&f_syu=a-ns&f_hi1=2026-06-13&f_hi2=2026-06-14&f_heya_su=1&f_otona_su=1&f_s1=0&f_s2=0&f_y1=0&f_y2=0&f_y3=0&f_y4=0&f_camp_id=6417217,0,2026-06-13,19800,19800,0,2026-06-13,fukuoka
147709,博多グリーンホテル１号館,https://img.travel.rakuten.co.jp/image/tr/api/re/pvonD/?f_no=147709,https://img.travel.rakuten.co.jp/image/tr/api/re/vFumt/?f_no=147709&f_flg=PLAN,https://img.travel.rakuten.co.jp/image/tr/api/re/WzozX/?noTomariHotel=147709,https://img.travel.rakuten.co.jp/image/tr/api/re/gJNfM/?f_hotel_no=147709,はかたぐりーんほてるいちごうかん,博多駅徒歩1分でアクセス抜群！１３時イン・１２時アウトのゆったり滞在。◇個別空調◇シモンズベッド◇加湿空気清浄機完備,7300,120918.91,469527.72,812-0012,福岡県,福岡市博多区博多駅中央街4-4,092-451-4110,092-451-4115,【最短アクセス】福岡空港～地下鉄５分。JR博多駅筑紫口（新幹線口）～徒歩１分！,"1泊／2,500円　先着・予約不可(満車・サイズによる入庫不可は有料駐車場へ案内　※途中入出庫不可)",博多,https://img.travel.rakuten.co.jp/share/HOTEL/147709/147709.jpg,https://img.travel.rakuten.co.jp/HIMG/90/147709.jpg,,,https://img.travel.rakuten.co.jp/share/HOTEL/147709/147709map.gif,2038.0,4.31,"クチコミの詳細はこちらから　https://review.travel.rakuten.co.jp/hot…　2026-06-10 21:06:18投稿 <a href=""https://img.travel.rakuten.co.jp/image/tr/api/re/gJNfM/?f_hotel_no=147709"" class=""3click"">つづきはこちら</a>",sk1_basic,禁煙シングル,5584774.0,【13％OFF】【楽天スーパーSALE】素泊まりシングルプラン,1,0,0,0,0,1,https://img.travel.rakuten.co.jp/image/tr/api/re/IdsCY/?f_no=147709&f_syu=sk1_basic&f_hi1=2026-06-13&f_hi2=2026-06-14&f_heya_su=1&f_otona_su=1&f_s1=0&f_s2=0&f_y1=0&f_y2=0&f_y3=0&f_y4=0&f_camp_id=5584774,0,2026-06-13,23000,23000,0,2026-06-13,fukuoka
151369,ＫＯＫＯ　ＨＯＴＥＬ　博多駅前（旧：ホテルウィングインターナショナルセレクト博多駅前）,https://img.travel.rakuten.co.jp/image/tr/api/re/pvonD/?f_no=151369,https://img.travel.rakuten.co.jp/image/tr/api/re/vFumt/?f_no=151369&f_flg=PLAN,https://img.travel.rakuten.co.jp/image/tr/api/re/WzozX/?noTomariHotel=151369,https://img.travel.rakuten.co.jp/image/tr/api/re/gJNfM/?f_hotel_no=151369,ここ　ほてる　はかたえきまえ,【TVで話題！博多駅徒歩4分のデザインホテル】世界11都市を巡る寛ぎの空間。全室シモンズ製ベッドとナノイー空気清浄機完備,2925,120906.47,469507.04,812-0011,福岡県,福岡市博多区博多駅前3-22-19,092-476-9111,092-476-9112,JR・地下鉄博多駅博多口から徒歩4分☆福岡空港国内線から地下鉄で2駅　タクシーで約15分　国際線からタクシーで約20分,提携有料駐車場有り／270台収容　24時間1500円（税込）でサービス券販売中,博多,https://img.travel.rakuten.co.jp/share/HOTEL/151369/151369.jpg,https://img.travel.rakuten.co.jp/HIMG/90/151369.jpg,https://img.travel.rakuten.co.jp/share/HOTEL/151369/151369_kan1.jpg,https://img.travel.rakuten.co.jp/HIMG/INTERIOR/151369.jpg,https://img.travel.rakuten.co.jp/share/HOTEL/151369/151369map.gif,1129.0,4.01,"繁華街ですが、外の音はほとんど気になりませんでした。ただ、ホテル廊下に設置の氷置き場が部屋入り口のすぐ横に…　2026-06-11 20:30:02投稿 <a href=""https://img.travel.rakuten.co.jp/image/tr/api/re/gJNfM/?f_hotel_no=151369"" class=""3click"">つづきはこちら</a>",nsp,【North Wing】禁煙スーペリアシングルルーム,6460995.0,【楽天スーパーSALE】フロアごとに異なる世界の都市をイメージしたデザイン♪（食事無し）,1,0,0,0,0,1,https://img.travel.rakuten.co.jp/image/tr/api/re/IdsCY/?f_no=151369&f_syu=nsp&f_hi1=2026-06-13&f_hi2=2026-06-14&f_heya_su=1&f_otona_su=1&f_s1=0&f_s2=0&f_y1=0&f_y2=0&f_y3=0&f_y4=0&f_camp_id=6460995,0,2026-06-13,23100,23100,0,2026-06-13,fukuoka
165706,エスペリアホテル博多,https://img.travel.rakuten.co.jp/image/tr/api/re/pvonD/?f_no=165706,https://img.travel.rakuten.co.jp/image/tr/api/re/vFumt/?f_no=165706&f_flg=PLAN,https://img.travel.rakuten.co.jp/image/tr/api/re/WzozX/?noTomariHotel=165706,https://img.travel.rakuten.co.jp/image/tr/api/re/gJNfM/?f_hotel_no=165706,えすぺりあほてるはかた,お部屋は全室バス・トイレ・洗面が別！観光・ビジネスに便利な駅近ホテル,5428,120916.37,469506.7,812-0011,福岡県,福岡市博多区博多駅前2-11-4,092-412-7272,092-412-7271,地下鉄「博多駅」P５番出口より徒歩約分。JR「博多駅」より徒歩約５分、福岡空港から博多へは地下鉄約１０分,"有り　16台　1,600円（税込み／泊）　先着順 予約不可　※提携の駐車場はございません",博多,https://img.travel.rakuten.co.jp/share/HOTEL/165706/165706.jpg,https://img.travel.rakuten.co.jp/HIMG/90/165706.jpg,,,https://img.travel.rakuten.co.jp/share/HOTEL/165706/165706map.gif,1520.0,4.17,"クチコミの詳細は…　2026-06-11 23:30:59投稿 <a href=""https://img.travel.rakuten.co.jp/image/tr/api/re/gJNfM/?f_hotel_no=165706"" class=""3click"">つづきはこちら</a>",gdb,グランドダブル／シャワ−ブース【ベッド幅140／バスタブ無】,6463727.0,【楽天スーパーSALE】《素泊り》バスルーム・トイレ・洗面台が独立,1,0,0,0,0,1,https://img.travel.rakuten.co.jp/image/tr/api/re/IdsCY/?f_no=165706&f_syu=gdb&f_hi1=2026-06-13&f_hi2=2026-06-14&f_heya_su=1&f_otona_su=1&f_s1=0&f_s2=0&f_y1=0&f_y2=0&f_y3=0&f_y4=0&f_camp_id=6463727,0,2026-06-13,28728,28728,0,2026-06-13,fukuoka
80574,博多グリーンホテルアネックス,https://img.travel.rakuten.co.jp/image/tr/api/re/pvonD/?f_no=80574,https://img.travel.rakuten.co.jp/image/tr/api/re/vFumt/?f_no=80574&f_flg=PLAN,https://img.travel.rakuten.co.jp/image/tr/api/re/WzozX/?noTomariHotel=80574,https://img.travel.rakuten.co.jp/image/tr/api/re/gJNfM/?f_hotel_no=80574,はかたぐりーんほてるあねっくす,博多駅徒歩1分でアクセス抜群！１３時イン・１２時アウトのゆったり滞在。◇個別空調◇シモンズベッド◇直営コンビニ１Ｆ有,7000,120916.94,469527.77,812-0012,福岡県,福岡市博多区博多駅中央街4-32,092-451-4112,092-451-4177,【最短アクセス】福岡空港～地下鉄５分。JR博多駅筑紫口（新幹線口）～徒歩１分！,"1泊／2,500円　先着・予約不可(満車・サイズによる入庫不可は有料駐車場へ案内　※途中入出庫不可)",博多,https://img.travel.rakuten.co.jp/share/HOTEL/80574/80574.jpg,https://img.travel.rakuten.co.jp/HIMG/90/80574.jpg,https://img.travel.rakuten.co.jp/share/HOTEL/80574/80574_room.jpg,https://img.travel.rakuten.co.jp/HIMG/INTERIOR/80574.jpg,https://img.travel.rakuten.co.jp/share/HOTEL/80574/80574map.gif,2535.0,4.28,"クチコミの詳細はこちらから　https:…　2026-06-08 10:27:22投稿 <a href=""https://img.travel.rakuten.co.jp/image/tr/api/re/gJNfM/?f_hotel_no=80574"" class=""3click"">つづきはこちら</a>",sk,禁煙シングルルーム,5584764.0,【14％OFF】【楽天スーパーSALE】素泊まりシングルプラン,1,0,0,0,0,1,https://img.travel.rakuten.co.jp/image/tr/api/re/IdsCY/?f_no=80574&f_syu=sk&f_hi1=2026-06-13&f_hi2=2026-06-14&f_heya_su=1&f_otona_su=1&f_s1=0&f_s2=0&f_y1=0&f_y2=0&f_y3=0&f_y4=0&f_camp_id=5584764,0,2026-06-13,27000,27000,0,2026-06-13,fukuoka
182017,アパホテル＆リゾート〈博多駅東〉,https://img.travel.rakuten.co.jp/image/tr/api/re/pvonD/?f_no=182017,https://img.travel.rakuten.co.jp/image/tr/api/re/vFumt/?f_no=182017&f_flg=PLAN,https://img.travel.rakuten.co.jp/image/tr/api/re/WzozX/?noTomariHotel=182017,https://img.travel.rakuten.co.jp/image/tr/api/re/gJNfM/?f_hotel_no=182017,あぱほてるあんどりぞーと　はかたえきひがし,博多駅を出て筑紫口中央通りからアクセスできる都市型リゾート。屋上に大浴殿とプールを備える,5386,120913.96,469537.43,812-0013,福岡県,福岡市博多区博多駅東1-18-1,0570-009-011,092-477-9012,福岡市営地下鉄空港線「博多駅」東7番出口から徒歩2分／JR各線「博多駅」筑紫口から徒歩4分,"11台有、1,500円 / 1泊（15：00〜翌11：00）※連泊の場合24時間　※予約不可先着順",博多,https://img.travel.rakuten.co.jp/share/HOTEL/182017/182017.jpg,https://img.travel.rakuten.co.jp/HIMG/90/182017.jpg,,,https://img.travel.rakuten.co.jp/share/HOTEL/182017/182017map.gif,803.0,4.1,"クチコミの詳細はこちらから　https://review.…　2026-06-11 08:37:59投稿 <a href=""https://img.travel.rakuten.co.jp/image/tr/api/re/gJNfM/?f_hotel_no=182017"" class=""3click"">つづきはこちら</a>",s1,スタンダードルーム　1名利用□全室禁煙□,6474628.0,【楽天スーパーSALE】【素泊まり】○最上階の大浴殿無料○博多駅から徒歩2分 ,1,0,0,0,0,1,https://img.travel.rakuten.co.jp/image/tr/api/re/IdsCY/?f_no=182017&f_syu=s1&f_hi1=2026-06-13&f_hi2=2026-06-14&f_heya_su=1&f_otona_su=1&f_s1=0&f_s2=0&f_y1=0&f_y2=0&f_y3=0&f_y4=0&f_camp_id=6474628,0,2026-06-13,19237,19237,0,2026-06-13,fukuoka
79344,ダイワロイネットホテル博多祇園,https://img.travel.rakuten.co.jp/image/tr/api/re/pvonD/?f_no=79344,https://img.travel.rakuten.co.jp/image/tr/api/re/vFumt/?f_no=79344&f_flg=PLAN,https://img.travel.rakuten.co.jp/image/tr/api/re/WzozX/?noTomariHotel=79344,https://img.travel.rakuten.co.jp/image/tr/api/re/gJNfM/?f_hotel_no=79344,だいわろいねっとほてるはかたぎおん,地下鉄「祇園駅」より徒歩約1分の駅ちかホテル。天神・中洲屋台・キャナルシティへは徒歩圏内。ビジネス・遊びに便利。,5225,120924.68,469497.51,812-0038,福岡県,福岡市博多区祗園町1-24,092-281-3600,092-281-3601,地下鉄空港線「祇園駅」3番出口より徒歩約1分。JR「博多駅」より徒歩約8分、又は地下鉄利用で「祇園駅」下車、徒歩約1分。,"立体駐車場。収容20台。1泊（13時〜翌13時）1,800円税込。営業7時〜22時。車高1.55m迄",祇園（福岡）,https://img.travel.rakuten.co.jp/share/HOTEL/79344/79344.jpg,https://img.travel.rakuten.co.jp/HIMG/90/79344.jpg,https://img.travel.rakuten.co.jp/share/HOTEL/79344/79344_room.jpg,https://img.travel.rakuten.co.jp/HIMG/INTERIOR/79344.jpg,https://img.travel.rakuten.co.jp/share/HOTEL/79344/79344map.gif,4114.0,4.14,"地下鉄の駅のそばの立地で博多駅、キャナルシティ、天神エリアへのアクセスは良好です。お部屋も広くて清潔感があり、家族で快適に過ごすことができました。また次回も利用…　2026-06-09 20:06:16投稿 <a href=""https://img.travel.rakuten.co.jp/image/tr/api/re/gJNfM/?f_hotel_no=79344"" class=""3click"">つづきはこちら</a>",ss-01,＜喫煙＞スタンダードダブル 1名利用 18平米,6460372.0,【松江駅前】2026年8月6日開業記念プラン〜素泊り〜,1,0,0,0,0,1,https://img.travel.rakuten.co.jp/image/tr/api/re/IdsCY/?f_no=79344&f_syu=ss-01&f_hi1=2026-06-13&f_hi2=2026-06-14&f_heya_su=1&f_otona_su=1&f_s1=0&f_s2=0&f_y1=0&f_y2=0&f_y3=0&f_y4=0&f_camp_id=6460372,0,2026-06-13,19000,19000,0,2026-06-13,fukuoka
119,ホテル法華クラブ福岡,https://img.travel.rakuten.co.jp/image/tr/api/re/pvonD/?f_no=119,https://img.travel.rakuten.co.jp/image/tr/api/re/vFumt/?f_no=119&f_flg=PLAN,https://img.travel.rakuten.co.jp/image/tr/api/re/WzozX/?noTomariHotel=119,https://img.travel.rakuten.co.jp/image/tr/api/re/gJNfM/?f_hotel_no=119,ほっけくらぶ　ふくおか,ＪＲ博多駅より徒歩１０分。準天然・光明石温泉☆博美の湯☆（人工温泉）！　郷土料理が味わえる！朝食バイキング。Ｗｉ－Ｆｉ！,5000,120897.51,469502.92,812-0018,福岡県,福岡市博多区住吉3-1-90,092-271-3171,092-272-2095,ＪＲ「博多駅」【博多口】より徒歩約10分。キャナルシティへ徒歩約７分。駅前四丁目バス停より徒歩3分。,専用駐車場はございませんので、フロントにて近隣コインパーキングをご案内しております。(自動二輪含む),博多,https://img.travel.rakuten.co.jp/share/HOTEL/119/119.jpg,https://img.travel.rakuten.co.jp/HIMG/90/119.jpg,https://img.travel.rakuten.co.jp/share/HOTEL/119/119_heya1.jpg,https://img.travel.rakuten.co.jp/HIMG/INTERIOR/119.jpg,https://img.travel.rakuten.co.jp/share/HOTEL/119/119map.gif,6473.0,4.28,"ただ、同行して…　2026-06-01 11:19:45投稿 <a href=""https://img.travel.rakuten.co.jp/image/tr/api/re/gJNfM/?f_hotel_no=119"" class=""3click"">つづきはこちら</a>",scnw,☆禁煙☆別館シングル（１２０ｃｍシモンズ社ベッド・１３平米）,6479732.0,【10％OFF】【楽天スーパーSALE】準天然[人工]光明石温泉◆博美の湯◆完備〜素泊り〜,1,0,0,0,0,1,https://img.travel.rakuten.co.jp/image/tr/api/re/IdsCY/?f_no=119&f_syu=scnw&f_hi1=2026-06-13&f_hi2=2026-06-14&f_heya_su=1&f_otona_su=1&f_s1=0&f_s2=0&f_y1=0&f_y2=0&f_y3=0&f_y4=0&f_camp_id=6479732,0,2026-06-13,21600,21600,0,2026-06-13,fukuoka
184617,Ｇｒａｎｄ　Ｅｍｐｉｒｅ　Ｈｏｔｅｌ（グランドエンパイアホテル）,https://img.travel.rakuten.co.jp/image/tr/api/re/pvonD/?f_no=184617,https://img.travel.rakuten.co.jp/image/tr/api/re/vFumt/?f_no=184617&f_flg=PLAN,https://img.travel.rakuten.co.jp/image/tr/api/re/WzozX/?noTomariHotel=184617,https://img.travel.rakuten.co.jp/image/tr/api/re/gJNfM/?f_hotel_no=184617,ぐらんどえんぱいあほてる,【駐車場無料】【全室43㎡以上】【全室禁煙】上質さにこだわった空間でごゆっくりお寛ぎください。,9504,120631.04,469738.41,816-0956,福岡県,大野城市南大利2-1-23,092-596-6363,092-596-7964,JR大野城駅よりお車で５分／西鉄下大利駅よりお車で５分／太宰府I.Cよりお車で約１０分／キッザニア福岡までお車で約２５分,有り　90台　無料　★２４時間入出庫可★　※満車の場合は臨時駐車場へご案内いたします,大野城,https://img.travel.rakuten.co.jp/share/HOTEL/184617/184617.jpg,https://img.travel.rakuten.co.jp/HIMG/90/184617.jpg,,,https://img.travel.rakuten.co.jp/share/HOTEL/184617/184617map.gif,462.0,4.67,"年間、100泊位の出張族ですが、他のホテルより米が、抜群に美味しく、ここを選んで良かったなと思いました。夜は、館内のレストランで食事をしましたが、これまた当たりでし…　2026-06-09 18:13:54投稿 <a href=""https://img.travel.rakuten.co.jp/image/tr/api/re/gJNfM/?f_hotel_no=184617"" class=""3click"">つづきはこちら</a>",geh181023,エンパイアツイン,6461785.0,【5％OFF】【楽天スーパーSALE】【返金不可】【事前決済】スタンダードプラン（素泊まり）,1,0,0,0,0,2,https://img.travel.rakuten.co.jp/image/tr/api/re/IdsCY/?f_no=184617&f_syu=geh181023&f_hi1=2026-06-13&f_hi2=2026-06-14&f_heya_su=1&f_otona_su=1&f_s1=0&f_s2=0&f_y1=0&f_y2=0&f_y3=0&f_y4=0&f_camp_id=6461785,0,2026-06-13,23512,23512,0,2026-06-13,fukuoka
183058,アパホテル〈博多駅前３丁目〉,https://img.travel.rakuten.co.jp/image/tr/api/re/pvonD/?f_no=183058,https://img.travel.rakuten.co.jp/image/tr/api/re/vFumt/?f_no=183058&f_flg=PLAN,https://img.travel.rakuten.co.jp/image/tr/api/re/WzozX/?noTomariHotel=183058,https://img.travel.rakuten.co.jp/image/tr/api/re/gJNfM/?f_hotel_no=183058,あぱほてる　はかたえきまえさんちょうめ,キャナルシティや楽水園近くのホテル！アクセス良く観光に最適！,4275,120901.31,469501.6,812-0011,福岡県,福岡市博多区博多駅前3-11-6,0570-098-211,092-433-0812,博多口から徒歩８分！地下鉄七隈線「櫛田神社前駅」から徒歩６分！駅前四丁目バス停から徒歩４分！,3台　※先着案内。予約不可。,博多,https://img.travel.rakuten.co.jp/share/HOTEL/183058/183058.jpg,https://img.travel.rakuten.co.jp/HIMG/90/183058.jpg,,,https://img.travel.rakuten.co.jp/share/HOTEL/183058/183058map.gif,333.0,4.02,"クチコミの詳細はこちらから　https://review.travel.raku…　2026-06-11 07:01:20投稿 <a href=""https://img.travel.rakuten.co.jp/image/tr/api/re/gJNfM/?f_hotel_no=183058"" class=""3click"">つづきはこちら</a>",s1k,スタンダードルーム(1名利用) □ 全室禁煙 □,6471496.0,【楽天スーパーSALE】【素泊まり】博多駅(博多口)から徒歩８分！喧騒から離れた静かなエリア♪,1,0,0,0,0,1,https://img.travel.rakuten.co.jp/image/tr/api/re/IdsCY/?f_no=183058&f_syu=s1k&f_hi1=2026-06-13&f_hi2=2026-06-14&f_heya_su=1&f_otona_su=1&f_s1=0&f_s2=0&f_y1=0&f_y2=0&f_y3=0&f_y4=0&f_camp_id=6471496,0,2026-06-13,21280,21280,0,2026-06-13,fukuoka
2959,博多ターミナルホテル,https://img.travel.rakuten.co.jp/image/tr/api/re/pvonD/?f_no=2959,https://img.travel.rakuten.co.jp/image/tr/api/re/vFumt/?f_no=2959&f_flg=PLAN,https://img.travel.rakuten.co.jp/image/tr/api/re/WzozX/?noTomariHotel=2959,https://img.travel.rakuten.co.jp/image/tr/api/re/gJNfM/?f_hotel_no=2959,はかた　たーみなるほてる,★セールプランやビール付きプランなど有★ＪＲ博多駅筑紫口より徒歩2分。空気清浄機完備！,3900,120909.68,469529.59,812-0013,福岡県,福岡市博多区博多駅東2-1-26,092-474-2121,092-474-6857,ＪＲ博多駅筑紫口より徒歩２分。空港より地下鉄5分博多駅下車。福岡、大宰府インターより約15分。,契約駐車場有。入庫より24時間（出し入れ不可）１５００円。超過は３０分毎２００円。予約不可。,博多,https://img.travel.rakuten.co.jp/share/HOTEL/2959/2959.jpg,https://img.travel.rakuten.co.jp/HIMG/90/2959.jpg,https://img.travel.rakuten.co.jp/share/HOTEL/2959/2959_heya1.jpg,https://img.travel.rakuten.co.jp/HIMG/INTERIOR/2959.jpg,https://img.travel.rakuten.co.jp/share/HOTEL/2959/2959map.gif,2191.0,3.73,"クチコミの詳細はこちらから　https://review.trave…　2026-06-11 21:34:27投稿 <a href=""https://img.travel.rakuten.co.jp/image/tr/api/re/gJNfM/?f_hotel_no=2959"" class=""3click"">つづきはこちら</a>",kitus,喫煙室シングル,5874969.0,【5％OFF】【楽天スーパーSALE】☆素泊まり!ＪＲ博多駅筑紫口より徒歩２分！,1,0,0,0,0,1,https://img.travel.rakuten.co.jp/image/tr/api/re/IdsCY/?f_no=2959&f_syu=kitus&f_hi1=2026-06-13&f_hi2=2026-06-14&f_heya_su=1&f_otona_su=1&f_s1=0&f_s2=0&f_y1=0&f_y2=0&f_y3=0&f_y4=0&f_camp_id=5874969,0,2026-06-13,17600,17600,0,2026-06-13,fukuoka
179590,ホテルリファレンス博多冷泉,https://img.travel.rakuten.co.jp/image/tr/api/re/pvonD/?f_no=179590,https://img.travel.rakuten.co.jp/image/tr/api/re/vFumt/?f_no=179590&f_flg=PLAN,https://img.travel.rakuten.co.jp/image/tr/api/re/WzozX/?noTomariHotel=179590,https://img.travel.rakuten.co.jp/image/tr/api/re/gJNfM/?f_hotel_no=179590,ほてるりふぁれんすはかたれいせん,2020年4月22日開業 地下鉄祇園駅徒歩3分・JR博多駅徒歩11分　コンパクトでシンプルなビジネスホテルです。,4470,120930.23,469490.8,812-0039,福岡県,福岡市博多区冷泉町9-29,092-283-5133,092-283-5135,地下鉄祇園駅2番出口より徒歩で約3分　博多駅からも徒歩12分　福岡空港から地下鉄祇園駅までは7分,"先着順 5台　おおよそ一晩1,500円 終日25分200円 :20:00〜8:00 最大400円",祇園（福岡）,https://img.travel.rakuten.co.jp/share/HOTEL/179590/179590.jpg,https://img.travel.rakuten.co.jp/HIMG/90/179590.jpg,https://img.travel.rakuten.co.jp/share/HOTEL/179590/179590_kan1.jpg,https://img.travel.rakuten.co.jp/HIMG/INTERIOR/179590.jpg,https://img.travel.rakuten.co.jp/share/HOTEL/179590/179590map.gif,323.0,4.11,"クチコミの詳細はこちらから　https://review.travel.rakuten.co.jp/hotel/voice/179590?review…　2026-06-05 13:38:57投稿 <a href=""https://img.travel.rakuten.co.jp/image/tr/api/re/gJNfM/?f_hotel_no=179590"" class=""3click"">つづきはこちら</a>",0001,【禁煙】洋室ダブルルーム,6470677.0,【6月限定プラン】ホテルリファレンス新店舗開業1周年記念！,1,0,0,0,0,1,https://img.travel.rakuten.co.jp/image/tr/api/re/IdsCY/?f_no=179590&f_syu=0001&f_hi1=2026-06-13&f_hi2=2026-06-14&f_heya_su=1&f_otona_su=1&f_s1=0&f_s2=0&f_y1=0&f_y2=0&f_y3=0&f_y4=0&f_camp_id=6470677,0,2026-06-13,24290,24290,0,2026-06-13,fukuoka
18653,ホテルサードプレイス博多,https://img.travel.rakuten.co.jp/image/tr/api/re/pvonD/?f_no=18653,https://img.travel.rakuten.co.jp/image/tr/api/re/vFumt/?f_no=18653&f_flg=PLAN,https://img.travel.rakuten.co.jp/image/tr/api/re/WzozX/?noTomariHotel=18653,https://img.travel.rakuten.co.jp/image/tr/api/re/gJNfM/?f_hotel_no=18653,ほてるさーどぷれいすはかた,2023年4月リブランド＆別館オープン！！2023年夏 本館客室リニューアルオープン！,3313,120931.84,469523.01,812-0043,福岡県,福岡市博多区堅粕2-2-2,092-642-4563,092-642-4628,博多駅博多口から徒歩約７分,なし,博多,https://img.travel.rakuten.co.jp/share/HOTEL/18653/18653.jpg,https://img.travel.rakuten.co.jp/HIMG/90/18653.jpg,https://img.travel.rakuten.co.jp/share/HOTEL/18653/18653_r1.jpg,https://img.travel.rakuten.co.jp/HIMG/INTERIOR/18653.jpg,https://img.travel.rakuten.co.jp/share/HOTEL/18653/18653map.gif,4716.0,3.91,"外装はかなり歴史を…　2026-06-08 19:25:19投稿 <a href=""https://img.travel.rakuten.co.jp/image/tr/api/re/gJNfM/?f_hotel_no=18653"" class=""3click"">つづきはこちら</a>",sn,本館 シングル【禁煙】,6453543.0,【楽天スーパーSALE】【ベーシック／素泊り】スタイリッシュ＆快適◎コンパクトルーム,1,0,0,0,0,1,https://img.travel.rakuten.co.jp/image/tr/api/re/IdsCY/?f_no=18653&f_syu=sn&f_hi1=2026-06-13&f_hi2=2026-06-14&f_heya_su=1&f_otona_su=1&f_s1=0&f_s2=0&f_y1=0&f_y2=0&f_y3=0&f_y4=0&f_camp_id=6453543,0,2026-06-13,17296,17296,0,2026-06-13,fukuoka
8910,プレジデントホテル博多,https://img.travel.rakuten.co.jp/image/tr/api/re/pvonD/?f_no=8910,https://img.travel.rakuten.co.jp/image/tr/api/re/vFumt/?f_no=8910&f_flg=PLAN,https://img.travel.rakuten.co.jp/image/tr/api/re/WzozX/?noTomariHotel=8910,https://img.travel.rakuten.co.jp/image/tr/api/re/gJNfM/?f_hotel_no=8910,ぷれじでんとほてる　はかた,★☆2022年3月【本館】客室リニューアル！★☆／【別館】ANNEXは全室バス・トイレ別で広々30平米♪,3736,120926.0,469513.96,812-0011,福岡県,福岡市博多区博多駅前1-23-5,092-441-8811,092-441-8662,JR博多駅（博多口）徒歩6分　博多駅とホテル間無料送迎サービス（8時～20時）※博多駅到着後ホテルへご連絡下さい。,"￥1,200/1泊1台（ホテルより徒歩2分）高さ：2.1m以下／先着順（事前予約不可）",博多,https://img.travel.rakuten.co.jp/share/HOTEL/8910/8910.jpg,https://img.travel.rakuten.co.jp/HIMG/90/8910.jpg,https://img.travel.rakuten.co.jp/share/HOTEL/8910/8910_gen.jpg,https://img.travel.rakuten.co.jp/HIMG/INTERIOR/8910.jpg,https://img.travel.rakuten.co.jp/share/HOTEL/8910/8910map.gif,4345.0,4.09,"ちょっとだけ博多駅から距離がありますが周りは静かで近くにコンビニもあるので問題ありません。部屋は清潔で十分な広さなのでビジネス利用では必要十分でした。チェ…　2026-06-02 22:31:53投稿 <a href=""https://img.travel.rakuten.co.jp/image/tr/api/re/gJNfM/?f_hotel_no=8910"" class=""3click"">つづきはこちら</a>",h2509ss,【電子タバコ専用】☆シングルルーム☆,6453528.0,【楽天スーパーSALE】【ベーシック／素泊り】シンプルステイ～11時チェックアウト,1,0,0,0,0,1,https://img.travel.rakuten.co.jp/image/tr/api/re/IdsCY/?f_no=8910&f_syu=h2509ss&f_hi1=2026-06-13&f_hi2=2026-06-14&f_heya_su=1&f_otona_su=1&f_s1=0&f_s2=0&f_y1=0&f_y2=0&f_y3=0&f_y4=0&f_camp_id=6453528,0,2026-06-13,19176,19176,0,2026-06-13,fukuoka
183275,アパホテル〈博多祇園駅前〉,https://img.travel.rakuten.co.jp/image/tr/api/re/pvonD/?f_no=183275,https://img.travel.rakuten.co.jp/image/tr/api/re/vFumt/?f_no=183275&f_flg=PLAN,https://img.travel.rakuten.co.jp/image/tr/api/re/WzozX/?noTomariHotel=183275,https://img.travel.rakuten.co.jp/image/tr/api/re/gJNfM/?f_hotel_no=183275,あぱほてる　はかたぎおんえきまえ,JR「博多駅」から徒歩6分、福岡空港から乗り換えなしで地下鉄7分、マリンメッセ・PayPayドーム迄のアクセス抜群の立地,4500,120924.12,469501.98,812-0038,福岡県,福岡市博多区祇園町1-1,0570-097-011,092-281-7812,JR「博多駅」から徒歩6分、福岡空港から乗り換えなしで地下鉄7分、地下鉄空港線「祇園駅」下車5番出口から徒歩1分,無し（車椅子使用者専用駐車場有り）,祇園（福岡）,https://img.travel.rakuten.co.jp/share/HOTEL/183275/183275.jpg,https://img.travel.rakuten.co.jp/HIMG/90/183275.jpg,,,https://img.travel.rakuten.co.jp/share/HOTEL/183275/183275map.gif,518.0,4.15,"クチコミの詳細はこちらから　https://review.travel.rakuten.co.jp/hote…　2026-06-08 08:24:17投稿 <a href=""https://img.travel.rakuten.co.jp/image/tr/api/re/gJNfM/?f_hotel_no=183275"" class=""3click"">つづきはこちら</a>",s1k,スタンダードルーム（1名利用） □ 全室禁煙 □,5322703.0,【素泊まり・事前決済限定】1秒チェックインにおすすめ！,1,0,0,0,0,2,https://img.travel.rakuten.co.jp/image/tr/api/re/IdsCY/?f_no=183275&f_syu=s1k&f_hi1=2026-06-13&f_hi2=2026-06-14&f_heya_su=1&f_otona_su=1&f_s1=0&f_s2=0&f_y1=0&f_y2=0&f_y3=0&f_y4=0&f_camp_id=5322703,0,2026-06-13,20160,20160,0,2026-06-13,fukuoka
41372,西鉄ホテル　クルーム博多,https://img.travel.rakuten.co.jp/image/tr/api/re/pvonD/?f_no=41372,https://img.travel.rakuten.co.jp/image/tr/api/re/vFumt/?f_no=41372&f_flg=PLAN,https://img.travel.rakuten.co.jp/image/tr/api/re/WzozX/?noTomariHotel=41372,https://img.travel.rakuten.co.jp/image/tr/api/re/gJNfM/?f_hotel_no=41372,にしてつほてる　くるーむはかた,天然温泉・サウナ完備／博多駅すぐ隣／開放的で居心地のよいロビー空間／館内コンビニ併設,7600,120920.71,469520.4,812-0011,福岡県,福岡市博多区博多駅前一丁目１７番６号,092-413-5454,092-413-5466,ＪＲ　博多駅「博多口」より徒歩約４分    　　　地下鉄　博多駅「西４番出口」より徒歩約４分,１泊1台２，０００円（税込）14:30〜翌12：30,博多,https://img.travel.rakuten.co.jp/share/HOTEL/41372/41372.jpg,https://img.travel.rakuten.co.jp/HIMG/90/41372.jpg,https://img.travel.rakuten.co.jp/share/HOTEL/41372/41372_dai.jpg,https://img.travel.rakuten.co.jp/HIMG/INTERIOR/41372.jpg,https://img.travel.rakuten.co.jp/share/HOTEL/41372/41372map.gif,6791.0,4.27,"博多駅周辺のホテルはどこも値段が高騰していますが、その中では値段と快適さを考えるとコスパが高いホテルだと思いました。駅近も嬉しいポイントです。朝食は至って普通で次は朝食…　2026-06-12 01:23:55投稿 <a href=""https://img.travel.rakuten.co.jp/image/tr/api/re/gJNfM/?f_hotel_no=41372"" class=""3click"">つづきはこちら</a>",singles,【喫煙】シングル,6312270.0,【スタンダード】博多駅徒歩4分！癒しのサウナ付温泉大浴場☆＜素泊り＞,1,0,0,0,0,0,https://img.travel.rakuten.co.jp/image/tr/api/re/IdsCY/?f_no=41372&f_syu=singles&f_hi1=2026-06-13&f_hi2=2026-06-14&f_heya_su=1&f_otona_su=1&f_s1=0&f_s2=0&f_y1=0&f_y2=0&f_y3=0&f_y4=0&f_camp_id=6312270,0,2026-06-13,24000,24000,0,2026-06-13,fukuoka
1227,ＴＫＰサンライフホテル,https://img.travel.rakuten.co.jp/image/tr/api/re/pvonD/?f_no=1227,https://img.travel.rakuten.co.jp/image/tr/api/re/vFumt/?f_no=1227&f_flg=PLAN,https://img.travel.rakuten.co.jp/image/tr/api/re/WzozX/?noTomariHotel=1227,https://img.travel.rakuten.co.jp/image/tr/api/re/gJNfM/?f_hotel_no=1227,ＴＫＰさんらいふほてる,◆ツインをリニューアルした【スーペリアツイン】の販売を開始いたしました！ぜひこの機会にご宿泊如何ですか。,4500,120912.68,469529.91,812-0013,福岡県,福岡市博多区博多駅東1-12-3,092-473-7112,092-471-5075,JR博多駅筑紫口より徒歩2分。筑紫口（新幹線口）出て目の前！地下鉄「東6番」出口直結。,"提携【里馨パーキング（リカパーキング）】予約・出し入れ不可　24H1,500円税込　高さ等制限有",博多,https://img.travel.rakuten.co.jp/share/HOTEL/1227/1227.jpg,https://img.travel.rakuten.co.jp/HIMG/90/1227.jpg,https://img.travel.rakuten.co.jp/share/HOTEL/1227/1227_sr.jpg,https://img.travel.rakuten.co.jp/HIMG/INTERIOR/1227.jpg,https://img.travel.rakuten.co.jp/share/HOTEL/1227/1227map.gif,4501.0,3.69,"アクセスも抜群…　2026-05-31 23:43:41投稿 <a href=""https://img.travel.rakuten.co.jp/image/tr/api/re/gJNfM/?f_hotel_no=1227"" class=""3click"">つづきはこちら</a>",10nx2e,【2号館/禁煙】シングルルーム,6455531.0,【10％OFF】【楽天スーパーSALE】【直近】【素泊まり】博多駅新幹線側出口（筑紫口）徒歩2分,1,0,0,0,0,1,https://img.travel.rakuten.co.jp/image/tr/api/re/IdsCY/?f_no=1227&f_syu=10nx2e&f_hi1=2026-06-13&f_hi2=2026-06-14&f_heya_su=1&f_otona_su=1&f_s1=0&f_s2=0&f_y1=0&f_y2=0&f_y3=0&f_y4=0&f_camp_id=6455531,0,2026-06-13,17100,17100,0,2026-06-13,fukuoka
5012,天然温泉　八百治の湯　八百治博多ホテル,https://img.travel.rakuten.co.jp/image/tr/api/re/pvonD/?f_no=5012,https://img.travel.rakuten.co.jp/image/tr/api/re/vFumt/?f_no=5012&f_flg=PLAN,https://img.travel.rakuten.co.jp/image/tr/api/re/WzozX/?noTomariHotel=5012,https://img.travel.rakuten.co.jp/image/tr/api/re/gJNfM/?f_hotel_no=5012,てんねんおんせん　やおじのゆ　やおじはかたほてる,博多駅徒歩5分♪　★2019年7月天然温泉大浴場リニューアル★Wi-Fi無料＆加湿機能付空気清浄機完備♪,6450,120897.28,469511.51,812-0011,福岡県,福岡市博多区博多駅前4-9-2,092-483-5111,092-483-5123,博多駅博多口より徒歩５分（福岡空港から博多駅まで地下鉄で５分。）,"契約駐車場　1,500円（税込）/14時〜翌日14時",博多,https://img.travel.rakuten.co.jp/share/HOTEL/5012/5012.jpg,https://img.travel.rakuten.co.jp/HIMG/90/5012.jpg,https://img.travel.rakuten.co.jp/share/HOTEL/5012/5012_sgl.jpg,https://img.travel.rakuten.co.jp/HIMG/INTERIOR/5012.jpg,https://img.travel.rakuten.co.jp/share/HOTEL/5012/5012map.gif,4469.0,4.18,"クチコミの詳細はこちらから　http…　2026-06-10 23:26:10投稿 <a href=""https://img.travel.rakuten.co.jp/image/tr/api/re/gJNfM/?f_hotel_no=5012"" class=""3click"">つづきはこちら</a>",asns,シングル○禁煙ベッド幅１２０cm（１ベッド）,4432977.0,【特定日限定】☆特割プラン☆,1,0,0,0,0,1,https://img.travel.rakuten.co.jp/image/tr/api/re/IdsCY/?f_no=5012&f_syu=asns&f_hi1=2026-06-13&f_hi2=2026-06-14&f_heya_su=1&f_otona_su=1&f_s1=0&f_s2=0&f_y1=0&f_y2=0&f_y3=0&f_y4=0&f_camp_id=4432977,0,2026-06-13,19900,19900,0,2026-06-13,fukuoka
178702,アパホテル〈博多東比恵駅前〉,https://img.travel.rakuten.co.jp/image/tr/api/re/pvonD/?f_no=178702,https://img.travel.rakuten.co.jp/image/tr/api/re/vFumt/?f_no=178702&f_flg=PLAN,https://img.travel.rakuten.co.jp/image/tr/api/re/WzozX/?noTomariHotel=178702,https://img.travel.rakuten.co.jp/image/tr/api/re/gJNfM/?f_hotel_no=178702,あぱほてる〈はかたひがしひええきまえ〉,【博多駅まで1駅、福岡空港にも1駅 】福岡空港に最も近いアパホテル,3780,120910.38,469559.53,812-0007,福岡県,福岡市博多区東比恵2-16-13,092-433-6675,092-432-7251,福岡市営地下鉄空港線　東比恵駅4番出口より徒歩にて約1分（博多駅1駅、福岡空港1駅）,"3台＋車椅子使用者用1台有　1,500円/1泊（会員ランク・プランに準ずる）　予約不可　先着順",東比恵,https://img.travel.rakuten.co.jp/share/HOTEL/178702/178702.jpg,https://img.travel.rakuten.co.jp/HIMG/90/178702.jpg,,,https://img.travel.rakuten.co.jp/share/HOTEL/178702/178702map.gif,469.0,4.12,"スタ…　2026-06-10 21:09:48投稿 <a href=""https://img.travel.rakuten.co.jp/image/tr/api/re/gJNfM/?f_hotel_no=178702"" class=""3click"">つづきはこちら</a>",004,シングル 禁煙室,6459412.0,【楽天スーパーSALE】【素泊まり】地下鉄空港線「東比恵駅」より徒歩1分！福岡空港隣駅の好アクセス！,1,0,0,0,0,1,https://img.travel.rakuten.co.jp/image/tr/api/re/IdsCY/?f_no=178702&f_syu=004&f_hi1=2026-06-13&f_hi2=2026-06-14&f_heya_su=1&f_otona_su=1&f_s1=0&f_s2=0&f_y1=0&f_y2=0&f_y3=0&f_y4=0&f_camp_id=6459412,0,2026-06-13,16200,16200,0,2026-06-13,fukuoka
145396,ＨＯＴＥＬ　ＬＡ　ＦＯＲＥＳＴＡ　〜　ＢＹ　ＲＩＧＮＡ　〜（ホテル　ラ　フォレスタ）,https://img.travel.rakuten.co.jp/image/tr/api/re/pvonD/?f_no=145396,https://img.travel.rakuten.co.jp/image/tr/api/re/vFumt/?f_no=145396&f_flg=PLAN,https://img.travel.rakuten.co.jp/image/tr/api/re/WzozX/?noTomariHotel=145396,https://img.travel.rakuten.co.jp/image/tr/api/re/gJNfM/?f_hotel_no=145396,ら　ふぉれすた　ばい　りぐな,博多駅筑紫口から徒歩約2分♪博多駅・空港・天神へもアクセス抜群♪ビジネス、友人同士やファミリーに最適な3名部屋もご用意♪,3877,120920.26,469527.88,812-0013,福岡県,福岡市博多区博多駅東1-1-29,092-483-7711,092-483-7755,博多駅筑紫口(新幹線口）から徒歩2分♪福岡空港国内線から地下鉄＆徒歩で15分♪アクセス良好♪,近隣のコインパーキングをご利用下さいませ。,博多,https://img.travel.rakuten.co.jp/share/HOTEL/145396/145396.jpg,https://img.travel.rakuten.co.jp/HIMG/90/145396.jpg,,,https://img.travel.rakuten.co.jp/share/HOTEL/145396/145396map.gif,1155.0,3.91,"まずこのホテルは清潔感がとても良い。また常備してある備品は良いものを使っています。湯沸かしケトルはなんとバルミューダ!!ウェルカムコーヒーも美味しいドリップ。博多駅から徒歩3分位で便利。部屋は必要にし…　2026-06-06 18:24:54投稿 <a href=""https://img.travel.rakuten.co.jp/image/tr/api/re/gJNfM/?f_hotel_no=145396"" class=""3click"">つづきはこちら</a>",ss,【電子タバコ専用】☆シングルルーム☆,6453552.0,【楽天スーパーSALE】【シンプルステイ／素泊り】博多駅筑紫口徒歩２分の好立地♪,1,0,0,0,0,1,https://img.travel.rakuten.co.jp/image/tr/api/re/IdsCY/?f_no=145396&f_syu=ss&f_hi1=2026-06-13&f_hi2=2026-06-14&f_heya_su=1&f_otona_su=1&f_s1=0&f_s2=0&f_y1=0&f_y2=0&f_y3=0&f_y4=0&f_camp_id=6453552,0,2026-06-13,18236,18236,0,2026-06-13,fukuoka
130055,サットンホテル博多シティ,https://img.travel.rakuten.co.jp/image/tr/api/re/pvonD/?f_no=130055,https://img.travel.rakuten.co.jp/image/tr/api/re/vFumt/?f_no=130055&f_flg=PLAN,https://img.travel.rakuten.co.jp/image/tr/api/re/WzozX/?noTomariHotel=130055,https://img.travel.rakuten.co.jp/image/tr/api/re/gJNfM/?f_hotel_no=130055,さっとんほてるはかたしてぃ,全室フローリング・無料Wi-fi対応。博多駅･天神･中州･空港どこからでもアクセスが便利。,6037,120899.59,469507.04,812-0011,福岡県,福岡市博多区博多駅前3-4-8,092-433-2305,092-433-2307,ＪＲ博多駅（博多口）地下鉄 西21出口より徒歩約7分,提携駐車場、近隣にコインパーキングあり。1泊1400円（機械式、大きさ制限あり）。,博多,https://img.travel.rakuten.co.jp/share/HOTEL/130055/130055.jpg,https://img.travel.rakuten.co.jp/HIMG/90/130055.jpg,https://img.travel.rakuten.co.jp/share/HOTEL/130055/130055_kya.jpg,https://img.travel.rakuten.co.jp/HIMG/INTERIOR/130055.jpg,https://img.travel.rakuten.co.jp/share/HOTEL/130055/130055map.gif,1610.0,3.81,"一つ言うと…　2026-05-29 20:51:45投稿 <a href=""https://img.travel.rakuten.co.jp/image/tr/api/re/gJNfM/?f_hotel_no=130055"" class=""3click"">つづきはこちら</a>",stn,【禁煙】スーペリアツイン２０平米【ベッド幅１２３ｃｍ】,5919175.0,【素泊まり】　博多駅徒歩５分！バス停も近くコンサート場や会議場へ簡単アクセス!近隣コンビニ多数あり,1,0,0,0,0,1,https://img.travel.rakuten.co.jp/image/tr/api/re/IdsCY/?f_no=130055&f_syu=stn&f_hi1=2026-06-13&f_hi2=2026-06-14&f_heya_su=1&f_otona_su=1&f_s1=0&f_s2=0&f_y1=0&f_y2=0&f_y3=0&f_y4=0&f_camp_id=5919175,0,2026-06-13,28665,28665,0,2026-06-13,fukuoka
180583,ホテル・トリフィート博多祇園,https://img.travel.rakuten.co.jp/image/tr/api/re/pvonD/?f_no=180583,https://img.travel.rakuten.co.jp/image/tr/api/re/vFumt/?f_no=180583&f_flg=PLAN,https://img.travel.rakuten.co.jp/image/tr/api/re/WzozX/?noTomariHotel=180583,https://img.travel.rakuten.co.jp/image/tr/api/re/gJNfM/?f_hotel_no=180583,ほてるとりふぃーとはかたぎおん,■【大浴場】完備■地下鉄「祇園駅」徒歩5分■中洲・博多、徒歩圏内■「マリンメッセ」までバス7分■未就学児の添い寝「無料」,5670,120929.81,469487.18,812-0039,福岡県,福岡市博多区冷泉町8-24,092-283-7060,092-283-7061,■地下鉄「祇園駅」徒歩5分■西鉄バス停「奥の堂」徒歩3分■福岡空港 地下鉄利用で最短15分■マリンメッセまでバスで7分,有り（屋外/高さ制限無し）　7台　1980円（税込み/泊）　先着順（事前予約不可）,祇園（福岡）,https://img.travel.rakuten.co.jp/share/HOTEL/180583/180583.jpg,https://img.travel.rakuten.co.jp/HIMG/90/180583.jpg,,,https://img.travel.rakuten.co.jp/share/HOTEL/180583/180583map.gif,725.0,4.23,"大浴場があったので部屋のお風呂は使いませんでしたがシャワーカーテンのカ…　2026-05-31 20:20:06投稿 <a href=""https://img.travel.rakuten.co.jp/image/tr/api/re/gJNfM/?f_hotel_no=180583"" class=""3click"">つづきはこちら</a>",unv,ユニバーサルルーム 120cm幅ベッド×1台/車椅子利用可 ,6482969.0,当日限定！当館1部屋「ユニバーサルルーム」。22平米の広さに120cmベッド×1台。素泊まり,1,0,0,0,0,1,https://img.travel.rakuten.co.jp/image/tr/api/re/JlnYS/?f_no=180583&f_syu=unv&f_hi1=2026-06-13&f_hi2=2026-06-14&f_heya_su=1&f_otona_su=1&f_s1=0&f_s2=0&f_y1=0&f_y2=0&f_y3=0&f_y4=0&f_camp_id=6482969,2,2026-06-13,21420,21420,0,2026-06-13,fukuoka
2325,ホテル日航福岡,https://img.travel.rakuten.co.jp/image/tr/api/re/pvonD/?f_no=2325,https://img.travel.rakuten.co.jp/image/tr/api/re/vFumt/?f_no=2325&f_flg=PLAN,https://img.travel.rakuten.co.jp/image/tr/api/re/WzozX/?noTomariHotel=2325,https://img.travel.rakuten.co.jp/image/tr/api/re/gJNfM/?f_hotel_no=2325,にっこうふくおか,ホテル本館6階フィットネスクラブが改装工事の為2025年4月1日から2026年3月31日まで営業休止となります。,11100,120917.58,469510.07,812-0011,福岡県,福岡市博多区博多駅前2-18-25　,092-482-1111,092-482-1127,ＪＲ博多シティ(博多駅)から徒歩3分/福岡空港から地下鉄2駅(所要時間5分)※地下道で直結・P5番出口,ホテル地下駐車場◇117台◇1泊1500円(※2026年4月1日より1泊2000円に改定),博多,https://img.travel.rakuten.co.jp/share/HOTEL/2325/2325.jpg,https://img.travel.rakuten.co.jp/HIMG/90/2325.jpg,https://img.travel.rakuten.co.jp/share/HOTEL/2325/2325_kya.jpg,https://img.travel.rakuten.co.jp/HIMG/INTERIOR/2325.jpg,https://img.travel.rakuten.co.jp/share/HOTEL/2325/2325map.gif,3748.0,4.54,"博多駅から地下道通って雨でも濡れずに行けるのがとてもよいです。気持ちの良い接客、安定安心のホテルです。最近は福岡もどこも週末の価格が高騰しており、日帰りにすることが増…　2026-06-07 21:58:16投稿 <a href=""https://img.travel.rakuten.co.jp/image/tr/api/re/gJNfM/?f_hotel_no=2325"" class=""3click"">つづきはこちら</a>",t2n,【禁煙】 ツインラグジュアリー（35平米）,6347487.0,【10％OFF】【楽天スーパーSALE】6月20日まで！JR博多駅より徒歩約3分の好立地〈素泊り〉,1,0,0,0,0,1,https://img.travel.rakuten.co.jp/image/tr/api/re/IdsCY/?f_no=2325&f_syu=t2n&f_hi1=2026-06-13&f_hi2=2026-06-14&f_heya_su=1&f_otona_su=1&f_s1=0&f_s2=0&f_y1=0&f_y2=0&f_y3=0&f_y4=0&f_camp_id=6347487,0,2026-06-13,48600,48600,0,2026-06-13,fukuoka
56325,アパホテル〈博多駅前４丁目〉,https://img.travel.rakuten.co.jp/image/tr/api/re/pvonD/?f_no=56325,https://img.travel.rakuten.co.jp/image/tr/api/re/vFumt/?f_no=56325&f_flg=PLAN,https://img.travel.rakuten.co.jp/image/tr/api/re/WzozX/?noTomariHotel=56325,https://img.travel.rakuten.co.jp/image/tr/api/re/gJNfM/?f_hotel_no=56325,あぱほてる　はかたえきまえ　よんちょうめ,博多駅 徒歩4分、福岡空港 9分（地下鉄5分 徒歩4分）、天神駅 13分（バス12分 徒歩1分）,4500,120898.98,469513.14,812-0011,福岡県,福岡市博多区博多駅前4-10-15,0570-099-611,092-414-2855,博多駅 徒歩4分、福岡空港 9分（地下鉄5分 徒歩4分）、天神駅 13分（バス12分 徒歩1分）,"敷地内1,500円（15時〜翌11時）",博多,https://img.travel.rakuten.co.jp/share/HOTEL/56325/56325.jpg,https://img.travel.rakuten.co.jp/HIMG/90/56325.jpg,https://img.travel.rakuten.co.jp/share/HOTEL/56325/56325_room.jpg,https://img.travel.rakuten.co.jp/HIMG/INTERIOR/56325.jpg,https://img.travel.rakuten.co.jp/share/HOTEL/56325/56325map.gif,1702.0,4.03,"クチコミの詳細はこちらから　https://review.travel.rakuten.co.jp/hotel/voice/56325?reviewId=3…　2026-06-10 22:48:44投稿 <a href=""https://img.travel.rakuten.co.jp/image/tr/api/re/gJNfM/?f_hotel_no=56325"" class=""3click"">つづきはこちら</a>",xs1k,□□　禁煙室　□□　シングル,6470988.0,【楽天スーパーSALE】【素泊まり】「博多駅」博多口から徒歩4分！　【アパは映画もアニメも見放題】,1,0,0,0,0,1,https://img.travel.rakuten.co.jp/image/tr/api/re/IdsCY/?f_no=56325&f_syu=xs1k&f_hi1=2026-06-13&f_hi2=2026-06-14&f_heya_su=1&f_otona_su=1&f_s1=0&f_s2=0&f_y1=0&f_y2=0&f_y3=0&f_y4=0&f_camp_id=6470988,0,2026-06-13,24709,24709,0,2026-06-13,fukuoka
65439,博多天然温泉「旅人の湯」ホテルルートイン博多駅前　－博多口－,https://img.travel.rakuten.co.jp/image/tr/api/re/pvonD/?f_no=65439,https://img.travel.rakuten.co.jp/image/tr/api/re/vFumt/?f_no=65439&f_flg=PLAN,https://img.travel.rakuten.co.jp/image/tr/api/re/WzozX/?noTomariHotel=65439,https://img.travel.rakuten.co.jp/image/tr/api/re/gJNfM/?f_hotel_no=65439,はかたてんねんおんせん  たびびとのゆ　ほてるるーといんはかたえきまえ　はかたぐち,ＷＯＷＯＷ全室で無料視聴可！◆天然温泉大浴場・朝食無料◆加湿空気清浄機・LAN回線・wi-fi・ルームシアター全室完備◆,7075,120917.65,469516.19,812-0011,福岡県,福岡市博多区博多駅前1-1-20,092-477-8885,092-477-8989,JR博多駅より徒歩3分(博多口右のバスターミナル前)／福岡空港より地下鉄約10分／福岡都市高速呉服町ランプより車で約５分,《先着順でのご案内》　1500円（税込）／泊　　26台（普通車6台、ハイルーフ対応20台）　　,博多,https://img.travel.rakuten.co.jp/share/HOTEL/65439/65439.jpg,https://img.travel.rakuten.co.jp/HIMG/90/65439.jpg,,,https://img.travel.rakuten.co.jp/share/HOTEL/65439/65439map.gif,3185.0,3.91,"雨でしたがほとんど濡れずにたどり着けました。ただエレベーターやエスカレーターなど高齢の両親を連れて歩くにはちょっと分かりづらかったです…　2026-06-07 16:15:00投稿 <a href=""https://img.travel.rakuten.co.jp/image/tr/api/re/gJNfM/?f_hotel_no=65439"" class=""3click"">つづきはこちら</a>",s,---◆喫煙◆ シングルルーム☆---,5095433.0,レイトチェックインお得プラン 22時IN〜翌朝10時まで〜朝食付,1,0,0,1,0,1,https://img.travel.rakuten.co.jp/image/tr/api/re/IdsCY/?f_no=65439&f_syu=s&f_hi1=2026-06-13&f_hi2=2026-06-14&f_heya_su=1&f_otona_su=1&f_s1=0&f_s2=0&f_y1=0&f_y2=0&f_y3=0&f_y4=0&f_camp_id=5095433,0,2026-06-13,16200,16200,0,2026-06-13,fukuoka
18517,ドッとあ〜るホテルＨＡＫＡＴＡ,https://img.travel.rakuten.co.jp/image/tr/api/re/pvonD/?f_no=18517,https://img.travel.rakuten.co.jp/image/tr/api/re/vFumt/?f_no=18517&f_flg=PLAN,https://img.travel.rakuten.co.jp/image/tr/api/re/WzozX/?noTomariHotel=18517,https://img.travel.rakuten.co.jp/image/tr/api/re/gJNfM/?f_hotel_no=18517,どっとあ〜るほてるはかた,喫煙ルーム・禁煙ルームを完備。フロア別だから安心してご利用いただけます♪,4600,120898.3,469534.67,812-0016,福岡県,福岡市博多区博多駅南1-4-6,092-432-1211,092-432-1600,JR博多駅：筑紫口より徒歩7分。福岡空港：地下鉄・福岡空港駅から地下鉄・博多駅まで約5分。福岡空港からタクシーで約25分,※駐車場予約は電話のみ内線②、1台有/1泊1000円(15時〜翌朝10時)長さ・幅制限有※バイク不可,博多,https://img.travel.rakuten.co.jp/share/HOTEL/18517/18517.jpg,https://img.travel.rakuten.co.jp/HIMG/90/18517.jpg,https://img.travel.rakuten.co.jp/share/HOTEL/18517/18517_s.jpg,https://img.travel.rakuten.co.jp/HIMG/INTERIOR/18517.jpg,https://img.travel.rakuten.co.jp/share/HOTEL/18517/18517map.gif,3076.0,4.0,"クチコミの詳細はこちらから…　2026-06-08 19:11:04投稿 <a href=""https://img.travel.rakuten.co.jp/image/tr/api/re/gJNfM/?f_hotel_no=18517"" class=""3click"">つづきはこちら</a>",single,■喫煙■シングル（セミダブル：幅120cm/WiFi接続可）,4953289.0,もらって嬉しい！【QUOカード＜1000円＞付プラン】,1,0,0,0,0,1,https://img.travel.rakuten.co.jp/image/tr/api/re/IdsCY/?f_no=18517&f_syu=single&f_hi1=2026-06-13&f_hi2=2026-06-14&f_heya_su=1&f_otona_su=1&f_s1=0&f_s2=0&f_y1=0&f_y2=0&f_y3=0&f_y4=0&f_camp_id=4953289,0,2026-06-13,17900,17900,0,2026-06-13,fukuoka
70283,ｔｈｅ　ｂ　博多（ザビー　はかた）,https://img.travel.rakuten.co.jp/image/tr/api/re/pvonD/?f_no=70283,https://img.travel.rakuten.co.jp/image/tr/api/re/vFumt/?f_no=70283&f_flg=PLAN,https://img.travel.rakuten.co.jp/image/tr/api/re/WzozX/?noTomariHotel=70283,https://img.travel.rakuten.co.jp/image/tr/api/re/gJNfM/?f_hotel_no=70283,ざびーはかた, ドーナツなどの軽食「トッテッテ」＆コーヒー無料☆朝食は地元の食材を使った和洋ブッフェをご用意！,5016,120901.23,469531.47,812-0016,福岡県,福岡市博多区博多駅南1-3-9,092-415-3333,092-483-1555,JR「博多駅」筑紫口・地下鉄「博多駅」東5出口より徒歩4分。福岡空港より地下鉄博多駅まで約5分,"駐車場3台有 完全予約制 1泊1,500円。電話予約のみ承ります。必ず事前にお電話ください。",博多,https://img.travel.rakuten.co.jp/share/HOTEL/70283/70283.jpg,https://img.travel.rakuten.co.jp/HIMG/90/70283.jpg,https://img.travel.rakuten.co.jp/share/HOTEL/70283/70283_si.jpg,https://img.travel.rakuten.co.jp/HIMG/INTERIOR/70283.jpg,https://img.travel.rakuten.co.jp/share/HOTEL/70283/70283map.gif,2598.0,3.96,"クチコミの詳細はこちらから　https://review.travel.rakuten.co.jp/hotel/voice/70283?reviewId…　2026-06-10 13:11:29投稿 <a href=""https://img.travel.rakuten.co.jp/image/tr/api/re/gJNfM/?f_hotel_no=70283"" class=""3click"">つづきはこちら</a>",ns1,シングル【禁煙】（15平米・140cm幅ベッド）,4916885.0,【返金不可割引】【素泊まり】予定が決まっている方におすすめ！急な出張やおでかけにも◇直前予約OK！,1,0,0,0,0,2,https://img.travel.rakuten.co.jp/image/tr/api/re/IdsCY/?f_no=70283&f_syu=ns1&f_hi1=2026-06-13&f_hi2=2026-06-14&f_heya_su=1&f_otona_su=1&f_s1=0&f_s2=0&f_y1=0&f_y2=0&f_y3=0&f_y4=0&f_camp_id=4916885,0,2026-06-13,24225,24225,0,2026-06-13,fukuoka
76358,ホテル博多プレイス,https://img.travel.rakuten.co.jp/image/tr/api/re/pvonD/?f_no=76358,https://img.travel.rakuten.co.jp/image/tr/api/re/vFumt/?f_no=76358&f_flg=PLAN,https://img.travel.rakuten.co.jp/image/tr/api/re/WzozX/?noTomariHotel=76358,https://img.travel.rakuten.co.jp/image/tr/api/re/gJNfM/?f_hotel_no=76358,ほてるはかたぷれいす,■博多の『我が家』で過ごすひととき。全室バストイレ独立、一部ミニキッチン付の広々客室（25㎡）,3000,120954.35,469454.09,812-0021,福岡県,福岡市博多区築港本町3-16,092-404-7770,092-404-7774,■博多駅よりバス15分■天神、中洲川端駅より徒歩17分■福岡空港よりタクシー15分■ベイサイドプレイス博多まで徒歩5分,1泊1200円。ご予約制の為事前にご連絡をお願い致します。駐車前にフロントにお立寄りください。,呉服町（福岡）,https://img.travel.rakuten.co.jp/share/HOTEL/76358/76358.jpg,https://img.travel.rakuten.co.jp/HIMG/90/76358.jpg,https://img.travel.rakuten.co.jp/share/HOTEL/76358/76358_kya.jpg,https://img.travel.rakuten.co.jp/HIMG/INTERIOR/76358.jpg,https://img.travel.rakuten.co.jp/share/HOTEL/76358/76358map.gif,1740.0,4.32,"クチコミの詳細はこちらから　https://review.tr…　2026-06-10 14:08:36投稿 <a href=""https://img.travel.rakuten.co.jp/image/tr/api/re/gJNfM/?f_hotel_no=76358"" class=""3click"">つづきはこちら</a>",two1,【喫煙】【ベッド幅95×2】ツインルーム25平米：1名利用,2691744.0,【ポイント10％】【SimpleStay】■泊まって貯まる、楽天ポイント10倍増量プラン♪,10,0,0,0,0,1,https://img.travel.rakuten.co.jp/image/tr/api/re/IdsCY/?f_no=76358&f_syu=two1&f_hi1=2026-06-13&f_hi2=2026-06-14&f_heya_su=1&f_otona_su=1&f_s1=0&f_s2=0&f_y1=0&f_y2=0&f_y3=0&f_y4=0&f_camp_id=2691744,0,2026-06-13,27500,27500,0,2026-06-13,fukuoka
170,ＦＯＲＺＡ　ホテルフォルツァ博多駅筑紫口Ⅰ,https://img.travel.rakuten.co.jp/image/tr/api/re/pvonD/?f_no=170,https://img.travel.rakuten.co.jp/image/tr/api/re/vFumt/?f_no=170&f_flg=PLAN,https://img.travel.rakuten.co.jp/image/tr/api/re/WzozX/?noTomariHotel=170,https://img.travel.rakuten.co.jp/image/tr/api/re/gJNfM/?f_hotel_no=170,ほてるふぉるつぁはかたえきちくしぐち１,人気のツインルームは全室バストイレ別！レストラン街やコンビニもすぐ目の前★JR博多駅新幹線側出口(筑紫口)より徒歩1分♪,5600,120916.1,469527.52,812-0012,福岡県,福岡市博多区博多駅中央街4-16 ,092-473-7111,092-473-7108,JR博多駅新幹線側出口(筑紫口)より徒歩1分★福岡空港より地下鉄博多駅まで約5分★,当ホテルには専用駐車場のご用意がなく、また提携駐車場もございません。 ,博多,https://img.travel.rakuten.co.jp/share/HOTEL/170/170.jpg,https://img.travel.rakuten.co.jp/HIMG/90/170.jpg,https://img.travel.rakuten.co.jp/share/HOTEL/170/170_ro.jpg,https://img.travel.rakuten.co.jp/HIMG/INTERIOR/170.jpg,https://img.travel.rakuten.co.jp/share/HOTEL/170/170map.gif,3477.0,4.15,"博多駅筑紫口の目の前で、新幹線や在来線を利用するなら、ここのホテルと決めています。お風呂が綺麗で我が家も同じようにしたいくらいでした。食事は駅近なので、困る事は…　2026-06-02 18:34:48投稿 <a href=""https://img.travel.rakuten.co.jp/image/tr/api/re/gJNfM/?f_hotel_no=170"" class=""3click"">つづきはこちら</a>",sp1,【贅沢なクイーンベッドの部屋】スーペリアダブルルーム1名利用,6148619.0,【得割★駅近ステイプラン】全室禁煙/素泊り　博多駅新幹線側出口 徒歩1分！,1,0,0,0,0,1,https://img.travel.rakuten.co.jp/image/tr/api/re/IdsCY/?f_no=170&f_syu=sp1&f_hi1=2026-06-13&f_hi2=2026-06-14&f_heya_su=1&f_otona_su=1&f_s1=0&f_s2=0&f_y1=0&f_y2=0&f_y3=0&f_y4=0&f_camp_id=6148619,0,2026-06-13,26400,26400,0,2026-06-13,fukuoka
178967,ホテルフロント・イン福岡空港,https://img.travel.rakuten.co.jp/image/tr/api/re/pvonD/?f_no=178967,https://img.travel.rakuten.co.jp/image/tr/api/re/vFumt/?f_no=178967&f_flg=PLAN,https://img.travel.rakuten.co.jp/image/tr/api/re/WzozX/?noTomariHotel=178967,https://img.travel.rakuten.co.jp/image/tr/api/re/gJNfM/?f_hotel_no=178967,ふろんといんふくおかくうこう,福岡空港や博多の森陸上競技場に隣接しビジネス・観光・イベントの拠点に最適なホテルです。博多・中洲・天神へのアクセスも抜群,7260,120956.0,469638.78,811‐2205,福岡県,糟屋郡志免町別府2-18-1,092-624-6688,092-624-6677,地下鉄　福岡空港駅より徒歩にて約12分,有り　32台　1泊１区画800円（※2tロング以上は１区画1600円）　要予約,福岡空港,https://img.travel.rakuten.co.jp/share/HOTEL/178967/178967.jpg,https://img.travel.rakuten.co.jp/HIMG/90/178967.jpg,,,https://img.travel.rakuten.co.jp/share/HOTEL/178967/178967map.gif,672.0,4.11,"クチコミの詳細はこちらから　https://review.travel.raku…　2026-06-07 23:27:31投稿 <a href=""https://img.travel.rakuten.co.jp/image/tr/api/re/gJNfM/?f_hotel_no=178967"" class=""3click"">つづきはこちら</a>",ladies,レディースフロアシングル（女性専用※男性宿泊不可）,4891430.0,【福岡空港ご利用の方におすすめ】素泊りプラン,1,0,0,0,0,2,https://img.travel.rakuten.co.jp/image/tr/api/re/IdsCY/?f_no=178967&f_syu=ladies&f_hi1=2026-06-13&f_hi2=2026-06-14&f_heya_su=1&f_otona_su=1&f_s1=0&f_s2=0&f_y1=0&f_y2=0&f_y3=0&f_y4=0&f_camp_id=4891430,0,2026-06-13,17940,17940,0,2026-06-13,fukuoka
55452,アコードホテル,https://img.travel.rakuten.co.jp/image/tr/api/re/pvonD/?f_no=55452,https://img.travel.rakuten.co.jp/image/tr/api/re/vFumt/?f_no=55452&f_flg=PLAN,https://img.travel.rakuten.co.jp/image/tr/api/re/WzozX/?noTomariHotel=55452,https://img.travel.rakuten.co.jp/image/tr/api/re/gJNfM/?f_hotel_no=55452,あこーどほてる,★博多駅から車で無料送迎♪（22時迄）★＋９％ポイント対象★博多駅徒歩8分★wifi完備★,3250,120902.32,469502.29,812-0011,福岡県,福岡市博多区博多駅前3-11-20,092-434-1850,092-434-1889,博多駅から徒歩８分（駅から車で無料送迎（15時～22時迄）★キャナルシティ徒歩5分/九州一の繁華街「中洲」徒歩10分,※駐車場はありません。周辺のコインパーキングをご利用下さい。（割引サービスなどはありません）,博多,https://img.travel.rakuten.co.jp/share/HOTEL/55452/55452.jpg,https://img.travel.rakuten.co.jp/HIMG/90/55452.jpg,https://img.travel.rakuten.co.jp/share/HOTEL/55452/55452_wa.jpg,https://img.travel.rakuten.co.jp/HIMG/INTERIOR/55452.jpg,https://img.travel.rakuten.co.jp/share/HOTEL/55452/55452map.gif,1236.0,3.82,"博多駅から十分なる徒歩圏内ではありますが、1つ、2つ…　2026-06-11 12:43:06投稿 <a href=""https://img.travel.rakuten.co.jp/image/tr/api/re/gJNfM/?f_hotel_no=55452"" class=""3click"">つづきはこちら</a>",s,喫煙 シングル,3592604.0,素泊まりプラン,1,0,0,0,0,1,https://img.travel.rakuten.co.jp/image/tr/api/re/IdsCY/?f_no=55452&f_syu=s&f_hi1=2026-06-13&f_hi2=2026-06-14&f_heya_su=1&f_otona_su=1&f_s1=0&f_s2=0&f_y1=0&f_y2=0&f_y3=0&f_y4=0&f_camp_id=3592604,0,2026-06-13,15800,15800,0,2026-06-13,fukuoka
9686,アイビーホテル筑紫野,https://img.travel.rakuten.co.jp/image/tr/api/re/pvonD/?f_no=9686,https://img.travel.rakuten.co.jp/image/tr/api/re/vFumt/?f_no=9686&f_flg=PLAN,https://img.travel.rakuten.co.jp/image/tr/api/re/WzozX/?noTomariHotel=9686,https://img.travel.rakuten.co.jp/image/tr/api/re/gJNfM/?f_hotel_no=9686,あいびーほてる　つくしの,二日市温泉源泉かけ流し大浴場完備。出張や観光にご利用ください ！,4375,120558.05,469862.35,818-0058,福岡県,筑紫野市湯町1-14-3,092-920-2130,092-922-2490,ＪＲ二日市駅西口より徒歩約6分。西鉄二日市駅より車で約10分。高速筑紫野バス停より徒歩約5分。駐車場無料,有り　３０台　他、近隣1カ所徒歩約5分２０台,二日市,https://img.travel.rakuten.co.jp/share/HOTEL/9686/9686.jpg,https://img.travel.rakuten.co.jp/HIMG/90/9686.jpg,https://img.travel.rakuten.co.jp/share/HOTEL/9686/9686_sgl.jpg,https://img.travel.rakuten.co.jp/HIMG/INTERIOR/9686.jpg,https://img.travel.rakuten.co.jp/share/HOTEL/9686/9686map.gif,727.0,4.06,"しかし夜の利用時間が終わるのが早く、外で食事を終えてから遅…　2026-06-07 19:06:44投稿 <a href=""https://img.travel.rakuten.co.jp/image/tr/api/re/gJNfM/?f_hotel_no=9686"" class=""3click"">つづきはこちら</a>",j,温泉付き和洋室（禁煙室）,4980522.0,スタンダードプラン（食事なし）★到着時間の連絡不要★,1,0,0,0,0,1,https://img.travel.rakuten.co.jp/image/tr/api/re/IdsCY/?f_no=9686&f_syu=j&f_hi1=2026-06-13&f_hi2=2026-06-14&f_heya_su=1&f_otona_su=1&f_s1=0&f_s2=0&f_y1=0&f_y2=0&f_y3=0&f_y4=0&f_camp_id=4980522,0,2026-06-13,35200,35200,0,2026-06-13,fukuoka
173092,ダイワロイネットホテル博多冷泉　ＰＲＥＭＩＥＲ,https://img.travel.rakuten.co.jp/image/tr/api/re/pvonD/?f_no=173092,https://img.travel.rakuten.co.jp/image/tr/api/re/vFumt/?f_no=173092&f_flg=PLAN,https://img.travel.rakuten.co.jp/image/tr/api/re/WzozX/?noTomariHotel=173092,https://img.travel.rakuten.co.jp/image/tr/api/re/gJNfM/?f_hotel_no=173092,だいわろいねっとほてるはかたれいせん　ぷれみあ,2025年4月朝食リニューアル♪ReFaルームあり★全室21㎡以上バス・トイレ別セミセパレート,5818,120923.83,469492.72,812-0039,福岡県,福岡市博多区冷泉町2-7,092-409-4755,092-409-4756,福岡空港から地下鉄祇園駅まで7分。祇園駅2番出口徒歩約3分。櫛田神社前駅徒歩約５分。,"敷地内立体駐車場。7時〜21時の入庫にて先着順。1泊2,000円",祇園（福岡）,https://img.travel.rakuten.co.jp/share/HOTEL/173092/173092.jpg,https://img.travel.rakuten.co.jp/HIMG/90/173092.jpg,https://img.travel.rakuten.co.jp/share/HOTEL/173092/173092_kan1.jpg,https://img.travel.rakuten.co.jp/HIMG/INTERIOR/173092.jpg,https://img.travel.rakuten.co.jp/share/HOTEL/173092/173092map.gif,615.0,4.4,"お部屋の広さ奇麗さはやっぱりダイワロイネットホテル…　2026-06-01 13:45:53投稿 <a href=""https://img.travel.rakuten.co.jp/image/tr/api/re/gJNfM/?f_hotel_no=173092"" class=""3click"">つづきはこちら</a>",sds1,【喫煙】スタンダードダブルルーム1名様利用,6454956.0,【楽天スーパーSALE】【素泊まり】シンプルステイプラン,1,0,0,0,0,1,https://img.travel.rakuten.co.jp/image/tr/api/re/IdsCY/?f_no=173092&f_syu=sds1&f_hi1=2026-06-13&f_hi2=2026-06-14&f_heya_su=1&f_otona_su=1&f_s1=0&f_s2=0&f_y1=0&f_y2=0&f_y3=0&f_y4=0&f_camp_id=6454956,0,2026-06-13,34200,34200,0,2026-06-13,fukuoka
172876,ＴＨＥ　ＢＬＯＳＳＯＭ　ＨＡＫＡＴＡ　Ｐｒｅｍｉｅｒ（ザ　ブラッサム博多プレミア）,https://img.travel.rakuten.co.jp/image/tr/api/re/pvonD/?f_no=172876,https://img.travel.rakuten.co.jp/image/tr/api/re/vFumt/?f_no=172876&f_flg=PLAN,https://img.travel.rakuten.co.jp/image/tr/api/re/WzozX/?noTomariHotel=172876,https://img.travel.rakuten.co.jp/image/tr/api/re/gJNfM/?f_hotel_no=172876,ざ　ぶらっさむ　はかた　ぷれみあ,～博多の粋、最高のおもてなし～この街に、脈々と受け継がれる美意識を極めたホテル,12060,120912.84,469498.88,812-0011,福岡県,福岡市博多区博多駅前2丁目8番12号,092-431-8702,092-431-8712,JR博多駅「博多口」より徒歩7分、福岡市地下鉄櫛田神社駅より徒歩5分、「キャナルシティー博多」より徒歩2分,ご宿泊者専用駐車場がございます(先着順・予約不可)  詳細は公式ホームページをご確認ください,博多,https://img.travel.rakuten.co.jp/share/HOTEL/172876/172876.jpg,https://img.travel.rakuten.co.jp/HIMG/90/172876.jpg,https://img.travel.rakuten.co.jp/share/HOTEL/172876/172876_kan1.jpg,https://img.travel.rakuten.co.jp/HIMG/INTERIOR/172876.jpg,https://img.travel.rakuten.co.jp/share/HOTEL/172876/172876map.gif,384.0,4.61,"また泊まりたいです…　2026-05-22 21:03:39投稿 <a href=""https://img.travel.rakuten.co.jp/image/tr/api/re/gJNfM/?f_hotel_no=172876"" class=""3click"">つづきはこちら</a>",ndm1,＜禁煙＞モデレートダブル 1名 ※バスタブなし,5876153.0,【10％OFF】【楽天スーパーSALE】博多駅や中州が徒歩圏内〜食の都『博多』を満喫〜(食事なし),1,0,0,0,0,1,https://img.travel.rakuten.co.jp/image/tr/api/re/IdsCY/?f_no=172876&f_syu=ndm1&f_hi1=2026-06-13&f_hi2=2026-06-14&f_heya_su=1&f_otona_su=1&f_s1=0&f_s2=0&f_y1=0&f_y2=0&f_y3=0&f_y4=0&f_camp_id=5876153,0,2026-06-13,49500,49500,0,2026-06-13,fukuoka
176895,ホテルハルロット福岡博多,https://img.travel.rakuten.co.jp/image/tr/api/re/pvonD/?f_no=176895,https://img.travel.rakuten.co.jp/image/tr/api/re/vFumt/?f_no=176895&f_flg=PLAN,https://img.travel.rakuten.co.jp/image/tr/api/re/WzozX/?noTomariHotel=176895,https://img.travel.rakuten.co.jp/image/tr/api/re/gJNfM/?f_hotel_no=176895,はるろっとふくおかはかた,得旅キャンペーン参加中★楽天アワード3年連続受賞★ 開業4周年記念！全室シモンズ社製ベッド導入！wi-fi無料！,3696,120904.12,469538.93,812-0013,福岡県,福岡市博多区博多駅東2-9-10,092-475-8533,092-475-8101,２０１９年１０月２５日新築開業！博多駅筑紫口（新幹線口）より徒歩にて約6分、福岡空港・天神・福岡ドームまで地下鉄１本,無し：周辺コインパーキングをご利用ください（多数あり）,博多,https://img.travel.rakuten.co.jp/share/HOTEL/176895/176895.jpg,https://img.travel.rakuten.co.jp/HIMG/90/176895.jpg,,,https://img.travel.rakuten.co.jp/share/HOTEL/176895/176895map.gif,552.0,3.76,"入口横に冷蔵庫、壁備え付けテレビが角ギリギリに配置されて…　2026-05-27 21:43:53投稿 <a href=""https://img.travel.rakuten.co.jp/image/tr/api/re/gJNfM/?f_hotel_no=176895"" class=""3click"">つづきはこちら</a>",double2,シモンズベッド｜セミダブルベッドルーム（ベッド幅125cm）,4564602.0,【楽天アワード3年連続受賞＆開業6周年記念プラン】JR博多駅徒歩6分！立地抜群！Wi-Fi無料！,1,0,0,0,0,1,https://img.travel.rakuten.co.jp/image/tr/api/re/IdsCY/?f_no=176895&f_syu=double2&f_hi1=2026-06-13&f_hi2=2026-06-14&f_heya_su=1&f_otona_su=1&f_s1=0&f_s2=0&f_y1=0&f_y2=0&f_y3=0&f_y4=0&f_camp_id=4564602,0,2026-06-13,21450,21450,0,2026-06-13,fukuoka
167057,ホテルＷＢＦグランデ博多,https://img.travel.rakuten.co.jp/image/tr/api/re/pvonD/?f_no=167057,https://img.travel.rakuten.co.jp/image/tr/api/re/vFumt/?f_no=167057&f_flg=PLAN,https://img.travel.rakuten.co.jp/image/tr/api/re/WzozX/?noTomariHotel=167057,https://img.travel.rakuten.co.jp/image/tr/api/re/gJNfM/?f_hotel_no=167057,ほてるだぶりゅーびーえふぐらんではかた,朝からカットステーキ食べ放題の朝食ビュッフェ！■大浴場完備■博多駅まで徒歩10分,5652,120894.12,469540.41,812-0016,福岡県,福岡市博多区博多駅南2-2-5,092-452-4123,092-452-4124,西鉄バス博多駅筑紫口より駅東三丁目下車 徒歩1分　博多駅筑紫口（新幹線口）より徒歩 約10分　福岡空港より車で約10分,"立体駐車場有 1泊1,500円 15時〜翌11時 高さ1.55m、横幅1.75m迄　先着順・予約不可",博多,https://img.travel.rakuten.co.jp/share/HOTEL/167057/167057.jpg,https://img.travel.rakuten.co.jp/HIMG/90/167057.jpg,,,https://img.travel.rakuten.co.jp/share/HOTEL/167057/167057map.gif,743.0,3.62,"…　2026-05-27 12:00:33投稿 <a href=""https://img.travel.rakuten.co.jp/image/tr/api/re/gJNfM/?f_hotel_no=167057"" class=""3click"">つづきはこちら</a>",sdn,【禁煙室】客室露天風呂付スーペリアダブルルーム,6475650.0,【楽天スーパーSALE】【スタンダードプラン】 観光・出張に便利な博多エリア！（素泊まり）,1,0,0,0,0,1,https://img.travel.rakuten.co.jp/image/tr/api/re/IdsCY/?f_no=167057&f_syu=sdn&f_hi1=2026-06-13&f_hi2=2026-06-14&f_heya_su=1&f_otona_su=1&f_s1=0&f_s2=0&f_y1=0&f_y2=0&f_y3=0&f_y4=0&f_camp_id=6475650,0,2026-06-13,28642,28642,0,2026-06-13,fukuoka
130158,天然温泉　袖湊の湯　ドーミーインＰＲＥＭＩＵＭ博多・キャナルシティ前（ドーミーイン・野乃　グループ）,https://img.travel.rakuten.co.jp/image/tr/api/re/pvonD/?f_no=130158,https://img.travel.rakuten.co.jp/image/tr/api/re/vFumt/?f_no=130158&f_flg=PLAN,https://img.travel.rakuten.co.jp/image/tr/api/re/WzozX/?noTomariHotel=130158,https://img.travel.rakuten.co.jp/image/tr/api/re/gJNfM/?f_hotel_no=130158,てんねんおんせん　そでみなとのゆ　どーみーいんぷれみあむはかた・きゃなるしてぃまえ,★全室スマートテレビ導入★キャナルシティ近く、櫛田神社駅目の前の好立地！自慢の大浴場＆サウナで免疫力を高めよう！,8000,120914.42,469492.64,812-0038,福岡県,福岡市博多区祇園町9-1,092-272-5489,092-282-6670,■ＪＲ博多駅博多口より徒歩10分　■地下鉄櫛田神社前駅7番出口より徒歩1分,先着順・1泊2000円・高さ2ｍ 車幅：1.85ｍ ※サイズ内でも形状により入庫不可の場合有,中洲川端,https://img.travel.rakuten.co.jp/share/HOTEL/130158/130158.jpg,https://img.travel.rakuten.co.jp/HIMG/90/130158.jpg,https://img.travel.rakuten.co.jp/share/HOTEL/130158/130158_bth.jpg,https://img.travel.rakuten.co.jp/HIMG/INTERIOR/130158.jpg,https://img.travel.rakuten.co.jp/share/HOTEL/130158/130158map.gif,1602.0,4.46,"また利用したいと…　2026-06-09 06:59:48投稿 <a href=""https://img.travel.rakuten.co.jp/image/tr/api/re/gJNfM/?f_hotel_no=130158"" class=""3click"">つづきはこちら</a>",dn,◇禁煙ダブルルーム◇２階に男女別天然温泉大浴場サウナ完備！,5721422.0,【5％OFF】【楽天スーパーSALE】 ロングステイ◆素泊り◆15時イン〜13時アウト22時間ステイ,1,0,0,0,0,1,https://img.travel.rakuten.co.jp/image/tr/api/re/IdsCY/?f_no=130158&f_syu=dn&f_hi1=2026-06-13&f_hi2=2026-06-14&f_heya_su=1&f_otona_su=1&f_s1=0&f_s2=0&f_y1=0&f_y2=0&f_y3=0&f_y4=0&f_camp_id=5721422,0,2026-06-13,42750,42750,0,2026-06-13,fukuoka
76922,博多東急ＲＥＩホテル,https://img.travel.rakuten.co.jp/image/tr/api/re/pvonD/?f_no=76922,https://img.travel.rakuten.co.jp/image/tr/api/re/vFumt/?f_no=76922&f_flg=PLAN,https://img.travel.rakuten.co.jp/image/tr/api/re/WzozX/?noTomariHotel=76922,https://img.travel.rakuten.co.jp/image/tr/api/re/gJNfM/?f_hotel_no=76922,はかたとうきゅうＲＥＩ,【ご宿泊プラン楽天ポイント２倍対象施設】更に現地で楽天ポイントカードをご提示で楽天ポイント加算,6640,120919.21,469514.04,812-0011,福岡県,福岡市博多区博多駅前1-2-23,092-451-0109,092-451-0188,博多駅「博多口」より徒歩にて約3分/福岡市営地下鉄 博多駅「西6」番出口より徒歩約1分,"先着順12台　1泊1,500円　普通車（幅2.05m×長さ5m×高さ1.55m以内）",博多,https://img.travel.rakuten.co.jp/share/HOTEL/76922/76922.jpg,https://img.travel.rakuten.co.jp/HIMG/90/76922.jpg,https://img.travel.rakuten.co.jp/share/HOTEL/76922/76922_room.jpg,https://img.travel.rakuten.co.jp/HIMG/INTERIOR/76922.jpg,https://img.travel.rakuten.co.jp/share/HOTEL/76922/76922map.gif,3402.0,4.18,"クチコミの詳細はこちらから　https://review.trave…　2026-06-09 16:01:55投稿 <a href=""https://img.travel.rakuten.co.jp/image/tr/api/re/gJNfM/?f_hotel_no=76922"" class=""3click"">つづきはこちら</a>",tba21_2,ツイン　シャワーブース＜喫煙＞,6457124.0,【楽天スーパーSALE】博多駅より徒歩3分好立地！ビジネス・イベントやコンサートにおすすめ【朝食付】,1,0,0,1,0,1,https://img.travel.rakuten.co.jp/image/tr/api/re/IdsCY/?f_no=76922&f_syu=tba21_2&f_hi1=2026-06-13&f_hi2=2026-06-14&f_heya_su=1&f_otona_su=1&f_s1=0&f_s2=0&f_y1=0&f_y2=0&f_y3=0&f_y4=0&f_camp_id=6457124,0,2026-06-13,40755,40755,0,2026-06-13,fukuoka
160902,スマイルホテル博多駅前,https://img.travel.rakuten.co.jp/image/tr/api/re/pvonD/?f_no=160902,https://img.travel.rakuten.co.jp/image/tr/api/re/vFumt/?f_no=160902&f_flg=PLAN,https://img.travel.rakuten.co.jp/image/tr/api/re/WzozX/?noTomariHotel=160902,https://img.travel.rakuten.co.jp/image/tr/api/re/gJNfM/?f_hotel_no=160902,すまいるほてるはかたえきまえ,博多駅から徒歩４分の好立地！お仕事、観光の後は綺麗なお部屋でごゆっくりお過ごしください♪,4800,120905.23,469508.92,812-0011,福岡県,福岡市博多区博多駅前3-8-18,092-431-1500,092-431-1470,ＪＲ　博多駅博多口より徒歩にて約４分,無し。 ※( 近隣に、コインパーキングおよび一般有料駐車場あり ) バイク、自転車不可。,博多,https://img.travel.rakuten.co.jp/share/HOTEL/160902/160902.jpg,https://img.travel.rakuten.co.jp/HIMG/90/160902.jpg,https://img.travel.rakuten.co.jp/share/HOTEL/160902/160902_kan1.jpg,https://img.travel.rakuten.co.jp/HIMG/INTERIOR/160902.jpg,https://img.travel.rakuten.co.jp/share/HOTEL/160902/160902map.gif,784.0,4.02,"ク…　2026-04-05 23:17:14投稿 <a href=""https://img.travel.rakuten.co.jp/image/tr/api/re/gJNfM/?f_hotel_no=160902"" class=""3click"">つづきはこちら</a>",sn,シングルルーム◆禁煙◆,3904462.0,【直前までご予約OK】スマイル バリューステイプラン（素泊まり）,1,0,0,0,0,1,https://img.travel.rakuten.co.jp/image/tr/api/re/IdsCY/?f_no=160902&f_syu=sn&f_hi1=2026-06-13&f_hi2=2026-06-14&f_heya_su=1&f_otona_su=1&f_s1=0&f_s2=0&f_y1=0&f_y2=0&f_y3=0&f_y4=0&f_camp_id=3904462,0,2026-06-13,21000,21000,0,2026-06-13,fukuoka
172227,ヴィアイン博多口駅前（ＪＲ西日本グループ）,https://img.travel.rakuten.co.jp/image/tr/api/re/pvonD/?f_no=172227,https://img.travel.rakuten.co.jp/image/tr/api/re/vFumt/?f_no=172227&f_flg=PLAN,https://img.travel.rakuten.co.jp/image/tr/api/re/WzozX/?noTomariHotel=172227,https://img.travel.rakuten.co.jp/image/tr/api/re/gJNfM/?f_hotel_no=172227,ヴぃあいんはかたぐちえきまえ,★楽天トラベルブロンズアワード２０２０受賞★ 博多駅「博多口」より徒歩約３分の好立地 / 全室禁煙でクリーンな客室,4630,120915.03,469508.53,812-0011,福岡県,福岡市博多区博多駅前2丁目17番11号,092-452-5489,092-452-5490,JR各線・新幹線・地下鉄「博多駅」博多口より徒歩約３分　／　福岡空港より地下鉄空港線にて２駅５分「博多駅」下車,"【事前予約制・電話受付のみ】計５台(2,000円/１泊)　入庫不可車種・満車時は近隣駐車場へご案内",博多,https://img.travel.rakuten.co.jp/share/HOTEL/172227/172227.jpg,https://img.travel.rakuten.co.jp/HIMG/90/172227.jpg,https://img.travel.rakuten.co.jp/share/HOTEL/172227/172227_kan1.jpg,https://img.travel.rakuten.co.jp/HIMG/INTERIOR/172227.jpg,https://img.travel.rakuten.co.jp/share/HOTEL/172227/172227map.gif,717.0,3.67,"チェックイン開始と同時に部屋に入ったのですが、天気の良し悪しも分からず、若干息苦しさ…　2026-05-22 23:29:29投稿 <a href=""https://img.travel.rakuten.co.jp/image/tr/api/re/gJNfM/?f_hotel_no=172227"" class=""3click"">つづきはこちら</a>",roh,【全室禁煙】部屋タイプはホテルにおまかせ・1名利用,5586790.0,【シークレットプラン】部屋タイプはホテルにおまかせ！【食事なし】,1,0,0,0,0,1,https://img.travel.rakuten.co.jp/image/tr/api/re/IdsCY/?f_no=172227&f_syu=roh&f_hi1=2026-06-13&f_hi2=2026-06-14&f_heya_su=1&f_otona_su=1&f_s1=0&f_s2=0&f_y1=0&f_y2=0&f_y3=0&f_y4=0&f_camp_id=5586790,0,2026-06-13,24380,24380,0,2026-06-13,fukuoka
183042,アパホテル〈博多駅前２丁目〉,https://img.travel.rakuten.co.jp/image/tr/api/re/pvonD/?f_no=183042,https://img.travel.rakuten.co.jp/image/tr/api/re/vFumt/?f_no=183042&f_flg=PLAN,https://img.travel.rakuten.co.jp/image/tr/api/re/WzozX/?noTomariHotel=183042,https://img.travel.rakuten.co.jp/image/tr/api/re/gJNfM/?f_hotel_no=183042,あぱほてる　はかたえきまえにちょうめ,博多駅まで徒歩5分！駅チカ！ファミリーや女性にも人気！福岡空港、PayPayドームやマリンメッセまで乗換なし,4500,120917.67,469505.33,812-0011,福岡県,福岡市博多区博多駅前2-11-12,0570-097-311,092-433-2012,JR「博多駅」博多口から徒歩5分 /福岡空港、地下鉄空港線「祇園駅」まで乗換なし、地下鉄七隈線「櫛田神社前」から徒歩4分,無し　※提携先なし　※近隣のコインパーキングをご利用ください。,博多,https://img.travel.rakuten.co.jp/share/HOTEL/183042/183042.jpg,https://img.travel.rakuten.co.jp/HIMG/90/183042.jpg,,,https://img.travel.rakuten.co.jp/share/HOTEL/183042/183042map.gif,268.0,4.05,"ビジネスホテルだと通常どこでも置いてると思います…　2026-06-10 16:44:50投稿 <a href=""https://img.travel.rakuten.co.jp/image/tr/api/re/gJNfM/?f_hotel_no=183042"" class=""3click"">つづきはこちら</a>",s1k,スタンダードルーム　1名利用　□全室禁煙□,5229139.0,【素泊まり・事前決済限定】1秒チェックインにおすすめ！,1,0,0,0,0,2,https://img.travel.rakuten.co.jp/image/tr/api/re/IdsCY/?f_no=183042&f_syu=s1k&f_hi1=2026-06-13&f_hi2=2026-06-14&f_heya_su=1&f_otona_su=1&f_s1=0&f_s2=0&f_y1=0&f_y2=0&f_y3=0&f_y4=0&f_camp_id=5229139,0,2026-06-13,22410,22410,0,2026-06-13,fukuoka
130113,ザ　ロイヤルパークホテル　福岡,https://img.travel.rakuten.co.jp/image/tr/api/re/pvonD/?f_no=130113,https://img.travel.rakuten.co.jp/image/tr/api/re/vFumt/?f_no=130113&f_flg=PLAN,https://img.travel.rakuten.co.jp/image/tr/api/re/WzozX/?noTomariHotel=130113,https://img.travel.rakuten.co.jp/image/tr/api/re/gJNfM/?f_hotel_no=130113,ざ　ろいやるぱーくほてる　ふくおか,◆博多駅・キャナルシティ博多まで徒歩約5分◆ビジネスや観光の拠点として好立地◆ツインルーム以上は洗い場付き浴室！,7350,120913.83,469505.07,812-0011,福岡県,福岡市博多区博多駅前2-14-15,092-414-1111,092-414-1121,新幹線・ＪＲ線・市営地下鉄「博多駅」（博多口）より徒歩約5分,"提携駐車場あり(入庫から17時間まで2,000円)、徒歩約3分",博多,https://img.travel.rakuten.co.jp/share/HOTEL/130113/130113.jpg,https://img.travel.rakuten.co.jp/HIMG/90/130113.jpg,https://img.travel.rakuten.co.jp/share/HOTEL/130113/130113_kya.jpg,https://img.travel.rakuten.co.jp/HIMG/INTERIOR/130113.jpg,https://img.travel.rakuten.co.jp/share/HOTEL/130113/130113map.gif,1607.0,4.25,"クチコミの詳細はこちらから　https://review.travel.rakuten.co.jp/hotel/voice/130…　2026-06-11 09:32:00投稿 <a href=""https://img.travel.rakuten.co.jp/image/tr/api/re/gJNfM/?f_hotel_no=130113"" class=""3click"">つづきはこちら</a>",stdn,【禁煙】スタンダードツイン,6456151.0,【楽天スーパーSALE】博多駅より徒歩約5分！（素泊まり）,1,0,0,0,0,1,https://img.travel.rakuten.co.jp/image/tr/api/re/IdsCY/?f_no=130113&f_syu=stdn&f_hi1=2026-06-13&f_hi2=2026-06-14&f_heya_su=1&f_otona_su=1&f_s1=0&f_s2=0&f_y1=0&f_y2=0&f_y3=0&f_y4=0&f_camp_id=6456151,0,2026-06-13,45000,45000,0,2026-06-13,fukuoka
29211,コンフォートホテル博多,https://img.travel.rakuten.co.jp/image/tr/api/re/pvonD/?f_no=29211,https://img.travel.rakuten.co.jp/image/tr/api/re/vFumt/?f_no=29211&f_flg=PLAN,https://img.travel.rakuten.co.jp/image/tr/api/re/WzozX/?noTomariHotel=29211,https://img.travel.rakuten.co.jp/image/tr/api/re/gJNfM/?f_hotel_no=29211,こんふぉーとほてる　はかた,日替わりスムージーが人気★無料朝食サービスがイチオシのコスパ最強ホテル◆博多駅西8出口徒歩1分◆小学6年生まで添い寝無料,5650,120915.44,469513.14,812-0011,福岡県,福岡市博多区博多駅前2-1-1,092-431-1211,092-431-8015,新幹線・JR在来線・地下鉄博多駅 博多口から徒歩１分◆福岡空港から地下鉄で約６分◆天神から地下鉄で約１５分◆,"提携駐車場2,000円/泊（入庫から17時間）※高さ制限2.1ｍ◆フロントにて清算、駐車券必要",博多,https://img.travel.rakuten.co.jp/share/HOTEL/29211/29211.jpg,https://img.travel.rakuten.co.jp/HIMG/90/29211.jpg,https://img.travel.rakuten.co.jp/share/HOTEL/29211/29211_s.jpg,https://img.travel.rakuten.co.jp/HIMG/INTERIOR/29211.jpg,https://img.travel.rakuten.co.jp/share/HOTEL/29211/29211map.gif,9511.0,3.59,"…　2026-06-11 07:38:16投稿 <a href=""https://img.travel.rakuten.co.jp/image/tr/api/re/gJNfM/?f_hotel_no=29211"" class=""3click"">つづきはこちら</a>",nss,１ベッド◆シングルスタンダード◆ ＜禁煙＞,4591629.0,※【 変動料金 】 Flexible rate◆朝食無料サービス◆,1,0,0,1,0,1,https://img.travel.rakuten.co.jp/image/tr/api/re/IdsCY/?f_no=29211&f_syu=nss&f_hi1=2026-06-13&f_hi2=2026-06-14&f_heya_su=1&f_otona_su=1&f_s1=0&f_s2=0&f_y1=0&f_y2=0&f_y3=0&f_y4=0&f_camp_id=4591629,0,2026-06-13,26000,26000,0,2026-06-13,fukuoka
345,ＡＮＡクラウンプラザホテル福岡　ｂｙ　ＩＨＧ,https://img.travel.rakuten.co.jp/image/tr/api/re/pvonD/?f_no=345,https://img.travel.rakuten.co.jp/image/tr/api/re/vFumt/?f_no=345&f_flg=PLAN,https://img.travel.rakuten.co.jp/image/tr/api/re/WzozX/?noTomariHotel=345,https://img.travel.rakuten.co.jp/image/tr/api/re/gJNfM/?f_hotel_no=345,えーえぬえー　クラウンプラザホテルフクオカ,福岡でのビジネス、観光の拠点として、安心で快適なラグジュアリー空間をご提供し、博多のコトを最もよく知るホテルのひとつです,9500,120902.68,469512.25,812-0011,福岡県,福岡市博多区博多駅前3-3-3,092-471-7111,092-471-1109,■ＪＲ博多駅【博多口】より徒歩約5分　■福岡空港国内線ターミナルより車で約15分,"地下に屋内駐車場あり（98台）　1泊1,600円（高さ制限2M・先着順・ 24時間入出庫可）",博多,https://img.travel.rakuten.co.jp/share/HOTEL/345/345.jpg,https://img.travel.rakuten.co.jp/HIMG/90/345.jpg,https://img.travel.rakuten.co.jp/share/HOTEL/345/345_room.jpg,https://img.travel.rakuten.co.jp/HIMG/INTERIOR/345.jpg,https://img.travel.rakuten.co.jp/share/HOTEL/345/345map.gif,2380.0,4.37,"クラブラウンジでは子供たちも楽しめる様なケーキやフルーツが並んでいて移動の疲れを癒してくれました。駅までも近く、ラーメン屋も近くにあり観光に適していると思います。…　2026-06-02 19:35:24投稿 <a href=""https://img.travel.rakuten.co.jp/image/tr/api/re/gJNfM/?f_hotel_no=345"" class=""3click"">つづきはこちら</a>",osin,スタンダードシングルルーム【禁煙】15平米,976530.0,◆Daily Price◆日にち変動型の基本プラン　〜素泊まり〜　JR博多駅博多口より徒歩約5分,1,0,0,0,0,1,https://img.travel.rakuten.co.jp/image/tr/api/re/IdsCY/?f_no=345&f_syu=osin&f_hi1=2026-06-13&f_hi2=2026-06-14&f_heya_su=1&f_otona_su=1&f_s1=0&f_s2=0&f_y1=0&f_y2=0&f_y3=0&f_y4=0&f_camp_id=976530,0,2026-06-13,45200,45200,0,2026-06-13,fukuoka
54234,東横ＩＮＮ博多駅前祇園,https://img.travel.rakuten.co.jp/image/tr/api/re/pvonD/?f_no=54234,https://img.travel.rakuten.co.jp/image/tr/api/re/vFumt/?f_no=54234&f_flg=PLAN,https://img.travel.rakuten.co.jp/image/tr/api/re/WzozX/?noTomariHotel=54234,https://img.travel.rakuten.co.jp/image/tr/api/re/gJNfM/?f_hotel_no=54234,とうよこいんはかたえきまえぎおん,旧博多市街まで徒歩5分の立地で出発を応援！朝食・小学生以下添い寝無料で安心空間を提供いたします,5933,120925.04,469501.08,812-0038,福岡県,福岡市博多区祇園町1-38,092-281-1045,092-281-1046,ＪＲ博多駅より徒歩７分／福岡空港から市営地下鉄「祇園駅」６番出口（エレベーター）より徒歩０分！空港からはほぼ直結♪,有り　3台のみ　１，０００円（税込み／泊）　要予約,祇園（福岡）,https://img.travel.rakuten.co.jp/share/HOTEL/54234/54234.jpg,https://img.travel.rakuten.co.jp/HIMG/90/54234.jpg,https://img.travel.rakuten.co.jp/share/HOTEL/54234/54234_k.jpg,https://img.travel.rakuten.co.jp/HIMG/INTERIOR/54234.jpg,https://img.travel.rakuten.co.jp/share/HOTEL/54234/54234map.gif,669.0,3.91,"部屋や設備はやはり東横INNさんなので…　2026-06-10 09:04:27投稿 <a href=""https://img.travel.rakuten.co.jp/image/tr/api/re/gJNfM/?f_hotel_no=54234"" class=""3click"">つづきはこちら</a>",0sb,喫煙シングル,2707137.0,★【無料の元気朝食付】いつでも安心価格♪ビジネス・レジャーに！ 喫煙シングル,1,0,0,1,0,1,https://img.travel.rakuten.co.jp/image/tr/api/re/IdsCY/?f_no=54234&f_syu=0sb&f_hi1=2026-06-13&f_hi2=2026-06-14&f_heya_su=1&f_otona_su=1&f_s1=0&f_s2=0&f_y1=0&f_y2=0&f_y3=0&f_y4=0&f_camp_id=2707137,0,2026-06-13,13530,13530,0,2026-06-13,fukuoka
180283,Ｔｈｅ３５８　ＳＯＲＡ,https://img.travel.rakuten.co.jp/image/tr/api/re/pvonD/?f_no=180283,https://img.travel.rakuten.co.jp/image/tr/api/re/vFumt/?f_no=180283&f_flg=PLAN,https://img.travel.rakuten.co.jp/image/tr/api/re/WzozX/?noTomariHotel=180283,https://img.travel.rakuten.co.jp/image/tr/api/re/gJNfM/?f_hotel_no=180283,ざ３５８　そら,2020年11月にオープン！展望大浴場、駐車場が無料でご利用いただけます！,7524,121192.34,469499.77,813-0017,福岡県,福岡市東区香椎照葉6-6-5,092-665-1616,092-665-1617,千早駅、アイランドアイ(ホテル隣接商業施設)間で無料送迎バス運行中。福岡市都市高速『アイランドシティ出口』から車で約1分,"アイランド アイ施設駐車場をご利用いただけます。【一般車両：無料】【大型車：3,850円】",,https://img.travel.rakuten.co.jp/share/HOTEL/180283/180283.jpg,https://img.travel.rakuten.co.jp/HIMG/90/180283.jpg,,,https://img.travel.rakuten.co.jp/share/HOTEL/180283/180283map.gif,1369.0,4.57,"クチコミの詳細はこちらから　https://review.travel.ra…　2026-06-11 09:00:52投稿 <a href=""https://img.travel.rakuten.co.jp/image/tr/api/re/gJNfM/?f_hotel_no=180283"" class=""3click"">つづきはこちら</a>",sso,スカイスイート・アウトビューバス,5560862.0,【レイトチェックイン】【素泊まり】少し遅めのチェックインでお得にワンランク上のお部屋体験！,1,0,0,0,0,2,https://img.travel.rakuten.co.jp/image/tr/api/re/IdsCY/?f_no=180283&f_syu=sso&f_hi1=2026-06-13&f_hi2=2026-06-14&f_heya_su=1&f_otona_su=1&f_s1=0&f_s2=0&f_y1=0&f_y2=0&f_y3=0&f_y4=0&f_camp_id=5560862,0,2026-06-13,90288,90288,0,2026-06-13,fukuoka
177538,ＴＨＥ　ＨＯＴＥＬＳ　ＨＡＫＡＴＡ　ＫＡＳＡＮＥ　ＢＡＹＳＩＤＥ,https://img.travel.rakuten.co.jp/image/tr/api/re/pvonD/?f_no=177538,https://img.travel.rakuten.co.jp/image/tr/api/re/vFumt/?f_no=177538&f_flg=PLAN,https://img.travel.rakuten.co.jp/image/tr/api/re/WzozX/?noTomariHotel=177538,https://img.travel.rakuten.co.jp/image/tr/api/re/gJNfM/?f_hotel_no=177538,ざ　ほてるず　はかた　かさね　べいさいど,【全室禁煙・空気清浄機完備】マリンメッセや国際センターなどのコンサート・イベント会場がすぐそこ！【軽朝食無料】,4000,120952.87,469452.23,812-0021,福岡県,福岡市博多区築港本町4-16,092-271-1171,092-271-3723,JR博多駅よりバス約15分・地下鉄中洲川端駅より徒歩約15分・築港本町バス停より徒歩1分,"最大3台 1台1,100円（泊/税込）高さ制限2メートル ※先着順のため予約は承っておりません",中洲川端,https://img.travel.rakuten.co.jp/share/HOTEL/177538/177538.jpg,https://img.travel.rakuten.co.jp/HIMG/90/177538.jpg,,,https://img.travel.rakuten.co.jp/share/HOTEL/177538/177538map.gif,176.0,4.05,"国際会議場での仕事のために利用しました。小さなスペースをうまく使っており、連泊しましたが過ごしやすかったです。よく冷凍食品オンパレードの朝食が多い中で、和食御膳のようなものを比較的ゆったりしてスペース…　2026-05-30 17:05:15投稿 <a href=""https://img.travel.rakuten.co.jp/image/tr/api/re/gJNfM/?f_hotel_no=177538"" class=""3click"">つづきはこちら</a>",d,【禁煙】スタンダードダブルルーム,4573715.0,【直前予約割引プラン】＜楽天限定＞直前でのご予約がお得〜朝食無料サービス実施中〜,4,0,0,1,0,1,https://img.travel.rakuten.co.jp/image/tr/api/re/IdsCY/?f_no=177538&f_syu=d&f_hi1=2026-06-13&f_hi2=2026-06-14&f_heya_su=1&f_otona_su=1&f_s1=0&f_s2=0&f_y1=0&f_y2=0&f_y3=0&f_y4=0&f_camp_id=4573715,0,2026-06-13,17800,17800,0,2026-06-13,fukuoka
7649,南福岡グリーンホテル,https://img.travel.rakuten.co.jp/image/tr/api/re/pvonD/?f_no=7649,https://img.travel.rakuten.co.jp/image/tr/api/re/vFumt/?f_no=7649&f_flg=PLAN,https://img.travel.rakuten.co.jp/image/tr/api/re/WzozX/?noTomariHotel=7649,https://img.travel.rakuten.co.jp/image/tr/api/re/gJNfM/?f_hotel_no=7649,みなみふくおか　ぐりーんほてる,JR南福岡駅より徒歩2分、西鉄雑餉隈駅より徒歩7分。両駅とも徒歩圏内で交通アクセス良好。全室無線LAN、空気清浄器完備。,3600,120744.18,469670.99,812-0884,福岡県,福岡市博多区寿町3-5-13,092-593-0007,092-592-5355,博多駅から三つ目のＪＲ南福岡駅から徒歩2分　西鉄雑餉隈駅から徒歩7分　福岡空港から車で20分,60台収容。14時〜翌11時迄は出し入れ可。（高さ制限2m）,南福岡,https://img.travel.rakuten.co.jp/share/HOTEL/7649/7649.jpg,https://img.travel.rakuten.co.jp/HIMG/90/7649.jpg,https://img.travel.rakuten.co.jp/share/HOTEL/7649/7649_lob.jpg,https://img.travel.rakuten.co.jp/HIMG/INTERIOR/7649.jpg,https://img.travel.rakuten.co.jp/share/HOTEL/7649/7649map.gif,937.0,3.72,"クチコミの詳細はこちらから　https://review.travel.rakuten.co.jp/hotel…　2026-06-05 06:01:35投稿 <a href=""https://img.travel.rakuten.co.jp/image/tr/api/re/gJNfM/?f_hotel_no=7649"" class=""3click"">つづきはこちら</a>",s-smo,シングル（喫煙）,5603319.0,【事前カード決済限定】素泊まり宿泊プラン_GH★別棟無料温泉施設,1,0,0,0,0,2,https://img.travel.rakuten.co.jp/image/tr/api/re/IdsCY/?f_no=7649&f_syu=s-smo&f_hi1=2026-06-13&f_hi2=2026-06-14&f_heya_su=1&f_otona_su=1&f_s1=0&f_s2=0&f_y1=0&f_y2=0&f_y3=0&f_y4=0&f_camp_id=5603319,0,2026-06-13,15700,15700,0,2026-06-13,fukuoka
184444,プリンス　スマート　イン　博多,https://img.travel.rakuten.co.jp/image/tr/api/re/pvonD/?f_no=184444,https://img.travel.rakuten.co.jp/image/tr/api/re/vFumt/?f_no=184444&f_flg=PLAN,https://img.travel.rakuten.co.jp/image/tr/api/re/WzozX/?noTomariHotel=184444,https://img.travel.rakuten.co.jp/image/tr/api/re/gJNfM/?f_hotel_no=184444,ぷりんすすまーといんはかた,【2022年10月13日開業】JR博多駅・博多口より徒歩約5分。新幹線・福岡空港からアクセス便利！観光や出張の拠点に。,5761,120906.64,469505.24,812-0011,福岡県,福岡市博多区博多駅前三丁目21番４号,050-3117-8027,092-482-3111,JR博多駅・博多口より徒歩約5分。新幹線・福岡空港からアクセス便利！観光にもビジネスにもおすすめです。,"1泊 1,300円　※先着順 ※お支払いはご宿泊日当日クレジットカードでのご精算",博多,https://img.travel.rakuten.co.jp/share/HOTEL/184444/184444.jpg,https://img.travel.rakuten.co.jp/HIMG/90/184444.jpg,,,https://img.travel.rakuten.co.jp/share/HOTEL/184444/184444map.gif,107.0,3.87,"クチコミの詳細はこちらから　https://review.travel.rakuten.co.jp/hot…　2026-06-05 23:15:29投稿 <a href=""https://img.travel.rakuten.co.jp/image/tr/api/re/gJNfM/?f_hotel_no=184444"" class=""3click"">つづきはこちら</a>",roh,【禁煙】お部屋タイプ指定なし,6122741.0,【お部屋タイプおまかせ】 無料朝食付き,1,0,0,0,0,2,https://img.travel.rakuten.co.jp/image/tr/api/re/IdsCY/?f_no=184444&f_syu=roh&f_hi1=2026-06-13&f_hi2=2026-06-14&f_heya_su=1&f_otona_su=1&f_s1=0&f_s2=0&f_y1=0&f_y2=0&f_y3=0&f_y4=0&f_camp_id=6122741,0,2026-06-13,31338,31338,0,2026-06-13,fukuoka
11028,ウィークリーイン二日市,https://img.travel.rakuten.co.jp/image/tr/api/re/pvonD/?f_no=11028,https://img.travel.rakuten.co.jp/image/tr/api/re/vFumt/?f_no=11028&f_flg=PLAN,https://img.travel.rakuten.co.jp/image/tr/api/re/WzozX/?noTomariHotel=11028,https://img.travel.rakuten.co.jp/image/tr/api/re/gJNfM/?f_hotel_no=11028,うぃーくりーいん　ふつかいち,☆全浴室リニューアル♪　特急停車駅のJR二日市より徒歩3分。 リーズナブルに１泊からご利用可能です,5800,120576.21,469872.38,818-0051,福岡県,筑紫野市二日市中央２丁目４番１８号,092-929-3696,092-922-1831,JR二日市より徒歩約3分／西鉄二日市より徒歩約７分,先着順　必ず直接電話でお問い合わせ下さい。問い合わせない場合は駐車不可。空車有れば1泊700円,二日市,https://img.travel.rakuten.co.jp/share/HOTEL/11028/11028.jpg,https://img.travel.rakuten.co.jp/HIMG/90/11028.jpg,https://img.travel.rakuten.co.jp/share/HOTEL/11028/11028_sig.jpg,https://img.travel.rakuten.co.jp/HIMG/INTERIOR/11028.jpg,https://img.travel.rakuten.co.jp/share/HOTEL/11028/11028map.gif,392.0,4.04,"JR二日市駅から歩いてすぐです。ワンルームマンションの様なつくりでちょっとびっくりしましたが、部屋にミニキッチンがついてたし、お風呂が洗い場と浴槽が別で…　2026-05-22 17:41:45投稿 <a href=""https://img.travel.rakuten.co.jp/image/tr/api/re/gJNfM/?f_hotel_no=11028"" class=""3click"">つづきはこちら</a>",sp,禁煙シングル・広さ２０平米（素泊まり）,4890703.0,駅近徒歩2分　☆全浴室リニューアル　素泊まりプラン20㎡(1泊から)☆個別空調,1,0,0,0,0,1,https://img.travel.rakuten.co.jp/image/tr/api/re/IdsCY/?f_no=11028&f_syu=sp&f_hi1=2026-06-13&f_hi2=2026-06-14&f_heya_su=1&f_otona_su=1&f_s1=0&f_s2=0&f_y1=0&f_y2=0&f_y3=0&f_y4=0&f_camp_id=4890703,0,2026-06-13,9800,9800,1,2026-06-13,fukuoka
172316,三井ガーデンホテル福岡祇園,https://img.travel.rakuten.co.jp/image/tr/api/re/pvonD/?f_no=172316,https://img.travel.rakuten.co.jp/image/tr/api/re/vFumt/?f_no=172316&f_flg=PLAN,https://img.travel.rakuten.co.jp/image/tr/api/re/WzozX/?noTomariHotel=172316,https://img.travel.rakuten.co.jp/image/tr/api/re/gJNfM/?f_hotel_no=172316,みついがーでんほてるふくおかぎおん,博多に育まれた文化が香る、上質な設え。非日常へといざなう最上階大浴場の露天風呂でおくつろぎください。,10158,120914.67,469497.32,812-0011,福岡県,福岡市博多区博多駅前2-8-15,092-414-3131,092-414-3101,ＪＲ　博多駅　博多口より徒歩にて約７分,有り　２８台　２，０００円（税込み／泊）　先着順 　車両制限あり。詳細は公式HPをご覧ください。,博多,https://img.travel.rakuten.co.jp/share/HOTEL/172316/172316.jpg,https://img.travel.rakuten.co.jp/HIMG/90/172316.jpg,,,https://img.travel.rakuten.co.jp/share/HOTEL/172316/172316map.gif,676.0,4.53,"多くの方におすす…　2026-05-16 13:12:09投稿 <a href=""https://img.travel.rakuten.co.jp/image/tr/api/re/gJNfM/?f_hotel_no=172316"" class=""3click"">つづきはこちら</a>",stdd2,スタンダードダブル　【禁煙】,6468902.0,【楽天スーパーSALE】ベーシックプラン  ＜素泊り＞ ,1,0,0,0,0,1,https://img.travel.rakuten.co.jp/image/tr/api/re/IdsCY/?f_no=172316&f_syu=stdd2&f_hi1=2026-06-13&f_hi2=2026-06-14&f_heya_su=1&f_otona_su=1&f_s1=0&f_s2=0&f_y1=0&f_y2=0&f_y3=0&f_y4=0&f_camp_id=6468902,0,2026-06-13,46305,46305,0,2026-06-13,fukuoka
182516,ホテルジャパネスク福岡,https://img.travel.rakuten.co.jp/image/tr/api/re/pvonD/?f_no=182516,https://img.travel.rakuten.co.jp/image/tr/api/re/vFumt/?f_no=182516&f_flg=PLAN,,https://img.travel.rakuten.co.jp/image/tr/api/re/gJNfM/?f_hotel_no=182516,ほてるじゃぱねすくふくおか,サウナ、プール、カラオケ、会議室有！バストラックSUV敷地内駐車場有！アメニティバー充実,3960,121041.93,469526.88,812-0053,福岡県,福岡市東区箱崎6-18-12,092-645-2080,092-643-1001,"福岡空港駅よりお車にて約12分／博多駅よりお車にて約14分／駐車場約23台分完備（事前予約不可・1泊1,100円）","駐車場約40台分完備1泊1,100円、 大型車,トラック、バス1日3,300円",福岡空港,https://img.travel.rakuten.co.jp/share/HOTEL/182516/182516.jpg,https://img.travel.rakuten.co.jp/HIMG/90/182516.jpg,,,https://img.travel.rakuten.co.jp/share/HOTEL/182516/182516map.gif,268.0,3.64,"大浴場はなく、…　2026-06-11 22:44:33投稿 <a href=""https://img.travel.rakuten.co.jp/image/tr/api/re/gJNfM/?f_hotel_no=182516"" class=""3click"">つづきはこちら</a>",003,モデレートツインルーム,5909639.0,【素泊り】Wベッド、ソファベッド完備★サウナプール無料・全室バルコニー、大型車チェックアウト11時,1,0,0,0,0,1,https://img.travel.rakuten.co.jp/image/tr/api/re/IdsCY/?f_no=182516&f_syu=003&f_hi1=2026-06-13&f_hi2=2026-06-14&f_heya_su=1&f_otona_su=1&f_s1=0&f_s2=0&f_y1=0&f_y2=0&f_y3=0&f_y4=0&f_camp_id=5909639,0,2026-06-13,43000,43000,0,2026-06-13,fukuoka
140977,ＪＲ九州ホテル　ブラッサム博多中央,https://img.travel.rakuten.co.jp/image/tr/api/re/pvonD/?f_no=140977,https://img.travel.rakuten.co.jp/image/tr/api/re/vFumt/?f_no=140977&f_flg=PLAN,https://img.travel.rakuten.co.jp/image/tr/api/re/WzozX/?noTomariHotel=140977,https://img.travel.rakuten.co.jp/image/tr/api/re/gJNfM/?f_hotel_no=140977,じぇいあーるきゅうしゅうほてるぶらっさむはかたちゅうおう,ＪＲ博多駅博多口から一番近いホテル♪12歳まで添い寝無料！,10070,120911.77,469513.38,812-0011,福岡県,福岡市博多区博多駅前2-2-11,092-477-8739,092-477-8789,JR博多駅博多口より徒歩２分,提携駐車場　２０００円／１７時間。17時間を超える場合、200円／20分。,博多,https://img.travel.rakuten.co.jp/share/HOTEL/140977/140977.jpg,https://img.travel.rakuten.co.jp/HIMG/90/140977.jpg,https://img.travel.rakuten.co.jp/share/HOTEL/140977/140977_kya.jpg,https://img.travel.rakuten.co.jp/HIMG/INTERIOR/140977.jpg,https://img.travel.rakuten.co.jp/share/HOTEL/140977/140977map.gif,1397.0,4.09,"チェックインの時に他のお客さんが周りにいるのに部屋番号をデカい声で言うのはどうなんでしょう?(…　2026-06-07 19:49:01投稿 <a href=""https://img.travel.rakuten.co.jp/image/tr/api/re/gJNfM/?f_hotel_no=140977"" class=""3click"">つづきはこちら</a>",ndy1,◇禁煙◇スタンダードダブル 1名,5810924.0,【スタンダード】博多駅博多口から徒歩2分！女性でも安心なセキュリティ（食事なし）,1,0,0,0,0,1,https://img.travel.rakuten.co.jp/image/tr/api/re/IdsCY/?f_no=140977&f_syu=ndy1&f_hi1=2026-06-13&f_hi2=2026-06-14&f_heya_su=1&f_otona_su=1&f_s1=0&f_s2=0&f_y1=0&f_y2=0&f_y3=0&f_y4=0&f_camp_id=5810924,0,2026-06-13,41800,41800,0,2026-06-13,fukuoka
199007,スマートプレイスイン博多祇園,https://img.travel.rakuten.co.jp/image/tr/api/re/pvonD/?f_no=199007,https://img.travel.rakuten.co.jp/image/tr/api/re/vFumt/?f_no=199007&f_flg=PLAN,https://img.travel.rakuten.co.jp/image/tr/api/re/WzozX/?noTomariHotel=199007,https://img.travel.rakuten.co.jp/image/tr/api/re/gJNfM/?f_hotel_no=199007,すまーとぷれいすいんはかたぎおん,「祇園駅」徒歩4分、福岡中心部にあり抜群のアクセス。観光・ビジネスの活動拠点に。未就学児の添い寝無料。,1816,120926.11,469490.45,812-0039,福岡県,福岡市博多区冷泉町6-5-1,03-6721-5963,092-402-4374,福岡空港から福岡市営空港線で７分、祇園駅下車徒歩４分,なし,祇園（福岡）,https://img.travel.rakuten.co.jp/share/HOTEL/199007/199007.jpg,https://img.travel.rakuten.co.jp/HIMG/90/199007.jpg,,,https://img.travel.rakuten.co.jp/share/HOTEL/199007/199007map.gif,8.0,2.88,,double,［禁煙］ダブルルーム,6450126.0,返金不可・オンライン決済プラン,1,0,0,0,0,2,https://img.travel.rakuten.co.jp/image/tr/api/re/IdsCY/?f_no=199007&f_syu=double&f_hi1=2026-06-13&f_hi2=2026-06-14&f_heya_su=1&f_otona_su=1&f_s1=0&f_s2=0&f_y1=0&f_y2=0&f_y3=0&f_y4=0&f_camp_id=6450126,0,2026-06-13,21650,21650,0,2026-06-13,fukuoka
161262,ＫＯＫＯ　ＨＯＴＥＬ　博多新幹線口　（旧：ホテルウィングインターナショナル博多新幹線口）,https://img.travel.rakuten.co.jp/image/tr/api/re/pvonD/?f_no=161262,https://img.travel.rakuten.co.jp/image/tr/api/re/vFumt/?f_no=161262&f_flg=PLAN,https://img.travel.rakuten.co.jp/image/tr/api/re/WzozX/?noTomariHotel=161262,https://img.travel.rakuten.co.jp/image/tr/api/re/gJNfM/?f_hotel_no=161262,ここほてる　はかたしんかんせんぐち（きゅうほてるうぃんぐいんたーなしょなるはかたしんかんせんぐち）,コーヒーサービス刷新！美味しいトラジャブレンドをご堪能下さい。無料軽朝食＆大浴場完備で快適ステイ♪,3960,120912.39,469536.44,812-0013,福岡県,福岡市博多区博多駅東1-17-17,0924310111,0924310115,JR博多駅より徒歩4分。地下鉄空港線博多駅 東6出口より徒歩2分。都市高速博多駅東ICまで1分！,提携駐車場有　里馨(リカ)パーキング(24時間1500円の駐車券をフロント販売、当館から徒歩3分）,博多,https://img.travel.rakuten.co.jp/share/HOTEL/161262/161262.jpg,https://img.travel.rakuten.co.jp/HIMG/90/161262.jpg,https://img.travel.rakuten.co.jp/share/HOTEL/161262/161262_kan1.jpg,https://img.travel.rakuten.co.jp/HIMG/INTERIOR/161262.jpg,https://img.travel.rakuten.co.jp/share/HOTEL/161262/161262map.gif,325.0,3.91,"朝食のパンも美味…　2026-06-09 01:12:20投稿 <a href=""https://img.travel.rakuten.co.jp/image/tr/api/re/gJNfM/?f_hotel_no=161262"" class=""3click"">つづきはこちら</a>",twin,【全室禁煙】ツインルーム　１７平米　ベッド幅１００ｃｍ×２台,4586747.0,【10％OFF】【楽天スーパーSALE】JR博多駅（筑紫口）より徒歩4分★大浴場＆無料軽朝食あり♪,1,0,0,0,0,1,https://img.travel.rakuten.co.jp/image/tr/api/re/IdsCY/?f_no=161262&f_syu=twin&f_hi1=2026-06-13&f_hi2=2026-06-14&f_heya_su=1&f_otona_su=1&f_s1=0&f_s2=0&f_y1=0&f_y2=0&f_y3=0&f_y4=0&f_camp_id=4586747,0,2026-06-13,36000,36000,0,2026-06-13,fukuoka
572,グランドハイアット福岡,https://img.travel.rakuten.co.jp/image/tr/api/re/pvonD/?f_no=572,https://img.travel.rakuten.co.jp/image/tr/api/re/vFumt/?f_no=572&f_flg=PLAN,https://img.travel.rakuten.co.jp/image/tr/api/re/WzozX/?noTomariHotel=572,https://img.travel.rakuten.co.jp/image/tr/api/re/gJNfM/?f_hotel_no=572,ぐらんどはいあっとふくおか,キャナルシティ内に位置する、ハイアット最上級ブランドホテル,15180,120910.57,469485.97,812-0018,福岡県,福岡市博多区住吉1-2-82　,092-282-1234,092-282-2817,博多駅から徒歩約10分、天神駅から徒歩約15分。福岡市地下鉄　七隈線「櫛田神社前駅」西改札口を出て2番出口より徒歩3分,"1300台 1泊1,980円（税込） （14:00から翌14:00）",中洲川端,https://img.travel.rakuten.co.jp/share/HOTEL/572/572.jpg,https://img.travel.rakuten.co.jp/HIMG/90/572.jpg,https://img.travel.rakuten.co.jp/share/HOTEL/572/572_a.jpg,https://img.travel.rakuten.co.jp/HIMG/INTERIOR/572.jpg,https://img.travel.rakuten.co.jp/share/HOTEL/572/572map.gif,954.0,4.27,"また…　2026-05-20 11:25:28投稿 <a href=""https://img.travel.rakuten.co.jp/image/tr/api/re/gJNfM/?f_hotel_no=572"" class=""3click"">つづきはこちら</a>",tgns,【禁煙】ツイン2台（34平米）,2989694.0,【基本プラン】デイリーレート,1,0,0,0,0,1,https://img.travel.rakuten.co.jp/image/tr/api/re/IdsCY/?f_no=572&f_syu=tgns&f_hi1=2026-06-13&f_hi2=2026-06-14&f_heya_su=1&f_otona_su=1&f_s1=0&f_s2=0&f_y1=0&f_y2=0&f_y3=0&f_y4=0&f_camp_id=2989694,0,2026-06-13,102718,102718,0,2026-06-13,fukuoka
180284,Ｔｈｅ３５８　ＵＭＩ,https://img.travel.rakuten.co.jp/image/tr/api/re/pvonD/?f_no=180284,https://img.travel.rakuten.co.jp/image/tr/api/re/vFumt/?f_no=180284&f_flg=PLAN,https://img.travel.rakuten.co.jp/image/tr/api/re/WzozX/?noTomariHotel=180284,https://img.travel.rakuten.co.jp/image/tr/api/re/gJNfM/?f_hotel_no=180284,ざさんごーはち　うみ,2021年4月9日、福岡アイランドシティに新規オープン！大浴場、駐車場が無料でご利用いただけます。,3870,121192.26,469500.72,813-0017,福岡県,福岡市東区香椎照葉6-6-5,092-665-1717,092-665-1718,千早駅、アイランドアイ(ホテル隣接商業施設)間で無料送迎バス運行中。福岡市都市高速『アイランドシティ出口』から車で約1分,"アイランドアイ施設駐車場をご利用いただけます。【一般車両：無料】【大型車：3,850円】",,https://img.travel.rakuten.co.jp/share/HOTEL/180284/180284.jpg,https://img.travel.rakuten.co.jp/HIMG/90/180284.jpg,,,https://img.travel.rakuten.co.jp/share/HOTEL/180284/180284map.gif,1398.0,4.37,"クチコミの詳細はこちらから　https://revi…　2026-06-09 16:42:14投稿 <a href=""https://img.travel.rakuten.co.jp/image/tr/api/re/gJNfM/?f_hotel_no=180284"" class=""3click"">つづきはこちら</a>",tw,スタイリッシュツイン,5413049.0,【5％OFF】【楽天スーパーSALE】UMIスタンダード 素泊まりプラン,1,0,0,0,0,2,https://img.travel.rakuten.co.jp/image/tr/api/re/IdsCY/?f_no=180284&f_syu=tw&f_hi1=2026-06-13&f_hi2=2026-06-14&f_heya_su=1&f_otona_su=1&f_s1=0&f_s2=0&f_y1=0&f_y2=0&f_y3=0&f_y4=0&f_camp_id=5413049,0,2026-06-13,20586,20586,0,2026-06-13,fukuoka
67260,ＴＨＥ　ＬＵＩＧＡＮＳ　Ｓｐａ＆Ｒｅｓｏｒｔ(ザ・ルイガンズ.　スパ＆リゾート),https://img.travel.rakuten.co.jp/image/tr/api/re/pvonD/?f_no=67260,https://img.travel.rakuten.co.jp/image/tr/api/re/vFumt/?f_no=67260&f_flg=PLAN,https://img.travel.rakuten.co.jp/image/tr/api/re/WzozX/?noTomariHotel=67260,https://img.travel.rakuten.co.jp/image/tr/api/re/gJNfM/?f_hotel_no=67260,ざ・るいがんず,【福岡で近場リゾート】博多中心部から車で20分！福岡でありながら海外を感じるリゾートホテル！大浴場＆無料バスあり,5175,121174.54,469318.49,811-0321,福岡県,福岡市東区西戸崎18-25,092-603-2525,092-603-2828,博多から車で最短約20分、無料送迎バス、無料駐車場、福岡空港まで最短約30分。JR香椎線「海ノ中道」より徒歩約6分,屋外駐車場有　１００台／宿泊者は無料／予約不要,海ノ中道,https://img.travel.rakuten.co.jp/share/HOTEL/67260/67260.jpg,https://img.travel.rakuten.co.jp/HIMG/90/67260.jpg,https://img.travel.rakuten.co.jp/share/HOTEL/67260/67260_k.jpg,https://img.travel.rakuten.co.jp/HIMG/INTERIOR/67260.jpg,https://img.travel.rakuten.co.jp/share/HOTEL/67260/67260map.gif,2096.0,4.31,"部屋は綺麗だけど、建物自体が古いから年…　2026-06-11 08:47:56投稿 <a href=""https://img.travel.rakuten.co.jp/image/tr/api/re/gJNfM/?f_hotel_no=67260"" class=""3click"">つづきはこちら</a>",gp,グランピングツイン（禁煙）28平米,6249002.0,【グランピング施設利用プラン】素泊り｜泊まれる公園　　チェックインはINN THE PARKで,1,0,0,0,0,1,https://img.travel.rakuten.co.jp/image/tr/api/re/IdsCY/?f_no=67260&f_syu=gp&f_hi1=2026-06-13&f_hi2=2026-06-14&f_heya_su=1&f_otona_su=1&f_s1=0&f_s2=0&f_y1=0&f_y2=0&f_y3=0&f_y4=0&f_camp_id=6249002,0,2026-06-13,25530,25530,0,2026-06-13,fukuoka
181717,ホテルリブマックス博多駅前,https://img.travel.rakuten.co.jp/image/tr/api/re/pvonD/?f_no=181717,https://img.travel.rakuten.co.jp/image/tr/api/re/vFumt/?f_no=181717&f_flg=PLAN,https://img.travel.rakuten.co.jp/image/tr/api/re/WzozX/?noTomariHotel=181717,https://img.travel.rakuten.co.jp/image/tr/api/re/gJNfM/?f_hotel_no=181717,ほてるりぶまっくすはかたえきまえ,【2020年12月OPEN】「博多駅」徒歩5分　加湿空気清浄機＆電子レンジなど充実のルームコンテンツ,4463,120913.17,469500.65,812-0011,福岡県,福岡市博多区博多駅前2-7-9,092-419-2280,092-419-2281,「博多」駅より徒歩5分,無し※近隣にコインパーキング多数あり！,博多,https://img.travel.rakuten.co.jp/share/HOTEL/181717/181717.jpg,https://img.travel.rakuten.co.jp/HIMG/90/181717.jpg,,,https://img.travel.rakuten.co.jp/share/HOTEL/181717/181717map.gif,306.0,3.74,"クチコミの詳細はこちらから　https://review.travel.rakuten.co.jp/hotel/v…　2026-06-07 21:02:30投稿 <a href=""https://img.travel.rakuten.co.jp/image/tr/api/re/gJNfM/?f_hotel_no=181717"" class=""3click"">つづきはこちら</a>",sin-kitsu,【スタンダードシングルルーム】喫煙/定員２名/１２平米,5721718.0,【リブマックスセール】《15％OFF》ホテルリブマックス博多駅前【素泊り】,1,0,0,0,0,1,https://img.travel.rakuten.co.jp/image/tr/api/re/IdsCY/?f_no=181717&f_syu=sin-kitsu&f_hi1=2026-06-13&f_hi2=2026-06-14&f_heya_su=1&f_otona_su=1&f_s1=0&f_s2=0&f_y1=0&f_y2=0&f_y3=0&f_y4=0&f_camp_id=5721718,0,2026-06-13,25500,25500,0,2026-06-13,fukuoka
166453,フォーポイント　フレックス　ｂｙ　シェラトン　福岡博多,https://img.travel.rakuten.co.jp/image/tr/api/re/pvonD/?f_no=166453,https://img.travel.rakuten.co.jp/image/tr/api/re/vFumt/?f_no=166453&f_flg=PLAN,https://img.travel.rakuten.co.jp/image/tr/api/re/WzozX/?noTomariHotel=166453,https://img.travel.rakuten.co.jp/image/tr/api/re/gJNfM/?f_hotel_no=166453,ふぉーぽいんと　ふれっくす　ばい　しぇらとん　ふくおかはかた,マリオットグループ日本初上陸ブランド！博多駅・中州へ徒歩圏内！	,6292,120898.93,469502.62,812-0011,福岡県,福岡市博多区博多駅前3-6-7,092-433-6172,092-433-6175,博多駅博多口より徒歩にて約9分。,無し,博多,https://img.travel.rakuten.co.jp/share/HOTEL/166453/166453.jpg,https://img.travel.rakuten.co.jp/HIMG/90/166453.jpg,https://img.travel.rakuten.co.jp/share/HOTEL/166453/166453_kan1.jpg,https://img.travel.rakuten.co.jp/HIMG/INTERIOR/166453.jpg,https://img.travel.rakuten.co.jp/share/HOTEL/166453/166453map.gif,722.0,3.66,"クチコミの詳細はこちらから　https://review.travel.rakuten.co.jp/hotel/voice/166453?…　2026-06-01 21:43:04投稿 <a href=""https://img.travel.rakuten.co.jp/image/tr/api/re/gJNfM/?f_hotel_no=166453"" class=""3click"">つづきはこちら</a>",fpxsngl,◆シングル（禁煙）,6449363.0,【楽天トラベル限定SALE】【Marriott Bonvoy会員価格対象プラン】素泊まりプラン,1,0,0,0,0,1,https://img.travel.rakuten.co.jp/image/tr/api/re/IdsCY/?f_no=166453&f_syu=fpxsngl&f_hi1=2026-06-13&f_hi2=2026-06-14&f_heya_su=1&f_otona_su=1&f_s1=0&f_s2=0&f_y1=0&f_y2=0&f_y3=0&f_y4=0&f_camp_id=6449363,0,2026-06-13,27720,27720,0,2026-06-13,fukuoka
1620,ザ・ワンファイブマリン福岡,https://img.travel.rakuten.co.jp/image/tr/api/re/pvonD/?f_no=1620,https://img.travel.rakuten.co.jp/image/tr/api/re/vFumt/?f_no=1620&f_flg=PLAN,https://img.travel.rakuten.co.jp/image/tr/api/re/WzozX/?noTomariHotel=1620,https://img.travel.rakuten.co.jp/image/tr/api/re/gJNfM/?f_hotel_no=1620,ざ　わんふぁいぶまりん　ふくおか,福岡国際センターまで徒歩9分、サンパレスまで徒歩11分。マリンメッセ福岡、中洲も徒歩圏内。,2227,120945.17,469465.24,812-0023,福岡県,福岡市博多区奈良屋町10-21,0570-007-779,092-263-0040,福岡市営地下鉄「中洲川端」駅から徒歩8分,駐車場あり(先着順・予約不可)  2000円/ 1泊,中洲川端,https://img.travel.rakuten.co.jp/share/HOTEL/1620/1620.jpg,https://img.travel.rakuten.co.jp/HIMG/90/1620.jpg,https://img.travel.rakuten.co.jp/share/HOTEL/1620/1620_sgl.jpg,https://img.travel.rakuten.co.jp/HIMG/INTERIOR/1620.jpg,https://img.travel.rakuten.co.jp/share/HOTEL/1620/1620map.gif,1517.0,3.5,"クチコミの詳細はこちらから　htt…　2026-05-26 12:45:26投稿 <a href=""https://img.travel.rakuten.co.jp/image/tr/api/re/gJNfM/?f_hotel_no=1620"" class=""3click"">つづきはこちら</a>",d4,ダブル,4711118.0,「ザ・ワンファイブ」ステイ,1,0,0,0,0,1,https://img.travel.rakuten.co.jp/image/tr/api/re/IdsCY/?f_no=1620&f_syu=d4&f_hi1=2026-06-13&f_hi2=2026-06-14&f_heya_su=1&f_otona_su=1&f_s1=0&f_s2=0&f_y1=0&f_y2=0&f_y3=0&f_y4=0&f_camp_id=4711118,0,2026-06-13,18765,18765,0,2026-06-13,fukuoka
7650,萃豊閣ホテル（ＳＵＩＨＯＫＡＫＵ　ＨＯＴＥＬ）,https://img.travel.rakuten.co.jp/image/tr/api/re/pvonD/?f_no=7650,https://img.travel.rakuten.co.jp/image/tr/api/re/vFumt/?f_no=7650&f_flg=PLAN,https://img.travel.rakuten.co.jp/image/tr/api/re/WzozX/?noTomariHotel=7650,https://img.travel.rakuten.co.jp/image/tr/api/re/gJNfM/?f_hotel_no=7650,すいほうかく　ほてる,JR南福岡駅より徒歩4分、西鉄雑餉隈駅より徒歩8分。全室無線LAN、空気清浄機完備。温泉利用無料。,3850,120745.98,469667.37,812-0884,福岡県,福岡市博多区寿町3-5-25,092-587-7771,092-587-7772,ＪＲ博多駅より鹿児島本線下り3つ目の「南福岡」より徒歩4分。快速停車駅。西鉄最寄り駅は雑餉隈（ざっしょのくま）徒歩8分,正面駐車場10台先着順。満車の場合は南福岡グリーンホテル駐車場をご利用ください。1泊1000円。,南福岡,https://img.travel.rakuten.co.jp/share/HOTEL/7650/7650.jpg,https://img.travel.rakuten.co.jp/HIMG/90/7650.jpg,https://img.travel.rakuten.co.jp/share/HOTEL/7650/7650_room.jpg,https://img.travel.rakuten.co.jp/HIMG/INTERIOR/7650.jpg,https://img.travel.rakuten.co.jp/share/HOTEL/7650/7650map.gif,823.0,3.78,"クチコミの詳細はこちらから…　2026-06-06 11:53:03投稿 <a href=""https://img.travel.rakuten.co.jp/image/tr/api/re/gJNfM/?f_hotel_no=7650"" class=""3click"">つづきはこちら</a>",ssp,シングル◆喫煙,5235694.0,【当日限定】素泊り宿泊プラン★別棟無料温泉施設,1,0,0,0,0,1,https://img.travel.rakuten.co.jp/image/tr/api/re/JlnYS/?f_no=7650&f_syu=ssp&f_hi1=2026-06-13&f_hi2=2026-06-14&f_heya_su=1&f_otona_su=1&f_s1=0&f_s2=0&f_y1=0&f_y2=0&f_y3=0&f_y4=0&f_camp_id=5235694,2,2026-06-13,12700,12700,0,2026-06-13,fukuoka
75246,太宰府天然温泉ルートイングランティア太宰府,https://img.travel.rakuten.co.jp/image/tr/api/re/pvonD/?f_no=75246,https://img.travel.rakuten.co.jp/image/tr/api/re/vFumt/?f_no=75246&f_flg=PLAN,https://img.travel.rakuten.co.jp/image/tr/api/re/WzozX/?noTomariHotel=75246,https://img.travel.rakuten.co.jp/image/tr/api/re/gJNfM/?f_hotel_no=75246,だざいふてんねんおんせん　るーといん　ぐらんてぃあ　だざいふ,太宰府天満宮近く！和室あり、温泉あり、岩盤浴あり、漫画コーナーも！料理長こだわりの夕食も！大型駐車場もあり！,6600,120676.98,469904.91,818-0119,福岡県,太宰府市連歌屋3-8-1,050-5576-7903,092-921-4800,西鉄太宰府駅から車で約3分◆福岡空港から車で約30分◆JR二日市駅より車で約12分◆西鉄太宰府駅から無料シャトルバス運行,有り　113台　無料　※立体駐車場34台（ハイルーフ10台）　予約不要,太宰府,https://img.travel.rakuten.co.jp/share/HOTEL/75246/75246.jpg,https://img.travel.rakuten.co.jp/HIMG/90/75246.jpg,,,https://img.travel.rakuten.co.jp/share/HOTEL/75246/75246map.gif,1080.0,3.8,他の画像やクチコミの詳細はこちらから　https://review.travel.rakuten.co.jp/hotel/voice/75246?reviewId=33123477837070　2026-06-11 18:48:24投稿,sa,[新館]喫煙シングル★（BD140×196cm）,4585442.0,【天然温泉】◆素泊まりプラン◆,1,0,0,0,0,1,https://img.travel.rakuten.co.jp/image/tr/api/re/IdsCY/?f_no=75246&f_syu=sa&f_hi1=2026-06-13&f_hi2=2026-06-14&f_heya_su=1&f_otona_su=1&f_s1=0&f_s2=0&f_y1=0&f_y2=0&f_y3=0&f_y4=0&f_camp_id=4585442,0,2026-06-13,14950,14950,0,2026-06-13,fukuoka
172700,ＥＩＷＡ　ＰＬＡＣＥ　ＨＯＴＥＬ　ＨＡＫＡＴＡ,https://img.travel.rakuten.co.jp/image/tr/api/re/pvonD/?f_no=172700,https://img.travel.rakuten.co.jp/image/tr/api/re/vFumt/?f_no=172700&f_flg=PLAN,https://img.travel.rakuten.co.jp/image/tr/api/re/WzozX/?noTomariHotel=172700,https://img.travel.rakuten.co.jp/image/tr/api/re/gJNfM/?f_hotel_no=172700,えいわ　ぷれいす　ほてる　はかた,全ての客室にＷｉＦｉ、テレビ、冷蔵庫が完備された快適なホテルです。マリンメッセ福岡・サンパレス福岡でのコンサートに最適！,1712,120961.07,469473.07,812-0033,福岡県,福岡市博多区大博町11-10,092-409-4892, ,呉服町駅より徒歩にて約１１分,専用駐車場・提携駐車場はございません。 公式サイトから、近隣のコインパーキングをご確認下さい。,呉服町（福岡）,https://img.travel.rakuten.co.jp/share/HOTEL/172700/172700.jpg,https://img.travel.rakuten.co.jp/HIMG/90/172700.jpg,https://img.travel.rakuten.co.jp/share/HOTEL/172700/172700_kan1.jpg,https://img.travel.rakuten.co.jp/HIMG/INTERIOR/172700.jpg,https://img.travel.rakuten.co.jp/share/HOTEL/172700/172700map.gif,57.0,3.62,"お風呂はユニットでした。部屋の照明は三ヶ所のみ。各スイッチの場所がわかりにくかったです。何か作業をするときは暗く感じると思います。部屋も広くはありませんので、寝る…　2026-04-21 18:49:56投稿 <a href=""https://img.travel.rakuten.co.jp/image/tr/api/re/gJNfM/?f_hotel_no=172700"" class=""3click"">つづきはこちら</a>",001,スーペリアダブルB,6452227.0,【楽天スーパーSALE】【素泊まり】スタンダードプラン「迷ったらコレ！」,1,0,0,0,0,2,https://img.travel.rakuten.co.jp/image/tr/api/re/IdsCY/?f_no=172700&f_syu=001&f_hi1=2026-06-13&f_hi2=2026-06-14&f_heya_su=1&f_otona_su=1&f_s1=0&f_s2=0&f_y1=0&f_y2=0&f_y3=0&f_y4=0&f_camp_id=6452227,0,2026-06-13,21000,21000,0,2026-06-13,fukuoka
14018,福岡リーセントホテル,https://img.travel.rakuten.co.jp/image/tr/api/re/pvonD/?f_no=14018,https://img.travel.rakuten.co.jp/image/tr/api/re/vFumt/?f_no=14018&f_flg=PLAN,https://img.travel.rakuten.co.jp/image/tr/api/re/WzozX/?noTomariHotel=14018,https://img.travel.rakuten.co.jp/image/tr/api/re/gJNfM/?f_hotel_no=14018,ふくおか　りーせんとほてる,■全室禁煙ルーム■Wi-Fi接続無料■加湿空気清浄器完備,3480,121015.46,469513.02,812-0053,福岡県,福岡市東区箱崎2-52-1,092-641-7741,092-641-5851,【地下鉄】博多駅から約12分/福岡空港から約17分/箱崎宮前駅・3番出口より徒歩約4分,普通車1泊1000円※屋内駐車場60台、高さ2.1m迄,箱崎宮前,https://img.travel.rakuten.co.jp/share/HOTEL/14018/14018.jpg,https://img.travel.rakuten.co.jp/HIMG/90/14018.jpg,,,https://img.travel.rakuten.co.jp/share/HOTEL/14018/14018map.gif,829.0,3.85,"駐車場も停めやすく、徒歩圏内にスーパーや飲食店があって便…　2026-06-02 16:56:46投稿 <a href=""https://img.travel.rakuten.co.jp/image/tr/api/re/gJNfM/?f_hotel_no=14018"" class=""3click"">つづきはこちら</a>",variety,おまかせ部屋【禁煙】部屋タイプはホテルお任せ／加湿空気清浄機,6139282.0,【素泊り】直前のご予約でもお得に！部屋タイプお任せの直前割りプラン★箱崎宮前駅徒歩4分★,1,0,0,0,0,2,https://img.travel.rakuten.co.jp/image/tr/api/re/IdsCY/?f_no=14018&f_syu=variety&f_hi1=2026-06-13&f_hi2=2026-06-14&f_heya_su=1&f_otona_su=1&f_s1=0&f_s2=0&f_y1=0&f_y2=0&f_y3=0&f_y4=0&f_camp_id=6139282,0,2026-06-13,11310,11310,0,2026-06-13,fukuoka
166975,東急ステイ博多,https://img.travel.rakuten.co.jp/image/tr/api/re/pvonD/?f_no=166975,https://img.travel.rakuten.co.jp/image/tr/api/re/vFumt/?f_no=166975&f_flg=PLAN,https://img.travel.rakuten.co.jp/image/tr/api/re/WzozX/?noTomariHotel=166975,https://img.travel.rakuten.co.jp/image/tr/api/re/gJNfM/?f_hotel_no=166975,とうきゅうすていはかた,全室に洗濯乾燥機・電子レンジ完備！連泊・中長期の滞在に便利♪♪,5800,120895.8,469524.24,812-0016,福岡県,福岡市博多区博多駅南1-11-11,092-431-1091,092-431-1092,福岡市地下鉄空港線博多駅　東5番出口より徒歩7分　/　JR博多駅　筑紫口より徒歩8分,無し。近隣のコインパーキングをご利用ください（提携駐車場はございません）。,博多,https://img.travel.rakuten.co.jp/share/HOTEL/166975/166975.jpg,https://img.travel.rakuten.co.jp/HIMG/90/166975.jpg,,,https://img.travel.rakuten.co.jp/share/HOTEL/166975/166975map.gif,1009.0,4.32,"クチコミの詳細は…　2026-06-11 00:56:34投稿 <a href=""https://img.travel.rakuten.co.jp/image/tr/api/re/gJNfM/?f_hotel_no=166975"" class=""3click"">つづきはこちら</a>",moderate1,モデレートダブル1名様【禁煙】18平米／洗濯乾燥機・デスク付,6432374.0,【2026年5月18日OPEN】東急ステイメルキュール広島 開業応援プラン【1名】（素泊）,1,0,0,0,0,1,https://img.travel.rakuten.co.jp/image/tr/api/re/IdsCY/?f_no=166975&f_syu=moderate1&f_hi1=2026-06-13&f_hi2=2026-06-14&f_heya_su=1&f_otona_su=1&f_s1=0&f_s2=0&f_y1=0&f_y2=0&f_y3=0&f_y4=0&f_camp_id=6432374,0,2026-06-13,29000,29000,0,2026-06-13,fukuoka
10837,博多ニューポートホテル,https://img.travel.rakuten.co.jp/image/tr/api/re/pvonD/?f_no=10837,https://img.travel.rakuten.co.jp/image/tr/api/re/vFumt/?f_no=10837&f_flg=PLAN,https://img.travel.rakuten.co.jp/image/tr/api/re/WzozX/?noTomariHotel=10837,https://img.travel.rakuten.co.jp/image/tr/api/re/gJNfM/?f_hotel_no=10837,はかた　にゅーぽーとほてる,国際会議場・マリンメッセまで徒歩４分、イベント時に最適！天神・中洲へも徒歩１０分程。宿泊税込！チェックアウト１１：００！,4900,120949.22,469463.07,812-0022,福岡県,福岡市博多区神屋町3-27,092-291-0811,092-281-6656,JR博多駅より車で５分／地下鉄呉服町駅から徒歩６分／神屋町バス停徒歩１分／国際会議場・マリンメッセまで徒歩４分〜１０分,"有り　4台　電話予約制　料金1,000円（税込み／泊）",博多,https://img.travel.rakuten.co.jp/share/HOTEL/10837/10837.jpg,https://img.travel.rakuten.co.jp/HIMG/90/10837.jpg,https://img.travel.rakuten.co.jp/share/HOTEL/10837/10837_sig.jpg,https://img.travel.rakuten.co.jp/HIMG/INTERIOR/10837.jpg,https://img.travel.rakuten.co.jp/share/HOTEL/10837/10837map.gif,424.0,3.41,"クチコミの詳細は…　2026-05-30 21:49:03投稿 <a href=""https://img.travel.rakuten.co.jp/image/tr/api/re/gJNfM/?f_hotel_no=10837"" class=""3click"">つづきはこちら</a>",s,★シングルルームA★,2653386.0,【楽天限定】当施設最安値♪ゆったりシンプルステイ◆チェックアウトは余裕の１１時◆,1,0,0,0,0,2,https://img.travel.rakuten.co.jp/image/tr/api/re/IdsCY/?f_no=10837&f_syu=s&f_hi1=2026-06-13&f_hi2=2026-06-14&f_heya_su=1&f_otona_su=1&f_s1=0&f_s2=0&f_y1=0&f_y2=0&f_y3=0&f_y4=0&f_camp_id=2653386,0,2026-06-13,14800,14800,0,2026-06-13,fukuoka
14811,サンビジネスホテル,https://img.travel.rakuten.co.jp/image/tr/api/re/pvonD/?f_no=14811,https://img.travel.rakuten.co.jp/image/tr/api/re/vFumt/?f_no=14811&f_flg=PLAN,https://img.travel.rakuten.co.jp/image/tr/api/re/WzozX/?noTomariHotel=14811,https://img.travel.rakuten.co.jp/image/tr/api/re/gJNfM/?f_hotel_no=14811,さんびじねすほてる,博多口徒歩2分★心を込めた接客と徹底清掃でお迎え／深夜1～5時施錠,2900,120914.06,469512.02,812-0011,福岡県,福岡市博多区博多駅前2-16-16,092-411-1155,092-411-1215,博多駅博多口から徒歩2分。天神や福岡空港からは、博多駅まで地下鉄で5分とアクセスは最高！,ございません,博多,https://img.travel.rakuten.co.jp/share/HOTEL/14811/14811.jpg,https://img.travel.rakuten.co.jp/HIMG/90/14811.jpg,https://img.travel.rakuten.co.jp/share/HOTEL/14811/14811_s.jpg,https://img.travel.rakuten.co.jp/HIMG/INTERIOR/14811.jpg,https://img.travel.rakuten.co.jp/share/HOTEL/14811/14811map.gif,1328.0,4.13,"出張で急遽博多泊となりました。宿泊費が10,000円以内で収まったので助かりました。設備は古いけれど、WiFiもあり必要最低限の設備で満足です。強いて言えば、喫煙…　2026-06-04 00:08:41投稿 <a href=""https://img.travel.rakuten.co.jp/image/tr/api/re/gJNfM/?f_hotel_no=14811"" class=""3click"">つづきはこちら</a>",sdd,●喫煙●限定ワイドシングル　ベッド幅128ｃｍきつえん,4605138.0,【返金不可・事前決済限定】博多駅博多口から徒歩2分のお得プラン★夜間施錠1時〜5時★,1,0,0,0,0,2,https://img.travel.rakuten.co.jp/image/tr/api/re/IdsCY/?f_no=14811&f_syu=sdd&f_hi1=2026-06-13&f_hi2=2026-06-14&f_heya_su=1&f_otona_su=1&f_s1=0&f_s2=0&f_y1=0&f_y2=0&f_y3=0&f_y4=0&f_camp_id=4605138,0,2026-06-13,13800,13800,0,2026-06-13,fukuoka
54960,二日市グリーンホテル,https://img.travel.rakuten.co.jp/image/tr/api/re/pvonD/?f_no=54960,https://img.travel.rakuten.co.jp/image/tr/api/re/vFumt/?f_no=54960&f_flg=PLAN,https://img.travel.rakuten.co.jp/image/tr/api/re/WzozX/?noTomariHotel=54960,https://img.travel.rakuten.co.jp/image/tr/api/re/gJNfM/?f_hotel_no=54960,ふつかいちぐりーん,JR博多駅、西鉄福岡天神駅から電車で二日市駅！  JR二日市駅から約110ｍ一番近いホテルです。太宰府観光にも便利！,5300,120573.53,469875.36,818-0072,福岡県,筑紫野市二日市中央2-7-25,092-928-0710,092-928-0710,ＪＲ二日市駅改札出入口(東)より約110ｍ／西鉄二日市駅西口から約800ｍ／西鉄紫駅から約500ｍ　地図をご覧下さい。,駐車場（１泊目 無料、2泊目以降500円〜＊チェックイン午後2時〜翌午前10時（8台分あり）,二日市,https://img.travel.rakuten.co.jp/share/HOTEL/54960/54960.jpg,https://img.travel.rakuten.co.jp/HIMG/90/54960.jpg,https://img.travel.rakuten.co.jp/share/HOTEL/54960/54960_s.jpg,https://img.travel.rakuten.co.jp/HIMG/INTERIOR/54960.jpg,https://img.travel.rakuten.co.jp/share/HOTEL/54960/54960map.gif,450.0,3.27,"クチコミの詳細はこちらから　https://review.travel.rakuten.co…　2026-06-05 05:56:53投稿 <a href=""https://img.travel.rakuten.co.jp/image/tr/api/re/gJNfM/?f_hotel_no=54960"" class=""3click"">つづきはこちら</a>",s,シングル,1962442.0,【夏得】♪シングルプラン喫煙　（JR二日市駅より100ｍ。太宰府近いです。）,1,0,0,0,0,1,https://img.travel.rakuten.co.jp/image/tr/api/re/IdsCY/?f_no=54960&f_syu=s&f_hi1=2026-06-13&f_hi2=2026-06-14&f_heya_su=1&f_otona_su=1&f_s1=0&f_s2=0&f_y1=0&f_y2=0&f_y3=0&f_y4=0&f_camp_id=1962442,0,2026-06-13,10800,10800,0,2026-06-13,fukuoka
165238,ネストホテル博多駅前,https://img.travel.rakuten.co.jp/image/tr/api/re/pvonD/?f_no=165238,https://img.travel.rakuten.co.jp/image/tr/api/re/vFumt/?f_no=165238&f_flg=PLAN,https://img.travel.rakuten.co.jp/image/tr/api/re/WzozX/?noTomariHotel=165238,https://img.travel.rakuten.co.jp/image/tr/api/re/gJNfM/?f_hotel_no=165238,ねすとほてるはかたえきまえ,【全館・全室・完全禁煙】博多駅前の好立地。睡眠環境にこだわった、安らぎの時間が流れるホテル。,6175,120917.91,469507.1,812-0011,福岡県,福岡市博多区博多駅前2-11-27,092-260-1695,092-260-1491,ＪＲ博多駅の博多口をでて徒歩にて約５分。　　空港からは地下鉄祇園駅で下車、連絡通路Ｐ４出口から徒歩にて約1分。,"有り　2台　1,500円（税込み／泊）　先着順 予約不可",博多,https://img.travel.rakuten.co.jp/share/HOTEL/165238/165238.jpg,https://img.travel.rakuten.co.jp/HIMG/90/165238.jpg,,,https://img.travel.rakuten.co.jp/share/HOTEL/165238/165238map.gif,328.0,3.64,"TVではYouTubeや配信サブ…　2026-05-10 22:09:48投稿 <a href=""https://img.travel.rakuten.co.jp/image/tr/api/re/gJNfM/?f_hotel_no=165238"" class=""3click"">つづきはこちら</a>",sb,【禁煙/12平米/ベッド幅140】ダブルルーム【1名利用】,6448073.0,【楽天スーパーSALE】スタンダードプラン【食事なし】,1,0,0,0,0,1,https://img.travel.rakuten.co.jp/image/tr/api/re/IdsCY/?f_no=165238&f_syu=sb&f_hi1=2026-06-13&f_hi2=2026-06-14&f_heya_su=1&f_otona_su=1&f_s1=0&f_s2=0&f_y1=0&f_y2=0&f_y3=0&f_y4=0&f_camp_id=6448073,0,2026-06-13,33250,33250,0,2026-06-13,fukuoka
80686,二日市温泉　大観荘,https://img.travel.rakuten.co.jp/image/tr/api/re/pvonD/?f_no=80686,https://img.travel.rakuten.co.jp/image/tr/api/re/vFumt/?f_no=80686&f_flg=PLAN,https://img.travel.rakuten.co.jp/image/tr/api/re/WzozX/?noTomariHotel=80686,https://img.travel.rakuten.co.jp/image/tr/api/re/gJNfM/?f_hotel_no=80686,だいかんそう,万葉の香りといで湯の里　二日市温泉　大観荘,6000,120560.23,469854.3,818-0058,福岡県,筑紫野市湯町1-12-1,092-922-3236,092-928-0675,ＪＲ　二日市駅から車で５分／西鉄　二日市駅から車で８分,有り　１５０台　無料　予約不要,二日市,https://img.travel.rakuten.co.jp/share/HOTEL/80686/80686.jpg,https://img.travel.rakuten.co.jp/HIMG/90/80686.jpg,https://img.travel.rakuten.co.jp/share/HOTEL/80686/80686_k.jpg,https://img.travel.rakuten.co.jp/HIMG/INTERIOR/80686.jpg,https://img.travel.rakuten.co.jp/share/HOTEL/80686/80686map.gif,766.0,4.11,"お風呂はかけ流しの湯で温泉好きにはたまらない…　2026-06-07 20:20:56投稿 <a href=""https://img.travel.rakuten.co.jp/image/tr/api/re/gJNfM/?f_hotel_no=80686"" class=""3click"">つづきはこちら</a>",was1,おちついた和室（新館）,3756578.0,【１泊朝食付　レイトチェックイン可能】　ビジネスに！観光に！お手軽・お気軽宿泊プラン,1,0,0,0,0,1,https://img.travel.rakuten.co.jp/image/tr/api/re/IdsCY/?f_no=80686&f_syu=was1&f_hi1=2026-06-13&f_hi2=2026-06-14&f_heya_su=1&f_otona_su=1&f_s1=0&f_s2=0&f_y1=0&f_y2=0&f_y3=0&f_y4=0&f_camp_id=3756578,0,2026-06-13,12550,12550,0,2026-06-13,fukuoka
182102,ＥＮ　ＨＯＴＥＬ　Ｈａｋａｔａ（エンホテル博多）,https://img.travel.rakuten.co.jp/image/tr/api/re/pvonD/?f_no=182102,https://img.travel.rakuten.co.jp/image/tr/api/re/vFumt/?f_no=182102&f_flg=PLAN,https://img.travel.rakuten.co.jp/image/tr/api/re/WzozX/?noTomariHotel=182102,https://img.travel.rakuten.co.jp/image/tr/api/re/gJNfM/?f_hotel_no=182102,えん　ほてる　はかた,博多駅（JR・地下鉄）徒歩7分、櫛田神社前駅（地下鉄）徒歩2分、キャナルシティ徒歩2分。スマートTV、Wifi全室完備。,3640,120911.92,469496.68,812-0011,福岡県,福岡市博多区博多駅前3-30-25,092-461-0505,092-475-2680,博多駅（JR・地下鉄）徒歩7分・櫛田神社前駅（地下鉄）徒歩2分,提携駐車場なし。近隣コインパーキング参照,博多,https://img.travel.rakuten.co.jp/share/HOTEL/182102/182102.jpg,https://img.travel.rakuten.co.jp/HIMG/90/182102.jpg,,,https://img.travel.rakuten.co.jp/share/HOTEL/182102/182102map.gif,231.0,3.77,"クチコミの詳細はこちらから　https://review.tr…　2026-04-23 08:25:15投稿 <a href=""https://img.travel.rakuten.co.jp/image/tr/api/re/gJNfM/?f_hotel_no=182102"" class=""3click"">つづきはこちら</a>",es,ENシングル【禁煙】9.31平米,4996287.0,◆スタンダードプラン　＊　素泊まり◆,1,0,0,0,0,1,https://img.travel.rakuten.co.jp/image/tr/api/re/IdsCY/?f_no=182102&f_syu=es&f_hi1=2026-06-13&f_hi2=2026-06-14&f_heya_su=1&f_otona_su=1&f_s1=0&f_s2=0&f_y1=0&f_y2=0&f_y3=0&f_y4=0&f_camp_id=4996287,0,2026-06-13,21400,21400,0,2026-06-13,fukuoka
168722,オリエンタルホテル福岡　博多ステーション,https://img.travel.rakuten.co.jp/image/tr/api/re/pvonD/?f_no=168722,https://img.travel.rakuten.co.jp/image/tr/api/re/vFumt/?f_no=168722&f_flg=PLAN,https://img.travel.rakuten.co.jp/image/tr/api/re/WzozX/?noTomariHotel=168722,https://img.travel.rakuten.co.jp/image/tr/api/re/gJNfM/?f_hotel_no=168722,おりえんたるほてるふくおか　はかたすてーしょん,【JR博多駅隣接＆地下鉄博多駅直結】朝食レストランがグランドオープン☆ホテルこだわりの朝食ブッフェをお愉しみください！,7290,120914.18,469527.51,812-0012,福岡県,福岡市博多区博多駅中央街4-23,092-461-0170,092-461-0171,JR「博多駅」筑紫口から徒歩1分。福岡空港から地下鉄空港線で所要時間5分＆地下鉄「博多駅」直結,"Dパーキング(ホテル1F)/オオイパーキング博多駅東(竹下通り向かい):24H2,000円※予約不可",博多,https://img.travel.rakuten.co.jp/share/HOTEL/168722/168722.jpg,https://img.travel.rakuten.co.jp/HIMG/90/168722.jpg,,,https://img.travel.rakuten.co.jp/share/HOTEL/168722/168722map.gif,445.0,3.95,"フロントは外国人の女性でしたが、親切に対応いただきました。若い女性スタッフ含めてみんな一生懸命で好感が持てました。ただ立地が良い割に価格は抑えられているせいか、あまりに海…　2026-05-31 10:50:03投稿 <a href=""https://img.travel.rakuten.co.jp/image/tr/api/re/gJNfM/?f_hotel_no=168722"" class=""3click"">つづきはこちら</a>",stdb,■スタンダードダブル 15.5平米（禁煙・シャワーブース）,6339864.0,【10％OFF】【楽天スーパーSALE】ファミリーにおすすめ！博多駅直結＆小学生添寝可／朝食付,1,0,0,1,0,1,https://img.travel.rakuten.co.jp/image/tr/api/re/IdsCY/?f_no=168722&f_syu=stdb&f_hi1=2026-06-13&f_hi2=2026-06-14&f_heya_su=1&f_otona_su=1&f_s1=0&f_s2=0&f_y1=0&f_y2=0&f_y3=0&f_y4=0&f_camp_id=6339864,0,2026-06-13,48780,48780,0,2026-06-13,fukuoka
177090,ＨＯＴＥＬ　ＣＵＬＴＩＡ　太宰府,https://img.travel.rakuten.co.jp/image/tr/api/re/pvonD/?f_no=177090,https://img.travel.rakuten.co.jp/image/tr/api/re/vFumt/?f_no=177090&f_flg=PLAN,https://img.travel.rakuten.co.jp/image/tr/api/re/WzozX/?noTomariHotel=177090,https://img.travel.rakuten.co.jp/image/tr/api/re/gJNfM/?f_hotel_no=177090,ほてる　かるてぃあ　だざいふ,【博多駅より車で30分】太宰府天満宮の門前町に溶け込む”CULTURE”ホテル。,35947,120663.63,469930.02,818-0117,福岡県,太宰府市宰府3-3-33,0120-210-289,,西鉄「太宰府」駅より徒歩約5分,有り（無料）※近隣の駐車場をご案内しております,太宰府,https://img.travel.rakuten.co.jp/share/HOTEL/177090/177090.jpg,https://img.travel.rakuten.co.jp/HIMG/90/177090.jpg,,,https://img.travel.rakuten.co.jp/share/HOTEL/177090/177090map.gif,73.0,4.54,,20240125c,KOKOUAN 104号室 37平米,6157224.0,【直前割】福岡産米・地元野菜の炊き合わせなど、体に優しい健康食で穏やかな朝をスタート！＜朝食付＞,1,0,0,1,0,1,https://img.travel.rakuten.co.jp/image/tr/api/re/IdsCY/?f_no=177090&f_syu=20240125c&f_hi1=2026-06-13&f_hi2=2026-06-14&f_heya_su=1&f_otona_su=1&f_s1=0&f_s2=0&f_y1=0&f_y2=0&f_y3=0&f_y4=0&f_camp_id=6157224,0,2026-06-13,71121,71121,0,2026-06-13,fukuoka
197238,ＨＯＴＥＬ　ＲＯＩ　博多,https://img.travel.rakuten.co.jp/image/tr/api/re/pvonD/?f_no=197238,https://img.travel.rakuten.co.jp/image/tr/api/re/vFumt/?f_no=197238&f_flg=PLAN,,https://img.travel.rakuten.co.jp/image/tr/api/re/gJNfM/?f_hotel_no=197238,あーるおーあいはかた,マンションがホテルに！ご自宅のようにご利用いただけます！,2037,120892.72,469508.97,812-0011,福岡県,福岡市博多区博多駅前4-6-13,092-409-4892,092-401-1057,博多駅から徒歩で約１０分,無し,博多,https://img.travel.rakuten.co.jp/share/HOTEL/197238/197238.jpg,https://img.travel.rakuten.co.jp/HIMG/90/197238.jpg,,,https://img.travel.rakuten.co.jp/share/HOTEL/197238/197238map.gif,9.0,4.56,,chito,スーペリアファミリーC,6452634.0,【楽天スーパーSALE】【素泊まり】スタンダードプラン「迷ったらコレ！」,1,0,0,0,0,2,https://img.travel.rakuten.co.jp/image/tr/api/re/IdsCY/?f_no=197238&f_syu=chito&f_hi1=2026-06-13&f_hi2=2026-06-14&f_heya_su=1&f_otona_su=1&f_s1=0&f_s2=0&f_y1=0&f_y2=0&f_y3=0&f_y4=0&f_camp_id=6452634,0,2026-06-13,17600,17600,0,2026-06-13,fukuoka
177846,９ＨＯＴＥＬ　ＨＡＫＡＴＡ,https://img.travel.rakuten.co.jp/image/tr/api/re/pvonD/?f_no=177846,https://img.travel.rakuten.co.jp/image/tr/api/re/vFumt/?f_no=177846&f_flg=PLAN,https://img.travel.rakuten.co.jp/image/tr/api/re/WzozX/?noTomariHotel=177846,https://img.travel.rakuten.co.jp/image/tr/api/re/gJNfM/?f_hotel_no=177846,ないん　ほてる　はかた,中洲まで徒歩5分。全室風呂トイレ別のゆったり空間。館内・客室には九州の色が感じられます。,7200,120931.02,469487.7,812-0039,福岡県,福岡市博多区冷泉町9-16,092-263-5010,092-263-5020,福岡空港から地下鉄祇園駅まで7分。祇園駅徒歩約5分。中洲川端駅徒歩6分、博多駅から徒歩約13分,なし,祇園（福岡）,https://img.travel.rakuten.co.jp/share/HOTEL/177846/177846.jpg,https://img.travel.rakuten.co.jp/HIMG/90/177846.jpg,https://img.travel.rakuten.co.jp/share/HOTEL/177846/177846_kan1.jpg,https://img.travel.rakuten.co.jp/HIMG/INTERIOR/177846.jpg,https://img.travel.rakuten.co.jp/share/HOTEL/177846/177846map.gif,206.0,3.83,"受付の雰囲気は良かった。お部屋は和洋室、窓側と押し入れに障子があり子供が小さいので破りそうでヒヤヒヤ、寝るだけでとったお部屋だったからなんとか過ごせました^_^子連れで…　2026-03-29 23:54:14投稿 <a href=""https://img.travel.rakuten.co.jp/image/tr/api/re/gJNfM/?f_hotel_no=177846"" class=""3click"">つづきはこちら</a>",0001,【禁煙】スーペリアクイーン ＜24平米／ベッド幅160＞,5565904.0,【シンプルプラン】中州エリア☆博多駅近！２３平米以上のゆったり空間！＜素泊まり＞,1,0,0,0,0,1,https://img.travel.rakuten.co.jp/image/tr/api/re/IdsCY/?f_no=177846&f_syu=0001&f_hi1=2026-06-13&f_hi2=2026-06-14&f_heya_su=1&f_otona_su=1&f_s1=0&f_s2=0&f_y1=0&f_y2=0&f_y3=0&f_y4=0&f_camp_id=5565904,0,2026-06-13,37200,37200,0,2026-06-13,fukuoka
196734,慶　ＨＯＴＥＬ　ＬＩＫＥ　ＲＥＳＩＤＥＮＣＥ,https://img.travel.rakuten.co.jp/image/tr/api/re/pvonD/?f_no=196734,https://img.travel.rakuten.co.jp/image/tr/api/re/vFumt/?f_no=196734&f_flg=PLAN,,https://img.travel.rakuten.co.jp/image/tr/api/re/gJNfM/?f_hotel_no=196734,けいほてるらいくれじでんす,新築のアパートメントホテル！室内キッチンあり！,1972,120874.82,469517.49,812-0017,福岡県,福岡市博多区美野島2-5-2,092-409-4892,092-401-1057,博多駅より徒歩で約１８分,無し,博多,https://img.travel.rakuten.co.jp/share/HOTEL/196734/196734.jpg,https://img.travel.rakuten.co.jp/HIMG/90/196734.jpg,,,https://img.travel.rakuten.co.jp/share/HOTEL/196734/196734map.gif,7.0,4.14,,chito,スタンダードスタジオC,6452305.0,【楽天スーパーSALE】【素泊まり】スタンダードプラン「迷ったらコレ！」,1,0,0,0,0,2,https://img.travel.rakuten.co.jp/image/tr/api/re/IdsCY/?f_no=196734&f_syu=chito&f_hi1=2026-06-13&f_hi2=2026-06-14&f_heya_su=1&f_otona_su=1&f_s1=0&f_s2=0&f_y1=0&f_y2=0&f_y3=0&f_y4=0&f_camp_id=6452305,0,2026-06-13,16101,16101,0,2026-06-13,fukuoka
164742,Ｆｕｋｕｏｋａ　Ｇｕｅｓｔｈｏｕｓｅ　ＨＩＶＥ,https://img.travel.rakuten.co.jp/image/tr/api/re/pvonD/?f_no=164742,https://img.travel.rakuten.co.jp/image/tr/api/re/vFumt/?f_no=164742&f_flg=PLAN,,https://img.travel.rakuten.co.jp/image/tr/api/re/gJNfM/?f_hotel_no=164742,ふくおか　げすとはうす　はいぶ,人々が ’ひとやすみ’ してまた次へ羽ばたけるような止まり木のような巣(ハコ),3150,120940.08,469490.58,812-0036,福岡県,福岡市博多区上呉服町4-3,092-292-4232,092-292-4232,地下鉄呉服町駅より徒歩２分 　JR博多駅より西鉄バス５分(徒歩15分）　西鉄天神駅より西鉄バス５分(徒歩20分),近隣に格安コインパーキング（例：夜20〜朝8時200円）ございます。バイクはお店の前に駐車可。,呉服町（福岡）,https://img.travel.rakuten.co.jp/share/HOTEL/164742/164742.jpg,https://img.travel.rakuten.co.jp/HIMG/90/164742.jpg,https://img.travel.rakuten.co.jp/share/HOTEL/164742/164742_kan1.jpg,https://img.travel.rakuten.co.jp/HIMG/INTERIOR/164742.jpg,https://img.travel.rakuten.co.jp/share/HOTEL/164742/164742map.gif,102.0,4.25,,femdomi,女性専用ドミトリー,5134057.0,【直前】直前予約がお得なチャンス！※地下鉄呉服町駅より徒歩２分,1,0,0,0,0,1,https://img.travel.rakuten.co.jp/image/tr/api/re/IdsCY/?f_no=164742&f_syu=femdomi&f_hi1=2026-06-13&f_hi2=2026-06-14&f_heya_su=1&f_otona_su=1&f_s1=0&f_s2=0&f_y1=0&f_y2=0&f_y3=0&f_y4=0&f_camp_id=5134057,0,2026-06-13,9600,9600,0,2026-06-13,fukuoka
197512,Ｆｅｌｉｃｅ　Ｈａｋａｔａ,https://img.travel.rakuten.co.jp/image/tr/api/re/pvonD/?f_no=197512,https://img.travel.rakuten.co.jp/image/tr/api/re/vFumt/?f_no=197512&f_flg=PLAN,,https://img.travel.rakuten.co.jp/image/tr/api/re/gJNfM/?f_hotel_no=197512,ふぇりーちぇ　はかた,アパートメントホテルが誕生！ご自宅のようにご利用いただけます。,2100,120929.06,469543.83,812-0008,福岡県,福岡市博多区東光2-6-24,092-409-4892,,博多駅より徒歩11分,専用駐車場・提携駐車場はございません。 公式サイトから、近隣のコインパーキングをご確認下さい。,博多,https://img.travel.rakuten.co.jp/share/HOTEL/197512/197512.jpg,https://img.travel.rakuten.co.jp/HIMG/90/197512.jpg,,,https://img.travel.rakuten.co.jp/share/HOTEL/197512/197512map.gif,1.0,,,ahito,1ベットルーム　アパートメントA,6452671.0,【楽天スーパーSALE】【素泊まり】スタンダードプラン「迷ったらコレ！」,1,0,0,0,0,2,https://img.travel.rakuten.co.jp/image/tr/api/re/IdsCY/?f_no=197512&f_syu=ahito&f_hi1=2026-06-13&f_hi2=2026-06-14&f_heya_su=1&f_otona_su=1&f_s1=0&f_s2=0&f_y1=0&f_y2=0&f_y3=0&f_y4=0&f_camp_id=6452671,0,2026-06-13,18000,18000,0,2026-06-13,fukuoka
178595,ＣＲＯＳＳ　ＳＴＡＧＥ,https://img.travel.rakuten.co.jp/image/tr/api/re/pvonD/?f_no=178595,https://img.travel.rakuten.co.jp/image/tr/api/re/vFumt/?f_no=178595&f_flg=PLAN,,https://img.travel.rakuten.co.jp/image/tr/api/re/gJNfM/?f_hotel_no=178595,くろすすてーじ,博多駅徒歩圏内、バス停目の前☆Free WI-FI★fire TV設置で動画に映画★,6000,120883.66,469527.93,812-0011,福岡県,福岡市博多区博多駅南2-10-26　302，303，305、306号,092-558-2879 ,092-558-2879,博多駅より徒歩にて約１２分,無し。近くにコインパーキング多数有ります。,博多,https://img.travel.rakuten.co.jp/share/HOTEL/178595/178595.jpg,https://img.travel.rakuten.co.jp/HIMG/90/178595.jpg,https://img.travel.rakuten.co.jp/share/HOTEL/178595/178595_kan1.jpg,https://img.travel.rakuten.co.jp/HIMG/INTERIOR/178595.jpg,https://img.travel.rakuten.co.jp/share/HOTEL/178595/178595map.gif,38.0,3.84,"クチコミの詳細はこちらから　https://review.travel.rakuten.co.…　2026-05-18 22:23:33投稿 <a href=""https://img.travel.rakuten.co.jp/image/tr/api/re/gJNfM/?f_hotel_no=178595"" class=""3click"">つづきはこちら</a>",305,☆ 博多駅徒歩圏内、バス停目の前　ふかふかＷベッド 305☆,,,1,0,0,0,0,2,https://img.travel.rakuten.co.jp/image/tr/api/re/IdsCY/?f_no=178595&f_syu=305&f_hi1=2026-06-13&f_hi2=2026-06-14&f_heya_su=1&f_otona_su=1&f_s1=0&f_s2=0&f_y1=0&f_y2=0&f_y3=0&f_y4=0,1,2026-06-13,15000,15000,0,2026-06-13,fukuoka
197237,ＴＨＥ　ＬＡＮＧ　ＨＯＴＥＬ,https://img.travel.rakuten.co.jp/image/tr/api/re/pvonD/?f_no=197237,https://img.travel.rakuten.co.jp/image/tr/api/re/vFumt/?f_no=197237&f_flg=PLAN,,https://img.travel.rakuten.co.jp/image/tr/api/re/gJNfM/?f_hotel_no=197237,ざ　らんぐ　ほてる,リニューアルしてオープン！！,2216,120892.18,469524.8,812-0016,福岡県,福岡市博多区博多駅南1-12-11,092-409-4892,,博多駅より徒歩約１０分,無し,博多,https://img.travel.rakuten.co.jp/share/HOTEL/197237/197237.jpg,https://img.travel.rakuten.co.jp/HIMG/90/197237.jpg,,,https://img.travel.rakuten.co.jp/share/HOTEL/197237/197237map.gif,3.0,,,bhito,ファミリールームB,6452640.0,【楽天スーパーSALE】【素泊まり】スタンダードプラン「迷ったらコレ！」,1,0,0,0,0,2,https://img.travel.rakuten.co.jp/image/tr/api/re/IdsCY/?f_no=197237&f_syu=bhito&f_hi1=2026-06-13&f_hi2=2026-06-14&f_heya_su=1&f_otona_su=1&f_s1=0&f_s2=0&f_y1=0&f_y2=0&f_y3=0&f_y4=0&f_camp_id=6452640,0,2026-06-13,18000,18000,0,2026-06-13,fukuoka
178602,グランドベース博多住吉,https://img.travel.rakuten.co.jp/image/tr/api/re/pvonD/?f_no=178602,https://img.travel.rakuten.co.jp/image/tr/api/re/vFumt/?f_no=178602&f_flg=PLAN,https://img.travel.rakuten.co.jp/image/tr/api/re/WzozX/?noTomariHotel=178602,https://img.travel.rakuten.co.jp/image/tr/api/re/gJNfM/?f_hotel_no=178602,ぐらんどべーすはかたすみよし,【無人フロントホテル】＜広い客室・キーレス＞住吉バス停７分。全室ソファースペース、キッチン、洗濯機あり,2167,120884.31,469506.57,812-0018,福岡県,福岡市博多区住吉5-6-21,092-409-4892,,博多駅からは徒歩15分！バスなら5分で最寄りの「住吉」に到着、下車後徒歩5分。天神からはバスで10分。,専用駐車場・提携駐車場はございません。 公式サイトから、近隣のコインパーキングをご確認下さい。,博多,https://img.travel.rakuten.co.jp/share/HOTEL/178602/178602.jpg,https://img.travel.rakuten.co.jp/HIMG/90/178602.jpg,https://img.travel.rakuten.co.jp/share/HOTEL/178602/178602_kan1.jpg,https://img.travel.rakuten.co.jp/HIMG/INTERIOR/178602.jpg,https://img.travel.rakuten.co.jp/share/HOTEL/178602/178602map.gif,17.0,4.0,,chito,スーペリアC,6451556.0,【楽天スーパーSALE】【素泊まり】スタンダードプラン「迷ったらコレ！」,1,0,0,0,0,2,https://img.travel.rakuten.co.jp/image/tr/api/re/IdsCY/?f_no=178602&f_syu=chito&f_hi1=2026-06-13&f_hi2=2026-06-14&f_heya_su=1&f_otona_su=1&f_s1=0&f_s2=0&f_y1=0&f_y2=0&f_y3=0&f_y4=0&f_camp_id=6451556,0,2026-06-13,17600,17600,0,2026-06-13,fukuoka
197478,ＳＫＹＧＡＲＤＥＮ　ＮＥＯ,https://img.travel.rakuten.co.jp/image/tr/api/re/pvonD/?f_no=197478,https://img.travel.rakuten.co.jp/image/tr/api/re/vFumt/?f_no=197478&f_flg=PLAN,,https://img.travel.rakuten.co.jp/image/tr/api/re/gJNfM/?f_hotel_no=197478,すかいがーでんねお,【博多駅・キャナルシティへのアクセスも◎】誰とも会わない、究極のプライベート｜立地最高の完全非対面隠れ家,3800,120897.44,469487.93,812-0018,福岡県,福岡市博多区住吉2-17-35,08019413323,092-402-1887,櫛田神社前駅より徒歩10分、都市高速呉服町出口より車で約7分,なし,呉服町（福岡）,https://img.travel.rakuten.co.jp/share/HOTEL/197478/197478.jpg,https://img.travel.rakuten.co.jp/HIMG/90/197478.jpg,,,https://img.travel.rakuten.co.jp/share/HOTEL/197478/197478map.gif,28.0,3.25,"部屋の設備はバス・トイレ別とアメニティ各種、バスタオルなど、必…　2026-06-10 00:32:07投稿 <a href=""https://img.travel.rakuten.co.jp/image/tr/api/re/gJNfM/?f_hotel_no=197478"" class=""3click"">つづきはこちら</a>",triple,トリプルルーム（ダブルベッド＋シングルベッド／定員3名）,6458343.0,【オープン1周年記念】感謝を込めてQUOカード500円プレゼント｜5〜6月限定の特典付プラン,1,0,0,0,0,2,https://img.travel.rakuten.co.jp/image/tr/api/re/IdsCY/?f_no=197478&f_syu=triple&f_hi1=2026-06-13&f_hi2=2026-06-14&f_heya_su=1&f_otona_su=1&f_s1=0&f_s2=0&f_y1=0&f_y2=0&f_y3=0&f_y4=0&f_camp_id=6458343,0,2026-06-13,26000,26000,0,2026-06-13,fukuoka
192380,ＨＯＴＥＬ　Ａｌｌ　Ｓｔａｙ　博多空港通,https://img.travel.rakuten.co.jp/image/tr/api/re/pvonD/?f_no=192380,https://img.travel.rakuten.co.jp/image/tr/api/re/vFumt/?f_no=192380&f_flg=PLAN,,https://img.travel.rakuten.co.jp/image/tr/api/re/gJNfM/?f_hotel_no=192380,おーるすていはかたくうこうどおり,【無人フロントホテル】２０２４年３月リニューアルオープン！博多駅から徒歩圏内の好立地です！,2380,120933.89,469539.24,812-0043,福岡県,福岡市博多区堅粕4-16-5,092-409-4892,092-401-1057,博多駅から徒歩約１３分,無し（敷地内に無断で駐車される方が増えています。絶対にお停めにならないようお願い申し上げます。）,博多,https://img.travel.rakuten.co.jp/share/HOTEL/192380/192380.jpg,https://img.travel.rakuten.co.jp/HIMG/90/192380.jpg,,,https://img.travel.rakuten.co.jp/share/HOTEL/192380/192380map.gif,1.0,,,chito,スタジオアパートメントC,6452241.0,【楽天スーパーSALE】【素泊まり】スタンダードプラン「迷ったらコレ！」,1,0,0,0,0,2,https://img.travel.rakuten.co.jp/image/tr/api/re/IdsCY/?f_no=192380&f_syu=chito&f_hi1=2026-06-13&f_hi2=2026-06-14&f_heya_su=1&f_otona_su=1&f_s1=0&f_s2=0&f_y1=0&f_y2=0&f_y3=0&f_y4=0&f_camp_id=6452241,0,2026-06-13,22500,22500,0,2026-06-13,fukuoka
198736,ＥＲＵＺＡ　ＨＡＫＡＴＡ,https://img.travel.rakuten.co.jp/image/tr/api/re/pvonD/?f_no=198736,https://img.travel.rakuten.co.jp/image/tr/api/re/vFumt/?f_no=198736&f_flg=PLAN,,https://img.travel.rakuten.co.jp/image/tr/api/re/gJNfM/?f_hotel_no=198736,えるざ はかた,無人運営のスマートステイ。 人に会わず、スムーズに泊まれる宿。,2530,120888.61,469543.92,812-0016,福岡県,福岡市博多区博多駅南3-5-1,092-401-0244,--,「博多駅」より徒歩約12分。車で約3分 / 福岡都市高速環状線半道橋ICより約9分,なし,博多,https://img.travel.rakuten.co.jp/share/HOTEL/198736/198736.jpg,https://img.travel.rakuten.co.jp/HIMG/90/198736.jpg,,,https://img.travel.rakuten.co.jp/share/HOTEL/198736/198736map.gif,,,,supt2,スーペリアツイン,6440691.0,【返金不可】素泊まり / シンプルステイ,1,0,0,0,0,2,https://img.travel.rakuten.co.jp/image/tr/api/re/IdsCY/?f_no=198736&f_syu=supt2&f_hi1=2026-06-13&f_hi2=2026-06-14&f_heya_su=1&f_otona_su=1&f_s1=0&f_s2=0&f_y1=0&f_y2=0&f_y3=0&f_y4=0&f_camp_id=6440691,0,2026-06-13,21950,21950,0,2026-06-13,fukuoka
172008,ホテルリブマックス博多駅南,https://img.travel.rakuten.co.jp/image/tr/api/re/pvonD/?f_no=172008,https://img.travel.rakuten.co.jp/image/tr/api/re/vFumt/?f_no=172008&f_flg=PLAN,https://img.travel.rakuten.co.jp/image/tr/api/re/WzozX/?noTomariHotel=172008,https://img.travel.rakuten.co.jp/image/tr/api/re/gJNfM/?f_hotel_no=172008,りぶまっくすはかたえきみなみ,2018年11月グランドオープン！博多駅前Ｃからバスで駅南三丁目下車徒歩1分！でホテル到着,3273,120884.93,469537.32,812-0016,福岡県,福岡市博多区博多駅南3-7-32,092-433-0400,092-433-0401,山陽新幹線／ＪＲ鹿児島本線／地下鉄空港線　博多駅筑紫口東6番より徒歩にて約１2分,なし,博多,https://img.travel.rakuten.co.jp/share/HOTEL/172008/172008.jpg,https://img.travel.rakuten.co.jp/HIMG/90/172008.jpg,,,https://img.travel.rakuten.co.jp/share/HOTEL/172008/172008map.gif,210.0,3.24,"ロケーションは、駅からとても離れている為、駅南というワードにひっかからないでほしい。大荷物を抱え、犬連れの場合、要・タクシーです。又、部屋は本当に小さく狭すぎて、…　2026-05-31 04:25:37投稿 <a href=""https://img.travel.rakuten.co.jp/image/tr/api/re/gJNfM/?f_hotel_no=172008"" class=""3click"">つづきはこちら</a>",pet-sn,☆ペットルーム☆禁煙☆セミダブルベッド−小型犬１室２匹ＯＫ−,5822917.0,【Dog×Stay】ワンちゃん同伴宿泊プラン【直前予約限定でポイント１０倍付き】【素泊り】,10,0,0,0,0,1,https://img.travel.rakuten.co.jp/image/tr/api/re/IdsCY/?f_no=172008&f_syu=pet-sn&f_hi1=2026-06-13&f_hi2=2026-06-14&f_heya_su=1&f_otona_su=1&f_s1=0&f_s2=0&f_y1=0&f_y2=0&f_y3=0&f_y4=0&f_camp_id=5822917,0,2026-06-13,22000,22000,0,2026-06-13,fukuoka
172657,ＪＡＭ　ＨＯＳＴＥＬ博多駅前（ＪＡＭ　ＨＯＳＴＥＬ　Ｈａｋａｔａ　Ｓｔａｔｉｏｎ　Ｆｒｏｎｔ）,https://img.travel.rakuten.co.jp/image/tr/api/re/pvonD/?f_no=172657,https://img.travel.rakuten.co.jp/image/tr/api/re/vFumt/?f_no=172657&f_flg=PLAN,,https://img.travel.rakuten.co.jp/image/tr/api/re/gJNfM/?f_hotel_no=172657,じゃむほすてるはかたえきまえ（じゃむほすてるはかたすてーしょんふろんと）,博多駅より徒歩6分。博多駅から1番近いゲストハウスです(*^-^*) 珍しいモーニングチェックインOK♪,3240,120896.08,469519.11,812-0011,福岡県,福岡市博多区博多駅前4-17-22,070-7528-6474,000-000-0000,ＪＲ　博多駅より徒歩にて約６分,近くのコインパーキングをご紹介します。,博多,https://img.travel.rakuten.co.jp/share/HOTEL/172657/172657.jpg,https://img.travel.rakuten.co.jp/HIMG/90/172657.jpg,https://img.travel.rakuten.co.jp/share/HOTEL/172657/172657_kan1.jpg,https://img.travel.rakuten.co.jp/HIMG/INTERIOR/172657.jpg,https://img.travel.rakuten.co.jp/share/HOTEL/172657/172657map.gif,57.0,3.2,,207,男女共用ドミトリー　二段ベッド1名分,4435809.0,ドミトリールーム　オンライン決済プラン♪　【禁煙】 通常の予約よりお得です！,1,0,0,0,0,2,https://img.travel.rakuten.co.jp/image/tr/api/re/IdsCY/?f_no=172657&f_syu=207&f_hi1=2026-06-13&f_hi2=2026-06-14&f_heya_su=1&f_otona_su=1&f_s1=0&f_s2=0&f_y1=0&f_y2=0&f_y3=0&f_y4=0&f_camp_id=4435809,0,2026-06-13,8200,8200,0,2026-06-13,fukuoka
177451,クインテッサホテル福岡博多　Ｒｅｌａｘ＆Ｓｌｅｅｐ,https://img.travel.rakuten.co.jp/image/tr/api/re/pvonD/?f_no=177451,https://img.travel.rakuten.co.jp/image/tr/api/re/vFumt/?f_no=177451&f_flg=PLAN,https://img.travel.rakuten.co.jp/image/tr/api/re/WzozX/?noTomariHotel=177451,https://img.travel.rakuten.co.jp/image/tr/api/re/gJNfM/?f_hotel_no=177451,くいんてっさほてるふくおかはかた　りらっくす　あんど　すりーぷ,2023年5月1日リブランドオープン！博多駅から徒歩7分の好立地。スランバー社製ベッドやアロマストーンで上質な睡眠を。,4500,120901.78,469537.78,812-0013,福岡県,福岡市博多区博多駅東2-9-29,092-292-6728,092-292-6729,博多駅より徒歩にて約７分。福岡空港から地下鉄空港線経由で約25分。,無し,博多,https://img.travel.rakuten.co.jp/share/HOTEL/177451/177451.jpg,https://img.travel.rakuten.co.jp/HIMG/90/177451.jpg,,,https://img.travel.rakuten.co.jp/share/HOTEL/177451/177451map.gif,196.0,3.75,,qan,スタンダードクイーン,5692905.0,【スタンダードプラン】上質な睡眠・出張の疲れを癒します。(素泊まり),1,0,0,0,0,1,https://img.travel.rakuten.co.jp/image/tr/api/re/IdsCY/?f_no=177451&f_syu=qan&f_hi1=2026-06-13&f_hi2=2026-06-14&f_heya_su=1&f_otona_su=1&f_s1=0&f_s2=0&f_y1=0&f_y2=0&f_y3=0&f_y4=0&f_camp_id=5692905,0,2026-06-13,29000,29000,0,2026-06-13,fukuoka
196685,十二ＨＯＴＥＬ（ジュウニホテル）,https://img.travel.rakuten.co.jp/image/tr/api/re/pvonD/?f_no=196685,https://img.travel.rakuten.co.jp/image/tr/api/re/vFumt/?f_no=196685&f_flg=PLAN,https://img.travel.rakuten.co.jp/image/tr/api/re/WzozX/?noTomariHotel=196685,https://img.travel.rakuten.co.jp/image/tr/api/re/gJNfM/?f_hotel_no=196685,じゅうにほてる,２０２５年６月開業！オールインクルーシブ×全室サウナ付。１２室限定の特別ホテル。,9450,120917.6,469656.71,812-0853,福岡県,福岡市博多区東平尾1-16-25,092-623-6383,092-623-6384,福岡空港⇔ホテル間の送迎サービスを事前予約制で実施中。,無料駐車場12台あり,福岡空港,https://img.travel.rakuten.co.jp/share/HOTEL/196685/196685.jpg,https://img.travel.rakuten.co.jp/HIMG/90/196685.jpg,,,https://img.travel.rakuten.co.jp/share/HOTEL/196685/196685map.gif,28.0,4.71,"素晴らしい1日をすごせました。サウナに水風呂、製氷機にワイン。広い部屋に素晴らしい設備が整ってチェックインからチェックアウトまで有意義に過ごせました…　2026-06-02 10:39:25投稿 <a href=""https://img.travel.rakuten.co.jp/image/tr/api/re/gJNfM/?f_hotel_no=196685"" class=""3click"">つづきはこちら</a>",finlandsa2,フィンランドサウナ付ルーム（ツイン60m2）(1〜4名利用),6254977.0,【フィンランドサウナ付ルーム】オールインクルーシブ／ツイン（60m2）,1,0,0,0,0,2,https://img.travel.rakuten.co.jp/image/tr/api/re/IdsCY/?f_no=196685&f_syu=finlandsa2&f_hi1=2026-06-13&f_hi2=2026-06-14&f_heya_su=1&f_otona_su=1&f_s1=0&f_s2=0&f_y1=0&f_y2=0&f_y3=0&f_y4=0&f_camp_id=6254977,0,2026-06-13,58220,58220,0,2026-06-13,fukuoka
38630,二日市温泉　大丸別荘,https://img.travel.rakuten.co.jp/image/tr/api/re/pvonD/?f_no=38630,https://img.travel.rakuten.co.jp/image/tr/api/re/vFumt/?f_no=38630&f_flg=PLAN,https://img.travel.rakuten.co.jp/image/tr/api/re/WzozX/?noTomariHotel=38630,https://img.travel.rakuten.co.jp/image/tr/api/re/gJNfM/?f_hotel_no=38630,ふつかいちおんせん　だいまるべっそう,博多・天神から程近い場所にあり、お部屋食が可能なプランもございます。二日市温泉をご堪能下さい。,10666,120552.68,469860.0,818-0058,福岡県,筑紫野市湯町1-20-1,0120-026-145,092-924-4126,「福岡空港」より高速バスで約30分　「博多駅」よりＪＲ線利用で20分　「福岡天神駅」より西鉄電車利用で30分,無料駐車場有り（先着6０台）,二日市,https://img.travel.rakuten.co.jp/share/HOTEL/38630/38630.jpg,https://img.travel.rakuten.co.jp/HIMG/90/38630.jpg,https://img.travel.rakuten.co.jp/share/HOTEL/38630/38630_he.jpg,https://img.travel.rakuten.co.jp/HIMG/INTERIOR/38630.jpg,https://img.travel.rakuten.co.jp/share/HOTEL/38630/38630map.gif,466.0,4.74,"お祝いのシャンペンも頂き、ありがとうございまし…　2026-05-05 16:20:08投稿 <a href=""https://img.travel.rakuten.co.jp/image/tr/api/re/gJNfM/?f_hotel_no=38630"" class=""3click"">つづきはこちら</a>",j,【平安亭】（10畳+８畳+リビング）,6236466.0,【事前カード決済限定/返金不可】素泊りプラン【源泉かけ流し天然温泉を満喫】,1,0,0,0,0,2,https://img.travel.rakuten.co.jp/image/tr/api/re/IdsCY/?f_no=38630&f_syu=j&f_hi1=2026-06-13&f_hi2=2026-06-14&f_heya_su=1&f_otona_su=1&f_s1=0&f_s2=0&f_y1=0&f_y2=0&f_y3=0&f_y4=0&f_camp_id=6236466,0,2026-06-13,55406,55406,0,2026-06-13,fukuoka
178470,Ｓｔａｙ　Ｈａｋａｔａ,https://img.travel.rakuten.co.jp/image/tr/api/re/pvonD/?f_no=178470,https://img.travel.rakuten.co.jp/image/tr/api/re/vFumt/?f_no=178470&f_flg=PLAN,,https://img.travel.rakuten.co.jp/image/tr/api/re/gJNfM/?f_hotel_no=178470,すてい　はかた,キャナルシティまで徒歩5分。天神・博多まで車で５分。60平米の広い部屋で、家族・グループ旅行に人気！,4760,120895.62,469487.29,812-0018,福岡県,福岡市博多区住吉3-9-22,092-406-8470,092-406-8441,博多駅より徒歩にて約２０分　または　お車にて約１０分,無し,博多,https://img.travel.rakuten.co.jp/share/HOTEL/178470/178470.jpg,https://img.travel.rakuten.co.jp/HIMG/90/178470.jpg,https://img.travel.rakuten.co.jp/share/HOTEL/178470/178470_kan1.jpg,https://img.travel.rakuten.co.jp/HIMG/INTERIOR/178470.jpg,https://img.travel.rakuten.co.jp/share/HOTEL/178470/178470map.gif,38.0,4.05,"お部屋は隅の方には髪の毛が落ちて…　2026-05-27 10:49:36投稿 <a href=""https://img.travel.rakuten.co.jp/image/tr/api/re/gJNfM/?f_hotel_no=178470"" class=""3click"">つづきはこちら</a>",dx,デラックスルーム禁煙,5872403.0,キャッシュレスで受付がスムーズに！キャナルシティや屋台へ徒歩圏内！Stay Hakataに泊まろう,5,0,0,0,0,2,https://img.travel.rakuten.co.jp/image/tr/api/re/IdsCY/?f_no=178470&f_syu=dx&f_hi1=2026-06-13&f_hi2=2026-06-14&f_heya_su=1&f_otona_su=1&f_s1=0&f_s2=0&f_y1=0&f_y2=0&f_y3=0&f_y4=0&f_camp_id=5872403,0,2026-06-13,56000,56000,0,2026-06-13,fukuoka
174944,ヴィンテージＩＩＩ／民泊,https://img.travel.rakuten.co.jp/image/tr/api/re/pvonD/?f_no=174944,https://img.travel.rakuten.co.jp/image/tr/api/re/vFumt/?f_no=174944&f_flg=PLAN,,https://img.travel.rakuten.co.jp/image/tr/api/re/gJNfM/?f_hotel_no=174944,,【民泊】,2262,120871.35,469296.04,814-0005,福岡県,福岡市早良区祖原8-21,090-3685-1866,000-000-0000,西新駅より徒歩にて約４分,無し,西新,https://img.travel.rakuten.co.jp/share/HOTEL/174944/174944.jpg,https://img.travel.rakuten.co.jp/HIMG/90/174944.jpg,,,https://img.travel.rakuten.co.jp/share/HOTEL/174944/174944map.gif,2.0,,,r14774_4,ヴィンテージIII 103,5772629.0,【無料WiFi】博多や天神へのアクセス良好★西新駅から徒歩圏内!! ロフト付,1,0,0,0,0,2,https://img.travel.rakuten.co.jp/image/tr/api/re/IdsCY/?f_no=174944&f_syu=r14774_4&f_hi1=2026-06-13&f_hi2=2026-06-14&f_heya_su=1&f_otona_su=1&f_s1=0&f_s2=0&f_y1=0&f_y2=0&f_y3=0&f_y4=0&f_camp_id=5772629,0,2026-06-13,32480,32480,0,2026-06-13,fukuoka
56976,休暇村　志賀島,https://img.travel.rakuten.co.jp/image/tr/api/re/pvonD/?f_no=56976,https://img.travel.rakuten.co.jp/image/tr/api/re/vFumt/?f_no=56976&f_flg=PLAN,https://img.travel.rakuten.co.jp/image/tr/api/re/WzozX/?noTomariHotel=56976,https://img.travel.rakuten.co.jp/image/tr/api/re/gJNfM/?f_hotel_no=56976,きゅうかむら　しかのしま,玄界灘のビーチサイドリゾート　海が見える露天風呂で温泉を満喫　リニューアルした玄界灘海鮮ビュッフェ,11000,121248.02,469053.63,811-0325,福岡県,福岡市東区勝馬1803-1,092-603-6631,092-603-6634,ＪＲ　西戸崎駅より西鉄バスにて約２０分、休暇村志賀島バス停にて下車すぐ（玄関前に到着）,有り　１５０台　無料　予約不要,西戸崎,https://img.travel.rakuten.co.jp/share/HOTEL/56976/56976.jpg,https://img.travel.rakuten.co.jp/HIMG/90/56976.jpg,https://img.travel.rakuten.co.jp/share/HOTEL/56976/56976_kya.jpg,https://img.travel.rakuten.co.jp/HIMG/INTERIOR/56976.jpg,https://img.travel.rakuten.co.jp/share/HOTEL/56976/56976map.gif,433.0,4.33,"ちょっと物足りなく、サウナ風呂もないので、割高感が残りました。バイキングもイマイチ得筆…　2026-06-11 13:29:42投稿 <a href=""https://img.travel.rakuten.co.jp/image/tr/api/re/gJNfM/?f_hotel_no=56976"" class=""3click"">つづきはこちら</a>",wa1haku,海の見える和室【禁煙】,6402007.0,【ネット特定日限定】お手軽素泊まり宿泊プラン（1日5部屋）,1,0,0,0,0,1,https://img.travel.rakuten.co.jp/image/tr/api/re/IdsCY/?f_no=56976&f_syu=wa1haku&f_hi1=2026-06-13&f_hi2=2026-06-14&f_heya_su=1&f_otona_su=1&f_s1=0&f_s2=0&f_y1=0&f_y2=0&f_y3=0&f_y4=0&f_camp_id=6402007,0,2026-06-13,18200,18200,0,2026-06-13,fukuoka
197940,Ｔａｂｉ　ａｎｄ．－ｌｉｇｈｔ－博多０１,https://img.travel.rakuten.co.jp/image/tr/api/re/pvonD/?f_no=197940,https://img.travel.rakuten.co.jp/image/tr/api/re/vFumt/?f_no=197940&f_flg=PLAN,,https://img.travel.rakuten.co.jp/image/tr/api/re/gJNfM/?f_hotel_no=197940,たびあんどらいとはかた01,2025年10月に誕生！新築アパートメント型ホテルです！,2137,120893.03,469553.41,812-0014,福岡県,福岡市博多区比恵町16-10,092-409-4892,092-401-1057,博多駅より徒歩15分,なし,博多,https://img.travel.rakuten.co.jp/share/HOTEL/197940/197940.jpg,https://img.travel.rakuten.co.jp/HIMG/90/197940.jpg,,,https://img.travel.rakuten.co.jp/share/HOTEL/197940/197940map.gif,7.0,4.14,,dhito,デラックススイートD,6361174.0,【素泊まり】スタンダードプラン「迷ったらコレ！」,1,0,0,0,0,2,https://img.travel.rakuten.co.jp/image/tr/api/re/IdsCY/?f_no=197940&f_syu=dhito&f_hi1=2026-06-13&f_hi2=2026-06-14&f_heya_su=1&f_otona_su=1&f_s1=0&f_s2=0&f_y1=0&f_y2=0&f_y3=0&f_y4=0&f_camp_id=6361174,0,2026-06-13,29867,29867,0,2026-06-13,fukuoka
196144,Ｇｒａｎｄ　ＳＴＡＹ　博多駅北,https://img.travel.rakuten.co.jp/image/tr/api/re/pvonD/?f_no=196144,https://img.travel.rakuten.co.jp/image/tr/api/re/vFumt/?f_no=196144&f_flg=PLAN,,https://img.travel.rakuten.co.jp/image/tr/api/re/gJNfM/?f_hotel_no=196144,ぐらんど　すてい　はかたえききた,ＪＲ博多駅から徒歩１3分！！　福岡の中心地、博多が徒歩圏内！フランスベッド、洗濯乾燥機、プロジェクター完備！,11900,120940.47,469531.52,812-0043,福岡県,福岡市博多区堅粕3-15-4,092-412-5133,--,博多駅筑紫口より徒歩にて約１３分になります。,有り　１２台　予約不可（先着順）,博多,https://img.travel.rakuten.co.jp/share/HOTEL/196144/196144.jpg,https://img.travel.rakuten.co.jp/HIMG/90/196144.jpg,,,https://img.travel.rakuten.co.jp/share/HOTEL/196144/196144map.gif,5.0,4.5,,twins,スーペリアツイン＋ソファ（1~4名利用）,6186412.0,【♪♪口コミ投稿プラン♪♪】 最安価格でご提供！博多駅から徒歩13分！全室シアタールーム付,1,0,0,0,0,2,https://img.travel.rakuten.co.jp/image/tr/api/re/IdsCY/?f_no=196144&f_syu=twins&f_hi1=2026-06-13&f_hi2=2026-06-14&f_heya_su=1&f_otona_su=1&f_s1=0&f_s2=0&f_y1=0&f_y2=0&f_y3=0&f_y4=0&f_camp_id=6186412,0,2026-06-13,35500,35500,1,2026-06-13,fukuoka
180451,Ｈｏｔｅｌ　Ｄｒｅａｍ　Ｉｎｎ　Ｈａｋａｔａ,https://img.travel.rakuten.co.jp/image/tr/api/re/pvonD/?f_no=180451,https://img.travel.rakuten.co.jp/image/tr/api/re/vFumt/?f_no=180451&f_flg=PLAN,https://img.travel.rakuten.co.jp/image/tr/api/re/WzozX/?noTomariHotel=180451,https://img.travel.rakuten.co.jp/image/tr/api/re/gJNfM/?f_hotel_no=180451,ほてる　どりーむ　いん　はかた,博多駅から徒歩約10分。　全室キッチンと乾燥機付き洗濯機完備でご家族での旅行やビジネス利用も快適♪,3150,120887.59,469527.88,812-0016,福岡県,福岡市博多区博多駅南2-11-25,092-471-6787,092-451-5511,博多駅より徒歩にて約10分,無し,博多,https://img.travel.rakuten.co.jp/share/HOTEL/180451/180451.jpg,https://img.travel.rakuten.co.jp/HIMG/90/180451.jpg,,,https://img.travel.rakuten.co.jp/share/HOTEL/180451/180451map.gif,52.0,4.2,,ns_quad3,【本館】２ダブルルーム（定員５名）,5258589.0,【2日前まで無料キャンセル！ 現地決済もOK！】基本素泊まりプラン☆彡,1,0,0,0,0,1,https://img.travel.rakuten.co.jp/image/tr/api/re/IdsCY/?f_no=180451&f_syu=ns_quad3&f_hi1=2026-06-13&f_hi2=2026-06-14&f_heya_su=1&f_otona_su=1&f_s1=0&f_s2=0&f_y1=0&f_y2=0&f_y3=0&f_y4=0&f_camp_id=5258589,0,2026-06-13,38500,38500,0,2026-06-13,fukuoka
188823,ＡＬＦＡＣＩＯ　ＲＩＶＥＲＳＩＤＥ　ＳＴＡＹ　ＨＡＫＡＴＡ,https://img.travel.rakuten.co.jp/image/tr/api/re/pvonD/?f_no=188823,https://img.travel.rakuten.co.jp/image/tr/api/re/vFumt/?f_no=188823&f_flg=PLAN,,https://img.travel.rakuten.co.jp/image/tr/api/re/gJNfM/?f_hotel_no=188823,あるふぁしお　りばーさいど　すてい　はかた,天神・博多へ好アクセス！リバービューの広々客室,2193,120899.15,469484.56,812-0018,福岡県,福岡市博多区住吉2-21-15,092-409-4892,,博多駅から徒歩約１４分,無し,博多,https://img.travel.rakuten.co.jp/share/HOTEL/188823/188823.jpg,https://img.travel.rakuten.co.jp/HIMG/90/188823.jpg,,,https://img.travel.rakuten.co.jp/share/HOTEL/188823/188823map.gif,9.0,4.2,,chito,デラックススイートC,6452676.0,【楽天スーパーSALE】【素泊まり】スタンダードプラン「迷ったらコレ！」,1,0,0,0,0,2,https://img.travel.rakuten.co.jp/image/tr/api/re/IdsCY/?f_no=188823&f_syu=chito&f_hi1=2026-06-13&f_hi2=2026-06-14&f_heya_su=1&f_otona_su=1&f_s1=0&f_s2=0&f_y1=0&f_y2=0&f_y3=0&f_y4=0&f_camp_id=6452676,0,2026-06-13,28800,28800,0,2026-06-13,fukuoka
67249,割烹旅館　まさご屋,https://img.travel.rakuten.co.jp/image/tr/api/re/pvonD/?f_no=67249,https://img.travel.rakuten.co.jp/image/tr/api/re/vFumt/?f_no=67249&f_flg=PLAN,https://img.travel.rakuten.co.jp/image/tr/api/re/WzozX/?noTomariHotel=67249,https://img.travel.rakuten.co.jp/image/tr/api/re/gJNfM/?f_hotel_no=67249,かっぽう　まさごや,玄界灘を眺望しながら静かなひとときを！！獲れたての魚介類を「まさごや」の技で料理！！,9000,121261.87,469068.97,811-0325,福岡県,福岡市東区勝馬257-5,092-603-6417,092-603-6788,太宰府IC、福岡ICからは都市高速経由「香椎浜ランプ」より海の中道大橋経由で志賀島へ,有り　５０台　無料　予約不要,西戸崎,https://img.travel.rakuten.co.jp/share/HOTEL/67249/67249.jpg,https://img.travel.rakuten.co.jp/HIMG/90/67249.jpg,https://img.travel.rakuten.co.jp/share/HOTEL/67249/67249_wa.jpg,https://img.travel.rakuten.co.jp/HIMG/INTERIOR/67249.jpg,https://img.travel.rakuten.co.jp/share/HOTEL/67249/67249map.gif,48.0,4.74,"クチコミの詳細はこちらから　https://review.travel.rakuten.co.jp/hotel/voice/67249?rev…　2026-06-06 19:47:06投稿 <a href=""https://img.travel.rakuten.co.jp/image/tr/api/re/gJNfM/?f_hotel_no=67249"" class=""3click"">つづきはこちら</a>",205,部屋風呂タイプ205号,6345121.0,ゆっくり素泊まりプラン。,1,0,0,0,0,2,https://img.travel.rakuten.co.jp/image/tr/api/re/IdsCY/?f_no=67249&f_syu=205&f_hi1=2026-06-13&f_hi2=2026-06-14&f_heya_su=1&f_otona_su=1&f_s1=0&f_s2=0&f_y1=0&f_y2=0&f_y3=0&f_y4=0&f_camp_id=6345121,0,2026-06-13,17000,17000,0,2026-06-13,fukuoka
195905,Ｆｕｋｕｏｋａ　Ｇｕｅｓｔｈｏｕｓｅ　ＣＡＭＰ,https://img.travel.rakuten.co.jp/image/tr/api/re/pvonD/?f_no=195905,https://img.travel.rakuten.co.jp/image/tr/api/re/vFumt/?f_no=195905&f_flg=PLAN,,https://img.travel.rakuten.co.jp/image/tr/api/re/gJNfM/?f_hotel_no=195905,フクオカゲストハウス　キャンプ,深呼吸と遊びごころ　明かりの種を持ち寄る　僕らの隠れ家,2888,120957.08,469466.22,812-0033,福岡県,福岡市博多区大博町4-5,092-235-1565,092-235-1565,地下鉄呉服町駅より徒歩約１０分、マリンメッセ、国際会議場まで徒歩５分,近隣に格安コインパーキング（例：夜20時から朝8時200円）多数ございます。,呉服町（福岡）,https://img.travel.rakuten.co.jp/share/HOTEL/195905/195905.jpg,https://img.travel.rakuten.co.jp/HIMG/90/195905.jpg,,,https://img.travel.rakuten.co.jp/share/HOTEL/195905/195905map.gif,3.0,,,mixdomi,男女混合ドミトリー ,6163282.0,【直前】直前予約がお得なチャンス！ ※地下鉄呉服町駅より徒歩１０分♪・マリンメッセまで徒歩５分♪,1,0,0,0,0,1,https://img.travel.rakuten.co.jp/image/tr/api/re/IdsCY/?f_no=195905&f_syu=mixdomi&f_hi1=2026-06-13&f_hi2=2026-06-14&f_heya_su=1&f_otona_su=1&f_s1=0&f_s2=0&f_y1=0&f_y2=0&f_y3=0&f_y4=0&f_camp_id=6163282,0,2026-06-13,9600,9600,0,2026-06-13,fukuoka
182327,グランドベース博多プレミアム,https://img.travel.rakuten.co.jp/image/tr/api/re/pvonD/?f_no=182327,https://img.travel.rakuten.co.jp/image/tr/api/re/vFumt/?f_no=182327&f_flg=PLAN,https://img.travel.rakuten.co.jp/image/tr/api/re/WzozX/?noTomariHotel=182327,https://img.travel.rakuten.co.jp/image/tr/api/re/gJNfM/?f_hotel_no=182327,ぐらんどべーすはかたぷれみあむ,【無人フロントホテル】観光・ビジネスの拠点としての機能を兼ね備えた新スタイルホテル。,2467,120890.24,469497.9,812-0018,福岡県,福岡市博多区住吉4-9-12,092-409-4892,,博多駅から徒歩10分、「住吉」バス停から徒歩2分。福岡空港からお車にて約２０分。,専用駐車場・提携駐車場はございません。 公式サイトから、近隣のコインパーキングをご確認下さい。,福岡空港,https://img.travel.rakuten.co.jp/share/HOTEL/182327/182327.jpg,https://img.travel.rakuten.co.jp/HIMG/90/182327.jpg,,,https://img.travel.rakuten.co.jp/share/HOTEL/182327/182327map.gif,24.0,4.5,,chito,スタンダードC,6451684.0,【楽天スーパーSALE】【素泊まり】スタンダードプラン「迷ったらコレ！」,1,0,0,0,0,2,https://img.travel.rakuten.co.jp/image/tr/api/re/IdsCY/?f_no=182327&f_syu=chito&f_hi1=2026-06-13&f_hi2=2026-06-14&f_heya_su=1&f_otona_su=1&f_s1=0&f_s2=0&f_y1=0&f_y2=0&f_y3=0&f_y4=0&f_camp_id=6451684,0,2026-06-13,18720,18720,0,2026-06-13,fukuoka
193394,エルスタンザ天神東,https://img.travel.rakuten.co.jp/image/tr/api/re/pvonD/?f_no=193394,https://img.travel.rakuten.co.jp/image/tr/api/re/vFumt/?f_no=193394&f_flg=PLAN,,https://img.travel.rakuten.co.jp/image/tr/api/re/gJNfM/?f_hotel_no=193394,えるすたんざてんじんひがし,アパートメントタイプのホテルで住むようにに宿泊,4080,120956.61,469444.69,812-0021,福岡県,福岡市博多区築港本町11-3,0927-31-5539,000-000-0000,ＪＲ　「博多駅」より地下鉄「呉服町駅」約20分→地下鉄「呉服町駅」から車で約5分,無し,呉服町（福岡）,https://img.travel.rakuten.co.jp/share/HOTEL/193394/193394.jpg,https://img.travel.rakuten.co.jp/HIMG/90/193394.jpg,,,https://img.travel.rakuten.co.jp/share/HOTEL/193394/193394map.gif,4.0,,,eld5021202,デラックスルームダブルベッド2台キッチン洗濯機付禁煙,6132054.0,【地下鉄呉服町駅徒歩で10分】素泊まり　禁煙　キッチン・洗濯機付き【長期滞在・大人数宿泊がおトク】,1,0,0,0,0,2,https://img.travel.rakuten.co.jp/image/tr/api/re/IdsCY/?f_no=193394&f_syu=eld5021202&f_hi1=2026-06-13&f_hi2=2026-06-14&f_heya_su=1&f_otona_su=1&f_s1=0&f_s2=0&f_y1=0&f_y2=0&f_y3=0&f_y4=0&f_camp_id=6132054,0,2026-06-13,23700,23700,0,2026-06-13,fukuoka
170315,博多駅まで徒歩５分！　敷地内の激安駐車場あり！オシャレなお部屋で福岡満喫ステイ！　ピコロ博多／民泊,https://img.travel.rakuten.co.jp/image/tr/api/re/pvonD/?f_no=170315,https://img.travel.rakuten.co.jp/image/tr/api/re/vFumt/?f_no=170315&f_flg=PLAN,,https://img.travel.rakuten.co.jp/image/tr/api/re/gJNfM/?f_hotel_no=170315,,２０２１年５月グランドオープン★博多駅まで徒歩７分！観光・グルメ・ショッピング【民泊】,6060,120929.36,469529.59,812-0043,福岡県,福岡市博多区堅粕5-5-20　ピコロ博多,070-8543-3939,000-000-0000,博多駅から徒歩で約７分,有り,博多,https://img.travel.rakuten.co.jp/share/HOTEL/170315/170315.jpg,https://img.travel.rakuten.co.jp/HIMG/90/170315.jpg,,,https://img.travel.rakuten.co.jp/share/HOTEL/170315/170315map.gif,4.0,,,r11332_4,Superior 505,5144605.0,Superior 505,1,0,0,0,0,2,https://img.travel.rakuten.co.jp/image/tr/api/re/IdsCY/?f_no=170315&f_syu=r11332_4&f_hi1=2026-06-13&f_hi2=2026-06-14&f_heya_su=1&f_otona_su=1&f_s1=0&f_s2=0&f_y1=0&f_y2=0&f_y3=0&f_y4=0&f_camp_id=5144605,0,2026-06-13,31782,31782,0,2026-06-13,fukuoka
174565,ＦＬＡＴ　ＨＯＵＳＥ　ｖｉｌｌａ／民泊,https://img.travel.rakuten.co.jp/image/tr/api/re/pvonD/?f_no=174565,https://img.travel.rakuten.co.jp/image/tr/api/re/vFumt/?f_no=174565&f_flg=PLAN,,https://img.travel.rakuten.co.jp/image/tr/api/re/gJNfM/?f_hotel_no=174565,,築５０年以上の古い米兵用住宅＝米軍ハウスで　ゆったりした時間を過ごしませんか。【民泊】,9860,121120.58,469277.08,811-0321,福岡県,福岡市東区西戸崎4-18-1,090-6489-5725,000-000-0000,西戸崎駅より徒歩にて約３分,有り,西戸崎,https://img.travel.rakuten.co.jp/share/HOTEL/174565/174565.jpg,https://img.travel.rakuten.co.jp/HIMG/90/174565.jpg,,,https://img.travel.rakuten.co.jp/share/HOTEL/174565/174565map.gif,,,,r4674_6,FLAT  HOUSE villa,5442208.0,海辺の米軍ハウスにのんびり滞在,1,0,0,0,0,2,https://img.travel.rakuten.co.jp/image/tr/api/re/IdsCY/?f_no=174565&f_syu=r4674_6&f_hi1=2026-06-13&f_hi2=2026-06-14&f_heya_su=1&f_otona_su=1&f_s1=0&f_s2=0&f_y1=0&f_y2=0&f_y3=0&f_y4=0&f_camp_id=5442208,0,2026-06-13,13920,13920,0,2026-06-13,fukuoka
173809,２０７　ＰＥＫＯ＇ｓＨＯＵＳＥ／民泊,https://img.travel.rakuten.co.jp/image/tr/api/re/pvonD/?f_no=173809,https://img.travel.rakuten.co.jp/image/tr/api/re/vFumt/?f_no=173809&f_flg=PLAN,,https://img.travel.rakuten.co.jp/image/tr/api/re/gJNfM/?f_hotel_no=173809,,【民泊】,6187,121086.12,469628.86,813-0036,福岡県,福岡市東区若宮3-1-19,080-7003-2290,000-000-0000,舞松原駅より徒歩にて約４分,無し,舞松原,https://img.travel.rakuten.co.jp/share/HOTEL/173809/173809.jpg,https://img.travel.rakuten.co.jp/HIMG/90/173809.jpg,https://img.travel.rakuten.co.jp/share/HOTEL/173809/173809_kan1.jpg,https://img.travel.rakuten.co.jp/HIMG/INTERIOR/173809.jpg,https://img.travel.rakuten.co.jp/share/HOTEL/173809/173809map.gif,,,,55488_5372,PEKO’S  HOUSE  207,4723294.0,207 Pocket WIFI!Quiet and Cozy,1,0,0,0,0,2,https://img.travel.rakuten.co.jp/image/tr/api/re/IdsCY/?f_no=173809&f_syu=55488_5372&f_hi1=2026-06-13&f_hi2=2026-06-14&f_heya_su=1&f_otona_su=1&f_s1=0&f_s2=0&f_y1=0&f_y2=0&f_y3=0&f_y4=0&f_camp_id=4723294,0,2026-06-13,14500,14500,0,2026-06-13,fukuoka
199917,Ｌｕｘｕｒｙ　Ｓｗｅｅｔ博多駅南４２／民泊,https://img.travel.rakuten.co.jp/image/tr/api/re/pvonD/?f_no=199917,https://img.travel.rakuten.co.jp/image/tr/api/re/vFumt/?f_no=199917&f_flg=PLAN,,https://img.travel.rakuten.co.jp/image/tr/api/re/gJNfM/?f_hotel_no=199917,, ,4002,120868.39,469549.42,812-0016,福岡県,福岡市博多区博多駅南5-6-34 ｍｏｄｅｒｎ　ｐａｌａｚｚｏ博多駅南Ｖｏｇｕｅ４０２,070-4732-0719,00-0000-0000,竹下駅から徒歩で4分,なし,竹下,https://img.travel.rakuten.co.jp/share/HOTEL/199917/199917.jpg,https://img.travel.rakuten.co.jp/HIMG/90/199917.jpg,,,https://img.travel.rakuten.co.jp/share/HOTEL/199917/199917map.gif,,,,r21949_4,LuxurySweet博多駅南42,6441858.0,New!LuxurySweet博多駅南42・最大3~4人、博多駅車で5分・新築,1,0,0,0,0,2,https://img.travel.rakuten.co.jp/image/tr/api/re/IdsCY/?f_no=199917&f_syu=r21949_4&f_hi1=2026-06-13&f_hi2=2026-06-14&f_heya_su=1&f_otona_su=1&f_s1=0&f_s2=0&f_y1=0&f_y2=0&f_y3=0&f_y4=0&f_camp_id=6441858,0,2026-06-13,14848,14848,0,2026-06-13,fukuoka
174724,ユートピア若宮１０６／民泊,https://img.travel.rakuten.co.jp/image/tr/api/re/pvonD/?f_no=174724,https://img.travel.rakuten.co.jp/image/tr/api/re/vFumt/?f_no=174724&f_flg=PLAN,,https://img.travel.rakuten.co.jp/image/tr/api/re/gJNfM/?f_hotel_no=174724,,とても静かな空気が良い山の手の住宅街です。長期滞在の固定ゲストもいらっしゃいます。【民泊】,7830,121086.12,469628.86,813-0036,福岡県,福岡市東区若宮3-1-19,080-7003-2290,000-000-0000,舞松原駅より徒歩にて約２０分,無し,舞松原,https://img.travel.rakuten.co.jp/share/HOTEL/174724/174724.jpg,https://img.travel.rakuten.co.jp/HIMG/90/174724.jpg,https://img.travel.rakuten.co.jp/share/HOTEL/174724/174724_kan1.jpg,https://img.travel.rakuten.co.jp/HIMG/INTERIOR/174724.jpg,https://img.travel.rakuten.co.jp/share/HOTEL/174724/174724map.gif,,,,r5141_2,106 PEKO’s   HOUSE,4756099.0,106 Cozy and Cleanliness Apartment,1,0,0,0,0,2,https://img.travel.rakuten.co.jp/image/tr/api/re/IdsCY/?f_no=174724&f_syu=r5141_2&f_hi1=2026-06-13&f_hi2=2026-06-14&f_heya_su=1&f_otona_su=1&f_s1=0&f_s2=0&f_y1=0&f_y2=0&f_y3=0&f_y4=0&f_camp_id=4756099,0,2026-06-13,15080,15080,0,2026-06-13,fukuoka
193858,ハイネス五条／民泊,https://img.travel.rakuten.co.jp/image/tr/api/re/pvonD/?f_no=193858,https://img.travel.rakuten.co.jp/image/tr/api/re/vFumt/?f_no=193858&f_flg=PLAN,,https://img.travel.rakuten.co.jp/image/tr/api/re/gJNfM/?f_hotel_no=193858,,　,7850,120634.37,469918.25,818-0125,福岡県,太宰府市五条4-14-6　ハイネス五条,090-6931-6019,000-000-0000,西鉄五条駅から徒歩で約２分,無し,西鉄五条,https://img.travel.rakuten.co.jp/share/HOTEL/193858/193858.jpg,https://img.travel.rakuten.co.jp/HIMG/90/193858.jpg,,,https://img.travel.rakuten.co.jp/share/HOTEL/193858/193858map.gif,1.0,,,r18191_3,105,6155030.0,太宰府天満宮まで徒歩15分★観光・お仕事に!,1,0,0,0,0,2,https://img.travel.rakuten.co.jp/image/tr/api/re/IdsCY/?f_no=193858&f_syu=r18191_3&f_hi1=2026-06-13&f_hi2=2026-06-14&f_heya_su=1&f_otona_su=1&f_s1=0&f_s2=0&f_y1=0&f_y2=0&f_y3=0&f_y4=0&f_camp_id=6155030,0,2026-06-13,22504,22504,0,2026-06-13,fukuoka
184818,ＨＩＲＯビル,https://img.travel.rakuten.co.jp/image/tr/api/re/pvonD/?f_no=184818,https://img.travel.rakuten.co.jp/image/tr/api/re/vFumt/?f_no=184818&f_flg=PLAN,,https://img.travel.rakuten.co.jp/image/tr/api/re/gJNfM/?f_hotel_no=184818,ひろびる,博多駅からのアクセス良好！1部屋80㎡以上の広々コンドミニアムスタイルの宿泊施設です★,2886,120883.65,469520.28,812-0011,福岡県,福岡市博多区博多駅前4-25-14,092-409-4892,,博多駅から徒歩14分、バスで10分（「駅前四丁目」で下車）,敷地内に有料コインパーキング有（3台）,博多,https://img.travel.rakuten.co.jp/share/HOTEL/184818/184818.jpg,https://img.travel.rakuten.co.jp/HIMG/90/184818.jpg,,,https://img.travel.rakuten.co.jp/share/HOTEL/184818/184818map.gif,3.0,,,chito,エグゼクティブC,6451695.0,【楽天スーパーSALE】【素泊まり】スタンダードプラン「迷ったらコレ！」,1,0,0,0,0,2,https://img.travel.rakuten.co.jp/image/tr/api/re/IdsCY/?f_no=184818&f_syu=chito&f_hi1=2026-06-13&f_hi2=2026-06-14&f_heya_su=1&f_otona_su=1&f_s1=0&f_s2=0&f_y1=0&f_y2=0&f_y3=0&f_y4=0&f_camp_id=6451695,0,2026-06-13,22800,22800,0,2026-06-13,fukuoka
170900,パインヒルズ美野島／民泊,https://img.travel.rakuten.co.jp/image/tr/api/re/pvonD/?f_no=170900,https://img.travel.rakuten.co.jp/image/tr/api/re/vFumt/?f_no=170900&f_flg=PLAN,,https://img.travel.rakuten.co.jp/image/tr/api/re/gJNfM/?f_hotel_no=170900,,　,3171,120870.25,469520.47,812-0017,福岡県,福岡市博多区美野島3-5-4　パインヒルズ美野島,090-3073-1234,000-000-0000,博多駅から徒歩で約８分,無し,博多,https://img.travel.rakuten.co.jp/share/HOTEL/170900/170900.jpg,https://img.travel.rakuten.co.jp/HIMG/90/170900.jpg,,,https://img.travel.rakuten.co.jp/share/HOTEL/170900/170900map.gif,2.0,,,r12177_2,パインヒルズ美野島 406,5320222.0,406 固定WiFi 完備! 博多駅近く!  最大定員3名!,1,0,0,0,0,2,https://img.travel.rakuten.co.jp/image/tr/api/re/IdsCY/?f_no=170900&f_syu=r12177_2&f_hi1=2026-06-13&f_hi2=2026-06-14&f_heya_su=1&f_otona_su=1&f_s1=0&f_s2=0&f_y1=0&f_y2=0&f_y3=0&f_y4=0&f_camp_id=5320222,0,2026-06-13,24379,24379,0,2026-06-13,fukuoka
181794,グランドベース博多呉服,https://img.travel.rakuten.co.jp/image/tr/api/re/pvonD/?f_no=181794,https://img.travel.rakuten.co.jp/image/tr/api/re/vFumt/?f_no=181794&f_flg=PLAN,https://img.travel.rakuten.co.jp/image/tr/api/re/WzozX/?noTomariHotel=181794,https://img.travel.rakuten.co.jp/image/tr/api/re/gJNfM/?f_hotel_no=181794,ぐらんどべーすはかたごふく,【無人フロントホテル】古き良き街並みの中に新しい風を吹き込む、ナチュラル和モダンな雰囲気のグランドベース博多呉服が登場。,2193,120942.65,469497.21,812-0036,福岡県,福岡市博多区上呉服町7-7,092-409-4892,,地下鉄「呉服町駅」から徒歩6分、博多駅・マリンメッセからはバスで10分（最寄りバス停「呉服町」）,専用駐車場・提携駐車場はございません。 公式サイトから、近隣のコインパーキングをご確認下さい。,福岡空港,https://img.travel.rakuten.co.jp/share/HOTEL/181794/181794.jpg,https://img.travel.rakuten.co.jp/HIMG/90/181794.jpg,,,https://img.travel.rakuten.co.jp/share/HOTEL/181794/181794map.gif,6.0,5.0,,dhito,デラックスD,6451651.0,【楽天スーパーSALE】【素泊まり】スタンダードプラン「迷ったらコレ！」,1,0,0,0,0,2,https://img.travel.rakuten.co.jp/image/tr/api/re/IdsCY/?f_no=181794&f_syu=dhito&f_hi1=2026-06-13&f_hi2=2026-06-14&f_heya_su=1&f_otona_su=1&f_s1=0&f_s2=0&f_y1=0&f_y2=0&f_y3=0&f_y4=0&f_camp_id=6451651,0,2026-06-13,28000,28000,0,2026-06-13,fukuoka
176673,ＣＯＣＯ　Ｆｕｋｕｏｋａ　Ｃｈｉｙｏ,https://img.travel.rakuten.co.jp/image/tr/api/re/pvonD/?f_no=176673,https://img.travel.rakuten.co.jp/image/tr/api/re/vFumt/?f_no=176673&f_flg=PLAN,,https://img.travel.rakuten.co.jp/image/tr/api/re/gJNfM/?f_hotel_no=176673,ここ　ふくおか　ちよ,全室洗濯機を完備した、長期滞在者向けのサービスアパートメントです。,8000,120946.78,469508.51,812-0044,福岡県,福岡市博多区千代2-4-27　プレアール千代,080-3428-7912,,千代県庁口駅より徒歩にて約５分,無し,千代県庁口,https://img.travel.rakuten.co.jp/share/HOTEL/176673/176673.jpg,https://img.travel.rakuten.co.jp/HIMG/90/176673.jpg,,,https://img.travel.rakuten.co.jp/share/HOTEL/176673/176673map.gif,6.0,3.0,,805,Double Room 805,,,1,0,0,0,0,2,https://img.travel.rakuten.co.jp/image/tr/api/re/IdsCY/?f_no=176673&f_syu=805&f_hi1=2026-06-13&f_hi2=2026-06-14&f_heya_su=1&f_otona_su=1&f_s1=0&f_s2=0&f_y1=0&f_y2=0&f_y3=0&f_y4=0,1,2026-06-13,29000,29000,1,2026-06-13,fukuoka
182003,グランドベース博多奈良屋,https://img.travel.rakuten.co.jp/image/tr/api/re/pvonD/?f_no=182003,https://img.travel.rakuten.co.jp/image/tr/api/re/vFumt/?f_no=182003&f_flg=PLAN,https://img.travel.rakuten.co.jp/image/tr/api/re/WzozX/?noTomariHotel=182003,https://img.travel.rakuten.co.jp/image/tr/api/re/gJNfM/?f_hotel_no=182003,ぐらんどべーすはかたならや,【無人フロントホテル】マリンメッセ福岡や福岡国際会議場でイベントに参加した後は、落ち着いたトーンのお部屋でごゆっくり。,1950,120946.77,469467.8,812-0023,福岡県,福岡市博多区奈良屋町8-12,092-409-4892,,地下鉄「呉服町駅」から徒歩6分、マリンメッセからはバスで7分、博多駅からはバスで15分,専用駐車場・提携駐車場はございません。 公式サイトから、近隣のコインパーキングをご確認下さい。,呉服町（福岡）,https://img.travel.rakuten.co.jp/share/HOTEL/182003/182003.jpg,https://img.travel.rakuten.co.jp/HIMG/90/182003.jpg,,,https://img.travel.rakuten.co.jp/share/HOTEL/182003/182003map.gif,3.0,,,bhito,エグゼクティブB,6451682.0,【楽天スーパーSALE】【素泊まり】スタンダードプラン「何人泊まっても同じ値段♪」,1,0,0,0,0,2,https://img.travel.rakuten.co.jp/image/tr/api/re/IdsCY/?f_no=182003&f_syu=bhito&f_hi1=2026-06-13&f_hi2=2026-06-14&f_heya_su=1&f_otona_su=1&f_s1=0&f_s2=0&f_y1=0&f_y2=0&f_y3=0&f_y4=0&f_camp_id=6451682,0,2026-06-13,30600,30600,0,2026-06-13,fukuoka
192694,Ｐａｒｋｓｉｄｅ　Ｉｎｎ　Ｈａｋａｔａ,https://img.travel.rakuten.co.jp/image/tr/api/re/pvonD/?f_no=192694,https://img.travel.rakuten.co.jp/image/tr/api/re/vFumt/?f_no=192694&f_flg=PLAN,,https://img.travel.rakuten.co.jp/image/tr/api/re/gJNfM/?f_hotel_no=192694,ぱーくさいどいんはかた,【無人フロントホテル】２０２４年７月一部リニューアルオープン！博多駅から徒歩７分の好立地！,3909,120898.53,469514.41,812-0011,福岡県,福岡市博多区博多駅前4-11-13,092-409-4892,092-401-1057,博多駅より徒歩約７分,無し,博多,https://img.travel.rakuten.co.jp/share/HOTEL/192694/192694.jpg,https://img.travel.rakuten.co.jp/HIMG/90/192694.jpg,,,https://img.travel.rakuten.co.jp/share/HOTEL/192694/192694map.gif,,,,chito,2ベッドルームアパートメントC,6452246.0,【楽天スーパーSALE】【素泊まり】スタンダードプラン「迷ったらコレ！」,1,0,0,0,0,2,https://img.travel.rakuten.co.jp/image/tr/api/re/IdsCY/?f_no=192694&f_syu=chito&f_hi1=2026-06-13&f_hi2=2026-06-14&f_heya_su=1&f_otona_su=1&f_s1=0&f_s2=0&f_y1=0&f_y2=0&f_y3=0&f_y4=0&f_camp_id=6452246,0,2026-06-13,32001,32001,0,2026-06-13,fukuoka
170439,シャインブライト／民泊,https://img.travel.rakuten.co.jp/image/tr/api/re/pvonD/?f_no=170439,https://img.travel.rakuten.co.jp/image/tr/api/re/vFumt/?f_no=170439&f_flg=PLAN,,https://img.travel.rakuten.co.jp/image/tr/api/re/gJNfM/?f_hotel_no=170439,,　,6264,121006.29,469499.83,812-0055,福岡県,福岡市東区東浜1-7-26　シャインブライト,090-9792-6152,000-000-0000,箱崎宮前駅から徒歩で約３分,有り,箱崎宮前,https://img.travel.rakuten.co.jp/share/HOTEL/170439/170439.jpg,https://img.travel.rakuten.co.jp/HIMG/90/170439.jpg,,,https://img.travel.rakuten.co.jp/share/HOTEL/170439/170439map.gif,,,,r19291_8,Shine Bright2 103,6238236.0,【禁煙】ファミリールーム (103),1,0,0,0,0,2,https://img.travel.rakuten.co.jp/image/tr/api/re/IdsCY/?f_no=170439&f_syu=r19291_8&f_hi1=2026-06-13&f_hi2=2026-06-14&f_heya_su=1&f_otona_su=1&f_s1=0&f_s2=0&f_y1=0&f_y2=0&f_y3=0&f_y4=0&f_camp_id=6238236,0,2026-06-13,56840,56840,0,2026-06-13,fukuoka
194736,エアポートテラスハウス／民泊,https://img.travel.rakuten.co.jp/image/tr/api/re/pvonD/?f_no=194736,https://img.travel.rakuten.co.jp/image/tr/api/re/vFumt/?f_no=194736&f_flg=PLAN,,https://img.travel.rakuten.co.jp/image/tr/api/re/gJNfM/?f_hotel_no=194736,,福岡の余韻に浸りながらラグジュアリーな非日常を体感できます。【民泊】,7308,120805.66,469705.32,812-0863,福岡県,福岡市博多区金の隈1-31-48　エアポートテラスハウス,070-4732-0719,000-000-0000,雑餉隈駅から徒歩で約１０分,有り,雑餉隈,https://img.travel.rakuten.co.jp/share/HOTEL/194736/194736.jpg,https://img.travel.rakuten.co.jp/HIMG/90/194736.jpg,,,https://img.travel.rakuten.co.jp/share/HOTEL/194736/194736map.gif,,,,r19532_15,エアポートテラス,6274268.0,Airport Terrace 1棟2階建て貸切ヴィラ大型バルコニー・ サウナ・駐車場・屋内BBQ,1,0,0,0,0,2,https://img.travel.rakuten.co.jp/image/tr/api/re/IdsCY/?f_no=194736&f_syu=r19532_15&f_hi1=2026-06-13&f_hi2=2026-06-14&f_heya_su=1&f_otona_su=1&f_s1=0&f_s2=0&f_y1=0&f_y2=0&f_y3=0&f_y4=0&f_camp_id=6274268,0,2026-06-13,56840,56840,0,2026-06-13,fukuoka
56656,ホテルルートイン若宮インター,https://img.travel.rakuten.co.jp/image/tr/api/re/pvonD/?f_no=56656,https://img.travel.rakuten.co.jp/image/tr/api/re/vFumt/?f_no=56656&f_flg=PLAN,https://img.travel.rakuten.co.jp/image/tr/api/re/WzozX/?noTomariHotel=56656,https://img.travel.rakuten.co.jp/image/tr/api/re/gJNfM/?f_hotel_no=56656,ほてるるーといんわかみやいんたー,ＷＯＷＯＷ全室無料！◆大浴場有◆朝食無料◆夕食レストラン（日祝定休日有）◆wi-fi全室完備◆駐車場無料,5500,121470.63,470206.88,822-0152,福岡県,宮若市沼口234-1,0949-52-0023,0949-52-0062,ＪＲ鹿児島本線　赤間駅より車で２０分  *高速利用 　博多駅から37㎞　30分　小倉駅から　38km　35分,有り　123台　無料　先着順,赤間,https://img.travel.rakuten.co.jp/share/HOTEL/56656/56656.jpg,https://img.travel.rakuten.co.jp/HIMG/90/56656.jpg,https://img.travel.rakuten.co.jp/share/HOTEL/56656/56656_ky.jpg,https://img.travel.rakuten.co.jp/HIMG/INTERIOR/56656.jpg,https://img.travel.rakuten.co.jp/share/HOTEL/56656/56656map.gif,759.0,3.83,"部屋も過ごしやすくとても落ち…　2026-06-06 22:02:51投稿 <a href=""https://img.travel.rakuten.co.jp/image/tr/api/re/gJNfM/?f_hotel_no=56656"" class=""3click"">つづきはこちら</a>",nsb,【禁煙】シングルルーム ベット幅140　,1421939.0,【1泊朝食付】スタンダードプラン■男女別大浴場■無料バイキング朝食■広々平面無料駐車場■,1,0,0,1,0,1,https://img.travel.rakuten.co.jp/image/tr/api/re/IdsCY/?f_no=56656&f_syu=nsb&f_hi1=2026-06-13&f_hi2=2026-06-14&f_heya_su=1&f_otona_su=1&f_s1=0&f_s2=0&f_y1=0&f_y2=0&f_y3=0&f_y4=0&f_camp_id=1421939,0,2026-06-13,9650,9650,0,2026-06-13,chikuzen
12685,新飯塚ステーションホテル,https://img.travel.rakuten.co.jp/image/tr/api/re/pvonD/?f_no=12685,https://img.travel.rakuten.co.jp/image/tr/api/re/vFumt/?f_no=12685&f_flg=PLAN,https://img.travel.rakuten.co.jp/image/tr/api/re/WzozX/?noTomariHotel=12685,https://img.travel.rakuten.co.jp/image/tr/api/re/gJNfM/?f_hotel_no=12685,しんいいずかすてーしょんほてる,【2019年リニューアル】福岡市内より約40分。JR新飯塚駅より徒歩約5分。全室Wi-Fi完備。シモンズベッドが好評！,5500,121096.68,470503.58,820-0018,福岡県,飯塚市芳雄町4-20,0120-26-1377,0948-26-1309,ＪＲ福北ゆたか線『新飯塚駅』より徒歩５分  博多から快速で約４５分　福岡市内にもアクセスが便利！ホテル周辺飲食店多数有,有り　新飯塚パークプラザ（ホテル目の前）有料,新飯塚,https://img.travel.rakuten.co.jp/share/HOTEL/12685/12685.jpg,https://img.travel.rakuten.co.jp/HIMG/90/12685.jpg,https://img.travel.rakuten.co.jp/share/HOTEL/12685/12685_room.jpg,https://img.travel.rakuten.co.jp/HIMG/INTERIOR/12685.jpg,https://img.travel.rakuten.co.jp/share/HOTEL/12685/12685map.gif,1453.0,3.97,"クチコミの詳細はこちらから　https://review.travel.rakuten.co.jp/hotel/voice/1…　2026-06-09 09:40:02投稿 <a href=""https://img.travel.rakuten.co.jp/image/tr/api/re/gJNfM/?f_hotel_no=12685"" class=""3click"">つづきはこちら</a>",cns26,シングルルーム（禁煙室）,6299164.0,【素泊りプラン】シモンズベッドでゆったり！駅チカホテル,1,0,0,0,0,1,https://img.travel.rakuten.co.jp/image/tr/api/re/IdsCY/?f_no=12685&f_syu=cns26&f_hi1=2026-06-13&f_hi2=2026-06-14&f_heya_su=1&f_otona_su=1&f_s1=0&f_s2=0&f_y1=0&f_y2=0&f_y3=0&f_y4=0&f_camp_id=6299164,0,2026-06-13,8710,8710,0,2026-06-13,chikuzen
108888,ＨＯＴＥＬ　ＡＺ　福岡宗像店,https://img.travel.rakuten.co.jp/image/tr/api/re/pvonD/?f_no=108888,https://img.travel.rakuten.co.jp/image/tr/api/re/vFumt/?f_no=108888&f_flg=PLAN,https://img.travel.rakuten.co.jp/image/tr/api/re/WzozX/?noTomariHotel=108888,https://img.travel.rakuten.co.jp/image/tr/api/re/gJNfM/?f_hotel_no=108888,ほてるえーぜっと　ふくおかむなかたてん,国道３号線沿い。無料平面駐車場完備でマイカー派に便利！館内にはファミレス「Joyfull」。コンビニ徒歩約5分！,5170,121611.63,469980.48,811-3422,福岡県,宗像市王丸503-1,0940-38-3301,0940-38-3302,◆古賀ＩＣ・若宮ＩＣからお車で１５分◆　◆ＪＲ東郷駅日の里口からお車で５分◆　◆天神バスセンターからバスで６０分◆　　,無料駐車場400台（共用）あり　普通車：予約不要 、中型車・大型車：要予約（有料）,東郷,https://img.travel.rakuten.co.jp/share/HOTEL/108888/108888.jpg,https://img.travel.rakuten.co.jp/HIMG/90/108888.jpg,https://img.travel.rakuten.co.jp/share/HOTEL/108888/108888_sin.jpg,https://img.travel.rakuten.co.jp/HIMG/INTERIOR/108888.jpg,https://img.travel.rakuten.co.jp/share/HOTEL/108888/108888map.gif,1057.0,4.0,"部屋はキレイで快適でした。朝食が美味しかったです。室内温度がちょうど良く過ごしやすく夜はエアコンなしで良かったです。フロント横にミニショップがあり便利です。ま…　2026-05-30 19:03:38投稿 <a href=""https://img.travel.rakuten.co.jp/image/tr/api/re/gJNfM/?f_hotel_no=108888"" class=""3click"">つづきはこちら</a>",sn,【禁煙】シングル,6108555.0,スタンダードプラン（朝食サービス）,1,0,0,1,0,1,https://img.travel.rakuten.co.jp/image/tr/api/re/IdsCY/?f_no=108888&f_syu=sn&f_hi1=2026-06-13&f_hi2=2026-06-14&f_heya_su=1&f_otona_su=1&f_s1=0&f_s2=0&f_y1=0&f_y2=0&f_y3=0&f_y4=0&f_camp_id=6108555,0,2026-06-13,6380,6380,0,2026-06-13,chikuzen
9217,メルキュール福岡宗像リゾート＆スパ,https://img.travel.rakuten.co.jp/image/tr/api/re/pvonD/?f_no=9217,https://img.travel.rakuten.co.jp/image/tr/api/re/vFumt/?f_no=9217&f_flg=PLAN,https://img.travel.rakuten.co.jp/image/tr/api/re/WzozX/?noTomariHotel=9217,https://img.travel.rakuten.co.jp/image/tr/api/re/gJNfM/?f_hotel_no=9217,めるきゅーるふくおかむなかたりぞーとすぱ,■『苺』をテーマにしたサステナブルフェア開催～5/31迄■ 地元素材を使ったビュッフェと露天風呂付温泉が人気,4462,121888.64,469899.37,811-3514,福岡県,宗像市田野1303　,0940-62-4111,0940-62-4000,福岡空港よりお車で約60分　古賀ICより車で約40分　JR東郷駅より無料送迎バス運行中　席数に限りがございます（要予約）,有り188台,東郷,https://img.travel.rakuten.co.jp/share/HOTEL/9217/9217.jpg,https://img.travel.rakuten.co.jp/HIMG/90/9217.jpg,https://img.travel.rakuten.co.jp/share/HOTEL/9217/9217_kan.jpg,https://img.travel.rakuten.co.jp/HIMG/INTERIOR/9217.jpg,https://img.travel.rakuten.co.jp/share/HOTEL/9217/9217map.gif,2685.0,4.27,"クチコミの詳細はこちらから　https://review.travel.rakuten.co.jp/h…　2026-06-10 23:29:54投稿 <a href=""https://img.travel.rakuten.co.jp/image/tr/api/re/gJNfM/?f_hotel_no=9217"" class=""3click"">つづきはこちら</a>",r3cz,和室【ラウンジ特典付】,5877302.0,【スタンダード】福岡市内から約60分のはなれ旅 -温泉満喫-／素泊まり・ラウンジアクセス付,1,0,0,0,0,1,https://img.travel.rakuten.co.jp/image/tr/api/re/IdsCY/?f_no=9217&f_syu=r3cz&f_hi1=2026-06-13&f_hi2=2026-06-14&f_heya_su=1&f_otona_su=1&f_s1=0&f_s2=0&f_y1=0&f_y2=0&f_y3=0&f_y4=0&f_camp_id=5877302,0,2026-06-13,22000,22000,0,2026-06-13,chikuzen
136807,ＨＯＴＥＬ　ＡＺ　福岡篠栗店,https://img.travel.rakuten.co.jp/image/tr/api/re/pvonD/?f_no=136807,https://img.travel.rakuten.co.jp/image/tr/api/re/vFumt/?f_no=136807&f_flg=PLAN,https://img.travel.rakuten.co.jp/image/tr/api/re/WzozX/?noTomariHotel=136807,https://img.travel.rakuten.co.jp/image/tr/api/re/gJNfM/?f_hotel_no=136807,ほてるえーぜっと　ふくおかささぐりてん,天神・博多まで車で30分☆無料駐車場１３１台☆１階バイキング『志高』☆コンビニ１分,5170,121020.67,469813.41,811-2412,福岡県,糟屋郡篠栗町乙犬985-1,092-947-3310,092-947-3321,福岡ICより車で約５分。JR門松駅より徒歩6分。,無料駐車場131台あり　普通車：予約不要 、中型車・大型車：有料（要予約）,門松,https://img.travel.rakuten.co.jp/share/HOTEL/136807/136807.jpg,https://img.travel.rakuten.co.jp/HIMG/90/136807.jpg,https://img.travel.rakuten.co.jp/share/HOTEL/136807/136807_ro1.jpg,https://img.travel.rakuten.co.jp/HIMG/INTERIOR/136807.jpg,https://img.travel.rakuten.co.jp/share/HOTEL/136807/136807map.gif,631.0,4.0,"福岡市内から遠いが電車で市内まで出ることができるので利用している。値段がリーズナブル名のに朝食が付いているので助かっている。駐車場も広い。コンビニも目の…　2026-06-10 09:53:36投稿 <a href=""https://img.travel.rakuten.co.jp/image/tr/api/re/gJNfM/?f_hotel_no=136807"" class=""3click"">つづきはこちら</a>",s,【喫煙】シングル,6108255.0,スタンダードプラン（朝食サービス）,1,0,0,1,0,1,https://img.travel.rakuten.co.jp/image/tr/api/re/IdsCY/?f_no=136807&f_syu=s&f_hi1=2026-06-13&f_hi2=2026-06-14&f_heya_su=1&f_otona_su=1&f_s1=0&f_s2=0&f_y1=0&f_y2=0&f_y3=0&f_y4=0&f_camp_id=6108255,0,2026-06-13,6380,6380,0,2026-06-13,chikuzen
145005,ＨＯＴＥＬ　ＡＺ　福岡田川店,https://img.travel.rakuten.co.jp/image/tr/api/re/pvonD/?f_no=145005,https://img.travel.rakuten.co.jp/image/tr/api/re/vFumt/?f_no=145005&f_flg=PLAN,https://img.travel.rakuten.co.jp/image/tr/api/re/WzozX/?noTomariHotel=145005,https://img.travel.rakuten.co.jp/image/tr/api/re/gJNfM/?f_hotel_no=145005,ほてる　えーぜっと　ふくおかたがわてん,九州自動車道八幡ＩＣより車で約３５分。平成筑豊鉄道田川伊田駅より徒歩で約９分。駐車場無料★朝食無料★,4620,121102.05,470928.51,825-0012,福岡県,田川市日の出町1番7号,0947-42-0301,0947-42-0321,田川伊田駅より徒歩にて９分,無料駐車場61台あり　※車長8ｍ以上の駐車は有料・要予約,田川伊田,https://img.travel.rakuten.co.jp/share/HOTEL/145005/145005.jpg,https://img.travel.rakuten.co.jp/HIMG/90/145005.jpg,https://img.travel.rakuten.co.jp/share/HOTEL/145005/145005_kya1.jpg,https://img.travel.rakuten.co.jp/HIMG/INTERIOR/145005.jpg,https://img.travel.rakuten.co.jp/share/HOTEL/145005/145005map.gif,184.0,3.82,"クチコミの詳細はこちらから　https://review.travel.rakut…　2026-06-03 16:37:41投稿 <a href=""https://img.travel.rakuten.co.jp/image/tr/api/re/gJNfM/?f_hotel_no=145005"" class=""3click"">つづきはこちら</a>",002,【喫煙】シングル,6108153.0,スタンダードプラン（朝食サービス）,1,0,0,1,0,1,https://img.travel.rakuten.co.jp/image/tr/api/re/IdsCY/?f_no=145005&f_syu=002&f_hi1=2026-06-13&f_hi2=2026-06-14&f_heya_su=1&f_otona_su=1&f_s1=0&f_s2=0&f_y1=0&f_y2=0&f_y3=0&f_y4=0&f_camp_id=6108153,0,2026-06-13,6380,6380,0,2026-06-13,chikuzen
75193,ルートイングランティア福岡宮若－脇田温泉－,https://img.travel.rakuten.co.jp/image/tr/api/re/pvonD/?f_no=75193,https://img.travel.rakuten.co.jp/image/tr/api/re/vFumt/?f_no=75193&f_flg=PLAN,https://img.travel.rakuten.co.jp/image/tr/api/re/WzozX/?noTomariHotel=75193,https://img.travel.rakuten.co.jp/image/tr/api/re/gJNfM/?f_hotel_no=75193,るーといんぐらんてぃあふくおかみやわか　わきたおんせん　,2020年7月1日（水）新館OPEN！本館一部リニューアル＆キッズコーナーOPEN！■脇田温泉源泉掛流し,8800,121294.7,470114.94,822-0133,福岡県,宮若市脇田778-1,050-1726-2239,0949-54-0514,ＪＲ赤間駅よりお車で２５分◆博多駅バスセンターよりＪＲ九州バスで１時間＆徒歩１５分◆博多駅よりお車で４５分（無料駐車場）,有り　２００台　無料　予約不要　,赤間,https://img.travel.rakuten.co.jp/share/HOTEL/75193/75193.jpg,https://img.travel.rakuten.co.jp/HIMG/90/75193.jpg,https://img.travel.rakuten.co.jp/share/HOTEL/75193/75193_twi.jpg,https://img.travel.rakuten.co.jp/HIMG/INTERIOR/75193.jpg,https://img.travel.rakuten.co.jp/share/HOTEL/75193/75193map.gif,344.0,4.22,"クチコミの詳細はこちらから　https://review.travel.rakute…　2026-05-24 15:27:34投稿 <a href=""https://img.travel.rakuten.co.jp/image/tr/api/re/gJNfM/?f_hotel_no=75193"" class=""3click"">つづきはこちら</a>",nct,【新館ツイン（禁煙）】,4774118.0,【素泊まり】シンプルステイプラン〜天然温泉大浴場あり・駐車場無料〜,1,0,0,0,0,1,https://img.travel.rakuten.co.jp/image/tr/api/re/IdsCY/?f_no=75193&f_syu=nct&f_hi1=2026-06-13&f_hi2=2026-06-14&f_heya_su=1&f_otona_su=1&f_s1=0&f_s2=0&f_y1=0&f_y2=0&f_y3=0&f_y4=0&f_camp_id=4774118,0,2026-06-13,11000,11000,0,2026-06-13,chikuzen
67409,ビジネスホテル　ロイヤルイン扇,https://img.travel.rakuten.co.jp/image/tr/api/re/pvonD/?f_no=67409,https://img.travel.rakuten.co.jp/image/tr/api/re/vFumt/?f_no=67409&f_flg=PLAN,https://img.travel.rakuten.co.jp/image/tr/api/re/WzozX/?noTomariHotel=67409,https://img.travel.rakuten.co.jp/image/tr/api/re/gJNfM/?f_hotel_no=67409,ろいやるいんおおぎ,ゆったりスペースの２５部屋、心休まるくつろぎの空間をご用意してお迎え致します。,5280,121107.87,470943.85,825-0018,福岡県,田川市番田町7-3,0947-46-0737,0947-45-2515,ＪＲ　田川伊田駅から徒歩５分,有り　１４台　無料　要予約,田川伊田,https://img.travel.rakuten.co.jp/share/HOTEL/67409/67409.jpg,https://img.travel.rakuten.co.jp/HIMG/90/67409.jpg,https://img.travel.rakuten.co.jp/share/HOTEL/67409/67409_si.jpg,https://img.travel.rakuten.co.jp/HIMG/INTERIOR/67409.jpg,https://img.travel.rakuten.co.jp/share/HOTEL/67409/67409map.gif,123.0,3.75,,royalinn09,心休まるくつろぎのシングルルームをご用意。,,,1,0,0,0,0,1,https://img.travel.rakuten.co.jp/image/tr/api/re/IdsCY/?f_no=67409&f_syu=royalinn09&f_hi1=2026-06-13&f_hi2=2026-06-14&f_heya_su=1&f_otona_su=1&f_s1=0&f_s2=0&f_y1=0&f_y2=0&f_y3=0&f_y4=0,1,2026-06-13,5280,5280,0,2026-06-13,chikuzen
196360,ＨＯＴＥＬ　Ｔｓｍａｒｔ,https://img.travel.rakuten.co.jp/image/tr/api/re/pvonD/?f_no=196360,https://img.travel.rakuten.co.jp/image/tr/api/re/vFumt/?f_no=196360&f_flg=PLAN,,https://img.travel.rakuten.co.jp/image/tr/api/re/gJNfM/?f_hotel_no=196360,ほてる　てぃーすまーと,【2025年4月7日OPEN】大浴場が温泉のトライアルが運営するビジネスホテルです！,3980,121281.51,470134.83,822-0121,福岡県,宮若市湯原1401-4,0949-28-7678,0949-28-7679,福北ゆたか線　笹栗駅よりお車で約30分,有り　50台　無料　先着順,筑前山手,https://img.travel.rakuten.co.jp/share/HOTEL/196360/196360.jpg,https://img.travel.rakuten.co.jp/HIMG/90/196360.jpg,,,https://img.travel.rakuten.co.jp/share/HOTEL/196360/196360map.gif,40.0,4.0,"クチコミの詳細はこちらから　https://…　2026-05-07 18:25:28投稿 <a href=""https://img.travel.rakuten.co.jp/image/tr/api/re/gJNfM/?f_hotel_no=196360"" class=""3click"">つづきはこちら</a>",std,スタンダード ダブル（セミダブルベッド）,6403781.0,【5％OFF】【楽天スーパーSALE】HOTEL Tsmart＜素泊まりプラン＞,1,0,0,0,0,2,https://img.travel.rakuten.co.jp/image/tr/api/re/IdsCY/?f_no=196360&f_syu=std&f_hi1=2026-06-13&f_hi2=2026-06-14&f_heya_su=1&f_otona_su=1&f_s1=0&f_s2=0&f_y1=0&f_y2=0&f_y3=0&f_y4=0&f_camp_id=6403781,0,2026-06-13,8531,8531,0,2026-06-13,chikuzen
109125,玄海旅館,https://img.travel.rakuten.co.jp/image/tr/api/re/pvonD/?f_no=109125,https://img.travel.rakuten.co.jp/image/tr/api/re/vFumt/?f_no=109125&f_flg=PLAN,https://img.travel.rakuten.co.jp/image/tr/api/re/WzozX/?noTomariHotel=109125,https://img.travel.rakuten.co.jp/image/tr/api/re/gJNfM/?f_hotel_no=109125,げんかいりょかん,2025年2月新館「神の湊通り」NEWオープン！！全24部屋・露天風呂客室は９部屋に。銭湯＆公民館BARもオープン♪,10500,121852.36,469758.94,811-3501,福岡県,宗像市神湊485-7,0940-62-0001,0940-62-2010,東郷駅からお車で１５分,有り　25台　無料　予約不要,東郷,https://img.travel.rakuten.co.jp/share/HOTEL/109125/109125.jpg,https://img.travel.rakuten.co.jp/HIMG/90/109125.jpg,https://img.travel.rakuten.co.jp/share/HOTEL/109125/109125_kya.jpg,https://img.travel.rakuten.co.jp/HIMG/INTERIOR/109125.jpg,https://img.travel.rakuten.co.jp/share/HOTEL/109125/109125map.gif,72.0,4.43,"クチコミの詳細はこちらから　https://review.travel.rakuten.co.jp/h…　2026-05-27 18:29:39投稿 <a href=""https://img.travel.rakuten.co.jp/image/tr/api/re/gJNfM/?f_hotel_no=109125"" class=""3click"">つづきはこちら</a>",10,ツイン〈離れ・景観なし・シャワー〉,6455270.0,【お日にち限定】素泊まりプラン　銭湯＆ハッピアワー付☆,1,0,0,0,0,1,https://img.travel.rakuten.co.jp/image/tr/api/re/IdsCY/?f_no=109125&f_syu=10&f_hi1=2026-06-13&f_hi2=2026-06-14&f_heya_su=1&f_otona_su=1&f_s1=0&f_s2=0&f_y1=0&f_y2=0&f_y3=0&f_y4=0&f_camp_id=6455270,0,2026-06-13,21250,21250,0,2026-06-13,chikuzen
147072,ＨＯＴＥＬ　ＡＺ　福岡直方店,https://img.travel.rakuten.co.jp/image/tr/api/re/pvonD/?f_no=147072,https://img.travel.rakuten.co.jp/image/tr/api/re/vFumt/?f_no=147072&f_flg=PLAN,https://img.travel.rakuten.co.jp/image/tr/api/re/WzozX/?noTomariHotel=147072,https://img.travel.rakuten.co.jp/image/tr/api/re/gJNfM/?f_hotel_no=147072,ほてる　えーぜっと　ふくおかのうがたてん,八幡ICより車で20分。福岡市内へは車で約1時間。北九州市内へは車で約40分。平面駐車場無料☆朝食無料☆,4620,121514.01,470675.82,822-0001,福岡県,直方市感田3593-2,0949-26-4401,0949-26-4402,筑豊電気鉄道　感田駅より徒歩１３分,無料平面駐車場70台あり　普通車：予約不要 、中型車・大型車：要予約（有料）,感田,https://img.travel.rakuten.co.jp/share/HOTEL/147072/147072.jpg,https://img.travel.rakuten.co.jp/HIMG/90/147072.jpg,https://img.travel.rakuten.co.jp/share/HOTEL/147072/147072_kan1.jpg,https://img.travel.rakuten.co.jp/HIMG/INTERIOR/147072.jpg,https://img.travel.rakuten.co.jp/share/HOTEL/147072/147072map.gif,242.0,4.16,"自転車旅で伺いました。事前に夜間保管の配慮をお願いしていたところ、ちゃんと話が通っておりタイヤを拭くタオルを渡され(当日晴れでしたので全く汚れてなく)、部屋にて保管す…　2026-06-01 15:24:36投稿 <a href=""https://img.travel.rakuten.co.jp/image/tr/api/re/gJNfM/?f_hotel_no=147072"" class=""3click"">つづきはこちら</a>",s,【喫煙】シングル,6108525.0,スタンダードプラン（朝食サービス）,1,0,0,1,0,1,https://img.travel.rakuten.co.jp/image/tr/api/re/IdsCY/?f_no=147072&f_syu=s&f_hi1=2026-06-13&f_hi2=2026-06-14&f_heya_su=1&f_otona_su=1&f_s1=0&f_s2=0&f_y1=0&f_y2=0&f_y3=0&f_y4=0&f_camp_id=6108525,0,2026-06-13,6380,6380,0,2026-06-13,chikuzen
197807,ＨＯＴＥＬ　Ｒ９　Ｔｈｅ　Ｙａｒｄ　田川香春,https://img.travel.rakuten.co.jp/image/tr/api/re/pvonD/?f_no=197807,https://img.travel.rakuten.co.jp/image/tr/api/re/vFumt/?f_no=197807&f_flg=PLAN,https://img.travel.rakuten.co.jp/image/tr/api/re/WzozX/?noTomariHotel=197807,https://img.travel.rakuten.co.jp/image/tr/api/re/gJNfM/?f_hotel_no=197807,ほてる あーるないん ざ やーど たがわかわら,行橋ICより車で20分！香春町への出張や観光の拠点に！カレーなど軽食サービス付,3900,121233.52,471041.41,822-1406,福岡県,田川郡香春町香春1085-1,0947-32-7507,0947-32-7508,【電車】一本松駅より徒歩18分。田川井田駅よりタクシーで10分。【お車】行橋ICより車で20分。,無料 有り 44台※大型車（2トントラック以上）をご利用の際は、事前にお電話でお問い合わせください。,一本松（福岡）,https://img.travel.rakuten.co.jp/share/HOTEL/197807/197807.jpg,https://img.travel.rakuten.co.jp/HIMG/90/197807.jpg,,,https://img.travel.rakuten.co.jp/share/HOTEL/197807/197807map.gif,60.0,4.03,"クチコミの詳…　2026-05-13 01:27:45投稿 <a href=""https://img.travel.rakuten.co.jp/image/tr/api/re/gJNfM/?f_hotel_no=197807"" class=""3click"">つづきはこちら</a>",double,【禁煙】ダブルルーム （約13平米/最大2名様）,6351364.0,【スタンダード】ビジネスや観光の拠点に♪軽食＆ホットドリンク付【駐車場至近＆無料】,1,0,0,0,0,1,https://img.travel.rakuten.co.jp/image/tr/api/re/IdsCY/?f_no=197807&f_syu=double&f_hi1=2026-06-13&f_hi2=2026-06-14&f_heya_su=1&f_otona_su=1&f_s1=0&f_s2=0&f_y1=0&f_y2=0&f_y3=0&f_y4=0&f_camp_id=6351364,0,2026-06-13,6000,6000,0,2026-06-13,chikuzen
151387,ＨＯＴＥＬ　ＡＺ　福岡香春店,https://img.travel.rakuten.co.jp/image/tr/api/re/pvonD/?f_no=151387,https://img.travel.rakuten.co.jp/image/tr/api/re/vFumt/?f_no=151387&f_flg=PLAN,https://img.travel.rakuten.co.jp/image/tr/api/re/WzozX/?noTomariHotel=151387,https://img.travel.rakuten.co.jp/image/tr/api/re/gJNfM/?f_hotel_no=151387,ほてる　えーぜっと　ふくおかかわらてん,ＪＲ日田彦山線香春駅より車で約5分。みやこ豊津ICから車で約20分。,4620,121176.09,470997.47,822-1406,福岡県,田川郡香春町大字香春1052-1,0947-32-7771,0947-32-7773,ＪＲ　日田彦山線　香春駅より車にて約5分,無料駐車場91台あり　※車長8ｍ以上の駐車は有料・要予約,香春,https://img.travel.rakuten.co.jp/share/HOTEL/151387/151387.jpg,https://img.travel.rakuten.co.jp/HIMG/90/151387.jpg,,,https://img.travel.rakuten.co.jp/share/HOTEL/151387/151387map.gif,106.0,3.75,"クチコ…　2026-05-06 20:25:06投稿 <a href=""https://img.travel.rakuten.co.jp/image/tr/api/re/gJNfM/?f_hotel_no=151387"" class=""3click"">つづきはこちら</a>",ss1,【喫煙】シングル,6107502.0,スタンダードプラン（朝食サービス）,1,0,0,1,0,1,https://img.travel.rakuten.co.jp/image/tr/api/re/IdsCY/?f_no=151387&f_syu=ss1&f_hi1=2026-06-13&f_hi2=2026-06-14&f_heya_su=1&f_otona_su=1&f_s1=0&f_s2=0&f_y1=0&f_y2=0&f_y3=0&f_y4=0&f_camp_id=6107502,0,2026-06-13,6380,6380,0,2026-06-13,chikuzen
8301,プラザホテル直方,https://img.travel.rakuten.co.jp/image/tr/api/re/pvonD/?f_no=8301,https://img.travel.rakuten.co.jp/image/tr/api/re/vFumt/?f_no=8301&f_flg=PLAN,https://img.travel.rakuten.co.jp/image/tr/api/re/WzozX/?noTomariHotel=8301,https://img.travel.rakuten.co.jp/image/tr/api/re/gJNfM/?f_hotel_no=8301,ぷらざほてる　のおがた,福岡・北九州両市へのアクセスがスムーズ。ビジネス・レジャーに最適の安心ホテルです。全室でWI-FIが使えます！,3300,121488.38,470665.36,822-0002,福岡県,直方市頓野西ヶ崎3829-1,0949-28-1231,0949-23-3358,■ＪＲ直方駅より車で５分　■九州自動車道八幡インターより車で１５分,■有り　約４０台　無料　先着順,直方,https://img.travel.rakuten.co.jp/share/HOTEL/8301/8301.jpg,https://img.travel.rakuten.co.jp/HIMG/90/8301.jpg,https://img.travel.rakuten.co.jp/share/HOTEL/8301/8301_sgl.jpg,https://img.travel.rakuten.co.jp/HIMG/INTERIOR/8301.jpg,https://img.travel.rakuten.co.jp/share/HOTEL/8301/8301map.gif,542.0,3.78,"唯一,部屋のトイレのウォシュレットの便座の大きさが便器の形状とあっておらず,さ…　2026-05-23 18:24:31投稿 <a href=""https://img.travel.rakuten.co.jp/image/tr/api/re/gJNfM/?f_hotel_no=8301"" class=""3click"">つづきはこちら</a>",s11,セミダブル◆喫煙（旧シングル）,5848432.0,【特典なし】部屋だけプラン♪＜素泊まり＞,1,0,0,0,0,1,https://img.travel.rakuten.co.jp/image/tr/api/re/IdsCY/?f_no=8301&f_syu=s11&f_hi1=2026-06-13&f_hi2=2026-06-14&f_heya_su=1&f_otona_su=1&f_s1=0&f_s2=0&f_y1=0&f_y2=0&f_y3=0&f_y4=0&f_camp_id=5848432,0,2026-06-13,8600,8600,0,2026-06-13,chikuzen
149494,ホテル　ニューホープ,https://img.travel.rakuten.co.jp/image/tr/api/re/pvonD/?f_no=149494,https://img.travel.rakuten.co.jp/image/tr/api/re/vFumt/?f_no=149494&f_flg=PLAN,https://img.travel.rakuten.co.jp/image/tr/api/re/WzozX/?noTomariHotel=149494,https://img.travel.rakuten.co.jp/image/tr/api/re/gJNfM/?f_hotel_no=149494,にゅーほーぷ,全３０室・オールシングルルーム　いつでもお気軽にご利用いただけます！,6250,121480.95,470625.7,822-0027,福岡県,直方市古町7-8,0949-22-5888,0949-22-5889,ＪＲ　直方駅より徒歩にて約５分,無し,直方,https://img.travel.rakuten.co.jp/share/HOTEL/149494/149494.jpg,https://img.travel.rakuten.co.jp/HIMG/90/149494.jpg,https://img.travel.rakuten.co.jp/share/HOTEL/149494/149494_kan1.jpg,https://img.travel.rakuten.co.jp/HIMG/INTERIOR/149494.jpg,https://img.travel.rakuten.co.jp/share/HOTEL/149494/149494map.gif,94.0,4.32,"クチコミの詳細はこちらから　https://review.travel.rakuten.co.jp/…　2026-05-19 14:25:57投稿 <a href=""https://img.travel.rakuten.co.jp/image/tr/api/re/gJNfM/?f_hotel_no=149494"" class=""3click"">つづきはこちら</a>",ns01nm,シングル素泊り禁煙ルーム,,,1,0,0,0,0,2,https://img.travel.rakuten.co.jp/image/tr/api/re/IdsCY/?f_no=149494&f_syu=ns01nm&f_hi1=2026-06-13&f_hi2=2026-06-14&f_heya_su=1&f_otona_su=1&f_s1=0&f_s2=0&f_y1=0&f_y2=0&f_y3=0&f_y4=0,1,2026-06-13,6250,6250,0,2026-06-13,chikuzen
31978,国民宿舎　マリンテラスあしや,https://img.travel.rakuten.co.jp/image/tr/api/re/pvonD/?f_no=31978,https://img.travel.rakuten.co.jp/image/tr/api/re/vFumt/?f_no=31978&f_flg=PLAN,https://img.travel.rakuten.co.jp/image/tr/api/re/WzozX/?noTomariHotel=31978,https://img.travel.rakuten.co.jp/image/tr/api/re/gJNfM/?f_hotel_no=31978,こくみんしゅくしゃ　まりんてらす　あしや,楽天アワード受賞！ビーチ４分！全室オーシャンビュー！響灘の夕陽×癒やしのお風呂と海幸が人気の宿,5500,122034.26,470398.45,807-0141,福岡県,遠賀郡芦屋町山鹿1588,050-3161-9612,093-222-0399,ＪＲ鹿児島本線折尾駅よりバス／九州自動車道鞍手ＩＣより2５分,無料駐車場100台　先着順 　※当館の駐車場への道はやや急な傾斜があるため通行にはご注意ください。,折尾,https://img.travel.rakuten.co.jp/share/HOTEL/31978/31978.jpg,https://img.travel.rakuten.co.jp/HIMG/90/31978.jpg,https://img.travel.rakuten.co.jp/share/HOTEL/31978/31978_kan1.jpg,https://img.travel.rakuten.co.jp/HIMG/INTERIOR/31978.jpg,https://img.travel.rakuten.co.jp/share/HOTEL/31978/31978map.gif,450.0,4.31,"クチコミの詳細はこちらから　https://review.travel.rakuten.co…　2026-06-07 19:57:30投稿 <a href=""https://img.travel.rakuten.co.jp/image/tr/api/re/gJNfM/?f_hotel_no=31978"" class=""3click"">つづきはこちら</a>",wan,オーシャンビュー和室１０畳☆禁煙,5555190.0,【リーズナブルに！】漁港直送！鯵の姿造りを味わう！彩り会席,1,1,0,1,0,1,https://img.travel.rakuten.co.jp/image/tr/api/re/IdsCY/?f_no=31978&f_syu=wan&f_hi1=2026-06-13&f_hi2=2026-06-14&f_heya_su=1&f_otona_su=1&f_s1=0&f_s2=0&f_y1=0&f_y2=0&f_y3=0&f_y4=0&f_camp_id=5555190,0,2026-06-13,33000,33000,0,2026-06-13,chikuzen
177721,田川伊田駅舎ホテル,https://img.travel.rakuten.co.jp/image/tr/api/re/pvonD/?f_no=177721,https://img.travel.rakuten.co.jp/image/tr/api/re/vFumt/?f_no=177721&f_flg=PLAN,https://img.travel.rakuten.co.jp/image/tr/api/re/WzozX/?noTomariHotel=177721,https://img.travel.rakuten.co.jp/image/tr/api/re/gJNfM/?f_hotel_no=177721,たがわいたえきしゃほてる,田川伊田駅舎内のホテルです。寝台列車をモチーフに造られています。,3500,121100.79,470951.43,825-0015,福岡県,田川市伊田町2621-3　田川伊田駅舎2F,0947-85-8325,0947-85-8321,田川伊田駅より徒歩にて約１分,専用駐車場無し　近くにコインパーキング有り,田川伊田,https://img.travel.rakuten.co.jp/share/HOTEL/177721/177721.jpg,https://img.travel.rakuten.co.jp/HIMG/90/177721.jpg,,,https://img.travel.rakuten.co.jp/share/HOTEL/177721/177721map.gif,105.0,3.6,"クチコミの詳細はこちらから　https://review.travel.rakuten.co.jp/hotel/voice/177721?reviewId=331234…　2026-05-31 13:52:17投稿 <a href=""https://img.travel.rakuten.co.jp/image/tr/api/re/gJNfM/?f_hotel_no=177721"" class=""3click"">つづきはこちら</a>",06,3階　別邸　2段ベッド（ドミトリー）,6305820.0,【事前決済】3階別邸　2段ベッド（ドミトリ‐）　シーツ・カバーのセットはお客様にお願しています。,1,0,0,0,0,2,https://img.travel.rakuten.co.jp/image/tr/api/re/IdsCY/?f_no=177721&f_syu=06&f_hi1=2026-06-13&f_hi2=2026-06-14&f_heya_su=1&f_otona_su=1&f_s1=0&f_s2=0&f_y1=0&f_y2=0&f_y3=0&f_y4=0&f_camp_id=6305820,0,2026-06-13,3500,3500,0,2026-06-13,chikuzen
108571,ビジネスホテル　大和屋,https://img.travel.rakuten.co.jp/image/tr/api/re/pvonD/?f_no=108571,https://img.travel.rakuten.co.jp/image/tr/api/re/vFumt/?f_no=108571&f_flg=PLAN,https://img.travel.rakuten.co.jp/image/tr/api/re/WzozX/?noTomariHotel=108571,https://img.travel.rakuten.co.jp/image/tr/api/re/gJNfM/?f_hotel_no=108571,やまとや,新飯塚駅から徒歩約１分、コンビニまで徒歩約２分 アットホームなビジネス旅館です。真心込めたおふくろの味でおもてなし♪♪,3080,121108.15,470502.12,820-0005,福岡県,飯塚市新飯塚5-13,0948-22-2544,0948-22-7076,博多から快速で乗り換えなし約35分の新飯塚駅より徒歩にて約１分,有り　１０台　無料　予約不要（１０ｍ以下バス可）,新飯塚,https://img.travel.rakuten.co.jp/share/HOTEL/108571/108571.jpg,https://img.travel.rakuten.co.jp/HIMG/90/108571.jpg,https://img.travel.rakuten.co.jp/share/HOTEL/108571/108571_ru.jpg,https://img.travel.rakuten.co.jp/HIMG/INTERIOR/108571.jpg,https://img.travel.rakuten.co.jp/share/HOTEL/108571/108571map.gif,83.0,4.13,"飯塚ではいつもここにお世話になっています。新飯塚駅の近くにあり、飲食店やコンビニも非常にちかい。建物はやや古いが掃除が行き届いており清潔です。また、朝食500円は安い。…　2026-05-01 00:19:22投稿 <a href=""https://img.travel.rakuten.co.jp/image/tr/api/re/gJNfM/?f_hotel_no=108571"" class=""3click"">つづきはこちら</a>",wa,くつろぎ和室（喫煙可）★Wi-Fi＆ウォーターサーバー無料★,3256981.0,【素泊りスタンダードプラン】１名4950円　※通年の基本料金プランです。,1,0,0,0,0,1,https://img.travel.rakuten.co.jp/image/tr/api/re/IdsCY/?f_no=108571&f_syu=wa&f_hi1=2026-06-13&f_hi2=2026-06-14&f_heya_su=1&f_otona_su=1&f_s1=0&f_s2=0&f_y1=0&f_y2=0&f_y3=0&f_y4=0&f_camp_id=3256981,0,2026-06-13,4950,4950,0,2026-06-13,chikuzen
185147,ボウケンノモリささぐり　＾,https://img.travel.rakuten.co.jp/image/tr/api/re/pvonD/?f_no=185147,https://img.travel.rakuten.co.jp/image/tr/api/re/vFumt/?f_no=185147&f_flg=PLAN,,https://img.travel.rakuten.co.jp/image/tr/api/re/gJNfM/?f_hotel_no=185147,,【令和４年７月２８日より「Ｃａｔｅの森」から「ボウケンノモリささぐり」に屋号を変更しました】,4292,120975.12,469987.6,811-2405,福岡県,糟屋郡篠栗町篠栗2683-30,092-692-4123,000-000-0000,ＪＲ篠栗駅から車で１５分 徒歩６０分またはＪＲ筑前山手駅駅から車で１２分 徒歩４５分,有り,筑前山手,https://img.travel.rakuten.co.jp/share/HOTEL/185147/185147.jpg,https://img.travel.rakuten.co.jp/HIMG/90/185147.jpg,,,https://img.travel.rakuten.co.jp/share/HOTEL/185147/185147map.gif,5.0,3.0,,320958_1,スタンダードルーム,5560703.0,【シングル】,1,0,0,0,0,2,https://img.travel.rakuten.co.jp/image/tr/api/re/IdsCY/?f_no=185147&f_syu=320958_1&f_hi1=2026-06-13&f_hi2=2026-06-14&f_heya_su=1&f_otona_su=1&f_s1=0&f_s2=0&f_y1=0&f_y2=0&f_y3=0&f_y4=0&f_camp_id=5560703,0,2026-06-13,4896,4896,0,2026-06-13,chikuzen
199014,シークレットビーチハウス　沐　ＭＯＫＵ,https://img.travel.rakuten.co.jp/image/tr/api/re/pvonD/?f_no=199014,https://img.travel.rakuten.co.jp/image/tr/api/re/vFumt/?f_no=199014&f_flg=PLAN,,https://img.travel.rakuten.co.jp/image/tr/api/re/gJNfM/?f_hotel_no=199014,しーくれっとびーちはうす　もく,浜辺から１分。海と田園のはざまに、静かに佇む一棟貸し。 砂浜、星、焚き火、薪ストーブの宿,12700,121771.12,469734.67,811-3521,福岡県,福津市勝浦2023,080-6518-0526,--,福岡市内、福岡空港より車で約50分、JR鹿児島線福間駅より車で約15分,あり　3台　無料　予約不要,福間,https://img.travel.rakuten.co.jp/share/HOTEL/199014/199014.jpg,https://img.travel.rakuten.co.jp/HIMG/90/199014.jpg,,,https://img.travel.rakuten.co.jp/share/HOTEL/199014/199014map.gif,,,,1,【一棟貸し】コーヒー、ハーブティー付き１〜２名様料金,6445539.0,【素泊まりプラン】砂浜まですぐ　薪ストーブ、焚き火無料,1,0,0,0,0,2,https://img.travel.rakuten.co.jp/image/tr/api/re/IdsCY/?f_no=199014&f_syu=1&f_hi1=2026-06-13&f_hi2=2026-06-14&f_heya_su=1&f_otona_su=1&f_s1=0&f_s2=0&f_y1=0&f_y2=0&f_y3=0&f_y4=0&f_camp_id=6445539,0,2026-06-13,38100,38100,0,2026-06-13,chikuzen
179214,ザ・リトリート,https://img.travel.rakuten.co.jp/image/tr/api/re/pvonD/?f_no=179214,https://img.travel.rakuten.co.jp/image/tr/api/re/vFumt/?f_no=179214&f_flg=PLAN,https://img.travel.rakuten.co.jp/image/tr/api/re/WzozX/?noTomariHotel=179214,https://img.travel.rakuten.co.jp/image/tr/api/re/gJNfM/?f_hotel_no=179214,ざ　りとりーと,全室冷暖房完備／快適に最高のアウトドア体験！ドリンクもアクティビティもオールインクルーシブ♪朝食はホテルハーフブッフェ！,9569,121154.21,470682.31,820-0115,福岡県,飯塚市仁保8-37,0948-82-3177,0948-82-3178,ＪＲ　新飯塚駅よりお車にて約１５分,有り　８０台　無料　予約不要,新飯塚,https://img.travel.rakuten.co.jp/share/HOTEL/179214/179214.jpg,https://img.travel.rakuten.co.jp/HIMG/90/179214.jpg,https://img.travel.rakuten.co.jp/share/HOTEL/179214/179214_kan1.jpg,https://img.travel.rakuten.co.jp/HIMG/INTERIOR/179214.jpg,https://img.travel.rakuten.co.jp/share/HOTEL/179214/179214map.gif,118.0,4.51,"部屋も広く、部屋のすぐそばでBBQもできるため非日常を味わうこと…　2026-05-02 19:42:26投稿 <a href=""https://img.travel.rakuten.co.jp/image/tr/api/re/gJNfM/?f_hotel_no=179214"" class=""3click"">つづきはこちら</a>",rv04_pet,【キャンピングカータイプ/ペット同伴可】コンフォートRV,,,1,0,0,0,0,1,https://img.travel.rakuten.co.jp/image/tr/api/re/IdsCY/?f_no=179214&f_syu=rv04_pet&f_hi1=2026-06-13&f_hi2=2026-06-14&f_heya_su=1&f_otona_su=1&f_s1=0&f_s2=0&f_y1=0&f_y2=0&f_y3=0&f_y4=0,1,2026-06-13,36700,36700,0,2026-06-13,chikuzen
199829,人の少ない砂浜すぐの静かな一棟貸し　＾,https://img.travel.rakuten.co.jp/image/tr/api/re/pvonD/?f_no=199829,https://img.travel.rakuten.co.jp/image/tr/api/re/vFumt/?f_no=199829&f_flg=PLAN,,https://img.travel.rakuten.co.jp/image/tr/api/re/gJNfM/?f_hotel_no=199829,,日常を手放し、静寂に還る宿「沐」。,13224,121771.12,469734.67,811-3521,福岡県,福津市勝浦2023,080-6518-0526,00-0000-0000,東郷駅から車で15分,あり,東郷,https://img.travel.rakuten.co.jp/share/HOTEL/199829/199829.jpg,https://img.travel.rakuten.co.jp/HIMG/90/199829.jpg,,,https://img.travel.rakuten.co.jp/share/HOTEL/199829/199829map.gif,,,,1492270_3,一戸建て,6481769.0,【楽天スーパーSALE】海と田園のはざまに、静かに佇む一棟貸し。　薪ストーブの温もり,1,0,0,0,0,2,https://img.travel.rakuten.co.jp/image/tr/api/re/IdsCY/?f_no=199829&f_syu=1492270_3&f_hi1=2026-06-13&f_hi2=2026-06-14&f_heya_su=1&f_otona_su=1&f_s1=0&f_s2=0&f_y1=0&f_y2=0&f_y3=0&f_y4=0&f_camp_id=6481769,0,2026-06-13,39776,39776,0,2026-06-13,chikuzen
19687,ホテルニューガイア　オームタガーデン,https://img.travel.rakuten.co.jp/image/tr/api/re/pvonD/?f_no=19687,https://img.travel.rakuten.co.jp/image/tr/api/re/vFumt/?f_no=19687&f_flg=PLAN,https://img.travel.rakuten.co.jp/image/tr/api/re/WzozX/?noTomariHotel=19687,https://img.travel.rakuten.co.jp/image/tr/api/re/gJNfM/?f_hotel_no=19687,おーむた　がーでん,宿泊者専用ラウンジのフリーフローサービスが充実！2025年2月1日よりスカイラウンジも全宿泊者対象に！,4892,118923.76,469629.25,836-0807,福岡県,大牟田市旭町三丁目3番地3,0944-51-1111,0944-51-0510,天神から西鉄電車特急で60分、西鉄新栄町駅下車徒歩3分/九州道南関ＩＣより車で25分,"有料　120台駐車可　ご宿泊者の方は1泊1,000円にてご利用いただけます。",新栄町（福岡）,https://img.travel.rakuten.co.jp/share/HOTEL/19687/19687.jpg,https://img.travel.rakuten.co.jp/HIMG/90/19687.jpg,https://img.travel.rakuten.co.jp/share/HOTEL/19687/19687_heya1.jpg,https://img.travel.rakuten.co.jp/HIMG/INTERIOR/19687.jpg,https://img.travel.rakuten.co.jp/share/HOTEL/19687/19687map.gif,1295.0,4.02,"クチコミの詳細はこちらから　https://review.travel.rakuten.co.jp/hotel…　2026-06-10 12:59:05投稿 <a href=""https://img.travel.rakuten.co.jp/image/tr/api/re/gJNfM/?f_hotel_no=19687"" class=""3click"">つづきはこちら</a>",sdxns,【禁煙室】デラックスシングル,6467018.0,【楽天スーパーSALE】シンプル stay プラン,1,0,0,0,0,1,https://img.travel.rakuten.co.jp/image/tr/api/re/IdsCY/?f_no=19687&f_syu=sdxns&f_hi1=2026-06-13&f_hi2=2026-06-14&f_heya_su=1&f_otona_su=1&f_s1=0&f_s2=0&f_y1=0&f_y2=0&f_y3=0&f_y4=0&f_camp_id=6467018,0,2026-06-13,9120,9120,0,2026-06-13,chikugo
10801,ホテルアベニュー筑後,https://img.travel.rakuten.co.jp/image/tr/api/re/pvonD/?f_no=10801,https://img.travel.rakuten.co.jp/image/tr/api/re/vFumt/?f_no=10801&f_flg=PLAN,https://img.travel.rakuten.co.jp/image/tr/api/re/WzozX/?noTomariHotel=10801,https://img.travel.rakuten.co.jp/image/tr/api/re/gJNfM/?f_hotel_no=10801,あべにゅー　ちくご,【2025年12月全館リニューアルオープン】羽犬塚駅より徒歩2分、ゆったりとした雰囲気と温かいサービスのホテル。,4000,119541.92,469805.22,833-0031,福岡県,筑後市山ノ井松原213-1,0942-54-2111,0942-54-2121,JR鹿児島本線羽犬塚駅より徒歩1分／博多駅より快速50分／九州新幹線筑後船小屋駅より車で4分／八女ICより車で4分！,駐車場無料(45台・先着順・事前予約不可),羽犬塚,https://img.travel.rakuten.co.jp/share/HOTEL/10801/10801.jpg,https://img.travel.rakuten.co.jp/HIMG/90/10801.jpg,https://img.travel.rakuten.co.jp/share/HOTEL/10801/10801_sig.jpg,https://img.travel.rakuten.co.jp/HIMG/INTERIOR/10801.jpg,https://img.travel.rakuten.co.jp/share/HOTEL/10801/10801map.gif,970.0,3.84,"スタッフの皆様もあたたかく対応いただいたのが嬉…　2026-06-11 00:25:52投稿 <a href=""https://img.travel.rakuten.co.jp/image/tr/api/re/gJNfM/?f_hotel_no=10801"" class=""3click"">つづきはこちら</a>",srns1,【禁煙】スタンダードダブル（1名利用）＜無料Wi−Fi＞,6367093.0,【スタンダードプラン】ビジネス・一人旅に最適◆一泊素泊プラン《駐車場・VOD・Wi-Fi無料》,1,0,0,0,0,1,https://img.travel.rakuten.co.jp/image/tr/api/re/IdsCY/?f_no=10801&f_syu=srns1&f_hi1=2026-06-13&f_hi2=2026-06-14&f_heya_su=1&f_otona_su=1&f_s1=0&f_s2=0&f_y1=0&f_y2=0&f_y3=0&f_y4=0&f_camp_id=6367093,0,2026-06-13,6400,6400,0,2026-06-13,chikugo
153338,ホテルニューガイア　柳川,https://img.travel.rakuten.co.jp/image/tr/api/re/pvonD/?f_no=153338,https://img.travel.rakuten.co.jp/image/tr/api/re/vFumt/?f_no=153338&f_flg=PLAN,https://img.travel.rakuten.co.jp/image/tr/api/re/WzozX/?noTomariHotel=153338,https://img.travel.rakuten.co.jp/image/tr/api/re/gJNfM/?f_hotel_no=153338,にゅーがいあ　やながわ,【大好評】宿泊者専用ラウンジ！西鉄柳川駅より徒歩３分の好立地！川下りの乗船場隣接。,4250,119387.57,469511.23,832-0822,福岡県,柳川市三橋町下百町1-14,0944-75-1705,0944-75-1706,西鉄大牟田線　柳川駅より徒歩にて約３分,有り　9台　１，０００円（税込み／泊）　予約不可・先着順,西鉄柳川,https://img.travel.rakuten.co.jp/share/HOTEL/153338/153338.jpg,https://img.travel.rakuten.co.jp/HIMG/90/153338.jpg,,,https://img.travel.rakuten.co.jp/share/HOTEL/153338/153338map.gif,255.0,4.2,"クチコミの詳細はこちらから　https://review.travel.rakuten.co.jp/ho…　2026-06-08 09:19:57投稿 <a href=""https://img.travel.rakuten.co.jp/image/tr/api/re/gJNfM/?f_hotel_no=153338"" class=""3click"">つづきはこちら</a>",rsd,【電子タバコ可】★リニューアルスタンダードダブル★11平米〜,6284086.0,【15％OFF】【楽天スーパーSALE】【素泊り】★シンプル★素泊まりプラン,1,0,0,0,0,1,https://img.travel.rakuten.co.jp/image/tr/api/re/IdsCY/?f_no=153338&f_syu=rsd&f_hi1=2026-06-13&f_hi2=2026-06-14&f_heya_su=1&f_otona_su=1&f_s1=0&f_s2=0&f_y1=0&f_y2=0&f_y3=0&f_y4=0&f_camp_id=6284086,0,2026-06-13,10625,10625,0,2026-06-13,chikugo
161064,ホテルルートイン柳川駅前,https://img.travel.rakuten.co.jp/image/tr/api/re/pvonD/?f_no=161064,https://img.travel.rakuten.co.jp/image/tr/api/re/vFumt/?f_no=161064&f_flg=PLAN,https://img.travel.rakuten.co.jp/image/tr/api/re/WzozX/?noTomariHotel=161064,https://img.travel.rakuten.co.jp/image/tr/api/re/gJNfM/?f_hotel_no=161064,るーといんやながわえきまえ,ＷＯＷＯＷ全室で無料視聴可■VODルームシアター無料視聴可能(一般映画のみ・コンフォートルーム特典）■Wi-Fi利用可,6150,119383.85,469521.33,832-0822,福岡県,柳川市三橋町下百町210-10,050-5824-4101,0944-75-1552,西鉄天神大牟田線 西鉄柳川駅東口より徒歩にて約１分／九州自動車道みやま柳川ＩＣより車で約18分,有り　７９台　無料　（先着順）,西鉄柳川,https://img.travel.rakuten.co.jp/share/HOTEL/161064/161064.jpg,https://img.travel.rakuten.co.jp/HIMG/90/161064.jpg,,,https://img.travel.rakuten.co.jp/share/HOTEL/161064/161064map.gif,604.0,4.27,"クチコミの詳細はこちらから　https://review.trav…　2026-06-06 21:55:18投稿 <a href=""https://img.travel.rakuten.co.jp/image/tr/api/re/gJNfM/?f_hotel_no=161064"" class=""3click"">つづきはこちら</a>",s,■喫煙■シングルルーム,3924019.0,スタンダードプラン【大浴場・朝食・Wi-Fi完備・駐車場無料】,1,0,0,1,0,1,https://img.travel.rakuten.co.jp/image/tr/api/re/IdsCY/?f_no=161064&f_syu=s&f_hi1=2026-06-13&f_hi2=2026-06-14&f_heya_su=1&f_otona_su=1&f_s1=0&f_s2=0&f_y1=0&f_y2=0&f_y3=0&f_y4=0&f_camp_id=3924019,0,2026-06-13,9650,9650,0,2026-06-13,chikugo
3149,八女グリーンホテル,https://img.travel.rakuten.co.jp/image/tr/api/re/pvonD/?f_no=3149,https://img.travel.rakuten.co.jp/image/tr/api/re/vFumt/?f_no=3149&f_flg=PLAN,https://img.travel.rakuten.co.jp/image/tr/api/re/WzozX/?noTomariHotel=3149,https://img.travel.rakuten.co.jp/image/tr/api/re/gJNfM/?f_hotel_no=3149,やめ　ぐりーんほてる,駐車場無料（3ｔ～有料）●展望浴場無料（予約制度あり）●朝食無料●Ｗｉ－Fi完備,5500,119544.91,470023.46,834-0031,福岡県,八女市本町47-1,0943-22-2156,0943-24-5896,ＪＲ羽犬塚駅よりバスで１５分（福島バス停より徒歩７分）■八女インターよりお車で １０分■広川インターよりお車で １５分,無料(3ｔ以上は有料1000円) 大型バスは要予約（お断りする場合も有）,羽犬塚,https://img.travel.rakuten.co.jp/share/HOTEL/3149/3149.jpg,https://img.travel.rakuten.co.jp/HIMG/90/3149.jpg,https://img.travel.rakuten.co.jp/share/HOTEL/3149/3149_heya.jpg,https://img.travel.rakuten.co.jp/HIMG/INTERIOR/3149.jpg,https://img.travel.rakuten.co.jp/share/HOTEL/3149/3149map.gif,562.0,3.69,"クチコミの詳細はこちらから　https:/…　2026-06-03 09:17:05投稿 <a href=""https://img.travel.rakuten.co.jp/image/tr/api/re/gJNfM/?f_hotel_no=3149"" class=""3click"">つづきはこちら</a>",sb,【喫煙】別館｜シングル,3397554.0,【当日限定】【直前割】空いていればお得にＳＴＡＹ☆ラッキープラン♪ ＜朝食無料＞,1,0,0,1,0,1,https://img.travel.rakuten.co.jp/image/tr/api/re/JlnYS/?f_no=3149&f_syu=sb&f_hi1=2026-06-13&f_hi2=2026-06-14&f_heya_su=1&f_otona_su=1&f_s1=0&f_s2=0&f_y1=0&f_y2=0&f_y3=0&f_y4=0&f_camp_id=3397554,2,2026-06-13,7800,7800,0,2026-06-13,chikugo
78158,スマイルホテル福岡大川,https://img.travel.rakuten.co.jp/image/tr/api/re/pvonD/?f_no=78158,https://img.travel.rakuten.co.jp/image/tr/api/re/vFumt/?f_no=78158&f_flg=PLAN,https://img.travel.rakuten.co.jp/image/tr/api/re/WzozX/?noTomariHotel=78158,https://img.travel.rakuten.co.jp/image/tr/api/re/gJNfM/?f_hotel_no=78158,すまいるほてるふくおかおおかわ,久留米・佐賀市内・佐賀空港まで車で25分★大川市中心でビジネスも観光も快適！【駐車場無料】,3600,119539.12,469370.39,831-0016,福岡県,大川市酒見105-1,0944-89-1311,0944-89-1313,西鉄柳川駅よりタクシーご利用にて１２分、九州佐賀国際空港より車で２５分、九州新幹線筑後船小屋駅より車で２５分,有り　４０台　無料　予約不要　※満車時は近藤材木店の駐車場へご駐車ください。,西鉄柳川,https://img.travel.rakuten.co.jp/share/HOTEL/78158/78158.jpg,https://img.travel.rakuten.co.jp/HIMG/90/78158.jpg,https://img.travel.rakuten.co.jp/share/HOTEL/78158/78158_sin.jpg,https://img.travel.rakuten.co.jp/HIMG/INTERIOR/78158.jpg,https://img.travel.rakuten.co.jp/share/HOTEL/78158/78158map.gif,341.0,3.78,"クチコミの詳細はこちらから　https://review.travel.rakuten.co.jp/hote…　2026-05-19 18:42:54投稿 <a href=""https://img.travel.rakuten.co.jp/image/tr/api/re/gJNfM/?f_hotel_no=78158"" class=""3click"">つづきはこちら</a>",dxtw,【禁煙】デラックスツイン/24平米★シモンズベッド快適滞在,6475959.0,【楽天スーパーSALE】【朝食付き】人気の朝食ビュッフェ★ビジネス出張や観光に充実ステイ,1,0,0,1,0,1,https://img.travel.rakuten.co.jp/image/tr/api/re/IdsCY/?f_no=78158&f_syu=dxtw&f_hi1=2026-06-13&f_hi2=2026-06-14&f_heya_su=1&f_otona_su=1&f_s1=0&f_s2=0&f_y1=0&f_y2=0&f_y3=0&f_y4=0&f_camp_id=6475959,0,2026-06-13,15200,15200,0,2026-06-13,chikugo
11227,ホテル　エルモント,https://img.travel.rakuten.co.jp/image/tr/api/re/pvonD/?f_no=11227,https://img.travel.rakuten.co.jp/image/tr/api/re/vFumt/?f_no=11227&f_flg=PLAN,https://img.travel.rakuten.co.jp/image/tr/api/re/WzozX/?noTomariHotel=11227,https://img.travel.rakuten.co.jp/image/tr/api/re/gJNfM/?f_hotel_no=11227,えるもんと,筑後市にオープン！全館“光フレッツ”高速無線Wi-Fi通信無料！全室空気清浄器付。洋朝食無料☆ゆったりセミダブルベット！,4290,119544.54,469802.25,833-0031,福岡県,筑後市山ノ井138-22,0942-53-2008,0942-53-0006,ＪＲ羽犬塚駅より徒歩１分／九州新幹線筑後船小屋駅より車で4分/九州自動車道八女Ｉ．Ｃより車で4分／福岡空港より45分,※無料駐車場 30台は到着順です（駐車予約不可）★満車の場合は近隣の有料駐車場をご案内します◆,羽犬塚,https://img.travel.rakuten.co.jp/share/HOTEL/11227/11227.jpg,https://img.travel.rakuten.co.jp/HIMG/90/11227.jpg,https://img.travel.rakuten.co.jp/share/HOTEL/11227/11227_yor.jpg,https://img.travel.rakuten.co.jp/HIMG/INTERIOR/11227.jpg,https://img.travel.rakuten.co.jp/share/HOTEL/11227/11227map.gif,670.0,3.88,"また、建物、設備が古かったのですが、きちんと清掃されており…　2026-05-31 14:13:40投稿 <a href=""https://img.travel.rakuten.co.jp/image/tr/api/re/gJNfM/?f_hotel_no=11227"" class=""3click"">つづきはこちら</a>",sp,お1人様お寛ぎプラン♪セミダブルベット★（喫煙可）,2161860.0,いよいよスタート！【新幹線全線開通】ハッピープラン♪☆セミダブルベット★,1,0,0,1,0,0,https://img.travel.rakuten.co.jp/image/tr/api/re/IdsCY/?f_no=11227&f_syu=sp&f_hi1=2026-06-13&f_hi2=2026-06-14&f_heya_su=1&f_otona_su=1&f_s1=0&f_s2=0&f_y1=0&f_y2=0&f_y3=0&f_y4=0&f_camp_id=2161860,0,2026-06-13,6160,6160,1,2026-06-13,chikugo
145446,ＨＯＴＥＬ　ＡＺ　福岡八女店,https://img.travel.rakuten.co.jp/image/tr/api/re/pvonD/?f_no=145446,https://img.travel.rakuten.co.jp/image/tr/api/re/vFumt/?f_no=145446&f_flg=PLAN,https://img.travel.rakuten.co.jp/image/tr/api/re/WzozX/?noTomariHotel=145446,https://img.travel.rakuten.co.jp/image/tr/api/re/gJNfM/?f_hotel_no=145446,ほてる　えーぜっと　ふくおかやめてん,八女ICから車で約10分。ＪＲ羽犬塚駅から車で約15分。駐車場無料★朝食無料★インターネット接続無料,4620,119574.22,470020.4,834-0063,福岡県,八女市本村539,0943-24-5101,0943-24-5121,JR羽犬塚駅から車で約15分,無料平面駐車場76台あり　普通車：予約不要 、中型車・大型車：要予約（有料）,羽犬塚,https://img.travel.rakuten.co.jp/share/HOTEL/145446/145446.jpg,https://img.travel.rakuten.co.jp/HIMG/90/145446.jpg,https://img.travel.rakuten.co.jp/share/HOTEL/145446/145446_kan1.jpg,https://img.travel.rakuten.co.jp/HIMG/INTERIOR/145446.jpg,https://img.travel.rakuten.co.jp/share/HOTEL/145446/145446map.gif,203.0,3.67,"クチコミの詳細はこちらから　https://r…　2026-05-27 16:39:58投稿 <a href=""https://img.travel.rakuten.co.jp/image/tr/api/re/gJNfM/?f_hotel_no=145446"" class=""3click"">つづきはこちら</a>",s,【喫煙】シングル,6108622.0,スタンダードプラン（朝食サービス）,1,0,0,1,0,1,https://img.travel.rakuten.co.jp/image/tr/api/re/IdsCY/?f_no=145446&f_syu=s&f_hi1=2026-06-13&f_hi2=2026-06-14&f_heya_su=1&f_otona_su=1&f_s1=0&f_s2=0&f_y1=0&f_y2=0&f_y3=0&f_y4=0&f_camp_id=6108622,0,2026-06-13,6380,6380,0,2026-06-13,chikugo
149349,ＨＯＴＥＬ　ＡＺ　福岡大川店,https://img.travel.rakuten.co.jp/image/tr/api/re/pvonD/?f_no=149349,https://img.travel.rakuten.co.jp/image/tr/api/re/vFumt/?f_no=149349&f_flg=PLAN,https://img.travel.rakuten.co.jp/image/tr/api/re/WzozX/?noTomariHotel=149349,https://img.travel.rakuten.co.jp/image/tr/api/re/gJNfM/?f_hotel_no=149349,ほてる　えーぜっと　ふくおかおおかわてん,朝食無料・駐車場無料・インターネット接続無料,4620,119461.32,469406.87,831-0026,福岡県,大川市三丸1375-6,0944-89-3311,0944-89-3302,西鉄柳川駅より車で約９分。八女ＩＣより車で約３０分。　九州佐賀国際空港より車で約30分,無料駐車場91台あり　普通車：予約不要 、中型車・大型車：要予約,西鉄柳川,https://img.travel.rakuten.co.jp/share/HOTEL/149349/149349.jpg,https://img.travel.rakuten.co.jp/HIMG/90/149349.jpg,https://img.travel.rakuten.co.jp/share/HOTEL/149349/149349_kan1.jpg,https://img.travel.rakuten.co.jp/HIMG/INTERIOR/149349.jpg,https://img.travel.rakuten.co.jp/share/HOTEL/149349/149349map.gif,110.0,4.0,"クチコミの詳細はこちらから　https://review.travel.rakuten.co.…　2026-05-19 03:18:19投稿 <a href=""https://img.travel.rakuten.co.jp/image/tr/api/re/gJNfM/?f_hotel_no=149349"" class=""3click"">つづきはこちら</a>",s,【喫煙】シングル,6106681.0,スタンダードプラン（朝食サービス）,1,0,0,1,0,1,https://img.travel.rakuten.co.jp/image/tr/api/re/IdsCY/?f_no=149349&f_syu=s&f_hi1=2026-06-13&f_hi2=2026-06-14&f_heya_su=1&f_otona_su=1&f_s1=0&f_s2=0&f_y1=0&f_y2=0&f_y3=0&f_y4=0&f_camp_id=6106681,0,2026-06-13,6380,6380,0,2026-06-13,chikugo
13813,柳川　白柳荘,https://img.travel.rakuten.co.jp/image/tr/api/re/pvonD/?f_no=13813,https://img.travel.rakuten.co.jp/image/tr/api/re/vFumt/?f_no=13813&f_flg=PLAN,https://img.travel.rakuten.co.jp/image/tr/api/re/WzozX/?noTomariHotel=13813,https://img.travel.rakuten.co.jp/image/tr/api/re/gJNfM/?f_hotel_no=13813,やながわ　はくりゅうそう,全客室お部屋から庭園を臨む眺望。和室でゆっくり寛げるとビジネス利用のお客様からも好評を頂いております。,6600,119376.17,469493.45,832-0032,福岡県,柳川市新町16,0944-73-1188,0944-72-9403,ＪＲ筑後船小屋駅下車バスで20分又は西鉄柳川駅下車徒歩10分／九州縦貫自動車道みやま柳川ＩＣより車で15分,有り　５０台　無料,西鉄柳川,https://img.travel.rakuten.co.jp/share/HOTEL/13813/13813.jpg,https://img.travel.rakuten.co.jp/HIMG/90/13813.jpg,https://img.travel.rakuten.co.jp/share/HOTEL/13813/13813_wa.jpg,https://img.travel.rakuten.co.jp/HIMG/INTERIOR/13813.jpg,https://img.travel.rakuten.co.jp/share/HOTEL/13813/13813map.gif,408.0,4.37,"クチコミの詳細はこちらから…　2026-05-31 17:25:43投稿 <a href=""https://img.travel.rakuten.co.jp/image/tr/api/re/gJNfM/?f_hotel_no=13813"" class=""3click"">つづきはこちら</a>",jr,和室10畳・禁煙【ご夕食付プランはお食事処で】,1624038.0,素泊りビジネスプラン 駐車場無料　,1,0,0,0,0,1,https://img.travel.rakuten.co.jp/image/tr/api/re/IdsCY/?f_no=13813&f_syu=jr&f_hi1=2026-06-13&f_hi2=2026-06-14&f_heya_su=1&f_otona_su=1&f_s1=0&f_s2=0&f_y1=0&f_y2=0&f_y3=0&f_y4=0&f_camp_id=1624038,0,2026-06-13,12100,12100,0,2026-06-13,chikugo
56158,ニューロイヤルホテル,https://img.travel.rakuten.co.jp/image/tr/api/re/pvonD/?f_no=56158,https://img.travel.rakuten.co.jp/image/tr/api/re/vFumt/?f_no=56158&f_flg=PLAN,https://img.travel.rakuten.co.jp/image/tr/api/re/WzozX/?noTomariHotel=56158,https://img.travel.rakuten.co.jp/image/tr/api/re/gJNfM/?f_hotel_no=56158,にゅーろいやるほてる,西鉄・ＪＲ駅から徒歩１０分。繁華街、飲食店へ歩いて１０分以内で移動できます。,6950,118907.23,469611.0,836-0044,福岡県,大牟田市古町2-9,0944-53-2800,0944-53-2855,ＪＲ・西鉄　大牟田駅から徒歩１０分,"21台。普通車500円/泊。大型車1,500円/泊。駐車場予約車1,100円/泊。 防犯カメラ設置",大牟田,https://img.travel.rakuten.co.jp/share/HOTEL/56158/56158.jpg,https://img.travel.rakuten.co.jp/HIMG/90/56158.jpg,https://img.travel.rakuten.co.jp/share/HOTEL/56158/56158_ky.jpg,https://img.travel.rakuten.co.jp/HIMG/INTERIOR/56158.jpg,https://img.travel.rakuten.co.jp/share/HOTEL/56158/56158map.gif,377.0,3.48,"クチコミの詳細はこちらから…　2026-02-23 07:20:50投稿 <a href=""https://img.travel.rakuten.co.jp/image/tr/api/re/gJNfM/?f_hotel_no=56158"" class=""3click"">つづきはこちら</a>",ss,◆◇シングル◆◇禁煙,6445652.0,【決算最安値セール】　シングル禁煙　素泊まりプラン　通常7600円→6950円！,1,0,0,0,0,1,https://img.travel.rakuten.co.jp/image/tr/api/re/IdsCY/?f_no=56158&f_syu=ss&f_hi1=2026-06-13&f_hi2=2026-06-14&f_heya_su=1&f_otona_su=1&f_s1=0&f_s2=0&f_y1=0&f_y2=0&f_y3=0&f_y4=0&f_camp_id=6445652,0,2026-06-13,6950,6950,0,2026-06-13,chikugo
145448,ＨＯＴＥＬ　ＡＺ　福岡筑後店,https://img.travel.rakuten.co.jp/image/tr/api/re/pvonD/?f_no=145448,https://img.travel.rakuten.co.jp/image/tr/api/re/vFumt/?f_no=145448&f_flg=PLAN,https://img.travel.rakuten.co.jp/image/tr/api/re/WzozX/?noTomariHotel=145448,https://img.travel.rakuten.co.jp/image/tr/api/re/gJNfM/?f_hotel_no=145448,ほてる　えーぜっと　ふくおかちくごてん,八女ICより車で約10分・広川ICより車で約10分。国道209号線沿い。無料駐車場★ 朝食無料★インターネット接続無料,4620,119634.51,469834.96,833-0055,福岡県,筑後市熊野58-1,0942-52-9901,0942-52-9902,JR羽犬塚駅より車で12分　ホテル近辺まで西鉄バス有　※50系統　西鉄久留米駅方面　バス亭「赤坂」下車　,無料平面駐車場90台あり　普通車：予約不要 、中型車・大型車：要予約（有料）,西牟田,https://img.travel.rakuten.co.jp/share/HOTEL/145448/145448.jpg,https://img.travel.rakuten.co.jp/HIMG/90/145448.jpg,https://img.travel.rakuten.co.jp/share/HOTEL/145448/145448_kan1.jpg,https://img.travel.rakuten.co.jp/HIMG/INTERIOR/145448.jpg,https://img.travel.rakuten.co.jp/share/HOTEL/145448/145448map.gif,202.0,3.8,"でもコスパを考えると満足かと思います。…　2026-05-26 19:14:53投稿 <a href=""https://img.travel.rakuten.co.jp/image/tr/api/re/gJNfM/?f_hotel_no=145448"" class=""3click"">つづきはこちら</a>",s,【喫煙】シングル,6108301.0,スタンダードプラン（朝食サービス）,1,0,0,1,0,1,https://img.travel.rakuten.co.jp/image/tr/api/re/IdsCY/?f_no=145448&f_syu=s&f_hi1=2026-06-13&f_hi2=2026-06-14&f_heya_su=1&f_otona_su=1&f_s1=0&f_s2=0&f_y1=0&f_y2=0&f_y3=0&f_y4=0&f_camp_id=6108301,0,2026-06-13,6380,6380,0,2026-06-13,chikugo
197724,ＭＯＮＯＭＩＮＡ　ＨＯＴＥＬ　ｓｔｎ．１,https://img.travel.rakuten.co.jp/image/tr/api/re/pvonD/?f_no=197724,https://img.travel.rakuten.co.jp/image/tr/api/re/vFumt/?f_no=197724&f_flg=PLAN,https://img.travel.rakuten.co.jp/image/tr/api/re/WzozX/?noTomariHotel=197724,https://img.travel.rakuten.co.jp/image/tr/api/re/gJNfM/?f_hotel_no=197724,ものみなほてるすてーしょんわん,大牟田の炭鉱という個性を踏襲した空間で、 その魅力に触れる機会をご提供いたします。,4568,118914.67,469608.5,836-0047,福岡県,大牟田市大正町1-3-9,0944-53-3800,0944-53-3807,西鉄天神大牟田線 新栄町駅より徒歩約8分,あり　26台　800円　先着順,新栄町（福岡）,https://img.travel.rakuten.co.jp/share/HOTEL/197724/197724.jpg,https://img.travel.rakuten.co.jp/HIMG/90/197724.jpg,,,https://img.travel.rakuten.co.jp/share/HOTEL/197724/197724map.gif,28.0,4.46,"他の画像やクチコミの詳細はこちら…　2026-06-03 17:26:23投稿 <a href=""https://img.travel.rakuten.co.jp/image/tr/api/re/gJNfM/?f_hotel_no=197724"" class=""3click"">つづきはこちら</a>",dbl,ダブルルーム（16平米）ベッド幅140センチ,6434455.0,＜駐車場利用無し＞【直前割】「大牟田駅から徒歩10分」デザイナーズホテル(素泊まり／食事なし),1,0,0,0,0,1,https://img.travel.rakuten.co.jp/image/tr/api/re/IdsCY/?f_no=197724&f_syu=dbl&f_hi1=2026-06-13&f_hi2=2026-06-14&f_heya_su=1&f_otona_su=1&f_s1=0&f_s2=0&f_y1=0&f_y2=0&f_y3=0&f_y4=0&f_camp_id=6434455,0,2026-06-13,8448,8448,0,2026-06-13,chikugo
54919,旅館　清風荘＜福岡県＞,https://img.travel.rakuten.co.jp/image/tr/api/re/pvonD/?f_no=54919,https://img.travel.rakuten.co.jp/image/tr/api/re/vFumt/?f_no=54919&f_flg=PLAN,https://img.travel.rakuten.co.jp/image/tr/api/re/WzozX/?noTomariHotel=54919,https://img.travel.rakuten.co.jp/image/tr/api/re/gJNfM/?f_hotel_no=54919,せいふうそう,大牟田駅西口徒歩３分の好立地。スタッフはほぼ全員女性で、家庭の温かみと実家のような安心感が満足度のポイント,5800,118902.11,469596.08,836-0047,福岡県,大牟田市大正町4-7-5,0944-52-2710,0944-56-3617,ＪＲ・西鉄　大牟田駅西口より徒歩３分,有り　7台　無料　要予約,大牟田,https://img.travel.rakuten.co.jp/share/HOTEL/54919/54919.jpg,https://img.travel.rakuten.co.jp/HIMG/90/54919.jpg,https://img.travel.rakuten.co.jp/share/HOTEL/54919/54919_wa.jpg,https://img.travel.rakuten.co.jp/HIMG/INTERIOR/54919.jpg,https://img.travel.rakuten.co.jp/share/HOTEL/54919/54919map.gif,210.0,3.45,"落ち着いたただすまいの日本風旅館。接客も丁寧で気分がよかったです。私は和室に泊まりましたが、久しぶりの和室で心がなごみ新鮮でした。日本間はいいとつくづく思い起…　2026-04-20 00:03:00投稿 <a href=""https://img.travel.rakuten.co.jp/image/tr/api/re/gJNfM/?f_hotel_no=54919"" class=""3click"">つづきはこちら</a>",yado08,＜セミダブル＞禁煙,6422854.0,【素泊まり】＜QUOカード付＆大牟田駅徒歩5分＞ ビジネスマン出張応援プラン〜心安らぐ和空間にて〜,1,0,0,0,0,1,https://img.travel.rakuten.co.jp/image/tr/api/re/IdsCY/?f_no=54919&f_syu=yado08&f_hi1=2026-06-13&f_hi2=2026-06-14&f_heya_su=1&f_otona_su=1&f_s1=0&f_s2=0&f_y1=0&f_y2=0&f_y3=0&f_y4=0&f_camp_id=6422854,0,2026-06-13,7500,7500,0,2026-06-13,chikugo
13423,ビジネスホテル　わらじ家本館,https://img.travel.rakuten.co.jp/image/tr/api/re/pvonD/?f_no=13423,https://img.travel.rakuten.co.jp/image/tr/api/re/vFumt/?f_no=13423&f_flg=PLAN,https://img.travel.rakuten.co.jp/image/tr/api/re/WzozX/?noTomariHotel=13423,https://img.travel.rakuten.co.jp/image/tr/api/re/gJNfM/?f_hotel_no=13423,わらじや　ほんかん,清潔、閑静な宿。家族的なおもてなし。,3300,118902.67,469626.04,8360837,福岡県,大牟田市谷町2-6,0944-52-3184,0944-52-3197,『JR大牟田駅』より徒歩8分／九州自動車道『南関IC』より車で20分,無料駐車場15台有り（先着順）,大牟田,https://img.travel.rakuten.co.jp/share/HOTEL/13423/13423.jpg,https://img.travel.rakuten.co.jp/HIMG/90/13423.jpg,https://img.travel.rakuten.co.jp/share/HOTEL/13423/13423_w.jpg,https://img.travel.rakuten.co.jp/HIMG/INTERIOR/13423.jpg,https://img.travel.rakuten.co.jp/share/HOTEL/13423/13423map.gif,128.0,3.0,,singul8,シングル,,,1,0,0,0,0,1,https://img.travel.rakuten.co.jp/image/tr/api/re/IdsCY/?f_no=13423&f_syu=singul8&f_hi1=2026-06-13&f_hi2=2026-06-14&f_heya_su=1&f_otona_su=1&f_s1=0&f_s2=0&f_y1=0&f_y2=0&f_y3=0&f_y4=0,1,2026-06-13,5170,5170,0,2026-06-13,chikugo
167965,ホテルＣ＆Ｓ新大牟田,https://img.travel.rakuten.co.jp/image/tr/api/re/pvonD/?f_no=167965,https://img.travel.rakuten.co.jp/image/tr/api/re/vFumt/?f_no=167965&f_flg=PLAN,https://img.travel.rakuten.co.jp/image/tr/api/re/WzozX/?noTomariHotel=167965,https://img.travel.rakuten.co.jp/image/tr/api/re/gJNfM/?f_hotel_no=167965,しーあんどえすしんおおむた,"◆2018年7月NEW OPEN◆大牟田に,新しい滞在のスタイルをご提案いたします。",6200,119039.14,469758.15,837-0910,福岡県,大牟田市岩本新町1-7-6,0944-31-3320,0944-31-3996,新幹線 新大牟田駅から徒歩5分,有り　２０台　無料　,,https://img.travel.rakuten.co.jp/share/HOTEL/167965/167965.jpg,https://img.travel.rakuten.co.jp/HIMG/90/167965.jpg,https://img.travel.rakuten.co.jp/share/HOTEL/167965/167965_kan1.jpg,https://img.travel.rakuten.co.jp/HIMG/INTERIOR/167965.jpg,https://img.travel.rakuten.co.jp/share/HOTEL/167965/167965map.gif,84.0,3.9,"リピート利用で週末に禁煙ツインに宿泊しました。シンプルですが清潔でコンセントもWi-Fiも、ビジネスホテルにはあって欲しいものがちゃんとありました。満足度高めで…　2026-05-25 18:13:19投稿 <a href=""https://img.travel.rakuten.co.jp/image/tr/api/re/gJNfM/?f_hotel_no=167965"" class=""3click"">つづきはこちら</a>",s,リーズナブル料金 シングルルーム,4281410.0,◆スタンダードプラン◆,1,0,0,0,0,1,https://img.travel.rakuten.co.jp/image/tr/api/re/IdsCY/?f_no=167965&f_syu=s&f_hi1=2026-06-13&f_hi2=2026-06-14&f_heya_su=1&f_otona_su=1&f_s1=0&f_s2=0&f_y1=0&f_y2=0&f_y3=0&f_y4=0&f_camp_id=4281410,0,2026-06-13,6200,6200,1,2026-06-13,chikugo
104773,旅館白秀,https://img.travel.rakuten.co.jp/image/tr/api/re/pvonD/?f_no=104773,https://img.travel.rakuten.co.jp/image/tr/api/re/vFumt/?f_no=104773&f_flg=PLAN,https://img.travel.rakuten.co.jp/image/tr/api/re/WzozX/?noTomariHotel=104773,https://img.travel.rakuten.co.jp/image/tr/api/re/gJNfM/?f_hotel_no=104773,りょかんはくしゅう,駅 市街地近し！！★スーパー・コインランドリー徒歩１分★コンビニ至近★短期・長期滞在に最適★駐車場完備,5300,118877.61,469608.48,836-0861,福岡県,大牟田市宝坂町1-2-5,0944-54-2807,0944-56-7012,西鉄、ＪＲ　大牟田駅より徒歩にて５分／南関インターより２０分,有り１４台 無料 大型車は要連絡,大牟田,https://img.travel.rakuten.co.jp/share/HOTEL/104773/104773.jpg,https://img.travel.rakuten.co.jp/HIMG/90/104773.jpg,https://img.travel.rakuten.co.jp/share/HOTEL/104773/104773_ru.jpg,https://img.travel.rakuten.co.jp/HIMG/INTERIOR/104773.jpg,https://img.travel.rakuten.co.jp/share/HOTEL/104773/104773map.gif,84.0,4.63,,neage3,和室6畳 素泊まり,,,1,0,0,0,0,1,https://img.travel.rakuten.co.jp/image/tr/api/re/IdsCY/?f_no=104773&f_syu=neage3&f_hi1=2026-06-13&f_hi2=2026-06-14&f_heya_su=1&f_otona_su=1&f_s1=0&f_s2=0&f_y1=0&f_y2=0&f_y3=0&f_y4=0,1,2026-06-13,5500,5500,0,2026-06-13,chikugo
196668,Ｐｒｅｃｉｏｕｓ　ＣＡＢＩＮ　キャビン型カプセルホテル,https://img.travel.rakuten.co.jp/image/tr/api/re/pvonD/?f_no=196668,https://img.travel.rakuten.co.jp/image/tr/api/re/vFumt/?f_no=196668&f_flg=PLAN,,https://img.travel.rakuten.co.jp/image/tr/api/re/gJNfM/?f_hotel_no=196668,ぷれしゃすきゃびん　きゃびんがたかぷせるほてる,九州最多の4種のサウナや温泉、リラクゼーションルーム使い放題！充実のキャビンライフが過ごせます♪コワーキングにも◎,5520,118834.91,469694.1,836-0895,福岡県,大牟田市新勝立町6-37,0944-53-8126,--,博多駅もしくは天神駅から電車で約1時間　大牟田駅下車　そこから車で約10分,あり　240台　無料　予約不要,大牟田,https://img.travel.rakuten.co.jp/share/HOTEL/196668/196668.jpg,https://img.travel.rakuten.co.jp/HIMG/90/196668.jpg,,,https://img.travel.rakuten.co.jp/share/HOTEL/196668/196668map.gif,23.0,4.09,"宿泊スペースも…　2026-06-11 22:09:11投稿 <a href=""https://img.travel.rakuten.co.jp/image/tr/api/re/gJNfM/?f_hotel_no=196668"" class=""3click"">つづきはこちら</a>",1,＜男女兼用＞キャビン,6410919.0,【15％OFF】【楽天スーパーSALE】個室感覚でリーズナブルなキャビンステイ＜朝カレー無料＞,1,0,0,1,0,2,https://img.travel.rakuten.co.jp/image/tr/api/re/IdsCY/?f_no=196668&f_syu=1&f_hi1=2026-06-13&f_hi2=2026-06-14&f_heya_su=1&f_otona_su=1&f_s1=0&f_s2=0&f_y1=0&f_y2=0&f_y3=0&f_y4=0&f_camp_id=6410919,0,2026-06-13,5690,5690,0,2026-06-13,chikugo
56969,ビジネスｉｎn　清風荘,https://img.travel.rakuten.co.jp/image/tr/api/re/pvonD/?f_no=56969,https://img.travel.rakuten.co.jp/image/tr/api/re/vFumt/?f_no=56969&f_flg=PLAN,https://img.travel.rakuten.co.jp/image/tr/api/re/WzozX/?noTomariHotel=56969,https://img.travel.rakuten.co.jp/image/tr/api/re/gJNfM/?f_hotel_no=56969,びじねすいん　せいふうそう,"家庭的な雰囲気のビジネスホテル。長期滞在,スポーツの合宿等にも便利 で、お部屋もホテルタイプと旅館タイプがございます。",2950,119520.31,469366.43,831-0004,福岡県,大川市榎津295-4,0944-86-5513,0944-86-5496,西鉄　柳川駅より車で１５分／ＪＲ　佐賀駅より車で２5分/ホークスベースボールパーク、筑後広域公園運動場から車で２０分,有り　１５台　無料　予約不要,西鉄柳川,https://img.travel.rakuten.co.jp/share/HOTEL/56969/56969.jpg,https://img.travel.rakuten.co.jp/HIMG/90/56969.jpg,,,https://img.travel.rakuten.co.jp/share/HOTEL/56969/56969map.gif,84.0,3.9,,2, エコノミータイプ（バス、トイレ付）和室、和洋室、ベッド,5950233.0,エコノミータイプ（バス、トイレ付）和室、又は和洋室===朝食付===,1,0,0,1,0,1,https://img.travel.rakuten.co.jp/image/tr/api/re/IdsCY/?f_no=56969&f_syu=2&f_hi1=2026-06-13&f_hi2=2026-06-14&f_heya_su=1&f_otona_su=1&f_s1=0&f_s2=0&f_y1=0&f_y2=0&f_y3=0&f_y4=0&f_camp_id=5950233,0,2026-06-13,5250,5250,0,2026-06-13,chikugo
78146,ビジネス　ホテル　まゆみ,https://img.travel.rakuten.co.jp/image/tr/api/re/pvonD/?f_no=78146,https://img.travel.rakuten.co.jp/image/tr/api/re/vFumt/?f_no=78146&f_flg=PLAN,https://img.travel.rakuten.co.jp/image/tr/api/re/WzozX/?noTomariHotel=78146,https://img.travel.rakuten.co.jp/image/tr/api/re/gJNfM/?f_hotel_no=78146,まゆみ,【九州旅行応援クーポン発行中!!】飲食店街中心部★　一度チェックインすれば門限なし,3200,118910.66,469611.54,836-0046,福岡県,大牟田市本町2-1-9,0944-52-5989,0944-52-6034,福岡空港からは地下鉄で2駅　東比恵　博多駅　大牟田駅JR　空港から地下鉄で　西鉄電車大牟田線　どちらもバスも運行あり,有り　８台から１０台　 ,大牟田,https://img.travel.rakuten.co.jp/share/HOTEL/78146/78146.jpg,https://img.travel.rakuten.co.jp/HIMG/90/78146.jpg,https://img.travel.rakuten.co.jp/share/HOTEL/78146/78146_kya.jpg,https://img.travel.rakuten.co.jp/HIMG/INTERIOR/78146.jpg,https://img.travel.rakuten.co.jp/share/HOTEL/78146/78146map.gif,126.0,3.67,"基本的なタオルや寝間着はありますが、リンスインシャンプーしかなかったため、気になる方は買って…　2026-03-03 20:40:21投稿 <a href=""https://img.travel.rakuten.co.jp/image/tr/api/re/gJNfM/?f_hotel_no=78146"" class=""3click"">つづきはこちら</a>",s,【喫煙】シングル　Wifi接続全室可能！バストイレあり　,2656150.0,【スタンダードプラン】素泊まり大牟田駅徒歩7分♪飲食店中心部あり！バストイレあり,1,0,0,0,0,2,https://img.travel.rakuten.co.jp/image/tr/api/re/IdsCY/?f_no=78146&f_syu=s&f_hi1=2026-06-13&f_hi2=2026-06-14&f_heya_su=1&f_otona_su=1&f_s1=0&f_s2=0&f_y1=0&f_y2=0&f_y3=0&f_y4=0&f_camp_id=2656150,0,2026-06-13,4800,4800,0,2026-06-13,chikugo
177003,ＴＨＥ　ＴＲＡＩＬＥＲＨＯＵＳＥ　ＶＩＬＬＡＧＥ　大牟田　ＳＰＡ,https://img.travel.rakuten.co.jp/image/tr/api/re/pvonD/?f_no=177003,https://img.travel.rakuten.co.jp/image/tr/api/re/vFumt/?f_no=177003&f_flg=PLAN,,https://img.travel.rakuten.co.jp/image/tr/api/re/gJNfM/?f_hotel_no=177003,ざ・とれーらーはうすびれっじおおむたすぱ,トレーラー泊×温泉＆サウナ★釣り堀やゴーカートなど遊び場充実＆併設の「最高の湯」で寛げるからファミリーに人気♪,5450,118834.91,469694.08,836-0895,福岡県,大牟田市新勝立町6-37,0944-53-8126,0944-32-9114,博多駅からJRで約1時間or天神から西鉄大牟田線で約1時間　→大牟田駅→大牟田駅から車で約10分,有り　予約不要,大牟田,https://img.travel.rakuten.co.jp/share/HOTEL/177003/177003.jpg,https://img.travel.rakuten.co.jp/HIMG/90/177003.jpg,https://img.travel.rakuten.co.jp/share/HOTEL/177003/177003_kan1.jpg,https://img.travel.rakuten.co.jp/HIMG/INTERIOR/177003.jpg,https://img.travel.rakuten.co.jp/share/HOTEL/177003/177003map.gif,103.0,4.48,"初めてのトレーラー宿泊でした。不安はありましたが、クィーンベッド(体感的にはダブル?)とシングルサイズが2箇所の計3箇所あり、4人〜5人家族泊まるには充分のサイ…　2026-06-08 06:31:26投稿 <a href=""https://img.travel.rakuten.co.jp/image/tr/api/re/gJNfM/?f_hotel_no=177003"" class=""3click"">つづきはこちら</a>",trailer5,トレーラーハウス《全長5.5ｍ》 ,6462342.0,【15％OFF】【楽天スーパーSALE】美肌の湯＆4種のサウナ＆寛ぎスペースでゆったり＜食事なし＞,1,0,0,0,0,2,https://img.travel.rakuten.co.jp/image/tr/api/re/IdsCY/?f_no=177003&f_syu=trailer5&f_hi1=2026-06-13&f_hi2=2026-06-14&f_heya_su=1&f_otona_su=1&f_s1=0&f_s2=0&f_y1=0&f_y2=0&f_y3=0&f_y4=0&f_camp_id=6462342,0,2026-06-13,18130,18130,0,2026-06-13,chikugo
129992,おおむたハイツ,https://img.travel.rakuten.co.jp/image/tr/api/re/pvonD/?f_no=129992,https://img.travel.rakuten.co.jp/image/tr/api/re/vFumt/?f_no=129992&f_flg=PLAN,https://img.travel.rakuten.co.jp/image/tr/api/re/WzozX/?noTomariHotel=129992,https://img.travel.rakuten.co.jp/image/tr/api/re/gJNfM/?f_hotel_no=129992,おおむたはいつ,グリーンランドまで30分圏内！ファミリーフレンドリーな絶景温泉宿,6600,119035.97,469654.36,837-0905,福岡県,大牟田市甘木甘木山1203-116,0944-58-3497,0944-58-7069,「大牟田駅（ＪＲ・西鉄）」よりタクシーで約15分、九州自動車道「南関ＩＣ」よりお車で約10分,有り　２００台　無料　予約不要,,https://img.travel.rakuten.co.jp/share/HOTEL/129992/129992.jpg,https://img.travel.rakuten.co.jp/HIMG/90/129992.jpg,https://img.travel.rakuten.co.jp/share/HOTEL/129992/129992_you.jpg,https://img.travel.rakuten.co.jp/HIMG/INTERIOR/129992.jpg,https://img.travel.rakuten.co.jp/share/HOTEL/129992/129992map.gif,136.0,4.07,,prob1,訳あり1名-和室＜バス・トイレなし＞,4587580.0,【訳ありプラン　素泊まり】「寝るだけ、泊まるだけ」！館内温泉あり,1,0,0,0,0,1,https://img.travel.rakuten.co.jp/image/tr/api/re/IdsCY/?f_no=129992&f_syu=prob1&f_hi1=2026-06-13&f_hi2=2026-06-14&f_heya_su=1&f_otona_su=1&f_s1=0&f_s2=0&f_y1=0&f_y2=0&f_y3=0&f_y4=0&f_camp_id=4587580,0,2026-06-13,8940,8940,0,2026-06-13,chikugo
40540,料亭　旅館　三川屋,https://img.travel.rakuten.co.jp/image/tr/api/re/pvonD/?f_no=40540,https://img.travel.rakuten.co.jp/image/tr/api/re/vFumt/?f_no=40540&f_flg=PLAN,https://img.travel.rakuten.co.jp/image/tr/api/re/WzozX/?noTomariHotel=40540,https://img.travel.rakuten.co.jp/image/tr/api/re/gJNfM/?f_hotel_no=40540,りょうてい　りょかん　みかわや,2024年10月リニューアルオープン！筑後川や有明海に育まれた、大川の名物料理を堪能できる料亭・旅館,5390,119561.49,469332.07,831-0005,福岡県,大川市大字向島2222,0944-87-3155,0944-87-2925,西鉄柳川駅よりバス25分/JR佐賀駅よりバス25分(バス停「大川橋」より徒歩5分）、佐賀空港より車20分,有：50台　無料　※お車でお越しの方は、ご予約時に備考欄にてお知らせください。,西鉄柳川,https://img.travel.rakuten.co.jp/share/HOTEL/40540/40540.jpg,https://img.travel.rakuten.co.jp/HIMG/90/40540.jpg,https://img.travel.rakuten.co.jp/share/HOTEL/40540/40540_kya.jpg,https://img.travel.rakuten.co.jp/HIMG/INTERIOR/40540.jpg,https://img.travel.rakuten.co.jp/share/HOTEL/40540/40540map.gif,25.0,4.9,,10,【禁煙】スタンダードダブル（シャワーブース付）,6050302.0,【シンプルステイ×素泊り】筑後川の豊かな自然で癒やしのひとときを◆無料駐車場完備,1,0,0,0,0,1,https://img.travel.rakuten.co.jp/image/tr/api/re/IdsCY/?f_no=40540&f_syu=10&f_hi1=2026-06-13&f_hi2=2026-06-14&f_heya_su=1&f_otona_su=1&f_s1=0&f_s2=0&f_y1=0&f_y2=0&f_y3=0&f_y4=0&f_camp_id=6050302,0,2026-06-13,9440,9440,0,2026-06-13,chikugo
186646,別荘　大川家　一棟貸しの宿九州旅行に便利な宿　＾,https://img.travel.rakuten.co.jp/image/tr/api/re/pvonD/?f_no=186646,https://img.travel.rakuten.co.jp/image/tr/api/re/vFumt/?f_no=186646&f_flg=PLAN,,https://img.travel.rakuten.co.jp/image/tr/api/re/gJNfM/?f_hotel_no=186646,,　,12760,119524.4,469385.49,831-0004,福岡県,大川市榎津111-3　大川家　ｏｋａｗａｙａ,080-3949-7326,000-000-0000,蒲池駅から車で約１０分,有り,蒲池（福岡）,https://img.travel.rakuten.co.jp/share/HOTEL/186646/186646.jpg,https://img.travel.rakuten.co.jp/HIMG/90/186646.jpg,,,https://img.travel.rakuten.co.jp/share/HOTEL/186646/186646map.gif,,,,649372_8,一戸建て,6302808.0,一棟貸し プライベート宿,1,0,0,0,0,2,https://img.travel.rakuten.co.jp/image/tr/api/re/IdsCY/?f_no=186646&f_syu=649372_8&f_hi1=2026-06-13&f_hi2=2026-06-14&f_heya_su=1&f_otona_su=1&f_s1=0&f_s2=0&f_y1=0&f_y2=0&f_y3=0&f_y4=0&f_camp_id=6302808,0,2026-06-13,37120,37120,0,2026-06-13,chikugo
194709,ＨＩＲＡＲＩ　水辺の森　＾,https://img.travel.rakuten.co.jp/image/tr/api/re/pvonD/?f_no=194709,https://img.travel.rakuten.co.jp/image/tr/api/re/vFumt/?f_no=194709&f_flg=PLAN,,https://img.travel.rakuten.co.jp/image/tr/api/re/gJNfM/?f_hotel_no=194709,,心に残るひとときを提供する「ＨＯＴＥＬ　ＨＩＲＡＲＩ　水辺の森」が新たにグランドオープンしました。,10208,119670.42,469831.1,833-0053,福岡県,筑後市西牟田6118-12　ＨＩＲＡＲＩ　水辺の森,090-9659-7651,000-000-0000,西牟田駅から徒歩で約４分,有り,西牟田,https://img.travel.rakuten.co.jp/share/HOTEL/194709/194709.jpg,https://img.travel.rakuten.co.jp/HIMG/90/194709.jpg,,,https://img.travel.rakuten.co.jp/share/HOTEL/194709/194709map.gif,,,,1108869_12,一戸建て,6274228.0,【6.7月限定】特別割引  ペット可&遊べる大型宿 (最大12名),1,0,0,0,0,2,https://img.travel.rakuten.co.jp/image/tr/api/re/IdsCY/?f_no=194709&f_syu=1108869_12&f_hi1=2026-06-13&f_hi2=2026-06-14&f_heya_su=1&f_otona_su=1&f_s1=0&f_s2=0&f_y1=0&f_y2=0&f_y3=0&f_y4=0&f_camp_id=6274228,0,2026-06-13,52200,52200,0,2026-06-13,chikugo
191089,エンパイアスカイリッジホテル／民泊,https://img.travel.rakuten.co.jp/image/tr/api/re/pvonD/?f_no=191089,https://img.travel.rakuten.co.jp/image/tr/api/re/vFumt/?f_no=191089&f_flg=PLAN,,https://img.travel.rakuten.co.jp/image/tr/api/re/gJNfM/?f_hotel_no=191089,,　,8700,119662.33,469837.89,833-0001,福岡県,筑後市一条1327-1　エンパイア・スカイリッジホテル,090-9659-7651,000-000-0000,西牟田駅から徒歩で約４分,有り,西牟田,https://img.travel.rakuten.co.jp/share/HOTEL/191089/191089.jpg,https://img.travel.rakuten.co.jp/HIMG/90/191089.jpg,,,https://img.travel.rakuten.co.jp/share/HOTEL/191089/191089map.gif,1.0,,,r20511_2,ROOM本社ビル602,6461824.0,【1LDK 】ゆったりマンションステイ,1,0,0,0,0,2,https://img.travel.rakuten.co.jp/image/tr/api/re/IdsCY/?f_no=191089&f_syu=r20511_2&f_hi1=2026-06-13&f_hi2=2026-06-14&f_heya_su=1&f_otona_su=1&f_s1=0&f_s2=0&f_y1=0&f_y2=0&f_y3=0&f_y4=0&f_camp_id=6461824,0,2026-06-13,19720,19720,0,2026-06-13,chikugo
79358,くつろぎの森　グリーンピア八女,https://img.travel.rakuten.co.jp/image/tr/api/re/pvonD/?f_no=79358,https://img.travel.rakuten.co.jp/image/tr/api/re/vFumt/?f_no=79358&f_flg=PLAN,https://img.travel.rakuten.co.jp/image/tr/api/re/WzozX/?noTomariHotel=79358,https://img.travel.rakuten.co.jp/image/tr/api/re/gJNfM/?f_hotel_no=79358,くつろぎのもり　ぐりーんぴあやめ,四季折々の草花が咲きみだれ、お食事、温泉、合宿と　さまざまなプランで、大満足頂けます。,9300,119450.83,470456.69,834-1204,福岡県,八女市黒木町木屋10905,0943-22-8813,0943-22-8805,九州自動車道八女IC下車。国道442号線経由、黒木平公園線へ（県道802号）約22km、約40分,有り400台　無料　予約不要,羽犬塚,https://img.travel.rakuten.co.jp/share/HOTEL/79358/79358.jpg,https://img.travel.rakuten.co.jp/HIMG/90/79358.jpg,https://img.travel.rakuten.co.jp/share/HOTEL/79358/79358_room.jpg,https://img.travel.rakuten.co.jp/HIMG/INTERIOR/79358.jpg,https://img.travel.rakuten.co.jp/share/HOTEL/79358/79358map.gif,275.0,3.92,"大人はゆっくりBBQが…　2026-05-12 17:31:35投稿 <a href=""https://img.travel.rakuten.co.jp/image/tr/api/re/gJNfM/?f_hotel_no=79358"" class=""3click"">つづきはこちら</a>",type2,【和室10畳】,4469066.0,【松花堂膳】宿泊プラン　1泊2食11，980円〜　※期間11/30まで　,1,1,0,1,0,1,https://img.travel.rakuten.co.jp/image/tr/api/re/IdsCY/?f_no=79358&f_syu=type2&f_hi1=2026-06-13&f_hi2=2026-06-14&f_heya_su=1&f_otona_su=1&f_s1=0&f_s2=0&f_y1=0&f_y2=0&f_y3=0&f_y4=0&f_camp_id=4469066,0,2026-06-13,15980,15980,0,2026-06-13,chikugo
18461,柳川ビジネスホテル,https://img.travel.rakuten.co.jp/image/tr/api/re/pvonD/?f_no=18461,https://img.travel.rakuten.co.jp/image/tr/api/re/vFumt/?f_no=18461&f_flg=PLAN,https://img.travel.rakuten.co.jp/image/tr/api/re/WzozX/?noTomariHotel=18461,https://img.travel.rakuten.co.jp/image/tr/api/re/gJNfM/?f_hotel_no=18461,やながわ　びじねすほてる,西鉄柳川駅より徒歩５分　｢川下り」乗船場にも隣接してビジネスにも観光にも最適です！　Wi-Fi全室無料♪駐車場無料♪,4800,119393.49,469510.22,832-0826,福岡県,柳川市三橋町高畑243-1,0944-74-1500,0944-72-4268,西鉄柳川駅より徒歩5分/九州自動車道みやま柳川ＩＣより車で約１０分,有り　２０台無料,西鉄柳川,https://img.travel.rakuten.co.jp/share/HOTEL/18461/18461.jpg,https://img.travel.rakuten.co.jp/HIMG/90/18461.jpg,https://img.travel.rakuten.co.jp/share/HOTEL/18461/18461_r.jpg,https://img.travel.rakuten.co.jp/HIMG/INTERIOR/18461.jpg,https://img.travel.rakuten.co.jp/share/HOTEL/18461/18461map.gif,171.0,3.4,"クチコミの詳細はこちらから　https://review.travel.rakute…　2026-05-22 17:52:11投稿 <a href=""https://img.travel.rakuten.co.jp/image/tr/api/re/gJNfM/?f_hotel_no=18461"" class=""3click"">つづきはこちら</a>",sk,スタンダードシングル【禁煙】,6194213.0,シンプルステイ【素泊まり】プラン,1,0,0,0,0,0,https://img.travel.rakuten.co.jp/image/tr/api/re/IdsCY/?f_no=18461&f_syu=sk&f_hi1=2026-06-13&f_hi2=2026-06-14&f_heya_su=1&f_otona_su=1&f_s1=0&f_s2=0&f_y1=0&f_y2=0&f_y3=0&f_y4=0&f_camp_id=6194213,0,2026-06-13,7200,7200,0,2026-06-13,chikugo
179180,風の　八女福島（旧：ＮＩＰＰＯＮＩＡ　ＨＯＴＥＬ　八女福島　商家町）,https://img.travel.rakuten.co.jp/image/tr/api/re/pvonD/?f_no=179180,https://img.travel.rakuten.co.jp/image/tr/api/re/vFumt/?f_no=179180&f_flg=PLAN,https://img.travel.rakuten.co.jp/image/tr/api/re/WzozX/?noTomariHotel=179180,https://img.travel.rakuten.co.jp/image/tr/api/re/gJNfM/?f_hotel_no=179180,かぜの　やめふくしま（きゅう：にっぽにあ　ほてる　やめふくしま　しょうかまち）,【福岡空港・博多駅より車で約60分】玉露日本一の産地・八女で、日本茶と地酒を堪能する贅沢なひととき。,32206,119540.15,470007.68,834-0031,福岡県,八女市本町(モトマチ)西京町204,0120-210-289, ,【交通機関】久留米駅よりバス「西唐人町」下車（徒歩約10分）【お車】九州自動車道「八女I.C」から約4km（約10分）,駐車場有り（無料）。フロント棟にお立ち寄りいただきましたら、スタッフがご案内します。,羽犬塚,https://img.travel.rakuten.co.jp/share/HOTEL/179180/179180.jpg,https://img.travel.rakuten.co.jp/HIMG/90/179180.jpg,https://img.travel.rakuten.co.jp/share/HOTEL/179180/179180_kan1.jpg,https://img.travel.rakuten.co.jp/HIMG/INTERIOR/179180.jpg,https://img.travel.rakuten.co.jp/share/HOTEL/179180/179180map.gif,47.0,4.67,,standard4,VMGグランド（4名定員）＜檜風呂付＞,6258600.0,【直前割】朝は抹茶ですっきりとお目覚め｜八女茶漬けと地元食材で彩る健康的な朝食をご堪能＜朝食付＞,1,0,0,1,0,1,https://img.travel.rakuten.co.jp/image/tr/api/re/IdsCY/?f_no=179180&f_syu=standard4&f_hi1=2026-06-13&f_hi2=2026-06-14&f_heya_su=1&f_otona_su=1&f_s1=0&f_s2=0&f_y1=0&f_y2=0&f_y3=0&f_y4=0&f_camp_id=6258600,0,2026-06-13,57628,57628,0,2026-06-13,chikugo
43814,松葉屋,https://img.travel.rakuten.co.jp/image/tr/api/re/pvonD/?f_no=43814,https://img.travel.rakuten.co.jp/image/tr/api/re/vFumt/?f_no=43814&f_flg=PLAN,https://img.travel.rakuten.co.jp/image/tr/api/re/WzozX/?noTomariHotel=43814,https://img.travel.rakuten.co.jp/image/tr/api/re/gJNfM/?f_hotel_no=43814,まつばや,"1958年創業した古い旅館です。佐賀、熊本、福岡と交通の便がよく有明海の豊かな魚介類でおもてなしします,",3800,119229.71,469588.82,839-0254,福岡県,柳川市大和町中島673,0944-76-3212,0944-76-4084,西鉄天神大牟田線  西鉄中島駅より徒歩１分,有り　１４台　無料　先着順,西鉄中島,https://img.travel.rakuten.co.jp/share/HOTEL/43814/43814.jpg,https://img.travel.rakuten.co.jp/HIMG/90/43814.jpg,https://img.travel.rakuten.co.jp/share/HOTEL/43814/43814_s.jpg,https://img.travel.rakuten.co.jp/HIMG/INTERIOR/43814.jpg,https://img.travel.rakuten.co.jp/share/HOTEL/43814/43814map.gif,31.0,4.0,,a,和室1名,2976582.0,ビジネスプラン　食事無し,1,0,0,0,0,2,https://img.travel.rakuten.co.jp/image/tr/api/re/IdsCY/?f_no=43814&f_syu=a&f_hi1=2026-06-13&f_hi2=2026-06-14&f_heya_su=1&f_otona_su=1&f_s1=0&f_s2=0&f_y1=0&f_y2=0&f_y3=0&f_y4=0&f_camp_id=2976582,0,2026-06-13,5200,5200,0,2026-06-13,chikugo
177824,Ｋｙｕｓｈｕ　Ｒｖ　Ｒｅｓｏｒｔ　ｉｎ　ｙａｎａｇａｗａ,https://img.travel.rakuten.co.jp/image/tr/api/re/pvonD/?f_no=177824,https://img.travel.rakuten.co.jp/image/tr/api/re/vFumt/?f_no=177824&f_flg=PLAN,,https://img.travel.rakuten.co.jp/image/tr/api/re/gJNfM/?f_hotel_no=177824,きゅうしゅう　あーるぶい　りぞーと　いん　やながわ,日本初の屋根つきのＲＶリゾートサイトです。天候に左右されずゆっくり寛げます。,3300,119439.86,469463.71,832-0006,福岡県,柳川市東蒲池1558,0944-74-3777,0944-74-5511,西鉄柳川駅よりお車にて約５分,有り　１０台　 無料　予約不要,西鉄柳川,https://img.travel.rakuten.co.jp/share/HOTEL/177824/177824.jpg,https://img.travel.rakuten.co.jp/HIMG/90/177824.jpg,,,https://img.travel.rakuten.co.jp/share/HOTEL/177824/177824map.gif,17.0,3.67,,dallas16,カシータ　テキサス,,,1,0,0,0,0,1,https://img.travel.rakuten.co.jp/image/tr/api/re/IdsCY/?f_no=177824&f_syu=dallas16&f_hi1=2026-06-13&f_hi2=2026-06-14&f_heya_su=1&f_otona_su=1&f_s1=0&f_s2=0&f_y1=0&f_y2=0&f_y3=0&f_y4=0,1,2026-06-13,3300,3300,0,2026-06-13,chikugo
200243,ＨＩＲＡＲＩ柳川　＾,https://img.travel.rakuten.co.jp/image/tr/api/re/pvonD/?f_no=200243,https://img.travel.rakuten.co.jp/image/tr/api/re/vFumt/?f_no=200243&f_flg=PLAN,,https://img.travel.rakuten.co.jp/image/tr/api/re/gJNfM/?f_hotel_no=200243,, ,10208,119378.22,469534.38,832-0827,福岡県,柳川市三橋町蒲船津1403-11,090-9659-7651,00-0000-0000,西鉄柳川駅から徒歩で3分,あり,西鉄柳川,https://img.travel.rakuten.co.jp/share/HOTEL/200243/200243.jpg,https://img.travel.rakuten.co.jp/HIMG/90/200243.jpg,,,https://img.travel.rakuten.co.jp/share/HOTEL/200243/200243map.gif,,,,1554208_10,一戸建て,6477010.0,【新規OPEN記念価格】プール付きヴィラ 今だけ特別価格 1日1組限定,1,0,0,0,0,2,https://img.travel.rakuten.co.jp/image/tr/api/re/IdsCY/?f_no=200243&f_syu=1554208_10&f_hi1=2026-06-13&f_hi2=2026-06-14&f_heya_su=1&f_otona_su=1&f_s1=0&f_s2=0&f_y1=0&f_y2=0&f_y3=0&f_y4=0&f_camp_id=6477010,0,2026-06-13,52200,52200,0,2026-06-13,chikugo
172605,ＡＢホテル行橋,https://img.travel.rakuten.co.jp/image/tr/api/re/pvonD/?f_no=172605,https://img.travel.rakuten.co.jp/image/tr/api/re/vFumt/?f_no=172605&f_flg=PLAN,https://img.travel.rakuten.co.jp/image/tr/api/re/WzozX/?noTomariHotel=172605,https://img.travel.rakuten.co.jp/image/tr/api/re/gJNfM/?f_hotel_no=172605,えーびーほてるゆくはし,行橋駅より徒歩１分、北九州空港より車で約２５分！健康朝食バイキング、男女別大浴場が無料♪ウェルカムコーヒーも♪,1800,121409.13,471499.33,824-0031,福岡県,行橋市西宮市2-2-16,0930-28-8222,0930-28-8219,行橋駅より徒歩にて約1分♪北九州空港より車で40分♪小倉駅から16分♪,有り　無料　平面／47台（先着順）　※大型車、バイク、自転車は不可,行橋,https://img.travel.rakuten.co.jp/share/HOTEL/172605/172605.jpg,https://img.travel.rakuten.co.jp/HIMG/90/172605.jpg,,,https://img.travel.rakuten.co.jp/share/HOTEL/172605/172605map.gif,837.0,4.26,"北九州へ行った際…　2026-06-11 16:06:52投稿 <a href=""https://img.travel.rakuten.co.jp/image/tr/api/re/gJNfM/?f_hotel_no=172605"" class=""3click"">つづきはこちら</a>",sna,禁煙スタンダードシングル【120ｃｍセミダブルベッド】,4571732.0,当日限定シングルプラン♪空いてたらラッキー♪【健康朝食・大浴場無料】,1,0,0,1,0,1,https://img.travel.rakuten.co.jp/image/tr/api/re/JlnYS/?f_no=172605&f_syu=sna&f_hi1=2026-06-13&f_hi2=2026-06-14&f_heya_su=1&f_otona_su=1&f_s1=0&f_s2=0&f_y1=0&f_y2=0&f_y3=0&f_y4=0&f_camp_id=4571732,2,2026-06-13,7000,7000,0,2026-06-13,buzen
68680,ホテルルートイン苅田駅前,https://img.travel.rakuten.co.jp/image/tr/api/re/pvonD/?f_no=68680,https://img.travel.rakuten.co.jp/image/tr/api/re/vFumt/?f_no=68680&f_flg=PLAN,https://img.travel.rakuten.co.jp/image/tr/api/re/WzozX/?noTomariHotel=68680,https://img.travel.rakuten.co.jp/image/tr/api/re/gJNfM/?f_hotel_no=68680,るーといんかんだえきまえ,WOWOW全室で無料視聴可■VODルームシアター無料視聴可能(一般映画のみ・コンフォートルーム特典）■Wi-Fi利用可,5000,121611.41,471533.88,800-0361,福岡県,京都郡苅田町神田町1-8-1,050-5576-7905,093-435-3712,ＪＲ日豊本線　苅田駅徒歩0分／北九州空港より車で約１5分,有り　83台　無料　先着順（予約不可）,苅田,https://img.travel.rakuten.co.jp/share/HOTEL/68680/68680.jpg,https://img.travel.rakuten.co.jp/HIMG/90/68680.jpg,https://img.travel.rakuten.co.jp/share/HOTEL/68680/68680_k.jpg,https://img.travel.rakuten.co.jp/HIMG/INTERIOR/68680.jpg,https://img.travel.rakuten.co.jp/share/HOTEL/68680/68680map.gif,555.0,4.11,"あ…　2026-05-16 09:09:27投稿 <a href=""https://img.travel.rakuten.co.jp/image/tr/api/re/gJNfM/?f_hotel_no=68680"" class=""3click"">つづきはこちら</a>",nt,【禁煙】ツインルーム ベット幅120ｃｍ,5830371.0,【朝食付・事前カード決済がお得で早い】簡単チェックインでスムーズにお部屋へ 〜◆大浴場◆駅近◆,1,0,0,1,0,2,https://img.travel.rakuten.co.jp/image/tr/api/re/IdsCY/?f_no=68680&f_syu=nt&f_hi1=2026-06-13&f_hi2=2026-06-14&f_heya_su=1&f_otona_su=1&f_s1=0&f_s2=0&f_y1=0&f_y2=0&f_y3=0&f_y4=0&f_camp_id=5830371,0,2026-06-13,13350,13350,0,2026-06-13,buzen
41024,ホテルルートイン行橋,https://img.travel.rakuten.co.jp/image/tr/api/re/pvonD/?f_no=41024,https://img.travel.rakuten.co.jp/image/tr/api/re/vFumt/?f_no=41024&f_flg=PLAN,https://img.travel.rakuten.co.jp/image/tr/api/re/WzozX/?noTomariHotel=41024,https://img.travel.rakuten.co.jp/image/tr/api/re/gJNfM/?f_hotel_no=41024,るーといん　ゆくはし,JR行橋駅より徒歩7分☆大浴場有り☆朝食無料☆Ｗi-Fi無料☆WOWOW無料視聴☆,6350,121408.48,471511.6,824-0005,福岡県,行橋市中央3-5-8,0930-26-8711,0930-26-8712,ＪＲ行橋駅より徒歩7分／東九州自動車道　行橋ＩＣより約４ｋｍ/東九州自動車道　苅田北九州空港ICより約10km,有料：500円/泊　先着順　平面駐車場以外は提携駐車場へのご案内致します。,行橋,https://img.travel.rakuten.co.jp/share/HOTEL/41024/41024.jpg,https://img.travel.rakuten.co.jp/HIMG/90/41024.jpg,https://img.travel.rakuten.co.jp/share/HOTEL/41024/41024_kya.jpg,https://img.travel.rakuten.co.jp/HIMG/INTERIOR/41024.jpg,https://img.travel.rakuten.co.jp/share/HOTEL/41024/41024map.gif,730.0,3.89,"温泉も…　2026-05-31 21:43:20投稿 <a href=""https://img.travel.rakuten.co.jp/image/tr/api/re/gJNfM/?f_hotel_no=41024"" class=""3click"">つづきはこちら</a>",sb,【喫煙】シングルルーム ,1131753.0,【スタンダードプラン】　■大浴場完備■バイキング朝食付き■,1,0,0,1,0,1,https://img.travel.rakuten.co.jp/image/tr/api/re/IdsCY/?f_no=41024&f_syu=sb&f_hi1=2026-06-13&f_hi2=2026-06-14&f_heya_su=1&f_otona_su=1&f_s1=0&f_s2=0&f_y1=0&f_y2=0&f_y3=0&f_y4=0&f_camp_id=1131753,0,2026-06-13,9650,9650,0,2026-06-13,buzen
147051,アリストンイン苅田北九州空港,https://img.travel.rakuten.co.jp/image/tr/api/re/pvonD/?f_no=147051,https://img.travel.rakuten.co.jp/image/tr/api/re/vFumt/?f_no=147051&f_flg=PLAN,https://img.travel.rakuten.co.jp/image/tr/api/re/WzozX/?noTomariHotel=147051,https://img.travel.rakuten.co.jp/image/tr/api/re/gJNfM/?f_hotel_no=147051,ありすとんいんかんだきたきゅうしゅうくうこう,駐車場無料★全室Wi-Fi完備★宿泊者限定マンガコーナー&マッサージチェア設置★,3450,121616.05,471547.48,800-0314,福岡県,京都郡苅田町幸町12-5,093-435-0600,093-435-0605,駐車場無料★北九州空港から車で約15分・苅田駅から徒歩約７分（JR小倉駅から苅田駅まで電車で25分）,平面駐車場(58台）無料　,苅田,https://img.travel.rakuten.co.jp/share/HOTEL/147051/147051.jpg,https://img.travel.rakuten.co.jp/HIMG/90/147051.jpg,,,https://img.travel.rakuten.co.jp/share/HOTEL/147051/147051map.gif,507.0,3.74,"ビジネスの利用で4泊を朝食付きプランで宿泊しました。朝食のメインメニューが毎日変わるので飽きないです。メニュー開発をされている方の工夫が分かります。特に印象…　2026-04-25 23:44:38投稿 <a href=""https://img.travel.rakuten.co.jp/image/tr/api/re/gJNfM/?f_hotel_no=147051"" class=""3click"">つづきはこちら</a>",sd2,スタンダードシングル【禁煙】,6467617.0,【楽天スーパーSALE】【基本プラン】＜素泊り＞駐車場無料！Sertaのマットレスでのんびりプラン,1,0,0,0,0,1,https://img.travel.rakuten.co.jp/image/tr/api/re/IdsCY/?f_no=147051&f_syu=sd2&f_hi1=2026-06-13&f_hi2=2026-06-14&f_heya_su=1&f_otona_su=1&f_s1=0&f_s2=0&f_y1=0&f_y2=0&f_y3=0&f_y4=0&f_camp_id=6467617,0,2026-06-13,9785,9785,0,2026-06-13,buzen
108371,東横ＩＮＮ北九州空港,https://img.travel.rakuten.co.jp/image/tr/api/re/pvonD/?f_no=108371,https://img.travel.rakuten.co.jp/image/tr/api/re/vFumt/?f_no=108371&f_flg=PLAN,https://img.travel.rakuten.co.jp/image/tr/api/re/WzozX/?noTomariHotel=108371,https://img.travel.rakuten.co.jp/image/tr/api/re/gJNfM/?f_hotel_no=108371,とうよこいんきたきゅうしゅうくうこう,平尾台まで車で50分の立地で出発を応援！朝食・小学生以下添い寝無料で安心空間を提供いたします,4198,121794.13,471717.73,800-0306,福岡県,北九州市小倉南区空港北町2-4,093-472-1042,093-472-1049,北九州空港より徒歩5分　送迎シャトルを17：00以降離発着に合わせて最終便まで運行　朝は4：50から10：10まで運行中,無料！駐車場有　281台　　駐車場10日間無料　大型バス・大型車駐車無料,北九州空港,https://img.travel.rakuten.co.jp/share/HOTEL/108371/108371.jpg,https://img.travel.rakuten.co.jp/HIMG/90/108371.jpg,https://img.travel.rakuten.co.jp/share/HOTEL/108371/108371room1.jpg,https://img.travel.rakuten.co.jp/HIMG/INTERIOR/108371.jpg,https://img.travel.rakuten.co.jp/share/HOTEL/108371/108371map.gif,583.0,4.27,"愛犬と宿泊しました。カレーのサービスと朝食バイキングは美味しく 部屋に持ち帰れるのは犬連れには 大変ありがたかったです。また北九州に行く時は利用したいと思います!…　2026-06-02 21:20:11投稿 <a href=""https://img.travel.rakuten.co.jp/image/tr/api/re/gJNfM/?f_hotel_no=108371"" class=""3click"">つづきはこちら</a>",sk,禁煙シングル,6467122.0,【楽天スーパーSALE】朝食付★禁煙シングル,1,0,0,1,0,1,https://img.travel.rakuten.co.jp/image/tr/api/re/IdsCY/?f_no=108371&f_syu=sk&f_hi1=2026-06-13&f_hi2=2026-06-14&f_heya_su=1&f_otona_su=1&f_s1=0&f_s2=0&f_y1=0&f_y2=0&f_y3=0&f_y4=0&f_camp_id=6467122,0,2026-06-13,7774,7774,0,2026-06-13,buzen
191652,アパホテル〈福岡行橋駅前〉（北九州空港・苅田）,https://img.travel.rakuten.co.jp/image/tr/api/re/pvonD/?f_no=191652,https://img.travel.rakuten.co.jp/image/tr/api/re/vFumt/?f_no=191652&f_flg=PLAN,https://img.travel.rakuten.co.jp/image/tr/api/re/WzozX/?noTomariHotel=191652,https://img.travel.rakuten.co.jp/image/tr/api/re/gJNfM/?f_hotel_no=191652,あぱほてる〈ふくおかゆくはしえきまえ〉（きたきゅうしゅうくうこう・かんだ）,◆◇行橋駅東口から徒歩3分、北九州空港から車で約25分、苅田工業エリアは車で約15分◇◆40型液晶TV、VOD視聴無料！,3780,121403.69,471508.58,824-0005,福岡県,行橋市中央3-9-10,0930-25-2800,0930-24-6726,JR行橋駅東口から徒歩3分、北九州空港から車で約25分、苅田工業エリアは車で約15分。アクセス至便なホテルです。,平面無料駐車場25台、先着順。満車時にはコインパーキングのご案内となります（有料）。 ,行橋,https://img.travel.rakuten.co.jp/share/HOTEL/191652/191652.jpg,https://img.travel.rakuten.co.jp/HIMG/90/191652.jpg,,,https://img.travel.rakuten.co.jp/share/HOTEL/191652/191652map.gif,107.0,4.12,"クチコミの詳細はこちらから　https://review.trave…　2026-05-27 08:03:21投稿 <a href=""https://img.travel.rakuten.co.jp/image/tr/api/re/gJNfM/?f_hotel_no=191652"" class=""3click"">つづきはこちら</a>",s1,■ シングル ■ 喫煙可 ■,6446261.0,【楽天スーパーSALE】【素泊まり】JR日豊本線「行橋駅」(東口)から徒歩3分,1,0,0,0,0,1,https://img.travel.rakuten.co.jp/image/tr/api/re/IdsCY/?f_no=191652&f_syu=s1&f_hi1=2026-06-13&f_hi2=2026-06-14&f_heya_su=1&f_otona_su=1&f_s1=0&f_s2=0&f_y1=0&f_y2=0&f_y3=0&f_y4=0&f_camp_id=6446261,0,2026-06-13,8280,8280,0,2026-06-13,buzen
187338,ＨＯＴＥＬ　Ｒ９　Ｔｈｅ　Ｙａｒｄ　上毛,https://img.travel.rakuten.co.jp/image/tr/api/re/pvonD/?f_no=187338,https://img.travel.rakuten.co.jp/image/tr/api/re/vFumt/?f_no=187338&f_flg=PLAN,https://img.travel.rakuten.co.jp/image/tr/api/re/WzozX/?noTomariHotel=187338,https://img.travel.rakuten.co.jp/image/tr/api/re/gJNfM/?f_hotel_no=187338,ほてる あーるないん ざ やーど こうげ,上毛スマートICより車で3分！中津・耶馬渓の観光拠点にも◎無料駐車場完備！独立客室で快適な滞在を♪,3300,120820.72,472239.06,871-0923,福岡県,築上郡上毛町下唐原1649-11,0979-64-6111,0979-64-6408,【お車】東九州自動車道 上毛スマートICより3分、豊前ICより10分【電車】JR日豊本線 中津駅よりタクシーで10分,無料 有り 24台※大型車（2トントラック以上）をご利用の際は、事前にお電話でお問い合わせください。,中津（大分）,https://img.travel.rakuten.co.jp/share/HOTEL/187338/187338.jpg,https://img.travel.rakuten.co.jp/HIMG/90/187338.jpg,,,https://img.travel.rakuten.co.jp/share/HOTEL/187338/187338map.gif,80.0,4.53,"クチコミの詳細はこちらから　https://review.travel.rakuten.co.jp/hotel/voice/1…　2026-06-11 16:40:44投稿 <a href=""https://img.travel.rakuten.co.jp/image/tr/api/re/gJNfM/?f_hotel_no=187338"" class=""3click"">つづきはこちら</a>",double,【禁煙】ダブルルーム （約13平米/最大2名様）,5684815.0,【スタンダード】ビジネスや観光の拠点に♪軽食＆ホットドリンク付【駐車場至近＆無料】,1,0,0,0,0,1,https://img.travel.rakuten.co.jp/image/tr/api/re/IdsCY/?f_no=187338&f_syu=double&f_hi1=2026-06-13&f_hi2=2026-06-14&f_heya_su=1&f_otona_su=1&f_s1=0&f_s2=0&f_y1=0&f_y2=0&f_y3=0&f_y4=0&f_camp_id=5684815,0,2026-06-13,6000,6000,0,2026-06-13,buzen
53365,ベッセルホテル苅田北九州空港（２０２６年３月全室リニューアル）,https://img.travel.rakuten.co.jp/image/tr/api/re/pvonD/?f_no=53365,https://img.travel.rakuten.co.jp/image/tr/api/re/vFumt/?f_no=53365&f_flg=PLAN,https://img.travel.rakuten.co.jp/image/tr/api/re/WzozX/?noTomariHotel=53365,https://img.travel.rakuten.co.jp/image/tr/api/re/gJNfM/?f_hotel_no=53365,べっせるかんだきたきゅうしゅうくうこう,◆全室幅150ｃｍのクイーンサイズベッド◆シングル21㎡/ツイン26㎡◆ご当地メニュー満載の朝食をどうぞ！,3400,121605.03,471556.27,800-0313,福岡県,京都郡苅田町磯浜町1-5-9,093-435-2525,093-435-2555,【ＪＲ苅田駅東口】850m徒歩10分【北九州空港】11Kmタクシーで12分【苅田北九州空港IC】5Km車で5分,有り　７５台　普通車無料（一部大型車は有料）,苅田,https://img.travel.rakuten.co.jp/share/HOTEL/53365/53365.jpg,https://img.travel.rakuten.co.jp/HIMG/90/53365.jpg,https://img.travel.rakuten.co.jp/share/HOTEL/53365/53365_ky.jpg,https://img.travel.rakuten.co.jp/HIMG/INTERIOR/53365.jpg,https://img.travel.rakuten.co.jp/share/HOTEL/53365/53365map.gif,1463.0,4.48,"クチコミの詳細はこちらから　https:…　2026-06-11 18:12:24投稿 <a href=""https://img.travel.rakuten.co.jp/image/tr/api/re/gJNfM/?f_hotel_no=53365"" class=""3click"">つづきはこちら</a>",s2,ゆったり1ベッド【禁煙】☆２１平米☆,6118404.0,【スタンダード★素泊り】苅田駅東口１から徒歩13分（850m),1,0,0,0,0,1,https://img.travel.rakuten.co.jp/image/tr/api/re/IdsCY/?f_no=53365&f_syu=s2&f_hi1=2026-06-13&f_hi2=2026-06-14&f_heya_su=1&f_otona_su=1&f_s1=0&f_s2=0&f_y1=0&f_y2=0&f_y3=0&f_y4=0&f_camp_id=6118404,0,2026-06-13,12000,12000,0,2026-06-13,buzen
49348,ブルーポートホテル苅田北九州空港,https://img.travel.rakuten.co.jp/image/tr/api/re/pvonD/?f_no=49348,https://img.travel.rakuten.co.jp/image/tr/api/re/vFumt/?f_no=49348&f_flg=PLAN,https://img.travel.rakuten.co.jp/image/tr/api/re/WzozX/?noTomariHotel=49348,https://img.travel.rakuten.co.jp/image/tr/api/re/gJNfM/?f_hotel_no=49348,ぶるーぽーとほてるかんだきたきゅうしゅうくうこう,苅田北九州空港ICより車で約1分★駐車場無料★種類豊富な朝食ビュッフェが大人気♪,3800,121689.16,471527.17,800-0365,福岡県,京都郡苅田町苅田3787-61,093-475-8844,093-475-8944,JR朽網（くさみ）駅より北九州空港行きバス約6分。苅田北九州空港ＩＣより車で1分,有り80台（全て平面）無料　普通車予約不要　各種トラックやバスも無料OK（要予約）,苅田,https://img.travel.rakuten.co.jp/share/HOTEL/49348/49348.jpg,https://img.travel.rakuten.co.jp/HIMG/90/49348.jpg,https://img.travel.rakuten.co.jp/share/HOTEL/49348/49348_ro.jpg,https://img.travel.rakuten.co.jp/HIMG/INTERIOR/49348.jpg,https://img.travel.rakuten.co.jp/share/HOTEL/49348/49348map.gif,1270.0,3.96,"クチコミの詳細はこちらから　https:…　2026-05-29 19:35:48投稿 <a href=""https://img.travel.rakuten.co.jp/image/tr/api/re/gJNfM/?f_hotel_no=49348"" class=""3click"">つづきはこちら</a>",230,ワケあり部屋■シングルルーム■ベッド幅120cm,3982655.0,【禁喫選択不可】朝食付き♪室数限定！お得に泊まろうワケありプラン★駐車場無料★,1,0,0,1,0,1,https://img.travel.rakuten.co.jp/image/tr/api/re/IdsCY/?f_no=49348&f_syu=230&f_hi1=2026-06-13&f_hi2=2026-06-14&f_heya_su=1&f_otona_su=1&f_s1=0&f_s2=0&f_y1=0&f_y2=0&f_y3=0&f_y4=0&f_camp_id=3982655,0,2026-06-13,9800,9800,0,2026-06-13,buzen
147642,ＨＯＴＥＬ　ＡＺ　福岡築上店,https://img.travel.rakuten.co.jp/image/tr/api/re/pvonD/?f_no=147642,https://img.travel.rakuten.co.jp/image/tr/api/re/vFumt/?f_no=147642&f_flg=PLAN,https://img.travel.rakuten.co.jp/image/tr/api/re/WzozX/?noTomariHotel=147642,https://img.travel.rakuten.co.jp/image/tr/api/re/gJNfM/?f_hotel_no=147642,ほてる　えーぜっと　ふくおかちくじょうてん,東九州道（椎田道路）築城ＩＣより車で約7分☆北九州空港から車で4０分☆平面駐車場無料・朝食無料・ネット接続無料☆,4620,121189.56,471782.48,829-0342,福岡県,築上郡築上町東八田67-1,0930-57-3301,0930-57-3302,東九州自動車道（椎田道路）築城ＩＣより車で約7分 /ＪＲ築城駅より車で5分/ 北九州空港から車で約40分（高速利用）,無料平面駐車場150台あり　普通車：予約不要 、中型車・大型車：要予約（有料）,築城,https://img.travel.rakuten.co.jp/share/HOTEL/147642/147642.jpg,https://img.travel.rakuten.co.jp/HIMG/90/147642.jpg,https://img.travel.rakuten.co.jp/share/HOTEL/147642/147642_kan1.jpg,https://img.travel.rakuten.co.jp/HIMG/INTERIOR/147642.jpg,https://img.travel.rakuten.co.jp/share/HOTEL/147642/147642map.gif,95.0,4.05,"クチコミの詳細はこちらから　https…　2026-05-29 13:01:33投稿 <a href=""https://img.travel.rakuten.co.jp/image/tr/api/re/gJNfM/?f_hotel_no=147642"" class=""3click"">つづきはこちら</a>",sn,【禁煙】シングル,6108346.0,スタンダードプラン（朝食サービス）,1,0,0,1,0,1,https://img.travel.rakuten.co.jp/image/tr/api/re/IdsCY/?f_no=147642&f_syu=sn&f_hi1=2026-06-13&f_hi2=2026-06-14&f_heya_su=1&f_otona_su=1&f_s1=0&f_s2=0&f_y1=0&f_y2=0&f_y3=0&f_y4=0&f_camp_id=6108346,0,2026-06-13,6380,6380,0,2026-06-13,buzen
196719,ホテルカームプレイス,https://img.travel.rakuten.co.jp/image/tr/api/re/pvonD/?f_no=196719,https://img.travel.rakuten.co.jp/image/tr/api/re/vFumt/?f_no=196719&f_flg=PLAN,https://img.travel.rakuten.co.jp/image/tr/api/re/WzozX/?noTomariHotel=196719,https://img.travel.rakuten.co.jp/image/tr/api/re/gJNfM/?f_hotel_no=196719,ほてるかーむぷれいす,2025年3月新規開業！新しいお部屋でごゆっくりお過ごしください。漫画を500冊程置いております。,4600,121609.75,471558.66,800-0313,福岡県,京都郡苅田町磯浜町1-3-3,093-436-5560,093-436-5561,JR苅田駅より車で5分、徒歩15分。北九州空港より車で15分。25号門司行橋線沿いすぐの好立地,有り　19台　無料　予約不要,苅田,https://img.travel.rakuten.co.jp/share/HOTEL/196719/196719.jpg,https://img.travel.rakuten.co.jp/HIMG/90/196719.jpg,,,https://img.travel.rakuten.co.jp/share/HOTEL/196719/196719map.gif,21.0,3.86,"クチコミの詳細はこちらから　https://re…　2026-04-18 18:24:30投稿 <a href=""https://img.travel.rakuten.co.jp/image/tr/api/re/gJNfM/?f_hotel_no=196719"" class=""3click"">つづきはこちら</a>",001,6階シングルルーム■11.6〜14.7平米／セミダブルベッド,6252698.0,≪新規開業≫快適な空間で上質な眠りを●素泊まりプラン●,1,0,0,0,0,1,https://img.travel.rakuten.co.jp/image/tr/api/re/IdsCY/?f_no=196719&f_syu=001&f_hi1=2026-06-13&f_hi2=2026-06-14&f_heya_su=1&f_otona_su=1&f_s1=0&f_s2=0&f_y1=0&f_y2=0&f_y3=0&f_y4=0&f_camp_id=6252698,0,2026-06-13,8400,8400,0,2026-06-13,buzen
15460,ビジネスホテル　ゆくはし,https://img.travel.rakuten.co.jp/image/tr/api/re/pvonD/?f_no=15460,https://img.travel.rakuten.co.jp/image/tr/api/re/vFumt/?f_no=15460&f_flg=PLAN,https://img.travel.rakuten.co.jp/image/tr/api/re/WzozX/?noTomariHotel=15460,https://img.travel.rakuten.co.jp/image/tr/api/re/gJNfM/?f_hotel_no=15460,ゆくはし,駐車場無料・全室バストイレ独立型の客室・徒歩圏内にコンビニ、飲食店、ドラッグストアあり,6000,121408.83,471493.98,824-0031,福岡県,行橋市西宮市2-20-15,0930-22-1333,0930-22-7553,JR行橋駅[特急停車駅]西口から徒歩3分　東九州道[行橋インター]より車で約8分,無料駐車場あり(30台)、大型車（トラック、マイクロバス）の場合は事前にご相談下さい,行橋,https://img.travel.rakuten.co.jp/share/HOTEL/15460/15460.jpg,https://img.travel.rakuten.co.jp/HIMG/90/15460.jpg,https://img.travel.rakuten.co.jp/share/HOTEL/15460/15460_sig.jpg,https://img.travel.rakuten.co.jp/HIMG/INTERIOR/15460.jpg,https://img.travel.rakuten.co.jp/share/HOTEL/15460/15460map.gif,176.0,3.94,"フロントの方も感じ良く、また利用させていただき…　2026-04-20 22:32:09投稿 <a href=""https://img.travel.rakuten.co.jp/image/tr/api/re/gJNfM/?f_hotel_no=15460"" class=""3click"">つづきはこちら</a>",st,〈喫煙・シングル〉全室バストイレ独立型のお部屋♪,2443427.0,【素泊まり・シングル】行橋駅西口(特急停車駅)より徒歩3分♪シンプルな素泊まりプラン♪,1,0,0,0,0,1,https://img.travel.rakuten.co.jp/image/tr/api/re/IdsCY/?f_no=15460&f_syu=st&f_hi1=2026-06-13&f_hi2=2026-06-14&f_heya_su=1&f_otona_su=1&f_s1=0&f_s2=0&f_y1=0&f_y2=0&f_y3=0&f_y4=0&f_camp_id=2443427,0,2026-06-13,7700,7700,1,2026-06-13,buzen
184657,ＨＯＴＥＬ　Ｒ９　Ｔｈｅ　Ｙａｒｄ　豊前,https://img.travel.rakuten.co.jp/image/tr/api/re/pvonD/?f_no=184657,https://img.travel.rakuten.co.jp/image/tr/api/re/vFumt/?f_no=184657&f_flg=PLAN,https://img.travel.rakuten.co.jp/image/tr/api/re/WzozX/?noTomariHotel=184657,https://img.travel.rakuten.co.jp/image/tr/api/re/gJNfM/?f_hotel_no=184657,ほてる あーるないん ざ やーど ぶぜん,宇島駅より徒歩3分！豊前ICと工業団地も程近くビジネスに最適◎独立客室で快適な滞在を♪,3300,121023.35,472055.67,828-0021,福岡県,豊前市八屋1921-1,0979-64-6766,0979-64-6885,【お車】東九州自動車道 豊前ICより車で10分 【電車】JR日豊本線 宇島駅より徒歩3分,無料 有り 36台※大型車（2トントラック以上）をご利用の際は、事前にお電話でお問い合わせください。,宇島,https://img.travel.rakuten.co.jp/share/HOTEL/184657/184657.jpg,https://img.travel.rakuten.co.jp/HIMG/90/184657.jpg,,,https://img.travel.rakuten.co.jp/share/HOTEL/184657/184657map.gif,93.0,4.09,"クチコミの詳細はこちらから　https://review.…　2026-04-02 12:59:50投稿 <a href=""https://img.travel.rakuten.co.jp/image/tr/api/re/gJNfM/?f_hotel_no=184657"" class=""3click"">つづきはこちら</a>",double,【禁煙】ダブルルーム （約12平米/最大2名様）,5573852.0,【スタンダード】ビジネスや観光の拠点に♪軽食＆ホットドリンク付【駐車場至近＆無料】,1,0,0,0,0,1,https://img.travel.rakuten.co.jp/image/tr/api/re/IdsCY/?f_no=184657&f_syu=double&f_hi1=2026-06-13&f_hi2=2026-06-14&f_heya_su=1&f_otona_su=1&f_s1=0&f_s2=0&f_y1=0&f_y2=0&f_y3=0&f_y4=0&f_camp_id=5573852,0,2026-06-13,6000,6000,0,2026-06-13,buzen
73872,ビジネスホテル　ベル,https://img.travel.rakuten.co.jp/image/tr/api/re/pvonD/?f_no=73872,https://img.travel.rakuten.co.jp/image/tr/api/re/vFumt/?f_no=73872&f_flg=PLAN,https://img.travel.rakuten.co.jp/image/tr/api/re/WzozX/?noTomariHotel=73872,https://img.travel.rakuten.co.jp/image/tr/api/re/gJNfM/?f_hotel_no=73872,べる,2022年3月リニューアル！出張利用、家族・カップル旅行も！自転車持ち込み可能なお部屋もあり、自転車旅の方々もご利用可能,3135,121425.04,471500.7,824-0001,福岡県,行橋市行事7-7-6,0930-25-5887,0930-25-5886,行橋駅より徒歩5分／九州自動車道　小倉東ＩＣより約１７ｋｍ/東九州自動車道　苅田北九州空港ICより約10km,有り　１３台　無料　予約不可先着順  ,行橋,https://img.travel.rakuten.co.jp/share/HOTEL/73872/73872.jpg,https://img.travel.rakuten.co.jp/HIMG/90/73872.jpg,https://img.travel.rakuten.co.jp/share/HOTEL/73872/73872_sin.jpg,https://img.travel.rakuten.co.jp/HIMG/INTERIOR/73872.jpg,https://img.travel.rakuten.co.jp/share/HOTEL/73872/73872map.gif,159.0,3.96,"清掃が今一つ。コインランドリーがあるのはいいですが、部屋の設備がやや古いのが難点。長期の滞在は個人的にはキツイ。アルコール有りの自販機はありがたい。立地は悪くはないけ…　2026-05-30 21:27:29投稿 <a href=""https://img.travel.rakuten.co.jp/image/tr/api/re/gJNfM/?f_hotel_no=73872"" class=""3click"">つづきはこちら</a>",npn1,【禁煙】サイクルルーム　ダブル【Wi-Fi無料】,6471901.0,【楽天スーパーSALE】素泊／リニューアルオープン！ビジネスもサイクリストも大歓迎！気軽に素泊プラン,1,0,0,0,0,1,https://img.travel.rakuten.co.jp/image/tr/api/re/IdsCY/?f_no=73872&f_syu=npn1&f_hi1=2026-06-13&f_hi2=2026-06-14&f_heya_su=1&f_otona_su=1&f_s1=0&f_s2=0&f_y1=0&f_y2=0&f_y3=0&f_y4=0&f_camp_id=6471901,0,2026-06-13,6270,6270,0,2026-06-13,buzen
151179,ＨＯＴＥＬ　ＡＺ　福岡吉富店,https://img.travel.rakuten.co.jp/image/tr/api/re/pvonD/?f_no=151179,https://img.travel.rakuten.co.jp/image/tr/api/re/vFumt/?f_no=151179&f_flg=PLAN,https://img.travel.rakuten.co.jp/image/tr/api/re/WzozX/?noTomariHotel=151179,https://img.travel.rakuten.co.jp/image/tr/api/re/gJNfM/?f_hotel_no=151179,ほてる　えーぜっと　ふくおかよしとみてん,"大分県との県境。中津城へ車で10分。大分県中津市,福岡県豊前市,上毛町に隣接。",4620,120973.72,472218.13,871-0811,福岡県,築上郡吉富町広津879-2,0979-22-3801,0979-22-3802,北九州空港から高速で45分(豊前ICから車で10分）。ＪＲ中津駅から車で約5分。駐車場入り口は県道108号線沿いです。,無料駐車場124台あり　普通車：予約不要 、中型車・大型車：要予約（有料）,吉富（福岡）,https://img.travel.rakuten.co.jp/share/HOTEL/151179/151179.jpg,https://img.travel.rakuten.co.jp/HIMG/90/151179.jpg,https://img.travel.rakuten.co.jp/share/HOTEL/151179/151179_kan1.jpg,https://img.travel.rakuten.co.jp/HIMG/INTERIOR/151179.jpg,https://img.travel.rakuten.co.jp/share/HOTEL/151179/151179map.gif,75.0,4.19,"クチコミの詳細はこちらから　https://review.travel.rakuten.co.j…　2026-03-17 08:05:20投稿 <a href=""https://img.travel.rakuten.co.jp/image/tr/api/re/gJNfM/?f_hotel_no=151179"" class=""3click"">つづきはこちら</a>",002,【禁煙】シングル,6108654.0,スタンダードプラン（朝食サービス）,1,0,0,1,0,1,https://img.travel.rakuten.co.jp/image/tr/api/re/IdsCY/?f_no=151179&f_syu=002&f_hi1=2026-06-13&f_hi2=2026-06-14&f_heya_su=1&f_otona_su=1&f_s1=0&f_s2=0&f_y1=0&f_y2=0&f_y3=0&f_y4=0&f_camp_id=6108654,0,2026-06-13,6380,6380,0,2026-06-13,buzen
168550,割烹旅館　宇島汐湯,https://img.travel.rakuten.co.jp/image/tr/api/re/pvonD/?f_no=168550,https://img.travel.rakuten.co.jp/image/tr/api/re/vFumt/?f_no=168550&f_flg=PLAN,,https://img.travel.rakuten.co.jp/image/tr/api/re/gJNfM/?f_hotel_no=168550,かっぽうりょかん　うのしましおゆ,汐風薫るくつろぎの宿　家庭的な雰囲気が漂う料理・旅館,5800,121033.0,472087.36,828-0022,福岡県,豊前市宇島73-1,0979-82-1231,0979-82-4255,ＪＲ宇島駅より徒歩10分,有り　無料　予約不要,宇島,https://img.travel.rakuten.co.jp/share/HOTEL/168550/168550.jpg,https://img.travel.rakuten.co.jp/HIMG/90/168550.jpg,https://img.travel.rakuten.co.jp/share/HOTEL/168550/168550_kan1.jpg,https://img.travel.rakuten.co.jp/HIMG/INTERIOR/168550.jpg,https://img.travel.rakuten.co.jp/share/HOTEL/168550/168550map.gif,41.0,4.35,"クチコミの詳細はこちらから　https://review.travel.rakuten.co.jp/hot…　2026-06-01 12:48:51投稿 <a href=""https://img.travel.rakuten.co.jp/image/tr/api/re/gJNfM/?f_hotel_no=168550"" class=""3click"">つづきはこちら</a>",1,おまかせ和室（Wi-Fi完備）,5519521.0,【素泊り】うみてらす豊前もすぐ近く♪気軽に過ごせる豊前の宿,1,0,0,0,0,1,https://img.travel.rakuten.co.jp/image/tr/api/re/IdsCY/?f_no=168550&f_syu=1&f_hi1=2026-06-13&f_hi2=2026-06-14&f_heya_su=1&f_otona_su=1&f_s1=0&f_s2=0&f_y1=0&f_y2=0&f_y3=0&f_y4=0&f_camp_id=5519521,0,2026-06-13,5800,5800,0,2026-06-13,buzen
151183,割烹旅館　紀文,https://img.travel.rakuten.co.jp/image/tr/api/re/pvonD/?f_no=151183,https://img.travel.rakuten.co.jp/image/tr/api/re/vFumt/?f_no=151183&f_flg=PLAN,https://img.travel.rakuten.co.jp/image/tr/api/re/WzozX/?noTomariHotel=151183,https://img.travel.rakuten.co.jp/image/tr/api/re/gJNfM/?f_hotel_no=151183,かっぽうりょかん　きぶん,ＪＲ築城駅から徒歩５分。築城ＩＣより車で５分 。お食事は個室をご案内,4680,121206.76,471737.25,829-0101,福岡県,築上郡築上町東築城116-1,0930-52-0050,0930-52-0100,ＪＲ日豊本線　築城駅より徒歩にて約５分,有り　１０台　無料　予約不要,築城,https://img.travel.rakuten.co.jp/share/HOTEL/151183/151183.jpg,https://img.travel.rakuten.co.jp/HIMG/90/151183.jpg,https://img.travel.rakuten.co.jp/share/HOTEL/151183/151183_kan1.jpg,https://img.travel.rakuten.co.jp/HIMG/INTERIOR/151183.jpg,https://img.travel.rakuten.co.jp/share/HOTEL/151183/151183map.gif,25.0,4.67,,single2,【バストイレ無し】シングル,5755602.0,【直前割】直前予約で10％OFF！気ままな素泊りでお得旅♪,1,0,0,0,0,1,https://img.travel.rakuten.co.jp/image/tr/api/re/IdsCY/?f_no=151183&f_syu=single2&f_hi1=2026-06-13&f_hi2=2026-06-14&f_heya_su=1&f_otona_su=1&f_s1=0&f_s2=0&f_y1=0&f_y2=0&f_y3=0&f_y4=0&f_camp_id=5755602,0,2026-06-13,5850,5850,0,2026-06-13,buzen
