basic_hotelNo,basic_hotelName,basic_hotelInformationUrl,basic_planListUrl,basic_dpPlanListUrl,basic_reviewUrl,basic_hotelKanaName,basic_hotelSpecial,basic_hotelMinCharge,basic_latitude,basic_longitude,basic_postalCode,basic_address1,basic_address2,basic_telephoneNo,basic_faxNo,basic_access,basic_parkingInformation,basic_nearestStation,basic_hotelImageUrl,basic_hotelThumbnailUrl,basic_roomImageUrl,basic_roomThumbnailUrl,basic_hotelMapImageUrl,basic_reviewCount,basic_reviewAverage,basic_userReview,room_roomClass,room_roomName,room_planId,room_planName,room_pointRate,room_withDinnerFlag,room_dinnerSelectFlag,room_withBreakfastFlag,room_breakfastSelectFlag,room_payment,room_reserveUrl,room_salesformFlag,charge_stayDate,charge_rakutenCharge,charge_total,charge_chargeFlag,date,area
111,リーガロイヤルホテル小倉,https://img.travel.rakuten.co.jp/image/tr/api/re/pvonD/?f_no=111,https://img.travel.rakuten.co.jp/image/tr/api/re/vFumt/?f_no=111&f_flg=PLAN,https://img.travel.rakuten.co.jp/image/tr/api/re/WzozX/?noTomariHotel=111,https://img.travel.rakuten.co.jp/image/tr/api/re/gJNfM/?f_hotel_no=111,りーがろいやるほてる　こくら,全室30平米以上・14階以上の高層シティホテル♪全室Wi-Fi無料！☆こだわりの朝食ブッフェ,7105,121986.38,471193.0,802-0001,福岡県,北九州市小倉北区浅野2-14-2,093-531-1121,093-521-2730,JR小倉駅新幹線口から直結徒歩3分、JR博多駅から新幹線で約15分、福岡空港からも好アクセス。,164台  1泊￥1500税込,小倉（福岡）,https://img.travel.rakuten.co.jp/share/HOTEL/111/111.jpg,https://img.travel.rakuten.co.jp/HIMG/90/111.jpg,https://img.travel.rakuten.co.jp/share/HOTEL/111/111_heya.jpg,https://img.travel.rakuten.co.jp/HIMG/INTERIOR/111.jpg,https://img.travel.rakuten.co.jp/share/HOTEL/111/111map.gif,4926.0,4.49,"クチコミの詳細はこ…　2026-04-18 18:07:41投稿 <a href=""https://img.travel.rakuten.co.jp/image/tr/api/re/gJNfM/?f_hotel_no=111"" class=""3click"">つづきはこちら</a>",om,お部屋タイプおまかせ（30平米以上） ,4387508.0,お部屋タイプおまかせプラン☆素泊り☆,1,0,0,0,0,1,https://img.travel.rakuten.co.jp/image/tr/api/re/IdsCY/?f_no=111&f_syu=om&f_hi1=2026-04-22&f_hi2=2026-04-23&f_heya_su=1&f_otona_su=1&f_s1=0&f_s2=0&f_y1=0&f_y2=0&f_y3=0&f_y4=0&f_camp_id=4387508,0,2026-04-22,37920,37920,0,2026-04-22,kitakyusyu
189039,東横ＩＮＮ小倉駅北口,https://img.travel.rakuten.co.jp/image/tr/api/re/pvonD/?f_no=189039,https://img.travel.rakuten.co.jp/image/tr/api/re/vFumt/?f_no=189039&f_flg=PLAN,https://img.travel.rakuten.co.jp/image/tr/api/re/WzozX/?noTomariHotel=189039,https://img.travel.rakuten.co.jp/image/tr/api/re/gJNfM/?f_hotel_no=189039,とうよこいんこくらえききたぐち,2024年3月に東横INNがNEWオープン！小倉駅から徒歩圏内で好立地！,5198,121984.85,471202.45,802-0001,福岡県,北九州市小倉北区浅野2-16-21,093-513-1075,093-513-1085,小倉駅新幹線口（北口）より徒歩７分,39台収容、先着順・有料  料金：￥800 / 1泊  14時から入庫可能,小倉（福岡）,https://img.travel.rakuten.co.jp/share/HOTEL/189039/189039.jpg,https://img.travel.rakuten.co.jp/HIMG/90/189039.jpg,,,https://img.travel.rakuten.co.jp/share/HOTEL/189039/189039map.gif,284.0,4.24,"受験日当日、スーツケースを預けました…　2026-04-20 07:18:11投稿 <a href=""https://img.travel.rakuten.co.jp/image/tr/api/re/gJNfM/?f_hotel_no=189039"" class=""3click"">つづきはこちら</a>",dtk,禁煙デラックスツイン,5871218.0,★【無料の元気朝食付】いつでも安心価格♪ビジネス・レジャーに！ 禁煙デラックスツイン,1,0,0,1,0,1,https://img.travel.rakuten.co.jp/image/tr/api/re/IdsCY/?f_no=189039&f_syu=dtk&f_hi1=2026-04-22&f_hi2=2026-04-23&f_heya_su=1&f_otona_su=1&f_s1=0&f_s2=0&f_y1=0&f_y2=0&f_y3=0&f_y4=0&f_camp_id=5871218,0,2026-04-22,25200,25200,0,2026-04-22,kitakyusyu
107728,Ｔａｂｉｓｔ　ホテルテトラ　北九州,https://img.travel.rakuten.co.jp/image/tr/api/re/pvonD/?f_no=107728,https://img.travel.rakuten.co.jp/image/tr/api/re/vFumt/?f_no=107728&f_flg=PLAN,https://img.travel.rakuten.co.jp/image/tr/api/re/WzozX/?noTomariHotel=107728,https://img.travel.rakuten.co.jp/image/tr/api/re/gJNfM/?f_hotel_no=107728,たびすと　ほてるてとら　きたきゅうしゅう,JR小倉駅より徒歩7分の好立地！岩盤サウナ・大浴場完備！コンビニ徒歩0分。ビジネスや観光の拠点におすすめです♪,4000,121966.79,471192.41,802-0004,福岡県,北九州市小倉北区鍛冶町1-9-8,093-531-3111,093-531-3190,JR小倉駅より徒歩7分。南口を出てモノレール沿いを進み、交差点左角の福岡ひびき信用金庫より左折。そのまま道なり。,・ホテル周辺にコインパーキングあり,小倉（福岡）,https://img.travel.rakuten.co.jp/share/HOTEL/107728/107728.jpg,https://img.travel.rakuten.co.jp/HIMG/90/107728.jpg,https://img.travel.rakuten.co.jp/share/HOTEL/107728/107728_sin.jpg,https://img.travel.rakuten.co.jp/HIMG/INTERIOR/107728.jpg,https://img.travel.rakuten.co.jp/share/HOTEL/107728/107728map.gif,3351.0,3.75,"クチコミの詳細はこちらから　https://review.travel.rakuten.co.…　2026-04-21 10:27:01投稿 <a href=""https://img.travel.rakuten.co.jp/image/tr/api/re/gJNfM/?f_hotel_no=107728"" class=""3click"">つづきはこちら</a>",sm_semid,【喫煙】セミダブルルーム,4853112.0,シンプル素泊りプラン洋室【大浴場無料 × 小倉駅から徒歩7分の好立地 × 小倉を満喫】（通年）,1,0,0,0,0,1,https://img.travel.rakuten.co.jp/image/tr/api/re/IdsCY/?f_no=107728&f_syu=sm_semid&f_hi1=2026-04-22&f_hi2=2026-04-23&f_heya_su=1&f_otona_su=1&f_s1=0&f_s2=0&f_y1=0&f_y2=0&f_y3=0&f_y4=0&f_camp_id=4853112,0,2026-04-22,16600,16600,0,2026-04-22,kitakyusyu
76465,コンフォートホテル黒崎,https://img.travel.rakuten.co.jp/image/tr/api/re/pvonD/?f_no=76465,https://img.travel.rakuten.co.jp/image/tr/api/re/vFumt/?f_no=76465&f_flg=PLAN,https://img.travel.rakuten.co.jp/image/tr/api/re/WzozX/?noTomariHotel=76465,https://img.travel.rakuten.co.jp/image/tr/api/re/gJNfM/?f_hotel_no=76465,こんふぉーとほてるくろさき,日替わりスムージーが人気★無料朝食サービスがイチオシのコスパ最強ホテル◆北九州・黒崎を表現したデザイン◆黒崎駅～徒歩3分,3950,121906.0,470754.09,806-0021,福岡県,北九州市八幡西区黒崎3-13-13,093-644-1411,093-644-1412,ＪＲ黒崎駅より徒歩３分◆都市高速4号線「黒崎」出口約６分◆北九州空港よりバス約５０分・福岡空港より地下鉄+特急約５０分,1泊800円（15時〜翌10時）東隣のコインパーキング33台先着順　満車時はＣＯＭＣＩＴＹ駐車場利用,黒崎,https://img.travel.rakuten.co.jp/share/HOTEL/76465/76465.jpg,https://img.travel.rakuten.co.jp/HIMG/90/76465.jpg,https://img.travel.rakuten.co.jp/share/HOTEL/76465/76465_kya.jpg,https://img.travel.rakuten.co.jp/HIMG/INTERIOR/76465.jpg,https://img.travel.rakuten.co.jp/share/HOTEL/76465/76465map.gif,2740.0,4.06,"次回また福岡に行く機会が…　2026-04-21 20:43:08投稿 <a href=""https://img.travel.rakuten.co.jp/image/tr/api/re/gJNfM/?f_hotel_no=76465"" class=""3click"">つづきはこちら</a>",nde,１ベッド◆ダブルエコノミー◆ ＜禁煙＞,4591614.0,自由気ままなComfort stay◆彩り豊かな朝食無料サービス◆ウェルカムドリンクサービス,1,0,0,1,0,1,https://img.travel.rakuten.co.jp/image/tr/api/re/IdsCY/?f_no=76465&f_syu=nde&f_hi1=2026-04-22&f_hi2=2026-04-23&f_heya_su=1&f_otona_su=1&f_s1=0&f_s2=0&f_y1=0&f_y2=0&f_y3=0&f_y4=0&f_camp_id=4591614,0,2026-04-22,7300,7300,0,2026-04-22,kitakyusyu
79492,ＨＯＴＥＬ　ＡＺ　北九州小倉店,https://img.travel.rakuten.co.jp/image/tr/api/re/pvonD/?f_no=79492,https://img.travel.rakuten.co.jp/image/tr/api/re/vFumt/?f_no=79492&f_flg=PLAN,https://img.travel.rakuten.co.jp/image/tr/api/re/WzozX/?noTomariHotel=79492,https://img.travel.rakuten.co.jp/image/tr/api/re/gJNfM/?f_hotel_no=79492,ほてる　えーぜっと　きたきゅうしゅうこくらてん,★無料駐車場254台完備♪大型車は有料。★朝食無料♪★小倉コロナワールドへは徒歩3分。★全室Ｗｉ-Ｆｉ・ＬＡＮ接続無料,5170,122023.83,471084.62,803-0801,福岡県,北九州市小倉北区西港町30-7,093-562-3311,093-562-3312,★JR小倉駅北口から車で10分 ★北九州都市高速　日明ＩＣ出口より１分（300ｍ）,無料駐車場254台あり　普通車：予約不要 、大型バス・2ｔ以上有料（予約制）,小倉（福岡）,https://img.travel.rakuten.co.jp/share/HOTEL/79492/79492.jpg,https://img.travel.rakuten.co.jp/HIMG/90/79492.jpg,https://img.travel.rakuten.co.jp/share/HOTEL/79492/79492_si.jpg,https://img.travel.rakuten.co.jp/HIMG/INTERIOR/79492.jpg,https://img.travel.rakuten.co.jp/share/HOTEL/79492/79492map.gif,1005.0,4.05,"クチコミの詳細はこちらから　https://review.travel.rakuten.co.jp/hotel…　2026-04-21 09:20:49投稿 <a href=""https://img.travel.rakuten.co.jp/image/tr/api/re/gJNfM/?f_hotel_no=79492"" class=""3click"">つづきはこちら</a>",s,【喫煙】シングル,6108813.0,スタンダードプラン（朝食サービス）,1,0,0,1,0,1,https://img.travel.rakuten.co.jp/image/tr/api/re/IdsCY/?f_no=79492&f_syu=s&f_hi1=2026-04-22&f_hi2=2026-04-23&f_heya_su=1&f_otona_su=1&f_s1=0&f_s2=0&f_y1=0&f_y2=0&f_y3=0&f_y4=0&f_camp_id=6108813,0,2026-04-22,6380,6380,0,2026-04-22,kitakyusyu
84718,炭酸泉　湧金の湯　スーパーホテル小倉駅南口,https://img.travel.rakuten.co.jp/image/tr/api/re/pvonD/?f_no=84718,https://img.travel.rakuten.co.jp/image/tr/api/re/vFumt/?f_no=84718&f_flg=PLAN,https://img.travel.rakuten.co.jp/image/tr/api/re/WzozX/?noTomariHotel=84718,https://img.travel.rakuten.co.jp/image/tr/api/re/gJNfM/?f_hotel_no=84718,たんさんせん　ゆうきんのゆ　すーぱーほてるこくらえきみなみぐち,小倉で唯一の炭酸泉浴場完備／JR小倉駅南口から徒歩約５分でアクセス良好／日替り朝食ビュッフェ無料,3270,121977.5,471172.41,802-0002,福岡県,北九州市小倉北区京町1-6-34,093-541-9000,093-541-9001,◇徒歩→ＪＲ小倉駅南口より約５分　◇お車→都市高速「小倉駅北」を降りて約３分の「APパーク小倉駅前」にお停め下さい。,APパーク小倉駅前(先着順)15時〜翌10時：900円※時間外20分毎100円加算,小倉（福岡）,https://img.travel.rakuten.co.jp/share/HOTEL/84718/84718.jpg,https://img.travel.rakuten.co.jp/HIMG/90/84718.jpg,https://img.travel.rakuten.co.jp/share/HOTEL/84718/84718_ru.jpg,https://img.travel.rakuten.co.jp/HIMG/INTERIOR/84718.jpg,https://img.travel.rakuten.co.jp/share/HOTEL/84718/84718map.gif,2013.0,4.11,"朝食バイキングが美味しかったです。小倉駅から徒歩圏内で、ホテルまでアーケードがあるので天候に左右されることなく便利です。小倉城も近く、散歩するのに調度よい距離でした…　2026-04-20 18:13:27投稿 <a href=""https://img.travel.rakuten.co.jp/image/tr/api/re/gJNfM/?f_hotel_no=84718"" class=""3click"">つづきはこちら</a>",0003,【禁煙】お部屋タイプお任せ【部屋タイプは当日までのお楽しみ】,4753179.0,オンライン決済限定☆人工炭酸泉＆朝食ビュッフェ付,1,0,0,1,0,2,https://img.travel.rakuten.co.jp/image/tr/api/re/IdsCY/?f_no=84718&f_syu=0003&f_hi1=2026-04-22&f_hi2=2026-04-23&f_heya_su=1&f_otona_su=1&f_s1=0&f_s2=0&f_y1=0&f_y2=0&f_y3=0&f_y4=0&f_camp_id=4753179,0,2026-04-22,17900,17900,0,2026-04-22,kitakyusyu
68248,若松天然温泉「旅人の湯」ホテルルートイン北九州若松駅東,https://img.travel.rakuten.co.jp/image/tr/api/re/pvonD/?f_no=68248,https://img.travel.rakuten.co.jp/image/tr/api/re/vFumt/?f_no=68248&f_flg=PLAN,https://img.travel.rakuten.co.jp/image/tr/api/re/WzozX/?noTomariHotel=68248,https://img.travel.rakuten.co.jp/image/tr/api/re/gJNfM/?f_hotel_no=68248,わかまつてんねんおんせん　るーといんきたきゅうしゅうわかまつえきひがし,■天然温泉■バイキング朝食無料■駐車場無料（先着順）■全室ＷＯＷＯＷ■Wi-Fi■上層階コンフォートルームあり■,4950,122039.19,470916.69,808-0034,福岡県,北九州市若松区本町3-6-6,050-5576-8102,093-761-2811,JR筑豊本線 若松駅より徒歩約5分/九州道 八幡ICより約15km 車で約40分,無料駐車場64台（先着順）。満車の場合、近隣コインパーキング（有料）をご案内します。,若松,https://img.travel.rakuten.co.jp/share/HOTEL/68248/68248.jpg,https://img.travel.rakuten.co.jp/HIMG/90/68248.jpg,,,https://img.travel.rakuten.co.jp/share/HOTEL/68248/68248map.gif,855.0,4.14,"…　2026-04-20 07:05:16投稿 <a href=""https://img.travel.rakuten.co.jp/image/tr/api/re/gJNfM/?f_hotel_no=68248"" class=""3click"">つづきはこちら</a>",s,【喫煙】シングルルーム ベット幅140,6357478.0,【1泊朝食付】【訳あり】《《シリンダーキー部屋》プラン■天然温泉大浴場■朝食付き■駐車場無料■,1,0,0,1,0,1,https://img.travel.rakuten.co.jp/image/tr/api/re/IdsCY/?f_no=68248&f_syu=s&f_hi1=2026-04-22&f_hi2=2026-04-23&f_heya_su=1&f_otona_su=1&f_s1=0&f_s2=0&f_y1=0&f_y2=0&f_y3=0&f_y4=0&f_camp_id=6357478,0,2026-04-22,9950,9950,0,2026-04-22,kitakyusyu
189091,ホテルリリーフ小倉ＡＮＮＥＸ,https://img.travel.rakuten.co.jp/image/tr/api/re/pvonD/?f_no=189091,https://img.travel.rakuten.co.jp/image/tr/api/re/vFumt/?f_no=189091&f_flg=PLAN,https://img.travel.rakuten.co.jp/image/tr/api/re/WzozX/?noTomariHotel=189091,https://img.travel.rakuten.co.jp/image/tr/api/re/gJNfM/?f_hotel_no=189091,りりーふこくらあねっくす,宿泊業界最大級の４万冊以上のコミックを保有！２４時間フリーフード＆フリードリンクが無料！,2190,121958.11,471193.79,802-0081,福岡県,北九州市小倉北区紺屋町12-16,093-521-5006,000-000-0000,小倉駅より徒歩約１５分、旦過駅より徒歩約８分,"有り：２台　15時〜翌朝10時迄：1,000円【要予約】",小倉（福岡）,https://img.travel.rakuten.co.jp/share/HOTEL/189091/189091.jpg,https://img.travel.rakuten.co.jp/HIMG/90/189091.jpg,,,https://img.travel.rakuten.co.jp/share/HOTEL/189091/189091map.gif,196.0,4.07,"食べ物、飲み物が24時間利用可能で、マンガがたくさんなるのでホテル内でも楽しく過ごせると思います。小倉駅付近の市街地にあるので、ロケーションも好都合だと思いました…　2026-04-19 11:44:30投稿 <a href=""https://img.travel.rakuten.co.jp/image/tr/api/re/gJNfM/?f_hotel_no=189091"" class=""3click"">つづきはこちら</a>",stwdb,喫煙◇スタジオツイン(Wベッド+ソファベッド)定員1~3名,5893534.0,【シンプルステイ】コミック4万冊＆ゆったりラウンジ♪(ドリンクバー＆軽食フリー),1,0,0,0,0,1,https://img.travel.rakuten.co.jp/image/tr/api/re/IdsCY/?f_no=189091&f_syu=stwdb&f_hi1=2026-04-22&f_hi2=2026-04-23&f_heya_su=1&f_otona_su=1&f_s1=0&f_s2=0&f_y1=0&f_y2=0&f_y3=0&f_y4=0&f_camp_id=5893534,0,2026-04-22,9000,9000,0,2026-04-22,kitakyusyu
144951,ＨＯＴＥＬ　ＡＺ　北九州若松店,https://img.travel.rakuten.co.jp/image/tr/api/re/pvonD/?f_no=144951,https://img.travel.rakuten.co.jp/image/tr/api/re/vFumt/?f_no=144951&f_flg=PLAN,https://img.travel.rakuten.co.jp/image/tr/api/re/WzozX/?noTomariHotel=144951,https://img.travel.rakuten.co.jp/image/tr/api/re/gJNfM/?f_hotel_no=144951,ほてる　えーぜっと　きたきゅうしゅうわかまつてん,北九州都市高速　若戸大橋ICより車で約17分。無料平面駐車場無料★朝食無料★インターネット接続無料,4510,121994.95,470682.22,808-0103,福岡県,北九州市若松区二島１-4-20,093-701-3303,093-701-3304,ＪＲ　二島駅より徒歩にて７分,無料駐車場56台あり　普通車：予約不要 、中型車・大型車：要予約（有料）,二島,https://img.travel.rakuten.co.jp/share/HOTEL/144951/144951.jpg,https://img.travel.rakuten.co.jp/HIMG/90/144951.jpg,https://img.travel.rakuten.co.jp/share/HOTEL/144951/144951_kya1.jpg,https://img.travel.rakuten.co.jp/HIMG/INTERIOR/144951.jpg,https://img.travel.rakuten.co.jp/share/HOTEL/144951/144951map.gif,337.0,4.06,"チェックインの際、事前に禁煙ルームを希望していた所、シングルルー…　2026-04-19 08:36:12投稿 <a href=""https://img.travel.rakuten.co.jp/image/tr/api/re/gJNfM/?f_hotel_no=144951"" class=""3click"">つづきはこちら</a>",005,【禁煙】2段ベッド,6109055.0,スタンダードプラン（朝食サービス）,1,0,0,1,0,1,https://img.travel.rakuten.co.jp/image/tr/api/re/IdsCY/?f_no=144951&f_syu=005&f_hi1=2026-04-22&f_hi2=2026-04-23&f_heya_su=1&f_otona_su=1&f_s1=0&f_s2=0&f_y1=0&f_y2=0&f_y3=0&f_y4=0&f_camp_id=6109055,0,2026-04-22,6380,6380,0,2026-04-22,kitakyusyu
1363,サンスカイホテル小倉,https://img.travel.rakuten.co.jp/image/tr/api/re/pvonD/?f_no=1363,https://img.travel.rakuten.co.jp/image/tr/api/re/vFumt/?f_no=1363&f_flg=PLAN,https://img.travel.rakuten.co.jp/image/tr/api/re/WzozX/?noTomariHotel=1363,https://img.travel.rakuten.co.jp/image/tr/api/re/gJNfM/?f_hotel_no=1363,さんすかい　こくら,駐車場無料、ウェルカムドリンク、ミネラルウォーター、全室Wi-Fi無料接続可,2900,121959.21,471251.99,802-0038,福岡県,北九州市小倉北区神幸町2-1,093-521-0123,093-521-1984,小倉駅より約車10分。足立ICから5分・富野ＩＣから3分。ヤフオク！ドームまで車1時間。湯布院まで車1時間50分。,入出庫自由、無料平面駐車場（８０台）　　大型車（２ｔ車以上）は有料で事前に予約要,小倉（福岡）,https://img.travel.rakuten.co.jp/share/HOTEL/1363/1363.jpg,https://img.travel.rakuten.co.jp/HIMG/90/1363.jpg,https://img.travel.rakuten.co.jp/share/HOTEL/1363/1363_sy.jpg,https://img.travel.rakuten.co.jp/HIMG/INTERIOR/1363.jpg,https://img.travel.rakuten.co.jp/share/HOTEL/1363/1363map.gif,1753.0,3.77,,sn,シングル【禁煙】,3562850.0,【駐車場無料】【素泊まり】【24時間フリードリンク】【Wi-Fi無料接続可】,1,0,0,0,0,1,https://img.travel.rakuten.co.jp/image/tr/api/re/IdsCY/?f_no=1363&f_syu=sn&f_hi1=2026-04-22&f_hi2=2026-04-23&f_heya_su=1&f_otona_su=1&f_s1=0&f_s2=0&f_y1=0&f_y2=0&f_y3=0&f_y4=0&f_camp_id=3562850,0,2026-04-22,8000,8000,1,2026-04-22,kitakyusyu
134895,ＨＯＴＥＬ　ＡＺ　北九州新門司港店,https://img.travel.rakuten.co.jp/image/tr/api/re/pvonD/?f_no=134895,https://img.travel.rakuten.co.jp/image/tr/api/re/vFumt/?f_no=134895&f_flg=PLAN,https://img.travel.rakuten.co.jp/image/tr/api/re/WzozX/?noTomariHotel=134895,https://img.travel.rakuten.co.jp/image/tr/api/re/gJNfM/?f_hotel_no=134895,ほてる　えーぜっと　きたきゅうしゅう　しんもじこうてん,九州自動車道　新門司ＩＣから車で約5分、新門司港へは車で約7分！朝食無料☆駐車場無料（大型車有料）☆,5280,121917.1,471520.21,800-0114,福岡県,北九州市門司区吉志1丁目25-5,093-483-1301,093-483-1302,ＪＲ　門司駅から車で約20分,無料駐車場47台あり　普通車：予約不要 、中型車・大型車：要予約（有料）,門司,https://img.travel.rakuten.co.jp/share/HOTEL/134895/134895.jpg,https://img.travel.rakuten.co.jp/HIMG/90/134895.jpg,https://img.travel.rakuten.co.jp/share/HOTEL/134895/134895_rm1.jpg,https://img.travel.rakuten.co.jp/HIMG/INTERIOR/134895.jpg,https://img.travel.rakuten.co.jp/share/HOTEL/134895/134895map.gif,198.0,3.67,"クチコミの詳細はこちらから　https://review.travel.rakuten.co.jp/hote…　2026-04-07 18:05:00投稿 <a href=""https://img.travel.rakuten.co.jp/image/tr/api/re/gJNfM/?f_hotel_no=134895"" class=""3click"">つづきはこちら</a>",sn1,【禁煙】シングル,6108842.0,スタンダードプラン（朝食サービス）,1,0,0,1,0,1,https://img.travel.rakuten.co.jp/image/tr/api/re/IdsCY/?f_no=134895&f_syu=sn1&f_hi1=2026-04-22&f_hi2=2026-04-23&f_heya_su=1&f_otona_su=1&f_s1=0&f_s2=0&f_y1=0&f_y2=0&f_y3=0&f_y4=0&f_camp_id=6108842,0,2026-04-22,6380,6380,0,2026-04-22,kitakyusyu
1225,ホテルポート門司,https://img.travel.rakuten.co.jp/image/tr/api/re/pvonD/?f_no=1225,https://img.travel.rakuten.co.jp/image/tr/api/re/vFumt/?f_no=1225&f_flg=PLAN,https://img.travel.rakuten.co.jp/image/tr/api/re/WzozX/?noTomariHotel=1225,https://img.travel.rakuten.co.jp/image/tr/api/re/gJNfM/?f_hotel_no=1225,ぽーと　もじ,海峡花火会場徒歩圏内｜門司港レトロ徒歩５分｜駐車場無料｜アダルトｃｈ無料放送｜漫画６０００冊読み放題,3900,122194.07,471491.38,801-0863,福岡県,北九州市門司区栄町11-29,093-331-0112,093-331-1004,鹿児島本線門司港駅から徒歩10分。九州道門司ICから車で10分。関門トンネル門司側入り口車で1分。,有り　15台　普通車のみ　要予約（無料）,門司港,https://img.travel.rakuten.co.jp/share/HOTEL/1225/1225.jpg,https://img.travel.rakuten.co.jp/HIMG/90/1225.jpg,https://img.travel.rakuten.co.jp/share/HOTEL/1225/1225_room.jpg,https://img.travel.rakuten.co.jp/HIMG/INTERIOR/1225.jpg,https://img.travel.rakuten.co.jp/share/HOTEL/1225/1225map.gif,1085.0,4.18,"去年中国地方の旅行と今年の九州1周旅で福岡にフェリーで到着後宿泊しました。バイクが駐車ができるホテルを探していて、屋根のあるスペースに止められるます。また行くことあ…　2026-04-20 11:42:50投稿 <a href=""https://img.travel.rakuten.co.jp/image/tr/api/re/gJNfM/?f_hotel_no=1225"" class=""3click"">つづきはこちら</a>",2013t,【喫煙】ツインルーム,2627613.0,03【駐車場利用不可】【訳あり】素泊プラン【チェックアウト9時】近隣コインP多数,1,0,0,0,0,2,https://img.travel.rakuten.co.jp/image/tr/api/re/IdsCY/?f_no=1225&f_syu=2013t&f_hi1=2026-04-22&f_hi2=2026-04-23&f_heya_su=1&f_otona_su=1&f_s1=0&f_s2=0&f_y1=0&f_y2=0&f_y3=0&f_y4=0&f_camp_id=2627613,0,2026-04-22,8500,8500,0,2026-04-22,kitakyusyu
199944,北九州市黒崎付近広い庭の古民家／民泊,https://img.travel.rakuten.co.jp/image/tr/api/re/pvonD/?f_no=199944,https://img.travel.rakuten.co.jp/image/tr/api/re/vFumt/?f_no=199944&f_flg=PLAN,,https://img.travel.rakuten.co.jp/image/tr/api/re/gJNfM/?f_hotel_no=199944,,街なかの古民家民宿。静かな環境で、広々駐車場と庭付き。,6032,121796.91,470754.65,806-0063,福岡県,北九州市八幡西区市瀬2-13-20 ゲストハウス若水,090-4512-5698,00-0000-0000,永犬丸駅から車で8分,なし,永犬丸,https://img.travel.rakuten.co.jp/share/HOTEL/199944/199944.jpg,https://img.travel.rakuten.co.jp/HIMG/90/199944.jpg,,,https://img.travel.rakuten.co.jp/share/HOTEL/199944/199944map.gif,,,,r20413_12,ゲストハウス若水黒崎,6444455.0,静かな癒される空間,1,0,0,0,0,2,https://img.travel.rakuten.co.jp/image/tr/api/re/IdsCY/?f_no=199944&f_syu=r20413_12&f_hi1=2026-04-22&f_hi2=2026-04-23&f_heya_su=1&f_otona_su=1&f_s1=0&f_s2=0&f_y1=0&f_y2=0&f_y3=0&f_y4=0&f_camp_id=6444455,0,2026-04-22,23200,23200,0,2026-04-22,kitakyusyu
172605,ＡＢホテル行橋,https://img.travel.rakuten.co.jp/image/tr/api/re/pvonD/?f_no=172605,https://img.travel.rakuten.co.jp/image/tr/api/re/vFumt/?f_no=172605&f_flg=PLAN,https://img.travel.rakuten.co.jp/image/tr/api/re/WzozX/?noTomariHotel=172605,https://img.travel.rakuten.co.jp/image/tr/api/re/gJNfM/?f_hotel_no=172605,えーびーほてるゆくはし,行橋駅より徒歩１分、北九州空港より車で約２５分！健康朝食バイキング、男女別大浴場が無料♪ウェルカムコーヒーも♪,2200,121409.13,471499.33,824-0031,福岡県,行橋市西宮市2-2-16,0930-28-8222,0930-28-8219,行橋駅より徒歩にて約1分♪北九州空港より車で40分♪小倉駅から16分♪,有り　無料　平面／47台（先着順）　※大型車、バイク、自転車は不可,行橋,https://img.travel.rakuten.co.jp/share/HOTEL/172605/172605.jpg,https://img.travel.rakuten.co.jp/HIMG/90/172605.jpg,,,https://img.travel.rakuten.co.jp/share/HOTEL/172605/172605map.gif,803.0,4.24,"駅近で便利です。全体的に清潔感が有り、良かったです。お風呂もリラックス出来ましたが、脱衣所のロッカーが手狭だったのが残念でした。小倉を避けて黒崎等に泊まって…　2026-04-20 21:17:57投稿 <a href=""https://img.travel.rakuten.co.jp/image/tr/api/re/gJNfM/?f_hotel_no=172605"" class=""3click"">つづきはこちら</a>",snp,禁煙モデレートシングル【シャワー・トイレ・洗面セパレート】,4571732.0,当日限定シングルプラン♪空いてたらラッキー♪【健康朝食・大浴場無料】,1,0,0,1,0,1,https://img.travel.rakuten.co.jp/image/tr/api/re/JlnYS/?f_no=172605&f_syu=snp&f_hi1=2026-04-22&f_hi2=2026-04-23&f_heya_su=1&f_otona_su=1&f_s1=0&f_s2=0&f_y1=0&f_y2=0&f_y3=0&f_y4=0&f_camp_id=4571732,2,2026-04-22,15000,15000,0,2026-04-22,buzen
68680,ホテルルートイン苅田駅前,https://img.travel.rakuten.co.jp/image/tr/api/re/pvonD/?f_no=68680,https://img.travel.rakuten.co.jp/image/tr/api/re/vFumt/?f_no=68680&f_flg=PLAN,https://img.travel.rakuten.co.jp/image/tr/api/re/WzozX/?noTomariHotel=68680,https://img.travel.rakuten.co.jp/image/tr/api/re/gJNfM/?f_hotel_no=68680,るーといんかんだえきまえ,WOWOW全室で無料視聴可■VODルームシアター無料視聴可能(一般映画のみ・コンフォートルーム特典）■Wi-Fi利用可,5350,121611.41,471533.88,800-0361,福岡県,京都郡苅田町神田町1-8-1,050-5576-7905,093-435-3712,ＪＲ日豊本線　苅田駅徒歩0分／北九州空港より車で約１5分,有り　83台　無料　先着順（予約不可）,苅田,https://img.travel.rakuten.co.jp/share/HOTEL/68680/68680.jpg,https://img.travel.rakuten.co.jp/HIMG/90/68680.jpg,https://img.travel.rakuten.co.jp/share/HOTEL/68680/68680_k.jpg,https://img.travel.rakuten.co.jp/HIMG/INTERIOR/68680.jpg,https://img.travel.rakuten.co.jp/share/HOTEL/68680/68680map.gif,545.0,4.04,"クチコミの詳細はこち…　2026-04-12 18:36:21投稿 <a href=""https://img.travel.rakuten.co.jp/image/tr/api/re/gJNfM/?f_hotel_no=68680"" class=""3click"">つづきはこちら</a>",ns,【禁煙】シングルルーム ベット幅140ｃｍ,5830371.0,【朝食付・事前カード決済がお得で早い】簡単チェックインでスムーズにお部屋へ 〜◆大浴場◆駅近◆,1,0,0,0,0,2,https://img.travel.rakuten.co.jp/image/tr/api/re/IdsCY/?f_no=68680&f_syu=ns&f_hi1=2026-04-22&f_hi2=2026-04-23&f_heya_su=1&f_otona_su=1&f_s1=0&f_s2=0&f_y1=0&f_y2=0&f_y3=0&f_y4=0&f_camp_id=5830371,0,2026-04-22,9200,9200,0,2026-04-22,buzen
49348,ブルーポートホテル苅田北九州空港,https://img.travel.rakuten.co.jp/image/tr/api/re/pvonD/?f_no=49348,https://img.travel.rakuten.co.jp/image/tr/api/re/vFumt/?f_no=49348&f_flg=PLAN,https://img.travel.rakuten.co.jp/image/tr/api/re/WzozX/?noTomariHotel=49348,https://img.travel.rakuten.co.jp/image/tr/api/re/gJNfM/?f_hotel_no=49348,ぶるーぽーとほてるかんだきたきゅうしゅうくうこう,苅田北九州空港ICより車で約1分★駐車場無料★種類豊富な朝食ビュッフェが大人気♪,3800,121689.16,471527.17,800-0365,福岡県,京都郡苅田町苅田3787-61,093-475-8844,093-475-8944,JR朽網（くさみ）駅より北九州空港行きバス約6分。苅田北九州空港ＩＣより車で1分,有り80台（全て平面）無料　普通車予約不要　各種トラックやバスも無料OK（要予約）,苅田,https://img.travel.rakuten.co.jp/share/HOTEL/49348/49348.jpg,https://img.travel.rakuten.co.jp/HIMG/90/49348.jpg,https://img.travel.rakuten.co.jp/share/HOTEL/49348/49348_ro.jpg,https://img.travel.rakuten.co.jp/HIMG/INTERIOR/49348.jpg,https://img.travel.rakuten.co.jp/share/HOTEL/49348/49348map.gif,1252.0,3.94,"クチコミの詳細はこちらから　https://review.travel.rak…　2026-04-02 19:18:27投稿 <a href=""https://img.travel.rakuten.co.jp/image/tr/api/re/gJNfM/?f_hotel_no=49348"" class=""3click"">つづきはこちら</a>",sa1,スタンダードシングル■喫煙ルーム■ベッド幅120cm,4623496.0,【当日限定】室数限定！当日のご予約でも安心♪（素泊まり）★駐車場無料★,1,0,0,0,0,1,https://img.travel.rakuten.co.jp/image/tr/api/re/JlnYS/?f_no=49348&f_syu=sa1&f_hi1=2026-04-22&f_hi2=2026-04-23&f_heya_su=1&f_otona_su=1&f_s1=0&f_s2=0&f_y1=0&f_y2=0&f_y3=0&f_y4=0&f_camp_id=4623496,2,2026-04-22,7500,7500,0,2026-04-22,buzen
108371,東横ＩＮＮ北九州空港,https://img.travel.rakuten.co.jp/image/tr/api/re/pvonD/?f_no=108371,https://img.travel.rakuten.co.jp/image/tr/api/re/vFumt/?f_no=108371&f_flg=PLAN,https://img.travel.rakuten.co.jp/image/tr/api/re/WzozX/?noTomariHotel=108371,https://img.travel.rakuten.co.jp/image/tr/api/re/gJNfM/?f_hotel_no=108371,とうよこいんきたきゅうしゅうくうこう,平尾台まで車で50分の立地で出発を応援！朝食・小学生以下添い寝無料で安心空間を提供いたします,4198,121794.13,471717.73,800-0306,福岡県,北九州市小倉南区空港北町2-4,093-472-1042,093-472-1049,北九州空港より徒歩5分　送迎シャトルを17：00以降離発着に合わせて最終便まで運行　朝は4：50から10：10まで運行中,無料！駐車場有　281台　　駐車場10日間無料　大型バス・大型車駐車無料,北九州空港,https://img.travel.rakuten.co.jp/share/HOTEL/108371/108371.jpg,https://img.travel.rakuten.co.jp/HIMG/90/108371.jpg,https://img.travel.rakuten.co.jp/share/HOTEL/108371/108371room1.jpg,https://img.travel.rakuten.co.jp/HIMG/INTERIOR/108371.jpg,https://img.travel.rakuten.co.jp/share/HOTEL/108371/108371map.gif,554.0,4.29,"クチコミの詳細はこちらから　ht…　2026-04-18 14:07:02投稿 <a href=""https://img.travel.rakuten.co.jp/image/tr/api/re/gJNfM/?f_hotel_no=108371"" class=""3click"">つづきはこちら</a>",sk,禁煙シングル,6030933.0,【楽天月末セール】朝食付★いつでも安心価格♪ビジネス・レジャーに！禁煙シングル,1,0,0,1,0,1,https://img.travel.rakuten.co.jp/image/tr/api/re/IdsCY/?f_no=108371&f_syu=sk&f_hi1=2026-04-22&f_hi2=2026-04-23&f_heya_su=1&f_otona_su=1&f_s1=0&f_s2=0&f_y1=0&f_y2=0&f_y3=0&f_y4=0&f_camp_id=6030933,0,2026-04-22,6444,6444,0,2026-04-22,buzen
53365,ベッセルホテル苅田北九州空港（２０２６年３月全室リニューアル）,https://img.travel.rakuten.co.jp/image/tr/api/re/pvonD/?f_no=53365,https://img.travel.rakuten.co.jp/image/tr/api/re/vFumt/?f_no=53365&f_flg=PLAN,https://img.travel.rakuten.co.jp/image/tr/api/re/WzozX/?noTomariHotel=53365,https://img.travel.rakuten.co.jp/image/tr/api/re/gJNfM/?f_hotel_no=53365,べっせるかんだきたきゅうしゅうくうこう,◆全室幅150ｃｍのクイーンサイズベッド◆シングル21㎡/ツイン26㎡◆ご当地メニュー満載の朝食をどうぞ！,3300,121605.03,471556.27,800-0313,福岡県,京都郡苅田町磯浜町1-5-9,093-435-2525,093-435-2555,【ＪＲ苅田駅東口】850m徒歩10分【北九州空港】11Kmタクシーで12分【苅田北九州空港IC】5Km車で5分,有り　７５台　普通車無料（一部大型車は有料）,苅田,https://img.travel.rakuten.co.jp/share/HOTEL/53365/53365.jpg,https://img.travel.rakuten.co.jp/HIMG/90/53365.jpg,https://img.travel.rakuten.co.jp/share/HOTEL/53365/53365_ky.jpg,https://img.travel.rakuten.co.jp/HIMG/INTERIOR/53365.jpg,https://img.travel.rakuten.co.jp/share/HOTEL/53365/53365map.gif,1432.0,4.46,"・部屋は出入口で靴を脱ぐタイプ(土…　2026-04-20 09:12:43投稿 <a href=""https://img.travel.rakuten.co.jp/image/tr/api/re/gJNfM/?f_hotel_no=53365"" class=""3click"">つづきはこちら</a>",s2,ゆったり1ベッド【禁煙】☆２１平米☆,6118404.0,【スタンダード★素泊り】苅田駅東口１から徒歩13分（850m),1,0,0,0,0,1,https://img.travel.rakuten.co.jp/image/tr/api/re/IdsCY/?f_no=53365&f_syu=s2&f_hi1=2026-04-22&f_hi2=2026-04-23&f_heya_su=1&f_otona_su=1&f_s1=0&f_s2=0&f_y1=0&f_y2=0&f_y3=0&f_y4=0&f_camp_id=6118404,0,2026-04-22,10000,10000,0,2026-04-22,buzen
147642,ＨＯＴＥＬ　ＡＺ　福岡築上店,https://img.travel.rakuten.co.jp/image/tr/api/re/pvonD/?f_no=147642,https://img.travel.rakuten.co.jp/image/tr/api/re/vFumt/?f_no=147642&f_flg=PLAN,https://img.travel.rakuten.co.jp/image/tr/api/re/WzozX/?noTomariHotel=147642,https://img.travel.rakuten.co.jp/image/tr/api/re/gJNfM/?f_hotel_no=147642,ほてる　えーぜっと　ふくおかちくじょうてん,東九州道（椎田道路）築城ＩＣより車で約7分☆北九州空港から車で4０分☆平面駐車場無料・朝食無料・ネット接続無料☆,4620,121189.56,471782.48,829-0342,福岡県,築上郡築上町東八田67-1,0930-57-3301,0930-57-3302,東九州自動車道（椎田道路）築城ＩＣより車で約7分 /ＪＲ築城駅より車で5分/ 北九州空港から車で約40分（高速利用）,無料平面駐車場150台あり　普通車：予約不要 、中型車・大型車：要予約（有料）,築城,https://img.travel.rakuten.co.jp/share/HOTEL/147642/147642.jpg,https://img.travel.rakuten.co.jp/HIMG/90/147642.jpg,https://img.travel.rakuten.co.jp/share/HOTEL/147642/147642_kan1.jpg,https://img.travel.rakuten.co.jp/HIMG/INTERIOR/147642.jpg,https://img.travel.rakuten.co.jp/share/HOTEL/147642/147642map.gif,86.0,4.22,"クチコミの詳細はこちらから　https://review.travel.rakuten.co.…　2026-04-07 01:04:52投稿 <a href=""https://img.travel.rakuten.co.jp/image/tr/api/re/gJNfM/?f_hotel_no=147642"" class=""3click"">つづきはこちら</a>",s,【喫煙】シングル,6108346.0,スタンダードプラン（朝食サービス）,1,0,0,1,0,1,https://img.travel.rakuten.co.jp/image/tr/api/re/IdsCY/?f_no=147642&f_syu=s&f_hi1=2026-04-22&f_hi2=2026-04-23&f_heya_su=1&f_otona_su=1&f_s1=0&f_s2=0&f_y1=0&f_y2=0&f_y3=0&f_y4=0&f_camp_id=6108346,0,2026-04-22,6380,6380,0,2026-04-22,buzen
151179,ＨＯＴＥＬ　ＡＺ　福岡吉富店,https://img.travel.rakuten.co.jp/image/tr/api/re/pvonD/?f_no=151179,https://img.travel.rakuten.co.jp/image/tr/api/re/vFumt/?f_no=151179&f_flg=PLAN,https://img.travel.rakuten.co.jp/image/tr/api/re/WzozX/?noTomariHotel=151179,https://img.travel.rakuten.co.jp/image/tr/api/re/gJNfM/?f_hotel_no=151179,ほてる　えーぜっと　ふくおかよしとみてん,"大分県との県境。中津城へ車で10分。大分県中津市,福岡県豊前市,上毛町に隣接。",4620,120973.72,472218.13,871-0811,福岡県,築上郡吉富町広津879-2,0979-22-3801,0979-22-3802,北九州空港から高速で45分(豊前ICから車で10分）。ＪＲ中津駅から車で約5分。駐車場入り口は県道108号線沿いです。,無料駐車場124台あり　普通車：予約不要 、中型車・大型車：要予約（有料）,吉富（福岡）,https://img.travel.rakuten.co.jp/share/HOTEL/151179/151179.jpg,https://img.travel.rakuten.co.jp/HIMG/90/151179.jpg,https://img.travel.rakuten.co.jp/share/HOTEL/151179/151179_kan1.jpg,https://img.travel.rakuten.co.jp/HIMG/INTERIOR/151179.jpg,https://img.travel.rakuten.co.jp/share/HOTEL/151179/151179map.gif,71.0,4.13,,002,【禁煙】シングル,6108654.0,スタンダードプラン（朝食サービス）,1,0,0,1,0,1,https://img.travel.rakuten.co.jp/image/tr/api/re/IdsCY/?f_no=151179&f_syu=002&f_hi1=2026-04-22&f_hi2=2026-04-23&f_heya_su=1&f_otona_su=1&f_s1=0&f_s2=0&f_y1=0&f_y2=0&f_y3=0&f_y4=0&f_camp_id=6108654,0,2026-04-22,6380,6380,0,2026-04-22,buzen
197684,ホテルルートイン大牟田,https://img.travel.rakuten.co.jp/image/tr/api/re/pvonD/?f_no=197684,https://img.travel.rakuten.co.jp/image/tr/api/re/vFumt/?f_no=197684&f_flg=PLAN,https://img.travel.rakuten.co.jp/image/tr/api/re/WzozX/?noTomariHotel=197684,https://img.travel.rakuten.co.jp/image/tr/api/re/gJNfM/?f_hotel_no=197684,ほてるるーといんおおむた,2025年12月26日OPEN！有明沿岸道大牟田ICから車で約2分！ホテルルートイン大牟田！,6225,118906.91,469541.59,836-0037,福岡県,大牟田市岬町6-67,050-5482-7150,0944-54-1002,西鉄大牟田駅から車で約5分、有明沿岸道　大牟田ICから車で約2分,あり　227台　無料　先着順,大牟田,https://img.travel.rakuten.co.jp/share/HOTEL/197684/197684.jpg,https://img.travel.rakuten.co.jp/HIMG/90/197684.jpg,,,https://img.travel.rakuten.co.jp/share/HOTEL/197684/197684map.gif,76.0,4.59,"クチコミの詳細はこちらから　http…　2026-04-17 15:40:28投稿 <a href=""https://img.travel.rakuten.co.jp/image/tr/api/re/gJNfM/?f_hotel_no=197684"" class=""3click"">つづきはこちら</a>",ns,□禁煙□シングルルーム,6324537.0,スタンダードプラン【バイキング朝食付き】,1,0,0,1,0,1,https://img.travel.rakuten.co.jp/image/tr/api/re/IdsCY/?f_no=197684&f_syu=ns&f_hi1=2026-04-22&f_hi2=2026-04-23&f_heya_su=1&f_otona_su=1&f_s1=0&f_s2=0&f_y1=0&f_y2=0&f_y3=0&f_y4=0&f_camp_id=6324537,0,2026-04-22,9000,9000,0,2026-04-22,chikugo
78158,スマイルホテル福岡大川,https://img.travel.rakuten.co.jp/image/tr/api/re/pvonD/?f_no=78158,https://img.travel.rakuten.co.jp/image/tr/api/re/vFumt/?f_no=78158&f_flg=PLAN,https://img.travel.rakuten.co.jp/image/tr/api/re/WzozX/?noTomariHotel=78158,https://img.travel.rakuten.co.jp/image/tr/api/re/gJNfM/?f_hotel_no=78158,すまいるほてるふくおかおおかわ,久留米・佐賀市内・佐賀空港まで車で25分★大川市中心でビジネスも観光も快適！【駐車場無料】,3600,119539.12,469370.39,831-0016,福岡県,大川市酒見105-1,0944-89-1311,0944-89-1313,西鉄柳川駅よりタクシーご利用にて１２分、九州佐賀国際空港より車で２５分、九州新幹線筑後船小屋駅より車で２５分,有り　４０台　無料　予約不要　※満車時は近藤材木店の駐車場へご駐車ください。,西鉄柳川,https://img.travel.rakuten.co.jp/share/HOTEL/78158/78158.jpg,https://img.travel.rakuten.co.jp/HIMG/90/78158.jpg,https://img.travel.rakuten.co.jp/share/HOTEL/78158/78158_sin.jpg,https://img.travel.rakuten.co.jp/HIMG/INTERIOR/78158.jpg,https://img.travel.rakuten.co.jp/share/HOTEL/78158/78158map.gif,326.0,3.69,,sn,【禁煙】シングルルーム/12平米★シンプル快適ステイ,6305269.0,【直前割｜素泊まり】☆シンプルステイプラン☆VOD全室無料視聴☆コンビニ徒歩２分☆駐車場無料☆,1,0,0,0,0,1,https://img.travel.rakuten.co.jp/image/tr/api/re/IdsCY/?f_no=78158&f_syu=sn&f_hi1=2026-04-22&f_hi2=2026-04-23&f_heya_su=1&f_otona_su=1&f_s1=0&f_s2=0&f_y1=0&f_y2=0&f_y3=0&f_y4=0&f_camp_id=6305269,0,2026-04-22,5700,5700,0,2026-04-22,chikugo
161064,ホテルルートイン柳川駅前,https://img.travel.rakuten.co.jp/image/tr/api/re/pvonD/?f_no=161064,https://img.travel.rakuten.co.jp/image/tr/api/re/vFumt/?f_no=161064&f_flg=PLAN,https://img.travel.rakuten.co.jp/image/tr/api/re/WzozX/?noTomariHotel=161064,https://img.travel.rakuten.co.jp/image/tr/api/re/gJNfM/?f_hotel_no=161064,るーといんやながわえきまえ,ＷＯＷＯＷ全室で無料視聴可■VODルームシアター無料視聴可能(一般映画のみ・コンフォートルーム特典）■Wi-Fi利用可,6150,119383.85,469521.33,832-0822,福岡県,柳川市三橋町下百町210-10,050-5824-4101,0944-75-1552,西鉄天神大牟田線 西鉄柳川駅東口より徒歩にて約１分／九州自動車道みやま柳川ＩＣより車で約18分,有り　７９台　無料　（先着順）,西鉄柳川,https://img.travel.rakuten.co.jp/share/HOTEL/161064/161064.jpg,https://img.travel.rakuten.co.jp/HIMG/90/161064.jpg,,,https://img.travel.rakuten.co.jp/share/HOTEL/161064/161064map.gif,576.0,4.29,"クチコミの詳細はこちらから　https://revie…　2026-04-17 17:51:49投稿 <a href=""https://img.travel.rakuten.co.jp/image/tr/api/re/gJNfM/?f_hotel_no=161064"" class=""3click"">つづきはこちら</a>",s,■喫煙■シングルルーム,5036090.0,〜 お土産付プラン 〜【柳川名物 ゆずすこ or のりクロ付】〜柳川のお土産に如何でしょうか〜,1,0,0,1,0,1,https://img.travel.rakuten.co.jp/image/tr/api/re/IdsCY/?f_no=161064&f_syu=s&f_hi1=2026-04-22&f_hi2=2026-04-23&f_heya_su=1&f_otona_su=1&f_s1=0&f_s2=0&f_y1=0&f_y2=0&f_y3=0&f_y4=0&f_camp_id=5036090,0,2026-04-22,9550,9550,0,2026-04-22,chikugo
153338,ホテルニューガイア　柳川,https://img.travel.rakuten.co.jp/image/tr/api/re/pvonD/?f_no=153338,https://img.travel.rakuten.co.jp/image/tr/api/re/vFumt/?f_no=153338&f_flg=PLAN,https://img.travel.rakuten.co.jp/image/tr/api/re/WzozX/?noTomariHotel=153338,https://img.travel.rakuten.co.jp/image/tr/api/re/gJNfM/?f_hotel_no=153338,にゅーがいあ　やながわ,【大好評】宿泊者専用ラウンジ！西鉄柳川駅より徒歩３分の好立地！川下りの乗船場隣接。,4760,119387.57,469511.23,832-0822,福岡県,柳川市三橋町下百町1-14,0944-75-1705,0944-75-1706,西鉄大牟田線　柳川駅より徒歩にて約３分,有り　9台　１，０００円（税込み／泊）　予約不可・先着順,西鉄柳川,https://img.travel.rakuten.co.jp/share/HOTEL/153338/153338.jpg,https://img.travel.rakuten.co.jp/HIMG/90/153338.jpg,,,https://img.travel.rakuten.co.jp/share/HOTEL/153338/153338map.gif,225.0,4.18,"ク…　2026-04-14 12:38:30投稿 <a href=""https://img.travel.rakuten.co.jp/image/tr/api/re/gJNfM/?f_hotel_no=153338"" class=""3click"">つづきはこちら</a>",rsd,【電子タバコ可】★リニューアルスタンダードダブル★11平米〜,3744847.0,【素泊り】★シンプル★素泊まりプラン,1,0,0,0,0,1,https://img.travel.rakuten.co.jp/image/tr/api/re/IdsCY/?f_no=153338&f_syu=rsd&f_hi1=2026-04-22&f_hi2=2026-04-23&f_heya_su=1&f_otona_su=1&f_s1=0&f_s2=0&f_y1=0&f_y2=0&f_y3=0&f_y4=0&f_camp_id=3744847,0,2026-04-22,9500,9500,0,2026-04-22,chikugo
145448,ＨＯＴＥＬ　ＡＺ　福岡筑後店,https://img.travel.rakuten.co.jp/image/tr/api/re/pvonD/?f_no=145448,https://img.travel.rakuten.co.jp/image/tr/api/re/vFumt/?f_no=145448&f_flg=PLAN,https://img.travel.rakuten.co.jp/image/tr/api/re/WzozX/?noTomariHotel=145448,https://img.travel.rakuten.co.jp/image/tr/api/re/gJNfM/?f_hotel_no=145448,ほてる　えーぜっと　ふくおかちくごてん,八女ICより車で約10分・広川ICより車で約10分。国道209号線沿い。無料駐車場★ 朝食無料★インターネット接続無料,4620,119634.51,469834.96,833-0055,福岡県,筑後市熊野58-1,0942-52-9901,0942-52-9902,JR羽犬塚駅より車で12分　ホテル近辺まで西鉄バス有　※50系統　西鉄久留米駅方面　バス亭「赤坂」下車　,無料平面駐車場90台あり　普通車：予約不要 、中型車・大型車：要予約（有料）,西牟田,https://img.travel.rakuten.co.jp/share/HOTEL/145448/145448.jpg,https://img.travel.rakuten.co.jp/HIMG/90/145448.jpg,https://img.travel.rakuten.co.jp/share/HOTEL/145448/145448_kan1.jpg,https://img.travel.rakuten.co.jp/HIMG/INTERIOR/145448.jpg,https://img.travel.rakuten.co.jp/share/HOTEL/145448/145448map.gif,192.0,3.84,"クチコミの詳細はこちらから　https://review.travel.rakuten.co.jp/hotel/voice/145…　2026-04-14 17:54:00投稿 <a href=""https://img.travel.rakuten.co.jp/image/tr/api/re/gJNfM/?f_hotel_no=145448"" class=""3click"">つづきはこちら</a>",s,【喫煙】シングル,6108301.0,スタンダードプラン（朝食サービス）,1,0,0,1,0,1,https://img.travel.rakuten.co.jp/image/tr/api/re/IdsCY/?f_no=145448&f_syu=s&f_hi1=2026-04-22&f_hi2=2026-04-23&f_heya_su=1&f_otona_su=1&f_s1=0&f_s2=0&f_y1=0&f_y2=0&f_y3=0&f_y4=0&f_camp_id=6108301,0,2026-04-22,6380,6380,0,2026-04-22,chikugo
11227,ホテル　エルモント,https://img.travel.rakuten.co.jp/image/tr/api/re/pvonD/?f_no=11227,https://img.travel.rakuten.co.jp/image/tr/api/re/vFumt/?f_no=11227&f_flg=PLAN,https://img.travel.rakuten.co.jp/image/tr/api/re/WzozX/?noTomariHotel=11227,https://img.travel.rakuten.co.jp/image/tr/api/re/gJNfM/?f_hotel_no=11227,えるもんと,筑後市にオープン！全館“光フレッツ”高速無線Wi-Fi通信無料！全室空気清浄器付。洋朝食無料☆ゆったりセミダブルベット！,4290,119544.54,469802.25,833-0031,福岡県,筑後市山ノ井138-22,0942-53-2008,0942-53-0006,ＪＲ羽犬塚駅より徒歩１分／九州新幹線筑後船小屋駅より車で4分/九州自動車道八女Ｉ．Ｃより車で4分／福岡空港より45分,※無料駐車場 30台は到着順です（駐車予約不可）★満車の場合は近隣の有料駐車場をご案内します◆,羽犬塚,https://img.travel.rakuten.co.jp/share/HOTEL/11227/11227.jpg,https://img.travel.rakuten.co.jp/HIMG/90/11227.jpg,https://img.travel.rakuten.co.jp/share/HOTEL/11227/11227_yor.jpg,https://img.travel.rakuten.co.jp/HIMG/INTERIOR/11227.jpg,https://img.travel.rakuten.co.jp/share/HOTEL/11227/11227map.gif,660.0,3.85,"クチコミの詳細はこちらから　https://review.travel.rakuten.co.jp/…　2026-03-10 11:10:48投稿 <a href=""https://img.travel.rakuten.co.jp/image/tr/api/re/gJNfM/?f_hotel_no=11227"" class=""3click"">つづきはこちら</a>",sp,お1人様お寛ぎプラン♪セミダブルベット★（喫煙可）,2161860.0,いよいよスタート！【新幹線全線開通】ハッピープラン♪☆セミダブルベット★,1,0,0,1,0,0,https://img.travel.rakuten.co.jp/image/tr/api/re/IdsCY/?f_no=11227&f_syu=sp&f_hi1=2026-04-22&f_hi2=2026-04-23&f_heya_su=1&f_otona_su=1&f_s1=0&f_s2=0&f_y1=0&f_y2=0&f_y3=0&f_y4=0&f_camp_id=2161860,0,2026-04-22,6160,6160,1,2026-04-22,chikugo
172388,ビジネスインこめや２号館,https://img.travel.rakuten.co.jp/image/tr/api/re/pvonD/?f_no=172388,https://img.travel.rakuten.co.jp/image/tr/api/re/vFumt/?f_no=172388&f_flg=PLAN,https://img.travel.rakuten.co.jp/image/tr/api/re/WzozX/?noTomariHotel=172388,https://img.travel.rakuten.co.jp/image/tr/api/re/gJNfM/?f_hotel_no=172388,びじねすいんこめやにごうかん,大牟田駅から徒歩２分！漫画本貸し出しも自転車貸し出しもWi-Fiも無料！安くて駅近といえばココ☆,3800,118896.34,469598.36,836-0046,福岡県,大牟田市本町4-7-13,0944-31-4269,0944-31-4306,ＪＲ／西鉄　大牟田駅西口より徒歩にて約２分,有り　５０台　無料　要予約(備考欄に車のナンバーと台数を記入して下さい),大牟田,https://img.travel.rakuten.co.jp/share/HOTEL/172388/172388.jpg,https://img.travel.rakuten.co.jp/HIMG/90/172388.jpg,,,https://img.travel.rakuten.co.jp/share/HOTEL/172388/172388map.gif,117.0,4.04,,aabb918,シングルルーム　(禁煙)　,,,1,0,0,0,0,1,https://img.travel.rakuten.co.jp/image/tr/api/re/IdsCY/?f_no=172388&f_syu=aabb918&f_hi1=2026-04-22&f_hi2=2026-04-23&f_heya_su=1&f_otona_su=1&f_s1=0&f_s2=0&f_y1=0&f_y2=0&f_y3=0&f_y4=0,1,2026-04-22,6000,6000,0,2026-04-22,chikugo
145477,大川リバーサイドホテル,https://img.travel.rakuten.co.jp/image/tr/api/re/pvonD/?f_no=145477,https://img.travel.rakuten.co.jp/image/tr/api/re/vFumt/?f_no=145477&f_flg=PLAN,https://img.travel.rakuten.co.jp/image/tr/api/re/WzozX/?noTomariHotel=145477,https://img.travel.rakuten.co.jp/image/tr/api/re/gJNfM/?f_hotel_no=145477,おおかわりばーさいどほてる,佐賀市内へ車で約２０分。柳川市内へ車で約１５分。福岡市内へ車で約１時間半。 ビジネスや観光に是非ご利用下さい。,4400,119532.84,469367.41,831-0004,福岡県,大川市榎津218-1,0944-86-2200,0944-86-2201,西鉄柳川駅から車で１５分、九州佐賀国際空港から車で２５分、ＪＲ佐賀駅から車で２５分,有り　２２台　無料(先着順）,西鉄柳川,https://img.travel.rakuten.co.jp/share/HOTEL/145477/145477.jpg,https://img.travel.rakuten.co.jp/HIMG/90/145477.jpg,https://img.travel.rakuten.co.jp/share/HOTEL/145477/145477_kan1.jpg,https://img.travel.rakuten.co.jp/HIMG/INTERIOR/145477.jpg,https://img.travel.rakuten.co.jp/share/HOTEL/145477/145477map.gif,143.0,3.97,"クチコミの詳細はこちらから　https://review.travel.rakuten.co.jp/hotel/voice/…　2026-04-06 15:51:56投稿 <a href=""https://img.travel.rakuten.co.jp/image/tr/api/re/gJNfM/?f_hotel_no=145477"" class=""3click"">つづきはこちら</a>",nds,【禁煙】デラックスシングル (佐賀・柳川でのビジネスに♪),6435100.0,【開業12周年記念】空室があればお得に！室数限定ラッキーセール★朝食和洋バイキング無料,1,0,0,1,0,1,https://img.travel.rakuten.co.jp/image/tr/api/re/IdsCY/?f_no=145477&f_syu=nds&f_hi1=2026-04-22&f_hi2=2026-04-23&f_heya_su=1&f_otona_su=1&f_s1=0&f_s2=0&f_y1=0&f_y2=0&f_y3=0&f_y4=0&f_camp_id=6435100,0,2026-04-22,6000,6000,0,2026-04-22,chikugo
149349,ＨＯＴＥＬ　ＡＺ　福岡大川店,https://img.travel.rakuten.co.jp/image/tr/api/re/pvonD/?f_no=149349,https://img.travel.rakuten.co.jp/image/tr/api/re/vFumt/?f_no=149349&f_flg=PLAN,https://img.travel.rakuten.co.jp/image/tr/api/re/WzozX/?noTomariHotel=149349,https://img.travel.rakuten.co.jp/image/tr/api/re/gJNfM/?f_hotel_no=149349,ほてる　えーぜっと　ふくおかおおかわてん,朝食無料・駐車場無料・インターネット接続無料,4620,119461.32,469406.87,831-0026,福岡県,大川市三丸1375-6,0944-89-3311,0944-89-3302,西鉄柳川駅より車で約９分。八女ＩＣより車で約３０分。　九州佐賀国際空港より車で約30分,無料駐車場91台あり　普通車：予約不要 、中型車・大型車：要予約,西鉄柳川,https://img.travel.rakuten.co.jp/share/HOTEL/149349/149349.jpg,https://img.travel.rakuten.co.jp/HIMG/90/149349.jpg,https://img.travel.rakuten.co.jp/share/HOTEL/149349/149349_kan1.jpg,https://img.travel.rakuten.co.jp/HIMG/INTERIOR/149349.jpg,https://img.travel.rakuten.co.jp/share/HOTEL/149349/149349map.gif,104.0,4.05,長期出張の味方。とても落ち着いて過ごせます。夜はお酒も飲めます。　2025-10-25 13:45:51投稿,sn,【禁煙】シングル,6106681.0,スタンダードプラン（朝食サービス）,1,0,0,1,0,1,https://img.travel.rakuten.co.jp/image/tr/api/re/IdsCY/?f_no=149349&f_syu=sn&f_hi1=2026-04-22&f_hi2=2026-04-23&f_heya_su=1&f_otona_su=1&f_s1=0&f_s2=0&f_y1=0&f_y2=0&f_y3=0&f_y4=0&f_camp_id=6106681,0,2026-04-22,6380,6380,0,2026-04-22,chikugo
147664,ビジネスインこめや,https://img.travel.rakuten.co.jp/image/tr/api/re/pvonD/?f_no=147664,https://img.travel.rakuten.co.jp/image/tr/api/re/vFumt/?f_no=147664&f_flg=PLAN,https://img.travel.rakuten.co.jp/image/tr/api/re/WzozX/?noTomariHotel=147664,https://img.travel.rakuten.co.jp/image/tr/api/re/gJNfM/?f_hotel_no=147664,びじねすいんこめや,大牟田駅から徒歩1分のビジネスホテルです。繁華街まで徒歩１０分圏内でいけます。直接料金お問い合わせさい。,3800,118898.73,469597.68,836-0047,福岡県,大牟田市大正町4-2-2,0944-31-3328,0944-31-4306,大牟田駅西口より徒歩にて約１分,有り　無料　予約画面にて、車のナンバー（最後の４ケタと地方）を備考欄に記入してください。,大牟田,https://img.travel.rakuten.co.jp/share/HOTEL/147664/147664.jpg,https://img.travel.rakuten.co.jp/HIMG/90/147664.jpg,,,https://img.travel.rakuten.co.jp/share/HOTEL/147664/147664map.gif,129.0,3.82,,aabb918,シングル（禁煙）,,,1,0,0,0,0,1,https://img.travel.rakuten.co.jp/image/tr/api/re/IdsCY/?f_no=147664&f_syu=aabb918&f_hi1=2026-04-22&f_hi2=2026-04-23&f_heya_su=1&f_otona_su=1&f_s1=0&f_s2=0&f_y1=0&f_y2=0&f_y3=0&f_y4=0,1,2026-04-22,6000,6000,0,2026-04-22,chikugo
199720,ＯＭＵＴＡ　ＣＯＺＹ　ＳＴＡＹ／民泊,https://img.travel.rakuten.co.jp/image/tr/api/re/pvonD/?f_no=199720,https://img.travel.rakuten.co.jp/image/tr/api/re/vFumt/?f_no=199720&f_flg=PLAN,,https://img.travel.rakuten.co.jp/image/tr/api/re/gJNfM/?f_hotel_no=199720,,駐車場無料！3DK一軒家で自炊・長期滞在に最適。ビジネスホテルよりお得な出張に。,4930,118816.7,469575.45,836-0075,福岡県,大牟田市南船津町2-8-21　ハイグレイス1A,090-8504-9355,00-0000-0000,荒尾駅から徒歩で5分,あり,荒尾（熊本）,https://img.travel.rakuten.co.jp/share/HOTEL/199720/199720.jpg,https://img.travel.rakuten.co.jp/HIMG/90/199720.jpg,,,https://img.travel.rakuten.co.jp/share/HOTEL/199720/199720map.gif,,,,r21693_2,OMUTA COZY  STAY,6430755.0,【長期出張・工事関係者歓迎】駐車場2台無料!3DK一軒家で自炊・長期滞在に最適 大牟田市内での工事や,1,0,0,0,0,2,https://img.travel.rakuten.co.jp/image/tr/api/re/IdsCY/?f_no=199720&f_syu=r21693_2&f_hi1=2026-04-22&f_hi2=2026-04-23&f_heya_su=1&f_otona_su=1&f_s1=0&f_s2=0&f_y1=0&f_y2=0&f_y3=0&f_y4=0&f_camp_id=6430755,0,2026-04-22,6380,6380,0,2026-04-22,chikugo
153273,ＨＯＴＥＬ　ＡＺ　福岡古賀店,https://img.travel.rakuten.co.jp/image/tr/api/re/pvonD/?f_no=153273,https://img.travel.rakuten.co.jp/image/tr/api/re/vFumt/?f_no=153273&f_flg=PLAN,https://img.travel.rakuten.co.jp/image/tr/api/re/WzozX/?noTomariHotel=153273,https://img.travel.rakuten.co.jp/image/tr/api/re/gJNfM/?f_hotel_no=153273,ほてる　えーぜっと　ふくおかこがてん,ＪＲ鹿児島本線古賀駅より徒歩で約１１分。２０１６年４月６日新築オープン！,5280,121446.07,469682.86,811-3101,福岡県,古賀市天神4-11-37,092-940-2201,092-940-2202,古賀駅より徒歩約１１分,無料駐車場132台あり　普通車：予約不要 、中型車・大型車：要予約,古賀,https://img.travel.rakuten.co.jp/share/HOTEL/153273/153273.jpg,https://img.travel.rakuten.co.jp/HIMG/90/153273.jpg,,,https://img.travel.rakuten.co.jp/share/HOTEL/153273/153273map.gif,369.0,3.91,"クチコミの詳細はこちらから　https://review.travel.rakuten.co.jp/hotel/vo…　2026-04-18 22:58:49投稿 <a href=""https://img.travel.rakuten.co.jp/image/tr/api/re/gJNfM/?f_hotel_no=153273"" class=""3click"">つづきはこちら</a>",001,【全室禁煙】シングル,6108019.0,スタンダードプラン（朝食サービス）,1,0,0,1,0,1,https://img.travel.rakuten.co.jp/image/tr/api/re/IdsCY/?f_no=153273&f_syu=001&f_hi1=2026-04-22&f_hi2=2026-04-23&f_heya_su=1&f_otona_su=1&f_s1=0&f_s2=0&f_y1=0&f_y2=0&f_y3=0&f_y4=0&f_camp_id=6108019,0,2026-04-22,6380,6380,0,2026-04-22,chikuzen
10761,のがみプレジデントホテル,https://img.travel.rakuten.co.jp/image/tr/api/re/pvonD/?f_no=10761,https://img.travel.rakuten.co.jp/image/tr/api/re/vFumt/?f_no=10761&f_flg=PLAN,https://img.travel.rakuten.co.jp/image/tr/api/re/WzozX/?noTomariHotel=10761,https://img.travel.rakuten.co.jp/image/tr/api/re/gJNfM/?f_hotel_no=10761,のがみ　ぷれじでんとほてる,筑豊地区最大の宴会場を持つシティーホテルです。,6650,121112.07,470494.71,820-0004,福岡県,飯塚市新立岩12-37,0948-22-3840,0948-25-3798,ＪＲ新飯塚駅より徒歩５分。西鉄飯塚バスセンターより徒歩１５分。,ホテル前33台　第二駐車場約150台（徒歩3分）　無料　※先着順となります、ご予約できません,新飯塚,https://img.travel.rakuten.co.jp/share/HOTEL/10761/10761.jpg,https://img.travel.rakuten.co.jp/HIMG/90/10761.jpg,https://img.travel.rakuten.co.jp/share/HOTEL/10761/10761_twn.jpg,https://img.travel.rakuten.co.jp/HIMG/INTERIOR/10761.jpg,https://img.travel.rakuten.co.jp/share/HOTEL/10761/10761map.gif,701.0,4.13,"どなたか責任者の方は、チェックされてるのでしょうか?現状分析されて、改善されるか、サービス相当の値段にするか、やめるかと思いました。…　2026-03-28 22:15:18投稿 <a href=""https://img.travel.rakuten.co.jp/image/tr/api/re/gJNfM/?f_hotel_no=10761"" class=""3click"">つづきはこちら</a>",et,エコノミーツイン（喫煙）,4746356.0,素泊まり限定プラン,1,0,0,0,0,1,https://img.travel.rakuten.co.jp/image/tr/api/re/IdsCY/?f_no=10761&f_syu=et&f_hi1=2026-04-22&f_hi2=2026-04-23&f_heya_su=1&f_otona_su=1&f_s1=0&f_s2=0&f_y1=0&f_y2=0&f_y3=0&f_y4=0&f_camp_id=4746356,0,2026-04-22,11000,11000,0,2026-04-22,chikuzen
108888,ＨＯＴＥＬ　ＡＺ　福岡宗像店,https://img.travel.rakuten.co.jp/image/tr/api/re/pvonD/?f_no=108888,https://img.travel.rakuten.co.jp/image/tr/api/re/vFumt/?f_no=108888&f_flg=PLAN,https://img.travel.rakuten.co.jp/image/tr/api/re/WzozX/?noTomariHotel=108888,https://img.travel.rakuten.co.jp/image/tr/api/re/gJNfM/?f_hotel_no=108888,ほてるえーぜっと　ふくおかむなかたてん,国道３号線沿い。無料平面駐車場完備でマイカー派に便利！館内にはファミレス「Joyfull」。コンビニ徒歩約5分！,5170,121611.63,469980.48,811-3422,福岡県,宗像市王丸503-1,0940-38-3301,0940-38-3302,◆古賀ＩＣ・若宮ＩＣからお車で１５分◆　◆ＪＲ東郷駅日の里口からお車で５分◆　◆天神バスセンターからバスで６０分◆　　,無料駐車場400台（共用）あり　普通車：予約不要 、中型車・大型車：要予約（有料）,東郷,https://img.travel.rakuten.co.jp/share/HOTEL/108888/108888.jpg,https://img.travel.rakuten.co.jp/HIMG/90/108888.jpg,https://img.travel.rakuten.co.jp/share/HOTEL/108888/108888_sin.jpg,https://img.travel.rakuten.co.jp/HIMG/INTERIOR/108888.jpg,https://img.travel.rakuten.co.jp/share/HOTEL/108888/108888map.gif,1013.0,3.99,"禁煙部屋が空いてなく、喫煙部屋に宿泊しましたが、消臭スプレーを貸していただきました。朝食はファミレスのジョイフルを利用するため、種類も多く美味しかったです。夜は…　2026-04-07 07:57:42投稿 <a href=""https://img.travel.rakuten.co.jp/image/tr/api/re/gJNfM/?f_hotel_no=108888"" class=""3click"">つづきはこちら</a>",tn,【禁煙】ツイン,6108555.0,スタンダードプラン（朝食サービス）,1,0,0,1,0,1,https://img.travel.rakuten.co.jp/image/tr/api/re/IdsCY/?f_no=108888&f_syu=tn&f_hi1=2026-04-22&f_hi2=2026-04-23&f_heya_su=1&f_otona_su=1&f_s1=0&f_s2=0&f_y1=0&f_y2=0&f_y3=0&f_y4=0&f_camp_id=6108555,0,2026-04-22,8470,8470,0,2026-04-22,chikuzen
147072,ＨＯＴＥＬ　ＡＺ　福岡直方店,https://img.travel.rakuten.co.jp/image/tr/api/re/pvonD/?f_no=147072,https://img.travel.rakuten.co.jp/image/tr/api/re/vFumt/?f_no=147072&f_flg=PLAN,https://img.travel.rakuten.co.jp/image/tr/api/re/WzozX/?noTomariHotel=147072,https://img.travel.rakuten.co.jp/image/tr/api/re/gJNfM/?f_hotel_no=147072,ほてる　えーぜっと　ふくおかのうがたてん,八幡ICより車で20分。福岡市内へは車で約1時間。北九州市内へは車で約40分。平面駐車場無料☆朝食無料☆,4620,121514.01,470675.82,822-0001,福岡県,直方市感田3593-2,0949-26-4401,0949-26-4402,筑豊電気鉄道　感田駅より徒歩１３分,無料平面駐車場70台あり　普通車：予約不要 、中型車・大型車：要予約（有料）,感田,https://img.travel.rakuten.co.jp/share/HOTEL/147072/147072.jpg,https://img.travel.rakuten.co.jp/HIMG/90/147072.jpg,https://img.travel.rakuten.co.jp/share/HOTEL/147072/147072_kan1.jpg,https://img.travel.rakuten.co.jp/HIMG/INTERIOR/147072.jpg,https://img.travel.rakuten.co.jp/share/HOTEL/147072/147072map.gif,222.0,4.23,"クチコミの詳細はこちらから　https://review.tra…　2026-04-14 17:45:43投稿 <a href=""https://img.travel.rakuten.co.jp/image/tr/api/re/gJNfM/?f_hotel_no=147072"" class=""3click"">つづきはこちら</a>",2sn,【禁煙】2段ベッド,6108525.0,スタンダードプラン（朝食サービス）,1,0,0,1,0,1,https://img.travel.rakuten.co.jp/image/tr/api/re/IdsCY/?f_no=147072&f_syu=2sn&f_hi1=2026-04-22&f_hi2=2026-04-23&f_heya_su=1&f_otona_su=1&f_s1=0&f_s2=0&f_y1=0&f_y2=0&f_y3=0&f_y4=0&f_camp_id=6108525,0,2026-04-22,6380,6380,0,2026-04-22,chikuzen
56656,ホテルルートイン若宮インター,https://img.travel.rakuten.co.jp/image/tr/api/re/pvonD/?f_no=56656,https://img.travel.rakuten.co.jp/image/tr/api/re/vFumt/?f_no=56656&f_flg=PLAN,https://img.travel.rakuten.co.jp/image/tr/api/re/WzozX/?noTomariHotel=56656,https://img.travel.rakuten.co.jp/image/tr/api/re/gJNfM/?f_hotel_no=56656,ほてるるーといんわかみやいんたー,ＷＯＷＯＷ全室無料！◆大浴場有◆朝食無料◆夕食レストラン（日祝定休日有）◆wi-fi全室完備◆駐車場無料,5500,121470.63,470206.88,822-0152,福岡県,宮若市沼口234-1,0949-52-0023,0949-52-0062,ＪＲ鹿児島本線　赤間駅より車で２０分  *高速利用 　博多駅から37㎞　30分　小倉駅から　38km　35分,有り　123台　無料　先着順,赤間,https://img.travel.rakuten.co.jp/share/HOTEL/56656/56656.jpg,https://img.travel.rakuten.co.jp/HIMG/90/56656.jpg,https://img.travel.rakuten.co.jp/share/HOTEL/56656/56656_ky.jpg,https://img.travel.rakuten.co.jp/HIMG/INTERIOR/56656.jpg,https://img.travel.rakuten.co.jp/share/HOTEL/56656/56656map.gif,735.0,3.78,"クチコミの詳細はこちらから　https://review.trav…　2026-04-10 18:42:34投稿 <a href=""https://img.travel.rakuten.co.jp/image/tr/api/re/gJNfM/?f_hotel_no=56656"" class=""3click"">つづきはこちら</a>",sb,【喫煙】シングルルーム ベット幅140　ナノイー備え付け！,5789190.0,【室数限定】20時以降チェックインお得プラン■朝食■大浴場■WOWOW■空気清浄機■駐車場■,1,0,0,0,0,1,https://img.travel.rakuten.co.jp/image/tr/api/re/IdsCY/?f_no=56656&f_syu=sb&f_hi1=2026-04-22&f_hi2=2026-04-23&f_heya_su=1&f_otona_su=1&f_s1=0&f_s2=0&f_y1=0&f_y2=0&f_y3=0&f_y4=0&f_camp_id=5789190,0,2026-04-22,8600,8600,0,2026-04-22,chikuzen
75193,ルートイングランティア福岡宮若－脇田温泉－,https://img.travel.rakuten.co.jp/image/tr/api/re/pvonD/?f_no=75193,https://img.travel.rakuten.co.jp/image/tr/api/re/vFumt/?f_no=75193&f_flg=PLAN,https://img.travel.rakuten.co.jp/image/tr/api/re/WzozX/?noTomariHotel=75193,https://img.travel.rakuten.co.jp/image/tr/api/re/gJNfM/?f_hotel_no=75193,るーといんぐらんてぃあふくおかみやわか　わきたおんせん　,2020年7月1日（水）新館OPEN！本館一部リニューアル＆キッズコーナーOPEN！■脇田温泉源泉掛流し,8800,121294.7,470114.94,822-0133,福岡県,宮若市脇田778-1,050-1726-2239,0949-54-0514,ＪＲ赤間駅よりお車で２５分◆博多駅バスセンターよりＪＲ九州バスで１時間＆徒歩１５分◆博多駅よりお車で４５分（無料駐車場）,有り　２００台　無料　予約不要　,赤間,https://img.travel.rakuten.co.jp/share/HOTEL/75193/75193.jpg,https://img.travel.rakuten.co.jp/HIMG/90/75193.jpg,https://img.travel.rakuten.co.jp/share/HOTEL/75193/75193_twi.jpg,https://img.travel.rakuten.co.jp/HIMG/INTERIOR/75193.jpg,https://img.travel.rakuten.co.jp/share/HOTEL/75193/75193map.gif,330.0,4.18,"クチコミの詳細はこちらから　https://review.t…　2026-04-18 19:43:12投稿 <a href=""https://img.travel.rakuten.co.jp/image/tr/api/re/gJNfM/?f_hotel_no=75193"" class=""3click"">つづきはこちら</a>",nct,【新館ツイン（禁煙）】,4774118.0,【素泊まり】シンプルステイプラン〜天然温泉大浴場あり・駐車場無料〜,1,0,0,0,0,1,https://img.travel.rakuten.co.jp/image/tr/api/re/IdsCY/?f_no=75193&f_syu=nct&f_hi1=2026-04-22&f_hi2=2026-04-23&f_heya_su=1&f_otona_su=1&f_s1=0&f_s2=0&f_y1=0&f_y2=0&f_y3=0&f_y4=0&f_camp_id=4774118,0,2026-04-22,9350,9350,0,2026-04-22,chikuzen
151387,ＨＯＴＥＬ　ＡＺ　福岡香春店,https://img.travel.rakuten.co.jp/image/tr/api/re/pvonD/?f_no=151387,https://img.travel.rakuten.co.jp/image/tr/api/re/vFumt/?f_no=151387&f_flg=PLAN,https://img.travel.rakuten.co.jp/image/tr/api/re/WzozX/?noTomariHotel=151387,https://img.travel.rakuten.co.jp/image/tr/api/re/gJNfM/?f_hotel_no=151387,ほてる　えーぜっと　ふくおかかわらてん,ＪＲ日田彦山線香春駅より車で約5分。みやこ豊津ICから車で約20分。,4620,121176.09,470997.47,822-1406,福岡県,田川郡香春町大字香春1052-1,0947-32-7771,0947-32-7773,ＪＲ　日田彦山線　香春駅より車にて約5分,無料駐車場91台あり　※車長8ｍ以上の駐車は有料・要予約,香春,https://img.travel.rakuten.co.jp/share/HOTEL/151387/151387.jpg,https://img.travel.rakuten.co.jp/HIMG/90/151387.jpg,,,https://img.travel.rakuten.co.jp/share/HOTEL/151387/151387map.gif,102.0,3.85,"夜のバイクの音…　2025-11-24 09:52:57投稿 <a href=""https://img.travel.rakuten.co.jp/image/tr/api/re/gJNfM/?f_hotel_no=151387"" class=""3click"">つづきはこちら</a>",sns1,【禁煙】シングル,6107502.0,スタンダードプラン（朝食サービス）,1,0,0,1,0,1,https://img.travel.rakuten.co.jp/image/tr/api/re/IdsCY/?f_no=151387&f_syu=sns1&f_hi1=2026-04-22&f_hi2=2026-04-23&f_heya_su=1&f_otona_su=1&f_s1=0&f_s2=0&f_y1=0&f_y2=0&f_y3=0&f_y4=0&f_camp_id=6107502,0,2026-04-22,6380,6380,0,2026-04-22,chikuzen
67409,ビジネスホテル　ロイヤルイン扇,https://img.travel.rakuten.co.jp/image/tr/api/re/pvonD/?f_no=67409,https://img.travel.rakuten.co.jp/image/tr/api/re/vFumt/?f_no=67409&f_flg=PLAN,https://img.travel.rakuten.co.jp/image/tr/api/re/WzozX/?noTomariHotel=67409,https://img.travel.rakuten.co.jp/image/tr/api/re/gJNfM/?f_hotel_no=67409,ろいやるいんおおぎ,ゆったりスペースの２５部屋、心休まるくつろぎの空間をご用意してお迎え致します。,5280,121107.87,470943.85,825-0018,福岡県,田川市番田町7-3,0947-46-0737,0947-45-2515,ＪＲ　田川伊田駅から徒歩５分,有り　１４台　無料　要予約,田川伊田,https://img.travel.rakuten.co.jp/share/HOTEL/67409/67409.jpg,https://img.travel.rakuten.co.jp/HIMG/90/67409.jpg,https://img.travel.rakuten.co.jp/share/HOTEL/67409/67409_si.jpg,https://img.travel.rakuten.co.jp/HIMG/INTERIOR/67409.jpg,https://img.travel.rakuten.co.jp/share/HOTEL/67409/67409map.gif,120.0,3.78,,royalinn09,心休まるくつろぎのシングルルームをご用意。,,,1,0,0,0,0,1,https://img.travel.rakuten.co.jp/image/tr/api/re/IdsCY/?f_no=67409&f_syu=royalinn09&f_hi1=2026-04-22&f_hi2=2026-04-23&f_heya_su=1&f_otona_su=1&f_s1=0&f_s2=0&f_y1=0&f_y2=0&f_y3=0&f_y4=0,1,2026-04-22,5280,5280,0,2026-04-22,chikuzen
80574,博多グリーンホテルアネックス,https://img.travel.rakuten.co.jp/image/tr/api/re/pvonD/?f_no=80574,https://img.travel.rakuten.co.jp/image/tr/api/re/vFumt/?f_no=80574&f_flg=PLAN,https://img.travel.rakuten.co.jp/image/tr/api/re/WzozX/?noTomariHotel=80574,https://img.travel.rakuten.co.jp/image/tr/api/re/gJNfM/?f_hotel_no=80574,はかたぐりーんほてるあねっくす,博多駅徒歩1分でアクセス抜群！１３時イン・１２時アウトのゆったり滞在。◇個別空調◇シモンズベッド◇直営コンビニ１Ｆ有,7250,120916.94,469527.77,812-0012,福岡県,福岡市博多区博多駅中央街4-32,092-451-4112,092-451-4177,【最短アクセス】福岡空港～地下鉄５分。JR博多駅筑紫口（新幹線口）～徒歩１分！,"1泊／2,500円　先着・予約不可(満車・サイズによる入庫不可は有料駐車場へ案内　※途中入出庫不可)",博多,https://img.travel.rakuten.co.jp/share/HOTEL/80574/80574.jpg,https://img.travel.rakuten.co.jp/HIMG/90/80574.jpg,https://img.travel.rakuten.co.jp/share/HOTEL/80574/80574_room.jpg,https://img.travel.rakuten.co.jp/HIMG/INTERIOR/80574.jpg,https://img.travel.rakuten.co.jp/share/HOTEL/80574/80574map.gif,2478.0,4.29,"クチコミの詳細はこちらから　https://review.travel.rakuten.co.jp/hotel/voice/80574?reviewI…　2026-04-11 16:55:39投稿 <a href=""https://img.travel.rakuten.co.jp/image/tr/api/re/gJNfM/?f_hotel_no=80574"" class=""3click"">つづきはこちら</a>",sk,禁煙シングルルーム,3336116.0,【素泊まり】13時イン12時アウト シングルプラン,1,0,0,0,0,1,https://img.travel.rakuten.co.jp/image/tr/api/re/IdsCY/?f_no=80574&f_syu=sk&f_hi1=2026-04-22&f_hi2=2026-04-23&f_heya_su=1&f_otona_su=1&f_s1=0&f_s2=0&f_y1=0&f_y2=0&f_y3=0&f_y4=0&f_camp_id=3336116,0,2026-04-22,26000,26000,0,2026-04-22,fukuoka
2325,ホテル日航福岡,https://img.travel.rakuten.co.jp/image/tr/api/re/pvonD/?f_no=2325,https://img.travel.rakuten.co.jp/image/tr/api/re/vFumt/?f_no=2325&f_flg=PLAN,https://img.travel.rakuten.co.jp/image/tr/api/re/WzozX/?noTomariHotel=2325,https://img.travel.rakuten.co.jp/image/tr/api/re/gJNfM/?f_hotel_no=2325,にっこうふくおか,ホテル本館6階フィットネスクラブが改装工事の為2025年4月1日から2026年3月31日まで営業休止となります。,12000,120917.58,469510.07,812-0011,福岡県,福岡市博多区博多駅前2-18-25　,092-482-1111,092-482-1127,ＪＲ博多シティ(博多駅)から徒歩3分/福岡空港から地下鉄2駅(所要時間5分)※地下道で直結・P5番出口,ホテル地下駐車場◇117台◇1泊1500円(※2026年4月1日より1泊2000円に改定),博多,https://img.travel.rakuten.co.jp/share/HOTEL/2325/2325.jpg,https://img.travel.rakuten.co.jp/HIMG/90/2325.jpg,https://img.travel.rakuten.co.jp/share/HOTEL/2325/2325_kya.jpg,https://img.travel.rakuten.co.jp/HIMG/INTERIOR/2325.jpg,https://img.travel.rakuten.co.jp/share/HOTEL/2325/2325map.gif,3697.0,4.46,"クチコミの詳細はこちらから　https://review.travel.rakuten.co…　2026-04-12 09:27:19投稿 <a href=""https://img.travel.rakuten.co.jp/image/tr/api/re/gJNfM/?f_hotel_no=2325"" class=""3click"">つづきはこちら</a>",t1n,【禁煙】 ツイン・スーペリア（29.5平米）,6124205.0,【SAVER】　観光におすすめ！シンプルステイ〜ＪＲ博多駅徒歩3分でアクセス抜群♪,1,0,0,0,0,1,https://img.travel.rakuten.co.jp/image/tr/api/re/IdsCY/?f_no=2325&f_syu=t1n&f_hi1=2026-04-22&f_hi2=2026-04-23&f_heya_su=1&f_otona_su=1&f_s1=0&f_s2=0&f_y1=0&f_y2=0&f_y3=0&f_y4=0&f_camp_id=6124205,0,2026-04-22,42500,42500,0,2026-04-22,fukuoka
178967,ホテルフロント・イン福岡空港,https://img.travel.rakuten.co.jp/image/tr/api/re/pvonD/?f_no=178967,https://img.travel.rakuten.co.jp/image/tr/api/re/vFumt/?f_no=178967&f_flg=PLAN,https://img.travel.rakuten.co.jp/image/tr/api/re/WzozX/?noTomariHotel=178967,https://img.travel.rakuten.co.jp/image/tr/api/re/gJNfM/?f_hotel_no=178967,ふろんといんふくおかくうこう,福岡空港や博多の森陸上競技場に隣接しビジネス・観光・イベントの拠点に最適なホテルです。博多・中洲・天神へのアクセスも抜群,7040,120956.0,469638.78,811‐2205,福岡県,糟屋郡志免町別府2-18-1,092-624-6688,092-624-6677,地下鉄　福岡空港駅より徒歩にて約12分,有り　32台　1泊１区画800円（※2tロング以上は１区画1600円）　要予約,福岡空港,https://img.travel.rakuten.co.jp/share/HOTEL/178967/178967.jpg,https://img.travel.rakuten.co.jp/HIMG/90/178967.jpg,,,https://img.travel.rakuten.co.jp/share/HOTEL/178967/178967map.gif,612.0,4.09,"クチコミの詳細はこちらから　https://review.travel.rakuten.co.jp…　2026-04-18 14:17:55投稿 <a href=""https://img.travel.rakuten.co.jp/image/tr/api/re/gJNfM/?f_hotel_no=178967"" class=""3click"">つづきはこちら</a>",triple3,トリプルルーム,4844493.0,【九州・中国地方の方限定】シェフ厳選　一押し和洋食ビュッフェ付きプラン,1,0,0,1,0,1,https://img.travel.rakuten.co.jp/image/tr/api/re/IdsCY/?f_no=178967&f_syu=triple3&f_hi1=2026-04-22&f_hi2=2026-04-23&f_heya_su=1&f_otona_su=1&f_s1=0&f_s2=0&f_y1=0&f_y2=0&f_y3=0&f_y4=0&f_camp_id=4844493,0,2026-04-22,28000,28000,0,2026-04-22,fukuoka
153161,ホテルニューガイア上呉服,https://img.travel.rakuten.co.jp/image/tr/api/re/pvonD/?f_no=153161,https://img.travel.rakuten.co.jp/image/tr/api/re/vFumt/?f_no=153161&f_flg=PLAN,https://img.travel.rakuten.co.jp/image/tr/api/re/WzozX/?noTomariHotel=153161,https://img.travel.rakuten.co.jp/image/tr/api/re/gJNfM/?f_hotel_no=153161,にゅーがいあかみごふく,全客室エアウィーヴ採用！マリンメッセ福岡へ徒歩で一直線♪【シングルルームは全室ダブルベッド】【全室エアコン個別空調】,4800,120946.79,469490.1,812-0036,福岡県,福岡市博多区上呉服町14-25,092-273-2911,092-273-2920,地下鉄箱崎線　呉服町駅より徒歩にて約３分,"1泊1,500円(先着順･予約不可) ※2台",呉服町（福岡）,https://img.travel.rakuten.co.jp/share/HOTEL/153161/153161.jpg,https://img.travel.rakuten.co.jp/HIMG/90/153161.jpg,,,https://img.travel.rakuten.co.jp/share/HOTEL/153161/153161map.gif,483.0,4.13,,rjstw,【禁煙】リニューアルスーペリアツイン庵,5213087.0,地元で人気！「とり皮 お市」コラボ企画【串盛りサービス券付き】宿泊プラン,1,0,0,0,0,1,https://img.travel.rakuten.co.jp/image/tr/api/re/IdsCY/?f_no=153161&f_syu=rjstw&f_hi1=2026-04-22&f_hi2=2026-04-23&f_heya_su=1&f_otona_su=1&f_s1=0&f_s2=0&f_y1=0&f_y2=0&f_y3=0&f_y4=0&f_camp_id=5213087,0,2026-04-22,38900,38900,0,2026-04-22,fukuoka
5012,天然温泉　八百治の湯　八百治博多ホテル,https://img.travel.rakuten.co.jp/image/tr/api/re/pvonD/?f_no=5012,https://img.travel.rakuten.co.jp/image/tr/api/re/vFumt/?f_no=5012&f_flg=PLAN,https://img.travel.rakuten.co.jp/image/tr/api/re/WzozX/?noTomariHotel=5012,https://img.travel.rakuten.co.jp/image/tr/api/re/gJNfM/?f_hotel_no=5012,てんねんおんせん　やおじのゆ　やおじはかたほてる,博多駅徒歩5分♪　★2019年7月天然温泉大浴場リニューアル★Wi-Fi無料＆加湿機能付空気清浄機完備♪,6450,120897.28,469511.51,812-0011,福岡県,福岡市博多区博多駅前4-9-2,092-483-5111,092-483-5123,博多駅博多口より徒歩５分（福岡空港から博多駅まで地下鉄で５分。）,"契約駐車場　1,500円（税込）/14時〜翌日14時",博多,https://img.travel.rakuten.co.jp/share/HOTEL/5012/5012.jpg,https://img.travel.rakuten.co.jp/HIMG/90/5012.jpg,https://img.travel.rakuten.co.jp/share/HOTEL/5012/5012_sgl.jpg,https://img.travel.rakuten.co.jp/HIMG/INTERIOR/5012.jpg,https://img.travel.rakuten.co.jp/share/HOTEL/5012/5012map.gif,4434.0,4.18,"博多駅から徒歩圏内にホテルがあり、近くにはコンビニやファストフード店もあり便利な立地です。私はスマホ案内を利用しましたが、なぜかホテルの入り口がわからず迷っ…　2026-04-14 19:09:01投稿 <a href=""https://img.travel.rakuten.co.jp/image/tr/api/re/gJNfM/?f_hotel_no=5012"" class=""3click"">つづきはこちら</a>",asns,シングル○禁煙ベッド幅１２０cm（１ベッド）,4432977.0,【特定日限定】☆特割プラン☆,1,0,0,0,0,1,https://img.travel.rakuten.co.jp/image/tr/api/re/IdsCY/?f_no=5012&f_syu=asns&f_hi1=2026-04-22&f_hi2=2026-04-23&f_heya_su=1&f_otona_su=1&f_s1=0&f_s2=0&f_y1=0&f_y2=0&f_y3=0&f_y4=0&f_camp_id=4432977,0,2026-04-22,19900,19900,0,2026-04-22,fukuoka
9686,アイビーホテル筑紫野,https://img.travel.rakuten.co.jp/image/tr/api/re/pvonD/?f_no=9686,https://img.travel.rakuten.co.jp/image/tr/api/re/vFumt/?f_no=9686&f_flg=PLAN,https://img.travel.rakuten.co.jp/image/tr/api/re/WzozX/?noTomariHotel=9686,https://img.travel.rakuten.co.jp/image/tr/api/re/gJNfM/?f_hotel_no=9686,あいびーほてる　つくしの,二日市温泉源泉かけ流し大浴場完備。出張や観光にご利用ください ！,4375,120558.05,469862.35,818-0058,福岡県,筑紫野市湯町1-14-3,092-920-2130,092-922-2490,ＪＲ二日市駅西口より徒歩約6分。西鉄二日市駅より車で約10分。高速筑紫野バス停より徒歩約5分。駐車場無料,有り　３０台　他、近隣1カ所徒歩約5分２０台,二日市,https://img.travel.rakuten.co.jp/share/HOTEL/9686/9686.jpg,https://img.travel.rakuten.co.jp/HIMG/90/9686.jpg,https://img.travel.rakuten.co.jp/share/HOTEL/9686/9686_sgl.jpg,https://img.travel.rakuten.co.jp/HIMG/INTERIOR/9686.jpg,https://img.travel.rakuten.co.jp/share/HOTEL/9686/9686map.gif,699.0,3.96,"騒音が無ければ星5個で…　2026-04-10 00:20:35投稿 <a href=""https://img.travel.rakuten.co.jp/image/tr/api/re/gJNfM/?f_hotel_no=9686"" class=""3click"">つづきはこちら</a>",j,温泉付き和洋室（禁煙室）,5759954.0,【お日にち限定】☆ラッキープラン☆温泉付き和洋室（食事なし）★到着時間の連絡不要★,1,0,0,0,0,1,https://img.travel.rakuten.co.jp/image/tr/api/re/IdsCY/?f_no=9686&f_syu=j&f_hi1=2026-04-22&f_hi2=2026-04-23&f_heya_su=1&f_otona_su=1&f_s1=0&f_s2=0&f_y1=0&f_y2=0&f_y3=0&f_y4=0&f_camp_id=5759954,0,2026-04-22,17500,17500,0,2026-04-22,fukuoka
572,グランドハイアット福岡,https://img.travel.rakuten.co.jp/image/tr/api/re/pvonD/?f_no=572,https://img.travel.rakuten.co.jp/image/tr/api/re/vFumt/?f_no=572&f_flg=PLAN,https://img.travel.rakuten.co.jp/image/tr/api/re/WzozX/?noTomariHotel=572,https://img.travel.rakuten.co.jp/image/tr/api/re/gJNfM/?f_hotel_no=572,ぐらんどはいあっとふくおか,キャナルシティ内に位置する、ハイアット最上級ブランドホテル,15180,120910.57,469485.97,812-0018,福岡県,福岡市博多区住吉1-2-82　,092-282-1234,092-282-2817,博多駅から徒歩約10分、天神駅から徒歩約15分。福岡市地下鉄　七隈線「櫛田神社前駅」西改札口を出て2番出口より徒歩3分,"1300台 1泊1,980円（税込） （14:00から翌14:00）",中洲川端,https://img.travel.rakuten.co.jp/share/HOTEL/572/572.jpg,https://img.travel.rakuten.co.jp/HIMG/90/572.jpg,https://img.travel.rakuten.co.jp/share/HOTEL/572/572_a.jpg,https://img.travel.rakuten.co.jp/HIMG/INTERIOR/572.jpg,https://img.travel.rakuten.co.jp/share/HOTEL/572/572map.gif,951.0,4.17,,qgns,【禁煙】クイーン1台（27平米）,2989694.0,【基本プラン】デイリーレート,1,0,0,0,0,1,https://img.travel.rakuten.co.jp/image/tr/api/re/IdsCY/?f_no=572&f_syu=qgns&f_hi1=2026-04-22&f_hi2=2026-04-23&f_heya_su=1&f_otona_su=1&f_s1=0&f_s2=0&f_y1=0&f_y2=0&f_y3=0&f_y4=0&f_camp_id=2989694,0,2026-04-22,65780,65780,0,2026-04-22,fukuoka
166975,東急ステイ博多,https://img.travel.rakuten.co.jp/image/tr/api/re/pvonD/?f_no=166975,https://img.travel.rakuten.co.jp/image/tr/api/re/vFumt/?f_no=166975&f_flg=PLAN,https://img.travel.rakuten.co.jp/image/tr/api/re/WzozX/?noTomariHotel=166975,https://img.travel.rakuten.co.jp/image/tr/api/re/gJNfM/?f_hotel_no=166975,とうきゅうすていはかた,全室に洗濯乾燥機・電子レンジ完備！連泊・中長期の滞在に便利♪♪,4400,120895.8,469524.24,812-0016,福岡県,福岡市博多区博多駅南1-11-11,092-431-1091,092-431-1092,福岡市地下鉄空港線博多駅　東5番出口より徒歩7分　/　JR博多駅　筑紫口より徒歩8分,無し。近隣のコインパーキングをご利用ください（提携駐車場はございません）。,博多,https://img.travel.rakuten.co.jp/share/HOTEL/166975/166975.jpg,https://img.travel.rakuten.co.jp/HIMG/90/166975.jpg,,,https://img.travel.rakuten.co.jp/share/HOTEL/166975/166975map.gif,983.0,4.34,"シャンプー・コンディショナー、シャワーヘッドやドライヤー、アイロンの貸し出しまで全てReFaを使わせていただけて。ずっと気になっていた製品を使うことができたと、娘が…　2026-04-16 22:30:25投稿 <a href=""https://img.travel.rakuten.co.jp/image/tr/api/re/gJNfM/?f_hotel_no=166975"" class=""3click"">つづきはこちら</a>",residen_tw,レジデンシャルツイン【禁煙】24平米／洗濯機・ミニキッチン付,5415022.0,【スタンダードプラン】ビジネス＆観光の拠点に！洗濯乾燥機＆電子レンジ完備【1名】（素泊）,1,0,0,0,0,1,https://img.travel.rakuten.co.jp/image/tr/api/re/IdsCY/?f_no=166975&f_syu=residen_tw&f_hi1=2026-04-22&f_hi2=2026-04-23&f_heya_su=1&f_otona_su=1&f_s1=0&f_s2=0&f_y1=0&f_y2=0&f_y3=0&f_y4=0&f_camp_id=5415022,0,2026-04-22,34600,34600,0,2026-04-22,fukuoka
172876,ＴＨＥ　ＢＬＯＳＳＯＭ　ＨＡＫＡＴＡ　Ｐｒｅｍｉｅｒ（ザ　ブラッサム博多プレミア）,https://img.travel.rakuten.co.jp/image/tr/api/re/pvonD/?f_no=172876,https://img.travel.rakuten.co.jp/image/tr/api/re/vFumt/?f_no=172876&f_flg=PLAN,https://img.travel.rakuten.co.jp/image/tr/api/re/WzozX/?noTomariHotel=172876,https://img.travel.rakuten.co.jp/image/tr/api/re/gJNfM/?f_hotel_no=172876,ざ　ぶらっさむ　はかた　ぷれみあ,～博多の粋、最高のおもてなし～この街に、脈々と受け継がれる美意識を極めたホテル,12510,120912.84,469498.88,812-0011,福岡県,福岡市博多区博多駅前2丁目8番12号,092-431-8702,092-431-8712,JR博多駅「博多口」より徒歩7分、福岡市地下鉄櫛田神社駅より徒歩5分、「キャナルシティー博多」より徒歩2分,ご宿泊者専用駐車場がございます(先着順・予約不可)  詳細は公式ホームページをご確認ください,博多,https://img.travel.rakuten.co.jp/share/HOTEL/172876/172876.jpg,https://img.travel.rakuten.co.jp/HIMG/90/172876.jpg,https://img.travel.rakuten.co.jp/share/HOTEL/172876/172876_kan1.jpg,https://img.travel.rakuten.co.jp/HIMG/INTERIOR/172876.jpg,https://img.travel.rakuten.co.jp/share/HOTEL/172876/172876map.gif,371.0,4.48,"クチコミの詳細はこちらから　https://review.travel.rakuten.co.jp/hotel/voice/1728…　2026-04-02 18:10:55投稿 <a href=""https://img.travel.rakuten.co.jp/image/tr/api/re/gJNfM/?f_hotel_no=172876"" class=""3click"">つづきはこちら</a>",20ntdh1,＜禁煙＞コンフォートデラックスツイン-和（NAGOMI）1名,5810605.0,【スタンダード】ご宿泊直前までご予約可能！1・2階には人気飲食店が7店舗(食事なし),1,0,0,0,0,1,https://img.travel.rakuten.co.jp/image/tr/api/re/IdsCY/?f_no=172876&f_syu=20ntdh1&f_hi1=2026-04-22&f_hi2=2026-04-23&f_heya_su=1&f_otona_su=1&f_s1=0&f_s2=0&f_y1=0&f_y2=0&f_y3=0&f_y4=0&f_camp_id=5810605,0,2026-04-22,42000,42000,0,2026-04-22,fukuoka
67260,ＴＨＥ　ＬＵＩＧＡＮＳ　Ｓｐａ＆Ｒｅｓｏｒｔ(ザ・ルイガンズ.　スパ＆リゾート),https://img.travel.rakuten.co.jp/image/tr/api/re/pvonD/?f_no=67260,https://img.travel.rakuten.co.jp/image/tr/api/re/vFumt/?f_no=67260&f_flg=PLAN,https://img.travel.rakuten.co.jp/image/tr/api/re/WzozX/?noTomariHotel=67260,https://img.travel.rakuten.co.jp/image/tr/api/re/gJNfM/?f_hotel_no=67260,ざ・るいがんず,【福岡で近場リゾート】博多中心部から車で20分！福岡でありながら海外を感じるリゾートホテル！大浴場＆無料バスあり,4950,121174.54,469318.49,811-0321,福岡県,福岡市東区西戸崎18-25,092-603-2525,092-603-2828,博多から車で最短約20分、無料送迎バス、無料駐車場、福岡空港まで最短約30分。JR香椎線「海ノ中道」より徒歩約6分,屋外駐車場有　１００台／宿泊者は無料／予約不要,海ノ中道,https://img.travel.rakuten.co.jp/share/HOTEL/67260/67260.jpg,https://img.travel.rakuten.co.jp/HIMG/90/67260.jpg,https://img.travel.rakuten.co.jp/share/HOTEL/67260/67260_k.jpg,https://img.travel.rakuten.co.jp/HIMG/INTERIOR/67260.jpg,https://img.travel.rakuten.co.jp/share/HOTEL/67260/67260map.gif,2044.0,4.32,"母の退職祝いで来ました。ロケーションも最高、ホテルのスタッフさんの配慮の行き届いた接客もとても良かったです。アメニティの質も良いです。特に歯ブラシが柔らかくて良かったです。…　2026-04-19 21:04:39投稿 <a href=""https://img.travel.rakuten.co.jp/image/tr/api/re/gJNfM/?f_hotel_no=67260"" class=""3click"">つづきはこちら</a>",lt,ルイガンズツイン（6-7階・禁煙）33平米 ミニバー付,4828432.0,【プレミアムプラン】ルイガンズおすすめリゾート朝食がお得に,1,0,0,1,0,1,https://img.travel.rakuten.co.jp/image/tr/api/re/IdsCY/?f_no=67260&f_syu=lt&f_hi1=2026-04-22&f_hi2=2026-04-23&f_heya_su=1&f_otona_su=1&f_s1=0&f_s2=0&f_y1=0&f_y2=0&f_y3=0&f_y4=0&f_camp_id=4828432,0,2026-04-22,21890,21890,0,2026-04-22,fukuoka
345,ＡＮＡクラウンプラザホテル福岡　ｂｙ　ＩＨＧ,https://img.travel.rakuten.co.jp/image/tr/api/re/pvonD/?f_no=345,https://img.travel.rakuten.co.jp/image/tr/api/re/vFumt/?f_no=345&f_flg=PLAN,https://img.travel.rakuten.co.jp/image/tr/api/re/WzozX/?noTomariHotel=345,https://img.travel.rakuten.co.jp/image/tr/api/re/gJNfM/?f_hotel_no=345,えーえぬえー　クラウンプラザホテルフクオカ,福岡でのビジネス、観光の拠点として、安心で快適なラグジュアリー空間をご提供し、博多のコトを最もよく知るホテルのひとつです,10450,120902.68,469512.25,812-0011,福岡県,福岡市博多区博多駅前3-3-3,092-471-7111,092-471-1109,■ＪＲ博多駅【博多口】より徒歩約5分　■福岡空港国内線ターミナルより車で約15分,"地下に屋内駐車場あり（98台）　1泊1,600円（高さ制限2M・先着順・ 24時間入出庫可）",博多,https://img.travel.rakuten.co.jp/share/HOTEL/345/345.jpg,https://img.travel.rakuten.co.jp/HIMG/90/345.jpg,https://img.travel.rakuten.co.jp/share/HOTEL/345/345_room.jpg,https://img.travel.rakuten.co.jp/HIMG/INTERIOR/345.jpg,https://img.travel.rakuten.co.jp/share/HOTEL/345/345map.gif,2358.0,4.37,"設備をリニューアルするか、リニューアルしないのなら高級客に対してサー…　2026-04-21 19:30:51投稿 <a href=""https://img.travel.rakuten.co.jp/image/tr/api/re/gJNfM/?f_hotel_no=345"" class=""3click"">つづきはこちら</a>",osin,スタンダードシングルルーム【禁煙】15平米,976530.0,◆Daily Price◆日にち変動型の基本プラン　〜素泊まり〜　JR博多駅博多口より徒歩約5分,1,0,0,0,0,1,https://img.travel.rakuten.co.jp/image/tr/api/re/IdsCY/?f_no=345&f_syu=osin&f_hi1=2026-04-22&f_hi2=2026-04-23&f_heya_su=1&f_otona_su=1&f_s1=0&f_s2=0&f_y1=0&f_y2=0&f_y3=0&f_y4=0&f_camp_id=976530,0,2026-04-22,36000,36000,0,2026-04-22,fukuoka
140977,ＪＲ九州ホテル　ブラッサム博多中央,https://img.travel.rakuten.co.jp/image/tr/api/re/pvonD/?f_no=140977,https://img.travel.rakuten.co.jp/image/tr/api/re/vFumt/?f_no=140977&f_flg=PLAN,https://img.travel.rakuten.co.jp/image/tr/api/re/WzozX/?noTomariHotel=140977,https://img.travel.rakuten.co.jp/image/tr/api/re/gJNfM/?f_hotel_no=140977,じぇいあーるきゅうしゅうほてるぶらっさむはかたちゅうおう,ＪＲ博多駅博多口から一番近いホテル♪12歳まで添い寝無料！,8640,120911.77,469513.38,812-0011,福岡県,福岡市博多区博多駅前2-2-11,092-477-8739,092-477-8789,JR博多駅博多口より徒歩２分,提携駐車場　２０００円／１７時間。17時間を超える場合、200円／20分。,博多,https://img.travel.rakuten.co.jp/share/HOTEL/140977/140977.jpg,https://img.travel.rakuten.co.jp/HIMG/90/140977.jpg,https://img.travel.rakuten.co.jp/share/HOTEL/140977/140977_kya.jpg,https://img.travel.rakuten.co.jp/HIMG/INTERIOR/140977.jpg,https://img.travel.rakuten.co.jp/share/HOTEL/140977/140977map.gif,1381.0,4.1,"外国人の夫、13歳の息子と3人で泊まりました。JR博多駅からも近く、近所にコンビニや食事をするお店もあり、利便性の良い場所です。チェックイン前につきました…　2026-04-20 12:52:24投稿 <a href=""https://img.travel.rakuten.co.jp/image/tr/api/re/gJNfM/?f_hotel_no=140977"" class=""3click"">つづきはこちら</a>",ntd1,◇禁煙◇デラックスツイン 1名,5810924.0,【スタンダード】博多駅博多口から徒歩2分！女性でも安心なセキュリティ（食事なし）,1,0,0,0,0,1,https://img.travel.rakuten.co.jp/image/tr/api/re/IdsCY/?f_no=140977&f_syu=ntd1&f_hi1=2026-04-22&f_hi2=2026-04-23&f_heya_su=1&f_otona_su=1&f_s1=0&f_s2=0&f_y1=0&f_y2=0&f_y3=0&f_y4=0&f_camp_id=5810924,0,2026-04-22,33600,33600,0,2026-04-22,fukuoka
75246,太宰府天然温泉ルートイングランティア太宰府,https://img.travel.rakuten.co.jp/image/tr/api/re/pvonD/?f_no=75246,https://img.travel.rakuten.co.jp/image/tr/api/re/vFumt/?f_no=75246&f_flg=PLAN,https://img.travel.rakuten.co.jp/image/tr/api/re/WzozX/?noTomariHotel=75246,https://img.travel.rakuten.co.jp/image/tr/api/re/gJNfM/?f_hotel_no=75246,だざいふてんねんおんせん　るーといん　ぐらんてぃあ　だざいふ,太宰府天満宮近く！和室あり、温泉あり、岩盤浴あり、漫画コーナーも！料理長こだわりの夕食も！大型駐車場もあり！,6600,120676.98,469904.91,818-0119,福岡県,太宰府市連歌屋3-8-1,050-5576-7903,092-921-4800,西鉄太宰府駅から車で約3分◆福岡空港から車で約30分◆JR二日市駅より車で約12分◆西鉄太宰府駅から無料シャトルバス運行,有り　113台　無料　※立体駐車場34台（ハイルーフ10台）　予約不要,太宰府,https://img.travel.rakuten.co.jp/share/HOTEL/75246/75246.jpg,https://img.travel.rakuten.co.jp/HIMG/90/75246.jpg,,,https://img.travel.rakuten.co.jp/share/HOTEL/75246/75246map.gif,1050.0,3.86,"ク…　2026-04-18 12:29:33投稿 <a href=""https://img.travel.rakuten.co.jp/image/tr/api/re/gJNfM/?f_hotel_no=75246"" class=""3click"">つづきはこちら</a>",ta,[新館]喫煙ツイン★（BD110×196cm）,4585442.0,【天然温泉】◆素泊まりプラン◆,1,0,0,0,0,1,https://img.travel.rakuten.co.jp/image/tr/api/re/IdsCY/?f_no=75246&f_syu=ta&f_hi1=2026-04-22&f_hi2=2026-04-23&f_heya_su=1&f_otona_su=1&f_s1=0&f_s2=0&f_y1=0&f_y2=0&f_y3=0&f_y4=0&f_camp_id=4585442,0,2026-04-22,14950,14950,0,2026-04-22,fukuoka
182516,ホテルジャパネスク福岡,https://img.travel.rakuten.co.jp/image/tr/api/re/pvonD/?f_no=182516,https://img.travel.rakuten.co.jp/image/tr/api/re/vFumt/?f_no=182516&f_flg=PLAN,,https://img.travel.rakuten.co.jp/image/tr/api/re/gJNfM/?f_hotel_no=182516,ほてるじゃぱねすくふくおか,サウナ、プール、カラオケ、会議室有！バストラックSUV敷地内駐車場有！アメニティバー充実,3500,121041.93,469526.88,812-0053,福岡県,福岡市東区箱崎6-18-12,092-645-2080,092-643-1001,"福岡空港駅よりお車にて約12分／博多駅よりお車にて約14分／駐車場約23台分完備（事前予約不可・1泊1,100円）","駐車場約40台分完備1泊1,100円、 大型車,トラック、バス1日3,300円",福岡空港,https://img.travel.rakuten.co.jp/share/HOTEL/182516/182516.jpg,https://img.travel.rakuten.co.jp/HIMG/90/182516.jpg,,,https://img.travel.rakuten.co.jp/share/HOTEL/182516/182516map.gif,252.0,3.57,"部屋は洗面台が独立しており広…　2026-04-18 14:44:24投稿 <a href=""https://img.travel.rakuten.co.jp/image/tr/api/re/gJNfM/?f_hotel_no=182516"" class=""3click"">つづきはこちら</a>",003,モデレートツインルーム,5909639.0,【素泊り】Wベッド、ソファベッド完備★サウナプール無料・全室バルコニー、大型車チェックアウト11時,1,0,0,0,0,1,https://img.travel.rakuten.co.jp/image/tr/api/re/IdsCY/?f_no=182516&f_syu=003&f_hi1=2026-04-22&f_hi2=2026-04-23&f_heya_su=1&f_otona_su=1&f_s1=0&f_s2=0&f_y1=0&f_y2=0&f_y3=0&f_y4=0&f_camp_id=5909639,0,2026-04-22,31000,31000,0,2026-04-22,fukuoka
166453,フォーポイント　フレックス　ｂｙ　シェラトン　福岡博多,https://img.travel.rakuten.co.jp/image/tr/api/re/pvonD/?f_no=166453,https://img.travel.rakuten.co.jp/image/tr/api/re/vFumt/?f_no=166453&f_flg=PLAN,https://img.travel.rakuten.co.jp/image/tr/api/re/WzozX/?noTomariHotel=166453,https://img.travel.rakuten.co.jp/image/tr/api/re/gJNfM/?f_hotel_no=166453,ふぉーぽいんと　ふれっくす　ばい　しぇらとん　ふくおかはかた,マリオットグループ日本初上陸ブランド！博多駅・中州へ徒歩圏内！	,6292,120898.93,469502.62,812-0011,福岡県,福岡市博多区博多駅前3-6-7,092-433-6172,092-433-6175,博多駅博多口より徒歩にて約9分。,無し,博多,https://img.travel.rakuten.co.jp/share/HOTEL/166453/166453.jpg,https://img.travel.rakuten.co.jp/HIMG/90/166453.jpg,https://img.travel.rakuten.co.jp/share/HOTEL/166453/166453_kan1.jpg,https://img.travel.rakuten.co.jp/HIMG/INTERIOR/166453.jpg,https://img.travel.rakuten.co.jp/share/HOTEL/166453/166453map.gif,698.0,3.61,"高級ホテルグループなのに、部屋は狭くて、客室に対するエレベーターの数も少なく残念。宿泊日に合わせて荷物を送っておいたのにフロントにて受取拒否。到着日に荷…　2026-04-14 16:14:06投稿 <a href=""https://img.travel.rakuten.co.jp/image/tr/api/re/gJNfM/?f_hotel_no=166453"" class=""3click"">つづきはこちら</a>",fpxsngl,◆シングル（禁煙）,6061610.0,【Marriott Bonvoy会員価格対象プラン】心地よさと利便性で福岡博多拠点で快適│素泊まり,1,0,0,0,0,1,https://img.travel.rakuten.co.jp/image/tr/api/re/IdsCY/?f_no=166453&f_syu=fpxsngl&f_hi1=2026-04-22&f_hi2=2026-04-23&f_heya_su=1&f_otona_su=1&f_s1=0&f_s2=0&f_y1=0&f_y2=0&f_y3=0&f_y4=0&f_camp_id=6061610,0,2026-04-22,26400,26400,0,2026-04-22,fukuoka
168722,オリエンタルホテル福岡　博多ステーション,https://img.travel.rakuten.co.jp/image/tr/api/re/pvonD/?f_no=168722,https://img.travel.rakuten.co.jp/image/tr/api/re/vFumt/?f_no=168722&f_flg=PLAN,https://img.travel.rakuten.co.jp/image/tr/api/re/WzozX/?noTomariHotel=168722,https://img.travel.rakuten.co.jp/image/tr/api/re/gJNfM/?f_hotel_no=168722,おりえんたるほてるふくおか　はかたすてーしょん,【JR博多駅隣接＆地下鉄博多駅直結】朝食レストランがグランドオープン☆ホテルこだわりの朝食ブッフェをお愉しみください！,7650,120914.18,469527.51,812-0012,福岡県,福岡市博多区博多駅中央街4-23,092-461-0170,092-461-0171,JR「博多駅」筑紫口から徒歩1分。福岡空港から地下鉄空港線で所要時間5分＆地下鉄「博多駅」直結,"Dパーキング(ホテル1F)/オオイパーキング博多駅東(竹下通り向かい):24H2,000円※予約不可",博多,https://img.travel.rakuten.co.jp/share/HOTEL/168722/168722.jpg,https://img.travel.rakuten.co.jp/HIMG/90/168722.jpg,,,https://img.travel.rakuten.co.jp/share/HOTEL/168722/168722map.gif,442.0,3.95,"クチコミの詳細はこちらから　https:…　2026-03-28 18:31:25投稿 <a href=""https://img.travel.rakuten.co.jp/image/tr/api/re/gJNfM/?f_hotel_no=168722"" class=""3click"">つづきはこちら</a>",sttb,■モデレートツイン 21平米（禁煙・独立洗面化粧台）,4344604.0,【フレキシブルレート】家族旅行におすすめ☆小学生以下添い寝可！博多駅直結（朝食ブッフェ付）,1,0,0,1,0,1,https://img.travel.rakuten.co.jp/image/tr/api/re/IdsCY/?f_no=168722&f_syu=sttb&f_hi1=2026-04-22&f_hi2=2026-04-23&f_heya_su=1&f_otona_su=1&f_s1=0&f_s2=0&f_y1=0&f_y2=0&f_y3=0&f_y4=0&f_camp_id=4344604,0,2026-04-22,36100,36100,0,2026-04-22,fukuoka
74609,パープルホテル二日市,https://img.travel.rakuten.co.jp/image/tr/api/re/pvonD/?f_no=74609,https://img.travel.rakuten.co.jp/image/tr/api/re/vFumt/?f_no=74609&f_flg=PLAN,https://img.travel.rakuten.co.jp/image/tr/api/re/WzozX/?noTomariHotel=74609,https://img.travel.rakuten.co.jp/image/tr/api/re/gJNfM/?f_hotel_no=74609,ぱーぷるほてるふつかいち,筑紫野ICより車で約7分、JR二日市駅西口から徒歩約7分、駐車場無料、太宰府観光にも好立地,4675,120554.96,469863.38,818-0058,福岡県,筑紫野市湯町2-5-6,092-922-2131,092-918-2221,ＪＲ二日市駅西口徒歩約7分・西鉄二日市車約10分・筑紫野IC車約7分・高速筑紫野バス停徒歩約5分,無料駐車場あり（敷地内と徒歩1分に2箇所）予約確保不可（身障者を除く）,二日市,https://img.travel.rakuten.co.jp/share/HOTEL/74609/74609.jpg,https://img.travel.rakuten.co.jp/HIMG/90/74609.jpg,https://img.travel.rakuten.co.jp/share/HOTEL/74609/74609_kya.jpg,https://img.travel.rakuten.co.jp/HIMG/INTERIOR/74609.jpg,https://img.travel.rakuten.co.jp/share/HOTEL/74609/74609map.gif,379.0,3.85,"クチコミの詳細はこちらから　https://review.travel.rakuten.co.jp/ho…　2026-04-19 21:32:19投稿 <a href=""https://img.travel.rakuten.co.jp/image/tr/api/re/gJNfM/?f_hotel_no=74609"" class=""3click"">つづきはこちら</a>",twa,ツインB（禁煙室）,3155765.0,スタンダードプラン｜食事なし★到着時間の連絡不要★駐車場無料,1,0,0,0,0,1,https://img.travel.rakuten.co.jp/image/tr/api/re/IdsCY/?f_no=74609&f_syu=twa&f_hi1=2026-04-22&f_hi2=2026-04-23&f_heya_su=1&f_otona_su=1&f_s1=0&f_s2=0&f_y1=0&f_y2=0&f_y3=0&f_y4=0&f_camp_id=3155765,0,2026-04-22,14300,14300,0,2026-04-22,fukuoka
172316,三井ガーデンホテル福岡祇園,https://img.travel.rakuten.co.jp/image/tr/api/re/pvonD/?f_no=172316,https://img.travel.rakuten.co.jp/image/tr/api/re/vFumt/?f_no=172316&f_flg=PLAN,https://img.travel.rakuten.co.jp/image/tr/api/re/WzozX/?noTomariHotel=172316,https://img.travel.rakuten.co.jp/image/tr/api/re/gJNfM/?f_hotel_no=172316,みついがーでんほてるふくおかぎおん,博多に育まれた文化が香る、上質な設え。非日常へといざなう最上階大浴場の露天風呂でおくつろぎください。,12337,120914.67,469497.32,812-0011,福岡県,福岡市博多区博多駅前2-8-15,092-414-3131,092-414-3101,ＪＲ　博多駅　博多口より徒歩にて約７分,有り　２８台　２，０００円（税込み／泊）　先着順 　車両制限あり。詳細は公式HPをご覧ください。,博多,https://img.travel.rakuten.co.jp/share/HOTEL/172316/172316.jpg,https://img.travel.rakuten.co.jp/HIMG/90/172316.jpg,,,https://img.travel.rakuten.co.jp/share/HOTEL/172316/172316map.gif,673.0,4.52,,stdtrp3,スタンダードトリプル【禁煙】,6066250.0,【博多駅から7分♪ 露天風呂付大浴場で癒しのひとときを】ベーシックプラン  ＜素泊り＞ ,1,0,0,0,0,1,https://img.travel.rakuten.co.jp/image/tr/api/re/IdsCY/?f_no=172316&f_syu=stdtrp3&f_hi1=2026-04-22&f_hi2=2026-04-23&f_heya_su=1&f_otona_su=1&f_s1=0&f_s2=0&f_y1=0&f_y2=0&f_y3=0&f_y4=0&f_camp_id=6066250,0,2026-04-22,56700,56700,0,2026-04-22,fukuoka
177846,９ＨＯＴＥＬ　ＨＡＫＡＴＡ,https://img.travel.rakuten.co.jp/image/tr/api/re/pvonD/?f_no=177846,https://img.travel.rakuten.co.jp/image/tr/api/re/vFumt/?f_no=177846&f_flg=PLAN,https://img.travel.rakuten.co.jp/image/tr/api/re/WzozX/?noTomariHotel=177846,https://img.travel.rakuten.co.jp/image/tr/api/re/gJNfM/?f_hotel_no=177846,ないん　ほてる　はかた,中洲まで徒歩5分。全室風呂トイレ別のゆったり空間。館内・客室には九州の色が感じられます。,6800,120931.02,469487.7,812-0039,福岡県,福岡市博多区冷泉町9-16,092-263-5010,092-263-5020,福岡空港から地下鉄祇園駅まで7分。祇園駅徒歩約5分。中洲川端駅徒歩6分、博多駅から徒歩約13分,なし,祇園（福岡）,https://img.travel.rakuten.co.jp/share/HOTEL/177846/177846.jpg,https://img.travel.rakuten.co.jp/HIMG/90/177846.jpg,https://img.travel.rakuten.co.jp/share/HOTEL/177846/177846_kan1.jpg,https://img.travel.rakuten.co.jp/HIMG/INTERIOR/177846.jpg,https://img.travel.rakuten.co.jp/share/HOTEL/177846/177846map.gif,205.0,3.83,,0004,【禁煙】プレミアムフォース＜32平米＞,5565904.0,【シンプルプラン】中州エリア☆博多駅近！２３平米以上のゆったり空間！＜素泊まり＞,1,0,0,0,0,1,https://img.travel.rakuten.co.jp/image/tr/api/re/IdsCY/?f_no=177846&f_syu=0004&f_hi1=2026-04-22&f_hi2=2026-04-23&f_heya_su=1&f_otona_su=1&f_s1=0&f_s2=0&f_y1=0&f_y2=0&f_y3=0&f_y4=0&f_camp_id=5565904,0,2026-04-22,29900,29900,0,2026-04-22,fukuoka
194678,Ａｉｒｐｏｒｔ　Ｈｉｌｌｓ／民泊,https://img.travel.rakuten.co.jp/image/tr/api/re/pvonD/?f_no=194678,https://img.travel.rakuten.co.jp/image/tr/api/re/vFumt/?f_no=194678&f_flg=PLAN,,https://img.travel.rakuten.co.jp/image/tr/api/re/gJNfM/?f_hotel_no=194678,,　,13224,120783.6,469734.25,812-0863,福岡県,福岡市博多区金の隈3-16-16　Ａｉｒｐｏｒｔ　Ｈｉｌｌｓ,070-4732-0719,000-000-0000,雑餉隈駅から徒歩で約１０分,有り,雑餉隈,https://img.travel.rakuten.co.jp/share/HOTEL/194678/194678.jpg,https://img.travel.rakuten.co.jp/HIMG/90/194678.jpg,,,https://img.travel.rakuten.co.jp/share/HOTEL/194678/194678map.gif,,,,r19528_15,エアポートヒルズ,6269180.0,New!AirportHills 1400m2絶景パノラマ1棟2階貸切駐車場4台サウナBBQ施設ペッ,1,0,0,0,0,2,https://img.travel.rakuten.co.jp/image/tr/api/re/IdsCY/?f_no=194678&f_syu=r19528_15&f_hi1=2026-04-22&f_hi2=2026-04-23&f_heya_su=1&f_otona_su=1&f_s1=0&f_s2=0&f_y1=0&f_y2=0&f_y3=0&f_y4=0&f_camp_id=6269180,0,2026-04-22,50460,50460,0,2026-04-22,fukuoka
192863,ｒｉｔｏｍａｒｕ　ｒｏｏｍｓ　ｈａｋａｔａ　ｈａｋｏｚａｋｉ,https://img.travel.rakuten.co.jp/image/tr/api/re/pvonD/?f_no=192863,https://img.travel.rakuten.co.jp/image/tr/api/re/vFumt/?f_no=192863&f_flg=PLAN,,https://img.travel.rakuten.co.jp/image/tr/api/re/gJNfM/?f_hotel_no=192863,りとまるるーむすはかたはこざき,【すべてのペットと泊まれる宿】1日2組限定・ワンフロア貸切。JR箱崎駅から徒歩わずか1分,5693,121012.25,469543.69,812-0053,福岡県,福岡市東区箱崎1-6-7,050-8886-0515,03-4216-7033,JR鹿児島本線「箱崎」駅西口より徒歩約1分/博多駅より2駅約5分/福岡空港より約30分,施設専用の駐車場はございません。近隣のコインパーキングをご利用ください。,箱崎,https://img.travel.rakuten.co.jp/share/HOTEL/192863/192863.jpg,https://img.travel.rakuten.co.jp/HIMG/90/192863.jpg,,,https://img.travel.rakuten.co.jp/share/HOTEL/192863/192863map.gif,7.0,4.57,,3rd,3nd Floor(109.18平米),6061983.0,【スタンダード】博多駅からアクセス抜群！ペットOK＆ワンフロア貸切のプライベートステイ＜素泊まり＞,1,0,0,0,0,2,https://img.travel.rakuten.co.jp/image/tr/api/re/IdsCY/?f_no=192863&f_syu=3rd&f_hi1=2026-04-22&f_hi2=2026-04-23&f_heya_su=1&f_otona_su=1&f_s1=0&f_s2=0&f_y1=0&f_y2=0&f_y3=0&f_y4=0&f_camp_id=6061983,0,2026-04-22,34500,34500,0,2026-04-22,fukuoka
184644,ＷＩＴＨ　ＴＨＥ　ＳＴＹＬＥ　ＦＵＫＵＯＫＡ,https://img.travel.rakuten.co.jp/image/tr/api/re/pvonD/?f_no=184644,https://img.travel.rakuten.co.jp/image/tr/api/re/vFumt/?f_no=184644&f_flg=PLAN,https://img.travel.rakuten.co.jp/image/tr/api/re/WzozX/?noTomariHotel=184644,https://img.travel.rakuten.co.jp/image/tr/api/re/gJNfM/?f_hotel_no=184644,うぃず ざ すたいる ふくおか,人生を豊かにする上質なアイテムを取り揃えた、大人のためのアーバンリゾート,25200,120894.63,469526.99,812-0016,福岡県,福岡市博多区博多駅南1-9-18,092-433-3900,092-433-3940,博多駅より徒歩7分,有り　16台　無料　予約不要,博多,https://img.travel.rakuten.co.jp/share/HOTEL/184644/184644.jpg,https://img.travel.rakuten.co.jp/HIMG/90/184644.jpg,,,https://img.travel.rakuten.co.jp/share/HOTEL/184644/184644map.gif,13.0,4.67,,2024king,キング （ベッドサイズ200cm×200cm）,6171944.0,【スーパーバリュープラン】サウナ＆ジャグジー｜クラブラウンジ｜12時チェックアウト（素泊まり）,1,0,0,0,0,1,https://img.travel.rakuten.co.jp/image/tr/api/re/IdsCY/?f_no=184644&f_syu=2024king&f_hi1=2026-04-22&f_hi2=2026-04-23&f_heya_su=1&f_otona_su=1&f_s1=0&f_s2=0&f_y1=0&f_y2=0&f_y3=0&f_y4=0&f_camp_id=6171944,0,2026-04-22,54000,54000,0,2026-04-22,fukuoka
195400,グレイトフル筑紫野２０１／民泊,https://img.travel.rakuten.co.jp/image/tr/api/re/pvonD/?f_no=195400,https://img.travel.rakuten.co.jp/image/tr/api/re/vFumt/?f_no=195400&f_flg=PLAN,,https://img.travel.rakuten.co.jp/image/tr/api/re/gJNfM/?f_hotel_no=195400,, ,6496,120584.51,469858.65,818-0059,福岡県,筑紫野市塔原東1-14-4　グレイトフル筑紫野201,090-6931-6019,00-0000-0000,西鉄二日市駅より徒歩で5分,あり,西鉄二日市,https://img.travel.rakuten.co.jp/share/HOTEL/195400/195400.jpg,https://img.travel.rakuten.co.jp/HIMG/90/195400.jpg,,,https://img.travel.rakuten.co.jp/share/HOTEL/195400/195400map.gif,,,,r20487_5,グレイトフル筑紫野201,6347152.0,"西鉄二日市駅から徒歩7分,太宰府天満宮まで電車で10分",1,0,0,0,0,2,https://img.travel.rakuten.co.jp/image/tr/api/re/IdsCY/?f_no=195400&f_syu=r20487_5&f_hi1=2026-04-22&f_hi2=2026-04-23&f_heya_su=1&f_otona_su=1&f_s1=0&f_s2=0&f_y1=0&f_y2=0&f_y3=0&f_y4=0&f_camp_id=6347152,0,2026-04-22,20880,20880,0,2026-04-22,fukuoka
194736,エアポートテラスハウス／民泊,https://img.travel.rakuten.co.jp/image/tr/api/re/pvonD/?f_no=194736,https://img.travel.rakuten.co.jp/image/tr/api/re/vFumt/?f_no=194736&f_flg=PLAN,,https://img.travel.rakuten.co.jp/image/tr/api/re/gJNfM/?f_hotel_no=194736,,福岡の余韻に浸りながらラグジュアリーな非日常を体感できます。【民泊】,7772,120805.66,469705.32,812-0863,福岡県,福岡市博多区金の隈1-31-48　エアポートテラスハウス,070-4732-0719,000-000-0000,雑餉隈駅から徒歩で約１０分,有り,雑餉隈,https://img.travel.rakuten.co.jp/share/HOTEL/194736/194736.jpg,https://img.travel.rakuten.co.jp/HIMG/90/194736.jpg,,,https://img.travel.rakuten.co.jp/share/HOTEL/194736/194736map.gif,,,,r19532_15,エアポートテラス,6274268.0,Airport Terrace 1棟2階建て貸切ヴィラ大型バルコニー・ サウナ・駐車場・屋内BBQ,1,0,0,0,0,2,https://img.travel.rakuten.co.jp/image/tr/api/re/IdsCY/?f_no=194736&f_syu=r19532_15&f_hi1=2026-04-22&f_hi2=2026-04-23&f_heya_su=1&f_otona_su=1&f_s1=0&f_s2=0&f_y1=0&f_y2=0&f_y3=0&f_y4=0&f_camp_id=6274268,0,2026-04-22,26680,26680,0,2026-04-22,fukuoka
184956,博多駅まで徒歩５分！敷地内の激安駐車場あり！最上階豪華ステイ！Ｒｉｖｅｒ　Ｓｋｙ　Ｈａｋａｔａ／民泊,https://img.travel.rakuten.co.jp/image/tr/api/re/pvonD/?f_no=184956,https://img.travel.rakuten.co.jp/image/tr/api/re/vFumt/?f_no=184956&f_flg=PLAN,,https://img.travel.rakuten.co.jp/image/tr/api/re/gJNfM/?f_hotel_no=184956,,　,9327,120929.43,469529.64,812-0043,福岡県,福岡市博多区堅粕5-5-20　ピコロ博多　１20１号室,070-8543-3939,000-000-0000,博多駅から徒歩で約７分,無し,博多,https://img.travel.rakuten.co.jp/share/HOTEL/184956/184956.jpg,https://img.travel.rakuten.co.jp/HIMG/90/184956.jpg,,,https://img.travel.rakuten.co.jp/share/HOTEL/184956/184956map.gif,,,,r12587_8,ピコロ博多 1201号室,5538039.0,NEW博多駅まで徒歩5分!敷地内の激安駐車場あり!最上階豪華ステイ!River Sky Hakata,1,0,0,0,0,2,https://img.travel.rakuten.co.jp/image/tr/api/re/IdsCY/?f_no=184956&f_syu=r12587_8&f_hi1=2026-04-22&f_hi2=2026-04-23&f_heya_su=1&f_otona_su=1&f_s1=0&f_s2=0&f_y1=0&f_y2=0&f_y3=0&f_y4=0&f_camp_id=5538039,0,2026-04-22,44079,44079,0,2026-04-22,fukuoka
194735,Ｌｕｘｕｒｙ　Ｈｉｌｌｓ／民泊,https://img.travel.rakuten.co.jp/image/tr/api/re/pvonD/?f_no=194735,https://img.travel.rakuten.co.jp/image/tr/api/re/vFumt/?f_no=194735&f_flg=PLAN,,https://img.travel.rakuten.co.jp/image/tr/api/re/gJNfM/?f_hotel_no=194735,,　,19140,120784.13,469735.15,812-0863,福岡県,福岡市博多区金の隈3-16-17　Ｌｕｘｕｒｙ　Ｈｉｌｌｓ,070-4732-0719,000-000-0000,雑餉隈駅から徒歩で約１０分,有り,雑餉隈,https://img.travel.rakuten.co.jp/share/HOTEL/194735/194735.jpg,https://img.travel.rakuten.co.jp/HIMG/90/194735.jpg,,,https://img.travel.rakuten.co.jp/share/HOTEL/194735/194735map.gif,,,,r19539_15,ラグジュアリーヒルズ,6274267.0,Luxury Hills 室内外1500m2超絶景パティオサウナBBQ駐車場4台プール、ペット,1,0,0,0,0,2,https://img.travel.rakuten.co.jp/image/tr/api/re/IdsCY/?f_no=194735&f_syu=r19539_15&f_hi1=2026-04-22&f_hi2=2026-04-23&f_heya_su=1&f_otona_su=1&f_s1=0&f_s2=0&f_y1=0&f_y2=0&f_y3=0&f_y4=0&f_camp_id=6274267,0,2026-04-22,50460,50460,0,2026-04-22,fukuoka
184523,備長炭の湯　ホテル久留米ヒルズ（ＢＢＨホテルグループ）,https://img.travel.rakuten.co.jp/image/tr/api/re/pvonD/?f_no=184523,https://img.travel.rakuten.co.jp/image/tr/api/re/vFumt/?f_no=184523&f_flg=PLAN,https://img.travel.rakuten.co.jp/image/tr/api/re/WzozX/?noTomariHotel=184523,https://img.travel.rakuten.co.jp/image/tr/api/re/gJNfM/?f_hotel_no=184523,びんちょうたんのゆ　ほてるくるめひるず（びーびーえいちほてるぐるーぷ）,無料朝食バイキング＆無料駐車場（先着15台）でビジネス・観光へのアクセス抜群【全国多数舗展開中のBBHホテルグループ】,3600,119905.38,469861.08,830-0031,福岡県,久留米市六ツ門町15-3,050-1725-6457,0942-64-8887,西鉄久留米駅から徒歩8分、久留米インターから車で15分,有り　15台　無料 (先着順･予約不可）,西鉄久留米,https://img.travel.rakuten.co.jp/share/HOTEL/184523/184523.jpg,https://img.travel.rakuten.co.jp/HIMG/90/184523.jpg,,,https://img.travel.rakuten.co.jp/share/HOTEL/184523/184523map.gif,462.0,3.52,"私の…　2026-04-21 16:48:43投稿 <a href=""https://img.travel.rakuten.co.jp/image/tr/api/re/gJNfM/?f_hotel_no=184523"" class=""3click"">つづきはこちら</a>",nssingle,◇禁煙シングルルーム◇12平米／140センチ幅ダブルベッド,6217218.0, 【ミッドナイトセール】当日19時以降の特別案内　1泊無料朝食付き宿泊プラン ,1,0,0,1,0,1,https://img.travel.rakuten.co.jp/image/tr/api/re/JlnYS/?f_no=184523&f_syu=nssingle&f_hi1=2026-04-22&f_hi2=2026-04-23&f_heya_su=1&f_otona_su=1&f_s1=0&f_s2=0&f_y1=0&f_y2=0&f_y3=0&f_y4=0&f_camp_id=6217218,2,2026-04-22,7200,7200,0,2026-04-22,kurume
172633,グリーンリッチホテル久留米　天然温泉・有馬六ツ門の湯,https://img.travel.rakuten.co.jp/image/tr/api/re/pvonD/?f_no=172633,https://img.travel.rakuten.co.jp/image/tr/api/re/vFumt/?f_no=172633&f_flg=PLAN,https://img.travel.rakuten.co.jp/image/tr/api/re/WzozX/?noTomariHotel=172633,https://img.travel.rakuten.co.jp/image/tr/api/re/gJNfM/?f_hotel_no=172633,ぐりーんりっちほてるくるめ　,久留米唯一の天然温泉大浴場完備のデザイナーズホテル　酸素ルーム有り　好評！朝食バイキング,4200,119926.87,469857.01,830-0017,福岡県,久留米市日吉町18-1,0942-39-3000,0942-46-3300,●西鉄久留米駅より車で3分、JR久留米駅より車で3分●福岡空港連絡バス停「六ツ門」徒歩3分●,"有　車高制限：185cm　１泊1,200円■先着順■満車時は近隣のコインパーキングをご案内します。",久留米,https://img.travel.rakuten.co.jp/share/HOTEL/172633/172633.jpg,https://img.travel.rakuten.co.jp/HIMG/90/172633.jpg,https://img.travel.rakuten.co.jp/share/HOTEL/172633/172633_kan1.jpg,https://img.travel.rakuten.co.jp/HIMG/INTERIOR/172633.jpg,https://img.travel.rakuten.co.jp/share/HOTEL/172633/172633map.gif,784.0,4.18,"温泉も広く快適だ…　2026-04-19 21:23:04投稿 <a href=""https://img.travel.rakuten.co.jp/image/tr/api/re/gJNfM/?f_hotel_no=172633"" class=""3click"">つづきはこちら</a>",s,【喫煙】シングル,4399303.0,【素泊まり】シンプルステイ,1,0,0,0,0,1,https://img.travel.rakuten.co.jp/image/tr/api/re/IdsCY/?f_no=172633&f_syu=s&f_hi1=2026-04-22&f_hi2=2026-04-23&f_heya_su=1&f_otona_su=1&f_s1=0&f_s2=0&f_y1=0&f_y2=0&f_y3=0&f_y4=0&f_camp_id=4399303,0,2026-04-22,11500,11500,0,2026-04-22,kurume
3101,久留米ステーションホテル,https://img.travel.rakuten.co.jp/image/tr/api/re/pvonD/?f_no=3101,https://img.travel.rakuten.co.jp/image/tr/api/re/vFumt/?f_no=3101&f_flg=PLAN,https://img.travel.rakuten.co.jp/image/tr/api/re/WzozX/?noTomariHotel=3101,https://img.travel.rakuten.co.jp/image/tr/api/re/gJNfM/?f_hotel_no=3101,くるめ　すてーしょんほてる,JR久留米駅前アクセス良好、駐車場無料（先着40台）,3800,119938.37,469819.09,830-0023,福岡県,久留米市中央町2-14,0942-36-1122,0942-36-0459,JR久留米駅前アクセス良好！（JR久留米駅東口から徒歩１分）,有り　４０台　無料（先着順）,久留米,https://img.travel.rakuten.co.jp/share/HOTEL/3101/3101.jpg,https://img.travel.rakuten.co.jp/HIMG/90/3101.jpg,https://img.travel.rakuten.co.jp/share/HOTEL/3101/3101_room.jpg,https://img.travel.rakuten.co.jp/HIMG/INTERIOR/3101.jpg,https://img.travel.rakuten.co.jp/share/HOTEL/3101/3101map.gif,1380.0,3.92,"…　2026-04-19 20:00:29投稿 <a href=""https://img.travel.rakuten.co.jp/image/tr/api/re/gJNfM/?f_hotel_no=3101"" class=""3click"">つづきはこちら</a>",sn,禁煙シングル,3274004.0,★シングルプラン  ♪JR久留米駅徒歩１分♪駐車場無料♪（先着順）,1,0,0,0,0,1,https://img.travel.rakuten.co.jp/image/tr/api/re/IdsCY/?f_no=3101&f_syu=sn&f_hi1=2026-04-22&f_hi2=2026-04-23&f_heya_su=1&f_otona_su=1&f_s1=0&f_s2=0&f_y1=0&f_y2=0&f_y3=0&f_y4=0&f_camp_id=3274004,0,2026-04-22,7800,7800,0,2026-04-22,kurume
438,久留米ワシントンホテルプラザ,https://img.travel.rakuten.co.jp/image/tr/api/re/pvonD/?f_no=438,https://img.travel.rakuten.co.jp/image/tr/api/re/vFumt/?f_no=438&f_flg=PLAN,https://img.travel.rakuten.co.jp/image/tr/api/re/WzozX/?noTomariHotel=438,https://img.travel.rakuten.co.jp/image/tr/api/re/gJNfM/?f_hotel_no=438,くるめ　わしんとんほてるぷらざ,全室高速Wi-fi接続＆加湿空気清浄機＆USBコンセント完備●西鉄「久留米」駅より徒歩約5分（福岡天神から30~40分）,4200,119915.32,469873.34,830-0032,福岡県,久留米市東町34-2,0942-32-0410,0942-39-2778,西鉄「久留米」より徒歩約5分　※ＪＲ久留米駅からはお車にて約5分。注）駐車場はございません。,施設内に駐車場がございません。※周辺パーキングに駐車をお願いいたします。(有料),久留米,https://img.travel.rakuten.co.jp/share/HOTEL/438/438.jpg,https://img.travel.rakuten.co.jp/HIMG/90/438.jpg,https://img.travel.rakuten.co.jp/share/HOTEL/438/438_rm.jpg,https://img.travel.rakuten.co.jp/HIMG/INTERIOR/438.jpg,https://img.travel.rakuten.co.jp/share/HOTEL/438/438map.gif,1442.0,3.64,"クチコミの詳細はこちらから　https://review.travel.rakuten.co.jp/hotel/voice/438…　2026-04-17 21:19:38投稿 <a href=""https://img.travel.rakuten.co.jp/image/tr/api/re/gJNfM/?f_hotel_no=438"" class=""3click"">つづきはこちら</a>",sb101,シングル【禁煙】,2828508.0,学割プラン・ 学生証をご提示下さい（食事なし）,1,0,0,0,0,1,https://img.travel.rakuten.co.jp/image/tr/api/re/IdsCY/?f_no=438&f_syu=sb101&f_hi1=2026-04-22&f_hi2=2026-04-23&f_heya_su=1&f_otona_su=1&f_s1=0&f_s2=0&f_y1=0&f_y2=0&f_y3=0&f_y4=0&f_camp_id=2828508,0,2026-04-22,6600,6600,0,2026-04-22,kurume
1373,ホテルニュープラザ久留米,https://img.travel.rakuten.co.jp/image/tr/api/re/pvonD/?f_no=1373,https://img.travel.rakuten.co.jp/image/tr/api/re/vFumt/?f_no=1373&f_flg=PLAN,https://img.travel.rakuten.co.jp/image/tr/api/re/WzozX/?noTomariHotel=1373,https://img.travel.rakuten.co.jp/image/tr/api/re/gJNfM/?f_hotel_no=1373,にゅーぷらざくるめ,西鉄久留米駅より徒歩7分、駐車スペースは200台、ビジネスからファミリーまで多様なお部屋タイプをご準備しております。,3500,119906.11,469864.36,830-0031,福岡県,久留米市六ッ門町16-1,0942-33-0010,0942-38-6583,西鉄久留米駅から徒歩7分。JR久留米駅から車で5分。広又バス停まで徒歩２分,普通車200台　 550円（税込/泊）　/　大型車（バス･トラック）は事前にホテルへご確認下さい,久留米,https://img.travel.rakuten.co.jp/share/HOTEL/1373/1373.jpg,https://img.travel.rakuten.co.jp/HIMG/90/1373.jpg,https://img.travel.rakuten.co.jp/share/HOTEL/1373/1373_sgl.jpg,https://img.travel.rakuten.co.jp/HIMG/INTERIOR/1373.jpg,https://img.travel.rakuten.co.jp/share/HOTEL/1373/1373map.gif,2376.0,3.63,"クチコミの詳細はこちらから　https://review.travel.rakuten.co.jp/…　2026-04-19 22:18:26投稿 <a href=""https://img.travel.rakuten.co.jp/image/tr/api/re/gJNfM/?f_hotel_no=1373"" class=""3click"">つづきはこちら</a>",sa1,【喫煙】スタンダードシングル,5798530.0,【オンラインカード決済限定】注意事項をご確認の上ご予約下さい。宿泊税別,1,0,0,0,0,2,https://img.travel.rakuten.co.jp/image/tr/api/re/IdsCY/?f_no=1373&f_syu=sa1&f_hi1=2026-04-22&f_hi2=2026-04-23&f_heya_su=1&f_otona_su=1&f_s1=0&f_s2=0&f_y1=0&f_y2=0&f_y3=0&f_y4=0&f_camp_id=5798530,0,2026-04-22,6600,6600,0,2026-04-22,kurume
1586,ハイネスホテル久留米,https://img.travel.rakuten.co.jp/image/tr/api/re/pvonD/?f_no=1586,https://img.travel.rakuten.co.jp/image/tr/api/re/vFumt/?f_no=1586&f_flg=PLAN,https://img.travel.rakuten.co.jp/image/tr/api/re/WzozX/?noTomariHotel=1586,https://img.travel.rakuten.co.jp/image/tr/api/re/gJNfM/?f_hotel_no=1586,はいねすほてる　くるめ,西鉄久留米駅より徒歩0分！ 全室無線LAN完備！空気清浄機＆加湿器貸出あり！,2650,119912.46,469888.81,830-0033,福岡県,久留米市天神町1-6,0942-32-7211,0942-32-7998,西鉄電車：天神大牟田線「西鉄久留米駅」東口より徒歩0分　※玄関は１階、ホテル玄関横には筑邦銀行国道通支店入口,【ニューウエダ駐車場】営業時間:1泊(14時〜翌朝11時) 800円※24時間営業(下記注意事項参照,西鉄久留米,https://img.travel.rakuten.co.jp/share/HOTEL/1586/1586.jpg,https://img.travel.rakuten.co.jp/HIMG/90/1586.jpg,https://img.travel.rakuten.co.jp/share/HOTEL/1586/1586_twn.jpg,https://img.travel.rakuten.co.jp/HIMG/INTERIOR/1586.jpg,https://img.travel.rakuten.co.jp/share/HOTEL/1586/1586map.gif,1483.0,4.23,"クチコミの詳細はこちらから　https://review.travel.rakuten.co.jp/hotel/voice/1586…　2026-04-17 18:09:22投稿 <a href=""https://img.travel.rakuten.co.jp/image/tr/api/re/gJNfM/?f_hotel_no=1586"" class=""3click"">つづきはこちら</a>",sglsn,シングル 【禁煙】 無線LAN完備,4867722.0,見つけたらラッキーお得なプラン　宿泊税別,1,0,0,0,0,1,https://img.travel.rakuten.co.jp/image/tr/api/re/IdsCY/?f_no=1586&f_syu=sglsn&f_hi1=2026-04-22&f_hi2=2026-04-23&f_heya_su=1&f_otona_su=1&f_s1=0&f_s2=0&f_y1=0&f_y2=0&f_y3=0&f_y4=0&f_camp_id=4867722,0,2026-04-22,6200,6200,0,2026-04-22,kurume
72868,ＨＯＴＥＬ　ＡＺ　福岡甘木インター店,https://img.travel.rakuten.co.jp/image/tr/api/re/pvonD/?f_no=72868,https://img.travel.rakuten.co.jp/image/tr/api/re/vFumt/?f_no=72868&f_flg=PLAN,https://img.travel.rakuten.co.jp/image/tr/api/re/WzozX/?noTomariHotel=72868,https://img.travel.rakuten.co.jp/image/tr/api/re/gJNfM/?f_hotel_no=72868,ほてるえーぜっと　ふくおかあまぎいんたーてん,甘木インターすぐそばでアクセス良好！朝食無料！無料駐車場146台完備！全室インターネット接続OK！,5170,120252.35,470358.66,838-0068,福岡県,朝倉市甘木397-6,0946-21-3301,0946-21-3302,大分自動車道　甘木インターより車で１分　JR甘木駅より車で5分　　,無料駐車場146台あり　普通車：予約不要 、中型車・大型車：要予約,,https://img.travel.rakuten.co.jp/share/HOTEL/72868/72868.jpg,https://img.travel.rakuten.co.jp/HIMG/90/72868.jpg,,,https://img.travel.rakuten.co.jp/share/HOTEL/72868/72868map.gif,1073.0,3.86,"クチコミの詳細はこちらから　https://review.travel.rakuten.co.jp/hot…　2026-04-21 22:42:44投稿 <a href=""https://img.travel.rakuten.co.jp/image/tr/api/re/gJNfM/?f_hotel_no=72868"" class=""3click"">つづきはこちら</a>",sgln,【禁煙】シングル,6103612.0,スタンダードプラン（朝食サービス）,1,0,0,1,0,1,https://img.travel.rakuten.co.jp/image/tr/api/re/IdsCY/?f_no=72868&f_syu=sgln&f_hi1=2026-04-22&f_hi2=2026-04-23&f_heya_su=1&f_otona_su=1&f_s1=0&f_s2=0&f_y1=0&f_y2=0&f_y3=0&f_y4=0&f_camp_id=6103612,0,2026-04-22,6380,6380,0,2026-04-22,kurume
8746,エンナンホテル　久留米,https://img.travel.rakuten.co.jp/image/tr/api/re/pvonD/?f_no=8746,https://img.travel.rakuten.co.jp/image/tr/api/re/vFumt/?f_no=8746&f_flg=PLAN,https://img.travel.rakuten.co.jp/image/tr/api/re/WzozX/?noTomariHotel=8746,https://img.travel.rakuten.co.jp/image/tr/api/re/gJNfM/?f_hotel_no=8746,えんなんほてる　くるめ,西鉄久留米駅徒歩2分/デュベスタイル/チェックアウト11時/wifi・有線LAN完備/VOD無料/ウォシュレット完備,3050,119909.79,469877.0,830-0032,福岡県,久留米市東町29-10,0942-38-3811,0942-38-3818,西鉄久留米駅から徒歩2分、JR久留米駅から車にて5分、久留米ICから車で10分、福岡空港から西鉄高速バス(直通)45分。,●1台（普通車サイズ）で第一駐車場1泊900円、第二駐車場1泊600円です。（先着順：予約不可）,西鉄久留米,https://img.travel.rakuten.co.jp/share/HOTEL/8746/8746.jpg,https://img.travel.rakuten.co.jp/HIMG/90/8746.jpg,https://img.travel.rakuten.co.jp/share/HOTEL/8746/8746_si.jpg,https://img.travel.rakuten.co.jp/HIMG/INTERIOR/8746.jpg,https://img.travel.rakuten.co.jp/share/HOTEL/8746/8746map.gif,3266.0,3.63,"ご飯の…　2026-04-20 17:04:53投稿 <a href=""https://img.travel.rakuten.co.jp/image/tr/api/re/gJNfM/?f_hotel_no=8746"" class=""3click"">つづきはこちら</a>",0711dss,【喫煙】シングルルーム/14平米/ダブルベット,1872628.0,【素泊まり】西鉄久留米駅から徒歩3分★Wベッド★VOD見放題★大浴場・軟水風呂,1,0,0,0,0,1,https://img.travel.rakuten.co.jp/image/tr/api/re/IdsCY/?f_no=8746&f_syu=0711dss&f_hi1=2026-04-22&f_hi2=2026-04-23&f_heya_su=1&f_otona_su=1&f_s1=0&f_s2=0&f_y1=0&f_y2=0&f_y3=0&f_y4=0&f_camp_id=1872628,0,2026-04-22,6430,6430,0,2026-04-22,kurume
196704,いやし処ほてる寛楽　久留米駅前（２０２５年８月１日グランドオープン）,https://img.travel.rakuten.co.jp/image/tr/api/re/pvonD/?f_no=196704,https://img.travel.rakuten.co.jp/image/tr/api/re/vFumt/?f_no=196704&f_flg=PLAN,https://img.travel.rakuten.co.jp/image/tr/api/re/WzozX/?noTomariHotel=196704,https://img.travel.rakuten.co.jp/image/tr/api/re/gJNfM/?f_hotel_no=196704,いやしどころほてる かんらく くるめえきまえ,日本を感じる「和」の雰囲気と「洋」の快適さを持ち お客様に「寛ぎ」と「楽しさ」をお届けします。,3460,119923.14,469881.24,830-0018,福岡県,久留米市通町108-4,0942-48-3388,0942-48-3308,西鉄久留米駅より車で4分　徒歩7分,なし,西鉄久留米,https://img.travel.rakuten.co.jp/share/HOTEL/196704/196704.jpg,https://img.travel.rakuten.co.jp/HIMG/90/196704.jpg,,,https://img.travel.rakuten.co.jp/share/HOTEL/196704/196704map.gif,110.0,3.98,"クチコミの…　2026-04-19 20:15:49投稿 <a href=""https://img.travel.rakuten.co.jp/image/tr/api/re/gJNfM/?f_hotel_no=196704"" class=""3click"">つづきはこちら</a>",stdouble,スタンダードダブル,6256299.0,【素泊り】スタンダードプラン★無料夕食あり！Wi-Fi＆男女別大浴場完備  ビジネスに最適♪,1,0,0,0,0,1,https://img.travel.rakuten.co.jp/image/tr/api/re/IdsCY/?f_no=196704&f_syu=stdouble&f_hi1=2026-04-22&f_hi2=2026-04-23&f_heya_su=1&f_otona_su=1&f_s1=0&f_s2=0&f_y1=0&f_y2=0&f_y3=0&f_y4=0&f_camp_id=6256299,0,2026-04-22,7700,7700,0,2026-04-22,kurume
68074,久留米ホテルエスプリ,https://img.travel.rakuten.co.jp/image/tr/api/re/pvonD/?f_no=68074,https://img.travel.rakuten.co.jp/image/tr/api/re/vFumt/?f_no=68074&f_flg=PLAN,https://img.travel.rakuten.co.jp/image/tr/api/re/WzozX/?noTomariHotel=68074,https://img.travel.rakuten.co.jp/image/tr/api/re/gJNfM/?f_hotel_no=68074,くるめほてるえすぷり,西鉄久留米駅は目の前！21.60㎡～の広いお部屋とベッドが自慢♪駐車場＆会議室完備☆,3000,119909.11,469879.48,830-0032,福岡県,久留米市東町339,0942-31-1300,0942-31-1333,西鉄久留米駅から徒歩１分。JR久留米駅より車で5分。天神から電車で約30分。福岡空港より高速バスで約４５分,"有り　15台　1,000円（税込み／泊）　先着順　※提携駐車場も有り",西鉄久留米,https://img.travel.rakuten.co.jp/share/HOTEL/68074/68074.jpg,https://img.travel.rakuten.co.jp/HIMG/90/68074.jpg,https://img.travel.rakuten.co.jp/share/HOTEL/68074/68074_k1.jpg,https://img.travel.rakuten.co.jp/HIMG/INTERIOR/68074.jpg,https://img.travel.rakuten.co.jp/share/HOTEL/68074/68074map.gif,1307.0,3.9,"他の階に マンガコーナーがあり、孫が借りて部屋で読んだ…　2026-04-16 00:31:03投稿 <a href=""https://img.travel.rakuten.co.jp/image/tr/api/re/gJNfM/?f_hotel_no=68074"" class=""3click"">つづきはこちら</a>",s,Espritクイーンルーム◆喫煙（旧エグゼクティブシングル),4524204.0,【広さと言えば！】Esprit特典なしプラン♪＜素泊まり＞,1,0,0,0,0,1,https://img.travel.rakuten.co.jp/image/tr/api/re/IdsCY/?f_no=68074&f_syu=s&f_hi1=2026-04-22&f_hi2=2026-04-23&f_heya_su=1&f_otona_su=1&f_s1=0&f_s2=0&f_y1=0&f_y2=0&f_y3=0&f_y4=0&f_camp_id=4524204,0,2026-04-22,10000,10000,0,2026-04-22,kurume
149053,ＨＯＴＥＬ　ＡＺ　福岡久留米店,https://img.travel.rakuten.co.jp/image/tr/api/re/pvonD/?f_no=149053,https://img.travel.rakuten.co.jp/image/tr/api/re/vFumt/?f_no=149053&f_flg=PLAN,https://img.travel.rakuten.co.jp/image/tr/api/re/WzozX/?noTomariHotel=149053,https://img.travel.rakuten.co.jp/image/tr/api/re/gJNfM/?f_hotel_no=149053,ほてる　えーぜっと　ふくおかくるめてん,御井駅より徒歩４分。九州自動車道 久留米ＩＣより車で５分。駐車場無料★朝食無料,4620,119915.26,470039.4,839-0814,福岡県,久留米市山川追分1-11-31,0942-41-8801,0942-41-8802,九州自動車道「久留米ＩＣ」より車で５分。ＪＲ「御井駅」より徒歩にて約４分。,無料駐車場88台あり　普通車：予約不要 、中型車・大型車：要予約,御井,https://img.travel.rakuten.co.jp/share/HOTEL/149053/149053.jpg,https://img.travel.rakuten.co.jp/HIMG/90/149053.jpg,https://img.travel.rakuten.co.jp/share/HOTEL/149053/149053_kan1.jpg,https://img.travel.rakuten.co.jp/HIMG/INTERIOR/149053.jpg,https://img.travel.rakuten.co.jp/share/HOTEL/149053/149053map.gif,229.0,4.02,"クチコミの詳細はこちらから　https://review.travel.rakut…　2026-04-03 17:46:46投稿 <a href=""https://img.travel.rakuten.co.jp/image/tr/api/re/gJNfM/?f_hotel_no=149053"" class=""3click"">つづきはこちら</a>",sn,【禁煙】シングル,6107881.0,スタンダードプラン（朝食サービス）,1,0,0,1,0,1,https://img.travel.rakuten.co.jp/image/tr/api/re/IdsCY/?f_no=149053&f_syu=sn&f_hi1=2026-04-22&f_hi2=2026-04-23&f_heya_su=1&f_otona_su=1&f_s1=0&f_s2=0&f_y1=0&f_y2=0&f_y3=0&f_y4=0&f_camp_id=6107881,0,2026-04-22,6380,6380,0,2026-04-22,kurume
142773,ＨＯＴＥＬ　ＡＺ　福岡夜須店,https://img.travel.rakuten.co.jp/image/tr/api/re/pvonD/?f_no=142773,https://img.travel.rakuten.co.jp/image/tr/api/re/vFumt/?f_no=142773&f_flg=PLAN,https://img.travel.rakuten.co.jp/image/tr/api/re/WzozX/?noTomariHotel=142773,https://img.travel.rakuten.co.jp/image/tr/api/re/gJNfM/?f_hotel_no=142773,ほてる　えーぜっと　ふくおかやすてん,九州自動車道　筑紫野I.Cから車で約11分。西鉄　筑紫駅下車　車で約5分。駐車場無料★朝食無料★インターネット接続無料,4620,120492.13,470038.38,838-0228,福岡県,朝倉郡筑前町二146-2,092-919-0301,092-919-0313,九州自動車道　筑紫野I.Cから車で約11分。西鉄大牟田線　筑紫駅下車　車で約5分。JR　二日市駅下車　車で約20分。,無料駐車場81台あり　普通車：予約不要 、普通乗用車サイズを超えるお車は駐車できません。,筑前山家,https://img.travel.rakuten.co.jp/share/HOTEL/142773/142773.jpg,https://img.travel.rakuten.co.jp/HIMG/90/142773.jpg,https://img.travel.rakuten.co.jp/share/HOTEL/142773/142773_kya.jpg,https://img.travel.rakuten.co.jp/HIMG/INTERIOR/142773.jpg,https://img.travel.rakuten.co.jp/share/HOTEL/142773/142773map.gif,196.0,4.03,"クチコミの詳細はこちらから　https://revi…　2026-04-03 22:18:15投稿 <a href=""https://img.travel.rakuten.co.jp/image/tr/api/re/gJNfM/?f_hotel_no=142773"" class=""3click"">つづきはこちら</a>",2sn,【禁煙】2段ベッド,6108583.0,スタンダードプラン（朝食サービス）,1,0,0,1,0,1,https://img.travel.rakuten.co.jp/image/tr/api/re/IdsCY/?f_no=142773&f_syu=2sn&f_hi1=2026-04-22&f_hi2=2026-04-23&f_heya_su=1&f_otona_su=1&f_s1=0&f_s2=0&f_y1=0&f_y2=0&f_y3=0&f_y4=0&f_camp_id=6108583,0,2026-04-22,6380,6380,0,2026-04-22,kurume
8080,ビジネスイン・シーガル,https://img.travel.rakuten.co.jp/image/tr/api/re/pvonD/?f_no=8080,https://img.travel.rakuten.co.jp/image/tr/api/re/vFumt/?f_no=8080&f_flg=PLAN,https://img.travel.rakuten.co.jp/image/tr/api/re/WzozX/?noTomariHotel=8080,https://img.travel.rakuten.co.jp/image/tr/api/re/gJNfM/?f_hotel_no=8080,びじねすいん・しーがる,久留米市花畑の静かでシンプルなホテル。客室無料LAN、フリーWi-Fi。長期は特にオトク。大型コインランドリー付帯。,4000,119895.68,469856.04,830-0039,福岡県,久留米市花畑 1-1-4,0942-38-4111,0942-32-7500,福岡天神から特急で直30分、JR久留米駅より車で5分、西鉄花畑駅より徒歩3分、久留米インターより車で15分、駐車場無料,無料：15台　先着順*満車の場合は近隣有料駐車場のご案内(500円/日前後)。大型車は別途ご相談。,久留米,https://img.travel.rakuten.co.jp/share/HOTEL/8080/8080.jpg,https://img.travel.rakuten.co.jp/HIMG/90/8080.jpg,https://img.travel.rakuten.co.jp/share/HOTEL/8080/8080_room.jpg,https://img.travel.rakuten.co.jp/HIMG/INTERIOR/8080.jpg,https://img.travel.rakuten.co.jp/share/HOTEL/8080/8080map.gif,278.0,4.02,,single,シングル,2264841.0,シングル楽天プラン [Basic Single],1,0,0,0,0,1,https://img.travel.rakuten.co.jp/image/tr/api/re/IdsCY/?f_no=8080&f_syu=single&f_hi1=2026-04-22&f_hi2=2026-04-23&f_heya_su=1&f_otona_su=1&f_s1=0&f_s2=0&f_y1=0&f_y2=0&f_y3=0&f_y4=0&f_camp_id=2264841,0,2026-04-22,5100,5100,0,2026-04-22,kurume
151388,ＨＯＴＥＬ　ＡＺ　福岡うきは店,https://img.travel.rakuten.co.jp/image/tr/api/re/pvonD/?f_no=151388,https://img.travel.rakuten.co.jp/image/tr/api/re/vFumt/?f_no=151388&f_flg=PLAN,https://img.travel.rakuten.co.jp/image/tr/api/re/WzozX/?noTomariHotel=151388,https://img.travel.rakuten.co.jp/image/tr/api/re/gJNfM/?f_hotel_no=151388,ほてる　えーぜっと　ふくおかうきはてん,杷木ＩＣより車で約7分！　駐車場無料・朝食無料・インターネット接続無料,4620,120011.29,470901.71,839-1403,福岡県,うきは市浮羽町東隈上314-4,0943-74-3311,0943-74-3312,九州自動車道　杷木ＩＣより車で約7分　ＪＲうきは駅よりお車にて約６分,無料駐車場92台あり　普通車：予約不要 、中型車・大型車：要予約,うきは,https://img.travel.rakuten.co.jp/share/HOTEL/151388/151388.jpg,https://img.travel.rakuten.co.jp/HIMG/90/151388.jpg,https://img.travel.rakuten.co.jp/share/HOTEL/151388/151388_kan1.jpg,https://img.travel.rakuten.co.jp/HIMG/INTERIOR/151388.jpg,https://img.travel.rakuten.co.jp/share/HOTEL/151388/151388map.gif,147.0,3.86,"クチコミの詳細はこちらから　https://…　2026-04-06 19:41:35投稿 <a href=""https://img.travel.rakuten.co.jp/image/tr/api/re/gJNfM/?f_hotel_no=151388"" class=""3click"">つづきはこちら</a>",002,【禁煙】シングル,6106105.0,スタンダードプラン（朝食サービス）,1,0,0,1,0,1,https://img.travel.rakuten.co.jp/image/tr/api/re/IdsCY/?f_no=151388&f_syu=002&f_hi1=2026-04-22&f_hi2=2026-04-23&f_heya_su=1&f_otona_su=1&f_s1=0&f_s2=0&f_y1=0&f_y2=0&f_y3=0&f_y4=0&f_camp_id=6106105,0,2026-04-22,6380,6380,0,2026-04-22,kurume
167668,ホステル　イルファーロ久留米,https://img.travel.rakuten.co.jp/image/tr/api/re/pvonD/?f_no=167668,https://img.travel.rakuten.co.jp/image/tr/api/re/vFumt/?f_no=167668&f_flg=PLAN,https://img.travel.rakuten.co.jp/image/tr/api/re/WzozX/?noTomariHotel=167668,https://img.travel.rakuten.co.jp/image/tr/api/re/gJNfM/?f_hotel_no=167668,ほすてる　いるふぁーろくるめ,西鉄久留米駅より徒歩1分。提携駐車場有。朝食無料。無料wifi有。,3900,119915.01,469881.77,830-0032,福岡県,久留米市東町38-13,0942-65-7140,0942-65-7168,西鉄久留米駅西口より徒歩1分。西鉄福岡天神駅より特急で32分。久留米インターから車で10分の好アクセス！,提携コインパーキング600円（三井のリパーク）詳細は駐車場MAPをご確認ください。,久留米,https://img.travel.rakuten.co.jp/share/HOTEL/167668/167668.jpg,https://img.travel.rakuten.co.jp/HIMG/90/167668.jpg,https://img.travel.rakuten.co.jp/share/HOTEL/167668/167668_kan1.jpg,https://img.travel.rakuten.co.jp/HIMG/INTERIOR/167668.jpg,https://img.travel.rakuten.co.jp/share/HOTEL/167668/167668map.gif,440.0,4.15,"クチコミの詳細はこちらから　https://review.travel.rakuten.co.jp/hotel/voice/167668?review…　2026-03-17 18:02:01投稿 <a href=""https://img.travel.rakuten.co.jp/image/tr/api/re/gJNfM/?f_hotel_no=167668"" class=""3click"">つづきはこちら</a>",111,【男性専用】シングル／4.7平米,5662084.0,【限定SALE】駅徒歩1分 コンビニすぐそばの好立地／アメニティ付 ,1,0,0,0,0,2,https://img.travel.rakuten.co.jp/image/tr/api/re/IdsCY/?f_no=167668&f_syu=111&f_hi1=2026-04-22&f_hi2=2026-04-23&f_heya_su=1&f_otona_su=1&f_s1=0&f_s2=0&f_y1=0&f_y2=0&f_y3=0&f_y4=0&f_camp_id=5662084,0,2026-04-22,4640,4640,0,2026-04-22,kurume
187885,フェアフィールド・バイ・マリオット・福岡うきは,https://img.travel.rakuten.co.jp/image/tr/api/re/pvonD/?f_no=187885,https://img.travel.rakuten.co.jp/image/tr/api/re/vFumt/?f_no=187885&f_flg=PLAN,https://img.travel.rakuten.co.jp/image/tr/api/re/WzozX/?noTomariHotel=187885,https://img.travel.rakuten.co.jp/image/tr/api/re/gJNfM/?f_hotel_no=187885,ふぇあふぃーるど･ばい･まりおっと･ふくおかうきは,筑後平野を一望できる道の駅「うきは」に隣接。観光農園でフルーツ狩りや風情豊な筑後吉井の白壁のまち並み散策も◎,6353,119990.79,470957.82,839-1408,福岡県,うきは市浮羽町山北734-6,06-6743-4750,06-6743-4584,JRうきは駅より車で約7分。杷木 ICより車で10分。,有り　先着順　【ホテル専用駐車場／ホテル裏共同利用駐車場】をご利用ください,うきは,https://img.travel.rakuten.co.jp/share/HOTEL/187885/187885.jpg,https://img.travel.rakuten.co.jp/HIMG/90/187885.jpg,,,https://img.travel.rakuten.co.jp/share/HOTEL/187885/187885map.gif,25.0,4.58,,ukiking,【禁煙】キングルーム　25平米/ベッド幅180cm×1台,6431378.0,＜1泊限定・最大20％OFF＞道の駅の日キャンペーンプラン,1,0,0,0,0,2,https://img.travel.rakuten.co.jp/image/tr/api/re/IdsCY/?f_no=187885&f_syu=ukiking&f_hi1=2026-04-22&f_hi2=2026-04-23&f_heya_su=1&f_otona_su=1&f_s1=0&f_s2=0&f_y1=0&f_y2=0&f_y3=0&f_y4=0&f_camp_id=6431378,0,2026-04-22,14520,14520,0,2026-04-22,kurume
199493,ＲＥＮＶＩ　Ｕｋｉｈａ〜福岡の宿〜／民泊,https://img.travel.rakuten.co.jp/image/tr/api/re/pvonD/?f_no=199493,https://img.travel.rakuten.co.jp/image/tr/api/re/vFumt/?f_no=199493&f_flg=PLAN,,https://img.travel.rakuten.co.jp/image/tr/api/re/gJNfM/?f_hotel_no=199493,,うきはの一棟貸し。筑後吉井駅徒歩15分。最大9名。,7888,120048.39,470708.56,839-1306,福岡県,うきは市吉井町新治696-1-1,090-7547-8648,00-0000-0000,筑後吉井駅から徒歩で5分,あり,筑後吉井,https://img.travel.rakuten.co.jp/share/HOTEL/199493/199493.jpg,https://img.travel.rakuten.co.jp/HIMG/90/199493.jpg,,,https://img.travel.rakuten.co.jp/share/HOTEL/199493/199493map.gif,,,,r21292_9,RENVI Ukiha〜福岡の宿〜,6417589.0,一棟貸切|最大9名|筑後吉井駅から平坦な道を歩いて15分|空港から車50分|,1,0,0,0,0,2,https://img.travel.rakuten.co.jp/image/tr/api/re/IdsCY/?f_no=199493&f_syu=r21292_9&f_hi1=2026-04-22&f_hi2=2026-04-23&f_heya_su=1&f_otona_su=1&f_s1=0&f_s2=0&f_y1=0&f_y2=0&f_y3=0&f_y4=0&f_camp_id=6417589,0,2026-04-22,34800,34800,0,2026-04-22,kurume
17701,博多グリーンホテル天神,https://img.travel.rakuten.co.jp/image/tr/api/re/pvonD/?f_no=17701,https://img.travel.rakuten.co.jp/image/tr/api/re/vFumt/?f_no=17701&f_flg=PLAN,https://img.travel.rakuten.co.jp/image/tr/api/re/WzozX/?noTomariHotel=17701,https://img.travel.rakuten.co.jp/image/tr/api/re/gJNfM/?f_hotel_no=17701,はかた　ぐりーんほてる　てんじん,チェックイン１３時、アウト１２時◇全室、シモンズ製６．５インチベッド、加湿空気清浄機完備◇Wi－Fi無料,7300,120912.03,469424.66,810-0041,福岡県,福岡市中央区大名2-9-11,092-722-3636,092-722-3637,福岡空港から市営地下鉄13分⇒赤坂駅下車後５番出口より徒歩１分,"近隣一般駐車場契約有[1泊2,500円入出庫無]※お気軽におたずね下さい",天神,https://img.travel.rakuten.co.jp/share/HOTEL/17701/17701.jpg,https://img.travel.rakuten.co.jp/HIMG/90/17701.jpg,https://img.travel.rakuten.co.jp/share/HOTEL/17701/17701_tw.jpg,https://img.travel.rakuten.co.jp/HIMG/INTERIOR/17701.jpg,https://img.travel.rakuten.co.jp/share/HOTEL/17701/17701map.gif,2178.0,4.14,"クチコミの詳細はこちらから　https://review.travel.rakuten.co.jp/hotel/voice/17701…　2026-04-13 16:45:47投稿 <a href=""https://img.travel.rakuten.co.jp/image/tr/api/re/gJNfM/?f_hotel_no=17701"" class=""3click"">つづきはこちら</a>",t-tenjin,喫煙ツインルーム,6298849.0,【煙草と珈琲で整える、大人の休息ステイ。】軽朝食無料サービス付き喫煙ペア＆ファミリープラン,1,0,0,0,0,1,https://img.travel.rakuten.co.jp/image/tr/api/re/IdsCY/?f_no=17701&f_syu=t-tenjin&f_hi1=2026-04-22&f_hi2=2026-04-23&f_heya_su=1&f_otona_su=1&f_s1=0&f_s2=0&f_y1=0&f_y2=0&f_y3=0&f_y4=0&f_camp_id=6298849,0,2026-04-22,27000,27000,0,2026-04-22,seibu
181851,ホテルリファレンス天神３,https://img.travel.rakuten.co.jp/image/tr/api/re/pvonD/?f_no=181851,https://img.travel.rakuten.co.jp/image/tr/api/re/vFumt/?f_no=181851&f_flg=PLAN,https://img.travel.rakuten.co.jp/image/tr/api/re/WzozX/?noTomariHotel=181851,https://img.travel.rakuten.co.jp/image/tr/api/re/gJNfM/?f_hotel_no=181851,ほてるりふぁれんすてんじん３,ライブハウス・イベント会場へのアクセス抜群！天神中心部徒歩圏内★全室クイーンサイズベッド＆4KTV。,4420,120926.32,469430.47,810-0001,福岡県,福岡市中央区天神3-8-10,092-718-3030,092-718-3050,西鉄福岡天神駅(地下鉄天神駅)下車から天神地下街の西1出口より徒歩7分,"24時間1,500円(ご宿泊者様のみ)　ご予約不可",西鉄福岡,https://img.travel.rakuten.co.jp/share/HOTEL/181851/181851.jpg,https://img.travel.rakuten.co.jp/HIMG/90/181851.jpg,,,https://img.travel.rakuten.co.jp/share/HOTEL/181851/181851map.gif,307.0,4.28,,0008,【禁煙】ダブルルーム(訳あり)★クイーンベッド★,5624071.0,【訳あり部屋】音を気にしない方限定！その分お得に素泊まり,1,0,0,0,0,1,https://img.travel.rakuten.co.jp/image/tr/api/re/IdsCY/?f_no=181851&f_syu=0008&f_hi1=2026-04-22&f_hi2=2026-04-23&f_heya_su=1&f_otona_su=1&f_s1=0&f_s2=0&f_y1=0&f_y2=0&f_y3=0&f_y4=0&f_camp_id=5624071,0,2026-04-22,18090,18090,0,2026-04-22,seibu
2604,ホテルオークラ福岡,https://img.travel.rakuten.co.jp/image/tr/api/re/pvonD/?f_no=2604,https://img.travel.rakuten.co.jp/image/tr/api/re/vFumt/?f_no=2604&f_flg=PLAN,https://img.travel.rakuten.co.jp/image/tr/api/re/WzozX/?noTomariHotel=2604,https://img.travel.rakuten.co.jp/image/tr/api/re/gJNfM/?f_hotel_no=2604,おーくら　ふくおか,ホテルオークラ福岡のおもてなしで寛ぎのひと時をお過ごし下さい。地下鉄直結の好立地により、ゆとりある時間でご利用頂けます。,10335,120931.91,469465.86,812-0027,福岡県,福岡市博多区下川端町3-2 博多リバレイン,092-262-1111,092-262-7701,"地下鉄-中洲川端駅直結-6番出口徒歩1分（福岡空港駅約10分,博多駅約5分）/お車（福岡空港約20分,博多駅約10分）","有り  1泊 ￥2,000（税込）　台数387台　※近隣施設共有駐車場の為、予約が出来兼ねます。",中洲川端,https://img.travel.rakuten.co.jp/share/HOTEL/2604/2604.jpg,https://img.travel.rakuten.co.jp/HIMG/90/2604.jpg,https://img.travel.rakuten.co.jp/share/HOTEL/2604/2604_sgl.jpg,https://img.travel.rakuten.co.jp/HIMG/INTERIOR/2604.jpg,https://img.travel.rakuten.co.jp/share/HOTEL/2604/2604map.gif,2290.0,4.54,"クチコミの詳細はこちらから　https://review.travel.rakute…　2026-04-20 18:25:24投稿 <a href=""https://img.travel.rakuten.co.jp/image/tr/api/re/gJNfM/?f_hotel_no=2604"" class=""3click"">つづきはこちら</a>",tanp,【禁煙】スタンダードツイン　28平米,2735628.0,【SAVER】シンプルステイ（室料のみ）,1,0,0,0,0,1,https://img.travel.rakuten.co.jp/image/tr/api/re/IdsCY/?f_no=2604&f_syu=tanp&f_hi1=2026-04-22&f_hi2=2026-04-23&f_heya_su=1&f_otona_su=1&f_s1=0&f_s2=0&f_y1=0&f_y2=0&f_y3=0&f_y4=0&f_camp_id=2735628,0,2026-04-22,43700,43700,0,2026-04-22,seibu
539,博多エクセルホテル東急,https://img.travel.rakuten.co.jp/image/tr/api/re/pvonD/?f_no=539,https://img.travel.rakuten.co.jp/image/tr/api/re/vFumt/?f_no=539&f_flg=PLAN,https://img.travel.rakuten.co.jp/image/tr/api/re/WzozX/?noTomariHotel=539,https://img.travel.rakuten.co.jp/image/tr/api/re/gJNfM/?f_hotel_no=539,はかた　えくせるほてるとうきゅう,九州最大級の繁華街中洲に位置　中洲屋台街・博多や天神エリアも徒歩圏内,6680,120921.8,469467.01,810-0801,福岡県,福岡市博多区中洲4-6-7,092-262-0109,092-262-5578,福岡空港・ＪＲ博多駅から地下鉄で一本！　中洲川端駅4番出口より徒歩約2分,"先着順で有料駐車場有り/予約不可/1泊1,700円/ 高さ制限を越えるお車は近隣駐車場をご案内します",中洲川端,https://img.travel.rakuten.co.jp/share/HOTEL/539/539.jpg,https://img.travel.rakuten.co.jp/HIMG/90/539.jpg,https://img.travel.rakuten.co.jp/share/HOTEL/539/539_t.jpg,https://img.travel.rakuten.co.jp/HIMG/INTERIOR/539.jpg,https://img.travel.rakuten.co.jp/share/HOTEL/539/539map.gif,2026.0,4.16,"クチコミの詳細はこちらから　https://review.travel.rakuten.co.jp/hotel/voice/539?reviewId=…　2026-03-26 21:12:29投稿 <a href=""https://img.travel.rakuten.co.jp/image/tr/api/re/gJNfM/?f_hotel_no=539"" class=""3click"">つづきはこちら</a>",free1,【禁煙】【1名】お部屋タイプおまかせ,6229251.0,【当日限定】素泊まりプラン！【1名1室お部屋タイプおまかせ】,1,0,0,0,0,1,https://img.travel.rakuten.co.jp/image/tr/api/re/JlnYS/?f_no=539&f_syu=free1&f_hi1=2026-04-22&f_hi2=2026-04-23&f_heya_su=1&f_otona_su=1&f_s1=0&f_s2=0&f_y1=0&f_y2=0&f_y3=0&f_y4=0&f_camp_id=6229251,2,2026-04-22,25000,25000,1,2026-04-22,seibu
172982,ザ・ライブリー福岡博多（ＴＨＥ　ＬＩＶＥＬＹ　福岡博多）,https://img.travel.rakuten.co.jp/image/tr/api/re/pvonD/?f_no=172982,https://img.travel.rakuten.co.jp/image/tr/api/re/vFumt/?f_no=172982&f_flg=PLAN,https://img.travel.rakuten.co.jp/image/tr/api/re/WzozX/?noTomariHotel=172982,https://img.travel.rakuten.co.jp/image/tr/api/re/gJNfM/?f_hotel_no=172982,ざ　らいぶりー　はかた　ふくおか,コワーキングスペースやビリヤード、充実したルームサービス、夕方にはフリービール提供。福岡初のライフスタイルホテル。,4950,120925.82,469465.11,810-0801,福岡県,福岡市博多区中洲5-2-18,050-3138-2071, ,地下鉄「中洲川端」駅2番出口より徒歩1分。天神・繁華街まで徒歩圏内。【地下鉄で】博多駅から3分、福岡空港から10分。,1800円/泊　予約不可　車種制限(車高1.6ｍ、車幅1.7ｍ)　7:00-23:00,中洲川端,https://img.travel.rakuten.co.jp/share/HOTEL/172982/172982.jpg,https://img.travel.rakuten.co.jp/HIMG/90/172982.jpg,https://img.travel.rakuten.co.jp/share/HOTEL/172982/172982_kan1.jpg,https://img.travel.rakuten.co.jp/HIMG/INTERIOR/172982.jpg,https://img.travel.rakuten.co.jp/share/HOTEL/172982/172982map.gif,405.0,3.68,"良かった点を先に。新しいきれいなホテル。雰囲気もおしゃれなバーっぽい。インテリアも特段高いものはつかっていないが雰囲気にあっているものが使われていて統一感…　2026-03-25 17:59:13投稿 <a href=""https://img.travel.rakuten.co.jp/image/tr/api/re/gJNfM/?f_hotel_no=172982"" class=""3click"">つづきはこちら</a>",dl,デラックスロフト（禁煙）,4442276.0,【スタンダードプラン】海外気分のデザインホテル！夕方はフリービール提供中（素泊まり）,1,0,0,0,0,1,https://img.travel.rakuten.co.jp/image/tr/api/re/IdsCY/?f_no=172982&f_syu=dl&f_hi1=2026-04-22&f_hi2=2026-04-23&f_heya_su=1&f_otona_su=1&f_s1=0&f_s2=0&f_y1=0&f_y2=0&f_y3=0&f_y4=0&f_camp_id=4442276,0,2026-04-22,49600,49600,0,2026-04-22,seibu
104626,ベッセルイン博多中洲（中洲川端）（２０２６年２月２８日全客室リニューアル）　,https://img.travel.rakuten.co.jp/image/tr/api/re/pvonD/?f_no=104626,https://img.travel.rakuten.co.jp/image/tr/api/re/vFumt/?f_no=104626&f_flg=PLAN,https://img.travel.rakuten.co.jp/image/tr/api/re/WzozX/?noTomariHotel=104626,https://img.travel.rakuten.co.jp/image/tr/api/re/gJNfM/?f_hotel_no=104626,べっせるいんはかたなかす　なかすかわばた,福岡空港から地下鉄で4駅の好立地！中洲川端駅から徒歩１分。Wi-Fi全室無料。18歳以下添い寝無料。,3725,120927.24,469465.95,810-0801,福岡県,福岡市博多区中洲5-1-12,092-271-4055,092-271-4050,地下鉄中洲川端駅より徒歩１分 【中洲川端駅３番出口】JR博多駅、地下鉄天神駅より車で５分。福岡空港までも車で10分。,５台　電話予約制　満車の場合近隣のコインパーキングへのご案内になります。,中洲川端,https://img.travel.rakuten.co.jp/share/HOTEL/104626/104626.jpg,https://img.travel.rakuten.co.jp/HIMG/90/104626.jpg,https://img.travel.rakuten.co.jp/share/HOTEL/104626/104626_sin.jpg,https://img.travel.rakuten.co.jp/HIMG/INTERIOR/104626.jpg,https://img.travel.rakuten.co.jp/share/HOTEL/104626/104626map.gif,2044.0,4.17,"以前、チェックイン時に配布されていたカップラーメンは、なくなったのでしょうか。案内…　2026-04-21 16:04:00投稿 <a href=""https://img.travel.rakuten.co.jp/image/tr/api/re/gJNfM/?f_hotel_no=104626"" class=""3click"">つづきはこちら</a>",nsa,セミダブル☆禁煙,3303400.0,【スタンダード☆素泊まり】中洲川端駅3番出口から徒歩1分,1,0,0,0,0,1,https://img.travel.rakuten.co.jp/image/tr/api/re/IdsCY/?f_no=104626&f_syu=nsa&f_hi1=2026-04-22&f_hi2=2026-04-23&f_heya_su=1&f_otona_su=1&f_s1=0&f_s2=0&f_y1=0&f_y2=0&f_y3=0&f_y4=0&f_camp_id=3303400,0,2026-04-22,25400,25400,0,2026-04-22,seibu
5388,ＫＫＲホテル博多（国家公務員共済組合連合会福岡共済会館）,https://img.travel.rakuten.co.jp/image/tr/api/re/pvonD/?f_no=5388,https://img.travel.rakuten.co.jp/image/tr/api/re/vFumt/?f_no=5388&f_flg=PLAN,https://img.travel.rakuten.co.jp/image/tr/api/re/WzozX/?noTomariHotel=5388,https://img.travel.rakuten.co.jp/image/tr/api/re/gJNfM/?f_hotel_no=5388,けーけーあーるほてる　はかた,地下鉄「薬院大通駅」から徒歩約4分！敷地内に平面駐車場を56台完備♪何度でも出し入れできるからクルマ旅にもピッタリ！,5500,120871.72,469425.58,810-0022,福岡県,福岡市中央区薬院4-21-1,092-521-1361,092-521-4881,「南薬院」バス停から徒歩約1分、地下鉄七隈線「薬院大通駅」から徒歩約4分,56台収容可能の平面駐車場を敷地内に完備。何度でも出し入れ可能。（有料1000円/泊・先着順）,博多,https://img.travel.rakuten.co.jp/share/HOTEL/5388/5388.jpg,https://img.travel.rakuten.co.jp/HIMG/90/5388.jpg,https://img.travel.rakuten.co.jp/share/HOTEL/5388/5388_sgl.jpg,https://img.travel.rakuten.co.jp/HIMG/INTERIOR/5388.jpg,https://img.travel.rakuten.co.jp/share/HOTEL/5388/5388map.gif,2640.0,4.36,"クチコミの詳細はこちらから　https://review.travel.rakuten.co.jp/hotel/v…　2026-04-17 17:39:12投稿 <a href=""https://img.travel.rakuten.co.jp/image/tr/api/re/gJNfM/?f_hotel_no=5388"" class=""3click"">つづきはこちら</a>",nstb,【禁煙】ツインルーム（ベッド幅123cm）,2655031.0,【平面駐車場完備】駐車料金無料プラン【素泊まり】,1,0,0,0,0,1,https://img.travel.rakuten.co.jp/image/tr/api/re/IdsCY/?f_no=5388&f_syu=nstb&f_hi1=2026-04-22&f_hi2=2026-04-23&f_heya_su=1&f_otona_su=1&f_s1=0&f_s2=0&f_y1=0&f_y2=0&f_y3=0&f_y4=0&f_camp_id=2655031,0,2026-04-22,29000,29000,0,2026-04-22,seibu
1533,西鉄グランドホテル,https://img.travel.rakuten.co.jp/image/tr/api/re/pvonD/?f_no=1533,https://img.travel.rakuten.co.jp/image/tr/api/re/vFumt/?f_no=1533&f_flg=PLAN,https://img.travel.rakuten.co.jp/image/tr/api/re/WzozX/?noTomariHotel=1533,https://img.travel.rakuten.co.jp/image/tr/api/re/gJNfM/?f_hotel_no=1533,にしてつぐらんどほてる,地下鉄天神駅から徒歩約1分でアクセス抜群！一人旅～グループ旅行にも◎伝統息づくおもてなしでお客様をお出迎え,9500,120910.26,469433.04,810-8587,福岡県,福岡市中央区大名2-6-60,092-781-0711,092-751-8224,地下鉄にて福岡空港から天神駅まで約11分、「2番出口」より徒歩約1分。福岡の中心に位置し交通機関は大変便利です。,有り　チェックイン当日は到着時から、チェックアウト日は正午12時まで駐車可。,博多,https://img.travel.rakuten.co.jp/share/HOTEL/1533/1533.jpg,https://img.travel.rakuten.co.jp/HIMG/90/1533.jpg,https://img.travel.rakuten.co.jp/share/HOTEL/1533/1533_twin.jpg,https://img.travel.rakuten.co.jp/HIMG/INTERIOR/1533.jpg,https://img.travel.rakuten.co.jp/share/HOTEL/1533/1533map.gif,4861.0,4.34,"クチコミの詳細はこちらから　https://review.travel.rakuten.co.jp/hotel/voic…　2026-04-16 04:33:25投稿 <a href=""https://img.travel.rakuten.co.jp/image/tr/api/re/gJNfM/?f_hotel_no=1533"" class=""3click"">つづきはこちら</a>",rsuite,【禁煙】ロイヤルスイート,5386213.0,【1室限定！73平米スイートルーム】ホテルで過ごす特別なひととき☆＜朝食付＞,1,0,0,1,0,2,https://img.travel.rakuten.co.jp/image/tr/api/re/IdsCY/?f_no=1533&f_syu=rsuite&f_hi1=2026-04-22&f_hi2=2026-04-23&f_heya_su=1&f_otona_su=1&f_s1=0&f_s2=0&f_y1=0&f_y2=0&f_y3=0&f_y4=0&f_camp_id=5386213,0,2026-04-22,123800,123800,0,2026-04-22,seibu
192803,ＯＮＥ　ＦＵＫＵＯＫＡ　ＨＯＴＥＬ,https://img.travel.rakuten.co.jp/image/tr/api/re/pvonD/?f_no=192803,https://img.travel.rakuten.co.jp/image/tr/api/re/vFumt/?f_no=192803&f_flg=PLAN,,https://img.travel.rakuten.co.jp/image/tr/api/re/gJNfM/?f_hotel_no=192803,わんふくおかほてる,天神の空に、くつろぐ,38160,120915.06,469448.76,810-0001,福岡県,福岡市中央区天神1-11-1 ONE FUKUOKA BLDG 18-19F,092-752-1110,092-752-1112,福岡市営地下鉄天神駅直結 / 地下鉄赤坂駅（徒歩10分）/ 福岡空港駅11分（地下鉄空港線）,無し,天神,https://img.travel.rakuten.co.jp/share/HOTEL/192803/192803.jpg,https://img.travel.rakuten.co.jp/HIMG/90/192803.jpg,,,https://img.travel.rakuten.co.jp/share/HOTEL/192803/192803map.gif,13.0,4.77,,sko,シグニチャーキング(36+テラス7m2),6260803.0,【室料のみ】天神の空にくつろぐ（宿泊者専用ラウンジ/大浴場サウナ/フィットネスアクセス付）,1,0,0,0,0,1,https://img.travel.rakuten.co.jp/image/tr/api/re/IdsCY/?f_no=192803&f_syu=sko&f_hi1=2026-04-22&f_hi2=2026-04-23&f_heya_su=1&f_otona_su=1&f_s1=0&f_s2=0&f_y1=0&f_y2=0&f_y3=0&f_y4=0&f_camp_id=6260803,0,2026-04-22,105000,105000,0,2026-04-22,seibu
171975,リッチモンドホテル天神西通,https://img.travel.rakuten.co.jp/image/tr/api/re/pvonD/?f_no=171975,https://img.travel.rakuten.co.jp/image/tr/api/re/vFumt/?f_no=171975&f_flg=PLAN,https://img.travel.rakuten.co.jp/image/tr/api/re/WzozX/?noTomariHotel=171975,https://img.travel.rakuten.co.jp/image/tr/api/re/gJNfM/?f_hotel_no=171975,りっちもんどほてるてんじんにしどおり,楽天トラベルブロンズアワード2024受賞☆空港・博多・中洲へのアクセスも抜群。市内ビジネス、観光の拠点に最適なホテル。,7090,120909.07,469436.1,810-0001,福岡県,福岡市中央区天神2-6-16,092-717-2477,092-717-2478,地下鉄空港線　天神駅より徒歩にて約５分,無し【提携先】福岡中央自動車駐車場※2026年3月末で閉業予定です。以降の提携先はございません。,天神,https://img.travel.rakuten.co.jp/share/HOTEL/171975/171975.jpg,https://img.travel.rakuten.co.jp/HIMG/90/171975.jpg,https://img.travel.rakuten.co.jp/share/HOTEL/171975/171975_kan1.jpg,https://img.travel.rakuten.co.jp/HIMG/INTERIOR/171975.jpg,https://img.travel.rakuten.co.jp/share/HOTEL/171975/171975map.gif,884.0,4.3,"クチコミの詳細はこちらから　https://r…　2026-04-10 16:11:03投稿 <a href=""https://img.travel.rakuten.co.jp/image/tr/api/re/gJNfM/?f_hotel_no=171975"" class=""3click"">つづきはこちら</a>",sn,【禁煙】モデレートシングル,5190815.0,【楽天限定】素泊まり　福岡の出張/観光の拠点におすすめ,1,0,0,0,0,1,https://img.travel.rakuten.co.jp/image/tr/api/re/IdsCY/?f_no=171975&f_syu=sn&f_hi1=2026-04-22&f_hi2=2026-04-23&f_heya_su=1&f_otona_su=1&f_s1=0&f_s2=0&f_y1=0&f_y2=0&f_y3=0&f_y4=0&f_camp_id=5190815,0,2026-04-22,22500,22500,0,2026-04-22,seibu
84779,グリーンリッチホテル西鉄大橋駅前,https://img.travel.rakuten.co.jp/image/tr/api/re/pvonD/?f_no=84779,https://img.travel.rakuten.co.jp/image/tr/api/re/vFumt/?f_no=84779&f_flg=PLAN,https://img.travel.rakuten.co.jp/image/tr/api/re/WzozX/?noTomariHotel=84779,https://img.travel.rakuten.co.jp/image/tr/api/re/gJNfM/?f_hotel_no=84779,ぐりーんりっちほてるにしてつおおはしえきまえ,天神まで西鉄電車で７分♪　観光やビジネスの拠点に最適な立地です,4800,120800.69,469542.04,815-0033,福岡県,福岡市南区大橋1-7-15,092-552-4400,092-552-4422,天神から西鉄電車で大橋駅下車。JR竹下駅西口から西鉄バスで大橋駅前下車。西鉄大橋駅（西口）を出て右に進み徒歩にて1分。,ホテルの駐車場はございません。近隣の有料駐車場をご案内致します。,大橋（福岡）,https://img.travel.rakuten.co.jp/share/HOTEL/84779/84779.jpg,https://img.travel.rakuten.co.jp/HIMG/90/84779.jpg,https://img.travel.rakuten.co.jp/share/HOTEL/84779/84779_ru.jpg,https://img.travel.rakuten.co.jp/HIMG/INTERIOR/84779.jpg,https://img.travel.rakuten.co.jp/share/HOTEL/84779/84779map.gif,608.0,3.86,"天神と太宰府に用事があり家族で宿泊しました。西鉄沿線のためどちらにもアクセスよく、また最寄り駅の目の前に立地しているので、子連れ旅行に最適でした。宿泊…　2026-04-13 19:38:57投稿 <a href=""https://img.travel.rakuten.co.jp/image/tr/api/re/gJNfM/?f_hotel_no=84779"" class=""3click"">つづきはこちら</a>",ts,エコノミーツインルーム【喫煙】,6436851.0,【当日限定】■朝食無料サービス■,1,0,0,1,0,1,https://img.travel.rakuten.co.jp/image/tr/api/re/JlnYS/?f_no=84779&f_syu=ts&f_hi1=2026-04-22&f_hi2=2026-04-23&f_heya_su=1&f_otona_su=1&f_s1=0&f_s2=0&f_y1=0&f_y2=0&f_y3=0&f_y4=0&f_camp_id=6436851,2,2026-04-22,14300,14300,0,2026-04-22,seibu
151071,ホテルニューガイア　ドーム前,https://img.travel.rakuten.co.jp/image/tr/api/re/pvonD/?f_no=151071,https://img.travel.rakuten.co.jp/image/tr/api/re/vFumt/?f_no=151071&f_flg=PLAN,https://img.travel.rakuten.co.jp/image/tr/api/re/WzozX/?noTomariHotel=151071,https://img.travel.rakuten.co.jp/image/tr/api/re/gJNfM/?f_hotel_no=151071,にゅーがいあ　どーむまえ,全客室にエアウィーヴ採用！宿泊者専用ラウンジではドリンク類が無料！スパークリングワインタイムもおススメ！,4475,120910.2,469333.0,810-0064,福岡県,福岡市中央区地行1-4-6,092-737-3901,092-737-3910,地下鉄空港線　唐人町駅より徒歩約５分！福岡空港、博多、天神にも地下鉄一本の好立地！,有り(先着5台予約不可)　車高1.55mまで(立体駐車場)　1000円(税込)／泊　※二輪駐輪場無し,唐人町,https://img.travel.rakuten.co.jp/share/HOTEL/151071/151071.jpg,https://img.travel.rakuten.co.jp/HIMG/90/151071.jpg,,,https://img.travel.rakuten.co.jp/share/HOTEL/151071/151071map.gif,644.0,4.26,,rnds,【禁煙】☆リニューアルダブルルームA☆,4476095.0,【キャンセル不可】確約STAYプラン【カード決済限定】,1,0,0,0,0,2,https://img.travel.rakuten.co.jp/image/tr/api/re/IdsCY/?f_no=151071&f_syu=rnds&f_hi1=2026-04-22&f_hi2=2026-04-23&f_heya_su=1&f_otona_su=1&f_s1=0&f_s2=0&f_y1=0&f_y2=0&f_y3=0&f_y4=0&f_camp_id=4476095,0,2026-04-22,15200,15200,0,2026-04-22,seibu
1974,西鉄イン天神,https://img.travel.rakuten.co.jp/image/tr/api/re/pvonD/?f_no=1974,https://img.travel.rakuten.co.jp/image/tr/api/re/vFumt/?f_no=1974&f_flg=PLAN,https://img.travel.rakuten.co.jp/image/tr/api/re/WzozX/?noTomariHotel=1974,https://img.travel.rakuten.co.jp/image/tr/api/re/gJNfM/?f_hotel_no=1974,にしてついん　てんじん,福岡の繁華街・天神の中心に位置し、大名・中洲も歩いてスグ！天神屋台街まで徒歩1分、福岡を満喫できる駅近ホテル,5550,120895.53,469454.06,810-0004,福岡県,福岡市中央区渡辺通4-7-1,092-713-5454,092-713-5460,地下鉄七隈線(天神南-博多)延伸でアクセスがさらに便利に♪地下鉄（七隈線）天神南駅・中央改札口から徒歩約5分,1泊／1500円,西鉄福岡,https://img.travel.rakuten.co.jp/share/HOTEL/1974/1974.jpg,https://img.travel.rakuten.co.jp/HIMG/90/1974.jpg,https://img.travel.rakuten.co.jp/share/HOTEL/1974/1974_sgl.jpg,https://img.travel.rakuten.co.jp/HIMG/INTERIOR/1974.jpg,https://img.travel.rakuten.co.jp/share/HOTEL/1974/1974map.gif,2352.0,3.98,,sssr,【喫煙】シングルルーム,5327736.0,【スタンダード】ビジネス・観光に抜群のロケーション！天神の駅近ホテル＜素泊り＞,1,0,0,0,0,2,https://img.travel.rakuten.co.jp/image/tr/api/re/IdsCY/?f_no=1974&f_syu=sssr&f_hi1=2026-04-22&f_hi2=2026-04-23&f_heya_su=1&f_otona_su=1&f_s1=0&f_s2=0&f_y1=0&f_y2=0&f_y3=0&f_y4=0&f_camp_id=5327736,0,2026-04-22,11600,11600,0,2026-04-22,seibu
196538,福岡プリンスホテル　ももち浜（２０２６年３月１７日開業）,https://img.travel.rakuten.co.jp/image/tr/api/re/pvonD/?f_no=196538,https://img.travel.rakuten.co.jp/image/tr/api/re/vFumt/?f_no=196538&f_flg=PLAN,https://img.travel.rakuten.co.jp/image/tr/api/re/WzozX/?noTomariHotel=196538,https://img.travel.rakuten.co.jp/image/tr/api/re/gJNfM/?f_hotel_no=196538,ふくおかぷりんすほてる　ももちはま（２０２６ねん３がつ１７にち）,【お得なクーポン配布中】2026年3月17日開業｜全室オーシャンビューのプリンスホテル,13052,120924.37,469270.09,814-0001,福岡県,福岡市早良区百道浜二丁目3番23号,092-400-1806,092-400-2016,地下鉄 西新駅から（最寄駅）：タクシー 約6分／徒歩 約20分,"62台。（有料・1泊2,000円）満車でご利用いただけない場合がございます。",西新,https://img.travel.rakuten.co.jp/share/HOTEL/196538/196538.jpg,https://img.travel.rakuten.co.jp/HIMG/90/196538.jpg,,,https://img.travel.rakuten.co.jp/share/HOTEL/196538/196538map.gif,9.0,3.44,,muton,【オーシャンビュー】スーペリア ツイン,6314267.0,2026年3月OPEN！開業記念プラン 室料のみ,1,0,0,0,0,1,https://img.travel.rakuten.co.jp/image/tr/api/re/IdsCY/?f_no=196538&f_syu=muton&f_hi1=2026-04-22&f_hi2=2026-04-23&f_heya_su=1&f_otona_su=1&f_s1=0&f_s2=0&f_y1=0&f_y2=0&f_y3=0&f_y4=0&f_camp_id=6314267,0,2026-04-22,27538,27538,0,2026-04-22,seibu
165560,Ｈ　ＨＯＴＥＬ,https://img.travel.rakuten.co.jp/image/tr/api/re/pvonD/?f_no=165560,https://img.travel.rakuten.co.jp/image/tr/api/re/vFumt/?f_no=165560&f_flg=PLAN,https://img.travel.rakuten.co.jp/image/tr/api/re/WzozX/?noTomariHotel=165560,https://img.travel.rakuten.co.jp/image/tr/api/re/gJNfM/?f_hotel_no=165560,えいち　ほてる,福岡の中心・大名発★設備充実の【ホテル×コワーキングスペース】高速Wi-Fi、挽きたてコーヒーに話題のあの本まで♪,5120,120906.31,469430.33,810-0041,福岡県,福岡市中央区大名2-1-13,092-722-5070,092-722-5077,地下鉄空港線「天神駅」より徒歩5分。博多駅から3駅（5分）／福岡空港から5駅（12分）,専用駐車場なし／近隣の駐車場をご案内しております〈紙与パーキング大名〉当ホテルから車で２分、徒歩５分,天神,https://img.travel.rakuten.co.jp/share/HOTEL/165560/165560.jpg,https://img.travel.rakuten.co.jp/HIMG/90/165560.jpg,,,https://img.travel.rakuten.co.jp/share/HOTEL/165560/165560map.gif,70.0,4.26,,h8,ペントハウス（スイートルーム｜146.5平米）【禁煙】,6195580.0,【セルフチェックイン】朝5時まで予約OK！当日の急なご宿泊にも安心♪＜素泊まり＞,1,0,0,0,0,2,https://img.travel.rakuten.co.jp/image/tr/api/re/IdsCY/?f_no=165560&f_syu=h8&f_hi1=2026-04-22&f_hi2=2026-04-23&f_heya_su=1&f_otona_su=1&f_s1=0&f_s2=0&f_y1=0&f_y2=0&f_y3=0&f_y4=0&f_camp_id=6195580,0,2026-04-22,93200,93200,0,2026-04-22,seibu
181718,ホテルＪＡＬシティ福岡　天神,https://img.travel.rakuten.co.jp/image/tr/api/re/pvonD/?f_no=181718,https://img.travel.rakuten.co.jp/image/tr/api/re/vFumt/?f_no=181718&f_flg=PLAN,https://img.travel.rakuten.co.jp/image/tr/api/re/WzozX/?noTomariHotel=181718,https://img.travel.rakuten.co.jp/image/tr/api/re/gJNfM/?f_hotel_no=181718,ほてるじゃるしてぃふくおか　てんじん,2021年3月開業！空港・博多駅を結ぶ地下鉄赤坂駅3番出口より徒歩1分の好立地！！,9000,120909.95,469417.35,810-0041,福岡県,福岡市中央区大名2-12-5,092-718-7558,092-718-7567,福岡市営地下鉄赤坂駅3番出口より徒歩1分,"立体駐車場あり(台数26台・2,000円/泊) 予約不可",赤坂（福岡）,https://img.travel.rakuten.co.jp/share/HOTEL/181718/181718.jpg,https://img.travel.rakuten.co.jp/HIMG/90/181718.jpg,,,https://img.travel.rakuten.co.jp/share/HOTEL/181718/181718map.gif,514.0,4.5,"バストイレ別以外は、、特に特徴はなく、よくあるビジホと変わり…　2026-04-17 12:52:59投稿 <a href=""https://img.travel.rakuten.co.jp/image/tr/api/re/gJNfM/?f_hotel_no=181718"" class=""3click"">つづきはこちら</a>",mq,モデレートクイーン／21平米・禁煙,4933287.0,【SAVER】シンプルステイ(室料のみ),1,0,0,0,0,1,https://img.travel.rakuten.co.jp/image/tr/api/re/IdsCY/?f_no=181718&f_syu=mq&f_hi1=2026-04-22&f_hi2=2026-04-23&f_heya_su=1&f_otona_su=1&f_s1=0&f_s2=0&f_y1=0&f_y2=0&f_y3=0&f_y4=0&f_camp_id=4933287,0,2026-04-22,44000,44000,0,2026-04-22,seibu
882,福岡アルティ・イン,https://img.travel.rakuten.co.jp/image/tr/api/re/pvonD/?f_no=882,https://img.travel.rakuten.co.jp/image/tr/api/re/vFumt/?f_no=882&f_flg=PLAN,https://img.travel.rakuten.co.jp/image/tr/api/re/WzozX/?noTomariHotel=882,https://img.travel.rakuten.co.jp/image/tr/api/re/gJNfM/?f_hotel_no=882,ふくおか　あるてぃ・いん,天神と中洲の中間に立地し、大丸・三越・中洲の屋台へも徒歩すぐ。【楽天トラベルアワード7年連続受賞☆】,3780,120907.85,469463.27,810-0004,福岡県,福岡市中央区渡辺通５丁目１－２０,092-724-3511,092-714-3200,地下鉄七隈線「天神南駅」6番出口から徒歩3分。空港からは地下鉄空港線に乗り、「博多駅」で七隈線にお乗り換えください。,"要予約。1泊／1,100円（税込）",天神,https://img.travel.rakuten.co.jp/share/HOTEL/882/882.jpg,https://img.travel.rakuten.co.jp/HIMG/90/882.jpg,https://img.travel.rakuten.co.jp/share/HOTEL/882/882_room.jpg,https://img.travel.rakuten.co.jp/HIMG/INTERIOR/882.jpg,https://img.travel.rakuten.co.jp/share/HOTEL/882/882map.gif,3860.0,4.15,,retta,■喫煙ツイン◆全室無料Wi-Fi接続,5507724.0,【当日限定】ツインルーム　お得に泊まれちゃいますプラン♪【ポイント５倍】,5,0,0,0,0,1,https://img.travel.rakuten.co.jp/image/tr/api/re/JlnYS/?f_no=882&f_syu=retta&f_hi1=2026-04-22&f_hi2=2026-04-23&f_heya_su=1&f_otona_su=1&f_s1=0&f_s2=0&f_y1=0&f_y2=0&f_y3=0&f_y4=0&f_camp_id=5507724,2,2026-04-22,19000,19000,0,2026-04-22,seibu
1137,ヒルトン福岡シーホーク,https://img.travel.rakuten.co.jp/image/tr/api/re/pvonD/?f_no=1137,https://img.travel.rakuten.co.jp/image/tr/api/re/vFumt/?f_no=1137&f_flg=PLAN,https://img.travel.rakuten.co.jp/image/tr/api/re/WzozX/?noTomariHotel=1137,https://img.travel.rakuten.co.jp/image/tr/api/re/gJNfM/?f_hotel_no=1137,ひるとんふくおかしーほーく,みずほPayPayドーム福岡隣接。全室オーシャンビュー！専用ラウンジ特典付エグゼクティブフロアも魅力。,10693,120928.65,469306.24,810-8650,福岡県,福岡市中央区地行浜2-2-3,092-844-8111,092-844-7899,【バス】天神からW１番で１５分／博多駅から３０６番で３０分→ヒルトン福岡前下車 。,"有り 800台 １泊2,000円(予約不要。チェックイン前の駐車可能）",唐人町,https://img.travel.rakuten.co.jp/share/HOTEL/1137/1137.jpg,https://img.travel.rakuten.co.jp/HIMG/90/1137.jpg,https://img.travel.rakuten.co.jp/share/HOTEL/1137/1137_sgl.jpg,https://img.travel.rakuten.co.jp/HIMG/INTERIOR/1137.jpg,https://img.travel.rakuten.co.jp/share/HOTEL/1137/1137map.gif,4690.0,4.13,"クチコミの…　2026-04-15 12:26:00投稿 <a href=""https://img.travel.rakuten.co.jp/image/tr/api/re/gJNfM/?f_hotel_no=1137"" class=""3click"">つづきはこちら</a>",d1,ヒルトン ダブル（禁煙）,6249610.0,【博多湾オーシャンビュー】お子様連れも安心！6歳未満添い寝無料♪シンプルステイ（お部屋のみ）冬春,1,0,0,0,0,1,https://img.travel.rakuten.co.jp/image/tr/api/re/IdsCY/?f_no=1137&f_syu=d1&f_hi1=2026-04-22&f_hi2=2026-04-23&f_heya_su=1&f_otona_su=1&f_s1=0&f_s2=0&f_y1=0&f_y2=0&f_y3=0&f_y4=0&f_camp_id=6249610,0,2026-04-22,34683,34683,0,2026-04-22,seibu
182563,コンフォートイン福岡天神,https://img.travel.rakuten.co.jp/image/tr/api/re/pvonD/?f_no=182563,https://img.travel.rakuten.co.jp/image/tr/api/re/vFumt/?f_no=182563&f_flg=PLAN,https://img.travel.rakuten.co.jp/image/tr/api/re/WzozX/?noTomariHotel=182563,https://img.travel.rakuten.co.jp/image/tr/api/re/gJNfM/?f_hotel_no=182563,こんふぉーといんふくおかてんじん,地下鉄空港線「天神」駅16番出口より徒約5分◆九州最大の繁華街「中洲屋台街」まで徒歩約7分◆小学6年生まで添い寝無料,4700,120910.27,469461.25,810-0001,福岡県,福岡市中央区天神1-2-1,092-711-2811,092-711-2812,天神南駅5番出口徒歩約1分◆天神駅16番出口徒歩約5分◆博多バスターミナルA・E・F乗り場より春吉停留所下車、徒歩約1分,"敷地内駐車場　身体障碍者用1台　1泊（15:00〜10:00）2,000円　先着順",天神,https://img.travel.rakuten.co.jp/share/HOTEL/182563/182563.jpg,https://img.travel.rakuten.co.jp/HIMG/90/182563.jpg,,,https://img.travel.rakuten.co.jp/share/HOTEL/182563/182563map.gif,419.0,4.07,"クチコミの詳細はこちらから　https://review.travel.rakute…　2026-04-19 20:36:50投稿 <a href=""https://img.travel.rakuten.co.jp/image/tr/api/re/gJNfM/?f_hotel_no=182563"" class=""3click"">つづきはこちら</a>",nds,１ベッド◆ダブルスタンダード◆多機能シャワーブース浴室◆禁煙,5080242.0,自由きままな Comfort stay◆天神南駅から徒歩1分◆素泊まり,1,0,0,0,0,1,https://img.travel.rakuten.co.jp/image/tr/api/re/IdsCY/?f_no=182563&f_syu=nds&f_hi1=2026-04-22&f_hi2=2026-04-23&f_heya_su=1&f_otona_su=1&f_s1=0&f_s2=0&f_y1=0&f_y2=0&f_y3=0&f_y4=0&f_camp_id=5080242,0,2026-04-22,22000,22000,0,2026-04-22,seibu
70215,ホテルマイステイズ福岡天神南,https://img.travel.rakuten.co.jp/image/tr/api/re/pvonD/?f_no=70215,https://img.travel.rakuten.co.jp/image/tr/api/re/vFumt/?f_no=70215&f_flg=PLAN,https://img.travel.rakuten.co.jp/image/tr/api/re/WzozX/?noTomariHotel=70215,https://img.travel.rakuten.co.jp/image/tr/api/re/gJNfM/?f_hotel_no=70215,ほてるまいすていずふくおかてんじんみなみ,地下鉄七隈線「天神南駅」から徒歩5分、「天神・中洲エリア」へ徒歩圏内。 ミニキッチン付のお部屋は連泊時に大人気！,3780,120907.54,469471.21,810-0003,福岡県,福岡市中央区春吉3-14-20,092-286-1700,092-286-2100,■空港から空港線「博多駅」にて七隈線に乗り換え「天神南駅」6番出口より徒歩5分■「天神高速バスターミナル」より徒歩８分,"ご利用の方は事前にお電話にてご予約下さい。1,500円／泊　※先着順。台数に限りがあります。　",,https://img.travel.rakuten.co.jp/share/HOTEL/70215/70215.jpg,https://img.travel.rakuten.co.jp/HIMG/90/70215.jpg,https://img.travel.rakuten.co.jp/share/HOTEL/70215/70215_s.jpg,https://img.travel.rakuten.co.jp/HIMG/INTERIOR/70215.jpg,https://img.travel.rakuten.co.jp/share/HOTEL/70215/70215map.gif,2109.0,4.24,"クチコミの詳細はこちらから　https://review.travel.raku…　2026-03-30 20:38:24投稿 <a href=""https://img.travel.rakuten.co.jp/image/tr/api/re/gJNfM/?f_hotel_no=70215"" class=""3click"">つづきはこちら</a>",t1a,禁煙◇リニューアル コンフォートツイン◇２０平米,6165188.0,2025年客室改装！全室スマートTV導入！【ベストレート／素泊まり】 直前予約にもオススメ！,1,0,0,0,0,1,https://img.travel.rakuten.co.jp/image/tr/api/re/IdsCY/?f_no=70215&f_syu=t1a&f_hi1=2026-04-22&f_hi2=2026-04-23&f_heya_su=1&f_otona_su=1&f_s1=0&f_s2=0&f_y1=0&f_y2=0&f_y3=0&f_y4=0&f_camp_id=6165188,0,2026-04-22,29190,29190,0,2026-04-22,seibu
144978,ホテルマリノアリゾート福岡,https://img.travel.rakuten.co.jp/image/tr/api/re/pvonD/?f_no=144978,https://img.travel.rakuten.co.jp/image/tr/api/re/vFumt/?f_no=144978&f_flg=PLAN,https://img.travel.rakuten.co.jp/image/tr/api/re/WzozX/?noTomariHotel=144978,https://img.travel.rakuten.co.jp/image/tr/api/re/gJNfM/?f_hotel_no=144978,まりのありぞーとふくおか,全室ハーバービュー♪駐車場無料・朝食はルームサービス。贅沢な３つのラウンジが無料☆ウェルカム・焚火・ナイトラウンジ,11130,120933.28,469172.05,819-0001,福岡県,福岡市西区小戸2-12-43,092-895-5511,092-895-5523,地下鉄空港線：姪浜駅下車後、無料循環バス「クルットバス」利用で約20分　タクシーで5分,有り　１００台　無料　予約不要　（入出庫自由）,姪浜,https://img.travel.rakuten.co.jp/share/HOTEL/144978/144978.jpg,https://img.travel.rakuten.co.jp/HIMG/90/144978.jpg,https://img.travel.rakuten.co.jp/share/HOTEL/144978/144978_room.jpg,https://img.travel.rakuten.co.jp/HIMG/INTERIOR/144978.jpg,https://img.travel.rakuten.co.jp/share/HOTEL/144978/144978map.gif,415.0,4.68,"朝ごはんも部屋食で個人個人で和風、洋風選ぶ事が出来るの…　2026-04-20 23:16:07投稿 <a href=""https://img.travel.rakuten.co.jp/image/tr/api/re/gJNfM/?f_hotel_no=144978"" class=""3click"">つづきはこちら</a>",lt,51平米＆メゾネット式ロフトツイン◆Wi-fi、駐車場無料◆,5818774.0,《直前割×お日にち限定》18時イン10時アウト/全室福岡タワー側オーシャンビュー！/駐車場無料！,1,0,0,0,0,1,https://img.travel.rakuten.co.jp/image/tr/api/re/IdsCY/?f_no=144978&f_syu=lt&f_hi1=2026-04-22&f_hi2=2026-04-23&f_heya_su=1&f_otona_su=1&f_s1=0&f_s2=0&f_y1=0&f_y2=0&f_y3=0&f_y4=0&f_camp_id=5818774,0,2026-04-22,29137,29137,0,2026-04-22,seibu
197953,２－ｔｉｍｅｓ．Ｄｏｍｉｔｏｒｙ　Ｈｏｔｅｌ,https://img.travel.rakuten.co.jp/image/tr/api/re/pvonD/?f_no=197953,https://img.travel.rakuten.co.jp/image/tr/api/re/vFumt/?f_no=197953&f_flg=PLAN,,https://img.travel.rakuten.co.jp/image/tr/api/re/gJNfM/?f_hotel_no=197953,つーたいむすどみとりーほてる,糸島 駅近 最安値　筑前前原駅から徒歩３分　漆喰調のオシャレな施設　,3200,120799.02,468726.81,819-1116,福岡県,糸島市前原中央2-4-16,070-3763-2669,--,筑前前原駅より徒歩3分,なし,筑前前原,https://img.travel.rakuten.co.jp/share/HOTEL/197953/197953.jpg,https://img.travel.rakuten.co.jp/HIMG/90/197953.jpg,,,https://img.travel.rakuten.co.jp/share/HOTEL/197953/197953map.gif,8.0,3.38,,2,【女性専用】２段ベッド１名分（バス・トイレ共用）,,,1,0,0,0,0,2,https://img.travel.rakuten.co.jp/image/tr/api/re/IdsCY/?f_no=197953&f_syu=2&f_hi1=2026-04-22&f_hi2=2026-04-23&f_heya_su=1&f_otona_su=1&f_s1=0&f_s2=0&f_y1=0&f_y2=0&f_y3=0&f_y4=0,1,2026-04-22,3200,3200,0,2026-04-22,seibu
183373,ランプライトブックスホテル福岡,https://img.travel.rakuten.co.jp/image/tr/api/re/pvonD/?f_no=183373,https://img.travel.rakuten.co.jp/image/tr/api/re/vFumt/?f_no=183373&f_flg=PLAN,https://img.travel.rakuten.co.jp/image/tr/api/re/WzozX/?noTomariHotel=183373,https://img.travel.rakuten.co.jp/image/tr/api/re/gJNfM/?f_hotel_no=183373,らんぷらいとぶっくすほてるふくおか,本の世界を旅する新感覚ホテル。2021年12月福岡初進出！	【24時間営業！BOOKS＆CAFE併設】,5680,120901.2,469431.54,810-0041,福岡県,福岡市中央区大名1-15-22,092-720-7711,092-751-7733,地下鉄空港線「天神駅」下車　3番出口より徒歩8分、または「赤坂駅」下車　5番出口より徒歩6分,無し/近隣のコインパーキングへのご案内になります。,天神,https://img.travel.rakuten.co.jp/share/HOTEL/183373/183373.jpg,https://img.travel.rakuten.co.jp/HIMG/90/183373.jpg,,,https://img.travel.rakuten.co.jp/share/HOTEL/183373/183373map.gif,93.0,4.33,,tst,スタンダードツイン【禁煙】,6446922.0,【事前決済限定プラン】スタンダードプラン《素泊り》※予約確定後キャンセル規定適用,1,0,0,0,0,2,https://img.travel.rakuten.co.jp/image/tr/api/re/IdsCY/?f_no=183373&f_syu=tst&f_hi1=2026-04-22&f_hi2=2026-04-23&f_heya_su=1&f_otona_su=1&f_s1=0&f_s2=0&f_y1=0&f_y2=0&f_y3=0&f_y4=0&f_camp_id=6446922,0,2026-04-22,38710,38710,0,2026-04-22,seibu
179866,ランドーホテル福岡アネックス,https://img.travel.rakuten.co.jp/image/tr/api/re/pvonD/?f_no=179866,https://img.travel.rakuten.co.jp/image/tr/api/re/vFumt/?f_no=179866&f_flg=PLAN,https://img.travel.rakuten.co.jp/image/tr/api/re/WzozX/?noTomariHotel=179866,https://img.travel.rakuten.co.jp/image/tr/api/re/gJNfM/?f_hotel_no=179866,らんどーほてるふくおかあねっくす,全室30平米以上の客室には家電キッチンバルコニーを完備　スマートロックとiPadを活用したチェックインでスムーズに入室,4000,120865.01,469454.62,810-0014,福岡県,福岡市中央区平尾1-11-7,092-526-5231,03-5615-2997,平尾駅,駐車場のご用意はございません。近隣のパーキングをご利用くださいませ。,西鉄平尾,https://img.travel.rakuten.co.jp/share/HOTEL/179866/179866.jpg,https://img.travel.rakuten.co.jp/HIMG/90/179866.jpg,,,https://img.travel.rakuten.co.jp/share/HOTEL/179866/179866map.gif,41.0,4.25,,shin,最上階 プレジデンシャルペントハウス-信-,5060661.0,【一日一組限定】【最上階60平米ペントハウス確約】【返金不可】非日常を味わえる最上級の寛ぎを♪,1,0,0,0,0,2,https://img.travel.rakuten.co.jp/image/tr/api/re/IdsCY/?f_no=179866&f_syu=shin&f_hi1=2026-04-22&f_hi2=2026-04-23&f_heya_su=1&f_otona_su=1&f_s1=0&f_s2=0&f_y1=0&f_y2=0&f_y3=0&f_y4=0&f_camp_id=5060661,0,2026-04-22,28000,28000,0,2026-04-22,seibu
187405,ザ・リッツ・カールトン福岡,https://img.travel.rakuten.co.jp/image/tr/api/re/pvonD/?f_no=187405,https://img.travel.rakuten.co.jp/image/tr/api/re/vFumt/?f_no=187405&f_flg=PLAN,https://img.travel.rakuten.co.jp/image/tr/api/re/WzozX/?noTomariHotel=187405,https://img.travel.rakuten.co.jp/image/tr/api/re/gJNfM/?f_hotel_no=187405,ざ・りっつ・かーるとんふくおか,23年6月開業。福岡の中心部に、6つのダイニングとバー、スパ、クラブラウンジを備えたラグジュアリーホテルが誕生。,50600,120910.77,469429.68,810-0041,福岡県,福岡市中央区大名2-6-50 福岡大名ガーデンシティ,092-401-8888,092-401-8889,地下鉄空港線「天神駅」から徒歩５分　または　「福岡空港」からお車にて約１５分,有り　100台　3000円（税込み／泊）　先着順,天神,https://img.travel.rakuten.co.jp/share/HOTEL/187405/187405.jpg,https://img.travel.rakuten.co.jp/HIMG/90/187405.jpg,,,https://img.travel.rakuten.co.jp/share/HOTEL/187405/187405map.gif,33.0,4.45,,cddb,クラブデラックスダブル 福岡スカイライン,,,1,0,0,1,0,2,https://img.travel.rakuten.co.jp/image/tr/api/re/IdsCY/?f_no=187405&f_syu=cddb&f_hi1=2026-04-22&f_hi2=2026-04-23&f_heya_su=1&f_otona_su=1&f_s1=0&f_s2=0&f_y1=0&f_y2=0&f_y3=0&f_y4=0,1,2026-04-22,196075,196075,0,2026-04-22,seibu
194729,四季の庵／民泊,https://img.travel.rakuten.co.jp/image/tr/api/re/pvonD/?f_no=194729,https://img.travel.rakuten.co.jp/image/tr/api/re/vFumt/?f_no=194729&f_flg=PLAN,,https://img.travel.rakuten.co.jp/image/tr/api/re/gJNfM/?f_hotel_no=194729,,日本に数人しかいない職人が手掛けた古民家風木造の施設になります。【民泊】,9976,120616.85,468813.44,819-1145,福岡県,糸島市雷山1021　四季の庵,070-4732-0719,000-000-0000,美咲が丘駅から車で約１３分,有り,美咲が丘,https://img.travel.rakuten.co.jp/share/HOTEL/194729/194729.jpg,https://img.travel.rakuten.co.jp/HIMG/90/194729.jpg,,,https://img.travel.rakuten.co.jp/share/HOTEL/194729/194729map.gif,,,,r19533_15,四季の庵 糸島,6274260.0,大自然のパノラマ露天風呂!!駐車場5台以上、サウナ、専用BBQ施設ペット可,1,0,0,0,0,2,https://img.travel.rakuten.co.jp/image/tr/api/re/IdsCY/?f_no=194729&f_syu=r19533_15&f_hi1=2026-04-22&f_hi2=2026-04-23&f_heya_su=1&f_otona_su=1&f_s1=0&f_s2=0&f_y1=0&f_y2=0&f_y3=0&f_y4=0&f_camp_id=6274260,0,2026-04-22,34220,34220,0,2026-04-22,seibu
189859,【飲み会＆パーティ可】個室完備！博多・天神の中心街！利用人数は相談可　＾,https://img.travel.rakuten.co.jp/image/tr/api/re/pvonD/?f_no=189859,https://img.travel.rakuten.co.jp/image/tr/api/re/vFumt/?f_no=189859&f_flg=PLAN,,https://img.travel.rakuten.co.jp/image/tr/api/re/gJNfM/?f_hotel_no=189859,,　,14500,120890.59,469419.99,810-0023,福岡県,福岡市中央区警固2-13-21　パインヒル警固602,090-4991-0099,000-000-0000,薬院大通駅から徒歩で約３分,無し,赤坂（福岡）,https://img.travel.rakuten.co.jp/share/HOTEL/189859/189859.jpg,https://img.travel.rakuten.co.jp/HIMG/90/189859.jpg,,,https://img.travel.rakuten.co.jp/share/HOTEL/189859/189859map.gif,,,,596616_10,スタンダードルーム,5918307.0,大人数でも楽しいHOTEL♪福岡天神ステイズエルアール(Stay’s LR),1,0,0,0,0,2,https://img.travel.rakuten.co.jp/image/tr/api/re/IdsCY/?f_no=189859&f_syu=596616_10&f_hi1=2026-04-22&f_hi2=2026-04-23&f_heya_su=1&f_otona_su=1&f_s1=0&f_s2=0&f_y1=0&f_y2=0&f_y3=0&f_y4=0&f_camp_id=5918307,0,2026-04-22,99760,99760,0,2026-04-22,seibu
