basic_hotelNo,basic_hotelName,basic_hotelInformationUrl,basic_planListUrl,basic_dpPlanListUrl,basic_reviewUrl,basic_hotelKanaName,basic_hotelSpecial,basic_hotelMinCharge,basic_latitude,basic_longitude,basic_postalCode,basic_address1,basic_address2,basic_telephoneNo,basic_faxNo,basic_access,basic_parkingInformation,basic_nearestStation,basic_hotelImageUrl,basic_hotelThumbnailUrl,basic_roomImageUrl,basic_roomThumbnailUrl,basic_hotelMapImageUrl,basic_reviewCount,basic_reviewAverage,basic_userReview,room_roomClass,room_roomName,room_planId,room_planName,room_pointRate,room_withDinnerFlag,room_dinnerSelectFlag,room_withBreakfastFlag,room_breakfastSelectFlag,room_payment,room_reserveUrl,room_salesformFlag,charge_stayDate,charge_rakutenCharge,charge_total,charge_chargeFlag
17701,博多グリーンホテル天神,https://img.travel.rakuten.co.jp/image/tr/api/re/pvonD/?f_no=17701,https://img.travel.rakuten.co.jp/image/tr/api/re/vFumt/?f_no=17701&f_flg=PLAN,https://img.travel.rakuten.co.jp/image/tr/api/re/WzozX/?noTomariHotel=17701,https://img.travel.rakuten.co.jp/image/tr/api/re/gJNfM/?f_hotel_no=17701,はかた　ぐりーんほてる　てんじん,チェックイン１３時、アウト１２時◇全室、シモンズ製６．５インチベッド、加湿空気清浄機完備◇Wi－Fi無料,7000,120912.03,469424.66,810-0041,福岡県,福岡市中央区大名2-9-11,092-722-3636,092-722-3637,福岡空港から市営地下鉄13分⇒赤坂駅下車後５番出口より徒歩１分,"近隣一般駐車場契約有[1泊2,500円入出庫無]※お気軽におたずね下さい",天神,https://img.travel.rakuten.co.jp/share/HOTEL/17701/17701.jpg,https://img.travel.rakuten.co.jp/HIMG/90/17701.jpg,https://img.travel.rakuten.co.jp/share/HOTEL/17701/17701_tw.jpg,https://img.travel.rakuten.co.jp/HIMG/INTERIOR/17701.jpg,https://img.travel.rakuten.co.jp/share/HOTEL/17701/17701map.gif,2172.0,4.13,"クチコミの詳細はこちらから　https://review.travel.rakuten.co.jp/hotel/voice/17701…　2026-04-13 16:45:47投稿 <a href=""https://img.travel.rakuten.co.jp/image/tr/api/re/gJNfM/?f_hotel_no=17701"" class=""3click"">つづきはこちら</a>",s-kinen,禁煙シングルルーム,3335569.0,【軽朝食無料サービス付き】13時イン12時アウトシングルプラン,1,0,0,0,0,1,https://img.travel.rakuten.co.jp/image/tr/api/re/IdsCY/?f_no=17701&f_syu=s-kinen&f_hi1=2026-04-15&f_hi2=2026-04-16&f_heya_su=1&f_otona_su=1&f_s1=0&f_s2=0&f_y1=0&f_y2=0&f_y3=0&f_y4=0&f_camp_id=3335569,0,2026-04-15,18000,18000,0
2604,ホテルオークラ福岡,https://img.travel.rakuten.co.jp/image/tr/api/re/pvonD/?f_no=2604,https://img.travel.rakuten.co.jp/image/tr/api/re/vFumt/?f_no=2604&f_flg=PLAN,https://img.travel.rakuten.co.jp/image/tr/api/re/WzozX/?noTomariHotel=2604,https://img.travel.rakuten.co.jp/image/tr/api/re/gJNfM/?f_hotel_no=2604,おーくら　ふくおか,ホテルオークラ福岡のおもてなしで寛ぎのひと時をお過ごし下さい。地下鉄直結の好立地により、ゆとりある時間でご利用頂けます。,10335,120931.91,469465.86,812-0027,福岡県,福岡市博多区下川端町3-2 博多リバレイン,092-262-1111,092-262-7701,"地下鉄-中洲川端駅直結-6番出口徒歩1分（福岡空港駅約10分,博多駅約5分）/お車（福岡空港約20分,博多駅約10分）","有り  1泊 ￥2,000（税込）　台数387台　※近隣施設共有駐車場の為、予約が出来兼ねます。",中洲川端,https://img.travel.rakuten.co.jp/share/HOTEL/2604/2604.jpg,https://img.travel.rakuten.co.jp/HIMG/90/2604.jpg,https://img.travel.rakuten.co.jp/share/HOTEL/2604/2604_sgl.jpg,https://img.travel.rakuten.co.jp/HIMG/INTERIOR/2604.jpg,https://img.travel.rakuten.co.jp/share/HOTEL/2604/2604map.gif,2279.0,4.54,"最近は安いビジネスホテルなどを利用することが増えたので、本来…　2026-04-13 19:40:24投稿 <a href=""https://img.travel.rakuten.co.jp/image/tr/api/re/gJNfM/?f_hotel_no=2604"" class=""3click"">つづきはこちら</a>",ndblp,【禁煙】スタンダードダブル　25平米,2735628.0,【SAVER】シンプルステイ（室料のみ）,1,0,0,0,0,1,https://img.travel.rakuten.co.jp/image/tr/api/re/IdsCY/?f_no=2604&f_syu=ndblp&f_hi1=2026-04-15&f_hi2=2026-04-16&f_heya_su=1&f_otona_su=1&f_s1=0&f_s2=0&f_y1=0&f_y2=0&f_y3=0&f_y4=0&f_camp_id=2735628,0,2026-04-15,58300,58300,0
147590,ホテルニューガイア薬院,https://img.travel.rakuten.co.jp/image/tr/api/re/pvonD/?f_no=147590,https://img.travel.rakuten.co.jp/image/tr/api/re/vFumt/?f_no=147590&f_flg=PLAN,https://img.travel.rakuten.co.jp/image/tr/api/re/WzozX/?noTomariHotel=147590,https://img.travel.rakuten.co.jp/image/tr/api/re/gJNfM/?f_hotel_no=147590,にゅーがいあやくいん,全館リニューアル！全客室エアウィーブ導入＆無料ラウンジで快適な滞在を。＼別館（新客室）続々NEWOPEN／,5800,120876.74,469455.87,810-0013,福岡県,福岡市中央区大宮1-1-6(本館）/福岡市中央区大宮1-1-7（別館No.21）/福岡市中央区平尾1-3-45（別館No.22）/　福岡市中央区平尾1丁目4-4（別館No.23）,092-534-4126,092-534-4127,西鉄薬院駅又は地下鉄七隈線薬院駅より徒歩約2分,"8台【1泊￥1,000-】 ●先着順・予約不可 ※ 満車の場合、近隣の有料駐車場をご利用下さい。",薬院,https://img.travel.rakuten.co.jp/share/HOTEL/147590/147590.jpg,https://img.travel.rakuten.co.jp/HIMG/90/147590.jpg,,,https://img.travel.rakuten.co.jp/share/HOTEL/147590/147590map.gif,1211.0,4.12,"クチコミの詳細はこちらか…　2026-04-13 19:39:52投稿 <a href=""https://img.travel.rakuten.co.jp/image/tr/api/re/gJNfM/?f_hotel_no=147590"" class=""3click"">つづきはこちら</a>",ncb,【男性専用・禁煙】プレミアムキャビン（for men）,6031202.0,《男性専用》【プレミアムキャビン宿泊体験プラン】ポイント2倍◇フリースペース完備,2,0,0,0,0,1,https://img.travel.rakuten.co.jp/image/tr/api/re/IdsCY/?f_no=147590&f_syu=ncb&f_hi1=2026-04-15&f_hi2=2026-04-16&f_heya_su=1&f_otona_su=1&f_s1=0&f_s2=0&f_y1=0&f_y2=0&f_y3=0&f_y4=0&f_camp_id=6031202,0,2026-04-15,10800,10800,0
1017,ホテルニューオータニ博多,https://img.travel.rakuten.co.jp/image/tr/api/re/pvonD/?f_no=1017,https://img.travel.rakuten.co.jp/image/tr/api/re/vFumt/?f_no=1017&f_flg=PLAN,https://img.travel.rakuten.co.jp/image/tr/api/re/WzozX/?noTomariHotel=1017,https://img.travel.rakuten.co.jp/image/tr/api/re/gJNfM/?f_hotel_no=1017,にゅーおーたに　はかた,ニューオータニならではのきめ細やかなサービスで、皆様をお迎えします,7900,120888.12,469471.72,810-0004,福岡県,福岡市中央区渡辺通1-1-2  　　　　  ,092-714-1111,092-715-5658,地下鉄七隈線「渡辺通駅」2番出口より徒歩約1分。ＪＲ博多駅より車で約5分。福岡空港より車で約20分。,有り／370台／１泊(入庫時間より24時間）／1500円（税込み）,博多,https://img.travel.rakuten.co.jp/share/HOTEL/1017/1017.jpg,https://img.travel.rakuten.co.jp/HIMG/90/1017.jpg,https://img.travel.rakuten.co.jp/share/HOTEL/1017/1017_room.jpg,https://img.travel.rakuten.co.jp/HIMG/INTERIOR/1017.jpg,https://img.travel.rakuten.co.jp/share/HOTEL/1017/1017map.gif,3388.0,4.43,"クチコミの詳細はこちらから　https://review.travel.rakuten.co.jp/hotel/voice…　2026-04-13 17:43:59投稿 <a href=""https://img.travel.rakuten.co.jp/image/tr/api/re/gJNfM/?f_hotel_no=1017"" class=""3click"">つづきはこちら</a>",mtbn,モデレートツイン【禁煙】（ベッド幅110cm）,4266939.0,【ショートステイプラン】19時チェックイン・10時チェックアウトだからお得！（朝食なし）,1,0,0,0,0,1,https://img.travel.rakuten.co.jp/image/tr/api/re/IdsCY/?f_no=1017&f_syu=mtbn&f_hi1=2026-04-15&f_hi2=2026-04-16&f_heya_su=1&f_otona_su=1&f_s1=0&f_s2=0&f_y1=0&f_y2=0&f_y3=0&f_y4=0&f_camp_id=4266939,0,2026-04-15,23600,23600,0
130169,ホテルリソルトリニティ博多,https://img.travel.rakuten.co.jp/image/tr/api/re/pvonD/?f_no=130169,https://img.travel.rakuten.co.jp/image/tr/api/re/vFumt/?f_no=130169&f_flg=PLAN,https://img.travel.rakuten.co.jp/image/tr/api/re/WzozX/?noTomariHotel=130169,https://img.travel.rakuten.co.jp/image/tr/api/re/gJNfM/?f_hotel_no=130169,ほてるりそるとりにてぃはかた,【中洲川端駅徒歩1分】展望大浴場のある“くつろぎ”のホテル。天神エリア・キャナルシティも徒歩圏！全客室Ｗｉ-Ｆｉ接続可能,8075,120922.52,469470.19,810-0801,福岡県,福岡市博多区中洲4-4-10,092-282-9269,092-282-9279,地下鉄　中洲川端駅から徒歩で１分■①番出口（階段のみ）■④番出口（エスカレータ・EVあり）,有り　機械式駐車場２２台／青空駐車場６台　１，６００円（税込／泊）※ご予約制ではなく先着順となります,中洲川端,https://img.travel.rakuten.co.jp/share/HOTEL/130169/130169.jpg,https://img.travel.rakuten.co.jp/HIMG/90/130169.jpg,https://img.travel.rakuten.co.jp/share/HOTEL/130169/130169_kan.jpg,https://img.travel.rakuten.co.jp/HIMG/INTERIOR/130169.jpg,https://img.travel.rakuten.co.jp/share/HOTEL/130169/130169map.gif,2467.0,4.37,"クチコミの詳…　2026-04-11 16:14:43投稿 <a href=""https://img.travel.rakuten.co.jp/image/tr/api/re/gJNfM/?f_hotel_no=130169"" class=""3click"">つづきはこちら</a>",dt,【禁煙】デラックスツイン/ベッド幅１２０ｃｍ,5673467.0,【シンプルステイ】福岡観光、ビジネスに最高のロケーション！展望大浴場でリフレッシュ♪＜素泊り＞,1,0,0,0,0,1,https://img.travel.rakuten.co.jp/image/tr/api/re/IdsCY/?f_no=130169&f_syu=dt&f_hi1=2026-04-15&f_hi2=2026-04-16&f_heya_su=1&f_otona_su=1&f_s1=0&f_s2=0&f_y1=0&f_y2=0&f_y3=0&f_y4=0&f_camp_id=5673467,0,2026-04-15,30000,30000,0
11353,ホテルニューガイア糸島,https://img.travel.rakuten.co.jp/image/tr/api/re/pvonD/?f_no=11353,https://img.travel.rakuten.co.jp/image/tr/api/re/vFumt/?f_no=11353&f_flg=PLAN,https://img.travel.rakuten.co.jp/image/tr/api/re/WzozX/?noTomariHotel=11353,https://img.travel.rakuten.co.jp/image/tr/api/re/gJNfM/?f_hotel_no=11353,にゅーがいあいとしま,【大好評】宿泊者専用ラウンジ！ご宿泊のお客様はコーヒー、ソフトドリンクを無料でお召し上がり頂けます。,3650,120801.11,468722.54,819-1116,福岡県,糸島市前原中央2-3-24,092-324-4500,092-324-0770,『JR筑前前原駅』より徒歩3分/前原バス発着所より徒歩2分/国道202号線沿い,屋根付き駐車場完備！  場所：ホテル1F　収容台数：10台（先着順・有料1泊1000円）,筑前前原,https://img.travel.rakuten.co.jp/share/HOTEL/11353/11353.jpg,https://img.travel.rakuten.co.jp/HIMG/90/11353.jpg,https://img.travel.rakuten.co.jp/share/HOTEL/11353/11353_sgl.jpg,https://img.travel.rakuten.co.jp/HIMG/INTERIOR/11353.jpg,https://img.travel.rakuten.co.jp/share/HOTEL/11353/11353map.gif,821.0,3.83,"クチコミの詳細はこちらから　…　2026-04-13 16:41:57投稿 <a href=""https://img.travel.rakuten.co.jp/image/tr/api/re/gJNfM/?f_hotel_no=11353"" class=""3click"">つづきはこちら</a>",rsa,【電子タバコ可】リニューアルシングルルーム　１２平米,5720769.0,【上質な睡眠を体験！全客室エアウィーヴ採用！】★モニタープラン★口コミ投稿でポイント2倍！！,2,0,0,0,0,1,https://img.travel.rakuten.co.jp/image/tr/api/re/IdsCY/?f_no=11353&f_syu=rsa&f_hi1=2026-04-15&f_hi2=2026-04-16&f_heya_su=1&f_otona_su=1&f_s1=0&f_s2=0&f_y1=0&f_y2=0&f_y3=0&f_y4=0&f_camp_id=5720769,0,2026-04-15,9300,9300,0
70206,ホテル天神プレイス,https://img.travel.rakuten.co.jp/image/tr/api/re/pvonD/?f_no=70206,https://img.travel.rakuten.co.jp/image/tr/api/re/vFumt/?f_no=70206&f_flg=PLAN,https://img.travel.rakuten.co.jp/image/tr/api/re/WzozX/?noTomariHotel=70206,https://img.travel.rakuten.co.jp/image/tr/api/re/gJNfM/?f_hotel_no=70206,てんじんぷれいす,全客室にダブルサイズ以上のシモンズベッドを配置した『静かな大人の隠れ家ホテル』。朝食無料サービス実施中。,3500,120894.75,469451.67,810-0021,福岡県,福岡市中央区今泉1-2-23,092-733-1234,092-733-1235,博多駅から地下鉄七隈線で天神南駅までが便利！天神地下街の西12-C出口より約5分と好アクセス,"事前予約制※敷地内（自走式）14：00〜翌日12:00　￥1,500/1泊（出入自由）高さ2.2ｍ迄",天神,https://img.travel.rakuten.co.jp/share/HOTEL/70206/70206.jpg,https://img.travel.rakuten.co.jp/HIMG/90/70206.jpg,https://img.travel.rakuten.co.jp/share/HOTEL/70206/70206_ge.jpg,https://img.travel.rakuten.co.jp/HIMG/INTERIOR/70206.jpg,https://img.travel.rakuten.co.jp/share/HOTEL/70206/70206map.gif,1715.0,4.38,"外観はちょっと古い感じがしたが、中…　2026-04-07 12:40:58投稿 <a href=""https://img.travel.rakuten.co.jp/image/tr/api/re/gJNfM/?f_hotel_no=70206"" class=""3click"">つづきはこちら</a>",ntw,【喫煙】ツイン■ダブルベッド140ｃｍ幅×2台,3182073.0,【素泊まり】シンプルステイ〜朝食無料サービス〜,1,0,0,1,0,1,https://img.travel.rakuten.co.jp/image/tr/api/re/IdsCY/?f_no=70206&f_syu=ntw&f_hi1=2026-04-15&f_hi2=2026-04-16&f_heya_su=1&f_otona_su=1&f_s1=0&f_s2=0&f_y1=0&f_y2=0&f_y3=0&f_y4=0&f_camp_id=3182073,0,2026-04-15,20000,20000,0
147612,ＣＡＮＤＥＯ　ＨＯＴＥＬＳ（カンデオホテルズ）福岡天神,https://img.travel.rakuten.co.jp/image/tr/api/re/pvonD/?f_no=147612,https://img.travel.rakuten.co.jp/image/tr/api/re/vFumt/?f_no=147612&f_flg=PLAN,https://img.travel.rakuten.co.jp/image/tr/api/re/WzozX/?noTomariHotel=147612,https://img.travel.rakuten.co.jp/image/tr/api/re/gJNfM/?f_hotel_no=147612,かんでおほてるずふくおかてんじん,星空に一番近い露天風呂で、心洗われる極上の癒しを。福岡天神にある、唯一無二の4つ星ホテル。,6650,120899.21,469460.56,810-0004,福岡県,福岡市中央区渡辺通5-14-5,0927385600,0927385601,西鉄天神駅より徒歩４分、地下鉄空港線天神駅より徒歩９分、天神南駅より徒歩４分。,"事前予約制（7台）2,000円/１泊　※予約は電話のみ受付可",,https://img.travel.rakuten.co.jp/share/HOTEL/147612/147612.jpg,https://img.travel.rakuten.co.jp/HIMG/90/147612.jpg,,,https://img.travel.rakuten.co.jp/share/HOTEL/147612/147612map.gif,1136.0,3.94,"ただ、部屋の鍵に付いている棒状のキーホル…　2026-04-12 18:03:49投稿 <a href=""https://img.travel.rakuten.co.jp/image/tr/api/re/gJNfM/?f_hotel_no=147612"" class=""3click"">つづきはこちら</a>",spk,スーペリアキング,5290670.0,【春割キャンペーン！】天空でととのう春の旅へ、最上階スカイスパをドライサウナで堪能（素泊）,1,0,0,0,0,1,https://img.travel.rakuten.co.jp/image/tr/api/re/IdsCY/?f_no=147612&f_syu=spk&f_hi1=2026-04-15&f_hi2=2026-04-16&f_heya_su=1&f_otona_su=1&f_s1=0&f_s2=0&f_y1=0&f_y2=0&f_y3=0&f_y4=0&f_camp_id=5290670,0,2026-04-15,23900,23900,0
181851,ホテルリファレンス天神３,https://img.travel.rakuten.co.jp/image/tr/api/re/pvonD/?f_no=181851,https://img.travel.rakuten.co.jp/image/tr/api/re/vFumt/?f_no=181851&f_flg=PLAN,https://img.travel.rakuten.co.jp/image/tr/api/re/WzozX/?noTomariHotel=181851,https://img.travel.rakuten.co.jp/image/tr/api/re/gJNfM/?f_hotel_no=181851,ほてるりふぁれんすてんじん３,ライブハウス・イベント会場へのアクセス抜群！天神中心部徒歩圏内★全室クイーンサイズベッド＆4KTV。,4420,120926.32,469430.47,810-0001,福岡県,福岡市中央区天神3-8-10,092-718-3030,092-718-3050,西鉄福岡天神駅(地下鉄天神駅)下車から天神地下街の西1出口より徒歩7分,"24時間1,500円(ご宿泊者様のみ)　ご予約不可",西鉄福岡,https://img.travel.rakuten.co.jp/share/HOTEL/181851/181851.jpg,https://img.travel.rakuten.co.jp/HIMG/90/181851.jpg,,,https://img.travel.rakuten.co.jp/share/HOTEL/181851/181851map.gif,299.0,4.27,"クチコミの詳細はこちらから　h…　2026-04-06 19:11:54投稿 <a href=""https://img.travel.rakuten.co.jp/image/tr/api/re/gJNfM/?f_hotel_no=181851"" class=""3click"">つづきはこちら</a>",0001,【禁煙】ダブルルーム(Standard),4967516.0,【オンライン決済限定プラン】ライブ会場・福岡グルメ・観光地アクセス良好★天神★素泊まり※返金不可,1,0,0,0,0,2,https://img.travel.rakuten.co.jp/image/tr/api/re/IdsCY/?f_no=181851&f_syu=0001&f_hi1=2026-04-15&f_hi2=2026-04-16&f_heya_su=1&f_otona_su=1&f_s1=0&f_s2=0&f_y1=0&f_y2=0&f_y3=0&f_y4=0&f_camp_id=4967516,0,2026-04-15,16400,16400,0
182,アパホテル〈福岡渡辺通駅前〉ＥＸＣＥＬＬＥＮＴ,https://img.travel.rakuten.co.jp/image/tr/api/re/pvonD/?f_no=182,https://img.travel.rakuten.co.jp/image/tr/api/re/vFumt/?f_no=182&f_flg=PLAN,https://img.travel.rakuten.co.jp/image/tr/api/re/WzozX/?noTomariHotel=182,https://img.travel.rakuten.co.jp/image/tr/api/re/gJNfM/?f_hotel_no=182,あぱほてる＜ふくおかわたなべどおりえきまえ＞えくせれんと,全客室にコーヒーメーカー（ドルチェグスト）設置。上質な滞在と人気のお肉メイン朝食ビュッフェを。,4500,120883.94,469477.64,810-0005,福岡県,福岡市中央区清川1-10-1,0570-099-811,092-524-2377,電車：地下鉄七隈線「渡辺通駅」2番出口から徒歩約5分　バス：博多駅「博多駅前Bのりば」→「柳橋」下車徒歩1分,"料金：1,100円/1泊（15時〜翌11時） ※155cmの車高制限がございます。",天神,https://img.travel.rakuten.co.jp/share/HOTEL/182/182.jpg,https://img.travel.rakuten.co.jp/HIMG/90/182.jpg,https://img.travel.rakuten.co.jp/share/HOTEL/182/182_si.jpg,https://img.travel.rakuten.co.jp/HIMG/INTERIOR/182.jpg,https://img.travel.rakuten.co.jp/share/HOTEL/182/182map.gif,3017.0,4.06,"クチコミの詳細はこちらから　https://r…　2026-04-12 11:03:04投稿 <a href=""https://img.travel.rakuten.co.jp/image/tr/api/re/gJNfM/?f_hotel_no=182"" class=""3click"">つづきはこちら</a>",zs1k,シングル□禁煙室□,5717499.0,【素泊まり・事前決済限定】1秒チェックインにおすすめ！,1,0,0,0,0,2,https://img.travel.rakuten.co.jp/image/tr/api/re/IdsCY/?f_no=182&f_syu=zs1k&f_hi1=2026-04-15&f_hi2=2026-04-16&f_heya_su=1&f_otona_su=1&f_s1=0&f_s2=0&f_y1=0&f_y2=0&f_y3=0&f_y4=0&f_camp_id=5717499,0,2026-04-15,22300,22300,0
9239,ホテル一楽,https://img.travel.rakuten.co.jp/image/tr/api/re/pvonD/?f_no=9239,https://img.travel.rakuten.co.jp/image/tr/api/re/vFumt/?f_no=9239&f_flg=PLAN,https://img.travel.rakuten.co.jp/image/tr/api/re/WzozX/?noTomariHotel=9239,https://img.travel.rakuten.co.jp/image/tr/api/re/gJNfM/?f_hotel_no=9239,いちらく,■天神・キャナルシティまで車で5分！■駐車場1泊500円（税別）！■庭園大浴場完備！■お子様連れでも安心の和室が40室！,3630,120876.31,469486.5,810-0005,福岡県,福岡市中央区清川2-5-5,092-531-0561,,福岡空港よりタクシー20分。ＪＲ博多駅よりタクシーの場合5分・路線バス利用の場合10分（柳橋バス停下車後3分）,当日15時より先着順　普通車（隣接20台・立体50台）1泊500円（別） ※大型車は別料金・要問合せ,天神,https://img.travel.rakuten.co.jp/share/HOTEL/9239/9239.jpg,https://img.travel.rakuten.co.jp/HIMG/90/9239.jpg,https://img.travel.rakuten.co.jp/share/HOTEL/9239/9239_sig.jpg,https://img.travel.rakuten.co.jp/HIMG/INTERIOR/9239.jpg,https://img.travel.rakuten.co.jp/share/HOTEL/9239/9239map.gif,1923.0,3.99,"クチコミの詳細はこちらから　https://re…　2026-04-13 18:19:36投稿 <a href=""https://img.travel.rakuten.co.jp/image/tr/api/re/gJNfM/?f_hotel_no=9239"" class=""3click"">つづきはこちら</a>",omakase,客室おまかせ（お部屋タイプ指定不可）,2270792.0,【オンラインカード決済限定】スタンダード一楽プラン≪素泊まり≫,1,0,0,0,0,2,https://img.travel.rakuten.co.jp/image/tr/api/re/IdsCY/?f_no=9239&f_syu=omakase&f_hi1=2026-04-15&f_hi2=2026-04-16&f_heya_su=1&f_otona_su=1&f_s1=0&f_s2=0&f_y1=0&f_y2=0&f_y3=0&f_y4=0&f_camp_id=2270792,0,2026-04-15,11000,11000,0
172982,ザ・ライブリー福岡博多（ＴＨＥ　ＬＩＶＥＬＹ　福岡博多）,https://img.travel.rakuten.co.jp/image/tr/api/re/pvonD/?f_no=172982,https://img.travel.rakuten.co.jp/image/tr/api/re/vFumt/?f_no=172982&f_flg=PLAN,https://img.travel.rakuten.co.jp/image/tr/api/re/WzozX/?noTomariHotel=172982,https://img.travel.rakuten.co.jp/image/tr/api/re/gJNfM/?f_hotel_no=172982,ざ　らいぶりー　はかた　ふくおか,コワーキングスペースやビリヤード、充実したルームサービス、夕方にはフリービール提供。福岡初のライフスタイルホテル。,5940,120925.82,469465.11,810-0801,福岡県,福岡市博多区中洲5-2-18,050-3138-2071, ,地下鉄「中洲川端」駅2番出口より徒歩1分。天神・繁華街まで徒歩圏内。【地下鉄で】博多駅から3分、福岡空港から10分。,1800円/泊　予約不可　車種制限(車高1.6ｍ、車幅1.7ｍ)　7:00-23:00,中洲川端,https://img.travel.rakuten.co.jp/share/HOTEL/172982/172982.jpg,https://img.travel.rakuten.co.jp/HIMG/90/172982.jpg,https://img.travel.rakuten.co.jp/share/HOTEL/172982/172982_kan1.jpg,https://img.travel.rakuten.co.jp/HIMG/INTERIOR/172982.jpg,https://img.travel.rakuten.co.jp/share/HOTEL/172982/172982map.gif,404.0,3.68,"良かった点を先に。新しいきれいなホテル。雰囲気もおしゃれなバーっぽい。インテリアも特段高いものはつかっていないが雰囲気にあっているものが使われていて統一感…　2026-03-25 17:59:13投稿 <a href=""https://img.travel.rakuten.co.jp/image/tr/api/re/gJNfM/?f_hotel_no=172982"" class=""3click"">つづきはこちら</a>",st,スタンダードツイン（禁煙）,4442276.0,【スタンダードプラン】海外気分のデザインホテル！夕方はフリービール提供中（素泊まり）,1,0,0,0,0,1,https://img.travel.rakuten.co.jp/image/tr/api/re/IdsCY/?f_no=172982&f_syu=st&f_hi1=2026-04-15&f_hi2=2026-04-16&f_heya_su=1&f_otona_su=1&f_s1=0&f_s2=0&f_y1=0&f_y2=0&f_y3=0&f_y4=0&f_camp_id=4442276,0,2026-04-15,37100,37100,0
165171,ＨＯＴＥＬ　博多中洲　ＩＮＮ,https://img.travel.rakuten.co.jp/image/tr/api/re/pvonD/?f_no=165171,https://img.travel.rakuten.co.jp/image/tr/api/re/vFumt/?f_no=165171&f_flg=PLAN,https://img.travel.rakuten.co.jp/image/tr/api/re/WzozX/?noTomariHotel=165171,https://img.travel.rakuten.co.jp/image/tr/api/re/gJNfM/?f_hotel_no=165171,はかたなかす　いん,静かな立地★全室Wi-Fi完備★,3100,120932.49,469456.04,810-0802,福岡県,福岡市博多区中洲中島町4-14,092-291-0088,092-291-2201,◆博多駅より1駅・福岡空港から3駅◆地下鉄「中洲川端駅」より徒歩5分／中洲・天神の繁華街も徒歩圏内,有：2台　1泊1300円　※お電話での予約制※満車時は近隣のコインパークを案内（提携しておりません）,中洲川端,https://img.travel.rakuten.co.jp/share/HOTEL/165171/165171.jpg,https://img.travel.rakuten.co.jp/HIMG/90/165171.jpg,https://img.travel.rakuten.co.jp/share/HOTEL/165171/165171_kan1.jpg,https://img.travel.rakuten.co.jp/HIMG/INTERIOR/165171.jpg,https://img.travel.rakuten.co.jp/share/HOTEL/165171/165171map.gif,440.0,4.09,"クチコミの詳細はこちらから　https://revie…　2026-04-08 07:15:49投稿 <a href=""https://img.travel.rakuten.co.jp/image/tr/api/re/gJNfM/?f_hotel_no=165171"" class=""3click"">つづきはこちら</a>",st,【禁煙】スタンダードツイン＜21平米◆ベッド幅130cm＞,5886110.0,【スタンダード】中洲・天神・博多すぐ！観光の拠点におすすめ★ベーシックプラン（素泊まり）,1,0,0,0,0,1,https://img.travel.rakuten.co.jp/image/tr/api/re/IdsCY/?f_no=165171&f_syu=st&f_hi1=2026-04-15&f_hi2=2026-04-16&f_heya_su=1&f_otona_su=1&f_s1=0&f_s2=0&f_y1=0&f_y2=0&f_y3=0&f_y4=0&f_camp_id=5886110,0,2026-04-15,16200,16200,0
165979,ＤＥＬ　ｓｔｙｌｅ　福岡西中洲　（旧ダイワロイネットホテル福岡西中州）,https://img.travel.rakuten.co.jp/image/tr/api/re/pvonD/?f_no=165979,https://img.travel.rakuten.co.jp/image/tr/api/re/vFumt/?f_no=165979&f_flg=PLAN,https://img.travel.rakuten.co.jp/image/tr/api/re/WzozX/?noTomariHotel=165979,https://img.travel.rakuten.co.jp/image/tr/api/re/gJNfM/?f_hotel_no=165979,でる　すたいる　ふくおかにしなかす（きゅう　だいわろいねっとほてるふくおかにしなかす）　,天神・中洲屋台・キャナルシティ博多まで徒歩圏内の好立地。館内コンビニエンスストア有り。観光・ビジネスの拠点におすすめ,5250,120913.01,469470.09,810-0002,福岡県,福岡市中央区西中洲1-9,092-409-3155,092-409-3159,地下鉄空港線「中洲川端」駅より徒歩約8分。地下鉄七隈線「天神南駅」6番出口より徒歩約4分。天神・中洲屋台へは徒歩約5分！,無し,,https://img.travel.rakuten.co.jp/share/HOTEL/165979/165979.jpg,https://img.travel.rakuten.co.jp/HIMG/90/165979.jpg,https://img.travel.rakuten.co.jp/share/HOTEL/165979/165979_kan1.jpg,https://img.travel.rakuten.co.jp/HIMG/INTERIOR/165979.jpg,https://img.travel.rakuten.co.jp/share/HOTEL/165979/165979map.gif,548.0,4.24,"低層階かつ室外機が近い部屋だったため、窓を開けると音がうるさかった。レイトチェックアウトプランだったのでギリギリまでゆっくり過ごしたかったので、その点は残念だった。また、予定より遅…　2026-03-24 12:36:27投稿 <a href=""https://img.travel.rakuten.co.jp/image/tr/api/re/gJNfM/?f_hotel_no=165979"" class=""3click"">つづきはこちら</a>",sbs1,【喫煙】スマートダブル◆シャワールームタイプ（1名利用）,4136250.0,寛ぎのシンプルステイ(素泊り),1,0,0,0,0,1,https://img.travel.rakuten.co.jp/image/tr/api/re/IdsCY/?f_no=165979&f_syu=sbs1&f_hi1=2026-04-15&f_hi2=2026-04-16&f_heya_su=1&f_otona_su=1&f_s1=0&f_s2=0&f_y1=0&f_y2=0&f_y3=0&f_y4=0&f_camp_id=4136250,0,2026-04-15,21500,21500,0
437,博多中洲ワシントンホテルプラザ,https://img.travel.rakuten.co.jp/image/tr/api/re/pvonD/?f_no=437,https://img.travel.rakuten.co.jp/image/tr/api/re/vFumt/?f_no=437&f_flg=PLAN,https://img.travel.rakuten.co.jp/image/tr/api/re/WzozX/?noTomariHotel=437,https://img.travel.rakuten.co.jp/image/tr/api/re/gJNfM/?f_hotel_no=437,はかたなかす　わしんとんほてるぷらざ,2021年全室リニューアル～九州一の繁華街「中洲」にあるホテル,5300,120921.05,469481.04,810-0801,福岡県,福岡市博多区中洲2-8-28,092-282-0410,092-282-7700,地下鉄「中洲川端駅」⑤番出口より徒歩約５分／ＪＲ博多駅（博多口）より徒歩約１５分,タワーパーキング　高さ155ｃｍまで　先着34台　1泊1500円〜　大型車の駐車場はございません。,中洲川端,https://img.travel.rakuten.co.jp/share/HOTEL/437/437.jpg,https://img.travel.rakuten.co.jp/HIMG/90/437.jpg,https://img.travel.rakuten.co.jp/share/HOTEL/437/437_heya.jpg,https://img.travel.rakuten.co.jp/HIMG/INTERIOR/437.jpg,https://img.travel.rakuten.co.jp/share/HOTEL/437/437map.gif,2044.0,3.97,"クチコミの詳細はこちらから　https://review…　2026-04-11 12:37:37投稿 <a href=""https://img.travel.rakuten.co.jp/image/tr/api/re/gJNfM/?f_hotel_no=437"" class=""3click"">つづきはこちら</a>",t221,【禁煙】ツインルーム　ベッド幅110ｃｍ×2台,1821066.0,基本プラン,1,0,0,0,0,1,https://img.travel.rakuten.co.jp/image/tr/api/re/IdsCY/?f_no=437&f_syu=t221&f_hi1=2026-04-15&f_hi2=2026-04-16&f_heya_su=1&f_otona_su=1&f_s1=0&f_s2=0&f_y1=0&f_y2=0&f_y3=0&f_y4=0&f_camp_id=1821066,0,2026-04-15,21200,21200,1
142723,ＨＯＴＥＬ　ＡＺ　福岡糸島店,https://img.travel.rakuten.co.jp/image/tr/api/re/pvonD/?f_no=142723,https://img.travel.rakuten.co.jp/image/tr/api/re/vFumt/?f_no=142723&f_flg=PLAN,https://img.travel.rakuten.co.jp/image/tr/api/re/WzozX/?noTomariHotel=142723,https://img.travel.rakuten.co.jp/image/tr/api/re/gJNfM/?f_hotel_no=142723,ほてる　えーぜっとふくおかいとしまてん,西九州自動車道前原ＩＣより車で約１６分。ＪＲ糸島高校前駅より徒歩１分。駐車場無料★朝食無料★インターネット接続無料,4510,120809.37,468779.22,819-1112,福岡県,糸島市浦志1-9-25,092-330-8301,092-330-8302,糸島高校前駅より徒歩１分,無料駐車場138台あり　普通車：予約不要 、中型車・大型車：要予約,筑前前原,https://img.travel.rakuten.co.jp/share/HOTEL/142723/142723.jpg,https://img.travel.rakuten.co.jp/HIMG/90/142723.jpg,https://img.travel.rakuten.co.jp/share/HOTEL/142723/142723_kya.jpg,https://img.travel.rakuten.co.jp/HIMG/INTERIOR/142723.jpg,https://img.travel.rakuten.co.jp/share/HOTEL/142723/142723map.gif,1137.0,4.11,"クチコミの詳細はこち…　2026-04-10 09:22:00投稿 <a href=""https://img.travel.rakuten.co.jp/image/tr/api/re/gJNfM/?f_hotel_no=142723"" class=""3click"">つづきはこちら</a>",s,【喫煙】シングル,6105758.0,スタンダードプラン（朝食サービス）,1,0,0,1,0,1,https://img.travel.rakuten.co.jp/image/tr/api/re/IdsCY/?f_no=142723&f_syu=s&f_hi1=2026-04-15&f_hi2=2026-04-16&f_heya_su=1&f_otona_su=1&f_s1=0&f_s2=0&f_y1=0&f_y2=0&f_y3=0&f_y4=0&f_camp_id=6105758,0,2026-04-15,6380,6380,0
1533,西鉄グランドホテル,https://img.travel.rakuten.co.jp/image/tr/api/re/pvonD/?f_no=1533,https://img.travel.rakuten.co.jp/image/tr/api/re/vFumt/?f_no=1533&f_flg=PLAN,https://img.travel.rakuten.co.jp/image/tr/api/re/WzozX/?noTomariHotel=1533,https://img.travel.rakuten.co.jp/image/tr/api/re/gJNfM/?f_hotel_no=1533,にしてつぐらんどほてる,地下鉄天神駅から徒歩約1分でアクセス抜群！一人旅～グループ旅行にも◎伝統息づくおもてなしでお客様をお出迎え,9500,120910.26,469433.04,810-8587,福岡県,福岡市中央区大名2-6-60,092-781-0711,092-751-8224,地下鉄にて福岡空港から天神駅まで約11分、「2番出口」より徒歩約1分。福岡の中心に位置し交通機関は大変便利です。,有り　チェックイン当日は到着時から、チェックアウト日は正午12時まで駐車可。,博多,https://img.travel.rakuten.co.jp/share/HOTEL/1533/1533.jpg,https://img.travel.rakuten.co.jp/HIMG/90/1533.jpg,https://img.travel.rakuten.co.jp/share/HOTEL/1533/1533_twin.jpg,https://img.travel.rakuten.co.jp/HIMG/INTERIOR/1533.jpg,https://img.travel.rakuten.co.jp/share/HOTEL/1533/1533map.gif,4853.0,4.34,"ホテル周辺にはカフェ…　2026-04-07 19:59:00投稿 <a href=""https://img.travel.rakuten.co.jp/image/tr/api/re/gJNfM/?f_hotel_no=1533"" class=""3click"">つづきはこちら</a>",edsm,【喫煙】エコノミーダブル,6237408.0,【返金不可】事前決済限定！福岡旅行・イベント参加に☆地下鉄天神駅から徒歩約1分の好アクセス＜素泊り＞,1,0,0,0,0,2,https://img.travel.rakuten.co.jp/image/tr/api/re/IdsCY/?f_no=1533&f_syu=edsm&f_hi1=2026-04-15&f_hi2=2026-04-16&f_heya_su=1&f_otona_su=1&f_s1=0&f_s2=0&f_y1=0&f_y2=0&f_y3=0&f_y4=0&f_camp_id=6237408,0,2026-04-15,22800,22800,0
168795,変なホテル福岡　博多,https://img.travel.rakuten.co.jp/image/tr/api/re/pvonD/?f_no=168795,https://img.travel.rakuten.co.jp/image/tr/api/re/vFumt/?f_no=168795&f_flg=PLAN,https://img.travel.rakuten.co.jp/image/tr/api/re/WzozX/?noTomariHotel=168795,https://img.travel.rakuten.co.jp/image/tr/api/re/gJNfM/?f_hotel_no=168795,へんなほてるふくおか　はかた,2023年6月19日からラウンジOPEN！ドリンク・アルコール・朝食はご宿泊のお客様なら無料！人気の観光地も徒歩圏内！,5000,120926.9,469460.56,810-0801,福岡県,福岡市博多区中洲5-4-19,050-5576-8380,03-6695-6660,中洲川端駅より徒歩３分／天神駅より徒歩５分／福岡空港より電車で９分,"提携駐車場「Dパーキング中洲5丁目第一／第三／第六」24時間2,500円",中洲川端,https://img.travel.rakuten.co.jp/share/HOTEL/168795/168795.jpg,https://img.travel.rakuten.co.jp/HIMG/90/168795.jpg,https://img.travel.rakuten.co.jp/share/HOTEL/168795/168795_kan1.jpg,https://img.travel.rakuten.co.jp/HIMG/INTERIOR/168795.jpg,https://img.travel.rakuten.co.jp/share/HOTEL/168795/168795map.gif,944.0,4.24,"朝ご飯はおにぎりが美味しいです。…　2026-04-12 21:52:59投稿 <a href=""https://img.travel.rakuten.co.jp/image/tr/api/re/gJNfM/?f_hotel_no=168795"" class=""3click"">つづきはこちら</a>",20250628,おまかせコンセプトルーム,6263835.0,【お部屋タイプおまかせ】コンセプトルーム＜宿泊者限定ラウンジ利用無料＞,1,0,0,1,0,1,https://img.travel.rakuten.co.jp/image/tr/api/re/IdsCY/?f_no=168795&f_syu=20250628&f_hi1=2026-04-15&f_hi2=2026-04-16&f_heya_su=1&f_otona_su=1&f_s1=0&f_s2=0&f_y1=0&f_y2=0&f_y3=0&f_y4=0&f_camp_id=6263835,0,2026-04-15,16700,16700,0
172039,ホテル　グランドルチェ博多,https://img.travel.rakuten.co.jp/image/tr/api/re/pvonD/?f_no=172039,https://img.travel.rakuten.co.jp/image/tr/api/re/vFumt/?f_no=172039&f_flg=PLAN,https://img.travel.rakuten.co.jp/image/tr/api/re/WzozX/?noTomariHotel=172039,https://img.travel.rakuten.co.jp/image/tr/api/re/gJNfM/?f_hotel_no=172039,ぐらんどるちぇ　はかた,天神・中洲へ徒歩5分の好立地◆天神中央公園アクロス福岡前◆全室禁煙◆「便利・静か・清潔」をお求めの方におすすめ,6900,120915.04,469462.58,810-0002,福岡県,福岡市中央区西中洲12-18,092-406-1331,092-406-1100,福岡市営地下鉄[天神駅16番出口][中洲川端駅1番出口]より徒歩5分,4台有(要予約）※電話予約のみ（092-406-1331）　※1500円(15：00~翌11:00）,中洲川端,https://img.travel.rakuten.co.jp/share/HOTEL/172039/172039.jpg,https://img.travel.rakuten.co.jp/HIMG/90/172039.jpg,,,https://img.travel.rakuten.co.jp/share/HOTEL/172039/172039map.gif,376.0,4.25,"冬だったので冷蔵庫は必要な…　2026-04-06 21:18:00投稿 <a href=""https://img.travel.rakuten.co.jp/image/tr/api/re/gJNfM/?f_hotel_no=172039"" class=""3click"">つづきはこちら</a>",s,スタンダードシングル［全室禁煙］,6254892.0,【タイムセール】スタンダードルーム★天神・中洲徒歩5分！便利で静かな好立地（素泊まり）,1,0,0,0,0,1,https://img.travel.rakuten.co.jp/image/tr/api/re/IdsCY/?f_no=172039&f_syu=s&f_hi1=2026-04-15&f_hi2=2026-04-16&f_heya_su=1&f_otona_su=1&f_s1=0&f_s2=0&f_y1=0&f_y2=0&f_y3=0&f_y4=0&f_camp_id=6254892,0,2026-04-15,16800,16800,0
1137,ヒルトン福岡シーホーク,https://img.travel.rakuten.co.jp/image/tr/api/re/pvonD/?f_no=1137,https://img.travel.rakuten.co.jp/image/tr/api/re/vFumt/?f_no=1137&f_flg=PLAN,https://img.travel.rakuten.co.jp/image/tr/api/re/WzozX/?noTomariHotel=1137,https://img.travel.rakuten.co.jp/image/tr/api/re/gJNfM/?f_hotel_no=1137,ひるとんふくおかしーほーく,みずほPayPayドーム福岡隣接。全室オーシャンビュー！専用ラウンジ特典付エグゼクティブフロアも魅力。,10693,120928.65,469306.24,810-8650,福岡県,福岡市中央区地行浜2-2-3,092-844-8111,092-844-7899,【バス】天神からW１番で１５分／博多駅から３０６番で３０分→ヒルトン福岡前下車 。,"有り 800台 １泊2,000円(予約不要。チェックイン前の駐車可能）",唐人町,https://img.travel.rakuten.co.jp/share/HOTEL/1137/1137.jpg,https://img.travel.rakuten.co.jp/HIMG/90/1137.jpg,https://img.travel.rakuten.co.jp/share/HOTEL/1137/1137_sgl.jpg,https://img.travel.rakuten.co.jp/HIMG/INTERIOR/1137.jpg,https://img.travel.rakuten.co.jp/share/HOTEL/1137/1137map.gif,4686.0,4.11,"特別悪い…　2026-04-12 19:22:15投稿 <a href=""https://img.travel.rakuten.co.jp/image/tr/api/re/gJNfM/?f_hotel_no=1137"" class=""3click"">つづきはこちら</a>",k1e,30階 エグゼクティブ キング （禁煙）,6259056.0,【ラウンジ特典付】ワンランク上のホテルステイを満喫（エグゼクティブラウンジのみ朝食無料）冬春,1,0,0,1,0,1,https://img.travel.rakuten.co.jp/image/tr/api/re/IdsCY/?f_no=1137&f_syu=k1e&f_hi1=2026-04-15&f_hi2=2026-04-16&f_heya_su=1&f_otona_su=1&f_s1=0&f_s2=0&f_y1=0&f_y2=0&f_y3=0&f_y4=0&f_camp_id=6259056,0,2026-04-15,48356,48356,0
2921,福岡東映ホテル,https://img.travel.rakuten.co.jp/image/tr/api/re/pvonD/?f_no=2921,https://img.travel.rakuten.co.jp/image/tr/api/re/vFumt/?f_no=2921&f_flg=PLAN,https://img.travel.rakuten.co.jp/image/tr/api/re/WzozX/?noTomariHotel=2921,https://img.travel.rakuten.co.jp/image/tr/api/re/gJNfM/?f_hotel_no=2921,ふくおか　とうえいほてる, 天神、博多の中間に位置し、ビジネス・観光の拠点として最適。コンビニ徒歩3分、近隣飲食店多数あり。,8000,120883.83,469468.17,810-0011,福岡県,福岡市中央区高砂1-1-23,092-524-2121,092-524-2129,博多駅から車で5分福岡空港から車で20分西鉄薬院駅から徒歩3分地下鉄七隈線渡辺通り駅から徒歩1分天神から徒歩10分,"ホテル駐車場なし 契約駐車場有（22時間連続駐車1,300円）",博多,https://img.travel.rakuten.co.jp/share/HOTEL/2921/2921.jpg,https://img.travel.rakuten.co.jp/HIMG/90/2921.jpg,https://img.travel.rakuten.co.jp/share/HOTEL/2921/2921_room.jpg,https://img.travel.rakuten.co.jp/HIMG/INTERIOR/2921.jpg,https://img.travel.rakuten.co.jp/share/HOTEL/2921/2921map.gif,2666.0,4.19,"クチコミの詳細はこちらから　https://review.travel.rakuten.co.jp/hotel/voi…　2026-03-18 17:48:21投稿 <a href=""https://img.travel.rakuten.co.jp/image/tr/api/re/gJNfM/?f_hotel_no=2921"" class=""3click"">つづきはこちら</a>",tare-new,スタンダードツイン（喫煙可）,3652683.0,【素泊】出張・観光に！素泊まりシンプルステイプラン♪,1,0,0,0,0,1,https://img.travel.rakuten.co.jp/image/tr/api/re/IdsCY/?f_no=2921&f_syu=tare-new&f_hi1=2026-04-15&f_hi2=2026-04-16&f_heya_su=1&f_otona_su=1&f_s1=0&f_s2=0&f_y1=0&f_y2=0&f_y3=0&f_y4=0&f_camp_id=3652683,0,2026-04-15,18000,18000,0
3089,プラザホテルプルミエ,https://img.travel.rakuten.co.jp/image/tr/api/re/pvonD/?f_no=3089,https://img.travel.rakuten.co.jp/image/tr/api/re/vFumt/?f_no=3089&f_flg=PLAN,https://img.travel.rakuten.co.jp/image/tr/api/re/WzozX/?noTomariHotel=3089,https://img.travel.rakuten.co.jp/image/tr/api/re/gJNfM/?f_hotel_no=3089,ぷらざほてる　ぷるみえ,福岡の天神地区のホテル。出張や買物に最適！快適なデュベスタイル・Wi-Fi接続。,3330,120902.64,469432.81,810-0041,福岡県,福岡市中央区大名1-14-13,0570-076-633,092-734-7601,博多駅、福岡空港より地下鉄で1本。空港線天神駅3番出口より徒歩7分。七隈線天神南駅2番出口より徒歩8分。,駐車場あり(先着順・予約不可)  2500円/ 1泊,天神,https://img.travel.rakuten.co.jp/share/HOTEL/3089/3089.jpg,https://img.travel.rakuten.co.jp/HIMG/90/3089.jpg,https://img.travel.rakuten.co.jp/share/HOTEL/3089/3089_tui.jpg,https://img.travel.rakuten.co.jp/HIMG/INTERIOR/3089.jpg,https://img.travel.rakuten.co.jp/share/HOTEL/3089/3089map.gif,2849.0,3.82,"クチコミの詳細…　2026-03-30 08:12:08投稿 <a href=""https://img.travel.rakuten.co.jp/image/tr/api/re/gJNfM/?f_hotel_no=3089"" class=""3click"">つづきはこちら</a>",ssssk,【禁煙】セミダブル,4512043.0,「プルミエ」ステイ,1,0,0,0,0,1,https://img.travel.rakuten.co.jp/image/tr/api/re/IdsCY/?f_no=3089&f_syu=ssssk&f_hi1=2026-04-15&f_hi2=2026-04-16&f_heya_su=1&f_otona_su=1&f_s1=0&f_s2=0&f_y1=0&f_y2=0&f_y3=0&f_y4=0&f_camp_id=4512043,0,2026-04-15,13860,13860,0
104626,ベッセルイン博多中洲（中洲川端）（２０２６年２月２８日全客室リニューアル）　,https://img.travel.rakuten.co.jp/image/tr/api/re/pvonD/?f_no=104626,https://img.travel.rakuten.co.jp/image/tr/api/re/vFumt/?f_no=104626&f_flg=PLAN,https://img.travel.rakuten.co.jp/image/tr/api/re/WzozX/?noTomariHotel=104626,https://img.travel.rakuten.co.jp/image/tr/api/re/gJNfM/?f_hotel_no=104626,べっせるいんはかたなかす　なかすかわばた,福岡空港から地下鉄で4駅の好立地！中洲川端駅から徒歩１分。Wi-Fi全室無料。18歳以下添い寝無料。,3725,120927.24,469465.95,810-0801,福岡県,福岡市博多区中洲5-1-12,092-271-4055,092-271-4050,地下鉄中洲川端駅より徒歩１分 【中洲川端駅３番出口】JR博多駅、地下鉄天神駅より車で５分。福岡空港までも車で10分。,５台　電話予約制　満車の場合近隣のコインパーキングへのご案内になります。,中洲川端,https://img.travel.rakuten.co.jp/share/HOTEL/104626/104626.jpg,https://img.travel.rakuten.co.jp/HIMG/90/104626.jpg,https://img.travel.rakuten.co.jp/share/HOTEL/104626/104626_sin.jpg,https://img.travel.rakuten.co.jp/HIMG/INTERIOR/104626.jpg,https://img.travel.rakuten.co.jp/share/HOTEL/104626/104626map.gif,2036.0,4.17,"エアコンがフロアごとに冷房・暖房・送風…　2026-04-10 18:23:34投稿 <a href=""https://img.travel.rakuten.co.jp/image/tr/api/re/gJNfM/?f_hotel_no=104626"" class=""3click"">つづきはこちら</a>",nta,ツイン☆禁煙【ベッド2台】,4195314.0,【室数限定！添い寝不可★素泊まり】ツインシングルユース【中洲川端駅3番出口より徒歩1分】,1,0,0,0,0,1,https://img.travel.rakuten.co.jp/image/tr/api/re/IdsCY/?f_no=104626&f_syu=nta&f_hi1=2026-04-15&f_hi2=2026-04-16&f_heya_su=1&f_otona_su=1&f_s1=0&f_s2=0&f_y1=0&f_y2=0&f_y3=0&f_y4=0&f_camp_id=4195314,0,2026-04-15,22200,22200,0
183210,ＹＯＵ　ＳＴＹＬＥ　ＨＯＴＥＬ　ＨＡＫＡＴＡ,https://img.travel.rakuten.co.jp/image/tr/api/re/pvonD/?f_no=183210,https://img.travel.rakuten.co.jp/image/tr/api/re/vFumt/?f_no=183210&f_flg=PLAN,https://img.travel.rakuten.co.jp/image/tr/api/re/WzozX/?noTomariHotel=183210,https://img.travel.rakuten.co.jp/image/tr/api/re/gJNfM/?f_hotel_no=183210,ゆー　すたいる　ほてる　はかた,【全室禁煙】2021年10月　新築グランドオープン♪博多座の隣！中洲川端駅からも徒歩3分で便利な立地！,4700,120934.57,469470.12,812-0027,福岡県,福岡市博多区下川端町10-1,092-402-4433,092-402-4432,中洲川端駅より徒歩3分,"有(1,700円/泊)※ホテル内駐車場１台分のみ。※予約制のためホテルに直接お問い合わせください。",中洲川端,https://img.travel.rakuten.co.jp/share/HOTEL/183210/183210.jpg,https://img.travel.rakuten.co.jp/HIMG/90/183210.jpg,,,https://img.travel.rakuten.co.jp/share/HOTEL/183210/183210map.gif,255.0,4.26,"クチコミの詳細はこちらから　https://review.travel.rakuten.co.jp/hotel/voic…　2026-04-03 01:49:55投稿 <a href=""https://img.travel.rakuten.co.jp/image/tr/api/re/gJNfM/?f_hotel_no=183210"" class=""3click"">つづきはこちら</a>",twin1,ツインルーム※エキストラベッドのご用意はございません。,5238826.0,★楽天アワード2年連続受賞記念★【素泊まり】2021年10月グランドオープン！全室光触媒除菌導入,1,0,0,0,0,1,https://img.travel.rakuten.co.jp/image/tr/api/re/IdsCY/?f_no=183210&f_syu=twin1&f_hi1=2026-04-15&f_hi2=2026-04-16&f_heya_su=1&f_otona_su=1&f_s1=0&f_s2=0&f_y1=0&f_y2=0&f_y3=0&f_y4=0&f_camp_id=5238826,0,2026-04-15,24550,24550,0
181718,ホテルＪＡＬシティ福岡　天神,https://img.travel.rakuten.co.jp/image/tr/api/re/pvonD/?f_no=181718,https://img.travel.rakuten.co.jp/image/tr/api/re/vFumt/?f_no=181718&f_flg=PLAN,https://img.travel.rakuten.co.jp/image/tr/api/re/WzozX/?noTomariHotel=181718,https://img.travel.rakuten.co.jp/image/tr/api/re/gJNfM/?f_hotel_no=181718,ほてるじゃるしてぃふくおか　てんじん,2021年3月開業！空港・博多駅を結ぶ地下鉄赤坂駅3番出口より徒歩1分の好立地！！,8550,120909.95,469417.35,810-0041,福岡県,福岡市中央区大名2-12-5,092-718-7558,092-718-7567,福岡市営地下鉄赤坂駅3番出口より徒歩1分,"立体駐車場あり(台数26台・2,000円/泊) 予約不可",赤坂（福岡）,https://img.travel.rakuten.co.jp/share/HOTEL/181718/181718.jpg,https://img.travel.rakuten.co.jp/HIMG/90/181718.jpg,,,https://img.travel.rakuten.co.jp/share/HOTEL/181718/181718map.gif,512.0,4.49,"クチコミの詳細は…　2026-03-29 18:04:07投稿 <a href=""https://img.travel.rakuten.co.jp/image/tr/api/re/gJNfM/?f_hotel_no=181718"" class=""3click"">つづきはこちら</a>",mq,モデレートクイーン／21平米・禁煙,4933287.0,【SAVER】シンプルステイ(室料のみ),1,0,0,0,0,1,https://img.travel.rakuten.co.jp/image/tr/api/re/IdsCY/?f_no=181718&f_syu=mq&f_hi1=2026-04-15&f_hi2=2026-04-16&f_heya_su=1&f_otona_su=1&f_s1=0&f_s2=0&f_y1=0&f_y2=0&f_y3=0&f_y4=0&f_camp_id=4933287,0,2026-04-15,29000,29000,0
192810,ザ・ゲートホテル福岡　ｂｙ　ＨＵＬＩＣ,https://img.travel.rakuten.co.jp/image/tr/api/re/pvonD/?f_no=192810,https://img.travel.rakuten.co.jp/image/tr/api/re/vFumt/?f_no=192810&f_flg=PLAN,https://img.travel.rakuten.co.jp/image/tr/api/re/WzozX/?noTomariHotel=192810,https://img.travel.rakuten.co.jp/image/tr/api/re/gJNfM/?f_hotel_no=192810,ざ・げーとほてるふくおかばいひゅーりっく,天神駅直結。最上階からは博多湾を一望。福岡をテーマにした空間で、九州の美食とともに特別な時をお届けします。,15285,120915.04,469439.69,810-0001,福岡県,福岡市中央区天神2-8-49,092-406-2605,092-406-2676,地下鉄空港線「天神」駅より直結。西改札出口を出て右手奥。,無し,天神,https://img.travel.rakuten.co.jp/share/HOTEL/192810/192810.jpg,https://img.travel.rakuten.co.jp/HIMG/90/192810.jpg,,,https://img.travel.rakuten.co.jp/share/HOTEL/192810/192810map.gif,81.0,4.47,"私が宿泊した部屋はシャワーブース…　2026-04-13 07:12:42投稿 <a href=""https://img.travel.rakuten.co.jp/image/tr/api/re/gJNfM/?f_hotel_no=192810"" class=""3click"">つづきはこちら</a>",ckn,Classy　クラッシー キング 禁煙,6443633.0,【直前割】空港からも便利。上質空間で過ごす福岡ホテルステイ　素泊まり,1,0,0,0,0,1,https://img.travel.rakuten.co.jp/image/tr/api/re/IdsCY/?f_no=192810&f_syu=ckn&f_hi1=2026-04-15&f_hi2=2026-04-16&f_heya_su=1&f_otona_su=1&f_s1=0&f_s2=0&f_y1=0&f_y2=0&f_y3=0&f_y4=0&f_camp_id=6443633,0,2026-04-15,68970,68970,0
70215,ホテルマイステイズ福岡天神南,https://img.travel.rakuten.co.jp/image/tr/api/re/pvonD/?f_no=70215,https://img.travel.rakuten.co.jp/image/tr/api/re/vFumt/?f_no=70215&f_flg=PLAN,https://img.travel.rakuten.co.jp/image/tr/api/re/WzozX/?noTomariHotel=70215,https://img.travel.rakuten.co.jp/image/tr/api/re/gJNfM/?f_hotel_no=70215,ほてるまいすていずふくおかてんじんみなみ,地下鉄七隈線「天神南駅」から徒歩5分、「天神・中洲エリア」へ徒歩圏内。 ミニキッチン付のお部屋は連泊時に大人気！,4250,120907.54,469471.21,810-0003,福岡県,福岡市中央区春吉3-14-20,092-286-1700,092-286-2100,■空港から空港線「博多駅」にて七隈線に乗り換え「天神南駅」6番出口より徒歩5分■「天神高速バスターミナル」より徒歩８分,"ご利用の方は事前にお電話にてご予約下さい。1,500円／泊　※先着順。台数に限りがあります。　",,https://img.travel.rakuten.co.jp/share/HOTEL/70215/70215.jpg,https://img.travel.rakuten.co.jp/HIMG/90/70215.jpg,https://img.travel.rakuten.co.jp/share/HOTEL/70215/70215_s.jpg,https://img.travel.rakuten.co.jp/HIMG/INTERIOR/70215.jpg,https://img.travel.rakuten.co.jp/share/HOTEL/70215/70215map.gif,2107.0,4.24,"クチコミの詳細はこちらから　https://review.travel.raku…　2026-03-30 20:38:24投稿 <a href=""https://img.travel.rakuten.co.jp/image/tr/api/re/gJNfM/?f_hotel_no=70215"" class=""3click"">つづきはこちら</a>",d2a,禁煙◇リニューアル スタンダードダブル 電子レンジ付,6165188.0,2025年客室改装！全室スマートTV導入！【ベストレート／素泊まり】 直前予約にもオススメ！,1,0,0,0,0,1,https://img.travel.rakuten.co.jp/image/tr/api/re/IdsCY/?f_no=70215&f_syu=d2a&f_hi1=2026-04-15&f_hi2=2026-04-16&f_heya_su=1&f_otona_su=1&f_s1=0&f_s2=0&f_y1=0&f_y2=0&f_y3=0&f_y4=0&f_camp_id=6165188,0,2026-04-15,20470,20470,0
151071,ホテルニューガイア　ドーム前,https://img.travel.rakuten.co.jp/image/tr/api/re/pvonD/?f_no=151071,https://img.travel.rakuten.co.jp/image/tr/api/re/vFumt/?f_no=151071&f_flg=PLAN,https://img.travel.rakuten.co.jp/image/tr/api/re/WzozX/?noTomariHotel=151071,https://img.travel.rakuten.co.jp/image/tr/api/re/gJNfM/?f_hotel_no=151071,にゅーがいあ　どーむまえ,全客室にエアウィーヴ採用！宿泊者専用ラウンジではドリンク類が無料！スパークリングワインタイムもおススメ！,4575,120910.2,469333.0,810-0064,福岡県,福岡市中央区地行1-4-6,092-737-3901,092-737-3910,地下鉄空港線　唐人町駅より徒歩約５分！福岡空港、博多、天神にも地下鉄一本の好立地！,有り(先着5台予約不可)　車高1.55mまで(立体駐車場)　1000円(税込)／泊　※二輪駐輪場無し,唐人町,https://img.travel.rakuten.co.jp/share/HOTEL/151071/151071.jpg,https://img.travel.rakuten.co.jp/HIMG/90/151071.jpg,,,https://img.travel.rakuten.co.jp/share/HOTEL/151071/151071map.gif,638.0,4.27,"地下鉄の駅も近く、立地も良かったです。子連れでしたので、風呂に洗い場があり、トイレと別になっている所を探していましたが、浴槽も洗い場も広く、快適に過ごせま…　2026-04-13 12:49:39投稿 <a href=""https://img.travel.rakuten.co.jp/image/tr/api/re/gJNfM/?f_hotel_no=151071"" class=""3click"">つづきはこちら</a>",ssntw,シャボン玉石けん【 禁煙 】☆リニューアルツインルーム☆,6080611.0,【期間限定・ご当地プラン】人にも環境にも優しい「シャボン玉石けんフロア」確約コラボプラン,1,0,0,0,0,1,https://img.travel.rakuten.co.jp/image/tr/api/re/IdsCY/?f_no=151071&f_syu=ssntw&f_hi1=2026-04-15&f_hi2=2026-04-16&f_heya_su=1&f_otona_su=1&f_s1=0&f_s2=0&f_y1=0&f_y2=0&f_y3=0&f_y4=0&f_camp_id=6080611,0,2026-04-15,18400,18400,0
84779,グリーンリッチホテル西鉄大橋駅前,https://img.travel.rakuten.co.jp/image/tr/api/re/pvonD/?f_no=84779,https://img.travel.rakuten.co.jp/image/tr/api/re/vFumt/?f_no=84779&f_flg=PLAN,https://img.travel.rakuten.co.jp/image/tr/api/re/WzozX/?noTomariHotel=84779,https://img.travel.rakuten.co.jp/image/tr/api/re/gJNfM/?f_hotel_no=84779,ぐりーんりっちほてるにしてつおおはしえきまえ,天神まで西鉄電車で７分♪　観光やビジネスの拠点に最適な立地です,4800,120800.69,469542.04,815-0033,福岡県,福岡市南区大橋1-7-15,092-552-4400,092-552-4422,天神から西鉄電車で大橋駅下車。JR竹下駅西口から西鉄バスで大橋駅前下車。西鉄大橋駅（西口）を出て右に進み徒歩にて1分。,ホテルの駐車場はございません。近隣の有料駐車場をご案内致します。,大橋（福岡）,https://img.travel.rakuten.co.jp/share/HOTEL/84779/84779.jpg,https://img.travel.rakuten.co.jp/HIMG/90/84779.jpg,https://img.travel.rakuten.co.jp/share/HOTEL/84779/84779_ru.jpg,https://img.travel.rakuten.co.jp/HIMG/INTERIOR/84779.jpg,https://img.travel.rakuten.co.jp/share/HOTEL/84779/84779map.gif,605.0,3.87,"天神と太宰府に用事があり家族で宿泊しました。西鉄沿線のためどちらにもアクセスよく、また最寄り駅の目の前に立地しているので、子連れ旅行に最適でした。宿泊…　2026-04-13 19:38:57投稿 <a href=""https://img.travel.rakuten.co.jp/image/tr/api/re/gJNfM/?f_hotel_no=84779"" class=""3click"">つづきはこちら</a>",s,シングルルーム【喫煙】,6436879.0,【直前割】■朝食無料サービス■,1,0,0,1,0,1,https://img.travel.rakuten.co.jp/image/tr/api/re/IdsCY/?f_no=84779&f_syu=s&f_hi1=2026-04-15&f_hi2=2026-04-16&f_heya_su=1&f_otona_su=1&f_s1=0&f_s2=0&f_y1=0&f_y2=0&f_y3=0&f_y4=0&f_camp_id=6436879,0,2026-04-15,12500,12500,0
12562,ザ・レジデンシャルスイート・福岡,https://img.travel.rakuten.co.jp/image/tr/api/re/pvonD/?f_no=12562,https://img.travel.rakuten.co.jp/image/tr/api/re/vFumt/?f_no=12562&f_flg=PLAN,https://img.travel.rakuten.co.jp/image/tr/api/re/WzozX/?noTomariHotel=12562,https://img.travel.rakuten.co.jp/image/tr/api/re/gJNfM/?f_hotel_no=12562,ざ・れじでんしゃるすいーと・ふくおか,★全室44平米以上でミニキッチン＆電子レンジ完備★ドームまで徒歩約10分！★ファミリー、野球観戦、コンサートなどに最適♪,5000,120912.72,469288.88,814-0001,福岡県,福岡市早良区百道浜1-3-70,092-846-8585,092-846-8588,★車で福岡都市高速経由百道出口約2分★地下鉄『西新駅』１番出口より徒歩10分★バスで天神・博多から医師会館前まで約20分,有り　135台　\1650/泊（税込）　平置き/車高2.3ｍ迄　,西新,https://img.travel.rakuten.co.jp/share/HOTEL/12562/12562.jpg,https://img.travel.rakuten.co.jp/HIMG/90/12562.jpg,https://img.travel.rakuten.co.jp/share/HOTEL/12562/12562_t.jpg,https://img.travel.rakuten.co.jp/HIMG/INTERIOR/12562.jpg,https://img.travel.rakuten.co.jp/share/HOTEL/12562/12562map.gif,5081.0,4.1,"クチコミの詳細はこちらから　https://review.travel.rakuten.co.jp/hotel…　2026-04-11 20:35:23投稿 <a href=""https://img.travel.rakuten.co.jp/image/tr/api/re/gJNfM/?f_hotel_no=12562"" class=""3click"">つづきはこちら</a>",omsgl-k,【禁煙】１名利用,866872.0,【ライブやコンサート、イベント利用におすすめ】ドームまで徒歩10分！お部屋タイプおまかせ【素泊まり】,1,0,0,0,0,1,https://img.travel.rakuten.co.jp/image/tr/api/re/IdsCY/?f_no=12562&f_syu=omsgl-k&f_hi1=2026-04-15&f_hi2=2026-04-16&f_heya_su=1&f_otona_su=1&f_s1=0&f_s2=0&f_y1=0&f_y2=0&f_y3=0&f_y4=0&f_camp_id=866872,0,2026-04-15,17000,17000,0
18692,サウナ＆カプセルホテル　グリーンランド中洲店,https://img.travel.rakuten.co.jp/image/tr/api/re/pvonD/?f_no=18692,https://img.travel.rakuten.co.jp/image/tr/api/re/vFumt/?f_no=18692&f_flg=PLAN,,https://img.travel.rakuten.co.jp/image/tr/api/re/gJNfM/?f_hotel_no=18692,さうなあんどかぷせるほてる　ぐりーんらんど　なかすてん,中洲の中心地にあり、カプセルは外出自由です。※当店は男性専用でございます。,4200,120924.6,469473.67,810-0801,福岡県,福岡市博多区中洲3-6-17,092-291-9000,092-281-2476,福岡市営地下鉄　中洲川端駅下車,駐車場はございません。,中洲川端,https://img.travel.rakuten.co.jp/share/HOTEL/18692/18692.jpg,https://img.travel.rakuten.co.jp/HIMG/90/18692.jpg,https://img.travel.rakuten.co.jp/share/HOTEL/18692/18692_msg.jpg,https://img.travel.rakuten.co.jp/HIMG/INTERIOR/18692.jpg,https://img.travel.rakuten.co.jp/share/HOTEL/18692/18692map.gif,959.0,4.16,"普通でした
クチコミの詳細はこちらから　https://review.travel.rakuten.co.jp/hotel/voice/18692?reviewId=33123477369277　2026-04-12 23:13:59投稿",capsule,通常カプセル(大浴場・サウナ入泉料込み）,,,1,0,0,0,0,1,https://img.travel.rakuten.co.jp/image/tr/api/re/IdsCY/?f_no=18692&f_syu=capsule&f_hi1=2026-04-15&f_hi2=2026-04-16&f_heya_su=1&f_otona_su=1&f_s1=0&f_s2=0&f_y1=0&f_y2=0&f_y3=0&f_y4=0,1,2026-04-15,4200,4200,1
168188,ワンズホテル福岡,https://img.travel.rakuten.co.jp/image/tr/api/re/pvonD/?f_no=168188,https://img.travel.rakuten.co.jp/image/tr/api/re/vFumt/?f_no=168188&f_flg=PLAN,https://img.travel.rakuten.co.jp/image/tr/api/re/WzozX/?noTomariHotel=168188,https://img.travel.rakuten.co.jp/image/tr/api/re/gJNfM/?f_hotel_no=168188,わんずほてるふくおか,２０１８年１１月開業！地下鉄唐人町徒歩０分！隣はセブンイレブン！ヤフオクドーム徒歩圏内！全室ダブルベッドの寛ぎ空間。,4450,120909.75,469336.92,810-0054,福岡県,福岡市中央区今川1-3-3　,092-738-5533,092-738-5588,地下鉄　唐人町駅②番出口より約０分  〈 21時以降は⑤番出口〉〈 エレベーターは⑦番出口（ホテルまで徒歩約5分）〉,無し、近隣コインパーキング22台（1時間100円昼最大600円夜最大400円）イベント料金あり！,唐人町,https://img.travel.rakuten.co.jp/share/HOTEL/168188/168188.jpg,https://img.travel.rakuten.co.jp/HIMG/90/168188.jpg,,,https://img.travel.rakuten.co.jp/share/HOTEL/168188/168188map.gif,241.0,4.12,"立地(PayPayドーム、大濠公園、地下鉄近く)で決めましたが、余計なサービスなど無く使いやすく、とても良いホテルでした。廊下が外気に面していて少し驚きましたが、出かける時に気温などが…　2026-04-06 20:38:58投稿 <a href=""https://img.travel.rakuten.co.jp/image/tr/api/re/gJNfM/?f_hotel_no=168188"" class=""3click"">つづきはこちら</a>",dba,ダブルA〔禁煙〕（11.5平米・Wi-Fi無料）,4322226.0,【現金支払い限定】全室ダブルベッド★駅チカ＆ドーム徒歩圏内のお得ステイ,1,0,0,0,0,0,https://img.travel.rakuten.co.jp/image/tr/api/re/IdsCY/?f_no=168188&f_syu=dba&f_hi1=2026-04-15&f_hi2=2026-04-16&f_heya_su=1&f_otona_su=1&f_s1=0&f_s2=0&f_y1=0&f_y2=0&f_y3=0&f_y4=0&f_camp_id=4322226,0,2026-04-15,15000,15000,0
146992,ファーストキャビン博多,https://img.travel.rakuten.co.jp/image/tr/api/re/pvonD/?f_no=146992,https://img.travel.rakuten.co.jp/image/tr/api/re/vFumt/?f_no=146992&f_flg=PLAN,,https://img.travel.rakuten.co.jp/image/tr/api/re/gJNfM/?f_hotel_no=146992,ふぁーすときゃびん　はかた,【全国旅行支援対象】地下鉄「中洲川端駅」直結の好立地！大浴場で疲れを癒せます。女性エリア完備！,4365,120925.34,469470.08,810-0801,福岡県,福岡市博多区中洲3-7-24　ｇａｔｅ’ｓ 8F,092-260-1852,092-260-1853,地下鉄空港線　中洲川端駅４番出口直結,駐車場無し・公共交通機関をご利用ください,中洲川端,https://img.travel.rakuten.co.jp/share/HOTEL/146992/146992.jpg,https://img.travel.rakuten.co.jp/HIMG/90/146992.jpg,https://img.travel.rakuten.co.jp/share/HOTEL/146992/146992_kan1.jpg,https://img.travel.rakuten.co.jp/HIMG/INTERIOR/146992.jpg,https://img.travel.rakuten.co.jp/share/HOTEL/146992/146992map.gif,967.0,3.95,"でもちゃんとこまめにスタッフが確認してくれてるみたいでそこそ…　2026-04-13 22:30:12投稿 <a href=""https://img.travel.rakuten.co.jp/image/tr/api/re/gJNfM/?f_hotel_no=146992"" class=""3click"">つづきはこちら</a>",sd,ビジネスクラスキャビン（女性専用・男性不可）,4434971.0,【女性限定】素泊まり☆スタンダードプラン,1,0,0,0,0,1,https://img.travel.rakuten.co.jp/image/tr/api/re/IdsCY/?f_no=146992&f_syu=sd&f_hi1=2026-04-15&f_hi2=2026-04-16&f_heya_su=1&f_otona_su=1&f_s1=0&f_s2=0&f_y1=0&f_y2=0&f_y3=0&f_y4=0&f_camp_id=4434971,0,2026-04-15,8500,8500,0
183099,グローカルホテル糸島,https://img.travel.rakuten.co.jp/image/tr/api/re/pvonD/?f_no=183099,https://img.travel.rakuten.co.jp/image/tr/api/re/vFumt/?f_no=183099&f_flg=PLAN,https://img.travel.rakuten.co.jp/image/tr/api/re/WzozX/?noTomariHotel=183099,https://img.travel.rakuten.co.jp/image/tr/api/re/gJNfM/?f_hotel_no=183099,ぐろーかるほてるいとしま,駐車場無料・大浴場あり。徒歩圏内温浴施設やサウナ・岩盤浴・食事処あり。,8200,120889.86,468777.98,819-1111,福岡県,糸島市泊844-1,092-332-9600,092-332-9606,「福岡空港」より「筑肥線(波多江駅)」で降り、タクシーで7分,有り　125台　無料　予約不要,今宿,https://img.travel.rakuten.co.jp/share/HOTEL/183099/183099.jpg,https://img.travel.rakuten.co.jp/HIMG/90/183099.jpg,,,https://img.travel.rakuten.co.jp/share/HOTEL/183099/183099map.gif,332.0,4.53,"スタッフの方は皆、感じが良いです。ディナーも美味しく頂きました。そこでのスタッフの方もみなさん感じが良いです。ビッフェタイプで料理の追加や片付け等、大変だと思い…　2026-04-13 23:09:21投稿 <a href=""https://img.travel.rakuten.co.jp/image/tr/api/re/gJNfM/?f_hotel_no=183099"" class=""3click"">つづきはこちら</a>",sgl,シングルルーム,6394646.0,【期間限定・室数限定】糸島産牡蠣☆カキ小屋「住吉丸」☆割引券付きプラン(朝食付き),1,0,0,1,0,1,https://img.travel.rakuten.co.jp/image/tr/api/re/IdsCY/?f_no=183099&f_syu=sgl&f_hi1=2026-04-15&f_hi2=2026-04-16&f_heya_su=1&f_otona_su=1&f_s1=0&f_s2=0&f_y1=0&f_y2=0&f_y3=0&f_y4=0&f_camp_id=6394646,0,2026-04-15,11200,11200,0
76347,ＨＥＡＲＴＳカプセルホテル＆スパ中洲,https://img.travel.rakuten.co.jp/image/tr/api/re/pvonD/?f_no=76347,https://img.travel.rakuten.co.jp/image/tr/api/re/vFumt/?f_no=76347&f_flg=PLAN,https://img.travel.rakuten.co.jp/image/tr/api/re/WzozX/?noTomariHotel=76347,https://img.travel.rakuten.co.jp/image/tr/api/re/gJNfM/?f_hotel_no=76347,はーつかぷせるほてるあんどすぱなかす,★地下鉄　【中洲川端駅】　直結★　【清潔感】と【低価格】が魅力のカプセルホテル♪　無料Wi-Fi完備♪アメニティ無料♪ ,3000,120925.34,469466.41,810-0801,福岡県,福岡市博多区中洲5-2-1 7F・8F,092-263-1313,092-263-1515,★地下鉄　【中洲川端駅】　直結★　地下鉄にて福岡空港→８分・博多駅→３分・天神→１分（乗換なしでご到着できます）,無し,中洲川端,https://img.travel.rakuten.co.jp/share/HOTEL/76347/76347.jpg,https://img.travel.rakuten.co.jp/HIMG/90/76347.jpg,https://img.travel.rakuten.co.jp/share/HOTEL/76347/76347_gr.jpg,https://img.travel.rakuten.co.jp/HIMG/INTERIOR/76347.jpg,https://img.travel.rakuten.co.jp/share/HOTEL/76347/76347map.gif,1195.0,3.49,"クチコミの詳細はこちらから　https://review.travel.rakuten.co.jp/hotel/voice/76347?re…　2026-04-02 14:24:41投稿 <a href=""https://img.travel.rakuten.co.jp/image/tr/api/re/gJNfM/?f_hotel_no=76347"" class=""3click"">つづきはこちら</a>",sc,スタンダードキャビンルーム【男性専用】　Wi-Fi完備,3969190.0,【スタンダードプラン】★地下鉄駅直結　シャワー付　手ぶらOK♪ 　wifi完備　外出自由♪※男性専用,1,0,0,0,0,1,https://img.travel.rakuten.co.jp/image/tr/api/re/IdsCY/?f_no=76347&f_syu=sc&f_hi1=2026-04-15&f_hi2=2026-04-16&f_heya_su=1&f_otona_su=1&f_s1=0&f_s2=0&f_y1=0&f_y2=0&f_y3=0&f_y4=0&f_camp_id=3969190,0,2026-04-15,3900,3900,0
182101,福岡ユウベルホテル,https://img.travel.rakuten.co.jp/image/tr/api/re/pvonD/?f_no=182101,https://img.travel.rakuten.co.jp/image/tr/api/re/vFumt/?f_no=182101&f_flg=PLAN,https://img.travel.rakuten.co.jp/image/tr/api/re/WzozX/?noTomariHotel=182101,https://img.travel.rakuten.co.jp/image/tr/api/re/gJNfM/?f_hotel_no=182101,ふくおかゆうべるほてる,福岡の中心、薬院のホテルです。天神エリアまで徒歩圏内、疲れを癒す大浴場有。ビジネス、観光の拠点として最適なホテルです。,4693,120888.07,469427.19,810-0023,福岡県,福岡市中央区警固1-9-3,092-761-0345,092-761-0367,地下鉄七隈線「薬院大通駅」徒歩5分,有 4台 1500円/泊　先着順　※チェックインの際にホテル敷地以外への一時停車はしないでください,薬院,https://img.travel.rakuten.co.jp/share/HOTEL/182101/182101.jpg,https://img.travel.rakuten.co.jp/HIMG/90/182101.jpg,,,https://img.travel.rakuten.co.jp/share/HOTEL/182101/182101map.gif,277.0,4.32,"大浴場ががありゆっくりお風呂に入れるので、嬉しいけれど、乾かす所がもう少しあ…　2026-04-08 20:07:10投稿 <a href=""https://img.travel.rakuten.co.jp/image/tr/api/re/gJNfM/?f_hotel_no=182101"" class=""3click"">つづきはこちら</a>",ra010,ダブル【禁煙】,5443598.0,【楽天トラベル限定タイムセール】お得に泊まって♪ 福岡を満喫♪ 大浴場でゆったり！＜素泊り＞,1,0,0,0,0,1,https://img.travel.rakuten.co.jp/image/tr/api/re/IdsCY/?f_no=182101&f_syu=ra010&f_hi1=2026-04-15&f_hi2=2026-04-16&f_heya_su=1&f_otona_su=1&f_s1=0&f_s2=0&f_y1=0&f_y2=0&f_y3=0&f_y4=0&f_camp_id=5443598,0,2026-04-15,18100,18100,0
165560,Ｈ　ＨＯＴＥＬ,https://img.travel.rakuten.co.jp/image/tr/api/re/pvonD/?f_no=165560,https://img.travel.rakuten.co.jp/image/tr/api/re/vFumt/?f_no=165560&f_flg=PLAN,https://img.travel.rakuten.co.jp/image/tr/api/re/WzozX/?noTomariHotel=165560,https://img.travel.rakuten.co.jp/image/tr/api/re/gJNfM/?f_hotel_no=165560,えいち　ほてる,福岡の中心・大名発★設備充実の【ホテル×コワーキングスペース】高速Wi-Fi、挽きたてコーヒーに話題のあの本まで♪,5520,120906.31,469430.33,810-0041,福岡県,福岡市中央区大名2-1-13,092-722-5070,092-722-5077,地下鉄空港線「天神駅」より徒歩5分。博多駅から3駅（5分）／福岡空港から5駅（12分）,専用駐車場なし／近隣の駐車場をご案内しております〈紙与パーキング大名〉当ホテルから車で２分、徒歩５分,天神,https://img.travel.rakuten.co.jp/share/HOTEL/165560/165560.jpg,https://img.travel.rakuten.co.jp/HIMG/90/165560.jpg,,,https://img.travel.rakuten.co.jp/share/HOTEL/165560/165560map.gif,70.0,4.26,"クチコミの詳細はこちらから　https://review.travel.rakuten.co.jp/…　2026-01-12 13:00:22投稿 <a href=""https://img.travel.rakuten.co.jp/image/tr/api/re/gJNfM/?f_hotel_no=165560"" class=""3click"">つづきはこちら</a>",h8,ペントハウス（スイートルーム｜146.5平米）【禁煙】,6021982.0,【平日限定】リフレッシュウィークデイズ！リーズナブルで心もカラダもお財布もゆったりステイ＜素泊まり＞,1,0,0,0,0,2,https://img.travel.rakuten.co.jp/image/tr/api/re/IdsCY/?f_no=165560&f_syu=h8&f_hi1=2026-04-15&f_hi2=2026-04-16&f_heya_su=1&f_otona_su=1&f_s1=0&f_s2=0&f_y1=0&f_y2=0&f_y3=0&f_y4=0&f_camp_id=6021982,0,2026-04-15,79830,79830,0
167056,Ｔｈｅ　ＢＲＥＡＫＦＡＳＴ　ＨＯＴＥＬ福岡中洲,https://img.travel.rakuten.co.jp/image/tr/api/re/pvonD/?f_no=167056,https://img.travel.rakuten.co.jp/image/tr/api/re/vFumt/?f_no=167056&f_flg=PLAN,https://img.travel.rakuten.co.jp/image/tr/api/re/WzozX/?noTomariHotel=167056,https://img.travel.rakuten.co.jp/image/tr/api/re/gJNfM/?f_hotel_no=167056,ざ　ぶれっくふぁーすと　ほてるふくおかなかす,23年 ACC総務大臣賞を受賞！【春香のBREAKFAST】桜鯛と筍と春フルーツフェア 4月末まで,6090,120924.69,469474.24,810-0801,福岡県,福岡市博多区中洲３丁目６－１９,050-1792-2444,092-291-4124,福岡市営地下鉄 空港線：博多駅経由 中洲川端駅まで4駅9分　中洲川端駅4番出口より徒歩2分,専用駐車場は設けておりません。車でお越しの方は周辺の有料駐車場を利用ください。,中洲川端,https://img.travel.rakuten.co.jp/share/HOTEL/167056/167056.jpg,https://img.travel.rakuten.co.jp/HIMG/90/167056.jpg,,,https://img.travel.rakuten.co.jp/share/HOTEL/167056/167056map.gif,541.0,4.01,"チキンとココナッツミルクのカレーがすごく美味しかったです。いくらとお米の粒がとても小さくて残念でした。お米は粘りなどはないのでココナッツミルクカレーによく合います…　2026-04-11 19:21:57投稿 <a href=""https://img.travel.rakuten.co.jp/image/tr/api/re/gJNfM/?f_hotel_no=167056"" class=""3click"">つづきはこちら</a>",air,【禁煙室】エアウィーヴツインルーム,5649873.0,【春旅SALE】春休みは屋台やグルメが豊富な福岡中洲で！素泊,1,0,0,0,0,2,https://img.travel.rakuten.co.jp/image/tr/api/re/IdsCY/?f_no=167056&f_syu=air&f_hi1=2026-04-15&f_hi2=2026-04-16&f_heya_su=1&f_otona_su=1&f_s1=0&f_s2=0&f_y1=0&f_y2=0&f_y3=0&f_y4=0&f_camp_id=5649873,0,2026-04-15,17200,17200,0
196538,福岡プリンスホテル　ももち浜（２０２６年３月１７日開業）,https://img.travel.rakuten.co.jp/image/tr/api/re/pvonD/?f_no=196538,https://img.travel.rakuten.co.jp/image/tr/api/re/vFumt/?f_no=196538&f_flg=PLAN,https://img.travel.rakuten.co.jp/image/tr/api/re/WzozX/?noTomariHotel=196538,https://img.travel.rakuten.co.jp/image/tr/api/re/gJNfM/?f_hotel_no=196538,ふくおかぷりんすほてる　ももちはま（２０２６ねん３がつ１７にち）,【お得なクーポン配布中】2026年3月17日開業｜全室オーシャンビューのプリンスホテル,11964,120924.37,469270.09,814-0001,福岡県,福岡市早良区百道浜二丁目3番23号,092-400-1806,092-400-2016,地下鉄 西新駅から（最寄駅）：タクシー 約6分／徒歩 約20分,"62台。（有料・1泊2,000円）満車でご利用いただけない場合がございます。",西新,https://img.travel.rakuten.co.jp/share/HOTEL/196538/196538.jpg,https://img.travel.rakuten.co.jp/HIMG/90/196538.jpg,,,https://img.travel.rakuten.co.jp/share/HOTEL/196538/196538map.gif,6.0,3.0,,muton,【禁煙】スーペリア ツイン,6314267.0,2026年3月OPEN！開業記念プラン 室料のみ,1,0,0,0,0,1,https://img.travel.rakuten.co.jp/image/tr/api/re/IdsCY/?f_no=196538&f_syu=muton&f_hi1=2026-04-15&f_hi2=2026-04-16&f_heya_su=1&f_otona_su=1&f_s1=0&f_s2=0&f_y1=0&f_y2=0&f_y3=0&f_y4=0&f_camp_id=6314267,0,2026-04-15,27408,27408,0
182484,ホテルオリエンタルエクスプレス福岡天神,https://img.travel.rakuten.co.jp/image/tr/api/re/pvonD/?f_no=182484,https://img.travel.rakuten.co.jp/image/tr/api/re/vFumt/?f_no=182484&f_flg=PLAN,https://img.travel.rakuten.co.jp/image/tr/api/re/WzozX/?noTomariHotel=182484,https://img.travel.rakuten.co.jp/image/tr/api/re/gJNfM/?f_hotel_no=182484,ほてるおりえんたるえくすぷれすふくおかてんじん,地下鉄空港線「天神駅」西1番出口より徒歩1分。★ビジネス・観光・paypayドーム・お買い物にアクセス抜群◎,6290,120920.0,469436.92,810-0001,福岡県,福岡市中央区天神3-3-14,092-401-1905,092-401-1906,地下鉄空港線「天神駅」西1番出口より徒歩1分,契約駐車場有（安国駐車場　17：00〜翌10：00　800円 　ホテルより徒歩3分）,天神,https://img.travel.rakuten.co.jp/share/HOTEL/182484/182484.jpg,https://img.travel.rakuten.co.jp/HIMG/90/182484.jpg,,,https://img.travel.rakuten.co.jp/share/HOTEL/182484/182484map.gif,300.0,3.61,"切…　2026-02-09 13:19:06投稿 <a href=""https://img.travel.rakuten.co.jp/image/tr/api/re/gJNfM/?f_hotel_no=182484"" class=""3click"">つづきはこちら</a>",cda,■コーナーダブル／ソファ 18平米（禁煙・角部屋）,6242308.0,【期間限定★朝食プレゼント】土鍋ごはん＆多彩なおかずで至福のひとときを！（朝食ブッフェ付）,1,0,0,1,0,1,https://img.travel.rakuten.co.jp/image/tr/api/re/IdsCY/?f_no=182484&f_syu=cda&f_hi1=2026-04-15&f_hi2=2026-04-16&f_heya_su=1&f_otona_su=1&f_s1=0&f_s2=0&f_y1=0&f_y2=0&f_y3=0&f_y4=0&f_camp_id=6242308,0,2026-04-15,26310,26310,0
192803,ＯＮＥ　ＦＵＫＵＯＫＡ　ＨＯＴＥＬ,https://img.travel.rakuten.co.jp/image/tr/api/re/pvonD/?f_no=192803,https://img.travel.rakuten.co.jp/image/tr/api/re/vFumt/?f_no=192803&f_flg=PLAN,,https://img.travel.rakuten.co.jp/image/tr/api/re/gJNfM/?f_hotel_no=192803,わんふくおかほてる,天神の空に、くつろぐ,36000,120915.06,469448.76,810-0001,福岡県,福岡市中央区天神1-11-1 ONE FUKUOKA BLDG 18-19F,092-752-1110,092-752-1112,福岡市営地下鉄天神駅直結 / 地下鉄赤坂駅（徒歩10分）/ 福岡空港駅11分（地下鉄空港線）,無し,天神,https://img.travel.rakuten.co.jp/share/HOTEL/192803/192803.jpg,https://img.travel.rakuten.co.jp/HIMG/90/192803.jpg,,,https://img.travel.rakuten.co.jp/share/HOTEL/192803/192803map.gif,13.0,4.77,,tko,テラスキング(36+テラス7m2),6260803.0,【室料のみ】天神の空にくつろぐ（宿泊者専用ラウンジ/大浴場サウナ/フィットネスアクセス付）,1,0,0,0,0,1,https://img.travel.rakuten.co.jp/image/tr/api/re/IdsCY/?f_no=192803&f_syu=tko&f_hi1=2026-04-15&f_hi2=2026-04-16&f_heya_su=1&f_otona_su=1&f_s1=0&f_s2=0&f_y1=0&f_y2=0&f_y3=0&f_y4=0&f_camp_id=6260803,0,2026-04-15,83000,83000,0
169898,Ｒａｋｕｔｅｎ　ＳＴＡＹ　福岡薬院,https://img.travel.rakuten.co.jp/image/tr/api/re/pvonD/?f_no=169898,https://img.travel.rakuten.co.jp/image/tr/api/re/vFumt/?f_no=169898&f_flg=PLAN,https://img.travel.rakuten.co.jp/image/tr/api/re/WzozX/?noTomariHotel=169898,https://img.travel.rakuten.co.jp/image/tr/api/re/gJNfM/?f_hotel_no=169898,,福岡薬院エリアのRakutenSTAY！西日本唯一のお買いものパンダコンセプトルームが大人気！,2120,120864.22,469478.29,810-0012,福岡県,福岡市中央区白金2-6-4,050-1725-2914,,西鉄平尾駅から徒歩約7分／薬院駅から徒歩約12分／(バス停)高砂2丁目から徒歩約3分,無し,西鉄平尾,https://img.travel.rakuten.co.jp/share/HOTEL/169898/169898.jpg,https://img.travel.rakuten.co.jp/HIMG/90/169898.jpg,,,https://img.travel.rakuten.co.jp/share/HOTEL/169898/169898map.gif,183.0,4.12,クチコミの詳細はこちらから　https://review.travel.rakuten.co.jp/hotel/voice/169898?reviewId=33123477362940　2026-04-12 09:44:40投稿,c-1,【ファミリー8】1〜5名利用(禁煙),5785246.0,▼直前割▼最大２０％OFF！神出鬼没の大特価プラン★急なお出かけでも安心♪（キャンセル不可）,1,0,0,0,0,2,https://img.travel.rakuten.co.jp/image/tr/api/re/IdsCY/?f_no=169898&f_syu=c-1&f_hi1=2026-04-15&f_hi2=2026-04-16&f_heya_su=1&f_otona_su=1&f_s1=0&f_s2=0&f_y1=0&f_y2=0&f_y3=0&f_y4=0&f_camp_id=5785246,0,2026-04-15,11360,11360,0
72791,ホテルマイステイズ福岡天神,https://img.travel.rakuten.co.jp/image/tr/api/re/pvonD/?f_no=72791,https://img.travel.rakuten.co.jp/image/tr/api/re/vFumt/?f_no=72791&f_flg=PLAN,https://img.travel.rakuten.co.jp/image/tr/api/re/WzozX/?noTomariHotel=72791,https://img.travel.rakuten.co.jp/image/tr/api/re/gJNfM/?f_hotel_no=72791,まいすていずふくおかてんじん,福岡の中心 天神駅より徒歩5分とアクセス至便！くつろぎと快適さをお届けいたします。,4480,120920.66,469433.4,810-0001,福岡県,福岡市中央区天神3-5-7,092-687-1100,092-687-1102,地下鉄 天神駅の4番出口より徒歩5分 福岡空港から乗り換えなし10分。コンビニまで徒歩１分,敷地内駐車場は【コインパーキング】です。（※ご予約制ではございませんのでご了承ください）,天神,https://img.travel.rakuten.co.jp/share/HOTEL/72791/72791.jpg,https://img.travel.rakuten.co.jp/HIMG/90/72791.jpg,https://img.travel.rakuten.co.jp/share/HOTEL/72791/72791_room.jpg,https://img.travel.rakuten.co.jp/HIMG/INTERIOR/72791.jpg,https://img.travel.rakuten.co.jp/share/HOTEL/72791/72791map.gif,1923.0,4.23,"クチコミの詳細はこちらから　https://review.travel.rakuten.co.jp/hotel/voice/72791?reviewId=…　2026-04-03 16:47:29投稿 <a href=""https://img.travel.rakuten.co.jp/image/tr/api/re/gJNfM/?f_hotel_no=72791"" class=""3click"">つづきはこちら</a>",sia,■喫煙■スタンダードダブル【15平米】,3362446.0,【素泊まり / ベストレート】小学生のお子様まで【添い寝無料】,1,0,0,0,0,1,https://img.travel.rakuten.co.jp/image/tr/api/re/IdsCY/?f_no=72791&f_syu=sia&f_hi1=2026-04-15&f_hi2=2026-04-16&f_heya_su=1&f_otona_su=1&f_s1=0&f_s2=0&f_y1=0&f_y2=0&f_y3=0&f_y4=0&f_camp_id=3362446,0,2026-04-15,20680,20680,0
179384,ホテルリブマックス博多中洲,https://img.travel.rakuten.co.jp/image/tr/api/re/pvonD/?f_no=179384,https://img.travel.rakuten.co.jp/image/tr/api/re/vFumt/?f_no=179384&f_flg=PLAN,https://img.travel.rakuten.co.jp/image/tr/api/re/WzozX/?noTomariHotel=179384,https://img.travel.rakuten.co.jp/image/tr/api/re/gJNfM/?f_hotel_no=179384,ほてるりぶまっくすはかたなかす,【2020年3月新築OPEN】中洲川端駅から徒歩２分！博多・天神徒歩圏内！,3910,120927.09,469461.09,810-0801,福岡県,福岡市博多区中洲5-4-21,092-273-0050,092-273-0051,地下鉄空港線・箱崎線　中州川端駅より徒歩にて約2分／地下鉄空港線　天神駅より徒歩にて約８分,近隣にコインパーキングあり　※提携はしておりません　満車の場合はご容赦下さい。,中洲川端,https://img.travel.rakuten.co.jp/share/HOTEL/179384/179384.jpg,https://img.travel.rakuten.co.jp/HIMG/90/179384.jpg,,,https://img.travel.rakuten.co.jp/share/HOTEL/179384/179384map.gif,276.0,3.65,"クチコミの詳細はこちらから　https://review.travel.rakuten.co.jp/hot…　2025-11-21 17:16:44投稿 <a href=""https://img.travel.rakuten.co.jp/image/tr/api/re/gJNfM/?f_hotel_no=179384"" class=""3click"">つづきはこちら</a>",vsn,【バリアフリーシングル】禁煙/定員２名/２０平米/セミダブル,5721642.0,【リブマックスセール】《15％OFF》ホテルリブマックス博多中洲【素泊り】,1,0,0,0,0,1,https://img.travel.rakuten.co.jp/image/tr/api/re/IdsCY/?f_no=179384&f_syu=vsn&f_hi1=2026-04-15&f_hi2=2026-04-16&f_heya_su=1&f_otona_su=1&f_s1=0&f_s2=0&f_y1=0&f_y2=0&f_y3=0&f_y4=0&f_camp_id=5721642,0,2026-04-15,21250,21250,0
177834,Ｍｅｉ,https://img.travel.rakuten.co.jp/image/tr/api/re/pvonD/?f_no=177834,https://img.travel.rakuten.co.jp/image/tr/api/re/vFumt/?f_no=177834&f_flg=PLAN,https://img.travel.rakuten.co.jp/image/tr/api/re/WzozX/?noTomariHotel=177834,https://img.travel.rakuten.co.jp/image/tr/api/re/gJNfM/?f_hotel_no=177834,めい,天神・中洲・博多・屋台グルメ等の観光地からほど近い、SNSで話題のライフスタイルホテル,5434,120897.73,469471.53,810-0003,福岡県,福岡市中央区春吉2-16-19,092-771-6221,092-406-8890,【渡辺通駅】徒歩で約4分【博多駅】タクシーで約10分／地下鉄で約16分【福岡空港】タクシーで約20分／地下鉄で約25分,無し（真向かい、周辺に複数コインパーキングがございます）,博多,https://img.travel.rakuten.co.jp/share/HOTEL/177834/177834.jpg,https://img.travel.rakuten.co.jp/HIMG/90/177834.jpg,https://img.travel.rakuten.co.jp/share/HOTEL/177834/177834_kan1.jpg,https://img.travel.rakuten.co.jp/HIMG/INTERIOR/177834.jpg,https://img.travel.rakuten.co.jp/share/HOTEL/177834/177834map.gif,64.0,4.05,"クチコミの詳細はこちらから　https://r…　2026-03-16 21:40:48投稿 <a href=""https://img.travel.rakuten.co.jp/image/tr/api/re/gJNfM/?f_hotel_no=177834"" class=""3click"">つづきはこちら</a>",8,Mei アトリウムルームSmall(定員2名),4650901.0,【直前割】【素泊まり】今だけお得！当日・前日予約に◎博多のデザインホテルで気ままに滞在、直前割プラン,1,0,0,0,0,1,https://img.travel.rakuten.co.jp/image/tr/api/re/IdsCY/?f_no=177834&f_syu=8&f_hi1=2026-04-15&f_hi2=2026-04-16&f_heya_su=1&f_otona_su=1&f_s1=0&f_s2=0&f_y1=0&f_y2=0&f_y3=0&f_y4=0&f_camp_id=4650901,0,2026-04-15,22990,22990,0
176739,ホテルビスタ福岡【中洲川端】,https://img.travel.rakuten.co.jp/image/tr/api/re/pvonD/?f_no=176739,https://img.travel.rakuten.co.jp/image/tr/api/re/vFumt/?f_no=176739&f_flg=PLAN,https://img.travel.rakuten.co.jp/image/tr/api/re/WzozX/?noTomariHotel=176739,https://img.travel.rakuten.co.jp/image/tr/api/re/gJNfM/?f_hotel_no=176739,びすた　ふくおか　なかすかわばた,「博多座」まで徒歩約3分　歌舞伎・ミュージカル等、年間通して公演をお楽しみいただけます,5500,120931.58,469478.03,812-0026,福岡県,福岡市博多区上川端町14-28,092-281-3737,092-281-3736,中洲川端駅７番出口より徒歩にて約３分。地下鉄にて天神駅まで２分、博多駅まで４分の好立地。最寄りのコンビニまで徒歩1分。,"５台先着順 一泊一台1,500円(税込) 機械式のため車高及び車幅制限あり 満車時は提携駐車場を案内",中洲川端,https://img.travel.rakuten.co.jp/share/HOTEL/176739/176739.jpg,https://img.travel.rakuten.co.jp/HIMG/90/176739.jpg,https://img.travel.rakuten.co.jp/share/HOTEL/176739/176739_kan1.jpg,https://img.travel.rakuten.co.jp/HIMG/INTERIOR/176739.jpg,https://img.travel.rakuten.co.jp/share/HOTEL/176739/176739map.gif,762.0,4.2,"ホテルの出入りの時の『行ってらっしゃい』や『お帰りなさい』がちょうどいいボ…　2026-04-13 15:19:47投稿 <a href=""https://img.travel.rakuten.co.jp/image/tr/api/re/gJNfM/?f_hotel_no=176739"" class=""3click"">つづきはこちら</a>",cmt,禁煙【バス・トイレ別】コンフォートツイン 110cmベッド,5871025.0,シンプルステイプラン（素泊り）,1,0,0,0,0,2,https://img.travel.rakuten.co.jp/image/tr/api/re/IdsCY/?f_no=176739&f_syu=cmt&f_hi1=2026-04-15&f_hi2=2026-04-16&f_heya_su=1&f_otona_su=1&f_s1=0&f_s2=0&f_y1=0&f_y2=0&f_y3=0&f_y4=0&f_camp_id=5871025,0,2026-04-15,26000,26000,0
9230,平和台ホテル　ファイブ,https://img.travel.rakuten.co.jp/image/tr/api/re/pvonD/?f_no=9230,https://img.travel.rakuten.co.jp/image/tr/api/re/vFumt/?f_no=9230&f_flg=PLAN,https://img.travel.rakuten.co.jp/image/tr/api/re/WzozX/?noTomariHotel=9230,https://img.travel.rakuten.co.jp/image/tr/api/re/gJNfM/?f_hotel_no=9230,へいわだいほてる　ふぁいぶ,イベント盛りだくさんのみずほPayPayドーム福岡は徒歩で行ける便利な立地！近隣には居酒屋やコンビニ・スーパーもあります,2700,120908.63,469335.26,810-0054,福岡県,福岡市中央区今川1-4-2,092-732-5000,092-722-0181,地下鉄「唐人町」駅２番出口より徒歩1分（エレベーター利用の場合は7番出口より徒歩5分）,"有り　8台　平面駐車場をご希望の方は必ずお電話にてご予約ください。　料金：1,500円（税込／泊）",唐人町,https://img.travel.rakuten.co.jp/share/HOTEL/9230/9230.jpg,https://img.travel.rakuten.co.jp/HIMG/90/9230.jpg,https://img.travel.rakuten.co.jp/share/HOTEL/9230/9230_room.jpg,https://img.travel.rakuten.co.jp/HIMG/INTERIOR/9230.jpg,https://img.travel.rakuten.co.jp/share/HOTEL/9230/9230map.gif,965.0,3.6,"クチコミの詳細はこちらから　https://review.travel.rakuten.co.jp/hotel/voi…　2026-02-09 17:55:33投稿 <a href=""https://img.travel.rakuten.co.jp/image/tr/api/re/gJNfM/?f_hotel_no=9230"" class=""3click"">つづきはこちら</a>",family,【4ベッドファミリールーム】〔喫煙〕全室加湿空気清浄機完備,6432730.0,【朝食リニューアル記念】今だけ500円！新ビュッフェ開始！名物朝食を期間限定・特別価格で！＜朝食付＞,1,0,0,1,0,1,https://img.travel.rakuten.co.jp/image/tr/api/re/IdsCY/?f_no=9230&f_syu=family&f_hi1=2026-04-15&f_hi2=2026-04-16&f_heya_su=1&f_otona_su=1&f_s1=0&f_s2=0&f_y1=0&f_y2=0&f_y3=0&f_y4=0&f_camp_id=6432730,0,2026-04-15,19400,19400,0
182097,ｌｙｆ　Ｔｅｎｊｉｎ　Ｆｕｋｕｏｋａ（ライフ天神福岡）,https://img.travel.rakuten.co.jp/image/tr/api/re/pvonD/?f_no=182097,https://img.travel.rakuten.co.jp/image/tr/api/re/vFumt/?f_no=182097&f_flg=PLAN,https://img.travel.rakuten.co.jp/image/tr/api/re/WzozX/?noTomariHotel=182097,https://img.travel.rakuten.co.jp/image/tr/api/re/gJNfM/?f_hotel_no=182097,らいふ　てんじん　ふくおか,【空港線 天神駅から徒歩圏内】おしゃれな映えホテル！ 無料コワーキングスペース＆テラス付きラウンジ24時間OPEN,5173,120893.4,469449.5,810-0021,福岡県,福岡市中央区今泉1-2-13 レソラ今泉テラス3F,092-753-8695,092-753-8696,西鉄天神大牟田線   福岡天神駅 徒歩 6 分 / 福岡市地下鉄七隈線 天神南駅または薬院駅 徒歩 5 分,無し,西鉄福岡,https://img.travel.rakuten.co.jp/share/HOTEL/182097/182097.jpg,https://img.travel.rakuten.co.jp/HIMG/90/182097.jpg,,,https://img.travel.rakuten.co.jp/share/HOTEL/182097/182097map.gif,193.0,3.92,"クチコミの詳細はこちらから　https://review.travel.rakuten.co.jp/hotel/voice/182097?…　2026-04-06 18:17:30投稿 <a href=""https://img.travel.rakuten.co.jp/image/tr/api/re/gJNfM/?f_hotel_no=182097"" class=""3click"">つづきはこちら</a>",1kind,スタジオダブル（ワン オブ ア カインド）【禁煙】,5902020.0,返金不可料金,1,0,0,0,0,2,https://img.travel.rakuten.co.jp/image/tr/api/re/IdsCY/?f_no=182097&f_syu=1kind&f_hi1=2026-04-15&f_hi2=2026-04-16&f_heya_su=1&f_otona_su=1&f_s1=0&f_s2=0&f_y1=0&f_y2=0&f_y3=0&f_y4=0&f_camp_id=5902020,0,2026-04-15,16391,16391,0
882,福岡アルティ・イン,https://img.travel.rakuten.co.jp/image/tr/api/re/pvonD/?f_no=882,https://img.travel.rakuten.co.jp/image/tr/api/re/vFumt/?f_no=882&f_flg=PLAN,https://img.travel.rakuten.co.jp/image/tr/api/re/WzozX/?noTomariHotel=882,https://img.travel.rakuten.co.jp/image/tr/api/re/gJNfM/?f_hotel_no=882,ふくおか　あるてぃ・いん,天神と中洲の中間に立地し、大丸・三越・中洲の屋台へも徒歩すぐ。【楽天トラベルアワード7年連続受賞☆】,3780,120907.85,469463.27,810-0004,福岡県,福岡市中央区渡辺通５丁目１－２０,092-724-3511,092-714-3200,地下鉄七隈線「天神南駅」6番出口から徒歩3分。空港からは地下鉄空港線に乗り、「博多駅」で七隈線にお乗り換えください。,"要予約。1泊／1,100円（税込）",天神,https://img.travel.rakuten.co.jp/share/HOTEL/882/882.jpg,https://img.travel.rakuten.co.jp/HIMG/90/882.jpg,https://img.travel.rakuten.co.jp/share/HOTEL/882/882_room.jpg,https://img.travel.rakuten.co.jp/HIMG/INTERIOR/882.jpg,https://img.travel.rakuten.co.jp/share/HOTEL/882/882map.gif,3850.0,4.17,"それ以外はフロントの皆さんも分かりやすく対応してくださり …　2026-04-13 18:16:49投稿 <a href=""https://img.travel.rakuten.co.jp/image/tr/api/re/gJNfM/?f_hotel_no=882"" class=""3click"">つづきはこちら</a>",retta,■喫煙ツイン◆全室無料Wi-Fi接続,5989011.0,【平日限定】☆ほんの少し贅沢に☆ツインルームシングルユースプラン♪,1,0,0,0,0,1,https://img.travel.rakuten.co.jp/image/tr/api/re/IdsCY/?f_no=882&f_syu=retta&f_hi1=2026-04-15&f_hi2=2026-04-16&f_heya_su=1&f_otona_su=1&f_s1=0&f_s2=0&f_y1=0&f_y2=0&f_y3=0&f_y4=0&f_camp_id=5989011,0,2026-04-15,15000,15000,0
198902,ＢＡＳＥ　ＬＡＹＥＲ　ＨＯＴＥＬ　福岡（２０２６年４月１５日ＯＰＥＮ）,https://img.travel.rakuten.co.jp/image/tr/api/re/pvonD/?f_no=198902,https://img.travel.rakuten.co.jp/image/tr/api/re/vFumt/?f_no=198902&f_flg=PLAN,https://img.travel.rakuten.co.jp/image/tr/api/re/WzozX/?noTomariHotel=198902,https://img.travel.rakuten.co.jp/image/tr/api/re/gJNfM/?f_hotel_no=198902,べーすれいやーほてるふくおか（２０２６ねん４がつ１５にちおーぷん）,快適な滞在と楽しい街遊びを支える基礎的機能ホテル,5940,120879.62,469476.79,810-0005,福岡県,福岡市中央区清川1-14-15,092-406-1256,092-406-1257,福岡市地下鉄七隈線「渡辺通駅」より徒歩7分・西鉄天神大牟田線「薬院駅」より徒歩10分,なし,天神,https://img.travel.rakuten.co.jp/share/HOTEL/198902/198902.jpg,https://img.travel.rakuten.co.jp/HIMG/90/198902.jpg,,,https://img.travel.rakuten.co.jp/share/HOTEL/198902/198902map.gif,,,,d,ダブルルーム,6440231.0,開業記念プラン 2026.04.15 GRAND OPEN,1,0,0,0,0,1,https://img.travel.rakuten.co.jp/image/tr/api/re/IdsCY/?f_no=198902&f_syu=d&f_hi1=2026-04-15&f_hi2=2026-04-16&f_heya_su=1&f_otona_su=1&f_s1=0&f_s2=0&f_y1=0&f_y2=0&f_y3=0&f_y4=0&f_camp_id=6440231,0,2026-04-15,12320,12320,0
168796,東急ステイ福岡天神,https://img.travel.rakuten.co.jp/image/tr/api/re/pvonD/?f_no=168796,https://img.travel.rakuten.co.jp/image/tr/api/re/vFumt/?f_no=168796&f_flg=PLAN,https://img.travel.rakuten.co.jp/image/tr/api/re/WzozX/?noTomariHotel=168796,https://img.travel.rakuten.co.jp/image/tr/api/re/gJNfM/?f_hotel_no=168796,とうきゅう　すてい　ふくおか　てんじん,★楽天ブロンズアワード2023受賞☆小学生以下添い寝無料プランあり！全室洗濯乾燥機付！天神南駅から徒歩3分,6620,120909.97,469466.23,810-0003,福岡県,福岡市中央区春吉3-21-24,092-762-0109,092-762-0106,福岡空港より福岡市地下鉄空港線で5駅、地下鉄天神駅16番出口より徒歩7分/地下鉄七隈線天神南駅6番出口より徒歩3分,無。ホテル隣接のコインパーキング「トラストパーク春吉3丁目3」をご利用ください（提携駐車場無し）,博多,https://img.travel.rakuten.co.jp/share/HOTEL/168796/168796.jpg,https://img.travel.rakuten.co.jp/HIMG/90/168796.jpg,,,https://img.travel.rakuten.co.jp/share/HOTEL/168796/168796map.gif,816.0,4.33,クチコミの詳細はこちらから　https://review.travel.rakuten.co.jp/hotel/voice/168796?reviewId=33123476793116　2026-02-02 20:16:49投稿,trn2new,レジデンシャルツイン【禁煙】30平米／洗濯機・ミニキッチン付,5461387.0,【スタンダードプラン】ビジネス＆観光の拠点に！洗濯乾燥機＆電子レンジ完備【1名】（素泊）,1,0,0,0,0,1,https://img.travel.rakuten.co.jp/image/tr/api/re/IdsCY/?f_no=168796&f_syu=trn2new&f_hi1=2026-04-15&f_hi2=2026-04-16&f_heya_su=1&f_otona_su=1&f_s1=0&f_s2=0&f_y1=0&f_y2=0&f_y3=0&f_y4=0&f_camp_id=5461387,0,2026-04-15,35260,35260,0
183373,ランプライトブックスホテル福岡,https://img.travel.rakuten.co.jp/image/tr/api/re/pvonD/?f_no=183373,https://img.travel.rakuten.co.jp/image/tr/api/re/vFumt/?f_no=183373&f_flg=PLAN,https://img.travel.rakuten.co.jp/image/tr/api/re/WzozX/?noTomariHotel=183373,https://img.travel.rakuten.co.jp/image/tr/api/re/gJNfM/?f_hotel_no=183373,らんぷらいとぶっくすほてるふくおか,本の世界を旅する新感覚ホテル。2021年12月福岡初進出！	【24時間営業！BOOKS＆CAFE併設】,6030,120901.2,469431.54,810-0041,福岡県,福岡市中央区大名1-15-22,092-720-7711,092-751-7733,地下鉄空港線「天神駅」下車　3番出口より徒歩8分、または「赤坂駅」下車　5番出口より徒歩6分,無し/近隣のコインパーキングへのご案内になります。,天神,https://img.travel.rakuten.co.jp/share/HOTEL/183373/183373.jpg,https://img.travel.rakuten.co.jp/HIMG/90/183373.jpg,,,https://img.travel.rakuten.co.jp/share/HOTEL/183373/183373map.gif,93.0,4.33,"クチコミの詳細はこちらから　https://review.travel.rakute…　2026-03-14 11:58:14投稿 <a href=""https://img.travel.rakuten.co.jp/image/tr/api/re/gJNfM/?f_hotel_no=183373"" class=""3click"">つづきはこちら</a>",tst,スタンダードツイン【禁煙】,5278169.0,スタンダードプラン ＜ 素泊り ＞本の世界を旅するホテル,1,0,0,0,0,1,https://img.travel.rakuten.co.jp/image/tr/api/re/IdsCY/?f_no=183373&f_syu=tst&f_hi1=2026-04-15&f_hi2=2026-04-16&f_heya_su=1&f_otona_su=1&f_s1=0&f_s2=0&f_y1=0&f_y2=0&f_y3=0&f_y4=0&f_camp_id=5278169,0,2026-04-15,34900,34900,0
187109,ザ　ロイヤルパーク　キャンバス　福岡中洲,https://img.travel.rakuten.co.jp/image/tr/api/re/pvonD/?f_no=187109,https://img.travel.rakuten.co.jp/image/tr/api/re/vFumt/?f_no=187109&f_flg=PLAN,https://img.travel.rakuten.co.jp/image/tr/api/re/WzozX/?noTomariHotel=187109,https://img.travel.rakuten.co.jp/image/tr/api/re/gJNfM/?f_hotel_no=187109,ざ　ろいやるぱーく　きゃんばす　ふくおかなかす,天神中心部にも近いアーバンリゾート。 博多川を望むテラス席を併設したキャンバスラウンジの他、大浴場やサウナ等をご用意。,9590,120929.56,469463.5,810-0801,福岡県,福岡市博多区中洲五丁目6番20号,092-291-1188,092-291-0666,福岡市地下鉄空港線「中洲川端駅」3番出口より徒歩約2分。ビジネスでもレジャーでも便利な立地です。,ホテル近隣のある提携駐車場をご案内しております。詳細につきましては宿ニュースをご確認ください。,中洲川端,https://img.travel.rakuten.co.jp/share/HOTEL/187109/187109.jpg,https://img.travel.rakuten.co.jp/HIMG/90/187109.jpg,,,https://img.travel.rakuten.co.jp/share/HOTEL/187109/187109map.gif,142.0,4.12,"何度も宿泊していますが朝食のブッフェに3種類から選べるメインディッシュがついてるのですが、メインディッシュを選んで伝えたのに、朝食を食べ終わるまで、できてきません…　2026-03-30 03:21:22投稿 <a href=""https://img.travel.rakuten.co.jp/image/tr/api/re/gJNfM/?f_hotel_no=187109"" class=""3click"">つづきはこちら</a>",rrb,スーペリアツイン・リバーサイド【禁煙/26平米】,5645629.0,CANVAS STAY＜素泊り＞〜観光・ビジネスの拠点に！「中洲川端」駅より徒歩約2分 〜,1,0,0,0,0,1,https://img.travel.rakuten.co.jp/image/tr/api/re/IdsCY/?f_no=187109&f_syu=rrb&f_hi1=2026-04-15&f_hi2=2026-04-16&f_heya_su=1&f_otona_su=1&f_s1=0&f_s2=0&f_y1=0&f_y2=0&f_y3=0&f_y4=0&f_camp_id=5645629,0,2026-04-15,38250,38250,0
40839,ザ・ワンファイブ福岡天神,https://img.travel.rakuten.co.jp/image/tr/api/re/pvonD/?f_no=40839,https://img.travel.rakuten.co.jp/image/tr/api/re/vFumt/?f_no=40839&f_flg=PLAN,https://img.travel.rakuten.co.jp/image/tr/api/re/WzozX/?noTomariHotel=40839,https://img.travel.rakuten.co.jp/image/tr/api/re/gJNfM/?f_hotel_no=40839,ざ　わんふぁいぶ　ふくおか　てんじん,福岡空港から地下鉄に乗り乗換不要で14分。博多駅からも乗換不要で9分です。観光にも便利な西鉄福岡（天神）駅へも4分です。,4192,120914.22,469429.19,810-0041,福岡県,福岡市中央区大名2-8-12,0570-003-515,092-739-0220,地下鉄『天神駅』1番出口より徒歩3分 ※1番出口が一時閉鎖中のため4番出口をご利用ください,なし ※周辺のコインパーキングをご案内します。,天神,https://img.travel.rakuten.co.jp/share/HOTEL/40839/40839.jpg,https://img.travel.rakuten.co.jp/HIMG/90/40839.jpg,https://img.travel.rakuten.co.jp/share/HOTEL/40839/40839_ky.jpg,https://img.travel.rakuten.co.jp/HIMG/INTERIOR/40839.jpg,https://img.travel.rakuten.co.jp/share/HOTEL/40839/40839map.gif,2117.0,3.65,"コンビニも近くて、ホテルも新しくアメニティも持っていくタイプ、受付は外人で…　2026-03-09 16:52:08投稿 <a href=""https://img.travel.rakuten.co.jp/image/tr/api/re/gJNfM/?f_hotel_no=40839"" class=""3click"">つづきはこちら</a>",qn2,スタンダードクイーン,4894220.0,「ザ・ワンファイブ」ステイ,1,0,0,0,0,1,https://img.travel.rakuten.co.jp/image/tr/api/re/IdsCY/?f_no=40839&f_syu=qn2&f_hi1=2026-04-15&f_hi2=2026-04-16&f_heya_su=1&f_otona_su=1&f_s1=0&f_s2=0&f_y1=0&f_y2=0&f_y3=0&f_y4=0&f_camp_id=4894220,0,2026-04-15,16170,16170,0
189077,ｓｅｖｅｎ　ｘ　ｓｅｖｅｎ　糸島,https://img.travel.rakuten.co.jp/image/tr/api/re/pvonD/?f_no=189077,https://img.travel.rakuten.co.jp/image/tr/api/re/vFumt/?f_no=189077&f_flg=PLAN,https://img.travel.rakuten.co.jp/image/tr/api/re/WzozX/?noTomariHotel=189077,https://img.travel.rakuten.co.jp/image/tr/api/re/gJNfM/?f_hotel_no=189077,セブンバイセブン　イトシマ,2026年4月リニューアルオープン。プール＆サウナを新設、テラスエリアとフード・ドリンクも刷新。,7350,121100.89,468736.34,819-0202,福岡県,福岡市西区西浦266,092-805-9030,000-000-0000,福岡空港よりお車で約４５分,全52台 無料 / 1室につき1台まで,福岡空港,https://img.travel.rakuten.co.jp/share/HOTEL/189077/189077.jpg,https://img.travel.rakuten.co.jp/HIMG/90/189077.jpg,,,https://img.travel.rakuten.co.jp/share/HOTEL/189077/189077map.gif,52.0,4.39,"クチコミの詳細はこちらか…　2026-03-31 09:13:17投稿 <a href=""https://img.travel.rakuten.co.jp/image/tr/api/re/gJNfM/?f_hotel_no=189077"" class=""3click"">つづきはこちら</a>",st,スタンダードツイン　WEST棟／4名,5867649.0,スタンダードプラン,1,0,0,0,0,1,https://img.travel.rakuten.co.jp/image/tr/api/re/IdsCY/?f_no=189077&f_syu=st&f_hi1=2026-04-15&f_hi2=2026-04-16&f_heya_su=1&f_otona_su=1&f_s1=0&f_s2=0&f_y1=0&f_y2=0&f_y3=0&f_y4=0&f_camp_id=5867649,0,2026-04-15,38000,38000,0
168677,ＴＲＩＰ　ＰＯＤ　ＴＯＪＩＮーＭＡＣＨＩ　Ａ（トリップポッド唐人町　Ａ）,https://img.travel.rakuten.co.jp/image/tr/api/re/pvonD/?f_no=168677,https://img.travel.rakuten.co.jp/image/tr/api/re/vFumt/?f_no=168677&f_flg=PLAN,https://img.travel.rakuten.co.jp/image/tr/api/re/WzozX/?noTomariHotel=168677,https://img.travel.rakuten.co.jp/image/tr/api/re/gJNfM/?f_hotel_no=168677,とりっぷ　ぽっど　とうじんまち　えー,当ホテルは無人運営のため施設にスタッフはおりません。専用のタブレット端末からオンラインレセプションをご利用いただけます。,2160,120917.81,469342.9,810-0063,福岡県,福岡市中央区唐人町1-9-19,03-4531-9681,00-0000-0000,唐人町駅まで徒歩にて約３分,無し,唐人町,https://img.travel.rakuten.co.jp/share/HOTEL/168677/168677.jpg,https://img.travel.rakuten.co.jp/HIMG/90/168677.jpg,,,https://img.travel.rakuten.co.jp/share/HOTEL/168677/168677map.gif,37.0,3.38,,0010,6名宿泊可！スタンダード☆キッチン／ロフト付（連泊清掃なし,5378343.0,【10％OFF口コミプラン】非対面チェックインで密回避！,1,0,0,0,0,2,https://img.travel.rakuten.co.jp/image/tr/api/re/IdsCY/?f_no=168677&f_syu=0010&f_hi1=2026-04-15&f_hi2=2026-04-16&f_heya_su=1&f_otona_su=1&f_s1=0&f_s2=0&f_y1=0&f_y2=0&f_y3=0&f_y4=0&f_camp_id=5378343,0,2026-04-15,10000,10000,0
164644,ＷｅＢａｓｅ博多　ホステル,https://img.travel.rakuten.co.jp/image/tr/api/re/pvonD/?f_no=164644,https://img.travel.rakuten.co.jp/image/tr/api/re/vFumt/?f_no=164644&f_flg=PLAN,https://img.travel.rakuten.co.jp/image/tr/api/re/WzozX/?noTomariHotel=164644,https://img.travel.rakuten.co.jp/image/tr/api/re/gJNfM/?f_hotel_no=164644,うぃーべーすはかた　ほすてる,【立地に自信あり】【無料朝食】【清潔度◎】大好評！広々ラウンジは24H寛げ、自炊もOK！,4060,120932.4,469478.37,812-0025,福岡県,福岡市博多区店屋町5-9,092-292-2322,092-292-2305,中洲川端「7番出口」より徒歩3分！中洲繁華街まで徒歩5分◆天神1駅(徒歩10分)◆博多2駅◆空港4駅,"紙与パーキング（立駐駐車場）：15時〜翌12時  1,300円 ※徒歩3分",中洲川端,https://img.travel.rakuten.co.jp/share/HOTEL/164644/164644.jpg,https://img.travel.rakuten.co.jp/HIMG/90/164644.jpg,https://img.travel.rakuten.co.jp/share/HOTEL/164644/164644_kan.jpg,https://img.travel.rakuten.co.jp/HIMG/INTERIOR/164644.jpg,https://img.travel.rakuten.co.jp/share/HOTEL/164644/164644map.gif,258.0,3.95,"LIVE参戦のために娘とツインルームに2泊しました。駅から近く迷うことなく着きましたし、とても便利でした。ベッドの下に前の方のスリッパが落ちていてお掃除は?となりましたが、その他…　2026-03-02 18:07:45投稿 <a href=""https://img.travel.rakuten.co.jp/image/tr/api/re/gJNfM/?f_hotel_no=164644"" class=""3click"">つづきはこちら</a>",20210801,【相部屋】男性専用ルーム（二段ベッド／シャワー・トイレ共用）,5376723.0,【学割】学生証提示でお得｜朝食付ホステルステイ＜シャワー＆トイレ共用＞,1,0,0,1,0,1,https://img.travel.rakuten.co.jp/image/tr/api/re/IdsCY/?f_no=164644&f_syu=20210801&f_hi1=2026-04-15&f_hi2=2026-04-16&f_heya_su=1&f_otona_su=1&f_s1=0&f_s2=0&f_y1=0&f_y2=0&f_y3=0&f_y4=0&f_camp_id=5376723,0,2026-04-15,5600,5600,0
183253,ＵＮＰＬＡＮ　Ｆｕｋｕｏｋａ,https://img.travel.rakuten.co.jp/image/tr/api/re/pvonD/?f_no=183253,https://img.travel.rakuten.co.jp/image/tr/api/re/vFumt/?f_no=183253&f_flg=PLAN,,https://img.travel.rakuten.co.jp/image/tr/api/re/gJNfM/?f_hotel_no=183253,あんぷらん　ふくおか,【大濠公園駅から徒歩１分】コンビニまで徒歩約30秒、PayPayドームまでのアクセス抜群◎長期滞在にも人気なホステル！,3811,120913.53,469376.25,810-0074,福岡県,福岡市中央区大手門3-4-1,092-406-7704,092-406-7704,■福岡空港より空港線の大濠公園駅下車 4番出口から徒歩1分  ■PayPayドームまでバスで９分,提携の駐車場はございません。近隣の駐車場をご利用ください。,大濠公園,https://img.travel.rakuten.co.jp/share/HOTEL/183253/183253.jpg,https://img.travel.rakuten.co.jp/HIMG/90/183253.jpg,,,https://img.travel.rakuten.co.jp/share/HOTEL/183253/183253map.gif,127.0,4.08,"清掃もしっかり行き届いており、1階ではチェックインまでの時間や外に出るまでの時間に軽食を取…　2026-04-07 16:39:44投稿 <a href=""https://img.travel.rakuten.co.jp/image/tr/api/re/gJNfM/?f_hotel_no=183253"" class=""3click"">つづきはこちら</a>",dormitory,男女共用ドミトリールーム,5241271.0,【返金不可】【無料朝食付き】ドミトリー・PODルーム★大濠公園駅から徒歩１分◎,1,0,0,0,0,2,https://img.travel.rakuten.co.jp/image/tr/api/re/IdsCY/?f_no=183253&f_syu=dormitory&f_hi1=2026-04-15&f_hi2=2026-04-16&f_heya_su=1&f_otona_su=1&f_s1=0&f_s2=0&f_y1=0&f_y2=0&f_y3=0&f_y4=0&f_camp_id=5241271,0,2026-04-15,5636,5636,0
182181,ホテルオリエンタルエクスプレス福岡中洲川端,https://img.travel.rakuten.co.jp/image/tr/api/re/pvonD/?f_no=182181,https://img.travel.rakuten.co.jp/image/tr/api/re/vFumt/?f_no=182181&f_flg=PLAN,https://img.travel.rakuten.co.jp/image/tr/api/re/WzozX/?noTomariHotel=182181,https://img.travel.rakuten.co.jp/image/tr/api/re/gJNfM/?f_hotel_no=182181,ほてるおりえんたるえくすぷれすふくおかなかすかわばた,2021年4月開業！VOD完備★空港・博多・天神・ドームへアクセス良好、山笠・ビジネス・レジャー・ライブに最適◎,5427,120934.99,469480.66,812-0025,福岡県,福岡市博多区店屋町6-26,092-402-2725,092-402-2726,福岡空港よりお車にて約15分。博多駅より地下鉄で約中洲川端駅7番出口より徒歩4分。,"有(8台) / 1泊につき1,500円（税込) /  事前予約不可 / 提携駐車場優待あり",中洲川端,https://img.travel.rakuten.co.jp/share/HOTEL/182181/182181.jpg,https://img.travel.rakuten.co.jp/HIMG/90/182181.jpg,,,https://img.travel.rakuten.co.jp/share/HOTEL/182181/182181map.gif,194.0,3.8,"クチコミの詳細はこちらから　https://review.travel.rakuten.co.jp/…　2026-03-28 13:13:19投稿 <a href=""https://img.travel.rakuten.co.jp/image/tr/api/re/gJNfM/?f_hotel_no=182181"" class=""3click"">つづきはこちら</a>",pta,■スーペリアツインA 20平米（禁煙・シャワーブースのみ）,6428849.0,【BarTime満喫】HAPPY SET付！中洲の夜を楽しむ大人旅＆12時レイトアウト,1,0,0,0,0,1,https://img.travel.rakuten.co.jp/image/tr/api/re/IdsCY/?f_no=182181&f_syu=pta&f_hi1=2026-04-15&f_hi2=2026-04-16&f_heya_su=1&f_otona_su=1&f_s1=0&f_s2=0&f_y1=0&f_y2=0&f_y3=0&f_y4=0&f_camp_id=6428849,0,2026-04-15,20700,20700,0
130510,ヒルトップリゾート　福岡,https://img.travel.rakuten.co.jp/image/tr/api/re/pvonD/?f_no=130510,https://img.travel.rakuten.co.jp/image/tr/api/re/vFumt/?f_no=130510&f_flg=PLAN,https://img.travel.rakuten.co.jp/image/tr/api/re/WzozX/?noTomariHotel=130510,https://img.travel.rakuten.co.jp/image/tr/api/re/gJNfM/?f_hotel_no=130510,ひるとっぷりぞーと　ふくおか,福岡市街を一望できる絶好のロケーション。ヒルトップスパ＆男女別大浴場＆Wi-Fi完備,12400,120849.91,469386.21,810-0032,福岡県,福岡市中央区輝国1-1-33,092-771-2131,092-771-8888,■福岡空港より車で30分■博多駅より車で15分/バス（58番で20分、56・57番で40分）■桜坂駅より徒歩で15分,有り　46台　無料　,,https://img.travel.rakuten.co.jp/share/HOTEL/130510/130510.jpg,https://img.travel.rakuten.co.jp/HIMG/90/130510.jpg,https://img.travel.rakuten.co.jp/share/HOTEL/130510/130510_kya.jpg,https://img.travel.rakuten.co.jp/HIMG/INTERIOR/130510.jpg,https://img.travel.rakuten.co.jp/share/HOTEL/130510/130510map.gif,243.0,4.41,"晩御飯の和食がとても美味しくて、泊まりじゃな…　2026-02-25 15:58:16投稿 <a href=""https://img.travel.rakuten.co.jp/image/tr/api/re/gJNfM/?f_hotel_no=130510"" class=""3click"">つづきはこちら</a>",nko,New Knows Old（洋室）,5783765.0,ベーシックステイプラン≪お部屋のみ≫,1,0,0,0,0,1,https://img.travel.rakuten.co.jp/image/tr/api/re/IdsCY/?f_no=130510&f_syu=nko&f_hi1=2026-04-15&f_hi2=2026-04-16&f_heya_su=1&f_otona_su=1&f_s1=0&f_s2=0&f_y1=0&f_y2=0&f_y3=0&f_y4=0&f_camp_id=5783765,0,2026-04-15,35300,35300,0
50709,コートホテル福岡天神,https://img.travel.rakuten.co.jp/image/tr/api/re/pvonD/?f_no=50709,https://img.travel.rakuten.co.jp/image/tr/api/re/vFumt/?f_no=50709&f_flg=PLAN,https://img.travel.rakuten.co.jp/image/tr/api/re/WzozX/?noTomariHotel=50709,https://img.travel.rakuten.co.jp/image/tr/api/re/gJNfM/?f_hotel_no=50709,こーと　ふくおかてんじん,博多駅から天神南駅まで3分！天神南駅から徒歩3分！中州屋台徒歩圏内,3385,120908.24,469464.59,810-0003,福岡県,福岡市中央区春吉3-21-10,092-733-0330,092-751-0004,地下鉄七隈線　天神南駅より徒歩３分／西鉄福岡駅より徒歩7分,"機械式駐車場/1泊2,000円(13:00〜12:00)事前電話予約制・台数・車体制限有",天神,https://img.travel.rakuten.co.jp/share/HOTEL/50709/50709.jpg,https://img.travel.rakuten.co.jp/HIMG/90/50709.jpg,https://img.travel.rakuten.co.jp/share/HOTEL/50709/50709_tu.jpg,https://img.travel.rakuten.co.jp/HIMG/INTERIOR/50709.jpg,https://img.travel.rakuten.co.jp/share/HOTEL/50709/50709map.gif,2068.0,3.76,"部屋も綺麗で場所も初めてでし…　2026-03-21 19:19:07投稿 <a href=""https://img.travel.rakuten.co.jp/image/tr/api/re/gJNfM/?f_hotel_no=50709"" class=""3click"">つづきはこちら</a>",ntr,【禁煙】トリプル　20.0平米,5598905.0,Non Refundable,1,0,0,0,0,2,https://img.travel.rakuten.co.jp/image/tr/api/re/IdsCY/?f_no=50709&f_syu=ntr&f_hi1=2026-04-15&f_hi2=2026-04-16&f_heya_su=1&f_otona_su=1&f_s1=0&f_s2=0&f_y1=0&f_y2=0&f_y3=0&f_y4=0&f_camp_id=5598905,0,2026-04-15,20200,20200,0
171870,ホテルリブマックス福岡天神,https://img.travel.rakuten.co.jp/image/tr/api/re/pvonD/?f_no=171870,https://img.travel.rakuten.co.jp/image/tr/api/re/vFumt/?f_no=171870&f_flg=PLAN,https://img.travel.rakuten.co.jp/image/tr/api/re/WzozX/?noTomariHotel=171870,https://img.travel.rakuten.co.jp/image/tr/api/re/gJNfM/?f_hotel_no=171870,りぶまっくすふくおかてんじん,2018年11月グランドオープン！博多駅より柳橋バス停へ！徒歩3分♪ドームもバスで楽々♪,3825,120882.2,469479.18,810-0005,福岡県,福岡市中央区清川1-12-17,092-534-1140,092-534-1141,地下鉄七隈線　渡辺通駅2番口より徒歩にて約５分,近隣にコインパーキングあり　※提携はしておりません　満車の場合はご容赦下さい。,,https://img.travel.rakuten.co.jp/share/HOTEL/171870/171870.jpg,https://img.travel.rakuten.co.jp/HIMG/90/171870.jpg,https://img.travel.rakuten.co.jp/share/HOTEL/171870/171870_kan1.jpg,https://img.travel.rakuten.co.jp/HIMG/INTERIOR/171870.jpg,https://img.travel.rakuten.co.jp/share/HOTEL/171870/171870map.gif,319.0,3.42,"クチコミの詳細はこちらから　https://review.…　2026-03-05 18:23:38投稿 <a href=""https://img.travel.rakuten.co.jp/image/tr/api/re/gJNfM/?f_hotel_no=171870"" class=""3click"">つづきはこちら</a>",sb-sr,★シングルルーム★喫煙★セミダブルベッド,5741388.0,【リブマックスセール】《15％OFF》ホテルリブマックス福岡天神 【素泊り】,1,0,0,0,0,1,https://img.travel.rakuten.co.jp/image/tr/api/re/IdsCY/?f_no=171870&f_syu=sb-sr&f_hi1=2026-04-15&f_hi2=2026-04-16&f_heya_su=1&f_otona_su=1&f_s1=0&f_s2=0&f_y1=0&f_y2=0&f_y3=0&f_y4=0&f_camp_id=5741388,0,2026-04-15,17000,17000,0
196680,クインテッサホテル福岡渡辺通　Ｃｏｍｉｃ＆Ｂｏｏｋｓ,https://img.travel.rakuten.co.jp/image/tr/api/re/pvonD/?f_no=196680,https://img.travel.rakuten.co.jp/image/tr/api/re/vFumt/?f_no=196680&f_flg=PLAN,,https://img.travel.rakuten.co.jp/image/tr/api/re/gJNfM/?f_hotel_no=196680,くいんてっさほてるふくおかわたなべどおりこみっくあんどぶっくす,ホテル自慢の”MANGA Library”で時間を忘れるほどの非日常をご体感ください。,3195,120879.13,469483.94,810-0005,福岡県,福岡市中央区清川2-6-23,092-401-1211,--,七隈線渡辺通駅 2番出口より徒歩9分。天神エリアから徒歩圏内の好立地,"有：料金1,500円 ※先着順",博多,https://img.travel.rakuten.co.jp/share/HOTEL/196680/196680.jpg,https://img.travel.rakuten.co.jp/HIMG/90/196680.jpg,,,https://img.travel.rakuten.co.jp/share/HOTEL/196680/196680map.gif,55.0,4.05,"…　2026-03-24 17:53:23投稿 <a href=""https://img.travel.rakuten.co.jp/image/tr/api/re/gJNfM/?f_hotel_no=196680"" class=""3click"">つづきはこちら</a>",db,ダブル,6250828.0,【スタンダードプラン】観光や家族旅行に。福岡ステイの拠点に最適（素泊まり）,1,0,0,0,0,1,https://img.travel.rakuten.co.jp/image/tr/api/re/IdsCY/?f_no=196680&f_syu=db&f_hi1=2026-04-15&f_hi2=2026-04-16&f_heya_su=1&f_otona_su=1&f_s1=0&f_s2=0&f_y1=0&f_y2=0&f_y3=0&f_y4=0&f_camp_id=6250828,0,2026-04-15,18400,18400,0
2772,ソラリア西鉄ホテル福岡,https://img.travel.rakuten.co.jp/image/tr/api/re/pvonD/?f_no=2772,https://img.travel.rakuten.co.jp/image/tr/api/re/vFumt/?f_no=2772&f_flg=PLAN,https://img.travel.rakuten.co.jp/image/tr/api/re/WzozX/?noTomariHotel=2772,https://img.travel.rakuten.co.jp/image/tr/api/re/gJNfM/?f_hotel_no=2772,そらりあにしてつほてるふくおか,【天神の中心で福岡を満喫】全室洗い場付きバスルームで快適ステイ♪こだわりの家具と灯りの中で過ごす非日常のひととき,15600,120908.33,469443.08,810-0001,福岡県,福岡市中央区天神2-2-43,092-761-6500,092-781-1211,バスセンター直結、地下鉄「天神駅」5番(もしくは6A番)出口から徒歩5分。ソラリアプラザ館内にホテルがあります。,"2,000円/1泊1台  ※「ソラリア西鉄ホテル地下駐車場」もしくは、「ソラリアターミナル駐車場」",西鉄福岡,https://img.travel.rakuten.co.jp/share/HOTEL/2772/2772.jpg,https://img.travel.rakuten.co.jp/HIMG/90/2772.jpg,https://img.travel.rakuten.co.jp/share/HOTEL/2772/2772_twin.jpg,https://img.travel.rakuten.co.jp/HIMG/INTERIOR/2772.jpg,https://img.travel.rakuten.co.jp/share/HOTEL/2772/2772map.gif,2686.0,4.69,"…　2026-03-29 10:20:30投稿 <a href=""https://img.travel.rakuten.co.jp/image/tr/api/re/gJNfM/?f_hotel_no=2772"" class=""3click"">つづきはこちら</a>",ss,セミスイート,6240794.0,【返金不可】事前決済限定！福岡旅行・イベント参加に☆天神の中心地でアクセス抜群！＜朝食ビュッフェ付＞,1,0,0,1,0,2,https://img.travel.rakuten.co.jp/image/tr/api/re/IdsCY/?f_no=2772&f_syu=ss&f_hi1=2026-04-15&f_hi2=2026-04-16&f_heya_su=1&f_otona_su=1&f_s1=0&f_s2=0&f_y1=0&f_y2=0&f_y3=0&f_y4=0&f_camp_id=6240794,0,2026-04-15,105140,105140,0
197953,２－ｔｉｍｅｓ．Ｄｏｍｉｔｏｒｙ　Ｈｏｔｅｌ,https://img.travel.rakuten.co.jp/image/tr/api/re/pvonD/?f_no=197953,https://img.travel.rakuten.co.jp/image/tr/api/re/vFumt/?f_no=197953&f_flg=PLAN,,https://img.travel.rakuten.co.jp/image/tr/api/re/gJNfM/?f_hotel_no=197953,つーたいむすどみとりーほてる,糸島 駅近 最安値　筑前前原駅から徒歩３分　漆喰調のオシャレな施設　,3200,120799.02,468726.81,819-1116,福岡県,糸島市前原中央2-4-16,070-4110-0005,--,筑前前原駅より徒歩3分,なし,筑前前原,https://img.travel.rakuten.co.jp/share/HOTEL/197953/197953.jpg,https://img.travel.rakuten.co.jp/HIMG/90/197953.jpg,,,https://img.travel.rakuten.co.jp/share/HOTEL/197953/197953map.gif,6.0,3.0,,3,男女共用ドミトリー・二段ベッド１名分（バス・トイレ共用）,,,1,0,0,0,0,2,https://img.travel.rakuten.co.jp/image/tr/api/re/IdsCY/?f_no=197953&f_syu=3&f_hi1=2026-04-15&f_hi2=2026-04-16&f_heya_su=1&f_otona_su=1&f_s1=0&f_s2=0&f_y1=0&f_y2=0&f_y3=0&f_y4=0,1,2026-04-15,3200,3200,0
191620,９ＨＯＴＥＬ　Ｔｅｎｊｉｎ,https://img.travel.rakuten.co.jp/image/tr/api/re/pvonD/?f_no=191620,https://img.travel.rakuten.co.jp/image/tr/api/re/vFumt/?f_no=191620&f_flg=PLAN,,https://img.travel.rakuten.co.jp/image/tr/api/re/gJNfM/?f_hotel_no=191620,ないんほてる　てんじん,２０２４年春グランドオープン！サウナでととのうホテル！専用サウナ付き客室もあります。,7200,120900.28,469480.19,810-0003,福岡県,福岡市中央区春吉2-2-32,092-406-5151,092-263-5020,地下鉄七隈線天神南駅 徒歩約１０分、櫛田神社前駅徒歩約10分,無し,薬院,https://img.travel.rakuten.co.jp/share/HOTEL/191620/191620.jpg,https://img.travel.rakuten.co.jp/HIMG/90/191620.jpg,,,https://img.travel.rakuten.co.jp/share/HOTEL/191620/191620map.gif,7.0,4.8,,001,スタンダードツイン,5919525.0,【スタンダードプラン】2024年5月24日グランドオープン！軽朝食付き♪,1,0,0,0,0,1,https://img.travel.rakuten.co.jp/image/tr/api/re/IdsCY/?f_no=191620&f_syu=001&f_hi1=2026-04-15&f_hi2=2026-04-16&f_heya_su=1&f_otona_su=1&f_s1=0&f_s2=0&f_y1=0&f_y2=0&f_y3=0&f_y4=0&f_camp_id=5919525,0,2026-04-15,22400,22400,0
17532,ホテルモントレ　ラ・スール福岡,https://img.travel.rakuten.co.jp/image/tr/api/re/pvonD/?f_no=17532,https://img.travel.rakuten.co.jp/image/tr/api/re/vFumt/?f_no=17532&f_flg=PLAN,https://img.travel.rakuten.co.jp/image/tr/api/re/WzozX/?noTomariHotel=17532,https://img.travel.rakuten.co.jp/image/tr/api/re/gJNfM/?f_hotel_no=17532,もんとれ　ら・すーる　ふくおか,空港から地下鉄一本！ホテル1Fコンビニあり。話題のシャワーヘッド「ミラブル」全室導入。,7184,120915.85,469432.23,810-0041,福岡県,福岡市中央区大名2-8-27,092-726-7111,092-726-7100,★福岡空港・ＪＲ博多駅から天神地下鉄4番出口より徒歩3分★博多名物の屋台も目の前に！！,28台先着順　１８００円／1泊　（満車の場合は提携駐車場への案内となります）,天神,https://img.travel.rakuten.co.jp/share/HOTEL/17532/17532.jpg,https://img.travel.rakuten.co.jp/HIMG/90/17532.jpg,https://img.travel.rakuten.co.jp/share/HOTEL/17532/17532_heya1.jpg,https://img.travel.rakuten.co.jp/HIMG/INTERIOR/17532.jpg,https://img.travel.rakuten.co.jp/share/HOTEL/17532/17532map.gif,3517.0,4.14,"朝食は水炊きのパ…　2026-03-30 14:05:54投稿 <a href=""https://img.travel.rakuten.co.jp/image/tr/api/re/gJNfM/?f_hotel_no=17532"" class=""3click"">つづきはこちら</a>",dx_1,デラックスダブルルーム,5793217.0,【返金不可】条件あえばお得に宿泊♪事前カード決済限定ステイ＜素泊り＞,1,0,0,0,0,2,https://img.travel.rakuten.co.jp/image/tr/api/re/IdsCY/?f_no=17532&f_syu=dx_1&f_hi1=2026-04-15&f_hi2=2026-04-16&f_heya_su=1&f_otona_su=1&f_s1=0&f_s2=0&f_y1=0&f_y2=0&f_y3=0&f_y4=0&f_camp_id=5793217,0,2026-04-15,25153,25153,0
184508,クロスライフ博多柳橋（オリックスホテルズ＆リゾーツ）,https://img.travel.rakuten.co.jp/image/tr/api/re/pvonD/?f_no=184508,https://img.travel.rakuten.co.jp/image/tr/api/re/vFumt/?f_no=184508&f_flg=PLAN,https://img.travel.rakuten.co.jp/image/tr/api/re/WzozX/?noTomariHotel=184508,https://img.travel.rakuten.co.jp/image/tr/api/re/gJNfM/?f_hotel_no=184508,くろすらいふはかたやなぎばし（おりっくすほてるず＆りぞーと）,【地下鉄七隈線「渡辺通」駅2番出口より徒歩6分】、【スマートTV】全室完備。,6300,120887.06,469476.79,810-0003,福岡県,福岡市中央区春吉1-6-5,092-733-3900,092-733-3751,・地下鉄七隈線「渡辺通」駅2番出口より徒歩6分,有り　15台　1700円（税込み／泊）　要予約,中洲川端,https://img.travel.rakuten.co.jp/share/HOTEL/184508/184508.jpg,https://img.travel.rakuten.co.jp/HIMG/90/184508.jpg,,,https://img.travel.rakuten.co.jp/share/HOTEL/184508/184508map.gif,72.0,4.47,"クロスライフ博多天神の方は大浴場が付いていますが、こちらはワーキングスペースのあるホテル。出張時にホテルに留まって作業するには快適なホテルかも。博多からも天神からも少し距離があるのでタクシー、バスを利…　2026-02-14 19:38:31投稿 <a href=""https://img.travel.rakuten.co.jp/image/tr/api/re/gJNfM/?f_hotel_no=184508"" class=""3click"">つづきはこちら</a>",03,コンフォートツイン,5944186.0,【返金不可】素泊まり ドリンクチケット付き,1,0,0,0,0,2,https://img.travel.rakuten.co.jp/image/tr/api/re/IdsCY/?f_no=184508&f_syu=03&f_hi1=2026-04-15&f_hi2=2026-04-16&f_heya_su=1&f_otona_su=1&f_s1=0&f_s2=0&f_y1=0&f_y2=0&f_y3=0&f_y4=0&f_camp_id=5944186,0,2026-04-15,21450,21450,0
166945,ランドーホテル福岡,https://img.travel.rakuten.co.jp/image/tr/api/re/pvonD/?f_no=166945,https://img.travel.rakuten.co.jp/image/tr/api/re/vFumt/?f_no=166945&f_flg=PLAN,https://img.travel.rakuten.co.jp/image/tr/api/re/WzozX/?noTomariHotel=166945,https://img.travel.rakuten.co.jp/image/tr/api/re/gJNfM/?f_hotel_no=166945,らんどーほてる　ふくおか,多彩なカラースキームとこだわりの家具を全室に施したデザイナーズホテル　全室にバルコニーを完備,4500,120883.36,469481.95,810-0005,福岡県,福岡市中央区清川1-2-3,0925265231,03-5615-2997,博多駅から10分毎にバスが出発しております。5分ほどバスに揺られ「柳橋」で下車後徒歩2分ほどでご到着です。,駐車場のご用意はございません。近隣のパーキングをご利用くださいませ。,,https://img.travel.rakuten.co.jp/share/HOTEL/166945/166945.jpg,https://img.travel.rakuten.co.jp/HIMG/90/166945.jpg,,,https://img.travel.rakuten.co.jp/share/HOTEL/166945/166945map.gif,58.0,4.75,,bt,デラックスブルーツイン/22平米　リバービュー,4927495.0,【全室バルコニー完備】【返金不可】　生活家電とキッチン完備の客室で自炊を満喫♪,1,0,0,0,0,2,https://img.travel.rakuten.co.jp/image/tr/api/re/IdsCY/?f_no=166945&f_syu=bt&f_hi1=2026-04-15&f_hi2=2026-04-16&f_heya_su=1&f_otona_su=1&f_s1=0&f_s2=0&f_y1=0&f_y2=0&f_y3=0&f_y4=0&f_camp_id=4927495,0,2026-04-15,14000,14000,0
192163,ネオフィールド中洲,https://img.travel.rakuten.co.jp/image/tr/api/re/pvonD/?f_no=192163,https://img.travel.rakuten.co.jp/image/tr/api/re/vFumt/?f_no=192163&f_flg=PLAN,,https://img.travel.rakuten.co.jp/image/tr/api/re/gJNfM/?f_hotel_no=192163,ねおふぃーるどなかす,【無人フロントホテル】２０２４年７月グランドオープン！キャナルシティ博多から徒歩３分の好立地！,2772,120923.59,469483.02,812-0026,福岡県,福岡市博多区上川端町5-117,092-409-4892,092-401-1057,櫛田神社前駅から徒歩約３分、中洲川端駅から徒歩５分,無し,中洲川端,https://img.travel.rakuten.co.jp/share/HOTEL/192163/192163.jpg,https://img.travel.rakuten.co.jp/HIMG/90/192163.jpg,,,https://img.travel.rakuten.co.jp/share/HOTEL/192163/192163map.gif,7.0,4.0,,dhito,コンフォート4人部屋,5986958.0,【素泊まり】スタンダードプラン「迷ったらコレ！」,1,0,0,0,0,2,https://img.travel.rakuten.co.jp/image/tr/api/re/IdsCY/?f_no=192163&f_syu=dhito&f_hi1=2026-04-15&f_hi2=2026-04-16&f_heya_su=1&f_otona_su=1&f_s1=0&f_s2=0&f_y1=0&f_y2=0&f_y3=0&f_y4=0&f_camp_id=5986958,0,2026-04-15,15200,15200,0
176952,糸島ゲストハウス＆バックパッカーズ　ＴＯＭＯ,https://img.travel.rakuten.co.jp/image/tr/api/re/pvonD/?f_no=176952,https://img.travel.rakuten.co.jp/image/tr/api/re/vFumt/?f_no=176952&f_flg=PLAN,,https://img.travel.rakuten.co.jp/image/tr/api/re/gJNfM/?f_hotel_no=176952,いとしまげすとはうすあんどばっくぱっかーず　とも,一人旅でもグループ旅行でも、シーンを選ばず宿泊できるゲストハウス。天神へも電車で約30分。福岡の観光にもお使い頂けます。,3240,120807.25,468725.68,819-1116,福岡県,糸島市前原中央3-5-24,092-332-1588,092-332-1589,ＪＲ筑肥線　筑前前原駅より徒歩にて約６分,有り　３台　無料　要予約,筑前前原,https://img.travel.rakuten.co.jp/share/HOTEL/176952/176952.jpg,https://img.travel.rakuten.co.jp/HIMG/90/176952.jpg,https://img.travel.rakuten.co.jp/share/HOTEL/176952/176952_kan1.jpg,https://img.travel.rakuten.co.jp/HIMG/INTERIOR/176952.jpg,https://img.travel.rakuten.co.jp/share/HOTEL/176952/176952map.gif,58.0,4.73,"クチコミの詳細はこちらから　http…　2026-03-22 22:04:29投稿 <a href=""https://img.travel.rakuten.co.jp/image/tr/api/re/gJNfM/?f_hotel_no=176952"" class=""3click"">つづきはこちら</a>",bunkmix,【男女共有ドミトリー】禁煙・Wi-Fi無料,5228829.0,【素泊まりプラン】　自然あり、グルメあり、観光あり　魅力的な糸島の観光の拠点としてご利用下さい。,1,0,0,0,0,1,https://img.travel.rakuten.co.jp/image/tr/api/re/IdsCY/?f_no=176952&f_syu=bunkmix&f_hi1=2026-04-15&f_hi2=2026-04-16&f_heya_su=1&f_otona_su=1&f_s1=0&f_s2=0&f_y1=0&f_y2=0&f_y3=0&f_y4=0&f_camp_id=5228829,0,2026-04-15,3600,3600,0
196419,博多の旅籠　すノや,https://img.travel.rakuten.co.jp/image/tr/api/re/pvonD/?f_no=196419,https://img.travel.rakuten.co.jp/image/tr/api/re/vFumt/?f_no=196419&f_flg=PLAN,,https://img.travel.rakuten.co.jp/image/tr/api/re/gJNfM/?f_hotel_no=196419,はかたのはたご　すのや,博多の須崎町を楽しむスマートステイ,4410,120937.82,469459.78,812-0028,福岡県,福岡市博多区須崎町6-5,070-5697-6932,092-510-1979,中洲川端駅から徒歩で約６分,無し,中洲川端,https://img.travel.rakuten.co.jp/share/HOTEL/196419/196419.jpg,https://img.travel.rakuten.co.jp/HIMG/90/196419.jpg,,,https://img.travel.rakuten.co.jp/share/HOTEL/196419/196419map.gif,,,,twin12f,【ツインルーム】1〜2階,6247379.0,【スタンダードプラン】歴史息づく博多の街でおトクな旅を,1,0,0,0,0,1,https://img.travel.rakuten.co.jp/image/tr/api/re/IdsCY/?f_no=196419&f_syu=twin12f&f_hi1=2026-04-15&f_hi2=2026-04-16&f_heya_su=1&f_otona_su=1&f_s1=0&f_s2=0&f_y1=0&f_y2=0&f_y3=0&f_y4=0&f_camp_id=6247379,0,2026-04-15,22500,22500,0
195216,ＳｔａｒーＳｅｖｅｎ　糸島／民泊,https://img.travel.rakuten.co.jp/image/tr/api/re/pvonD/?f_no=195216,https://img.travel.rakuten.co.jp/image/tr/api/re/vFumt/?f_no=195216&f_flg=PLAN,,https://img.travel.rakuten.co.jp/image/tr/api/re/gJNfM/?f_hotel_no=195216,,最大8名海辺ヴィラ。ゴルフ、サウナ、ペット可。ビール無料。BBQ。,14547,120909.45,468448.69,819-1335,福岡県,糸島市志摩芥屋77-28　ＳｔａｒーＳｅｖｅｎ　糸島,090-8983-0954,00-0000-0000,加布里駅より車で15分,あり,加布里,https://img.travel.rakuten.co.jp/share/HOTEL/195216/195216.jpg,https://img.travel.rakuten.co.jp/HIMG/90/195216.jpg,,,https://img.travel.rakuten.co.jp/share/HOTEL/195216/195216map.gif,,,,r20184_8,Star-Seven 糸島,6337205.0,サウナ・BBQ・シミュレーションゴルフ・生ビールサーバー・ペットとの滞在も叶う隠れ家シーサイドヴィラ,1,0,0,0,0,2,https://img.travel.rakuten.co.jp/image/tr/api/re/IdsCY/?f_no=195216&f_syu=r20184_8&f_hi1=2026-04-15&f_hi2=2026-04-16&f_heya_su=1&f_otona_su=1&f_s1=0&f_s2=0&f_y1=0&f_y2=0&f_y3=0&f_y4=0&f_camp_id=6337205,0,2026-04-15,68904,68904,0
144978,ホテルマリノアリゾート福岡,https://img.travel.rakuten.co.jp/image/tr/api/re/pvonD/?f_no=144978,https://img.travel.rakuten.co.jp/image/tr/api/re/vFumt/?f_no=144978&f_flg=PLAN,https://img.travel.rakuten.co.jp/image/tr/api/re/WzozX/?noTomariHotel=144978,https://img.travel.rakuten.co.jp/image/tr/api/re/gJNfM/?f_hotel_no=144978,まりのありぞーとふくおか,全室ハーバービュー♪駐車場無料・朝食はルームサービス。贅沢な３つのラウンジが無料☆ウェルカム・焚火・ナイトラウンジ,10404,120933.28,469172.05,819-0001,福岡県,福岡市西区小戸2-12-43,092-895-5511,092-895-5523,地下鉄空港線：姪浜駅下車後、無料循環バス「クルットバス」利用で約20分　タクシーで5分,有り　１００台　無料　予約不要　（入出庫自由）,姪浜,https://img.travel.rakuten.co.jp/share/HOTEL/144978/144978.jpg,https://img.travel.rakuten.co.jp/HIMG/90/144978.jpg,https://img.travel.rakuten.co.jp/share/HOTEL/144978/144978_room.jpg,https://img.travel.rakuten.co.jp/HIMG/INTERIOR/144978.jpg,https://img.travel.rakuten.co.jp/share/HOTEL/144978/144978map.gif,413.0,4.68,"ラウンジサービス等も…　2026-04-12 20:15:13投稿 <a href=""https://img.travel.rakuten.co.jp/image/tr/api/re/gJNfM/?f_hotel_no=144978"" class=""3click"">つづきはこちら</a>",mt,【42平米・オーシャンビュー・バルコニー付 マリノアツイン】,5818774.0,《直前割×お日にち限定》18時イン10時アウト/全室福岡タワー側オーシャンビュー！/駐車場無料！,1,0,0,0,0,1,https://img.travel.rakuten.co.jp/image/tr/api/re/IdsCY/?f_no=144978&f_syu=mt&f_hi1=2026-04-15&f_hi2=2026-04-16&f_heya_su=1&f_otona_su=1&f_s1=0&f_s2=0&f_y1=0&f_y2=0&f_y3=0&f_y4=0&f_camp_id=5818774,0,2026-04-15,20955,20955,0
177718,Ｒａｋｕｔｅｎ　ＳＴＡＹ　ＨＯＵＳＥ　ｘ　ＷＩＬＬ　ＳＴＹＬＥ　糸島,https://img.travel.rakuten.co.jp/image/tr/api/re/pvonD/?f_no=177718,https://img.travel.rakuten.co.jp/image/tr/api/re/vFumt/?f_no=177718&f_flg=PLAN,https://img.travel.rakuten.co.jp/image/tr/api/re/WzozX/?noTomariHotel=177718,https://img.travel.rakuten.co.jp/image/tr/api/re/gJNfM/?f_hotel_no=177718,らくてん　すてい　はうす　うぃるすたいる　いとしま,牡蠣小屋まで徒歩1分♪キッチン完備で広々した海沿いの一軒家を貸切！グループにおすすめ,3270,120762.86,468590.85,819-1124,福岡県,糸島市加布里5-13-1（旧住所：加布里1087-1）,050-1754-3992,03-6268-0248,加布里駅よりお車にて約７分／福岡市内よりお車にて約40分,有り　１棟１台　,加布里,https://img.travel.rakuten.co.jp/share/HOTEL/177718/177718.jpg,https://img.travel.rakuten.co.jp/HIMG/90/177718.jpg,,,https://img.travel.rakuten.co.jp/share/HOTEL/177718/177718map.gif,77.0,3.75,,107,【Wi-Fi無料】キッチン＆洗濯機付一棟貸し切り(107),5424591.0,【フレキシブル】海沿いの一軒家まるまる貸し切り！観光に釣りに♪グループ旅行に人気◎Wi-Fi無料,1,0,0,0,0,2,https://img.travel.rakuten.co.jp/image/tr/api/re/IdsCY/?f_no=177718&f_syu=107&f_hi1=2026-04-15&f_hi2=2026-04-16&f_heya_su=1&f_otona_su=1&f_s1=0&f_s2=0&f_y1=0&f_y2=0&f_y3=0&f_y4=0&f_camp_id=5424591,0,2026-04-15,35900,35900,0
194510,ＣＡＳＡ　ｄｉ　ＰＡＬＭＥ　ＩＴＯＳＨＩＭＡ　（南国風グランピング施設）／民泊,https://img.travel.rakuten.co.jp/image/tr/api/re/pvonD/?f_no=194510,https://img.travel.rakuten.co.jp/image/tr/api/re/vFumt/?f_no=194510&f_flg=PLAN,,https://img.travel.rakuten.co.jp/image/tr/api/re/gJNfM/?f_hotel_no=194510,,開放感あふれる南国リゾート風の癒し空間ーペット同伴ＯＫ！　【民泊】,7424,120908.58,468441.08,819-1335,福岡県,糸島市志摩芥屋121-11　ＣＡＳＡ　ｄｉ　ＰＡＬＭＥ　　ＩＴＯＳＨＩＭＡ,090-9592-3554,000-000-0000,加布里駅から車で約１５分,有り,加布里,https://img.travel.rakuten.co.jp/share/HOTEL/194510/194510.jpg,https://img.travel.rakuten.co.jp/HIMG/90/194510.jpg,,,https://img.travel.rakuten.co.jp/share/HOTEL/194510/194510map.gif,1.0,,,r19268_6,CASA di PALME ITOSHIMA,6248752.0,ペットと同伴でBBQ、アウトドアが楽しめるグランピング施設,1,0,0,0,0,2,https://img.travel.rakuten.co.jp/image/tr/api/re/IdsCY/?f_no=194510&f_syu=r19268_6&f_hi1=2026-04-15&f_hi2=2026-04-16&f_heya_su=1&f_otona_su=1&f_s1=0&f_s2=0&f_y1=0&f_y2=0&f_y3=0&f_y4=0&f_camp_id=6248752,0,2026-04-15,40600,40600,0
190504,春吉の癒しの宿：サウナ・露天風呂・フルキッチン完備　＾,https://img.travel.rakuten.co.jp/image/tr/api/re/pvonD/?f_no=190504,https://img.travel.rakuten.co.jp/image/tr/api/re/vFumt/?f_no=190504&f_flg=PLAN,,https://img.travel.rakuten.co.jp/image/tr/api/re/gJNfM/?f_hotel_no=190504,,広々とした部屋には、プライベートサウナと露天風呂が完備されています。,11368,120893.84,469479.22,810-0003,福岡県,福岡市中央区春吉1-11-30　Ｓｔａｙ　Ｈａｋａｔａ別邸,090-8350-3308,000-000-0000,渡辺通駅から徒歩で約４分,有り,薬院,https://img.travel.rakuten.co.jp/share/HOTEL/190504/190504.jpg,https://img.travel.rakuten.co.jp/HIMG/90/190504.jpg,,,https://img.travel.rakuten.co.jp/share/HOTEL/190504/190504map.gif,,,,948478_5,一戸建て,6027719.0,【2024年7月OPEN】一棟貸し★ サウナ/露天風呂付きフルキッチン完備!最大5名様で宿泊可能,1,0,0,0,0,2,https://img.travel.rakuten.co.jp/image/tr/api/re/IdsCY/?f_no=190504&f_syu=948478_5&f_hi1=2026-04-15&f_hi2=2026-04-16&f_heya_su=1&f_otona_su=1&f_s1=0&f_s2=0&f_y1=0&f_y2=0&f_y3=0&f_y4=0&f_camp_id=6027719,0,2026-04-15,56840,56840,0
191273,ｆａｒｍ　ｓｔａｙ　Ｊａｍｍｉｎ　＾,https://img.travel.rakuten.co.jp/image/tr/api/re/pvonD/?f_no=191273,https://img.travel.rakuten.co.jp/image/tr/api/re/vFumt/?f_no=191273&f_flg=PLAN,,https://img.travel.rakuten.co.jp/image/tr/api/re/gJNfM/?f_hotel_no=191273,,当施設は納屋の２階を改装したキャンプ場のコテージのよう宿泊施設です。,3248,120579.17,468387.73,819-1631,福岡県,糸島市二丈福井1978-3　ｆａｒｍ　ｓｔａｙ　Ｊａｍｍｉｎ,090-1344-8250,000-000-0000,大入駅から徒歩で約５分,有り,大入,https://img.travel.rakuten.co.jp/share/HOTEL/191273/191273.jpg,https://img.travel.rakuten.co.jp/HIMG/90/191273.jpg,,,https://img.travel.rakuten.co.jp/share/HOTEL/191273/191273map.gif,1.0,,,1104417_5,ロッジ/ログハウス/コテージ,6141366.0,秘密基地のようなユニークな宿泊施設です,1,0,0,0,0,2,https://img.travel.rakuten.co.jp/image/tr/api/re/IdsCY/?f_no=191273&f_syu=1104417_5&f_hi1=2026-04-15&f_hi2=2026-04-16&f_heya_su=1&f_otona_su=1&f_s1=0&f_s2=0&f_y1=0&f_y2=0&f_y3=0&f_y4=0&f_camp_id=6141366,0,2026-04-15,16240,16240,0
194737,ｋｉｍｉｘ２０３／民泊,https://img.travel.rakuten.co.jp/image/tr/api/re/pvonD/?f_no=194737,https://img.travel.rakuten.co.jp/image/tr/api/re/vFumt/?f_no=194737&f_flg=PLAN,,https://img.travel.rakuten.co.jp/image/tr/api/re/gJNfM/?f_hotel_no=194737,,福岡市でも人気のある浄水通りの静かな住宅街に佇む、アンティーク家具とこだわりの雑貨に囲まれた【民泊】,12760,120859.72,469426.73,810-0028,福岡県,福岡市中央区浄水通2-11　ＪＯＳＵＩ　ＢＡＳＥ　203,092-401-1267,000-000-0000,薬院大通駅から徒歩で約２分,無し,薬院,https://img.travel.rakuten.co.jp/share/HOTEL/194737/194737.jpg,https://img.travel.rakuten.co.jp/HIMG/90/194737.jpg,,,https://img.travel.rakuten.co.jp/share/HOTEL/194737/194737map.gif,,,,r19557_2,kimix203,6274269.0,人気の浄水通りにある隠れ家。「教会前」バス停近く。天神、博多駅にもアクセス良し。,1,0,0,0,0,2,https://img.travel.rakuten.co.jp/image/tr/api/re/IdsCY/?f_no=194737&f_syu=r19557_2&f_hi1=2026-04-15&f_hi2=2026-04-16&f_heya_su=1&f_otona_su=1&f_s1=0&f_s2=0&f_y1=0&f_y2=0&f_y3=0&f_y4=0&f_camp_id=6274269,0,2026-04-15,25520,25520,0
192933,Ｈｏｓｔｅｌ　ＳＴＡＮＤ　ＢＹ　ＭＥ,https://img.travel.rakuten.co.jp/image/tr/api/re/pvonD/?f_no=192933,https://img.travel.rakuten.co.jp/image/tr/api/re/vFumt/?f_no=192933&f_flg=PLAN,,https://img.travel.rakuten.co.jp/image/tr/api/re/gJNfM/?f_hotel_no=192933,ほすてるすたんどばいみー,『泊まれる立ち飲み』をコンセプトに人と人が出会い、関わり、体験し、感動する場を創ります。,3500,120910.66,469394.48,810-0074,福岡県,福岡市中央区大手門1-3-22　坂田ビル,080-6427-7226,000-000-0000,地下鉄大濠公園駅下車 徒歩約６分 地下鉄赤坂駅下車 徒歩約７分,無し(近隣のコインパーキングにてお願いします),大濠公園,https://img.travel.rakuten.co.jp/share/HOTEL/192933/192933.jpg,https://img.travel.rakuten.co.jp/HIMG/90/192933.jpg,,,https://img.travel.rakuten.co.jp/share/HOTEL/192933/192933map.gif,9.0,3.0,,001,Standard Twin Room,6299504.0,素泊まりプラン,1,0,0,0,0,2,https://img.travel.rakuten.co.jp/image/tr/api/re/IdsCY/?f_no=192933&f_syu=001&f_hi1=2026-04-15&f_hi2=2026-04-16&f_heya_su=1&f_otona_su=1&f_s1=0&f_s2=0&f_y1=0&f_y2=0&f_y3=0&f_y4=0&f_camp_id=6299504,0,2026-04-15,15000,15000,0
179190,ガーデンテラス福岡ホテル＆リゾート,https://img.travel.rakuten.co.jp/image/tr/api/re/pvonD/?f_no=179190,https://img.travel.rakuten.co.jp/image/tr/api/re/vFumt/?f_no=179190&f_flg=PLAN,https://img.travel.rakuten.co.jp/image/tr/api/re/WzozX/?noTomariHotel=179190,https://img.travel.rakuten.co.jp/image/tr/api/re/gJNfM/?f_hotel_no=179190,がーでんてらすふくおかほてるあんどりぞーと,■全室ジャグジー付スイート／ワインやカクテルなどを取り揃えた宿泊者専用クラブラウンジ■～自由を愉しむ上質のホテルステイ～,14900,120928.11,469153.76,819-0001,福岡県,福岡市西区小戸2-3-55,092-881-0067,092-881-0066,姪浜駅よりお車にて約５分／福岡空港よりお車にて約３０分,有り　５０台　無料　先着順,姪浜,https://img.travel.rakuten.co.jp/share/HOTEL/179190/179190.jpg,https://img.travel.rakuten.co.jp/HIMG/90/179190.jpg,https://img.travel.rakuten.co.jp/share/HOTEL/179190/179190_kan1.jpg,https://img.travel.rakuten.co.jp/HIMG/INTERIOR/179190.jpg,https://img.travel.rakuten.co.jp/share/HOTEL/179190/179190map.gif,204.0,4.53,"絶対また行きます!…　2026-04-03 23:08:28投稿 <a href=""https://img.travel.rakuten.co.jp/image/tr/api/re/gJNfM/?f_hotel_no=179190"" class=""3click"">つづきはこちら</a>",yd04,おまかせ客室｜ジャグジー付,5561786.0,【直前割／30％OFF】＜素泊まり＞ 自由を愉しむ都会のオアシスステイ,1,0,0,0,0,1,https://img.travel.rakuten.co.jp/image/tr/api/re/IdsCY/?f_no=179190&f_syu=yd04&f_hi1=2026-04-15&f_hi2=2026-04-16&f_heya_su=1&f_otona_su=1&f_s1=0&f_s2=0&f_y1=0&f_y2=0&f_y3=0&f_y4=0&f_camp_id=5561786,0,2026-04-15,67000,67000,0
184507,クロスライフ博多天神（オリックスホテルズ＆リゾーツ）,https://img.travel.rakuten.co.jp/image/tr/api/re/pvonD/?f_no=184507,https://img.travel.rakuten.co.jp/image/tr/api/re/vFumt/?f_no=184507&f_flg=PLAN,https://img.travel.rakuten.co.jp/image/tr/api/re/WzozX/?noTomariHotel=184507,https://img.travel.rakuten.co.jp/image/tr/api/re/gJNfM/?f_hotel_no=184507,くろすらいふはかたてんじん（おりっくすほてるず＆りぞーと）,【地下鉄七隈線「天神南」駅 6番出口より徒歩7分】、【大浴場・サウナ】【スマートTV】完備。,7400,120904.02,469472.41,810-0003,福岡県,福岡市中央区春吉3-26-30,092-733-0130,092-733-8780,・地下鉄七隈線「天神南」駅 6番出口より徒歩7分,有り　22台　1700円（税込み／泊）　要予約,天神,https://img.travel.rakuten.co.jp/share/HOTEL/184507/184507.jpg,https://img.travel.rakuten.co.jp/HIMG/90/184507.jpg,,,https://img.travel.rakuten.co.jp/share/HOTEL/184507/184507map.gif,109.0,4.33,"クチコミの詳細はこちらから　https:/…　2026-04-06 10:59:14投稿 <a href=""https://img.travel.rakuten.co.jp/image/tr/api/re/gJNfM/?f_hotel_no=184507"" class=""3click"">つづきはこちら</a>",02,コンフォートツイン,5944390.0,【返金不可】朝食付き ドリンクチケット付き,1,0,0,1,0,2,https://img.travel.rakuten.co.jp/image/tr/api/re/IdsCY/?f_no=184507&f_syu=02&f_hi1=2026-04-15&f_hi2=2026-04-16&f_heya_su=1&f_otona_su=1&f_s1=0&f_s2=0&f_y1=0&f_y2=0&f_y3=0&f_y4=0&f_camp_id=5944390,0,2026-04-15,34100,34100,0
187405,ザ・リッツ・カールトン福岡,https://img.travel.rakuten.co.jp/image/tr/api/re/pvonD/?f_no=187405,https://img.travel.rakuten.co.jp/image/tr/api/re/vFumt/?f_no=187405&f_flg=PLAN,https://img.travel.rakuten.co.jp/image/tr/api/re/WzozX/?noTomariHotel=187405,https://img.travel.rakuten.co.jp/image/tr/api/re/gJNfM/?f_hotel_no=187405,ざ・りっつ・かーるとんふくおか,23年6月開業。福岡の中心部に、6つのダイニングとバー、スパ、クラブラウンジを備えたラグジュアリーホテルが誕生。,47649,120910.77,469429.68,810-0041,福岡県,福岡市中央区大名2-6-50 福岡大名ガーデンシティ,092-401-8888,092-401-8889,地下鉄空港線「天神駅」から徒歩５分　または　「福岡空港」からお車にて約１５分,有り　100台　3000円（税込み／泊）　先着順,天神,https://img.travel.rakuten.co.jp/share/HOTEL/187405/187405.jpg,https://img.travel.rakuten.co.jp/HIMG/90/187405.jpg,,,https://img.travel.rakuten.co.jp/share/HOTEL/187405/187405map.gif,33.0,4.45,,king,デラックスキング 福岡スカイライン,5709379.0,【Marriott Bonvoy会員対象プラン】フレキシブル　レート 【宿泊のみ】,1,0,0,0,0,2,https://img.travel.rakuten.co.jp/image/tr/api/re/IdsCY/?f_no=187405&f_syu=king&f_hi1=2026-04-15&f_hi2=2026-04-16&f_heya_su=1&f_otona_su=1&f_s1=0&f_s2=0&f_y1=0&f_y2=0&f_y3=0&f_y4=0&f_camp_id=5709379,0,2026-04-15,178365,178365,0
2771,ホテル　イル・パラッツォ,https://img.travel.rakuten.co.jp/image/tr/api/re/pvonD/?f_no=2771,https://img.travel.rakuten.co.jp/image/tr/api/re/vFumt/?f_no=2771&f_flg=PLAN,https://img.travel.rakuten.co.jp/image/tr/api/re/WzozX/?noTomariHotel=2771,https://img.travel.rakuten.co.jp/image/tr/api/re/gJNfM/?f_hotel_no=2771,いる　ぱらっつぉ,歴史あるデザインホテルで「Re-Design」された空間と時間をお過ごしください,12860,120911.56,469474.97,810-0003,福岡県,福岡市中央区春吉3-13-1,0570-009-915,092-235-5778,地下鉄空港線「中洲川端」駅1番出口より徒歩7分、七隈線「天神南」駅6番出口より徒歩6分。JR博多駅よりタクシーで約6分,1泊2500円（税込） ※先着順・予約不可,中洲川端,https://img.travel.rakuten.co.jp/share/HOTEL/2771/2771.jpg,https://img.travel.rakuten.co.jp/HIMG/90/2771.jpg,https://img.travel.rakuten.co.jp/share/HOTEL/2771/2771_heya2.jpg,https://img.travel.rakuten.co.jp/HIMG/INTERIOR/2771.jpg,https://img.travel.rakuten.co.jp/share/HOTEL/2771/2771map.gif,1760.0,4.63,"クチコミの詳細はこちらから　https://r…　2026-03-27 10:18:36投稿 <a href=""https://img.travel.rakuten.co.jp/image/tr/api/re/gJNfM/?f_hotel_no=2771"" class=""3click"">つづきはこちら</a>",sq,スーペリアクイーン,5726431.0,【朝食＆ラウンジアクセス付き】Re-Design空間で過ごす特別な時間,1,0,0,1,0,1,https://img.travel.rakuten.co.jp/image/tr/api/re/IdsCY/?f_no=2771&f_syu=sq&f_hi1=2026-04-15&f_hi2=2026-04-16&f_heya_su=1&f_otona_su=1&f_s1=0&f_s2=0&f_y1=0&f_y2=0&f_y3=0&f_y4=0&f_camp_id=5726431,0,2026-04-15,25360,25360,0
193546,ＢＵＥＮＡ　ＶＩＳＴＡ　ＯＨＯＲＩ　ＰＡＲＫ,https://img.travel.rakuten.co.jp/image/tr/api/re/pvonD/?f_no=193546,https://img.travel.rakuten.co.jp/image/tr/api/re/vFumt/?f_no=193546&f_flg=PLAN,,https://img.travel.rakuten.co.jp/image/tr/api/re/gJNfM/?f_hotel_no=193546,ぶえなびすたオオホリパーク,大濠公園エリア　地下鉄のご利用で天神7分、博多14分/大濠公園まで徒歩３分！セルフチェックイン！,4425,120916.24,469351.45,810-0062,福岡県,福岡市中央区荒戸3-10-1　,090-3197-0854,000-000-0000,福岡市営地下鉄唐人町駅から徒歩約４分,駐車場なし。施設周辺のコインパーキングのご利用をお願いしております。,唐人町,https://img.travel.rakuten.co.jp/share/HOTEL/193546/193546.jpg,https://img.travel.rakuten.co.jp/HIMG/90/193546.jpg,,,https://img.travel.rakuten.co.jp/share/HOTEL/193546/193546map.gif,13.0,4.38,,504b,スタンダード最大4名様！大濠公園徒歩2分！長期滞在おすすめ!,6155121.0,スタンダード　素泊まりプラン,1,0,0,0,0,2,https://img.travel.rakuten.co.jp/image/tr/api/re/IdsCY/?f_no=193546&f_syu=504b&f_hi1=2026-04-15&f_hi2=2026-04-16&f_heya_su=1&f_otona_su=1&f_s1=0&f_s2=0&f_y1=0&f_y2=0&f_y3=0&f_y4=0&f_camp_id=6155121,0,2026-04-15,15104,15104,1
181074,グランドべース福岡天神,https://img.travel.rakuten.co.jp/image/tr/api/re/pvonD/?f_no=181074,https://img.travel.rakuten.co.jp/image/tr/api/re/vFumt/?f_no=181074&f_flg=PLAN,https://img.travel.rakuten.co.jp/image/tr/api/re/WzozX/?noTomariHotel=181074,https://img.travel.rakuten.co.jp/image/tr/api/re/gJNfM/?f_hotel_no=181074,ぐらんどべーすふくおかてんじん,【無人フロントホテル】天神・博多へアクセス◎最大4名泊まれるスマートホテル！キッチン＆洗濯機付で長期滞在にもおすすめ★,3290,120896.18,469462.91,810-0004,福岡県,福岡市中央区渡辺通3-6-2,092-409-4892,,「天神南駅」1番出口から徒歩7分、「渡辺通駅」2番出口から徒歩5分、博多駅からはバスで「渡辺通2丁目」で下車後徒歩2分,敷地内に有料コインパーキング有（軽自動車専用 6台）,福岡空港,https://img.travel.rakuten.co.jp/share/HOTEL/181074/181074.jpg,https://img.travel.rakuten.co.jp/HIMG/90/181074.jpg,,,https://img.travel.rakuten.co.jp/share/HOTEL/181074/181074map.gif,9.0,3.0,,bhito,スーペリアB,4895641.0,【素泊まり】スタンダードプラン「迷ったらコレ！」,1,0,0,0,0,2,https://img.travel.rakuten.co.jp/image/tr/api/re/IdsCY/?f_no=181074&f_syu=bhito&f_hi1=2026-04-15&f_hi2=2026-04-16&f_heya_su=1&f_otona_su=1&f_s1=0&f_s2=0&f_y1=0&f_y2=0&f_y3=0&f_y4=0&f_camp_id=4895641,0,2026-04-15,16800,16800,0
195673,リトリートコートｐａｙｐａｙドーム／民泊,https://img.travel.rakuten.co.jp/image/tr/api/re/pvonD/?f_no=195673,https://img.travel.rakuten.co.jp/image/tr/api/re/vFumt/?f_no=195673&f_flg=PLAN,,https://img.travel.rakuten.co.jp/image/tr/api/re/gJNfM/?f_hotel_no=195673,,スウェーデン式北欧部屋。木の温もりと家具が心地よい。ホテルより広く多機能でリーズナブルな人気宿。,5684,120913.49,469323.84,810-0064,福岡県,福岡市中央区地行4-11-9　メルフォードII201,080-6453-1909,00-0000-0000,唐人町駅より徒歩で3分,なし,唐人町,https://img.travel.rakuten.co.jp/share/HOTEL/195673/195673.jpg,https://img.travel.rakuten.co.jp/HIMG/90/195673.jpg,,,https://img.travel.rakuten.co.jp/share/HOTEL/195673/195673map.gif,,,,r20661_4,リトリートコートpaypayドーム,6395550.0,北欧のアパートメントコテージ|唐人町駅6分|PayPayドーム近く|最大4名,1,0,0,0,0,2,https://img.travel.rakuten.co.jp/image/tr/api/re/IdsCY/?f_no=195673&f_syu=r20661_4&f_hi1=2026-04-15&f_hi2=2026-04-16&f_heya_su=1&f_otona_su=1&f_s1=0&f_s2=0&f_y1=0&f_y2=0&f_y3=0&f_y4=0&f_camp_id=6395550,0,2026-04-15,18096,18096,0
197737,Ａｓｕｉｔｅ　Ｈａｋａｔａ　ｂｙ　ＡＳＵＭＩＲＵ,https://img.travel.rakuten.co.jp/image/tr/api/re/pvonD/?f_no=197737,https://img.travel.rakuten.co.jp/image/tr/api/re/vFumt/?f_no=197737&f_flg=PLAN,,https://img.travel.rakuten.co.jp/image/tr/api/re/gJNfM/?f_hotel_no=197737,えいすいーとはかたばいあすみる,行きたい場所がすべて近くにある、モダン＆快適なデザインホテル！天神南駅から徒歩4分！,7088,120909.0,469468.61,810-0003,福岡県,福岡市中央区春吉3-22-1,050-5482-3715,050-3588-6542,地下鉄天神南駅から徒歩で約4分、福岡空港から地下鉄で約20分,なし,天神,https://img.travel.rakuten.co.jp/share/HOTEL/197737/197737.jpg,https://img.travel.rakuten.co.jp/HIMG/90/197737.jpg,,,https://img.travel.rakuten.co.jp/share/HOTEL/197737/197737map.gif,4.0,,,asm0001,ツインルーム バスタブ付,6336901.0,【返金不可／素泊まり】キャンセル不可だからオトク！予定が決まった方はこちら♪,1,0,0,0,0,2,https://img.travel.rakuten.co.jp/image/tr/api/re/IdsCY/?f_no=197737&f_syu=asm0001&f_hi1=2026-04-15&f_hi2=2026-04-16&f_heya_su=1&f_otona_su=1&f_s1=0&f_s2=0&f_y1=0&f_y2=0&f_y3=0&f_y4=0&f_camp_id=6336901,0,2026-04-15,19950,19950,0
194536,Ｍａｉｓｏｎ　Ｙｏｔｓｕｋｕｒｏ　＾,https://img.travel.rakuten.co.jp/image/tr/api/re/pvonD/?f_no=194536,https://img.travel.rakuten.co.jp/image/tr/api/re/vFumt/?f_no=194536&f_flg=PLAN,,https://img.travel.rakuten.co.jp/image/tr/api/re/gJNfM/?f_hotel_no=194536,,Ｍａｉｓｏｎ　Ｙｏｔｓｕｋｕｒｏ　は、活気あふれる商店街の中に佇むユニークな民泊施設です。,4246,120888.45,469479.26,810-0003,福岡県,福岡市中央区春吉1-3-12　Ｍａｉｓｏｎ　Ｙｏｔｓｕｋｕｒｏ,080-3188-3570,000-000-0000,渡辺通駅から徒歩で約４分,無し,薬院,https://img.travel.rakuten.co.jp/share/HOTEL/194536/194536.jpg,https://img.travel.rakuten.co.jp/HIMG/90/194536.jpg,,,https://img.travel.rakuten.co.jp/share/HOTEL/194536/194536map.gif,1.0,,,1236360_5,一戸建て,6248788.0,市場内に住む、非日常の体験を味わえる施設です。,1,0,0,0,0,2,https://img.travel.rakuten.co.jp/image/tr/api/re/IdsCY/?f_no=194536&f_syu=1236360_5&f_hi1=2026-04-15&f_hi2=2026-04-16&f_heya_su=1&f_otona_su=1&f_s1=0&f_s2=0&f_y1=0&f_y2=0&f_y3=0&f_y4=0&f_camp_id=6248788,0,2026-04-15,21228,21228,0
184878,のこのしまアイランドパーク　Ｖｉｌｌａ防人,https://img.travel.rakuten.co.jp/image/tr/api/re/pvonD/?f_no=184878,https://img.travel.rakuten.co.jp/image/tr/api/re/vFumt/?f_no=184878&f_flg=PLAN,,https://img.travel.rakuten.co.jp/image/tr/api/re/gJNfM/?f_hotel_no=184878,のこのしまあいらんどぱーく びらさきもり,２０２２年７月オープン！日本でもっともチルな島、能古島の一棟貸切コテージ。福岡市内から船で１０分、バスで１０分,4500,121071.42,469093.8,819-0012,福岡県,福岡市西区能古1624,092-881-4474,092-881-4424,福岡空港よりお車にて約40分、姪浜旅客待合所からフェリーで約10分、渡船場前からバスで約10分。,有。無料10台。場所をご案内いたしますので備考欄にお車で来られる事とメールアドレスをご明記ください。,福岡空港,https://img.travel.rakuten.co.jp/share/HOTEL/184878/184878.jpg,https://img.travel.rakuten.co.jp/HIMG/90/184878.jpg,,,https://img.travel.rakuten.co.jp/share/HOTEL/184878/184878map.gif,32.0,4.6,,umi01,［露天ジャグジー付］潮風ヴィラ,5643168.0,【ゆったり露天ジャグジー】花畑と潮風に癒やされる休日♪一戸建てコテージで大切な方と＜潮風・素泊まり＞,1,0,0,0,0,1,https://img.travel.rakuten.co.jp/image/tr/api/re/IdsCY/?f_no=184878&f_syu=umi01&f_hi1=2026-04-15&f_hi2=2026-04-16&f_heya_su=1&f_otona_su=1&f_s1=0&f_s2=0&f_y1=0&f_y2=0&f_y3=0&f_y4=0&f_camp_id=5643168,0,2026-04-15,24000,24000,0
190906,ヴィレッタ平和１０１／民泊,https://img.travel.rakuten.co.jp/image/tr/api/re/pvonD/?f_no=190906,https://img.travel.rakuten.co.jp/image/tr/api/re/vFumt/?f_no=190906&f_flg=PLAN,,https://img.travel.rakuten.co.jp/image/tr/api/re/gJNfM/?f_hotel_no=190906,,福岡市中央区平和に位置する当施設は、各スペースに扉がないオープンレイアウトで、大人数でも快適【民泊】,4640,120829.22,469436.91,810-0016,福岡県,福岡市中央区平和3-8-16　ヴィレッタ平和101号室,080-1794-8140,000-000-0000,西鉄平尾駅から徒歩で約４分,無し,西鉄平尾,https://img.travel.rakuten.co.jp/share/HOTEL/190906/190906.jpg,https://img.travel.rakuten.co.jp/HIMG/90/190906.jpg,,,https://img.travel.rakuten.co.jp/share/HOTEL/190906/190906map.gif,,,,r17864_6,ヴィレッタ平和101,6108470.0,グループ旅行に最適!最大6名収容の広々空間。ヴィレッタ平和101,1,0,0,0,0,2,https://img.travel.rakuten.co.jp/image/tr/api/re/IdsCY/?f_no=190906&f_syu=r17864_6&f_hi1=2026-04-15&f_hi2=2026-04-16&f_heya_su=1&f_otona_su=1&f_s1=0&f_s2=0&f_y1=0&f_y2=0&f_y3=0&f_y4=0&f_camp_id=6108470,0,2026-04-15,24360,24360,0
190975,ヴィレッタ平和１０３号室／民泊,https://img.travel.rakuten.co.jp/image/tr/api/re/pvonD/?f_no=190975,https://img.travel.rakuten.co.jp/image/tr/api/re/vFumt/?f_no=190975&f_flg=PLAN,,https://img.travel.rakuten.co.jp/image/tr/api/re/gJNfM/?f_hotel_no=190975,,福岡市中央区平和にある当施設は、元４ＤＫの間取りの扉を無くしオープンスペースにしたことで、広【民泊】,4640,120829.22,469436.91,810-0016,福岡県,福岡市中央区平和3-8-16　ヴィレッタ平和103号室,080-1794-8140,000-000-0000,西鉄平尾駅から徒歩で約４分,無し,西鉄平尾,https://img.travel.rakuten.co.jp/share/HOTEL/190975/190975.jpg,https://img.travel.rakuten.co.jp/HIMG/90/190975.jpg,,,https://img.travel.rakuten.co.jp/share/HOTEL/190975/190975map.gif,,,,r17963_6,ヴィレッタ平和103号室,6109000.0,最大6名宿泊可!長期滞在でも快適な広々空間。ヴィレッタ平和103,1,0,0,0,0,2,https://img.travel.rakuten.co.jp/image/tr/api/re/IdsCY/?f_no=190975&f_syu=r17963_6&f_hi1=2026-04-15&f_hi2=2026-04-16&f_heya_su=1&f_otona_su=1&f_s1=0&f_s2=0&f_y1=0&f_y2=0&f_y3=0&f_y4=0&f_camp_id=6109000,0,2026-04-15,24360,24360,0
185343,グランピングハウス　ＣＨＩＬＬ　ＯＵＴ／海水浴・ＢＢＱ・ＳＵＰレンタル有【要事前予約】／民泊,https://img.travel.rakuten.co.jp/image/tr/api/re/pvonD/?f_no=185343,https://img.travel.rakuten.co.jp/image/tr/api/re/vFumt/?f_no=185343&f_flg=PLAN,,https://img.travel.rakuten.co.jp/image/tr/api/re/gJNfM/?f_hotel_no=185343,,糸島半島にあるハウス型グランピング★【民泊】,7540,121091.91,468828.96,819-0201,福岡県,福岡市西区宮浦2129-16,080-3967-7857,000-000-0000,九大学研都市駅から車で約１７分,有り,今宿,https://img.travel.rakuten.co.jp/share/HOTEL/185343/185343.jpg,https://img.travel.rakuten.co.jp/HIMG/90/185343.jpg,,,https://img.travel.rakuten.co.jp/share/HOTEL/185343/185343map.gif,3.0,,,r4898_8,チルアウト,5602364.0,グランピングハウス CHILL OUT/BBQ・ビーチ・レンタサイクル・SUPレンタル有,1,0,0,0,0,2,https://img.travel.rakuten.co.jp/image/tr/api/re/IdsCY/?f_no=185343&f_syu=r4898_8&f_hi1=2026-04-15&f_hi2=2026-04-16&f_heya_su=1&f_otona_su=1&f_s1=0&f_s2=0&f_y1=0&f_y2=0&f_y3=0&f_y4=0&f_camp_id=5602364,0,2026-04-15,32480,32480,0
197412,ＢＡＮＤ　ＨＯＴＥＬ　ＨＡＫＡＴＡ,https://img.travel.rakuten.co.jp/image/tr/api/re/pvonD/?f_no=197412,https://img.travel.rakuten.co.jp/image/tr/api/re/vFumt/?f_no=197412&f_flg=PLAN,https://img.travel.rakuten.co.jp/image/tr/api/re/WzozX/?noTomariHotel=197412,https://img.travel.rakuten.co.jp/image/tr/api/re/gJNfM/?f_hotel_no=197412,ばんど　ほてる　はかた,「つながる旅、響き合う心。BAND HOTEL。」,6000,120905.82,469479.9,810-0003,福岡県,福岡市中央区春吉2-4-14,092-401-0612,092-401-0613,中洲川端・櫛田神社前・天神南・博多駅より徒歩10～18分,なし,中洲川端,https://img.travel.rakuten.co.jp/share/HOTEL/197412/197412.jpg,https://img.travel.rakuten.co.jp/HIMG/90/197412.jpg,,,https://img.travel.rakuten.co.jp/share/HOTEL/197412/197412map.gif,1.0,,,bsctplcv,ベーシックトリプル　シティビュー,6302483.0,シンプルステイ（3泊につき1回の簡易清掃あり),1,0,0,0,0,1,https://img.travel.rakuten.co.jp/image/tr/api/re/IdsCY/?f_no=197412&f_syu=bsctplcv&f_hi1=2026-04-15&f_hi2=2026-04-16&f_heya_su=1&f_otona_su=1&f_s1=0&f_s2=0&f_y1=0&f_y2=0&f_y3=0&f_y4=0&f_camp_id=6302483,0,2026-04-15,33000,33000,0
194729,四季の庵／民泊,https://img.travel.rakuten.co.jp/image/tr/api/re/pvonD/?f_no=194729,https://img.travel.rakuten.co.jp/image/tr/api/re/vFumt/?f_no=194729&f_flg=PLAN,,https://img.travel.rakuten.co.jp/image/tr/api/re/gJNfM/?f_hotel_no=194729,,日本に数人しかいない職人が手掛けた古民家風木造の施設になります。【民泊】,9976,120616.85,468813.44,819-1145,福岡県,糸島市雷山1021　四季の庵,070-4732-0719,000-000-0000,美咲が丘駅から車で約１３分,有り,美咲が丘,https://img.travel.rakuten.co.jp/share/HOTEL/194729/194729.jpg,https://img.travel.rakuten.co.jp/HIMG/90/194729.jpg,,,https://img.travel.rakuten.co.jp/share/HOTEL/194729/194729map.gif,,,,r19533_15,四季の庵 糸島,6274260.0,大自然のパノラマ露天風呂!!駐車場5台以上、サウナ、専用BBQ施設ペット可,1,0,0,0,0,2,https://img.travel.rakuten.co.jp/image/tr/api/re/IdsCY/?f_no=194729&f_syu=r19533_15&f_hi1=2026-04-15&f_hi2=2026-04-16&f_heya_su=1&f_otona_su=1&f_s1=0&f_s2=0&f_y1=0&f_y2=0&f_y3=0&f_y4=0&f_camp_id=6274260,0,2026-04-15,38860,38860,0
182556,ＫＵＢＩＫＡＩ（空火海）,https://img.travel.rakuten.co.jp/image/tr/api/re/pvonD/?f_no=182556,https://img.travel.rakuten.co.jp/image/tr/api/re/vFumt/?f_no=182556&f_flg=PLAN,,https://img.travel.rakuten.co.jp/image/tr/api/re/gJNfM/?f_hotel_no=182556,くうびかい,海と空に抱かれる、あなただけの“糸島リゾート” ,10200,120601.99,468298.96,819-1643,福岡県,　ゼロ館：糸島市福吉2丁目13番8号　タラソ館：糸島市福吉2丁目13番5号,092-402-9281,092-402-8077,福岡都市高速・今宿道路経由で福岡空港から約40分　ＪＲ唐津線　福吉駅徒歩約5分,有　★ゼロ館： 4台　★タラソ館：2台,福吉,https://img.travel.rakuten.co.jp/share/HOTEL/182556/182556.jpg,https://img.travel.rakuten.co.jp/HIMG/90/182556.jpg,,,https://img.travel.rakuten.co.jp/share/HOTEL/182556/182556map.gif,,,,thalasso,KUBIKAI THALASSO（空火海 タラソ館）,6361373.0,【素泊】海を見ながらととのう贅沢！好きな食材を持ち込めるセルフクッキングステイ（タラソ）,1,0,0,0,0,2,https://img.travel.rakuten.co.jp/image/tr/api/re/IdsCY/?f_no=182556&f_syu=thalasso&f_hi1=2026-04-15&f_hi2=2026-04-16&f_heya_su=1&f_otona_su=1&f_s1=0&f_s2=0&f_y1=0&f_y2=0&f_y3=0&f_y4=0&f_camp_id=6361373,0,2026-04-15,40000,40000,0
194304,二丈　民宿パレット／民泊,https://img.travel.rakuten.co.jp/image/tr/api/re/pvonD/?f_no=194304,https://img.travel.rakuten.co.jp/image/tr/api/re/vFumt/?f_no=194304&f_flg=PLAN,,https://img.travel.rakuten.co.jp/image/tr/api/re/gJNfM/?f_hotel_no=194304,,　,11310,120576.88,468258.63,819-1641,福岡県,糸島市二丈吉井3311-1,090-4473-9060,000-000-0000,福吉駅から徒歩で約４分,有り,福吉,https://img.travel.rakuten.co.jp/share/HOTEL/194304/194304.jpg,https://img.travel.rakuten.co.jp/HIMG/90/194304.jpg,,,https://img.travel.rakuten.co.jp/share/HOTEL/194304/194304map.gif,,,,r19051_4,民宿パレット,6224239.0,一戸建て,1,0,0,0,0,2,https://img.travel.rakuten.co.jp/image/tr/api/re/IdsCY/?f_no=194304&f_syu=r19051_4&f_hi1=2026-04-15&f_hi2=2026-04-16&f_heya_su=1&f_otona_su=1&f_s1=0&f_s2=0&f_y1=0&f_y2=0&f_y3=0&f_y4=0&f_camp_id=6224239,0,2026-04-15,45240,45240,0
189313,Ｆｌｏｗｅｒ　Ｂａｓｅ　リリーハウス　＾,https://img.travel.rakuten.co.jp/image/tr/api/re/pvonD/?f_no=189313,https://img.travel.rakuten.co.jp/image/tr/api/re/vFumt/?f_no=189313&f_flg=PLAN,,https://img.travel.rakuten.co.jp/image/tr/api/re/gJNfM/?f_hotel_no=189313,,　,4956,120929.83,469337.02,810-0063,福岡県,福岡市中央区唐人町2-9-22　リリーハウス1階　Ｆｌｏｗｅｒ　Ｂａｓｅ　リリーハウス,080-3958-6088,000-000-0000,唐人町駅から徒歩で約３分,無し,唐人町,https://img.travel.rakuten.co.jp/share/HOTEL/189313/189313.jpg,https://img.travel.rakuten.co.jp/HIMG/90/189313.jpg,,,https://img.travel.rakuten.co.jp/share/HOTEL/189313/189313map.gif,1.0,,,655464_9,スタンダードルーム,5833395.0,Flower Base Lily Sweet 福岡ドームが目の前!,1,0,0,0,0,2,https://img.travel.rakuten.co.jp/image/tr/api/re/IdsCY/?f_no=189313&f_syu=655464_9&f_hi1=2026-04-15&f_hi2=2026-04-16&f_heya_su=1&f_otona_su=1&f_s1=0&f_s2=0&f_y1=0&f_y2=0&f_y3=0&f_y4=0&f_camp_id=5833395,0,2026-04-15,46168,46168,0
194225,Ｆｌｏｗｅｒ　Ｂａｓｅ　Ｈｉｍａｗａｒｉ　＾,https://img.travel.rakuten.co.jp/image/tr/api/re/pvonD/?f_no=194225,https://img.travel.rakuten.co.jp/image/tr/api/re/vFumt/?f_no=194225&f_flg=PLAN,,https://img.travel.rakuten.co.jp/image/tr/api/re/gJNfM/?f_hotel_no=194225,,　,9234,120932.94,469442.44,810-0001,福岡県,福岡市中央区天神5-5-19　赤い風船ビル8Ｆ,080-3958-6088,000-000-0000,天神駅から徒歩で約５分,無し,天神,https://img.travel.rakuten.co.jp/share/HOTEL/194225/194225.jpg,https://img.travel.rakuten.co.jp/HIMG/90/194225.jpg,,,https://img.travel.rakuten.co.jp/share/HOTEL/194225/194225map.gif,,,,1266796_8,スタンダードルーム,6307405.0,【OPEN SALE】 Flower Base Himawari  4B 天神,1,0,0,0,0,2,https://img.travel.rakuten.co.jp/image/tr/api/re/IdsCY/?f_no=194225&f_syu=1266796_8&f_hi1=2026-04-15&f_hi2=2026-04-16&f_heya_su=1&f_otona_su=1&f_s1=0&f_s2=0&f_y1=0&f_y2=0&f_y3=0&f_y4=0&f_camp_id=6307405,0,2026-04-15,46400,46400,0
191967,ＣＯＤＥ　ＲＯＯＭＳ　ＩＴＯＳＨＩＭＡ,https://img.travel.rakuten.co.jp/image/tr/api/re/pvonD/?f_no=191967,https://img.travel.rakuten.co.jp/image/tr/api/re/vFumt/?f_no=191967&f_flg=PLAN,,https://img.travel.rakuten.co.jp/image/tr/api/re/gJNfM/?f_hotel_no=191967,こーどるーむいとしま,オーシャンフロント×ビーチ直結｜1日1組限定・貸切サウナ付きヴィラ,15600,120536.0,468178.33,819-1642,福岡県,糸島市二丈鹿家1790-1,092-558-2879,092-558-2749,福岡市内から車・電車で約50分、JR筑肥線「鹿家駅」から徒歩2分,屋外3台駐車可能　無料 予約不要 ,鹿家,https://img.travel.rakuten.co.jp/share/HOTEL/191967/191967.jpg,https://img.travel.rakuten.co.jp/HIMG/90/191967.jpg,,,https://img.travel.rakuten.co.jp/share/HOTEL/191967/191967map.gif,,,,001,プライベートサウナと絶景オーシャンビュー非日常を楽しめる空間,5959645.0,【スタンダード】プライベートサウナでととのう、貸切ヴィラステイ(食事なし),1,0,0,0,0,2,https://img.travel.rakuten.co.jp/image/tr/api/re/IdsCY/?f_no=191967&f_syu=001&f_hi1=2026-04-15&f_hi2=2026-04-16&f_heya_su=1&f_otona_su=1&f_s1=0&f_s2=0&f_y1=0&f_y2=0&f_y3=0&f_y4=0&f_camp_id=5959645,0,2026-04-15,51800,51800,0
195671,閑静な住宅街にある白い洋風アパート／民泊,https://img.travel.rakuten.co.jp/image/tr/api/re/pvonD/?f_no=195671,https://img.travel.rakuten.co.jp/image/tr/api/re/vFumt/?f_no=195671&f_flg=PLAN,,https://img.travel.rakuten.co.jp/image/tr/api/re/gJNfM/?f_hotel_no=195671,, ,386667,120898.25,469256.73,814-0006,福岡県,福岡市早良区百道3-7-17 102　新日本パレス百道I,080-8905-6750,00-0000-0000,藤崎駅より徒歩で3分,なし,藤崎（福岡）,https://img.travel.rakuten.co.jp/share/HOTEL/195671/195671.jpg,https://img.travel.rakuten.co.jp/HIMG/90/195671.jpg,,,https://img.travel.rakuten.co.jp/share/HOTEL/195671/195671map.gif,,,,r20354_3,新日本パレス百道I-102,6395548.0,百道102,1,0,0,0,0,2,https://img.travel.rakuten.co.jp/image/tr/api/re/IdsCY/?f_no=195671&f_syu=r20354_3&f_hi1=2026-04-15&f_hi2=2026-04-16&f_heya_su=1&f_otona_su=1&f_s1=0&f_s2=0&f_y1=0&f_y2=0&f_y3=0&f_y4=0&f_camp_id=6395548,0,2026-04-15,1160000,1160000,0
